pop	chromosome	window_pos_1	window_pos_2	avg_pi	no_sites	count_diffs	count_comparisons	count_missing
GLOBAL	I	1	10000	0.0003171657171861	3767	196860	620684990	3245290135
GLOBAL	I	10001	20000	0.00068086925344286	3717	549288	806745197	2969819728
GLOBAL	I	20001	30000	0.0018200581630704	3151	374680	205861553	2995633222
GLOBAL	I	30001	40000	0.014081150445734	2520	1807188	128340934	2434074116
GLOBAL	I	40001	50000	0.0034106196375091	1908	1275176	373883967	1564691733
GLOBAL	I	50001	60000	0.0020306588371181	6340	11324172	5576599965	864998535
GLOBAL	I	60001	70000	0.0019601373512762	8327	16357264	8344958066	115482109
GLOBAL	I	70001	80000	0.0023619162157931	8992	21445600	9079746291	56350509
GLOBAL	I	80001	90000	0.0028742779433389	7521	20908868	7274476725	367047300
GLOBAL	I	90001	100000	0.0022645239907165	7968	17924284	7915254629	180432571
GLOBAL	I	100001	110000	0.0033237073545599	8156	27129420	8162397319	124302581
GLOBAL	I	110001	120000	0.0023909157293792	7993	19058500	7971213609	149874216
GLOBAL	I	120001	130000	0.0030243416095808	8078	24478320	8093768218	113681732
GLOBAL	I	130001	140000	0.0016626900596712	8983	15100692	9082084729	44867846
GLOBAL	I	140001	150000	0.0016895544839174	9075	15507156	9178251514	42175361
GLOBAL	I	150001	160000	0.0028320289059801	7737	21687068	7657784832	203200593
GLOBAL	I	160001	170000	0.0032918668612947	6706	21820040	6628469777	184993873
GLOBAL	I	170001	180000	0.0029046043147977	6911	19794912	6815011566	206737209
GLOBAL	I	180001	190000	0.0033291310492664	6795	22085596	6634042239	269847636
GLOBAL	I	190001	200000	0.0040531193029046	5667	21079300	5200759816	557053859
GLOBAL	I	200001	210000	0.0031093028949298	6752	20829488	6699086163	161114637
GLOBAL	I	210001	220000	0.003544789319066	6316	22083952	6229975892	187238008
GLOBAL	I	220001	230000	0.0034144168416493	6537	21925852	6421551034	220204391
GLOBAL	I	230001	240000	0.0033991307306974	6236	18277064	5376981778	959966147
GLOBAL	I	240001	250000	0.0035100941257954	7536	26437700	7531906283	124858117
GLOBAL	I	250001	260000	0.0039205697270303	7529	29287172	7470131649	179520576
GLOBAL	I	260001	270000	0.0035007866695141	4424	11989008	3424661121	1073281554
GLOBAL	I	270001	280000	0.0031209097782883	7627	23746268	7608764651	140458024
GLOBAL	I	280001	290000	0.0021585202271534	8041	17387344	8055214763	114642262
GLOBAL	I	290001	300000	0.0027524910416196	7585	20441676	7426609457	279940168
GLOBAL	I	300001	310000	0.0021145151319413	8550	18145060	8581191842	105821908
GLOBAL	I	310001	320000	0.0013053581184957	8313	10908304	8356560430	89655395
GLOBAL	I	320001	330000	0.0016171496620603	7328	11865440	7337255344	108175856
GLOBAL	I	330001	340000	0.0020696551554496	7901	16434352	7940623324	86990201
GLOBAL	I	340001	350000	0.0020973447842229	7443	14167248	6754849325	807424750
GLOBAL	I	350001	360000	0.0032278556047688	7054	22627132	7009957932	157082418
GLOBAL	I	360001	370000	0.0029175137411651	6725	19346620	6631200987	201567138
GLOBAL	I	370001	380000	0.0027817478672363	7116	19793144	7115362335	114671565
GLOBAL	I	380001	390000	0.0040009097085573	6388	25413652	6351968390	138399310
GLOBAL	I	390001	400000	0.0031522651477457	7190	22695608	7199777600	105442150
GLOBAL	I	400001	410000	0.0034513299027286	7843	27119592	7857722317	110961758
GLOBAL	I	410001	420000	0.0038579627645294	7684	29679336	7693007375	114128725
GLOBAL	I	420001	430000	0.004229744107285	6609	26510604	6267661430	447247795
GLOBAL	I	430001	440000	0.0038978535545055	7148	26927440	6908273906	354272794
GLOBAL	I	440001	450000	0.0041146255193385	6465	25749228	6257976061	310625564
GLOBAL	I	450001	460000	0.0051230472136757	4424	20342376	3970757081	524137519
GLOBAL	I	460001	470000	0.0045745346691511	6345	28576636	6246894617	199784008
GLOBAL	I	470001	480000	0.0038755454238355	6830	26079556	6729260826	210189924
GLOBAL	I	480001	490000	0.0042556961066923	6150	25157564	5911503869	337049881
GLOBAL	I	490001	500000	0.0036393029076472	5971	21100088	5797837810	268847465
GLOBAL	I	500001	510000	0.0041406448509063	6796	27988572	6759471775	145434125
GLOBAL	I	510001	520000	0.0030265119263727	6191	18351888	6063709130	226501645
GLOBAL	I	520001	530000	0.0035731644812919	7008	24818764	6945877843	174425357
GLOBAL	I	530001	540000	0.0034395890232793	8015	27581052	8018705669	124734706
GLOBAL	I	540001	550000	0.0047026530705698	6617	30887516	6568104331	154933094
GLOBAL	I	550001	560000	0.003680124971455	5714	19616604	5330417894	475148956
GLOBAL	I	560001	570000	0.0031103885621573	7233	22249632	7153328774	195580051
GLOBAL	I	570001	580000	0.004041742761302	6714	26488164	6553649147	267942703
GLOBAL	I	580001	590000	0.0095679682948013	2230	7356024	768817765	1578199985
GLOBAL	I	590001	600000	0.0064368764927034	5231	30440256	4729041490	641666660
GLOBAL	I	600001	610000	0.0042540503421612	7398	30878952	7258718049	257834901
GLOBAL	I	610001	620000	0.0047646580931891	5039	16526116	3468478887	1651271088
GLOBAL	I	620001	630000	0.0093207278389232	1230	2520712	270441541	982317284
GLOBAL	I	630001	640000	0.00085358566063488	405	7032	8238189	415444236
GLOBAL	I	640001	650000	0.0076674248602588	2481	4027040	525214146	2046345129
GLOBAL	I	650001	660000	0.0033871286788575	5398	14679904	4334026071	1150476879
GLOBAL	I	660001	670000	0.0030597138895173	6316	18698032	6111039357	306174543
GLOBAL	I	670001	680000	0.0054468272068786	6875	37175944	6825247541	159924334
GLOBAL	I	680001	690000	0.0060677732035796	6329	37198704	6130536319	299885906
GLOBAL	I	690001	700000	0.0060025377129673	5970	33514492	5583387161	482282089
GLOBAL	I	700001	710000	0.004536202447512	5997	26615928	5867447123	225654802
GLOBAL	I	710001	720000	0.0062460395564481	5065	27533788	4408199428	737967197
GLOBAL	I	720001	730000	0.0061257704701694	4998	29402852	4799861853	278231097
GLOBAL	I	730001	740000	0.0058120034987571	6040	34050672	5858680575	278110425
GLOBAL	I	740001	750000	0.0058032131660445	5479	31185988	5373917364	192883611
GLOBAL	I	750001	760000	0.007446706217621	4964	32615736	4379887570	663660530
GLOBAL	I	760001	770000	0.0060326064625014	4218	23517784	3898444917	387148533
GLOBAL	I	770001	780000	0.0066654771610432	6313	40653260	6099077233	315088592
GLOBAL	I	780001	790000	0.0064959320982469	6594	41802244	6435141773	264527077
GLOBAL	I	790001	800000	0.0063677102842415	5266	31158224	4893159803	457227847
GLOBAL	I	800001	810000	0.0084630652088408	5949	48300304	5707187976	337144749
GLOBAL	I	810001	820000	0.0059849854419572	7247	42395684	7083673705	279459470
GLOBAL	I	820001	830000	0.0058145550166722	4646	20260628	3484467503	1255289122
GLOBAL	I	830001	840000	0.0075208356955558	6876	50812664	6756252371	229935529
GLOBAL	I	840001	850000	0.0065526909877832	6237	40032276	6109287936	227659989
GLOBAL	I	850001	860000	0.005215391775599	6995	19544964	3747554324	3359540551
GLOBAL	I	860001	870000	0.0088259042880465	6443	44426528	5033651686	1512597389
GLOBAL	I	870001	880000	0.0054242153632986	5883	29684872	5472657336	504617739
GLOBAL	I	880001	890000	0.0085211400513557	4675	24623768	2889726944	1860189931
GLOBAL	I	890001	900000	0.0083371797242928	5094	35569164	4266330483	909300867
GLOBAL	I	900001	910000	0.0056092724063255	5665	31241620	5569638580	186143045
GLOBAL	I	910001	920000	0.0063234208503887	4843	29120116	4605120660	315488415
GLOBAL	I	920001	930000	0.0072069952102937	5699	37413952	5191338541	598987934
GLOBAL	I	930001	940000	0.0052028366214466	6119	31132324	5983721240	233335735
GLOBAL	I	940001	950000	0.0077338622294022	4515	32271456	4172747722	415621178
GLOBAL	I	950001	960000	0.0088003241270081	4477	29711980	3376237008	1176571017
GLOBAL	I	960001	970000	0.008003212394528	5531	34828792	4351851517	1267782758
GLOBAL	I	970001	980000	0.0089414734205243	5470	48397776	5412729393	144927357
GLOBAL	I	980001	990000	0.0083679859233232	6540	48337992	5776538398	868265102
GLOBAL	I	990001	1000000	0.0060736396673794	4833	23486872	3867017684	1043431141
GLOBAL	I	1000001	1010000	0.0059122857841107	6098	35312856	5972792468	222927982
GLOBAL	I	1010001	1020000	0.0033139631083463	6289	20553480	6202084733	187696492
GLOBAL	I	1020001	1030000	0.0074365921617273	4709	31072600	4178338589	606123136
GLOBAL	I	1030001	1040000	0.0060998873584647	6453	38453612	6303987228	252422097
GLOBAL	I	1040001	1050000	0.0074201168040909	6929	50237516	6770448138	269589087
GLOBAL	I	1050001	1060000	0.0070847154726048	4180	27350756	3860529912	386454588
GLOBAL	I	1060001	1070000	0.0057418980360491	6564	36429072	6344430321	324757779
GLOBAL	I	1070001	1080000	0.002902403540682	6529	18951388	6529549642	104077583
GLOBAL	I	1080001	1090000	0.0052999011705023	6212	32639792	6158566160	152981140
GLOBAL	I	1090001	1100000	0.0050882474499384	6503	22265572	4375882309	2231328266
GLOBAL	I	1100001	1110000	0.0038839328715006	5215	17423776	4486116670	812453705
GLOBAL	I	1110001	1120000	0.0039978214649905	6373	24769344	6195710393	279416932
GLOBAL	I	1120001	1130000	0.0047530010224182	5758	26167144	5505394145	344877805
GLOBAL	I	1130001	1140000	0.0063288297839879	5722	35313144	5579727249	233967801
GLOBAL	I	1140001	1150000	0.0045763691168186	5974	26934256	5885507771	184225579
GLOBAL	I	1150001	1160000	0.0044490985134069	5098	21760632	4891020492	298835208
GLOBAL	I	1160001	1170000	0.0050932065103225	6361	31775568	6238813984	224121041
GLOBAL	I	1170001	1180000	0.0023987930919008	5337	12134936	5058767278	363758147
GLOBAL	I	1180001	1190000	0.0025689299572137	5513	13628460	5305111555	296234270
GLOBAL	I	1190001	1200000	0.0037646536728925	6111	22817896	6061087681	147841094
GLOBAL	I	1200001	1210000	0.0035686668037961	5063	17659580	4948509057	195625518
GLOBAL	I	1210001	1220000	0.0047216933722615	6406	29663256	6282334252	226321898
GLOBAL	I	1220001	1230000	0.0029384960272979	5806	16171972	5503486086	395555064
GLOBAL	I	1230001	1240000	0.0026691906335192	6276	15268064	5720109987	656462913
GLOBAL	I	1240001	1250000	0.0025640021963279	5789	14038548	5475248040	406520685
GLOBAL	I	1250001	1260000	0.0045974238135814	5363	23519436	5115785917	333156158
GLOBAL	I	1260001	1270000	0.0059592257342051	2678	11837340	1986388925	774151000
GLOBAL	I	1270001	1280000	0.0091148154800429	4954	40554508	4449295555	584092295
GLOBAL	I	1280001	1290000	0.0087998103418914	5390	44308800	5035199428	441175322
GLOBAL	I	1290001	1300000	0.0081283248956615	7354	57997632	7135250220	336597630
GLOBAL	I	1300001	1310000	0.0065131359014449	3099	10646692	1634649140	1574973835
GLOBAL	I	1310001	1320000	0.0039846479315745	5041	18499092	4642591345	511703480
GLOBAL	I	1320001	1330000	0.0055017170440403	5627	26491232	4815084416	902088259
GLOBAL	I	1330001	1340000	0.0030519410368789	5403	14221892	4659949792	829633283
GLOBAL	I	1340001	1350000	0.0045899774971604	5982	26228756	5714353941	363507609
GLOBAL	I	1350001	1360000	0.002330030256981	6283	14483648	6216077219	167607856
GLOBAL	I	1360001	1370000	0.003162851770639	5772	18062084	5710695698	153800602
GLOBAL	I	1370001	1380000	0.0050426317077243	6255	31282044	6203515508	151720867
GLOBAL	I	1380001	1390000	0.0041921314460745	5348	21635680	5161021375	272680325
GLOBAL	I	1390001	1400000	0.005852950832069	5885	34244852	5850869584	128437541
GLOBAL	I	1400001	1410000	0.0080763075305696	6285	46757840	5789507126	596209999
GLOBAL	I	1410001	1420000	0.0051036798026191	6704	33272396	6519295349	292136251
GLOBAL	I	1420001	1430000	0.0031525526358701	6586	20504576	6504118525	187422125
GLOBAL	I	1430001	1440000	0.0045671174912633	7343	33330276	7297880132	162791443
GLOBAL	I	1440001	1450000	0.0053507814119921	7348	39182656	7322791380	142960320
GLOBAL	I	1450001	1460000	0.003453147943588	7660	26363816	7634719517	148031983
GLOBAL	I	1460001	1470000	0.004213988574325	7345	30777200	7303579366	159124259
GLOBAL	I	1470001	1480000	0.0068739693431021	5797	38915204	5661242007	228654918
GLOBAL	I	1480001	1490000	0.0076874191182148	4992	37187188	4837408684	240684266
GLOBAL	I	1490001	1500000	0.007190649526054	6901	48336868	6722183834	289404691
GLOBAL	I	1500001	1510000	0.0039225585909408	5893	17903112	4564141385	1423293940
GLOBAL	I	1510001	1520000	0.0055165478794285	7016	37888924	6868230790	260200610
GLOBAL	I	1520001	1530000	0.0043686120611016	3397	1850228	423527650	3027909275
GLOBAL	I	1530001	1540000	0.0028908596807202	5503	12669624	4382649246	1208536329
GLOBAL	I	1540001	1550000	0.0043716657674395	5643	23878044	5462001276	271427799
GLOBAL	I	1550001	1560000	0.0054831277639696	6803	36571376	6669801904	242216171
GLOBAL	I	1560001	1570000	0.005255484709577	7750	40681860	7740838809	133354941
GLOBAL	I	1570001	1580000	0.0050651949451573	7199	36239908	7154691654	159672321
GLOBAL	I	1580001	1590000	0.0067454376798136	6195	36954424	5478432350	815842525
GLOBAL	I	1590001	1600000	0.0057722875796476	6901	39260472	6801544701	210043824
GLOBAL	I	1600001	1610000	0.0067858703560718	6076	38805988	5718645651	454722249
GLOBAL	I	1610001	1620000	0.0049390336513367	7711	36507608	7391649982	442918793
GLOBAL	I	1620001	1630000	0.005362010814545	3623	16725272	3119216387	563874238
GLOBAL	I	1630001	1640000	0.0037946420655974	3291	10442928	2752019247	591719028
GLOBAL	I	1640001	1650000	0.0057463539112632	5991	32843700	5715572084	371433691
GLOBAL	I	1650001	1660000	0.0042417402746807	6979	29542348	6964676309	126162166
GLOBAL	I	1660001	1670000	0.0045876335304934	7838	35121580	7655707407	307896543
GLOBAL	I	1670001	1680000	0.0044705095735097	7190	32059060	7171231707	133988043
GLOBAL	I	1680001	1690000	0.0037033237130158	8180	30354932	8196672598	114411902
GLOBAL	I	1690001	1700000	0.0038910317549576	6689	25744140	6616275996	179915229
GLOBAL	I	1700001	1710000	0.0026144405080736	7403	19317248	7388673768	132959307
GLOBAL	I	1710001	1720000	0.0047761236202041	5919	27929860	5847809274	166042701
GLOBAL	I	1720001	1730000	0.0042513979907547	7488	31738348	7465390930	142604270
GLOBAL	I	1730001	1740000	0.0043999989168998	5962	23568488	5356475864	701065186
GLOBAL	I	1740001	1750000	0.0053826770424066	7113	34629252	6433462704	797587221
GLOBAL	I	1750001	1760000	0.0040201812917439	6877	25987728	6464317431	522886494
GLOBAL	I	1760001	1770000	0.0055925949235867	6948	38475412	6879706563	179635137
GLOBAL	I	1770001	1780000	0.0034504133861889	6712	23281148	6747350359	72209441
GLOBAL	I	1780001	1790000	0.0038097744098941	7527	28809572	7562015201	85604974
GLOBAL	I	1790001	1800000	0.0033755892268712	6779	22232272	6586189997	301443478
GLOBAL	I	1800001	1810000	0.0024119201892338	6833	16157608	6699064120	243434705
GLOBAL	I	1810001	1820000	0.0031422093109754	6817	21235776	6758230881	168011544
GLOBAL	I	1820001	1830000	0.0031303154679424	6413	19865372	6346124601	169643724
GLOBAL	I	1830001	1840000	0.0029291833604953	7261	21151816	7221062459	156295066
GLOBAL	I	1840001	1850000	0.003026139434851	6968	20669068	6830177011	249485189
GLOBAL	I	1850001	1860000	0.0037418901844846	6805	25137124	6717761014	196289111
GLOBAL	I	1860001	1870000	0.0044299885055654	6129	26681212	6022862580	204354645
GLOBAL	I	1870001	1880000	0.0029752611884309	6492	18770880	6308985602	287048698
GLOBAL	I	1880001	1890000	0.0075329087332995	6186	43182264	5732482037	552648613
GLOBAL	I	1890001	1900000	0.0089242018028936	7000	62350948	6986725466	125449534
GLOBAL	I	1900001	1910000	0.0060145735059641	6257	33636324	5592470350	764798075
GLOBAL	I	1910001	1920000	0.001758538361106	6299	10818084	6151747519	248193956
GLOBAL	I	1920001	1930000	0.0027131136790807	6625	17908656	6600776126	130389499
GLOBAL	I	1930001	1940000	0.005464298898602	5804	28776640	5266300496	630708604
GLOBAL	I	1940001	1950000	0.0073705223614134	7088	51174672	6943154025	258431175
GLOBAL	I	1950001	1960000	0.0047673790044448	7455	35287264	7401816379	172649996
GLOBAL	I	1960001	1970000	0.0052815757201103	6672	35180584	6661001539	117917261
GLOBAL	I	1970001	1980000	0.006199043425744	7749	48203956	7776031347	97146378
GLOBAL	I	1980001	1990000	0.0069388329984136	6840	47063484	6782622382	166988618
GLOBAL	I	1990001	2000000	0.001848602563093	7031	12613924	6823491567	320180208
GLOBAL	I	2000001	2010000	0.002715567438028	6169	16580028	6105548243	162309982
GLOBAL	I	2010001	2020000	0.0036047544653511	7014	24579748	6818702421	307696929
GLOBAL	I	2020001	2030000	0.0048136002541527	7714	37049108	7696756283	140860567
GLOBAL	I	2030001	2040000	0.0042298081914872	4992	19085228	4512078831	559917969
GLOBAL	I	2040001	2050000	0.0053990418853445	5343	24772792	4588368182	840253393
GLOBAL	I	2050001	2060000	0.0037952901997381	6657	23337628	6149102380	614576045
GLOBAL	I	2060001	2070000	0.0043053823373449	7269	30547692	7095233270	290252455
GLOBAL	I	2070001	2080000	0.0068982091910019	7020	48191888	6986144761	146350739
GLOBAL	I	2080001	2090000	0.0032135923207734	7729	24745960	7700404261	152452964
GLOBAL	I	2090001	2100000	0.0052193809445764	7303	38264248	7331185136	88845439
GLOBAL	I	2100001	2110000	0.0032411061961748	7516	24325968	7505452314	130991586
GLOBAL	I	2110001	2120000	0.0069964727404594	5253	33436208	4779009258	569346342
GLOBAL	I	2120001	2130000	0.0084595475432465	6738	54315456	6420610053	425366397
GLOBAL	I	2130001	2140000	0.0039505862119016	8416	33234428	8412530753	138335647
GLOBAL	I	2140001	2150000	0.0043374676418958	7572	32754000	7551410801	141930499
GLOBAL	I	2150001	2160000	0.0045052976223648	5421	23642632	5247740323	260131202
GLOBAL	I	2160001	2170000	0.0052213617721645	6617	34221904	6554210471	168826954
GLOBAL	I	2170001	2180000	0.0046096375774186	6839	30712596	6662692128	285902847
GLOBAL	I	2180001	2190000	0.0022058532816084	6290	13767428	6241316281	149480969
GLOBAL	I	2190001	2200000	0.0032632405008433	5898	15406596	4721256676	1284467099
GLOBAL	I	2200001	2210000	0.0033279743147052	6557	21387552	6426597677	235478248
GLOBAL	I	2210001	2220000	0.0040453610046409	6679	26459328	6540659281	245371694
GLOBAL	I	2220001	2230000	0.0042621539710162	6377	26936628	6319956572	159234853
GLOBAL	I	2230001	2240000	0.0030084094892349	7653	22937800	7624560447	151078878
GLOBAL	I	2240001	2250000	0.0031063790460252	7185	20772024	6686892904	613246721
GLOBAL	I	2250001	2260000	0.0026406984014847	8057	21305960	8068304956	117808469
GLOBAL	I	2260001	2270000	0.004311883541948	6343	24152156	5601300630	843345945
GLOBAL	I	2270001	2280000	0.0044961646028934	6626	29722396	6610611182	121570468
GLOBAL	I	2280001	2290000	0.0061533799234559	6754	41038052	6669188724	193044126
GLOBAL	I	2290001	2300000	0.0043039126647691	7056	29645852	6888116537	280955863
GLOBAL	I	2300001	2310000	0.0045176896052255	7952	36089708	7988532005	90898795
GLOBAL	I	2310001	2320000	0.0062821763876699	6924	42796124	6812308563	222648537
GLOBAL	I	2320001	2330000	0.0044883845900363	6404	28632072	6379148539	127475561
GLOBAL	I	2330001	2340000	0.0028982898400867	6722	19382488	6687560275	142159775
GLOBAL	I	2340001	2350000	0.0028867552707203	7012	19893088	6891158458	233208842
GLOBAL	I	2350001	2360000	0.002663670513378	6211	16187752	6077235123	233296152
GLOBAL	I	2360001	2370000	0.0049224200574595	6063	28847748	5860480752	299678823
GLOBAL	I	2370001	2380000	0.0042484401408096	6978	29408764	6922249820	167572630
GLOBAL	I	2380001	2390000	0.0033124093225505	7148	23520980	7100867589	161679111
GLOBAL	I	2390001	2400000	0.0047607809677975	6546	30339320	6372761151	278138499
GLOBAL	I	2400001	2410000	0.0030379424744075	7348	22406344	7375499763	90251937
GLOBAL	I	2410001	2420000	0.0025570085927562	7612	19481520	7618871542	115110758
GLOBAL	I	2420001	2430000	0.0028175078198932	7962	22425524	7959347563	130243487
GLOBAL	I	2430001	2440000	0.0032063252519938	7150	22827664	7119572160	145006590
GLOBAL	I	2440001	2450000	0.0033265506064851	6819	21925024	6590918520	337355955
GLOBAL	I	2450001	2460000	0.003399604176877	6236	19122316	5624865427	711066473
GLOBAL	I	2460001	2470000	0.0042336635973098	7756	32301608	7629705870	250584030
GLOBAL	I	2470001	2480000	0.0070135015061752	7066	48990744	6985204745	194027905
GLOBAL	I	2480001	2490000	0.0049301402232169	6953	34211220	6939198167	125223658
GLOBAL	I	2490001	2500000	0.006490543004786	7400	48032980	7400456320	118128680
GLOBAL	I	2500001	2510000	0.0065138179332575	6889	42488024	6522752775	476643450
GLOBAL	I	2510001	2520000	0.0060115530740715	6989	41651004	6928493101	172505624
GLOBAL	I	2520001	2530000	0.0059700052638134	7154	42144208	7059325099	209317751
GLOBAL	I	2530001	2540000	0.005808315366845	6589	37495432	6455474545	239114180
GLOBAL	I	2540001	2550000	0.0057066119402523	6801	38198664	6693755314	216230711
GLOBAL	I	2550001	2560000	0.0048671911230892	6929	33641128	6911815696	128221529
GLOBAL	I	2560001	2570000	0.0048737276717531	7661	37404768	7674775966	108991559
GLOBAL	I	2570001	2580000	0.0080509063177642	6400	48564072	6032124842	470435158
GLOBAL	I	2580001	2590000	0.006594253120888	5829	34525384	5235677698	686732027
GLOBAL	I	2590001	2600000	0.0053548659065988	8497	45887148	8569243152	63921273
GLOBAL	I	2600001	2610000	0.0053823191650233	8047	43540592	8089559661	86393514
GLOBAL	I	2610001	2620000	0.0041279463095931	7820	32310356	7827222928	118092572
GLOBAL	I	2620001	2630000	0.0040213979247786	7789	31567248	7849819538	63999187
GLOBAL	I	2630001	2640000	0.0034461474223689	8794	30542888	8862908128	72015722
GLOBAL	I	2640001	2650000	0.0039272788143139	7947	31357488	7984533180	89817495
GLOBAL	I	2650001	2660000	0.005441184138033	7745	41687312	7661441139	207672486
GLOBAL	I	2660001	2670000	0.0051219133107643	8261	41830928	8167051151	226331374
GLOBAL	I	2670001	2680000	0.0045638355477643	7782	35652012	7811852909	94853641
GLOBAL	I	2680001	2690000	0.004224015575146	8323	35420740	8385560936	70815139
GLOBAL	I	2690001	2700000	0.0056886902892114	6520	37024208	6508388771	116094229
GLOBAL	I	2700001	2710000	0.0061286211731398	7356	42045068	6860444921	613434979
GLOBAL	I	2710001	2720000	0.0059808968627295	7022	33146236	5542017654	1592509896
GLOBAL	I	2720001	2730000	0.0050710806632296	6211	29880408	5892315659	418215616
GLOBAL	I	2730001	2740000	0.0042639119493568	7505	32210308	7554168187	71099438
GLOBAL	I	2740001	2750000	0.002343293707543	8252	19471352	8309394566	74843734
GLOBAL	I	2750001	2760000	0.0046299520514379	8137	37860400	8177276909	90118516
GLOBAL	I	2760001	2770000	0.0048874364178692	7749	37923704	7759426570	113751155
GLOBAL	I	2770001	2780000	0.0042833254101393	8093	34560196	8068543174	154147151
GLOBAL	I	2780001	2790000	0.0026802872969464	7689	20434916	7624151345	188064880
GLOBAL	I	2790001	2800000	0.0038234217342514	7186	27347592	7152648570	148507080
GLOBAL	I	2800001	2810000	0.0043166978668085	7487	31880140	7385307238	221671937
GLOBAL	I	2810001	2820000	0.0039902911372045	7332	27877292	6986280209	463215091
GLOBAL	I	2820001	2830000	0.003230896832396	8050	26071256	8069355771	109645479
GLOBAL	I	2830001	2840000	0.003633963215155	6650	22157412	6097313233	659253017
GLOBAL	I	2840001	2850000	0.0025172988319599	8439	21280632	8453756753	120478222
GLOBAL	I	2850001	2860000	0.0027303111112747	7299	17858096	6540681729	875284746
GLOBAL	I	2860001	2870000	0.003505659488796	6287	20472064	5839718337	548030838
GLOBAL	I	2870001	2880000	0.00515882039486	7855	40132504	7779395468	201480907
GLOBAL	I	2880001	2890000	0.0055626627537023	7840	43437260	7808717142	156918858
GLOBAL	I	2890001	2900000	0.0039440968603647	7239	28234520	7158678146	196326829
GLOBAL	I	2900001	2910000	0.0042841830210875	8017	34427240	8035893852	109578573
GLOBAL	I	2910001	2920000	0.0032262780586366	7259	22432004	6952904738	422420737
GLOBAL	I	2920001	2930000	0.0028308476719036	8327	23688308	8367920406	92519769
GLOBAL	I	2930001	2940000	0.0014682037635862	8357	12315380	8388059141	102861784
GLOBAL	I	2940001	2950000	0.0021971008419898	8611	18981664	8639414103	109577172
GLOBAL	I	2950001	2960000	0.0028380534884218	8301	23758296	8371334824	62688701
GLOBAL	I	2960001	2970000	0.0027917979972563	6863	18385404	6585506551	387473024
GLOBAL	I	2970001	2980000	0.0037429712469343	8062	29887856	7985061607	206131943
GLOBAL	I	2980001	2990000	0.0034367501134353	8245	28527396	8300689622	76436503
GLOBAL	I	2990001	3000000	0.0038616095607722	6840	25944568	6718589125	231021875
GLOBAL	I	3000001	3010000	0.0028878780502145	7622	16273932	5635255962	2108886588
GLOBAL	I	3010001	3020000	0.0041457032875143	8331	34427156	8304298116	160206159
GLOBAL	I	3020001	3030000	0.0045671110160641	7261	32789036	7179382302	197975223
GLOBAL	I	3030001	3040000	0.0060658480298782	7321	43673920	7199969367	238349658
GLOBAL	I	3040001	3050000	0.0026277057863223	8235	21483884	8175909233	191056642
GLOBAL	I	3050001	3060000	0.003405513864428	7453	22500308	6607022874	965411451
GLOBAL	I	3060001	3070000	0.0039384263868935	7723	30223040	7673887241	172873834
GLOBAL	I	3070001	3080000	0.0025576749797325	8817	22694340	8873035151	85257274
GLOBAL	I	3080001	3090000	0.0037846089453583	7996	30433412	8041362381	82773519
GLOBAL	I	3090001	3100000	0.0036505860106597	7962	28878148	7910551324	179039726
GLOBAL	I	3100001	3110000	0.00405760275285	8118	33024084	8138816442	109274508
GLOBAL	I	3110001	3120000	0.0027448271959172	8076	21964240	8002048374	203369526
GLOBAL	I	3120001	3130000	0.0042558589321361	8460	36039896	8468301364	127270136
GLOBAL	I	3130001	3140000	0.0046432790378739	7377	33587712	7233619114	261597311
GLOBAL	I	3140001	3150000	0.0029832070752416	7383	21991016	7371602254	129710321
GLOBAL	I	3150001	3160000	0.0024446826161917	7526	16580224	6782158097	864446053
GLOBAL	I	3160001	3170000	0.0013779599255066	5260	6093180	4421884764	922406736
GLOBAL	I	3170001	3180000	0.0030388016770087	8189	24863692	8182071304	138157421
GLOBAL	I	3180001	3190000	0.0022180922679459	8095	17775444	8013843363	210879012
GLOBAL	I	3190001	3200000	0.0025704215847592	8275	21145136	8226329924	181276951
GLOBAL	I	3200001	3210000	0.0014605589744332	8869	12835032	8787753336	223372389
GLOBAL	I	3210001	3220000	0.0029930948349254	7820	23007360	7686812904	258502596
GLOBAL	I	3220001	3230000	0.0017118689220772	7700	13122744	7665741127	157651373
GLOBAL	I	3230001	3240000	0.0017487504318665	8309	14636976	8369962765	72188960
GLOBAL	I	3240001	3250000	0.0021412623415437	8769	18913472	8832860707	76662518
GLOBAL	I	3250001	3260000	0.0022337657608707	8581	19027120	8517956687	200553838
GLOBAL	I	3260001	3270000	0.0030364041480996	7865	23773732	7829567752	161468873
GLOBAL	I	3270001	3280000	0.0032780608471454	7013	22697708	6924126506	201256819
GLOBAL	I	3280001	3290000	0.0025533873867393	8634	22184076	8688096493	84263357
GLOBAL	I	3290001	3300000	0.0035609898291785	8016	28638736	8042352653	102103747
GLOBAL	I	3300001	3310000	0.0052413092126485	7450	38982596	7437568443	131817807
GLOBAL	I	3310001	3320000	0.0024147329508328	8072	19622496	8126155728	75198072
GLOBAL	I	3320001	3330000	0.0033721100221291	7893	26508756	7861177668	158307657
GLOBAL	I	3330001	3340000	0.0025589954541801	8699	22455852	8775260606	63140869
GLOBAL	I	3340001	3350000	0.0037571984563709	7577	27867468	7417087046	281334379
GLOBAL	I	3350001	3360000	0.0039903196868749	8032	32142964	8055235300	105477500
GLOBAL	I	3360001	3370000	0.0049566660282724	8550	42408548	8555861492	131152258
GLOBAL	I	3370001	3380000	0.0030649508580865	7710	23738360	7745102972	88449778
GLOBAL	I	3380001	3390000	0.0025475734760584	7773	19601836	7694316252	203246073
GLOBAL	I	3390001	3400000	0.0029199411049611	8880	26147240	8954714859	67587141
GLOBAL	I	3400001	3410000	0.0046817776441932	7563	35146184	7507016922	177180153
GLOBAL	I	3410001	3420000	0.0059454769736192	6822	36678312	6169111774	762210776
GLOBAL	I	3420001	3430000	0.0030218104458174	7930	23863816	7897191577	159886673
GLOBAL	I	3430001	3440000	0.0021712739740062	8355	18262172	8410809607	78079268
GLOBAL	I	3440001	3450000	0.0019648841299306	8999	17797024	9057543765	85665210
GLOBAL	I	3450001	3460000	0.0018495558996872	9005	16610672	8980897524	168407601
GLOBAL	I	3460001	3470000	0.0016635522524978	8737	14613564	8784553643	92456782
GLOBAL	I	3470001	3480000	0.0025397458762279	8035	20471936	8060623778	103137097
GLOBAL	I	3480001	3490000	0.0019206220132554	8930	17314720	9015162734	57940516
GLOBAL	I	3490001	3500000	0.0026809048101414	7835	19679664	7340679880	619875995
GLOBAL	I	3500001	3510000	0.0040952475782658	8601	35012236	8549479691	189351334
GLOBAL	I	3510001	3520000	0.0018682005576163	9255	17481472	9357385067	45926308
GLOBAL	I	3520001	3530000	0.0028947200648786	8855	25742676	8892975978	103925397
GLOBAL	I	3530001	3540000	0.0034452169134101	7317	24680748	7163771867	273531133
GLOBAL	I	3540001	3550000	0.0035738825729766	9306	33637068	9411911923	43216727
GLOBAL	I	3550001	3560000	0.002324689246403	8733	20347064	8752595226	120351099
GLOBAL	I	3560001	3570000	0.0021971721539152	8802	18917488	8609925247	333126803
GLOBAL	I	3570001	3580000	0.0017333935461929	9578	16813900	9699989963	31497487
GLOBAL	I	3580001	3590000	0.0017716109029093	9497	17022784	9608647120	40542305
GLOBAL	I	3590001	3600000	0.0018834413172939	8879	16903976	8975047879	46238096
GLOBAL	I	3600001	3610000	0.0014790111318929	8847	13241828	8953163174	35610001
GLOBAL	I	3610001	3620000	0.0017381210644283	9116	15978872	9193187015	68896885
GLOBAL	I	3620001	3630000	0.0017353429087248	9512	16698832	9622785166	41644634
GLOBAL	I	3630001	3640000	0.0016261306878303	8985	14689452	9033377274	95607351
GLOBAL	I	3640001	3650000	0.0018469937092463	9112	17017396	9213564678	44455122
GLOBAL	I	3650001	3660000	0.002360257597177	8754	20818332	8820364364	73918486
GLOBAL	I	3660001	3670000	0.0018582448619035	7941	14862124	7997936281	70318244
GLOBAL	I	3670001	3680000	0.0018328961987621	9099	16850996	9193644469	51167006
GLOBAL	I	3680001	3690000	0.0014492792039545	9540	14000016	9659985434	32893066
GLOBAL	I	3690001	3700000	0.0013006764297612	9270	12188904	9371203876	47347874
GLOBAL	I	3700001	3710000	0.0022904418559744	8474	19516952	8521042326	88753524
GLOBAL	I	3710001	3720000	0.0020300445299654	7614	14947188	7362985284	373029066
GLOBAL	I	3720001	3730000	0.0016492103683889	9075	14976620	9081085280	139341595
GLOBAL	I	3730001	3740000	0.0023115828980528	8653	19669080	8508922616	282741709
GLOBAL	I	3740001	3750000	0.0032695143176778	8768	28936480	8850390972	58116228
GLOBAL	I	3750001	3760000	0.0014461697261994	9718	14230740	9840297264	33433686
GLOBAL	I	3760001	3770000	0.0011295915990233	8906	10133348	8970806802	77911848
GLOBAL	I	3770001	3780000	0.0017669830327324	9050	16177544	9155460862	39565388
GLOBAL	I	3780001	3790000	0.0049224426270935	8150	39976464	8121265605	159338145
GLOBAL	I	3790001	3800000	0.0028781630284027	9118	26259216	9123602708	140513242
GLOBAL	I	3800001	3810000	0.0027823021263012	8542	23818540	8560730977	118154573
GLOBAL	I	3810001	3820000	0.0017762811082741	9135	16401704	9233732163	47656212
GLOBAL	I	3820001	3830000	0.0014666889447115	9054	13140720	8959445728	239644622
GLOBAL	I	3830001	3840000	0.0016314800919503	8628	13324140	8166903210	599360490
GLOBAL	I	3840001	3850000	0.0022324098517463	8894	20084760	8996896329	39630021
GLOBAL	I	3850001	3860000	0.002313250798149	8990	20923308	9044980344	89084406
GLOBAL	I	3860001	3870000	0.0041437189582027	8090	30342404	7322505292	897136958
GLOBAL	I	3870001	3880000	0.0029383627050885	8778	25927536	8823803799	94863651
GLOBAL	I	3880001	3890000	0.0022070945210004	9228	20469380	9274355858	101522842
GLOBAL	I	3890001	3900000	0.0023553876013078	8725	20704012	8790065800	74752325
GLOBAL	I	3900001	3910000	0.0045072585509106	8213	36850944	8175910830	168702495
GLOBAL	I	3910001	3920000	0.0038678971384633	9356	36523756	9442794028	63135872
GLOBAL	I	3920001	3930000	0.0020986465221238	9104	19236036	9165924703	83966897
GLOBAL	I	3930001	3940000	0.0018756630789912	8872	16823208	8969205711	44968089
GLOBAL	I	3940001	3950000	0.0024753068535678	8665	21670464	8754657617	49199008
GLOBAL	I	3950001	3960000	0.0025239297471916	8683	22136852	8770787707	51357368
GLOBAL	I	3960001	3970000	0.0017782035464705	9506	17098204	9615436902	42896748
GLOBAL	I	3970001	3980000	0.0016904971945897	9504	16266268	9622179825	34121775
GLOBAL	I	3980001	3990000	0.0019188587436653	9236	17918052	9337869220	46137680
GLOBAL	I	3990001	4000000	0.0016110249500281	8149	12149836	7541680841	737906884
GLOBAL	I	4000001	4010000	0.0031278866993904	8978	28183828	9010501565	111370885
GLOBAL	I	4010001	4020000	0.0038846347030887	8507	33212168	8549624492	93700183
GLOBAL	I	4020001	4030000	0.004133398361171	8544	35569528	8605395583	75522017
GLOBAL	I	4030001	4040000	0.0029394018592503	8877	26371308	8971657930	47595995
GLOBAL	I	4040001	4050000	0.002049384124485	9456	19616072	9571691205	35841195
GLOBAL	I	4050001	4060000	0.0014341523117858	8968	12951684	9030898527	80813673
GLOBAL	I	4060001	4070000	0.0022951772591784	8522	19562128	8523144747	135420303
GLOBAL	I	4070001	4080000	0.0016240029293088	8985	14739256	9075880181	53104444
GLOBAL	I	4080001	4090000	0.002027077854344	9617	19736060	9736212133	34900292
GLOBAL	I	4090001	4100000	0.0026986881930664	8488	22939088	8500088324	123931876
GLOBAL	I	4100001	4110000	0.001932707515591	9036	17649976	9132254031	48547869
GLOBAL	I	4110001	4120000	0.0020370769842969	9426	19446812	9546429590	30622060
GLOBAL	I	4120001	4130000	0.0017817951074979	4586	6013872	3375175953	1284314697
GLOBAL	I	4130001	4140000	0.0017451219974553	3436	3829400	2194345155	1325165445
GLOBAL	I	4140001	4150000	0.0015552336560223	9096	14257172	9167221880	74541520
GLOBAL	I	4150001	4160000	0.002036003836479	9119	18743688	9206116248	59015727
GLOBAL	I	4160001	4170000	0.0017200012828699	8607	14943836	8688270264	56656911
GLOBAL	I	4170001	4180000	0.0023004248038714	7661	17398864	7563326552	222473023
GLOBAL	I	4180001	4190000	0.0023314957143462	8190	19149648	8213460519	107784231
GLOBAL	I	4190001	4200000	0.0026937550353283	8692	23477500	8715528952	115760348
GLOBAL	I	4200001	4210000	0.0025709748236077	7947	20132240	7830586210	243764465
GLOBAL	I	4210001	4220000	0.0027037957157424	8261	21168400	7829141779	564240746
GLOBAL	I	4220001	4230000	0.0020668167192693	8989	18706764	9051002842	82045883
GLOBAL	I	4230001	4240000	0.0020234551371918	8948	18294412	9041175000	50216700
GLOBAL	I	4240001	4250000	0.0027853467003837	7954	22162428	7956793313	124669537
GLOBAL	I	4250001	4260000	0.0023833705324165	8792	21111448	8857811957	75079843
GLOBAL	I	4260001	4270000	0.0023559403558448	8662	20448988	8679756238	121052312
GLOBAL	I	4270001	4280000	0.0012841516672343	8718	10777868	8392986806	464719144
GLOBAL	I	4280001	4290000	0.0010578828713429	8913	9469104	8950994724	104836101
GLOBAL	I	4290001	4300000	0.00089711304251133	9155	8313068	9266466550	35242325
GLOBAL	I	4300001	4310000	0.0016617260202942	8266	13825300	8319843242	78619408
GLOBAL	I	4310001	4320000	0.001168870383237	9030	10667668	9126476428	48229322
GLOBAL	I	4320001	4330000	0.0010383534370465	9342	9825820	9462885805	28819745
GLOBAL	I	4330001	4340000	0.0023850536482982	8444	20098676	8426928264	152386836
GLOBAL	I	4340001	4350000	0.0024444580778951	8910	22019696	9008007214	44775536
GLOBAL	I	4350001	4360000	0.0016707627256893	8934	15076712	9023849867	53317483
GLOBAL	I	4360001	4370000	0.0021199478016825	8954	19083404	9001827302	95660548
GLOBAL	I	4370001	4380000	0.0017480216117902	9339	16500192	9439352402	49305073
GLOBAL	I	4380001	4390000	0.001818945528403	9116	16735400	9200605372	61478528
GLOBAL	I	4390001	4400000	0.0014283232379732	9216	13292032	9306039170	57647230
GLOBAL	I	4400001	4410000	0.0014730108757376	9160	13616424	9243939895	62849105
GLOBAL	I	4410001	4420000	0.0019668272595426	8721	17257752	8774411640	86342385
GLOBAL	I	4420001	4430000	0.0012170294668801	9283	11350780	9326627094	105132981
GLOBAL	I	4430001	4440000	0.0018230468832759	9354	17237880	9455533019	48364831
GLOBAL	I	4440001	4450000	0.0015399460935056	8949	13953208	9060841843	31565882
GLOBAL	I	4450001	4460000	0.0017761849914528	8214	14652180	8249242095	96387255
GLOBAL	I	4460001	4470000	0.0022543197329378	7810	17671272	7838849007	96306243
GLOBAL	I	4470001	4480000	0.0019984993893114	8411	16958184	8485458685	60327590
GLOBAL	I	4480001	4490000	0.0029496454291208	8802	26124244	8856740455	86311595
GLOBAL	I	4490001	4500000	0.0027206715823077	9134	24603036	9043001059	237371291
GLOBAL	I	4500001	4510000	0.0019082366752348	9275	17894288	9377394446	46237429
GLOBAL	I	4510001	4520000	0.0022964195138005	9031	20981828	9136757406	38964369
GLOBAL	I	4520001	4530000	0.0030574178522397	9197	28448396	9304713119	39668806
GLOBAL	I	4530001	4540000	0.0023596595246854	8393	19962808	8460037472	67460353
GLOBAL	I	4540001	4550000	0.0019498901464991	9067	17897000	9178465788	33832887
GLOBAL	I	4550001	4560000	0.0025153623446222	8877	22538604	8960380618	58873307
GLOBAL	I	4560001	4570000	0.001903492513911	8287	15880692	8342923276	76875899
GLOBAL	I	4570001	4580000	0.0020056796521192	8925	18075612	9012212883	55810242
GLOBAL	I	4580001	4590000	0.0022567520965616	8653	19390712	8592309288	199355037
GLOBAL	I	4590001	4600000	0.0018337186984491	8056	13908664	7584949650	600147750
GLOBAL	I	4600001	4610000	0.0024924478667516	9383	23626644	9479293154	54069421
GLOBAL	I	4610001	4620000	0.0022753174686542	8936	20515720	9016640659	62558741
GLOBAL	I	4620001	4630000	0.00279231125981	8555	23848800	8540881650	151212225
GLOBAL	I	4630001	4640000	0.0027325855763598	8167	22369264	8186116546	111759629
GLOBAL	I	4640001	4650000	0.0022301896101631	8205	18396460	8248832259	87652866
GLOBAL	I	4650001	4660000	0.0018760482372858	9311	17677940	9422966664	37242111
GLOBAL	I	4660001	4670000	0.0021410629791162	7643	16405084	7662121180	103357895
GLOBAL	I	4670001	4680000	0.0019417911074811	8095	15875668	8175785716	48936659
GLOBAL	I	4680001	4690000	0.0020394487582018	9289	19162964	9396148799	41707426
GLOBAL	I	4690001	4700000	0.0033550257392018	8640	29183276	8698376188	80079812
GLOBAL	I	4700001	4710000	0.0043915037571975	8142	35815944	8155735707	116739843
GLOBAL	I	4710001	4720000	0.0049474184181663	6612	26505288	5357397689	1360559611
GLOBAL	I	4720001	4730000	0.0021208319305967	6276	7017352	3308773269	3067799631
GLOBAL	I	4730001	4740000	0.0028861881738844	7985	16916156	5861071760	2251887865
GLOBAL	I	4740001	4750000	0.002596363602809	8478	21965020	8459916776	153943174
GLOBAL	I	4750001	4760000	0.0012647715181085	9108	11598236	9170222316	83733384
GLOBAL	I	4760001	4770000	0.0021634660765702	7848	16991520	7853841659	119922541
GLOBAL	I	4770001	4780000	0.002265409639312	9267	21231684	9372116915	43386760
GLOBAL	I	4780001	4790000	0.0027394896604596	8568	23638016	8628620265	76681935
GLOBAL	I	4790001	4800000	0.0026283262862368	8614	22826228	8684701028	67338322
GLOBAL	I	4800001	4810000	0.0030126434185912	8926	26984776	8957175560	111863590
GLOBAL	I	4810001	4820000	0.0024121193395165	9152	22235076	9218066302	80594498
GLOBAL	I	4820001	4830000	0.0020410258024115	8713	17871904	8756334182	96291643
GLOBAL	I	4830001	4840000	0.0020674393917659	7919	16415656	7940090561	105811414
GLOBAL	I	4840001	4850000	0.0021636146156331	8511	18256736	8438072043	209316732
GLOBAL	I	4850001	4860000	0.0024430639988093	7941	18441212	7548394970	519859555
GLOBAL	I	4860001	4870000	0.001842086087346	8729	16167176	8776558333	92323892
GLOBAL	I	4870001	4880000	0.0022303670600417	8241	18440568	8267952092	105109933
GLOBAL	I	4880001	4890000	0.0025340599836048	8407	21435248	8458855804	82866371
GLOBAL	I	4890001	4900000	0.0016216504528546	8472	13700020	8448195464	159568336
GLOBAL	I	4900001	4910000	0.0015365706137623	8308	12803724	8332662284	108473416
GLOBAL	I	4910001	4920000	0.0020438615423823	8774	17908852	8762262819	152340531
GLOBAL	I	4920001	4930000	0.0019457341669574	8639	16777360	8622637298	154802677
GLOBAL	I	4930001	4940000	0.0013806670766406	9092	12679628	9183696935	54002365
GLOBAL	I	4940001	4950000	0.0022586090708118	7248	15901576	7040428645	323720555
GLOBAL	I	4950001	4960000	0.0021849787074737	8666	18965916	8680137676	124734974
GLOBAL	I	4960001	4970000	0.0017341059983286	8915	15508376	8943153426	114709449
GLOBAL	I	4970001	4980000	0.0018478927324758	8782	16324824	8834292009	88439541
GLOBAL	I	4980001	4990000	0.0017466240294192	8796	15475864	8860443770	76512130
GLOBAL	I	4990001	5000000	0.001595803580141	8411	13357904	8370644211	175142064
GLOBAL	I	5000001	5010000	0.0017039217273116	7760	13116164	7697632931	186721069
GLOBAL	I	5010001	5020000	0.0013115873700755	9143	12100464	9225816195	63700380
GLOBAL	I	5020001	5030000	0.0018140925484802	8469	15402988	8490739909	113975816
GLOBAL	I	5030001	5040000	0.0014385464283192	8907	12918556	8980284366	69450309
GLOBAL	I	5040001	5050000	0.0019636726999036	8320	15225768	7753719854	699608146
GLOBAL	I	5050001	5060000	0.0018586806874008	9025	16961436	9125524419	44101206
GLOBAL	I	5060001	5070000	0.0016489074661791	9273	15425492	9354977351	66622474
GLOBAL	I	5070001	5080000	0.0015783196762186	8389	13310240	8433171176	90262549
GLOBAL	I	5080001	5090000	0.0017458100196284	8999	15778588	9037975394	105233581
GLOBAL	I	5090001	5100000	0.00058852063005214	9529	5671572	9636997771	44704454
GLOBAL	I	5100001	5110000	0.0017694163984848	8537	15184192	8581469016	92336409
GLOBAL	I	5110001	5120000	0.0016369100881261	9224	15269888	9328483043	43331557
GLOBAL	I	5120001	5130000	0.0017964095984592	9559	17371032	9669861492	42321483
GLOBAL	I	5130001	5140000	0.0018048681981188	8087	14432184	7996253696	220340479
GLOBAL	I	5140001	5150000	0.0023070111101989	8677	20003980	8670950873	145098052
GLOBAL	I	5150001	5160000	0.0017056028518037	9360	16160492	9474944289	35049711
GLOBAL	I	5160001	5170000	0.0024766269135246	7658	18685900	7544899031	235820419
GLOBAL	I	5170001	5180000	0.0039175488059707	8314	32736088	8356268070	90963780
GLOBAL	I	5180001	5190000	0.0020743607804061	8981	18835184	9079994270	44926255
GLOBAL	I	5190001	5200000	0.0019293286243389	8639	16799912	8707646685	69793290
GLOBAL	I	5200001	5210000	0.0031369757183534	8964	28099992	8957669591	149978509
GLOBAL	I	5210001	5220000	0.0015590216486729	8683	13606972	8727891631	94253444
GLOBAL	I	5220001	5230000	0.0022294873183042	8659	19428512	8714340665	83419810
GLOBAL	I	5230001	5240000	0.0018465386405053	9292	17349284	9395570512	45333788
GLOBAL	I	5240001	5250000	0.0018090826164164	9470	17323516	9575856759	45899991
GLOBAL	I	5250001	5260000	0.0020164097938279	8640	17512440	8684960792	93495208
GLOBAL	I	5260001	5270000	0.0017208366575557	8407	14576200	8470414630	71307545
GLOBAL	I	5270001	5280000	0.0016486924588663	9313	15505180	9404531401	57709424
GLOBAL	I	5280001	5290000	0.0013952826497773	8336	11735160	8410596951	58987449
GLOBAL	I	5290001	5300000	0.0022349430172048	9070	20461624	9155322459	60024291
GLOBAL	I	5300001	5310000	0.001968784401144	8222	16173432	8214933027	138824523
GLOBAL	I	5310001	5320000	0.0016644025409569	8831	14810972	8898671827	73844948
GLOBAL	I	5320001	5330000	0.0017763840305247	9107	16309808	9181465111	71474564
GLOBAL	I	5330001	5340000	0.0018899007805339	8706	16520264	8741339318	104174332
GLOBAL	I	5340001	5350000	0.0015483075586107	9291	14567104	9408404628	31483647
GLOBAL	I	5350001	5360000	0.0020928553338399	9072	19157220	9153628390	63750410
GLOBAL	I	5360001	5370000	0.0017509381495705	9379	16521408	9435746205	93552270
GLOBAL	I	5370001	5380000	0.0016775783594744	8867	14799352	8821854381	187239294
GLOBAL	I	5380001	5390000	0.0018349889745036	8157	15014140	8182141805	105574120
GLOBAL	I	5390001	5400000	0.0021079405701979	7989	16703044	7923868555	193155170
GLOBAL	I	5400001	5410000	0.0017082913244868	8550	14673684	8589684786	97328964
GLOBAL	I	5410001	5420000	0.0026818846451071	8436	22742508	8480047060	91139840
GLOBAL	I	5420001	5430000	0.0015663362951739	8954	14182952	9054857532	42630318
GLOBAL	I	5430001	5440000	0.0012426172418898	9060	11388880	9165235775	39950725
GLOBAL	I	5440001	5450000	0.0014515048117298	8390	12253560	8441969948	82479802
GLOBAL	I	5450001	5460000	0.002119722444687	8150	17072312	8054031811	226571939
GLOBAL	I	5460001	5470000	0.0025910173013122	8322	21554188	8318812842	136547208
GLOBAL	I	5470001	5480000	0.0014368839375405	8012	11523756	8019962990	120429310
GLOBAL	I	5480001	5490000	0.0020934365602079	8115	17095684	8166325326	78717549
GLOBAL	I	5490001	5500000	0.0017013585410016	8641	14742120	8664910802	114561223
GLOBAL	I	5500001	5510000	0.0025174569120571	7296	16130504	6407459815	1005458585
GLOBAL	I	5510001	5520000	0.0021113494112727	9034	19166080	9077644798	101125052
GLOBAL	I	5520001	5530000	0.0021475171791823	8182	17639116	8213725213	99391337
GLOBAL	I	5530001	5540000	0.0020451238124355	7821	15976104	7811802837	134528688
GLOBAL	I	5540001	5550000	0.0021872718013321	8774	19162924	8761107782	153495568
GLOBAL	I	5550001	5560000	0.0020393776111694	8532	17521688	8591684004	77041296
GLOBAL	I	5560001	5570000	0.0021953344786212	8473	18707716	8521578913	87200912
GLOBAL	I	5570001	5580000	0.0016102853325046	9037	14632792	9087080224	94737701
GLOBAL	I	5580001	5590000	0.0019038629992864	9326	17934232	9419917298	55531852
GLOBAL	I	5590001	5600000	0.0025007710169108	8693	21873920	8746870406	85434919
GLOBAL	I	5600001	5610000	0.00217685309372	8520	17761728	8159359973	497173027
GLOBAL	I	5610001	5620000	0.0013049850243568	9326	12293684	9420555616	54893534
GLOBAL	I	5620001	5630000	0.0016730928325442	8490	14333924	8567321383	58730867
GLOBAL	I	5630001	5640000	0.0019918732748377	8215	16459968	8263561848	83083527
GLOBAL	I	5640001	5650000	0.0014943822485672	8850	13350052	8933492092	58329158
GLOBAL	I	5650001	5660000	0.0016227037894196	8894	14599916	8997277319	39249031
GLOBAL	I	5660001	5670000	0.0016724665839278	8423	12996260	7770714300	787264275
GLOBAL	I	5670001	5680000	0.0024647291962146	8011	19465388	7897576752	241799523
GLOBAL	I	5680001	5690000	0.0022859603121658	8741	19833376	8676168127	204906398
GLOBAL	I	5690001	5700000	0.0021068975200495	9148	19495452	9253156271	41440429
GLOBAL	I	5700001	5710000	0.0016706989141045	9140	15346012	9185384554	101083946
GLOBAL	I	5710001	5720000	0.0020187252032491	8529	17338556	8588863889	76813336
GLOBAL	I	5720001	5730000	0.001586592375789	8369	13356152	8418137011	84976214
GLOBAL	I	5730001	5740000	0.0023957546508402	8663	20930640	8736554051	65270524
GLOBAL	I	5740001	5750000	0.0019224184414736	8251	15730344	8182580681	200641594
GLOBAL	I	5750001	5760000	0.0020510438332943	8557	17614800	8588212360	105913565
GLOBAL	I	5760001	5770000	0.0015249110049576	8198	12511828	8204956197	124416753
GLOBAL	I	5770001	5780000	0.0017097599913276	9276	16021932	9370866134	53781766
GLOBAL	I	5780001	5790000	0.0020927728152098	8701	18324064	8755878262	84555263
GLOBAL	I	5790001	5800000	0.0017801600187662	8634	15465292	8687585294	84774556
GLOBAL	I	5800001	5810000	0.0025136775904601	8451	21308644	8477079193	109348082
GLOBAL	I	5810001	5820000	0.0016223905907174	9209	15099120	9306710780	49863445
GLOBAL	I	5820001	5830000	0.0015914982563426	8853	14241576	8948533838	46335487
GLOBAL	I	5830001	5840000	0.0023976592797922	8164	19459036	8115847053	178981047
GLOBAL	I	5840001	5850000	0.0021867311475506	9010	19923208	9110954505	43430745
GLOBAL	I	5850001	5860000	0.0018140257675324	9269	16917980	9326207104	91328621
GLOBAL	I	5860001	5870000	0.0016820865131029	9199	15627952	9290813450	55600525
GLOBAL	I	5870001	5880000	0.0016127024413233	9574	15624340	9688296861	39126489
GLOBAL	I	5880001	5890000	0.0017482809334369	8525	15021836	8592346752	69266373
GLOBAL	I	5890001	5900000	0.0020182253515173	8403	16969148	8407955032	129703043
GLOBAL	I	5900001	5910000	0.0015638224575116	8880	13970444	8933523069	88778931
GLOBAL	I	5910001	5920000	0.0016035506719655	8942	14448820	9010516632	74778918
GLOBAL	I	5920001	5930000	0.002205750668357	7286	15171952	6878362191	524395959
GLOBAL	I	5930001	5940000	0.0022750829276955	8516	19334088	8498190446	154278454
GLOBAL	I	5940001	5950000	0.0021682186607772	8954	19574808	9028059925	69427925
GLOBAL	I	5950001	5960000	0.002396619094585	7835	18711864	7807608661	152947214
GLOBAL	I	5960001	5970000	0.0023728222155786	8102	19096900	8048179874	183654676
GLOBAL	I	5970001	5980000	0.0018537015991369	8934	16630632	8971579896	105587454
GLOBAL	I	5980001	5990000	0.0025235966956022	9369	23535860	9326315905	192822320
GLOBAL	I	5990001	6000000	0.0020937112179958	9035	19098464	9121823409	57962466
GLOBAL	I	6000001	6010000	0.0016348376906925	9669	16010248	9793172797	30772928
GLOBAL	I	6010001	6020000	0.0019231531964372	9105	17652388	9178877706	72029919
GLOBAL	I	6020001	6030000	0.0018104554548974	8476	15367392	8488135932	123691968
GLOBAL	I	6030001	6040000	0.0022359230811867	9121	20590408	9208907128	58256897
GLOBAL	I	6040001	6050000	0.0030751347195018	7476	22292292	7249208257	346594643
GLOBAL	I	6050001	6060000	0.0024892808481423	8067	18559860	7455912423	740361252
GLOBAL	I	6060001	6070000	0.0025249001885117	7856	19055588	7547065855	434826545
GLOBAL	I	6070001	6080000	0.0019795958899056	8854	17684340	8933308101	62577249
GLOBAL	I	6080001	6090000	0.0062134609102308	7885	48154208	7749981644	261375481
GLOBAL	I	6090001	6100000	0.0038634086421497	7894	27539304	7128239995	892261355
GLOBAL	I	6100001	6110000	0.0017108141269013	8847	14968348	8749254384	239518791
GLOBAL	I	6110001	6120000	0.0043516781923495	7393	31260188	7183478791	327994034
GLOBAL	I	6120001	6130000	0.0025373335536229	8525	21614148	8518449602	143163523
GLOBAL	I	6130001	6140000	0.0022428131253428	7242	16126020	7190086333	167966717
GLOBAL	I	6140001	6150000	0.0024074033241207	7988	19159328	7958503591	157504109
GLOBAL	I	6150001	6160000	0.0023619717222372	6976	15712956	6652474224	435316176
GLOBAL	I	6160001	6170000	0.0021850055038103	7566	15726216	7197334731	489910419
GLOBAL	I	6170001	6180000	0.0023507854646215	8661	20508512	8724110434	75682091
GLOBAL	I	6180001	6190000	0.0018369688974957	7885	14503476	7895330193	116026932
GLOBAL	I	6190001	6200000	0.0010554055521762	9288	9902064	9382236032	54604168
GLOBAL	I	6200001	6210000	0.0015926531340798	8367	13329028	8369071529	132009646
GLOBAL	I	6210001	6220000	0.0014687011056974	9310	13728068	9347080864	112111886
GLOBAL	I	6220001	6230000	0.0016328266665034	9154	15007928	9191378551	109314299
GLOBAL	I	6230001	6240000	0.0021668705952384	8609	18659120	8611091055	135868170
GLOBAL	I	6240001	6250000	0.0022698117359654	7325	16274300	7169889794	272493331
GLOBAL	I	6250001	6260000	0.00065002367136694	3195	453896	698276109	2596692966
GLOBAL	I	6260001	6270000	0.00018198335490943	3946	37272	204809940	3875546460
GLOBAL	I	6270001	6280000	0.00017542341741371	2979	40948	233423796	2803474929
GLOBAL	I	6280001	6290000	0.00032756874297237	4173	37788	115358992	4344990758
GLOBAL	I	6290001	6300000	6.6435388369803e-05	2003	5476	82425950	1989249025
GLOBAL	I	6300001	6310000	0.00039242349766412	2477	53496	136322112	2496198663
GLOBAL	I	6310001	6320000	0.0017860078177856	7086	12447612	6969517085	230036065
GLOBAL	I	6320001	6330000	0.00075512581878564	9310	7061520	9351448228	107744522
GLOBAL	I	6330001	6340000	0.0011764474518083	9047	10579672	8992898054	199080121
GLOBAL	I	6340001	6350000	0.0014960675563992	8079	11675188	7803917644	404548331
GLOBAL	I	6350001	6360000	0.0012220168913414	8631	10638368	8705581793	63729982
GLOBAL	I	6360001	6370000	0.0020373672808714	8476	16881320	8285850155	325977745
GLOBAL	I	6370001	6380000	0.0021728756480048	8527	18437008	8485072773	178572402
GLOBAL	I	6380001	6390000	0.0014372191635071	9109	13221516	9199373579	55598146
GLOBAL	I	6390001	6400000	0.0026990622402731	8821	23828516	8828442577	133913948
GLOBAL	I	6400001	6410000	0.0023482242787258	8187	18804968	8008165221	310031454
GLOBAL	I	6410001	6420000	0.0028075277504192	8520	24153584	8603150582	53382418
GLOBAL	I	6420001	6430000	0.0022165444917672	8178	17551044	7918200634	390851816
GLOBAL	I	6430001	6440000	0.0022910400037595	8257	17990316	7852466989	536851436
GLOBAL	I	6440001	6450000	0.0038940700656493	8782	34438660	8843872714	78858836
GLOBAL	I	6450001	6460000	0.0050334241871575	8438	42611724	8465752620	107466330
GLOBAL	I	6460001	6470000	0.0028038716631214	9352	26309256	9383188377	118677423
GLOBAL	I	6470001	6480000	0.0021784100310989	8838	19458800	8932569958	47058992
GLOBAL	I	6480001	6490000	0.0025502249708217	8412	21628296	8480936485	65865815
GLOBAL	I	6490001	6500000	0.0027351227014892	8478	23054972	8429227686	184632264
GLOBAL	I	6500001	6510000	0.0028029973974544	8426	23152844	8260030502	300996148
GLOBAL	I	6510001	6520000	0.0016921187172381	9185	15661792	9255728833	76460792
GLOBAL	I	6520001	6530000	0.0016321664451617	8730	14336716	8783856599	86041651
GLOBAL	I	6530001	6540000	0.0010989124271232	9117	10081332	9173917549	89182376
GLOBAL	I	6540001	6550000	0.0016503529464511	9193	15338376	9293997404	46320421
GLOBAL	I	6550001	6560000	0.0016330452320383	8464	13716908	8399588530	200047070
GLOBAL	I	6560001	6570000	0.0015229560158979	8806	13442648	8826681703	120434447
GLOBAL	I	6570001	6580000	0.0023657834456951	8959	20823756	8802054997	300512978
GLOBAL	I	6580001	6590000	0.001471593982277	8557	12642272	8590869596	103256329
GLOBAL	I	6590001	6600000	0.0012529446861355	8293	9699476	7741344137	684551188
GLOBAL	I	6600001	6610000	0.0022976458154952	8110	18606108	8097900849	142061901
GLOBAL	I	6610001	6620000	0.0024502520596465	8782	21678200	8847334671	75396879
GLOBAL	I	6620001	6630000	0.0025675092208135	7741	19521232	7603178926	261870599
GLOBAL	I	6630001	6640000	0.0023970549009196	8747	21002908	8761963688	125206987
GLOBAL	I	6640001	6650000	0.0018287273421556	9195	16932704	9259283005	83066870
GLOBAL	I	6650001	6660000	0.0022044224556376	9496	21165764	9601500813	46672587
GLOBAL	I	6660001	6670000	0.0025435438335315	8335	21302016	8374935678	93632697
GLOBAL	I	6670001	6680000	0.0021470289934199	8313	17512488	8156614584	289601241
GLOBAL	I	6680001	6690000	0.0024129697717521	8331	20060240	8313506549	150997726
GLOBAL	I	6690001	6700000	0.0015853010970887	9073	14524572	9162027344	56367481
GLOBAL	I	6700001	6710000	0.0022509488865543	8142	18026044	8008197835	264277715
GLOBAL	I	6710001	6720000	0.0022214024627757	8539	19140800	8616538570	59298905
GLOBAL	I	6720001	6730000	0.0020048727353593	8994	18196624	9076199042	61929808
GLOBAL	I	6730001	6740000	0.0018156870996703	9342	17131852	9435464956	56240594
GLOBAL	I	6740001	6750000	0.0022319613132643	6657	13122968	5879567859	884110566
GLOBAL	I	6750001	6760000	0.0027153068623832	8293	22590376	8319640153	106255172
GLOBAL	I	6760001	6770000	0.0023188063847442	8174	18989376	8189289164	115699186
GLOBAL	I	6770001	6780000	0.0018381559045326	9123	16893116	9190252012	78944063
GLOBAL	I	6780001	6790000	0.0019667015882415	9194	18270504	9289921821	51412029
GLOBAL	I	6790001	6800000	0.0018592458573076	8580	16041572	8627999324	89495176
GLOBAL	I	6800001	6810000	0.001725742045776	8531	14853816	8607205252	60504023
GLOBAL	I	6810001	6820000	0.0014453525045439	8734	12652940	8754224288	119738062
GLOBAL	I	6820001	6830000	0.001664663470086	8671	14145456	8497486882	312465893
GLOBAL	I	6830001	6840000	0.0025353891822665	8572	21710664	8563049867	146316433
GLOBAL	I	6840001	6850000	0.0023021360843358	8392	19325456	8394575860	131905940
GLOBAL	I	6850001	6860000	0.0020360363083098	8275	16969852	8334749204	72857671
GLOBAL	I	6860001	6870000	0.0016801921096941	7758	12943840	7703785731	178536219
GLOBAL	I	6870001	6880000	0.0010806324814067	8931	9665568	8944361905	129757370
GLOBAL	I	6880001	6890000	0.0011900667429661	8819	10557084	8871001616	89322859
GLOBAL	I	6890001	6900000	0.0025950150642658	8249	21432032	8258923925	122266300
GLOBAL	I	6900001	6910000	0.0017396136728249	8576	14924540	8579226660	134203740
GLOBAL	I	6910001	6920000	0.002439193257384	2842	5079092	2082283552	813387698
GLOBAL	I	6920001	6930000	0.002104388436198	8348	17665216	8394465440	87311260
GLOBAL	I	6930001	6940000	0.0018344163360707	8971	16598152	9048192427	66567848
GLOBAL	I	6940001	6950000	0.0023181144099544	7654	16308508	7035247238	747504262
GLOBAL	I	6950001	6960000	0.0015407400764469	9094	14125932	9168277126	71454224
GLOBAL	I	6960001	6970000	0.0030826967743749	8208	25333512	8217970775	121562425
GLOBAL	I	6970001	6980000	0.0022256579504555	7777	16295424	7321621005	602357970
GLOBAL	I	6980001	6990000	0.0030317537655384	7789	20949320	6909967504	1003851221
GLOBAL	I	6990001	7000000	0.0026158678186058	8608	22507372	8604170226	141772974
GLOBAL	I	7000001	7010000	0.0033198710555205	8133	26958504	8120346709	142984616
GLOBAL	I	7010001	7020000	0.0026503731750969	8483	22479012	8481451673	137488402
GLOBAL	I	7020001	7030000	0.0022466106261133	7738	16845584	7498221456	363779994
GLOBAL	I	7030001	7040000	0.0021770985953115	3783	4270072	1961359035	1884295590
GLOBAL	I	7040001	7050000	0.00013423965779621	3444	3852	28694948	3539584852
GLOBAL	I	7050001	7060000	7.1301420361781e-05	3518	11488	161118810	3416305215
GLOBAL	I	7060001	7070000	8.1759799914559e-05	3072	9244	113062899	3019342176
GLOBAL	I	7070001	7080000	0.0026532099750447	6110	15315736	5772530687	435382063
GLOBAL	I	7080001	7090000	0.0025731122959524	7440	18879376	7337175307	222050693
GLOBAL	I	7090001	7100000	0.0021784430586759	7553	16414896	7535150361	138886464
GLOBAL	I	7100001	7110000	0.003363939784702	7875	26019452	7734815028	266381847
GLOBAL	I	7110001	7120000	0.002569961827568	7293	18602524	7238443700	171426625
GLOBAL	I	7120001	7130000	0.0031373864999159	7608	23721920	7561044838	168873362
GLOBAL	I	7130001	7140000	0.0025564246510506	7842	19990024	7819524034	148144016
GLOBAL	I	7140001	7150000	0.0018185231965446	7993	13866864	7625343480	495744345
GLOBAL	I	7150001	7160000	0.0024051446495973	7447	17844736	7419402406	146935769
GLOBAL	I	7160001	7170000	0.0029683512298272	7451	21425172	7217869565	352532710
GLOBAL	I	7170001	7180000	0.0020862219644407	8363	17516104	8396088383	100928692
GLOBAL	I	7180001	7190000	0.0025135360074598	8304	20949436	8334647261	102424339
GLOBAL	I	7190001	7200000	0.0026789009231872	7993	21262120	7936881807	184206018
GLOBAL	I	7200001	7210000	0.002050785841715	8596	17670308	8616359466	117391434
GLOBAL	I	7210001	7220000	0.0022253173259541	8408	18798504	8447561065	95177135
GLOBAL	I	7220001	7230000	0.0024368851271309	8053	19412100	7965947916	216101409
GLOBAL	I	7230001	7240000	0.003807812706365	7884	29867432	7843724023	166617077
GLOBAL	I	7240001	7250000	0.0030939617101387	7778	23966852	7746331159	156311291
GLOBAL	I	7250001	7260000	0.0028019192333744	8252	23249932	8297859454	86378846
GLOBAL	I	7260001	7270000	0.0027807586681914	8171	22624336	8136030019	165910256
GLOBAL	I	7270001	7280000	0.0020401312643061	8559	17611264	8632417094	63740881
GLOBAL	I	7280001	7290000	0.0022404039817679	8595	19341032	8632832363	99902512
GLOBAL	I	7290001	7300000	0.0020141328571357	7795	15343372	7617854972	302059903
GLOBAL	I	7300001	7310000	0.002481803257216	7780	18831184	7587702186	316972314
GLOBAL	I	7310001	7320000	0.0032396360234201	8342	27069712	8355788059	119892491
GLOBAL	I	7320001	7330000	0.0020036307801396	8100	16213744	8092181534	137620966
GLOBAL	I	7330001	7340000	0.002306198170805	8177	18806020	8154555076	153481349
GLOBAL	I	7340001	7350000	0.0023007471956526	8866	20592888	8950521830	57555820
GLOBAL	I	7350001	7360000	0.0018918303251082	8918	17034488	9004236677	56674273
GLOBAL	I	7360001	7370000	0.0013275528106104	8735	11482136	8649099236	225879139
GLOBAL	I	7370001	7380000	0.0020010525526178	7770	15509844	7750842915	143671335
GLOBAL	I	7380001	7390000	0.002167770643599	8557	18562840	8563101477	131024448
GLOBAL	I	7390001	7400000	0.001424584764329	9352	13430596	9427726827	74138973
GLOBAL	I	7400001	7410000	0.002061945163591	8604	17613236	8542048698	199830402
GLOBAL	I	7410001	7420000	0.0016678176118461	9043	15204664	9116502843	71411232
GLOBAL	I	7420001	7430000	0.0020805071340565	8989	18662168	8970009136	163039589
GLOBAL	I	7430001	7440000	0.0020821142496647	9055	18994836	9122859614	77246761
GLOBAL	I	7440001	7450000	0.0019495565171345	8280	16147780	8282796553	129890447
GLOBAL	I	7450001	7460000	0.0019996182902533	8455	17039896	8521574384	68916991
GLOBAL	I	7460001	7470000	0.0019655565875723	9151	18077768	9197276799	100367976
GLOBAL	I	7470001	7480000	0.001697620257492	8957	15302092	9013848611	86687314
GLOBAL	I	7480001	7490000	0.0015584835600957	9255	14592036	9362970758	40340617
GLOBAL	I	7490001	7500000	0.00200280538457	8292	16590072	8283416915	141462385
GLOBAL	I	7500001	7510000	0.0017740254625775	9573	17161728	9673890461	52516864
GLOBAL	I	7510001	7520000	0.0016068596320866	9200	14941736	9298718881	48711119
GLOBAL	I	7520001	7530000	0.0019432937304696	8254	16100660	8285242600	101027750
GLOBAL	I	7530001	7540000	0.0019961669895891	7827	15434240	7731938300	220489375
GLOBAL	I	7540001	7550000	0.0028288566541899	8443	23906184	8450829053	127470022
GLOBAL	I	7550001	7560000	0.0014797632405875	9079	13561736	9164801252	59689723
GLOBAL	I	7560001	7570000	0.0014237429572334	9428	13577184	9536260693	42823007
GLOBAL	I	7570001	7580000	0.0022833598272553	8608	19877000	8705154467	40788733
GLOBAL	I	7580001	7590000	0.002296366052605	8611	19931296	8679494272	69497003
GLOBAL	I	7590001	7600000	0.0020384611025918	9051	18668036	9157906411	38135864
GLOBAL	I	7600001	7610000	0.0025923534416075	8459	22066632	8512200399	82355076
GLOBAL	I	7610001	7620000	0.001882170898623	9105	17270996	9176104047	74803578
GLOBAL	I	7620001	7630000	0.0018626368495787	8809	16424620	8817940010	132224215
GLOBAL	I	7630001	7640000	0.0021744894544806	8081	17490092	8043309644	167188381
GLOBAL	I	7640001	7650000	0.001179517210943	9013	10548228	8942835172	214598153
GLOBAL	I	7650001	7660000	0.0011967900941076	9644	11675988	9756086767	42458333
GLOBAL	I	7660001	7670000	0.0022341359274725	8303	18611732	8330617565	105438010
GLOBAL	I	7670001	7680000	0.0018408873896313	9036	16517608	8972633575	208168325
GLOBAL	I	7680001	7690000	0.0018264160029154	8466	15410972	8437821381	163846269
GLOBAL	I	7690001	7700000	0.0019575401536425	8733	17279424	8827110886	45835439
GLOBAL	I	7700001	7710000	0.0017489406089078	8384	14643272	8372652522	145701078
GLOBAL	I	7710001	7720000	0.0023127951934524	8805	20533516	8878224954	67875171
GLOBAL	I	7720001	7730000	0.0016069979328095	9160	14792108	9204808356	101980644
GLOBAL	I	7730001	7740000	0.0016521015613544	9083	15129728	9157867987	70687088
GLOBAL	I	7740001	7750000	0.0015277260340918	9645	14921160	9766908246	32652879
GLOBAL	I	7750001	7760000	0.0027697168618739	8761	24399020	8809210911	92184114
GLOBAL	I	7760001	7770000	0.0023236131744399	7509	16402216	7058927097	570404628
GLOBAL	I	7770001	7780000	0.0020714109322816	8139	16334984	7885921497	383505978
GLOBAL	I	7780001	7790000	0.0023650721237404	8675	20411912	8630566398	183450477
GLOBAL	I	7790001	7800000	0.0020819231011072	8513	17919352	8607115215	42305610
GLOBAL	I	7800001	7810000	0.002266415108401	8399	19108392	8431108639	102485336
GLOBAL	I	7810001	7820000	0.0017620711146036	8872	15787552	8959656548	54517252
GLOBAL	I	7820001	7830000	0.0018334558735886	9177	16994540	9269129541	54931884
GLOBAL	I	7830001	7840000	0.0018308060002457	8717	16030444	8755949018	100740907
GLOBAL	I	7840001	7850000	0.0015108424630466	8675	13218008	8748766548	65250327
GLOBAL	I	7850001	7860000	0.0019197141918744	9085	17581376	9158329961	72257164
GLOBAL	I	7860001	7870000	0.0018924290119716	9333	17849212	9431905708	50655617
GLOBAL	I	7870001	7880000	0.0020940121298492	8802	18602248	8883543574	59508476
GLOBAL	I	7880001	7890000	0.0022632131195326	8472	19263968	8511778159	95985641
GLOBAL	I	7890001	7900000	0.0018774091351214	8167	15482796	8246894995	50981180
GLOBAL	I	7900001	7910000	0.0017116261616616	9456	16351356	9553111752	54420648
GLOBAL	I	7910001	7920000	0.0019131659676715	9589	18567940	9705347217	37316508
GLOBAL	I	7920001	7930000	0.0022362900905773	8218	16356320	7314042158	1035651292
GLOBAL	I	7930001	7940000	0.0019139488512773	8934	17215532	8994771197	82396153
GLOBAL	I	7940001	7950000	0.0022867082935916	8498	19491492	8523820924	110359526
GLOBAL	I	7950001	7960000	0.001978668058671	8474	16881132	8531563405	78232445
GLOBAL	I	7960001	7970000	0.0017593886603815	8111	14074816	7999833304	241145471
GLOBAL	I	7970001	7980000	0	311	0	4999408	316064492
GLOBAL	I	7980001	7990000	NA	0	NA	NA	NA
GLOBAL	I	7990001	8000000	NA	0	NA	NA	NA
GLOBAL	I	8000001	8010000	0.0021948985437411	486	208292	94898236	398889914
GLOBAL	I	8010001	8020000	0.0018496307983758	8321	14902392	8056954941	397389084
GLOBAL	I	8020001	8030000	0.0018211159293195	8098	14761052	8105498262	122272188
GLOBAL	I	8030001	8040000	0.0020587090414088	8006	16535292	8031874183	102421967
GLOBAL	I	8040001	8050000	0.0012138950761862	7793	8719964	7183457756	734425069
GLOBAL	I	8050001	8060000	0.00082039586157263	9667	8024712	9781512043	40401632
GLOBAL	I	8060001	8070000	0.0024328736876975	8377	20510520	8430573319	80668106
GLOBAL	I	8070001	8080000	0.002445376811107	8181	20155488	8242283115	69817410
GLOBAL	I	8080001	8090000	0.0012624373153455	8937	11366228	9003399901	76815524
GLOBAL	I	8090001	8100000	0.0018964380182421	8392	15717184	8287739356	238742444
GLOBAL	I	8100001	8110000	0.0020890706297857	7603	15351160	7348320244	376517831
GLOBAL	I	8110001	8120000	0.0018679059999508	8611	16062684	8599299965	149691310
GLOBAL	I	8120001	8130000	0.0016996547606973	9004	15436796	9082312689	65976411
GLOBAL	I	8130001	8140000	0.0024358470347681	8843	21636556	8882559410	102149665
GLOBAL	I	8140001	8150000	0.0022196352344744	8640	19291756	8691408255	87047745
GLOBAL	I	8150001	8160000	0.0012930671098224	8294	10265904	7939188865	487722485
GLOBAL	I	8160001	8170000	0.0016567997911845	7615	12591832	7600092701	136937674
GLOBAL	I	8170001	8180000	0.0015686294226216	9012	14263316	9092852521	63564779
GLOBAL	I	8180001	8190000	0.0017824024340446	8508	15220640	8539395879	104944821
GLOBAL	I	8190001	8200000	0.0016514280707341	8017	12552576	7601043135	544429290
GLOBAL	I	8200001	8210000	0.0020227568013924	8217	16521124	8167627462	181049963
GLOBAL	I	8210001	8220000	0.0021413867067545	5018	4323432	2018987036	3080442439
GLOBAL	I	8220001	8230000	0.00049054052860952	5765	385756	786389661	5070994464
GLOBAL	I	8230001	8240000	0.00014627562416762	5205	33060	226011683	5078654842
GLOBAL	I	8240001	8250000	0.00016714340878946	4675	91664	548415284	4203533641
GLOBAL	I	8250001	8260000	0.0026116648281358	7740	19617876	7511636175	352397325
GLOBAL	I	8260001	8270000	0.0017579757915224	8498	14956672	8507894177	126286273
GLOBAL	I	8270001	8280000	0.0017915976315335	9075	16271040	9081860633	138566242
GLOBAL	I	8280001	8290000	0.002152168094857	8662	18824820	8746909707	53898843
GLOBAL	I	8290001	8300000	0.0017340287512032	9171	15997928	9225872402	92092873
GLOBAL	I	8300001	8310000	0.0024132362272892	8742	21262500	8810782699	71307851
GLOBAL	I	8310001	8320000	0.0020949049113563	8125	17099408	8162379069	92824056
GLOBAL	I	8320001	8330000	0.002168816143402	9084	19859368	9156778024	72793076
GLOBAL	I	8330001	8340000	0.0017534692920942	8366	14013552	7991900436	508164714
GLOBAL	I	8340001	8350000	0.002330764432328	7805	18286236	7845595954	84479171
GLOBAL	I	8350001	8360000	0.0018948932713633	8977	17178492	9065677872	55178553
GLOBAL	I	8360001	8370000	0.0021213552850928	9053	19213616	9057236256	140838069
GLOBAL	I	8370001	8380000	0.0014936259160138	9180	13879608	9292559704	34549796
GLOBAL	I	8380001	8390000	0.001632392029387	9255	15285892	9364106002	39205373
GLOBAL	I	8390001	8400000	0.0018510318705391	8908	16661648	9001275594	49475106
GLOBAL	I	8400001	8410000	0.0018776038753771	9215	17507284	9324269208	38401167
GLOBAL	I	8410001	8420000	0.0020187561286298	8632	16684344	8264665436	505662364
GLOBAL	I	8420001	8430000	0.0018540976772063	9082	16766692	9043046764	184492286
GLOBAL	I	8430001	8440000	0.0015877108737069	8906	14271868	8988959033	59759617
GLOBAL	I	8440001	8450000	0.0022660571690731	8583	19578144	8639739662	80802913
GLOBAL	I	8450001	8460000	0.0021437990101974	8148	16675064	7778277684	500294016
GLOBAL	I	8460001	8470000	0.0020845249299645	8466	17718676	8500102707	101564943
GLOBAL	I	8470001	8480000	0.002171674282216	8451	18442164	8492140903	94286372
GLOBAL	I	8480001	8490000	0.0017944839736185	8213	14051892	7830603230	514010095
GLOBAL	I	8490001	8500000	0.0015229346322741	8550	13154508	8637605135	49408615
GLOBAL	I	8500001	8510000	0.0016350089004357	8626	14143888	8650648933	113582717
GLOBAL	I	8510001	8520000	0.001424614326223	8884	12673920	8896386739	129979361
GLOBAL	I	8520001	8530000	0.0018180239829761	8824	16181684	8900698864	64705736
GLOBAL	I	8530001	8540000	0.0020549972379913	8562	17449740	8491369077	207836973
GLOBAL	I	8540001	8550000	0.0014576754978537	9404	13848360	9500303751	54395349
GLOBAL	I	8550001	8560000	0.0012006036078653	9467	11497400	9576349700	42358975
GLOBAL	I	8560001	8570000	0.0014144586497568	9215	13153448	9299280684	63389691
GLOBAL	I	8570001	8580000	0.0018003115148587	8407	15036044	8351912364	189809811
GLOBAL	I	8580001	8590000	0.0019686075394665	8677	17144188	8708789160	107259765
GLOBAL	I	8590001	8600000	0.0017461565541465	9054	15970744	9146226873	52863477
GLOBAL	I	8600001	8610000	0.0020026498309115	8907	18016268	8996214776	53519899
GLOBAL	I	8610001	8620000	0.0019690028002066	8388	16544588	8402521316	119896384
GLOBAL	I	8620001	8630000	0.0020863057357366	8494	17802228	8532895105	97221245
GLOBAL	I	8630001	8640000	0.0014800686784559	9217	13731036	9277296520	87405905
GLOBAL	I	8640001	8650000	0.001916986043954	8030	15480372	8075370214	83310536
GLOBAL	I	8650001	8660000	0.0021878286541868	8595	18870980	8625437812	107297063
GLOBAL	I	8660001	8670000	0.0017127956771116	9022	15635452	9128614819	37962731
GLOBAL	I	8670001	8680000	0.0021336045157896	8521	17481952	8193623453	463925572
GLOBAL	I	8680001	8690000	0.0021610919565832	8626	18817132	8707233370	56998280
GLOBAL	I	8690001	8700000	0.0025127615986039	7939	19954472	7941251574	124970901
GLOBAL	I	8700001	8710000	0.0016639497689908	9121	15283992	9185368624	81795401
GLOBAL	I	8710001	8720000	0.0020901262345604	8572	17985972	8605208481	104157819
GLOBAL	I	8720001	8730000	0.0024289496045766	7665	18009980	7414719501	373112124
GLOBAL	I	8730001	8740000	0.0014106872932754	8785	12428552	8810281385	115498240
GLOBAL	I	8740001	8750000	0.0016069894564842	8736	13997820	8710586086	165408314
GLOBAL	I	8750001	8760000	0.0022336958331652	8322	18488104	8276912069	178447981
GLOBAL	I	8760001	8770000	0.0011211431325942	9335	10548136	9408375874	76217501
GLOBAL	I	8770001	8780000	0.001461436191725	8489	12278940	8401967920	223068305
GLOBAL	I	8780001	8790000	0.0015826042276531	9549	15298632	9666745313	35277412
GLOBAL	I	8790001	8800000	0.0022076414242453	9114	20216076	9157318656	102733194
GLOBAL	I	8800001	8810000	0.0020233190695601	7926	16107684	7961020208	91993942
GLOBAL	I	8810001	8820000	0.0021304881484045	8400	17982932	8440756647	93853353
GLOBAL	I	8820001	8830000	0.002228703450831	8930	20088348	9013468343	59634907
GLOBAL	I	8830001	8840000	0.0018254141834004	8962	16524888	9052678647	52937403
GLOBAL	I	8840001	8850000	0.0015618500851144	9115	14351452	9188751300	72316575
GLOBAL	I	8850001	8860000	0.0020827824200635	8642	18115404	8697693924	82794126
GLOBAL	I	8860001	8870000	0.0016833318279031	8852	14792612	8787698156	206155144
GLOBAL	I	8870001	8880000	0.0019664006710555	8287	16369588	8324645247	95153928
GLOBAL	I	8880001	8890000	0.0024033091155261	8254	19827768	8250194647	136075703
GLOBAL	I	8890001	8900000	0.0015253235572438	9176	14140700	9270623228	52422172
GLOBAL	I	8900001	8910000	0.0019747843624649	6619	12197620	6176684519	548384956
GLOBAL	I	8910001	8920000	0.0020999706620381	8344	17646648	8403283112	74429488
GLOBAL	I	8920001	8930000	0.0017803955275722	9292	16643620	9348271068	92633232
GLOBAL	I	8930001	8940000	0.0018629500277384	9005	16963200	9105558253	43746872
GLOBAL	I	8940001	8950000	0.0024353733464581	8023	19713936	8094831139	56737436
GLOBAL	I	8950001	8960000	0.0024751576585552	8497	21222468	8574188366	58976059
GLOBAL	I	8960001	8970000	0.0016359210084194	8979	14804684	9049754801	73133674
GLOBAL	I	8970001	8980000	0.0017596348953471	8702	15455772	8783510739	57938811
GLOBAL	I	8980001	8990000	0.0013683465753365	8839	12192340	8910271871	70373104
GLOBAL	I	8990001	9000000	0.0019353339901663	8981	17129856	8851111016	273809509
GLOBAL	I	9000001	9010000	0.0020193907894453	8877	17861716	8845101252	174152673
GLOBAL	I	9010001	9020000	0.0022001257931692	8681	19214560	8733391545	86721480
GLOBAL	I	9020001	9030000	0.0017195609454635	8959	15546536	9040991563	61576412
GLOBAL	I	9030001	9040000	0.0016223531738545	9617	15801616	9739935949	31176476
GLOBAL	I	9040001	9050000	0.0024642639448954	8801	21800024	8846464700	95571325
GLOBAL	I	9050001	9060000	0.0016740377522733	9229	15583808	9309113835	67780890
GLOBAL	I	9060001	9070000	0.0021802470518032	9212	20262248	9293555968	66066332
GLOBAL	I	9070001	9080000	0.0021059873615672	8128	17164088	8150138179	108113021
GLOBAL	I	9080001	9090000	0.0027097187750199	8529	23243816	8577944034	87733191
GLOBAL	I	9090001	9100000	0.0015189141301057	9554	14676400	9662429040	44673810
GLOBAL	I	9100001	9110000	0.001971439639084	9528	19002088	9638686178	42000022
GLOBAL	I	9110001	9120000	0.0014508736528645	9288	13654316	9411099287	25740913
GLOBAL	I	9120001	9130000	0.0026094839413403	8862	23380488	8959812946	44200604
GLOBAL	I	9130001	9140000	0.002573505570571	8422	21526068	8364492483	192470067
GLOBAL	I	9140001	9150000	0.0025549660998999	9226	23853072	9335964184	37882466
GLOBAL	I	9150001	9160000	0.0025589688343374	8630	22225276	8685246847	83048903
GLOBAL	I	9160001	9170000	0.0017573232411434	9195	16308672	9280405345	61944530
GLOBAL	I	9170001	9180000	0.0016226471377088	9003	14690320	9053305342	93967733
GLOBAL	I	9180001	9190000	0.0019971427141818	7548	14362152	7191349871	488783104
GLOBAL	I	9190001	9200000	0.0015746377025325	9180	14512944	9216687735	110421765
GLOBAL	I	9200001	9210000	0.0019471606207155	8237	16135312	8286585004	82412921
GLOBAL	I	9210001	9220000	0.0017093963850426	9059	15613008	9133638129	70532346
GLOBAL	I	9220001	9230000	0.0022615273265082	8843	20133480	8902603017	82106058
GLOBAL	I	9230001	9240000	0.0020934712973592	9226	19496708	9313100220	60746430
GLOBAL	I	9240001	9250000	0.0024099351229822	8344	20045968	8318052967	159659633
GLOBAL	I	9250001	9260000	0.0020476835709142	8903	18072020	8825592126	220078449
GLOBAL	I	9260001	9270000	0.0015812835463503	9038	14396032	9104016818	78817132
GLOBAL	I	9270001	9280000	0.0021252900801775	8945	19145920	9008614955	79728670
GLOBAL	I	9280001	9290000	0.0017588601445101	9501	16905336	9611529406	41724119
GLOBAL	I	9290001	9300000	0.0021968320197574	9112	20187468	9189354406	68665394
GLOBAL	I	9300001	9310000	0.0022431905889186	7770	16792908	7486170851	408343399
GLOBAL	I	9310001	9320000	0.0020780412853731	8907	18591448	8946621095	103113580
GLOBAL	I	9320001	9330000	0.0023688869842998	9146	21855228	9225947943	66616707
GLOBAL	I	9330001	9340000	0.0015822430760252	8953	14309940	9044084450	52387375
GLOBAL	I	9340001	9350000	0.003046412827722	8811	27027760	8871995205	80201070
GLOBAL	I	9350001	9360000	0.002662325447729	7584	19208432	7214907560	490626040
GLOBAL	I	9360001	9370000	0.0019837545155793	9186	18355548	9252933191	80272459
GLOBAL	I	9370001	9380000	0.0022020603544666	8662	19192488	8715695717	85112833
GLOBAL	I	9380001	9390000	0.0026498092065005	8830	23502712	8869586513	101914237
GLOBAL	I	9390001	9400000	0.0017546894872107	9300	16510020	9409083556	39948944
GLOBAL	I	9400001	9410000	0.0018022929277297	8045	14607700	8105064263	68856862
GLOBAL	I	9410001	9420000	0.002507277386439	8695	21815844	8701009357	133328018
GLOBAL	I	9420001	9430000	0.0018406090226099	8770	16179056	8790055792	120483458
GLOBAL	I	9430001	9440000	0.0045817348639406	8166	36511692	7968966578	327893572
GLOBAL	I	9440001	9450000	0.0027287995829504	8225	21485340	7873550016	483255609
GLOBAL	I	9450001	9460000	0.0021946058170794	9190	20300648	9250247968	87021782
GLOBAL	I	9460001	9470000	0.0018128043525337	8721	15965892	8807289092	53464933
GLOBAL	I	9470001	9480000	0.0013859075992456	9516	13354368	9635828541	32665359
GLOBAL	I	9480001	9490000	0.0032053985263205	7942	25276864	7885716485	183554065
GLOBAL	I	9490001	9500000	0.0017441317459933	9092	16054296	9204749605	32949695
GLOBAL	I	9500001	9510000	0.001825614366205	9163	16803944	9204541940	105295135
GLOBAL	I	9510001	9520000	0.0024203420537549	8660	21154136	8740143141	58633359
GLOBAL	I	9520001	9530000	0.001635116627989	9425	15612060	9547979473	28056152
GLOBAL	I	9530001	9540000	0.0016495831657856	9243	15359508	9311144972	79974103
GLOBAL	I	9540001	9550000	0.00262043390149	8513	22345184	8527283969	122136856
GLOBAL	I	9550001	9560000	0.0030530474210987	8217	25118748	8227434604	121242821
GLOBAL	I	9560001	9570000	0.0018861066299439	8876	16814548	8914950901	103286999
GLOBAL	I	9570001	9580000	0.0015944585787648	9074	14609020	9162370346	57040504
GLOBAL	I	9580001	9590000	0.0022901206914106	8941	20679636	9029932823	54346702
GLOBAL	I	9590001	9600000	0.0022776177995848	9106	20994480	9217736182	34187468
GLOBAL	I	9600001	9610000	0.0025305827657701	8723	22324916	8822045381	40740694
GLOBAL	I	9610001	9620000	0.0023619519833142	9028	21551308	9124363303	48310397
GLOBAL	I	9620001	9630000	0.0020299184682314	9245	18898308	9309885247	83265878
GLOBAL	I	9630001	9640000	0.0013211510795132	8538	10767552	8150129207	524692243
GLOBAL	I	9640001	9650000	0.001602231098566	8836	14278424	8911588355	66008545
GLOBAL	I	9650001	9660000	0.0018093554826864	9290	16934284	9359290732	79581518
GLOBAL	I	9660001	9670000	0.0029306800415595	8286	24481284	8353448228	65334922
GLOBAL	I	9670001	9680000	0.0039235453383643	8331	32938284	8395030810	69473465
GLOBAL	I	9680001	9690000	0.0026150198270281	8981	23682716	9056419288	68501237
GLOBAL	I	9690001	9700000	0.0028645203934003	9118	26328604	9191278254	72837696
GLOBAL	I	9700001	9710000	0.0039980928135191	8648	34537352	8638456787	148127413
GLOBAL	I	9710001	9720000	0.0025677055229356	8656	22128156	8617871404	176840996
GLOBAL	I	9720001	9730000	0.0011961118466327	9124	11034568	9225364694	44847406
GLOBAL	I	9730001	9740000	0.0021139676001589	7915	16619444	7861730709	180107166
GLOBAL	I	9740001	9750000	0.0017624150439056	8777	15596700	8849618059	68033366
GLOBAL	I	9750001	9760000	0.0017926702553736	9267	16782196	9361563260	53940415
GLOBAL	I	9760001	9770000	0.0017651095106993	8880	15850752	8980038861	42263139
GLOBAL	I	9770001	9780000	0.0023381819547167	9104	21499364	9194906306	54985294
GLOBAL	I	9780001	9790000	0.0027992705236714	8039	22379480	7994754280	173070695
GLOBAL	I	9790001	9800000	0.0031102202239324	8618	27051036	8697466434	58637016
GLOBAL	I	9800001	9810000	0.0025507312831681	8856	22656108	8882201018	115716382
GLOBAL	I	9810001	9820000	0.0031887640050463	8960	28862240	9051231121	52352879
GLOBAL	I	9820001	9830000	0.0024391090137713	9375	23077640	9461504127	63730248
GLOBAL	I	9830001	9840000	0.0025054928971857	9086	22807440	9102975317	128627833
GLOBAL	I	9840001	9850000	0.0029005713291411	8167	23225240	8007125964	290750211
GLOBAL	I	9850001	9860000	0.0039017510593312	7935	26647104	6829524384	1273274991
GLOBAL	I	9860001	9870000	0.0028901140537825	8449	24113424	8343416056	240979169
GLOBAL	I	9870001	9880000	0.0029355980953395	8101	22348572	7612953570	617864955
GLOBAL	I	9880001	9890000	0.0024415322160861	6036	7339260	3006005799	3126721101
GLOBAL	I	9890001	9900000	0.0022564310070478	7377	11593592	5138021931	2357194494
GLOBAL	I	9900001	9910000	0.0026993277495057	8676	23524980	8715125462	99907438
GLOBAL	I	9910001	9920000	0.0027286829985532	8795	24087068	8827360310	108579565
GLOBAL	I	9920001	9930000	0.004061311346652	8867	36207632	8915256406	93837269
GLOBAL	I	9930001	9940000	0.004885949502113	8360	41066780	8405076635	88892365
GLOBAL	I	9940001	9950000	0.0032114745505948	7487	23500420	7317641672	289337503
GLOBAL	I	9950001	9960000	0.0028990909970915	8145	23716588	8180698027	94825598
GLOBAL	I	9960001	9970000	0.0024891944416149	9051	22784412	9153327526	42714749
GLOBAL	I	9970001	9980000	0.0030312055527481	8453	25619388	8451880796	136578529
GLOBAL	I	9980001	9990000	0.003909309484897	8250	31431012	8040041885	342164365
GLOBAL	I	9990001	10000000	0.0052442879653283	7754	40612080	7744059874	134197976
GLOBAL	I	10000001	10010000	0.0035781632542535	8202	29294784	8187101012	146336038
GLOBAL	I	10010001	10020000	0.0052645579635848	8222	40376224	7669442388	684315162
GLOBAL	I	10020001	10030000	0.0047772450788492	7689	36518072	7644169683	168046542
GLOBAL	I	10030001	10040000	0.0043366946189588	8188	35359120	8153472427	165740273
GLOBAL	I	10040001	10050000	0.0043902072314252	8307	36674052	8353603843	86515832
GLOBAL	I	10050001	10060000	0.0028828315315901	8076	23015744	7983728410	221689490
GLOBAL	I	10060001	10070000	0.0049257756246434	7543	37267568	7565827362	98049213
GLOBAL	I	10070001	10080000	0.0046758098159214	8389	33967636	7264546108	1258887617
GLOBAL	I	10080001	10090000	0.0024808011967339	8848	22026812	8878910583	110878617
GLOBAL	I	10090001	10100000	0.0018992863942386	8359	15753404	8294380483	198572492
GLOBAL	I	10100001	10110000	0.0024949143542794	8735	21871020	8766240798	108737577
GLOBAL	I	10110001	10120000	0.0032544673810931	9042	29633348	9105437090	81460960
GLOBAL	I	10120001	10130000	0.0024003145686397	8771	21135984	8805505860	106049415
GLOBAL	I	10130001	10140000	0.0023528409736627	8453	19921488	8466992977	121466348
GLOBAL	I	10140001	10150000	0.0016442533007947	9088	15101696	9184531357	49103843
GLOBAL	I	10150001	10160000	0.0039178055927214	7872	30606812	7812233475	185915325
GLOBAL	I	10160001	10170000	0.0041233522148022	8132	33285848	8072521159	189794141
GLOBAL	I	10170001	10180000	0.0031778945840271	8855	28349216	8920754056	76147319
GLOBAL	I	10180001	10190000	0.0048544561630752	8398	41131168	8472868354	59709596
GLOBAL	I	10190001	10200000	0.003746060462521	7815	29012948	7744922510	195312865
GLOBAL	I	10200001	10210000	0.0034215771547126	6169	14203456	4151142984	2116715241
GLOBAL	I	10210001	10220000	0.0039871522118176	5835	18891924	4738199847	1190306028
GLOBAL	I	10220001	10230000	0.0019078930719485	7563	14083108	7381497531	302699544
GLOBAL	I	10230001	10240000	0.0010620089343892	8711	9358424	8812001196	38592579
GLOBAL	I	10240001	10250000	0.0044030789147403	8819	39168312	8895664320	64660155
GLOBAL	I	10250001	10260000	0.0017288529243009	8838	15383176	8897909003	81719947
GLOBAL	I	10260001	10270000	0.0025196282184677	6854	16610468	6592428152	371407198
GLOBAL	I	10270001	10280000	0.0041056195455543	7983	32575808	7934443910	176483665
GLOBAL	I	10280001	10290000	0.0027465449200074	8534	22954020	8357416561	313340789
GLOBAL	I	10290001	10300000	0.003124005151945	8886	27949652	8946736846	81661304
GLOBAL	I	10300001	10310000	0.0034883237837799	8532	29933156	8580956888	87768412
GLOBAL	I	10310001	10320000	0.0029547754110177	7898	22971916	7774504930	250060520
GLOBAL	I	10320001	10330000	0.0018871141050271	8088	15401160	8161223510	56386690
GLOBAL	I	10330001	10340000	0.0028589863599167	8581	24738360	8652842961	65667564
GLOBAL	I	10340001	10350000	0.0046070259861894	7256	32701752	7098234761	274042639
GLOBAL	I	10350001	10360000	0.0040483919394926	8264	33695432	8323164482	73266118
GLOBAL	I	10360001	10370000	0.0052641364953066	8029	42335372	8042225356	115439369
GLOBAL	I	10370001	10380000	0.005055630971332	7983	40358396	7982860345	128067230
GLOBAL	I	10380001	10390000	0.0058316167791888	7434	42942668	7363767138	189362712
GLOBAL	I	10390001	10400000	0.0042664461050833	7491	30207604	7080273196	530770079
GLOBAL	I	10400001	10410000	0.0028286975923736	6897	18199756	6433970195	573554230
GLOBAL	I	10410001	10420000	0.0044511589600222	7533	31548464	7087696549	566019776
GLOBAL	I	10420001	10430000	0.0024166586759277	9050	22087120	9139528151	55498099
GLOBAL	I	10430001	10440000	0.0053121545314492	6988	37046372	6973888237	126094463
GLOBAL	I	10440001	10450000	0.0046785044846432	7469	34988848	7478639406	110051319
GLOBAL	I	10450001	10460000	0.0043498176786296	7915	33336248	7663826501	378011374
GLOBAL	I	10460001	10470000	0.0032742513482548	8318	27188260	8303656961	147638989
GLOBAL	I	10470001	10480000	0.0022160993570713	7777	17081060	7707713982	193912443
GLOBAL	I	10480001	10490000	0.001401903603	9089	12865868	9177427016	57224209
GLOBAL	I	10490001	10500000	0.003108110703339	7737	23766200	7646510137	214475288
GLOBAL	I	10500001	10510000	0.0031128991015805	8166	25476304	8184108501	112751649
GLOBAL	I	10510001	10520000	0.0032196812762108	8664	28140036	8740006723	62833877
GLOBAL	I	10520001	10530000	0.0023170191452205	8607	20138396	8691510401	53416774
GLOBAL	I	10530001	10540000	0.0037948640610322	7333	26687572	7032550197	417961128
GLOBAL	I	10540001	10550000	0.0036601706820208	7815	28296520	7730929090	209306285
GLOBAL	I	10550001	10560000	0.0025570359013013	8361	20381056	7970578743	524406282
GLOBAL	I	10560001	10570000	0.0039265440705075	8275	32446408	8263350014	144256861
GLOBAL	I	10570001	10580000	0.0053281416865366	7852	41656724	7818246295	159582005
GLOBAL	I	10580001	10590000	0.0031403179243718	7944	24909680	7932215973	139086627
GLOBAL	I	10590001	10600000	0.0034253642613512	8042	27614704	8061829894	109043156
GLOBAL	I	10600001	10610000	0.003235741281836	8340	27087708	8371407242	102241258
GLOBAL	I	10610001	10620000	0.0032094732398456	7958	25583448	7971229572	114297378
GLOBAL	I	10620001	10630000	0.00359204215995	7404	26088676	7262909186	259739914
GLOBAL	I	10630001	10640000	0.0027266703199578	8111	22232800	8153827706	87151069
GLOBAL	I	10640001	10650000	0.0028971992732473	8409	24474712	8447714393	96039832
GLOBAL	I	10650001	10660000	0.0031394559015561	9436	29998100	9555190753	32021147
GLOBAL	I	10660001	10670000	0.0039345465496998	7450	28395944	7217081725	352304525
GLOBAL	I	10670001	10680000	0.0068987423463209	7473	50839900	7369444668	223310157
GLOBAL	I	10680001	10690000	0.0050178288787578	8074	39637860	7899404495	303981355
GLOBAL	I	10690001	10700000	0.0049707886314181	7732	38350476	7715169331	140735969
GLOBAL	I	10700001	10710000	0.003203002885959	8344	26795288	8365677133	112035467
GLOBAL	I	10710001	10720000	0.0046538978299558	6910	31786768	6830138770	190593980
GLOBAL	I	10720001	10730000	0.0046853403544711	7127	32792308	6998916945	242293230
GLOBAL	I	10730001	10740000	0.0066566239745971	7792	52204004	7842414443	74452357
GLOBAL	I	10740001	10750000	0.005188184133782	7126	36381068	7012293138	227901012
GLOBAL	I	10750001	10760000	0.0034997481100488	8507	30030308	8580705541	62619134
GLOBAL	I	10760001	10770000	0.0034722437851096	7739	26249356	7559767581	303249894
GLOBAL	I	10770001	10780000	0.0061578816153621	8190	50354764	8177286792	143957958
GLOBAL	I	10780001	10790000	0.0053364150083028	6969	36881156	6911223348	169454877
GLOBAL	I	10790001	10800000	0.0059371573224384	7054	37135760	6254804780	912235570
GLOBAL	I	10800001	10810000	0.0051922131467234	6764	33708728	6492169533	380223567
GLOBAL	I	10810001	10820000	0.0053761148000751	7258	38755332	7208799187	165510263
GLOBAL	I	10820001	10830000	0.0062327826436657	8041	50022996	8025788618	144068407
GLOBAL	I	10830001	10840000	0.0075941145992886	5886	40418976	5322407961	657915189
GLOBAL	I	10840001	10850000	0.0051824500651333	6779	33080996	6383273468	504360007
GLOBAL	I	10850001	10860000	0.0059758637386614	6784	38963668	6520173435	372540165
GLOBAL	I	10860001	10870000	0.0045341648505058	7289	29940932	6603406137	802400088
GLOBAL	I	10870001	10880000	0.005415896692067	7178	35618632	6576682316	716345134
GLOBAL	I	10880001	10890000	0.0056963984653807	7883	44176224	7755114792	254210283
GLOBAL	I	10890001	10900000	0.0049241608311623	7358	35731220	7256306450	219605500
GLOBAL	I	10900001	10910000	0.0056844335945242	7236	37714632	6634721186	717235714
GLOBAL	I	10910001	10920000	0.0048280466384563	7114	33942100	7030193066	197808784
GLOBAL	I	10920001	10930000	0.0058766465099345	6795	36663500	6238847264	665042611
GLOBAL	I	10930001	10940000	0.0060628726944636	5696	30795608	5079375661	707902739
GLOBAL	I	10940001	10950000	0.0044707983019033	7628	33322200	7453299780	296938920
GLOBAL	I	10950001	10960000	0.0059455531403267	6282	34562480	5813164761	569504289
GLOBAL	I	10960001	10970000	0.0032588461848915	6179	12116520	3718039856	2559978619
GLOBAL	I	10970001	10980000	0.0046287581782582	6525	28101792	6071129862	558433263
GLOBAL	I	10980001	10990000	0.005914333337626	6408	35109352	5936316064	577420211
GLOBAL	I	10990001	11000000	0.0063999470761864	6357	35777528	5590284978	868585947
GLOBAL	I	11000001	11010000	0.0050520639383275	6284	28604856	5662013852	722687248
GLOBAL	I	11010001	11020000	0.0052417976098451	6589	30567164	5831427742	863160983
GLOBAL	I	11020001	11030000	0.0023232669814662	6604	13506300	5813494578	896334522
GLOBAL	I	11030001	11040000	0.0045287185155375	8629	39299324	8677802311	89477414
GLOBAL	I	11040001	11050000	0.0030528763457443	8328	25524332	8360748720	100707480
GLOBAL	I	11050001	11060000	0.003014699489916	7536	22820888	7569871583	86892817
GLOBAL	I	11060001	11070000	0.0050013169962984	5962	25117220	5022121177	1035419873
GLOBAL	I	11070001	11080000	0.0058166585015173	7709	44752960	7693929425	138607300
GLOBAL	I	11080001	11090000	0.0052805447110242	7361	38560620	7302394376	176565649
GLOBAL	I	11090001	11100000	0.0056514416810074	5254	25611304	4531817799	806377551
GLOBAL	I	11100001	11110000	0.0034173344650575	6533	19663420	5754022675	883668650
GLOBAL	I	11110001	11120000	0.0048139909904092	6696	31091540	6458578768	344724632
GLOBAL	I	11120001	11130000	0.0054797524851307	7256	39566808	7220546568	151730832
GLOBAL	I	11130001	11140000	0.0047248153574997	6359	29865036	6320889546	140013429
GLOBAL	I	11140001	11150000	0.003891073730174	8275	31126472	7999455718	408151157
GLOBAL	I	11150001	11160000	0.0049622709027374	6629	25395292	5117675455	1617554270
GLOBAL	I	11160001	11170000	0.0045795773427899	7791	35629016	7779979097	135871678
GLOBAL	I	11170001	11180000	0.0056578839358553	7337	41004676	7247351919	207223506
GLOBAL	I	11180001	11190000	0.0063097826344523	6770	41370524	6556568807	321920443
GLOBAL	I	11190001	11200000	0.0051584630203257	6531	32138312	6230210796	405448479
GLOBAL	I	11200001	11210000	0.0063854427955725	6174	36329976	5689499877	583438473
GLOBAL	I	11210001	11220000	0.0049468097718541	6124	29606556	5984979687	237157413
GLOBAL	I	11220001	11230000	0.0058933454595675	6463	35692060	6056332561	510237014
GLOBAL	I	11230001	11240000	0.0048174073615362	8001	38845908	8063654386	65561639
GLOBAL	I	11240001	11250000	0.0029581316833573	8223	24449284	8265110082	89663493
GLOBAL	I	11250001	11260000	0.0043113927284857	7471	31376428	7277562026	313160749
GLOBAL	I	11260001	11270000	0.0048464112092472	6687	30013084	6192847182	601311993
GLOBAL	I	11270001	11280000	0.0044931976728403	7882	33279712	7406687714	601621336
GLOBAL	I	11280001	11290000	0.0052934569204068	7607	40132888	7581602836	147299339
GLOBAL	I	11290001	11300000	0.0049017183573819	7725	37981976	7748706317	100086808
GLOBAL	I	11300001	11310000	0.0027985383619204	8847	24873500	8888032531	100740644
GLOBAL	I	11310001	11320000	0.0036544915474601	8105	29645176	8111983737	122898888
GLOBAL	I	11320001	11330000	0.0049291685880079	8165	40403848	8196889045	98955080
GLOBAL	I	11330001	11340000	0.0043315902988725	8359	35885952	8284705968	208247007
GLOBAL	I	11340001	11350000	0.0048315299814914	7840	37195288	7698449175	267186825
GLOBAL	I	11350001	11360000	0.0054063436387614	7168	35939708	6647692119	635175081
GLOBAL	I	11360001	11370000	0.0052439864255853	7608	37581604	7166609703	563308497
GLOBAL	I	11370001	11380000	0.0073263048506697	4392	21297492	2906989599	1555392201
GLOBAL	I	11380001	11390000	0.0050727218158938	6183	29119260	5740362089	541720486
GLOBAL	I	11390001	11400000	0.0057919642811822	6798	36234716	6256032365	650905585
GLOBAL	I	11400001	11410000	0.0062550783399545	7154	43850916	7010450328	258192522
GLOBAL	I	11410001	11420000	0.0074499247867691	6314	44733584	6004568540	410613310
GLOBAL	I	11420001	11430000	0.005970131518251	6740	38702348	6482662548	365345952
GLOBAL	I	11430001	11440000	0.0069715939912304	7840	47311716	6786355611	1179280389
GLOBAL	I	11440001	11450000	0.0045727697581245	7749	32992864	7215072209	658105516
GLOBAL	I	11450001	11460000	0.0029409896608246	8818	26192480	8906008868	53299582
GLOBAL	I	11460001	11470000	0.0089809329209279	7020	63226888	7040124735	92370765
GLOBAL	I	11470001	11480000	0.0081325369783282	7216	58180660	7154060308	177576092
GLOBAL	I	11480001	11490000	0.0055325085903326	7742	26860352	4855004120	3013093480
GLOBAL	I	11490001	11500000	0.0035591321436964	6234	6960408	1955647534	4378252316
GLOBAL	I	11500001	11510000	0.007615185710084	5945	42003944	5515813481	524455144
GLOBAL	I	11510001	11520000	0.0094831186559404	5946	45843256	4834196182	1207088468
GLOBAL	I	11520001	11530000	0.0090471268520513	6057	47837300	5287568173	866495252
GLOBAL	I	11530001	11540000	0.005095037009746	7884	39974748	7845820928	164520172
GLOBAL	I	11540001	11550000	0.0048903288935725	8671	42819416	8755937879	54014896
GLOBAL	I	11550001	11560000	0.0061209599210421	6115	32509852	5311234254	901758621
GLOBAL	I	11560001	11570000	0.0064229738511529	6828	40759916	6345957020	591461680
GLOBAL	I	11570001	11580000	0.0070099255541403	5982	41167976	5872812155	205049395
GLOBAL	I	11580001	11590000	0.0071595628987727	7672	54954244	7675642323	119301477
GLOBAL	I	11590001	11600000	0.0064947925978281	6744	43080372	6633063543	219009057
GLOBAL	I	11600001	11610000	0.0023376345897672	7484	17466100	7471698133	132232967
GLOBAL	I	11610001	11620000	0.0033517708895976	6449	20841076	6217929771	334415454
GLOBAL	I	11620001	11630000	0.0027418506304637	8376	22970576	8377763451	132461949
GLOBAL	I	11630001	11640000	0.0035832308541437	7822	27671560	7722516669	224830881
GLOBAL	I	11640001	11650000	0.0043661843260312	7170	31066308	7115207623	169691627
GLOBAL	I	11650001	11660000	0.0036597112896128	7434	27007996	7379816019	173313831
GLOBAL	I	11660001	11670000	0.0032952106824603	6846	21147276	6417579341	538127809
GLOBAL	I	11670001	11680000	0.0039383668041745	7784	30808836	7822744181	85994419
GLOBAL	I	11680001	11690000	0.0061726063464989	6718	41022516	6645898620	179757330
GLOBAL	I	11690001	11700000	0.0055043938839426	6429	35031488	6364277110	167747615
GLOBAL	I	11700001	11710000	0.0066153054045835	5851	35659356	5390432311	554329964
GLOBAL	I	11710001	11720000	0.0073692074342016	6414	46302036	6283177182	233607168
GLOBAL	I	11720001	11730000	0.005236793674657	7750	40750776	7781627181	92566569
GLOBAL	I	11730001	11740000	0.0064073114458641	6014	38062236	5940437939	169936411
GLOBAL	I	11740001	11750000	0.0054849339281059	5920	20952360	3819984028	2194883972
GLOBAL	I	11750001	11760000	0.0075325020249873	6029	41731652	5540211189	585403536
GLOBAL	I	11760001	11770000	0.0064932635520873	6834	43886524	6758777562	189817413
GLOBAL	I	11770001	11780000	0.0054412983692342	7786	42296600	7773255045	137515605
GLOBAL	I	11780001	11790000	0.0099118792932508	5264	48035900	4846295902	502059698
GLOBAL	I	11790001	11800000	0.0073236689599833	5989	39769904	5430325185	654648540
GLOBAL	I	11800001	11810000	0.005751978345063	6087	33705600	5859827346	324716829
GLOBAL	I	11810001	11820000	0.0056772760272938	5509	29400908	5178699760	418581965
GLOBAL	I	11820001	11830000	0.0034335729376249	6462	22109956	6439343623	126209927
GLOBAL	I	11830001	11840000	0.0045850365878616	5182	21410460	4669637764	595403786
GLOBAL	I	11840001	11850000	0.0052618319271547	6916	36200008	6879734758	147094142
GLOBAL	I	11850001	11860000	0.0057877253670054	6685	37625800	6500964993	291162132
GLOBAL	I	11860001	11870000	0.0043146255006237	7108	29739664	6892756740	329148960
GLOBAL	I	11870001	11880000	0.0052016280750183	6463	32925232	6329793581	236775994
GLOBAL	I	11880001	11890000	0.0055024166490593	7474	41319036	7509252504	84518346
GLOBAL	I	11890001	11900000	0.0084089384136409	5516	29391420	3495259277	2109134623
GLOBAL	I	11900001	11910000	0.014063396985665	3024	12022084	854849224	2217610376
GLOBAL	I	11910001	11920000	0.012870264538982	1881	7083336	550364445	1360778580
GLOBAL	I	11920001	11930000	0.024090105525922	76	94652	3929082	79384968
GLOBAL	I	11930001	11940000	0.0095056520374155	286	22860	2404885	288178265
GLOBAL	I	11940001	11950000	NA	0	NA	NA	NA
GLOBAL	I	11950001	11960000	NA	0	NA	NA	NA
GLOBAL	I	11960001	11970000	0.0085675358435424	1803	8769260	1023545178	842892747
GLOBAL	I	11970001	11980000	0.0063306781537212	5633	34853628	5505512546	217756279
GLOBAL	I	11980001	11990000	0.0066014456837872	6562	41411572	6273106526	394049524
GLOBAL	I	11990001	12000000	0.0054432360186213	5788	31303280	5750858477	129894223
GLOBAL	I	12000001	12010000	0.0073281362485454	7664	55771020	7610532625	176282975
GLOBAL	I	12010001	12020000	0.0067163219843897	5426	35501052	5285787680	227163970
GLOBAL	I	12020001	12030000	0.0091310969996615	4691	27484640	3010004165	1775473585
GLOBAL	I	12030001	12040000	0.0071942948688825	6081	31014620	4311002060	1867445965
GLOBAL	I	12040001	12050000	0.0053344460364148	5856	29084404	5452188250	497654150
GLOBAL	I	12050001	12060000	0.0061043350985274	5426	22797844	3734697331	1778254319
GLOBAL	I	12060001	12070000	0.0055199164398593	4089	15341484	2779296420	1375229805
GLOBAL	I	12070001	12080000	0.0048376085799787	6508	30919640	6391513387	220777313
GLOBAL	I	12080001	12090000	0.0071662499785215	5167	36252488	5058780828	191020347
GLOBAL	I	12090001	12100000	0.0044936071420064	4734	17551300	3905837659	904024691
GLOBAL	I	12100001	12110000	0.0075298398543211	6109	40393608	5364471062	848521813
GLOBAL	I	12110001	12120000	0.0063184113644929	7234	39191408	6202731310	1147193540
GLOBAL	I	12120001	12130000	0.0053845565913394	6513	34560140	6418381795	198989030
GLOBAL	I	12130001	12140000	0.0066932295036167	6796	44689060	6676755963	228149937
GLOBAL	I	12140001	12150000	0.0052789880608109	6725	35047848	6639122422	193645703
GLOBAL	I	12150001	12160000	0.005278444534433	5279	23455152	4443572694	920023281
GLOBAL	I	12160001	12170000	0.0046908748752575	6032	26260916	5598298121	530364679
GLOBAL	I	12170001	12180000	0.0073212991736502	5951	41933172	5727558867	318805908
GLOBAL	I	12180001	12190000	0.0056902221158958	6017	33455508	5879473124	233949301
GLOBAL	I	12190001	12200000	0.0087161226466721	3743	23725404	2722013556	1155137844
GLOBAL	I	12200001	12210000	0.0058706001017951	4061	13999528	2384684318	1826739307
GLOBAL	I	12210001	12220000	0.0062087887281725	4174	20127460	3241769189	1012327486
GLOBAL	I	12220001	12230000	0.0076962140823369	5562	40868048	5310149583	340981467
GLOBAL	I	12230001	12240000	0.0073557175932246	5981	42890256	5830873121	245972404
GLOBAL	I	12240001	12250000	0.0084295527308267	5237	42843700	5082559107	238363818
GLOBAL	I	12250001	12260000	0.0067244973268965	4235	27461932	4083863918	219001957
GLOBAL	I	12260001	12270000	0.0079763586247922	5274	35641404	4468380332	890135518
GLOBAL	I	12270001	12280000	0.0068479594745665	5223	32614952	4762725615	543972960
GLOBAL	I	12280001	12290000	0.0047719837615284	4652	21646900	4536247624	190300676
GLOBAL	I	12290001	12300000	0.0061048016835162	5351	31988720	5239927791	196821984
GLOBAL	I	12300001	12310000	0.0063544989100938	5150	31909424	5021548426	210980324
GLOBAL	I	12310001	12320000	0.0049552774122461	6401	31184712	6293232327	210343698
GLOBAL	I	12320001	12330000	0.0066639385782194	6438	42218216	6335324899	205844051
GLOBAL	I	12330001	12340000	0.0061049545982699	7064	42473876	6957279586	225001139
GLOBAL	I	12340001	12350000	0.0054061827828955	5771	28271532	5229481343	633998932
GLOBAL	I	12350001	12360000	0.0070621958147125	5736	39733600	5626238785	201680615
GLOBAL	I	12360001	12370000	0.0048310648265974	4657	20249300	4191477599	540150826
GLOBAL	I	12370001	12380000	0.0062826895696302	6095	36891352	5871904316	320768059
GLOBAL	I	12380001	12390000	0.0072361735973941	5047	34068352	4708061732	419816443
GLOBAL	I	12390001	12400000	0.0058525557859945	3139	14579972	2491214528	699103972
GLOBAL	I	12400001	12410000	0.0045912328246908	5089	21785032	4744919901	425631324
GLOBAL	I	12410001	12420000	0.004086916784433	5316	20956212	5127633643	273555257
GLOBAL	I	12420001	12430000	0.0048010212415418	5446	25626068	5337628540	195643610
GLOBAL	I	12430001	12440000	0.0050683551923418	5276	26340728	5197095902	163451998
GLOBAL	I	12440001	12450000	0.0068403023736065	6115	40447636	5913135676	299857199
GLOBAL	I	12450001	12460000	0.0054535528514095	5150	25629180	4699538209	532990541
GLOBAL	I	12460001	12470000	0.0056160398921589	4739	25363424	4516247122	298695353
GLOBAL	I	12470001	12480000	0.0060473747156995	4855	26864132	4442280041	490521334
GLOBAL	I	12480001	12490000	0.0082655369146012	5939	41109588	4973613744	1060558731
GLOBAL	I	12490001	12500000	0.00415769999669	5502	21453328	5159902835	430266715
GLOBAL	I	12500001	12510000	0.0073858834239742	5804	39334736	5325664344	571344756
GLOBAL	I	12510001	12520000	0.0063718748125446	5246	30151028	4731892714	598174436
GLOBAL	I	12520001	12530000	0.0061505900677393	5644	33388184	5428452170	305992930
GLOBAL	I	12530001	12540000	0.0085980142217243	5350	39733056	4621189844	814543906
GLOBAL	I	12540001	12550000	0.0082345304581838	6023	46818108	5685583196	433935379
GLOBAL	I	12550001	12560000	0.0052370725569623	5721	28605068	5462033930	350645095
GLOBAL	I	12560001	12570000	0.0061953905463304	3858	8442708	1362740240	2572324585
GLOBAL	I	12570001	12580000	0.011561850094489	4237	41041012	3549692451	755205474
GLOBAL	I	12580001	12590000	0.010594646027171	4625	32945772	3109662363	1589453262
GLOBAL	I	12590001	12600000	0.0086745835287046	4626	17766620	2048123687	2652007963
GLOBAL	I	12600001	12610000	0.0049436254032417	4252	7975748	1613339877	2706798423
GLOBAL	I	12610001	12620000	0.0096736116854428	6813	56652852	5856432307	1065746018
GLOBAL	I	12620001	12630000	0.0082363582657773	5673	45070784	5472173811	291736014
GLOBAL	I	12630001	12640000	0.0099820295625994	4751	38504228	3857354635	969780140
GLOBAL	I	12640001	12650000	0.0077983060380622	6440	48936816	6275313608	267887392
GLOBAL	I	12650001	12660000	0.01051939543314	5250	39499336	3754905522	1579225728
GLOBAL	I	12660001	12670000	0.010038064237427	5217	45957684	4578341293	722261132
GLOBAL	I	12670001	12680000	0.0099096826799386	4928	41901068	4228295633	778675567
GLOBAL	I	12680001	12690000	0.009044363228982	5048	38957676	4307398433	821495767
GLOBAL	I	12690001	12700000	0.0095832962439489	5021	43148588	4502478782	598982743
GLOBAL	I	12700001	12710000	0.0089907288496801	5382	45772836	5091115166	377131384
GLOBAL	I	12710001	12720000	0.0091744799681829	5814	51511536	5614654583	292514767
GLOBAL	I	12720001	12730000	0.0071394222210777	5520	38260692	5359074000	249384000
GLOBAL	I	12730001	12740000	0.0099892693476351	5702	54270812	5432911068	360463482
GLOBAL	I	12740001	12750000	0.0096012480169418	4771	40337028	4201227583	646227692
GLOBAL	I	12750001	12760000	0.0084097726060301	5368	37886960	4505111110	948911090
GLOBAL	I	12760001	12770000	0.0074260918026274	5230	23040064	3102582706	2211228044
GLOBAL	I	12770001	12780000	0.0066212245600546	5934	35985136	5434815822	600372678
GLOBAL	I	12780001	12790000	0.0088713265853405	4645	37725672	4252540095	466896030
GLOBAL	I	12790001	12800000	0.0093559658900391	5043	41264172	4410466272	713347803
GLOBAL	I	12800001	12810000	0.0050445775434629	6393	30311112	6008652209	486795616
GLOBAL	I	12810001	12820000	0.0056336342891211	5746	31589104	5607233693	230845957
GLOBAL	I	12820001	12830000	0.0046867935680007	6096	27935568	5960486118	233202282
GLOBAL	I	12830001	12840000	0.0055214737388021	5743	29031020	5257839007	577192568
GLOBAL	I	12840001	12850000	0.0061462410861138	6060	35984448	5854708186	302403314
GLOBAL	I	12850001	12860000	0.0053577548821791	5697	28929708	5399595285	388699140
GLOBAL	I	12860001	12870000	0.0063732702672384	6828	42995972	6746296673	191122027
GLOBAL	I	12870001	12880000	0.0063143860087534	6141	36025812	5705354717	550311208
GLOBAL	I	12880001	12890000	0.0057853715623988	5406	28321064	4895288694	597342456
GLOBAL	I	12890001	12900000	0.0076228326962955	5018	33517492	4396986440	701427010
GLOBAL	I	12900001	12910000	0.0069761717327102	4860	28717672	4116537422	830488303
GLOBAL	I	12910001	12920000	0.0039976106856736	2744	7008976	1753291291	1140347909
GLOBAL	I	12920001	12930000	0.0075184271020539	6634	48496376	6450335335	289974515
GLOBAL	I	12930001	12940000	0.0072406589816622	5082	33926336	4685531536	477907514
GLOBAL	I	12940001	12950000	0.0063065657795975	6259	38050388	6033456136	325844339
GLOBAL	I	12950001	12960000	0.0072336776558245	4873	32124968	4441028413	510061412
GLOBAL	I	12960001	12970000	0.0086720899035218	5557	45339452	5228203640	417847285
GLOBAL	I	12970001	12980000	0.0062046179580035	4875	27258860	4393318039	559803836
GLOBAL	I	12980001	12990000	0.0068976457324651	5295	34219724	4961072999	418779376
GLOBAL	I	12990001	13000000	0.0043678912997183	5217	20795876	4761079105	539523320
GLOBAL	I	13000001	13010000	0.0072468960983997	6162	43256524	5968972566	291773484
GLOBAL	I	13010001	13020000	0.0052148179225329	5306	25534168	4896463957	494564693
GLOBAL	I	13020001	13030000	0.0068503862000939	5944	37933176	5537377732	501874868
GLOBAL	I	13030001	13040000	0.0071539189690961	4364	24002032	3355088603	1103229097
GLOBAL	I	13040001	13050000	0.006357238103706	5369	32633684	5133311584	321726641
GLOBAL	I	13050001	13060000	0.0043639642290373	6335	27166772	6225250844	211267531
GLOBAL	I	13060001	13070000	0.0049937802434548	4958	23126680	4631096859	406355091
GLOBAL	I	13070001	13080000	0.005924622870648	3990	15455468	2608683850	1454400125
GLOBAL	I	13080001	13090000	0.0059682558235246	3918	11500844	1927002518	2058863557
GLOBAL	I	13090001	13100000	0.0066207770175049	2549	5976436	902678943	1697329032
GLOBAL	I	13100001	13110000	0.0082090772743801	4666	26495896	3227633888	1513138762
GLOBAL	I	13110001	13120000	0.0061027678489756	5227	24869476	4075114213	1235648462
GLOBAL	I	13120001	13130000	0.0072932036436539	5121	32121252	4404271918	799808132
GLOBAL	I	13130001	13140000	0.0043666263849445	5657	20694608	4739266925	1008386500
GLOBAL	I	13140001	13150000	0.001459713091314	6719	4541584	3111285380	3715386595
GLOBAL	I	13150001	13160000	0.004271556086257	5668	16343284	3826072670	1932757030
GLOBAL	I	13160001	13170000	0.0074171335450561	4967	30047504	4051093838	995502337
GLOBAL	I	13170001	13180000	0.0071553620087416	5658	38401544	5366820568	381848882
GLOBAL	I	13180001	13190000	0.0069922174407711	6019	36855460	5270925899	844528576
GLOBAL	I	13190001	13200000	0.0071017351528582	5677	38887220	5475735037	292238888
GLOBAL	I	13200001	13210000	0.0063106305232958	5112	28569888	4527263622	666656178
GLOBAL	I	13210001	13220000	0.0076083577061078	5680	37008004	4864125141	906896859
GLOBAL	I	13220001	13230000	0.0046841247994172	4932	18912704	4037617444	973417856
GLOBAL	I	13230001	13240000	0.0059173020730522	5608	32174160	5437302271	260565929
GLOBAL	I	13240001	13250000	0.0059706731976869	6859	40708808	6818126977	150788498
GLOBAL	I	13250001	13260000	0.0064180296038352	5181	31019344	4833156890	450173110
GLOBAL	I	13260001	13270000	0.0060573017560496	5342	31916936	5269167244	158438306
GLOBAL	I	13270001	13280000	0.0057361089865523	6381	36309872	6330052669	153202856
GLOBAL	I	13280001	13290000	0.0054924373017526	6513	35140700	6398015684	219355141
GLOBAL	I	13290001	13300000	0.0058076117593804	5544	28929268	4981267550	651575050
GLOBAL	I	13300001	13310000	0.0034006045922688	6748	21201332	6234577242	621559458
GLOBAL	I	13310001	13320000	0.0042502895282987	7867	33194728	7809992185	183076490
GLOBAL	I	13320001	13330000	0.0058159162133176	4796	23894052	4108389998	764465902
GLOBAL	I	13330001	13340000	0.0064223536107925	5675	35896336	5589280531	176661344
GLOBAL	I	13340001	13350000	0.0095528899770418	5035	39215604	4105103701	1010582174
GLOBAL	I	13350001	13360000	0.013011016181714	4291	15570600	1196724359	3163038916
GLOBAL	I	13360001	13370000	0.013182040729327	5662	54003840	4096773869	1655959681
GLOBAL	I	13370001	13380000	0.0056753066909071	5194	26424484	4656045116	621188734
GLOBAL	I	13380001	13390000	0.004919791839639	5755	24849332	5050890934	796332941
GLOBAL	I	13390001	13400000	0.0044740260848808	6016	26438504	5909331662	203074738
GLOBAL	I	13400001	13410000	0.0054244110882055	5808	25223796	4650052437	1251020763
GLOBAL	I	13410001	13420000	0.0068650446378341	6496	43868468	6390121305	209977095
GLOBAL	I	13420001	13430000	0.0084496897795441	5633	46201840	5467874112	255394713
GLOBAL	I	13430001	13440000	0.0073009745751281	6108	43812796	6000951729	204928971
GLOBAL	I	13440001	13450000	0.0051061648476524	5446	26845456	5257459718	275812432
GLOBAL	I	13450001	13460000	0.0060102879278966	5219	30822752	5128332015	174302460
GLOBAL	I	13460001	13470000	0.0069431989551326	6102	41644608	5997899278	201885272
GLOBAL	I	13470001	13480000	0.0055843753148723	6269	34073236	6101530445	267930280
GLOBAL	I	13480001	13490000	0.0033972534289205	7580	25771352	7585937446	115532054
GLOBAL	I	13490001	13500000	0.0036192609240163	7298	26261708	7256096908	158853542
GLOBAL	I	13500001	13510000	0.0045216275549658	8068	36696300	8115728143	81561557
GLOBAL	I	13510001	13520000	0.0052537830441981	5930	31121332	5923604332	101423918
GLOBAL	I	13520001	13530000	0.0095845478305452	5205	44527732	4645783274	642626851
GLOBAL	I	13530001	13540000	0.0083986586545128	4968	36933620	4397561744	650050456
GLOBAL	I	13540001	13550000	0.010404833458682	4122	40108420	3854787312	333267738
GLOBAL	I	13550001	13560000	0.009866411343475	4282	37656956	3816682144	533936906
GLOBAL	I	13560001	13570000	0.009441623554252	5946	54680380	5791417089	249867561
GLOBAL	I	13570001	13580000	0.0076958006052393	6429	48732060	6332292441	199732284
GLOBAL	I	13580001	13590000	0.011491070435516	5590	62628160	5450158917	229420833
GLOBAL	I	13590001	13600000	0.013018707159281	5503	68132440	5233425959	357759616
GLOBAL	I	13600001	13610000	0.011169242840501	4126	42339780	3790747556	401371594
GLOBAL	I	13610001	13620000	0.0080725696758797	6330	50495928	6255248332	176189918
GLOBAL	I	13620001	13630000	0.011730981665125	6480	75094856	6401412784	182429216
GLOBAL	I	13630001	13640000	0.01148416084671	6212	68242276	5942295385	369251915
GLOBAL	I	13640001	13650000	0.0091782341587402	5060	34752332	3786385420	1354701080
GLOBAL	I	13650001	13660000	0.011242422076316	6689	72861348	6480929777	315261448
GLOBAL	I	13660001	13670000	0.0055196364390864	6428	34386832	6229908868	301099832
GLOBAL	I	13670001	13680000	0.0061114710176834	6015	34428636	5633445025	477945350
GLOBAL	I	13680001	13690000	0.0066663472130981	6197	41072476	6161166631	135140294
GLOBAL	I	13690001	13700000	0.01025889335134	6129	57588840	5613552849	613664376
GLOBAL	I	13700001	13710000	0.009728399624864	6682	63819572	6560130593	228948457
GLOBAL	I	13710001	13720000	0.008236841556195	6294	51394716	6239614499	155246851
GLOBAL	I	13720001	13730000	0.010476367120831	5306	53712508	5127016587	264012063
GLOBAL	I	13730001	13740000	0.013283958749961	4282	45975080	3460947212	889671838
GLOBAL	I	13740001	13750000	0.009352601258851	5721	47008072	5026202946	786476079
GLOBAL	I	13750001	13760000	0.011062425899333	5721	60092104	5432090985	380588040
GLOBAL	I	13760001	13770000	0.0078246566967069	5262	40131808	5128890577	217432973
GLOBAL	I	13770001	13780000	0.0091167727425701	4188	34957384	3834403356	420709344
GLOBAL	I	13780001	13790000	0.0097642788556557	3257	28218952	2890019060	420190390
GLOBAL	I	13790001	13800000	0	375	0	3224767	377784608
GLOBAL	I	13800001	13810000	0	150	0	605271	180247179
GLOBAL	I	13810001	13820000	0.009529112533369	1952	7334228	769665378	1219711572
GLOBAL	I	13820001	13830000	0.0081546622823097	3656	27794808	3408456051	306131349
GLOBAL	I	13830001	13840000	0.0070096352719891	4608	31828796	4540720703	141122497
GLOBAL	I	13840001	13850000	0.0086360112442308	4709	39932084	4623903660	160558065
GLOBAL	I	13850001	13860000	0.0099649263929785	6395	62896096	6311747174	185732701
GLOBAL	I	13860001	13870000	0.0086995951145252	6852	59550968	6845257419	116545881
GLOBAL	I	13870001	13880000	0.0071205899323222	6598	46487496	6528601765	175131185
GLOBAL	I	13880001	13890000	0.012790010079409	3813	34466872	2694827587	1182323813
GLOBAL	I	13890001	13900000	0.011724818257106	5344	61023496	5204643233	224994367
GLOBAL	I	13900001	13910000	0.0081576640968041	5786	46537320	5704735994	173984656
GLOBAL	I	13910001	13920000	0.0064338577617851	7468	47534076	7388114217	199560483
GLOBAL	I	13920001	13930000	0.011424351343272	7094	76542040	6699902489	507778861
GLOBAL	I	13930001	13940000	0.010088841063781	6088	52786216	5232138723	953421477
GLOBAL	I	13940001	13950000	0.0092609335024891	6588	59425780	6416823961	276748739
GLOBAL	I	13950001	13960000	0.0064119812358245	5707	33900816	5287104680	511349995
GLOBAL	I	13960001	13970000	0.0087141166733717	4902	37918420	4351378507	649496543
GLOBAL	I	13970001	13980000	0.0085412660791763	5257	42489888	4974659214	366584211
GLOBAL	I	13980001	13990000	0.0073919444630671	4667	28985540	3921233465	843923785
GLOBAL	I	13990001	14000000	0.0080300152200093	5519	39957996	4976079734	631362241
GLOBAL	I	14000001	14010000	0.0069840262971463	5362	36068444	5164419844	283506206
GLOBAL	I	14010001	14020000	0.0067246589591287	4831	30218124	4493629221	414787554
GLOBAL	I	14020001	14030000	0.0073308581022928	5741	40747612	5558368670	274630855
GLOBAL	I	14030001	14040000	0.0074214178950568	6051	43913752	5917164701	230802574
GLOBAL	I	14040001	14050000	0.011690344416378	4818	44326696	3791735677	1103472773
GLOBAL	I	14050001	14060000	0.0076610770561753	5468	40654324	5306606852	249017848
GLOBAL	I	14060001	14070000	0.0072524947906907	6589	47850356	6597778748	96809977
GLOBAL	I	14070001	14080000	0.0062072158135276	6722	40503508	6525229542	304490508
GLOBAL	I	14080001	14090000	0.0071672882565089	7044	49117332	6852986826	303893274
GLOBAL	I	14090001	14100000	0.0069205242115781	7630	52733460	7619864968	132405782
GLOBAL	I	14100001	14110000	0.0056663650251062	7370	41815788	7379649531	108454719
GLOBAL	I	14110001	14120000	0.0074930729560713	6360	41502188	5538740680	923178320
GLOBAL	I	14120001	14130000	0.005738814530915	7510	43096716	7509689635	120658115
GLOBAL	I	14130001	14140000	0.0095232315151698	6751	60116756	6312642500	546542275
GLOBAL	I	14140001	14150000	0.0054451205599539	7267	37025736	6799800958	583652717
GLOBAL	I	14150001	14160000	0.0081115728248426	5899	47279096	5828597859	164933616
GLOBAL	I	14160001	14170000	0.0063484388183107	6321	38157344	6010508267	411785758
GLOBAL	I	14170001	14180000	0.0067253653615896	6623	43679584	6494752575	234381000
GLOBAL	I	14180001	14190000	0.0051919314059209	7359	38108448	7339936725	136991250
GLOBAL	I	14190001	14200000	0.0055178354938611	7165	39325736	7127022189	152796936
GLOBAL	I	14200001	14210000	0.00621758678472	6763	41986220	6752816077	118560998
GLOBAL	I	14210001	14220000	0.008031582339762	6415	51019004	6352297946	165502429
GLOBAL	I	14220001	14230000	0.0080305124622914	7834	62965412	7840771345	118768505
GLOBAL	I	14230001	14240000	0.0074407154206796	5283	35617500	4786838091	580821984
GLOBAL	I	14240001	14250000	0.0069181651839773	6173	42095724	6084810478	187111847
GLOBAL	I	14250001	14260000	0.0057436096699391	7236	41228472	7178146561	173810339
GLOBAL	I	14260001	14270000	0.0048271019857653	7507	36095452	7477665089	149634586
GLOBAL	I	14270001	14280000	0.0037729410891517	6782	25760968	6827821424	62860126
GLOBAL	I	14280001	14290000	0.0035474303453626	7561	26901184	7583287445	98877580
GLOBAL	I	14290001	14300000	0.0031852496582959	7716	24530152	7701170907	138477993
GLOBAL	I	14300001	14310000	0.0052693832287841	7329	38338180	7275648465	170798760
GLOBAL	I	14310001	14320000	0.0069499722791632	6086	41170260	5923802045	259726105
GLOBAL	I	14320001	14330000	0.0066665720355463	5958	38211928	5731870562	321606388
GLOBAL	I	14330001	14340000	0.0086958385830427	5881	49327280	5672515598	302727427
GLOBAL	I	14340001	14350000	0.0056246950199824	7307	41135548	7313382833	110711842
GLOBAL	I	14350001	14360000	0.0069048248754245	6631	44518152	6447397697	289864078
GLOBAL	I	14360001	14370000	0.0061300582354365	6792	41593056	6785099652	115742148
GLOBAL	I	14370001	14380000	0.0055651733881855	6672	36677392	6590520985	188397815
GLOBAL	I	14380001	14390000	0.0055466651914123	7268	40120604	7233283895	151185805
GLOBAL	I	14390001	14400000	0.0069236572824417	6165	41197076	5950189953	313604172
GLOBAL	I	14400001	14410000	0.0051679095568448	7517	38174236	7386784846	250675079
GLOBAL	I	14410001	14420000	0.0036129972068127	7045	25263412	6992369646	165526479
GLOBAL	I	14420001	14430000	0.0065908237120557	7247	46481500	7052456875	310676300
GLOBAL	I	14430001	14440000	0.0090103842509252	5604	47311528	5250778067	443026033
GLOBAL	I	14440001	14450000	0.005966920435386	7020	40590824	6802642073	329853427
GLOBAL	I	14450001	14460000	0.008209790636447	6148	47297456	5761103796	485417904
GLOBAL	I	14460001	14470000	0.0064040791057838	7536	44940296	7017448607	639315793
GLOBAL	I	14470001	14480000	0.0067928175238835	6798	45401832	6683799740	223138210
GLOBAL	I	14480001	14490000	0.0053107882082592	6390	32884188	6191959971	300439779
GLOBAL	I	14490001	14500000	0.0058458749379821	6416	37157896	6356259139	162557261
GLOBAL	I	14500001	14510000	0.0072985612434012	7147	51869724	7106842331	154688344
GLOBAL	I	14510001	14520000	0.0067312076521853	6631	44198364	6566186379	171075396
GLOBAL	I	14520001	14530000	0.0061238538050808	6520	38922488	6355881319	268601681
GLOBAL	I	14530001	14540000	0.0057754457990898	6529	37736608	6533973188	99654037
GLOBAL	I	14540001	14550000	0.0062001456077712	7054	43865256	7074875136	92165214
GLOBAL	I	14550001	14560000	0.0069240143246562	6208	41593340	6007113511	300369689
GLOBAL	I	14560001	14570000	0.0052879505010836	7263	38394748	7260799433	118590142
GLOBAL	I	14570001	14580000	0.0062069456511872	7283	45206884	7283273697	116436378
GLOBAL	I	14580001	14590000	0.0066636819933203	6420	42570116	6388377483	134503017
GLOBAL	I	14590001	14600000	0.0068145424045571	6173	40854636	5995213409	276708916
GLOBAL	I	14600001	14610000	0.0089818423950599	7090	63672376	7089010606	114606644
GLOBAL	I	14610001	14620000	0.015672017908909	4623	56239484	3588528569	1108555006
GLOBAL	I	14620001	14630000	0.0075453373666666	6767	48629792	6445012282	430428893
GLOBAL	I	14630001	14640000	0.0041225608991632	7617	31391224	7614496127	124566298
GLOBAL	I	14640001	14650000	0.0060292534811455	7572	45439012	7536424226	156917074
GLOBAL	I	14650001	14660000	0.0075668292868917	7464	56308228	7441456106	142154494
GLOBAL	I	14660001	14670000	0.0069694901580933	7297	50873096	7299399934	114534491
GLOBAL	I	14670001	14680000	0.0071075656183102	6708	47276648	6651595010	163900690
GLOBAL	I	14680001	14690000	0.0092805088788465	5677	51133260	5509747436	258226489
GLOBAL	I	14690001	14700000	0.009307146384853	7036	65062660	6990613160	158138740
GLOBAL	I	14700001	14710000	0.0041693868275716	7158	29870708	7164292793	108414157
GLOBAL	I	14710001	14720000	0.005096753671711	6209	30683344	6020174012	288325213
GLOBAL	I	14720001	14730000	0.0048107743565991	5966	28483028	5920674280	140930870
GLOBAL	I	14730001	14740000	0.0051292899925803	6645	33353900	6502634877	248851248
GLOBAL	I	14740001	14750000	0.0052132246532839	7118	36744648	7048353072	183712878
GLOBAL	I	14750001	14760000	0.0051895665321591	5777	29819476	5746043685	123532740
GLOBAL	I	14760001	14770000	0.0057494771870344	6618	37386016	6502507060	221546390
GLOBAL	I	14770001	14780000	0.0044165719255108	6868	29978876	6787815642	190244058
GLOBAL	I	14780001	14790000	0.0067233136951749	6190	40739976	6059508428	229686322
GLOBAL	I	14790001	14800000	0.0095667894528893	5999	55550664	5806615090	288518885
GLOBAL	I	14800001	14810000	0.0069534192287669	6916	47985960	6901059525	125769375
GLOBAL	I	14810001	14820000	0.0075615996593291	6054	45257804	5985215568	165799782
GLOBAL	I	14820001	14830000	0.0073865171656847	6451	46463708	6290340489	264036786
GLOBAL	I	14830001	14840000	0.0033630514688939	8320	27490336	8174223991	279104009
GLOBAL	I	14840001	14850000	0.0068184456621674	7140	48416508	7100813059	153605441
GLOBAL	I	14850001	14860000	0.0050390621594624	7845	39661584	7870826504	99889621
GLOBAL	I	14860001	14870000	0.0054676918050969	7606	41691480	7625060352	102825798
GLOBAL	I	14870001	14880000	0.004981126512694	6474	31197220	6263085252	314660598
GLOBAL	I	14880001	14890000	0.004746244578891	5131	22426660	4725137870	489102430
GLOBAL	I	14890001	14900000	0.0065863597645586	6771	42963432	6523092199	356413076
GLOBAL	I	14900001	14910000	0.0042506983858291	7564	31824092	7486791372	198421728
GLOBAL	I	14910001	14920000	0.0039231256438521	7151	27756428	7075080056	190514719
GLOBAL	I	14920001	14930000	0.0036723787472431	7374	27212652	7410088630	82079720
GLOBAL	I	14930001	14940000	0.004069967760648	8162	33240288	8167211623	125584427
GLOBAL	I	14940001	14950000	0.0037900028474392	6356	23816940	6284148313	173706587
GLOBAL	I	14950001	14960000	0.0045197771794605	6733	29641556	6558189668	282706657
GLOBAL	I	14960001	14970000	0.0050669206083971	5996	29884936	5898047021	194038879
GLOBAL	I	14970001	14980000	0.0084056464293636	5431	42843048	5096936727	421095048
GLOBAL	I	14980001	14990000	0.0069703528029335	6663	45905016	6585752156	184022419
GLOBAL	I	14990001	15000000	0.0046688434874956	7716	36140648	7740813779	98835121
GLOBAL	I	15000001	15010000	0.0058102232752454	6524	37284368	6417028440	211518660
GLOBAL	I	15010001	15020000	0.0030261653983238	7949	24243544	8011308309	65074416
GLOBAL	I	15020001	15030000	0.0082120310087956	7419	59757088	7276773302	261116173
GLOBAL	I	15030001	15040000	0.0036471190464433	8296	30298500	8307516046	121427354
GLOBAL	I	15040001	15050000	0.0033223148735173	7011	22988568	6919442881	203908394
GLOBAL	I	15050001	15060000	0.0029090897594349	8286	24026840	8259229514	159553636
GLOBAL	I	15060001	15070000	0.0032109468253301	7117	22727760	7078211268	152838657
GLOBAL	I	15070001	15080000	0.0030079509506383	8081	24441400	8125597924	84900101
GLOBAL	I	15080001	15090000	0.0076741659303548	7467	56480596	7359835129	226823546
GLOBAL	I	15090001	15100000	0.0046305976330209	7482	32575164	7034764534	567134516
GLOBAL	I	15100001	15110000	0.0032852886781337	8024	26522860	8073220529	79364071
GLOBAL	I	15110001	15120000	0.0042980952319032	6868	29230420	6800784632	177275068
GLOBAL	I	15120001	15130000	0.0064974450693318	6808	42202248	6495206585	421891615
GLOBAL	I	15130001	15140000	0.0035194065230383	8436	29903124	8496638227	74548673
GLOBAL	I	15140001	15150000	0.0027002228792958	8211	22166724	8209220124	133361151
GLOBAL	I	15150001	15160000	0.0044663700576269	8212	36921332	8266518789	77078511
GLOBAL	I	15160001	15170000	0.0032548800642504	8243	27057316	8312845778	62248297
GLOBAL	I	15170001	15180000	0.0036954511377216	7727	28706628	7768098381	82726794
GLOBAL	I	15180001	15190000	0.0039225958141862	7472	29288872	7466706586	125032214
GLOBAL	I	15190001	15200000	0.003223550830993	8641	28132724	8727246901	52225124
GLOBAL	I	15200001	15210000	0.0032113499961456	8772	28432616	8853789227	58782073
GLOBAL	I	15210001	15220000	0.0041259744683054	7967	33027820	8004853218	89817957
GLOBAL	I	15220001	15230000	0.0042573214123939	7705	32793592	7702869674	125602951
GLOBAL	I	15230001	15240000	0.0040571391315219	7943	32312936	7964463370	105823205
GLOBAL	I	15240001	15250000	0.0039563152566183	7810	30801776	7785470571	149684679
GLOBAL	I	15250001	15260000	0.0028062169164026	7419	20765020	7399648929	138240546
GLOBAL	I	15260001	15270000	0.0029223577914121	7669	22088416	7558422882	233472843
GLOBAL	I	15270001	15280000	0.002935252176293	8197	24153444	8228745794	99611131
GLOBAL	I	15280001	15290000	0.0022790654535698	7466	16842624	7390144927	205657973
GLOBAL	I	15290001	15300000	0.0031931596140981	8176	25928992	8120167838	186852562
GLOBAL	I	15300001	15310000	0.0031497639820204	7988	25192932	7998355478	117652222
GLOBAL	I	15310001	15320000	0.00262842765503	7779	20087296	7642324095	261334380
GLOBAL	I	15320001	15330000	0.0028540643289519	8399	24087640	8439767722	93826253
GLOBAL	I	15330001	15340000	0.0025967324129722	8939	23329540	8984191010	98056465
GLOBAL	I	15340001	15350000	0.0031087663444462	9127	28214412	9075758315	197501860
GLOBAL	I	15350001	15360000	0.0027863840642848	7337	20170012	7238776685	215798740
GLOBAL	I	15360001	15370000	0.0022998724591075	8864	20547536	8934206729	71838871
GLOBAL	I	15370001	15380000	0.0026472176716289	8604	23022276	8696782379	45096721
GLOBAL	I	15380001	15390000	0.0018695799100467	9209	17393024	9303172283	53401942
GLOBAL	I	15390001	15400000	0.0011833093347552	9462	11333280	9577613957	36014593
GLOBAL	I	15400001	15410000	0.0020401397896558	9622	19879972	9744416584	31775966
GLOBAL	I	15410001	15420000	0.001805443125258	9461	17264144	9562275188	50337337
GLOBAL	I	15420001	15430000	0.0021299036500142	9253	19950892	9367039678	34239647
GLOBAL	I	15430001	15440000	0.0022467529206088	8783	19913988	8863452593	60294982
GLOBAL	I	15440001	15450000	0.0028369196125634	9048	25676320	9050774610	142219590
GLOBAL	I	15450001	15460000	0.0026941306998774	8575	23263560	8634904016	77510359
GLOBAL	I	15460001	15470000	0.0023153288961714	9120	21237900	9172735690	93412310
GLOBAL	I	15470001	15480000	0.001859794832469	8493	15961916	8582621976	46478349
GLOBAL	I	15480001	15490000	0.0025978425266863	8931	23468240	9033742330	40376945
GLOBAL	I	15490001	15500000	0.0032277580250554	7450	23460732	7268429609	300956641
GLOBAL	I	15500001	15510000	0.0024570917400293	8783	21553364	8771900393	151847182
GLOBAL	I	15510001	15520000	0.0032400588107722	3302	8257904	2548689540	806225010
GLOBAL	I	15520001	15530000	0.00085482813451686	490	12112	14168930	483683320
GLOBAL	I	15530001	15540000	6.9582366893541e-05	491	536	7703101	508437599
GLOBAL	II	1	10000	0.00095790948788454	545	190448	198816279	354917346
GLOBAL	II	10001	20000	0.0026254190780075	8580	22140276	8433044532	284449968
GLOBAL	II	20001	30000	0.0024629127523067	8749	21775260	8841263248	47939477
GLOBAL	II	30001	40000	0.0033238202848525	7798	26105216	7853979386	68983564
GLOBAL	II	40001	50000	0.0023157831493127	9351	21883748	9449826080	51023695
GLOBAL	II	50001	60000	0.0023999050656548	8835	21446732	8936491825	40089050
GLOBAL	II	60001	70000	0.0034905271839631	8530	29958428	8582780314	83912936
GLOBAL	II	70001	80000	0.0034713032162873	8444	29586940	8523294612	56020488
GLOBAL	II	80001	90000	0.0022853810583582	9015	20783464	9094091300	65374075
GLOBAL	II	90001	100000	0.0040847813067996	8753	36105584	8839049459	54217366
GLOBAL	II	100001	110000	0.0056944014279063	8565	49118312	8625719950	76534175
GLOBAL	II	110001	120000	0.0043135536773865	8083	34752320	8056540523	155989552
GLOBAL	II	120001	130000	0.0021612632522146	9103	19924452	9218891766	29983809
GLOBAL	II	130001	140000	0.0022268207180112	9010	20305576	9118639788	35745462
GLOBAL	II	140001	150000	0.0018805877891798	9095	17282692	9190047973	50699402
GLOBAL	II	150001	160000	0.002879516013793	8802	25627252	8899847015	43205035
GLOBAL	II	160001	170000	0.0023906205344286	8132	19421984	8124243777	138071523
GLOBAL	II	170001	180000	0.002408477741151	8428	20430084	8482571232	80487468
GLOBAL	II	180001	190000	0.0025755197453137	8914	23121936	8977580561	79266289
GLOBAL	II	190001	200000	0.0029354404636898	8798	26044492	8872430670	66557280
GLOBAL	II	200001	210000	0.0034878505537863	8872	31177136	8938782072	75391728
GLOBAL	II	210001	220000	0.0032845262216723	9008	29848108	9087492681	64860519
GLOBAL	II	220001	230000	0.0056301481225693	7645	36331404	6453010331	1315516819
GLOBAL	II	230001	240000	0.006027483506432	8377	49744480	8252943363	258298062
GLOBAL	II	240001	250000	0.0053636022329396	8356	44441844	8285820251	204084649
GLOBAL	II	250001	260000	0.0026799425602974	8984	24373168	9094660595	33308005
GLOBAL	II	260001	270000	0.0040603668650715	8626	35397304	8717760039	46471611
GLOBAL	II	270001	280000	0.0050101073385471	8157	40923260	8168140368	119575557
GLOBAL	II	280001	290000	0.0031586571704123	7893	24771324	7842359162	177126163
GLOBAL	II	290001	300000	0.0065987764320934	7917	52657036	7979818159	64051766
GLOBAL	II	300001	310000	0.0033951539660343	8461	28995608	8540292514	56295011
GLOBAL	II	310001	320000	0.0051672966297993	8205	42577936	8239886163	96598962
GLOBAL	II	320001	330000	0.0044949790021882	8044	36375432	8092458715	80446385
GLOBAL	II	330001	340000	0.0039299877634396	7728	30317632	7714434198	137407002
GLOBAL	II	340001	350000	0.0034819443703741	8471	29650952	8515630592	91117183
GLOBAL	II	350001	360000	0.0042498891391482	8025	34250188	8059077985	94522640
GLOBAL	II	360001	370000	0.0054433509846399	8103	44328948	8143687248	89163327
GLOBAL	II	370001	380000	0.005700228006752	8258	47079244	8259186114	131148336
GLOBAL	II	380001	390000	0.0071782658784634	7284	52382424	7297364696	103361404
GLOBAL	II	390001	400000	0.0059579414030482	8057	47880088	8036347584	149765841
GLOBAL	II	400001	410000	0.0048602368697624	6494	29463804	6062215647	551091078
GLOBAL	II	410001	420000	0.0064169637862108	7512	47809236	7450445038	181934762
GLOBAL	II	420001	430000	0.0066640066958742	7750	51959480	7797032982	77160768
GLOBAL	II	430001	440000	0.0070897582331545	7535	53238844	7509260859	146487516
GLOBAL	II	440001	450000	0.0074680073917238	7035	51903176	6950070250	197665625
GLOBAL	II	450001	460000	0.0088947798379427	7306	65042956	7312486333	110592317
GLOBAL	II	460001	470000	0.0085610841637613	7637	65734840	7678331242	81051683
GLOBAL	II	470001	480000	0.0089513950484267	6707	59398836	6635707136	178772539
GLOBAL	II	480001	490000	0.0084650710723712	6516	53892112	6366409867	254009033
GLOBAL	II	490001	500000	0.007453332431646	6780	50321104	6751490620	137158880
GLOBAL	II	500001	510000	0.0089251247131455	6603	57689956	6463770295	245042780
GLOBAL	II	510001	520000	0.011487412867945	7148	81938536	7132897280	129649420
GLOBAL	II	520001	530000	0.0080473865999156	6101	47345600	5883351000	315417525
GLOBAL	II	530001	540000	0.0094726278554943	6402	56152020	5927818643	576773407
GLOBAL	II	540001	550000	0.0069954071233005	5288	19083360	2727984185	2644756015
GLOBAL	II	550001	560000	0.010571853173162	4862	41689788	3943470205	1005587570
GLOBAL	II	560001	570000	0.010462350663338	6125	62960544	6017820089	205333036
GLOBAL	II	570001	580000	0.0095316212325993	6501	61491812	6451348674	153829851
GLOBAL	II	580001	590000	0.010556678172209	6238	63538288	6018776642	319187308
GLOBAL	II	590001	600000	0.010628595736949	6363	65573512	6169536750	295430325
GLOBAL	II	600001	610000	0.0081026527522952	5084	38575264	4760819102	404651998
GLOBAL	II	610001	620000	0.00054722809490783	228	1208	2207489	245702611
GLOBAL	II	620001	630000	0.0052472461929514	6592	32498424	6193424666	504212134
GLOBAL	II	630001	640000	0.0098169212802901	4616	42468092	4326009223	363962177
GLOBAL	II	640001	650000	0.010817575950112	5549	58568812	5414227020	223695705
GLOBAL	II	650001	660000	0.010505545171681	6252	65145540	6201062290	151126010
GLOBAL	II	660001	670000	0.0087107686069251	6244	42548000	4884528785	1459531315
GLOBAL	II	670001	680000	0.008371830833786	6221	51198936	6115619990	205071535
GLOBAL	II	680001	690000	0.0055829557207132	6882	37922460	6792541782	199742268
GLOBAL	II	690001	700000	0.0063056788904606	5189	29875176	4737820704	534333021
GLOBAL	II	700001	710000	0.01019350239788	5549	46336656	4545705116	1092217609
GLOBAL	II	710001	720000	0.0083276560880462	6041	49466284	5940000821	197806204
GLOBAL	II	720001	730000	0.003705292253439	6989	25516712	6886558537	214440188
GLOBAL	II	730001	740000	0.0046384175611116	6497	29521664	6364598187	236516238
GLOBAL	II	740001	750000	0.009694760764799	5476	50756148	5235420371	328332529
GLOBAL	II	750001	760000	0.0095616007363286	6708	63901164	6683103150	132392550
GLOBAL	II	760001	770000	0.0085888308157385	6400	53661048	6247770989	254789011
GLOBAL	II	770001	780000	0.00990546024668	6030	56805204	5734736457	391894293
GLOBAL	II	780001	790000	0.008050858771947	6711	53193604	6607196264	211347511
GLOBAL	II	790001	800000	0.0073605463690422	7281	53601764	7282307768	115370257
GLOBAL	II	800001	810000	0.0040837485036273	7105	28708120	7029845245	189012380
GLOBAL	II	810001	820000	0.0027687412414591	6701	18406764	6648062204	160321321
GLOBAL	II	820001	830000	0.0073885349157145	6223	44640428	6041851126	280872449
GLOBAL	II	830001	840000	0.010248930239593	4647	44933764	4384239423	337228752
GLOBAL	II	840001	850000	0.0097904251667638	5725	54119300	5527778322	288964803
GLOBAL	II	850001	860000	0.010315339974221	6667	60406732	5856009802	917828873
GLOBAL	II	860001	870000	0.0085929066326881	6243	48348364	5626543621	716500454
GLOBAL	II	870001	880000	0.010418904001204	4926	45838564	4399557189	605381961
GLOBAL	II	880001	890000	0.0096062227276948	5261	47780204	4973880510	371427015
GLOBAL	II	890001	900000	0.0077175563556238	4995	35909068	4652906483	422138392
GLOBAL	II	900001	910000	0.0056922246924343	5865	33006344	5798496332	160490293
GLOBAL	II	910001	920000	0.0070902554888563	6091	42878856	6047575587	141032688
GLOBAL	II	920001	930000	0.00632609476674	7094	44853956	7090307315	117374035
GLOBAL	II	930001	940000	0.0085122456273036	6165	50792352	5966974430	296819695
GLOBAL	II	940001	950000	0.0097489988085433	6366	59798736	6133833553	334181597
GLOBAL	II	950001	960000	0.0088951247979928	6326	55158236	6200951336	226422814
GLOBAL	II	960001	970000	0.0045538538773984	5703	24303892	5336994259	457396316
GLOBAL	II	970001	980000	0.0055450612488007	6500	35019124	6315371901	288790599
GLOBAL	II	980001	990000	0.0080443384855385	5769	44444216	5524906253	336541972
GLOBAL	II	990001	1000000	0.0061710709819882	4825	26430020	4282890292	619430333
GLOBAL	II	1000001	1010000	0.0070046927050236	4657	30894180	4410497548	321130877
GLOBAL	II	1010001	1020000	0.0063455285798018	4842	29800620	4696317986	223275064
GLOBAL	II	1020001	1030000	0.0067513410699645	4122	25482832	3774484467	413570583
GLOBAL	II	1030001	1040000	0.0082892720661275	3629	25732312	3104290919	605216356
GLOBAL	II	1040001	1050000	0.0078176100917916	5162	38565112	4933107631	311613419
GLOBAL	II	1050001	1060000	0.0074996746514959	4839	34464892	4595518286	321026689
GLOBAL	II	1060001	1070000	0.0094227726795459	4336	26370316	2798572872	1615039728
GLOBAL	II	1070001	1080000	0.0089448016149219	5225	40340412	4509928083	798802542
GLOBAL	II	1080001	1090000	0.0061146137184658	5681	33430564	5467322310	304715715
GLOBAL	II	1090001	1100000	0.0074396402431613	5964	42625996	5729577588	329995512
GLOBAL	II	1100001	1110000	0.0077618786504761	4620	33515776	4317997937	376037563
GLOBAL	II	1110001	1120000	0.0073078536150398	3407	19278748	2638086231	823510944
GLOBAL	II	1120001	1130000	0.0089723761630948	4033	21387620	2383718606	1750487119
GLOBAL	II	1130001	1140000	0.0085321980485793	4190	31354956	3674897819	582246931
GLOBAL	II	1140001	1150000	0.0072627610408162	6024	41974080	5779355780	341178820
GLOBAL	II	1150001	1160000	0.0054612305153584	4690	24170440	4425823069	339334181
GLOBAL	II	1160001	1170000	0.0052281165950255	6465	31432220	6012149773	556451852
GLOBAL	II	1170001	1180000	0.010633412370115	5721	55341084	5204451974	608227051
GLOBAL	II	1180001	1190000	0.0089914579658995	6400	55891588	6216076215	288515835
GLOBAL	II	1190001	1200000	0.0087834212505626	5851	49306656	5613604835	331157440
GLOBAL	II	1200001	1210000	0.0071555063598118	5375	35566648	4970528459	490605916
GLOBAL	II	1210001	1220000	0.006734092450121	3302	14185732	2106554388	1248360162
GLOBAL	II	1220001	1230000	0.0084380255770018	6200	51080836	6053647922	245707078
GLOBAL	II	1230001	1240000	0.011757383838509	5722	64227496	5462737024	350958026
GLOBAL	II	1240001	1250000	0.011238307059285	4352	41616868	3703126083	718614717
GLOBAL	II	1250001	1260000	0.0095956343673003	5033	36144460	3766760864	1351973086
GLOBAL	II	1260001	1270000	0.0082135542192504	4301	31083100	3784366569	585556956
GLOBAL	II	1270001	1280000	0.0074909702500621	5221	37688872	5031240379	273426146
GLOBAL	II	1280001	1290000	0.008307870735627	3287	18096360	2178218773	1161455402
GLOBAL	II	1290001	1300000	0.0073634649954075	4830	34540780	4690832376	216568374
GLOBAL	II	1300001	1310000	0.0065586677984977	4285	27258756	4156142198	197524927
GLOBAL	II	1310001	1320000	0.011353523643193	6169	69339072	6107273317	160584908
GLOBAL	II	1320001	1330000	0.0082010759974176	5943	44593848	5437560634	600675941
GLOBAL	II	1330001	1340000	0.0069316230590982	6252	39350724	5676985558	677234792
GLOBAL	II	1340001	1350000	0.0057083366181508	6241	35261436	6177182314	163829711
GLOBAL	II	1350001	1360000	0.0061691825427356	6310	38291428	6206888471	204229279
GLOBAL	II	1360001	1370000	0.0079837757376562	5720	44322852	5551615358	260047642
GLOBAL	II	1370001	1380000	0.0084356502656613	4146	31872996	3778368590	434071060
GLOBAL	II	1380001	1390000	0.0077025033883009	5194	37502160	4868827459	408406391
GLOBAL	II	1390001	1400000	0.0099684644173254	4337	40243188	4037049872	369450553
GLOBAL	II	1400001	1410000	0.0073649652971199	4795	30180704	4097874570	773965305
GLOBAL	II	1410001	1420000	0.0099818197043726	3531	19430224	1946561306	1641022969
GLOBAL	II	1420001	1430000	0.010493155557708	4752	46973504	4476585117	351565683
GLOBAL	II	1430001	1440000	0.0072107247940072	4532	30546816	4236303128	368322172
GLOBAL	II	1440001	1450000	0.0051514882806689	6030	30191008	5860638005	265992745
GLOBAL	II	1450001	1460000	0.004337989153408	6067	25929120	5977221031	187002644
GLOBAL	II	1460001	1470000	0.0050060525406155	5435	24906096	4975196684	546899191
GLOBAL	II	1470001	1480000	0.0068615670727535	5242	22331804	3254621541	2071381509
GLOBAL	II	1480001	1490000	0.0085491112343998	5005	40618060	4751144170	334060955
GLOBAL	II	1490001	1500000	0.012322800964881	4489	38563236	3129421315	1431514910
GLOBAL	II	1500001	1510000	0.0068757315888164	5544	36122596	5253636727	379205873
GLOBAL	II	1510001	1520000	0.0068676838758406	6494	39472384	5747554010	850512340
GLOBAL	II	1520001	1530000	0.0047291212816014	3314	10416812	2202695042	1174572058
GLOBAL	II	1530001	1540000	0.010726212634693	3981	36893332	3439548819	605246706
GLOBAL	II	1540001	1550000	0.010905380537957	4428	29990468	2750061577	1777345823
GLOBAL	II	1550001	1560000	0.0077351577079486	4436	27834456	3598434195	908652705
GLOBAL	II	1560001	1570000	0.0061350892625384	5331	29557948	4817851336	598577939
GLOBAL	II	1570001	1580000	0.0072050996342517	5949	38988304	5411209557	633123168
GLOBAL	II	1580001	1590000	0.0065731980620039	6211	39575584	6020750269	289781006
GLOBAL	II	1590001	1600000	0.0051684735432288	5695	15592996	3016944146	2792686804
GLOBAL	II	1600001	1610000	0.0055425183605368	5618	26749496	4826234982	881793468
GLOBAL	II	1610001	1620000	0.0063658129004394	5489	27608376	4336975722	1239985503
GLOBAL	II	1620001	1630000	0.0078057076524594	5507	41253396	5285029601	310220074
GLOBAL	II	1630001	1640000	0.0057420686355192	5526	30383296	5291350196	323203954
GLOBAL	II	1640001	1650000	0.0066461060709801	5494	34395572	5175296878	406744472
GLOBAL	II	1650001	1660000	0.0096010428175096	4439	36652196	3817522398	692612577
GLOBAL	II	1660001	1670000	0.010916512127308	5831	59035472	5407906052	516535723
GLOBAL	II	1670001	1680000	0.0077990528128932	6095	45315872	5810432765	382239610
GLOBAL	II	1680001	1690000	0.0087048995400037	4725	36301204	4170203669	630514456
GLOBAL	II	1690001	1700000	0.0058960943464989	3953	21114592	3581115016	435231809
GLOBAL	II	1700001	1710000	0.0043707648443355	5862	24772860	5667854685	288083865
GLOBAL	II	1710001	1720000	0.0075585391167396	4706	30573732	4044926080	736487570
GLOBAL	II	1720001	1730000	0.0074412539608219	4522	26854532	3608871857	985593193
GLOBAL	II	1730001	1740000	0.006694586378107	4992	30346976	4533062132	538934668
GLOBAL	II	1740001	1750000	0.0059412239964131	4784	25155004	4233976705	626686895
GLOBAL	II	1750001	1760000	0.008965808427424	3691	30247888	3373693320	376454955
GLOBAL	II	1760001	1770000	0.008016621400994	4363	30003868	3742707370	690209705
GLOBAL	II	1770001	1780000	0.0094918068999816	4600	40424260	4258858237	414856763
GLOBAL	II	1780001	1790000	0.0084875524909275	6467	52096684	6138010228	432623447
GLOBAL	II	1790001	1800000	0.007926006362231	5824	43881096	5536343777	380985823
GLOBAL	II	1800001	1810000	0.0072988525320293	5039	32742632	4485997197	633752778
GLOBAL	II	1810001	1820000	0.0092759514293516	5632	48587128	5237967056	484285744
GLOBAL	II	1820001	1830000	0.0086210971332124	3611	24865372	2884246821	784619454
GLOBAL	II	1830001	1840000	0.0091599088674192	5567	47439872	5179076854	477134321
GLOBAL	II	1840001	1850000	0.0084323734040977	5440	43672580	5179156319	348019681
GLOBAL	II	1850001	1860000	0.0086555526993349	6261	52680916	6086372278	274960247
GLOBAL	II	1860001	1870000	0.0093255705047342	5346	45800032	4911231112	520438538
GLOBAL	II	1870001	1880000	0.011854106825932	4534	46045264	3884330104	722327246
GLOBAL	II	1880001	1890000	0.0092945265583338	5858	47759652	5138470658	813403792
GLOBAL	II	1890001	1900000	0.010077424482405	5525	52732708	5232756454	380781671
GLOBAL	II	1900001	1910000	0.0080618261583701	5827	46015968	5707883933	212493742
GLOBAL	II	1910001	1920000	0.0078857530412899	5010	36759920	4661561148	428724102
GLOBAL	II	1920001	1930000	0.010002488957034	4986	42308968	4229844010	836056640
GLOBAL	II	1930001	1940000	0.010572191112962	4096	33708188	3188382393	973256007
GLOBAL	II	1940001	1950000	0.0054285059095321	7309	38936584	7172615200	253511525
GLOBAL	II	1950001	1960000	0.0070033507977209	6273	43152640	6161713335	211811490
GLOBAL	II	1960001	1970000	0.0066940972791318	5741	36198296	5407494766	425504759
GLOBAL	II	1970001	1980000	0.0065107688933817	6323	39958500	6137293560	287032515
GLOBAL	II	1980001	1990000	0.0063388828035144	6018	33589000	5298883264	825715436
GLOBAL	II	1990001	2000000	0.0060395649330703	5726	32048524	5306429247	511329903
GLOBAL	II	2000001	2010000	0.0064676264318901	3373	17073364	2639819133	789265242
GLOBAL	II	2010001	2020000	0.0059578905359928	7046	41354688	6941162774	217749376
GLOBAL	II	2020001	2030000	0.0050528125521694	7836	39248332	7767620824	193951076
GLOBAL	II	2030001	2040000	0.0060052464610665	6406	38116416	6347185956	161470194
GLOBAL	II	2040001	2050000	0.010689471396784	6755	71090400	6650506593	212742282
GLOBAL	II	2050001	2060000	0.011112423987835	4744	49347576	4440757125	379265475
GLOBAL	II	2060001	2070000	0.0086693814595364	4680	37944240	4376810523	378186477
GLOBAL	II	2070001	2080000	0.0078509684720789	5988	44858564	5713761832	370195868
GLOBAL	II	2080001	2090000	0.0092427607330309	5878	48219604	5217013119	755181831
GLOBAL	II	2090001	2100000	0.0078029448217003	5918	45317080	5807689409	205146541
GLOBAL	II	2100001	2110000	0.0065952637464941	7147	45250948	6861127885	400402790
GLOBAL	II	2110001	2120000	0.0056129614366107	5479	28661780	5106356123	460444852
GLOBAL	II	2120001	2130000	0.006643869251538	4700	26286020	3956432465	818885035
GLOBAL	II	2130001	2140000	0.0055403858748501	5486	29640548	5349906788	224006362
GLOBAL	II	2140001	2150000	0.0042180386584911	6233	26144812	6198333898	134549927
GLOBAL	II	2150001	2160000	0.0064550214273091	4823	28175140	4364840662	535447913
GLOBAL	II	2160001	2170000	0.0064077619717434	4948	23366228	3646550559	1380741141
GLOBAL	II	2170001	2180000	0.0072873419324619	3954	15483680	2124736309	1892626541
GLOBAL	II	2180001	2190000	0.00870433291278	5779	45244440	5197921593	673686882
GLOBAL	II	2190001	2200000	0.0095927983526054	4251	35684796	3719956856	599165419
GLOBAL	II	2200001	2210000	0.012340905221934	4398	45368176	3676243775	792234175
GLOBAL	II	2210001	2220000	0.010904642032595	5554	39260992	3600392556	2042610294
GLOBAL	II	2220001	2230000	0.013320557172768	3558	39477412	2963645701	651371249
GLOBAL	II	2230001	2240000	0.0085314993287711	5399	45020948	5277026495	208492480
GLOBAL	II	2240001	2250000	0.0047308017340864	6854	31753836	6712146859	251688491
GLOBAL	II	2250001	2260000	0.0093569543527932	5798	51929636	5549843896	341069054
GLOBAL	II	2260001	2270000	0.011368906783305	5386	58960232	5186095121	286215529
GLOBAL	II	2270001	2280000	0.0084708470569982	4663	31813584	3755655578	982068997
GLOBAL	II	2280001	2290000	0.0082810589524469	4384	25409432	3068379557	1385874043
GLOBAL	II	2290001	2300000	0.0079950153237619	6242	47258540	5911000553	431027497
GLOBAL	II	2300001	2310000	0.0065949586499517	5834	37336672	5661395921	266093929
GLOBAL	II	2310001	2320000	0.008338655361267	5772	46938416	5629014987	235481313
GLOBAL	II	2320001	2330000	0.0096289881495715	5271	42405980	4403991296	951476479
GLOBAL	II	2330001	2340000	0.0068692252117849	4649	23756460	3458390032	1265110193
GLOBAL	II	2340001	2350000	0.0071533842105405	6889	47720296	6671009776	328386449
GLOBAL	II	2350001	2360000	0.0090605628284428	5525	46160292	5094638476	518899649
GLOBAL	II	2360001	2370000	0.0094867281999268	7065	66906072	7052597122	125619503
GLOBAL	II	2370001	2380000	0.0081962948227831	6600	51337484	6263498948	442266052
GLOBAL	II	2380001	2390000	0.0080061510974272	7060	56064880	7002725694	170410806
GLOBAL	II	2390001	2400000	0.0068365434487854	6594	43591496	6376247928	323420922
GLOBAL	II	2400001	2410000	0.0054735387692992	6925	37634944	6875797466	160175659
GLOBAL	II	2410001	2420000	0.0041312364844394	7821	32309008	7820662923	125668602
GLOBAL	II	2420001	2430000	0.0037136275940187	7611	28078060	7560817365	172148910
GLOBAL	II	2430001	2440000	0.0054173583477182	7203	37318916	6888766370	429661705
GLOBAL	II	2440001	2450000	0.0090348296515955	3534	19900788	2202674402	1387957948
GLOBAL	II	2450001	2460000	0.003817737847393	6659	24017712	6291084658	474625817
GLOBAL	II	2460001	2470000	0.0047191627409424	6874	32092752	6800518177	183637673
GLOBAL	II	2470001	2480000	0.0053097075628821	4870	22717724	4278526403	715236472
GLOBAL	II	2480001	2490000	0.0048775801708119	5476	22291812	4570260502	993492398
GLOBAL	II	2490001	2500000	0.005774274121249	5235	28544044	4943312943	375577932
GLOBAL	II	2500001	2510000	0.0064274173838404	5470	34237616	5326807636	230849114
GLOBAL	II	2510001	2520000	0.0057448550491015	5130	28033516	4879760370	332447880
GLOBAL	II	2520001	2530000	0.0068249259119034	4238	26487376	3880976342	424937608
GLOBAL	II	2530001	2540000	0.0066255202730155	7149	46573136	7029355293	234207432
GLOBAL	II	2540001	2550000	0.0063484514549101	7083	44439536	7000059198	196445877
GLOBAL	II	2550001	2560000	0.0073601515558253	6467	46796748	6358122879	212510796
GLOBAL	II	2560001	2570000	0.0048939642065024	7353	35752868	7305502552	165329273
GLOBAL	II	2570001	2580000	0.0047663671391875	7555	35156816	7376019298	300049577
GLOBAL	II	2580001	2590000	0.0052594328264945	7327	36134588	6870434359	574996841
GLOBAL	II	2590001	2600000	0.0030018408044964	6410	18902396	6296934858	215785392
GLOBAL	II	2600001	2610000	0.0053835314247881	5847	30792920	5719836585	220861590
GLOBAL	II	2610001	2620000	0.0051352901472857	7556	38781044	7551870077	125214823
GLOBAL	II	2620001	2630000	0.0062997695673247	6093	36992584	5872053510	318586815
GLOBAL	II	2630001	2640000	0.0078261214294606	5856	43892664	5608482362	341360038
GLOBAL	II	2640001	2650000	0.0068257193228836	6326	41478544	6076801878	354636372
GLOBAL	II	2650001	2660000	0.0070934452297435	6549	45918128	6473318185	180629540
GLOBAL	II	2660001	2670000	0.0061370766715434	6824	37925556	6179742902	753611698
GLOBAL	II	2670001	2680000	0.0054558528224319	6941	37835376	6934823433	117406092
GLOBAL	II	2680001	2690000	0.004547870660698	7853	35786592	7868867580	109976745
GLOBAL	II	2690001	2700000	0.006899498614232	7250	49800280	7217956374	148224876
GLOBAL	II	2700001	2710000	0.0055659369809228	7639	42547956	7644347420	117067555
GLOBAL	II	2710001	2720000	0.0047093693697976	6698	31598304	6709667796	95667654
GLOBAL	II	2720001	2730000	0.0045388846885216	7848	35569876	7836699639	137064561
GLOBAL	II	2730001	2740000	0.0069845825489734	6013	41341120	5918910645	190447680
GLOBAL	II	2740001	2750000	0.0059241478634519	7359	41908728	7074220456	402707519
GLOBAL	II	2750001	2760000	0.0061517745217654	6614	39630604	6442141834	277847516
GLOBAL	II	2760001	2770000	0.0055083345859619	7390	40559388	7363276026	145148724
GLOBAL	II	2770001	2780000	0.0052407317497522	7276	37942856	7239992011	152605889
GLOBAL	II	2780001	2790000	0.0048398731964267	8192	39258032	8111376147	211900653
GLOBAL	II	2790001	2800000	0.0062519047942062	6123	36803512	5886767827	334353248
GLOBAL	II	2800001	2810000	0.010997902410706	5127	30804508	2800943930	2408216245
GLOBAL	II	2810001	2820000	0.011258810150678	5488	38415908	3412075298	2163869902
GLOBAL	II	2820001	2830000	0.0099977500268925	6050	53599956	5361201856	785749394
GLOBAL	II	2830001	2840000	0.0091961012378762	5798	51429584	5592542173	298370777
GLOBAL	II	2840001	2850000	0.0078661836232687	5322	36037420	4581309276	825975774
GLOBAL	II	2850001	2860000	0.012440292770469	5230	49274156	3960851799	1352958951
GLOBAL	II	2860001	2870000	0.011896450968273	6799	73129692	6147185593	760768382
GLOBAL	II	2870001	2880000	0.0063093627258416	7918	49864724	7903290105	141595845
GLOBAL	II	2880001	2890000	0.0088961355184794	6701	58773568	6606640364	201743161
GLOBAL	II	2890001	2900000	0.0061545861956556	6711	40688140	6611027729	207516046
GLOBAL	II	2900001	2910000	0.007096747374478	6782	48191984	6790714317	99967233
GLOBAL	II	2910001	2920000	0.0076282123871931	6626	49289180	6461432574	270749076
GLOBAL	II	2920001	2930000	0.0083826235954095	7174	58109440	6932130417	356832933
GLOBAL	II	2930001	2940000	0.0077643665276272	7766	58750732	7566712853	323737297
GLOBAL	II	2940001	2950000	0.0031066617444398	7986	24199792	7789644960	324330690
GLOBAL	II	2950001	2960000	0.0067090192006137	7421	49610000	7394523479	145398046
GLOBAL	II	2960001	2970000	0.010771802653548	6699	49482860	4593739933	2212611542
GLOBAL	II	2970001	2980000	0.006992005050222	7615	53205440	7609468188	127562187
GLOBAL	II	2980001	2990000	0.0062674991185569	7565	46065840	7349955561	336273564
GLOBAL	II	2990001	3000000	0.004229470058456	7365	29284632	6923948295	559075830
GLOBAL	II	3000001	3010000	0.0028188577349788	8256	23431640	8312459231	75843169
GLOBAL	II	3010001	3020000	0.0049253001752212	8248	40622032	8247625638	132548562
GLOBAL	II	3020001	3030000	0.0048259632132409	7765	37609152	7793087170	96346955
GLOBAL	II	3030001	3040000	0.0046699121159972	6844	31592836	6765188555	188486545
GLOBAL	II	3040001	3050000	0.0042713685174488	7331	31162884	7295761036	152718239
GLOBAL	II	3050001	3060000	0.0042361195920088	6750	26887556	6347213627	510955123
GLOBAL	II	3060001	3070000	0.0070334515683869	7478	47071708	6692547399	905287551
GLOBAL	II	3070001	3080000	0.0064107916882056	6785	43052300	6715598025	178131600
GLOBAL	II	3080001	3090000	0.0063057719482874	7780	49311004	7819978966	84695534
GLOBAL	II	3090001	3100000	0.0048660284817326	8382	41098696	8446045097	70276453
GLOBAL	II	3100001	3110000	0.0044373186301605	8074	35983132	8109206257	94179593
GLOBAL	II	3110001	3120000	0.0016594386570837	8900	14899548	8978667537	63954963
GLOBAL	II	3120001	3130000	0.0048439113655838	8251	39611028	8177488193	205734082
GLOBAL	II	3130001	3140000	0.0036955240975907	8718	32364044	8757633057	100072893
GLOBAL	II	3140001	3150000	0.0033959542193498	8659	29642780	8728851476	68908999
GLOBAL	II	3150001	3160000	0.0049839727436955	7753	38784076	7781759250	95482575
GLOBAL	II	3160001	3170000	0.0053579365259224	6961	36588952	6828925991	243624034
GLOBAL	II	3170001	3180000	0.0027549059301765	7326	20055240	7279827518	163571632
GLOBAL	II	3180001	3190000	0.0018769139743211	8340	15716912	8373805201	99843299
GLOBAL	II	3190001	3200000	0.0048833816727963	7034	33872708	6936322055	210397795
GLOBAL	II	3200001	3210000	0.004897714906387	8230	40395684	8247863498	114022252
GLOBAL	II	3210001	3220000	0.0061291769988545	7774	47890028	7813451628	85126722
GLOBAL	II	3220001	3230000	0.0035509088027364	7282	25757048	7253649539	145044511
GLOBAL	II	3230001	3240000	0.0036309563826995	8571	31315964	8624715006	83635269
GLOBAL	II	3240001	3250000	0.0024338767809866	9086	22349732	9182770539	48832611
GLOBAL	II	3250001	3260000	0.0060302555231278	8443	50998548	8457112274	121186801
GLOBAL	II	3260001	3270000	0.0067226998820296	7405	49814292	7409864024	113801101
GLOBAL	II	3270001	3280000	0.0030124485287316	7555	22607812	7504796110	171272765
GLOBAL	II	3280001	3290000	0.0054605110201802	7979	43853496	8031024173	75839302
GLOBAL	II	3290001	3300000	0.0080295585265859	7317	58378248	7270418144	163836781
GLOBAL	II	3300001	3310000	0.0066614383535472	7120	47436700	7121089693	113008307
GLOBAL	II	3310001	3320000	0.0047316842899864	7947	37288964	7880695692	193654983
GLOBAL	II	3320001	3330000	0.003036002571717	8891	27128228	8935508900	97969375
GLOBAL	II	3330001	3340000	0.0063823679971502	6496	40771788	6388191345	211907055
GLOBAL	II	3340001	3350000	0.0042660112335577	7716	32705340	7666491767	173157133
GLOBAL	II	3350001	3360000	0.0026093682218068	7793	20052336	7684747531	233135294
GLOBAL	II	3360001	3370000	0.0040633365649291	7552	30502400	7506737262	166283538
GLOBAL	II	3370001	3380000	0.0030286752012974	7023	21022152	6941038772	194504803
GLOBAL	II	3380001	3390000	0.0032575910126037	7322	23871356	7327916828	111418222
GLOBAL	II	3390001	3400000	0.0033875589945226	6781	21752480	6421284481	468381044
GLOBAL	II	3400001	3410000	0.0026284019892194	7765	19790824	7529603189	359830936
GLOBAL	II	3410001	3420000	0.0023105276019603	8550	19808380	8573098189	113915561
GLOBAL	II	3420001	3430000	0.0065632767456978	6299	38330472	5840142582	559798893
GLOBAL	II	3430001	3440000	0.0077617637831814	5940	45174536	5820137956	215050544
GLOBAL	II	3440001	3450000	0.0071777619025581	7480	52383860	7298077132	301789868
GLOBAL	II	3450001	3460000	0.0063160480269315	7157	44783316	7090401436	181289489
GLOBAL	II	3460001	3470000	0.0062859480150546	6465	35446652	5639030408	929571217
GLOBAL	II	3470001	3480000	0.0057005573027483	7092	39969264	7011466051	194183249
GLOBAL	II	3480001	3490000	0.0064024505195744	6293	39498036	6169205975	224639350
GLOBAL	II	3490001	3500000	0.0036012049089474	8203	29359792	8152769071	181684004
GLOBAL	II	3500001	3510000	0.0055839455679381	6801	33382952	5978380626	931605399
GLOBAL	II	3510001	3520000	0.0059107887459614	5433	30351036	5134853791	385210034
GLOBAL	II	3520001	3530000	0.0052395883990097	6680	34115128	6511032051	276014949
GLOBAL	II	3530001	3540000	0.0038313703783378	6003	20252000	5285837181	813360894
GLOBAL	II	3540001	3550000	0.0033324379049293	7624	25262296	7580725199	165449401
GLOBAL	II	3550001	3560000	0.0031962432220089	7917	25269568	7906021615	137848310
GLOBAL	II	3560001	3570000	0.0033999152459899	7709	25525396	7507656560	324880165
GLOBAL	II	3570001	3580000	0.0027098816420769	8157	21964380	8105291264	182424661
GLOBAL	II	3580001	3590000	0.0039829264450528	6530	25785328	6473965401	160677849
GLOBAL	II	3590001	3600000	0.0036539412465768	7128	24866804	6805474506	436751694
GLOBAL	II	3600001	3610000	0.0024006062095784	9041	21895432	9120792870	65089155
GLOBAL	II	3610001	3620000	0.0022263660198461	8315	18659204	8381013649	67234226
GLOBAL	II	3620001	3630000	0.0029770785577929	7479	22193344	7454739124	144111851
GLOBAL	II	3630001	3640000	0.0031455073829749	7839	24652540	7837381064	127238911
GLOBAL	II	3640001	3650000	0.0025400258906364	8273	21173828	8336067785	69507040
GLOBAL	II	3650001	3660000	0.0028633117003277	7386	21091616	7366161357	138199293
GLOBAL	II	3660001	3670000	0.0022689916782895	7864	16765524	7388975535	618317490
GLOBAL	II	3670001	3680000	0.0028969484530034	7898	22953464	7923324965	101240485
GLOBAL	II	3680001	3690000	0.003101299554758	8069	24984340	8056087314	142218411
GLOBAL	II	3690001	3700000	0.0028986245293602	7898	22932856	7911633869	112931581
GLOBAL	II	3700001	3710000	0.0034686200102341	8482	29606112	8535415212	82508838
GLOBAL	II	3710001	3720000	0.0052694340894863	8025	41890816	7949775116	203825509
GLOBAL	II	3720001	3730000	0.0049569783584163	7901	38175400	7701344900	326268625
GLOBAL	II	3730001	3740000	0.0053542584705764	7090	37732436	7047182389	156434861
GLOBAL	II	3740001	3750000	0.0041976270762862	7016	25198132	6002946794	1125484606
GLOBAL	II	3750001	3760000	0.00559808903479	4642	19633448	3507169657	1209218393
GLOBAL	II	3760001	3770000	0.0044080178000041	7089	30945728	7020327368	182273857
GLOBAL	II	3770001	3780000	0.0042946704650015	7877	33975560	7911098250	92130675
GLOBAL	II	3780001	3790000	0.0029841275647766	9016	27073460	9072487490	87993910
GLOBAL	II	3790001	3800000	0.0053800497955398	7812	42133820	7831492570	105694730
GLOBAL	II	3800001	3810000	0.003966017966504	7717	30313508	7643310811	197354114
GLOBAL	II	3810001	3820000	0.0044229085193278	7296	31819196	7194179093	218739307
GLOBAL	II	3820001	3830000	0.0048058408028111	8107	39047104	8124926647	111988028
GLOBAL	II	3830001	3840000	0.0047804724921057	6803	31342240	6556305899	355712176
GLOBAL	II	3840001	3850000	0.0049444040370634	6603	31462052	6363163642	345649433
GLOBAL	II	3850001	3860000	0.0049018907424238	8058	39535080	8065271561	121857889
GLOBAL	II	3860001	3870000	0.0042411151721163	7977	33888416	7990449357	114382068
GLOBAL	II	3870001	3880000	0.0032685529984222	8066	25810440	7896595225	298662425
GLOBAL	II	3880001	3890000	0.0042334929907052	4615	17517584	4137855912	551099463
GLOBAL	II	3890001	3900000	0.0045898767208404	7906	36191412	7885050994	147642656
GLOBAL	II	3900001	3910000	0.005349149489235	7285	37868416	7079334028	322408097
GLOBAL	II	3910001	3920000	0.0030617956905446	7009	21179996	6917507940	203811285
GLOBAL	II	3920001	3930000	0.0025991696993745	8498	22229736	8552629713	81550737
GLOBAL	II	3930001	3940000	0.0049196581112233	7150	34309600	6973980554	290598196
GLOBAL	II	3940001	3950000	0.0066931391912499	6531	42724120	6383270806	252388469
GLOBAL	II	3950001	3960000	0.0046448216834438	7122	32892620	7081567871	154562179
GLOBAL	II	3960001	3970000	0.0029137265071393	7748	22359120	7673719529	198442171
GLOBAL	II	3970001	3980000	0.0054873920227419	6321	34419324	6272437591	149856434
GLOBAL	II	3980001	3990000	0.0051875455301315	7499	38356892	7394034766	225136709
GLOBAL	II	3990001	4000000	0.0061695316567275	7131	42199000	6839903310	405370965
GLOBAL	II	4000001	4010000	0.005316140736	5571	28046956	5275811419	385479881
GLOBAL	II	4010001	4020000	0.004966802049496	7555	36067664	7261747829	414321046
GLOBAL	II	4020001	4030000	0.0047543056410453	7938	37800176	7950724849	114481601
GLOBAL	II	4030001	4040000	0.0089017688414976	6485	53758244	6039051896	549870229
GLOBAL	II	4040001	4050000	0.0078007419430395	5319	31581676	4048547719	1355689256
GLOBAL	II	4050001	4060000	0.0068485365891627	6188	33435624	4882156000	1405006700
GLOBAL	II	4060001	4070000	0.005089278271649	7463	37460908	7360750582	221843993
GLOBAL	II	4070001	4080000	0.006126161493054	7132	43177720	7048087134	198203166
GLOBAL	II	4080001	4090000	0.0066565449965143	7473	49537936	7441989204	150765621
GLOBAL	II	4090001	4100000	0.0057581913505721	7207	41238244	7161666136	160826039
GLOBAL	II	4100001	4110000	0.0081614234914399	6757	53559004	6562458627	302822298
GLOBAL	II	4110001	4120000	0.0055997046698911	7470	40709180	7269879824	319826926
GLOBAL	II	4120001	4130000	0.0097747093441991	6693	65135980	6663725509	136529816
GLOBAL	II	4130001	4140000	0.0092680802623549	5443	46617960	5029947808	501292292
GLOBAL	II	4140001	4150000	0.0053967997082607	5203	22174444	4108813593	1308631707
GLOBAL	II	4150001	4160000	0.0053783052257086	7454	40006444	7438485233	134965117
GLOBAL	II	4160001	4170000	0.0029581987659856	7562	22182972	7498810511	184370539
GLOBAL	II	4170001	4180000	0.0049077636927825	6521	31348424	6387516996	237982029
GLOBAL	II	4180001	4190000	0.0035623844861488	7671	27317148	7668220010	125707765
GLOBAL	II	4190001	4200000	0.0040546750805986	6581	24260512	5983343059	721405916
GLOBAL	II	4200001	4210000	0.006705978326752	619	1114236	166155622	462763853
GLOBAL	II	4210001	4220000	0.0055577816078592	5529	23336808	4198942968	1423739382
GLOBAL	II	4220001	4230000	0.0047030175893438	7179	33798568	7186570613	107472862
GLOBAL	II	4230001	4240000	0.0038312313629288	7881	30301500	7909075994	98217031
GLOBAL	II	4240001	4250000	0.0041929312215133	7098	29283796	6984086896	227658554
GLOBAL	II	4250001	4260000	0.0044911972742418	7745	35036824	7801221336	67892289
GLOBAL	II	4260001	4270000	0.0070759373595654	7839	55802260	7886200395	78419580
GLOBAL	II	4270001	4280000	0.0062097510303264	7142	43805868	7054367846	202082704
GLOBAL	II	4280001	4290000	0.0065512562844854	6932	45198828	6899261155	143824145
GLOBAL	II	4290001	4300000	0.005792921469156	5139	23583316	4071057432	1150295043
GLOBAL	II	4300001	4310000	0.0063490055019843	5063	29417408	4633388330	510746245
GLOBAL	II	4310001	4320000	0.0054226071750211	7239	38685608	7134134329	220870646
GLOBAL	II	4320001	4330000	0.0068586186631437	6890	47018312	6855361744	145050506
GLOBAL	II	4330001	4340000	0.005052977467202	8303	42108336	8333371022	102684553
GLOBAL	II	4340001	4350000	0.0055864965185587	7512	42182292	7550759561	81620239
GLOBAL	II	4350001	4360000	0.0059978427565251	7726	46350596	7727877819	121931331
GLOBAL	II	4360001	4370000	0.0077762403304132	6115	47074028	6053571649	159421226
GLOBAL	II	4370001	4380000	0.0069294018986772	7312	50048404	7222615275	206559525
GLOBAL	II	4380001	4390000	0.010107671132692	6717	58743812	5811804839	1012835086
GLOBAL	II	4390001	4400000	0.0051942996912896	8246	43061644	8290173182	87968968
GLOBAL	II	4400001	4410000	0.0066518852631703	8184	54853384	8246291364	68857236
GLOBAL	II	4410001	4420000	0.0060779753937769	7596	45768828	7530275303	187450597
GLOBAL	II	4420001	4430000	0.0040899416083249	7618	31131872	7611813317	128265133
GLOBAL	II	4430001	4440000	0.0060373443119621	6818	40901244	6774707866	152550584
GLOBAL	II	4440001	4450000	0.0048292573834984	7343	35033504	7254428832	206242743
GLOBAL	II	4450001	4460000	0.0051703242046235	7642	39470060	7633962289	130500761
GLOBAL	II	4460001	4470000	0.0045225824384883	7948	35984220	7956564748	118801952
GLOBAL	II	4470001	4480000	0.0037972309646525	8008	30593904	8056898378	79429822
GLOBAL	II	4480001	4490000	0.0047107112540646	7874	36992508	7852849815	147331035
GLOBAL	II	4490001	4500000	0.005524624384628	6470	33770004	6112633484	461048266
GLOBAL	II	4500001	4510000	0.0038241968403296	7798	29455524	7702407912	220555038
GLOBAL	II	4510001	4520000	0.0034127966336423	7016	23627044	6923074105	205357295
GLOBAL	II	4520001	4530000	0.0043821537337578	8503	37457064	8547638051	91622524
GLOBAL	II	4530001	4540000	0.0059573385582872	8197	49060524	8235309026	93047899
GLOBAL	II	4540001	4550000	0.005797492323093	8480	49596932	8554893950	60998050
GLOBAL	II	4550001	4560000	0.0024022571277201	8494	20598152	8574499275	55617075
GLOBAL	II	4560001	4570000	0.0056318954935204	7620	41551540	7377896136	364214364
GLOBAL	II	4570001	4580000	0.0048964867407894	7654	37519864	7662609129	114046221
GLOBAL	II	4580001	4590000	0.0048464057693541	7646	36856152	7604842383	163684767
GLOBAL	II	4590001	4600000	0.0067772042239901	6166	39312640	5800716446	464093704
GLOBAL	II	4600001	4610000	0.0059138948373985	6844	39466724	6673558642	280116458
GLOBAL	II	4610001	4620000	0.0042167580524292	6314	21249880	5039388017	1378841908
GLOBAL	II	4620001	4630000	0.004114265068987	7924	28627480	6958102971	1092879129
GLOBAL	II	4630001	4640000	0.0049825258097749	7843	38233780	7673573898	295110177
GLOBAL	II	4640001	4650000	0.0055441868187632	6825	37609916	6783666790	150703835
GLOBAL	II	4650001	4660000	0.0071201875195934	7693	54901704	7710710406	105569919
GLOBAL	II	4660001	4670000	0.0044635448257003	6709	25321484	5672953894	1145589881
GLOBAL	II	4670001	4680000	0.0030972178183752	8067	25010340	8075098836	121174839
GLOBAL	II	4680001	4690000	0.0049871918037578	6229	30140536	6043588694	285231031
GLOBAL	II	4690001	4700000	0.0062309036087384	7604	47528320	7627837467	98016633
GLOBAL	II	4700001	4710000	0.004518636432642	8049	36057508	7979732058	198253167
GLOBAL	II	4710001	4720000	0.0065074296165995	7011	45409156	6978047966	145303309
GLOBAL	II	4720001	4730000	0.0069641501237968	6832	46853016	6727743539	213739261
GLOBAL	II	4730001	4740000	0.0078018999726119	6998	54405444	6973358309	136784641
GLOBAL	II	4740001	4750000	0.0061564925424811	7478	45440848	7380963704	216871246
GLOBAL	II	4750001	4760000	0.0047309220025615	8193	38902964	8223125213	101167612
GLOBAL	II	4760001	4770000	0.0045202078647127	8381	38067008	8421517138	93788387
GLOBAL	II	4770001	4780000	0.0060437811615066	7979	48059944	7951966280	154897195
GLOBAL	II	4780001	4790000	0.0034984684807533	7541	26091772	7458055473	203789052
GLOBAL	II	4790001	4800000	0.0053541921806883	6612	32813732	6128605566	589351734
GLOBAL	II	4800001	4810000	0.0051464240209357	7803	40002868	7772944444	155098631
GLOBAL	II	4810001	4820000	0.0056098877146813	7880	43994008	7842226126	164050874
GLOBAL	II	4820001	4830000	0.0054776281077059	8204	45118992	8236957879	98511221
GLOBAL	II	4830001	4840000	0.0069769725578639	6680	46518772	6667472405	119574595
GLOBAL	II	4840001	4850000	0.0052616918850744	7933	41115580	7814136764	245989561
GLOBAL	II	4850001	4860000	0.0068918695996839	7709	52543452	7623976519	208560206
GLOBAL	II	4860001	4870000	0.0062446729754248	8259	51821696	8298544408	92806067
GLOBAL	II	4870001	4880000	0.0052686018904042	7091	36813160	6987273050	217360225
GLOBAL	II	4880001	4890000	0.0033485878395607	6728	20142976	6015364376	820451824
GLOBAL	II	4890001	4900000	0.0024111291223383	9089	22073132	9154686821	79964404
GLOBAL	II	4900001	4910000	0.0030816159133868	8922	27686464	8984398049	80577001
GLOBAL	II	4910001	4920000	0.006676697134592	5996	29096736	4357953553	1734132347
GLOBAL	II	4920001	4930000	0.0083260433947509	6625	49628624	5960649212	770516413
GLOBAL	II	4930001	4940000	0.0064904865182549	6513	35471020	5465078758	1152292067
GLOBAL	II	4940001	4950000	0.0057812567695599	7276	40035484	6925048583	467549317
GLOBAL	II	4950001	4960000	0.0052146580323848	8025	42007804	8055715972	97884653
GLOBAL	II	4960001	4970000	0.0055671930686052	7783	43672208	7844565019	63157556
GLOBAL	II	4970001	4980000	0.0026271039092012	8558	22584024	8596547674	98594276
GLOBAL	II	4980001	4990000	0.0037867029680688	8605	32845604	8673931987	68963138
GLOBAL	II	4990001	5000000	0.0024509603774946	8216	20268340	8269550249	78111151
GLOBAL	II	5000001	5010000	0.0039611297159116	7559	30049188	7586014636	94118339
GLOBAL	II	5010001	5020000	0.005961222050998	7946	43445520	7288022427	785312223
GLOBAL	II	5020001	5030000	0.0059372480376793	8831	52833364	8898628399	73888376
GLOBAL	II	5030001	5040000	0.007115366393119	7312	51424628	7227263525	201911275
GLOBAL	II	5040001	5050000	0.006738899070266	7456	45018696	6680422949	895059451
GLOBAL	II	5050001	5060000	0.0047012634758142	6948	19903496	4233648274	2825693426
GLOBAL	II	5060001	5070000	0.006909506680384	6462	14365448	2079084465	4491549210
GLOBAL	II	5070001	5080000	0.006285697541458	7469	36083968	5740646565	1848044160
GLOBAL	II	5080001	5090000	0.0055221965396729	7868	34032892	6162926610	1831158090
GLOBAL	II	5090001	5100000	0.0047165117863953	8846	42178628	8942758952	44998198
GLOBAL	II	5100001	5110000	0.0051259141868337	8111	41625836	8120665794	120312981
GLOBAL	II	5110001	5120000	0.0061977498708479	7373	45601308	7357719971	133432354
GLOBAL	II	5120001	5130000	0.0051695157666206	7792	40258920	7787754563	129112237
GLOBAL	II	5130001	5140000	0.0031164424792955	8065	25222192	8093264088	100977537
GLOBAL	II	5140001	5150000	0.0024438076761798	8607	21209012	8678674761	66252414
GLOBAL	II	5150001	5160000	0.0032011213184735	8424	27064680	8454749854	104244746
GLOBAL	II	5160001	5170000	0.0052594419591939	8084	42794464	8136692891	76853209
GLOBAL	II	5170001	5180000	0.0042572215346798	8187	34949304	8209416333	108780342
GLOBAL	II	5180001	5190000	0.00629487797255	8096	50849408	8077902101	147836299
GLOBAL	II	5190001	5200000	0.0056271020989733	6746	32525272	5780110513	1073994137
GLOBAL	II	5200001	5210000	0.0040394767777378	8227	32587596	8067281431	291556244
GLOBAL	II	5210001	5220000	0.0028444863164307	8080	23075696	8112429955	97052045
GLOBAL	II	5220001	5230000	0.0026936588165209	8497	23056036	8559375025	73789400
GLOBAL	II	5230001	5240000	0.0032465624401666	8478	27609556	8504243029	109616921
GLOBAL	II	5240001	5250000	0.0029401780635166	8150	24160000	8217189394	63414356
GLOBAL	II	5250001	5260000	0.0024546478818274	8529	21074624	8585599652	80077573
GLOBAL	II	5260001	5270000	0.0032939083050187	8008	26568828	8066049671	70278529
GLOBAL	II	5270001	5280000	0.004082940598667	7226	27906644	6834937547	506859103
GLOBAL	II	5280001	5290000	0.0036968096496512	7663	28397068	7681506675	104292900
GLOBAL	II	5290001	5300000	0.0037549114038237	8424	31484744	8384949900	174044700
GLOBAL	II	5300001	5310000	0.0032603052008503	7948	25992260	7972339520	103027180
GLOBAL	II	5310001	5320000	0.0022426853456481	8100	18282416	8152020093	77782407
GLOBAL	II	5320001	5330000	0.0026322047293728	8714	23096400	8774545438	79096412
GLOBAL	II	5330001	5340000	0.004073017389162	8420	34616304	8498933516	55996984
GLOBAL	II	5340001	5350000	0.0053379854747547	8363	44617244	8358442377	138574698
GLOBAL	II	5350001	5360000	0.0038832348192746	7523	29310372	7547926758	95629317
GLOBAL	II	5360001	5370000	0.0035773317885799	7840	26559612	7424419531	541216469
GLOBAL	II	5370001	5380000	0.0019566518891453	8070	15921116	8136918012	62403738
GLOBAL	II	5380001	5390000	0.0014592430160067	7582	11143568	7636540232	66961318
GLOBAL	II	5390001	5400000	0.0018806732193256	9020	17120992	9103650663	60894837
GLOBAL	II	5400001	5410000	0.0022962763310052	8388	19340000	8422331293	100086407
GLOBAL	II	5410001	5420000	0.0027647301315029	8098	22451576	8120711582	107058868
GLOBAL	II	5420001	5430000	0.0032658646676358	7618	25024004	7662290556	77787894
GLOBAL	II	5430001	5440000	0.0034540099904022	8305	28266968	8183811882	254275743
GLOBAL	II	5440001	5450000	0.0027975063780278	8418	23802332	8508410271	44488179
GLOBAL	II	5450001	5460000	0.0016061081059852	9169	14881292	9265436084	50497141
GLOBAL	II	5460001	5470000	0.0028405568467156	7923	22451816	7904019251	145946824
GLOBAL	II	5470001	5480000	0.0041582454643149	8872	37043344	8908407240	105766560
GLOBAL	II	5480001	5490000	0.0036868518955453	8606	31964836	8669953908	73957242
GLOBAL	II	5490001	5500000	0.003614580591434	7986	29082628	8045920478	68055172
GLOBAL	II	5500001	5510000	0.0022521754430441	8251	18668536	8289112670	94109605
GLOBAL	II	5510001	5520000	0.0017904422144439	8747	15805972	8827971030	59199645
GLOBAL	II	5520001	5530000	0.0018448024204673	9422	17583840	9531557312	41430238
GLOBAL	II	5530001	5540000	0.0023527507480953	8771	20807840	8844047767	67507508
GLOBAL	II	5540001	5550000	0.0028441321132241	8054	22879392	8044419559	138645791
GLOBAL	II	5550001	5560000	0.0022040745768316	8960	19888760	9023632961	79951039
GLOBAL	II	5560001	5570000	0.0043578450372645	5480	13395584	3073900950	2493916050
GLOBAL	II	5570001	5580000	0.0026412838148108	8243	21667384	8203353187	171740888
GLOBAL	II	5580001	5590000	0.0022225704821273	8927	19973712	8986762022	83293153
GLOBAL	II	5590001	5600000	0.0027608689935695	8687	24192956	8762804775	63404400
GLOBAL	II	5600001	5610000	0.0018189786015797	9205	16916152	9299808137	52701988
GLOBAL	II	5610001	5620000	0.0024713970701378	7995	19741872	7988142512	134977363
GLOBAL	II	5620001	5630000	0.0022874788133302	8805	20314620	8880790450	65309675
GLOBAL	II	5630001	5640000	0.0023278641405019	8438	19818044	8513402331	59816619
GLOBAL	II	5640001	5650000	0.0021951279389802	8729	19246988	8768048394	100833831
GLOBAL	II	5650001	5660000	0.0033692061721314	8531	26945008	7997435189	670274086
GLOBAL	II	5660001	5670000	0.0028733778417895	8238	23737204	8261079923	108934027
GLOBAL	II	5670001	5680000	0.0035236000875893	8251	28390628	8057278719	325943556
GLOBAL	II	5680001	5690000	0.0037991203792946	8440	32257152	8490689628	84561372
GLOBAL	II	5690001	5700000	0.0044484094852108	8266	36941960	8304532243	93930407
GLOBAL	II	5700001	5710000	0.0038954800467573	8406	32636976	8378165363	162540787
GLOBAL	II	5710001	5720000	0.0033096800562572	8079	26604696	8038449502	170016473
GLOBAL	II	5720001	5730000	0.0044307539606925	8237	36489284	8235457063	133540862
GLOBAL	II	5730001	5740000	0.0049855135590517	7532	33907684	6801241958	851458342
GLOBAL	II	5740001	5750000	0.0024376543601191	8485	20835680	8547429997	73542128
GLOBAL	II	5750001	5760000	0.0026421049911363	8191	21809236	8254492563	67768212
GLOBAL	II	5760001	5770000	0.0021314737784934	6416	11845752	5557540571	961275829
GLOBAL	II	5770001	5780000	0.0038864204952187	7780	30203424	7771527563	133146937
GLOBAL	II	5780001	5790000	0.002371689749497	8562	20375756	8591240066	107965984
GLOBAL	II	5790001	5800000	0.0019368112806582	8458	15648764	8079653478	513885972
GLOBAL	II	5800001	5810000	0.0027891756866322	8622	24162280	8662874883	97292667
GLOBAL	II	5810001	5820000	0.00381674653925	8260	30998892	8121810469	270556031
GLOBAL	II	5820001	5830000	0.0033329555306015	8892	29853732	8957134809	77359491
GLOBAL	II	5830001	5840000	0.0028071084290545	8074	22572540	8041207018	162178832
GLOBAL	II	5840001	5850000	0.0019172543566268	9606	18636112	9720208451	39727699
GLOBAL	II	5850001	5860000	0.0015508040663708	9218	14418840	9297654238	68064212
GLOBAL	II	5860001	5870000	0.0033737416286897	8028	27153524	8048489478	108159222
GLOBAL	II	5870001	5880000	0.0032564280489792	8879	29091400	8933530716	87755259
GLOBAL	II	5880001	5890000	0.0022565462525572	8553	19114928	8470877997	219183828
GLOBAL	II	5890001	5900000	0.0029105965598174	6768	19589536	6730419554	146037646
GLOBAL	II	5900001	5910000	0.0019545056811387	9181	18114076	9267855384	60270141
GLOBAL	II	5910001	5920000	0.0024529343992739	8524	19364860	7894569054	766028046
GLOBAL	II	5920001	5930000	0.0023281291349104	8763	20052300	8613053159	290373916
GLOBAL	II	5930001	5940000	0.0028849260251405	7917	22944852	7953358873	90511052
GLOBAL	II	5940001	5950000	0.0024692705517048	8751	21783412	8821800424	69434351
GLOBAL	II	5950001	5960000	0.0024855329682585	8663	21743544	8748040874	53783701
GLOBAL	II	5960001	5970000	0.0023455695121605	8894	21002484	8954108540	82417810
GLOBAL	II	5970001	5980000	0.0021707247541963	8423	18269276	8416210284	141768291
GLOBAL	II	5980001	5990000	0.0024392370691382	8315	20359288	8346580272	101667603
GLOBAL	II	5990001	6000000	0.0024458423666979	8525	21005564	8588273834	73339291
GLOBAL	II	6000001	6010000	0.0020836153125716	7934	16552984	7944357051	116785299
GLOBAL	II	6010001	6020000	0.0021160156746298	8138	17257592	8155701400	112710050
GLOBAL	II	6020001	6030000	0.002680513901162	8997	24326740	9075401545	65775380
GLOBAL	II	6030001	6040000	0.0024492758127027	8520	20952504	8554571066	101961934
GLOBAL	II	6040001	6050000	0.0042112691931677	8119	33618260	7982928295	266178680
GLOBAL	II	6050001	6060000	0.0047005008892474	8633	40673596	8653034423	118309402
GLOBAL	II	6060001	6070000	0.0036726316000497	8386	31025340	8447713623	72672027
GLOBAL	II	6070001	6080000	0.0024372282172068	8117	17493460	7177604410	1069470515
GLOBAL	II	6080001	6090000	0.0028267369258173	8881	25274092	8941083894	82234131
GLOBAL	II	6090001	6100000	0.0020991142319671	9110	19353716	9219944158	36043592
GLOBAL	II	6100001	6110000	0.0021320500316412	9019	19415780	9106624944	56904531
GLOBAL	II	6110001	6120000	0.0022121804869832	8559	18884552	8536623531	159534444
GLOBAL	II	6120001	6130000	0.002762354086569	8143	22713616	8222557749	50933826
GLOBAL	II	6130001	6140000	0.0024825109444974	8788	21971732	8850608312	78219388
GLOBAL	II	6140001	6150000	0.0020733332279044	8605	18008272	8685662178	57232947
GLOBAL	II	6150001	6160000	0.0020827996915859	8318	17413656	8360696456	90599494
GLOBAL	II	6160001	6170000	0.0031873341272364	8767	28115104	8820883810	86607365
GLOBAL	II	6170001	6180000	0.0014789978075161	9658	14472364	9785250476	27518974
GLOBAL	II	6180001	6190000	0.0024810383828439	8955	22193376	8945196557	153307318
GLOBAL	II	6190001	6200000	0.0015720766223211	9184	14603500	9289305491	41868109
GLOBAL	II	6200001	6210000	0.0032736280713259	8676	28716636	8772113195	42919705
GLOBAL	II	6210001	6220000	0.0028654779902753	8735	25202120	8795084131	79894244
GLOBAL	II	6220001	6230000	0.0021002607814526	8839	18698568	8902974414	77670561
GLOBAL	II	6230001	6240000	0.0025490845102493	9121	23380936	9172287504	94876521
GLOBAL	II	6240001	6250000	0.0038512844404236	8761	34098524	8853805666	47589359
GLOBAL	II	6250001	6260000	0.0024670787118802	9638	24094520	9766417214	26031736
GLOBAL	II	6260001	6270000	0.0046033384382085	8989	41630548	9043555793	89492932
GLOBAL	II	6270001	6280000	0.0046824689780288	8624	40758796	8704552276	57647324
GLOBAL	II	6280001	6290000	0.003087188693062	9122	28497944	9231034068	37145982
GLOBAL	II	6290001	6300000	0.0030226794452358	9612	29428896	9736029418	30002882
GLOBAL	II	6300001	6310000	0.0035160556184827	9317	33190664	9439743736	26561189
GLOBAL	II	6310001	6320000	0.0027707321044667	7296	18163248	6555396666	857521734
GLOBAL	II	6320001	6330000	0.0036810773888221	8150	27462332	7460406044	820197706
GLOBAL	II	6330001	6340000	0.0021354486295816	8522	18056336	8455523467	203041583
GLOBAL	II	6340001	6350000	0.0016331556994962	8752	14376840	8803104324	89146476
GLOBAL	II	6350001	6360000	0.0024447633232984	9142	22576960	9234824404	53676146
GLOBAL	II	6360001	6370000	0.0026493184140907	8739	23314416	8800156250	78886225
GLOBAL	II	6370001	6380000	0.0027487308179265	8285	22998808	8367064483	50702642
GLOBAL	II	6380001	6390000	0.0022462486114803	8917	20237084	9009280583	50614342
GLOBAL	II	6390001	6400000	0.0027834464065744	7988	21227336	7626277966	489729734
GLOBAL	II	6400001	6410000	0.0033974887890091	6956	21010988	6184270002	883199898
GLOBAL	II	6410001	6420000	0.0028019428564532	8772	24655400	8799394300	113177000
GLOBAL	II	6420001	6430000	0.0016293479661015	9375	15427752	9468666191	56568184
GLOBAL	II	6430001	6440000	0.0018842452082136	7908	15001716	7961658034	73067666
GLOBAL	II	6440001	6450000	0.0017567561341163	9546	16973760	9661989886	36984764
GLOBAL	II	6450001	6460000	0.0017438341521269	9013	15726168	9018155758	139277567
GLOBAL	II	6460001	6470000	0.0020115511765543	8676	17624732	8761761672	53271228
GLOBAL	II	6470001	6480000	0.0020172220875389	8901	17641068	8745228455	298410070
GLOBAL	II	6480001	6490000	0.00287946221043	7650	21453360	7450474579	322116671
GLOBAL	II	6490001	6500000	0.0025053039064857	7844	19605924	7825766746	143933354
GLOBAL	II	6500001	6510000	0.0022311726175659	8970	20223920	9064256096	49488154
GLOBAL	II	6510001	6520000	0.0024399206111134	7983	19453100	7972841375	138086200
GLOBAL	II	6520001	6530000	0.0022055880076417	7414	14044476	6367678801	1165130549
GLOBAL	II	6530001	6540000	0.0026111592424967	8376	21995392	8423611874	86613526
GLOBAL	II	6540001	6550000	0.0027070171368985	8338	22543196	8327688692	143927758
GLOBAL	II	6550001	6560000	0.0034438360564568	7656	26143364	7591349754	187337646
GLOBAL	II	6560001	6570000	0.0028684050270409	8546	24121368	8409331239	273618411
GLOBAL	II	6570001	6580000	0.0024908626291274	9014	22692176	9110167592	48281758
GLOBAL	II	6580001	6590000	0.0025802430114856	8757	22761560	8821479178	75851747
GLOBAL	II	6590001	6600000	0.0023336524581384	8787	20742832	8888569473	39242202
GLOBAL	II	6600001	6610000	0.0024461681401649	8603	20853976	8525160498	215702577
GLOBAL	II	6610001	6620000	0.0017474639042097	9364	16510020	9447989146	66068954
GLOBAL	II	6620001	6630000	0.00233797077548	8391	19683468	8419039368	106426407
GLOBAL	II	6630001	6640000	0.0022741591621867	8555	19565960	8603601861	88492014
GLOBAL	II	6640001	6650000	0.0021998746806907	8596	18909944	8595918743	137832157
GLOBAL	II	6650001	6660000	0.0021266757127093	8920	19164184	9011333456	51609544
GLOBAL	II	6660001	6670000	0.00096468901492788	9637	9408160	9752531494	38901431
GLOBAL	II	6670001	6680000	0.0019846890653047	8587	17100044	8615981364	108625311
GLOBAL	II	6680001	6690000	0.002157035530364	8651	18820232	8725044968	64587307
GLOBAL	II	6690001	6700000	0.0020545256499278	8546	17731896	8630652044	52297606
GLOBAL	II	6700001	6710000	0.0018769977801534	8957	16862968	8984010625	116525300
GLOBAL	II	6710001	6720000	0.0021228606502873	7418	14469988	6816268415	720605035
GLOBAL	II	6720001	6730000	0.0012780096624699	8104	10151228	7942997849	290868751
GLOBAL	II	6730001	6740000	0.0021296124868071	7175	10254348	4815123908	2474855467
GLOBAL	II	6740001	6750000	0.0017814007704601	8918	15931684	8943346306	117564644
GLOBAL	II	6750001	6760000	0.0018940708208812	8788	16804784	8872310272	56517428
GLOBAL	II	6760001	6770000	0.0019399494583915	9094	17800108	9175552447	64178903
GLOBAL	II	6770001	6780000	0.0020709062235042	8246	17029120	8223028067	155114083
GLOBAL	II	6780001	6790000	0.0017119123180268	8796	15214348	8887340689	49615211
GLOBAL	II	6790001	6800000	0.0015175864766209	9179	14059452	9264349819	61743656
GLOBAL	II	6800001	6810000	0.0023806430722131	8388	19913504	8364758343	157659357
GLOBAL	II	6810001	6820000	0.00191277931571	9055	17037056	8906963736	293142639
GLOBAL	II	6820001	6830000	0.0015285687307749	8811	13638288	8922260233	29936042
GLOBAL	II	6830001	6840000	0.0017425129868827	9065	15953260	9155317705	54948920
GLOBAL	II	6840001	6850000	0.0015677140653433	8736	13782052	8791177106	84817294
GLOBAL	II	6850001	6860000	0.0018128858234528	8772	16035156	8845099781	67471519
GLOBAL	II	6860001	6870000	0.0022668411198336	8296	18849436	8315287664	113655736
GLOBAL	II	6870001	6880000	0.0020848168791697	8887	18663052	8951890301	77523874
GLOBAL	II	6880001	6890000	0.0020916072383935	8534	17820136	8519828997	150928353
GLOBAL	II	6890001	6900000	0.0037594032745107	8325	31186884	8295700600	162707525
GLOBAL	II	6900001	6910000	0.0022634131450147	8385	18982444	8386645647	132723978
GLOBAL	II	6910001	6920000	0.0024908201348264	8443	20947892	8410038006	168261069
GLOBAL	II	6920001	6930000	0.0018538003733557	8414	14898364	8036660373	512173977
GLOBAL	II	6930001	6940000	0.0025230162487184	8685	22007704	8722775373	101401752
GLOBAL	II	6940001	6950000	0.0021805172613263	8126	16830564	7718610762	537608388
GLOBAL	II	6950001	6960000	0.001325876526154	9539	12794456	9649809577	42052898
GLOBAL	II	6960001	6970000	0.0023830813883723	8676	20861164	8753861325	61171575
GLOBAL	II	6970001	6980000	0.0018959298051177	9043	17324860	9137922698	49991377
GLOBAL	II	6980001	6990000	0.0020000546917076	8384	16915056	8457296728	61056872
GLOBAL	II	6990001	7000000	0.0019127870826793	9163	17736776	9272739324	37097751
GLOBAL	II	7000001	7010000	0.0022786886129823	9235	21267516	9333226084	49764791
GLOBAL	II	7010001	7020000	0.0023744503075656	8804	21076084	8876195022	68889078
GLOBAL	II	7020001	7030000	0.0020612272792498	9260	19301500	9364081387	44310113
GLOBAL	II	7030001	7040000	0.0017708230746752	8640	15429336	8713087276	65368724
GLOBAL	II	7040001	7050000	0.002169219664536	8781	19173640	8838957305	82758220
GLOBAL	II	7050001	7060000	0.001751398056288	8935	15833840	9040686064	37497311
GLOBAL	II	7060001	7070000	0.0015845686117239	9525	15285764	9646640661	30997464
GLOBAL	II	7070001	7080000	0.00215052141691	8158	17603100	8185503228	103228722
GLOBAL	II	7080001	7090000	0.0019586388588961	8971	17735880	9055206844	59553431
GLOBAL	II	7090001	7100000	0.0016815250555446	8613	14604516	8685280039	65743286
GLOBAL	II	7100001	7110000	0.0026459205060233	8486	22442652	8481982716	140005434
GLOBAL	II	7110001	7120000	0.0018156599014197	6881	12112820	6671304461	319963564
GLOBAL	II	7120001	7130000	0.0020073419767783	9066	18312580	9122800306	88482344
GLOBAL	II	7130001	7140000	0.0023656123850299	8383	20032432	8468180217	49157358
GLOBAL	II	7140001	7150000	0.0019803341542125	9196	18255932	9218611900	124754000
GLOBAL	II	7150001	7160000	0.0023026927873115	7905	18158416	7885731045	145946580
GLOBAL	II	7160001	7170000	0.0018221086704467	9075	16730360	9181867290	38559585
GLOBAL	II	7170001	7180000	0.002228419434341	8479	19052348	8549713625	65162350
GLOBAL	II	7180001	7190000	0.0023185225696736	7874	18108512	7810366928	189813922
GLOBAL	II	7190001	7200000	0.0035052037821737	8390	28403288	8103177380	421272370
GLOBAL	II	7200001	7210000	0.0062804240977437	8071	49614044	7899791993	300545782
GLOBAL	II	7210001	7220000	0.0060936095105407	7504	44291300	7268483470	355768130
GLOBAL	II	7220001	7230000	0.0035839367046293	8785	31767664	8863902077	61877548
GLOBAL	II	7230001	7240000	0.0049555776489467	8368	41457984	8365923599	136173601
GLOBAL	II	7240001	7250000	0.0024725424580943	8893	22203376	8979977645	55532680
GLOBAL	II	7250001	7260000	0.003315666343002	8156	27125204	8180920875	105779025
GLOBAL	II	7260001	7270000	0.0025108586263826	8557	21558240	8586003120	108122805
GLOBAL	II	7270001	7280000	0.0033143473499528	7897	25499856	7693778988	336882612
GLOBAL	II	7280001	7290000	0.0031393263189396	8521	26971044	8591347716	66201309
GLOBAL	II	7290001	7300000	0.0049084361338081	8949	44392560	9044135197	48272528
GLOBAL	II	7300001	7310000	0.0053264310316408	8169	43458452	8159019002	140889223
GLOBAL	II	7310001	7320000	0.0053699812419097	8589	46345592	8630494207	96144518
GLOBAL	II	7320001	7330000	0.0065011817590741	7684	49441032	7604929970	202206130
GLOBAL	II	7330001	7340000	0.0033246662990163	9122	30663544	9223044132	45135918
GLOBAL	II	7340001	7350000	0.0022827286715601	8840	20385324	8930243990	51417010
GLOBAL	II	7350001	7360000	0.0029113463511452	8886	25947816	8912651698	115746452
GLOBAL	II	7360001	7370000	0.0031098810422497	7349	22915676	7368666418	98101307
GLOBAL	II	7370001	7380000	0.0047346160736119	8582	40884436	8635216745	84309805
GLOBAL	II	7380001	7390000	0.0028079717086493	9562	27155308	9670791168	44439882
GLOBAL	II	7390001	7400000	0.0045288827188174	8398	38254544	8446795021	85782929
GLOBAL	II	7400001	7410000	0.0040864635458592	8228	33748700	8258656812	101196888
GLOBAL	II	7410001	7420000	0.0050875469605182	7435	37973688	7464046680	90099195
GLOBAL	II	7420001	7430000	0.0047715077367776	8769	42244584	8853508436	56014789
GLOBAL	II	7430001	7440000	0.0040866954625422	8567	35089968	8586391700	117894475
GLOBAL	II	7440001	7450000	0.0019742262225871	8828	17588444	8909031700	60437000
GLOBAL	II	7450001	7460000	0.0040458576864518	8581	34865716	8617632824	100877701
GLOBAL	II	7460001	7470000	0.0044109162629158	8064	35819800	8120716392	72509208
GLOBAL	II	7470001	7480000	0.0029533064444764	8972	26655840	9025761634	90014666
GLOBAL	II	7480001	7490000	0.0038840565297459	8822	34437224	8866303499	97069051
GLOBAL	II	7490001	7500000	0.0055652880044612	9136	51460036	9246607895	35796505
GLOBAL	II	7500001	7510000	0.0028939517757057	8577	24944060	8619376525	95069900
GLOBAL	II	7510001	7520000	0.0020354981871525	8153	16355872	8035316417	248335408
GLOBAL	II	7520001	7530000	0.0024963505880511	8661	21844684	8750647487	49145038
GLOBAL	II	7530001	7540000	0.002483406272987	7722	19275268	7761624914	84120136
GLOBAL	II	7540001	7550000	0.0017763227182344	9166	16443656	9257133195	55751955
GLOBAL	II	7550001	7560000	0.0018119558544852	9139	16743192	9240397308	45055167
GLOBAL	II	7560001	7570000	0.0025820041879955	8350	21635364	8379290824	104517926
GLOBAL	II	7570001	7580000	0.0020214306686213	9105	18576788	9189920925	60986700
GLOBAL	II	7580001	7590000	0.002183370141198	8905	19669152	9008620036	39082589
GLOBAL	II	7590001	7600000	0.0016725608869849	8118	12383416	7403865591	844225359
GLOBAL	II	7600001	7610000	0.0018785337208948	9423	17939468	9549718379	24285196
GLOBAL	II	7610001	7620000	0.001791311865766	9188	16638952	9288696356	46541344
GLOBAL	II	7620001	7630000	0.0013651486436288	9432	13041316	9553037364	30110436
GLOBAL	II	7630001	7640000	0.002369267317618	8638	20660432	8720177688	56246262
GLOBAL	II	7640001	7650000	0.0015124760223688	9398	14404452	9523755608	24847342
GLOBAL	II	7650001	7660000	0.001906961058261	8811	16829032	8825052786	127143489
GLOBAL	II	7660001	7670000	0.0018608323994799	8918	16719784	8985110107	75800843
GLOBAL	II	7670001	7680000	0.0026849834919758	8570	23038712	8580578640	126755610
GLOBAL	II	7680001	7690000	0.0024746673817025	8087	20075952	8112586018	104008157
GLOBAL	II	7690001	7700000	0.0019425260484145	8468	16575172	8532792656	70907044
GLOBAL	II	7700001	7710000	0.0028136634988673	8819	25099412	8920545051	39779424
GLOBAL	II	7710001	7720000	0.0024923609712775	8513	21299080	8545744475	103676350
GLOBAL	II	7720001	7730000	0.0016991140289108	9141	15726268	9255569510	31915015
GLOBAL	II	7730001	7740000	0.0014736056232475	8992	13371424	9073950173	62146627
GLOBAL	II	7740001	7750000	0.0026893182171744	8529	23123820	8598394884	67282341
GLOBAL	II	7750001	7760000	0.0032910551824686	8482	28152368	8554207219	63716831
GLOBAL	II	7760001	7770000	0.0026563391616046	8442	22375404	8423398760	153884290
GLOBAL	II	7770001	7780000	0.0019534830129075	9058	17829920	9127245992	75908458
GLOBAL	II	7780001	7790000	0.0016373057692852	9093	14959812	9136846813	101868512
GLOBAL	II	7790001	7800000	0.0023145435815774	8843	20641936	8918361341	66347734
GLOBAL	II	7800001	7810000	0.0025026268736535	7061	15610512	6237650592	956822433
GLOBAL	II	7810001	7820000	0.0022469027352205	8714	19789736	8807562379	46079471
GLOBAL	II	7820001	7830000	0.0029921041096014	8963	27018196	9029831520	76800555
GLOBAL	II	7830001	7840000	0.0029013520278882	8962	26156384	9015239705	90376345
GLOBAL	II	7840001	7850000	0.0023952413707808	8398	20098312	8390933893	141644057
GLOBAL	II	7850001	7860000	0.0023612686496248	8454	20173384	8543451421	46023929
GLOBAL	II	7860001	7870000	0.0019021991463505	3549	5581584	2934279521	671593204
GLOBAL	II	7870001	7880000	0.0018493530702484	8684	16217064	8769047004	54114096
GLOBAL	II	7880001	7890000	0.0021379924218609	9169	19815288	9268175040	47758185
GLOBAL	II	7890001	7900000	0.0019988858027011	8574	17187216	8598398156	113000194
GLOBAL	II	7900001	7910000	0.0020900830456684	8238	17357008	8304458541	65555409
GLOBAL	II	7910001	7920000	0.0022637085777668	8842	20187548	8917909398	65783652
GLOBAL	II	7920001	7930000	0.0028405063133758	9035	25940628	9132395826	47390049
GLOBAL	II	7930001	7940000	0.0017950760430839	8436	15240440	8490136147	81050753
GLOBAL	II	7940001	7950000	0.0018434731204671	9466	17673416	9587021261	30671389
GLOBAL	II	7950001	7960000	0.0022029066982407	9163	20329488	9228483447	81353628
GLOBAL	II	7960001	7970000	0.0022388106216067	9007	20408064	9115582981	35754194
GLOBAL	II	7970001	7980000	0.0020970703450827	9080	19163632	9138287633	87219367
GLOBAL	II	7980001	7990000	0.0023303890717533	9427	22196360	9524744288	53323387
GLOBAL	II	7990001	8000000	0.0028340532801973	8840	24893188	8783599156	198061844
GLOBAL	II	8000001	8010000	0.0019865566329902	8880	17784216	8952282409	70019591
GLOBAL	II	8010001	8020000	0.0015058407656646	6936	9634904	6398355138	648794262
GLOBAL	II	8020001	8030000	0.0016055149080387	7629	11531480	7182418514	568836211
GLOBAL	II	8030001	8040000	0.0016254444975131	8155	13270604	8164292303	121391572
GLOBAL	II	8040001	8050000	0.0016152875739193	9123	14898872	9223665334	45530741
GLOBAL	II	8050001	8060000	0.0026060220896673	8459	22124488	8489754591	104800884
GLOBAL	II	8060001	8070000	0.0019488158414573	8660	16953888	8699584455	99192045
GLOBAL	II	8070001	8080000	0.0016259897918492	6518	8606212	5292906538	1329544412
GLOBAL	II	8080001	8090000	0.0010419420124234	6732	6110916	5864929072	974951228
GLOBAL	II	8090001	8100000	0.0049519783520895	7751	38067532	7687338129	187871646
GLOBAL	II	8100001	8110000	0.0050530708221626	9087	46317264	9166161653	66457522
GLOBAL	II	8110001	8120000	0.0018931271630303	8732	16688452	8815283160	56647140
GLOBAL	II	8120001	8130000	0.002269187408114	9209	20812604	9171831258	184742967
GLOBAL	II	8130001	8140000	0.0028228462713238	8871	24912256	8825225891	187931884
GLOBAL	II	8140001	8150000	0.0029571790050666	8714	26057448	8811589679	42052171
GLOBAL	II	8150001	8160000	0.0021106827050079	8839	18833976	8923167824	57477151
GLOBAL	II	8160001	8170000	0.0018013602743082	9303	16958060	9414030187	38050388
GLOBAL	II	8170001	8180000	0.0014327283314794	8967	12878368	8988701987	121994188
GLOBAL	II	8180001	8190000	0.0031702129918362	9262	29678400	9361642286	48781264
GLOBAL	II	8190001	8200000	0.0025121168147446	8857	22366928	8903617805	95315620
GLOBAL	II	8200001	8210000	0.0024491419420151	9213	22683460	9261798841	98839484
GLOBAL	II	8210001	8220000	0.0020071160784163	8748	17640236	8788846938	99339762
GLOBAL	II	8220001	8230000	0.0021472831517964	9071	19690580	9169996972	46365803
GLOBAL	II	8230001	8240000	0.0016115974220053	8788	13595516	8436049732	492777968
GLOBAL	II	8240001	8250000	0.0019463970990086	9411	18535088	9522767995	39043280
GLOBAL	II	8250001	8260000	0.0026135933773943	7770	20497600	7842688988	51825262
GLOBAL	II	8260001	8270000	0.0023830154966252	9002	21660156	9089389486	56867564
GLOBAL	II	8270001	8280000	0.0018512411056799	8386	15600480	8427038462	93347188
GLOBAL	II	8280001	8290000	0.0012245162173665	9494	11725648	9575739246	70402104
GLOBAL	II	8290001	8300000	0.0022674470579764	9364	21498660	9481438574	32619526
GLOBAL	II	8300001	8310000	0.0036073022018912	8447	30386644	8423648006	158715169
GLOBAL	II	8310001	8320000	0.0024304298791302	8218	19761120	8130709785	218983665
GLOBAL	II	8320001	8330000	0.0025170797073588	8151	20590144	8180171625	101448150
GLOBAL	II	8330001	8340000	0.0023679495817786	8319	19840884	8378930089	73381886
GLOBAL	II	8340001	8350000	0.0023978516298446	7985	18805220	7842528606	270431019
GLOBAL	II	8350001	8360000	0.0029818457987205	7928	23724468	7956302774	98743426
GLOBAL	II	8360001	8370000	0.0062426824515514	8419	52745684	8449201831	104712644
GLOBAL	II	8370001	8380000	0.0032770993785528	8866	29331984	8950593379	57484271
GLOBAL	II	8380001	8390000	0.0022739705355351	8731	20081248	8830918293	39995982
GLOBAL	II	8390001	8400000	0.002051564639004	8321	16941544	8257865084	196478941
GLOBAL	II	8400001	8410000	0.0028511050035301	7771	22201456	7786965395	108564880
GLOBAL	II	8410001	8420000	0.0031355276346982	8388	25563204	8152759911	369657789
GLOBAL	II	8420001	8430000	0.0027766441330899	8826	24494712	8821696561	145740089
GLOBAL	II	8430001	8440000	0.0018590720814937	8750	16429664	8837561579	52657171
GLOBAL	II	8440001	8450000	0.0019170570007426	8621	16596192	8657119738	102031787
GLOBAL	II	8450001	8460000	0.0021451823214994	8873	19234200	8966230892	48958933
GLOBAL	II	8460001	8470000	0.0025146722886983	8892	22527644	8958481032	76013268
GLOBAL	II	8470001	8480000	0.0019168363420408	9297	17987716	9384064568	61919857
GLOBAL	II	8480001	8490000	0.0024881084608073	8542	20702384	8320531169	358354381
GLOBAL	II	8490001	8500000	0.0015888914842568	8279	13143232	8271950684	144800416
GLOBAL	II	8500001	8510000	0.001566258037423	9064	14354560	9164875555	44375045
GLOBAL	II	8510001	8520000	0.0022159333680112	8701	19418072	8762931359	77502166
GLOBAL	II	8520001	8530000	0.0026371274403372	7728	19633048	7444861291	406979909
GLOBAL	II	8530001	8540000	0.0026944094538907	8420	22845212	8478745488	76185012
GLOBAL	II	8540001	8550000	0.0017404465251245	7457	12643376	7264443818	312054607
GLOBAL	II	8550001	8560000	0.0017343118606832	8938	15655576	9026967038	54264412
GLOBAL	II	8560001	8570000	0.0020104238902411	8725	17627168	8767886258	96931867
GLOBAL	II	8570001	8580000	0.0028241340036877	8366	23605576	8358518388	141546762
GLOBAL	II	8580001	8590000	0.001978965673434	8489	16790844	8484656518	140379707
GLOBAL	II	8590001	8600000	0.0021940556671266	8903	19671608	8965865495	79805080
GLOBAL	II	8600001	8610000	0.0022299573408081	8624	19355560	8679789360	82410240
GLOBAL	II	8610001	8620000	0.0020889649534142	8565	17963544	8599255804	102998321
GLOBAL	II	8620001	8630000	0.0024872227433746	7878	19541764	7856861253	147383697
GLOBAL	II	8630001	8640000	0.0025556388927211	8344	21386620	8368404496	109308104
GLOBAL	II	8640001	8650000	0.0020498575328668	7822	15890004	7751760181	195587369
GLOBAL	II	8650001	8660000	0.0022733983300911	8546	19532908	8591942618	91007032
GLOBAL	II	8660001	8670000	0.0020804426290816	8921	18689352	8983353705	80605320
GLOBAL	II	8670001	8680000	0.0027839719573072	8359	23246788	8350223478	142729497
GLOBAL	II	8680001	8690000	0.0012649237030258	9187	11734324	9276704968	57516707
GLOBAL	II	8690001	8700000	0.0016682938195858	9329	15756624	9444753565	33743660
GLOBAL	II	8700001	8710000	0.0024967906393534	8738	21960904	8795652969	82373481
GLOBAL	II	8710001	8720000	0.0021854763943314	7898	17212924	7876051210	148514240
GLOBAL	II	8720001	8730000	0.0025697548542751	8650	22325648	8687851280	100764970
GLOBAL	II	8730001	8740000	0.0031052586774223	8593	26895008	8661116768	69586057
GLOBAL	II	8740001	8750000	0.0017925205184517	8549	15347720	8562088881	123908844
GLOBAL	II	8750001	8760000	0.0018180711918061	9499	17389292	9564692559	86528916
GLOBAL	II	8760001	8770000	0.0018747535161392	8839	16731412	8924592943	56052032
GLOBAL	II	8770001	8780000	0.002572199286841	8408	21770220	8463659916	79078284
GLOBAL	II	8780001	8790000	0.0025064859223396	8497	21423816	8547351417	85813008
GLOBAL	II	8790001	8800000	0.0032454855195608	8250	26916868	8293633676	88572574
GLOBAL	II	8800001	8810000	0.002563267880724	8771	22623024	8825852409	85702866
GLOBAL	II	8810001	8820000	0.0036031279892605	8231	29723524	8249366686	113535089
GLOBAL	II	8820001	8830000	0.0034720917505893	7828	25936576	7470014580	483429120
GLOBAL	II	8830001	8840000	0.0027121105550584	7668	18894380	6966670280	824209420
GLOBAL	II	8840001	8850000	0.0025215323665122	8470	21413928	8492426385	113305365
GLOBAL	II	8850001	8860000	0.0035717868094318	8673	31079396	8701358076	110626749
GLOBAL	II	8860001	8870000	0.0033952972450131	7944	27222612	8017740432	53562168
GLOBAL	II	8870001	8880000	0.0029360752605331	8617	25454640	8669614278	85473147
GLOBAL	II	8880001	8890000	0.0020962131741756	8577	18096740	8633062812	81383613
GLOBAL	II	8890001	8900000	0.0021642585351824	8715	19013684	8785310854	69347021
GLOBAL	II	8900001	8910000	0.0025542755999855	8229	21108688	8264060464	96809261
GLOBAL	II	8910001	8920000	0.0028135408418031	8663	24483352	8701971422	99853153
GLOBAL	II	8920001	8930000	0.0025875129330222	8089	20987984	8111257622	107368603
GLOBAL	II	8930001	8940000	0.001969353757476	8389	16476764	8366584184	156849541
GLOBAL	II	8940001	8950000	0.0014862924024493	9382	14059252	9459277311	73069239
GLOBAL	II	8950001	8960000	0.0015515075130083	9315	14615256	9420035596	44237279
GLOBAL	II	8960001	8970000	0.001977884236036	9208	18355720	9280482480	75075720
GLOBAL	II	8970001	8980000	0.0017968568345939	8732	15776944	8780301077	91629223
GLOBAL	II	8980001	8990000	0.0019921463982067	8597	17227668	8647792158	86974767
GLOBAL	II	8990001	9000000	0.0021837470797293	8407	18274016	8368192530	173529645
GLOBAL	II	9000001	9010000	0.0021600239022285	8454	18266792	8456754567	132720783
GLOBAL	II	9010001	9020000	0.0023808644844144	8758	21078620	8853347235	44999715
GLOBAL	II	9020001	9030000	0.002596291429891	8591	22524008	8675454435	53216340
GLOBAL	II	9030001	9040000	0.0018930024046518	9332	17810916	9408818476	72726824
GLOBAL	II	9040001	9050000	0.0014823740488243	9127	13678192	9227220357	46039818
GLOBAL	II	9050001	9060000	0.0018712573348282	8975	16943648	9054686218	64138157
GLOBAL	II	9060001	9070000	0.0018192441189765	8969	16469480	9052924689	59803536
GLOBAL	II	9070001	9080000	0.0024962838763641	8426	19539944	7827612951	733413699
GLOBAL	II	9080001	9090000	0.0023896099494955	8639	20796872	8703040429	74399546
GLOBAL	II	9090001	9100000	0.0022978451935145	8236	19042756	8287223201	80758699
GLOBAL	II	9100001	9110000	0.0019337514622682	8890	17369348	8982202904	50259346
GLOBAL	II	9110001	9120000	0.0023858291697769	8263	19633976	8229414012	166000563
GLOBAL	II	9120001	9130000	0.0021563315599051	9185	19939768	9247078868	85110757
GLOBAL	II	9130001	9140000	0.0021288276714712	9237	19869740	9333653572	51369353
GLOBAL	II	9140001	9150000	0.0018762931196479	8601	16193700	8630687727	108143298
GLOBAL	II	9150001	9160000	0.0024018223914145	8596	20736012	8633449365	100301535
GLOBAL	II	9160001	9170000	0.0015154376802808	9009	13794280	9102505619	50863606
GLOBAL	II	9170001	9180000	0.0017858421582798	8765	15815416	8855998794	49460331
GLOBAL	II	9180001	9190000	0.0027505998406956	8465	23388016	8502878410	97773215
GLOBAL	II	9190001	9200000	0.0021155310930505	8706	18435704	8714456649	131057001
GLOBAL	II	9200001	9210000	0.0022707097157712	8111	18135900	7986886159	254092616
GLOBAL	II	9210001	9220000	0.0019366550783073	8924	17351424	8959480805	107526295
GLOBAL	II	9220001	9230000	0.0018432353176123	9269	17280708	9375204476	42331249
GLOBAL	II	9230001	9240000	0.001773655600526	8702	15614332	8803474584	37974966
GLOBAL	II	9240001	9250000	0.0020830539797271	9163	19297004	9263804101	46032974
GLOBAL	II	9250001	9260000	0.0023750481548326	8908	21328776	8980355180	70395520
GLOBAL	II	9260001	9270000	0.0019695097032612	8384	16558704	8407525981	110827619
GLOBAL	II	9270001	9280000	0.0024014221734445	8539	20624412	8588415743	87421732
GLOBAL	II	9280001	9290000	0.0025589862697409	8374	21537280	8416332770	91860580
GLOBAL	II	9290001	9300000	0.001734649234795	8221	14234096	8205748871	146992654
GLOBAL	II	9300001	9310000	0.0017803750920414	8840	15834096	8893685421	87975579
GLOBAL	II	9310001	9320000	0.0020747790459509	8644	18146528	8746246033	36274067
GLOBAL	II	9320001	9330000	0.002578286268187	8660	22526772	8737110490	61666010
GLOBAL	II	9330001	9340000	0.0023240777741136	8587	20091996	8645147862	79458813
GLOBAL	II	9340001	9350000	0.0016356636108042	8708	14353380	8775264000	72281700
GLOBAL	II	9350001	9360000	0.0019663774319566	8257	16274616	8276445679	112872746
GLOBAL	II	9360001	9370000	0.0027789257772676	8483	23618896	8499289975	119650100
GLOBAL	II	9370001	9380000	0.0021823650966999	8200	17973876	8235961997	95443003
GLOBAL	II	9380001	9390000	0.002347249209217	8664	20396732	8689632068	113208532
GLOBAL	II	9390001	9400000	0.0030637746019337	8648	26749596	8730928177	55656023
GLOBAL	II	9400001	9410000	0.0017716764587241	9188	16328128	9216201931	119035769
GLOBAL	II	9410001	9420000	0.0018649710566919	8360	15704712	8420887790	73081210
GLOBAL	II	9420001	9430000	0.0021290850730279	8547	18334632	8611507465	72458210
GLOBAL	II	9430001	9440000	0.0020505609571249	8331	17171720	8374157296	90346979
GLOBAL	II	9440001	9450000	0.0026150585560727	7672	20111860	7690787632	104156168
GLOBAL	II	9450001	9460000	0.0027277716396393	8619	23720284	8695846696	61272779
GLOBAL	II	9460001	9470000	0.0031108133577827	9140	28762964	9246123342	40345158
GLOBAL	II	9470001	9480000	0.0022843702592983	9041	20716908	9068979915	116902110
GLOBAL	II	9480001	9490000	0.0028376153510663	8348	23726336	8361364408	120412292
GLOBAL	II	9490001	9500000	0.0027323221284553	8239	22720784	8315558317	55471658
GLOBAL	II	9500001	9510000	0.0021879113791683	8897	19587492	8952598440	86975985
GLOBAL	II	9510001	9520000	0.0025709673774191	8720	22609800	8794277282	65460718
GLOBAL	II	9520001	9530000	0.0018639976843741	8135	15009460	8052295411	213067964
GLOBAL	II	9530001	9540000	0.0022237664874848	8659	19452784	8747673872	50086603
GLOBAL	II	9540001	9550000	0.0016636378442316	8454	14199488	8535203770	54271580
GLOBAL	II	9550001	9560000	0.0017162883711249	9371	16273356	9481714305	39455970
GLOBAL	II	9560001	9570000	0.0020022239091203	8701	17456240	8718425507	122008018
GLOBAL	II	9570001	9580000	0.0024826114044866	8536	21337976	8594972198	77817202
GLOBAL	II	9580001	9590000	0.0023614049741724	8707	20765564	8793732641	52797034
GLOBAL	II	9590001	9600000	0.0021427878913838	8435	18233864	8509411535	60759340
GLOBAL	II	9600001	9610000	0.0036682295290193	9042	33323492	9084353020	102545030
GLOBAL	II	9610001	9620000	0.0043527312115627	8122	35333800	8117615879	134539171
GLOBAL	II	9620001	9630000	0.0048648103574779	8039	39132620	8044017572	123807403
GLOBAL	II	9630001	9640000	0.0037125457305516	8819	32911736	8865004875	95319600
GLOBAL	II	9640001	9650000	0.0028762759151066	9180	26692644	9280279357	46830143
GLOBAL	II	9650001	9660000	0.0034392404694682	7960	26763048	7781673959	305885041
GLOBAL	II	9660001	9670000	0.0026021660400606	8117	21145092	8125958019	121116906
GLOBAL	II	9670001	9680000	0.0025779803943985	9195	23930412	9282619857	59730018
GLOBAL	II	9680001	9690000	0.0021422368866825	9014	19431120	9070481477	87967873
GLOBAL	II	9690001	9700000	0.0023744254319744	8742	20913876	8807973381	74117169
GLOBAL	II	9700001	9710000	0.002014280798701	9095	18486264	9177600269	63147106
GLOBAL	II	9710001	9720000	0.0024250601279145	8749	21446048	8843511859	45690866
GLOBAL	II	9720001	9730000	0.0029881963217831	8471	25009396	8369395216	237352559
GLOBAL	II	9730001	9740000	0.0024910803661214	8378	20897860	8389074991	123182459
GLOBAL	II	9740001	9750000	0.0022386752438821	8892	20100028	8978536773	55957527
GLOBAL	II	9750001	9760000	0.0019852371025373	9298	18677792	9408343203	38657247
GLOBAL	II	9760001	9770000	0.0027534685228238	8178	22482948	8165318693	143733757
GLOBAL	II	9770001	9780000	0.00180407925989	9203	16708972	9261772679	88705396
GLOBAL	II	9780001	9790000	0.0018096653749711	9400	17214548	9512558641	38076359
GLOBAL	II	9790001	9800000	0.001272626213247	8538	10453372	8214015939	460805511
GLOBAL	II	9800001	9810000	0.0015368103073279	8945	13903428	9046938281	41405344
GLOBAL	II	9810001	9820000	0.0015330161532038	9083	14036380	9156054860	72500215
GLOBAL	II	9820001	9830000	0.0021010726079781	9147	19414228	9240150924	53429751
GLOBAL	II	9830001	9840000	0.0040519880810155	8510	34635316	8547733929	98638821
GLOBAL	II	9840001	9850000	0.0027235576913927	7962	21687828	7963050707	126540343
GLOBAL	II	9850001	9860000	0.0017325662032238	9299	16288408	9401319251	46697224
GLOBAL	II	9860001	9870000	0.0017375727101639	8928	15582892	8968195638	102875562
GLOBAL	II	9870001	9880000	0.0021884798812422	8466	18659228	8526113564	75554086
GLOBAL	II	9880001	9890000	0.0028846889372243	7793	22433080	7776602777	141280048
GLOBAL	II	9890001	9900000	0.0031976564688926	8304	25211700	7884430440	552641160
GLOBAL	II	9900001	9910000	0.0024231138179777	8301	20006188	8256396316	177627209
GLOBAL	II	9910001	9920000	0.0023668793575025	7970	17927760	7574429150	523290100
GLOBAL	II	9920001	9930000	0.00260477031741	5191	7785076	2988776380	2330114495
GLOBAL	II	9930001	9940000	0.0023725305456148	7650	16345848	6889625944	882965306
GLOBAL	II	9940001	9950000	0.0018078319000649	9085	16567760	9164436140	66150985
GLOBAL	II	9950001	9960000	0.0022368990334243	9190	20630056	9222613847	114655903
GLOBAL	II	9960001	9970000	0.0025961889515482	7522	18994820	7316424326	326115724
GLOBAL	II	9970001	9980000	0.0024116627133092	8649	20946884	8685660679	101939546
GLOBAL	II	9980001	9990000	0.0015968232583741	8525	13321172	8342295824	319317301
GLOBAL	II	9990001	10000000	0.0020994636750965	8966	19015296	9057216005	52464145
GLOBAL	II	10000001	10010000	0.0020667217050406	8377	17480764	8458208939	53032486
GLOBAL	II	10010001	10020000	0.0022615565682794	8117	15463680	6837626888	1410464062
GLOBAL	II	10020001	10030000	0.0019663049766403	8867	15145552	7702544712	1306548963
GLOBAL	II	10030001	10040000	0.00233180170996	7789	18249060	7826162886	87655839
GLOBAL	II	10040001	10050000	0.001932443005894	8815	17088848	8843131698	113128677
GLOBAL	II	10050001	10060000	0.0018277439094796	9447	17475652	9561324160	37064015
GLOBAL	II	10060001	10070000	0.0024411024153894	8511	20915824	8568187827	79200948
GLOBAL	II	10070001	10080000	0.0026545346048393	8840	23655024	8911175600	70485400
GLOBAL	II	10080001	10090000	0.0027354298498509	8980	24793624	9063885883	60018617
GLOBAL	II	10090001	10100000	0.0036899926253099	8850	32788956	8885913694	105907556
GLOBAL	II	10100001	10110000	0.0019011420943086	8550	16429768	8642051559	44962191
GLOBAL	II	10110001	10120000	0.0023965686462365	8266	19591116	8174652552	223810098
GLOBAL	II	10120001	10130000	0.0016490000959614	9152	15185232	9208751435	89909365
GLOBAL	II	10130001	10140000	0.0032877520973496	7360	23609232	7180964775	302059350
GLOBAL	II	10140001	10150000	0.0025599575564174	8626	22273968	8700913007	63318643
GLOBAL	II	10150001	10160000	0.0020357373806496	8590	17604572	8647761822	79892928
GLOBAL	II	10160001	10170000	0.0025447891644941	8163	20882008	8205790991	88021084
GLOBAL	II	10170001	10180000	0.003136648412715	8184	25825036	8233321878	81826722
GLOBAL	II	10180001	10190000	0.0024848177754534	8985	22480292	9047058590	81926035
GLOBAL	II	10190001	10200000	0.0031112720000234	8652	26743244	8595598199	195050101
GLOBAL	II	10200001	10210000	0.003451156196558	8593	29937084	8674508569	56194256
GLOBAL	II	10210001	10220000	0.0020903115636878	9137	19337024	9250785546	32634879
GLOBAL	II	10220001	10230000	0.0030220503210628	8862	26988928	8930667968	73345582
GLOBAL	II	10230001	10240000	0.0036019995536979	8788	31730524	8809141569	119686131
GLOBAL	II	10240001	10250000	0.0023797013319806	8779	21134840	8881299395	38384080
GLOBAL	II	10250001	10260000	0.0038704069238323	8425	32778836	8469092952	90917673
GLOBAL	II	10260001	10270000	0.0045489953505633	7912	35748848	7858624871	180164929
GLOBAL	II	10270001	10280000	0.0029239437574185	8170	23990732	8204922526	96001724
GLOBAL	II	10280001	10290000	0.0020255639192323	8463	17297256	8539476753	59142822
GLOBAL	II	10290001	10300000	0.002971520811044	7949	23519492	7914967956	161414769
GLOBAL	II	10300001	10310000	0.002034686607817	9053	18628388	9155408960	42665365
GLOBAL	II	10310001	10320000	0.0034014190215409	8712	29925260	8797875184	53734616
GLOBAL	II	10320001	10330000	0.0030853240641613	9011	28014828	9080027711	75373564
GLOBAL	II	10330001	10340000	0.0016935656179635	9324	15958064	9422760967	50656133
GLOBAL	II	10340001	10350000	0.0038879611795626	7896	30615688	7874483974	148049426
GLOBAL	II	10350001	10360000	0.0034508511483728	8897	30778720	8919167671	120406754
GLOBAL	II	10360001	10370000	0.0034766570965471	8467	29444784	8469280456	133403219
GLOBAL	II	10370001	10380000	0.0044201394983924	7186	30965704	7005594283	295561367
GLOBAL	II	10380001	10390000	0.0024352305812826	9539	23506040	9652490479	39371996
GLOBAL	II	10390001	10400000	0.0025809078342173	8568	22261416	8625420755	79881445
GLOBAL	II	10400001	10410000	0.0038515752169423	8029	30911768	8025746937	131917788
GLOBAL	II	10410001	10420000	0.0022704414470946	9020	20709760	9121468438	43077062
GLOBAL	II	10420001	10430000	0.002039561870353	8557	17507840	8584118116	110007809
GLOBAL	II	10430001	10440000	0.0025839448075254	8427	21955476	8496882726	65159949
GLOBAL	II	10440001	10450000	0.0015137988505534	8972	13675836	9034117046	81659254
GLOBAL	II	10450001	10460000	0.0024503850818678	9173	22690920	9260144525	59852800
GLOBAL	II	10460001	10470000	0.0016642064906973	8042	13121988	7884831644	286041406
GLOBAL	II	10470001	10480000	0.0023248847034863	8759	20598388	8859961085	39401890
GLOBAL	II	10480001	10490000	0.0024656862015861	6717	15021244	6092115043	732524882
GLOBAL	II	10490001	10500000	0.0019391216019993	8479	15897144	8198116087	416759888
GLOBAL	II	10500001	10510000	0.0026462308871695	8174	21521388	8132845892	172142458
GLOBAL	II	10510001	10520000	0.0015965252530212	8812	14141512	8857681376	95530924
GLOBAL	II	10520001	10530000	0.0021453374782032	8546	17755968	8276538391	406411259
GLOBAL	II	10530001	10540000	0.0023057364926504	8759	19576104	8490173991	409188984
GLOBAL	II	10540001	10550000	0.0021374306120037	8628	18492716	8651843899	114419801
GLOBAL	II	10550001	10560000	0.0020618600927761	6936	12720112	6169241087	877908313
GLOBAL	II	10560001	10570000	0.0025879364458393	8585	22262528	8602424544	120150081
GLOBAL	II	10570001	10580000	0.002159337420368	7628	16493156	7638063345	112175355
GLOBAL	II	10580001	10590000	0.0019548008573729	8508	16713180	8549812088	94528612
GLOBAL	II	10590001	10600000	0.0027960987869376	8910	25102284	8977609846	75172904
GLOBAL	II	10600001	10610000	0.004119078557618	8135	33704548	8182545569	82817806
GLOBAL	II	10610001	10620000	0.0067166165720629	8190	55604796	8278691422	42553328
GLOBAL	II	10620001	10630000	0.0051489395868885	8281	42858644	8323780708	89922317
GLOBAL	II	10630001	10640000	0.0026801966735894	8600	23223632	8664898449	72916551
GLOBAL	II	10640001	10650000	0.0029592697496916	8353	24625296	8321409700	165447125
GLOBAL	II	10650001	10660000	0.0025973377383848	9086	23566024	9073145803	158457347
GLOBAL	II	10660001	10670000	0.0033663949546733	8521	28912232	8588484830	69064195
GLOBAL	II	10670001	10680000	0.0029896907842105	8912	26894528	8995755729	59059071
GLOBAL	II	10680001	10690000	0.0029808107546837	8720	26136332	8768195686	91542314
GLOBAL	II	10690001	10700000	0.0029306273014724	8578	24695364	8426647765	288814685
GLOBAL	II	10700001	10710000	0.0026473887788788	8280	22021128	8318055956	94631044
GLOBAL	II	10710001	10720000	0.0035913748860629	7660	27280860	7596216175	186535325
GLOBAL	II	10720001	10730000	0.0033262945188852	8516	28554908	8584600022	67868878
GLOBAL	II	10730001	10740000	0.0020941195318061	8829	18675816	8918218715	52266010
GLOBAL	II	10740001	10750000	0.0023773442117885	8259	19687480	8281291326	110059149
GLOBAL	II	10750001	10760000	0.0030852088966429	7716	23704232	7683185416	156463484
GLOBAL	II	10760001	10770000	0.0030310026208329	8049	24561316	8103363498	74621727
GLOBAL	II	10770001	10780000	0.0022835439263064	8448	19483692	8532216865	51162335
GLOBAL	II	10780001	10790000	0.0024690699094469	8455	20987952	8500347406	90143969
GLOBAL	II	10790001	10800000	0.0020242502795821	8226	16778148	8288573883	69247767
GLOBAL	II	10800001	10810000	0.0029812106617268	8269	24460752	8204972669	196538056
GLOBAL	II	10810001	10820000	0.0027512718684359	8816	24232152	8807618134	149658266
GLOBAL	II	10820001	10830000	0.0032087869243753	8262	26516036	8263570198	130828352
GLOBAL	II	10830001	10840000	0.002217447483393	9267	20741372	9353715096	61788579
GLOBAL	II	10840001	10850000	0.0021737648762308	8781	19287992	8873081082	48634443
GLOBAL	II	10850001	10860000	0.0044437772132661	8270	36833912	8288874584	113652166
GLOBAL	II	10860001	10870000	0.0046071886601073	8244	38343296	8322493136	53616964
GLOBAL	II	10870001	10880000	0.0051030038800721	8011	41231520	8079852763	59523512
GLOBAL	II	10880001	10890000	0.0049687508399338	7977	39785304	8007103854	97727571
GLOBAL	II	10890001	10900000	0.0035573940800937	8111	28764452	8085821068	155157707
GLOBAL	II	10900001	10910000	0.003876800315045	8454	33060768	8527849080	61626270
GLOBAL	II	10910001	10920000	0.0034466511965048	8478	29445720	8543283994	70575956
GLOBAL	II	10920001	10930000	0.0035494454930724	8211	28718832	8091075650	251505625
GLOBAL	II	10930001	10940000	0.0074953188674368	7035	51901876	6924572112	223163763
GLOBAL	II	10940001	10950000	0.0019902781897653	9340	18802132	9446986907	42686593
GLOBAL	II	10950001	10960000	0.0047003838623541	8001	37809844	8043990684	85225341
GLOBAL	II	10960001	10970000	0.0032434355500857	8561	27956580	8619434414	78755611
GLOBAL	II	10970001	10980000	0.0047575125908211	8322	39778992	8361300415	94059635
GLOBAL	II	10980001	10990000	0.0031225799703475	8082	24695684	7908743486	302770564
GLOBAL	II	10990001	11000000	0.0066968579994978	7898	52045032	7771559738	253005712
GLOBAL	II	11000001	11010000	0.0060095292178893	8326	50116408	8339489864	119934286
GLOBAL	II	11010001	11020000	0.0051332149347148	8494	43683452	8509959656	120156694
GLOBAL	II	11020001	11030000	0.0047718858762103	8652	40887728	8568463090	222185210
GLOBAL	II	11030001	11040000	0.0025710884921935	8892	23020392	8953558802	80935498
GLOBAL	II	11040001	11050000	0.0026746247357811	8737	23468544	8774518416	102492009
GLOBAL	II	11050001	11060000	0.002636556566856	8897	23668676	8977116705	62457720
GLOBAL	II	11060001	11070000	0.0020333972118254	7252	14549344	7155190297	213023003
GLOBAL	II	11070001	11080000	0.00312352030308	7977	24886356	7967406511	137424914
GLOBAL	II	11080001	11090000	0.0027996596373682	8734	24730832	8833513785	40448565
GLOBAL	II	11090001	11100000	0.0031950896688723	8714	28132852	8805027375	48614475
GLOBAL	II	11100001	11110000	0.0028672601095541	8954	25875020	9024301602	73186248
GLOBAL	II	11110001	11120000	0.0028148861937251	8835	25042812	8896562872	80018003
GLOBAL	II	11120001	11130000	0.0032170898511022	8806	28352408	8813060658	134055492
GLOBAL	II	11130001	11140000	0.0050701108613348	7341	37430680	7382615691	76023834
GLOBAL	II	11140001	11150000	0.0032323649860364	8578	27769444	8591060762	124401688
GLOBAL	II	11150001	11160000	0.0042156371873791	8439	35723652	8474081239	100153736
GLOBAL	II	11160001	11170000	0.0065151128770179	8084	52678304	8085555077	127991023
GLOBAL	II	11170001	11180000	0.0042056935428407	8465	35889780	8533617496	67034129
GLOBAL	II	11180001	11190000	0.0042028388328621	8166	34522420	8214071815	82788335
GLOBAL	II	11190001	11200000	0.0051906108276928	7569	37627836	7249211557	441081668
GLOBAL	II	11200001	11210000	0.0036672013106382	7324	26553752	7240876557	200490543
GLOBAL	II	11210001	11220000	0.0046925882030095	7888	37111992	7908640263	105764937
GLOBAL	II	11220001	11230000	0.0048015379004279	7124	32132908	6692211676	545950424
GLOBAL	II	11230001	11240000	0.0040935853751946	7396	26227460	6406965434	1130924041
GLOBAL	II	11240001	11250000	0.002879618576119	8381	24163688	8391280776	124024749
GLOBAL	II	11250001	11260000	0.0027744019017043	8663	24132948	8698432619	103391956
GLOBAL	II	11260001	11270000	0.0021019269599298	8473	17894176	8513224456	95555369
GLOBAL	II	11270001	11280000	0.0029752771961555	8027	24027832	8075829718	79802957
GLOBAL	II	11280001	11290000	0.0027941186659713	7844	21888848	7833900638	135799462
GLOBAL	II	11290001	11300000	0.0033467311715364	8283	27797232	8305785728	109949347
GLOBAL	II	11300001	11310000	0.0040762806864818	8423	34587932	8485169364	72809211
GLOBAL	II	11310001	11320000	0.0038048842470783	8251	31604184	8306214315	77007960
GLOBAL	II	11320001	11330000	0.00435473188363	8574	37540680	8620663913	90734437
GLOBAL	II	11330001	11340000	0.0028584797979989	7361	18173112	6357614286	1121345739
GLOBAL	II	11340001	11350000	0.0025393531870281	7870	20033680	7889284603	106832147
GLOBAL	II	11350001	11360000	0.0024487341950587	7968	19569424	7991648926	104038274
GLOBAL	II	11360001	11370000	0.0047057982137888	6936	32254180	6854135799	193013601
GLOBAL	II	11370001	11380000	0.0062641467801638	7457	46031736	7348444667	228053758
GLOBAL	II	11380001	11390000	0.006299159580303	7894	45820428	7274054168	746447182
GLOBAL	II	11390001	11400000	0.0055592911526616	5783	28894268	5197473420	678199155
GLOBAL	II	11400001	11410000	0.0029016921663159	7481	21323224	7348547943	252335082
GLOBAL	II	11410001	11420000	0.0050348214911435	8022	40574152	8058707160	91845390
GLOBAL	II	11420001	11430000	0.0063869853443909	7430	44559760	6976649796	572415954
GLOBAL	II	11430001	11440000	0.0046442300672799	6516	29895952	6437224592	183194308
GLOBAL	II	11440001	11450000	0.0048377134120234	7653	37106668	7670290660	105348665
GLOBAL	II	11450001	11460000	0.0051911087265304	7349	37861484	7293525525	173242200
GLOBAL	II	11460001	11470000	0.0080512635662984	7592	60237552	7481751343	231910457
GLOBAL	II	11470001	11480000	0.0055021275369295	7798	43024600	7819629718	103333232
GLOBAL	II	11480001	11490000	0.0047897400642412	8224	39466056	8239707264	116082336
GLOBAL	II	11490001	11500000	0.0045580881419121	8037	36582020	8025737735	140055190
GLOBAL	II	11500001	11510000	0.0061099133650657	6938	41084588	6724250500	324930950
GLOBAL	II	11510001	11520000	0.0070588614083912	7098	49750112	7047894713	163850737
GLOBAL	II	11520001	11530000	0.0071975416205252	6923	46595648	6473828212	560112863
GLOBAL	II	11530001	11540000	0.0073789486419252	7448	53697128	7277070299	290283901
GLOBAL	II	11540001	11550000	0.0092842234660625	6867	60282624	6493017345	484026330
GLOBAL	II	11550001	11560000	0.0069958805785832	6966	47625180	6807603341	270026809
GLOBAL	II	11560001	11570000	0.0045277316072267	7023	31294636	6911769229	223774346
GLOBAL	II	11570001	11580000	0.0042585509216271	7769	31019876	7284138800	609359425
GLOBAL	II	11580001	11590000	0.0054404585563668	7030	35425464	6511484948	632186827
GLOBAL	II	11590001	11600000	0.0042490370186179	8420	35899472	8448848961	106081539
GLOBAL	II	11600001	11610000	0.0044652617056411	7999	35961112	8053528409	73655566
GLOBAL	II	11610001	11620000	0.0039429486184404	8139	32209448	8168873378	100554097
GLOBAL	II	11620001	11630000	0.0046970336136172	7959	37528536	7989837648	96705327
GLOBAL	II	11630001	11640000	0.0034195116586612	7856	26955556	7882867114	99025286
GLOBAL	II	11640001	11650000	0.0041225598065317	7303	30211692	7328381738	91648837
GLOBAL	II	11650001	11660000	0.0050945994669276	7499	37993932	7457687743	161483732
GLOBAL	II	11660001	11670000	0.0064549875642742	7373	47664664	7384160469	106991856
GLOBAL	II	11670001	11680000	0.0061617758638816	6931	42278728	6861451785	180617490
GLOBAL	II	11680001	11690000	0.0067868107860335	6857	44689036	6584688657	382194768
GLOBAL	II	11690001	11700000	0.0071323015164695	7785	55651788	7802781174	106973451
GLOBAL	II	11700001	11710000	0.0039414556946951	8386	33299940	8448639939	71745711
GLOBAL	II	11710001	11720000	0.005251238356168	7986	42129148	8022707244	91268406
GLOBAL	II	11720001	11730000	0.0050968274286602	7574	37355636	7329193802	366179548
GLOBAL	II	11730001	11740000	0.0031058619117839	1914	5477648	1763648274	181023576
GLOBAL	II	11740001	11750000	0.0045152966269122	7906	35367436	7832804558	199889092
GLOBAL	II	11750001	11760000	0.005565591499844	7312	39733164	7139072999	290101801
GLOBAL	II	11760001	11770000	0.0036121748844449	8647	31485596	8716520381	69047794
GLOBAL	II	11770001	11780000	0.0059958519608256	6670	37841780	6311326605	465560145
GLOBAL	II	11780001	11790000	0.0052708402189102	6863	35904160	6811847544	161132031
GLOBAL	II	11790001	11800000	0.0033081571994826	8718	28975760	8758882439	98823511
GLOBAL	II	11800001	11810000	0.0047987684915849	8038	38398664	8001774636	165034314
GLOBAL	II	11810001	11820000	0.007771420148171	7993	62084052	7988765350	132322475
GLOBAL	II	11820001	11830000	0.0052886459353714	7696	40702788	7696258834	123069566
GLOBAL	II	11830001	11840000	0.0067569488103611	6671	44660056	6609500420	168402355
GLOBAL	II	11840001	11850000	0.007452862031065	6644	48994860	6573965786	176504314
GLOBAL	II	11850001	11860000	0.0090338922596017	5944	51414140	5691250075	348002525
GLOBAL	II	11860001	11870000	0.0087682906862113	6528	56192232	6408573120	224038080
GLOBAL	II	11870001	11880000	0.008750811057143	6824	58509144	6686139561	247215039
GLOBAL	II	11880001	11890000	0.0084656283084997	6639	55529984	6559463985	185925990
GLOBAL	II	11890001	11900000	0.0092596220398957	7512	69717220	7529164765	103215035
GLOBAL	II	11900001	11910000	0.010228677718487	7131	67988884	6646888862	598385413
GLOBAL	II	11910001	11920000	0.0099612031277342	6065	48609812	4879913739	1282277886
GLOBAL	II	11920001	11930000	0.0098670477122498	7154	68548364	6947201027	321441823
GLOBAL	II	11930001	11940000	0.010337607042853	5983	49503676	4788697790	1290179785
GLOBAL	II	11940001	11950000	0.0097818959295784	7012	66644844	6813080458	311286842
GLOBAL	II	11950001	11960000	0.010012265044402	6439	61630456	6155495857	386689118
GLOBAL	II	11960001	11970000	0.010217302895783	6637	65154672	6376895416	366462509
GLOBAL	II	11970001	11980000	0.0097217560317678	6562	62466452	6425428883	241727167
GLOBAL	II	11980001	11990000	0.0089078849011658	6753	57783168	6486743895	374472930
GLOBAL	II	11990001	12000000	0.0090815389243537	6573	58823528	6477264315	201068010
GLOBAL	II	12000001	12010000	0.0066404911962345	6812	43909780	6612429518	308732782
GLOBAL	II	12010001	12020000	0.0065503208259748	7027	46069936	7033233520	106374155
GLOBAL	II	12020001	12030000	0.0050721055682491	6208	29879256	5890897892	417601333
GLOBAL	II	12030001	12040000	0.0053508894545053	7435	38890344	7268014847	286131028
GLOBAL	II	12040001	12050000	0.0044480204435491	7594	33884084	7617789628	97904222
GLOBAL	II	12050001	12060000	0.0088617882385334	5977	51662304	5829783178	242998247
GLOBAL	II	12060001	12070000	0.006360219949184	5776	35034588	5508392521	360167879
GLOBAL	II	12070001	12080000	0.0032844575964039	7243	23663480	7204684276	154384799
GLOBAL	II	12080001	12090000	0.0034108131921541	7900	26857812	7874313393	152284107
GLOBAL	II	12090001	12100000	0.0057000429134404	5432	16128832	2829598346	2689449454
GLOBAL	II	12100001	12110000	0.0050962995625266	6872	34758956	6820430309	161693491
GLOBAL	II	12110001	12120000	0.0027037700863031	8241	22126936	8183734302	189327723
GLOBAL	II	12120001	12130000	0.0038959693076532	8130	31750540	8149586789	110696461
GLOBAL	II	12130001	12140000	0.0058412212495603	5944	31561272	5403197491	636055109
GLOBAL	II	12140001	12150000	0.0072205978224574	6904	48136580	6666564346	348072254
GLOBAL	II	12150001	12160000	0.0077120756429821	6408	46325528	6006881953	503806247
GLOBAL	II	12160001	12170000	0.0055986550251769	6579	34001544	6073162902	611265573
GLOBAL	II	12170001	12180000	0.0042771349926599	7088	29837672	6976088445	225496755
GLOBAL	II	12180001	12190000	0.0042122000608195	7316	30698384	7287969127	145269773
GLOBAL	II	12190001	12200000	0.0038207489136309	7772	29775600	7793131837	103414463
GLOBAL	II	12200001	12210000	0.0058760298859797	5716	29284716	4983758859	823840041
GLOBAL	II	12210001	12220000	0.0080522104739333	7047	56479232	7014127634	145800541
GLOBAL	II	12220001	12230000	0.0060932171952398	6046	35143096	5767576450	375310700
GLOBAL	II	12230001	12240000	0.010064315571834	6781	57371104	5700447645	1189217880
GLOBAL	II	12240001	12250000	0.0064436833844062	7629	44178952	6856164303	895090422
GLOBAL	II	12250001	12260000	0.0070394974942296	6991	48741720	6924034001	178996774
GLOBAL	II	12260001	12270000	0.0056703242321259	5862	31326056	5524561686	431376864
GLOBAL	II	12270001	12280000	0.0050280205514763	7209	36016856	7163227682	161296543
GLOBAL	II	12280001	12290000	0.0054507528358471	6385	33113984	6075121180	412198445
GLOBAL	II	12290001	12300000	0.0051673447240747	7080	36313292	7027456835	166000165
GLOBAL	II	12300001	12310000	0.0037337360737373	7542	27740748	7429756001	233104549
GLOBAL	II	12310001	12320000	0.0073516838152387	6789	44686464	6078398517	819395208
GLOBAL	II	12320001	12330000	0.0059046021293402	8313	49141428	8322563811	123652014
GLOBAL	II	12330001	12340000	0.0074002785219059	5744	40143016	5424527723	411519877
GLOBAL	II	12340001	12350000	0.0062833693601828	7060	44378844	7062905498	110231002
GLOBAL	II	12350001	12360000	0.0075467255341524	5995	41260976	5467401168	623668707
GLOBAL	II	12360001	12370000	0.0069377372635936	6270	42162472	6077265598	293211152
GLOBAL	II	12370001	12380000	0.0074058530013615	6434	47233428	6377851139	159253711
GLOBAL	II	12380001	12390000	0.0073672794411028	7561	55754720	7567884515	114280510
GLOBAL	II	12390001	12400000	0.0074892842151977	6958	50658664	6764152961	305348989
GLOBAL	II	12400001	12410000	0.005841579103165	8028	47188872	8078102028	78546672
GLOBAL	II	12410001	12420000	0.0065904768812981	7434	48896676	7419292546	133837304
GLOBAL	II	12420001	12430000	0.0040292710881834	6981	27484936	6821317156	271553369
GLOBAL	II	12430001	12440000	0.0035524930537261	5643	19033516	5357791194	375637881
GLOBAL	II	12440001	12450000	0.0068252486714396	5238	26973032	3951948610	1369990340
GLOBAL	II	12450001	12460000	0.0059199780587243	6266	36530476	6170711384	195701266
GLOBAL	II	12460001	12470000	0.0063883197084625	6787	42667884	6679046439	216715236
GLOBAL	II	12470001	12480000	0.0043900086262112	6645	27716704	6313587594	437898531
GLOBAL	II	12480001	12490000	0.0065789151346077	6482	41810920	6355290978	230583072
GLOBAL	II	12490001	12500000	0.0047995374851182	7427	34729112	7235928901	310088774
GLOBAL	II	12500001	12510000	0.0063582020960674	6690	40036004	6296749206	500458044
GLOBAL	II	12510001	12520000	0.0068145558782343	7596	51185960	7511268660	206457240
GLOBAL	II	12520001	12530000	0.010352991008553	6001	55754108	5385314056	711851969
GLOBAL	II	12530001	12540000	0.0094332600225198	5451	41101008	4357031175	1181321100
GLOBAL	II	12540001	12550000	0.005388487736904	6421	10831456	2010110541	4513785984
GLOBAL	II	12550001	12560000	0.0081775769423832	5465	21865716	2673862460	2878714165
GLOBAL	II	12560001	12570000	0.011328712027086	6162	50535136	4460801535	1799944515
GLOBAL	II	12570001	12580000	0.013965833936633	5019	38382608	2748321953	2351107522
GLOBAL	II	12580001	12590000	0.014842014851671	4858	50632592	3411436554	1524412896
GLOBAL	II	12590001	12600000	0.0088766466098629	4915	29206452	3290257378	1703505497
GLOBAL	II	12600001	12610000	0.0078423580967191	6128	41741160	5322526654	903674546
GLOBAL	II	12610001	12620000	0.0081075662098978	6479	51110108	6304001309	278824666
GLOBAL	II	12620001	12630000	0.0090846019066343	6043	51714252	5692517133	447321942
GLOBAL	II	12630001	12640000	0.0063245497373463	6091	34100236	5391725485	796882790
GLOBAL	II	12640001	12650000	0.0039057622212205	6363	21484272	5500660507	964306568
GLOBAL	II	12650001	12660000	0.0050880476294939	5146	21723524	4269520567	960976133
GLOBAL	II	12660001	12670000	0.0061200895032152	6048	33937504	5545262693	599656507
GLOBAL	II	12670001	12680000	0.0054253286979729	5994	29330232	5406166821	683887029
GLOBAL	II	12680001	12690000	0.0049623410067229	6138	24102896	4857162369	1379199081
GLOBAL	II	12690001	12700000	0.0034769326462867	6921	23106088	6645537993	386371032
GLOBAL	II	12700001	12710000	0.0032347473291641	5632	17022804	5262483362	459769438
GLOBAL	II	12710001	12720000	0.0038650893284152	7094	26157296	6767578645	440102705
GLOBAL	II	12720001	12730000	0.0059998373957452	6815	37140088	6190182425	734027950
GLOBAL	II	12730001	12740000	0.0057183194132334	6020	14316680	2503651679	3612818821
GLOBAL	II	12740001	12750000	0.0049332066957506	4094	13518252	2740256558	1428494017
GLOBAL	II	12750001	12760000	0.0064955212040374	4760	20841872	3208652754	1627626246
GLOBAL	II	12760001	12770000	0.0088161731043123	4167	17242504	1955781017	2277995158
GLOBAL	II	12770001	12780000	0.0096100889266527	5290	37816020	3935033306	1439738944
GLOBAL	II	12780001	12790000	0.0081460468611053	5908	43950568	5395324720	607350980
GLOBAL	II	12790001	12800000	0.00614003958675	5197	28675368	4670225264	610056661
GLOBAL	II	12800001	12810000	0.007908643861879	5414	37450732	4735417684	765341666
GLOBAL	II	12810001	12820000	0.0065218019123742	6039	36618908	5614845175	520929800
GLOBAL	II	12820001	12830000	0.0046355175335448	5737	25226216	5441941664	386993761
GLOBAL	II	12830001	12840000	0.0078254935251505	6958	53194948	6797647692	271854258
GLOBAL	II	12840001	12850000	0.0053156899049118	4450	20834548	3919443830	601867420
GLOBAL	II	12850001	12860000	0.0042440953678303	6217	25532816	6016079703	300547722
GLOBAL	II	12860001	12870000	0.0044431912919708	4335	18030236	4057947276	346521099
GLOBAL	II	12870001	12880000	0.005007284507595	6639	32366656	6463913914	281476061
GLOBAL	II	12880001	12890000	0.0049910974226396	6418	30556200	6122140566	398707884
GLOBAL	II	12890001	12900000	0.0067823615280979	6262	40174408	5923365753	438982797
GLOBAL	II	12900001	12910000	0.0072957460686083	5148	31658256	4339276025	891220675
GLOBAL	II	12910001	12920000	0.0074548170959152	5996	37503336	5030751998	1061333902
GLOBAL	II	12920001	12930000	0.0087532692043906	5686	47405876	5415790934	361327216
GLOBAL	II	12930001	12940000	0.0064216223144248	6869	39770708	6193249315	785826410
GLOBAL	II	12940001	12950000	0.0063180732696886	4753	26215328	4149259890	679906935
GLOBAL	II	12950001	12960000	0.0065540914568117	6252	38481776	5871412728	480775572
GLOBAL	II	12960001	12970000	0.0042139883037722	6663	27570816	6542689256	227085319
GLOBAL	II	12970001	12980000	0.0054924902643904	6598	36099060	6572439506	131293444
GLOBAL	II	12980001	12990000	0.0061314644339483	7141	43568948	7105798047	149636478
GLOBAL	II	12990001	13000000	0.0077537076507352	6142	46413536	5985979623	254445927
GLOBAL	II	13000001	13010000	0.0079378264203335	6207	47918912	6036780028	269687147
GLOBAL	II	13010001	13020000	0.0063616156554506	7385	46447408	7301196821	202147804
GLOBAL	II	13020001	13030000	0.0072305385077046	6758	48005388	6639254870	227042080
GLOBAL	II	13030001	13040000	0.010427638976799	4959	37155680	3563192021	1480356079
GLOBAL	II	13040001	13050000	0.0045644021246551	7180	32592324	7140546146	154513354
GLOBAL	II	13050001	13060000	0.0069164007402966	4033	25902560	3745092422	352536403
GLOBAL	II	13060001	13070000	0.0075021581581928	5920	40628752	5415608568	610435707
GLOBAL	II	13070001	13080000	0.011162334864237	6025	58629184	5252412216	869138409
GLOBAL	II	13080001	13090000	0.011884494513841	6797	27976248	2354012446	4551909479
GLOBAL	II	13090001	13100000	0.016166100353471	7168	2680528	165811664	7117055536
GLOBAL	II	13100001	13110000	0.0064054451491447	4851	570720	89099194	4839638081
GLOBAL	II	13110001	13120000	0.032710631894852	1672	1472784	45024627	1653769173
GLOBAL	II	13120001	13130000	0.0090127486926666	4856	839168	93108998	4854932752
GLOBAL	II	13130001	13140000	0.0089907210966694	5512	28357428	3154077153	2454380847
GLOBAL	II	13140001	13150000	0.011114833377065	7305	80747984	7264884795	157177830
GLOBAL	II	13150001	13160000	0.0070530761762575	6454	44774348	6348201392	209223958
GLOBAL	II	13160001	13170000	0.009250569443477	6884	62520388	6758544799	235771301
GLOBAL	II	13170001	13180000	0.0080780439366576	6158	36668456	4539274147	1724519978
GLOBAL	II	13180001	13190000	0.0075401330447177	5684	37749140	5006428902	768657198
GLOBAL	II	13190001	13200000	0.0072569933738291	6615	46230420	6370464684	350540691
GLOBAL	II	13200001	13210000	0.0063448711903081	5029	30201516	4759988831	349600894
GLOBAL	II	13210001	13220000	0.0093641880063032	3274	19016268	2030743935	1295721915
GLOBAL	II	13220001	13230000	0.0063331693202822	5300	26255192	4145663991	1239268509
GLOBAL	II	13230001	13240000	0.0071833432424048	5196	17201140	2394586952	2884678948
GLOBAL	II	13240001	13250000	0.0070344694694465	5340	33236096	4724748063	700825437
GLOBAL	II	13250001	13260000	0.010640883444682	6435	66121260	6213888193	324232682
GLOBAL	II	13260001	13270000	0.0090224436164931	7378	66381432	7357367341	138865109
GLOBAL	II	13270001	13280000	0.011089104565358	5959	60168840	5425942162	628550813
GLOBAL	II	13280001	13290000	0.0097383578046594	5405	43702372	4487653142	1003961983
GLOBAL	II	13290001	13300000	0.0063249682930672	2913	8782692	1388574866	1571105959
GLOBAL	II	13300001	13310000	0.0141617087084	4007	23230832	1640397531	2453167194
GLOBAL	II	13310001	13320000	0.010847076591426	5439	49953696	4605268118	920891857
GLOBAL	II	13320001	13330000	0.0099470834096157	6501	52978544	5326037977	1279140548
GLOBAL	II	13330001	13340000	0.010655174588961	5583	54649948	5128958474	548589226
GLOBAL	II	13340001	13350000	0.0059971956144358	5480	20952300	3493682939	2074134061
GLOBAL	II	13350001	13360000	0.0098206570188037	4456	39078544	3979218898	548188502
GLOBAL	II	13360001	13370000	0.0088111136960038	5575	44878288	5093372932	570966443
GLOBAL	II	13370001	13380000	0.0079246550665321	5566	32087692	4049096362	1606098788
GLOBAL	II	13380001	13390000	0.010432730376527	6323	64619700	6193939426	230386649
GLOBAL	II	13390001	13400000	0.01365256977975	5365	62345908	4566606068	884368057
GLOBAL	II	13400001	13410000	0.010090475249885	6544	64662404	6408261494	240606106
GLOBAL	II	13410001	13420000	0.011171050467538	5559	57235392	5123546095	524536880
GLOBAL	II	13420001	13430000	0.011433849133184	4866	49114340	4295521082	649472593
GLOBAL	II	13430001	13440000	0.012170170129577	4657	46895572	3853320989	878307436
GLOBAL	II	13440001	13450000	0.013535934289165	4254	38291072	2828845884	1493324466
GLOBAL	II	13450001	13460000	0.010082104695789	5479	51176204	5075944512	490856463
GLOBAL	II	13460001	13470000	0.011981340541636	4743	51078112	4263138321	555868254
GLOBAL	II	13470001	13480000	0.017944702597053	3804	35615760	1984750642	1880208458
GLOBAL	II	13480001	13490000	0.015299831865069	2560	16645616	1087960714	1513063286
GLOBAL	II	13490001	13500000	0.0032665964241808	3318	898028	274912442	3111498883
GLOBAL	II	13500001	13510000	0.0083462423589854	4399	27231908	3262774651	1206719324
GLOBAL	II	13510001	13520000	0.016230419143761	3846	46608844	2871696879	1035935271
GLOBAL	II	13520001	13530000	0.006912753952459	4969	28856752	4174421974	874206251
GLOBAL	II	13530001	13540000	0.010808015802365	5976	29535752	2732763584	3339001816
GLOBAL	II	13540001	13550000	0.010608257848122	5699	48074864	4531834038	1258492437
GLOBAL	II	13550001	13560000	0.0094680899653527	4625	29413604	3106603772	1592511853
GLOBAL	II	13560001	13570000	0.012126614618177	4779	52555556	4333901724	521681751
GLOBAL	II	13570001	13580000	0.0086162560195917	6583	53523624	6211935193	476557382
GLOBAL	II	13580001	13590000	0.0050230656493063	6655	32825080	6534869797	226776578
GLOBAL	II	13590001	13600000	0.0076214306119411	5633	39021768	5120005677	603263148
GLOBAL	II	13600001	13610000	0.010245590446425	6194	62030824	6054392309	238866541
GLOBAL	II	13610001	13620000	0.013413143110701	4486	50788940	3786505488	771382662
GLOBAL	II	13620001	13630000	0.010929008228892	3820	32178428	2944313640	936901860
GLOBAL	II	13630001	13640000	0.013884767388803	4728	59232184	4265983170	537783030
GLOBAL	II	13640001	13650000	0.011071172432388	4433	44336492	4004679023	499359802
GLOBAL	II	13650001	13660000	0.014729337628406	4061	38043188	2582817297	1543260228
GLOBAL	II	13660001	13670000	0.011849712946418	4349	47549832	4012741255	405951470
GLOBAL	II	13670001	13680000	0.012604031316597	5160	46622728	3699033018	1543655982
GLOBAL	II	13680001	13690000	0.0071028942765003	3490	15265072	2149134058	1396793192
GLOBAL	II	13690001	13700000	0.011501840762041	3933	13610736	1183352846	2812673479
GLOBAL	II	13700001	13710000	0.0099266569554025	4594	6603676	665246722	4002372128
GLOBAL	II	13710001	13720000	0.01250846343739	4228	37877732	3028168263	1267585437
GLOBAL	II	13720001	13730000	0.0090045963598718	5643	47570716	5282937080	450491995
GLOBAL	II	13730001	13740000	0.0087143902687106	4698	39550596	4538538530	234746920
GLOBAL	II	13740001	13750000	0.0067522583752536	5568	37177396	5505920232	151306968
GLOBAL	II	13750001	13760000	0.0079888559411075	5708	44867512	5616262495	183208205
GLOBAL	II	13760001	13770000	0.013014868932329	4126	46835816	3598639083	594496092
GLOBAL	II	13770001	13780000	0.013053470845118	4328	49604668	3800113287	597242913
GLOBAL	II	13780001	13790000	0.013014140992008	3887	32121264	2468181651	1481107524
GLOBAL	II	13790001	13800000	0.012436705678424	3904	46079660	3705133915	261427685
GLOBAL	II	13800001	13810000	0.018554488880624	2881	37763676	2035285167	891882858
GLOBAL	II	13810001	13820000	0.010622101093027	5400	55544940	5229185781	257349219
GLOBAL	II	13820001	13830000	0.0081978133599059	5612	44383040	5414009572	287922728
GLOBAL	II	13830001	13840000	0.0053106131532644	6480	34100300	6421160611	162681389
GLOBAL	II	13840001	13850000	0.006888970168463	5561	37438404	5434542912	215572113
GLOBAL	II	13850001	13860000	0.010856503967457	3626	32522992	2995715020	688391630
GLOBAL	II	13860001	13870000	0.0106697616079	4414	45094052	4226341099	258393251
GLOBAL	II	13870001	13880000	0.0084044590075016	4782	36178156	4304638284	553993266
GLOBAL	II	13880001	13890000	0.0088579615691285	5156	45059744	5086920241	151704659
GLOBAL	II	13890001	13900000	0.0096973334608254	3185	26237216	2705611404	530428221
GLOBAL	II	13900001	13910000	0.010344432542309	3469	27935984	2700581582	830105293
GLOBAL	II	13910001	13920000	0.012641910354654	3328	35839900	2835006656	546324544
GLOBAL	II	13920001	13930000	0.0070818227593876	4843	23641488	3338333760	1582275315
GLOBAL	II	13930001	13940000	0.0074498882555983	4879	35215696	4727009962	230176013
GLOBAL	II	13940001	13950000	0.0081893733451245	3910	26232112	3203189169	769468581
GLOBAL	II	13950001	13960000	0.0094687777988579	4620	41650688	4398739614	295295886
GLOBAL	II	13960001	13970000	0.0077373001479757	4061	27734492	3584518045	541559480
GLOBAL	II	13970001	13980000	0.0076652760285406	3488	20995576	2739050221	812973179
GLOBAL	II	13980001	13990000	0.008048352491304	5034	36505888	4535821218	582912732
GLOBAL	II	13990001	14000000	0.008458234217809	6129	50880300	6015475416	211741809
GLOBAL	II	14000001	14010000	0.010527778215674	5190	49642168	4715350854	557818896
GLOBAL	II	14010001	14020000	0.012193525894762	3017	23941032	1963421590	1112086085
GLOBAL	II	14020001	14030000	0.012977345672762	4324	41624416	3207467617	1185824483
GLOBAL	II	14030001	14040000	0.027483174653769	2882	33501276	1218974024	1709210026
GLOBAL	II	14040001	14050000	0.02192350166201	2484	30146032	1375055521	1148750579
GLOBAL	II	14050001	14060000	0.013913151816989	3617	37956836	2728126344	946836081
GLOBAL	II	14060001	14070000	0.014511310022118	3672	39765548	2740314137	990529663
GLOBAL	II	14070001	14080000	0.014753813463275	3417	35862940	2430757315	1041000110
GLOBAL	II	14080001	14090000	0.013845580642206	3532	42368716	3060089504	528510796
GLOBAL	II	14090001	14100000	0.013276428791565	5551	72028784	5425313172	214641603
GLOBAL	II	14100001	14110000	0.0075994132799445	4094	23803704	3132308130	1027298220
GLOBAL	II	14110001	14120000	0.01169721701079	4577	40107292	3428789255	1221557170
GLOBAL	II	14120001	14130000	0.0099367368249781	4305	30157700	3034970185	1340033465
GLOBAL	II	14130001	14140000	0.012698576684814	2605	8518536	670826047	1975919078
GLOBAL	II	14140001	14150000	0.015766244434387	3638	18356760	1164307713	2531991237
GLOBAL	II	14150001	14160000	0.011487172305562	3798	36418628	3170373616	688489334
GLOBAL	II	14160001	14170000	0.011314129691789	2875	21559724	1905557439	1015514436
GLOBAL	II	14170001	14180000	0.013124158495308	4115	41622904	3171472214	1018614886
GLOBAL	II	14180001	14190000	0.018340238282534	2416	15683808	855158355	1609718295
GLOBAL	II	14190001	14200000	0.012607437277703	1401	1046484	83005291	1382102759
GLOBAL	II	14200001	14210000	0.0096491914612295	2464	1528148	158370575	2373563725
GLOBAL	II	14210001	14220000	0.021031275027137	2107	13496708	641744639	1509180286
GLOBAL	II	14220001	14230000	0.009491542915553	5502	27928204	2942430356	2647739194
GLOBAL	II	14230001	14240000	0.013774943819373	3365	35840236	2601842626	817081499
GLOBAL	II	14240001	14250000	0.010050328364401	5178	45076932	4485120323	775857127
GLOBAL	II	14250001	14260000	0.011154753244769	4322	34683208	3109276130	1281983920
GLOBAL	II	14260001	14270000	0.0095578096159837	2932	22320220	2335286106	643699194
GLOBAL	II	14270001	14280000	0.013550292212715	3082	12379012	913560520	2217828530
GLOBAL	II	14280001	14290000	0.0073943661248249	4216	3274432	442827951	3840733449
GLOBAL	II	14290001	14300000	0.015715794538548	3263	8284660	527155021	2799310829
GLOBAL	II	14300001	14310000	0.010348183850002	3587	4425892	427697465	3222880360
GLOBAL	II	14310001	14320000	0.015655509403007	3831	23362968	1492316053	2400075722
GLOBAL	II	14320001	14330000	0.012567345417745	3423	36894860	2935771937	542081638
GLOBAL	II	14330001	14340000	0.01127023030369	3001	21831756	1937117114	1111973911
GLOBAL	II	14340001	14350000	0.014634957987913	2818	22763816	1555441158	1307717292
GLOBAL	II	14350001	14360000	0.012412261361781	3417	12400484	999051151	2472706274
GLOBAL	II	14360001	14370000	0.010390909332168	4511	25461560	2450368797	2132919978
GLOBAL	II	14370001	14380000	0.019127564372996	3324	27489964	1437191033	1940076067
GLOBAL	II	14380001	14390000	0.014491516304233	3693	46834200	3231835718	520344607
GLOBAL	II	14390001	14400000	0.0092238202842876	3713	32106620	3480837550	291663275
GLOBAL	II	14400001	14410000	0.0066622503663185	4649	27034748	4057900336	665599889
GLOBAL	II	14410001	14420000	0.010386189630369	2735	21818728	2100744236	684180289
GLOBAL	II	14420001	14430000	0.0090916663047361	3804	4057076	446241191	3418717909
GLOBAL	II	14430001	14440000	0.0071977145213143	2746	17291060	2402298667	387705983
GLOBAL	II	14440001	14450000	0.0035091587118935	3407	4991228	1422343191	2039253984
GLOBAL	II	14450001	14460000	0.0092323729733516	3399	12878544	1394933246	2064631879
GLOBAL	II	14460001	14470000	0.012000317007294	4339	2199528	183289158	4225243317
GLOBAL	II	14470001	14480000	0.019878401332097	3568	9798992	492946683	3132230517
GLOBAL	II	14480001	14490000	0.014689770751073	3997	16828056	1145562874	2915489051
GLOBAL	II	14490001	14500000	0.021842350370614	3415	17552472	803598134	2666127241
GLOBAL	II	14500001	14510000	0.0074467011051135	3714	5875124	788956602	3000816648
GLOBAL	II	14510001	14520000	0.0045605933536501	4527	8006116	1755498765	2845062435
GLOBAL	II	14520001	14530000	0.011178305401308	3393	16463080	1472770640	1974602185
GLOBAL	II	14530001	14540000	0.0084631154609285	3509	19301364	2280645241	1284586484
GLOBAL	II	14540001	14550000	0.012483404203467	2352	17959396	1438661739	951029061
GLOBAL	II	14550001	14560000	0.0087465695592692	2849	8665752	990760085	1903895140
GLOBAL	II	14560001	14570000	0.013837147580777	1877	17371520	1255426373	651652552
GLOBAL	II	14570001	14580000	0.018197784597988	2165	6122592	336447108	1891695717
GLOBAL	II	14580001	14590000	0.011476973519305	1684	3361272	292870938	1498381137
GLOBAL	II	14590001	14600000	0.011620474515782	2985	30359432	2612581092	420253533
GLOBAL	II	14600001	14610000	0.0072901508669921	3183	15662760	2148482286	1085525289
GLOBAL	II	14610001	14620000	0.0099594943313744	3267	28035156	2814917612	523740538
GLOBAL	II	14620001	14630000	0.0091412178317228	3620	28504136	3118198967	559811533
GLOBAL	II	14630001	14640000	0.011138006139544	2131	14222596	1276942733	889222567
GLOBAL	II	14640001	14650000	0.014067435523631	2825	30105536	2140087008	730183617
GLOBAL	II	14650001	14660000	0.011435477556018	3751	33049912	2890120840	923020985
GLOBAL	II	14660001	14670000	0.00040019768074185	2705	33696	84198389	2719014586
GLOBAL	II	14670001	14680000	0.0037798562122265	1000	4144	1096338	1015944687
GLOBAL	II	14680001	14690000	0.00091219420583078	652	1156	1267274	671341276
GLOBAL	II	14690001	14700000	0.00063032583986783	1153	6860	10883260	1189042265
GLOBAL	II	14700001	14710000	0.0012045177065196	874	2204	1829778	898368372
GLOBAL	II	14710001	14720000	0.00029962789841087	680	628	2095933	697945292
GLOBAL	II	14720001	14730000	0.00020150620351241	2701	7280	36127920	2745748530
GLOBAL	II	14730001	14740000	0.00032115145947785	3056	18708	58252888	3124953437
GLOBAL	II	14740001	14750000	0.00038289011864988	1552	3492	9120110	1572830815
GLOBAL	II	14750001	14760000	0.0013040976061471	1432	5912	4533403	1481911172
GLOBAL	II	14760001	14770000	0.00064271532662463	1878	1324	2060010	1926355440
GLOBAL	II	14770001	14780000	0.00086177096227744	1490	3004	3485845	1519535630
GLOBAL	II	14780001	14790000	0.0094905225889255	2168	6636084	699232728	1538054322
GLOBAL	II	14790001	14800000	0.010518327394824	3138	24854492	2362969992	825316458
GLOBAL	II	14800001	14810000	0.0099931803920876	2796	20814984	2082918869	790399831
GLOBAL	II	14810001	14820000	0.0086733255144424	4110	25488056	2938671673	1237191077
GLOBAL	II	14820001	14830000	0.010239736788887	3075	26375552	2575803709	548473166
GLOBAL	II	14830001	14840000	0.0092030240592006	2121	8229984	894269530	1260719495
GLOBAL	II	14840001	14850000	0.014024185480219	3466	35981436	2565670288	955872362
GLOBAL	II	14850001	14860000	0.012882470754141	3225	37961916	2946788448	329892177
GLOBAL	II	14860001	14870000	0.010580216961295	4398	44518804	4207740178	260737772
GLOBAL	II	14870001	14880000	0.011702317999364	3533	39418800	3368460847	221155478
GLOBAL	II	14880001	14890000	0.013615968485205	2141	18684664	1372261108	803048417
GLOBAL	II	14890001	14900000	0.010198662222425	2904	27061580	2653444090	297092510
GLOBAL	II	14900001	14910000	0.011685379613842	5050	53400048	4569817136	561109114
GLOBAL	II	14910001	14920000	0.01094386398932	2161	15314820	1399397874	796232151
GLOBAL	II	14920001	14930000	0.010032093701213	4059	32584740	3248049806	875995669
GLOBAL	II	14930001	14940000	0.010427063739908	2468	16276356	1560972140	946577560
GLOBAL	II	14940001	14950000	0.01042077138584	3280	23953256	2298606803	1033955197
GLOBAL	II	14950001	14960000	0.0095223624127074	3323	30120592	3163142789	213108286
GLOBAL	II	14960001	14970000	0.010957982366364	2057	13798664	1259234003	830729422
GLOBAL	II	14970001	14980000	0.017644301592719	3883	7382364	418399332	3526825743
GLOBAL	II	14980001	14990000	0.0074101987323611	2151	2399340	323788887	1861680888
GLOBAL	II	14990001	15000000	0.010630420194623	5076	38129356	3586815507	1570527393
GLOBAL	II	15000001	15010000	0.012773214711944	3278	34493636	2700466310	630063640
GLOBAL	II	15010001	15020000	0.0078516419399585	4457	28492316	3628835372	899588053
GLOBAL	II	15020001	15030000	0.010247905470859	5894	57348848	5596153103	392298247
GLOBAL	II	15030001	15040000	0.0089959201641348	5538	48755300	5419712393	207034057
GLOBAL	II	15040001	15050000	0.010522580073087	2198	14555720	1383284318	849938632
GLOBAL	II	15050001	15060000	0.012403384657978	3688	36016776	2903786103	843314097
GLOBAL	II	15060001	15070000	0.011118110788799	4372	43960740	3953975710	488085590
GLOBAL	II	15070001	15080000	0.011717313787788	4437	49563744	4229957898	278145027
GLOBAL	II	15080001	15090000	0.0095833530028088	4310	28659472	2990547462	1388520288
GLOBAL	II	15090001	15100000	0.012435579085751	4261	45047632	3622479636	706802889
GLOBAL	II	15100001	15110000	0.010668792995041	4564	39996664	3748939924	888198176
GLOBAL	II	15110001	15120000	0.013949630148232	2504	26069952	1868863312	675263288
GLOBAL	II	15120001	15130000	0.012623167048109	3531	39097396	3097273121	490311154
GLOBAL	II	15130001	15140000	0.016096042060113	3431	23031836	1430900585	2118074740
GLOBAL	II	15140001	15150000	0.012846780598857	3202	9608920	747963268	2505348782
GLOBAL	II	15150001	15160000	0.013366445512788	3641	28109024	2102954295	1615697205
GLOBAL	II	15160001	15170000	0.013027902533869	3770	45203048	3469710330	360703920
GLOBAL	II	15170001	15180000	0.010110063170616	4564	39442104	3901271766	752122734
GLOBAL	II	15180001	15190000	0.010127344388535	4780	40452392	3994373100	862226400
GLOBAL	II	15190001	15200000	0.010724457586515	4831	40025944	3732211506	1176205269
GLOBAL	II	15200001	15210000	0.013520852695167	4224	18957196	1402071040	2896730735
GLOBAL	II	15210001	15220000	0.0091800746523229	5349	13223028	1440405280	3994312445
GLOBAL	II	15220001	15230000	0.0097161681309577	3344	20967324	2157982830	1249765020
GLOBAL	II	15230001	15240000	0.0098270927042445	3627	14539288	1479510618	2205612057
GLOBAL	II	15240001	15250000	0.010273169408304	4419	38515804	3749164690	740649785
GLOBAL	II	15250001	15260000	0.010625650238002	3333	28546044	2686522082	707001418
GLOBAL	II	15260001	15270000	0.0097822899320012	3465	24820768	2537316740	983209885
GLOBAL	II	15270001	15280000	0.0091539731503804	3334	23498164	2566990706	820436644
GLOBAL	II	15280001	15290000	0.008387640163656	4248	32071876	3823706713	492367487
GLOBAL	II	15290001	15300000	0.008684085626631	3603	27028100	3112371430	548366645
GLOBAL	II	15300001	15310000	0.011745564168543	3972	42099692	3584305649	451345651
GLOBAL	II	15310001	15320000	0.013220556157405	3183	16014148	1211306681	2032861144
GLOBAL	II	15320001	15330000	0.0022755274885489	1249	57388	25219647	1270212228
GLOBAL	II	15330001	15340000	0.0076121113287966	894	260056	34163452	874162898
GLOBAL	II	15340001	15350000	0.0094123122605988	2877	21942172	2331220150	591883775
GLOBAL	II	15350001	15360000	0.011819333457861	4001	42918024	3631171263	433944762
GLOBAL	II	15360001	15370000	0.0083905894942135	4222	32920692	3923525519	366132031
GLOBAL	II	15370001	15380000	0.011216025177572	4301	45437468	4051120364	318803161
GLOBAL	II	15380001	15390000	0.0094253795647799	4232	36575916	3880577514	419240286
GLOBAL	II	15390001	15400000	0.012492165567969	4647	53302940	4266909505	454558670
GLOBAL	II	15400001	15410000	0.012239128613526	5220	45363252	3706411905	1597238595
GLOBAL	II	15410001	15420000	0.011350826161996	4105	43291320	3813935601	356847024
GLOBAL	II	15420001	15430000	0.011135415567579	4548	39309316	3530116659	1090765041
GLOBAL	II	15430001	15440000	0.011491637442701	2479	9223360	802614949	1716111026
GLOBAL	II	15440001	15450000	0.012715534033356	3253	28650876	2253218459	1051910866
GLOBAL	II	15450001	15460000	0.0083188952141842	3773	21903348	2632963565	1200498760
GLOBAL	II	15460001	15470000	0.0077728632007412	3852	21105696	2715305217	1198423083
GLOBAL	II	15470001	15480000	0.0079921766829189	3455	16970376	2123373478	1386992897
GLOBAL	II	15480001	15490000	0.018819951448412	2960	34307824	1822949655	1184484345
GLOBAL	II	15490001	15500000	0.018802823811571	3383	21414580	1138902338	2298310237
GLOBAL	II	15500001	15510000	0.0057500449162551	3463	4303548	748437284	2770057291
GLOBAL	II	15510001	15520000	0.00083143774725592	498	9340	11233553	494746897
GLOBAL	II	15520001	15530000	0.006657099838713	2597	3241220	486881687	2217776863
GLOBAL	II	15530001	15540000	0.0076208676473015	2048	1672912	219517262	1902958963
GLOBAL	II	15540001	15550000	0.0058487640591233	2888	1980928	338691727	2595588473
GLOBAL	II	15550001	15560000	0.017669124230537	3802	26467248	1497937739	2364989311
GLOBAL	II	15560001	15570000	0.013752669808267	4207	49585908	3605547773	668869402
GLOBAL	II	15570001	15580000	0.0087137576503133	4739	37371860	4288833991	526108484
GLOBAL	II	15580001	15590000	0.008315835457267	5527	37540004	4514279316	1101290859
GLOBAL	II	15590001	15600000	0.010548662833376	3440	26699108	2531041936	964084064
GLOBAL	II	15600001	15610000	0.0082041726941099	4897	33095596	4033995533	1010568592
GLOBAL	II	15610001	15620000	0.0089468612930592	4759	35679180	3987899089	860572211
GLOBAL	II	15620001	15630000	0.0078363140989563	5581	40023868	5107486440	562949085
GLOBAL	II	15630001	15640000	0.0079405329673885	5664	36448168	4590141260	1189008940
GLOBAL	II	15640001	15650000	0.01061677541349	5391	52482592	4943364624	534026151
GLOBAL	II	15650001	15660000	0.016125244347477	4777	65181496	4042202065	811349360
GLOBAL	II	15660001	15670000	0.0089507474752418	5981	47434636	5299516731	777328794
GLOBAL	II	15670001	15680000	0.006395152138953	7293	46452424	7263693340	146176985
GLOBAL	II	15680001	15690000	0.0087239348902573	6792	57272432	6564977011	338912864
GLOBAL	II	15690001	15700000	0.0085026381507318	6340	49704224	5845741418	595857082
GLOBAL	II	15700001	15710000	0.0085282140714956	6614	55506976	6508628364	211360986
GLOBAL	II	15710001	15720000	0.0068672160653123	6979	47310868	6889381017	201457458
GLOBAL	II	15720001	15730000	0.0080366721764337	6586	52272128	6504200601	187340049
GLOBAL	II	15730001	15740000	0.012792197876887	6556	82682436	6463505083	197554817
GLOBAL	II	15740001	15750000	0.0078207881511308	6647	50910916	6509691225	243826950
GLOBAL	II	15750001	15760000	0.005147865318582	7141	33261720	6461264610	794169915
GLOBAL	II	15760001	15770000	0.0071766434505684	6472	45074140	6280671502	295042298
GLOBAL	II	15770001	15780000	0.00499927769981	7129	35625364	7126102237	117139988
GLOBAL	II	15780001	15790000	0.008118100178978	4269	25228300	3107660591	1229750134
GLOBAL	II	15790001	15800000	0.0067021588925329	6698	44320500	6612869183	192466267
GLOBAL	II	15800001	15810000	0.0074609844905799	6768	49493188	6633600172	242857028
GLOBAL	II	15810001	15820000	0.0089137537587271	6267	54412532	6104334209	263094466
GLOBAL	II	15820001	15830000	0.0081023027090153	6933	52844992	6522218917	521882408
GLOBAL	II	15830001	15840000	0.0098151251796268	6505	63149052	6433850903	175391722
GLOBAL	II	15840001	15850000	0.010916566983057	6536	68710664	6294164100	347591325
GLOBAL	II	15850001	15860000	0.010484410628618	5402	54919252	5238182092	250384958
GLOBAL	II	15860001	15870000	0.0099474832295705	4408	32405800	3257688327	1220949873
GLOBAL	II	15870001	15880000	0.0080325572630868	6701	53031720	6602096725	206286800
GLOBAL	II	15880001	15890000	0.0099716577207598	5641	47413168	4754792967	976604058
GLOBAL	II	15890001	15900000	0.0061215420714072	6836	41374452	6758828334	186718566
GLOBAL	II	15900001	15910000	0.0055012966270589	4892	19025856	3458431219	1511963081
GLOBAL	II	15910001	15920000	0.0050633687436468	5703	26627592	5258868818	545682007
GLOBAL	II	15920001	15930000	0.0047692315415318	5882	27294112	5722958041	253301009
GLOBAL	II	15930001	15940000	0.0061036300527407	5820	26541288	4348443102	1564822398
GLOBAL	II	15940001	15950000	0.0027417946278959	7340	20021884	7302474006	155149494
GLOBAL	II	15950001	15960000	0.0029087709257122	7735	22574848	7760957661	97995714
GLOBAL	II	15960001	15970000	0.0041571029910863	6479	26489412	6372084612	210741363
GLOBAL	II	15970001	15980000	0.0047657549983652	6503	30518168	6403637621	203572954
GLOBAL	II	15980001	15990000	0.003730442118476	6878	25249024	6768373077	219846873
GLOBAL	II	15990001	16000000	0.0082937309060698	6759	54136876	6527445442	339867533
GLOBAL	II	16000001	16010000	0.0072299585371737	6009	42464940	5873469368	231824857
GLOBAL	II	16010001	16020000	0.004418291085155	5662	21297136	4820220214	949785761
GLOBAL	II	16020001	16030000	0.0083314708632158	4889	35450064	4254958648	712387577
GLOBAL	II	16030001	16040000	0.0070440710997202	6517	44776068	6356561052	264873873
GLOBAL	II	16040001	16050000	0.0057220871714935	6682	35901884	6274263730	514815320
GLOBAL	II	16050001	16060000	0.011811495105124	3947	20038276	1696506312	2313744363
GLOBAL	II	16060001	16070000	0.0077260073425264	7297	53366776	6907419788	506514637
GLOBAL	II	16070001	16080000	0.0035839335976955	7203	25712952	7174505693	143922382
GLOBAL	II	16080001	16090000	0.006637141173278	7106	47069408	7091819621	128054029
GLOBAL	II	16090001	16100000	0.0059230424278988	7354	43202080	7293900141	177947709
GLOBAL	II	16100001	16110000	0.0052446570308212	7480	38827552	7403258549	196608451
GLOBAL	II	16110001	16120000	0.0060669564861133	6577	39619600	6530391324	152005101
GLOBAL	II	16120001	16130000	0.0044037629055676	7829	34598160	7856499258	97960467
GLOBAL	II	16130001	16140000	0.0084103079617	7382	62321404	7410121518	90175032
GLOBAL	II	16140001	16150000	0.0034331580516673	6871	23591428	6871640526	109467249
GLOBAL	II	16150001	16160000	0.0049266233264046	7844	38647328	7844587548	125112552
GLOBAL	II	16160001	16170000	0.0088718696923337	7015	60948848	6869898918	257516457
GLOBAL	II	16170001	16180000	0.0065169171357532	7404	48347104	7418707802	103941298
GLOBAL	II	16180001	16190000	0.0069212731354214	8135	56739468	8197836856	67526519
GLOBAL	II	16190001	16200000	0.006329864598659	8046	51074260	8068776070	106161080
GLOBAL	II	16200001	16210000	0.0038630280444715	8074	31396136	8127338357	76047493
GLOBAL	II	16210001	16220000	0.0034152252175601	9052	31235200	9145868284	51190016
GLOBAL	II	16220001	16230000	0.0029954599172797	8902	26761396	8933985678	110668872
GLOBAL	II	16230001	16240000	0.0070288234878382	7659	54029252	7686813034	94922441
GLOBAL	II	16240001	16250000	0.0049822764485844	8261	39516572	7931429018	461953507
GLOBAL	II	16250001	16260000	0.0064415068481901	6851	43734276	6789448033	171339242
GLOBAL	II	16260001	16270000	0.0041749797903036	7216	29614660	7093366073	238270327
GLOBAL	II	16270001	16280000	0.0035218543926553	9054	32119920	9120172619	78917731
GLOBAL	II	16280001	16290000	0.0041531526250185	8441	35300376	8499657775	76609250
GLOBAL	II	16290001	16300000	0.004558730376051	8262	37765720	8284262697	110135853
GLOBAL	II	16300001	16310000	0.0053319136291354	8546	45962900	8620338437	62611213
GLOBAL	II	16310001	16320000	0.0033888364443627	9165	31413492	9269698469	42170656
GLOBAL	II	16320001	16330000	0.0028879056586913	8478	24388748	8445133215	168726735
GLOBAL	II	16330001	16340000	0.0031184696962812	8612	26893064	8623801614	126205686
GLOBAL	II	16340001	16350000	0.0026551777592371	8906	23878480	8993175661	55542989
GLOBAL	II	16350001	16360000	0.0020256506061586	9353	19169100	9463181825	39700000
GLOBAL	II	16360001	16370000	0.0032061959221744	8872	28738176	8963324980	50848820
GLOBAL	II	16370001	16380000	0.0026575814955275	9509	25560948	9618123863	43257862
GLOBAL	II	16380001	16390000	0.0030285332395015	8443	23970752	7914970748	663328327
GLOBAL	II	16390001	16400000	0.0027437735395553	8852	24475264	8920293037	73560263
GLOBAL	II	16400001	16410000	0.0017494564650232	9179	16233348	9279080860	47012615
GLOBAL	II	16410001	16420000	0.0020838389631798	9336	19698984	9453218002	32391398
GLOBAL	II	16420001	16430000	0.0024196488035019	8512	20778156	8587261081	61143719
GLOBAL	II	16430001	16440000	0.0020251940963173	8848	18125060	8949789076	40000124
GLOBAL	II	16440001	16450000	0.0027973499509363	7175	17056204	6097272168	1192707207
GLOBAL	II	16450001	16460000	0.0017835893804853	7588	11200600	6279808639	1429789061
GLOBAL	II	16460001	16470000	0.0018469995484065	9020	16824368	9109026591	55518909
GLOBAL	II	16470001	16480000	0.0023629622435485	9270	22019152	9318452743	100099007
GLOBAL	II	16480001	16490000	0.0022976513918594	8041	17464888	7601191400	568665625
GLOBAL	II	16490001	16500000	0.0016620991308165	9483	15919748	9578097783	56867292
GLOBAL	II	16500001	16510000	0.0026566198574853	9109	24518088	9229053954	25917771
GLOBAL	II	16510001	16520000	0.002180774638348	9405	20753044	9516363422	39351703
GLOBAL	II	16520001	16530000	0.0023234649858637	8358	19582580	8428179516	63757434
GLOBAL	II	16530001	16540000	0.0016741401317366	9439	15985504	9548486233	41773742
GLOBAL	II	16540001	16550000	0.0020632225207415	9112	18984708	9201483509	56536291
GLOBAL	II	16550001	16560000	0.0017986423245516	8910	16222012	9019031621	33751129
GLOBAL	II	16560001	16570000	0.0025140690256567	8349	19264776	7662787220	820005505
GLOBAL	II	16570001	16580000	0.0024622548609972	5566	3463272	1406544893	4248650257
GLOBAL	II	16580001	16590000	0.0044535315224392	6262	3444636	773461686	5588886864
GLOBAL	II	16590001	16600000	0.0023972636449144	811	236240	98545690	725450585
GLOBAL	III	1	10000	0.0022527880909325	5869	9152084	4062558763	1916748362
GLOBAL	III	10001	20000	0.0015229804274066	8921	13749864	9028260477	35698548
GLOBAL	III	20001	30000	0.0016442626118988	9364	15591088	9482115501	31942599
GLOBAL	III	30001	40000	0.0020644062251455	9056	18764100	9089344806	111777594
GLOBAL	III	40001	50000	0.0020949103546648	7959	15147780	7230753319	857821706
GLOBAL	III	50001	60000	0.0017176948306453	8747	15142656	8815684678	71485997
GLOBAL	III	60001	70000	0.002207121255429	8857	19676872	8915174892	83758533
GLOBAL	III	70001	80000	0.0018119818604547	9255	16888352	9320375865	82935510
GLOBAL	III	80001	90000	0.0015132251983643	9622	14748176	9746187161	30005389
GLOBAL	III	90001	100000	0.002059503476205	8716	18164496	8819842360	35831540
GLOBAL	III	100001	110000	0.0024127886868396	8703	21146772	8764452567	78013008
GLOBAL	III	110001	120000	0.0026222223086808	8213	21733252	8288104303	56509022
GLOBAL	III	120001	130000	0.0020279038059625	7366	10708524	5280587752	2203452398
GLOBAL	III	130001	140000	0.0020231592422627	9091	18558636	9173097012	63586263
GLOBAL	III	140001	150000	0.0019187493110842	8206	15905616	8289574833	47926317
GLOBAL	III	150001	160000	0.001712393966287	9380	16271792	9502364713	27949787
GLOBAL	III	160001	170000	0.0020907834342115	8815	18566748	8880282719	75977656
GLOBAL	III	170001	180000	0.0018020476262039	9109	16513412	9163693434	91278291
GLOBAL	III	180001	190000	0.0018221311145194	8563	15673352	8601659823	98562252
GLOBAL	III	190001	200000	0.0021372357054287	9031	19429048	9090737138	84984637
GLOBAL	III	200001	210000	0.0025254502776217	9192	23451264	9285973360	53328440
GLOBAL	III	210001	220000	0.0020747325043714	9329	19596752	9445435476	33061749
GLOBAL	III	220001	230000	0.0028922447823231	8416	23986984	8293552519	257313881
GLOBAL	III	230001	240000	0.0028296072034926	8902	25367080	8964876810	79777740
GLOBAL	III	240001	250000	0.0027589229496941	7701	21147260	7665041897	159366628
GLOBAL	III	250001	260000	0.0021850732883755	8643	19020792	8704875988	76628087
GLOBAL	III	260001	270000	0.0026980545364564	4971	11651076	4318324868	732335407
GLOBAL	III	270001	280000	0.0033353721478057	4040	12348740	3702357474	402383526
GLOBAL	III	280001	290000	0.0035021718018748	8227	28396224	8108175614	250662061
GLOBAL	III	290001	300000	0.0029005005289815	7142	19341064	6668181511	588269039
GLOBAL	III	300001	310000	0.004054591202929	8641	35312956	8709375183	70096842
GLOBAL	III	310001	320000	0.0031666148295949	9088	29031732	9168065446	65569754
GLOBAL	III	320001	330000	0.0020840288146941	7906	15676588	7522251079	510442571
GLOBAL	III	330001	340000	0.0025427821903298	7597	19397788	7628568453	90173472
GLOBAL	III	340001	350000	0.0028237728574037	8240	23447192	8303497903	68548097
GLOBAL	III	350001	360000	0.0032798866243489	8413	27823624	8483105420	64712905
GLOBAL	III	360001	370000	0.0032203817882769	8219	25706812	7982535516	368173959
GLOBAL	III	370001	380000	0.004627707391215	8554	39639736	8565739501	125338349
GLOBAL	III	380001	390000	0.0036351832810124	8653	31688628	8717202284	74462041
GLOBAL	III	390001	400000	0.0025596138291189	8934	23089236	9020593551	56573799
GLOBAL	III	400001	410000	0.0049981259732718	8253	40990236	8201121024	184133301
GLOBAL	III	410001	420000	0.0059529869046655	6072	33632744	5649725850	519577950
GLOBAL	III	420001	430000	0.0043201015957808	8112	34940936	8087989420	154005380
GLOBAL	III	430001	440000	0.005537832018836	6551	36125680	6523433697	132546078
GLOBAL	III	440001	450000	0.0065671972997788	7404	48515372	7387530751	135118349
GLOBAL	III	450001	460000	0.0039030346590021	6972	27054004	6931530556	152195744
GLOBAL	III	460001	470000	0.0034013406682099	8079	27641240	8126572048	81893927
GLOBAL	III	470001	480000	0.0033355283136203	6806	22347744	6699911348	215154802
GLOBAL	III	480001	490000	0.0026470825264767	8169	21640280	8175143685	124764540
GLOBAL	III	490001	500000	0.0022568330098521	7591	17083344	7569609238	143036537
GLOBAL	III	500001	510000	0.001720519843257	8915	15497344	9007361386	50501489
GLOBAL	III	510001	520000	0.0022847622435038	7649	17620320	7712102233	59472992
GLOBAL	III	520001	530000	0.001990794181501	8184	16344188	8209883348	105265252
GLOBAL	III	530001	540000	0.0045706997019962	7150	32703140	7154952662	109626088
GLOBAL	III	540001	550000	0.0035585993366503	7757	27607052	7757842170	123463755
GLOBAL	III	550001	560000	0.0046077427267876	6886	31317948	6796809166	199538984
GLOBAL	III	560001	570000	0.0047750957081712	7575	36386372	7620029885	76359490
GLOBAL	III	570001	580000	0.0056550626038375	7734	43882248	7759816482	98120868
GLOBAL	III	580001	590000	0.0062275540265298	8054	50238960	8067205806	115859544
GLOBAL	III	590001	600000	0.0045546699225954	7660	34896220	7661635331	121116169
GLOBAL	III	600001	610000	0.0029461410575948	9086	27004520	9166064853	65538297
GLOBAL	III	610001	620000	0.0040115101548864	7701	30806528	7679533844	144874681
GLOBAL	III	620001	630000	0.0045789674768883	7270	33154508	7240607881	145893869
GLOBAL	III	630001	640000	0.0032366337718357	7599	24710888	7634749478	86024497
GLOBAL	III	640001	650000	0.004110845862758	6286	23172248	5636856446	749876704
GLOBAL	III	650001	660000	0.0043000193346385	7089	30188168	7020472619	182128606
GLOBAL	III	660001	670000	0.0040461920526072	7009	27437648	6781103725	340215500
GLOBAL	III	670001	680000	0.0040984598201947	7857	32422820	7910976665	71931760
GLOBAL	III	680001	690000	0.0052988290988438	7599	40319712	7609173885	111600090
GLOBAL	III	690001	700000	0.0046887357332923	7520	35218580	7511316910	129191090
GLOBAL	III	700001	710000	0.0052971321407181	6277	32907504	6212324542	165264383
GLOBAL	III	710001	720000	0.0056648617858842	7216	40717208	7187678983	143957417
GLOBAL	III	720001	730000	0.0062752970687076	4778	26760144	4264362899	590204551
GLOBAL	III	730001	740000	0.0064423648002395	6187	36909480	5729181930	556964745
GLOBAL	III	740001	750000	0.0077618804317546	4031	30176640	3887800162	207796613
GLOBAL	III	750001	760000	0	18	0	6433	18282017
GLOBAL	III	760001	770000	0.0027007493576238	657	19652	7276499	680572426
GLOBAL	III	770001	780000	0.0056392828635065	204	19068	3381281	233352544
GLOBAL	III	780001	790000	NA	0	NA	NA	NA
GLOBAL	III	790001	800000	0.0074900160419147	570	312316	41697641	537436609
GLOBAL	III	800001	810000	0.0065073687457444	4099	21809824	3351558034	822272666
GLOBAL	III	810001	820000	0.0055106144915196	5880	32352416	5870927108	103299892
GLOBAL	III	820001	830000	0.0061690951625586	7074	43495916	7050615180	136745670
GLOBAL	III	830001	840000	0.0085771819996743	5973	44181064	5150999944	917717381
GLOBAL	III	840001	850000	0.0069110770123036	6286	27943252	4043255769	2343477381
GLOBAL	III	850001	860000	0.0088391933523296	4870	41292852	4671563383	276478367
GLOBAL	III	860001	870000	0.0075955580278986	6286	47336700	6232155666	154577484
GLOBAL	III	870001	880000	0.00437008112609	5400	20406004	4669479447	822135678
GLOBAL	III	880001	890000	0.0069013945164624	6622	44448868	6440563265	287554285
GLOBAL	III	890001	900000	0.0072724523276869	6396	45225084	6218684147	279811753
GLOBAL	III	900001	910000	0.0066078343395636	6662	43436160	6573433559	195324991
GLOBAL	III	910001	920000	0.0039604200463842	7565	29696068	7498211718	188017407
GLOBAL	III	920001	930000	0.0070917243248273	7233	51323060	7237035402	111873423
GLOBAL	III	930001	940000	0.0081827149767881	7398	60355584	7375985131	140567819
GLOBAL	III	940001	950000	0.0072434377733615	7116	51429968	7100215341	129818559
GLOBAL	III	950001	960000	0.0063552975334392	6544	38606404	6074680815	574186785
GLOBAL	III	960001	970000	0.0089645511009002	7148	63172108	7046879123	215667577
GLOBAL	III	970001	980000	0.0063272899146808	6360	40014208	6324067419	137851581
GLOBAL	III	980001	990000	0.0090303142486769	6875	60270632	6674256326	310915549
GLOBAL	III	990001	1000000	0.0059923470417109	6790	40599980	6775305188	123504562
GLOBAL	III	1000001	1010000	0.0053993755965214	7150	38592628	7147609443	116969307
GLOBAL	III	1010001	1020000	0.0053357827471734	7742	41409704	7760755256	105310294
GLOBAL	III	1020001	1030000	0.0058956909765154	6512	38072564	6457693280	158661520
GLOBAL	III	1030001	1040000	0.006342129739471	6657	40743132	6424203489	339474936
GLOBAL	III	1040001	1050000	0.0074886373117967	6300	47022960	6279241208	121716292
GLOBAL	III	1050001	1060000	0.0061452763851661	6460	39596100	6443339163	120182337
GLOBAL	III	1060001	1070000	0.0071297796342908	5873	38440720	5391571966	575542859
GLOBAL	III	1070001	1080000	0.0056820320615891	6623	37569980	6612067583	117065992
GLOBAL	III	1080001	1090000	0.0036406916222323	8211	29888264	8209501683	133079592
GLOBAL	III	1090001	1100000	0.0039314795551834	7467	29383768	7473971971	112686704
GLOBAL	III	1100001	1110000	0.006671661508788	7469	49965472	7489209687	99481038
GLOBAL	III	1110001	1120000	0.0070007615828161	5771	37740196	5390870058	472610217
GLOBAL	III	1120001	1130000	0.0058341502509625	6865	36973168	6337369867	637641758
GLOBAL	III	1130001	1140000	0.0056880626155495	6999	39453168	6936134615	175024360
GLOBAL	III	1140001	1150000	0.0062560564808856	7294	45633952	7294363812	116522538
GLOBAL	III	1150001	1160000	0.006249462575652	5674	34195332	5471723622	293202228
GLOBAL	III	1160001	1170000	0.0062094341194087	6320	37052044	5967056464	464381786
GLOBAL	III	1170001	1180000	0.0034060895274416	7758	26487272	7776446211	105875739
GLOBAL	III	1180001	1190000	0.0029706931108521	7596	22570236	7597632996	120092904
GLOBAL	III	1190001	1200000	0.0030971963232344	7398	22962240	7413879394	102673556
GLOBAL	III	1200001	1210000	0.002788145589779	7289	20212940	7249599904	156206321
GLOBAL	III	1210001	1220000	0.0027319586163829	7939	21769768	7968557016	97665459
GLOBAL	III	1220001	1230000	0.0022347366322284	8194	18441928	8252394369	72914481
GLOBAL	III	1230001	1240000	0.0018360305563161	8812	16334332	8896546925	56665375
GLOBAL	III	1240001	1250000	0.0016297358100311	7847	12889300	7908827873	63920302
GLOBAL	III	1250001	1260000	0.002850844911305	7601	21713660	7616570061	106235964
GLOBAL	III	1260001	1270000	0.0030100208998701	7453	22290808	7405532633	166901692
GLOBAL	III	1270001	1280000	0.0032636283839231	7211	23373892	7161934280	164621995
GLOBAL	III	1280001	1290000	0.0038042437213762	6388	23767980	6247754282	242613418
GLOBAL	III	1290001	1300000	0.0035832412316086	7490	26830472	7487766038	122261212
GLOBAL	III	1300001	1310000	0.0065469875989379	6981	45536280	6955302620	137567905
GLOBAL	III	1310001	1320000	0.0073256054309834	6262	44154868	6027470141	334878409
GLOBAL	III	1320001	1330000	0.008397310843272	5390	43437972	5172843165	303531585
GLOBAL	III	1330001	1340000	0.0071408012666767	6984	48865756	6843175461	252743139
GLOBAL	III	1340001	1350000	0.0058004101070162	6085	35247212	6076675847	105836278
GLOBAL	III	1350001	1360000	0.0055579777546591	5498	29969412	5392143208	193962242
GLOBAL	III	1360001	1370000	0.0061039921513734	6558	39999888	6553070025	110021925
GLOBAL	III	1370001	1380000	0.0070217370442786	7368	51621592	7351684017	134388183
GLOBAL	III	1380001	1390000	0.0068199628768937	7324	49475936	7254575559	186791541
GLOBAL	III	1390001	1400000	0.0038298955977235	6214	23741460	6198983600	114595750
GLOBAL	III	1400001	1410000	0.0039822468988997	6453	25588824	6425725137	130684188
GLOBAL	III	1410001	1420000	0.0058975834537861	6276	36479664	6185527392	191045508
GLOBAL	III	1420001	1430000	0.006664570014575	6326	41451180	6219633061	207741089
GLOBAL	III	1430001	1440000	0.0084419906354834	7039	59053708	6995234957	156565018
GLOBAL	III	1440001	1450000	0.0064995270037773	6370	40772628	6273168490	198910760
GLOBAL	III	1450001	1460000	0.0062121125840481	5986	37025840	5960265449	121660201
GLOBAL	III	1460001	1470000	0.0074222100121406	6139	41324028	5567617722	669759753
GLOBAL	III	1470001	1480000	0.0076747702832045	5450	40804328	5316683952	220652298
GLOBAL	III	1480001	1490000	0.0070271329337066	6195	43094448	6132579020	161695855
GLOBAL	III	1490001	1500000	0.0079701898884721	6602	51621768	6476855473	230941577
GLOBAL	III	1500001	1510000	0.0065483525154718	5955	38435356	5869469597	180959278
GLOBAL	III	1510001	1520000	0.0080481679030955	6279	49954544	6206946053	172674922
GLOBAL	III	1520001	1530000	0.0077365544542815	6213	47377512	6123851681	188711644
GLOBAL	III	1530001	1540000	0.0077865578916561	5752	41665120	5350903516	493272284
GLOBAL	III	1540001	1550000	0.0055791872778435	6652	36961388	6624869566	133728734
GLOBAL	III	1550001	1560000	0.0051283944829909	6889	35368024	6896510032	102886193
GLOBAL	III	1560001	1570000	0.0064363946188	5912	37691976	5856069777	150670023
GLOBAL	III	1570001	1580000	0.0065053020083441	6107	38710600	5950623038	254241637
GLOBAL	III	1580001	1590000	0.0073620921559804	6582	48319088	6563227813	124248737
GLOBAL	III	1590001	1600000	0.0073949415108339	7253	53219444	7196736299	172493026
GLOBAL	III	1600001	1610000	0.00905231994887	6168	54072836	5973367745	293474455
GLOBAL	III	1610001	1620000	0.0091947203999981	6131	53535488	5822416090	406833185
GLOBAL	III	1620001	1630000	0.0085611343665911	7292	62428508	7292083657	116770643
GLOBAL	III	1630001	1640000	0.0069272151098997	6354	39696300	5730484671	725338179
GLOBAL	III	1640001	1650000	0.008770823635335	5586	44799332	5107767966	567747684
GLOBAL	III	1650001	1660000	0.010426262355526	5314	52502556	5035606645	363550205
GLOBAL	III	1660001	1670000	0.011810380310493	6834	79523928	6733392652	210122198
GLOBAL	III	1670001	1680000	0.0076745620360507	8068	62153044	8098578617	98711083
GLOBAL	III	1680001	1690000	0.0087113672494385	6541	55811044	6406691671	244207979
GLOBAL	III	1690001	1700000	0.010272530481788	5482	51047436	4969314629	600534421
GLOBAL	III	1700001	1710000	0.013530365022203	5689	74162808	5481212656	298953569
GLOBAL	III	1710001	1720000	0.0052130485419098	6463	29483084	5655631971	910937604
GLOBAL	III	1720001	1730000	0.0068204087169788	6442	42344664	6208522943	336710107
GLOBAL	III	1730001	1740000	0.0093547381531772	6608	60788168	6498115394	215777806
GLOBAL	III	1740001	1750000	0.0087668877690665	5538	46569472	5311973100	314773350
GLOBAL	III	1750001	1760000	0.0090799833852907	4364	32911048	3624571390	809361710
GLOBAL	III	1760001	1770000	0.0069025561327053	5451	24226880	3509841794	2028510481
GLOBAL	III	1770001	1780000	0.010021243527617	4951	46863960	4676461546	353878229
GLOBAL	III	1780001	1790000	0.006836284042937	7233	49019124	7170434068	178474757
GLOBAL	III	1790001	1800000	0.0047843652074791	6653	30443720	6363168086	396446239
GLOBAL	III	1800001	1810000	0.0074323035670007	5504	37719632	5075093026	517108574
GLOBAL	III	1810001	1820000	0.0081329932474824	5818	45898156	5643451876	267781574
GLOBAL	III	1820001	1830000	0.0055051837921426	7198	39527964	7180135213	133212737
GLOBAL	III	1830001	1840000	0.0030190044724487	7387	22395492	7418171190	87205485
GLOBAL	III	1840001	1850000	0.0062916558471655	6290	39272956	6242069966	148727284
GLOBAL	III	1850001	1860000	0.0093164600863409	5852	53280488	5718962729	226815571
GLOBAL	III	1860001	1870000	0.0098068071931294	3997	37102504	3783341843	277710082
GLOBAL	III	1870001	1880000	0.013849912991314	4213	53236656	3843826025	436687300
GLOBAL	III	1880001	1890000	0.014314684356091	5280	69837984	4878765208	485846792
GLOBAL	III	1890001	1900000	0.019244297756772	3375	56527872	2937382944	491701431
GLOBAL	III	1900001	1910000	0.015108828729644	4733	67646236	4477265393	331580932
GLOBAL	III	1910001	1920000	0.0090506679681778	5445	41965180	4636694236	895561889
GLOBAL	III	1920001	1930000	0.010810251476901	4697	48674184	4502594977	269674448
GLOBAL	III	1930001	1940000	0.011279343726561	4402	48580892	4307067253	165474797
GLOBAL	III	1940001	1950000	0.011730729363758	5394	60275664	5138270787	342168063
GLOBAL	III	1950001	1960000	0.009821368014494	5539	52946716	5390971596	236790879
GLOBAL	III	1960001	1970000	0.0091166318918591	6744	61562852	6752806599	99266001
GLOBAL	III	1970001	1980000	0.0096717101319243	7037	66644284	6890641168	259126757
GLOBAL	III	1980001	1990000	0.012697781661235	5923	71406944	5623576299	394339776
GLOBAL	III	1990001	2000000	0.0094943218597408	6362	59686732	6286571372	177379678
GLOBAL	III	2000001	2010000	0.011452882367838	5138	56665200	4947680259	272656191
GLOBAL	III	2010001	2020000	0.012435382050186	5553	65788460	5290425315	351561510
GLOBAL	III	2020001	2030000	0.016357279628999	5346	83142952	5082932730	348736920
GLOBAL	III	2030001	2040000	0.0095344367957033	6029	57390828	6019320200	106294525
GLOBAL	III	2040001	2050000	0.0097227279660125	1986	13577916	1396513000	627408800
GLOBAL	III	2050001	2060000	0.0072111548557968	5520	38162864	5292198651	316259349
GLOBAL	III	2060001	2070000	0.0096629983730102	6025	57487528	5949243266	172307359
GLOBAL	III	2070001	2080000	0.011333041193628	5312	54956732	4849248411	547876389
GLOBAL	III	2080001	2090000	0.010742927563707	6478	67811912	6312237665	269572285
GLOBAL	III	2090001	2100000	0.0083484371209177	6149	46368296	5554128914	693408811
GLOBAL	III	2100001	2110000	0.0058092089042417	6583	37822408	6510767408	177725167
GLOBAL	III	2110001	2120000	0.0073101589377642	6094	43618340	5966811443	224844907
GLOBAL	III	2120001	2130000	0.0057303127942753	5606	31347640	5470493693	225342457
GLOBAL	III	2130001	2140000	0.0073717031739961	5813	42616756	5781127508	125025817
GLOBAL	III	2140001	2150000	0.0079445217915416	6074	45616020	5741820741	429515109
GLOBAL	III	2150001	2160000	0.0057701258216397	6401	36088412	6254354431	249221594
GLOBAL	III	2160001	2170000	0.0094199272634644	5889	47155848	5005967316	977403909
GLOBAL	III	2170001	2180000	0.0082142697742295	6107	48507492	5905271355	299593320
GLOBAL	III	2180001	2190000	0.0069182427659622	6249	42922108	6204192228	144947997
GLOBAL	III	2190001	2200000	0.0049734227081183	7806	38972940	7836241214	94849936
GLOBAL	III	2200001	2210000	0.005956659819323	7727	46169104	7750837785	99987390
GLOBAL	III	2210001	2220000	0.007487817423077	6794	50140844	6696322996	206550854
GLOBAL	III	2220001	2230000	0.0077321674455266	5790	42892024	5547218720	335566030
GLOBAL	III	2230001	2240000	0.0051303492166778	6389	31880256	6214051842	277331883
GLOBAL	III	2240001	2250000	0.0063347203807343	6714	42040204	6636473510	185118340
GLOBAL	III	2250001	2260000	0.0065809928942918	6220	40425216	6142722937	176952563
GLOBAL	III	2260001	2270000	0.0059840143734279	5928	34251700	5723866599	299129601
GLOBAL	III	2270001	2280000	0.006916203570302	5981	40528660	5859957647	216887878
GLOBAL	III	2280001	2290000	0.0071387059947481	4985	32899264	4608575283	456309342
GLOBAL	III	2290001	2300000	0.0085435782987175	4622	37671492	4409334202	286733348
GLOBAL	III	2300001	2310000	0.0095371157475483	6605	61752880	6475005823	235839302
GLOBAL	III	2310001	2320000	0.0085320985111255	6283	51933512	6086839238	296845837
GLOBAL	III	2320001	2330000	0.0075326000396956	5721	41842324	5554831503	257847522
GLOBAL	III	2330001	2340000	0.0082152826900323	6342	48869752	5948639121	494991429
GLOBAL	III	2340001	2350000	0.0078615774498417	5579	34968516	4448027921	1220375554
GLOBAL	III	2350001	2360000	0.0060844068998976	6368	37432596	6152217729	317829471
GLOBAL	III	2360001	2370000	0.0074599760176251	7045	52574384	7047527214	110368911
GLOBAL	III	2370001	2380000	0.0075920980604007	7192	54590560	7190444534	116807266
GLOBAL	III	2380001	2390000	0.009484083078447	5562	51462684	5426216069	224914981
GLOBAL	III	2390001	2400000	0.0080104131777016	6319	49796888	6216519285	203742690
GLOBAL	III	2400001	2410000	0.006739553147267	6614	44392796	6586904952	133084398
GLOBAL	III	2410001	2420000	0.0092471887995835	6735	61651068	6667006518	175921857
GLOBAL	III	2420001	2430000	0.0051858730126941	6627	34268424	6608033771	125163904
GLOBAL	III	2430001	2440000	0.0045450077635074	5921	24568476	5405596047	610287978
GLOBAL	III	2440001	2450000	0.0052853246501039	6666	34419368	6512252374	260570276
GLOBAL	III	2450001	2460000	0.0042021857916206	6217	24848628	5913262581	403364844
GLOBAL	III	2460001	2470000	0.0051717678050679	6459	33029640	6386528020	175977455
GLOBAL	III	2470001	2480000	0.0065043041171105	5421	30742644	4726507778	781363747
GLOBAL	III	2480001	2490000	0.0073804383793419	5791	40540688	5492991868	390808907
GLOBAL	III	2490001	2500000	0.0071791809256522	6025	41232864	5743393909	378156716
GLOBAL	III	2500001	2510000	0.0083658552588477	5417	43785208	5233799372	270008053
GLOBAL	III	2510001	2520000	0.010339769845581	4743	44387276	4292868861	526137714
GLOBAL	III	2520001	2530000	0.0074697599598395	4936	35295888	4725170312	289929088
GLOBAL	III	2530001	2540000	0.0066343986809388	5622	36317300	5474090682	238001868
GLOBAL	III	2540001	2550000	0.0056689615767044	5792	24129936	4256500185	1635428790
GLOBAL	III	2550001	2560000	0.005195455575837	6228	30026768	5779429265	548374435
GLOBAL	III	2560001	2570000	0.0045583086817021	6515	29552680	6483255537	136147338
GLOBAL	III	2570001	2580000	0.007114147406852	6235	43479908	6111752472	223163403
GLOBAL	III	2580001	2590000	0.008374847816442	5287	42385532	5061051010	310673165
GLOBAL	III	2590001	2600000	0.0086182242396646	6388	53600696	6219459428	270908272
GLOBAL	III	2600001	2610000	0.0076302641027839	4840	33476476	4387328610	530232390
GLOBAL	III	2610001	2620000	0.0074604254907901	5829	42977808	5760771695	161638030
GLOBAL	III	2620001	2630000	0.0059456602823141	5561	26921836	4527980867	1122134158
GLOBAL	III	2630001	2640000	0.0058593445773188	5397	25344304	4325450341	1158036584
GLOBAL	III	2640001	2650000	0.0083497154143934	6276	46005628	5509843835	866729065
GLOBAL	III	2650001	2660000	0.010504354871467	4335	35306988	3361176239	1043292136
GLOBAL	III	2660001	2670000	0.0087542097480154	5146	40188140	4590721625	637743025
GLOBAL	III	2670001	2680000	0.0070638238550621	4668	29149020	4126521357	616283343
GLOBAL	III	2680001	2690000	0.0037789882523966	7936	29960676	7928226816	134947584
GLOBAL	III	2690001	2700000	0.0074732734500735	5124	31452972	4208727569	1003480681
GLOBAL	III	2700001	2710000	0.0069571034873867	5127	34552448	4966499070	242661105
GLOBAL	III	2710001	2720000	0.010292335799082	5956	58698544	5703131451	348313449
GLOBAL	III	2720001	2730000	0.0064818382275909	7089	45865112	7075942100	126659125
GLOBAL	III	2730001	2740000	0.0068992793455888	5787	38119308	5525114449	354622226
GLOBAL	III	2740001	2750000	0.0079784402700165	5551	42366380	5310108062	329846713
GLOBAL	III	2750001	2760000	0.0073283579896941	6078	43724224	5966442150	208957800
GLOBAL	III	2760001	2770000	0.0068002200364747	6468	43680648	6423416855	148232845
GLOBAL	III	2770001	2780000	0.0052005108342316	6037	31055736	5971670282	162072643
GLOBAL	III	2780001	2790000	0.0065357395229539	6411	40774880	6238755363	274980912
GLOBAL	III	2790001	2800000	0.0061965599021361	6107	36245068	5849224178	355640497
GLOBAL	III	2800001	2810000	0.0083967279825239	5799	47992736	5715647345	176281630
GLOBAL	III	2810001	2820000	0.0078955807215834	5011	38174720	4834947719	256353556
GLOBAL	III	2820001	2830000	0.0083418100718468	4890	38666660	4635284149	333078101
GLOBAL	III	2830001	2840000	0.0066164653433642	5709	33376152	5044408195	756078530
GLOBAL	III	2840001	2850000	0.0092077004492458	5346	47172692	5123178394	308491256
GLOBAL	III	2850001	2860000	0.0069263911887281	2566	8075256	1165867734	1461572916
GLOBAL	III	2860001	2870000	0.00024518305731064	1917	8716	35548949	2115375976
GLOBAL	III	2870001	2880000	0.01381919452574	3877	6857848	496255262	3500787088
GLOBAL	III	2880001	2890000	0.011185782844293	5520	44057368	3938693305	1670780720
GLOBAL	III	2890001	2900000	0.0051352352789661	5082	10769060	2097091840	3066347210
GLOBAL	III	2900001	2910000	0.007118234001385	6348	44174496	6205822398	244920327
GLOBAL	III	2910001	2920000	0.0071410340877022	6855	48694828	6819016322	145835053
GLOBAL	III	2920001	2930000	0.0085212091910282	6798	57344376	6729605472	177332478
GLOBAL	III	2930001	2940000	0.0088235034877948	6496	55534872	6293970652	306127748
GLOBAL	III	2940001	2950000	0.010021513714655	5023	44169604	4407478277	730560148
GLOBAL	III	2950001	2960000	0.0081597323557477	6355	51350064	6293106411	163732464
GLOBAL	III	2960001	2970000	0.0075783988444953	6527	49135312	6483600693	147994482
GLOBAL	III	2970001	2980000	0.0089730642063864	5761	50467760	5624361850	228958175
GLOBAL	III	2980001	2990000	0.010842983494099	5819	60272436	5558657913	353591562
GLOBAL	III	2990001	3000000	0.0095982473093989	5688	51785772	5395336287	383813913
GLOBAL	III	3000001	3010000	0.0089122349548381	5894	50937884	5715500574	272950776
GLOBAL	III	3010001	3020000	0.0090158711949255	4863	38189924	4235855102	721330873
GLOBAL	III	3020001	3030000	0.0073758767512541	5162	34678696	4701637130	554260195
GLOBAL	III	3030001	3040000	0.0071560985245574	4847	29193376	4079510071	845163104
GLOBAL	III	3040001	3050000	0.0084285699450694	5563	44078168	5229614073	422533002
GLOBAL	III	3050001	3060000	0.00395140687488	5446	20452832	5176088580	357183570
GLOBAL	III	3060001	3070000	0.0060244675134066	5644	32559308	5404512171	329932929
GLOBAL	III	3070001	3080000	0.0050346849509404	3232	5244588	1041691397	2242101403
GLOBAL	III	3080001	3090000	0.007198897126149	5072	29966968	4162716521	1085052604
GLOBAL	III	3090001	3100000	0.0065251773368839	4991	27791152	4259064630	811916145
GLOBAL	III	3100001	3110000	0.0076115087339186	4357	22683408	2980146091	1446674834
GLOBAL	III	3110001	3120000	0.005859376725914	4699	21808520	3721986317	1052315158
GLOBAL	III	3120001	3130000	0.010026914699606	5959	49455076	4932232644	1122260331
GLOBAL	III	3130001	3140000	0.004182024006552	5290	20896096	4996646592	378125658
GLOBAL	III	3140001	3150000	0.0044062911001174	2941	4120316	935098455	2053031070
GLOBAL	III	3150001	3160000	0.005372456845281	4697	9178484	1708433267	3065868208
GLOBAL	III	3160001	3170000	0.0049490715418274	6907	33339940	6736604981	281079694
GLOBAL	III	3170001	3180000	0.0048581452078698	6321	29054452	5980564754	441729271
GLOBAL	III	3180001	3190000	0.0059088392789819	4930	27353760	4629294978	379708272
GLOBAL	III	3190001	3200000	0.003855945987134	7325	27346312	7091985233	350397892
GLOBAL	III	3200001	3210000	0.0038806791707483	6030	23121020	5957982864	168647886
GLOBAL	III	3210001	3220000	0.0045114715001109	6072	23320940	5169253535	1000050265
GLOBAL	III	3220001	3230000	0.0051868488675808	6219	30104316	5803970150	514689325
GLOBAL	III	3230001	3240000	0.0058388383595184	6190	34944348	5984811678	304383072
GLOBAL	III	3240001	3250000	0.0055775511779003	6517	35459312	6357505448	263929477
GLOBAL	III	3250001	3260000	0.003985441396572	5748	15338664	3848673829	1991437871
GLOBAL	III	3260001	3270000	0.0068093732838164	4873	10275484	1509020518	3442069307
GLOBAL	III	3270001	3280000	0.0068386097988279	4568	25074252	3666571531	974630669
GLOBAL	III	3280001	3290000	0.0067192543709621	5779	35836356	5333382846	538225629
GLOBAL	III	3290001	3300000	0.0043048590827135	6754	28856888	6703329295	158903555
GLOBAL	III	3300001	3310000	0.0066465994317659	6280	40688592	6121715686	258921314
GLOBAL	III	3310001	3320000	0.0064275190309225	5888	37489940	5832723298	149631902
GLOBAL	III	3320001	3330000	0.0082848719657459	5111	40668628	4908781713	284122062
GLOBAL	III	3330001	3340000	0.0067290567149903	5299	28414512	4222659015	1161257460
GLOBAL	III	3340001	3350000	0.0060537566131988	5786	34507220	5700133356	178587294
GLOBAL	III	3350001	3360000	0.0054682975391545	6314	33496844	6125643998	289537852
GLOBAL	III	3360001	3370000	0.0048490543772945	5343	23962516	4941688448	503189527
GLOBAL	III	3370001	3380000	0.0052478225491734	5880	29143608	5553466743	424824357
GLOBAL	III	3380001	3390000	0.0041234318910901	6286	25504628	6185291445	201441705
GLOBAL	III	3390001	3400000	0.004560176993555	6685	30262556	6636267856	155859269
GLOBAL	III	3400001	3410000	0.0046637370167772	5162	23400924	5017633695	227087355
GLOBAL	III	3410001	3420000	0.0041145548933344	7771	31981456	7772762019	122768256
GLOBAL	III	3420001	3430000	0.0048017882696392	6712	31749788	6612075797	207484003
GLOBAL	III	3430001	3440000	0.0060356456587382	4690	24007524	3977623167	787534083
GLOBAL	III	3440001	3450000	0.0063977949921341	5539	31795752	4969798507	657963968
GLOBAL	III	3450001	3460000	0.0067328415494364	5602	34315992	5096806712	594965338
GLOBAL	III	3460001	3470000	0.0085416108725212	3788	25576172	2994303110	854399590
GLOBAL	III	3470001	3480000	0.0016735696715	3299	1989032	1188496681	2163369794
GLOBAL	III	3480001	3490000	0.0094553401878822	1169	4219044	446207531	742541719
GLOBAL	III	3490001	3500000	0.0096656888077952	5934	47490676	4913325573	1115766777
GLOBAL	III	3500001	3510000	0.0066801771516992	5805	36584868	5476631408	421393717
GLOBAL	III	3510001	3520000	0.0065620880491763	6883	44639124	6802579250	190720825
GLOBAL	III	3520001	3530000	0.0049440417303552	7419	35984716	7278400540	259488935
GLOBAL	III	3530001	3540000	0.0069349169319786	5744	38481480	5548946062	287101538
GLOBAL	III	3540001	3550000	0.0070761139279876	5331	34173488	4829414612	587014663
GLOBAL	III	3550001	3560000	0.006799367672328	6387	41580016	6115276891	374074784
GLOBAL	III	3560001	3570000	0.0077957135234481	4397	32306564	4144144587	323317338
GLOBAL	III	3570001	3580000	0.0054559017166336	6901	35842692	6569526700	442061825
GLOBAL	III	3580001	3590000	0.0034071317921608	6451	20299388	5957911005	596466270
GLOBAL	III	3590001	3600000	0.0053524296673198	6394	32080832	5993695199	502768651
GLOBAL	III	3600001	3610000	0.0061997612575164	4713	21003188	3387741419	1400784406
GLOBAL	III	3610001	3620000	0.0059870477168702	6852	39467492	6592145890	369657410
GLOBAL	III	3620001	3630000	0.00424342755465	6710	28527204	6722679634	94848116
GLOBAL	III	3630001	3640000	0.0044411525995786	6718	29379528	6615293517	210362433
GLOBAL	III	3640001	3650000	0.0048459905191855	6182	28172980	5813667998	467398552
GLOBAL	III	3650001	3660000	0.0049780936699208	6460	31344464	6296479351	267042149
GLOBAL	III	3660001	3670000	0.0042685940778547	7382	31332080	7340140437	160156113
GLOBAL	III	3670001	3680000	0.0040625550812718	5864	23007868	5663398413	294572187
GLOBAL	III	3680001	3690000	0.0040939153866493	6210	24461968	5975201168	334314082
GLOBAL	III	3690001	3700000	0.0061505354688318	6474	38988916	6339109204	238636646
GLOBAL	III	3700001	3710000	0.00511896521243	6080	26233396	5124745903	1052686097
GLOBAL	III	3710001	3720000	0.0043920846180006	7247	31239820	7112754584	250378591
GLOBAL	III	3720001	3730000	0.0066950533668756	6897	45947424	6862891374	144633051
GLOBAL	III	3730001	3740000	0.008145939050619	6545	52236156	6412539509	237344116
GLOBAL	III	3740001	3750000	0.0040695312867054	6415	21164952	5200832850	1316967525
GLOBAL	III	3750001	3760000	0.0042365277583394	5680	18604560	4391464204	1379557796
GLOBAL	III	3760001	3770000	0.003288255853418	8313	27462668	8351743059	94472766
GLOBAL	III	3770001	3780000	0.0048518068787472	6585	31317732	6454859557	235665068
GLOBAL	III	3780001	3790000	0.003442769407255	6283	17635452	5122460994	1261224081
GLOBAL	III	3790001	3800000	0.0059049058179746	6934	40822996	6913403407	131713943
GLOBAL	III	3800001	3810000	0.0049572791983559	7380	36560644	7375143206	123121294
GLOBAL	III	3810001	3820000	0.0030828125275422	7983	24403332	7915931242	222429008
GLOBAL	III	3820001	3830000	0.0030489366804762	7994	24427108	8011680976	110422874
GLOBAL	III	3830001	3840000	0.0039379644586421	7916	31341188	7958728000	84125900
GLOBAL	III	3840001	3850000	0.0030421425148696	8497	25993568	8544493847	88670578
GLOBAL	III	3850001	3860000	0.0028543371803062	9003	25964380	9096465610	50807465
GLOBAL	III	3860001	3870000	0.0024910163374511	8589	21608556	8674594251	52044474
GLOBAL	III	3870001	3880000	0.0020267874266641	9227	18909420	9329750003	45112672
GLOBAL	III	3880001	3890000	0.0023736539965536	9041	21691740	9138543373	47338652
GLOBAL	III	3890001	3900000	0.003342880531178	8924	30135276	9014763082	52244018
GLOBAL	III	3900001	3910000	0.0042575306564186	8175	35025288	8226667246	79337129
GLOBAL	III	3910001	3920000	0.004879502105288	7629	37228292	7629526783	121727942
GLOBAL	III	3920001	3930000	0.0051978582831559	6776	34358056	6610040930	274544470
GLOBAL	III	3930001	3940000	0.0055243932683753	7280	39839744	7211605341	185056659
GLOBAL	III	3940001	3950000	0.0032432275702503	8814	28566764	8808128132	147116218
GLOBAL	III	3950001	3960000	0.0049000720946982	8324	41047932	8377005727	80386373
GLOBAL	III	3960001	3970000	0.0032720904822503	8780	28954424	8848906886	71792614
GLOBAL	III	3970001	3980000	0.0032838672649714	8931	25759636	7844298786	1229820489
GLOBAL	III	3980001	3990000	0.0046765201733338	8165	38238724	8176747364	119096761
GLOBAL	III	3990001	4000000	0.0054498051219542	8079	44240916	8117889541	90576434
GLOBAL	III	4000001	4010000	0.0055802785079081	7983	44941980	8053716304	57211271
GLOBAL	III	4010001	4020000	0.0054546786130549	6979	36923876	6769212014	321626461
GLOBAL	III	4020001	4030000	0.0059328376654196	7786	46133636	7775981512	134789138
GLOBAL	III	4030001	4040000	0.0040863192115586	7475	30479532	7458920956	135865919
GLOBAL	III	4040001	4050000	0.0048889259967071	8204	40400224	8263619459	71849641
GLOBAL	III	4050001	4060000	0.0068222508544974	7376	50084140	7341292642	152907758
GLOBAL	III	4060001	4070000	0.0058487398757271	7527	42017404	7184009700	463610475
GLOBAL	III	4070001	4080000	0.0049625679703833	8384	41763900	8415783975	102569625
GLOBAL	III	4080001	4090000	0.0055681052497358	8160	45562744	8182809404	107954596
GLOBAL	III	4090001	4100000	0.0051805067663242	8743	45708648	8823200135	59906440
GLOBAL	III	4100001	4110000	0.0039369780045739	8931	35544088	9028266848	45852427
GLOBAL	III	4110001	4120000	0.0059388174845589	7302	42763920	7200746632	218267918
GLOBAL	III	4120001	4130000	0.0028672596101846	8326	23832768	8312037011	147387139
GLOBAL	III	4130001	4140000	0.0033027148829698	7698	25640448	7763445804	57914646
GLOBAL	III	4140001	4150000	0.0017085484751656	9248	15936040	9327239017	68960183
GLOBAL	III	4150001	4160000	0.0018490088991577	9110	17033944	9212472697	43515053
GLOBAL	III	4160001	4170000	0.0020021669116222	8141	16227224	8104830774	166628751
GLOBAL	III	4170001	4180000	0.0031296614056624	8678	27379072	8748253709	68811241
GLOBAL	III	4180001	4190000	0.0048954571314191	5974	27385292	5594021409	479776041
GLOBAL	III	4190001	4200000	0.0062918325041826	7765	48943476	7778890485	110543640
GLOBAL	III	4200001	4210000	0.0027487221420214	8626	23861996	8681123361	83108289
GLOBAL	III	4210001	4220000	0.003030077386609	8241	25010348	8254029455	119032570
GLOBAL	III	4220001	4230000	0.0024866865952228	9302	23326772	9380664232	70400318
GLOBAL	III	4230001	4240000	0.0063654533172818	7928	50786788	7978502939	76543261
GLOBAL	III	4240001	4250000	0.0052963744186096	7972	41951932	7920877318	178873982
GLOBAL	III	4250001	4260000	0.0044329942304744	7689	33900592	7647335015	164881210
GLOBAL	III	4260001	4270000	0.0031119184488321	8738	27486980	8832808588	45217862
GLOBAL	III	4270001	4280000	0.0025638033682655	8652	22231100	8671140804	119507496
GLOBAL	III	4280001	4290000	0.0043222319679833	8706	37641924	8708908795	136604855
GLOBAL	III	4290001	4300000	0.0043975590342605	8439	37315560	8485516558	88718417
GLOBAL	III	4300001	4310000	0.0043585058028936	7668	33346384	7650875210	140004490
GLOBAL	III	4310001	4320000	0.0024628144925974	8075	20008380	8124192894	80208981
GLOBAL	III	4320001	4330000	0.0039480644417985	8723	34698568	8788754214	74031861
GLOBAL	III	4330001	4340000	0.0018751958777486	9583	18182252	9696188124	40379451
GLOBAL	III	4340001	4350000	0.0022590387758999	8351	18966928	8396017015	88807760
GLOBAL	III	4350001	4360000	0.0030032666903643	8349	25247952	8406829830	75962895
GLOBAL	III	4360001	4370000	0.0042157026117751	9080	38574388	9150168205	75338795
GLOBAL	III	4370001	4380000	0.0024495417686003	8264	20025584	8175236796	221193804
GLOBAL	III	4380001	4390000	0.0022222952659193	7862	17368764	7815686901	172301649
GLOBAL	III	4390001	4400000	0.0023961995946837	7983	19233296	8026583446	84344129
GLOBAL	III	4400001	4410000	0.001949265775656	8680	17060644	8752343684	66753316
GLOBAL	III	4410001	4420000	0.0017137235660765	8783	15145756	8837922463	85825112
GLOBAL	III	4420001	4430000	0.0033198029673018	8271	27602476	8314492237	89050538
GLOBAL	III	4430001	4440000	0.0041908941708035	5947	24438912	5831431433	210869242
GLOBAL	III	4440001	4450000	0.0028856224814597	9083	26459860	9169550130	59004945
GLOBAL	III	4450001	4460000	0.0021771996507986	8874	19397268	8909273889	106931961
GLOBAL	III	4460001	4470000	0.0048271133321361	8582	41806868	8660842438	58684112
GLOBAL	III	4470001	4480000	0.0049964551002155	7190	34786036	6962143220	343076530
GLOBAL	III	4480001	4490000	0.0024641137714894	8432	20627516	8371170292	195952508
GLOBAL	III	4490001	4500000	0.0030098945528085	8743	26558292	8823661937	59444638
GLOBAL	III	4500001	4510000	0.0030755164057862	8774	27184328	8838947485	75655865
GLOBAL	III	4510001	4520000	0.0023532256524681	7733	17176936	7299315296	557606029
GLOBAL	III	4520001	4530000	0.0029144789221453	8326	24325716	8346506065	112918085
GLOBAL	III	4530001	4540000	0.0026694639964872	8675	23296808	8727148233	86868642
GLOBAL	III	4540001	4550000	0.0018267570069918	7887	14399572	7882587528	130801647
GLOBAL	III	4550001	4560000	0.0024680245889139	8158	20223904	8194368926	94363024
GLOBAL	III	4560001	4570000	0.0042169744552228	7861	33055356	7838642693	148329832
GLOBAL	III	4570001	4580000	0.005072850642825	6729	32232564	6353935148	482897077
GLOBAL	III	4580001	4590000	0.0041465477414721	8482	35418240	8541621177	76302873
GLOBAL	III	4590001	4600000	0.002980459831867	8326	23847836	8001394867	458029283
GLOBAL	III	4600001	4610000	0.004167230607558	9240	38870580	9327676738	60394262
GLOBAL	III	4610001	4620000	0.0027413900432223	8730	24145632	8807806120	62092130
GLOBAL	III	4620001	4630000	0.0038301039458273	8109	31030152	8101647485	137299240
GLOBAL	III	4630001	4640000	0.0047688306584918	5946	12759588	2675621953	3371758847
GLOBAL	III	4640001	4650000	0.0022113068386829	8213	17278976	7813920573	530692752
GLOBAL	III	4650001	4660000	0.0020181122516442	9066	18457800	9146072021	65210629
GLOBAL	III	4660001	4670000	0.0021762074964509	8249	18064744	8301020941	80169284
GLOBAL	III	4670001	4680000	0.0036094066755083	8543	31051472	8602929731	76971844
GLOBAL	III	4680001	4690000	0.0051108806315804	6758	31685780	6199671306	666625644
GLOBAL	III	4690001	4700000	0.0035776555306654	8423	30330820	8477848060	80130515
GLOBAL	III	4700001	4710000	0.0021031800371669	8790	18606340	8846765218	84094532
GLOBAL	III	4710001	4720000	0.0018273155638754	9342	17261124	9446164823	45540727
GLOBAL	III	4720001	4730000	0.0024440878219913	6964	16799820	6873656441	201941659
GLOBAL	III	4730001	4740000	0.0020960822715946	3485	2867952	1368244004	2174635171
GLOBAL	III	4740001	4750000	0.0027193506767763	4489	10375812	3815547619	745388606
GLOBAL	III	4750001	4760000	0.0019803655092239	8785	17545572	8859764482	66015143
GLOBAL	III	4760001	4770000	0.0036675715608638	8277	30401876	8289374998	120263927
GLOBAL	III	4770001	4780000	0.0028818813190797	8431	24459652	8487390455	78716320
GLOBAL	III	4780001	4790000	0.0027132295429178	8755	23712720	8739666005	155632870
GLOBAL	III	4790001	4800000	0.0034099990081267	9370	32195224	9441417409	78736841
GLOBAL	III	4800001	4810000	0.0024550335985309	8829	21563032	8783192219	187292506
GLOBAL	III	4810001	4820000	0.003062902252948	7461	21905704	7151943546	428618979
GLOBAL	III	4820001	4830000	0.0048863033515032	1115	3787044	775032520	369011630
GLOBAL	III	4830001	4840000	0.0028031441161342	975	1101412	392920219	603800306
GLOBAL	III	4840001	4850000	0.0030319448264991	7927	22962684	7573582408	480447767
GLOBAL	III	4850001	4860000	0.0028736482086131	7820	22118172	7696896208	248419292
GLOBAL	III	4860001	4870000	0.001580936900233	8464	13301788	8413863955	185771645
GLOBAL	III	4870001	4880000	0.0029883305180577	9066	27145376	9083793053	127489597
GLOBAL	III	4880001	4890000	0.0028077656711961	8182	22671360	8074519976	238596574
GLOBAL	III	4890001	4900000	0.0021772105457197	3044	2725132	1251662135	1862454490
GLOBAL	III	4900001	4910000	0.0031329319908691	7930	23568316	7522766555	534311695
GLOBAL	III	4910001	4920000	0.0029482884866836	7387	21467344	7281290178	224086497
GLOBAL	III	4920001	4930000	0.002548796176808	8814	22466168	8814423140	140821210
GLOBAL	III	4930001	4940000	0.0036767540702543	7085	23588232	6415504423	796241027
GLOBAL	III	4940001	4950000	0.0037648810672863	7252	27079944	7192775420	175437880
GLOBAL	III	4950001	4960000	0.0024726484779506	8291	20550648	8311188664	112674611
GLOBAL	III	4960001	4970000	0.003395996013877	8187	27893152	8213540854	104655821
GLOBAL	III	4970001	4980000	0.0020613362064561	9009	18725720	9084262888	69106337
GLOBAL	III	4980001	4990000	0.0023075718658446	8604	19986132	8661109236	80769864
GLOBAL	III	4990001	5000000	0.0022436006875794	8761	18851300	8402252729	499142296
GLOBAL	III	5000001	5010000	0.0024023834995272	8285	20066776	8352861233	64905892
GLOBAL	III	5010001	5020000	0.0018630250147593	7465	11740468	6301830575	1282796050
GLOBAL	III	5020001	5030000	0.0022986207378204	7832	17666740	7685800319	271707481
GLOBAL	III	5030001	5040000	0.0026308786718044	2778	2273292	864080896	1959452579
GLOBAL	III	5040001	5050000	0.0024339593226326	6425	14253388	5856050209	671910416
GLOBAL	III	5050001	5060000	0.0020059656976953	8494	17151512	8550251891	79864459
GLOBAL	III	5060001	5070000	0.0022262928768142	8541	19136940	8595877119	81992406
GLOBAL	III	5070001	5080000	0.0025559009475834	7933	20399508	7981337469	78788856
GLOBAL	III	5080001	5090000	0.0014521860227567	9158	13392564	9222347406	82409544
GLOBAL	III	5090001	5100000	0.0015523789261285	9166	14320668	9224982225	87902925
GLOBAL	III	5100001	5110000	0.001749629794922	9464	16770736	9585305445	30355155
GLOBAL	III	5110001	5120000	0.0031479158856062	8090	25051256	7958044913	261597337
GLOBAL	III	5120001	5130000	0.0018077266636137	8702	15810616	8746131989	95317561
GLOBAL	III	5130001	5140000	0.0017500645097709	8536	14770152	8439775744	233013656
GLOBAL	III	5140001	5150000	0.0018403787287813	7775	13514212	7343168984	556425391
GLOBAL	III	5150001	5160000	0.0019576554960302	8487	16733336	8547640805	75363370
GLOBAL	III	5160001	5170000	0.0032261257450479	9082	29608688	9177784854	49754196
GLOBAL	III	5170001	5180000	0.0042403842327241	8348	35597680	8394918490	86858210
GLOBAL	III	5180001	5190000	0.0046592619581192	7665	35367752	7590848576	196983049
GLOBAL	III	5190001	5200000	0.0058343751065505	8271	48212272	8263485141	140057634
GLOBAL	III	5200001	5210000	0.0031259326182455	8460	26615764	8514503430	81068070
GLOBAL	III	5210001	5220000	0.0023747372671218	8282	19728628	8307709772	107009278
GLOBAL	III	5220001	5230000	0.0026414909055495	7960	21059604	7972620294	114938706
GLOBAL	III	5230001	5240000	0.0043780312460611	8679	38059324	8693250884	124830091
GLOBAL	III	5240001	5250000	0.0020641112724803	9166	19088044	9247584786	65300364
GLOBAL	III	5250001	5260000	0.001814436503865	8494	14411040	7942432799	687683551
GLOBAL	III	5260001	5270000	0.0016102705053979	6953	9071388	5633455975	1431981875
GLOBAL	III	5270001	5280000	0.0016307012020636	8761	14228304	8725267377	176127648
GLOBAL	III	5280001	5290000	0.0019257843731069	8159	15840444	8225450482	64297493
GLOBAL	III	5290001	5300000	0.0019151285307803	9022	17401456	9086312339	80265211
GLOBAL	III	5300001	5310000	0.0013977854689752	4285	4831696	3456679231	896987894
GLOBAL	III	5310001	5320000	0.0012994539096052	1456	1008912	776412301	716128424
GLOBAL	III	5320001	5330000	0.0019567831412	8133	15353264	7846175530	417155795
GLOBAL	III	5330001	5340000	0.0012239581060585	9012	11134104	9096801553	59615747
GLOBAL	III	5340001	5350000	0.0016696851060809	8562	14427076	8640596929	58609121
GLOBAL	III	5350001	5360000	0.0020501061619307	8677	17981012	8770771160	45277765
GLOBAL	III	5360001	5370000	0.0013582785180753	8504	11662096	8585938631	54337969
GLOBAL	III	5370001	5380000	0.0013566269580154	9409	12917140	9521512103	38267122
GLOBAL	III	5380001	5390000	0.001907692912826	8021	15228296	7982571984	166964541
GLOBAL	III	5390001	5400000	0.001786430520645	8867	15978552	8944401596	64692079
GLOBAL	III	5400001	5410000	0.0022897625296555	8578	19774016	8635837011	79625439
GLOBAL	III	5410001	5420000	0.00152471410787	8829	13474776	8837575471	132909254
GLOBAL	III	5420001	5430000	0.0020651547245141	8182	16902476	8184605153	128511397
GLOBAL	III	5430001	5440000	0.003741878723871	8504	31932068	8533699341	106577259
GLOBAL	III	5440001	5450000	0.0026473520801841	9362	25063864	9467521977	44504073
GLOBAL	III	5450001	5460000	0.0014841452789063	8534	12303616	8290034793	380722557
GLOBAL	III	5460001	5470000	0.0030297430971947	9346	28594288	9437858948	57910702
GLOBAL	III	5470001	5480000	0.0030023862718551	8882	26843132	8940599100	83734950
GLOBAL	III	5480001	5490000	0.0037495760092329	7799	29297152	7813457289	110521686
GLOBAL	III	5490001	5500000	0.0024654370469082	7872	19414860	7874814741	123334059
GLOBAL	III	5500001	5510000	0.0021815913027933	9000	19767312	9060960215	83264785
GLOBAL	III	5510001	5520000	0.0030744539480789	8387	25953696	8441725405	79676270
GLOBAL	III	5520001	5530000	0.0022013564406624	8616	19117944	8684619922	69451478
GLOBAL	III	5530001	5540000	0.002070996127963	9037	18920792	9136082750	45735175
GLOBAL	III	5540001	5550000	0.0023406630808819	8544	20083412	8580223341	100694259
GLOBAL	III	5550001	5560000	0.0020068947703872	7521	15010788	7479608907	161915118
GLOBAL	III	5560001	5570000	0.0022215468953943	8650	19376352	8722008993	66607257
GLOBAL	III	5570001	5580000	0.0017338384092219	8918	15600692	8997777369	63133581
GLOBAL	III	5580001	5590000	0.0021168788911728	8722	18606588	8789632736	72137314
GLOBAL	III	5590001	5600000	0.0020797443690725	8629	18103840	8704839051	62440674
GLOBAL	III	5600001	5610000	0.0013585165289124	9119	12456964	9169534367	95597608
GLOBAL	III	5610001	5620000	0.0015984149580485	8998	14270768	8928074608	214118342
GLOBAL	III	5620001	5630000	0.0017874233802967	8278	14275100	7986412261	424242689
GLOBAL	III	5630001	5640000	0.0018198505088578	9344	17185740	9443489955	50247645
GLOBAL	III	5640001	5650000	0.0035927448138904	8217	29184664	8123222080	225455345
GLOBAL	III	5650001	5660000	0.0025569534852582	9163	23588764	9225339505	84497570
GLOBAL	III	5660001	5670000	0.0027264672843766	8783	24028596	8813087961	110659614
GLOBAL	III	5670001	5680000	0.0022995367068838	9068	21026064	9143608770	69705930
GLOBAL	III	5680001	5690000	0.0013660635184504	9395	12963296	9489526530	56028345
GLOBAL	III	5690001	5700000	0.002613082366724	8701	22652388	8668838108	171595417
GLOBAL	III	5700001	5710000	0.0020761641210598	6129	11907908	5735533082	491684143
GLOBAL	III	5710001	5720000	0.0017514780593091	8967	15525556	8864259485	246436690
GLOBAL	III	5720001	5730000	0.0026705451830588	8183	21693612	8123289633	190842942
GLOBAL	III	5730001	5740000	0.0024032592305195	8449	20464724	8515404306	68990919
GLOBAL	III	5740001	5750000	0.0022188940810518	8918	19876280	8957741683	103169267
GLOBAL	III	5750001	5760000	0.0017062844465236	8747	15085100	8840905765	46264910
GLOBAL	III	5760001	5770000	0.0010658744866955	8944	9507388	8919800707	167526893
GLOBAL	III	5770001	5780000	0.0014197988035132	8452	12015096	8462534248	124909052
GLOBAL	III	5780001	5790000	0.0021437988472213	8927	19236472	8973076940	96978235
GLOBAL	III	5790001	5800000	0.0012189353545564	8581	10377248	8513370263	205140262
GLOBAL	III	5800001	5810000	0.0018227532603125	7040	12261424	6726869877	425946123
GLOBAL	III	5810001	5820000	0.0015014368236102	8253	12437720	8283878352	101375973
GLOBAL	III	5820001	5830000	0.0012442385644023	9263	11639564	9354768718	56670857
GLOBAL	III	5830001	5840000	0.0013805576076661	8963	12493852	9049859224	56772851
GLOBAL	III	5840001	5850000	0.0010125708687636	8726	8891580	8781192778	84641372
GLOBAL	III	5850001	5860000	0.001197668248396	7889	9152156	7641645349	373775876
GLOBAL	III	5860001	5870000	0.0016926397345158	7698	12658728	7478690085	342670365
GLOBAL	III	5870001	5880000	0.0014513950988266	7649	9758008	6723192057	1048383168
GLOBAL	III	5880001	5890000	0.0025273155706087	8352	19190552	7593255161	892585639
GLOBAL	III	5890001	5900000	0.0024302281195823	8839	21554772	8869443912	111201063
GLOBAL	III	5900001	5910000	0.0024591533457302	8395	20771528	8446617628	82912247
GLOBAL	III	5910001	5920000	0.0038420525947607	7895	30241452	7871170749	150346626
GLOBAL	III	5920001	5930000	0.0030164126142966	8655	26380588	8745682827	48013548
GLOBAL	III	5930001	5940000	0.0020421030453558	8855	18283004	8953027146	43874229
GLOBAL	III	5940001	5950000	0.0017042083699218	8515	14489744	8502331203	149121672
GLOBAL	III	5950001	5960000	0.0019568042492105	8591	16844100	8607963728	120707047
GLOBAL	III	5960001	5970000	0.0019498199860934	8926	17529084	8990103766	78935384
GLOBAL	III	5970001	5980000	0.0022663514322336	8091	18437372	8135266110	85392165
GLOBAL	III	5980001	5990000	0.0017752309394802	9102	16341096	9205053628	42805922
GLOBAL	III	5990001	6000000	0.0033249040593354	8485	28422576	8548389816	72582309
GLOBAL	III	6000001	6010000	0.0029857884426092	9158	27627464	9252987789	51769161
GLOBAL	III	6010001	6020000	0.0023381699328904	8680	20464872	8752516963	66580037
GLOBAL	III	6020001	6030000	0.0028125124093849	8555	24141692	8583674838	108419037
GLOBAL	III	6030001	6040000	0.0018798371870367	7713	10750936	5719078266	2117522559
GLOBAL	III	6040001	6050000	0.0016816491115876	8343	11797752	7015584832	1461111743
GLOBAL	III	6050001	6060000	0.0022996777666037	8261	18835280	8190399661	202982864
GLOBAL	III	6060001	6070000	0.0024997924143865	7762	19249856	7700581812	185804238
GLOBAL	III	6070001	6080000	0.0021900871435034	8026	16816088	7678273465	476343185
GLOBAL	III	6080001	6090000	0.0021405678940006	9122	19739396	9221569685	46610365
GLOBAL	III	6090001	6100000	0.0021658458249946	7810	15985348	7380649082	554506168
GLOBAL	III	6100001	6110000	0.0021912931544513	9174	20289276	9259042296	61971054
GLOBAL	III	6110001	6120000	0.001373346957059	9063	12550484	9138611285	69623290
GLOBAL	III	6120001	6130000	0.0019367323972705	9453	18510100	9557386465	47097860
GLOBAL	III	6130001	6140000	0.0019476728003558	8694	17078352	8768593984	64727366
GLOBAL	III	6140001	6150000	0.0020873196505076	9502	20002868	9583040142	71229408
GLOBAL	III	6150001	6160000	0.0016727299350168	8908	14957224	8941804464	108946236
GLOBAL	III	6160001	6170000	0.0018884926769851	8346	15624152	8273345293	206399357
GLOBAL	III	6170001	6180000	0.0018860210911884	9062	17278968	9161598500	45620050
GLOBAL	III	6180001	6190000	0.0022504468421254	8242	18616012	8272140293	101937757
GLOBAL	III	6190001	6200000	0.0029447529289367	8838	26217644	8903172739	76456211
GLOBAL	III	6200001	6210000	0.0031164591441429	8864	27721896	8895318282	110727318
GLOBAL	III	6210001	6220000	0.0024031362829436	8734	20961892	8722722947	151239403
GLOBAL	III	6220001	6230000	0.0018581150523207	8879	16681604	8977702419	43583556
GLOBAL	III	6230001	6240000	0.0020620999136151	8362	17309000	8393870678	102130372
GLOBAL	III	6240001	6250000	0.0030795267109514	8381	25606452	8315060853	200244672
GLOBAL	III	6250001	6260000	0.0033518562746042	8232	27743068	8276926493	86991307
GLOBAL	III	6260001	6270000	0.0023837190375973	8841	21279420	8926983283	55693742
GLOBAL	III	6270001	6280000	0.0017936353161001	7660	13849128	7721261884	61489616
GLOBAL	III	6280001	6290000	0.0021753529851171	8575	18802820	8643571930	68842445
GLOBAL	III	6290001	6300000	0.0018102213604504	8765	15999216	8838264949	67194176
GLOBAL	III	6300001	6310000	0.002177635040857	9492	20896736	9596068950	48040350
GLOBAL	III	6310001	6320000	0.0028561497004124	8299	23435104	8205138546	226852929
GLOBAL	III	6320001	6330000	0.002376930356727	8897	21339992	8977962665	61611760
GLOBAL	III	6330001	6340000	0.001660333250478	8562	14378276	8659873550	39332500
GLOBAL	III	6340001	6350000	0.0012560861693139	9375	11893072	9468356782	56877593
GLOBAL	III	6350001	6360000	0.0023146713455797	9201	21504596	9290561289	57884736
GLOBAL	III	6360001	6370000	0.0016998395661669	9116	15593468	9173493964	88589936
GLOBAL	III	6370001	6380000	0.0018976862499638	8677	16603316	8749241873	66807052
GLOBAL	III	6380001	6390000	0.0026241250672726	8508	22350472	8517304407	127036293
GLOBAL	III	6390001	6400000	0.0019602090056483	8100	15081732	7693940777	535861723
GLOBAL	III	6400001	6410000	0.0023056504619245	8528	18525356	8034763424	629897776
GLOBAL	III	6410001	6420000	0.0017467095515534	8902	15717080	8998107319	46547231
GLOBAL	III	6420001	6430000	0.0033415980771806	8357	28088220	8405624899	85296026
GLOBAL	III	6430001	6440000	0.0038824445363968	7178	27128244	6987413148	305614302
GLOBAL	III	6440001	6450000	0.0028592975723522	9234	26695792	9336486086	45488764
GLOBAL	III	6450001	6460000	0.0026582937747174	9303	25000964	9404891302	47189273
GLOBAL	III	6460001	6470000	0.0038957136742934	8784	34501084	8856165233	68598367
GLOBAL	III	6470001	6480000	0.0026129092321684	9172	24165056	9248333506	70647794
GLOBAL	III	6480001	6490000	0.0048959007077416	7921	38580536	7880171250	167762775
GLOBAL	III	6490001	6500000	0.0031596067176946	7264	22715940	7189483385	190922215
GLOBAL	III	6500001	6510000	0.0015979490031713	8911	14385480	9002465017	51333758
GLOBAL	III	6510001	6520000	0.002100287825813	9127	19184440	9134195687	139064488
GLOBAL	III	6520001	6530000	0.0017332121159983	7146	11568604	6674661395	585853255
GLOBAL	III	6530001	6540000	0.0021860618425261	7501	15780864	7218855246	402348279
GLOBAL	III	6540001	6550000	0.0017675440896773	8631	15257488	8632026827	137284948
GLOBAL	III	6550001	6560000	0.0020220676862659	9258	18817704	9306169189	100190261
GLOBAL	III	6560001	6570000	0.0019523846865306	8100	15955264	8172192760	57609740
GLOBAL	III	6570001	6580000	0.0020089325581917	7908	15965440	7947225473	87500227
GLOBAL	III	6580001	6590000	0.0019986789301499	8863	17864216	8938011869	67017706
GLOBAL	III	6590001	6600000	0.0017482835302507	8723	15323648	8764967315	97818760
GLOBAL	III	6600001	6610000	0.0018581494893025	8798	16464704	8860806999	78180951
GLOBAL	III	6610001	6620000	0.0022774895630427	8856	20322976	8923411255	74506145
GLOBAL	III	6620001	6630000	0.0017279128980863	9137	15945100	9227953572	55466853
GLOBAL	III	6630001	6640000	0.0023032370727935	7578	15616288	6780147899	919289551
GLOBAL	III	6640001	6650000	0.0016766857775817	7882	12603312	7516800207	491508843
GLOBAL	III	6650001	6660000	0.0016430126919588	8917	14764296	8986111959	73782966
GLOBAL	III	6660001	6670000	0.0026374842051062	8564	22740700	8622117985	79120115
GLOBAL	III	6670001	6680000	0.002390158710529	8277	19826648	8295117773	114521152
GLOBAL	III	6680001	6690000	0.00267278256613	8229	21973700	8221282299	139587426
GLOBAL	III	6690001	6700000	0.0020202846871407	8948	18077440	8947966648	143425052
GLOBAL	III	6700001	6710000	0.0022908231826384	8539	19548208	8533267931	142569544
GLOBAL	III	6710001	6720000	0.0023652163016185	8688	20615004	8715906442	111318758
GLOBAL	III	6720001	6730000	0.0020111889828363	9305	18883300	9389122634	64989991
GLOBAL	III	6730001	6740000	0.0019460460526653	8410	16404324	8429566185	115204065
GLOBAL	III	6740001	6750000	0.0023068033125524	8528	19613648	8502522904	162138296
GLOBAL	III	6750001	6760000	0.0019224291849825	9382	18223700	9479516927	52829623
GLOBAL	III	6760001	6770000	0.00149188440492	9040	13148692	8813479085	371386915
GLOBAL	III	6770001	6780000	0.0018215682086772	9052	15991508	8778978423	418079877
GLOBAL	III	6780001	6790000	0.002044364668167	8511	17288024	8456428674	190960101
GLOBAL	III	6790001	6800000	0.0017782138995549	9533	17165436	9653189644	32576681
GLOBAL	III	6800001	6810000	0.0019223607670142	9022	17463112	9084201207	82376343
GLOBAL	III	6810001	6820000	0.0025441889946948	9203	23625812	9286185912	64292163
GLOBAL	III	6820001	6830000	0.0019936092784933	9129	18392188	9225573034	49719191
GLOBAL	III	6830001	6840000	0.0024419118900435	8587	21059392	8624140816	100465859
GLOBAL	III	6840001	6850000	0.0027154571046926	8412	23008868	8473294592	73507708
GLOBAL	III	6850001	6860000	0.0018473128204118	8993	16700736	9040556540	96556285
GLOBAL	III	6860001	6870000	0.0018905021438182	8191	15476236	8186309680	135951095
GLOBAL	III	6870001	6880000	0.0014334925787446	9011	13041320	9097584594	57816681
GLOBAL	III	6880001	6890000	0.0023003026618973	8343	19237332	8362956892	113739683
GLOBAL	III	6890001	6900000	0.0015075609986075	9304	14169060	9398664474	54432126
GLOBAL	III	6900001	6910000	0.0011797178400726	9627	11496724	9745316727	35955948
GLOBAL	III	6910001	6920000	0.0020965116023894	7935	16278444	7764537998	297620377
GLOBAL	III	6920001	6930000	0.001813419038209	8978	16381084	9033259084	88613366
GLOBAL	III	6930001	6940000	0.0016775811076147	9028	14798808	8821515653	351158047
GLOBAL	III	6940001	6950000	0.0016049174457659	9336	15138500	9432572398	53037002
GLOBAL	III	6950001	6960000	0.0015456980434379	9296	14536368	9404403442	40564958
GLOBAL	III	6960001	6970000	0.0025487945306045	8457	21621708	8483111424	109412001
GLOBAL	III	6970001	6980000	0.0019532615806098	8850	17435520	8926362026	65459224
GLOBAL	III	6980001	6990000	0.0014024221592396	9270	13155040	9380228281	38323469
GLOBAL	III	6990001	7000000	0.0021858705725159	8838	19512968	8926863395	52765555
GLOBAL	III	7000001	7010000	0.0014012478315273	9304	13185572	9409878612	43217988
GLOBAL	III	7010001	7020000	0.0018603922746239	9035	16934476	9102637240	77148635
GLOBAL	III	7020001	7030000	0.0022609989316463	8966	20427412	9034684499	74995651
GLOBAL	III	7030001	7040000	0.0021638151434089	7133	13253300	6124968688	1162978637
GLOBAL	III	7040001	7050000	0.0033474329304103	8350	27893096	8332682560	151126190
GLOBAL	III	7050001	7060000	0.0018468095414313	5906	7565080	4096296792	1910443008
GLOBAL	III	7060001	7070000	0.0021776474122273	9206	20266236	9306481796	47044354
GLOBAL	III	7070001	7080000	0.0012407819110253	9414	11812860	9520496628	44362722
GLOBAL	III	7080001	7090000	0.0018780075030145	8703	16311860	8685726747	156738828
GLOBAL	III	7090001	7100000	0.0010959403991097	9291	10218700	9324138437	115749838
GLOBAL	III	7100001	7110000	0.0021790572748572	8408	18324652	8409440271	133297929
GLOBAL	III	7110001	7120000	0.0024475465061469	8766	21574232	8814636186	91838964
GLOBAL	III	7120001	7130000	0.0013695706108538	8903	12317328	8993569154	52101421
GLOBAL	III	7130001	7140000	0.0017013747156965	8950	15382820	9041406257	52017493
GLOBAL	III	7140001	7150000	0.0016075351484772	8515	13053616	8120267860	531185015
GLOBAL	III	7150001	7160000	0.0017679140781	8427	14673764	8300043640	261999035
GLOBAL	III	7160001	7170000	0.0022831585683033	8588	19369680	8483720872	241901828
GLOBAL	III	7170001	7180000	0.0016863925704356	9353	15922728	9441886948	60994877
GLOBAL	III	7180001	7190000	0.0018901598978467	9017	17223644	9112268237	49229188
GLOBAL	III	7190001	7200000	0.0021315403818892	8823	18965796	8897694907	66693668
GLOBAL	III	7200001	7210000	0.0024230721075835	8723	21303432	8791910044	70876031
GLOBAL	III	7210001	7220000	0.0020967388045681	7645	16023096	7641913225	125597900
GLOBAL	III	7220001	7230000	0.001647057601384	7892	12608552	7655197966	363271334
GLOBAL	III	7230001	7240000	0.0016792237793475	9058	15364256	9149617930	53536520
GLOBAL	III	7240001	7250000	0.0019326366238536	9106	17166092	8882213960	369709690
GLOBAL	III	7250001	7260000	0.0019514706495753	8347	16401232	8404549668	76211007
GLOBAL	III	7260001	7270000	0.0018341313057022	9107	16570088	9034297571	218642104
GLOBAL	III	7270001	7280000	0.0017909617768129	8196	14719452	8218741567	108599333
GLOBAL	III	7280001	7290000	0.0017320287896353	8351	14216792	8208173031	276651744
GLOBAL	III	7290001	7300000	0.0016454202627586	8892	14764444	8973053471	61440829
GLOBAL	III	7300001	7310000	0.0014003003998211	8862	12523072	8943132489	60881061
GLOBAL	III	7310001	7320000	0.0018051981062503	9180	16672652	9235912636	91196864
GLOBAL	III	7320001	7330000	0.0012253387507073	9584	11866784	9684492548	53091052
GLOBAL	III	7330001	7340000	0.0016588825230605	8679	14491136	8735480541	82600434
GLOBAL	III	7340001	7350000	0.0021232663750338	8470	18074224	8512461843	93269907
GLOBAL	III	7350001	7360000	0.0016599961752865	8612	14285248	8605590912	144416388
GLOBAL	III	7360001	7370000	0.0016671994529863	8761	13996068	8394957169	506437856
GLOBAL	III	7370001	7380000	0.0024404889473592	7857	17997868	7374697607	608210818
GLOBAL	III	7380001	7390000	0.0021396116636887	9309	20123300	9405117920	53058805
GLOBAL	III	7390001	7400000	0.0014916959993364	8969	13252280	8884035357	228692868
GLOBAL	III	7400001	7410000	0.0025147265857756	4906	9801052	3897462275	1089188425
GLOBAL	III	7410001	7420000	0.0021725333338259	8035	16959948	7806530623	357230252
GLOBAL	III	7420001	7430000	0.0027994372703139	8857	25027408	8940156747	58776678
GLOBAL	III	7430001	7440000	0.0022820929153075	8895	20532052	8997027186	40515189
GLOBAL	III	7440001	7450000	0.0017099001522478	9601	16595432	9705497703	49358322
GLOBAL	III	7450001	7460000	0.001532049422579	7331	8706064	5682626077	1765853198
GLOBAL	III	7460001	7470000	0.0022241383713631	7911	16838324	7570717819	467055956
GLOBAL	III	7470001	7480000	0.0015912133177892	8852	14171172	8905890770	87962530
GLOBAL	III	7480001	7490000	0.0018783902614517	9017	17042848	9073113479	88383946
GLOBAL	III	7490001	7500000	0.0020033237972982	8700	17548792	8759838037	79579463
GLOBAL	III	7500001	7510000	0.0018440255137075	8585	15884580	8614078212	108496413
GLOBAL	III	7510001	7520000	0.0021089588711621	8693	18453564	8750082447	82222878
GLOBAL	III	7520001	7530000	0.0015753436402161	8775	12875128	8172901246	742718129
GLOBAL	III	7530001	7540000	0.0023399285957013	8570	20048692	8568078546	139255704
GLOBAL	III	7540001	7550000	0.003483580624694	8869	31118592	8932932908	78192817
GLOBAL	III	7550001	7560000	0.0020826560364555	8352	17364112	8337484297	148356503
GLOBAL	III	7560001	7570000	0.0016269263952126	9371	15413960	9474282331	46887944
GLOBAL	III	7570001	7580000	0.0024568001129556	9003	22225272	9046430714	100842361
GLOBAL	III	7580001	7590000	0.0018361882052694	9568	17774732	9680234275	41092925
GLOBAL	III	7590001	7600000	0.0021222177434328	9238	19824676	9341490081	44548869
GLOBAL	III	7600001	7610000	0.0016762248833864	9099	15439728	9211012289	33799186
GLOBAL	III	7610001	7620000	0.0013965550080433	9260	13063216	9353885758	54505742
GLOBAL	III	7620001	7630000	0.0017000838635341	9299	15986012	9403072603	44943872
GLOBAL	III	7630001	7640000	0.0016030253989685	9020	14586008	9099049840	65495660
GLOBAL	III	7640001	7650000	0.0019812939766703	8196	16207324	8180171237	147169663
GLOBAL	III	7650001	7660000	0.0022804788558038	8412	19242144	8437764705	109037595
GLOBAL	III	7660001	7670000	0.001984018070717	8356	15882884	8005412972	484491928
GLOBAL	III	7670001	7680000	0.0017620889683403	9198	16331404	9268206256	77191694
GLOBAL	III	7680001	7690000	0.001451583951885	9216	13522412	9315625171	48061229
GLOBAL	III	7690001	7700000	0.0019661170317002	9246	18226140	9270119584	124047566
GLOBAL	III	7700001	7710000	0.0020960625023576	8415	17783380	8484184026	65666349
GLOBAL	III	7710001	7720000	0.0033991896533117	8973	30422352	8949883679	166908646
GLOBAL	III	7720001	7730000	0.0023271184549836	8534	19989204	8589680494	81076856
GLOBAL	III	7730001	7740000	0.0018343173534764	7362	12897772	7031374356	449617719
GLOBAL	III	7740001	7750000	0.0029853320029553	8539	23782768	7966540397	709297078
GLOBAL	III	7750001	7760000	0.0040089931972988	7000	17965104	4481200919	2631990106
GLOBAL	III	7760001	7770000	0.0019384678958739	9039	17294400	8921685026	262164949
GLOBAL	III	7770001	7780000	0.0019090696803982	8958	17233732	9027293334	74258616
GLOBAL	III	7780001	7790000	0.0014667067936191	9020	13337716	9093648477	70897023
GLOBAL	III	7790001	7800000	0.003045180384201	8214	24882864	8171228256	174401094
GLOBAL	III	7800001	7810000	0.0031243845129943	9354	29542428	9455439264	48458586
GLOBAL	III	7810001	7820000	0.0016690072287067	8469	14260644	8544387199	60328526
GLOBAL	III	7820001	7830000	0.0020120542343042	8444	16567240	8233992761	345322339
GLOBAL	III	7830001	7840000	0.0014425295376328	9368	13666868	9474237888	43884312
GLOBAL	III	7840001	7850000	0.0018038837661561	8369	15124948	8384657750	118455475
GLOBAL	III	7850001	7860000	0.0024279017903689	8328	20160972	8303866359	157589841
GLOBAL	III	7860001	7870000	0.0026693395781441	8091	21546632	8071896201	148762074
GLOBAL	III	7870001	7880000	0.0031614021157773	7709	23886756	7555747458	276789267
GLOBAL	III	7880001	7890000	0.0022413674080777	8231	18427888	8221716767	141185008
GLOBAL	III	7890001	7900000	0.0023137983620528	8729	20309392	8777511616	91370609
GLOBAL	III	7900001	7910000	0.0016162164502113	8600	13969644	8643423966	94391034
GLOBAL	III	7910001	7920000	0.0023468303377666	8728	20664496	8805279047	62587153
GLOBAL	III	7920001	7930000	0.0021691851552741	8123	17674684	8148075307	105095768
GLOBAL	III	7930001	7940000	0.0023724294907028	9104	21056012	8875295170	374596430
GLOBAL	III	7940001	7950000	0.0019672122186061	8201	16078844	8173416090	159004935
GLOBAL	III	7950001	7960000	0.0022321694528542	9136	20432380	9153597176	128807224
GLOBAL	III	7960001	7970000	0.0016417714363222	9229	15335572	9340869052	36025673
GLOBAL	III	7970001	7980000	0.0019214629817567	9482	18412256	9582415157	51533893
GLOBAL	III	7980001	7990000	0.0019401165518645	8621	16876320	8698611423	60540102
GLOBAL	III	7990001	8000000	0.0023324212183329	8801	20652804	8854663059	87372966
GLOBAL	III	8000001	8010000	0.0011992326169097	8878	10742940	8958178629	62091321
GLOBAL	III	8010001	8020000	0.0014558445717565	8322	12152296	8347248213	108111837
GLOBAL	III	8020001	8030000	0.00163993606245	8508	14091836	8592917933	51422767
GLOBAL	III	8030001	8040000	0.0017056403014221	7466	11212380	6573707241	1011935409
GLOBAL	III	8040001	8050000	0.0016812070171448	9106	15463116	9197627563	54296087
GLOBAL	III	8050001	8060000	0.0024790548906911	8058	20078560	8099280123	87849327
GLOBAL	III	8060001	8070000	0.0020113405848485	8472	16945436	8424946092	182817708
GLOBAL	III	8070001	8080000	0.0011135131004869	9263	10396764	9336903172	74536403
GLOBAL	III	8080001	8090000	0.0018971712579232	8049	14069976	7416291988	761693237
GLOBAL	III	8090001	8100000	0.0022150463653346	8296	18095000	8169129226	259814174
GLOBAL	III	8100001	8110000	0.0012919479330104	8439	10994448	8509977623	64257352
GLOBAL	III	8110001	8120000	0.0022896590700797	8338	19041844	8316453855	155162595
GLOBAL	III	8120001	8130000	0.0017284863091966	8722	15181228	8782961091	78808959
GLOBAL	III	8130001	8140000	0.0021327686126617	8772	18755676	8794051023	118520277
GLOBAL	III	8140001	8150000	0.0017388748750533	9291	16342284	9398194335	41693940
GLOBAL	III	8150001	8160000	0.0016745356652278	8906	15026572	8973575369	75143281
GLOBAL	III	8160001	8170000	0.0015181649474999	7970	12122748	7985132327	112586923
GLOBAL	III	8170001	8180000	0.0016132162247286	6924	8880268	5504697922	1530259178
GLOBAL	III	8180001	8190000	0.0019026598687857	5226	5477396	2878809865	2430936785
GLOBAL	III	8190001	8200000	0.002026854987222	6287	10977932	5416239479	971509696
GLOBAL	III	8200001	8210000	0.0012593858453154	8902	11343636	9007276080	37378470
GLOBAL	III	8210001	8220000	0.001604707490255	9125	14775860	9207821419	63406706
GLOBAL	III	8220001	8230000	0.0014338769188766	8509	12317476	8590330061	55026664
GLOBAL	III	8230001	8240000	0.0016619452690472	9431	15853016	9538831570	43300205
GLOBAL	III	8240001	8250000	0.0013137674112819	8286	10859748	8266111571	152671579
GLOBAL	III	8250001	8260000	0.0021643684721012	8780	19121052	8834471693	86227807
GLOBAL	III	8260001	8270000	0.0009845052575273	9260	9219576	9364679294	43712206
GLOBAL	III	8270001	8280000	0.0020495243917408	9087	18694996	9121626498	110992677
GLOBAL	III	8280001	8290000	0.0016915832026658	9009	15372172	9087446586	65922639
GLOBAL	III	8290001	8300000	0.0021108086899866	8053	16994848	8051344530	130704795
GLOBAL	III	8300001	8310000	0.0018418522929105	9056	16777548	9109062689	92059711
GLOBAL	III	8310001	8320000	0.0018046063686559	8794	16018872	8876657136	58266714
GLOBAL	III	8320001	8330000	0.0015171899500925	9368	14353248	9460415948	57706252
GLOBAL	III	8330001	8340000	0.0016794382610221	8360	14013708	8344282922	149686078
GLOBAL	III	8340001	8350000	0.0018960672524633	8676	16588080	8748677020	66355880
GLOBAL	III	8350001	8360000	0.0017874091578727	8342	14955440	8367104943	108575607
GLOBAL	III	8360001	8370000	0.0016814086437914	8893	15091372	8975433816	60076509
GLOBAL	III	8370001	8380000	0.0021428494024258	7805	16604180	7748645323	181429802
GLOBAL	III	8380001	8390000	0.0019026231395544	8749	16723824	8789877329	99325396
GLOBAL	III	8390001	8400000	0.001135456342925	8988	10299476	9070781157	61251543
GLOBAL	III	8400001	8410000	0.001473350365026	8861	13038856	8849799959	153197566
GLOBAL	III	8410001	8420000	0.001511839600223	8822	13449772	8896295611	67076939
GLOBAL	III	8420001	8430000	0.0016712443834664	8779	14780552	8844039894	75643581
GLOBAL	III	8430001	8440000	0.0018194285423075	7725	13654648	7504910296	343882829
GLOBAL	III	8440001	8450000	0.0015199302532182	8194	12277820	8077883820	247425030
GLOBAL	III	8450001	8460000	0.0019636114097852	7332	14099932	7180612177	268883123
GLOBAL	III	8460001	8470000	4.6103938435131e-05	1708	23832	516918962	1301765788
GLOBAL	III	8470001	8480000	0.0022078453742568	3345	6121424	2772578221	681906779
GLOBAL	III	8480001	8490000	0.0025543830291424	7827	19682564	7705408224	247019451
GLOBAL	III	8490001	8500000	0.0021974613275925	7322	15834320	7205733180	233601870
GLOBAL	III	8500001	8510000	0.0016777366452648	8528	14370144	8565196475	99464725
GLOBAL	III	8510001	8520000	0.0018225860403622	8770	15940324	8745992588	164546662
GLOBAL	III	8520001	8530000	0.0022979782836438	8047	18413308	8012829421	163123754
GLOBAL	III	8530001	8540000	0.0021285339996341	8117	17271120	8114091672	132983253
GLOBAL	III	8540001	8550000	0.00221805652968	8545	18984212	8558939660	122993965
GLOBAL	III	8550001	8560000	0.0017102473988921	9022	15570784	9104404433	62173117
GLOBAL	III	8560001	8570000	0.0021201067444028	8620	18431416	8693626417	64509083
GLOBAL	III	8570001	8580000	0.0020427695166169	8438	17407408	8521474331	51744619
GLOBAL	III	8580001	8590000	0.0014097241307129	8255	11600868	8229176012	158110363
GLOBAL	III	8590001	8600000	0.0020237429007842	9047	18465056	9124210389	67767786
GLOBAL	III	8600001	8610000	0.0012254957086882	9011	11136636	9087454098	67947177
GLOBAL	III	8610001	8620000	0.0012985974972123	9445	12425648	9568513744	27842381
GLOBAL	III	8620001	8630000	0.0022538879943128	8783	19960412	8855991092	67756483
GLOBAL	III	8630001	8640000	0.0011894689185245	9225	11097848	9330086585	42744040
GLOBAL	III	8640001	8650000	0.0019502841250855	8613	16883196	8656787892	94235433
GLOBAL	III	8650001	8660000	0.0026562219384785	7734	17791776	6698151138	1160802237
GLOBAL	III	8660001	8670000	0.0022068067383608	8162	17686396	8014474350	278321700
GLOBAL	III	8670001	8680000	0.0021744021718351	8436	18484884	8501133893	70053007
GLOBAL	III	8680001	8690000	0.0017335012439294	8723	15242664	8792992825	69793250
GLOBAL	III	8690001	8700000	0.0021384992180071	8683	18691408	8740432469	81712606
GLOBAL	III	8700001	8710000	0.002218932602577	8590	18894208	8514998598	212656152
GLOBAL	III	8710001	8720000	0.0031646827434281	8844	28309104	8945321315	40403785
GLOBAL	III	8720001	8730000	0.0025045150339297	9363	23729852	9474829130	38212945
GLOBAL	III	8730001	8740000	0.0026868563060192	8930	24230720	9018241856	54861394
GLOBAL	III	8740001	8750000	0.0011115665737136	9110	10244588	9216351267	39636483
GLOBAL	III	8750001	8760000	0.0015041611751749	9012	13723252	9123524943	32892357
GLOBAL	III	8760001	8770000	0.0021165044584597	8889	19032976	8992646306	38799919
GLOBAL	III	8770001	8780000	0.0013954135298371	9221	13007924	9321913341	46853184
GLOBAL	III	8780001	8790000	0.0011807307838838	9540	11391576	9647902939	44975561
GLOBAL	III	8790001	8800000	0.0013376665945619	9344	12598140	9417997019	75740581
GLOBAL	III	8800001	8810000	0.0016288143821959	8787	14453636	8873715850	54095825
GLOBAL	III	8810001	8820000	0.001814252543006	9123	16693404	9201257049	67939026
GLOBAL	III	8820001	8830000	0.00087038094609149	9602	8469312	9730580659	25291391
GLOBAL	III	8830001	8840000	0.0023933716776627	8528	20582044	8599602056	65059144
GLOBAL	III	8840001	8850000	0.0017276917159081	8892	15486736	8963830675	70663625
GLOBAL	III	8850001	8860000	0.0018015937086706	9265	16891648	9375947484	37524141
GLOBAL	III	8860001	8870000	0.0015420156146028	8949	13596788	8817542359	274865366
GLOBAL	III	8870001	8880000	0.0014631920613363	8661	12552972	8579169018	220623507
GLOBAL	III	8880001	8890000	0.0016361000197118	9143	15043144	9194513672	95002903
GLOBAL	III	8890001	8900000	0.0014612017205818	9086	13358392	9142058767	89544383
GLOBAL	III	8900001	8910000	0.001204988617525	9085	10904748	9049668886	180918239
GLOBAL	III	8910001	8920000	0.002183096396409	9204	20294376	9296142870	55351230
GLOBAL	III	8920001	8930000	0.0020689434614255	8723	18219304	8806090809	56695266
GLOBAL	III	8930001	8940000	0.0016101739915846	8951	14567092	9046905537	47534238
GLOBAL	III	8940001	8950000	0.0022694884645779	8898	20275928	8934140145	106450305
GLOBAL	III	8950001	8960000	0.0018860865123783	9208	17522520	9290411593	65146607
GLOBAL	III	8960001	8970000	0.001151486678842	9598	11187332	9715554861	36253089
GLOBAL	III	8970001	8980000	0.00156768045556	9549	15138188	9656424526	45598199
GLOBAL	III	8980001	8990000	0.0021037096246179	7499	15231180	7240153214	379018261
GLOBAL	III	8990001	9000000	0.0019526701551281	7804	14897936	7629519999	299539101
GLOBAL	III	9000001	9010000	0.0024478942369163	8045	19617312	8013954077	161999098
GLOBAL	III	9010001	9020000	0.0027091361801839	7836	21244480	7841791105	119780795
GLOBAL	III	9020001	9030000	0.0023700731849836	8031	19003560	8018132149	141564626
GLOBAL	III	9030001	9040000	0.0027392112642394	7278	19165748	6996812641	397817309
GLOBAL	III	9040001	9050000	0.0025396029331977	8191	20981808	8261845868	60414907
GLOBAL	III	9050001	9060000	0.0021775748273654	7605	13006640	5972993367	1753876758
GLOBAL	III	9060001	9070000	0.0014442172698895	9001	13136628	9096019189	49221836
GLOBAL	III	9070001	9080000	0.0017942647988398	8632	15488716	8632346803	137980997
GLOBAL	III	9080001	9090000	0.001666371375368	9344	15723408	9435716571	58021029
GLOBAL	III	9090001	9100000	0.0021875119598239	8808	19424400	8879677166	69471034
GLOBAL	III	9100001	9110000	0.0017470100776175	8717	15161932	8678789089	177900836
GLOBAL	III	9110001	9120000	0.0016070737436423	8212	13161072	8189463646	154133654
GLOBAL	III	9120001	9130000	0.0021875024798902	8027	17048720	7793691736	361940939
GLOBAL	III	9130001	9140000	0.0026176325433933	8140	21435548	8188906443	81537057
GLOBAL	III	9140001	9150000	0.0018294960297242	7290	11990648	6554071616	852750634
GLOBAL	III	9150001	9160000	0.0020026953327624	8693	17560584	8768475021	63830304
GLOBAL	III	9160001	9170000	0.0024251848968449	8579	20936060	8632768589	83709886
GLOBAL	III	9170001	9180000	0.0021943993285647	8113	17902540	8158287221	84723604
GLOBAL	III	9180001	9190000	0.0020334688745661	8334	16885464	8303773031	163779319
GLOBAL	III	9190001	9200000	0.002088451435685	9028	19073272	9132734271	39939429
GLOBAL	III	9200001	9210000	0.0020483308600541	8988	18574628	9068177589	63855111
GLOBAL	III	9210001	9220000	0.0012007556595518	9429	11458472	9542717462	37382263
GLOBAL	III	9220001	9230000	0.001519609664002	8995	13795952	9078615599	60529276
GLOBAL	III	9230001	9240000	0.0017567183268612	8348	14726404	8382905657	105983218
GLOBAL	III	9240001	9250000	0.002585267683431	8832	23100524	8935447632	38085168
GLOBAL	III	9250001	9260000	0.0018810887871031	9164	17396284	9247986655	62866445
GLOBAL	III	9260001	9270000	0.0014214154317458	7632	10685220	7517309691	236993109
GLOBAL	III	9270001	9280000	0.0017484159751324	9246	16339068	9345069041	49098109
GLOBAL	III	9280001	9290000	0.0017173996917427	8995	15602660	9085048795	54096080
GLOBAL	III	9290001	9300000	0.0019439091113634	8419	16324164	8397596320	156318155
GLOBAL	III	9300001	9310000	0.0017486404873949	9140	16156996	9239747173	46721327
GLOBAL	III	9310001	9320000	0.0021804389460377	8362	17461524	8008260920	487740130
GLOBAL	III	9320001	9330000	0.0019746648542366	8644	17236836	8728993157	53526943
GLOBAL	III	9330001	9340000	0.0013137865595433	9426	12467264	9489565797	87485853
GLOBAL	III	9340001	9350000	0.0015351967890748	9511	14781160	9628185849	35227926
GLOBAL	III	9350001	9360000	0.001399280436162	8457	11671348	8340964183	251559242
GLOBAL	III	9360001	9370000	0.0017763150962503	8529	14959692	8421755820	243921405
GLOBAL	III	9370001	9380000	0.0012861473919416	9190	11957028	9296778950	40490800
GLOBAL	III	9380001	9390000	0.0016780080399602	8430	13924572	8298274900	266815850
GLOBAL	III	9390001	9400000	0.0010378546581018	9207	9614992	9264295270	90246905
GLOBAL	III	9400001	9410000	0.0015705453627659	9424	14971812	9532874602	42144998
GLOBAL	III	9410001	9420000	0.0017327754358566	8817	15394252	8884158721	74133704
GLOBAL	III	9420001	9430000	0.0021089338160727	8726	18546292	8794155539	71678611
GLOBAL	III	9430001	9440000	0.0022547307465794	8929	20333792	9018279469	53807756
GLOBAL	III	9440001	9450000	0.0019681518866892	8808	17417816	8849833246	99314954
GLOBAL	III	9450001	9460000	0.0013434757364511	8972	12203148	9083266388	32509912
GLOBAL	III	9460001	9470000	0.0013545221389875	9169	12540504	9258249562	57683663
GLOBAL	III	9470001	9480000	0.0021280245604916	8534	18273788	8587207281	83550069
GLOBAL	III	9480001	9490000	0.001901750869258	8143	15598592	8202226828	71264747
GLOBAL	III	9490001	9500000	0.0015392841244413	8104	12079684	7847598639	386267961
GLOBAL	III	9500001	9510000	0.0028501380937525	4613	10659136	3739866508	947056817
GLOBAL	III	9510001	9520000	0.0032116147996409	5192	5686288	1770538609	3504663191
GLOBAL	III	9520001	9530000	0.0019646131892603	8603	16225248	8258749401	482113674
GLOBAL	III	9530001	9540000	0.0017807600958907	8152	14629400	8215255965	67379835
GLOBAL	III	9540001	9550000	0.0013583897121685	9191	12578120	9259581317	78704458
GLOBAL	III	9550001	9560000	0.001998964140671	8673	17511652	8760363252	51621573
GLOBAL	III	9560001	9570000	0.0023430472556865	8691	20408424	8710205887	120067388
GLOBAL	III	9570001	9580000	0.001749113231617	8703	15219380	8701197684	141267891
GLOBAL	III	9580001	9590000	0.0015549454838476	9433	14851772	9551313634	32850191
GLOBAL	III	9590001	9600000	0.0026769570267472	8149	21465620	8018664396	260923329
GLOBAL	III	9600001	9610000	0.0017211160770128	7765	13212168	7676511873	212922252
GLOBAL	III	9610001	9620000	0.0024447311207429	8910	21968984	8986257758	66524992
GLOBAL	III	9620001	9630000	0.002499821937988	9148	23116388	9247213831	47382869
GLOBAL	III	9630001	9640000	0.0015175443729641	8855	13560492	8935812515	61088860
GLOBAL	III	9640001	9650000	0.0016735560482035	9359	15814328	9449535925	59442050
GLOBAL	III	9650001	9660000	0.002085652760857	8648	18106340	8681378003	105206197
GLOBAL	III	9660001	9670000	0.0016709906555939	8714	14666836	8777329754	76312096
GLOBAL	III	9670001	9680000	0.0021069497584216	8731	18450416	8756932113	113982162
GLOBAL	III	9680001	9690000	0.0028045037447131	7554	21062332	7510181450	164871400
GLOBAL	III	9690001	9700000	0.0017130168451688	8353	14382616	8396073886	90782939
GLOBAL	III	9700001	9710000	0.00167826134897	8274	13818524	8233833192	172757658
GLOBAL	III	9710001	9720000	0.0015525402703952	9378	14715892	9478589561	49692889
GLOBAL	III	9720001	9730000	0.0023281311536763	7988	18712472	8037550621	78457079
GLOBAL	III	9730001	9740000	0.001451571274237	9131	13347164	9194976669	82347606
GLOBAL	III	9740001	9750000	0.0023359995901851	7472	17141260	7337869438	253869362
GLOBAL	III	9750001	9760000	0.0027658224562617	8467	23478612	8488835553	113848122
GLOBAL	III	9760001	9770000	0.0017961566697403	9329	16931956	9426770106	51727119
GLOBAL	III	9770001	9780000	0.0020717853263824	8869	18472816	8916375536	94750189
GLOBAL	III	9780001	9790000	0.0048360653806598	7879	38346540	7929284859	75976116
GLOBAL	III	9790001	9800000	0.0036146525074151	8174	28756080	7955420318	349568032
GLOBAL	III	9800001	9810000	0.0014197808544162	7998	9434936	6645346689	1480821261
GLOBAL	III	9810001	9820000	0.0014652614379944	9068	13397348	9143315761	69998939
GLOBAL	III	9820001	9830000	0.003143796851996	7618	23906844	7604449373	135629077
GLOBAL	III	9830001	9840000	0.002239446482461	8074	17392580	7766463783	436922067
GLOBAL	III	9840001	9850000	0.0019955456227354	8603	17254836	8646675778	94187297
GLOBAL	III	9850001	9860000	0.0015698635593453	8288	12665476	8067883304	352931896
GLOBAL	III	9860001	9870000	0.0019036199078329	7840	14243500	7482323515	483312485
GLOBAL	III	9870001	9880000	0.0022518370754193	8697	19631648	8718058786	118310639
GLOBAL	III	9880001	9890000	0.0048014403808015	7835	37279104	7764150139	196405736
GLOBAL	III	9890001	9900000	0.0041300761576029	7850	32215640	7800253257	175542993
GLOBAL	III	9900001	9910000	0.0020663642059686	8536	17730652	8580603530	92185870
GLOBAL	III	9910001	9920000	0.0024846287476809	8067	20174120	8119571191	76702484
GLOBAL	III	9920001	9930000	0.002853934696982	7893	22666232	7942099034	77386291
GLOBAL	III	9930001	9940000	0.0031172322429161	8400	26244056	8419024941	115585059
GLOBAL	III	9940001	9950000	0.0041880576048253	7320	30305356	7236136381	208278794
GLOBAL	III	9950001	9960000	0.0026190345748738	8302	21900912	8362208048	72831502
GLOBAL	III	9960001	9970000	0.002989097991841	8013	22733664	7605526504	535881821
GLOBAL	III	9970001	9980000	0.0039042194783452	8589	33815736	8661330693	65308032
GLOBAL	III	9980001	9990000	0.0029811507046092	7979	23865932	8005610707	101252768
GLOBAL	III	9990001	10000000	0.0029942476718354	8843	26754836	8935411807	49297268
GLOBAL	III	10000001	10010000	0.0038222170256525	8321	31585096	8263553793	190790232
GLOBAL	III	10010001	10020000	0.003506061960355	7944	27912172	7961117720	110184880
GLOBAL	III	10020001	10030000	0.0027317048544872	7192	17944628	6569021529	738230271
GLOBAL	III	10030001	10040000	0.0027243879260211	8587	23514548	8631130602	93476073
GLOBAL	III	10040001	10050000	0.0035099902809824	8126	28392664	8089100461	167118689
GLOBAL	III	10050001	10060000	0.0041085346695681	7792	32205696	7838730494	78136306
GLOBAL	III	10060001	10070000	0.004318266396401	7329	30738892	7118340829	328106396
GLOBAL	III	10070001	10080000	0.0023276790124996	8822	20634532	8864852881	98519669
GLOBAL	III	10080001	10090000	0.0047639703044301	7931	37486580	7868768612	189325663
GLOBAL	III	10090001	10100000	0.00454579145118	8670	39629124	8717761126	91175624
GLOBAL	III	10100001	10110000	0.0028639427446064	8774	25195496	8797485930	117117420
GLOBAL	III	10110001	10120000	0.0047754880013033	7498	31834780	6666288344	951867106
GLOBAL	III	10120001	10130000	0.0040434102109649	8363	33920884	8389177014	107840061
GLOBAL	III	10130001	10140000	0.0031522635969631	7971	25121540	7969365260	129370015
GLOBAL	III	10140001	10150000	0.0018007869211943	8589	15593732	8659398742	67239983
GLOBAL	III	10150001	10160000	0.0026826905989587	8281	22353544	8332509164	81193861
GLOBAL	III	10160001	10170000	0.0021624602897813	8955	19421708	8981301572	117202303
GLOBAL	III	10170001	10180000	0.0026547660186332	8132	21701288	8174463530	87851770
GLOBAL	III	10180001	10190000	0.0023602291846788	8539	20310320	8605232124	70605351
GLOBAL	III	10190001	10200000	0.0036728423378981	8094	28605472	7788374607	435331743
GLOBAL	III	10200001	10210000	0.0042939738505966	8302	35872432	8354133781	80905769
GLOBAL	III	10210001	10220000	0.0038907021583058	7594	29513052	7585533613	130160237
GLOBAL	III	10220001	10230000	0.0030289104914384	8151	24828760	8197257750	84362025
GLOBAL	III	10230001	10240000	0.0022286930300517	8978	19420868	8714016573	407855877
GLOBAL	III	10240001	10250000	0.0023402423029646	7583	16310828	6969717614	734799961
GLOBAL	III	10250001	10260000	0.0028818298635964	8414	21410636	7429528117	1119306233
GLOBAL	III	10260001	10270000	0.0021585899365088	6962	14049980	6508869407	564696643
GLOBAL	III	10270001	10280000	0.0020777475356702	8640	18082276	8702826349	75629651
GLOBAL	III	10280001	10290000	0.0023003682322869	8656	19992544	8691018994	103693406
GLOBAL	III	10290001	10300000	0.0044332762684126	7558	33569044	7572062278	107054672
GLOBAL	III	10300001	10310000	0.0044057853734832	8125	35895708	8147402780	107800345
GLOBAL	III	10310001	10320000	0.004265118833476	8239	35375488	8294138893	76891082
GLOBAL	III	10320001	10330000	0.0019001702577884	8901	16990880	8941767155	101871370
GLOBAL	III	10330001	10340000	0.0022343167282186	4519	9457332	4232762473	358654502
GLOBAL	III	10340001	10350000	0.0024560007165656	8581	21120372	8599497491	119013034
GLOBAL	III	10350001	10360000	0.0024537558874586	8594	21271292	8668870489	62848361
GLOBAL	III	10360001	10370000	0.0026082371099547	8632	22543916	8643353748	126974052
GLOBAL	III	10370001	10380000	0.0039904251871083	7112	26047084	6527395648	698574152
GLOBAL	III	10380001	10390000	0.0045235165912241	7868	35810208	7916453334	77631366
GLOBAL	III	10390001	10400000	0.0049092802646942	8170	39282008	8001581878	299342372
GLOBAL	III	10400001	10410000	0.0035368365146776	8549	29087232	8224081571	461916154
GLOBAL	III	10410001	10420000	0.0039143552359857	7066	25138632	6422164184	757068466
GLOBAL	III	10420001	10430000	0.0034823328844874	8467	29345860	8427069144	175614531
GLOBAL	III	10430001	10440000	0.0036642016220851	7764	26780484	7308681880	579736220
GLOBAL	III	10440001	10450000	0.0036025926751523	7923	28713984	7970366508	79599567
GLOBAL	III	10450001	10460000	0.0029123763310313	8763	25614204	8794949927	108477148
GLOBAL	III	10460001	10470000	0.003477558388567	7874	27553244	7923157837	77023013
GLOBAL	III	10470001	10480000	0.0060884093003827	7441	45296832	7439846726	120395299
GLOBAL	III	10480001	10490000	0.0052612753089562	8421	44507324	8459417420	96529105
GLOBAL	III	10490001	10500000	0.003553268784058	8193	29361392	8263206018	61086807
GLOBAL	III	10500001	10510000	0.0026261182789713	8804	23243444	8850874763	94209337
GLOBAL	III	10510001	10520000	0.0042512849111247	7799	32808080	7717215074	206763901
GLOBAL	III	10520001	10530000	0.0040598838827321	8101	32985688	8124786066	106032459
GLOBAL	III	10530001	10540000	0.0022618596007199	7776	16985372	7509472292	391138108
GLOBAL	III	10540001	10550000	0.0028520127179754	9170	26104456	9152994247	163955003
GLOBAL	III	10550001	10560000	0.002780809872175	6707	14747876	5303446362	1517129463
GLOBAL	III	10560001	10570000	0.0040265835557482	6405	23770728	5903448338	604191787
GLOBAL	III	10570001	10580000	0.0039516162207982	6456	23822432	6028528751	530928649
GLOBAL	III	10580001	10590000	0.0050180396769279	8001	38926432	7757298568	371917457
GLOBAL	III	10590001	10600000	0.0053868960545006	6012	26481592	4915927787	1192414513
GLOBAL	III	10600001	10610000	0.0036195872145764	7119	23395724	6463644226	769437749
GLOBAL	III	10610001	10620000	0.0026537977952581	7115	16212036	6108994449	1120023426
GLOBAL	III	10620001	10630000	0.0023948747570572	7998	19225052	8027581377	98586573
GLOBAL	III	10630001	10640000	0.0030508455421265	7825	23782736	7795457250	154938375
GLOBAL	III	10640001	10650000	0.0037155568063577	7403	27315124	7351556018	170077057
GLOBAL	III	10650001	10660000	0.0035437392171862	7958	28206160	7959434448	126092502
GLOBAL	III	10660001	10670000	0.0032102429433776	8175	25915020	8072603992	233400383
GLOBAL	III	10670001	10680000	0.0025058162284699	7026	17189712	6859925243	278666407
GLOBAL	III	10680001	10690000	0.0022221115686336	7906	17334608	7800962042	231731608
GLOBAL	III	10690001	10700000	0.0016173905719671	5068	7456216	4610028109	539186591
GLOBAL	III	10700001	10710000	NA	0	NA	NA	NA
GLOBAL	III	10710001	10720000	NA	0	NA	NA	NA
GLOBAL	III	10720001	10730000	NA	0	NA	NA	NA
GLOBAL	III	10730001	10740000	0.0062083544607591	418	483792	77925963	371157087
GLOBAL	III	10740001	10750000	0.00089092449945434	428	58268	65401726	369456974
GLOBAL	III	10750001	10760000	0	112	0	126545	113668255
GLOBAL	III	10760001	10770000	0.0031033075783685	4826	13187212	4249405406	653931244
GLOBAL	III	10770001	10780000	0.0032018481656301	6148	16184560	5054755617	1191766083
GLOBAL	III	10780001	10790000	0.003681056281366	6113	20108216	5462621178	748339647
GLOBAL	III	10790001	10800000	0.0044864290625269	6075	15857688	3534590156	2637761719
GLOBAL	III	10800001	10810000	0.0059929247765002	6170	29085216	4853258982	1415615268
GLOBAL	III	10810001	10820000	0.0069741584701695	6814	44753892	6417102822	506091528
GLOBAL	III	10820001	10830000	0.0047075689331591	6579	27877544	5921855717	762572758
GLOBAL	III	10830001	10840000	0.0024302906035381	6694	10169248	4184375311	2616896039
GLOBAL	III	10840001	10850000	0.0057120238596279	5618	30100512	5269675467	438352983
GLOBAL	III	10850001	10860000	0.0052420152194124	6230	19659372	3750346227	2579489523
GLOBAL	III	10860001	10870000	0.0067428011133761	5921	22985296	3408864597	2607019428
GLOBAL	III	10870001	10880000	0.0039365090088757	6584	13565624	3446105158	3243403442
GLOBAL	III	10880001	10890000	0.0055198923592391	5147	16286476	2950506086	2278974589
GLOBAL	III	10890001	10900000	0.0054100772014269	6227	24130272	4460245409	1866542266
GLOBAL	III	10900001	10910000	0.004597438690195	6075	18533712	4031312487	2141039388
GLOBAL	III	10910001	10920000	0.0053407255817813	4864	16978856	3179129079	1762816521
GLOBAL	III	10920001	10930000	0.0031240473543648	4653	10956956	3507295107	1220269218
GLOBAL	III	10930001	10940000	0.0038434825085927	5279	16443108	4278179480	1085416495
GLOBAL	III	10940001	10950000	0.0071872578237698	5873	32528112	4525802858	1441311967
GLOBAL	III	10950001	10960000	0.0048844821317179	7985	38847732	7953295959	159663666
GLOBAL	III	10960001	10970000	0.0055325643051575	7402	40793904	7373417054	147199996
GLOBAL	III	10970001	10980000	0.0054481084138732	7843	42810848	7857928798	110755277
GLOBAL	III	10980001	10990000	0.0034154116497314	8461	29056716	8507529686	89057839
GLOBAL	III	10990001	11000000	0.0030983893840901	8069	25119656	8107327029	90978696
GLOBAL	III	11000001	11010000	0.0041116509078055	8622	35662864	8673611841	86555709
GLOBAL	III	11010001	11020000	0.0049761238309725	8222	40861628	8211537612	142219938
GLOBAL	III	11020001	11030000	0.0051245975576854	7741	39310312	7670907141	194142384
GLOBAL	III	11030001	11040000	0.0031950754705654	3374	6774364	2120251638	1307816712
GLOBAL	III	11040001	11050000	0	81	0	251257	82046768
GLOBAL	III	11050001	11060000	0.0070484244447037	740	262368	37223638	726827162
GLOBAL	III	11060001	11070000	0.0082733948659679	267	7456	901202	270377473
GLOBAL	III	11070001	11080000	0.0050374707810209	495	77612	15406938	487525437
GLOBAL	III	11080001	11090000	0.0027505412491893	3671	5077724	1846081749	1883746026
GLOBAL	III	11090001	11100000	0.0027989183347766	7724	21704248	7754512781	93264319
GLOBAL	III	11100001	11110000	0.003222670736674	8082	26134988	8109729518	101784532
GLOBAL	III	11110001	11120000	0.004370612845894	7636	33412560	7644822632	113544268
GLOBAL	III	11120001	11130000	0.0055812206288045	8124	44880584	8041356360	212830740
GLOBAL	III	11130001	11140000	0.0050569913429713	7227	36118568	7142303704	200508971
GLOBAL	III	11140001	11150000	0.0033246424971007	7868	26155848	7867266337	126818363
GLOBAL	III	11150001	11160000	0.0023858806156603	8533	20378016	8541087876	128653449
GLOBAL	III	11160001	11170000	0.0036365294601288	7293	26253184	7219296389	190573936
GLOBAL	III	11170001	11180000	0.0025622548955299	7371	18901680	7376970977	112149298
GLOBAL	III	11180001	11190000	0.0032444944927644	7529	24161784	7447010329	202641896
GLOBAL	III	11190001	11200000	0.0061738695014139	7173	43835268	7100128694	187818631
GLOBAL	III	11200001	11210000	0.0043344279945999	8722	38079488	8785354849	76415201
GLOBAL	III	11210001	11220000	0.003853985295504	8192	31715340	8229232228	94044572
GLOBAL	III	11220001	11230000	0.0040315854380528	7376	27829724	6902923038	591277362
GLOBAL	III	11230001	11240000	0.0070973258706692	7689	54215216	7638822986	173393239
GLOBAL	III	11240001	11250000	0.0036384310448102	7931	27731888	7621935845	436158430
GLOBAL	III	11250001	11260000	0.0028922078682195	6273	15554628	5378115512	998457388
GLOBAL	III	11260001	11270000	0.0057218556406757	6152	30989716	5416025490	834560310
GLOBAL	III	11270001	11280000	0.0030773502289778	7847	24168024	7853517540	119230635
GLOBAL	III	11280001	11290000	0.0052028660433857	5636	24934044	4792367090	933949810
GLOBAL	III	11290001	11300000	0.0035496828518583	1231	1466876	413241425	837485350
GLOBAL	III	11300001	11310000	0.0043335524828123	940	2660476	613924952	341138548
GLOBAL	III	11310001	11320000	NA	0	NA	NA	NA
GLOBAL	III	11320001	11330000	0.0016083212178122	4004	3787532	2354959916	1714220209
GLOBAL	III	11330001	11340000	0.0058287499903331	7256	41084112	7048528770	323748630
GLOBAL	III	11340001	11350000	0.0049418263171079	7456	35984640	7281648057	293834343
GLOBAL	III	11350001	11360000	0.0050756130339587	6779	32817496	6465720649	421912826
GLOBAL	III	11360001	11370000	0.0030368320316345	8023	24048788	7919037915	232530660
GLOBAL	III	11370001	11380000	0.0021767395589886	7814	17125152	7867340826	71878524
GLOBAL	III	11380001	11390000	0.0023156458198964	8774	20444716	8828947771	85655579
GLOBAL	III	11390001	11400000	0.0031826122670292	7691	24370224	7657302227	156946048
GLOBAL	III	11400001	11410000	0.0034839103506414	7843	27259844	7824496401	144187674
GLOBAL	III	11410001	11420000	0.0025697306890408	7990	20562044	8001633824	116405926
GLOBAL	III	11420001	11430000	0.0028754125920515	8194	23738592	8255716785	69592065
GLOBAL	III	11430001	11440000	0.0024262394876057	8862	21686536	8938332803	65680747
GLOBAL	III	11440001	11450000	0.0020343754796494	8253	16826272	8270976606	114277719
GLOBAL	III	11450001	11460000	0.0050092843943933	7326	36423032	7271104839	172294311
GLOBAL	III	11460001	11470000	0.0054131705816627	6888	34430420	6360490489	637889711
GLOBAL	III	11470001	11480000	0.0050904317595138	7257	35441524	6962380732	410912693
GLOBAL	III	11480001	11490000	0.0040962473845463	7294	29485960	7198285951	214632449
GLOBAL	III	11490001	11500000	0.0033364796889765	7130	21106324	6325926116	918332134
GLOBAL	III	11500001	11510000	0.0048924140400776	7083	33579096	6863502501	333002574
GLOBAL	III	11510001	11520000	0.0047570686618913	7409	34097260	7167703984	360025241
GLOBAL	III	11520001	11530000	0.005343244121657	7750	41187092	7708255708	165938042
GLOBAL	III	11530001	11540000	0.0062201358033233	7781	48472704	7792869084	112821441
GLOBAL	III	11540001	11550000	0.0039276015923707	8059	31520408	8025357781	162787694
GLOBAL	III	11550001	11560000	0.0043424303036584	7665	32934448	7584335429	203496196
GLOBAL	III	11560001	11570000	0.0056772566921768	7542	42823896	7543061433	119799117
GLOBAL	III	11570001	11580000	0.0039685061421349	7409	26872424	6771420539	756308686
GLOBAL	III	11580001	11590000	0.0027638488545005	6835	17100168	6187085076	757445799
GLOBAL	III	11590001	11600000	0.0025516253054682	7578	19238772	7539810786	159626664
GLOBAL	III	11600001	11610000	0.0026366584315514	6915	18153588	6885073843	140739032
GLOBAL	III	11610001	11620000	0.0035677263784067	7733	27512800	7711577930	145343395
GLOBAL	III	11620001	11630000	0.0051934548413478	6112	31183960	6004473121	205471679
GLOBAL	III	11630001	11640000	0.0041315120459728	5233	16831192	4073857661	1243001164
GLOBAL	III	11640001	11650000	0.0049052856682129	6596	31739008	6470368934	231331966
GLOBAL	III	11650001	11660000	0.0033979102416669	7554	25463384	7493836561	181216289
GLOBAL	III	11660001	11670000	0.005505840382388	6092	32659268	5931749875	261938525
GLOBAL	III	11670001	11680000	0.0057921672227565	6513	35904732	6198842440	418528385
GLOBAL	III	11680001	11690000	0.006857668463873	5910	39638188	5780126031	224581719
GLOBAL	III	11690001	11700000	0.0034718088395791	7354	25190416	7255703630	216144220
GLOBAL	III	11700001	11710000	0.0027068324944926	7280	19690984	7274548403	122113597
GLOBAL	III	11710001	11720000	0.004603853353764	7647	35422548	7694108669	75434506
GLOBAL	III	11720001	11730000	0.0059450489206019	6706	38735124	6515526536	297937114
GLOBAL	III	11730001	11740000	0.0061419156790934	6872	40696484	6626024538	356099262
GLOBAL	III	11740001	11750000	0.0033558281542121	7840	25976276	7740645470	224990530
GLOBAL	III	11750001	11760000	0.0027950812249458	7450	20937996	7491015221	78371029
GLOBAL	III	11760001	11770000	0.0061240681006103	7628	46776800	7638190698	112048002
GLOBAL	III	11770001	11780000	0.0060491742271752	7883	47989904	7933298364	76026711
GLOBAL	III	11780001	11790000	0.0044920685750333	7975	35835776	7977566549	125232826
GLOBAL	III	11790001	11800000	0.0041622025966382	8176	34261776	8231645434	75374966
GLOBAL	III	11800001	11810000	0.0046517922535244	6998	32549912	6997284106	112858844
GLOBAL	III	11810001	11820000	0.0052883939397923	6745	34908420	6600949248	252139377
GLOBAL	III	11820001	11830000	0.0040286947572053	6681	26636600	6611719578	176343447
GLOBAL	III	11830001	11840000	0.0043961390228105	6967	30004264	6825139934	254522266
GLOBAL	III	11840001	11850000	0.0050512965950115	7473	37210644	7366552983	226201842
GLOBAL	III	11850001	11860000	0.005134872960834	6574	33086700	6443528448	235819902
GLOBAL	III	11860001	11870000	0.0077262039517231	5182	31065948	4020855286	1244186264
GLOBAL	III	11870001	11880000	0.0077961600412442	6670	51216840	6569495717	207391033
GLOBAL	III	11880001	11890000	0.005692419015426	7179	40769340	7162041285	132002190
GLOBAL	III	11890001	11900000	0.0070878881911028	5884	39991796	5642272412	336018688
GLOBAL	III	11900001	11910000	0.0063047262906277	6298	38872368	6165591686	233333764
GLOBAL	III	11910001	11920000	0.0057451435036187	6914	37399840	6509818245	514978605
GLOBAL	III	11920001	11930000	0.0046192083351202	7353	34020900	7365093222	105738603
GLOBAL	III	11930001	11940000	0.0049405525870874	7097	34505816	6984201745	226527680
GLOBAL	III	11940001	11950000	0.0049380415804586	6509	30982476	6274243644	339063081
GLOBAL	III	11950001	11960000	0.0048191047955008	7218	34722284	7205131549	128536901
GLOBAL	III	11960001	11970000	0.0056743188707334	7019	39363520	6937135698	194343777
GLOBAL	III	11970001	11980000	0.0052842149508806	7902	41904656	7930157344	98472206
GLOBAL	III	11980001	11990000	0.0060379161442369	6877	41326764	6844540900	142663025
GLOBAL	III	11990001	12000000	0.0079713459880794	6664	50747872	6366286456	404504144
GLOBAL	III	12000001	12010000	0.0076237695028194	6353	47688228	6255203280	199603545
GLOBAL	III	12010001	12020000	0.0071984099715074	6117	37739028	5242689448	972335477
GLOBAL	III	12020001	12030000	0.0071894462601276	6267	43239716	6014331902	353096773
GLOBAL	III	12030001	12040000	0.007774055393758	7861	60717240	7810240206	176732319
GLOBAL	III	12040001	12050000	0.0054707160029316	7391	40336268	7373124099	136316676
GLOBAL	III	12050001	12060000	0.0044918191790697	7307	32805212	7303324264	120770411
GLOBAL	III	12060001	12070000	0.0043187199930786	6180	25600784	5927863821	351170679
GLOBAL	III	12070001	12080000	0.0062685700143939	6092	34993708	5582406820	607217480
GLOBAL	III	12080001	12090000	0.005504869163559	5895	30013820	5452231308	570764892
GLOBAL	III	12090001	12100000	0.0077692313772483	5933	44997136	5791710121	236366204
GLOBAL	III	12100001	12110000	0.0060790175527417	5877	30237248	4974035317	997143608
GLOBAL	III	12110001	12120000	0.0071161243364058	4542	31051908	4363598292	251187258
GLOBAL	III	12120001	12130000	0.0069351172215557	7424	51064160	7363128606	179840994
GLOBAL	III	12130001	12140000	0.0064117838083878	7240	45985316	7172000394	184020606
GLOBAL	III	12140001	12150000	0.0061240677021014	6496	38992124	6367030199	233068201
GLOBAL	III	12150001	12160000	0.0051533526391865	8204	41893424	8129353245	206115855
GLOBAL	III	12160001	12170000	0.0057440183763395	7178	40554376	7060279641	232747809
GLOBAL	III	12170001	12180000	0.0059617059027342	7558	45038108	7554567222	124549728
GLOBAL	III	12180001	12190000	0.0061276209115831	7844	47886120	7814798058	154902042
GLOBAL	III	12190001	12200000	0.0056736195737906	7520	42275540	7451246854	189261146
GLOBAL	III	12200001	12210000	0.004169113249444	7650	32107824	7701355679	71235571
GLOBAL	III	12210001	12220000	0.0048382169547522	7524	36270308	7496627030	147945070
GLOBAL	III	12220001	12230000	0.0062551152482534	7295	45839332	7328295352	83607023
GLOBAL	III	12230001	12240000	0.0040008739556465	7418	29413208	7351695736	185177714
GLOBAL	III	12240001	12250000	0.0044945234227159	7860	35574124	7914993572	70962928
GLOBAL	III	12250001	12260000	0.0055902528552911	8190	45965868	8222502486	98742264
GLOBAL	III	12260001	12270000	0.0045516697519334	7598	34644516	7611386126	108371824
GLOBAL	III	12270001	12280000	0.0045757705106443	7535	33770448	7380275720	275472655
GLOBAL	III	12280001	12290000	0.0048421994035481	7790	37708012	7787372815	127461935
GLOBAL	III	12290001	12300000	0.0053033219457627	7993	42502588	8014332985	106754840
GLOBAL	III	12300001	12310000	0.0059247195073085	6901	38410000	6483007331	528581194
GLOBAL	III	12310001	12320000	0.005895182026468	8171	48209736	8177819749	124120526
GLOBAL	III	12320001	12330000	0.0086985936800837	6168	48561360	5582667933	684174267
GLOBAL	III	12330001	12340000	0.0068817349151827	5817	26235672	3812363063	2158815862
GLOBAL	III	12340001	12350000	0.0065012429939788	3705	1992808	306527229	3736236246
GLOBAL	III	12350001	12360000	0.0070878939806422	3411	1869552	263766925	3307560950
GLOBAL	III	12360001	12370000	0.0010864403236785	3409	69304	63789974	3422191801
GLOBAL	III	12370001	12380000	0.0081243963743969	3586	12337268	1518545801	2168608924
GLOBAL	III	12380001	12390000	0.0087144087628086	5526	45650584	5238517637	376036513
GLOBAL	III	12390001	12400000	0.0072820216079895	5267	36484420	5010204853	341198822
GLOBAL	III	12400001	12410000	0.0052126956879865	7819	40777876	7822800033	121499442
GLOBAL	III	12410001	12420000	0.0036158329964852	7688	27898292	7715591961	95608239
GLOBAL	III	12420001	12430000	0.0063032862501032	6909	43401500	6885535303	134181422
GLOBAL	III	12430001	12440000	0.0036361300127437	8025	29009524	7978131667	175468958
GLOBAL	III	12440001	12450000	0.0046964350874076	6461	25637532	5458934601	1105602924
GLOBAL	III	12450001	12460000	0.0058895303455613	5746	26575920	4512400555	1325679095
GLOBAL	III	12460001	12470000	0.0068807771524798	5716	31962764	4645225865	1162373035
GLOBAL	III	12470001	12480000	0.0055171714076099	6333	31271468	5668025459	766460866
GLOBAL	III	12480001	12490000	0.004466596124614	7554	33862884	7581362419	93690431
GLOBAL	III	12490001	12500000	0.0059106943305158	6231	29674656	5020502557	1310349218
GLOBAL	III	12500001	12510000	0.0041098034915894	8177	32657516	7946247568	361788857
GLOBAL	III	12510001	12520000	0.0096435844205663	5708	52209664	5413927200	385543500
GLOBAL	III	12520001	12530000	0.0071681652389256	6394	45586604	6359591678	136872172
GLOBAL	III	12530001	12540000	0.0060706951601682	6446	38255408	6301651951	247645199
GLOBAL	III	12540001	12550000	0.0073900602029089	6158	44771480	6058337655	198344295
GLOBAL	III	12550001	12560000	0.0059533212275023	7131	42161128	7081950795	163323480
GLOBAL	III	12560001	12570000	0.0047239005002223	6490	28150064	5959072169	634930081
GLOBAL	III	12570001	12580000	0.0051551301623407	7503	38753144	7517393893	105841682
GLOBAL	III	12580001	12590000	0.0033360764225349	6409	21031184	6304167332	207536893
GLOBAL	III	12590001	12600000	0.0028581249847396	6625	18970720	6637470405	93695220
GLOBAL	III	12600001	12610000	0.0032030705758372	6837	21085696	6582963285	363599640
GLOBAL	III	12610001	12620000	0.0055209782612902	6518	29930236	5421183454	1201267496
GLOBAL	III	12620001	12630000	0.0046250788114552	7357	33871548	7323453152	151442773
GLOBAL	III	12630001	12640000	0.0040309378070458	7900	31877200	7908134912	118462588
GLOBAL	III	12640001	12650000	0.0040091204296693	7675	30799000	7682233682	115758193
GLOBAL	III	12650001	12660000	0.0059271035771665	8177	48679708	8213068553	94967872
GLOBAL	III	12660001	12670000	0.0057289487330817	7371	42060500	7341748366	147371909
GLOBAL	III	12670001	12680000	0.0072553678165534	6849	48791108	6724829014	233926211
GLOBAL	III	12680001	12690000	0.0051608253426343	6297	32186264	6236650509	161258916
GLOBAL	III	12690001	12700000	0.005053606460946	7076	35348780	6994763101	194629799
GLOBAL	III	12700001	12710000	0.0033925979830767	7547	25555668	7532772267	135168408
GLOBAL	III	12710001	12720000	0.0029832484917088	7179	20541816	6885720736	408322739
GLOBAL	III	12720001	12730000	0.0053372524496281	6408	27185168	5093476139	1417212061
GLOBAL	III	12730001	12740000	0.0077091705124187	7227	54115368	7019609686	323202989
GLOBAL	III	12740001	12750000	0.0035041949499386	6888	23945248	6833309317	165070883
GLOBAL	III	12750001	12760000	0.0036109072823235	6918	25014904	6927595212	101265738
GLOBAL	III	12760001	12770000	0.0042647610862865	7256	30889344	7242924838	129352562
GLOBAL	III	12770001	12780000	0.0036084124373174	5632	18044948	5000799746	721453054
GLOBAL	III	12780001	12790000	0.005110484851377	6027	30632524	5994054359	129528316
GLOBAL	III	12790001	12800000	0.0045179554608132	7557	34069804	7540978280	137122645
GLOBAL	III	12800001	12810000	0.0097171394312372	5264	49869496	5132116952	216238648
GLOBAL	III	12810001	12820000	0.0051453296540337	7040	33997232	6607396277	545419723
GLOBAL	III	12820001	12830000	0.0055531396353213	7410	41039680	7390356212	138389038
GLOBAL	III	12830001	12840000	0.0063207064570555	6085	36692640	5805148562	377363563
GLOBAL	III	12840001	12850000	0.0060542960487921	6087	34395792	5681220694	503323481
GLOBAL	III	12850001	12860000	0.0058794607472047	6777	34572388	5880197094	1005404331
GLOBAL	III	12860001	12870000	0.0076481268386714	6273	43411460	5676090488	697434337
GLOBAL	III	12870001	12880000	0.0032006937372238	6855	21411100	6689518510	275332865
GLOBAL	III	12880001	12890000	0.0047743588525414	6006	28310984	5929798089	172448061
GLOBAL	III	12890001	12900000	0.0040249286875149	5832	21736252	5400406737	525051063
GLOBAL	III	12900001	12910000	0.0043116718368436	6487	26470820	6139340145	451614030
GLOBAL	III	12910001	12920000	0.0041235055951159	6316	25697660	6231993484	185220416
GLOBAL	III	12920001	12930000	0.0041541767960275	6805	28255588	6801729774	112320351
GLOBAL	III	12930001	12940000	0.0035338888044012	5597	16709256	4728291388	963480662
GLOBAL	III	12940001	12950000	0.0031754449997909	6456	20357712	6410979249	148478151
GLOBAL	III	12950001	12960000	0.0045221966345708	6632	28607364	6325988521	412289279
GLOBAL	III	12960001	12970000	0.0037176930537293	7306	26968348	7254054493	169024157
GLOBAL	III	12970001	12980000	0.0039036988293083	7775	30175068	7729865781	169728594
GLOBAL	III	12980001	12990000	0.0044980761977465	7007	29534976	6566135099	553152076
GLOBAL	III	12990001	13000000	0.0044417130540687	6952	29887844	6728900232	334505568
GLOBAL	III	13000001	13010000	0.0047054024269702	6193	28779912	6116355072	175887753
GLOBAL	III	13010001	13020000	0.0076179849482937	5869	43589508	5721920993	241129732
GLOBAL	III	13020001	13030000	0.0091601824505759	6511	34270596	3741256922	2874081853
GLOBAL	III	13030001	13040000	0.0086254094320016	6133	47633300	5522439297	708842028
GLOBAL	III	13040001	13050000	0.0069719884812407	5529	37798424	5421469657	196132568
GLOBAL	III	13050001	13060000	0.012263079191092	6022	72849100	5940522675	177979875
GLOBAL	III	13060001	13070000	0.0070975683721651	5043	34851388	4910327900	213486175
GLOBAL	III	13070001	13080000	0.0086415722109098	5749	49100300	5681871169	159256556
GLOBAL	III	13080001	13090000	0.0053099578001606	5896	31157704	5867787499	122695901
GLOBAL	III	13090001	13100000	0.0065241990504739	6852	44193176	6773732018	188071282
GLOBAL	III	13100001	13110000	0.0085511002857819	6151	52578056	6148688969	100880806
GLOBAL	III	13110001	13120000	0.0066463635667057	5447	34086676	5128620434	405667741
GLOBAL	III	13120001	13130000	0.0082041763171549	5099	40388392	4922906388	257805087
GLOBAL	III	13130001	13140000	0.011182554414854	5532	60770964	5434443844	186206456
GLOBAL	III	13140001	13150000	0.010236417937075	5661	57323676	5599974166	151743359
GLOBAL	III	13150001	13160000	0.0069188147404692	5561	37987724	5490495905	159619120
GLOBAL	III	13160001	13170000	0.00730102819593	5691	36115656	4946653407	835544868
GLOBAL	III	13170001	13180000	0.010618478125069	6455	67664628	6372347073	186094302
GLOBAL	III	13180001	13190000	0.0076298320114801	5877	44177028	5790039405	181139520
GLOBAL	III	13190001	13200000	0.0070068568256126	5538	36714456	5239789668	386956782
GLOBAL	III	13200001	13210000	0.0064634099475098	5610	35087372	5428616208	271284042
GLOBAL	III	13210001	13220000	0.0075625561875911	6042	44795648	5923347462	215475588
GLOBAL	III	13220001	13230000	0.0079029657464092	6710	47973136	6070270015	747257735
GLOBAL	III	13230001	13240000	0.0055765766116543	6666	33567228	6019325177	753497473
GLOBAL	III	13240001	13250000	0.0075454787734068	6717	49768752	6595837520	228802405
GLOBAL	III	13250001	13260000	0.0051794372928921	6416	32937108	6359205863	159610537
GLOBAL	III	13260001	13270000	0.0088150373310886	6495	56625956	6423790833	175291542
GLOBAL	III	13270001	13280000	0.0074578625826931	5309	39378824	5280175595	113901130
GLOBAL	III	13280001	13290000	0.0059287288510143	6785	40095620	6762937049	130792576
GLOBAL	III	13290001	13300000	0.005759613744156	6152	35325044	6133231423	117354377
GLOBAL	III	13300001	13310000	0.0043188418176563	7195	31002444	7178416184	131883691
GLOBAL	III	13310001	13320000	0.0072115633062049	6010	42948212	5955464880	150845370
GLOBAL	III	13320001	13330000	0.0036129257337621	7032	25329572	7010820002	133867798
GLOBAL	III	13330001	13340000	0.0049260841851472	5618	25822136	5241919348	466109102
GLOBAL	III	13340001	13350000	0.0034291987635423	7108	24332952	7095812660	126093040
GLOBAL	III	13350001	13360000	0.0062720545243096	6006	36310748	5789290871	312955279
GLOBAL	III	13360001	13370000	0.0062873577729222	6996	43686208	6948261826	159849074
GLOBAL	III	13370001	13380000	0.0061911570571358	6993	39166432	6326189376	778873449
GLOBAL	III	13380001	13390000	0.0062076714042017	6520	39792216	6410167905	214315095
GLOBAL	III	13390001	13400000	0.0065602916075163	6857	44922020	6847564512	119318913
GLOBAL	III	13400001	13410000	0.0080800168147201	6282	49956988	6182782678	199886372
GLOBAL	III	13410001	13420000	0.0055676126194279	5779	31858776	5722161037	149447438
GLOBAL	III	13420001	13430000	0.0050598206713929	7443	37450736	7401593541	160680534
GLOBAL	III	13430001	13440000	0.0060487968007949	6467	38851352	6422988452	147645223
GLOBAL	III	13440001	13450000	0.0057750130695025	6617	36462388	6313819131	409218294
GLOBAL	III	13450001	13460000	0.0077504496703571	6352	48641940	6276015208	177775592
GLOBAL	III	13460001	13470000	0.0071832509240775	5360	37213552	5180600315	265293685
GLOBAL	III	13470001	13480000	0.0072895452560738	5826	41243848	5657945256	261416394
GLOBAL	III	13480001	13490000	0.0084720034703858	5948	49965456	5897714298	145602402
GLOBAL	III	13490001	13500000	0.0056332870007494	6772	38211532	6783167979	97353321
GLOBAL	III	13500001	13510000	0.0076044877634246	6019	42405404	5576365604	539088871
GLOBAL	III	13510001	13520000	0.0065920228193001	6504	41513144	6297481841	310744759
GLOBAL	III	13520001	13530000	0.00611995780328	5257	27078196	4424572337	916671088
GLOBAL	III	13530001	13540000	0.0070078049508905	4644	27828024	3971004358	762656117
GLOBAL	III	13540001	13550000	0.0097431682974299	6921	64436424	6613497995	418411030
GLOBAL	III	13550001	13560000	0.0074364355573483	5212	31162316	4190490963	1122303762
GLOBAL	III	13560001	13570000	0.010336161802756	2697	11596188	1121904651	1628475024
GLOBAL	III	13570001	13580000	0.007717393869907	6325	47568452	6163797365	262560760
GLOBAL	III	13580001	13590000	0.0086233888554059	5050	37295172	4324885799	806040451
GLOBAL	III	13590001	13600000	0.0067852457258487	5986	34472340	5080485128	1002456547
GLOBAL	III	13600001	13610000	0.0069919522754324	5985	41195256	5891810238	189099387
GLOBAL	III	13610001	13620000	0.0050921524332645	6621	33627448	6603778744	123322781
GLOBAL	III	13620001	13630000	0.0049614290448364	5532	23223680	4680844932	943869468
GLOBAL	III	13630001	13640000	0.0046106371007005	6652	30443480	6602879241	155719059
GLOBAL	III	13640001	13650000	0.0055643671086986	6112	31584812	5676263155	533681645
GLOBAL	III	13650001	13660000	0.005976429788522	5185	29948300	5011068658	257020967
GLOBAL	III	13660001	13670000	0.0069745171818414	6216	42685092	6120150096	195461304
GLOBAL	III	13670001	13680000	0.0057672582300174	6599	35741840	6197371190	507377785
GLOBAL	III	13680001	13690000	0.0044003751490758	7147	30888976	7019623317	241907358
GLOBAL	III	13690001	13700000	0.0061800147004977	5828	35234636	5701383849	220009851
GLOBAL	III	13700001	13710000	0.0066626510293886	7906	52743208	7916249518	116444132
GLOBAL	III	13710001	13720000	0.0056909270064741	6932	35491656	6236533338	806551962
GLOBAL	III	13720001	13730000	0.0068890009916728	7177	48493812	7039309772	252701653
GLOBAL	III	13730001	13740000	0.0051649839229138	7798	39321176	7613029699	309933251
GLOBAL	III	13740001	13750000	0.0052493330599749	7246	37726288	7186872612	175244538
GLOBAL	III	13750001	13760000	0.0056861737371498	7042	40032916	7040396205	114451845
GLOBAL	III	13760001	13770000	0.0053638957842462	7319	39452588	7355211508	81075467
GLOBAL	III	13770001	13780000	0.0047805634824661	7001	33055576	6914577355	198613670
GLOBAL	III	13780001	13790000	0.0057464258652524	6668	37336240	6497297777	277556923
GLOBAL	III	13790001	13800000	0.0064387726266082	7384	47447216	7368984549	133344051
GLOBAL	III	13800001	13810000	0.006602729727706	7189	47371340	7174508416	129695309
GLOBAL	III	13810001	13820000	0.0046993180028934	7139	33233064	7071890853	181511622
GLOBAL	III	13820001	13830000	0.0059212106992669	5605	30112344	5085504558	609315567
GLOBAL	III	13830001	13840000	0.0047158428715894	6833	31803412	6743950735	198548090
GLOBAL	III	13840001	13850000	0.0053781386835256	5940	31437016	5845333832	189854668
GLOBAL	III	13850001	13860000	0.0065761506402668	7308	47839980	7274769484	150341216
GLOBAL	III	13860001	13870000	0.0078620385232508	6644	51529512	6554217694	196252406
GLOBAL	III	13870001	13880000	0.0048247583711398	4965	23494588	4869588525	175991625
GLOBAL	III	13880001	13890000	0.0056964866796224	6353	35768596	6279062519	175744306
GLOBAL	III	13890001	13900000	0.0067214026915985	6913	46002972	6844251730	179529095
GLOBAL	III	13900001	13910000	0.007767869235909	6863	52518932	6761047387	211932188
GLOBAL	III	13910001	13920000	0.0080459830802748	7585	61012660	7582996309	123553316
GLOBAL	III	13920001	13930000	0.0073470591572376	6521	47895808	6519044828	106454197
GLOBAL	III	13930001	13940000	0.0042336549445461	6333	26622016	6288187476	146298849
GLOBAL	III	13940001	13950000	0.0082057618906762	6231	50561420	6161697192	169154583
GLOBAL	III	13950001	13960000	0.0065480221841729	5599	36102560	5513506061	175217914
GLOBAL	III	13960001	13970000	0.0042463381966111	5594	22913896	5396154272	287489578
GLOBAL	III	13970001	13980000	0.0058412172976585	5252	29524408	5054495749	281667551
GLOBAL	III	13980001	13990000	0.0090937388817708	4762	39452624	4338438184	499872866
GLOBAL	III	13990001	14000000	0.0073313568185637	5923	41888064	5713548670	304367405
GLOBAL	III	14000001	14010000	0.0054357067643743	2119	6425716	1182130729	1004355071
GLOBAL	III	14010001	14020000	0.0035267533618609	1127	644432	182726699	969445651
GLOBAL	III	14020001	14030000	0.0066054545082421	4567	23909836	3619710948	1020475227
GLOBAL	III	14030001	14040000	0.00579145446807	6000	33733312	5824670156	271479844
GLOBAL	III	14040001	14050000	0.0043512525907736	7337	31922344	7336357367	118218058
GLOBAL	III	14050001	14060000	0.0031415567289895	8168	25737748	8192673321	106218879
GLOBAL	III	14060001	14070000	0.0036248651093709	6746	24224424	6682848401	171256249
GLOBAL	III	14070001	14080000	0.0069275215529962	7292	50305912	7261747454	147106846
GLOBAL	III	14080001	14090000	0.0042162534286646	7430	31189532	7397451915	151613835
GLOBAL	III	14090001	14100000	0.0067663479433421	5757	38402468	5675508904	173747021
GLOBAL	III	14100001	14110000	0.0067997555593462	6175	41727488	6136615888	137338487
GLOBAL	III	14110001	14120000	0.0079301726974284	6644	51403772	6482049504	268420596
GLOBAL	III	14120001	14130000	0.0071681753977492	5431	38040528	5306863447	211168328
GLOBAL	III	14130001	14140000	0.0043846175353953	6666	28532020	6507299615	265523035
GLOBAL	III	14140001	14150000	0.0037036629543036	7493	27798836	7505768301	107307024
GLOBAL	III	14150001	14160000	0.0041081531455167	5286	19738868	4804803351	565904799
GLOBAL	III	14160001	14170000	0.0033203899171354	7521	24963196	7518151971	123372054
GLOBAL	III	14170001	14180000	0.0033864007506806	6774	22902756	6763155836	119397514
GLOBAL	III	14180001	14190000	0.0048632576597689	7023	32263428	6634118580	501424995
GLOBAL	III	14190001	14200000	0.0063682020226397	6499	40952304	6430748248	172398227
GLOBAL	III	14200001	14210000	0.0040559546343178	6203	20953580	5166127802	1136275273
GLOBAL	III	14210001	14220000	0.0033527950030821	6834	21806148	6503871540	439643310
GLOBAL	III	14220001	14230000	0.0060642239102807	7323	44170600	7283800970	156550105
GLOBAL	III	14230001	14240000	0.0062258057098949	6398	39472620	6340162517	160365433
GLOBAL	III	14240001	14250000	0.0051749522699229	6376	32605692	6300674924	177500476
GLOBAL	III	14250001	14260000	0.0069993439761901	6615	42320040	6046286644	674718731
GLOBAL	III	14260001	14270000	0.0048062232082367	7774	37228800	7745957353	152620997
GLOBAL	III	14270001	14280000	0.0034910632300664	7643	26796648	7675784205	89694870
GLOBAL	III	14280001	14290000	0.0035768198828917	7392	26507652	7410955225	99501575
GLOBAL	III	14290001	14300000	0.0046205650731522	6954	31877512	6899050548	166387302
GLOBAL	III	14300001	14310000	0.0032545596963497	7548	24500356	7528009404	140947296
GLOBAL	III	14310001	14320000	0.0033057584483306	7692	25217460	7628343206	186921094
GLOBAL	III	14320001	14330000	0.0025676282331744	6899	15314212	5964341645	1045214830
GLOBAL	III	14330001	14340000	0.0029326965806136	8149	23814740	8120424103	159163622
GLOBAL	III	14340001	14350000	0.0024216558572229	6957	16915852	6985241916	83244009
GLOBAL	III	14350001	14360000	0.0037802804086855	7686	29068420	7689487778	119680372
GLOBAL	III	14360001	14370000	0.0035887984844034	8031	28877176	8046474642	113222133
GLOBAL	III	14370001	14380000	0.0033413778529751	7519	24386660	7298384401	341107574
GLOBAL	III	14380001	14390000	0.0028931912164311	7058	20128892	6957332058	213772392
GLOBAL	III	14390001	14400000	0.0024641566371325	7026	15849208	6431899564	706692086
GLOBAL	III	14400001	14410000	0.0024140538842053	9064	21996328	9111780041	97470559
GLOBAL	III	14410001	14420000	0.003116530022618	7958	24840356	7970517152	115009798
GLOBAL	III	14420001	14430000	0.0029710810190691	8165	24423072	8220264558	75579567
GLOBAL	III	14430001	14440000	0.0018397269300307	8341	15403228	8372562117	102102408
GLOBAL	III	14440001	14450000	0.0016403444888684	8848	14630892	8919402052	70387148
GLOBAL	III	14450001	14460000	0.001691133094597	8264	14057596	8312530838	83899762
GLOBAL	III	14460001	14470000	0.0023323331117797	8214	19339004	8291698944	53930406
GLOBAL	III	14470001	14480000	0.0033685864288187	7483	25325160	7518037769	84877306
GLOBAL	III	14480001	14490000	0.0024883344598598	8101	20200104	8117921576	112896949
GLOBAL	III	14490001	14500000	0.0028827706295831	7603	20796104	7213929470	513956680
GLOBAL	III	14500001	14510000	0.0031020217961356	8456	25598336	8252145756	339361644
GLOBAL	III	14510001	14520000	0.003931216190733	7791	30654740	7797775170	118075605
GLOBAL	III	14520001	14530000	0.0034705719360184	7481	25763184	7423325168	177557857
GLOBAL	III	14530001	14540000	0.0021822143083307	7894	16358748	7496398469	533247106
GLOBAL	III	14540001	14550000	0.0022551824996291	8501	19199296	8513411222	123817303
GLOBAL	III	14550001	14560000	0.001812266014996	8732	15931636	8791003014	80927286
GLOBAL	III	14560001	14570000	0.0026383987697898	5974	14267972	5407814832	661918518
GLOBAL	III	14570001	14580000	0.0024280444663378	8205	19820516	8163160220	173324905
GLOBAL	III	14580001	14590000	0.0028824690649942	6342	17908988	6213072056	230558494
GLOBAL	III	14590001	14600000	0.0025790289327576	8382	21782556	8446030102	70291448
GLOBAL	III	14600001	14610000	0.0019781965546043	8895	17749032	8972329852	65212523
GLOBAL	III	14610001	14620000	0.0018200869772388	7940	14512128	7973315661	93922839
GLOBAL	III	14620001	14630000	0.0013831797037987	8306	11461540	8286370866	152732784
GLOBAL	III	14630001	14640000	0.0019217179160827	7932	14607132	7601080199	469206376
GLOBAL	III	14640001	14650000	0.0018119274406066	9196	16868832	9309882737	33483163
GLOBAL	III	14650001	14660000	0.0026038667725176	8761	23017692	8839811715	61583310
GLOBAL	III	14660001	14670000	0.0019889346869271	8943	17914400	9007032819	79278756
GLOBAL	III	14670001	14680000	0.0020317084581586	7601	15560712	7658929576	63876449
GLOBAL	III	14680001	14690000	0.0020533099121759	9252	19232888	9366773075	33490225
GLOBAL	III	14690001	14700000	0.0021507340946062	8934	19309052	8977889014	99278336
GLOBAL	III	14700001	14710000	0.002227345895233	8753	19678004	8834731975	58534850
GLOBAL	III	14710001	14720000	0.0017882516666191	8045	10474376	5857327688	2316593437
GLOBAL	III	14720001	14730000	0.0018217109944821	9275	17113472	9394175065	29456810
GLOBAL	III	14730001	14740000	0.0019962763234469	8864	17926804	8980121534	25924066
GLOBAL	III	14740001	14750000	0.0021056951360157	8380	17661376	8387432586	126856914
GLOBAL	III	14750001	14760000	0.0026462726355859	8610	22950060	8672598466	75376784
GLOBAL	III	14760001	14770000	0.0023842838418114	8848	21333420	8947516913	42272287
GLOBAL	III	14770001	14780000	0.00243974645603	6712	15083144	6182258801	638317024
GLOBAL	III	14780001	14790000	0.0026043464661844	503	149336	57341065	453719510
GLOBAL	III	14790001	14800000	0.008416274538546	305	592760	70430212	239457413
GLOBAL	III	14800001	14810000	0.0012620707868504	821	15388	12192660	821963865
GLOBAL	IV	1	10000	8.3426894456315e-06	1050	624	74796024	1000158426
GLOBAL	IV	10001	20000	0.0014546332324279	2897	618976	425520321	2517904104
GLOBAL	IV	20001	30000	0.00080340255593924	7062	1809864	2252748621	4927500054
GLOBAL	IV	30001	40000	0.00091400882802724	3042	633788	693415622	2397332428
GLOBAL	IV	40001	50000	0.0040129929408621	6751	21527880	5364544697	1494640078
GLOBAL	IV	50001	60000	0.006621688240594	8469	56762348	8572186720	32529005
GLOBAL	IV	60001	70000	0.0050727606008051	7730	39172328	7722092778	131780472
GLOBAL	IV	70001	80000	0.0067334523194449	9020	61453844	9126647236	37898264
GLOBAL	IV	80001	90000	0.007424493315975	8195	60983896	8213879844	112445031
GLOBAL	IV	90001	100000	0.00626762790843	8557	54170348	8642878740	51247185
GLOBAL	IV	100001	110000	0.0051959344537915	7923	40877564	7867220875	182745200
GLOBAL	IV	110001	120000	0.0042503208666043	8659	36918700	8686097158	111663317
GLOBAL	IV	120001	130000	0.0057712217825241	8363	47326880	8200495802	296521273
GLOBAL	IV	130001	140000	0.0043854793536087	8405	36844564	8401490699	138199426
GLOBAL	IV	140001	150000	0.0037697954506163	9316	35499488	9416820744	48468156
GLOBAL	IV	150001	160000	0.0034680297264987	9378	32773012	9450037798	78244652
GLOBAL	IV	160001	170000	0.0037800457750091	9065	34674360	9173000028	37266597
GLOBAL	IV	170001	180000	0.003624413565622	8489	31071996	8572971996	52064229
GLOBAL	IV	180001	190000	0.0023701307979068	8968	21510768	9075772535	35939665
GLOBAL	IV	190001	200000	0.0026443742237784	8617	22410728	8474870084	280217341
GLOBAL	IV	200001	210000	0.0025043416719786	5516	13171492	5259462855	344931045
GLOBAL	IV	210001	220000	0.0025204808459316	6832	16693296	6623060051	318422749
GLOBAL	IV	220001	230000	0.0025848012742528	8819	23011696	8902694466	57630009
GLOBAL	IV	230001	240000	0.0035754713301893	7923	28183928	7882576980	167389095
GLOBAL	IV	240001	250000	0.0027763228268371	8825	24775112	8923714404	42706221
GLOBAL	IV	250001	260000	0.0032028484550371	7987	24252484	7572160950	542830725
GLOBAL	IV	260001	270000	0.0035398429146445	8030	28544668	8063823364	94857386
GLOBAL	IV	270001	280000	0.0033211443688454	8203	27055800	8146529327	187923748
GLOBAL	IV	280001	290000	0.0031274162785992	8081	25490584	8150684696	59813329
GLOBAL	IV	290001	300000	0.0027278737530994	8469	23256924	8525659948	79055777
GLOBAL	IV	300001	310000	0.0024393992846714	8276	19455732	7975624213	432998687
GLOBAL	IV	310001	320000	0.0027152068611442	7219	18392592	6773919241	560765234
GLOBAL	IV	320001	330000	0.0031135073185799	8291	23865048	7665004626	758858649
GLOBAL	IV	330001	340000	0.0028247913962489	8384	23311488	8252463538	265890062
GLOBAL	IV	340001	350000	0.0077032698650949	6853	49252452	6393707200	569112125
GLOBAL	IV	350001	360000	0.0079992640831721	6939	53602344	6700909414	349288061
GLOBAL	IV	360001	370000	0.007330356504524	7111	51799808	7066478686	158475089
GLOBAL	IV	370001	380000	0.0061915384934192	8207	50947692	8228599734	109917441
GLOBAL	IV	380001	390000	0.0050620602863702	5289	23440616	4630647340	743108885
GLOBAL	IV	390001	400000	0.0055135354391754	7507	41380800	7505311330	121988345
GLOBAL	IV	400001	410000	0.0076512788377352	7733	59075132	7720948779	135972546
GLOBAL	IV	410001	420000	0.010018161082608	6010	55742144	5564109375	542200875
GLOBAL	IV	420001	430000	0.0069037003809193	7124	45140868	6538648190	699513910
GLOBAL	IV	430001	440000	0.004081718203279	7013	27829556	6818098314	307285011
GLOBAL	IV	440001	450000	0.004469588425456	7978	35768796	8002704633	103142817
GLOBAL	IV	450001	460000	0.0041780981523264	6534	25065168	5999181227	639526123
GLOBAL	IV	460001	470000	0.0037071928463396	8117	30207080	8148235404	98839521
GLOBAL	IV	470001	480000	0.0035410711871702	7515	26606360	7513647310	121780565
GLOBAL	IV	480001	490000	0.0053913822283545	5634	28812740	5344221348	380063502
GLOBAL	IV	490001	500000	0.0031365228932723	7794	24433388	7789960039	128938811
GLOBAL	IV	500001	510000	0.0057201524635239	6229	34364480	6007616094	321203631
GLOBAL	IV	510001	520000	0.0050781528495605	6679	29601064	5829100635	956930340
GLOBAL	IV	520001	530000	0.004645297439407	7051	32082664	6906482183	257510092
GLOBAL	IV	530001	540000	0.0063500068105162	7319	46298064	7291025881	145261094
GLOBAL	IV	540001	550000	0.0069960877003875	7110	49958532	7140924205	83013545
GLOBAL	IV	550001	560000	0.0044994692718663	7518	33729708	7496374786	142101164
GLOBAL	IV	560001	570000	0.0039137612731104	7650	29349364	7499017429	273573821
GLOBAL	IV	570001	580000	0.005395431975148	7429	39269876	7278356243	269693482
GLOBAL	IV	580001	590000	0.0043033021958149	7592	32828612	7628702449	84959351
GLOBAL	IV	590001	600000	0.0084202280699031	6787	56084548	6660692268	235069407
GLOBAL	IV	600001	610000	0.0081425209252776	5866	46200436	5673972032	286030618
GLOBAL	IV	610001	620000	0.0074452413650803	5739	42254656	5675391022	155576453
GLOBAL	IV	620001	630000	0.0071446970093801	5516	34180064	4783976697	820417203
GLOBAL	IV	630001	640000	0.0074844604708926	6378	41685684	5569631126	910576324
GLOBAL	IV	640001	650000	0.0057518192373697	4881	26109732	4539386744	419831281
GLOBAL	IV	650001	660000	0.0034484577980468	7310	24510640	7107710587	319432163
GLOBAL	IV	660001	670000	0.0050803718209993	6146	30335472	5971112562	273377088
GLOBAL	IV	670001	680000	0.0030552988098958	7260	22152104	7250388711	125952789
GLOBAL	IV	680001	690000	0.0045730712139523	5052	17414036	3807952071	1325006229
GLOBAL	IV	690001	700000	0.0049595991836775	7313	33660888	6787017812	643173013
GLOBAL	IV	700001	710000	0.0044913181882379	6668	29792628	6633381727	141472973
GLOBAL	IV	710001	720000	0.0068433131552157	5784	33626708	4913805234	962883366
GLOBAL	IV	720001	730000	0.0045409509378116	5475	22917232	5046791369	515945506
GLOBAL	IV	730001	740000	0.0049729942699298	6081	30037820	6040187937	138260088
GLOBAL	IV	740001	750000	0.0043133552994598	7555	32639000	7566963010	109105865
GLOBAL	IV	750001	760000	0.0039223129069166	6578	25639240	6536765579	146646871
GLOBAL	IV	760001	770000	0.0039623504956845	5561	21047172	5311789561	338325464
GLOBAL	IV	770001	780000	0.0063281462319267	5054	30590708	4834070971	300919379
GLOBAL	IV	780001	790000	0.0068329358981864	6065	40900508	5985788336	176403289
GLOBAL	IV	790001	800000	0.0026784970409391	7350	19660784	7340229875	127553875
GLOBAL	IV	800001	810000	0.002376901947325	7081	16442392	6917572691	276900334
GLOBAL	IV	810001	820000	0.0031554923288745	4414	11054892	3503381041	998625734
GLOBAL	IV	820001	830000	0.0046496550004836	7143	32918148	7079696880	177769695
GLOBAL	IV	830001	840000	0.00440603234212	6364	27576616	6258831951	207151149
GLOBAL	IV	840001	850000	0.0033556294935063	7621	25633484	7638949428	104177097
GLOBAL	IV	850001	860000	0.0069127377460028	6580	45065112	6519140991	166303509
GLOBAL	IV	860001	870000	0.0070427468791089	7130	49199520	6985842434	258415816
GLOBAL	IV	870001	880000	0.0056943729857561	6489	35093776	6162886781	430099444
GLOBAL	IV	880001	890000	0.0052877722385189	5723	16631908	3145352570	2669358505
GLOBAL	IV	890001	900000	0.0035008006556878	7338	25737840	7351986740	103604710
GLOBAL	IV	900001	910000	0.0055700674494176	6905	37924744	6808668718	206983907
GLOBAL	IV	910001	920000	0.0046467970230021	7359	33584176	7227381750	249546225
GLOBAL	IV	920001	930000	0.0063695956907518	6245	38633348	6065274764	279801361
GLOBAL	IV	930001	940000	0.0062756613927102	6304	38638232	6156838233	248183367
GLOBAL	IV	940001	950000	0.0079329062835616	5262	37304380	4702485907	643837643
GLOBAL	IV	950001	960000	0.006410594931268	6829	42642268	6651842529	286592196
GLOBAL	IV	960001	970000	0.0067371005831702	6409	42690708	6336658845	175045380
GLOBAL	IV	970001	980000	0.0052275570154811	7726	40239148	7697505332	152303818
GLOBAL	IV	980001	990000	0.007587506286732	7455	56672576	7469196579	105269796
GLOBAL	IV	990001	1000000	0.0047761861512078	6670	30507060	6387326422	389560328
GLOBAL	IV	1000001	1010000	0.005881514618502	6719	38656920	6572613095	254058880
GLOBAL	IV	1010001	1020000	0.0052873523845126	6039	29969660	5668179047	467595928
GLOBAL	IV	1020001	1030000	0.0054345946313884	7316	39426308	7254691596	178547304
GLOBAL	IV	1030001	1040000	0.0060274929284992	7051	41958504	6961186765	202805510
GLOBAL	IV	1040001	1050000	0.003481348965916	6861	21487460	6172164931	798782594
GLOBAL	IV	1050001	1060000	0.0031605377603745	7612	23085044	7304150670	429831630
GLOBAL	IV	1060001	1070000	0.0034258373576711	7488	25472212	7435324372	172670828
GLOBAL	IV	1070001	1080000	0.0046327727297339	6787	27662072	5970953814	929887986
GLOBAL	IV	1080001	1090000	0.010332037408065	5138	31279052	3027384703	2192951747
GLOBAL	IV	1090001	1100000	0.0063783667081698	7580	47575304	7458853681	242615819
GLOBAL	IV	1100001	1110000	0.0079912287412495	6667	50880040	6366985810	406852865
GLOBAL	IV	1110001	1120000	0.0067225881891886	7111	47363628	7045445395	179508380
GLOBAL	IV	1120001	1130000	0.0076058989032024	6479	42952308	5647236250	935589725
GLOBAL	IV	1130001	1140000	0.0030940936505428	5939	18201772	5882747601	151424874
GLOBAL	IV	1140001	1150000	0.0043188413623469	5710	24107708	5581985069	219517681
GLOBAL	IV	1150001	1160000	0.0058698327470891	7037	41290288	7034321041	115446884
GLOBAL	IV	1160001	1170000	0.0042265788221885	7204	30414868	7196096247	123347853
GLOBAL	IV	1170001	1180000	0.00495077456211	5872	28576656	5772158607	193940193
GLOBAL	IV	1180001	1190000	0.0042003694435439	6707	27781148	6613977264	200502411
GLOBAL	IV	1190001	1200000	0.0038989566488522	6980	27088236	6947560191	144294309
GLOBAL	IV	1200001	1210000	0.0031366883103027	6639	17658528	5629672525	1115717450
GLOBAL	IV	1210001	1220000	0.0046047904544894	6668	30253292	6569960631	204894069
GLOBAL	IV	1220001	1230000	0.0056963007605916	5606	31841268	5589815099	106021051
GLOBAL	IV	1230001	1240000	0.0062550764606696	7002	42895260	6857671568	256535482
GLOBAL	IV	1240001	1250000	0.0057980500220608	6564	34554476	5959671936	709516164
GLOBAL	IV	1250001	1260000	0.0063939201171059	7571	44483460	6957149790	735175485
GLOBAL	IV	1260001	1270000	0.0044688167953413	6220	26808344	5998980318	320695182
GLOBAL	IV	1270001	1280000	0.0057836818199627	6220	34518060	5968181009	351494491
GLOBAL	IV	1280001	1290000	0.0061044214472636	6942	39455456	6463422675	589822875
GLOBAL	IV	1290001	1300000	0.0056242882357392	7633	42568396	7568672553	186646272
GLOBAL	IV	1300001	1310000	0.0046933816825915	7192	33143180	7061684355	245567445
GLOBAL	IV	1310001	1320000	0.0081292154701956	7229	58607860	7209534575	135310150
GLOBAL	IV	1320001	1330000	0.0096959026466759	6574	62678348	6464415979	214932371
GLOBAL	IV	1330001	1340000	0.0084274171174326	7333	60741916	7207655104	242856221
GLOBAL	IV	1340001	1350000	0.0082397839182091	6741	55097328	6686744282	162280243
GLOBAL	IV	1350001	1360000	0.009775722249581	5184	45104764	4613957194	653116406
GLOBAL	IV	1360001	1370000	0.0066185447527984	6992	42540544	6427476974	676569826
GLOBAL	IV	1370001	1380000	0.0041329150069869	6696	25058080	6063052339	740251061
GLOBAL	IV	1380001	1390000	0.0078205255083071	6236	44729484	5719498511	616433389
GLOBAL	IV	1390001	1400000	0.011189113506951	5661	54642812	4883569370	868148155
GLOBAL	IV	1400001	1410000	0.0064256853575984	6499	41144892	6403191210	199955265
GLOBAL	IV	1410001	1420000	0.006527886137171	6541	39518744	6053834759	591984766
GLOBAL	IV	1420001	1430000	0.0069698038621358	6186	40314524	5784169081	500961569
GLOBAL	IV	1430001	1440000	0.0046940352794421	6852	31071516	6619361413	342441887
GLOBAL	IV	1440001	1450000	0.004595640066093	7733	35652044	7757797279	99124046
GLOBAL	IV	1450001	1460000	0.0063416777252411	5375	32980072	5200527909	260606466
GLOBAL	IV	1460001	1470000	0.0068537779281303	6300	42248236	6164225985	236731515
GLOBAL	IV	1470001	1480000	0.011134046126183	6462	49006476	4401497483	2164056067
GLOBAL	IV	1480001	1490000	0.010930983265707	5992	59365188	5430910153	657111647
GLOBAL	IV	1490001	1500000	0.0060738783162304	7221	43577052	7174501979	162214546
GLOBAL	IV	1500001	1510000	0.0080917109482799	6897	55055804	6803975618	203548807
GLOBAL	IV	1510001	1520000	0.0083017235803718	5595	45732800	5508831938	175827937
GLOBAL	IV	1520001	1530000	0.0079533525922194	5636	35978580	4523699859	1202617041
GLOBAL	IV	1530001	1540000	0.0080971771378319	5030	28570544	3528457327	1582148423
GLOBAL	IV	1540001	1550000	0.010768767147854	4849	34411868	3195525312	1731179913
GLOBAL	IV	1550001	1560000	0.0083463169016277	6396	52777928	6323499170	174996730
GLOBAL	IV	1560001	1570000	0.0059757453442551	6872	40778828	6824057193	158066607
GLOBAL	IV	1570001	1580000	0.0049026710214375	8378	40869360	8336141630	176115820
GLOBAL	IV	1580001	1590000	0.006033887497565	5433	26932044	4463464725	1056599100
GLOBAL	IV	1590001	1600000	0.010112647757838	6987	69420440	6864714530	234252145
GLOBAL	IV	1600001	1610000	0.0068567843111872	8116	55487008	8092278462	153780438
GLOBAL	IV	1610001	1620000	0.0036961313152202	6825	18796692	5085504382	1848866243
GLOBAL	IV	1620001	1630000	0.0041975270207928	6936	27512700	6554502178	492647222
GLOBAL	IV	1630001	1640000	0.0068124376138266	7063	47911776	7032985653	143198922
GLOBAL	IV	1640001	1650000	0.0059649899785688	6654	37964340	6364527038	396103312
GLOBAL	IV	1650001	1660000	0.0048177891553958	7174	32263260	6696694056	592269294
GLOBAL	IV	1660001	1670000	0.0063493530622563	7037	43899452	6914003926	235763999
GLOBAL	IV	1670001	1680000	0.0074838752919821	6724	49050816	6554200075	277552025
GLOBAL	IV	1680001	1690000	0.0065202373309088	8289	54500640	8358689605	63141620
GLOBAL	IV	1690001	1700000	0.0069939867248948	7462	51610268	7379234481	202344069
GLOBAL	IV	1700001	1710000	0.0054246398525281	6933	36249920	6682456529	361644796
GLOBAL	IV	1710001	1720000	0.00684430213475	6730	45757176	6685440692	152407558
GLOBAL	IV	1720001	1730000	0.0059692981986397	6393	35890520	6012519195	482928630
GLOBAL	IV	1730001	1740000	0.0052562082489427	7128	34724572	6606391976	635834224
GLOBAL	IV	1740001	1750000	0.0033495020923149	7494	25059864	7481668412	132422938
GLOBAL	IV	1750001	1760000	0.0033355563230612	6915	23021732	6901916733	123896142
GLOBAL	IV	1760001	1770000	0.0040684843712746	7357	29955176	7362735915	112160010
GLOBAL	IV	1770001	1780000	0.0031505702068456	7289	21522360	6831258657	574547568
GLOBAL	IV	1780001	1790000	0.0039881459304878	7522	29939204	7507048268	135491782
GLOBAL	IV	1790001	1800000	0.0087671562799899	6736	58612748	6685491410	158452990
GLOBAL	IV	1800001	1810000	0.0047031926162748	6529	30383480	6460181940	173445285
GLOBAL	IV	1810001	1820000	0.0037714538336386	7527	28089972	7448048747	199571428
GLOBAL	IV	1820001	1830000	0.0034415528462056	7246	25012440	7267777401	94339749
GLOBAL	IV	1830001	1840000	0.004902195673264	6557	31714932	6469536125	192539800
GLOBAL	IV	1840001	1850000	0.005030042962356	6762	32732604	6507420363	362940687
GLOBAL	IV	1850001	1860000	0.0053303666278576	7395	39292716	7371484692	142020183
GLOBAL	IV	1860001	1870000	0.0060347810831388	8039	47911416	7939213592	228611383
GLOBAL	IV	1870001	1880000	0.0064242786743397	7412	47028440	7320423410	210353890
GLOBAL	IV	1880001	1890000	0.0049754711531685	7050	34631104	6960366754	202609496
GLOBAL	IV	1890001	1900000	0.0057600790131071	6340	35135144	6099767715	341830785
GLOBAL	IV	1900001	1910000	0.0038153302247962	6142	20013592	5245572682	994852868
GLOBAL	IV	1910001	1920000	0.0055002857748297	7566	40318288	7330216947	357028203
GLOBAL	IV	1920001	1930000	0.0031308778689767	8389	26250212	8384297663	139136062
GLOBAL	IV	1930001	1940000	0.0036299807176723	6995	24632632	6785885082	321209793
GLOBAL	IV	1940001	1950000	0.0059076683164166	6893	39096316	6617892865	385567460
GLOBAL	IV	1950001	1960000	0.0042568578909784	6227	21089756	4954301163	1372486512
GLOBAL	IV	1960001	1970000	0.0040650993957955	6655	26713196	6571351251	190295124
GLOBAL	IV	1970001	1980000	0.0044210248348189	6843	29181060	6600519357	352139718
GLOBAL	IV	1980001	1990000	0.004536070409139	6729	29932060	6598676233	238155992
GLOBAL	IV	1990001	2000000	0.0029085863047984	7198	20974224	7211140328	102207622
GLOBAL	IV	2000001	2010000	0.0048936017649091	6150	29441284	6016281139	232272611
GLOBAL	IV	2010001	2020000	0.0024673341533492	7297	18028600	7306914621	107019804
GLOBAL	IV	2020001	2030000	0.0026273024758545	8325	21962668	8359398357	99009768
GLOBAL	IV	2030001	2040000	0.0041982531973914	7207	30272852	7210820924	111671251
GLOBAL	IV	2040001	2050000	0.005939067758123	6973	38805040	6533860461	550881864
GLOBAL	IV	2050001	2060000	0.0062629884617884	7471	41990436	6704536701	886186074
GLOBAL	IV	2060001	2070000	0.0047209481634889	7842	36593020	7751201397	216466653
GLOBAL	IV	2070001	2080000	0.0039259140893701	7813	30216272	7696620790	241582535
GLOBAL	IV	2080001	2090000	0.0045528123297445	7002	25649888	5633855767	1480351283
GLOBAL	IV	2090001	2100000	0.00461601226765	5891	22018516	4770029784	1216389516
GLOBAL	IV	2100001	2110000	0.0070904630880306	7274	49535040	6986150183	404415667
GLOBAL	IV	2110001	2120000	0.0047156950313876	7255	33907204	7190287704	180973671
GLOBAL	IV	2120001	2130000	0.0052925245251877	5069	24183572	4569383077	580847648
GLOBAL	IV	2130001	2140000	0.0034957046041925	6564	22524060	6443353358	225834742
GLOBAL	IV	2140001	2150000	0.0033316556282221	7089	23252656	6979309567	223291658
GLOBAL	IV	2150001	2160000	0.0034731602250903	8223	28766520	8282520280	72253295
GLOBAL	IV	2160001	2170000	0.0037922158125483	7987	30359748	8005807027	109184648
GLOBAL	IV	2170001	2180000	0.0048336348276096	7518	35529988	7350573485	287902465
GLOBAL	IV	2180001	2190000	0.0037131241444616	5446	11144876	3001482193	2531789957
GLOBAL	IV	2190001	2200000	0.0033831974157562	6705	20553216	6075086220	737361405
GLOBAL	IV	2200001	2210000	0.0041036781282154	7504	29863752	7277313441	346938159
GLOBAL	IV	2210001	2220000	0.0024061209794111	8655	21025712	8738426779	55269596
GLOBAL	IV	2220001	2230000	0.0060480926677986	6920	41515748	6864271148	166621852
GLOBAL	IV	2230001	2240000	0.0031137394628648	8130	24796768	7963661795	296621455
GLOBAL	IV	2240001	2250000	0.0027856476008267	7201	19325264	6937440326	378955699
GLOBAL	IV	2250001	2260000	0.0061245636460492	6598	35627200	5817100133	886632817
GLOBAL	IV	2260001	2270000	0.0075554371224266	7643	57783408	7647923881	117555194
GLOBAL	IV	2270001	2280000	0.0062882618461408	6497	35248428	5605432608	995681817
GLOBAL	IV	2280001	2290000	0.0017767171453065	4411	4291740	2415544878	2066141397
GLOBAL	IV	2290001	2300000	0.0040193584778324	5492	16576960	4124280054	1455729246
GLOBAL	IV	2300001	2310000	0.011388269651364	7561	84232344	7396412851	285752174
GLOBAL	IV	2310001	2320000	0.0059799969147646	6556	31591784	5282909749	1378150151
GLOBAL	IV	2320001	2330000	0.0045696371929215	6400	26912000	5889307808	613252192
GLOBAL	IV	2330001	2340000	0.0035049011978651	7290	24756724	7063458455	343363795
GLOBAL	IV	2340001	2350000	0.0030468146418186	6094	16394072	5380725094	810931256
GLOBAL	IV	2350001	2360000	0.0024123839686492	8070	19531560	8096372822	108029053
GLOBAL	IV	2360001	2370000	0.0046423117461158	7596	34904020	7518672142	199053758
GLOBAL	IV	2370001	2380000	0.0053988756986014	7347	38645060	7157982913	306752762
GLOBAL	IV	2380001	2390000	0.0038949108017668	7646	29509940	7576538078	191989072
GLOBAL	IV	2390001	2400000	0.0036791589642055	7224	24625020	6693111181	646653419
GLOBAL	IV	2400001	2410000	0.0056335643823826	6880	38502652	6834509981	155742019
GLOBAL	IV	2410001	2420000	0.0048191427755275	7691	36528668	7579909893	234338382
GLOBAL	IV	2420001	2430000	0.003824661312583	7615	27604476	7217495549	519534826
GLOBAL	IV	2430001	2440000	0.0026069887891892	7173	17771236	6816767327	471179998
GLOBAL	IV	2440001	2450000	0.004082960597164	8139	33136284	8115749151	153678324
GLOBAL	IV	2450001	2460000	0.0054049794558644	6921	36975852	6841071701	190837324
GLOBAL	IV	2460001	2470000	0.0058917716429097	7261	40837460	6931269994	446087531
GLOBAL	IV	2470001	2480000	0.0070647519591833	7377	51767332	7327551243	167665182
GLOBAL	IV	2480001	2490000	0.0067625238579855	7279	48789692	7214716432	180929543
GLOBAL	IV	2490001	2500000	0.0070719677496922	7355	51520056	7285109014	187754861
GLOBAL	IV	2500001	2510000	0.004973662982248	6613	27166520	5462074953	1256898372
GLOBAL	IV	2510001	2520000	0.005848212257859	6696	26838664	4589208260	2214095140
GLOBAL	IV	2520001	2530000	0.0066665015734671	6866	45681348	6852371892	123655758
GLOBAL	IV	2530001	2540000	0.0063375407264491	5789	34468500	5438781617	442987108
GLOBAL	IV	2540001	2550000	0.0068119727390011	5533	33768960	4957295235	664371090
GLOBAL	IV	2550001	2560000	0.008723431412828	6469	55604572	6374162800	198502925
GLOBAL	IV	2560001	2570000	0.003719827918893	7520	28145960	7566468292	74039708
GLOBAL	IV	2570001	2580000	0.0051437105653473	7615	39350696	7650254714	86775661
GLOBAL	IV	2580001	2590000	0.0080424794662507	6149	48603224	6043313409	204224316
GLOBAL	IV	2590001	2600000	0.0045363664992371	7561	34179740	7534607269	147557756
GLOBAL	IV	2600001	2610000	0.0061172202561986	7137	43043288	7036412978	214957447
GLOBAL	IV	2610001	2620000	0.0054469098418305	6530	32939764	6047422292	587220958
GLOBAL	IV	2620001	2630000	0.0050340068269045	6976	34999316	6952576189	135214211
GLOBAL	IV	2630001	2640000	0.0056651950072336	5664	29900796	5277981775	476783825
GLOBAL	IV	2640001	2650000	0.0056247120894746	6224	31929404	5676629042	647110558
GLOBAL	IV	2650001	2660000	0.0049046762208041	6221	29797064	6075235685	245455840
GLOBAL	IV	2660001	2670000	0.0099748923178385	7223	72131148	7231270845	107477730
GLOBAL	IV	2670001	2680000	0.010946296056153	6090	57928408	5292055660	895536590
GLOBAL	IV	2680001	2690000	0.0089643186500003	6514	55036532	6139510893	478875957
GLOBAL	IV	2690001	2700000	0.0084732818531025	6415	53097068	6266411164	251389211
GLOBAL	IV	2700001	2710000	0.0041917629181108	7263	29320328	6994748647	384640928
GLOBAL	IV	2710001	2720000	0.0051173488343426	7531	37597652	7347095775	304588500
GLOBAL	IV	2720001	2730000	0.0063406499156861	6935	43895224	6922827247	123306128
GLOBAL	IV	2730001	2740000	0.0050239975849541	6231	27416568	5457122050	873729725
GLOBAL	IV	2740001	2750000	0.0039172383651667	4973	16478380	4206631934	846060391
GLOBAL	IV	2750001	2760000	0.0034960680478654	2630	2067632	591416406	2087841519
GLOBAL	IV	2760001	2770000	0.010364063230846	5272	45902768	4429032029	928467796
GLOBAL	IV	2770001	2780000	0.0082691607004685	6564	52393708	6336036981	333151119
GLOBAL	IV	2780001	2790000	0.0079438739901133	5621	40753976	5130239484	580837041
GLOBAL	IV	2790001	2800000	0.0055278950561876	7477	40664696	7356271345	240547580
GLOBAL	IV	2800001	2810000	0.0042967519585835	6467	27415012	6380403678	190229997
GLOBAL	IV	2810001	2820000	0.005829734138842	6631	27551996	4726115350	2011146425
GLOBAL	IV	2820001	2830000	0.01111856014617	5935	55653952	5005499927	1024608448
GLOBAL	IV	2830001	2840000	0.0091706246587499	7042	61920716	6752071784	402776266
GLOBAL	IV	2840001	2850000	0.0056268779931026	7798	43645496	7756609625	166353325
GLOBAL	IV	2850001	2860000	0.0057866977471426	7738	44235144	7644281062	217720388
GLOBAL	IV	2860001	2870000	0.0066383254192045	7040	45259188	6817862208	334953792
GLOBAL	IV	2870001	2880000	0.0035756878492548	6846	24001236	6712340957	243366193
GLOBAL	IV	2880001	2890000	0.0068693649034419	6166	39524440	5753725498	511084652
GLOBAL	IV	2890001	2900000	0.0072167482280821	6530	46896324	6498262447	136380803
GLOBAL	IV	2900001	2910000	0.0072606325131577	6345	45457068	6260758676	185919949
GLOBAL	IV	2910001	2920000	0.0092501673338068	6460	57702680	6238014721	325506779
GLOBAL	IV	2920001	2930000	0.004083033837548	7422	30147316	7383557717	157379833
GLOBAL	IV	2930001	2940000	0.0047501916688391	6757	31556444	6643193833	222087092
GLOBAL	IV	2940001	2950000	0.0042991519804568	7009	26936592	6265559376	855759849
GLOBAL	IV	2950001	2960000	0.0042802727588583	7096	30369688	7095269323	114444077
GLOBAL	IV	2960001	2970000	0.0042552592888109	6013	23402652	5499700585	609657740
GLOBAL	IV	2970001	2980000	0.0110199141829	5721	54097300	4909049118	903629907
GLOBAL	IV	2980001	2990000	0.0090770648073125	6308	51328360	5654731027	754354673
GLOBAL	IV	2990001	3000000	0.010220335427297	6885	69545808	6804650248	190681877
GLOBAL	IV	3000001	3010000	0.0030831254383732	7353	22187800	7196528472	274303353
GLOBAL	IV	3010001	3020000	0.008519110272422	7111	58706556	6891160476	333793299
GLOBAL	IV	3020001	3030000	0.0065019816598105	6843	43430268	6679543295	273115780
GLOBAL	IV	3030001	3040000	0.0039225894934708	7578	28501216	7265918610	433518840
GLOBAL	IV	3040001	3050000	0.0051960167400693	7329	36457664	7016463923	429983302
GLOBAL	IV	3050001	3060000	0.0060370988038579	6843	36314132	6015162776	937496299
GLOBAL	IV	3060001	3070000	0.0075223052631324	6946	50433720	6704556414	352753236
GLOBAL	IV	3070001	3080000	0.0056021711880114	7567	41855980	7471385396	216875779
GLOBAL	IV	3080001	3090000	0.0076215000824833	7013	52047572	6829045652	296337673
GLOBAL	IV	3090001	3100000	0.006474550552268	5983	36069740	5571002915	507874660
GLOBAL	IV	3100001	3110000	0.0080064230552512	6654	50998564	6369706378	390923972
GLOBAL	IV	3110001	3120000	0.006645411703132	7148	45953712	6915103842	347442858
GLOBAL	IV	3120001	3130000	0.0079318394920289	6209	46100540	5812086849	496412376
GLOBAL	IV	3130001	3140000	0.0066000739277896	7155	46613128	7062516043	207142832
GLOBAL	IV	3140001	3150000	0.005847819586545	6814	38814000	6637345668	285848682
GLOBAL	IV	3150001	3160000	0.011027107477438	5930	59888944	5431065592	593962658
GLOBAL	IV	3160001	3170000	0.0097254459841036	5695	42983472	4419691608	1366570767
GLOBAL	IV	3170001	3180000	0.0082566473444308	6474	45585488	5521065161	1056680689
GLOBAL	IV	3180001	3190000	0.0088920989095645	6139	52541532	5908788525	328588950
GLOBAL	IV	3190001	3200000	0.010205853163967	6521	64502248	6320123067	305375958
GLOBAL	IV	3200001	3210000	0.0047051781313079	7394	34743376	7384072405	128416445
GLOBAL	IV	3210001	3220000	0.0087594448201485	6487	51728224	5905422668	685531507
GLOBAL	IV	3220001	3230000	0.005005105495105	7771	37553444	7503027466	392502809
GLOBAL	IV	3230001	3240000	0.0027640579558763	7636	21051080	7616005285	142361615
GLOBAL	IV	3240001	3250000	0.0033255553597085	6172	17684736	5317829381	953076919
GLOBAL	IV	3250001	3260000	0.0036678452344055	7878	27875892	7600073127	404171823
GLOBAL	IV	3260001	3270000	0.0055633548601177	7371	40948536	7360403395	128716880
GLOBAL	IV	3270001	3280000	0.0051865707419124	7247	37392024	7209392460	153740715
GLOBAL	IV	3280001	3290000	0.0053907434607537	7174	38030732	7054821339	234142011
GLOBAL	IV	3290001	3300000	0.0089843316359405	7115	59704308	6645381139	583636736
GLOBAL	IV	3300001	3310000	0.0077013943983462	5908	34217696	4443052028	1559623672
GLOBAL	IV	3310001	3320000	0.0071706695477166	5471	31612064	4408523331	1150149444
GLOBAL	IV	3320001	3330000	0.0090597310661374	7149	63914820	7054825307	208737418
GLOBAL	IV	3330001	3340000	0.0067303113181534	5654	33347360	4954802003	789803347
GLOBAL	IV	3340001	3350000	0.0060253936106351	6115	34568916	5737204610	475788265
GLOBAL	IV	3350001	3360000	0.0070381841691268	6600	44837208	6370564754	335200246
GLOBAL	IV	3360001	3370000	0.0069054687479204	5662	36970480	5353797309	398936241
GLOBAL	IV	3370001	3380000	0.004559025159333	7308	33184740	7278911355	146199345
GLOBAL	IV	3380001	3390000	0.0051460912688928	5796	24126668	4688348251	1200532649
GLOBAL	IV	3390001	3400000	0.009197587877938	6956	56922664	6188868729	878601171
GLOBAL	IV	3400001	3410000	0.0045884640036886	6688	26111024	5690580547	1104594653
GLOBAL	IV	3410001	3420000	0.0042787714802658	4659	14333168	3349832555	1383827920
GLOBAL	IV	3420001	3430000	0.0030572927484807	4734	12549340	4104723045	705139305
GLOBAL	IV	3430001	3440000	0.0034734057816908	5951	17314432	4984857252	1061507523
GLOBAL	IV	3440001	3450000	0.0074352173025988	5895	40475324	5443731145	545736230
GLOBAL	IV	3450001	3460000	0.006044382055936	5925	31506504	5212526890	807421235
GLOBAL	IV	3460001	3470000	0.005901504067416	6693	39073724	6620977221	179278104
GLOBAL	IV	3470001	3480000	0.0067017857488823	6145	37151908	5543583366	699890259
GLOBAL	IV	3480001	3490000	0.0081512902402512	5971	46003944	5643762232	422923043
GLOBAL	IV	3490001	3500000	0.005684119677864	6565	36916180	6494616949	175587176
GLOBAL	IV	3500001	3510000	0.0050128775248894	6545	29726316	5929990480	733101470
GLOBAL	IV	3510001	3520000	0.0069168906102686	7051	48073444	6950152418	213839857
GLOBAL	IV	3520001	3530000	0.0062109393564827	7133	43291956	6970275109	277031216
GLOBAL	IV	3530001	3540000	0.0064278104629349	5497	29294256	4557423740	1031729785
GLOBAL	IV	3540001	3550000	0.0082231698597972	6205	46563576	5662485002	641950123
GLOBAL	IV	3550001	3560000	0.008426449043846	5975	44461940	5276474084	794275291
GLOBAL	IV	3560001	3570000	0.0055664477179661	6908	35800300	6431444579	587256121
GLOBAL	IV	3570001	3580000	0.0045213846624521	6992	30979028	6851668308	252378492
GLOBAL	IV	3580001	3590000	0.0052656974487722	6576	33392316	6341480179	339900221
GLOBAL	IV	3590001	3600000	0.0055973232554591	6878	37994484	6787973870	200246080
GLOBAL	IV	3600001	3610000	0.0054576925440082	7537	40739056	7464520156	193260269
GLOBAL	IV	3610001	3620000	0.0064364025400577	5501	32396736	5033360763	555792762
GLOBAL	IV	3620001	3630000	0.0045536410413102	6137	25327084	5561941262	673404163
GLOBAL	IV	3630001	3640000	0.0064078059385999	5778	32128224	5013919633	856672817
GLOBAL	IV	3640001	3650000	0.0060312586703818	6428	35633248	5908094802	622913898
GLOBAL	IV	3650001	3660000	0.0043588979995458	5240	19030048	4365793373	958177627
GLOBAL	IV	3660001	3670000	0.0064355972759238	5085	14978620	2327463848	2839023277
GLOBAL	IV	3670001	3680000	0.0084926334333549	6967	52483036	6179830604	898815571
GLOBAL	IV	3680001	3690000	0.0047482801748143	7687	35519948	7480592276	329591899
GLOBAL	IV	3690001	3700000	0.0031672449459651	8386	26663032	8418367526	102018124
GLOBAL	IV	3700001	3710000	0.0030423713055887	7289	21584560	7094650137	311156088
GLOBAL	IV	3710001	3720000	0.0044989483396534	6601	29269280	6505804866	200976159
GLOBAL	IV	3720001	3730000	0.0057599342361613	5794	31927680	5543063287	343785563
GLOBAL	IV	3730001	3740000	0.0055884616836348	7443	40818148	7304004270	258269805
GLOBAL	IV	3740001	3750000	0.0048795228437165	6813	32690884	6699606713	222571612
GLOBAL	IV	3750001	3760000	0.0054030932335592	6605	35248900	6523837083	187008042
GLOBAL	IV	3760001	3770000	0.0064296765526611	6560	41267152	6418231409	246892591
GLOBAL	IV	3770001	3780000	0.0045686440052965	6703	29743596	6510377251	300038324
GLOBAL	IV	3780001	3790000	0.0044411228432889	5891	25162848	5665875250	319528025
GLOBAL	IV	3790001	3800000	0.0045860870013588	6043	24280468	5294375792	845463283
GLOBAL	IV	3800001	3810000	0.0034209962117034	6706	22378920	6541638346	271825304
GLOBAL	IV	3810001	3820000	0.0037855345256649	6701	24193648	6391078416	417305109
GLOBAL	IV	3820001	3830000	0.0029122206361362	5673	15484256	5316992747	446917078
GLOBAL	IV	3830001	3840000	0.0032824184505454	7372	23725136	7227943773	262192527
GLOBAL	IV	3840001	3850000	0.0035892934509527	5616	19348648	5390656480	315339920
GLOBAL	IV	3850001	3860000	0.0031717223496129	4018	11443556	3607994250	482522400
GLOBAL	IV	3860001	3870000	0.0026290020077185	7299	18955332	7210086544	205879931
GLOBAL	IV	3870001	3880000	0.003576353764647	7324	25748864	7199753071	241614029
GLOBAL	IV	3880001	3890000	0.0038854818202539	5986	21419360	5512665093	569260557
GLOBAL	IV	3890001	3900000	0.0057816010979877	6728	38000760	6572705269	263110931
GLOBAL	IV	3900001	3910000	0.0039853496560355	7623	30309292	7605177617	139980958
GLOBAL	IV	3910001	3920000	0.0029057541148712	8143	23699496	8156056935	117434640
GLOBAL	IV	3920001	3930000	0.0027939109716302	7515	20213020	7234668608	400759267
GLOBAL	IV	3930001	3940000	0.0027513534797954	7419	19036564	6918981563	618907912
GLOBAL	IV	3940001	3950000	0.0037301596766284	7403	27580400	7393892592	127740483
GLOBAL	IV	3950001	3960000	0.0082585017599152	5906	45409076	5498464167	502179483
GLOBAL	IV	3960001	3970000	0.0059027335211685	7854	46498156	7877393725	102466625
GLOBAL	IV	3970001	3980000	0.0034552003153424	7676	26037264	7535674237	263333663
GLOBAL	IV	3980001	3990000	0.0056929018886985	6903	33218428	5835060686	1178559889
GLOBAL	IV	3990001	4000000	0.0027192810275284	7252	13753244	5057676592	2310536708
GLOBAL	IV	4000001	4010000	0.0043815488987412	5984	23297208	5317116969	762776631
GLOBAL	IV	4010001	4020000	0.0043600568648081	7635	33216604	7618387794	138963081
GLOBAL	IV	4020001	4030000	0.0063232620530147	6830	41748848	6602422555	337028195
GLOBAL	IV	4030001	4040000	0.0066253115039641	7363	48270084	7285707845	195284230
GLOBAL	IV	4040001	4050000	0.0078196500716425	7196	55916756	7150800290	160515610
GLOBAL	IV	4050001	4060000	0.00750791535422	5460	36780964	4898958268	648538232
GLOBAL	IV	4060001	4070000	0.010646517207541	6369	56632180	5319315124	1151748101
GLOBAL	IV	4070001	4080000	0.0073903994473412	7113	52127892	7053460692	173525133
GLOBAL	IV	4080001	4090000	0.0073633630003144	5846	40929948	5558594354	381087796
GLOBAL	IV	4090001	4100000	0.0081078328718001	6734	51760152	6383968789	457943561
GLOBAL	IV	4100001	4110000	0.0065359959739708	6046	38701608	5921302301	221584849
GLOBAL	IV	4110001	4120000	0.0082332451306811	6313	48994164	5950771928	463393897
GLOBAL	IV	4120001	4130000	0.0045964514248305	6770	28017992	6095570128	782919122
GLOBAL	IV	4130001	4140000	0.0045222491792757	7786	35370184	7821369986	89400664
GLOBAL	IV	4140001	4150000	0.0050839449909128	7080	34934500	6871533831	321923169
GLOBAL	IV	4150001	4160000	0.0048704480285695	7347	35914788	7374021402	90714273
GLOBAL	IV	4160001	4170000	0.0047184730627626	8132	38618972	8184633352	77681948
GLOBAL	IV	4170001	4180000	0.0069609012444432	7447	48323084	6942072916	624265259
GLOBAL	IV	4180001	4190000	0.0067933425954267	6084	32453680	4777277098	1406251052
GLOBAL	IV	4190001	4200000	0.0051072104496707	8807	44775164	8767048948	181083227
GLOBAL	IV	4200001	4210000	0.0051603255510701	5885	21496056	4165639510	1813667615
GLOBAL	IV	4210001	4220000	0.0012653238397437	4941	4121620	3257363744	1762815781
GLOBAL	IV	4220001	4230000	0.0033731639128866	5941	9849344	2919912656	3116291869
GLOBAL	IV	4230001	4240000	0.0080785828603693	5737	41399436	5124591369	704344056
GLOBAL	IV	4240001	4250000	0.0065008022693495	5076	26524084	4080124714	1077218186
GLOBAL	IV	4250001	4260000	0.0044867788438977	8174	36862148	8215726534	89261816
GLOBAL	IV	4260001	4270000	0.004051153111042	7869	31648632	7812252742	182847983
GLOBAL	IV	4270001	4280000	0.0049852124634896	7979	39930720	8009833140	97030335
GLOBAL	IV	4280001	4290000	0.0020555312558217	7756	15859556	7715550885	164739015
GLOBAL	IV	4290001	4300000	0.0053528406523022	7658	40693656	7602254325	178465125
GLOBAL	IV	4300001	4310000	0.0058837307746933	7037	38488936	6541586873	608181052
GLOBAL	IV	4310001	4320000	0.0054855471230445	4638	19251152	3509431524	1211020626
GLOBAL	IV	4320001	4330000	0.0054240364235556	7501	40568480	7479389302	141814223
GLOBAL	IV	4330001	4340000	0.0029464058770962	7866	23277064	7900155298	91897352
GLOBAL	IV	4340001	4350000	0.0032931076524675	7890	25384628	7708411227	308026023
GLOBAL	IV	4350001	4360000	0.0044929900371657	4584	17173436	3822273332	835185268
GLOBAL	IV	4360001	4370000	0.0028593450718246	8627	24872664	8698727637	66520038
GLOBAL	IV	4370001	4380000	0.003799768530214	7278	25719596	6768727041	625902909
GLOBAL	IV	4380001	4390000	0.0078006598601341	7308	57009976	7308353014	116757686
GLOBAL	IV	4390001	4400000	0.0064621445593632	7111	41241436	6382004553	857173572
GLOBAL	IV	4400001	4410000	0.0060845282831686	7318	44376976	7293412724	141858226
GLOBAL	IV	4410001	4420000	0.0051678360107937	7440	38333196	7417649461	141576539
GLOBAL	IV	4420001	4430000	0.0037905792296051	7569	27728140	7315013965	375279260
GLOBAL	IV	4430001	4440000	0.0037184979221853	7615	27485528	7391567395	345462980
GLOBAL	IV	4440001	4450000	0.0043155055911158	7929	33689996	7806732094	249330131
GLOBAL	IV	4450001	4460000	0.0027335900927711	7713	20309880	7429745979	406854846
GLOBAL	IV	4460001	4470000	0.0034728605804523	7910	27388116	7886327529	150430221
GLOBAL	IV	4470001	4480000	0.0031479720351006	6102	19038848	6047972405	151812145
GLOBAL	IV	4480001	4490000	0.0044146725348602	7044	30963916	7013864733	143015367
GLOBAL	IV	4490001	4500000	0.0033239211368557	7629	24556172	7387711979	363542746
GLOBAL	IV	4500001	4510000	0.0028571761203732	8423	23881032	8358263892	199714683
GLOBAL	IV	4510001	4520000	0.0037070459595364	8269	30820840	8314124059	87386666
GLOBAL	IV	4520001	4530000	0.0054518173495973	7145	38122768	6992671536	266827089
GLOBAL	IV	4530001	4540000	0.0071158840238521	7513	51551068	7244506491	388889334
GLOBAL	IV	4540001	4550000	0.0045225556338334	7566	34085128	7536696231	150548919
GLOBAL	IV	4550001	4560000	0.0076529775792086	8390	64827160	8470841490	53608260
GLOBAL	IV	4560001	4570000	0.0069093374305558	6487	43624920	6313907873	277046302
GLOBAL	IV	4570001	4580000	0.0057855451007093	6986	38584496	6669120252	428830398
GLOBAL	IV	4580001	4590000	0.0072920306624484	6864	47053404	6452716147	521279453
GLOBAL	IV	4590001	4600000	0.0064745224595504	7372	47452376	7329092809	161043491
GLOBAL	IV	4600001	4610000	0.0061029816963215	7556	46129848	7558575512	118509388
GLOBAL	IV	4610001	4620000	0.0041299062996192	7357	30227460	7319163634	155732291
GLOBAL	IV	4620001	4630000	0.0081105891249093	7326	58395484	7199906579	243492571
GLOBAL	IV	4630001	4640000	0.0081047497534256	7465	55631764	6864093981	720532644
GLOBAL	IV	4640001	4650000	0.0037436291704428	8796	32083396	8570131960	366823940
GLOBAL	IV	4650001	4660000	0.0031049036879875	7970	24922260	8026741730	70977520
GLOBAL	IV	4660001	4670000	0.0046844162256272	8495	39679044	8470435181	160697194
GLOBAL	IV	4670001	4680000	0.0038459054214011	8214	31427784	8171751657	173877693
GLOBAL	IV	4680001	4690000	0.0063968868359955	7630	48532212	7586848610	165422140
GLOBAL	IV	4690001	4700000	0.0038995840499314	8550	33626276	8623041732	63972018
GLOBAL	IV	4700001	4710000	0.0055142728797573	8070	44667000	8100252014	99069736
GLOBAL	IV	4710001	4720000	0.0054800653277044	8136	44648588	8147455428	118923972
GLOBAL	IV	4720001	4730000	0.0048991777180814	7254	34410336	7023696216	346549134
GLOBAL	IV	4730001	4740000	0.0046559039846218	7203	32258436	6928501126	389926949
GLOBAL	IV	4740001	4750000	0.0040992289982574	8405	34643136	8451134595	88555530
GLOBAL	IV	4750001	4760000	0.0050624678331607	8700	44308648	8752381143	87036357
GLOBAL	IV	4760001	4770000	0.0076071782468181	7614	58174812	7647357550	88656800
GLOBAL	IV	4770001	4780000	0.0063360699063059	6622	40321500	6363802893	364314657
GLOBAL	IV	4780001	4790000	0.0089682968443984	2135	5762532	642544744	1564261556
GLOBAL	IV	4790001	4800000	0.00018602853011624	716	6804	36575035	692930915
GLOBAL	IV	4800001	4810000	0.00020765830233904	1703	2140	10305391	1730145434
GLOBAL	IV	4810001	4820000	0.0079558403222022	2248	14271720	1793867074	490157126
GLOBAL	IV	4820001	4830000	0.0049145872443309	7459	35598260	7243387538	335142937
GLOBAL	IV	4830001	4840000	0.0044234774907059	5063	18035208	4077156047	1082218903
GLOBAL	IV	4840001	4850000	0.0044512592333206	2632	8027056	1803322516	897271934
GLOBAL	IV	4850001	4860000	0.0054329470537061	7363	39743092	7315199579	165792496
GLOBAL	IV	4860001	4870000	0.0057141122227769	7090	40010624	7002071790	201545460
GLOBAL	IV	4870001	4880000	0.0048416174405562	7509	36273164	7491951697	137380028
GLOBAL	IV	4880001	4890000	0.00426836788098	6608	26045824	6102056975	611836225
GLOBAL	IV	4890001	4900000	0.0037732190838259	7926	30073996	7970381611	82632539
GLOBAL	IV	4900001	4910000	0.0059791658580016	7201	41931264	7012895276	303500749
GLOBAL	IV	4910001	4920000	0.0045914438290812	7283	30090596	6553623897	846086178
GLOBAL	IV	4920001	4930000	0.0037054992837555	6467	21497144	5801416315	769217360
GLOBAL	IV	4930001	4940000	0.0041428487564128	5982	19045636	4597231789	1480629761
GLOBAL	IV	4940001	4950000	0.0042976298411463	7172	26117392	6077161823	1209769477
GLOBAL	IV	4950001	4960000	0.00578254072572	5754	27911252	4826814600	1065114375
GLOBAL	IV	4960001	4970000	0.0064546325879045	7591	47957136	7429878517	282767258
GLOBAL	IV	4970001	4980000	0.0045499371658125	8205	37472376	8235800767	100684358
GLOBAL	IV	4980001	4990000	0.0030154712820927	7580	21870180	7252657364	448812136
GLOBAL	IV	4990001	5000000	0.0048243538701671	7926	37703492	7815241795	237772355
GLOBAL	IV	5000001	5010000	0.0071250060192423	6482	41926972	5884482327	701391723
GLOBAL	IV	5010001	5020000	0.0065589749964813	7694	49745260	7584303954	232992396
GLOBAL	IV	5020001	5030000	0.0037007468528808	7612	27695688	7483810458	250171842
GLOBAL	IV	5030001	5040000	0.0033215162388427	4474	12247012	3687175109	858520741
GLOBAL	IV	5040001	5050000	0.00026192586252324	1604	34944	133411797	1564365978
GLOBAL	IV	5050001	5060000	0.00037392153879711	163	408	1091138	164520937
GLOBAL	IV	5060001	5070000	0.0047709894694102	2097	7176776	1504253163	643623687
GLOBAL	IV	5070001	5080000	0.0065822663929212	6333	39961784	6071128334	363357991
GLOBAL	IV	5080001	5090000	0.0022693063996853	7399	16784912	7396494366	121074609
GLOBAL	IV	5090001	5100000	0.0036440411886077	7260	25810072	7082815661	293525839
GLOBAL	IV	5100001	5110000	0.0064921149429266	7576	49001688	7547877453	149527947
GLOBAL	IV	5110001	5120000	0.0052866877753718	8432	44923300	8497437698	69685102
GLOBAL	IV	5120001	5130000	0.0059632123918195	8172	48134940	8071981482	230974818
GLOBAL	IV	5130001	5140000	0.0057775137301541	7874	44779724	7750691057	249489793
GLOBAL	IV	5140001	5150000	0.0042590204593742	6882	28771036	6755317631	236966419
GLOBAL	IV	5150001	5160000	0.0036992488717095	8329	31003292	8380969509	81502716
GLOBAL	IV	5160001	5170000	0.0039405208077311	8290	32736252	8307595264	115251986
GLOBAL	IV	5170001	5180000	0.0034625075586149	7197	24957424	7207904554	104427371
GLOBAL	IV	5180001	5190000	0.0033740902125713	7768	26182256	7759797264	132684936
GLOBAL	IV	5190001	5200000	0.0031294825306292	7487	23218156	7419167793	187811382
GLOBAL	IV	5200001	5210000	0.0032372195266322	7886	25267604	7805341526	207031624
GLOBAL	IV	5210001	5220000	0.0039886022698359	7244	26674532	6687689119	672395981
GLOBAL	IV	5220001	5230000	0.0028043346210643	6217	14545332	5186731958	1129895467
GLOBAL	IV	5230001	5240000	0.0034176780825818	7391	24654524	7213822778	295617997
GLOBAL	IV	5240001	5250000	0.0042732455289683	7784	33486056	7836211557	72527043
GLOBAL	IV	5250001	5260000	0.0053290698558234	8081	43012424	8071281699	139216326
GLOBAL	IV	5260001	5270000	0.0031482283578905	8527	27090388	8604962830	58682345
GLOBAL	IV	5270001	5280000	0.0036903146832927	8056	28996888	7857565137	327532263
GLOBAL	IV	5280001	5290000	0.0044647948211465	7954	35046388	7849495756	231967094
GLOBAL	IV	5290001	5300000	0.0019005897069727	8803	16911420	8897985682	46082393
GLOBAL	IV	5300001	5310000	0.0051616760792125	7894	41048532	7952558698	67942652
GLOBAL	IV	5310001	5320000	0.0069491558724906	7811	53695160	7726860785	209310490
GLOBAL	IV	5320001	5330000	0.0055813421629183	8735	49086448	8794739073	80239302
GLOBAL	IV	5330001	5340000	0.0049913832117193	7931	39335360	7880653184	177441091
GLOBAL	IV	5340001	5350000	0.0022521697436781	6913	13519176	6002734047	1021046778
GLOBAL	IV	5350001	5360000	0.0028148025068368	8055	22424508	7966636361	217445014
GLOBAL	IV	5360001	5370000	0.0032855936594479	8180	26752228	8142281357	168803143
GLOBAL	IV	5370001	5380000	0.0038398012586385	8099	31047336	8085662228	143124247
GLOBAL	IV	5380001	5390000	0.003734451637999	7880	29361328	7862286313	143990687
GLOBAL	IV	5390001	5400000	0.0033029431360736	7223	23324340	7061683789	277064786
GLOBAL	IV	5400001	5410000	0.00318318974818	7275	21591060	6782837879	613824121
GLOBAL	IV	5410001	5420000	0.0041346656486654	7819	32033460	7747533349	196766126
GLOBAL	IV	5420001	5430000	0.004566923571386	6865	27086812	5931085024	1043926601
GLOBAL	IV	5430001	5440000	0.0038462569668664	7158	26700768	6942013555	330693395
GLOBAL	IV	5440001	5450000	0.0060640044448544	6836	39368812	6492213579	453333321
GLOBAL	IV	5450001	5460000	0.0044679775218502	7479	31409400	7029892126	568958849
GLOBAL	IV	5460001	5470000	0.0056713166693729	7553	43046084	7590139382	83897443
GLOBAL	IV	5470001	5480000	0.0058704210914445	7395	42337908	7212073434	301431441
GLOBAL	IV	5480001	5490000	0.0019581450310156	7905	15205608	7765312456	266365169
GLOBAL	IV	5490001	5500000	0.0028806393250855	7972	22948204	7966357954	133393346
GLOBAL	IV	5500001	5510000	0.0029678885700226	7096	20609208	6944063941	265649459
GLOBAL	IV	5510001	5520000	0.0039189376611963	7582	29687412	7575372350	128129200
GLOBAL	IV	5520001	5530000	0.0035797238680564	7841	28056492	7837613468	129038557
GLOBAL	IV	5530001	5540000	0.0038445423063081	8224	31845280	8283243482	72546118
GLOBAL	IV	5540001	5550000	0.0031219102514857	7378	22708280	7273841389	222391061
GLOBAL	IV	5550001	5560000	0.003072440613201	7369	22450788	7307151163	179937062
GLOBAL	IV	5560001	5570000	0.0036985830929989	6687	14506192	3922094390	2872064785
GLOBAL	IV	5570001	5580000	0.0025359786524999	5703	11820048	4660941443	1133449132
GLOBAL	IV	5580001	5590000	0.0025755579477158	7536	19455580	7553928273	102836127
GLOBAL	IV	5590001	5600000	0.0025843151223368	8030	20893080	8084571351	74109399
GLOBAL	IV	5600001	5610000	0.002492881260109	8038	19315472	7748251916	418557034
GLOBAL	IV	5610001	5620000	0.0022032699582666	8393	18664212	8471141691	56356134
GLOBAL	IV	5620001	5630000	0.0025801383505874	8100	20571316	7972950751	256851749
GLOBAL	IV	5630001	5640000	0.0024618753080238	7742	19123968	7768048990	98016560
GLOBAL	IV	5640001	5650000	0.0036272205339273	6949	24223924	6678370883	381986842
GLOBAL	IV	5650001	5660000	0.0050751097036803	6343	30406236	5991247042	453399533
GLOBAL	IV	5660001	5670000	0.0034580242548371	7784	26963844	7797471045	111267555
GLOBAL	IV	5670001	5680000	0.0039803888633957	8120	32235860	8098671036	151451964
GLOBAL	IV	5680001	5690000	0.0038131381662137	7464	27842540	7301739089	281871511
GLOBAL	IV	5690001	5700000	0.0040050298932356	8350	33607080	8391218267	92590483
GLOBAL	IV	5700001	5710000	0.0054262975654751	7451	39771972	7329485993	240916282
GLOBAL	IV	5710001	5720000	0.0037504827056134	8406	31647428	8438227952	102478198
GLOBAL	IV	5720001	5730000	0.0027295571592412	7974	21933808	8035665392	66117958
GLOBAL	IV	5730001	5740000	0.0033700053957257	7949	26876416	7975184857	101197868
GLOBAL	IV	5740001	5750000	0.0036415282401013	8560	31312864	8598824981	98349019
GLOBAL	IV	5750001	5760000	0.0055583335360646	7743	42868020	7712387125	154694450
GLOBAL	IV	5760001	5770000	0.0056112030628899	7462	41932288	7472958567	108619983
GLOBAL	IV	5770001	5780000	0.0061114790947458	7329	43006160	7036947903	409499322
GLOBAL	IV	5780001	5790000	0.0061339065044438	7796	47783668	7790087437	130843463
GLOBAL	IV	5790001	5800000	0.0061148684885463	7546	45313696	7410412192	256512458
GLOBAL	IV	5800001	5810000	0.0067274291860845	7764	51506944	7656259557	232158543
GLOBAL	IV	5810001	5820000	0.0048123330338953	8337	40295372	8373354819	97245606
GLOBAL	IV	5820001	5830000	0.0031997568937011	7422	23513800	7348620780	192316770
GLOBAL	IV	5830001	5840000	0.0049801370008659	7443	36524376	7334010288	228263787
GLOBAL	IV	5840001	5850000	0.0042678500234423	6727	27411736	6422844254	411955921
GLOBAL	IV	5850001	5860000	0.0024732925781435	8891	22191084	8972284232	61194043
GLOBAL	IV	5860001	5870000	0.0043348632863255	7693	32522020	7502432684	313847641
GLOBAL	IV	5870001	5880000	0.0033106772293656	7340	23327144	7046033903	412605622
GLOBAL	IV	5880001	5890000	0.0031142289018595	7312	22689832	7285858784	143316016
GLOBAL	IV	5890001	5900000	0.00349185910631	8319	29178348	8356106908	96205067
GLOBAL	IV	5900001	5910000	0.0031080714672649	8536	26674940	8582473177	90316223
GLOBAL	IV	5910001	5920000	0.0032519125991483	7839	25598968	7871972945	92647030
GLOBAL	IV	5920001	5930000	0.003587015955589	8119	29264776	8158529642	90577333
GLOBAL	IV	5930001	5940000	0.0034314811797633	8269	28596224	8333492886	68017839
GLOBAL	IV	5940001	5950000	0.0047700118715104	6868	32553656	6824648843	153410857
GLOBAL	IV	5950001	5960000	0.0062942198243511	6825	42113768	6690863868	243506757
GLOBAL	IV	5960001	5970000	0.003311407192593	8233	27468484	8295109119	69824706
GLOBAL	IV	5970001	5980000	0.0049709750502949	8476	42270176	8503397336	108430564
GLOBAL	IV	5980001	5990000	0.0028908956760068	8685	25314400	8756594093	67583032
GLOBAL	IV	5990001	6000000	0.0029238007165713	7981	23369532	7992860754	116034771
GLOBAL	IV	6000001	6010000	0.0027115516023184	8071	22116044	8156232019	44105756
GLOBAL	IV	6010001	6020000	0.0033500373102864	7301	22711000	6779327481	638671044
GLOBAL	IV	6020001	6030000	0.002314467496352	5054	8579652	3706965863	1428024487
GLOBAL	IV	6030001	6040000	0.0042696158904093	7115	27963836	6549496891	679520984
GLOBAL	IV	6040001	6050000	0.0028411447147128	8466	24170132	8507180882	94486768
GLOBAL	IV	6050001	6060000	0.0029273002741965	8309	24492812	8367030952	75120773
GLOBAL	IV	6060001	6070000	0.0045008339380146	8094	36303184	8065879457	157826893
GLOBAL	IV	6070001	6080000	0.0053984363323846	6269	23751820	4399759215	1969701510
GLOBAL	IV	6080001	6090000	0.0035591419741195	8824	31663100	8896273380	69131220
GLOBAL	IV	6090001	6100000	0.0064180989438666	7730	47732184	7437121867	416751383
GLOBAL	IV	6100001	6110000	0.0053164590916475	7868	40582176	7633309182	360775518
GLOBAL	IV	6110001	6120000	0.006142080815645	6911	37668244	6132814779	888933996
GLOBAL	IV	6120001	6130000	0.0048057210068518	7857	37851408	7876322397	106586028
GLOBAL	IV	6130001	6140000	0.0037135388855677	7753	28756620	7743723948	133517877
GLOBAL	IV	6140001	6150000	0.0044342440853626	8756	39241812	8849718519	46596381
GLOBAL	IV	6150001	6160000	0.0064014046689401	7922	49145996	7677376848	371573202
GLOBAL	IV	6160001	6170000	0.0043429589191229	6928	29552048	6804588427	234432773
GLOBAL	IV	6170001	6180000	0.0030964128122459	7401	22642700	7312558555	207042470
GLOBAL	IV	6180001	6190000	0.0026289940256804	7289	18615592	7080880298	324925927
GLOBAL	IV	6190001	6200000	0.0044638746965171	7901	35204972	7886639835	140973690
GLOBAL	IV	6200001	6210000	0.0052704024413916	5294	22957664	4355960338	1022876012
GLOBAL	IV	6210001	6220000	0.0050933208688675	8497	43417532	8524405416	108759009
GLOBAL	IV	6220001	6230000	0.0056827075281428	8415	47248192	8314380384	235469991
GLOBAL	IV	6230001	6240000	0.0066174033590842	6866	43086144	6511034867	464992783
GLOBAL	IV	6240001	6250000	0.0044176716838587	8188	36090176	8169501625	149711075
GLOBAL	IV	6250001	6260000	0.0053380867811269	7942	42502240	7962073631	107196919
GLOBAL	IV	6260001	6270000	0.0043452028927203	8027	34903276	8032599826	123032849
GLOBAL	IV	6270001	6280000	0.0040088628056916	7765	31243188	7793528867	95905258
GLOBAL	IV	6280001	6290000	0.0035181951182204	6966	22772504	6472780285	604849865
GLOBAL	IV	6290001	6300000	0.0026023869232031	8262	21629740	8311500418	82898132
GLOBAL	IV	6300001	6310000	0.002359753739202	7282	17206188	7291518481	107175569
GLOBAL	IV	6310001	6320000	0.0027722876966582	7194	19912832	7182815847	126468003
GLOBAL	IV	6320001	6330000	0.0034208557088978	8259	28303148	8273704128	117646347
GLOBAL	IV	6330001	6340000	0.0029358023689837	7960	23242220	7916820371	170738629
GLOBAL	IV	6340001	6350000	0.0022442234245995	8610	19546616	8709746002	38229248
GLOBAL	IV	6350001	6360000	0.0031762791430681	8379	26694820	8404431348	108842127
GLOBAL	IV	6360001	6370000	0.0034092560126545	8276	28400624	8330446260	78176640
GLOBAL	IV	6370001	6380000	0.0027144172879547	8724	23899884	8804793613	59008487
GLOBAL	IV	6380001	6390000	0.0014887677363165	9014	13568336	9113803093	44646257
GLOBAL	IV	6390001	6400000	0.0031067850176852	8957	27998988	9012206458	88329467
GLOBAL	IV	6400001	6410000	0.0024158933577472	8701	21234528	8789513797	50919728
GLOBAL	IV	6410001	6420000	0.0040262865369091	7369	29112556	7230621997	256466228
GLOBAL	IV	6420001	6430000	0.0039854954574037	8617	34576576	8675602913	79484512
GLOBAL	IV	6430001	6440000	0.003239327022531	7547	24244056	7484287888	183652787
GLOBAL	IV	6440001	6450000	0.0028119597261326	7885	21874592	7779127061	232230064
GLOBAL	IV	6450001	6460000	0.0034183001580291	8146	27851140	8147657816	128881834
GLOBAL	IV	6460001	6470000	0.0026255876362124	8265	21905908	8343240080	54206545
GLOBAL	IV	6470001	6480000	0.0049897510644867	8210	41275092	8271974186	69591064
GLOBAL	IV	6480001	6490000	0.0033183356303341	7732	25250388	7609353246	246552054
GLOBAL	IV	6490001	6500000	0.0020149946317001	9025	18354080	9108748833	60876792
GLOBAL	IV	6500001	6510000	0.0023533116712744	8875	21072084	8954225765	62996110
GLOBAL	IV	6510001	6520000	0.003462124077107	7815	25960704	7498490355	441745020
GLOBAL	IV	6520001	6530000	0.0037465552277831	7364	26609864	7102488121	379519979
GLOBAL	IV	6530001	6540000	0.0034444221227755	7191	24279080	7048810841	257424934
GLOBAL	IV	6540001	6550000	0.0038968623389349	8288	31883160	8181751683	239063517
GLOBAL	IV	6550001	6560000	0.003621897579388	8685	31704568	8753579389	70597736
GLOBAL	IV	6560001	6570000	0.0046907529251646	8284	38479132	8203188830	213562270
GLOBAL	IV	6570001	6580000	0.0052271458554396	7464	38276800	7322695991	260914609
GLOBAL	IV	6580001	6590000	0.0025377004907865	8442	21358212	8416364373	160918677
GLOBAL	IV	6590001	6600000	0.004043056353309	8199	30798472	7617621252	712767723
GLOBAL	IV	6600001	6610000	0.0044587797258333	6401	6010944	1348114141	5162574059
GLOBAL	IV	6610001	6620000	0.003509235556223	6098	6528656	1860421136	4336315339
GLOBAL	IV	6620001	6630000	0.0025377145655495	5940	11960908	4713259782	1321928718
GLOBAL	IV	6630001	6640000	0.0041182194137319	6702	13961520	3390183620	3421247980
GLOBAL	IV	6640001	6650000	0.0026148684156428	7617	16888772	6458746413	1280316012
GLOBAL	IV	6650001	6660000	0.0031199172515544	8272	25924848	8309466537	95092263
GLOBAL	IV	6660001	6670000	0.0031148720247266	4780	11046648	3546421141	1310178359
GLOBAL	IV	6670001	6680000	0.0028353186026125	7039	19089764	6732846172	418953803
GLOBAL	IV	6680001	6690000	0.0029389586950862	7875	22689392	7720214659	280982216
GLOBAL	IV	6690001	6700000	0.0030874098474094	8862	27504896	8908728468	95285082
GLOBAL	IV	6700001	6710000	0.0036546591990578	8489	31355916	8579709979	45326246
GLOBAL	IV	6710001	6720000	0.0030406368523758	8509	26118076	8589672910	55683815
GLOBAL	IV	6720001	6730000	0.0016388125839245	9289	15395840	9394509263	43346962
GLOBAL	IV	6730001	6740000	0.0028776302796237	8262	23952112	8323554339	70844211
GLOBAL	IV	6740001	6750000	0.0030807989534094	8479	26287468	8532678827	82197148
GLOBAL	IV	6750001	6760000	0.0022114026979039	8246	18232080	8244577081	133565069
GLOBAL	IV	6760001	6770000	0.0026807972313583	8022	21596500	8055999069	94553481
GLOBAL	IV	6770001	6780000	0.0023832320208157	8528	20382576	8552493346	112167854
GLOBAL	IV	6780001	6790000	0.002728994096908	8309	22795196	8352966401	89185324
GLOBAL	IV	6790001	6800000	0.002056196762201	8831	18322468	8910853444	61663331
GLOBAL	IV	6800001	6810000	0.0032744049462207	7820	25092944	7663360034	281955466
GLOBAL	IV	6810001	6820000	0.0024030301724192	8246	19883160	8274203224	103938926
GLOBAL	IV	6820001	6830000	0.0030868920714464	8168	23791624	7707306718	596665607
GLOBAL	IV	6830001	6840000	0.0029083990258973	8916	26106724	8976321257	82557643
GLOBAL	IV	6840001	6850000	0.0031410069098771	8316	25575104	8142326564	306937336
GLOBAL	IV	6850001	6860000	0.0025866640668254	8630	22509092	8701977303	66318447
GLOBAL	IV	6860001	6870000	0.0026887824247974	8600	23220720	8636146899	101668101
GLOBAL	IV	6870001	6880000	0.0027814131833243	7650	21285292	7652689693	119901557
GLOBAL	IV	6880001	6890000	0.0024717946667076	8749	21748104	8798507535	90695190
GLOBAL	IV	6890001	6900000	0.0028579416470945	8130	22348152	7819667005	440616245
GLOBAL	IV	6900001	6910000	0.002604240243881	8421	22002480	8448713613	107232912
GLOBAL	IV	6910001	6920000	0.0021814384677068	7789	15933900	7304308710	609510015
GLOBAL	IV	6920001	6930000	0.0020643457929489	9001	18756360	9085861518	59379507
GLOBAL	IV	6930001	6940000	0.0033979279807219	8019	27005744	7947709355	199795120
GLOBAL	IV	6940001	6950000	0.0028761749816721	7886	22814968	7932399157	79973993
GLOBAL	IV	6950001	6960000	0.0028580408121901	7013	20006296	7000003609	125379716
GLOBAL	IV	6960001	6970000	0.0030365266659172	8050	24545272	8083338202	95663048
GLOBAL	IV	6970001	6980000	0.0038541469990646	7759	29433280	7636781889	246556086
GLOBAL	IV	6980001	6990000	0.0057495113579674	8725	50435656	8772163904	92654221
GLOBAL	IV	6990001	7000000	0.0075335015161129	8005	60252064	7997883039	135397086
GLOBAL	IV	7000001	7010000	0.0042901559723819	9110	39566324	9222584040	33403710
GLOBAL	IV	7010001	7020000	0.0033893260696212	8329	28429308	8387894058	74578167
GLOBAL	IV	7020001	7030000	0.002539040439596	8752	21597292	8506084292	386166508
GLOBAL	IV	7030001	7040000	0.0036623277897161	8180	29974600	8184575964	126508536
GLOBAL	IV	7040001	7050000	0.0041261229619634	7034	28106648	6811878429	334841421
GLOBAL	IV	7050001	7060000	0.0029605215902771	9283	27724368	9364690361	67069714
GLOBAL	IV	7060001	7070000	0.0037523648307453	8100	30482528	8123551247	106251253
GLOBAL	IV	7070001	7080000	0.0049652062296587	8052	36704372	7392315707	788717593
GLOBAL	IV	7080001	7090000	0.0034225047935961	7745	25697980	7508530024	360583601
GLOBAL	IV	7090001	7100000	0.0024625244892235	8196	20394912	8282115402	45225498
GLOBAL	IV	7100001	7110000	0.0023761913326027	8785	21096912	8878456760	47322865
GLOBAL	IV	7110001	7120000	0.0030168617252513	8574	26002900	8619188537	92209813
GLOBAL	IV	7120001	7130000	0.0030345618899271	6823	20553080	6772997469	159341106
GLOBAL	IV	7130001	7140000	0.0018484964447079	8644	16079124	8698487923	84032177
GLOBAL	IV	7140001	7150000	0.0026327853252513	8973	23872540	9067408486	49383839
GLOBAL	IV	7150001	7160000	0.0025553820491944	8866	22832116	8934912886	73164764
GLOBAL	IV	7160001	7170000	0.0035198665519876	7579	25597372	7272256383	428197092
GLOBAL	IV	7170001	7180000	0.0017458252477384	9402	16623440	9521823574	30843476
GLOBAL	IV	7180001	7190000	0.0042616658973864	4765	14866540	3488433950	1352925175
GLOBAL	IV	7190001	7200000	0.010717420480587	1749	5399648	503819740	1273207985
GLOBAL	IV	7200001	7210000	0.0044608394055689	6341	26926956	6036298004	406316521
GLOBAL	IV	7210001	7220000	0.0025575031377414	8527	21698588	8484285974	179359201
GLOBAL	IV	7220001	7230000	0.0030099857432848	7622	22754300	7559603912	184538638
GLOBAL	IV	7230001	7240000	0.0028373578607422	7801	21059712	7422296740	503714285
GLOBAL	IV	7240001	7250000	0.0025944962390976	8358	21645528	8342863510	149073440
GLOBAL	IV	7250001	7260000	0.0022539666000241	8732	19685548	8733735451	138194849
GLOBAL	IV	7260001	7270000	0.0018533965651561	8142	13584912	7329738414	942737136
GLOBAL	IV	7270001	7280000	0.002574036141523	7357	17211584	6686613184	791330816
GLOBAL	IV	7280001	7290000	0.0019739262924254	8813	17505352	8868290608	85937717
GLOBAL	IV	7290001	7300000	0.0026460833394646	8694	23221300	8775725108	57596242
GLOBAL	IV	7300001	7310000	0.0022718931993841	8698	19947240	8780007795	57377655
GLOBAL	IV	7310001	7320000	0.0037494308787034	8678	32880664	8769507977	47556973
GLOBAL	IV	7320001	7330000	0.004010269690271	7693	30837472	7689625482	126654843
GLOBAL	IV	7330001	7340000	0.0028867474382556	9193	26715796	9254635735	85682090
GLOBAL	IV	7340001	7350000	0.0024059190552942	8316	20052480	8334644491	114619409
GLOBAL	IV	7350001	7360000	0.0029872910938231	8686	26086424	8732468039	92725111
GLOBAL	IV	7360001	7370000	0.0019748242273326	8500	16776264	8495066937	141145563
GLOBAL	IV	7370001	7380000	0.0021281977539993	8162	17546356	8244701869	48094181
GLOBAL	IV	7380001	7390000	0.002156686465207	8094	16540016	7669179673	554526677
GLOBAL	IV	7390001	7400000	0.0026710305819075	7762	19920396	7457943812	428442238
GLOBAL	IV	7400001	7410000	0.0025305847558353	8194	20702524	8180924963	144383887
GLOBAL	IV	7410001	7420000	0.0014386789660032	9360	13622872	9469014507	40979493
GLOBAL	IV	7420001	7430000	0.0023475629200225	8470	20048432	8540104220	65627530
GLOBAL	IV	7430001	7440000	0.0029742764908004	8413	25112720	8443303801	104514524
GLOBAL	IV	7440001	7450000	0.0025003297513966	9046	22801508	9119400346	71561804
GLOBAL	IV	7450001	7460000	0.0039650181798181	7893	29381648	7410217726	609267599
GLOBAL	IV	7460001	7470000	0.0017140666630314	7515	12867972	7507276279	128151596
GLOBAL	IV	7470001	7480000	0.0022944064240089	7794	17165892	7481626542	437272308
GLOBAL	IV	7480001	7490000	0.0018764491791407	7712	13916384	7416339411	419245389
GLOBAL	IV	7490001	7500000	0.0022230490899771	8537	18894112	8499187933	174617492
GLOBAL	IV	7500001	7510000	0.0021225555142019	9345	20058080	9449967205	44786420
GLOBAL	IV	7510001	7520000	0.0026156596468097	8665	22684128	8672431074	131425551
GLOBAL	IV	7520001	7530000	0.0025846111550942	9189	23984748	9279828400	56425325
GLOBAL	IV	7530001	7540000	0.0025850248045998	5821	13082092	5060722039	853559486
GLOBAL	IV	7540001	7550000	0.0032364887729501	8302	26660164	8237372619	197666931
GLOBAL	IV	7550001	7560000	0.0042670635437048	8174	34911016	8181508347	123480003
GLOBAL	IV	7560001	7570000	0.0026559814154076	9239	24805376	9339438844	47616131
GLOBAL	IV	7570001	7580000	0.0025345545321763	8568	21599148	8521871487	183430713
GLOBAL	IV	7580001	7590000	0.0031354333001926	8498	26946216	8594096388	40084062
GLOBAL	IV	7590001	7600000	0.0020629968929807	8587	17877800	8665936464	58670211
GLOBAL	IV	7600001	7610000	0.0021284542156043	8849	18606224	8741660433	249144792
GLOBAL	IV	7610001	7620000	0.0024559791784581	8958	20663740	8413646248	687905702
GLOBAL	IV	7620001	7630000	0.0028384325984045	9017	25855148	9108952601	52544824
GLOBAL	IV	7630001	7640000	0.0034586939955402	8470	29354408	8487136485	118595265
GLOBAL	IV	7640001	7650000	0.002307988148034	9041	21020280	9107620426	78261599
GLOBAL	IV	7650001	7660000	0.0025998618939398	8733	22902724	8809207925	63738400
GLOBAL	IV	7660001	7670000	0.0041916064664827	7640	31941888	7620440577	141990423
GLOBAL	IV	7670001	7680000	0.0019904753712749	8616	17306020	8694415540	59655860
GLOBAL	IV	7680001	7690000	0.0024589898086312	8963	22272516	9057587763	49044312
GLOBAL	IV	7690001	7700000	0.0033758087286748	8495	28299988	8383172826	247959549
GLOBAL	IV	7700001	7710000	0.0023230895267672	9155	21502000	9255777598	45931277
GLOBAL	IV	7710001	7720000	0.0032766948675111	8576	28197760	8605549537	107880863
GLOBAL	IV	7720001	7730000	0.0048925582310318	8752	43074368	8804058320	88192480
GLOBAL	IV	7730001	7740000	0.0024442077741452	8585	21057252	8615164481	107410144
GLOBAL	IV	7740001	7750000	0.0031190688712861	6885	19303888	6188990624	806341501
GLOBAL	IV	7750001	7760000	0.001907817247012	8952	17177144	9003558400	91897400
GLOBAL	IV	7760001	7770000	0.0034810140740583	8968	31563928	9067451992	44260208
GLOBAL	IV	7770001	7780000	0.0025300938230906	8798	22333496	8827141427	111846523
GLOBAL	IV	7780001	7790000	0.0025336021294324	8365	21273464	8396529097	102520028
GLOBAL	IV	7790001	7800000	0.0021118457924533	8967	19070432	9030219947	80476228
GLOBAL	IV	7800001	7810000	0.0019803238971874	8915	17822332	8999705566	58157309
GLOBAL	IV	7810001	7820000	0.002329575063408	9142	21507492	9232367026	56133524
GLOBAL	IV	7820001	7830000	0.0027452370454827	8349	22797552	8304401996	178390729
GLOBAL	IV	7830001	7840000	0.0029553386389512	8772	25529292	8638364370	274206930
GLOBAL	IV	7840001	7850000	0.0039844023047458	5049	6338116	1590731938	3539178287
GLOBAL	IV	7850001	7860000	0.0022525895687438	5845	2578960	1144886772	4794795378
GLOBAL	IV	7860001	7870000	0.0035713128997989	8455	27413980	7676163016	914328359
GLOBAL	IV	7870001	7880000	0.0025246086583607	8494	21608816	8559273505	70842845
GLOBAL	IV	7880001	7890000	0.0022434390636855	8964	20050464	8937378476	170269624
GLOBAL	IV	7890001	7900000	0.0019948869946885	9197	18541272	9294397151	49984774
GLOBAL	IV	7900001	7910000	0.0026845644153904	8948	24198416	9013907754	77483946
GLOBAL	IV	7910001	7920000	0.0024649036646413	8742	21709384	8807396537	74694013
GLOBAL	IV	7920001	7930000	0.0014848933740133	9026	13536988	9116471416	54170234
GLOBAL	IV	7930001	7940000	0.0022134328322462	8551	19149824	8651639987	36389788
GLOBAL	IV	7940001	7950000	0.0011269867305554	9490	10790992	9575083457	66993793
GLOBAL	IV	7950001	7960000	0.0015170234254131	8837	13453440	8868313946	110298979
GLOBAL	IV	7960001	7970000	0.0019747855556854	9473	18951928	9596954943	27849882
GLOBAL	IV	7970001	7980000	0.0034150330407043	8155	27652192	8097196036	188487839
GLOBAL	IV	7980001	7990000	0.0036310998666709	8651	31584092	8698216287	91415988
GLOBAL	IV	7990001	8000000	0.0017994335564159	8223	14913852	8288081517	66692058
GLOBAL	IV	8000001	8010000	0.0010254648651674	9588	9950468	9703372917	38274783
GLOBAL	IV	8010001	8020000	0.0017770642767797	9096	16334452	9191818334	49945066
GLOBAL	IV	8020001	8030000	0.001977072666765	8930	17803880	9005172293	67930957
GLOBAL	IV	8030001	8040000	0.0023348861236907	8191	19233792	8237571762	84689013
GLOBAL	IV	8040001	8050000	0.0023421672253819	8234	19331452	8253660025	112289825
GLOBAL	IV	8050001	8060000	0.0026352363471862	8539	21881252	8303335685	372501790
GLOBAL	IV	8060001	8070000	0.0034484886549987	7356	23923232	6937309179	536570721
GLOBAL	IV	8070001	8080000	0.0015500463626677	9503	14925332	9628958436	26327139
GLOBAL	IV	8080001	8090000	0.002133618583849	9276	19997244	9372454923	52192977
GLOBAL	IV	8090001	8100000	0.0032733407317139	8220	26995292	8247015576	104709924
GLOBAL	IV	8100001	8110000	0.0013998144326789	9382	13294680	9497458870	34887680
GLOBAL	IV	8110001	8120000	0.0020739352319718	9190	19183180	9249652402	87617348
GLOBAL	IV	8120001	8130000	0.002071829384455	9321	19548660	9435458415	34910610
GLOBAL	IV	8130001	8140000	0.0014099066873349	8864	12620036	8950972510	55073090
GLOBAL	IV	8140001	8150000	0.0027638166521615	8218	22859104	8270846759	78846691
GLOBAL	IV	8150001	8160000	0.0021178349676378	7539	15833688	7476355921	183456554
GLOBAL	IV	8160001	8170000	0.0016700120538412	9625	16266352	9740260235	38980390
GLOBAL	IV	8170001	8180000	0.0016835262679957	9202	15693148	9321593787	27868263
GLOBAL	IV	8180001	8190000	0.0017488213801842	9009	15921992	9104412938	48956287
GLOBAL	IV	8190001	8200000	0.0025188289109689	8975	22873908	9081167800	37656575
GLOBAL	IV	8200001	8210000	0.0018629627280093	9274	17440096	9361484123	61131727
GLOBAL	IV	8210001	8220000	0.001879225210169	9043	16988984	9040419375	147494700
GLOBAL	IV	8220001	8230000	0.0022012181594144	8227	17946092	8152800268	206037407
GLOBAL	IV	8230001	8240000	0.0021259681860368	7310	13827820	6504245967	922896783
GLOBAL	IV	8240001	8250000	0.0029796894528242	7438	19744840	6626475783	944942517
GLOBAL	IV	8250001	8260000	0.0016211264424838	9144	14975444	9237677955	52854645
GLOBAL	IV	8260001	8270000	0.0021117062999066	8015	16569224	7846367651	297072724
GLOBAL	IV	8270001	8280000	0.0016731633077353	8544	14370036	8588543589	92374011
GLOBAL	IV	8280001	8290000	0.001448533775333	9073	13283552	9170343299	48051526
GLOBAL	IV	8290001	8300000	0.00165728070522	9078	15120100	9123439350	100035600
GLOBAL	IV	8300001	8310000	0.001970936280384	8233	16369076	8305228415	59705410
GLOBAL	IV	8310001	8320000	0.002635649312306	7602	19997412	7587281019	136541031
GLOBAL	IV	8320001	8330000	0.001601561536809	9548	15477756	9664165656	36841044
GLOBAL	IV	8330001	8340000	0.0020267704022147	8659	17631632	8699373141	98387334
GLOBAL	IV	8340001	8350000	0.0018940932770172	8946	17113176	9035022830	54336820
GLOBAL	IV	8350001	8360000	0.0019127536397437	9351	18107708	9466827104	34022671
GLOBAL	IV	8360001	8370000	0.0023907317526553	8151	19384972	8108384380	173235395
GLOBAL	IV	8370001	8380000	0.0020264155365659	8582	17528320	8649913941	69612609
GLOBAL	IV	8380001	8390000	0.0026211229467589	8210	21698908	8278477752	63087498
GLOBAL	IV	8390001	8400000	0.0020231939918719	8455	17149592	8476494132	113997243
GLOBAL	IV	8400001	8410000	0.0031034020685308	7873	24473708	7886089994	113074831
GLOBAL	IV	8410001	8420000	0.0027779732992763	8454	23678612	8523700356	65774994
GLOBAL	IV	8420001	8430000	0.0023957043208891	8908	21393756	8930048593	120702107
GLOBAL	IV	8430001	8440000	0.0033099976637242	4813	7811324	2359918282	2535290168
GLOBAL	IV	8440001	8450000	0.0009258837716581	2825	105184	113603892	2794259658
GLOBAL	IV	8450001	8460000	0.0028673859750586	5138	2063392	719607342	4599283533
GLOBAL	IV	8460001	8470000	0.002836473076781	8638	24598448	8672195129	104228821
GLOBAL	IV	8470001	8480000	0.0026479281022425	9322	24948588	9421928027	49457023
GLOBAL	IV	8480001	8490000	0.0025640777522824	8697	22518264	8782207942	54161483
GLOBAL	IV	8490001	8500000	0.0017041799033301	9225	15876844	9316413114	56417511
GLOBAL	IV	8500001	8510000	0.0021292169224903	7411	15695820	7371639702	158121573
GLOBAL	IV	8510001	8520000	0.0023182827014312	7889	17869976	7708281647	307139578
GLOBAL	IV	8520001	8530000	0.0016824702983312	8965	15176544	9020393415	88270710
GLOBAL	IV	8530001	8540000	0.002167087373227	8896	19414956	8959009332	79549068
GLOBAL	IV	8540001	8550000	0.0024917113706913	8881	21474236	8618267851	405050174
GLOBAL	IV	8550001	8560000	0.0021963211438955	8783	19429236	8846263696	77483879
GLOBAL	IV	8560001	8570000	0.0020147701876445	8604	17468764	8670350647	71528453
GLOBAL	IV	8570001	8580000	0.0029120706837515	7271	19910668	6837288707	550229068
GLOBAL	IV	8580001	8590000	0.0024420585418034	9046	22248872	9110703785	80258365
GLOBAL	IV	8590001	8600000	0.0021015304117046	8631	18331740	8723042930	46268845
GLOBAL	IV	8600001	8610000	0.0020546308965499	8252	16894344	8222568846	161669454
GLOBAL	IV	8610001	8620000	0.0024815429392407	8778	22005904	8867831240	50836210
GLOBAL	IV	8620001	8630000	0.0023926989579064	8735	21058936	8801331204	73647171
GLOBAL	IV	8630001	8640000	0.0013935055397705	9490	13384316	9604781336	37295914
GLOBAL	IV	8640001	8650000	0.0023200421418869	8948	20904368	9010339779	81051921
GLOBAL	IV	8650001	8660000	0.001986285003907	8621	17202292	8660535606	98615919
GLOBAL	IV	8660001	8670000	0.0019348198602477	8883	17334768	8959370511	65979564
GLOBAL	IV	8670001	8680000	0.0026445711772364	9076	24109360	9116547971	104894929
GLOBAL	IV	8680001	8690000	0.0032847311440608	9069	30000112	9133201679	81129046
GLOBAL	IV	8690001	8700000	0.0029185783028025	8363	24393208	8357907676	139109399
GLOBAL	IV	8700001	8710000	0.0024007725542168	8884	21533132	8969251153	57114947
GLOBAL	IV	8710001	8720000	0.002007729429887	9107	18440264	9184636000	68303675
GLOBAL	IV	8720001	8730000	0.0024805661763989	8129	20272172	8172397170	86870055
GLOBAL	IV	8730001	8740000	0.0034293322053994	8547	29294828	8542429326	141536349
GLOBAL	IV	8740001	8750000	0.0025427011223319	8571	21988636	8647746999	60603276
GLOBAL	IV	8750001	8760000	0.0016230611166791	9344	15266320	9405881173	87856427
GLOBAL	IV	8760001	8770000	0.0019908158755683	8651	17346368	8713195536	76436739
GLOBAL	IV	8770001	8780000	0.0018192128124909	8863	16292444	8955765861	49263714
GLOBAL	IV	8780001	8790000	0.0020394621890103	8612	17688108	8672927645	77079655
GLOBAL	IV	8790001	8800000	0.002546835808135	9100	23417988	9194934328	50893172
GLOBAL	IV	8800001	8810000	0.0029086037150647	7896	22779036	7831605207	190928193
GLOBAL	IV	8810001	8820000	0.0020216416646178	9124	18401676	9102343072	167869028
GLOBAL	IV	8820001	8830000	0.002088556709814	8842	18680092	8944019529	39673521
GLOBAL	IV	8830001	8840000	0.0020331383730484	9024	17088364	8404919324	763690276
GLOBAL	IV	8840001	8850000	0.0019935902667041	8761	17572288	8814392954	87002071
GLOBAL	IV	8850001	8860000	0.0022509196534602	8865	20107208	8932885707	74175918
GLOBAL	IV	8860001	8870000	0.0011847990347775	9701	11652056	9834626513	21832012
GLOBAL	IV	8870001	8880000	0.0013120259016578	9650	12816600	9768557148	36084102
GLOBAL	IV	8880001	8890000	0.0024652393424399	8615	21349216	8660098690	92956685
GLOBAL	IV	8890001	8900000	0.0028101239326084	8380	23754364	8453137502	61151998
GLOBAL	IV	8900001	8910000	0.0036489127171691	8508	30161332	8265840906	378499794
GLOBAL	IV	8910001	8920000	0.0019354184701033	9435	18468616	9542440710	43755165
GLOBAL	IV	8920001	8930000	0.0015473146689704	9326	14618556	9447694314	27754836
GLOBAL	IV	8930001	8940000	0.0013396970542944	8846	11362840	8481648865	506108285
GLOBAL	IV	8940001	8950000	0.002828046978314	7567	20447408	7230222184	458038991
GLOBAL	IV	8950001	8960000	0.0013417355639887	9264	12579192	9375313838	37141762
GLOBAL	IV	8960001	8970000	0.0017728551284248	9342	16699628	9419623596	72081954
GLOBAL	IV	8970001	8980000	0.0011887958272246	9604	11571000	9733378714	24525386
GLOBAL	IV	8980001	8990000	0.0022472652047791	8451	19125572	8510598553	75828722
GLOBAL	IV	8990001	9000000	0.0025339042882502	8754	22222184	8769938195	124344655
GLOBAL	IV	9000001	9010000	0.0024504468670668	8915	22021048	8986543759	71319116
GLOBAL	IV	9010001	9020000	0.0018996487476097	9307	17894736	9420023582	36121093
GLOBAL	IV	9020001	9030000	0.0018121930714796	8704	15799040	8718188061	125293539
GLOBAL	IV	9030001	9040000	0.0020761723154791	8774	18327892	8827731621	86871729
GLOBAL	IV	9040001	9050000	0.0023488794019932	8064	17287372	7359838051	833387549
GLOBAL	IV	9050001	9060000	0.0019978966561777	7615	13723920	6869184128	867846247
GLOBAL	IV	9060001	9070000	0.0018047683298602	8337	15150820	8394883570	75716855
GLOBAL	IV	9070001	9080000	0.0016250095994041	9152	15024760	9245951535	52709265
GLOBAL	IV	9080001	9090000	0.0019761260498764	8824	17541604	8876763707	88640893
GLOBAL	IV	9090001	9100000	0.0022671078996004	9009	20612724	9092078945	61290280
GLOBAL	IV	9100001	9110000	0.0023133750816737	8724	19861448	8585485405	278316695
GLOBAL	IV	9110001	9120000	0.0018446444640587	9704	18119016	9822497697	37008903
GLOBAL	IV	9120001	9130000	0.0017327393101123	9156	15998440	9233033444	69691456
GLOBAL	IV	9130001	9140000	0.0026560342329739	5858	13986652	5265990862	685883588
GLOBAL	IV	9140001	9150000	0.0036171046856036	7102	20191484	5582222732	1679307943
GLOBAL	IV	9150001	9160000	0.0012494681038222	6668	8100888	6483469226	291385474
GLOBAL	IV	9160001	9170000	0.0028131598934442	7766	21994552	7818450722	71999428
GLOBAL	IV	9170001	9180000	0.0029332221871379	8740	25923404	8837858964	42199536
GLOBAL	IV	9180001	9190000	0.0016483306958835	9121	15157548	9195696008	71468017
GLOBAL	IV	9190001	9200000	0.0017072684062959	8516	14293968	8372419912	280048988
GLOBAL	IV	9200001	9210000	0.0022936485932649	8721	19393228	8455187101	405566924
GLOBAL	IV	9210001	9220000	0.0028088639619405	8858	25093152	8933559026	66390424
GLOBAL	IV	9220001	9230000	0.0026503816043717	8781	23347864	8809246171	112469354
GLOBAL	IV	9230001	9240000	0.0036860429203719	6929	24626744	6681079014	358958211
GLOBAL	IV	9240001	9250000	0.0029895489992071	7983	23798060	7960418112	150509463
GLOBAL	IV	9250001	9260000	0.0033768403627966	8120	27600336	8173420427	76702573
GLOBAL	IV	9260001	9270000	0.0034494736409603	8506	29509616	8554817074	87491576
GLOBAL	IV	9270001	9280000	0.0015328636823342	9085	14024852	9149445030	81142095
GLOBAL	IV	9280001	9290000	0.0020506851642243	9540	19786592	9648771223	44107277
GLOBAL	IV	9290001	9300000	0.0022476098798605	7935	16558464	7367143270	695015105
GLOBAL	IV	9300001	9310000	0.0023961776112933	8180	19066580	7957081274	354003226
GLOBAL	IV	9310001	9320000	0.002286660081002	8938	20561688	8992017734	89213716
GLOBAL	IV	9320001	9330000	0.0023363742443537	9108	21450708	9181195201	72760499
GLOBAL	IV	9330001	9340000	0.0019414762604075	8830	17296960	8909179243	62321507
GLOBAL	IV	9340001	9350000	0.0025522028749753	8178	20864076	8174928492	134123958
GLOBAL	IV	9350001	9360000	0.0021173980731148	9047	19380688	9153067742	38910433
GLOBAL	IV	9360001	9370000	0.0010713964525226	9821	10662328	9951804465	26577060
GLOBAL	IV	9370001	9380000	0.0024439950617555	8891	21949572	8981021420	52456855
GLOBAL	IV	9380001	9390000	0.0040755568321692	8359	34260292	8406284935	86668040
GLOBAL	IV	9390001	9400000	0.0018583371438314	8919	16696204	8984485972	77441003
GLOBAL	IV	9400001	9410000	0.0019926866209071	8303	16655376	8358251531	77804044
GLOBAL	IV	9410001	9420000	0.0026898637672563	8363	22144660	8232632548	264384527
GLOBAL	IV	9420001	9430000	0.002759206576794	8207	21553928	7811639832	526877343
GLOBAL	IV	9430001	9440000	0.0035859098124998	8991	32541336	9074778146	60302629
GLOBAL	IV	9440001	9450000	0.0024393000061973	8558	21013212	8614443466	80698484
GLOBAL	IV	9450001	9460000	0.0016700972431893	8661	14609480	8747682244	52110281
GLOBAL	IV	9460001	9470000	0.001755898311493	8720	15470100	8810362137	49375863
GLOBAL	IV	9470001	9480000	0.0018509501453288	9085	16957052	9161268899	69318226
GLOBAL	IV	9480001	9490000	0.0019037036729522	8818	16854968	8853777108	105531342
GLOBAL	IV	9490001	9500000	0.0014970168488527	9447	14325900	9569631772	28756403
GLOBAL	IV	9500001	9510000	0.0026910991403143	8275	22353236	8306359162	101247713
GLOBAL	IV	9510001	9520000	0.0039301061900703	8165	32030184	8149953831	145890294
GLOBAL	IV	9520001	9530000	0.0018933843756191	9019	17248528	9109892435	53637040
GLOBAL	IV	9530001	9540000	0.0021317432710536	8903	19146128	8981441743	64228832
GLOBAL	IV	9540001	9550000	0.0024505862307376	9050	22155868	9041048106	153978144
GLOBAL	IV	9550001	9560000	0.0027508760334688	9180	25515396	9275371078	51738422
GLOBAL	IV	9560001	9570000	0.0017253343191036	9437	16504476	9565958213	22269712
GLOBAL	IV	9570001	9580000	0.0028907878421712	9316	27116936	9380465631	84823269
GLOBAL	IV	9580001	9590000	0.0016711042625511	9065	15319884	9167521347	42745278
GLOBAL	IV	9590001	9600000	0.0019982711861013	8988	18080020	9047831008	84201692
GLOBAL	IV	9600001	9610000	0.0023642940115549	8942	21184680	8960256168	125039382
GLOBAL	IV	9610001	9620000	0.0025761978810059	8695	22602996	8773780992	60556383
GLOBAL	IV	9620001	9630000	0.003256723443386	8719	28433488	8730703879	128018096
GLOBAL	IV	9630001	9640000	0.0017403215284868	9011	15740648	9044678091	110723184
GLOBAL	IV	9640001	9650000	0.0020347804808814	8961	18356832	9021529434	83070591
GLOBAL	IV	9650001	9660000	0.0021415346336557	8926	19316604	9019982071	49057079
GLOBAL	IV	9660001	9670000	0.0015428153672126	8975	13965928	9052235476	66588899
GLOBAL	IV	9670001	9680000	0.0020599084153806	8650	17942268	8710226079	78390171
GLOBAL	IV	9680001	9690000	0.0021161280774808	8641	18407152	8698505632	80966393
GLOBAL	IV	9690001	9700000	0.0024741469670906	8486	21203680	8570097202	51890948
GLOBAL	IV	9700001	9710000	0.0011574984138598	8972	10509268	9079293651	36482649
GLOBAL	IV	9710001	9720000	0.0023667174015433	8624	20496600	8660349557	101850043
GLOBAL	IV	9720001	9730000	0.0025766937792013	8953	23237392	9018297862	78173963
GLOBAL	IV	9730001	9740000	0.0021704628131485	9254	20325588	9364633145	37662205
GLOBAL	IV	9740001	9750000	0.0034474796663922	8452	29391216	8525421132	62022168
GLOBAL	IV	9750001	9760000	0.0031228942371401	9286	29315504	9387286848	47521302
GLOBAL	IV	9760001	9770000	0.0016250899442741	8906	14628116	9001419307	47299343
GLOBAL	IV	9770001	9780000	0.0033510218029667	8557	28796176	8593252355	100873570
GLOBAL	IV	9780001	9790000	0.0023612103340771	9100	21711824	9195209629	50617871
GLOBAL	IV	9790001	9800000	0.0026014774501609	9161	23936628	9201166821	106638204
GLOBAL	IV	9800001	9810000	0.0022861752169693	9324	21575904	9437554847	35862253
GLOBAL	IV	9810001	9820000	0.0041891800889138	8454	35677372	8516552462	72922888
GLOBAL	IV	9820001	9830000	0.0017556793797495	9141	16190216	9221624510	65860015
GLOBAL	IV	9830001	9840000	0.0022752886845909	9104	20870816	9172821076	77070524
GLOBAL	IV	9840001	9850000	0.0024994058563166	8844	21575436	8632225913	353499187
GLOBAL	IV	9850001	9860000	0.001140257322609	9643	11100964	9735490209	62038866
GLOBAL	IV	9860001	9870000	0.0027936023989035	8698	24598948	8805457788	31927662
GLOBAL	IV	9870001	9880000	0.00160388042138	5826	5459192	3403740034	2524765841
GLOBAL	IV	9880001	9890000	0.0014252918445408	5824	5113084	3587394413	2329935187
GLOBAL	IV	9890001	9900000	0.0026745879586515	7483	18184148	6798859593	804055482
GLOBAL	IV	9900001	9910000	0.001979049858803	8407	16247160	8209575887	332146288
GLOBAL	IV	9910001	9920000	0.0031326055582605	8364	26321852	8402542711	95490389
GLOBAL	IV	9920001	9930000	0.0025608651051063	8408	21657996	8457296699	85441501
GLOBAL	IV	9930001	9940000	0.0030285643158742	7688	23020088	7600990304	210209896
GLOBAL	IV	9940001	9950000	0.0020452263556528	8884	18205636	8901526205	124839895
GLOBAL	IV	9950001	9960000	0.0025541282047599	8611	22171048	8680475772	68515503
GLOBAL	IV	9960001	9970000	0.0023781979674476	8482	20132068	8465261629	152662421
GLOBAL	IV	9970001	9980000	0.001610440293133	9181	14956884	9287450186	40675339
GLOBAL	IV	9980001	9990000	0.0021693135263685	8958	19588416	9029776361	71775589
GLOBAL	IV	9990001	10000000	0.0020321260097024	8018	14983192	7373160881	773327569
GLOBAL	IV	10000001	10010000	0.0016563915787899	9073	15209312	9182195922	36198903
GLOBAL	IV	10010001	10020000	0.0022100904891427	9174	20518420	9283972806	37040544
GLOBAL	IV	10020001	10030000	0.001902229974891	8614	16339904	8589867795	162171555
GLOBAL	IV	10030001	10040000	0.002132243692834	8371	18020244	8451306040	53839235
GLOBAL	IV	10040001	10050000	0.0022067829189985	8708	19395732	8789143614	58402086
GLOBAL	IV	10050001	10060000	0.0017647031113264	7935	12617692	7150036694	912121681
GLOBAL	IV	10060001	10070000	0.002555138643898	8104	20400248	7984008245	249858355
GLOBAL	IV	10070001	10080000	0.0024760146138025	8515	21281500	8595062356	56390519
GLOBAL	IV	10080001	10090000	0.0016463456876255	8155	13501820	8201084439	84599436
GLOBAL	IV	10090001	10100000	0.0017204755937529	8579	14878716	8648025031	68453444
GLOBAL	IV	10100001	10110000	0.0023879043967215	8444	20245308	8478274100	101041000
GLOBAL	IV	10110001	10120000	0.0021179433086447	8395	17671572	8343741746	185788129
GLOBAL	IV	10120001	10130000	0.0019914089919605	7687	14354312	7208118502	602065673
GLOBAL	IV	10130001	10140000	0.0021010189780077	6868	12803280	6093843099	884216601
GLOBAL	IV	10140001	10150000	0.0020017701382165	8186	15937408	7961657383	355523267
GLOBAL	IV	10150001	10160000	0.0020603435077076	8545	17773524	8626485794	55447831
GLOBAL	IV	10160001	10170000	0.0012057324082972	9410	11463188	9507240513	53554737
GLOBAL	IV	10170001	10180000	0.0018627659493842	9014	16978016	9114411827	44037523
GLOBAL	IV	10180001	10190000	0.0024971030975073	8973	22605416	9052656265	64136060
GLOBAL	IV	10190001	10200000	0.0026748543914875	8323	22395652	8372662105	83713970
GLOBAL	IV	10200001	10210000	0.0023069126837037	8636	20140020	8730291416	44100484
GLOBAL	IV	10210001	10220000	0.0020872395903643	9066	19107188	9154285923	56996727
GLOBAL	IV	10220001	10230000	0.0020777349727806	8861	18582208	8943492911	59504614
GLOBAL	IV	10230001	10240000	0.0016399231767114	8645	13141196	8013299761	770236364
GLOBAL	IV	10240001	10250000	0.0021874235146036	8729	19178680	8767703132	101179093
GLOBAL	IV	10250001	10260000	0.0020014646197368	9133	18460424	9223457571	55898754
GLOBAL	IV	10260001	10270000	0.0014170333738785	9450	13484744	9516179540	85256710
GLOBAL	IV	10270001	10280000	0.0015373733415785	9437	14687088	9553364562	34863363
GLOBAL	IV	10280001	10290000	0.0026295925889482	8679	23021272	8754691543	63389432
GLOBAL	IV	10290001	10300000	0.0016451300223835	7191	11821304	7185635080	120600695
GLOBAL	IV	10300001	10310000	0.0017652914668961	8881	15555600	8811915931	211402094
GLOBAL	IV	10310001	10320000	0.0018020115381424	9350	17022280	9446265820	53567930
GLOBAL	IV	10320001	10330000	0.0018949965525	8791	16802172	8866597661	65278114
GLOBAL	IV	10330001	10340000	0.0016986281243956	8828	14864912	8751127917	218340783
GLOBAL	IV	10340001	10350000	0.0017828005279439	8866	15660476	8784199777	223877873
GLOBAL	IV	10350001	10360000	0.0015959112005047	8968	14426768	9039831286	71880914
GLOBAL	IV	10360001	10370000	0.0018375116120198	8893	15165472	8253265939	782244386
GLOBAL	IV	10370001	10380000	0.0011700154943016	8851	10469396	8948083210	44754065
GLOBAL	IV	10380001	10390000	0.0023715537524021	8991	21440840	9040840832	94239943
GLOBAL	IV	10390001	10400000	0.0020091135836352	8655	17445712	8683288064	110408311
GLOBAL	IV	10400001	10410000	0.0016585588084082	9178	15373916	9269442797	55634653
GLOBAL	IV	10410001	10420000	0.0022220606509223	8506	18996156	8548891765	93416885
GLOBAL	IV	10420001	10430000	0.00149158937969	8712	13130664	8803135889	48473911
GLOBAL	IV	10430001	10440000	0.0014734180399035	9518	14198824	9636656818	33869132
GLOBAL	IV	10440001	10450000	0.0011758060073631	9434	11224836	9546503360	38676490
GLOBAL	IV	10450001	10460000	0.0021135918359538	8624	18331196	8673006627	89192973
GLOBAL	IV	10460001	10470000	0.0019819410629146	9054	18111280	9138152662	60937688
GLOBAL	IV	10470001	10480000	0.0012951674882443	9194	12040416	9296416185	44917665
GLOBAL	IV	10480001	10490000	0.0013875713095535	9305	13016484	9380767612	73345013
GLOBAL	IV	10490001	10500000	0.0017845535191987	8778	15796868	8852000139	66667311
GLOBAL	IV	10500001	10510000	0.0020618734969356	8200	17046320	8267393720	64011280
GLOBAL	IV	10510001	10520000	0.0016398593244322	9028	14846836	9053725389	118948311
GLOBAL	IV	10520001	10530000	0.0020925200769896	8874	18730632	8951231678	64974172
GLOBAL	IV	10530001	10540000	0.002012325747949	8774	17707376	8799458049	115145301
GLOBAL	IV	10540001	10550000	0.0021571654476884	8644	18653132	8647056729	135463371
GLOBAL	IV	10550001	10560000	0.0020144431205585	8672	17566632	8720341528	90627272
GLOBAL	IV	10560001	10570000	0.0020320526196426	8106	16379300	8060470404	175428246
GLOBAL	IV	10570001	10580000	0.0021957112926097	8508	18824864	8573469592	70871108
GLOBAL	IV	10580001	10590000	0.0021034731024791	8607	18243740	8673151075	71776100
GLOBAL	IV	10590001	10600000	0.0019768912206132	8839	17676008	8941315443	39329532
GLOBAL	IV	10600001	10610000	0.0023011783207884	8488	19630496	8530627906	93392294
GLOBAL	IV	10610001	10620000	0.0015030940869139	9463	14391024	9574266924	40377651
GLOBAL	IV	10620001	10630000	0.0017506326252753	8967	15780628	9014243064	96453111
GLOBAL	IV	10630001	10640000	0.0021869814959991	8459	18669924	8536845892	57709583
GLOBAL	IV	10640001	10650000	0.0020877004011004	8332	17487548	8376464358	89055942
GLOBAL	IV	10650001	10660000	0.0018332843246682	9112	16894500	9215428165	42591635
GLOBAL	IV	10660001	10670000	0.0016222583532649	8871	14517788	8949122050	64035725
GLOBAL	IV	10670001	10680000	0.0019878155764337	8640	17269404	8687628875	90827125
GLOBAL	IV	10680001	10690000	0.0012719547185879	9752	12531348	9852039398	56236402
GLOBAL	IV	10690001	10700000	0.0016140355566278	8958	14465324	8962209005	139342945
GLOBAL	IV	10700001	10710000	0.0018258864288168	9103	16841260	9223607632	25267943
GLOBAL	IV	10710001	10720000	0.0013190784205795	9100	12013976	9107855767	137971733
GLOBAL	IV	10720001	10730000	0.001564572505164	9101	14412220	9211602500	35241025
GLOBAL	IV	10730001	10740000	0.0020439822579365	8782	18045584	8828640234	94091316
GLOBAL	IV	10740001	10750000	0.0014691146811599	8689	12876212	8764606443	63634782
GLOBAL	IV	10750001	10760000	0.0017873282351852	7836	13864512	7757115748	204456152
GLOBAL	IV	10760001	10770000	0.0016430041929225	8938	14815588	9017376866	63854584
GLOBAL	IV	10770001	10780000	0.0022324998410714	7641	16175548	7245486742	517960283
GLOBAL	IV	10780001	10790000	0.0021449906727224	8629	18564252	8654700571	112579154
GLOBAL	IV	10790001	10800000	0.0018780996857201	8717	16545800	8809862504	46827421
GLOBAL	IV	10800001	10810000	0.0022538853426593	8806	20040444	8891509972	55606178
GLOBAL	IV	10810001	10820000	0.0021728015405	8801	19310476	8887362992	54673033
GLOBAL	IV	10820001	10830000	0.0018283681860588	8852	16352120	8943559686	50293614
GLOBAL	IV	10830001	10840000	0.0018843372649115	9102	17313984	9188367880	59491670
GLOBAL	IV	10840001	10850000	0.0020890193211877	8946	18890804	9042905352	46454298
GLOBAL	IV	10850001	10860000	0.0026395451866167	8454	22502924	8525303569	64171781
GLOBAL	IV	10860001	10870000	0.0020892302831953	8570	18008140	8619509369	87824881
GLOBAL	IV	10870001	10880000	0.0025886936092935	8346	21725756	8392555968	87188682
GLOBAL	IV	10880001	10890000	0.0032129631570315	8590	27850260	8668091926	59562824
GLOBAL	IV	10890001	10900000	0.003312557168384	8335	27599460	8331768660	136799715
GLOBAL	IV	10900001	10910000	0.0026653752705689	8413	22337324	8380554981	167263344
GLOBAL	IV	10910001	10920000	0.0021100858751095	7586	16013760	7589150844	118414806
GLOBAL	IV	10920001	10930000	0.001452740360102	9469	13890348	9561480070	59260655
GLOBAL	IV	10930001	10940000	0.0016915349344577	9249	15840676	9364675643	32539582
GLOBAL	IV	10940001	10950000	0.0020041447554016	8652	17501952	8732878178	57770122
GLOBAL	IV	10950001	10960000	0.002456492581622	7463	17421780	7092136215	490458360
GLOBAL	IV	10960001	10970000	0.0018809342435308	8964	16991840	9033723565	73924535
GLOBAL	IV	10970001	10980000	0.0024558090718672	8699	21496496	8753325430	85076045
GLOBAL	IV	10980001	10990000	0.0024343300659925	8663	21139744	8684008917	117815658
GLOBAL	IV	10990001	11000000	0.0022115884206556	8077	18008740	8142898485	63535440
GLOBAL	IV	11000001	11010000	0.0016864244116049	9345	15929888	9445954346	48799279
GLOBAL	IV	11010001	11020000	0.0019152975096581	9188	17828524	9308488060	26749640
GLOBAL	IV	11020001	11030000	0.0011947923172463	8997	10868844	9096847915	44329010
GLOBAL	IV	11030001	11040000	0.0022303850161763	8692	19553136	8766708823	64580477
GLOBAL	IV	11040001	11050000	0.0025716037310761	8969	23227548	9032320073	80408152
GLOBAL	IV	11050001	11060000	0.0016121141620563	8463	13820200	8572717941	25901634
GLOBAL	IV	11060001	11070000	0.0018588775631398	9103	17125468	9212800423	36075152
GLOBAL	IV	11070001	11080000	0.0026120841729998	8788	22791564	8725432448	203395252
GLOBAL	IV	11080001	11090000	0.0027403022986184	9071	25091200	9156362060	60000715
GLOBAL	IV	11090001	11100000	0.0021897042984463	8860	19550760	8928493228	73488272
GLOBAL	IV	11100001	11110000	0.0019635708463909	9049	17957788	9145474956	48535269
GLOBAL	IV	11110001	11120000	0.0016837438570987	8734	14835184	8810831848	63130502
GLOBAL	IV	11120001	11130000	0.0018863136413804	8728	16588220	8793988251	73877949
GLOBAL	IV	11130001	11140000	0.002213344318554	8769	19458916	8791635281	117887944
GLOBAL	IV	11140001	11150000	0.0018868975546684	8896	16943436	8979520885	59037515
GLOBAL	IV	11150001	11160000	0.002106752828983	8648	18331680	8701390950	85193250
GLOBAL	IV	11160001	11170000	0.0018846638355094	9023	17153160	9101442749	66150826
GLOBAL	IV	11170001	11180000	0.0020921199284499	8956	18883684	9026100150	73419750
GLOBAL	IV	11180001	11190000	0.0025717583569757	8951	23253188	9041746841	52692934
GLOBAL	IV	11190001	11200000	0.002783338001376	8575	24138628	8672546413	39867962
GLOBAL	IV	11200001	11210000	0.0018868097984293	8832	16798520	8903133752	70399048
GLOBAL	IV	11210001	11220000	0.0028699917325618	8467	23488188	8184061206	418622469
GLOBAL	IV	11220001	11230000	0.002505841622991	8095	20204208	8062843164	161879211
GLOBAL	IV	11230001	11240000	0.0030995540774374	8375	26018024	8394118428	115090947
GLOBAL	IV	11240001	11250000	0.0046560471222304	8330	38600824	8290471077	173017173
GLOBAL	IV	11250001	11260000	0.0050741465435722	8132	41337464	8146683121	115632179
GLOBAL	IV	11260001	11270000	0.0023456608918483	8032	17985096	7667389631	493323169
GLOBAL	IV	11270001	11280000	0.0018298418607476	8285	15275104	8347772738	69994387
GLOBAL	IV	11280001	11290000	0.0036954603561224	7851	27483968	7437224419	539587856
GLOBAL	IV	11290001	11300000	0.0036805464403227	8671	32132484	8730356897	79595878
GLOBAL	IV	11300001	11310000	0.0038261741521542	8787	33996352	8885207690	42603985
GLOBAL	IV	11310001	11320000	0.001667141169296	9541	16099804	9657132999	36761526
GLOBAL	IV	11320001	11330000	0.0024357065592382	9077	22278260	9146528721	75930204
GLOBAL	IV	11330001	11340000	0.0021376059486506	8827	19030212	8902581887	65870788
GLOBAL	IV	11340001	11350000	0.0022221564761916	8909	19982552	8992414447	59352278
GLOBAL	IV	11350001	11360000	0.0018808232250095	7137	13225768	7031903809	219466616
GLOBAL	IV	11360001	11370000	0.0018780103150694	9135	17290332	9206728984	74659391
GLOBAL	IV	11370001	11380000	0.0017941196248468	8555	15524032	8652729609	39364266
GLOBAL	IV	11380001	11390000	0.0019556769251119	8967	17732564	9067225661	43470514
GLOBAL	IV	11390001	11400000	0.002403671301483	9265	22478796	9351859377	61612248
GLOBAL	IV	11400001	11410000	0.0028186513020427	7580	21285984	7551833029	149636471
GLOBAL	IV	11410001	11420000	0.0025764170414996	8121	20948304	8130789256	120349769
GLOBAL	IV	11420001	11430000	0.0022964277688279	7506	16255208	7078475631	547808019
GLOBAL	IV	11430001	11440000	0.0027473045670417	8639	23222544	8452846575	324593400
GLOBAL	IV	11440001	11450000	0.0027214767495528	8544	23228336	8535195461	145722139
GLOBAL	IV	11450001	11460000	0.0025822009206293	8789	22719940	8798672411	131171314
GLOBAL	IV	11460001	11470000	0.0052380517830945	8123	42634884	8139454470	113716605
GLOBAL	IV	11470001	11480000	0.0026830715746534	8389	22567604	8411107707	112326018
GLOBAL	IV	11480001	11490000	0.002797958638411	8258	22993020	8217784096	172550354
GLOBAL	IV	11490001	11500000	0.003739694030662	7840	23221180	6209379647	1756256353
GLOBAL	IV	11500001	11510000	0.0023080077209298	8095	15868072	6875224834	1352545616
GLOBAL	IV	11510001	11520000	0.0022201301889336	8539	19066344	8587939615	87897860
GLOBAL	IV	11520001	11530000	0.0022331488880468	8922	20123344	9011196749	53778301
GLOBAL	IV	11530001	11540000	0.002695842889589	8754	23691112	8788016576	106266274
GLOBAL	IV	11540001	11550000	0.0025294690418548	8247	21028692	8313480676	65677499
GLOBAL	IV	11550001	11560000	0.0049441787991734	8509	42187372	8532735913	112620812
GLOBAL	IV	11560001	11570000	0.0047163705909677	7933	37602676	7972799269	87327056
GLOBAL	IV	11570001	11580000	0.003209812175468	9150	29566360	9211243021	85385729
GLOBAL	IV	11580001	11590000	0.0029723403075187	9078	27255116	9169581266	53893684
GLOBAL	IV	11590001	11600000	0.0036822458324808	9162	33999864	9233458478	75362572
GLOBAL	IV	11600001	11610000	0.0031908553912957	8540	27265348	8544839755	132013745
GLOBAL	IV	11610001	11620000	0.0024456670598336	7453	16109560	6586979996	985454329
GLOBAL	IV	11620001	11630000	0.0041606215914552	8634	36200872	8700832605	71527245
GLOBAL	IV	11630001	11640000	0.0040517806763544	8920	36533944	9016762485	46180515
GLOBAL	IV	11640001	11650000	0.0036498312038101	7931	29084384	7968692900	89401375
GLOBAL	IV	11650001	11660000	0.0044537389150851	8493	38087712	8551851091	77249234
GLOBAL	IV	11660001	11670000	0.0029251609385825	8601	25392868	8680844758	57986267
GLOBAL	IV	11670001	11680000	0.0036465156820495	8511	31331664	8592219733	55169042
GLOBAL	IV	11680001	11690000	0.0028935902332966	8860	25921728	8958327168	43654332
GLOBAL	IV	11690001	11700000	0.0025228467864126	8580	21888872	8676258946	41235554
GLOBAL	IV	11700001	11710000	0.0027292471260217	8388	23032624	8439185950	83231750
GLOBAL	IV	11710001	11720000	0.0024365689736109	8280	20164804	8275901162	136785838
GLOBAL	IV	11720001	11730000	0.0019896766056188	8638	17301184	8695475411	80948539
GLOBAL	IV	11730001	11740000	0.0018685273656288	9223	17436844	9331864398	38934177
GLOBAL	IV	11740001	11750000	0.0037930783815063	8156	31106124	8200759613	85940287
GLOBAL	IV	11750001	11760000	0.0024909871191592	5310	12394624	4975788074	419304676
GLOBAL	IV	11760001	11770000	0.0040834859497983	8467	34753352	8510706888	91976787
GLOBAL	IV	11770001	11780000	0.0030045673296733	8932	26841984	8933726908	141408392
GLOBAL	IV	11780001	11790000	0.0042520640057294	8741	37442948	8805828875	75245650
GLOBAL	IV	11790001	11800000	0.004570688542401	8098	37336776	8168742117	59028333
GLOBAL	IV	11800001	11810000	0.0028719519013129	9102	26166036	9110889353	136970197
GLOBAL	IV	11810001	11820000	0.0053464516429311	7470	38435516	7188976646	400730104
GLOBAL	IV	11820001	11830000	0.0040618384069718	8522	34001644	8370998694	287566356
GLOBAL	IV	11830001	11840000	0.0036750515697107	8711	32297200	8788230420	62363355
GLOBAL	IV	11840001	11850000	0.0046894304817128	8028	35812608	7636877898	519770802
GLOBAL	IV	11850001	11860000	0.0069405900715322	8075	56171504	8093188536	111213339
GLOBAL	IV	11860001	11870000	0.0058194144089418	7574	43210988	7425315498	270057852
GLOBAL	IV	11870001	11880000	0.0087304761361101	7825	68708784	7869992762	80402863
GLOBAL	IV	11880001	11890000	0.005431716369125	8377	45437508	8365221030	146020395
GLOBAL	IV	11890001	11900000	0.0055121551782706	8134	44651788	8100604311	163743039
GLOBAL	IV	11900001	11910000	0.0041568657358868	8802	36938356	8886107550	56944500
GLOBAL	IV	11910001	11920000	0.0039431591120147	9262	37007112	9385142965	25280585
GLOBAL	IV	11920001	11930000	0.0035846807421085	7548	27162400	7577355406	91601294
GLOBAL	IV	11930001	11940000	0.0043023392074296	7251	30406372	7067404622	299792653
GLOBAL	IV	11940001	11950000	0.0032381446997938	7842	25554820	7891809159	75858891
GLOBAL	IV	11950001	11960000	0.0032956008616836	8470	28171252	8548138316	57593434
GLOBAL	IV	11960001	11970000	0.0050007127853278	8374	42270784	8452951772	55241578
GLOBAL	IV	11970001	11980000	0.0061847375697799	8501	53115032	8588081774	49146751
GLOBAL	IV	11980001	11990000	0.0076995416324591	7436	56316208	7314228650	240933250
GLOBAL	IV	11990001	12000000	0.0072326945549553	8022	57033796	7885552966	264999584
GLOBAL	IV	12000001	12010000	0.003985879792753	7439	26540360	6658595186	899614789
GLOBAL	IV	12010001	12020000	0.0030951201135724	8096	22613772	7306266371	919472029
GLOBAL	IV	12020001	12030000	0.0028574746011641	8127	22961848	8035713770	221521405
GLOBAL	IV	12030001	12040000	0.0033234465490296	8282	27664952	8324175398	90543652
GLOBAL	IV	12040001	12050000	0.0044142997501741	8028	35708088	8089185153	67463547
GLOBAL	IV	12050001	12060000	0.0036379549872843	7966	29168980	8017960668	75694482
GLOBAL	IV	12060001	12070000	0.0041122792447642	7827	32266068	7846273582	106154093
GLOBAL	IV	12070001	12080000	0.0032532401406336	7697	24348004	7484232011	336112414
GLOBAL	IV	12080001	12090000	0.0018365219661947	9110	16892600	9198147537	57840213
GLOBAL	IV	12090001	12100000	0.0022721739359438	7180	15195168	6687502114	607557386
GLOBAL	IV	12100001	12110000	0.0031968222563558	7346	22015040	6886538642	577181008
GLOBAL	IV	12110001	12120000	0.0032203028667521	7815	23024424	7149769743	790465632
GLOBAL	IV	12120001	12130000	0.003021842077287	6891	19618332	6492176460	510267840
GLOBAL	IV	12130001	12140000	0.0065619773951668	7638	50082988	7632301208	128097742
GLOBAL	IV	12140001	12150000	0.0064131203474982	7477	47698312	7437613738	159205187
GLOBAL	IV	12150001	12160000	0.0073144876328668	7628	55598876	7601198989	149039711
GLOBAL	IV	12160001	12170000	0.0043464601460713	7231	29758160	6846527749	500349026
GLOBAL	IV	12170001	12180000	0.0035991003114554	7666	27617168	7673353230	115494420
GLOBAL	IV	12180001	12190000	0.0038030945425611	7823	29800520	7835860946	112502629
GLOBAL	IV	12190001	12200000	0.004827853349077	7649	36931936	7649763431	121811794
GLOBAL	IV	12200001	12210000	0.0031993292207801	8468	26708408	8348127422	255572278
GLOBAL	IV	12210001	12220000	0.003671213272153	7586	27227644	7416524724	291040926
GLOBAL	IV	12220001	12230000	0.004570285519157	8367	38169864	8351746043	149335132
GLOBAL	IV	12230001	12240000	0.0053405870204933	7142	37532604	7027804969	228645581
GLOBAL	IV	12240001	12250000	0.0033113820044142	8588	28721164	8673467441	52155259
GLOBAL	IV	12250001	12260000	0.0037414750429693	8456	31842200	8510600668	80906732
GLOBAL	IV	12260001	12270000	0.0052383925804911	7966	42026232	8022734332	70920818
GLOBAL	IV	12270001	12280000	0.0070890884936292	6877	45947120	6481386153	505817772
GLOBAL	IV	12280001	12290000	0.0062122981704553	7619	47293348	7612858672	128235803
GLOBAL	IV	12290001	12300000	0.0057650805353501	7726	44541072	7726010370	123798780
GLOBAL	IV	12300001	12310000	0.0037493539187353	8496	31021624	8273858556	358289844
GLOBAL	IV	12310001	12320000	0.0041689661839687	8309	34278120	8222211092	219940633
GLOBAL	IV	12320001	12330000	0.0034950725543933	8003	25816396	7386512182	752864093
GLOBAL	IV	12330001	12340000	0.0055521960714405	6540	33464436	6027243197	617560303
GLOBAL	IV	12340001	12350000	0.0032360411269797	9006	29450784	9100868266	49452884
GLOBAL	IV	12350001	12360000	0.0048372343954626	7783	36805852	7608862625	298859950
GLOBAL	IV	12360001	12370000	0.006622276206742	7689	48792344	7367911346	444304879
GLOBAL	IV	12370001	12380000	0.0046159336978429	8139	37777344	8184117553	85309922
GLOBAL	IV	12380001	12390000	0.0053463833696993	7488	39401104	7369674278	238320922
GLOBAL	IV	12390001	12400000	0.0035924257645473	7437	26548580	7390154102	166023823
GLOBAL	IV	12400001	12410000	0.0054011888710678	8107	43109120	7981413172	255501503
GLOBAL	IV	12410001	12420000	0.0062425840579916	7788	48406300	7754208762	158593938
GLOBAL	IV	12420001	12430000	0.00647360834615	7933	50384896	7783123925	277002400
GLOBAL	IV	12430001	12440000	0.0049360766050531	7942	38074192	7713452413	355818137
GLOBAL	IV	12440001	12450000	0.0041827688115812	7590	31190640	7456936160	254693590
GLOBAL	IV	12450001	12460000	0.0035118704842014	7572	25983188	7398674899	294666401
GLOBAL	IV	12460001	12470000	0.0065066342760253	6500	42250896	6493510194	110652306
GLOBAL	IV	12470001	12480000	0.0057101500404149	7409	42137248	7379359159	148370066
GLOBAL	IV	12480001	12490000	0.005758807241901	7688	44012052	7642563842	168636358
GLOBAL	IV	12490001	12500000	0.0061410226833875	7365	45301480	7376862509	106161616
GLOBAL	IV	12500001	12510000	0.0048139173665573	8435	40852220	8486273629	83897246
GLOBAL	IV	12510001	12520000	0.008431647580757	6045	42541148	5045413437	1096457688
GLOBAL	IV	12520001	12530000	0.0069323065910815	6728	46181636	6661799416	174016784
GLOBAL	IV	12530001	12540000	0.0069326332348845	6336	43046924	6209317952	228216448
GLOBAL	IV	12540001	12550000	0.0080511671267016	7668	58750908	7297191460	493688240
GLOBAL	IV	12550001	12560000	0.0083817793814767	6179	49660396	5924803522	353214953
GLOBAL	IV	12560001	12570000	0.0049051559110621	8088	39881148	8130454714	87155486
GLOBAL	IV	12570001	12580000	0.0040206591300844	7654	29434928	7320921035	455734315
GLOBAL	IV	12580001	12590000	0.0050040332894523	7532	37124812	7418977823	233722477
GLOBAL	IV	12590001	12600000	0.0079102495596292	6947	45359092	5734217569	1324108106
GLOBAL	IV	12600001	12610000	0.0071090655570192	7481	48514096	6824257789	776625236
GLOBAL	IV	12610001	12620000	0.0063177925101399	7910	50202596	7946224242	90533508
GLOBAL	IV	12620001	12630000	0.0069452862601992	7469	51313940	7388311738	200378987
GLOBAL	IV	12630001	12640000	0.0034421166397759	8927	30995632	9004817455	65237720
GLOBAL	IV	12640001	12650000	0.0033746764940789	8211	27825108	8245266783	97314492
GLOBAL	IV	12650001	12660000	0.0044691001844503	8025	36105780	8078982012	74618613
GLOBAL	IV	12660001	12670000	0.0040138712071386	7596	30371072	7566528778	151197122
GLOBAL	IV	12670001	12680000	0.0077441991800395	8023	61632500	7958537554	193031021
GLOBAL	IV	12680001	12690000	0.0049933935976774	7305	36247396	7259070468	162992157
GLOBAL	IV	12690001	12700000	0.0056202779364707	7876	44429112	7905144995	97067905
GLOBAL	IV	12700001	12710000	0.0054935336866455	6922	32791920	5969185204	1063739846
GLOBAL	IV	12710001	12720000	0.0064680619490699	6669	40466388	6256338965	519531760
GLOBAL	IV	12720001	12730000	0.0030098441333317	4865	12399280	4119575450	823386175
GLOBAL	IV	12730001	12740000	0.0060753328119923	7151	42859380	7054655494	210939281
GLOBAL	IV	12740001	12750000	0.0042870820915788	6707	28179400	6573095499	241384176
GLOBAL	IV	12750001	12760000	0.0059205252211303	7870	46364860	7831207244	164909506
GLOBAL	IV	12760001	12770000	0.0056552222815273	7025	39065044	6907782233	229793392
GLOBAL	IV	12770001	12780000	0.0038553357842896	7027	26606912	6901321568	238286107
GLOBAL	IV	12780001	12790000	0.0044028303472662	6379	26229816	5957489599	523733876
GLOBAL	IV	12790001	12800000	0.0086253401005758	6114	50557256	5861479711	350497139
GLOBAL	IV	12800001	12810000	0.010508459167182	5426	51499220	4900739412	612212238
GLOBAL	IV	12810001	12820000	0.0074796417453219	6799	48642592	6503331798	404622177
GLOBAL	IV	12820001	12830000	0.0052132809652546	7074	28593424	5484727217	1702633633
GLOBAL	IV	12830001	12840000	0.0056606898930133	6515	25753200	4549480803	2098370772
GLOBAL	IV	12840001	12850000	0.008299271777988	6785	53980716	6504271392	389458233
GLOBAL	IV	12850001	12860000	0.0084903016277564	5785	42077668	4955968568	921736057
GLOBAL	IV	12860001	12870000	0.0097164811849709	6824	62765656	6459710548	473644052
GLOBAL	IV	12870001	12880000	0.0087434900774392	6309	53205868	6085197962	324903763
GLOBAL	IV	12880001	12890000	0.0079985616589061	6814	53727756	6717177199	206017151
GLOBAL	IV	12890001	12900000	0.0091493697669678	6502	52939776	5786166408	820028142
GLOBAL	IV	12900001	12910000	0.007416871881907	7585	55769864	7519324169	187225456
GLOBAL	IV	12910001	12920000	0.0050929730289962	6939	29654192	5822570006	1227627469
GLOBAL	IV	12920001	12930000	0.0056803522891653	6652	37210952	6550817644	207780656
GLOBAL	IV	12930001	12940000	0.006263084029427	7105	43815204	6995787346	223070279
GLOBAL	IV	12940001	12950000	0.0026558858666881	7929	21044036	7923546815	132515410
GLOBAL	IV	12950001	12960000	0.0033097484591525	6995	22785184	6884264554	222830321
GLOBAL	IV	12960001	12970000	0.0066750473693043	7063	46301240	6936466131	239718444
GLOBAL	IV	12970001	12980000	0.0053367179898018	6416	33899288	6352085320	166731080
GLOBAL	IV	12980001	12990000	0.008059122153502	6379	50380044	6251306661	229916814
GLOBAL	IV	12990001	13000000	0.0081241661488005	5733	43257816	5324585343	500285982
GLOBAL	IV	13000001	13010000	0.0050121207724201	7888	39797104	7940172595	74232605
GLOBAL	IV	13010001	13020000	0.005774969763484	6795	36464680	6314263363	589626512
GLOBAL	IV	13020001	13030000	0.0065445950789089	7266	47143592	7203439087	178998563
GLOBAL	IV	13030001	13040000	0.004836143173822	7114	34270012	7086227758	141774092
GLOBAL	IV	13040001	13050000	0.0047847085413863	6376	27106108	5665153429	813021971
GLOBAL	IV	13050001	13060000	0.0044977141503657	6182	25798424	5735896755	545169795
GLOBAL	IV	13060001	13070000	0.0041585422017668	6242	24527744	5898159213	443868837
GLOBAL	IV	13070001	13080000	0.0044400743639133	5686	22008780	4956849412	820268738
GLOBAL	IV	13080001	13090000	0.0054464511480659	7337	32959388	6051534679	1403040746
GLOBAL	IV	13090001	13100000	0.0098482246474846	5655	52342248	5314891757	430729618
GLOBAL	IV	13100001	13110000	0.0057213550597719	7799	44096116	7707285344	216693631
GLOBAL	IV	13110001	13120000	0.010035446620934	6901	68448344	6820657474	190931051
GLOBAL	IV	13120001	13130000	0.0077276278015769	5686	31309228	4051596273	1725521877
GLOBAL	IV	13130001	13140000	0.0079174386451988	5231	39180668	4948654452	373284498
GLOBAL	IV	13140001	13150000	0.0070634797882132	6602	44580316	6311381548	396415502
GLOBAL	IV	13150001	13160000	0.0068849707472549	6091	38147368	5540672488	647935787
GLOBAL	IV	13160001	13170000	0.005359515789399	5216	23376320	4361647753	937938647
GLOBAL	IV	13170001	13180000	0.0085479510110409	5845	46648644	5457289582	481376543
GLOBAL	IV	13180001	13190000	0.005595423763271	6468	33018616	5901003641	670646059
GLOBAL	IV	13190001	13200000	0.0075394358691547	6876	51244268	6796830544	189357356
GLOBAL	IV	13200001	13210000	0.0091087339689557	4979	38909052	4271620198	787168277
GLOBAL	IV	13210001	13220000	0.0076863501437299	6515	47885628	6229956625	389446250
GLOBAL	IV	13220001	13230000	0.0077480421902909	5460	31970996	4126332203	1422180322
GLOBAL	IV	13230001	13240000	0.0066147878342265	7460	48897284	7392116758	187429742
GLOBAL	IV	13240001	13250000	0.0079553879169934	7493	58651968	7372609433	240465892
GLOBAL	IV	13250001	13260000	0.0066691058540161	5571	31954220	4791379939	868895336
GLOBAL	IV	13260001	13270000	0.0083684910397031	5037	33227832	3970588227	1147129698
GLOBAL	IV	13270001	13280000	0.0075088902946507	5999	43804428	5833675321	261458654
GLOBAL	IV	13280001	13290000	0.007079039879858	6150	41884644	5916712536	331841214
GLOBAL	IV	13290001	13300000	0.0058778636262669	5976	33230324	5653469715	418295685
GLOBAL	IV	13300001	13310000	0.0073990851574966	7174	51124064	6909511502	379451848
GLOBAL	IV	13310001	13320000	0.0092138064405555	6209	54743644	5941479708	367019517
GLOBAL	IV	13320001	13330000	0.0086347479881663	5130	39818048	4611373494	600834756
GLOBAL	IV	13330001	13340000	0.0069749702001982	5667	38192148	5475600168	282213507
GLOBAL	IV	13340001	13350000	0.0066687582808547	5354	26227168	3932841302	1506956548
GLOBAL	IV	13350001	13360000	0.0084962593731271	5124	40049956	4713833964	492278136
GLOBAL	IV	13360001	13370000	0.0059433157500628	5896	34386496	5785742748	204740652
GLOBAL	IV	13370001	13380000	0.0068235898422942	7541	51304104	7518638310	143206215
GLOBAL	IV	13380001	13390000	0.0059775649946203	6581	38834736	6496748431	189712094
GLOBAL	IV	13390001	13400000	0.0083373843231219	5713	45596356	5468904183	335646642
GLOBAL	IV	13400001	13410000	0.0037680557323391	6195	22354748	5932700997	361573878
GLOBAL	IV	13410001	13420000	0.0071408782519031	4897	31608208	4426375424	549099001
GLOBAL	IV	13420001	13430000	0.0072610310925582	6840	49410420	6804876521	144734479
GLOBAL	IV	13430001	13440000	0.0084971596324061	4368	35672552	4198173689	239823511
GLOBAL	IV	13440001	13450000	0.0052523723776788	5748	29465892	5610015795	230095905
GLOBAL	IV	13450001	13460000	0.007295025825308	4171	24367960	3340352808	897487467
GLOBAL	IV	13460001	13470000	0.0062830929634269	5934	35614108	5668244638	360847712
GLOBAL	IV	13470001	13480000	0.0056550074399332	5870	29907680	5288707454	675359296
GLOBAL	IV	13480001	13490000	0.0057160688974913	5788	30782180	5385201010	495551690
GLOBAL	IV	13490001	13500000	0.0025751187685753	6171	15311924	5946103996	323786279
GLOBAL	IV	13500001	13510000	0.0047096071746019	5835	26030472	5527100464	401405411
GLOBAL	IV	13510001	13520000	0.0046514748600267	5752	23642448	5082785291	761390509
GLOBAL	IV	13520001	13530000	0.0044715618270657	6495	27785464	6213816352	385266023
GLOBAL	IV	13530001	13540000	0.0046493433051128	6697	30554584	6571806381	232513044
GLOBAL	IV	13540001	13550000	0.0054937804812492	6483	34828724	6339664302	247225773
GLOBAL	IV	13550001	13560000	0.0047714023125301	6834	32113788	6730471651	213043199
GLOBAL	IV	13560001	13570000	0.0048821691864242	5339	24314096	4980183003	444374472
GLOBAL	IV	13570001	13580000	0.005184718120989	5851	26426168	5096934372	847827903
GLOBAL	IV	13580001	13590000	0.0074500215080034	5693	42202124	5664698277	119532048
GLOBAL	IV	13590001	13600000	0.0054111483196895	5108	26376288	4874434490	315421210
GLOBAL	IV	13600001	13610000	0.0072050216242638	5624	35192148	4884391725	829732875
GLOBAL	IV	13610001	13620000	0.0029726475165938	4652	10936884	3679172838	1047375462
GLOBAL	IV	13620001	13630000	0.0035983362710772	5450	18858888	5241002113	296334137
GLOBAL	IV	13630001	13640000	0.0078430613660878	5817	44411860	5662566940	247650485
GLOBAL	IV	13640001	13650000	0.009642162874938	4404	40180860	4167204031	307370069
GLOBAL	IV	13650001	13660000	0.0099189903916797	4648	44160264	4452092628	270391572
GLOBAL	IV	13660001	13670000	0.011646447853267	4501	48128896	4132495728	440632797
GLOBAL	IV	13670001	13680000	0.012227778712381	4609	47544444	3888232288	794626937
GLOBAL	IV	13680001	13690000	0.010806314834466	4909	48383952	4477377602	510289123
GLOBAL	IV	13690001	13700000	0.010536108955117	5587	55152792	5234645184	441886491
GLOBAL	IV	13700001	13710000	0.010166346252169	6486	64494468	6343918100	246020050
GLOBAL	IV	13710001	13720000	0.0096187686360252	4786	35509388	3691677110	1173050590
GLOBAL	IV	13720001	13730000	0.0049703882874508	4781	22267152	4479962271	377653254
GLOBAL	IV	13730001	13740000	0.0085128416684848	4495	30271292	3555956187	1011076188
GLOBAL	IV	13740001	13750000	0.0084219634842732	4390	31177468	3701923911	758425839
GLOBAL	IV	13750001	13760000	0.0080937733965347	5975	44538444	5502803429	567945946
GLOBAL	IV	13760001	13770000	0.0053759246047005	5963	30881300	5744369996	314187079
GLOBAL	IV	13770001	13780000	0.0095308138941525	6144	56605560	5939215751	303241849
GLOBAL	IV	13780001	13790000	0.0070699612556606	6282	43771724	6191225442	191443608
GLOBAL	IV	13790001	13800000	0.006793807240588	6621	44923784	6612460791	114640734
GLOBAL	IV	13800001	13810000	0.0076756639721883	5807	43500336	5667305937	232751238
GLOBAL	IV	13810001	13820000	0.0069204418546031	5861	39483308	5705316052	249606473
GLOBAL	IV	13820001	13830000	0.008152139751046	5393	43237752	5303853138	175569687
GLOBAL	IV	13830001	13840000	0.012475592442161	4868	52716096	4225538486	720471214
GLOBAL	IV	13840001	13850000	0.0094447392816378	6304	54683844	5789873322	615148278
GLOBAL	IV	13850001	13860000	0.0090378832280527	5700	45663964	5052506527	738835973
GLOBAL	IV	13860001	13870000	0.01060923839187	5508	56068744	5284898117	311367583
GLOBAL	IV	13870001	13880000	0.0094344846499534	4946	44764008	4744722119	280537531
GLOBAL	IV	13880001	13890000	0.0073536306949215	5255	37810132	5141695792	197515583
GLOBAL	IV	13890001	13900000	0.0068258797091507	5878	38971736	5709408554	262786396
GLOBAL	IV	13900001	13910000	0.0086097461014976	5702	47989940	5573908851	219465699
GLOBAL	IV	13910001	13920000	0.0057755083510107	5952	32163752	5568990649	478390151
GLOBAL	IV	13920001	13930000	0.0065875769152149	4829	25434060	3860912795	1060712305
GLOBAL	IV	13930001	13940000	0.0078514675203553	3981	18297404	2330443825	1751944625
GLOBAL	IV	13940001	13950000	0.009197542355593	3771	27444960	2983944943	847485332
GLOBAL	IV	13950001	13960000	0.0065722987642501	3064	10570388	1608324329	1507824346
GLOBAL	IV	13960001	13970000	0.0079178228268494	5219	39542128	4994065776	308568699
GLOBAL	IV	13970001	13980000	0.0086128688254801	6135	51159164	5939851754	293461621
GLOBAL	IV	13980001	13990000	0.006775642495955	6190	35268828	5205237440	1100213710
GLOBAL	IV	13990001	14000000	0.0066935011504607	4505	28481700	4255127378	322065247
GLOBAL	IV	14000001	14010000	0.0097273983842333	4297	33479764	3441800436	924058989
GLOBAL	IV	14010001	14020000	0.0095724507395998	3795	27018236	2822499351	1045507824
GLOBAL	IV	14020001	14030000	0.0084650304661849	5478	40832356	4823651393	742133557
GLOBAL	IV	14030001	14040000	0.008700466499803	5509	41709612	4793951221	803330504
GLOBAL	IV	14040001	14050000	0.0095093005253121	4719	43667128	4592044166	202577809
GLOBAL	IV	14050001	14060000	0.0096360575013512	4495	40386708	4191206621	375825754
GLOBAL	IV	14060001	14070000	0.01016302792042	5675	51627204	5079903785	686038090
GLOBAL	IV	14070001	14080000	0.0067291359068312	6169	40255828	5982317575	285540650
GLOBAL	IV	14080001	14090000	0.0083684503213961	5151	34779976	4156083225	1077461550
GLOBAL	IV	14090001	14100000	0.0065836871840094	4359	20465584	3108529222	1320323753
GLOBAL	IV	14100001	14110000	0.0052193020981069	4401	15798940	3027021564	1444504461
GLOBAL	IV	14110001	14120000	0.0092488434839851	5221	39668848	4289060364	1015606161
GLOBAL	IV	14120001	14130000	0.011107812316877	4491	43095620	3879757667	683210608
GLOBAL	IV	14130001	14140000	0.006708224864722	5612	35787720	5334901665	367030635
GLOBAL	IV	14140001	14150000	0.0077505662116841	5699	43493892	5611705108	178621367
GLOBAL	IV	14150001	14160000	0.008164205780563	5130	37700028	4617721431	594486819
GLOBAL	IV	14160001	14170000	0.0075715880007713	6119	44832940	5921207017	295849958
GLOBAL	IV	14170001	14180000	0.011621318021007	1976	13091016	1126465688	944193262
GLOBAL	IV	14180001	14190000	0.009050677331989	6044	47973532	5300546052	840309048
GLOBAL	IV	14190001	14200000	0.0071891683878467	5537	36915884	5134931053	490799372
GLOBAL	IV	14200001	14210000	0.011920235433195	4874	48813884	4095043615	857062235
GLOBAL	IV	14210001	14220000	0.010607598100951	5900	58764888	5539886357	454661143
GLOBAL	IV	14220001	14230000	0.0077307110407348	5768	42785092	5534431668	326000532
GLOBAL	IV	14230001	14240000	0.008153267093348	4697	36037332	4419986686	352282739
GLOBAL	IV	14240001	14250000	0.0062357984268219	4300	16472032	2641527335	1727380165
GLOBAL	IV	14250001	14260000	0.0080322090838441	5154	33028268	4111978119	1187608281
GLOBAL	IV	14260001	14270000	0.011890139375168	5069	56736708	4771744570	378486155
GLOBAL	IV	14270001	14280000	0.0085238099024753	5181	42978236	5042139195	221886330
GLOBAL	IV	14280001	14290000	0.0069676999526375	5104	34258000	4916687032	269104568
GLOBAL	IV	14290001	14300000	0.0082256133885517	5662	42603604	5179383225	573350325
GLOBAL	IV	14300001	14310000	0.0076346954699039	5174	35305372	4624332711	632580639
GLOBAL	IV	14310001	14320000	0.0085337096347168	5438	39605048	4641011904	884132046
GLOBAL	IV	14320001	14330000	0.009401985308491	6482	58862240	6260618164	325255886
GLOBAL	IV	14330001	14340000	0.0055149833462686	6467	35567792	6449301796	121331879
GLOBAL	IV	14340001	14350000	0.0072287184607922	6449	46163268	6386092950	166252275
GLOBAL	IV	14350001	14360000	0.0069033968134779	4983	32216208	4666718265	396134310
GLOBAL	IV	14360001	14370000	0.0050061511904888	5301	24103900	4814856580	571091945
GLOBAL	IV	14370001	14380000	0.0078131681825034	4648	25400112	3250936292	1471547908
GLOBAL	IV	14380001	14390000	0.0098369585063956	4514	38941424	3958685398	627651452
GLOBAL	IV	14390001	14400000	0.0096335777011492	3897	31177308	3236316659	723132766
GLOBAL	IV	14400001	14410000	0.0063296129644089	4940	29270788	4624419876	394743624
GLOBAL	IV	14410001	14420000	0.0067622670853552	5333	29812516	4408656982	1009804343
GLOBAL	IV	14420001	14430000	0.0094872671697775	5962	54934308	5790319490	267221560
GLOBAL	IV	14430001	14440000	0.0094251312293348	4694	41007052	4350820270	418401080
GLOBAL	IV	14440001	14450000	0.0098974567617236	6108	59223316	5983690298	222190402
GLOBAL	IV	14450001	14460000	0.0096723816884165	4709	40900332	4228568859	558940941
GLOBAL	IV	14460001	14470000	0.012720652261951	4883	48152180	3785354635	1175895440
GLOBAL	IV	14470001	14480000	0.0071835977378889	5434	36709404	5110169770	410910080
GLOBAL	IV	14480001	14490000	0.007948144719279	4980	38301916	4818975667	240828833
GLOBAL	IV	14490001	14500000	0.0067795530905912	6421	42204152	6225211520	298685005
GLOBAL	IV	14500001	14510000	0.0068459154542304	4655	30499876	4455193203	274403172
GLOBAL	IV	14510001	14520000	0.0067353413836966	3773	22417848	3328390756	505071569
GLOBAL	IV	14520001	14530000	0.011087246693248	5466	54012508	4871588907	682003743
GLOBAL	IV	14530001	14540000	0.0086538322031541	5016	34405448	3975747067	1120634333
GLOBAL	IV	14540001	14550000	0.0092687324443802	4509	35321388	3810811048	770445677
GLOBAL	IV	14550001	14560000	0.0083240314696943	4720	34820576	4183138438	612499562
GLOBAL	IV	14560001	14570000	0.0076495036009958	3874	19788760	2586933876	1370483499
GLOBAL	IV	14570001	14580000	0.010797020390935	3967	29020224	2687799314	1342771861
GLOBAL	IV	14580001	14590000	0.010658630844027	5296	39141620	3672293428	1708574972
GLOBAL	IV	14590001	14600000	0.0064205249284444	7205	45880768	7145952786	174507339
GLOBAL	IV	14600001	14610000	0.0093394621367778	5551	50348828	5390977260	248977515
GLOBAL	IV	14610001	14620000	0.010093106859326	5974	58626044	5808523066	261210284
GLOBAL	IV	14620001	14630000	0.0096364525729148	6744	64149896	6657003240	195069360
GLOBAL	IV	14630001	14640000	0.0072412233445026	4022	26256064	3625915505	461553070
GLOBAL	IV	14640001	14650000	0.0094658611544409	5015	45294260	4785012083	310353292
GLOBAL	IV	14650001	14660000	0.0065775369464784	5485	34596232	5259754872	313142253
GLOBAL	IV	14660001	14670000	0.005706209750511	5453	29023444	5086291123	454093202
GLOBAL	IV	14670001	14680000	0.0086779660114405	4243	35357144	4074358433	236635642
GLOBAL	IV	14680001	14690000	0.00687895806079	4655	25348960	3684999934	1048660541
GLOBAL	IV	14690001	14700000	0.0090931664648576	5204	45588668	5013508570	273885530
GLOBAL	IV	14700001	14710000	0.008782306168479	4546	36857700	4196813376	422036274
GLOBAL	IV	14710001	14720000	0.0051528766224097	3580	17133304	3324997910	312371590
GLOBAL	IV	14720001	14730000	0.0095868126637148	4836	42076728	4389021615	536667585
GLOBAL	IV	14730001	14740000	0.0083617270415047	5069	40872128	4888000744	262229981
GLOBAL	IV	14740001	14750000	0.0067052281578253	5274	34917484	5207501248	151014602
GLOBAL	IV	14750001	14760000	0.0089159092518854	3314	23674940	2655359014	782869586
GLOBAL	IV	14760001	14770000	0.00028918101526635	401	48	165986	408276064
GLOBAL	IV	14770001	14780000	0.0045307832833788	5356	20076596	4431153455	1010676445
GLOBAL	IV	14780001	14790000	0.0044803995333085	6305	28188120	6291429992	114607633
GLOBAL	IV	14790001	14800000	0.0045925433889572	6739	30308616	6599527415	247465060
GLOBAL	IV	14800001	14810000	0.007609132517547	6412	44553572	5855276130	659476170
GLOBAL	IV	14810001	14820000	0.0096401169937841	5721	52324912	5427829562	384849463
GLOBAL	IV	14820001	14830000	0.0088664814004784	6196	54287516	6122780114	172510786
GLOBAL	IV	14830001	14840000	0.0062352690796382	6836	42329488	6788718732	156828168
GLOBAL	IV	14840001	14850000	0.0050442202678031	6534	32891052	6520542374	118164976
GLOBAL	IV	14850001	14860000	0.0056443313130571	6947	38903292	6892453657	165872018
GLOBAL	IV	14860001	14870000	0.0073604915004551	6926	50248216	6826747371	210241779
GLOBAL	IV	14870001	14880000	0.0083044569860648	6696	54944740	6616295333	187008067
GLOBAL	IV	14880001	14890000	0.0072784439154149	6067	42080288	5781495123	382728552
GLOBAL	IV	14890001	14900000	0.0078338029526551	5881	45336272	5787262237	187980788
GLOBAL	IV	14900001	14910000	0.0076697428993771	6198	46854816	6109046498	188276452
GLOBAL	IV	14910001	14920000	0.0078951942597535	5717	38327588	4854546543	954068382
GLOBAL	IV	14920001	14930000	0.006896875456338	5985	40660432	5895485899	185423726
GLOBAL	IV	14930001	14940000	0.0084770410150374	5148	38730320	4568848957	670791968
GLOBAL	IV	14940001	14950000	0.0075723574646467	6006	43988712	5809117201	293128949
GLOBAL	IV	14950001	14960000	0.0088299360547599	4798	40191452	4551726281	323161669
GLOBAL	IV	14960001	14970000	0.0078387062292988	4206	22802792	2908999436	1364401714
GLOBAL	IV	14970001	14980000	0.010706898540516	3773	34721280	3242888673	590573652
GLOBAL	IV	14980001	14990000	0.011677104242006	4293	45266620	3876527867	485267458
GLOBAL	IV	14990001	15000000	0.010831007884689	3247	25933404	2394366644	904666531
GLOBAL	IV	15000001	15010000	0.011158902946172	5399	56969280	5105276054	380242921
GLOBAL	IV	15010001	15020000	0.007172405772882	4754	33116616	4617225663	212957187
GLOBAL	IV	15020001	15030000	0.0072362233704455	5193	33888608	4683189872	593027953
GLOBAL	IV	15030001	15040000	0.010194950954456	4484	43207116	4238089638	317766462
GLOBAL	IV	15040001	15050000	0.012539469823249	4900	59540172	4748220845	230301655
GLOBAL	IV	15050001	15060000	0.010033495383868	5241	51554480	5138237277	186749748
GLOBAL	IV	15060001	15070000	0.0094936633680559	5265	49132832	5175329069	174042556
GLOBAL	IV	15070001	15080000	0.0088066524971844	5242	45266240	5140005242	185997808
GLOBAL	IV	15080001	15090000	0.010612247106906	4457	45900800	4325266792	203156633
GLOBAL	IV	15090001	15100000	0.0084962071568632	4355	34712812	4085683336	343169639
GLOBAL	IV	15100001	15110000	0.0090234319591297	5596	49287552	5462173619	223502281
GLOBAL	IV	15110001	15120000	0.009138106326917	5395	47381024	5184993729	296461146
GLOBAL	IV	15120001	15130000	0.0066932910072824	5621	35350368	5281462880	429613645
GLOBAL	IV	15130001	15140000	0.0091300165911493	6066	54271096	5944249439	218958211
GLOBAL	IV	15140001	15150000	0.0046555061211081	3771	11047424	2372980233	1458450042
GLOBAL	IV	15150001	15160000	0.0086390373766038	1700	930884	107753209	1639809791
GLOBAL	IV	15160001	15170000	0.0056409325004928	6093	30458184	5399494498	815530427
GLOBAL	IV	15170001	15180000	0.0073549374652531	6877	50348796	6845577714	141626211
GLOBAL	IV	15180001	15190000	0.0066954432155936	6061	40262048	6013350678	144776847
GLOBAL	IV	15190001	15200000	0.0081917215056666	5151	40285228	4917797556	315747219
GLOBAL	IV	15200001	15210000	0.0089731219318266	6055	53990668	6016932391	135098984
GLOBAL	IV	15210001	15220000	0.010172407078987	4924	44172608	4342394839	682864811
GLOBAL	IV	15220001	15230000	0.008536065195251	6593	55494924	6501230102	197422723
GLOBAL	IV	15230001	15240000	0.0070094507758102	6534	45204608	6449094151	212981774
GLOBAL	IV	15240001	15250000	0.0065589584110684	7365	48279412	7360835208	122188917
GLOBAL	IV	15250001	15260000	0.0062731368567891	6223	38002896	6058037130	264686445
GLOBAL	IV	15260001	15270000	0.0049185465862487	5949	28966948	5889330820	155001905
GLOBAL	IV	15270001	15280000	0.0064672578317243	6387	41121352	6358390692	130960983
GLOBAL	IV	15280001	15290000	0.008909823985729	5462	48029076	5390575176	158953374
GLOBAL	IV	15290001	15300000	0.0090058532936727	5108	44002764	4886018300	303837400
GLOBAL	IV	15300001	15310000	0.0083336191644873	6567	52523096	6302555344	369680831
GLOBAL	IV	15310001	15320000	0.0076360630349693	6735	50124136	6564133346	278795029
GLOBAL	IV	15320001	15330000	0.0093944591608172	6356	58341012	6210151218	247703682
GLOBAL	IV	15330001	15340000	0.0088013704168873	5542	44511568	5057345151	573465399
GLOBAL	IV	15340001	15350000	0.0079206866505178	5638	40054584	5056958540	671390410
GLOBAL	IV	15350001	15360000	0.0085455342248899	5664	48334948	5656164580	98601020
GLOBAL	IV	15360001	15370000	0.0092768744192991	5791	51387084	5539266964	344533811
GLOBAL	IV	15370001	15380000	0.0073675147930121	5631	40445448	5489700277	231536498
GLOBAL	IV	15380001	15390000	0.0058554755828218	4991	28578980	4880727380	190253395
GLOBAL	IV	15390001	15400000	0.0047291505090726	5367	22140992	4681811661	771194514
GLOBAL	IV	15400001	15410000	0.0075972733064975	5676	41809604	5503238111	263719789
GLOBAL	IV	15410001	15420000	0.0072329571157584	4653	24616440	3403371485	1352641540
GLOBAL	IV	15420001	15430000	0.0082258549565278	5832	46573124	5661797375	263660425
GLOBAL	IV	15430001	15440000	0.0058793866856728	5171	29276292	4979480610	274384665
GLOBAL	IV	15440001	15450000	0.0058611818526366	5137	24293256	4144770903	1074549522
GLOBAL	IV	15450001	15460000	0.0062903514550227	6378	35233228	5601154125	883117425
GLOBAL	IV	15460001	15470000	0.0062570125600319	6049	37106544	5930393082	215542143
GLOBAL	IV	15470001	15480000	0.0066796272257015	6017	37651036	5636697188	476725237
GLOBAL	IV	15480001	15490000	0.0090345579053968	5310	45154712	4997999069	397093681
GLOBAL	IV	15490001	15500000	0.0096536819115673	5366	47929324	4964875002	487115148
GLOBAL	IV	15500001	15510000	0.010280204854335	5883	59174648	5756174010	221101065
GLOBAL	IV	15510001	15520000	0.01159515503018	5597	61989428	5346149132	340542793
GLOBAL	IV	15520001	15530000	0.0099444348005297	5873	57032404	5735107640	232007185
GLOBAL	IV	15530001	15540000	0.0081227097625215	5753	40031816	4928381928	916809897
GLOBAL	IV	15540001	15550000	0.008068487538954	6186	48559940	6018468736	266661914
GLOBAL	IV	15550001	15560000	0.0094174046893851	4370	38688116	4108150523	331878727
GLOBAL	IV	15560001	15570000	0.0073216101818803	5234	37107980	5068281304	249593546
GLOBAL	IV	15570001	15580000	0.010643863378199	5899	61371368	5765892122	227639353
GLOBAL	IV	15580001	15590000	0.0082715908833758	6781	55529284	6713253204	176412321
GLOBAL	IV	15590001	15600000	0.0093516633220206	6226	56697464	6062821345	262950305
GLOBAL	IV	15600001	15610000	0.0094577419932105	6125	57167788	6044549327	178603798
GLOBAL	IV	15610001	15620000	0.010937145918462	6113	65576296	5995741164	215219661
GLOBAL	IV	15620001	15630000	0.011183019848494	5676	59313972	5303931568	463026332
GLOBAL	IV	15630001	15640000	0.0074178315900112	5361	35572324	4795515181	651394844
GLOBAL	IV	15640001	15650000	0.013332546511512	3559	39755688	2981852564	634180411
GLOBAL	IV	15650001	15660000	0.014667187891194	4264	56612456	3859803012	472527588
GLOBAL	IV	15660001	15670000	0.011232193503693	4102	35602772	3169707857	1006154893
GLOBAL	IV	15670001	15680000	0.0091956262458687	6000	52049892	5660287903	435862097
GLOBAL	IV	15680001	15690000	0.0097995652975666	5797	52702732	5378068353	511828572
GLOBAL	IV	15690001	15700000	0.0096395015299263	5360	45577184	4728168138	717725862
GLOBAL	IV	15700001	15710000	0.0052327898734003	7987	41797228	7987560940	127430735
GLOBAL	IV	15710001	15720000	0.0055900223148983	7394	40958096	7327000447	185488403
GLOBAL	IV	15720001	15730000	0.0051050792959511	6902	34997372	6855402232	157202318
GLOBAL	IV	15730001	15740000	0.0063338216742911	7547	47875828	7558758434	109182241
GLOBAL	IV	15740001	15750000	0.0077415726622945	5737	43644048	5637620404	191315021
GLOBAL	IV	15750001	15760000	0.0055998453458614	6404	35355344	6313628648	192995452
GLOBAL	IV	15760001	15770000	0.007794353438499	6535	50275220	6450210450	189512925
GLOBAL	IV	15770001	15780000	0.0062122782733712	6917	42685596	6871166120	156678805
GLOBAL	IV	15780001	15790000	0.0061958438376476	6419	39297004	6342478124	179386351
GLOBAL	IV	15790001	15800000	0.0059123843885223	6390	37429520	6330697996	161701754
GLOBAL	IV	15800001	15810000	0.0052731024528411	6475	33482500	6349677500	229084375
GLOBAL	IV	15810001	15820000	0.0062266087734039	7020	43393820	6969093704	163401796
GLOBAL	IV	15820001	15830000	0.0074022879410665	6099	44233388	5975637310	221099165
GLOBAL	IV	15830001	15840000	0.0055029737289382	6150	33357468	6061716745	186837005
GLOBAL	IV	15840001	15850000	0.0050036909616298	7096	35282136	7051222042	158491358
GLOBAL	IV	15850001	15860000	0.0069460989745611	6212	41617060	5991429168	320118132
GLOBAL	IV	15860001	15870000	0.0060234901448932	6132	35486992	5891433562	362200313
GLOBAL	IV	15870001	15880000	0.0032149421968084	6557	20870536	6491729780	170346145
GLOBAL	IV	15880001	15890000	0.0060197917353227	5376	30074396	4995919680	466230720
GLOBAL	IV	15890001	15900000	0.0051783263570693	6956	35616804	6878053167	189416733
GLOBAL	IV	15900001	15910000	0.0062192549874321	7008	42457248	6826741802	293561398
GLOBAL	IV	15910001	15920000	0.0052023876394829	7012	36320440	6981494367	142872933
GLOBAL	IV	15920001	15930000	0.0031298326767451	6799	20660872	6601270462	306683513
GLOBAL	IV	15930001	15940000	0.0052032718633646	7433	38072892	7317106044	235007781
GLOBAL	IV	15940001	15950000	0.0035135752393759	6571	22656288	6448214840	228085435
GLOBAL	IV	15950001	15960000	0.0024478768579923	7379	18010076	7357427291	139821184
GLOBAL	IV	15960001	15970000	0.0031623432666575	6451	17347864	5485762467	1068614808
GLOBAL	IV	15970001	15980000	0.0031308021612914	6752	21090792	6736545752	123655048
GLOBAL	IV	15980001	15990000	0.006175805146779	6729	40904004	6623266607	213565618
GLOBAL	IV	15990001	16000000	0.0053219705557241	6542	34434412	6470237225	176598325
GLOBAL	IV	16000001	16010000	0.0042549319702167	6315	26184992	6154033057	262164818
GLOBAL	IV	16010001	16020000	0.003309179017709	7251	23992324	7250234536	116962739
GLOBAL	IV	16020001	16030000	0.0058961731267243	6612	38345024	6503374846	214582454
GLOBAL	IV	16030001	16040000	0.0073804711703875	6475	47161276	6390008837	188753038
GLOBAL	IV	16040001	16050000	0.0062961825106349	6064	37335292	5929830010	231345590
GLOBAL	IV	16050001	16060000	0.0066973694336105	7528	49369192	7371430304	277205896
GLOBAL	IV	16060001	16070000	0.0075757047739638	2302	13575720	1792007530	571266620
GLOBAL	IV	16070001	16080000	1.0781348684119e-05	517	248	23002688	600836662
GLOBAL	IV	16080001	16090000	0.014659030045552	1925	14787936	1008793621	953150654
GLOBAL	IV	16090001	16100000	0.015182411732911	4180	42845696	2822061261	1424923239
GLOBAL	IV	16100001	16110000	0.0098844541335343	6169	57431804	5810316202	457542023
GLOBAL	IV	16110001	16120000	0.0074023367302877	5731	40825532	5515222218	307617057
GLOBAL	IV	16120001	16130000	0.0065327298171318	6285	38871680	5950296597	435420528
GLOBAL	IV	16130001	16140000	0.0062338658470095	6407	38504324	6176636608	333035567
GLOBAL	IV	16140001	16150000	0.0049461271218716	7469	36662852	7412436255	176254470
GLOBAL	IV	16150001	16160000	0.0035003517077829	6722	22770956	6505333721	324386329
GLOBAL	IV	16160001	16170000	0.0019391886258481	8820	17182400	8860613027	100727473
GLOBAL	IV	16170001	16180000	0.0032737453113642	7241	23535544	7189179903	167857122
GLOBAL	IV	16180001	16190000	0.0049012007531687	7302	35776920	7299623460	119391090
GLOBAL	IV	16190001	16200000	0.0039323850058499	6379	24871552	6324800843	156422632
GLOBAL	IV	16200001	16210000	0.0048131827809723	5726	27209212	5653060197	164698953
GLOBAL	IV	16210001	16220000	0.0071264998241467	6049	42160984	5916085742	229849483
GLOBAL	IV	16220001	16230000	0.0063433570050489	6897	43032024	6783793497	223730928
GLOBAL	IV	16230001	16240000	0.0055766835839708	7297	40374304	7239841277	174093148
GLOBAL	IV	16240001	16250000	0.0074171085467449	7367	54447212	7340759766	144296409
GLOBAL	IV	16250001	16260000	0.0086369801947664	6037	51392576	5950294529	183448396
GLOBAL	IV	16260001	16270000	0.0061449237677765	6826	41644084	6776989524	158397126
GLOBAL	IV	16270001	16280000	0.0032295113171778	6892	22160552	6861890182	140554118
GLOBAL	IV	16280001	16290000	0.0061129800862503	6602	40046296	6551026739	156770311
GLOBAL	IV	16290001	16300000	0.0039063071062339	7241	28139784	7203679392	153357633
GLOBAL	IV	16300001	16310000	0.0041098380919792	7526	30495360	7420087925	226516225
GLOBAL	IV	16310001	16320000	0.0051224641741994	7467	38432212	7502680486	83978189
GLOBAL	IV	16320001	16330000	0.0069436570329569	7510	52096448	7502739227	127608523
GLOBAL	IV	16330001	16340000	0.0064233674119162	7428	47871344	7452686563	94347137
GLOBAL	IV	16340001	16350000	0.010345745575904	6637	66466196	6424495510	318862415
GLOBAL	IV	16350001	16360000	0.011703289535712	4367	45003864	3845402941	591578234
GLOBAL	IV	16360001	16370000	0.0066321554676758	5709	37231576	5613797231	186689494
GLOBAL	IV	16370001	16380000	0.0064311083399443	5627	34551644	5372579993	344592682
GLOBAL	IV	16380001	16390000	0.0064736189771425	6795	43262640	6682914171	220975704
GLOBAL	IV	16390001	16400000	0.0088928645768744	7315	64378616	7239356390	192866485
GLOBAL	IV	16400001	16410000	0.0055554540702492	7508	41799060	7523968243	104347457
GLOBAL	IV	16410001	16420000	0.0065692626057432	6757	43927712	6686855837	178425088
GLOBAL	IV	16420001	16430000	0.0062255251216128	7415	45963336	7383045623	150779752
GLOBAL	IV	16430001	16440000	0.0049318368220742	7568	37407940	7584991424	104285776
GLOBAL	IV	16440001	16450000	0.0059370795816583	7136	42092560	7089775271	160579129
GLOBAL	IV	16450001	16460000	0.0052000089770489	7275	37468360	7205441407	186140468
GLOBAL	IV	16460001	16470000	0.0061940243475797	5925	29446348	4753992937	1265955188
GLOBAL	IV	16470001	16480000	0.0076261852118424	7159	42963508	5633682740	1640040235
GLOBAL	IV	16480001	16490000	0.0095701062736991	5144	41584144	4345212353	881220247
GLOBAL	IV	16490001	16500000	0.0057027713949613	7686	43473240	7623177748	185990402
GLOBAL	IV	16500001	16510000	0.0088745388897316	7255	63783392	7187234491	184026884
GLOBAL	IV	16510001	16520000	0.0086849829563861	7346	63269664	7284949702	178769948
GLOBAL	IV	16520001	16530000	0.0086662209953608	7507	63844092	7367004838	260294837
GLOBAL	IV	16530001	16540000	0.0080996149916489	7929	64542732	7968617282	87444943
GLOBAL	IV	16540001	16550000	0.010439226987635	5745	55191388	5286922879	550140746
GLOBAL	IV	16550001	16560000	0.0089065845321142	6525	57025244	6402593923	226969202
GLOBAL	IV	16560001	16570000	0.0061164442670442	7524	45842548	7494967010	149605090
GLOBAL	IV	16570001	16580000	0.0066918708465455	6180	40807904	6098130842	180903658
GLOBAL	IV	16580001	16590000	0.0035808571791023	7133	25176476	7030851760	226614815
GLOBAL	IV	16590001	16600000	0.0034936271422507	7313	25540560	7310614144	119576681
GLOBAL	IV	16600001	16610000	0.005044010126532	7801	37908360	7515520201	410490824
GLOBAL	IV	16610001	16620000	0.0066616546083055	6850	45471076	6825793091	133978159
GLOBAL	IV	16620001	16630000	0.0038232554443281	8079	30915704	8086225064	122240911
GLOBAL	IV	16630001	16640000	0.0038063812527429	7395	26968920	7085186220	428318655
GLOBAL	IV	16640001	16650000	0.0076078492568219	7346	55455424	7289238013	174481637
GLOBAL	IV	16650001	16660000	0.0064933200699474	7100	45022920	6933728742	280048758
GLOBAL	IV	16660001	16670000	0.0050208859719288	7555	37726660	7513944792	162124083
GLOBAL	IV	16670001	16680000	0.0089026356164877	7308	64264120	7218549963	206560737
GLOBAL	IV	16680001	16690000	0.0092903799135528	7052	64228128	6913401669	251606631
GLOBAL	IV	16690001	16700000	0.010777472574025	6678	71797868	6661846505	123168445
GLOBAL	IV	16700001	16710000	0.0055566729793209	7544	42100768	7576614308	88278292
GLOBAL	IV	16710001	16720000	0.0028431243005571	8742	25027864	8802943999	79146551
GLOBAL	IV	16720001	16730000	0.0036046431446814	7583	27281976	7568565016	135952559
GLOBAL	IV	16730001	16740000	0.0046534397765719	8745	40795052	8766644452	118494173
GLOBAL	IV	16740001	16750000	0.0046164680065102	7593	34597060	7494270501	220407324
GLOBAL	IV	16750001	16760000	0.003404604984788	7642	25896492	7606313248	158149802
GLOBAL	IV	16760001	16770000	0.004820138326279	7757	37127208	7702519199	178786726
GLOBAL	IV	16770001	16780000	0.0063550757245852	8493	54314740	8546670780	82429545
GLOBAL	IV	16780001	16790000	0.0026461688464075	3887	8889620	3359430375	589858800
GLOBAL	IV	16790001	16800000	0.0017170576832251	4701	4261180	2481675509	2303802241
GLOBAL	IV	16800001	16810000	0.001241141457547	8882	11091412	8936460814	87873236
GLOBAL	IV	16810001	16820000	0.0066234968139475	8340	55000936	8303912200	169736300
GLOBAL	IV	16820001	16830000	0.0037241154407005	8694	32603264	8754633018	78688332
GLOBAL	IV	16830001	16840000	0.0047613866217429	8327	39828784	8364954826	95485349
GLOBAL	IV	16840001	16850000	0.0042885783403138	8111	34864628	8129646991	111331784
GLOBAL	IV	16850001	16860000	0.0032820777043063	6508	19654680	5988487102	623803598
GLOBAL	IV	16860001	16870000	0.0039341471498497	8172	31687488	8054474526	248481774
GLOBAL	IV	16870001	16880000	0.0040420499754614	8717	35548096	8794571125	62118800
GLOBAL	IV	16880001	16890000	0.0026756980019306	8384	22678784	8475838448	42515152
GLOBAL	IV	16890001	16900000	0.0019441997965512	9362	18391824	9459842570	52183480
GLOBAL	IV	16900001	16910000	0.0025563753632325	8823	22818852	8926252509	38136066
GLOBAL	IV	16910001	16920000	0.0020595221823308	8520	17730044	8608814293	47718707
GLOBAL	IV	16920001	16930000	0.0026738138486358	8541	22988616	8597687536	80181989
GLOBAL	IV	16930001	16940000	0.0027170345256259	8964	24533436	9029489971	78158129
GLOBAL	IV	16940001	16950000	0.0020486626507961	9180	19041180	9294443862	32665638
GLOBAL	IV	16950001	16960000	0.0027707177769131	8766	24536264	8855562340	50912810
GLOBAL	IV	16960001	16970000	0.0026830943968697	9026	24531308	9142916488	27725162
GLOBAL	IV	16970001	16980000	0.0020463499014832	9096	17221484	8415708373	826055027
GLOBAL	IV	16980001	16990000	0.0021108580645477	9177	19609976	9290049544	34011881
GLOBAL	IV	16990001	17000000	0.0020317122354398	9043	18602388	9156015146	31898929
GLOBAL	IV	17000001	17010000	0.0026977251919276	8316	22684848	8408880218	40383682
GLOBAL	IV	17010001	17020000	0.002057220436264	9123	18864988	9170134453	99061622
GLOBAL	IV	17020001	17030000	0.0027516973216012	8418	22285020	8098645089	454253361
GLOBAL	IV	17030001	17040000	0.0020445956050083	8997	18575872	9085352602	55824323
GLOBAL	IV	17040001	17050000	0.0025687733518759	8884	23020880	8961818287	64547813
GLOBAL	IV	17050001	17060000	0.0024709250689741	9193	23006676	9310956568	29361257
GLOBAL	IV	17060001	17070000	0.0027250374703057	9130	25064304	9197783250	78525000
GLOBAL	IV	17070001	17080000	0.002445821065864	5778	12555252	5133348541	737243909
GLOBAL	V	1	10000	0.0050715112457151	419	1075720	212110345	213604130
GLOBAL	V	10001	20000	NA	0	NA	NA	NA
GLOBAL	V	20001	30000	0.0060705050800109	389	23608	3888968	391344757
GLOBAL	V	30001	40000	0.004090032136351	557	532196	130120249	435805676
GLOBAL	V	40001	50000	0.003926097462398	320	251700	64109463	262034562
GLOBAL	V	50001	60000	NA	0	NA	NA	NA
GLOBAL	V	60001	70000	0.002332369235615	1752	2129580	913054403	867021397
GLOBAL	V	70001	80000	0.0040352264127172	5306	17157792	4252002303	1139026347
GLOBAL	V	80001	90000	0.0042578888789143	6815	28527920	6700015151	224195224
GLOBAL	V	90001	100000	0.0034338568739601	8720	30074408	8758200794	101537206
GLOBAL	V	100001	110000	0.0042123596821986	8038	33942432	8057819028	108989922
GLOBAL	V	110001	120000	0.0032124147769042	8344	26858228	8360759698	116952902
GLOBAL	V	120001	130000	0.0038964745303406	8956	35167772	9025536219	73983681
GLOBAL	V	130001	140000	0.003877324934606	8105	31678480	8170189637	64692988
GLOBAL	V	140001	150000	0.0031264386439912	9167	28982232	9270046625	43854550
GLOBAL	V	150001	160000	0.0043163678322882	8325	35961448	8331414142	126993983
GLOBAL	V	160001	170000	0.0038378734425041	9077	35241400	9182533121	39925804
GLOBAL	V	170001	180000	0.0033136840973441	8550	26457912	7984440044	702573706
GLOBAL	V	180001	190000	0.0025384304343993	8057	20590216	8111396602	74716823
GLOBAL	V	190001	200000	0.0042846759494218	9023	39143336	9135658440	31935135
GLOBAL	V	200001	210000	0.0045828425357451	9270	42954964	9372995835	45555915
GLOBAL	V	210001	220000	0.0039140600676041	9415	37315364	9533671777	32203598
GLOBAL	V	220001	230000	0.003595397485523	8872	32206324	8957653258	56520542
GLOBAL	V	230001	240000	0.0035254451053069	9345	33166524	9407755052	86998573
GLOBAL	V	240001	250000	0.0038727788914385	8464	32976224	8514873925	84761675
GLOBAL	V	250001	260000	0.0033943769067991	7678	25922120	7636783042	164256908
GLOBAL	V	260001	270000	0.0027426862227462	8503	23322796	8503632609	135627966
GLOBAL	V	270001	280000	0.0035140474383243	8553	30187364	8590482778	99579047
GLOBAL	V	280001	290000	0.0022280865197961	9033	20367080	9141063338	36690487
GLOBAL	V	290001	300000	0.0025226276389709	9169	23397464	9275036727	40896498
GLOBAL	V	300001	310000	0.0022995306510135	8898	20691464	8998124896	42465554
GLOBAL	V	310001	320000	0.0037075777330827	9131	34194792	9222946749	54377526
GLOBAL	V	320001	330000	0.004710311401215	7748	34939636	7417691321	454470379
GLOBAL	V	330001	340000	0.0036014435819727	8568	30622112	8502732669	202569531
GLOBAL	V	340001	350000	0.0038929757242929	8617	32181756	8266621289	488466136
GLOBAL	V	350001	360000	0.0058612847726982	8255	48491216	8273137696	114148679
GLOBAL	V	360001	370000	0.0059272693613232	7984	47697288	8047093036	64850564
GLOBAL	V	370001	380000	0.0061866241981652	7688	44365312	7171166468	640033732
GLOBAL	V	380001	390000	0.0047461465872225	7268	32310244	6807679326	576790374
GLOBAL	V	390001	400000	0.0046816890217259	7809	34540728	7377834760	556304465
GLOBAL	V	400001	410000	0.0040385551311821	9066	36873112	9130273279	81009371
GLOBAL	V	410001	420000	0.0043543841793924	8717	37871012	8697214219	159475706
GLOBAL	V	420001	430000	0.0070188166262215	8213	57984872	8261345906	83267419
GLOBAL	V	430001	440000	0.0068779902920412	8207	56889356	8271217839	67299336
GLOBAL	V	440001	450000	0.0054889043236755	8867	48883412	8905859734	103233941
GLOBAL	V	450001	460000	0.0028705094158723	7321	21062044	7337388926	100930099
GLOBAL	V	460001	470000	0.0043624038918731	8348	36674556	8406960224	74816476
GLOBAL	V	470001	480000	0.0044127154996551	8565	37982544	8607521605	94732520
GLOBAL	V	480001	490000	0.0039648628820654	8579	34298492	8650612397	65866078
GLOBAL	V	490001	500000	0.0027423857399626	8156	22498564	8204011446	82688454
GLOBAL	V	500001	510000	0.0064058553677192	8146	49414860	7714014314	562525336
GLOBAL	V	510001	520000	0.0051686460784838	7360	37970160	7346248790	131695210
GLOBAL	V	520001	530000	0.0034195080838126	8677	29953644	8759635382	56413543
GLOBAL	V	530001	540000	0.0059784895523759	6585	38591740	6455098677	235425948
GLOBAL	V	540001	550000	0.0076790501836202	6640	36787504	4790632060	1955773940
GLOBAL	V	550001	560000	0.0066503675467432	7804	51691648	7772750549	156308551
GLOBAL	V	560001	570000	0.0051463098802237	7465	38542248	7489297943	95328682
GLOBAL	V	570001	580000	0.0044642429361509	7941	35653184	7986389744	81864781
GLOBAL	V	580001	590000	0.0040189936297539	8338	33662644	8375888867	95727583
GLOBAL	V	590001	600000	0.0068497648389568	8396	57746700	8430464601	100081299
GLOBAL	V	600001	610000	0.0038849987259226	8289	32139688	8272766677	149064548
GLOBAL	V	610001	620000	0.0022823646190159	8102	18522852	8115641053	116193497
GLOBAL	V	620001	630000	0.003020802546885	8569	25233956	8353394705	352923520
GLOBAL	V	630001	640000	0.0032059885441889	8747	28266148	8816671554	70499121
GLOBAL	V	640001	650000	0.0041370020671402	8174	33666052	8137789504	167198846
GLOBAL	V	650001	660000	0.0045208911706877	7120	30778416	6808041786	426056214
GLOBAL	V	660001	670000	0.002509229124764	8966	22718856	9054117767	55562383
GLOBAL	V	670001	680000	0.0056436502461728	6873	37771376	6692720908	290418917
GLOBAL	V	680001	690000	0.007321646631413	6640	44866092	6127869079	618536921
GLOBAL	V	690001	700000	0.0079976819296467	8025	64215200	8029226539	124374086
GLOBAL	V	700001	710000	0.009575830277728	7736	73876580	7714900730	145068670
GLOBAL	V	710001	720000	0.0047390523136298	8252	37360948	7883632745	500605555
GLOBAL	V	720001	730000	0.0062004282801426	7240	44305656	7145579950	210441050
GLOBAL	V	730001	740000	0.0052992663139082	7506	39258016	7408198357	218085293
GLOBAL	V	740001	750000	0.0045632271605974	7452	34012052	7453508406	117909894
GLOBAL	V	750001	760000	0.0048965118719408	8366	41375996	8450096126	49969024
GLOBAL	V	760001	770000	0.00662670012069	7014	45674060	6892428987	233970363
GLOBAL	V	770001	780000	0.00834408635486	6601	54488244	6530163002	176618023
GLOBAL	V	780001	790000	0.0046821216946319	8091	37969040	8109366325	111291950
GLOBAL	V	790001	800000	0.0041760945562561	8460	35658856	8538804742	56766758
GLOBAL	V	800001	810000	0.0066291254615759	7914	52017412	7846798541	194023309
GLOBAL	V	810001	820000	0.0063908508299105	7441	47692112	7462560662	97681363
GLOBAL	V	820001	830000	0.0036505705186192	8397	30719544	8414998106	116563819
GLOBAL	V	830001	840000	0.0035673424063064	9118	32813416	9198280474	65835476
GLOBAL	V	840001	850000	0.0039706771472921	7521	29899416	7530054671	111469354
GLOBAL	V	850001	860000	0.0042838267798257	6395	26421368	6167702234	329777641
GLOBAL	V	860001	870000	0.0040923271099223	8030	32367848	7909399012	249281738
GLOBAL	V	870001	880000	0.0050187942740098	7099	35319900	7037526958	175234517
GLOBAL	V	880001	890000	0.0052362554113573	7870	41419828	7910200085	85916665
GLOBAL	V	890001	900000	0.0033040461964237	8846	29486280	8924294107	63463043
GLOBAL	V	900001	910000	0.0056202664537051	7442	41517636	7387129479	174128571
GLOBAL	V	910001	920000	0.005781460449155	6725	37570548	6498452827	334315298
GLOBAL	V	920001	930000	0.007636659389258	7323	55876556	7316884668	123466407
GLOBAL	V	930001	940000	0.0066434469499571	5798	29194300	4394450685	1496462265
GLOBAL	V	940001	950000	0.007236354974239	4263	13008908	1797715569	2533599006
GLOBAL	V	950001	960000	0.0059051897925439	5729	30301600	5131350738	689456487
GLOBAL	V	960001	970000	0.0041343777328194	7143	28789796	6963513704	302081071
GLOBAL	V	970001	980000	0.004283304412063	8269	35433400	8272444961	129065764
GLOBAL	V	980001	990000	0.0042784440054456	7589	32059668	7493300826	217312899
GLOBAL	V	990001	1000000	0.0045512530703037	7879	35146232	7722319866	282941109
GLOBAL	V	1000001	1010000	0.0048827165474975	7628	33767124	6915642895	834595805
GLOBAL	V	1010001	1020000	0.0056546070987004	7424	41401888	7321797479	221172121
GLOBAL	V	1020001	1030000	0.0046862912326772	8473	39705560	8472704326	136075499
GLOBAL	V	1030001	1040000	0.0051901252718672	8529	44283968	8532350508	133326717
GLOBAL	V	1040001	1050000	0.0071417184916229	6975	48821604	6836114313	250660062
GLOBAL	V	1050001	1060000	0.0069968266620157	7261	50245696	7181212059	196145466
GLOBAL	V	1060001	1070000	0.0061210253892122	7591	46375344	7576401183	136244592
GLOBAL	V	1070001	1080000	0.0032606883488007	6784	20596564	6316630661	576082939
GLOBAL	V	1080001	1090000	0.0044161164575853	7495	32460296	7350416664	264690711
GLOBAL	V	1090001	1100000	0.005005507711418	7490	37618784	7515478183	94549067
GLOBAL	V	1100001	1110000	0.005137255629865	7597	39047892	7600924465	117817460
GLOBAL	V	1110001	1120000	0.0045453686696701	7985	36581072	8047987888	64971737
GLOBAL	V	1120001	1130000	0.0030319255343952	7468	22181368	7315934296	271740404
GLOBAL	V	1130001	1140000	0.0057538199676777	6567	37045392	6438399569	233836606
GLOBAL	V	1140001	1150000	0.0044538800832276	6001	26259388	5895845310	201320715
GLOBAL	V	1150001	1160000	0.0040641632065875	8325	33563836	8258486260	199921865
GLOBAL	V	1160001	1170000	0.0042526526483952	7759	32740188	7698768441	184569534
GLOBAL	V	1170001	1180000	0.0055993146544578	7203	40367956	7209445886	108982189
GLOBAL	V	1180001	1190000	0.00366245537091	7970	29311952	8003360869	94358381
GLOBAL	V	1190001	1200000	0.0045954080099776	7748	35687816	7765973320	106188380
GLOBAL	V	1200001	1210000	0.0051023356053909	7608	34098400	6682900271	1047017929
GLOBAL	V	1210001	1220000	0.0052318345802276	6983	30877708	5901889199	1193013376
GLOBAL	V	1220001	1230000	0.0022254917083219	7902	16992540	7635409261	393220289
GLOBAL	V	1230001	1240000	0.0022504415991909	8545	19377548	8610553594	71380031
GLOBAL	V	1240001	1250000	0.0027187780536395	8496	23259548	8555147769	77000631
GLOBAL	V	1250001	1260000	0.0017798176191793	8860	15945108	8958843776	43137724
GLOBAL	V	1260001	1270000	0.0022135166753563	8778	19367832	8749801714	168865736
GLOBAL	V	1270001	1280000	0.0028065133717578	7797	21672544	7722230800	199716125
GLOBAL	V	1280001	1290000	0.0028921943381981	6644	15169232	5244886832	1538096068
GLOBAL	V	1290001	1300000	0.002099627801353	7686	14709880	7005946478	803221672
GLOBAL	V	1300001	1310000	0.0021548360466779	7903	16665972	7734218121	304571679
GLOBAL	V	1310001	1320000	0.0020096559459882	8622	17462608	8689352043	70815507
GLOBAL	V	1320001	1330000	0.0049614114651549	9012	45112696	9092714103	63703197
GLOBAL	V	1330001	1340000	0.0041644361411496	8683	36198744	8692351803	129793272
GLOBAL	V	1340001	1350000	0.0053923173124881	7588	41005700	7604467175	105130525
GLOBAL	V	1350001	1360000	0.0033568948579569	8401	28377424	8453474178	82151847
GLOBAL	V	1360001	1370000	0.0026480622867133	8661	23112076	8727920078	71872447
GLOBAL	V	1370001	1380000	0.0029421820526552	8514	25229112	8574966317	75470533
GLOBAL	V	1380001	1390000	0.0047231266061114	7891	37142716	7864010241	153443034
GLOBAL	V	1390001	1400000	0.0057633747116197	7437	42571784	7386607002	169570923
GLOBAL	V	1400001	1410000	0.0051617602650801	8042	41735596	8085535526	85337524
GLOBAL	V	1410001	1420000	0.0044076788157936	7423	30502160	6920232003	621721572
GLOBAL	V	1420001	1430000	0.0040553661543502	3086	7618116	1878527292	1257941883
GLOBAL	V	1430001	1440000	0.00037389647713062	1298	23180	61995770	1258836730
GLOBAL	V	1440001	1450000	0.0035702789022663	2195	4195320	1175067863	1055107012
GLOBAL	V	1450001	1460000	0.0061860244409723	6977	31515216	5094583169	1994223256
GLOBAL	V	1460001	1470000	0.0056841638357062	7317	40999592	7212950433	221304492
GLOBAL	V	1470001	1480000	0.0064181358253602	6492	40181652	6260642201	335392099
GLOBAL	V	1480001	1490000	0.0081544851626053	7050	53913128	6611469262	551506988
GLOBAL	V	1490001	1500000	0.0056327912724894	6917	38386552	6814836578	213008347
GLOBAL	V	1500001	1510000	0.0076710089895621	7119	54078660	7049745356	183336619
GLOBAL	V	1510001	1520000	0.0049712152969246	7944	38466008	7737747352	333555248
GLOBAL	V	1520001	1530000	0.0046027951526234	7130	32507056	7062459858	181798392
GLOBAL	V	1530001	1540000	0.0031225345089241	7057	10457196	3348944894	3834351856
GLOBAL	V	1540001	1550000	0.00652025586473	7027	44863696	6880664951	258942724
GLOBAL	V	1550001	1560000	0.0030257273281729	9103	27843996	9202414157	46461418
GLOBAL	V	1560001	1570000	0.0030492477829727	8913	27417520	8991568397	64262428
GLOBAL	V	1570001	1580000	0.0035794336410485	7678	27520008	7688369379	112670571
GLOBAL	V	1580001	1590000	0.0032765069161807	8097	26485936	8083589224	143165201
GLOBAL	V	1590001	1600000	0.0039299042350988	8766	34822460	8860892764	45582386
GLOBAL	V	1600001	1610000	0.0034897089705997	8111	28313780	8113507527	127471248
GLOBAL	V	1610001	1620000	0.006460017628063	8331	53085368	8217526802	246977473
GLOBAL	V	1620001	1630000	0.0049617228032384	6563	31852884	6419722597	248449478
GLOBAL	V	1630001	1640000	0.0045614164616502	8000	35362012	7752419078	375780922
GLOBAL	V	1640001	1650000	0.0045206445910562	8454	38424492	8499781663	89693687
GLOBAL	V	1650001	1660000	0.0032543733677289	7849	23818132	7318807435	655972790
GLOBAL	V	1660001	1670000	0.0020532749921971	7895	15453244	7526144359	495373016
GLOBAL	V	1670001	1680000	0.0023581777345422	7077	15376556	6520524630	669884295
GLOBAL	V	1680001	1690000	0.0037862797731072	8507	31693512	8370620741	272703934
GLOBAL	V	1690001	1700000	0.0038467610876825	7140	27031448	7027067027	227351473
GLOBAL	V	1700001	1710000	0.0038309628447679	7585	27122300	7079760650	626788975
GLOBAL	V	1710001	1720000	0.0043019538825031	7395	31240420	7261914203	251590672
GLOBAL	V	1720001	1730000	0.004941312333406	6931	34006012	6881979868	160089407
GLOBAL	V	1730001	1740000	0.0033909492920318	6272	18943036	5586351894	786156906
GLOBAL	V	1740001	1750000	0.0049461955969071	7571	37253160	7531679504	160645771
GLOBAL	V	1750001	1760000	0.0058830526145789	6806	39202684	6663663674	251402476
GLOBAL	V	1760001	1770000	0.010774909856452	5901	41886220	3887384726	2127483274
GLOBAL	V	1770001	1780000	0.005527876509629	7620	36332464	6572589662	1169520838
GLOBAL	V	1780001	1790000	0.0068452066606736	5911	35495092	5185393774	820330001
GLOBAL	V	1790001	1800000	0.0025970787005755	5010	5236632	2016354760	3074946515
GLOBAL	V	1800001	1810000	0.0048825596338563	6636	25957948	5316463074	1425878826
GLOBAL	V	1810001	1820000	0.0043436488782579	7837	33855580	7794271809	168316116
GLOBAL	V	1820001	1830000	0.0047571397669774	8034	38445660	8081675520	81069330
GLOBAL	V	1830001	1840000	0.0035279478927849	8265	29408784	8335946248	61500377
GLOBAL	V	1840001	1850000	0.0032145612666272	8530	27562860	8574376941	92316309
GLOBAL	V	1850001	1860000	0.0049434205730306	6461	31903212	6453671406	110866119
GLOBAL	V	1860001	1870000	0.004945144658458	7458	35192828	7116642774	460871676
GLOBAL	V	1870001	1880000	0.0077295106919478	7512	57100864	7387384050	244995750
GLOBAL	V	1880001	1890000	0.0094302168426121	6623	61631480	6535531582	193601993
GLOBAL	V	1890001	1900000	0.0099908972693625	5703	52385428	5243315649	551074926
GLOBAL	V	1900001	1910000	0.0098083602813755	7332	71110892	7250028543	199466757
GLOBAL	V	1910001	1920000	0.0081861509948064	7907	63297992	7732326467	301383208
GLOBAL	V	1920001	1930000	0.0072129353776939	6712	44595244	6182676215	636883585
GLOBAL	V	1930001	1940000	0.0057257058017482	6782	38777572	6772540075	118141475
GLOBAL	V	1940001	1950000	0.0049269454908675	7522	35739340	7253853339	388686711
GLOBAL	V	1950001	1960000	0.0060586057323454	7409	45065564	7438273093	89456132
GLOBAL	V	1960001	1970000	0.0061201269167873	7643	46426344	7585846606	179632469
GLOBAL	V	1970001	1980000	0.0065164654137169	7052	45124316	6924661321	240346979
GLOBAL	V	1980001	1990000	0.0058646056918667	7139	41480632	7073047052	180355423
GLOBAL	V	1990001	2000000	0.0062654166018945	7248	45100592	7198338892	165810308
GLOBAL	V	2000001	2010000	0.0051347454862927	6669	34481300	6715289023	60581702
GLOBAL	V	2010001	2020000	0.0043537423489753	8786	38516048	8846653043	80142607
GLOBAL	V	2020001	2030000	0.0065161172232354	8043	52612100	8074148791	97740284
GLOBAL	V	2030001	2040000	0.003069504376983	7894	24351900	7933495773	87005577
GLOBAL	V	2040001	2050000	0.0033736011719478	7505	25334884	7509744842	115522783
GLOBAL	V	2050001	2060000	0.0044831088462515	7829	34980572	7802748762	151710963
GLOBAL	V	2060001	2070000	0.0063885091986807	7895	50569468	7915691506	105825869
GLOBAL	V	2070001	2080000	0.0056495269588297	7081	39540992	6998991648	195481377
GLOBAL	V	2080001	2090000	0.0052255702545968	5906	26092976	4993326035	1007317615
GLOBAL	V	2090001	2100000	0.0047735003090709	5309	17328444	3630133629	1763943096
GLOBAL	V	2100001	2110000	0.0063194973996848	7114	44668296	7068330466	159671384
GLOBAL	V	2110001	2120000	0.0061273985906992	6817	41709320	6807019224	119223201
GLOBAL	V	2120001	2130000	0.0063463012340057	6849	43293460	6821841322	136913903
GLOBAL	V	2130001	2140000	0.0061496291555	7164	43196028	7024167947	254635153
GLOBAL	V	2140001	2150000	0.0065623860423977	6977	43686660	6657130458	431675967
GLOBAL	V	2150001	2160000	0.0067400588846502	7007	45755436	6788581047	330706128
GLOBAL	V	2160001	2170000	0.0072599733671523	5585	32356196	4456792658	1239043492
GLOBAL	V	2170001	2180000	0.0052491803426216	5449	26044216	4961577675	574742550
GLOBAL	V	2180001	2190000	0.0051845263809527	7632	39569560	7632242001	122060799
GLOBAL	V	2190001	2200000	0.0047711143391577	6069	28168540	5903975046	262280679
GLOBAL	V	2200001	2210000	0.0042523434703963	5866	21443440	5042734706	917267944
GLOBAL	V	2210001	2220000	0.0045123866161401	7978	35953364	7967704689	138142761
GLOBAL	V	2220001	2230000	0.0077762290877169	6441	47947232	6165871846	378345179
GLOBAL	V	2230001	2240000	0.0069958512703717	7545	51547412	7368283002	297625623
GLOBAL	V	2240001	2250000	0.0071521595222224	6875	48343772	6759325187	225846688
GLOBAL	V	2250001	2260000	0.0053742474469732	6459	34136664	6351896584	210608891
GLOBAL	V	2260001	2270000	0.0045293840001671	7641	34222792	7555727666	207719359
GLOBAL	V	2270001	2280000	0.0049373792343423	8405	41702968	8446377323	93312802
GLOBAL	V	2280001	2290000	0.0042108312660174	6938	24405848	5795969123	1253212327
GLOBAL	V	2290001	2300000	0.0044815704584622	8292	35165740	7846744869	578134431
GLOBAL	V	2300001	2310000	0.0067563217509126	7828	52616956	7787810874	165632826
GLOBAL	V	2310001	2320000	0.0071234465701283	6777	47271932	6636103961	249497464
GLOBAL	V	2320001	2330000	0.0036952826426631	8393	31199824	8443149555	84348270
GLOBAL	V	2330001	2340000	0.0055557057464626	7357	40926592	7366587409	108308516
GLOBAL	V	2340001	2350000	0.004777129110421	7203	34375016	7195747740	122680335
GLOBAL	V	2350001	2360000	0.0049023548144493	7315	35852772	7313377623	118845252
GLOBAL	V	2360001	2370000	0.0068421548436485	7188	49111052	7177717126	125470574
GLOBAL	V	2370001	2380000	0.0057741053770043	7034	40641952	7038657826	108062024
GLOBAL	V	2380001	2390000	0.0043044265321749	7520	29573724	6870537522	769970478
GLOBAL	V	2390001	2400000	0.0036386089821434	6581	22253520	6115941589	570518936
GLOBAL	V	2400001	2410000	0.0030664522674015	6438	19679904	6417808687	123360263
GLOBAL	V	2410001	2420000	0.0029718547663508	7439	22080212	7429774917	128435058
GLOBAL	V	2420001	2430000	0.0050021340077762	6669	32338784	6464997529	310873196
GLOBAL	V	2430001	2440000	0.0063952967478378	5578	34763016	5435715866	231671584
GLOBAL	V	2440001	2450000	0.0078019503061054	6425	49630880	6361342748	166617877
GLOBAL	V	2450001	2460000	0.0054798610066319	7233	38634220	7050218966	298689859
GLOBAL	V	2460001	2470000	0.0054723436065425	7468	40824228	7460099536	127575164
GLOBAL	V	2470001	2480000	0.0058884898271171	8161	48072828	8163863641	127916384
GLOBAL	V	2480001	2490000	0.0041999084574606	8349	35252248	8393575326	89217399
GLOBAL	V	2490001	2500000	0.0051961755595923	7499	38823600	7471572035	147599440
GLOBAL	V	2500001	2510000	0.0035817053401555	7915	28511044	7960186920	81650955
GLOBAL	V	2510001	2520000	0.0038056806917286	6879	26133956	6867091098	122144877
GLOBAL	V	2520001	2530000	0.0052613213665543	7015	34419492	6541986243	585429132
GLOBAL	V	2530001	2540000	0.0067361957426218	5536	35729580	5304118432	320595968
GLOBAL	V	2540001	2550000	0.0061701309511513	6338	32472144	5262796569	1176769881
GLOBAL	V	2550001	2560000	0.005754770330562	6695	34827952	6052014242	751289158
GLOBAL	V	2560001	2570000	0.0073849672526503	6322	43659872	5911992634	511317416
GLOBAL	V	2570001	2580000	0.0070693810407138	6539	45202024	6394056812	249730663
GLOBAL	V	2580001	2590000	0.0053747314763818	6623	34956916	6503937202	225196373
GLOBAL	V	2590001	2600000	0.0077070049744506	6734	51227484	6646873094	195039256
GLOBAL	V	2600001	2610000	0.006323522151699	6637	41274032	6527063717	216294208
GLOBAL	V	2610001	2620000	0.006732130001529	6550	43848632	6513337085	141626665
GLOBAL	V	2620001	2630000	0.0058942400643849	6493	36002388	6108062720	488987605
GLOBAL	V	2630001	2640000	0.0045040729068339	7558	34108000	7572701576	106415374
GLOBAL	V	2640001	2650000	0.0061526187853409	5977	36634552	5954302270	118479155
GLOBAL	V	2650001	2660000	0.004890660981938	7633	37504912	7668679579	86639246
GLOBAL	V	2660001	2670000	0.0066281537510527	5724	35504144	5356566147	459160953
GLOBAL	V	2670001	2680000	0.0086056667639409	7068	60445268	7023891310	157373390
GLOBAL	V	2680001	2690000	0.012460121031954	4873	48862580	3921517285	1030588565
GLOBAL	V	2690001	2700000	0.016603317375899	5397	80782932	4865469362	618017563
GLOBAL	V	2700001	2710000	0.011431785169386	4861	50090116	4381653019	557244506
GLOBAL	V	2710001	2720000	0.007746996683859	6816	51548644	6654016531	271209869
GLOBAL	V	2720001	2730000	0.010588756906406	6097	62353164	5888619840	306084585
GLOBAL	V	2730001	2740000	0.012883027877568	5056	42057988	3264604284	1872418116
GLOBAL	V	2740001	2750000	0.007626754464617	5904	43156272	5658536957	340074643
GLOBAL	V	2750001	2760000	0.0071449540113884	6627	45799476	6410044897	323152778
GLOBAL	V	2760001	2770000	0.0088860177439462	5746	47337212	5327157042	510922608
GLOBAL	V	2770001	2780000	0.011965876127086	3847	35678284	2981669175	926979000
GLOBAL	V	2780001	2790000	0.0092407844801759	5155	45337976	4906290813	331318062
GLOBAL	V	2790001	2800000	0.0078491608573083	5676	43537112	5546721846	220236054
GLOBAL	V	2800001	2810000	0.0064644600399054	6382	40713548	6298058577	186212973
GLOBAL	V	2810001	2820000	0.0066043641999929	6444	42189500	6388124386	159140714
GLOBAL	V	2820001	2830000	0.0059809171483045	6041	34865576	5829469818	317481432
GLOBAL	V	2830001	2840000	0.0054201466292187	5685	30156616	5563800772	212301353
GLOBAL	V	2840001	2850000	0.0057387006722156	6221	35368036	6163073842	157617683
GLOBAL	V	2850001	2860000	0.0054055805233756	6421	34153436	6318180971	205715554
GLOBAL	V	2860001	2870000	0.0054393179184637	5136	26607616	4891719219	326585181
GLOBAL	V	2870001	2880000	0.005244550017336	6627	31366488	5980777740	752419935
GLOBAL	V	2880001	2890000	0.0052188037439959	5010	24878292	4767048776	323236474
GLOBAL	V	2890001	2900000	0.0071520420321351	3834	24956656	3489444817	405995033
GLOBAL	V	2900001	2910000	0.0044681990043205	4798	20400148	4565631025	309256925
GLOBAL	V	2910001	2920000	0.0056713440125173	6184	34205276	6031246901	251851699
GLOBAL	V	2920001	2930000	0.0051682960235342	5780	28416124	5498161071	374463429
GLOBAL	V	2930001	2940000	0.0068552501135192	4300	26873712	3920165064	454838586
GLOBAL	V	2940001	2950000	0.0047434883668843	6030	27359028	5767702139	358928611
GLOBAL	V	2950001	2960000	0.0065284285156558	4993	24909016	3815468905	1257543920
GLOBAL	V	2960001	2970000	0.005607112407512	5634	28466496	5076854882	647429968
GLOBAL	V	2970001	2980000	0.0051501641195736	5612	27475800	5334936783	366995517
GLOBAL	V	2980001	2990000	0.0073505807552116	3922	24760460	3368503908	616346142
GLOBAL	V	2990001	3000000	0.005275156436953	4013	5986040	1134760660	2976076490
GLOBAL	V	3000001	3010000	0.0029402535327308	2718	3096516	1053145916	1729746559
GLOBAL	V	3010001	3020000	0.0052832840500748	4645	18847252	3567336494	1178516281
GLOBAL	V	3020001	3030000	0.0074354466565946	5219	33973480	4569124300	733510175
GLOBAL	V	3030001	3040000	0.0035504459348944	5822	18395212	5181099033	734198517
GLOBAL	V	3040001	3050000	0.0034306904685177	7206	24489048	7138227195	183248955
GLOBAL	V	3050001	3060000	0.0027485394467552	6045	16132588	5869512995	272358130
GLOBAL	V	3060001	3070000	0.0035738485200456	6081	17584072	4920206299	1258241726
GLOBAL	V	3070001	3080000	0.0046792708013767	6171	27804468	5942051482	327838793
GLOBAL	V	3080001	3090000	0.0044945620148242	6819	30018104	6678760667	249513808
GLOBAL	V	3090001	3100000	0.0061406733487739	6281	37474588	6102683838	278969187
GLOBAL	V	3100001	3110000	0.0053807004179764	6726	34296808	6374041544	459742606
GLOBAL	V	3110001	3120000	0.0081601333787263	6565	37824000	4635218353	2034985772
GLOBAL	V	3120001	3130000	0.010599576097355	4646	15667616	1478136093	3242316057
GLOBAL	V	3130001	3140000	0.011538654594639	5478	52586288	4557402041	1008382909
GLOBAL	V	3140001	3150000	0.0086512188007965	6458	54257960	6271712836	289776614
GLOBAL	V	3150001	3160000	0.0070913374180402	5153	34032844	4799213744	436363081
GLOBAL	V	3160001	3170000	0.0072275152896912	7057	50257936	6953694871	216393554
GLOBAL	V	3170001	3180000	0.0076410603112245	5572	41292604	5404041104	257250196
GLOBAL	V	3180001	3190000	0.0066511097086862	6025	39502092	5939173120	182377505
GLOBAL	V	3190001	3200000	0.0071136692856577	6219	41253812	5799231078	519428397
GLOBAL	V	3200001	3210000	0.0048173705930524	5633	19963020	4143966011	1582350889
GLOBAL	V	3210001	3220000	0.0044828271450276	6965	30486948	6800830595	275783530
GLOBAL	V	3220001	3230000	0.0045860597684405	5008	19282388	4204565351	883687849
GLOBAL	V	3230001	3240000	0.00404838431606	6220	24393376	6025459565	296247985
GLOBAL	V	3240001	3250000	0.0038727713630256	6456	21341112	5510553038	1048904362
GLOBAL	V	3250001	3260000	0.0050601835434082	7088	33522348	6624729659	576855541
GLOBAL	V	3260001	3270000	0.010274585458138	6790	67686932	6587801744	311008006
GLOBAL	V	3270001	3280000	0.0071689746681158	4862	21577292	3009815629	1930097921
GLOBAL	V	3280001	3290000	0.0044194619580185	5516	20586144	4658065664	946328236
GLOBAL	V	3290001	3300000	0.0060265449680008	6693	39121472	6491525776	308729549
GLOBAL	V	3300001	3310000	0.0074209522691685	6291	38775856	5225186013	1166627262
GLOBAL	V	3310001	3320000	0.010059056198668	6039	51105308	5080527138	1055247837
GLOBAL	V	3320001	3330000	0.006579254632577	7171	46095908	7006250795	279664480
GLOBAL	V	3330001	3340000	0.0037782520175664	6445	23527444	6227071114	321210011
GLOBAL	V	3340001	3350000	0.0044988915591344	5975	25346776	5634004658	436744717
GLOBAL	V	3350001	3360000	0.0034666353557657	6328	16869248	4866173182	1563233018
GLOBAL	V	3360001	3370000	0.0062516273895307	5992	35506588	5679575219	408446581
GLOBAL	V	3370001	3380000	0.009033310627238	5544	45573244	5045021242	589853408
GLOBAL	V	3380001	3390000	0.0048263385589451	6839	32356200	6704088328	244506647
GLOBAL	V	3390001	3400000	0.005390753631871	4733	20846264	3867040756	941805569
GLOBAL	V	3400001	3410000	0.0072374273295577	6109	10005228	1382428803	4835644197
GLOBAL	V	3410001	3420000	0.0050955922070066	5682	23609460	4633310328	1139743722
GLOBAL	V	3420001	3430000	0.0083835409126708	4473	18582984	2216603246	2328076579
GLOBAL	V	3430001	3440000	0.0048001793047491	4840	21442596	4467040633	450520367
GLOBAL	V	3440001	3450000	0.006147221970579	5397	24845100	4041679334	1441807591
GLOBAL	V	3450001	3460000	0.0081335670210794	4513	25633744	3151599284	1439817691
GLOBAL	V	3460001	3470000	0.010153857025548	6671	64305788	6333139007	444763768
GLOBAL	V	3470001	3480000	0.010090712349158	5759	55423388	5492514907	358773068
GLOBAL	V	3480001	3490000	0.0090748571288325	6056	42233252	4653875141	1499172259
GLOBAL	V	3490001	3500000	0.0079785850930764	5398	35420896	4439495924	1052119201
GLOBAL	V	3500001	3510000	0.0074663879311392	7003	52112456	6979607339	135615736
GLOBAL	V	3510001	3520000	0.012974355637011	5390	39065244	3010958316	2465416434
GLOBAL	V	3520001	3530000	0.0091119009879086	6697	59384156	6517208218	287111207
GLOBAL	V	3530001	3540000	0.0093679389110675	6873	50873824	5430631485	1552508340
GLOBAL	V	3540001	3550000	0.0084925994764252	7295	57485140	6768850946	650163604
GLOBAL	V	3550001	3560000	0.010038119886363	5042	41794000	4163528676	959269374
GLOBAL	V	3560001	3570000	0.01119757437317	5911	63947724	5710855036	294868739
GLOBAL	V	3570001	3580000	0.0084783769178618	6208	47600028	5614285430	693197770
GLOBAL	V	3580001	3590000	0.0077569018681717	4862	31327640	4038679428	901234122
GLOBAL	V	3590001	3600000	0.011162739354837	6153	56803140	5088638030	1162963795
GLOBAL	V	3600001	3610000	0.0056359738775022	6889	37975724	6738094396	261301829
GLOBAL	V	3610001	3620000	0.0044919682407478	6752	30126380	6706721505	153479295
GLOBAL	V	3620001	3630000	0.0047608954490437	7270	34636756	7275260793	111240957
GLOBAL	V	3630001	3640000	0.0092782328208698	5644	49939404	5382426262	352018838
GLOBAL	V	3640001	3650000	0.0063923231312716	7857	50356736	7877689373	105219052
GLOBAL	V	3650001	3660000	0.0054406659291446	5469	25504072	4687674695	868966030
GLOBAL	V	3660001	3670000	0.0082850270858404	6296	51721940	6242820870	154072530
GLOBAL	V	3670001	3680000	0.0060893784123269	6723	37837816	6213740293	616995782
GLOBAL	V	3680001	3690000	0.0065416560434479	6965	43782948	6692945595	383668530
GLOBAL	V	3690001	3700000	0.0051215447697225	7238	36719188	7169553260	184435690
GLOBAL	V	3700001	3710000	0.0057842809366992	6804	37572820	6495676889	417357211
GLOBAL	V	3710001	3720000	0.0065468197470281	7391	47936996	7322180517	187260258
GLOBAL	V	3720001	3730000	0.0064145455585148	8131	52265680	8147994199	113305076
GLOBAL	V	3730001	3740000	0.0097528475865605	6689	57544552	5900282096	899973229
GLOBAL	V	3740001	3750000	0.007012760247833	6208	42818252	6105762993	201720207
GLOBAL	V	3750001	3760000	0.0056285283920322	6514	35754892	6352440551	265946299
GLOBAL	V	3760001	3770000	0.0026722588891817	7254	18491232	6919700810	450544540
GLOBAL	V	3770001	3780000	0.0029661433000974	6782	18467120	6225970269	664711281
GLOBAL	V	3780001	3790000	0.0035577644423333	7298	25161628	7072314204	342636246
GLOBAL	V	3790001	3800000	0.0040039505671706	7461	28706904	7169644959	410917566
GLOBAL	V	3800001	3810000	0.0050130806797755	6302	29532572	5891102475	511887075
GLOBAL	V	3810001	3820000	0.0043310668517387	7540	32147968	7422644143	238184357
GLOBAL	V	3820001	3830000	0.0042204169859796	6662	26463552	6270364300	498394250
GLOBAL	V	3830001	3840000	0.0034004762833429	6596	20253768	5956156230	745544670
GLOBAL	V	3840001	3850000	0.0058556329505441	5819	33279948	5683407461	228842014
GLOBAL	V	3850001	3860000	0.0031608223141901	6297	17349552	5488936193	909989257
GLOBAL	V	3860001	3870000	0.00449107995691	6013	21681920	4827774212	1281584113
GLOBAL	V	3870001	3880000	0.0040871164510843	4387	8538816	2089203012	2411787738
GLOBAL	V	3880001	3890000	0.0049287277047003	6113	28680264	5818999490	391961335
GLOBAL	V	3890001	3900000	0.0053819159775083	7242	38651236	7181686998	176366052
GLOBAL	V	3900001	3910000	0.0051283275397493	5845	26408568	5149547839	789118286
GLOBAL	V	3910001	3920000	0.0054901915130713	5401	25774736	4694687961	792863064
GLOBAL	V	3920001	3930000	0.0039783729619801	6038	22166336	5571708890	563050060
GLOBAL	V	3930001	3940000	0.0052323042046669	7248	36912480	7054727431	309421769
GLOBAL	V	3940001	3950000	0.0063919712558105	7348	45474532	7114320478	351431222
GLOBAL	V	3950001	3960000	0.006783671840327	5784	34993912	5158550240	718138360
GLOBAL	V	3960001	3970000	0.0070534441754229	6823	48003028	6805615357	126723218
GLOBAL	V	3970001	3980000	0.0074798119752773	6763	46602520	6230440037	640937038
GLOBAL	V	3980001	3990000	0.0083471680740075	6520	48623628	5825164603	799318397
GLOBAL	V	3990001	4000000	0.0073513708998694	6576	44159664	6006997144	674383256
GLOBAL	V	4000001	4010000	0.0080577805996523	7933	39112388	4853990192	3206136133
GLOBAL	V	4010001	4020000	0.0095107638354433	7578	67617048	7109528653	589908797
GLOBAL	V	4020001	4030000	0.0070861942923977	6627	41557960	5864637390	868560285
GLOBAL	V	4030001	4040000	0.0040420524095705	6091	17858268	4418118864	1770489411
GLOBAL	V	4040001	4050000	0.003032344313376	5198	11101132	3660907487	1620390463
GLOBAL	V	4050001	4060000	0.0051339026397197	7027	35256620	6867411105	272196570
GLOBAL	V	4060001	4070000	0.0040705773448636	7956	32211912	7913352154	170142746
GLOBAL	V	4070001	4080000	0.0049177975589562	7823	38513444	7831441522	116922053
GLOBAL	V	4080001	4090000	0.0026348783974896	5449	14179576	5381491614	154828611
GLOBAL	V	4090001	4100000	0.0039254859170886	6340	24905940	6344676946	96921554
GLOBAL	V	4100001	4110000	0.003653423117815	6531	23741348	6498384456	137274819
GLOBAL	V	4110001	4120000	0.0048370663181975	6306	30111156	6225086451	181967199
GLOBAL	V	4120001	4130000	0.0045424269327979	6056	27023676	5949171313	203876087
GLOBAL	V	4130001	4140000	0.0046776414924969	7006	32715544	6994025526	124245624
GLOBAL	V	4140001	4150000	0.0058673267837506	6097	34938012	5954672935	240031490
GLOBAL	V	4150001	4160000	0.0068430347607643	5423	33748200	4931759253	578144322
GLOBAL	V	4160001	4170000	0.0083337703192	5931	46041756	5524721013	501323262
GLOBAL	V	4170001	4180000	0.0077741878095857	5924	44696976	5749407796	269524304
GLOBAL	V	4180001	4190000	0.010319885495432	5936	56979372	5521318238	509806162
GLOBAL	V	4190001	4200000	0.0067299103038341	6405	36525624	5427356733	1080283392
GLOBAL	V	4200001	4210000	0.0054264935905323	6378	33665352	6203886808	276320642
GLOBAL	V	4210001	4220000	0.0038842932814528	7339	28040908	7219050151	237557324
GLOBAL	V	4220001	4230000	0.0039326925308672	6948	26406608	6714638328	344703372
GLOBAL	V	4230001	4240000	0.0042526228398829	7141	28639940	6734653196	520781329
GLOBAL	V	4240001	4250000	0.0049349570706872	6142	28891276	5854412832	386012718
GLOBAL	V	4250001	4260000	0.0057102683888279	4641	19850200	3476228900	1239143125
GLOBAL	V	4260001	4270000	0.0048291614197749	6363	26856556	5561329114	903637961
GLOBAL	V	4270001	4280000	0.00438693135456	6275	23999020	5470571126	904985749
GLOBAL	V	4280001	4290000	0.0064247549672737	8020	48656336	7573259408	575261092
GLOBAL	V	4290001	4300000	0.0055635610185745	7033	38884328	6989107852	156595973
GLOBAL	V	4300001	4310000	0.005444222060306	6950	36939984	6785172168	276201582
GLOBAL	V	4310001	4320000	0.0038324148380463	5668	17353632	4528119406	1230710294
GLOBAL	V	4320001	4330000	0.0066642069260013	6952	44679928	6704462886	358942914
GLOBAL	V	4330001	4340000	0.011346140523527	5039	47855700	4217795461	901954514
GLOBAL	V	4340001	4350000	0.0086556798017727	6114	49863104	5760738052	451238798
GLOBAL	V	4350001	4360000	0.0070686497790266	7296	51335000	7262348766	150569634
GLOBAL	V	4360001	4370000	0.0074847201104867	7065	52521916	7017218443	160998182
GLOBAL	V	4370001	4380000	0.0044723099633339	7730	34719876	7763298225	90575025
GLOBAL	V	4380001	4390000	0.0076693208822796	6951	53601456	6989074629	73315146
GLOBAL	V	4390001	4400000	0.0090631366730808	6999	56536788	6238103875	873055100
GLOBAL	V	4400001	4410000	0.0079129178228536	6617	52261736	6604609977	118427448
GLOBAL	V	4410001	4420000	0.0085054963979156	5532	40600396	4773430509	847219791
GLOBAL	V	4420001	4430000	0.0077001116921081	6470	46709696	6066106294	507575456
GLOBAL	V	4430001	4440000	0.0076058434102897	6283	44491228	5849611358	534073717
GLOBAL	V	4440001	4450000	0.0072802547795345	5924	42260192	5804768278	214163822
GLOBAL	V	4450001	4460000	0.0084141008107356	6057	27513244	3269897119	2884166306
GLOBAL	V	4460001	4470000	0.010469384997285	5983	53718608	5131018490	947859085
GLOBAL	V	4470001	4480000	0.010546537940074	6740	69165848	6558156657	289851843
GLOBAL	V	4480001	4490000	0.01058250675686	5301	46506944	4394700147	991248378
GLOBAL	V	4490001	4500000	0.0063062652238688	7137	45004780	7136518748	114851677
GLOBAL	V	4500001	4510000	0.0068315194869025	6072	38979972	5705900726	463403074
GLOBAL	V	4510001	4520000	0.009254657401781	6396	55553108	6002719019	495776881
GLOBAL	V	4520001	4530000	0.0062276849391209	7271	36268144	5823696021	1563821754
GLOBAL	V	4530001	4540000	0.0077958321711655	7670	55611852	7133536328	659375422
GLOBAL	V	4540001	4550000	0.0097056704998227	5585	38605980	3977672640	1696826985
GLOBAL	V	4550001	4560000	0.0095278192113543	7083	56975028	5979860316	1216644759
GLOBAL	V	4560001	4570000	0.009100954059061	7289	65063120	7149043889	256762336
GLOBAL	V	4570001	4580000	0.0079716518745455	5840	41115396	5157700894	781981256
GLOBAL	V	4580001	4590000	0.010268340455421	6228	62522056	6088817981	238985719
GLOBAL	V	4590001	4600000	0.0062691718252032	7087	44402960	7082747329	117821846
GLOBAL	V	4600001	4610000	0.011195697143516	5744	60119940	5369914819	466132781
GLOBAL	V	4610001	4620000	0.0067031565299128	6555	40731744	6076501991	583541884
GLOBAL	V	4620001	4630000	0.0085107568481584	7638	52692224	6191250078	1569148872
GLOBAL	V	4630001	4640000	0.0087969791345069	7019	59633212	6778828401	352651074
GLOBAL	V	4640001	4650000	0.0087099063628949	6662	56837840	6525654540	243104010
GLOBAL	V	4650001	4660000	0.014415409910813	5886	78959012	5477403174	502919976
GLOBAL	V	4660001	4670000	0.0096125356122945	7332	61550352	6403133833	1046361467
GLOBAL	V	4670001	4680000	0.0085992554826675	4928	34779560	4044485022	962486178
GLOBAL	V	4680001	4690000	0.011658462632326	2807	15496084	1329170448	1572596952
GLOBAL	V	4690001	4700000	0.0096597880548242	8016	77146372	7986342098	158114302
GLOBAL	V	4700001	4710000	0.0086307350494341	6453	43884612	5084689977	1471719348
GLOBAL	V	4710001	4720000	0.011002822415535	7413	81248656	7384346755	147446570
GLOBAL	V	4720001	4730000	0.0094015172451731	3471	23756752	2526906177	1018005048
GLOBAL	V	4730001	4740000	0.0087213671031868	942	1710864	196169245	770070530
GLOBAL	V	4740001	4750000	0.0070993629737263	795	3571920	503132466	304607409
GLOBAL	V	4750001	4760000	NA	0	NA	NA	NA
GLOBAL	V	4760001	4770000	0.0015073127212255	490	2808	1862918	495989332
GLOBAL	V	4770001	4780000	0.00053659755672798	622	53380	99478649	537569026
GLOBAL	V	4780001	4790000	0.0078131315459645	4092	24299340	3110064109	1049542241
GLOBAL	V	4790001	4800000	0.0073113083220586	7217	52389104	7165489635	167162790
GLOBAL	V	4800001	4810000	0.005887967437167	8433	49947376	8482957240	85181585
GLOBAL	V	4810001	4820000	0.010749573957917	5298	51852860	4823713033	559187417
GLOBAL	V	4820001	4830000	0.0080626536921411	7588	61395444	7614793633	94804067
GLOBAL	V	4830001	4840000	0.0082100169832552	5759	42655640	5195560507	655727468
GLOBAL	V	4840001	4850000	0.0074788351724526	6740	46610432	6232311707	615696793
GLOBAL	V	4850001	4860000	0.0077903969848671	7152	48300784	6200041422	1066569378
GLOBAL	V	4860001	4870000	0.0090438471674207	7892	70713492	7818961410	199507890
GLOBAL	V	4870001	4880000	0.0073223022614194	7928	52301088	7142710876	912335324
GLOBAL	V	4880001	4890000	0.010041133980658	6566	57633988	5739788764	931431386
GLOBAL	V	4890001	4900000	0.0076256133682546	7286	52235364	6849988516	552769634
GLOBAL	V	4900001	4910000	0.0066929515297996	6327	41030260	6130368615	298021560
GLOBAL	V	4910001	4920000	0.0094759980962927	7035	64926780	6851708848	296027027
GLOBAL	V	4920001	4930000	0.012376276236645	7377	92060408	7438457759	56758666
GLOBAL	V	4930001	4940000	0.010490517734034	6770	64768088	6173964874	704524376
GLOBAL	V	4940001	4950000	0.01161303154654	7262	81690124	7034349616	344023934
GLOBAL	V	4950001	4960000	0.0090033010266513	7207	63395080	7041315159	281177016
GLOBAL	V	4960001	4970000	0.010381312845187	6374	64504596	6213529730	262613620
GLOBAL	V	4970001	4980000	0.0090949677061539	2915	10074392	1107688595	1854024280
GLOBAL	V	4980001	4990000	0.0098613965878236	2488	7328288	743128819	1784741381
GLOBAL	V	4990001	5000000	0.0056563050623164	3001	3945684	697572701	2351518324
GLOBAL	V	5000001	5010000	0.0085459313669642	7663	64026440	7492037702	293761873
GLOBAL	V	5010001	5020000	0.0076581444463455	7059	50330324	6572130410	599990065
GLOBAL	V	5020001	5030000	0.0053990092217907	5098	23181072	4293578886	886116564
GLOBAL	V	5030001	5040000	0.0060774558953544	6831	38288728	6300124371	640342404
GLOBAL	V	5040001	5050000	0.0061130304509108	5748	14504880	2372780590	3467331110
GLOBAL	V	5050001	5060000	0.0059991641855598	5426	28066660	4678428383	834523267
GLOBAL	V	5060001	5070000	0.0081888320716459	4436	32890588	4016517583	500729567
GLOBAL	V	5070001	5080000	0.0091892497448731	6635	58649336	6382385682	358940193
GLOBAL	V	5080001	5090000	0.0057935089071928	7105	40049812	6912876573	313093227
GLOBAL	V	5090001	5100000	0.01083718497066	7028	73673332	6798198259	342425441
GLOBAL	V	5100001	5110000	0.010392258455541	5382	50516364	4860961091	607285459
GLOBAL	V	5110001	5120000	0.0094343873112818	7086	58939432	6247298320	952254830
GLOBAL	V	5120001	5130000	0.0098703909919967	6654	65904952	6677035596	83594754
GLOBAL	V	5130001	5140000	0.010355884464413	6671	60352496	5827845628	950057147
GLOBAL	V	5140001	5150000	0.012012218294326	5204	55645248	4632387344	655006756
GLOBAL	V	5150001	5160000	0.013375955143879	5835	67512116	5047274402	881231473
GLOBAL	V	5160001	5170000	0.011204328423133	6174	65782552	5871173132	401765218
GLOBAL	V	5170001	5180000	0.012607272362042	4285	51214644	4062309636	293389539
GLOBAL	V	5180001	5190000	0.010417990943353	5692	52984096	5085826652	697387648
GLOBAL	V	5190001	5200000	0.0096173034854292	5959	43703440	4544250898	1510242077
GLOBAL	V	5200001	5210000	0.00601669247535	5347	25295872	4204282021	1228403654
GLOBAL	V	5210001	5220000	0.0078354364309777	4533	29277536	3736554595	869086730
GLOBAL	V	5220001	5230000	0.0093379875631743	5377	37788516	4046751588	1416414837
GLOBAL	V	5230001	5240000	0.0082808871645399	6403	51443992	6212376884	293231191
GLOBAL	V	5240001	5250000	0.0083298059170885	5732	45852528	5504633416	319221884
GLOBAL	V	5250001	5260000	0.010974428922984	5988	62372268	5683418102	400539598
GLOBAL	V	5260001	5270000	0.007906542276709	7505	59464188	7520884088	104383537
GLOBAL	V	5270001	5280000	0.010880985678984	5049	38341528	3523718267	1606191958
GLOBAL	V	5280001	5290000	0.0090513234578275	5202	41351104	4568514670	716847380
GLOBAL	V	5290001	5300000	0.010046334329006	4800	24436404	2432370176	2444549824
GLOBAL	V	5300001	5310000	0.011201025743954	5076	51938192	4636913903	520428997
GLOBAL	V	5310001	5320000	0.01060833243117	6533	67220080	6336535967	301155358
GLOBAL	V	5320001	5330000	0.0079514179806913	6916	54588160	6865210725	161618175
GLOBAL	V	5330001	5340000	0.0055839456153004	4942	23472864	4203634064	817561486
GLOBAL	V	5340001	5350000	0.0083005180618536	6103	49981652	6021509938	179290637
GLOBAL	V	5350001	5360000	0.0070401848589079	7087	49906792	7088846813	111722362
GLOBAL	V	5360001	5370000	0.0057161237215751	8044	45994612	8046468943	126436157
GLOBAL	V	5370001	5380000	0.0077530011001666	6438	48230804	6220920567	320248383
GLOBAL	V	5380001	5390000	0.0085167317610192	4617	37990900	4460736943	230250482
GLOBAL	V	5390001	5400000	0.010175728853597	6090	60178664	5913941386	273650864
GLOBAL	V	5400001	5410000	0.0087515974295431	6234	53952588	6164884575	169015275
GLOBAL	V	5410001	5420000	0.0093261484014358	6503	58723712	6296673554	310537021
GLOBAL	V	5420001	5430000	0.010805526833883	6280	66831780	6184962661	195674339
GLOBAL	V	5430001	5440000	0.014923463032987	5329	70446856	4720543472	693853753
GLOBAL	V	5440001	5450000	0.013800169886854	5530	65251976	4728345849	890272401
GLOBAL	V	5450001	5460000	0.0089326769085465	7191	62540272	7001291174	304944601
GLOBAL	V	5460001	5470000	0.008432285906736	5635	43069064	5107638009	684720516
GLOBAL	V	5470001	5480000	0.0082148549007757	2385	6195168	754142109	1678221741
GLOBAL	V	5480001	5490000	0.0088671128203954	6187	53376572	6019611240	266535435
GLOBAL	V	5490001	5500000	0.0084581450606541	5747	47405908	5604764125	234331550
GLOBAL	V	5500001	5510000	0.0061136167735448	6684	39557652	6470417343	320693757
GLOBAL	V	5510001	5520000	0.0060886060082582	6151	36394920	5977545591	272024184
GLOBAL	V	5520001	5530000	0.0088729796422802	7459	66269284	7468661788	109868687
GLOBAL	V	5530001	5540000	0.0094155510465405	7166	66814844	7096222374	184612776
GLOBAL	V	5540001	5550000	0.0072819256251637	6045	42311432	5810472968	331398157
GLOBAL	V	5550001	5560000	0.0054258105492074	6986	37470980	6906061253	191889397
GLOBAL	V	5560001	5570000	0.0049937866837633	4567	20929540	4191116146	449070029
GLOBAL	V	5570001	5580000	0.0052067963227307	6397	26126732	5017813331	1481698594
GLOBAL	V	5580001	5590000	0.0048693991154577	7404	35846844	7361656572	160992528
GLOBAL	V	5590001	5600000	0.0088949571731526	6470	55695980	6261523121	312158629
GLOBAL	V	5600001	5610000	0.0063712912016457	7181	45587568	7155153729	140921796
GLOBAL	V	5610001	5620000	0.005907774190451	7305	43141500	7302496441	119566184
GLOBAL	V	5620001	5630000	0.007420452202367	7883	58016812	7818500870	190824205
GLOBAL	V	5630001	5640000	0.0084382688552252	7237	59669256	7071267463	281705462
GLOBAL	V	5640001	5650000	0.0082263802739399	7106	58419708	7101508325	118365325
GLOBAL	V	5650001	5660000	0.0095712207462605	6383	60583872	6329795708	155491867
GLOBAL	V	5660001	5670000	0.01029383204293	7719	79151824	7689247665	153449310
GLOBAL	V	5670001	5680000	0.008359633176911	7279	60593204	7248308953	147337022
GLOBAL	V	5680001	5690000	0.010549049738982	5074	50722040	4808209389	347101461
GLOBAL	V	5690001	5700000	0.0062004650859298	6757	39693984	6401775262	463505663
GLOBAL	V	5700001	5710000	0.00868511141841	6376	53737756	6187342155	290833245
GLOBAL	V	5710001	5720000	0.007264587473367	4907	33309628	4585205715	400428960
GLOBAL	V	5720001	5730000	0.00640028358129	7105	45365892	7088106554	130751071
GLOBAL	V	5730001	5740000	0.0087311634468919	7526	64273632	7361405200	285198950
GLOBAL	V	5740001	5750000	0.0075905915366911	6118	40616192	5350859917	865181033
GLOBAL	V	5750001	5760000	0.0082136692767124	5229	40722592	4957905003	354889722
GLOBAL	V	5760001	5770000	0.012810444736637	2042	21053136	1643435215	431287835
GLOBAL	V	5770001	5780000	0.019565780102272	4813	78283440	4001038527	889089798
GLOBAL	V	5780001	5790000	0.012741622020414	6170	11857764	930632221	5338242029
GLOBAL	V	5790001	5800000	0.013773954182137	6808	11872976	861987476	6055110724
GLOBAL	V	5800001	5810000	0.0055666634367162	7609	5099004	915989274	6814944951
GLOBAL	V	5810001	5820000	0.011682524407111	6858	12201320	1044407833	5923491617
GLOBAL	V	5820001	5830000	0.006882331190502	6151	5189852	754083443	5495486332
GLOBAL	V	5830001	5840000	0.0029125292531782	4337	3984736	1368135958	3038364467
GLOBAL	V	5840001	5850000	0.0040494573766946	3270	1482312	366052007	2956349743
GLOBAL	V	5850001	5860000	0.010229054277096	6703	8926664	872677352	5937738223
GLOBAL	V	5860001	5870000	0.024006266630435	6229	24069956	1002653031	5326166694
GLOBAL	V	5870001	5880000	0.016371609267207	4736	32062552	1958423969	2853470431
GLOBAL	V	5880001	5890000	0.012244251833452	4709	35821332	2925563153	1860930622
GLOBAL	V	5890001	5900000	0.010119237414891	5741	55971560	5531203361	301796164
GLOBAL	V	5900001	5910000	0.0077641011600962	6392	47298412	6091936597	402495203
GLOBAL	V	5910001	5920000	0.006005220608093	5568	31342940	5219282029	437945171
GLOBAL	V	5920001	5930000	0.0095087797486049	5795	52181504	5487718233	400146642
GLOBAL	V	5930001	5940000	0.0095648782027047	7317	69823996	7300040264	134214661
GLOBAL	V	5940001	5950000	0.0090957936266509	5712	47465680	5218420948	585113852
GLOBAL	V	5950001	5960000	0.0062549312081617	6496	39780384	6359843566	240254834
GLOBAL	V	5960001	5970000	0.0077402733834956	7379	55068192	7114502198	382746277
GLOBAL	V	5970001	5980000	0.0064234953899559	7389	47228584	7352474180	154934545
GLOBAL	V	5980001	5990000	0.0049917518098196	8096	40615976	8136617674	89120726
GLOBAL	V	5990001	6000000	0.006020532736499	6436	37939084	6301615764	237521136
GLOBAL	V	6000001	6010000	0.0046748190873168	7707	35604932	7616322971	214181704
GLOBAL	V	6010001	6020000	0.0068955719904843	7567	49988868	7249415722	438845453
GLOBAL	V	6020001	6030000	0.0078899700426142	6650	51167144	6485087234	271479016
GLOBAL	V	6030001	6040000	0.0097481773900275	6867	62269540	6387813589	589230086
GLOBAL	V	6040001	6050000	0.008514352227053	6308	46131872	5418130560	990955140
GLOBAL	V	6050001	6060000	0.0074370341133449	6275	44207172	5944193791	431363084
GLOBAL	V	6060001	6070000	0.0077673090546737	7516	57941800	7459700598	176743302
GLOBAL	V	6070001	6080000	0.0089510187009916	7714	69248256	7736354745	101262105
GLOBAL	V	6080001	6090000	0.0083924350476952	7376	51204524	6101271408	1392928992
GLOBAL	V	6090001	6100000	0.0063031400991188	6359	33553008	5323221041	1137681934
GLOBAL	V	6100001	6110000	0.0061598265546977	6399	36028656	5848972480	652571495
GLOBAL	V	6110001	6120000	0.0049687332193837	6117	23245204	4678295850	1536729075
GLOBAL	V	6120001	6130000	0.0063866002463367	5817	29710736	4652042535	1261222965
GLOBAL	V	6130001	6140000	0.0077211067523578	5825	29609332	3834855928	2083489697
GLOBAL	V	6140001	6150000	0.0056399921252182	7481	41610988	7377845053	223037972
GLOBAL	V	6150001	6160000	0.0046842092911542	8269	38741216	8270598855	130911870
GLOBAL	V	6160001	6170000	0.0051477162106827	7348	35565108	6908909999	556841701
GLOBAL	V	6170001	6180000	0.0046952052575613	6477	28996940	6175862057	404931868
GLOBAL	V	6180001	6190000	0.0040712029835025	7619	31055504	7628090303	113004172
GLOBAL	V	6190001	6200000	0.0052317163303358	7220	36825696	7038932097	296768403
GLOBAL	V	6200001	6210000	0.0076096376250363	6641	49972008	6566936622	180485403
GLOBAL	V	6210001	6220000	0.012449773864118	4217	37822608	3038015663	1246561762
GLOBAL	V	6220001	6230000	0.0056217447394094	6218	31545048	5611255840	706387610
GLOBAL	V	6230001	6240000	0.0076689790892827	7358	51530220	6719306364	756605586
GLOBAL	V	6240001	6250000	0.0050912352341179	9094	46754028	9183238615	56492735
GLOBAL	V	6250001	6260000	0.0030725875176482	9057	28112908	9149587388	52551037
GLOBAL	V	6260001	6270000	0.0047780854128579	7768	37327692	7812269722	80212478
GLOBAL	V	6270001	6280000	0.007625340059504	7155	54190096	7106580897	163077978
GLOBAL	V	6280001	6290000	0.0051750740666726	8026	41269316	7974632917	179983733
GLOBAL	V	6290001	6300000	0.0050019187382677	6189	27938836	5585623730	702554995
GLOBAL	V	6300001	6310000	0.0066123794224417	7166	45472424	6876862487	403972663
GLOBAL	V	6310001	6320000	0.0075614751917316	6953	45722664	6046791511	1017630314
GLOBAL	V	6320001	6330000	0.007657448292184	6802	51941860	6783181292	127820758
GLOBAL	V	6330001	6340000	0.0063217295365273	8783	55596936	8794576813	129170762
GLOBAL	V	6340001	6350000	0.0078094317046634	7016	53870276	6898104502	230326898
GLOBAL	V	6350001	6360000	0.0076437144800959	6035	29369800	3842346555	2289364320
GLOBAL	V	6360001	6370000	0.0068435473229116	7664	50540028	7385062982	401752618
GLOBAL	V	6370001	6380000	0.0073905496253358	7977	57962980	7842851065	261980360
GLOBAL	V	6380001	6390000	0.0067644425951716	6640	42326116	6257147637	489258363
GLOBAL	V	6390001	6400000	0.0081476079256288	6685	53080860	6514901120	277226005
GLOBAL	V	6400001	6410000	0.0082741522072332	6565	53624780	6480999945	189204180
GLOBAL	V	6410001	6420000	0.0078770459377468	6914	52000784	6601559063	423237787
GLOBAL	V	6420001	6430000	0.011523810080895	6268	53454272	4638593627	1729851073
GLOBAL	V	6430001	6440000	0.0038792579081378	7794	30240248	7795369299	123529551
GLOBAL	V	6440001	6450000	0.0057738462730552	7708	44865156	7770410551	61110149
GLOBAL	V	6450001	6460000	0.0058775932228407	7771	44952680	7648144112	247386163
GLOBAL	V	6460001	6470000	0.0088795562344585	8282	74332688	8371216538	43502512
GLOBAL	V	6470001	6480000	0.0074796158500288	7436	55071424	7362867974	192293926
GLOBAL	V	6480001	6490000	0.0081837925049521	8233	67151916	8205476368	159457457
GLOBAL	V	6490001	6500000	0.0060818709283761	6657	39737888	6533826263	229852162
GLOBAL	V	6500001	6510000	0.004952381994821	6880	29628452	5982666933	1007585067
GLOBAL	V	6510001	6520000	0.0045823455563358	7699	33755564	7366437905	455938570
GLOBAL	V	6520001	6530000	0.003284717145429	6464	17113932	5210169169	1357416431
GLOBAL	V	6530001	6540000	0.0050892398264331	7723	39094952	7681884394	164876681
GLOBAL	V	6540001	6550000	0.0047811015861047	8326	39470844	8255596182	203827968
GLOBAL	V	6550001	6560000	0.0062149841720826	6724	37913916	6100404273	731347827
GLOBAL	V	6560001	6570000	0.0037869333918186	6787	22466568	5932654651	963107024
GLOBAL	V	6570001	6580000	0.0029505245121509	6158	17321684	5870713471	385968479
GLOBAL	V	6580001	6590000	0.0030199725503338	6690	19341288	6404458212	392749038
GLOBAL	V	6590001	6600000	0.0026649449714682	7402	18648172	6997582389	523034661
GLOBAL	V	6600001	6610000	0.0029959230816934	8632	25897292	8644177869	126149931
GLOBAL	V	6610001	6620000	0.0029305337778742	8061	23680240	8080521091	109656434
GLOBAL	V	6620001	6630000	0.0050997348414702	7970	40464924	7934711364	163007886
GLOBAL	V	6630001	6640000	0.0054585816495242	7672	41471812	7597543586	197400214
GLOBAL	V	6640001	6650000	0.0037810927268855	8525	32316944	8546985312	114627813
GLOBAL	V	6650001	6660000	0.0027895749021487	8436	23743088	8511364216	59822684
GLOBAL	V	6660001	6670000	0.0038526561489561	7728	29374080	7624371048	227470152
GLOBAL	V	6670001	6680000	0.0039835966523854	7194	27254416	6841660534	467623316
GLOBAL	V	6680001	6690000	0.0038928368780297	7692	29615560	7607706392	207557908
GLOBAL	V	6690001	6700000	0.0032847332533241	8734	28825432	8775577734	98384616
GLOBAL	V	6700001	6710000	0.0033784655216388	8346	26104700	7726791892	752952758
GLOBAL	V	6710001	6720000	0.0040676651378526	8229	33582952	8256075872	104793853
GLOBAL	V	6720001	6730000	0.0035694442113247	8830	31724000	8887658168	83842582
GLOBAL	V	6730001	6740000	0.005836784476628	7847	45933144	7869597410	103150765
GLOBAL	V	6740001	6750000	0.0057717345352057	7601	44100576	7640783846	82022179
GLOBAL	V	6750001	6760000	0.0046440480253611	7831	36504188	7860424311	96067464
GLOBAL	V	6760001	6770000	0.0025975481027	8749	22857452	8799626069	89576656
GLOBAL	V	6770001	6780000	0.0032597437193641	8201	26852492	8237608325	94812700
GLOBAL	V	6780001	6790000	0.0026147396062812	9269	24523804	9379061663	38474062
GLOBAL	V	6790001	6800000	0.0035922515244746	8237	29738996	8278650812	90347113
GLOBAL	V	6800001	6810000	0.0034155326144995	8823	30471740	8921519259	42869316
GLOBAL	V	6810001	6820000	0.0022607203182178	8444	19060680	8431241957	148073143
GLOBAL	V	6820001	6830000	0.0034618036923331	6976	22976264	6637078830	450711570
GLOBAL	V	6830001	6840000	0.0034548880318576	8003	27469004	7950765335	180482740
GLOBAL	V	6840001	6850000	0.0035889814822189	6431	21430328	5971144768	562912007
GLOBAL	V	6850001	6860000	0.0045806768092899	7139	31146780	6799602176	453800299
GLOBAL	V	6860001	6870000	0.0037199274147353	7423	26253944	7057649538	485320062
GLOBAL	V	6870001	6880000	0.0035579768320383	6999	23978772	6739440174	371718801
GLOBAL	V	6880001	6890000	0.0031770658334809	7423	23421820	7372154443	169799132
GLOBAL	V	6890001	6900000	0.0039562131971183	7733	30198752	7633246869	223674456
GLOBAL	V	6900001	6910000	0.0042033142977769	7770	32623716	7761426743	133087507
GLOBAL	V	6910001	6920000	0.0032074980949425	7789	24492120	7635895416	277923309
GLOBAL	V	6920001	6930000	0.0037694008739787	7652	28514668	7564774603	209848697
GLOBAL	V	6930001	6940000	0.0047124198940657	7846	36044248	7648776809	322955341
GLOBAL	V	6940001	6950000	0.004679264006995	5867	26760408	5718935277	242083398
GLOBAL	V	6950001	6960000	0.005977441562318	5906	31410192	5254788637	745855013
GLOBAL	V	6960001	6970000	0.0032694837110284	6964	14860824	4545312139	2530285961
GLOBAL	V	6970001	6980000	0.0043319055020233	6969	22724272	5245791255	1851143370
GLOBAL	V	6980001	6990000	0.0030055957808699	1440	1375296	457578497	1058330803
GLOBAL	V	6990001	7000000	0.0043186620043523	7512	31690716	7338086650	294293150
GLOBAL	V	7000001	7010000	0.0045439222274755	7689	34620996	7619187624	193028601
GLOBAL	V	7010001	7020000	0.0031617279757613	7461	23226688	7346200615	234361910
GLOBAL	V	7020001	7030000	0.0037750758799443	7448	27758864	7353193653	214160547
GLOBAL	V	7030001	7040000	0.0032011214047959	8106	25235092	7883203668	352694982
GLOBAL	V	7040001	7050000	0.0023960427367204	7852	16857996	7035765991	942062309
GLOBAL	V	7050001	7060000	0.0029893606333295	4736	9363132	3132152038	1679742362
GLOBAL	V	7060001	7070000	0.0025093491805378	6645	13585068	5413781432	1337704693
GLOBAL	V	7070001	7080000	0.0026741746633545	8310	21192996	7925060502	518107248
GLOBAL	V	7080001	7090000	0.0023637359726455	6367	13324544	5637069518	831961657
GLOBAL	V	7090001	7100000	0.0035258340534037	3408	9327972	2645607212	817005988
GLOBAL	V	7100001	7110000	0.0024705294612384	8153	20152016	8156962431	126689394
GLOBAL	V	7110001	7120000	0.0027278818977615	8744	24048784	8815918321	68204279
GLOBAL	V	7120001	7130000	0.0025260129777645	8761	22328164	8839291087	62103938
GLOBAL	V	7130001	7140000	0.0022368949980445	8147	18402408	8226764339	50791336
GLOBAL	V	7140001	7150000	0.00315344372827	8236	26075676	8268952373	99029527
GLOBAL	V	7150001	7160000	0.0036600879026888	8118	29680348	8109189940	138901010
GLOBAL	V	7160001	7170000	0.0050709511835075	8328	42283340	8338344912	123111288
GLOBAL	V	7170001	7180000	0.0062433274426931	6724	42046572	6734641485	97110615
GLOBAL	V	7180001	7190000	0.0066397557939051	7521	48921348	7367943870	273580155
GLOBAL	V	7190001	7200000	0.0067429413430389	7722	51373460	7618850200	226894850
GLOBAL	V	7200001	7210000	0.0045044148869198	8424	38177632	8475602927	83391673
GLOBAL	V	7210001	7220000	0.0063085026329558	8285	52371840	8301786184	115980941
GLOBAL	V	7220001	7230000	0.0039623634107795	7955	31393812	7923001690	159477185
GLOBAL	V	7230001	7240000	0.0027270340922572	8746	24125568	8846815692	39338958
GLOBAL	V	7240001	7250000	0.0032277748170335	8442	27415356	8493577636	83705414
GLOBAL	V	7250001	7260000	0.0034197863978962	8709	30041380	8784577896	63983829
GLOBAL	V	7260001	7270000	0.0028307465266802	8267	23367892	8255028057	144450618
GLOBAL	V	7270001	7280000	0.0055318516415271	8131	44992904	8133425644	127873631
GLOBAL	V	7280001	7290000	0.005388826155519	8024	43415736	8056622119	95962481
GLOBAL	V	7290001	7300000	0.0065303535148185	6396	38620740	5914035115	584460785
GLOBAL	V	7300001	7310000	0.004104007797216	5916	21893604	5334688695	676115205
GLOBAL	V	7310001	7320000	0.0043527960596009	7702	33293228	7648699260	176725290
GLOBAL	V	7320001	7330000	0.0043601625843507	8797	38629096	8859554031	78417894
GLOBAL	V	7330001	7340000	0.004163791551135	7502	31046396	7456280080	165939470
GLOBAL	V	7340001	7350000	0.0055463223011352	7755	42866640	7728840423	150433452
GLOBAL	V	7350001	7360000	0.0040500746342897	8291	33642752	8306699268	117164007
GLOBAL	V	7360001	7370000	0.0025651222574128	7884	20365224	7939280064	71061036
GLOBAL	V	7370001	7380000	0.0041913028883353	9203	38984576	9301302492	49175583
GLOBAL	V	7380001	7390000	0.0054421202238303	8030	43792644	8046982095	111698655
GLOBAL	V	7390001	7400000	0.0042984614565655	7843	33217348	7727729639	240954436
GLOBAL	V	7400001	7410000	0.0042915671190688	8119	34952304	8144415089	104691886
GLOBAL	V	7410001	7420000	0.0054788347240705	8584	46996764	8577875838	143682762
GLOBAL	V	7420001	7430000	0.0040802753208258	7138	28080316	6881965993	370420457
GLOBAL	V	7430001	7440000	0.0036335027804908	7176	24157620	6648576170	642419230
GLOBAL	V	7440001	7450000	0.0040756799373168	8521	35031436	8595237246	62311779
GLOBAL	V	7450001	7460000	0.0053481128537923	7202	38161120	7135436563	181975487
GLOBAL	V	7460001	7470000	0.006674655800371	8193	54435200	8155506685	168786140
GLOBAL	V	7470001	7480000	0.0050579964510066	8483	43337356	8568087467	50852608
GLOBAL	V	7480001	7490000	0.004474354511784	8388	37516500	8384784867	137632833
GLOBAL	V	7490001	7500000	0.0050033420684815	8756	44270204	8848126591	48188309
GLOBAL	V	7500001	7510000	0.0031704324823849	8568	27436296	8653802329	51499871
GLOBAL	V	7510001	7520000	0.004289255903928	7696	29660696	6915114571	904213829
GLOBAL	V	7520001	7530000	0.0067615108439001	8204	55319604	8181544817	153924283
GLOBAL	V	7530001	7540000	0.0048543260876035	8135	37654500	7756895462	508467913
GLOBAL	V	7540001	7550000	0.0052188393669354	8165	43003584	8240066608	55777517
GLOBAL	V	7550001	7560000	0.0046043324779362	7857	36419592	7909852769	73055656
GLOBAL	V	7560001	7570000	0.0039452041495506	8867	35296772	8946754252	62339423
GLOBAL	V	7570001	7580000	0.0027499269611028	8896	24663008	8968604748	69953652
GLOBAL	V	7580001	7590000	0.0031485481249583	8306	26230772	8331069102	108034548
GLOBAL	V	7590001	7600000	0.0033137705259885	8556	28570004	8621600010	71509890
GLOBAL	V	7600001	7610000	0.003742954293933	8878	33580944	8971775064	48494886
GLOBAL	V	7610001	7620000	0.0045480920511732	8708	39709480	8731019415	116526285
GLOBAL	V	7620001	7630000	0.0027365599008538	5807	15212412	5558954509	341102666
GLOBAL	V	7630001	7640000	0.0024126597255892	8521	20662456	8564181588	93367437
GLOBAL	V	7640001	7650000	0.0044256343661273	8067	33505548	7570789909	625483766
GLOBAL	V	7650001	7660000	0.002549243672456	8029	20537684	8056383241	101281484
GLOBAL	V	7660001	7670000	0.0032519807963486	8326	27352004	8410875006	48549144
GLOBAL	V	7670001	7680000	0.0029689004337143	8743	26250372	8841782534	41324041
GLOBAL	V	7680001	7690000	0.0021491164050938	9276	20129500	9366407493	58240407
GLOBAL	V	7690001	7700000	0.0028653004322817	7343	19487400	6801171626	659499949
GLOBAL	V	7700001	7710000	0.0020412645675446	8335	16643272	8153412480	315155895
GLOBAL	V	7710001	7720000	0.0041135418756934	7629	28856664	7015040778	736213947
GLOBAL	V	7720001	7730000	0.0028226291257503	8973	25421792	9006423043	110369282
GLOBAL	V	7730001	7740000	0.0026058389284403	8365	21878364	8395900361	103148764
GLOBAL	V	7740001	7750000	0.0043614247920678	8038	35131444	8055038359	111770591
GLOBAL	V	7750001	7760000	0.0047227050414537	8590	38559736	8164756355	562898395
GLOBAL	V	7760001	7770000	0.0037783378764446	7180	27161840	7188832997	106226503
GLOBAL	V	7770001	7780000	0.005964953873671	8972	53804364	9020080480	95695820
GLOBAL	V	7780001	7790000	0.0053072962431176	8142	40461640	7623776429	648699121
GLOBAL	V	7790001	7800000	0.004570938652555	7194	32350608	7077453989	231829861
GLOBAL	V	7800001	7810000	0.0061807163975613	6094	35401288	5727699788	463956562
GLOBAL	V	7810001	7820000	0.0048001925136382	8292	39875728	8307110160	117769140
GLOBAL	V	7820001	7830000	0.0034725736024125	8087	28135028	8102068155	114526020
GLOBAL	V	7830001	7840000	0.0027231040729743	8511	23270764	8545675588	101713187
GLOBAL	V	7840001	7850000	0.0020504669266476	9063	18734892	9136890606	71343969
GLOBAL	V	7850001	7860000	0.0038334221873667	8341	32265696	8416942988	57721537
GLOBAL	V	7860001	7870000	0.0036698699680707	8372	31038484	8457652252	48509048
GLOBAL	V	7870001	7880000	0.0039785733106717	8084	31755848	7981717445	231828655
GLOBAL	V	7880001	7890000	0.0032605771313402	8768	28637152	8782847590	125659610
GLOBAL	V	7890001	7900000	0.0023291440118653	8420	19647456	8435483551	119446949
GLOBAL	V	7900001	7910000	0.0026214620443792	7994	20548372	7838515932	283587918
GLOBAL	V	7910001	7920000	0.0055433228414721	6915	36374772	6561907549	463905326
GLOBAL	V	7920001	7930000	0.0027600126565234	6929	17099752	6195533908	844503317
GLOBAL	V	7930001	7940000	0.0022502619659311	7777	15850188	7043707906	857918519
GLOBAL	V	7940001	7950000	0.003062124136829	7624	22137372	7229416905	534030120
GLOBAL	V	7950001	7960000	0.0032569247241874	8839	29032184	8913986800	66658175
GLOBAL	V	7960001	7970000	0.0026858641691247	8367	22625532	8423930093	77151082
GLOBAL	V	7970001	7980000	0.0030033049105993	7873	22607260	7527460805	471704020
GLOBAL	V	7980001	7990000	0.0034263547614824	8322	27791244	8111023503	344336547
GLOBAL	V	7990001	8000000	0.0033677364374007	7746	25410580	7545299483	324830167
GLOBAL	V	8000001	8010000	0.0025731188162289	8444	21765044	8458623777	120691323
GLOBAL	V	8010001	8020000	0.0026618817898682	8973	24119088	9060916263	55876062
GLOBAL	V	8020001	8030000	0.0029964965882457	8652	25965672	8665343422	125304878
GLOBAL	V	8030001	8040000	0.0025414808166994	8386	20262736	7972806982	547578668
GLOBAL	V	8040001	8050000	0.0019556697729425	7375	14377180	7351537667	141646708
GLOBAL	V	8050001	8060000	0.0025800536095362	8717	22724276	8807675901	49014024
GLOBAL	V	8060001	8070000	0.0026582304935539	7614	19332804	7272809505	463204845
GLOBAL	V	8070001	8080000	0.0030083391768669	8778	26520780	8815754621	102912829
GLOBAL	V	8080001	8090000	0.0025065392600988	8242	19740176	7875470500	498607550
GLOBAL	V	8090001	8100000	0.0037373488342441	8352	31469628	8420307923	65532877
GLOBAL	V	8100001	8110000	0.0036662252912007	8374	30951708	8442391163	65802187
GLOBAL	V	8110001	8120000	0.0027474341002883	5688	13315872	4846657468	932492732
GLOBAL	V	8120001	8130000	0.0022931505643822	5089	10727916	4678243185	497388165
GLOBAL	V	8130001	8140000	0.0016408046259743	6479	9846268	6000877767	581948208
GLOBAL	V	8140001	8150000	0.0055139796502854	8114	44143548	8005750982	238275868
GLOBAL	V	8150001	8160000	0.0034334254608882	8758	29807780	8681644713	216702237
GLOBAL	V	8160001	8170000	0.0028723344692616	8806	25366492	8831315528	115800622
GLOBAL	V	8170001	8180000	0.0033929252761512	8144	26235680	7732466195	542041405
GLOBAL	V	8180001	8190000	0.0042666365921154	8155	34605968	8110830921	174852954
GLOBAL	V	8190001	8200000	0.0031105725137504	8567	26502508	8520138297	184147878
GLOBAL	V	8200001	8210000	0.002644819763334	7939	20947584	7920231197	145991278
GLOBAL	V	8210001	8220000	0.0027496760185309	8759	23766580	8643411020	255951955
GLOBAL	V	8220001	8230000	0.0027358447040266	8117	22232076	8126220018	120854907
GLOBAL	V	8230001	8240000	0.001945076469974	9395	18494692	9508465238	37089637
GLOBAL	V	8240001	8250000	0.0025320049408739	8994	22933884	9057598439	80530411
GLOBAL	V	8250001	8260000	0.0027120300863984	9152	25082868	9248742529	49918271
GLOBAL	V	8260001	8270000	0.0017540802890468	7903	13630484	7770729815	258915760
GLOBAL	V	8270001	8280000	0.0024793603509613	8375	20933408	8443067984	66141391
GLOBAL	V	8280001	8290000	0.0021099019802528	8466	17600276	8341750548	259917102
GLOBAL	V	8290001	8300000	0.002354957858193	9176	21813540	9262815436	60229964
GLOBAL	V	8300001	8310000	0.0026729700245844	9014	24270636	9080025506	78423844
GLOBAL	V	8310001	8320000	0.0034196897770177	8569	29407880	8599575376	106742849
GLOBAL	V	8320001	8330000	0.0020323309261792	8910	18265180	8987306036	65476714
GLOBAL	V	8330001	8340000	0.0023002598446232	8196	18980872	8251620809	75720091
GLOBAL	V	8340001	8350000	0.002139276992636	8242	17618664	8235803059	138274991
GLOBAL	V	8350001	8360000	0.0026661573420309	8449	22656708	8497888569	86506656
GLOBAL	V	8360001	8370000	0.0022662695688253	7986	18046412	7963047401	150928249
GLOBAL	V	8370001	8380000	0.0023350990441248	9342	22012392	9426748752	64956798
GLOBAL	V	8380001	8390000	0.0027282164179699	8424	23086896	8462267087	96727513
GLOBAL	V	8390001	8400000	0.0032151604017562	8171	26479208	8235734673	66205602
GLOBAL	V	8400001	8410000	0.0037216772288922	8926	33572152	9020704896	48334254
GLOBAL	V	8410001	8420000	0.0028622757277127	8952	25831704	9024883155	70572645
GLOBAL	V	8420001	8430000	0.0034809946586297	8680	30535700	8772119177	46977823
GLOBAL	V	8430001	8440000	0.0045817582865603	8138	37551000	8195761900	72649550
GLOBAL	V	8440001	8450000	0.0042975232935764	7871	33263288	7740106505	257026270
GLOBAL	V	8450001	8460000	0.0050683680222529	8473	43283748	8539977328	68802497
GLOBAL	V	8460001	8470000	0.004094524077393	8824	36305544	8866853220	98551380
GLOBAL	V	8470001	8480000	0.0045911785393313	8476	38890048	8470602410	141225490
GLOBAL	V	8480001	8490000	0.0052025267584251	6770	28572444	5492032108	1386457142
GLOBAL	V	8490001	8500000	0.0033803606754167	5752	14916336	4412646292	1431529508
GLOBAL	V	8500001	8510000	0.003995821587732	6779	20442056	5115858041	1771775434
GLOBAL	V	8510001	8520000	0.0030567928976785	6987	19233400	6292019330	806947345
GLOBAL	V	8520001	8530000	0.0025034745649126	8440	21090864	8424636821	150614179
GLOBAL	V	8530001	8540000	0.0024335915800142	9427	23199632	9533083608	44984067
GLOBAL	V	8540001	8550000	0.0029264494922495	9294	27497460	9396184719	46751631
GLOBAL	V	8550001	8560000	0.00049491982594627	8309	4145644	8376395090	65756635
GLOBAL	V	8560001	8570000	0.0016552470572285	7769	12782884	7722644148	170854077
GLOBAL	V	8570001	8580000	0.0025305025738483	8791	22369656	8840005235	91870540
GLOBAL	V	8580001	8590000	0.0033317180703793	8565	28649156	8598913652	103340473
GLOBAL	V	8590001	8600000	0.0031471351992594	8416	26723160	8491265328	59601072
GLOBAL	V	8600001	8610000	0.0023737643197471	8768	20990132	8842550975	65956225
GLOBAL	V	8610001	8620000	0.0030995048665486	8384	26101000	8421022429	97331171
GLOBAL	V	8620001	8630000	0.0030108138140996	7931	23567888	7827746734	230347541
GLOBAL	V	8630001	8640000	0.0028254934729827	8878	25292864	8951662512	68607438
GLOBAL	V	8640001	8650000	0.0027755875459897	7891	21900444	7890381275	127072000
GLOBAL	V	8650001	8660000	0.0023949752384681	8819	21065088	8795534777	164789698
GLOBAL	V	8660001	8670000	0.0022772153117717	8383	19059788	8369778607	147558968
GLOBAL	V	8670001	8680000	0.0022298435901351	9505	21421092	9606544645	50772980
GLOBAL	V	8680001	8690000	0.0025866822856236	9101	23744176	9179394057	67449468
GLOBAL	V	8690001	8700000	0.0035568692795005	8578	30704972	8632583766	82878684
GLOBAL	V	8700001	8710000	0.0019143464461361	8786	16984956	8872456725	54338925
GLOBAL	V	8710001	8720000	0.0018950198172645	9058	17363468	9162684127	40470323
GLOBAL	V	8720001	8730000	0.0017146660292306	8839	15252020	8895038299	85606676
GLOBAL	V	8730001	8740000	0.0020899747350885	8885	18387136	8797779079	229603046
GLOBAL	V	8740001	8750000	0.0019025821958149	9082	17427260	9159793484	67745566
GLOBAL	V	8750001	8760000	0.0017829861455678	8810	15859808	8895082017	56098233
GLOBAL	V	8760001	8770000	0.0013926321526236	8691	11912348	8553836688	276436587
GLOBAL	V	8770001	8780000	0.0015507435737482	8997	14033332	9049421347	91755578
GLOBAL	V	8780001	8790000	0.0019630201517084	7820	15379252	7834485034	110830466
GLOBAL	V	8790001	8800000	0.0020189631808568	8916	18167000	8998182915	60695985
GLOBAL	V	8800001	8810000	0.0015124366696334	9224	14114512	9332299516	39515084
GLOBAL	V	8810001	8820000	0.0024058514750497	8682	20727664	8615521039	205608011
GLOBAL	V	8820001	8830000	0.0019260584242676	8635	16709808	8675649601	97726274
GLOBAL	V	8830001	8840000	0.0020994687900845	8708	18465356	8795251488	52294212
GLOBAL	V	8840001	8850000	0.0028073680972516	8266	23263624	8286631177	111831473
GLOBAL	V	8850001	8860000	0.0022598982297494	8994	20526560	9082957688	55171162
GLOBAL	V	8860001	8870000	0.0025216083517406	8728	22208052	8807098051	60768149
GLOBAL	V	8870001	8880000	0.0027464495566068	8471	23452572	8539232750	67515025
GLOBAL	V	8880001	8890000	0.0026592147986986	8176	17933676	6743974202	1563046198
GLOBAL	V	8890001	8900000	0.002699035600602	8315	19686776	7294003827	1154244048
GLOBAL	V	8900001	8910000	0.0027679373830956	8030	21779104	7868351406	290329344
GLOBAL	V	8910001	8920000	0.002179981222281	8205	17597316	8072232834	264252291
GLOBAL	V	8920001	8930000	0.0025533622001491	8770	22384216	8766565119	143974131
GLOBAL	V	8930001	8940000	0.0019619362011427	9188	18235864	9294830275	40407425
GLOBAL	V	8940001	8950000	0.002004739669176	8723	17451164	8704952702	157833373
GLOBAL	V	8950001	8960000	0.0020686398656548	9110	19060860	9214199299	41788451
GLOBAL	V	8960001	8970000	0.0027167895174093	9207	25185732	9270402377	84139798
GLOBAL	V	8970001	8980000	0.0026804675314664	8739	23030264	8591883218	287159257
GLOBAL	V	8980001	8990000	0.0030290687190616	8120	23801672	7857752401	392370599
GLOBAL	V	8990001	9000000	0.0025386413652241	9101	23344952	9195844801	50998724
GLOBAL	V	9000001	9010000	0.0024766594861895	9115	22823508	9215440446	45627429
GLOBAL	V	9010001	9020000	0.0036353004541475	8759	32082604	8825296397	74066578
GLOBAL	V	9020001	9030000	0.0041806604829854	8649	36392276	8704910659	82689566
GLOBAL	V	9030001	9040000	0.0045794849530858	8630	39748948	8679785698	88510052
GLOBAL	V	9040001	9050000	0.0031446112116536	8238	25948756	8251816919	118197031
GLOBAL	V	9050001	9060000	0.0036064970315379	9060	32831004	9103294336	101892164
GLOBAL	V	9060001	9070000	0.0046244294447301	8866	40938344	8852625927	155451723
GLOBAL	V	9070001	9080000	0.0042862826596888	8947	38773544	9045960586	44415089
GLOBAL	V	9080001	9090000	0.0028912289235216	8937	26082012	9021081585	59133840
GLOBAL	V	9090001	9100000	0.0026286708730864	8560	19909216	7573871725	1123302275
GLOBAL	V	9100001	9110000	0.0023845224141123	7815	17466800	7325072684	615162691
GLOBAL	V	9110001	9120000	0.0028205446741215	8403	22795520	8081956726	455701349
GLOBAL	V	9120001	9130000	0.0031427692296306	8310	26223564	8344094677	99073073
GLOBAL	V	9130001	9140000	0.0020248327827952	8803	17718948	8750820389	193247686
GLOBAL	V	9140001	9150000	0.0021378268785302	9174	19726984	9227587228	93426122
GLOBAL	V	9150001	9160000	0.0014362026775498	9641	14015768	9758906747	36590278
GLOBAL	V	9160001	9170000	0.0022048084191394	8999	20048696	9093169196	50039779
GLOBAL	V	9170001	9180000	0.0024981244649975	8388	20959296	8390012705	132404995
GLOBAL	V	9180001	9190000	0.0024374539493525	9275	22774832	9343697347	79934528
GLOBAL	V	9190001	9200000	0.0025107322369374	8948	22598612	9000805290	90586410
GLOBAL	V	9200001	9210000	0.0026055016994697	9142	23997868	9210459546	78041004
GLOBAL	V	9210001	9220000	0.0024233044900859	7788	17708160	7307443234	605359466
GLOBAL	V	9220001	9230000	0.002059608697604	8829	18365644	8917054983	53429742
GLOBAL	V	9230001	9240000	0.0021669184530748	8925	19442608	8972468702	95554423
GLOBAL	V	9240001	9250000	0.0018088695068038	8653	15810008	8740270064	51394261
GLOBAL	V	9250001	9260000	0.0024232590086963	8229	19648068	8108117180	252752545
GLOBAL	V	9260001	9270000	0.0025844068047939	8133	21074856	8154620225	108711100
GLOBAL	V	9270001	9280000	0.0021169876797542	8561	18305940	8647164164	51025861
GLOBAL	V	9280001	9290000	0.0019058531856875	8701	16698860	8761881621	78551904
GLOBAL	V	9290001	9300000	0.00095828690786976	9626	9348244	9755161970	25094680
GLOBAL	V	9300001	9310000	0.0016313120702549	8908	14675684	8996245579	54505121
GLOBAL	V	9310001	9320000	0.00247608557883	8538	21041720	8497977687	176843763
GLOBAL	V	9320001	9330000	0.0022185377000486	7999	17736440	7994653415	132530560
GLOBAL	V	9330001	9340000	0.00083934739848798	6264	5174740	6165194542	199186058
GLOBAL	V	9340001	9350000	0.0027837606873664	7753	20726256	7445415870	431825955
GLOBAL	V	9350001	9360000	0.0031885481121324	8203	24933672	7819757182	514695893
GLOBAL	V	9360001	9370000	0.0017675543471301	8727	15383328	8703171150	163679025
GLOBAL	V	9370001	9380000	0.0026173385891112	8705	23016892	8794006284	50491341
GLOBAL	V	9380001	9390000	0.0026120139136659	8650	22827948	8739596631	49019619
GLOBAL	V	9390001	9400000	0.002164174178219	8765	18995116	8777073579	128385546
GLOBAL	V	9400001	9410000	0.0023430766461947	8694	20536572	8764788823	68532527
GLOBAL	V	9410001	9420000	0.0031371578859212	8731	27597860	8797089915	73824360
GLOBAL	V	9420001	9430000	0.0018875174677814	8502	16142080	8552016220	86228330
GLOBAL	V	9430001	9440000	0.0024421921562382	8551	21003776	8600378126	87651649
GLOBAL	V	9440001	9450000	0.0021621997581999	8867	19280548	8917098398	91995277
GLOBAL	V	9450001	9460000	0.0018663134800886	8842	16553584	8869669633	114023417
GLOBAL	V	9460001	9470000	0.0017459792582726	9144	16124060	9234966523	55566077
GLOBAL	V	9470001	9480000	0.0018088402102222	9037	16428636	9082414194	99403731
GLOBAL	V	9480001	9490000	0.0018041604120945	9020	16417388	9099738521	64806979
GLOBAL	V	9490001	9500000	0.0019581987717108	8990	17767540	9073409838	60654912
GLOBAL	V	9500001	9510000	0.0022758917888999	9329	21404452	9404863669	73633556
GLOBAL	V	9510001	9520000	0.0021175544663427	9239	19753628	9328509993	58544982
GLOBAL	V	9520001	9530000	0.0017404316162628	9303	16392692	9418750985	33329590
GLOBAL	V	9530001	9540000	0.0020276119209329	8359	17058256	8412978748	79974227
GLOBAL	V	9540001	9550000	0.0019702902046719	8984	17897768	9083823265	44145335
GLOBAL	V	9550001	9560000	0.002126924115302	8966	19262492	9056501763	53178387
GLOBAL	V	9560001	9570000	0.0023402580419984	8735	20616844	8809645616	65332759
GLOBAL	V	9570001	9580000	0.0016506416152085	8857	14760964	8942561404	56372021
GLOBAL	V	9580001	9590000	0.0021282623598944	8680	18518064	8701025000	118072000
GLOBAL	V	9590001	9600000	0.0014042004176457	7919	11219628	7990047474	55854501
GLOBAL	V	9600001	9610000	0.0015821313948387	9169	14679260	9278154803	37778422
GLOBAL	V	9610001	9620000	0.0025351716944356	8365	21407328	8444133408	54915717
GLOBAL	V	9620001	9630000	0.0025194464762443	7855	19807100	7861687155	119189220
GLOBAL	V	9630001	9640000	0.0032805155388622	9057	30017588	9150265452	51872973
GLOBAL	V	9640001	9650000	0.0037788499939006	8754	33418712	8843619634	50663216
GLOBAL	V	9650001	9660000	0.001884130668149	8386	15855688	8415386612	104999038
GLOBAL	V	9660001	9670000	0.0018263047691446	8853	16340848	8947492377	47376948
GLOBAL	V	9670001	9680000	0.001878603297351	9093	17197684	9154505384	84209941
GLOBAL	V	9680001	9690000	0.0019763873867861	7905	15507496	7846384825	185292800
GLOBAL	V	9690001	9700000	0.0015699837601238	8801	13967292	8896456355	45579670
GLOBAL	V	9700001	9710000	0.0029111452022061	8422	24534324	8427722527	129240023
GLOBAL	V	9710001	9720000	0.0037032316722604	8286	30336844	8191991937	226791213
GLOBAL	V	9720001	9730000	0.003252025333259	8743	28037760	8621630254	261476321
GLOBAL	V	9730001	9740000	0.0020731507259821	9005	18778672	9058035079	91270046
GLOBAL	V	9740001	9750000	0.0015932088976119	9080	14646216	9192903719	32603281
GLOBAL	V	9750001	9760000	0.0022496183657744	8797	20002700	8891597039	46374886
GLOBAL	V	9760001	9770000	0.0018137330226083	9043	16593272	9148684946	39229129
GLOBAL	V	9770001	9780000	0.0020775174366785	8791	18446100	8878914648	52961127
GLOBAL	V	9780001	9790000	0.0026468751923088	8825	23588524	8911838408	54582217
GLOBAL	V	9790001	9800000	0.001524538361806	9087	13983936	9172570760	60048415
GLOBAL	V	9800001	9810000	0.002148121382329	8464	18317644	8527285353	72350247
GLOBAL	V	9810001	9820000	0.0021161908400135	8715	17115060	8087673227	766984648
GLOBAL	V	9820001	9830000	0.0023168683292958	8878	20760092	8960410800	59859150
GLOBAL	V	9830001	9840000	0.0021875614065547	8085	17566120	8030000871	184561254
GLOBAL	V	9840001	9850000	0.0022046851077608	8940	19713564	8941668781	141594719
GLOBAL	V	9850001	9860000	0.0020794641959076	8751	18341080	8820098964	71135811
GLOBAL	V	9860001	9870000	0.0021291364280082	8565	18441980	8661718318	40535807
GLOBAL	V	9870001	9880000	0.0025019040580571	8876	22357576	8936224364	82013536
GLOBAL	V	9880001	9890000	0.001996080389599	9252	18659884	9348262774	52000526
GLOBAL	V	9890001	9900000	0.0020838901295557	8992	18879940	9059949818	76146982
GLOBAL	V	9900001	9910000	0.002271362645967	8826	20078372	8839791407	127645243
GLOBAL	V	9910001	9920000	0.002327728115705	8726	20449872	8785335307	80498843
GLOBAL	V	9920001	9930000	0.0021629248271165	9008	19576576	9050973827	101379373
GLOBAL	V	9930001	9940000	0.0022094760045057	4919	10196448	4614871571	382955404
GLOBAL	V	9940001	9950000	0.0020481014371457	8338	15285216	7463114728	1008501722
GLOBAL	V	9950001	9960000	0.0022712449677452	8881	20352200	8960812369	62505656
GLOBAL	V	9960001	9970000	0.0018276220018166	8972	16589520	9077106745	38669555
GLOBAL	V	9970001	9980000	0.0015269305563309	8515	13138292	8604380825	47072050
GLOBAL	V	9980001	9990000	0.0025492747745701	8289	21303824	8356817481	65013744
GLOBAL	V	9990001	10000000	0.0017545699594148	9149	16225740	9247701930	47910795
GLOBAL	V	10000001	10010000	0.0015831753320483	8311	13155908	8309823766	134360009
GLOBAL	V	10010001	10020000	0.0020964741292527	8733	18472760	8811346509	61599816
GLOBAL	V	10020001	10030000	0.0019026200202116	8584	16472444	8657768669	63789931
GLOBAL	V	10030001	10040000	0.0020299580578109	7800	15724200	7746071373	178923627
GLOBAL	V	10040001	10050000	0.00248326687797	7592	18092260	7285668794	427993006
GLOBAL	V	10050001	10060000	0.00223986132738	8267	18441060	8233125763	166352912
GLOBAL	V	10060001	10070000	0.0027534956665958	7272	19094288	6934562575	453971225
GLOBAL	V	10070001	10080000	0.0028139842162114	8268	23302852	8281088382	119406318
GLOBAL	V	10080001	10090000	0.001801395406311	9083	16476020	9146254033	82301042
GLOBAL	V	10090001	10100000	0.0018236230188016	8982	16533064	9066053581	59882969
GLOBAL	V	10100001	10110000	0.0021364815004796	8983	19400760	9080705822	46246753
GLOBAL	V	10110001	10120000	0.001341694113369	9577	13013156	9699048293	31423132
GLOBAL	V	10120001	10130000	0.0018304730071368	9158	16949392	9259569485	45187465
GLOBAL	V	10130001	10140000	0.0019485238266015	8562	16846212	8645627921	53578129
GLOBAL	V	10140001	10150000	0.0022534071388671	9019	20533164	9112052432	51477043
GLOBAL	V	10150001	10160000	0.0022645377284876	9104	20506820	9055631859	194259741
GLOBAL	V	10160001	10170000	0.0021477343448432	8853	18932524	8815114423	179754902
GLOBAL	V	10170001	10180000	0.0015359703342148	8544	13141760	8555998581	124919019
GLOBAL	V	10180001	10190000	0.0021677507076477	9221	20188444	9313083801	55682724
GLOBAL	V	10190001	10200000	0.0024540220235317	9016	22370100	9115688362	44793038
GLOBAL	V	10200001	10210000	0.002054700933606	8940	18485460	8996666959	86596541
GLOBAL	V	10210001	10220000	0.0020975652115499	8793	18596172	8865598980	68308845
GLOBAL	V	10220001	10230000	0.0023844265866827	8557	20375976	8545440700	148685225
GLOBAL	V	10230001	10240000	0.0020061732639437	8560	17317968	8632339146	64834854
GLOBAL	V	10240001	10250000	0.0019970649014266	9119	18267868	9147358199	117773776
GLOBAL	V	10250001	10260000	0.0014402459180245	9361	13578548	9427937153	83072872
GLOBAL	V	10260001	10270000	0.0016340520678013	9477	15661456	9584428984	44439941
GLOBAL	V	10270001	10280000	0.0020885965325186	8935	18727060	8966336824	111846551
GLOBAL	V	10280001	10290000	0.0022385462151019	8384	18627984	8321465009	196888591
GLOBAL	V	10290001	10300000	0.0019381145543024	7410	14184476	7318698458	210046792
GLOBAL	V	10300001	10310000	0.0018372653529907	2028	232980	126808030	1951979120
GLOBAL	V	10310001	10320000	0.0024951111269947	4838	7257836	2908822746	2007722229
GLOBAL	V	10320001	10330000	0.0020803290443902	8696	18199204	8748233386	87120014
GLOBAL	V	10330001	10340000	0.0021869712822063	8816	19273596	8812916821	144359579
GLOBAL	V	10340001	10350000	0.0020615077512664	9192	19124108	9276757746	62544054
GLOBAL	V	10350001	10360000	0.0016382229054346	9253	15337040	9361998266	39281059
GLOBAL	V	10360001	10370000	0.0020027764259161	9034	18250308	9112503904	66265946
GLOBAL	V	10370001	10380000	0.0020983220141553	8613	18182092	8665062787	85960538
GLOBAL	V	10380001	10390000	0.0022693271664398	8593	19697364	8679825585	50877240
GLOBAL	V	10390001	10400000	0.0016280359590374	9314	15303408	9399920140	63336710
GLOBAL	V	10400001	10410000	0.0021266163358694	8732	18694204	8790586099	81344201
GLOBAL	V	10410001	10420000	0.0018504143674812	9081	16992612	9183138814	43384211
GLOBAL	V	10420001	10430000	0.0022421071525154	9065	20564172	9171806074	38460551
GLOBAL	V	10430001	10440000	0.0019676010538267	9508	18944748	9628348167	32017533
GLOBAL	V	10440001	10450000	0.0020443232520327	9005	18292012	8947710193	201594932
GLOBAL	V	10450001	10460000	0.0021514272890607	9175	19768888	9188731639	133297736
GLOBAL	V	10460001	10470000	0.0014255370802568	8620	11813372	8286962271	471173229
GLOBAL	V	10470001	10480000	0.0018366805286214	8961	16644392	9062214000	42386025
GLOBAL	V	10480001	10490000	0.0017808336228491	8827	15760124	8849857616	118595059
GLOBAL	V	10490001	10500000	0.0026020941860927	8739	22886876	8795560177	83482298
GLOBAL	V	10500001	10510000	0.0022782476377935	8825	20359520	8936482436	29938189
GLOBAL	V	10510001	10520000	0.0027150064344653	8954	23996552	8838488077	258999773
GLOBAL	V	10520001	10530000	0.0030076363739908	8945	27061252	8997514538	90829087
GLOBAL	V	10530001	10540000	0.0023619874114107	8446	19883160	8417978819	163368331
GLOBAL	V	10540001	10550000	0.0020522039785058	8935	18527124	9027915448	50267927
GLOBAL	V	10550001	10560000	0.0014270290926121	9227	13239796	9277873919	96988756
GLOBAL	V	10560001	10570000	0.0021469688677315	9309	20236800	9425753817	32422908
GLOBAL	V	10570001	10580000	0.00177444097195	8794	15756304	8879587571	55336279
GLOBAL	V	10580001	10590000	0.002277771302266	9290	21367480	9380871547	58000703
GLOBAL	V	10590001	10600000	0.0025561653582294	8838	22821636	8928074988	51553962
GLOBAL	V	10600001	10610000	0.002689754019101	8180	20928092	7780671337	530413163
GLOBAL	V	10610001	10620000	0.002688135754614	9046	24547168	9131669767	59292383
GLOBAL	V	10620001	10630000	0.0021983878842489	9083	20211784	9193911659	34643416
GLOBAL	V	10630001	10640000	0.001707707993338	9217	15863468	9289332873	75369552
GLOBAL	V	10640001	10650000	0.0019208835190687	8672	16767412	8729010288	81958512
GLOBAL	V	10650001	10660000	0.0015409508060707	9460	14759656	9578278516	33317984
GLOBAL	V	10660001	10670000	0.0021543675692041	8768	19033260	8834731952	73775248
GLOBAL	V	10670001	10680000	0.0025393624686305	8608	21714104	8551006116	194937084
GLOBAL	V	10680001	10690000	0.001458079937464	8781	12918596	8860005318	61710207
GLOBAL	V	10690001	10700000	0.0012694067488524	9338	12006708	9458519116	29122334
GLOBAL	V	10700001	10710000	0.0021429570735453	9238	19920700	9295893159	90145791
GLOBAL	V	10710001	10720000	0.0014888409485247	9099	13573628	9116909374	127902101
GLOBAL	V	10720001	10730000	0.0014495296380419	8555	12395076	8551102147	140991728
GLOBAL	V	10730001	10740000	0.00171896999023	8893	15381316	8947984018	87526307
GLOBAL	V	10740001	10750000	0.0019747036453999	9029	17662968	8944617103	229072622
GLOBAL	V	10750001	10760000	0.0020529724765518	8007	15397036	7499874536	635437639
GLOBAL	V	10760001	10770000	0.0018204382457801	8911	15640520	8591623493	462175282
GLOBAL	V	10770001	10780000	0.001387396635225	8389	11600956	8361672290	161761435
GLOBAL	V	10780001	10790000	0.0013926169469691	9560	13474860	9675927059	37271941
GLOBAL	V	10790001	10800000	0.0016430122224502	9045	15036788	9151963567	37982558
GLOBAL	V	10800001	10810000	0.0026469661683561	8130	21604780	8162091476	98191774
GLOBAL	V	10810001	10820000	0.0021184174769492	8926	19115416	9023441417	45597733
GLOBAL	V	10820001	10830000	0.001773376524637	9449	16935236	9549712520	50707705
GLOBAL	V	10830001	10840000	0.0018632862044124	8644	16222144	8706200884	76319216
GLOBAL	V	10840001	10850000	0.0014167575085726	9206	13158192	9287539978	65986172
GLOBAL	V	10850001	10860000	0.0013424048366167	7971	10728640	7992104697	106630578
GLOBAL	V	10860001	10870000	0.0025453580426841	8502	21079736	8281638829	356605721
GLOBAL	V	10870001	10880000	0.0020291834881068	8597	17505136	8626689554	108077371
GLOBAL	V	10880001	10890000	0.0014919690219277	9443	14245968	9548434177	45889898
GLOBAL	V	10890001	10900000	0.0017547104094035	9543	16955880	9663064577	32861998
GLOBAL	V	10900001	10910000	0.0018628404087668	8963	16867464	9054701584	51930491
GLOBAL	V	10910001	10920000	0.0017087867659707	9277	16002584	9364880580	60783345
GLOBAL	V	10920001	10930000	0.0023588193589604	8842	20994288	8900337332	83355718
GLOBAL	V	10930001	10940000	0.0020942620292408	8770	18549572	8857331003	53208247
GLOBAL	V	10940001	10950000	0.0013442442756535	8800	11933032	8877130605	63889395
GLOBAL	V	10950001	10960000	0.0018627040125728	8918	16713288	8972594619	88316331
GLOBAL	V	10960001	10970000	0.0015426227217623	9259	14392480	9329876837	77498638
GLOBAL	V	10970001	10980000	0.0016993057854048	8719	14970392	8809710488	49011487
GLOBAL	V	10980001	10990000	0.001441558193468	9258	13521456	9379750371	26609079
GLOBAL	V	10990001	11000000	0.0026744064970258	8619	23265448	8699293853	57825622
GLOBAL	V	11000001	11010000	0.002016332438386	9007	18281076	9066498982	84838193
GLOBAL	V	11010001	11020000	0.0019884810132014	9076	18258980	9182375833	39067067
GLOBAL	V	11020001	11030000	0.0022634337615525	8580	19485276	8608723759	108770741
GLOBAL	V	11030001	11040000	0.0021138789482354	9253	19699824	9319277254	82002071
GLOBAL	V	11040001	11050000	0.0021550142723952	8716	18861336	8752302127	103371773
GLOBAL	V	11050001	11060000	0.0023923922729767	7536	16498196	6896108212	760656188
GLOBAL	V	11060001	11070000	0.0020152540738758	8433	16961524	8416568521	151570304
GLOBAL	V	11070001	11080000	0.0024117209195295	7663	18301796	7588687336	197112239
GLOBAL	V	11080001	11090000	0.0021756498187337	9201	20201304	9285181754	63264271
GLOBAL	V	11090001	11100000	0.0017919223273144	8974	16235756	9060524417	57283933
GLOBAL	V	11100001	11110000	0.0019135168204289	9168	17721872	9261414277	53502923
GLOBAL	V	11110001	11120000	0.0022119178220986	8325	18524776	8374983833	83424292
GLOBAL	V	11120001	11130000	0.0015867730416455	8812	14101520	8886916799	66295501
GLOBAL	V	11130001	11140000	0.0015214000183562	9086	13943080	9164637723	66965427
GLOBAL	V	11140001	11150000	0.0013329950908849	9318	12549048	9414174205	53146745
GLOBAL	V	11150001	11160000	0.0030314944246776	9126	27855704	9188769662	83474488
GLOBAL	V	11160001	11170000	0.0028872884780244	9344	27319568	9462015385	31722215
GLOBAL	V	11170001	11180000	0.0024654897352128	8950	22336760	9059765969	33657781
GLOBAL	V	11180001	11190000	0.0029217749512291	8734	25780388	8823536525	50425825
GLOBAL	V	11190001	11200000	0.0038304054430738	8349	32144992	8392059921	90732804
GLOBAL	V	11200001	11210000	0.0037257701096219	8534	31570324	8473502946	197254404
GLOBAL	V	11210001	11220000	0.0018155326747142	8962	16405624	9036259291	69356759
GLOBAL	V	11220001	11230000	0.0029436067617897	8965	26682796	9064660520	44003605
GLOBAL	V	11230001	11240000	0.0023587214438319	9240	22056264	9350940552	37130448
GLOBAL	V	11240001	11250000	0.002938819594696	9262	27364056	9311240489	99183061
GLOBAL	V	11250001	11260000	0.0026337842970809	8995	24001256	9112840420	26304455
GLOBAL	V	11260001	11270000	0.0021238768915755	9093	19509888	9185978753	52736572
GLOBAL	V	11270001	11280000	0.0024669955808055	8345	20702760	8391891806	86836819
GLOBAL	V	11280001	11290000	0.0038195935868817	8943	34145200	8939485111	146826464
GLOBAL	V	11290001	11300000	0.0018804533097704	8821	16787264	8927243188	35113337
GLOBAL	V	11300001	11310000	0.0034540958661403	8201	28381640	8216807263	115613762
GLOBAL	V	11310001	11320000	0.0016176261881876	9424	15340856	9483560610	91458990
GLOBAL	V	11320001	11330000	0.0026171868567136	8944	23638404	9031989420	55338180
GLOBAL	V	11330001	11340000	0.0024712206809947	9757	24408616	9877149454	36206471
GLOBAL	V	11340001	11350000	0.0031753536653208	8680	27830872	8764652676	54444324
GLOBAL	V	11350001	11360000	0.0029896718605607	8630	26097844	8729333926	38961824
GLOBAL	V	11360001	11370000	0.0024819982751758	9043	22680084	9137832297	50081778
GLOBAL	V	11370001	11380000	0.0028117141466435	8992	25513244	9073911027	62185773
GLOBAL	V	11380001	11390000	0.0020685345971443	8714	18162592	8780414901	73226949
GLOBAL	V	11390001	11400000	0.0020843638334191	7624	15401772	7389195568	356979032
GLOBAL	V	11400001	11410000	0.0024480811151317	7221	17598164	7188554289	148162236
GLOBAL	V	11410001	11420000	0.0019657968568856	8627	17087936	8692625558	72622117
GLOBAL	V	11420001	11430000	0.0022022064846698	8706	19332148	8778535589	66978061
GLOBAL	V	11430001	11440000	0.0028533972160513	8865	25600316	8971872495	35189130
GLOBAL	V	11440001	11450000	0.0022678244564557	9256	21139980	9321700337	82627063
GLOBAL	V	11450001	11460000	0.0021302731339565	9186	19716124	9255209431	77996219
GLOBAL	V	11460001	11470000	0.0035671470615981	8606	30820256	8640029544	103881606
GLOBAL	V	11470001	11480000	0.0025368223557027	9179	23595592	9301239382	24854093
GLOBAL	V	11480001	11490000	0.0029776613158182	8964	26966476	9056260313	51387787
GLOBAL	V	11490001	11500000	0.0022298324870973	8944	20140656	9032362797	54964803
GLOBAL	V	11500001	11510000	0.0023522498722882	9091	21635516	9197796652	38886623
GLOBAL	V	11510001	11520000	0.0025288840209438	9217	23580760	9324571552	40130873
GLOBAL	V	11520001	11530000	0.0023430598769713	8761	20379796	8697940757	203454268
GLOBAL	V	11530001	11540000	0.0018739626118627	7928	13710384	7316252690	738793510
GLOBAL	V	11540001	11550000	0.0014295219746524	9602	13911216	9731376115	24495935
GLOBAL	V	11550001	11560000	0.0012322481403911	9404	11737544	9525308755	29390345
GLOBAL	V	11560001	11570000	0.0022282340833458	9100	20464168	9184029700	61797800
GLOBAL	V	11570001	11580000	0.0023792542715355	9540	23017168	9674110193	18768307
GLOBAL	V	11580001	11590000	0.002373631310895	9303	22270992	9382666928	69413647
GLOBAL	V	11590001	11600000	0.0028572433710626	8855	25547000	8941135452	55765923
GLOBAL	V	11600001	11610000	0.0038488140416728	8729	32839000	8532238670	336643555
GLOBAL	V	11610001	11620000	0.0033848724248957	9190	31512448	9309788980	27480770
GLOBAL	V	11620001	11630000	0.0028181535842373	9096	25823776	9163367158	78396242
GLOBAL	V	11630001	11640000	0.0021203766371018	8384	16777852	7912675374	605678226
GLOBAL	V	11640001	11650000	0.002245335094565	8980	20407620	9088897265	35007235
GLOBAL	V	11650001	11660000	0.0017973850337132	9319	16928156	9418213506	50123469
GLOBAL	V	11660001	11670000	0.0024367850263824	9172	22602020	9275344257	43637043
GLOBAL	V	11670001	11680000	0.0028341536155844	8922	25578700	9025163583	39811467
GLOBAL	V	11680001	11690000	0.0041816927260059	8327	34837900	8331052108	129388067
GLOBAL	V	11690001	11700000	0.0032467540219088	8720	28082120	8649290895	210447105
GLOBAL	V	11700001	11710000	0.0024985673920806	8171	20538604	8220152102	81788173
GLOBAL	V	11710001	11720000	0.0024349338414388	8524	20945524	8602091623	58505477
GLOBAL	V	11720001	11730000	0.002785932104866	8765	24483252	8788172532	117286593
GLOBAL	V	11730001	11740000	0.0030296351944928	9034	27441312	9057629133	121140717
GLOBAL	V	11740001	11750000	0.0031292111341578	8589	26549572	8484429737	242208988
GLOBAL	V	11750001	11760000	0.0041163839512587	8354	34786264	8450684973	37187877
GLOBAL	V	11760001	11770000	0.0041046523454701	8973	37216016	9066788821	50003504
GLOBAL	V	11770001	11780000	0.0042535466638416	8319	35470152	8338959180	113352795
GLOBAL	V	11780001	11790000	0.0041054405177689	8300	34271084	8347723917	85283583
GLOBAL	V	11790001	11800000	0.0013635481443183	8212	11265504	8261904097	81693203
GLOBAL	V	11800001	11810000	0.0016767363385777	9447	16004760	9545185866	53202309
GLOBAL	V	11810001	11820000	0.0023174348420504	8393	19584068	8450752377	76745448
GLOBAL	V	11820001	11830000	0.0022355913746579	8073	18227652	8153391629	48978196
GLOBAL	V	11830001	11840000	0.0024170312917395	8057	19494964	8065664713	120448712
GLOBAL	V	11840001	11850000	0.0026415129869607	7732	19449200	7362901525	493003775
GLOBAL	V	11850001	11860000	0.002482523877881	8066	17983672	7244108369	951149281
GLOBAL	V	11860001	11870000	0.0025681594356417	8573	21954588	8548763638	161618687
GLOBAL	V	11870001	11880000	0.0024185465185412	8172	19795220	8184758841	118197459
GLOBAL	V	11880001	11890000	0.0026341406826152	9100	24051468	9130669504	115157996
GLOBAL	V	11890001	11900000	0.0028735166317532	8599	24723500	8603917488	132881487
GLOBAL	V	11900001	11910000	0.002132976890287	7588	15420660	7229642323	479955377
GLOBAL	V	11910001	11920000	0.0021166980229755	8615	18439572	8711479767	41575608
GLOBAL	V	11920001	11930000	0.0018994894818264	8810	16799704	8844325889	106854361
GLOBAL	V	11930001	11940000	0.0021022659669606	8859	18778240	8932380724	68584751
GLOBAL	V	11940001	11950000	0.0022797348736946	8586	19789872	8680777852	42812798
GLOBAL	V	11950001	11960000	0.0015935499547427	9101	14628412	9179763682	67079843
GLOBAL	V	11960001	11970000	0.0019147701494907	8744	16926136	8839774322	44348278
GLOBAL	V	11970001	11980000	0.0028069313096839	8812	24995464	8904907617	48304683
GLOBAL	V	11980001	11990000	0.0026832882141321	8849	23981076	8937197232	53607993
GLOBAL	V	11990001	12000000	0.0024172817258553	8894	21663812	8962055092	74471258
GLOBAL	V	12000001	12010000	0.0017855466394565	8591	15430572	8641931641	86739134
GLOBAL	V	12010001	12020000	0.0014513113532298	9203	13501976	9303293859	47184216
GLOBAL	V	12020001	12030000	0.0022761993872423	8639	19788908	8693837680	83602295
GLOBAL	V	12030001	12040000	0.0016262081392289	9073	14852512	9133217109	85177716
GLOBAL	V	12040001	12050000	0.002835557787426	7087	19974824	7044407308	156161867
GLOBAL	V	12050001	12060000	0.0029387434525834	5220	13333360	4537095604	771635021
GLOBAL	V	12060001	12070000	0.00053707509591287	4324	151016	281182280	4199487970
GLOBAL	V	12070001	12080000	0.00019330517735029	3236	47020	243242321	3086271604
GLOBAL	V	12080001	12090000	0.0018007904540776	3663	371584	206344941	3565139859
GLOBAL	V	12090001	12100000	0.0043013251564493	2336	471156	109537406	2303521969
GLOBAL	V	12100001	12110000	0.0011240910299831	1952	233328	207570378	1832607822
GLOBAL	V	12110001	12120000	0.0029283122347567	2485	748420	255580669	2307850406
GLOBAL	V	12120001	12130000	0.0019005220541035	8253	15511792	8161858457	223395868
GLOBAL	V	12130001	12140000	0.0018422950489647	8800	16235876	8812853299	128166701
GLOBAL	V	12140001	12150000	0.0020881056122898	8614	18037524	8638223993	113815357
GLOBAL	V	12150001	12160000	0.0017156220282953	8903	15399456	8976019045	69651530
GLOBAL	V	12160001	12170000	0.0023043056754457	8494	19704536	8551181473	78934877
GLOBAL	V	12170001	12180000	0.0026313965067791	8349	22132184	8410813020	71979705
GLOBAL	V	12180001	12190000	0.0029785464415213	8456	25407012	8530003644	61503756
GLOBAL	V	12190001	12200000	0.0024867547249179	9382	23623844	9499868951	32477599
GLOBAL	V	12200001	12210000	0.0026784180270892	8679	23463244	8760112784	57968191
GLOBAL	V	12210001	12220000	0.0019518337595418	8751	17195528	8809934717	81300058
GLOBAL	V	12220001	12230000	0.0037048692674305	8186	30064044	8114738154	202442496
GLOBAL	V	12230001	12240000	0.0034011950823235	7062	17728924	5212557225	1974803625
GLOBAL	V	12240001	12250000	0.0030575668578597	9061	28023636	9165338749	40863776
GLOBAL	V	12250001	12260000	0.0043064053849244	8314	36011996	8362425917	84805933
GLOBAL	V	12260001	12270000	0.0032017758106109	8512	27377520	8550729851	97674949
GLOBAL	V	12270001	12280000	0.0026491827397209	8894	23852160	9003591803	32934547
GLOBAL	V	12280001	12290000	0.0025327176039632	9259	23488696	9274107766	133267709
GLOBAL	V	12290001	12300000	0.0025434185976625	2664	6116076	2404667484	316247466
GLOBAL	V	12300001	12310000	0.006283591135186	8549	53503272	8514760246	171237479
GLOBAL	V	12310001	12320000	0.0050745683949864	8095	41321388	8142837929	81884446
GLOBAL	V	12320001	12330000	0.0053425867901936	8891	46964480	8790588126	242890149
GLOBAL	V	12330001	12340000	0.0052570055685549	7246	35748360	6800137366	561979784
GLOBAL	V	12340001	12350000	0.0024545055616945	8952	21825164	8891877998	203577802
GLOBAL	V	12350001	12360000	0.0030505871799724	8302	24657548	8082885866	352153684
GLOBAL	V	12360001	12370000	0.0050319217295353	7574	33765392	6710237920	985135430
GLOBAL	V	12370001	12380000	0.0039431114622374	9222	36821360	9338148402	31634148
GLOBAL	V	12380001	12390000	0.0034404879214473	8435	29326328	8523886341	46284534
GLOBAL	V	12390001	12400000	0.0036285127425349	8702	31639696	8719742287	121707263
GLOBAL	V	12400001	12410000	0.0047401562288157	8994	43141096	9101197074	36931776
GLOBAL	V	12410001	12420000	0.0040493136308983	8933	36574356	9032235913	43915412
GLOBAL	V	12420001	12430000	0.0026868664753811	8864	23900524	8895315126	110730474
GLOBAL	V	12430001	12440000	0.0023739414251012	8999	21593356	9095993596	47215379
GLOBAL	V	12440001	12450000	0.0025575820833973	9162	23600308	9227585755	81235295
GLOBAL	V	12450001	12460000	0.004171091461443	8201	34258928	8213420472	119000553
GLOBAL	V	12460001	12470000	0.0052732461258106	8381	44129912	8368642568	146662957
GLOBAL	V	12470001	12480000	0.0056295428656205	8811	49866892	8858071284	94124991
GLOBAL	V	12480001	12490000	0.0054508754018177	7887	43088952	7904959997	108429178
GLOBAL	V	12490001	12500000	0.0045408809481998	8230	37339764	8223022014	138863736
GLOBAL	V	12500001	12510000	0.0038945639357892	8874	34900140	8961244590	54961260
GLOBAL	V	12510001	12520000	0.0026660072352279	8965	24193912	9074961118	33703007
GLOBAL	V	12520001	12530000	0.0029599650680757	7975	23719916	8013579706	89219669
GLOBAL	V	12530001	12540000	0.0030396212544575	8736	26409868	8688539061	187455339
GLOBAL	V	12540001	12550000	0.0040854415759055	8458	34385352	8416557026	176982424
GLOBAL	V	12550001	12560000	0.0028579846455498	8791	25015320	8752783203	179092572
GLOBAL	V	12560001	12570000	0.0034661733281276	8839	30922532	8921230727	59414248
GLOBAL	V	12570001	12580000	0.0023345485996251	8701	19859784	8506905362	333528163
GLOBAL	V	12580001	12590000	0.0018990130802987	9104	17476332	9202849723	47041877
GLOBAL	V	12590001	12600000	0.0026979745342916	8713	23712804	8789113351	63512474
GLOBAL	V	12600001	12610000	0.0023629423291122	7463	16689768	7063129639	519464936
GLOBAL	V	12610001	12620000	0.0024787983315898	8710	21808232	8797904905	51672845
GLOBAL	V	12620001	12630000	0.0021463373111617	9072	19705180	9180840261	36538539
GLOBAL	V	12630001	12640000	0.0033516385075182	8997	30450564	9085276927	55899998
GLOBAL	V	12640001	12650000	0.0020686015995017	8756	17377096	8400407311	496923614
GLOBAL	V	12650001	12660000	0.0025851084489525	8627	21904188	8473218216	292029459
GLOBAL	V	12660001	12670000	0.003178142828962	8646	27506820	8654998054	129554096
GLOBAL	V	12670001	12680000	0.0027822379342067	8712	24367124	8758102138	93507662
GLOBAL	V	12680001	12690000	0.0029269102652058	8661	25325252	8652554983	147237542
GLOBAL	V	12690001	12700000	0.0045343425247444	7898	35859604	7908446220	116119230
GLOBAL	V	12700001	12710000	0.0033697520758706	7613	25765696	7646169635	88828690
GLOBAL	V	12710001	12720000	0.0017729807241166	9137	16379032	9238133149	45287276
GLOBAL	V	12720001	12730000	0.0044917992788107	9038	41096616	9149254775	33579175
GLOBAL	V	12730001	12740000	0.0027605381141854	9266	25847456	9363194758	51292892
GLOBAL	V	12740001	12750000	0.0031020367494161	9331	29339420	9458114900	22414375
GLOBAL	V	12750001	12760000	0.0039030310884932	8918	34672760	8883546970	177363980
GLOBAL	V	12760001	12770000	0.0067332708367359	8824	59155152	8785500158	179904442
GLOBAL	V	12770001	12780000	0.0028741943162394	9457	27522856	9575850820	32697605
GLOBAL	V	12780001	12790000	0.0041602581788423	7653	29555344	7104209097	671430228
GLOBAL	V	12790001	12800000	0.0043803328661545	7369	30349972	6928690793	558397432
GLOBAL	V	12800001	12810000	0.0037818890861538	8637	32760416	8662447590	112960335
GLOBAL	V	12810001	12820000	0.0035219254101761	8784	30265860	8593555080	331208520
GLOBAL	V	12820001	12830000	0.0041775284627324	8234	34476840	8252927612	113022238
GLOBAL	V	12830001	12840000	0.0021668835030276	7849	16679412	7697419809	277360416
GLOBAL	V	12840001	12850000	0.003361266264148	8622	29191656	8684719896	75447654
GLOBAL	V	12850001	12860000	0.0028111354423016	9446	26787412	9529036416	68335734
GLOBAL	V	12860001	12870000	0.0034482039419895	9193	32036644	9290820537	49497288
GLOBAL	V	12870001	12880000	0.0044471483543876	8649	38699140	8702012372	85587853
GLOBAL	V	12880001	12890000	0.0029851695495432	8508	25616580	8581281423	63059277
GLOBAL	V	12890001	12900000	0.0037534493110365	8218	30851692	8219557384	130136066
GLOBAL	V	12900001	12910000	0.0060214483427771	7702	45521468	7559886826	265537724
GLOBAL	V	12910001	12920000	0.0042855951739162	8772	37855168	8833118030	79453270
GLOBAL	V	12920001	12930000	0.0027549609605102	8628	23283148	8451353153	314910547
GLOBAL	V	12930001	12940000	0.0024403648091755	8966	22126152	9066739496	42940654
GLOBAL	V	12940001	12950000	0.0029762854043076	8789	26273664	8827669538	102174187
GLOBAL	V	12950001	12960000	0.0016145472247184	9370	15305480	9479735102	40419148
GLOBAL	V	12960001	12970000	0.0021345706334076	9266	20000088	9369607024	44880626
GLOBAL	V	12970001	12980000	0.0023531061911778	9225	21906112	9309444717	63385908
GLOBAL	V	12980001	12990000	0.0023939555463009	9145	22158320	9255944637	35603988
GLOBAL	V	12990001	13000000	0.0045522752824633	8247	37713740	8284591256	94566919
GLOBAL	V	13000001	13010000	0.0043252977878656	8637	37135008	8585537880	189870045
GLOBAL	V	13010001	13020000	0.0042549785246137	8668	37140656	8728752868	78151832
GLOBAL	V	13020001	13030000	0.0039068991377685	8186	31912980	8168365467	148815183
GLOBAL	V	13030001	13040000	0.0026987159856759	8822	23857156	8840187751	123184799
GLOBAL	V	13040001	13050000	0.0037061773468776	7981	29142304	7863170397	245725128
GLOBAL	V	13050001	13060000	0.0034246616199848	8877	30465088	8895795083	123458842
GLOBAL	V	13060001	13070000	0.0023749926205737	9025	21648912	9115359691	54265934
GLOBAL	V	13070001	13080000	0.0032004725765659	8716	28191908	8808670384	47003516
GLOBAL	V	13080001	13090000	0.0025261122666292	9107	23147072	9163120858	89818817
GLOBAL	V	13090001	13100000	0.0035398048848118	9199	32954492	9309691656	36722319
GLOBAL	V	13100001	13110000	0.0043314959377114	8555	37150624	8576857634	115236241
GLOBAL	V	13110001	13120000	0.0038004830402701	9074	34857244	9171793067	47617783
GLOBAL	V	13120001	13130000	0.0040468059895935	8655	32842860	8115748589	677947786
GLOBAL	V	13130001	13140000	0.0046875526573135	8659	40397264	8617986176	179774299
GLOBAL	V	13140001	13150000	0.0031372286343923	7182	18054604	5754953210	1542138340
GLOBAL	V	13150001	13160000	0.0021915907177797	8718	19185228	8754019555	103686395
GLOBAL	V	13160001	13170000	0.002195232885425	8636	18209776	8295145413	480262512
GLOBAL	V	13170001	13180000	0.0020490382533697	9124	18933676	9240274538	29937562
GLOBAL	V	13180001	13190000	0.0029031322661568	9043	26563996	9150115656	37798419
GLOBAL	V	13190001	13200000	0.0025679112271454	6542	16550952	6445297573	202554002
GLOBAL	V	13200001	13210000	0.0029371627306757	9041	26873608	9149512800	36369225
GLOBAL	V	13210001	13220000	0.0030645562157237	8871	27289080	8904741202	108416573
GLOBAL	V	13220001	13230000	0.0037768136843749	7830	29749044	7876757099	78718651
GLOBAL	V	13230001	13240000	0.0046759114825819	8922	42154920	9015337471	49637579
GLOBAL	V	13240001	13250000	0.0052403476251675	8465	44750156	8539539588	61112037
GLOBAL	V	13250001	13260000	0.003828747530748	9405	36438016	9516954489	38760636
GLOBAL	V	13260001	13270000	0.0032907952273901	9134	30293296	9205463697	74908653
GLOBAL	V	13270001	13280000	0.0035784249641026	8067	28704084	8021429620	174844055
GLOBAL	V	13280001	13290000	0.002992235556631	7869	23467348	7842747523	152353202
GLOBAL	V	13290001	13300000	0.0025112819630885	9104	23050064	9178604529	71287071
GLOBAL	V	13300001	13310000	0.0054445500140559	7988	42415804	7790506817	325500883
GLOBAL	V	13310001	13320000	0.0043418855945615	8681	35503292	8176929407	643183618
GLOBAL	V	13320001	13330000	0.003074278743703	9296	28573868	9294494866	150473534
GLOBAL	V	13330001	13340000	0.0026731057424626	9268	25014636	9357892433	58627267
GLOBAL	V	13340001	13350000	0.0022610600852026	8251	18755696	8295089601	88132674
GLOBAL	V	13350001	13360000	0.0033316728408753	8979	30145700	9048217349	74671126
GLOBAL	V	13360001	13370000	0.0038078757786613	8712	33465320	8788448454	63161346
GLOBAL	V	13370001	13380000	0.0023697746152993	8464	20253524	8546603491	53032109
GLOBAL	V	13380001	13390000	0.0035187719739463	8571	30516540	8672497174	35853101
GLOBAL	V	13390001	13400000	0.0043270807415513	8606	37595844	8688500688	55410462
GLOBAL	V	13400001	13410000	0.0034788278763328	8942	31469804	9046094006	39201544
GLOBAL	V	13410001	13420000	0.004659750623559	9036	42270804	9071473436	109328464
GLOBAL	V	13420001	13430000	0.0042012279592219	8505	35771324	8514492512	126800113
GLOBAL	V	13430001	13440000	0.002718019512805	8550	23469764	8634876935	52136815
GLOBAL	V	13440001	13450000	0.0028600974445425	8571	24538552	8579620966	128729309
GLOBAL	V	13450001	13460000	0.0028324341599942	9150	26204712	9251657945	44970805
GLOBAL	V	13460001	13470000	0.0048751304752937	8484	41753152	8564519906	55436194
GLOBAL	V	13470001	13480000	0.0027950761722818	8331	23348080	8353289342	111214933
GLOBAL	V	13480001	13490000	0.0021195655827971	8824	18876788	8905970239	59434361
GLOBAL	V	13490001	13500000	0.0036203545306014	8938	32722284	9038419780	42811670
GLOBAL	V	13500001	13510000	0.0055742049922395	8418	47390712	8501788518	51109932
GLOBAL	V	13510001	13520000	0.0033310440691257	8621	28979484	8699820056	59331469
GLOBAL	V	13520001	13530000	0.0022464379554592	8894	20195120	8989840984	46685366
GLOBAL	V	13530001	13540000	0.0045073003649172	8008	36249244	8042340440	93987760
GLOBAL	V	13540001	13550000	0.002604393068671	7586	19056732	7317148947	390416703
GLOBAL	V	13550001	13560000	0.0021472904261952	8633	18715624	8715925788	55418037
GLOBAL	V	13560001	13570000	0.0027458576943682	9156	25399524	9250123942	52600958
GLOBAL	V	13570001	13580000	0.002850274599032	8417	24172592	8480794099	71088326
GLOBAL	V	13580001	13590000	0.0028420246236722	8005	22856812	8042439819	90840306
GLOBAL	V	13590001	13600000	0.0034732556291076	8631	30194704	8693487386	75824389
GLOBAL	V	13600001	13610000	0.0038890352987369	8661	34051488	8755767275	44025250
GLOBAL	V	13610001	13620000	0.0042317045672502	8750	37394724	8836799310	53419440
GLOBAL	V	13620001	13630000	0.0047889644223882	8119	39198812	8185237672	63869303
GLOBAL	V	13630001	13640000	0.0043550474729659	8817	38744444	8896445846	61846579
GLOBAL	V	13640001	13650000	0.0045673975260925	8539	39122208	8565536014	110301461
GLOBAL	V	13650001	13660000	0.0039268642141778	8091	31983244	8144728785	75929490
GLOBAL	V	13660001	13670000	0.0030824227266858	8304	24434356	7926997095	510074505
GLOBAL	V	13670001	13680000	0.0024723470767934	8788	21927452	8869083231	59744469
GLOBAL	V	13680001	13690000	0.0024053677281991	8487	20574552	8553599418	69404757
GLOBAL	V	13690001	13700000	0.0018741440023989	9285	17599504	9390689284	43102841
GLOBAL	V	13700001	13710000	0.0022380260976622	9320	21124632	9438956955	30396045
GLOBAL	V	13710001	13720000	0.0026663918796813	8363	22476484	8429550124	67466951
GLOBAL	V	13720001	13730000	0.0025024569255779	8445	21177892	8462839773	117491352
GLOBAL	V	13730001	13740000	0.0026477399779898	7703	19249120	7270019020	556421555
GLOBAL	V	13740001	13750000	0.0024882665990499	8644	21676016	8711291631	71228469
GLOBAL	V	13750001	13760000	0.0032147344165105	8115	26275444	8173441596	71601279
GLOBAL	V	13760001	13770000	0.0041894267975974	7837	30015212	7164515207	799088743
GLOBAL	V	13770001	13780000	0.002884798200434	7892	22707824	7871546785	146922515
GLOBAL	V	13780001	13790000	0.0030924280888104	7894	24617964	7960723190	59778160
GLOBAL	V	13790001	13800000	0.0024722482599344	7883	19569328	7915599868	93725207
GLOBAL	V	13800001	13810000	0.00171505708144	9448	16368488	9543990213	55413987
GLOBAL	V	13810001	13820000	0.0040342894085791	8335	33715544	8357244755	111323620
GLOBAL	V	13820001	13830000	0.0041676003349614	8890	37386944	8970856367	61605883
GLOBAL	V	13830001	13840000	0.0036030922153264	8361	30263256	8399245479	95739546
GLOBAL	V	13840001	13850000	0.0052219816537181	8651	45679948	8747627056	42005219
GLOBAL	V	13850001	13860000	0.0045158902351965	8656	39427584	8730855257	63857143
GLOBAL	V	13860001	13870000	0.004227099011554	9096	38765284	9170659096	71104304
GLOBAL	V	13870001	13880000	0.0032836406644718	7514	23792600	7245798926	388612924
GLOBAL	V	13880001	13890000	0.0036886895958334	7878	26701512	7238752762	765492188
GLOBAL	V	13890001	13900000	0.0029567604908802	8202	24235856	8196759959	136677091
GLOBAL	V	13900001	13910000	0.0033593468240678	8216	26172604	7790980024	556681376
GLOBAL	V	13910001	13920000	0.0027784263463131	8990	25225888	9079199826	54864924
GLOBAL	V	13920001	13930000	0.0035839217323777	7989	28686892	8004329933	112693792
GLOBAL	V	13930001	13940000	0.002922215334616	8575	25113816	8594101777	118312598
GLOBAL	V	13940001	13950000	0.0031026348100245	8630	27062768	8722511561	45784189
GLOBAL	V	13950001	13960000	0.0031409300318668	8195	25443032	8100477165	225847710
GLOBAL	V	13960001	13970000	0.0019118693924731	9264	17857124	9340138019	72317581
GLOBAL	V	13970001	13980000	0.0024230962054839	8874	21748740	8975599050	40606800
GLOBAL	V	13980001	13990000	0.0054627551773729	7732	41959936	7681093997	174811303
GLOBAL	V	13990001	14000000	0.0051745006298824	7989	41144824	7951457917	165565808
GLOBAL	V	14000001	14010000	0.0039731966762736	6736	24468676	6158435636	685508764
GLOBAL	V	14010001	14020000	0.0051519206560762	7661	37058392	7193121648	590645877
GLOBAL	V	14020001	14030000	0.0053293460949032	8219	43825344	8223399873	127309602
GLOBAL	V	14030001	14040000	0.0061103588132895	6868	41122472	6729960262	248099438
GLOBAL	V	14040001	14050000	0.0060866399709918	6822	38698872	6358002475	573320075
GLOBAL	V	14050001	14060000	0.0061557480102562	8222	51009892	8286546479	67211071
GLOBAL	V	14060001	14070000	0.0044022490952703	8365	37000984	8405018253	94030872
GLOBAL	V	14070001	14080000	0.0067680443611957	7780	52782244	7798743800	105930700
GLOBAL	V	14080001	14090000	0.0051353881544302	8137	42111360	8200229220	67166205
GLOBAL	V	14090001	14100000	0.0052802301804312	8040	42268552	8005058597	163782403
GLOBAL	V	14100001	14110000	0.0065344663260519	8261	53568372	8197818969	195563556
GLOBAL	V	14110001	14120000	0.0039882828255675	8688	34981856	8771157295	56067905
GLOBAL	V	14120001	14130000	0.0035804279817884	8099	29276668	8176862696	51923779
GLOBAL	V	14130001	14140000	0.0023790709184709	8785	21057460	8851127487	74652138
GLOBAL	V	14140001	14150000	0.0018313068109632	8812	16255208	8876288726	76923574
GLOBAL	V	14150001	14160000	0.0022937148076131	8946	20719444	9033138702	56220948
GLOBAL	V	14160001	14170000	0.0023050564349815	9138	21211868	9202320463	82115987
GLOBAL	V	14170001	14180000	0.0029083212138447	8156	23916072	8223325500	63374400
GLOBAL	V	14180001	14190000	0.0025731046017435	7888	20238704	7865480473	148924727
GLOBAL	V	14190001	14200000	0.0029971815599994	7856	22888800	7636774597	345117803
GLOBAL	V	14200001	14210000	0.0028699158570829	6894	18623632	6489260636	515215714
GLOBAL	V	14210001	14220000	0.0027351544376644	6667	17459540	6383383607	390455068
GLOBAL	V	14220001	14230000	0.0044579818254396	6818	29439380	6603746079	323512371
GLOBAL	V	14230001	14240000	0.0026510349163175	8078	21345788	8051869807	155580143
GLOBAL	V	14240001	14250000	0.0019524353244701	7559	14611212	7483583101	196549874
GLOBAL	V	14250001	14260000	0.0034242002874114	7669	25947312	7577626839	214268886
GLOBAL	V	14260001	14270000	0.0027689424618662	8474	23050432	8324633797	285162053
GLOBAL	V	14270001	14280000	0.0040372654764484	7950	32211616	7978572672	98826078
GLOBAL	V	14280001	14290000	0.0045988118120475	8706	40438356	8793218260	52295390
GLOBAL	V	14290001	14300000	0.004989453875067	9149	46203028	9260137313	35475412
GLOBAL	V	14300001	14310000	0.003218750304544	9227	30029732	9329624593	45238082
GLOBAL	V	14310001	14320000	0.0038376482885771	8647	33393400	8701526948	84041227
GLOBAL	V	14320001	14330000	0.004033093355771	8523	34051460	8443013091	216567984
GLOBAL	V	14330001	14340000	0.0031455210461867	8348	26453484	8409889367	71887333
GLOBAL	V	14340001	14350000	0.0035620104229272	8486	30472952	8554986758	67001392
GLOBAL	V	14350001	14360000	0.004045383107266	8428	34168784	8446365423	116693277
GLOBAL	V	14360001	14370000	0.0047652855945477	8249	39366848	8261172855	120017370
GLOBAL	V	14370001	14380000	0.0038074095014157	8776	33472908	8791517694	125117706
GLOBAL	V	14380001	14390000	0.0062136644667484	8141	50860268	8185229227	86230298
GLOBAL	V	14390001	14400000	0.0052092099580399	8243	43172744	8287771917	87322158
GLOBAL	V	14400001	14410000	0.0054340038620209	8360	45738436	8417078302	76890698
GLOBAL	V	14410001	14420000	0.0059474071909447	8535	50289992	8455784241	215989134
GLOBAL	V	14420001	14430000	0.0030017811306275	8889	26879528	8954526273	76919952
GLOBAL	V	14430001	14440000	0.0036144345758006	8838	32308992	8938878633	40750317
GLOBAL	V	14440001	14450000	0.0053147954908474	8635	46371900	8725058204	48317671
GLOBAL	V	14450001	14460000	0.0050480949154682	9115	46557884	9222862244	38205631
GLOBAL	V	14460001	14470000	0.0066382131302008	8015	50620588	7625634641	521869834
GLOBAL	V	14470001	14480000	0.0051716880335396	8764	45650672	8827035139	77407961
GLOBAL	V	14480001	14490000	0.0054315939655802	8787	48251896	8883560941	44250734
GLOBAL	V	14490001	14500000	0.0076791966806488	7669	57937116	7544684478	247211247
GLOBAL	V	14500001	14510000	0.0057633128529366	7968	43640604	7572138649	523548551
GLOBAL	V	14510001	14520000	0.003915372678879	6633	25830416	6597179405	142114420
GLOBAL	V	14520001	14530000	0.0043960369910286	8090	35711252	8123510351	96131899
GLOBAL	V	14530001	14540000	0.0037390282780876	8703	32802104	8772895405	69570170
GLOBAL	V	14540001	14550000	0.0042189663108404	7418	28399368	6731356903	805516547
GLOBAL	V	14550001	14560000	0.0070107269220241	7942	55599756	7930669190	138601360
GLOBAL	V	14560001	14570000	0.0068748723792528	7428	41333972	6012325716	1534707984
GLOBAL	V	14570001	14580000	0.0085969755690794	6699	57091860	6640923839	165427636
GLOBAL	V	14580001	14590000	0.0038198253797228	9042	34852696	9124159493	62738557
GLOBAL	V	14590001	14600000	0.0053624503966807	8518	46063380	8589987150	64513800
GLOBAL	V	14600001	14610000	0.0062356176181679	7702	48390324	7760309718	65114832
GLOBAL	V	14610001	14620000	0.0038145622403295	8520	32646172	8558301043	98231957
GLOBAL	V	14620001	14630000	0.0043564051714209	7477	32553560	7472573996	124244929
GLOBAL	V	14630001	14640000	0.0033683091069831	8488	28761792	8538940782	85079418
GLOBAL	V	14640001	14650000	0.0056669390768322	6873	38382420	6773042639	210097186
GLOBAL	V	14650001	14660000	0.0081195362667843	7058	54903428	6761892083	409212367
GLOBAL	V	14660001	14670000	0.0055743777961374	6688	32759020	5876713276	918461924
GLOBAL	V	14670001	14680000	0.0047209760227729	8207	39041512	8269796714	68720461
GLOBAL	V	14680001	14690000	0.0086850690243535	6223	49666044	5718554897	604168678
GLOBAL	V	14690001	14700000	0.0039151056086065	8565	33673200	8600840786	101413339
GLOBAL	V	14700001	14710000	0.00401187505396	7282	28118244	7008753668	389940382
GLOBAL	V	14710001	14720000	0.0032463538865988	8632	28291116	8714735666	55592134
GLOBAL	V	14720001	14730000	0.0058826244675401	8297	49257720	8373425887	56533538
GLOBAL	V	14730001	14740000	0.0059431844961716	8414	49957424	8405834285	143000065
GLOBAL	V	14740001	14750000	0.0033668488922854	9093	30796924	9147106088	91609237
GLOBAL	V	14750001	14760000	0.0044477905400155	7701	33045552	7429655624	394752901
GLOBAL	V	14760001	14770000	0.0040021921194896	9070	36607940	9146972186	68374564
GLOBAL	V	14770001	14780000	0.0058819826254026	7678	43161604	7337934630	463105320
GLOBAL	V	14780001	14790000	0.0033633061924209	8719	29334592	8721951057	136770918
GLOBAL	V	14790001	14800000	0.0035157801196702	8540	30176128	8583053255	93800245
GLOBAL	V	14800001	14810000	0.0079062172900107	6907	54764992	6926826065	90858610
GLOBAL	V	14810001	14820000	0.0068257548087246	6941	47592236	6972450276	79779249
GLOBAL	V	14820001	14830000	0.0068269557721638	7141	48294532	7074094752	181339773
GLOBAL	V	14830001	14840000	0.0045730671691229	7894	35922212	7855168243	165333107
GLOBAL	V	14840001	14850000	0.0049287428763244	8280	41032352	8325115152	87571848
GLOBAL	V	14850001	14860000	0.0043227304098775	8048	35143836	8130008737	46960463
GLOBAL	V	14860001	14870000	0.0041724859392925	8481	35751172	8568314554	48593471
GLOBAL	V	14870001	14880000	0.004030675895834	7599	30613172	7595046784	125727191
GLOBAL	V	14880001	14890000	0.0055668057755716	6891	37282044	6697205813	304222462
GLOBAL	V	14890001	14900000	0.0044495718018078	6283	25727260	5781963107	601721968
GLOBAL	V	14900001	14910000	0.0069158592951415	6026	40067676	5793593289	328973361
GLOBAL	V	14910001	14920000	0.0042765996140197	6438	24932892	5830073949	711095001
GLOBAL	V	14920001	14930000	0.0077470908765711	5773	37342604	4820209882	1045302443
GLOBAL	V	14930001	14940000	0.011357289480218	4613	45953400	4046159084	640764241
GLOBAL	V	14940001	14950000	0.011651698046539	5246	48522356	4164402116	1165665034
GLOBAL	V	14950001	14960000	0.011629033701942	5721	60941844	5240490789	572188236
GLOBAL	V	14960001	14970000	0.011460308726128	5595	59044044	5152046547	532613328
GLOBAL	V	14970001	14980000	0.011411266588367	7177	80781876	7079133186	212878239
GLOBAL	V	14980001	14990000	0.011860233737597	4959	53174736	4483447559	555020416
GLOBAL	V	14990001	15000000	0.0065494381910593	7486	48680012	7432700421	173262729
GLOBAL	V	15000001	15010000	0.0067672895603036	6552	43449148	6420465330	236530470
GLOBAL	V	15010001	15020000	0.00055409331330492	1429	11940	21548717	1430351008
GLOBAL	V	15020001	15030000	0.0082380099218976	3462	18044148	2190352788	1328141787
GLOBAL	V	15030001	15040000	0.0051358357419918	7505	38688452	7533039206	92228419
GLOBAL	V	15040001	15050000	0.0054908348378732	7838	43257004	7878037726	85566224
GLOBAL	V	15050001	15060000	0.0059344116879157	5318	28656228	4828823733	574397217
GLOBAL	V	15060001	15070000	0.004942122929437	6492	30920564	6256534781	339499519
GLOBAL	V	15070001	15080000	0.0052778185390127	6795	32835348	6221386309	682503566
GLOBAL	V	15080001	15090000	0.0063716336917615	5589	33942720	5327161234	351402491
GLOBAL	V	15090001	15100000	0.0062645458858515	6372	35388012	5648934918	825176382
GLOBAL	V	15100001	15110000	0.0061502773636026	7193	44482504	7232601291	75666534
GLOBAL	V	15110001	15120000	0.0081877525791989	6223	49979132	6104133157	218590418
GLOBAL	V	15120001	15130000	0.008365727889091	6237	49357772	5899997305	436950620
GLOBAL	V	15130001	15140000	0.0083205956473675	5076	35051836	4212659464	954843686
GLOBAL	V	15140001	15150000	0.006808989026013	6168	37053616	5441867487	824974713
GLOBAL	V	15150001	15160000	0.0065661436492016	7111	45786520	6973121888	251831887
GLOBAL	V	15160001	15170000	0.007026851219123	7118	49555492	7052304148	179761802
GLOBAL	V	15170001	15180000	0.0040639649760911	6939	27615488	6795208168	254989307
GLOBAL	V	15180001	15190000	0.0049521080621868	7541	37393756	7551078355	110766170
GLOBAL	V	15190001	15200000	0.0052070188076898	7790	40719952	7820204517	94630233
GLOBAL	V	15200001	15210000	0.0068788543882278	6503	42448784	6170908934	436301641
GLOBAL	V	15210001	15220000	0.0078993723553845	7922	62418388	7901689551	147260499
GLOBAL	V	15220001	15230000	0.006262910471452	8201	51637600	8244984538	87436487
GLOBAL	V	15230001	15240000	0.0051509478821911	7711	39606096	7689088864	145479911
GLOBAL	V	15240001	15250000	0.0042759885305283	6497	25948748	6068479327	532635098
GLOBAL	V	15250001	15260000	0.0076962063644939	8379	62594672	8133185239	380088236
GLOBAL	V	15260001	15270000	0.005611782325104	6845	34754456	6193122610	761568515
GLOBAL	V	15270001	15280000	0.0075237511499192	6319	46283652	6151672361	268589614
GLOBAL	V	15280001	15290000	0.0055025876665125	6415	34937548	6349294208	168506167
GLOBAL	V	15290001	15300000	0.0059207207541979	7166	41888344	7074872425	205962725
GLOBAL	V	15300001	15310000	0.0048809025781106	8093	39686712	8131019082	91671243
GLOBAL	V	15310001	15320000	0.0047530837175403	7560	35555092	7480426206	200722794
GLOBAL	V	15320001	15330000	0.0079367942511673	6749	53506124	6741528419	115624306
GLOBAL	V	15330001	15340000	0.0076427419903147	6816	49581124	6487347612	438894813
GLOBAL	V	15340001	15350000	0.0062662262673193	8034	50097728	7994880150	167864700
GLOBAL	V	15350001	15360000	0.0083524536149817	6462	51804100	6202261322	363292228
GLOBAL	V	15360001	15370000	0.0064888099757531	7732	50080604	7717995162	137910138
GLOBAL	V	15370001	15380000	0.0054762545222052	7849	43309036	7908514081	66266144
GLOBAL	V	15380001	15390000	0.0051460890573535	7522	39004844	7579512046	63028004
GLOBAL	V	15390001	15400000	0.0074533644479224	7053	52364104	7025566020	140458305
GLOBAL	V	15400001	15410000	0.0093806911161811	6389	52862380	5635232985	856150740
GLOBAL	V	15410001	15420000	0.0066886496692543	8248	55361412	8276919070	103255130
GLOBAL	V	15420001	15430000	0.0046970003034073	7750	35520604	7562401896	311791854
GLOBAL	V	15430001	15440000	0.0062344730820733	7896	49004020	7860170275	162363125
GLOBAL	V	15440001	15450000	0.0059425774143444	7544	43877352	7383555811	281336789
GLOBAL	V	15450001	15460000	0.0068879910441082	6742	39637628	5754599236	1095441314
GLOBAL	V	15460001	15470000	0.0061660373212806	7077	39302224	6373984125	816424800
GLOBAL	V	15470001	15480000	0.0052245108684986	7204	36749564	7034067863	285376237
GLOBAL	V	15480001	15490000	0.0071972558896486	5778	23790328	3305472025	2573248625
GLOBAL	V	15490001	15500000	0.0076423629781731	6768	49573936	6486728796	389728404
GLOBAL	V	15500001	15510000	0.0040656000307403	5291	19689068	4842844316	532943959
GLOBAL	V	15510001	15520000	0.0057224893585351	7733	44128648	7711442562	145478763
GLOBAL	V	15520001	15530000	0.0064992564760865	7158	46192620	7107369923	165337027
GLOBAL	V	15530001	15540000	0.0063597223133451	8001	50731360	7976977217	152238808
GLOBAL	V	15540001	15550000	0.007239406754887	6729	39718728	5486461715	1350370510
GLOBAL	V	15550001	15560000	0.009537745058514	5153	44928752	4710626225	524950600
GLOBAL	V	15560001	15570000	0.011434140211522	4958	43220652	3779965192	1257486758
GLOBAL	V	15570001	15580000	0.016443381698023	4217	57589224	3502273745	782303680
GLOBAL	V	15580001	15590000	0.0095815219661497	4619	39704616	4143873608	549145867
GLOBAL	V	15590001	15600000	0.0091059061390956	6425	56551372	6210405767	317554858
GLOBAL	V	15600001	15610000	0.0089102499942338	6945	61637968	6917647433	138646192
GLOBAL	V	15610001	15620000	0.0094249123052393	5806	46470560	4930609272	968431878
GLOBAL	V	15620001	15630000	0.0072570240192735	2576	11860204	1634306841	982973559
GLOBAL	V	15630001	15640000	0.0061494091488757	6774	17270864	2808540395	4074012955
GLOBAL	V	15640001	15650000	0.0093101331140257	5743	45113776	4845663907	989367668
GLOBAL	V	15650001	15660000	0.0011760375923178	3747	2072648	1762399445	2044646230
GLOBAL	V	15660001	15670000	0.0070389059388864	3652	5747404	816519506	2894003794
GLOBAL	V	15670001	15680000	0.0098825254249574	4439	39833804	4030731244	479403731
GLOBAL	V	15680001	15690000	0.010030358386624	6374	49490360	4934056999	1542086351
GLOBAL	V	15690001	15700000	0.015904491287496	5532	79309288	4986596966	634053334
GLOBAL	V	15700001	15710000	0.018800043362374	5310	70308140	3739786055	1655306695
GLOBAL	V	15710001	15720000	0.021296843726702	4935	61423936	2884180247	2129903128
GLOBAL	V	15720001	15730000	0.016884191074729	4953	42349616	2508240745	2524131080
GLOBAL	V	15730001	15740000	0.029690891532656	5064	91268820	3073966974	2071183626
GLOBAL	V	15740001	15750000	0.031258350113743	6319	48817812	1561752678	4858509297
GLOBAL	V	15750001	15760000	0.015603271226848	4886	55713192	3570609726	1393688424
GLOBAL	V	15760001	15770000	0.011268995419972	5017	55168992	4895644194	201753231
GLOBAL	V	15770001	15780000	0.0076568709423827	6121	41410516	5408281831	810807194
GLOBAL	V	15780001	15790000	0.0073989224960297	5713	39572368	5348396070	456154755
GLOBAL	V	15790001	15800000	0.0097511177010854	4811	32878668	3371784549	1516311726
GLOBAL	V	15800001	15810000	0.012388761445853	5034	54170512	4372552675	742117175
GLOBAL	V	15810001	15820000	0.0062208832749649	5636	27334148	4393933593	1332383307
GLOBAL	V	15820001	15830000	0.0053854874195156	5329	24911196	4625615856	788781369
GLOBAL	V	15830001	15840000	0.010175142443428	5370	53342088	5242392261	213661989
GLOBAL	V	15840001	15850000	0.024582079878579	4440	84918340	3454481493	1056669507
GLOBAL	V	15850001	15860000	0.015109807143274	6050	85629008	5667114556	479836694
GLOBAL	V	15860001	15870000	0.012744918265918	5859	69092352	5421168701	531721774
GLOBAL	V	15870001	15880000	0.010245681536463	5836	53506660	5222362203	707159697
GLOBAL	V	15880001	15890000	0.014397642528738	4999	63997288	4444983814	634125161
GLOBAL	V	15890001	15900000	0.01090931546927	5889	50449140	4624409308	1358961917
GLOBAL	V	15900001	15910000	0.013632084090531	4909	58988028	4327146723	660520002
GLOBAL	V	15910001	15920000	0.012597908210487	5934	71695096	5691031781	338060569
GLOBAL	V	15920001	15930000	0.011547258315077	5824	62661772	5426549774	490779826
GLOBAL	V	15930001	15940000	0.011474082025066	5556	54790548	4775157427	869877473
GLOBAL	V	15940001	15950000	0.0068112171119006	5978	40061912	5881755249	192042201
GLOBAL	V	15950001	15960000	0.0076085788470719	5977	44348892	5828801001	243980424
GLOBAL	V	15960001	15970000	0.0065570499768546	6377	41305900	6299463958	179727467
GLOBAL	V	15970001	15980000	0.010418292381855	6640	69063452	6629056804	117349196
GLOBAL	V	15980001	15990000	0.011274728363334	5128	35458604	3144963041	2065213159
GLOBAL	V	15990001	16000000	0.007854769512956	6990	43762872	5571503012	1530511738
GLOBAL	V	16000001	16010000	0.010878079265483	6002	59355488	5456430915	641751135
GLOBAL	V	16010001	16020000	0.012790325828959	5001	53017480	4145123487	936017538
GLOBAL	V	16020001	16030000	0.0073859116575697	6458	45286652	6131491155	429998295
GLOBAL	V	16030001	16040000	0.0059694506941844	6511	37169100	6226552811	388785964
GLOBAL	V	16040001	16050000	0.0039593064225512	5750	18582016	4693250286	1148893464
GLOBAL	V	16050001	16060000	0.011355191943659	5470	36728996	3234555275	2323101475
GLOBAL	V	16060001	16070000	0.016123787200529	4999	73077900	4532303676	546805299
GLOBAL	V	16070001	16080000	0.013346519263639	4768	43843200	3284991325	1559415875
GLOBAL	V	16080001	16090000	0.015844229405047	4726	40085908	2530000480	2271733670
GLOBAL	V	16090001	16100000	0.010336050267683	5979	56715140	5487119212	587694263
GLOBAL	V	16100001	16110000	0.0072878154083836	6682	45640108	6262522504	526556546
GLOBAL	V	16110001	16120000	0.0085547346328012	5907	46981556	5491877658	509782017
GLOBAL	V	16120001	16130000	0.0094327274733151	4296	28950212	3069124183	1295719217
GLOBAL	V	16130001	16140000	0.0099996699412963	2902	12734284	1273470432	1686210393
GLOBAL	V	16140001	16150000	0.005997003798666	6046	29748256	4960519786	1186431464
GLOBAL	V	16150001	16160000	0.006471091414965	5146	30971200	4786085996	442378654
GLOBAL	V	16160001	16170000	0.0084171379534405	4876	25439720	3022371754	1931766146
GLOBAL	V	16170001	16180000	0.0059316661121689	6681	35168720	5928978357	859084668
GLOBAL	V	16180001	16190000	0.0080878062380803	5654	43977732	5437535310	307070040
GLOBAL	V	16190001	16200000	0.00457379803147	4473	17839316	3900328759	644351066
GLOBAL	V	16200001	16210000	0.0059276576816501	4659	13542260	2284588741	2453135834
GLOBAL	V	16210001	16220000	0.0066931587670937	4972	23808320	3557112692	1498627708
GLOBAL	V	16220001	16230000	0.0056852841449913	5630	25942544	4563104207	1159148593
GLOBAL	V	16230001	16240000	0.0078068513973985	5294	34506160	4419984222	958852128
GLOBAL	V	16240001	16250000	0.011006926144001	6986	74295496	6749885938	348064712
GLOBAL	V	16250001	16260000	0.0098881324320609	5194	42804904	4328916941	948316909
GLOBAL	V	16260001	16270000	0.012728192237069	5483	56118668	4409005376	1161859699
GLOBAL	V	16270001	16280000	0.0095267931493151	4925	36382248	3818939640	1184983485
GLOBAL	V	16280001	16290000	0.0065734650409066	3795	18630744	2834234895	1021579980
GLOBAL	V	16290001	16300000	0.0069007425178056	6164	41954224	6079668078	183110022
GLOBAL	V	16300001	16310000	0.0071727339763479	6440	46091120	6425878912	117322088
GLOBAL	V	16310001	16320000	0.0061342678932608	6909	42507716	6929549987	90166738
GLOBAL	V	16320001	16330000	0.0067828161833027	6053	40457696	5964734250	185265075
GLOBAL	V	16330001	16340000	0.0065922179222177	7226	46536860	7059363108	282433542
GLOBAL	V	16340001	16350000	0.0055993893380127	6566	30624608	5469276407	1201943743
GLOBAL	V	16350001	16360000	0.0053574144633016	4894	16643092	3106553005	1865873345
GLOBAL	V	16360001	16370000	0.0074070778939086	6340	30661124	4139435880	2302162620
GLOBAL	V	16370001	16380000	0.0069894068445843	7023	48901104	6996459798	139083777
GLOBAL	V	16380001	16390000	0.0074628887928594	6954	31155312	4174698681	2890739169
GLOBAL	V	16390001	16400000	0.0048879213956138	6051	27305224	5586264956	561702319
GLOBAL	V	16400001	16410000	0.0042786121143622	6254	25832812	6037661585	316558765
GLOBAL	V	16410001	16420000	0.0042725674420157	6213	24890080	5825555790	487007535
GLOBAL	V	16420001	16430000	0.0034616825909975	7952	27687708	7998338170	81092630
GLOBAL	V	16430001	16440000	0.0034713341223005	6105	20302680	5848667770	354164855
GLOBAL	V	16440001	16450000	0.0032929709998599	5415	16570324	5032028524	469746851
GLOBAL	V	16450001	16460000	0.0051360795919792	6686	33569712	6536057590	257085560
GLOBAL	V	16460001	16470000	0.0059797982992283	5992	35183384	5883707483	204314317
GLOBAL	V	16470001	16480000	0.0059888300488549	6210	35106404	5861980339	447534911
GLOBAL	V	16480001	16490000	0.006378301928528	4032	16235520	2545429831	1588775894
GLOBAL	V	16490001	16500000	0.0083060727831595	5246	34954764	4208338274	1133921176
GLOBAL	V	16500001	16510000	0.0066320736881251	5283	25982460	3917697725	1461138625
GLOBAL	V	16510001	16520000	0.0065571160913831	4599	19987012	3048140634	1624558341
GLOBAL	V	16520001	16530000	0.0060253973579703	6669	39209828	6507426095	268444630
GLOBAL	V	16530001	16540000	0.0044262441785629	6251	27360052	6181324594	169847681
GLOBAL	V	16540001	16550000	0.0066500331079809	6017	37997204	5713836816	399585609
GLOBAL	V	16550001	16560000	0.0084682611805752	5054	29717128	3509236119	1625754231
GLOBAL	V	16560001	16570000	0.0097217336489977	4897	42049648	4325324013	650150412
GLOBAL	V	16570001	16580000	0.0089160695622498	5647	33478944	3754899372	1982593803
GLOBAL	V	16580001	16590000	0.0072336916774384	4999	34728076	4800878659	278230316
GLOBAL	V	16590001	16600000	0.009639648638482	4920	24875616	2580552148	2418290852
GLOBAL	V	16600001	16610000	0.0097761526893429	4658	26537696	2714533707	2018110743
GLOBAL	V	16610001	16620000	0.0095535524815639	4733	30322148	3173913375	1634932950
GLOBAL	V	16620001	16630000	0.0093014409389034	5115	39533272	4250230933	947752967
GLOBAL	V	16630001	16640000	0.0065399736604174	7259	46808252	7157253902	218071573
GLOBAL	V	16640001	16650000	0.0059026096727824	4173	21191976	3590272299	713609601
GLOBAL	V	16650001	16660000	0.0031561577810702	3484	5980256	1894789936	1659265514
GLOBAL	V	16660001	16670000	0.0058188731438474	5449	23926476	4111874483	1424445742
GLOBAL	V	16670001	16680000	0.0053797369671325	5336	24291732	4515412584	906096816
GLOBAL	V	16680001	16690000	0.010461394338169	4743	42060616	4020555448	798451127
GLOBAL	V	16690001	16700000	0.0095372067388172	4439	38897336	4078483047	431651928
GLOBAL	V	16700001	16710000	0.013411943397298	4706	50871920	3793031218	988382432
GLOBAL	V	16710001	16720000	0.011357477042359	5728	57320740	5046960675	772830525
GLOBAL	V	16720001	16730000	0.0057047151228619	5237	24168176	4236526361	1084396564
GLOBAL	V	16730001	16740000	0.0043844085534456	3565	8173896	1864309838	1757819287
GLOBAL	V	16740001	16750000	0.0089910256613442	2958	5146656	572421456	2510198394
GLOBAL	V	16750001	16760000	0.00076376289612573	786	14896	19503435	792300540
GLOBAL	V	16760001	16770000	0.00038198594059209	1803	8148	21330628	1819706672
GLOBAL	V	16770001	16780000	0.0063031850853221	4564	22951984	3641331119	995806981
GLOBAL	V	16780001	16790000	0.011370834487083	4214	40357168	3549182608	732346742
GLOBAL	V	16790001	16800000	0.011430192295923	4836	39711780	3474288006	1439208894
GLOBAL	V	16800001	16810000	0.0082198933529879	5971	46577556	5666442860	400242415
GLOBAL	V	16810001	16820000	0.010114542964141	3989	25367752	2508047283	1600757817
GLOBAL	V	16820001	16830000	0.005894635615123	6420	37338760	6334362705	188517795
GLOBAL	V	16830001	16840000	0.0091372096013681	6249	55304916	6052713948	296426277
GLOBAL	V	16840001	16850000	0.0096297651691651	5912	55053296	5716992578	289747222
GLOBAL	V	16850001	16860000	0.0066317135411406	5494	29482440	4445674533	1136366817
GLOBAL	V	16860001	16870000	0.0091118409013063	5099	38226860	4195294937	985416538
GLOBAL	V	16870001	16880000	0.0070131866689486	4324	19911508	2839152719	1554139381
GLOBAL	V	16880001	16890000	0.01348625072908	5875	75987292	5634426760	334720115
GLOBAL	V	16890001	16900000	0.016274709836128	4516	62416848	3835204967	753163933
GLOBAL	V	16900001	16910000	0.011096040719294	5290	51071924	4602715986	772056264
GLOBAL	V	16910001	16920000	0.0077413006641622	5002	28526288	3684947690	1397209360
GLOBAL	V	16920001	16930000	0.0056372837580049	4248	8919664	1582262732	2739907618
GLOBAL	V	16930001	16940000	0.010191058380601	4390	29876972	2931684903	1528664847
GLOBAL	V	16940001	16950000	0.0093058954650917	3615	23568380	2532628922	1140301453
GLOBAL	V	16950001	16960000	0.0064393655546119	4244	9942216	1543974467	2768035633
GLOBAL	V	16960001	16970000	0.0093108397030157	4142	24801400	2663712489	1547711136
GLOBAL	V	16970001	16980000	0.0080133914123392	4393	31680696	3953469183	509928642
GLOBAL	V	16980001	16990000	0.0085525268912722	5809	46988700	5494130635	407958590
GLOBAL	V	16990001	17000000	0.0079059876458115	4748	34638240	4381266649	442820051
GLOBAL	V	17000001	17010000	0.0061140353135089	5186	30846644	5045218488	223887162
GLOBAL	V	17010001	17020000	0.0074074559926384	4900	34771756	4694156271	284366229
GLOBAL	V	17020001	17030000	0.0086622540364542	4899	35552040	4104248138	873258337
GLOBAL	V	17030001	17040000	0.011565565463248	4558	42828668	3703119241	927922709
GLOBAL	V	17040001	17050000	0.0093287819916707	4593	29934688	3208852777	1457750048
GLOBAL	V	17050001	17060000	0.0079982757243194	5804	45188228	5649746215	247262885
GLOBAL	V	17060001	17070000	0.0074932049507285	5672	40277868	5375252414	387641386
GLOBAL	V	17070001	17080000	0.01015265184238	4036	36292044	3574636909	526039991
GLOBAL	V	17080001	17090000	0.0068109608524623	4582	12449748	1827898922	2838703903
GLOBAL	V	17090001	17100000	0.010440067264357	4775	38565420	3693981947	1157537428
GLOBAL	V	17100001	17110000	0.013837819491635	5445	29195188	2109811305	3422444820
GLOBAL	V	17110001	17120000	0.0098832049524999	5015	42164036	4266231066	829134309
GLOBAL	V	17120001	17130000	0.009165592396573	5428	44226608	4825286363	689697337
GLOBAL	V	17130001	17140000	0.008834085370115	4877	37647748	4261646387	693507538
GLOBAL	V	17140001	17150000	0.0078421586079498	4802	29784148	3797952769	1080999281
GLOBAL	V	17150001	17160000	0.0075629945727484	5341	32132080	4248592233	1177997292
GLOBAL	V	17160001	17170000	0.012128023943344	3961	40142112	3309864178	714610847
GLOBAL	V	17170001	17180000	0.0095458889159951	4099	19677804	2061390424	2112440276
GLOBAL	V	17180001	17190000	0.0093855510011211	4179	34305340	3655122645	590845830
GLOBAL	V	17190001	17200000	0.010751727270427	3508	31536600	2933165919	631049781
GLOBAL	V	17200001	17210000	0.00665181494266	4295	24739804	3719256205	644571170
GLOBAL	V	17210001	17220000	0.0067994174585561	4244	24455516	3596707534	715302566
GLOBAL	V	17220001	17230000	0.0090128164316678	4083	19076468	2116593425	2031836650
GLOBAL	V	17230001	17240000	0.006600113315518	4707	24364724	3691561468	1090868207
GLOBAL	V	17240001	17250000	0.0046434057336502	4811	21572036	4645735746	242360529
GLOBAL	V	17250001	17260000	0.008698567793779	4820	38149752	4385750954	511489546
GLOBAL	V	17260001	17270000	0.0078546461550234	4266	31140880	3964644541	369718109
GLOBAL	V	17270001	17280000	0.0077379162454225	4961	37109140	4795753640	244746385
GLOBAL	V	17280001	17290000	0.00705295821017	3769	17795824	2523171621	1306226604
GLOBAL	V	17290001	17300000	0.0082888610558332	3130	19393640	2339723138	840435112
GLOBAL	V	17300001	17310000	0.010553449272231	3843	32590732	3088159251	816424824
GLOBAL	V	17310001	17320000	0.011287858439954	3830	13052208	1156305075	2744214900
GLOBAL	V	17320001	17330000	0.0064393121339644	4597	22704976	3525994008	1144672917
GLOBAL	V	17330001	17340000	0.0093330759282363	3480	22390140	2399009734	1136757266
GLOBAL	V	17340001	17350000	0.0077348795187211	2842	12406868	1604015676	1283527374
GLOBAL	V	17350001	17360000	0.008310679956504	2150	8220856	989191744	1198310081
GLOBAL	V	17360001	17370000	0.010128801888592	2288	6388932	630768779	1693896421
GLOBAL	V	17370001	17380000	0.0017368839722959	3920	4016536	2312495287	1670322713
GLOBAL	V	17380001	17390000	0.0071727687736161	4747	20884916	2911695143	1911375532
GLOBAL	V	17390001	17400000	0.0088822371217342	4206	27447388	3090143578	1183257572
GLOBAL	V	17400001	17410000	0.013056213960599	2929	29245400	2239960228	735976997
GLOBAL	V	17410001	17420000	0.0077586583038499	3645	15053756	1940252478	1763158647
GLOBAL	V	17420001	17430000	0.0077123308287606	3229	20821104	2699716138	581028587
GLOBAL	V	17430001	17440000	0.004713618054757	4744	13929684	2955199984	1864822616
GLOBAL	V	17440001	17450000	0.0102520028055	3535	21166756	2064645943	1527002432
GLOBAL	V	17450001	17460000	0.008892346951083	3505	12036116	1353536481	2215759344
GLOBAL	V	17460001	17470000	0.0091490760091615	3673	15587420	1703715215	2028144610
GLOBAL	V	17470001	17480000	0.011202329241151	2988	22653676	2022229084	1013653616
GLOBAL	V	17480001	17490000	0.0051889992557018	3345	12993752	2504095946	894507679
GLOBAL	V	17490001	17500000	0.0092739663341923	4522	38767924	4180295960	414169090
GLOBAL	V	17500001	17510000	0.0088033192817422	4659	30597140	3475636748	1258023727
GLOBAL	V	17510001	17520000	0.0097678037673343	5122	42127040	4312846675	892249400
GLOBAL	V	17520001	17530000	0.0074800727709023	5562	37642964	5032432859	618698191
GLOBAL	V	17530001	17540000	0.012063687659762	5065	50161376	4158046645	988119980
GLOBAL	V	17540001	17550000	0.0071252154889507	5672	38142048	5353107995	409785805
GLOBAL	V	17550001	17560000	0.0065396612404668	4325	23198420	3547342767	846965358
GLOBAL	V	17560001	17570000	0.00766685991907	4587	32985152	4302302683	358203992
GLOBAL	V	17570001	17580000	0.0075526214795637	4087	29286024	3877597213	274896962
GLOBAL	V	17580001	17590000	0.0097500374133363	5104	48129448	4936334699	249456901
GLOBAL	V	17590001	17600000	0.008323216236817	4829	39150636	4703786960	202597765
GLOBAL	V	17600001	17610000	0.010274844980654	5050	41681728	4056677067	1074249183
GLOBAL	V	17610001	17620000	0.0073351959165821	4505	30889132	4211084796	366107829
GLOBAL	V	17620001	17630000	0.0075716137142042	4369	32325944	4269359904	169653321
GLOBAL	V	17630001	17640000	0.0097538521020015	4915	46690472	4786875125	206887750
GLOBAL	V	17640001	17650000	0.01011528201861	6004	57047392	5639723331	460490769
GLOBAL	V	17650001	17660000	0.0086165680923867	4822	31407784	3645045645	1254226905
GLOBAL	V	17660001	17670000	0.0084500557660764	5770	47113724	5575551843	286912407
GLOBAL	V	17670001	17680000	0.0078882844676713	5250	40159084	5090978167	243153083
GLOBAL	V	17680001	17690000	0.0059932215643537	5638	32043224	5346577572	381771378
GLOBAL	V	17690001	17700000	0.0058597068434764	5485	29738492	5075081876	497815249
GLOBAL	V	17700001	17710000	0.00536007980772	6076	31773360	5927777410	245590490
GLOBAL	V	17710001	17720000	0.0070228088253254	6087	42445632	6043968027	140576148
GLOBAL	V	17720001	17730000	0.0066649279896864	6287	40900284	6136643046	251106129
GLOBAL	V	17730001	17740000	0.0050833387986711	5766	28777376	5661117061	197283089
GLOBAL	V	17740001	17750000	0.0046180846509654	6770	31232608	6763108596	115380654
GLOBAL	V	17750001	17760000	0.0056595046141397	6460	36322764	6418011200	145510300
GLOBAL	V	17760001	17770000	0.0079179358911829	5872	45398052	5733571555	232527245
GLOBAL	V	17770001	17780000	0.0058216517781631	4570	25116032	4314244987	328989263
GLOBAL	V	17780001	17790000	0.0090541082917016	4397	25073444	2769289166	1698172759
GLOBAL	V	17790001	17800000	0.01247113652221	3454	27424364	2199026845	1310323505
GLOBAL	V	17800001	17810000	0.0097595035456034	4496	34984504	3584660207	983388193
GLOBAL	V	17810001	17820000	0.010770618577735	3728	29919312	2777863851	1009877349
GLOBAL	V	17820001	17830000	0.0076429356133375	3442	17881680	2339635044	1157523006
GLOBAL	V	17830001	17840000	0.0092808212058441	5168	46264484	4984955854	265861346
GLOBAL	V	17840001	17850000	0.0068825889755547	2578	11411372	1658005736	961306714
GLOBAL	V	17850001	17860000	0.0071331575942592	2295	4815636	675105791	1661751709
GLOBAL	V	17860001	17870000	0.0018937710518865	2227	1687964	891324217	1371363458
GLOBAL	V	17870001	17880000	0.020862979573193	3006	21417820	1026594496	2027576654
GLOBAL	V	17880001	17890000	0.013064628409381	3753	18088836	1384565671	2428576154
GLOBAL	V	17890001	17900000	0.011028018658415	4889	29999652	2720312046	2247034179
GLOBAL	V	17900001	17910000	0.012862716923228	4047	31978472	2486136653	1628764597
GLOBAL	V	17910001	17920000	0.011942326235162	4380	46819896	3920500502	529688998
GLOBAL	V	17920001	17930000	0.013451014160576	3386	32662844	2428281140	1011979510
GLOBAL	V	17930001	17940000	0.012705353345003	4385	50123572	3945075012	510194613
GLOBAL	V	17940001	17950000	0.011658936137759	4721	52696480	4519836062	276817963
GLOBAL	V	17950001	17960000	0.013816112566262	4199	36218896	2621496881	1644792094
GLOBAL	V	17960001	17970000	0.0080952531414788	4813	29377188	3628940008	1261188317
GLOBAL	V	17970001	17980000	0.010215809508908	4639	43994324	4306494161	406845814
GLOBAL	V	17980001	17990000	0.0074577968435024	4140	29696516	3981942204	224401296
GLOBAL	V	17990001	18000000	0.0080718329758866	4364	28017580	3471030692	962902408
GLOBAL	V	18000001	18010000	0.0026482802614319	6747	7862496	2968906318	3886214357
GLOBAL	V	18010001	18020000	0.0040976839571547	5857	11535472	2815119985	3135738440
GLOBAL	V	18020001	18030000	0.0038898855755706	5197	10437392	2683213117	2597068808
GLOBAL	V	18030001	18040000	0.0092079832676757	4012	35121416	3814235428	262056872
GLOBAL	V	18040001	18050000	0.0067740355996944	4688	31096684	4590569911	172555289
GLOBAL	V	18050001	18060000	0.01106030686419	4341	35700448	3227799051	1182765474
GLOBAL	V	18060001	18070000	0.011129119238776	4071	29333672	2635758623	1500479152
GLOBAL	V	18070001	18080000	0.010999087319125	3590	13121028	1192919705	2458674145
GLOBAL	V	18080001	18090000	0.012654757708943	3740	34902336	2758040636	1041892864
GLOBAL	V	18090001	18100000	0.0096654627095323	3829	33135384	3428225321	462134404
GLOBAL	V	18100001	18110000	0.010290663032653	3570	32807640	3188097783	439111467
GLOBAL	V	18110001	18120000	0.012112273687643	3943	38760960	3200139049	806047526
GLOBAL	V	18120001	18130000	0.010678766140857	4089	38073528	3565348983	589177242
GLOBAL	V	18130001	18140000	0.0086460911969672	3736	27274664	3154565847	641303553
GLOBAL	V	18140001	18150000	0.0057668485047161	4598	23852384	4136121138	535561812
GLOBAL	V	18150001	18160000	0.0073343266426489	4770	33604300	4581783937	264655313
GLOBAL	V	18160001	18170000	0.0057597325912042	3623	18204216	3160600898	543826252
GLOBAL	V	18170001	18180000	0.0080864010924634	4992	39189724	4846373999	225622801
GLOBAL	V	18180001	18190000	0.0084087576870153	4453	30053020	3574014274	965585426
GLOBAL	V	18190001	18200000	0.0077383578350792	4402	31248876	4038179245	434362805
GLOBAL	V	18200001	18210000	0.0088182135891286	5015	42293816	4796188658	299176717
GLOBAL	V	18210001	18220000	0.011992893259596	4182	48180852	4017450248	231566302
GLOBAL	V	18220001	18230000	0.011557440111554	3884	32361408	2800049811	1146191289
GLOBAL	V	18230001	18240000	0.0089032921238286	5845	51024648	5730986616	207679509
GLOBAL	V	18240001	18250000	0.011261762702375	5364	58910732	5231040074	218918026
GLOBAL	V	18250001	18260000	0.012123466116208	5426	64149124	5291318785	221632865
GLOBAL	V	18260001	18270000	0.0091114511231518	5354	46952420	5153122084	286675766
GLOBAL	V	18270001	18280000	0.0085038984774449	4412	31713616	3729303223	804200327
GLOBAL	V	18280001	18290000	0.010288493635697	4320	38843580	3775438988	613789012
GLOBAL	V	18290001	18300000	0.0097027024101831	4221	36196792	3730588703	558052822
GLOBAL	V	18300001	18310000	0.0087172312712433	4280	28460216	3264822868	1083764132
GLOBAL	V	18310001	18320000	0.010557800188666	4861	45556656	4314976149	623921376
GLOBAL	V	18320001	18330000	0.010098593622324	4077	28615752	2833637343	1309712607
GLOBAL	V	18330001	18340000	0.0060244809754586	3933	20348052	3377561002	618465323
GLOBAL	V	18340001	18350000	0.0070102490837365	4572	25561160	3646255603	1002058772
GLOBAL	V	18350001	18360000	0.0072738294551177	4939	27305908	3753993432	1264154043
GLOBAL	V	18360001	18370000	0.010741134045595	4364	41011800	3818200185	615732915
GLOBAL	V	18370001	18380000	0.0076469029590594	4637	28128536	3678421990	1051174385
GLOBAL	V	18380001	18390000	0.0081370534039439	3240	13240644	1627203773	1664717227
GLOBAL	V	18390001	18400000	0.0037012626554218	1690	598316	161651862	1579814988
GLOBAL	V	18400001	18410000	0.012366029770243	3188	25485128	2060898160	1180221590
GLOBAL	V	18410001	18420000	0.0097923146543705	3436	25882828	2643177728	847884172
GLOBAL	V	18420001	18430000	0.0082354819866824	3484	10126132	1229573693	2383411207
GLOBAL	V	18430001	18440000	0.0077140289157639	3677	21056236	2729602939	1029689561
GLOBAL	V	18440001	18450000	0.0088469245565414	4122	32153344	3634409200	553645850
GLOBAL	V	18450001	18460000	0.010231069384685	4656	43766116	4277765535	452846865
GLOBAL	V	18460001	18470000	0.0085332142997823	4133	31181412	3654122691	577621434
GLOBAL	V	18470001	18480000	0.010857117882241	3973	26254176	2418153352	1623594098
GLOBAL	V	18480001	18490000	0.00012933788762463	2008	5764	44565441	2071814634
GLOBAL	V	18490001	18500000	0.008927484790858	3341	18445924	2066194951	1348665074
GLOBAL	V	18500001	18510000	0.010161673074237	3947	32302132	3178820236	831430439
GLOBAL	V	18510001	18520000	0.0081728706762384	4755	35127308	4298037910	533160965
GLOBAL	V	18520001	18530000	0.0075039195571536	5415	37680676	5021465877	480309498
GLOBAL	V	18530001	18540000	0.0078343462976231	5058	37947944	4843792010	295262440
GLOBAL	V	18540001	18550000	0.0063654712244986	5072	31422768	4936440193	216838607
GLOBAL	V	18550001	18560000	0.0075869010151284	5351	38374756	5058027767	378722008
GLOBAL	V	18560001	18570000	0.0078883097048602	4736	34525548	4376799250	435095150
GLOBAL	V	18570001	18580000	0.0080295282678394	4437	31581284	3933143137	574959788
GLOBAL	V	18580001	18590000	0.010093812065079	4681	43848376	4344084843	411928182
GLOBAL	V	18590001	18600000	0.0088694028064988	5667	41172268	4642056393	1115757282
GLOBAL	V	18600001	18610000	0.0093985357855392	4395	37584928	3999019513	466410362
GLOBAL	V	18610001	18620000	0.0094063012184069	4890	40950116	4353476999	614885251
GLOBAL	V	18620001	18630000	0.010223560450302	4857	48098392	4704661574	230171851
GLOBAL	V	18630001	18640000	0.0072449144151086	4743	29363752	4053015718	765990857
GLOBAL	V	18640001	18650000	0.0089448978915954	4773	37209192	4159823002	689664323
GLOBAL	V	18650001	18660000	0.0084402953770617	4085	25176412	2982882811	1167579314
GLOBAL	V	18660001	18670000	0.0083564384486482	3995	22343340	2673787420	1416729230
GLOBAL	V	18670001	18680000	0.0083241576120463	3052	20850164	2504777657	596130643
GLOBAL	V	18680001	18690000	0.0068926331017922	3561	19958956	2895693954	722371071
GLOBAL	V	18690001	18700000	0.0097120797407658	4873	45362040	4670682409	280407416
GLOBAL	V	18700001	18710000	0.0095811343008382	4428	34830592	3635330735	863627965
GLOBAL	V	18710001	18720000	0.0085147778064279	4734	36609576	4299533920	510328430
GLOBAL	V	18720001	18730000	0.0064024553968233	5285	31958996	4991678039	378014086
GLOBAL	V	18730001	18740000	0.0083371893296922	5257	42078684	5047106685	294136740
GLOBAL	V	18740001	18750000	0.0066844202423421	6029	34104556	5102096332	1023518393
GLOBAL	V	18750001	18760000	0.0049746061447481	3676	4562372	917132305	2817775595
GLOBAL	V	18760001	18770000	0.0014998504498704	5578	2895792	1930720493	3736666957
GLOBAL	V	18770001	18780000	0.0063801163919796	4830	24487640	3838118068	1070298707
GLOBAL	V	18780001	18790000	0.0078327327714336	4350	28444912	3631543783	788164967
GLOBAL	V	18790001	18800000	0.0047239794120193	3705	13065940	2765875729	998496896
GLOBAL	V	18800001	18810000	0.0056441522529051	5550	30255632	5360527258	278411492
GLOBAL	V	18810001	18820000	0.0057511883051495	5366	28818172	5010820455	441169695
GLOBAL	V	18820001	18830000	0.0059620607781506	5799	33022248	5538730521	353198454
GLOBAL	V	18830001	18840000	0.0065569464066726	5815	35605188	5430147784	478037591
GLOBAL	V	18840001	18850000	0.0053450126422354	4633	20663892	3866013681	841230144
GLOBAL	V	18850001	18860000	0.0058735811787821	4545	22859364	3891895473	736098402
GLOBAL	V	18860001	18870000	0.0083017276207591	5475	43304708	5216348931	346387944
GLOBAL	V	18870001	18880000	0.0079461960070185	6290	48020768	6043239804	347557446
GLOBAL	V	18880001	18890000	0.0080539431903385	5817	45870580	5695418867	214798558
GLOBAL	V	18890001	18900000	0.0072348942076371	6531	46856456	6476453512	159205763
GLOBAL	V	18900001	18910000	0.0053560616430415	7949	42581520	7950154953	126227772
GLOBAL	V	18910001	18920000	0.0065428390535071	6174	39975832	6109860211	163078139
GLOBAL	V	18920001	18930000	0.0059605189505852	6767	39688348	6658539018	216902157
GLOBAL	V	18930001	18940000	0.0045190082982729	7250	32135068	7111088513	255092737
GLOBAL	V	18940001	18950000	0.0043763670931497	7603	33259060	7599696116	125141959
GLOBAL	V	18950001	18960000	0.0057211478741016	7369	41581836	7268093207	218995018
GLOBAL	V	18960001	18970000	0.0034934402138067	7361	25533716	7309046223	169913802
GLOBAL	V	18970001	18980000	0.004658464608631	6635	30754188	6601786336	139539539
GLOBAL	V	18980001	18990000	0.0043851271519207	8026	35304168	8050888099	103728551
GLOBAL	V	18990001	19000000	0.0029367157945412	8479	25017528	8518879507	95996468
GLOBAL	V	19000001	19010000	0.0040869356872854	7222	29403476	7194504208	143228342
GLOBAL	V	19010001	19020000	0.0056035119490217	5438	29355428	5238755314	286388636
GLOBAL	V	19020001	19030000	0.0024866183661334	8300	20737524	8339648851	93358649
GLOBAL	V	19030001	19040000	0.002974323004869	8189	24308932	8172929423	147299302
GLOBAL	V	19040001	19050000	0.0038535374404034	6942	26390500	6848382923	204862627
GLOBAL	V	19050001	19060000	0.003801020562063	7505	28473296	7490960792	134306833
GLOBAL	V	19060001	19070000	0.0053211979907268	6692	35060580	6588850868	210388432
GLOBAL	V	19070001	19080000	0.0036468847337868	6212	22215688	6091689105	219858195
GLOBAL	V	19080001	19090000	0.006742864520109	4934	27031332	4008879597	1004187753
GLOBAL	V	19090001	19100000	0.0062299799341385	5519	29607608	4752440347	855001628
GLOBAL	V	19100001	19110000	0.0074262736056569	5299	33113232	4458929708	929050867
GLOBAL	V	19110001	19120000	0.0057733663980572	6402	34674492	6005939968	498652082
GLOBAL	V	19120001	19130000	0.0051256243868856	6664	32144312	6271296836	499493764
GLOBAL	V	19130001	19140000	0.0045776395614192	6374	27921028	6099437849	376705501
GLOBAL	V	19140001	19150000	0.0039356722852377	7130	27704680	7039376755	204881495
GLOBAL	V	19150001	19160000	0.0058333096245094	7057	40183188	6888574512	281513913
GLOBAL	V	19160001	19170000	0.0055661064165494	7395	40965920	7359888032	153616843
GLOBAL	V	19170001	19180000	0.0058582113397743	8009	46998556	8022680179	114664046
GLOBAL	V	19180001	19190000	0.0050309848067747	6473	32115424	6383526334	193203491
GLOBAL	V	19190001	19200000	0.0062497571426083	5916	36449856	5832203583	178600317
GLOBAL	V	19200001	19210000	0.0060593151896046	6080	36289456	5989035867	188396133
GLOBAL	V	19210001	19220000	0.0055507832212478	7787	43269956	7795288390	116498285
GLOBAL	V	19220001	19230000	0.0048200806086866	7893	38349820	7956261132	63224193
GLOBAL	V	19230001	19240000	0.0050029717103821	7475	36749028	7345439896	249346979
GLOBAL	V	19240001	19250000	0.0025062810372321	7974	20107924	8023012464	78770886
GLOBAL	V	19250001	19260000	0.0028494806133605	8123	22337412	7839117029	419134171
GLOBAL	V	19260001	19270000	0.0036435344555151	7724	27164152	7455439857	392337243
GLOBAL	V	19270001	19280000	0.0046199437415673	7492	34468480	7460800808	151258492
GLOBAL	V	19280001	19290000	0.0039060933298028	8172	31970160	8184689228	118267072
GLOBAL	V	19290001	19300000	0.0026009423421079	8131	21279680	8181527001	79772274
GLOBAL	V	19300001	19310000	0.0037835252409008	7083	26673548	7049919401	146585674
GLOBAL	V	19310001	19320000	0.0040608430395208	7692	31323404	7713522462	101741838
GLOBAL	V	19320001	19330000	0.0042222930802802	7541	31772504	7524940452	136904073
GLOBAL	V	19330001	19340000	0.0038571892322169	8067	31314944	8118591574	77682101
GLOBAL	V	19340001	19350000	0.0049010709589844	7814	38608856	7877636607	61582743
GLOBAL	V	19350001	19360000	0.0040174964728339	8156	32938568	8198779569	87920331
GLOBAL	V	19360001	19370000	0.0032684722124627	7937	24651836	7542311636	521878789
GLOBAL	V	19370001	19380000	0.0050079194381053	8124	40721988	8131518189	122668911
GLOBAL	V	19380001	19390000	0.0046774424658759	6683	30450324	6510037103	280057972
GLOBAL	V	19390001	19400000	0.0046761082207879	8192	38126608	8153491365	169785435
GLOBAL	V	19400001	19410000	0.0052457176645537	7755	40839488	7785300432	93973443
GLOBAL	V	19410001	19420000	0.0024135496636362	7821	18866960	7817100383	129231142
GLOBAL	V	19420001	19430000	0.0047157639412213	7407	34830004	7385866730	139830445
GLOBAL	V	19430001	19440000	0.0040511759642753	6883	27914144	6890380533	102919542
GLOBAL	V	19440001	19450000	0.0044797995348299	6672	29831136	6659033684	119885116
GLOBAL	V	19450001	19460000	0.0034820774946767	8142	28341712	8139311099	133164451
GLOBAL	V	19460001	19470000	0.0041685599402607	7450	30006588	7198310311	371075939
GLOBAL	V	19470001	19480000	0.0040199699272701	7413	29768152	7405068331	126724994
GLOBAL	V	19480001	19490000	0.0031170499909695	7246	22446148	7201086946	161030204
GLOBAL	V	19490001	19500000	0.0029402789591314	7517	22152992	7534316406	103143519
GLOBAL	V	19500001	19510000	0.0035288228113925	7260	24746724	7012742017	363599483
GLOBAL	V	19510001	19520000	0.0033555869696926	8018	26943188	8029351718	117136732
GLOBAL	V	19520001	19530000	0.0030537201029328	7750	23113056	7568819414	305374336
GLOBAL	V	19530001	19540000	0.0041089787055274	8514	35274360	8584702557	65734293
GLOBAL	V	19540001	19550000	0.0049397984070869	8112	40180412	8134018575	107976225
GLOBAL	V	19550001	19560000	0.0023580090274872	7517	15890664	6739017457	898442468
GLOBAL	V	19560001	19570000	0.0057089700712877	6301	35321020	6186933818	215039707
GLOBAL	V	19570001	19580000	0.004430772691071	8100	36106880	8149115858	80686642
GLOBAL	V	19580001	19590000	0.0029980142402393	7837	23577568	7864394933	98192992
GLOBAL	V	19590001	19600000	0.0029135592729306	8489	24892664	8543730080	81306145
GLOBAL	V	19600001	19610000	0.0036551635935323	8423	31058712	8497215297	60763278
GLOBAL	V	19610001	19620000	0.004545435789583	8315	38080480	8377740169	70507706
GLOBAL	V	19620001	19630000	0.0047168069893454	7633	35654840	7559105149	196213676
GLOBAL	V	19630001	19640000	0.0033993389159532	8330	28539284	8395539458	67948792
GLOBAL	V	19640001	19650000	0.0020163842583287	8924	18134028	8993339402	73667698
GLOBAL	V	19650001	19660000	0.0016519323165974	9434	15691448	9498844379	86335471
GLOBAL	V	19660001	19670000	0.0023217324548526	8720	20469808	8816609320	43128680
GLOBAL	V	19670001	19680000	0.0031129832133969	7640	22274752	7155435951	620203374
GLOBAL	V	19680001	19690000	0.0027863457749465	6841	14741492	5290618319	1671184981
GLOBAL	V	19690001	19700000	0.0022152711115079	7685	16440360	7421376063	386776062
GLOBAL	V	19700001	19710000	0.0024949312857638	8587	21541940	8634281883	90324792
GLOBAL	V	19710001	19720000	0.0028691003938712	8438	24228220	8444535455	128683495
GLOBAL	V	19720001	19730000	0.0026233336087607	8646	22868992	8717530978	67021172
GLOBAL	V	19730001	19740000	0.0025977952761689	8927	23416364	9013937401	56117774
GLOBAL	V	19740001	19750000	0.001980045914632	9377	18753660	9471325822	55940603
GLOBAL	V	19750001	19760000	0.0030793139283204	8252	25561624	8301077641	83160659
GLOBAL	V	19760001	19770000	0.0021870683725468	9374	20722800	9475149593	49068757
GLOBAL	V	19770001	19780000	0.0019054808054045	7703	14407340	7560999806	265440769
GLOBAL	V	19780001	19790000	0.002229027841929	8873	19976432	8961948175	53241650
GLOBAL	V	19790001	19800000	0.001808103189011	9059	16518760	9135960879	68209596
GLOBAL	V	19800001	19810000	0.0026505532951197	9049	24288596	9163594652	30415573
GLOBAL	V	19810001	19820000	0.0044787982730625	8265	37420952	8355132274	42314351
GLOBAL	V	19820001	19830000	0.0028235310649164	8842	25067352	8878015302	105677748
GLOBAL	V	19830001	19840000	0.0028459299507485	8843	25473872	8950983489	33725586
GLOBAL	V	19840001	19850000	0.0019765624990449	8801	17590532	8899557696	42478329
GLOBAL	V	19850001	19860000	0.0024747700519942	8344	20755308	8386762230	90950370
GLOBAL	V	19860001	19870000	0.0030138341340317	8676	26400416	8759744175	55288725
GLOBAL	V	19870001	19880000	0.0025495209258505	8606	22118896	8675706787	68204363
GLOBAL	V	19880001	19890000	0.0018758119526205	9069	17080572	9105695257	108635468
GLOBAL	V	19890001	19900000	0.0019671841603937	8044	15910012	8087708472	85196628
GLOBAL	V	19900001	19910000	0.0020847328177052	9065	19113408	9168277027	41989598
GLOBAL	V	19910001	19920000	0.0020650063634033	8192	16955644	8210940315	112336485
GLOBAL	V	19920001	19930000	0.002198190172192	6089	9645168	4387776873	1798799352
GLOBAL	V	19930001	19940000	7.5860556333316e-05	459	2308	30424243	435931232
GLOBAL	X	1	10000	0.00080138680633249	3133	697232	870031793	2313174532
GLOBAL	X	10001	20000	0.0021588605894724	6032	8030792	3719921536	2408741264
GLOBAL	X	20001	30000	0.0022636860701374	8646	19715636	8709527465	75024685
GLOBAL	X	30001	40000	0.002713363027821	8242	20031548	7382553604	991524446
GLOBAL	X	40001	50000	0.0024412685519678	9112	22245880	9112426399	145593401
GLOBAL	X	50001	60000	0.0029915398753172	7525	21519512	7193456513	452131612
GLOBAL	X	60001	70000	0.0035507806864359	8106	28618416	8059753200	176145450
GLOBAL	X	70001	80000	0.002785468920482	7363	19826396	7117794729	363197346
GLOBAL	X	80001	90000	0.0026760537971417	7231	19312516	7216789147	130087628
GLOBAL	X	90001	100000	0.003096674849146	8421	26196728	8459631468	96315057
GLOBAL	X	100001	110000	0.0030685420369355	8116	25125768	8188177870	57881030
GLOBAL	X	110001	120000	0.0027269727982158	9005	24817520	9100758180	48546945
GLOBAL	X	120001	130000	0.0027093317599675	8273	22088808	8152862018	252712807
GLOBAL	X	130001	140000	0.0025122106578656	8919	22603864	8997598959	64328016
GLOBAL	X	140001	150000	0.00339914789385	8392	28274244	8318038780	208443020
GLOBAL	X	150001	160000	0.0027155289851167	8744	23861368	8787005453	97117147
GLOBAL	X	160001	170000	0.002352561529783	7171	16047868	6821444539	464470736
GLOBAL	X	170001	180000	0.003769081870699	7853	29101172	7721024111	257820214
GLOBAL	X	180001	190000	0.0017451051762051	8264	13581580	7782671317	613759283
GLOBAL	X	190001	200000	0.0018650329993157	8390	15822656	8483847742	40602008
GLOBAL	X	200001	210000	0.0024704708583249	8166	20347444	8236261493	60598657
GLOBAL	X	210001	220000	0.0025482159995219	9062	23252824	9125138530	82080020
GLOBAL	X	220001	230000	0.0028086447038824	8707	24730848	8805260404	41269271
GLOBAL	X	230001	240000	0.0025253039377181	8904	22700444	8989192810	57493790
GLOBAL	X	240001	250000	0.0021608324899618	9278	20278284	9384477554	42202396
GLOBAL	X	250001	260000	0.0022548389153124	8972	20253776	8982360497	133415803
GLOBAL	X	260001	270000	0.0020324235053051	8801	17657684	8687994384	255057666
GLOBAL	X	270001	280000	0.0025405321901238	8590	21955204	8641970405	85684345
GLOBAL	X	280001	290000	0.0028788555882011	9237	26633784	9251517898	133505027
GLOBAL	X	290001	300000	0.0027692577276271	8038	22139260	7994654950	172154000
GLOBAL	X	300001	310000	0.0027186339554616	8847	24291724	8935268373	53504802
GLOBAL	X	310001	320000	0.002273127053572	9281	21338828	9387433037	42294988
GLOBAL	X	320001	330000	0.0021851214272635	8698	19079808	8731692327	105693123
GLOBAL	X	330001	340000	0.0025016696206234	8815	22155284	8856199003	100061372
GLOBAL	X	340001	350000	0.0024841584953624	8680	21754040	8757106296	61990704
GLOBAL	X	350001	360000	0.0033294512414283	8200	27491488	8257062803	74342197
GLOBAL	X	360001	370000	0.0020339441001755	9163	18863312	9274252915	35584160
GLOBAL	X	370001	380000	0.0023635535535612	9488	22708516	9607785686	32259514
GLOBAL	X	380001	390000	0.0017569639422246	8596	15221100	8663296744	70454156
GLOBAL	X	390001	400000	0.0022840288298209	9334	21547864	9434147117	49430233
GLOBAL	X	400001	410000	0.0022905105490951	8859	20453464	8929652827	71312648
GLOBAL	X	410001	420000	0.0026052677802883	8891	23384780	8975960236	57518039
GLOBAL	X	420001	430000	0.0029704618412772	8258	24602772	8282473674	107860776
GLOBAL	X	430001	440000	0.0015296447205625	8352	12057920	7882823925	606064950
GLOBAL	X	440001	450000	0.0026440810226906	9189	24397784	9227320869	108932856
GLOBAL	X	450001	460000	0.0019845589199465	9317	18730116	9437923869	28381056
GLOBAL	X	460001	470000	0.0020364809401622	8457	17418700	8553333182	39190243
GLOBAL	X	470001	480000	0.0020156871416728	8806	17884116	8872466183	74649967
GLOBAL	X	480001	490000	0.0021927714527904	7849	17090816	7794162031	180618194
GLOBAL	X	490001	500000	0.0022333871156939	8519	18733320	8387851738	267665237
GLOBAL	X	500001	510000	0.0017513961748369	8727	15413684	8800798027	66052148
GLOBAL	X	510001	520000	0.002345057041852	9537	22571204	9625012781	64817644
GLOBAL	X	520001	530000	0.002690345728686	9053	24612244	9148357305	49717020
GLOBAL	X	530001	540000	0.002747833215246	8827	24509776	8919673823	48778852
GLOBAL	X	540001	550000	0.0020193512216797	9227	18865004	9342111366	32751309
GLOBAL	X	550001	560000	0.0025168256724973	8298	21035400	8357909024	73066426
GLOBAL	X	560001	570000	0.0031205584497049	8631	27147304	8699501848	69809927
GLOBAL	X	570001	580000	0.0021823871251792	9024	19855324	9097984391	70625209
GLOBAL	X	580001	590000	0.0023069269826099	9457	22077884	9570256955	38291470
GLOBAL	X	590001	600000	0.0017838694674177	9319	16807484	9421924814	46412161
GLOBAL	X	600001	610000	0.0019758600857264	8262	16304248	8251721930	142676620
GLOBAL	X	610001	620000	0.001998924664903	9319	18847484	9428811566	39525409
GLOBAL	X	620001	630000	0.0019151232498915	9209	17821792	9305819874	50754351
GLOBAL	X	630001	640000	0.0018216177638632	9003	16551664	9086244287	61028788
GLOBAL	X	640001	650000	0.0024347101563974	8335	20218100	8304109607	164458768
GLOBAL	X	650001	660000	0.0020617687186448	8348	16934520	8213588579	268188121
GLOBAL	X	660001	670000	0.0028462481340522	2873	6252300	2196681282	723374568
GLOBAL	X	670001	680000	0.00036821441805705	1285	16328	44343728	1265312497
GLOBAL	X	680001	690000	0.0018435827832092	863	29272	15877779	860951796
GLOBAL	X	690001	700000	0.00089264230560081	402	3068	3436987	407037113
GLOBAL	X	700001	710000	0.0010355329445189	1643	49640	47936669	1622408431
GLOBAL	X	710001	720000	0.0048664279215698	4192	11258692	2313543359	1945633441
GLOBAL	X	720001	730000	0.0011503409096924	1425	507032	440766729	1007068896
GLOBAL	X	730001	740000	0.0033268391688301	4927	14422700	4335256160	670699015
GLOBAL	X	740001	750000	0.0028499759551201	8339	23704380	8317396488	155235987
GLOBAL	X	750001	760000	0.0027498114853356	7656	20642148	7506750230	271937170
GLOBAL	X	760001	770000	0.0039316819873497	7837	30806156	7835363109	127224816
GLOBAL	X	770001	780000	0.0028348607201853	8678	24860772	8769662588	47402362
GLOBAL	X	780001	790000	0.0032980510911652	8621	28697560	8701369144	57782381
GLOBAL	X	790001	800000	0.0030024812057094	8695	24688312	8222636649	611700726
GLOBAL	X	800001	810000	0.0036593610501334	7832	28866144	7888301702	69206098
GLOBAL	X	810001	820000	0.004525445410007	8718	39763376	8786621514	71084436
GLOBAL	X	820001	830000	0.0030223330465697	8636	26120340	8642442642	131949258
GLOBAL	X	830001	840000	0.0036461851848453	7952	28861628	7915568337	163862463
GLOBAL	X	840001	850000	0.004073240178938	8617	35313380	8669604160	85483265
GLOBAL	X	850001	860000	0.0042188206859387	8511	36031660	8540694825	106693950
GLOBAL	X	860001	870000	0.0055492213016505	8662	48507440	8741305737	59502813
GLOBAL	X	870001	880000	0.0035857693675317	8837	31915780	8900678412	77934513
GLOBAL	X	880001	890000	0.004449088745597	8574	38138544	8572214712	139183638
GLOBAL	X	890001	900000	0.0047349968976628	8242	39173956	8273280183	100797867
GLOBAL	X	900001	910000	0.0059072118735215	8621	51172064	8662642393	96509132
GLOBAL	X	910001	920000	0.0040752665113837	8505	34638660	8499728767	141563858
GLOBAL	X	920001	930000	0.004298452234048	8660	37574176	8741326867	57449633
GLOBAL	X	930001	940000	0.0052599344347241	8599	45341564	8620176651	116622324
GLOBAL	X	940001	950000	0.0041107326265783	6746	26212396	6376575268	477529382
GLOBAL	X	950001	960000	0.0028179466224488	8188	22789424	8087244740	231967960
GLOBAL	X	960001	970000	0.0035180076772255	8783	31169964	8860118243	63629332
GLOBAL	X	970001	980000	0.0038065332002313	8567	32845084	8628608309	75677866
GLOBAL	X	980001	990000	0.0025343995807888	9051	23168516	9141619252	54423023
GLOBAL	X	990001	1000000	0.0018318569844497	8865	16442128	8975661386	31400239
GLOBAL	X	1000001	1010000	0.0031408632075966	7801	23236148	7398013369	527997656
GLOBAL	X	1010001	1020000	0.0041653859484008	8771	36957936	8872631842	38923433
GLOBAL	X	1020001	1030000	0.0054420617348715	8375	46050492	8461956928	47252447
GLOBAL	X	1030001	1040000	0.0029625280156467	8743	25871368	8732868639	150237936
GLOBAL	X	1040001	1050000	0.0033460026001569	8756	29561876	8834982973	61331927
GLOBAL	X	1050001	1060000	0.0046045882610883	8309	38009632	8254729814	187421911
GLOBAL	X	1060001	1070000	0.0037170220258121	8140	30191292	8122440973	148002527
GLOBAL	X	1070001	1080000	0.0022485128240457	8497	19192872	8535807221	97357204
GLOBAL	X	1080001	1090000	0.0027264882323757	9358	25843700	9478749878	29212072
GLOBAL	X	1090001	1100000	0.0036900119464902	9103	33977024	9207835772	41039803
GLOBAL	X	1100001	1110000	0.0060223666821308	8714	52899868	8783900216	69741634
GLOBAL	X	1110001	1120000	0.0034976532708633	8746	30932396	8843757115	42397535
GLOBAL	X	1120001	1130000	0.0049665560035292	9000	45207564	9102396906	41828094
GLOBAL	X	1130001	1140000	0.0033456672699245	8920	30221400	9032996279	29946721
GLOBAL	X	1140001	1150000	0.0033580434315262	8900	30286920	9019216284	23406216
GLOBAL	X	1150001	1160000	0.004312773098785	8624	37537152	8703715948	58483652
GLOBAL	X	1160001	1170000	0.0043473092604617	8761	38471956	8849601833	51793192
GLOBAL	X	1170001	1180000	0.0043402938869053	8451	36835764	8486928526	99498749
GLOBAL	X	1180001	1190000	0.003336104502917	8485	28440900	8525182582	95789543
GLOBAL	X	1190001	1200000	0.0037262094981158	8416	31293032	8398087122	152779278
GLOBAL	X	1200001	1210000	0.0029140743426791	7946	21919800	7522045570	551289080
GLOBAL	X	1210001	1220000	0.0040511087958682	8344	33778596	8338111293	139601307
GLOBAL	X	1220001	1230000	0.0042271687470743	8607	36522492	8639941811	104985364
GLOBAL	X	1230001	1240000	0.005760399595343	7512	40236912	6985090415	647289385
GLOBAL	X	1240001	1250000	0.0061208597524439	8009	45524620	7437618544	699725681
GLOBAL	X	1250001	1260000	0.0076881758094928	9065	70372864	9153389015	56877610
GLOBAL	X	1260001	1270000	0.0058210724679297	9042	53110952	9123911838	62986212
GLOBAL	X	1270001	1280000	0.0057260941449298	8280	47636872	8319261052	93425948
GLOBAL	X	1280001	1290000	0.0068833190069748	8036	55496880	8062517507	102259393
GLOBAL	X	1290001	1300000	0.0051241575178273	8925	46103984	8997378367	70644758
GLOBAL	X	1300001	1310000	0.0054270609630793	8697	47748772	8798274485	38094940
GLOBAL	X	1310001	1320000	0.0046661850876531	9043	42689412	9148675245	39238830
GLOBAL	X	1320001	1330000	0.0059381339814894	8249	48335372	8139825095	241365130
GLOBAL	X	1330001	1340000	0.0059323802387913	8432	50026472	8432782456	134340344
GLOBAL	X	1340001	1350000	0.0064659777840286	9232	60292340	9324551060	55391740
GLOBAL	X	1350001	1360000	0.0047687366387592	8707	41855180	8776995496	69534179
GLOBAL	X	1360001	1370000	0.0051587418890864	8325	41897144	8121581754	336826371
GLOBAL	X	1370001	1380000	0.0047024538694682	7131	33069580	7032409231	212865044
GLOBAL	X	1380001	1390000	0.0047092161247006	7658	35551344	7549312467	231406983
GLOBAL	X	1390001	1400000	0.0049925661474529	8502	42547860	8522242619	116001931
GLOBAL	X	1400001	1410000	0.0034305881010314	8361	27564628	8034957036	460027989
GLOBAL	X	1410001	1420000	0.0040001712836039	7721	30979096	7744442376	100286649
GLOBAL	X	1420001	1430000	0.00523587118625	4917	25026484	4779812778	215982147
GLOBAL	X	1430001	1440000	0.0052527017869962	7250	37626544	7163274354	202906896
GLOBAL	X	1440001	1450000	0.0048226944385988	7512	31673916	6567680454	1064699346
GLOBAL	X	1450001	1460000	0.0058841685430915	8035	46637456	7925921166	237839709
GLOBAL	X	1460001	1470000	0.002931079020133	9168	27128660	9255519832	59397368
GLOBAL	X	1470001	1480000	0.0034514238792733	8266	28756156	8331679042	66783608
GLOBAL	X	1480001	1490000	0.0043770881412849	8990	39685132	9066559941	67504809
GLOBAL	X	1490001	1500000	0.0061235138598465	8675	53251328	8696204372	117812503
GLOBAL	X	1500001	1510000	0.0055015216266327	8696	47920468	8710402549	124950851
GLOBAL	X	1510001	1520000	0.0060511327561443	8683	53171068	8786961077	35183998
GLOBAL	X	1520001	1530000	0.005819079923677	7033	32658924	5612386224	1543477851
GLOBAL	X	1530001	1540000	0.0041060466036727	8069	30043880	7316984657	881321068
GLOBAL	X	1540001	1550000	0.0026990440562465	8924	24362184	9026226876	40780224
GLOBAL	X	1550001	1560000	0.0015455755809423	9311	14580200	9433508254	26700521
GLOBAL	X	1560001	1570000	0.0034839473089149	8606	30055804	8626939886	116971264
GLOBAL	X	1570001	1580000	0.0038065555496539	8374	32097832	8432251042	75942308
GLOBAL	X	1580001	1590000	0.0042756786375562	8685	37343848	8734016554	90160571
GLOBAL	X	1590001	1600000	0.0053728168525617	8994	48717196	9067347229	70781621
GLOBAL	X	1600001	1610000	0.007138620439782	7994	56871164	7966688309	155415541
GLOBAL	X	1610001	1620000	0.0090115582111725	7348	64533524	7161194822	304556878
GLOBAL	X	1620001	1630000	0.005815014138516	4284	23751432	4084501161	268149939
GLOBAL	X	1630001	1640000	0.0027678295914646	378	592	213886	383843564
GLOBAL	X	1640001	1650000	0.0051923541159153	4736	23996016	4621413614	190480786
GLOBAL	X	1650001	1660000	0.0043502023905765	8724	37536404	8628656929	235145171
GLOBAL	X	1660001	1670000	0.0020789137059479	9536	20067152	9652710424	36103976
GLOBAL	X	1670001	1680000	0.0028500189645898	8976	25856032	9072231561	47608839
GLOBAL	X	1680001	1690000	0.0043551950800825	8886	39070636	8971041545	57356605
GLOBAL	X	1690001	1700000	0.0045017588833896	8577	38944260	8650898684	63547741
GLOBAL	X	1700001	1710000	0.005250955921402	7954	42141216	8025437012	56025838
GLOBAL	X	1710001	1720000	0.0047940681578138	8495	41173732	8588474474	42657901
GLOBAL	X	1720001	1730000	0.0046719649745829	8693	40875312	8749062166	83243159
GLOBAL	X	1730001	1740000	0.0059100574620306	8263	48961120	8284372921	111041654
GLOBAL	X	1740001	1750000	0.0039644876322795	8398	33532548	8458229943	74348007
GLOBAL	X	1750001	1760000	0.0056277387135508	8495	48194704	8563777825	67354550
GLOBAL	X	1760001	1770000	0.006478352333323	8085	52903232	8166155417	48406708
GLOBAL	X	1770001	1780000	0.0060887681839324	8367	51249820	8417108100	83973075
GLOBAL	X	1780001	1790000	0.0071678946315102	7730	55729836	7774924000	78949250
GLOBAL	X	1790001	1800000	0.0095626915751825	8147	78529056	8212024343	65531332
GLOBAL	X	1800001	1810000	0.0077763499474689	6921	42481248	5462877608	1569031417
GLOBAL	X	1810001	1820000	0.0082395796081784	7190	56060012	6803746631	501473119
GLOBAL	X	1820001	1830000	0.0097056539970458	7524	72841316	7505039436	139532664
GLOBAL	X	1830001	1840000	0.0078446196545896	7069	52613284	6706926061	475354664
GLOBAL	X	1840001	1850000	0.0059104181374531	9120	54428180	9208854388	57293612
GLOBAL	X	1850001	1860000	0.0070179758029033	7559	53123912	7569691531	110441444
GLOBAL	X	1860001	1870000	0.0041517311027864	7942	30361568	7312989991	756280559
GLOBAL	X	1870001	1880000	0.0049827765804761	8235	41293128	8287172289	79793586
GLOBAL	X	1880001	1890000	0.003294259237248	8238	25061612	7607662359	762351591
GLOBAL	X	1890001	1900000	0.0062324156202748	8259	50634160	8124323390	267027085
GLOBAL	X	1900001	1910000	0.0068587414549412	7768	52577492	7665763806	226718394
GLOBAL	X	1910001	1920000	0.0068632669949651	7641	52855324	7701190124	62256901
GLOBAL	X	1920001	1930000	0.0063410409211737	8793	56205060	8863696150	70211675
GLOBAL	X	1930001	1940000	0.0058328096434814	8634	50761120	8702687573	69672277
GLOBAL	X	1940001	1950000	0.0040818109751331	8610	34583492	8472585382	275389868
GLOBAL	X	1950001	1960000	0.0058395269182872	8075	47442112	8124307442	80094433
GLOBAL	X	1960001	1970000	0.0031701646790719	8831	28259696	8914267510	58249265
GLOBAL	X	1970001	1980000	0.0039708538388004	8760	35117472	8843808769	56570231
GLOBAL	X	1980001	1990000	0.0047044167266592	7755	36779816	7818145827	61128048
GLOBAL	X	1990001	2000000	0.0059472556975546	8676	52000460	8743605899	71427001
GLOBAL	X	2000001	2010000	0.0060550498312738	8186	49745788	8215586888	101593762
GLOBAL	X	2010001	2020000	0.0090068591653933	7041	59583660	6615364902	538467123
GLOBAL	X	2020001	2030000	0.0059970576705201	7977	48127260	8025145437	79685988
GLOBAL	X	2030001	2040000	0.0043277855599835	7912	34563484	7986413264	52376536
GLOBAL	X	2040001	2050000	0.0043530549290581	8017	35195056	8085139419	60333006
GLOBAL	X	2050001	2060000	0.0037958814493987	9126	34826548	9174824995	97419155
GLOBAL	X	2060001	2070000	0.0068396508623099	7026	47450544	6937568153	201023497
GLOBAL	X	2070001	2080000	0.0067662103470186	8003	50038972	7395420691	736843409
GLOBAL	X	2080001	2090000	0.0050771738100564	8272	41901328	8252884295	151674505
GLOBAL	X	2090001	2100000	0.0059312970836516	7554	43700652	7367806971	307245879
GLOBAL	X	2100001	2110000	0.0086873185660836	6820	58788596	6767173962	162116538
GLOBAL	X	2110001	2120000	0.0047496773007076	7253	32239440	6787711661	581517664
GLOBAL	X	2120001	2130000	0.0062508465826917	7681	48120772	7698280763	105807262
GLOBAL	X	2130001	2140000	0.0040854277184687	7816	32185660	7878161656	63089744
GLOBAL	X	2140001	2150000	0.005129601957081	8889	46065256	8980278857	51167368
GLOBAL	X	2150001	2160000	0.0066647102293276	7072	45799080	6871878660	313450140
GLOBAL	X	2160001	2170000	0.0046200962738688	7663	35412912	7664972741	120826834
GLOBAL	X	2170001	2180000	0.0054193991671203	7588	37061512	6838675443	870922257
GLOBAL	X	2180001	2190000	0.0048851282214474	5130	21796552	4461817789	750390461
GLOBAL	X	2190001	2200000	0.0049146076338974	4901	17623084	3585857776	1393680749
GLOBAL	X	2200001	2210000	0.0046029694896412	7333	33810068	7345273106	105238219
GLOBAL	X	2210001	2220000	0.003662770053265	8134	29749060	8122011365	142335985
GLOBAL	X	2220001	2230000	0.0069257385400359	6899	47430096	6848380967	161175508
GLOBAL	X	2230001	2240000	0.0066213258050863	5988	37928020	5728160963	355796737
GLOBAL	X	2240001	2250000	0.0093721822064922	4263	30116048	3213344271	1117970304
GLOBAL	X	2250001	2260000	0.0040862723287105	3640	10180084	2491288681	1207042319
GLOBAL	X	2260001	2270000	0.012629732107932	4099	22483072	1780170142	2384516333
GLOBAL	X	2270001	2280000	0.0099651190565539	5310	45177648	4533578349	861514401
GLOBAL	X	2280001	2290000	0.0069794764699595	5305	33339844	4776840232	613172393
GLOBAL	X	2290001	2300000	0.0079426270164354	5054	26877028	3383896530	1751093820
GLOBAL	X	2300001	2310000	0.0076318477028184	6469	45573780	5971526395	601139330
GLOBAL	X	2310001	2320000	0.011157037394994	5495	50384296	4515920689	1067136686
GLOBAL	X	2320001	2330000	0.0039237628288974	5295	18363764	4680141181	699711194
GLOBAL	X	2330001	2340000	0.0088506877454404	5904	43414756	4905240954	1093370646
GLOBAL	X	2340001	2350000	0.0061567313670502	5715	27536692	4472615477	1333967398
GLOBAL	X	2350001	2360000	0.0044436304564157	3456	11993296	2698985912	812396488
GLOBAL	X	2360001	2370000	0.0045028199125623	4818	17924040	3980625552	914582898
GLOBAL	X	2370001	2380000	0.0049316409281169	7334	34716244	7039491420	412035930
GLOBAL	X	2380001	2390000	0.0086478786111108	7709	67225240	7773610503	58926222
GLOBAL	X	2390001	2400000	0.0072321028539019	8483	61781916	8542731934	76208141
GLOBAL	X	2400001	2410000	0.0089913134259309	7273	63987696	7116612776	272937049
GLOBAL	X	2410001	2420000	0.0087236181185363	7871	68606060	7864404318	132728457
GLOBAL	X	2420001	2430000	0.0056749308205623	8359	47727036	8410152918	82800057
GLOBAL	X	2430001	2440000	0.0054017776652781	8501	45855128	8488895849	148332676
GLOBAL	X	2440001	2450000	0.00361221071909	8073	29366656	8129829150	72540675
GLOBAL	X	2450001	2460000	0.0036151555618192	8641	31603092	8741834607	37637418
GLOBAL	X	2460001	2470000	0.00433683252489	7837	33963076	7831309096	131278829
GLOBAL	X	2470001	2480000	0.0045377859304815	7985	36332352	8006625380	106334245
GLOBAL	X	2480001	2490000	0.0041719004533389	7461	30933168	7414646717	165915808
GLOBAL	X	2490001	2500000	0.0033186225241554	8324	27709416	8349673938	107718162
GLOBAL	X	2500001	2510000	0.0041683460781368	7873	33040300	7926477164	72687661
GLOBAL	X	2510001	2520000	0.0033702127378024	8159	27575288	8182061533	107686442
GLOBAL	X	2520001	2530000	0.0034431239282573	7318	25181064	7313435277	121835673
GLOBAL	X	2530001	2540000	0.0039871255164231	6690	26300556	6596370215	200837035
GLOBAL	X	2540001	2550000	0.0041563832528513	7813	32408008	7797165475	141037850
GLOBAL	X	2550001	2560000	0.0021377560866796	9069	19568952	9153968557	60362168
GLOBAL	X	2560001	2570000	0.003516710282854	8607	30323464	8622679027	122248148
GLOBAL	X	2570001	2580000	0.0055616135898676	8725	48973376	8805605641	59212484
GLOBAL	X	2580001	2590000	0.0043698697798653	8468	35374116	8095004607	508695093
GLOBAL	X	2590001	2600000	0.0060316085470558	8300	49192056	8155710971	277296529
GLOBAL	X	2600001	2610000	0.0080001483520381	7108	55296956	6911991324	309914376
GLOBAL	X	2610001	2620000	0.0065944957379331	7964	52775380	8002943985	88679115
GLOBAL	X	2620001	2630000	0.007524612229293	7969	56802348	7548873785	547829440
GLOBAL	X	2630001	2640000	0.0099259544395108	7063	62572904	6303968488	872216087
GLOBAL	X	2640001	2650000	0.0076127531035218	7902	60166184	7903341036	125288514
GLOBAL	X	2650001	2660000	0.0095963994774503	7770	72919484	7598629483	295884767
GLOBAL	X	2660001	2670000	0.0078115938974321	7067	52302416	6695485798	484762877
GLOBAL	X	2670001	2680000	0.0053799719651395	9092	49265440	9157192699	80506601
GLOBAL	X	2680001	2690000	0.0076823926557856	8253	63882172	8315400535	69853790
GLOBAL	X	2690001	2700000	0.0085588156031059	6814	52780280	6166773821	756420529
GLOBAL	X	2700001	2710000	0.0075787719199234	8364	63456168	8372882661	125150439
GLOBAL	X	2710001	2720000	0.0091947093945961	7289	64194288	6981654911	424151314
GLOBAL	X	2720001	2730000	0.0069508697284686	6452	42569408	6124328273	431065027
GLOBAL	X	2730001	2740000	0.007560875249823	8306	63323576	8375164767	63938883
GLOBAL	X	2740001	2750000	0.0044199866777558	9002	40239336	9103949612	42307438
GLOBAL	X	2750001	2760000	0.0048378221511845	8287	40479888	8367378282	52420893
GLOBAL	X	2760001	2770000	0.0041529777884388	7998	33342584	8028596756	97571194
GLOBAL	X	2770001	2780000	0.0033650384514657	8679	29240936	8689629085	128451890
GLOBAL	X	2780001	2790000	0.0048562177217922	7793	37621064	7746988738	170894087
GLOBAL	X	2790001	2800000	0.0037389375367575	7827	29356636	7851598405	100829270
GLOBAL	X	2800001	2810000	0.0050589178203916	7631	38532260	7616700126	136586649
GLOBAL	X	2810001	2820000	0.0048573317957204	7792	37874428	7797373042	119493758
GLOBAL	X	2820001	2830000	0.0045443863691318	8609	39333104	8655316869	91642356
GLOBAL	X	2830001	2840000	0.0034255871219248	7757	26452944	7722163547	159142378
GLOBAL	X	2840001	2850000	0.0041178982145214	4636	13158776	3195507833	1514784067
GLOBAL	X	2850001	2860000	0.00070510290991779	1929	117132	166120432	1796839868
GLOBAL	X	2860001	2870000	0.0028738629220149	2974	3870904	1346934111	1674724239
GLOBAL	X	2870001	2880000	0.0061306243327189	6371	33242128	5422307125	1050788150
GLOBAL	X	2880001	2890000	0.0071339821610168	7890	54847080	7688143699	328293551
GLOBAL	X	2890001	2900000	0.0061388350498981	7776	47442064	7728186800	172423600
GLOBAL	X	2900001	2910000	0.005045150277514	7174	35707392	7077567572	211395778
GLOBAL	X	2910001	2920000	0.0071310882289945	6876	46901784	6577086483	409101417
GLOBAL	X	2920001	2930000	0.0039468296082342	8503	33688280	8535529360	103731215
GLOBAL	X	2930001	2940000	0.0053792524882828	7406	38994276	7249013889	275667261
GLOBAL	X	2940001	2950000	0.006125391633232	8566	52861308	8629865838	73404312
GLOBAL	X	2950001	2960000	0.0060715724968329	8539	52366160	8624810134	51027341
GLOBAL	X	2960001	2970000	0.0055789637072935	8223	46187576	8278880886	75892689
GLOBAL	X	2970001	2980000	0.0046163870549979	7978	37073920	8030938385	74909065
GLOBAL	X	2980001	2990000	0.0053053282402846	7938	42411076	7994053163	71153287
GLOBAL	X	2990001	3000000	0.0042698242203308	8455	36263132	8492886388	97604987
GLOBAL	X	3000001	3010000	0.0049826260482278	8002	40045516	8037030195	93201855
GLOBAL	X	3010001	3020000	0.0045384616142048	8040	36375464	8014932612	153908388
GLOBAL	X	3020001	3030000	0.0037416487056747	8390	31590140	8442839637	81610113
GLOBAL	X	3030001	3040000	0.0040913932625339	8652	35545000	8687749556	102898744
GLOBAL	X	3040001	3050000	0.0047633275036453	6652	31140388	6537528225	221070075
GLOBAL	X	3050001	3060000	0.0065748314906631	7574	49417364	7516141527	179231823
GLOBAL	X	3060001	3070000	0.0060720723112858	6718	40034516	6593221218	232434732
GLOBAL	X	3070001	3080000	0.0044008576327991	2826	5198460	1181237939	1763202511
GLOBAL	X	3080001	3090000	0.0059765483094345	6044	33075352	5534189684	606665416
GLOBAL	X	3090001	3100000	0.00018539412312217	1722	11520	62137892	1687457158
GLOBAL	X	3100001	3110000	0.00097095384643074	4966	204136	210242743	4872930332
GLOBAL	X	3110001	3120000	0.00011081037393316	2780	11176	100856983	2781605942
GLOBAL	X	3120001	3130000	0.0036109286100834	4022	3972840	1100226681	2990289969
GLOBAL	X	3130001	3140000	0.0070450870737249	7698	52935968	7513884136	307476314
GLOBAL	X	3140001	3150000	0.0058179931053339	8223	47478632	8160654566	194119009
GLOBAL	X	3150001	3160000	0.0050503935686224	8050	40731636	8065041951	113959299
GLOBAL	X	3160001	3170000	0.004786142809624	7568	35456232	7408101557	281175643
GLOBAL	X	3170001	3180000	0.0047908084775858	7549	35784060	7469315496	200657229
GLOBAL	X	3180001	3190000	0.004296388684204	8166	34936444	8131583655	165276495
GLOBAL	X	3190001	3200000	0.0036243223898412	8684	31233540	8617759857	205401243
GLOBAL	X	3200001	3210000	0.0044912695933799	7505	31010580	6904635617	720632008
GLOBAL	X	3210001	3220000	0.0050691452941226	7380	37222220	7342898623	155365877
GLOBAL	X	3220001	3230000	0.0046963198823078	7163	30383600	6469661514	808125561
GLOBAL	X	3230001	3240000	0.004729816452045	8552	40866440	8640174606	48871194
GLOBAL	X	3240001	3250000	0.0062041234027035	7507	46532000	7500173188	127126487
GLOBAL	X	3250001	3260000	0.0078330158963902	7759	61210120	7814374541	68963434
GLOBAL	X	3260001	3270000	0.0065416423066971	8380	54992092	8406465750	107823750
GLOBAL	X	3270001	3280000	0.0050186048467564	7959	40222596	8014696759	71846216
GLOBAL	X	3280001	3290000	0.0068529686911076	8023	55232436	8059636413	91932162
GLOBAL	X	3290001	3300000	0.0059175836845181	7269	42499776	7181947610	203538115
GLOBAL	X	3300001	3310000	0.004886419312242	8379	41273036	8446478569	66794906
GLOBAL	X	3310001	3320000	0.0057529689649132	8375	48470404	8425285152	83924223
GLOBAL	X	3320001	3330000	0.003007670347726	7622	22699664	7547257969	196884581
GLOBAL	X	3330001	3340000	0.0032830121098229	8303	27174584	8277332855	158722720
GLOBAL	X	3340001	3350000	0.0041402891124761	8629	36049136	8706912735	60366990
GLOBAL	X	3350001	3360000	0.0054152888304038	7790	42203368	7793373414	121461336
GLOBAL	X	3360001	3370000	0.0042849314113312	7671	32951992	7690202908	103724867
GLOBAL	X	3370001	3380000	0.002355859584669	9195	21919072	9304065549	38284326
GLOBAL	X	3380001	3390000	0.0043899082198145	8903	39496132	8997029100	48641475
GLOBAL	X	3390001	3400000	0.0065033069538788	7820	51110976	7859228599	86086901
GLOBAL	X	3400001	3410000	0.0067071537475465	8339	55831928	8324235600	148396875
GLOBAL	X	3410001	3420000	0.0051618980262926	8369	43365608	8401097383	102015842
GLOBAL	X	3420001	3430000	0.0074272444371891	7446	55558388	7480350010	84972140
GLOBAL	X	3430001	3440000	0.0050662844239697	8350	42719168	8432050873	51757877
GLOBAL	X	3440001	3450000	0.0047798011690506	8430	40713012	8517720834	47369916
GLOBAL	X	3450001	3460000	0.0035812480278076	9164	33150744	9256757349	54095751
GLOBAL	X	3460001	3470000	0.0030929609308202	8271	25701372	8309633576	93909199
GLOBAL	X	3470001	3480000	0.004580706882243	7417	33292184	7267914070	267943355
GLOBAL	X	3480001	3490000	0.0043837747808202	8130	34976116	7978538531	281744719
GLOBAL	X	3490001	3500000	0.0023674747823069	9328	22230460	9389945847	87535353
GLOBAL	X	3500001	3510000	0.0032465040353321	7122	20985444	6464012911	772117139
GLOBAL	X	3510001	3520000	0.0047739764609331	5604	21325376	4467004849	1240007576
GLOBAL	X	3520001	3530000	0.0042313372807501	8567	32377852	7651919441	1052366734
GLOBAL	X	3530001	3540000	0.0036099913098093	8468	30828508	8539773466	63926234
GLOBAL	X	3540001	3550000	0.0054304610900528	7868	42188408	7768844542	225240158
GLOBAL	X	3550001	3560000	0.0060360542762986	8027	48652764	8060358932	95273743
GLOBAL	X	3560001	3570000	0.005029974293325	8144	41132516	8177480361	97027239
GLOBAL	X	3570001	3580000	0.0047317875154069	7884	37710888	7969691766	40649334
GLOBAL	X	3580001	3590000	0.0030200202588746	8536	26066408	8631203027	41586373
GLOBAL	X	3590001	3600000	0.0027648872486497	8193	22716168	8215947327	108345498
GLOBAL	X	3600001	3610000	0.0055255252513943	7893	43775304	7922378780	97106545
GLOBAL	X	3610001	3620000	0.0023106526470934	8660	20240548	8759667112	39109388
GLOBAL	X	3620001	3630000	0.0025547977840371	8522	21972328	8600417668	58147382
GLOBAL	X	3630001	3640000	0.0033328346699742	8427	28340756	8503498915	58543760
GLOBAL	X	3640001	3650000	0.0029219751265093	8710	25625124	8769795392	79782358
GLOBAL	X	3650001	3660000	0.0030558821406836	8521	26221508	8580667314	76881711
GLOBAL	X	3660001	3670000	0.0036515012629367	8328	30633644	8389328606	72127594
GLOBAL	X	3670001	3680000	0.0041411263320337	7160	28834816	6963037031	311701969
GLOBAL	X	3680001	3690000	0.0042480498397499	8294	35252864	8298599435	128311915
GLOBAL	X	3690001	3700000	0.0035928642873567	7443	26816700	7463877802	98396273
GLOBAL	X	3700001	3710000	0.0037403205305478	8435	31407884	8397110286	173060589
GLOBAL	X	3710001	3720000	0.003066007980524	8015	19215720	6267341808	1882194717
GLOBAL	X	3720001	3730000	0.0033955620553789	8559	29278588	8622604306	73553669
GLOBAL	X	3730001	3740000	0.001708237601584	9061	15660708	9167757451	38445074
GLOBAL	X	3740001	3750000	0.0028329900119774	8829	25271136	8920305364	50179361
GLOBAL	X	3750001	3760000	0.00460543255812	7779	35925932	7800772576	102885899
GLOBAL	X	3760001	3770000	0.0064900524213351	7451	48407064	7458655317	111746958
GLOBAL	X	3770001	3780000	0.0072396480516553	6997	45073988	6225991606	883135319
GLOBAL	X	3780001	3790000	0.0080688230679657	4658	27403820	3396259872	1336384578
GLOBAL	X	3790001	3800000	0.011679187085266	4545	28292104	2422437777	2198443923
GLOBAL	X	3800001	3810000	0.011683382955789	5594	19533436	1671898976	4011744874
GLOBAL	X	3810001	3820000	0.0045710270906957	7524	33362588	7298707126	345864974
GLOBAL	X	3820001	3830000	0.0060615935225302	8315	50544748	8338524814	109723061
GLOBAL	X	3830001	3840000	0.0072140229362569	7392	52963768	7341779818	168676982
GLOBAL	X	3840001	3850000	0.0062123713913783	7498	46426164	7473179093	144976357
GLOBAL	X	3850001	3860000	0.010008889542977	7466	71203084	7113984393	471658257
GLOBAL	X	3860001	3870000	0.011222392763	5623	56586416	5042277275	670831300
GLOBAL	X	3870001	3880000	0.0075825240336416	7178	50967968	6721768078	571259372
GLOBAL	X	3880001	3890000	0.0058839318961212	7796	44973260	7643402540	277528360
GLOBAL	X	3890001	3900000	0.0052819655175727	8856	47265820	8948528695	49388705
GLOBAL	X	3900001	3910000	0.0041608425968794	8303	34840132	8373335734	62719841
GLOBAL	X	3910001	3920000	0.0039660874531995	8463	33811816	8525232083	73387492
GLOBAL	X	3920001	3930000	0.0026961242805019	8429	22782948	8450258827	113815898
GLOBAL	X	3930001	3940000	0.0035351812252208	8113	28870068	8166502977	76507848
GLOBAL	X	3940001	3950000	0.0022606758139195	9255	21107820	9336951309	66360066
GLOBAL	X	3950001	3960000	0.0034340319540025	8589	29810468	8680894179	45744546
GLOBAL	X	3960001	3970000	0.0035222321409201	8274	29304364	8319827549	86763301
GLOBAL	X	3970001	3980000	0.0046168111818182	8609	40054056	8675697234	71261991
GLOBAL	X	3980001	3990000	0.0051289408632554	8049	41661876	8122900441	55084784
GLOBAL	X	3990001	4000000	0.0051773306178053	8711	45624100	8812282500	38311275
GLOBAL	X	4000001	4010000	0.006413824098586	8220	53171636	8290161249	61564251
GLOBAL	X	4010001	4020000	0.0076145919891543	5102	31713800	4164871873	1018887677
GLOBAL	X	4020001	4030000	0.0056713036783148	8622	49226120	8679859657	80307893
GLOBAL	X	4030001	4040000	0.0075788534796963	7727	58681688	7742818641	108006534
GLOBAL	X	4040001	4050000	0.0069807755097302	8480	59804632	8567047016	48844984
GLOBAL	X	4050001	4060000	0.0061109720835894	8672	53471092	8750014117	60954683
GLOBAL	X	4060001	4070000	0.0057991381724875	8578	50228592	8661389073	54073377
GLOBAL	X	4070001	4080000	0.0063861760466876	8154	52501992	8221193969	63473881
GLOBAL	X	4080001	4090000	0.0040051527253218	8298	33510108	8366749110	64226340
GLOBAL	X	4090001	4100000	0.0043222025339328	7578	32781848	7584523803	114913647
GLOBAL	X	4100001	4110000	0.0058410056583355	8083	47230656	8086048664	126481411
GLOBAL	X	4110001	4120000	0.0043973780943161	8479	37563400	8542226571	72649404
GLOBAL	X	4120001	4130000	0.0031241652851678	7707	24170680	7736684136	93820539
GLOBAL	X	4130001	4140000	0.0019882785681677	8889	17866816	8986072820	45373405
GLOBAL	X	4140001	4150000	0.0025778356318743	8743	22791228	8841226228	41880347
GLOBAL	X	4150001	4160000	0.0034294035687942	8188	28314244	8256317296	62895404
GLOBAL	X	4160001	4170000	0.0063952644094941	8534	54724256	8556996630	113760720
GLOBAL	X	4170001	4180000	0.0047244312638502	8891	42491948	8994087463	39390812
GLOBAL	X	4180001	4190000	0.0067506280155415	6852	45808620	6785830873	175972427
GLOBAL	X	4190001	4200000	0.0044807588082821	8689	39326580	8776767883	51473342
GLOBAL	X	4200001	4210000	0.0062985914734126	8051	50323208	7989597073	190420202
GLOBAL	X	4210001	4220000	0.0077239223502577	7398	57581804	7454995194	61557756
GLOBAL	X	4220001	4230000	0.0082476745299935	8244	68222848	8271767727	104342373
GLOBAL	X	4230001	4240000	0.0068881138274899	8451	58779980	8533537841	52889434
GLOBAL	X	4240001	4250000	0.0089689247766217	7950	71559888	7978647361	98751389
GLOBAL	X	4250001	4260000	0.0094974630408194	7796	44867720	4724179479	3196751421
GLOBAL	X	4260001	4270000	0.0079599839382417	8642	69142704	8686286874	94201176
GLOBAL	X	4270001	4280000	0.0060329076465501	7656	45513392	7544188419	234498981
GLOBAL	X	4280001	4290000	0.0062731071099997	8473	53692376	8559135857	49643968
GLOBAL	X	4290001	4300000	0.006028939002496	9011	54946592	9113807915	41593360
GLOBAL	X	4300001	4310000	0.0061331755539104	7935	49010956	7991122310	71036065
GLOBAL	X	4310001	4320000	0.0072613206154033	8914	65340712	8998461225	58385625
GLOBAL	X	4320001	4330000	0.0058563932341343	7606	44704296	7633417739	94468411
GLOBAL	X	4330001	4340000	0.003784255895491	8280	31385328	8293659009	119027991
GLOBAL	X	4340001	4350000	0.0063004119293435	7906	50145504	7959083400	73610250
GLOBAL	X	4350001	4360000	0.0065441220389512	8616	56817648	8682241508	71829892
GLOBAL	X	4360001	4370000	0.0042243806538791	8048	33606572	7955384411	221584789
GLOBAL	X	4370001	4380000	0.0034939151643074	8653	30417144	8705747727	85916598
GLOBAL	X	4380001	4390000	0.0035615908434135	8547	30696960	8618890083	65075592
GLOBAL	X	4390001	4400000	0.0031831741800822	9005	28966952	9100021036	49284089
GLOBAL	X	4400001	4410000	0.0040307564251419	8363	33940200	8420305377	76711698
GLOBAL	X	4410001	4420000	0.0042099117294525	8409	35614740	8459735569	84018656
GLOBAL	X	4420001	4430000	0.0036854402331906	8655	32033676	8691953735	101742640
GLOBAL	X	4430001	4440000	0.005886235069177	8903	52989344	9002247341	43423234
GLOBAL	X	4440001	4450000	0.0046694278692896	9091	42774736	9160594659	76088616
GLOBAL	X	4450001	4460000	0.0063395109600976	8717	55846780	8809319891	47370034
GLOBAL	X	4460001	4470000	0.0055365771081009	8066	44791432	8090094498	105163152
GLOBAL	X	4470001	4480000	0.0053943067196287	7730	38775056	7188144467	668776858
GLOBAL	X	4480001	4490000	0.0083738443861643	6376	52573252	6278269523	199905877
GLOBAL	X	4490001	4500000	0.0064110957374076	8293	53283592	8311152131	114743194
GLOBAL	X	4500001	4510000	0.0058384209860574	8111	47800076	8187158157	53820618
GLOBAL	X	4510001	4520000	0.0044551969345406	7239	31599856	7092807897	262197078
GLOBAL	X	4520001	4530000	0.0055924106829226	7960	44666792	7987037171	100521829
GLOBAL	X	4530001	4540000	0.0028788812533751	8611	25033384	8695525031	53466244
GLOBAL	X	4540001	4550000	0.0073316006431518	7931	58687228	8004695135	53399140
GLOBAL	X	4550001	4560000	0.0063119891903105	8119	51223092	8115205913	133901062
GLOBAL	X	4560001	4570000	0.0042481752117421	8347	35696580	8402803138	77957537
GLOBAL	X	4570001	4580000	0.0030443546474599	8598	26451828	8688812922	46970028
GLOBAL	X	4580001	4590000	0.0032680048728443	8286	27133720	8302839517	115943633
GLOBAL	X	4590001	4600000	0.0031785346391507	8461	27032892	8504828504	91759021
GLOBAL	X	4600001	4610000	0.0040499202773183	7946	32335740	7984290501	89044149
GLOBAL	X	4610001	4620000	0.003568782303094	7817	25726140	7208660494	733606931
GLOBAL	X	4620001	4630000	0.0060477304534024	8580	51145256	8456933786	260560714
GLOBAL	X	4630001	4640000	0.0075706505735161	6592	41573772	5491439817	1206196983
GLOBAL	X	4640001	4650000	0.0079360210981715	5950	39957464	5034949316	1010399434
GLOBAL	X	4650001	4660000	0.0077543861553383	6894	50860128	6558885124	445591226
GLOBAL	X	4660001	4670000	0.0078551449771748	5975	41669588	5304750978	765998397
GLOBAL	X	4670001	4680000	0.0086800750743214	5476	33989444	3915800694	1647952206
GLOBAL	X	4680001	4690000	0.0099760239938302	3181	10871500	1089762816	2142212709
GLOBAL	X	4690001	4700000	0.008732758979525	4595	19962348	2285915373	2382719502
GLOBAL	X	4700001	4710000	0.011797424479922	3115	24489660	2075847999	1089069876
GLOBAL	X	4710001	4720000	0.011823825586808	5723	54626112	4620003196	1194707879
GLOBAL	X	4720001	4730000	0.007962914284538	7025	53501948	6718890357	418685268
GLOBAL	X	4730001	4740000	0.0060225649436624	7998	48156028	7995933369	130234581
GLOBAL	X	4740001	4750000	0.0067054297316603	8649	58085932	8662521915	125078310
GLOBAL	X	4750001	4760000	0.0060109927359669	8046	48491404	8067120712	107816438
GLOBAL	X	4760001	4770000	0.0046451797187668	8225	37794772	8136342249	220463376
GLOBAL	X	4770001	4780000	0.0038478903682833	5777	16999560	4417890941	1451685484
GLOBAL	X	4780001	4790000	0.0070357315686358	3391	11769904	1672875647	1772465128
GLOBAL	X	4790001	4800000	0.0070244490130108	6457	42919916	6110075811	450397614
GLOBAL	X	4800001	4810000	0.0074654488580182	5042	29924200	4008359118	1114438932
GLOBAL	X	4810001	4820000	0.00854462881846	5600	43324976	5070433944	619306056
GLOBAL	X	4820001	4830000	0.0088061144514918	7161	60037904	6817751953	458003072
GLOBAL	X	4830001	4840000	0.013491807444149	4648	42605324	3157866296	1617451204
GLOBAL	X	4840001	4850000	0.0047525674581071	7212	30366320	6389455861	945228614
GLOBAL	X	4850001	4860000	0.0049504346029457	7521	37335624	7541888136	99635889
GLOBAL	X	4860001	4870000	0.0061954345131414	8160	50813136	8201706578	89057422
GLOBAL	X	4870001	4880000	0.0040942942802633	8472	34918204	8528503720	79260080
GLOBAL	X	4880001	4890000	0.0042884617646786	7906	33800484	7881726795	150966855
GLOBAL	X	4890001	4900000	0.0050017784568131	7439	36862104	7369799426	188410549
GLOBAL	X	4900001	4910000	0.006875010590513	7658	52749680	7672668908	108050542
GLOBAL	X	4910001	4920000	0.0037675569540122	8553	32426380	8606739167	83322658
GLOBAL	X	4920001	4930000	0.0044786741818119	8349	37508464	8374903482	107889243
GLOBAL	X	4930001	4940000	0.0043817453402209	6940	29816876	6804794365	246419135
GLOBAL	X	4940001	4950000	0.004921344289327	7581	36858592	7489537377	212948148
GLOBAL	X	4950001	4960000	0.0048558540300528	8026	38790572	7988413935	166202715
GLOBAL	X	4960001	4970000	0.0044533738185683	8343	36912648	8288692911	188003664
GLOBAL	X	4970001	4980000	0.0049489492159303	8316	41250528	8335209395	114054505
GLOBAL	X	4980001	4990000	0.0037073281819138	8623	32272048	8704934232	56249343
GLOBAL	X	4990001	5000000	0.0039767658277998	8137	32571728	8190506912	76888513
GLOBAL	X	5000001	5010000	0.0053495703697625	8775	47286268	8839264601	76354774
GLOBAL	X	5010001	5020000	0.0081629502782431	7639	62530016	7660222575	101192400
GLOBAL	X	5020001	5030000	0.0083321860531405	8485	71300320	8557216503	63755622
GLOBAL	X	5030001	5040000	0.0089771775290947	7497	64486164	7183345076	433794349
GLOBAL	X	5040001	5050000	0.0052415649443121	9599	50908264	9712416910	40407065
GLOBAL	X	5050001	5060000	0.0075152105964274	8108	60908664	8104718187	133212513
GLOBAL	X	5060001	5070000	0.0081256055752845	7468	58722048	7226790355	360884345
GLOBAL	X	5070001	5080000	0.0050441307497532	7177	31624544	6269572612	1022438813
GLOBAL	X	5080001	5090000	0.0029282825990503	9084	26827752	9161599365	67971735
GLOBAL	X	5090001	5100000	0.0044500912196825	8756	39178116	8803890542	92424358
GLOBAL	X	5100001	5110000	0.0026046507491399	9343	24542636	9422620675	70100900
GLOBAL	X	5110001	5120000	0.0053533308638164	6777	34350380	6416636833	468964592
GLOBAL	X	5120001	5130000	0.0054316987404204	5974	27231916	5013517373	1056215977
GLOBAL	X	5130001	5140000	0.0045328608365078	6815	29710320	6554430209	369780166
GLOBAL	X	5140001	5150000	0.0042562738911752	8480	35750952	8399589151	216302849
GLOBAL	X	5150001	5160000	0.0035234035125313	8531	30314468	8603745751	63963524
GLOBAL	X	5160001	5170000	0.0040835029469231	8477	34903220	8547372306	65471619
GLOBAL	X	5170001	5180000	0.005377843305253	8709	47176908	8772458646	76103079
GLOBAL	X	5180001	5190000	0.0042202203441246	7796	32089376	7603720513	317210387
GLOBAL	X	5190001	5200000	0.0046048195762614	8764	40697756	8838078306	66364794
GLOBAL	X	5200001	5210000	0.004484813714424	8518	38348928	8550840780	103660170
GLOBAL	X	5210001	5220000	0.0044388768826495	7832	35019000	7889157759	68350041
GLOBAL	X	5220001	5230000	0.0048597833437661	7825	38012276	7821804659	128590966
GLOBAL	X	5230001	5240000	0.0052599868592099	7714	40333596	7668003187	169613663
GLOBAL	X	5240001	5250000	0.0069862333039558	7689	53347352	7636067918	176148307
GLOBAL	X	5250001	5260000	0.0056753502266531	8966	51490472	9072651016	37029134
GLOBAL	X	5260001	5270000	0.0056854685135209	7977	45519792	8006339652	98491773
GLOBAL	X	5270001	5280000	0.0055252029232735	8364	46587448	8431807600	66225500
GLOBAL	X	5280001	5290000	0.0039637996111486	7694	30079424	7588532961	228763389
GLOBAL	X	5290001	5300000	0.0054293798933234	8470	46304064	8528425881	77305869
GLOBAL	X	5300001	5310000	0.0053158810525669	8916	47837348	8998950038	59928862
GLOBAL	X	5310001	5320000	0.0065431171668437	8183	53529928	8181104913	133027662
GLOBAL	X	5320001	5330000	0.0047545651763906	9106	43804496	9213144499	38779151
GLOBAL	X	5330001	5340000	0.0060205230913459	8543	51745016	8594770789	85130786
GLOBAL	X	5340001	5350000	0.0065139197290904	8471	55746348	8558034228	48713547
GLOBAL	X	5350001	5360000	0.0077298118941746	8308	64802588	8383462481	57673219
GLOBAL	X	5360001	5370000	0.0061239959406465	8335	51537216	8415618903	52949472
GLOBAL	X	5370001	5380000	0.0043443059109122	7273	31335152	7212924836	176624989
GLOBAL	X	5380001	5390000	0.0060905111936478	8522	51979248	8534463914	124101136
GLOBAL	X	5390001	5400000	0.0068357873238537	8164	56288380	8234366772	60461328
GLOBAL	X	5400001	5410000	0.0075738648532384	7809	59140380	7808481026	125658199
GLOBAL	X	5410001	5420000	0.0050945855804451	7355	36575696	7179327037	293536838
GLOBAL	X	5420001	5430000	0.0068161691035415	8018	54944956	8060973131	85515319
GLOBAL	X	5430001	5440000	0.0065000668318077	8004	52276368	8042435463	89828637
GLOBAL	X	5440001	5450000	0.0040289577012798	8491	34517092	8567251026	59817249
GLOBAL	X	5450001	5460000	0.0049397685632369	8232	40819268	8263396853	100520947
GLOBAL	X	5460001	5470000	0.0031613653406852	8728	27899612	8825178046	42688154
GLOBAL	X	5470001	5480000	0.0033639467016083	8047	26268880	7808946553	367006622
GLOBAL	X	5480001	5490000	0.0034376919567154	8566	29731100	8648564320	54705830
GLOBAL	X	5490001	5500000	0.0024844019654008	9014	22610768	9101090852	57358498
GLOBAL	X	5500001	5510000	0.0036922938896044	8107	29963208	8115065836	121848839
GLOBAL	X	5510001	5520000	0.003389048991546	8362	28548436	8423730690	72270360
GLOBAL	X	5520001	5530000	0.0058748259023203	8541	50101852	8528227531	149641994
GLOBAL	X	5530001	5540000	0.0071582740191511	8645	62401764	8717431581	66104544
GLOBAL	X	5540001	5550000	0.0061827429399905	8775	54818724	8866408410	49210965
GLOBAL	X	5550001	5560000	0.0061073620984334	8435	51825168	8485687792	84483083
GLOBAL	X	5560001	5570000	0.0081143010851072	7890	63037940	7768745495	247691755
GLOBAL	X	5570001	5580000	0.0061292479908816	6919	41300844	6738321579	291555396
GLOBAL	X	5580001	5590000	0.0058162067147318	7466	42644416	7331998000	253644650
GLOBAL	X	5590001	5600000	0.0086027388714919	6909	57679540	6704787959	314928766
GLOBAL	X	5600001	5610000	0.0058436398920975	8132	47675100	8158459604	103855696
GLOBAL	X	5610001	5620000	0.0077294620892827	6855	51872440	6711002577	253848798
GLOBAL	X	5620001	5630000	0.0064182229891207	7348	40956192	6381235440	1084516260
GLOBAL	X	5630001	5640000	0.0084104870382586	7128	57182580	6798961789	443264411
GLOBAL	X	5640001	5650000	0.0088780586178806	6427	54390980	6126449750	403542925
GLOBAL	X	5650001	5660000	0.0060480439573402	7606	46233768	7644416662	83469488
GLOBAL	X	5660001	5670000	0.0041405518708206	8542	35593600	8596342012	82543538
GLOBAL	X	5670001	5680000	0.0031742676715755	8029	25270616	7961085395	196579330
GLOBAL	X	5680001	5690000	0.0038213674824864	8468	32629128	8538599899	65099801
GLOBAL	X	5690001	5700000	0.0036231569387297	8055	29198732	8058920023	125161352
GLOBAL	X	5700001	5710000	0.0037884234612523	8710	33000284	8710822414	138755336
GLOBAL	X	5710001	5720000	0.0040002426399258	6777	24714596	6178274226	707327199
GLOBAL	X	5720001	5730000	0.0047194344114084	7211	33076888	7008655088	317901187
GLOBAL	X	5730001	5740000	0.0048279748401379	7373	30706796	6360181446	1130970879
GLOBAL	X	5740001	5750000	0.0033690429786819	8005	26721356	7931438147	201841978
GLOBAL	X	5750001	5760000	0.0033265628853201	8401	28238724	8488859214	46766811
GLOBAL	X	5760001	5770000	0.0021807413959996	9150	20201636	9263655029	32973721
GLOBAL	X	5770001	5780000	0.0029476578876877	8343	24761388	8400360199	76336376
GLOBAL	X	5780001	5790000	0.0042244057849132	8719	36996872	8757887827	100834148
GLOBAL	X	5790001	5800000	0.0043369431791782	8251	35895336	8276644290	106577985
GLOBAL	X	5800001	5810000	0.0035365508159977	8448	30030848	8491564115	91815085
GLOBAL	X	5810001	5820000	0.0025038150032653	8793	22238728	8881937352	51970473
GLOBAL	X	5820001	5830000	0.0029788181083556	8433	25159868	8446258578	121880247
GLOBAL	X	5830001	5840000	0.003590041841012	7812	26022320	7248472623	688714677
GLOBAL	X	5840001	5850000	0.0035243308953181	6062	19691404	5587274460	571869090
GLOBAL	X	5850001	5860000	0.0036440308572074	5018	11636196	3193221039	1905192411
GLOBAL	X	5860001	5870000	0.0042476179276112	6389	19915120	4688538456	1802845269
GLOBAL	X	5870001	5880000	0.0024155540858535	6717	13936876	5769639389	1055000536
GLOBAL	X	5880001	5890000	0.0036271607429617	7446	25822532	7119213575	446108575
GLOBAL	X	5890001	5900000	0.003312319847068	5514	12319092	3719173440	1883188410
GLOBAL	X	5900001	5910000	0.0021852307666939	8707	19182696	8778338788	68190887
GLOBAL	X	5910001	5920000	0.0033493096155986	8788	29768160	8887849562	40978138
GLOBAL	X	5920001	5930000	0.0042902078131563	8142	34794552	8110225312	162250238
GLOBAL	X	5930001	5940000	0.0049446682025161	8645	42951108	8686347848	97188277
GLOBAL	X	5940001	5950000	0.0065727521547522	8326	55173812	8394324128	65100022
GLOBAL	X	5950001	5960000	0.0056114608011845	8134	45905208	8180616354	83730996
GLOBAL	X	5960001	5970000	0.0042191234204321	8402	35734228	8469585845	67056205
GLOBAL	X	5970001	5980000	0.0059884156405219	8407	50757460	8475941392	65780783
GLOBAL	X	5980001	5990000	0.0086144928065351	7374	62963844	7309059908	183108442
GLOBAL	X	5990001	6000000	0.0094737327244398	7537	67943412	7171767874	486012551
GLOBAL	X	6000001	6010000	0.0064933260540531	7647	49561144	7632628269	136914906
GLOBAL	X	6010001	6020000	0.0071578098432925	8486	61235640	8555080582	66907568
GLOBAL	X	6020001	6030000	0.0054431227853307	8383	46098052	8469045035	48292540
GLOBAL	X	6030001	6040000	0.0059256247096029	8008	47385292	7996674498	139653702
GLOBAL	X	6040001	6050000	0.0042951712859349	8382	36180740	8423584903	92736647
GLOBAL	X	6050001	6060000	0.0034922512370766	9347	32948772	9434822916	61962759
GLOBAL	X	6060001	6070000	0.0067956099700089	7004	43517984	6403837800	730689750
GLOBAL	X	6070001	6080000	0.0069079986354226	6579	33401816	4835237782	1849190693
GLOBAL	X	6080001	6090000	0.0067544965977362	6254	38973296	5769977886	584242464
GLOBAL	X	6090001	6100000	0.008704792981026	7663	61284836	7040355369	754588431
GLOBAL	X	6100001	6110000	0.0057013191482933	8163	46805228	8209543578	84268497
GLOBAL	X	6110001	6120000	0.0065649950297789	6954	41018952	6248131463	817306387
GLOBAL	X	6120001	6130000	0.0059199880567352	8324	49148284	8302091749	155300351
GLOBAL	X	6130001	6140000	0.004100805179205	8664	35845252	8741027782	61812818
GLOBAL	X	6140001	6150000	0.0048425154054717	7806	34830056	7192554506	744632794
GLOBAL	X	6150001	6160000	0.0037258207360234	8423	31589652	8478575390	79403185
GLOBAL	X	6160001	6170000	0.0033425786882072	8539	28771220	8607492204	68345271
GLOBAL	X	6170001	6180000	0.0033085839569702	8477	27892316	8430288112	182555813
GLOBAL	X	6180001	6190000	0.0020902800647466	9237	19507896	9332670932	52351993
GLOBAL	X	6190001	6200000	0.0051872205240444	7955	41222524	7946938791	135540084
GLOBAL	X	6200001	6210000	0.007774938610953	7938	61661508	7930803198	134403252
GLOBAL	X	6210001	6220000	0.00782645986041	7755	57223676	7311565768	567708107
GLOBAL	X	6220001	6230000	0.0081564313784721	7349	56392324	6913847660	552920065
GLOBAL	X	6230001	6240000	0.0074401824319228	5992	36875056	4956203203	1131818597
GLOBAL	X	6240001	6250000	0.0076441016590371	7195	54023516	7067346617	242953258
GLOBAL	X	6250001	6260000	0.0052706051667278	7792	39534472	7500935993	415930807
GLOBAL	X	6260001	6270000	0.0075980100880442	7070	51975572	6840682152	342614598
GLOBAL	X	6270001	6280000	0.0056288425384758	7781	42167484	7491324142	414366383
GLOBAL	X	6280001	6290000	0.0082497563367017	4218	27824708	3372791494	912801956
GLOBAL	X	6290001	6300000	0.00094082576484831	1499	81452	86575010	1436446465
GLOBAL	X	6300001	6310000	0.00035030010754261	2841	17668	50436753	2838122322
GLOBAL	X	6310001	6320000	0.00030279968413788	1651	14604	48229905	1631259420
GLOBAL	X	6320001	6330000	0.00024780516261811	3517	32880	132684887	3440675038
GLOBAL	X	6330001	6340000	5.9461585658541e-05	1226	1268	21324692	1242610408
GLOBAL	X	6340001	6350000	2.2886887780771e-05	426	228	9962036	423880639
GLOBAL	X	6350001	6360000	0.022021837269216	567	304016	13805206	567361094
GLOBAL	X	6360001	6370000	0.011359296783547	801	138376	12181740	811814535
GLOBAL	X	6370001	6380000	0.01020873025808	1808	1044032	102268546	1751977079
GLOBAL	X	6380001	6390000	0.0075147085387165	1609	2561028	340802040	1304142435
GLOBAL	X	6390001	6400000	0.0049690162146156	2519	6389140	1285795764	1273571211
GLOBAL	X	6400001	6410000	0.0032060056574417	7421	23470436	7320771860	219149665
GLOBAL	X	6410001	6420000	0.0029606265725376	8102	23927064	8081756822	150077728
GLOBAL	X	6420001	6430000	0.0035062294682667	6759	21512472	6135500313	731812662
GLOBAL	X	6430001	6440000	0.0043720235202478	8104	35658556	8156075976	77790624
GLOBAL	X	6440001	6450000	0.0051338708997835	8369	40352104	7859976378	645168897
GLOBAL	X	6450001	6460000	0.0028920928258024	8455	24566068	8494218367	96273008
GLOBAL	X	6460001	6470000	0.003015925945969	7972	24199592	8023934418	75816882
GLOBAL	X	6470001	6480000	0.0038460987597161	8580	33206884	8633913499	83581001
GLOBAL	X	6480001	6490000	0.0039930817422869	7960	31953560	8002230373	85328627
GLOBAL	X	6490001	6500000	0.004061005825318	9031	37113800	9139065935	36655840
GLOBAL	X	6500001	6510000	0.0060151682105797	8543	51813804	8613857865	66043710
GLOBAL	X	6510001	6520000	0.0044300150793873	8248	36818464	8311137398	69036802
GLOBAL	X	6520001	6530000	0.0046561640954761	8535	40001608	8591107869	80665506
GLOBAL	X	6530001	6540000	0.0060307467150669	7788	46691356	7742218038	170584662
GLOBAL	X	6540001	6550000	0.0062143315039681	8438	53033744	8534102818	39116132
GLOBAL	X	6550001	6560000	0.0052529917157515	8613	45682016	8696380743	54642582
GLOBAL	X	6560001	6570000	0.00812999016495	8415	69062456	8494777312	55073063
GLOBAL	X	6570001	6580000	0.0059328484439098	8811	52588020	8863873820	88322455
GLOBAL	X	6580001	6590000	0.0052683889642897	9195	49041816	9308693100	33656775
GLOBAL	X	6590001	6600000	0.0076512899905393	6515	43546916	5691447593	927955282
GLOBAL	X	6600001	6610000	0.0059106485450503	8660	51552720	8722007341	76769159
GLOBAL	X	6610001	6620000	0.005189282656161	8784	46115348	8886651789	38111811
GLOBAL	X	6620001	6630000	0.0068333926690389	8397	57993184	8486733722	44828203
GLOBAL	X	6630001	6640000	0.0050733887011579	8983	45929384	9052999229	73953346
GLOBAL	X	6640001	6650000	0.0051559532232357	8497	44158752	8564614551	68549874
GLOBAL	X	6650001	6660000	0.0058593262668573	7796	43739408	7464921052	456009848
GLOBAL	X	6660001	6670000	0.0039300361360519	8493	33668124	8566873900	62226425
GLOBAL	X	6670001	6680000	0.006082456611568	8299	50969880	8379818099	52173376
GLOBAL	X	6680001	6690000	0.0049056624982927	8764	43365180	8839821332	64621768
GLOBAL	X	6690001	6700000	0.0058481133197955	8312	49068068	8390409918	54789882
GLOBAL	X	6700001	6710000	0.0088471317555194	6225	50484576	5706321257	618434368
GLOBAL	X	6710001	6720000	0.0049605778988649	5377	23054640	4647571406	815595019
GLOBAL	X	6720001	6730000	0.0067174929133729	6178	32365884	4818149333	1458853117
GLOBAL	X	6730001	6740000	0.0048973974528737	6777	29864236	6097980874	787620551
GLOBAL	X	6740001	6750000	0.0027757576131495	3497	7825636	2819279307	733760118
GLOBAL	X	6750001	6760000	0.0048157431879256	2687	9892544	2054209208	675849967
GLOBAL	X	6760001	6770000	0.0035773627912979	7357	25203300	7045217796	429678129
GLOBAL	X	6770001	6780000	0.005303053670029	7432	39310536	7412811268	138286532
GLOBAL	X	6780001	6790000	0.0036658065888728	7899	28856776	7871876298	153705177
GLOBAL	X	6790001	6800000	0.0045317931693236	2842	6116436	1349672364	1539902736
GLOBAL	X	6800001	6810000	0.0042828531065543	1620	1590112	371273999	1280782651
GLOBAL	X	6810001	6820000	NA	0	NA	NA	NA
GLOBAL	X	6820001	6830000	0.0040051842913618	2827	3123828	779946133	2092356542
GLOBAL	X	6830001	6840000	0.0034865595890291	1908	1728104	495647344	1453088606
GLOBAL	X	6840001	6850000	0.0045724746699897	1796	639152	139782513	1696174662
GLOBAL	X	6850001	6860000	0.0025118890716095	3120	1210552	481928925	2688069075
GLOBAL	X	6860001	6870000	0.005464336915368	6573	32613672	5968459212	709873113
GLOBAL	X	6870001	6880000	0.0065440426717723	7345	46283044	7072546180	390157445
GLOBAL	X	6880001	6890000	0.0051657821817978	8396	43097688	8342916229	187629671
GLOBAL	X	6890001	6900000	0.005760865998396	6898	35645480	6187521114	821019336
GLOBAL	X	6900001	6910000	0.0051009987514236	7949	40754000	7989415796	86966929
GLOBAL	X	6910001	6920000	0.0035897400964958	8577	30986244	8631890657	82555768
GLOBAL	X	6920001	6930000	0.0046338654433458	8571	38177036	8238701893	469648382
GLOBAL	X	6930001	6940000	0.0065148317267941	8428	55224000	8476657927	86400773
GLOBAL	X	6940001	6950000	0.0048803091891776	8574	42290444	8665525556	45872794
GLOBAL	X	6950001	6960000	0.0030633827501923	7998	24554312	8015424125	110743825
GLOBAL	X	6960001	6970000	0.0020124916043563	8747	17730852	8810397997	76772678
GLOBAL	X	6970001	6980000	0.0038297057771586	8430	32074040	8375066354	190024396
GLOBAL	X	6980001	6990000	0.0038086233392185	8106	30947428	8125620531	110278119
GLOBAL	X	6990001	7000000	0.0034222444200121	8539	26677280	7795258528	880578947
GLOBAL	X	7000001	7010000	0.004743098921749	6661	30071172	6339984153	427758372
GLOBAL	X	7010001	7020000	0.0040497667638027	7556	26285488	6490617740	1186467160
GLOBAL	X	7020001	7030000	0.0038579505804271	8381	32473332	8417249346	98056179
GLOBAL	X	7030001	7040000	0.0032522227183364	7833	25208472	7751151807	207372018
GLOBAL	X	7040001	7050000	0.0048525256500692	8079	38853640	8006890185	201575790
GLOBAL	X	7050001	7060000	0.0050892026140728	7680	38412664	7547874768	255197232
GLOBAL	X	7060001	7070000	0.0044256460436395	8669	38588560	8719305525	88615200
GLOBAL	X	7070001	7080000	0.0040633641633713	8564	33353384	8208317704	492920396
GLOBAL	X	7080001	7090000	0.0041580616160287	8551	35589792	8559226699	128803076
GLOBAL	X	7090001	7100000	0.0055460691930686	8620	48198764	8690617142	67518358
GLOBAL	X	7100001	7110000	0.0051907978517859	8221	43008552	8285537836	67203689
GLOBAL	X	7110001	7120000	0.0055924789373901	8630	48591536	8688729371	79566379
GLOBAL	X	7120001	7130000	0.004002588910466	8920	36113512	9022538364	40404636
GLOBAL	X	7130001	7140000	0.0038170655309116	8135	31401916	8226716504	38646871
GLOBAL	X	7140001	7150000	0.0030557619411904	8706	26900716	8803276079	42237571
GLOBAL	X	7150001	7160000	0.0040870414379597	8171	33578416	8215824701	86115574
GLOBAL	X	7160001	7170000	0.0059429084373361	8771	52603264	8851434370	60120905
GLOBAL	X	7170001	7180000	0.0060951909491058	8382	51250420	8408337069	107984481
GLOBAL	X	7180001	7190000	0.0047575191054701	8089	35409628	7442876679	775749546
GLOBAL	X	7190001	7200000	0.0053186477478059	7482	35898048	6749468982	852430068
GLOBAL	X	7200001	7210000	0.0069958963002225	7683	53439184	7638647245	167472830
GLOBAL	X	7210001	7220000	0.0084289009333884	8569	72440676	8594320490	111997735
GLOBAL	X	7220001	7230000	0.0082758522045387	5310	34118448	4122650714	1272442036
GLOBAL	X	7230001	7240000	0.0059936316749661	8663	51947840	8667172562	134652013
GLOBAL	X	7240001	7250000	0.0039791510476927	8718	35028192	8802930972	54774978
GLOBAL	X	7250001	7260000	0.0052984579117521	8228	44014068	8306958125	52895575
GLOBAL	X	7260001	7270000	0.0053855914838385	8472	45930784	8528456742	79307058
GLOBAL	X	7270001	7280000	0.0058055340037535	8959	52585120	9057757644	44810331
GLOBAL	X	7280001	7290000	0.0048560894483454	8205	40071336	8251770571	84714554
GLOBAL	X	7290001	7300000	0.003667779671536	8808	32647712	8901219518	47928682
GLOBAL	X	7300001	7310000	0.0033681095003994	8526	28904936	8581946637	80682513
GLOBAL	X	7310001	7320000	0.0042257948231992	8176	34759908	8225649719	81370681
GLOBAL	X	7320001	7330000	0.0035021757553442	7458	24768444	7072301829	505212621
GLOBAL	X	7330001	7340000	0.0061821378329939	4456	20580628	3329047096	1198360304
GLOBAL	X	7340001	7350000	0.0053313257870293	4559	19973252	3746394949	885663026
GLOBAL	X	7350001	7360000	0.0044856146017533	4698	13705708	3055480512	1717804938
GLOBAL	X	7360001	7370000	0.0033003590577692	4990	12260240	3714820050	1355144700
GLOBAL	X	7370001	7380000	0.0042194001486079	6077	24116372	5715592537	458791388
GLOBAL	X	7380001	7390000	0.0043042836787036	7101	29413908	6833636023	381157502
GLOBAL	X	7390001	7400000	0.0054483838718656	7519	40206240	7379480034	260011941
GLOBAL	X	7400001	7410000	0.0028989129606493	4767	9515480	3282430390	1560960785
GLOBAL	X	7410001	7420000	0.0041020196673222	2401	2294120	559265968	1880210057
GLOBAL	X	7420001	7430000	7.0053722392442e-05	1451	3132	44708545	1436655905
GLOBAL	X	7430001	7440000	0.0044866885360925	4721	10411776	2320592552	2477077498
GLOBAL	X	7440001	7450000	0.0096951722868777	3570	22070312	2276422878	1350786372
GLOBAL	X	7450001	7460000	0.010008974469177	3754	24737124	2471494365	1342663485
GLOBAL	X	7460001	7470000	0.0074320122041144	5186	28731120	3865860175	1403245475
GLOBAL	X	7470001	7480000	0.0087819089563615	7407	62026528	7062989187	462707988
GLOBAL	X	7480001	7490000	0.011577331165387	6528	65874068	5689918260	942692940
GLOBAL	X	7490001	7500000	0.011972036702107	7019	78312156	6541255924	590223551
GLOBAL	X	7500001	7510000	0.015865858804773	4414	56787664	3579236693	905497657
GLOBAL	X	7510001	7520000	0.01021753296876	6378	55429420	5424931847	1055275603
GLOBAL	X	7520001	7530000	0.010630801053646	6846	70119700	6595899937	359807213
GLOBAL	X	7530001	7540000	0.012320581701463	3812	23803204	1931987026	1941100274
GLOBAL	X	7540001	7550000	3.9672684393478e-05	2040	1392	35087114	2039635936
GLOBAL	X	7550001	7560000	0.00063329564514956	2286	57024	90043253	2239702072
GLOBAL	X	7560001	7570000	0.006554307383755	3904	2384632	363826696	3602734904
GLOBAL	X	7570001	7580000	0.00020647687330535	3363	19204	93007995	3330996255
GLOBAL	X	7580001	7590000	0.00069400457431727	2524	175564	252972396	2313506754
GLOBAL	X	7590001	7600000	0.0093673698486692	5214	40102524	4281086863	1016467487
GLOBAL	X	7600001	7610000	0.010253326998606	5440	47106328	4594248092	932927908
GLOBAL	X	7610001	7620000	0.0093009138105836	5142	41520776	4464160925	760239625
GLOBAL	X	7620001	7630000	0.0086547854981713	5607	40933356	4729563316	967288859
GLOBAL	X	7630001	7640000	0.0063132872082703	4991	19734572	3125879015	1945101760
GLOBAL	X	7640001	7650000	0.0103524611258	5658	43843708	4235099989	1513569461
GLOBAL	X	7650001	7660000	0.0086772237154822	5557	24376700	2809274118	2836776807
GLOBAL	X	7660001	7670000	0.014733822455194	4448	31909320	2165719052	2353560148
GLOBAL	X	7670001	7680000	0.008397658556051	7095	56002900	6668870808	539826567
GLOBAL	X	7680001	7690000	0.0050772509824682	7289	35001736	6893836078	511970147
GLOBAL	X	7690001	7700000	0.0063142804784098	6256	32461084	5140899919	1215352481
GLOBAL	X	7700001	7710000	0.0054617974266707	3649	5393152	987431715	2720043510
GLOBAL	X	7710001	7720000	0.0093376336431601	4482	9556572	1023446878	3552729722
GLOBAL	X	7720001	7730000	0.010461567643585	5013	14812060	1415854727	3677478598
GLOBAL	X	7730001	7740000	0.0040603511764486	6457	23400188	5763094615	797378810
GLOBAL	X	7740001	7750000	0.0044982345258976	6431	25724564	5718813426	815243349
GLOBAL	X	7750001	7760000	0.0043687460173373	5540	21794908	4988824691	643001884
GLOBAL	X	7760001	7770000	0.0032345136423535	6250	12353136	3819163363	2530992887
GLOBAL	X	7770001	7780000	0.0028834803365791	3270	4004204	1388670472	1938811403
GLOBAL	X	7780001	7790000	0.0011538931288294	1885	716560	620993385	1294213740
GLOBAL	X	7790001	7800000	0.0019282950140221	5296	8680176	4501477179	879391221
GLOBAL	X	7800001	7810000	0.0036852919217276	6802	21862376	5932332218	978669832
GLOBAL	X	7810001	7820000	0.0034042116952339	7449	24467400	7187390853	380979372
GLOBAL	X	7820001	7830000	0.0042510144290312	7566	31805872	7481948728	205296422
GLOBAL	X	7830001	7840000	0.0042469398371233	6219	24058288	5664852558	653806917
GLOBAL	X	7840001	7850000	0.0049019780037748	7232	33181572	6769016910	578875890
GLOBAL	X	7850001	7860000	0.0040314109079765	6427	22281856	5527061495	1002931180
GLOBAL	X	7860001	7870000	0.0025126120411075	6056	8856820	3524945298	2628102102
GLOBAL	X	7870001	7880000	0.0025343666528062	7600	16878244	6659748297	1062041703
GLOBAL	X	7880001	7890000	0.0031817802308009	7118	19511004	6132102969	1099962981
GLOBAL	X	7890001	7900000	0.0019802032442317	6898	11686060	5901444730	1107095720
GLOBAL	X	7900001	7910000	0.0031507907162441	7013	19255368	6111281178	1014102147
GLOBAL	X	7910001	7920000	0.0044640916808284	6857	25001320	5600539099	1366344326
GLOBAL	X	7920001	7930000	0.0072032793017109	4942	22320896	3098713109	1922482441
GLOBAL	X	7930001	7940000	0.0077605594868493	6444	37953100	4890510802	1656754298
GLOBAL	X	7940001	7950000	0.0091002539343043	6675	52457604	5764411013	1017555862
GLOBAL	X	7950001	7960000	0.010347272607624	6452	53789148	5198388990	1357004310
GLOBAL	X	7960001	7970000	0.0047804730590318	3203	11260788	2355580266	898747809
GLOBAL	X	7970001	7980000	0.0063173139072229	6323	32674972	5172288805	1252037270
GLOBAL	X	7980001	7990000	0.0041235153128633	5219	16428264	3984043408	1319607092
GLOBAL	X	7990001	8000000	0.0066881186998174	4174	17034008	2546905754	1693982596
GLOBAL	X	8000001	8010000	0.0092175416548223	5396	41295160	4480062206	1002408694
GLOBAL	X	8010001	8020000	0.0082909038004699	5206	22612984	2727444986	2562997189
GLOBAL	X	8020001	8030000	0.01068338628856	5588	13521956	1265699436	4411848264
GLOBAL	X	8030001	8040000	0.0090518274983123	5094	33551724	3706624326	1469007024
GLOBAL	X	8040001	8050000	0.0090343819010495	4621	30232688	3346403587	1348647938
GLOBAL	X	8050001	8060000	0.0081485909680196	6542	44777032	5495064383	1151771167
GLOBAL	X	8060001	8070000	0.0071455314164486	6250	37133056	5196682211	1154490064
GLOBAL	X	8070001	8080000	0.0049978813080231	7179	33196076	6642029683	652013792
GLOBAL	X	8080001	8090000	0.0039330092181864	7506	28659652	7286952664	339330986
GLOBAL	X	8090001	8100000	0.0045725633276815	8142	34699548	7588642412	683833138
GLOBAL	X	8100001	8110000	0.0039529172826248	6940	24134596	6105515060	945698440
GLOBAL	X	8110001	8120000	0.0042690721672155	7766	30747056	7202280682	688169468
GLOBAL	X	8120001	8130000	0.0068928500373809	7516	46772444	6785646539	850797361
GLOBAL	X	8130001	8140000	0.0039969230454621	7138	20851636	5216922058	2035464392
GLOBAL	X	8140001	8150000	0.0037588926921926	6819	22405836	5960754359	967520116
GLOBAL	X	8150001	8160000	0.0035660981644129	8033	28411432	7967091956	194636869
GLOBAL	X	8160001	8170000	0.0034185519017307	8718	30018716	8781120446	76585504
GLOBAL	X	8170001	8180000	0.0033027121225805	8918	29668752	8983148061	77762889
GLOBAL	X	8180001	8190000	0.0025562538531203	9207	23733380	9284437839	70104336
GLOBAL	X	8190001	8200000	0.0026037520976133	8402	21917920	8417821351	119836724
GLOBAL	X	8200001	8210000	0.0050927748016145	8641	44360868	8710549696	68922329
GLOBAL	X	8210001	8220000	0.0041509783103084	8699	36443932	8779600681	58800794
GLOBAL	X	8220001	8230000	0.0027869162870482	8341	23427312	8406177146	68487379
GLOBAL	X	8230001	8240000	0.0032129794732568	9003	29155448	9074271480	73001595
GLOBAL	X	8240001	8250000	0.0026069849325334	8579	22609104	8672510423	43968052
GLOBAL	X	8250001	8260000	0.0056345177274923	8181	46035188	8170209098	141891427
GLOBAL	X	8260001	8270000	0.0034162031868628	7717	25157780	7364251663	476413262
GLOBAL	X	8270001	8280000	0.0055709520302038	8614	48446740	8696312540	55726810
GLOBAL	X	8280001	8290000	0.0021055293087967	9414	20077476	9535595594	29263756
GLOBAL	X	8290001	8300000	0.0037926121846577	8892	33953124	8952437620	82056680
GLOBAL	X	8300001	8310000	0.00316347396071	8837	28121540	8889448862	89164063
GLOBAL	X	8310001	8320000	0.0032735491235166	8399	27378192	8363458426	170135549
GLOBAL	X	8320001	8330000	0.005659828570388	8630	49280576	8707079267	61216483
GLOBAL	X	8330001	8340000	0.0035774038465498	8347	29997376	8385236134	95524541
GLOBAL	X	8340001	8350000	0.0033130976465368	7782	24847216	7499693233	407013317
GLOBAL	X	8350001	8360000	0.0079976233859331	7287	54040112	6757021354	646752821
GLOBAL	X	8360001	8370000	0.0075976931163254	7455	51848408	6824230356	750236019
GLOBAL	X	8370001	8380000	0.0053446111096864	7924	41838520	7828169186	222812914
GLOBAL	X	8380001	8390000	0.0047442354481789	7550	33845192	7133961282	537027468
GLOBAL	X	8390001	8400000	0.0067099233137215	7161	46875560	6986005325	289749700
GLOBAL	X	8400001	8410000	0.0037289877606786	8658	32447804	8701504559	95239891
GLOBAL	X	8410001	8420000	0.0033053209837502	8913	29725648	8993271197	62559628
GLOBAL	X	8420001	8430000	0.0028581168336505	8857	25478148	8914312984	84620441
GLOBAL	X	8430001	8440000	0.0047662970960185	8208	38821940	8145094445	194438755
GLOBAL	X	8440001	8450000	0.0049594260447701	8879	44430756	8958850399	62435576
GLOBAL	X	8450001	8460000	0.003177870336291	8206	26053832	8198519525	138981625
GLOBAL	X	8460001	8470000	0.0061051242901103	8817	54443964	8917748667	40543758
GLOBAL	X	8470001	8480000	0.0033346220975618	8413	28386724	8512725931	35092394
GLOBAL	X	8480001	8490000	0.0023450859793058	9397	22290088	9505019516	42567409
GLOBAL	X	8490001	8500000	0.0030114098210466	9173	27968564	9287531642	32465683
GLOBAL	X	8500001	8510000	0.0027134748076043	9012	24624412	9074862951	81554349
GLOBAL	X	8510001	8520000	0.0013034943257287	9347	12319320	9450996262	45789413
GLOBAL	X	8520001	8530000	0.0043581740897716	7621	33069436	7587910744	155215781
GLOBAL	X	8530001	8540000	0.005092198929954	8635	44492184	8737322444	36053431
GLOBAL	X	8540001	8550000	0.0032665788966176	8132	26282928	8046010469	216304831
GLOBAL	X	8550001	8560000	0.0035601341669968	8313	29764756	8360571429	85644396
GLOBAL	X	8560001	8570000	0.0030229154348385	9007	27475572	9089097129	62240046
GLOBAL	X	8570001	8580000	0.002212777906924	9181	20533996	9279736541	48388984
GLOBAL	X	8580001	8590000	0.0029619139178388	8242	24365576	8226294442	147783608
GLOBAL	X	8590001	8600000	0.0029648497666421	8162	24392044	8227075879	65720171
GLOBAL	X	8600001	8610000	0.0052702785280031	9127	48694636	9239480559	33779616
GLOBAL	X	8610001	8620000	0.0037571080939175	8515	32285048	8593058063	58394812
GLOBAL	X	8620001	8630000	0.00209470749573	8539	18010036	8597876332	77961143
GLOBAL	X	8630001	8640000	0.0019042495087193	9593	18505964	9718245385	28482440
GLOBAL	X	8640001	8650000	0.0022364481016949	9217	20702848	9257021428	107680997
GLOBAL	X	8650001	8660000	0.0020360259884942	8902	18260820	8968854083	75800467
GLOBAL	X	8660001	8670000	0.0029870140325095	8545	25673932	8595182922	86750703
GLOBAL	X	8670001	8680000	0.0032659282758607	8393	26647500	8159242258	368255567
GLOBAL	X	8680001	8690000	0.0021107999156926	6174	6373968	3019693128	3253245222
GLOBAL	X	8690001	8700000	0.0037303763516519	5329	14309084	3835828520	1578568705
GLOBAL	X	8700001	8710000	0.0029824271574262	8768	26364952	8840099224	68407976
GLOBAL	X	8710001	8720000	0.0023595888739974	8652	20386724	8639947503	150700797
GLOBAL	X	8720001	8730000	0.002667321489254	8632	23260772	8720648071	49679729
GLOBAL	X	8730001	8740000	0.0030176466193261	8815	26919552	8920710539	35549836
GLOBAL	X	8740001	8750000	0.0025943774878737	8929	23242660	8958858188	113229037
GLOBAL	X	8750001	8760000	0.0032980221985757	8921	29435952	8925334709	138624316
GLOBAL	X	8760001	8770000	0.0039394948674736	8303	33008400	8378840717	57214858
GLOBAL	X	8770001	8780000	0.002689824113956	8864	24089704	8955865878	50179722
GLOBAL	X	8780001	8790000	0.0027364707147805	9122	25263356	9232094414	36085636
GLOBAL	X	8790001	8800000	0.0025838681581445	8650	22574344	8736647003	51969247
GLOBAL	X	8800001	8810000	0.0030044023672165	8899	26041164	8667668580	373937895
GLOBAL	X	8810001	8820000	0.0026266761629848	9127	23144328	8811260530	461999645
GLOBAL	X	8820001	8830000	0.0035954426327997	8743	31655756	8804411371	78695204
GLOBAL	X	8830001	8840000	0.0058048309132844	8417	49404536	8510934554	40947871
GLOBAL	X	8840001	8850000	0.0039130433226786	7836	30651364	7833126667	128445233
GLOBAL	X	8850001	8860000	0.0034104566070054	8298	28144880	8252525466	178449984
GLOBAL	X	8860001	8870000	0.0021595772078402	8046	15502800	7178627346	996309804
GLOBAL	X	8870001	8880000	0.0058248770063967	6742	36563808	6277181125	572859425
GLOBAL	X	8880001	8890000	0.0068369156625973	5684	33717572	4931693422	843392678
GLOBAL	X	8890001	8900000	0.0076820025436492	6490	44051820	5734418825	860599450
GLOBAL	X	8900001	8910000	0.0065828651949368	7559	45745840	6949229347	730903628
GLOBAL	X	8910001	8920000	0.0035244837101536	9085	32382404	9187843288	42743837
GLOBAL	X	8920001	8930000	0.0028828873669121	8711	25288784	8772033306	78560469
GLOBAL	X	8930001	8940000	0.0041761689731619	8682	36233968	8676365404	144763646
GLOBAL	X	8940001	8950000	0.0025605417328618	8492	21977488	8583139934	44944366
GLOBAL	X	8950001	8960000	0.0022387168929346	9264	20915584	9342665911	69789689
GLOBAL	X	8960001	8970000	0.0033249388203544	8232	27516308	8275733626	88184174
GLOBAL	X	8970001	8980000	0.0030913672093597	8875	27630320	8937896448	79325427
GLOBAL	X	8980001	8990000	0.0030940542503518	8714	27108988	8761639521	92002329
GLOBAL	X	8990001	9000000	0.0034201299842328	8640	29681960	8678605824	99850176
GLOBAL	X	9000001	9010000	0.0026655958938363	9030	24319488	9123471437	51234313
GLOBAL	X	9010001	9020000	0.0034291823978402	8561	25961780	7570836715	1127353310
GLOBAL	X	9020001	9030000	0.0026374726979765	8358	21761592	8250925978	241010972
GLOBAL	X	9030001	9040000	0.0033346188118171	8478	28383360	8511725508	102134442
GLOBAL	X	9040001	9050000	0.0028667846311869	8786	25453044	8878603479	48192171
GLOBAL	X	9050001	9060000	0.0026764452414462	9280	24951816	9322744816	105967184
GLOBAL	X	9060001	9070000	0.0038108566495642	8642	33180720	8706892715	73595335
GLOBAL	X	9070001	9080000	0.0030490268724328	8561	26373348	8649759121	48430904
GLOBAL	X	9080001	9090000	0.0025452895967455	9139	23470788	9221264264	64188211
GLOBAL	X	9090001	9100000	0.0033794008996325	8420	28658468	8480339815	74590685
GLOBAL	X	9100001	9110000	0.0033687099301021	8054	26919532	7991050746	192014604
GLOBAL	X	9110001	9120000	0.0030825661492374	8392	25940728	8415302947	111178853
GLOBAL	X	9120001	9130000	0.0030147686781996	8689	25020712	8299380374	528860851
GLOBAL	X	9130001	9140000	0.0028078079009227	8274	23222844	8270809407	135781443
GLOBAL	X	9140001	9150000	0.0028209456137721	8134	20708492	7340975274	923372076
GLOBAL	X	9150001	9160000	0.0030349574964813	8464	25262636	8323884611	275750989
GLOBAL	X	9160001	9170000	0.002388994942011	9229	22105940	9253238511	123656214
GLOBAL	X	9170001	9180000	0.0036877811289853	8133	29022044	7869784834	393546491
GLOBAL	X	9180001	9190000	0.0027480079230573	8109	22439716	8165811973	73134752
GLOBAL	X	9190001	9200000	0.0029832979142538	8436	25421968	8521431225	49755675
GLOBAL	X	9200001	9210000	0.0030102300171113	8483	24364372	8093857234	525082841
GLOBAL	X	9210001	9220000	0.0049976088380891	8976	45335808	9071499885	48340515
GLOBAL	X	9220001	9230000	0.0037772950055448	8244	31475548	8332827580	43282520
GLOBAL	X	9230001	9240000	0.0024465641213479	8047	19447332	7948833971	227119204
GLOBAL	X	9240001	9250000	0.0021256694383414	8498	18217400	8570194251	63986199
GLOBAL	X	9250001	9260000	0.0027223597272653	8968	24555388	9019890999	91821201
GLOBAL	X	9260001	9270000	0.0030571308157454	8860	26347516	8618380301	383601199
GLOBAL	X	9270001	9280000	0.0023007563789265	8792	20456872	8891368155	41523645
GLOBAL	X	9280001	9290000	0.0033565202362797	7961	26916200	8019078720	69496305
GLOBAL	X	9290001	9300000	0.0030398018714896	8644	26555192	8735829874	46690226
GLOBAL	X	9300001	9310000	0.0031531967725169	8608	27225864	8634368853	111574347
GLOBAL	X	9310001	9320000	0.0048795309686852	8992	43980156	9013193334	122903466
GLOBAL	X	9320001	9330000	0.0053296563310822	8997	48353728	9072578980	68597945
GLOBAL	X	9330001	9340000	0.006960086775962	8499	58882084	8459964063	175232412
GLOBAL	X	9340001	9350000	0.0065601573824086	5428	29914260	4559991210	956008515
GLOBAL	X	9350001	9360000	0.0041460485222288	8129	32634976	7871344444	387922781
GLOBAL	X	9360001	9370000	0.0040054245508077	8405	33204008	8289759944	249930181
GLOBAL	X	9370001	9380000	0.0040630744942115	8378	33920284	8348427785	163829665
GLOBAL	X	9380001	9390000	0.0038636976422032	8497	32985296	8537235326	95929099
GLOBAL	X	9390001	9400000	0.002610010198099	9062	23913816	9162345809	44872741
GLOBAL	X	9400001	9410000	0.0032571089104263	8427	27694236	8502704933	59337742
GLOBAL	X	9410001	9420000	0.0033891007689554	8420	28701092	8468645212	86285288
GLOBAL	X	9420001	9430000	0.0033654327754514	8793	29710588	8828162671	105745154
GLOBAL	X	9430001	9440000	0.0027559159606176	8662	24164344	8768171579	32636971
GLOBAL	X	9440001	9450000	0.0041057276974637	8513	35142496	8559383035	90037790
GLOBAL	X	9450001	9460000	0.0039701360341566	8502	33891540	8536619327	101625223
GLOBAL	X	9460001	9470000	0.0033626674556736	7475	25141576	7476676279	118110596
GLOBAL	X	9470001	9480000	0.0041420369318234	8816	35742208	8629137931	328138469
GLOBAL	X	9480001	9490000	0.0025781238810623	8877	23116240	8966303043	52950882
GLOBAL	X	9490001	9500000	0.0035964080715978	8452	30687332	8532772530	54670770
GLOBAL	X	9500001	9510000	0.0040323515064952	8207	33278160	8252792433	85724742
GLOBAL	X	9510001	9520000	0.0060954625677336	8106	49608996	8138676179	97222471
GLOBAL	X	9520001	9530000	0.0036394029409677	8726	32118548	8825224500	40609650
GLOBAL	X	9530001	9540000	0.0036069262695697	8540	29522704	8185003461	491850039
GLOBAL	X	9540001	9550000	0.0050951705659543	4146	11986980	2352616040	1859823610
GLOBAL	X	9550001	9560000	0.0024988202571632	8563	21617124	8650931950	49290125
GLOBAL	X	9560001	9570000	0.0022493172411949	9277	21107740	9384065357	41598568
GLOBAL	X	9570001	9580000	0.0038112875181884	8304	31493984	8263345090	173726510
GLOBAL	X	9580001	9590000	0.0026874761716376	8756	23627900	8791854696	104460204
GLOBAL	X	9590001	9600000	0.0028531012184645	8711	24835672	8704798778	145794997
GLOBAL	X	9600001	9610000	0.002822802599677	8416	23904852	8468481644	82384756
GLOBAL	X	9610001	9620000	0.0029397111283772	8755	25900200	8810457514	84841361
GLOBAL	X	9620001	9630000	0.0024071372436458	8717	21185692	8801198210	55491715
GLOBAL	X	9630001	9640000	0.0030164011858603	8765	26569148	8808227541	97231584
GLOBAL	X	9640001	9650000	0.0048211659076167	7116	32576128	6756898357	473135543
GLOBAL	X	9650001	9660000	0.0040914493502488	7763	31214928	7629308181	258093894
GLOBAL	X	9660001	9670000	0.0030007058686002	8976	27264056	9085880854	33959546
GLOBAL	X	9670001	9680000	0.0033991172973673	8225	28174488	8288766034	68039591
GLOBAL	X	9680001	9690000	0.0033139101015643	8541	28324384	8547119002	130750523
GLOBAL	X	9690001	9700000	0.0038586636482353	8762	34092032	8835191431	67219619
GLOBAL	X	9700001	9710000	0.0039854142743281	8678	31373792	7872153267	944911683
GLOBAL	X	9710001	9720000	0.0020924863024118	9038	19148068	9150868982	31964968
GLOBAL	X	9720001	9730000	0.0024544831241019	8658	21481112	8751786390	44958060
GLOBAL	X	9730001	9740000	0.002834081846979	8875	25393780	8960143486	57078389
GLOBAL	X	9740001	9750000	0.0034607627502963	8212	28533488	8244855270	98742030
GLOBAL	X	9750001	9760000	0.0026897519311692	9300	25344876	9422755945	26276555
GLOBAL	X	9760001	9770000	0.0035321640688736	8382	29848884	8450593862	65727688
GLOBAL	X	9770001	9780000	0.0027363783304442	9115	25110668	9176606802	84461073
GLOBAL	X	9780001	9790000	0.0057382639584673	8244	47276508	8238817235	137292865
GLOBAL	X	9790001	9800000	0.0052415398386251	8573	45442068	8669602712	40779613
GLOBAL	X	9800001	9810000	0.0063623310265427	8657	55323000	8695397924	100330501
GLOBAL	X	9810001	9820000	0.0064858521123208	7437	46515452	7171833584	384344341
GLOBAL	X	9820001	9830000	0.004489241334381	5261	17338272	3862183097	1483124428
GLOBAL	X	9830001	9840000	0.0035163775564464	6652	20737108	5897292787	861305513
GLOBAL	X	9840001	9850000	0.0026275756971213	7650	18083268	6882111149	890480101
GLOBAL	X	9850001	9860000	0.003361851595533	8428	27841496	8281595784	281462916
GLOBAL	X	9860001	9870000	0.0036965267542785	8393	30979716	8380763365	146734460
GLOBAL	X	9870001	9880000	0.0027635171234264	8809	24582980	8895541045	54623180
GLOBAL	X	9880001	9890000	0.0031958854530766	8775	28370108	8877072854	38546521
GLOBAL	X	9890001	9900000	0.0024492117418001	8729	21648104	8838804596	30077629
GLOBAL	X	9900001	9910000	0.0040360747566509	8620	35140488	8706599882	51535618
GLOBAL	X	9910001	9920000	0.0036584565440769	8849	32731368	8946769657	44035568
GLOBAL	X	9920001	9930000	0.003394147448351	8176	27394688	8071154367	235866033
GLOBAL	X	9930001	9940000	0.0043192603208374	8295	36004880	8335890251	92037124
GLOBAL	X	9940001	9950000	0.0038326044258651	9332	36224556	9451681409	29863891
GLOBAL	X	9950001	9960000	0.0037710024495479	8779	33333068	8839312211	80371264
GLOBAL	X	9960001	9970000	0.0066054082282481	8724	56271468	8518999289	344802811
GLOBAL	X	9970001	9980000	0.0033734165136512	8609	29359064	8703065240	43893985
GLOBAL	X	9980001	9990000	0.0024362968245563	8643	20994860	8617529600	163974475
GLOBAL	X	9990001	10000000	0.0037145268325592	8723	32755832	8818305393	44480682
GLOBAL	X	10000001	10010000	0.002924905383248	8359	24101152	8239976629	252976346
GLOBAL	X	10010001	10020000	0.0030430421555998	8255	25304436	8315506229	71780146
GLOBAL	X	10020001	10030000	0.002964997366923	8237	24620036	8303560831	65437094
GLOBAL	X	10030001	10040000	0.0030252690807501	8799	26781736	8852678980	87324995
GLOBAL	X	10040001	10050000	0.0025083920479903	8224	19394968	7732032166	623757434
GLOBAL	X	10050001	10060000	0.0026313244191097	9053	24042836	9137161433	60912892
GLOBAL	X	10060001	10070000	0.0036799117434494	8515	31513284	8563597770	87855105
GLOBAL	X	10070001	10080000	0.0028941446041106	8340	24204940	8363417628	110230872
GLOBAL	X	10080001	10090000	0.0030966094804682	8479	25636088	8278760419	336115556
GLOBAL	X	10090001	10100000	0.0028358789636545	7821	21708308	7654878180	291453345
GLOBAL	X	10100001	10110000	0.0024934287293178	9294	22935044	9198195132	244741218
GLOBAL	X	10110001	10120000	0.0035220841251129	7704	26929212	7645817375	181639225
GLOBAL	X	10120001	10130000	0.002982323186571	9194	27746444	9303634202	37699648
GLOBAL	X	10130001	10140000	0.003348586834262	8606	29069532	8681134293	62776857
GLOBAL	X	10140001	10150000	0.0031489615679588	8199	26009808	8259804840	70584135
GLOBAL	X	10150001	10160000	0.0027590639637764	9136	25523908	9250930147	31474253
GLOBAL	X	10160001	10170000	0.0029478876678504	8745	25993116	8817539516	67599109
GLOBAL	X	10170001	10180000	0.0028998867007219	8167	23300024	8034804944	263071231
GLOBAL	X	10180001	10190000	0.0035117178846061	7855	26916628	7664803633	316072742
GLOBAL	X	10190001	10200000	0.0026256531269996	9016	23950336	9121667959	38813441
GLOBAL	X	10200001	10210000	0.0034500229359786	8591	29608440	8582099467	146571308
GLOBAL	X	10210001	10220000	0.0028190959302496	7947	22461416	7967595483	106755192
GLOBAL	X	10220001	10230000	0.0028644251108534	8798	25244888	8813247693	125740257
GLOBAL	X	10230001	10240000	0.0021081887871325	9121	19449632	9225754410	41409615
GLOBAL	X	10240001	10250000	0.0027990304965963	8835	24920712	8903337077	73243798
GLOBAL	X	10250001	10260000	0.0027549788649082	9173	25443108	9235318762	84678563
GLOBAL	X	10260001	10270000	0.0040582104264828	8579	34632632	8533966542	182511933
GLOBAL	X	10270001	10280000	0.0023710578883528	8465	20217804	8526912860	73738765
GLOBAL	X	10280001	10290000	0.0029558503000473	8386	24953752	8442156898	78228752
GLOBAL	X	10290001	10300000	0.0035087013620674	8691	30813080	8781904420	48368855
GLOBAL	X	10300001	10310000	0.002868608825443	9211	26750768	9325345360	33260915
GLOBAL	X	10310001	10320000	0.0031853514023532	7775	22775224	7149987905	750622495
GLOBAL	X	10320001	10330000	0.0039110072840883	8821	34615408	8850765413	111591112
GLOBAL	X	10330001	10340000	0.006998776381816	4913	17105508	2444071230	2547659595
GLOBAL	X	10340001	10350000	0.0055621295295697	3218	3437768	618066872	2651501578
GLOBAL	X	10350001	10360000	0.0059984711039218	4959	14382824	2397748318	2640719657
GLOBAL	X	10360001	10370000	0.0014718996549454	6390	7917256	5378937330	1122606645
GLOBAL	X	10370001	10380000	0.0021980522661272	9684	21580328	9817932145	21253955
GLOBAL	X	10380001	10390000	0.006031021914794	7805	47177684	7822502499	107572626
GLOBAL	X	10390001	10400000	0.0066321149021805	7891	52548448	7923331965	94121310
GLOBAL	X	10400001	10410000	0.0026897531174088	8771	23570964	8763244421	148310854
GLOBAL	X	10410001	10420000	0.004094839776968	8711	35553464	8682504307	168089468
GLOBAL	X	10420001	10430000	0.0039538031106047	8992	35695668	9028185522	107911278
GLOBAL	X	10430001	10440000	0.0027648267643386	8624	24077304	8708431324	53768276
GLOBAL	X	10440001	10450000	0.0036821227462832	8902	33169000	9008119035	36535515
GLOBAL	X	10450001	10460000	0.0027591150260813	8913	24593140	8913415993	142414832
GLOBAL	X	10460001	10470000	0.0040057913901832	8354	33076068	8257062033	230810817
GLOBAL	X	10470001	10480000	0.0041741432303878	8864	37336576	8944728041	61317559
GLOBAL	X	10480001	10490000	0.0039241115405637	8824	35003316	8920061430	45343170
GLOBAL	X	10490001	10500000	0.0028367384295519	8833	25310672	8922455358	52093467
GLOBAL	X	10500001	10510000	0.0031322533871179	9016	28399520	9066801593	93679807
GLOBAL	X	10510001	10520000	0.0033077863358908	9026	30224076	9137251603	33390047
GLOBAL	X	10520001	10530000	0.0060851707415087	8876	54639528	8979128166	39109734
GLOBAL	X	10530001	10540000	0.0052494858054159	8742	46467752	8851867349	30223201
GLOBAL	X	10540001	10550000	0.0036030425338314	8975	32723876	9082289674	36534701
GLOBAL	X	10550001	10560000	0.0037881894078666	8491	30394376	8023457311	603610964
GLOBAL	X	10560001	10570000	0.0034206530100261	8857	29715496	8687082821	311850604
GLOBAL	X	10570001	10580000	0.0040195595184933	8797	35631452	8864516581	73455344
GLOBAL	X	10580001	10590000	0.0049177471046024	8759	42718736	8686647583	212715392
GLOBAL	X	10590001	10600000	0.0058438600668596	8377	49204788	8419912085	91329340
GLOBAL	X	10600001	10610000	0.0035029571122663	8842	31383532	8959153936	24539114
GLOBAL	X	10610001	10620000	0.0027601293271939	8913	24913044	9026042278	29788547
GLOBAL	X	10620001	10630000	0.0025880031603946	8586	22305812	8618927651	104662999
GLOBAL	X	10630001	10640000	0.0027407794716952	8354	23124484	8437192499	50680351
GLOBAL	X	10640001	10650000	0.0036053480646657	8217	29590352	8207349601	141327824
GLOBAL	X	10650001	10660000	0.0028281243087562	9134	26041352	9207994118	72378232
GLOBAL	X	10660001	10670000	0.0023974927691999	8694	20910532	8721833187	111488163
GLOBAL	X	10670001	10680000	0.0027472678214333	8429	22036716	8021320611	542754114
GLOBAL	X	10680001	10690000	0.0034908574909144	8696	30327156	8687594976	147758424
GLOBAL	X	10690001	10700000	0.0033504704228635	9110	30726408	9170774286	85213464
GLOBAL	X	10700001	10710000	0.0053892790232504	8263	44136808	8189742600	205671975
GLOBAL	X	10710001	10720000	0.0036034447962363	9116	33185200	9209298845	52785055
GLOBAL	X	10720001	10730000	0.0032267510721295	8234	26816396	8310649133	55300717
GLOBAL	X	10730001	10740000	0.0022980002274982	8914	20717908	9015624869	41221981
GLOBAL	X	10740001	10750000	0.0023191711850546	8036	18499748	7976879033	197042092
GLOBAL	X	10750001	10760000	0.0023540473096056	9254	22032032	9359213772	43081578
GLOBAL	X	10760001	10770000	0.0029632313983543	9030	27035296	9123585831	51119919
GLOBAL	X	10770001	10780000	0.002692610969937	8947	24045716	8930259985	160115690
GLOBAL	X	10780001	10790000	0.0020733531368975	9324	19557968	9433013437	40403663
GLOBAL	X	10790001	10800000	0.0023479456319161	9244	21954216	9350393681	41741419
GLOBAL	X	10800001	10810000	0.0029117281926434	8678	25299300	8688757441	128307509
GLOBAL	X	10810001	10820000	0.0026682902137455	8364	22492476	8429546338	68486762
GLOBAL	X	10820001	10830000	0.0030546642938701	8203	24131800	7899984312	434468763
GLOBAL	X	10830001	10840000	0.0030489075851103	7781	23565160	7729050272	176640253
GLOBAL	X	10840001	10850000	0.004468173247243	6488	23788208	5323922481	1268047719
GLOBAL	X	10850001	10860000	0.0028093398271474	8468	24015048	8548288736	55410964
GLOBAL	X	10860001	10870000	0.0024568869105621	9127	22689348	9234998934	38261241
GLOBAL	X	10870001	10880000	0.0024732831506236	8932	22151124	8956161770	118973530
GLOBAL	X	10880001	10890000	0.0026870050711928	8855	24007584	8934699922	62201453
GLOBAL	X	10890001	10900000	0.0028929052650295	8351	24357596	8419769667	65055108
GLOBAL	X	10900001	10910000	0.0022640362634702	9261	21250376	9386058140	23349385
GLOBAL	X	10910001	10920000	0.0030139276774323	8955	27213116	9029120441	69383434
GLOBAL	X	10920001	10930000	0.0026147200231502	8976	23680216	9056501572	63338828
GLOBAL	X	10930001	10940000	0.001899195660002	9742	18748084	9871591640	26523910
GLOBAL	X	10940001	10950000	0.0017778735254625	9828	17701236	9956409017	29084683
GLOBAL	X	10950001	10960000	0.0021039407349931	8927	18980664	9021482252	48572923
GLOBAL	X	10960001	10970000	0.0026292039645756	8640	22789604	8667872218	110583782
GLOBAL	X	10970001	10980000	0.0019388609926346	9073	17742676	9151082036	67312789
GLOBAL	X	10980001	10990000	0.0023877730284112	8776	21217888	8886057321	30578079
GLOBAL	X	10990001	11000000	0.0025232551193123	8621	21835340	8653639433	105512092
GLOBAL	X	11000001	11010000	0.0022189071262128	9197	20628816	9296836157	47545768
GLOBAL	X	11010001	11020000	0.0029538972197964	8738	26071872	8826262412	51764038
GLOBAL	X	11020001	11030000	0.0017441651853907	9576	16925016	9703791901	25663499
GLOBAL	X	11030001	11040000	0.0022860395816908	9308	21550764	9427117611	30043089
GLOBAL	X	11040001	11050000	0.0024537221097473	9295	23083336	9407477688	36474687
GLOBAL	X	11050001	11060000	0.0026144745747844	8849	23369308	8938433835	52371390
GLOBAL	X	11060001	11070000	0.0029105342047881	8615	25142720	8638524144	114531231
GLOBAL	X	11070001	11080000	0.0024049670496772	8844	21461592	8923861141	61863959
GLOBAL	X	11080001	11090000	0.0021467009346601	9398	20372012	9489916211	58686739
GLOBAL	X	11090001	11100000	0.0024413353577437	8964	22168972	9080674611	26973489
GLOBAL	X	11100001	11110000	0.0031645762531678	8599	27494328	8688154685	48644290
GLOBAL	X	11110001	11120000	0.0034069446121265	8421	28946236	8496244963	59701562
GLOBAL	X	11120001	11130000	0.0037687661322599	8382	31270792	8297355395	218966155
GLOBAL	X	11130001	11140000	0.0027479991871974	8760	24201696	8807024439	93354561
GLOBAL	X	11140001	11150000	0.0022301132143304	8506	19037728	8536664362	105644288
GLOBAL	X	11150001	11160000	0.0023901348965925	8934	21574944	9026663738	50503612
GLOBAL	X	11160001	11170000	0.0034743893516105	8459	29579400	8513553608	81001867
GLOBAL	X	11170001	11180000	0.0038893067558479	6467	23695136	6092380336	478253339
GLOBAL	X	11180001	11190000	0.0025659629148099	7528	18566172	7235557417	413078783
GLOBAL	X	11190001	11200000	0.0025056306779181	8580	20090972	8018329348	699165152
GLOBAL	X	11200001	11210000	0.0030602264784482	8070	24563348	8026643836	172677914
GLOBAL	X	11210001	11220000	0.0025243308487262	9196	23458244	9292856367	50509533
GLOBAL	X	11220001	11230000	0.0022752552486162	9282	21353844	9385252056	45491994
GLOBAL	X	11230001	11240000	0.002627853495733	9001	23861208	9080113499	65127526
GLOBAL	X	11240001	11250000	0.0020577967243018	8637	17859172	8678783375	96624550
GLOBAL	X	11250001	11260000	0.0029181303173648	8412	24581640	8423763618	123038682
GLOBAL	X	11260001	11270000	0.002949760474619	7569	22215076	7531145729	159147496
GLOBAL	X	11270001	11280000	0.002990298824917	8799	26333360	8806263702	133740273
GLOBAL	X	11280001	11290000	0.0027295814075988	8693	23878592	8748078344	84226981
GLOBAL	X	11290001	11300000	0.0027948769948122	8735	24592140	8799006198	75972177
GLOBAL	X	11300001	11310000	0.0023222980794074	8821	20720576	8922444618	39911907
GLOBAL	X	11310001	11320000	0.002523155420949	8861	22616856	8963718926	39278599
GLOBAL	X	11320001	11330000	0.0039707671885442	6871	19646796	4947858957	2033248818
GLOBAL	X	11330001	11340000	0.0029427728447392	8478	24909892	8464768881	149091069
GLOBAL	X	11340001	11350000	0.0020837335183481	9153	19309872	9266958481	32718344
GLOBAL	X	11350001	11360000	0.0024270616926449	8941	21862188	9007677088	76602437
GLOBAL	X	11360001	11370000	0.0022673111825614	9093	20865332	9202676792	36038533
GLOBAL	X	11370001	11380000	0.0029341858868092	9100	26894664	9165971427	79856073
GLOBAL	X	11380001	11390000	0.0026495588376433	9032	24216212	9139714754	37023046
GLOBAL	X	11390001	11400000	0.0022615983134457	8889	19879252	8789912816	241533409
GLOBAL	X	11400001	11410000	0.0025283834320673	8550	21723176	8591725339	95288411
GLOBAL	X	11410001	11420000	0.0023130750635291	8188	17805844	7697910146	621302554
GLOBAL	X	11420001	11430000	0.0028770012360968	8743	25369964	8818197115	64909460
GLOBAL	X	11430001	11440000	0.0033837527063938	8019	27058536	7996605647	150898828
GLOBAL	X	11440001	11450000	0.0037565084087407	8706	32819164	8736614012	108899638
GLOBAL	X	11450001	11460000	0.0026627865004851	8655	23305188	8752180468	41515907
GLOBAL	X	11460001	11470000	0.0025127675757773	9117	23192804	9229983793	33116132
GLOBAL	X	11470001	11480000	0.002299786777057	9147	21056984	9156059253	137521422
GLOBAL	X	11480001	11490000	0.0027028547750406	8508	22592640	8358806477	285534223
GLOBAL	X	11490001	11500000	0.002442578715018	8754	21520544	8810583613	83699237
GLOBAL	X	11500001	11510000	0.0022689996577817	8854	20265756	8931581779	64303571
GLOBAL	X	11510001	11520000	0.0025113030472459	8942	22622660	9008335344	76960206
GLOBAL	X	11520001	11530000	0.0021167165111979	8551	18268848	8630748569	57281206
GLOBAL	X	11530001	11540000	0.0042401128482605	8334	35298876	8324985033	142567317
GLOBAL	X	11540001	11550000	0.0034119591040031	8641	29658384	8692479334	86992691
GLOBAL	X	11550001	11560000	0.0027307596320096	8769	23944832	8768560850	140962375
GLOBAL	X	11560001	11570000	0.0027982382451584	8548	24099616	8612424636	72557064
GLOBAL	X	11570001	11580000	0.0042853910177169	8928	38655872	9020383867	50687333
GLOBAL	X	11580001	11590000	0.0035774001739059	9068	32734676	9150409350	62905350
GLOBAL	X	11590001	11600000	0.0033419813454249	8284	27965904	8368061072	48690028
GLOBAL	X	11600001	11610000	0.0041174128685375	8136	33734556	8193143869	73235531
GLOBAL	X	11610001	11620000	0.0030512844057214	9055	27908064	9146333245	53773130
GLOBAL	X	11620001	11630000	0.0031181386763744	8637	27181108	8717094017	58313908
GLOBAL	X	11630001	11640000	0.0026113843678587	8470	21646488	8289276855	316454895
GLOBAL	X	11640001	11650000	0.0032329268463517	8926	29118340	9006804479	62234671
GLOBAL	X	11650001	11660000	0.002857869758186	8847	25547060	8939196731	49576444
GLOBAL	X	11660001	11670000	0.003671751586984	8628	31497792	8578410400	187853300
GLOBAL	X	11670001	11680000	0.0029916834224279	8129	24224204	8097181613	162085612
GLOBAL	X	11680001	11690000	0.0025071652186121	8433	21353508	8516992754	51146071
GLOBAL	X	11690001	11700000	0.0026718052791651	8893	23938872	8959811625	75698700
GLOBAL	X	11700001	11710000	0.0028978293608375	8158	23687724	8174299122	114432828
GLOBAL	X	11710001	11720000	0.0028348503158092	9034	25832624	9112517813	66252037
GLOBAL	X	11720001	11730000	0.0031312058249886	7190	16832248	5375644062	1929575688
GLOBAL	X	11730001	11740000	0.0023913249811735	9012	21489812	8986571114	169846186
GLOBAL	X	11740001	11750000	0.0033509831912467	6004	16032680	4784470433	1336064167
GLOBAL	X	11750001	11760000	0.00044034617660986	4426	195864	444795505	4073467670
GLOBAL	X	11760001	11770000	0.0010288425870842	1598	64680	62866760	1560741190
GLOBAL	X	11770001	11780000	0.00079012275240706	2152	162636	205836371	1980649429
GLOBAL	X	11780001	11790000	0.00051474101323514	3137	182508	354562771	2843883929
GLOBAL	X	11790001	11800000	0.0038231668371001	7782	29614736	7746127036	160579514
GLOBAL	X	11800001	11810000	0.0034426785173154	7951	27438500	7970102309	108312466
GLOBAL	X	11810001	11820000	0.0027973521699735	8555	24123464	8623677869	68416006
GLOBAL	X	11820001	11830000	0.0029847970573793	8577	25652284	8594314289	120132136
GLOBAL	X	11830001	11840000	0.0034201120072819	8160	27043128	7907088406	383675594
GLOBAL	X	11840001	11850000	0.0042277632249984	6997	27700676	6552087836	557039089
GLOBAL	X	11850001	11860000	0.0029302677036876	8864	26014204	8877756789	128288811
GLOBAL	X	11860001	11870000	0.0031690173347243	8580	27153196	8568333061	149161439
GLOBAL	X	11870001	11880000	0.0034832467764105	7454	22724252	6523870819	1069900031
GLOBAL	X	11880001	11890000	0.0023943433042353	8458	19972108	8341371918	252167532
GLOBAL	X	11890001	11900000	0.0027269579493261	8740	24052276	8820185880	59872620
GLOBAL	X	11900001	11910000	0.0017581823973653	9072	16136388	9177880534	39498266
GLOBAL	X	11910001	11920000	0.0024097623952563	9021	21968848	9116603381	48958144
GLOBAL	X	11920001	11930000	0.0022883017368781	9112	21035968	9192829626	65190174
GLOBAL	X	11930001	11940000	0.0025064786611938	8856	22305632	8899190863	98726537
GLOBAL	X	11940001	11950000	0.0031762776645179	8864	28296412	8908670774	97374826
GLOBAL	X	11950001	11960000	0.0026780666234263	8974	24163780	9022844984	94963366
GLOBAL	X	11960001	11970000	0.0034080339266251	8649	29601264	8685730435	101869790
GLOBAL	X	11970001	11980000	0.0033463631828722	7957	25408700	7592929581	491581344
GLOBAL	X	11980001	11990000	0.0036363118549423	8848	32046776	8812988896	176800304
GLOBAL	X	11990001	12000000	0.0024605421740937	9263	23066044	9374374576	37064999
GLOBAL	X	12000001	12010000	0.005277184917535	8641	45848224	8688007852	91464173
GLOBAL	X	12010001	12020000	0.0027475082560298	8740	24273884	8834872087	45186413
GLOBAL	X	12020001	12030000	0.0067934124466434	6675	40320576	5935246287	846720588
GLOBAL	X	12030001	12040000	0.0047139581618906	8667	41100172	8718824094	87064581
GLOBAL	X	12040001	12050000	0.0027320006126351	9503	26297036	9625560067	29725508
GLOBAL	X	12050001	12060000	0.0044656450669326	9142	41330980	9255321321	33179229
GLOBAL	X	12060001	12070000	0.0035893252364507	9127	33077124	9215415662	57844513
GLOBAL	X	12070001	12080000	0.0031697496730995	8358	25792372	8137037514	354899436
GLOBAL	X	12080001	12090000	0.0041830242313566	9034	38040000	9093899030	84870820
GLOBAL	X	12090001	12100000	0.002999814760295	9030	27306212	9102632723	72073027
GLOBAL	X	12100001	12110000	0.003234198458549	8524	27814724	8600190853	60406247
GLOBAL	X	12110001	12120000	0.0023517232515048	8483	18802360	7995141430	623798645
GLOBAL	X	12120001	12130000	0.0024669618688781	8950	22206972	9001749188	91674562
GLOBAL	X	12130001	12140000	0.0026191840685647	8753	22853128	8725285204	167981621
GLOBAL	X	12140001	12150000	0.0029825074883961	9131	27565616	9242429770	34894505
GLOBAL	X	12150001	12160000	0.0033419378281244	9337	31528196	9434106085	52519340
GLOBAL	X	12160001	12170000	0.0027197968466309	8955	24639484	9059310452	39193423
GLOBAL	X	12170001	12180000	0.0024870085071634	8757	21979856	8837869246	59461679
GLOBAL	X	12180001	12190000	0.0031790654923994	8621	27704164	8714562209	44589316
GLOBAL	X	12190001	12200000	0.0034576047374396	8789	30404892	8793628627	136215098
GLOBAL	X	12200001	12210000	0.0025310131187951	8919	22804308	9009952509	51974466
GLOBAL	X	12210001	12220000	0.0025588326759362	8675	22353096	8735661464	78355411
GLOBAL	X	12220001	12230000	0.002550663547758	9081	23389244	9169866414	56656611
GLOBAL	X	12230001	12240000	0.0023395815754723	9177	21753820	9298166915	25894510
GLOBAL	X	12240001	12250000	0.0029101060925108	8850	25948580	8916712716	75108534
GLOBAL	X	12250001	12260000	0.0031953830072516	8911	28733000	8992036302	61762473
GLOBAL	X	12260001	12270000	0.0032350000164767	7690	24239932	7493023764	320208486
GLOBAL	X	12270001	12280000	0.0028939890222491	9140	26727184	9235413056	51055444
GLOBAL	X	12280001	12290000	0.0019109047193827	9240	17869924	9351551555	36519445
GLOBAL	X	12290001	12300000	0.0024607663115847	8641	21528216	8748582057	30889968
GLOBAL	X	12300001	12310000	0.0019598319288526	8989	17835652	9100602831	32445894
GLOBAL	X	12310001	12320000	0.0022736833515358	9127	20964536	9220517002	52743173
GLOBAL	X	12320001	12330000	0.0028174329428586	9116	25991196	9225133846	36950054
GLOBAL	X	12330001	12340000	0.0040139885899494	8618	34866780	8686317666	69785784
GLOBAL	X	12340001	12350000	0.0031244988938976	8697	27508552	8804148420	32221005
GLOBAL	X	12350001	12360000	0.0033957753392531	8916	30555368	8998053448	60825452
GLOBAL	X	12360001	12370000	0.0053247599662868	9284	50074028	9403997235	28778865
GLOBAL	X	12370001	12380000	0.0032477036154852	8712	28588852	8802789720	48820080
GLOBAL	X	12380001	12390000	0.0028671918636591	8577	24534908	8557121102	157325323
GLOBAL	X	12390001	12400000	0.0025580091659847	8568	22133404	8652589793	52712407
GLOBAL	X	12400001	12410000	0.0026755136514853	9009	24312288	9086960923	66408302
GLOBAL	X	12410001	12420000	0.0031371274870205	8724	27671768	8820734291	43067809
GLOBAL	X	12420001	12430000	0.0020367406047205	9653	19877904	9759664021	48025304
GLOBAL	X	12430001	12440000	0.0027359451511974	8985	24861932	9087145621	41839004
GLOBAL	X	12440001	12450000	0.0029643177560198	8801	26323344	8880068254	61967771
GLOBAL	X	12450001	12460000	0.0042564555059916	8433	36135940	8489678783	78460042
GLOBAL	X	12460001	12470000	0.0025516709668775	8602	22115064	8666894865	72952185
GLOBAL	X	12470001	12480000	0.0052439436634385	7891	40035712	7634657153	382796122
GLOBAL	X	12480001	12490000	0.003698479781417	7838	27442340	7419897261	543706689
GLOBAL	X	12490001	12500000	0.0040471815919133	8330	31340336	7743743464	719744786
GLOBAL	X	12500001	12510000	0.0023322324600722	8443	19386664	8312492143	265806932
GLOBAL	X	12510001	12520000	0.0027202094805515	8215	21329056	7840960835	505684540
GLOBAL	X	12520001	12530000	0.0057821510101304	8055	46745104	8084379657	99701718
GLOBAL	X	12530001	12540000	0.0028859099001625	8847	25786584	8935339249	53433926
GLOBAL	X	12540001	12550000	0.0039245229885333	9020	35855776	9136339908	28205592
GLOBAL	X	12550001	12560000	0.0039926058790628	9109	36816248	9221107496	33864229
GLOBAL	X	12560001	12570000	0.0031268059878381	8510	26914048	8607520935	38851815
GLOBAL	X	12570001	12580000	0.0055529795136365	8251	46193408	8318670704	64551571
GLOBAL	X	12580001	12590000	0.0049232430341797	8728	43251496	8785163702	82702498
GLOBAL	X	12590001	12600000	0.0064270099351976	7510	46374156	7215510240	414837510
GLOBAL	X	12600001	12610000	0.0048140085955288	8870	41208360	8560092734	452049016
GLOBAL	X	12610001	12620000	0.0033272119819724	9017	30326696	9114747171	46750254
GLOBAL	X	12620001	12630000	0.0030331418487088	8568	26084448	8599811450	105490750
GLOBAL	X	12630001	12640000	0.0031609278115136	8694	27596008	8730350595	102970755
GLOBAL	X	12640001	12650000	0.0025054981863002	8901	22557952	9003379896	40258629
GLOBAL	X	12650001	12660000	0.003222737756683	8440	26591600	8251245372	324005628
GLOBAL	X	12660001	12670000	0.002083594889509	9177	19306604	9266006601	58054824
GLOBAL	X	12670001	12680000	0.0026578370837502	8650	23224720	8738203008	50413242
GLOBAL	X	12680001	12690000	0.0038061268923609	8570	32229372	8467760774	239573476
GLOBAL	X	12690001	12700000	0.0029308399482354	7934	22054692	7525041418	536100932
GLOBAL	X	12700001	12710000	0.0023603240026169	8946	21330148	9036957628	52402022
GLOBAL	X	12710001	12720000	0.0028992790264986	8399	24351800	8399260567	134333408
GLOBAL	X	12720001	12730000	0.003546658046593	7867	27771900	7830441964	162626711
GLOBAL	X	12730001	12740000	0.0026266005347694	8442	21712328	8266322843	310960207
GLOBAL	X	12740001	12750000	0.0031584814002977	8705	26923840	8524299050	320198575
GLOBAL	X	12750001	12760000	0.0015504237173496	9525	14970592	9655806882	21831243
GLOBAL	X	12760001	12770000	0.0024824864965236	8922	22357828	9006223410	58751640
GLOBAL	X	12770001	12780000	0.0019387118515283	9305	18257304	9417234431	36878194
GLOBAL	X	12780001	12790000	0.0029746517792887	8429	24876604	8362862562	201212163
GLOBAL	X	12790001	12800000	0.0034262262270604	7329	22408572	6540307182	906140043
GLOBAL	X	12800001	12810000	0.0033009246903987	8757	29036880	8796589660	100741265
GLOBAL	X	12810001	12820000	0.002318819977834	9076	21311496	9190664305	30778595
GLOBAL	X	12820001	12830000	0.0019542124390362	8822	17436020	8922274596	41097954
GLOBAL	X	12830001	12840000	0.0021817244777435	7816	16123680	7390337398	550914002
GLOBAL	X	12840001	12850000	0.0033668679910238	8576	28806568	8555894700	157535700
GLOBAL	X	12850001	12860000	0.0029201777885721	8396	24713048	8462857329	67688571
GLOBAL	X	12860001	12870000	0.0024051527608775	9208	22403124	9314636627	40921573
GLOBAL	X	12870001	12880000	0.0022931682781888	8136	18114648	7899397603	366981797
GLOBAL	X	12880001	12890000	0.0025263970740269	8875	22667464	8972249150	44972725
GLOBAL	X	12890001	12900000	0.0021518518146038	9170	19860132	9229321399	87627851
GLOBAL	X	12900001	12910000	0.0028043713386797	8409	23417240	8350263632	193490593
GLOBAL	X	12910001	12920000	0.0027187193965396	8736	23886288	8785860001	90134399
GLOBAL	X	12920001	12930000	0.0024906898438193	8530	21253976	8533369200	133324050
GLOBAL	X	12930001	12940000	0.0027185510445898	7762	19965544	7344185808	542200242
GLOBAL	X	12940001	12950000	0.0035724510023799	8705	31176900	8727033619	117464006
GLOBAL	X	12950001	12960000	0.0022658376399381	9291	21242940	9375314288	64573987
GLOBAL	X	12960001	12970000	0.0027509116038959	8229	22778820	8280462363	80407362
GLOBAL	X	12970001	12980000	0.0034081002278631	8249	28405340	8334655116	46535109
GLOBAL	X	12980001	12990000	0.00331692689699	8521	28187844	8498180658	159368367
GLOBAL	X	12990001	13000000	0.0034765322143645	8306	28932532	8322239006	116864644
GLOBAL	X	13000001	13010000	0.0034778677351649	8333	28745160	8265167680	201368645
GLOBAL	X	13010001	13020000	0.0041324453200687	7576	31256456	7563670800	133734600
GLOBAL	X	13020001	13030000	0.0031143943365701	7892	24344204	7816673603	201795697
GLOBAL	X	13030001	13040000	0.0032186206309103	8768	28199748	8761438900	147068300
GLOBAL	X	13040001	13050000	0.0034267584358946	7918	25941332	7570224889	474661061
GLOBAL	X	13050001	13060000	0.0027269610846757	7990	20802232	7628356751	489682999
GLOBAL	X	13060001	13070000	0.0034627446334391	7213	20837168	6017529505	1311058820
GLOBAL	X	13070001	13080000	0.0027835936823333	7577	19944144	7164890525	533530900
GLOBAL	X	13080001	13090000	0.001306471393342	6825	7293948	5582937397	1351433228
GLOBAL	X	13090001	13100000	0.0048287543258282	6151	22603408	4681001864	1568567911
GLOBAL	X	13100001	13110000	0.003051070963114	5025	4923412	1613666827	3492874823
GLOBAL	X	13110001	13120000	0.00063962757624804	3034	318908	498583882	2605372493
GLOBAL	X	13120001	13130000	0.0012318328226883	2287	119560	97058625	2226590550
GLOBAL	X	13130001	13140000	0.00049044383797459	1015	35444	72269233	958996142
GLOBAL	X	13140001	13150000	2.751269748604e-05	1445	2816	102352741	1365803384
GLOBAL	X	13150001	13160000	0.00084235460984581	4824	356740	423503351	4487961499
GLOBAL	X	13160001	13170000	0.0031578694658426	7026	19312272	6115601740	1022989910
GLOBAL	X	13170001	13180000	0.0030334076635894	8199	24989968	8238249115	92139860
GLOBAL	X	13180001	13190000	0.0032770245932529	8864	29166180	8900201744	105843856
GLOBAL	X	13190001	13200000	0.0032446213540439	8312	27091236	8349583216	95616584
GLOBAL	X	13200001	13210000	0.0025109298786035	8617	21703344	8643548426	111538999
GLOBAL	X	13210001	13220000	0.0022957920234016	7997	18423004	8024683339	100468586
GLOBAL	X	13220001	13230000	0.0026162324267157	8837	23391584	8940942617	37670308
GLOBAL	X	13230001	13240000	0.0019546022541984	9477	18757600	9596632747	32236178
GLOBAL	X	13240001	13250000	0.0020226220914444	8454	17113660	8461125819	128349531
GLOBAL	X	13250001	13260000	0.0038523536482492	8355	32416220	8414653212	74235663
GLOBAL	X	13260001	13270000	0.0031917074168906	8067	25442208	7971347206	224926469
GLOBAL	X	13270001	13280000	0.0039490566507699	7542	28275280	7160008706	502851844
GLOBAL	X	13280001	13290000	0.0023417911102224	9116	21475212	9170421694	91662206
GLOBAL	X	13290001	13300000	0.0025846277574053	8424	21979368	8503881434	55113166
GLOBAL	X	13300001	13310000	0.0030131357516669	8411	25460724	8449909363	95876912
GLOBAL	X	13310001	13320000	0.0031171535218915	8388	26177712	8397954036	124463664
GLOBAL	X	13320001	13330000	0.0034381098344073	8471	29315560	8526650227	80097548
GLOBAL	X	13330001	13340000	0.0029006113097461	9075	26597924	9169764977	50661898
GLOBAL	X	13340001	13350000	0.0019971532837891	9239	18681636	9354132280	32922695
GLOBAL	X	13350001	13360000	0.0026073011795515	8982	23653264	9071933916	54002634
GLOBAL	X	13360001	13370000	0.0017395076021362	8661	15023832	8636830320	162962205
GLOBAL	X	13370001	13380000	0.0033910743534543	8573	27009672	7964930634	745451691
GLOBAL	X	13380001	13390000	0.0040882190548753	7024	26413396	6460856340	675703260
GLOBAL	X	13390001	13400000	0.0040159477499592	8857	35526768	8846421869	152511556
GLOBAL	X	13400001	13410000	0.0051611624869666	8105	42220712	8180465565	54417060
GLOBAL	X	13410001	13420000	0.0032051630329737	8750	28169056	8788649972	101568778
GLOBAL	X	13420001	13430000	0.0030510206868901	8673	26691372	8748341863	63642962
GLOBAL	X	13430001	13440000	0.0028595934697808	9045	26149524	9144490039	45456086
GLOBAL	X	13440001	13450000	0.0034720515569449	8646	30355692	8742869022	41683128
GLOBAL	X	13450001	13460000	0.0042123918754213	8600	35256880	8369800589	368014411
GLOBAL	X	13460001	13470000	0.0029064531696773	9306	27313212	9397437497	57691153
GLOBAL	X	13470001	13480000	0.0026190212935299	9108	24053188	9184036823	69918877
GLOBAL	X	13480001	13490000	0.0026406702738205	8447	22492588	8517757110	64606065
GLOBAL	X	13490001	13500000	0.0027654199133672	8830	24547220	8876489202	95011548
GLOBAL	X	13500001	13510000	0.0031248928289001	8390	26443828	8462315173	62134577
GLOBAL	X	13510001	13520000	0.0027091565896353	8218	21964020	8107327603	242365847
GLOBAL	X	13520001	13530000	0.0023836681419932	8447	20094384	8430025827	152337348
GLOBAL	X	13530001	13540000	0.0027821149496881	8906	24992160	8983151470	65567180
GLOBAL	X	13540001	13550000	0.0033272794196301	7061	18537252	5571294040	1602858485
GLOBAL	X	13550001	13560000	0.0037847538234634	7526	24189128	6391202474	1255401676
GLOBAL	X	13560001	13570000	0.0038667244760865	6202	20818468	5384006057	917380993
GLOBAL	X	13570001	13580000	0.0045648553224512	6759	29434204	6448003698	419309277
GLOBAL	X	13580001	13590000	0.0033066866411206	8071	24229228	7327343238	872994537
GLOBAL	X	13590001	13600000	0.003527216572171	8205	27326840	7747423341	589061784
GLOBAL	X	13600001	13610000	0.0035050863860384	7259	23293288	6645567451	729758024
GLOBAL	X	13610001	13620000	0.006731089442443	6426	39431268	5858081123	670895527
GLOBAL	X	13620001	13630000	0.0069978176262806	8145	53159252	7596547215	678976410
GLOBAL	X	13630001	13640000	0.0048746930524535	8324	40937716	8398008974	59383126
GLOBAL	X	13640001	13650000	0.0033081477694283	8755	29138620	8808137372	87161503
GLOBAL	X	13650001	13660000	0.0050375434132207	8951	45470588	9026341665	68098110
GLOBAL	X	13660001	13670000	0.0052543441791858	8160	42706104	8127770573	162993427
GLOBAL	X	13670001	13680000	0.0041648429525384	8127	33749432	8103410473	153824702
GLOBAL	X	13680001	13690000	0.0031793754118282	7788	23076364	7258143821	654658879
GLOBAL	X	13690001	13700000	0.0028419425633113	8559	23131500	8139327057	556830918
GLOBAL	X	13700001	13710000	0.0034666445394653	7601	24538780	7078539412	644266613
GLOBAL	X	13710001	13720000	0.0038830714218066	7888	28492092	7337514278	676890922
GLOBAL	X	13720001	13730000	0.0034067726510053	8260	28419812	8342151036	50215464
GLOBAL	X	13730001	13740000	0.0031152341199333	7790	24250896	7784614275	130220475
GLOBAL	X	13740001	13750000	0.0035610911705884	6872	21828372	6129686367	852437433
GLOBAL	X	13750001	13760000	0.0021842447728157	3890	4769052	2183387164	1775046236
GLOBAL	X	13760001	13770000	0.0023302578020838	5668	9618420	4127620554	1687090521
GLOBAL	X	13770001	13780000	0.0032529876250391	8686	28342540	8712772155	112420995
GLOBAL	X	13780001	13790000	0.0027828759927014	9130	25537700	9176729422	99578828
GLOBAL	X	13790001	13800000	0.0019216711309528	9234	17942940	9337154371	44820479
GLOBAL	X	13800001	13810000	0.0028259748228427	8474	24180172	8556400363	53395487
GLOBAL	X	13810001	13820000	0.0033983953487434	8910	30592504	9002043865	50738885
GLOBAL	X	13820001	13830000	0.0025630547505042	8948	23113456	9017932994	73458706
GLOBAL	X	13830001	13840000	0.0031004003303332	8517	26580304	8573184482	80300443
GLOBAL	X	13840001	13850000	0.0024071668357701	9125	22152400	9202685776	68542349
GLOBAL	X	13850001	13860000	0.0028459451944122	8785	25134160	8831568524	94211101
GLOBAL	X	13860001	13870000	0.0027547088549144	8585	23725316	8612640119	109934506
GLOBAL	X	13870001	13880000	0.0028010427763667	8653	24421208	8718613013	73051312
GLOBAL	X	13880001	13890000	0.0027125084307652	9235	25311584	9331430536	51560339
GLOBAL	X	13890001	13900000	0.0037472272808112	8215	31037972	8282916854	63728521
GLOBAL	X	13900001	13910000	0.0037134185566995	7840	28461820	7664587109	301048891
GLOBAL	X	13910001	13920000	0.004477731010868	7426	31107708	6947203377	597798273
GLOBAL	X	13920001	13930000	0.0052238165524573	5157	19851788	3800246008	1440410942
GLOBAL	X	13930001	13940000	0.00012586341230645	2833	18288	145300367	2757483058
GLOBAL	X	13940001	13950000	0.0031784853461197	3575	6869444	2161231924	1476137576
GLOBAL	X	13950001	13960000	0.0032728777570495	8242	26845384	8202379066	171698984
GLOBAL	X	13960001	13970000	0.0029198009176516	8330	24250532	8305542975	157945275
GLOBAL	X	13970001	13980000	0.0041595214287013	8598	36072988	8672389028	63393922
GLOBAL	X	13980001	13990000	0.0046647649516862	8829	41595824	8917024637	53460088
GLOBAL	X	13990001	14000000	0.0039466608460866	8935	35555500	9009008219	69175156
GLOBAL	X	14000001	14010000	0.0043622745301688	8239	35736088	8192076806	178953169
GLOBAL	X	14010001	14020000	0.0050917631524132	7917	40265612	7907989982	135879943
GLOBAL	X	14020001	14030000	0.0064089802663777	8081	49762444	7764487006	446011019
GLOBAL	X	14030001	14040000	0.0072572374353343	7353	49409580	6808317964	662513861
GLOBAL	X	14040001	14050000	0.0053536998009672	8383	45384988	8477312828	40024747
GLOBAL	X	14050001	14060000	0.005870048554784	8555	50609164	8621592058	70501817
GLOBAL	X	14060001	14070000	0.0035391292473034	8705	30815824	8707176779	137320846
GLOBAL	X	14070001	14080000	0.0030478509682205	8653	26668384	8749897642	41766683
GLOBAL	X	14080001	14090000	0.0024594993907052	9424	23472024	9543415253	31604347
GLOBAL	X	14090001	14100000	0.0031561611457653	8302	26135524	8280795179	154244371
GLOBAL	X	14100001	14110000	0.0034205440132635	9117	31575616	9231167872	31932053
GLOBAL	X	14110001	14120000	0.0035918059063551	8701	31443552	8754245864	86187661
GLOBAL	X	14120001	14130000	0.0032658123306279	8056	21541800	6596153673	1588943727
GLOBAL	X	14130001	14140000	0.0020989895490789	5582	5677244	2704750961	2966700589
GLOBAL	X	14140001	14150000	0.0046001768204643	8453	38295604	8324811305	263648020
GLOBAL	X	14150001	14160000	0.0050215411327737	9002	45562652	9073439965	72817085
GLOBAL	X	14160001	14170000	0.0022321031912984	8930	20177648	9039746943	33356307
GLOBAL	X	14170001	14180000	0.0024916692480715	8805	22185224	8903759605	42340520
GLOBAL	X	14180001	14190000	0.0027172400214651	9487	26070756	9594572358	44456817
GLOBAL	X	14190001	14200000	0.002483858800413	8846	22244988	8955818260	31938890
GLOBAL	X	14200001	14210000	0.0022960128536571	8820	20215924	8804795656	156544844
GLOBAL	X	14210001	14220000	0.0030880535338945	8691	26627056	8622601813	207671462
GLOBAL	X	14220001	14230000	0.002831737487451	7924	21754904	7682528517	368453583
GLOBAL	X	14230001	14240000	0.0026664661200272	8301	22373712	8390773028	43250497
GLOBAL	X	14240001	14250000	0.0032312586799739	8855	28885876	8939512079	57389296
GLOBAL	X	14250001	14260000	0.002943838593854	7788	19387048	6585635517	1327167183
GLOBAL	X	14260001	14270000	0.0032780280084589	7177	18565468	5663608716	1628402709
GLOBAL	X	14270001	14280000	0.0063276833127987	8366	53269240	8418442796	81622354
GLOBAL	X	14280001	14290000	0.0056018424318622	7872	43949700	7845579474	152569326
GLOBAL	X	14290001	14300000	0.0054856530384784	7883	41411424	7549041784	460283291
GLOBAL	X	14300001	14310000	0.0053317678052338	8720	44692656	8382333521	477404479
GLOBAL	X	14310001	14320000	0.0052731470852542	8798	46868068	8888063853	50924097
GLOBAL	X	14320001	14330000	0.0072201029913942	8661	62091532	8599812506	199980019
GLOBAL	X	14330001	14340000	0.0051449541878045	7454	35761176	6950727780	622722570
GLOBAL	X	14340001	14350000	0.0032238620225845	8690	27892512	8651893848	177363402
GLOBAL	X	14350001	14360000	0.0038154694123781	7752	28811188	7551151611	325074189
GLOBAL	X	14360001	14370000	0.0031017485376929	8664	26943448	8686535247	116305353
GLOBAL	X	14370001	14380000	0.0031466214975703	8103	24988532	7941384758	291465817
GLOBAL	X	14380001	14390000	0.0035265449040759	8351	29601436	8393891700	90933075
GLOBAL	X	14390001	14400000	0.0040738893295581	8963	36825108	9039300045	67332030
GLOBAL	X	14400001	14410000	0.0035454763665743	8963	31941608	9009116039	97516036
GLOBAL	X	14410001	14420000	0.0027356057012444	9029	24851096	9084312110	89377615
GLOBAL	X	14420001	14430000	0.0028671960850047	8822	25536220	8906338891	57033659
GLOBAL	X	14430001	14440000	0.0030578628036487	8756	26697244	8730687318	165627582
GLOBAL	X	14440001	14450000	0.0029812598105277	8814	26509784	8892141472	63102878
GLOBAL	X	14450001	14460000	0.0026534056235293	9101	24422348	9204151745	42691780
GLOBAL	X	14460001	14470000	0.0032579178669677	8240	26572880	8156399604	215646396
GLOBAL	X	14470001	14480000	0.0028767807874563	8878	25652768	8917178574	103091376
GLOBAL	X	14480001	14490000	0.0038603271658423	9247	35774028	9267097441	128085734
GLOBAL	X	14490001	14500000	0.005664243392399	8156	46291972	8172666461	114033439
GLOBAL	X	14500001	14510000	0.0052349320484939	8200	42940692	8202721946	128683054
GLOBAL	X	14510001	14520000	0.0040505076509657	8795	35689948	8811228388	124711487
GLOBAL	X	14520001	14530000	0.0033177677209777	8690	29157400	8788258387	40998863
GLOBAL	X	14530001	14540000	0.0033978606570534	8438	28874620	8497882319	75336631
GLOBAL	X	14540001	14550000	0.0033579993118654	8125	27066220	8060222021	194981104
GLOBAL	X	14550001	14560000	0.0028077556656659	8560	24157604	8603883983	93290017
GLOBAL	X	14560001	14570000	0.003434784605732	8468	29260832	8518971452	84728248
GLOBAL	X	14570001	14580000	0.0035252128123365	8637	30773164	8729448586	45959339
GLOBAL	X	14580001	14590000	0.0030097150700542	8457	23798608	7907262796	685260629
GLOBAL	X	14590001	14600000	0.0028695986400094	8279	23964300	8351098187	60572788
GLOBAL	X	14600001	14610000	0.003382401097463	8789	29657488	8768175963	161667762
GLOBAL	X	14610001	14620000	0.0034584844819718	6880	22641136	6546548385	443703615
GLOBAL	X	14620001	14630000	0.0027279312301613	8540	23509128	8617932791	58920709
GLOBAL	X	14630001	14640000	0.0034976634070814	8610	30434780	8701460506	46514744
GLOBAL	X	14640001	14650000	0.0029595892143846	8188	23802160	8042386384	276826316
GLOBAL	X	14650001	14660000	0.0028553671276473	8686	24994976	8753682060	71511090
GLOBAL	X	14660001	14670000	0.0029910024007502	8778	26487080	8855586339	63081111
GLOBAL	X	14670001	14680000	0.0020791638542346	9199	19312760	9288714769	57699206
GLOBAL	X	14680001	14690000	0.0031169656630515	8182	24998280	8020069100	293047450
GLOBAL	X	14690001	14700000	0.0017979862442684	8690	15807024	8791515536	37741714
GLOBAL	X	14700001	14710000	0.0018930477656155	9369	17952860	9483574755	35563470
GLOBAL	X	14710001	14720000	0.0025835907159579	9155	23834488	9225334281	76374594
GLOBAL	X	14720001	14730000	0.0035514161366976	7377	25678668	7230543257	264673168
GLOBAL	X	14730001	14740000	0.0030348033987625	7215	21622620	7124883282	205737093
GLOBAL	X	14740001	14750000	0.0031886851076832	8710	27794108	8716479383	133098367
GLOBAL	X	14750001	14760000	0.0030352122751102	8317	24127776	7949287830	500992095
GLOBAL	X	14760001	14770000	0.00244560683782	8368	20508132	8385702756	116394444
GLOBAL	X	14770001	14780000	0.0025590575866702	8371	21545184	8419186857	85958418
GLOBAL	X	14780001	14790000	0.0022818948282131	8950	20099960	8808451534	284972216
GLOBAL	X	14790001	14800000	0.0029720132499602	8858	26570736	8940315458	59633992
GLOBAL	X	14800001	14810000	0.0033091678987298	8335	27877156	8424219276	44349099
GLOBAL	X	14810001	14820000	0.0032002467799967	9068	29257212	9142173717	71140983
GLOBAL	X	14820001	14830000	0.0029757393097004	8071	24060524	8085561770	114776005
GLOBAL	X	14830001	14840000	0.0028727131862924	7865	22554016	7851120017	139916608
GLOBAL	X	14840001	14850000	0.0026219274787857	7432	19209380	7326434524	224663276
GLOBAL	X	14850001	14860000	0.0035230705302557	7704	26649824	7564374250	263082350
GLOBAL	X	14860001	14870000	0.0031747942783764	9010	28186716	8878281088	276104162
GLOBAL	X	14870001	14880000	0.0027119699220512	8154	21951000	8094116318	190551532
GLOBAL	X	14880001	14890000	0.0029695250518576	7382	19618204	6606512374	893784176
GLOBAL	X	14890001	14900000	0.0028759875822348	8482	23978988	8337653524	280270526
GLOBAL	X	14900001	14910000	0.0034307698286676	7964	25558856	7449889464	641733636
GLOBAL	X	14910001	14920000	0.0050363076475709	6950	31575184	6269510564	791863186
GLOBAL	X	14920001	14930000	0.0029137893667473	8787	25783680	8848848271	78963404
GLOBAL	X	14930001	14940000	0.0037321885139628	8221	30866372	8270314290	82427235
GLOBAL	X	14940001	14950000	0.0039082916934257	8284	32356440	8278921467	137829633
GLOBAL	X	14950001	14960000	0.00256204937653	8777	22646704	8839292563	78358862
GLOBAL	X	14960001	14970000	0.0032369250061655	8053	26085576	8058752041	123297284
GLOBAL	X	14970001	14980000	0.0035149582273644	8475	30075984	8556569397	54242478
GLOBAL	X	14980001	14990000	0.0033863571638434	8451	28682364	8469976028	116451247
GLOBAL	X	14990001	15000000	0.0032426971419262	6868	22355348	6894059797	83999903
GLOBAL	X	15000001	15010000	0.0028481060794405	8739	25114060	8817810608	61231867
GLOBAL	X	15010001	15020000	0.0028473107007418	8933	25705848	9028114843	48036482
GLOBAL	X	15020001	15030000	0.0043656525500692	8121	35096856	8039314993	211824032
GLOBAL	X	15030001	15040000	0.0025417463802271	8852	22532632	8865019805	128833495
GLOBAL	X	15040001	15050000	0.0034210957362467	8419	28227124	8250901517	303012958
GLOBAL	X	15050001	15060000	0.0036656903767537	8263	29029584	7919267864	476146711
GLOBAL	X	15060001	15070000	0.0040962548126844	8462	34573252	8440210285	157393265
GLOBAL	X	15070001	15080000	0.0048296292871568	7254	34569048	7157702164	212543186
GLOBAL	X	15080001	15090000	0.0039549762982216	8674	34269656	8664945986	148054864
GLOBAL	X	15090001	15100000	0.0035597731529576	7947	27482468	7720286327	354064348
GLOBAL	X	15100001	15110000	0.0039900886617218	7499	29568692	7410535080	208636395
GLOBAL	X	15110001	15120000	0.0035421317067745	7708	25203940	7115472288	716048412
GLOBAL	X	15120001	15130000	0.0036055031699018	6947	23190132	6431871200	626454475
GLOBAL	X	15130001	15140000	0.0031084344563845	7265	21002520	6756623083	624798542
GLOBAL	X	15140001	15150000	0.0030017670012285	7779	23404812	7797011557	106646918
GLOBAL	X	15150001	15160000	0.0033977087519434	8613	29492040	8679978819	71044506
GLOBAL	X	15160001	15170000	0.0030402623650276	8768	26935400	8859564329	48942871
GLOBAL	X	15170001	15180000	0.0037639374084407	8592	32593040	8659293836	70392964
GLOBAL	X	15180001	15190000	0.0039922817342527	7971	31454472	7878820708	219914567
GLOBAL	X	15190001	15200000	0.0053243497415935	6872	33680320	6325715183	656408617
GLOBAL	X	15200001	15210000	0.005405898593907	8337	44372808	8208220563	262379862
GLOBAL	X	15210001	15220000	0.0048587777231047	8760	42956448	8840998796	59380204
GLOBAL	X	15220001	15230000	0.0060921825882006	7992	48968512	8037925865	82145935
GLOBAL	X	15230001	15240000	0.0034252175405563	8231	28445156	8304627564	58274211
GLOBAL	X	15240001	15250000	0.0046455626596274	8546	40111280	8634321166	48628484
GLOBAL	X	15250001	15260000	0.0054736929328184	7956	43955336	8030288973	53205927
GLOBAL	X	15260001	15270000	0.0048432681211188	8508	41264144	8519896683	124444017
GLOBAL	X	15270001	15280000	0.0060302077969468	7785	46716452	7747071672	162682953
GLOBAL	X	15280001	15290000	0.0034056774436011	7624	24485804	7189701434	556473166
GLOBAL	X	15290001	15300000	0.0047497773556303	6902	32280684	6796252031	216352519
GLOBAL	X	15300001	15310000	0.0034356850436323	8303	28717416	8358570601	77484974
GLOBAL	X	15310001	15320000	0.0037968144807229	8750	33159900	8733610812	156607938
GLOBAL	X	15320001	15330000	0.0032433206839442	8365	27314696	8421830174	77218951
GLOBAL	X	15330001	15340000	0.0036690366132004	8304	30636588	8350036053	87035547
GLOBAL	X	15340001	15350000	0.0040110939346914	8053	32334568	8061284160	120765165
GLOBAL	X	15350001	15360000	0.002726090431479	8875	24437596	8964337983	52883892
GLOBAL	X	15360001	15370000	0.0043170921289608	7293	30972020	7174278212	235592113
GLOBAL	X	15370001	15380000	0.0057183554712064	6434	29100480	5088959605	1448145245
GLOBAL	X	15380001	15390000	0.0041782660627234	6618	23603544	5649124217	1074929233
GLOBAL	X	15390001	15400000	0.0053771329621245	7531	38642216	7186397709	465286566
GLOBAL	X	15400001	15410000	0.0039822964119321	7945	31738904	7970000401	102318224
GLOBAL	X	15410001	15420000	0.0042917865017216	8199	34985068	8151632889	178756086
GLOBAL	X	15420001	15430000	0.0039479903175294	6276	20634256	5226521430	1152083520
GLOBAL	X	15430001	15440000	0.0036679523961944	1721	3535040	963763871	798023479
GLOBAL	X	15440001	15450000	0.00014289978995345	1442	3188	22309340	1443814735
GLOBAL	X	15450001	15460000	0.0006277696576728	835	20748	33050339	815330536
GLOBAL	X	15460001	15470000	4.6252835648764e-05	135	152	3286285	133877090
GLOBAL	X	15470001	15480000	0.0008511713151392	507	21088	24775271	490349404
GLOBAL	X	15480001	15490000	8.6319816888352e-05	1746	1580	18304024	1767867926
GLOBAL	X	15490001	15500000	0.0037793898554764	5902	21275044	5629227154	367352396
GLOBAL	X	15500001	15510000	0.0038559101819938	8535	32848644	8519037646	152735729
GLOBAL	X	15510001	15520000	0.0035454956521457	7895	27662228	7802076413	219440962
GLOBAL	X	15520001	15530000	0.0047326554090073	7766	36672072	7748730645	141719505
GLOBAL	X	15530001	15540000	0.0037071222836393	8646	32334992	8722396923	62155227
GLOBAL	X	15540001	15550000	0.0048567182659789	7688	37278600	7675676858	135523342
GLOBAL	X	15550001	15560000	0.0036587617647227	7330	26606228	7271921407	175541843
GLOBAL	X	15560001	15570000	0.0047560524138173	8131	37918400	7972662347	288636928
GLOBAL	X	15570001	15580000	0.0049271175614613	7874	37856256	7683245940	316934910
GLOBAL	X	15580001	15590000	0.0044854431575734	8447	38057504	8484669778	97693397
GLOBAL	X	15590001	15600000	0.0032277970169197	8536	26292008	8145496096	527293304
GLOBAL	X	15600001	15610000	0.0033711091673163	7688	24729896	7335833630	475366570
GLOBAL	X	15610001	15620000	0.0034329413085352	7566	25174260	7333146051	354099099
GLOBAL	X	15620001	15630000	0.0035728313616222	8558	30732528	8601729242	93412708
GLOBAL	X	15630001	15640000	0.0032410840222871	8876	28976572	8940395189	77842711
GLOBAL	X	15640001	15650000	0.0037945658807976	7687	29240076	7705776344	104407831
GLOBAL	X	15650001	15660000	0.003394209414622	8045	27122908	7990935351	182985774
GLOBAL	X	15660001	15670000	0.0045764646058504	8358	38184476	8343662475	148274475
GLOBAL	X	15670001	15680000	0.0035698938260696	8594	30805312	8629195573	102523277
GLOBAL	X	15680001	15690000	0.0040695404298071	8687	35318148	8678657605	147551570
GLOBAL	X	15690001	15700000	0.0044551164044581	8069	35569052	7983865913	214439812
GLOBAL	X	15700001	15710000	0.0035575387887233	8178	29072548	8172095858	136956592
GLOBAL	X	15710001	15720000	0.0033850981082498	7965	26447428	7812898520	279740605
GLOBAL	X	15720001	15730000	0.0045507155329689	7708	34451116	7570483312	261037388
GLOBAL	X	15730001	15740000	0.0030986248247337	7646	17836848	5756375492	2012151658
GLOBAL	X	15740001	15750000	0.0041601767635033	7956	32712052	7863139924	220354976
GLOBAL	X	15750001	15760000	0.0031151984572262	7920	19558612	6278448153	1768469847
GLOBAL	X	15760001	15770000	0.0033510155531355	7610	25354856	7566320000	165630250
GLOBAL	X	15770001	15780000	0.0035101706464314	8545	30242604	8615707624	66226001
GLOBAL	X	15780001	15790000	0.0040815567785991	8640	35044852	8586148350	192307650
GLOBAL	X	15790001	15800000	0.0034978552182742	8311	29087516	8315814745	128369030
GLOBAL	X	15800001	15810000	0.0039628573831082	7426	24466372	6173921904	1371079746
GLOBAL	X	15810001	15820000	0.0040355112497421	7955	31538384	7815213996	267264879
GLOBAL	X	15820001	15830000	0.0034622339681032	9171	31921852	9220015832	97949443
GLOBAL	X	15830001	15840000	0.0030704475048582	8257	25521492	8311977964	77340461
GLOBAL	X	15840001	15850000	0.0037600764151299	7960	29930368	7960042482	127516518
GLOBAL	X	15850001	15860000	0.0033376587050087	7960	25783900	7725145762	362413238
GLOBAL	X	15860001	15870000	0.0036464078385209	4465	10880408	2983870286	1552681339
GLOBAL	X	15870001	15880000	0.0041229032608728	1230	216792	52582364	1197128386
GLOBAL	X	15880001	15890000	0.00049798382946909	235	1500	3012146	235753729
GLOBAL	X	15890001	15900000	0.0036397408920407	1773	1140292	313289334	1488122991
GLOBAL	X	15900001	15910000	0.0039457554043829	5878	20651420	5233831772	738363178
GLOBAL	X	15910001	15920000	0.0040015258268755	7418	28097140	7021606561	515266889
GLOBAL	X	15920001	15930000	0.0036094183527122	7776	27432564	7600272764	300337636
GLOBAL	X	15930001	15940000	0.0037595047731504	7371	27087912	7205180904	283939371
GLOBAL	X	15940001	15950000	0.0034167136250185	8557	29320048	8581359522	112766403
GLOBAL	X	15950001	15960000	0.0052619779621086	8465	44474092	8451972304	148679321
GLOBAL	X	15960001	15970000	0.0085420864016313	7904	65199564	7632744617	397916983
GLOBAL	X	15970001	15980000	0.0084404018974889	7897	65035344	7705242569	318306856
GLOBAL	X	15980001	15990000	0.0079862112345595	6763	51222856	6413911991	457465084
GLOBAL	X	15990001	16000000	0.0073632980501949	7512	49212328	6683462718	948917082
GLOBAL	X	16000001	16010000	0.0051499696040996	7316	32613760	6332806309	1100432591
GLOBAL	X	16010001	16020000	0.0066824219362512	7249	44967020	6729150064	636015161
GLOBAL	X	16020001	16030000	0.0045517451000697	8023	36550504	8029997989	121570586
GLOBAL	X	16030001	16040000	0.0071123501733966	6980	47080552	6619549214	472305286
GLOBAL	X	16040001	16050000	0.0066858575152516	7685	50704732	7583878640	224273485
GLOBAL	X	16050001	16060000	0.0060546308076832	7512	44930684	7420879229	211500571
GLOBAL	X	16060001	16070000	0.0051596077100324	8751	45600144	8837909113	53325662
GLOBAL	X	16070001	16080000	0.0036406592341738	8526	31136912	8552547766	110081384
GLOBAL	X	16080001	16090000	0.0034149881737413	9243	31819340	9317554961	73564114
GLOBAL	X	16090001	16100000	0.0034777684161028	7919	27208124	7823443296	222458679
GLOBAL	X	16100001	16110000	0.003804670488352	6874	25598368	6728143233	256012617
GLOBAL	X	16110001	16120000	0.0074361906123423	6655	40933760	5504667932	1256978443
GLOBAL	X	16120001	16130000	0.0064650940659623	5489	26200020	4052535003	1524426222
GLOBAL	X	16130001	16140000	0.0074956211699713	6350	36189888	4828137279	1623621471
GLOBAL	X	16140001	16150000	0.0068128980823025	8372	56339244	8269497550	236663750
GLOBAL	X	16150001	16160000	0.0055389903095353	8347	46654200	8422870847	57889828
GLOBAL	X	16160001	16170000	0.0078344479575914	7874	61081524	7796531974	203648876
GLOBAL	X	16170001	16180000	0.0048364219074328	8418	41145048	8507332236	45566214
GLOBAL	X	16180001	16190000	0.0058132694966003	8522	50003228	8601567161	56997889
GLOBAL	X	16190001	16200000	0.0054075069280485	7950	40611636	7510232819	567165931
GLOBAL	X	16200001	16210000	0.0058393876514333	8654	50990144	8732104639	60575711
GLOBAL	X	16210001	16220000	0.0032667029485787	8401	27491200	8415580000	120046025
GLOBAL	X	16220001	16230000	0.0040795321207431	8397	34403984	8433316121	98245804
GLOBAL	X	16230001	16240000	0.0066609203981117	7057	41853756	6283479384	886609041
GLOBAL	X	16240001	16250000	0.0053474409273435	7223	32259508	6032700209	1306048366
GLOBAL	X	16250001	16260000	0.0048554056412734	7551	35394140	7289636050	382368725
GLOBAL	X	16260001	16270000	0.0034060118976985	8096	27804412	8163333786	62404614
GLOBAL	X	16270001	16280000	0.0030031908969709	8704	26447544	8806481142	37000458
GLOBAL	X	16280001	16290000	0.0032988180477019	8928	29710936	9006539788	64531412
GLOBAL	X	16290001	16300000	0.0038364099567263	8544	32990220	8599242618	81674982
GLOBAL	X	16300001	16310000	0.0035554509048884	8701	31102736	8747901977	92531548
GLOBAL	X	16310001	16320000	0.0034032290768029	8108	27724392	8146495982	91434718
GLOBAL	X	16320001	16330000	0.0038848814298749	8769	34314428	8832812177	76711048
GLOBAL	X	16330001	16340000	0.0057450322334018	7971	44797648	7797632142	301103133
GLOBAL	X	16340001	16350000	0.0050041920506312	8032	39724992	7938342813	222369987
GLOBAL	X	16350001	16360000	0.0037214171129805	7323	25488140	6849041434	591309641
GLOBAL	X	16360001	16370000	0.0038473294400208	6824	23675204	6153672143	779682457
GLOBAL	X	16370001	16380000	0.0078259868362162	2833	15811860	2020430181	857968644
GLOBAL	X	16380001	16390000	NA	0	NA	NA	NA
GLOBAL	X	16390001	16400000	0.0008238800055273	431	316	383551	437523224
GLOBAL	X	16400001	16410000	0	231	0	6619113	238242912
GLOBAL	X	16410001	16420000	0.00069412431713533	1219	7336	10568712	1248286263
GLOBAL	X	16420001	16430000	0.0024412020659803	359	648	265443	370583682
GLOBAL	X	16430001	16440000	0.0070694508402392	5550	33665880	4762163393	890999707
GLOBAL	X	16440001	16450000	0.0051681693118199	5564	22682372	4388860084	1264303016
GLOBAL	X	16450001	16460000	7.5924403353695e-05	2409	17268	227436756	2318721894
GLOBAL	X	16460001	16470000	0	358	0	192537	363544413
GLOBAL	X	16470001	16480000	0	9	0	5398	9138827
GLOBAL	X	16480001	16490000	0.0009658182348305	370	424	439006	383618444
GLOBAL	X	16490001	16500000	0.0010854854469521	388	2504	2306802	391910898
GLOBAL	X	16500001	16510000	0.00025053589544709	1225	5412	21601695	1252493655
GLOBAL	X	16510001	16520000	0.0016908085409291	5604	1622536	959621365	4734182735
GLOBAL	X	16520001	16530000	0.0079245248303731	4783	25813788	3257455627	1627592573
GLOBAL	X	16530001	16540000	0.0085891022526759	6048	47992624	5587618192	557301008
GLOBAL	X	16540001	16550000	0.0090041006411905	5250	28841560	3203158333	2130972917
GLOBAL	X	16550001	16560000	0.0026883811276126	4944	5301760	1972101331	3051126269
GLOBAL	X	16560001	16570000	0.011214819889039	3969	23044020	2054782888	1988996612
GLOBAL	X	16570001	16580000	0.010537489762908	4101	20204724	1917413393	2249305132
GLOBAL	X	16580001	16590000	0.0019756880870708	2329	41284	20896011	2450076789
GLOBAL	X	16590001	16600000	0.00073390583729905	3393	95276	129820469	3348033106
GLOBAL	X	16600001	16610000	0.0001317599234252	2744	17244	130874393	2684530882
GLOBAL	X	16610001	16620000	0.00081316598103637	4148	68188	83854959	4200722466
GLOBAL	X	16620001	16630000	0.00061112717114196	5286	80344	131468545	5286992780
GLOBAL	X	16630001	16640000	0.0011352196379524	4095	157728	138940514	4100931811
GLOBAL	X	16640001	16650000	0.018239306271483	3193	29162020	1598855766	1668680634
GLOBAL	X	16650001	16660000	0.0033232750677974	2018	427044	128500949	1926917626
GLOBAL	X	16660001	16670000	0.0098086642902675	2975	16010692	1632300946	1429998404
GLOBAL	X	16670001	16680000	0.015152651140894	3502	34121876	2251874981	1306244569
GLOBAL	X	16680001	16690000	0.0087997066787912	4528	15996056	1817794227	2794959273
GLOBAL	X	16690001	16700000	0.0088332287032542	4760	27026032	3059587033	1776691967
GLOBAL	X	16700001	16710000	0.012454236720908	3796	30103844	2417156882	1439674018
GLOBAL	X	16710001	16720000	0.0098416109518089	2432	5676920	576828329	1921577146
GLOBAL	X	16720001	16730000	0.00013038792868556	1503	6520	50004629	1512641821
GLOBAL	X	16730001	16740000	0.0073667993419927	4123	24661348	3347634007	896302418
GLOBAL	X	16740001	16750000	0.0069480434464864	7997	55040076	7921665491	203486434
GLOBAL	X	16750001	16760000	0.00714585723172	7754	53781208	7526208019	352049831
GLOBAL	X	16760001	16770000	0.0046010282735409	6588	26420952	5742401574	951171126
GLOBAL	X	16770001	16780000	0.0062544313773238	7758	47682600	7623810563	258511387
GLOBAL	X	16780001	16790000	0.0046928612044763	8846	41817340	8910840994	76916156
GLOBAL	X	16790001	16800000	0.0037545324084246	9000	33997836	9055145169	89079831
GLOBAL	X	16800001	16810000	0.0031245478641172	8348	26237040	8397067717	84708983
GLOBAL	X	16810001	16820000	0.0043927212774467	7980	34801220	7922473975	185405525
GLOBAL	X	16820001	16830000	0.0043614099887209	8072	35445440	8127059848	74293952
GLOBAL	X	16830001	16840000	0.0039851673901747	8628	34673216	8700567029	65696671
GLOBAL	X	16840001	16850000	0.0064891184564564	7663	46855808	7220673858	565125717
GLOBAL	X	16850001	16860000	0.0058985023569289	6348	29607776	5019541268	1430185432
GLOBAL	X	16860001	16870000	0.0064942806670903	7365	46574724	7171652472	311371653
GLOBAL	X	16870001	16880000	0.0039645613845495	8686	34828784	8785028310	40164840
GLOBAL	X	16880001	16890000	0.0051721493395573	8941	46586824	9007246493	77033032
GLOBAL	X	16890001	16900000	0.0039504511842149	7673	28915372	7319511279	476448546
GLOBAL	X	16900001	16910000	0.0044446099508524	8286	36746296	8267608723	151174427
GLOBAL	X	16910001	16920000	0.0038101228870801	8275	31364188	8231804834	175802041
GLOBAL	X	16920001	16930000	0.0047058252764686	7759	34780136	7390868542	492469433
GLOBAL	X	16930001	16940000	0.0025478026667663	9156	23539552	9239158239	63566661
GLOBAL	X	16940001	16950000	0.0044878777454602	8674	39363388	8771047304	41953546
GLOBAL	X	16950001	16960000	0.0033464672699436	8633	29103464	8696772343	74571482
GLOBAL	X	16960001	16970000	0.0036618322133905	8703	32180492	8788084796	54380779
GLOBAL	X	16970001	16980000	0.0039621394073572	8714	34460756	8697512242	156129608
GLOBAL	X	16980001	16990000	0.004284667583278	8558	36669088	8558210710	136931240
GLOBAL	X	16990001	17000000	0.0036952858079296	8125	30105064	8146883777	108319348
GLOBAL	X	17000001	17010000	0.0023811615032068	9056	21648040	9091378292	109744108
GLOBAL	X	17010001	17020000	0.0029276284949663	7685	22310620	7620714185	187437940
GLOBAL	X	17020001	17030000	0.0056672973510844	7315	39889872	7038605799	393617076
GLOBAL	X	17030001	17040000	0.0041914808330056	7207	29968968	7149971381	172520794
GLOBAL	X	17040001	17050000	0.0051594866988009	8531	41218196	7988817184	678892091
GLOBAL	X	17050001	17060000	0.0049144739674694	7614	37313288	7592529383	143484967
GLOBAL	X	17060001	17070000	0.0035961213211108	9027	32856288	9136590528	35067147
GLOBAL	X	17070001	17080000	0.0038524324303189	7987	30819936	8000123703	114867972
GLOBAL	X	17080001	17090000	0.0041574486628717	8606	35817524	8615265492	128645658
GLOBAL	X	17090001	17100000	0.0045764581571547	8421	38748124	8466836726	89109799
GLOBAL	X	17100001	17110000	0.0036527062228198	7998	29337440	8031699844	94468106
GLOBAL	X	17110001	17120000	0.0045546929074903	8472	38704608	8497742611	110021189
GLOBAL	X	17120001	17130000	0.0034458846997444	8627	30038756	8717284128	47963547
GLOBAL	X	17130001	17140000	0.0033383236868137	7826	25721048	7704779528	246632122
GLOBAL	X	17140001	17150000	0.0034094916737679	8770	30081296	8822809638	87729612
GLOBAL	X	17150001	17160000	0.0045436562715548	8003	36611484	8057714275	73533800
GLOBAL	X	17160001	17170000	0.0052398585872828	8271	43249336	8253912826	149629949
GLOBAL	X	17170001	17180000	0.0054111942856425	8255	44612696	8244519351	142767024
GLOBAL	X	17180001	17190000	0.0067473876183064	8381	56851136	8425651410	89654115
GLOBAL	X	17190001	17200000	0.0042578889660052	7785	32818072	7707592251	202162374
GLOBAL	X	17200001	17210000	0.0030560314190098	8440	26065208	8529103411	46147589
GLOBAL	X	17210001	17220000	0.0048953904217981	7674	37815776	7724772233	72203617
GLOBAL	X	17220001	17230000	0.0045353095386373	7119	31506800	6947001022	286080953
GLOBAL	X	17230001	17240000	0.0061285027531113	7568	45298876	7391507816	297769384
GLOBAL	X	17240001	17250000	0.0073814535930582	6697	44850452	6076100247	728219178
GLOBAL	X	17250001	17260000	0.0081635369131606	7558	60989028	7470907359	208209591
GLOBAL	X	17260001	17270000	0.0073761517828326	6926	47103788	6385956985	651032165
GLOBAL	X	17270001	17280000	0.0083164281277421	6950	55179424	6634990786	426382964
GLOBAL	X	17280001	17290000	0.010673185821599	7488	78778060	7380932115	227063085
GLOBAL	X	17290001	17300000	0.0079346317467551	7287	56653024	7139968912	263805263
GLOBAL	X	17300001	17310000	0.0068300217393133	7776	50950276	7459753123	440857277
GLOBAL	X	17310001	17320000	0.0093477536166515	6716	62325096	6667387541	156236359
GLOBAL	X	17320001	17330000	0.0049866167312544	8458	42068740	8436329132	157210318
GLOBAL	X	17330001	17340000	0.0040734986691022	8227	33521512	8229169744	129667931
GLOBAL	X	17340001	17350000	0.0073015408365622	8210	59738412	8181617187	159948063
GLOBAL	X	17350001	17360000	0.0066161744936452	6684	37263552	5632190027	1158921073
GLOBAL	X	17360001	17370000	0.0086438044400027	8642	75210680	8701108467	79379583
GLOBAL	X	17370001	17380000	0.0076181336304141	7667	57528428	7551512062	238351613
GLOBAL	X	17380001	17390000	0.0063463266547287	7885	50458216	7950775109	60582016
GLOBAL	X	17390001	17400000	0.0056631101615525	8456	48266916	8523040277	68467123
GLOBAL	X	17400001	17410000	0.0045876735006501	7761	34568064	7534987831	350382194
GLOBAL	X	17410001	17420000	0.0032946345315803	8979	29830476	9054259498	68628977
GLOBAL	X	17420001	17430000	0.006761077940878	8507	58079036	8590203590	53121085
GLOBAL	X	17430001	17440000	0.0047071044437382	8131	38385676	8154838385	106460890
GLOBAL	X	17440001	17450000	0.0035210221890043	8358	29660300	8423775372	68161578
GLOBAL	X	17450001	17460000	0.0026289681038834	8388	22269292	8470734950	51682750
GLOBAL	X	17460001	17470000	0.003417926389285	8108	27906680	8164798425	73132275
GLOBAL	X	17470001	17480000	0.0035770540145657	8501	30518892	8531851036	105377489
GLOBAL	X	17480001	17490000	0.0029618705216486	7694	22670336	7654060444	163235906
GLOBAL	X	17490001	17500000	0.0030907071756842	8461	26399668	8541627045	54960480
GLOBAL	X	17500001	17510000	0.0024868037743096	8971	22529916	9059788405	54971870
GLOBAL	X	17510001	17520000	0.003053354572342	7927	24213908	7930264051	123766124
GLOBAL	X	17520001	17530000	0.0070537888400986	6403	40969892	5808210726	697397349
GLOBAL	X	17530001	17540000	0.004643277762765	8101	37403028	8055307029	175511496
GLOBAL	X	17540001	17550000	0.0029372727383065	7729	21492124	7317033832	535823393
GLOBAL	X	17550001	17560000	0.0039646905084515	8338	33393928	8422833492	48782958
GLOBAL	X	17560001	17570000	0.005243391950258	6997	34585392	6595995937	513130988
GLOBAL	X	17570001	17580000	0.0057728891400126	6952	38612252	6688549020	374856780
GLOBAL	X	17580001	17590000	0.0059530108224005	7457	44002976	7391717790	184780635
GLOBAL	X	17590001	17600000	0.0096301694004402	6101	51710316	5369616447	829152078
GLOBAL	X	17600001	17610000	0.0068601761110903	6817	44904484	6545675107	380567318
GLOBAL	X	17610001	17620000	0.0049147049412082	8155	40265308	8192823065	92860810
GLOBAL	X	17620001	17630000	0.0032344322692518	8258	26646168	8238282883	152051567
GLOBAL	X	17630001	17640000	0.0051501031150464	8087	41702556	8097421560	119172615
GLOBAL	X	17640001	17650000	0.0095769047105502	8143	75548928	7888658213	384833362
GLOBAL	X	17650001	17660000	0.005984494011527	7896	42810476	7153566520	868966880
GLOBAL	X	17660001	17670000	0.0042172627885124	6658	23781036	5638974186	1125720264
GLOBAL	X	17670001	17680000	0.004350640167469	7776	33341572	7663601382	237009018
GLOBAL	X	17680001	17690000	0.0043305677604312	5962	22299244	5149265693	908275357
GLOBAL	X	17690001	17700000	0.0047826083361025	7161	33022824	6904772810	370982215
GLOBAL	X	17700001	17710000	0.0074192072332562	6782	49169824	6627368997	263312553
GLOBAL	X	17710001	17720000	0.0062100015756328	5385	29878132	4811292177	660002448
GLOBAL	X	17720001	17730000	0.0066674302867256	7971	53499280	8023972910	74762365
GLOBAL	X	17730001	17740000	0.0069320487757173	5644	30937228	4462927051	1271518049
GLOBAL	X	17740001	17750000	0.0058746961239173	3857	17638148	3002393252	916415173
GLOBAL	X	17750001	17760000	0.0079089361080081	2752	14407168	1821631608	974469192
GLOBAL	X	17760001	17770000	0.0057692696040126	4853	23618364	4093822203	836947122
GLOBAL	X	17770001	17780000	0.0065763943343697	7323	44646712	6788934746	651416329
GLOBAL	X	17780001	17790000	0.007934184222563	7149	53924240	6796444157	467118568
GLOBAL	X	17790001	17800000	0.0047393638662542	9029	43152340	9105091151	68598574
GLOBAL	X	17800001	17810000	0.0043274197509662	8211	35760956	8263805699	78775576
GLOBAL	X	17810001	17820000	0.0031338080546193	7979	24895004	7944010471	162853004
GLOBAL	X	17820001	17830000	0.0038591544103585	8524	32519676	8426632506	233964594
GLOBAL	X	17830001	17840000	0.0027789290392051	7436	19922608	7169167589	385994311
GLOBAL	X	17840001	17850000	0.00959353300716	3291	14402500	1501271741	1842466534
GLOBAL	X	17850001	17860000	0.00081056611668357	2736	47376	58448039	2742732886
GLOBAL	X	17860001	17870000	0.00037134584844299	3781	41208	110969330	3769230145
GLOBAL	X	17870001	17880000	0.0010084749853057	3247	116380	115401970	3193791455
GLOBAL	X	17880001	17890000	0.0012026057914058	4181	282076	234554001	4020558699
GLOBAL	X	17890001	17900000	0.0035301919255614	3912	6897712	1953919828	2020769972
GLOBAL	X	17900001	17910000	0.0069738859357221	6163	36159712	5185016264	1076745811
GLOBAL	X	17910001	17920000	0.0062947282390888	6978	41130244	6534077793	555744657
GLOBAL	X	17920001	17930000	0.0078179979210652	7501	55796120	7136880895	484322630
GLOBAL	X	17930001	17940000	0.0063645149274051	8351	53564028	8416042481	68782294
GLOBAL	X	17940001	17950000	0.0068665711632597	8349	57907216	8433207000	49585725
GLOBAL	X	17950001	17960000	0.005265019104484	8035	42524036	8076710674	87050201
GLOBAL	X	17960001	17970000	0.0046465094312953	8244	38621640	8311968494	64141606
GLOBAL	X	17970001	17980000	0.0039925638155842	8414	33741396	8451059910	97774440
GLOBAL	X	17980001	17990000	0.0040073910047608	8020	32003480	7986113649	162406851
GLOBAL	X	17990001	18000000	0.0048417822512713	8214	38010352	7850487698	495141652
GLOBAL	X	18000001	18010000	0.0053214635211537	8523	45703868	8588589928	70991147
GLOBAL	X	18010001	18020000	0.0045004364542045	7648	34291160	7619518762	151040438
GLOBAL	X	18020001	18030000	0.0046913992900794	8029	36370068	7752498935	405165790
GLOBAL	X	18030001	18040000	0.00374750098397	7608	26979116	7199228530	530689670
GLOBAL	X	18040001	18050000	0.0034519873433744	9135	31924008	9248008415	33379960
GLOBAL	X	18050001	18060000	0.0030426731355063	8227	25073288	8240546021	118291654
GLOBAL	X	18060001	18070000	0.0047334389637141	8881	42410800	8959828219	63489806
GLOBAL	X	18070001	18080000	0.0047322951709821	9042	42912796	9068072563	118825487
GLOBAL	X	18080001	18090000	0.00541376111305	8722	47750248	8820161622	41608428
GLOBAL	X	18090001	18100000	0.0041301758458125	8697	36147520	8752053508	84315917
GLOBAL	X	18100001	18110000	0.0041653005654983	8978	37688516	9048210425	73662025
GLOBAL	X	18110001	18120000	0.0030399815399993	8557	26136568	8597607471	96518454
GLOBAL	X	18120001	18130000	0.0033083741817729	8224	27245380	8235277663	120511937
GLOBAL	X	18130001	18140000	0.0038997848349671	7228	23233688	5957684586	1386144114
GLOBAL	X	18140001	18150000	0.0032891308322616	8063	25819144	7849837941	342371634
GLOBAL	X	18150001	18160000	0.003444531248368	9045	31451020	9130711186	59234939
GLOBAL	X	18160001	18170000	0.0043310455803011	7523	32562184	7518319398	125236677
GLOBAL	X	18170001	18180000	0.0032065123989358	8435	26199468	8170705346	399465529
GLOBAL	X	18180001	18190000	0.0022453796072379	8400	19046440	8482503332	52106668
GLOBAL	X	18190001	18200000	0.0039986031216866	9208	37240400	9313352405	42205795
GLOBAL	X	18200001	18210000	0.0037346211922116	8917	33692200	9021584323	38310602
GLOBAL	X	18210001	18220000	0.0050620145567806	7956	40414476	7983871944	99622956
GLOBAL	X	18220001	18230000	0.0027650119640663	8754	24435488	8837389609	56893241
GLOBAL	X	18230001	18240000	0.0048705374603437	8115	39894320	8190948191	54094684
GLOBAL	X	18240001	18250000	0.0072794024029172	7981	58532832	8040884232	68011293
GLOBAL	X	18250001	18260000	0.0035369779804757	9124	32537008	9199098264	71113836
GLOBAL	X	18260001	18270000	0.004506823099795	8486	38183776	8472437270	149550880
GLOBAL	X	18270001	18280000	0.0035306768608898	8731	31044532	8792799008	78115267
GLOBAL	X	18280001	18290000	0.0034261335654089	8504	29278216	8545555928	94720672
GLOBAL	X	18290001	18300000	0.0046273807353122	8705	40648540	8784351737	60145888
GLOBAL	X	18300001	18310000	0.0052542743508622	8528	45165116	8595880798	68780402
GLOBAL	X	18310001	18320000	0.004456896932779	8943	40163876	9011623245	74688330
GLOBAL	X	18320001	18330000	0.0046949153701906	8783	41586352	8857742626	66004949
GLOBAL	X	18330001	18340000	0.0054238252469204	8003	43528728	8025466533	105781542
GLOBAL	X	18340001	18350000	0.003704282196015	9047	33840388	9135477863	56500312
GLOBAL	X	18350001	18360000	0.0048529218352312	8642	41134504	8476234606	304253444
GLOBAL	X	18360001	18370000	0.0030206028667065	8891	26906600	8907692003	125786272
GLOBAL	X	18370001	18380000	0.0053682441409882	8954	48276588	8992994121	104493729
GLOBAL	X	18380001	18390000	0.0051052912203609	8315	42610460	8346332885	101914990
GLOBAL	X	18390001	18400000	0.0054437137941957	8774	48210760	8856226066	58377284
GLOBAL	X	18400001	18410000	0.0039952846839865	8242	32950964	8247463349	126614701
GLOBAL	X	18410001	18420000	0.0058178989020615	8783	51381868	8831688014	92059561
GLOBAL	X	18420001	18430000	0.003887508297624	8104	31020084	7979425798	254440802
GLOBAL	X	18430001	18440000	0.0044785480971545	8495	38097096	8506572928	124559447
GLOBAL	X	18440001	18450000	0.0039830219819622	8123	28842540	7241371032	1011800043
GLOBAL	X	18450001	18460000	0.0043382693324728	8349	36338032	8376158605	106634120
GLOBAL	X	18460001	18470000	0.0035481592896792	7905	28240540	7959208619	72469006
GLOBAL	X	18470001	18480000	0.0042655615288615	8456	36283808	8506220753	85286647
GLOBAL	X	18480001	18490000	0.0046621918103582	8197	38275936	8209858701	118498224
GLOBAL	X	18490001	18500000	0.003284629172249	8677	28608452	8709796601	106252324
GLOBAL	X	18500001	18510000	0.003713511533398	8614	32176436	8664692626	87346724
GLOBAL	X	18510001	18520000	0.0032239384877073	7776	25205180	7818133037	82477363
GLOBAL	X	18520001	18530000	0.0040132921199088	8480	34375020	8565292277	50599723
GLOBAL	X	18530001	18540000	0.0044985879298769	8509	38584220	8576962505	68394220
GLOBAL	X	18540001	18550000	0.00487320123003	8138	39737064	8154201340	114210110
GLOBAL	X	18550001	18560000	0.0047988760425181	8727	42171768	8787842742	79007433
GLOBAL	X	18560001	18570000	0.003126043496174	6362	11987024	3834567246	2637512004
GLOBAL	X	18570001	18580000	0.0029335368532035	6944	11024340	3758036988	3298256637
GLOBAL	X	18580001	18590000	0.0054402362605431	7663	41539992	7635696321	157215429
GLOBAL	X	18590001	18600000	0.0049196652831739	8375	41188184	8372151687	137057688
GLOBAL	X	18600001	18610000	0.0047908840673439	8672	41815864	8728214545	82754255
GLOBAL	X	18610001	18620000	0.0048376087004421	8312	40199532	8309794051	135405749
GLOBAL	X	18620001	18630000	0.0038446016413642	8342	32044688	8334982656	140697894
GLOBAL	X	18630001	18640000	0.0030911585622233	8927	27906728	9027918639	42136536
GLOBAL	X	18640001	18650000	0.0024246284380145	9192	22526488	9290696936	48604864
GLOBAL	X	18650001	18660000	0.0044604772483804	8472	37845588	8484649936	123113864
GLOBAL	X	18660001	18670000	0.0049834032433843	8341	41747200	8377247026	97417499
GLOBAL	X	18670001	18680000	0.0033348095161811	9305	31427176	9423979345	30133280
GLOBAL	X	18680001	18690000	0.0030467654376171	9423	29020852	9525134965	48868610
GLOBAL	X	18690001	18700000	0.0032874017441641	8511	28162600	8566826385	80562390
GLOBAL	X	18700001	18710000	0.0030725048989206	8319	25830180	8406880005	45431970
GLOBAL	X	18710001	18720000	0.0028972098631793	8622	24954948	8613441614	146725936
GLOBAL	X	18720001	18730000	0.0028467885993138	8440	24142024	8480441437	94809563
GLOBAL	X	18730001	18740000	0.0036442623914764	8474	31245272	8573826098	35969752
GLOBAL	X	18740001	18750000	0.0050511270092585	8835	45072268	8923210190	53370685
GLOBAL	X	18750001	18760000	0.0042414047060777	8867	37942676	8945780615	63313060
GLOBAL	X	18760001	18770000	0.0032185337455079	8412	27396192	8512010178	34792122
GLOBAL	X	18770001	18780000	0.0033520576676668	9209	31241504	9320097414	36476811
GLOBAL	X	18780001	18790000	0.0037513660697939	8852	33600496	8956869411	36983889
GLOBAL	X	18790001	18800000	0.0029405326215313	8589	25479840	8665042453	61596272
GLOBAL	X	18800001	18810000	0.0037359701814534	8613	32308144	8647859172	103164153
GLOBAL	X	18810001	18820000	0.0024207232693522	8272	20195548	8342774350	61784450
GLOBAL	X	18820001	18830000	0.0024987766513427	8981	22703076	9085676380	39244145
GLOBAL	X	18830001	18840000	0.0036336197224123	8604	30914608	8507937088	233942012
GLOBAL	X	18840001	18850000	0.0037417422370555	8331	31231644	8346818680	117685595
GLOBAL	X	18850001	18860000	0.0050045051202222	8587	43212132	8634646376	89960299
GLOBAL	X	18860001	18870000	0.0047328358911403	8681	41479696	8764237120	55875905
GLOBAL	X	18870001	18880000	0.006055890439572	7136	42410712	7003216525	247137875
GLOBAL	X	18880001	18890000	0.00556371035745	8528	47536876	8544096106	120565094
GLOBAL	X	18890001	18900000	0.0052792903621537	8770	46323976	8774659627	135879623
GLOBAL	X	18900001	18910000	0.0041880569783519	8164	34270916	8183010923	111817177
GLOBAL	X	18910001	18920000	0.003189175870726	7878	24642404	7726887760	277357190
GLOBAL	X	18920001	18930000	0.0031686749289133	8898	28483200	8988994024	51596426
GLOBAL	X	18930001	18940000	0.0030731069657142	8014	24773476	8061377712	81046638
GLOBAL	X	18940001	18950000	0.0034860153619403	8106	28149476	8074971874	160926776
GLOBAL	X	18950001	18960000	0.0035202196210085	8661	30663604	8710707655	89084870
GLOBAL	X	18960001	18970000	0.003240061466092	8015	25855500	7979941205	163499170
GLOBAL	X	18970001	18980000	0.0050220625264266	8439	42893820	8541076455	33158520
GLOBAL	X	18980001	18990000	0.0033840366557686	8548	29241344	8640965502	44016198
GLOBAL	X	18990001	19000000	0.0028093388802048	7802	22042004	7845975491	81051559
GLOBAL	X	19000001	19010000	0.0029320359435521	8410	24921044	8499569746	45200504
GLOBAL	X	19010001	19020000	0.0047435342240953	8142	38693188	8157037806	115437744
GLOBAL	X	19020001	19030000	0.0025499853592356	8780	22470712	8812094516	108604984
GLOBAL	X	19030001	19040000	0.003322978709324	8613	28579520	8600572709	150450616
GLOBAL	X	19040001	19050000	0.0042605011818686	8454	36127132	8479549813	109925537
GLOBAL	X	19050001	19060000	0.0053923968240081	8494	46237232	8574523261	55593089
GLOBAL	X	19060001	19070000	0.0047020791367052	9016	42790128	9100256877	60224523
GLOBAL	X	19070001	19080000	0.0038823141413505	9015	35309676	9095007440	64457935
GLOBAL	X	19080001	19090000	0.0026600421513442	8818	23686624	8904604759	54703691
GLOBAL	X	19090001	19100000	0.0031140255027763	8264	25719640	8259290098	137140502
GLOBAL	X	19100001	19110000	0.0031385180474893	8621	27299000	8698054173	61097352
GLOBAL	X	19110001	19120000	0.0021599740925891	9035	19745260	9141433718	38352157
GLOBAL	X	19120001	19130000	0.0023682509962304	8596	20581536	8690605866	43145034
GLOBAL	X	19130001	19140000	0.003286418693629	8850	29068320	8844983768	146837482
GLOBAL	X	19140001	19150000	0.0030403061602596	8625	26445212	8698206893	65008732
GLOBAL	X	19150001	19160000	0.0039310833956275	7900	31250916	7949695505	76901995
GLOBAL	X	19160001	19170000	0.0022128569464954	9254	20471112	9250987522	151307828
GLOBAL	X	19170001	19180000	0.0027262962950097	8969	24726932	9069788946	42939279
GLOBAL	X	19180001	19190000	0.003584543928757	9051	32658288	9110862818	85179457
GLOBAL	X	19190001	19200000	0.0034138492468292	8906	30682420	8987631785	61086865
GLOBAL	X	19200001	19210000	0.0073821129894296	7351	52752800	7146029880	322769895
GLOBAL	X	19210001	19220000	0.0066794904454799	6557	34652576	5187907114	1474168811
GLOBAL	X	19220001	19230000	0.0099178245004436	5197	34655648	3494279214	1786002711
GLOBAL	X	19230001	19240000	0.0081339494584238	6522	49517172	6087715722	538799328
GLOBAL	X	19240001	19250000	0.0067021644394473	7090	45867624	6843703167	359914083
GLOBAL	X	19250001	19260000	0.0040554322032174	7702	31235016	7702019029	123405521
GLOBAL	X	19260001	19270000	0.0067018920110059	7420	48504504	7237434432	301471068
GLOBAL	X	19270001	19280000	0.0080992244898114	6877	54208284	6693021544	294182381
GLOBAL	X	19280001	19290000	0.0056113805503183	4179	6930052	1234999469	3010969006
GLOBAL	X	19290001	19300000	0.0076188617004308	5223	28094020	3687430105	1619268470
GLOBAL	X	19300001	19310000	0.0062906082096856	4791	12719056	2021911964	2845863811
GLOBAL	X	19310001	19320000	0.0033245551007017	5127	11228600	3377474477	1831685698
GLOBAL	X	19320001	19330000	0.0044738864753799	5916	21709908	4852583569	1158220331
GLOBAL	X	19330001	19340000	0.0043402273392077	6129	24248108	5586829008	640388217
GLOBAL	X	19340001	19350000	0.0042553338276976	5339	16662312	3915629813	1535344312
GLOBAL	X	19350001	19360000	0.0044097451866404	5645	19843356	4499887218	1235573907
GLOBAL	X	19360001	19370000	0.0069063119411917	6174	26269456	3803688021	2469250329
GLOBAL	X	19370001	19380000	0.0079223378844823	5852	35814700	4520723620	1425054680
GLOBAL	X	19380001	19390000	0.0077181146731283	5647	20043192	2596902592	3140590583
GLOBAL	X	19390001	19400000	0.008245702098684	6013	39741044	4819607054	1289751271
GLOBAL	X	19400001	19410000	0.0095529195155638	4142	28674328	3001629811	1206745739
GLOBAL	X	19410001	19420000	0.0087700307515743	5601	32938264	3755775200	1934980825
GLOBAL	X	19420001	19430000	0.010355590204945	5233	37639264	3634680714	1682178111
GLOBAL	X	19430001	19440000	0.0064677067175055	7739	50003956	7731327066	131690409
GLOBAL	X	19440001	19450000	0.0043625756195103	8032	34679284	7949268282	211444518
GLOBAL	X	19450001	19460000	0.0042755290379699	8297	34238216	8007948419	422011006
GLOBAL	X	19460001	19470000	0.0069805743339037	7036	47735096	6838276296	310475604
GLOBAL	X	19470001	19480000	0.0053719707246708	7509	39668412	7384331381	245000344
GLOBAL	X	19480001	19490000	0.0041843139687314	7621	30712964	7340023772	403102753
GLOBAL	X	19490001	19500000	0.0030794074223216	7751	23695936	7694966190	180243585
GLOBAL	X	19500001	19510000	0.0023557566495237	5166	10210740	4334378087	914407063
GLOBAL	X	19510001	19520000	0.0037379559557479	6012	20694280	5536255709	575134666
GLOBAL	X	19520001	19530000	0.0051956201179231	6813	30003784	5774822508	1147355817
GLOBAL	X	19530001	19540000	0.0091847715273726	6823	59840828	6515222270	417116305
GLOBAL	X	19540001	19550000	0.0041816420672336	7131	28987140	6931999328	313274947
GLOBAL	X	19550001	19560000	0.0048799678112073	7247	34133476	6994610891	368522284
GLOBAL	X	19560001	19570000	0.0042391760422385	6937	25402680	5992362607	1057834868
GLOBAL	X	19570001	19580000	0.0095661987054913	6684	62123560	6494069579	297041521
GLOBAL	X	19580001	19590000	0.0045427635055075	7009	29374628	6466246364	655072861
GLOBAL	X	19590001	19600000	0.0061189079850139	6660	39063244	6384022132	382704368
GLOBAL	X	19600001	19610000	0.0054588092813807	8254	45056128	8253838095	132432255
GLOBAL	X	19610001	19620000	0.0059479739915698	8737	52248924	8784322876	92687549
GLOBAL	X	19620001	19630000	0.011822523412815	6019	55501508	4694556827	1420897648
GLOBAL	X	19630001	19640000	0.005513740616793	7153	27312052	4953452456	2314174369
GLOBAL	X	19640001	19650000	0.0061438962344972	7996	48975812	7971458197	152677703
GLOBAL	X	19650001	19660000	0.0086245255311533	7953	69102636	8012340592	68106233
GLOBAL	X	19660001	19670000	0.0063207111686842	7542	47358072	7492522714	170337836
GLOBAL	X	19670001	19680000	0.0043752462072342	8634	38139304	8717064639	55295211
GLOBAL	X	19680001	19690000	0.0035199225835391	8691	30867584	8769392868	60880407
GLOBAL	X	19690001	19700000	0.0040430743248129	8596	34942200	8642482723	91268177
GLOBAL	X	19700001	19710000	0.0037074478875064	8329	30779732	8302134766	160337459
GLOBAL	X	19710001	19720000	0.0031609523437869	8936	28524568	9024042408	55156992
GLOBAL	X	19720001	19730000	0.0029639066721523	7087	20232412	6826264872	374304303
GLOBAL	X	19730001	19740000	0.0032090289361455	8352	26998960	8413436132	72404668
GLOBAL	X	19740001	19750000	0.0032281151313262	7968	25883640	8018189856	77497344
GLOBAL	X	19750001	19760000	0.0031527307671567	8692	27708476	8788722554	42566746
GLOBAL	X	19760001	19770000	0.0028559202795801	8540	24603840	8615030390	61823110
GLOBAL	X	19770001	19780000	0.0033385243099243	8863	29767112	8916248389	88781186
GLOBAL	X	19780001	19790000	0.003580837730298	8098	27448444	7665369410	562401040
GLOBAL	X	19790001	19800000	0.0035583758902562	8444	29946788	8415858505	163456595
GLOBAL	X	19800001	19810000	0.0039636297615367	8240	32274556	8142676774	229369226
GLOBAL	X	19810001	19820000	0.0054896947077484	8336	46072532	8392549031	77035369
GLOBAL	X	19820001	19830000	0.0040154310315147	8740	35316292	8795143466	84915034
GLOBAL	X	19830001	19840000	0.0039173217385332	8489	33412304	8529374463	95661762
GLOBAL	X	19840001	19850000	0.0047403661143887	8031	38016796	8019801653	139895122
GLOBAL	X	19850001	19860000	0.0061776527380358	8325	50645564	8198188883	260219242
GLOBAL	X	19860001	19870000	0.0068667570133754	7171	44380896	6463152244	822763031
GLOBAL	X	19870001	19880000	0.0060758927076169	5205	21534576	3544265351	1746176824
GLOBAL	X	19880001	19890000	0.0069889789514078	8092	56864748	8136345580	85328720
GLOBAL	X	19890001	19900000	0.0049106046953466	8548	42439104	8642337682	42644018
GLOBAL	X	19900001	19910000	0.0045505461459155	8596	39380348	8653982783	79768117
GLOBAL	X	19910001	19920000	0.0057559108989553	8205	47673552	8282538218	53946907
GLOBAL	X	19920001	19930000	0.0047392709800942	8245	39249016	8281656855	95469270
GLOBAL	X	19930001	19940000	0.0039866825109588	7085	28240168	7083626028	114911097
GLOBAL	X	19940001	19950000	0.0058196131842215	8601	50594796	8693841738	44989287
GLOBAL	X	19950001	19960000	0.0056643115600874	8256	46620392	8230548674	157753726
GLOBAL	X	19960001	19970000	0.0058038562433012	8594	50198988	8649247310	82471540
GLOBAL	X	19970001	19980000	0.0048261214806286	8416	40988824	8493118991	57747409
GLOBAL	X	19980001	19990000	0.0044178851976138	8794	39235804	8881128016	53795834
GLOBAL	X	19990001	20000000	0.0036598290743609	8109	29768972	8133978772	104967953
GLOBAL	X	20000001	20010000	0.0042638214026826	8324	35244304	8265895935	191496165
GLOBAL	X	20010001	20020000	0.0034133517981595	8535	25926668	7595662426	1076110949
GLOBAL	X	20020001	20030000	0.0032693474146347	8029	26253892	8030315739	127348986
GLOBAL	X	20030001	20040000	0.0036648369103296	7969	29059500	7929275084	167428141
GLOBAL	X	20040001	20050000	0.0037947249739752	8465	32258092	8500772051	99879574
GLOBAL	X	20050001	20060000	0.0064772484442501	7671	49048568	7572438887	221488888
GLOBAL	X	20060001	20070000	0.008006008200728	8087	64618800	8071288260	145305915
GLOBAL	X	20070001	20080000	0.007324828589748	8102	59515180	8125129383	106705167
GLOBAL	X	20080001	20090000	0.0055626405403462	8701	48931984	8796538918	43894607
GLOBAL	X	20090001	20100000	0.0022728939778548	8857	20348388	8952634042	46299383
GLOBAL	X	20100001	20110000	0.0033880301181471	8112	27706464	8177750207	64244593
GLOBAL	X	20110001	20120000	0.0049125864951773	8047	39775056	8096560954	79392221
GLOBAL	X	20120001	20130000	0.003288301241669	7615	24953704	7588630775	148399600
GLOBAL	X	20130001	20140000	0.0037158851014702	8091	30233572	8136304319	84353956
GLOBAL	X	20140001	20150000	0.004202488343113	7521	31614300	7522757333	118766692
GLOBAL	X	20150001	20160000	0.0041469899016746	5494	19512888	4705313604	876727746
GLOBAL	X	20160001	20170000	0.0040850585731385	7080	28010644	6856852478	336604522
GLOBAL	X	20170001	20180000	0.0039897754382729	8210	32880972	8241308943	100256307
GLOBAL	X	20180001	20190000	0.0035428263036097	8259	29498868	8326365865	64984610
GLOBAL	X	20190001	20200000	0.0056672341758247	7621	41016632	7237504350	505622175
GLOBAL	X	20200001	20210000	0.0071215681943039	7655	54540760	7658532294	119139081
GLOBAL	X	20210001	20220000	0.0044418308198426	8290	36620264	8244407652	178439598
GLOBAL	X	20220001	20230000	0.0048365984170212	8381	40398344	8352635575	162669950
GLOBAL	X	20230001	20240000	0.0029447246491182	8894	26343976	8946159366	90366984
GLOBAL	X	20240001	20250000	0.0030069553905067	8856	26857832	8931902377	66015023
GLOBAL	X	20250001	20260000	0.0033494307342262	8532	28732520	8578329358	90395942
GLOBAL	X	20260001	20270000	0.0039437322885794	8353	33241932	8429053893	57802932
GLOBAL	X	20270001	20280000	0.0062905683988182	7694	46984508	7469040160	348256190
GLOBAL	X	20280001	20290000	0.0059584206017307	5563	19472480	3268060666	2384086409
GLOBAL	X	20290001	20300000	0.0043895328472978	8877	39181680	8926161704	93092221
GLOBAL	X	20300001	20310000	0.0044324813775993	8220	35865792	8091583234	260142266
GLOBAL	X	20310001	20320000	0.0034265211085534	8772	30320608	8848802339	63768961
GLOBAL	X	20320001	20330000	0.0039231583796677	7898	30952936	7889800259	134765191
GLOBAL	X	20330001	20340000	0.0048111107474955	8551	39966792	8307186032	380843743
GLOBAL	X	20340001	20350000	0.004928716171874	7604	37870308	7683604955	42249145
GLOBAL	X	20350001	20360000	0.0047459102055858	8115	38802752	8176040068	69002807
GLOBAL	X	20360001	20370000	0.0038848402708477	7780	30314372	7803247981	101426519
GLOBAL	X	20370001	20380000	0.0035530996154637	8256	29475860	8295815820	92486580
GLOBAL	X	20380001	20390000	0.0047067549299666	8119	38046248	8083328868	165778107
GLOBAL	X	20390001	20400000	0.0048219131448675	7293	31897788	6615172659	794697666
GLOBAL	X	20400001	20410000	0.0058286089790161	7130	39983824	6859925609	384332641
GLOBAL	X	20410001	20420000	0.0031535183955557	2183	1791276	568024592	1649957983
GLOBAL	X	20420001	20430000	0.00099238130078754	631	1964	1979078	673677547
GLOBAL	X	20430001	20440000	0.0008295969252493	1100	30512	36779307	1084912293
GLOBAL	X	20440001	20450000	0.00037797769175994	3601	36616	96873442	3571992833
GLOBAL	X	20450001	20460000	0.0094342920157937	4159	8655964	917500114	3309163886
GLOBAL	X	20460001	20470000	0.0054062448903304	6513	32737736	6055540706	561830119
GLOBAL	X	20470001	20480000	0.0066798948544029	7668	49330724	7384955164	405924536
GLOBAL	X	20480001	20490000	0.0065888965174364	7699	50360184	7643189397	179187078
GLOBAL	X	20490001	20500000	0.004762666852753	7807	36764524	7719314648	212792527
GLOBAL	X	20500001	20510000	0.0047013321640609	6927	29906972	6361382467	676622708
GLOBAL	X	20510001	20520000	0.0055917931912279	8026	44459292	7950811212	203805438
GLOBAL	X	20520001	20530000	0.0078466147664544	7623	56588508	7211837166	533321409
GLOBAL	X	20530001	20540000	0.0092163931821778	6996	61458648	6668405610	439705290
GLOBAL	X	20540001	20550000	0.0034328005573324	7289	23247296	6772107966	633698259
GLOBAL	X	20550001	20560000	0.0059609616200972	4860	15846524	2658383833	2279497667
GLOBAL	X	20560001	20570000	0.0087832210196897	6066	44901312	5112169203	1051038447
GLOBAL	X	20570001	20580000	0.008598378917677	5766	39989300	4650795270	1207604880
GLOBAL	X	20580001	20590000	0.0059564206083693	7082	39316856	6600752127	594736923
GLOBAL	X	20590001	20600000	0.0053297270803732	7089	35119084	6589283742	613317483
GLOBAL	X	20600001	20610000	0.0075264391150648	6931	50783896	6747400095	294669180
GLOBAL	X	20610001	20620000	0.0088567989105444	7759	68542108	7738925620	144412355
GLOBAL	X	20620001	20630000	0.0043446844327416	8722	38169848	8785413208	76356842
GLOBAL	X	20630001	20640000	0.0035803102184578	8271	29685560	8291337395	112205380
GLOBAL	X	20640001	20650000	0.0041900128710017	8164	34310836	8188718521	106109579
GLOBAL	X	20650001	20660000	0.004777104188499	7196	34388080	7198519991	112795909
GLOBAL	X	20660001	20670000	0.0032181401356052	8617	27905992	8671465761	83621664
GLOBAL	X	20670001	20680000	0.0041879632145404	8689	36731896	8770825845	57415380
GLOBAL	X	20680001	20690000	0.0037778759443428	8383	31880628	8438770481	78567094
GLOBAL	X	20690001	20700000	0.0037885184142889	8629	32997108	8709765769	57513956
GLOBAL	X	20700001	20710000	0.0035241876676195	8653	30764208	8729446585	62217740
GLOBAL	X	20710001	20720000	0.0032089144696085	8686	28162772	8776417155	48775995
GLOBAL	X	20720001	20730000	0.0035153452023845	8456	29977632	8527649569	63857831
GLOBAL	X	20730001	20740000	0.0032158123108281	8654	28025508	8714907865	77772485
GLOBAL	X	20740001	20750000	0.0038178894924173	7555	26876200	7039543720	636525155
GLOBAL	X	20750001	20760000	0.0024337202019112	7916	18220292	7486600960	556252940
GLOBAL	X	20760001	20770000	0.0035747282568363	7018	24360540	6814655059	315808391
GLOBAL	X	20770001	20780000	0.0051218985514648	6887	34797004	6793770640	203593535
GLOBAL	X	20780001	20790000	0.0067786172123827	6661	44919400	6626631744	141110781
GLOBAL	X	20790001	20800000	0.0048829353381417	6158	28740728	5885953020	370728930
GLOBAL	X	20800001	20810000	0.0053289313859714	7618	40582476	7615499818	124578632
GLOBAL	X	20810001	20820000	0.0048491769836103	6334	24804324	5115161621	1320340729
GLOBAL	X	20820001	20830000	0.00472265456207	5478	20974436	4441238656	1124546294
GLOBAL	X	20830001	20840000	0.0046487147087151	6557	27995892	6022286536	640805414
GLOBAL	X	20840001	20850000	0.0033985806472926	8189	27873212	8201427270	118801455
GLOBAL	X	20850001	20860000	0.0030699359786093	6929	20487012	6673432978	366604247
GLOBAL	X	20860001	20870000	0.0037989143516289	7346	25961736	6833988239	629731411
GLOBAL	X	20870001	20880000	0.0054388141853011	5432	27381212	5034408433	484639367
GLOBAL	X	20880001	20890000	0.007477100324984	7271	53001164	7088465006	299052769
GLOBAL	X	20890001	20900000	0.006517987759056	7176	46387100	7116782313	174213087
GLOBAL	X	20900001	20910000	0.0057458453942428	6501	29270864	5094265855	1510912670
GLOBAL	X	20910001	20920000	0.0075539302399173	7906	58710320	7772155439	260538211
GLOBAL	X	20920001	20930000	0.0065948751720994	7365	47922664	7266652173	216371952
GLOBAL	X	20930001	20940000	0.0056243816658422	6427	35006300	6224026405	305966270
GLOBAL	X	20940001	20950000	0.0078646926911115	7585	58394044	7424834802	281714823
GLOBAL	X	20950001	20960000	0.0077191134952166	6719	48964264	6343249653	483422322
GLOBAL	X	20960001	20970000	0.009308781597399	6052	49177304	5282893737	866089563
GLOBAL	X	20970001	20980000	0.0068761470281923	7446	47777208	6948252823	617069327
GLOBAL	X	20980001	20990000	0.0052777270368711	7299	34605760	6556943881	859022594
GLOBAL	X	20990001	21000000	0.0071419936603085	4865	28788860	4030927689	912033936
GLOBAL	X	21000001	21010000	0.0054455433951147	5648	21271832	3906282708	1935861042
GLOBAL	X	21010001	21020000	0.0049226663089086	4663	19161516	3892507596	845216979
GLOBAL	X	21020001	21030000	0.0051103891091277	4316	16359344	3201193422	1188034578
GLOBAL	X	21030001	21040000	0.0036262821027123	7078	25250424	6963171448	228253502
GLOBAL	X	21040001	21050000	0.0036563326031347	7216	21162460	5787892486	1543743914
GLOBAL	X	21050001	21060000	0.0072175205341397	7915	55926648	7748734172	293103703
GLOBAL	X	21060001	21070000	0.0076863983690747	7550	55434064	7211968641	459020109
GLOBAL	X	21070001	21080000	0.0043146547428658	7012	24788656	5745223541	1379143759
GLOBAL	X	21080001	21090000	0.0029196105091214	7761	22493604	7704316699	181053326
GLOBAL	X	21090001	21100000	0.0037479622135549	3877	13713388	3658891744	280237181
GLOBAL	X	21100001	21110000	0.0040827192985603	6541	25864344	6335077704	310741821
GLOBAL	X	21110001	21120000	0.0036319667205673	6698	23619276	6503164213	302171237
GLOBAL	X	21120001	21130000	0.0028954756529699	6618	19041768	6576386847	147666603
GLOBAL	X	21130001	21140000	0.0037109741927701	8170	28765144	7751372687	549551563
GLOBAL	X	21140001	21150000	0.0038320371996741	7810	29858584	7791830414	143324836
GLOBAL	X	21150001	21160000	0.0054248568724423	7501	40458556	7457995105	163208420
GLOBAL	X	21160001	21170000	0.0080732847979248	7044	54558892	6757954583	398925517
GLOBAL	X	21170001	21180000	0.0049875240815758	7756	36405412	7299295483	580994417
GLOBAL	X	21180001	21190000	0.005396331770324	6608	29807708	5523698184	1190195016
GLOBAL	X	21190001	21200000	0.0063984145161246	6727	39763396	6214570172	620230003
GLOBAL	X	21200001	21210000	0.0071701746037887	7509	51920292	7241147513	388184212
GLOBAL	X	21210001	21220000	0.0054949835259774	7198	34666152	6308690797	1004657153
GLOBAL	X	21220001	21230000	0.0056789979463397	7374	39220188	6906181050	585987300
GLOBAL	X	21230001	21240000	0.0046643399687152	6741	27349984	5863634337	985390188
GLOBAL	X	21240001	21250000	0.0039533345792176	6612	20840916	5271730885	1446226415
GLOBAL	X	21250001	21260000	0.0024037043201899	8273	17152916	7136034102	1269540723
GLOBAL	X	21260001	21270000	0.0061311088365059	7810	43587808	7109286291	825868959
GLOBAL	X	21270001	21280000	0.0071422412187141	7788	52551304	7357817020	554985680
GLOBAL	X	21280001	21290000	0.0070429145368889	7575	51177452	7266516118	429873257
GLOBAL	X	21290001	21300000	0.0075686817855468	6644	47717612	6304613320	445856780
GLOBAL	X	21300001	21310000	0.0081936246981926	6153	44633172	5447304904	804296921
GLOBAL	X	21310001	21320000	0.0081802894365687	7259	54671156	6683278926	692046549
GLOBAL	X	21320001	21330000	0.0055641235010235	7505	40212200	7227050225	398217400
GLOBAL	X	21330001	21340000	0.0049485288162897	7296	35685616	7211358633	201559767
GLOBAL	X	21340001	21350000	0.0044533271105055	7669	33766280	7582259098	209636627
GLOBAL	X	21350001	21360000	0.005792230394226	6873	38308352	6613747968	369391857
GLOBAL	X	21360001	21370000	0.0070148293215972	5906	40240976	5736558105	264085545
GLOBAL	X	21370001	21380000	0.0093899528370785	7006	62071988	6610468559	507802591
GLOBAL	X	21380001	21390000	0.009847928725297	6073	57294624	5817936502	352383323
GLOBAL	X	21390001	21400000	0.0073824517893215	7506	54791688	7421882264	204401386
GLOBAL	X	21400001	21410000	0.0057377440245646	5039	23148944	4034502742	1085247233
GLOBAL	X	21410001	21420000	0.0057157600061235	5720	11202400	1959914340	3852764685
GLOBAL	X	21420001	21430000	0.0036660104498002	4448	5977544	1630531086	2902972464
GLOBAL	X	21430001	21440000	0.00093814796813171	4473	111392	118736067	4425943758
GLOBAL	X	21440001	21450000	0.00076156884845241	2643	75128	98648993	2586705082
GLOBAL	X	21450001	21460000	0.0037043479413919	4977	6843232	1847351304	3209405121
GLOBAL	X	21460001	21470000	0.0042738865662417	6950	25075452	5867130915	1194242835
GLOBAL	X	21470001	21480000	0.0059775317377477	7060	39873024	6670483027	502653473
GLOBAL	X	21480001	21490000	0.0047237622202995	7766	36370040	7699379923	191070227
GLOBAL	X	21490001	21500000	0.0038573987441374	7944	30518052	7911562694	159739906
GLOBAL	X	21500001	21510000	0.0025327945946931	7846	19848204	7836483875	135248275
GLOBAL	X	21510001	21520000	0.0023184735279904	7000	15046440	6489804528	622370472
GLOBAL	X	21520001	21530000	0.0026505528057924	6926	17646312	6657596846	379392304
GLOBAL	X	21530001	21540000	0.0029604284315949	7216	20196256	6822072030	512612445
GLOBAL	X	21540001	21550000	0.0052235510725094	6981	34318484	6569952801	522917724
GLOBAL	X	21550001	21560000	0.0070074372949817	7451	46486004	6633809486	936592789
GLOBAL	X	21560001	21570000	0.0053655986068412	7336	35550756	6625683098	827876302
GLOBAL	X	21570001	21580000	0.006037391364308	6927	39628548	6563852765	474152410
GLOBAL	X	21580001	21590000	0.0068317258779232	3049	11489168	1681737266	1424251159
GLOBAL	X	21590001	21600000	0.00570700298582	1078	912044	159811376	1018777624
GLOBAL	X	21600001	21610000	0.0066774663539371	3993	12051156	1804749790	2252238035
GLOBAL	X	21610001	21620000	0.0065551913618281	4255	18176072	2772775194	1550411181
GLOBAL	X	21620001	21630000	0.0057727076132625	6833	36093832	6252496128	690002697
GLOBAL	X	21630001	21640000	0.0056713199140681	7436	41122844	7251018215	304143685
GLOBAL	X	21640001	21650000	0.0064305801342395	6047	33395592	5193247157	950656018
GLOBAL	X	21650001	21660000	0.0060030144239004	7173	42517072	7082620330	205326995
GLOBAL	X	21660001	21670000	0.0042686623895864	7831	32757480	7673944906	282546869
GLOBAL	X	21670001	21680000	0.0053994950931306	8194	44050120	8158192431	167116419
GLOBAL	X	21680001	21690000	0.0049252585067115	7287	35443916	7196356486	207417689
GLOBAL	X	21690001	21700000	0.0046512915440928	7313	33902264	7288784992	141405833
GLOBAL	X	21700001	21710000	0.0035997956371305	7814	27960444	7767230926	171988424
GLOBAL	X	21710001	21720000	0.003578270325388	6959	24539476	6857915632	212602343
GLOBAL	X	21720001	21730000	0.0036832338804173	6860	23099036	6271400826	698530674
GLOBAL	X	21730001	21740000	0.0041957432175692	7240	27681484	6597516236	758504764
GLOBAL	X	21740001	21750000	0.0032908998593191	7038	21837616	6635758283	515025667
GLOBAL	X	21750001	21760000	0.0028000908106517	7301	18420352	6578483787	839514738
GLOBAL	X	21760001	21770000	0.0029239875037413	6740	18487380	6322660400	525348100
GLOBAL	X	21770001	21780000	0.0039866078584087	6395	21923568	5499303864	998176011
GLOBAL	X	21780001	21790000	0.0026848039095254	6333	15772240	5874633877	559852448
GLOBAL	X	21790001	21800000	0.0040112054142094	5686	19939720	4971004459	806113691
GLOBAL	X	21800001	21810000	0.0049488340655277	4958	17161464	3467779233	1569672717
GLOBAL	X	21810001	21820000	0.0025665034319417	5699	11832808	4610478152	1179848323
GLOBAL	X	21820001	21830000	0.0025346613270954	7407	17297212	6824269505	701427670
GLOBAL	X	21830001	21840000	0.0020990022493083	7428	15173104	7228722125	318311575
GLOBAL	X	21840001	21850000	0.0027086783499605	7464	19790492	7306327826	277282774
GLOBAL	X	21850001	21860000	0.0028663032558525	7587	21191856	7393445183	315136492
GLOBAL	X	21860001	21870000	0.0052950937603409	5242	22513420	4251750964	1076284136
GLOBAL	X	21870001	21880000	0.0064379580032576	3007	5255668	816356366	2238830809
GLOBAL	X	21880001	21890000	0.0069364358614964	3694	10954716	1579300410	2196248490
GLOBAL	X	21890001	21900000	0.01036072033591	6487	59329732	5726409948	864544227
GLOBAL	X	21900001	21910000	0.0098088015449332	6422	43710960	4456299763	2068612787
GLOBAL	X	21910001	21920000	0.0072912547294736	5468	31449252	4313283950	1242340750
GLOBAL	X	21920001	21930000	0.0097337226740142	6501	59763236	6139812896	465365629
GLOBAL	X	21930001	21940000	0.0093480729958712	5653	47204344	5049633654	693955671
GLOBAL	X	21940001	21950000	0.0087273427005845	7408	64016820	7335201813	191511387
GLOBAL	X	21950001	21960000	0.007973183799686	5476	22274276	2793648881	2771120044
GLOBAL	X	21960001	21970000	0.0072924520337436	5141	14395184	1973984050	3249400475
GLOBAL	X	21970001	21980000	0.0053203620699507	7165	13924648	2617236913	4662582212
GLOBAL	X	21980001	21990000	0.010597421480728	5794	34047812	3212839280	2674009570
GLOBAL	X	21990001	22000000	0.0079836321336725	5620	18127176	2270542492	3439518008
GLOBAL	X	22000001	22010000	0.0084738479361066	6210	48356328	5706537144	602978106
GLOBAL	X	22010001	22020000	0.008225383093339	7153	56451520	6863087027	404539798
GLOBAL	X	22020001	22030000	0.0073192719681705	6765	45897936	6270833520	602575605
GLOBAL	X	22030001	22040000	0.0038023898300705	3492	8269192	2174735461	1373223839
GLOBAL	X	22040001	22050000	0.0051022332776049	5487	21480896	4210096801	1364832374
GLOBAL	X	22050001	22060000	0.0056127133227148	6077	24875584	4432006869	1742377056
GLOBAL	X	22060001	22070000	0.0059865819075001	5978	33089724	5527315004	546482446
GLOBAL	X	22070001	22080000	0.0063406150876858	2196	6146484	969382925	1261807975
GLOBAL	X	22080001	22090000	0.01033340287942	1492	467840	45274534	1470634766
GLOBAL	X	22090001	22100000	0.015189411228342	1072	1873500	123342503	965836297
GLOBAL	X	22100001	22110000	0.010330717875708	2687	5511812	533536204	2197538996
GLOBAL	X	22110001	22120000	0.0017057633909644	699	123836	72598580	637602895
GLOBAL	X	22120001	22130000	0.0031805336969038	1070	157248	49440759	1071234816
GLOBAL	X	22130001	22140000	0.010851573320341	1509	2590636	238733677	1294448048
GLOBAL	X	22140001	22150000	0.0062749964339748	1467	3864920	615923856	876616869
GLOBAL	X	22150001	22160000	0.0082247943667463	2248	8381632	1019068882	1271051468
GLOBAL	X	22160001	22170000	0.00665068643414	2527	4795200	721008282	1902368268
GLOBAL	X	22170001	22180000	0.0088395129931854	2154	3795604	429390624	1759127226
GLOBAL	X	22180001	22190000	0.0063914409621724	1203	1422228	222520713	999757362
GLOBAL	X	22190001	22200000	0.0053865938708668	1288	768512	142671235	1165968965
GLOBAL	X	22200001	22210000	0.0095684255104017	1676	2238916	233990012	1476996088
GLOBAL	X	22210001	22220000	0.0061771568242117	572	490680	79434603	590125872
GLOBAL	MtDNA	1	10000	0.014543502961073	8626	127149399	8742694201	21537449
GLOBAL	MtDNA	10001	20000	0.013165593910511	3375	44602471	3387805465	41278910
