pop	chromosome	window_pos_1	window_pos_2	avg_watterson_theta	no_sites	raw_watterson_theta	no_var_sites	weighted_no_sites
GLOBAL	I	1	10000	0.0012251498328955	3767	4.6151394205173	32	1476.4440497336
GLOBAL	I	10001	20000	0.0018772607972359	3717	6.977778383326	47	1498.5805946792
GLOBAL	I	20001	30000	0.0029232587549051	3151	9.2111883367061	60	747.74434782609
GLOBAL	I	30001	40000	0.010347045063761	2520	26.074553560677	152	641.51966873706
GLOBAL	I	40001	50000	0.011877583614304	1908	22.662429536092	140	733.42698412698
GLOBAL	I	50001	60000	0.0067900804619003	6340	43.049110128448	330	5824.4053295933
GLOBAL	I	60001	70000	0.0069173011957756	8327	57.600367057223	451	8269.1079943899
GLOBAL	I	70001	80000	0.006528402125558	8992	58.703391913018	460	8963.6956521739
GLOBAL	I	80001	90000	0.0089601713829306	7521	67.389448971021	526	7328.0350631136
GLOBAL	I	90001	100000	0.0069289506821677	7968	55.209879035512	432	7876.8485273492
GLOBAL	I	100001	110000	0.0079408731351241	8156	64.765761290072	507	8093.2776998597
GLOBAL	I	110001	120000	0.0068257640211564	7993	54.558331821103	427	7917.2300140252
GLOBAL	I	120001	130000	0.0076865280038819	8078	62.091773215358	486	8019.9018232819
GLOBAL	I	130001	140000	0.0051281839035419	8983	46.066476005517	361	8960.8204768583
GLOBAL	I	140001	150000	0.005287357731063	9075	47.982771409397	376	9054.1514726508
GLOBAL	I	150001	160000	0.008706708357285	7737	67.363802560314	527	7629.5315568022
GLOBAL	I	160001	170000	0.0085761178240411	6706	57.511446128019	450	6611.2833099579
GLOBAL	I	170001	180000	0.0089518036568053	6911	61.865915072181	483	6800.7040673212
GLOBAL	I	180001	190000	0.008804884629785	6795	59.829191059389	466	6645.4067321178
GLOBAL	I	190001	200000	0.0094107174124395	5667	53.330535576295	416	5294.7489481066
GLOBAL	I	200001	210000	0.0087089250932125	6752	58.802662229371	460	6671.3590462833
GLOBAL	I	210001	220000	0.0091694213206042	6316	57.914065060936	453	6218.4628330996
GLOBAL	I	220001	230000	0.0086981063385191	6537	56.8595211349	444	6417.9382889201
GLOBAL	I	230001	240000	0.0080020784947734	6236	49.900961493407	389	5488.1542776999
GLOBAL	I	240001	250000	0.0087301749196909	7536	65.790598194791	515	7473.6760168303
GLOBAL	I	250001	260000	0.0091361588668643	7529	68.786140108622	538	7438.7054698457
GLOBAL	I	260001	270000	0.0079266034702331	4424	35.067293752311	270	3513.381486676
GLOBAL	I	270001	280000	0.0086918001245775	7627	66.292359550152	519	7556.4137447405
GLOBAL	I	280001	290000	0.0068631740723715	8041	55.186782715939	432	7983.762973352
GLOBAL	I	290001	300000	0.0081011495326971	7585	61.447219205508	480	7431.603085554
GLOBAL	I	300001	310000	0.0071826276770618	8550	61.411466638878	481	8497.1304347826
GLOBAL	I	310001	320000	0.0060838036603806	8313	50.574659828744	396	8268.2496493689
GLOBAL	I	320001	330000	0.0070615243317443	7328	51.746850303022	405	7273.4025245442
GLOBAL	I	330001	340000	0.0067220420505224	7901	53.110854241178	416	7857.7279102384
GLOBAL	I	340001	350000	0.0066895393254538	7443	49.790241199352	388	6932.652173913
GLOBAL	I	350001	360000	0.008178150486529	7054	57.688673531976	451	6964.4207573633
GLOBAL	I	360001	370000	0.0083506696800584	6725	56.158253598393	439	6622.3716690042
GLOBAL	I	370001	380000	0.0074869099959983	7116	53.276851531524	417	7057.7657784011
GLOBAL	I	380001	390000	0.010784106615304	6388	68.888873058559	539	6317.9158485273
GLOBAL	I	390001	400000	0.0091480359271376	7190	65.774378316119	515	7137.5427769986
GLOBAL	I	400001	410000	0.0083064116471534	7843	65.147186548624	510	7787.412342216
GLOBAL	I	410001	420000	0.010188140576795	7684	78.285672192093	613	7625.8611500701
GLOBAL	I	420001	430000	0.010945430444237	6609	72.33834980596	563	6288.4291725105
GLOBAL	I	430001	440000	0.010733063877308	7148	76.719940594998	599	6964.2833099579
GLOBAL	I	440001	450000	0.010106807462802	6465	65.340510247014	510	6305.5610098177
GLOBAL	I	450001	460000	0.01195915747749	4424	52.907312680415	413	4009.4151472651
GLOBAL	I	460001	470000	0.011675558828656	6345	74.081420767822	579	6242.4586255259
GLOBAL	I	470001	480000	0.011200075041949	6830	76.496512536514	598	6723.6718092567
GLOBAL	I	480001	490000	0.01088986276897	6150	66.972656029163	523	5976.7868162693
GLOBAL	I	490001	500000	0.010111521048063	5971	60.375892177986	472	5834.1795231417
GLOBAL	I	500001	510000	0.010042845553173	6796	68.251178379365	534	6723.3309957924
GLOBAL	I	510001	520000	0.0093029167739169	6191	57.594357747319	450	6075.2510518934
GLOBAL	I	520001	530000	0.00963615097651	7008	67.530146043382	528	6918.9607293128
GLOBAL	I	530001	540000	0.0089250057619196	8015	71.533921181785	560	7952.1079943899
GLOBAL	I	540001	550000	0.010447598595714	6617	69.131759907841	541	6539.8190743338
GLOBAL	I	550001	560000	0.0099391662788541	5714	56.792396117372	443	5381.0182328191
GLOBAL	I	560001	570000	0.0099975211153733	7233	72.312070227495	566	7123.1612903226
GLOBAL	I	570001	580000	0.010580680347543	6714	71.038687853405	555	6579.5441795231
GLOBAL	I	580001	590000	0.0066553017419103	2230	14.84132288446	112	873.06205923836
GLOBAL	I	590001	600000	0.011282359206931	5231	59.018021011457	457	4760.4796633941
GLOBAL	I	600001	610000	0.010735822416572	7398	79.423614237801	621	7269.0336605891
GLOBAL	I	610001	620000	0.011712299355934	5039	59.01827645455	451	3820.935483871
GLOBAL	I	620001	630000	0.0075575389942011	1230	9.2957729628673	69	480.47546531303
GLOBAL	I	630001	640000	0.0024486675768556	405	0.99171036862651	6	184.81460674157
GLOBAL	I	640001	650000	0.008402140785188	2481	20.845711288051	150	924.32387312187
GLOBAL	I	650001	660000	0.0097438828886291	5398	52.59747983282	408	4601.9929775281
GLOBAL	I	660001	670000	0.010293537902333	6316	65.013985391135	508	6142.1781206171
GLOBAL	I	670001	680000	0.012232216553344	6875	84.096488804242	658	6795.0364656381
GLOBAL	I	680001	690000	0.012076171881062	6329	76.43009183524	597	6171.538569425
GLOBAL	I	690001	700000	0.01247278922964	5970	74.462551700948	579	5699.3955119215
GLOBAL	I	700001	710000	0.010848224510544	5997	65.056802389732	508	5882.3716690042
GLOBAL	I	710001	720000	0.012895468261331	5065	65.315546743644	508	4530.2496493689
GLOBAL	I	720001	730000	0.012620522453707	4998	63.077371223626	493	4837.5778401122
GLOBAL	I	730001	740000	0.014185500499626	6040	85.680423017741	668	5894.4838709677
GLOBAL	I	740001	750000	0.013900233682966	5479	76.159380348972	595	5380.9368863955
GLOBAL	I	750001	760000	0.013529664559882	4964	67.161254875255	521	4533.2650771388
GLOBAL	I	760001	770000	0.013515120607632	4218	57.006778722991	444	3962.4361851332
GLOBAL	I	770001	780000	0.014430066179872	6313	91.097007793534	710	6143.1374474053
GLOBAL	I	780001	790000	0.013434900342653	6594	88.589732859456	691	6453.4600280505
GLOBAL	I	790001	800000	0.011939679842032	5266	62.874354048141	487	4935.1346423562
GLOBAL	I	800001	810000	0.014173684614459	5949	84.319249771418	657	5774.7152875175
GLOBAL	I	810001	820000	0.011672158893796	7247	84.58813550334	660	7098.3408134642
GLOBAL	I	820001	830000	0.010611964840397	4646	49.303188648483	384	3567.1346423562
GLOBAL	I	830001	840000	0.016916553307425	6876	116.31822054185	909	6769.981741573
GLOBAL	I	840001	850000	0.013823422175766	6237	86.21668411025	674	6126.5561797753
GLOBAL	I	850001	860000	0.0071393572125924	6995	49.939803702084	381	4682.8450704225
GLOBAL	I	860001	870000	0.015365906243804	6443	99.002533928828	764	5515.8957746479
GLOBAL	I	870001	880000	0.013486488690134	5883	79.341012964058	617	5618.3450210379
GLOBAL	I	880001	890000	0.01763782912797	4675	82.456851173259	627	4059.042519685
GLOBAL	I	890001	900000	0.018554171586565	5094	94.514950061962	730	4559.8976157083
GLOBAL	I	900001	910000	0.01504030840134	5665	85.203347093591	666	5571.2145862553
GLOBAL	I	910001	920000	0.017711072291935	4843	85.77472310984	668	4673.5764375877
GLOBAL	I	920001	930000	0.015637066585575	5699	89.115642471192	695	5242.9186535764
GLOBAL	I	930001	940000	0.014585135132672	6119	89.246441876819	697	6000.4319775596
GLOBAL	I	940001	950000	0.018618995231349	4515	84.064763469539	653	4284.0252454418
GLOBAL	I	950001	960000	0.017852476991905	4477	79.925539492758	612	3815.5988700565
GLOBAL	I	960001	970000	0.014414319638499	5531	79.725601920536	611	4569.2805049088
GLOBAL	I	970001	980000	0.019065161352775	5470	104.28643259968	814	5390.8176718093
GLOBAL	I	980001	990000	0.014853543408574	6540	97.142173892074	749	5911.1949509116
GLOBAL	I	990001	1000000	0.012963110998799	4833	62.650715457198	484	4176.0392706872
GLOBAL	I	1000001	1010000	0.012815688583659	6098	78.150068983152	610	5978.7826086957
GLOBAL	I	1010001	1020000	0.013300412711085	6289	83.646295540015	654	6193
GLOBAL	I	1020001	1030000	0.01524404420325	4709	71.784204153104	559	4309.6002805049
GLOBAL	I	1030001	1040000	0.011955165760956	6453	77.14668465545	602	6318.7657784011
GLOBAL	I	1040001	1050000	0.013518540660566	6929	93.669968237064	731	6787.4754558205
GLOBAL	I	1050001	1060000	0.014272846949053	4180	59.66050024704	460	3931.1248246844
GLOBAL	I	1060001	1070000	0.012690442624723	6564	83.300065388681	649	6384.7812061711
GLOBAL	I	1070001	1080000	0.0090225738037671	6529	58.908384364795	461	6477.0743338008
GLOBAL	I	1080001	1090000	0.014733214317159	6212	91.522727338193	716	6135.2201963534
GLOBAL	I	1090001	1100000	0.010141687552264	6503	65.951394152376	497	4723.5525946704
GLOBAL	I	1100001	1110000	0.010421791817372	5215	54.349644327594	416	4699.3576437588
GLOBAL	I	1110001	1120000	0.013263018216837	6373	84.525215095902	660	6231.1037868163
GLOBAL	I	1120001	1130000	0.011937751714604	5758	68.737574372691	536	5577.3646563815
GLOBAL	I	1130001	1140000	0.012414791175755	5722	71.037435107668	555	5601.6619915849
GLOBAL	I	1140001	1150000	0.012240867794683	5974	73.126944205436	572	5882.2482468443
GLOBAL	I	1150001	1160000	0.012169063788912	5098	62.037887195874	484	4938.7545582048
GLOBAL	I	1160001	1170000	0.0109018148628	6361	69.346444342271	542	6247.5343618513
GLOBAL	I	1170001	1180000	0.0094847130345311	5337	50.619913465292	394	5113.0014025245
GLOBAL	I	1180001	1190000	0.010225532236803	5513	56.373359221496	440	5337.7713884993
GLOBAL	I	1190001	1200000	0.011467337165975	6111	70.076897421275	548	6037.1009817672
GLOBAL	I	1200001	1210000	0.012487916988139	5063	63.226323710945	494	4964.5624123422
GLOBAL	I	1210001	1220000	0.011107164985845	6406	71.152498899323	556	6290.2720897616
GLOBAL	I	1220001	1230000	0.010897369984439	5806	63.270130129655	494	5550.8471248247
GLOBAL	I	1230001	1240000	0.010258681292	6276	64.383483788593	501	5810.5399719495
GLOBAL	I	1240001	1250000	0.010015553542764	5789	57.980039459058	451	5559.1023842917
GLOBAL	I	1250001	1260000	0.01235092765763	5363	66.238025027869	517	5192.7755960729
GLOBAL	I	1260001	1270000	0.010282282059359	2678	27.535951354963	210	2072.0238429173
GLOBAL	I	1270001	1280000	0.013060685268742	4954	64.702634821348	504	4548.110799439
GLOBAL	I	1280001	1290000	0.014710998505846	5390	79.292281946512	616	5144.7237026648
GLOBAL	I	1290001	1300000	0.011647486293501	7354	85.655614202403	669	7168.2075736325
GLOBAL	I	1300001	1310000	0.0086294748506269	3099	26.742742562093	204	1746.8707865169
GLOBAL	I	1310001	1320000	0.011300921650947	5041	56.967946042425	444	4734.3352033661
GLOBAL	I	1320001	1330000	0.010799587721631	5627	60.769280109618	470	4952.5610098177
GLOBAL	I	1330001	1340000	0.0094798880717888	5403	51.219835251875	395	4772.4712482468
GLOBAL	I	1340001	1350000	0.010816340319943	5982	64.703347793896	505	5754.4474053296
GLOBAL	I	1350001	1360000	0.0086066665987068	6283	54.075686239675	423	6195.476858345
GLOBAL	I	1360001	1370000	0.0099067705443844	5772	57.181879582187	447	5693.9831697055
GLOBAL	I	1370001	1380000	0.010200787714019	6255	63.80592715119	499	6177.7896213184
GLOBAL	I	1380001	1390000	0.011261174350947	5348	60.224760428863	470	5205.8218793829
GLOBAL	I	1390001	1400000	0.012087899750731	5885	71.13729003305	556	5819.5680224404
GLOBAL	I	1400001	1410000	0.012840443652702	6285	80.702188357231	626	5928.3281907433
GLOBAL	I	1410001	1420000	0.0094071168527223	6704	63.06531138065	492	6535.2720897616
GLOBAL	I	1420001	1430000	0.0096529911545929	6586	63.574599744149	496	6489.3253856942
GLOBAL	I	1430001	1440000	0.0099451237568895	7343	73.02704374684	571	7259.237026648
GLOBAL	I	1440001	1450000	0.011214812064335	7348	82.406439048736	645	7275.5511921459
GLOBAL	I	1450001	1460000	0.010024749530669	7660	76.789581404926	601	7585.1402524544
GLOBAL	I	1460001	1470000	0.011157223911362	7345	81.949809628951	641	7265.0743338008
GLOBAL	I	1470001	1480000	0.014007063785306	5797	81.198948763421	634	5679.3253856942
GLOBAL	I	1480001	1490000	0.012352045545283	4992	61.661411362053	482	4858.9172510519
GLOBAL	I	1490001	1500000	0.011472398355843	6901	79.171021053669	617	6735.9747545582
GLOBAL	I	1500001	1510000	0.0084652443416819	5893	49.885684905531	386	4618.4193548387
GLOBAL	I	1510001	1520000	0.010562292823548	7016	74.105046450015	579	6883.3071528752
GLOBAL	I	1520001	1530000	0.0031733099495451	3397	10.779733898605	69	653.14084507042
GLOBAL	I	1530001	1540000	0.007781999861463	5503	42.824345237631	330	4474.8415147265
GLOBAL	I	1540001	1550000	0.011588260135358	5643	65.392551943825	510	5503.7194950912
GLOBAL	I	1550001	1560000	0.010132808115025	6803	68.933493606515	539	6656.5105189341
GLOBAL	I	1560001	1570000	0.010240825976678	7750	79.366401319255	621	7682.8288920056
GLOBAL	I	1570001	1580000	0.012280797810997	7199	88.409463441368	691	7116.0364656381
GLOBAL	I	1580001	1590000	0.010233398700363	6195	63.39590494875	495	5511.9579242637
GLOBAL	I	1590001	1600000	0.0098025637008041	6901	67.647492099249	529	6788.8036465638
GLOBAL	I	1600001	1610000	0.013010665110899	6076	79.052801213819	616	5760.778401122
GLOBAL	I	1610001	1620000	0.0093745319158097	7711	72.287015602809	561	7418.5553997195
GLOBAL	I	1620001	1630000	0.010174951738162	3623	36.863850147361	284	3164.2005610098
GLOBAL	I	1630001	1640000	0.0090143020291157	3291	29.66606797782	228	2762.6129032258
GLOBAL	I	1640001	1650000	0.012019935021319	5991	72.01143071272	561	5779.1528751753
GLOBAL	I	1650001	1660000	0.01082169552955	6979	75.524613100733	591	6915.0196353436
GLOBAL	I	1660001	1670000	0.010510729207595	7838	82.383095529126	644	7677.1037868163
GLOBAL	I	1670001	1680000	0.010383746724485	7190	74.65913894905	584	7118.3884992987
GLOBAL	I	1680001	1690000	0.0078596365956682	8180	64.291827352566	503	8121.1136044881
GLOBAL	I	1690001	1700000	0.0085995592065386	6689	57.522451532537	450	6596.9424964937
GLOBAL	I	1700001	1710000	0.0088676600949921	7403	65.647287683227	514	7335.713884993
GLOBAL	I	1710001	1720000	0.01099758101055	5919	65.094682001446	508	5831.1725105189
GLOBAL	I	1720001	1730000	0.0090164586203616	7488	67.515242149268	528	7413.809256662
GLOBAL	I	1730001	1740000	0.0092450541586912	5962	55.119012894117	428	5573.9579242637
GLOBAL	I	1740001	1750000	0.0094939689779749	7113	67.530601340335	527	6504.5946704067
GLOBAL	I	1750001	1760000	0.0096008195885092	6877	66.024836310178	514	6537.1823281907
GLOBAL	I	1760001	1770000	0.010971683550944	6948	76.231257311961	596	6854.6353436185
GLOBAL	I	1770001	1780000	0.0083498918978915	6712	56.044474418647	439	6676.2510518934
GLOBAL	I	1780001	1790000	0.0089886783971881	7527	67.657782295635	530	7484.5063113604
GLOBAL	I	1790001	1800000	0.0097113514500184	6779	65.833251479675	514	6611.5021037868
GLOBAL	I	1800001	1810000	0.0086277232075979	6833	58.953232677516	460	6702.316970547
GLOBAL	I	1810001	1820000	0.009237217924944	6817	62.970114594343	492	6728.8541374474
GLOBAL	I	1820001	1830000	0.010363573145471	6413	66.461594581909	519	6323.5189340813
GLOBAL	I	1830001	1840000	0.0089148740887581	7261	64.730900758472	506	7180.840112202
GLOBAL	I	1840001	1850000	0.0094234450907634	6968	65.662565392439	511	6812.9523141655
GLOBAL	I	1850001	1860000	0.010002812582728	6805	68.069139625463	532	6705.1472650771
GLOBAL	I	1860001	1870000	0.01060487328304	6129	64.99726835175	506	6023.8541374474
GLOBAL	I	1870001	1880000	0.0092834075335546	6492	60.267881707837	471	6316.6704067321
GLOBAL	I	1880001	1890000	0.013063111298617	6186	80.808406493245	629	5847.3113604488
GLOBAL	I	1890001	1900000	0.010482928417125	7000	73.380498919875	574	6935.7054698457
GLOBAL	I	1900001	1910000	0.0094949302449136	6257	59.409778542425	461	5710.7405329593
GLOBAL	I	1910001	1920000	0.0076328699598694	6299	48.079447877217	375	6167.8751753156
GLOBAL	I	1920001	1930000	0.0094947238744313	6625	62.902545668107	492	6558.0448807854
GLOBAL	I	1930001	1940000	0.0099722134771579	5804	57.878727021424	447	5441.6661991585
GLOBAL	I	1940001	1950000	0.013289372305547	7088	94.195070901717	736	6955.1935483871
GLOBAL	I	1950001	1960000	0.010154782685932	7455	75.703904923621	592	7365.4740532959
GLOBAL	I	1960001	1970000	0.011856300548678	6672	79.105237260779	619	6612.8008415147
GLOBAL	I	1970001	1980000	0.010467056198211	7749	81.109218479935	635	7699.7124824684
GLOBAL	I	1980001	1990000	0.011057620410715	6840	75.634123609293	591	6753.1809256662
GLOBAL	I	1990001	2000000	0.0073947217588502	7031	51.992288686476	406	6826.4502103787
GLOBAL	I	2000001	2010000	0.0092417746557789	6169	57.0125078515	446	6084.6157082749
GLOBAL	I	2010001	2020000	0.010845178167971	7014	76.068079670148	594	6854.4417952314
GLOBAL	I	2020001	2030000	0.010101922128747	7714	77.926227301151	610	7643.2636746143
GLOBAL	I	2030001	2040000	0.010517155211789	4992	52.501638817251	408	4610.8597475456
GLOBAL	I	2040001	2050000	0.011257392843963	5343	60.148249965293	466	4886.729312763
GLOBAL	I	2050001	2060000	0.0096542798676241	6657	64.268541078773	500	6325.7503506311
GLOBAL	I	2060001	2070000	0.010013892961318	7269	72.790987935818	568	7115.2566619916
GLOBAL	I	2070001	2080000	0.011088013677442	7020	77.837856015646	609	6945.2019635344
GLOBAL	I	2080001	2090000	0.0098853257469426	7729	76.403682698119	598	7652.1360448808
GLOBAL	I	2090001	2100000	0.011557918556902	7303	84.407479221056	661	7258.507713885
GLOBAL	I	2100001	2110000	0.0093349349568898	7516	70.161371135984	549	7441.3492286115
GLOBAL	I	2110001	2120000	0.010126151189304	5253	53.192672197413	414	4799.2734922861
GLOBAL	I	2120001	2130000	0.0099488934798961	6738	67.03564426754	523	6445.858345021
GLOBAL	I	2130001	2140000	0.0063629421709753	8416	53.550521310928	418	8340.7699859748
GLOBAL	I	2140001	2150000	0.0091101303859491	7572	68.981907282406	539	7497.5049088359
GLOBAL	I	2150001	2160000	0.010629640591813	5421	57.623281648219	450	5234.2538569425
GLOBAL	I	2160001	2170000	0.011594816479138	6617	76.722900642458	600	6531.1290322581
GLOBAL	I	2170001	2180000	0.0095969660902391	6839	65.633651091145	513	6671.2201963534
GLOBAL	I	2180001	2190000	0.0088603534073782	6290	55.731622932409	436	6215.1654978962
GLOBAL	I	2190001	2200000	0.0081675845901681	5898	48.172413912812	374	4911.4838709677
GLOBAL	I	2200001	2210000	0.0095885096394192	6557	62.871857705672	491	6434.2454417952
GLOBAL	I	2210001	2220000	0.010548152936732	6679	70.451113464436	550	6549.4712482468
GLOBAL	I	2220001	2230000	0.010202063409515	6377	65.058558362479	509	6296.443197756
GLOBAL	I	2230001	2240000	0.0083959144094501	7653	64.253932975522	503	7577.7713884993
GLOBAL	I	2240001	2250000	0.0080610564773663	7185	57.918690789877	451	6738.4403927069
GLOBAL	I	2250001	2260000	0.0077828865735002	8057	62.706717122691	491	7998.3842917251
GLOBAL	I	2260001	2270000	0.0097565785189889	6343	61.885977545946	481	5780.950911641
GLOBAL	I	2270001	2280000	0.0098545135944376	6626	65.296007076744	511	6564.6255259467
GLOBAL	I	2280001	2290000	0.010883349951481	6754	73.506145572303	575	6657.110799439
GLOBAL	I	2290001	2300000	0.010724727258549	7056	75.673675536324	591	6908.8485273492
GLOBAL	I	2300001	2310000	0.0086727891153703	7952	68.966019045425	540	7905.9368863955
GLOBAL	I	2310001	2320000	0.011031135660866	6924	76.379583315835	597	6802.4726507714
GLOBAL	I	2320001	2330000	0.010857810207748	6404	69.533416570416	544	6338.0070126227
GLOBAL	I	2330001	2340000	0.0097536330802292	6722	65.563921565301	513	6650.4389901823
GLOBAL	I	2340001	2350000	0.0089012488518462	7012	62.415556949145	488	6894.4263674614
GLOBAL	I	2350001	2360000	0.0089779622541426	6211	55.76212356048	436	6079.0785413745
GLOBAL	I	2360001	2370000	0.010481143667113	6063	63.547174053709	496	5905.4698457223
GLOBAL	I	2370001	2380000	0.011217448767162	6978	78.275357497254	612	6892.286115007
GLOBAL	I	2380001	2390000	0.008198186490649	7148	58.600637035159	458	7063.9116409537
GLOBAL	I	2390001	2400000	0.010294074914765	6546	67.385014392055	526	6399.7237026648
GLOBAL	I	2400001	2410000	0.0084798055583765	7348	62.309611242951	488	7303.2412342216
GLOBAL	I	2410001	2420000	0.0085571025830852	7612	65.136664862444	510	7554.4207573633
GLOBAL	I	2420001	2430000	0.009306591333194	7962	74.099080194891	580	7896.3520336606
GLOBAL	I	2430001	2440000	0.0090061288659011	7150	64.393821391193	504	7075.6465638149
GLOBAL	I	2440001	2450000	0.0092359591352901	6819	62.980005343543	492	6620.4600280505
GLOBAL	I	2450001	2460000	0.0094372679086617	6236	58.850802678414	456	5753.3842917251
GLOBAL	I	2460001	2470000	0.0085761241529748	7756	66.516418930473	519	7621.1809256662
GLOBAL	I	2470001	2480000	0.011194596907599	7066	79.101021749094	618	6961.667601683
GLOBAL	I	2480001	2490000	0.0098490764979691	6953	68.480628890379	536	6890.332398317
GLOBAL	I	2490001	2500000	0.011834086934534	7400	87.572243315548	685	7338.603085554
GLOBAL	I	2500001	2510000	0.01216128933285	6889	83.779122214004	653	6643.8527349229
GLOBAL	I	2510001	2520000	0.011051235622061	6989	77.237085762586	604	6900.3716690042
GLOBAL	I	2520001	2530000	0.010572318599615	7154	75.634367261645	591	7046.4726507714
GLOBAL	I	2530001	2540000	0.010343803773711	6589	68.15532306498	532	6463.412342216
GLOBAL	I	2540001	2550000	0.0098836667617632	6801	67.218817646752	525	6689.3828892006
GLOBAL	I	2550001	2560000	0.0099766728707402	6929	69.128366321359	541	6864.8134642356
GLOBAL	I	2560001	2570000	0.01050254562794	7661	80.460002055646	630	7605.8260869565
GLOBAL	I	2570001	2580000	0.011883892746142	6400	76.056913575307	593	6148.3730715288
GLOBAL	I	2580001	2590000	0.011061288397739	5829	64.476250070421	501	5454.7180925666
GLOBAL	I	2590001	2600000	0.010124581251769	8497	86.028566896281	674	8465.2566619916
GLOBAL	I	2600001	2610000	0.010095136016364	8047	81.235559523684	636	8003.1654978962
GLOBAL	I	2610001	2620000	0.0090289461985143	7820	70.606359272382	553	7758.5638148668
GLOBAL	I	2620001	2630000	0.0087513994864755	7789	68.164650600157	534	7757.2258064516
GLOBAL	I	2630001	2640000	0.0066485745234396	8794	58.467564359128	458	8757.5596072931
GLOBAL	I	2640001	2650000	0.009174236198316	7947	72.907655068018	571	7902.0532959327
GLOBAL	I	2650001	2660000	0.009400043042188	7745	72.803333361746	569	7626.0070126227
GLOBAL	I	2660001	2670000	0.010585418433838	8261	87.446141681933	684	8145.8555399719
GLOBAL	I	2670001	2680000	0.0075824432014512	7782	59.006572993693	462	7734.5035063114
GLOBAL	I	2680001	2690000	0.0082053894249379	8323	68.293456183758	535	8287.2482468443
GLOBAL	I	2690001	2700000	0.0091140499512826	6520	59.423605682363	465	6457.8723702665
GLOBAL	I	2700001	2710000	0.0095220525582755	7356	70.044218618675	547	6947.4179523142
GLOBAL	I	2710001	2720000	0.010234129785883	7022	71.86405935647	555	6090.9971910112
GLOBAL	I	2720001	2730000	0.010586409664482	6211	65.752190426099	513	5991.9256661992
GLOBAL	I	2730001	2740000	0.0087275879285793	7505	65.500547403987	513	7469.126227209
GLOBAL	I	2740001	2750000	0.006219886025272	8252	51.326499480545	402	8214.5441795231
GLOBAL	I	2750001	2760000	0.0078656210729901	8137	64.00255867092	501	8090.9523141655
GLOBAL	I	2760001	2770000	0.0084054517750338	7749	65.133845804737	510	7691.9859747546
GLOBAL	I	2770001	2780000	0.0084780617528204	8093	68.612953765575	537	8014.9817671809
GLOBAL	I	2780001	2790000	0.0070581424676713	7689	54.270057433925	424	7589.3870967742
GLOBAL	I	2790001	2800000	0.0088556092889949	7186	63.636408350718	498	7110.9593267882
GLOBAL	I	2800001	2810000	0.0091923449442542	7487	68.823086597631	538	7370.1346423562
GLOBAL	I	2810001	2820000	0.0088313092376082	7332	64.751159330143	506	6978.6942496494
GLOBAL	I	2820001	2830000	0.0093116021543709	8050	74.958397342686	587	7995.286115007
GLOBAL	I	2830001	2840000	0.0083196380568668	6650	55.325593078164	430	6295.7826086957
GLOBAL	I	2840001	2850000	0.0065058402498201	8439	54.902785868232	430	8377.8527349229
GLOBAL	I	2850001	2860000	0.0071029802358649	7299	51.844652741578	403	6808.9270687237
GLOBAL	I	2860001	2870000	0.0069254858793811	6287	43.540529723669	339	5993.7237026648
GLOBAL	I	2870001	2880000	0.0082354384437997	7855	64.689368976047	506	7740
GLOBAL	I	2880001	2890000	0.010687499995283	7840	83.789999963019	656	7760.2440392707
GLOBAL	I	2890001	2900000	0.0086712915451593	7239	62.771479495409	491	7139.6605890603
GLOBAL	I	2900001	2910000	0.0082678296316767	8017	66.283190157152	519	7962.3842917251
GLOBAL	I	2910001	2920000	0.0080579726152911	7259	58.492823214398	457	7031.9467040673
GLOBAL	I	2920001	2930000	0.0076065988470615	8327	63.340148599481	496	8279.935483871
GLOBAL	I	2930001	2940000	0.0066304522920966	8357	55.410689805051	434	8304.7812061711
GLOBAL	I	2940001	2950000	0.0065846281905556	8611	56.700233348875	444	8556.301542777
GLOBAL	I	2950001	2960000	0.0076887228091464	8301	63.824088038724	500	8269.8906030856
GLOBAL	I	2960001	2970000	0.0069605918892301	6863	47.770542135786	373	6595.5666199158
GLOBAL	I	2970001	2980000	0.0074907832459995	8062	60.390694529248	472	7953.0364656381
GLOBAL	I	2980001	2990000	0.0064266556861899	8245	52.987776132636	415	8206.9144460028
GLOBAL	I	2990001	3000000	0.0073247731571843	6840	50.10144839514	391	6713.3197755961
GLOBAL	I	3000001	3010000	0.0050916943361841	7622	38.808894230395	301	5905.7531556802
GLOBAL	I	3010001	3020000	0.007200757140625	8331	59.989507738547	468	8242.0589060309
GLOBAL	I	3020001	3030000	0.0080413431844147	7261	58.388192862035	455	7145.0126227209
GLOBAL	I	3030001	3040000	0.0089884227349349	7321	65.804242842459	514	7196.5988779804
GLOBAL	I	3040001	3050000	0.0064578737408073	8235	53.180590255548	416	8137.1963534362
GLOBAL	I	3050001	3060000	0.005605420468119	7453	41.777198748891	325	6852.03085554
GLOBAL	I	3060001	3070000	0.0075673075850661	7723	58.442316479466	457	7633.538569425
GLOBAL	I	3070001	3080000	0.0061116364110203	8817	53.886298235966	422	8774.427769986
GLOBAL	I	3080001	3090000	0.0068504192758957	7996	54.775952530062	429	7953.6451612903
GLOBAL	I	3090001	3100000	0.0073199745298761	7962	58.281637206873	456	7871.1697054698
GLOBAL	I	3100001	3110000	0.0070959669327338	8118	57.605059559933	451	8063.0771388499
GLOBAL	I	3110001	3120000	0.0059247148460016	8076	47.847997096309	374	7969.7363253857
GLOBAL	I	3120001	3130000	0.0075078551541794	8460	63.516454604358	497	8395.8429172511
GLOBAL	I	3130001	3140000	0.0085409832024148	7377	63.006833084214	492	7238.286115007
GLOBAL	I	3140001	3150000	0.0068873826107327	7383	50.84954581504	398	7315.6044880785
GLOBAL	I	3150001	3160000	0.0057389057211184	7526	43.191004457137	337	6920.4165497896
GLOBAL	I	3160001	3170000	0.0055751030295045	5260	29.325041935193	226	4651.8316970547
GLOBAL	I	3170001	3180000	0.0070674884230804	8189	57.875662696606	453	8118.5806451613
GLOBAL	I	3180001	3190000	0.006552662775244	8095	53.0438051656	415	7987.9481065919
GLOBAL	I	3190001	3200000	0.006024122305244	8275	49.849612075894	390	8183.2931276297
GLOBAL	I	3200001	3210000	0.0042541193523595	8869	37.729784536076	295	8755.652173913
GLOBAL	I	3210001	3220000	0.0074245035134333	7820	58.059617475048	454	7687.5624123422
GLOBAL	I	3220001	3230000	0.0054090659497721	7700	41.649807813245	326	7618.9270687237
GLOBAL	I	3230001	3240000	0.005868413923609	8309	48.760651291267	382	8273.2300140252
GLOBAL	I	3240001	3250000	0.0067691726895229	8769	59.358875314427	465	8730.4726507714
GLOBAL	I	3250001	3260000	0.0063626510389725	8581	54.597908565423	427	8474.5511921459
GLOBAL	I	3260001	3270000	0.008657871902374	7865	68.094162512171	533	7783.9326788219
GLOBAL	I	3270001	3280000	0.0081322745190902	7013	57.03164120238	446	6907.1332398317
GLOBAL	I	3280001	3290000	0.0063728906598296	8634	55.023537956969	431	8592.0518934081
GLOBAL	I	3290001	3300000	0.0062928885683204	8016	50.443794763656	395	7964.2762973352
GLOBAL	I	3300001	3310000	0.0089941501455542	7450	67.006418584379	524	7382.8204768583
GLOBAL	I	3310001	3320000	0.0059952902500534	8072	48.393982898431	379	8033.8176718093
GLOBAL	I	3320001	3330000	0.0080630522689156	7893	63.641671558551	498	7812.9817671809
GLOBAL	I	3330001	3340000	0.0071453192518037	8699	62.15713217144	487	8667.6774193548
GLOBAL	I	3340001	3350000	0.0082161782103808	7577	62.253982300055	487	7400.7994389902
GLOBAL	I	3350001	3360000	0.0080296543278344	8032	64.494183561166	505	7979.1584852735
GLOBAL	I	3360001	3370000	0.0069670818088237	8550	59.568549465442	466	8478.6816269285
GLOBAL	I	3370001	3380000	0.0072364712885193	7710	55.793193634484	437	7666.0028050491
GLOBAL	I	3380001	3390000	0.0070487300051254	7773	54.78977832984	428	7654.9453015428
GLOBAL	I	3390001	3400000	0.0058783272590024	8880	52.199546059942	409	8846.523141655
GLOBAL	I	3400001	3410000	0.0076041246455007	7563	57.509994693921	450	7471.9242636746
GLOBAL	I	3410001	3420000	0.0085820355007533	6822	58.546646186139	457	6278.6283309958
GLOBAL	I	3420001	3430000	0.0067394323503653	7930	53.443698538397	417	7842.492286115
GLOBAL	I	3430001	3440000	0.0047669091552999	8355	39.827525992531	312	8315.6115007013
GLOBAL	I	3440001	3450000	0.005603121480185	8999	50.422490200185	395	8954.9971949509
GLOBAL	I	3450001	3460000	0.0044922692352722	9005	40.452884463626	317	8877.9747545582
GLOBAL	I	3460001	3470000	0.0057129578245596	8737	49.914112513177	391	8690.6465638149
GLOBAL	I	3470001	3480000	0.0064668615216294	8035	51.961232326292	407	7983.1725105189
GLOBAL	I	3480001	3490000	0.0055162764881634	8930	49.260349039299	386	8901.3492286115
GLOBAL	I	3490001	3500000	0.0048943311827199	7835	38.34708481661	300	7352.2356241234
GLOBAL	I	3500001	3510000	0.0061651782837626	8601	53.026698418642	415	8496.0322580645
GLOBAL	I	3510001	3520000	0.0051708473253189	9255	47.856191995827	375	9232.2117812062
GLOBAL	I	3520001	3530000	0.0061327848348422	8855	54.305809712528	425	8800.5189340813
GLOBAL	I	3530001	3540000	0.0060822344942327	7317	44.503709794301	348	7158.4389901823
GLOBAL	I	3540001	3550000	0.0051560962063496	9306	47.98263129629	376	9284.5371669004
GLOBAL	I	3550001	3560000	0.0053514536071858	8733	46.734244351554	366	8672.2889200561
GLOBAL	I	3560001	3570000	0.0055796192056901	8802	49.111808248485	381	8558.2819074334
GLOBAL	I	3570001	3580000	0.0041827045291851	9578	40.061943980535	314	9562.4221598878
GLOBAL	I	3580001	3590000	0.0053472421490197	9497	50.78275868924	398	9476.8527349229
GLOBAL	I	3590001	3600000	0.0050733696577511	8879	45.046449191172	353	8856.1164095372
GLOBAL	I	3600001	3610000	0.0048172784677075	8847	42.618462603808	334	8829.3997194951
GLOBAL	I	3610001	3620000	0.0054187561349248	9116	49.397380925975	387	9081.4684431978
GLOBAL	I	3620001	3630000	0.0047224325499216	9512	44.919778414854	352	9491.1500701262
GLOBAL	I	3630001	3640000	0.005016743430259	8985	45.075439720877	353	8935.3744740533
GLOBAL	I	3640001	3650000	0.0052094575009391	9112	47.468576748557	372	9090.0448807854
GLOBAL	I	3650001	3660000	0.0056136506345607	8754	49.141897654944	385	8717.1164095372
GLOBAL	I	3660001	3670000	0.0053369337674196	7941	42.380591047079	332	7905.729312763
GLOBAL	I	3670001	3680000	0.005091118880839	9099	46.324090696754	363	9073.4824684432
GLOBAL	I	3680001	3690000	0.0043599147927132	9540	41.593587122484	326	9523.7391304348
GLOBAL	I	3690001	3700000	0.0045286520101756	9270	41.980604134328	329	9246.4852734923
GLOBAL	I	3700001	3710000	0.0062954843257011	8474	53.347934175991	418	8429.2145862553
GLOBAL	I	3710001	3720000	0.0056499559468076	7614	43.018764578993	336	7421.96914446
GLOBAL	I	3720001	3730000	0.004855505318903	9075	44.063710769045	345	9004.3983169705
GLOBAL	I	3730001	3740000	0.0056177959183134	8653	48.610788081166	380	8504.4992987377
GLOBAL	I	3740001	3750000	0.0063470376499103	8768	55.650826114413	436	8738.8779803647
GLOBAL	I	3750001	3760000	0.0042013924469031	9718	40.829131799004	320	9701.4978962132
GLOBAL	I	3760001	3770000	0.004859506085109	8906	43.278761193981	339	8866.2636746143
GLOBAL	I	3770001	3780000	0.0046246250498908	9050	41.852856701512	328	9030.4600280505
GLOBAL	I	3780001	3790000	0.0073068793783282	8150	59.551066933375	466	8066.9579242637
GLOBAL	I	3790001	3800000	0.0049040627429247	9118	44.715244089988	350	9042.5974754558
GLOBAL	I	3800001	3810000	0.0051274910946453	8542	43.79902893046	343	8481.9705469846
GLOBAL	I	3810001	3820000	0.0052105388989784	9135	47.598272842168	373	9111.4263674614
GLOBAL	I	3820001	3830000	0.0040756525249599	9054	36.900957960987	289	8875.523141655
GLOBAL	I	3830001	3840000	0.0048967263875052	8628	42.248955271395	329	8202.5946704067
GLOBAL	I	3840001	3850000	0.0053521206774564	8894	47.601761305297	373	8874.2622720898
GLOBAL	I	3850001	3860000	0.0051700765616307	8990	46.47898828906	364	8943.747545582
GLOBAL	I	3860001	3870000	0.0056841648361009	8090	45.984893524057	359	7423.556802244
GLOBAL	I	3870001	3880000	0.0064715712130592	8778	56.807452108233	445	8729.6816269285
GLOBAL	I	3880001	3890000	0.0056468804160162	9228	52.109412478998	408	9175.6044880785
GLOBAL	I	3890001	3900000	0.0054585242141511	8725	47.625623768469	373	8687.4502103787
GLOBAL	I	3900001	3910000	0.00669491109147	8213	54.985304794243	430	8125.2875175316
GLOBAL	I	3910001	3920000	0.0060434245384665	9356	56.542279981893	443	9324.1009817672
GLOBAL	I	3920001	3930000	0.0049928964408969	9104	45.455329197926	356	9060.8120617111
GLOBAL	I	3930001	3940000	0.0058394097368472	8872	51.807243185309	406	8849.7545582048
GLOBAL	I	3940001	3950000	0.0052880927979831	8665	45.821324094524	359	8640.4389901823
GLOBAL	I	3950001	3960000	0.006246883822757	8683	54.241692232999	425	8657.4516129032
GLOBAL	I	3960001	3970000	0.0046445720299778	9506	44.151301716969	346	9484.6816269285
GLOBAL	I	3970001	3980000	0.0047125954185374	9504	44.78850685778	351	9487.1654978962
GLOBAL	I	3980001	3990000	0.005112108354407	9236	47.215432761303	370	9212.8134642356
GLOBAL	I	3990001	4000000	0.0049579833305488	8149	40.402606160642	315	7658.4137447405
GLOBAL	I	4000001	4010000	0.0058882052529858	8978	52.864306761306	414	8920.4558204769
GLOBAL	I	4010001	4020000	0.0068741315784024	8507	58.478237337469	458	8459.5063113604
GLOBAL	I	4020001	4030000	0.0069768886953625	8544	59.610537013177	467	8506.5175315568
GLOBAL	I	4030001	4040000	0.0060663518677664	8877	53.851005530162	422	8853.4053295933
GLOBAL	I	4040001	4050000	0.005168259492702	9456	48.87106176299	383	9438.2005610098
GLOBAL	I	4050001	4060000	0.0045265380770215	8968	40.593993474728	318	8927.5666199158
GLOBAL	I	4060001	4070000	0.0056548295928059	8522	48.190457789892	377	8452.4249649369
GLOBAL	I	4070001	4080000	0.0040763050236161	8985	36.62560063719	287	8958.4754558205
GLOBAL	I	4080001	4090000	0.0046965326788681	9617	45.166554772675	354	9599.7826086957
GLOBAL	I	4090001	4100000	0.0064090821008911	8488	54.400288872364	426	8424.5666199158
GLOBAL	I	4100001	4110000	0.0051831160350937	9036	46.834636493107	367	9011.9481065919
GLOBAL	I	4110001	4120000	0.0046698830601075	9426	44.018317724574	345	9410.8976157083
GLOBAL	I	4120001	4130000	0.004478255579068	4586	20.537280085606	158	3523.3786816269
GLOBAL	I	4130001	4140000	0.0037108666384613	3436	12.750537769753	94	2268.3183730715
GLOBAL	I	4140001	4150000	0.0044353093057363	9096	40.343573444977	316	9057.8513323983
GLOBAL	I	4150001	4160000	0.0053734162179805	9119	49.000182491765	384	9089.6661991585
GLOBAL	I	4160001	4170000	0.0047297992922287	8607	40.709382508212	319	8578.950911641
GLOBAL	I	4170001	4180000	0.0056726775340401	7661	43.458382588281	340	7529.8906030856
GLOBAL	I	4180001	4190000	0.0059572803579324	8190	48.790126131467	382	8135.8639551192
GLOBAL	I	4190001	4200000	0.006053710071352	8692	52.618847940192	412	8631.2931276297
GLOBAL	I	4200001	4210000	0.00636880089714	7947	50.612860729571	396	7822.1963534362
GLOBAL	I	4210001	4220000	0.0064767257630167	8261	53.504231528281	419	7842.2538569425
GLOBAL	I	4220001	4230000	0.00497103922085	8989	44.68467155622	350	8947.6157082749
GLOBAL	I	4230001	4240000	0.0054909890269215	8948	49.133369812894	385	8923.1584852735
GLOBAL	I	4240001	4250000	0.0066154264926821	7954	52.619102322793	412	7889.9481065919
GLOBAL	I	4250001	4260000	0.0060575838313541	8792	53.258277045266	417	8753.3085553997
GLOBAL	I	4260001	4270000	0.0060016496862794	8662	51.986289582552	407	8600.3394109397
GLOBAL	I	4270001	4280000	0.0043678989408465	8718	38.0793429663	298	8391.2005610098
GLOBAL	I	4280001	4290000	0.003952551432686	8913	35.22909091953	276	8848.9817671809
GLOBAL	I	4290001	4300000	0.0035261705629315	9155	32.282091503638	253	9137.5624123422
GLOBAL	I	4300001	4310000	0.0048660714581562	8266	40.222946673119	315	8225.0575035063
GLOBAL	I	4310001	4320000	0.0040988373107449	9030	37.012500916026	290	9005.683029453
GLOBAL	I	4320001	4330000	0.0035236363778357	9342	32.917811041741	258	9327.7713884993
GLOBAL	I	4330001	4340000	0.0061491382114531	8444	51.92332305751	406	8364.7685834502
GLOBAL	I	4340001	4350000	0.005314063406834	8910	47.348304954891	371	8887.301542777
GLOBAL	I	4350001	4360000	0.0048300722788884	8934	43.151865739589	338	8906.8765778401
GLOBAL	I	4360001	4370000	0.0051902230438035	8954	46.473257134216	364	8906.0224403927
GLOBAL	I	4370001	4380000	0.0050421311335489	9339	47.088462656213	369	9314.4936886396
GLOBAL	I	4380001	4390000	0.0045639389666809	9116	41.604867620263	326	9085.3408134642
GLOBAL	I	4390001	4400000	0.0042257796136102	9216	38.944784919032	305	9187.1276297335
GLOBAL	I	4400001	4410000	0.0043105839835609	9160	39.484949289417	309	9126.079943899
GLOBAL	I	4410001	4420000	0.0053893174578176	8721	47.000237549628	368	8675.9495091164
GLOBAL	I	4420001	4430000	0.0036604139710987	9283	33.97962289371	266	9229.3099579243
GLOBAL	I	4430001	4440000	0.0048428364169362	9354	45.299891844021	355	9329.9789621318
GLOBAL	I	4440001	4450000	0.0045341130126487	8949	40.575777350194	318	8933.350631136
GLOBAL	I	4450001	4460000	0.0054092145034444	8214	44.431287931292	348	8165.7769985975
GLOBAL	I	4460001	4470000	0.0056073154529703	7810	43.793133687698	343	7761.7657784011
GLOBAL	I	4470001	4480000	0.0059483837854556	8411	50.031856019467	392	8380.8934081346
GLOBAL	I	4480001	4490000	0.0063821058248631	8802	56.175295470445	440	8757.9957924264
GLOBAL	I	4490001	4500000	0.0059612451850847	9134	54.450013520564	426	9008.3183730715
GLOBAL	I	4500001	4510000	0.0042652838895057	9275	39.560508075165	310	9252.0589060309
GLOBAL	I	4510001	4520000	0.0053831972088019	9031	48.61565399269	381	9011.5596072931
GLOBAL	I	4520001	4530000	0.0056884103194221	9197	52.316309707725	410	9177.3113604488
GLOBAL	I	4530001	4540000	0.0052153693797934	8393	43.772595204606	343	8358.8387096774
GLOBAL	I	4540001	4550000	0.0046859321281996	9067	42.487346606386	333	9050.221598878
GLOBAL	I	4550001	4560000	0.0056218202304144	8877	49.904898185389	391	8847.6325385694
GLOBAL	I	4560001	4570000	0.0049448506164017	8287	40.977977058121	321	8248.1795231417
GLOBAL	I	4570001	4580000	0.0054194276855532	8925	48.368392093563	379	8897.3450210379
GLOBAL	I	4580001	4590000	0.0055975958844859	8653	48.435997188457	379	8552.3646563815
GLOBAL	I	4590001	4600000	0.0057554820270882	8056	46.366163210223	362	7609.2650771388
GLOBAL	I	4600001	4610000	0.0053722998288288	9383	50.4082892939	395	9355.9915848527
GLOBAL	I	4610001	4620000	0.0061268994802121	8936	54.749973755175	429	8904.8232819074
GLOBAL	I	4620001	4630000	0.0063339724696675	8555	54.187134478005	424	8478.0056100982
GLOBAL	I	4630001	4640000	0.0069008893688949	8167	56.359563475764	441	8108.4403927069
GLOBAL	I	4640001	4650000	0.0054143237928846	8205	44.424526720619	348	8161.2159887798
GLOBAL	I	4650001	4660000	0.0046867526838211	9311	43.638354239058	342	9292.6002805049
GLOBAL	I	4660001	4670000	0.0057027724035642	7643	43.586289480442	341	7589.6269284712
GLOBAL	I	4670001	4680000	0.0056121781527634	8095	45.430582146619	356	8070.6928471248
GLOBAL	I	4680001	4690000	0.0052066887383987	9289	48.364931690986	379	9268.396914446
GLOBAL	I	4690001	4700000	0.0058216865404941	8640	50.299371709869	394	8600.0056100982
GLOBAL	I	4700001	4710000	0.0060571445278601	8142	49.317270745837	386	8083.0785413745
GLOBAL	I	4710001	4720000	0.0073296652359961	6612	48.463746540406	373	5850.6549789621
GLOBAL	I	4720001	4730000	0.0043239247985685	6276	27.136952035816	205	4409.2330508475
GLOBAL	I	4730001	4740000	0.0039690064478895	7985	31.692516486398	246	6431.2314165498
GLOBAL	I	4740001	4750000	0.0055745575846497	8478	47.26109920266	370	8400.1963534362
GLOBAL	I	4750001	4760000	0.0037157418276608	9108	33.842976566335	265	9062.889200561
GLOBAL	I	4760001	4770000	0.0048577604488844	7848	38.123704002845	298	7782.1809256662
GLOBAL	I	4770001	4780000	0.0049301032958373	9267	45.687267242524	358	9245.5021037868
GLOBAL	I	4780001	4790000	0.0060359790383894	8568	51.716268400921	405	8529.3590462833
GLOBAL	I	4790001	4800000	0.0052306967471443	8614	45.057221779901	353	8579.9831697055
GLOBAL	I	4800001	4810000	0.0059112068557384	8926	52.763432394321	413	8868.2973352034
GLOBAL	I	4810001	4820000	0.0054843271101968	9152	50.192561712522	393	9108.793828892
GLOBAL	I	4820001	4830000	0.0053053048673854	8713	46.225121309529	362	8663.2173913043
GLOBAL	I	4830001	4840000	0.0062226760316035	7919	49.277371494268	386	7862.4530154278
GLOBAL	I	4840001	4850000	0.0067741608054824	8511	57.654882615461	451	8405.0252454418
GLOBAL	I	4850001	4860000	0.0061320742954313	7941	48.69480198002	381	7548.8443197756
GLOBAL	I	4860001	4870000	0.0056446869467104	8729	49.272472357835	386	8682.8681626928
GLOBAL	I	4870001	4880000	0.0061658301774603	8241	50.81260649245	398	8186.7321178121
GLOBAL	I	4880001	4890000	0.0066985968485029	8407	56.315103705364	441	8364.5890603086
GLOBAL	I	4890001	4900000	0.0059757592342261	8472	50.626632232363	395	8379.8036465638
GLOBAL	I	4900001	4910000	0.0054298146961043	8308	45.110900495234	353	8251.8541374474
GLOBAL	I	4910001	4920000	0.0064197259751445	8774	56.326675705918	441	8697.2103786816
GLOBAL	I	4920001	4930000	0.006343402137007	8639	54.800651061603	429	8561.1809256662
GLOBAL	I	4930001	4940000	0.0044912907181456	9092	40.834815209379	320	9065.2272089762
GLOBAL	I	4940001	4950000	0.0058880313071551	7248	42.67645091426	333	7077.9368863955
GLOBAL	I	4950001	4960000	0.0060863911999928	8666	52.744666139138	413	8602.6143057503
GLOBAL	I	4960001	4970000	0.0048986852410277	8915	43.671778923762	342	8856.6423562412
GLOBAL	I	4970001	4980000	0.005610332884955	8782	49.269943395675	386	8737.8527349229
GLOBAL	I	4980001	4990000	0.0054141609357994	8796	47.622959591292	373	8756.0084151473
GLOBAL	I	4990001	5000000	0.0043592639853891	8411	36.665769381108	287	8320.3856942496
GLOBAL	I	5000001	5010000	0.0058790179018889	7760	45.621178918658	357	7665.5469845722
GLOBAL	I	5010001	5020000	0.0039221274349372	9143	35.860011137631	281	9111.1402524544
GLOBAL	I	5020001	5030000	0.0053524619977477	8469	45.330000658926	355	8411.5189340813
GLOBAL	I	5030001	5040000	0.0046168867900878	8907	41.122610639312	322	8870.5834502104
GLOBAL	I	5040001	5050000	0.0052268210594954	8320	43.487151215001	340	7774.3590462833
GLOBAL	I	5050001	5060000	0.0052878922089218	9025	47.723227185519	374	9003.2244039271
GLOBAL	I	5060001	5070000	0.0051473642712473	9273	47.731508887276	374	9239.6619915849
GLOBAL	I	5070001	5080000	0.0049147205983081	8389	41.229591099207	323	8341.7615708275
GLOBAL	I	5080001	5090000	0.0054079740963263	8999	48.666358892841	381	8943.2117812062
GLOBAL	I	5090001	5100000	0.0036692339388615	9529	34.964130203411	274	9506.8148667602
GLOBAL	I	5100001	5110000	0.0050684205899075	8537	43.269106576041	339	8490.6872370266
GLOBAL	I	5110001	5120000	0.0045647815731995	9224	42.105545231192	330	9202.0238429173
GLOBAL	I	5120001	5130000	0.0048724632815092	9559	46.575876507947	365	9537.9523141655
GLOBAL	I	5130001	5140000	0.0051855949132684	8087	41.935906063602	328	7958.4067321178
GLOBAL	I	5140001	5150000	0.0063743907696213	8677	55.310588708004	433	8602.6942496494
GLOBAL	I	5150001	5160000	0.0053572380693016	9360	50.143748328663	393	9342.6774193548
GLOBAL	I	5160001	5170000	0.0067150807995539	7658	51.424088762984	402	7537.6760168303
GLOBAL	I	5170001	5180000	0.0066793246380917	8314	55.531905041094	435	8268.1486676017
GLOBAL	I	5180001	5190000	0.0058264177086057	8981	52.327057440988	410	8958.6395511921
GLOBAL	I	5190001	5200000	0.0055539146394096	8639	47.98026856986	376	8603.4684431978
GLOBAL	I	5200001	5210000	0.0068098158116886	8964	61.043188935976	478	8888.4586255259
GLOBAL	I	5210001	5220000	0.0057345126437725	8683	49.792773285877	390	8635.1851332398
GLOBAL	I	5220001	5230000	0.0057503863155276	8659	49.792595106154	390	8617.0280504909
GLOBAL	I	5230001	5240000	0.0054385975292782	9292	50.535448242053	396	9269.4810659187
GLOBAL	I	5240001	5250000	0.0050133940302866	9470	47.476841466814	372	9447.0336605891
GLOBAL	I	5250001	5260000	0.0061025154997345	8640	52.725733917706	413	8593.5035063114
GLOBAL	I	5260001	5270000	0.0055421212764522	8407	46.592613571133	365	8371.3800841515
GLOBAL	I	5270001	5280000	0.0051117529967689	9313	47.605755658909	373	9284.3043478261
GLOBAL	I	5280001	5290000	0.0053893399553188	8336	44.925537867537	352	8306.7419354839
GLOBAL	I	5290001	5300000	0.0062053599698083	9070	56.282614926161	441	9040.2566619916
GLOBAL	I	5300001	5310000	0.0064322196875461	8222	52.885710271004	414	8151.3366058906
GLOBAL	I	5310001	5320000	0.0045522896379025	8831	40.201269792317	315	8794.0687237027
GLOBAL	I	5320001	5330000	0.0053402930852387	9107	48.634049127269	381	9070.6746143057
GLOBAL	I	5330001	5340000	0.0057808557685011	8706	50.328130320571	394	8651.3800841515
GLOBAL	I	5340001	5350000	0.0046555219805404	9291	43.254454721201	339	9275.4670406732
GLOBAL	I	5350001	5360000	0.0055292829218307	9072	50.161654666848	393	9039.778401122
GLOBAL	I	5360001	5370000	0.0051178412388315	9379	48.000232979	376	9332.1697054698
GLOBAL	I	5370001	5380000	0.0052869072932009	8867	46.879006968812	367	8769.1739130435
GLOBAL	I	5380001	5390000	0.0055830501409754	8157	45.540939999936	356	8101.3141654979
GLOBAL	I	5390001	5400000	0.005615936450739	7989	44.865716304954	351	7891.2973352034
GLOBAL	I	5400001	5410000	0.0053933797284751	8550	46.113396678462	361	8500.1374474053
GLOBAL	I	5410001	5420000	0.0062073186014517	8436	52.364939721847	410	8389.9242636746
GLOBAL	I	5420001	5430000	0.0051876874711189	8954	46.450553616398	364	8932.9368863955
GLOBAL	I	5430001	5440000	0.0040282975697566	9060	36.496375981995	286	9040.2903225806
GLOBAL	I	5440001	5450000	0.0050059589539074	8390	41.999995623283	329	8344.5105189341
GLOBAL	I	5450001	5460000	0.0059826277890061	8150	48.758416480399	380	8011.0785413745
GLOBAL	I	5460001	5470000	0.006737624947674	8322	56.070514814543	439	8253.4950911641
GLOBAL	I	5470001	5480000	0.0048814395817601	8012	39.110093929062	306	7949.8485273492
GLOBAL	I	5480001	5490000	0.0056945688758681	8115	46.21142642767	362	8075.4137447405
GLOBAL	I	5490001	5500000	0.0051583840898422	8641	44.573596920326	349	8582.0448807854
GLOBAL	I	5500001	5510000	0.0056692121685594	7296	41.362571981809	323	6483.9481065919
GLOBAL	I	5510001	5520000	0.0058789525513246	9034	53.110457348667	416	8983.110799439
GLOBAL	I	5520001	5530000	0.004853282202756	8182	39.709554982949	311	8132.1079943899
GLOBAL	I	5530001	5540000	0.0063704703486117	7821	49.823448596492	390	7753.3422159888
GLOBAL	I	5540001	5550000	0.0062306668088906	8774	54.667870581206	428	8696.9284712482
GLOBAL	I	5550001	5560000	0.0049824224415937	8532	42.510028271678	333	8493.2734922861
GLOBAL	I	5560001	5570000	0.0061770989627047	8473	52.338559510997	410	8429.7012622721
GLOBAL	I	5570001	5580000	0.0049723991578013	9037	44.93557118905	352	8989.5147265077
GLOBAL	I	5580001	5590000	0.0049811478858682	9326	46.454185183607	364	9298.4824684432
GLOBAL	I	5590001	5600000	0.0063873491168516	8693	55.525225872791	435	8650.0280504909
GLOBAL	I	5600001	5610000	0.0060601211178982	8520	51.632231924492	403	8156.3828892006
GLOBAL	I	5610001	5620000	0.0042550227449407	9326	39.682342119317	311	9298.5918653576
GLOBAL	I	5620001	5630000	0.0047502945018762	8490	40.330000320929	316	8460.9298737728
GLOBAL	I	5630001	5640000	0.005936004668756	8215	48.764278353831	382	8173.6605890603
GLOBAL	I	5640001	5650000	0.004686535715066	8850	41.475841078334	325	8820.9873772791
GLOBAL	I	5650001	5660000	0.0049209460788366	8894	43.766894425173	343	8874.5848527349
GLOBAL	I	5660001	5670000	0.0044779074647132	8423	37.717414575279	295	7800.0504908836
GLOBAL	I	5670001	5680000	0.0066431144030102	8011	53.217989482515	416	7889.0098176718
GLOBAL	I	5680001	5690000	0.0057621325739499	8741	50.366800828896	394	8638.2931276297
GLOBAL	I	5690001	5700000	0.0054821099873635	9148	50.150342164401	393	9127.4095371669
GLOBAL	I	5700001	5710000	0.0048356297713784	9140	44.197656110398	346	9086.7349228611
GLOBAL	I	5710001	5720000	0.0057630467412372	8529	49.153025656012	385	8490.7223001403
GLOBAL	I	5720001	5730000	0.0054918674896678	8369	45.96143902103	360	8326.1360448808
GLOBAL	I	5730001	5740000	0.0056135642657489	8663	48.630307234182	381	8630.5399719495
GLOBAL	I	5740001	5750000	0.0057308133127184	8251	47.28494064324	370	8149.4544179523
GLOBAL	I	5750001	5760000	0.0059248211505634	8557	50.698694585371	397	8504.1402524544
GLOBAL	I	5760001	5770000	0.0048627149496104	8198	39.864537156906	312	8134.8288920056
GLOBAL	I	5770001	5780000	0.0053925961526521	9276	50.021721912001	392	9249.4389901823
GLOBAL	I	5780001	5790000	0.0056352106612144	8701	49.031967963227	384	8658.9424964937
GLOBAL	I	5790001	5800000	0.005678404319328	8634	49.027342893078	384	8590.7405329593
GLOBAL	I	5800001	5810000	0.0059222951581482	8451	50.04931638151	392	8396.4109396914
GLOBAL	I	5810001	5820000	0.0047948010969403	9209	44.155323301723	346	9184.2692847125
GLOBAL	I	5820001	5830000	0.0046707889888807	8853	41.350494918561	324	8830.0168302945
GLOBAL	I	5830001	5840000	0.0073898961535778	8164	60.331112197809	472	8072.2931276297
GLOBAL	I	5840001	5850000	0.0054101461486756	9010	48.745416799567	382	8988.4726507714
GLOBAL	I	5850001	5860000	0.0055649436533815	9269	51.581462723193	404	9223.5007012623
GLOBAL	I	5860001	5870000	0.0048004393693907	9199	44.159241759025	346	9171.4249649369
GLOBAL	I	5870001	5880000	0.0047980024639486	9574	45.936075589843	360	9554.6549789621
GLOBAL	I	5880001	5890000	0.0051053102480321	8525	43.522769864474	341	8490.1879382889
GLOBAL	I	5890001	5900000	0.0058357219484037	8403	49.037571532436	384	8337.6381486676
GLOBAL	I	5900001	5910000	0.0048891166909836	8880	43.415356215934	340	8834.5203366059
GLOBAL	I	5910001	5920000	0.0056242834577244	8942	50.292342678971	394	8904.7180925666
GLOBAL	I	5920001	5930000	0.0057321715594541	7286	41.764601982183	327	6890.8765778401
GLOBAL	I	5930001	5940000	0.0057893744214125	8516	49.302312572749	386	8434.5553997195
GLOBAL	I	5940001	5950000	0.0054040856484173	8954	48.388182895929	379	8918.9859747546
GLOBAL	I	5950001	5960000	0.0061203124989085	7835	47.952648428948	375	7753.8863955119
GLOBAL	I	5960001	5970000	0.0059787597266585	8102	48.439911305387	379	8009.1584852735
GLOBAL	I	5970001	5980000	0.0055446972919701	8934	49.536325606461	388	8880.9481065919
GLOBAL	I	5980001	5990000	0.0055216753611287	9369	51.732576458415	405	9251.350631136
GLOBAL	I	5990001	6000000	0.0054107431123027	9035	48.886064019655	383	9005.8359046283
GLOBAL	I	6000001	6010000	0.0040378925417494	9669	39.042382986175	306	9653.8302945302
GLOBAL	I	6010001	6020000	0.0043040688929782	9105	39.188547270567	307	9068.7152875175
GLOBAL	I	6020001	6030000	0.0052463276123556	8476	44.467872842326	348	8412.2636746143
GLOBAL	I	6030001	6040000	0.0055827475110145	9121	50.920240047963	399	9092.2019635344
GLOBAL	I	6040001	6050000	0.0068817488745512	7476	51.447954586145	402	7298.7671809257
GLOBAL	I	6050001	6060000	0.0058166248069447	8067	46.922712317623	366	7635.3029453015
GLOBAL	I	6060001	6070000	0.0051677156656788	7856	40.597574269572	318	7512.1164095372
GLOBAL	I	6070001	6080000	0.0045979801052737	8854	40.710515852093	319	8822.9579242637
GLOBAL	I	6080001	6090000	0.0069658712969288	7885	54.925895176284	429	7745.5427769986
GLOBAL	I	6090001	6100000	0.0057754102573063	7894	45.591088571176	354	7394.5007012623
GLOBAL	I	6100001	6110000	0.004485236314019	8847	39.680885670126	310	8716.3646563815
GLOBAL	I	6110001	6120000	0.006314029649779	7393	46.679621200816	365	7158.8709677419
GLOBAL	I	6120001	6130000	0.0067020180940037	8525	57.134704251381	447	8452.6367461431
GLOBAL	I	6130001	6140000	0.0063091852490082	7242	45.691119573317	356	7146.7223001403
GLOBAL	I	6140001	6150000	0.006112100868529	7988	48.82346173781	382	7904.4417952314
GLOBAL	I	6150001	6160000	0.0054558301072869	6976	38.059870828434	296	6682.0925666199
GLOBAL	I	6160001	6170000	0.0052083146725211	7566	39.406108812295	308	7186.0406732118
GLOBAL	I	6170001	6180000	0.0064697023152224	8661	56.034091752141	439	8623.4978962132
GLOBAL	I	6180001	6190000	0.0054455925249131	7885	42.93849705894	336	7825.7798036466
GLOBAL	I	6190001	6200000	0.0039845661758061	9288	37.008650640888	290	9261.0322580645
GLOBAL	I	6200001	6210000	0.0056057986156421	8367	46.903717017077	367	8298.2566619916
GLOBAL	I	6210001	6220000	0.0041981894964709	9310	39.085144212144	306	9252.3646563815
GLOBAL	I	6220001	6230000	0.0038077356504001	9154	34.856012143762	273	9099.2019635344
GLOBAL	I	6230001	6240000	0.0053856666493025	8609	46.365204183846	363	8541.3450210379
GLOBAL	I	6240001	6250000	0.0059371466351328	7325	43.489599102348	340	7186.3983169705
GLOBAL	I	6250001	6260000	0.0024191521082125	3195	7.7291909857389	52	1090.6492957746
GLOBAL	I	6260001	6270000	0.00088235531648805	3946	3.4817740788618	21	878.70085470085
GLOBAL	I	6270001	6280000	0.0016483866300353	2979	4.9105437708751	28	959.01265822785
GLOBAL	I	6280001	6290000	0.001080900818657	4173	4.5105991162556	25	720.13473684211
GLOBAL	I	6290001	6300000	0.00096134423847565	2003	1.9255725096667	9	291.91897654584
GLOBAL	I	6300001	6310000	0.0019224985032453	2477	4.7620287925387	20	357.17538461538
GLOBAL	I	6310001	6320000	0.005016867555663	7086	35.549523499428	278	6970.9915848527
GLOBAL	I	6320001	6330000	0.0031674719849944	9310	29.489164180297	231	9256.7237026648
GLOBAL	I	6330001	6340000	0.0045043847562054	9047	40.751168889391	319	8946.8415147265
GLOBAL	I	6340001	6350000	0.004674282481979	8079	37.763528171908	295	7870.126227209
GLOBAL	I	6350001	6360000	0.0037860526159841	8631	32.677420128559	256	8599.3001402525
GLOBAL	I	6360001	6370000	0.0057969527636764	8476	49.134971624921	384	8282.6802244039
GLOBAL	I	6370001	6380000	0.0051899793423503	8527	44.254953852221	346	8433.2244039271
GLOBAL	I	6380001	6390000	0.0045252129379032	9109	41.22016465136	323	9081.4852734923
GLOBAL	I	6390001	6400000	0.0064167786629992	8821	56.602404586316	443	8750.492286115
GLOBAL	I	6400001	6410000	0.0061499215814116	8187	50.349407987017	394	7999.7208976157
GLOBAL	I	6410001	6420000	0.005751485859719	8520	49.002659524806	384	8493.5680224404
GLOBAL	I	6420001	6430000	0.0061248724772191	8178	50.089207118698	391	7974.8134642356
GLOBAL	I	6430001	6440000	0.0056282058452683	8257	46.472095664381	363	7937.7798036466
GLOBAL	I	6440001	6450000	0.0063657018551234	8782	55.903593691694	438	8742.6171107994
GLOBAL	I	6450001	6460000	0.0064004533419015	8438	54.007025298965	423	8382.3562412342
GLOBAL	I	6460001	6470000	0.0048215381899945	9352	45.091025152829	353	9291.316970547
GLOBAL	I	6470001	6480000	0.0050824326335347	8838	44.91853961518	352	8814.6563814867
GLOBAL	I	6480001	6490000	0.0058128518970981	8412	48.897710158389	383	8378.2117812062
GLOBAL	I	6490001	6500000	0.0061232674649637	8478	51.913061567962	406	8381.652173913
GLOBAL	I	6500001	6510000	0.0062880626775452	8426	52.983216120996	414	8222.9593267882
GLOBAL	I	6510001	6520000	0.005114712778228	9185	46.978636868024	368	9146.1388499299
GLOBAL	I	6520001	6530000	0.0055427139531865	8730	48.387892811319	379	8686.652173913
GLOBAL	I	6530001	6540000	0.0043299591761116	9117	39.476237808609	309	9067.7489481066
GLOBAL	I	6540001	6550000	0.0050248283221784	9193	46.193246765786	362	9170.0252454418
GLOBAL	I	6550001	6560000	0.0051208957990271	8464	43.343262042965	339	8361.3267882188
GLOBAL	I	6560001	6570000	0.0054368572426912	8806	47.876964879139	375	8745.3394109397
GLOBAL	I	6570001	6580000	0.0063048263141427	8959	56.484938948404	441	8779.9060308555
GLOBAL	I	6580001	6590000	0.0061466267700033	8557	52.596685270919	412	8505.3408134642
GLOBAL	I	6590001	6600000	0.0050923317132709	8293	42.230706898156	330	7782.1051893408
GLOBAL	I	6600001	6610000	0.0063810196985202	8110	51.750069754998	405	8037.95371669
GLOBAL	I	6610001	6620000	0.006292886732435	8782	55.264131284244	433	8744.4698457223
GLOBAL	I	6620001	6630000	0.0064123737146094	7741	49.638184924792	388	7608.8274894811
GLOBAL	I	6630001	6640000	0.0058550729555181	8747	51.214323141916	401	8683.9775596073
GLOBAL	I	6640001	6650000	0.0050964821244928	9195	46.862153134711	367	9152.4838709677
GLOBAL	I	6650001	6660000	0.0046764140008803	9496	44.407227352359	348	9472.6690042076
GLOBAL	I	6660001	6670000	0.0059124834053207	8335	49.280549183348	386	8288.1935483871
GLOBAL	I	6670001	6680000	0.0061099652456921	8313	50.792141087439	397	8165.8681626928
GLOBAL	I	6680001	6690000	0.0054576085671994	8331	45.467336973338	356	8254.8681626928
GLOBAL	I	6690001	6700000	0.0043045654916743	9073	39.055322705961	306	9044.7573632539
GLOBAL	I	6700001	6710000	0.0058333146554734	8142	47.494847924865	371	8000.5764375877
GLOBAL	I	6710001	6720000	0.0061582139605473	8539	52.584989009114	412	8509.5736325386
GLOBAL	I	6720001	6730000	0.0059737328847578	8994	53.727753565511	421	8963.2622720898
GLOBAL	I	6730001	6740000	0.0048776940541201	9342	45.56741785359	357	9313.7559607293
GLOBAL	I	6740001	6750000	0.0055204881501765	6657	36.749889615725	287	5962.3211781206
GLOBAL	I	6750001	6760000	0.0064814931958104	8293	53.751023072856	421	8239.5413744741
GLOBAL	I	6760001	6770000	0.006033400789975	8174	49.317018057256	386	8115.0070126227
GLOBAL	I	6770001	6780000	0.0054443066062657	9123	49.668409168962	389	9083.0182328191
GLOBAL	I	6780001	6790000	0.0057600065856566	9194	52.957500548527	415	9168.5399719495
GLOBAL	I	6790001	6800000	0.0058813246650739	8580	50.461765626334	395	8532.824684432
GLOBAL	I	6800001	6810000	0.0055504621405965	8531	47.350992521428	371	8501.0378681627
GLOBAL	I	6810001	6820000	0.0041690675748965	8734	36.412636199146	285	8673.5708274895
GLOBAL	I	6820001	6830000	0.0054944331702591	8671	47.642230019317	373	8472.9228611501
GLOBAL	I	6830001	6840000	0.0068668929362455	8572	58.863006249497	461	8490.7980364656
GLOBAL	I	6840001	6850000	0.0068177946140521	8392	57.214932401125	448	8325.8288920056
GLOBAL	I	6850001	6860000	0.0059696836481368	8275	49.399132188332	387	8238.2889200561
GLOBAL	I	6860001	6870000	0.0059598747956951	7758	46.236708665003	362	7666.0350631136
GLOBAL	I	6870001	6880000	0.0049642495115103	8931	44.335712387299	347	8864.4894810659
GLOBAL	I	6880001	6890000	0.0053564168003857	8819	47.238239762601	370	8773.9242636746
GLOBAL	I	6890001	6900000	0.0066110428831039	8249	54.534492742724	427	8187.5638148668
GLOBAL	I	6900001	6910000	0.0053633885863459	8576	45.996420516503	360	8499.6970546985
GLOBAL	I	6910001	6920000	0.0045609734526796	2842	12.962286552515	101	2156.286115007
GLOBAL	I	6920001	6930000	0.0055964413503691	8348	46.719092392881	366	8304.5610098177
GLOBAL	I	6930001	6940000	0.0054633508171291	8971	49.011720180465	384	8937.9172510519
GLOBAL	I	6940001	6950000	0.0055492044014428	7654	42.473610488643	332	7158.2244039271
GLOBAL	I	6950001	6960000	0.0039304870929941	9094	35.743849623688	280	9058.3983169705
GLOBAL	I	6960001	6970000	0.0069279890974162	8208	56.864934511592	445	8145.7489481066
GLOBAL	I	6970001	6980000	0.0062501512211706	7777	48.607426047044	379	7345.3702664797
GLOBAL	I	6980001	6990000	0.0074186649802966	7789	57.78398153153	448	7105.3295932679
GLOBAL	I	6990001	7000000	0.0064250457685417	8608	55.306793975607	433	8535.8906030856
GLOBAL	I	7000001	7010000	0.00672250379815	8133	54.674123390354	428	8059.0981767181
GLOBAL	I	7010001	7020000	0.0062927259938835	8483	53.381194606114	418	8414.6605890603
GLOBAL	I	7020001	7030000	0.0053731831995889	7738	41.577691598419	325	7549.2734922861
GLOBAL	I	7030001	7040000	0.0041726725394727	3783	15.785220216825	119	2290.667140825
GLOBAL	I	7040001	7050000	0.00064787229503829	3444	2.2312721841119	10	271.3508353222
GLOBAL	I	7050001	7060000	0.00044640526251844	3518	1.5704537135399	9	786.26845637584
GLOBAL	I	7060001	7070000	0.00093322625060282	3072	2.8668710418519	15	634.20776255708
GLOBAL	I	7070001	7080000	0.005983627133701	6110	36.559961786913	285	5887.3366058906
GLOBAL	I	7080001	7090000	0.0067200965456209	7440	49.997518299419	391	7328.9523141655
GLOBAL	I	7090001	7100000	0.0062733022913669	7553	47.382252206694	371	7483.1093969144
GLOBAL	I	7100001	7110000	0.0078326011158224	7875	61.681733787101	482	7738.5918653576
GLOBAL	I	7110001	7120000	0.0072887375639724	7293	53.156763054051	416	7207.1977559607
GLOBAL	I	7120001	7130000	0.0075094304721296	7608	57.131747031962	447	7522.4207573633
GLOBAL	I	7130001	7140000	0.0065339265010385	7842	51.239051621144	401	7766.538569425
GLOBAL	I	7140001	7150000	0.0048562488874802	7993	38.815997357629	304	7610.2608695652
GLOBAL	I	7150001	7160000	0.0069999222465935	7447	52.128420970382	408	7372.5918653576
GLOBAL	I	7160001	7170000	0.0071342901042127	7451	53.157595566489	415	7268.1079943899
GLOBAL	I	7170001	7180000	0.0058197599665934	8363	48.67065260062	381	8312.5932678822
GLOBAL	I	7180001	7190000	0.0061501879933949	8304	51.071161097152	400	8252.6690042076
GLOBAL	I	7190001	7200000	0.0069914589951747	7993	55.882731748431	437	7894.0967741935
GLOBAL	I	7200001	7210000	0.0056909712936831	8596	48.9195892405	383	8537.0294530154
GLOBAL	I	7210001	7220000	0.0061042354731621	8408	51.324411858347	402	8360.1136044881
GLOBAL	I	7220001	7230000	0.0063681435584443	8053	51.282660076152	401	7941.492286115
GLOBAL	I	7230001	7240000	0.0079469965462158	7884	62.654120770366	490	7797.8948106592
GLOBAL	I	7240001	7250000	0.0070513328991978	7778	54.84526728996	429	7697.507713885
GLOBAL	I	7250001	7260000	0.0069773486817597	8252	57.577081321881	451	8208.9789621318
GLOBAL	I	7260001	7270000	0.0071287973648297	8171	58.249403268023	456	8086.6802244039
GLOBAL	I	7270001	7280000	0.0058751692455196	8559	50.285573572402	394	8527.4866760168
GLOBAL	I	7280001	7290000	0.0054368897198628	8595	46.730067142221	366	8545.1935483871
GLOBAL	I	7290001	7300000	0.0064335017426695	7795	50.149146084109	391	7618.0589060309
GLOBAL	I	7300001	7310000	0.0064765498659043	7780	50.387557956735	394	7615.8625525947
GLOBAL	I	7310001	7320000	0.007134554766971	8342	59.516455866072	466	8282.0182328191
GLOBAL	I	7320001	7330000	0.0059290377335439	8100	48.025205641705	376	8031.0266479663
GLOBAL	I	7330001	7340000	0.0061536075494682	8177	50.318048932001	394	8098.0028050491
GLOBAL	I	7340001	7350000	0.006090435078451	8866	53.997797405547	423	8837.4726507714
GLOBAL	I	7350001	7360000	0.0052383691030495	8918	46.715775660996	366	8889.3646563815
GLOBAL	I	7360001	7370000	0.0046386753528367	8735	40.518829207029	317	8577.8569424965
GLOBAL	I	7370001	7380000	0.0058530198573469	7770	45.477964291585	356	7695.252454418
GLOBAL	I	7380001	7390000	0.0053051786275795	8557	45.396413516198	355	8486.9074333801
GLOBAL	I	7390001	7400000	0.004436420043398	9352	41.489400245858	325	9314.7194950912
GLOBAL	I	7400001	7410000	0.0053651959378631	8604	46.162145849374	361	8479.9971949509
GLOBAL	I	7410001	7420000	0.0047868540050604	9043	43.287520767762	339	9005.603085554
GLOBAL	I	7420001	7430000	0.0053330513042877	8989	47.938798174243	375	8904.0448807854
GLOBAL	I	7430001	7440000	0.0049724037697311	9055	45.025116134915	352	9011.9747545582
GLOBAL	I	7440001	7450000	0.0052944960644807	8280	43.838427413901	343	8211.9396914446
GLOBAL	I	7450001	7460000	0.0054944825350019	8455	46.455849833441	364	8420.6451612903
GLOBAL	I	7460001	7470000	0.0052637751141599	9151	48.168806069677	377	9098.6465638149
GLOBAL	I	7470001	7480000	0.0048464536616469	8957	43.409685447372	340	8912.4530154278
GLOBAL	I	7480001	7490000	0.0044807631763324	9255	41.469463196956	325	9235.0603085554
GLOBAL	I	7490001	7500000	0.0057610405198219	8292	47.770547990363	374	8220.8962131837
GLOBAL	I	7500001	7510000	0.0046683838285882	9573	44.690438391074	350	9546.3520336606
GLOBAL	I	7510001	7520000	0.0047435805173469	9200	43.640940759591	342	9175.7601683029
GLOBAL	I	7520001	7530000	0.0049528970691135	8254	40.881212408463	320	8199.9270687237
GLOBAL	I	7530001	7540000	0.0055672436954749	7827	43.574816404482	341	7714.507713885
GLOBAL	I	7540001	7550000	0.0066890029525702	8443	56.47525192855	442	8377.5329593268
GLOBAL	I	7550001	7560000	0.0044561783410805	9079	40.45764315867	317	9049.0715287518
GLOBAL	I	7560001	7570000	0.0041684098437719	9428	39.299768007082	308	9406.8625525947
GLOBAL	I	7570001	7580000	0.0056929156167147	8608	49.00461762868	384	8587.7910238429
GLOBAL	I	7580001	7590000	0.005396181830814	8611	46.466521745139	364	8576.3646563815
GLOBAL	I	7590001	7600000	0.005244485573542	9051	47.467838926128	372	9032.1837307153
GLOBAL	I	7600001	7610000	0.0053909159506012	8459	45.601758026136	357	8415.5273492286
GLOBAL	I	7610001	7620000	0.005052467286254	9105	46.002714641342	360	9062.8597475456
GLOBAL	I	7620001	7630000	0.0048127504023745	8809	42.395518294517	332	8742.3590462833
GLOBAL	I	7630001	7640000	0.0055022589853521	8081	44.46375486063	348	7996.3366058906
GLOBAL	I	7640001	7650000	0.0038630540803997	9013	34.817706426643	272	8899.461430575
GLOBAL	I	7650001	7660000	0.0034797379976119	9644	33.558593248969	263	9623.0056100982
GLOBAL	I	7660001	7670000	0.0058322563024726	8303	48.42522407943	379	8248.1865357644
GLOBAL	I	7670001	7680000	0.0049322750396203	9036	44.568037258009	349	8921.5357643759
GLOBAL	I	7680001	7690000	0.0047678619370269	8466	40.36471915887	316	8378.2342215989
GLOBAL	I	7690001	7700000	0.0051580196756126	8733	45.044985827125	353	8710.2805049088
GLOBAL	I	7700001	7710000	0.0044198237151163	8384	37.055802027535	290	8310.1963534362
GLOBAL	I	7710001	7720000	0.005508761687906	8805	48.504646662012	380	8771.0771388499
GLOBAL	I	7720001	7730000	0.0049613126565955	9160	45.445623934415	356	9104.3029453015
GLOBAL	I	7730001	7740000	0.0041180036507934	9083	37.403827160156	293	9046.9831697055
GLOBAL	I	7740001	7750000	0.0039817561254679	9645	38.404037830138	301	9628.8948106592
GLOBAL	I	7750001	7760000	0.0049841088267199	8761	43.665777430893	342	8713.0364656381
GLOBAL	I	7760001	7770000	0.0060780777305811	7509	45.640285678934	357	7087.4516129032
GLOBAL	I	7770001	7780000	0.0055200335079482	8139	44.927552721191	351	7936.2482468443
GLOBAL	I	7780001	7790000	0.0050189640171582	8675	43.539512848847	341	8571.935483871
GLOBAL	I	7790001	7800000	0.0051116343162336	8513	43.515342934097	341	8492.110799439
GLOBAL	I	7800001	7810000	0.005487576554558	8399	46.090155481733	361	8347.476858345
GLOBAL	I	7810001	7820000	0.0050056082758706	8872	44.409756623524	348	8844.8807854137
GLOBAL	I	7820001	7830000	0.0048804934621988	9177	44.788288502598	351	9149.6788218794
GLOBAL	I	7830001	7840000	0.0054628708159987	8717	47.619844903061	373	8666.381486676
GLOBAL	I	7840001	7850000	0.005076028285862	8675	44.034545379852	345	8640.9144460028
GLOBAL	I	7850001	7860000	0.0052265543583256	9085	47.483246345388	372	9048.8148667602
GLOBAL	I	7860001	7870000	0.0053871668673024	9333	50.278428372533	394	9307.904628331
GLOBAL	I	7870001	7880000	0.004988247356348	8802	43.906553230575	344	8772.1374474053
GLOBAL	I	7880001	7890000	0.0059536623762904	8472	50.439427651932	395	8423.7068723703
GLOBAL	I	7890001	7900000	0.0053608460051173	8167	43.782029323793	343	8141.6255259467
GLOBAL	I	7900001	7910000	0.0046019921215571	9456	43.516437501444	341	9428.9649368864
GLOBAL	I	7910001	7920000	0.0037124362453456	9589	35.598551156619	279	9570.5820476858
GLOBAL	I	7920001	7930000	0.0054397213379001	8218	44.703629954863	348	7421.6016830295
GLOBAL	I	7930001	7940000	0.0053440323950696	8934	47.743585417552	374	8892.9158485273
GLOBAL	I	7940001	7950000	0.0059344792637173	8498	50.43120478307	395	8441.0603085554
GLOBAL	I	7950001	7960000	0.0052130975108329	8474	44.175788306798	346	8435.0140252454
GLOBAL	I	7960001	7970000	0.0051017444463016	8111	41.380249203952	324	7947.04628331
GLOBAL	I	7970001	7980000	0	311	0	0	198.3606557377
GLOBAL	I	7980001	7990000	NA	0	NA	0	NA
GLOBAL	I	7990001	8000000	NA	0	NA	0	NA
GLOBAL	I	8000001	8010000	0.0016540912582648	486	0.80388835151669	6	200.44601769912
GLOBAL	I	8010001	8020000	0.0056369179540998	8321	46.904794296064	367	8057.0561009818
GLOBAL	I	8020001	8030000	0.0039187927486156	8098	31.734383678289	248	8030.4712482468
GLOBAL	I	8030001	8040000	0.0055652044122954	8006	44.555026524837	349	7954.4221598878
GLOBAL	I	8040001	8050000	0.0038636257750883	7793	30.109235665263	235	7264.7966339411
GLOBAL	I	8050001	8060000	0.0022041911488197	9667	21.30791583564	167	9647.0729312763
GLOBAL	I	8060001	8070000	0.0065679910584124	8377	55.020061096321	431	8336.7166900421
GLOBAL	I	8070001	8080000	0.0064286236747495	8181	52.592570283126	412	8146.2426367461
GLOBAL	I	8080001	8090000	0.0039713689817377	8937	35.49212458979	278	8897.667601683
GLOBAL	I	8090001	8100000	0.0047549952919489	8392	39.903920490035	312	8270.0476858345
GLOBAL	I	8100001	8110000	0.0057507059545594	7603	43.722617372515	341	7401.8513323983
GLOBAL	I	8110001	8120000	0.0056170833789528	8611	48.368704976163	378	8532.2819074334
GLOBAL	I	8120001	8130000	0.0053166049661972	9004	47.87071111564	375	8971.2608695652
GLOBAL	I	8130001	8140000	0.0057176066013908	8843	50.560795176099	396	8789.7980364656
GLOBAL	I	8140001	8150000	0.0051565011900896	8640	44.552170282374	349	8595.9593267882
GLOBAL	I	8150001	8160000	0.0041866461997539	8294	34.724043580759	272	7919.8443197756
GLOBAL	I	8160001	8170000	0.0050501714767569	7615	38.457055795503	301	7543.889200561
GLOBAL	I	8170001	8180000	0.0043899937908247	9012	39.562624042912	310	8980.3604488079
GLOBAL	I	8180001	8190000	0.0051205761936354	8508	43.56586225545	341	8455.1065918654
GLOBAL	I	8190001	8200000	0.0048057878521473	8017	38.528001210665	301	7606.7194950912
GLOBAL	I	8200001	8210000	0.0052557710970418	8217	43.186671104392	338	8126.4544179523
GLOBAL	I	8210001	8220000	0.0036100841194752	5018	18.115402111527	133	2458.98457223
GLOBAL	I	8220001	8230000	0.0018832065833787	5765	10.856685953178	68	1696.5358306189
GLOBAL	I	8230001	8240000	0.00085731867397291	5205	4.462343698029	24	1060.2209821429
GLOBAL	I	8240001	8250000	0.00098651295102178	4675	4.6119480460268	27	1210.7959183673
GLOBAL	I	8250001	8260000	0.006942421035199	7740	53.73433881244	419	7530.7643758766
GLOBAL	I	8260001	8270000	0.0047805670556931	8498	40.62525883928	318	8434.5035063114
GLOBAL	I	8270001	8280000	0.0047584476063376	9075	43.182912027514	338	9004.713884993
GLOBAL	I	8280001	8290000	0.0055684077053873	8662	48.233547544065	378	8635.3870967742
GLOBAL	I	8290001	8300000	0.0047327268983457	9171	43.403838384729	340	9123.9074333801
GLOBAL	I	8300001	8310000	0.0058547611658075	8742	51.182322111489	401	8706.332398317
GLOBAL	I	8310001	8320000	0.0060968192926217	8125	49.536656752551	388	8077.3029453015
GLOBAL	I	8320001	8330000	0.0052546226458751	9084	47.732992115129	374	9047.5960729313
GLOBAL	I	8330001	8340000	0.0040065993276852	8366	33.519209975415	262	7977.935483871
GLOBAL	I	8340001	8350000	0.0061006364198822	7805	47.61546725718	373	7762.9256661992
GLOBAL	I	8350001	8360000	0.0052455206636627	8977	47.0890389977	369	8949.6942496494
GLOBAL	I	8360001	8370000	0.0056108294516981	9053	50.794839026223	397	8973.7335203366
GLOBAL	I	8370001	8380000	0.0041280966332813	9180	37.895927093522	297	9162.9284712482
GLOBAL	I	8380001	8390000	0.0046606915579684	9255	43.134700368997	338	9235.4810659187
GLOBAL	I	8390001	8400000	0.0051715128875916	8908	46.067836802666	361	8883.4642356241
GLOBAL	I	8400001	8410000	0.0055524630950029	9215	51.165947420451	401	9196.0224403927
GLOBAL	I	8410001	8420000	0.0042930097016128	8632	37.057259744322	290	8238.8330995792
GLOBAL	I	8420001	8430000	0.005523848080044	9082	50.167588262959	393	8978.5525946704
GLOBAL	I	8430001	8440000	0.0051168206004294	8906	45.570404267424	357	8876.2594670407
GLOBAL	I	8440001	8450000	0.0062769607818402	8583	53.875154390534	422	8542.0504908836
GLOBAL	I	8450001	8460000	0.0055516105965056	8148	45.234523140327	354	7766.9340813464
GLOBAL	I	8460001	8470000	0.0056410473417893	8466	47.757106795588	374	8415.2468443198
GLOBAL	I	8470001	8480000	0.0056507323321808	8451	47.75433893926	374	8403.9985974755
GLOBAL	I	8480001	8490000	0.0051461799753638	8213	42.265576137663	330	7950.6227208976
GLOBAL	I	8490001	8500000	0.0047466846377275	8550	40.58415365257	318	8525.5357643759
GLOBAL	I	8500001	8510000	0.0051089871234603	8626	44.070122926969	345	8568.5511921459
GLOBAL	I	8510001	8520000	0.0037940686058579	8884	33.706505494441	264	8818.332398317
GLOBAL	I	8520001	8530000	0.0052644114401653	8824	46.453166548018	364	8791.7363253857
GLOBAL	I	8530001	8540000	0.0057013695393029	8562	48.815125995511	382	8456.5399719495
GLOBAL	I	8540001	8550000	0.0048038577851543	9404	45.175478611591	354	9377.0252454418
GLOBAL	I	8550001	8560000	0.0036665268081703	9467	34.711009292948	272	9446.0196353436
GLOBAL	I	8560001	8570000	0.0040302893444996	9215	37.139116309564	291	9182.889200561
GLOBAL	I	8570001	8580000	0.0048002116567822	8407	40.355379398568	316	8301.0042075736
GLOBAL	I	8580001	8590000	0.0051977888688951	8677	45.101214015403	353	8621.6661991585
GLOBAL	I	8590001	8600000	0.0047782254585931	9054	43.262053302102	339	9027.6311360449
GLOBAL	I	8600001	8610000	0.0049571655589206	8907	44.153473633306	346	8880.4880785414
GLOBAL	I	8610001	8620000	0.0054818444843922	8388	45.981711535082	360	8327.8260869565
GLOBAL	I	8620001	8630000	0.0057295541529891	8494	48.666832975489	381	8444.5063113605
GLOBAL	I	8630001	8640000	0.0047916076702547	9217	44.164247896737	346	9173.2678821879
GLOBAL	I	8640001	8650000	0.0056107591827452	8030	45.054396237444	353	7988.3338008415
GLOBAL	I	8650001	8660000	0.0058532379378108	8595	50.308580075484	394	8540.5890603086
GLOBAL	I	8660001	8670000	0.0045398558851434	9022	40.958579795764	321	9003.2636746143
GLOBAL	I	8670001	8680000	0.0049760636860279	8521	42.401038668644	332	8157.1178120617
GLOBAL	I	8680001	8690000	0.0055628943422584	8626	47.985526596321	376	8597.6353436185
GLOBAL	I	8690001	8700000	0.0062426820774965	7939	49.560653013245	388	7876.4740532959
GLOBAL	I	8700001	8710000	0.0043668577752937	9121	39.830109768454	312	9080.0561009818
GLOBAL	I	8710001	8720000	0.0057631399944952	8572	49.401636032813	387	8519.7882187938
GLOBAL	I	8720001	8730000	0.0066355364774398	7665	50.861387099576	397	7472.8316970547
GLOBAL	I	8730001	8740000	0.0043027313113314	8785	37.799494570046	296	8726.9859747546
GLOBAL	I	8740001	8750000	0.0046199030988035	8736	40.359473471147	316	8649.270687237
GLOBAL	I	8750001	8760000	0.0064175724241181	8322	53.407037713511	418	8230.4978962132
GLOBAL	I	8760001	8770000	0.0032129490958412	9335	29.992879809678	235	9294.95371669
GLOBAL	I	8770001	8780000	0.0041866046379563	8489	35.540086771611	278	8373.6886395512
GLOBAL	I	8780001	8790000	0.0044228097655257	9549	42.233410451005	331	9531.5918653576
GLOBAL	I	8790001	8800000	0.0058193142240014	9114	53.037229837549	415	9056.0617110799
GLOBAL	I	8800001	8810000	0.0057830795566019	7926	45.836688565627	359	7879.7699859748
GLOBAL	I	8810001	8820000	0.0058048180644348	8400	48.760471741253	382	8352.9803646564
GLOBAL	I	8820001	8830000	0.0056882669625549	8930	50.796223975615	398	8900.206171108
GLOBAL	I	8830001	8840000	0.0049273907707654	8962	44.159276087599	346	8935.4880785414
GLOBAL	I	8840001	8850000	0.0049155182336092	9115	44.804948699348	351	9078.9284712482
GLOBAL	I	8850001	8860000	0.0059085851335005	8642	51.061992723711	400	8600.3309957924
GLOBAL	I	8860001	8870000	0.0047790661439852	8852	42.304293506557	331	8739.4726507714
GLOBAL	I	8870001	8880000	0.0058381517303591	8287	48.380763389486	379	8239.6507713885
GLOBAL	I	8880001	8890000	0.0065814610518807	8254	54.323379522223	425	8183.3309957924
GLOBAL	I	8890001	8900000	0.0052431761466075	9176	48.11138432127	377	9150.0476858345
GLOBAL	I	8900001	8910000	0.0066027222391972	6619	43.703418501246	340	6322.1079943899
GLOBAL	I	8910001	8920000	0.0053081805100491	8344	44.29145817585	347	8307.1472650771
GLOBAL	I	8920001	8930000	0.0044514733178373	9292	41.363090069344	324	9244.4095371669
GLOBAL	I	8930001	8940000	0.0051301370346461	9005	46.196883996988	362	8983.3730715288
GLOBAL	I	8940001	8950000	0.0061726550380667	8023	49.523211370409	388	7994.809256662
GLOBAL	I	8950001	8960000	0.0061739465387279	8497	52.460023739571	411	8467.4081346424
GLOBAL	I	8960001	8970000	0.0048628043673916	8979	43.663120414809	342	8942.1837307153
GLOBAL	I	8970001	8980000	0.0056907365968236	8702	49.520789865559	388	8673.1879382889
GLOBAL	I	8980001	8990000	0.0044623284968818	8839	39.442521583938	309	8803.7068723703
GLOBAL	I	8990001	9000000	0.0053654338474888	8981	48.186961384297	377	8840.4488078541
GLOBAL	I	9000001	9010000	0.0051937060542041	8877	46.10452864317	361	8788.9817671809
GLOBAL	I	9010001	9020000	0.0056762225353892	8681	49.275287829713	386	8637.0112201964
GLOBAL	I	9020001	9030000	0.005769513366913	8959	51.689070254173	405	8928.4698457223
GLOBAL	I	9030001	9040000	0.0049750994815499	9617	47.845531714065	375	9601.6283309958
GLOBAL	I	9040001	9050000	0.0061939990257106	8801	54.513385425279	427	8752.7461430575
GLOBAL	I	9050001	9060000	0.0044803723082651	9229	41.349356032979	324	9195.1009817672
GLOBAL	I	9060001	9070000	0.0057222042342098	9212	52.712945405541	413	9179.0350631136
GLOBAL	I	9070001	9080000	0.0054833758539952	8128	44.568878941273	349	8073.4628330996
GLOBAL	I	9080001	9090000	0.0065131657178005	8529	55.550790407121	435	8484.7265077139
GLOBAL	I	9090001	9100000	0.0044607968206235	9554	42.618452824237	334	9531.904628331
GLOBAL	I	9100001	9110000	0.0046339245412721	9528	44.152033029241	346	9507.2678821879
GLOBAL	I	9110001	9120000	0.0045742678489711	9288	42.485799781244	333	9275.3029453015
GLOBAL	I	9120001	9130000	0.0062635534963859	8862	55.507611084971	435	8840.1767180926
GLOBAL	I	9130001	9140000	0.0059002266896432	8422	49.691709180175	389	8323.443197756
GLOBAL	I	9140001	9150000	0.0063905213571822	9226	58.958950041363	462	9207.0406732118
GLOBAL	I	9150001	9160000	0.0059762066664917	8630	51.574663531823	404	8588.4137447405
GLOBAL	I	9160001	9170000	0.0049414187139413	9195	45.43634507469	356	9164.0743338008
GLOBAL	I	9170001	9180000	0.0046513701362981	9003	41.876285337091	328	8955.3464235624
GLOBAL	I	9180001	9190000	0.0052622822291375	7548	39.71970626553	310	7204.9803646564
GLOBAL	I	9190001	9200000	0.0049258367579155	9180	45.219181437664	354	9120.4025245442
GLOBAL	I	9200001	9210000	0.0053470683477355	8237	44.043801980298	345	8195.6970546985
GLOBAL	I	9210001	9220000	0.0044802497579159	9059	40.58658255696	318	9023.793828892
GLOBAL	I	9220001	9230000	0.0061928672222141	8843	54.763524846039	429	8802.0603085554
GLOBAL	I	9230001	9240000	0.0052011060103562	9226	47.985404051546	376	9195.5904628331
GLOBAL	I	9240001	9250000	0.0059537122224247	8344	49.677774783912	389	8258.9551192146
GLOBAL	I	9250001	9260000	0.0053385884666422	8903	47.529453118516	372	8791.7503506311
GLOBAL	I	9260001	9270000	0.0048158368533369	9038	43.525533480459	341	8998.729312763
GLOBAL	I	9270001	9280000	0.0053124704630258	8945	47.520048291765	372	8903.7012622721
GLOBAL	I	9280001	9290000	0.0046880282721245	9501	44.540956613455	349	9480.1823281907
GLOBAL	I	9290001	9300000	0.0051403036414276	9112	46.838446780688	367	9077.6746143058
GLOBAL	I	9300001	9310000	0.0054890277747755	7770	42.649745810006	334	7467.1402524544
GLOBAL	I	9310001	9320000	0.0053188140348875	8907	47.374676608743	371	8854.3211781206
GLOBAL	I	9320001	9330000	0.0055126701121562	9146	50.418880845781	395	9112.4305750351
GLOBAL	I	9330001	9340000	0.0044912357150554	8953	40.210033356891	315	8926.0280504909
GLOBAL	I	9340001	9350000	0.0072724290275979	8811	64.077372162165	502	8771.2776998597
GLOBAL	I	9350001	9360000	0.0057973219719048	7584	43.966889834926	344	7206.9565217391
GLOBAL	I	9360001	9370000	0.0055450350272814	9186	50.936691760607	399	9142.6409537167
GLOBAL	I	9370001	9380000	0.0057464533240777	8662	49.775778693161	390	8619.2833099579
GLOBAL	I	9380001	9390000	0.0061889599511527	8830	54.648516368678	428	8776.4109396914
GLOBAL	I	9390001	9400000	0.0048432341404442	9300	45.042077506131	353	9280.2805049088
GLOBAL	I	9400001	9410000	0.0056018314903795	8045	45.066734340103	353	8010.3828892006
GLOBAL	I	9410001	9420000	0.0060931262314877	8695	52.979732582785	415	8628.3492286115
GLOBAL	I	9420001	9430000	0.0054151097537959	8770	47.49051254079	372	8708.538569425
GLOBAL	I	9430001	9440000	0.0078942056758931	8166	64.464083549343	504	7990.1178120617
GLOBAL	I	9440001	9450000	0.0063459643030944	8225	52.195556392951	409	7844.6732117812
GLOBAL	I	9450001	9460000	0.0063482325732702	9190	58.340257348353	457	9141.5427769986
GLOBAL	I	9460001	9470000	0.0056047591058132	8721	48.879104161797	383	8694.350631136
GLOBAL	I	9470001	9480000	0.0044918992454455	9516	42.74491321966	335	9499.889200561
GLOBAL	I	9480001	9490000	0.0065484961979665	7942	52.00815680425	407	7846.5035063114
GLOBAL	I	9490001	9500000	0.0049400381212594	9092	44.914826598491	352	9075.698457223
GLOBAL	I	9500001	9510000	0.0045883162635459	9163	42.042741922871	329	9106.5974754558
GLOBAL	I	9510001	9520000	0.0059985298839027	8660	51.947268794598	407	8630.3913043478
GLOBAL	I	9520001	9530000	0.0043048866370039	9425	40.573556553762	318	9411.1542776999
GLOBAL	I	9530001	9540000	0.004751990447359	9243	43.922647704939	344	9202.7713884993
GLOBAL	I	9540001	9550000	0.0063018903326878	8513	53.647992402171	420	8450.8906030856
GLOBAL	I	9550001	9560000	0.0061241347300676	8217	50.322015076965	394	8155.4782608696
GLOBAL	I	9560001	9570000	0.0055325275556737	8876	49.106714584159	384	8816.6409537167
GLOBAL	I	9570001	9580000	0.00476785582582	9074	43.26352376349	339	9045.8316970547
GLOBAL	I	9580001	9590000	0.0059947381136355	8941	53.598953474015	420	8913.9677419355
GLOBAL	I	9590001	9600000	0.005633328737691	9106	51.297091485414	402	9089.0743338008
GLOBAL	I	9600001	9610000	0.0068606289292754	8723	59.84526615007	469	8702.8457223001
GLOBAL	I	9610001	9620000	0.0047780510981464	9028	43.136245314066	338	9003.8976157083
GLOBAL	I	9620001	9630000	0.0052467169161275	9245	48.505897889599	380	9203.4544179523
GLOBAL	I	9630001	9640000	0.0035077651081741	8538	29.949298493591	234	8248.4586255259
GLOBAL	I	9640001	9650000	0.0052292105331924	8836	46.205304271288	362	8802.0575035063
GLOBAL	I	9650001	9660000	0.0053609707983849	9290	49.803418716996	390	9248.0841514727
GLOBAL	I	9660001	9670000	0.0063159030127789	8286	52.333572363886	410	8253.5371669004
GLOBAL	I	9670001	9680000	0.0066490309084188	8331	55.393076498037	434	8296.2664796634
GLOBAL	I	9680001	9690000	0.0051446386803437	8981	46.203999988166	362	8946.8835904628
GLOBAL	I	9690001	9700000	0.0057114781984128	9118	52.077258213128	408	9081.5511921459
GLOBAL	I	9700001	9710000	0.0067835790876249	8648	58.66439194978	459	8570.747545582
GLOBAL	I	9710001	9720000	0.0061263940786594	8656	53.030067144876	415	8563.7363253857
GLOBAL	I	9720001	9730000	0.0043093248954039	9124	39.318280345665	308	9101.3997194951
GLOBAL	I	9730001	9740000	0.0055225586582367	7915	43.711051779944	342	7823.0813464236
GLOBAL	I	9740001	9750000	0.0051345000908719	8777	45.065507297582	353	8742.6072931276
GLOBAL	I	9750001	9760000	0.0053303032863798	9267	49.395920554882	387	9240.2019635344
GLOBAL	I	9760001	9770000	0.0049862862859916	8880	44.278222219605	347	8859.0589060309
GLOBAL	I	9770001	9780000	0.0057753462577558	9104	52.578752330609	412	9076.793828892
GLOBAL	I	9780001	9790000	0.0063948562642854	8039	51.408249508591	402	7950.0981767181
GLOBAL	I	9790001	9800000	0.0067390353630252	8618	58.077006758551	455	8588.9060308555
GLOBAL	I	9800001	9810000	0.0069188011592214	8856	61.272903066065	480	8797.8709677419
GLOBAL	I	9810001	9820000	0.0061384721446611	8960	55.000710416164	431	8934.0098176718
GLOBAL	I	9820001	9830000	0.0058397428914241	9375	54.747589607101	429	9342.904628331
GLOBAL	I	9830001	9840000	0.0052848278687737	9086	48.017946015678	376	9020.6241234222
GLOBAL	I	9840001	9850000	0.0058456721949233	8167	47.741604815938	373	7945.3352033661
GLOBAL	I	9850001	9860000	0.0052062724837437	7935	41.311772158506	322	6833.649368864
GLOBAL	I	9860001	9870000	0.0051868111234202	8449	43.823367181777	342	8312.6395511921
GLOBAL	I	9870001	9880000	0.0053989097920134	8101	43.7365682251	342	7660.4403927069
GLOBAL	I	9880001	9890000	0.0071747920244541	6036	43.307044659605	325	4120.8671428571
GLOBAL	I	9890001	9900000	0.0049468739020644	7377	36.493088775529	279	6035.7008426966
GLOBAL	I	9900001	9910000	0.0062865578161756	8676	54.542175613139	427	8624.6816269285
GLOBAL	I	9910001	9920000	0.0070430956255011	8795	61.944026026282	485	8739.2847124825
GLOBAL	I	9920001	9930000	0.0063091775587715	8867	55.943477413627	438	8818.7573632539
GLOBAL	I	9930001	9940000	0.0075337800717236	8360	62.982401399609	493	8314.1079943899
GLOBAL	I	9940001	9950000	0.0072641098798154	7487	54.386390670178	425	7340.1234221599
GLOBAL	I	9950001	9960000	0.0076950897121287	8145	62.676505705288	491	8097.7882187938
GLOBAL	I	9960001	9970000	0.0057807710234283	9051	52.321758533049	410	9029.8821879383
GLOBAL	I	9970001	9980000	0.0073578612310403	8453	62.196000985984	487	8383.6802244039
GLOBAL	I	9980001	9990000	0.00803295365111	8250	66.271867621657	518	8072.0687237027
GLOBAL	I	9990001	10000000	0.0081556146462306	7754	63.238635966872	495	7685.7307152875
GLOBAL	I	10000001	10010000	0.0071192458324829	8202	58.392054318025	457	8126.2889200561
GLOBAL	I	10010001	10020000	0.0082288703528119	8222	67.657772040819	529	7739.1136044881
GLOBAL	I	10020001	10030000	0.0085751664615127	7689	65.934454922571	516	7602.9270687237
GLOBAL	I	10030001	10040000	0.0087865354149308	8188	71.944151977453	563	8102.5399719495
GLOBAL	I	10040001	10050000	0.0077761977824921	8307	64.596874979162	506	8263.0448807854
GLOBAL	I	10050001	10060000	0.0070803191699177	8076	57.180657616256	447	7958.4151472651
GLOBAL	I	10060001	10070000	0.0084355397043074	7543	63.62927598959	498	7493.6072931276
GLOBAL	I	10070001	10080000	0.0062671841114342	8389	52.575407510821	409	7670.5525946704
GLOBAL	I	10080001	10090000	0.0066519232774796	8848	58.856217159139	461	8792.4081346424
GLOBAL	I	10090001	10100000	0.0051501546591491	8359	43.050142795828	337	8257.255259467
GLOBAL	I	10100001	10110000	0.0067104247415581	8735	58.61556011751	459	8680.5133239832
GLOBAL	I	10110001	10120000	0.005239017486283	9042	47.37119611097	371	9001.2987377279
GLOBAL	I	10120001	10130000	0.006117141704193	8771	53.653449887476	420	8715.8990182328
GLOBAL	I	10130001	10140000	0.0061793633798931	8453	52.234158650236	409	8391.2664796634
GLOBAL	I	10140001	10150000	0.0051110352981372	9088	46.449088789471	364	9062.7054698457
GLOBAL	I	10150001	10160000	0.0081508817502754	7872	64.163741138168	502	7776.4137447405
GLOBAL	I	10160001	10170000	0.0078243882757057	8132	63.627925458039	498	8035.0785413745
GLOBAL	I	10170001	10180000	0.0063864629745007	8855	56.552129639204	443	8816.633941094
GLOBAL	I	10180001	10190000	0.0079636318481102	8398	66.878580260429	524	8368.0364656381
GLOBAL	I	10190001	10200000	0.0075643448214475	7815	59.115354779612	462	7712.2328190743
GLOBAL	I	10200001	10210000	0.0084957007049053	6169	52.409977648561	398	4861.6381486676
GLOBAL	I	10210001	10220000	0.010605988116539	5835	61.885940660007	477	5218.4908579466
GLOBAL	I	10220001	10230000	0.0067683662081048	7563	51.189153631896	400	7401.1037868163
GLOBAL	I	10230001	10240000	0.0053171598629328	8711	46.317779566008	363	8691.9607293128
GLOBAL	I	10240001	10250000	0.0078442467416118	8819	69.178412014274	542	8786.6255259467
GLOBAL	I	10250001	10260000	0.0045641144027606	8838	40.337643091598	316	8796.7054698457
GLOBAL	I	10260001	10270000	0.0067684944557847	6854	46.391260999948	362	6658.126227209
GLOBAL	I	10270001	10280000	0.0079447821937201	7983	63.423196252467	496	7889.6746143058
GLOBAL	I	10280001	10290000	0.0061304103150409	8534	52.316921628559	409	8364.9775596073
GLOBAL	I	10290001	10300000	0.0063637500150907	8886	56.548282634096	443	8845.1136044881
GLOBAL	I	10300001	10310000	0.0074675550138482	8532	63.713179378153	499	8487.6746143057
GLOBAL	I	10310001	10320000	0.0070266899828751	7898	55.496797484747	434	7758.1795231417
GLOBAL	I	10320001	10330000	0.0072111143930059	8088	58.323493210632	457	8060.0476858345
GLOBAL	I	10330001	10340000	0.0079868275078032	8581	68.53496684446	537	8548.3941093969
GLOBAL	I	10340001	10350000	0.0075979367693241	7256	55.130629198216	431	7109.6395511921
GLOBAL	I	10350001	10360000	0.0078062553292171	8264	64.51089404065	505	8225.9831697055
GLOBAL	I	10360001	10370000	0.0086855484835672	8029	69.736268774561	546	7970.9116409537
GLOBAL	I	10370001	10380000	0.0096330482890836	7983	76.900624491755	602	7917.0841514727
GLOBAL	I	10380001	10390000	0.0095567245432504	7434	71.044690254523	556	7337.2089761571
GLOBAL	I	10390001	10400000	0.0083044236842991	7491	62.208437819085	485	7208.5105189341
GLOBAL	I	10400001	10410000	0.0091938054771362	6897	63.409676375808	494	6596.840112202
GLOBAL	I	10410001	10420000	0.0089623376198281	7533	67.513289290165	526	7238.1500701262
GLOBAL	I	10420001	10430000	0.0063877869939865	9050	57.809472295578	453	9022.427769986
GLOBAL	I	10430001	10440000	0.011844957228082	6988	82.772561109839	648	6924.175315568
GLOBAL	I	10440001	10450000	0.0090630752516637	7469	67.692109054676	530	7412.8499298738
GLOBAL	I	10450001	10460000	0.0083939348525845	7915	66.437994358206	519	7718.1051893408
GLOBAL	I	10460001	10470000	0.0083366235672143	8318	69.344034832089	543	8244.1528751753
GLOBAL	I	10470001	10480000	0.0073706652543818	7777	57.321663683328	448	7672.5357643759
GLOBAL	I	10480001	10490000	0.0056161282921608	9089	51.04499004745	400	9060.5497896213
GLOBAL	I	10490001	10500000	0.0080119692854951	7737	61.988606361875	485	7624.6353436185
GLOBAL	I	10500001	10510000	0.0084008093183265	8166	68.601008893454	537	8107.0532959327
GLOBAL	I	10510001	10520000	0.0069387120043306	8664	60.11700080552	471	8632.7840112202
GLOBAL	I	10520001	10530000	0.0064962823998749	8607	55.913502615723	438	8580.2987377279
GLOBAL	I	10530001	10540000	0.0077938276800892	7333	57.152138378094	447	7029.7741935484
GLOBAL	I	10540001	10550000	0.008027008643457	7815	62.731072548616	491	7705.5680224404
GLOBAL	I	10550001	10560000	0.0070750481202578	8361	59.154477333476	463	7968.7896213184
GLOBAL	I	10560001	10570000	0.0078458811677654	8275	64.924666663259	508	8200.6760168303
GLOBAL	I	10570001	10580000	0.0093221243117853	7852	73.197320096138	573	7771.6451612903
GLOBAL	I	10580001	10590000	0.0080588295653902	7944	64.01934206746	501	7873.1963534362
GLOBAL	I	10590001	10600000	0.010001973727126	8042	80.435872713544	630	7987.1500701262
GLOBAL	I	10600001	10610000	0.0097992477557683	8340	81.725726283108	640	8288.5357643759
GLOBAL	I	10610001	10620000	0.009257787952069	7958	73.673476522565	577	7900.3927068724
GLOBAL	I	10620001	10630000	0.0083607658891156	7404	61.903110643012	484	7270.5497896213
GLOBAL	I	10630001	10640000	0.0089739054840611	8111	72.78734738122	570	8067.3071528752
GLOBAL	I	10640001	10650000	0.0071833239675228	8409	60.404571242899	473	8360.6129032258
GLOBAL	I	10650001	10660000	0.0050572746366107	9436	47.720443471058	374	9420.2145862553
GLOBAL	I	10660001	10670000	0.0064077010907555	7450	47.737373126128	373	7260.3436185133
GLOBAL	I	10670001	10680000	0.0099423676037612	7473	74.299313102907	581	7356.2244039271
GLOBAL	I	10680001	10690000	0.0087336794289316	8074	70.515727709193	551	7918.652173913
GLOBAL	I	10690001	10700000	0.0081344155642185	7732	62.895301142537	492	7658.8877980365
GLOBAL	I	10700001	10710000	0.0070407924339021	8344	58.748372068479	460	8287.7433380084
GLOBAL	I	10710001	10720000	0.0090146340906358	6910	62.291121566293	487	6812.2496493689
GLOBAL	I	10720001	10730000	0.0094078763643071	7127	67.049934848417	524	7001.443197756
GLOBAL	I	10730001	10740000	0.010323094014178	7792	80.437548558474	630	7754.8877980365
GLOBAL	I	10740001	10750000	0.0093645639760031	7126	66.731882892998	521	7005.0743338008
GLOBAL	I	10750001	10760000	0.0072763711126712	8507	61.900089055494	485	8475.7994389902
GLOBAL	I	10760001	10770000	0.0077461417693247	7739	59.947391152804	468	7578.6100981767
GLOBAL	I	10770001	10780000	0.011538726157473	8190	94.502167229702	740	8116.5946704067
GLOBAL	I	10780001	10790000	0.010893957871589	6969	75.919992407105	594	6879.9943899018
GLOBAL	I	10790001	10800000	0.009375435652038	7054	66.134323089476	515	6443.3997194951
GLOBAL	I	10800001	10810000	0.0096559149702571	6764	65.312608858819	510	6560.0126227209
GLOBAL	I	10810001	10820000	0.010726704865419	7258	77.854423913209	609	7172.1949509116
GLOBAL	I	10820001	10830000	0.010394400999881	8041	83.581378440043	654	7967.8176718093
GLOBAL	I	10830001	10840000	0.011016721863757	5886	64.844424890071	504	5520.8148667602
GLOBAL	I	10840001	10850000	0.009096131823776	6779	61.662677633377	480	6504.9144460028
GLOBAL	I	10850001	10860000	0.010007472014336	6784	67.890690145255	530	6582.8204768583
GLOBAL	I	10860001	10870000	0.008785907317135	7289	64.040478434597	498	6845.3085553997
GLOBAL	I	10870001	10880000	0.01188417558036	7178	85.304612315822	664	6806.9004207574
GLOBAL	I	10880001	10890000	0.010262682612485	7883	80.900727034218	633	7754.03085554
GLOBAL	I	10890001	10900000	0.0095160912709903	7358	70.019399571947	547	7239.4530154278
GLOBAL	I	10900001	10910000	0.010991577805586	7236	79.535057001218	622	6736.8218793829
GLOBAL	I	10910001	10920000	0.010762248762135	7114	76.562637693826	599	7005.9831697055
GLOBAL	I	10920001	10930000	0.010790222353557	6795	73.319560892417	573	6304.4600280505
GLOBAL	I	10930001	10940000	0.012324484929293	5696	70.200266157251	543	5305.1626928471
GLOBAL	I	10940001	10950000	0.0095647979456443	7628	72.960278729375	570	7467.1977559607
GLOBAL	I	10950001	10960000	0.011511288703314	6282	72.313915634217	564	5938.7615708275
GLOBAL	I	10960001	10970000	0.0082789936808275	6179	51.155901953833	389	4521.2781740371
GLOBAL	I	10970001	10980000	0.0098525263383918	6525	64.287734358006	500	6224.8723702665
GLOBAL	I	10980001	10990000	0.010967898931247	6408	70.282296351431	550	5982.5974754558
GLOBAL	I	10990001	11000000	0.012023411160648	6357	76.432824748241	594	5834.1065918654
GLOBAL	I	11000001	11010000	0.0098245038062018	6284	61.737181918172	481	5783.7587657784
GLOBAL	I	11010001	11020000	0.0098059998154768	6589	64.611732784177	504	5932.9116409537
GLOBAL	I	11020001	11030000	0.0069816799295301	6604	46.107014254617	351	5950.0168302945
GLOBAL	I	11030001	11040000	0.0086422021778625	8629	74.573562592776	584	8583.3983169705
GLOBAL	I	11040001	11050000	0.0077624295489177	8328	64.645513283387	506	8276.1963534362
GLOBAL	I	11050001	11060000	0.0098810273795604	7536	74.463422332367	583	7492.01542777
GLOBAL	I	11060001	11070000	0.0094661982437279	5962	56.437473929106	438	5087.3225806452
GLOBAL	I	11070001	11080000	0.011108571501872	7709	85.635977707932	670	7637.5161290323
GLOBAL	I	11080001	11090000	0.010435993803729	7361	76.819350389248	601	7260.1009817672
GLOBAL	I	11090001	11100000	0.010344612460515	5254	54.350593867548	423	4693.3562412342
GLOBAL	I	11100001	11110000	0.0099326528051214	6533	64.890020775858	502	6011.9481065919
GLOBAL	I	11110001	11120000	0.011242396747061	6696	75.279088618319	586	6510.6647966339
GLOBAL	I	11120001	11130000	0.011341637846914	7256	82.294924217208	644	7179.2762973352
GLOBAL	I	11130001	11140000	0.010582999068292	6359	67.297291075268	526	6284.7994389902
GLOBAL	I	11140001	11150000	0.0077559815644642	8275	64.180747445942	502	8010.347826087
GLOBAL	I	11150001	11160000	0.0089507554660478	6629	59.334557984431	452	5587.7237026648
GLOBAL	I	11160001	11170000	0.011001881368639	7791	85.715657743068	671	7722.4866760168
GLOBAL	I	11170001	11180000	0.012587321703942	7337	92.353179341823	722	7229.0420757363
GLOBAL	I	11180001	11190000	0.012880634601423	6770	87.201896251637	681	6603.2917251052
GLOBAL	I	11190001	11200000	0.012479749416307	6531	81.505243437899	636	6313.778401122
GLOBAL	I	11200001	11210000	0.011585481375334	6174	71.528762011312	557	5846.7671809257
GLOBAL	I	11210001	11220000	0.01104146631005	6124	67.617939682744	528	5998.8990182328
GLOBAL	I	11220001	11230000	0.011035975552404	6463	71.325509995187	555	6191.4235624123
GLOBAL	I	11230001	11240000	0.0092213801211497	8001	73.780262349319	578	7968.5525946704
GLOBAL	I	11240001	11250000	0.0079505604673486	8223	65.377458723007	512	8177.7419354839
GLOBAL	I	11250001	11260000	0.010301080450187	7471	76.95937204335	600	7287.8345021038
GLOBAL	I	11260001	11270000	0.0090268020432471	6687	60.362225263194	472	6199.8681626928
GLOBAL	I	11270001	11280000	0.0098531628459661	7882	77.662629551905	605	7462.2917251052
GLOBAL	I	11280001	11290000	0.010671109178094	7607	81.175127517764	635	7531.3436185133
GLOBAL	I	11290001	11300000	0.008547178333072	7725	66.026952622981	517	7674.6325385694
GLOBAL	I	11300001	11310000	0.0082690068936707	8847	73.155903988304	573	8796.5203366059
GLOBAL	I	11310001	11320000	0.010259136291444	8105	83.150299642152	651	8043.1542776999
GLOBAL	I	11320001	11330000	0.010451693331541	8165	85.338076052034	668	8114.6718092567
GLOBAL	I	11330001	11340000	0.0088028206850268	8359	73.582778106139	575	8249.8457223001
GLOBAL	I	11340001	11350000	0.0087938551126232	7840	68.943824082966	539	7678.2426367461
GLOBAL	I	11350001	11360000	0.010794408360562	7168	77.37431912851	604	6679.538569425
GLOBAL	I	11360001	11370000	0.010559004108898	7608	80.332903260494	626	7309.0589060309
GLOBAL	I	11370001	11380000	0.012469790852865	4392	54.767321425784	416	3296.4081346424
GLOBAL	I	11380001	11390000	0.011258614130695	6183	69.612011170086	542	5899.2608695652
GLOBAL	I	11390001	11400000	0.01078945439801	6798	73.346710997675	572	6451.4845505618
GLOBAL	I	11400001	11410000	0.011443285057941	7154	81.865261304512	639	7010.5638148668
GLOBAL	I	11410001	11420000	0.012027360473521	6314	75.940754029813	592	6103.3492286115
GLOBAL	I	11420001	11430000	0.010957889318203	6740	73.85617400469	576	6535.7251051893
GLOBAL	I	11430001	11440000	0.010301198844533	7840	80.761398941139	626	7131.0392706872
GLOBAL	I	11440001	11450000	0.0091401614084217	7749	70.82711075386	552	7213.0504908836
GLOBAL	I	11450001	11460000	0.0078593120760677	8818	69.303413886765	543	8791.237026648
GLOBAL	I	11460001	11470000	0.012059804553134	7020	84.659827963001	663	6972.935483871
GLOBAL	I	11470001	11480000	0.011801753815359	7216	85.161455531633	666	7124.8078541374
GLOBAL	I	11480001	11490000	0.0089453441284094	7742	69.254854242146	522	5417.9242636746
GLOBAL	I	11490001	11500000	0.0056176505729644	6234	35.02043367186	255	3630.6509433962
GLOBAL	I	11500001	11510000	0.011968099141349	5945	71.150349395318	555	5661.7068723703
GLOBAL	I	11510001	11520000	0.013196700081538	5946	78.467578684828	605	5264.9073033708
GLOBAL	I	11520001	11530000	0.011786760225076	6057	71.392406683288	550	5399.2328190743
GLOBAL	I	11530001	11540000	0.010386730355471	7884	81.888982122531	641	7794.2047685835
GLOBAL	I	11540001	11550000	0.008111210182975	8671	70.332303496576	551	8644.2005610098
GLOBAL	I	11550001	11560000	0.010109319332559	6115	61.818487718598	480	5448.8499298738
GLOBAL	I	11560001	11570000	0.011574136478382	6828	79.028203874389	615	6494.7433380084
GLOBAL	I	11570001	11580000	0.011085496847169	5982	66.313442139768	519	5851.6619915849
GLOBAL	I	11580001	11590000	0.010705461355015	7672	82.132299515677	643	7611.4544179523
GLOBAL	I	11590001	11600000	0.012308365335912	6744	83.007615825393	649	6626.2314165498
GLOBAL	I	11600001	11610000	0.0071181079525309	7484	53.271919916741	417	7410.8064516129
GLOBAL	I	11610001	11620000	0.010148680327442	6449	65.448839431673	511	6269.3113604488
GLOBAL	I	11620001	11630000	0.0080619512294297	8376	67.526903497704	528	8308.5315568022
GLOBAL	I	11630001	11640000	0.0095170279363799	7822	74.442192518364	582	7698.8569424965
GLOBAL	I	11640001	11650000	0.010765466706972	7170	77.188396288992	604	7084.301542777
GLOBAL	I	11650001	11660000	0.0093042441592159	7434	69.167751079611	541	7315.0168302945
GLOBAL	I	11660001	11670000	0.0090820206177502	6846	62.175513149118	483	6543.8723702665
GLOBAL	I	11670001	11680000	0.0084472019476552	7784	65.753019960548	515	7741.2748948107
GLOBAL	I	11680001	11690000	0.010718464413369	6718	72.00664392901	562	6619.8541374474
GLOBAL	I	11690001	11700000	0.011742341457581	6429	75.491513230791	589	6335.8176718093
GLOBAL	I	11700001	11710000	0.012910107686526	5851	75.537040073861	582	5486.1640953717
GLOBAL	I	11710001	11720000	0.013233264773075	6414	84.878160254506	661	6278.7854137447
GLOBAL	I	11720001	11730000	0.0099043694893209	7750	76.758863542237	601	7701.762973352
GLOBAL	I	11730001	11740000	0.011694239600846	6014	70.329156959486	548	5917.0925666199
GLOBAL	I	11740001	11750000	0.011084350936009	5920	65.619357541172	477	4211.0014025245
GLOBAL	I	11750001	11760000	0.012049831843763	6029	72.648436186049	559	5628.8485273492
GLOBAL	I	11760001	11770000	0.012065667032508	6834	82.456768500157	645	6706.9144460028
GLOBAL	I	11770001	11780000	0.0093746042054513	7786	72.990668343644	571	7715.5413744741
GLOBAL	I	11780001	11790000	0.014045154755391	5264	73.933694632379	570	4902.667601683
GLOBAL	I	11790001	11800000	0.01394360422556	5989	83.508245706876	647	5527.5638148668
GLOBAL	I	11800001	11810000	0.01189167925641	6087	72.384651633768	565	5915.01542777
GLOBAL	I	11810001	11820000	0.012958205981344	5509	71.386756751225	555	5187.0238429173
GLOBAL	I	11820001	11830000	0.012495076795075	6462	80.743186249776	632	6399.0897615708
GLOBAL	I	11830001	11840000	0.014534599261389	5182	75.31829337252	574	4756.5049088359
GLOBAL	I	11840001	11850000	0.012916747705454	6916	89.332227130917	699	6842.2075736325
GLOBAL	I	11850001	11860000	0.013733535302272	6685	91.808683495686	717	6514.1332398317
GLOBAL	I	11860001	11870000	0.011199116904064	7108	79.603322954084	621	6917.301542777
GLOBAL	I	11870001	11880000	0.012220516616062	6463	78.981198889611	616	6326.3464235624
GLOBAL	I	11880001	11890000	0.011378681565392	7474	85.044266019743	666	7431.9270687237
GLOBAL	I	11890001	11900000	0.017466483635646	5516	96.345123734223	711	4004.9733146067
GLOBAL	I	11900001	11910000	0.018077335331469	3024	54.665862042363	388	1515.2912912913
GLOBAL	I	11910001	11920000	0.017428628509693	1881	32.783250226733	234	880.7380239521
GLOBAL	I	11920001	11930000	0.02225624065981	76	1.6914742901456	9	37.261992619926
GLOBAL	I	11930001	11940000	0.0050055191838725	286	1.4315784865875	8	143.97297297297
GLOBAL	I	11940001	11950000	NA	0	NA	0	NA
GLOBAL	I	11950001	11960000	NA	0	NA	0	NA
GLOBAL	I	11960001	11970000	0.013909889722463	1803	25.0795311696	182	1186.0311614731
GLOBAL	I	11970001	11980000	0.014702412522239	5633	82.81868973777	646	5509.1640953717
GLOBAL	I	11980001	11990000	0.015624187512525	6562	102.52591845719	796	6314.1963534362
GLOBAL	I	11990001	12000000	0.013252660186435	5788	76.706397159085	599	5719.0476858345
GLOBAL	I	12000001	12010000	0.015473872639856	7664	118.59175991185	927	7567.8050490884
GLOBAL	I	12010001	12020000	0.015418127092523	5426	83.65875760403	653	5304.0785413745
GLOBAL	I	12020001	12030000	0.014101540373418	4691	66.150325891703	509	3429.8605633803
GLOBAL	I	12030001	12040000	0.011342786262294	6081	68.975483261011	534	4598.1991584853
GLOBAL	I	12040001	12050000	0.014985349974148	5856	87.75420944861	683	5534.4488078541
GLOBAL	I	12050001	12060000	0.011967573833108	5426	64.936055618446	501	4114.0350631136
GLOBAL	I	12060001	12070000	0.011915737707586	4089	48.723451486318	373	3000.2471910112
GLOBAL	I	12070001	12080000	0.01277753327481	6508	83.156186552462	650	6397.2047685835
GLOBAL	I	12080001	12090000	0.014540849608076	5167	75.132569924931	587	5068.5946704067
GLOBAL	I	12090001	12100000	0.010983824945395	4734	51.9974272915	394	4051.7517531557
GLOBAL	I	12100001	12110000	0.012865730840037	6109	78.596749701783	610	5468.6760168303
GLOBAL	I	12110001	12120000	0.012697912217042	7234	91.856696978082	713	6410.2300140252
GLOBAL	I	12120001	12130000	0.011588196446214	6513	75.473923454191	589	6404.7896213184
GLOBAL	I	12130001	12140000	0.01523951320148	6796	103.56773171726	808	6671.6507713885
GLOBAL	I	12140001	12150000	0.011455931030451	6725	77.041136179781	601	6605.5399719495
GLOBAL	I	12150001	12160000	0.015405925065505	5279	81.327878420802	628	4745.9241573034
GLOBAL	I	12160001	12170000	0.014022697596823	6032	84.584911904035	660	5705
GLOBAL	I	12170001	12180000	0.014129604335348	5951	84.085275399656	655	5787.0504908836
GLOBAL	I	12180001	12190000	0.013464312690894	6017	81.01476946111	633	5898.7826086957
GLOBAL	I	12190001	12200000	0.013264341452447	3743	49.64843005651	381	2862.8676056338
GLOBAL	I	12200001	12210000	0.0092829425088329	4061	37.69802952837	284	2639.7896213184
GLOBAL	I	12210001	12220000	0.01126407762084	4174	47.016259989385	358	3372.0575035063
GLOBAL	I	12220001	12230000	0.016618335451805	5562	92.431181782942	720	5378.237026648
GLOBAL	I	12230001	12240000	0.01430198689628	5981	85.540183626652	668	5854.1332398317
GLOBAL	I	12240001	12250000	0.017236998012532	5237	90.270158591631	705	5115.2300140252
GLOBAL	I	12250001	12260000	0.017440178245533	4235	73.859154869834	576	4121.9719495091
GLOBAL	I	12260001	12270000	0.016043732795252	5274	84.61464676216	653	4719.1584852735
GLOBAL	I	12270001	12280000	0.014143237615718	5223	73.870130066898	576	4860.553997195
GLOBAL	I	12280001	12290000	0.012310504935998	4652	57.268468962261	447	4553.96914446
GLOBAL	I	12290001	12300000	0.014137187265378	5351	75.648089057038	591	5251.0673211781
GLOBAL	I	12300001	12310000	0.014497116627245	5150	74.660150630313	583	5038.95371669
GLOBAL	I	12310001	12320000	0.013975398092181	6401	89.45652318805	699	6294.9551192146
GLOBAL	I	12320001	12330000	0.013434379452894	6438	86.490534917729	676	6330.3380084151
GLOBAL	I	12330001	12340000	0.011954959615408	7064	84.449834723242	661	6929.9887798036
GLOBAL	I	12340001	12350000	0.014009769128431	5771	80.850377640173	628	5429.1879382889
GLOBAL	I	12350001	12360000	0.015708405623448	5736	90.103414656096	704	5633.2692847125
GLOBAL	I	12360001	12370000	0.014754013599145	4657	68.709441331217	533	4374.7699859748
GLOBAL	I	12370001	12380000	0.015683537418809	6095	95.591160567644	746	5932.4207573633
GLOBAL	I	12380001	12390000	0.017722589310117	5047	89.445908248159	696	4845.2208157525
GLOBAL	I	12390001	12400000	0.013670374644095	3139	42.911306007816	331	2679.8370786517
GLOBAL	I	12400001	12410000	0.014085982455157	5089	71.683564714296	559	4858.3071528752
GLOBAL	I	12410001	12420000	0.013611387304042	5316	72.358134908285	565	5174.1809256662
GLOBAL	I	12420001	12430000	0.013768207940348	5446	74.981660443135	586	5347.175315568
GLOBAL	I	12430001	12440000	0.013866867355139	5276	73.161592165711	572	5194.0224403927
GLOBAL	I	12440001	12450000	0.01569831318324	6115	95.995185115513	750	5952.9761570827
GLOBAL	I	12450001	12460000	0.013903222722103	5150	71.601597018832	558	4772.0182328191
GLOBAL	I	12460001	12470000	0.014778276499133	4739	70.034252329391	546	4582.7741935484
GLOBAL	I	12470001	12480000	0.014902303665756	4855	72.350684297243	562	4534.7054698457
GLOBAL	I	12480001	12490000	0.014089791981336	5939	83.679274577153	650	5138.5582047686
GLOBAL	I	12490001	12500000	0.014991598456327	5502	82.483774706708	642	5275.4488078541
GLOBAL	I	12500001	12510000	0.017319647801122	5804	100.52323583771	783	5412.5161290323
GLOBAL	I	12510001	12520000	0.014597282131239	5246	76.57734206048	595	4826.8920056101
GLOBAL	I	12520001	12530000	0.016268565133474	5644	91.819781613327	716	5482.8078541374
GLOBAL	I	12530001	12540000	0.015197392424633	5350	81.306049471784	634	4681.6437587658
GLOBAL	I	12540001	12550000	0.018792178422976	6023	113.18529064159	882	5781.6605890603
GLOBAL	I	12550001	12560000	0.017026483924117	5721	97.408514529875	760	5559.3108298172
GLOBAL	I	12560001	12570000	0.010049433157587	3858	38.770713121971	295	1843.2474674385
GLOBAL	I	12570001	12580000	0.022398223444488	4237	94.901272734294	732	3779.2692847125
GLOBAL	I	12580001	12590000	0.013299690143162	4625	61.511066912124	472	3363.3197755961
GLOBAL	I	12590001	12600000	0.012089170172206	4626	55.924501216627	404	2664.4172560113
GLOBAL	I	12600001	12610000	0.010645939737911	4252	45.266535765596	313	2221.7892503536
GLOBAL	I	12610001	12620000	0.016677374884134	6813	113.62295508561	881	6107.3253856943
GLOBAL	I	12620001	12630000	0.018531748557575	5673	105.13060956712	820	5516.206171108
GLOBAL	I	12630001	12640000	0.018439643926597	4751	87.606748295265	674	4140.1221910112
GLOBAL	I	12640001	12650000	0.015412275217699	6440	99.25505240198	775	6301.9803646564
GLOBAL	I	12650001	12660000	0.015695256704	5250	82.400097695998	630	4197.427769986
GLOBAL	I	12660001	12670000	0.014808670533627	5217	77.256834173931	597	4762.0546984572
GLOBAL	I	12670001	12680000	0.014662852267083	4928	72.258535972187	561	4378.9789325843
GLOBAL	I	12680001	12690000	0.014223962565054	5048	71.802563028392	556	4538.8014084507
GLOBAL	I	12690001	12700000	0.015628423932146	5021	78.470316563307	607	4636.8443197756
GLOBAL	I	12700001	12710000	0.017065886799927	5382	91.848602757205	716	5181.2594670407
GLOBAL	I	12710001	12720000	0.014589913953041	5814	84.825759722982	662	5658.0743338008
GLOBAL	I	12720001	12730000	0.014331761147921	5520	79.111321536526	617	5387.8653576438
GLOBAL	I	12730001	12740000	0.01824368380463	5702	104.025485054	811	5539.1661971831
GLOBAL	I	12740001	12750000	0.017006708946186	4771	81.139008382254	629	4436.0211864407
GLOBAL	I	12750001	12760000	0.015254357656227	5368	81.885391898628	628	4711.1207865169
GLOBAL	I	12760001	12770000	0.0093219045708798	5230	48.753560905702	371	3497.3005617978
GLOBAL	I	12770001	12780000	0.013902602384678	5934	82.498042550679	642	5526.8976157083
GLOBAL	I	12780001	12790000	0.01591968521923	4645	73.946937843324	574	4379.4095371669
GLOBAL	I	12790001	12800000	0.015669648440464	5043	79.022037085261	610	4617.96914446
GLOBAL	I	12800001	12810000	0.012044631675069	6393	77.001330298716	599	6113.7124824684
GLOBAL	I	12810001	12820000	0.015984098012243	5746	91.844627178347	717	5626.683029453
GLOBAL	I	12820001	12830000	0.015549253306273	6096	94.78824815504	740	5975.0939691445
GLOBAL	I	12830001	12840000	0.016398398566327	5743	94.176002966415	732	5399.9817671809
GLOBAL	I	12840001	12850000	0.016681630954223	6060	101.09068358259	788	5903.0322580645
GLOBAL	I	12850001	12860000	0.014173457933983	5697	80.746189849901	629	5458.6998597475
GLOBAL	I	12860001	12870000	0.013797849588195	6828	94.211716988197	737	6732.5792426367
GLOBAL	I	12870001	12880000	0.013641935189359	6141	83.775123997855	654	5765.4992987377
GLOBAL	I	12880001	12890000	0.014081492639746	5406	76.124549210466	592	5024.6704067321
GLOBAL	I	12890001	12900000	0.015475196200335	5018	77.654534533279	600	4631.3997194951
GLOBAL	I	12900001	12910000	0.013320228518172	4860	64.736310598315	503	4225.2426367461
GLOBAL	I	12910001	12920000	0.0077265667988267	2744	21.20169929598	160	1864.4323943662
GLOBAL	I	12920001	12930000	0.013975846062065	6634	92.715762775738	724	6487.4319775596
GLOBAL	I	12930001	12940000	0.015057031843527	5082	76.519835828805	593	4817.0995792426
GLOBAL	I	12940001	12950000	0.014390255733218	6259	90.068610634209	703	6093.4642356241
GLOBAL	I	12950001	12960000	0.013589144460005	4873	66.219900953603	516	4577.9761570827
GLOBAL	I	12960001	12970000	0.014379034555325	5557	79.90429502394	623	5360.4
GLOBAL	I	12970001	12980000	0.012692241404329	4875	61.874676846103	480	4543
GLOBAL	I	12980001	12990000	0.014920566370656	5295	79.004398932621	615	5079.9032258065
GLOBAL	I	12990001	13000000	0.013197701749353	5217	68.852410026377	536	4884.4670406732
GLOBAL	I	13000001	13010000	0.015025973650648	6162	92.590049635295	723	6020.7556179775
GLOBAL	I	13010001	13020000	0.016087502335368	5306	85.36028739146	666	5021.5632022472
GLOBAL	I	13020001	13030000	0.016550869484037	5944	98.378368213115	768	5627.7471910112
GLOBAL	I	13030001	13040000	0.015731059998388	4364	68.650345832967	531	3576.7738764045
GLOBAL	I	13040001	13050000	0.016632960074782	5369	89.302362641504	697	5175.652173913
GLOBAL	I	13050001	13060000	0.013529151692889	6335	85.707175974454	670	6228.7573632539
GLOBAL	I	13060001	13070000	0.01553879392994	4958	77.041340304643	598	4694.4446002805
GLOBAL	I	13070001	13080000	0.013436458211559	3990	53.611468264122	404	2873.3286516854
GLOBAL	I	13080001	13090000	0.010299949258936	3918	40.355201196513	297	2166.286115007
GLOBAL	I	13090001	13100000	0.014172547220305	2549	36.125822864559	263	1545.2441077441
GLOBAL	I	13100001	13110000	0.019328490251066	4666	90.186735511475	685	3805.297752809
GLOBAL	I	13110001	13120000	0.017404175325629	5227	90.971624427065	694	4409.0729312763
GLOBAL	I	13120001	13130000	0.016473436033713	5121	84.360465928643	652	4687.0814606742
GLOBAL	I	13130001	13140000	0.010935936290944	5657	61.864591597868	481	5006.9043600563
GLOBAL	I	13140001	13150000	0.005273684245666	6719	35.43388444663	257	4226.2146892655
GLOBAL	I	13150001	13160000	0.0087283169516026	5668	49.472100481684	379	4472.8854314003
GLOBAL	I	13160001	13170000	0.012154161100799	4967	60.369718187666	467	4422.6582278481
GLOBAL	I	13170001	13180000	0.015794811931643	5658	89.367045909234	697	5462.0898876404
GLOBAL	I	13180001	13190000	0.014620536547602	6019	88.001009480014	685	5374.3267882188
GLOBAL	I	13190001	13200000	0.018843268943358	5677	106.97323779144	835	5527.316970547
GLOBAL	I	13200001	13210000	0.013679353369179	5112	69.928854423245	545	4592.8611500701
GLOBAL	I	13210001	13220000	0.013236445018817	5680	75.183007706881	585	4997.8778089888
GLOBAL	I	13220001	13230000	0.01510614469572	4932	74.503505639292	575	4461.5773049645
GLOBAL	I	13230001	13240000	0.014389427051514	5608	80.69590690489	630	5472.4754558205
GLOBAL	I	13240001	13250000	0.014011926187346	6859	96.107801719003	752	6783.4235624123
GLOBAL	I	13250001	13260000	0.014871757017563	5181	77.050573107996	602	4862.3085553997
GLOBAL	I	13260001	13270000	0.013791058470366	5342	73.671834348693	576	5260.7405329593
GLOBAL	I	13270001	13280000	0.012626632974492	6381	80.570545010235	630	6298.6437587658
GLOBAL	I	13280001	13290000	0.016221860182378	6513	105.65297536783	826	6402.2496493689
GLOBAL	I	13290001	13300000	0.015420204548452	5544	85.489614016617	654	5070.729312763
GLOBAL	I	13300001	13310000	0.011929321262798	6748	80.499059881364	627	6314.7349228611
GLOBAL	I	13310001	13320000	0.012263072535784	7867	96.473591639011	755	7775.1767180926
GLOBAL	I	13320001	13330000	0.013951464393275	4796	66.911223230145	516	4208.1206171108
GLOBAL	I	13330001	13340000	0.014234206761514	5675	80.779123371592	631	5580.0827489481
GLOBAL	I	13340001	13350000	0.016624945553084	5035	83.706600859779	641	4383.5301542777
GLOBAL	I	13350001	13360000	0.012469368620599	4291	53.50606075099	388	2176.8711566618
GLOBAL	I	13360001	13370000	0.017607554107517	5662	99.693971356764	757	4717.9390934844
GLOBAL	I	13370001	13380000	0.015113585518306	5194	78.499963182079	606	4829.308988764
GLOBAL	I	13380001	13390000	0.013793785848439	5755	79.383237557766	616	5173.0631136045
GLOBAL	I	13390001	13400000	0.014589235375051	6016	87.768840016307	686	5912.1430575035
GLOBAL	I	13400001	13410000	0.012246790283818	5808	71.129357968415	552	4898.1725105189
GLOBAL	I	13410001	13420000	0.015419496735416	6496	100.16505079326	783	6382.4417952314
GLOBAL	I	13420001	13430000	0.018777722063929	5633	105.77490838611	826	5502.9621318373
GLOBAL	I	13430001	13440000	0.017037706658366	6108	104.0663122693	813	6002.2510518934
GLOBAL	I	13440001	13450000	0.017274205414247	5446	94.075322685988	732	5297.6633941094
GLOBAL	I	13450001	13460000	0.014434249166766	5219	75.332346401354	589	5118.270687237
GLOBAL	I	13460001	13470000	0.015478231278783	6102	94.448167263132	737	5996.5638148668
GLOBAL	I	13470001	13480000	0.0133630110007	6269	83.772715963386	653	6122.0378681627
GLOBAL	I	13480001	13490000	0.009391460955798	7580	71.187274044949	557	7521.7980364656
GLOBAL	I	13490001	13500000	0.011928833365361	7298	87.056625900403	681	7213.7335203366
GLOBAL	I	13500001	13510000	0.010558126456029	8068	85.182964247246	667	8026.6241234222
GLOBAL	I	13510001	13520000	0.013273670400297	5930	78.712865473762	616	5877.3576437588
GLOBAL	I	13520001	13530000	0.016934795868556	5205	88.145612495834	683	4732.6255259467
GLOBAL	I	13530001	13540000	0.021043261926995	4968	104.54292525331	808	4595.1865357644
GLOBAL	I	13540001	13550000	0.018499385133058	4122	76.254465518466	592	3925.553997195
GLOBAL	I	13550001	13560000	0.021517752524018	4282	92.139016307847	709	3949.5091164095
GLOBAL	I	13560001	13570000	0.01681772615038	5946	99.998199690161	780	5808.8485273492
GLOBAL	I	13570001	13580000	0.016673496750648	6429	107.19391060992	838	6326.1332398317
GLOBAL	I	13580001	13590000	0.020438614524018	5590	114.25185518926	891	5465.4992987377
GLOBAL	I	13590001	13600000	0.021573018189603	5503	118.71631909739	922	5302.1248246844
GLOBAL	I	13600001	13610000	0.019618190492955	4126	80.944653973933	624	3858.9565217391
GLOBAL	I	13610001	13620000	0.015188484524038	6330	96.143107037163	750	6232.6788218794
GLOBAL	I	13620001	13630000	0.019274062097382	6480	124.89592239104	975	6383.3604488079
GLOBAL	I	13630001	13640000	0.018724453707433	6212	116.31630643057	902	5983.7096774194
GLOBAL	I	13640001	13650000	0.016889724219079	5060	85.462004548542	644	4046.5525946704
GLOBAL	I	13650001	13660000	0.019818986076434	6689	132.56919786527	1030	6500.1079943899
GLOBAL	I	13660001	13670000	0.016754906898497	6428	107.70054154354	837	6254.2776998597
GLOBAL	I	13670001	13680000	0.015361393598423	6015	92.398782494515	718	5680.9663394109
GLOBAL	I	13680001	13690000	0.017696373563332	6197	109.66442697197	856	6115.9705469846
GLOBAL	I	13690001	13700000	0.019106493218843	6129	117.10369693829	907	5710.8064516129
GLOBAL	I	13700001	13710000	0.019283854619163	6682	128.85471656525	1006	6546.7671809257
GLOBAL	I	13710001	13720000	0.018711070128994	6294	117.76747539189	920	6206.366058906
GLOBAL	I	13720001	13730000	0.021756097701729	5306	115.43785440537	899	5161.1430575035
GLOBAL	I	13730001	13740000	0.024998069112132	4282	107.04173193815	822	3608.2075736325
GLOBAL	I	13740001	13750000	0.020261956632479	5721	115.91865389441	888	5102.6171107994
GLOBAL	I	13750001	13760000	0.021396724306102	5721	122.41065975521	948	5492.8990182328
GLOBAL	I	13760001	13770000	0.019163769072135	5262	100.83975285757	787	5136.1584852735
GLOBAL	I	13770001	13780000	0.021269719660815	4188	89.077585939495	688	3920.667601683
GLOBAL	I	13780001	13790000	0.020536410620023	3257	66.887089389415	522	2904.1346423562
GLOBAL	I	13790001	13800000	0	375	0	0	146.72222222222
GLOBAL	I	13800001	13810000	0	150	0	0	38.669724770642
GLOBAL	I	13810001	13820000	0.019422802617949	1952	37.913310710236	271	956.15427769986
GLOBAL	I	13820001	13830000	0.022139927724442	3656	80.943575760562	628	3481.7208976157
GLOBAL	I	13830001	13840000	0.023549060967177	4608	108.51407293675	848	4535.286115007
GLOBAL	I	13840001	13850000	0.022670866648256	4709	106.75711104664	834	4627.0182328191
GLOBAL	I	13850001	13860000	0.021294780831977	6395	136.1801234205	1064	6300.603085554
GLOBAL	I	13860001	13870000	0.017974456575925	6852	123.16097645824	964	6793.6591865358
GLOBAL	I	13870001	13880000	0.018379523834355	6598	121.26809825907	948	6503.9957924264
GLOBAL	I	13880001	13890000	0.017361868436014	3813	66.200804346522	510	2834.3941093969
GLOBAL	I	13890001	13900000	0.019731702746323	5344	105.44621947635	822	5224.2931276297
GLOBAL	I	13900001	13910000	0.016889338192692	5786	97.721710782916	763	5694.7349228612
GLOBAL	I	13910001	13920000	0.01419223899702	7468	105.98764082975	830	7325.2748948107
GLOBAL	I	13920001	13930000	0.018289241782333	7094	129.74388120387	1008	6732.2201963534
GLOBAL	I	13930001	13940000	0.016784574735853	6088	102.18449099187	783	5330.4221598878
GLOBAL	I	13940001	13950000	0.017579077156782	6588	115.81096030888	901	6417.6788218794
GLOBAL	I	13950001	13960000	0.014441186384642	5707	82.415850697154	638	5325.8345021038
GLOBAL	I	13960001	13970000	0.015922213994471	4902	78.050693000896	606	4424.0771388499
GLOBAL	I	13970001	13980000	0.017142945778461	5257	90.120465957371	701	5057.0518934081
GLOBAL	I	13980001	13990000	0.016249026135552	4667	75.834204974622	577	4056.2201963534
GLOBAL	I	13990001	14000000	0.013917827887053	5519	76.812492108648	593	5052.7377279102
GLOBAL	I	14000001	14010000	0.015574230295254	5362	83.509022843152	650	5203.5343618513
GLOBAL	I	14010001	14020000	0.016707344854052	4831	80.713182989924	627	4580.5175315568
GLOBAL	I	14020001	14030000	0.015185081843242	5741	87.177554862053	680	5597.2482468443
GLOBAL	I	14030001	14040000	0.015685995263571	6051	94.91595733987	740	5927.2159887798
GLOBAL	I	14040001	14050000	0.016842597913148	4818	81.147636745545	623	4033.9761570827
GLOBAL	I	14050001	14060000	0.014122664375323	5468	77.222728804267	602	5336.858345021
GLOBAL	I	14060001	14070000	0.012854354165145	6589	84.697339594142	663	6540.0561009818
GLOBAL	I	14070001	14080000	0.013459537281762	6722	90.475009608003	705	6539.1781206171
GLOBAL	I	14080001	14090000	0.013315921265394	7044	93.797349393437	732	6860.8948106592
GLOBAL	I	14090001	14100000	0.013214951969458	7630	100.83008352696	789	7562.2328190743
GLOBAL	I	14100001	14110000	0.01121046861576	7370	82.621153698149	646	7312.9410939691
GLOBAL	I	14110001	14120000	0.011673744574348	6360	74.245015492855	573	5696.7180925666
GLOBAL	I	14120001	14130000	0.012611637538783	7510	94.713397916264	741	7447.4712482468
GLOBAL	I	14130001	14140000	0.015453851824215	6751	104.32895366528	812	6428.4712482468
GLOBAL	I	14140001	14150000	0.01377832877361	7267	100.12711519783	779	6938.6563814867
GLOBAL	I	14150001	14160000	0.018368070572789	5899	108.35324830888	847	5814.8934081346
GLOBAL	I	14160001	14170000	0.013633381902369	6321	86.176607004874	673	6000.1220196353
GLOBAL	I	14170001	14180000	0.015131862644142	6623	100.21832629215	782	6494.3043478261
GLOBAL	I	14180001	14190000	0.01164975207787	7359	85.730525541044	671	7289.8751753156
GLOBAL	I	14190001	14200000	0.013113834303971	7165	93.960622787954	735	7085.7237026648
GLOBAL	I	14200001	14210000	0.012525827661676	6763	84.712172475912	663	6703.4067321178
GLOBAL	I	14210001	14220000	0.016393221411018	6415	105.16251535168	822	6329.7419354839
GLOBAL	I	14220001	14230000	0.015194470191348	7834	119.03347947902	932	7773.633941094
GLOBAL	I	14230001	14240000	0.014663733785649	5283	77.468505589586	601	4831.3702664797
GLOBAL	I	14240001	14250000	0.013830502199202	6173	85.375690075673	667	6073.3997194951
GLOBAL	I	14250001	14260000	0.012507996474015	7236	90.50786248597	707	7142.5203366059
GLOBAL	I	14260001	14270000	0.012005922891359	7507	90.128463145429	705	7430.8064516129
GLOBAL	I	14270001	14280000	0.010596273036022	6782	71.863923730305	563	6750.5638148668
GLOBAL	I	14280001	14290000	0.010895521119332	7561	82.381035183271	645	7511.221598878
GLOBAL	I	14290001	14300000	0.0093600194968388	7716	72.221910437608	565	7644.8008415147
GLOBAL	I	14300001	14310000	0.012690945563382	7329	93.011940034029	727	7231.5750350631
GLOBAL	I	14310001	14320000	0.014133111033943	6086	86.014113752574	671	5948.8316970547
GLOBAL	I	14320001	14330000	0.012640644347392	5958	75.312959021764	585	5750.5666199158
GLOBAL	I	14330001	14340000	0.013514055181829	5881	79.476158524336	620	5712.2664796634
GLOBAL	I	14340001	14350000	0.010591275485453	7307	77.390449972206	606	7251.2945301543
GLOBAL	I	14350001	14360000	0.012513138307958	6631	82.97462012007	646	6447.8611500701
GLOBAL	I	14360001	14370000	0.011552197805994	6792	78.462527498314	614	6733.5708274895
GLOBAL	I	14370001	14380000	0.013267673069093	6672	88.521914716991	692	6575.6479663394
GLOBAL	I	14380001	14390000	0.012577911175282	7268	91.416258421946	715	7190.3941093969
GLOBAL	I	14390001	14400000	0.016799266139988	6165	103.56747575303	808	5990.1500701262
GLOBAL	I	14400001	14410000	0.012505811455967	7517	94.006184714506	734	7366.1514726508
GLOBAL	I	14410001	14420000	0.0091963861399375	7045	64.788540355859	506	6958.667601683
GLOBAL	I	14420001	14430000	0.010505268141626	7247	76.13167822236	594	7031.0280504909
GLOBAL	I	14430001	14440000	0.016301559593254	5604	91.353939960595	712	5338.0743338008
GLOBAL	I	14440001	14450000	0.013577695589158	7020	95.315423035887	744	6850.4305750351
GLOBAL	I	14450001	14460000	0.016028129223116	6148	98.540938463715	767	5894.350631136
GLOBAL	I	14460001	14470000	0.012546172745955	7536	94.547957813517	738	7048.6100981767
GLOBAL	I	14470001	14480000	0.015373428235889	6798	104.50856514757	817	6685.2230014025
GLOBAL	I	14480001	14490000	0.014685799054014	6390	93.842255955148	733	6233.1093969144
GLOBAL	I	14490001	14500000	0.015246153155855	6416	97.819318647963	765	6333.3786816269
GLOBAL	I	14500001	14510000	0.014762010072901	7147	105.50408599102	825	7068.8345021038
GLOBAL	I	14510001	14520000	0.014413273140538	6631	95.574414194906	747	6540.3744740533
GLOBAL	I	14520001	14530000	0.013980754346123	6520	91.15451833672	712	6382.8541374474
GLOBAL	I	14530001	14540000	0.012444360520428	6529	81.249229837873	636	6478.5469845722
GLOBAL	I	14540001	14550000	0.013377188527716	7054	94.362687874508	739	7008.1122019635
GLOBAL	I	14550001	14560000	0.014723223672638	6208	91.401772559736	713	6046.1865357644
GLOBAL	I	14560001	14570000	0.011622079668177	7263	84.411164629972	660	7200.6241234222
GLOBAL	I	14570001	14580000	0.013951203203973	7283	101.60661293454	795	7223.6704067321
GLOBAL	I	14580001	14590000	0.013812221662731	6420	88.674463074732	694	6351.6115007013
GLOBAL	I	14590001	14600000	0.012472035458893	6173	76.989874887749	602	6023.8443197756
GLOBAL	I	14600001	14610000	0.01406956221347	7090	99.753196093504	781	7032.0701262272
GLOBAL	I	14610001	14620000	0.01684062405189	4623	77.854204991886	598	3875.4179523142
GLOBAL	I	14620001	14630000	0.013679661508449	6767	92.570269427674	720	6458.2580645161
GLOBAL	I	14630001	14640000	0.012169196587467	7617	92.692770406733	725	7550.4726507714
GLOBAL	I	14640001	14650000	0.011337930807163	7572	85.85081207184	671	7485.0350631136
GLOBAL	I	14650001	14660000	0.012899320766091	7464	96.280530198101	753	7389.9214586255
GLOBAL	I	14660001	14670000	0.013918166975676	7297	101.56086442151	795	7238.7854137447
GLOBAL	I	14670001	14680000	0.014162731644249	6708	95.003603869621	743	6624.6647966339
GLOBAL	I	14680001	14690000	0.016264790311719	5677	92.335214599628	721	5522.507713885
GLOBAL	I	14690001	14700000	0.015846448111856	7036	111.49560891502	871	6953.9859747546
GLOBAL	I	14700001	14710000	0.011658880564843	7158	83.454267083144	653	7102.9018232819
GLOBAL	I	14710001	14720000	0.012213155571904	6209	75.831482945955	591	6032.8639551192
GLOBAL	I	14720001	14730000	0.013134925728384	5966	78.362966895538	613	5894.9004207574
GLOBAL	I	14730001	14740000	0.014006386032144	6645	93.0724351836	727	6510.8906030856
GLOBAL	I	14740001	14750000	0.011608204578773	7118	82.627200191709	646	7023.0743338008
GLOBAL	I	14750001	14760000	0.011907453292151	5777	68.789357668758	538	5714.3520336606
GLOBAL	I	14760001	14770000	0.013072063281446	6618	86.510914796607	675	6499.9831697055
GLOBAL	I	14770001	14780000	0.010492003225322	6868	72.059078151512	563	6767.5932678822
GLOBAL	I	14780001	14790000	0.012480119211471	6190	77.251937919007	603	6071.0126227209
GLOBAL	I	14790001	14800000	0.014162193585619	5999	84.958999320127	663	5830.2748948107
GLOBAL	I	14800001	14810000	0.010454380907586	6916	72.302498356864	565	6851.603085554
GLOBAL	I	14810001	14820000	0.012640093635654	6054	76.523126870247	598	5968.4880785414
GLOBAL	I	14820001	14830000	0.01173446063347	6451	75.699005546516	591	6305.4992987377
GLOBAL	I	14830001	14840000	0.0069198587748995	8320	57.573225007164	449	8165.5189340813
GLOBAL	I	14840001	14850000	0.011671971022617	7140	83.337873101484	652	7059.2412342216
GLOBAL	I	14850001	14860000	0.011696578440042	7845	91.759657862127	718	7794.0140252454
GLOBAL	I	14860001	14870000	0.010866180084905	7606	82.648165725785	647	7554.1767180926
GLOBAL	I	14870001	14880000	0.012050424211353	6474	78.014446344302	608	6306.7545582048
GLOBAL	I	14880001	14890000	0.0091186585308604	5131	46.787836921845	366	4702.2636746143
GLOBAL	I	14890001	14900000	0.012922124876024	6771	87.49570753556	682	6582.2594670407
GLOBAL	I	14900001	14910000	0.010333057630905	7564	78.159247920162	611	7463.556802244
GLOBAL	I	14910001	14920000	0.012682264940061	7151	90.690876586376	709	7055.0070126227
GLOBAL	I	14920001	14930000	0.0097150856959112	7374	71.639041921649	561	7333.2314165498
GLOBAL	I	14930001	14940000	0.011117095114634	8162	90.737730325641	710	8096.9410939691
GLOBAL	I	14940001	14950000	0.011007422885279	6356	69.963179858831	547	6267.7601683029
GLOBAL	I	14950001	14960000	0.012346288081332	6733	83.12755765161	648	6576.9649368864
GLOBAL	I	14960001	14970000	0.011548638891965	5996	69.245638796221	541	5894.9635343619
GLOBAL	I	14970001	14980000	0.014227665266694	5431	77.270450063418	600	5172.7110799439
GLOBAL	I	14980001	14990000	0.013381697567372	6663	89.162250891402	697	6568.5497896213
GLOBAL	I	14990001	15000000	0.010196288760582	7716	78.674564076654	616	7665.9453015428
GLOBAL	I	15000001	15010000	0.011371682018404	6524	74.188853488066	580	6413.2286115007
GLOBAL	I	15010001	15020000	0.0077101688869732	7949	61.28813248255	480	7916.4670406732
GLOBAL	I	15020001	15030000	0.011651290293145	7419	86.44092268484	675	7278.3029453015
GLOBAL	I	15030001	15040000	0.0079887640741312	8296	66.274786758992	519	8235.3520336606
GLOBAL	I	15040001	15050000	0.0099622943733872	7011	69.845645851818	546	6907.7994389902
GLOBAL	I	15050001	15060000	0.0078323773192789	8286	64.899078467545	508	8203.01542777
GLOBAL	I	15060001	15070000	0.0088323781138683	7117	62.860035036401	492	7039.4558204769
GLOBAL	I	15070001	15080000	0.0086420088496897	8081	69.836073514343	547	8038.7826086957
GLOBAL	I	15080001	15090000	0.012155003532248	7467	90.761411375296	709	7349.0729312763
GLOBAL	I	15090001	15100000	0.010038814933457	7482	75.110413332123	579	7029.5399719495
GLOBAL	I	15100001	15110000	0.0071013615221654	8024	56.981324853855	446	7983.4291725105
GLOBAL	I	15110001	15120000	0.010151717255062	6868	69.721994107767	545	6776.3702664797
GLOBAL	I	15120001	15130000	0.010047228981084	6808	68.401534903223	530	6562.3913043478
GLOBAL	I	15130001	15140000	0.0090791300708438	8436	76.591541277639	600	8398.8485273492
GLOBAL	I	15140001	15150000	0.007530150544864	8211	61.830066123878	484	8142.9677419355
GLOBAL	I	15150001	15160000	0.0078360652267551	8212	64.349767642113	504	8173.381486676
GLOBAL	I	15160001	15170000	0.0077432446336597	8243	63.827565515257	500	8212.0252454418
GLOBAL	I	15170001	15180000	0.0097151842441896	7727	75.069228654853	588	7685.4544179523
GLOBAL	I	15180001	15190000	0.0095150787648948	7472	71.096668531294	556	7408.0869565217
GLOBAL	I	15190001	15200000	0.0072812554753641	8641	62.917328562621	493	8615.1318373072
GLOBAL	I	15200001	15210000	0.0085258739294956	8772	74.788966109535	586	8742.9326788219
GLOBAL	I	15210001	15220000	0.0099716650436702	7967	79.444255402921	622	7920.8667601683
GLOBAL	I	15220001	15230000	0.0097364825019574	7705	75.019597677582	587	7640.5301542777
GLOBAL	I	15230001	15240000	0.0095662871555057	7943	75.985018876182	595	7890.190743338
GLOBAL	I	15240001	15250000	0.010550697062743	7810	82.400944060023	645	7731.667601683
GLOBAL	I	15250001	15260000	0.0095476983981284	7419	70.834374415715	554	7348.175315568
GLOBAL	I	15260001	15270000	0.0082383722988384	7669	63.180077159792	492	7533.1640953717
GLOBAL	I	15270001	15280000	0.0082548645147279	8197	67.665124427225	530	8146.9424964937
GLOBAL	I	15280001	15290000	0.0087749006588825	7466	65.513408319217	513	7336.6269284712
GLOBAL	I	15290001	15300000	0.0090943624685729	8176	74.355507543052	582	8081.9438990182
GLOBAL	I	15300001	15310000	0.0091441003710755	7988	73.043073764151	572	7928.6255259467
GLOBAL	I	15310001	15320000	0.0086927039714264	7779	67.620544193726	529	7633.7096774194
GLOBAL	I	15320001	15330000	0.0084684995402554	8399	71.126927638605	557	8351.778401122
GLOBAL	I	15330001	15340000	0.0081554558972193	8939	72.901620265243	571	8889.7194950912
GLOBAL	I	15340001	15350000	0.0092988203913323	9127	84.870333711689	664	9026.5175315568
GLOBAL	I	15350001	15360000	0.0084263665428508	7337	61.824251324897	483	7221.1234221599
GLOBAL	I	15360001	15370000	0.0070418234314784	8864	62.418722896625	489	8828.1304347826
GLOBAL	I	15370001	15380000	0.0072683912522471	8604	62.537238334334	490	8581.5357643759
GLOBAL	I	15380001	15390000	0.0056405377815169	9209	51.943712429989	407	9182.2931276297
GLOBAL	I	15390001	15400000	0.0047603327794997	9462	45.042268759626	353	9444.0406732118
GLOBAL	I	15400001	15410000	0.0057819963686662	9622	55.634369059306	436	9606.2440392707
GLOBAL	I	15410001	15420000	0.0061907077159971	9461	58.570285701048	459	9435.8316970547
GLOBAL	I	15420001	15430000	0.0069636490404945	9253	64.434644571696	505	9236.0420757363
GLOBAL	I	15430001	15440000	0.006814728956479	8783	59.853764424755	469	8753.0617110799
GLOBAL	I	15440001	15450000	0.0078907351359838	9048	71.395371510381	559	8977.2875175316
GLOBAL	I	15450001	15460000	0.0081428714107613	8575	69.825122347278	547	8536.2300140252
GLOBAL	I	15460001	15470000	0.0067192594317938	9120	61.279646017959	480	9072.8611500701
GLOBAL	I	15470001	15480000	0.0057102215320261	8493	48.496911471498	380	8469.8064516129
GLOBAL	I	15480001	15490000	0.0069868795029888	8931	62.399820841193	489	8910.920056101
GLOBAL	I	15490001	15500000	0.0092396969646994	7450	68.83574238701	538	7293.3646563815
GLOBAL	I	15500001	15510000	0.0075471748398941	8783	66.28683661879	519	8715.7092696629
GLOBAL	I	15510001	15520000	0.0094194332683579	3302	31.102968652118	237	2818.5393258427
GLOBAL	I	15520001	15530000	0.0017818798459837	490	0.87312112453201	5	172.56153846154
GLOBAL	I	15530001	15540000	0.00094654288972733	491	0.46475255885612	2	159.28571428571
GLOBAL	II	1	10000	0.0047549250686092	545	2.591434162392	18	288.45736434109
GLOBAL	II	10001	20000	0.0075208269214775	8580	64.528694986277	505	8379.4053295933
GLOBAL	II	20001	30000	0.0079494611964554	8749	69.549836007788	545	8725.2286115007
GLOBAL	II	30001	40000	0.0079591813350139	7798	62.065696050438	486	7762.4880785414
GLOBAL	II	40001	50000	0.0064956406774381	9351	60.740735974724	476	9325.2566619916
GLOBAL	II	50001	60000	0.0067894431005841	8835	59.984729793661	470	8814.3464235624
GLOBAL	II	60001	70000	0.0085005115023968	8530	72.509363115445	568	8487.0434782609
GLOBAL	II	70001	80000	0.0083275035915114	8444	70.317440326722	551	8416.0561009818
GLOBAL	II	80001	90000	0.006882276454111	9015	62.04372223381	486	8981.9242636746
GLOBAL	II	90001	100000	0.0078009783302786	8753	68.281963324928	535	8725.6199158485
GLOBAL	II	100001	110000	0.0093727996618355	8565	80.278029103621	629	8524.8667601683
GLOBAL	II	110001	120000	0.0075397183495795	8083	60.943543419651	477	8001.3786816269
GLOBAL	II	120001	130000	0.0070081485304855	9103	63.79517607301	500	9088.1935483871
GLOBAL	II	130001	140000	0.0067128764462992	9010	60.483016781156	474	8992.3590462833
GLOBAL	II	140001	150000	0.0067086642975451	9095	61.015301786173	478	9069.1402524544
GLOBAL	II	150001	160000	0.0076544194719479	8802	67.374200192085	528	8780.4361851332
GLOBAL	II	160001	170000	0.0081667029925489	8132	66.411628735408	520	8053.0336605891
GLOBAL	II	170001	180000	0.0076818765292197	8428	64.742855388264	507	8387.0070126227
GLOBAL	II	180001	190000	0.0081481670952191	8914	72.632761486783	569	8874.4642356241
GLOBAL	II	190001	200000	0.0080218898250166	8798	70.576586680496	553	8764.2720897616
GLOBAL	II	200001	210000	0.007699106358992	8872	68.306471616977	535	8833.0659186536
GLOBAL	II	210001	220000	0.0073691904316079	9008	66.381667407924	520	8974.587657784
GLOBAL	II	220001	230000	0.0081863358695832	7645	62.584537722963	483	6678.2314165498
GLOBAL	II	230001	240000	0.0092892803252752	8377	77.816301284831	607	8225.4516129032
GLOBAL	II	240001	250000	0.0091781167779736	8356	76.692343796747	600	8250.4221598878
GLOBAL	II	250001	260000	0.0070873299389725	8984	63.672572171729	499	8967.4936886396
GLOBAL	II	260001	270000	0.0081366574836993	8626	70.18680745439	550	8602.9326788219
GLOBAL	II	270001	280000	0.0091588771760261	8157	74.708961124845	585	8096.8134642356
GLOBAL	II	280001	290000	0.0092087045917578	7893	72.684305342744	569	7803.0378681627
GLOBAL	II	290001	300000	0.010270197439493	7917	81.309153128465	637	7885.1879382889
GLOBAL	II	300001	310000	0.0077690531973912	8461	65.733959103127	515	8432.5638148668
GLOBAL	II	310001	320000	0.0099130281855653	8205	81.336396262564	637	8155.1851332398
GLOBAL	II	320001	330000	0.0094769432994691	8044	76.232531900929	597	8003.4039270687
GLOBAL	II	330001	340000	0.010635358386956	7728	82.190049614395	643	7652.2047685834
GLOBAL	II	340001	350000	0.0088024448936779	8471	74.565510694346	584	8425.301542777
GLOBAL	II	350001	360000	0.0097748358067356	8025	78.443057349053	614	7976.6914446003
GLOBAL	II	360001	370000	0.010207390542783	8103	82.710485568171	648	8054.4291725105
GLOBAL	II	370001	380000	0.0089068531245083	8258	73.55279310219	576	8185.5736325386
GLOBAL	II	380001	390000	0.011817724910721	7284	86.080308249694	674	7232.1122019635
GLOBAL	II	390001	400000	0.010542432742229	8057	84.940380604137	664	7970.4235624123
GLOBAL	II	400001	410000	0.007665614199194	6494	49.780498609566	387	6046.8316970547
GLOBAL	II	410001	420000	0.0099570872336759	7512	74.797639299373	584	7409.9326788219
GLOBAL	II	420001	430000	0.010953148860253	7750	84.886903666957	665	7711.2678821879
GLOBAL	II	430001	440000	0.010949890365085	7535	82.507423900913	646	7461.4852734923
GLOBAL	II	440001	450000	0.010951618711759	7035	77.044637637227	602	6928.1767180926
GLOBAL	II	450001	460000	0.011188786288682	7306	81.745272625112	640	7250.0322580645
GLOBAL	II	460001	470000	0.010214868889827	7637	78.010953711606	611	7596.603085554
GLOBAL	II	470001	480000	0.012492165582985	6707	83.78495456508	655	6615.8316970547
GLOBAL	II	480001	490000	0.012516704553173	6516	81.558846868477	636	6379.7405329593
GLOBAL	II	490001	500000	0.012156219067234	6780	82.419165275847	645	6711.1136044881
GLOBAL	II	500001	510000	0.012697027824104	6603	83.838474722559	655	6475.252454418
GLOBAL	II	510001	520000	0.014253619657874	7148	101.88487331448	797	7081.9410939691
GLOBAL	II	520001	530000	0.012435793010849	6101	75.870773159188	593	5883.3604488079
GLOBAL	II	530001	540000	0.011820105739568	6402	75.672316944717	590	5933.6760168303
GLOBAL	II	540001	550000	0.0070641497885353	5288	37.355224081775	274	3094.1893408135
GLOBAL	II	550001	560000	0.013258560336007	4862	64.463120353666	491	4148.4950911641
GLOBAL	II	560001	570000	0.013399228862941	6125	82.070276785511	640	6005.4544179523
GLOBAL	II	570001	580000	0.014105965565369	6501	91.702882140464	717	6422.9088359046
GLOBAL	II	580001	590000	0.014610966675542	6238	91.143210122032	708	6016.8555399719
GLOBAL	II	590001	600000	0.014415344507126	6363	91.724837098841	715	6185.2426367461
GLOBAL	II	600001	610000	0.011074928680618	5084	56.304937412263	438	4783.1388499299
GLOBAL	II	610001	620000	0.001491330462234	228	0.34002334538936	2	117.60185185185
GLOBAL	II	620001	630000	0.010700744178773	6592	70.539305626471	550	6205.3604488079
GLOBAL	II	630001	640000	0.014909866970575	4616	68.823945936174	535	4414.9887798036
GLOBAL	II	640001	650000	0.01496896782714	5549	83.062802472798	648	5425.3576437588
GLOBAL	II	650001	660000	0.015011736817157	6252	93.853378580864	734	6173.2089761571
GLOBAL	II	660001	670000	0.011626799258885	6244	72.597734572475	565	5053.0617110799
GLOBAL	II	670001	680000	0.012907899221475	6221	80.300041056798	627	6113.1697054698
GLOBAL	II	680001	690000	0.011707529273815	6882	80.571216462395	630	6781.04628331
GLOBAL	II	690001	700000	0.013058869105849	5189	67.762471790249	528	4796.9649368864
GLOBAL	II	700001	710000	0.012215522248381	5549	67.783932956266	518	4833.0434782609
GLOBAL	II	710001	720000	0.013895505548565	6041	83.942749018883	656	5931.7713884993
GLOBAL	II	720001	730000	0.0099785721641428	6989	69.740240855194	545	6865.1626928471
GLOBAL	II	730001	740000	0.011679086282562	6497	75.879023577808	593	6377.4740532959
GLOBAL	II	740001	750000	0.01297354313243	5476	71.043122193188	553	5289.2440392707
GLOBAL	II	750001	760000	0.013732269189971	6708	92.116061726325	721	6641.904628331
GLOBAL	II	760001	770000	0.013059623857556	6400	83.581592688357	652	6263.0420757363
GLOBAL	II	770001	780000	0.014592798830848	6030	87.994576950013	684	5796.9438990182
GLOBAL	II	780001	790000	0.011156647904069	6711	74.872264084209	585	6586.6928471248
GLOBAL	II	790001	800000	0.010385327568634	7281	75.615570027227	592	7223.5904628331
GLOBAL	II	800001	810000	0.010114401669465	7105	71.862823861549	562	7004.8653576438
GLOBAL	II	810001	820000	0.009064837995393	6701	60.743479407128	475	6618.8218793829
GLOBAL	II	820001	830000	0.01402105892371	6223	87.253049682248	681	6078.4207573633
GLOBAL	II	830001	840000	0.016119540236077	4647	74.90750347705	583	4470.6446629213
GLOBAL	II	840001	850000	0.014033963807043	5725	80.344442795319	626	5572.6704067321
GLOBAL	II	850001	860000	0.01381092875197	6667	92.077461989387	715	5994.7966339411
GLOBAL	II	860001	870000	0.012252491077011	6243	76.492301793779	595	5754.396914446
GLOBAL	II	870001	880000	0.014701146962118	4926	72.417849935393	560	4568.3548387097
GLOBAL	II	880001	890000	0.014887327603339	5261	78.322230521169	609	5030.4600280505
GLOBAL	II	890001	900000	0.013309054879166	4995	66.478729121432	512	4742.4502103787
GLOBAL	II	900001	910000	0.01184992563547	5865	69.499813852029	543	5783.2538569425
GLOBAL	II	910001	920000	0.012889411754001	6091	78.509406993618	614	6019.4712482468
GLOBAL	II	920001	930000	0.012762873621866	7094	90.539825473521	708	7033.0420757363
GLOBAL	II	930001	940000	0.011884670761634	6165	73.268995245473	571	5992.1206171108
GLOBAL	II	940001	950000	0.016205606948573	6366	103.16489383462	801	6149.3534361851
GLOBAL	II	950001	960000	0.017299005668498	6326	109.43350985892	854	6200.2131837307
GLOBAL	II	960001	970000	0.013469693479946	5703	76.81766191613	597	5426.5175315568
GLOBAL	II	970001	980000	0.01288204975589	6500	83.733323413282	653	6349.9368863955
GLOBAL	II	980001	990000	0.015008601274944	5769	86.58462075515	676	5579.4572230014
GLOBAL	II	990001	1000000	0.013552542230285	4825	65.391016261124	510	4358.8779803647
GLOBAL	II	1000001	1010000	0.015552802344329	4657	72.42940051754	564	4487.9495091164
GLOBAL	II	1010001	1020000	0.013417141789868	4842	64.965800546542	507	4727.935483871
GLOBAL	II	1020001	1030000	0.015959189362345	4122	65.783778551586	511	3883.4319775596
GLOBAL	II	1030001	1040000	0.013672258981056	3629	49.616627842253	385	3214.4726507714
GLOBAL	II	1040001	1050000	0.017309496157119	5162	89.351619163049	696	5000.4081346424
GLOBAL	II	1050001	1060000	0.014799255663352	4839	71.613598154958	558	4672.0084151473
GLOBAL	II	1060001	1070000	0.0134123121393	4336	58.155785436007	441	3029.876056338
GLOBAL	II	1070001	1080000	0.01546874801049	5225	80.824208354812	630	4618.904628331
GLOBAL	II	1080001	1090000	0.015566806653718	5681	88.435028599773	690	5526.4095371669
GLOBAL	II	1090001	1100000	0.017257750087277	5964	102.92522152052	802	5792.7517531557
GLOBAL	II	1100001	1110000	0.017212718242456	4620	79.522758280148	618	4421.0280504909
GLOBAL	II	1110001	1120000	0.015006053567016	3407	51.125624502825	390	2831.1422535211
GLOBAL	II	1120001	1130000	0.015064143459206	4033	60.753690570977	464	2778.6488011283
GLOBAL	II	1130001	1140000	0.017596191029164	4190	73.728040412199	570	3872.2345505618
GLOBAL	II	1140001	1150000	0.016201615002109	6024	97.598528772706	762	5854.6685393258
GLOBAL	II	1150001	1160000	0.014968717857671	4690	70.203286752476	547	4505.2356241234
GLOBAL	II	1160001	1170000	0.012955879799262	6465	83.759762902229	653	6142.4754558205
GLOBAL	II	1170001	1180000	0.015611431004202	5721	89.31299677504	694	5344.9859550562
GLOBAL	II	1180001	1190000	0.014592943559228	6400	93.394838779061	730	6242.9663394109
GLOBAL	II	1190001	1200000	0.015814254533211	5851	92.529203273816	722	5669.3001402525
GLOBAL	II	1200001	1210000	0.01352172957292	5375	72.679296454446	565	5118.5904628331
GLOBAL	II	1210001	1220000	0.011573521357847	3302	38.215767523612	292	2356.8551336146
GLOBAL	II	1220001	1230000	0.014985224364278	6200	92.908391058526	725	6074.1290322581
GLOBAL	II	1230001	1240000	0.017265402396778	5722	98.792632514364	770	5541.4193548387
GLOBAL	II	1240001	1250000	0.016603981794893	4352	72.260528771374	558	3959.3723554302
GLOBAL	II	1250001	1260000	0.013254084349951	5033	66.707806533304	517	4016.443197756
GLOBAL	II	1260001	1270000	0.015943833639658	4301	68.574428484168	532	3929.6619915849
GLOBAL	II	1270001	1280000	0.017301822308557	5221	90.332814272976	705	5080.2678821879
GLOBAL	II	1280001	1290000	0.013113425111331	3287	43.103828340944	334	2320.1640953717
GLOBAL	II	1290001	1300000	0.016279218635009	4830	78.628626007096	613	4717.0210378682
GLOBAL	II	1300001	1310000	0.015274690584033	4285	65.452049152579	511	4183.8569424965
GLOBAL	II	1310001	1320000	0.020793613962963	6169	128.27580453752	1003	6088.2594670407
GLOBAL	II	1320001	1330000	0.017432042008844	5943	103.59862565856	808	5503.778401122
GLOBAL	II	1330001	1340000	0.01576809002228	6252	98.582098819294	768	5762.8134642356
GLOBAL	II	1340001	1350000	0.014768485349671	6241	92.170117067295	721	6158.4992987377
GLOBAL	II	1350001	1360000	0.015790349155219	6310	99.637103169434	779	6207.0392706872
GLOBAL	II	1360001	1370000	0.015707064294357	5720	89.844407763721	701	5584.7601683029
GLOBAL	II	1370001	1380000	0.015348361267946	4146	63.634305816905	494	3917.7612359551
GLOBAL	II	1380001	1390000	0.016415189907394	5194	85.260496379006	663	4970.1865357644
GLOBAL	II	1390001	1400000	0.016080506057982	4337	69.741154773467	542	4139.8316970547
GLOBAL	II	1400001	1410000	0.014126769423575	4795	67.73785938604	521	4182.7237026648
GLOBAL	II	1410001	1420000	0.010458732059512	3531	36.929782902135	281	2090.0308988764
GLOBAL	II	1420001	1430000	0.01638549833321	4752	77.863888079414	606	4561.5497896213
GLOBAL	II	1430001	1440000	0.01697441154372	4532	76.928033116141	598	4338.5133239832
GLOBAL	II	1440001	1450000	0.012899275528806	6030	77.782631438698	607	5894.0603085554
GLOBAL	II	1450001	1460000	0.012368494031951	6067	75.039653291845	586	5968.144460028
GLOBAL	II	1460001	1470000	0.0085170278909305	5435	46.290046587208	360	5037.2903225806
GLOBAL	II	1470001	1480000	0.0097115157016813	5242	50.907765308214	393	3573.4712482468
GLOBAL	II	1480001	1490000	0.016297955542295	5005	81.571267489186	635	4830.6283309958
GLOBAL	II	1490001	1500000	0.016576384824577	4489	74.411391477524	572	3486.3155680224
GLOBAL	II	1500001	1510000	0.015216092792845	5544	84.35801844353	657	5344.9242636746
GLOBAL	II	1510001	1520000	0.012097414027736	6494	78.560606696121	612	5884.9565217391
GLOBAL	II	1520001	1530000	0.0081020085804237	3314	26.850056435524	206	2321.2201963534
GLOBAL	II	1530001	1540000	0.014668161083817	3981	58.393949274675	453	3567.0897615708
GLOBAL	II	1540001	1550000	0.012217463774803	4428	54.098929594828	412	2999.5862552595
GLOBAL	II	1550001	1560000	0.012176944084692	4436	54.016923959694	421	3715.0448807854
GLOBAL	II	1560001	1570000	0.012941232934699	5331	68.98971277488	536	4948.8863955119
GLOBAL	II	1570001	1580000	0.013958661324486	5949	83.04007621937	647	5509.0224403927
GLOBAL	II	1580001	1590000	0.013936483578442	6211	86.559499505706	676	6061.7517531557
GLOBAL	II	1590001	1600000	0.0070070664651772	5695	39.905243519184	308	3543.3520336606
GLOBAL	II	1600001	1610000	0.01251560767597	5618	70.312683923597	545	5036.3842917251
GLOBAL	II	1610001	1620000	0.013376994026796	5489	73.426320213082	566	4580.2328190743
GLOBAL	II	1620001	1630000	0.015058488760346	5507	82.927097603223	647	5348.7924263675
GLOBAL	II	1630001	1640000	0.015643839068958	5526	86.447854695064	674	5369.5112359551
GLOBAL	II	1640001	1650000	0.014866313941925	5494	81.675528796938	636	5292.1994382022
GLOBAL	II	1650001	1660000	0.014590101926114	4439	64.76546245002	499	3985.941011236
GLOBAL	II	1660001	1670000	0.01384322829557	5831	80.719864191469	629	5488.6732117812
GLOBAL	II	1670001	1680000	0.012426670865544	6095	75.740558925492	591	5859.0869565217
GLOBAL	II	1680001	1690000	0.016494347389326	4725	77.935791414565	603	4363.2654494382
GLOBAL	II	1690001	1700000	0.014199808951868	3953	56.131844786733	435	3731.4936708861
GLOBAL	II	1700001	1710000	0.012112974571224	5862	71.006256936517	554	5715.6479663394
GLOBAL	II	1710001	1720000	0.01608175536556	4706	75.680740750327	584	4204.4325842697
GLOBAL	II	1720001	1730000	0.014767422347734	4522	66.778283856452	507	3764.316011236
GLOBAL	II	1730001	1740000	0.014132775687898	4992	70.550816233987	547	4652.8607594937
GLOBAL	II	1740001	1750000	0.013072779831387	4784	62.540178713357	487	4338.0322580645
GLOBAL	II	1750001	1760000	0.017624960417438	3691	65.053728900765	504	3498.841068917
GLOBAL	II	1760001	1770000	0.014006737595037	4363	61.111396127147	474	4000.7136812412
GLOBAL	II	1770001	1780000	0.01650343196355	4600	75.915787032329	591	4401.8436619718
GLOBAL	II	1780001	1790000	0.014532764950845	6467	93.983390937112	732	6239.3772791024
GLOBAL	II	1790001	1800000	0.011888792402146	5824	69.240326950096	540	5600.4446002805
GLOBAL	II	1800001	1810000	0.012506464915281	5039	63.020076708102	491	4586.933988764
GLOBAL	II	1810001	1820000	0.013839409462385	5632	77.943554092155	606	5362.6573033708
GLOBAL	II	1820001	1830000	0.01361100074555	3611	49.149323692182	380	3080.7082748948
GLOBAL	II	1830001	1840000	0.014996418505453	5567	83.485061819859	650	5276.793828892
GLOBAL	II	1840001	1850000	0.016192005865	5440	88.084511905601	687	5260.2959326788
GLOBAL	II	1850001	1860000	0.014106952215512	6261	88.323627821323	689	6116.6479663394
GLOBAL	II	1860001	1870000	0.013294069511887	5346	71.070095610547	552	5011.1809256662
GLOBAL	II	1870001	1880000	0.017050197943023	4534	77.305597473668	599	3993.7223001403
GLOBAL	II	1880001	1890000	0.0135911325626	5858	79.616854551708	615	5201.141654979
GLOBAL	II	1890001	1900000	0.015032762579717	5525	83.056013252939	647	5304.9677419355
GLOBAL	II	1900001	1910000	0.013469551818325	5827	78.487078445379	613	5718.3520336606
GLOBAL	II	1910001	1920000	0.015959835601737	5010	79.958776364702	621	4739.9214586255
GLOBAL	II	1920001	1930000	0.01577393737112	4986	78.648851732402	605	4488.3394109397
GLOBAL	II	1930001	1940000	0.014230391117421	4096	58.287682016954	446	3365.9032258065
GLOBAL	II	1940001	1950000	0.010860441946549	7309	79.378970187325	620	7177.9130434783
GLOBAL	II	1950001	1960000	0.013345436189391	6273	83.715921216049	654	6164.4361851332
GLOBAL	II	1960001	1970000	0.015901124148557	5741	91.288353736864	707	5482.2636746143
GLOBAL	II	1970001	1980000	0.014416982112433	6323	91.158577896916	712	6175.0350631136
GLOBAL	II	1980001	1990000	0.01351019067949	6018	81.30432750917	626	5395.8653576438
GLOBAL	II	1990001	2000000	0.0130628386326	5726	74.797814010268	581	5376.7233146067
GLOBAL	II	2000001	2010000	0.011457679422379	3373	38.646752691685	298	2730.35302391
GLOBAL	II	2010001	2020000	0.011508476848528	7046	81.088727874729	634	6936.8667601683
GLOBAL	II	2020001	2030000	0.012052499370972	7836	94.443385070935	739	7739.1079943899
GLOBAL	II	2030001	2040000	0.011938261021331	6406	76.476500102647	598	6323.3043478261
GLOBAL	II	2040001	2050000	0.014873186728396	6755	100.46837635031	785	6644.4782608696
GLOBAL	II	2050001	2060000	0.015214850390876	4744	72.179250254315	562	4522.9186535764
GLOBAL	II	2060001	2070000	0.01410435201207	4680	66.00836741649	514	4463.6395511921
GLOBAL	II	2070001	2080000	0.013589700479534	5988	81.375126471453	635	5747.2762973352
GLOBAL	II	2080001	2090000	0.014687512422253	5878	86.333198018004	663	5372.4417952314
GLOBAL	II	2090001	2100000	0.014514527816777	5918	85.896975619689	671	5809.3197755961
GLOBAL	II	2100001	2110000	0.014842268154964	7147	106.07769050353	828	6950.3384831461
GLOBAL	II	2110001	2120000	0.013681562120069	5479	74.961278855856	582	5216.0883590463
GLOBAL	II	2120001	2130000	0.016568552155548	4700	77.872195131077	598	4179.0981767181
GLOBAL	II	2130001	2140000	0.015336831694893	5486	84.137858678181	657	5370.7265077139
GLOBAL	II	2140001	2150000	0.013139788253326	6233	81.900300182978	641	6165.6802244039
GLOBAL	II	2150001	2160000	0.016344280801067	4823	78.828466303548	612	4543.2005610098
GLOBAL	II	2160001	2170000	0.015423013528726	4948	76.313070940135	585	4174.7626404494
GLOBAL	II	2170001	2180000	0.010609563834644	3954	41.950215402181	316	2367.3394109397
GLOBAL	II	2180001	2190000	0.013968789061965	5779	80.725631989097	629	5269.3309957924
GLOBAL	II	2190001	2200000	0.017666503327599	4251	75.100305645625	579	3900.3029453015
GLOBAL	II	2200001	2210000	0.016862557673459	4398	74.161528647871	573	3905.1206171108
GLOBAL	II	2210001	2220000	0.011000952185565	5554	61.099288438627	469	4145.3408134642
GLOBAL	II	2220001	2230000	0.019934246876798	3558	70.926050387649	547	3194.4396067416
GLOBAL	II	2230001	2240000	0.01438333127324	5399	77.655605544224	606	5292.2454417952
GLOBAL	II	2240001	2250000	0.012825119872025	6854	87.903371602861	686	6721.9789621318
GLOBAL	II	2250001	2260000	0.015004414939586	5798	86.995597819719	678	5622.5525946704
GLOBAL	II	2260001	2270000	0.015701792658813	5386	84.569855260366	659	5235.698457223
GLOBAL	II	2270001	2280000	0.013465823590657	4663	62.791135403232	487	3995.9971949509
GLOBAL	II	2280001	2290000	0.013098746976633	4384	57.42490674556	436	3483.698457223
GLOBAL	II	2290001	2300000	0.013884137144765	6242	86.664784057624	672	5991.5189340813
GLOBAL	II	2300001	2310000	0.013413887209093	5834	78.256617977849	609	5685.8134642356
GLOBAL	II	2310001	2320000	0.013288376811365	5772	76.700510955199	598	5644.8120617111
GLOBAL	II	2320001	2330000	0.013342508713052	5271	70.328363426499	542	4614.8106591865
GLOBAL	II	2330001	2340000	0.0088242885676811	4649	41.024117551149	316	3575.5287517532
GLOBAL	II	2340001	2350000	0.011735250866965	6889	80.844143222524	631	6686.6928471248
GLOBAL	II	2350001	2360000	0.015155890444755	5525	83.736294707272	649	5230.6199158485
GLOBAL	II	2360001	2370000	0.012369700305322	7065	87.391932657098	684	6999.1612903226
GLOBAL	II	2370001	2380000	0.011602900256154	6600	76.57914169062	598	6327.9831697055
GLOBAL	II	2380001	2390000	0.013249769100999	7060	93.543369853055	731	6972.1037868163
GLOBAL	II	2390001	2400000	0.0110492607331	6594	72.858825274063	567	6408.347826087
GLOBAL	II	2400001	2410000	0.011034919767967	6925	76.416819393174	596	6839.144460028
GLOBAL	II	2410001	2420000	0.011546721031835	7821	90.306905189978	707	7758.2314165498
GLOBAL	II	2420001	2430000	0.010848515004591	7611	82.568047699939	646	7522.492286115
GLOBAL	II	2430001	2440000	0.011917682818756	7203	85.843069343499	670	6974.2300140252
GLOBAL	II	2440001	2450000	0.0085111385455009	3534	30.0783636198	231	2486.9046941679
GLOBAL	II	2450001	2460000	0.0097177015083188	6659	64.710174343895	505	6345.6409537167
GLOBAL	II	2460001	2470000	0.010606646876538	6874	72.91009062932	570	6778.1669004208
GLOBAL	II	2470001	2480000	0.010240857110145	4870	49.872974126405	389	4305.6367461431
GLOBAL	II	2480001	2490000	0.0099855853474806	5476	54.681065362804	424	4649.0518934081
GLOBAL	II	2490001	2500000	0.012522689611564	5235	65.556280116537	511	5022.7980364656
GLOBAL	II	2500001	2510000	0.01273452794096	5470	69.657867837052	544	5351.3211781206
GLOBAL	II	2510001	2520000	0.013183804871598	5130	67.6329189913	526	4951.9915848527
GLOBAL	II	2520001	2530000	0.013745086229197	4238	58.251675439337	451	3980.9859550562
GLOBAL	II	2530001	2540000	0.011055802722319	7149	79.037933661861	617	7023.2664796634
GLOBAL	II	2540001	2550000	0.010732424920306	7083	76.017765710526	594	6980.5301542777
GLOBAL	II	2550001	2560000	0.012262266089199	6467	79.300074798852	620	6359.3983169705
GLOBAL	II	2560001	2570000	0.011281588995287	7353	82.953523882343	649	7261.1164095372
GLOBAL	II	2570001	2580000	0.010066771078821	7555	76.054455500493	594	7390.729312763
GLOBAL	II	2580001	2590000	0.010722091227925	7327	78.560762427007	614	6843.3927068724
GLOBAL	II	2590001	2600000	0.01059918426935	6410	67.940771166535	531	6300.7040673212
GLOBAL	II	2600001	2610000	0.011424453935578	5847	66.798782161323	522	5729.0673211781
GLOBAL	II	2610001	2620000	0.0099571192553521	7556	75.23599309344	589	7493.6171107994
GLOBAL	II	2620001	2630000	0.012098239300694	6093	73.714572059126	575	5917.9775596073
GLOBAL	II	2630001	2640000	0.011551558123506	5856	67.645924371251	527	5646.9481065919
GLOBAL	II	2640001	2650000	0.010568212705946	6326	66.854513577814	522	6107.8120617111
GLOBAL	II	2650001	2660000	0.011012716066418	6549	72.122277518969	564	6457.3590462833
GLOBAL	II	2660001	2670000	0.0099040321280288	6824	67.585115241668	527	6225.3941093969
GLOBAL	II	2670001	2680000	0.010332582267053	6941	71.718453515614	561	6877.095371669
GLOBAL	II	2680001	2690000	0.008768530481602	7853	68.859269872021	539	7795.5343618513
GLOBAL	II	2690001	2700000	0.01248872806823	7250	90.54327849467	708	7174.7798036466
GLOBAL	II	2700001	2710000	0.010182629137933	7639	77.785103984667	609	7580.2131837307
GLOBAL	II	2710001	2720000	0.011000400627638	6698	73.680683403922	577	6649.4474053296
GLOBAL	II	2720001	2730000	0.010306647343171	7848	80.886568349205	633	7778.7419354839
GLOBAL	II	2730001	2740000	0.010344622056943	6013	62.202212428399	486	5907.507713885
GLOBAL	II	2740001	2750000	0.010497432370621	7359	77.250604815399	603	7157.3314606742
GLOBAL	II	2750001	2760000	0.010814867490766	6614	71.529533583924	558	6459.492286115
GLOBAL	II	2760001	2770000	0.010113880455119	7390	74.741576563329	585	7316.3842917251
GLOBAL	II	2770001	2780000	0.011543035584501	7276	83.987126912829	657	7199.4319775596
GLOBAL	II	2780001	2790000	0.0095830978722906	8192	78.504737769805	614	8073.412342216
GLOBAL	II	2790001	2800000	0.011927878867915	6123	73.034402308244	571	5885.3057503506
GLOBAL	II	2800001	2810000	0.010435331068688	5127	53.501942389162	396	3122.4824684432
GLOBAL	II	2810001	2820000	0.012299730133256	5488	67.50091897131	511	4009.0967741935
GLOBAL	II	2820001	2830000	0.012749651701547	6050	77.13539279436	598	5495.6016830295
GLOBAL	II	2830001	2840000	0.014126176914884	5798	81.903573752498	638	5643.159887798
GLOBAL	II	2840001	2850000	0.010832591634914	5322	57.65105268101	446	4784.7685834502
GLOBAL	II	2850001	2860000	0.01457996659304	5230	76.253225281597	584	4440.3924050633
GLOBAL	II	2860001	2870000	0.015452857624957	6799	105.06397899208	813	6350.8681626928
GLOBAL	II	2870001	2880000	0.0087700084595314	7918	69.440926982569	543	7845.3870967742
GLOBAL	II	2880001	2890000	0.011860376388415	6701	79.476382178771	621	6596.6956521739
GLOBAL	II	2890001	2900000	0.0092236022253615	6711	61.899594534401	483	6599.8274894811
GLOBAL	II	2900001	2910000	0.0092096104247604	6782	62.459577900725	489	6731.412342216
GLOBAL	II	2910001	2920000	0.011530639558545	6626	76.402017714919	596	6478.3309957924
GLOBAL	II	2920001	2930000	0.01110741151255	7174	79.684570191032	621	6973.0224403927
GLOBAL	II	2930001	2940000	0.0092394409753337	7766	71.753498614442	558	7545.0056100982
GLOBAL	II	2940001	2950000	0.0085018423257743	7986	67.895712813634	531	7766.4067321178
GLOBAL	II	2950001	2960000	0.01126985334557	7421	83.633581677474	654	7342.9326788219
GLOBAL	II	2960001	2970000	0.0094553346770244	6699	63.341287001386	488	5160.8877980365
GLOBAL	II	2970001	2980000	0.011301717732265	7615	86.062580531197	673	7548.9032258065
GLOBAL	II	2980001	2990000	0.011021453336638	7565	83.37729449167	651	7372.6297335203
GLOBAL	II	2990001	3000000	0.010181138458222	7365	74.984084744803	585	7079.4375876578
GLOBAL	II	3000001	3010000	0.0094937753407881	8256	78.380609213547	614	8218.4333800842
GLOBAL	II	3010001	3020000	0.0095126413989678	8248	78.460266258686	614	8180.5357643759
GLOBAL	II	3020001	3030000	0.0090689609249403	7765	70.420481582161	551	7715.7559607293
GLOBAL	II	3030001	3040000	0.010296634148988	6844	70.470164115675	551	6745.412342216
GLOBAL	II	3040001	3050000	0.010005797678073	7331	73.352502777951	574	7253.206171108
GLOBAL	II	3050001	3060000	0.0097431916555256	6750	65.766543674798	512	6480.5203366059
GLOBAL	II	3060001	3070000	0.0090549128617733	7478	67.71263838034	528	6793.412342216
GLOBAL	II	3070001	3080000	0.01017662746596	6785	69.04841735654	540	6689.0561009818
GLOBAL	II	3080001	3090000	0.0096994652803877	7780	75.461839881417	591	7737.1472650771
GLOBAL	II	3090001	3100000	0.0071439124541733	8382	59.880274190881	469	8346.1949509116
GLOBAL	II	3100001	3110000	0.0092347749905336	8074	74.561573273568	584	8026.6942496494
GLOBAL	II	3110001	3120000	0.0049903213865869	8900	44.413860340623	348	8868.237026648
GLOBAL	II	3120001	3130000	0.0082462416444999	8251	68.039739808769	532	8137.7910238429
GLOBAL	II	3130001	3140000	0.0076904853494783	8718	67.045651276752	525	8667.6311360449
GLOBAL	II	3140001	3150000	0.007032412022058	8659	60.893655699	477	8624.8807854137
GLOBAL	II	3150001	3160000	0.0078063821396272	7753	60.52288072853	474	7705.3772791024
GLOBAL	II	3160001	3170000	0.010655736231281	6961	74.174579905948	580	6837.4516129032
GLOBAL	II	3170001	3180000	0.0069996118287346	7326	51.279156257309	401	7241.618513324
GLOBAL	II	3180001	3190000	0.0060624514092198	8340	50.560844752893	396	8290.3183730715
GLOBAL	II	3190001	3200000	0.0085866002506525	7034	60.39814616309	472	6919.4039270687
GLOBAL	II	3200001	3210000	0.0083028233057365	8230	68.332235806211	535	8172.4628330996
GLOBAL	II	3210001	3220000	0.0093611147038351	7774	72.773305707614	570	7731.4053295933
GLOBAL	II	3220001	3230000	0.0083260361194171	7282	60.630195021595	474	7207.5105189341
GLOBAL	II	3230001	3240000	0.0080611607784671	8571	69.092209032241	541	8527.2678821879
GLOBAL	II	3240001	3250000	0.0063204741728888	9086	57.427828334868	450	9061.8387096774
GLOBAL	II	3250001	3260000	0.010079655331691	8443	85.102529965463	666	8380.4179523142
GLOBAL	II	3260001	3270000	0.009331385993818	7405	69.098913284222	541	7341.5091164095
GLOBAL	II	3270001	3280000	0.0070913096115808	7555	53.574844115493	419	7467.8681626928
GLOBAL	II	3280001	3290000	0.0098868278974642	7979	78.886999793867	618	7941.3253856942
GLOBAL	II	3290001	3300000	0.010346639852309	7317	75.706363799344	592	7230.0925666199
GLOBAL	II	3300001	3310000	0.0096504186580721	7120	68.710980845474	538	7062.8345021038
GLOBAL	II	3310001	3320000	0.0077290053491392	7947	61.422405509609	480	7839.0743338008
GLOBAL	II	3320001	3330000	0.006831955382895	8891	60.742915309319	475	8838.6423562412
GLOBAL	II	3330001	3340000	0.010867946068216	6496	70.598177659129	552	6383.7377279102
GLOBAL	II	3340001	3350000	0.0085478565443989	7716	65.955261096582	516	7624.840112202
GLOBAL	II	3350001	3360000	0.0069810201776281	7793	54.403090244256	425	7670.7194950912
GLOBAL	II	3360001	3370000	0.010227033596543	7552	77.234557721092	604	7467.5483870968
GLOBAL	II	3370001	3380000	0.0091354747566219	7023	64.158439215756	501	6921.3352033661
GLOBAL	II	3380001	3390000	0.0085853586261266	7322	62.861995860499	492	7266.2440392707
GLOBAL	II	3390001	3400000	0.0093076579672897	6781	63.115228676191	493	6412.2089761571
GLOBAL	II	3400001	3410000	0.0073343244578068	7765	56.95102941487	444	7576.5063113604
GLOBAL	II	3410001	3420000	0.0068245831239984	8550	58.350185710186	457	8491.3899018233
GLOBAL	II	3420001	3430000	0.0096463694588259	6299	60.762481221144	470	5976.7657784011
GLOBAL	II	3430001	3440000	0.011001923048121	5940	65.351422905839	510	5825.4642356241
GLOBAL	II	3440001	3450000	0.0090251406236501	7480	67.508051864903	524	7283.3211781206
GLOBAL	II	3450001	3460000	0.0094546609043533	7157	67.667008092456	529	7061.7166900421
GLOBAL	II	3460001	3470000	0.0080432474988565	6465	51.999595080107	404	5731.9158485273
GLOBAL	II	3470001	3480000	0.01003528767652	7092	71.170260201881	557	6978.6241234222
GLOBAL	II	3480001	3490000	0.011588341822575	6293	72.925435089464	570	6173.9116409537
GLOBAL	II	3490001	3500000	0.0072303167195214	8203	59.310288050234	464	8109.6591865358
GLOBAL	II	3500001	3510000	0.0084871529343266	6801	57.721127106355	449	6104.5413744741
GLOBAL	II	3510001	3520000	0.011166724753873	5433	60.668815587792	473	5240.3581460674
GLOBAL	II	3520001	3530000	0.0089678885079553	6680	59.905495233142	468	6540.0603085554
GLOBAL	II	3530001	3540000	0.0088389511997604	6003	53.060224052162	413	5375.126227209
GLOBAL	II	3540001	3550000	0.0093695027356481	7624	71.433088856581	559	7541.2328190743
GLOBAL	II	3550001	3560000	0.0097325843099493	7917	77.052869981869	602	7842.2145862553
GLOBAL	II	3560001	3570000	0.0094601685630773	7709	72.928439452763	569	7536.5946704067
GLOBAL	II	3570001	3580000	0.0080176965047371	8157	65.400350389141	512	8050.1991584853
GLOBAL	II	3580001	3590000	0.011047365117958	6530	72.139294220268	563	6440.7251051893
GLOBAL	II	3590001	3600000	0.0096228435652153	7128	68.591628932854	535	6902.3141654979
GLOBAL	II	3600001	3610000	0.0061970258426365	9041	56.027310643277	439	9008.7545582048
GLOBAL	II	3610001	3620000	0.0060951027426728	8315	50.680779305324	397	8281.6002805049
GLOBAL	II	3620001	3630000	0.0091428577918657	7479	68.379433425364	535	7405.5203366059
GLOBAL	II	3630001	3640000	0.0086081607303586	7839	67.479371965281	528	7771.2258064516
GLOBAL	II	3640001	3650000	0.0080410417722472	8273	66.523538581801	521	8238.110799439
GLOBAL	II	3650001	3660000	0.0092008548797509	7386	67.95751414184	532	7315.8387096774
GLOBAL	II	3660001	3670000	0.0064884285960553	7864	51.025002479379	399	7409.1037868163
GLOBAL	II	3670001	3680000	0.0083742144796677	7898	66.139545960415	518	7844.079943899
GLOBAL	II	3680001	3690000	0.0084869577449989	8069	68.481262044396	536	7997.3884992987
GLOBAL	II	3690001	3700000	0.0085700563756664	7898	67.686305255013	530	7841.6451612903
GLOBAL	II	3700001	3710000	0.0088646040252682	8482	75.189571342325	589	8441.01542777
GLOBAL	II	3710001	3720000	0.010260177944933	8025	82.33792800809	644	7920.824684432
GLOBAL	II	3720001	3730000	0.0096781370054688	7901	76.466960480209	598	7725.2791023843
GLOBAL	II	3730001	3740000	0.0084741980306702	7090	60.082064037452	470	7009.3927068724
GLOBAL	II	3740001	3750000	0.0065362785495988	7016	45.858530303985	356	6269.5007012623
GLOBAL	II	3750001	3760000	0.012144724140406	4642	56.375809459764	433	3987.0925666199
GLOBAL	II	3760001	3770000	0.0096643768897462	7089	68.510767771411	536	6997.4586255259
GLOBAL	II	3770001	3780000	0.0083968552429115	7877	66.142028748414	518	7831.0546984572
GLOBAL	II	3780001	3790000	0.006441229677432	9016	58.074126771727	455	8972.1711079944
GLOBAL	II	3790001	3800000	0.0094972326994044	7812	74.192381847747	581	7758.4600280505
GLOBAL	II	3800001	3810000	0.0087990312386964	7717	67.90212406902	531	7616.5988779804
GLOBAL	II	3810001	3820000	0.0085102174851494	7296	62.09054677165	486	7178.4474053296
GLOBAL	II	3820001	3830000	0.009434575543607	8107	76.486103932022	599	8051.3422159888
GLOBAL	II	3830001	3840000	0.010378372076613	6803	70.604065237198	551	6540.9242636746
GLOBAL	II	3840001	3850000	0.010719763882272	6603	70.782600914644	552	6373.7643758766
GLOBAL	II	3850001	3860000	0.0089390379326282	8058	72.030767661118	564	7997.5610098177
GLOBAL	II	3860001	3870000	0.0079722973249547	7977	63.595015761164	498	7919.2440392707
GLOBAL	II	3870001	3880000	0.0079609497775434	8066	64.213020905665	502	7900.7082748948
GLOBAL	II	3880001	3890000	0.0098565903130043	4615	45.488164294515	352	4286.7377279102
GLOBAL	II	3890001	3900000	0.009067762845527	7906	71.689733056736	561	7829.332398317
GLOBAL	II	3900001	3910000	0.0099352371645939	7285	72.378202744067	565	7118.1654978962
GLOBAL	II	3910001	3920000	0.0089637819666363	7009	62.827147804154	491	6903.7026647966
GLOBAL	II	3920001	3930000	0.0075857090363975	8498	64.463355391306	505	8457.6900420757
GLOBAL	II	3930001	3940000	0.0096976588827134	7150	69.338261011401	541	6990.5778401122
GLOBAL	II	3940001	3950000	0.010011321151901	6531	65.383938443068	511	6396.8835904628
GLOBAL	II	3950001	3960000	0.0091520367203335	7122	65.180805522215	510	7042.7699859748
GLOBAL	II	3960001	3970000	0.0066759206346427	7748	51.725033077212	405	7613.8415147265
GLOBAL	II	3970001	3980000	0.01049095587074	6321	66.31333205895	519	6238.5455820477
GLOBAL	II	3980001	3990000	0.0090462122379148	7499	67.837545572123	530	7379.6381486676
GLOBAL	II	3990001	4000000	0.01036198500938	7131	73.891315101888	577	6906.8527349229
GLOBAL	II	4000001	4010000	0.010337804002963	5571	57.591906100508	439	5320.587657784
GLOBAL	II	4010001	4020000	0.0085011745898687	7555	64.226374026458	501	7322.7615708275
GLOBAL	II	4020001	4030000	0.0077077716376682	7938	61.18429125981	479	7880.366058906
GLOBAL	II	4030001	4040000	0.011045231405301	6485	71.628325663377	558	6166.6423562412
GLOBAL	II	4040001	4050000	0.010070664893921	5319	53.565866570764	412	4487.9985974755
GLOBAL	II	4050001	4060000	0.008749591097797	6188	54.142469713168	419	5231.3099579243
GLOBAL	II	4060001	4070000	0.0096343003261672	7463	71.900783334186	562	7316.350631136
GLOBAL	II	4070001	4080000	0.0098510789743175	7132	70.257895244832	549	7026.5049088359
GLOBAL	II	4080001	4090000	0.010480008572156	7473	78.317104059719	613	7397.2342215989
GLOBAL	II	4090001	4100000	0.0091699581157739	7207	66.087888140382	517	7125.5091164095
GLOBAL	II	4100001	4110000	0.010783747457118	6757	72.865781567746	569	6599.347826087
GLOBAL	II	4110001	4120000	0.0089363243093427	7470	66.75434259079	521	7289.4137447405
GLOBAL	II	4120001	4130000	0.011265778242127	6693	75.401853774557	590	6624.0182328191
GLOBAL	II	4130001	4140000	0.011425715150134	5443	62.190167562178	484	5057.1444600281
GLOBAL	II	4140001	4150000	0.0085452525264638	5203	44.460948895191	346	4200.2875175316
GLOBAL	II	4150001	4160000	0.0084534644396222	7454	63.012123932944	493	7385.6900420757
GLOBAL	II	4160001	4170000	0.0076573154532125	7562	57.904619457193	453	7469.2608695652
GLOBAL	II	4170001	4180000	0.0091706628951462	6521	59.801892739248	467	6383.5455820477
GLOBAL	II	4180001	4190000	0.0089432755187309	7671	68.603866504185	537	7607.2398316971
GLOBAL	II	4190001	4200000	0.0084555941632016	6581	55.64626518803	433	6177.9453015428
GLOBAL	II	4200001	4210000	0.0077858040627558	619	4.8194127148458	34	222.72011251758
GLOBAL	II	4210001	4220000	0.0089338658074155	5529	49.3953440492	381	4490.4067321178
GLOBAL	II	4220001	4230000	0.0096155557415569	7179	69.030074668637	540	7124.04628331
GLOBAL	II	4230001	4240000	0.0094305136930421	7881	74.321878414865	582	7831.396914446
GLOBAL	II	4240001	4250000	0.0093932236585208	7098	66.673101528181	521	6981.4193548387
GLOBAL	II	4250001	4260000	0.008638151474023	7745	66.902483166308	524	7711.1865357644
GLOBAL	II	4260001	4270000	0.010161403864075	7839	79.655244890486	624	7800.0715287518
GLOBAL	II	4270001	4280000	0.0098100294963504	7142	70.063230662935	547	7035.5315568022
GLOBAL	II	4280001	4290000	0.010378689250726	6932	71.945073886033	563	6859.1626928471
GLOBAL	II	4290001	4300000	0.010777616665112	5139	55.38617204201	425	4488.9761570827
GLOBAL	II	4300001	4310000	0.011059012432502	5063	55.991779945758	436	4790.3141654979
GLOBAL	II	4310001	4320000	0.0097551969030494	7239	70.617870381175	552	7119.5582047686
GLOBAL	II	4320001	4330000	0.012590855493718	6890	86.750994351718	679	6814.9340813464
GLOBAL	II	4330001	4340000	0.0087682081237622	8303	72.802432051598	570	8250.9032258065
GLOBAL	II	4340001	4350000	0.010538982375707	7512	79.168835606312	620	7471.03085554
GLOBAL	II	4350001	4360000	0.010389441884435	7726	80.268827999145	628	7663.3309957924
GLOBAL	II	4360001	4370000	0.012204956261053	6115	74.63330753634	583	6034.2510518934
GLOBAL	II	4370001	4380000	0.010363105080835	7312	75.775024351068	591	7196.9859747546
GLOBAL	II	4380001	4390000	0.011193411464035	6717	75.186144803922	582	6107.4712482468
GLOBAL	II	4390001	4400000	0.0087158214788408	8246	71.870663914522	563	8202.2356241234
GLOBAL	II	4400001	4410000	0.0096700159601849	8184	79.139410618153	620	8149.8176718093
GLOBAL	II	4410001	4420000	0.009033600520896	7596	68.619229556726	536	7495.1009817672
GLOBAL	II	4420001	4430000	0.0087554760682673	7618	66.69921668806	522	7552.0406732118
GLOBAL	II	4430001	4440000	0.01055973061161	6818	71.996243309957	563	6739.6718092567
GLOBAL	II	4440001	4450000	0.009703406665942	7343	71.252115148012	557	7235.6802244039
GLOBAL	II	4450001	4460000	0.0091789703435358	7642	70.1456913653	549	7575.9733520337
GLOBAL	II	4460001	4470000	0.0088706861458204	7948	70.50421348698	552	7886.6872370266
GLOBAL	II	4470001	4480000	0.0078913886122383	8008	63.194240006804	495	7968.4011220196
GLOBAL	II	4480001	4490000	0.0076316282037339	7874	60.0914404762	470	7795.8863955119
GLOBAL	II	4490001	4500000	0.009888732482546	6470	63.980099162072	497	6207.1023842917
GLOBAL	II	4500001	4510000	0.0093920309437672	7798	73.239057299497	573	7676.0673211781
GLOBAL	II	4510001	4520000	0.0075892155312821	7016	53.245936167475	416	6906.649368864
GLOBAL	II	4520001	4530000	0.0086323421770428	8503	73.400805531395	575	8457.5301542777
GLOBAL	II	4530001	4540000	0.010031812510424	8197	82.230767147947	644	8148.8555399719
GLOBAL	II	4540001	4550000	0.009074700554199	8480	76.953460699608	603	8449.7194950912
GLOBAL	II	4550001	4560000	0.0064202990215578	8494	54.534019889112	427	8464.8849929874
GLOBAL	II	4560001	4570000	0.0093601022528196	7620	71.323979166485	557	7413.6998597475
GLOBAL	II	4570001	4580000	0.0080731418346804	7654	61.791827602644	483	7593.3422159888
GLOBAL	II	4580001	4590000	0.0094292535548906	7646	72.096072680693	564	7563.1402524544
GLOBAL	II	4590001	4600000	0.0099915169366784	6166	61.607693431559	480	5859.1500701262
GLOBAL	II	4600001	4610000	0.010318997681523	6844	70.623220132345	551	6694.729312763
GLOBAL	II	4610001	4620000	0.0068862411156097	6314	43.47972640396	338	5247.3001402525
GLOBAL	II	4620001	4630000	0.0084451960331105	7924	66.919733366367	519	7033.4235624123
GLOBAL	II	4630001	4640000	0.009888536349466	7843	77.555790588861	605	7636.507713885
GLOBAL	II	4640001	4650000	0.012527521556279	6825	85.500334621608	669	6746.7517531557
GLOBAL	II	4650001	4660000	0.012434614067015	7693	95.659486017548	749	7640.2720897616
GLOBAL	II	4660001	4670000	0.0098685934546571	6709	66.208393487294	515	5840.603085554
GLOBAL	II	4670001	4680000	0.0090096051183613	8067	72.68048448982	569	8005.4081346424
GLOBAL	II	4680001	4690000	0.013305704560878	6229	82.881233709707	647	6082.3590462833
GLOBAL	II	4690001	4700000	0.010428635825974	7604	79.299346820707	621	7555
GLOBAL	II	4700001	4710000	0.0076692025558134	8049	61.729411371742	482	7934.5666199158
GLOBAL	II	4710001	4720000	0.011048746454777	7011	77.462761394444	606	6934.7573632539
GLOBAL	II	4720001	4730000	0.0098224805626696	6832	67.107187204159	523	6703.4712482468
GLOBAL	II	4730001	4740000	0.01095713299481	6998	76.678016697681	600	6927.9004207574
GLOBAL	II	4740001	4750000	0.010125769341241	7478	75.720503133802	592	7352.4936886396
GLOBAL	II	4750001	4760000	0.0087891839147604	8193	72.009783813632	564	8142.3744740533
GLOBAL	II	4760001	4770000	0.008217286944138	8381	68.869081878821	539	8326.8359046283
GLOBAL	II	4770001	4780000	0.012231742007281	7979	97.597069476093	761	7890.350631136
GLOBAL	II	4780001	4790000	0.009033014220561	7541	68.117960237251	533	7433.6115007013
GLOBAL	II	4790001	4800000	0.010038959134888	6612	66.37759779988	516	6293.4502103787
GLOBAL	II	4800001	4810000	0.0099876360603749	7803	77.933524179106	610	7725.0378681627
GLOBAL	II	4810001	4820000	0.011119665691215	7880	87.622965646777	684	7787.110799439
GLOBAL	II	4820001	4830000	0.0083185608116022	8204	68.245472898384	534	8150.8877980365
GLOBAL	II	4830001	4840000	0.0092822828142593	6680	62.005649199252	485	6617.1346423562
GLOBAL	II	4840001	4850000	0.0090774808601998	7933	72.011655663965	562	7785.7727910238
GLOBAL	II	4850001	4860000	0.0099919681051716	7709	77.028082122768	601	7587.4656381487
GLOBAL	II	4860001	4870000	0.0090026516211071	8259	74.352899738724	582	8210.4516129032
GLOBAL	II	4870001	4880000	0.010645285755142	7091	75.485721289712	590	6978.5610098177
GLOBAL	II	4880001	4890000	0.008512537455707	6728	57.272352001997	444	6180.9424964937
GLOBAL	II	4890001	4900000	0.0066147179739073	9089	60.121171664843	471	9048.1697054698
GLOBAL	II	4900001	4910000	0.0071965451211406	8922	64.207575570817	503	8881.4151472651
GLOBAL	II	4910001	4920000	0.0095255255322986	5996	57.115051091663	427	4776.4109396914
GLOBAL	II	4920001	4930000	0.012564043472814	6625	83.236788007393	645	6202.5469845722
GLOBAL	II	4930001	4940000	0.010977116531477	6513	71.493959969507	550	5855.8176718093
GLOBAL	II	4940001	4950000	0.011281741676307	7276	82.085952436811	640	7034.8821879383
GLOBAL	II	4950001	4960000	0.0093284242367356	8025	74.860604499803	586	7974.4403927069
GLOBAL	II	4960001	4970000	0.0097581602165679	7783	75.947760965548	595	7751.7517531557
GLOBAL	II	4970001	4980000	0.0063900381984482	8558	54.68594690232	428	8505.04628331
GLOBAL	II	4980001	4990000	0.0081445400998777	8605	70.083767559448	549	8570.5119214586
GLOBAL	II	4990001	5000000	0.0068047031671269	8216	55.907441221115	438	8176.5960729313
GLOBAL	II	5000001	5010000	0.0078266560825435	7559	59.161693327946	463	7510.4796633941
GLOBAL	II	5010001	5020000	0.0086831439581324	7946	68.99626189132	537	7440.6886395512
GLOBAL	II	5020001	5030000	0.0078524078929957	8831	69.344614103045	543	8793.6535764376
GLOBAL	II	5030001	5040000	0.009174509106417	7312	67.084010586121	524	7186.5708274895
GLOBAL	II	5040001	5050000	0.0088457898664104	7456	65.954209243956	513	6732.3941093969
GLOBAL	II	5050001	5060000	0.0054380197256468	6948	37.783361053794	287	4930.4544179523
GLOBAL	II	5060001	5070000	0.0071115470556147	6462	45.954817073382	333	3183.0761636107
GLOBAL	II	5070001	5080000	0.0070350475703508	7469	52.54477030295	406	6121.347826087
GLOBAL	II	5080001	5090000	0.0080815364784705	7868	63.585529012606	486	6561.0126227209
GLOBAL	II	5090001	5100000	0.0072711039387553	8846	64.320185442229	504	8823.6241234222
GLOBAL	II	5100001	5110000	0.010127992679328	8111	82.148148622029	643	8049.9158485273
GLOBAL	II	5110001	5120000	0.0089188045954547	7373	65.758346282288	514	7303.5105189341
GLOBAL	II	5120001	5130000	0.0089687904330339	7792	69.8848150542	547	7725.8106591865
GLOBAL	II	5130001	5140000	0.0073451614174381	8065	59.238726831638	464	8012.6619915849
GLOBAL	II	5140001	5150000	0.0065408574682413	8607	56.297160229153	441	8573.8695652174
GLOBAL	II	5150001	5160000	0.0068676646240132	8424	57.853206792687	453	8370.8695652174
GLOBAL	II	5160001	5170000	0.0080555427572036	8084	65.121007649234	510	8045.2384291725
GLOBAL	II	5170001	5180000	0.0077705266564963	8187	63.617301736735	498	8130.3464235624
GLOBAL	II	5180001	5190000	0.0089004986931948	8096	72.058437420105	564	8021.8190743338
GLOBAL	II	5190001	5200000	0.0075391067166187	6746	50.85881391031	396	5838.4474053296
GLOBAL	II	5200001	5210000	0.009001004504384	8227	74.051264057567	580	8002.5792426367
GLOBAL	II	5210001	5220000	0.0081386357876058	8080	65.760177163855	515	8030.6914446003
GLOBAL	II	5220001	5230000	0.0073616288217621	8497	62.551760098513	490	8460.3155680224
GLOBAL	II	5230001	5240000	0.0074326839002343	8478	63.014294106186	493	8418.5259467041
GLOBAL	II	5240001	5250000	0.0072040799265288	8150	58.71325140121	460	8117.9719495091
GLOBAL	II	5250001	5260000	0.0066000335829183	8529	56.29168642871	441	8489.2117812062
GLOBAL	II	5260001	5270000	0.008192895767198	8008	65.608709303722	514	7972.8625525947
GLOBAL	II	5270001	5280000	0.008325834337751	7226	60.162478924589	471	6815.3927068724
GLOBAL	II	5280001	5290000	0.009234274322319	7663	70.762244131931	554	7610.0743338008
GLOBAL	II	5290001	5300000	0.007888269310386	8424	66.450780670692	520	8336.5666199158
GLOBAL	II	5300001	5310000	0.0076364365339949	7948	60.694397572192	475	7894.9284712482
GLOBAL	II	5310001	5320000	0.0061162160689957	8100	49.541350158866	388	8060.9102384292
GLOBAL	II	5320001	5330000	0.0058300909672804	8714	50.803412688881	398	8674.7068723703
GLOBAL	II	5330001	5340000	0.0075784068856067	8420	63.810185976808	500	8392.2580645161
GLOBAL	II	5340001	5350000	0.0087730288430037	8363	73.36884021404	574	8291.4684431978
GLOBAL	II	5350001	5360000	0.0084871032427327	7523	63.848477695078	500	7474.3590462833
GLOBAL	II	5360001	5370000	0.0082704253447845	7840	64.84013470311	507	7396.4642356241
GLOBAL	II	5370001	5380000	0.007356177066046	8070	59.364348922991	465	8038.6199158485
GLOBAL	II	5380001	5390000	0.0051694079856866	7582	39.194451347476	307	7548.5105189341
GLOBAL	II	5390001	5400000	0.006070148434257	9020	54.752738876999	429	8989.7545582048
GLOBAL	II	5400001	5410000	0.0075346584627957	8388	63.20071518593	495	8337.7349228612
GLOBAL	II	5410001	5420000	0.0080097235216299	8098	64.862741078159	508	8044.0252454418
GLOBAL	II	5420001	5430000	0.0065016671293169	7618	49.529700191136	388	7579.1921458626
GLOBAL	II	5430001	5440000	0.0068417003211406	8305	56.820321167073	444	8162.572230014
GLOBAL	II	5440001	5450000	0.0067759086744535	8418	57.03959922155	447	8395.95371669
GLOBAL	II	5450001	5460000	0.0053722157452766	9169	49.257846168441	386	9144.0617110799
GLOBAL	II	5460001	5470000	0.0061650340561603	7923	48.845564826958	382	7848.2678821879
GLOBAL	II	5470001	5480000	0.0075142873141616	8872	66.666757051241	522	8818.6479663394
GLOBAL	II	5480001	5490000	0.0064669894987931	8606	55.654911626613	436	8569.1893408135
GLOBAL	II	5490001	5500000	0.0068901255645488	7986	55.024542758487	431	7952.255259467
GLOBAL	II	5500001	5510000	0.0062521758980559	8251	51.586703334859	404	8204.0196353436
GLOBAL	II	5510001	5520000	0.0051068673267429	8747	44.66976850702	350	8717.6016830295
GLOBAL	II	5520001	5530000	0.0052544884119895	9422	49.507789817765	388	9401.5652173913
GLOBAL	II	5530001	5540000	0.0064323307926186	8771	56.417973382058	442	8736.96914446
GLOBAL	II	5540001	5550000	0.0076791112394085	8054	61.847561922196	484	7981.9116409537
GLOBAL	II	5550001	5560000	0.0052999674909502	8960	47.487708718914	372	8919.4235624123
GLOBAL	II	5560001	5570000	0.005000393804506	5480	27.402158048693	211	3467.5708274895
GLOBAL	II	5570001	5580000	0.0063960797473946	8243	52.722885357774	412	8147.5161290323
GLOBAL	II	5580001	5590000	0.0049485171922551	8927	44.175412975261	346	8883.7840112202
GLOBAL	II	5590001	5600000	0.0055538083856307	8687	48.245933445973	378	8655.4263674614
GLOBAL	II	5600001	5610000	0.0042426696404919	9205	39.053774040728	306	9178.9186535764
GLOBAL	II	5610001	5620000	0.0066630905169412	7995	53.271408682945	417	7925.5371669004
GLOBAL	II	5620001	5630000	0.006001888710289	8805	52.846630094094	414	8772.2889200561
GLOBAL	II	5630001	5640000	0.0066100884069661	8438	55.77592597798	437	8408.4081346424
GLOBAL	II	5640001	5650000	0.0058933985244396	8729	51.443475719833	403	8678.572230014
GLOBAL	II	5650001	5660000	0.0057542134525	8531	49.089194963278	383	8165.8751753156
GLOBAL	II	5660001	5670000	0.0057830686141182	8238	47.640919243106	373	8182.2314165498
GLOBAL	II	5670001	5680000	0.0063500956828671	8251	52.394639479336	410	8078.9270687237
GLOBAL	II	5680001	5690000	0.0073067406940711	8440	61.66889145796	483	8395.3211781206
GLOBAL	II	5690001	5700000	0.006413514542311	8266	53.014111206742	415	8218.2987377279
GLOBAL	II	5700001	5710000	0.0068890321566149	8406	57.909204308505	451	8294.4165497896
GLOBAL	II	5710001	5720000	0.0070047904945826	8079	56.591702405733	443	7993.2538569425
GLOBAL	II	5720001	5730000	0.0076450915458985	8237	62.972619063566	493	8169.0869565217
GLOBAL	II	5730001	5740000	0.0066214878356092	7532	49.873046377808	390	6884.5862552595
GLOBAL	II	5740001	5750000	0.0065892412343431	8485	55.909711873401	438	8448.4894810659
GLOBAL	II	5750001	5760000	0.0070923840128594	8191	58.093717449332	455	8157.1767180926
GLOBAL	II	5760001	5770000	0.0058951266078183	6416	37.823132315762	295	5669.4964936886
GLOBAL	II	5770001	5780000	0.0078270041551415	7780	60.894092327	476	7707.3141654979
GLOBAL	II	5780001	5790000	0.0056671075856428	8562	48.521775148273	380	8506.6002805049
GLOBAL	II	5790001	5800000	0.00499657984677	8458	42.26107234398	330	8046.1346423562
GLOBAL	II	5800001	5810000	0.0074194777090468	8622	63.970736807401	501	8573.6311360449
GLOBAL	II	5810001	5820000	0.0077130865503822	8260	63.710094906157	498	8113.1458625526
GLOBAL	II	5820001	5830000	0.0068616698378547	8892	61.013968198204	478	8852.9438990182
GLOBAL	II	5830001	5840000	0.0067757335601882	8074	54.70727276496	428	7991.3576437588
GLOBAL	II	5840001	5850000	0.0047288280144833	9606	45.425121907126	356	9586.3828892006
GLOBAL	II	5850001	5860000	0.0046520263837661	9218	42.882379205556	336	9184.1374474053
GLOBAL	II	5860001	5870000	0.0074116294720702	8028	59.500561401779	466	7973.1192145863
GLOBAL	II	5870001	5880000	0.0065700457567473	8879	58.335436274159	457	8835.4894810659
GLOBAL	II	5880001	5890000	0.0069391978703438	8553	59.350959385051	464	8436.0743338008
GLOBAL	II	5890001	5900000	0.0074716582734934	6768	50.568183195003	396	6673.0182328191
GLOBAL	II	5900001	5910000	0.0059076969472328	9181	54.238565672544	425	9150.8779803647
GLOBAL	II	5910001	5920000	0.0056664372219131	8524	48.300710879587	377	7906.4656381487
GLOBAL	II	5920001	5930000	0.006107103223909	8763	53.516545551115	418	8610.6802244039
GLOBAL	II	5930001	5940000	0.0071627622309297	7917	56.707588582271	444	7866.4361851332
GLOBAL	II	5940001	5950000	0.006607686309165	8751	57.823862891503	453	8716.3702664797
GLOBAL	II	5950001	5960000	0.00599572139661	8663	51.940934458833	407	8636.412342216
GLOBAL	II	5960001	5970000	0.0065292799217982	8894	58.071415624473	455	8852.5329593268
GLOBAL	II	5970001	5980000	0.0068536245208298	8423	57.72807933895	452	8349.1781206171
GLOBAL	II	5980001	5990000	0.0057921244189119	8315	48.161514543252	377	8261.7054698457
GLOBAL	II	5990001	6000000	0.0069655375603142	8525	59.381207701679	465	8486.8751753156
GLOBAL	II	6000001	6010000	0.0062934392206002	7934	49.932146776242	391	7875.3141654979
GLOBAL	II	6010001	6020000	0.0063933390013727	8138	52.028992793171	407	8075.8373071529
GLOBAL	II	6020001	6030000	0.0063976617556506	8997	57.559762815589	451	8963.6704067321
GLOBAL	II	6030001	6040000	0.0068050108205536	8520	57.978692191117	454	8468.8162692847
GLOBAL	II	6040001	6050000	0.0067695857476828	8119	54.962266685436	430	7972.3408134642
GLOBAL	II	6050001	6060000	0.0068387137029868	8633	59.038615397885	462	8572.4474053296
GLOBAL	II	6060001	6070000	0.007643939384502	8386	64.102075678434	502	8349.4964936886
GLOBAL	II	6070001	6080000	0.0064614363703321	8117	52.447479017986	409	7333.8429172511
GLOBAL	II	6080001	6090000	0.0067120455861508	8881	59.609676850605	467	8840.0252454418
GLOBAL	II	6090001	6100000	0.0055463596018379	9110	50.527335972744	396	9092.1879382889
GLOBAL	II	6100001	6110000	0.0058597030321373	9019	52.848661646847	414	8990.1542776999
GLOBAL	II	6110001	6120000	0.0063028005371671	8559	53.945669797613	422	8472.1220196353
GLOBAL	II	6120001	6130000	0.0065822064328146	8143	53.598906982409	420	8117.8134642356
GLOBAL	II	6130001	6140000	0.0063341247919768	8788	55.664288671892	436	8748.5329593268
GLOBAL	II	6140001	6150000	0.0057547254158544	8605	49.519412203427	388	8576.1711079944
GLOBAL	II	6150001	6160000	0.005554724952364	8318	46.204202153764	362	8267.5736325386
GLOBAL	II	6160001	6170000	0.0061021256987945	8767	53.497336001332	419	8723.0322580645
GLOBAL	II	6170001	6180000	0.0046500357410925	9658	44.910045187471	352	9644.4319775596
GLOBAL	II	6180001	6190000	0.0071656933887762	8955	64.168784296491	502	8875.3394109397
GLOBAL	II	6190001	6200000	0.0049045727913953	9184	45.043596516175	353	9163.286115007
GLOBAL	II	6200001	6210000	0.0063262335260166	8676	54.88640207172	430	8654.5848527349
GLOBAL	II	6210001	6220000	0.0064643685169633	8735	56.466258995675	442	8689.3001402525
GLOBAL	II	6220001	6230000	0.0061139601546648	8839	54.041293807082	423	8796.0028050491
GLOBAL	II	6230001	6240000	0.005291722436674	9121	48.265800344904	378	9073.1669004208
GLOBAL	II	6240001	6250000	0.0060459391146551	8761	52.968472583493	415	8737.1865357644
GLOBAL	II	6250001	6260000	0.0048848373270794	9638	47.080062158392	369	9625.1584852735
GLOBAL	II	6260001	6270000	0.0064944391759765	8989	58.378513752853	457	8940.5792426367
GLOBAL	II	6270001	6280000	0.0075335502781703	8624	64.96933759894	509	8594.9060308555
GLOBAL	II	6280001	6290000	0.0051056236775838	9122	46.57349918692	365	9103.6297335203
GLOBAL	II	6290001	6300000	0.0057078533351149	9612	54.863886257125	430	9597.1865357644
GLOBAL	II	6300001	6310000	0.0057103979543124	9317	53.203777740329	417	9303.8990182328
GLOBAL	II	6310001	6320000	0.0059614960431259	7296	43.495075130647	338	6804.0813464236
GLOBAL	II	6320001	6330000	0.0076490089549759	8150	62.339422983053	484	7717.0098176718
GLOBAL	II	6330001	6340000	0.0067637611261161	8522	57.640772316762	451	8416.4530154278
GLOBAL	II	6340001	6350000	0.005503790700139	8752	48.169176207617	377	8705.7223001403
GLOBAL	II	6350001	6360000	0.0056114900662298	9142	51.300242185473	402	9115.3492286115
GLOBAL	II	6360001	6370000	0.006239843730972	8739	54.529994364965	427	8698.6788218794
GLOBAL	II	6370001	6380000	0.0075629784028938	8285	62.659276067975	491	8259.7685834502
GLOBAL	II	6380001	6390000	0.0054095746842771	8917	48.237177459699	378	8891.8863955119
GLOBAL	II	6390001	6400000	0.006543485073788	7988	52.269358769419	409	7606.5161290323
GLOBAL	II	6400001	6410000	0.0068738474120666	6956	47.814482598335	371	6239.0098176718
GLOBAL	II	6410001	6420000	0.007143548468225	8772	62.66320716327	490	8712.6283309958
GLOBAL	II	6420001	6430000	0.0053219659347077	9375	49.893430637885	391	9346.7587657784
GLOBAL	II	6430001	6440000	0.0053914012793088	7908	42.635201316774	334	7871.3913043478
GLOBAL	II	6440001	6450000	0.005239476529723	9546	50.016042952735	392	9527.7503506311
GLOBAL	II	6450001	6460000	0.0056543933393803	9013	50.963047167835	399	8942.9649368864
GLOBAL	II	6460001	6470000	0.0055893847621241	8676	48.493502196189	380	8649.5427769986
GLOBAL	II	6470001	6480000	0.0051084516580823	8901	45.470328208591	356	8678.0406732118
GLOBAL	II	6480001	6490000	0.0071841366998834	7650	54.958645754108	430	7418.8765778401
GLOBAL	II	6490001	6500000	0.0066123702910633	7844	51.867432563101	406	7771.3913043478
GLOBAL	II	6500001	6510000	0.0059906881551277	8970	53.736472751495	421	8945.4249649369
GLOBAL	II	6510001	6520000	0.0058717348607304	7983	46.874059393211	367	7913.1150070126
GLOBAL	II	6520001	6530000	0.0058907921262042	7414	43.674332823678	337	6595.7152875175
GLOBAL	II	6530001	6540000	0.006950561933078	8376	58.217906751461	456	8332.3001402525
GLOBAL	II	6540001	6550000	0.0070459505520005	8338	58.74913570258	460	8264.6058906031
GLOBAL	II	6550001	6560000	0.0078323581352485	7656	59.964533883462	469	7557.332398317
GLOBAL	II	6560001	6570000	0.006685176673082	8546	57.131519848159	444	8365.6591865358
GLOBAL	II	6570001	6580000	0.0061864054459228	9014	55.764258689548	437	8990.1150070126
GLOBAL	II	6580001	6590000	0.0061958531617269	8757	54.257086137242	425	8718.5553997195
GLOBAL	II	6590001	6600000	0.0065490213304593	8787	57.546250430746	451	8767.6255259467
GLOBAL	II	6600001	6610000	0.006354795969018	8603	54.670309721462	428	8474.3141654979
GLOBAL	II	6610001	6620000	0.0053566268239679	9364	50.159453579635	393	9331.0378681627
GLOBAL	II	6620001	6630000	0.0064222498427062	8391	53.889098430148	422	8337.1276297335
GLOBAL	II	6630001	6640000	0.006672553739319	8555	57.083697239874	447	8505.9873772791
GLOBAL	II	6640001	6650000	0.0063330295809225	8596	54.43872227761	426	8522.8316970547
GLOBAL	II	6650001	6660000	0.0062806024457829	8920	56.022973816383	439	8894.3338008415
GLOBAL	II	6660001	6670000	0.0034157962760512	9637	32.918028712305	258	9617.7868162693
GLOBAL	II	6670001	6680000	0.0058723154871806	8587	50.42557308842	395	8531.4333800842
GLOBAL	II	6680001	6690000	0.0065504984138451	8651	56.668361778174	444	8618.8723702665
GLOBAL	II	6690001	6700000	0.0057198815453145	8546	48.882107686258	383	8520.0168302945
GLOBAL	II	6700001	6710000	0.005406485175925	8957	48.425887720761	379	8891.6423562412
GLOBAL	II	6710001	6720000	0.0067103166941194	7418	49.777129236977	389	6886.6802244039
GLOBAL	II	6720001	6730000	0.0043231784909349	8104	35.035038490536	274	7892.2762973352
GLOBAL	II	6730001	6740000	0.0046288917494854	7175	33.212298302558	259	5168.476858345
GLOBAL	II	6740001	6750000	0.0047407774541536	8918	42.278253336141	331	8857.427769986
GLOBAL	II	6750001	6760000	0.0056946450205433	8788	50.044540440534	392	8759.6914446003
GLOBAL	II	6760001	6770000	0.0056554644555765	9094	51.430793759013	403	9061.9396914446
GLOBAL	II	6770001	6780000	0.0064591636506079	8246	53.262263462913	415	8157.0701262272
GLOBAL	II	6780001	6790000	0.004976608473727	8796	43.774248134902	343	8771.3338008415
GLOBAL	II	6790001	6800000	0.0048269619976795	9179	44.3066841767	347	9145.9453015428
GLOBAL	II	6800001	6810000	0.0065613998904626	8388	55.037022281201	431	8296.6213183731
GLOBAL	II	6810001	6820000	0.0063397270201377	9055	57.406228167347	449	8907.9270687237
GLOBAL	II	6820001	6830000	0.0054301663399765	8811	47.845195621533	375	8795.8723702665
GLOBAL	II	6830001	6840000	0.005687145102828	9065	51.553970357135	404	9037.7124824684
GLOBAL	II	6840001	6850000	0.0050013497115309	8736	43.691791079934	342	8691.9859747546
GLOBAL	II	6850001	6860000	0.005936250540532	8772	52.072789741547	408	8738.4978962132
GLOBAL	II	6860001	6870000	0.0067726216581136	8296	56.185669275711	440	8238.9340813464
GLOBAL	II	6870001	6880000	0.0056874960835031	8887	50.544777694092	396	8848.270687237
GLOBAL	II	6880001	6890000	0.0060356718776636	8534	51.508423803981	403	8452.0014025245
GLOBAL	II	6890001	6900000	0.0070602093748009	8325	58.776243045218	460	8239.8204768583
GLOBAL	II	6900001	6910000	0.0060992688788589	8385	51.142369549232	399	8304.2903225806
GLOBAL	II	6910001	6920000	0.0065225103445103	8443	55.0695548387	431	8356.98457223
GLOBAL	II	6920001	6930000	0.0049934607871342	8414	42.014979062947	329	8019.8050490884
GLOBAL	II	6930001	6940000	0.0067821133305674	8685	58.902654275977	461	8633.2748948107
GLOBAL	II	6940001	6950000	0.0057359225965272	8126	46.61010701938	365	7706.6395511921
GLOBAL	II	6950001	6960000	0.0040529866146396	9539	38.661439317048	303	9518.2286115007
GLOBAL	II	6960001	6970000	0.005457716936549	8676	47.351152141499	371	8645.538569425
GLOBAL	II	6970001	6980000	0.0054900198431459	9043	49.646249441568	389	9017.9438990182
GLOBAL	II	6980001	6990000	0.0059219824482473	8384	49.649900846105	389	8353.6269284712
GLOBAL	II	6990001	7000000	0.0050826480483503	9163	46.572304067034	365	9144.7012622721
GLOBAL	II	7000001	7010000	0.0053895991408777	9235	49.772948066005	390	9210.2047685834
GLOBAL	II	7010001	7020000	0.0060167182796784	8804	52.971187734289	415	8769.652173913
GLOBAL	II	7020001	7030000	0.0056915977052798	9260	52.704194750891	413	9238.0855539972
GLOBAL	II	7030001	7040000	0.0058936084741237	8640	50.920777216428	399	8606.5245441795
GLOBAL	II	7040001	7050000	0.0062665113800979	8781	55.02623642864	431	8738.9803646564
GLOBAL	II	7050001	7060000	0.0049846355086746	8935	44.537718270008	349	8916.4319775596
GLOBAL	II	7060001	7070000	0.0042999391892614	9525	40.956920777715	321	9509.7068723703
GLOBAL	II	7070001	7080000	0.0062286038849933	8158	50.812950493775	398	8103.9943899018
GLOBAL	II	7080001	7090000	0.0061026446053365	8971	54.746824754473	429	8941.492286115
GLOBAL	II	7090001	7100000	0.0054835967488113	8613	47.230218797512	370	8579.9705469846
GLOBAL	II	7100001	7110000	0.0071482389867529	8486	60.659956041585	474	8405.6718092567
GLOBAL	II	7110001	7120000	0.006489584935096	6881	44.654833938396	349	6675.8387096774
GLOBAL	II	7120001	7130000	0.0057450422839403	9066	52.084553346203	408	9021.6633941094
GLOBAL	II	7130001	7140000	0.0064999130114587	8383	54.488770775058	427	8358.6718092567
GLOBAL	II	7140001	7150000	0.0059865095258618	9196	55.051941599825	431	9130.9621318373
GLOBAL	II	7150001	7160000	0.0065445001573025	7905	51.734273743477	405	7831.6872370266
GLOBAL	II	7160001	7170000	0.0053429791738904	9075	48.487536003055	380	9055.96914446
GLOBAL	II	7170001	7180000	0.0063395465446334	8479	53.753015151947	421	8445.8751753156
GLOBAL	II	7180001	7190000	0.0068834313602823	7874	54.200138530863	424	7778.1654978962
GLOBAL	II	7190001	7200000	0.0067480380417594	8390	56.616039170361	442	8169.7840112202
GLOBAL	II	7200001	7210000	0.0085528218707115	8071	69.029825318512	540	7872.1192145863
GLOBAL	II	7210001	7220000	0.0080511969904466	7504	60.416182216311	466	7237.8821879383
GLOBAL	II	7220001	7230000	0.0070602699816073	8785	62.02447178842	486	8754.3239831697
GLOBAL	II	7230001	7240000	0.0085641893385426	8368	71.665136384924	561	8298.1023842917
GLOBAL	II	7240001	7250000	0.0060848104854612	8893	54.112219647207	424	8865.4375876578
GLOBAL	II	7250001	7260000	0.0082389472402538	8156	67.19685369151	526	8101.6928471248
GLOBAL	II	7260001	7270000	0.0071348536078094	8557	61.052942322025	478	8502.3394109397
GLOBAL	II	7270001	7280000	0.0078467881974285	7897	61.966086395093	484	7700.2187938289
GLOBAL	II	7280001	7290000	0.007012175016382	8521	59.750743314591	468	8487.9831697055
GLOBAL	II	7290001	7300000	0.0063751517575307	8949	57.051233078142	447	8924.7419354839
GLOBAL	II	7300001	7310000	0.0070294290424686	8169	57.423405847926	449	8092.7601683029
GLOBAL	II	7310001	7320000	0.0077754274435006	8589	66.783146312227	523	8540.6549789621
GLOBAL	II	7320001	7330000	0.0082907177394083	7684	63.705875109613	498	7579.4810659187
GLOBAL	II	7330001	7340000	0.0057772678613189	9122	52.700237430951	413	9099.7194950912
GLOBAL	II	7340001	7350000	0.0054996321680333	8840	48.616748365415	381	8814.4824684432
GLOBAL	II	7350001	7360000	0.0072173160476965	8886	64.133070399831	502	8823.8008415147
GLOBAL	II	7360001	7370000	0.0063102582784491	7349	46.374088088323	363	7298.920056101
GLOBAL	II	7370001	7380000	0.0078570802047851	8582	67.429462317466	528	8538.6942496494
GLOBAL	II	7380001	7390000	0.005539472958234	9562	52.968440426634	415	9539.7643758766
GLOBAL	II	7390001	7400000	0.006582548738161	8398	55.280244303076	433	8354.7279102384
GLOBAL	II	7400001	7410000	0.0061597431494685	8228	50.682366633826	397	8174.9340813464
GLOBAL	II	7410001	7420000	0.0083480883990012	7435	62.068037246574	486	7388.9705469846
GLOBAL	II	7420001	7430000	0.0075878516414863	8769	66.537871044193	521	8740.5441795231
GLOBAL	II	7430001	7440000	0.0067549397424197	8567	57.869568773309	453	8500.8695652174
GLOBAL	II	7440001	7450000	0.0057826764429739	8828	51.049467638574	400	8798.03085554
GLOBAL	II	7450001	7460000	0.00784745984358	8581	67.33905291776	527	8527.0911640954
GLOBAL	II	7460001	7470000	0.0076305747531318	8064	61.532954809255	482	8027.5680224404
GLOBAL	II	7470001	7480000	0.0064628647319014	8972	57.984822374619	454	8925.4726507714
GLOBAL	II	7480001	7490000	0.0059354763878459	8822	52.362772693577	410	8769.7657784011
GLOBAL	II	7490001	7500000	0.0065791400450465	9136	60.107023451545	471	9118.1865357644
GLOBAL	II	7500001	7510000	0.0060303240739844	8577	51.722089582565	405	8528.8373071529
GLOBAL	II	7510001	7520000	0.0054536890401716	8153	44.463926744519	348	8000.9495091164
GLOBAL	II	7520001	7530000	0.0063214129436405	8661	54.74975750487	429	8636.6942496494
GLOBAL	II	7530001	7540000	0.0067499762983304	7722	52.123316975707	408	7678.7685834502
GLOBAL	II	7540001	7550000	0.0051934572342518	9166	47.603229009152	373	9138.1865357644
GLOBAL	II	7550001	7560000	0.0049287523280049	9139	45.043867525637	353	9116.633941094
GLOBAL	II	7560001	7570000	0.0071711988628529	8350	59.879510504822	469	8297.7896213184
GLOBAL	II	7570001	7580000	0.0059146356557269	9105	53.852757645394	422	9074.6605890603
GLOBAL	II	7580001	7590000	0.0069066475789664	8905	61.503696690696	482	8885.6998597475
GLOBAL	II	7590001	7600000	0.0055746307660825	8118	45.254852559058	354	7434.3099579243
GLOBAL	II	7600001	7610000	0.0049560371406339	9423	46.700737976193	366	9410.9831697055
GLOBAL	II	7610001	7620000	0.0049865352010429	9188	45.816285427182	359	9164.8639551192
GLOBAL	II	7620001	7630000	0.0051404224358337	9432	48.484464414783	380	9417.144460028
GLOBAL	II	7630001	7640000	0.0066779573620091	8638	57.684195693034	452	8610.0981767181
GLOBAL	II	7640001	7650000	0.005403089253357	9398	50.778232803049	398	9385.7391304348
GLOBAL	II	7650001	7660000	0.0058325742674769	8811	51.390811870739	402	8741.7307152875
GLOBAL	II	7660001	7670000	0.0053529621837033	8918	47.737716754266	374	8880.2342215989
GLOBAL	II	7670001	7680000	0.0068119637216264	8570	58.378529094339	457	8506.3842917251
GLOBAL	II	7680001	7690000	0.0069340756250355	8087	56.075869579662	439	8028.9677419355
GLOBAL	II	7690001	7700000	0.0062870501421683	8468	53.238740603881	417	8432.4207573633
GLOBAL	II	7700001	7710000	0.0063084098490515	8819	55.633866458785	436	8799.3590462833
GLOBAL	II	7710001	7720000	0.0060298415598724	8513	51.332041199194	402	8460.873772791
GLOBAL	II	7720001	7730000	0.0049691810232288	9141	45.423283733334	356	9125.2482468443
GLOBAL	II	7730001	7740000	0.0046123939906539	8992	41.47464676396	325	8960.8036465638
GLOBAL	II	7740001	7750000	0.0063609319405285	8529	54.252388520768	425	8495.04628331
GLOBAL	II	7750001	7760000	0.0065909251493632	8482	55.904227116899	438	8450.2875175316
GLOBAL	II	7760001	7770000	0.0064006885449727	8442	54.03461269666	423	8352.6115007013
GLOBAL	II	7770001	7780000	0.0058474915955575	9058	52.96657887256	415	9019.7026647966
GLOBAL	II	7780001	7790000	0.0044931341841826	9093	40.856069136772	320	9041.8359046283
GLOBAL	II	7790001	7800000	0.0059180200184529	8843	52.333051023179	410	8809.9144460028
GLOBAL	II	7800001	7810000	0.0064701190023101	7061	45.685510275312	346	6282.6199158485
GLOBAL	II	7810001	7820000	0.0065895557548315	8714	57.421388847602	450	8691.2019635344
GLOBAL	II	7820001	7830000	0.0056124604947196	8963	50.304483414171	394	8923.7980364656
GLOBAL	II	7830001	7840000	0.0076076816309882	8962	68.180042776916	534	8916.1640953717
GLOBAL	II	7840001	7850000	0.0065400766326052	8398	54.923563560619	430	8325.824684432
GLOBAL	II	7850001	7860000	0.0060236741268993	8454	50.924141068807	399	8431.159887798
GLOBAL	II	7860001	7870000	0.0067586953952679	3549	23.986609957806	185	3143.3786816269
GLOBAL	II	7870001	7880000	0.0057316926923601	8684	49.774019340455	390	8657.1164095372
GLOBAL	II	7880001	7890000	0.005260574950104	9169	48.234211717503	378	9145.2005610098
GLOBAL	II	7890001	7900000	0.0049012275014192	8574	42.023124597168	329	8511.6577840112
GLOBAL	II	7900001	7910000	0.0061201076596785	8238	50.417446900431	395	8205.4375876578
GLOBAL	II	7910001	7920000	0.0065969408032372	8842	58.330150582223	457	8809.3604488079
GLOBAL	II	7920001	7930000	0.0060170419001292	9035	54.363973567668	426	9011.4978962132
GLOBAL	II	7930001	7940000	0.0050229866088198	8436	42.373915032003	332	8395.4095371669
GLOBAL	II	7940001	7950000	0.0050682158744169	9466	47.97573146723	376	9450.8569424965
GLOBAL	II	7950001	7960000	0.0056197281046258	9163	51.493568622686	403	9116.7559607293
GLOBAL	II	7960001	7970000	0.0053408477735606	9007	48.10501589646	377	8989.1963534362
GLOBAL	II	7970001	7980000	0.0057974085716077	9080	52.640469830198	412	9028.7194950912
GLOBAL	II	7980001	7990000	0.0054146967733662	9427	51.044346482523	400	9400.3422159888
GLOBAL	II	7990001	8000000	0.0069990649947905	8840	61.871734553948	484	8734.1206171108
GLOBAL	II	8000001	8010000	0.0051602672287868	8880	45.823172991627	359	8845.3422159888
GLOBAL	II	8010001	8020000	0.0062264851988837	6936	43.186901339457	336	6547.2566619916
GLOBAL	II	8020001	8030000	0.0059523507995241	7629	45.410484249569	354	7338.7237026648
GLOBAL	II	8030001	8040000	0.0059385229123846	8155	48.428654350496	379	8087.443197756
GLOBAL	II	8040001	8050000	0.0049656991689482	9123	45.302073518315	355	9100.4347826087
GLOBAL	II	8050001	8060000	0.0070475811592012	8459	59.615489025683	467	8406.4894810659
GLOBAL	II	8060001	8070000	0.0074453792476284	8660	64.476984284462	505	8610.175315568
GLOBAL	II	8070001	8080000	0.0055019143034863	6518	35.861477430124	278	5460.9284712482
GLOBAL	II	8080001	8090000	0.0053688405590492	6732	36.143034643519	282	5968.5890603086
GLOBAL	II	8090001	8100000	0.010300443431328	7751	79.838737036225	625	7655.4179523142
GLOBAL	II	8100001	8110000	0.0094252895378172	9087	85.647606030145	671	9053.7798036466
GLOBAL	II	8110001	8120000	0.0049406388116537	8732	43.14165810336	338	8703.1248246844
GLOBAL	II	8120001	8130000	0.0052773654710005	9209	48.599258622444	380	9112.3001402525
GLOBAL	II	8130001	8140000	0.0054529618025854	8871	48.373224150735	378	8771.824684432
GLOBAL	II	8140001	8150000	0.0067652443275128	8714	58.952339069946	462	8693.0140252454
GLOBAL	II	8150001	8160000	0.0052993017330459	8839	46.840528018393	367	8810.1542776999
GLOBAL	II	8160001	8170000	0.0055563141041616	9303	51.690390111015	405	9284.0603085554
GLOBAL	II	8170001	8180000	0.0044996333090159	8967	40.348211881945	316	8903.5890603086
GLOBAL	II	8180001	8190000	0.0057454923771205	9262	53.21475039689	417	9237.556802244
GLOBAL	II	8190001	8200000	0.005335741049977	8857	47.258658479646	370	8807.0925666199
GLOBAL	II	8200001	8210000	0.0056257102729041	9213	51.829668744266	406	9162.9074333801
GLOBAL	II	8210001	8220000	0.0049173344895897	8748	43.016842114931	337	8696.9733520337
GLOBAL	II	8220001	8230000	0.0062178880730776	9071	56.402462710887	442	9047.8765778401
GLOBAL	II	8230001	8240000	0.0054787804646333	8788	48.147522723198	377	8400.6283309958
GLOBAL	II	8240001	8250000	0.0056134812739608	9411	52.828472269245	414	9391.6563814867
GLOBAL	II	8250001	8260000	0.0068160450461829	7770	52.960670008841	415	7744.2412342216
GLOBAL	II	8260001	8270000	0.0061243882142593	9002	55.131742704762	432	8973.747545582
GLOBAL	II	8270001	8280000	0.0051918785510768	8386	43.53909352933	341	8339.1388499299
GLOBAL	II	8280001	8290000	0.004234727352711	9494	40.204501486638	315	9457.9326788219
GLOBAL	II	8290001	8300000	0.0041149561097626	9364	38.532449011817	302	9347.649368864
GLOBAL	II	8300001	8310000	0.0067447286133325	8447	56.972722596819	446	8365.7812061711
GLOBAL	II	8310001	8320000	0.0052779335553981	8218	43.374057958261	339	8105.1851332398
GLOBAL	II	8320001	8330000	0.0063767821384075	8151	51.97715121016	407	8098.6774193548
GLOBAL	II	8330001	8340000	0.0067665729564709	8319	56.291120424882	441	8282.5091164095
GLOBAL	II	8340001	8350000	0.0058609689204787	7985	46.799836830022	366	7845.7251051893
GLOBAL	II	8350001	8360000	0.006951969347732	7928	55.115212988819	431	7876.7826086957
GLOBAL	II	8360001	8370000	0.0073567269638966	8419	61.936284309046	485	8364.2230014025
GLOBAL	II	8370001	8380000	0.0051423971411461	8866	45.592493053401	357	8836.935483871
GLOBAL	II	8380001	8390000	0.0059920871330666	8731	52.316912758804	410	8711.255259467
GLOBAL	II	8390001	8400000	0.0064681905911339	8321	53.821813908826	421	8217.3127629734
GLOBAL	II	8400001	8410000	0.0072178528669122	7771	56.089934628774	439	7716.1276297335
GLOBAL	II	8410001	8420000	0.0062552086741526	8388	52.468690358792	410	8198.6858345021
GLOBAL	II	8420001	8430000	0.006386056331104	8826	56.363333178324	441	8751.221598878
GLOBAL	II	8430001	8440000	0.0051190265755581	8750	44.791482536133	351	8723.6956521739
GLOBAL	II	8440001	8450000	0.0063096472144778	8621	54.395468636013	426	8566.8415147265
GLOBAL	II	8450001	8460000	0.0067452406240384	8873	59.850520057093	469	8848.7798036466
GLOBAL	II	8460001	8470000	0.0067478446866081	8892	60.001834953319	470	8854.0476858345
GLOBAL	II	8470001	8480000	0.0051757424200588	9297	48.118877279287	377	9266.0701262272
GLOBAL	II	8480001	8490000	0.0078193317047247	8542	66.792731421758	521	8355.7713884993
GLOBAL	II	8490001	8500000	0.0048278089691432	8279	39.969430455537	313	8198.6816269285
GLOBAL	II	8500001	8510000	0.0048151857067313	9064	43.644843245813	342	9042.0967741935
GLOBAL	II	8510001	8520000	0.0064992059076801	8701	56.549590602725	443	8662.4670406732
GLOBAL	II	8520001	8530000	0.0071465846344479	7728	55.228806055014	431	7495.2075736325
GLOBAL	II	8530001	8540000	0.0063214985236315	8420	53.227017568977	417	8382.0813464236
GLOBAL	II	8540001	8550000	0.0061286115301	7457	45.701056179956	357	7298.633941094
GLOBAL	II	8550001	8560000	0.0059114285511731	8938	52.836348390385	414	8911.1276297335
GLOBAL	II	8560001	8570000	0.0056344177183875	8725	49.160294592931	385	8675.6157082749
GLOBAL	II	8570001	8580000	0.0072151874597179	8366	60.362258288	472	8288.729312763
GLOBAL	II	8580001	8590000	0.0064400541605949	8489	54.66961976929	428	8417.7363253857
GLOBAL	II	8590001	8600000	0.0062535989974695	8903	55.675791874471	436	8862.5399719495
GLOBAL	II	8600001	8610000	0.0062030546274878	8624	53.495143107454	419	8582.4572230014
GLOBAL	II	8610001	8620000	0.0060996879967819	8565	52.243827692437	409	8512.8302945302
GLOBAL	II	8620001	8630000	0.0066497021376855	7878	52.386353440686	410	7800.5848527349
GLOBAL	II	8630001	8640000	0.0070769899634228	8344	59.0504042548	462	8287.713884993
GLOBAL	II	8640001	8650000	0.0055355142455812	7822	43.298792428937	339	7702.7671809257
GLOBAL	II	8650001	8660000	0.0060219677208751	8546	51.463736142599	403	8500.3001402525
GLOBAL	II	8660001	8670000	0.0065391077401103	8921	58.335380149524	457	8880.8877980365
GLOBAL	II	8670001	8680000	0.0070739094156128	8359	59.130808805107	463	8287.649368864
GLOBAL	II	8680001	8690000	0.0039316637529253	9187	36.120194898125	283	9158.4796633941
GLOBAL	II	8690001	8700000	0.0048827264060269	9329	45.550954641825	357	9312.3604488079
GLOBAL	II	8700001	8710000	0.0065307411653465	8738	57.065616302798	447	8696.7082748948
GLOBAL	II	8710001	8720000	0.0069077312173239	7898	54.557261154424	427	7823.1332398317
GLOBAL	II	8720001	8730000	0.0067162683076062	8650	58.095720860794	455	8599.0238429172
GLOBAL	II	8730001	8740000	0.0067587320715358	8593	58.077784690707	455	8558.2384291725
GLOBAL	II	8740001	8750000	0.0053861308864178	8549	46.046032947986	359	8473.8976157083
GLOBAL	II	8750001	8760000	0.0052570117487715	9499	49.936354601581	391	9450.04628331
GLOBAL	II	8760001	8770000	0.0059483037597151	8839	52.577056932122	412	8811.0056100982
GLOBAL	II	8770001	8780000	0.0068782648016595	8408	57.832450452353	453	8368.4375876578
GLOBAL	II	8780001	8790000	0.0069854457440957	8497	59.355332487581	465	8454.3576437588
GLOBAL	II	8790001	8800000	0.0070105036054841	8250	57.836654745244	453	8205.4698457223
GLOBAL	II	8800001	8810000	0.0062612591379802	8771	54.917503899225	430	8724.2762973352
GLOBAL	II	8810001	8820000	0.0075715593676009	8231	62.321505154723	488	8168.9565217391
GLOBAL	II	8820001	8830000	0.0070073511758106	7828	54.853545004245	428	7578.4011220196
GLOBAL	II	8830001	8840000	0.0067043251098641	7668	51.408764942438	400	7213.1669004208
GLOBAL	II	8840001	8850000	0.0063490167811647	8470	53.776172136465	421	8412.4726507714
GLOBAL	II	8850001	8860000	0.0066399344538129	8673	57.588151517919	451	8617.4698457223
GLOBAL	II	8860001	8870000	0.0069267706545124	7944	55.026266079446	431	7917.1893408135
GLOBAL	II	8870001	8880000	0.0069326175551553	8617	59.738365472773	468	8574.1851332398
GLOBAL	II	8880001	8890000	0.0055965822756221	8577	48.00188617801	376	8535.9887798036
GLOBAL	II	8890001	8900000	0.0065329184735583	8715	56.934384497061	446	8680.4291725105
GLOBAL	II	8900001	8910000	0.0074028580776119	8229	60.918119120668	477	8178.1318373072
GLOBAL	II	8910001	8920000	0.0069404133778208	8663	60.124801092062	471	8613.0070126227
GLOBAL	II	8920001	8930000	0.0072339489355922	8089	58.515412940005	458	8034.4375876578
GLOBAL	II	8930001	8940000	0.0068527475952483	8389	57.487699576538	450	8309.3520336606
GLOBAL	II	8940001	8950000	0.0052505650543889	9382	49.260801340276	386	9344.1164095372
GLOBAL	II	8950001	8960000	0.0050419618440029	9315	46.965874576887	368	9292.7068723703
GLOBAL	II	8960001	8970000	0.0054484644129666	9208	50.169460314596	393	9168.6619915849
GLOBAL	II	8970001	8980000	0.0055714976581759	8732	48.650317551192	381	8684.9831697055
GLOBAL	II	8980001	8990000	0.0057782568283992	8597	49.675673953748	388	8544.9396914446
GLOBAL	II	8990001	9000000	0.0065520433730146	8407	55.083028636934	431	8317.8990182328
GLOBAL	II	9000001	9010000	0.0065570939410485	8454	55.433672177624	434	8386.9607293128
GLOBAL	II	9010001	9020000	0.0066294058738927	8758	58.060336643552	455	8735.6844319776
GLOBAL	II	9020001	9030000	0.0065956282982878	8591	56.66304271059	444	8564.5988779804
GLOBAL	II	9030001	9040000	0.0054019570855537	9332	50.411063522387	395	9295.8148667602
GLOBAL	II	9040001	9050000	0.0044739162005953	9127	40.833433162833	320	9104.2426367461
GLOBAL	II	9050001	9060000	0.0059579120101186	8975	53.472260290815	419	8942.9593267882
GLOBAL	II	9060001	9070000	0.0051364447090024	8969	46.068772595042	361	8939.1150070126
GLOBAL	II	9070001	9080000	0.0064116037886005	8426	54.024173522748	421	7866.1304347826
GLOBAL	II	9080001	9090000	0.0066486234259781	8639	57.437457777025	450	8601.7854137447
GLOBAL	II	9090001	9100000	0.0062950070453274	8236	51.845678025316	406	8193.6563814867
GLOBAL	II	9100001	9110000	0.0060578917124973	8890	53.854657324101	422	8865.0603085554
GLOBAL	II	9110001	9120000	0.0066358452200136	8263	54.831989052972	429	8177.6942496494
GLOBAL	II	9120001	9130000	0.0055877730557263	9185	51.323695516846	402	9142.4347826087
GLOBAL	II	9130001	9140000	0.0057195945835909	9237	52.831895168629	414	9211.4670406732
GLOBAL	II	9140001	9150000	0.0054966109517942	8601	47.276350796382	370	8545.2776998597
GLOBAL	II	9150001	9160000	0.0061226226577858	8596	52.630064366327	412	8544.0070126227
GLOBAL	II	9160001	9170000	0.0048451920116353	9009	43.650334832822	342	8983.572230014
GLOBAL	II	9170001	9180000	0.0053587127875537	8765	46.969117582909	368	8740.4347826087
GLOBAL	II	9180001	9190000	0.0069713280343314	8465	59.012291810615	462	8414.5497896213
GLOBAL	II	9190001	9200000	0.0056051665630029	8706	48.798580097503	382	8638.9523141655
GLOBAL	II	9200001	9210000	0.0066515052005577	8111	53.950358681724	422	7980.5988779804
GLOBAL	II	9210001	9220000	0.0056961825579126	8924	50.832733146812	398	8867.7882187938
GLOBAL	II	9220001	9230000	0.0053005953155199	9269	49.131217979554	385	9247.9214586255
GLOBAL	II	9230001	9240000	0.0052201963193341	8702	45.426148370845	356	8683.1865357644
GLOBAL	II	9240001	9250000	0.0051119590635238	9163	46.840880899069	367	9140.1023842917
GLOBAL	II	9250001	9260000	0.0060183961956698	8908	53.611873311026	420	8872.7237026648
GLOBAL	II	9260001	9270000	0.0065327640881931	8384	54.770694115411	429	8328.5960729313
GLOBAL	II	9270001	9280000	0.0061447515402127	8539	52.470033401876	411	8495.0224403927
GLOBAL	II	9280001	9290000	0.0064512094760822	8374	54.022428152713	423	8326.3366058906
GLOBAL	II	9290001	9300000	0.0053157946220476	8221	43.701147587854	342	8146.4165497896
GLOBAL	II	9300001	9310000	0.0057919684028181	8840	51.201000680912	401	8795.3394109397
GLOBAL	II	9310001	9320000	0.0057569350324899	8644	49.762946420843	390	8626.0995792426
GLOBAL	II	9320001	9330000	0.006896893287428	8660	59.727095869126	468	8629.332398317
GLOBAL	II	9330001	9340000	0.0058143461714854	8587	49.927790574545	391	8544.8835904628
GLOBAL	II	9340001	9350000	0.0054382600532345	8708	47.356368543566	371	8671.9270687237
GLOBAL	II	9350001	9360000	0.0063209784704071	8257	52.192319230152	408	8196.4025245442
GLOBAL	II	9360001	9370000	0.0072553822545038	8483	61.547407664955	482	8422.4446002805
GLOBAL	II	9370001	9380000	0.0058557831505463	8200	48.017421834479	376	8150.7671809257
GLOBAL	II	9380001	9390000	0.0062820259434344	8664	54.427472773916	426	8603.2482468443
GLOBAL	II	9390001	9400000	0.0068175430043279	8648	58.958111901428	462	8620.3828892006
GLOBAL	II	9400001	9410000	0.0052115735527071	9188	47.883937802273	375	9126.5792426367
GLOBAL	II	9410001	9420000	0.0053753879754282	8360	44.93824347458	352	8323.4137447405
GLOBAL	II	9420001	9430000	0.0063326772411534	8547	54.125392380138	424	8510.8064516129
GLOBAL	II	9430001	9440000	0.0064368462145587	8331	53.625365813488	420	8285.6605890603
GLOBAL	II	9440001	9450000	0.0072093512137904	7672	55.3101425122	433	7618.8723702665
GLOBAL	II	9450001	9460000	0.0069297036508474	8619	59.727115766653	468	8588.3758765778
GLOBAL	II	9460001	9470000	0.0074411881343798	9140	68.012459548231	533	9120.0869565217
GLOBAL	II	9470001	9480000	0.0066512126573578	9041	60.133613635171	471	8982.1584852735
GLOBAL	II	9480001	9490000	0.0071584001103213	8348	59.758324120962	467	8283.427769986
GLOBAL	II	9490001	9500000	0.0072023197926277	8239	59.33991277146	465	8211.4235624123
GLOBAL	II	9500001	9510000	0.0061577475282205	8897	54.785479758578	429	8851.2819074334
GLOBAL	II	9510001	9520000	0.0069096448773131	8720	60.252103330171	472	8686.9985974755
GLOBAL	II	9520001	9530000	0.0054517128722424	8135	44.349684215692	347	8022.7307152875
GLOBAL	II	9530001	9540000	0.0067507725296943	8659	58.454939334623	458	8634.0757363254
GLOBAL	II	9540001	9550000	0.0059330544273391	8454	50.158042128725	393	8426.9761570827
GLOBAL	II	9550001	9560000	0.0049291003421178	9371	46.190599305986	362	9351.5245441795
GLOBAL	II	9560001	9570000	0.0060064477611932	8701	52.262101970142	409	8636.2622720898
GLOBAL	II	9570001	9580000	0.006145821879566	8536	52.460735563975	411	8497.1136044881
GLOBAL	II	9580001	9590000	0.0067861627310162	8707	59.087118898958	463	8680.8821879383
GLOBAL	II	9590001	9600000	0.0071565378196138	8435	60.365396508442	473	8404.3352033661
GLOBAL	II	9600001	9610000	0.0065517383714382	9042	59.240818354544	464	8991.0070126227
GLOBAL	II	9610001	9620000	0.0078986600079623	8122	64.15291658467	502	8054.079943899
GLOBAL	II	9620001	9630000	0.0078821433975081	8039	63.364550772567	496	7976.0056100982
GLOBAL	II	9630001	9640000	0.0070239667226705	8819	61.944362527231	485	8769.1150070126
GLOBAL	II	9640001	9650000	0.0056054758285641	9180	51.458268106219	403	9155.8050490884
GLOBAL	II	9650001	9660000	0.006053022676375	7960	48.182060503945	376	7803.7124824684
GLOBAL	II	9660001	9670000	0.0066541214403669	8117	54.011503731458	423	8055.5610098177
GLOBAL	II	9670001	9680000	0.006342972231333	9195	58.323629667106	457	9165.3029453015
GLOBAL	II	9680001	9690000	0.0058070436759779	9014	52.344691695265	410	8969.3927068724
GLOBAL	II	9690001	9700000	0.0064676570084784	8742	56.540257568118	443	8704.5063113604
GLOBAL	II	9700001	9710000	0.0056974092833816	9095	51.817937432356	406	9063.5245441795
GLOBAL	II	9710001	9720000	0.006257091351116	8749	54.743292230914	429	8726.3997194951
GLOBAL	II	9720001	9730000	0.0070763826467497	8471	59.944037400616	469	8342.1206171108
GLOBAL	II	9730001	9740000	0.0067217813472083	8378	56.315084126911	441	8315.9873772791
GLOBAL	II	9740001	9750000	0.0056259277787828	8892	50.025749808937	392	8864.0743338008
GLOBAL	II	9750001	9760000	0.0054067887791397	9298	50.272322068441	394	9278.7812061711
GLOBAL	II	9760001	9770000	0.0080256104815213	8178	65.633442517881	514	8106.0827489481
GLOBAL	II	9770001	9780000	0.0052982548837112	9203	48.759839694794	382	9158.4894810659
GLOBAL	II	9780001	9790000	0.0053213226775898	9400	50.020433169344	392	9381.1402524544
GLOBAL	II	9790001	9800000	0.0044314432263132	8538	37.835662266262	294	8225.2889200561
GLOBAL	II	9800001	9810000	0.0050500311584524	8945	45.172528712357	354	8924.523141655
GLOBAL	II	9810001	9820000	0.0051153146585165	9083	46.462403043305	364	9045.049088359
GLOBAL	II	9820001	9830000	0.0058734663191146	9147	53.724596420942	421	9120.0561009818
GLOBAL	II	9830001	9840000	0.0073664667988484	8510	62.6886324582	491	8460.4109396914
GLOBAL	II	9840001	9850000	0.0076585755306713	7962	60.977578375205	477	7892.7952314165
GLOBAL	II	9850001	9860000	0.0055573251406747	9299	51.677566483134	405	9275.8134642356
GLOBAL	II	9860001	9870000	0.0057851556118172	8928	51.649869302304	404	8869.0743338008
GLOBAL	II	9870001	9880000	0.0070409858558784	8466	59.608986255867	467	8428.3702664797
GLOBAL	II	9880001	9890000	0.007260326151415	7793	56.579721697977	442	7704.4053295933
GLOBAL	II	9890001	9900000	0.0064829323442821	8304	53.834270186919	421	7939.04628331
GLOBAL	II	9900001	9910000	0.0065094659098884	8301	54.035076517983	423	8212.4880785414
GLOBAL	II	9910001	9920000	0.0062659619489636	7970	49.93971673324	391	7568.4740532959
GLOBAL	II	9920001	9930000	0.0042517061389904	5191	22.070606567499	169	3388.3983169705
GLOBAL	II	9930001	9940000	0.0062944069948518	7650	48.152213510616	377	6939.8036465638
GLOBAL	II	9940001	9950000	0.005381291302373	9085	48.889031482058	383	9051.6241234222
GLOBAL	II	9950001	9960000	0.0060706206563376	9190	55.789003831743	437	9131.4712482468
GLOBAL	II	9960001	9970000	0.0060682247794129	7522	45.645186790744	356	7243.2398316971
GLOBAL	II	9970001	9980000	0.0061469376194838	8649	53.164863470916	416	8596.6661991585
GLOBAL	II	9980001	9990000	0.0048068411228024	8525	40.97832057189	320	8351.5007012623
GLOBAL	II	9990001	10000000	0.006263877105955	8966	56.161922131992	440	8939.6535764376
GLOBAL	II	10000001	10010000	0.0065964562776488	8377	55.258514237864	433	8350.6914446003
GLOBAL	II	10010001	10020000	0.005256436423575	8117	42.666494450159	331	6976.2300140252
GLOBAL	II	10020001	10030000	0.0051083102341905	8867	45.295386846567	354	7851.713884993
GLOBAL	II	10030001	10040000	0.006757554593926	7789	52.634592732089	412	7743.2286115007
GLOBAL	II	10040001	10050000	0.0056064359618463	8815	49.420733003675	387	8755.5764375877
GLOBAL	II	10050001	10060000	0.0051866015700169	9447	48.99782503195	384	9428.633941094
GLOBAL	II	10060001	10070000	0.0051586752502424	8511	43.905485054813	344	8469.5974754558
GLOBAL	II	10070001	10080000	0.0056030280224074	8840	49.530767718081	388	8804.2973352034
GLOBAL	II	10080001	10090000	0.0064382620471736	8980	57.815593183619	453	8948.9242636746
GLOBAL	II	10090001	10100000	0.0068414119968236	8850	60.546496171889	474	8793.3604488079
GLOBAL	II	10100001	10110000	0.0058062509130051	8550	49.643445306194	389	8527.7517531557
GLOBAL	II	10110001	10120000	0.0066863754591854	8266	55.269579545626	432	8147.0238429173
GLOBAL	II	10120001	10130000	0.0049528154208929	9152	45.328166732012	355	9106.6914446003
GLOBAL	II	10130001	10140000	0.0079287600921503	7360	58.355674278226	456	7196.0098176718
GLOBAL	II	10140001	10150000	0.0059196351589684	8626	51.062772881262	400	8594.3380084151
GLOBAL	II	10150001	10160000	0.006092804685358	8590	52.337192247226	410	8549.9214586255
GLOBAL	II	10160001	10170000	0.0069749075312469	8163	56.936170177568	446	8118.6802244039
GLOBAL	II	10170001	10180000	0.0079558541265842	8184	65.110710171965	510	8142.6900420757
GLOBAL	II	10180001	10190000	0.0060235216736294	8985	54.12134223756	424	8943.8849929874
GLOBAL	II	10190001	10200000	0.0069024768040056	8652	59.720229308256	467	8530.8821879383
GLOBAL	II	10200001	10210000	0.0068471143933915	8593	58.837253982413	461	8565.1963534362
GLOBAL	II	10210001	10220000	0.0051110985019322	9137	46.700107012155	366	9120.8835904628
GLOBAL	II	10220001	10230000	0.0061933012031348	8862	54.88503526218	430	8825.649368864
GLOBAL	II	10230001	10240000	0.0072076627665525	8788	63.340940392464	496	8728.1697054698
GLOBAL	II	10240001	10250000	0.0065261731666309	8779	57.293274229853	449	8760.0098176718
GLOBAL	II	10250001	10260000	0.0070972203826722	8425	59.794081724014	468	8378.4516129032
GLOBAL	II	10260001	10270000	0.0081183587349025	7912	64.232454310549	502	7817.4403927069
GLOBAL	II	10270001	10280000	0.0066950448562693	8170	54.69851647572	428	8117.9270687237
GLOBAL	II	10280001	10290000	0.0063331333575402	8463	53.597307604863	420	8433.3366058906
GLOBAL	II	10290001	10300000	0.0079544895296981	7949	63.23023727157	495	7868.1290322581
GLOBAL	II	10300001	10310000	0.0060608080212368	9053	54.868495016257	430	9031.9495091164
GLOBAL	II	10310001	10320000	0.0067820059419048	8712	59.084835765875	463	8685.2230014025
GLOBAL	II	10320001	10330000	0.0053852943296864	9011	48.526887204804	380	8972.8625525947
GLOBAL	II	10330001	10340000	0.0052568205339985	9324	49.014594659002	384	9298.652173913
GLOBAL	II	10340001	10350000	0.0068929015851072	7896	54.426350916007	426	7820.2945301543
GLOBAL	II	10350001	10360000	0.0052985267999318	8897	47.140992938993	369	8831.4039270687
GLOBAL	II	10360001	10370000	0.0056445779687731	8467	47.792641661602	374	8387.6970546985
GLOBAL	II	10370001	10380000	0.0081413145680802	7186	58.503486486224	457	7032.0434782609
GLOBAL	II	10380001	10390000	0.0058586669830182	9539	55.88582435101	438	9519.538569425
GLOBAL	II	10390001	10400000	0.0055276407000637	8568	47.360825518146	371	8527.3927068724
GLOBAL	II	10400001	10410000	0.0063331977924314	8029	50.849245075432	398	7961.9649368864
GLOBAL	II	10410001	10420000	0.006139500702413	9020	55.378296335766	434	8998.7068723703
GLOBAL	II	10420001	10430000	0.0067649489762213	8557	57.887668389526	453	8497.5427769986
GLOBAL	II	10430001	10440000	0.0064525558739171	8427	54.3756883495	426	8394.095371669
GLOBAL	II	10440001	10450000	0.0048095373083711	8972	43.151168730705	338	8930.9929873773
GLOBAL	II	10450001	10460000	0.0058023161766466	9173	53.224646288379	417	9142.6942496494
GLOBAL	II	10460001	10470000	0.0052305463459622	8042	42.064053714228	329	7896.7798036466
GLOBAL	II	10470001	10480000	0.0062064423152108	8759	54.362228238931	426	8739.4572230014
GLOBAL	II	10480001	10490000	0.0077535847461039	6717	52.08082873958	404	6314.2931276297
GLOBAL	II	10490001	10500000	0.0054133576018963	8479	45.899859106479	358	8254.5792426367
GLOBAL	II	10500001	10510000	0.0058166540971509	8174	47.545330590112	371	8075.5624123422
GLOBAL	II	10510001	10520000	0.0054779212394435	8812	48.271441961976	378	8762.9004207574
GLOBAL	II	10520001	10530000	0.0068131069306066	8546	58.224811828964	455	8235.8190743338
GLOBAL	II	10530001	10540000	0.0069274083977416	8759	60.677170155819	475	8443.8751753156
GLOBAL	II	10540001	10550000	0.0065562727171576	8628	56.567521003636	443	8570.3548387097
GLOBAL	II	10550001	10560000	0.0062619936688302	6936	43.433188087006	339	6237.5469845722
GLOBAL	II	10560001	10570000	0.0065077244831505	8585	55.868814687847	437	8523.4838709677
GLOBAL	II	10570001	10580000	0.006869645351989	7628	52.401654744972	410	7567.7265077139
GLOBAL	II	10580001	10590000	0.0056305168920499	8508	47.90443771756	375	8458.5974754558
GLOBAL	II	10590001	10600000	0.0056451672619418	8910	50.298440303902	394	8872.2664796634
GLOBAL	II	10600001	10610000	0.0076734041715539	8135	62.423142935591	489	8093.5329593268
GLOBAL	II	10610001	10620000	0.0082914946082614	8190	67.907340841661	532	8168.7208976157
GLOBAL	II	10620001	10630000	0.0079250832278787	8281	65.627614210064	514	8235.8709677419
GLOBAL	II	10630001	10640000	0.0061607890179471	8600	52.982785554345	415	8563.5189340813
GLOBAL	II	10640001	10650000	0.0069382911508944	8353	57.955545983421	454	8238.9060308555
GLOBAL	II	10650001	10660000	0.0064437027514613	9086	58.547483199777	458	8997.7657784011
GLOBAL	II	10660001	10670000	0.0071919280416777	8521	61.282418843136	480	8486.3758765778
GLOBAL	II	10670001	10680000	0.0065159785323939	8912	58.070400680694	455	8882.5764375877
GLOBAL	II	10680001	10690000	0.0068428295411838	8720	59.669473599123	467	8673.141654979
GLOBAL	II	10690001	10700000	0.0068139442303031	8578	58.45001360754	457	8429.347826087
GLOBAL	II	10700001	10710000	0.0065406605714185	8280	54.156669531345	424	8230.2103786816
GLOBAL	II	10710001	10720000	0.0092172611591305	7660	70.60422047894	552	7561.6255259467
GLOBAL	II	10720001	10730000	0.0072402096073353	8516	61.657625016067	483	8482.2748948107
GLOBAL	II	10730001	10740000	0.0056952117383595	8829	50.283024437976	394	8803.1009817672
GLOBAL	II	10740001	10750000	0.0054511207882601	8259	45.02080659024	352	8201.2931276297
GLOBAL	II	10750001	10760000	0.0078004915399905	7716	60.188592722567	471	7635.9663394109
GLOBAL	II	10760001	10770000	0.0088657116056011	8049	71.360112713483	559	8011.8120617111
GLOBAL	II	10770001	10780000	0.0056649993471125	8448	47.857914484406	375	8422.6325385694
GLOBAL	II	10780001	10790000	0.0074455366530836	8455	62.952012401822	493	8409.9214586255
GLOBAL	II	10790001	10800000	0.007402557352692	8226	60.893436783244	477	8191.3702664797
GLOBAL	II	10800001	10810000	0.0068714072843755	8269	56.819666834501	444	8140.1304347826
GLOBAL	II	10810001	10820000	0.0065365471204246	8816	57.626199413664	451	8739.0771388499
GLOBAL	II	10820001	10830000	0.0083363945541408	8262	68.875291806311	539	8195.4025245442
GLOBAL	II	10830001	10840000	0.0054953019895238	9267	50.924963536917	399	9235.6353436185
GLOBAL	II	10840001	10850000	0.0063232951865006	8781	55.524855032662	435	8756.6423562412
GLOBAL	II	10850001	10860000	0.0086378144723625	8270	71.434725686438	559	8211.809256662
GLOBAL	II	10860001	10870000	0.0078180855777956	8244	64.452297503347	505	8217.2903225806
GLOBAL	II	10870001	10880000	0.0096550312830805	8011	77.346455608758	606	7981.4796633941
GLOBAL	II	10880001	10890000	0.0095881086705167	7977	76.484342864712	599	7928.2047685835
GLOBAL	II	10890001	10900000	0.0083095953776561	8111	67.399128108169	528	8011.4165497896
GLOBAL	II	10900001	10910000	0.0076257021491573	8454	64.467685968976	505	8423.079943899
GLOBAL	II	10910001	10920000	0.0080410829189427	8478	68.172300986797	534	8442.8527349229
GLOBAL	II	10920001	10930000	0.0073853809552919	8211	60.641363023902	474	8079.1051893408
GLOBAL	II	10930001	10940000	0.010854865162255	7035	76.363976416467	597	6917.6774193548
GLOBAL	II	10940001	10950000	0.0052051388934246	9340	48.615997264586	381	9318.8990182328
GLOBAL	II	10950001	10960000	0.0095269342444429	8001	76.225000889788	597	7958.3786816269
GLOBAL	II	10960001	10970000	0.008141463998374	8561	69.69907329008	546	8521.8653576438
GLOBAL	II	10970001	10980000	0.0094895631656793	8322	78.972144664783	618	8268.3800841515
GLOBAL	II	10980001	10990000	0.0091022599268189	8082	73.564464728551	575	7923.9523141655
GLOBAL	II	10990001	11000000	0.010359923341093	7898	81.822674547956	640	7751.4361851332
GLOBAL	II	11000001	11010000	0.01089677952168	8326	90.72658629751	710	8264.0729312763
GLOBAL	II	11010001	11020000	0.0097820690408092	8494	83.088894432633	650	8428.9705469846
GLOBAL	II	11020001	11030000	0.0094518364240071	8652	81.777288740509	639	8525.8934081346
GLOBAL	II	11030001	11040000	0.0087160750364225	8892	77.503339223869	607	8851.1781206171
GLOBAL	II	11040001	11050000	0.0082774684967117	8737	72.32024225577	566	8683.7363253857
GLOBAL	II	11050001	11060000	0.007719302297706	8897	68.678632542691	538	8865.7966339411
GLOBAL	II	11060001	11070000	0.0090683571913231	7252	65.763726351475	514	7141.6058906031
GLOBAL	II	11070001	11080000	0.010455960022293	7977	83.407193097833	653	7907.8415147265
GLOBAL	II	11080001	11090000	0.0076553113913469	8734	66.861489692024	524	8713.9761570827
GLOBAL	II	11090001	11100000	0.010046113957338	8714	87.54183702424	686	8689.950911641
GLOBAL	II	11100001	11110000	0.0071713420392185	8954	64.212196619162	503	8917.0182328191
GLOBAL	II	11110001	11120000	0.0062426635584163	8835	55.153932538608	432	8794.1935483871
GLOBAL	II	11120001	11130000	0.0076787298528291	8806	67.618895084013	529	8733.8877980365
GLOBAL	II	11130001	11140000	0.010558515198591	7341	77.510060072857	607	7302.8316970547
GLOBAL	II	11140001	11150000	0.0077294448980218	8578	66.303178335231	518	8510.8302945302
GLOBAL	II	11150001	11160000	0.0084258790377943	8439	71.105993199946	557	8387.9817671809
GLOBAL	II	11160001	11170000	0.0095752865779747	8084	77.406616696348	606	8016.7755960729
GLOBAL	II	11170001	11180000	0.008477136845511	8465	71.758963397251	562	8430.3618513324
GLOBAL	II	11180001	11190000	0.008615094998321	8166	70.350865756289	551	8123.8134642356
GLOBAL	II	11190001	11200000	0.010296416046908	7569	77.933573059044	607	7332.5736325386
GLOBAL	II	11200001	11210000	0.0079410980353605	7324	58.16060201098	455	7218.3295932679
GLOBAL	II	11210001	11220000	0.0084506070938949	7888	66.658388756643	522	7834.1865357644
GLOBAL	II	11220001	11230000	0.0082818435496732	7124	58.999853447872	460	6823.079943899
GLOBAL	II	11230001	11240000	0.0083836016407128	7396	62.005117734712	483	6642.4544179523
GLOBAL	II	11240001	11250000	0.0089913985411492	8381	75.356911173371	590	8319.1640953717
GLOBAL	II	11250001	11260000	0.0091666880076834	8663	79.411018210562	622	8611.3253856942
GLOBAL	II	11260001	11270000	0.006784166721115	8473	57.482244628007	450	8424.1626928471
GLOBAL	II	11270001	11280000	0.0088732010731731	8027	71.225185014361	558	7987.2173913043
GLOBAL	II	11280001	11290000	0.0080817521464512	7844	63.393263836763	496	7773.7699859748
GLOBAL	II	11290001	11300000	0.0091269284855995	8283	75.598348646221	592	8228.0056100982
GLOBAL	II	11300001	11310000	0.0094124953112485	8423	79.281448006646	621	8386.5974754558
GLOBAL	II	11310001	11320000	0.0071685350407788	8251	59.147582621466	463	8212.049088359
GLOBAL	II	11320001	11330000	0.0077147953292005	8574	66.146655152565	518	8528.9214586255
GLOBAL	II	11330001	11340000	0.0082706771067975	7361	60.880454183137	473	6524.1879382889
GLOBAL	II	11340001	11350000	0.0091373146964909	7870	71.910666661384	563	7816.0659186536
GLOBAL	II	11350001	11360000	0.0083491625988156	7968	66.526127587363	521	7915.1332398317
GLOBAL	II	11360001	11370000	0.009846603825801	6936	68.296044135755	533	6834.5343618513
GLOBAL	II	11370001	11380000	0.0089429983218396	7457	66.687938485958	521	7333.1879382889
GLOBAL	II	11380001	11390000	0.0083986590231447	7894	66.299014328704	514	7383.9551192146
GLOBAL	II	11390001	11400000	0.0074834412910682	5783	43.276740986248	338	5204.7798036466
GLOBAL	II	11400001	11410000	0.0077705391423898	7481	58.131403324218	454	7344.8625525947
GLOBAL	II	11410001	11420000	0.0087383058672258	8022	70.098689666885	549	7976.3870967742
GLOBAL	II	11420001	11430000	0.011234019792993	7430	83.468767061935	649	7099.3772791024
GLOBAL	II	11430001	11440000	0.0095151776127287	6516	62.00089732454	484	6402.9957924264
GLOBAL	II	11440001	11450000	0.0089644474037542	7653	68.604915980931	537	7599.8934081346
GLOBAL	II	11450001	11460000	0.0089614485537217	7349	65.857685421301	515	7259.350631136
GLOBAL	II	11460001	11470000	0.010636292754216	7592	80.750734590009	630	7465.6816269285
GLOBAL	II	11470001	11480000	0.0081433574418579	7798	63.501901331608	497	7744.350631136
GLOBAL	II	11480001	11490000	0.0073018094062112	8224	60.050080556681	470	8164.8078541374
GLOBAL	II	11490001	11500000	0.0076162937309737	8037	61.212152715836	479	7966.5624123422
GLOBAL	II	11500001	11510000	0.010232581521582	6938	70.993650596736	554	6771.332398317
GLOBAL	II	11510001	11520000	0.0089747270863878	7098	63.702612859181	498	7009.1122019635
GLOBAL	II	11520001	11530000	0.009878166280555	6923	68.386545160282	532	6524.9424964937
GLOBAL	II	11530001	11540000	0.01010851709665	7448	75.288235335848	588	7272.3127629734
GLOBAL	II	11540001	11550000	0.011215338483698	6867	77.015729367557	602	6532.7980364656
GLOBAL	II	11550001	11560000	0.010469706611952	6966	72.931976258857	570	6804.1697054698
GLOBAL	II	11560001	11570000	0.0085440645753236	7023	60.004965512498	469	6906.3744740533
GLOBAL	II	11570001	11580000	0.0087881871992275	7769	68.275426350799	530	7421.6605890603
GLOBAL	II	11580001	11590000	0.0089140099382757	7030	62.665489866078	488	6666.5638148668
GLOBAL	II	11590001	11600000	0.0073682602595757	8420	62.040751385628	486	8364.4053295933
GLOBAL	II	11600001	11610000	0.0096541369378691	7999	77.223441366015	605	7962.3688639551
GLOBAL	II	11610001	11620000	0.0096822727687271	8139	78.80401806467	617	8087.3071528752
GLOBAL	II	11620001	11630000	0.0092092974826009	7959	73.296798664021	573	7905.2847124825
GLOBAL	II	11630001	11640000	0.0090215280747195	7856	70.873124554997	555	7806.5049088359
GLOBAL	II	11640001	11650000	0.011241078846554	7303	82.093598816382	643	7257.1528751753
GLOBAL	II	11650001	11660000	0.01058491064802	7499	79.376244949501	621	7416.8288920056
GLOBAL	II	11660001	11670000	0.011953647808371	7373	88.134245291121	690	7319.2440392707
GLOBAL	II	11670001	11680000	0.012582306889905	6931	87.207969053934	682	6834.9635343619
GLOBAL	II	11680001	11690000	0.010556458560184	6857	72.38563634718	564	6649.8751753156
GLOBAL	II	11690001	11700000	0.011630679275905	7785	90.544838162918	709	7731.5427769986
GLOBAL	II	11700001	11710000	0.0081733581043089	8386	68.541781062735	537	8350.2538569425
GLOBAL	II	11710001	11720000	0.0098377600648614	7986	78.564351877983	615	7939.7026647966
GLOBAL	II	11720001	11730000	0.0090319334708188	7574	68.407864107982	535	7312.1374474053
GLOBAL	II	11730001	11740000	0.0084798688817839	1914	16.230469039734	127	1760.3955119215
GLOBAL	II	11740001	11750000	0.0094224944746026	7906	74.494241316208	582	7799.2117812062
GLOBAL	II	11750001	11760000	0.010881599802138	7312	79.566257753236	622	7157.2272089762
GLOBAL	II	11760001	11770000	0.0076023843301611	8647	65.737817302903	515	8612.747545582
GLOBAL	II	11770001	11780000	0.011097603374529	6670	74.021014508107	576	6414.7166900421
GLOBAL	II	11780001	11790000	0.0096163391168746	6863	65.99693535911	516	6779.3548387097
GLOBAL	II	11790001	11800000	0.0062602947715894	8718	54.577249818717	427	8667.3085553997
GLOBAL	II	11800001	11810000	0.0078829763308838	8038	63.363363747644	495	7948.0897615708
GLOBAL	II	11810001	11820000	0.010444847664089	7993	83.485667379062	653	7924.6367461431
GLOBAL	II	11820001	11830000	0.010709056031398	7696	82.416895217638	645	7629.0126227209
GLOBAL	II	11830001	11840000	0.011088230388612	6671	73.969584922428	578	6583.8709677419
GLOBAL	II	11840001	11850000	0.010874704202664	6644	72.251534722499	565	6549.5960729313
GLOBAL	II	11850001	11860000	0.012221438662869	5944	72.644231412093	566	5732.4193548387
GLOBAL	II	11860001	11870000	0.013588715526658	6528	88.707134958021	693	6413.3800841515
GLOBAL	II	11870001	11880000	0.011517813888137	6824	78.597561972644	613	6689.9424964937
GLOBAL	II	11880001	11890000	0.011034317270178	6639	73.256832356711	573	6542.3239831697
GLOBAL	II	11890001	11900000	0.012123697616247	7512	91.073216493245	713	7460.0126227209
GLOBAL	II	11900001	11910000	0.013014414261664	7131	92.805788099924	721	6769.5680224404
GLOBAL	II	11910001	11920000	0.01245489964087	6065	75.538966321874	580	5297.3562412342
GLOBAL	II	11920001	11930000	0.012623060919016	7154	90.305377814641	704	6982.4165497896
GLOBAL	II	11930001	11940000	0.012804972555888	5983	76.612150801879	589	5185.4389901823
GLOBAL	II	11940001	11950000	0.011952220587465	7012	83.808970759304	654	6847.0659186536
GLOBAL	II	11950001	11960000	0.013009637616655	6439	83.769056613639	652	6217.2468443198
GLOBAL	II	11960001	11970000	0.012710570333222	6637	84.360055301595	658	6506.8158640227
GLOBAL	II	11970001	11980000	0.013989255949183	6562	91.797497538538	717	6430.4446002805
GLOBAL	II	11980001	11990000	0.013432035034192	6753	90.706532585897	706	6534.3155680224
GLOBAL	II	11990001	12000000	0.015315090999804	6573	100.66609314171	787	6468.6549789621
GLOBAL	II	12000001	12010000	0.012254006090766	6812	83.474289490299	652	6635.9523141655
GLOBAL	II	12010001	12020000	0.013193452517044	7027	92.71039083727	726	6974.0532959327
GLOBAL	II	12020001	12030000	0.011143431750515	6208	69.178424307195	540	5902.0084151473
GLOBAL	II	12030001	12040000	0.011160579227432	7435	82.978906555955	648	7285.6535764376
GLOBAL	II	12040001	12050000	0.010675740403474	7594	81.071572623982	635	7545.5203366059
GLOBAL	II	12050001	12060000	0.013569270157505	5977	81.103527731407	633	5851.7615708275
GLOBAL	II	12060001	12070000	0.013938003003927	5776	80.505905350683	627	5583.518258427
GLOBAL	II	12070001	12080000	0.011289363437557	7243	81.768859378228	640	7175.7471910112
GLOBAL	II	12080001	12090000	0.011027336824067	7900	87.115960910127	682	7823.9396914446
GLOBAL	II	12090001	12100000	0.010289066781375	5432	55.89021075643	418	3355.4698457223
GLOBAL	II	12100001	12110000	0.012870059580996	6872	88.443049440605	692	6790.5483870968
GLOBAL	II	12110001	12120000	0.0088231270214938	8241	72.711389784131	569	8142.8751753156
GLOBAL	II	12120001	12130000	0.010366799435471	8130	84.282079410381	660	8074.5203366059
GLOBAL	II	12130001	12140000	0.012707025878448	5944	75.530561821496	587	5603.7685834502
GLOBAL	II	12140001	12150000	0.011370092156836	6904	78.499116250798	613	6702.7966339411
GLOBAL	II	12150001	12160000	0.013431515169564	6408	86.069149206564	671	6132.8204768583
GLOBAL	II	12160001	12170000	0.014110026096926	6579	92.829861691674	723	6306.0875706215
GLOBAL	II	12170001	12180000	0.012667320004553	7088	89.785964192274	702	6972.5007012623
GLOBAL	II	12180001	12190000	0.012718653582253	7316	93.049669607765	727	7239.9985974755
GLOBAL	II	12190001	12200000	0.010646452465887	7772	82.744228564875	648	7720.5511921459
GLOBAL	II	12200001	12210000	0.0095068795669474	5716	54.341323604671	423	5252.5315568022
GLOBAL	II	12210001	12220000	0.012550960391134	7047	88.446617876324	692	6971.6605890603
GLOBAL	II	12220001	12230000	0.010504526279502	6046	63.51036588587	496	5803.0210378682
GLOBAL	II	12230001	12240000	0.011506819985235	6781	78.027746319877	601	5990.2173913043
GLOBAL	II	12240001	12250000	0.009931570769591	7629	75.76795340121	590	6979.2805049088
GLOBAL	II	12250001	12260000	0.013701456963814	6991	95.786885634021	749	6900.9551192146
GLOBAL	II	12260001	12270000	0.011533255283445	5862	67.607942471553	527	5618.1290322581
GLOBAL	II	12270001	12280000	0.0099306299974712	7209	71.58991165177	560	7126.7405329593
GLOBAL	II	12280001	12290000	0.011394869865062	6385	72.756244088422	567	6085.4361851332
GLOBAL	II	12290001	12300000	0.0093920946387422	7080	66.496030042295	520	6995.6844319776
GLOBAL	II	12300001	12310000	0.01035665345002	7542	78.109880320047	611	7419.3450210379
GLOBAL	II	12310001	12320000	0.011277312914835	6789	76.561677378816	596	6303.0084151473
GLOBAL	II	12320001	12330000	0.008438487100151	8313	70.149143263555	549	8250.0855539972
GLOBAL	II	12330001	12340000	0.011628839252636	5744	66.796052667143	521	5465.4684431978
GLOBAL	II	12340001	12350000	0.013042764319784	7060	92.081916097678	721	7005.0238429173
GLOBAL	II	12350001	12360000	0.013554767535151	5995	81.260831373232	630	5655.4165497896
GLOBAL	II	12360001	12370000	0.013127317828602	6270	82.308282785332	642	6103.3576437588
GLOBAL	II	12370001	12380000	0.013382669717016	6434	86.104096959283	673	6349.9901823282
GLOBAL	II	12380001	12390000	0.013432542669605	7561	101.56345512488	795	7503.2187938289
GLOBAL	II	12390001	12400000	0.01266040947984	6958	88.091129160728	688	6791.1374474053
GLOBAL	II	12400001	12410000	0.010383586754606	8028	83.359434465978	653	7989.1612903226
GLOBAL	II	12410001	12420000	0.010212023933498	7434	75.916185921625	594	7366.3758765778
GLOBAL	II	12420001	12430000	0.011230356968713	6981	78.399121998587	612	6838.5694249649
GLOBAL	II	12430001	12440000	0.008880162846471	5643	50.110758942636	390	5419.206171108
GLOBAL	II	12440001	12450000	0.013960326631923	5238	73.12419089801	561	4450.858345021
GLOBAL	II	12450001	12460000	0.012190556038073	6266	76.386024134563	597	6164.7517531557
GLOBAL	II	12460001	12470000	0.014302433542083	6787	97.070616450119	759	6676.1949509116
GLOBAL	II	12470001	12480000	0.011849964344679	6645	78.743013070391	614	6380.8443197756
GLOBAL	II	12480001	12490000	0.015168750486961	6482	98.323840656479	769	6355.7671809257
GLOBAL	II	12490001	12500000	0.010910716924262	7427	81.033894596491	633	7259.3057503506
GLOBAL	II	12500001	12510000	0.012437849813921	6690	83.209215255128	648	6412.3842917251
GLOBAL	II	12510001	12520000	0.012971597819904	7596	98.532257039993	771	7492.1851332398
GLOBAL	II	12520001	12530000	0.014308337430305	6001	85.864332919258	666	5587.0337078652
GLOBAL	II	12530001	12540000	0.013147740752437	5451	71.668334841535	552	4734.7907303371
GLOBAL	II	12540001	12550000	0.0057544069460344	6421	36.949047000487	271	4003.6498371336
GLOBAL	II	12550001	12560000	0.011080716557202	5465	60.556115985106	447	3586.2985915493
GLOBAL	II	12560001	12570000	0.013084476747037	6162	80.626545715245	613	4853.0210674157
GLOBAL	II	12570001	12580000	0.015150664753619	5019	76.041186398413	571	3398.1673699015
GLOBAL	II	12580001	12590000	0.018349850003371	4858	89.143571316378	679	3922.1666666667
GLOBAL	II	12590001	12600000	0.013017679583674	4915	63.981895153756	491	3815.8227848101
GLOBAL	II	12600001	12610000	0.013025253125636	6128	79.818751153899	619	5624.6535764376
GLOBAL	II	12610001	12620000	0.014881396043634	6479	96.416564966704	754	6326.396914446
GLOBAL	II	12620001	12630000	0.015637898179784	6043	94.499818700435	736	5805.8976157083
GLOBAL	II	12630001	12640000	0.014763537644448	6091	89.924707792333	697	5675.2272089762
GLOBAL	II	12640001	12650000	0.0099050651585502	6363	63.025929603855	491	5614.175315568
GLOBAL	II	12650001	12660000	0.011496488931882	5146	59.160932043462	458	4556.1500701262
GLOBAL	II	12660001	12670000	0.012327966375922	6048	74.559540641576	583	5578.8962131837
GLOBAL	II	12670001	12680000	0.012466311765465	5994	74.723072722197	583	5468.3828892006
GLOBAL	II	12680001	12690000	0.010685708845669	6138	65.588880894714	506	5292.7542134831
GLOBAL	II	12690001	12700000	0.011810054977653	6921	81.737390500334	638	6726.0771388499
GLOBAL	II	12700001	12710000	0.0109435909611	5632	61.634304292913	479	5383.6437587658
GLOBAL	II	12710001	12720000	0.012252956687919	7094	86.922474744096	679	6779.98457223
GLOBAL	II	12720001	12730000	0.01387369486348	6815	94.549230494617	735	6351.6086956522
GLOBAL	II	12730001	12740000	0.0080836180440336	6020	48.663380625082	361	3145.2833099579
GLOBAL	II	12740001	12750000	0.01267854225208	4094	51.905951980016	396	3198.3848314607
GLOBAL	II	12750001	12760000	0.015878970329507	4760	75.583898768453	574	3830.058988764
GLOBAL	II	12760001	12770000	0.011530824151911	4167	48.048944241014	364	2483.7079136691
GLOBAL	II	12770001	12780000	0.013829537899597	5290	73.158255488869	562	4373.35302391
GLOBAL	II	12780001	12790000	0.017095516534584	5908	101.00031168632	783	5577.0603085554
GLOBAL	II	12790001	12800000	0.015625856950069	5197	81.207578569511	629	4861.1669004208
GLOBAL	II	12800001	12810000	0.017516581543805	5414	94.834772478158	731	4970.159887798
GLOBAL	II	12810001	12820000	0.015034660636483	6039	90.794315583722	707	5770.8373071529
GLOBAL	II	12820001	12830000	0.012882239914639	5737	73.905410390283	576	5526.4516129032
GLOBAL	II	12830001	12840000	0.013401659751976	6958	93.248748554249	729	6821.1332398317
GLOBAL	II	12840001	12850000	0.013490439645016	4450	60.032456420319	467	4016.2275280899
GLOBAL	II	12850001	12860000	0.013754631610459	6217	85.512544722222	668	6083.2334739803
GLOBAL	II	12860001	12870000	0.01663158144577	4335	72.097905567411	562	4159.0337078652
GLOBAL	II	12870001	12880000	0.016454683358323	6639	109.24264281591	853	6493.4558204769
GLOBAL	II	12880001	12890000	0.015283294642559	6418	98.088185015942	765	6221.8117977528
GLOBAL	II	12890001	12900000	0.013554507771078	6262	84.878327662489	662	6072.8251057828
GLOBAL	II	12900001	12910000	0.013213016406098	5148	68.02060845859	526	4537.125
GLOBAL	II	12910001	12920000	0.014265644072519	5996	85.536801858822	659	5308.6816269285
GLOBAL	II	12920001	12930000	0.01586256141653	5686	90.194524214389	700	5476.2159887798
GLOBAL	II	12930001	12940000	0.012671334744795	6869	87.039398361995	671	6355
GLOBAL	II	12940001	12950000	0.011996359450205	4753	57.018696466823	443	4260.1150070126
GLOBAL	II	12950001	12960000	0.012457698348573	6252	77.885530075279	604	5938.5862552595
GLOBAL	II	12960001	12970000	0.011221523597833	6663	74.769011732361	584	6532.3141654979
GLOBAL	II	12970001	12980000	0.011967846650059	6598	78.963852197088	618	6531.8962131837
GLOBAL	II	12980001	12990000	0.011424132972375	7141	81.579733555733	638	7062.7587657784
GLOBAL	II	12990001	13000000	0.013950696842582	6142	85.68518000714	670	6000.7279102384
GLOBAL	II	13000001	13010000	0.012920440645217	6207	80.197175084864	626	6034.5245441795
GLOBAL	II	13010001	13020000	0.014570650538815	7385	107.60425422915	841	7270.7223001403
GLOBAL	II	13020001	13030000	0.012846845876126	6758	86.818984430856	679	6611.3688639551
GLOBAL	II	13030001	13040000	0.014335372535658	4959	71.089112404326	545	3821.7068723703
GLOBAL	II	13040001	13050000	0.012261426231743	7180	88.037040343915	689	7102.1065918654
GLOBAL	II	13050001	13060000	0.014321623352057	4033	57.759106978846	451	3773.3828892006
GLOBAL	II	13060001	13070000	0.013020412238676	5920	77.080840452965	600	5444.4039270687
GLOBAL	II	13070001	13080000	0.014649611424973	6025	88.263908835461	688	5317.6661991585
GLOBAL	II	13080001	13090000	0.0081729482196418	6797	55.551529048905	396	2865.9156118143
GLOBAL	II	13090001	13100000	0.010580082368822	7168	75.838030419715	452	2795.5893536122
GLOBAL	II	13100001	13110000	0.0060989879822466	4851	29.586190701878	173	2483.8111111111
GLOBAL	II	13110001	13120000	0.0077770919647763	1672	13.003297765106	80	710.09504132231
GLOBAL	II	13120001	13130000	0.0074872553463523	4856	36.358111961887	213	1290.5682451253
GLOBAL	II	13130001	13140000	0.012562363654979	5512	69.243748466243	509	3624.0855539972
GLOBAL	II	13140001	13150000	0.01647499561231	7305	120.34984294792	941	7223.9144460028
GLOBAL	II	13150001	13160000	0.015200075139957	6454	98.101284953282	765	6337.2173913043
GLOBAL	II	13160001	13170000	0.015683420962293	6884	107.96466990442	842	6746.5848527349
GLOBAL	II	13170001	13180000	0.013656867827072	6158	84.098992079107	650	4886.3211781206
GLOBAL	II	13180001	13190000	0.01498992008326	5684	85.202705753249	662	5205.1842475387
GLOBAL	II	13190001	13200000	0.014719934895011	6615	97.372369330499	759	6429.7335203366
GLOBAL	II	13200001	13210000	0.015454471996109	5029	77.720539668431	605	4844.0659186536
GLOBAL	II	13210001	13220000	0.023223949558178	3274	76.035210853475	577	2585.5803698435
GLOBAL	II	13220001	13230000	0.012826598226274	5300	67.98097059925	524	4364.2230014025
GLOBAL	II	13230001	13240000	0.013018168020208	5196	67.642401033	498	3086.98457223
GLOBAL	II	13240001	13250000	0.01540562734012	5340	82.266049996241	636	4938.0828651685
GLOBAL	II	13250001	13260000	0.019091518773903	6435	122.85392331006	958	6261.9144460028
GLOBAL	II	13260001	13270000	0.015019058614765	7378	110.81061445974	867	7306.4474053296
GLOBAL	II	13270001	13280000	0.018528522910113	5959	110.41146802136	855	5610.4915730337
GLOBAL	II	13280001	13290000	0.016479369126168	5405	89.070990126936	691	4640.7443820225
GLOBAL	II	13290001	13300000	0.011859950006992	2913	34.548034370369	246	1553.5343618513
GLOBAL	II	13300001	13310000	0.014981527619663	4007	60.03098117199	448	2028.4929775281
GLOBAL	II	13310001	13320000	0.018828260593832	5439	102.40690936985	798	4739.3792134831
GLOBAL	II	13320001	13330000	0.015556277648453	6501	101.13136099259	785	5516.8665730337
GLOBAL	II	13330001	13340000	0.017713716395158	5583	98.895678634169	770	5291.3286516854
GLOBAL	II	13340001	13350000	0.012406703332587	5480	67.988734262577	521	4118.1002824859
GLOBAL	II	13350001	13360000	0.021356212070527	4456	95.163280986268	738	4169.7050561798
GLOBAL	II	13360001	13370000	0.019980940740678	5575	111.39374462928	865	5278.6272855134
GLOBAL	II	13370001	13380000	0.016118267440018	5566	89.714276571137	690	4529.0661040788
GLOBAL	II	13380001	13390000	0.017227191343041	6323	108.92753086205	851	6208.8848314607
GLOBAL	II	13390001	13400000	0.022448162242952	5365	120.43439043344	933	4732.6732117812
GLOBAL	II	13400001	13410000	0.021408503192716	6544	140.09724489313	1094	6416.3450210379
GLOBAL	II	13410001	13420000	0.019779741314396	5559	109.95558196673	855	5283.5161290323
GLOBAL	II	13420001	13430000	0.020056284767827	4866	97.593881680247	756	4532.4823695346
GLOBAL	II	13430001	13440000	0.024971210657202	4657	116.29092803059	896	4202.1509167842
GLOBAL	II	13440001	13450000	0.024953313795284	4254	106.15139688514	805	3344.124822695
GLOBAL	II	13450001	13460000	0.020545871476256	5479	112.57082981841	874	5220.0504908836
GLOBAL	II	13460001	13470000	0.023347386426486	4743	110.73665382082	856	4391.7769985975
GLOBAL	II	13470001	13480000	0.021921166391133	3804	83.38811695187	635	2453.5772594752
GLOBAL	II	13480001	13490000	0.022830442600749	2560	58.445933057918	430	1434.1763869132
GLOBAL	II	13490001	13500000	0.0065239358966265	3318	21.646419305007	136	652.5652173913
GLOBAL	II	13500001	13510000	0.019258228372673	4399	84.71694661139	651	3470.1788732394
GLOBAL	II	13510001	13520000	0.030454051615306	3846	117.12628251247	902	3268.8481012658
GLOBAL	II	13520001	13530000	0.022174431458386	4969	110.18474991672	850	4518.290960452
GLOBAL	II	13530001	13540000	0.013799745463648	5976	82.46727889076	628	3250.9121813031
GLOBAL	II	13540001	13550000	0.016967747778402	5699	96.699194589111	750	4816.5485232068
GLOBAL	II	13550001	13560000	0.022816412157228	4625	105.52590622718	800	3688.7594936709
GLOBAL	II	13560001	13570000	0.024232538536819	4779	115.80730166746	900	4546.4158415842
GLOBAL	II	13570001	13580000	0.018596356707718	6583	122.41981620691	951	6306.4810659187
GLOBAL	II	13580001	13590000	0.015691848933615	6655	104.42925465321	816	6539.9396914446
GLOBAL	II	13590001	13600000	0.019576676937756	5633	110.27542119038	856	5292.556802244
GLOBAL	II	13600001	13610000	0.021466028863682	6194	132.96058278165	1038	6064.2482468443
GLOBAL	II	13610001	13620000	0.024343865652542	4486	109.2065813173	842	4013.4458509142
GLOBAL	II	13620001	13630000	0.018877390917296	3820	72.111633304069	550	3233.2678821879
GLOBAL	II	13630001	13640000	0.023555383276356	4728	111.36985213061	861	4420.6825842697
GLOBAL	II	13640001	13650000	0.019015778124056	4433	84.296944423942	652	4134.5175315568
GLOBAL	II	13650001	13660000	0.027000846053028	4061	109.65043582135	822	3049.2412342216
GLOBAL	II	13660001	13670000	0.022952586528727	4349	99.820798813432	775	4128.0042075736
GLOBAL	II	13670001	13680000	0.0196088647752	5160	101.18174224003	785	3856.3904494382
GLOBAL	II	13680001	13690000	0.019341681232974	3490	67.502467503079	496	2478.952247191
GLOBAL	II	13690001	13700000	0.02194601304249	3933	86.313669296113	587	1769.7668539326
GLOBAL	II	13700001	13710000	0.013572285737868	4594	62.351080679766	378	1205.3943661972
GLOBAL	II	13710001	13720000	0.018833123015551	4228	79.62644410975	611	3219.1122019635
GLOBAL	II	13720001	13730000	0.021927747166828	5643	123.73827726241	964	5382.1093969144
GLOBAL	II	13730001	13740000	0.019896146531763	4698	93.47209640622	729	4569.6970546985
GLOBAL	II	13740001	13750000	0.015856044382154	5568	88.286455119835	689	5482.3730715288
GLOBAL	II	13750001	13760000	0.019651338065132	5708	112.16983767577	874	5599.0112201964
GLOBAL	II	13760001	13770000	0.025915459396911	4126	106.92718547165	832	3735.9199438202
GLOBAL	II	13770001	13780000	0.026018946560688	4328	112.61000071466	870	4071.2168330956
GLOBAL	II	13780001	13790000	0.018740373679682	3887	72.843832492925	556	2678.6371308017
GLOBAL	II	13790001	13800000	0.027121739598388	3904	105.88327139211	824	3766.332398317
GLOBAL	II	13800001	13810000	0.037686166999186	2881	108.57384712465	829	2396.8361823362
GLOBAL	II	13810001	13820000	0.02008846191739	5400	108.4776943539	845	5258.1669004208
GLOBAL	II	13820001	13830000	0.020454383536434	5612	114.79000040647	894	5437.0546984572
GLOBAL	II	13830001	13840000	0.01386366761958	6480	89.836566174879	700	6390.7419354839
GLOBAL	II	13840001	13850000	0.019760674267185	5561	109.88910959982	855	5437.4642356241
GLOBAL	II	13850001	13860000	0.025597483992313	3626	92.816476956126	712	3142.7321178121
GLOBAL	II	13860001	13870000	0.024650671047508	4414	108.8080620037	847	4253.3842917251
GLOBAL	II	13870001	13880000	0.0250937677215	4782	119.99839724421	926	4360.5329593268
GLOBAL	II	13880001	13890000	0.02508651542694	5156	129.3460735413	1011	5078.9803646564
GLOBAL	II	13890001	13900000	0.029302250356668	3185	93.327667385987	719	2819.2314165498
GLOBAL	II	13900001	13910000	0.024651176775179	3469	85.514932233097	662	2804.2496493689
GLOBAL	II	13910001	13920000	0.036289399829818	3328	120.77112263364	931	3041.4894217207
GLOBAL	II	13920001	13930000	0.020220038656943	4843	97.925647215575	754	3580.9312762973
GLOBAL	II	13930001	13940000	0.023513235104569	4879	114.72107407519	896	4760.0476858345
GLOBAL	II	13940001	13950000	0.023055145984017	3910	90.145620797505	697	3346.9845505618
GLOBAL	II	13950001	13960000	0.026116738163687	4620	120.65933031623	940	4466.538569425
GLOBAL	II	13960001	13970000	0.026686496243777	4061	108.37386124598	841	3749.576652602
GLOBAL	II	13970001	13980000	0.022277998382216	3488	77.70565835717	597	2904.529494382
GLOBAL	II	13980001	13990000	0.026881739310721	5034	135.32267569017	1050	4646.0702247191
GLOBAL	II	13990001	14000000	0.027129156875649	6129	166.27460249085	1300	6029.7303370787
GLOBAL	II	14000001	14010000	0.025901056343785	5190	134.42648242424	1050	4750.4488078541
GLOBAL	II	14010001	14020000	0.025377854089736	3017	76.564985788735	582	2137.1865357644
GLOBAL	II	14020001	14030000	0.026397906856588	4324	114.14454924789	874	3430.546875
GLOBAL	II	14030001	14040000	0.035628408530826	2882	102.68107338584	762	2047.6544
GLOBAL	II	14040001	14050000	0.043916713905161	2484	109.08911734042	821	1942.9577677225
GLOBAL	II	14050001	14060000	0.039033984578031	3617	141.18592221874	1083	3055.8258426966
GLOBAL	II	14060001	14070000	0.035922026575696	3672	131.90568158595	1017	2968.5007012623
GLOBAL	II	14070001	14080000	0.03112135642278	3417	106.34167489664	815	2801.7719546742
GLOBAL	II	14080001	14090000	0.036146597791506	3532	127.6697833996	986	3217.5035063114
GLOBAL	II	14090001	14100000	0.029480042537632	5551	163.64371612639	1278	5438.0813464236
GLOBAL	II	14100001	14110000	0.021287815587539	4094	87.152317015385	668	3365.5455820477
GLOBAL	II	14110001	14120000	0.026528662687262	4577	121.4216891196	925	3633.770745429
GLOBAL	II	14120001	14130000	0.023243888786576	4305	100.06494122621	771	3241.261299435
GLOBAL	II	14130001	14140000	0.022994211746971	2605	59.899921600859	422	1122.2947813822
GLOBAL	II	14140001	14150000	0.02575620945115	3638	93.701089983282	673	1748.4439716312
GLOBAL	II	14150001	14160000	0.028114718137991	3798	106.77969948809	823	3394.8274894811
GLOBAL	II	14160001	14170000	0.026235570541862	2875	75.427265307853	575	2126.0381355932
GLOBAL	II	14170001	14180000	0.027610932535088	4115	113.61898738189	873	3495.2893258427
GLOBAL	II	14180001	14190000	0.024137164702223	2416	58.31538992057	428	1286.7920937042
GLOBAL	II	14190001	14200000	0.0086908757069286	1401	12.175916865407	74	303.48832271762
GLOBAL	II	14200001	14210000	0.0084937685285957	2464	20.92864565446	132	514.7264957265
GLOBAL	II	14210001	14220000	0.024652532580355	2107	51.942886146809	382	886.5583090379
GLOBAL	II	14220001	14230000	0.021977666620079	5502	120.92112174368	884	3351.1920341394
GLOBAL	II	14230001	14240000	0.032772473410744	3365	110.27937302715	846	2903.8093883357
GLOBAL	II	14240001	14250000	0.026995737376152	5178	139.78392813371	1086	4656.5007052186
GLOBAL	II	14250001	14260000	0.026380123298457	4322	114.01489289593	867	3453.5140449438
GLOBAL	II	14260001	14270000	0.028234648652147	2932	82.783989848096	637	2512.7588152327
GLOBAL	II	14270001	14280000	0.021556684604113	3082	66.437701949877	485	1359.484804631
GLOBAL	II	14280001	14290000	0.010549637624499	4216	44.477272224889	295	1187.1960183767
GLOBAL	II	14290001	14300000	0.015610060591624	3263	50.935627710469	355	1095.109352518
GLOBAL	II	14300001	14310000	0.014286999874527	3587	51.247468549928	342	1093.48
GLOBAL	II	14310001	14320000	0.027185613363394	3831	104.14808479516	776	2006.4743589744
GLOBAL	II	14320001	14330000	0.034074948233017	3423	116.63854780162	901	3175.2777777778
GLOBAL	II	14330001	14340000	0.028544268974189	3001	85.661351191541	649	2234.9526542324
GLOBAL	II	14340001	14350000	0.032929668853147	2818	92.795806828169	693	1920.4791965567
GLOBAL	II	14350001	14360000	0.023428144728599	3417	80.053970537624	553	1351.2624821683
GLOBAL	II	14360001	14370000	0.020622152968719	4511	93.026532041892	687	2664.7517630465
GLOBAL	II	14370001	14380000	0.022101780114892	3324	73.4663171019	531	1686.1687943262
GLOBAL	II	14380001	14390000	0.029652379813953	3693	109.50623865293	850	3360.3628691983
GLOBAL	II	14390001	14400000	0.028418783151306	3713	105.5189418408	818	3541.7924263675
GLOBAL	II	14400001	14410000	0.021187434441478	4649	98.500382718432	765	4184.2131837307
GLOBAL	II	14410001	14420000	0.035353000078229	2735	96.690455213956	744	2296.5649717514
GLOBAL	II	14420001	14430000	0.016499793550148	3804	62.765214664764	371	818.11392405063
GLOBAL	II	14430001	14440000	0.028678631817964	2746	78.751522972129	609	2542.5583684951
GLOBAL	II	14440001	14450000	0.012847795650522	3407	43.772439781329	281	1816.7187060478
GLOBAL	II	14450001	14460000	0.01965970601049	3399	66.823340729655	468	1845.6577840112
GLOBAL	II	14460001	14470000	0.012287103771585	4339	53.313743264907	324	694.10841654779
GLOBAL	II	14470001	14480000	0.024217674289768	3568	86.408661865891	581	1086.6481481481
GLOBAL	II	14480001	14490000	0.026578970710379	3997	106.23614592938	719	1686.5166908563
GLOBAL	II	14490001	14500000	0.032132350380626	3415	109.73197654984	775	1534.9873015873
GLOBAL	II	14500001	14510000	0.01996426559278	3714	74.147282411584	516	1698.9462025316
GLOBAL	II	14510001	14520000	0.017838248853299	4527	80.753752558883	583	2564.1101055807
GLOBAL	II	14520001	14530000	0.022032434259564	3393	74.7560494427	543	1869.414427157
GLOBAL	II	14530001	14540000	0.023771730555606	3509	83.415002519622	617	2628.2421203438
GLOBAL	II	14540001	14550000	0.03715696370431	2352	87.393178632537	646	1704.5643564356
GLOBAL	II	14550001	14560000	0.01563880999552	2849	44.554969677235	325	1685.5438871473
GLOBAL	II	14560001	14570000	0.045197182210247	1877	84.835111008634	643	1494.992917847
GLOBAL	II	14570001	14580000	0.018274334654417	2165	39.563934526813	268	589.23903818953
GLOBAL	II	14580001	14590000	0.019927292115483	1684	33.557559922474	223	509.18529411765
GLOBAL	II	14590001	14600000	0.03863734144924	2985	115.33246422598	890	2754.3122362869
GLOBAL	II	14600001	14610000	0.02342136914664	3183	74.550217993754	568	2340.1553672316
GLOBAL	II	14610001	14620000	0.034427575625853	3267	112.47488956966	871	2914.8490832158
GLOBAL	II	14620001	14630000	0.033901981490798	3620	122.72517299669	946	3317.3375706215
GLOBAL	II	14630001	14640000	0.030318921996051	2131	64.609622773585	489	1517.1193820225
GLOBAL	II	14640001	14650000	0.034833630566697	2825	98.40500635092	754	2412.9928263989
GLOBAL	II	14650001	14660000	0.030107969704475	3751	112.93499436149	866	3251.1542857143
GLOBAL	II	14660001	14670000	0.0032365861253833	2705	8.7549654691618	43	380.35115864528
GLOBAL	II	14670001	14680000	0.0041017787050432	1000	4.1017787050432	18	229.24390243902
GLOBAL	II	14680001	14690000	0.0019698939007583	652	1.2843708232944	6	170.57831325301
GLOBAL	II	14690001	14700000	0.0052738625014757	1153	6.0807634642015	27	337.85142857143
GLOBAL	II	14700001	14710000	0.0047243675453509	874	4.1290972346367	13	176.20754716981
GLOBAL	II	14710001	14720000	0.0034818825863319	680	2.3676801587057	9	190.50495049505
GLOBAL	II	14720001	14730000	0.0032935051202146	2701	8.8957573296997	38	179.68615384615
GLOBAL	II	14730001	14740000	0.0024934047978684	3056	7.6198450622857	32	277.52380952381
GLOBAL	II	14740001	14750000	0.0042256791879769	1552	6.5582540997401	26	160.08118081181
GLOBAL	II	14750001	14760000	0.0020528414573151	1432	2.9396689668752	15	195.16393442623
GLOBAL	II	14760001	14770000	0.002668588798583	1878	5.0116097637388	16	218.421875
GLOBAL	II	14770001	14780000	0.0038107932960189	1490	5.6780820110682	24	408.86170212766
GLOBAL	II	14780001	14790000	0.015696999598608	2168	34.031095129783	240	840.12316715543
GLOBAL	II	14790001	14800000	0.027743423844346	3138	87.058864023556	668	2682.1954022989
GLOBAL	II	14800001	14810000	0.026263161899814	2796	73.43180067188	564	2216.0579096045
GLOBAL	II	14810001	14820000	0.025484943449708	4110	104.7431175783	788	3176.8204768583
GLOBAL	II	14820001	14830000	0.03671408559353	3075	112.8958132001	868	2764.5977496484
GLOBAL	II	14830001	14840000	0.028399547915097	2121	60.235441127922	433	1250.3834048641
GLOBAL	II	14840001	14850000	0.043594529942004	3466	151.09864077899	1145	2911.9042253521
GLOBAL	II	14850001	14860000	0.034764395431396	3225	112.11517526625	868	3035.5007012623
GLOBAL	II	14860001	14870000	0.028590426046998	4398	125.7406937547	981	4256.1542776999
GLOBAL	II	14870001	14880000	0.035517931506394	3533	125.48485201209	977	3416.7896213184
GLOBAL	II	14880001	14890000	0.029103594808609	2141	62.310796485232	466	1551.8202247191
GLOBAL	II	14890001	14900000	0.031792707678832	2904	92.326023099329	714	2735.4754558205
GLOBAL	II	14900001	14910000	0.029145682271755	5050	147.18569547236	1144	4661.0378681627
GLOBAL	II	14910001	14920000	0.034531778191432	2161	74.623172671685	560	1667.0745428973
GLOBAL	II	14920001	14930000	0.027777265970878	4059	112.74792257579	862	3420.0476858345
GLOBAL	II	14930001	14940000	0.02331967015278	2468	57.55294593706	427	1660.9481065919
GLOBAL	II	14940001	14950000	0.02439807364849	3280	80.025681567048	606	2514.2064606742
GLOBAL	II	14950001	14960000	0.030446162288761	3323	101.17259728555	788	3207.9453015428
GLOBAL	II	14960001	14970000	0.031105160675722	2057	63.983315509959	484	1629.7119883041
GLOBAL	II	14970001	14980000	0.0218389748955	3883	84.800739519226	555	1187.4695787832
GLOBAL	II	14980001	14990000	0.01302670253114	2151	28.020437144483	181	664.31386861314
GLOBAL	II	14990001	15000000	0.02623322772235	5076	133.15986391865	1005	3900.5988779804
GLOBAL	II	15000001	15010000	0.037504101965009	3278	122.9384462413	944	2921.6353436185
GLOBAL	II	15010001	15020000	0.023900401421224	4457	106.5240891344	816	3732.6956521739
GLOBAL	II	15020001	15030000	0.023266407035696	5894	137.13220306839	1067	5660.1220196353
GLOBAL	II	15030001	15040000	0.021697937373714	5538	120.16317717563	938	5423.9901823282
GLOBAL	II	15040001	15050000	0.02275358178963	2198	50.012372773607	374	1470.4656381487
GLOBAL	II	15050001	15060000	0.033698930767942	3688	124.28165667217	954	3212.4642356241
GLOBAL	II	15060001	15070000	0.029102659502013	4372	127.2368273428	987	4062.3758765778
GLOBAL	II	15070001	15080000	0.028920646414519	4437	128.32090814122	1000	4293.0855539972
GLOBAL	II	15080001	15090000	0.022148445423632	4310	95.459799775853	722	3222.0814606742
GLOBAL	II	15090001	15100000	0.024532285847322	4261	104.53206999544	806	3768.5561797753
GLOBAL	II	15100001	15110000	0.022711982624385	4564	103.65748869769	793	3963.1167369902
GLOBAL	II	15110001	15120000	0.030393154378993	2504	76.104458564999	582	2102.9291784703
GLOBAL	II	15120001	15130000	0.026230699290644	3531	92.620599195264	715	3238.5929577465
GLOBAL	II	15130001	15140000	0.020075614896247	3431	68.879434709023	507	1737.2256699577
GLOBAL	II	15140001	15150000	0.017066705513497	3202	54.647591054218	370	1169.6206896552
GLOBAL	II	15150001	15160000	0.023305373549554	3641	84.854865093928	627	2393.8862359551
GLOBAL	II	15160001	15170000	0.025607481547552	3770	96.54020543427	748	3563.2398316971
GLOBAL	II	15170001	15180000	0.024458463635066	4564	111.62842803044	861	4028.0252454418
GLOBAL	II	15180001	15190000	0.021847057504602	4780	104.428934872	798	4150.8539325843
GLOBAL	II	15190001	15200000	0.01945446004267	4831	93.984496466137	721	3888.4179523142
GLOBAL	II	15200001	15210000	0.018625683288325	4224	78.674886209884	551	1831.4726507714
GLOBAL	II	15210001	15220000	0.012785504208748	5349	68.38966201259	457	1927.1248246844
GLOBAL	II	15220001	15230000	0.019814205180489	3344	66.258702123554	502	2437.3716690042
GLOBAL	II	15230001	15240000	0.020236294215516	3627	73.397039119677	527	2026.8735955056
GLOBAL	II	15240001	15250000	0.023266851633733	4419	102.81621736946	792	3958.4915730337
GLOBAL	II	15250001	15260000	0.023833233179149	3333	79.436166186105	605	2850.5084269663
GLOBAL	II	15260001	15270000	0.022358151115433	3465	77.470993614976	594	2767.3794076164
GLOBAL	II	15270001	15280000	0.020580621464929	3334	68.615791964073	528	2787.6912181303
GLOBAL	II	15280001	15290000	0.021217347779661	4248	90.131293368001	698	4011.3234463277
GLOBAL	II	15290001	15300000	0.020050792449436	3603	72.243005195319	559	3300.5063649222
GLOBAL	II	15300001	15310000	0.021342298679841	3972	84.77161035633	658	3768.4200848656
GLOBAL	II	15310001	15320000	0.01084237134902	3183	34.511268003931	263	1445.6377840909
GLOBAL	II	15320001	15330000	0.0017660523079215	1249	2.205799332594	13	155.26932668329
GLOBAL	II	15330001	15340000	0.0074725897462063	894	6.6804952331085	36	143.82389937107
GLOBAL	II	15340001	15350000	0.015105163114075	2877	43.457554279194	335	2502.081920904
GLOBAL	II	15350001	15360000	0.023795063580779	4001	95.204049386698	740	3801.7468175389
GLOBAL	II	15360001	15370000	0.021375756810856	4222	90.248445255433	702	4000.481741573
GLOBAL	II	15370001	15380000	0.024524504822975	4301	105.47989524362	820	4139.5617977528
GLOBAL	II	15380001	15390000	0.024108852859473	4232	102.02866530129	788	3990.095371669
GLOBAL	II	15390001	15400000	0.022504930229383	4647	104.58041077594	813	4372.6072931276
GLOBAL	II	15400001	15410000	0.020345811453657	5220	106.20513578809	809	4058.7036516854
GLOBAL	II	15410001	15420000	0.020333245381991	4105	83.467972293074	650	3922.0126760563
GLOBAL	II	15420001	15430000	0.021466864223826	4548	97.63129848996	749	3872.4586255259
GLOBAL	II	15430001	15440000	0.014685680262472	2479	36.405801370667	270	1413.5475040258
GLOBAL	II	15440001	15450000	0.026717623568096	3253	86.912429467017	662	2648.4844632768
GLOBAL	II	15450001	15460000	0.021606185824153	3773	81.520139114531	628	2932.1539548023
GLOBAL	II	15460001	15470000	0.023839262403421	3852	91.828838777979	703	3279.6681034483
GLOBAL	II	15470001	15480000	0.024240601987199	3455	83.751279865772	635	2950.9537037037
GLOBAL	II	15480001	15490000	0.029012750630296	2960	85.877741865677	649	2399.4363905325
GLOBAL	II	15490001	15500000	0.021301833873878	3383	72.064103995329	524	1983.6601503759
GLOBAL	II	15500001	15510000	0.01713819030379	3463	59.349553022025	421	2539.5494252874
GLOBAL	II	15510001	15520000	0.0051192074244477	498	2.549365297375	14	134.24679487179
GLOBAL	II	15520001	15530000	0.016815496078787	2597	43.669843316609	307	1434.4463937622
GLOBAL	II	15530001	15540000	0.014567375996301	2048	29.833986040425	204	917.05287356322
GLOBAL	II	15540001	15550000	0.015418867365257	2888	44.529688950863	301	1447.83632287
GLOBAL	II	15550001	15560000	0.015891545451066	3802	60.419655804953	440	2013.1364942529
GLOBAL	II	15560001	15570000	0.022145531836536	4207	93.166252436306	719	3840.2729844413
GLOBAL	II	15570001	15580000	0.018456101472557	4739	87.463464878449	679	4499.8403954802
GLOBAL	II	15580001	15590000	0.011640158025098	5527	64.335153404718	499	4807.6548797737
GLOBAL	II	15590001	15600000	0.018199251576638	3440	62.605425423635	483	2796.5665236051
GLOBAL	II	15600001	15610000	0.016312903010591	4897	79.884286042864	600	4189.2447257384
GLOBAL	II	15610001	15620000	0.01632932385777	4759	77.711252239128	602	4169.3797468354
GLOBAL	II	15620001	15630000	0.013878092112482	5581	77.45363207976	598	5217.301542777
GLOBAL	II	15630001	15640000	0.012529824053845	5664	70.968923440977	548	4714.2608695652
GLOBAL	II	15640001	15650000	0.013234568830823	5391	71.347560566969	551	4981.7503506311
GLOBAL	II	15650001	15660000	0.018864994137152	4777	90.118076993175	699	4174.9298737728
GLOBAL	II	15660001	15670000	0.01206287240597	5981	72.148039860106	557	5456.9803646564
GLOBAL	II	15670001	15680000	0.010843975773843	7293	79.085115318637	618	7214.0925666199
GLOBAL	II	15680001	15690000	0.014298129600223	6792	97.112896244715	758	6595.3085553997
GLOBAL	II	15690001	15700000	0.01404621293425	6340	89.052990003146	687	5893.1809256662
GLOBAL	II	15700001	15710000	0.014446875829112	6614	95.551636733745	745	6501.0603085554
GLOBAL	II	15710001	15720000	0.013818266302263	6979	96.43768052349	753	6872.9438990182
GLOBAL	II	15720001	15730000	0.013890687449914	6586	91.484067545136	715	6488.9158485273
GLOBAL	II	15730001	15740000	0.015534282399096	6556	101.84275540847	796	6455.6002805049
GLOBAL	II	15740001	15750000	0.014035450463708	6647	93.293639232267	728	6513.8639551192
GLOBAL	II	15750001	15760000	0.010380505847186	7141	74.127192254752	578	6621.8429172511
GLOBAL	II	15760001	15770000	0.014046049857997	6472	90.906034680954	710	6319.7727910238
GLOBAL	II	15770001	15780000	0.012969432779093	7129	92.459086282155	724	7070.5315568022
GLOBAL	II	15780001	15790000	0.013192161684247	4269	56.317338230053	434	3336.864978903
GLOBAL	II	15790001	15800000	0.014454891718909	6698	96.818864733252	757	6598.9887798036
GLOBAL	II	15800001	15810000	0.01380326595414	6768	93.420503977622	730	6643.8316970547
GLOBAL	II	15810001	15820000	0.016410851692337	6267	102.84680755588	803	6128.1023842917
GLOBAL	II	15820001	15830000	0.012858369945609	6933	89.147078832904	697	6520.2145862553
GLOBAL	II	15830001	15840000	0.014529084927195	6505	94.511697451405	739	6413.603085554
GLOBAL	II	15840001	15850000	0.016134204641024	6536	105.45316153374	820	6330.4628330996
GLOBAL	II	15850001	15860000	0.015194133815806	5402	82.078710872983	640	5266.0925666199
GLOBAL	II	15860001	15870000	0.016968210164013	4408	74.79587040297	574	3609.7040673212
GLOBAL	II	15870001	15880000	0.013234902703449	6701	88.687083015813	693	6589.538569425
GLOBAL	II	15880001	15890000	0.015135532140677	5641	85.37953680556	660	4941.3338008415
GLOBAL	II	15890001	15900000	0.012101005723826	6836	82.722475128071	647	6736.8667601683
GLOBAL	II	15900001	15910000	0.011828055734153	4892	57.862848651475	447	3715.729312763
GLOBAL	II	15910001	15920000	0.013877041729072	5703	79.140768980899	617	5299.2678821879
GLOBAL	II	15920001	15930000	0.014293892350391	5882	84.076674804999	655	5743.9396914446
GLOBAL	II	15930001	15940000	0.012432225554678	5820	72.355552728225	548	4712.5469845722
GLOBAL	II	15940001	15950000	0.008244235131669	7340	60.51268586645	473	7250.7349228612
GLOBAL	II	15950001	15960000	0.0088479583863374	7735	68.43895811832	536	7686.4698457223
GLOBAL	II	15960001	15970000	0.01179370614224	6479	76.411422095571	597	6371.141654979
GLOBAL	II	15970001	15980000	0.010911745379139	6503	70.959080200541	552	6388.237026648
GLOBAL	II	15980001	15990000	0.010279923445805	6878	70.70531346025	553	6757.0617110799
GLOBAL	II	15990001	16000000	0.013017710022597	6759	87.986702042732	684	6548.5301542777
GLOBAL	II	16000001	16010000	0.014596641447437	6009	87.711218457652	684	5887.5063113604
GLOBAL	II	16010001	16020000	0.012871928595655	5662	72.880859708596	559	4935.3856942496
GLOBAL	II	16020001	16030000	0.013411702503851	4889	65.569813541328	510	4370.0532959327
GLOBAL	II	16030001	16040000	0.011114048381397	6517	72.430253301561	565	6370.316970547
GLOBAL	II	16040001	16050000	0.009717860856167	6682	64.934746240908	502	6304.1150070126
GLOBAL	II	16050001	16060000	0.0077604221429569	3947	30.630386198251	232	1926.582278481
GLOBAL	II	16060001	16070000	0.010710703493416	7297	78.156003391456	607	6968.5329593268
GLOBAL	II	16070001	16080000	0.01078867997318	7203	77.710861846816	608	7130.7335203366
GLOBAL	II	16080001	16090000	0.011614485426453	7106	82.532533440378	646	7040.5792426367
GLOBAL	II	16090001	16100000	0.01114503537866	7354	81.960590174666	640	7258.7054698457
GLOBAL	II	16100001	16110000	0.011234619358544	7480	84.034952801907	657	7377.9705469846
GLOBAL	II	16110001	16120000	0.012440202606324	6577	81.819212541791	640	6500.0336605891
GLOBAL	II	16120001	16130000	0.0083033448488197	7829	65.006886821409	509	7779.01542777
GLOBAL	II	16130001	16140000	0.011365607546121	7382	83.900914905467	657	7337.0126227209
GLOBAL	II	16140001	16150000	0.0078878537431814	6871	54.197443069399	424	6811.5203366059
GLOBAL	II	16150001	16160000	0.0094522694466381	7844	74.143601539429	580	7777.7279102384
GLOBAL	II	16160001	16170000	0.010878738138975	7015	76.314348044911	596	6876.221598878
GLOBAL	II	16170001	16180000	0.010744111860791	7404	79.549404217295	623	7350.6788218794
GLOBAL	II	16180001	16190000	0.010088911700174	8135	82.073296680916	643	8101.5315568022
GLOBAL	II	16190001	16200000	0.01028636111838	8046	82.764061558488	648	7991.9803646564
GLOBAL	II	16200001	16210000	0.008701047519624	8074	70.252257673444	550	8034.8176718093
GLOBAL	II	16210001	16220000	0.0075708047964497	9052	68.530925017463	537	9026.7152875175
GLOBAL	II	16220001	16230000	0.0074893116865196	8902	66.669852633397	522	8846.2356241234
GLOBAL	II	16230001	16240000	0.010024357291382	7659	76.776552494692	601	7610.286115007
GLOBAL	II	16240001	16250000	0.0090977886374745	8261	75.156831934176	585	7991.8288920056
GLOBAL	II	16250001	16260000	0.011130512027355	6851	76.255137899407	596	6755.9901823282
GLOBAL	II	16260001	16270000	0.01172142213505	7216	84.581782126518	661	7092.8765778401
GLOBAL	II	16270001	16280000	0.0081916218902499	9054	74.166944594322	581	9014.6465638149
GLOBAL	II	16280001	16290000	0.0088791242167453	8441	74.948687513547	587	8402.9495091164
GLOBAL	II	16290001	16300000	0.0087503596819544	8262	72.295471692308	566	8205.5217391304
GLOBAL	II	16300001	16310000	0.0084128903716409	8546	71.896561116043	563	8513.9873772791
GLOBAL	II	16310001	16320000	0.0072679837550167	9165	66.611071114728	522	9144.1528751753
GLOBAL	II	16320001	16330000	0.0084371736007171	8478	71.53035778688	560	8393.316970547
GLOBAL	II	16330001	16340000	0.0073113203155553	8612	62.965090557562	493	8545.2089761571
GLOBAL	II	16340001	16350000	0.0061473377075236	8906	54.748189623206	429	8878.3632538569
GLOBAL	II	16350001	16360000	0.0055119863152077	9353	51.553608006138	404	9333.347826087
GLOBAL	II	16360001	16370000	0.0078700582379837	8872	69.823156687391	547	8845.9635343619
GLOBAL	II	16370001	16380000	0.0071389923497296	9509	67.884678253578	532	9487.6171107994
GLOBAL	II	16380001	16390000	0.0067429570555912	8443	56.930786420356	444	7946.2384291725
GLOBAL	II	16390001	16400000	0.0078155161775387	8852	69.182949203573	542	8815.0532959327
GLOBAL	II	16400001	16410000	0.0059777280544178	9179	54.869565811501	430	9155.618513324
GLOBAL	II	16410001	16420000	0.0058493984664905	9336	54.609984083155	428	9320.0140252454
GLOBAL	II	16420001	16430000	0.0073328193889077	8512	62.416958638382	489	8481.1626928471
GLOBAL	II	16430001	16440000	0.0071970200893902	8848	63.679233750924	499	8828
GLOBAL	II	16440001	16450000	0.0069725531777801	7175	50.028069050572	386	6406.1430575035
GLOBAL	II	16450001	16460000	0.0062647590071337	7588	47.536991346131	364	6480.492286115
GLOBAL	II	16460001	16470000	0.0065098638611004	9020	58.718972027126	460	8991.8976157083
GLOBAL	II	16470001	16480000	0.0057842670920558	9270	53.620155943358	420	9219.762973352
GLOBAL	II	16480001	16490000	0.0064734584825284	8041	52.053079658011	407	7635.1136044881
GLOBAL	II	16490001	16500000	0.0057354697080391	9483	54.389459241335	426	9453.3562412342
GLOBAL	II	16500001	16510000	0.006779084725422	9109	61.750682763869	484	9096.1654978962
GLOBAL	II	16510001	16520000	0.0060659791597505	9405	57.050533997453	447	9384.6535764376
GLOBAL	II	16520001	16530000	0.0076854465597451	8358	64.234962346349	503	8324.6900420757
GLOBAL	II	16530001	16540000	0.0048532004052813	9439	45.80935862545	359	9418.1276297335
GLOBAL	II	16540001	16550000	0.0065416115476669	9112	59.607164422341	467	9083.7433380084
GLOBAL	II	16550001	16560000	0.0059140188344282	8910	52.693907814756	413	8892.8148667602
GLOBAL	II	16560001	16570000	0.0077939836628841	8349	65.071969601419	508	7819.3997194951
GLOBAL	II	16570001	16580000	0.004765373764757	5566	26.524070374637	191	2467.1316568047
GLOBAL	II	16580001	16590000	0.0060958486618183	6262	38.172204320306	262	2631.0931899642
GLOBAL	II	16590001	16600000	0.0075145603813833	811	6.0943084693019	40	380.84959349593
GLOBAL	III	1	10000	0.0057747389048927	5869	33.891942632815	259	4445.5457102672
GLOBAL	III	10001	20000	0.0055501938771851	8921	49.513279578368	388	8903.2720897616
GLOBAL	III	20001	30000	0.0053823927264088	9364	50.400725490092	395	9348.0518934081
GLOBAL	III	30001	40000	0.0068390519933419	9056	61.934454851704	485	8998.0224403927
GLOBAL	III	40001	50000	0.0059643349087127	7959	47.470141538444	370	7313.7882187938
GLOBAL	III	50001	60000	0.0068304794198279	8747	59.746203485235	468	8711.0042075736
GLOBAL	III	60001	70000	0.0064747552944139	8857	57.346907642624	449	8810.126227209
GLOBAL	III	70001	80000	0.0060157069620227	9255	55.675367933521	436	9211.1879382889
GLOBAL	III	80001	90000	0.004574617486597	9622	44.016969456036	345	9607.1150070126
GLOBAL	III	90001	100000	0.0069388865783958	8716	60.479335417298	474	8698.2047685835
GLOBAL	III	100001	110000	0.0076867455246434	8703	66.897746300972	524	8662.5848527349
GLOBAL	III	110001	120000	0.0078010420403241	8213	64.069958277182	502	8184.9747545582
GLOBAL	III	120001	130000	0.006260212201432	7366	46.112723075748	341	5586.126227209
GLOBAL	III	130001	140000	0.0064021972083332	9091	58.202374820957	456	9059.2201963534
GLOBAL	III	140001	150000	0.0066092071154684	8206	54.235153589534	425	8182.2005610098
GLOBAL	III	150001	160000	0.0058352959881286	9380	54.735076368647	429	9366.206171108
GLOBAL	III	160001	170000	0.0071391849925981	8815	62.931915709752	493	8775.9705469846
GLOBAL	III	170001	180000	0.006166688836221	9109	56.172368609137	440	9063.2398316971
GLOBAL	III	180001	190000	0.0062330417375389	8563	53.373536398546	418	8512.6213183731
GLOBAL	III	190001	200000	0.0071400814279379	9031	64.482075375707	505	8985.7812061711
GLOBAL	III	200001	210000	0.0073857562353399	9192	67.889871315244	532	9165.6213183731
GLOBAL	III	210001	220000	0.0066880183638566	9329	62.392523316418	489	9312.667601683
GLOBAL	III	220001	230000	0.0088154806327206	8416	74.191085004976	580	8281.9621318373
GLOBAL	III	230001	240000	0.007748061022692	8902	68.973239224004	540	8860.4403927069
GLOBAL	III	240001	250000	0.0086943908130357	7701	66.955503651188	524	7613.252454418
GLOBAL	III	250001	260000	0.0067245179247609	8643	58.120008423709	455	8604.0280504909
GLOBAL	III	260001	270000	0.0066761743445284	4971	33.187262666651	258	4436.9144460028
GLOBAL	III	270001	280000	0.0087216424488491	4040	35.23543549335	275	3731.7391304348
GLOBAL	III	280001	290000	0.0082181234601013	8227	67.610501706254	529	8085.6914446003
GLOBAL	III	290001	300000	0.0089145831685412	7142	63.667952989722	497	6718.2258064516
GLOBAL	III	300001	310000	0.008758985415448	8641	75.686392974886	593	8606.0575035063
GLOBAL	III	310001	320000	0.007569209972329	9088	68.788980228526	539	9055.3071528752
GLOBAL	III	320001	330000	0.0068088523077628	7906	53.830786345173	420	7645.9733520337
GLOBAL	III	330001	340000	0.0075646718188662	7597	57.468811807926	450	7549.9985974755
GLOBAL	III	340001	350000	0.007994119354654	8240	65.871543482349	516	8205.9621318373
GLOBAL	III	350001	360000	0.0074955630958869	8413	63.060172325696	494	8380.6115007013
GLOBAL	III	360001	370000	0.0067720839113775	8219	55.659757667612	435	8015.5007012623
GLOBAL	III	370001	380000	0.0084355759230277	8554	72.157916445579	565	8487.9453015428
GLOBAL	III	380001	390000	0.0098398395552807	8653	85.144131671844	667	8615.7026647966
GLOBAL	III	390001	400000	0.0078997932686844	8934	70.576753062426	553	8905.950911641
GLOBAL	III	400001	410000	0.0097712960104019	8253	80.642505973847	631	8160.5553997195
GLOBAL	III	410001	420000	0.012316415708156	6072	74.785276179921	583	5796.2272089762
GLOBAL	III	420001	430000	0.0098754262004942	8112	80.109457338409	627	8032.5329593268
GLOBAL	III	430001	440000	0.012101406905554	6551	79.276316638285	620	6483.5694249649
GLOBAL	III	440001	450000	0.011301542382308	7404	83.676619798608	655	7336.3127629734
GLOBAL	III	450001	460000	0.0098804408072084	6972	68.886433307857	539	6896.0897615708
GLOBAL	III	460001	470000	0.0082671863938457	8079	66.79059887588	523	8036.8415147265
GLOBAL	III	470001	480000	0.0083411378163591	6806	56.76978397814	444	6693.9242636746
GLOBAL	III	480001	490000	0.0087742592007124	8169	71.67692341062	561	8105.5890603086
GLOBAL	III	490001	500000	0.0086710042430665	7591	65.821593209118	515	7516.8330995792
GLOBAL	III	500001	510000	0.0065757730284148	8915	58.623016548318	459	8888.7601683029
GLOBAL	III	510001	520000	0.0076423188076911	7649	58.456096560029	458	7619.4740532959
GLOBAL	III	520001	530000	0.0080977893934998	8184	66.272308396402	519	8129.6213183731
GLOBAL	III	530001	540000	0.010275334373805	7150	73.468640772706	575	7094.2412342216
GLOBAL	III	540001	550000	0.009551148494433	7757	74.088258871317	580	7694.4992987377
GLOBAL	III	550001	560000	0.012833369083297	6886	88.370579507582	691	6784.1430575035
GLOBAL	III	560001	570000	0.012284904208325	7575	93.058149378065	729	7537.1402524544
GLOBAL	III	570001	580000	0.013244161757946	7734	102.43034703595	802	7684.9228611501
GLOBAL	III	580001	590000	0.013579665188717	8054	109.37062342992	856	7994.6283309958
GLOBAL	III	590001	600000	0.011146445071666	7660	85.381769248959	668	7597.2720897616
GLOBAL	III	600001	610000	0.0077695626565058	9086	70.594246297011	553	9052.9158485273
GLOBAL	III	610001	620000	0.010689099697305	7701	82.316756768946	644	7627.7812061711
GLOBAL	III	620001	630000	0.011844455276224	7270	86.109189858149	674	7194.9298737728
GLOBAL	III	630001	640000	0.011761029090441	7599	89.372060058264	700	7556.3281907433
GLOBAL	III	640001	650000	0.011777310132615	6286	74.032171493616	578	5710.4880785414
GLOBAL	III	650001	660000	0.012807933106891	7089	90.795437794751	710	6995.7966339411
GLOBAL	III	660001	670000	0.012001206377614	7009	84.116455500698	655	6810.0266479663
GLOBAL	III	670001	680000	0.0104626145505	7857	82.204762523276	644	7821.3702664797
GLOBAL	III	680001	690000	0.012610648919156	7599	95.828321136667	750	7542.0659186536
GLOBAL	III	690001	700000	0.011928912663676	7520	89.705423230845	702	7454.4936886395
GLOBAL	III	700001	710000	0.014527257496137	6277	91.187595303254	713	6192.1823281907
GLOBAL	III	710001	720000	0.01430767998139	7216	103.24421874571	808	7142.9495091164
GLOBAL	III	720001	730000	0.014034516020274	4778	67.056917544871	522	4348.3071528752
GLOBAL	III	730001	740000	0.012893205068965	6187	79.770259761687	623	5773.7812061711
GLOBAL	III	740001	750000	0.012600073278745	4031	50.790895386622	397	3876.4516129032
GLOBAL	III	750001	760000	0	18	0	0	17.5
GLOBAL	III	760001	770000	0.0022042772422773	657	1.4482101481762	8	259.15972222222
GLOBAL	III	770001	780000	0.008490264860201	204	1.732014031481	10	86.263803680982
GLOBAL	III	780001	790000	NA	0	NA	0	NA
GLOBAL	III	790001	800000	0.005178858763385	570	2.9519494951295	19	149.44008714597
GLOBAL	III	800001	810000	0.013001935190857	4099	53.294932347324	410	3418.7405329593
GLOBAL	III	810001	820000	0.015566699578589	5880	91.532193522101	716	5824.9929873773
GLOBAL	III	820001	830000	0.013224277642759	7074	93.548540044879	732	7001.4474053296
GLOBAL	III	830001	840000	0.015473714502484	5973	92.42449672334	718	5363.5848527349
GLOBAL	III	840001	850000	0.012404014516521	6286	77.971635250851	596	4879.1318373072
GLOBAL	III	850001	860000	0.018290413960269	4870	89.074315986508	694	4700.0715287518
GLOBAL	III	860001	870000	0.015124136024198	6286	95.070319048106	743	6205.8036465638
GLOBAL	III	870001	880000	0.011128902584357	5400	60.096073955529	466	4717.5245441795
GLOBAL	III	880001	890000	0.015679632043438	6622	103.83052339164	809	6434.935483871
GLOBAL	III	890001	900000	0.013338923980964	6396	85.315757782246	664	6212.5371669004
GLOBAL	III	900001	910000	0.013071145765613	6662	87.079973090515	681	6563.0841514727
GLOBAL	III	910001	920000	0.0087324477846295	7565	66.060967490722	516	7462.4544179523
GLOBAL	III	920001	930000	0.01349070796322	7233	97.578290697968	764	7176.2440392707
GLOBAL	III	930001	940000	0.015830782049999	7398	117.11612560589	917	7323.2917251052
GLOBAL	III	940001	950000	0.016000077925903	7116	113.85655452073	891	7050.3856942496
GLOBAL	III	950001	960000	0.014712616613752	6544	96.279363120391	748	6233.4684431978
GLOBAL	III	960001	970000	0.016649943977595	7148	119.01379955185	931	7040.0883590463
GLOBAL	III	970001	980000	0.016255792731611	6360	103.38684177304	809	6290.8709677419
GLOBAL	III	980001	990000	0.018764410486729	6875	129.00532209626	1007	6714.3758765778
GLOBAL	III	990001	1000000	0.015557969316297	6790	105.63861165765	827	6728.347826087
GLOBAL	III	1000001	1010000	0.013669120218003	7150	97.734209558719	765	7091.1570827489
GLOBAL	III	1010001	1020000	0.012522246533854	7742	96.947232665097	759	7689.1444600281
GLOBAL	III	1020001	1030000	0.013155905824208	6512	85.671258727243	670	6431.6970546985
GLOBAL	III	1030001	1040000	0.01340957063389	6657	89.267511709803	697	6477.9312762973
GLOBAL	III	1040001	1050000	0.016077994652148	6300	101.29136630853	793	6238.6479663394
GLOBAL	III	1050001	1060000	0.014456482858603	6460	93.388879266577	731	6399.2580645161
GLOBAL	III	1060001	1070000	0.014172888297318	5873	83.237372970148	650	5432.507713885
GLOBAL	III	1070001	1080000	0.01222948765317	6623	80.995896726947	634	6564.0098176718
GLOBAL	III	1080001	1090000	0.010778458134691	8211	88.50191974395	693	8144.3632538569
GLOBAL	III	1090001	1100000	0.010723015207195	7467	80.068754552125	627	7409.9621318373
GLOBAL	III	1100001	1110000	0.011338719202893	7469	84.688893726405	663	7418.4558204769
GLOBAL	III	1110001	1120000	0.014789057209783	5771	85.347649157657	665	5512.8555399719
GLOBAL	III	1120001	1130000	0.013620954619858	6865	93.507853465327	730	6407.0729312763
GLOBAL	III	1130001	1140000	0.01251041685337	6999	87.560407556737	685	6910.0575035063
GLOBAL	III	1140001	1150000	0.011592687827582	7294	84.557065014385	662	7235.7643758766
GLOBAL	III	1150001	1160000	0.014485763671093	5674	82.192223069782	640	5511.5203366059
GLOBAL	III	1160001	1170000	0.0144585461586	6320	91.378011722354	712	6077.0659186536
GLOBAL	III	1170001	1180000	0.0098423963144687	7758	76.357310607648	598	7705.1486676017
GLOBAL	III	1180001	1190000	0.0095183243040391	7596	72.301191413481	566	7535.7868162693
GLOBAL	III	1190001	1200000	0.010395472935832	7398	76.905708779285	602	7346.1963534362
GLOBAL	III	1200001	1210000	0.01244778321312	7289	90.731891840431	710	7210.7265077139
GLOBAL	III	1210001	1220000	0.010551216449757	7939	83.766107394619	656	7889.8681626928
GLOBAL	III	1220001	1230000	0.0083348041329424	8194	68.29538506533	535	8157.538569425
GLOBAL	III	1230001	1240000	0.0076764008631054	8812	67.644444405685	530	8783.9284712482
GLOBAL	III	1240001	1250000	0.0071421101088678	7847	56.044138024286	439	7814.9130434783
GLOBAL	III	1250001	1260000	0.0089557747573891	7601	68.072843930914	533	7547.6367461431
GLOBAL	III	1260001	1270000	0.0098016687171587	7453	73.051836948983	571	7362.7952314165
GLOBAL	III	1270001	1280000	0.010866661136247	7211	78.359493453477	613	7128.7573632539
GLOBAL	III	1280001	1290000	0.011391195873977	6388	72.766959242965	569	6229.1697054698
GLOBAL	III	1290001	1300000	0.0099098548932421	7490	74.224813150383	581	7428.5133239832
GLOBAL	III	1300001	1310000	0.013709228377399	6981	95.704123302621	749	6912.0336605891
GLOBAL	III	1310001	1320000	0.014218153718951	6262	89.034078588071	694	6082.0434782609
GLOBAL	III	1320001	1330000	0.013655337934915	5390	73.60227146919	574	5225.6788218794
GLOBAL	III	1330001	1340000	0.013408827643087	6984	93.647252259321	730	6848.2314165498
GLOBAL	III	1340001	1350000	0.013752851979495	6085	83.686104295227	655	6031.6227208976
GLOBAL	III	1350001	1360000	0.017032247655046	5498	93.643297607444	732	5399.4558204769
GLOBAL	III	1360001	1370000	0.013655383565399	6558	89.552005421886	701	6502.9467040673
GLOBAL	III	1370001	1380000	0.012507702274516	7368	92.156750358635	720	7297.7237026648
GLOBAL	III	1380001	1390000	0.01476426719772	7324	108.1334929561	845	7225.5469845722
GLOBAL	III	1390001	1400000	0.013242398940429	6214	82.288267015825	644	6156.8751753156
GLOBAL	III	1400001	1410000	0.0119394321011	6453	77.045155348396	603	6386.2005610098
GLOBAL	III	1410001	1420000	0.014743635501056	6276	92.531056404629	723	6178.3450210379
GLOBAL	III	1420001	1430000	0.013786835418303	6326	87.215520856182	682	6204.8990182328
GLOBAL	III	1430001	1440000	0.013455298536938	7039	94.711846401508	741	6957.8751753156
GLOBAL	III	1440001	1450000	0.016095302211521	6370	102.52707508739	801	6265.904628331
GLOBAL	III	1450001	1460000	0.014587003521702	5986	87.317803080911	683	5924.0967741935
GLOBAL	III	1460001	1470000	0.015276521538072	6139	93.782565722226	725	5752.1093969144
GLOBAL	III	1470001	1480000	0.015823125498875	5450	86.23603396887	674	5326.8948106592
GLOBAL	III	1480001	1490000	0.016327040010493	6195	101.14601286501	791	6112.8751753156
GLOBAL	III	1490001	1500000	0.018924603763991	6602	124.94023404987	976	6484.6746143058
GLOBAL	III	1500001	1510000	0.016098103166089	5955	95.864204354058	749	5862.7279102384
GLOBAL	III	1510001	1520000	0.017244884781612	6279	108.28063154374	846	6189.8863955119
GLOBAL	III	1520001	1530000	0.018261860018624	6213	113.46093629571	886	6114.5091164095
GLOBAL	III	1530001	1540000	0.017369178075439	5752	99.907512289925	778	5460.0617110799
GLOBAL	III	1540001	1550000	0.014967273684599	6652	99.56230454995	779	6584.7040673212
GLOBAL	III	1550001	1560000	0.010946084432953	6889	75.40757565861	590	6835.6970546985
GLOBAL	III	1560001	1570000	0.014294151333756	5912	84.507022685168	660	5828.5960729313
GLOBAL	III	1570001	1580000	0.017465199424431	6107	106.659972885	832	5971.049088359
GLOBAL	III	1580001	1590000	0.014556648511647	6582	95.81186050366	749	6517.4039270687
GLOBAL	III	1590001	1600000	0.015596271997925	7253	113.11976080095	884	7162.7755960729
GLOBAL	III	1600001	1610000	0.016367384121787	6168	100.95402526318	787	6007.1037868163
GLOBAL	III	1610001	1620000	0.016930994345098	6131	103.8039263298	808	5914.3309957924
GLOBAL	III	1620001	1630000	0.016588377918636	7292	120.96245178269	947	7233.5666199158
GLOBAL	III	1630001	1640000	0.013971047105268	6354	88.772033306871	690	5903.0056100982
GLOBAL	III	1640001	1650000	0.019275434235068	5586	107.67257563709	834	5214.7517531557
GLOBAL	III	1650001	1660000	0.02197455939267	5314	116.77280861265	908	5122.3127629734
GLOBAL	III	1660001	1670000	0.018971160540527	6834	129.64891113396	1012	6722.2384291725
GLOBAL	III	1670001	1680000	0.012129692686814	8068	97.862360597218	766	8018.1276297335
GLOBAL	III	1680001	1690000	0.015348257847183	6541	100.39295457842	784	6405.255259467
GLOBAL	III	1690001	1700000	0.019582288480386	5482	107.35010544947	829	5118.9635343619
GLOBAL	III	1700001	1710000	0.020359599352153	5689	115.8257607144	903	5489.9018232819
GLOBAL	III	1710001	1720000	0.015474791131676	6463	100.01357508402	775	5849.9901823282
GLOBAL	III	1720001	1730000	0.017900868241402	6442	115.31739321111	900	6269.1935483871
GLOBAL	III	1730001	1740000	0.01849006390306	6608	122.18234227142	954	6491.0210378682
GLOBAL	III	1740001	1750000	0.019856041451087	5538	109.96275755612	856	5359.0182328191
GLOBAL	III	1750001	1760000	0.016225062127533	4364	70.806171124553	549	3816.3066104079
GLOBAL	III	1760001	1770000	0.011863117459524	5451	64.665853271863	496	4051.3511235955
GLOBAL	III	1770001	1780000	0.019793057592198	4951	97.99542813897	764	4776.4803370787
GLOBAL	III	1780001	1790000	0.015421839482539	7233	111.5461649772	872	7141.6157082749
GLOBAL	III	1790001	1800000	0.013235884758349	6653	88.058341297293	686	6425.523141655
GLOBAL	III	1800001	1810000	0.01629061464258	5504	89.66354299276	699	5098.1402524544
GLOBAL	III	1810001	1820000	0.01843648509994	5818	107.26347031145	836	5673.1332398317
GLOBAL	III	1820001	1830000	0.014195379250821	7198	102.17833984741	799	7129
GLOBAL	III	1830001	1840000	0.010371390731945	7387	76.613463336879	600	7343.7166900421
GLOBAL	III	1840001	1850000	0.016162898996326	6290	101.66463468689	795	6214.0056100982
GLOBAL	III	1850001	1860000	0.019570230735659	5852	114.52499026508	894	5734.8906030856
GLOBAL	III	1860001	1870000	0.02116699838685	3997	84.604492552239	658	3846.713884993
GLOBAL	III	1870001	1880000	0.024041851692368	4213	101.28832117995	783	3973.2187938289
GLOBAL	III	1880001	1890000	0.020930248002067	5280	110.51170945091	856	4996.5610098177
GLOBAL	III	1890001	1900000	0.026864437803507	3375	90.667477586838	702	3088.6535211268
GLOBAL	III	1900001	1910000	0.025799313754303	4733	122.10815199912	951	4557.2917251052
GLOBAL	III	1910001	1920000	0.017887163025278	5445	97.39560267264	753	4882.316970547
GLOBAL	III	1920001	1930000	0.020079095079557	4697	94.31150958868	735	4544.618513324
GLOBAL	III	1930001	1940000	0.020572017535897	4402	90.558021193018	707	4318.1949509116
GLOBAL	III	1940001	1950000	0.020264956080383	5394	109.30917309758	851	5166.3436185133
GLOBAL	III	1950001	1960000	0.016473988653662	5539	91.249423152632	711	5399.7699859748
GLOBAL	III	1960001	1970000	0.01649257495571	6744	111.22592550131	871	6694.2145862553
GLOBAL	III	1970001	1980000	0.016385094704896	7037	115.30191143836	899	6887.6746143057
GLOBAL	III	1980001	1990000	0.020435656475958	5923	121.0403933071	935	5655.4375876578
GLOBAL	III	1990001	2000000	0.018980035912032	6362	120.75098847235	943	6270.0420757363
GLOBAL	III	2000001	2010000	0.019520364654877	5138	100.29563359676	781	4987.095371669
GLOBAL	III	2010001	2020000	0.018904137880885	5553	104.97467765256	817	5338.1809256662
GLOBAL	III	2020001	2030000	0.023071869030203	5346	123.34221183546	959	5151.0659186536
GLOBAL	III	2030001	2040000	0.018205150111673	6029	109.75885002328	859	5975.556802244
GLOBAL	III	2040001	2050000	0.013204430069874	1986	26.223998118771	203	1471.8146067416
GLOBAL	III	2050001	2060000	0.018013276776922	5520	99.433287808611	775	5316.4754558205
GLOBAL	III	2060001	2070000	0.018343533286467	6025	110.51978805096	861	5925.5904628331
GLOBAL	III	2070001	2080000	0.020370007673158	5312	108.20548075982	839	5011.0056100982
GLOBAL	III	2080001	2090000	0.019560694984625	6478	126.7141821104	987	6327.1711079944
GLOBAL	III	2090001	2100000	0.014898911853375	6149	91.613408986401	711	5715.0546984572
GLOBAL	III	2100001	2110000	0.015345679752751	6583	101.02060981236	790	6491.6016830295
GLOBAL	III	2110001	2120000	0.016232426486972	6094	98.920407011609	773	5978.713884993
GLOBAL	III	2120001	2130000	0.016781464888938	5606	94.076892167387	734	5486.8120617111
GLOBAL	III	2130001	2140000	0.018668267275459	5813	108.51863767224	849	5750.3057503506
GLOBAL	III	2140001	2150000	0.015546580062686	6074	94.429927300754	735	5842.396914446
GLOBAL	III	2150001	2160000	0.014826883946981	6401	94.906884144625	742	6264.5932678822
GLOBAL	III	2160001	2170000	0.016424688042756	5889	96.72498788379	754	5121.9971949509
GLOBAL	III	2170001	2180000	0.018079687380174	6107	110.41265083073	862	5951.6844319776
GLOBAL	III	2180001	2190000	0.01769523108117	6249	110.57749902623	865	6175.9102384292
GLOBAL	III	2190001	2200000	0.014069993834046	7806	109.83037186857	860	7758.6227208976
GLOBAL	III	2200001	2210000	0.014145316036855	7727	109.30085701678	856	7677.2019635344
GLOBAL	III	2210001	2220000	0.015384888652212	6794	104.52493350313	817	6679.7419354839
GLOBAL	III	2220001	2230000	0.017834868041449	5790	103.26388595999	804	5595.3380084151
GLOBAL	III	2230001	2240000	0.01383183419343	6389	88.371588661823	690	6236.3618513324
GLOBAL	III	2240001	2250000	0.016223310842092	6714	108.9233089938	852	6620.9453015428
GLOBAL	III	2250001	2260000	0.015752229702146	6220	97.978868747351	766	6128.713884993
GLOBAL	III	2260001	2270000	0.014808396702469	5928	87.784175652236	685	5770.9719495091
GLOBAL	III	2270001	2280000	0.016469975185311	5981	98.506921583347	770	5868.9130434783
GLOBAL	III	2280001	2290000	0.016366133659945	4985	81.585176294828	635	4722.5175315568
GLOBAL	III	2290001	2300000	0.018450125159018	4622	85.276478484982	664	4458.3646563815
GLOBAL	III	2300001	2310000	0.021166141636046	6605	139.80236550609	1091	6481.6816269285
GLOBAL	III	2310001	2320000	0.020795595671027	6283	130.65872760106	1020	6131.3295932679
GLOBAL	III	2320001	2330000	0.020080291705516	5721	114.87934884726	897	5586.8204768583
GLOBAL	III	2330001	2340000	0.01366608776545	6342	86.670328608485	673	6051.9228611501
GLOBAL	III	2340001	2350000	0.014905632755844	5579	83.158525144853	646	4671.3618513324
GLOBAL	III	2350001	2360000	0.016760916012541	6368	106.73351316786	830	6191.698457223
GLOBAL	III	2360001	2370000	0.013182525103165	7045	92.870889351799	727	6989.4053295933
GLOBAL	III	2370001	2380000	0.014915735942624	7192	107.27397289935	840	7133.5960729313
GLOBAL	III	2380001	2390000	0.017794492285124	5562	98.972966089859	773	5446.778401122
GLOBAL	III	2390001	2400000	0.017252036089896	6319	109.01561605205	852	6214.9186535764
GLOBAL	III	2400001	2410000	0.017139500766339	6614	113.36065806856	887	6547.4053295933
GLOBAL	III	2410001	2420000	0.016027622850783	6735	107.94603990003	844	6641.6577840112
GLOBAL	III	2420001	2430000	0.010858482592695	6627	71.959164141788	563	6563.2244039271
GLOBAL	III	2430001	2440000	0.011816866044346	5921	69.967663848573	544	5588.0883590463
GLOBAL	III	2440001	2450000	0.01574812536954	6666	104.97700371335	820	6530.9256661992
GLOBAL	III	2450001	2460000	0.014681899041882	6217	91.277366343378	713	6018.1530898876
GLOBAL	III	2460001	2470000	0.015600253025606	6459	100.76203429239	788	6369.3352033661
GLOBAL	III	2470001	2480000	0.015027565657427	5421	81.46443342891	627	4862.0841514726
GLOBAL	III	2480001	2490000	0.015396668847654	5791	89.162109296766	694	5578.3618513324
GLOBAL	III	2490001	2500000	0.017333649236955	6025	104.43523665266	814	5822.1781206171
GLOBAL	III	2500001	2510000	0.019955672094798	5417	108.09987573752	844	5276.9929873773
GLOBAL	III	2510001	2520000	0.016430533079381	4743	77.930018395506	604	4434.0883590463
GLOBAL	III	2520001	2530000	0.017685959817164	4936	87.297897657522	679	4777.1612903226
GLOBAL	III	2530001	2540000	0.015682436515711	5622	88.166658091327	688	5497.6802244039
GLOBAL	III	2540001	2550000	0.011830490351951	5792	68.522200118503	527	4630.8962131837
GLOBAL	III	2550001	2560000	0.01293807326444	6228	80.578320290934	625	5928.5680224404
GLOBAL	III	2560001	2570000	0.013985033092313	6515	91.112490596417	713	6445.4712482468
GLOBAL	III	2570001	2580000	0.01526409691094	6235	95.171644239713	743	6115.3997194951
GLOBAL	III	2580001	2590000	0.018715406935626	5287	98.948356468655	767	5108.4011220196
GLOBAL	III	2590001	2600000	0.017743860977403	6388	113.34778392365	881	6229.0266479663
GLOBAL	III	2600001	2610000	0.017512194529182	4840	84.759021521243	651	4505.3436185133
GLOBAL	III	2610001	2620000	0.01589826108456	5829	92.670963861899	724	5746.4446002805
GLOBAL	III	2620001	2630000	0.014326342043034	5561	79.668788101312	611	4804.3239831697
GLOBAL	III	2630001	2640000	0.015048666657721	5397	81.217653951718	627	4722.1612903226
GLOBAL	III	2640001	2650000	0.017130811212368	6276	107.51297116882	825	5631.4712482468
GLOBAL	III	2650001	2660000	0.014940044385042	4335	64.765092409157	498	3512.4698457223
GLOBAL	III	2660001	2670000	0.019069628822839	5146	98.13230992233	761	4747.7265077139
GLOBAL	III	2670001	2680000	0.015737825069355	4668	73.46416742375	565	4206.3183730715
GLOBAL	III	2680001	2690000	0.0091438737600596	7936	72.565782159833	568	7868.8751753156
GLOBAL	III	2690001	2700000	0.01498547012283	5124	76.785548909381	591	4338.3352033661
GLOBAL	III	2700001	2710000	0.016043564750185	5127	82.2553564742	641	4990.6900420757
GLOBAL	III	2710001	2720000	0.017014742465418	5956	101.33980612403	790	5765.2328190743
GLOBAL	III	2720001	2730000	0.014902451786796	7089	105.6434807166	827	7025.6100981767
GLOBAL	III	2730001	2740000	0.015807288778176	5787	91.476780159303	713	5600.5287517532
GLOBAL	III	2740001	2750000	0.017423271471686	5551	96.716579939327	753	5377.6858345021
GLOBAL	III	2750001	2760000	0.017532371775216	6078	106.56175564976	833	5971.5371669004
GLOBAL	III	2760001	2770000	0.016715845688846	6468	108.11808991545	846	6393.8723702665
GLOBAL	III	2770001	2780000	0.015048035144272	6037	90.844988165968	710	5953.7419354839
GLOBAL	III	2780001	2790000	0.015483841170502	6411	99.266905744089	775	6263.4824684432
GLOBAL	III	2790001	2800000	0.01492479427574	6107	91.145718641947	711	5904.3113604488
GLOBAL	III	2800001	2810000	0.019007219315746	5799	110.22286481201	862	5710.3856942496
GLOBAL	III	2810001	2820000	0.019006176737024	5011	95.23995162923	742	4868.2678821879
GLOBAL	III	2820001	2830000	0.017584962262261	4890	85.990465462455	666	4699.8050490884
GLOBAL	III	2830001	2840000	0.0155613067893	5709	88.839500460114	686	5229.3394109397
GLOBAL	III	2840001	2850000	0.017902689728164	5346	95.707779286765	746	5183.01542777
GLOBAL	III	2850001	2860000	0.0081099401059672	2566	20.810106311912	156	1298.2698863636
GLOBAL	III	2860001	2870000	0.0021889164156492	1917	4.1961527687996	14	255.77488151659
GLOBAL	III	2870001	2880000	0.0085268049969661	3877	33.058422973238	232	1054.8490284006
GLOBAL	III	2880001	2890000	0.014869916694314	5520	82.081940152613	624	4277.5014044944
GLOBAL	III	2890001	2900000	0.0097356977986045	5082	49.476816212508	354	2703.5505617978
GLOBAL	III	2900001	2910000	0.015103282553036	6348	95.875637646674	749	6213.9326788219
GLOBAL	III	2910001	2920000	0.014114715019659	6855	96.756371459763	756	6780.3674614306
GLOBAL	III	2920001	2930000	0.015946219934586	6798	108.40240311532	848	6707.6072931276
GLOBAL	III	2930001	2940000	0.014722094617659	6496	95.634726636311	746	6300.9817671809
GLOBAL	III	2940001	2950000	0.016301856952557	5023	81.884227472696	633	4511.6199158485
GLOBAL	III	2950001	2960000	0.0156083183356	6355	99.190863022737	775	6269.7040673212
GLOBAL	III	2960001	2970000	0.015038474294741	6527	98.156121721773	768	6452.0294530154
GLOBAL	III	2970001	2980000	0.016731215203116	5761	96.388530785151	752	5641.4838709677
GLOBAL	III	2980001	2990000	0.01594785142309	5819	92.800547430958	722	5601.2300140252
GLOBAL	III	2990001	3000000	0.016630010466106	5688	94.591499531212	735	5459.0224403927
GLOBAL	III	3000001	3010000	0.015411029633708	5894	90.832608661072	708	5750
GLOBAL	III	3010001	3020000	0.014952298613263	4863	72.713028156296	559	4356.5806451613
GLOBAL	III	3020001	3030000	0.016730351818316	5162	86.362076086148	672	4786.7966339411
GLOBAL	III	3030001	3040000	0.014065749014354	4847	68.176685472574	528	4181.1991584853
GLOBAL	III	3040001	3050000	0.014638593959329	5563	81.434498195747	635	5310.3408134642
GLOBAL	III	3050001	3060000	0.015519109683384	5446	84.517071335707	659	5257.7391304348
GLOBAL	III	3060001	3070000	0.016388484047579	5644	92.496603964536	722	5454.1977559607
GLOBAL	III	3070001	3080000	0.0057589144343616	3232	18.612811451857	135	1191.047954866
GLOBAL	III	3080001	3090000	0.013177489973101	5072	66.836229143567	516	4299.029494382
GLOBAL	III	3090001	3100000	0.014116992612031	4991	70.457910126646	545	4480.6835443038
GLOBAL	III	3100001	3110000	0.010907854546283	4357	47.525522258154	365	3205.2581560284
GLOBAL	III	3110001	3120000	0.014139079336546	4699	66.43953380243	509	4126.4519368723
GLOBAL	III	3120001	3130000	0.014135392030705	5959	84.232801110972	648	5188.0394366197
GLOBAL	III	3130001	3140000	0.011747324953349	5290	62.143349003219	483	5087.6011235955
GLOBAL	III	3140001	3150000	0.0076942589146757	2941	22.628815468061	149	1176.1418338109
GLOBAL	III	3150001	3160000	0.0068008534892922	4697	31.943608839206	237	1929.4011220196
GLOBAL	III	3160001	3170000	0.01371897381856	6907	94.756952164792	739	6757.0280504909
GLOBAL	III	3170001	3180000	0.015071414426099	6321	95.266410587373	741	6075.1837307153
GLOBAL	III	3180001	3190000	0.013671103670696	4930	67.398541096533	523	4717.4109396914
GLOBAL	III	3190001	3200000	0.012641173098879	7325	92.596592949291	722	7132.4389901823
GLOBAL	III	3200001	3210000	0.012958018588985	6030	78.136852091577	610	5941.0715287518
GLOBAL	III	3210001	3220000	0.011896589814123	6072	72.236093351353	559	5500.0939691445
GLOBAL	III	3220001	3230000	0.013681891896612	6219	85.08768570503	664	5837.7924263675
GLOBAL	III	3230001	3240000	0.013045723992856	6190	80.753031515778	630	6013.1023842917
GLOBAL	III	3240001	3250000	0.01299061642422	6517	84.659847236644	661	6361.3913043478
GLOBAL	III	3250001	3260000	0.0098356864148427	5748	56.535525512516	421	4370.4137447405
GLOBAL	III	3260001	3270000	0.011252467459917	4873	54.833273932177	388	2429.9800569801
GLOBAL	III	3270001	3280000	0.015137942329092	4568	69.150120559293	533	4048.2454417952
GLOBAL	III	3280001	3290000	0.016998984439031	5779	98.237131073163	762	5490.6507713885
GLOBAL	III	3290001	3300000	0.012489346674467	6754	84.353047439348	660	6673.9060308555
GLOBAL	III	3300001	3310000	0.015508930369908	6280	97.396082723024	760	6139.4810659187
GLOBAL	III	3310001	3320000	0.013546576390235	5888	79.762241785703	624	5813.0070126227
GLOBAL	III	3320001	3330000	0.013920510001337	5111	71.147726616832	555	4963.5133239832
GLOBAL	III	3330001	3340000	0.011602950613265	5299	61.484035299693	472	4353.8387096774
GLOBAL	III	3340001	3350000	0.012846948066038	5786	74.332441510093	581	5696.1963534362
GLOBAL	III	3350001	3360000	0.013894794608951	6314	87.731733160916	683	6157.9831697055
GLOBAL	III	3360001	3370000	0.01375751272402	5343	73.506390484441	573	5002.9396914446
GLOBAL	III	3370001	3380000	0.012974157883323	5880	76.288048353938	587	5605.1879382889
GLOBAL	III	3380001	3390000	0.013292211321766	6286	83.554840368624	653	6184.079943899
GLOBAL	III	3390001	3400000	0.012242367205059	6685	81.840224765819	640	6605.8962131837
GLOBAL	III	3400001	3410000	0.012515383218726	5162	64.604408175064	504	5045.6367461431
GLOBAL	III	3410001	3420000	0.011161950681131	7771	86.739518743068	679	7709.7545582048
GLOBAL	III	3420001	3430000	0.011549103015628	6712	77.517579440895	605	6601.8190743338
GLOBAL	III	3430001	3440000	0.013603378921266	4690	63.799847140739	491	4209.9453015428
GLOBAL	III	3440001	3450000	0.013706393636896	5539	75.919714354766	589	5176.7166900421
GLOBAL	III	3450001	3460000	0.012761388772124	5602	71.489299901441	556	5271.7082748948
GLOBAL	III	3460001	3470000	0.014351921784598	3788	54.365079720057	420	3224.7341772152
GLOBAL	III	3470001	3480000	0.0082041054146175	3299	27.065343762823	197	1826.4084919473
GLOBAL	III	3480001	3490000	0.0098546761680699	1169	11.520116440474	87	597.71120689655
GLOBAL	III	3490001	3500000	0.016459785987373	5934	97.67237004907	756	5200.0575842697
GLOBAL	III	3500001	3510000	0.015501832559383	5805	89.988138007216	701	5583.5904628331
GLOBAL	III	3510001	3520000	0.012612099540822	6883	86.809081139478	679	6787.8906030856
GLOBAL	III	3520001	3530000	0.011471307908622	7419	85.105633374069	665	7283.2426367461
GLOBAL	III	3530001	3540000	0.014382290363186	5744	82.611875846138	644	5593.9438990182
GLOBAL	III	3540001	3550000	0.014202176443308	5331	75.711802619273	589	4998.7545582048
GLOBAL	III	3550001	3560000	0.013898517459311	6387	88.769831012621	693	6185.7208976157
GLOBAL	III	3560001	3570000	0.01342431798247	4397	59.026726168921	459	4218.1248246844
GLOBAL	III	3570001	3580000	0.012702611476433	6901	87.660721798863	685	6643.270687237
GLOBAL	III	3580001	3590000	0.01195943890243	6451	77.150340359578	601	6144.3492286115
GLOBAL	III	3590001	3600000	0.014143544365673	6394	90.433822674114	704	6105.159887798
GLOBAL	III	3600001	3610000	0.016163835463648	4713	76.180156540171	582	3937.729844413
GLOBAL	III	3610001	3620000	0.015036333129688	6852	103.02895460462	802	6650.8863955119
GLOBAL	III	3620001	3630000	0.013761582425465	6710	92.340218074873	723	6662.7124824684
GLOBAL	III	3630001	3640000	0.012851763936056	6718	86.338150122423	675	6611.2159887798
GLOBAL	III	3640001	3650000	0.015062591413531	6182	93.11694011845	726	5944.9172510519
GLOBAL	III	3650001	3660000	0.013705786532176	6460	88.53938099786	691	6316.01542777
GLOBAL	III	3660001	3670000	0.011760482707022	7382	86.815883343237	679	7300.4558204769
GLOBAL	III	3670001	3680000	0.011818611388642	5864	69.304337182994	541	5712.0070126227
GLOBAL	III	3680001	3690000	0.011422550595477	6210	70.934039197911	553	6038.1542776999
GLOBAL	III	3690001	3700000	0.01360790897077	6474	88.097602676764	688	6347.2482468443
GLOBAL	III	3700001	3710000	0.0099284946115834	6080	60.365247238427	470	5362.5848527349
GLOBAL	III	3710001	3720000	0.010962714948755	7247	79.446795233631	621	7117.6886395512
GLOBAL	III	3720001	3730000	0.012455988497484	6897	85.908952667144	672	6823.7279102384
GLOBAL	III	3730001	3740000	0.013004058349723	6545	85.111561898935	665	6423.8387096774
GLOBAL	III	3740001	3750000	0.0090808139497077	6415	58.253421487375	452	5572.8016877637
GLOBAL	III	3750001	3760000	0.0090430713638493	5680	51.364645346664	396	4911.461430575
GLOBAL	III	3760001	3770000	0.008584599316523	8313	71.363774118256	559	8266.0967741936
GLOBAL	III	3770001	3780000	0.0092128119544058	6585	60.666366719762	474	6436.1921458626
GLOBAL	III	3780001	3790000	0.0085576144437849	6283	53.7674915503	415	5404.350631136
GLOBAL	III	3790001	3800000	0.010137010925029	6934	70.290033754154	550	6867.0336605891
GLOBAL	III	3800001	3810000	0.010160655165978	7380	74.98563512492	587	7317.5736325386
GLOBAL	III	3810001	3820000	0.0064438614576705	7983	51.441346016583	403	7837.2650771389
GLOBAL	III	3820001	3830000	0.0068445310526492	7994	54.715181234878	428	7937.0322580645
GLOBAL	III	3830001	3840000	0.0083551642454649	7916	66.1394801671	518	7874.0476858345
GLOBAL	III	3840001	3850000	0.0077079599041479	8497	65.494535305545	513	8452.5315568022
GLOBAL	III	3850001	3860000	0.0076690865682287	9003	69.044786373763	541	8977.8036465638
GLOBAL	III	3860001	3870000	0.0075771874205476	8589	65.080462755084	510	8563.0785413745
GLOBAL	III	3870001	3880000	0.0056421970184742	9227	52.060551889461	408	9204.6437587658
GLOBAL	III	3880001	3890000	0.0058853036597505	9041	53.209030387804	417	9017.6002805049
GLOBAL	III	3890001	3900000	0.0072793682802661	8924	64.961082533095	509	8898.1346423562
GLOBAL	III	3900001	3910000	0.0075896500070882	8175	62.045388807946	486	8135.4978962132
GLOBAL	III	3910001	3920000	0.0080914959642542	7629	61.730022711295	483	7565.2776998597
GLOBAL	III	3920001	3930000	0.0094253772444751	6776	63.866356208564	499	6626.9368863955
GLOBAL	III	3930001	3940000	0.0087530165438385	7280	63.721960439144	498	7177.3534361851
GLOBAL	III	3940001	3950000	0.0073139737940976	8814	64.465365021176	503	8729.2342215989
GLOBAL	III	3950001	3960000	0.0078702224175306	8324	65.511731403524	513	8283.5273492286
GLOBAL	III	3960001	3970000	0.0075759741501665	8780	66.517053038462	521	8743.9130434783
GLOBAL	III	3970001	3980000	0.005585747717731	8931	49.886312867056	390	7894.0392706872
GLOBAL	III	3980001	3990000	0.0086073863662356	8165	70.279309680313	550	8103.3492286115
GLOBAL	III	3990001	4000000	0.0094688418057122	8079	76.498772948349	599	8032.7643758766
GLOBAL	III	4000001	4010000	0.0094648375797733	7983	75.55779839933	592	7954.4908835905
GLOBAL	III	4010001	4020000	0.011650616675663	6979	81.309653779451	635	6814.6956521739
GLOBAL	III	4020001	4030000	0.010416602624999	7786	81.103668038243	635	7717.6774193548
GLOBAL	III	4030001	4040000	0.0083886419707083	7475	62.705098731045	491	7395.3716690042
GLOBAL	III	4040001	4050000	0.0094133948659711	8204	77.227491480427	605	8168.2959326788
GLOBAL	III	4050001	4060000	0.011226214419738	7376	82.804557559985	648	7298.8302945302
GLOBAL	III	4060001	4070000	0.010025941541951	7527	75.465261986268	589	7272.7854137447
GLOBAL	III	4070001	4080000	0.0084079872323699	8384	70.492564956189	552	8332.7223001403
GLOBAL	III	4080001	4090000	0.0098014724882055	8160	79.980015503757	626	8104.3646563815
GLOBAL	III	4090001	4100000	0.0082358299532625	8743	72.005861281374	564	8712.778401122
GLOBAL	III	4100001	4110000	0.007301655191124	8931	65.211082511929	511	8908.2917251052
GLOBAL	III	4110001	4120000	0.0078786378098173	7302	57.529813287286	450	7187.4670406732
GLOBAL	III	4120001	4130000	0.0065705413292554	8326	54.70632710738	428	8248.5091164095
GLOBAL	III	4130001	4140000	0.0087542489941708	7698	67.390208757126	528	7669.2566619916
GLOBAL	III	4140001	4150000	0.0058258528399206	9248	53.877487063586	422	9212.8260869565
GLOBAL	III	4150001	4160000	0.0068771682700511	9110	62.651002940165	491	9088.5119214586
GLOBAL	III	4160001	4170000	0.006423175863922	8141	52.291074708189	409	8050.2412342216
GLOBAL	III	4170001	4180000	0.0072520059926551	8678	62.932908004261	493	8643.8835904628
GLOBAL	III	4180001	4190000	0.0089181831013631	5974	53.277225847543	417	5600.4838709677
GLOBAL	III	4190001	4200000	0.009424393280761	7765	73.180413825109	573	7709.2805049088
GLOBAL	III	4200001	4210000	0.0070152317457248	8626	60.513389038622	474	8584.556802244
GLOBAL	III	4210001	4220000	0.0063903945076289	8241	52.66324113737	412	8180.1669004208
GLOBAL	III	4220001	4230000	0.0054053297715823	9302	50.280377535259	394	9266.1991584853
GLOBAL	III	4230001	4240000	0.009259972337122	7928	73.413060688703	575	7889.6367461431
GLOBAL	III	4240001	4250000	0.0081812420083858	7972	65.220861290852	510	7880.1767180926
GLOBAL	III	4250001	4260000	0.0072647203832255	7689	55.858435026621	437	7601.9621318373
GLOBAL	III	4260001	4270000	0.0062651099121451	8738	54.744530412324	429	8715.5792426367
GLOBAL	III	4270001	4280000	0.0062579137372548	8652	54.143469654729	424	8591.332398317
GLOBAL	III	4280001	4290000	0.007778194612135	8706	67.716962293247	530	8634.1865357644
GLOBAL	III	4290001	4300000	0.007397683430988	8439	62.429050474108	489	8394.5946704067
GLOBAL	III	4300001	4310000	0.008481622557664	7668	65.037081772168	509	7596.9340813464
GLOBAL	III	4310001	4320000	0.0069255389194264	8075	55.923726774368	438	8034.9985974755
GLOBAL	III	4320001	4330000	0.0067178706108505	8723	58.599985338449	459	8684.5301542777
GLOBAL	III	4330001	4340000	0.0046469308919585	9583	44.531538737639	349	9563.079943899
GLOBAL	III	4340001	4350000	0.0057187228182549	8351	47.757054255247	374	8304.778401122
GLOBAL	III	4350001	4360000	0.0080880945217921	8349	67.527501162443	529	8311.1949509116
GLOBAL	III	4360001	4370000	0.0070700751527259	9080	64.196282386752	503	9042.0715287518
GLOBAL	III	4370001	4380000	0.0074439464834374	8264	61.516773739127	481	8148.8863955119
GLOBAL	III	4380001	4390000	0.0065992209763194	7862	51.883075315823	406	7773.2748948107
GLOBAL	III	4390001	4400000	0.0064814503944911	7983	51.741418499222	405	7940.4908835905
GLOBAL	III	4400001	4410000	0.0056321158874147	8680	48.886765902759	383	8646.7826086957
GLOBAL	III	4410001	4420000	0.0059323417675976	8783	52.103757744809	408	8737.6647966339
GLOBAL	III	4420001	4430000	0.007704326232876	8271	63.722482272117	499	8226.5315568022
GLOBAL	III	4430001	4440000	0.0074100776645253	5947	44.067731870932	345	5780.7643758766
GLOBAL	III	4440001	4450000	0.0054941211758753	9083	49.903102640476	391	9053.6129032258
GLOBAL	III	4450001	4460000	0.0060742629153925	8874	53.903009111193	422	8817.4039270687
GLOBAL	III	4460001	4470000	0.0070195093119561	8582	60.241428915207	472	8552.9453015428
GLOBAL	III	4470001	4480000	0.0092132493778109	7190	66.243263026461	517	7009.7840112202
GLOBAL	III	4480001	4490000	0.0061038268475323	8432	51.467467978392	402	8315.8036465638
GLOBAL	III	4490001	4500000	0.0056364304702449	8743	49.279311601351	386	8713.4095371669
GLOBAL	III	4500001	4510000	0.0061401489794246	8774	53.873667145471	422	8735.0252454418
GLOBAL	III	4510001	4520000	0.0062053963611174	7733	47.986330060521	374	7428.5778401122
GLOBAL	III	4520001	4530000	0.0077625646295971	8326	64.631113106025	506	8268.904628331
GLOBAL	III	4530001	4540000	0.0071810478789116	8675	62.295590349558	488	8631.9340813464
GLOBAL	III	4540001	4550000	0.0064428851137125	7887	50.815034891851	398	7821.3856942496
GLOBAL	III	4550001	4560000	0.0072768566501811	8158	59.364596552177	465	8111.1781206171
GLOBAL	III	4560001	4570000	0.0086618445999801	7861	68.090760400443	533	7770.6605890603
GLOBAL	III	4570001	4580000	0.009216684439203	6729	62.019069591397	483	6473.301542777
GLOBAL	III	4580001	4590000	0.0078108797807032	8482	66.251882299924	519	8443.9733520337
GLOBAL	III	4590001	4600000	0.0054628991119452	8326	45.484098006056	356	7962.9831697055
GLOBAL	III	4600001	4610000	0.0069889849635916	9240	64.578221063586	506	9210.1234221599
GLOBAL	III	4610001	4620000	0.0055272462404638	8730	48.252859679249	378	8699.1528751753
GLOBAL	III	4620001	4630000	0.0066185392034674	8109	53.669734400917	420	8038.7559607293
GLOBAL	III	4630001	4640000	0.0053406153438855	5946	31.755298834743	234	3225.8665730337
GLOBAL	III	4640001	4650000	0.0052378220776928	8213	43.018232724091	336	7806.9074333801
GLOBAL	III	4650001	4660000	0.0057152598045041	9066	51.814545387635	406	9033.5441795231
GLOBAL	III	4660001	4670000	0.0058049115639255	8249	47.884715490821	375	8209.0112201964
GLOBAL	III	4670001	4680000	0.0062318041306148	8543	53.238302687843	417	8503.8639551192
GLOBAL	III	4680001	4690000	0.0086937864610894	6758	58.752608904042	457	6402.381486676
GLOBAL	III	4690001	4700000	0.0075022506741447	8423	63.191457428321	495	8383.0575035063
GLOBAL	III	4700001	4710000	0.0062453442259593	8790	54.896575746182	430	8745.1528751753
GLOBAL	III	4710001	4720000	0.0045349094477154	9342	42.365124060557	332	9319.4880785414
GLOBAL	III	4720001	4730000	0.005471887117681	6964	38.106221887531	298	6861.1290322581
GLOBAL	III	4730001	4740000	0.0050898121240976	3485	17.73799525248	121	1759.9887798036
GLOBAL	III	4740001	4750000	0.0049530435131439	4489	22.234212330503	171	3950.6465638149
GLOBAL	III	4750001	4760000	0.0054931342401736	8785	48.257184299925	378	8751.6661991585
GLOBAL	III	4760001	4770000	0.0072703953307871	8277	60.177062152925	471	8214.8807854137
GLOBAL	III	4770001	4780000	0.0075559983916068	8431	63.704622439637	499	8391.8976157083
GLOBAL	III	4780001	4790000	0.0058897633772846	8755	51.564878368127	404	8665.1290322581
GLOBAL	III	4790001	4800000	0.005257713579293	9370	49.264776237975	386	9331.1037868163
GLOBAL	III	4800001	4810000	0.0049331820225513	8829	43.555064077105	341	8733.6872370266
GLOBAL	III	4810001	4820000	0.0071113728781218	7461	53.057953043667	414	7245.2089761571
GLOBAL	III	4820001	4830000	0.0076346647324594	1115	8.5126511766923	64	865.84218077475
GLOBAL	III	4830001	4840000	0.0037922902888984	975	3.6974830316759	27	456.8661971831
GLOBAL	III	4840001	4850000	0.0069519343607169	7927	55.107983677403	430	7695.8764044944
GLOBAL	III	4850001	4860000	0.0065084384704071	7820	50.895988838583	398	7695.5792426367
GLOBAL	III	4860001	4870000	0.0041667016886561	8464	35.266963092786	276	8371.5890603086
GLOBAL	III	4870001	4880000	0.0063515193389691	9066	57.582874327094	451	9002.9186535764
GLOBAL	III	4880001	4890000	0.0064068855808524	8182	52.421137822534	410	8061.4698457223
GLOBAL	III	4890001	4900000	0.0038165058454773	3044	11.617443793633	87	1616.4137447405
GLOBAL	III	4900001	4910000	0.0059681960194739	7930	47.327794434428	370	7508.1500701262
GLOBAL	III	4910001	4920000	0.0064863932374772	7387	47.914986845244	375	7255.1388499299
GLOBAL	III	4920001	4930000	0.0052025384145154	8814	45.855173585539	359	8741.6213183731
GLOBAL	III	4930001	4940000	0.0071902607711819	7085	50.942997563824	398	6499.5161290323
GLOBAL	III	4940001	4950000	0.0081139062731615	7252	58.842048292967	460	7161.587657784
GLOBAL	III	4950001	4960000	0.0067614108046818	8291	56.058856981617	439	8234.9396914446
GLOBAL	III	4960001	4970000	0.006864838659007	8187	56.202434101291	440	8133.1304347826
GLOBAL	III	4970001	4980000	0.0058938165004796	9009	53.09739285282	416	8974.8443197756
GLOBAL	III	4980001	4990000	0.0054147270218415	8604	46.588311295924	365	8563.9607293128
GLOBAL	III	4990001	5000000	0.0055963542830611	8761	49.029659873898	384	8373.2580645161
GLOBAL	III	5000001	5010000	0.0071173658745391	8285	58.967376270556	462	8252.8877980365
GLOBAL	III	5010001	5020000	0.0061630610024841	7465	46.007250383544	348	6514.9943899018
GLOBAL	III	5020001	5030000	0.0065918874127461	7832	51.627662216628	404	7684.4586255259
GLOBAL	III	5030001	5040000	0.003616200191471	2778	10.045804131906	72	1178.9437229437
GLOBAL	III	5040001	5050000	0.0066501254895218	6425	42.727056270178	334	5915.3450210379
GLOBAL	III	5050001	5060000	0.0065371970401316	8494	55.526951658878	435	8454.3155680224
GLOBAL	III	5060001	5070000	0.0068596639771614	8541	58.588390028936	459	8500.2622720898
GLOBAL	III	5070001	5080000	0.0067437247254037	7933	53.497968246628	419	7893.8807854137
GLOBAL	III	5080001	5090000	0.0054215502532284	9158	49.650557219066	389	9117.1697054698
GLOBAL	III	5090001	5100000	0.0049729877831446	9166	45.582406020303	357	9121.1065918654
GLOBAL	III	5100001	5110000	0.0044083695080746	9464	41.720809024418	327	9449.0280504909
GLOBAL	III	5110001	5120000	0.0061676996967203	8090	49.896690546467	390	7954.587657784
GLOBAL	III	5120001	5130000	0.0054135758717546	8702	47.108937236009	369	8653.4375876578
GLOBAL	III	5130001	5140000	0.0059316313866801	8536	50.632405516701	396	8417.8569424965
GLOBAL	III	5140001	5150000	0.0056549217617114	7775	43.967016697306	344	7365.6718092567
GLOBAL	III	5150001	5160000	0.0052050955845928	8487	44.175646226439	346	8449.2805049088
GLOBAL	III	5160001	5170000	0.0055222542155668	9082	50.153112785778	393	9057.2314165498
GLOBAL	III	5170001	5180000	0.0065606665286303	8348	54.768444181006	429	8304.1430575035
GLOBAL	III	5180001	5190000	0.0063752201691304	7665	48.866062596385	382	7553.9130434783
GLOBAL	III	5190001	5200000	0.0083398661622166	8271	68.979033027694	540	8200.2931276297
GLOBAL	III	5200001	5210000	0.0063976289114968	8460	54.123940591263	424	8419.6269284712
GLOBAL	III	5210001	5220000	0.0058592673219827	8282	48.526451960661	380	8228.2019635344
GLOBAL	III	5220001	5230000	0.006609608310097	7960	52.612482148372	412	7902.3085553997
GLOBAL	III	5230001	5240000	0.00765546035361	8679	66.441740408981	520	8607.04628331
GLOBAL	III	5240001	5250000	0.0062650579019555	9166	57.425520729324	450	9133.6465638149
GLOBAL	III	5250001	5260000	0.0049391970087052	8494	41.953539391942	327	8059.2075736325
GLOBAL	III	5260001	5270000	0.0049895317723551	6953	34.692214413185	266	6051.9256661992
GLOBAL	III	5270001	5280000	0.005691136463318	8761	49.860046555129	390	8669.8639551192
GLOBAL	III	5280001	5290000	0.0071176337288433	8159	58.072773593632	455	8126.9593267882
GLOBAL	III	5290001	5300000	0.005886799197977	9022	53.110702364148	416	8981.9172510519
GLOBAL	III	5300001	5310000	0.0048942422701194	4285	20.971828127461	164	3537.1823281907
GLOBAL	III	5310001	5320000	0.004506488196653	1456	6.5614468143267	50	874.50350631136
GLOBAL	III	5320001	5330000	0.005490836970054	8133	44.656977077449	349	7820.3394109397
GLOBAL	III	5330001	5340000	0.0036822462014803	9012	33.18440276774	260	8981.157082749
GLOBAL	III	5340001	5350000	0.0049641770600666	8562	42.50328398829	333	8532.9158485273
GLOBAL	III	5350001	5360000	0.0059862426088698	8677	51.942627117163	407	8654.5862552595
GLOBAL	III	5360001	5370000	0.0040680037946836	8504	34.594304269989	271	8476.9298737728
GLOBAL	III	5370001	5380000	0.0037700205226557	9409	35.472123097668	278	9390.1136044881
GLOBAL	III	5380001	5390000	0.0057354573929544	8021	46.004103748887	360	7934.1206171108
GLOBAL	III	5390001	5400000	0.0049659595757923	8867	44.033163558551	345	8834.7601683029
GLOBAL	III	5400001	5410000	0.0056994882528148	8578	48.890210232646	383	8538.1248246844
GLOBAL	III	5410001	5420000	0.0045932854736466	8829	40.554117446825	317	8758.5343618513
GLOBAL	III	5420001	5430000	0.0061038566736899	8182	49.941755304131	391	8116.8990182328
GLOBAL	III	5430001	5440000	0.0072659696335479	8504	61.789805763692	484	8450.0546984572
GLOBAL	III	5440001	5450000	0.0052338062998575	9362	48.998894579266	384	9340.0182328191
GLOBAL	III	5450001	5460000	0.0047791383563471	8534	40.785166733066	319	8318.7559607293
GLOBAL	III	5460001	5470000	0.0060083731729279	9346	56.154255674184	440	9317.3295932679
GLOBAL	III	5470001	5480000	0.0058923960372646	8882	52.336261602984	410	8839.8877980365
GLOBAL	III	5480001	5490000	0.0072081893246345	7799	56.216668542824	440	7742.9523141655
GLOBAL	III	5490001	5500000	0.0056597261118396	7872	44.553363952401	349	7794.8064516129
GLOBAL	III	5500001	5510000	0.0064541686133792	9000	58.087517520413	455	8958.523141655
GLOBAL	III	5510001	5520000	0.0068188446767886	8387	57.189650304226	448	8346.8457223001
GLOBAL	III	5520001	5530000	0.0061348754776878	8616	52.858087115758	414	8581.2875175316
GLOBAL	III	5530001	5540000	0.0061988948795528	9037	56.019413026519	439	9014.4039270687
GLOBAL	III	5540001	5550000	0.0066173035325618	8544	56.538241382208	443	8488.7419354839
GLOBAL	III	5550001	5560000	0.0058787960273079	7521	44.214424921383	346	7438.8148667602
GLOBAL	III	5560001	5570000	0.0060803340923214	8650	52.59488989858	412	8616.2819074334
GLOBAL	III	5570001	5580000	0.0047085658436885	8918	41.990990194014	329	8886.5988779804
GLOBAL	III	5580001	5590000	0.0062051849810413	8722	54.121623404642	424	8686.2328190743
GLOBAL	III	5590001	5600000	0.0054725331786751	8629	47.222488798788	370	8597.9789621318
GLOBAL	III	5600001	5610000	0.0050440625117114	9119	45.996806044296	359	9060.1669004208
GLOBAL	III	5610001	5620000	0.0053072193547373	8998	47.754359753926	374	8848.8976157083
GLOBAL	III	5620001	5630000	0.0055542523121207	8278	45.978100639735	360	7964.4502103787
GLOBAL	III	5630001	5640000	0.0044932355591178	9344	41.984793064397	329	9319.1570827489
GLOBAL	III	5640001	5650000	0.0056631628879194	8217	46.534209450034	364	8096.8415147265
GLOBAL	III	5650001	5660000	0.0050023172864331	9163	45.836233295586	359	9119.0084151473
GLOBAL	III	5660001	5670000	0.0056870743275905	8783	49.949573819227	391	8723.9453015428
GLOBAL	III	5670001	5680000	0.0055323885648908	9068	50.16769950643	393	9033.0294530154
GLOBAL	III	5680001	5690000	0.0038169757084802	9395	35.860486781171	281	9367.01542777
GLOBAL	III	5690001	5700000	0.0071925583216311	8701	62.582449956512	490	8614.6423562412
GLOBAL	III	5700001	5710000	0.0062436185580677	6129	38.267138142397	296	5730.7573632539
GLOBAL	III	5710001	5720000	0.005383727983995	8967	48.275888832483	375	8784.6465638149
GLOBAL	III	5720001	5730000	0.0069056495312851	8183	56.508930114506	442	8086.7559607293
GLOBAL	III	5730001	5740000	0.006178690824173	8449	52.203758773438	409	8414.572230014
GLOBAL	III	5740001	5750000	0.005914756511415	8918	52.747798568799	413	8863.4207573633
GLOBAL	III	5750001	5760000	0.00477224590103	8747	41.742834896309	327	8723.6143057504
GLOBAL	III	5760001	5770000	0.0049722381845256	8944	44.471698322397	348	8857.8387096774
GLOBAL	III	5770001	5780000	0.0049101688085212	8452	41.500746769622	325	8388.7741935484
GLOBAL	III	5780001	5790000	0.0064781156756427	8927	57.830138636462	453	8878.6199158485
GLOBAL	III	5790001	5800000	0.004924915787597	8581	42.26070237337	331	8463.4319775596
GLOBAL	III	5800001	5810000	0.0060418745263626	7040	42.534796665593	333	6711.3674614306
GLOBAL	III	5810001	5820000	0.0057268146683439	8253	47.263401457842	370	8201.1669004208
GLOBAL	III	5820001	5830000	0.0047253668247332	9263	43.771072897504	343	9234.9256661992
GLOBAL	III	5830001	5840000	0.0044853037910094	8963	40.201777878817	315	8934.8835904628
GLOBAL	III	5840001	5850000	0.0039932465615049	8726	34.845069495692	273	8682.6002805049
GLOBAL	III	5850001	5860000	0.0046425115288733	7889	36.624773451281	285	7624.7194950912
GLOBAL	III	5860001	5870000	0.0046949969078995	7698	36.14208619701	282	7447.6760168303
GLOBAL	III	5870001	5880000	0.0046768036228899	7649	35.772870911485	277	7034.301542777
GLOBAL	III	5880001	5890000	0.0058188676053102	8352	48.599182239551	380	7642.2342215989
GLOBAL	III	5890001	5900000	0.0058218750072227	8839	51.459553188841	403	8782.7433380084
GLOBAL	III	5900001	5910000	0.0068124651741256	8395	57.190645136784	448	8353.5035063114
GLOBAL	III	5910001	5920000	0.008451596187109	7895	66.725351897226	522	7818.1612903226
GLOBAL	III	5920001	5930000	0.0060453442402054	8655	52.322454398978	410	8631.2075736325
GLOBAL	III	5930001	5940000	0.0053462681889311	8855	47.341204812985	371	8833.3380084151
GLOBAL	III	5940001	5950000	0.0044580596309301	8515	37.96037775737	297	8439.6283309958
GLOBAL	III	5950001	5960000	0.0061838766635663	8591	53.125684416698	416	8530.4011220196
GLOBAL	III	5960001	5970000	0.0053647334511679	8926	47.885610785125	375	8886.4880785414
GLOBAL	III	5970001	5980000	0.0065836587252595	8091	53.268382746075	417	8047.5091164095
GLOBAL	III	5980001	5990000	0.0052430250077051	9102	47.722013620132	374	9080.8695652174
GLOBAL	III	5990001	6000000	0.0058537341037164	8485	49.668933870033	389	8448.1234221599
GLOBAL	III	6000001	6010000	0.0045287179295531	9158	41.473998798848	325	9132.1472650771
GLOBAL	III	6010001	6020000	0.0062485494486622	8680	54.237409214388	425	8646.7980364656
GLOBAL	III	6020001	6030000	0.0064631536748468	8555	55.292279688314	433	8499.7110799439
GLOBAL	III	6030001	6040000	0.0050008075075486	7713	38.571228305722	299	6055.2398316971
GLOBAL	III	6040001	6050000	0.0039626302126226	8343	33.060223863911	258	7238.1093969144
GLOBAL	III	6050001	6060000	0.0060331577036992	8261	49.839915790259	390	8155.2159887798
GLOBAL	III	6060001	6070000	0.0069223464742081	7762	53.731253332804	420	7666.5357643759
GLOBAL	III	6070001	6080000	0.0059822017669456	8026	48.013151381506	376	7657.2580645161
GLOBAL	III	6080001	6090000	0.0054136982536298	9122	49.383755469611	387	9098.9635343619
GLOBAL	III	6090001	6100000	0.0049763209083365	7810	38.865066294108	303	7391.3183730715
GLOBAL	III	6100001	6110000	0.0054820406547169	9174	50.292240966373	394	9143.1921458626
GLOBAL	III	6110001	6120000	0.0044644874931677	9063	40.461650150579	317	9028.2819074334
GLOBAL	III	6120001	6130000	0.0053048998316109	9453	50.147218108217	393	9429.6451612903
GLOBAL	III	6130001	6140000	0.0058282697700704	8694	50.670977380992	397	8661.8008415147
GLOBAL	III	6140001	6150000	0.0047951843032779	9502	45.563841249747	357	9466.538569425
GLOBAL	III	6150001	6160000	0.0045004547826418	8908	40.090051203773	314	8853.1444600281
GLOBAL	III	6160001	6170000	0.005206826908561	8346	43.45617737885	340	8241.8302945302
GLOBAL	III	6170001	6180000	0.0053792350090693	9062	48.746627652186	382	9039.4782608696
GLOBAL	III	6180001	6190000	0.0060900373454345	8242	50.194087801071	393	8190.0434782609
GLOBAL	III	6190001	6200000	0.0060374060460464	8838	53.358594634958	418	8800.0939691445
GLOBAL	III	6200001	6210000	0.0057495317351072	8864	50.96384929999	399	8807.5988779804
GLOBAL	III	6210001	6220000	0.0062299787391055	8734	54.412634307347	426	8656.2117812062
GLOBAL	III	6220001	6230000	0.0048001492129991	8879	42.620524862219	334	8857.4852734923
GLOBAL	III	6230001	6240000	0.0055742558055111	8362	46.611927045684	365	8310.2075736325
GLOBAL	III	6240001	6250000	0.0068955375702529	8381	57.791500376289	452	8276.270687237
GLOBAL	III	6250001	6260000	0.007087335941228	8232	58.342949468189	457	8187.8723702665
GLOBAL	III	6260001	6270000	0.0065974978557487	8841	58.328478542674	457	8813.221598878
GLOBAL	III	6270001	6280000	0.0055842429745293	7660	42.775301184895	335	7629.1276297335
GLOBAL	III	6280001	6290000	0.0058939880669974	8575	50.540947674503	396	8540.3562412342
GLOBAL	III	6290001	6300000	0.0055787685029202	8765	48.897905928096	383	8730.7503506311
GLOBAL	III	6300001	6310000	0.0055792564295226	9492	52.958302029028	415	9468.2159887798
GLOBAL	III	6310001	6320000	0.0067020124350746	8299	55.620001198684	435	8183.6774193548
GLOBAL	III	6320001	6330000	0.0052648232366664	8897	46.841132336621	367	8866.3464235624
GLOBAL	III	6330001	6340000	0.0053650253188138	8562	45.935346779684	360	8542.4936886396
GLOBAL	III	6340001	6350000	0.0044648968891882	9375	41.858408336139	328	9346.7237026648
GLOBAL	III	6350001	6360000	0.0061860329815024	9201	56.917689462804	446	9172.2482468443
GLOBAL	III	6360001	6370000	0.0047460622259542	9116	43.265103251799	339	9069.8232819074
GLOBAL	III	6370001	6380000	0.0047952843323215	8677	41.608682151553	326	8643.7994389902
GLOBAL	III	6380001	6390000	0.0060823491268979	8508	51.748626371648	405	8443.252454418
GLOBAL	III	6390001	6400000	0.00564312414345	8100	45.709305561945	357	7753.6956521739
GLOBAL	III	6400001	6410000	0.0052727567862747	8528	44.96606987335	349	8038.5189340813
GLOBAL	III	6410001	6420000	0.0045585629583133	8902	40.580327454905	318	8878.9887798036
GLOBAL	III	6420001	6430000	0.0068439018747731	8357	57.194487967479	448	8314.5960729313
GLOBAL	III	6430001	6440000	0.0074875739301391	7178	53.745805670539	420	7009.5203366059
GLOBAL	III	6440001	6450000	0.0051406330539506	9234	47.46860562018	372	9211.4866760168
GLOBAL	III	6450001	6460000	0.0051165922345572	9303	47.599657558086	373	9279.6605890603
GLOBAL	III	6460001	6470000	0.0066709434773436	8784	58.597567504986	459	8749.6732117812
GLOBAL	III	6470001	6480000	0.0047744287393089	9172	43.791060396941	343	9136.2159887798
GLOBAL	III	6480001	6490000	0.00734098022094	7921	58.147904330066	455	7834.0448807854
GLOBAL	III	6490001	6500000	0.0059470051486388	7264	43.199045399713	338	7156.9775596073
GLOBAL	III	6500001	6510000	0.0047120103584084	8911	41.988724303777	329	8885.5049088359
GLOBAL	III	6510001	6520000	0.005945716473013	9127	54.266554249189	425	9057.5638148668
GLOBAL	III	6520001	6530000	0.0058628637518363	7146	41.896024370622	326	6841.3674614306
GLOBAL	III	6530001	6540000	0.0066751430954561	7501	50.070248359016	391	7294.3927068724
GLOBAL	III	6540001	6550000	0.0048221660846108	8631	41.620115476276	326	8561.8779803647
GLOBAL	III	6550001	6560000	0.0051832264645128	9258	47.986310608459	376	9206.8008415147
GLOBAL	III	6560001	6570000	0.0053252999013277	8100	43.134929200754	338	8071.3997194951
GLOBAL	III	6570001	6580000	0.0056182773507499	7908	44.42933728973	348	7863.5750350631
GLOBAL	III	6580001	6590000	0.005313478396171	8863	47.093359025263	369	8829.8022440393
GLOBAL	III	6590001	6600000	0.0059131188682559	8723	51.580135887796	404	8672.5483870968
GLOBAL	III	6600001	6610000	0.0053985490559642	8798	47.496434594373	372	8758.4838709677
GLOBAL	III	6610001	6620000	0.0060966738091899	8856	53.992143254186	423	8818.0967741935
GLOBAL	III	6620001	6630000	0.005238797060051	9137	47.866888737686	375	9108.3870967742
GLOBAL	III	6630001	6640000	0.0048577462794641	7578	36.812001305779	287	6859.3983169705
GLOBAL	III	6640001	6650000	0.0054553524912093	7882	42.999088335712	335	7627.7461430575
GLOBAL	III	6650001	6660000	0.0047237253244706	8917	42.121458718304	330	8879.8807854137
GLOBAL	III	6660001	6670000	0.0061707896636668	8564	52.846642679643	414	8524.141654979
GLOBAL	III	6670001	6680000	0.0055839403040705	8277	46.218273896792	362	8219.5245441795
GLOBAL	III	6680001	6690000	0.0065845583850697	8229	54.184330950739	424	8158.6802244039
GLOBAL	III	6690001	6700000	0.0060215410170819	8948	53.880749020849	422	8872.2636746143
GLOBAL	III	6700001	6710000	0.0052983277137518	8539	45.242420347726	354	8466.2033660589
GLOBAL	III	6710001	6720000	0.006598064573525	8688	57.323985014785	449	8631.553997195
GLOBAL	III	6720001	6730000	0.0045811536286615	9305	42.627634514696	334	9271.7279102384
GLOBAL	III	6730001	6740000	0.0052569828522387	8410	44.211225787327	346	8351.0925666199
GLOBAL	III	6740001	6750000	0.0059182946569672	8528	50.471216834616	395	8444.6619915849
GLOBAL	III	6750001	6760000	0.0043930973160633	9382	41.216039019306	323	9355.7349228612
GLOBAL	III	6760001	6770000	0.0043770964338539	9040	39.56895176204	309	8738.3856942496
GLOBAL	III	6770001	6780000	0.004447819723188	9052	40.261664134297	315	8773.5133239832
GLOBAL	III	6780001	6790000	0.0056634152062036	8511	48.201326819999	377	8395.4530154278
GLOBAL	III	6790001	6800000	0.0047113547273014	9533	44.913344615364	352	9516.9312762973
GLOBAL	III	6800001	6810000	0.0054339468350059	9022	49.025068345423	384	8980.0939691445
GLOBAL	III	6810001	6820000	0.0063791202789468	9203	58.707043927147	460	9171.0014025245
GLOBAL	III	6820001	6830000	0.0053539312883883	9129	48.876038731697	383	9104.3618513324
GLOBAL	III	6830001	6840000	0.0057682308898066	8587	49.531798650769	388	8536.3758765778
GLOBAL	III	6840001	6850000	0.0059326972134978	8412	49.905848959943	391	8375.2931276297
GLOBAL	III	6850001	6860000	0.0048562606097834	8993	43.672351663782	342	8944.1458625526
GLOBAL	III	6860001	6870000	0.0051322383271411	8191	42.038164137612	329	8121.0827489481
GLOBAL	III	6870001	6880000	0.0051972118393661	9011	46.832075884528	367	8982.1346423562
GLOBAL	III	6880001	6890000	0.0062601784976871	8343	52.228669206204	409	8283.8373071529
GLOBAL	III	6890001	6900000	0.0044170808025698	9304	41.096519787109	322	9276.9004207574
GLOBAL	III	6900001	6910000	0.0041881613839732	9627	40.31942964351	316	9609.2608695652
GLOBAL	III	6910001	6920000	0.0057225462309717	7935	45.40840434276	355	7778.8920056101
GLOBAL	III	6920001	6930000	0.0051611504300378	8978	46.336808560879	363	8933.0659186536
GLOBAL	III	6930001	6940000	0.0049754449356681	9028	44.918316879212	351	8848.9382889201
GLOBAL	III	6940001	6950000	0.003991307685612	9336	37.262848552874	292	9309.7194950912
GLOBAL	III	6950001	6960000	0.0043372802959801	9296	40.319357631431	316	9275.8681626928
GLOBAL	III	6960001	6970000	0.0059480338348835	8457	50.302522141609	394	8402.0252454418
GLOBAL	III	6970001	6980000	0.0043851407305541	8850	38.808495465403	304	8817.2314165498
GLOBAL	III	6980001	6990000	0.0039645007032421	9270	36.750921519055	288	9251.0701262272
GLOBAL	III	6990001	7000000	0.0052856795806803	8838	46.714836134053	366	8811.6563814867
GLOBAL	III	7000001	7010000	0.0040044674171106	9304	37.257564848797	292	9282.6143057504
GLOBAL	III	7010001	7020000	0.0046052558289406	9035	41.608486414478	326	8996.4600280505
GLOBAL	III	7020001	7030000	0.0056957108360597	8966	51.067743356111	400	8928.5483870968
GLOBAL	III	7030001	7040000	0.0055292200830133	7133	39.439926852134	305	6300.572230014
GLOBAL	III	7040001	7050000	0.0063023918164517	8350	52.624971667372	412	8274.8106591865
GLOBAL	III	7050001	7060000	0.0032013679749823	5906	18.907279260245	146	4411.6970546985
GLOBAL	III	7060001	7070000	0.0051008776896301	9206	46.958680010735	368	9182.7096774194
GLOBAL	III	7070001	7080000	0.0041612769755586	9414	39.174261447908	307	9391.9438990182
GLOBAL	III	7080001	7090000	0.0051586329360107	8703	44.895582442101	351	8618.237026648
GLOBAL	III	7090001	7100000	0.0039465284817701	9291	36.667196124126	287	9231.7265077139
GLOBAL	III	7100001	7110000	0.0050470699166685	8408	42.435763859349	332	8338.9326788219
GLOBAL	III	7110001	7120000	0.0055940728803333	8766	49.037642869002	384	8719.8345021038
GLOBAL	III	7120001	7130000	0.0042290971869561	8903	37.65165225547	295	8877.1528751753
GLOBAL	III	7130001	7140000	0.0050473674351181	8950	45.173938544307	354	8924.0182328191
GLOBAL	III	7140001	7150000	0.0041543121893733	8515	35.373968292514	277	8096.538569425
GLOBAL	III	7150001	7160000	0.0051434048384822	8427	43.343472573889	339	8286.9340813464
GLOBAL	III	7160001	7170000	0.0049267690439397	8588	42.311092549354	331	8446.0196353436
GLOBAL	III	7170001	7180000	0.0045847547216477	9353	42.881210911571	336	9322.3618513324
GLOBAL	III	7180001	7190000	0.0051086185301558	9017	46.064413286415	361	8992.652173913
GLOBAL	III	7190001	7200000	0.0057860803220414	8823	51.050586681371	400	8789.9396914446
GLOBAL	III	7200001	7210000	0.0055867948775777	8723	48.73361171711	381	8682.7321178121
GLOBAL	III	7210001	7220000	0.006702168803784	7645	51.238080504928	401	7578.9467040673
GLOBAL	III	7220001	7230000	0.0055721695377453	7892	43.975561991886	343	7699.7054698457
GLOBAL	III	7230001	7240000	0.0049457971182652	9058	44.799030297247	351	9030.8807854137
GLOBAL	III	7240001	7250000	0.0053151655634262	9106	48.399897620559	378	8919.1697054698
GLOBAL	III	7250001	7260000	0.0056277188172829	8347	46.97456896786	368	8309.1220196353
GLOBAL	III	7260001	7270000	0.0054874003386888	9107	49.973754884438	391	8993.2272089762
GLOBAL	III	7270001	7280000	0.0046595571554291	8196	38.189730445897	299	8140.7503506311
GLOBAL	III	7280001	7290000	0.005554018711254	8351	46.381610257682	363	8207.6900420757
GLOBAL	III	7290001	7300000	0.005181045708529	8892	46.06985844024	361	8861.5582047686
GLOBAL	III	7300001	7310000	0.00439249719318	8862	38.926310125962	305	8831.7377279102
GLOBAL	III	7310001	7320000	0.0048815867063341	9180	44.812965964147	351	9132.2187938289
GLOBAL	III	7320001	7330000	0.0037156950562628	9584	35.611221419222	279	9557.3408134642
GLOBAL	III	7330001	7340000	0.0049278695611148	8679	42.768979920915	335	8637.0785413745
GLOBAL	III	7340001	7350000	0.0052817009525888	8470	44.736007068427	350	8421.2776998597
GLOBAL	III	7350001	7360000	0.0047917034370846	8612	41.266150000172	323	8535.3604488079
GLOBAL	III	7360001	7370000	0.0037747974109411	8761	33.071000117255	259	8361.5217391304
GLOBAL	III	7370001	7380000	0.0056466064679299	7857	44.365387018525	347	7401.7321178121
GLOBAL	III	7380001	7390000	0.0057166892606265	9309	53.216660327172	417	9282.6872370266
GLOBAL	III	7390001	7400000	0.0047604018844654	8969	42.696044501771	334	8853.0841514727
GLOBAL	III	7400001	7410000	0.0055068783300777	4906	27.016745087361	211	3999.286115007
GLOBAL	III	7410001	7420000	0.0052630009256131	8035	42.288212437301	331	7755.2468443198
GLOBAL	III	7420001	7430000	0.0050872971918404	8857	45.05819122813	353	8827.6395511921
GLOBAL	III	7430001	7440000	0.0051930153889955	8895	46.191871885115	362	8875.01542777
GLOBAL	III	7440001	7450000	0.0040807275244753	9601	39.179064962487	307	9576.5596072931
GLOBAL	III	7450001	7460000	0.0045418608682389	7331	33.296382025059	256	6233.3702664797
GLOBAL	III	7460001	7470000	0.0043638861697967	7911	34.522703489262	270	7591.9649368864
GLOBAL	III	7470001	7480000	0.0044864330089673	8852	39.713904995379	311	8805.0126227209
GLOBAL	III	7480001	7490000	0.0047861517872949	9017	43.156730666038	338	8971.6395511921
GLOBAL	III	7490001	7500000	0.0052965276192644	8700	46.0797902876	361	8660.2762973352
GLOBAL	III	7500001	7510000	0.0049847448927622	8585	42.794034904364	335	8529.2117812062
GLOBAL	III	7510001	7520000	0.0055532558145938	8693	48.274452796264	378	8650.9887798036
GLOBAL	III	7520001	7530000	0.003855129483388	8775	33.828761216729	263	8226.7573632539
GLOBAL	III	7530001	7540000	0.005795906158626	8570	49.670915779425	389	8498.3646563815
GLOBAL	III	7540001	7550000	0.0065193004695941	8869	57.81967586483	453	8830.064516129
GLOBAL	III	7550001	7560000	0.0061793601257559	8352	51.610015770313	404	8276.8653576438
GLOBAL	III	7560001	7570000	0.0048484504007775	9371	45.434828705686	356	9347.5105189341
GLOBAL	III	7570001	7580000	0.0056453549275973	9003	50.825130413159	398	8950.5049088359
GLOBAL	III	7580001	7590000	0.0048809658514947	9568	46.701081267101	366	9547.6844319776
GLOBAL	III	7590001	7600000	0.0058839600110839	9238	54.356022582393	426	9215.9621318373
GLOBAL	III	7600001	7610000	0.0045854613127286	9099	41.723112484518	327	9082.2903225806
GLOBAL	III	7610001	7620000	0.0039278334781355	9260	36.371738007535	285	9232.8218793829
GLOBAL	III	7620001	7630000	0.0045419842427019	9299	42.235911472885	331	9276.6886395512
GLOBAL	III	7630001	7640000	0.0043026103265266	9020	38.80954514527	304	8986.9172510519
GLOBAL	III	7640001	7650000	0.0054711541650525	8196	44.841579536771	351	8122.0771388499
GLOBAL	III	7650001	7660000	0.0060886830315594	8412	51.218001661477	401	8357.0112201964
GLOBAL	III	7660001	7670000	0.0046304975676726	8356	38.692437675472	303	7982.0252454418
GLOBAL	III	7670001	7680000	0.0047453627238119	9198	43.647846333622	342	9158.8443197756
GLOBAL	III	7680001	7690000	0.0040571182648611	9216	37.39040192896	293	9192.2510518934
GLOBAL	III	7690001	7700000	0.0054179611290831	9246	50.094468599502	392	9176.0673211781
GLOBAL	III	7700001	7710000	0.0053384577327455	8415	44.923121821054	352	8382.4263674614
GLOBAL	III	7710001	7720000	0.0054125436910915	8973	48.566754540164	380	8868.9074333801
GLOBAL	III	7720001	7730000	0.0062821721532844	8534	53.612057156129	420	8493.7363253857
GLOBAL	III	7730001	7740000	0.0051438275761092	7362	37.868858615316	295	7104.7741935484
GLOBAL	III	7740001	7750000	0.0068693025569081	8539	58.656974533439	458	8102.7840112202
GLOBAL	III	7750001	7760000	0.0062454785345597	7000	43.718349741918	334	4935.6844319776
GLOBAL	III	7760001	7770000	0.0053718598875084	9039	48.556241523188	380	8902.5049088359
GLOBAL	III	7770001	7780000	0.0054009297213812	8958	48.381528444133	379	8921.0070126227
GLOBAL	III	7780001	7790000	0.0040324733978	9020	36.372910048156	285	8983.9004207574
GLOBAL	III	7790001	7800000	0.0067651344933209	8214	55.568814728138	435	8126.1206171108
GLOBAL	III	7800001	7810000	0.0051977474679784	9354	48.61972981547	381	9330.0701262272
GLOBAL	III	7810001	7820000	0.0049277706370699	8469	41.733289525345	327	8438.8316970547
GLOBAL	III	7820001	7830000	0.0055813909310408	8444	47.129265021708	368	8217.0056100982
GLOBAL	III	7830001	7840000	0.004113586169376	9368	38.536075234715	302	9346.3281907433
GLOBAL	III	7840001	7850000	0.0053174507241912	8369	44.501745110756	348	8305.7307152875
GLOBAL	III	7850001	7860000	0.006506888883659	8328	54.189370623112	424	8246.2875175316
GLOBAL	III	7860001	7870000	0.0066461947807921	8091	53.774361971388	421	8005.4936886396
GLOBAL	III	7870001	7880000	0.0076027439796107	7709	58.609553338819	458	7567.6718092567
GLOBAL	III	7880001	7890000	0.0059740780236138	8231	49.172636212365	385	8159.1065918654
GLOBAL	III	7890001	7900000	0.0061712530346427	8729	53.868867739396	422	8683.5848527349
GLOBAL	III	7900001	7910000	0.0051212197841592	8600	44.042490143769	345	8552.6816269285
GLOBAL	III	7910001	7920000	0.0057332486981475	8728	50.039794637431	392	8696.7110799439
GLOBAL	III	7920001	7930000	0.0058785120058298	8123	47.751153023356	374	8070.5287517532
GLOBAL	III	7930001	7940000	0.0055032237083318	9104	50.101348640653	391	8897.5399719495
GLOBAL	III	7940001	7950000	0.0051259301833958	8201	42.037753434029	329	8120.4572230014
GLOBAL	III	7950001	7960000	0.0054591410975181	9136	49.874713066925	390	9060.3870967742
GLOBAL	III	7960001	7970000	0.0042169228403656	9229	38.917980893734	305	9211.1528751753
GLOBAL	III	7970001	7980000	0.0049670769226393	9482	47.097823380466	369	9456.0126227209
GLOBAL	III	7980001	7990000	0.0047377476569195	8621	40.844122550303	320	8590.7924263675
GLOBAL	III	7990001	8000000	0.0056713939331286	8801	49.913938005465	391	8757.2272089762
GLOBAL	III	8000001	8010000	0.0037951209756729	8878	33.693084022024	264	8847.2496493689
GLOBAL	III	8010001	8020000	0.0054645490752689	8322	45.475977404388	356	8267.507713885
GLOBAL	III	8020001	8030000	0.0056551970255417	8508	48.114416293309	377	8482.4586255259
GLOBAL	III	8030001	8040000	0.0055343675617797	7466	41.319588216248	321	6749.4375876578
GLOBAL	III	8040001	8050000	0.0051573949451194	9106	46.963238370258	368	9078.9495091164
GLOBAL	III	8050001	8060000	0.0064162948763555	8058	51.702504113672	405	8014.0294530154
GLOBAL	III	8060001	8070000	0.0055331197045183	8472	46.876590136679	367	8369.3856942496
GLOBAL	III	8070001	8080000	0.0046855397977707	9263	43.40215514675	340	9225.4698457223
GLOBAL	III	8080001	8090000	0.0049017566489217	8049	39.454239267171	308	7502.3562412342
GLOBAL	III	8090001	8100000	0.0063079270946068	8296	52.330563176858	409	8157.6129032258
GLOBAL	III	8100001	8110000	0.004704608301024	8439	39.702189452342	311	8407.0561009818
GLOBAL	III	8110001	8120000	0.0063428811214396	8338	52.886942790564	414	8256.7503506311
GLOBAL	III	8120001	8130000	0.0054591155296513	8722	47.614405649619	373	8682.6241234222
GLOBAL	III	8130001	8140000	0.0058315128078261	8772	51.15403035025	400	8707.5778401122
GLOBAL	III	8140001	8150000	0.0050541873303436	9291	46.958454486223	368	9270.3941093969
GLOBAL	III	8150001	8160000	0.0052171896210149	8906	46.464290764759	364	8868.4502103787
GLOBAL	III	8160001	8170000	0.0049831463557199	7970	39.715676455088	311	7914.0687237027
GLOBAL	III	8170001	8180000	0.0050663788398695	6924	35.079607087256	267	5842.2412342216
GLOBAL	III	8180001	8190000	0.0034730090206056	5226	18.149945141685	132	3652.8453757225
GLOBAL	III	8190001	8200000	0.0056009431626907	6287	35.213129663836	274	5551.6171107994
GLOBAL	III	8200001	8210000	0.0046586131610547	8902	41.470974359709	325	8883.5287517532
GLOBAL	III	8210001	8220000	0.0048394781506759	9125	44.160238124918	346	9093.446002805
GLOBAL	III	8220001	8230000	0.0050106833394733	8509	42.635904535578	334	8481.5049088359
GLOBAL	III	8230001	8240000	0.0046813536824059	9431	44.14984657877	346	9409.3267882188
GLOBAL	III	8240001	8250000	0.005152057347148	8286	42.689947178469	334	8208.5091164095
GLOBAL	III	8250001	8260000	0.0052218081418369	8780	45.847475485328	359	8735.0476858345
GLOBAL	III	8260001	8270000	0.0031850323859953	9260	29.493399894316	231	9237.6970546985
GLOBAL	III	8270001	8280000	0.0054680617655758	9087	49.688277263787	389	9029.6016830295
GLOBAL	III	8280001	8290000	0.0045908608827424	9009	41.359065692626	324	8975.9579242637
GLOBAL	III	8290001	8300000	0.0054543664528275	8053	43.92401304462	344	7986.8639551192
GLOBAL	III	8300001	8310000	0.005300407023191	9056	48.000486002018	376	9010.0434782609
GLOBAL	III	8310001	8320000	0.0052827268091316	8794	46.456299559503	364	8765.01542777
GLOBAL	III	8320001	8330000	0.0046452098816731	9368	43.516326171514	341	9339.5287517532
GLOBAL	III	8330001	8340000	0.0051339907415899	8360	42.920162599691	336	8279.3352033661
GLOBAL	III	8340001	8350000	0.0055164192301076	8676	47.860453240413	375	8643.1023842917
GLOBAL	III	8350001	8360000	0.0054999706128674	8342	45.88075485254	359	8286.3267882188
GLOBAL	III	8360001	8370000	0.0054114339171955	8893	48.123881825619	377	8863.0014025245
GLOBAL	III	8370001	8380000	0.0062700685267056	7805	48.937884850938	383	7713.4908835905
GLOBAL	III	8380001	8390000	0.0059697045225967	8749	52.228944868199	409	8698.9467040673
GLOBAL	III	8390001	8400000	0.0046735400114355	8988	42.005777622782	329	8957.0617110799
GLOBAL	III	8400001	8410000	0.0047389131582382	8861	41.991509495148	328	8780.6437587658
GLOBAL	III	8410001	8420000	0.0047594215902913	8822	41.987617269549	329	8788.7952314165
GLOBAL	III	8420001	8430000	0.0049724682755588	8779	43.65329899113	342	8741.6297335203
GLOBAL	III	8430001	8440000	0.0058815552854152	7725	45.435014579832	355	7548.1122019635
GLOBAL	III	8440001	8450000	0.0047408897799596	8194	38.846850856989	304	8065.6325385694
GLOBAL	III	8450001	8460000	0.0058435407698099	7332	42.844840924246	335	7197.8639551192
GLOBAL	III	8460001	8470000	0.001360412292165	1708	2.3235841950179	13	717.84375
GLOBAL	III	8470001	8480000	0.0065098921647262	3345	21.775589291009	165	2895.2664796634
GLOBAL	III	8480001	8490000	0.006454115644766	7827	50.516363151583	395	7702.9677419355
GLOBAL	III	8490001	8500000	0.0061477818658679	7322	45.014058821885	352	7202.9284712482
GLOBAL	III	8500001	8510000	0.0046854528114209	8528	39.957541575797	313	8478.7643758766
GLOBAL	III	8510001	8520000	0.0052725902449158	8770	46.240616447911	362	8686.7208976157
GLOBAL	III	8520001	8530000	0.0067311417362308	8047	54.165497551449	424	7964.9775596073
GLOBAL	III	8530001	8540000	0.0061226595937509	8117	49.697627922476	389	8048.8190743338
GLOBAL	III	8540001	8550000	0.0061894222344502	8545	52.888612993377	414	8482.4067321178
GLOBAL	III	8550001	8560000	0.0051073799256936	9022	46.078781689608	361	8991.126227209
GLOBAL	III	8560001	8570000	0.0054633547175712	8620	47.094117665464	369	8587.8779803647
GLOBAL	III	8570001	8580000	0.0057328580954992	8438	48.373856609822	379	8411.8415147265
GLOBAL	III	8580001	8590000	0.004501993891565	8255	37.163959574869	291	8175.0294530154
GLOBAL	III	8590001	8600000	0.005910177155123	9047	53.469372722397	419	9013.2805049088
GLOBAL	III	8600001	8610000	0.0045464505780894	9011	40.968066159164	321	8977.079943899
GLOBAL	III	8610001	8620000	0.0042415741100155	9445	40.061667469096	314	9431.2594670407
GLOBAL	III	8620001	8630000	0.0052455454165781	8783	46.071625393805	361	8749.2622720898
GLOBAL	III	8630001	8640000	0.0039418480969624	9225	36.363548694478	285	9203.6816269285
GLOBAL	III	8640001	8650000	0.0053966675403091	8613	46.481497524682	364	8565.5203366059
GLOBAL	III	8650001	8660000	0.0058276925085603	7734	45.071373861206	351	6885.237026648
GLOBAL	III	8660001	8670000	0.0059220155055343	8162	48.335490556171	378	8020.0869565217
GLOBAL	III	8670001	8680000	0.0062490289621875	8436	52.716808325014	413	8401.1963534362
GLOBAL	III	8680001	8690000	0.0051510715889979	8723	44.932797470829	352	8688.1304347826
GLOBAL	III	8690001	8700000	0.0057940474355019	8683	50.309713882463	394	8641.4095371669
GLOBAL	III	8700001	8710000	0.0055174640955025	8590	47.395016580366	371	8482.5946704067
GLOBAL	III	8710001	8720000	0.0050358046221953	8844	44.536656078695	349	8823.920056101
GLOBAL	III	8720001	8730000	0.0036797515651053	9363	34.453513904081	270	9344.126227209
GLOBAL	III	8730001	8740000	0.0054309728529983	8930	48.498587577275	380	8902.507713885
GLOBAL	III	8740001	8750000	0.0032501955905708	9110	29.6092818301	232	9090.2201963534
GLOBAL	III	8750001	8760000	0.0043750139130416	9012	39.427625384331	309	8995.7237026648
GLOBAL	III	8760001	8770000	0.0052970032926776	8889	47.085062268611	369	8869.713884993
GLOBAL	III	8770001	8780000	0.0043320970829252	9221	39.946267201653	313	9197.6956521739
GLOBAL	III	8780001	8790000	0.0039461479691527	9540	37.646251625717	295	9517.6423562412
GLOBAL	III	8790001	8800000	0.0043737294519311	9344	40.868127998844	320	9303.0504908836
GLOBAL	III	8800001	8810000	0.0048508348011846	8787	42.624285398009	334	8760.1318373072
GLOBAL	III	8810001	8820000	0.0041968461589482	9123	38.287827508084	300	9088.5287517532
GLOBAL	III	8820001	8830000	0.0030030005145326	9602	28.834810940542	226	9589.5245441795
GLOBAL	III	8830001	8840000	0.006331092843465	8528	53.991559769069	423	8495.4670406732
GLOBAL	III	8840001	8850000	0.0053394115628409	8892	47.478047616781	372	8856.6718092567
GLOBAL	III	8850001	8860000	0.0047511342367113	9265	44.01925870313	345	9246.446002805
GLOBAL	III	8860001	8870000	0.0051426664908536	8949	46.021722426649	360	8801.6311360449
GLOBAL	III	8870001	8880000	0.0052095416370424	8661	45.119840118424	353	8549.3155680224
GLOBAL	III	8880001	8890000	0.0052358808238766	9143	47.871658372704	375	9095.1360448808
GLOBAL	III	8890001	8900000	0.0047905610065018	9086	43.527037305075	341	9040.9915848527
GLOBAL	III	8900001	8910000	0.0044856878904165	9085	40.752474484434	319	8991.3632538569
GLOBAL	III	8910001	8920000	0.0053377087175766	9204	49.128271036575	385	9176.3618513324
GLOBAL	III	8920001	8930000	0.0061887885423586	8723	53.984802454994	423	8694.9018232819
GLOBAL	III	8930001	8940000	0.0048901948965032	8951	43.7721345186	343	8927.4628330996
GLOBAL	III	8940001	8950000	0.0064321151337755	8898	57.232960460335	448	8843.255259467
GLOBAL	III	8950001	8960000	0.005710767097293	9208	52.584743431874	412	9175.5525946704
GLOBAL	III	8960001	8970000	0.0040413539867733	9598	38.78891556505	304	9580.0911640954
GLOBAL	III	8970001	8980000	0.0052385757251622	9549	50.023159599574	392	9526.3702664797
GLOBAL	III	8980001	8990000	0.0064113149357051	7499	48.078450702853	375	7301.332398317
GLOBAL	III	8990001	9000000	0.0064472592526634	7804	50.314411207786	393	7650.7587657784
GLOBAL	III	9000001	9010000	0.0059365296472649	8045	47.759381012246	374	7949.6058906031
GLOBAL	III	9010001	9020000	0.0060830570438249	7836	47.666834995412	373	7771.1206171108
GLOBAL	III	9020001	9030000	0.0062368836181259	8031	50.088412337169	392	7959.7601683029
GLOBAL	III	9030001	9040000	0.0069202538183095	7278	50.365607289657	393	7073.4824684432
GLOBAL	III	9040001	9050000	0.0066533571396311	8191	54.497648330718	427	8161.110799439
GLOBAL	III	9050001	9060000	0.0060203489283924	7605	45.784753600424	355	6124.8793828892
GLOBAL	III	9060001	9070000	0.0052321110541871	9001	47.094231598738	369	8976.6297335203
GLOBAL	III	9070001	9080000	0.0060902089708565	8632	52.570683836433	411	8559.1178120617
GLOBAL	III	9080001	9090000	0.0050394826877198	9344	47.088926234053	369	9315.252454418
GLOBAL	III	9090001	9100000	0.0063605714516701	8808	56.02391334631	439	8773.461430575
GLOBAL	III	9100001	9110000	0.0050299768435477	8717	43.846308145205	343	8618.9859747546
GLOBAL	III	9110001	9120000	0.0050624508625225	8212	41.572846483035	325	8124.0813464236
GLOBAL	III	9120001	9130000	0.0062384217198621	8027	50.075811145333	391	7840.3085553997
GLOBAL	III	9130001	9140000	0.0071839849579115	8140	58.4776375574	458	8098.5175315568
GLOBAL	III	9140001	9150000	0.0058597081789347	7290	42.717272624434	332	6626.4403927069
GLOBAL	III	9150001	9160000	0.0060209734719542	8693	52.340322391698	410	8660.9607293128
GLOBAL	III	9160001	9170000	0.0072168480023696	8579	61.913339012328	485	8536.8653576438
GLOBAL	III	9170001	9180000	0.0062786820709948	8113	50.938947641981	399	8070.7054698457
GLOBAL	III	9180001	9190000	0.0058239374364567	8334	48.53669459543	380	8251.8639551192
GLOBAL	III	9190001	9200000	0.0061625977813831	9028	55.635932770327	436	9008.2678821879
GLOBAL	III	9200001	9210000	0.0058649999245577	8988	52.714619321925	413	8956.2875175316
GLOBAL	III	9210001	9220000	0.0038970017616513	9429	36.74482961061	288	9409.713884993
GLOBAL	III	9220001	9230000	0.004484734627093	8995	40.340187970702	316	8964.8288920056
GLOBAL	III	9230001	9240000	0.0053818708948364	8348	44.927858230094	352	8286.0883590463
GLOBAL	III	9240001	9250000	0.0060390006473599	8832	53.336453717483	418	8813.206171108
GLOBAL	III	9250001	9260000	0.0052094155367789	9164	47.739083979042	374	9132.6774193548
GLOBAL	III	9260001	9270000	0.0052145424913168	7632	39.79738829373	311	7511.1122019635
GLOBAL	III	9270001	9280000	0.005630836142725	9246	52.062710975636	408	9221.7685834502
GLOBAL	III	9280001	9290000	0.0056748003235903	8995	51.044828910694	400	8968.2903225806
GLOBAL	III	9290001	9300000	0.0052685394927757	8419	44.355833989678	347	8340.1122019635
GLOBAL	III	9300001	9310000	0.005458987364407	9140	49.89514451068	391	9116.809256662
GLOBAL	III	9310001	9320000	0.006259820369673	8362	52.344617931206	410	7983.5680224404
GLOBAL	III	9320001	9330000	0.0055804086268901	8644	48.237052170838	378	8616.9326788219
GLOBAL	III	9330001	9340000	0.0044957633276221	9426	42.377065126166	332	9380.5119214586
GLOBAL	III	9340001	9350000	0.0052321766129993	9511	49.763231766236	390	9493.5778401122
GLOBAL	III	9350001	9360000	0.0042795081241736	8457	36.191800206136	283	8328.4978962132
GLOBAL	III	9360001	9370000	0.0063987864386369	8529	54.575249535134	427	8405.744740533
GLOBAL	III	9370001	9380000	0.0043875174056407	9190	40.321284957838	316	9169.9607293128
GLOBAL	III	9380001	9390000	0.0056747083111339	8430	47.837791062859	374	8294.412342216
GLOBAL	III	9390001	9400000	0.0041450855069618	9207	38.163802262597	299	9161.9943899018
GLOBAL	III	9400001	9410000	0.0045900531030802	9424	43.256660443428	339	9403.0659186536
GLOBAL	III	9410001	9420000	0.0052134047218354	8817	45.966589432422	360	8778.9298737728
GLOBAL	III	9420001	9430000	0.0063205661036819	8726	55.153259820729	432	8690.0406732118
GLOBAL	III	9430001	9440000	0.006574043353391	8929	58.699633102428	460	8902.4193548387
GLOBAL	III	9440001	9450000	0.006204303668201	8808	54.647506709514	428	8757.5848527349
GLOBAL	III	9450001	9460000	0.0046643967779776	8972	41.848967892015	328	8955.9495091164
GLOBAL	III	9460001	9470000	0.0051220400729845	9169	46.963985429195	368	9140.0028050491
GLOBAL	III	9470001	9480000	0.0059378565416505	8534	50.673667726445	397	8492.3492286115
GLOBAL	III	9480001	9490000	0.0064895433670464	8143	52.844351637859	414	8107.5511921459
GLOBAL	III	9490001	9500000	0.0055581941731585	8104	45.043605579277	352	7908.4193548387
GLOBAL	III	9500001	9510000	0.0064054622846365	4613	29.548397519028	225	3894.0140252454
GLOBAL	III	9510001	9520000	0.0048117048630351	5192	24.982371648878	177	2645.4068278805
GLOBAL	III	9520001	9530000	0.0057482194133514	8603	49.451931613062	386	8293.2468443198
GLOBAL	III	9530001	9540000	0.0056375442105083	8152	45.957260404064	360	8117.9929873773
GLOBAL	III	9540001	9550000	0.0042780703970237	9191	39.319745019045	308	9149.4544179523
GLOBAL	III	9550001	9560000	0.0057976859239903	8673	50.283330018768	394	8647.332398317
GLOBAL	III	9560001	9570000	0.0062447260719468	8691	54.272914291289	425	8629.5638148668
GLOBAL	III	9570001	9580000	0.0058248566584317	8703	50.693727498331	397	8630.7601683029
GLOBAL	III	9580001	9590000	0.0046529435927264	9433	43.891216910188	344	9416.7769985975
GLOBAL	III	9590001	9600000	0.0069642340516854	8149	56.751543287184	444	8015.4109396914
GLOBAL	III	9600001	9610000	0.0054822415198415	7765	42.569605401569	333	7652.6577840112
GLOBAL	III	9610001	9620000	0.0054737316625308	8910	48.77094911315	382	8876.5357643759
GLOBAL	III	9620001	9630000	0.0057055573038298	9148	52.194438215435	409	9124.1837307153
GLOBAL	III	9630001	9640000	0.0048149684390772	8855	42.636545528028	334	8824.4530154278
GLOBAL	III	9640001	9650000	0.0049634845391555	9359	46.453251801956	364	9329.4824684432
GLOBAL	III	9650001	9660000	0.0055410500214607	8648	47.919000585592	375	8593.0813464236
GLOBAL	III	9660001	9670000	0.005493052414961	8714	47.86645874397	375	8676.0589060309
GLOBAL	III	9670001	9680000	0.0053288936084947	8731	46.526570095767	364	8667.2889200561
GLOBAL	III	9680001	9690000	0.0074925161964436	7554	56.598467347935	443	7470.4319775596
GLOBAL	III	9690001	9700000	0.0058086610244312	8353	48.519745537074	380	8307.7727910238
GLOBAL	III	9700001	9710000	0.0054054233055202	8274	44.724472429874	350	8180.4207573633
GLOBAL	III	9710001	9720000	0.0047080523618399	9378	44.152115049335	346	9353.4319775596
GLOBAL	III	9720001	9730000	0.0056739325850758	7988	45.323373489586	355	7947.7657784011
GLOBAL	III	9730001	9740000	0.0047251346606359	9131	43.145204586267	338	9089.4319775596
GLOBAL	III	9740001	9750000	0.0066388599382028	7472	49.605561458251	388	7343.2286115007
GLOBAL	III	9750001	9760000	0.0067578348148001	8467	57.218587376912	448	8410.0827489481
GLOBAL	III	9760001	9770000	0.0044730566444703	9329	41.729145436264	327	9303.2117812062
GLOBAL	III	9770001	9780000	0.0050274061141434	8869	44.588064826337	349	8817.7166900421
GLOBAL	III	9780001	9790000	0.0080707795773987	7879	63.589672290324	498	7841.0701262272
GLOBAL	III	9790001	9800000	0.0066995009311376	8174	54.761720611119	428	7987.9635343619
GLOBAL	III	9800001	9810000	0.0041121129909085	7998	32.888679701286	255	6888.2594670407
GLOBAL	III	9810001	9820000	0.005236123234742	9068	47.481165492641	372	9033.2973352034
GLOBAL	III	9820001	9830000	0.0074433807253399	7618	56.70367436564	444	7549.9481065919
GLOBAL	III	9830001	9840000	0.0062498395057584	8074	50.461204169493	394	7850.1248246844
GLOBAL	III	9840001	9850000	0.0057281317355301	8603	49.279117320765	386	8555.8962131837
GLOBAL	III	9850001	9860000	0.0051191348825683	8288	42.427389906726	332	8095.618513324
GLOBAL	III	9860001	9870000	0.0057369065314275	7840	44.977347206392	351	7571.2468443198
GLOBAL	III	9870001	9880000	0.0061384261013859	8697	53.385891803753	418	8634.7068723703
GLOBAL	III	9880001	9890000	0.0074549053546103	7835	58.409183453372	457	7734.6802244039
GLOBAL	III	9890001	9900000	0.0081821649618336	7850	64.229994950394	502	7755.255259467
GLOBAL	III	9900001	9910000	0.0062358449521113	8536	53.229172511222	417	8488.8330995792
GLOBAL	III	9910001	9920000	0.0062048326047851	8067	50.054384622802	392	8028.2622720898
GLOBAL	III	9920001	9930000	0.0073900703825579	7893	58.32982552953	457	7854.4263674614
GLOBAL	III	9930001	9940000	0.008199042779613	8400	68.871959348749	539	8340.3099579243
GLOBAL	III	9940001	9950000	0.0093532579432764	7320	68.465848144783	536	7190.8008415147
GLOBAL	III	9950001	9960000	0.0070258015615695	8302	58.32820456415	457	8265.8008415147
GLOBAL	III	9960001	9970000	0.0064727162954162	8013	51.86587567517	406	7602.3225806452
GLOBAL	III	9970001	9980000	0.0073405781092586	8589	63.048225380422	494	8556.4446002805
GLOBAL	III	9980001	9990000	0.0066271574787015	7979	52.87808952256	414	7928.049088359
GLOBAL	III	9990001	10000000	0.0062480915844884	8843	55.251873881631	433	8818.6297335203
GLOBAL	III	10000001	10010000	0.0061631792736001	8321	51.283814735627	401	8216.747545582
GLOBAL	III	10010001	10020000	0.0072495752292305	7944	57.590625621007	451	7888.443197756
GLOBAL	III	10020001	10030000	0.0069651729556656	7192	50.093523897147	391	6637.9481065919
GLOBAL	III	10030001	10040000	0.0075520712255309	8587	64.849635613634	508	8540.6086956522
GLOBAL	III	10040001	10050000	0.0073584332359057	8126	59.79462847497	468	8041.8359046283
GLOBAL	III	10050001	10060000	0.0073404062184889	7792	57.196445254465	448	7753.0518934081
GLOBAL	III	10060001	10070000	0.007634563201472	7329	55.953713703588	437	7163.0701262272
GLOBAL	III	10070001	10080000	0.0050514420242109	8822	44.563821537588	349	8772.5399719495
GLOBAL	III	10080001	10090000	0.0071500972466648	7931	56.707421263299	444	7804.5834502104
GLOBAL	III	10090001	10100000	0.0075560650525945	8670	65.511084005995	513	8623.5203366059
GLOBAL	III	10100001	10110000	0.0065953744361605	8774	57.867815302872	453	8715.01542777
GLOBAL	III	10110001	10120000	0.0067877554380218	7498	50.894590274287	398	6741.0266479663
GLOBAL	III	10120001	10130000	0.0068109931566508	8363	56.96033576907	446	8309.0238429172
GLOBAL	III	10130001	10140000	0.0063944190391906	7971	50.969914161389	399	7905.6605890603
GLOBAL	III	10140001	10150000	0.0050381108745896	8589	43.27233430185	339	8555.553997195
GLOBAL	III	10150001	10160000	0.006508172616774	8281	53.894177439505	422	8240.0841514727
GLOBAL	III	10160001	10170000	0.0060887422351397	8955	54.524686715676	427	8895.3492286115
GLOBAL	III	10170001	10180000	0.0075047364011589	8132	61.028516414224	478	8088.1486676017
GLOBAL	III	10180001	10190000	0.0062035091001731	8539	52.971764206378	415	8503.9887798036
GLOBAL	III	10190001	10200000	0.0073189807786153	8094	59.239830422112	462	7866.3267882188
GLOBAL	III	10200001	10210000	0.0072430707651626	8302	60.13197349238	471	8261.2973352034
GLOBAL	III	10210001	10220000	0.0081173723037507	7594	61.643325274683	482	7525.6171107994
GLOBAL	III	10220001	10230000	0.0084103935353931	8151	68.553117706989	537	8109.1697054698
GLOBAL	III	10230001	10240000	0.00635541029571	8978	57.058873634885	446	8767.8050490884
GLOBAL	III	10240001	10250000	0.0065219323241293	7583	49.455812813873	385	7199.6269284712
GLOBAL	III	10250001	10260000	0.0070000238311051	8414	58.898200514918	460	7560.713884993
GLOBAL	III	10260001	10270000	0.0062172726592422	6962	43.284652253644	337	6670.9495091164
GLOBAL	III	10270001	10280000	0.0062506965698179	8640	54.006018363227	423	8602.0771388499
GLOBAL	III	10280001	10290000	0.0061667038643282	8656	53.378988649625	418	8604.0252454418
GLOBAL	III	10290001	10300000	0.0082112116749068	7558	62.060337838946	486	7504.2496493689
GLOBAL	III	10300001	10310000	0.0074993935036811	8125	60.932572217409	477	8068.3085553997
GLOBAL	III	10310001	10320000	0.0072979237062186	8239	60.127593415535	471	8200.652173913
GLOBAL	III	10320001	10330000	0.0061750829141056	8901	54.964413018454	430	8846.8429172511
GLOBAL	III	10330001	10340000	0.0063644079206616	4519	28.76075939347	225	4214.9130434783
GLOBAL	III	10340001	10350000	0.0072479784584701	8581	62.194903152132	487	8521.5021037868
GLOBAL	III	10350001	10360000	0.0074109242311221	8594	63.689482842264	499	8562.8288920056
GLOBAL	III	10360001	10370000	0.0069701492778272	8632	60.166328566204	471	8566.0420757363
GLOBAL	III	10370001	10380000	0.0077535221765272	7112	55.143049719461	427	6671.3155680224
GLOBAL	III	10380001	10390000	0.0078394020093078	7868	61.680415009234	483	7828.9621318373
GLOBAL	III	10390001	10400000	0.0077105778674233	8170	62.995421176849	492	8011.2622720898
GLOBAL	III	10400001	10410000	0.0054497284218261	8549	46.589728278191	365	8180.3295932679
GLOBAL	III	10410001	10420000	0.0078133358273983	7066	55.209030956396	431	6543.3211781206
GLOBAL	III	10420001	10430000	0.0083598698771971	8467	70.783018250228	554	8377.9971949509
GLOBAL	III	10430001	10440000	0.006513412429158	7764	50.570134099983	394	7332.3758765778
GLOBAL	III	10440001	10450000	0.0077006504810983	7923	61.012253761742	478	7883.4446002805
GLOBAL	III	10450001	10460000	0.0069222094717306	8763	60.659321600775	475	8708.6381486676
GLOBAL	III	10460001	10470000	0.0082683871345479	7874	65.10528029743	510	7835.7713884993
GLOBAL	III	10470001	10480000	0.01062450004833	7441	79.056904859622	619	7380.2328190743
GLOBAL	III	10480001	10490000	0.0096287885855642	8421	81.084028679036	635	8372.633941094
GLOBAL	III	10490001	10500000	0.0082887433240958	8193	67.909674054317	532	8162.6732117812
GLOBAL	III	10500001	10510000	0.0065402016793571	8804	57.57993558506	451	8755.1065918654
GLOBAL	III	10510001	10520000	0.0094651597467668	7799	73.818780865035	577	7691.2454417952
GLOBAL	III	10520001	10530000	0.0089413343312011	8101	72.43374941706	567	8047.4866760168
GLOBAL	III	10530001	10540000	0.0064216844842996	7776	49.935018549913	390	7576.0729312763
GLOBAL	III	10540001	10550000	0.0070775544307927	9170	64.901174130369	508	9086.2819074334
GLOBAL	III	10550001	10560000	0.0094640740012498	6707	63.475544326382	492	5723.6652601969
GLOBAL	III	10560001	10570000	0.01025588110511	6405	65.688918478227	512	6083.9018232819
GLOBAL	III	10570001	10580000	0.0090028550288648	6456	58.122432066351	453	6155.7124824684
GLOBAL	III	10580001	10590000	0.010043690835314	8001	80.359570373349	629	7753.1725105189
GLOBAL	III	10590001	10600000	0.008699597661594	6012	52.301981141503	405	5160.935483871
GLOBAL	III	10600001	10610000	0.0083480556796061	7119	59.429808383116	463	6508.8106591865
GLOBAL	III	10610001	10620000	0.006481897533891	7115	46.118700953635	351	6279.8499298738
GLOBAL	III	10620001	10630000	0.0079989655915298	7998	63.975726801055	501	7948.7980364656
GLOBAL	III	10630001	10640000	0.0092925137912635	7825	72.713920416637	569	7745.4950911641
GLOBAL	III	10640001	10650000	0.011623811953411	7403	86.051079891101	673	7315.6774193548
GLOBAL	III	10650001	10660000	0.0098564381264693	7958	78.437534610442	614	7894.3281907433
GLOBAL	III	10660001	10670000	0.0084351361565925	8175	68.957238080143	536	8037.6100981767
GLOBAL	III	10670001	10680000	0.0077964289860749	7026	54.777710056162	428	6881.9677419355
GLOBAL	III	10680001	10690000	0.0079923170575599	7906	63.187258657069	494	7789.3043478261
GLOBAL	III	10690001	10700000	0.005667061407733	5068	28.720667214391	223	4689.0504908836
GLOBAL	III	10700001	10710000	NA	0	NA	0	NA
GLOBAL	III	10710001	10720000	NA	0	NA	0	NA
GLOBAL	III	10720001	10730000	NA	0	NA	0	NA
GLOBAL	III	10730001	10740000	0.0022981095361144	418	0.96060978609581	7	134.76287051482
GLOBAL	III	10740001	10750000	0.0026880546354252	428	1.150487383962	7	153.07256637168
GLOBAL	III	10750001	10760000	0	112	0	0	38.25
GLOBAL	III	10760001	10770000	0.0079214771138642	4826	38.229048551509	295	4470.8302945302
GLOBAL	III	10770001	10780000	0.0097586964701773	6148	59.99646589865	464	5575.5193687231
GLOBAL	III	10780001	10790000	0.010514134378008	6113	64.272903452762	499	5829.5742857143
GLOBAL	III	10790001	10800000	0.0088375102116653	6075	53.687874535867	406	4513.8217821782
GLOBAL	III	10800001	10810000	0.008436706944803	6170	52.054481849434	402	5316.5564971751
GLOBAL	III	10810001	10820000	0.0099819386454583	6814	68.016929930153	530	6599.5960451977
GLOBAL	III	10820001	10830000	0.0094386630360054	6579	62.096964113879	482	6175.0969101124
GLOBAL	III	10830001	10840000	0.0056940722415025	6694	38.116119584618	292	4937.200286123
GLOBAL	III	10840001	10850000	0.011101332064561	5618	62.367283538704	486	5416.6126760563
GLOBAL	III	10850001	10860000	0.0074428676463616	6230	46.369065436833	353	4748.5220483642
GLOBAL	III	10860001	10870000	0.0093699261014466	5921	55.479332446665	422	4556.4332833583
GLOBAL	III	10870001	10880000	0.0097267710757255	6584	64.041060762576	482	5198.1100628931
GLOBAL	III	10880001	10890000	0.00847587860365	5147	43.625347172987	330	3874
GLOBAL	III	10890001	10900000	0.010854219545318	6227	67.589225108698	518	5427.8204379562
GLOBAL	III	10900001	10910000	0.0096027550045674	6075	58.336736652747	446	5022.1814223512
GLOBAL	III	10910001	10920000	0.010580280122119	4864	51.462482513986	392	3895.6722925457
GLOBAL	III	10920001	10930000	0.0097533460629745	4653	45.38231923102	349	4041.1455331412
GLOBAL	III	10930001	10940000	0.010661689934443	5279	56.283061163923	435	4670.9957924264
GLOBAL	III	10940001	10950000	0.013519784410576	5873	79.401693843315	609	5052.6901408451
GLOBAL	III	10950001	10960000	0.0092875006939805	7985	74.160693041434	580	7900.9410939691
GLOBAL	III	10960001	10970000	0.0099491086797222	7402	73.643302447304	576	7324.5525946704
GLOBAL	III	10970001	10980000	0.008567043304277	7843	67.191320635445	526	7786.667601683
GLOBAL	III	10980001	10990000	0.0074541886219855	8461	63.06988993062	494	8415.3408134642
GLOBAL	III	10990001	11000000	0.0076910134581343	8069	62.058787593686	486	8023.4403927069
GLOBAL	III	11000001	11010000	0.0077630327556049	8622	66.932868418825	524	8577.7854137447
GLOBAL	III	11010001	11020000	0.0087528431195042	8222	71.965876128563	563	8149.1949509116
GLOBAL	III	11020001	11030000	0.0070384501733015	7741	54.484642791527	426	7634.9186535764
GLOBAL	III	11030001	11040000	0.0056200102863392	3374	18.961914706109	146	2374.1570827489
GLOBAL	III	11040001	11050000	0	81	0	0	70.955555555556
GLOBAL	III	11050001	11060000	0.0032406133171169	740	2.3980538546665	12	198.94878706199
GLOBAL	III	11060001	11070000	0.0067960419449465	267	1.8145431993007	9	225.29166666667
GLOBAL	III	11070001	11080000	0.0033741002524239	495	1.6701796249499	10	185.42741935484
GLOBAL	III	11080001	11090000	0.0058611713147867	3671	21.516359896582	163	2303.2440392707
GLOBAL	III	11090001	11100000	0.0086119241254655	7724	66.518501945095	521	7676.6802244039
GLOBAL	III	11100001	11110000	0.0086272650187366	8082	69.725555881429	546	8030.6732117812
GLOBAL	III	11110001	11120000	0.008535742307471	7636	65.178928259848	510	7577.649368864
GLOBAL	III	11120001	11130000	0.0080873425820254	8124	65.701571136374	514	8012.6900420757
GLOBAL	III	11130001	11140000	0.0087024141888225	7227	62.89234734262	492	7123.2201963534
GLOBAL	III	11140001	11150000	0.0089331398888567	7868	70.285944645525	550	7802.9915848527
GLOBAL	III	11150001	11160000	0.008157857813107	8533	69.611000719242	545	8468.4039270687
GLOBAL	III	11160001	11170000	0.0092559211283386	7293	67.503432788973	528	7197.0448807854
GLOBAL	III	11170001	11180000	0.0084718403086458	7371	62.445934915028	489	7314.4586255259
GLOBAL	III	11180001	11190000	0.0093594767296696	7529	70.467500297682	551	7425.5890603086
GLOBAL	III	11190001	11200000	0.010606469865674	7173	76.08020834648	595	7076.0084151473
GLOBAL	III	11200001	11210000	0.0079045787071308	8722	68.943735483595	540	8682.8120617111
GLOBAL	III	11210001	11220000	0.0070173600685258	8192	57.486213681363	450	8144.9817671809
GLOBAL	III	11220001	11230000	0.0089567776953276	7376	66.065192280736	513	7051.01542777
GLOBAL	III	11230001	11240000	0.011923979916054	7689	91.683481574536	717	7599.7727910238
GLOBAL	III	11240001	11250000	0.0090839491205001	7931	72.044800474686	563	7688.652173913
GLOBAL	III	11250001	11260000	0.0068306871783545	6273	42.848900669818	335	5488.2468443198
GLOBAL	III	11260001	11270000	0.0093037290046144	6152	57.236540836388	445	5653.141654979
GLOBAL	III	11270001	11280000	0.0083986162117451	7847	65.903941413564	516	7787.2650771388
GLOBAL	III	11280001	11290000	0.0074335978678359	5636	41.895757583123	328	4861.0575035063
GLOBAL	III	11290001	11300000	0.0068024043240064	1231	8.3737597228519	51	484.07994389902
GLOBAL	III	11300001	11310000	0.0080854008343451	940	7.6002767842844	59	664.80112834979
GLOBAL	III	11310001	11320000	NA	0	NA	0	NA
GLOBAL	III	11320001	11330000	0.0043282250601682	4004	17.330213140913	132	2594.5428973277
GLOBAL	III	11330001	11340000	0.0093774704499399	7256	68.042925584764	531	7089.3211781206
GLOBAL	III	11340001	11350000	0.0091472260911046	7456	68.201717735276	533	7306.01542777
GLOBAL	III	11350001	11360000	0.0096721106165484	6779	65.567237869582	512	6555.507713885
GLOBAL	III	11360001	11370000	0.0084308264107867	8023	67.640520293741	529	7884.2005610098
GLOBAL	III	11370001	11380000	0.0071234143989699	7814	55.66236011355	436	7778.2468443198
GLOBAL	III	11380001	11390000	0.0080610340722925	8774	70.727512950294	554	8731.2805049088
GLOBAL	III	11390001	11400000	0.0095969779248787	7691	73.810357220242	578	7611.3422159888
GLOBAL	III	11400001	11410000	0.01037727087235	7843	81.38893545184	637	7770.2117812062
GLOBAL	III	11410001	11420000	0.010166204433245	7990	81.227973421627	636	7931.6802244039
GLOBAL	III	11420001	11430000	0.0087692145563873	8194	71.854944075038	563	8159.3842917251
GLOBAL	III	11430001	11440000	0.0081082176764795	8862	71.855025048961	563	8829.0140252454
GLOBAL	III	11440001	11450000	0.0072320757918625	8253	59.686321510241	467	8194.7854137447
GLOBAL	III	11450001	11460000	0.010087869691927	7326	73.90373336306	578	7236.4137447405
GLOBAL	III	11460001	11470000	0.01116714096761	6888	76.919266984901	599	6528.6690042076
GLOBAL	III	11470001	11480000	0.010884043243382	7257	78.985501817224	616	7041.5820476858
GLOBAL	III	11480001	11490000	0.010382958054951	7294	75.733296052814	592	7174.1304347826
GLOBAL	III	11490001	11500000	0.0086193550314336	7130	61.456001374121	479	6616.7124824684
GLOBAL	III	11500001	11510000	0.0089632253941318	7083	63.486525466635	495	6896.8373071529
GLOBAL	III	11510001	11520000	0.01138640523447	7409	84.36187638219	658	7218.1374474053
GLOBAL	III	11520001	11530000	0.013029837297134	7750	100.98123905279	790	7663.9158485273
GLOBAL	III	11530001	11540000	0.011978998371346	7781	93.208586327446	730	7725.1388499299
GLOBAL	III	11540001	11550000	0.010475328228085	8059	84.420670190136	661	7972.6241234222
GLOBAL	III	11550001	11560000	0.010618775678368	7665	81.392915574687	637	7558.2117812062
GLOBAL	III	11560001	11570000	0.011483788861559	7542	86.610735593876	678	7481.3870967742
GLOBAL	III	11570001	11580000	0.0086757078306515	7409	64.278319317297	502	6892.6998597475
GLOBAL	III	11580001	11590000	0.0095697240014011	6835	65.409063549576	507	6304.6115007013
GLOBAL	III	11590001	11600000	0.01055840409221	7578	80.011586210767	626	7497.0294530154
GLOBAL	III	11600001	11610000	0.0095051666461939	6915	65.728227358431	514	6842.1248246844
GLOBAL	III	11610001	11620000	0.010623056911132	7733	82.148099093781	643	7660.126227209
GLOBAL	III	11620001	11630000	0.011389552638816	6112	69.612945728445	544	6006.0995792426
GLOBAL	III	11630001	11640000	0.0095429261323199	5233	49.93813245043	384	4260.9551192146
GLOBAL	III	11640001	11650000	0.01317147221797	6596	86.879030749731	679	6478.920056101
GLOBAL	III	11650001	11660000	0.010592357975786	7554	80.01467214909	626	7463.4516129032
GLOBAL	III	11660001	11670000	0.010461290614524	6092	63.730182423683	498	5947.381486676
GLOBAL	III	11670001	11680000	0.011421259255496	6513	74.386661531047	580	6289.1781206171
GLOBAL	III	11680001	11690000	0.012884524975234	5910	76.14754260363	595	5791.8695652174
GLOBAL	III	11690001	11700000	0.010010408034969	7354	73.616540689165	575	7235.2734922861
GLOBAL	III	11700001	11710000	0.0081310941814157	7280	59.194365640706	463	7217.3057503506
GLOBAL	III	11710001	11720000	0.0089006017716388	7647	68.062901747722	533	7609.190743338
GLOBAL	III	11720001	11730000	0.01243744547429	6706	83.405509350586	651	6548.5666199158
GLOBAL	III	11730001	11740000	0.011861786630629	6872	81.514197725684	633	6680.3562412342
GLOBAL	III	11740001	11750000	0.010336887242399	7840	81.041195980409	634	7726.252454418
GLOBAL	III	11750001	11760000	0.0083121324350774	7450	61.925386641326	485	7410.5203366059
GLOBAL	III	11760001	11770000	0.010216385817845	7628	77.930591018519	610	7569.8429172511
GLOBAL	III	11770001	11780000	0.00973338724107	7883	76.728291621355	601	7844.9032258065
GLOBAL	III	11780001	11790000	0.01007447416671	7975	80.343931479511	629	7912.3380084151
GLOBAL	III	11790001	11800000	0.010381275396188	8176	84.877307639233	665	8138.4712482468
GLOBAL	III	11800001	11810000	0.010809480039764	6998	75.644741318266	592	6941.2650771388
GLOBAL	III	11810001	11820000	0.010934846072313	6745	73.75553675775	576	6612.3085553997
GLOBAL	III	11820001	11830000	0.010795088465528	6681	72.121986038193	564	6591.3295932679
GLOBAL	III	11830001	11840000	0.012747037139912	6967	88.808607753768	694	6821.4838709677
GLOBAL	III	11840001	11850000	0.011071381605664	7473	82.736434739127	647	7357.7713884993
GLOBAL	III	11850001	11860000	0.012658918500121	6574	83.219730219795	650	6450.3450210379
GLOBAL	III	11860001	11870000	0.015228049570113	5182	78.911752872324	606	4499.4578651685
GLOBAL	III	11870001	11880000	0.012675939992877	6670	84.548519752491	661	6564.9438990182
GLOBAL	III	11880001	11890000	0.011211469106236	7179	80.487136713665	630	7111.4628330996
GLOBAL	III	11890001	11900000	0.012677736242081	5884	74.595800048407	582	5716.2303370787
GLOBAL	III	11900001	11910000	0.01210616098721	6298	76.244601897449	596	6160.6591865358
GLOBAL	III	11910001	11920000	0.010045387505658	6914	69.45380921412	541	6645.1683029453
GLOBAL	III	11920001	11930000	0.0085271797163941	7353	62.700352454646	491	7300.0869565217
GLOBAL	III	11930001	11940000	0.010134233567983	7097	71.922655631972	562	6978.7671809257
GLOBAL	III	11940001	11950000	0.0090824589185486	6509	59.117725100833	461	6289.7671809257
GLOBAL	III	11950001	11960000	0.0099357760729586	7218	71.716431694615	561	7151.7377279102
GLOBAL	III	11960001	11970000	0.009798123890753	7019	68.773031589195	538	6915.1725105189
GLOBAL	III	11970001	11980000	0.010084040572863	7902	79.684088606766	624	7852.3085553997
GLOBAL	III	11980001	11990000	0.010668197094211	6877	73.365191416888	574	6803.5624123422
GLOBAL	III	11990001	12000000	0.015267760794326	6664	101.74435793339	793	6454.9284712482
GLOBAL	III	12000001	12010000	0.01284255926553	6353	81.588779013914	638	6250.1430575035
GLOBAL	III	12010001	12020000	0.0122370180531	6117	74.853839430814	581	5553.7166900421
GLOBAL	III	12020001	12030000	0.012392265301215	6267	77.662326642715	606	6086.5778401122
GLOBAL	III	12030001	12040000	0.01150083082727	7861	90.408031133166	707	7764.4011220196
GLOBAL	III	12040001	12050000	0.010217970688394	7391	75.521021357923	591	7321.3955119215
GLOBAL	III	12050001	12060000	0.010527988338247	7307	76.928010787572	602	7245.7896213184
GLOBAL	III	12060001	12070000	0.011076973891104	6180	68.455698647023	534	5996.1809256662
GLOBAL	III	12070001	12080000	0.011898079330674	6092	72.483099282465	563	5762.1991584853
GLOBAL	III	12080001	12090000	0.010751559938112	5895	63.38044583517	493	5526.9340813464
GLOBAL	III	12090001	12100000	0.012896353966599	5933	76.514068083832	598	5812.0014025245
GLOBAL	III	12100001	12110000	0.011818034694668	5877	69.454589900563	537	5310.2117812062
GLOBAL	III	12110001	12120000	0.014122882351798	4542	64.146131641865	501	4407.3604488079
GLOBAL	III	12120001	12130000	0.013234561968357	7424	98.25338805308	768	7331.5708274895
GLOBAL	III	12130001	12140000	0.011424945450187	7240	82.716605059356	647	7144.7657784011
GLOBAL	III	12140001	12150000	0.012189208335073	6496	79.181097344636	619	6362.2931276297
GLOBAL	III	12150001	12160000	0.0095317596233563	8204	78.198555950015	612	8092.5848527349
GLOBAL	III	12160001	12170000	0.010292231696562	7178	73.877639117922	578	7043.9733520337
GLOBAL	III	12170001	12180000	0.011101587664547	7558	83.905799568644	657	7496.1374474053
GLOBAL	III	12180001	12190000	0.01150440461752	7844	90.240549819829	706	7764.5357643759
GLOBAL	III	12190001	12200000	0.011124452077228	7520	83.655879620751	654	7421.5904628331
GLOBAL	III	12200001	12210000	0.011779071599104	7650	90.109897733144	706	7614.5960729313
GLOBAL	III	12210001	12220000	0.011040713694898	7524	83.070329840412	650	7447.3913043478
GLOBAL	III	12220001	12230000	0.012743845047549	7295	92.966349621869	728	7252.8134642356
GLOBAL	III	12230001	12240000	0.0099968996406802	7418	74.157001534566	580	7322.7433380084
GLOBAL	III	12240001	12250000	0.010995171730591	7860	86.422049802448	677	7824.824684432
GLOBAL	III	12250001	12260000	0.010400089785768	8190	85.176735345439	667	8139.9018232819
GLOBAL	III	12260001	12270000	0.0088430673687556	7598	67.189625867805	526	7543.2510518934
GLOBAL	III	12270001	12280000	0.0093497659836258	7535	70.45048668662	551	7333.1164095372
GLOBAL	III	12280001	12290000	0.0079399028479237	7790	61.851843185326	484	7724.6269284712
GLOBAL	III	12290001	12300000	0.0090144919028457	7993	72.052833779446	564	7939.1486676017
GLOBAL	III	12300001	12310000	0.0097263636016532	6901	67.121635215009	523	6606.6409537167
GLOBAL	III	12310001	12320000	0.011628555691075	8171	95.016928551771	744	8109.3422159888
GLOBAL	III	12320001	12330000	0.016667501338113	6168	102.80514825348	799	5815.7713884993
GLOBAL	III	12330001	12340000	0.011496973314701	5817	66.877893771617	506	4441.5079825835
GLOBAL	III	12340001	12350000	0.0033318735242557	3705	12.344591407367	82	640.71837349398
GLOBAL	III	12350001	12360000	0.0025931254451932	3411	8.8451508935541	60	739.93955094991
GLOBAL	III	12360001	12370000	0.001836202431984	3409	6.2596140906333	34	1143.0540540541
GLOBAL	III	12370001	12380000	0.0081245461419849	3586	29.134622465158	221	1881.5800561798
GLOBAL	III	12380001	12390000	0.016257791139436	5526	89.840553836525	698	5318.4361851332
GLOBAL	III	12390001	12400000	0.015104350904875	5267	79.554616215976	620	5069.3590462833
GLOBAL	III	12400001	12410000	0.012201372901284	7819	95.402534715136	747	7758.0995792426
GLOBAL	III	12410001	12420000	0.010018397725579	7688	77.021441714248	603	7639.950911641
GLOBAL	III	12420001	12430000	0.011728702418758	6909	81.033605011201	634	6841.6255259467
GLOBAL	III	12430001	12440000	0.010326987966508	8025	82.874078431227	648	7934.9551192146
GLOBAL	III	12440001	12450000	0.010858656555111	6461	70.15778000257	547	5601.7461430575
GLOBAL	III	12450001	12460000	0.011692362657114	5746	67.184315827778	521	4778.8806179775
GLOBAL	III	12460001	12470000	0.014573029414434	5716	83.299436132905	639	5050.9279661017
GLOBAL	III	12470001	12480000	0.015027963466746	6333	95.172092634902	737	5918.2201963534
GLOBAL	III	12480001	12490000	0.010195466816508	7554	77.016556331905	603	7507.0112201964
GLOBAL	III	12490001	12500000	0.011937477028073	6231	74.382419361921	578	5364.4333800842
GLOBAL	III	12500001	12510000	0.0090812989334837	8177	74.257781379096	580	7976.5273492286
GLOBAL	III	12510001	12520000	0.0155437020639	5708	88.72345138074	692	5474.0364656381
GLOBAL	III	12520001	12530000	0.014590533830924	6394	93.291873314928	730	6325.2145862553
GLOBAL	III	12530001	12540000	0.014292751044181	6446	92.131073230788	720	6308.7335203366
GLOBAL	III	12540001	12550000	0.015559546314792	6158	95.81568620649	749	6057.255259467
GLOBAL	III	12550001	12560000	0.013889093805221	7131	99.04312792503	775	7049.1037868163
GLOBAL	III	12560001	12570000	0.012763719827898	6490	82.836541683059	647	6024.9438990182
GLOBAL	III	12570001	12580000	0.013292353123583	7503	99.732525486246	781	7450.4305750351
GLOBAL	III	12580001	12590000	0.010759031998378	6409	68.954636077602	539	6303.9495091164
GLOBAL	III	12590001	12600000	0.010687580988315	6625	70.805224047584	554	6577.3590462833
GLOBAL	III	12600001	12610000	0.0099123255788018	6837	67.770569982268	529	6592.5904628331
GLOBAL	III	12610001	12620000	0.011519669702088	6518	75.085207118207	581	5650.2692847125
GLOBAL	III	12620001	12630000	0.010453921618192	7357	76.909501345042	602	7277.5652173913
GLOBAL	III	12630001	12640000	0.0095071368824529	7900	75.106381371378	588	7839.9551192146
GLOBAL	III	12640001	12650000	0.01111637837845	7675	85.318204054607	668	7617.3380084151
GLOBAL	III	12650001	12660000	0.0092443914393447	8177	75.591388799522	592	8129.5105189341
GLOBAL	III	12660001	12670000	0.011876518369205	7371	87.541816899407	685	7296.5750350631
GLOBAL	III	12670001	12680000	0.011981426829923	6849	82.060792358141	641	6721.0911640954
GLOBAL	III	12680001	12690000	0.013624300456737	6297	85.792219976073	671	6214.0603085554
GLOBAL	III	12690001	12700000	0.012663245220521	7076	89.605123180407	701	6978.2117812062
GLOBAL	III	12700001	12710000	0.0091441733345417	7547	69.011076155786	540	7478.5119214586
GLOBAL	III	12710001	12720000	0.0086855990578714	7179	62.353915636459	486	6935.1248246844
GLOBAL	III	12720001	12730000	0.0096376979714796	6408	61.758368601242	479	5367.9817671809
GLOBAL	III	12730001	12740000	0.014035461874539	7227	101.43428296729	793	7021.175315568
GLOBAL	III	12740001	12750000	0.010945690160086	6888	75.393913822673	590	6804.0855539972
GLOBAL	III	12750001	12760000	0.010816442341286	6918	74.828148117014	586	6866.6086956522
GLOBAL	III	12760001	12770000	0.0104764962223	7256	76.017456589006	595	7191.110799439
GLOBAL	III	12770001	12780000	0.011009476536018	5632	62.005371850855	483	5081.4670406732
GLOBAL	III	12780001	12790000	0.013572624488598	6027	81.802207792782	640	5961.9284712482
GLOBAL	III	12790001	12800000	0.011327940399923	7557	85.605245602216	670	7487.6633941094
GLOBAL	III	12800001	12810000	0.015967978208555	5264	84.055437289835	656	5150.4852734923
GLOBAL	III	12810001	12820000	0.010807849962447	7040	76.087263735629	594	6734.7391304348
GLOBAL	III	12820001	12830000	0.01091987125092	7410	80.91624596932	633	7339.8260869565
GLOBAL	III	12830001	12840000	0.011696922161535	6085	71.175771352942	555	5882.1290322581
GLOBAL	III	12840001	12850000	0.013304113168542	6087	80.982136856915	631	5818.8751753156
GLOBAL	III	12850001	12860000	0.012586194271329	6777	85.296638576795	662	6176.2776998597
GLOBAL	III	12860001	12870000	0.01297956379662	6273	81.420803696197	632	5840.1851332398
GLOBAL	III	12870001	12880000	0.0090156056882893	6855	61.801976993223	483	6714.4095371669
GLOBAL	III	12880001	12890000	0.012198725616834	6006	73.265546054708	573	5916.7812061711
GLOBAL	III	12890001	12900000	0.010542634776069	5832	61.484646014037	480	5457.5890603086
GLOBAL	III	12900001	12910000	0.012542043272806	6487	81.360234710695	636	6187.3899018233
GLOBAL	III	12910001	12920000	0.013164879688471	6316	83.149380112382	650	6221.683029453
GLOBAL	III	12920001	12930000	0.012742830482303	6805	86.714961432075	679	6749.0631136045
GLOBAL	III	12930001	12940000	0.012653416443891	5597	70.821171836457	549	4888.9256661992
GLOBAL	III	12940001	12950000	0.011900812830652	6456	76.831647634691	601	6380.7082748948
GLOBAL	III	12950001	12960000	0.012374718744542	6632	82.069134713804	639	6391.8611500701
GLOBAL	III	12960001	12970000	0.01190429400772	7306	86.972772020402	680	7218.7166900421
GLOBAL	III	12970001	12980000	0.010409532626927	7775	80.93411617436	633	7688.2931276297
GLOBAL	III	12980001	12990000	0.012133604636433	7007	85.020167687485	664	6634.556802244
GLOBAL	III	12990001	13000000	0.012115863757835	6952	84.229484844468	659	6712.1346423562
GLOBAL	III	13000001	13010000	0.013910250961508	6193	86.146184204619	673	6100.8302945302
GLOBAL	III	13010001	13020000	0.015207005627039	5869	89.249916025093	697	5746.873772791
GLOBAL	III	13020001	13030000	0.0088722228665021	6511	57.767043083795	446	4267.5427769986
GLOBAL	III	13030001	13040000	0.014917695168899	6133	91.490224470855	713	5670.816011236
GLOBAL	III	13040001	13050000	0.015799782918673	5529	87.356999757341	683	5429.6844319776
GLOBAL	III	13050001	13060000	0.019392087885112	6022	116.77915324415	913	5931.4151472651
GLOBAL	III	13060001	13070000	0.016561455358091	5043	83.519419370854	652	4931.3211781206
GLOBAL	III	13070001	13080000	0.01570609864163	5749	90.29436109073	706	5668.4165497896
GLOBAL	III	13080001	13090000	0.01374552846805	5896	81.043635847622	634	5834.2258064516
GLOBAL	III	13090001	13100000	0.012963694342758	6852	88.82723363658	694	6754.7068723703
GLOBAL	III	13100001	13110000	0.013547281296345	6151	83.329327253816	652	6099.6143057504
GLOBAL	III	13110001	13120000	0.013145396594126	5447	71.602975248203	556	5215.301542777
GLOBAL	III	13120001	13130000	0.01433661856029	5099	73.102418038918	570	4958.2159887798
GLOBAL	III	13130001	13140000	0.0163076512066	5532	90.213926474913	704	5434.9901823282
GLOBAL	III	13140001	13150000	0.01743647632324	5661	98.70789246586	771	5583.3071528752
GLOBAL	III	13150001	13160000	0.013975814742036	5561	77.719505780463	606	5468.8148667602
GLOBAL	III	13160001	13170000	0.015126773143817	5691	86.086465961463	667	5223.8359046283
GLOBAL	III	13170001	13180000	0.016887542502579	6455	109.00908685414	852	6359.7994389902
GLOBAL	III	13180001	13190000	0.014808437024468	5877	87.029184392797	680	5780.9158485274
GLOBAL	III	13190001	13200000	0.014695907685589	5538	81.385936762789	633	5318.3899018233
GLOBAL	III	13200001	13210000	0.013502350087958	5610	75.748183993445	591	5465.3239831697
GLOBAL	III	13210001	13220000	0.014136498236402	6042	85.412722344339	666	5920.2496493689
GLOBAL	III	13220001	13230000	0.01358816643224	6710	91.176596760332	709	6254.523141655
GLOBAL	III	13230001	13240000	0.01155740655186	6666	77.041672074696	599	6197.6900420757
GLOBAL	III	13240001	13250000	0.012632458239087	6717	84.852221991945	663	6594.5133239832
GLOBAL	III	13250001	13260000	0.012327326074727	6416	79.092124095445	618	6333.9396914446
GLOBAL	III	13260001	13270000	0.014926163629376	6495	96.945432772799	758	6405.6619915849
GLOBAL	III	13270001	13280000	0.015986374300688	5309	84.87166116235	664	5251.1178120617
GLOBAL	III	13280001	13290000	0.01506909333371	6785	102.24379826922	800	6718.8457223001
GLOBAL	III	13290001	13300000	0.01453977031149	6152	89.448666956289	700	6093.1767180926
GLOBAL	III	13300001	13310000	0.011747589901059	7195	84.523909338119	660	7123.9887798036
GLOBAL	III	13310001	13320000	0.017154387858889	6010	103.09787103192	806	5933.2959326788
GLOBAL	III	13320001	13330000	0.011850714520655	7032	83.334224509244	652	6963.4193548387
GLOBAL	III	13330001	13340000	0.011733817899587	5618	65.920588959881	515	5257.873772791
GLOBAL	III	13340001	13350000	0.011591961408235	7108	82.395661689737	645	7044.6451612903
GLOBAL	III	13350001	13360000	0.01566349313303	6006	94.074939756978	734	5837.4516129032
GLOBAL	III	13360001	13370000	0.013997858183059	6996	97.929015848682	766	6913.5960729313
GLOBAL	III	13370001	13380000	0.01209481073347	6993	84.579011459153	661	6360.9088359046
GLOBAL	III	13380001	13390000	0.012991733137367	6520	84.706100055632	662	6409.7124824684
GLOBAL	III	13390001	13400000	0.01425391755716	6857	97.739112689447	765	6797.0546984572
GLOBAL	III	13400001	13410000	0.015748279702751	6282	98.930693092683	773	6179.7054698457
GLOBAL	III	13410001	13420000	0.013632994867675	5779	78.785077340293	616	5703.6816269285
GLOBAL	III	13420001	13430000	0.012019613885172	7443	89.461986147336	700	7362.0042075736
GLOBAL	III	13430001	13440000	0.014569756342879	6467	94.2226142694	737	6390.0196353436
GLOBAL	III	13440001	13450000	0.013979494505113	6617	92.502315140331	720	6394.618513324
GLOBAL	III	13450001	13460000	0.013647222919424	6352	86.687159984181	677	6259.4726507714
GLOBAL	III	13460001	13470000	0.012528558930647	5360	67.15307586827	523	5214.7251051893
GLOBAL	III	13470001	13480000	0.015360676511753	5826	89.491301357471	699	5691.7755960729
GLOBAL	III	13480001	13490000	0.017604470084248	5948	104.71138806111	819	5874.1963534362
GLOBAL	III	13490001	13500000	0.015198028369649	6772	102.92104811926	806	6723.6227208976
GLOBAL	III	13500001	13510000	0.016071432533699	6019	96.733952420333	755	5612.9256661992
GLOBAL	III	13510001	13520000	0.014821476554732	6504	96.39888351198	753	6346.5091164095
GLOBAL	III	13520001	13530000	0.015391156449911	5257	80.911309457182	626	4588.7643758766
GLOBAL	III	13530001	13540000	0.013838160799719	4644	64.264418753894	502	4018.3758765778
GLOBAL	III	13540001	13550000	0.015531759782711	6921	107.49530945614	839	6688.6549789621
GLOBAL	III	13550001	13560000	0.011703101098432	5212	60.99656292503	471	4405.0028050491
GLOBAL	III	13560001	13570000	0.0077721781923387	2697	20.961564584737	159	1363.6783707865
GLOBAL	III	13570001	13580000	0.014345310660148	6325	90.734089925438	709	6184.175315568
GLOBAL	III	13580001	13590000	0.016615894683477	5050	83.910268151557	650	4616.0266479663
GLOBAL	III	13590001	13600000	0.014911781380547	5986	89.261923343957	694	5219.8260869565
GLOBAL	III	13600001	13610000	0.017186785943181	5985	102.86291386994	804	5887.8513323983
GLOBAL	III	13610001	13620000	0.013824129248695	6621	91.529559755611	716	6558.5750350631
GLOBAL	III	13620001	13630000	0.012419445710893	5532	68.70437367266	523	4765.9635343619
GLOBAL	III	13630001	13640000	0.013151277773151	6652	87.482299747	684	6573.6058906031
GLOBAL	III	13640001	13650000	0.014718529273029	6112	89.959650916754	701	5806.0687237027
GLOBAL	III	13650001	13660000	0.013990817919778	5185	72.542390914049	567	5026.9817671809
GLOBAL	III	13660001	13670000	0.013906747442903	6216	86.444342105084	675	6113.8625525947
GLOBAL	III	13670001	13680000	0.013251102784508	6599	87.44402727497	682	6314.7012622721
GLOBAL	III	13680001	13690000	0.013534219561131	7147	96.729067203405	756	7019.7994389902
GLOBAL	III	13690001	13700000	0.015939297625251	5828	92.894226559963	725	5714.9579242637
GLOBAL	III	13700001	13710000	0.012911904995117	7906	102.0815208914	799	7846.4319775596
GLOBAL	III	13710001	13720000	0.011588701497177	6932	80.332878778428	627	6317.9831697055
GLOBAL	III	13720001	13730000	0.0130169236098	7177	93.422460747536	730	7043.8316970547
GLOBAL	III	13730001	13740000	0.012031550094086	7798	93.822027633686	733	7632.2005610098
GLOBAL	III	13740001	13750000	0.012081420773304	7246	87.541974923363	685	7146.5413744741
GLOBAL	III	13750001	13760000	0.012822157871512	7042	90.293635731191	707	6984.3267882188
GLOBAL	III	13760001	13770000	0.013921248123369	7319	101.88961501494	798	7278.3001402525
GLOBAL	III	13770001	13780000	0.012894816949253	7001	90.276613461719	706	6886.2594670407
GLOBAL	III	13780001	13790000	0.013234269712468	6668	88.246110442737	689	6506.4978962132
GLOBAL	III	13790001	13800000	0.013876107676951	7384	102.46117908661	802	7315.7489481066
GLOBAL	III	13800001	13810000	0.013408185875751	7189	96.391448260775	754	7122.5413744741
GLOBAL	III	13810001	13820000	0.013138895643595	7139	93.798575999623	734	7045.538569425
GLOBAL	III	13820001	13830000	0.013208237088178	5605	74.032168879236	576	5214.0841514727
GLOBAL	III	13830001	13840000	0.012790730078076	6833	87.399058623492	683	6730.4221598878
GLOBAL	III	13840001	13850000	0.014473586753222	5940	85.973105314138	672	5843.8204768583
GLOBAL	III	13850001	13860000	0.014638546769125	7308	106.97849978877	837	7232.6395511921
GLOBAL	III	13860001	13870000	0.014449502996373	6644	96.002497907904	751	6530.347826087
GLOBAL	III	13870001	13880000	0.013671136121978	4965	67.877190845622	530	4866.0434782609
GLOBAL	III	13880001	13890000	0.015557272385661	6353	98.835351466107	773	6261.350631136
GLOBAL	III	13890001	13900000	0.014834151379246	6913	102.54848848473	802	6821.1865357644
GLOBAL	III	13900001	13910000	0.016453210326682	6863	112.91838247202	882	6751.0561009818
GLOBAL	III	13910001	13920000	0.015831947166598	7585	120.08531925864	940	7522.3295932679
GLOBAL	III	13920001	13930000	0.015884218229695	6521	103.58098707584	811	6467.8990182328
GLOBAL	III	13930001	13940000	0.014534399734751	6333	92.046353520181	720	6258.6479663394
GLOBAL	III	13940001	13950000	0.015303305311948	6231	95.354895398747	745	6142.1430575035
GLOBAL	III	13950001	13960000	0.01676799078212	5599	93.883980389091	734	5509.6058906031
GLOBAL	III	13960001	13970000	0.012492787558443	5594	69.884653601928	545	5437.9467040673
GLOBAL	III	13970001	13980000	0.017132432725641	5252	89.979536675067	702	5104.8316970547
GLOBAL	III	13980001	13990000	0.020301583610888	4762	96.676141155049	750	4492.0336605891
GLOBAL	III	13990001	14000000	0.015175916557643	5923	89.886953770918	701	5765.6633941094
GLOBAL	III	14000001	14010000	0.0095001958776884	2119	20.130915064822	151	1294.4512022631
GLOBAL	III	14010001	14020000	0.0025311267122199	1127	2.8525798046718	21	319.9022556391
GLOBAL	III	14020001	14030000	0.012591835138953	4567	57.506911079599	444	3862.5974754558
GLOBAL	III	14030001	14040000	0.014351273604561	6000	86.107641627364	672	5860.9985974755
GLOBAL	III	14040001	14050000	0.011570006912008	7337	84.8891407134	664	7266.1640953717
GLOBAL	III	14050001	14060000	0.011868657655017	8168	96.943195726176	759	8114.6100981767
GLOBAL	III	14060001	14070000	0.013819223770698	6746	93.224483557129	729	6658.1837307153
GLOBAL	III	14070001	14080000	0.013858978325016	7292	101.05966994602	789	7207.4417952314
GLOBAL	III	14080001	14090000	0.011072158900067	7430	82.2661406275	642	7341.2664796634
GLOBAL	III	14090001	14100000	0.014960717815631	5757	86.128852464588	671	5661.5596072931
GLOBAL	III	14100001	14110000	0.014406538330512	6175	88.96037419091	696	6105.206171108
GLOBAL	III	14110001	14120000	0.01503356072871	6644	99.882977481546	780	6503.7812061711
GLOBAL	III	14120001	14130000	0.016682491545368	5431	90.602611582891	708	5319.2412342216
GLOBAL	III	14130001	14140000	0.012506320192176	6666	83.367130401043	649	6512.4137447405
GLOBAL	III	14140001	14150000	0.011729910874959	7493	87.892222186069	688	7438.9298737728
GLOBAL	III	14150001	14160000	0.011410151646867	5286	60.314061605337	470	4853.9565217391
GLOBAL	III	14160001	14170000	0.010442772213626	7521	78.540089818681	614	7454.2201963534
GLOBAL	III	14170001	14180000	0.010640645439312	6774	72.079732205902	564	6713.7952314165
GLOBAL	III	14180001	14190000	0.012613848669867	7023	88.587059208479	687	6679.7587657784
GLOBAL	III	14190001	14200000	0.015847624659487	6499	102.99371266201	805	6410.698457223
GLOBAL	III	14200001	14210000	0.010271395569662	6203	63.713466718616	493	5504.4011220196
GLOBAL	III	14210001	14220000	0.011580160809155	6834	79.138818969768	618	6565.3800841515
GLOBAL	III	14220001	14230000	0.013061778987607	7323	95.651407526246	748	7242.1514726508
GLOBAL	III	14230001	14240000	0.013406027066936	6398	85.771761174254	671	6317.5610098177
GLOBAL	III	14240001	14250000	0.012310673390177	6376	78.492853535769	614	6281.3688639551
GLOBAL	III	14250001	14260000	0.013371225916013	6615	88.450659434428	688	6242.8443197756
GLOBAL	III	14260001	14270000	0.011376856046846	7774	88.443678908178	692	7696.2594670407
GLOBAL	III	14270001	14280000	0.0096416277127278	7643	73.690960608378	577	7597.729312763
GLOBAL	III	14280001	14290000	0.010641729009198	7392	78.663660835989	616	7342.1051893408
GLOBAL	III	14290001	14300000	0.012543662269089	6954	87.228627419243	682	6865.4417952314
GLOBAL	III	14300001	14310000	0.010426071448729	7548	78.695987295008	616	7476.6058906031
GLOBAL	III	14310001	14320000	0.010229535884035	7692	78.685590019995	616	7590.3646563815
GLOBAL	III	14320001	14330000	0.0087817254863288	6899	60.585124130183	472	6190.5203366059
GLOBAL	III	14330001	14340000	0.010895443670901	8149	88.786970474174	695	8068.7559607293
GLOBAL	III	14340001	14350000	0.0100202899756	6957	69.711157360252	546	6915.079943899
GLOBAL	III	14350001	14360000	0.011731067086715	7686	90.164981628495	706	7626.3534361851
GLOBAL	III	14360001	14370000	0.01066969252066	8031	85.688300633424	671	7973.5792426367
GLOBAL	III	14370001	14380000	0.010774627188104	7519	81.014421827351	633	7338.3744740533
GLOBAL	III	14380001	14390000	0.011102381116382	7058	78.360605919427	613	6950.4656381487
GLOBAL	III	14390001	14400000	0.010497182151557	7026	73.75320179684	574	6664.5666199158
GLOBAL	III	14400001	14410000	0.0088178813147558	9064	79.925276236946	626	9013.7405329593
GLOBAL	III	14410001	14420000	0.011617670939552	7958	92.453425336954	724	7900.1402524544
GLOBAL	III	14420001	14430000	0.010958934268249	8165	89.479698300254	701	8127.3239831697
GLOBAL	III	14430001	14440000	0.0078866265489078	8341	65.78235204444	515	8288.7419354839
GLOBAL	III	14440001	14450000	0.0076314652003362	8848	67.523204092574	529	8812.7798036466
GLOBAL	III	14450001	14460000	0.0079578763904065	8264	65.763890490319	515	8221.1640953717
GLOBAL	III	14460001	14470000	0.0084531930786866	8214	69.434527948332	544	8187.2819074334
GLOBAL	III	14470001	14480000	0.011483892897658	7483	85.933970553176	673	7440.3267882188
GLOBAL	III	14480001	14490000	0.010682032870802	8101	86.535148286363	677	8031.618513324
GLOBAL	III	14490001	14500000	0.009466817583892	7603	71.976214090331	563	7194.5329593268
GLOBAL	III	14500001	14510000	0.0090309057376655	8456	76.3653389177	597	8283.4726507714
GLOBAL	III	14510001	14520000	0.0090969353129212	7791	70.874223022969	555	7731.0546984572
GLOBAL	III	14520001	14530000	0.010372834225565	7481	77.599172841453	607	7390.0925666199
GLOBAL	III	14530001	14540000	0.0079984989472971	7894	63.140150689964	494	7484.3772791024
GLOBAL	III	14540001	14550000	0.0086261755915182	8501	73.331118703497	574	8432.7152875175
GLOBAL	III	14550001	14560000	0.0078497755606289	8732	68.544240195412	537	8691.8176718093
GLOBAL	III	14560001	14570000	0.0090185203692396	5974	53.876640685838	421	5504.5441795231
GLOBAL	III	14570001	14580000	0.0091718614075231	8205	75.255122848727	589	8117.0210378682
GLOBAL	III	14580001	14590000	0.0096101799620741	6342	60.947761319474	476	6205.4361851332
GLOBAL	III	14590001	14600000	0.0086947078670969	8382	72.879041342006	571	8347.110799439
GLOBAL	III	14600001	14610000	0.0073181533799598	8895	65.094974314742	510	8862.5974754558
GLOBAL	III	14610001	14620000	0.0073849444916911	7940	58.636459264028	459	7892.270687237
GLOBAL	III	14620001	14630000	0.0064275442320134	8306	53.387182391103	418	8211.8906030856
GLOBAL	III	14630001	14640000	0.0085792100363253	7932	68.050294008132	533	7568.9523141655
GLOBAL	III	14640001	14650000	0.0075756104026251	9196	69.665313262541	546	9179.4852734923
GLOBAL	III	14650001	14660000	0.0091048430043681	8761	79.767529561269	625	8730.3604488079
GLOBAL	III	14660001	14670000	0.0072082064202896	8943	64.46299001665	505	8903.3422159888
GLOBAL	III	14670001	14680000	0.0076929289958209	7601	58.473953297235	458	7568.2805049088
GLOBAL	III	14680001	14690000	0.0068679715638252	9252	63.542472908511	498	9235.3927068724
GLOBAL	III	14690001	14700000	0.0076484625251527	8934	68.331364199714	535	8882.5161290323
GLOBAL	III	14700001	14710000	0.0075091344046342	8753	65.727453443763	515	8723.9032258065
GLOBAL	III	14710001	14720000	0.0071114073249052	8045	57.211271928862	433	6145.5820476858
GLOBAL	III	14720001	14730000	0.0064651484096382	9275	59.964251499394	470	9260.3941093969
GLOBAL	III	14730001	14740000	0.0073843172290832	8864	65.454587918593	513	8851.1837307153
GLOBAL	III	14740001	14750000	0.0094880691079028	8380	79.510019124225	622	8310.4880785414
GLOBAL	III	14750001	14760000	0.010332873407369	8610	88.966040037446	697	8572.1430575035
GLOBAL	III	14760001	14770000	0.0082646421663396	8848	73.125553887772	573	8826.396914446
GLOBAL	III	14770001	14780000	0.009684186013701	6712	65.000256523961	497	6262.4754558205
GLOBAL	III	14780001	14790000	0.0068966321336975	503	3.4690059632498	20	162.24813432836
GLOBAL	III	14790001	14800000	0.017390399998893	305	5.3040719996623	34	170.51473477407
GLOBAL	III	14800001	14810000	0.0053923359482529	821	4.4271078135156	22	161.15820895522
GLOBAL	IV	1	10000	0.00033824752415749	1050	0.35515990036536	2	125.36391437309
GLOBAL	IV	10001	20000	0.0029618216155249	2897	8.5803972201758	59	2051.597260274
GLOBAL	IV	20001	30000	0.0025845054745007	7062	18.251777660924	132	4111.8078668684
GLOBAL	IV	30001	40000	0.0036510594940673	3042	11.106522980953	78	1636.8944337812
GLOBAL	IV	40001	50000	0.0088893071896277	6751	60.011712837177	461	5639.4516129032
GLOBAL	IV	50001	60000	0.014102989635473	8469	119.43821922282	936	8452.7405329593
GLOBAL	IV	60001	70000	0.013343017604364	7730	103.14152608173	807	7660.5525946704
GLOBAL	IV	70001	80000	0.01350113620123	9020	121.78024853509	954	8999.4446002805
GLOBAL	IV	80001	90000	0.011851229032573	8195	97.120821921932	760	8136.3253856943
GLOBAL	IV	90001	100000	0.011829254769675	8557	101.22293306411	793	8531.2033660589
GLOBAL	IV	100001	110000	0.010811637078017	7923	85.660600569131	669	7811.5049088359
GLOBAL	IV	110001	120000	0.0093849569479657	8659	81.264342212435	636	8591.3856942496
GLOBAL	IV	120001	130000	0.010201614299105	8363	85.316100383413	667	8167.206171108
GLOBAL	IV	130001	140000	0.0093424795466556	8405	78.523540589641	614	8325.0196353436
GLOBAL	IV	140001	150000	0.0083157074533893	9316	77.469130635775	607	9291.2089761571
GLOBAL	IV	150001	160000	0.0087245016540505	9378	81.818376511685	641	9338.5497896213
GLOBAL	IV	160001	170000	0.0089101375043886	9065	80.770396477283	633	9046.3450210379
GLOBAL	IV	170001	180000	0.01072073860544	8489	91.008350021581	713	8462.3899018233
GLOBAL	IV	180001	190000	0.0091344050725519	8968	81.917344690645	642	8950.237026648
GLOBAL	IV	190001	200000	0.0099082280777431	8617	85.379201345912	668	8423.8148667602
GLOBAL	IV	200001	210000	0.011153718507524	5516	61.523911287504	481	5313.9396914446
GLOBAL	IV	210001	220000	0.010728593097283	6832	73.297748040637	571	6665.0589060309
GLOBAL	IV	220001	230000	0.010259508313358	8819	90.478603815505	709	8790.4936886396
GLOBAL	IV	230001	240000	0.011659068058529	7923	92.374796227722	723	7838.7152875175
GLOBAL	IV	240001	250000	0.0098329068153482	8825	86.775402645448	680	8803.8204768583
GLOBAL	IV	250001	260000	0.010391381168335	7987	82.995961391493	646	7673.7026647966
GLOBAL	IV	260001	270000	0.012494895120483	8030	100.33400781748	786	7981.7391304348
GLOBAL	IV	270001	280000	0.011539119111057	8203	94.655394068004	740	8103.9368863955
GLOBAL	IV	280001	290000	0.010518800722951	8081	85.002428642168	666	8051.3380084151
GLOBAL	IV	290001	300000	0.0092842459738769	8469	78.628279152763	616	8426.5413744741
GLOBAL	IV	300001	310000	0.0092726405616013	8276	76.740373287812	601	7961.6058906031
GLOBAL	IV	310001	320000	0.010694034110367	7219	77.200232242739	602	6834.6661991585
GLOBAL	IV	320001	330000	0.0091574705753495	8291	75.924588540223	592	7751.5371669004
GLOBAL	IV	330001	340000	0.010227999603717	8384	85.751548677564	669	8238.3197755961
GLOBAL	IV	340001	350000	0.012642519705286	6853	86.639187540328	674	6504.0504908836
GLOBAL	IV	350001	360000	0.012902058742688	6939	89.527385615512	698	6719.7615708275
GLOBAL	IV	360001	370000	0.013591585576412	7111	96.649765033865	756	7027.9635343619
GLOBAL	IV	370001	380000	0.010725937073447	8207	88.027765561777	689	8147.1164095372
GLOBAL	IV	380001	390000	0.011688492947961	5289	61.820439201767	481	4769.1669004208
GLOBAL	IV	390001	400000	0.010740311591811	7507	80.627519119725	631	7445.3211781206
GLOBAL	IV	400001	410000	0.01255874844197	7733	97.116801701756	760	7661.6704067321
GLOBAL	IV	410001	420000	0.014333356306465	6010	86.143471401854	670	5723.1065918654
GLOBAL	IV	420001	430000	0.011920002364436	7124	84.918096844239	659	6725.3099579243
GLOBAL	IV	430001	440000	0.012057050985989	7013	84.556098564743	660	6834.8078541374
GLOBAL	IV	440001	450000	0.011669657065401	7978	93.100524067771	729	7923.5862552595
GLOBAL	IV	450001	460000	0.010370933573678	6534	67.76367997041	525	6150.6690042076
GLOBAL	IV	460001	470000	0.010964267458007	8117	88.996958956643	697	8067.6409537167
GLOBAL	IV	470001	480000	0.010422207217442	7515	78.322887239074	613	7452.7321178121
GLOBAL	IV	480001	490000	0.012628097990487	5634	71.146704078406	555	5401.1164095372
GLOBAL	IV	490001	500000	0.010326010620022	7794	80.480926772449	629	7723.1851332398
GLOBAL	IV	500001	510000	0.014357163389722	6229	89.43077075458	698	6060.1037868163
GLOBAL	IV	510001	520000	0.012449796362595	6679	83.152189905769	647	5995.0841514727
GLOBAL	IV	520001	530000	0.012522545049751	7051	88.296465145793	690	6915.5161290323
GLOBAL	IV	530001	540000	0.01454507968195	7319	106.45543819219	833	7244.9775596073
GLOBAL	IV	540001	550000	0.014654836223268	7110	104.19588554743	816	7068.6465638149
GLOBAL	IV	550001	560000	0.014226215762109	7518	106.95269009954	837	7445.6465638149
GLOBAL	IV	560001	570000	0.013002731404639	7650	99.470895245488	778	7501.9761570827
GLOBAL	IV	570001	580000	0.013038187728952	7429	96.860696638382	757	7287.3870967742
GLOBAL	IV	580001	590000	0.011436633624466	7592	86.826922476949	680	7548.9551192146
GLOBAL	IV	590001	600000	0.013279679779239	6787	90.129186661695	704	6662.7321178121
GLOBAL	IV	600001	610000	0.014935043459994	5866	87.608964936327	684	5721.3127629734
GLOBAL	IV	610001	620000	0.013481403407993	5739	77.36977415847	605	5660.0420757363
GLOBAL	IV	620001	630000	0.012908577590085	5516	71.203713986909	553	5005.7237026648
GLOBAL	IV	630001	640000	0.013112787765042	6378	83.63336036544	651	5750.9088359046
GLOBAL	IV	640001	650000	0.012521140945312	4881	61.115688954066	476	4647.4165497896
GLOBAL	IV	650001	660000	0.011990523035295	7310	87.650723388009	680	7123.1290322581
GLOBAL	IV	660001	670000	0.013978984166664	6146	85.914836688317	671	6006.4880785414
GLOBAL	IV	670001	680000	0.011736261681731	7260	85.205259809369	667	7196.840112202
GLOBAL	IV	680001	690000	0.012626357897024	5052	63.788360095764	492	4102.5287517532
GLOBAL	IV	690001	700000	0.013511244934271	7313	98.807734204322	771	6850.4011220196
GLOBAL	IV	700001	710000	0.015405671800563	6668	102.72501956616	804	6597.1823281907
GLOBAL	IV	710001	720000	0.014296054383726	5784	82.68837855547	642	5253.4894810659
GLOBAL	IV	720001	730000	0.012402780108512	5475	67.905221094102	527	5193.9256661992
GLOBAL	IV	730001	740000	0.01383526526823	6081	84.132248096109	658	6009.6732117812
GLOBAL	IV	740001	750000	0.013540090442961	7555	102.29538329657	801	7500.2384291725
GLOBAL	IV	750001	760000	0.013357026198356	6578	87.862518332787	687	6502.0911640954
GLOBAL	IV	760001	770000	0.013874239225145	5561	77.154644331033	602	5365.95371669
GLOBAL	IV	770001	780000	0.015208478133912	5054	76.863648488792	599	4893.6255259467
GLOBAL	IV	780001	790000	0.014320840734745	6065	86.855899056227	679	5976.0280504909
GLOBAL	IV	790001	800000	0.01008195412854	7350	74.102362844771	580	7286.1079943899
GLOBAL	IV	800001	810000	0.010299357951336	7081	72.929753653407	570	6937.5245441795
GLOBAL	IV	810001	820000	0.011281415135798	4414	49.79616640941	386	3635.698457223
GLOBAL	IV	820001	830000	0.014025178250936	7143	100.18184824644	784	7053.96914446
GLOBAL	IV	830001	840000	0.012666873789025	6364	80.611984793354	630	6257.8499298738
GLOBAL	IV	840001	850000	0.011057310561819	7621	84.267763791621	660	7568.6002805049
GLOBAL	IV	850001	860000	0.014221058141888	6580	93.574562573624	732	6493.4628330996
GLOBAL	IV	860001	870000	0.014105520616751	7130	100.57236199743	785	6984.8499298738
GLOBAL	IV	870001	880000	0.011871920803167	6489	77.036894091751	601	6252.3604488079
GLOBAL	IV	880001	890000	0.0092757237830078	5723	53.084967210154	403	3693.3043478261
GLOBAL	IV	890001	900000	0.012234816787548	7338	89.779085587028	703	7285.935483871
GLOBAL	IV	900001	910000	0.014183767831453	6905	97.93891687618	765	6796.1767180926
GLOBAL	IV	910001	920000	0.012970263908064	7359	95.448172099444	746	7228.2328190743
GLOBAL	IV	920001	930000	0.015241991833057	6245	95.186238997439	743	6100.6507713885
GLOBAL	IV	930001	940000	0.014857122552385	6304	93.659300570233	732	6176.0518934081
GLOBAL	IV	940001	950000	0.014759374264039	5262	77.663827377372	604	4804.1388499299
GLOBAL	IV	950001	960000	0.01307471983899	6829	89.287261780462	697	6678.5259467041
GLOBAL	IV	960001	970000	0.014742475280368	6409	94.48452407188	738	6316.3884992987
GLOBAL	IV	970001	980000	0.01128320904356	7726	87.174073070542	682	7646.1318373072
GLOBAL	IV	980001	990000	0.012884855844966	7455	96.056600324223	752	7401.9453015428
GLOBAL	IV	990001	1000000	0.012842889827536	6670	85.662075149665	668	6420.3730715288
GLOBAL	IV	1000001	1010000	0.013465078315367	6719	90.471861200949	707	6583.4656381487
GLOBAL	IV	1010001	1020000	0.011749639536523	6039	70.95607316106	553	5784.2173913043
GLOBAL	IV	1020001	1030000	0.012394759756549	7316	90.680062378912	709	7223.4109396914
GLOBAL	IV	1030001	1040000	0.013073046537191	7051	92.178051133734	721	6947.126227209
GLOBAL	IV	1040001	1050000	0.010833276824826	6861	74.327112295128	579	6282.2987377279
GLOBAL	IV	1050001	1060000	0.01093125421606	7612	83.208707092648	651	7316.6488764045
GLOBAL	IV	1060001	1070000	0.012011931737133	7488	89.945344847651	704	7422.9423347398
GLOBAL	IV	1070001	1080000	0.012688016052513	6787	86.113564948408	669	6130.0504908836
GLOBAL	IV	1080001	1090000	0.016532791218315	5138	84.945481279705	644	3790.665248227
GLOBAL	IV	1090001	1100000	0.01315305818333	7580	99.700181029643	779	7454.0378681627
GLOBAL	IV	1100001	1110000	0.014413392233352	6667	96.094086019755	750	6454.0785413745
GLOBAL	IV	1110001	1120000	0.012142182001274	7111	86.343056211057	674	7010.4502103787
GLOBAL	IV	1120001	1130000	0.012883994181204	6479	83.47539830002	650	5859.2005610098
GLOBAL	IV	1130001	1140000	0.010510744987486	5939	62.423314480681	488	5861.1178120617
GLOBAL	IV	1140001	1150000	0.011609655013271	5710	66.291130125776	518	5593.538569425
GLOBAL	IV	1150001	1160000	0.012633662096717	7037	88.903080174595	696	6978.9130434783
GLOBAL	IV	1160001	1170000	0.012539668257402	7204	90.335770126321	707	7140.9859747546
GLOBAL	IV	1170001	1180000	0.011797242064192	5872	69.273405400936	541	5771.1739130435
GLOBAL	IV	1180001	1190000	0.012815464562094	6707	85.953320817966	672	6604.9817671809
GLOBAL	IV	1190001	1200000	0.010731058589235	6980	74.902788952862	586	6905.316970547
GLOBAL	IV	1200001	1210000	0.010563344590988	6639	70.130044739572	545	5798.8176718093
GLOBAL	IV	1210001	1220000	0.011653820831723	6668	77.707677305929	607	6561.1093969144
GLOBAL	IV	1220001	1230000	0.013374525106243	5606	74.977587745598	587	5553.0757363254
GLOBAL	IV	1230001	1240000	0.013524522102286	7002	94.698703760206	740	6866.221598878
GLOBAL	IV	1240001	1250000	0.012403821673291	6564	81.418685463483	633	6160.9929873773
GLOBAL	IV	1250001	1260000	0.011708318859752	7571	88.643682087185	690	7154.4712482468
GLOBAL	IV	1260001	1270000	0.013621524510279	6220	84.725882453934	661	6054.6563814867
GLOBAL	IV	1270001	1280000	0.013813101507051	6220	85.917491373859	670	6036.6129032258
GLOBAL	IV	1280001	1290000	0.013227139767664	6942	91.822804267126	715	6639.3309957924
GLOBAL	IV	1290001	1300000	0.013351553552914	7633	101.9124082694	796	7533.9929873773
GLOBAL	IV	1300001	1310000	0.012858462374295	7192	92.47806139593	721	7054.904628331
GLOBAL	IV	1310001	1320000	0.01237258984844	7229	89.441452014371	700	7159.5890603086
GLOBAL	IV	1320001	1330000	0.014343392356341	6574	94.293461350588	736	6460.2622720898
GLOBAL	IV	1330001	1340000	0.014707660891892	7333	107.85127732024	843	7203.2426367461
GLOBAL	IV	1340001	1350000	0.013756678787708	6741	92.733771707939	725	6653.7699859748
GLOBAL	IV	1350001	1360000	0.014895435367073	5184	77.217936942909	597	4758.1851332398
GLOBAL	IV	1360001	1370000	0.011968694167966	6992	83.68510962242	651	6562.2131837307
GLOBAL	IV	1370001	1380000	0.010181295090932	6696	68.173951928881	530	6252.3071528752
GLOBAL	IV	1380001	1390000	0.01357915456286	6236	84.679607853992	658	5842.5119214586
GLOBAL	IV	1390001	1400000	0.016155942085202	5661	91.458788144328	704	5130.9817671809
GLOBAL	IV	1400001	1410000	0.012978741583877	6499	84.348841553619	659	6384.3450210379
GLOBAL	IV	1410001	1420000	0.011611235549567	6541	75.949091729716	594	6075.4656381487
GLOBAL	IV	1420001	1430000	0.014497276066171	6186	89.680149745331	698	5910.7896213184
GLOBAL	IV	1430001	1440000	0.01390772074619	6852	95.295702552896	744	6667.4347826087
GLOBAL	IV	1440001	1450000	0.012948788222334	7733	100.13297932331	784	7682.9831697055
GLOBAL	IV	1450001	1460000	0.013396822560744	5375	72.007921264001	561	5234.5035063114
GLOBAL	IV	1460001	1470000	0.011410164254077	6300	71.884034800683	561	6163.6423562412
GLOBAL	IV	1470001	1480000	0.01172295938428	6462	75.753763541219	585	4805.8162692847
GLOBAL	IV	1480001	1490000	0.014528517502639	5992	87.054876875811	677	5620.1809256662
GLOBAL	IV	1490001	1500000	0.010023844009929	7221	72.382177595694	566	7131.6115007013
GLOBAL	IV	1500001	1510000	0.012467470277722	6897	85.988142505449	672	6788.2384291725
GLOBAL	IV	1510001	1520000	0.014669725148113	5595	82.077112203692	641	5503.7727910238
GLOBAL	IV	1520001	1530000	0.01249926525772	5636	70.44585899251	543	4813.6816269285
GLOBAL	IV	1530001	1540000	0.015060451310262	5030	75.754070090616	574	4058.1334269663
GLOBAL	IV	1540001	1550000	0.013371663843676	4849	64.839197977985	493	3836.3646563815
GLOBAL	IV	1550001	1560000	0.013213535074571	6396	84.513770336954	661	6302.0729312763
GLOBAL	IV	1560001	1570000	0.011655316953029	6872	80.095338101217	626	6788.0575035063
GLOBAL	IV	1570001	1580000	0.0078884723358844	8378	66.08962123004	517	8273.0014025245
GLOBAL	IV	1580001	1590000	0.010001899694984	5433	54.340321042849	421	4693.1122019635
GLOBAL	IV	1590001	1600000	0.013087568284631	6987	91.442839604717	714	6851.1837307153
GLOBAL	IV	1600001	1610000	0.01074874953465	8116	87.236851223216	683	8037.1248246844
GLOBAL	IV	1610001	1620000	0.0080682452780279	6825	55.06577402254	428	5427.7615708275
GLOBAL	IV	1620001	1630000	0.012152368238017	6936	84.288826098884	657	6685.0238429173
GLOBAL	IV	1630001	1640000	0.012882050177891	7063	90.985920406443	712	6990.1276297335
GLOBAL	IV	1640001	1650000	0.010820918428343	6654	72.002391222191	561	6440.4852734923
GLOBAL	IV	1650001	1660000	0.01029974080514	7174	73.890340536072	575	6709.3856942496
GLOBAL	IV	1660001	1670000	0.014192257054349	7037	99.870912891453	780	6914.9144460028
GLOBAL	IV	1670001	1680000	0.01402477814991	6724	94.302608279992	737	6559.3927068724
GLOBAL	IV	1680001	1690000	0.011041283461647	8289	91.521198613591	717	8257.4824684432
GLOBAL	IV	1690001	1700000	0.012537761100989	7462	93.556773335583	732	7354.0210378682
GLOBAL	IV	1700001	1710000	0.011802364045649	6933	81.825789928484	639	6747.6647966339
GLOBAL	IV	1710001	1720000	0.012456277419042	6730	83.830747030153	656	6652.8134642356
GLOBAL	IV	1720001	1730000	0.011719034379521	6393	74.919786788275	584	6124.9018232819
GLOBAL	IV	1730001	1740000	0.010748391303574	7128	76.614533211873	599	6644.6788218794
GLOBAL	IV	1740001	1750000	0.0098644684922312	7494	73.92432688078	578	7426.0869565217
GLOBAL	IV	1750001	1760000	0.0099216788375925	6915	68.608409161952	537	6852.8821879383
GLOBAL	IV	1760001	1770000	0.010592346806845	7357	77.927895457962	610	7300.8681626928
GLOBAL	IV	1770001	1780000	0.0094473495397322	7289	68.861730795108	539	6842.5259467041
GLOBAL	IV	1780001	1790000	0.0092606414964844	7522	69.658545336556	545	7452.2356241234
GLOBAL	IV	1790001	1800000	0.013401104412006	6736	90.269839319271	706	6656.1879382889
GLOBAL	IV	1800001	1810000	0.011631845654524	6529	75.944320278386	594	6440.2973352034
GLOBAL	IV	1810001	1820000	0.010874456409158	7527	81.852033391729	640	7424.6213183731
GLOBAL	IV	1820001	1830000	0.011703987090294	7246	84.807090456268	664	7198.5203366059
GLOBAL	IV	1830001	1840000	0.012853317187629	6557	84.279200799281	659	6450.1612903226
GLOBAL	IV	1840001	1850000	0.012677367121007	6762	85.724356472247	669	6570.1472650771
GLOBAL	IV	1850001	1860000	0.011973404952603	7395	88.543329624499	693	7321.5596072931
GLOBAL	IV	1860001	1870000	0.010653255258891	8039	85.641519026222	669	7912.8022440393
GLOBAL	IV	1870001	1880000	0.011925415013266	7412	88.391176078325	691	7303.6998597475
GLOBAL	IV	1880001	1890000	0.01184785961493	7050	83.527410285258	653	6944.5245441795
GLOBAL	IV	1890001	1900000	0.012855830374667	6340	81.505964575388	635	6155.2973352034
GLOBAL	IV	1900001	1910000	0.008754334506452	6142	53.769122538628	418	5434.9424964937
GLOBAL	IV	1910001	1920000	0.011367674806835	7566	86.007827588511	671	7373.9060308555
GLOBAL	IV	1920001	1930000	0.011238863833007	8389	94.282828695095	738	8318.0911640954
GLOBAL	IV	1930001	1940000	0.010489123582253	6995	73.371419457856	574	6781.3604488079
GLOBAL	IV	1940001	1950000	0.01302389233604	6893	89.773689872326	701	6688.6690042076
GLOBAL	IV	1950001	1960000	0.00913182199414	6227	56.86385555751	441	5352.0883590463
GLOBAL	IV	1960001	1970000	0.011297886043771	6655	75.187431621294	588	6555.2636746143
GLOBAL	IV	1970001	1980000	0.012559829783257	6843	85.946915206826	670	6652.7755960729
GLOBAL	IV	1980001	1990000	0.011463348568642	6729	77.136872518395	603	6575.316970547
GLOBAL	IV	1990001	2000000	0.012578882933092	7198	90.542799352397	709	7147.1809256662
GLOBAL	IV	2000001	2010000	0.01284907322625	6150	79.021800341439	618	6027.762973352
GLOBAL	IV	2010001	2020000	0.010238188426608	7297	74.708060948959	585	7243.507713885
GLOBAL	IV	2020001	2030000	0.0090646838200345	8325	75.463492801787	591	8274.9971949509
GLOBAL	IV	2030001	2040000	0.011343517962143	7207	81.752733953164	640	7150.8274894811
GLOBAL	IV	2040001	2050000	0.010860504552509	6973	75.730298244647	590	6659.2047685834
GLOBAL	IV	2050001	2060000	0.010340744738493	7471	77.255703941284	603	6911.255259467
GLOBAL	IV	2060001	2070000	0.01087008798905	7842	85.243230010132	667	7727.5918653576
GLOBAL	IV	2070001	2080000	0.010412281506365	7813	81.351155409232	636	7687.2678821879
GLOBAL	IV	2080001	2090000	0.0088998355084328	7002	62.316648230047	484	5996.9467040673
GLOBAL	IV	2090001	2100000	0.011047680408372	5891	65.081885285721	503	5058.3842917251
GLOBAL	IV	2100001	2110000	0.011982482905941	7274	87.160580657816	680	7058.577247191
GLOBAL	IV	2110001	2120000	0.012880332550425	7255	93.446812653337	731	7164.1065918654
GLOBAL	IV	2120001	2130000	0.012692896966606	5069	64.340294723723	500	4770.7391304348
GLOBAL	IV	2130001	2140000	0.011094808984485	6564	72.826326174158	569	6443.7166900421
GLOBAL	IV	2140001	2150000	0.011056921038188	7089	78.382513239714	613	6966.8934081346
GLOBAL	IV	2150001	2160000	0.010277638271897	8223	84.513019509809	662	8186.8499298738
GLOBAL	IV	2160001	2170000	0.01144857096898	7987	91.439736329245	716	7932.1388499299
GLOBAL	IV	2170001	2180000	0.0126083002725	7518	94.789201448656	741	7365.858345021
GLOBAL	IV	2180001	2190000	0.0062324238696928	5446	33.941780394347	262	3470.396914446
GLOBAL	IV	2190001	2200000	0.010720883362805	6705	71.883522947609	559	6332.5063291139
GLOBAL	IV	2200001	2210000	0.0098924331168901	7504	74.232818109143	580	7317.729312763
GLOBAL	IV	2210001	2220000	0.0080516804145013	8655	69.687293987509	546	8627.5946704067
GLOBAL	IV	2220001	2230000	0.012633030188863	6920	87.420568906935	684	6835.7419354839
GLOBAL	IV	2230001	2240000	0.010946136846126	8130	88.992092559008	696	7977.1654978962
GLOBAL	IV	2240001	2250000	0.012011213906846	7201	86.492751343198	675	7003.301542777
GLOBAL	IV	2250001	2260000	0.010224554046157	6598	67.461607596542	522	6064.6970546985
GLOBAL	IV	2260001	2270000	0.012600219659055	7643	96.303478854155	754	7583.0252454418
GLOBAL	IV	2270001	2280000	0.010223831355551	6497	66.424232317014	515	5696.9817671809
GLOBAL	IV	2280001	2290000	0.0064773456085626	4411	28.57157147937	214	3023.9633802817
GLOBAL	IV	2290001	2300000	0.0073991264617485	5492	40.636002527923	312	4487.6325385694
GLOBAL	IV	2300001	2310000	0.014618754041752	7561	110.53239930968	864	7427.9199438202
GLOBAL	IV	2310001	2320000	0.01119795050874	6556	73.413763535298	568	5699.6121297602
GLOBAL	IV	2320001	2330000	0.010429359067783	6400	66.747898033813	519	6089.3258426966
GLOBAL	IV	2330001	2340000	0.011985310118736	7290	87.372910765583	682	7120.9648876404
GLOBAL	IV	2340001	2350000	0.0089765329321291	6094	54.702991688395	421	5435.9915848527
GLOBAL	IV	2350001	2360000	0.0093616120020412	8070	75.548208856473	591	8013.3772791024
GLOBAL	IV	2360001	2370000	0.013719433150427	7596	104.21281421064	815	7492.5638148668
GLOBAL	IV	2370001	2380000	0.013722624411933	7347	100.82012155447	788	7191.8611500701
GLOBAL	IV	2380001	2390000	0.011618565170135	7646	88.835549290856	695	7549.5624123422
GLOBAL	IV	2390001	2400000	0.010081021525322	7224	72.825299498924	569	6718.4978962132
GLOBAL	IV	2400001	2410000	0.012245219698509	6880	84.247111525743	659	6800.3941093969
GLOBAL	IV	2410001	2420000	0.012804968398603	7691	98.483011953657	770	7571.3057503506
GLOBAL	IV	2420001	2430000	0.011830317119032	7615	90.087864861428	703	7349.2917251052
GLOBAL	IV	2430001	2440000	0.012062999454982	7173	86.527895090585	675	6931.5666199158
GLOBAL	IV	2440001	2450000	0.012307369753758	8139	100.16968242584	784	8062.1472650771
GLOBAL	IV	2450001	2460000	0.012746672023683	6921	88.219717075912	690	6823.5301542777
GLOBAL	IV	2460001	2470000	0.014094751534979	7261	102.34199089548	798	7011.2173913043
GLOBAL	IV	2470001	2480000	0.014831659404601	7377	109.41315142774	856	7290.3155680224
GLOBAL	IV	2480001	2490000	0.013343396316671	7279	97.126581789048	760	7186.2664796634
GLOBAL	IV	2490001	2500000	0.014370692399476	7355	105.69644259815	827	7259.7503506311
GLOBAL	IV	2500001	2510000	0.0094053096856303	6613	62.197312951073	483	5792.366058906
GLOBAL	IV	2510001	2520000	0.010302176349533	6696	68.98337283647	531	4998.8330995792
GLOBAL	IV	2520001	2530000	0.012140773043205	6866	83.358547714643	652	6802.7826086957
GLOBAL	IV	2530001	2540000	0.01344819507133	5789	77.851601267929	606	5551.1823281907
GLOBAL	IV	2540001	2550000	0.010111179040439	5533	55.945153630747	437	5032.8345021038
GLOBAL	IV	2550001	2560000	0.015227923374819	6469	98.509436311707	770	6364.1514726508
GLOBAL	IV	2560001	2570000	0.0099172488456645	7520	74.577711319397	584	7482.4908835905
GLOBAL	IV	2570001	2580000	0.012356448093719	7615	94.094352233672	737	7571.6269284712
GLOBAL	IV	2580001	2590000	0.014625152047369	6149	89.930059939273	702	6039.4740532959
GLOBAL	IV	2590001	2600000	0.0096661930143422	7561	73.086085381442	572	7486.2734922861
GLOBAL	IV	2600001	2610000	0.013169180061975	7137	93.988438102318	735	7028.1318373072
GLOBAL	IV	2610001	2620000	0.011671812426023	6530	76.216935141931	596	6074.0532959327
GLOBAL	IV	2620001	2630000	0.011700575308893	6976	81.623213354837	639	6908.0687237027
GLOBAL	IV	2630001	2640000	0.013077278307127	5664	74.069704331569	576	5406.5680224404
GLOBAL	IV	2640001	2650000	0.011845480727286	6224	73.726272046627	575	5736.6423562412
GLOBAL	IV	2650001	2660000	0.01328288686617	6221	82.632839194444	645	6093.1402524544
GLOBAL	IV	2660001	2670000	0.012230286767098	7223	88.33936131875	691	7167.2159887798
GLOBAL	IV	2670001	2680000	0.013320814585388	6090	81.123760825013	628	5600.1795231417
GLOBAL	IV	2680001	2690000	0.012406491768554	6514	80.815887380362	630	6251.4235624123
GLOBAL	IV	2690001	2700000	0.014578028533533	6415	93.518053042612	730	6276.1963534362
GLOBAL	IV	2700001	2710000	0.0098688036861495	7263	71.677121172504	559	7056.9859747546
GLOBAL	IV	2710001	2720000	0.010796241379981	7531	81.306493832638	635	7371.3534361851
GLOBAL	IV	2720001	2730000	0.011307575117825	6935	78.418033442115	614	6873.0084151473
GLOBAL	IV	2730001	2740000	0.0098593432020664	6231	61.433567492076	476	5713.7643758766
GLOBAL	IV	2740001	2750000	0.0077541414027431	4973	38.561345195842	301	4256.2440392707
GLOBAL	IV	2750001	2760000	0.0028475178217347	2630	7.4889718711622	54	849.71870604782
GLOBAL	IV	2760001	2770000	0.014405674059004	5272	75.946713639067	589	4694.5274261603
GLOBAL	IV	2770001	2780000	0.016347250324897	6564	107.30335113263	835	6377.5049088359
GLOBAL	IV	2780001	2790000	0.013749471759972	5621	77.285780762804	600	5280.1065918654
GLOBAL	IV	2790001	2800000	0.012254251482763	7477	91.625038336622	715	7345.2468443198
GLOBAL	IV	2800001	2810000	0.012563438811213	6467	81.247758792112	635	6368.6704067321
GLOBAL	IV	2810001	2820000	0.0086298642535653	6631	57.224629865392	444	5056.159887798
GLOBAL	IV	2820001	2830000	0.0136622449262	5935	81.085423636995	627	5254.427769986
GLOBAL	IV	2830001	2840000	0.012034487706128	7042	84.746862426551	660	6805.7896213184
GLOBAL	IV	2840001	2850000	0.011344340124536	7798	88.463164291133	692	7713.1963534362
GLOBAL	IV	2850001	2860000	0.011850992702362	7738	91.702981530877	716	7620.9453015428
GLOBAL	IV	2860001	2870000	0.012419552167222	7040	87.433647257246	682	6862.9733520337
GLOBAL	IV	2870001	2880000	0.011059844910825	6846	75.715698259505	591	6712.7587657784
GLOBAL	IV	2880001	2890000	0.014536099200196	6166	89.62958766841	696	5883.3408134642
GLOBAL	IV	2890001	2900000	0.013725824235859	6530	89.629632260161	701	6459.8359046283
GLOBAL	IV	2900001	2910000	0.013289933347957	6345	84.324627092786	659	6248.7461430575
GLOBAL	IV	2910001	2920000	0.01472639560997	6460	95.132515640403	741	6270.7896213184
GLOBAL	IV	2920001	2930000	0.011241768947528	7422	83.436409128553	653	7340.1023842917
GLOBAL	IV	2930001	2940000	0.012849772004833	6757	86.825909436659	679	6643.2384291725
GLOBAL	IV	2940001	2950000	0.010720386817052	7009	75.139191200716	583	6504.5497896213
GLOBAL	IV	2950001	2960000	0.011453316748611	7096	81.272735648144	636	7036.110799439
GLOBAL	IV	2960001	2970000	0.011355846138692	6013	68.282702831957	531	5531.1037868163
GLOBAL	IV	2970001	2980000	0.015458679769309	5721	88.439106960215	685	5227.301542777
GLOBAL	IV	2980001	2990000	0.013120002131505	6308	82.760973445533	645	5778.6409537167
GLOBAL	IV	2990001	3000000	0.014777851234127	6885	101.74550574696	795	6780.381486676
GLOBAL	IV	3000001	3010000	0.01071943012752	7353	78.819969727657	616	7202.9116409537
GLOBAL	IV	3010001	3020000	0.013328995004677	7111	94.782483478258	740	6927.6241234222
GLOBAL	IV	3020001	3030000	0.012100074071371	6843	82.800806870395	647	6696.3071528752
GLOBAL	IV	3030001	3040000	0.010891702031498	7578	82.537317994691	643	7318.0897615708
GLOBAL	IV	3040001	3050000	0.010898961047095	7329	79.878485514156	623	7095.3534361851
GLOBAL	IV	3050001	3060000	0.010297141142656	6843	70.463336839192	548	6268.252454418
GLOBAL	IV	3060001	3070000	0.012318873774681	6946	85.566897238937	668	6758.0056100982
GLOBAL	IV	3070001	3080000	0.010358093889862	7567	78.379696464584	613	7457.2678821879
GLOBAL	IV	3080001	3090000	0.011404800706238	7013	79.981867352846	625	6857.9803646564
GLOBAL	IV	3090001	3100000	0.012709032665835	5983	76.038142439693	590	5708.7391304348
GLOBAL	IV	3100001	3110000	0.01355558881776	6654	90.198887993378	704	6444.7601683029
GLOBAL	IV	3110001	3120000	0.012574480931933	7148	89.882389701454	701	6956.3842917251
GLOBAL	IV	3120001	3130000	0.013864913568741	6209	86.087248348314	670	5952.0911640954
GLOBAL	IV	3130001	3140000	0.012446671878632	7155	89.055937291613	695	7041.2833099579
GLOBAL	IV	3140001	3150000	0.012348089870875	6814	84.139884380144	657	6665.2342215989
GLOBAL	IV	3150001	3160000	0.01473376202311	5930	87.371208797041	679	5596.7966339411
GLOBAL	IV	3160001	3170000	0.011134558837815	5695	63.411312581355	491	4835.7812061711
GLOBAL	IV	3170001	3180000	0.011094834399622	6474	71.827957903152	557	5709.7124824684
GLOBAL	IV	3180001	3190000	0.013324335198331	6139	81.798093782554	638	5967.0532959327
GLOBAL	IV	3190001	3200000	0.014246368664184	6521	92.900570059141	723	6351.7741935484
GLOBAL	IV	3200001	3210000	0.011028224024681	7394	81.542688438488	638	7328.1528751753
GLOBAL	IV	3210001	3220000	0.011142553128577	6487	72.28174214508	563	5966.0084151473
GLOBAL	IV	3220001	3230000	0.0081521371530062	7771	63.350257816011	494	7460.3899018233
GLOBAL	IV	3230001	3240000	0.0072965040599546	7636	55.716105001813	436	7563.4740532959
GLOBAL	IV	3240001	3250000	0.010089145438557	6172	62.270205646775	482	5648.4558204769
GLOBAL	IV	3250001	3260000	0.01066364296236	7878	84.008179257473	656	7666.5007012623
GLOBAL	IV	3260001	3270000	0.010774983340854	7371	79.422402205437	621	7303.8415147265
GLOBAL	IV	3270001	3280000	0.012098690680157	7247	87.679211359101	686	7168.0673211781
GLOBAL	IV	3280001	3290000	0.01163089515195	7174	83.440041820087	652	7051.8134642356
GLOBAL	IV	3290001	3300000	0.011922859869714	7115	84.831147973014	659	6761.3281907433
GLOBAL	IV	3300001	3310000	0.0095484755087292	5908	56.412393305572	432	4897.9971949509
GLOBAL	IV	3310001	3320000	0.011008336376434	5471	60.22660831547	463	4813.5469845722
GLOBAL	IV	3320001	3330000	0.012837904707422	7149	91.778180753357	717	7041.2608695652
GLOBAL	IV	3330001	3340000	0.010273628041606	5654	58.087092947241	451	5232.8244382022
GLOBAL	IV	3340001	3350000	0.010399527333197	6115	63.593109642499	496	5860.0196353436
GLOBAL	IV	3350001	3360000	0.012740092593699	6600	84.084611118416	656	6425.8511235955
GLOBAL	IV	3360001	3370000	0.013919578238992	5662	78.812651989175	614	5452.4333800842
GLOBAL	IV	3370001	3380000	0.011383699320532	7308	83.19207463445	651	7234.618513324
GLOBAL	IV	3380001	3390000	0.0092289327008485	5796	53.490893934118	413	5124.1332398317
GLOBAL	IV	3390001	3400000	0.011290087034795	6956	78.533845414035	610	6462.1025280899
GLOBAL	IV	3400001	3410000	0.013333392359185	6688	89.173728098229	686	6040.9087078652
GLOBAL	IV	3410001	3420000	0.011475129221226	4659	53.462627041692	412	3862.4229651163
GLOBAL	IV	3420001	3430000	0.0088976328479313	4734	42.121393902107	325	4319.2429775281
GLOBAL	IV	3430001	3440000	0.010333366251353	5951	61.493862561801	476	5305.6853932584
GLOBAL	IV	3440001	3450000	0.012490593540505	5895	73.632048921278	571	5579.4067321178
GLOBAL	IV	3450001	3460000	0.013284994238432	5925	78.713590862711	609	5472.446002805
GLOBAL	IV	3460001	3470000	0.012421776025888	6693	83.13894694127	649	6598.3352033661
GLOBAL	IV	3470001	3480000	0.013712636284438	6145	84.264149967872	655	5741.3772791024
GLOBAL	IV	3480001	3490000	0.013703494142885	5971	81.823563527167	637	5743.5960729313
GLOBAL	IV	3490001	3500000	0.010789329560398	6565	70.831948564012	552	6468.2650771388
GLOBAL	IV	3500001	3510000	0.012922131224815	6545	84.575348866412	654	6001.7671809257
GLOBAL	IV	3510001	3520000	0.01269517664613	7051	89.513690531863	699	6931.6437587658
GLOBAL	IV	3520001	3530000	0.013311306298933	7133	94.949547830292	742	6989.5217391304
GLOBAL	IV	3530001	3540000	0.01430646115786	5497	78.642616984754	610	4731.3941093969
GLOBAL	IV	3540001	3550000	0.01358299964706	6205	84.28251281001	654	5862.2162921348
GLOBAL	IV	3550001	3560000	0.014092450168961	5975	84.20238975954	652	5528.9144460028
GLOBAL	IV	3560001	3570000	0.012286505049608	6908	84.875176882691	660	6567.3646563815
GLOBAL	IV	3570001	3580000	0.012093589148434	6992	84.558375325848	661	6862.0813464236
GLOBAL	IV	3580001	3590000	0.014312799463647	6576	94.12096927294	734	6395.4544179523
GLOBAL	IV	3590001	3600000	0.013794069200845	6878	94.875607963413	742	6776.5862552595
GLOBAL	IV	3600001	3610000	0.01135239172067	7537	85.562976398691	669	7437.1500701262
GLOBAL	IV	3610001	3620000	0.01096080810514	5501	60.295405386374	469	5216.7166900421
GLOBAL	IV	3620001	3630000	0.014190075343772	6137	87.084492384729	676	5799.4964838256
GLOBAL	IV	3630001	3640000	0.012196395624551	5778	70.470773918654	542	5252.2935393258
GLOBAL	IV	3640001	3650000	0.010726927343767	6428	68.952688965734	535	6061.7363253857
GLOBAL	IV	3650001	3660000	0.013233515960712	5240	69.343623634132	536	4701.5597749648
GLOBAL	IV	3660001	3670000	0.0083538541252328	5085	42.479348226809	308	2839.8876404494
GLOBAL	IV	3670001	3680000	0.013707283049081	6967	95.49864100295	734	6350.2328190743
GLOBAL	IV	3680001	3690000	0.011107074767464	7687	85.380083737499	666	7471.2314165498
GLOBAL	IV	3690001	3700000	0.011739639590079	8386	98.448617602405	771	8334.2468443198
GLOBAL	IV	3700001	3710000	0.010782754773896	7289	78.595499546925	613	7122.0771388499
GLOBAL	IV	3710001	3720000	0.011122142071667	6601	73.417259815071	574	6498.5946704067
GLOBAL	IV	3720001	3730000	0.012951412132745	5794	75.040481897125	585	5606.618513324
GLOBAL	IV	3730001	3740000	0.012229405392814	7443	91.023464338713	709	7296.5469845722
GLOBAL	IV	3740001	3750000	0.0097742340421842	6813	66.591856529401	521	6668.0350631136
GLOBAL	IV	3750001	3760000	0.012492353958465	6605	82.511997895664	645	6506.1865357644
GLOBAL	IV	3760001	3770000	0.014620628333576	6560	95.911321868256	750	6433.4992987377
GLOBAL	IV	3770001	3780000	0.014739370545596	6703	98.798000767127	772	6560.6952247191
GLOBAL	IV	3780001	3790000	0.014380959507062	5891	84.718232456103	661	5723.1949509116
GLOBAL	IV	3790001	3800000	0.0129411599014	6043	78.203429284161	596	5461.2230014025
GLOBAL	IV	3800001	3810000	0.012119168142019	6706	81.271141560378	633	6528.5245441795
GLOBAL	IV	3810001	3820000	0.01200469452153	6701	80.443457988771	627	6381.7110799439
GLOBAL	IV	3820001	3830000	0.011304720031311	5673	64.131676737627	499	5395.1346423562
GLOBAL	IV	3830001	3840000	0.011248252203462	7372	82.92211524392	648	7237.6844319776
GLOBAL	IV	3840001	3850000	0.011654824437329	5616	65.453494040039	511	5418.6647966339
GLOBAL	IV	3850001	3860000	0.011094740966939	4018	44.578669205159	344	3666.3029453015
GLOBAL	IV	3860001	3870000	0.0096786296863899	7299	70.64431808096	552	7155.2033660589
GLOBAL	IV	3870001	3880000	0.010691344460008	7324	78.303406825098	612	7200.0434782609
GLOBAL	IV	3880001	3890000	0.011520588828095	5986	68.962244724979	536	5678.3913043478
GLOBAL	IV	3890001	3900000	0.013566307799591	6728	91.27411887565	713	6593.0392706872
GLOBAL	IV	3900001	3910000	0.010804873667925	7623	82.36555197059	645	7539.2328190743
GLOBAL	IV	3910001	3920000	0.010277488667495	8143	83.68959021941	655	8082.4782608696
GLOBAL	IV	3920001	3930000	0.010542393604752	7515	79.22608793971	618	7309.553997195
GLOBAL	IV	3930001	3940000	0.0102603547196	7419	76.121571664713	593	7099
GLOBAL	IV	3940001	3950000	0.0099723636119429	7403	73.825407819213	578	7339.1192145863
GLOBAL	IV	3950001	3960000	0.014436941651688	5906	85.264577394867	662	5631.1739130435
GLOBAL	IV	3960001	3970000	0.010584723329663	7854	83.132417031172	651	7802.2286115007
GLOBAL	IV	3970001	3980000	0.0096174624722148	7676	73.823641936721	577	7541.3029453015
GLOBAL	IV	3980001	3990000	0.0096098820414635	6903	66.337015732223	515	6195.0210378682
GLOBAL	IV	3990001	4000000	0.0063901246737757	7252	46.341184134222	356	5514.9621318373
GLOBAL	IV	4000001	4010000	0.013158433485699	5984	78.740065978425	611	5589.4824684432
GLOBAL	IV	4010001	4020000	0.010981060295049	7635	83.840395352698	656	7563.4193548387
GLOBAL	IV	4020001	4030000	0.012501032264438	6830	85.382050366113	667	6649.9621318373
GLOBAL	IV	4030001	4040000	0.010939096736951	7363	80.54456927417	630	7262.2398316971
GLOBAL	IV	4040001	4050000	0.01228993540608	7196	88.438375182149	692	7113.0575035063
GLOBAL	IV	4050001	4060000	0.014451925298352	5460	78.907512129004	612	5098.4572230014
GLOBAL	IV	4060001	4070000	0.013829925423847	6369	88.082795024483	682	5638.350631136
GLOBAL	IV	4070001	4080000	0.012445215266858	7113	88.522816193163	692	7024.2636746143
GLOBAL	IV	4080001	4090000	0.013247941045481	5846	77.447463351882	604	5634.8807854137
GLOBAL	IV	4090001	4100000	0.011283197439328	6734	75.981051556433	592	6473.6563814867
GLOBAL	IV	4100001	4110000	0.011786620298749	6046	71.261906326235	557	5929.5497896213
GLOBAL	IV	4110001	4120000	0.012062588415327	6313	76.151120665961	594	6050.6647966339
GLOBAL	IV	4120001	4130000	0.0093949155259891	6770	63.603578110947	496	6233.3071528752
GLOBAL	IV	4130001	4140000	0.010578171519516	7786	82.361643450955	645	7740.9004207574
GLOBAL	IV	4140001	4150000	0.011736649220045	7080	83.095476477915	649	6914.4165497896
GLOBAL	IV	4150001	4160000	0.012011604630251	7347	88.249259218451	691	7301.2426367461
GLOBAL	IV	4160001	4170000	0.0079593571686235	8132	64.725492495247	507	8092.2917251052
GLOBAL	IV	4170001	4180000	0.010515604419306	7447	78.309706110574	611	7040.0729312763
GLOBAL	IV	4180001	4190000	0.0085776278241616	6084	52.186287682199	403	5023.3127629734
GLOBAL	IV	4190001	4200000	0.008739623422061	8807	76.969863478091	601	8701.2791023843
GLOBAL	IV	4200001	4210000	0.0086706885472231	5885	51.027002100408	390	4575.9130434783
GLOBAL	IV	4210001	4220000	0.0039265936468168	4941	19.401299208922	147	3874.1729106628
GLOBAL	IV	4220001	4230000	0.0053031516556595	5941	31.506023986273	226	3502.7545582048
GLOBAL	IV	4230001	4240000	0.01320957342415	5737	75.783322734351	588	5385.3122362869
GLOBAL	IV	4240001	4250000	0.011039415951113	5076	56.036075367847	431	4474.0785413745
GLOBAL	IV	4250001	4260000	0.0089195386658201	8174	72.908309054414	571	8129.2650771388
GLOBAL	IV	4260001	4270000	0.010087684946936	7869	79.379992847442	621	7775.9074333801
GLOBAL	IV	4270001	4280000	0.01001672916509	7979	79.923482008252	626	7929.744740533
GLOBAL	IV	4280001	4290000	0.0071513610885569	7756	55.465956602847	434	7668.0518934081
GLOBAL	IV	4290001	4300000	0.0095285879033012	7658	72.969926163481	571	7565.4375876578
GLOBAL	IV	4300001	4310000	0.0096255114197268	7037	67.734723860617	528	6574.1500701262
GLOBAL	IV	4310001	4320000	0.0089014909309691	4638	41.285114937835	317	3768.729312763
GLOBAL	IV	4320001	4330000	0.0094724153467165	7501	71.052587515721	556	7427.2959326788
GLOBAL	IV	4330001	4340000	0.0077008158545183	7866	60.574617511641	474	7818.7854137447
GLOBAL	IV	4340001	4350000	0.0089691240478167	7890	70.766388737274	552	7721.5806451613
GLOBAL	IV	4350001	4360000	0.010194702096372	4584	46.732514409769	361	4046.5694249649
GLOBAL	IV	4360001	4370000	0.006628706596192	8627	57.185851805349	448	8594.0098176718
GLOBAL	IV	4370001	4380000	0.0078338622594051	7278	57.01484952395	442	6769.4319775596
GLOBAL	IV	4380001	4390000	0.0080664973636953	7308	58.949962733885	461	7246.3646563815
GLOBAL	IV	4390001	4400000	0.0095838267379095	7111	68.150591933274	531	6467.3618513324
GLOBAL	IV	4400001	4410000	0.011352296929985	7318	83.076108933627	650	7246.1318373072
GLOBAL	IV	4410001	4420000	0.010596775903609	7440	78.840012722849	617	7365.6451612903
GLOBAL	IV	4420001	4430000	0.010384207067502	7569	78.598063293923	614	7357.8190743338
GLOBAL	IV	4430001	4440000	0.0099446709790476	7615	75.728669505448	591	7432.5708274895
GLOBAL	IV	4440001	4450000	0.010297625781706	7929	81.649874823145	638	7798.095371669
GLOBAL	IV	4450001	4460000	0.0091719426100956	7713	70.743193351667	552	7500.8232819074
GLOBAL	IV	4460001	4470000	0.0085602397463002	7910	67.711496393234	530	7834.5259467041
GLOBAL	IV	4470001	4480000	0.009440211884297	6102	57.60417291798	449	6015.7489481066
GLOBAL	IV	4480001	4490000	0.010339360921877	7044	72.830458333699	570	6972.1136044881
GLOBAL	IV	4490001	4500000	0.0097437510125943	7629	74.335076475082	580	7400.553997195
GLOBAL	IV	4500001	4510000	0.0097121904520145	8423	81.805780177318	640	8310.1206171108
GLOBAL	IV	4510001	4520000	0.0091284138506116	8269	75.482854130707	591	8221.7096774194
GLOBAL	IV	4520001	4530000	0.010626468774805	7145	75.926119395982	592	6994.9621318373
GLOBAL	IV	4530001	4540000	0.0095076826528423	7513	71.431219770804	558	7235.9256661992
GLOBAL	IV	4540001	4550000	0.0075835681099818	7566	57.377276320122	448	7479.5946704067
GLOBAL	IV	4550001	4560000	0.010621077295735	8390	89.110838511214	698	8363.1837307153
GLOBAL	IV	4560001	4570000	0.012084643752774	6487	78.393084024245	611	6321.0168302945
GLOBAL	IV	4570001	4580000	0.010400034688568	6986	72.654642334337	566	6719.3155680224
GLOBAL	IV	4580001	4590000	0.010118614944542	6864	69.454172979335	543	6438.5624123422
GLOBAL	IV	4590001	4600000	0.010717332328664	7372	79.008173926911	618	7287.603085554
GLOBAL	IV	4600001	4610000	0.011951385434152	7556	90.304668340455	707	7495.904628331
GLOBAL	IV	4610001	4620000	0.012501206931723	7357	91.971379396688	720	7278.6900420757
GLOBAL	IV	4620001	4630000	0.010933795679102	7326	80.100987145103	626	7185.0757363254
GLOBAL	IV	4630001	4640000	0.0096512966795669	7465	72.046929712967	561	7013.8751753156
GLOBAL	IV	4640001	4650000	0.0079612567284257	8796	70.027214183233	546	8572.0056100982
GLOBAL	IV	4650001	4660000	0.0092258078899874	7970	73.5296888832	576	7934.6283309958
GLOBAL	IV	4660001	4670000	0.0087840862021022	8495	74.620812286858	584	8411.3338008415
GLOBAL	IV	4670001	4680000	0.0084289401379858	8214	69.235314293415	541	8119.5694249649
GLOBAL	IV	4680001	4690000	0.0094482068741357	7630	72.089818449655	564	7542.5946704067
GLOBAL	IV	4690001	4700000	0.0073169540046871	8550	62.559956740074	490	8517.7896213184
GLOBAL	IV	4700001	4710000	0.0087179920586989	8070	70.3541959137	551	8018.9649368864
GLOBAL	IV	4710001	4720000	0.0090896792742061	8136	73.953630574941	579	8075.7755960729
GLOBAL	IV	4720001	4730000	0.0092004432658527	7254	66.740015450496	520	7065.3632538569
GLOBAL	IV	4730001	4740000	0.0091865584014875	7203	66.170780165915	516	6986.1290322581
GLOBAL	IV	4740001	4750000	0.0080529948175492	8405	67.685421441501	530	8360.4530154278
GLOBAL	IV	4750001	4760000	0.0078528631198906	8700	68.319909143048	535	8655.9593267882
GLOBAL	IV	4760001	4770000	0.010312481013534	7614	78.519230437047	615	7570.0617110799
GLOBAL	IV	4770001	4780000	0.012778247486184	6622	84.617554853513	660	6435.255259467
GLOBAL	IV	4780001	4790000	0.0094390695326762	2135	20.152413452264	149	912.9362962963
GLOBAL	IV	4790001	4800000	0.0024196796674758	716	1.7324906419126	10	116.53345070423
GLOBAL	IV	4800001	4810000	0.0020089526319876	1703	3.4212463322749	13	132.17052023121
GLOBAL	IV	4810001	4820000	0.015427424967911	2248	34.680851327865	267	1984.4247538678
GLOBAL	IV	4820001	4830000	0.0081406370774532	7459	60.721011960723	474	7298.9297752809
GLOBAL	IV	4830001	4840000	0.0084038477892707	5063	42.548681357077	327	4191.7738764045
GLOBAL	IV	4840001	4850000	0.0091254384226998	2632	24.018153928546	187	1887.5267605634
GLOBAL	IV	4850001	4860000	0.0098935980083797	7363	72.8465621357	570	7279.8751753156
GLOBAL	IV	4860001	4870000	0.011130234948582	7090	78.91336578545	617	6986.2580645161
GLOBAL	IV	4870001	4880000	0.011623875724109	7509	87.283682812338	683	7438.6718092567
GLOBAL	IV	4880001	4890000	0.0096972802148345	6608	64.079627659626	501	6149.7657784011
GLOBAL	IV	4890001	4900000	0.0087292690090037	7926	69.188186165363	542	7885.1093969144
GLOBAL	IV	4900001	4910000	0.010601702640193	7201	76.342860712027	596	7039.2145862553
GLOBAL	IV	4910001	4920000	0.0079224055258794	7283	57.69887944498	447	6750.0939691445
GLOBAL	IV	4920001	4930000	0.0081767005945023	6467	52.878722744646	411	5999.1234221599
GLOBAL	IV	4930001	4940000	0.0086566678709863	5982	51.78418720424	398	5165.8527349229
GLOBAL	IV	4940001	4950000	0.007136722725068	7172	51.184575384188	398	6205.3786816269
GLOBAL	IV	4950001	4960000	0.0081988726931785	5754	47.176313476549	369	4934.7152875175
GLOBAL	IV	4960001	4970000	0.009593856761341	7591	72.826966675339	569	7444.9326788219
GLOBAL	IV	4970001	4980000	0.0078439263265302	8205	64.35941550918	504	8154.2987377279
GLOBAL	IV	4980001	4990000	0.0082936646245516	7580	62.865977854101	491	7349.5203366059
GLOBAL	IV	4990001	5000000	0.0074125503381205	7926	58.751873979943	459	7802.3941093969
GLOBAL	IV	5000001	5010000	0.0080114133582632	6482	51.929981388262	403	6076.2959326788
GLOBAL	IV	5010001	5020000	0.0094949307403616	7694	73.053997116342	571	7574.3366058906
GLOBAL	IV	5020001	5030000	0.0089375493093584	7612	68.032625342836	532	7480.3955119215
GLOBAL	IV	5030001	5040000	0.0074560694187581	4474	33.358454579524	258	3964.4165497896
GLOBAL	IV	5040001	5050000	0.0016118331099134	1604	2.5853803083011	16	383.50656660413
GLOBAL	IV	5050001	5060000	0.0012585820638298	163	0.20514887640426	1	15.040293040293
GLOBAL	IV	5060001	5070000	0.0083234442008134	2097	17.454262489106	134	1566.0070126227
GLOBAL	IV	5070001	5080000	0.011867545234155	6333	75.157163967903	586	6146.4207573633
GLOBAL	IV	5080001	5090000	0.0084415486933239	7399	62.459018781903	489	7338.6619915849
GLOBAL	IV	5090001	5100000	0.0083011557690242	7260	60.266390883116	471	7108.4165497896
GLOBAL	IV	5100001	5110000	0.010457861558534	7576	79.228759167457	620	7499.1318373072
GLOBAL	IV	5110001	5120000	0.0089454237989683	8432	75.427813472901	591	8397.3884992987
GLOBAL	IV	5120001	5130000	0.0098244802114193	8172	80.285652287719	628	8052.4179523142
GLOBAL	IV	5130001	5140000	0.01097812452058	7874	86.441752475043	675	7741.6283309958
GLOBAL	IV	5140001	5150000	0.010062831904071	6882	69.252409163819	541	6759.3534361851
GLOBAL	IV	5150001	5160000	0.0082208638981104	8329	68.471575407361	536	8287.6535764376
GLOBAL	IV	5160001	5170000	0.0097833433973007	8290	81.103916763623	635	8232.1290322581
GLOBAL	IV	5170001	5180000	0.0089661843429428	7197	64.52962871616	505	7143.5932678822
GLOBAL	IV	5180001	5190000	0.010030571021553	7768	77.917475695426	610	7699.4165497896
GLOBAL	IV	5190001	5200000	0.0098383594436293	7487	73.659797154452	576	7385.6956521739
GLOBAL	IV	5200001	5210000	0.0099257496006797	7886	78.27446135096	612	7779.0827489481
GLOBAL	IV	5210001	5220000	0.0095546108278869	7244	69.213600837213	541	6745.793828892
GLOBAL	IV	5220001	5230000	0.0075797583393653	6217	47.123357595834	364	5521.7755960729
GLOBAL	IV	5230001	5240000	0.0084715319649631	7391	62.613092753042	489	7236.2945301543
GLOBAL	IV	5240001	5250000	0.01034714525628	7784	80.542178674885	631	7747.9453015428
GLOBAL	IV	5250001	5260000	0.011601649486633	8081	93.752929501482	734	8011.3141654979
GLOBAL	IV	5260001	5270000	0.0084117883111036	8527	71.72731892878	562	8497.6858345021
GLOBAL	IV	5270001	5280000	0.0095704257953933	8056	77.099350207688	602	7866.0042075736
GLOBAL	IV	5280001	5290000	0.010408529890999	7954	82.789446753004	647	7834.1711079944
GLOBAL	IV	5290001	5300000	0.0061174827816595	8803	53.852200926948	422	8780.1935483871
GLOBAL	IV	5300001	5310000	0.0086535796658311	7894	68.311357882071	535	7857.7026647966
GLOBAL	IV	5310001	5320000	0.0087663614808356	7811	68.474049526807	535	7693.633941094
GLOBAL	IV	5320001	5330000	0.0083329209163828	8735	72.788064204604	570	8692.1921458626
GLOBAL	IV	5330001	5340000	0.0080227741113169	7931	63.628621476855	498	7813.9523141655
GLOBAL	IV	5340001	5350000	0.0076546757097112	6913	52.916773181234	411	6213.3019662921
GLOBAL	IV	5350001	5360000	0.0076801672128281	8055	61.86374689933	484	7945.4992987377
GLOBAL	IV	5360001	5370000	0.008374259413423	8180	68.5014420018	535	8085.0729312763
GLOBAL	IV	5370001	5380000	0.008675382460006	8099	70.261922543589	550	8026.316970547
GLOBAL	IV	5380001	5390000	0.0083005041476283	7880	65.407972683311	512	7807.5133239832
GLOBAL	IV	5390001	5400000	0.0081864760181185	7223	59.13091627887	463	7021.2805049088
GLOBAL	IV	5400001	5410000	0.009182840154461	7275	66.805162123704	522	6827.0168302945
GLOBAL	IV	5410001	5420000	0.0082820414364901	7819	64.757281991916	506	7706.5427769986
GLOBAL	IV	5420001	5430000	0.0089791002239338	6865	61.641523037305	481	6056.8695652174
GLOBAL	IV	5430001	5440000	0.0083584015022904	7158	59.829437953395	467	6974.9551192146
GLOBAL	IV	5440001	5450000	0.010667457990524	6836	72.922742823221	567	6588.8569424965
GLOBAL	IV	5450001	5460000	0.0092871470532474	7479	69.458572811237	542	7146.920056101
GLOBAL	IV	5460001	5470000	0.009516319818363	7553	71.876763588096	563	7511.301542777
GLOBAL	IV	5470001	5480000	0.0089480876950875	7395	66.171108505172	517	7239.6100981767
GLOBAL	IV	5480001	5490000	0.0059377996881859	7905	46.938306535109	367	7770.2945301543
GLOBAL	IV	5490001	5500000	0.0077555740641473	7972	61.827436439382	484	7904.7433380084
GLOBAL	IV	5500001	5510000	0.0085617297604458	7096	60.754034380123	475	6957.3366058906
GLOBAL	IV	5510001	5520000	0.0097712196661599	7582	74.085387508824	580	7516.4516129032
GLOBAL	IV	5520001	5530000	0.0094631151675451	7841	74.200286028721	581	7775.809256662
GLOBAL	IV	5530001	5540000	0.0081025212333325	8224	66.635134622926	522	8187.9635343619
GLOBAL	IV	5540001	5550000	0.0093601453248799	7378	69.059152206964	540	7265.1122019635
GLOBAL	IV	5550001	5560000	0.0091443278675112	7369	67.38455205569	527	7277.126227209
GLOBAL	IV	5560001	5570000	0.0074820940901062	6687	50.03276318054	377	4816.0532959327
GLOBAL	IV	5570001	5580000	0.0075073268327357	5703	42.814284927092	326	4903.3085553997
GLOBAL	IV	5580001	5590000	0.0083714076994019	7536	63.086928422692	494	7484.0238429173
GLOBAL	IV	5590001	5600000	0.0081073122704533	8030	65.10171753174	510	7993.2103786816
GLOBAL	IV	5600001	5610000	0.0074911270805316	8038	60.213679473313	471	7782.4011220196
GLOBAL	IV	5610001	5620000	0.0074371988244135	8393	62.420409733302	489	8364.8569424965
GLOBAL	IV	5620001	5630000	0.008757092234723	8100	70.932447101256	555	7966.7307152875
GLOBAL	IV	5630001	5640000	0.0097466125689866	7742	75.458274509094	591	7693.1248246844
GLOBAL	IV	5640001	5650000	0.011572313702122	6949	80.416007916043	628	6726.1528751753
GLOBAL	IV	5650001	5660000	0.014847303414357	6343	94.176445557267	734	6112.0981767181
GLOBAL	IV	5660001	5670000	0.0099426402489875	7784	77.393511698119	606	7728.2819074334
GLOBAL	IV	5670001	5680000	0.010227248920329	8120	83.04526123307	650	8043.9551192146
GLOBAL	IV	5680001	5690000	0.010112161044652	7464	75.477170037281	590	7318.8849929874
GLOBAL	IV	5690001	5700000	0.010121542940523	8350	84.514883553371	662	8303.9032258065
GLOBAL	IV	5700001	5710000	0.010074410030588	7451	75.06442913791	587	7325.8639551192
GLOBAL	IV	5710001	5720000	0.0088405751379917	8406	74.313874609958	582	8354.7040673212
GLOBAL	IV	5720001	5730000	0.0081319892662894	7974	64.844482409392	508	7941.0603085554
GLOBAL	IV	5730001	5740000	0.0084367245376202	7949	67.063523349543	525	7897.1290322581
GLOBAL	IV	5740001	5750000	0.0081874191968908	8560	70.084308325385	549	8510.1164095372
GLOBAL	IV	5750001	5760000	0.010636646803506	7743	82.359556199546	644	7662.8457223001
GLOBAL	IV	5760001	5770000	0.0096521116527438	7462	72.024057152774	564	7406.556802244
GLOBAL	IV	5770001	5780000	0.011632680081643	7329	85.255912318365	664	7102.7924263675
GLOBAL	IV	5780001	5790000	0.01009782067949	7796	78.7226100173	616	7728.4838709677
GLOBAL	IV	5790001	5800000	0.010239261631137	7546	77.265468268561	604	7409.6886395512
GLOBAL	IV	5800001	5810000	0.0099497974257281	7764	77.250227213353	604	7642.049088359
GLOBAL	IV	5810001	5820000	0.010228857111641	8337	85.277981739751	668	8288.840112202
GLOBAL	IV	5820001	5830000	0.0076161439962174	7422	56.527020739926	442	7320.6563814867
GLOBAL	IV	5830001	5840000	0.0093036369925055	7443	69.246970135218	541	7323.9382889201
GLOBAL	IV	5840001	5850000	0.0095993342711453	6727	64.574721641995	504	6512.6816269285
GLOBAL	IV	5850001	5860000	0.0078803459904025	8891	70.064156200668	549	8860.6732117812
GLOBAL	IV	5860001	5870000	0.0093405174456312	7693	71.856600709241	561	7529.2959326788
GLOBAL	IV	5870001	5880000	0.0091235432112539	7340	66.966807170603	523	7099.4712482468
GLOBAL	IV	5880001	5890000	0.010246410814858	7312	74.921755878242	586	7237.0995792426
GLOBAL	IV	5890001	5900000	0.009500631350352	8319	79.035752203578	619	8270.6704067321
GLOBAL	IV	5900001	5910000	0.0072254822347794	8536	61.676716356077	483	8490.8457223001
GLOBAL	IV	5910001	5920000	0.009514412226796	7839	74.583477445854	584	7792.5119214586
GLOBAL	IV	5920001	5930000	0.010223373908411	8119	83.003572762385	650	8073.2987377279
GLOBAL	IV	5930001	5940000	0.0091229605830189	8269	75.437761060984	591	8235.2005610098
GLOBAL	IV	5940001	5950000	0.0094540703215071	6868	64.930554968111	508	6788.873772791
GLOBAL	IV	5950001	5960000	0.011098633714423	6825	75.748175100934	592	6697.3127629734
GLOBAL	IV	5960001	5970000	0.0091166691378876	8233	75.057537012228	588	8197.8387096774
GLOBAL	IV	5970001	5980000	0.0092515752717905	8476	78.416352003696	613	8414.1318373072
GLOBAL	IV	5980001	5990000	0.008126276950525	8685	70.57671531531	553	8651.1935483871
GLOBAL	IV	5990001	6000000	0.0088552482001809	7981	70.673735885643	553	7921.4333800842
GLOBAL	IV	6000001	6010000	0.0085223476827234	8071	68.783868147261	539	8049.1206171108
GLOBAL	IV	6010001	6020000	0.0093428411243551	7301	68.212083048916	529	6926.396914446
GLOBAL	IV	6020001	6030000	0.0054431576345263	5054	27.509718684896	213	3964.9971949509
GLOBAL	IV	6030001	6040000	0.010435702424856	7115	74.25002275285	578	6734.8300561798
GLOBAL	IV	6040001	6050000	0.0081877149963303	8466	69.317195158932	543	8418.5946704067
GLOBAL	IV	6050001	6060000	0.0089402913213939	8309	74.284880589462	582	8271.4389901823
GLOBAL	IV	6060001	6070000	0.0089875561093564	8094	72.745279149131	569	8011.7208976157
GLOBAL	IV	6070001	6080000	0.0074945212247716	6269	46.983153558093	350	4630.04628331
GLOBAL	IV	6080001	6090000	0.0073619810532641	8824	64.962120814002	509	8789.3576437588
GLOBAL	IV	6090001	6100000	0.0086971198916801	7730	67.228736762687	525	7497.412342216
GLOBAL	IV	6100001	6110000	0.009966271240048	7868	78.414622116697	613	7652.1093969144
GLOBAL	IV	6110001	6120000	0.0086412922570676	6911	59.719970788594	466	6216.0266479663
GLOBAL	IV	6120001	6130000	0.009250204484337	7857	72.678856633436	569	7797.5890603086
GLOBAL	IV	6130001	6140000	0.0081075025260352	7753	62.857467084351	492	7685.2678821879
GLOBAL	IV	6140001	6150000	0.0088752494869326	8756	77.711684507582	609	8732.9467040673
GLOBAL	IV	6150001	6160000	0.011197892297701	7922	88.70970278239	693	7719.8036465638
GLOBAL	IV	6160001	6170000	0.0098723787217373	6928	68.395839784196	534	6805.9340813464
GLOBAL	IV	6170001	6180000	0.0094320670364084	7401	69.806728136458	546	7295.2580645161
GLOBAL	IV	6180001	6190000	0.0090733560607339	7289	66.135692326689	517	7122.8022440393
GLOBAL	IV	6190001	6200000	0.0091984320018324	7901	72.676811246478	569	7829.6535764376
GLOBAL	IV	6200001	6210000	0.0099800797718201	5294	52.834542312016	408	4731.5091164095
GLOBAL	IV	6210001	6220000	0.0088083585846739	8497	74.844622893974	586	8441.9298737728
GLOBAL	IV	6220001	6230000	0.008691015840604	8415	73.134898298682	572	8294.6928471248
GLOBAL	IV	6230001	6240000	0.0087794914029612	6866	60.279987972732	471	6482.8036465638
GLOBAL	IV	6240001	6250000	0.0068630006087999	8188	56.194248984853	440	8108.7699859748
GLOBAL	IV	6250001	6260000	0.0088438292203528	7942	70.237691668042	550	7886.6633941094
GLOBAL	IV	6260001	6270000	0.0089720955617818	8027	72.019011074423	564	7965.4950911641
GLOBAL	IV	6270001	6280000	0.0091099397109092	7765	70.73868185521	554	7716.8513323983
GLOBAL	IV	6280001	6290000	0.0082412021671565	6966	57.408214296412	449	6530.6044880785
GLOBAL	IV	6290001	6300000	0.0070933952628198	8262	58.605631661417	459	8219.8569424965
GLOBAL	IV	6300001	6310000	0.0076319305729166	7282	55.575718431978	435	7227.8162692847
GLOBAL	IV	6310001	6320000	0.0091984336895457	7194	66.173531962592	518	7130.4502103787
GLOBAL	IV	6320001	6330000	0.0084722339941353	8259	69.972180557563	548	8198.9396914446
GLOBAL	IV	6330001	6340000	0.0071290409931917	7960	56.747166305806	444	7872.1781206171
GLOBAL	IV	6340001	6350000	0.0063579962743042	8610	54.742347921759	429	8591.1220196353
GLOBAL	IV	6350001	6360000	0.0078623344890339	8379	65.878500683615	516	8321.7896213184
GLOBAL	IV	6360001	6370000	0.0083607662443851	8276	69.193701438531	542	8236.7517531557
GLOBAL	IV	6370001	6380000	0.0087198253072641	8724	76.071755980572	596	8694.7223001403
GLOBAL	IV	6380001	6390000	0.0053523131440768	9014	48.245750680708	378	8991.7826086957
GLOBAL	IV	6390001	6400000	0.0087605604141671	8957	78.468339629694	614	8909.1977559607
GLOBAL	IV	6400001	6410000	0.007319052348507	8701	63.683074484359	499	8675.7489481066
GLOBAL	IV	6410001	6420000	0.0088539072885671	7369	65.244442809451	509	7213.6002805049
GLOBAL	IV	6420001	6430000	0.0084583082596598	8617	72.885242273489	571	8577.476858345
GLOBAL	IV	6430001	6440000	0.0090141623602245	7547	68.029883332614	532	7452.0504908836
GLOBAL	IV	6440001	6450000	0.0077972062477502	7885	61.48097126351	481	7766.840112202
GLOBAL	IV	6450001	6460000	0.0080277114033604	8146	65.393737091774	512	8081.2566619916
GLOBAL	IV	6460001	6470000	0.0079390289449047	8265	65.616074229638	514	8237.9579242637
GLOBAL	IV	6470001	6480000	0.0094847441039295	8210	77.869749093261	610	8175.3688639551
GLOBAL	IV	6480001	6490000	0.0090028285166664	7732	69.609870090865	543	7552.9957924264
GLOBAL	IV	6490001	6500000	0.0073108471063193	9025	65.980395134532	517	8994.8064516129
GLOBAL	IV	6500001	6510000	0.0077411662654133	8875	68.702850605543	538	8842.5483870968
GLOBAL	IV	6510001	6520000	0.0089103802360524	7815	69.634621544749	541	7525.5918653576
GLOBAL	IV	6520001	6530000	0.0087575622829865	7364	64.490688651912	501	7100.0911640954
GLOBAL	IV	6530001	6540000	0.0094786892220124	7191	68.161254195491	532	7058.2117812062
GLOBAL	IV	6540001	6550000	0.0076818293414582	8288	63.667001582005	498	8165.9340813464
GLOBAL	IV	6550001	6560000	0.0065854191905336	8685	57.194365669784	448	8649.8920056101
GLOBAL	IV	6560001	6570000	0.007802530816012	8284	64.636165279844	505	8168.5133239832
GLOBAL	IV	6570001	6580000	0.0099990460765291	7464	74.632879915214	583	7319.8134642356
GLOBAL	IV	6580001	6590000	0.0085547559855645	8442	72.219250030136	565	8358.4810659187
GLOBAL	IV	6590001	6600000	0.0075970772683672	8199	62.288436523343	486	7626.3225806452
GLOBAL	IV	6600001	6610000	0.0052455512740434	6401	33.576773705152	232	2262.6286919831
GLOBAL	IV	6610001	6620000	0.0064854621749199	6098	39.548348342661	275	2752.8607594937
GLOBAL	IV	6620001	6630000	0.0059087458483767	5940	35.097950339358	272	5024.9116409537
GLOBAL	IV	6630001	6640000	0.0049495431620844	6702	33.17183827229	249	3980.920056101
GLOBAL	IV	6640001	6650000	0.0066548688095375	7617	50.690135722247	392	6684.0294530154
GLOBAL	IV	6650001	6660000	0.0076580657839585	8272	63.347520164905	496	8223.03085554
GLOBAL	IV	6660001	6670000	0.0068936179222637	4780	32.95149366842	256	3725.762973352
GLOBAL	IV	6670001	6680000	0.0079367914392751	7039	55.867074941058	437	6746.3113604488
GLOBAL	IV	6680001	6690000	0.0072601564853551	7875	57.173732322171	445	7712.4193548387
GLOBAL	IV	6690001	6700000	0.0078110035108733	8862	69.22111311336	542	8813.9971949509
GLOBAL	IV	6700001	6710000	0.0074559580047014	8489	63.29362750191	496	8466.5736325386
GLOBAL	IV	6710001	6720000	0.0074991789520123	8509	63.810513702672	500	8481.3884992987
GLOBAL	IV	6720001	6730000	0.0063061944507424	9289	58.578240252946	459	9267.2580645161
GLOBAL	IV	6730001	6740000	0.0071691873007676	8262	59.231825478942	464	8226.6465638149
GLOBAL	IV	6740001	6750000	0.0086555547404832	8479	73.390448644557	575	8438.0575035063
GLOBAL	IV	6750001	6760000	0.0075217123445816	8246	62.02403999342	485	8174.6886395512
GLOBAL	IV	6760001	6770000	0.0086317792103579	8022	69.244132825491	542	7970.2454417952
GLOBAL	IV	6770001	6780000	0.0072621498484224	8528	61.931613907346	485	8471.7896213184
GLOBAL	IV	6780001	6790000	0.0087282178736421	8309	72.522762312093	568	8264.2819074334
GLOBAL	IV	6790001	6800000	0.0064596631216246	8831	57.045285027066	447	8800.3085553997
GLOBAL	IV	6800001	6810000	0.0091456600178727	7820	71.519061339765	559	7654.3758765778
GLOBAL	IV	6810001	6820000	0.0074472988458494	8246	61.410426282874	481	8193.8962131837
GLOBAL	IV	6820001	6830000	0.0078822453959488	8168	64.38218039411	504	7666.4824684432
GLOBAL	IV	6830001	6840000	0.007145286696166	8916	63.707376183016	499	8874.0378681627
GLOBAL	IV	6840001	6850000	0.0091246426717615	8316	75.880528458369	592	8131.9551192146
GLOBAL	IV	6850001	6860000	0.0079367147113923	8630	68.493847959316	536	8595.0673211781
GLOBAL	IV	6860001	6870000	0.0080471590958026	8600	69.205568223903	542	8549.064516129
GLOBAL	IV	6870001	6880000	0.0088191923795227	7650	67.466821703349	528	7587.5974754558
GLOBAL	IV	6880001	6890000	0.0078944583998521	8749	69.068616540306	541	8703.2300140252
GLOBAL	IV	6890001	6900000	0.0084611932805841	8130	68.789501371149	538	7854.5427769986
GLOBAL	IV	6900001	6910000	0.0078540754359882	8421	66.139169246457	518	8366.0603085554
GLOBAL	IV	6910001	6920000	0.0069398941726298	7789	54.054835710614	422	7318.4544179523
GLOBAL	IV	6920001	6930000	0.0062823832681449	9001	56.547731796572	443	8970.8807854137
GLOBAL	IV	6930001	6940000	0.0087037030514241	8019	69.79499476937	546	7918.0743338008
GLOBAL	IV	6940001	6950000	0.0080346500052028	7886	63.361249941029	496	7844.6858345021
GLOBAL	IV	6950001	6960000	0.0083808554715398	7013	58.774939421909	460	6949.0617110799
GLOBAL	IV	6960001	6970000	0.010042685821562	8050	80.843620863573	633	8001.1584852735
GLOBAL	IV	6970001	6980000	0.0095645688708091	7759	74.211489868608	580	7612.3941093969
GLOBAL	IV	6980001	6990000	0.010815832007252	8725	94.368134263275	739	8676.8639551192
GLOBAL	IV	6990001	7000000	0.012065134481828	8005	96.581401527031	756	7920.1332398317
GLOBAL	IV	7000001	7010000	0.0082917951044674	9110	75.538253401698	592	9093.4754558205
GLOBAL	IV	7010001	7020000	0.0096398154036058	8329	80.290022496633	629	8291.9242636746
GLOBAL	IV	7020001	7030000	0.0067331167825564	8752	58.928238080933	461	8437.9803646564
GLOBAL	IV	7030001	7040000	0.0093487659352135	8180	76.472905350047	599	8104.4992987377
GLOBAL	IV	7040001	7050000	0.0081995327921118	7034	57.675513659714	451	6804.04628331
GLOBAL	IV	7050001	7060000	0.0072735403918077	9283	67.520275457151	529	9249.2973352034
GLOBAL	IV	7060001	7070000	0.0085928798738945	8100	69.602326978545	545	8046.7082748948
GLOBAL	IV	7070001	7080000	0.009058664728386	8052	72.940368392964	567	7420.9410939691
GLOBAL	IV	7080001	7090000	0.0076478196938988	7745	59.232363529246	462	7484.3197755961
GLOBAL	IV	7090001	7100000	0.0081928274665602	8196	67.148413915927	526	8172.7826086957
GLOBAL	IV	7100001	7110000	0.0067993995498808	8785	59.732725045703	468	8761.2454417952
GLOBAL	IV	7110001	7120000	0.0085411439746007	8574	73.231768438227	573	8525.6507713885
GLOBAL	IV	7120001	7130000	0.0081131015600098	6823	55.355691943947	433	6740.809256662
GLOBAL	IV	7130001	7140000	0.0056504696033281	8644	48.842659251168	382	8600.6044880785
GLOBAL	IV	7140001	7150000	0.0073525252258965	8973	65.974208851969	517	8947.5315568022
GLOBAL	IV	7150001	7160000	0.0071547799951895	8866	63.43427943735	497	8829.366058906
GLOBAL	IV	7160001	7170000	0.0078289141618797	7579	59.335340432886	463	7360.1276297335
GLOBAL	IV	7170001	7180000	0.0046547620935271	9402	43.764073203342	343	9386.7798036466
GLOBAL	IV	7180001	7190000	0.0061431449489183	4765	29.272085681596	227	3603.5203366059
GLOBAL	IV	7190001	7200000	0.0052019114562247	1749	9.098143136937	69	783.9232
GLOBAL	IV	7200001	7210000	0.0077205844930552	6341	48.956226270463	383	6035.4109396914
GLOBAL	IV	7210001	7220000	0.0076740229795176	8527	65.436393946346	512	8432.6591865358
GLOBAL	IV	7220001	7230000	0.0077602963301279	7622	59.148978628235	462	7522.507713885
GLOBAL	IV	7230001	7240000	0.0065282177725796	7801	50.926626843894	398	7425.2959326788
GLOBAL	IV	7240001	7250000	0.0079404155355564	8358	66.365993046181	518	8268.9116409537
GLOBAL	IV	7250001	7260000	0.006099556032802	8732	53.261323278427	417	8660.0883590463
GLOBAL	IV	7260001	7270000	0.0050530178992238	8142	41.14167173548	321	7505.237026648
GLOBAL	IV	7270001	7280000	0.0063257003228445	7357	46.538177275167	362	6725.2566619916
GLOBAL	IV	7280001	7290000	0.0069438029779016	8813	61.195735644247	479	8764.8639551192
GLOBAL	IV	7290001	7300000	0.0079555282926787	8694	69.165362976548	542	8665.2342215989
GLOBAL	IV	7300001	7310000	0.0060308573920126	8698	52.456397595725	411	8668.4698457223
GLOBAL	IV	7310001	7320000	0.0066909810836941	8678	58.064333844297	455	8654.2566619916
GLOBAL	IV	7320001	7330000	0.0077705969098409	7693	59.779202027406	468	7628.8723702665
GLOBAL	IV	7330001	7340000	0.0063185535967496	9193	58.086463214919	455	9150.141654979
GLOBAL	IV	7340001	7350000	0.0068801077763851	8316	57.214976268419	448	8258.6633941094
GLOBAL	IV	7350001	7360000	0.0071286820088792	8686	61.919731929125	485	8639.5217391304
GLOBAL	IV	7360001	7370000	0.0053195401605137	8500	45.216091364367	354	8426.7671809257
GLOBAL	IV	7370001	7380000	0.0059265147479178	8162	48.372213372505	379	8138.0434782609
GLOBAL	IV	7380001	7390000	0.006403567901087	8094	51.830478591398	405	7640.3716690042
GLOBAL	IV	7390001	7400000	0.0068508678546131	7762	53.176436287507	415	7542.8667601683
GLOBAL	IV	7400001	7410000	0.0069834255944605	8194	57.222189321009	448	8120.4866760168
GLOBAL	IV	7410001	7420000	0.0044463754158397	9360	41.61807389226	326	9339.1346423562
GLOBAL	IV	7420001	7430000	0.0063779908305954	8470	54.021582335143	423	8436.5049088359
GLOBAL	IV	7430001	7440000	0.0054513808949992	8413	45.862467469628	359	8359.7152875175
GLOBAL	IV	7440001	7450000	0.0062233946844087	9046	56.296828315161	441	9009.4894810659
GLOBAL	IV	7450001	7460000	0.0064423215870225	7893	50.849244286368	397	7516.1542776999
GLOBAL	IV	7460001	7470000	0.0053033488109383	7515	39.854666314201	312	7450.2145862553
GLOBAL	IV	7470001	7480000	0.0067445333318925	7794	52.56689278877	410	7562.4824684432
GLOBAL	IV	7480001	7490000	0.0068411540959848	7712	52.758980388234	411	7428.3127629734
GLOBAL	IV	7490001	7500000	0.0063649612033546	8537	54.337673793038	425	8438.7279102384
GLOBAL	IV	7500001	7510000	0.0055441992765569	9345	51.810542239425	406	9322.8457223001
GLOBAL	IV	7510001	7520000	0.0063990736609332	8665	55.447973271986	434	8597.9663394109
GLOBAL	IV	7520001	7530000	0.0063335782903287	9189	58.19925090983	456	9160.8471248247
GLOBAL	IV	7530001	7540000	0.0068121865458832	5821	39.653737883586	309	5155.7068723703
GLOBAL	IV	7540001	7550000	0.0079471540317305	8302	65.977272771427	516	8199.1346423562
GLOBAL	IV	7550001	7560000	0.0075384027926347	8174	61.618904426996	482	8102.3548387097
GLOBAL	IV	7560001	7570000	0.0068506154966803	9239	63.292836573829	496	9215.427769986
GLOBAL	IV	7570001	7580000	0.0086183718115133	8568	73.842209681046	578	8474.5680224404
GLOBAL	IV	7580001	7590000	0.0080186990606582	8498	68.142904617473	534	8478.1935483871
GLOBAL	IV	7590001	7600000	0.0066751840853029	8587	57.319805740496	449	8557.6100981767
GLOBAL	IV	7600001	7610000	0.0052424621105302	8849	46.390547216081	363	8703.1823281907
GLOBAL	IV	7610001	7620000	0.005993811714999	8958	53.692565342961	419	8454.2776998597
GLOBAL	IV	7620001	7630000	0.0067365855101515	9017	60.743791545036	476	8990.8064516129
GLOBAL	IV	7630001	7640000	0.007732733809224	8470	65.496255364128	513	8409.538569425
GLOBAL	IV	7640001	7650000	0.0062410704408442	9041	56.425517855672	442	9001.9158485273
GLOBAL	IV	7650001	7660000	0.0062141213901546	8733	54.26792210022	425	8700.4333800842
GLOBAL	IV	7660001	7670000	0.0085507599548282	7640	65.327806054888	511	7560.2762973352
GLOBAL	IV	7670001	7680000	0.0046543132211892	8616	40.101562713766	314	8585.7896213184
GLOBAL	IV	7680001	7690000	0.0063212464242402	8963	56.657331700465	444	8938.6072931276
GLOBAL	IV	7690001	7700000	0.0074342600125687	8495	63.154038806771	494	8368.3842917251
GLOBAL	IV	7700001	7710000	0.006007618692202	9155	54.99974912711	431	9131.96914446
GLOBAL	IV	7710001	7720000	0.0071648564009493	8576	61.445808494541	481	8516.0406732118
GLOBAL	IV	7720001	7730000	0.0076596191809183	8752	67.036987071397	525	8706.8218793829
GLOBAL	IV	7730001	7740000	0.0068578494525486	8585	58.87463755013	461	8529.0561009818
GLOBAL	IV	7740001	7750000	0.0067984850001509	6885	46.807569226039	363	6402.5357643759
GLOBAL	IV	7750001	7760000	0.0055907081808217	8952	50.048019634716	392	8905.8625525947
GLOBAL	IV	7760001	7770000	0.005535461186682	8968	49.642015922164	389	8945.7166900421
GLOBAL	IV	7770001	7780000	0.004822973298427	8798	42.432519079561	332	8727.3758765778
GLOBAL	IV	7780001	7790000	0.0078138215185382	8365	65.362617002572	512	8313.2356241234
GLOBAL	IV	7790001	7800000	0.0053254748398039	8967	47.753532888521	374	8926.4950911641
GLOBAL	IV	7800001	7810000	0.0052689819356889	8915	46.972973956666	368	8885.9214586255
GLOBAL	IV	7810001	7820000	0.0050532846509997	9142	46.197128279439	362	9114.2244039271
GLOBAL	IV	7820001	7830000	0.0069050168663134	8349	57.64998581685	451	8258.3674614306
GLOBAL	IV	7830001	7840000	0.0065585076984247	8772	57.531229530581	450	8633.1248246844
GLOBAL	IV	7840001	7850000	0.0059985453489536	5049	30.286655466866	195	2008.0869565217
GLOBAL	IV	7850001	7860000	0.0040077810523786	5845	23.425480251153	156	1958.5561797753
GLOBAL	IV	7860001	7870000	0.0065843269505195	8455	55.670484366642	430	7846.8499298738
GLOBAL	IV	7870001	7880000	0.0064312764625363	8494	54.627262272784	428	8458.8962131837
GLOBAL	IV	7880001	7890000	0.0056390513852068	8964	50.548456616994	395	8866.9733520337
GLOBAL	IV	7890001	7900000	0.0057443561687545	9197	52.830843684035	414	9172.2454417952
GLOBAL	IV	7900001	7910000	0.0059240787890289	8948	53.00865700423	415	8908.6535764376
GLOBAL	IV	7910001	7920000	0.0068343467766967	8742	59.745859521883	468	8704.4894810659
GLOBAL	IV	7920001	7930000	0.00517475011269	9026	46.70729451714	366	8998.7096774194
GLOBAL	IV	7930001	7940000	0.0062226372393806	8551	53.209771033943	417	8533.0196353436
GLOBAL	IV	7940001	7950000	0.0032675721156596	9490	31.009259377609	243	9456.1472650771
GLOBAL	IV	7950001	7960000	0.0046608401149968	8837	41.187844096226	322	8776.1823281907
GLOBAL	IV	7960001	7970000	0.0052661804740419	9473	49.886527630599	391	9459.2692847125
GLOBAL	IV	7970001	7980000	0.0066275883185994	8155	54.047982738178	423	8059.4782608696
GLOBAL	IV	7980001	7990000	0.0071571982846818	8651	61.916922360782	485	8605.4908835905
GLOBAL	IV	7990001	8000000	0.0065198321247771	8223	53.612579562042	420	8189.5105189341
GLOBAL	IV	8000001	8010000	0.0042182222509627	9588	40.44431494223	317	9568.7755960729
GLOBAL	IV	8010001	8020000	0.0053593170646175	9096	48.74834801976	382	9070.5610098177
GLOBAL	IV	8020001	8030000	0.0060520700017701	8930	54.044985115807	423	8892.079943899
GLOBAL	IV	8030001	8040000	0.0066549995134224	8191	54.511101014443	427	8145.9887798036
GLOBAL	IV	8040001	8050000	0.0063408177924409	8234	52.210293702958	409	8163.2720897616
GLOBAL	IV	8050001	8060000	0.0066958033409295	8539	57.175464728197	448	8284.4894810659
GLOBAL	IV	8060001	8070000	0.008019041448471	7356	58.988068894953	461	6991.729312763
GLOBAL	IV	8070001	8080000	0.00512866164108	9503	48.737671575183	382	9490.0196353436
GLOBAL	IV	8080001	8090000	0.0055582790928341	9276	51.558596865129	404	9249.9453015428
GLOBAL	IV	8090001	8100000	0.0077213067551117	8220	63.469141527018	497	8167.461430575
GLOBAL	IV	8100001	8110000	0.0044470993449264	9382	41.722686054099	327	9364.7769985975
GLOBAL	IV	8110001	8120000	0.0061293839288189	9190	56.329038305846	441	9143.4810659187
GLOBAL	IV	8120001	8130000	0.0051200069861227	9321	47.72358511765	374	9303.7349228611
GLOBAL	IV	8130001	8140000	0.004622507881804	8864	40.973909864311	321	8835.9859747546
GLOBAL	IV	8140001	8150000	0.0071453511349139	8218	58.720495626722	460	8178.5287517532
GLOBAL	IV	8150001	8160000	0.0055328218022064	7539	41.711943566834	326	7432.809256662
GLOBAL	IV	8160001	8170000	0.0043876663728389	9625	42.231288838575	331	9605.6311360449
GLOBAL	IV	8170001	8180000	0.0049776056655214	9202	45.803927334128	359	9188.2398316971
GLOBAL	IV	8180001	8190000	0.0048160373851772	9009	43.387680803062	340	8984.6591865358
GLOBAL	IV	8190001	8200000	0.0061276348721186	8975	54.995522977264	431	8956.4095371669
GLOBAL	IV	8200001	8210000	0.0053269544409247	9274	49.402175485136	387	9243.1795231417
GLOBAL	IV	8210001	8220000	0.0057637751196348	9043	52.121818406858	408	8968.2510518934
GLOBAL	IV	8220001	8230000	0.0056687652874367	8227	46.636932019741	365	8122.2103786816
GLOBAL	IV	8230001	8240000	0.0055896304088882	7310	40.860198288973	319	6687.3870967742
GLOBAL	IV	8240001	8250000	0.006912938886428	7438	51.418439437252	400	6743.2244039271
GLOBAL	IV	8250001	8260000	0.0047868308061805	9144	43.770780891714	343	9117.8106591865
GLOBAL	IV	8260001	8270000	0.0065632855396526	8015	52.604733600316	411	7865.4684431978
GLOBAL	IV	8270001	8280000	0.0057833181958928	8544	49.412670665708	387	8498.0715287518
GLOBAL	IV	8280001	8290000	0.0053024888595886	9073	48.109481423047	377	9049.255259467
GLOBAL	IV	8290001	8300000	0.0048105561250273	9078	43.670228502997	342	9028.1318373072
GLOBAL	IV	8300001	8310000	0.0059696971220889	8233	49.148516406158	385	8203.3309957924
GLOBAL	IV	8310001	8320000	0.0067897147753362	7602	51.615411722105	404	7533.2047685834
GLOBAL	IV	8320001	8330000	0.004931457619098	9548	47.085557347148	369	9529.8232819074
GLOBAL	IV	8330001	8340000	0.0053243351356654	8659	46.103417939727	361	8609.7405329593
GLOBAL	IV	8340001	8350000	0.0053490590669679	8946	47.852682413095	375	8919.0659186536
GLOBAL	IV	8350001	8360000	0.0051306033784398	9351	47.97627219179	376	9334.1823281907
GLOBAL	IV	8360001	8370000	0.0066935862655772	8151	54.559421650719	427	8063.2033660589
GLOBAL	IV	8370001	8380000	0.0056957921842842	8582	48.881288525527	383	8547.4684431978
GLOBAL	IV	8380001	8390000	0.0068247812333253	8210	56.031453925601	439	8178.7489481066
GLOBAL	IV	8390001	8400000	0.0057086897899425	8455	48.266972173964	378	8397.5035063114
GLOBAL	IV	8400001	8410000	0.0071415085926516	7873	56.225097149946	440	7810.2300140252
GLOBAL	IV	8410001	8420000	0.0064470098309412	8454	54.503021110777	427	8420.5441795231
GLOBAL	IV	8420001	8430000	0.0056055287696956	8908	49.934050280449	391	8846.9579242637
GLOBAL	IV	8430001	8440000	0.0048793203513998	4813	23.484168851287	176	2854.7088607595
GLOBAL	IV	8440001	8450000	0.0010023677701363	2825	2.8316889506351	18	699.26773455378
GLOBAL	IV	8450001	8460000	0.001969120354507	5138	10.117340381457	70	1408.0813464236
GLOBAL	IV	8460001	8470000	0.0059305269705771	8638	51.227891971845	401	8584.6858345021
GLOBAL	IV	8470001	8480000	0.0061190486564179	9322	57.041771575128	447	9297.5694249649
GLOBAL	IV	8480001	8490000	0.0063095601202737	8697	54.87424436602	430	8670.2300140252
GLOBAL	IV	8490001	8500000	0.0053262979092973	9225	49.135098213268	385	9196.7769985975
GLOBAL	IV	8500001	8510000	0.006144171706682	7411	45.53445651822	356	7328.9901823282
GLOBAL	IV	8510001	8520000	0.006104654287741	7889	48.159617675989	376	7732.3800841515
GLOBAL	IV	8520001	8530000	0.0050851936427501	8965	45.588761007254	357	8919.9705469846
GLOBAL	IV	8530001	8540000	0.005914230911757	8896	52.61299819099	412	8855.8765778401
GLOBAL	IV	8540001	8550000	0.0048451844176412	8881	43.030082813072	336	8587.6844319776
GLOBAL	IV	8550001	8560000	0.0062795951025826	8783	55.153683785983	432	8741.7840112202
GLOBAL	IV	8560001	8570000	0.0050016714142238	8604	43.034380847982	337	8567.5161290323
GLOBAL	IV	8570001	8580000	0.0064557266235412	7271	46.939588279768	367	6838.0687237027
GLOBAL	IV	8580001	8590000	0.0058296990265955	9046	52.735457394583	413	9004.6970546985
GLOBAL	IV	8590001	8600000	0.0055296824744723	8631	47.726689437171	374	8608.1542776999
GLOBAL	IV	8600001	8610000	0.0062550095731567	8252	51.616338997689	404	8171.1051893408
GLOBAL	IV	8610001	8620000	0.0070364400927222	8778	61.765871133916	484	8752.7966339411
GLOBAL	IV	8620001	8630000	0.0064013316906116	8735	55.915632317493	438	8696.476858345
GLOBAL	IV	8630001	8640000	0.0043698849632682	9490	41.470208301415	325	9471.556802244
GLOBAL	IV	8640001	8650000	0.0066373496501658	8948	59.391004669684	465	8903.7966339411
GLOBAL	IV	8650001	8660000	0.0055707248893422	8621	48.025219271019	376	8565.0182328191
GLOBAL	IV	8660001	8670000	0.0057466081899038	8883	51.047120550916	400	8849.9733520337
GLOBAL	IV	8670001	8680000	0.0066661438166342	9076	60.501921279772	474	9022.9326788219
GLOBAL	IV	8680001	8690000	0.0069394842308236	9069	62.934182489339	493	9028.8288920056
GLOBAL	IV	8690001	8700000	0.0065541088123741	8363	54.812011997885	429	8289.553997195
GLOBAL	IV	8700001	8710000	0.0055170529900078	8884	49.013498763229	384	8854.4866760168
GLOBAL	IV	8710001	8720000	0.0058326448511486	9107	53.117896659411	416	9069.6100981767
GLOBAL	IV	8720001	8730000	0.0067550811191556	8129	54.912054417616	430	8083.9523141655
GLOBAL	IV	8730001	8740000	0.0071145915361025	8547	60.808413859068	476	8474.2468443198
GLOBAL	IV	8740001	8750000	0.0065667565920513	8571	56.283670750471	441	8540.2678821879
GLOBAL	IV	8750001	8760000	0.0053708469508716	9344	50.185193908944	393	9293.6115007013
GLOBAL	IV	8760001	8770000	0.0050654737377278	8651	43.821413305083	343	8611.9943899018
GLOBAL	IV	8770001	8780000	0.0049818918428835	8863	44.154507403476	346	8838.2398316971
GLOBAL	IV	8780001	8790000	0.0056024762042794	8612	48.248525071254	378	8573.4488078541
GLOBAL	IV	8790001	8800000	0.0060160555544005	9100	54.746105545045	429	9074.7769985975
GLOBAL	IV	8800001	8810000	0.0067196834596905	7896	53.058620597716	415	7798.270687237
GLOBAL	IV	8810001	8820000	0.0057854191749192	9124	52.786164551963	413	9023.9270687237
GLOBAL	IV	8820001	8830000	0.005065715829487	8842	44.791059364324	351	8822.3576437588
GLOBAL	IV	8830001	8840000	0.0049707351193693	9024	44.855913717189	351	8429.1949509116
GLOBAL	IV	8840001	8850000	0.0057279268926062	8761	50.182367506123	393	8716.6367461431
GLOBAL	IV	8850001	8860000	0.0061056472010735	8865	54.126562437516	424	8826.4109396914
GLOBAL	IV	8860001	8870000	0.003366707991474	9701	32.660434225289	256	9690.2398316971
GLOBAL	IV	8870001	8880000	0.0036491173913606	9650	35.21398282663	276	9632.1402524544
GLOBAL	IV	8880001	8890000	0.0061196128892202	8615	52.720465040632	413	8568.3730715288
GLOBAL	IV	8890001	8900000	0.0067358667229739	8380	56.446563138521	442	8349.1809256662
GLOBAL	IV	8900001	8910000	0.007349753085767	8508	62.531699253706	488	8293.3380084151
GLOBAL	IV	8910001	8920000	0.0048547688037506	9435	45.804743663387	359	9413.2875175316
GLOBAL	IV	8920001	8930000	0.0045147706744793	9326	42.104751310194	330	9312.3113604488
GLOBAL	IV	8930001	8940000	0.0047322067190125	8846	41.861100636385	323	8486.01542777
GLOBAL	IV	8940001	8950000	0.0070421832242908	7567	53.288200458209	416	7258.0196353436
GLOBAL	IV	8950001	8960000	0.0048623541471843	9264	45.044848819515	353	9245.5624123422
GLOBAL	IV	8960001	8970000	0.0050958657922679	9342	47.605578231367	373	9302.8330995792
GLOBAL	IV	8970001	8980000	0.0037860513901883	9604	36.361237551369	285	9591.9074333801
GLOBAL	IV	8980001	8990000	0.0058779035373313	8451	49.674162793987	389	8412.0182328191
GLOBAL	IV	8990001	9000000	0.0064520190080246	8754	56.480974396247	442	8686.7531556802
GLOBAL	IV	9000001	9010000	0.0067138816576887	8915	59.854254978295	469	8879.4488078541
GLOBAL	IV	9010001	9020000	0.0062104328841758	9307	57.800498853024	453	9289.1697054698
GLOBAL	IV	9020001	9030000	0.0061052709653338	8704	53.140278482265	416	8636.618513324
GLOBAL	IV	9030001	9040000	0.0056070196047377	8774	49.195990011968	385	8728.6297335203
GLOBAL	IV	9040001	9050000	0.0060196641219311	8064	48.542571479252	379	7449.1935483871
GLOBAL	IV	9050001	9060000	0.0055614385305853	7615	42.350354410407	329	7050.8387096774
GLOBAL	IV	9060001	9070000	0.0052533883427637	8337	43.797498613621	343	8298.9424964937
GLOBAL	IV	9070001	9080000	0.0049358090376353	9152	45.172524312438	354	9125.8723702665
GLOBAL	IV	9080001	9090000	0.005729843540496	8824	50.560139401336	396	8778.747545582
GLOBAL	IV	9090001	9100000	0.0064170860983772	9009	57.81152866028	453	8978.7054698457
GLOBAL	IV	9100001	9110000	0.0060448125392881	8724	52.73494459275	412	8575.2889200561
GLOBAL	IV	9110001	9120000	0.0046282861466202	9704	44.912888766803	352	9685.7405329593
GLOBAL	IV	9120001	9130000	0.0048779053916256	9156	44.662101765724	350	9119.6409537167
GLOBAL	IV	9130001	9140000	0.0059929001516403	5858	35.106409088309	269	5307.553997195
GLOBAL	IV	9140001	9150000	0.0069919803032822	7102	49.65704411391	385	5933.5098591549
GLOBAL	IV	9150001	9160000	0.0044877381711329	6668	29.924238125114	234	6459.2678821879
GLOBAL	IV	9160001	9170000	0.0061001541570589	7766	47.37379718372	371	7729.5455820477
GLOBAL	IV	9170001	9180000	0.0058400899681294	8740	51.042386321451	400	8719.1136044881
GLOBAL	IV	9180001	9190000	0.0048016885393519	9121	43.796201167428	343	9084.667601683
GLOBAL	IV	9190001	9200000	0.0059701115153023	8516	50.841469664314	397	8363.270687237
GLOBAL	IV	9200001	9210000	0.0066707470832395	8721	58.175585312932	455	8464.3155680224
GLOBAL	IV	9210001	9220000	0.0059219220622626	8858	52.456385627522	411	8824.5862552595
GLOBAL	IV	9220001	9230000	0.0054098366110998	8781	47.503775282067	372	8724.4698457223
GLOBAL	IV	9230001	9240000	0.0072112470665058	6929	49.966730923819	390	6734.4488078541
GLOBAL	IV	9240001	9250000	0.007118165183606	7983	56.824312660727	445	7907.3267882188
GLOBAL	IV	9250001	9260000	0.007327742841272	8120	59.501271871128	466	8081.6086956522
GLOBAL	IV	9260001	9270000	0.0067431093516002	8506	57.356888144711	449	8460.0813464236
GLOBAL	IV	9270001	9280000	0.0053802888108006	9085	48.879923846123	383	9043.5259467041
GLOBAL	IV	9280001	9290000	0.0049627933776063	9540	47.345048822364	371	9518.1584852735
GLOBAL	IV	9290001	9300000	0.0058068193800609	7935	46.077111780783	359	7584.0869565217
GLOBAL	IV	9300001	9310000	0.0063820313794962	8180	52.205016684279	407	7977.4894810659
GLOBAL	IV	9310001	9320000	0.0060988619154496	8938	54.511627800288	427	8893.6072931276
GLOBAL	IV	9320001	9330000	0.0063777372361302	9108	58.088430746674	455	9071.6591865358
GLOBAL	IV	9330001	9340000	0.0062442797440927	8830	55.136990140338	432	8799.0280504909
GLOBAL	IV	9340001	9350000	0.0065779276651656	8178	53.794292445724	421	8106.2608695652
GLOBAL	IV	9350001	9360000	0.0064737177482824	9047	58.567724468711	459	9027.7727910238
GLOBAL	IV	9360001	9370000	0.0035854281188152	9821	35.212489554884	276	9807.8948106592
GLOBAL	IV	9370001	9380000	0.0055111125316728	8891	48.999301519103	384	8864.6227208976
GLOBAL	IV	9380001	9390000	0.0076675079782615	8359	64.092699190288	502	8315.4880785414
GLOBAL	IV	9390001	9400000	0.0046969048979788	8919	41.891694785073	328	8879.3548387097
GLOBAL	IV	9400001	9410000	0.0055190705421875	8303	45.824842711783	359	8263.1122019635
GLOBAL	IV	9410001	9420000	0.0067388593965093	8363	56.357081133007	441	8216.1122019635
GLOBAL	IV	9420001	9430000	0.0056349882438992	8207	46.246348517681	362	7813.1164095372
GLOBAL	IV	9430001	9440000	0.0067306997362917	8991	60.515721328998	474	8960.8050490884
GLOBAL	IV	9440001	9450000	0.0057434615631483	8558	49.152544057423	385	8517.3492286115
GLOBAL	IV	9450001	9460000	0.0052160671204486	8661	45.176357330205	354	8635.0070126227
GLOBAL	IV	9460001	9470000	0.0050794673164971	8720	44.292954999855	347	8695.4291725105
GLOBAL	IV	9470001	9480000	0.0046505354243032	9085	42.250114329794	331	9050.2762973352
GLOBAL	IV	9480001	9490000	0.0050268897494289	8818	44.327113810464	347	8760.3309957924
GLOBAL	IV	9490001	9500000	0.0046999648574448	9447	44.400568008281	348	9432.8190743338
GLOBAL	IV	9500001	9510000	0.0051548732056781	8275	42.656575776986	334	8222.3029453015
GLOBAL	IV	9510001	9520000	0.0059200779725829	8165	48.33743664614	378	8087.7517531557
GLOBAL	IV	9520001	9530000	0.0049805511916661	9019	44.919591197636	352	8992.3352033661
GLOBAL	IV	9530001	9540000	0.005003671590827	8903	44.547688173133	349	8870.9270687237
GLOBAL	IV	9540001	9550000	0.0060179782588916	9050	54.462703242969	426	8967.6157082749
GLOBAL	IV	9550001	9560000	0.005671973422756	9180	52.0687160209	408	9154.1739130435
GLOBAL	IV	9560001	9570000	0.0049209640483659	9437	46.439137724429	364	9426.01542777
GLOBAL	IV	9570001	9580000	0.005781151590968	9316	53.857208221458	422	9271.9032258065
GLOBAL	IV	9580001	9590000	0.0048708260043228	9065	44.154037729186	346	9043.2805049088
GLOBAL	IV	9590001	9600000	0.0053845500175679	8988	48.396335557901	379	8943.4782608696
GLOBAL	IV	9600001	9610000	0.0060253500646809	8942	53.878680278376	422	8879.4726507714
GLOBAL	IV	9610001	9620000	0.006150103773073	8695	53.47515230687	419	8664.824684432
GLOBAL	IV	9620001	9630000	0.0065041959192124	8719	56.710084219613	444	8655.1795231417
GLOBAL	IV	9630001	9640000	0.0046712786973736	9011	42.092892342033	329	8948.9298737728
GLOBAL	IV	9640001	9650000	0.0046864345232773	8961	41.995139763088	329	8919.3744740533
GLOBAL	IV	9650001	9660000	0.0053324726267357	8926	47.597650666243	373	8901.6479663394
GLOBAL	IV	9660001	9670000	0.0042086125950064	8975	37.772298040182	296	8940.7854137447
GLOBAL	IV	9670001	9680000	0.0051796822162147	8650	44.804251170257	351	8610.4333800842
GLOBAL	IV	9680001	9690000	0.0057608132779398	8641	49.779187534678	390	8600.6395511921
GLOBAL	IV	9690001	9700000	0.0060756528388281	8486	51.557989990295	404	8460.2047685835
GLOBAL	IV	9700001	9710000	0.0038540601867456	8972	34.578627995481	271	8953.98457223
GLOBAL	IV	9710001	9720000	0.0058625685047479	8624	50.558790784946	396	8572.3099579243
GLOBAL	IV	9720001	9730000	0.0058889972425634	8953	52.72419231267	413	8913.9382889201
GLOBAL	IV	9730001	9740000	0.0057632351127167	9254	53.332977733081	418	9235.3842917251
GLOBAL	IV	9740001	9750000	0.0059345245039579	8452	50.158601107453	393	8420.5217391304
GLOBAL	IV	9750001	9760000	0.0058536868561692	9286	54.357336146387	426	9262.3057503506
GLOBAL	IV	9760001	9770000	0.0051725325475021	8906	46.066574868053	361	8882.6129032258
GLOBAL	IV	9770001	9780000	0.0066563222446308	8557	56.958149447306	446	8505.698457223
GLOBAL	IV	9780001	9790000	0.0054421717548341	9100	49.523762968991	388	9074.2454417952
GLOBAL	IV	9790001	9800000	0.0058437418137358	9161	53.534518755634	419	9101.5105189341
GLOBAL	IV	9800001	9810000	0.0043246819028845	9324	40.323334062495	316	9306.270687237
GLOBAL	IV	9810001	9820000	0.0063575816265052	8454	53.746995070475	421	8417.3436185133
GLOBAL	IV	9820001	9830000	0.0054767668820394	9141	50.063126068723	392	9105.6802244039
GLOBAL	IV	9830001	9840000	0.0059161531148361	9104	53.860657957468	422	9065.2342215989
GLOBAL	IV	9840001	9850000	0.0054341721862233	8844	48.059818814959	376	8643.9228611501
GLOBAL	IV	9850001	9860000	0.003485235868533	9643	33.608129480263	263	9610.0883590463
GLOBAL	IV	9860001	9870000	0.0062199614083231	8698	54.101224329594	424	8682.221598878
GLOBAL	IV	9870001	9880000	0.0037472605131909	5826	21.83153974985	167	3814.2412342216
GLOBAL	IV	9880001	9890000	0.0032116566744714	5824	18.704688472121	142	4056.8934081346
GLOBAL	IV	9890001	9900000	0.0060739916563328	7483	45.451679564338	355	6856.7643758766
GLOBAL	IV	9900001	9910000	0.0052068271705544	8407	43.773796022851	342	8190.747545582
GLOBAL	IV	9910001	9920000	0.0071772023988003	8364	60.030120863566	470	8315.4095371669
GLOBAL	IV	9920001	9930000	0.0069084175984848	8408	58.08597516806	455	8365.3450210379
GLOBAL	IV	9930001	9940000	0.0071667949728473	7688	55.09831975125	431	7577.5932678822
GLOBAL	IV	9940001	9950000	0.0051494933668525	8884	45.748099071117	358	8819.0252454418
GLOBAL	IV	9950001	9960000	0.0061082249698181	8611	52.597925215104	412	8576.5161290323
GLOBAL	IV	9960001	9970000	0.0063142119882895	8482	53.557146084672	419	8401.8134642356
GLOBAL	IV	9970001	9980000	0.005350784463077	9181	49.12555215551	385	9160.6872370267
GLOBAL	IV	9980001	9990000	0.0059709472216452	8958	53.487745211498	419	8921.9929873773
GLOBAL	IV	9990001	10000000	0.0058882165735288	8018	47.211720486554	367	7574.5147265077
GLOBAL	IV	10000001	10010000	0.004781335692036	9073	43.381058733842	340	9055.110799439
GLOBAL	IV	10010001	10020000	0.006286665918056	9174	57.673873132246	452	9155.7279102384
GLOBAL	IV	10020001	10030000	0.006289147221178	8614	54.174714163228	424	8531.4936886396
GLOBAL	IV	10030001	10040000	0.006190334486857	8371	51.81928998948	406	8344.2973352034
GLOBAL	IV	10040001	10050000	0.0065805215163432	8708	57.303181364317	449	8679.1388499299
GLOBAL	IV	10050001	10060000	0.0067422469877711	7935	53.499729847964	416	7478.7724719101
GLOBAL	IV	10060001	10070000	0.0063681540756634	8104	51.607520629176	404	7977.2973352034
GLOBAL	IV	10070001	10080000	0.0065193400382194	8515	55.512180425438	435	8487.0294530154
GLOBAL	IV	10080001	10090000	0.0061070326901853	8155	49.802851588461	390	8112.3071528752
GLOBAL	IV	10090001	10100000	0.0052681174312302	8579	45.195179442524	354	8544.7896213184
GLOBAL	IV	10100001	10110000	0.0058203576677127	8444	49.147100146166	385	8393.3239831697
GLOBAL	IV	10110001	10120000	0.0056478028074378	8395	47.413304568441	371	8296.6367461431
GLOBAL	IV	10120001	10130000	0.0062100229231953	7687	47.736446210603	372	7356.5301542777
GLOBAL	IV	10130001	10140000	0.0051370090042987	6868	35.280977841523	274	6193.1542776999
GLOBAL	IV	10140001	10150000	0.0051048147817224	8186	41.788013803179	327	7879.8022440393
GLOBAL	IV	10150001	10160000	0.0062726959668454	8545	53.600187036694	420	8517.2931276297
GLOBAL	IV	10160001	10170000	0.0043809502716876	9410	41.22474205658	323	9383.2103786816
GLOBAL	IV	10170001	10180000	0.0052375464392313	9014	47.211243603231	370	8992.2622720898
GLOBAL	IV	10180001	10190000	0.007197269559484	8973	64.58109975725	506	8941.1290322581
GLOBAL	IV	10190001	10200000	0.0065033595332165	8323	54.127461394961	424	8281.2636746143
GLOBAL	IV	10200001	10210000	0.0053932245144201	8636	46.575886906532	365	8614.1654978962
GLOBAL	IV	10210001	10220000	0.0057024580920162	9066	51.698485062219	405	9037.4684431978
GLOBAL	IV	10220001	10230000	0.0059485260906211	8861	52.709889688993	413	8831.538569425
GLOBAL	IV	10230001	10240000	0.0051200388750677	8645	44.26273607496	345	8053.9649368864
GLOBAL	IV	10240001	10250000	0.0054443611339411	8729	47.523828338172	372	8676.5441795231
GLOBAL	IV	10250001	10260000	0.0052549077924909	9133	47.993072868819	376	9104.9018232819
GLOBAL	IV	10260001	10270000	0.0046630987567358	9450	44.066283251153	345	9405.8569424965
GLOBAL	IV	10270001	10280000	0.0044348237936722	9437	41.851432140884	328	9419.7952314165
GLOBAL	IV	10280001	10290000	0.0048670977392321	8679	42.241541278795	331	8646.3772791024
GLOBAL	IV	10290001	10300000	0.0059368359378127	7191	42.691787228811	334	7128.9088359046
GLOBAL	IV	10300001	10310000	0.0060760052053621	8881	53.961002228821	422	8772.9410939691
GLOBAL	IV	10310001	10320000	0.0050797865446484	9350	47.496004192463	372	9322.5413744741
GLOBAL	IV	10320001	10330000	0.0053002217087035	8791	46.594249041213	365	8758.1556802244
GLOBAL	IV	10330001	10340000	0.00485126392096	8828	42.826957894235	335	8704.7082748948
GLOBAL	IV	10340001	10350000	0.0053896846091303	8866	47.784943744549	374	8736.9270687237
GLOBAL	IV	10350001	10360000	0.0050249883462432	8968	45.064095489109	353	8932.1823281907
GLOBAL	IV	10360001	10370000	0.0051054270510673	8893	45.402562765141	355	8280.7615708275
GLOBAL	IV	10370001	10380000	0.0051180386829698	8851	45.299760382966	355	8828.8274894811
GLOBAL	IV	10380001	10390000	0.0063088631344736	8991	56.722988442052	444	8938.7545582048
GLOBAL	IV	10390001	10400000	0.0062845674754322	8655	54.392931499866	426	8599.7587657784
GLOBAL	IV	10400001	10410000	0.0044224163497825	9178	40.588937258304	318	9150.206171108
GLOBAL	IV	10410001	10420000	0.0060479473121544	8506	51.443839837185	403	8458.0042075736
GLOBAL	IV	10420001	10430000	0.0050243514954275	8712	43.772150228165	343	8687.9060308555
GLOBAL	IV	10430001	10440000	0.0047318803378643	9518	45.038037055792	353	9501.2594670407
GLOBAL	IV	10440001	10450000	0.0039907303311694	9434	37.648549944252	295	9414.603085554
GLOBAL	IV	10450001	10460000	0.0063954055024287	8624	55.153977052945	432	8579.443197756
GLOBAL	IV	10460001	10470000	0.0063720734213132	9054	57.69275275657	452	9023.5708274895
GLOBAL	IV	10470001	10480000	0.0051074247230344	9194	46.957662903578	368	9171.7713884993
GLOBAL	IV	10480001	10490000	0.0051460368302235	9305	47.88387270523	375	9267.6016830295
GLOBAL	IV	10490001	10500000	0.0061789419258271	8778	54.23875222491	425	8744.8962131837
GLOBAL	IV	10500001	10510000	0.0066152300717815	8200	54.244886588608	425	8168.3141654979
GLOBAL	IV	10510001	10520000	0.0056007636843715	9028	50.563694542506	396	8967.1206171108
GLOBAL	IV	10520001	10530000	0.0054804612303817	8874	48.633612958407	381	8841.4726507714
GLOBAL	IV	10530001	10540000	0.0065196709557963	8774	57.203592966157	448	8716.747545582
GLOBAL	IV	10540001	10550000	0.0059557934803685	8644	51.481878844305	403	8574.5147265077
GLOBAL	IV	10550001	10560000	0.0060803502968147	8672	52.728797773977	413	8626.4628330996
GLOBAL	IV	10560001	10570000	0.0064738682777543	8106	52.477176259477	407	8006.4011220196
GLOBAL	IV	10570001	10580000	0.0058650198859042	8508	49.899589189273	391	8472.4544179523
GLOBAL	IV	10580001	10590000	0.0061692392427759	8607	53.098642162572	416	8571.2075736325
GLOBAL	IV	10590001	10600000	0.0049513413636851	8839	43.764906313613	343	8819.5049088359
GLOBAL	IV	10600001	10610000	0.0066825753966363	8488	56.721699966649	444	8438.1739130435
GLOBAL	IV	10610001	10620000	0.005084086645383	9463	48.11071192526	377	9442.9565217391
GLOBAL	IV	10620001	10630000	0.0058385104286412	8967	52.353923013626	410	8918.6591865358
GLOBAL	IV	10630001	10640000	0.0068965041150049	8459	58.337528308826	457	8430.0701262272
GLOBAL	IV	10640001	10650000	0.0065740949579334	8332	54.775359189501	429	8287.3183730715
GLOBAL	IV	10650001	10660000	0.0053774631676802	9112	48.999444383902	384	9090.9074333801
GLOBAL	IV	10660001	10670000	0.0060864369418209	8871	53.992782110894	423	8838.4151472651
GLOBAL	IV	10670001	10680000	0.006383325109427	8640	55.15192894545	432	8593.950911641
GLOBAL	IV	10680001	10690000	0.0042789765167411	9752	41.728578991259	327	9723.683029453
GLOBAL	IV	10690001	10700000	0.0056197126504647	8958	50.341385922863	394	8886.6661991585
GLOBAL	IV	10700001	10710000	0.0057605014374048	9103	52.437844584696	411	9090.5189340813
GLOBAL	IV	10710001	10720000	0.0045730077808733	9100	41.614370805947	326	9028.9971949509
GLOBAL	IV	10720001	10730000	0.0045003596214638	9101	40.957772914942	321	9083.5848527349
GLOBAL	IV	10730001	10740000	0.0060906880079841	8782	53.488422086117	419	8733.8373071529
GLOBAL	IV	10740001	10750000	0.0050412058192122	8689	43.803037363134	343	8654.9551192146
GLOBAL	IV	10750001	10760000	0.0057081537742533	7836	44.729092975049	350	7732.2075736325
GLOBAL	IV	10760001	10770000	0.0056687425571437	8938	50.66722097575	397	8906.3927068724
GLOBAL	IV	10770001	10780000	0.0056517636235016	7641	43.185125847176	338	7246.1402524544
GLOBAL	IV	10780001	10790000	0.0058904814161001	8629	50.828964139528	398	8572.7110799439
GLOBAL	IV	10790001	10800000	0.0056506053438024	8717	49.256326781926	386	8693.8345021038
GLOBAL	IV	10800001	10810000	0.0064777274994602	8806	57.042868360247	447	8778.4572230014
GLOBAL	IV	10810001	10820000	0.0075106672701071	8801	66.101382644212	518	8773.9410939691
GLOBAL	IV	10820001	10830000	0.0061265211664864	8852	54.231965365737	425	8827.0883590463
GLOBAL	IV	10830001	10840000	0.0056225385237678	9102	51.176345643334	401	9072.5497896213
GLOBAL	IV	10840001	10850000	0.0065634870340918	8946	58.716955006986	460	8922.7769985975
GLOBAL	IV	10850001	10860000	0.006869612725274	8454	58.075705979466	455	8422.1781206171
GLOBAL	IV	10860001	10870000	0.004619600076634	8570	39.589972656753	310	8522.1051893408
GLOBAL	IV	10870001	10880000	0.0069597017966063	8346	58.085671194476	455	8302.5133239832
GLOBAL	IV	10880001	10890000	0.0071462848947444	8590	61.386587245855	481	8560.0981767181
GLOBAL	IV	10890001	10900000	0.0070851874446967	8335	59.055037351547	462	8263.618513324
GLOBAL	IV	10900001	10910000	0.0076363250206734	8413	64.244402398926	503	8329.6956521739
GLOBAL	IV	10910001	10920000	0.0068691913334952	7586	52.109685455894	408	7526.5133239832
GLOBAL	IV	10920001	10930000	0.0049877460636026	9469	47.228967476253	370	9439.3632538569
GLOBAL	IV	10930001	10940000	0.0050352447909926	9249	46.570979071891	365	9232.9410939691
GLOBAL	IV	10940001	10950000	0.0062101068782867	8652	53.729844710936	421	8622.9929873773
GLOBAL	IV	10950001	10960000	0.0074331034505865	7463	55.473251051727	434	7090.9270687237
GLOBAL	IV	10960001	10970000	0.0053406588328306	8964	47.873665777493	375	8925.5946704067
GLOBAL	IV	10970001	10980000	0.0071621372158282	8699	62.30343164049	488	8655.8288920056
GLOBAL	IV	10980001	10990000	0.0064884968239884	8663	56.209847986211	440	8593.3646563815
GLOBAL	IV	10990001	11000000	0.007696032402389	8077	62.160853714096	487	8045.3927068724
GLOBAL	IV	11000001	11010000	0.0051070878629185	9345	47.725736078973	374	9320.7826086957
GLOBAL	IV	11010001	11020000	0.005596099141921	9188	51.416958915971	403	9174.8106591865
GLOBAL	IV	11020001	11030000	0.0043976855106693	8997	39.565976539492	310	8974.8934081346
GLOBAL	IV	11030001	11040000	0.006652223137912	8692	57.821123514731	453	8659.667601683
GLOBAL	IV	11040001	11050000	0.0069739454935687	8969	62.549317131818	490	8928.8316970547
GLOBAL	IV	11050001	11060000	0.0054272620686043	8463	45.930918886598	360	8450.2117812062
GLOBAL	IV	11060001	11070000	0.0058312978496117	9103	53.082304325016	416	9085.159887798
GLOBAL	IV	11070001	11080000	0.0077032340432389	8788	67.696020771984	530	8684.2412342216
GLOBAL	IV	11080001	11090000	0.0067541034458721	9071	61.266472357506	480	9041.1837307153
GLOBAL	IV	11090001	11100000	0.0052322151364138	8860	46.357426108627	363	8821.5596072931
GLOBAL	IV	11100001	11110000	0.0052463466655562	9049	47.474190976618	372	9024.4936886396
GLOBAL	IV	11110001	11120000	0.0058320752407888	8734	50.937345153049	399	8702.2496493689
GLOBAL	IV	11120001	11130000	0.0061135230423457	8728	53.358829113594	418	8690.8653576438
GLOBAL	IV	11130001	11140000	0.0068593610820848	8769	60.149737328802	471	8706.0659186536
GLOBAL	IV	11140001	11150000	0.0058963856519049	8896	52.454246759346	411	8866.5764375877
GLOBAL	IV	11150001	11160000	0.0055366084438844	8648	47.880589822712	375	8604.9621318373
GLOBAL	IV	11160001	11170000	0.0058005584649144	9023	52.338439028922	410	8989.3702664797
GLOBAL	IV	11170001	11180000	0.0064847725953449	8956	58.077623363909	455	8919.4305750351
GLOBAL	IV	11180001	11190000	0.0071285925294347	8951	63.80803173097	500	8924.7755960729
GLOBAL	IV	11190001	11200000	0.0072915165785913	8575	62.52475466142	490	8555.3281907433
GLOBAL	IV	11200001	11210000	0.0055358882120002	8832	48.892964688386	383	8796.762973352
GLOBAL	IV	11210001	11220000	0.0063660029646735	8467	53.90094710189	420	8201.5848527349
GLOBAL	IV	11220001	11230000	0.0067814608558328	8095	54.895925627967	430	8001.7335203366
GLOBAL	IV	11230001	11240000	0.0067431865761947	8375	56.47418757563	442	8314.889200561
GLOBAL	IV	11240001	11250000	0.0078423456977519	8330	65.326739662274	511	8238.206171108
GLOBAL	IV	11250001	11260000	0.0077807568407437	8132	63.273114628928	495	8068.1079943899
GLOBAL	IV	11260001	11270000	0.0052751490487497	8032	42.369997159557	330	7738.3099579243
GLOBAL	IV	11270001	11280000	0.0055043136469823	8285	45.603238565248	357	8250
GLOBAL	IV	11280001	11290000	0.006645502435737	7851	52.173839622971	407	7530.7251051893
GLOBAL	IV	11290001	11300000	0.0068158247460279	8671	59.100016372808	463	8630.8008415147
GLOBAL	IV	11300001	11310000	0.0064640728841221	8787	56.799808432781	445	8765.6577840112
GLOBAL	IV	11310001	11320000	0.0047341023109069	9541	45.168070148362	354	9522.8597475456
GLOBAL	IV	11320001	11330000	0.0060503549858722	9077	54.919072206762	430	9036.1809256662
GLOBAL	IV	11330001	11340000	0.005783698348861	8827	51.052705325396	400	8792.9859747546
GLOBAL	IV	11340001	11350000	0.0063205581469252	8909	56.309852530957	441	8878.8821879383
GLOBAL	IV	11350001	11360000	0.0053148206277668	7137	37.931874820372	295	7012.3716690042
GLOBAL	IV	11360001	11370000	0.0048250548161007	9135	44.07687574508	345	9095.2201963534
GLOBAL	IV	11370001	11380000	0.0050715020629211	8555	43.38670014829	340	8535.5582047686
GLOBAL	IV	11380001	11390000	0.0055506598675585	8967	49.772767032397	390	8945.3085553997
GLOBAL	IV	11390001	11400000	0.0066661852175264	9265	61.762206040382	484	9234.5259467041
GLOBAL	IV	11400001	11410000	0.0069793125308444	7580	52.903188983801	414	7501.7573632539
GLOBAL	IV	11410001	11420000	0.0081308256422201	8121	66.03043504047	517	8059.1921458626
GLOBAL	IV	11420001	11430000	0.007475147462137	7506	56.1084568508	438	7123.7405329593
GLOBAL	IV	11430001	11440000	0.0077289423732664	8639	66.770333162648	523	8401.255259467
GLOBAL	IV	11440001	11450000	0.0073383286547695	8544	62.69868002635	491	8468.6970546985
GLOBAL	IV	11450001	11460000	0.006880946032723	8789	60.476634681602	472	8708.7110799439
GLOBAL	IV	11460001	11470000	0.0085839508981065	8123	69.727433145319	546	8065.5175315568
GLOBAL	IV	11470001	11480000	0.0065604306092048	8389	55.035452380619	431	8332.5483870968
GLOBAL	IV	11480001	11490000	0.0058775201840194	8258	48.536561679632	380	8158.0028050491
GLOBAL	IV	11490001	11500000	0.0054286880710248	7840	42.560914476835	333	6360.2791023843
GLOBAL	IV	11500001	11510000	0.0049013054962855	8095	39.676067992431	310	7030.729312763
GLOBAL	IV	11510001	11520000	0.0054574227768491	8539	46.600933091514	365	8494.6353436185
GLOBAL	IV	11520001	11530000	0.005506817927125	8922	49.131829545809	385	8895.350631136
GLOBAL	IV	11530001	11540000	0.0072843527225814	8754	63.767223733478	499	8698.9621318373
GLOBAL	IV	11540001	11550000	0.0058674905945652	8247	48.389194933379	379	8213.935483871
GLOBAL	IV	11550001	11560000	0.0069679843485718	8509	59.290578821997	464	8450.0995792426
GLOBAL	IV	11560001	11570000	0.0075646351702841	7933	60.010250805864	470	7889.0617110799
GLOBAL	IV	11570001	11580000	0.006435199183458	9150	58.882072528641	461	9104.8036465638
GLOBAL	IV	11580001	11590000	0.0061995838458326	9078	56.279822152468	441	9051.301542777
GLOBAL	IV	11590001	11600000	0.0070916144201357	9162	64.973371317283	509	9124.6704067321
GLOBAL	IV	11600001	11610000	0.0075546739151673	8540	64.516915235529	505	8473.1486676017
GLOBAL	IV	11610001	11620000	0.0059905494632462	7453	44.647565149574	349	6642.4235624123
GLOBAL	IV	11620001	11630000	0.0075405820441383	8634	65.10538536909	510	8598.0771388499
GLOBAL	IV	11630001	11640000	0.0073391971666744	8920	65.465638726735	513	8897.1570827489
GLOBAL	IV	11640001	11650000	0.0086635127619339	7931	68.710319714898	538	7885.744740533
GLOBAL	IV	11650001	11660000	0.0080270728550515	8493	68.173929757952	534	8452.0771388499
GLOBAL	IV	11660001	11670000	0.0070329512664315	8601	60.490413842577	474	8572.1430575035
GLOBAL	IV	11670001	11680000	0.0075437459883284	8511	64.204822106663	503	8483.2776998597
GLOBAL	IV	11680001	11690000	0.0072152775596799	8860	63.927359178764	501	8838.412342216
GLOBAL	IV	11690001	11700000	0.0073769303481089	8580	63.294062386774	496	8559.6213183731
GLOBAL	IV	11700001	11710000	0.0072593034336054	8388	60.891037201082	477	8346.476858345
GLOBAL	IV	11710001	11720000	0.0071593248296602	8280	59.279209589586	463	8204.6535764376
GLOBAL	IV	11720001	11730000	0.0061345096045137	8638	52.98989396379	415	8596.9579242637
GLOBAL	IV	11730001	11740000	0.0057966727226784	9223	53.462712521263	419	9203.7559607293
GLOBAL	IV	11740001	11750000	0.0092188877380892	8156	75.189248391856	589	8113.1963534362
GLOBAL	IV	11750001	11760000	0.0079159838526349	5310	42.033874257491	328	5056.3786816269
GLOBAL	IV	11760001	11770000	0.0077992631214352	8467	66.036360849192	517	8417.6886395512
GLOBAL	IV	11770001	11780000	0.0074549381523481	8932	66.587507576773	521	8846.1093969144
GLOBAL	IV	11780001	11790000	0.0075069257843608	8741	65.618038281097	514	8703.3983169705
GLOBAL	IV	11790001	11800000	0.0092365250744026	8098	74.797380052513	586	8068.6802244039
GLOBAL	IV	11800001	11810000	0.0063384299513301	9102	57.692389417006	451	9022.2622720898
GLOBAL	IV	11810001	11820000	0.0095945814951703	7470	71.671523768922	559	7260.9621318373
GLOBAL	IV	11820001	11830000	0.006963096186665	8522	59.339505702759	463	8345.7699859748
GLOBAL	IV	11830001	11840000	0.0093341833425076	8711	81.310071096584	637	8679.9831697055
GLOBAL	IV	11840001	11850000	0.010715580353679	8028	86.024679079338	671	7665.2145862553
GLOBAL	IV	11850001	11860000	0.010785811183919	8075	87.095425310148	682	8019.0967741935
GLOBAL	IV	11860001	11870000	0.010013595551576	7574	75.842972707636	592	7424.2159887798
GLOBAL	IV	11870001	11880000	0.013134155045452	7825	102.77476323067	805	7784.7208976157
GLOBAL	IV	11880001	11890000	0.010388513605961	8377	87.024578477139	681	8300.0925666199
GLOBAL	IV	11890001	11900000	0.0102680010964	8134	83.519920918121	653	8044.0827489481
GLOBAL	IV	11900001	11910000	0.0073101698961879	8802	64.344115426246	504	8772.7152875175
GLOBAL	IV	11910001	11920000	0.0064743314533248	9262	59.965257920695	470	9249.538569425
GLOBAL	IV	11920001	11930000	0.0097596406732172	7548	73.665767801444	577	7501.9495091164
GLOBAL	IV	11930001	11940000	0.0094118743030235	7251	68.245500571223	532	7079.7279102384
GLOBAL	IV	11940001	11950000	0.0091988231751978	7842	72.137171339901	565	7804.01542777
GLOBAL	IV	11950001	11960000	0.0086356908129337	8470	73.144301185549	573	8441.0546984572
GLOBAL	IV	11960001	11970000	0.0071832769248013	8374	60.152760968286	471	8346.4291725105
GLOBAL	IV	11970001	11980000	0.0087218965577995	8501	74.144842637854	581	8476.4964936886
GLOBAL	IV	11980001	11990000	0.011016882808369	7436	81.921540563033	640	7301.6970546985
GLOBAL	IV	11990001	12000000	0.010259117956541	8022	82.298644247368	642	7880.9116409537
GLOBAL	IV	12000001	12010000	0.0086697508240963	7439	64.494276380452	503	6722.252454418
GLOBAL	IV	12010001	12020000	0.0083993268793036	8096	68.000950414842	530	7424.6100981767
GLOBAL	IV	12020001	12030000	0.0078856517235084	8127	64.086691556953	502	7966.4319775596
GLOBAL	IV	12030001	12040000	0.0092180510168844	8282	76.343898521836	598	8236.2776998597
GLOBAL	IV	12040001	12050000	0.010096570617446	8028	81.055268916859	635	7994.3744740533
GLOBAL	IV	12050001	12060000	0.0095834354882931	7966	76.341647099743	598	7928.2748948107
GLOBAL	IV	12060001	12070000	0.0097067827997943	7827	75.97498897399	595	7773.6577840112
GLOBAL	IV	12070001	12080000	0.0085614334484109	7697	65.897353252419	514	7481.1093969144
GLOBAL	IV	12080001	12090000	0.0061782691177447	9110	56.284031662654	441	9081.3758765778
GLOBAL	IV	12090001	12100000	0.006854014353329	7180	49.211823056902	383	6852.1542776999
GLOBAL	IV	12100001	12110000	0.0075795031913828	7346	55.679030443898	434	6981.0687237027
GLOBAL	IV	12110001	12120000	0.0066320207179319	7815	51.829241910638	405	7156.7840112202
GLOBAL	IV	12120001	12130000	0.0080617638978006	6891	55.553615019744	433	6522.8050490884
GLOBAL	IV	12130001	12140000	0.010540171727522	7638	80.505831654813	630	7568.8134642356
GLOBAL	IV	12140001	12150000	0.010471852810531	7477	78.298043464339	613	7395.1500701262
GLOBAL	IV	12150001	12160000	0.010020852878895	7628	76.439065760213	597	7543.0252454418
GLOBAL	IV	12160001	12170000	0.0092689564625498	7231	67.023824180698	524	6822.6774193548
GLOBAL	IV	12170001	12180000	0.0093299933094664	7666	71.523728710369	560	7607.7335203366
GLOBAL	IV	12180001	12190000	0.0088001224987486	7823	68.843358307711	539	7764.2945301543
GLOBAL	IV	12190001	12200000	0.0095334309525686	7649	72.921213356197	571	7586.461430575
GLOBAL	IV	12200001	12210000	0.0086699594041586	8468	73.417216234415	575	8268.1374474053
GLOBAL	IV	12210001	12220000	0.0082546376809284	7586	62.619681447523	490	7350.4796633941
GLOBAL	IV	12220001	12230000	0.0081378263572033	8367	68.08919313072	530	8268.9410939691
GLOBAL	IV	12230001	12240000	0.010620291675977	7142	75.850123149831	593	7025.824684432
GLOBAL	IV	12240001	12250000	0.0083518717711591	8588	71.725874770714	562	8562.0883590463
GLOBAL	IV	12250001	12260000	0.0078808138633244	8456	66.640162028271	522	8415.7307152875
GLOBAL	IV	12260001	12270000	0.0092484960695269	7966	73.673519689851	577	7930.5582047686
GLOBAL	IV	12270001	12280000	0.010442855116804	6877	71.81551463826	562	6460.1079943899
GLOBAL	IV	12280001	12290000	0.010059786459628	7619	76.645513035908	600	7551.4726507714
GLOBAL	IV	12290001	12300000	0.0087821331814109	7726	67.85076095958	531	7662.3309957924
GLOBAL	IV	12300001	12310000	0.0064047803668168	8496	54.415013996475	426	8244.0336605891
GLOBAL	IV	12310001	12320000	0.0089065843607165	8309	74.004809453193	579	8193.3913043478
GLOBAL	IV	12320001	12330000	0.0072903966655941	8003	58.34504451475	456	7371.8457223001
GLOBAL	IV	12330001	12340000	0.011030052295572	6540	72.136542013041	559	6197.4207573633
GLOBAL	IV	12340001	12350000	0.0078926503434883	9006	71.081208993455	557	8981.2987377279
GLOBAL	IV	12350001	12360000	0.00896884077576	7783	69.80448775774	545	7621.0280504909
GLOBAL	IV	12360001	12370000	0.011220470919925	7689	86.274200903305	673	7447.7727910238
GLOBAL	IV	12370001	12380000	0.0087507444413923	8139	71.222309008492	558	8094.8793828892
GLOBAL	IV	12380001	12390000	0.010576178325762	7488	79.194423303307	619	7362.3141654979
GLOBAL	IV	12390001	12400000	0.0082907960461115	7437	61.658650194931	482	7350.1402524544
GLOBAL	IV	12400001	12410000	0.010180255059808	8107	82.531327769867	646	7942.1318373072
GLOBAL	IV	12410001	12420000	0.011770012177856	7788	91.664854841142	717	7705.3772791024
GLOBAL	IV	12420001	12430000	0.010080981703751	7933	79.972427855857	625	7781.8359046283
GLOBAL	IV	12430001	12440000	0.0096327680279919	7942	76.503443678311	597	7745.667601683
GLOBAL	IV	12440001	12450000	0.008853063876149	7590	67.194754819971	525	7460.381486676
GLOBAL	IV	12450001	12460000	0.0088912049758569	7572	67.324204077189	525	7406.7531556802
GLOBAL	IV	12460001	12470000	0.010848456615357	6500	70.514967999822	552	6443.5035063114
GLOBAL	IV	12470001	12480000	0.0096408916909089	7409	71.429366537944	558	7328.8457223001
GLOBAL	IV	12480001	12490000	0.0085574295493104	7688	65.789518375098	514	7596.0532959327
GLOBAL	IV	12490001	12500000	0.0098296943322485	7365	72.39569875701	566	7308.4446002805
GLOBAL	IV	12500001	12510000	0.0065829851331572	8435	55.527479598181	435	8393.0673211781
GLOBAL	IV	12510001	12520000	0.010373731797491	6045	62.709208715833	480	5250.8120617111
GLOBAL	IV	12520001	12530000	0.010892681586395	6728	73.285961713266	573	6639.4109396914
GLOBAL	IV	12530001	12540000	0.011543869054809	6336	73.141954331267	572	6199.3828892006
GLOBAL	IV	12540001	12550000	0.011864538203959	7668	90.977278947956	709	7407.4053295933
GLOBAL	IV	12550001	12560000	0.013017585607845	6179	80.435661470875	628	5983.7727910238
GLOBAL	IV	12560001	12570000	0.0099600454727863	8088	80.556847783896	631	8043.7615708275
GLOBAL	IV	12570001	12580000	0.0095704952471712	7654	73.252570621848	573	7301.9677419355
GLOBAL	IV	12580001	12590000	0.0094433656821157	7532	71.127430317696	556	7405.316970547
GLOBAL	IV	12590001	12600000	0.011404128564731	6947	79.224481139184	612	5943.2889200561
GLOBAL	IV	12600001	12610000	0.0086884708291659	7481	64.99845027299	505	6916.1809256662
GLOBAL	IV	12610001	12620000	0.011203652980333	7910	88.620895074434	694	7864.2272089762
GLOBAL	IV	12620001	12630000	0.011087904113529	7469	82.815555823947	647	7361.2201963534
GLOBAL	IV	12630001	12640000	0.0077204177602246	8927	68.920169345525	540	8894.5287517532
GLOBAL	IV	12640001	12650000	0.0089428065879799	8211	73.429384893903	575	8162.4950911641
GLOBAL	IV	12650001	12660000	0.010825167399205	8025	86.87196837862	680	7986.4684431978
GLOBAL	IV	12660001	12670000	0.011613966708899	7596	88.219691120799	689	7500.1430575035
GLOBAL	IV	12670001	12680000	0.011666158835621	8023	93.597592338191	732	7919.0266479663
GLOBAL	IV	12680001	12690000	0.011272844019139	7305	82.348125559811	644	7221.6381486676
GLOBAL	IV	12690001	12700000	0.01117220082392	7876	87.992253689193	689	7826.1865357644
GLOBAL	IV	12700001	12710000	0.0096126192000195	6922	66.538550102535	512	6141.8962131837
GLOBAL	IV	12710001	12720000	0.012615579021032	6669	84.133296491265	656	6393.0336605891
GLOBAL	IV	12720001	12730000	0.010527564144843	4865	51.216599564662	397	4297.7699859748
GLOBAL	IV	12730001	12740000	0.012565103006599	7151	89.853051600187	703	7042.7405329593
GLOBAL	IV	12740001	12750000	0.010577512038896	6707	70.943373244877	554	6580.01542777
GLOBAL	IV	12750001	12760000	0.013627466522726	7870	107.24816153386	839	7770.0869565217
GLOBAL	IV	12760001	12770000	0.01257875286283	7025	88.365738861378	691	6901.9873772791
GLOBAL	IV	12770001	12780000	0.012517614291781	7027	87.961275628346	688	6903.8260869565
GLOBAL	IV	12780001	12790000	0.01241521738238	6379	79.196671682202	617	6093.4964936886
GLOBAL	IV	12790001	12800000	0.012241567375837	6114	74.844942935865	584	5924.2173913043
GLOBAL	IV	12800001	12810000	0.015044165921138	5426	81.629644288095	633	5077.8008415147
GLOBAL	IV	12810001	12820000	0.011910874376095	6799	80.982034883073	631	6572.8274894811
GLOBAL	IV	12820001	12830000	0.008982328713205	7074	63.540993317212	490	5692.7924263675
GLOBAL	IV	12830001	12840000	0.008419911374103	6515	54.855722602281	417	4768.7840112202
GLOBAL	IV	12840001	12850000	0.01314528554273	6785	89.190762407421	696	6585.8232819074
GLOBAL	IV	12850001	12860000	0.014709781882788	5785	85.096088191927	658	5246.950911641
GLOBAL	IV	12860001	12870000	0.013423156967377	6824	91.599623145379	713	6535.0687237027
GLOBAL	IV	12870001	12880000	0.01352505297017	6309	85.329559188803	665	6126.824684432
GLOBAL	IV	12880001	12890000	0.011691842413529	6814	79.668214205785	622	6700.1276297335
GLOBAL	IV	12890001	12900000	0.013166599073041	6502	85.609227172915	668	5930.3786816269
GLOBAL	IV	12900001	12910000	0.011979704970066	7585	90.866062197947	711	7485.2300140252
GLOBAL	IV	12910001	12920000	0.0093695846417776	6939	65.015547829295	505	6059.8120617111
GLOBAL	IV	12920001	12930000	0.013040321836151	6652	86.74422085408	678	6545.2173913043
GLOBAL	IV	12930001	12940000	0.013884068928748	7105	98.646309738754	770	6977.0126227209
GLOBAL	IV	12940001	12950000	0.0096175270913585	7929	76.257372307381	597	7862.4446002805
GLOBAL	IV	12950001	12960000	0.010031519365586	6995	70.170477962273	549	6880.7713884993
GLOBAL	IV	12960001	12970000	0.01218721629111	7063	86.078308664107	673	6933.6647966339
GLOBAL	IV	12970001	12980000	0.012372417581266	6416	79.381431201402	621	6329.1612903226
GLOBAL	IV	12980001	12990000	0.014390297753761	6379	91.79570937124	717	6259.6535764376
GLOBAL	IV	12990001	13000000	0.015572638274334	5733	89.277935226757	696	5408.8288920056
GLOBAL	IV	13000001	13010000	0.012427017782519	7888	98.024316268506	768	7851.0448807854
GLOBAL	IV	13010001	13020000	0.01261109713753	6795	85.692405049519	668	6464.6100981767
GLOBAL	IV	13020001	13030000	0.012975634714076	7266	94.280961832479	737	7171.2300140252
GLOBAL	IV	13030001	13040000	0.011862188816661	7114	84.38761124173	660	7041.0743338008
GLOBAL	IV	13040001	13050000	0.013206102348926	6376	84.20210857675	654	5940.0126227209
GLOBAL	IV	13050001	13060000	0.013956010492185	6182	86.27605686269	672	5886.3436185133
GLOBAL	IV	13060001	13070000	0.012135324726049	6242	75.748696939995	590	5974.8288920056
GLOBAL	IV	13070001	13080000	0.011630513583728	5686	66.131100237079	512	5202.4740532959
GLOBAL	IV	13080001	13090000	0.010411673064884	7337	76.390445277055	593	6354.8934081346
GLOBAL	IV	13090001	13100000	0.015174779253633	5655	85.813376679297	668	5407.4796633941
GLOBAL	IV	13100001	13110000	0.011237452321672	7799	87.64089065672	686	7661.7615708275
GLOBAL	IV	13110001	13120000	0.015625996670592	6901	107.83500302376	842	6789.0518934081
GLOBAL	IV	13120001	13130000	0.01428009426986	5686	81.196616018425	620	4553.1963534362
GLOBAL	IV	13130001	13140000	0.015703470025087	5231	82.144851701232	639	5008.4375876578
GLOBAL	IV	13140001	13150000	0.013978286352163	6602	92.284646496983	719	6396.095371669
GLOBAL	IV	13150001	13160000	0.013627054189387	6091	83.002387067557	646	5729.9915848527
GLOBAL	IV	13160001	13170000	0.010796691351087	5216	56.315542087269	438	4591.7096774194
GLOBAL	IV	13170001	13180000	0.014238293250712	5845	83.222824050412	647	5593.523141655
GLOBAL	IV	13180001	13190000	0.01287631056088	6468	83.283976707773	646	6082.3408134642
GLOBAL	IV	13190001	13200000	0.015311738797485	6876	105.28351597151	823	6779.3380084151
GLOBAL	IV	13200001	13210000	0.0161113608933	4979	80.218465887742	620	4545.9551192146
GLOBAL	IV	13210001	13220000	0.014228431800124	6515	92.69823317781	724	6293.2580645161
GLOBAL	IV	13220001	13230000	0.013543768695297	5460	73.948977076324	569	4563.5049088359
GLOBAL	IV	13230001	13240000	0.012289468204706	7460	91.679432807109	717	7363.6718092567
GLOBAL	IV	13240001	13250000	0.013738449926611	7493	102.9422053001	803	7364.5063113604
GLOBAL	IV	13250001	13260000	0.014882295951395	5571	82.909270745223	642	5074.9326788219
GLOBAL	IV	13260001	13270000	0.014650713667154	5037	73.795644741457	571	4279.9088359046
GLOBAL	IV	13270001	13280000	0.015791713268127	5999	94.734487895492	740	5866.3744740533
GLOBAL	IV	13280001	13290000	0.017228768959766	6150	105.95692910256	826	5974.446002805
GLOBAL	IV	13290001	13300000	0.012231486203655	5976	73.09536155304	569	5725.8835904628
GLOBAL	IV	13300001	13310000	0.013559332190239	7174	97.274649132774	759	6940.1654978962
GLOBAL	IV	13310001	13320000	0.015861771486499	6209	98.485739159674	768	6014.064516129
GLOBAL	IV	13320001	13330000	0.015701662510616	5130	80.549528679459	625	4803.6942496494
GLOBAL	IV	13330001	13340000	0.014310037815179	5667	81.09498429862	633	5522.7265077139
GLOBAL	IV	13340001	13350000	0.015133993117152	5354	81.027399149232	619	4487.3576437588
GLOBAL	IV	13350001	13360000	0.01483900819279	5124	76.035077979854	590	4851.8821879383
GLOBAL	IV	13360001	13370000	0.014709886773665	5896	86.729492417531	678	5792.667601683
GLOBAL	IV	13370001	13380000	0.01437072179239	7541	108.36961303642	848	7469.332398317
GLOBAL	IV	13380001	13390000	0.014733347581325	6581	96.960160432703	758	6484.7840112202
GLOBAL	IV	13390001	13400000	0.015650050696624	5713	89.408739629812	697	5537.7489481066
GLOBAL	IV	13400001	13410000	0.013040743004929	6195	80.787402915538	630	5993.9873772791
GLOBAL	IV	13410001	13420000	0.01505786104524	4897	73.738345538541	571	4582.3001402525
GLOBAL	IV	13420001	13430000	0.014948557693085	6840	102.2481346207	800	6767.1991584853
GLOBAL	IV	13430001	13440000	0.016922673845311	4368	73.918239356317	576	4245.1178120617
GLOBAL	IV	13440001	13450000	0.013427096463362	5748	77.178950471405	602	5625.0084151473
GLOBAL	IV	13450001	13460000	0.016189651987199	4171	67.527038438608	520	3598.1295774648
GLOBAL	IV	13460001	13470000	0.014409721030981	5934	85.507284597841	667	5758.856741573
GLOBAL	IV	13470001	13480000	0.013538534908281	5870	79.471199911608	617	5499.1781206171
GLOBAL	IV	13480001	13490000	0.012958724657553	5788	75.005098317914	584	5520.7433380084
GLOBAL	IV	13490001	13500000	0.0093708470121643	6171	57.827496912066	452	5969.6213183731
GLOBAL	IV	13500001	13510000	0.012993010966511	5835	75.81421898959	590	5614.8050490884
GLOBAL	IV	13510001	13520000	0.01312859015378	5752	75.515650564545	586	5205.5189340813
GLOBAL	IV	13520001	13530000	0.014898245267041	6495	96.76410300943	755	6296.6619915849
GLOBAL	IV	13530001	13540000	0.014625108870354	6697	97.94435410476	766	6579.4964936886
GLOBAL	IV	13540001	13550000	0.014882865289845	6483	96.485615674065	754	6356.4740532959
GLOBAL	IV	13550001	13560000	0.016133029490065	6834	110.25312353511	862	6726.3043478261
GLOBAL	IV	13560001	13570000	0.014412641145648	5339	76.949091076612	600	5092.3127629734
GLOBAL	IV	13570001	13580000	0.013545303451977	5851	79.253570497519	618	5268.4824684432
GLOBAL	IV	13580001	13590000	0.017444247887845	5693	99.310103225503	777	5633.2356241234
GLOBAL	IV	13590001	13600000	0.015908578350866	5108	81.261018216221	633	4938.8415147265
GLOBAL	IV	13600001	13610000	0.017126025453682	5624	96.316767151509	746	5187.0084151473
GLOBAL	IV	13610001	13620000	0.0089090159815403	4652	41.444742346126	318	4098.2281690141
GLOBAL	IV	13620001	13630000	0.0095814509554267	5450	52.218907707075	407	5297.7068723703
GLOBAL	IV	13630001	13640000	0.017128454883326	5817	99.636222056305	778	5689.01542777
GLOBAL	IV	13640001	13650000	0.01707103852079	4404	75.18085364556	586	4206.1584852735
GLOBAL	IV	13650001	13660000	0.016291337752998	4648	75.722137875936	589	4495.5680224404
GLOBAL	IV	13660001	13670000	0.017365080478295	4501	78.160227232808	605	4233.2230014025
GLOBAL	IV	13670001	13680000	0.01895607625516	4609	87.368555460034	674	4133.396914446
GLOBAL	IV	13680001	13690000	0.01795010438273	4909	88.117062414824	683	4610.5329593268
GLOBAL	IV	13690001	13700000	0.020414901583942	5587	114.05805514949	886	5342.698457223
GLOBAL	IV	13700001	13710000	0.017120875873286	6486	111.04600091414	867	6357.1500701262
GLOBAL	IV	13710001	13720000	0.014008853813636	4786	67.046374352064	519	3966.4859550562
GLOBAL	IV	13720001	13730000	0.013325627394646	4781	63.709824573805	496	4584.8120617111
GLOBAL	IV	13730001	13740000	0.015096285349432	4495	67.857802645696	521	3824.0099431818
GLOBAL	IV	13740001	13750000	0.015634467756724	4390	68.635313452017	530	3980.6053370787
GLOBAL	IV	13750001	13760000	0.017915617653422	5975	107.04581547919	832	5671.8835904628
GLOBAL	IV	13760001	13770000	0.014948311953503	5963	89.13678417874	695	5798.8948106592
GLOBAL	IV	13770001	13780000	0.018455469562668	6144	113.39040499303	885	5985.0196353436
GLOBAL	IV	13780001	13790000	0.01472618259789	6282	92.509879079947	722	6178.6002805049
GLOBAL	IV	13790001	13800000	0.014799349766275	6621	97.986494802508	767	6563.633941094
GLOBAL	IV	13800001	13810000	0.017537337359436	5807	101.83931804624	795	5686.3352033661
GLOBAL	IV	13810001	13820000	0.016033998054087	5861	93.975262595003	734	5734.5189340813
GLOBAL	IV	13820001	13830000	0.016637287907104	5393	89.724893683014	701	5301.6016830295
GLOBAL	IV	13830001	13840000	0.019887692139992	4868	96.813285337479	748	4460.7769985975
GLOBAL	IV	13840001	13850000	0.016984606664764	6304	107.07096041467	832	5908.0813464236
GLOBAL	IV	13850001	13860000	0.016671753004034	5700	95.028992122996	733	5254.3806179775
GLOBAL	IV	13860001	13870000	0.019048255514295	5508	104.91779137274	817	5333.8471248247
GLOBAL	IV	13870001	13880000	0.017211222186141	4946	85.126704932652	662	4794.461430575
GLOBAL	IV	13880001	13890000	0.015156088107405	5255	79.645243004413	622	5154.7040673212
GLOBAL	IV	13890001	13900000	0.015146162245428	5878	89.029141678624	695	5743.4866760168
GLOBAL	IV	13900001	13910000	0.017556198854797	5702	100.10544587005	782	5590.6858345021
GLOBAL	IV	13910001	13920000	0.01487577283075	5952	88.540599888627	690	5698.5988779804
GLOBAL	IV	13920001	13930000	0.015400363700774	4829	74.368356311038	571	4082.5960729313
GLOBAL	IV	13930001	13940000	0.012630196654053	3981	50.280812879785	382	2521.4824684432
GLOBAL	IV	13940001	13950000	0.015211146743581	3771	57.361234370042	441	3117.1206171108
GLOBAL	IV	13950001	13960000	0.010789908777566	3064	33.060280494462	252	1801.1009817672
GLOBAL	IV	13960001	13970000	0.018552896239418	5219	96.827565473522	755	5051.4782608696
GLOBAL	IV	13970001	13980000	0.017059450417582	6135	104.65972831186	817	5963.1725105189
GLOBAL	IV	13980001	13990000	0.012664130244188	6190	78.390966211526	611	5348.3702664797
GLOBAL	IV	13990001	14000000	0.015889370164677	4505	71.58161259187	557	4275.9410939691
GLOBAL	IV	14000001	14010000	0.016939905199958	4297	72.79077264422	560	3575.1360448808
GLOBAL	IV	14010001	14020000	0.013485013727716	3795	51.175627096684	387	2952.8457223001
GLOBAL	IV	14020001	14030000	0.01528215306663	5478	83.715634499	650	5035.5245441795
GLOBAL	IV	14030001	14040000	0.014381102222808	5509	79.225492145452	618	4890.4810659187
GLOBAL	IV	14040001	14050000	0.018854990757007	4719	88.976701382318	695	4615.1612903226
GLOBAL	IV	14050001	14060000	0.019209826176145	4495	86.348168661771	670	4286.2454417952
GLOBAL	IV	14060001	14070000	0.016533947540561	5675	93.830152292681	722	5210.1725105189
GLOBAL	IV	14070001	14080000	0.016753868504635	6169	103.35461480509	807	6018.1192145863
GLOBAL	IV	14080001	14090000	0.01645603525813	5151	84.765037614629	655	4447.7265077139
GLOBAL	IV	14090001	14100000	0.015796576130347	4359	68.857275352181	524	3628.4697609001
GLOBAL	IV	14100001	14110000	0.013603746701298	4401	59.870089232413	452	3471.6858345021
GLOBAL	IV	14110001	14120000	0.015831686154794	5221	82.657233414181	638	4571.1640953717
GLOBAL	IV	14120001	14130000	0.018569084269335	4491	83.393757453582	643	4091.3590462833
GLOBAL	IV	14130001	14140000	0.014370296605917	5612	80.646104552408	629	5413.5217391304
GLOBAL	IV	14140001	14150000	0.016245165160282	5699	92.581196248449	724	5609.4698457223
GLOBAL	IV	14150001	14160000	0.01736326510364	5130	89.073549981676	690	4797.3281907433
GLOBAL	IV	14160001	14170000	0.016402858766961	6119	100.36909279503	783	5964.5904628331
GLOBAL	IV	14170001	14180000	0.01469991439953	1976	29.047030853472	222	1304.4198250729
GLOBAL	IV	14180001	14190000	0.01871307583124	6044	113.10183032402	877	5511.237026648
GLOBAL	IV	14190001	14200000	0.017137384036395	5537	94.889695409518	738	5265.4115168539
GLOBAL	IV	14200001	14210000	0.018540265154934	4874	90.365252365148	692	4351.8920056101
GLOBAL	IV	14210001	14220000	0.016961182246304	5900	100.07097525319	780	5610.0883590463
GLOBAL	IV	14220001	14230000	0.014923858906313	5768	86.080818171612	671	5594.1767180926
GLOBAL	IV	14230001	14240000	0.018902351411981	4697	88.784344582075	691	4515.3744740533
GLOBAL	IV	14240001	14250000	0.011099409680902	4300	47.727461627879	363	2930.5848527349
GLOBAL	IV	14250001	14260000	0.013527874564998	5154	69.722665508	537	4288.4025245442
GLOBAL	IV	14260001	14270000	0.020159857513266	5069	102.19031773474	796	4856.412342216
GLOBAL	IV	14270001	14280000	0.017977756165248	5181	93.14275469215	727	5071.7514044944
GLOBAL	IV	14280001	14290000	0.016010152861954	5104	81.715820207413	637	4960.4151472651
GLOBAL	IV	14290001	14300000	0.016803073582993	5662	95.139002626909	739	5299.3057503506
GLOBAL	IV	14300001	14310000	0.016985204769259	5174	87.881449476144	681	4830.3043478261
GLOBAL	IV	14310001	14320000	0.015664308061417	5438	85.182507237984	659	4930.5694249649
GLOBAL	IV	14320001	14330000	0.016760301328708	6482	108.64027321268	847	6300.7124824684
GLOBAL	IV	14330001	14340000	0.013966282304239	6467	90.319947661517	707	6405.9635343619
GLOBAL	IV	14340001	14350000	0.014854768325747	6449	95.798400932742	749	6364.5582047686
GLOBAL	IV	14350001	14360000	0.017103539254379	4983	85.226936104569	661	4725.4880785414
GLOBAL	IV	14360001	14370000	0.015082172327407	5301	79.950595507582	621	4972.4039270687
GLOBAL	IV	14370001	14380000	0.017044041006517	4648	79.220702598291	601	3867.9710564399
GLOBAL	IV	14380001	14390000	0.017758849533493	4514	80.16344679419	623	4104.2496493689
GLOBAL	IV	14390001	14400000	0.0162053232806	3897	63.152144824498	489	3433.3281907433
GLOBAL	IV	14400001	14410000	0.017573113149713	4940	86.811178959581	676	4739.1292134831
GLOBAL	IV	14410001	14420000	0.016214037661987	5333	86.469462851375	662	4544.0533707865
GLOBAL	IV	14420001	14430000	0.019325122168767	5962	115.21637837019	899	5825.1697054698
GLOBAL	IV	14430001	14440000	0.018665994880053	4694	87.618179966967	680	4449.9607293128
GLOBAL	IV	14440001	14450000	0.020073070455019	6108	122.60631433926	958	5993.6465638149
GLOBAL	IV	14450001	14460000	0.018902955764725	4709	89.014018696089	691	4352.0939691445
GLOBAL	IV	14460001	14470000	0.019829661468628	4883	96.828236951312	753	4021.8581460674
GLOBAL	IV	14470001	14480000	0.016962270644642	5434	92.172978682984	717	5218.3758765778
GLOBAL	IV	14480001	14490000	0.016577466554307	4980	82.55578344045	644	4853.2720897616
GLOBAL	IV	14490001	14500000	0.0139285801241	6421	89.435412976847	696	6259.0014025245
GLOBAL	IV	14500001	14510000	0.015488331858714	4655	72.098184802313	562	4509.8162692847
GLOBAL	IV	14510001	14520000	0.019997623056445	3773	75.451031791966	587	3406.6591865358
GLOBAL	IV	14520001	14530000	0.016293430049204	5466	89.059888648947	694	4937.255259467
GLOBAL	IV	14530001	14540000	0.016764920650249	5016	84.092841981648	648	4225.793828892
GLOBAL	IV	14540001	14550000	0.016854769949625	4509	75.998157702857	586	3941.0434782609
GLOBAL	IV	14550001	14560000	0.015798928934165	4720	74.570944569258	577	4357.4726507714
GLOBAL	IV	14560001	14570000	0.012985299472051	3874	50.305050154726	382	2771.8202247191
GLOBAL	IV	14570001	14580000	0.016767239949253	3967	66.515640878688	506	3189.6297335203
GLOBAL	IV	14580001	14590000	0.014079550883609	5296	74.565301479593	571	4221.3688639551
GLOBAL	IV	14590001	14600000	0.01508235166612	7205	108.6683437544	850	7115.6942496494
GLOBAL	IV	14600001	14610000	0.018561139229827	5551	103.03288386477	804	5422.2776998597
GLOBAL	IV	14610001	14620000	0.019164203609035	5974	114.48695236038	893	5831.4978962132
GLOBAL	IV	14620001	14630000	0.019265558068953	6744	129.92692361702	1016	6644.7180925666
GLOBAL	IV	14630001	14640000	0.017096676586015	4022	68.762833228954	533	3708.3267882188
GLOBAL	IV	14640001	14650000	0.019556120757789	5015	98.073945600312	765	4869.1518987342
GLOBAL	IV	14650001	14660000	0.018424187953921	5485	101.05667092726	785	5314.3955119215
GLOBAL	IV	14660001	14670000	0.015771595938358	5453	86.002512651865	670	5138.0855539972
GLOBAL	IV	14670001	14680000	0.02051128239419	4243	87.029371198547	679	4127.2036516854
GLOBAL	IV	14680001	14690000	0.014995634517723	4655	69.804678680002	536	3758.6788218794
GLOBAL	IV	14690001	14700000	0.01960131105126	5204	102.00522271076	796	5063.7279102384
GLOBAL	IV	14700001	14710000	0.019050609529369	4546	86.604070920512	676	4248.8415147265
GLOBAL	IV	14710001	14720000	0.017473014205728	3580	62.553390856505	480	3383.2454417952
GLOBAL	IV	14720001	14730000	0.019832757041926	4836	95.911213054754	747	4466.7643758766
GLOBAL	IV	14730001	14740000	0.021223230798589	5069	107.58055691805	839	4931.8429172511
GLOBAL	IV	14740001	14750000	0.016786629096137	5274	88.532681853024	692	5197.9971949509
GLOBAL	IV	14750001	14760000	0.015484933488722	3314	51.317069581626	399	2715.8906030856
GLOBAL	IV	14760001	14770000	0.00075153510837364	401	0.30136557845783	1	157.93333333333
GLOBAL	IV	14770001	14780000	0.010976487994002	5356	58.790069695874	453	4486.1528751753
GLOBAL	IV	14780001	14790000	0.016095988156455	6305	101.48520532645	794	6246.1542776999
GLOBAL	IV	14790001	14800000	0.013324642367318	6739	89.794764913355	700	6607.5273492286
GLOBAL	IV	14800001	14810000	0.013730730559482	6412	88.041444347397	685	5911.6774193548
GLOBAL	IV	14810001	14820000	0.017873248916488	5721	102.25285705123	796	5512.5413744741
GLOBAL	IV	14820001	14830000	0.018528850684971	6196	114.80475884408	897	6107.049088359
GLOBAL	IV	14830001	14840000	0.016125656747748	6836	110.2349895276	862	6755.9607293128
GLOBAL	IV	14840001	14850000	0.015292093161753	6534	99.918536718893	782	6474.5834502104
GLOBAL	IV	14850001	14860000	0.015309744944434	6947	106.35679812898	832	6862.2678821879
GLOBAL	IV	14860001	14870000	0.017114785101824	6926	118.53700161523	927	6810.8204768583
GLOBAL	IV	14870001	14880000	0.016653855877223	6696	111.51421895389	872	6600.2258064516
GLOBAL	IV	14880001	14890000	0.016857513602794	6067	102.27453502815	796	5845.3562412342
GLOBAL	IV	14890001	14900000	0.018030025950073	5881	106.03458261238	829	5786.4193548387
GLOBAL	IV	14900001	14910000	0.016466851328354	6198	102.06154453314	797	6098.538569425
GLOBAL	IV	14910001	14920000	0.017121323077605	5717	97.882604034667	758	5024.4586255259
GLOBAL	IV	14920001	14930000	0.016529064521267	5985	98.926451159785	773	5890.7307152875
GLOBAL	IV	14930001	14940000	0.017396013042085	5148	89.554675140655	696	4642.4810659187
GLOBAL	IV	14940001	14950000	0.020120337983334	6006	120.8427499279	943	5850.0434782609
GLOBAL	IV	14950001	14960000	0.020821211869631	4798	99.900174550489	779	4629.9088359046
GLOBAL	IV	14960001	14970000	0.018454113370102	4206	77.618000834648	590	3345.9071729958
GLOBAL	IV	14970001	14980000	0.023278051179612	3773	87.828087100675	678	3424.5744382022
GLOBAL	IV	14980001	14990000	0.02254294110779	4293	96.776846175741	750	4033.3544303797
GLOBAL	IV	14990001	15000000	0.018731140487274	3247	60.820013162178	469	2542.9901269394
GLOBAL	IV	15000001	15010000	0.02474304541868	5399	133.58770221545	1041	5211.5140449438
GLOBAL	IV	15010001	15020000	0.021949008486178	4754	104.34558634329	815	4646.5399719495
GLOBAL	IV	15020001	15030000	0.021071429061672	5193	109.42393111726	850	4813.0434782609
GLOBAL	IV	15030001	15040000	0.024957811621113	4484	111.91082730907	870	4308.2833099579
GLOBAL	IV	15040001	15050000	0.022856114604869	4900	111.99496156386	874	4779.0364656381
GLOBAL	IV	15050001	15060000	0.021749877011548	5241	113.99110541752	890	5145.824684432
GLOBAL	IV	15060001	15070000	0.018402486492315	5265	96.889091382038	757	5176.7868162693
GLOBAL	IV	15070001	15080000	0.01865645221871	5242	97.79712253048	764	5146.2300140252
GLOBAL	IV	15080001	15090000	0.019197959004892	4457	85.565303284802	668	4353.683029453
GLOBAL	IV	15090001	15100000	0.017150809282091	4355	74.691774423505	582	4153.5708274895
GLOBAL	IV	15100001	15110000	0.018206970844953	5596	101.88620884835	794	5476.9298737728
GLOBAL	IV	15110001	15120000	0.018440463145071	5395	99.486298667656	775	5237.1570827489
GLOBAL	IV	15120001	15130000	0.015706801719368	5621	88.287932464568	689	5339.7812061711
GLOBAL	IV	15130001	15140000	0.017319727816188	6066	105.06146893299	820	5949.5413744741
GLOBAL	IV	15140001	15150000	0.01097718457249	3771	41.394963022861	316	2491.9733520337
GLOBAL	IV	15150001	15160000	0.0045303706121997	1700	7.7016300407395	44	238.1328358209
GLOBAL	IV	15160001	15170000	0.019647740006454	6093	119.71367985932	922	5475.3520336606
GLOBAL	IV	15170001	15180000	0.015262877627525	6877	104.96280944449	821	6805.5455820477
GLOBAL	IV	15180001	15190000	0.015410097953107	6061	93.400603693784	731	5988.5750350631
GLOBAL	IV	15190001	15200000	0.018531390511747	5151	95.455192526007	743	4926.9340813464
GLOBAL	IV	15200001	15210000	0.016722868740795	6055	101.25697022551	792	5986.1921458626
GLOBAL	IV	15210001	15220000	0.015556089618279	4924	76.598185280408	590	4430.2482468443
GLOBAL	IV	15220001	15230000	0.015018678299621	6593	99.018146029401	773	6486.7910238429
GLOBAL	IV	15230001	15240000	0.012111064624555	6534	79.13369625684	619	6399.2244039271
GLOBAL	IV	15240001	15250000	0.012251179322471	7365	90.229935709995	706	7300.443197756
GLOBAL	IV	15250001	15260000	0.014764598507263	6223	91.880096510698	718	6086.4992987377
GLOBAL	IV	15260001	15270000	0.012913732809774	5949	76.823796485346	601	5870.3450210379
GLOBAL	IV	15270001	15280000	0.014724962316771	6387	94.048334317214	736	6319.9831697055
GLOBAL	IV	15280001	15290000	0.018170454442546	5462	99.247022165188	776	5380.1514726508
GLOBAL	IV	15290001	15300000	0.017165865682647	5108	87.683241906963	685	4920.6171107994
GLOBAL	IV	15300001	15310000	0.017128419264842	6567	112.48232931222	878	6354.8218793829
GLOBAL	IV	15310001	15320000	0.016264963706311	6735	109.544530562	855	6584.8499298738
GLOBAL	IV	15320001	15330000	0.018433870204089	6356	117.16567901719	915	6227.5708274895
GLOBAL	IV	15330001	15340000	0.017314689013564	5542	95.958006513171	747	5219.8022440393
GLOBAL	IV	15340001	15350000	0.015822830765306	5638	89.209119854795	695	5134.6311360449
GLOBAL	IV	15350001	15360000	0.017206254083057	5664	97.456223126437	763	5614.7657784011
GLOBAL	IV	15360001	15370000	0.018459688078163	5791	106.90005366064	832	5607.7643758766
GLOBAL	IV	15370001	15380000	0.017128865357283	5631	96.452640826863	753	5512.8765778401
GLOBAL	IV	15380001	15390000	0.01646904736208	4991	82.197015384141	642	4893.3576437588
GLOBAL	IV	15390001	15400000	0.014585846133392	5367	78.282236197917	607	4938.7054698457
GLOBAL	IV	15400001	15410000	0.015714010693855	5676	89.192724698323	696	5534.6409537167
GLOBAL	IV	15410001	15420000	0.013092511595691	4653	60.919456454751	470	3550.6549789621
GLOBAL	IV	15420001	15430000	0.01803466072117	5832	105.17814132586	820	5693.5133239832
GLOBAL	IV	15430001	15440000	0.014061564152003	5171	72.712348230009	567	5023.2622720898
GLOBAL	IV	15440001	15450000	0.013146395517226	5137	67.533033771992	525	4276.049088359
GLOBAL	IV	15450001	15460000	0.015289573248081	6378	97.516898176264	761	5672.5175315568
GLOBAL	IV	15460001	15470000	0.017502095207895	6049	105.87017391255	825	5928.507713885
GLOBAL	IV	15470001	15480000	0.016101147119692	6017	96.880602219188	754	5755.141654979
GLOBAL	IV	15480001	15490000	0.0186776049973	5310	99.178082535663	771	5095.316970547
GLOBAL	IV	15490001	15500000	0.01703326521589	5366	91.400501148463	707	5066.3029453015
GLOBAL	IV	15500001	15510000	0.018663326748251	5883	109.79635125996	856	5764.6143057504
GLOBAL	IV	15510001	15520000	0.01795073267192	5597	100.47025076474	783	5415.175315568
GLOBAL	IV	15520001	15530000	0.016174488366667	5873	94.992770177433	742	5763.9662921348
GLOBAL	IV	15530001	15540000	0.014223299428678	5753	81.826641613186	630	5015.7194950912
GLOBAL	IV	15540001	15550000	0.01501062432365	6186	92.855722066101	723	6030.5245441795
GLOBAL	IV	15550001	15560000	0.02079568552022	4370	90.877145723363	708	4192.2345505618
GLOBAL	IV	15560001	15570000	0.015824970238081	5234	82.827894226117	646	5105.2734922861
GLOBAL	IV	15570001	15580000	0.017709370651472	5899	104.46757747303	816	5783.3352033661
GLOBAL	IV	15580001	15590000	0.014556684017422	6781	98.708874322141	772	6691.6577840112
GLOBAL	IV	15590001	15600000	0.020311160220559	6226	126.4572835332	986	6088.5287517532
GLOBAL	IV	15600001	15610000	0.017186989356216	6125	105.27030980682	823	6030.556802244
GLOBAL	IV	15610001	15620000	0.019414689541666	6113	118.6819971682	926	5998.126227209
GLOBAL	IV	15620001	15630000	0.01757020265697	5676	99.728470280963	776	5386.2103786816
GLOBAL	IV	15630001	15640000	0.016390834056899	5361	87.871261379038	679	4893.9817671809
GLOBAL	IV	15640001	15650000	0.020926424628959	3559	74.477145254466	573	3155.4502103787
GLOBAL	IV	15650001	15660000	0.019870901959942	4264	84.729525957195	655	3999.5287517532
GLOBAL	IV	15660001	15670000	0.014572977456223	4102	59.778353525425	458	3256.9326788219
GLOBAL	IV	15670001	15680000	0.016638756599531	6000	99.832539597185	774	5686.8485273492
GLOBAL	IV	15680001	15690000	0.015586882580006	5797	90.357158316294	698	5457.2580645161
GLOBAL	IV	15690001	15700000	0.018088984162797	5360	96.956955112592	750	4893.3099579243
GLOBAL	IV	15700001	15710000	0.013659687226242	7987	109.099921876	854	7923.1079943899
GLOBAL	IV	15710001	15720000	0.014768795163502	7394	109.20047143894	854	7300.0434782609
GLOBAL	IV	15720001	15730000	0.012127938124448	6902	83.707028934942	655	6822.4011220196
GLOBAL	IV	15730001	15740000	0.016682069304005	7547	125.89957703733	986	7492.8555399719
GLOBAL	IV	15740001	15750000	0.016341094926437	5737	93.748861592971	733	5640.7349228612
GLOBAL	IV	15750001	15760000	0.014755630488333	6404	94.495057647283	738	6305.4586255259
GLOBAL	IV	15760001	15770000	0.017807499196528	6535	116.37200724931	910	6438.2412342216
GLOBAL	IV	15770001	15780000	0.014550322621166	6917	100.6445815706	787	6837.9130434783
GLOBAL	IV	15780001	15790000	0.014602403654253	6419	93.73282905665	733	6327.6016830295
GLOBAL	IV	15790001	15800000	0.014095165402522	6390	90.068106922118	703	6300.3702664797
GLOBAL	IV	15800001	15810000	0.012555037409707	6475	81.29386722785	635	6350.5694249649
GLOBAL	IV	15810001	15820000	0.013874776786175	7020	97.400933038946	762	6935.7812061711
GLOBAL	IV	15820001	15830000	0.016097356986714	6099	98.177780261971	766	5984.2720897616
GLOBAL	IV	15830001	15840000	0.012463577040718	6150	76.650998800418	599	6053.0785413745
GLOBAL	IV	15840001	15850000	0.011296463170008	7096	80.159702654374	627	7014.9649368864
GLOBAL	IV	15850001	15860000	0.014116029451674	6212	87.688774953798	684	6044.5610098177
GLOBAL	IV	15860001	15870000	0.010922143407596	6132	66.974583375377	523	5884.6143057504
GLOBAL	IV	15870001	15880000	0.0091671226440336	6557	60.108823176929	470	6471.4726507714
GLOBAL	IV	15880001	15890000	0.011230342033132	5376	60.374318770119	471	5020.1570827489
GLOBAL	IV	15890001	15900000	0.012921875912616	6956	89.884568848154	703	6857.6143057503
GLOBAL	IV	15900001	15910000	0.013701832903576	7008	96.02244498826	750	6849.3099579243
GLOBAL	IV	15910001	15920000	0.012996073380226	7012	91.128466542146	713	6940.0659186536
GLOBAL	IV	15920001	15930000	0.009592357600253	6799	65.21843932412	510	6610.5666199158
GLOBAL	IV	15930001	15940000	0.014308871663056	7433	106.35784307149	831	7311.7868162693
GLOBAL	IV	15940001	15950000	0.012107649685097	6571	79.559366080772	622	6454.4740532959
GLOBAL	IV	15950001	15960000	0.0093574704601134	7379	69.048774525177	540	7307.3029453015
GLOBAL	IV	15960001	15970000	0.0079302431206392	6451	51.157998371243	396	5579.9144460028
GLOBAL	IV	15970001	15980000	0.01018164487489	6752	68.746466195256	538	6688.9817671809
GLOBAL	IV	15980001	15990000	0.01431973749916	6729	96.357513631845	753	6620.4417952314
GLOBAL	IV	15990001	16000000	0.011102923973418	6542	72.635328634099	568	6451.6704067321
GLOBAL	IV	16000001	16010000	0.0094957350151464	6315	59.96556662065	468	6171.603085554
GLOBAL	IV	16010001	16020000	0.0087747039950334	7251	63.625378667987	498	7192.4656381487
GLOBAL	IV	16020001	16030000	0.013689087033764	6612	90.512243467248	707	6500.4403927069
GLOBAL	IV	16030001	16040000	0.014617615367129	6475	94.649059502158	740	6380.3211781206
GLOBAL	IV	16040001	16050000	0.013079459365032	6064	79.313841589552	619	5941.1921458626
GLOBAL	IV	16050001	16060000	0.011819675955259	7528	88.978520591193	695	7387.5063113605
GLOBAL	IV	16060001	16070000	0.012901588472125	2302	29.699456662832	216	1869.5836849508
GLOBAL	IV	16070001	16080000	0.002425734512234	517	1.254104742825	4	120.89010989011
GLOBAL	IV	16080001	16090000	0.011408143513113	1925	21.960676262743	165	1137.9929278642
GLOBAL	IV	16090001	16100000	0.024755847803277	4180	103.4794438177	788	3500.2470760234
GLOBAL	IV	16100001	16110000	0.015775349732584	6169	97.31813250031	758	5932.4572230014
GLOBAL	IV	16110001	16120000	0.014428297251487	5731	82.688571548274	645	5571.4081346424
GLOBAL	IV	16120001	16130000	0.014718580869529	6285	92.506280764992	720	6046.935483871
GLOBAL	IV	16130001	16140000	0.014538367378434	6407	93.147319793627	727	6234.8723702665
GLOBAL	IV	16140001	16150000	0.012449653620339	7469	92.986462890315	727	7374.9270687237
GLOBAL	IV	16150001	16160000	0.010027563788536	6722	67.405283786537	526	6553.538569425
GLOBAL	IV	16160001	16170000	0.0070366640913848	8820	62.063377286014	486	8769.0701262272
GLOBAL	IV	16170001	16180000	0.0092889654230204	7241	67.261398628091	526	7151.4936886396
GLOBAL	IV	16180001	16190000	0.011023557932287	7302	80.494020021563	630	7242.0589060309
GLOBAL	IV	16190001	16200000	0.0092701819412507	6379	59.134490603238	462	6298.1528751753
GLOBAL	IV	16200001	16210000	0.013077399538641	5726	74.881189758257	585	5641.8920056101
GLOBAL	IV	16210001	16220000	0.015274052701275	6049	92.392744790012	721	5929.3492286115
GLOBAL	IV	16220001	16230000	0.013354134861854	6897	92.103468142204	719	6779.5806451613
GLOBAL	IV	16230001	16240000	0.012197053821422	7297	89.001901734918	696	7208.7699859748
GLOBAL	IV	16240001	16250000	0.01346308189507	7367	99.182524320984	776	7294.2468443198
GLOBAL	IV	16250001	16260000	0.014287714389079	6037	86.254931766868	674	5943.2496493689
GLOBAL	IV	16260001	16270000	0.012151434209744	6826	82.945689915713	649	6746.4347826087
GLOBAL	IV	16270001	16280000	0.010259478532932	6892	70.708326048969	553	6818.7741935484
GLOBAL	IV	16280001	16290000	0.013241335354695	6602	87.419296011694	684	6522.2987377279
GLOBAL	IV	16290001	16300000	0.011431213614873	7241	82.773417785294	648	7163.9102384292
GLOBAL	IV	16300001	16310000	0.012152931746759	7526	91.46296432611	715	7389.6227208976
GLOBAL	IV	16310001	16320000	0.011030951480309	7467	82.368114703464	645	7424.9789621318
GLOBAL	IV	16320001	16330000	0.012117827071205	7510	91.004881304749	712	7444.8288920056
GLOBAL	IV	16330001	16340000	0.013579563830193	7428	100.86900013068	790	7381.0757363254
GLOBAL	IV	16340001	16350000	0.018487732693152	6637	122.70308188445	958	6471.3408134642
GLOBAL	IV	16350001	16360000	0.02379016442588	4367	103.89164804782	803	4041.1587078652
GLOBAL	IV	16360001	16370000	0.015356826814621	5709	87.672124284671	685	5601.8274894811
GLOBAL	IV	16370001	16380000	0.013104041035336	5627	73.736438905834	576	5403.2159887798
GLOBAL	IV	16380001	16390000	0.012476510836834	6795	84.777891136285	662	6679.4992987377
GLOBAL	IV	16390001	16400000	0.012644749752161	7315	92.49634443706	722	7206.1009817672
GLOBAL	IV	16400001	16410000	0.011738776811664	7508	88.134736301975	690	7455.8639551192
GLOBAL	IV	16410001	16420000	0.014668541695053	6757	99.115336233475	775	6665.4824684432
GLOBAL	IV	16420001	16430000	0.01408185346699	7415	104.41694345773	817	7338.8765778401
GLOBAL	IV	16430001	16440000	0.012659620355109	7568	95.808006847465	750	7515.3604488079
GLOBAL	IV	16440001	16450000	0.01222953227164	7136	87.269942290422	683	7053.2328190743
GLOBAL	IV	16450001	16460000	0.013467468706804	7275	97.975834841998	766	7179.8078541374
GLOBAL	IV	16460001	16470000	0.011581044410822	5925	68.617688134119	532	4952.7980364656
GLOBAL	IV	16470001	16480000	0.011972019394299	7159	85.707686843786	662	6057.5988779804
GLOBAL	IV	16480001	16490000	0.017659443835487	5144	90.840179089743	701	4640.1360448808
GLOBAL	IV	16490001	16500000	0.011088534794246	7686	85.226478428572	666	7581.1220196353
GLOBAL	IV	16500001	16510000	0.013776847353164	7255	99.951027547201	781	7160.3520336606
GLOBAL	IV	16510001	16520000	0.013816817099501	7346	101.49833841294	794	7254.633941094
GLOBAL	IV	16520001	16530000	0.013489767440891	7507	101.26768417877	791	7349.3043478261
GLOBAL	IV	16530001	16540000	0.012497892068548	7929	99.095786211518	776	7884.2889200561
GLOBAL	IV	16540001	16550000	0.014920488589257	5745	85.71820694528	662	5402.2819074334
GLOBAL	IV	16550001	16560000	0.013993081366231	6525	91.304855914659	712	6384.2398316971
GLOBAL	IV	16560001	16570000	0.012113408694622	7524	91.141287018336	713	7447.492286115
GLOBAL	IV	16570001	16580000	0.0145004990729	6180	89.613084270524	699	6079.049088359
GLOBAL	IV	16580001	16590000	0.0085247580095679	7133	60.807098882248	475	6986.9565217391
GLOBAL	IV	16590001	16600000	0.010921755386584	7313	79.870797142091	625	7248.6563814867
GLOBAL	IV	16600001	16610000	0.01094353087094	7801	85.370484324201	664	7478.0827489481
GLOBAL	IV	16610001	16620000	0.01081470676928	6850	74.080741369571	579	6778.8821879383
GLOBAL	IV	16620001	16630000	0.010262514299704	8079	82.91085302731	649	8017.1164095372
GLOBAL	IV	16630001	16640000	0.0087459840493651	7395	64.676552045055	504	7068.4151472651
GLOBAL	IV	16640001	16650000	0.010269424808206	7346	75.439194641082	590	7238.5652173913
GLOBAL	IV	16650001	16660000	0.011823086834056	7100	83.943916521795	655	6938.0561009818
GLOBAL	IV	16660001	16670000	0.011321124532062	7555	85.531095839726	669	7460.1234221599
GLOBAL	IV	16670001	16680000	0.0099908684801519	7308	73.01326685295	570	7184.6942496494
GLOBAL	IV	16680001	16690000	0.011243006830391	7052	79.285684167917	620	6898.873772791
GLOBAL	IV	16690001	16700000	0.012250565807673	6678	81.80927846364	640	6614.5371669004
GLOBAL	IV	16700001	16710000	0.008751966450178	7544	66.024834900143	517	7499.6409537167
GLOBAL	IV	16710001	16720000	0.0067041889923226	8742	58.608020170884	459	8701.6928471248
GLOBAL	IV	16720001	16730000	0.0092510789699616	7583	70.150931829219	549	7513.6269284712
GLOBAL	IV	16730001	16740000	0.0079029316069591	8745	69.111136902857	541	8685.2173913043
GLOBAL	IV	16740001	16750000	0.010437764862699	7593	79.253948602477	620	7458.0266479663
GLOBAL	IV	16750001	16760000	0.0087090800483545	7642	66.554789729525	521	7541.9186535764
GLOBAL	IV	16760001	16770000	0.0092496475599618	7757	71.749516122623	561	7656.0378681627
GLOBAL	IV	16770001	16780000	0.0099953696300232	8493	84.890674267787	665	8452.1346423562
GLOBAL	IV	16780001	16790000	0.0086653680666004	3887	33.682285674876	261	3405.2945301543
GLOBAL	IV	16790001	16800000	0.0038883787404518	4701	18.279268458864	139	2799.8255319149
GLOBAL	IV	16800001	16810000	0.0052461383984996	8882	46.596201255473	365	8838.1570827489
GLOBAL	IV	16810001	16820000	0.010076328511799	8340	84.036579788406	657	8243.6129032258
GLOBAL	IV	16820001	16830000	0.0090754087495851	8694	78.901603668892	618	8654.2244039271
GLOBAL	IV	16830001	16840000	0.0088182500053552	8327	73.429567794593	575	8279.3913043478
GLOBAL	IV	16840001	16850000	0.010390058162728	8111	84.273761757889	660	8055.6002805049
GLOBAL	IV	16850001	16860000	0.010740243303501	6508	69.897503419187	544	6193.7612359551
GLOBAL	IV	16860001	16870000	0.0086286353393675	8172	70.513207993311	551	8039.553997195
GLOBAL	IV	16870001	16880000	0.0086395064722493	8717	75.310577918597	590	8685.7573632539
GLOBAL	IV	16880001	16890000	0.0093912001898209	8384	78.735822391459	617	8362.9957924264
GLOBAL	IV	16890001	16900000	0.0060392789880373	9362	56.539729886005	443	9335.5820476858
GLOBAL	IV	16900001	16910000	0.007435510937715	8823	65.60351300346	514	8803.1767180926
GLOBAL	IV	16910001	16920000	0.0069197279047382	8520	58.956081748369	462	8496.2538569425
GLOBAL	IV	16920001	16930000	0.007547525589082	8541	64.463416056349	505	8500.5666199158
GLOBAL	IV	16930001	16940000	0.0080920303405327	8964	72.536959972535	568	8922.2538569425
GLOBAL	IV	16940001	16950000	0.0068797095039922	9180	63.155733246648	495	9163.8793828892
GLOBAL	IV	16950001	16960000	0.0086180057948551	8766	75.5454387977	592	8740.6058906031
GLOBAL	IV	16960001	16970000	0.0074775896661027	9026	67.492724326243	529	9012.2805049088
GLOBAL	IV	16970001	16980000	0.0067958558177591	9096	61.815104518337	482	8378.4025245442
GLOBAL	IV	16980001	16990000	0.0070768558437089	9177	64.944306077717	509	9160.1458625526
GLOBAL	IV	16990001	17000000	0.0061097493636485	9043	55.250463495473	433	9027.0939691445
GLOBAL	IV	17000001	17010000	0.0075800968694503	8316	63.036085566348	494	8295.9467040673
GLOBAL	IV	17010001	17020000	0.0073650496590174	9123	67.191348039215	526	9070.9859747546
GLOBAL	IV	17020001	17030000	0.0078481778394814	8418	66.065961052755	516	8089.4992987377
GLOBAL	IV	17030001	17040000	0.0067666023689759	8997	60.879121513677	477	8968.2496493689
GLOBAL	IV	17040001	17050000	0.0081464639170604	8884	72.373185439164	567	8851.5610098177
GLOBAL	IV	17050001	17060000	0.0080362893888696	9193	73.877608351878	579	9178.4628330996
GLOBAL	IV	17060001	17070000	0.0070045866024146	9130	63.951875680045	501	9090.1570827489
GLOBAL	IV	17070001	17080000	0.0069292638458624	5778	40.037286501393	311	5329.2633802817
GLOBAL	V	1	10000	0.006211974978656	419	2.6028175160569	20	262.18379160637
GLOBAL	V	10001	20000	NA	0	NA	0	NA
GLOBAL	V	20001	30000	0.0025832577960658	389	1.0048872826696	6	143.97202797203
GLOBAL	V	30001	40000	0.005255472351128	557	2.9272980995783	22	212.20447761194
GLOBAL	V	40001	50000	0.0028929968503114	320	0.92575899209964	7	83.446587537092
GLOBAL	V	50001	60000	NA	0	NA	0	NA
GLOBAL	V	60001	70000	0.0074586780605606	1752	13.067603962102	99	1216.2305516266
GLOBAL	V	70001	80000	0.0097433218131284	5306	51.698065540459	400	4671.4985955056
GLOBAL	V	80001	90000	0.0091011279501014	6815	62.024186979941	485	6698.5175315568
GLOBAL	V	90001	100000	0.0072485390533637	8720	63.207260545332	495	8669.0967741935
GLOBAL	V	100001	110000	0.0086479125105608	8038	69.511920759887	544	7982.0476858345
GLOBAL	V	110001	120000	0.008372152691933	8344	69.857242061489	547	8283.9971949509
GLOBAL	V	120001	130000	0.0068268683110635	8956	61.141432593885	479	8918.1809256662
GLOBAL	V	130001	140000	0.0078752826793562	8105	63.829166116182	500	8072.6241234222
GLOBAL	V	140001	150000	0.0079062883312558	9167	72.476945132622	568	9145.2973352034
GLOBAL	V	150001	160000	0.0076849338280441	8325	63.977074118467	501	8254.3197755961
GLOBAL	V	160001	170000	0.0074505060136178	9077	67.628243085609	530	9057.286115007
GLOBAL	V	170001	180000	0.008001573442061	8550	68.413452929621	535	7998.2272089762
GLOBAL	V	180001	190000	0.0076994070023741	8057	62.034122218128	486	8017.7026647966
GLOBAL	V	190001	200000	0.0074666042778603	9023	67.371170399134	528	9007.237026648
GLOBAL	V	200001	210000	0.0078332141860579	9270	72.613895504757	569	9247.2244039271
GLOBAL	V	210001	220000	0.0071154766783421	9415	66.992212926591	525	9398.7166900421
GLOBAL	V	220001	230000	0.0064736165357808	8872	57.433925905448	450	8843.5371669004
GLOBAL	V	230001	240000	0.008059664869922	9345	75.317568209421	590	9301.6269284712
GLOBAL	V	240001	250000	0.010135173394692	8464	85.784107612669	672	8421.8190743338
GLOBAL	V	250001	260000	0.01017015891193	7678	78.0864801258	611	7594.2412342216
GLOBAL	V	260001	270000	0.0086508537199574	8503	73.558209180798	576	8435.6367461431
GLOBAL	V	270001	280000	0.0085986934221986	8553	73.544624840065	576	8501.9158485274
GLOBAL	V	280001	290000	0.0071335662118407	9033	64.437503591557	505	9014.7910238429
GLOBAL	V	290001	300000	0.0066518755983021	9169	60.991047360832	478	9148.7335203366
GLOBAL	V	300001	310000	0.007586355397027	8898	67.503390322746	529	8876.9705469846
GLOBAL	V	310001	320000	0.0068645886661982	9131	62.680559111055	491	9103.7826086957
GLOBAL	V	320001	330000	0.010464470845475	7748	81.078720110741	632	7510.8064516129
GLOBAL	V	330001	340000	0.0087597801271829	8568	75.053796129703	587	8456.2931276297
GLOBAL	V	340001	350000	0.0088153987171671	8617	75.962290745829	592	8353.0928270042
GLOBAL	V	350001	360000	0.010071672089636	8255	83.141653099945	651	8197.6269284712
GLOBAL	V	360001	370000	0.010617952357921	7984	84.773731625641	664	7951.3548387097
GLOBAL	V	370001	380000	0.010984176817306	7688	84.446351371446	657	7348.6227208976
GLOBAL	V	380001	390000	0.0097276009695917	7268	70.700203846992	553	6817.8765778401
GLOBAL	V	390001	400000	0.007241825986535	7809	56.551419128851	441	7388.7349228612
GLOBAL	V	400001	410000	0.0089429237487193	9066	81.076546705889	635	9023.0785413745
GLOBAL	V	410001	420000	0.0082219261483007	8717	71.670530234737	561	8636.4361851332
GLOBAL	V	420001	430000	0.010399876063693	8213	85.414182111109	669	8171.206171108
GLOBAL	V	430001	440000	0.010190154687684	8207	83.630599521824	655	8172.2622720898
GLOBAL	V	440001	450000	0.0096617557503616	8867	85.670788238456	671	8814.8359046283
GLOBAL	V	450001	460000	0.0083369623336567	7321	61.034901244701	478	7269.0631136045
GLOBAL	V	460001	470000	0.010048216692403	8348	83.882512948181	657	8310.5918653576
GLOBAL	V	470001	480000	0.011491948600814	8565	98.428539765971	771	8517.762973352
GLOBAL	V	480001	490000	0.0099242785453227	8579	85.140385640323	667	8545.95371669
GLOBAL	V	490001	500000	0.0079714787514073	8156	65.015380696478	509	8113.7419354839
GLOBAL	V	500001	510000	0.0098758723901812	8146	80.448856490416	628	7815.3632538569
GLOBAL	V	510001	520000	0.0093825627377702	7360	69.055661749989	540	7290.1570827489
GLOBAL	V	520001	530000	0.0089573506307032	8677	77.722931422612	609	8649.0294530154
GLOBAL	V	530001	540000	0.010425267931968	6585	68.650389332007	534	6447.4516129032
GLOBAL	V	540001	550000	0.0090054110194219	6640	59.795929168962	456	5346.9004207574
GLOBAL	V	550001	560000	0.0097944691830515	7804	76.436037504534	598	7720.3155680224
GLOBAL	V	560001	570000	0.0097038546068754	7465	72.439274640325	567	7415.1963534362
GLOBAL	V	570001	580000	0.0096462478604916	7941	76.600854260164	600	7898.1654978962
GLOBAL	V	580001	590000	0.0092176255468473	8338	76.856561809613	602	8290.2650771389
GLOBAL	V	590001	600000	0.010068403018004	8396	84.534311739162	662	8345.3309957924
GLOBAL	V	600001	610000	0.010844203393982	8289	89.887601932717	704	8214.2230014025
GLOBAL	V	610001	620000	0.0078426754582673	8102	63.541356562882	497	8040.8204768583
GLOBAL	V	620001	630000	0.010613485193828	8569	90.946954625909	711	8392.332398317
GLOBAL	V	630001	640000	0.010359855610172	8747	90.617657022175	710	8712.0476858345
GLOBAL	V	640001	650000	0.010157540822769	8174	83.027738685315	650	8090.221598878
GLOBAL	V	650001	660000	0.010646536306294	7120	75.803338500813	592	6896.5525946704
GLOBAL	V	660001	670000	0.0061919282639805	8966	55.516828814849	435	8938.2538569425
GLOBAL	V	670001	680000	0.011211178110233	6873	77.054427151632	601	6718.6816269285
GLOBAL	V	680001	690000	0.012481551885608	6640	82.877504520435	644	6222.141654979
GLOBAL	V	690001	700000	0.011192745278482	8025	89.821780859815	703	7961.7826086957
GLOBAL	V	700001	710000	0.01239253092569	7736	95.868619241139	750	7659.935483871
GLOBAL	V	710001	720000	0.0097641302207802	8252	80.573602581879	629	7949.9144460028
GLOBAL	V	720001	730000	0.012347261760716	7240	89.394175147581	699	7133.0406732118
GLOBAL	V	730001	740000	0.012619184520524	7506	94.71959901105	741	7393.4824684432
GLOBAL	V	740001	750000	0.011880612367867	7452	88.534323365346	693	7392.6928471248
GLOBAL	V	750001	760000	0.010189929641026	8366	85.248951376824	668	8341.2987377279
GLOBAL	V	760001	770000	0.012061529324657	7014	84.599566683146	661	6891.4880785414
GLOBAL	V	770001	780000	0.012064070760177	6601	79.63493108793	623	6506.0168302945
GLOBAL	V	780001	790000	0.010402506688818	8091	84.166681619228	659	8034.7391304348
GLOBAL	V	790001	800000	0.009217697224554	8460	77.981718519727	611	8431.7952314165
GLOBAL	V	800001	810000	0.011555637567207	7914	91.451315706878	714	7807.6311360449
GLOBAL	V	810001	820000	0.011878184239245	7441	88.38556892422	692	7391.7279102384
GLOBAL	V	820001	830000	0.0094912787498807	8397	79.698267662749	624	8337.7531556802
GLOBAL	V	830001	840000	0.0082581511928505	9118	75.297822576411	590	9085.1528751753
GLOBAL	V	840001	850000	0.011054168505436	7521	83.138401329385	651	7465.5189340813
GLOBAL	V	850001	860000	0.0097922841894358	6395	62.621657391442	489	6224.950911641
GLOBAL	V	860001	870000	0.010661545116309	8030	85.612207283961	669	7895.9382889201
GLOBAL	V	870001	880000	0.010695713199295	7099	75.928868001799	594	7010.2412342216
GLOBAL	V	880001	890000	0.010334702507613	7870	81.334108734913	637	7826.587657784
GLOBAL	V	890001	900000	0.0077196073357687	8846	68.28764649221	535	8814.5175315568
GLOBAL	V	900001	910000	0.010382182172026	7442	77.264199724216	604	7351.7854137447
GLOBAL	V	910001	920000	0.010888248552782	6725	73.223471517456	572	6543.8078541374
GLOBAL	V	920001	930000	0.01203259488557	7323	88.114692347028	689	7257.7391304348
GLOBAL	V	930001	940000	0.014200105290587	5798	82.332210474825	629	4901.9424964937
GLOBAL	V	940001	950000	0.010788216629002	4263	45.990167489435	348	2664.2273402675
GLOBAL	V	950001	960000	0.01327110639959	5729	76.030168563253	589	5361.2145862553
GLOBAL	V	960001	970000	0.011307599985787	7143	80.770186698475	632	6921.5147265077
GLOBAL	V	970001	980000	0.0096984472398106	8269	80.196460225994	628	8202.2286115007
GLOBAL	V	980001	990000	0.0097310038093574	7589	73.848587909214	578	7469.1079943899
GLOBAL	V	990001	1000000	0.0093070793483046	7879	73.330478185292	573	7734.7405329593
GLOBAL	V	1000001	1010000	0.0092531255523441	7628	70.582841713281	551	6988.2903225806
GLOBAL	V	1010001	1020000	0.010265607485798	7424	76.211869974567	596	7304.7279102384
GLOBAL	V	1020001	1030000	0.009497206153527	8473	80.469827738834	628	8391.8064516129
GLOBAL	V	1030001	1040000	0.009223459850998	8529	78.666889069162	616	8462.3001402525
GLOBAL	V	1040001	1050000	0.011546220267497	6975	80.534886365793	629	6844.1079943899
GLOBAL	V	1050001	1060000	0.010958761838131	7261	79.571569706672	622	7160.649368864
GLOBAL	V	1060001	1070000	0.010624954587536	7591	80.654030273986	631	7522.2650771388
GLOBAL	V	1070001	1080000	0.0092534313767707	6784	62.775278460012	491	6333.7573632539
GLOBAL	V	1080001	1090000	0.0099626218736894	7495	74.669850943302	584	7358.2440392707
GLOBAL	V	1090001	1100000	0.010912395973596	7490	81.733845842236	640	7442.237026648
GLOBAL	V	1100001	1110000	0.0086001354153967	7597	65.335228750769	511	7531.2047685835
GLOBAL	V	1110001	1120000	0.0088552966049672	7985	70.709543390663	554	7952.8134642356
GLOBAL	V	1120001	1130000	0.0084182732992997	7468	62.86766499917	491	7327.4894810659
GLOBAL	V	1130001	1140000	0.010628046910889	6567	69.79438406381	545	6446.7559607293
GLOBAL	V	1140001	1150000	0.0085698147880393	6001	51.427458543024	402	5899.6661991585
GLOBAL	V	1150001	1160000	0.007998339588738	8325	66.586177076244	521	8225.7110799439
GLOBAL	V	1160001	1170000	0.0095397416406546	7759	74.018855389839	579	7665.5946704067
GLOBAL	V	1170001	1180000	0.01055637277616	7203	76.037553106679	595	7148.446002805
GLOBAL	V	1180001	1190000	0.0072907445069089	7970	58.107233720064	455	7922.4810659187
GLOBAL	V	1190001	1200000	0.0089660722806654	7748	69.469128030596	544	7692.9088359046
GLOBAL	V	1200001	1210000	0.0077934265060049	7608	59.292388857686	460	7014.7755960729
GLOBAL	V	1210001	1220000	0.0077897816683593	6983	54.396045390153	422	6273.4852734923
GLOBAL	V	1220001	1230000	0.0056676968118989	7902	44.786140207625	350	7662.3856942496
GLOBAL	V	1230001	1240000	0.0069764865477458	8545	59.614077550488	467	8509.523141655
GLOBAL	V	1240001	1250000	0.0087147371961537	8496	74.040407218522	580	8457.5946704067
GLOBAL	V	1250001	1260000	0.006697118451499	8860	59.336469480281	465	8838.7040673212
GLOBAL	V	1260001	1270000	0.0073197108713062	8778	64.252422028326	503	8692.7713884993
GLOBAL	V	1270001	1280000	0.0097719288009317	7797	76.191728860865	596	7695.366058906
GLOBAL	V	1280001	1290000	0.007518476653527	6644	49.952758886033	390	5389.9242636746
GLOBAL	V	1290001	1300000	0.0066360094488849	7686	51.004368624129	398	7106.95371669
GLOBAL	V	1300001	1310000	0.0069662221493185	7903	55.054053646065	430	7679.8162692847
GLOBAL	V	1310001	1320000	0.0067395233226971	8622	58.108170088295	455	8586.141654979
GLOBAL	V	1320001	1330000	0.0085687653029162	9012	77.221712909881	605	8980.1051893408
GLOBAL	V	1330001	1340000	0.0086763026811484	8683	75.336336180411	590	8617.316970547
GLOBAL	V	1340001	1350000	0.010167421694516	7588	77.15039581799	604	7535.4656381487
GLOBAL	V	1350001	1360000	0.0089496640615522	8401	75.1861277811	589	8359.8906030856
GLOBAL	V	1360001	1370000	0.008326089595845	8661	72.112261989614	565	8625.332398317
GLOBAL	V	1370001	1380000	0.0081274320556295	8514	69.19695652163	542	8476.0182328191
GLOBAL	V	1380001	1390000	0.0092948795585971	7891	73.345894596889	574	7812.5175315568
GLOBAL	V	1390001	1400000	0.011781753592242	7437	87.620901465502	685	7349.7980364656
GLOBAL	V	1400001	1410000	0.010383510076806	8042	83.504188037674	654	7999.4698457223
GLOBAL	V	1410001	1420000	0.013589980036975	7423	100.87842181447	788	7033.0140252454
GLOBAL	V	1420001	1430000	0.011251528171821	3086	34.722215938241	268	2064.5217391304
GLOBAL	V	1430001	1440000	0.002521096353798	1298	3.2723830672298	16	210.95454545455
GLOBAL	V	1440001	1450000	0.011109579217696	2195	24.385526382842	187	1377.3564356436
GLOBAL	V	1450001	1460000	0.013858863065117	6977	96.69328760532	752	5445.347826087
GLOBAL	V	1460001	1470000	0.019964796917104	7317	146.08241904245	1142	7204.3155680224
GLOBAL	V	1470001	1480000	0.017544680707577	6492	113.90006715359	891	6258.5259467041
GLOBAL	V	1480001	1490000	0.022923015122978	7050	161.60725661699	1262	6687.0378681627
GLOBAL	V	1490001	1500000	0.021653228093859	6917	149.77537872522	1172	6808.7826086957
GLOBAL	V	1500001	1510000	0.020110867755275	7119	143.1692675498	1120	7026.0925666199
GLOBAL	V	1510001	1520000	0.017272332610959	7944	137.21141026146	1073	7776.5666199158
GLOBAL	V	1520001	1530000	0.016109273808166	7130	114.85912225222	899	7032.0757363254
GLOBAL	V	1530001	1540000	0.0069584394089318	7057	49.105706908831	376	4302.9634831461
GLOBAL	V	1540001	1550000	0.013804819989819	7027	97.006470068459	758	6891.7237026648
GLOBAL	V	1550001	1560000	0.0081445044681841	9103	74.13942417388	581	9080.0631136045
GLOBAL	V	1560001	1570000	0.0077349900492639	8913	68.941966309089	540	8880.747545582
GLOBAL	V	1570001	1580000	0.011184970817466	7678	85.878205936501	672	7620.3576437588
GLOBAL	V	1580001	1590000	0.0088445607931514	8097	71.614408742147	559	8018.8555399719
GLOBAL	V	1590001	1600000	0.0084149145662598	8766	73.765141087834	578	8743.3941093969
GLOBAL	V	1600001	1610000	0.0088304223965547	8111	71.623556058455	559	8031.443197756
GLOBAL	V	1610001	1620000	0.011454607237024	8331	95.428332891648	746	8200.1318373072
GLOBAL	V	1620001	1630000	0.010405104921564	6563	68.288703600221	533	6395.507713885
GLOBAL	V	1630001	1640000	0.010848950462713	8000	86.791603701707	677	7805.3716690042
GLOBAL	V	1640001	1650000	0.0096627646328324	8454	81.689012205965	639	8404.683029453
GLOBAL	V	1650001	1660000	0.0098395385150837	7849	77.230537804892	604	7388.4978962132
GLOBAL	V	1660001	1670000	0.0074184668967784	7895	58.568796150066	457	7640.7671809257
GLOBAL	V	1670001	1680000	0.0093781483053667	7077	66.36915555708	517	6734.9873772791
GLOBAL	V	1680001	1690000	0.010806663078087	8507	91.932282805283	719	8379.8328651685
GLOBAL	V	1690001	1700000	0.011675705475922	7140	83.364537098084	652	7024.9242636746
GLOBAL	V	1700001	1710000	0.011819299213375	7585	89.64938453345	699	7091.2622720898
GLOBAL	V	1710001	1720000	0.013758955961576	7395	101.74747933585	796	7263.5666199158
GLOBAL	V	1720001	1730000	0.0132561916548	6931	91.87866435942	719	6849.8681626928
GLOBAL	V	1730001	1740000	0.010968360325686	6272	68.793555962702	535	5857.7755960729
GLOBAL	V	1740001	1750000	0.012958485653174	7571	98.108694880179	768	7490.1879382889
GLOBAL	V	1750001	1760000	0.012693064005783	6806	86.388993623357	675	6677.0911640954
GLOBAL	V	1760001	1770000	0.014491766674412	5901	85.515915145703	660	4273.5455820477
GLOBAL	V	1770001	1780000	0.012042738015922	7620	91.765663681322	717	6703.01542777
GLOBAL	V	1780001	1790000	0.011049529740658	5911	65.313770297027	504	5329.2089761571
GLOBAL	V	1790001	1800000	0.0052043132212677	5010	26.073609238551	197	2912
GLOBAL	V	1800001	1810000	0.0089274733461674	6636	59.242713125167	460	5653.0126227209
GLOBAL	V	1810001	1820000	0.010518531482532	7837	82.433731228606	645	7751.3674614306
GLOBAL	V	1820001	1830000	0.012871146158457	8034	103.40678823704	810	7993.7503506311
GLOBAL	V	1830001	1840000	0.0089720953087727	8265	74.154367727006	581	8234.4852734923
GLOBAL	V	1840001	1850000	0.0077104093130155	8530	65.769791440022	515	8483.5918653576
GLOBAL	V	1850001	1860000	0.0097062199278121	6461	62.711886953594	491	6399.2510518934
GLOBAL	V	1860001	1870000	0.010396606937557	7458	77.537894540302	605	7211.4081346424
GLOBAL	V	1870001	1880000	0.014334749664007	7512	107.68263947602	842	7388.4964936886
GLOBAL	V	1880001	1890000	0.014538436080156	6623	96.288062158874	753	6525.0182328191
GLOBAL	V	1890001	1900000	0.014308501528603	5703	81.601384217626	635	5384.8429172511
GLOBAL	V	1900001	1910000	0.014249669886233	7332	104.47857960586	817	7229.3001402525
GLOBAL	V	1910001	1920000	0.011975407183471	7907	94.689544599703	739	7740.5764375877
GLOBAL	V	1920001	1930000	0.011969969805581	6712	80.342437335056	625	6314.4894810659
GLOBAL	V	1930001	1940000	0.011455721555702	6782	77.692703590769	608	6721.1318373072
GLOBAL	V	1940001	1950000	0.010044671230264	7522	75.556016994047	590	7303.762973352
GLOBAL	V	1950001	1960000	0.013773934940759	7409	102.05108397608	799	7363.7545582048
GLOBAL	V	1960001	1970000	0.011467091308754	7643	87.642978872809	686	7550.0504908836
GLOBAL	V	1970001	1980000	0.011104429849039	7052	78.308439295424	612	6928.3941093969
GLOBAL	V	1980001	1990000	0.010779788017027	7139	76.956906653553	602	7047.1921458626
GLOBAL	V	1990001	2000000	0.011851758546819	7248	85.901545947347	672	7164.1346423562
GLOBAL	V	2000001	2010000	0.0097988397777709	6669	65.348462477954	512	6635.4207573633
GLOBAL	V	2010001	2020000	0.0074701880184987	8786	65.633071930529	514	8744.8793828892
GLOBAL	V	2020001	2030000	0.010989757606336	8043	88.390620427761	692	7993.4179523142
GLOBAL	V	2030001	2040000	0.010223938410922	7894	80.707769815816	632	7847.889200561
GLOBAL	V	2040001	2050000	0.011422463354299	7505	85.725587474016	671	7446.7966339411
GLOBAL	V	2050001	2060000	0.01169576021833	7829	91.566106749309	716	7749.6690042076
GLOBAL	V	2060001	2070000	0.01311901031246	7895	103.57458641687	811	7842.0224403927
GLOBAL	V	2070001	2080000	0.012396713117455	7081	87.781125584701	686	6974.7321178121
GLOBAL	V	2080001	2090000	0.012842498828559	5906	75.847798081471	587	5290.0687237027
GLOBAL	V	2090001	2100000	0.012862124824761	5309	68.285020694659	518	4295.6971830986
GLOBAL	V	2100001	2110000	0.014891609784718	7114	105.93891200849	829	7033.713884993
GLOBAL	V	2110001	2120000	0.012593396266362	6817	85.849182347788	672	6757.2678821879
GLOBAL	V	2120001	2130000	0.013802769259079	6849	94.53516665543	740	6780.0028050491
GLOBAL	V	2130001	2140000	0.014536203487287	7164	104.13736178292	813	7030.1977559607
GLOBAL	V	2140001	2150000	0.012116915773622	6977	84.539721352559	660	6742.0897615708
GLOBAL	V	2150001	2160000	0.013076717316218	7007	91.628558234737	715	6834.3099579243
GLOBAL	V	2160001	2170000	0.0088726418472343	5585	49.553704716803	384	4534.1178120617
GLOBAL	V	2170001	2180000	0.011010782690329	5449	59.997754879601	466	5136.1444600281
GLOBAL	V	2180001	2190000	0.01134895532135	7632	86.615227012544	678	7570.7391304348
GLOBAL	V	2190001	2200000	0.012310086899408	6069	74.709917392505	584	5900.0757363254
GLOBAL	V	2200001	2210000	0.0097928411178862	5866	57.44480599752	447	5125.713884993
GLOBAL	V	2210001	2220000	0.0090305983884733	7978	72.04611394324	564	7907.9565217391
GLOBAL	V	2220001	2230000	0.011830196637316	6441	76.198296540953	595	6224.8555399719
GLOBAL	V	2230001	2240000	0.010757947558981	7545	81.168714332514	635	7339.2005610098
GLOBAL	V	2240001	2250000	0.011391231544442	6875	78.314716868042	612	6753.7769985975
GLOBAL	V	2250001	2260000	0.011473349334651	6459	74.106363352511	579	6348.3197755961
GLOBAL	V	2260001	2270000	0.007986998549078	7641	61.028655913505	476	7521.3716690042
GLOBAL	V	2270001	2280000	0.008658784008306	8405	72.777079589812	570	8358.6353436185
GLOBAL	V	2280001	2290000	0.0068513010272888	6938	47.53432652733	369	5945.9284712482
GLOBAL	V	2290001	2300000	0.007451529768409	8292	61.788084839648	480	7865.2973352034
GLOBAL	V	2300001	2310000	0.0096171393019845	7828	75.282966455935	589	7741.5399719495
GLOBAL	V	2310001	2320000	0.010728787786738	6777	72.708994830725	567	6641.667601683
GLOBAL	V	2320001	2330000	0.0069669142432377	8393	58.473311243494	458	8350.6970546985
GLOBAL	V	2330001	2340000	0.0095843725801033	7357	70.51222907182	552	7302.7110799439
GLOBAL	V	2340001	2350000	0.010363859850174	7203	74.6508825008	584	7139.3548387097
GLOBAL	V	2350001	2360000	0.0083232226793741	7315	60.884373899622	476	7251.8471248247
GLOBAL	V	2360001	2370000	0.010345887045029	7188	74.366236079668	582	7123.5820476858
GLOBAL	V	2370001	2380000	0.0094794188496952	7034	66.678232188756	522	6979.5596072931
GLOBAL	V	2380001	2390000	0.0099653013419013	7520	74.939066091098	574	6988.1711079944
GLOBAL	V	2390001	2400000	0.0093374728902947	6581	61.449909091029	467	6189.2075736325
GLOBAL	V	2400001	2410000	0.01021982431584	6438	65.795228945379	515	6376.2791023843
GLOBAL	V	2410001	2420000	0.0098889071205302	7439	73.563580069624	576	7374.9971949509
GLOBAL	V	2420001	2430000	0.011445460626715	6669	76.329776919561	594	6490.8457223001
GLOBAL	V	2430001	2440000	0.012034872035237	5578	67.130516212552	525	5458.1963534362
GLOBAL	V	2440001	2450000	0.01226076175361	6425	78.775394266945	616	6341.2454417952
GLOBAL	V	2450001	2460000	0.011027259707225	7233	79.76016946236	623	7072.4684431978
GLOBAL	V	2460001	2470000	0.011565489637295	7468	86.371076611317	676	7402.4628330996
GLOBAL	V	2470001	2480000	0.012432308417269	8161	101.46006899333	794	8096.4726507714
GLOBAL	V	2480001	2490000	0.0086718464971319	8349	72.401246404554	567	8304.5862552595
GLOBAL	V	2490001	2500000	0.011400534276336	7499	85.492606538245	669	7424.3295932679
GLOBAL	V	2500001	2510000	0.0090338471146555	7915	71.502899912499	560	7874.1093969144
GLOBAL	V	2510001	2520000	0.0091941332974198	6879	63.246442952951	495	6816.8330995792
GLOBAL	V	2520001	2530000	0.010472761900766	7015	73.46642473387	574	6597.8723702665
GLOBAL	V	2530001	2540000	0.012373565570395	5536	68.500058997707	534	5370.5357643759
GLOBAL	V	2540001	2550000	0.011868166611632	6338	75.220439984522	580	5581.9985974755
GLOBAL	V	2550001	2560000	0.011723562834691	6695	78.489253178256	610	6180.3001402525
GLOBAL	V	2560001	2570000	0.014746604852688	6322	93.228035878695	727	6047.840112202
GLOBAL	V	2570001	2580000	0.016129541782415	6539	105.47107371521	824	6411.8316970547
GLOBAL	V	2580001	2590000	0.014121901765923	6623	93.529355395707	729	6500.1093969144
GLOBAL	V	2590001	2600000	0.01416641603062	6734	95.396645550194	746	6635.049088359
GLOBAL	V	2600001	2610000	0.012098079620574	6637	80.294954441749	628	6528.5848527349
GLOBAL	V	2610001	2620000	0.012697071247152	6550	83.165816668846	651	6478.6774193548
GLOBAL	V	2620001	2630000	0.011779809768236	6493	76.486304825157	595	6222.9060308555
GLOBAL	V	2630001	2640000	0.012132750858622	7558	91.699330989467	718	7504.6563814867
GLOBAL	V	2640001	2650000	0.012950367969535	5977	77.404349353909	606	5914.3197755961
GLOBAL	V	2650001	2660000	0.0096018842470253	7633	73.291182457544	574	7590.0518934081
GLOBAL	V	2660001	2670000	0.014256457126879	5724	81.603960594258	638	5356.2734922861
GLOBAL	V	2670001	2680000	0.016398944335953	7068	115.90773856652	906	6983.0098176718
GLOBAL	V	2680001	2690000	0.014899283797886	4873	72.604209947098	564	4046.5483870968
GLOBAL	V	2690001	2700000	0.020857864799552	5397	112.56989632318	872	5049.8653576438
GLOBAL	V	2700001	2710000	0.022714464470766	4861	110.41501179239	855	4557.2664796634
GLOBAL	V	2710001	2720000	0.017657366233249	6816	120.35260824582	941	6652.9467040673
GLOBAL	V	2720001	2730000	0.018401426582905	6097	112.19349787597	875	5936.8863955119
GLOBAL	V	2730001	2740000	0.017430609174013	5056	88.129159983812	671	3896.7012622721
GLOBAL	V	2740001	2750000	0.015724746972274	5904	92.838906124306	723	5694.1276297335
GLOBAL	V	2750001	2760000	0.016821571116057	6627	111.47655178611	869	6454.0715287518
GLOBAL	V	2760001	2770000	0.016689579468767	5746	95.898323627538	746	5486.3061797753
GLOBAL	V	2770001	2780000	0.021792083473127	3847	83.834145121121	645	3344.9915848527
GLOBAL	V	2780001	2790000	0.017815323647655	5155	91.837993403662	717	4932.3941093969
GLOBAL	V	2790001	2800000	0.015864894155653	5676	90.049139227484	703	5563.2903225806
GLOBAL	V	2800001	2810000	0.01296177657357	6382	82.722058092522	647	6288.6746143057
GLOBAL	V	2810001	2820000	0.013942272698615	6444	89.844005269877	703	6363.5035063114
GLOBAL	V	2820001	2830000	0.014705068723128	6041	88.833320156414	695	5834.8751753156
GLOBAL	V	2830001	2840000	0.014442808365298	5685	82.107365556717	642	5576.0448807854
GLOBAL	V	2840001	2850000	0.013456524315036	6221	83.713037763837	655	6141.7755960729
GLOBAL	V	2850001	2860000	0.013091906922703	6421	84.063134350676	657	6316.2734922861
GLOBAL	V	2860001	2870000	0.014410653666076	5136	74.013117228966	576	4965.0196353436
GLOBAL	V	2870001	2880000	0.013185090662864	6627	87.377595822798	681	6141.6381486676
GLOBAL	V	2880001	2890000	0.015155706194887	5010	75.930088036386	592	4845.5427769986
GLOBAL	V	2890001	2900000	0.018307702189247	3834	70.191730193571	546	3615.0070224719
GLOBAL	V	2900001	2910000	0.013808678438182	4798	66.254039146399	516	4635.8106591865
GLOBAL	V	2910001	2920000	0.012735363240616	6184	78.755486279971	615	6056.3997194951
GLOBAL	V	2920001	2930000	0.012945897602476	5780	74.827288142314	583	5586.7363253857
GLOBAL	V	2930001	2940000	0.013046739707684	4300	56.100980743042	436	4061.5674157303
GLOBAL	V	2940001	2950000	0.011402359644509	6030	68.756228656387	535	5840.873772791
GLOBAL	V	2950001	2960000	0.010044547994151	4993	50.152428134797	387	4037.4488078541
GLOBAL	V	2960001	2970000	0.014096192920469	5634	79.417950913925	614	5274.4319775596
GLOBAL	V	2970001	2980000	0.012833171381731	5612	72.019757794275	561	5421.5301542777
GLOBAL	V	2980001	2990000	0.015833978317546	3922	62.100862961414	481	3627.9206798867
GLOBAL	V	2990001	3000000	0.0065145477753454	4013	26.142880222461	174	1447.545323741
GLOBAL	V	3000001	3010000	0.0060879157517811	2718	16.546955013341	113	1260.7464387464
GLOBAL	V	3010001	3020000	0.011772114170247	4645	54.681470320799	424	3808.8243626062
GLOBAL	V	3020001	3030000	0.01245451067006	5219	65.000091187041	506	4717.4775280899
GLOBAL	V	3030001	3040000	0.011164136940729	5822	64.997605268924	505	5290.0995792426
GLOBAL	V	3040001	3050000	0.011741284586303	7206	84.607696728898	662	7114.7699859748
GLOBAL	V	3050001	3060000	0.011266947176747	6045	68.108695683438	532	5902.4389901823
GLOBAL	V	3060001	3070000	0.0095147283853735	6081	57.859063311456	450	5130.6297335203
GLOBAL	V	3070001	3080000	0.012982625970347	6171	80.115784863014	624	5997.8653576438
GLOBAL	V	3080001	3090000	0.01257192586962	6819	85.727962504941	669	6688.9859747546
GLOBAL	V	3090001	3100000	0.014186220180226	6281	89.103648951997	696	6139.9523141655
GLOBAL	V	3100001	3110000	0.012546031714396	6726	84.384609311025	658	6439.5904628331
GLOBAL	V	3110001	3120000	0.009554309150744	6565	62.724039574634	479	4892.6858345021
GLOBAL	V	3120001	3130000	0.0078793000256516	4646	36.607227919177	266	2099.7929577465
GLOBAL	V	3130001	3140000	0.013721018572322	5478	75.163739739182	580	4886.6044880785
GLOBAL	V	3140001	3150000	0.012007630445969	6458	77.545277420065	604	6290.0532959327
GLOBAL	V	3150001	3160000	0.012306785297426	5153	63.416864637638	494	4876.9985974755
GLOBAL	V	3160001	3170000	0.012715844361675	7057	89.735713660341	700	6942.332398317
GLOBAL	V	3170001	3180000	0.012341671857044	5572	68.767795587449	536	5425.3239831697
GLOBAL	V	3180001	3190000	0.01291955918029	6025	77.840344061247	608	5926.6928471248
GLOBAL	V	3190001	3200000	0.013014077727532	6219	80.934549387524	629	5869.0631136045
GLOBAL	V	3200001	3210000	0.010858077626105	5633	61.16355126785	474	4424.840112202
GLOBAL	V	3210001	3220000	0.01431870281341	6965	99.729765095403	780	6813.6423562412
GLOBAL	V	3220001	3230000	0.014297195916689	5008	71.600357150778	555	4409.0701262272
GLOBAL	V	3230001	3240000	0.013311409599974	6220	82.796967711839	647	6060.809256662
GLOBAL	V	3240001	3250000	0.011942134935862	6456	77.098423145925	597	5755.9298737728
GLOBAL	V	3250001	3260000	0.013102031114067	7088	92.86719653651	724	6748.6942496494
GLOBAL	V	3260001	3270000	0.015025353464691	6790	102.02215002525	796	6625.6661991585
GLOBAL	V	3270001	3280000	0.016008802779849	4862	77.834799115628	590	3830.6490727532
GLOBAL	V	3280001	3290000	0.011092964885859	5516	61.188794310396	476	4835.0182328191
GLOBAL	V	3290001	3300000	0.014080687188904	6693	94.242039355337	736	6544.2528089888
GLOBAL	V	3300001	3310000	0.017366040698639	6291	109.24976203514	839	5591.1879382889
GLOBAL	V	3310001	3320000	0.015498353710517	6039	93.594558057813	720	5432.5189340813
GLOBAL	V	3320001	3330000	0.013802134255128	7171	98.975104743523	773	7024.2117812062
GLOBAL	V	3330001	3340000	0.013968050901495	6445	90.024088060132	703	6290.8960674157
GLOBAL	V	3340001	3350000	0.017006899213036	5975	101.61622279789	793	5728.3618513324
GLOBAL	V	3350001	3360000	0.012067373533813	6328	76.36233972197	595	5126.2973352034
GLOBAL	V	3360001	3370000	0.017728675813015	5992	106.23022547159	829	5776.3581460674
GLOBAL	V	3370001	3380000	0.02116400448807	5544	117.33324088186	912	5203.4241573034
GLOBAL	V	3380001	3390000	0.015361216595117	6839	105.055360294	821	6725.0786516854
GLOBAL	V	3390001	3400000	0.013954383565394	4733	66.046097415012	510	4224.0676056338
GLOBAL	V	3400001	3410000	0.0060801587465006	6109	37.143689782372	282	2422.1532951289
GLOBAL	V	3410001	3420000	0.012468224513247	5682	70.844451684271	544	5136.5811965812
GLOBAL	V	3420001	3430000	0.017878879700441	4473	79.972228900075	595	3045.1279887482
GLOBAL	V	3430001	3440000	0.016824111420804	4840	81.428699276694	633	4613.4247538678
GLOBAL	V	3440001	3450000	0.01511515219798	5397	81.576476412501	630	4362.4992987377
GLOBAL	V	3450001	3460000	0.01260532632397	4513	56.887837700079	439	3385.3820224719
GLOBAL	V	3460001	3470000	0.016568602896292	6671	110.52914992117	860	6387.5941011236
GLOBAL	V	3470001	3480000	0.015211901791682	5759	87.605342418294	682	5554.0294530154
GLOBAL	V	3480001	3490000	0.014804318699337	6056	89.654954043183	692	5056.1192145863
GLOBAL	V	3490001	3500000	0.015429429390119	5398	83.288059847861	638	4683.2650771388
GLOBAL	V	3500001	3510000	0.01442785800283	7003	101.03828959382	791	6934.2819074334
GLOBAL	V	3510001	3520000	0.011288194496792	5390	60.843368337709	462	3517.6661991585
GLOBAL	V	3520001	3530000	0.016137958074186	6697	108.07590522282	842	6538.8134642356
GLOBAL	V	3530001	3540000	0.013041354846271	6873	89.633231858423	696	5725.6563814867
GLOBAL	V	3540001	3550000	0.014854653224612	7295	108.36469527355	844	6810.7012622721
GLOBAL	V	3550001	3560000	0.015436067543715	5042	77.828652555413	601	4484
GLOBAL	V	3560001	3570000	0.017057095655567	5911	100.82449242006	786	5746.3001402525
GLOBAL	V	3570001	3580000	0.017322202020914	6208	107.53623014583	837	5705.3884992987
GLOBAL	V	3580001	3590000	0.016617659737186	4862	80.795061642197	623	4324.4375876578
GLOBAL	V	3590001	3600000	0.015998701612227	6153	98.440011020033	760	5487.5932678822
GLOBAL	V	3600001	3610000	0.012217206597705	6889	84.164336251593	658	6751.1472650771
GLOBAL	V	3610001	3620000	0.013356169383503	6752	90.180855677414	705	6672.5455820477
GLOBAL	V	3620001	3630000	0.01354525259435	7270	98.473986360924	771	7213.5105189341
GLOBAL	V	3630001	3640000	0.015780798426318	5644	89.066826318139	694	5454.0056100982
GLOBAL	V	3640001	3650000	0.01293545480044	7857	101.63386836706	796	7804.6577840112
GLOBAL	V	3650001	3660000	0.012024088706937	5469	65.759741138236	510	4986.4838709677
GLOBAL	V	3660001	3670000	0.01381940151749	6296	87.006951954118	681	6218.75
GLOBAL	V	3670001	3680000	0.012849027760902	6723	86.384013636542	670	6386.7279102384
GLOBAL	V	3680001	3690000	0.012386851966029	6965	86.27442394339	673	6762.5904628331
GLOBAL	V	3690001	3700000	0.010334108243736	7238	74.798275468159	585	7143.1921458626
GLOBAL	V	3700001	3710000	0.012272909509899	6804	83.504876305351	651	6528.5511921459
GLOBAL	V	3710001	3720000	0.013250255069203	7391	97.932635216482	766	7296.1640953717
GLOBAL	V	3720001	3730000	0.012329332011513	8131	100.24979858561	785	8073.4740532959
GLOBAL	V	3730001	3740000	0.013738719518515	6689	91.898294859347	718	5993.4754558205
GLOBAL	V	3740001	3750000	0.014096796898639	6208	87.512915146749	684	6102.0715287518
GLOBAL	V	3750001	3760000	0.01544041943686	6514	100.57889221171	786	6376.6886395512
GLOBAL	V	3760001	3770000	0.011784817420539	7254	85.487065568589	667	6979.3352033661
GLOBAL	V	3770001	3780000	0.013251131465667	6782	89.869173600152	700	6315.0364656381
GLOBAL	V	3780001	3790000	0.012572019195022	7298	91.750596085272	717	7126.3394109397
GLOBAL	V	3790001	3800000	0.013038296299475	7461	97.278728690382	760	7249.4628330996
GLOBAL	V	3800001	3810000	0.015404113469195	6302	97.076723082868	757	6033.2851123596
GLOBAL	V	3810001	3820000	0.014564514189976	7540	109.81643699242	859	7420.2398316971
GLOBAL	V	3820001	3830000	0.015151148813206	6662	100.93695339358	788	6362.2328190743
GLOBAL	V	3830001	3840000	0.014139907776623	6596	93.266831694608	724	6143.6942496494
GLOBAL	V	3840001	3850000	0.018772814572396	5819	109.23900799677	854	5710.2148876404
GLOBAL	V	3850001	3860000	0.011101127287317	6297	69.903798528234	546	5603.0028050491
GLOBAL	V	3860001	3870000	0.014050932596829	6013	84.48825770473	654	5191.4894810659
GLOBAL	V	3870001	3880000	0.007714074171908	4387	33.84164339216	262	2247.3248945148
GLOBAL	V	3880001	3890000	0.016080837851229	6113	98.302161784563	767	5911.492286115
GLOBAL	V	3890001	3900000	0.019022353572265	7242	137.75988457035	1078	7151.8288920056
GLOBAL	V	3900001	3910000	0.013541264129003	5845	79.148688834021	613	5429.4388185654
GLOBAL	V	3910001	3920000	0.014958975758168	5401	80.793428069868	625	4981.5744382022
GLOBAL	V	3920001	3930000	0.012695209083343	6038	76.653672445222	597	5781.3060648801
GLOBAL	V	3930001	3940000	0.01652112679917	7248	119.74512704038	936	7086.8541374474
GLOBAL	V	3940001	3950000	0.020255987915479	7348	148.84099920294	1163	7156.8274894811
GLOBAL	V	3950001	3960000	0.018867652652193	5784	109.13050294028	854	5250.4235624123
GLOBAL	V	3960001	3970000	0.016253466592157	6823	110.89740255829	868	6759.0196353436
GLOBAL	V	3970001	3980000	0.014439100318523	6763	97.651635454172	761	6425.8863955119
GLOBAL	V	3980001	3990000	0.01473786611947	6520	96.090887098942	748	5972.2008426966
GLOBAL	V	3990001	4000000	0.01312701066731	6576	86.323222148229	675	6078.8258426966
GLOBAL	V	4000001	4010000	0.010087944285446	7933	80.027662016439	605	5747.7191011236
GLOBAL	V	4010001	4020000	0.012987555355991	7578	98.4196944877	767	7237.4957865169
GLOBAL	V	4020001	4030000	0.013812854830224	6627	91.537788959897	713	6047.029535865
GLOBAL	V	4030001	4040000	0.0073443820430975	6091	44.734631024507	346	4827.7980364656
GLOBAL	V	4040001	4050000	0.0057928591774516	5198	30.111282004393	228	4066.6858345021
GLOBAL	V	4050001	4060000	0.011388667906796	7027	80.028169381058	626	6871.5750350631
GLOBAL	V	4060001	4070000	0.0097318893335631	7956	77.426911537828	606	7867.8345021038
GLOBAL	V	4070001	4080000	0.010677350064295	7823	83.52890955298	654	7763.4810659187
GLOBAL	V	4080001	4090000	0.010304480431788	5449	56.149113872812	439	5369.1472650771
GLOBAL	V	4090001	4100000	0.010353868343294	6340	65.643525296482	514	6291.7896213184
GLOBAL	V	4100001	4110000	0.01029491999672	6531	67.236122498579	526	6461.5596072931
GLOBAL	V	4110001	4120000	0.012492269753871	6306	78.776253067908	616	6212.1669004208
GLOBAL	V	4120001	4130000	0.012300130281239	6056	74.489588983182	582	5949.9424964937
GLOBAL	V	4130001	4140000	0.011360536131464	7006	79.591916137034	623	6943.7503506311
GLOBAL	V	4140001	4150000	0.013788434235089	6097	84.068083531339	656	5968.3408134642
GLOBAL	V	4150001	4160000	0.012237942103097	5423	66.366360025097	516	5092.9943899018
GLOBAL	V	4160001	4170000	0.015045357117871	5931	89.234013066095	692	5646.6718092567
GLOBAL	V	4170001	4180000	0.013614594909625	5924	80.652860244617	630	5785.1220196353
GLOBAL	V	4180001	4190000	0.014094555788559	5936	83.665283160889	649	5635.206171108
GLOBAL	V	4190001	4200000	0.012284648341589	6405	78.683172627879	609	5831.1957446809
GLOBAL	V	4200001	4210000	0.014761049629387	6378	94.145974536229	735	6235.0855539972
GLOBAL	V	4210001	4220000	0.012228971961773	7339	89.748425227455	702	7219.1795231417
GLOBAL	V	4220001	4230000	0.012148063148896	6948	84.404742758527	659	6769.8681626928
GLOBAL	V	4230001	4240000	0.011520590393774	7141	82.268536001943	643	6813.0715287518
GLOBAL	V	4240001	4250000	0.012507696006595	6142	76.822268872505	599	5939.9943899018
GLOBAL	V	4250001	4260000	0.016970400883354	4641	78.759630499646	592	3872.7144866385
GLOBAL	V	4260001	4270000	0.013940946773082	6363	88.706244317123	682	5761.4838709677
GLOBAL	V	4270001	4280000	0.012375123194753	6275	77.653898047073	602	5671.1725105189
GLOBAL	V	4280001	4290000	0.013547900747771	8020	108.65416399712	840	7573.873772791
GLOBAL	V	4290001	4300000	0.014598310359298	7033	102.66991675694	803	6952.7517531557
GLOBAL	V	4300001	4310000	0.013825419863374	6950	96.08666805045	751	6806.6143057504
GLOBAL	V	4310001	4320000	0.01014813431814	5668	57.51962531522	444	5018.0673211781
GLOBAL	V	4320001	4330000	0.01534795645061	6952	106.69899324464	833	6769.5455820477
GLOBAL	V	4330001	4340000	0.021125943716061	5039	106.45363038523	811	4390.6269284712
GLOBAL	V	4340001	4350000	0.014518581482825	6114	88.766607185992	688	5803.8934081346
GLOBAL	V	4350001	4360000	0.015630450341753	7296	114.03976569343	891	7216.2103786816
GLOBAL	V	4360001	4370000	0.0160800857893	7065	113.60580610141	886	6964.9635343619
GLOBAL	V	4370001	4380000	0.011158871711836	7730	86.258078332493	675	7682.840112202
GLOBAL	V	4380001	4390000	0.013316749909822	6951	92.564728623171	725	6914.2398316971
GLOBAL	V	4390001	4400000	0.014908210739766	6999	104.34256696762	800	6327.0112201964
GLOBAL	V	4400001	4410000	0.013967322541314	6617	92.421773255878	722	6549.95371669
GLOBAL	V	4410001	4420000	0.018096671267932	5532	100.1107854542	765	4895.3899018233
GLOBAL	V	4420001	4430000	0.019382767630363	6470	125.40650656845	970	6123.0378681627
GLOBAL	V	4430001	4440000	0.018601196200008	6283	116.87131572465	904	5907.4530154278
GLOBAL	V	4440001	4450000	0.019864364446102	5924	117.67649497871	919	5793.1079943899
GLOBAL	V	4450001	4460000	0.018310544091544	6057	110.90696556248	796	3749.5716292135
GLOBAL	V	4460001	4470000	0.018273761486518	5983	109.33191497384	832	5277.2050561798
GLOBAL	V	4470001	4480000	0.019279977929436	6740	129.9470512444	1011	6576.7082748948
GLOBAL	V	4480001	4490000	0.018345070294421	5301	97.247217630728	743	4661.0813464236
GLOBAL	V	4490001	4500000	0.017005407341968	7137	121.36759219962	950	7079.3772791024
GLOBAL	V	4500001	4510000	0.017965285193239	6072	109.08521169335	845	5782.5105189341
GLOBAL	V	4510001	4520000	0.014391421137363	6396	92.047529594575	717	6115.0336605891
GLOBAL	V	4520001	4530000	0.015006055481199	7271	109.1090294038	818	6032.3436185133
GLOBAL	V	4530001	4540000	0.012005926267899	7670	92.085454474787	710	7146.3618513324
GLOBAL	V	4540001	4550000	0.013601981287611	5585	75.967065491306	566	4295.04628331
GLOBAL	V	4550001	4560000	0.015276615918225	7083	108.20427054879	810	6059.7924263675
GLOBAL	V	4560001	4570000	0.014790795942456	7289	107.81011162456	842	7144.8373071529
GLOBAL	V	4570001	4580000	0.013672337748047	5840	79.846452448595	616	5230.2019635344
GLOBAL	V	4580001	4590000	0.01523421525526	6228	94.87869260976	740	6095.2272089762
GLOBAL	V	4590001	4600000	0.01005137608117	7087	71.234102287251	556	7021.3758765778
GLOBAL	V	4600001	4610000	0.017894542524065	5744	102.78625225823	798	5495.1346423562
GLOBAL	V	4610001	4620000	0.013079017875674	6555	85.732962175043	661	6111.5497896213
GLOBAL	V	4620001	4630000	0.013102992980226	7638	100.08066038297	752	6289.3380084151
GLOBAL	V	4630001	4640000	0.016167221950162	7019	113.47773086819	884	6832.9733146067
GLOBAL	V	4640001	4650000	0.015811588112226	6662	105.33680000365	822	6530.2440392707
GLOBAL	V	4650001	4660000	0.019713062305288	5886	116.03108472893	900	5603.0659186536
GLOBAL	V	4660001	4670000	0.015359214645452	7332	112.61376178045	864	6641.476858345
GLOBAL	V	4670001	4680000	0.01215243830197	4928	59.887215952106	453	4078.1234221599
GLOBAL	V	4680001	4690000	0.0091573419022112	2807	25.704658719507	189	1432.5168539326
GLOBAL	V	4690001	4700000	0.014084311624484	8016	112.89984198187	882	7932.0925666199
GLOBAL	V	4700001	4710000	0.01506425254165	6453	97.209621651268	738	5337.1178120617
GLOBAL	V	4710001	4720000	0.016052838060439	7413	118.99968854204	931	7337.698457223
GLOBAL	V	4720001	4730000	0.010634349167447	3471	36.911825960207	285	2624.9943899018
GLOBAL	V	4730001	4740000	0.0077616850585615	942	7.3115073251649	51	264.18811881188
GLOBAL	V	4740001	4750000	0.009859276832412	795	7.8381250817675	61	540.68820224719
GLOBAL	V	4750001	4760000	NA	0	NA	0	NA
GLOBAL	V	4760001	4770000	0.0003897714800813	490	0.19098802523984	1	322.29032258065
GLOBAL	V	4770001	4780000	0.0035761310735248	622	2.2243535277324	12	157.40353460972
GLOBAL	V	4780001	4790000	0.011699783361564	4092	47.875513515519	368	3174.1725105189
GLOBAL	V	4790001	4800000	0.014051201320824	7217	101.40751993239	793	7123.2636746143
GLOBAL	V	4800001	4810000	0.011789501329788	8433	99.420864714104	778	8388.5161290323
GLOBAL	V	4810001	4820000	0.020047180260565	5298	106.20996102048	824	4983.3899018233
GLOBAL	V	4820001	4830000	0.014154622146109	7588	107.40527284468	840	7536.2875175316
GLOBAL	V	4830001	4840000	0.015176829920185	5759	87.403363510343	674	5271.1402524544
GLOBAL	V	4840001	4850000	0.014988685876536	6740	101.02374280785	781	6251.252454418
GLOBAL	V	4850001	4860000	0.013282626412804	7152	94.997344104376	731	6353.8316970547
GLOBAL	V	4860001	4870000	0.017596397767383	7892	138.87077118018	1084	7777.5343618513
GLOBAL	V	4870001	4880000	0.01430401765492	7928	113.40225196821	878	7170.064516129
GLOBAL	V	4880001	4890000	0.019887167630856	6566	130.5791426642	1000	5887.5960729313
GLOBAL	V	4890001	4900000	0.014274927937669	7286	104.00712495386	798	6902.2608695652
GLOBAL	V	4900001	4910000	0.015001074632816	6327	94.911799201827	732	6125.4964936886
GLOBAL	V	4910001	4920000	0.013729807716816	7035	96.589197287798	753	6871.618513324
GLOBAL	V	4920001	4930000	0.015391363883237	7377	113.54209136664	889	7346.7924263675
GLOBAL	V	4930001	4940000	0.01704497716942	6770	115.39449543698	888	6307.1444600281
GLOBAL	V	4940001	4950000	0.016302130706435	7262	118.38607319013	924	7075.8541374474
GLOBAL	V	4950001	4960000	0.012991261791846	7207	93.628023733833	730	7041.7545582048
GLOBAL	V	4960001	4970000	0.014055080108214	6374	89.587080609754	699	6234.9424964937
GLOBAL	V	4970001	4980000	0.0086526119857113	2915	25.222363938348	182	1419.9985935302
GLOBAL	V	4980001	4990000	0.0074881984964053	2488	18.630637859056	123	972.16129032258
GLOBAL	V	4990001	5000000	0.0084165457044169	3001	25.258053658955	180	1793.0266393443
GLOBAL	V	5000001	5010000	0.012922176414398	7663	99.02263786353	774	7457.079943899
GLOBAL	V	5010001	5020000	0.015006858692917	7059	105.9334155133	813	6590.8863955119
GLOBAL	V	5020001	5030000	0.013145978496168	5098	67.018198373464	509	4320.6760168303
GLOBAL	V	5030001	5040000	0.012123331058319	6831	82.814474459381	642	6351.6619915849
GLOBAL	V	5040001	5050000	0.0078260851365883	5748	44.984337365109	314	2819.8848314607
GLOBAL	V	5050001	5060000	0.011861034717218	5426	64.357974375626	498	4745.2889200561
GLOBAL	V	5060001	5070000	0.018501045386867	4436	82.070637336141	636	4071.3983169705
GLOBAL	V	5070001	5080000	0.012909791176124	6635	85.656464453586	665	6422.3309957924
GLOBAL	V	5080001	5090000	0.012302268178012	7105	87.407615404779	680	6921.1739130435
GLOBAL	V	5090001	5100000	0.014937178532702	7028	104.97849072783	817	6830.5287517532
GLOBAL	V	5100001	5110000	0.014192035611195	5382	76.381535659451	592	4934.141654979
GLOBAL	V	5110001	5120000	0.013931236543523	7086	98.716742147406	766	6514.6086956522
GLOBAL	V	5120001	5130000	0.014680831532757	6654	97.686253018967	765	6612.0056100982
GLOBAL	V	5130001	5140000	0.013485980939526	6671	89.964978847577	688	6001.4361851332
GLOBAL	V	5140001	5150000	0.015875589002187	5204	82.616565167379	630	4739.2258064516
GLOBAL	V	5150001	5160000	0.016929115395707	5835	98.781388333949	747	5211.0995792426
GLOBAL	V	5160001	5170000	0.015060991224747	6174	92.986559821587	720	5911.6465638149
GLOBAL	V	5170001	5180000	0.020173527329343	4285	86.443564606233	673	4112.7573632539
GLOBAL	V	5180001	5190000	0.016659815852232	5692	94.827671830906	730	5213.3239831697
GLOBAL	V	5190001	5200000	0.013155742613701	5959	78.395070235045	601	4703.2780898876
GLOBAL	V	5200001	5210000	0.0137758616241	5347	73.659532104061	553	4395.3328651685
GLOBAL	V	5210001	5220000	0.016002329992009	4533	72.538561853777	545	3914.9831697055
GLOBAL	V	5220001	5230000	0.014172398745386	5377	76.204988053939	575	4310.8443197756
GLOBAL	V	5230001	5240000	0.014538256369312	6403	93.088455532707	726	6236.0112201964
GLOBAL	V	5240001	5250000	0.013625962240592	5732	78.104015563074	609	5519.6465638149
GLOBAL	V	5250001	5260000	0.013739217948899	5988	82.270437078005	641	5718.4600280505
GLOBAL	V	5260001	5270000	0.012025039798103	7505	90.247923684761	706	7450.255259467
GLOBAL	V	5270001	5280000	0.014658397962594	5049	74.010251313136	558	3814.366058906
GLOBAL	V	5280001	5290000	0.013840118992116	5202	71.996298996989	558	4728.1882022472
GLOBAL	V	5290001	5300000	0.011059465022453	4800	53.085432107775	390	2975.6685393258
GLOBAL	V	5300001	5310000	0.017204992407884	5076	87.332541462421	675	4778.5399719495
GLOBAL	V	5310001	5320000	0.015227443921622	6533	99.480891139954	776	6364.4754558205
GLOBAL	V	5320001	5330000	0.012367202192221	6916	85.531570361399	669	6831.3786816269
GLOBAL	V	5330001	5340000	0.0085041624471349	4942	42.027570813741	326	4232.3702664797
GLOBAL	V	5340001	5350000	0.012728593065986	6103	77.682603481714	606	5998.7124824684
GLOBAL	V	5350001	5360000	0.013805751919204	7087	97.841363851396	766	7030.3744740533
GLOBAL	V	5360001	5370000	0.0105610379362	8044	84.952989158791	665	7978.7868162693
GLOBAL	V	5370001	5380000	0.012392554512838	6438	79.783265953649	617	6241.9116409537
GLOBAL	V	5380001	5390000	0.013437624345863	4617	62.041511604848	484	4462.7587657784
GLOBAL	V	5390001	5400000	0.014818083125362	6090	90.242126233452	703	5935.1164095372
GLOBAL	V	5400001	5410000	0.0130213018572	6234	81.174795777783	634	6143.286115007
GLOBAL	V	5410001	5420000	0.013940636546796	6503	90.655959463814	706	6306.2805049088
GLOBAL	V	5420001	5430000	0.014001520919794	6280	87.929551376306	687	6177.2468443198
GLOBAL	V	5430001	5440000	0.016450140419361	5329	87.662798294773	674	4827.4726507714
GLOBAL	V	5440001	5450000	0.015737594024637	5530	87.028894956241	670	4948.3043478261
GLOBAL	V	5450001	5460000	0.013350966667457	7191	96.006801305685	747	6982.0224403927
GLOBAL	V	5460001	5470000	0.012357462991495	5635	69.634303957075	538	5116.7531556802
GLOBAL	V	5470001	5480000	0.0065464109701726	2385	15.613190163862	113	953.57665260197
GLOBAL	V	5480001	5490000	0.012030122811642	6187	74.430369835629	580	6034.3842917251
GLOBAL	V	5490001	5500000	0.013825193256784	5747	79.453385646739	620	5617.4992987377
GLOBAL	V	5500001	5510000	0.011965029638857	6684	79.97425810612	623	6461.0532959327
GLOBAL	V	5510001	5520000	0.012914092112878	6151	79.434580586312	618	5953.7152875175
GLOBAL	V	5520001	5530000	0.011929400190722	7459	88.981396022597	696	7399.3997194951
GLOBAL	V	5530001	5540000	0.01384634599962	7166	99.222915433279	775	7065.2819074334
GLOBAL	V	5540001	5550000	0.01295244030274	6045	78.297501630061	609	5857.8288920056
GLOBAL	V	5550001	5560000	0.011682493806496	6986	81.613901732179	637	6871.4796633941
GLOBAL	V	5560001	5570000	0.012451581296591	4567	56.866371781532	433	4199.049088359
GLOBAL	V	5570001	5580000	0.012528515098442	6397	80.144911084735	594	5113.446002805
GLOBAL	V	5580001	5590000	0.01165182678524	7404	86.27012551792	675	7318.7882187938
GLOBAL	V	5590001	5600000	0.01524459300927	6470	98.632516769974	770	6285.190743338
GLOBAL	V	5600001	5610000	0.012973320602262	7181	93.161415244843	729	7109.7517531557
GLOBAL	V	5610001	5620000	0.013462423152391	7305	98.343001128218	770	7243.4179523142
GLOBAL	V	5620001	5630000	0.012279070586418	7883	96.795913432736	757	7780.7321178121
GLOBAL	V	5630001	5640000	0.013435531827305	7237	97.232943834205	758	7075.9705469846
GLOBAL	V	5640001	5650000	0.014003503693132	7106	99.508897243397	779	7044.0070126227
GLOBAL	V	5650001	5660000	0.015147152446861	6383	96.684274068311	755	6300.2356241234
GLOBAL	V	5660001	5670000	0.013208088929666	7719	101.9532384481	798	7640.2145862553
GLOBAL	V	5670001	5680000	0.011943983087016	7279	86.940252890392	680	7203.4011220196
GLOBAL	V	5680001	5690000	0.015015671848449	5074	76.189518959032	592	4874.0995792426
GLOBAL	V	5690001	5700000	0.01357660425498	6757	91.7371149509	714	6431.7952314165
GLOBAL	V	5700001	5710000	0.018026992777234	6376	114.94010594764	896	6212.8008415147
GLOBAL	V	5710001	5720000	0.015590368610398	4907	76.501938771222	594	4691.2075736325
GLOBAL	V	5720001	5730000	0.015269379938582	7105	108.48894446362	849	7038.347826087
GLOBAL	V	5730001	5740000	0.01826442326486	7526	137.45804949134	1075	7363.7587657784
GLOBAL	V	5740001	5750000	0.015912916828217	6118	97.355225155033	757	5605.0168302945
GLOBAL	V	5750001	5760000	0.017692700149021	5229	92.515129079229	720	5038.9382889201
GLOBAL	V	5760001	5770000	0.015859618698447	2042	32.385341382229	250	1700.7503506311
GLOBAL	V	5770001	5780000	0.022978692924406	4813	110.59644904517	852	4323.3029453015
GLOBAL	V	5780001	5790000	0.0090432276706497	6170	55.796714727909	388	2364.1375579598
GLOBAL	V	5790001	5800000	0.0076561279870748	6808	52.122919336005	355	2331.4579172611
GLOBAL	V	5800001	5810000	0.0057106931495375	7609	43.452664174831	294	3297.6530973451
GLOBAL	V	5810001	5820000	0.0088192828364401	6858	60.482641692306	417	3858.3589211618
GLOBAL	V	5820001	5830000	0.0080135610980654	6151	49.291414314201	335	2610.7104316547
GLOBAL	V	5830001	5840000	0.0076477316314405	4337	33.168212085558	235	2375.0674662669
GLOBAL	V	5840001	5850000	0.0069219792233198	3270	22.634872060256	150	1160.5636998255
GLOBAL	V	5850001	5860000	0.0087548427898259	6703	58.683711220203	401	4508.8533333333
GLOBAL	V	5860001	5870000	0.014726715317227	6229	91.732709711004	639	2951.8189655172
GLOBAL	V	5870001	5880000	0.010750674301553	4736	50.915193492153	380	2608.8553370787
GLOBAL	V	5880001	5890000	0.014029913054047	4709	66.066860571507	497	3290.3408134642
GLOBAL	V	5890001	5900000	0.016258429389462	5741	93.3396431249	726	5562.3856942496
GLOBAL	V	5900001	5910000	0.012212877143284	6392	78.064710699874	609	6131.8667601683
GLOBAL	V	5910001	5920000	0.014474608490765	5568	80.594620076581	627	5292.7251051893
GLOBAL	V	5920001	5930000	0.015016968046181	5795	87.023329827618	677	5579.2496493689
GLOBAL	V	5930001	5940000	0.01238463131366	7317	90.61834732205	709	7249.2678821879
GLOBAL	V	5940001	5950000	0.014120398986053	5712	80.655719008332	627	5274.0757363254
GLOBAL	V	5950001	5960000	0.013736208523442	6496	89.230410568281	696	6364.8218793829
GLOBAL	V	5960001	5970000	0.012001366341581	7379	88.558082234528	691	7148.8723702665
GLOBAL	V	5970001	5980000	0.010722792921381	7389	79.230716896081	619	7307.5399719495
GLOBAL	V	5980001	5990000	0.009808396021738	8096	79.408774191991	622	8050.252454418
GLOBAL	V	5990001	6000000	0.014307776057331	6436	92.084846704981	719	6315.079943899
GLOBAL	V	6000001	6010000	0.011401763223804	7707	87.87338916586	687	7583.4207573633
GLOBAL	V	6010001	6020000	0.0099309189633189	7567	75.147263795434	587	7310.4488078541
GLOBAL	V	6020001	6030000	0.012363144344751	6650	82.214909892592	642	6503.7166900421
GLOBAL	V	6030001	6040000	0.011838073101437	6867	81.292047987571	631	6517.0168302945
GLOBAL	V	6040001	6050000	0.011770620388135	6308	74.249073408356	574	5681.4530154278
GLOBAL	V	6050001	6060000	0.014219550906983	6275	89.227681941321	695	6039.1683029453
GLOBAL	V	6060001	6070000	0.012149890008801	7516	91.318573306147	714	7415.3352033661
GLOBAL	V	6070001	6080000	0.012682118389132	7714	97.829861253761	766	7662.8906030856
GLOBAL	V	6080001	6090000	0.0098782110680917	7376	72.861684838244	567	6244.9144460028
GLOBAL	V	6090001	6100000	0.011001901268325	6359	69.961090165279	539	5690.9733146067
GLOBAL	V	6100001	6110000	0.0094830103456598	6399	60.681783201877	471	6003.8709677419
GLOBAL	V	6110001	6120000	0.0099177555846843	6117	60.666910911514	466	5153.5196629213
GLOBAL	V	6120001	6130000	0.0089222654951854	5817	51.900818385493	402	4780.5147265077
GLOBAL	V	6130001	6140000	0.0091035668794501	5825	53.028277072797	406	4093.2678821879
GLOBAL	V	6140001	6150000	0.01240262453688	7481	92.7840341604	725	7364.7980364656
GLOBAL	V	6150001	6160000	0.010780870323923	8269	89.147016708521	698	8202.8990182328
GLOBAL	V	6160001	6170000	0.010892391386963	7348	80.037291911402	624	7019.4039270687
GLOBAL	V	6170001	6180000	0.0093145805805252	6477	60.330538420062	470	6242.873772791
GLOBAL	V	6180001	6190000	0.010196147406024	7619	77.684447086496	608	7562.2201963534
GLOBAL	V	6190001	6200000	0.0094455960563877	7220	68.19720352712	532	7056.0687237027
GLOBAL	V	6200001	6210000	0.013068547973725	6641	86.788227093506	678	6548.3450210379
GLOBAL	V	6210001	6220000	0.014256892206493	4217	60.12131443478	460	3417.3842917251
GLOBAL	V	6220001	6230000	0.010538865662363	6218	65.530666688574	512	5705.3820224719
GLOBAL	V	6230001	6240000	0.010608128489121	7358	78.054609422954	608	6864.1065918654
GLOBAL	V	6240001	6250000	0.0094171741811179	9094	85.639782003086	671	9065.9340813464
GLOBAL	V	6250001	6260000	0.0074259467286611	9057	67.256799521484	527	9030.8611500701
GLOBAL	V	6260001	6270000	0.009882433450995	7768	76.766743047329	601	7727.1444600281
GLOBAL	V	6270001	6280000	0.011509921327311	7155	82.353487096913	644	7058.7223001403
GLOBAL	V	6280001	6290000	0.010729845001196	8026	86.117735979598	673	7931.9677419355
GLOBAL	V	6290001	6300000	0.010693501314973	6189	66.182079638368	517	5664.3338008415
GLOBAL	V	6300001	6310000	0.013805773075636	7166	98.932169860005	771	6944.6671348315
GLOBAL	V	6310001	6320000	0.013158471683055	6953	91.490853612282	701	6324.0266479663
GLOBAL	V	6320001	6330000	0.01366083027361	6802	92.920967521092	727	6733.7391304348
GLOBAL	V	6330001	6340000	0.010834970777279	8783	95.163548336845	743	8710.110799439
GLOBAL	V	6340001	6350000	0.013363261464684	7016	93.756642436225	733	6843.9242636746
GLOBAL	V	6350001	6360000	0.0074118749888581	6035	44.730665557759	346	4115.4992987377
GLOBAL	V	6360001	6370000	0.012352809330455	7664	94.671930708604	735	7420.4964936886
GLOBAL	V	6370001	6380000	0.012779391072897	7977	101.9412025885	797	7818.5315568022
GLOBAL	V	6380001	6390000	0.011360548108461	6640	75.434039440179	586	6344.4053295933
GLOBAL	V	6390001	6400000	0.012118447100348	6685	81.011818865827	631	6527.6970546985
GLOBAL	V	6400001	6410000	0.011622865526008	6565	76.304112178242	596	6462.9803646564
GLOBAL	V	6410001	6420000	0.012082896748924	6914	83.541148122057	651	6688.6213183731
GLOBAL	V	6420001	6430000	0.011846693874337	6268	74.255077204343	569	5151.9817671809
GLOBAL	V	6430001	6440000	0.010852633979325	7794	84.585429234859	662	7728.0883590463
GLOBAL	V	6440001	6450000	0.0098544416312666	7708	75.958036093803	595	7677.3394109397
GLOBAL	V	6450001	6460000	0.0089549066057881	7771	69.588579233579	543	7615.5175315568
GLOBAL	V	6460001	6470000	0.011402498447861	8282	94.435492145183	740	8260.4684431978
GLOBAL	V	6470001	6480000	0.011541158304	7436	85.820053148543	671	7328.2833099579
GLOBAL	V	6480001	6490000	0.0099824025056398	8233	82.185119828932	643	8143.6465638149
GLOBAL	V	6490001	6500000	0.01131916674612	6657	75.351693028923	588	6526.8877980365
GLOBAL	V	6500001	6510000	0.0092228987707416	6880	63.453543542702	494	6269.8920056101
GLOBAL	V	6510001	6520000	0.012089363736285	7699	93.076011405657	726	7498.976056338
GLOBAL	V	6520001	6530000	0.0084908987052127	6464	54.885169230495	425	5546.2566619916
GLOBAL	V	6530001	6540000	0.0089852906338833	7723	69.39339956548	543	7635.8849929874
GLOBAL	V	6540001	6550000	0.0098403406195841	8326	81.930675998657	641	8219.5932678822
GLOBAL	V	6550001	6560000	0.010222781929442	6724	68.737985693571	534	6327.5133239832
GLOBAL	V	6560001	6570000	0.0089750453454106	6787	60.913632759302	473	6259.2187938289
GLOBAL	V	6570001	6580000	0.009789130258169	6158	60.281464129805	470	5952.3800841515
GLOBAL	V	6580001	6590000	0.0098158248119607	6690	65.667867992017	513	6478.1374474053
GLOBAL	V	6590001	6600000	0.0084868805846293	7402	62.819890087426	490	7124.6241234222
GLOBAL	V	6600001	6610000	0.0079912056187362	8632	68.980086900931	540	8569.252454418
GLOBAL	V	6610001	6620000	0.007937613075013	8061	63.98509899768	501	8006.1697054698
GLOBAL	V	6620001	6630000	0.009939682493907	7970	79.219269476439	620	7886.6199158485
GLOBAL	V	6630001	6640000	0.009698251789193	7672	74.404987726689	582	7567.9242636746
GLOBAL	V	6640001	6650000	0.0092505849312029	8525	78.861236538504	617	8463.1584852735
GLOBAL	V	6650001	6660000	0.007412679026226	8436	62.533360265242	490	8406.4516129032
GLOBAL	V	6660001	6670000	0.0083854836178076	7728	64.803017398417	507	7610.221598878
GLOBAL	V	6670001	6680000	0.0086786368430767	7194	62.434113449093	483	6862.6058906031
GLOBAL	V	6680001	6690000	0.0078862811472205	7692	60.66127458442	474	7576.9985974755
GLOBAL	V	6690001	6700000	0.0075275788523744	8734	65.745873696638	515	8684.5582047686
GLOBAL	V	6700001	6710000	0.0067460630958941	8346	56.302642598332	439	7790.0420757363
GLOBAL	V	6710001	6720000	0.0077625754362596	8229	63.87823326498	500	8174.2664796634
GLOBAL	V	6720001	6730000	0.0077348226628542	8830	68.298484113003	535	8787.5399719495
GLOBAL	V	6730001	6740000	0.0092590787554681	7847	72.655990994158	569	7793.5455820477
GLOBAL	V	6740001	6750000	0.0096120908451507	7601	73.061502513991	572	7558.7741935484
GLOBAL	V	6750001	6760000	0.0097998861515042	7831	76.742908452429	601	7782.461430575
GLOBAL	V	6760001	6770000	0.0058105688190457	8749	50.836666597831	398	8702.8962131837
GLOBAL	V	6770001	6780000	0.0080179561342983	8201	65.75525825738	515	8153.8022440393
GLOBAL	V	6780001	6790000	0.0063876546574197	9269	59.207171019623	464	9250.0126227209
GLOBAL	V	6790001	6800000	0.0084170110309804	8237	69.330919862186	543	8191.2594670407
GLOBAL	V	6800001	6810000	0.007766350952818	8823	68.522514456713	537	8801.8443197756
GLOBAL	V	6810001	6820000	0.0070045813259153	8444	59.146684716029	463	8368.6129032258
GLOBAL	V	6820001	6830000	0.0095909987027951	6976	66.906806950699	522	6743.8681626928
GLOBAL	V	6830001	6840000	0.0086057405447979	8003	68.871741580017	539	7911.2468443198
GLOBAL	V	6840001	6850000	0.00881623737064	6431	56.697222530586	442	6130.9172510519
GLOBAL	V	6850001	6860000	0.011165409979042	7139	79.709861840383	621	6902.3730715288
GLOBAL	V	6860001	6870000	0.0087512258147862	7423	64.960349223158	507	7132.6367461431
GLOBAL	V	6870001	6880000	0.0093293077163114	6999	65.295824706464	509	6802.9481065919
GLOBAL	V	6880001	6890000	0.0078334477908201	7423	58.147682951258	455	7337.4796633941
GLOBAL	V	6890001	6900000	0.0089062725361452	7733	68.87220552201	539	7607.7769985975
GLOBAL	V	6900001	6910000	0.010048152768136	7770	78.074147008413	611	7702.427769986
GLOBAL	V	6910001	6920000	0.0087697310742883	7789	68.307435337632	534	7645.0603085554
GLOBAL	V	6920001	6930000	0.0096898124582722	7652	74.146444930699	580	7544.2454417952
GLOBAL	V	6930001	6940000	0.010358257208955	7846	81.270886061458	635	7677.4263674614
GLOBAL	V	6940001	6950000	0.01047294799402	5867	61.444785880917	480	5746.4789325843
GLOBAL	V	6950001	6960000	0.011770361739194	5906	69.515756431682	537	5365.252454418
GLOBAL	V	6960001	6970000	0.0064629443060285	6964	45.007944147182	345	5446.3176638177
GLOBAL	V	6970001	6980000	0.0076012082446874	6969	52.972820257227	411	5648.3295932679
GLOBAL	V	6980001	6990000	0.0055052556854173	1440	7.9275681870009	55	575.40482954545
GLOBAL	V	6990001	7000000	0.011151508222097	7512	83.770129764391	654	7371.547752809
GLOBAL	V	7000001	7010000	0.011075327789877	7689	85.158195376367	666	7590.4235624123
GLOBAL	V	7010001	7020000	0.0099933545924908	7461	74.560418614574	583	7342.5624123422
GLOBAL	V	7020001	7030000	0.011331605780159	7448	84.397799850623	659	7334.0042075736
GLOBAL	V	7030001	7040000	0.0094244068333615	8106	76.394241791228	597	7923.7755960729
GLOBAL	V	7040001	7050000	0.0088947125462334	7852	69.841282913024	544	7300.2230014025
GLOBAL	V	7050001	7060000	0.0072631648524988	4736	34.398348741434	266	3397.3716690042
GLOBAL	V	7060001	7070000	0.0074594702454545	6645	49.568179781045	385	5681.4866760168
GLOBAL	V	7070001	7080000	0.0090354188514905	8310	75.084330655886	586	8046.0673211781
GLOBAL	V	7080001	7090000	0.0082834111123401	6367	52.740478552269	410	5870.8920056101
GLOBAL	V	7090001	7100000	0.0087249913344019	3408	29.734770467642	228	2780.0732394366
GLOBAL	V	7100001	7110000	0.0093985209408096	8153	76.62614123042	600	8090.0294530154
GLOBAL	V	7110001	7120000	0.010310353248962	8744	90.153728808926	706	8708.9831697055
GLOBAL	V	7120001	7130000	0.008494244577991	8761	74.418076747779	583	8729.7433380084
GLOBAL	V	7130001	7140000	0.0086322822456559	8147	70.327203455358	551	8121.7321178121
GLOBAL	V	7140001	7150000	0.011083852360001	8236	91.286608036967	715	8186.7727910238
GLOBAL	V	7150001	7160000	0.0099637137789505	8118	80.88542845752	633	8047.3941093969
GLOBAL	V	7160001	7170000	0.011775381738864	8328	98.065379121258	768	8266.603085554
GLOBAL	V	7170001	7180000	0.011175274184672	6724	75.142543617732	588	6671.6423562412
GLOBAL	V	7180001	7190000	0.011443745686068	7521	86.068411304915	673	7384.0364656381
GLOBAL	V	7190001	7200000	0.012374288550033	7722	95.554256183351	747	7607.3548387097
GLOBAL	V	7200001	7210000	0.0081535804514435	8424	68.68576172296	538	8379.0448807854
GLOBAL	V	7210001	7220000	0.0095903509307228	8285	79.456057461039	622	8225.7615708275
GLOBAL	V	7220001	7230000	0.0094498733302337	7955	75.173742342009	588	7869.1921458626
GLOBAL	V	7230001	7240000	0.0074122651033841	8746	64.827670594198	508	8726.4964936886
GLOBAL	V	7240001	7250000	0.008891344808253	8442	75.060732871272	588	8400.3141654979
GLOBAL	V	7250001	7260000	0.0087359447337093	8709	76.081342685874	596	8676.7966339411
GLOBAL	V	7260001	7270000	0.0072590597492383	8267	60.010646946953	470	8190.1949509116
GLOBAL	V	7270001	7280000	0.010010545815783	8131	81.395748028133	637	8061.9523141655
GLOBAL	V	7280001	7290000	0.0089468877515729	8024	71.789827318621	562	7974.7643758766
GLOBAL	V	7290001	7300000	0.0098037153532006	6396	62.704563399071	488	6078.1165730337
GLOBAL	V	7300001	7310000	0.0075958044576348	5916	44.936779171367	350	5462.0407876231
GLOBAL	V	7310001	7320000	0.007602679618528	7702	58.555838421903	458	7591.5792426367
GLOBAL	V	7320001	7330000	0.0078223443825613	8797	68.813163533392	539	8757.6591865358
GLOBAL	V	7330001	7340000	0.008946149545129	7502	67.114013887558	525	7415.0967741936
GLOBAL	V	7340001	7350000	0.010232421926313	7755	79.35243203856	621	7678.618513324
GLOBAL	V	7350001	7360000	0.0085983211590684	8291	71.288680729836	558	8230.698457223
GLOBAL	V	7360001	7370000	0.0074062778488167	7884	58.391094560071	457	7847.7307152875
GLOBAL	V	7370001	7380000	0.0072802119609965	9203	66.999790677051	525	9178.5750350631
GLOBAL	V	7380001	7390000	0.0092584884195003	8030	74.345662008588	582	7972.7671809257
GLOBAL	V	7390001	7400000	0.0090950199146702	7843	71.332241190759	557	7714.4558204769
GLOBAL	V	7400001	7410000	0.0077914903352615	8119	63.259110031988	495	8064.4838709677
GLOBAL	V	7410001	7420000	0.0091828713879689	8584	78.825767994325	617	8511.0827489481
GLOBAL	V	7420001	7430000	0.0077035750543284	7138	54.988118737796	429	6943.7826086957
GLOBAL	V	7430001	7440000	0.0080576941986476	7176	57.822013569495	450	6845.2482468443
GLOBAL	V	7440001	7450000	0.0076997178213681	8521	65.609295555878	514	8489.9102384292
GLOBAL	V	7450001	7460000	0.0093911954892	7202	67.635389913218	529	7109.9060308555
GLOBAL	V	7460001	7470000	0.0097319497360527	8193	79.733864187479	624	8107.1093969144
GLOBAL	V	7470001	7480000	0.0080937715583829	8483	68.659464129762	538	8457.7826086957
GLOBAL	V	7480001	7490000	0.0084217044339499	8388	70.641256791972	553	8314.2762973352
GLOBAL	V	7490001	7500000	0.0085554789711709	8756	74.911773871573	587	8732.0827489481
GLOBAL	V	7500001	7510000	0.0069121296771301	8568	59.22312707365	464	8542.4137447405
GLOBAL	V	7510001	7520000	0.0072041496785245	7696	55.443135925925	431	7151.8527349229
GLOBAL	V	7520001	7530000	0.0092366523142946	8204	75.777495586473	593	8124.3211781206
GLOBAL	V	7530001	7540000	0.0077142089240051	8135	62.755089596781	491	7762.3590462833
GLOBAL	V	7540001	7550000	0.0094875346992577	8165	77.465720819439	607	8137.396914446
GLOBAL	V	7550001	7560000	0.0082717457364948	7857	64.99110625164	509	7819.9901823282
GLOBAL	V	7560001	7570000	0.0080175321981747	8867	71.091458001215	557	8835.8821879383
GLOBAL	V	7570001	7580000	0.0062851809552645	8896	55.912969778033	438	8861.1220196353
GLOBAL	V	7580001	7590000	0.0074113418407755	8306	61.558605329482	482	8250.920056101
GLOBAL	V	7590001	7600000	0.0083254050358894	8556	71.23216548707	558	8520.1935483871
GLOBAL	V	7600001	7610000	0.007747750536207	8878	68.784529260446	539	8853.8064516129
GLOBAL	V	7610001	7620000	0.0090624994303007	8708	78.916245039059	618	8649.5245441795
GLOBAL	V	7620001	7630000	0.0070795082440633	5807	41.110704373275	321	5631.1037868163
GLOBAL	V	7630001	7640000	0.0064098709140049	8521	54.618510058236	426	8466.7433380084
GLOBAL	V	7640001	7650000	0.0079111801605541	8067	63.81949035519	499	7595.1374474053
GLOBAL	V	7650001	7660000	0.0079349913828457	8029	63.710045812868	499	7978.1220196353
GLOBAL	V	7660001	7670000	0.00821574446684	8326	68.40428843091	536	8301.7868162693
GLOBAL	V	7670001	7680000	0.0078517874832956	8743	68.648177966453	538	8722.5441795231
GLOBAL	V	7680001	7690000	0.0056549170714408	9276	52.455010754685	411	9247.0140252454
GLOBAL	V	7690001	7700000	0.0067419410687163	7343	49.506073267583	387	6857.3099579243
GLOBAL	V	7700001	7710000	0.0064686249877057	8335	53.915989272527	422	8085.9747545582
GLOBAL	V	7710001	7720000	0.0079455447973203	7629	60.616561258756	474	7068.0140252454
GLOBAL	V	7720001	7730000	0.007810002373732	8973	70.079151299498	549	8916.7840112202
GLOBAL	V	7730001	7740000	0.0077856530762468	8365	65.126987982804	510	8312.3492286115
GLOBAL	V	7740001	7750000	0.0086288775514418	8038	69.358917758489	543	7981.5245441795
GLOBAL	V	7750001	7760000	0.0077632155906035	8590	66.686021923284	522	8161.2833099579
GLOBAL	V	7760001	7770000	0.0070454264945483	7180	50.586162230857	396	7120.2033660589
GLOBAL	V	7770001	7780000	0.0078119343744323	8972	70.088675207407	549	8922.4796633941
GLOBAL	V	7780001	7790000	0.008213076729273	8142	66.870870729741	522	7795.1486676017
GLOBAL	V	7790001	7800000	0.0085650093949639	7194	61.61667758737	481	7069.3870967742
GLOBAL	V	7800001	7810000	0.0085261838563341	6094	51.9585644205	405	5851.3707865169
GLOBAL	V	7810001	7820000	0.0077647578449711	8292	64.3853720505	504	8231.0294530154
GLOBAL	V	7820001	7830000	0.0079134708973002	8087	63.996239146467	501	8025.5525946704
GLOBAL	V	7830001	7840000	0.0074934946160683	8511	63.777132677357	499	8457.6100981767
GLOBAL	V	7840001	7850000	0.0058301527621995	9063	52.838674483814	414	9027.4081346424
GLOBAL	V	7850001	7860000	0.0068864293441729	8341	57.439707159746	450	8312.0617110799
GLOBAL	V	7860001	7870000	0.0068291570837205	8372	57.173703104908	448	8347.8260869565
GLOBAL	V	7870001	7880000	0.007031108395856	8084	56.8394802721	445	7959.7433380084
GLOBAL	V	7880001	7890000	0.0065837602984318	8768	57.72641029665	452	8702.7349228611
GLOBAL	V	7890001	7900000	0.0067206979202597	8420	56.588276488587	443	8359.8190743338
GLOBAL	V	7900001	7910000	0.0077130125642602	7994	61.657822438696	482	7850.9621318373
GLOBAL	V	7910001	7920000	0.0084773233485236	6915	58.62069095504	457	6671.5133239832
GLOBAL	V	7920001	7930000	0.0072277851816569	6929	50.081323523701	389	6438.6255259467
GLOBAL	V	7930001	7940000	0.0065266289986768	7777	50.75759372271	391	7176.1767180926
GLOBAL	V	7940001	7950000	0.007023196155605	7624	53.544847490332	417	7236.9270687237
GLOBAL	V	7950001	7960000	0.0076523159840619	8839	67.638820983123	530	8805.7840112202
GLOBAL	V	7960001	7970000	0.0064232232775053	8367	53.743109162887	421	8328.618513324
GLOBAL	V	7970001	7980000	0.0075176980752196	7873	59.186836946204	462	7633.1963534362
GLOBAL	V	7980001	7990000	0.0081658463522427	8322	67.956173343364	530	8138.3267882188
GLOBAL	V	7990001	8000000	0.0083235472087695	7746	64.474196679129	503	7579.8751753156
GLOBAL	V	8000001	8010000	0.0073828448362112	8444	62.340741796967	488	8380.8429172511
GLOBAL	V	8010001	8020000	0.0065440527740408	8973	58.719785541468	460	8945.0532959327
GLOBAL	V	8020001	8030000	0.0067601629999318	8652	58.48893027541	458	8588.9284712482
GLOBAL	V	8030001	8040000	0.0062743412418976	8386	52.616625654554	412	7965.9102384292
GLOBAL	V	8040001	8050000	0.0058075970852137	7375	42.831028503451	335	7301.7377279102
GLOBAL	V	8050001	8060000	0.0067779548530488	8717	59.083432454026	463	8692.747545582
GLOBAL	V	8060001	8070000	0.006920144189983	7614	52.689977862531	411	7256.5792426367
GLOBAL	V	8070001	8080000	0.0064439019135696	8778	56.564570997314	443	8725.9368863955
GLOBAL	V	8080001	8090000	0.0058898338599844	8242	48.544010673992	379	7989.1837307153
GLOBAL	V	8090001	8100000	0.0069082862921955	8352	57.698007112417	452	8319.0841514726
GLOBAL	V	8100001	8110000	0.0069664438406309	8374	58.337000721443	457	8340.9298737728
GLOBAL	V	8110001	8120000	0.0047636126865178	5688	27.095428960913	210	4903.4950911641
GLOBAL	V	8120001	8130000	0.0068696400958157	5089	34.959598447606	273	4680.6353436185
GLOBAL	V	8130001	8140000	0.0055076101889619	6479	35.683806414284	278	6006.6409537167
GLOBAL	V	8140001	8150000	0.0077630126570712	8114	62.989084699475	492	7986.2805049088
GLOBAL	V	8150001	8160000	0.0061863484439508	8758	54.180039672121	424	8632.0070126227
GLOBAL	V	8160001	8170000	0.0063544992182126	8806	55.95772011558	438	8745.3295932679
GLOBAL	V	8170001	8180000	0.0064334415028889	8144	52.393947599527	410	7727.8359046283
GLOBAL	V	8180001	8190000	0.0070539554613081	8155	57.525006786967	450	8062.6998597475
GLOBAL	V	8190001	8200000	0.0076385247865546	8567	65.439241846413	512	8471.6704067321
GLOBAL	V	8200001	8210000	0.0064089372159868	7939	50.880552557719	398	7861.9032258065
GLOBAL	V	8210001	8220000	0.0071788583385616	8759	62.879620187461	492	8629.5091164095
GLOBAL	V	8220001	8230000	0.005929775940664	8117	48.13199131037	377	8037.427769986
GLOBAL	V	8230001	8240000	0.0054187361377614	9395	50.909026014268	399	9376.6143057504
GLOBAL	V	8240001	8250000	0.0072095745572108	8994	64.842913567554	508	8953.5638148668
GLOBAL	V	8250001	8260000	0.0063442420986217	9152	58.062503686586	455	9127.316970547
GLOBAL	V	8260001	8270000	0.0052765692755358	7903	41.700726984559	326	7768.8513323983
GLOBAL	V	8270001	8280000	0.0066900915444879	8375	56.029516685086	439	8342.0084151473
GLOBAL	V	8280001	8290000	0.0060002521325201	8466	50.798134553915	397	8315.5343618513
GLOBAL	V	8290001	8300000	0.0062174122269644	9176	57.050974594626	447	9145.9298737728
GLOBAL	V	8300001	8310000	0.0067689421758946	9014	61.015244773514	478	8975.1220196353
GLOBAL	V	8310001	8320000	0.0073003164252828	8569	62.556411448249	490	8514.8948106592
GLOBAL	V	8320001	8330000	0.0059889755039923	8910	53.361771740571	418	8877.4137447405
GLOBAL	V	8330001	8340000	0.0071004889115133	8196	58.195607118763	456	8157.476858345
GLOBAL	V	8340001	8350000	0.005629889950081	8242	46.401552968567	363	8170.652173913
GLOBAL	V	8350001	8360000	0.0063159755966291	8449	53.363677815919	418	8404.5848527349
GLOBAL	V	8360001	8370000	0.0065629271850259	7986	52.411536499617	410	7909.7012622721
GLOBAL	V	8370001	8380000	0.0058878021080958	9342	55.003847293831	431	9309.5708274895
GLOBAL	V	8380001	8390000	0.00670134281607	8424	56.452111882573	442	8375.2468443198
GLOBAL	V	8390001	8400000	0.0073893342084723	8171	60.378249817427	473	8138.0210378682
GLOBAL	V	8400001	8410000	0.0070913246200731	8926	63.297163558772	496	8902.1206171108
GLOBAL	V	8410001	8420000	0.0070864260999084	8952	63.43768644638	497	8916.8064516129
GLOBAL	V	8420001	8430000	0.0075873704691092	8680	65.858375671867	516	8656.5007012623
GLOBAL	V	8430001	8440000	0.0095826739087233	8138	77.98380026919	611	8101.8793828892
GLOBAL	V	8440001	8450000	0.0092815003081644	7871	73.054688925562	571	7733.2692847125
GLOBAL	V	8450001	8460000	0.0076242988406789	8473	64.600684077072	506	8438.5638148668
GLOBAL	V	8460001	8470000	0.0071673541684277	8824	63.244733182206	495	8771.904628331
GLOBAL	V	8470001	8480000	0.0077041311835552	8476	65.300215911814	511	8402.1065918654
GLOBAL	V	8480001	8490000	0.0078575327140113	6770	53.195496473857	410	5999.4838709677
GLOBAL	V	8490001	8500000	0.0067080648900572	5752	38.584789247609	299	4855.3342816501
GLOBAL	V	8500001	8510000	0.0073434441235701	6779	49.781207713681	384	5680.5238764045
GLOBAL	V	8510001	8520000	0.0077772945538328	6987	54.33995704763	424	6438.0280504909
GLOBAL	V	8520001	8530000	0.0062654353122212	8440	52.880274035147	414	8364.1977559607
GLOBAL	V	8530001	8540000	0.0051029846400472	9427	48.105836201725	377	9404.729312763
GLOBAL	V	8540001	8550000	0.0047232546001291	9294	43.897928253599	344	9270.7531556802
GLOBAL	V	8550001	8560000	0.0024167356338081	8309	20.080656381312	157	8274.2917251052
GLOBAL	V	8560001	8570000	0.0049876576990402	7769	38.749112663843	303	7679.556802244
GLOBAL	V	8570001	8580000	0.0067089103016183	8791	58.978030461526	462	8744.01542777
GLOBAL	V	8580001	8590000	0.0077135073617615	8565	66.066190553488	517	8509.7671809257
GLOBAL	V	8590001	8600000	0.0076881646172999	8416	64.703593419196	507	8386.5133239832
GLOBAL	V	8600001	8610000	0.0058232338490222	8768	51.058114388226	400	8734.9495091164
GLOBAL	V	8610001	8620000	0.0074159768142184	8384	62.175549610407	487	8334.8569424965
GLOBAL	V	8620001	8630000	0.0069279797943157	7931	54.945807748718	430	7804.7994389902
GLOBAL	V	8630001	8640000	0.0061951003949703	8878	55.000101306546	431	8841.553997195
GLOBAL	V	8640001	8650000	0.0063955696998251	7891	50.46744050132	394	7808.2734922861
GLOBAL	V	8650001	8660000	0.0060138056850436	8819	53.0357523364	415	8734.8513323983
GLOBAL	V	8660001	8670000	0.0056829281630974	8383	47.639986791245	373	8307.095371669
GLOBAL	V	8670001	8680000	0.0054913495684958	9505	52.195277648552	409	9479.3057503506
GLOBAL	V	8680001	8690000	0.0052740272052452	9101	47.998921594936	376	9066.8345021038
GLOBAL	V	8690001	8700000	0.0067882594681907	8578	58.22968971814	456	8535.9523141655
GLOBAL	V	8700001	8710000	0.0060715682376863	8786	53.344798536312	418	8758.8569424965
GLOBAL	V	8710001	8720000	0.0052406313023621	9058	47.469638336796	372	9037.9901823282
GLOBAL	V	8720001	8730000	0.0056469843706425	8839	49.913694852109	391	8795.2636746143
GLOBAL	V	8730001	8740000	0.0061280273109333	8885	54.447522657642	426	8766.1304347826
GLOBAL	V	8740001	8750000	0.0063807252721221	9082	57.949746921413	454	9048.3309957924
GLOBAL	V	8750001	8760000	0.0066212520982718	8810	58.333230985775	457	8781.824684432
GLOBAL	V	8760001	8770000	0.0049114683703103	8691	42.685571606367	334	8545.1893408135
GLOBAL	V	8770001	8780000	0.0050655991428705	8997	45.575195488406	357	8951.1739130435
GLOBAL	V	8780001	8790000	0.0062704784636626	7820	49.035141585842	384	7763.6998597475
GLOBAL	V	8790001	8800000	0.0053536888808476	8916	47.733490061637	374	8885.8611500701
GLOBAL	V	8800001	8810000	0.0044126490751817	9224	40.702275069476	319	9204.4824684432
GLOBAL	V	8810001	8820000	0.006356610366236	8682	55.188091199661	432	8578.2314165498
GLOBAL	V	8820001	8830000	0.0055739536778331	8635	48.131090008089	377	8583.5189340813
GLOBAL	V	8830001	8840000	0.0061414298681435	8708	53.479571291793	419	8681.6998597475
GLOBAL	V	8840001	8850000	0.0061979738927946	8266	51.23245219784	401	8206.9915848527
GLOBAL	V	8850001	8860000	0.0058339262983528	8994	52.470333127385	411	8965.9803646564
GLOBAL	V	8860001	8870000	0.0055138178952144	8728	48.124602589431	377	8697.7152875175
GLOBAL	V	8870001	8880000	0.0064195230262339	8471	54.379779555227	426	8437.4446002805
GLOBAL	V	8880001	8890000	0.0048094617719618	8176	39.322159447559	305	7063.1388499299
GLOBAL	V	8890001	8900000	0.0056906117211775	8315	47.317436461591	369	7449.8443197756
GLOBAL	V	8900001	8910000	0.0067038182325047	8030	53.831660407013	420	7831.6549789621
GLOBAL	V	8910001	8920000	0.0064383973553383	8205	52.827050300551	412	8069.0967741935
GLOBAL	V	8920001	8930000	0.0060761837017508	8770	53.288131064355	417	8696.2286115007
GLOBAL	V	8930001	8940000	0.0048467998377908	9188	44.532396909621	349	9168.0098176718
GLOBAL	V	8940001	8950000	0.0055623305159229	8723	48.520209090396	380	8639.3239831697
GLOBAL	V	8950001	8960000	0.0043001847837556	9110	39.174683380014	307	9089.3730715288
GLOBAL	V	8960001	8970000	0.0057542115437908	9207	52.979025683682	415	9164.3099579243
GLOBAL	V	8970001	8980000	0.0061151760637421	8739	53.440523621042	418	8574.5778401122
GLOBAL	V	8980001	8990000	0.0061020302295755	8120	49.548485464153	388	7802.4810659187
GLOBAL	V	8990001	9000000	0.0058193182790938	9101	52.961615658033	415	9075.7601683029
GLOBAL	V	9000001	9010000	0.0063697301905249	9115	58.060090686635	455	9092.4572230014
GLOBAL	V	9010001	9020000	0.0067919677175865	8759	59.49084523834	466	8721.538569425
GLOBAL	V	9020001	9030000	0.0066272325119881	8649	57.318933996185	449	8607.7124824684
GLOBAL	V	9030001	9040000	0.0066431229670862	8630	57.330151205954	449	8585.6016830295
GLOBAL	V	9040001	9050000	0.0067600011527665	8238	55.688889496491	436	8178.4109396914
GLOBAL	V	9050001	9060000	0.0066654905163503	9060	60.389344078133	473	9008.3422159888
GLOBAL	V	9060001	9070000	0.0071784990624923	8866	63.644572688057	498	8787.2973352034
GLOBAL	V	9070001	9080000	0.0061182246914938	8947	54.739756314795	429	8924.7321178121
GLOBAL	V	9080001	9090000	0.0060548266901572	8937	54.111986129935	424	8907.5974754558
GLOBAL	V	9090001	9100000	0.005636973452915	8560	48.252492756953	377	7670.5427769986
GLOBAL	V	9100001	9110000	0.0058188544701395	7815	45.47434768414	355	7379.6072931276
GLOBAL	V	9110001	9120000	0.0062330003740284	8403	52.375902142961	409	8140.1935483871
GLOBAL	V	9120001	9130000	0.0069599059738518	8310	57.836818642709	453	8260.1921458626
GLOBAL	V	9130001	9140000	0.0054165626436039	8803	47.682000951646	373	8702.6157082749
GLOBAL	V	9140001	9150000	0.0052461282664763	9174	48.127980716654	377	9127.5063113605
GLOBAL	V	9150001	9160000	0.004142415978081	9641	39.937032444679	313	9622.9495091164
GLOBAL	V	9160001	9170000	0.0059698612855674	8999	53.722781708821	421	8974.255259467
GLOBAL	V	9170001	9180000	0.0062956488804505	8388	52.807902809219	413	8314.0715287518
GLOBAL	V	9180001	9190000	0.0056587017047343	9275	52.484458311411	411	9233.5301542777
GLOBAL	V	9190001	9200000	0.0058359233842681	8948	52.219842442431	409	8902.667601683
GLOBAL	V	9200001	9210000	0.0056129089510453	9142	51.313213630456	402	9103.1669004208
GLOBAL	V	9210001	9220000	0.0062575220826734	7788	48.73358197986	379	7364.4179523142
GLOBAL	V	9220001	9230000	0.0062587592982983	8829	55.258585844676	433	8802.5624123422
GLOBAL	V	9230001	9240000	0.0067373345788877	8925	60.130711116573	471	8876.8443197756
GLOBAL	V	9240001	9250000	0.0059142664724557	8653	51.176147786159	401	8627.5007012623
GLOBAL	V	9250001	9260000	0.0065459451475347	8229	53.866582619063	421	8096.8751753156
GLOBAL	V	9260001	9270000	0.0070644870799467	8133	57.455473421206	450	8078.2398316971
GLOBAL	V	9270001	9280000	0.0054712833819312	8561	46.839657032713	367	8535.6297335203
GLOBAL	V	9280001	9290000	0.0057956811385741	8701	50.428221586734	395	8660.9663394109
GLOBAL	V	9290001	9300000	0.0033400738841886	9626	32.151551209199	252	9613.6297335203
GLOBAL	V	9300001	9310000	0.0054869066733752	8908	48.877364646427	383	8879.8695652174
GLOBAL	V	9310001	9320000	0.0061522576622082	8538	52.527975919934	411	8447.4824684432
GLOBAL	V	9320001	9330000	0.0065461073312395	7999	52.362312542585	410	7931.729312763
GLOBAL	V	9330001	9340000	0.0033583958052129	6264	21.036991323854	163	6149.0911640954
GLOBAL	V	9340001	9350000	0.0063356181374758	7753	49.12004741985	383	7497.6465638149
GLOBAL	V	9350001	9360000	0.0057803708952165	8203	47.416382453461	371	7804.8274894811
GLOBAL	V	9360001	9370000	0.005443159207658	8727	47.502450405232	372	8635.4866760168
GLOBAL	V	9370001	9380000	0.0070368086424022	8705	61.255419232111	480	8680.0504908836
GLOBAL	V	9380001	9390000	0.0062406806142851	8650	53.981887313566	423	8625.7713884993
GLOBAL	V	9390001	9400000	0.0055562877201382	8765	48.700861867011	381	8696.6269284712
GLOBAL	V	9400001	9410000	0.0060780579709575	8694	52.842635999504	414	8659.6788218794
GLOBAL	V	9410001	9420000	0.0065931374490415	8731	57.564683067581	451	8693.9340813464
GLOBAL	V	9420001	9430000	0.0053153786990927	8502	45.191349699687	354	8458.9172510519
GLOBAL	V	9430001	9440000	0.0060760072927182	8551	51.955938360033	407	8506.762973352
GLOBAL	V	9440001	9450000	0.0053274831117768	8867	47.238792752125	370	8820.350631136
GLOBAL	V	9450001	9460000	0.0059943906849404	8842	53.002402436243	415	8784.5175315568
GLOBAL	V	9460001	9470000	0.0050799071939502	9144	46.450671381481	364	9116.2286115007
GLOBAL	V	9470001	9480000	0.0056783834291308	9037	51.315551049055	402	8986.7068723703
GLOBAL	V	9480001	9490000	0.0045279097449068	9020	40.841745899059	320	8985.824684432
GLOBAL	V	9490001	9500000	0.0059343826355932	8990	53.350099893982	418	8959.4025245442
GLOBAL	V	9500001	9510000	0.0057742092833382	9329	53.867598404262	422	9291.8274894811
GLOBAL	V	9510001	9520000	0.0056086632413318	9239	51.818439686664	406	9209.8863955119
GLOBAL	V	9520001	9530000	0.0048278317120647	9303	44.913318417338	352	9286.4978962132
GLOBAL	V	9530001	9540000	0.0060498504203172	8359	50.570699663431	396	8318.1093969144
GLOBAL	V	9540001	9550000	0.0065903213340567	8984	59.207446865166	464	8962.1332398317
GLOBAL	V	9550001	9560000	0.0056650534563013	8966	50.792869289197	398	8939.6619915849
GLOBAL	V	9560001	9570000	0.0068822112254458	8735	60.116115054269	471	8702.5357643759
GLOBAL	V	9570001	9580000	0.0049714232291063	8857	44.031895540195	345	8829.0603085554
GLOBAL	V	9580001	9590000	0.0055309507474957	8680	48.008652488263	376	8620.1851332398
GLOBAL	V	9590001	9600000	0.0042713980131085	7919	33.825200865806	265	7890.9481065919
GLOBAL	V	9600001	9610000	0.0045231002993812	9169	41.472306645026	325	9149.9789621318
GLOBAL	V	9610001	9620000	0.0062096203594324	8365	51.943474306652	407	8337.7503506311
GLOBAL	V	9620001	9630000	0.0063893285773401	7855	50.188175975007	393	7794.7643758766
GLOBAL	V	9630001	9640000	0.005602817098211	9057	50.744714458497	397	9029.5035063114
GLOBAL	V	9640001	9650000	0.0054673315498602	8754	47.861020387476	375	8728.7994389902
GLOBAL	V	9650001	9660000	0.0053733147747211	8386	45.060617700811	353	8333.4193548387
GLOBAL	V	9660001	9670000	0.0055927658454103	8853	49.512756029418	388	8829.5049088359
GLOBAL	V	9670001	9680000	0.0055167129381107	9093	50.16347074624	393	9050.4011220196
GLOBAL	V	9680001	9690000	0.0058222813134374	7905	46.025133782722	358	7786.492286115
GLOBAL	V	9690001	9700000	0.0048288679271097	8801	42.498866626492	333	8778.3772791024
GLOBAL	V	9700001	9710000	0.0067508045672412	8422	56.855276065305	444	8340.1220196353
GLOBAL	V	9710001	9720000	0.0056867263788962	8286	47.120214775534	366	8104.652173913
GLOBAL	V	9720001	9730000	0.0056237718621452	8743	49.168637390736	385	8560.4235624123
GLOBAL	V	9730001	9740000	0.0068061025424958	9005	61.288953395175	480	8958.1697054698
GLOBAL	V	9740001	9750000	0.0050168130185466	9080	45.552662208403	357	9063.8022440393
GLOBAL	V	9750001	9760000	0.0067452961289374	8797	59.338370046262	465	8773.9621318373
GLOBAL	V	9760001	9770000	0.0051643005149891	9043	46.700769557046	366	9023.6269284712
GLOBAL	V	9770001	9780000	0.0054432311054289	8791	47.851444647826	375	8764.5834502104
GLOBAL	V	9780001	9790000	0.0063197348748424	8825	55.771660270484	437	8797.9467040673
GLOBAL	V	9790001	9800000	0.0048313000231389	9087	43.902023310263	344	9057.0210378682
GLOBAL	V	9800001	9810000	0.0060019478511546	8464	50.800486612172	398	8427.9957924264
GLOBAL	V	9810001	9820000	0.0066284392975095	8715	57.766848477795	452	8099.0841514727
GLOBAL	V	9820001	9830000	0.0065123023814218	8878	57.816220542262	453	8848.2075736325
GLOBAL	V	9830001	9840000	0.005370226398479	8085	43.418280431702	340	7968.6942496494
GLOBAL	V	9840001	9850000	0.0061866751360701	8940	55.308875716467	433	8869.1234221599
GLOBAL	V	9850001	9860000	0.0058781239583655	8751	51.439462759656	403	8715.652173913
GLOBAL	V	9860001	9870000	0.0055124623318337	8565	47.214239872156	370	8544.8779803647
GLOBAL	V	9870001	9880000	0.0065578763706489	8876	58.207710665879	456	8834.9284712482
GLOBAL	V	9880001	9890000	0.0050618426578206	9252	46.832168270156	367	9225.8990182328
GLOBAL	V	9890001	9900000	0.005777950776026	8992	51.955333378026	407	8952.9340813464
GLOBAL	V	9900001	9910000	0.0058589552620658	8826	51.711139142993	405	8761.4011220196
GLOBAL	V	9910001	9920000	0.0062600045370514	8726	54.624799590311	428	8686.0406732118
GLOBAL	V	9920001	9930000	0.0055699815697209	9008	50.174393980046	393	8957.0757363254
GLOBAL	V	9930001	9940000	0.0055145539979659	4919	27.126091115994	212	4694.7587657784
GLOBAL	V	9940001	9950000	0.0049882269821781	8338	41.591836577401	325	7590.3225806452
GLOBAL	V	9950001	9960000	0.0050154117700884	8881	44.541871930155	349	8849.7124824684
GLOBAL	V	9960001	9970000	0.0046223009551503	8972	41.471284169608	325	8952.8597475456
GLOBAL	V	9970001	9980000	0.0048705806048618	8515	41.472993850398	325	8491.6760168303
GLOBAL	V	9980001	9990000	0.0066073372842993	8289	54.768218749557	429	8256.3492286115
GLOBAL	V	9990001	10000000	0.0051603544976995	9149	47.212083299453	370	9125.270687237
GLOBAL	V	10000001	10010000	0.0053171122120665	8311	44.190519594484	346	8243.4249649369
GLOBAL	V	10010001	10020000	0.0054095994056406	8733	47.242031609459	370	8702.110799439
GLOBAL	V	10020001	10030000	0.0048474092077272	8584	41.61016063913	326	8552.2201963534
GLOBAL	V	10030001	10040000	0.0065417895292391	7800	51.025958328065	399	7706.5147265077
GLOBAL	V	10040001	10050000	0.0053993163716363	7592	40.991609893463	320	7323.7559607293
GLOBAL	V	10050001	10060000	0.0059228200823974	8267	48.96395362118	383	8178.8597475456
GLOBAL	V	10060001	10070000	0.0066812975061999	7272	48.586395465086	379	7039.6115007013
GLOBAL	V	10070001	10080000	0.0061453436849735	8268	50.809701587361	398	8207.0771388499
GLOBAL	V	10080001	10090000	0.0053248807256841	9083	48.365891631389	379	9040.6858345021
GLOBAL	V	10090001	10100000	0.0053424561573956	8982	47.985941205727	376	8952.1304347826
GLOBAL	V	10100001	10110000	0.0049007561175878	8983	44.023492204291	345	8960.1654978962
GLOBAL	V	10110001	10120000	0.0037040534729673	9577	35.473720110608	278	9561.4488078541
GLOBAL	V	10120001	10130000	0.0048214251855271	9158	44.154611849057	346	9135.3674614306
GLOBAL	V	10130001	10140000	0.0054404836330852	8562	46.581420866476	365	8535.2889200561
GLOBAL	V	10140001	10150000	0.0061551537935441	9019	55.513332063974	435	8993.4474053296
GLOBAL	V	10150001	10160000	0.0060019874671922	9104	54.642093901318	428	8996.6942496494
GLOBAL	V	10160001	10170000	0.0053673706393971	8853	47.517332270583	372	8756.96914446
GLOBAL	V	10170001	10180000	0.0047274539235351	8544	40.391366322684	316	8478.683029453
GLOBAL	V	10180001	10190000	0.0055364974413184	9221	51.052042906397	400	9193.2636746143
GLOBAL	V	10190001	10200000	0.0060292269754039	9016	54.359510410242	426	8993.8709677419
GLOBAL	V	10200001	10210000	0.0052279391604514	8940	46.737776094435	366	8895.443197756
GLOBAL	V	10210001	10220000	0.0058247527602496	8793	51.217051020875	401	8758.1935483871
GLOBAL	V	10220001	10230000	0.0056581350826075	8557	48.416661901873	379	8481.9186535764
GLOBAL	V	10230001	10240000	0.0056673282492031	8560	48.512329813178	380	8527.2398316971
GLOBAL	V	10240001	10250000	0.005446806490498	9119	49.669428386851	389	9057.9004207574
GLOBAL	V	10250001	10260000	0.0042968461367466	9361	40.222776686085	315	9318.3295932679
GLOBAL	V	10260001	10270000	0.0046457583809171	9477	44.027852175951	345	9454.6928471248
GLOBAL	V	10270001	10280000	0.0056933069824743	8935	50.869697888408	398	8874.0140252454
GLOBAL	V	10280001	10290000	0.0054885756363306	8384	46.016218134996	360	8279.8218793829
GLOBAL	V	10290001	10300000	0.0054460395237964	7410	40.355152871331	310	7279.4810659187
GLOBAL	V	10300001	10310000	0.0031525954450678	2028	6.3934635625974	34	354.31905465288
GLOBAL	V	10310001	10320000	0.004364399664892	4838	21.114965578748	159	3053.3155680224
GLOBAL	V	10320001	10330000	0.0055927015138239	8696	48.634132364212	381	8652.6311360449
GLOBAL	V	10330001	10340000	0.0059423038268702	8816	52.387350537688	410	8738.3632538569
GLOBAL	V	10340001	10350000	0.004998463148214	9192	45.945873258383	360	9160.7377279102
GLOBAL	V	10350001	10360000	0.0047850925469021	9253	44.276461336485	347	9233.4894810659
GLOBAL	V	10360001	10370000	0.0048466068994843	9034	43.784246729941	343	9000.3029453015
GLOBAL	V	10370001	10380000	0.0065848151263571	8613	56.715012683314	444	8568.4193548387
GLOBAL	V	10380001	10390000	0.0060882762628222	8593	52.316557926432	410	8567.6704067321
GLOBAL	V	10390001	10400000	0.0048101081369128	9314	44.801347187206	351	9281.5483870968
GLOBAL	V	10400001	10410000	0.0058348330770016	8732	50.949762428378	399	8690.0967741935
GLOBAL	V	10410001	10420000	0.0051007654898762	9081	46.320051413566	363	9059.1164095372
GLOBAL	V	10420001	10430000	0.0054335158740394	9065	49.254821398167	386	9045.7980364656
GLOBAL	V	10430001	10440000	0.0044017301833132	9508	41.851650582941	328	9492.1949509116
GLOBAL	V	10440001	10450000	0.0053771377059859	9005	48.421125042403	379	8900.9438990182
GLOBAL	V	10450001	10460000	0.0054839438006159	9175	50.315184370651	394	9105.8948106592
GLOBAL	V	10460001	10470000	0.0044913411674011	8620	38.715360862997	303	8249.5862552595
GLOBAL	V	10470001	10480000	0.0050407556919941	8961	45.170211755959	354	8940.0224403927
GLOBAL	V	10480001	10490000	0.0052366200029091	8827	46.223644765678	362	8763.7082748948
GLOBAL	V	10490001	10500000	0.0055818787059074	8739	48.780038010925	382	8695.4852734923
GLOBAL	V	10500001	10510000	0.0055372670204262	8825	48.866381455261	383	8810.1206171108
GLOBAL	V	10510001	10520000	0.0061682688272747	8954	55.230679079417	432	8821.6227208976
GLOBAL	V	10520001	10530000	0.0061810188162833	8945	55.289213311654	433	8898.6171107994
GLOBAL	V	10530001	10540000	0.0059318060888575	8446	50.10003422649	392	8356.9410939691
GLOBAL	V	10540001	10550000	0.0058415541737999	8935	52.194286542902	409	8909.8008415147
GLOBAL	V	10550001	10560000	0.0051469244360023	9227	47.490671770994	372	9176.3127629734
GLOBAL	V	10560001	10570000	0.0048928619226348	9309	45.547651637808	357	9292.9607293128
GLOBAL	V	10570001	10580000	0.0049922070242689	8794	43.901468571421	344	8766.5175315568
GLOBAL	V	10580001	10590000	0.0060582259698113	9290	56.280919259547	441	9261.1037868163
GLOBAL	V	10590001	10600000	0.0064979844943474	8838	57.429186961043	450	8812.3927068724
GLOBAL	V	10600001	10610000	0.0065790689555936	8180	53.816784056756	421	7784.7082748948
GLOBAL	V	10610001	10620000	0.0067993629090392	9046	61.507036875169	482	9016.5764375877
GLOBAL	V	10620001	10630000	0.0057736864603144	9083	52.442394119036	411	9065.9004207574
GLOBAL	V	10630001	10640000	0.0048475611390049	9217	44.679971018208	350	9176.4109396914
GLOBAL	V	10640001	10650000	0.0060507276718074	8672	52.471910369914	411	8630.9677419355
GLOBAL	V	10650001	10660000	0.0047340205024146	9460	44.783833952842	351	9443.523141655
GLOBAL	V	10660001	10670000	0.0055464430998569	8768	48.631213099545	381	8730.7545582048
GLOBAL	V	10670001	10680000	0.0061235375473055	8608	52.711411207205	412	8501.6213183731
GLOBAL	V	10680001	10690000	0.0047682390562442	8781	41.869907152881	328	8750.252454418
GLOBAL	V	10690001	10700000	0.0041945153262893	9338	39.16838411689	307	9323.6297335203
GLOBAL	V	10700001	10710000	0.0053914087407588	9238	49.805833947129	390	9191.7461430575
GLOBAL	V	10710001	10720000	0.0049264335468422	9099	44.825618842717	351	9034.7685834502
GLOBAL	V	10720001	10730000	0.0047618331875829	8555	40.737482919772	319	8484.2173913043
GLOBAL	V	10730001	10740000	0.0050242610870031	8893	44.680753846719	350	8848.8106591865
GLOBAL	V	10740001	10750000	0.0055200848691234	9029	49.840846283315	390	8910.7755960729
GLOBAL	V	10750001	10760000	0.0059263434685357	8007	47.452232152566	370	7678.6311360449
GLOBAL	V	10760001	10770000	0.0046448349296499	8911	41.390124058111	324	8628.2089761571
GLOBAL	V	10770001	10780000	0.0048736387610478	8389	40.88495556643	320	8306.7573632539
GLOBAL	V	10780001	10790000	0.004577847309323	9560	43.764220277128	343	9541.603085554
GLOBAL	V	10790001	10800000	0.0047825662330868	9045	43.25831157827	339	9026.141654979
GLOBAL	V	10800001	10810000	0.0057487785893275	8130	46.737569931232	366	8079.3380084151
GLOBAL	V	10810001	10820000	0.0052042295095783	8926	46.452952602496	364	8903.4179523142
GLOBAL	V	10820001	10830000	0.0046859591701033	9449	44.277628198306	347	9423.8036465638
GLOBAL	V	10830001	10840000	0.0050806222180126	8644	43.916898452501	344	8603.9775596073
GLOBAL	V	10840001	10850000	0.0047971947804341	9206	44.162975148677	346	9173.2089761571
GLOBAL	V	10850001	10860000	0.0048906089559444	7971	38.983043987833	305	7915.5525946704
GLOBAL	V	10860001	10870000	0.0061388530789492	8502	52.192528877226	408	8284.0350631136
GLOBAL	V	10870001	10880000	0.0053756454215104	8597	46.214423688725	362	8539.9915848527
GLOBAL	V	10880001	10890000	0.0044731155182571	9443	42.239629838902	331	9420.0855539972
GLOBAL	V	10890001	10900000	0.004465646600529	9543	42.615665508849	334	9526.7727910238
GLOBAL	V	10900001	10910000	0.0053405190710437	8963	47.867072433765	375	8937.049088359
GLOBAL	V	10910001	10920000	0.0052283805856712	9277	48.503686693271	380	9246.507713885
GLOBAL	V	10920001	10930000	0.0053723443554635	8842	47.502268791008	372	8796.8190743338
GLOBAL	V	10930001	10940000	0.0058211501530144	8770	51.051486841937	400	8743.3534361851
GLOBAL	V	10940001	10950000	0.0043517193596371	8800	38.295130364807	300	8767.9789621318
GLOBAL	V	10950001	10960000	0.0053118112006294	8918	47.370732287213	371	8873.4628330996
GLOBAL	V	10960001	10970000	0.0048829932249584	9259	45.21163426989	354	9218.1220196353
GLOBAL	V	10970001	10980000	0.0052540732182379	8719	45.810264389816	359	8694.7545582048
GLOBAL	V	10980001	10990000	0.0048233974550363	9258	44.655013638726	350	9244.8681626928
GLOBAL	V	10990001	11000000	0.0055236052362196	8619	47.607953530977	373	8590.2734922861
GLOBAL	V	11000001	11010000	0.0059662627610031	9007	53.738128688355	421	8963.4417952314
GLOBAL	V	11010001	11020000	0.0053425138793832	9076	48.488655969282	380	9056.7251051893
GLOBAL	V	11020001	11030000	0.0062076558969768	8580	53.261687596061	417	8523.2748948107
GLOBAL	V	11030001	11040000	0.0056280618616106	9253	52.076456405483	408	9212.1206171108
GLOBAL	V	11040001	11050000	0.0054813362637979	8716	47.775326875262	374	8663.7966339411
GLOBAL	V	11050001	11060000	0.0060791276189693	7536	45.812305736552	356	6926.9621318373
GLOBAL	V	11060001	11070000	0.0056749142370993	8433	47.856551761458	374	8353.9368863955
GLOBAL	V	11070001	11080000	0.0071247234124589	7663	54.596755509673	427	7562.8330995792
GLOBAL	V	11080001	11090000	0.0056310205541295	9201	51.811020118546	406	9169.1248246844
GLOBAL	V	11090001	11100000	0.0052621698894529	8974	47.22271258795	370	8945.3702664797
GLOBAL	V	11100001	11110000	0.0056093043237572	9168	51.426102040206	403	9141.4544179523
GLOBAL	V	11110001	11120000	0.0057354004872852	8325	47.747209056649	374	8282.2286115007
GLOBAL	V	11120001	11130000	0.0054616786677251	8812	48.128312419994	377	8778.6858345021
GLOBAL	V	11130001	11140000	0.0048457786269961	9086	44.028744604887	345	9052.2959326788
GLOBAL	V	11140001	11150000	0.0045908858056268	9318	42.777873936831	335	9290.3856942496
GLOBAL	V	11150001	11160000	0.0056803960784419	9126	51.839294611861	406	9083.0042075736
GLOBAL	V	11160001	11170000	0.0049296315849629	9344	46.062477529893	361	9328.3492286115
GLOBAL	V	11170001	11180000	0.0052322645441681	8950	46.828767670304	367	8933.3534361851
GLOBAL	V	11180001	11190000	0.0057570432691337	8734	50.282015912614	394	8708.4838709677
GLOBAL	V	11190001	11200000	0.0064451395077632	8349	53.810469750315	420	8293.7741935484
GLOBAL	V	11200001	11210000	0.0064058003751653	8534	54.667100401661	428	8430.2412342216
GLOBAL	V	11210001	11220000	0.0052426123425103	8962	46.984291813577	368	8926.556802244
GLOBAL	V	11220001	11230000	0.0072161995288686	8965	64.693228776307	507	8942.9116409537
GLOBAL	V	11230001	11240000	0.0049855487951655	9240	46.06647086733	361	9221.6157082749
GLOBAL	V	11240001	11250000	0.0060543229184383	9262	56.075138870575	439	9211.6816269285
GLOBAL	V	11250001	11260000	0.0061702435726116	8995	55.501340935641	435	8982.0196353436
GLOBAL	V	11260001	11270000	0.0067646589788275	9093	61.511044094479	482	9066.744740533
GLOBAL	V	11270001	11280000	0.0074967986395682	8345	62.560784647197	490	8301.6802244039
GLOBAL	V	11280001	11290000	0.0063475248328868	8943	56.765914580507	444	8856.683029453
GLOBAL	V	11290001	11300000	0.0048752172936568	8821	43.004291747347	337	8803.652173913
GLOBAL	V	11300001	11310000	0.0067192209421643	8201	55.10433094669	431	8137.1654978962
GLOBAL	V	11310001	11320000	0.0035700919756589	9424	33.644546778609	263	9368.2608695652
GLOBAL	V	11320001	11330000	0.0057683638021099	8944	51.592245846071	404	8915.7307152875
GLOBAL	V	11330001	11340000	0.0046031077746169	9757	44.912522556937	352	9739.1276297335
GLOBAL	V	11340001	11350000	0.0062925321058932	8680	54.619178679153	428	8652.0673211781
GLOBAL	V	11350001	11360000	0.0065649759727462	8630	56.6557426448	444	8610.7349228611
GLOBAL	V	11360001	11370000	0.0049394870002906	9043	44.667780943628	350	9017.6171107994
GLOBAL	V	11370001	11380000	0.0067849548627945	8992	61.010314126248	478	8961.1206171108
GLOBAL	V	11380001	11390000	0.0066502187201448	8714	57.950005927342	454	8677.6507713885
GLOBAL	V	11390001	11400000	0.007033852198722	7624	53.626089163056	419	7443.9270687237
GLOBAL	V	11400001	11410000	0.0070425477451498	7221	50.854237267727	398	7145.9985974755
GLOBAL	V	11410001	11420000	0.005446001469989	8627	46.982654681595	368	8586.7405329593
GLOBAL	V	11420001	11430000	0.0062463116858856	8706	54.38038953732	426	8672.5175315568
GLOBAL	V	11430001	11440000	0.0062896874992926	8865	55.758079681229	437	8847.6171107994
GLOBAL	V	11440001	11450000	0.0052830734040963	9256	48.900127428315	383	9209.3141654979
GLOBAL	V	11450001	11460000	0.0053095828191242	9186	48.773827776475	382	9146.8765778401
GLOBAL	V	11460001	11470000	0.0068252636511486	8606	58.738218981785	460	8552.2412342216
GLOBAL	V	11470001	11480000	0.0054070450323139	9179	49.631266351609	389	9166.7461430575
GLOBAL	V	11480001	11490000	0.0064204074628074	8964	57.552532496606	451	8938.4754558205
GLOBAL	V	11490001	11500000	0.0060948469386861	8944	54.512311019608	427	8916.1192145863
GLOBAL	V	11500001	11510000	0.0053479850817207	9091	48.618532377923	381	9071.7587657784
GLOBAL	V	11510001	11520000	0.006133213871114	9217	56.529832250058	443	9197.1276297335
GLOBAL	V	11520001	11530000	0.0059459654778089	8761	52.092603551084	407	8649.4712482468
GLOBAL	V	11530001	11540000	0.0050855220813121	7928	40.318019060643	315	7366.6058906031
GLOBAL	V	11540001	11550000	0.0040393507825681	9602	38.785846214219	304	9589.9228611501
GLOBAL	V	11550001	11560000	0.0040836406969063	9404	38.402557113707	301	9389.4796633941
GLOBAL	V	11560001	11570000	0.0056794210106749	9100	51.682731197142	405	9068.1851332398
GLOBAL	V	11570001	11580000	0.0047743463369331	9540	45.547264054341	357	9530.7503506311
GLOBAL	V	11580001	11590000	0.0051043501933676	9303	47.485769848899	372	9267.8765778401
GLOBAL	V	11590001	11600000	0.0056063907633662	8855	49.644590209608	389	8827.1079943899
GLOBAL	V	11600001	11610000	0.0057160284582481	8729	49.895212412048	390	8558.4880785414
GLOBAL	V	11610001	11620000	0.0059839005132037	9190	54.992045716342	431	9176.443197756
GLOBAL	V	11620001	11630000	0.0052225141513355	9096	47.503988720547	372	9055.873772791
GLOBAL	V	11630001	11640000	0.0047733432376911	8384	40.019709704802	313	7905.1528751753
GLOBAL	V	11640001	11650000	0.0059824163649904	8980	53.722098957614	421	8962.6437587658
GLOBAL	V	11650001	11660000	0.0049298346930603	9319	45.941129504629	360	9294.1178120617
GLOBAL	V	11660001	11670000	0.0050360693965224	9172	46.190828504903	362	9150.2791023843
GLOBAL	V	11670001	11680000	0.0052345311225864	8922	46.702486675716	366	8902.237026648
GLOBAL	V	11680001	11690000	0.007010276205429	8327	58.374569962607	457	8261.3913043478
GLOBAL	V	11690001	11700000	0.0059523927738613	8720	51.904864988071	406	8610.2875175316
GLOBAL	V	11700001	11710000	0.007218180789686	8171	58.979755232525	462	8130.3309957924
GLOBAL	V	11710001	11720000	0.0063181580196876	8524	53.855978959817	422	8494.8204768583
GLOBAL	V	11720001	11730000	0.0065934912195988	8765	57.791950539783	452	8697.0042075736
GLOBAL	V	11730001	11740000	0.0063724164976507	9034	57.568410639776	451	8970.1781206171
GLOBAL	V	11740001	11750000	0.0057527683834527	8589	49.410527645475	387	8452.4782608696
GLOBAL	V	11750001	11760000	0.0065687644197021	8354	54.875457962191	430	8335.5638148668
GLOBAL	V	11760001	11770000	0.00659977767294	8973	59.219805059291	464	8947.8611500701
GLOBAL	V	11770001	11780000	0.0074119293241318	8319	61.659840047453	483	8261.9074333801
GLOBAL	V	11780001	11790000	0.0080303680879047	8300	66.652055129609	522	8256.8485273492
GLOBAL	V	11790001	11800000	0.0041844937798949	8212	34.363062920497	269	8170.8906030856
GLOBAL	V	11800001	11810000	0.0055114494365631	9447	52.066662827211	408	9420.5806451613
GLOBAL	V	11810001	11820000	0.0070273702236304	8393	58.98071828693	462	8354.7335203366
GLOBAL	V	11820001	11830000	0.0073663356376493	8073	59.468427602742	466	8048.6016830295
GLOBAL	V	11830001	11840000	0.0073708784407307	8057	59.387167596967	465	7993.0224403927
GLOBAL	V	11840001	11850000	0.0066874276768339	7732	51.707190797279	405	7349.5441795231
GLOBAL	V	11850001	11860000	0.0066364917886842	8066	53.529942767526	418	7364.9719495091
GLOBAL	V	11860001	11870000	0.0067352217270958	8573	57.741055866393	452	8491.0995792426
GLOBAL	V	11870001	11880000	0.0075343949030864	8172	61.571075148022	482	8112.5624123422
GLOBAL	V	11880001	11890000	0.0073105170018723	9100	66.525704717038	521	9042.1150070126
GLOBAL	V	11890001	11900000	0.0070391496739232	8599	60.529648046066	474	8530.3001402525
GLOBAL	V	11900001	11910000	0.0068048428014645	7588	51.635147177513	404	7210.5007012623
GLOBAL	V	11910001	11920000	0.0061616291517521	8615	53.082435142344	416	8594.4558204769
GLOBAL	V	11920001	11930000	0.0048703335466381	8810	42.907638545882	336	8756.1697054698
GLOBAL	V	11930001	11940000	0.0066128045111362	8859	58.582835164156	459	8824.8527349229
GLOBAL	V	11940001	11950000	0.0071783010281353	8586	61.632892627569	483	8564.8415147265
GLOBAL	V	11950001	11960000	0.0054968714262607	9101	50.027026850399	392	9067.6605890603
GLOBAL	V	11960001	11970000	0.0058958618893391	8744	51.553416360381	404	8722.0448807854
GLOBAL	V	11970001	11980000	0.0066763322599846	8812	58.831839874985	461	8788.0350631136
GLOBAL	V	11980001	11990000	0.0074849994105007	8849	66.234759783521	519	8822.4852734923
GLOBAL	V	11990001	12000000	0.0064002387814677	8894	56.923723722374	446	8856.8415147265
GLOBAL	V	12000001	12010000	0.0059875392324972	8591	51.438949546383	403	8545.7012622721
GLOBAL	V	12010001	12020000	0.0043399274081689	9203	39.940351937379	313	9179.7124824684
GLOBAL	V	12020001	12030000	0.0066645050716776	8639	57.574659314222	451	8597.4586255259
GLOBAL	V	12030001	12040000	0.005092651908177	9073	46.20563076289	362	9030.9018232819
GLOBAL	V	12040001	12050000	0.0071575551537525	7087	50.725593374644	397	7009.2005610098
GLOBAL	V	12050001	12060000	0.0073126890947853	5220	38.17223707478	298	4589.8513323983
GLOBAL	V	12060001	12070000	0.0013424136706933	4324	5.804596712078	36	916.29530201342
GLOBAL	V	12070001	12080000	0.0012916970437521	3236	4.1799316335818	24	675.98837209302
GLOBAL	V	12080001	12090000	0.0020307271684164	3663	7.4385536179092	44	720.95856873823
GLOBAL	V	12090001	12100000	0.0014168363039743	2336	3.3097296060839	20	457.29583333333
GLOBAL	V	12100001	12110000	0.002719221619539	1952	5.3079206013402	29	414.06379585327
GLOBAL	V	12110001	12120000	0.0037733583228223	2485	9.3767954322135	57	699.85738831615
GLOBAL	V	12120001	12130000	0.0066474889875396	8253	54.861726614164	429	8141.3309957924
GLOBAL	V	12130001	12140000	0.0057180008692167	8800	50.318407649107	394	8735.6956521739
GLOBAL	V	12140001	12150000	0.0071298748033148	8614	61.416741555754	481	8557.0841514727
GLOBAL	V	12150001	12160000	0.0065659315850722	8903	58.456488901898	458	8868.2762973352
GLOBAL	V	12160001	12170000	0.0067628793264217	8494	57.443896998626	450	8454.301542777
GLOBAL	V	12170001	12180000	0.0071233305567145	8349	59.47268681801	466	8313.2510518934
GLOBAL	V	12180001	12190000	0.006942650866613	8456	58.707055728079	460	8425.4361851332
GLOBAL	V	12190001	12200000	0.004936620533926	9382	46.315373849294	363	9365.9733520337
GLOBAL	V	12200001	12210000	0.0061900130780574	8679	53.72312350446	421	8650.1486676017
GLOBAL	V	12210001	12220000	0.0066678133571344	8751	58.350034688283	457	8710.3913043478
GLOBAL	V	12220001	12230000	0.0081214378670243	8186	66.482090379461	520	8080.9789621318
GLOBAL	V	12230001	12240000	0.0064157482400402	7062	45.308014071164	352	5537.7685834502
GLOBAL	V	12240001	12250000	0.0069427035736478	9061	62.907837080823	493	9040.8204768583
GLOBAL	V	12250001	12260000	0.00842159356572	8314	70.017128905396	548	8270.2398316971
GLOBAL	V	12260001	12270000	0.0085336128283097	8512	72.638112394572	569	8462.9607293128
GLOBAL	V	12270001	12280000	0.0066136483303424	8894	58.821788250065	461	8877.7321178121
GLOBAL	V	12280001	12290000	0.0058215037189676	9259	53.901302933921	422	9190.9929873773
GLOBAL	V	12290001	12300000	0.0047446074347076	2664	12.639634206061	99	2398.4291725105
GLOBAL	V	12300001	12310000	0.0085055627042019	8549	72.714055558222	569	8452.446002805
GLOBAL	V	12310001	12320000	0.011702803726641	8095	94.734196167162	742	8053.5890603086
GLOBAL	V	12320001	12330000	0.0073224256590524	8891	65.103686534635	509	8763.683029453
GLOBAL	V	12330001	12340000	0.010576009014219	7246	76.633761317029	597	6921.8260869565
GLOBAL	V	12340001	12350000	0.0064926418344003	8952	58.122129701551	455	8847.0210378682
GLOBAL	V	12350001	12360000	0.007212817285899	8302	59.880809107533	467	8117.1697054698
GLOBAL	V	12360001	12370000	0.0097559468228415	7574	73.891541236201	573	7030.6367461431
GLOBAL	V	12370001	12380000	0.0072776390732798	9222	67.114387533786	526	9206.347826087
GLOBAL	V	12380001	12390000	0.0083377044843274	8435	70.328537325302	551	8411.7657784011
GLOBAL	V	12390001	12400000	0.007922114036834	8702	68.938236348529	540	8635.8471248247
GLOBAL	V	12400001	12410000	0.0070793129614571	8994	63.671340775346	499	8975.7335203366
GLOBAL	V	12410001	12420000	0.0075136920033526	8933	67.119810665949	526	8911.1711079944
GLOBAL	V	12420001	12430000	0.0067708457862099	8864	60.016777048965	470	8807.4866760168
GLOBAL	V	12430001	12440000	0.0065664322613021	8999	59.091323919458	463	8975.5960729313
GLOBAL	V	12440001	12450000	0.0057443897526331	9162	52.630098913624	412	9119.1514726508
GLOBAL	V	12450001	12460000	0.0064667492201964	8201	53.033810354831	415	8136.4936886396
GLOBAL	V	12460001	12470000	0.0071071614727122	8381	59.565120302801	466	8304.347826087
GLOBAL	V	12470001	12480000	0.0067809208610703	8811	59.74669370689	468	8763.1079943899
GLOBAL	V	12480001	12490000	0.0065904917089397	7887	51.979208108407	407	7824.6465638149
GLOBAL	V	12490001	12500000	0.0075757314724582	8230	62.348270018331	488	8159.1164095372
GLOBAL	V	12500001	12510000	0.0067603639275319	8874	59.991469492918	470	8846.476858345
GLOBAL	V	12510001	12520000	0.0066183308099158	8965	59.333335710895	465	8948.3057503506
GLOBAL	V	12520001	12530000	0.0095090260676138	7975	75.83448288922	594	7930.1739130435
GLOBAL	V	12530001	12540000	0.0076652263674833	8736	66.963417546334	524	8640.713884993
GLOBAL	V	12540001	12550000	0.0079926686169123	8458	67.601991161844	529	8368.889200561
GLOBAL	V	12550001	12560000	0.0076923769419864	8791	67.623685697002	529	8700.3071528752
GLOBAL	V	12560001	12570000	0.0067295228970508	8839	59.482252887032	466	8809.0476858345
GLOBAL	V	12570001	12580000	0.0065012481170314	8701	56.56735986629	442	8530.538569425
GLOBAL	V	12580001	12590000	0.0057196157997499	9104	52.071382240923	408	9080.3183730715
GLOBAL	V	12590001	12600000	0.0065626505186694	8713	57.180373969167	448	8681.2103786816
GLOBAL	V	12600001	12610000	0.0068782270005904	7463	51.332208105406	402	7067.0168302945
GLOBAL	V	12610001	12620000	0.0068583533791011	8710	59.736257931971	468	8684.3099579243
GLOBAL	V	12620001	12630000	0.0060196243487609	9072	54.610032091959	428	9053.9593267882
GLOBAL	V	12630001	12640000	0.0060007935389793	8997	53.989139470196	423	8968.9971949509
GLOBAL	V	12640001	12650000	0.005646355366849	8756	49.439487592129	380	8323.1402524544
GLOBAL	V	12650001	12660000	0.0066435040782547	8627	57.313509683103	448	8458.9789621318
GLOBAL	V	12660001	12670000	0.0086465092803536	8646	74.757719237937	585	8572.6255259467
GLOBAL	V	12670001	12680000	0.0064491253658649	8712	56.184780187415	440	8662.8134642356
GLOBAL	V	12680001	12690000	0.007302541638676	8661	63.247313132573	495	8581.9060308555
GLOBAL	V	12690001	12700000	0.0079728675574103	7898	62.969707968426	493	7835.2482468443
GLOBAL	V	12700001	12710000	0.0076985791749997	7613	58.609283259273	459	7567.5161290323
GLOBAL	V	12710001	12720000	0.0038824561483911	9137	35.474001827849	278	9114.5820476858
GLOBAL	V	12720001	12730000	0.0072422942602496	9038	65.455855524136	513	9021.4011220196
GLOBAL	V	12730001	12740000	0.0038974890629515	9266	36.114133657308	283	9238.8527349229
GLOBAL	V	12740001	12750000	0.0041978569868061	9331	39.170203543888	307	9319.9382889201
GLOBAL	V	12750001	12760000	0.0064005414251792	8918	57.080028429748	446	8808.2889200561
GLOBAL	V	12760001	12770000	0.0083687638654553	8824	73.845972348778	578	8725.6016830295
GLOBAL	V	12770001	12780000	0.0060174065582489	9457	56.90661382136	446	9440.8302945302
GLOBAL	V	12780001	12790000	0.0087562296493773	7653	67.011425506685	521	7306.1669004208
GLOBAL	V	12790001	12800000	0.0085843882337223	7369	63.2583568943	493	7075.1823281907
GLOBAL	V	12800001	12810000	0.0071998417782354	8637	62.185033438619	487	8577.3492286115
GLOBAL	V	12810001	12820000	0.0071125728511514	8784	62.476839924514	487	8591.5287517532
GLOBAL	V	12820001	12830000	0.0072704235084743	8234	59.864667168777	468	8170.7601683029
GLOBAL	V	12830001	12840000	0.0067469255141533	7849	52.95661836059	414	7704.1921458626
GLOBAL	V	12840001	12850000	0.0076538941412391	8622	65.991875285764	517	8583.618513324
GLOBAL	V	12850001	12860000	0.0063368311663082	9446	59.857707196948	469	9411.7363253857
GLOBAL	V	12860001	12870000	0.0063452887517061	9193	58.332239494435	457	9168.3772791024
GLOBAL	V	12870001	12880000	0.0082273159881797	8649	71.158055981766	557	8603.9102384292
GLOBAL	V	12880001	12890000	0.0070356707317135	8508	59.859486585418	469	8476.553997195
GLOBAL	V	12890001	12900000	0.0070197290647321	8218	57.688133453968	451	8144.3590462833
GLOBAL	V	12900001	12910000	0.0079738588427411	7702	61.414660806792	480	7547.2342215989
GLOBAL	V	12910001	12920000	0.0066789681436144	8772	58.587908555785	459	8729.1304347826
GLOBAL	V	12920001	12930000	0.0063895840468327	8628	55.129331156072	431	8441.0168302945
GLOBAL	V	12930001	12940000	0.0056929940653518	8966	51.043384789944	400	8944.7237026648
GLOBAL	V	12940001	12950000	0.006115664119527	8789	53.750571946523	421	8737.7755960729
GLOBAL	V	12950001	12960000	0.0049024351215154	9370	45.9358170886	360	9349.9775596073
GLOBAL	V	12960001	12970000	0.0055369269093396	9266	51.305164741941	402	9243.5343618513
GLOBAL	V	12970001	12980000	0.006281053035754	9225	57.94271425483	454	9193.2524544179
GLOBAL	V	12980001	12990000	0.0062926274048787	9145	57.546077617616	451	9127.3450210379
GLOBAL	V	12990001	13000000	0.007214276050417	8247	59.496134587789	466	8199.1865357644
GLOBAL	V	13000001	13010000	0.0070948769244649	8637	61.278451996604	479	8532.3085553997
GLOBAL	V	13010001	13020000	0.0081436646921887	8668	70.589285551892	553	8628.2187938289
GLOBAL	V	13020001	13030000	0.0091617065957471	8186	74.997730192786	587	8110.5736325386
GLOBAL	V	13030001	13040000	0.0060741756814987	8822	53.586377862182	419	8750.4333800842
GLOBAL	V	13040001	13050000	0.0080622388730162	7981	64.344728445542	503	7850.6661991585
GLOBAL	V	13050001	13060000	0.0069766968452323	8877	61.932137895127	482	8793.4796633941
GLOBAL	V	13060001	13070000	0.0063912848658479	9025	57.681345914277	452	8997.8611500701
GLOBAL	V	13070001	13080000	0.0074971799205503	8716	65.345420187516	512	8692.0448807854
GLOBAL	V	13080001	13090000	0.0051588455518174	9107	46.981606440401	368	9059.4978962132
GLOBAL	V	13090001	13100000	0.0070878740111756	9199	65.201353028804	511	9180.8415147265
GLOBAL	V	13100001	13110000	0.0078543756702277	8555	67.194183858798	526	8495.0546984572
GLOBAL	V	13110001	13120000	0.0077630828211511	9074	70.442213519125	552	9050.2650771389
GLOBAL	V	13120001	13130000	0.0063743909347715	8655	55.170353540448	432	8157.3927068724
GLOBAL	V	13130001	13140000	0.0079951271049035	8659	69.229805601359	542	8560.2131837307
GLOBAL	V	13140001	13150000	0.0075520952425237	7182	54.239148031805	411	6084.4011220196
GLOBAL	V	13150001	13160000	0.0068257059793809	8718	59.506504728243	466	8665.4179523142
GLOBAL	V	13160001	13170000	0.006000539327616	8636	51.820657633292	405	8301.3029453015
GLOBAL	V	13170001	13180000	0.0066563740529031	9124	60.732756858688	476	9109.2258064516
GLOBAL	V	13180001	13190000	0.007026875620808	9043	63.544036238966	498	9024.2973352034
GLOBAL	V	13190001	13200000	0.0068799052814427	6542	45.008340351198	349	6370.8513323983
GLOBAL	V	13200001	13210000	0.0072963412548409	9041	65.966221285017	517	9023.0014025245
GLOBAL	V	13210001	13220000	0.0077058511375349	8871	68.358605441072	535	8812.3786816269
GLOBAL	V	13220001	13230000	0.0082839267901127	7830	64.863146766583	508	7790.8485273492
GLOBAL	V	13230001	13240000	0.0081102947270739	8922	72.360049554954	567	8897.412342216
GLOBAL	V	13240001	13250000	0.007930346275814	8465	67.130381224765	526	8434.7265077139
GLOBAL	V	13250001	13260000	0.0075301655775356	9405	70.821207256723	555	9385.8078541374
GLOBAL	V	13260001	13270000	0.0073451188778658	9134	67.090315830426	525	9089.2187938289
GLOBAL	V	13270001	13280000	0.0084605621034219	8067	68.251354488305	534	7976.6563814867
GLOBAL	V	13280001	13290000	0.0070239826196735	7869	55.271719234211	432	7788.7391304348
GLOBAL	V	13290001	13300000	0.0068981519900302	9104	62.800775717235	492	9068.3099579243
GLOBAL	V	13300001	13310000	0.0080158931449412	7988	64.03095444179	500	7811.0757363254
GLOBAL	V	13310001	13320000	0.0064609166423817	8681	56.087217372515	436	8211.5610098177
GLOBAL	V	13320001	13330000	0.0064026981313363	9296	59.519481828902	466	9215.2903225806
GLOBAL	V	13330001	13340000	0.0058944674207276	9268	54.629924055304	428	9238.5427769986
GLOBAL	V	13340001	13350000	0.0076966223208766	8251	63.504830769552	497	8204.4053295933
GLOBAL	V	13350001	13360000	0.007065718907615	8979	63.443090071475	497	8941.7685834502
GLOBAL	V	13360001	13370000	0.0067105616213227	8712	58.462412844963	458	8679.9523141655
GLOBAL	V	13370001	13380000	0.0065154064076933	8464	55.146399834716	432	8437.5469845722
GLOBAL	V	13380001	13390000	0.0065804664717434	8571	56.401178129313	442	8553.2987377279
GLOBAL	V	13390001	13400000	0.0068685695460218	8606	59.110909513063	463	8578.159887798
GLOBAL	V	13400001	13410000	0.0069638826661482	8942	62.271038800697	488	8922.5105189341
GLOBAL	V	13410001	13420000	0.0073484614465638	9036	66.40069763115	520	8980.3366058906
GLOBAL	V	13420001	13430000	0.007496093986033	8505	63.75427935121	499	8439.4221598878
GLOBAL	V	13430001	13440000	0.007477522949163	8550	63.932821215344	501	8524.2398316971
GLOBAL	V	13440001	13450000	0.0076626603492549	8571	65.676661853464	514	8504.4291725105
GLOBAL	V	13450001	13460000	0.0071130828320704	9150	65.084707913444	510	9127.6928471248
GLOBAL	V	13460001	13470000	0.0077021617028524	8484	65.345139886999	512	8456.350631136
GLOBAL	V	13470001	13480000	0.0076477730598346	8331	63.713597361482	499	8273.4165497896
GLOBAL	V	13480001	13490000	0.0070005208445672	8824	61.772595932461	484	8794.3884992987
GLOBAL	V	13490001	13500000	0.0058826851667737	8938	52.579440020623	412	8916.7517531557
GLOBAL	V	13500001	13510000	0.0084438882439961	8418	71.080651237959	557	8392.6086956522
GLOBAL	V	13510001	13520000	0.0072393071478197	8621	62.410066921353	489	8591.4446002805
GLOBAL	V	13520001	13530000	0.0062987960272068	8894	56.021491865977	439	8870.950911641
GLOBAL	V	13530001	13540000	0.0077492903193741	8008	62.056316877548	486	7960.5497896213
GLOBAL	V	13540001	13550000	0.0075104529155153	7586	56.974295817099	445	7368.5708274895
GLOBAL	V	13550001	13560000	0.0062985072154082	8633	54.375012790619	426	8604.6451612903
GLOBAL	V	13560001	13570000	0.0070667218952229	9156	64.702905672661	507	9129.8260869565
GLOBAL	V	13570001	13580000	0.0079001153014057	8417	66.495270491932	521	8381.5974754558
GLOBAL	V	13580001	13590000	0.0064909134196112	8005	51.959761923987	407	7959.5834502104
GLOBAL	V	13590001	13600000	0.0073210779415146	8631	63.188223713213	495	8593.332398317
GLOBAL	V	13600001	13610000	0.0063360062035167	8661	54.876149728658	430	8639.2131837307
GLOBAL	V	13610001	13620000	0.00808030971589	8750	70.702710014037	554	8723.1220196353
GLOBAL	V	13620001	13630000	0.0090743460371287	8119	73.674615475448	577	8086.8330995792
GLOBAL	V	13630001	13640000	0.0079904820740664	8817	70.452080447044	552	8786.1739130435
GLOBAL	V	13640001	13650000	0.0081997193565018	8539	70.017403585169	548	8482.4824684432
GLOBAL	V	13650001	13660000	0.0077634839695105	8091	62.814348797309	492	8052.7868162693
GLOBAL	V	13660001	13670000	0.0069601649085871	8304	57.797209400907	452	7906.270687237
GLOBAL	V	13670001	13680000	0.0079290479147477	8788	69.680473074803	546	8758.0070126227
GLOBAL	V	13680001	13690000	0.0077618902527081	8487	65.875162574733	516	8452.1037868163
GLOBAL	V	13690001	13700000	0.0062938902202157	9285	58.438770694703	458	9263.6858345021
GLOBAL	V	13700001	13710000	0.0059688387675635	9320	55.629577313692	436	9305.0084151473
GLOBAL	V	13710001	13720000	0.0068694505058555	8363	57.44921458047	450	8329.1669004208
GLOBAL	V	13720001	13730000	0.0081803254750167	8445	69.082848636516	541	8385.8695652174
GLOBAL	V	13730001	13740000	0.0077911610841278	7703	60.015313831037	470	7248.4936886396
GLOBAL	V	13740001	13750000	0.0082562083353964	8644	71.366664851166	559	8608.1164095372
GLOBAL	V	13750001	13760000	0.008760919357973	8115	71.094860589951	557	8079.2258064516
GLOBAL	V	13760001	13770000	0.0093204141166875	7837	73.04408543248	570	7235.0897615708
GLOBAL	V	13770001	13780000	0.0072128145646554	7892	56.92353254426	445	7812.3267882188
GLOBAL	V	13780001	13790000	0.0080037352737341	7894	63.181486250857	495	7864.1711079944
GLOBAL	V	13790001	13800000	0.0065762432170771	7883	51.840525280219	406	7835.8036465638
GLOBAL	V	13800001	13810000	0.0046471219204337	9448	43.906007904257	344	9420.5343618513
GLOBAL	V	13810001	13820000	0.0083803641389945	8335	69.850335098519	547	8279.4095371669
GLOBAL	V	13820001	13830000	0.0068950005158416	8890	61.296554585832	480	8858.9551192146
GLOBAL	V	13830001	13840000	0.0077052830551229	8361	64.423871623883	504	8311.3366058906
GLOBAL	V	13840001	13850000	0.0079357137375354	8651	68.651859543418	538	8630.2159887798
GLOBAL	V	13850001	13860000	0.0072406088351722	8656	62.674710077251	491	8624.141654979
GLOBAL	V	13860001	13870000	0.0078729507954425	9096	71.612360435345	561	9060.7180925666
GLOBAL	V	13870001	13880000	0.008453222118047	7514	63.517510995006	496	7234.443197756
GLOBAL	V	13880001	13890000	0.0077206849985663	7878	60.823556418705	475	7387.7559607293
GLOBAL	V	13890001	13900000	0.007588945857138	8202	62.244533920246	487	8132.0939691445
GLOBAL	V	13900001	13910000	0.0077548204109973	8216	63.713604496754	496	7912.286115007
GLOBAL	V	13910001	13920000	0.0067571771396611	8990	60.747022485553	476	8962.8078541374
GLOBAL	V	13920001	13930000	0.0078975206557477	7989	63.093292518768	494	7931.9621318373
GLOBAL	V	13930001	13940000	0.0070016752611326	8575	60.039365364212	470	8511.6367461431
GLOBAL	V	13940001	13950000	0.0070086008162836	8630	60.484225044527	474	8607.3338008415
GLOBAL	V	13950001	13960000	0.007755641544229	8195	63.557482454956	497	8079.7265077139
GLOBAL	V	13960001	13970000	0.0058432875169529	9264	54.132215557051	424	9226.2538569425
GLOBAL	V	13970001	13980000	0.006586389269297	8874	58.447618375742	458	8853.8877980365
GLOBAL	V	13980001	13990000	0.0077842298117566	7732	60.187664904502	471	7642.1893408135
GLOBAL	V	13990001	14000000	0.0088774917368373	7989	70.922281485593	555	7905.8302945302
GLOBAL	V	14000001	14010000	0.0070831900708442	6736	47.712368317206	372	6346.9677419355
GLOBAL	V	14010001	14020000	0.009384582623123	7661	71.895287475745	562	7220.6011235955
GLOBAL	V	14020001	14030000	0.0084616277748343	8219	69.546118681363	544	8152.8877980365
GLOBAL	V	14030001	14040000	0.010140645378209	6868	69.645952457538	544	6739.0939691445
GLOBAL	V	14040001	14050000	0.0091517902237174	6822	62.4335129062	488	6362.3211781206
GLOBAL	V	14050001	14060000	0.0081979347384196	8222	67.403419419286	528	8188.0939691445
GLOBAL	V	14060001	14070000	0.00808983960788	8365	67.671508319916	530	8316.1304347826
GLOBAL	V	14070001	14080000	0.0093459188503476	7780	72.711248655705	569	7724.2187938289
GLOBAL	V	14080001	14090000	0.0098511733855117	8137	80.158997837909	628	8103.2762973352
GLOBAL	V	14090001	14100000	0.0090619490905214	8040	72.858070687792	570	7955.98457223
GLOBAL	V	14100001	14110000	0.011244679300057	8261	92.892295697767	727	8157.7966339411
GLOBAL	V	14110001	14120000	0.0082997459545812	8688	72.108192853402	565	8660.0322580645
GLOBAL	V	14120001	14130000	0.0091871585413086	8099	74.406797026058	583	8073.2398316971
GLOBAL	V	14130001	14140000	0.0073530998828258	8785	64.596982470624	506	8746.2594670407
GLOBAL	V	14140001	14150000	0.0066824115029893	8812	58.885410164342	461	8771.4137447405
GLOBAL	V	14150001	14160000	0.0071466327392109	8946	63.933776484981	501	8918.1851332398
GLOBAL	V	14160001	14170000	0.0067362829463403	9138	61.556153563658	482	9094.618513324
GLOBAL	V	14170001	14180000	0.0082475258925444	8156	67.266821179593	527	8124.3927068724
GLOBAL	V	14180001	14190000	0.0085890403029194	7888	67.750349909428	530	7810.5259467041
GLOBAL	V	14190001	14200000	0.009453879267419	7856	74.269675524843	581	7648.1136044881
GLOBAL	V	14200001	14210000	0.0087420818697436	6894	60.267912410012	469	6605.2342215989
GLOBAL	V	14210001	14220000	0.010205512458854	6667	68.04015156318	531	6467.4039270687
GLOBAL	V	14220001	14230000	0.011555704065879	6818	78.786790321162	615	6652.9579242637
GLOBAL	V	14230001	14240000	0.0076862035899836	8078	62.089152599887	486	7998.9775596073
GLOBAL	V	14240001	14250000	0.0069686509239441	7559	52.676032334094	412	7459.3338008415
GLOBAL	V	14250001	14260000	0.010720382130416	7669	82.214610558159	643	7559.7910238429
GLOBAL	V	14260001	14270000	0.0073664128538495	8474	62.422982523521	488	8324.5624123422
GLOBAL	V	14270001	14280000	0.0083661027667678	7950	66.510516995804	521	7900.0224403927
GLOBAL	V	14280001	14290000	0.0085317429025317	8706	74.277353709441	582	8680.0112201964
GLOBAL	V	14290001	14300000	0.0081590050685742	9149	74.646737372385	585	9131.4740532959
GLOBAL	V	14300001	14310000	0.0071082647735578	9227	65.587959065618	514	9204.6465638149
GLOBAL	V	14310001	14320000	0.0077405292424947	8647	66.932356359851	524	8604.5217391304
GLOBAL	V	14320001	14330000	0.0077577516082692	8523	66.119316957278	517	8405.5918653576
GLOBAL	V	14330001	14340000	0.0072501974103626	8348	60.524647981707	474	8311.9593267882
GLOBAL	V	14340001	14350000	0.0081222697717613	8486	68.925581283166	540	8452.6872370267
GLOBAL	V	14350001	14360000	0.010520556771708	8428	88.667252471956	694	8368.2734922861
GLOBAL	V	14360001	14370000	0.010652930485704	8249	87.876023576572	688	8187.1739130435
GLOBAL	V	14370001	14380000	0.0077972968621519	8776	68.429077262245	536	8711.7952314165
GLOBAL	V	14380001	14390000	0.0098649908640132	8141	80.310890623932	629	8097.7433380084
GLOBAL	V	14390001	14400000	0.0091112235880924	8243	75.103816036646	588	8198.683029453
GLOBAL	V	14400001	14410000	0.010293706751269	8360	86.055388440606	674	8320.8443197756
GLOBAL	V	14410001	14420000	0.0091563071387867	8535	78.149081429544	611	8421.920056101
GLOBAL	V	14420001	14430000	0.0063181752352224	8889	56.162259665892	440	8850.4642356241
GLOBAL	V	14430001	14440000	0.0068302755534162	8838	60.365975341092	473	8817.7461430575
GLOBAL	V	14440001	14450000	0.0089417025030701	8635	77.21160111401	605	8610.4740532959
GLOBAL	V	14450001	14460000	0.0073932335478066	9115	67.389323788257	528	9095.7643758766
GLOBAL	V	14460001	14470000	0.0081311478483643	8015	65.17115000464	510	7609.0504908836
GLOBAL	V	14470001	14480000	0.0072419323157659	8764	63.468294815373	497	8724.2622720898
GLOBAL	V	14480001	14490000	0.0073485023061196	8787	64.571289763873	506	8765.1122019635
GLOBAL	V	14490001	14500000	0.010007124762361	7669	76.74463980255	599	7531.8176718093
GLOBAL	V	14500001	14510000	0.0083454128740938	7968	66.49624978078	520	7535.7377279102
GLOBAL	V	14510001	14520000	0.0082178976093364	6633	54.509314842728	426	6551.2776998597
GLOBAL	V	14520001	14530000	0.008807738391204	8090	71.254603584841	558	8041.1935483871
GLOBAL	V	14530001	14540000	0.0072019753449396	8703	62.678791427009	491	8668.1865357644
GLOBAL	V	14540001	14550000	0.0064520612031421	7418	47.861390004908	370	6849.7657784011
GLOBAL	V	14550001	14560000	0.011083780008265	7942	88.027380825643	689	7868.9957924264
GLOBAL	V	14560001	14570000	0.009186377805379	7428	68.236414338356	528	6302.2833099579
GLOBAL	V	14570001	14580000	0.010368101537633	6699	69.455912200602	542	6611.3590462833
GLOBAL	V	14580001	14590000	0.0081732492740391	9042	73.902519935862	579	9009.7741935484
GLOBAL	V	14590001	14600000	0.0088111453762431	8518	75.053336314838	588	8486.0504908836
GLOBAL	V	14600001	14610000	0.00994466948445	7702	76.593844369234	600	7669.6129032258
GLOBAL	V	14610001	14620000	0.0085721740602505	8520	73.034922993334	572	8470.618513324
GLOBAL	V	14620001	14630000	0.010386358974408	7477	77.658806051648	608	7414.1711079944
GLOBAL	V	14630001	14640000	0.0088895816103593	8488	75.45476870873	591	8445.2594670407
GLOBAL	V	14640001	14650000	0.010156529645754	6873	69.805828255271	546	6743.8976157083
GLOBAL	V	14650001	14660000	0.010032241495874	7058	70.80756047788	551	6823.3927068724
GLOBAL	V	14660001	14670000	0.0086890369522963	6688	58.112279136958	451	6099.2258064516
GLOBAL	V	14670001	14680000	0.0086799742036283	8207	71.236548289178	558	8172.8443197756
GLOBAL	V	14680001	14690000	0.011699507745179	6223	72.806036698251	564	5820.0518934081
GLOBAL	V	14690001	14700000	0.0084446427314134	8565	72.328364994556	566	8510.824684432
GLOBAL	V	14700001	14710000	0.010574661769605	7282	77.004687006262	601	7043.7026647966
GLOBAL	V	14710001	14720000	0.008473029626626	8632	73.139191737035	573	8604.3842917251
GLOBAL	V	14720001	14730000	0.010322558898892	8297	85.646271184109	671	8268.8513323983
GLOBAL	V	14730001	14740000	0.0090839752111592	8414	76.432567426693	598	8339.5301542777
GLOBAL	V	14740001	14750000	0.0080438987328003	9093	73.143171177353	573	9047.461430575
GLOBAL	V	14750001	14760000	0.0094223268893502	7701	72.561339374886	566	7451.2145862553
GLOBAL	V	14760001	14770000	0.007487213012195	9070	67.909022020609	532	9035.8345021038
GLOBAL	V	14770001	14780000	0.010401925987684	7678	79.865987733441	624	7388.5021037868
GLOBAL	V	14780001	14790000	0.0072963371145419	8719	63.616763301691	498	8648.5119214586
GLOBAL	V	14790001	14800000	0.0069069750534506	8540	58.985566956468	462	8493.03085554
GLOBAL	V	14800001	14810000	0.012844401370177	6907	88.71628026381	694	6857.0392706872
GLOBAL	V	14810001	14820000	0.013144938311575	6941	91.239016820643	714	6899.8653576438
GLOBAL	V	14820001	14830000	0.012298002434884	7141	87.820035387506	687	7037.2566619916
GLOBAL	V	14830001	14840000	0.0096460795685775	7894	76.146152114351	596	7793.2945301543
GLOBAL	V	14840001	14850000	0.011858601921968	8280	98.189223913895	769	8236.2131837307
GLOBAL	V	14850001	14860000	0.0098957261774746	8048	79.640804276315	624	8024.7251051893
GLOBAL	V	14860001	14870000	0.010141719843645	8481	86.011925993949	674	8456.889200561
GLOBAL	V	14870001	14880000	0.010479813183927	7599	79.636100384661	620	7522.8387096774
GLOBAL	V	14880001	14890000	0.013433493416511	6891	92.570203133176	723	6726.3295932679
GLOBAL	V	14890001	14900000	0.01177911068105	6283	74.008152409037	575	5882.2987377279
GLOBAL	V	14900001	14910000	0.015286229825637	6026	92.114820929289	719	5857.8022440393
GLOBAL	V	14910001	14920000	0.011917519231142	6438	76.724988810093	594	6030.3071528752
GLOBAL	V	14920001	14930000	0.012533602635703	5773	72.356488015913	559	5059.492286115
GLOBAL	V	14930001	14940000	0.019606860191264	4613	90.4464460623	700	4195.175315568
GLOBAL	V	14940001	14950000	0.022187712322286	5246	116.39673884271	887	4336.4600280505
GLOBAL	V	14950001	14960000	0.021691761610273	5721	124.09856817237	961	5357.9032258065
GLOBAL	V	14960001	14970000	0.021474862217303	5595	120.15185410581	935	5220.0434782609
GLOBAL	V	14970001	14980000	0.021256581735493	7177	152.55848711563	1193	7051.4698457223
GLOBAL	V	14980001	14990000	0.023261469857451	4959	115.3536290231	892	4643.3590462833
GLOBAL	V	14990001	15000000	0.015185263154953	7486	113.67687997798	887	7379.6816269285
GLOBAL	V	15000001	15010000	0.016219219408565	6552	106.26832556492	829	6405.3548387097
GLOBAL	V	15010001	15020000	0.0021646711416078	1429	3.0933150613576	17	360.33085501859
GLOBAL	V	15020001	15030000	0.012641377920256	3462	43.764450359926	339	2264.1234221599
GLOBAL	V	15030001	15040000	0.013075583699467	7505	98.132255664502	768	7457.1584852735
GLOBAL	V	15040001	15050000	0.013193563697425	7838	103.41115226042	810	7795.3520336606
GLOBAL	V	15050001	15060000	0.013582682753388	5318	72.232706882519	564	4822.1444600281
GLOBAL	V	15060001	15070000	0.013533193143186	6492	87.857489885561	684	6239.126227209
GLOBAL	V	15070001	15080000	0.01681549792433	6795	114.26130839582	884	6288.0967741935
GLOBAL	V	15080001	15090000	0.016286625780983	5589	91.025951489912	711	5349.175315568
GLOBAL	V	15090001	15100000	0.016602308709925	6372	105.78991109964	813	5769.6802244039
GLOBAL	V	15100001	15110000	0.014008783733796	7193	100.7651813972	789	7154.7194950912
GLOBAL	V	15110001	15120000	0.015452650627583	6223	96.161844855448	748	6097.7012622721
GLOBAL	V	15120001	15130000	0.015741442795374	6237	98.179378714746	762	5900.0855539972
GLOBAL	V	15130001	15140000	0.014179612568324	5076	71.975713396811	555	4278.507713885
GLOBAL	V	15140001	15150000	0.013017875062249	6168	80.294253383951	619	5538.7307152875
GLOBAL	V	15150001	15160000	0.012605596660399	7111	89.638397852099	700	6925.5596072931
GLOBAL	V	15160001	15170000	0.016680767871968	7118	118.73370571267	929	7026.3730715288
GLOBAL	V	15170001	15180000	0.014082355180529	6939	97.717462597687	763	6799.5007012623
GLOBAL	V	15180001	15190000	0.015194015318167	7541	114.5780695143	897	7485.2889200561
GLOBAL	V	15190001	15200000	0.013426649821301	7790	104.59360210794	819	7742.4474053296
GLOBAL	V	15200001	15210000	0.015180207298429	6503	98.716888061682	769	6261.8485273492
GLOBAL	V	15210001	15220000	0.014349327005872	7922	113.67536854051	889	7845.2384291725
GLOBAL	V	15220001	15230000	0.011116993639715	8201	91.170464839304	714	8154.8359046283
GLOBAL	V	15230001	15240000	0.012988303695464	7711	100.15280979572	783	7634.0420757363
GLOBAL	V	15240001	15250000	0.010421074940113	6497	67.705723885912	527	6103.5553997195
GLOBAL	V	15250001	15260000	0.012169722980499	8379	101.9701088536	795	8089.5301542777
GLOBAL	V	15260001	15270000	0.010760365231072	6845	73.654700006685	572	6252.0252454418
GLOBAL	V	15270001	15280000	0.01290225753201	6319	81.52936534477	637	6180.1809256662
GLOBAL	V	15280001	15290000	0.011848413098626	6415	76.007570027685	594	6327.8485273492
GLOBAL	V	15290001	15300000	0.011297219854019	7166	80.955877473898	633	7058.4081346424
GLOBAL	V	15300001	15310000	0.0096614429427462	8093	78.190057735645	612	8045.8036465638
GLOBAL	V	15310001	15320000	0.011362640171623	7560	85.901559697468	671	7455.1051893408
GLOBAL	V	15320001	15330000	0.013268080776939	6749	89.546277163559	701	6690.4558204769
GLOBAL	V	15330001	15340000	0.012218092676946	6816	83.278519686066	649	6554.064516129
GLOBAL	V	15340001	15350000	0.010892615447223	8034	87.511272502989	685	7944.1823281907
GLOBAL	V	15350001	15360000	0.014556864604864	6462	94.066459076632	734	6275.5932678822
GLOBAL	V	15360001	15370000	0.011610604479355	7732	89.773193834376	702	7659.587657784
GLOBAL	V	15370001	15380000	0.011873384022143	7849	93.194191189799	730	7815.6816269285
GLOBAL	V	15380001	15390000	0.012540501973949	7522	94.329655848046	739	7490.7573632539
GLOBAL	V	15390001	15400000	0.013408247105086	7053	94.568366832169	740	6980.729312763
GLOBAL	V	15400001	15410000	0.01390971813911	6389	88.869189190771	687	5794.5035063114
GLOBAL	V	15410001	15420000	0.013142746265718	8248	108.40137119964	849	8196.7208976157
GLOBAL	V	15420001	15430000	0.013141233163972	7750	101.84455702078	791	7558.9957924264
GLOBAL	V	15430001	15440000	0.012833536545518	7896	101.33360456341	793	7812.0603085554
GLOBAL	V	15440001	15450000	0.011571209303155	7544	87.293202982999	682	7389.9957924264
GLOBAL	V	15450001	15460000	0.010766243925161	6742	72.586016543435	553	5932.1626928471
GLOBAL	V	15460001	15470000	0.011750959642809	7077	83.161541392161	637	6515.5862552595
GLOBAL	V	15470001	15480000	0.010133325745594	7204	73.00047867126	571	7059.4191279887
GLOBAL	V	15480001	15490000	0.0078295915811867	5778	45.239380156097	338	3568.5575842697
GLOBAL	V	15490001	15500000	0.013200581258324	6768	89.341533956336	696	6558.8948106592
GLOBAL	V	15500001	15510000	0.0084617999334976	5291	44.771383448136	347	4994.6367461431
GLOBAL	V	15510001	15520000	0.012029348428552	7733	93.022951397994	728	7659.7503506311
GLOBAL	V	15520001	15530000	0.011954990447768	7158	85.573821625121	669	7072.0827489481
GLOBAL	V	15530001	15540000	0.011547572073035	8001	92.392124156355	723	7911.2328190743
GLOBAL	V	15540001	15550000	0.011834648513086	6729	79.635349844559	616	6389.6223880597
GLOBAL	V	15550001	15560000	0.012284352435922	5153	63.301268102304	490	4789.5049088359
GLOBAL	V	15560001	15570000	0.019779935168692	4958	98.068918566375	755	4090.1299435028
GLOBAL	V	15570001	15580000	0.027810461659621	4217	117.27671681862	905	3692.8877980365
GLOBAL	V	15580001	15590000	0.018499479800325	4619	85.449097197703	662	4178.2272089762
GLOBAL	V	15590001	15600000	0.019347388344722	6425	124.30697011484	972	6208.8232819074
GLOBAL	V	15600001	15610000	0.017944505467876	6945	124.6245904744	975	6865.2131837307
GLOBAL	V	15610001	15620000	0.019387520795817	5806	112.56394574051	871	5203.5119214586
GLOBAL	V	15620001	15630000	0.015339049990107	2576	39.513392774516	288	1780.7251051893
GLOBAL	V	15630001	15640000	0.0086439455668303	6774	58.554087269708	427	3452.8288920056
GLOBAL	V	15640001	15650000	0.017363632972058	5743	99.71934415853	768	5020.3913043478
GLOBAL	V	15650001	15660000	0.0074165432572	3747	27.789787584728	194	2301.191702432
GLOBAL	V	15660001	15670000	0.011083537772795	3652	40.477079946247	281	1541.6941529235
GLOBAL	V	15670001	15680000	0.019570808258975	4439	86.87481786159	673	4166.5021037868
GLOBAL	V	15680001	15690000	0.015857667555193	6374	101.0767729968	772	5324.7840112202
GLOBAL	V	15690001	15700000	0.022492443068151	5532	124.42819505301	964	5167.1095505618
GLOBAL	V	15700001	15710000	0.019814374159291	5310	105.21432678584	799	4357.2514044944
GLOBAL	V	15710001	15720000	0.021099335301376	4935	104.12521971229	786	3719.9872881356
GLOBAL	V	15720001	15730000	0.023275940448132	4953	115.2857330396	860	3586.1067251462
GLOBAL	V	15730001	15740000	0.022086835297625	5064	111.84773394717	847	3837.5868945869
GLOBAL	V	15740001	15750000	0.010792470691117	6319	68.197622297167	511	2444.3835227273
GLOBAL	V	15750001	15760000	0.020981282380171	4886	102.51454570952	786	3821.1079943899
GLOBAL	V	15760001	15770000	0.021889145649053	5017	109.8178437213	857	4909.0126227209
GLOBAL	V	15770001	15780000	0.017368217893063	6121	106.31086172344	826	5488.683029453
GLOBAL	V	15780001	15790000	0.019153831281111	5713	109.42583810899	851	5448.7321178121
GLOBAL	V	15790001	15800000	0.018966757393533	4811	91.249069820289	693	3855.9621318373
GLOBAL	V	15800001	15810000	0.022401339178225	5034	112.76834142318	870	4611.3534361851
GLOBAL	V	15810001	15820000	0.013658953523486	5636	76.981862058367	586	4727.7769985975
GLOBAL	V	15820001	15830000	0.015555951316733	5329	82.897664566871	642	4797.8120617111
GLOBAL	V	15830001	15840000	0.017667862146646	5370	94.876419727491	741	5260.5119214586
GLOBAL	V	15840001	15850000	0.030980647693489	4440	137.55407575909	1054	3842.6549789621
GLOBAL	V	15850001	15860000	0.022617162825164	6050	136.83383509224	1065	5785.6325385694
GLOBAL	V	15860001	15870000	0.023719394384153	5859	138.97193169675	1081	5589.5070224719
GLOBAL	V	15870001	15880000	0.022974316595132	5836	134.07811164919	1039	5354.6690042076
GLOBAL	V	15880001	15890000	0.026058176820489	4999	130.26482592563	1011	4611.811533052
GLOBAL	V	15890001	15900000	0.024833205083509	5889	146.24274473679	1116	5038.2496493689
GLOBAL	V	15900001	15910000	0.026503720476322	4909	130.10676381827	1011	4502.5343618513
GLOBAL	V	15910001	15920000	0.027353198216764	5934	162.31387821828	1265	5738.4305750351
GLOBAL	V	15920001	15930000	0.020345645262464	5824	118.49303800859	918	5522.4880785414
GLOBAL	V	15930001	15940000	0.019048292278762	5556	105.8323119008	821	4911.2636746143
GLOBAL	V	15940001	15950000	0.017429014787422	5978	104.19065039921	814	5872.6353436185
GLOBAL	V	15950001	15960000	0.017204608249477	5977	102.83194350712	804	5847.5638148668
GLOBAL	V	15960001	15970000	0.01910541980199	6377	121.83526207729	952	6282.6115007013
GLOBAL	V	15970001	15980000	0.018215837300382	6640	120.95315967454	946	6577.5147265077
GLOBAL	V	15980001	15990000	0.013783248730329	5128	70.680499489126	535	3419.1093969144
GLOBAL	V	15990001	16000000	0.014992921087116	6990	104.80051839894	809	5785.7166900421
GLOBAL	V	16000001	16010000	0.021055217564469	6002	126.37341582195	981	5670.8307475317
GLOBAL	V	16010001	16020000	0.02696756158476	5001	134.86477548538	1033	4473.5435393258
GLOBAL	V	16020001	16030000	0.020700196833131	6458	133.68187114836	1040	6227.2356241234
GLOBAL	V	16030001	16040000	0.020216249267575	6511	131.62799898118	1025	6297.4143258427
GLOBAL	V	16040001	16050000	0.014653989501902	5750	84.260439635934	654	4969.6163610719
GLOBAL	V	16050001	16060000	0.01760175757439	5470	96.281613931913	732	3940.3187772926
GLOBAL	V	16060001	16070000	0.026873035666267	4999	134.33830529567	1043	4700.1573033708
GLOBAL	V	16070001	16080000	0.018503886229083	4768	88.226529540266	680	3543.4628330996
GLOBAL	V	16080001	16090000	0.023564326715407	4726	111.36500805701	833	3190.4146685472
GLOBAL	V	16090001	16100000	0.018768103324319	5979	112.2144897761	873	5577.2847124825
GLOBAL	V	16100001	16110000	0.017437423352991	6682	116.51686284469	909	6381.649368864
GLOBAL	V	16110001	16120000	0.017426104616162	5907	102.93599996767	801	5592.5301542777
GLOBAL	V	16120001	16130000	0.02011894423209	4296	86.430984421059	662	3610.4907539118
GLOBAL	V	16130001	16140000	0.01238181599169	2902	35.932030007885	268	1626.664764622
GLOBAL	V	16140001	16150000	0.015947733700751	6046	96.419997954742	742	5172.5469845722
GLOBAL	V	16150001	16160000	0.016820285898307	5146	86.557191232686	674	4907.7307152875
GLOBAL	V	16160001	16170000	0.016973140167906	4876	82.761031458712	633	3653.3980309423
GLOBAL	V	16170001	16180000	0.020893068127794	6681	139.58658816179	1084	6194.8946629213
GLOBAL	V	16180001	16190000	0.024497068152878	5654	138.50642333637	1081	5479.3623595506
GLOBAL	V	16190001	16200000	0.017516447665961	4473	78.351070409843	610	3990.4311797753
GLOBAL	V	16200001	16210000	0.01409330068929	4659	65.6606879114	479	2885.6431593794
GLOBAL	V	16210001	16220000	0.016895063847809	4972	84.002257451305	629	3902.3202247191
GLOBAL	V	16220001	16230000	0.017524603408868	5630	98.663517191928	764	4902.2995780591
GLOBAL	V	16230001	16240000	0.017842700700703	5294	94.45925750952	734	4653.4430379747
GLOBAL	V	16240001	16250000	0.016963596320676	6986	118.50768389624	925	6835.7887323944
GLOBAL	V	16250001	16260000	0.015603192292705	5194	81.042980768309	628	4540.422752809
GLOBAL	V	16260001	16270000	0.018341248417603	5483	100.56506507372	774	4852.8901408451
GLOBAL	V	16270001	16280000	0.01918684355347	4925	94.495204500839	729	4102.2929577465
GLOBAL	V	16280001	16290000	0.019951066369581	3795	75.714296872559	581	3248.1847672779
GLOBAL	V	16290001	16300000	0.017651209417352	6164	108.80205484856	851	6067.8232819074
GLOBAL	V	16300001	16310000	0.016226228091352	6440	104.4969089083	818	6381.2173913043
GLOBAL	V	16310001	16320000	0.015048245459541	6909	103.96832787997	814	6863.572230014
GLOBAL	V	16320001	16330000	0.016386543648138	6053	99.18774870218	775	5951.9747545582
GLOBAL	V	16330001	16340000	0.015768617567505	7226	113.94403054279	886	7040.4936886396
GLOBAL	V	16340001	16350000	0.013958307257925	6566	91.650245455537	700	5678.6465638149
GLOBAL	V	16350001	16360000	0.010788534179127	4894	52.799086272647	395	3531.0420757363
GLOBAL	V	16360001	16370000	0.01308170726743	6340	82.938024075505	621	4664.0729312763
GLOBAL	V	16370001	16380000	0.015030477867862	7023	105.55904606599	826	6952.5189340813
GLOBAL	V	16380001	16390000	0.010618647272016	6954	73.842073129598	561	4949.3590462833
GLOBAL	V	16390001	16400000	0.014883424798095	6051	90.059603453271	702	5674.507713885
GLOBAL	V	16400001	16410000	0.017491987622826	6254	109.39489059315	854	6088.7924263675
GLOBAL	V	16410001	16420000	0.01358970734591	6213	84.432851740138	658	5896.0364656381
GLOBAL	V	16420001	16430000	0.011864253401122	7952	94.344543045725	739	7911.8345021038
GLOBAL	V	16430001	16440000	0.015298592688485	6105	93.397908363203	729	5895.6213183731
GLOBAL	V	16440001	16450000	0.015633702020224	5415	84.656496439515	658	5151.0743338008
GLOBAL	V	16450001	16460000	0.015521917833616	6686	103.77954263555	811	6553.7307152875
GLOBAL	V	16460001	16470000	0.014659332799989	5992	87.838722137537	686	5882.3267882188
GLOBAL	V	16470001	16480000	0.015610256391896	6210	96.939692193676	755	5940.1051893408
GLOBAL	V	16480001	16490000	0.0109243727609	4032	44.047070971948	342	2736.7896213184
GLOBAL	V	16490001	16500000	0.017274286520027	5246	90.620907084061	702	4381.5646067416
GLOBAL	V	16500001	16510000	0.014276742842647	5283	75.424032437704	580	4289.0617110799
GLOBAL	V	16510001	16520000	0.017416156566652	4599	80.096904050033	609	3717.8306569343
GLOBAL	V	16520001	16530000	0.01658944960078	6669	110.6350393876	864	6528.9130434783
GLOBAL	V	16530001	16540000	0.014130268444652	6251	88.328308047522	691	6165.4838709677
GLOBAL	V	16540001	16550000	0.015342126626103	6017	92.313575909263	719	5808.7405329593
GLOBAL	V	16550001	16560000	0.018698983825434	5054	94.504664253744	713	4056.0434782609
GLOBAL	V	16560001	16570000	0.017699677405877	4897	86.675320256581	671	4498.4978962132
GLOBAL	V	16570001	16580000	0.015688857005127	5647	88.594975507951	671	4309.9242636746
GLOBAL	V	16580001	16590000	0.017047720947909	4999	85.221557018595	663	4849.4572230014
GLOBAL	V	16590001	16600000	0.010890604303958	4920	53.581773175473	408	2875.7082748948
GLOBAL	V	16600001	16610000	0.018431360557985	4658	85.853277479095	650	3314.3670886076
GLOBAL	V	16610001	16620000	0.014695420889876	4733	69.553427071785	530	3540.6044880785
GLOBAL	V	16620001	16630000	0.018359025419318	5115	93.906415019811	723	4462.8625525947
GLOBAL	V	16630001	16640000	0.017621496719238	7259	127.91444468495	1000	7146.8134642356
GLOBAL	V	16640001	16650000	0.017043186943332	4173	71.121219114526	553	3678.566011236
GLOBAL	V	16650001	16660000	0.0091065067556787	3484	31.727069536785	236	2043.9102384292
GLOBAL	V	16660001	16670000	0.012356240134935	5449	67.329152495263	520	4595.1851332398
GLOBAL	V	16670001	16680000	0.015075883370787	5336	80.444913666521	625	4820.191011236
GLOBAL	V	16680001	16690000	0.02087949952191	4743	99.031466232419	767	4318.5014084507
GLOBAL	V	16690001	16700000	0.02184985282468	4439	96.991496688752	752	4182.7868162693
GLOBAL	V	16700001	16710000	0.024595474749589	4706	115.74630417156	890	4200.3818953324
GLOBAL	V	16710001	16720000	0.02036663298597	5728	116.66007374364	903	5301.9116409537
GLOBAL	V	16720001	16730000	0.015423102388594	5237	80.770787209069	626	4545.8078541374
GLOBAL	V	16730001	16740000	0.010780111237917	3565	38.431096563174	288	2417.6934097421
GLOBAL	V	16740001	16750000	0.009636937453015	2958	28.506060986018	203	987.48425787106
GLOBAL	V	16750001	16760000	0.002871364846777	786	2.2568927695667	12	123.38444444444
GLOBAL	V	16760001	16770000	0.0025367631253884	1803	4.5737839150753	22	280.34098360656
GLOBAL	V	16770001	16780000	0.017299455559396	4564	78.954715173084	607	3936.920341394
GLOBAL	V	16780001	16790000	0.02267604091187	4214	95.556836402619	738	3806.6516220028
GLOBAL	V	16790001	16800000	0.021886711430018	4836	105.84413647557	808	3948.9621318373
GLOBAL	V	16800001	16810000	0.022852291258655	5971	136.45103110543	1064	5764.2973352034
GLOBAL	V	16810001	16820000	0.013398552483433	3989	53.446825856414	409	2770.6858345021
GLOBAL	V	16820001	16830000	0.017643007790096	6420	113.26811001242	885	6321.824684432
GLOBAL	V	16830001	16840000	0.021461056912987	6249	134.11014464925	1045	6082.2103786816
GLOBAL	V	16840001	16850000	0.022390962292847	5912	132.37536907531	1033	5760.7657784011
GLOBAL	V	16850001	16860000	0.017481668571633	5494	96.044287132553	747	4657.5946704067
GLOBAL	V	16860001	16870000	0.022730994403128	5099	115.90534046155	898	4471.2833099579
GLOBAL	V	16870001	16880000	0.019020032492836	4324	82.242620499023	630	3274.0716292135
GLOBAL	V	16880001	16890000	0.024813498133873	5875	145.7793015365	1137	5683.1360448808
GLOBAL	V	16890001	16900000	0.024251693865545	4516	109.5206494968	847	4063.0280504909
GLOBAL	V	16900001	16910000	0.022229593009794	5290	117.59454702181	906	4846.7313642757
GLOBAL	V	16910001	16920000	0.019121945164696	5002	95.647969713811	735	3950.8366197183
GLOBAL	V	16920001	16930000	0.0093725115112404	4248	39.814428899749	290	2385.1710144928
GLOBAL	V	16930001	16940000	0.019190870922106	4390	84.247923348046	643	3338.0951704545
GLOBAL	V	16940001	16950000	0.021090877987094	3615	76.243523923345	583	2913.0596590909
GLOBAL	V	16950001	16960000	0.012703673876971	4244	53.914391933865	390	2351.2967836257
GLOBAL	V	16960001	16970000	0.020185272535072	4142	83.607398840267	632	3046.0692090395
GLOBAL	V	16970001	16980000	0.020203700404257	4393	88.754855875901	690	4121.2812939522
GLOBAL	V	16980001	16990000	0.020220278565434	5809	117.45959818661	916	5587.9424157303
GLOBAL	V	16990001	17000000	0.020305478299092	4748	96.410410964089	751	4422.518258427
GLOBAL	V	17000001	17010000	0.021480622908603	5186	111.39851040402	870	5071.0126227209
GLOBAL	V	17010001	17020000	0.023947726488272	4900	117.34385979253	915	4751.381486676
GLOBAL	V	17020001	17030000	0.020186822735205	4899	98.895244579769	768	4220.446002805
GLOBAL	V	17030001	17040000	0.020748551847473	4558	94.571899320783	726	3881.347826087
GLOBAL	V	17040001	17050000	0.021656886322949	4593	99.470078881305	760	3731.2126760563
GLOBAL	V	17050001	17060000	0.020633170462411	5804	119.75492136383	935	5677.3955119215
GLOBAL	V	17060001	17070000	0.020166219012593	5672	114.38279423943	890	5461.747545582
GLOBAL	V	17070001	17080000	0.022805993730463	4036	92.044990696148	716	3694.1388499299
GLOBAL	V	17080001	17090000	0.0078463934703655	4582	35.952174881215	276	2324.0084865629
GLOBAL	V	17090001	17100000	0.023346977844621	4775	111.48181920806	852	4013.3150492264
GLOBAL	V	17100001	17110000	0.014874336127918	5445	80.990760216513	593	2852.0638297872
GLOBAL	V	17110001	17120000	0.022594219823928	5015	113.310012417	877	4480.9142053446
GLOBAL	V	17120001	17130000	0.019967646414555	5428	108.38438473821	841	4969.0028050491
GLOBAL	V	17130001	17140000	0.022110883764076	4877	107.8347801174	834	4483.0168302945
GLOBAL	V	17140001	17150000	0.017032370893095	4802	81.789445028643	627	3986.1388499299
GLOBAL	V	17150001	17160000	0.016801525439397	5341	89.736947371821	696	4460.5624123422
GLOBAL	V	17160001	17170000	0.022451703584331	3961	88.931197897534	687	3548.5084269663
GLOBAL	V	17170001	17180000	0.015932645125085	4099	65.307912367722	490	2479.7912552891
GLOBAL	V	17180001	17190000	0.022304898468093	4179	93.21217069816	721	3862.361971831
GLOBAL	V	17190001	17200000	0.024020222801755	3508	84.262941588557	650	3169.3150492264
GLOBAL	V	17200001	17210000	0.020190966698353	4295	86.720201969428	670	3911.4733146067
GLOBAL	V	17210001	17220000	0.018183017479793	4244	77.168726184241	597	3834.0897615708
GLOBAL	V	17220001	17230000	0.017574974856232	4083	71.758622337995	537	2695.6300984529
GLOBAL	V	17230001	17240000	0.016494220335701	4707	77.638295120144	593	3999.0406732118
GLOBAL	V	17240001	17250000	0.018827775907675	4811	90.580429891826	707	4688.3792134831
GLOBAL	V	17250001	17260000	0.021895889720793	4820	105.53818845422	819	4517.3267882188
GLOBAL	V	17260001	17270000	0.020980245441234	4266	89.501727052303	696	4045.3197755961
GLOBAL	V	17270001	17280000	0.02314671208688	4961	114.83083866301	895	4828.9088359046
GLOBAL	V	17280001	17290000	0.020818200709859	3769	78.463798475459	592	2762.7335203366
GLOBAL	V	17290001	17300000	0.02580494337624	3130	80.76947276763	620	2636.0992907801
GLOBAL	V	17300001	17310000	0.027283376631979	3843	104.85001639669	805	3391.4880785414
GLOBAL	V	17310001	17320000	0.012573292917329	3830	48.15571187337	359	1666.9957507082
GLOBAL	V	17320001	17330000	0.021959687559198	4597	100.94868370963	773	3971.209039548
GLOBAL	V	17330001	17340000	0.020964468215932	3480	72.956349391443	560	2812.3675213675
GLOBAL	V	17340001	17350000	0.011954065478602	2842	33.973454090188	259	1811.6614950635
GLOBAL	V	17350001	17360000	0.017326645922222	2150	37.252288732777	279	1289.8769670959
GLOBAL	V	17360001	17370000	0.014768608839584	2288	33.790577024967	235	1073.7433070866
GLOBAL	V	17370001	17380000	0.0050606508579498	3920	19.837751363163	148	2731.145480226
GLOBAL	V	17380001	17390000	0.019253598720981	4747	91.396833128495	698	3920.0661538462
GLOBAL	V	17390001	17400000	0.027382392438457	4206	115.17034259615	883	3621.6861626248
GLOBAL	V	17400001	17410000	0.036215953213176	2929	106.07652696139	815	2575.4750356633
GLOBAL	V	17410001	17420000	0.019110301470775	3645	69.657048860975	529	2608.31276901
GLOBAL	V	17420001	17430000	0.025884711890799	3229	83.58173469539	645	2926.8253521127
GLOBAL	V	17430001	17440000	0.015989747720929	4744	75.855363188087	576	3640.9550561798
GLOBAL	V	17440001	17450000	0.018831693229546	3535	66.570035566447	512	2302.4143258427
GLOBAL	V	17450001	17460000	0.013474835004114	3505	47.22929668942	358	1722.7906647808
GLOBAL	V	17460001	17470000	0.023115892896295	3673	84.904674608091	634	2486.9231905465
GLOBAL	V	17470001	17480000	0.028053847537555	2988	83.824896442214	639	2481.511627907
GLOBAL	V	17480001	17490000	0.019251732430579	3345	64.397044980288	494	2901.754636234
GLOBAL	V	17490001	17500000	0.024590934582275	4522	111.20020618105	865	4298.5413744741
GLOBAL	V	17500001	17510000	0.019620918414949	4659	91.413858895245	707	3771.5736325386
GLOBAL	V	17510001	17520000	0.022717292270407	5122	116.35797100902	905	4465.1012658228
GLOBAL	V	17520001	17530000	0.024150744497214	5562	134.3264408935	1045	5241.4633802817
GLOBAL	V	17530001	17540000	0.026740381456528	5065	135.44003207731	1045	4636.230989957
GLOBAL	V	17540001	17550000	0.022160096468161	5672	125.69206716741	980	5464.2173913043
GLOBAL	V	17550001	17560000	0.022138523148824	4325	95.749112618665	736	3811.1739130435
GLOBAL	V	17560001	17570000	0.022884551985	4587	104.9714399552	818	4391.9032258065
GLOBAL	V	17570001	17580000	0.020839915729876	4087	85.172735588004	664	3961.6802816901
GLOBAL	V	17580001	17590000	0.022242964818695	5104	113.52809243462	887	4950.0126227209
GLOBAL	V	17590001	17600000	0.02171580717031	4829	104.86563282543	819	4731.6123595506
GLOBAL	V	17600001	17610000	0.02149295290769	5050	108.53941218384	836	4384.8625525947
GLOBAL	V	17610001	17620000	0.019035425930553	4505	85.75459381714	668	4304.2468443198
GLOBAL	V	17620001	17630000	0.022564332119485	4369	98.583567030032	770	4280.4375876578
GLOBAL	V	17630001	17640000	0.022595899750941	4915	111.05884727588	867	4807.0701262272
GLOBAL	V	17640001	17650000	0.02243750756679	6004	134.71479543101	1048	5739.5610098177
GLOBAL	V	17650001	17660000	0.017782501893571	4822	85.747224130801	663	3896.366058906
GLOBAL	V	17660001	17670000	0.018886374972415	5770	108.97438359084	850	5620.9859747546
GLOBAL	V	17670001	17680000	0.018983278085888	5250	99.662209950914	778	5110.4894810659
GLOBAL	V	17680001	17690000	0.019510225652826	5638	109.99865223063	857	5427.2426367461
GLOBAL	V	17690001	17700000	0.019344971201131	5485	106.10716703821	825	5171.6072931276
GLOBAL	V	17700001	17710000	0.019531287392539	6076	118.67210219706	925	5941.1360448808
GLOBAL	V	17710001	17720000	0.019780090491347	6087	120.40141082083	942	6016.744740533
GLOBAL	V	17720001	17730000	0.022141587104773	6287	139.20415812771	1085	6150.5553997195
GLOBAL	V	17730001	17740000	0.019419793672651	5766	111.9745303165	875	5660.7419354839
GLOBAL	V	17740001	17750000	0.017869087179246	6770	120.97372020349	947	6711.7419354839
GLOBAL	V	17750001	17760000	0.017492476563235	6460	113.0013985985	883	6385.3913043478
GLOBAL	V	17760001	17770000	0.01907733749152	5872	112.0221257502	874	5746.523141655
GLOBAL	V	17770001	17780000	0.019470474342913	4570	88.980067747111	693	4393.4067321178
GLOBAL	V	17780001	17790000	0.019219927868148	4397	84.510022836245	633	3135.9298737728
GLOBAL	V	17790001	17800000	0.023209823166004	3454	80.166729215376	592	2525.6779184248
GLOBAL	V	17800001	17810000	0.019778282480813	4496	88.923158033733	683	3919.9817158931
GLOBAL	V	17810001	17820000	0.022129932163817	3728	82.500387106711	623	3069.03085554
GLOBAL	V	17820001	17830000	0.022665577897303	3442	78.014919122515	573	2581.5708274895
GLOBAL	V	17830001	17840000	0.020816714616908	5168	107.58078114018	839	5021.0967741935
GLOBAL	V	17840001	17850000	0.01408840070901	2578	36.319897027827	277	1775.2314165498
GLOBAL	V	17850001	17860000	0.011646397604597	2295	26.72848250255	192	925.65028089888
GLOBAL	V	17860001	17870000	0.0044789605808902	2227	9.9746452136424	73	1372.3954545455
GLOBAL	V	17870001	17880000	0.023812592425755	3006	71.580652831818	508	1435.8273381295
GLOBAL	V	17880001	17890000	0.023661510571283	3753	88.801649174024	618	1874.481741573
GLOBAL	V	17890001	17900000	0.01731621249411	4889	84.658962883702	624	2903.1781206171
GLOBAL	V	17900001	17910000	0.018546332387007	4047	75.057007170216	568	2603.3730715288
GLOBAL	V	17910001	17920000	0.025836189588168	4380	113.16251039618	874	4048.7208976157
GLOBAL	V	17920001	17930000	0.029271933190999	3386	99.114765784723	746	2636.8751753156
GLOBAL	V	17930001	17940000	0.024862501614896	4385	109.02206958132	846	4059.7307152875
GLOBAL	V	17940001	17950000	0.025233850060878	4721	119.1290061374	926	4567.4361851332
GLOBAL	V	17950001	17960000	0.026233012957249	4199	110.15242140749	792	2916.8765778401
GLOBAL	V	17960001	17970000	0.020153233059989	4813	96.997510717727	725	3814.8218793829
GLOBAL	V	17970001	17980000	0.023626912369318	4639	109.60524648127	851	4394.8569424965
GLOBAL	V	17980001	17990000	0.02127768374306	4140	88.089610696268	687	4022.2103786816
GLOBAL	V	17990001	18000000	0.019821476780408	4364	86.500924669699	670	3692.6115007013
GLOBAL	V	18000001	18010000	0.0078636611502131	6747	53.056121780488	392	4364.8210227273
GLOBAL	V	18010001	18020000	0.0094301962512586	5857	55.232659443622	412	4141.4702467344
GLOBAL	V	18020001	18030000	0.0088476717349504	5197	45.981350006537	344	3545.4488078541
GLOBAL	V	18030001	18040000	0.023871681144907	4012	95.773184753369	744	3866.2103786816
GLOBAL	V	18040001	18050000	0.020219564837535	4688	94.789319958363	739	4596.3239831697
GLOBAL	V	18050001	18060000	0.020549506800639	4341	89.205409021573	685	3580.3688639551
GLOBAL	V	18060001	18070000	0.020228652629857	4071	82.35084485615	628	3226.2107496464
GLOBAL	V	18070001	18080000	0.011617385915989	3590	41.706415438399	315	1790.4375
GLOBAL	V	18080001	18090000	0.02349830521003	3740	87.883661485511	674	3180.1144492132
GLOBAL	V	18090001	18100000	0.019806170817372	3829	75.837828059719	589	3601.4964739069
GLOBAL	V	18100001	18110000	0.022960210794746	3570	81.967952537243	636	3365.8260254597
GLOBAL	V	18110001	18120000	0.022529717638733	3943	88.834676649525	686	3491.6496453901
GLOBAL	V	18120001	18130000	0.020908772087212	4089	85.49596906461	662	3812.4971671388
GLOBAL	V	18130001	18140000	0.021582718470403	3736	80.633036205426	624	3441.4515669516
GLOBAL	V	18140001	18150000	0.018968561515005	4598	87.217445845993	677	4325.7098591549
GLOBAL	V	18150001	18160000	0.02059000312268	4770	98.214314895185	766	4633.6788218794
GLOBAL	V	18160001	18170000	0.019231452220539	3623	69.675551395015	542	3257.7026647966
GLOBAL	V	18170001	18180000	0.019934559335148	4992	99.51332020106	777	4876.9803646564
GLOBAL	V	18180001	18190000	0.016823656115665	4453	74.915740683056	582	3650.7910238429
GLOBAL	V	18190001	18200000	0.020664557277477	4402	90.965381135455	704	4137.3029453015
GLOBAL	V	18200001	18210000	0.020855403090593	5015	104.58984649932	815	4844.98457223
GLOBAL	V	18210001	18220000	0.021913602867548	4182	91.642687192085	714	4062.793828892
GLOBAL	V	18220001	18230000	0.02193612980015	3884	85.199928143781	652	3193.5525946704
GLOBAL	V	18230001	18240000	0.019424011808685	5845	113.53334902177	887	5737.9074333801
GLOBAL	V	18240001	18250000	0.02215770415239	5364	118.85392507342	928	5251.2734922861
GLOBAL	V	18250001	18260000	0.021010897194658	5426	114.00512817821	890	5311.8162692847
GLOBAL	V	18260001	18270000	0.020697097996927	5354	110.81226267555	864	5200.8302945302
GLOBAL	V	18270001	18280000	0.018093984593635	4412	79.830660027118	621	3797.0084151473
GLOBAL	V	18280001	18290000	0.023566915818663	4320	101.80907633662	789	3959.0674157303
GLOBAL	V	18290001	18300000	0.019869660390198	4221	83.869836507025	647	3910.652173913
GLOBAL	V	18300001	18310000	0.018959998754344	4280	81.148794668592	620	3512.9873772791
GLOBAL	V	18310001	18320000	0.020155085172374	4861	97.973869022911	759	4497.3366058906
GLOBAL	V	18320001	18330000	0.016051284085054	4077	65.441085214764	500	3183.4022503516
GLOBAL	V	18330001	18340000	0.016469342888912	3933	64.77392558209	499	3592.6338028169
GLOBAL	V	18340001	18350000	0.015193479919939	4572	69.46459019396	532	3888.4367977528
GLOBAL	V	18350001	18360000	0.014507517732162	4939	71.65263007915	555	3984.0901408451
GLOBAL	V	18360001	18370000	0.019571457055588	4364	85.409838590585	661	4034.4633802817
GLOBAL	V	18370001	18380000	0.016825010023332	4637	78.017571478189	603	3907.6473906911
GLOBAL	V	18380001	18390000	0.013103073123708	3240	42.453956920815	318	1961.5442857143
GLOBAL	V	18390001	18400000	0.0041701559024651	1690	7.047563475166	40	376.09400324149
GLOBAL	V	18400001	18410000	0.024930293064326	3188	79.477774289072	606	2481.2086330935
GLOBAL	V	18410001	18420000	0.021053575930293	3436	72.340086896485	556	3005.04
GLOBAL	V	18420001	18430000	0.0081194938062883	3484	28.288316421108	213	1518.1096866097
GLOBAL	V	18430001	18440000	0.014675824559054	3677	53.963006903643	417	2897.6086956522
GLOBAL	V	18440001	18450000	0.018142399043165	4122	74.782968855926	578	3824.8483146067
GLOBAL	V	18450001	18460000	0.017582564145401	4656	81.864418660986	636	4401.0884831461
GLOBAL	V	18460001	18470000	0.017920710402804	4133	74.066296094789	572	3769.9789029536
GLOBAL	V	18470001	18480000	0.018735821311406	3973	74.437418070216	569	2899.0934844193
GLOBAL	V	18480001	18490000	0.0030755465159936	2008	6.1756974041152	21	233.26636568849
GLOBAL	V	18490001	18500000	0.014676731386756	3341	49.034959563151	373	2327.5346534653
GLOBAL	V	18500001	18510000	0.016449160273155	3947	64.924835598141	500	3360.276056338
GLOBAL	V	18510001	18520000	0.017983287615233	4755	85.510532610435	663	4406.6994382022
GLOBAL	V	18520001	18530000	0.01703010207314	5415	92.218002726051	717	5145.0841514727
GLOBAL	V	18530001	18540000	0.017039060027619	5058	86.183565619697	672	4907.0210378682
GLOBAL	V	18540001	18550000	0.015984008473845	5072	81.070890979344	633	4962.110799439
GLOBAL	V	18550001	18560000	0.016693144042721	5351	89.3250137726	698	5139.347826087
GLOBAL	V	18560001	18570000	0.018180997756517	4736	86.105205374866	668	4488.0420757363
GLOBAL	V	18570001	18580000	0.01986987642708	4437	88.162641706954	683	4117.4171348315
GLOBAL	V	18580001	18590000	0.021339472522631	4681	99.890070878437	778	4462.8188202247
GLOBAL	V	18590001	18600000	0.016009954305867	5667	90.728411051351	706	4842.6568213783
GLOBAL	V	18600001	18610000	0.017926001728225	4395	78.784777595547	612	4144.0855539972
GLOBAL	V	18610001	18620000	0.017602617591711	4890	86.076800023468	666	4533.7601683029
GLOBAL	V	18620001	18630000	0.019467515668105	4857	94.553723599984	737	4736.6311360449
GLOBAL	V	18630001	18640000	0.013529151333898	4743	64.168764776679	498	4307.4971910112
GLOBAL	V	18640001	18650000	0.017367894819127	4773	82.896961971692	642	4362.1514726508
GLOBAL	V	18650001	18660000	0.016089716821113	4085	65.726493214247	506	3383.4810126582
GLOBAL	V	18660001	18670000	0.014365599836351	3995	57.390571346224	440	2855.4261603376
GLOBAL	V	18670001	18680000	0.018521771022339	3052	56.528445160178	438	2696.0238764045
GLOBAL	V	18680001	18690000	0.012386363177633	3561	44.107839275549	344	2995.5921237693
GLOBAL	V	18690001	18700000	0.01999238841273	4873	97.422908735232	760	4735.8216292135
GLOBAL	V	18700001	18710000	0.018564104271065	4428	82.201853712274	638	3733.6053370787
GLOBAL	V	18710001	18720000	0.01815667898377	4734	85.953718309166	666	4458.2608695652
GLOBAL	V	18720001	18730000	0.014604322289008	5285	77.183843297406	600	5092.0997191011
GLOBAL	V	18730001	18740000	0.018748316275837	5257	98.559898662074	769	5110.4789325843
GLOBAL	V	18740001	18750000	0.013011364273454	6029	78.445515204653	608	5267.3267882188
GLOBAL	V	18750001	18760000	0.0067632492470944	3676	24.861704232319	176	1579.110612855
GLOBAL	V	18760001	18770000	0.0037057537674266	5578	20.670694514705	140	2859.0296610169
GLOBAL	V	18770001	18780000	0.01331726469403	4830	64.322388472165	492	4108.476858345
GLOBAL	V	18780001	18790000	0.020175102964498	4350	87.761697895565	678	3874.6502808989
GLOBAL	V	18790001	18800000	0.013474803462837	3705	49.924146829813	384	3105.7092696629
GLOBAL	V	18800001	18810000	0.016048308152466	5550	89.068110246189	695	5415.2724719101
GLOBAL	V	18810001	18820000	0.012764033242205	5366	68.491802377671	533	5119.824684432
GLOBAL	V	18820001	18830000	0.013165401074706	5799	76.346160832221	595	5582.3127629734
GLOBAL	V	18830001	18840000	0.015062611268751	5815	87.589084527788	682	5553.9074333801
GLOBAL	V	18840001	18850000	0.013894614422191	4633	64.37374861801	497	3987.0925666199
GLOBAL	V	18850001	18860000	0.015649475876625	4545	71.12686785926	553	4038.4698457223
GLOBAL	V	18860001	18870000	0.015179633577033	5475	83.108493834257	645	5260.8513323983
GLOBAL	V	18870001	18880000	0.015555132968124	6290	97.841786369499	762	6090.4684431978
GLOBAL	V	18880001	18890000	0.015731065599141	5817	91.507608590203	715	5707.1570827489
GLOBAL	V	18890001	18900000	0.015368645264269	6531	100.37262222094	785	6450.2889200561
GLOBAL	V	18900001	18910000	0.013019570823799	7949	103.49256847838	810	7884.4950911641
GLOBAL	V	18910001	18920000	0.01323836628359	6174	81.733673434887	639	6091.1570827489
GLOBAL	V	18920001	18930000	0.012424242621205	6767	84.074849817693	657	6656.7208976157
GLOBAL	V	18930001	18940000	0.01345969785861	7250	97.582809474925	763	7122.1781206171
GLOBAL	V	18940001	18950000	0.010047450194207	7603	76.390763826553	598	7539.4950911641
GLOBAL	V	18950001	18960000	0.011979057109491	7369	88.27367183984	690	7251.0673211781
GLOBAL	V	18960001	18970000	0.0098972275863457	7361	72.85349226309	569	7271.9144460028
GLOBAL	V	18970001	18980000	0.012727525871858	6635	84.447134159778	661	6564.8415147265
GLOBAL	V	18980001	18990000	0.0093692522792294	8026	75.197618793095	589	7974.2145862553
GLOBAL	V	18990001	19000000	0.0093074576189015	8479	78.917933150666	618	8430.904628331
GLOBAL	V	19000001	19010000	0.011103594566513	7222	80.19015995936	627	7147.9775596073
GLOBAL	V	19010001	19020000	0.014725662656189	5438	80.078153524354	625	5290.95371669
GLOBAL	V	19020001	19030000	0.0077420810947019	8300	64.259273086026	503	8252.8008415147
GLOBAL	V	19030001	19040000	0.0098905155751133	8189	80.993432044602	634	8115.0561009818
GLOBAL	V	19040001	19050000	0.011268546239764	6942	78.226247996441	612	6838.8148667602
GLOBAL	V	19050001	19060000	0.011029985924806	7505	82.780044365666	648	7438.1991584853
GLOBAL	V	19060001	19070000	0.012641533326214	6692	84.597141019023	661	6584.7685834502
GLOBAL	V	19070001	19080000	0.011778943595223	6212	73.170797613525	572	6100.2482468443
GLOBAL	V	19080001	19090000	0.014216578504589	4934	70.14459834164	540	4200.141654979
GLOBAL	V	19090001	19100000	0.011959609034427	5519	66.005082261001	514	4923.667601683
GLOBAL	V	19100001	19110000	0.011754893138071	5299	62.289178738637	485	4610.4775280899
GLOBAL	V	19110001	19120000	0.012082603554647	6402	77.352827956849	604	6080.3366058906
GLOBAL	V	19120001	19130000	0.012154626661826	6664	80.998432074411	632	6352.3983169705
GLOBAL	V	19130001	19140000	0.013511183466672	6374	86.120283416567	670	6138.8232819074
GLOBAL	V	19140001	19150000	0.01129849824558	7130	80.558292490983	630	7027.6732117812
GLOBAL	V	19150001	19160000	0.01407509023672	7057	99.327911800536	776	6913.8569424965
GLOBAL	V	19160001	19170000	0.013425166453885	7395	99.279105926483	777	7318.3618513324
GLOBAL	V	19170001	19180000	0.012231366367288	8009	97.961013235612	767	7951.9761570827
GLOBAL	V	19180001	19190000	0.011882731261723	6473	76.91691945713	601	6373.3884992987
GLOBAL	V	19190001	19200000	0.014341726666005	5916	84.845654956087	663	5825.2945301543
GLOBAL	V	19200001	19210000	0.015041616122251	6080	91.453026023287	715	5982.9943899018
GLOBAL	V	19210001	19220000	0.011909046536661	7787	92.73574538098	726	7728.7769985975
GLOBAL	V	19220001	19230000	0.0093140875945852	7893	73.516093384061	576	7861.683029453
GLOBAL	V	19230001	19240000	0.010967159434372	7475	81.979516771932	641	7347.6577840112
GLOBAL	V	19240001	19250000	0.009110838562671	7974	72.649826698738	569	7934.5469845722
GLOBAL	V	19250001	19260000	0.0094244485394424	8123	76.55479548589	599	7803.5413744741
GLOBAL	V	19260001	19270000	0.0089017053002167	7724	68.756771738874	538	7417.6283309958
GLOBAL	V	19270001	19280000	0.0092497288604477	7492	69.298968622474	542	7414.603085554
GLOBAL	V	19280001	19290000	0.0078610645472535	8172	64.240619480155	503	8112.6563814867
GLOBAL	V	19290001	19300000	0.0074776425364343	8131	60.800711463747	476	8090.9747545582
GLOBAL	V	19300001	19310000	0.0098903204626993	7083	70.053139837299	548	7008.7363253857
GLOBAL	V	19310001	19320000	0.011353351445204	7692	87.329979316507	684	7640.8779803647
GLOBAL	V	19320001	19330000	0.010749765866014	7541	81.063984395614	634	7465.0378681627
GLOBAL	V	19330001	19340000	0.0086722273359818	8067	69.958857919365	548	8028.0813464236
GLOBAL	V	19340001	19350000	0.0098007438955662	7814	76.583012799954	600	7783.3983169705
GLOBAL	V	19350001	19360000	0.0085033116733241	8156	69.353010007631	543	8111.2833099579
GLOBAL	V	19360001	19370000	0.00726316146531	7937	57.647712550165	451	7537.1837307153
GLOBAL	V	19370001	19380000	0.011323554636367	8124	91.992557865843	720	8061.1290322581
GLOBAL	V	19380001	19390000	0.012057626259365	6683	80.581116291334	629	6529.9396914446
GLOBAL	V	19390001	19400000	0.010275966678231	8192	84.18071902807	658	8097.3590462833
GLOBAL	V	19400001	19410000	0.010639072822718	7755	82.506009740174	646	7707.8036465638
GLOBAL	V	19410001	19420000	0.0079770161965683	7821	62.388243673361	488	7753.7096774194
GLOBAL	V	19420001	19430000	0.011348513462662	7407	84.058439217937	658	7336.2889200561
GLOBAL	V	19430001	19440000	0.010395727196787	6883	71.553790295484	560	6831.2720897616
GLOBAL	V	19440001	19450000	0.010531752847084	6672	70.267854995741	550	6611.6858345021
GLOBAL	V	19450001	19460000	0.0084595617314265	8142	68.877751617275	539	8074.1584852735
GLOBAL	V	19460001	19470000	0.0087680615783108	7450	65.322058758415	511	7158.6129032258
GLOBAL	V	19470001	19480000	0.010486434620444	7413	77.735939841351	608	7348.5371669004
GLOBAL	V	19480001	19490000	0.009259655059268	7246	67.095460559456	525	7162.095371669
GLOBAL	V	19490001	19500000	0.0082143833203696	7517	61.747519419218	483	7463.7896213184
GLOBAL	V	19500001	19510000	0.0082186077127842	7260	59.667091994813	466	7072.0743338008
GLOBAL	V	19510001	19520000	0.0085860262342929	8018	68.842758346561	539	7959.3183730715
GLOBAL	V	19520001	19530000	0.0092775044928617	7750	71.900659819678	562	7588.7152875175
GLOBAL	V	19530001	19540000	0.0087102606816428	8514	74.159159443507	581	8481.0224403927
GLOBAL	V	19540001	19550000	0.0093360274195333	8112	75.733854427254	593	8057.8218793829
GLOBAL	V	19550001	19560000	0.0084962079789752	7517	63.865995377956	496	7016.4333800842
GLOBAL	V	19560001	19570000	0.011936706865801	6301	75.213189961414	588	6190.2917251052
GLOBAL	V	19570001	19580000	0.0095035382681928	8100	76.978659972362	603	8059.3127629734
GLOBAL	V	19580001	19590000	0.008032796593934	7837	62.953026906661	493	7786.5427769986
GLOBAL	V	19590001	19600000	0.0075666273597745	8489	64.233099657126	503	8447.2594670407
GLOBAL	V	19600001	19610000	0.0089715519471679	8423	75.567382050995	592	8392.7980364656
GLOBAL	V	19610001	19620000	0.0093484753521412	8315	77.732572553054	609	8280.0014025245
GLOBAL	V	19620001	19630000	0.0095857187877569	7633	73.167791506949	572	7531.2272089762
GLOBAL	V	19630001	19640000	0.0088119550825764	8330	73.403585837862	575	8296.159887798
GLOBAL	V	19640001	19650000	0.0076945737380733	8924	68.666376038566	538	8887.1837307153
GLOBAL	V	19650001	19660000	0.0060079931412161	9434	56.679407294232	444	9389.3450210379
GLOBAL	V	19660001	19670000	0.0076097007208609	8720	66.356590285907	520	8698.6704067321
GLOBAL	V	19670001	19680000	0.0079864876164498	7640	61.016765389676	477	7145.2720897616
GLOBAL	V	19680001	19690000	0.0070932522531537	6841	48.524938663825	374	5462.8541374474
GLOBAL	V	19690001	19700000	0.0073800064400257	7685	56.715349491598	442	7462.8597475456
GLOBAL	V	19700001	19710000	0.0077499696699159	8587	66.548989555568	521	8539.9817671809
GLOBAL	V	19710001	19720000	0.0085070212722021	8438	71.782245494842	562	8373.3674614306
GLOBAL	V	19720001	19730000	0.0073829136265194	8646	63.832671214887	500	8612.1486676017
GLOBAL	V	19730001	19740000	0.0078056313483772	8927	69.680871046963	546	8899.2384291725
GLOBAL	V	19740001	19750000	0.0073902882877283	9377	69.298733274028	543	9349.237026648
GLOBAL	V	19750001	19760000	0.0073077078644028	8252	60.303205297052	472	8209.8751753156
GLOBAL	V	19760001	19770000	0.0070379186806605	9374	65.973449712512	517	9349.6732117812
GLOBAL	V	19770001	19780000	0.0069333715847501	7703	53.40776131733	418	7565.427769986
GLOBAL	V	19780001	19790000	0.0076658370093108	8873	68.018971783615	533	8846.6241234222
GLOBAL	V	19790001	19800000	0.0064254961406466	9059	58.208569538117	456	9024.049088359
GLOBAL	V	19800001	19810000	0.007416786660388	9049	67.114502489851	526	9033.9579242637
GLOBAL	V	19810001	19820000	0.0092479521696012	8265	76.434324681754	599	8244.0757363254
GLOBAL	V	19820001	19830000	0.0090245967104184	8842	79.79548411352	625	8787.4305750351
GLOBAL	V	19830001	19840000	0.0089171235020557	8843	78.854123128679	618	8826.3352033661
GLOBAL	V	19840001	19850000	0.0078144749629144	8801	68.77519414861	539	8779.9719495091
GLOBAL	V	19850001	19860000	0.0084178516647309	8344	70.238554290515	550	8295.8569424965
GLOBAL	V	19860001	19870000	0.0080768998269116	8676	70.075182898285	549	8648.4978962132
GLOBAL	V	19870001	19880000	0.0086906086773203	8606	74.791378277018	586	8571.9481065919
GLOBAL	V	19880001	19890000	0.007786229395044	9069	70.613314383654	553	9014.4249649369
GLOBAL	V	19890001	19900000	0.0077119670271778	8044	62.035062766618	486	8001.1781206171
GLOBAL	V	19900001	19910000	0.0076434879207167	9065	69.288218001297	543	9044.2173913043
GLOBAL	V	19910001	19920000	0.0083880577349061	8192	68.71496896435	538	8135.1065918654
GLOBAL	V	19920001	19930000	0.0067358466213993	6089	41.0145700777	316	4768.7643758766
GLOBAL	V	19930001	19940000	0.00066966908844437	459	0.30737811159597	2	403.79901960784
GLOBAL	X	1	10000	0.0026693521488921	3133	8.3630802824789	60	1967.9633911368
GLOBAL	X	10001	20000	0.0038900088893107	6032	23.464533620322	182	4167.9551192146
GLOBAL	X	20001	30000	0.0068055052713579	8646	58.84039857616	461	8606.6325385694
GLOBAL	X	30001	40000	0.0064151189239893	8242	52.87341017152	413	7454.8274894811
GLOBAL	X	40001	50000	0.0074701902513834	9112	68.068373570606	532	9030.6129032258
GLOBAL	X	50001	60000	0.0086993696995718	7525	65.462756989278	511	7293.1458625526
GLOBAL	X	60001	70000	0.0082419996766836	8106	66.809649379198	523	8017.3464235624
GLOBAL	X	70001	80000	0.007927901876194	7363	58.373141514417	456	7170.7223001403
GLOBAL	X	80001	90000	0.0071194144792983	7231	51.480486099806	403	7163.095371669
GLOBAL	X	90001	100000	0.0068693624572667	8421	57.846901252643	453	8371.7251051893
GLOBAL	X	100001	110000	0.0083349751534617	8116	67.646658345495	530	8087.2566619916
GLOBAL	X	110001	120000	0.0068870456628229	9005	62.01784619372	486	8980.9649368864
GLOBAL	X	120001	130000	0.0069077508293162	8273	57.147822610933	447	8137.7026647966
GLOBAL	X	130001	140000	0.0067849365342709	8919	60.514848949162	474	8886.6690042076
GLOBAL	X	140001	150000	0.0079992718059802	8392	67.129888995786	525	8285.5708274895
GLOBAL	X	150001	160000	0.0074770155623294	8744	65.379024077008	512	8694.5371669004
GLOBAL	X	160001	170000	0.0080201429673064	7171	57.512445218554	449	6854.427769986
GLOBAL	X	170001	180000	0.0090155692794268	7853	70.799265551339	554	7685.4572230014
GLOBAL	X	180001	190000	0.0050549281218964	8264	41.773925999351	326	7894.0210378682
GLOBAL	X	190001	200000	0.0060383077866706	8390	50.661402330166	397	8369.9382889201
GLOBAL	X	200001	210000	0.0066595439510925	8166	54.381835904621	426	8135.6928471248
GLOBAL	X	210001	220000	0.0070712996890305	9062	64.080117781994	502	9021.0687237027
GLOBAL	X	220001	230000	0.007356978573209	8707	64.057212436931	502	8686.6311360449
GLOBAL	X	230001	240000	0.0073236667775921	8904	65.20992898768	511	8875.1837307153
GLOBAL	X	240001	250000	0.0062987431858877	9278	58.439739278666	458	9257.079943899
GLOBAL	X	250001	260000	0.0062573775769676	8972	56.141191620554	439	8894.4530154278
GLOBAL	X	260001	270000	0.0062331754479428	8801	54.858177117345	429	8628.8976157083
GLOBAL	X	270001	280000	0.007193048918991	8590	61.788290214132	484	8547.0925666199
GLOBAL	X	280001	290000	0.0066965544684191	9237	61.856073624787	484	9163.3744740533
GLOBAL	X	290001	300000	0.0082067219200161	8038	65.965630793089	516	7949.8316970547
GLOBAL	X	300001	310000	0.0066064527773415	8847	58.44728772114	458	8820.1977559607
GLOBAL	X	310001	320000	0.0061318768909414	9281	56.909949424827	446	9260.0575035063
GLOBAL	X	320001	330000	0.0063861723951973	8698	55.546927493426	435	8642.5287517532
GLOBAL	X	330001	340000	0.0068943880604451	8815	60.774030752824	476	8765.0813464236
GLOBAL	X	340001	350000	0.0071461497681034	8680	62.028579987137	486	8648.8134642356
GLOBAL	X	350001	360000	0.0078006690315767	8200	63.965486058929	501	8161.9677419355
GLOBAL	X	360001	370000	0.0059321454869839	9163	54.356249097234	426	9145.3786816269
GLOBAL	X	370001	380000	0.0066970203674769	9488	63.541329246621	498	9472.0476858345
GLOBAL	X	380001	390000	0.0057783404488809	8596	49.67061449858	389	8560.476858345
GLOBAL	X	390001	400000	0.0064257542040665	9334	59.977989740757	470	9309.4263674614
GLOBAL	X	400001	410000	0.0062674320199684	8859	55.5231802649	435	8823.252454418
GLOBAL	X	410001	420000	0.0065737404312053	8891	58.447126173846	458	8862.4011220196
GLOBAL	X	420001	430000	0.0078452270763164	8258	64.785885196221	507	8200.7040673212
GLOBAL	X	430001	440000	0.0049167421258217	8352	41.064630234863	321	7904.0911640954
GLOBAL	X	440001	450000	0.0069366844669055	9189	63.741193566394	499	9132.3997194951
GLOBAL	X	450001	460000	0.0053541748271181	9317	49.884846864259	391	9302.9859747546
GLOBAL	X	460001	470000	0.005929895917944	8457	50.149129778052	393	8437.618513324
GLOBAL	X	470001	480000	0.0060020174059482	8806	52.85376527678	414	8768.5147265077
GLOBAL	X	480001	490000	0.0067598388216166	7849	53.057974910869	415	7755.6956521739
GLOBAL	X	490001	500000	0.0075535405766286	8519	64.348612172299	503	8377.6746143057
GLOBAL	X	500001	510000	0.0065514010351026	8727	57.174076833341	448	8694.0238429173
GLOBAL	X	510001	520000	0.0061015482195059	9537	58.190465369428	456	9504.6577840112
GLOBAL	X	520001	530000	0.006935161524946	9053	62.784017285337	492	9028.2819074334
GLOBAL	X	530001	540000	0.0071855591663166	8827	63.426930761077	497	8802.7251051893
GLOBAL	X	540001	550000	0.006457812180214	9227	59.586232986834	467	9210.8022440393
GLOBAL	X	550001	560000	0.0070450074801696	8298	58.459472070447	458	8261.7559607293
GLOBAL	X	560001	570000	0.0085619052164652	8631	73.897803923311	579	8608.4831460674
GLOBAL	X	570001	580000	0.0070596897164419	9024	63.706640001172	499	8988.5203366059
GLOBAL	X	580001	590000	0.0077038995778325	9457	72.855778307562	571	9438.0575035063
GLOBAL	X	590001	600000	0.0057921526635781	9319	53.977070671884	423	9296.0364656381
GLOBAL	X	600001	610000	0.0073974752662568	8262	61.117940649813	478	8187.4025245442
GLOBAL	X	610001	620000	0.0062984551502458	9319	58.69530354514	460	9299.4866760168
GLOBAL	X	620001	630000	0.0071370672971515	9209	65.725252739468	515	9183.840112202
GLOBAL	X	630001	640000	0.0065781895758869	9003	59.223440751709	464	8972.6998597475
GLOBAL	X	640001	650000	0.0076185625065237	8335	63.500718491875	497	8251.7405329593
GLOBAL	X	650001	660000	0.0073714039317097	8348	61.536480021912	481	8208.3071528752
GLOBAL	X	660001	670000	0.0084577701533563	2873	24.299173650593	182	2264.1264044944
GLOBAL	X	670001	680000	0.0016836327627973	1285	2.1634681001946	10	141.23312883436
GLOBAL	X	680001	690000	0.0025005419228532	863	2.1579676794223	12	109.42176870748
GLOBAL	X	690001	700000	0.0064563179318551	402	2.5954398086057	10	37.56067961165
GLOBAL	X	700001	710000	0.0020112306539558	1643	3.3044519644494	16	179.1504587156
GLOBAL	X	710001	720000	0.011033909500916	4192	46.254148627842	345	3172.7093373494
GLOBAL	X	720001	730000	0.0064403197919215	1425	9.1774557034882	62	719.9532428356
GLOBAL	X	730001	740000	0.0088658642996241	4927	43.682113404248	337	4450.308988764
GLOBAL	X	740001	750000	0.009572070646315	8339	79.821497119621	625	8262.1150070126
GLOBAL	X	750001	760000	0.0093512390552058	7656	71.593086206656	560	7502.0448807854
GLOBAL	X	760001	770000	0.0093523893678398	7837	73.29467547576	574	7772.9438990182
GLOBAL	X	770001	780000	0.0090137796566256	8678	78.221579860197	613	8654.5974754558
GLOBAL	X	780001	790000	0.010052465907153	8621	86.662308585565	679	8592.252454418
GLOBAL	X	790001	800000	0.0086349446330165	8695	75.080843584078	586	8326.8962131837
GLOBAL	X	800001	810000	0.0098440324113908	7832	77.098461846012	604	7797.6353436185
GLOBAL	X	810001	820000	0.008886365026441	8718	77.471330300512	607	8682.0392706872
GLOBAL	X	820001	830000	0.0078379689405564	8636	67.688699770645	530	8568.9396914446
GLOBAL	X	830001	840000	0.0090804620603163	7952	72.207834303635	565	7865.476858345
GLOBAL	X	840001	850000	0.009142827799737	8617	78.783747150334	617	8574.03085554
GLOBAL	X	850001	860000	0.0087857741271642	8511	74.775723596295	585	8452.8765778401
GLOBAL	X	860001	870000	0.007308547216323	8662	63.30663598779	496	8632.1248246844
GLOBAL	X	870001	880000	0.0080913264013498	8837	71.503051408728	560	8797.0883590463
GLOBAL	X	880001	890000	0.0094184551084158	8574	80.753834099557	632	8501.301542777
GLOBAL	X	890001	900000	0.0093013490498159	8242	76.661718868583	600	8188.9915848527
GLOBAL	X	900001	910000	0.0091859282383936	8621	79.191887343191	620	8570.8681626928
GLOBAL	X	910001	920000	0.0091280757758117	8505	77.634284473278	608	8433.5582047686
GLOBAL	X	920001	930000	0.007825624577875	8660	67.769908844398	531	8631.572230014
GLOBAL	X	930001	940000	0.0091324334525382	8599	78.529795258376	615	8540.2566619916
GLOBAL	X	940001	950000	0.0082969227755257	6746	55.971041043696	437	6488.381486676
GLOBAL	X	950001	960000	0.007773049460991	8188	63.645728986594	497	8064.6956521739
GLOBAL	X	960001	970000	0.0086166652010136	8783	75.680170460503	593	8751.5273492286
GLOBAL	X	970001	980000	0.0088349219135141	8567	75.688776033076	593	8529.3309957924
GLOBAL	X	980001	990000	0.0062469177442667	9051	56.540852503358	443	9023.8877980365
GLOBAL	X	990001	1000000	0.0050950457583402	8865	45.167580647686	354	8849.5119214586
GLOBAL	X	1000001	1010000	0.0077425153230316	7801	60.39936203497	473	7371.3842917251
GLOBAL	X	1010001	1020000	0.0067504048909676	8771	59.207801298677	464	8751.6942496494
GLOBAL	X	1020001	1030000	0.0094470618538905	8375	79.119143026333	620	8351.5343618513
GLOBAL	X	1030001	1040000	0.0080774315441563	8743	70.620983990558	553	8653.4235624123
GLOBAL	X	1040001	1050000	0.0078138995096706	8756	68.418504106675	536	8725.190743338
GLOBAL	X	1050001	1060000	0.0094335027941424	8309	78.38297471653	613	8212.4684431978
GLOBAL	X	1060001	1070000	0.0079565938600053	8140	64.766674020443	507	8064.2594670407
GLOBAL	X	1070001	1080000	0.0074856619846059	8497	63.605669883196	498	8445.8976157083
GLOBAL	X	1080001	1090000	0.0066806708447007	9358	62.517717764709	490	9343.5820476858
GLOBAL	X	1090001	1100000	0.0082152108672453	9103	74.783064524534	586	9082.6086956522
GLOBAL	X	1100001	1110000	0.0096088827223797	8714	83.731804042816	656	8679.1472650771
GLOBAL	X	1110001	1120000	0.0081710934607748	8746	71.464383407936	560	8724.778401122
GLOBAL	X	1120001	1130000	0.0075856520271501	9000	68.270868244351	535	8979.3127629734
GLOBAL	X	1130001	1140000	0.0067226933268825	8920	59.966424475792	470	8905.0252454418
GLOBAL	X	1140001	1150000	0.0065083923303009	8900	57.924691739678	454	8888.443197756
GLOBAL	X	1150001	1160000	0.0078592869780105	8624	67.778490898363	531	8594.4852734923
GLOBAL	X	1160001	1170000	0.0082168135931922	8761	71.987503889957	564	8735.2047685834
GLOBAL	X	1170001	1180000	0.0090971744918067	8451	76.880221630258	602	8401.141654979
GLOBAL	X	1180001	1190000	0.0084815613954429	8485	71.966048440333	563	8427.840112202
GLOBAL	X	1190001	1200000	0.0091502812611649	8416	77.008767093964	603	8338.8471248247
GLOBAL	X	1200001	1210000	0.0077032043261178	7946	61.209661575332	479	7508.3001402525
GLOBAL	X	1210001	1220000	0.0086355280367893	8344	72.05484593897	564	8272.5680224404
GLOBAL	X	1220001	1230000	0.0076567059027193	8607	65.901267704705	516	8553.2103786816
GLOBAL	X	1230001	1240000	0.0091873927732372	7512	69.015694512558	537	7168.7503506311
GLOBAL	X	1240001	1250000	0.0091463173376073	8009	73.252855556897	571	7634.5505617978
GLOBAL	X	1250001	1260000	0.0093200553573358	9065	84.486301814249	662	9036.873772791
GLOBAL	X	1260001	1270000	0.0082866465098819	9042	74.927857742352	587	9009.3941093969
GLOBAL	X	1270001	1280000	0.0091153758677532	8280	75.475312184996	591	8232.9088359046
GLOBAL	X	1280001	1290000	0.010077367353792	8036	80.981724055073	634	7982.2875175316
GLOBAL	X	1290001	1300000	0.0085105674493408	8925	75.956814485366	595	8888.0603085554
GLOBAL	X	1300001	1310000	0.0091410192176479	8697	79.499444135884	623	8678.1837307153
GLOBAL	X	1310001	1320000	0.0075778716537103	9043	68.526693364502	537	9023.4347826087
GLOBAL	X	1320001	1330000	0.009687463949845	8249	79.911890122272	625	8121.3450210379
GLOBAL	X	1330001	1340000	0.0099077211516792	8432	83.541904750959	654	8363.0687237027
GLOBAL	X	1340001	1350000	0.010022269059911	9232	92.525587961095	725	9204.3758765778
GLOBAL	X	1350001	1360000	0.010598585890951	8707	92.281887352514	723	8672.4600280505
GLOBAL	X	1360001	1370000	0.011851114517936	8325	98.660528361817	771	8155.0995792426
GLOBAL	X	1370001	1380000	0.011631265824799	7131	82.942556596638	648	7019.4151472651
GLOBAL	X	1380001	1390000	0.010535114546299	7658	80.67790719556	631	7538.5848527349
GLOBAL	X	1390001	1400000	0.010332972811616	8502	87.850934844359	688	8444.110799439
GLOBAL	X	1400001	1410000	0.0082459872639467	8361	68.944699513858	538	8087.2145862553
GLOBAL	X	1410001	1420000	0.0092604616121125	7721	71.500024107121	560	7670.3899018233
GLOBAL	X	1420001	1430000	0.011059560572808	4917	54.379859336499	425	4784.9004207574
GLOBAL	X	1430001	1440000	0.0099797197719982	7250	72.352968346987	566	7136.2384291725
GLOBAL	X	1440001	1450000	0.0089215046958854	7512	67.018343275491	521	6881.8036465638
GLOBAL	X	1450001	1460000	0.011042945952005	8035	88.730070724359	694	7915.4530154278
GLOBAL	X	1460001	1470000	0.0075164569147315	9168	68.910876994259	540	9138.255259467
GLOBAL	X	1470001	1480000	0.0091121885658882	8266	75.321350685632	590	8232.6479663394
GLOBAL	X	1480001	1490000	0.0075980497200039	8990	68.306466982835	535	8955.9565217391
GLOBAL	X	1490001	1500000	0.011392879568988	8675	98.833230260971	774	8613.4474053296
GLOBAL	X	1500001	1510000	0.0089075229439149	8696	77.459819520284	606	8625.7349228612
GLOBAL	X	1510001	1520000	0.010111051122908	8683	87.794256900212	688	8665.5946704067
GLOBAL	X	1520001	1530000	0.0087681790161461	7033	61.666603020555	481	5730.7826086957
GLOBAL	X	1530001	1540000	0.0081025284502267	8069	65.379302064879	512	7298.5203366059
GLOBAL	X	1540001	1550000	0.0075070396304726	8924	66.992821662337	525	8903.6409537167
GLOBAL	X	1550001	1560000	0.0055770483775637	9311	51.927897443496	407	9297.8316970547
GLOBAL	X	1560001	1570000	0.0092162152926539	8606	79.314748808579	619	8536.4628330996
GLOBAL	X	1570001	1580000	0.010002260601727	8374	83.758930278866	656	8334.7910238429
GLOBAL	X	1580001	1590000	0.0087461625222152	8685	75.960421505439	595	8638.2300140252
GLOBAL	X	1590001	1600000	0.0096235502376711	8994	86.554210837614	678	8958.4642356241
GLOBAL	X	1600001	1610000	0.01216021953797	7994	97.208794986535	761	7916.4053295933
GLOBAL	X	1610001	1620000	0.012963553411151	7348	95.256190465134	744	7193.0126227209
GLOBAL	X	1620001	1630000	0.0081691702074683	4284	34.996725168794	274	4060.5736325386
GLOBAL	X	1630001	1640000	0.0019335573692972	378	0.73088468559435	3	335.47368421053
GLOBAL	X	1640001	1650000	0.0088389351248019	4736	41.861196751062	328	4583.0715287518
GLOBAL	X	1650001	1660000	0.0092232838767993	8724	80.463928541197	629	8601.1626928471
GLOBAL	X	1660001	1670000	0.0068909132594609	9536	65.71174884222	515	9518.1542776999
GLOBAL	X	1670001	1680000	0.0068242580519657	8976	61.254540274444	480	8952.1528751753
GLOBAL	X	1680001	1690000	0.0097957274710139	8886	87.044834307429	682	8857.6058906031
GLOBAL	X	1690001	1700000	0.0093139569065983	8577	79.885808387893	626	8545.4193548387
GLOBAL	X	1700001	1710000	0.010237021029782	7954	81.425265270885	638	7926.2833099579
GLOBAL	X	1710001	1720000	0.010349883604853	8495	87.922261223228	689	8473.8260869565
GLOBAL	X	1720001	1730000	0.0090614132087899	8693	78.770865024011	617	8650.8134642356
GLOBAL	X	1730001	1740000	0.01074384565171	8263	88.776396620077	695	8205.9817671809
GLOBAL	X	1740001	1750000	0.0099863617801912	8398	83.865466230046	657	8360.6381486676
GLOBAL	X	1750001	1760000	0.010922628782464	8495	92.787731507027	727	8458.6661991585
GLOBAL	X	1760001	1770000	0.011982350619511	8085	96.877304758749	759	8059.9284712482
GLOBAL	X	1770001	1780000	0.01085088464211	8367	90.789351800536	711	8324.7517531557
GLOBAL	X	1780001	1790000	0.013992733713704	7730	108.16383160693	847	7689.9130434783
GLOBAL	X	1790001	1800000	0.015922110734411	8147	129.71743615325	1016	8113.3057503506
GLOBAL	X	1800001	1810000	0.012682030492485	6921	87.772333038489	674	5843.1977559607
GLOBAL	X	1810001	1820000	0.013966949127739	7190	100.42236422845	782	6867.7798036466
GLOBAL	X	1820001	1830000	0.014709656448973	7524	110.67545512208	866	7448.0785413745
GLOBAL	X	1830001	1840000	0.013350063347827	7069	94.371597805793	735	6773.1178120617
GLOBAL	X	1840001	1850000	0.01017358170897	9120	92.783065185803	727	9091.3267882188
GLOBAL	X	1850001	1860000	0.013415377673597	7559	101.40683983472	794	7503.381486676
GLOBAL	X	1860001	1870000	0.0085004918900492	7942	67.510906590771	528	7389.8106591865
GLOBAL	X	1870001	1880000	0.011099877334502	8235	91.40748984962	716	8194.7840112202
GLOBAL	X	1880001	1890000	0.010509278509386	8238	86.575436360322	676	7737.6647966339
GLOBAL	X	1890001	1900000	0.012893900880419	8259	106.49072737138	832	8117.809256662
GLOBAL	X	1900001	1910000	0.011581997172341	7768	89.968954034747	704	7638.5329593268
GLOBAL	X	1910001	1920000	0.012833600077537	7641	98.061538192461	768	7609.3239831697
GLOBAL	X	1920001	1930000	0.011541019239036	8793	101.48018216885	795	8757.7868162693
GLOBAL	X	1930001	1940000	0.010513615735661	8634	90.7745582617	711	8599.2047685834
GLOBAL	X	1940001	1950000	0.0077266380460218	8610	66.526353576248	520	8441.0518934081
GLOBAL	X	1950001	1960000	0.011335487167446	8075	91.534058877126	717	8033.713884993
GLOBAL	X	1960001	1970000	0.0075021372423486	8831	66.25137398718	519	8801.6129032258
GLOBAL	X	1970001	1980000	0.0097902392792038	8760	85.762496085825	672	8731.8948106592
GLOBAL	X	1980001	1990000	0.010666261583883	7755	82.716858583012	648	7724.5259467041
GLOBAL	X	1990001	2000000	0.010681398200309	8676	92.671810785878	726	8640.5427769986
GLOBAL	X	2000001	2010000	0.010248388147101	8186	83.893305372166	657	8134.5469845722
GLOBAL	X	2010001	2020000	0.013012852913309	7041	91.623497362608	715	6741.7980364656
GLOBAL	X	2020001	2030000	0.011313789256494	7977	90.250096899053	707	7936.6016830295
GLOBAL	X	2030001	2040000	0.0099207279090752	7912	78.492799216603	615	7885.8681626928
GLOBAL	X	2040001	2050000	0.0086944593800817	8017	69.703480850115	546	7986.6409537167
GLOBAL	X	2050001	2060000	0.0084501120469568	9126	77.115722540527	604	9077.2833099579
GLOBAL	X	2060001	2070000	0.011704773305625	7026	82.237737245322	643	6918.2959326788
GLOBAL	X	2070001	2080000	0.0099562887618519	8003	79.680178961101	622	7382.4726507714
GLOBAL	X	2080001	2090000	0.009618625898652	8272	79.56527343365	622	8183.6563814867
GLOBAL	X	2090001	2100000	0.011880860853609	7554	89.748022888159	701	7395.5834502104
GLOBAL	X	2100001	2110000	0.01364540062891	6820	93.061632289166	728	6727.6213183731
GLOBAL	X	2110001	2120000	0.010129397974692	7253	73.468523510442	575	6785.8359046283
GLOBAL	X	2120001	2130000	0.011987117594937	7681	92.073050246714	721	7628.1332398317
GLOBAL	X	2130001	2140000	0.010255870156377	7816	80.159881142241	628	7784.3309957924
GLOBAL	X	2140001	2150000	0.0090877244542511	8889	80.780782673838	633	8863.7040673212
GLOBAL	X	2150001	2160000	0.01125073957803	7072	79.565230295827	622	6860.1065918654
GLOBAL	X	2160001	2170000	0.01093703632931	7663	83.8105093915	656	7601.9424964937
GLOBAL	X	2170001	2180000	0.0109203802161	7588	82.863845079766	642	7019.4824684432
GLOBAL	X	2180001	2190000	0.0095927159921223	5130	49.210633039587	383	4566.4698457223
GLOBAL	X	2190001	2200000	0.0078916133714833	4901	38.676797133639	297	3892.1514726508
GLOBAL	X	2200001	2210000	0.011561070948875	7333	84.777333268103	663	7278.3253856942
GLOBAL	X	2210001	2220000	0.0085611081702783	8134	69.636053857044	545	8062.4698457223
GLOBAL	X	2220001	2230000	0.010501800308371	6899	72.45192032745	567	6816.778401122
GLOBAL	X	2230001	2240000	0.013835592586713	5988	82.847528409237	646	5805.3338008415
GLOBAL	X	2240001	2250000	0.017162777831401	4263	73.164921895264	561	3645.1486676017
GLOBAL	X	2250001	2260000	0.012315484973979	3640	44.828365305284	342	2987.276203966
GLOBAL	X	2260001	2270000	0.020086921389304	4099	82.336290774756	609	2723.2437956204
GLOBAL	X	2270001	2280000	0.015481471872119	5310	82.206615640954	636	4847.7914893617
GLOBAL	X	2280001	2290000	0.01346099233715	5305	71.41056434858	554	5043.5744680851
GLOBAL	X	2290001	2300000	0.013964479651535	5054	70.576480158857	538	4081.9717114569
GLOBAL	X	2300001	2310000	0.01544211421067	6469	99.895036828823	778	6249.6827880512
GLOBAL	X	2310001	2320000	0.015958774627503	5495	87.69346657813	678	4937.7892503536
GLOBAL	X	2320001	2330000	0.011990613763632	5295	63.490299878433	493	4955.8943661972
GLOBAL	X	2330001	2340000	0.014936320765911	5904	88.184037801939	681	5225.5599435825
GLOBAL	X	2340001	2350000	0.017122835814853	5715	97.857006681886	751	5055.0568990043
GLOBAL	X	2350001	2360000	0.012305082823231	3456	42.526366237087	327	2927.3408450704
GLOBAL	X	2360001	2370000	0.0091931358468632	4818	44.292528510187	345	4112.9761570827
GLOBAL	X	2370001	2380000	0.010416119205771	7334	76.391818255121	595	7084.8863955119
GLOBAL	X	2380001	2390000	0.013378825891192	7709	103.1373687952	808	7679.5946704067
GLOBAL	X	2390001	2400000	0.011365719104687	8483	96.415395165059	755	8443.5203366059
GLOBAL	X	2400001	2410000	0.013204266561638	7273	96.034630702796	749	7109.5708274895
GLOBAL	X	2410001	2420000	0.01178259930284	7871	92.740839112656	726	7804.3730715288
GLOBAL	X	2420001	2430000	0.0099288682678152	8359	82.995409850667	650	8315.8849929874
GLOBAL	X	2430001	2440000	0.011984034208799	8501	101.876274809	798	8420.5063113604
GLOBAL	X	2440001	2450000	0.010738295088345	8073	86.690256248206	679	8035.7952314166
GLOBAL	X	2450001	2460000	0.011134239748012	8641	96.21096566257	754	8622.427769986
GLOBAL	X	2460001	2470000	0.01199854787282	7837	94.032619679291	736	7767.0126227209
GLOBAL	X	2470001	2480000	0.01079533900556	7985	86.200781959396	675	7931.3941093969
GLOBAL	X	2480001	2490000	0.0099090959077372	7461	73.931764567627	577	7357.2075736325
GLOBAL	X	2490001	2500000	0.0098262419250749	8324	81.793637784324	640	8268.1037868163
GLOBAL	X	2500001	2510000	0.01036143301309	7873	81.575562112059	639	7836.8527349229
GLOBAL	X	2510001	2520000	0.0098906596585716	8159	80.697892154286	632	8104.9551192146
GLOBAL	X	2520001	2530000	0.0097196245660646	7318	71.128212574461	557	7247.0757363254
GLOBAL	X	2530001	2540000	0.010505482282098	6690	70.281676467237	549	6582.1921458626
GLOBAL	X	2540001	2550000	0.009890398039384	7813	77.273679881707	605	7742.0406732118
GLOBAL	X	2550001	2560000	0.0070503820783307	9069	63.939915068382	501	9039.064516129
GLOBAL	X	2560001	2570000	0.0081016106172749	8607	69.730562582885	545	8540.8625525947
GLOBAL	X	2570001	2580000	0.0084705972326654	8725	73.905960855005	579	8695.350631136
GLOBAL	X	2580001	2590000	0.006540899039565	8468	55.388333067036	434	8063.5273492286
GLOBAL	X	2590001	2600000	0.010131434342537	8300	84.090905043053	658	8088.6998597475
GLOBAL	X	2600001	2610000	0.010857202476232	7108	77.172995201058	603	6871.1248246844
GLOBAL	X	2610001	2620000	0.0092420011173613	7964	73.603296898665	576	7918.840112202
GLOBAL	X	2620001	2630000	0.0099681297487386	7969	79.436025967698	619	7574.7110799439
GLOBAL	X	2630001	2640000	0.010485498379093	7063	74.059075051535	578	6388.8134642356
GLOBAL	X	2640001	2650000	0.010968936672761	7902	86.676537588157	678	7836.8471248247
GLOBAL	X	2650001	2660000	0.014784086827826	7770	114.87235465221	896	7606.6465638149
GLOBAL	X	2660001	2670000	0.011823041735902	7067	83.553435947616	651	6774.5049088359
GLOBAL	X	2670001	2680000	0.0085240940706199	9092	77.501063290076	607	9050.8036465638
GLOBAL	X	2680001	2690000	0.0096056738377646	8253	79.275626183071	621	8217.6535764376
GLOBAL	X	2690001	2700000	0.012091214642161	6814	82.389536571682	640	6377.1851332398
GLOBAL	X	2700001	2710000	0.010583466739394	8364	88.52011580829	693	8300.4838709677
GLOBAL	X	2710001	2720000	0.013310251683975	7289	97.018424524496	757	7052.6549789621
GLOBAL	X	2720001	2730000	0.012150884907376	6452	78.397509422393	611	6218.396914446
GLOBAL	X	2730001	2740000	0.013553060065533	8306	112.57171690432	882	8274.3772791024
GLOBAL	X	2740001	2750000	0.010035582068289	9002	90.340309778735	708	8981.0939691445
GLOBAL	X	2750001	2760000	0.010287645815947	8287	85.253720876754	668	8261.0518934081
GLOBAL	X	2760001	2770000	0.0098686341444201	7998	78.929335887072	618	7949.1388499299
GLOBAL	X	2770001	2780000	0.01043655995332	8679	90.578903834861	709	8614.2117812062
GLOBAL	X	2780001	2790000	0.011728583917081	7793	91.400854465815	715	7704.2328190743
GLOBAL	X	2790001	2800000	0.010638425355007	7827	83.266955253638	652	7776.0687237027
GLOBAL	X	2800001	2810000	0.010718547851689	7631	81.793238656238	640	7562.3422159888
GLOBAL	X	2810001	2820000	0.011803311576413	7792	91.971403803411	720	7732.3394109397
GLOBAL	X	2820001	2830000	0.0092970358853785	8609	80.038181937224	627	8563.6704067321
GLOBAL	X	2830001	2840000	0.011049870043195	7757	85.713841925065	671	7677.8274894811
GLOBAL	X	2840001	2850000	0.0094007111455293	4636	43.581696870674	335	3406.840112202
GLOBAL	X	2850001	2860000	0.0014103227514896	1929	2.7205125876234	18	548.25092250923
GLOBAL	X	2860001	2870000	0.0066843401676834	2974	19.87922765869	145	1649.1711079944
GLOBAL	X	2870001	2880000	0.012035103444721	6371	76.675644046317	585	5574.6998597475
GLOBAL	X	2880001	2890000	0.01068563942761	7890	84.309695083841	658	7708.873772791
GLOBAL	X	2890001	2900000	0.010373299304648	7776	80.662775392945	629	7673.3071528752
GLOBAL	X	2900001	2910000	0.010533166594502	7174	75.564937148957	590	7059.5175315568
GLOBAL	X	2910001	2920000	0.010343987751787	6876	71.125259781286	555	6646.8373071529
GLOBAL	X	2920001	2930000	0.0092527067629808	8503	78.675765605626	616	8447.8485273492
GLOBAL	X	2930001	2940000	0.011073602874618	7406	82.011102889421	638	7242.5652173913
GLOBAL	X	2940001	2950000	0.0093654710855102	8566	80.224625318481	628	8528.0420757363
GLOBAL	X	2950001	2960000	0.0097891101712999	8539	83.58921175273	655	8513.7980364656
GLOBAL	X	2960001	2970000	0.010264717263947	8223	84.40677006144	661	8183.7615708275
GLOBAL	X	2970001	2980000	0.010612090445796	7978	84.663257576561	663	7939.9172510519
GLOBAL	X	2980001	2990000	0.010854882925485	7938	86.166060662498	675	7902.5399719495
GLOBAL	X	2990001	3000000	0.009861118647325	8455	83.375758163133	653	8404.3758765778
GLOBAL	X	3000001	3010000	0.011169744187552	8002	89.380292988794	700	7955.3927068724
GLOBAL	X	3010001	3020000	0.010268905323132	8040	82.561998797985	646	7961.4081346424
GLOBAL	X	3020001	3030000	0.010315676507443	8390	86.54852589745	678	8349.2973352034
GLOBAL	X	3030001	3040000	0.0095513474347831	8652	82.638258005744	647	8600.0785413745
GLOBAL	X	3040001	3050000	0.0099091247041583	6652	65.915497532061	515	6538.3295932679
GLOBAL	X	3050001	3060000	0.011642366339679	7574	88.17928265673	690	7482.5904628331
GLOBAL	X	3060001	3070000	0.013109463881621	6718	88.069378356731	688	6600.4403927069
GLOBAL	X	3070001	3080000	0.0041628667423194	2826	11.764261413795	82	1496.1507042254
GLOBAL	X	3080001	3090000	0.010702611019739	6044	64.686581003301	503	5740.0056417489
GLOBAL	X	3090001	3100000	0.0022811371822867	1722	3.9281182278978	19	188.90384615385
GLOBAL	X	3100001	3110000	0.0017129082310625	4966	8.5063022754566	46	1018.2505175983
GLOBAL	X	3110001	3120000	0.00040130984496347	2780	1.1156413689984	6	392.66608084359
GLOBAL	X	3120001	3130000	0.0045874410338973	4022	18.450687838335	121	1449.6059322034
GLOBAL	X	3130001	3140000	0.011100256522649	7698	85.449774711349	668	7541.7054698457
GLOBAL	X	3140001	3150000	0.010040905473215	8223	82.566365706248	646	8118.1626928471
GLOBAL	X	3150001	3160000	0.011405581632638	8050	91.814932142733	719	7993.4684431978
GLOBAL	X	3160001	3170000	0.012368869298174	7568	93.607602848584	732	7412.0518934081
GLOBAL	X	3170001	3180000	0.012408512633327	7549	93.671861868986	733	7449.110799439
GLOBAL	X	3180001	3190000	0.011798948307481	8166	96.350211878889	753	8072.1164095372
GLOBAL	X	3190001	3200000	0.010290012996854	8684	89.358472864684	699	8578.5315568022
GLOBAL	X	3200001	3210000	0.010821431002686	7505	81.214839675158	630	7085.7012622721
GLOBAL	X	3210001	3220000	0.010700251342431	7380	78.967854907138	618	7301.5918653576
GLOBAL	X	3220001	3230000	0.0089657401347864	7163	64.221596585475	499	6559.4193548387
GLOBAL	X	3230001	3240000	0.010056958761547	8552	86.007111328749	674	8527.7727910238
GLOBAL	X	3240001	3250000	0.011577244720387	7507	86.910376115943	680	7440.2468443198
GLOBAL	X	3250001	3260000	0.012403998767647	7759	96.242626438173	754	7724.5792426367
GLOBAL	X	3260001	3270000	0.011540542905622	8380	96.709749549111	757	8325.1921458626
GLOBAL	X	3270001	3280000	0.0099437973344933	7959	79.142682985232	620	7922.747545582
GLOBAL	X	3280001	3290000	0.011969100830518	8023	96.028095963246	752	7976.0014025245
GLOBAL	X	3290001	3300000	0.01213583521855	7269	88.215386203638	690	7164.6816269285
GLOBAL	X	3300001	3310000	0.010144346701712	8379	84.999481013646	666	8345.9424964937
GLOBAL	X	3310001	3320000	0.0099274985059235	8375	83.142799987109	651	8332.1346423562
GLOBAL	X	3320001	3330000	0.008939125585848	7622	68.134015215333	533	7512.8541374474
GLOBAL	X	3330001	3340000	0.010674393793422	8303	88.629491666783	691	8205.9340813464
GLOBAL	X	3340001	3350000	0.0094365654648519	8629	81.428123396207	638	8598.904628331
GLOBAL	X	3350001	3360000	0.011797912602586	7790	91.905739174147	719	7724.2608695652
GLOBAL	X	3360001	3370000	0.01128927739256	7671	86.600046878332	678	7618.5357643759
GLOBAL	X	3370001	3380000	0.0065079494003117	9195	59.840594735866	469	9176.1023842917
GLOBAL	X	3380001	3390000	0.010377779535087	8903	92.393371200876	724	8878.7994389902
GLOBAL	X	3390001	3400000	0.010566937592899	7820	82.633451976473	647	7776.1725105189
GLOBAL	X	3400001	3410000	0.010878285872764	8339	90.714025892982	710	8261.8849929874
GLOBAL	X	3410001	3420000	0.010497735225964	8369	87.855546106096	688	8315.8639551192
GLOBAL	X	3420001	3430000	0.011557941057113	7446	86.06042911126	674	7403.0827489481
GLOBAL	X	3430001	3440000	0.0095681903627493	8350	79.894389528956	626	8324.3548387097
GLOBAL	X	3440001	3450000	0.0081608904021681	8430	68.796306090277	539	8406.4375876578
GLOBAL	X	3450001	3460000	0.006142607052871	9164	56.29085103251	441	9137.0561009818
GLOBAL	X	3460001	3470000	0.0076901861043939	8271	63.605529269442	498	8222.8387096774
GLOBAL	X	3470001	3480000	0.010159739760295	7417	75.354789802109	589	7274.4488078541
GLOBAL	X	3480001	3490000	0.0093049903714502	8130	75.64957171989	589	7973.0196353436
GLOBAL	X	3490001	3500000	0.0079243969637716	9328	73.918774878062	579	9284.1051893408
GLOBAL	X	3500001	3510000	0.0094839111912851	7122	67.544415504333	521	6523.347826087
GLOBAL	X	3510001	3520000	0.008405406779927	5604	47.103899594711	367	4639.3618513324
GLOBAL	X	3520001	3530000	0.0086932371238069	8567	74.474962439653	579	7748.5960729313
GLOBAL	X	3530001	3540000	0.0097964363726393	8468	82.95622320351	650	8435.9971949509
GLOBAL	X	3540001	3550000	0.011748482679343	7868	92.43706172107	723	7737.6016830295
GLOBAL	X	3550001	3560000	0.010308297864427	8027	82.744706957754	648	7978.4684431978
GLOBAL	X	3560001	3570000	0.0092854284281814	8144	75.620529119109	592	8094.2173913043
GLOBAL	X	3570001	3580000	0.0088215344862521	7884	69.548977889611	545	7863.8625525947
GLOBAL	X	3580001	3590000	0.0079079670093742	8536	67.502406392018	529	8515.4319775596
GLOBAL	X	3590001	3600000	0.0095600755764549	8193	78.325699197895	613	8137.7769985975
GLOBAL	X	3600001	3610000	0.011017655727484	7893	86.962356657034	681	7843.9831697055
GLOBAL	X	3610001	3620000	0.0065571995631465	8660	56.785348216848	445	8640.6844319776
GLOBAL	X	3620001	3630000	0.0077313974691373	8522	65.886969231988	516	8490.9396914446
GLOBAL	X	3630001	3640000	0.0083302231639003	8427	70.198790602187	550	8397.793828892
GLOBAL	X	3640001	3650000	0.01003882469331	8710	87.438163078728	685	8669.9410939691
GLOBAL	X	3650001	3660000	0.0082845184818663	8521	70.592381983982	553	8481.9663394109
GLOBAL	X	3660001	3670000	0.010131407693469	8328	84.37436327121	661	8292.0701262272
GLOBAL	X	3670001	3680000	0.012313719983777	7160	88.166235083846	688	6992.0995792426
GLOBAL	X	3680001	3690000	0.009870648536349	8294	81.867158960479	641	8228.2791023843
GLOBAL	X	3690001	3700000	0.01029397513772	7443	76.618056950048	600	7393.8429172511
GLOBAL	X	3700001	3710000	0.0098501915670097	8435	83.086365867727	649	8332.8611500701
GLOBAL	X	3710001	3720000	0.007316406051925	8015	58.640994506179	454	6478.1542776999
GLOBAL	X	3720001	3730000	0.0089187898919928	8559	76.335922685567	598	8522.2356241234
GLOBAL	X	3730001	3740000	0.0056470270089352	9061	51.167711727962	401	9042.0406732118
GLOBAL	X	3740001	3750000	0.0077619950529371	8829	68.530654322381	537	8804.2075736325
GLOBAL	X	3750001	3760000	0.010277357810341	7779	79.947566406646	626	7724.1346423562
GLOBAL	X	3760001	3770000	0.01178227289867	7451	87.789715367992	687	7393.9368863955
GLOBAL	X	3770001	3780000	0.010546898933841	6997	73.796651840088	574	6317.9270687237
GLOBAL	X	3780001	3790000	0.014494222590159	4658	67.514088824962	514	3809.4028169014
GLOBAL	X	3790001	3800000	0.011553590943199	4545	52.511070836842	400	2995.6234132581
GLOBAL	X	3800001	3810000	0.016264853432526	5594	90.985590101548	641	2649.8793828892
GLOBAL	X	3810001	3820000	0.010583797816965	7524	79.632494774844	621	7338.0168302945
GLOBAL	X	3820001	3830000	0.010249613836834	8315	85.225539053278	667	8258.1963534362
GLOBAL	X	3830001	3840000	0.010809675332517	7392	79.905120057963	625	7306.6844319776
GLOBAL	X	3840001	3850000	0.011145828788838	7498	83.57142425871	654	7425.0673211781
GLOBAL	X	3850001	3860000	0.012007079536429	7466	89.644855818977	700	7217.2412342216
GLOBAL	X	3860001	3870000	0.01655796311413	5623	93.105426590752	724	5277.6952247191
GLOBAL	X	3870001	3880000	0.01162724403324	7178	83.460357670596	651	6871.4305750351
GLOBAL	X	3880001	3890000	0.010508734575021	7796	81.926094746863	640	7652.6563814867
GLOBAL	X	3890001	3900000	0.0097554163599288	8856	86.39396728353	677	8831.5610098177
GLOBAL	X	3900001	3910000	0.010238008523925	8303	85.006184774151	666	8271.6774193548
GLOBAL	X	3910001	3920000	0.0090207431173873	8463	76.342549002449	598	8426.2426367461
GLOBAL	X	3920001	3930000	0.0078285637372556	8429	65.986963741327	516	8364.4025245442
GLOBAL	X	3930001	3940000	0.0083719230500521	8113	67.921411705073	532	8074.6437587658
GLOBAL	X	3940001	3950000	0.0058320935501712	9255	53.976025806834	423	9220.1248246844
GLOBAL	X	3950001	3960000	0.0077703431740709	8589	66.739477522095	523	8566.366058906
GLOBAL	X	3960001	3970000	0.0097832370969002	8274	80.946503739753	634	8230.3800841515
GLOBAL	X	3970001	3980000	0.009444901056328	8609	81.311153193928	637	8573.523141655
GLOBAL	X	3980001	3990000	0.0089278548027057	8049	71.860303306978	563	8021.4095371669
GLOBAL	X	3990001	4000000	0.0088040249004119	8711	76.691860907488	601	8692.0841514727
GLOBAL	X	4000001	4010000	0.010419442245784	8220	85.64781526034	671	8189.1065918654
GLOBAL	X	4010001	4020000	0.0087407071854363	5102	44.595088060096	341	4249.0280504909
GLOBAL	X	4020001	4030000	0.0085871307696688	8622	74.038241496084	580	8581.4936886395
GLOBAL	X	4030001	4040000	0.010667529297934	7727	82.427998885137	645	7670.4361851332
GLOBAL	X	4040001	4050000	0.010489531979272	8480	88.951231184227	697	8455.7755960729
GLOBAL	X	4050001	4060000	0.010657430080577	8672	92.421233658767	724	8641.2300140252
GLOBAL	X	4060001	4070000	0.0099557843322161	8578	85.40071800175	669	8550.9018232819
GLOBAL	X	4070001	4080000	0.010192415242922	8154	83.108953890784	651	8122.396914446
GLOBAL	X	4080001	4090000	0.0098284900596274	8298	81.556810514788	639	8265.9495091164
GLOBAL	X	4090001	4100000	0.010823109072806	7578	82.017520553724	642	7520.2791023843
GLOBAL	X	4100001	4110000	0.010605600103802	8083	85.725065639035	671	8017.1388499299
GLOBAL	X	4110001	4120000	0.010011242509279	8479	84.885325236175	665	8442.5175315568
GLOBAL	X	4120001	4130000	0.0098318699749264	7707	75.774221896758	593	7658.5469845722
GLOBAL	X	4130001	4140000	0.0071632598737132	8889	63.674217017437	499	8866.5582047686
GLOBAL	X	4140001	4150000	0.0071671783697547	8743	62.662640486765	491	8722.2384291725
GLOBAL	X	4150001	4160000	0.0082810679332882	8188	67.805384237764	531	8156.1683029453
GLOBAL	X	4160001	4170000	0.0090550653391569	8534	77.275927604365	605	8475.6157082749
GLOBAL	X	4170001	4180000	0.0093580103525525	8891	83.202070044544	652	8871.347826087
GLOBAL	X	4180001	4190000	0.01057212109767	6852	72.440173761231	566	6760.079943899
GLOBAL	X	4190001	4200000	0.0092866436197687	8689	80.69164641217	632	8662.904628331
GLOBAL	X	4200001	4210000	0.0095598258680495	8051	76.966158063666	602	7943.8948106592
GLOBAL	X	4210001	4220000	0.011266728376867	7398	83.351256532062	653	7366.6227208976
GLOBAL	X	4220001	4230000	0.01161646701286	8244	95.766154054018	750	8190.3380084151
GLOBAL	X	4230001	4240000	0.010375462892382	8451	87.683036903519	687	8424.3436185133
GLOBAL	X	4240001	4250000	0.012292276405011	7950	97.723597419839	765	7898.7166900421
GLOBAL	X	4250001	4260000	0.0082056188951509	7796	63.971004906596	492	5160.4081346424
GLOBAL	X	4260001	4270000	0.010949803264681	8642	94.628199813377	741	8594.6395511921
GLOBAL	X	4270001	4280000	0.011382238744274	7656	87.142419826163	681	7530.0631136045
GLOBAL	X	4280001	4290000	0.010996209446755	8473	93.170882642352	730	8447.950911641
GLOBAL	X	4290001	4300000	0.008893368031094	9011	80.138139328188	628	8990.4053295933
GLOBAL	X	4300001	4310000	0.0095252879265171	7935	75.583159696913	592	7899.0715287518
GLOBAL	X	4310001	4320000	0.010000006371764	8914	89.140056797902	698	8882.6718092567
GLOBAL	X	4320001	4330000	0.010248641479966	7606	77.951167096624	610	7557.412342216
GLOBAL	X	4330001	4340000	0.0094598692592053	8280	78.32771746622	613	8219.0925666199
GLOBAL	X	4340001	4350000	0.01059345860422	7906	83.75188372496	656	7868.2580645161
GLOBAL	X	4350001	4360000	0.0097188113885999	8616	83.737278924177	656	8579.5343618513
GLOBAL	X	4360001	4370000	0.009224856302	8048	74.241643518496	581	7901.9228611501
GLOBAL	X	4370001	4380000	0.0079967553176384	8653	69.195923763525	542	8609.4347826087
GLOBAL	X	4380001	4390000	0.0088850951264301	8547	75.940908045598	595	8514.618513324
GLOBAL	X	4390001	4400000	0.0084043937826194	9005	75.681566012488	593	8980.5049088359
GLOBAL	X	4400001	4410000	0.009314448981267	8363	77.896736830336	610	8323.5469845722
GLOBAL	X	4410001	4420000	0.0086733011426674	8409	72.93378930869	571	8364.7307152875
GLOBAL	X	4420001	4430000	0.0091025111485252	8655	78.782233990486	617	8603.2075736325
GLOBAL	X	4430001	4440000	0.0082419326004327	8903	73.377925941653	575	8881.4319775596
GLOBAL	X	4440001	4450000	0.0079220086298607	9091	72.018980454064	564	9051.6563814867
GLOBAL	X	4450001	4460000	0.0096481927241257	8717	84.103295976203	659	8693.1823281907
GLOBAL	X	4460001	4470000	0.010233249014743	8066	82.541386552919	646	8010.9929873773
GLOBAL	X	4470001	4480000	0.010584384146286	7730	81.817289450791	640	7263.7461430575
GLOBAL	X	4480001	4490000	0.013532000293044	6376	86.280033868451	674	6269.3955119215
GLOBAL	X	4490001	4500000	0.010243841121721	8293	84.952174422428	665	8232.8569424965
GLOBAL	X	4500001	4510000	0.010211559985888	8111	82.825963045538	649	8084.3604488079
GLOBAL	X	4510001	4520000	0.0085241127795461	7239	61.706052411134	482	7090.110799439
GLOBAL	X	4520001	4530000	0.010604102034042	7960	84.408652190976	661	7909.4403927069
GLOBAL	X	4530001	4540000	0.0081524489334727	8611	70.200737766133	550	8584.2005610098
GLOBAL	X	4540001	4550000	0.013066929383541	7931	103.63381694086	812	7904.4586255259
GLOBAL	X	4550001	4560000	0.012756011822778	8119	103.56605998914	810	8045.2244039271
GLOBAL	X	4560001	4570000	0.010234320946571	8347	85.425876941026	669	8303.6942496494
GLOBAL	X	4570001	4580000	0.0083118258111409	8598	71.46507832419	560	8574.7461430575
GLOBAL	X	4580001	4590000	0.0088268206653564	8286	73.139036033143	572	8226.2734922861
GLOBAL	X	4590001	4600000	0.0095067918325957	8461	80.436965695592	630	8415.0855539972
GLOBAL	X	4600001	4610000	0.010009599957719	7946	79.536281264036	623	7900.4558204769
GLOBAL	X	4610001	4620000	0.0085580189425612	7817	66.898034074001	523	7330.6507713885
GLOBAL	X	4620001	4630000	0.01081432966174	8580	92.786948497729	726	8446.0617110799
GLOBAL	X	4630001	4640000	0.011764191855978	6592	77.549552714609	602	5780.9236209335
GLOBAL	X	4640001	4650000	0.011350728944379	5950	67.536837219057	523	5438.6817538897
GLOBAL	X	4650001	4660000	0.012580005098064	6894	86.726555146056	676	6662.4572230014
GLOBAL	X	4660001	4670000	0.012846913991818	5975	76.760311101111	597	5530.7012622721
GLOBAL	X	4670001	4680000	0.013954917944171	5476	76.417130662282	586	4398.4319775596
GLOBAL	X	4680001	4690000	0.013766569185227	3181	43.791456578207	318	1681.650887574
GLOBAL	X	4690001	4700000	0.014110571385211	4595	64.838075515043	486	3066.9283707865
GLOBAL	X	4700001	4710000	0.01559195931023	3115	48.568953251367	366	2365.4901129944
GLOBAL	X	4710001	4720000	0.016806513339779	5723	96.183675843553	743	5258.9473684211
GLOBAL	X	4720001	4730000	0.014182341107503	7025	99.630946280206	777	6808.0967741935
GLOBAL	X	4730001	4740000	0.010397072783282	7998	83.155788120687	651	7931.7433380084
GLOBAL	X	4740001	4750000	0.0097506826350372	8649	84.333654110436	659	8577.3842917251
GLOBAL	X	4750001	4760000	0.01077062225594	8046	86.660426671295	678	7991.7026647966
GLOBAL	X	4760001	4770000	0.010348290671669	8225	85.114690774476	665	8106.4305750351
GLOBAL	X	4770001	4780000	0.0084013412654977	5777	48.53454849078	371	4666.2510518934
GLOBAL	X	4780001	4790000	0.0091818014086972	3391	31.135488576892	237	1964.9311797753
GLOBAL	X	4790001	4800000	0.012454274156038	6457	80.417248225538	626	6222.6016830295
GLOBAL	X	4800001	4810000	0.010900770053623	5042	54.961682610365	425	4259.9016853933
GLOBAL	X	4810001	4820000	0.011778132940518	5600	65.957544466899	514	5150.8050490884
GLOBAL	X	4820001	4830000	0.013800121139398	7161	98.82266747923	770	6922.8906030856
GLOBAL	X	4830001	4840000	0.016893888276125	4648	78.522792707427	606	3772.2574850299
GLOBAL	X	4840001	4850000	0.0086301782756327	7212	62.240845723863	483	6493.9481065919
GLOBAL	X	4850001	4860000	0.008829301917972	7521	66.405179725067	520	7469.7727910238
GLOBAL	X	4860001	4870000	0.010544849654995	8160	86.045973184761	674	8115.4810659187
GLOBAL	X	4870001	4880000	0.010265734509225	8472	86.971302762155	681	8428.9144460028
GLOBAL	X	4880001	4890000	0.010472404720676	7906	82.794831721666	648	7829.3001402525
GLOBAL	X	4890001	4900000	0.01058102934544	7439	78.712277300726	615	7339.7503506311
GLOBAL	X	4900001	4910000	0.010809733092366	7658	82.780936021339	648	7602.9172510519
GLOBAL	X	4910001	4920000	0.0089253886589251	8553	76.338849199786	598	8511.3646563815
GLOBAL	X	4920001	4930000	0.0092085133474742	8349	76.881877938062	602	8293.9551192146
GLOBAL	X	4930001	4940000	0.012187811684493	6940	84.58341309038	661	6814.6661991585
GLOBAL	X	4940001	4950000	0.010049171108037	7581	76.182766170027	596	7466.5035063114
GLOBAL	X	4950001	4960000	0.010416412987224	8026	83.60213063546	654	7937.6760168303
GLOBAL	X	4960001	4970000	0.010332018721154	8343	86.200032190589	674	8245.7769985975
GLOBAL	X	4970001	4980000	0.010319997348219	8316	85.821097947785	672	8258.0294530154
GLOBAL	X	4980001	4990000	0.008702441281597	8623	75.041151171211	588	8594.9284712482
GLOBAL	X	4990001	5000000	0.0097576394647082	8137	79.39791232433	622	8098.4011220196
GLOBAL	X	5000001	5010000	0.0088591728816239	8775	77.73924203625	609	8736.8260869565
GLOBAL	X	5010001	5020000	0.01259027353566	7639	96.177099538906	753	7586.175315568
GLOBAL	X	5020001	5030000	0.010503663775409	8485	89.123587134345	698	8452.3520336606
GLOBAL	X	5030001	5040000	0.010279123341528	7497	77.062587691436	600	7235.4333800842
GLOBAL	X	5040001	5050000	0.0063270794245712	9599	60.733635396459	476	9579.0266479663
GLOBAL	X	5050001	5060000	0.010776566628292	8108	87.376402222192	684	8038.8934081346
GLOBAL	X	5060001	5070000	0.011283104460753	7468	84.262224112904	658	7290.3412921348
GLOBAL	X	5070001	5080000	0.008965173636364	7177	64.343051188184	499	6602.8106591865
GLOBAL	X	5080001	5090000	0.0069826130299323	9084	63.430056763905	497	9049.858345021
GLOBAL	X	5090001	5100000	0.008736065603959	8756	76.492990428265	599	8709.5624123422
GLOBAL	X	5100001	5110000	0.0062184442277712	9343	58.098924420067	455	9307.476858345
GLOBAL	X	5110001	5120000	0.011390194186009	6777	77.191345998583	602	6542.2654494382
GLOBAL	X	5120001	5130000	0.0097183779831144	5974	58.057590071125	450	5261.2369534556
GLOBAL	X	5130001	5140000	0.01054862370199	6815	71.88887052906	561	6624.6633941094
GLOBAL	X	5140001	5150000	0.0073501086614843	8480	62.328921449387	487	8350.1640953717
GLOBAL	X	5150001	5160000	0.0081890608231322	8531	69.860877882141	547	8498.270687237
GLOBAL	X	5160001	5170000	0.0082663631407418	8477	70.073960344069	549	8444.1935483871
GLOBAL	X	5170001	5180000	0.0092506538739767	8709	80.563944588463	631	8670.095371669
GLOBAL	X	5180001	5190000	0.0092206497100264	7796	71.884185139366	561	7629.6002805049
GLOBAL	X	5190001	5200000	0.0092183936677376	8764	80.790002104052	633	8730.7910238429
GLOBAL	X	5200001	5210000	0.0084670481641408	8518	72.122316262152	564	8463.2089761571
GLOBAL	X	5210001	5220000	0.0088046904127064	7832	68.958335312317	540	7797.5694249649
GLOBAL	X	5220001	5230000	0.010690250683753	7825	83.651211600365	655	7760.5147265077
GLOBAL	X	5230001	5240000	0.010767374601692	7714	83.059527677455	650	7624.6044880785
GLOBAL	X	5240001	5250000	0.011518023399618	7689	88.562081919661	692	7593.4446002805
GLOBAL	X	5250001	5260000	0.0084259225125627	8966	75.546821247637	592	8947.6802244039
GLOBAL	X	5260001	5270000	0.010006368704454	7977	79.820803155433	625	7927.1528751753
GLOBAL	X	5270001	5280000	0.010758644060055	8364	89.985298918299	705	8330.9340813464
GLOBAL	X	5280001	5290000	0.0090970829560232	7694	69.992956263642	547	7540.3997194951
GLOBAL	X	5290001	5300000	0.0088198158126094	8470	74.703839932801	584	8425.8078541374
GLOBAL	X	5300001	5310000	0.0081761585552149	8916	72.898629678296	571	8885.523141655
GLOBAL	X	5310001	5320000	0.010110862326325	8183	82.737186416315	647	8102.2959326788
GLOBAL	X	5320001	5330000	0.008225573736752	9106	74.902074446864	587	9086.8541374474
GLOBAL	X	5330001	5340000	0.010347716265951	8543	88.400540060023	692	8498.0659186536
GLOBAL	X	5340001	5350000	0.0092813258919584	8471	78.62211163078	616	8446.507713885
GLOBAL	X	5350001	5360000	0.011262665655119	8308	93.570226262725	733	8279.0813464236
GLOBAL	X	5360001	5370000	0.0093411103380697	8335	77.858154667811	610	8308.649368864
GLOBAL	X	5370001	5380000	0.0085620223477999	7273	62.271588535549	487	7178.8274894811
GLOBAL	X	5380001	5390000	0.011112757334673	8522	94.702918006081	741	8458.3309957924
GLOBAL	X	5390001	5400000	0.011239826268849	8164	91.76194165888	719	8133.6213183731
GLOBAL	X	5400001	5410000	0.011727109263188	7809	91.576996236236	717	7744.4179523142
GLOBAL	X	5410001	5420000	0.010251639253776	7355	75.400806711521	585	7195.9565217391
GLOBAL	X	5420001	5430000	0.011960019634768	8018	95.895437431567	751	7975.0504908836
GLOBAL	X	5430001	5440000	0.012348270155771	8004	98.835554326791	774	7958.6129032258
GLOBAL	X	5440001	5450000	0.010793861901291	8491	91.650681403865	718	8461.1921458626
GLOBAL	X	5450001	5460000	0.010500835635847	8232	86.442878954296	677	8181.1963534362
GLOBAL	X	5460001	5470000	0.0087432507313668	8728	76.31109238337	598	8706.8751753156
GLOBAL	X	5470001	5480000	0.0093316524238791	8047	75.091807054955	588	7728.5904628331
GLOBAL	X	5480001	5490000	0.00914827399401	8566	78.36411503269	614	8538.7713884993
GLOBAL	X	5490001	5500000	0.0084096867599434	9014	75.80491645413	594	8985.4642356241
GLOBAL	X	5500001	5510000	0.010410798897183	8107	84.400346659465	661	8045.5315568022
GLOBAL	X	5510001	5520000	0.0087930845171351	8362	73.527772732284	576	8325.7587657784
GLOBAL	X	5520001	5530000	0.010892622902681	8541	93.0338922118	727	8461.316970547
GLOBAL	X	5530001	5540000	0.011192911469438	8645	96.762719653294	758	8611.5694249649
GLOBAL	X	5540001	5550000	0.011008899043464	8775	96.603089106399	757	8750.6115007013
GLOBAL	X	5550001	5560000	0.0097931844896044	8435	82.605511169813	647	8392.5553997195
GLOBAL	X	5560001	5570000	0.013734268181634	7890	108.36337595309	847	7762.4446002805
GLOBAL	X	5570001	5580000	0.012363233985878	6919	85.541215948288	669	6756.9803646564
GLOBAL	X	5580001	5590000	0.01115923985249	7466	83.314884738687	652	7276.2131837307
GLOBAL	X	5590001	5600000	0.012580627118045	6909	86.919552758574	680	6687.381486676
GLOBAL	X	5600001	5610000	0.011649555401462	8132	94.734184524686	742	8078.8723702665
GLOBAL	X	5610001	5620000	0.011735673900953	6855	80.448044591029	629	6724.4446002805
GLOBAL	X	5620001	5630000	0.012286069769805	7348	90.278040668529	699	6732.8807854137
GLOBAL	X	5630001	5640000	0.01574728704367	7128	112.24666204728	873	6879.1935483871
GLOBAL	X	5640001	5650000	0.015094360108264	6427	97.011452415815	757	6222.4488078541
GLOBAL	X	5650001	5660000	0.010645235561258	7606	80.967661678929	634	7563.4137447405
GLOBAL	X	5660001	5670000	0.011093925481367	8542	94.764311461841	742	8499.5792426367
GLOBAL	X	5670001	5680000	0.009027752615301	8029	72.483825748252	567	7929.3955119215
GLOBAL	X	5680001	5690000	0.0095101296401997	8468	80.531777793211	631	8435.5497896213
GLOBAL	X	5690001	5700000	0.0095016355730246	8055	76.535674540714	599	7991.3870967742
GLOBAL	X	5700001	5710000	0.0097926316918455	8710	85.293822035975	667	8634.0841514726
GLOBAL	X	5710001	5720000	0.010020605815276	6777	67.909645610123	529	6334.3646563815
GLOBAL	X	5720001	5730000	0.010712541425785	7211	77.248136221334	603	7046.316970547
GLOBAL	X	5730001	5740000	0.008978795950056	7373	66.200662539763	516	6463.9410939691
GLOBAL	X	5740001	5750000	0.0089991047390132	8005	72.037833435801	562	7889.4011220196
GLOBAL	X	5750001	5760000	0.0080508237190436	8401	67.634970063685	530	8377.7980364656
GLOBAL	X	5760001	5770000	0.0061912326957295	9150	56.649779165925	444	9133.7180925666
GLOBAL	X	5770001	5780000	0.0087676035882504	8343	73.148116736773	573	8304.9747545582
GLOBAL	X	5780001	5790000	0.0092159811849642	8719	80.354139951703	629	8666.8821879383
GLOBAL	X	5790001	5800000	0.01077019554114	8251	88.864883409947	696	8196.793828892
GLOBAL	X	5800001	5810000	0.0092328607011623	8448	77.999207203419	611	8401.98457223
GLOBAL	X	5810001	5820000	0.0077353676795496	8793	68.017088006279	533	8767.1192145863
GLOBAL	X	5820001	5830000	0.008001195950036	8433	67.474085446654	528	8367.8906030856
GLOBAL	X	5830001	5840000	0.0098674754990583	7812	77.084718598644	601	7447.6788218794
GLOBAL	X	5840001	5850000	0.010485634348243	6062	63.563915419051	494	5787.1368124118
GLOBAL	X	5850001	5860000	0.0084489614609663	5018	42.396888611129	321	3705.179743224
GLOBAL	X	5860001	5870000	0.010466746997356	6389	66.872046566108	506	5192.2482369535
GLOBAL	X	5870001	5880000	0.0069477475656101	6717	46.668020398203	363	5933.9256661992
GLOBAL	X	5880001	5890000	0.0099787978577241	7446	74.302128848613	580	7216.1725105189
GLOBAL	X	5890001	5900000	0.0080448510799622	5514	44.359308854912	333	4065.4586255259
GLOBAL	X	5900001	5910000	0.0076809790422834	8707	66.878284521162	524	8672.7741935484
GLOBAL	X	5910001	5920000	0.0083780718598642	8788	73.626495504487	577	8767.7503506311
GLOBAL	X	5920001	5930000	0.010173252810311	8142	82.830624381551	648	8056.762973352
GLOBAL	X	5930001	5940000	0.0087160344298616	8645	75.350117646153	590	8596.0785413745
GLOBAL	X	5940001	5950000	0.010046657725138	8326	83.648472219498	655	8291.4950911641
GLOBAL	X	5950001	5960000	0.010218336527637	8134	83.115949315802	651	8091.2510518934
GLOBAL	X	5960001	5970000	0.010984020015465	8402	92.287736169939	723	8368.7082748948
GLOBAL	X	5970001	5980000	0.0093983274526096	8407	79.011738894089	619	8374.1037868163
GLOBAL	X	5980001	5990000	0.011742793126487	7374	86.591356514715	677	7277.8232819074
GLOBAL	X	5990001	6000000	0.012477243793042	7537	94.04098646816	729	7246.538569425
GLOBAL	X	6000001	6010000	0.012182652471642	7647	93.160743450648	729	7577.2300140252
GLOBAL	X	6010001	6020000	0.011569137325317	8486	98.175699342638	769	8452.4179523142
GLOBAL	X	6020001	6030000	0.0087553162310032	8383	73.3958159645	575	8358.6129032258
GLOBAL	X	6030001	6040000	0.012128010832368	8008	97.121110745602	760	7932.0813464236
GLOBAL	X	6040001	6050000	0.010826951783286	8382	90.751509847502	711	8335.4992987377
GLOBAL	X	6050001	6060000	0.0077698964744267	9347	72.625222346466	569	9316.1963534362
GLOBAL	X	6060001	6070000	0.011134918789792	7004	77.9889712037	609	6500.1963534362
GLOBAL	X	6070001	6080000	0.0096013076473876	6579	63.167003012163	485	5201.4073033708
GLOBAL	X	6080001	6090000	0.01166851526922	6254	72.974894493701	567	5943.396914446
GLOBAL	X	6090001	6100000	0.011818794360793	7663	90.567421186755	707	7040.04628331
GLOBAL	X	6100001	6110000	0.010275876296636	8163	83.881978209436	657	8120.7096774194
GLOBAL	X	6110001	6120000	0.01073998143034	6954	74.685830866587	582	6367.8134642356
GLOBAL	X	6120001	6130000	0.0086209836494453	8324	71.761067897983	562	8235.8162692847
GLOBAL	X	6130001	6140000	0.0082652897767318	8664	71.610470625604	561	8633.2538569425
GLOBAL	X	6140001	6150000	0.0069720556860729	7806	54.423866685485	426	7215.6605890603
GLOBAL	X	6150001	6160000	0.0070154232166801	8423	59.090909754096	463	8382.0617110799
GLOBAL	X	6160001	6170000	0.0077780835655161	8539	66.417055565942	520	8504.1795231417
GLOBAL	X	6170001	6180000	0.008519176869083	8477	72.217062319216	565	8383.4670406732
GLOBAL	X	6180001	6190000	0.0061753843820275	9237	57.042025536788	447	9211.141654979
GLOBAL	X	6190001	6200000	0.0098105157935114	7955	78.042653137384	611	7885.7769985975
GLOBAL	X	6200001	6210000	0.012085331922557	7938	95.933364801257	751	7869.8990182328
GLOBAL	X	6210001	6220000	0.01038451218654	7755	80.531892006614	627	7412.3309957924
GLOBAL	X	6220001	6230000	0.01141548958185	7349	83.892432937013	653	7042.1823281907
GLOBAL	X	6230001	6240000	0.010454222930333	5992	62.641703798557	487	5152.3688639551
GLOBAL	X	6240001	6250000	0.010859655411921	7195	78.135220688769	610	7068.5399719495
GLOBAL	X	6250001	6260000	0.0085734625460278	7792	66.804420158648	521	7565.6115007013
GLOBAL	X	6260001	6270000	0.010523500497296	7070	74.401148515879	582	6871.3884992987
GLOBAL	X	6270001	6280000	0.01018581249123	7781	79.255806994261	619	7568.9901823282
GLOBAL	X	6280001	6290000	0.013031242294452	4218	54.965779997999	424	3691.8020086083
GLOBAL	X	6290001	6300000	0.0010952409107728	1499	1.6417661252484	10	376.76470588235
GLOBAL	X	6300001	6310000	0.0022777152041136	2841	6.4709888948866	30	703.09523809524
GLOBAL	X	6310001	6320000	0.0029147442509637	1651	4.8122427583411	22	376.09348441926
GLOBAL	X	6320001	6330000	0.0020409396779265	3517	7.1779848472676	35	528.45063694268
GLOBAL	X	6330001	6340000	0.0012432821244714	1226	1.5242638846019	6	287.80555555556
GLOBAL	X	6340001	6350000	0.00053963645626417	426	0.22988513036854	1	254.77707006369
GLOBAL	X	6350001	6360000	0.0098833990344137	567	5.6038872525126	32	184.26294820717
GLOBAL	X	6360001	6370000	0.0044815160472995	801	3.5896943538869	20	320.27160493827
GLOBAL	X	6370001	6380000	0.0034287085914945	1808	6.199105133422	41	364.2084095064
GLOBAL	X	6380001	6390000	0.008091063822899	1609	13.018521691045	88	628.84567901235
GLOBAL	X	6390001	6400000	0.0063888413768973	2519	16.093491428404	122	1463.7808988764
GLOBAL	X	6400001	6410000	0.0095280285779145	7421	70.707500076703	553	7310.6704067321
GLOBAL	X	6410001	6420000	0.0088138233736795	8102	71.409596973551	559	8027.0322580645
GLOBAL	X	6420001	6430000	0.0090193472385289	6759	60.961767985217	476	6270.7110799439
GLOBAL	X	6430001	6440000	0.0091202368003556	8104	73.910399030082	579	8065.4810659187
GLOBAL	X	6440001	6450000	0.0077734519429624	8369	65.056019310652	508	7839.9971949509
GLOBAL	X	6450001	6460000	0.0084877594199421	8455	71.76400589561	562	8406.5455820477
GLOBAL	X	6460001	6470000	0.0090629325426956	7972	72.249698230369	566	7934.286115007
GLOBAL	X	6470001	6480000	0.0097943874126042	8580	84.035844000144	658	8533.1486676017
GLOBAL	X	6480001	6490000	0.0096870101246475	7960	77.108600592194	604	7916.3548387097
GLOBAL	X	6490001	6500000	0.0075730182629516	9031	68.391927932716	536	9012.8457223001
GLOBAL	X	6500001	6510000	0.010130599468646	8543	86.545711260644	678	8509.9985974755
GLOBAL	X	6510001	6520000	0.0093165544300961	8248	76.842940939433	602	8213.1472650771
GLOBAL	X	6520001	6530000	0.0094367848674217	8535	80.542958843444	631	8494.96914446
GLOBAL	X	6530001	6540000	0.011391501419033	7788	88.717013051428	694	7701.4109396914
GLOBAL	X	6540001	6550000	0.0097085270845717	8438	81.920551539616	642	8418.667601683
GLOBAL	X	6550001	6560000	0.008461728810144	8613	72.88087024177	571	8585.6647966339
GLOBAL	X	6560001	6570000	0.011404278438657	8415	95.967003061295	752	8387.7194950912
GLOBAL	X	6570001	6580000	0.0092865026083662	8811	81.823374482314	641	8765.1164095372
GLOBAL	X	6580001	6590000	0.0080762722162043	9195	74.261323027998	582	9178.3955119215
GLOBAL	X	6590001	6600000	0.012502944295668	6515	81.456682086277	631	6004.0350631136
GLOBAL	X	6600001	6610000	0.0093478687176094	8660	80.952543094497	634	8621.633941094
GLOBAL	X	6610001	6620000	0.0095291974176151	8784	83.704470116331	656	8765.0785413745
GLOBAL	X	6620001	6630000	0.0098800437070799	8397	82.96272700835	650	8374.6115007013
GLOBAL	X	6630001	6640000	0.0078144148182851	8983	70.196888312655	550	8945.4488078541
GLOBAL	X	6640001	6650000	0.00934418302506	8497	79.397523163935	622	8462.4670406732
GLOBAL	X	6650001	6660000	0.00912332321609	7796	71.125427792638	553	7519.0294530154
GLOBAL	X	6660001	6670000	0.0079799814475535	8493	67.773982434072	531	8461.8625525947
GLOBAL	X	6670001	6680000	0.0086453820657846	8299	71.748025763947	562	8272.8906030856
GLOBAL	X	6680001	6690000	0.0076736694338629	8764	67.252038918375	527	8731.6353436185
GLOBAL	X	6690001	6700000	0.0097660568246823	8312	81.175464326759	636	8284.7321178121
GLOBAL	X	6700001	6710000	0.012278545502237	6225	76.433945751425	594	5892.4165497896
GLOBAL	X	6710001	6720000	0.010248311589882	5377	55.105171418794	427	4962.5042253521
GLOBAL	X	6720001	6730000	0.0088310426051645	6178	54.558181214706	421	5322.1426553672
GLOBAL	X	6730001	6740000	0.0088216863783018	6777	59.784568585751	464	6337.4563380282
GLOBAL	X	6740001	6750000	0.0091118416852062	3497	31.864110373166	245	3076.1276297335
GLOBAL	X	6750001	6760000	0.012217021729376	2687	32.827137386833	248	2218.6367461431
GLOBAL	X	6760001	6770000	0.0088195788433193	7357	64.8856415503	506	7136.3029453015
GLOBAL	X	6770001	6780000	0.0096357970699775	7432	71.613243824073	560	7359.4221598878
GLOBAL	X	6780001	6790000	0.0089431660390383	7899	70.642068542364	552	7813.4221598878
GLOBAL	X	6790001	6800000	0.0046167891816618	2842	13.120914854283	97	1513.9467040673
GLOBAL	X	6800001	6810000	0.0051547906500355	1620	8.3507608530576	55	502.07994389902
GLOBAL	X	6810001	6820000	NA	0	NA	0	NA
GLOBAL	X	6820001	6830000	0.0035499545280878	2827	10.035721450904	76	1042.9156118143
GLOBAL	X	6830001	6840000	0.003422713439979	1908	6.5305372434799	48	643.99438990182
GLOBAL	X	6840001	6850000	0.00232906699763	1796	4.1830043277435	30	387.95566502463
GLOBAL	X	6850001	6860000	0.0015128835815895	3120	4.7201967745593	34	886.06212121212
GLOBAL	X	6860001	6870000	0.010485059238131	6573	68.918294372236	537	6154.9340813464
GLOBAL	X	6870001	6880000	0.01150397107374	7345	84.49666753662	659	7139.6297335203
GLOBAL	X	6880001	6890000	0.0092212201015795	8396	77.421363972861	606	8300.7026647966
GLOBAL	X	6890001	6900000	0.0096330204843165	6898	66.448575300815	516	6460.221598878
GLOBAL	X	6900001	6910000	0.010263748801464	7949	81.586539222837	639	7905.6942496494
GLOBAL	X	6910001	6920000	0.0086328197380518	8577	74.04369489327	580	8535.4908835905
GLOBAL	X	6920001	6930000	0.0082366252799661	8571	70.596115274589	552	8270.6325385694
GLOBAL	X	6930001	6940000	0.010210802962115	8428	86.056647364706	674	8384.4810659187
GLOBAL	X	6940001	6950000	0.007829319903249	8574	67.128588850457	526	8551.3436185133
GLOBAL	X	6950001	6960000	0.0069381721866776	7998	55.491501149047	434	7941.1683029453
GLOBAL	X	6960001	6970000	0.006494375019238	8747	56.806298293275	445	8708.4838709677
GLOBAL	X	6970001	6980000	0.008623993805221	8430	72.700267778013	569	8331.0546984572
GLOBAL	X	6980001	6990000	0.0090430021688067	8106	73.302575580347	574	8050.4109396914
GLOBAL	X	6990001	7000000	0.0088161878107589	8539	75.28142771607	587	7861.1612903226
GLOBAL	X	7000001	7010000	0.012253580625636	6661	81.621100547358	637	6439.8106591865
GLOBAL	X	7010001	7020000	0.0085059483636351	7556	64.270945835627	500	6787.9438990182
GLOBAL	X	7020001	7030000	0.0096106783397557	8381	80.547095165492	631	8331.7896213184
GLOBAL	X	7030001	7040000	0.0087807999437283	7833	68.780005959224	537	7712.3632538569
GLOBAL	X	7040001	7050000	0.010599844782312	8079	85.636145996296	669	7965.0841514727
GLOBAL	X	7050001	7060000	0.010487597497359	7680	80.544748779716	630	7550.2103786816
GLOBAL	X	7060001	7070000	0.0089388644022588	8669	77.491015503182	607	8624.4894810659
GLOBAL	X	7070001	7080000	0.0089367658404334	8564	76.534462657472	597	8187.7251051893
GLOBAL	X	7080001	7090000	0.0093852919350577	8551	80.253631336678	628	8485.6367461431
GLOBAL	X	7090001	7100000	0.010156944068434	8620	87.552857869905	686	8586.2580645161
GLOBAL	X	7100001	7110000	0.010759331934976	8221	88.452467837441	693	8187.6633941094
GLOBAL	X	7110001	7120000	0.0089502788510246	8630	77.240906484342	605	8589.0589060309
GLOBAL	X	7120001	7130000	0.0087115811913902	8920	77.7073042272	609	8900.0504908836
GLOBAL	X	7130001	7140000	0.0092385448860281	8135	75.155562647839	589	8115.9326788219
GLOBAL	X	7140001	7150000	0.007724428957674	8706	67.24887850551	527	8685.1430575035
GLOBAL	X	7150001	7160000	0.0089848399859472	8171	73.415127525174	575	8127.8499298738
GLOBAL	X	7160001	7170000	0.0092257165577569	8771	80.918759928086	634	8741.2089761571
GLOBAL	X	7170001	7180000	0.0098410074150795	8382	82.487324153196	646	8327.0813464236
GLOBAL	X	7180001	7190000	0.0071441635396195	8089	57.789138871982	452	7480.5427769986
GLOBAL	X	7190001	7200000	0.0079471917798166	7482	59.460888896588	461	6899.3913043478
GLOBAL	X	7200001	7210000	0.011578897297832	7683	88.960667939241	695	7594.9018232819
GLOBAL	X	7210001	7220000	0.01113164110201	8569	95.387032603124	747	8513.3772791024
GLOBAL	X	7220001	7230000	0.012080382928611	5310	64.146833350927	494	4420.8985915493
GLOBAL	X	7230001	7240000	0.0093462483239723	8663	80.966549230572	634	8595.9523141655
GLOBAL	X	7240001	7250000	0.0079499532537984	8718	69.307692466614	543	8690.4964936886
GLOBAL	X	7250001	7260000	0.009911768222397	8228	81.554028933883	639	8201.7405329593
GLOBAL	X	7260001	7270000	0.0080388018459637	8472	68.104729239004	533	8429.5511921459
GLOBAL	X	7270001	7280000	0.0086743700126295	8959	77.713680943148	609	8936.7405329593
GLOBAL	X	7280001	7290000	0.010275485747165	8205	84.310360555491	660	8160.3239831697
GLOBAL	X	7290001	7300000	0.0090981117403042	8808	80.136168208599	628	8784.2440392707
GLOBAL	X	7300001	7310000	0.0083261323008276	8526	70.988603996856	556	8485.4656381487
GLOBAL	X	7310001	7320000	0.010310601191872	8176	84.299475344744	660	8134.4950911641
GLOBAL	X	7320001	7330000	0.0092130994995055	7458	68.711296067312	533	7154.6942496494
GLOBAL	X	7330001	7340000	0.015633822048191	4456	69.664311046739	529	3808.7610872675
GLOBAL	X	7340001	7350000	0.011440883414919	4559	52.158987488615	403	4294.325
GLOBAL	X	7350001	7360000	0.012277545006178	4698	57.679906439024	441	3726.7430249633
GLOBAL	X	7360001	7370000	0.011067431379746	4990	55.22648258493	425	4317.7163323782
GLOBAL	X	7370001	7380000	0.01152231707147	6077	70.021120843326	545	5834.5820476858
GLOBAL	X	7380001	7390000	0.0095322469092948	7101	67.688485302902	528	6923.4641350211
GLOBAL	X	7390001	7400000	0.011108577467563	7519	83.525393978609	653	7387.2791023843
GLOBAL	X	7400001	7410000	0.0074289275125949	4767	35.41369745254	270	3879.110799439
GLOBAL	X	7410001	7420000	0.0043593965187972	2401	10.466911041632	75	1142.2329020333
GLOBAL	X	7420001	7430000	0.00063458890998988	1451	0.92078850839532	5	582.81048387097
GLOBAL	X	7430001	7440000	0.0058766005700566	4721	27.743431291237	211	2719.4486638537
GLOBAL	X	7440001	7450000	0.014565569443176	3570	51.999082912138	394	2807.1242774566
GLOBAL	X	7450001	7460000	0.012180990981586	3754	45.727440144875	350	3045.5233236152
GLOBAL	X	7460001	7470000	0.012389827859943	5186	64.253647281666	494	4588.8984034833
GLOBAL	X	7470001	7480000	0.011693734764194	7407	86.615493398387	676	7255.4085106383
GLOBAL	X	7480001	7490000	0.014230803988266	6528	92.898688435397	723	5991.8197183099
GLOBAL	X	7490001	7500000	0.014305645700898	7019	100.4113271746	782	6730.6554149086
GLOBAL	X	7500001	7510000	0.019896643063409	4414	87.823782481889	678	4103.615497076
GLOBAL	X	7510001	7520000	0.013035958101966	6378	83.143340774339	644	6062.4067055394
GLOBAL	X	7520001	7530000	0.012213662715339	6846	83.614734949209	653	6673.231741573
GLOBAL	X	7530001	7540000	0.0098888864582176	3812	37.696435178726	287	2360.1610169492
GLOBAL	X	7540001	7550000	0.00047609227853575	2040	0.97122824821293	5	472.25095057034
GLOBAL	X	7550001	7560000	0.0012954808362502	2286	2.961469191668	18	945.52107279693
GLOBAL	X	7560001	7570000	0.0044018668686523	3904	17.184888255219	115	1285.7398058252
GLOBAL	X	7570001	7580000	0.0014321440120913	3363	4.816300312663	23	898.27409638554
GLOBAL	X	7580001	7590000	0.0020924628273567	2524	5.2813761762482	33	888.55310621242
GLOBAL	X	7590001	7600000	0.01361619842169	5214	70.994858570691	549	5001.8183183183
GLOBAL	X	7600001	7610000	0.013349973138861	5440	72.623853875401	562	5006.6666666667
GLOBAL	X	7610001	7620000	0.012428923854403	5142	63.909526459339	495	4784.2507082153
GLOBAL	X	7620001	7630000	0.010778005278875	5607	60.432275598653	468	5140.3734087694
GLOBAL	X	7630001	7640000	0.0087976414939883	4991	43.909028696495	334	3690.8912429379
GLOBAL	X	7640001	7650000	0.011560292951128	5658	65.408137517483	505	4643.4235624123
GLOBAL	X	7650001	7660000	0.0087449477971784	5557	48.595674908921	358	3371.4137447405
GLOBAL	X	7660001	7670000	0.014030449263121	4448	62.407438322361	467	2815.0224719101
GLOBAL	X	7670001	7680000	0.012816406409951	7095	90.932403478602	706	6804.3085553997
GLOBAL	X	7680001	7690000	0.0099953247311071	7289	72.85592196504	568	7027.6100981767
GLOBAL	X	7690001	7700000	0.0099527290175795	6256	62.264272733977	484	5365.779494382
GLOBAL	X	7700001	7710000	0.0039016370526377	3649	14.237073605075	105	1416.6671388102
GLOBAL	X	7710001	7720000	0.0087871969396669	4482	39.384216683587	284	1956.383107089
GLOBAL	X	7720001	7730000	0.0099636399434106	5013	49.947727036317	365	2471.1201780415
GLOBAL	X	7730001	7740000	0.0095779077557293	6457	61.844550378744	482	5896.744740533
GLOBAL	X	7740001	7750000	0.009419595930573	6431	60.577421429515	470	5948.3955119215
GLOBAL	X	7750001	7760000	0.010089764854892	5540	55.897297296099	434	5104.1837307153
GLOBAL	X	7760001	7770000	0.0075855924387711	6250	47.40995274232	357	4566.9746835443
GLOBAL	X	7770001	7780000	0.0046908835590069	3270	15.339189237953	113	1888.1194029851
GLOBAL	X	7780001	7790000	0.0043257002106919	1885	8.1539448971543	58	920.8003003003
GLOBAL	X	7790001	7800000	0.0056806074328817	5296	30.084496964542	231	4790.6746143058
GLOBAL	X	7800001	7810000	0.0088943111291843	6802	60.499104300712	467	6195.3174157303
GLOBAL	X	7810001	7820000	0.0087341751777461	7449	65.06087089903	508	7255.8611500701
GLOBAL	X	7820001	7830000	0.0098988420749158	7566	74.894639138813	586	7484.5457102672
GLOBAL	X	7830001	7840000	0.0099238613131976	6219	61.716493506776	478	5856.0084151473
GLOBAL	X	7840001	7850000	0.010171233861981	7232	73.558363289848	573	6929.1360448808
GLOBAL	X	7850001	7860000	0.010781249655835	6427	69.291091538052	538	5780.6221910112
GLOBAL	X	7860001	7870000	0.0065023108368585	6056	39.377994428015	297	4459.4778887304
GLOBAL	X	7870001	7880000	0.0067081130256046	7600	50.981658994595	396	7176.1157142857
GLOBAL	X	7880001	7890000	0.0067621065514751	7118	48.1326744334	374	6488.5898161245
GLOBAL	X	7890001	7900000	0.0081608506232314	6898	56.29354759905	436	6335.7331460674
GLOBAL	X	7900001	7910000	0.0083027226153909	7013	58.226993701736	452	6520.4028169014
GLOBAL	X	7910001	7920000	0.0086833056599786	6857	59.541426910473	460	6189.0750708215
GLOBAL	X	7920001	7930000	0.012197276008055	4942	60.278938031808	459	3756.5070224719
GLOBAL	X	7930001	7940000	0.012224892652879	6444	78.777208255151	604	5781.9941434846
GLOBAL	X	7940001	7950000	0.011299000461208	6675	75.420828078561	584	6143.6530898876
GLOBAL	X	7950001	7960000	0.010816685657748	6452	69.789255863792	540	5495.7549295775
GLOBAL	X	7960001	7970000	0.0067022522568186	3203	21.46731397859	166	2521.7252124646
GLOBAL	X	7970001	7980000	0.0080360005020193	6323	50.811631174268	389	5427.5625879044
GLOBAL	X	7980001	7990000	0.0076746301616063	5219	40.053894813423	309	4353.8062678063
GLOBAL	X	7990001	8000000	0.0081921936953118	4174	34.194216484231	260	3032.5654008439
GLOBAL	X	8000001	8010000	0.0096583854955159	5396	52.116648133804	403	4887.8338028169
GLOBAL	X	8010001	8020000	0.0073104865784072	5206	38.058393127188	287	3398.7777777778
GLOBAL	X	8020001	8030000	0.0042033763991736	5588	23.488467318582	167	1886.5099150142
GLOBAL	X	8030001	8040000	0.01015110963088	5094	51.709752459704	398	4277.9221902017
GLOBAL	X	8040001	8050000	0.010337823721882	4621	47.771083418816	366	3838.914893617
GLOBAL	X	8050001	8060000	0.010211637227974	6542	66.804530745406	515	5856.3019662921
GLOBAL	X	8060001	8070000	0.0093243280530462	6250	58.277050331539	452	5497.6357243319
GLOBAL	X	8070001	8080000	0.0097097953958641	7179	69.706621146908	543	6872.9281690141
GLOBAL	X	8080001	8090000	0.0087626030078048	7506	65.772098176583	514	7354.070323488
GLOBAL	X	8090001	8100000	0.0095344008635242	8142	77.629091830814	605	7818.1040787623
GLOBAL	X	8100001	8110000	0.0097320568844403	6940	67.540474778016	526	6378.9943502825
GLOBAL	X	8110001	8120000	0.010590809545475	7766	82.248226930161	640	7459.0141242938
GLOBAL	X	8120001	8130000	0.0088860893125195	7516	66.787847272897	519	7060.1332398317
GLOBAL	X	8130001	8140000	0.0074946279889092	7138	53.496654584834	404	5682.785915493
GLOBAL	X	8140001	8150000	0.0085015965073414	6819	57.972386583561	450	6182.9915611814
GLOBAL	X	8150001	8160000	0.0098177384742364	8033	78.865893163541	617	7935.1584852735
GLOBAL	X	8160001	8170000	0.0069834391564683	8718	60.88162256609	477	8679.8906030856
GLOBAL	X	8170001	8180000	0.0075022812386105	8918	66.905344085928	524	8878.7279102384
GLOBAL	X	8180001	8190000	0.006459609563549	9207	59.473625251596	466	9169.3562412342
GLOBAL	X	8190001	8200000	0.0065403156361782	8402	54.951731975169	430	8315.9144460028
GLOBAL	X	8200001	8210000	0.0080518975421776	8641	69.576446661957	545	8606.5189340813
GLOBAL	X	8210001	8220000	0.0078194698044475	8699	68.021567828888	533	8669.8415147265
GLOBAL	X	8220001	8230000	0.0077745635863938	8341	64.847634874111	508	8306.7685834502
GLOBAL	X	8230001	8240000	0.0078146752339142	9003	70.355521130929	551	8963.6353436185
GLOBAL	X	8240001	8250000	0.0069622314406811	8579	59.728983529603	468	8557.126227209
GLOBAL	X	8250001	8260000	0.0084365531916875	8181	69.019441661196	540	8106.5161290323
GLOBAL	X	8260001	8270000	0.0074102502791124	7717	57.18490140391	448	7340.2173913043
GLOBAL	X	8270001	8280000	0.0076475247767777	8614	65.875778427163	516	8584.8471248247
GLOBAL	X	8280001	8290000	0.0060717379564664	9414	57.159341122174	448	9399.5259467041
GLOBAL	X	8290001	8300000	0.008197183820017	8892	72.889358527592	571	8851.1192145863
GLOBAL	X	8300001	8310000	0.0078586533072286	8837	69.446919275979	544	8792.3450210379
GLOBAL	X	8310001	8320000	0.0079888670905834	8399	67.09849469381	525	8305.9102384292
GLOBAL	X	8320001	8330000	0.009479288010727	8630	81.806255532574	641	8599.6283309958
GLOBAL	X	8330001	8340000	0.0093555626911994	8347	78.090881783442	611	8295.6157082749
GLOBAL	X	8340001	8350000	0.0085333267882826	7782	66.406349066415	518	7567.5245441795
GLOBAL	X	8350001	8360000	0.010438153250705	7287	76.062822737888	592	6960.2893258427
GLOBAL	X	8360001	8370000	0.010928408772182	7455	81.471287396619	636	6969.1388499299
GLOBAL	X	8370001	8380000	0.0098379100180659	7924	77.955598983155	610	7807.9298737728
GLOBAL	X	8380001	8390000	0.010854998266727	7550	81.955236913786	637	7260.255259467
GLOBAL	X	8390001	8400000	0.011313802455057	7161	81.018139380664	633	7011.6367461431
GLOBAL	X	8400001	8410000	0.0088619869804993	8658	76.727083277163	601	8610.2875175316
GLOBAL	X	8410001	8420000	0.0087652568076323	8913	78.124733926427	612	8881.0785413745
GLOBAL	X	8420001	8430000	0.0073238423263471	8857	64.867271484456	508	8812.9088359046
GLOBAL	X	8430001	8440000	0.0082683381442394	8208	67.866519487917	531	8108.4165497896
GLOBAL	X	8440001	8450000	0.0078913629941133	8879	70.067412024732	549	8847.8302945302
GLOBAL	X	8450001	8460000	0.0071861670105637	8206	58.969686488686	461	8127.0140252454
GLOBAL	X	8460001	8470000	0.0082060831239635	8817	72.353034903987	567	8796.9747545582
GLOBAL	X	8470001	8480000	0.0073257109840278	8413	61.631206508626	483	8395.6227208976
GLOBAL	X	8480001	8490000	0.0054450720521283	9397	51.16734207385	401	9375.8653576438
GLOBAL	X	8490001	8500000	0.0079981041580458	9173	73.366609441754	575	9156.8948106592
GLOBAL	X	8500001	8510000	0.0062479135386032	9012	56.306196809892	441	8971.1178120617
GLOBAL	X	8510001	8520000	0.0036314949771987	9347	33.943583551877	266	9324.1093969144
GLOBAL	X	8520001	8530000	0.0097097647754253	7621	73.998117353517	579	7540.6507713885
GLOBAL	X	8530001	8540000	0.0092810149331464	8635	80.141563947719	628	8617.0378681627
GLOBAL	X	8540001	8550000	0.0093162589073339	8132	75.759817434439	592	8013.3422159888
GLOBAL	X	8550001	8560000	0.0088771759473401	8313	73.795963650238	578	8269.8639551192
GLOBAL	X	8560001	8570000	0.00770801943336	9007	69.426131036273	544	8976.1977559607
GLOBAL	X	8570001	8580000	0.0063801768523873	9181	58.576403681768	459	9157.1065918654
GLOBAL	X	8580001	8590000	0.0097397797865914	8242	80.275265001086	628	8164.6535764376
GLOBAL	X	8590001	8600000	0.0083510038278358	8162	68.160893242796	534	8129.2720897616
GLOBAL	X	8600001	8610000	0.008234575876995	9127	75.156974029333	589	9110.3211781206
GLOBAL	X	8610001	8620000	0.0085282139018487	8515	72.617741374242	569	8485.8667601683
GLOBAL	X	8620001	8630000	0.00696908825591	8539	59.509044617216	466	8499.7531556802
GLOBAL	X	8630001	8640000	0.0054397139855086	9593	52.183176262984	409	9578.9410939691
GLOBAL	X	8640001	8650000	0.0064406469087675	9217	59.36344255811	465	9159.7307152875
GLOBAL	X	8650001	8660000	0.0070403326645512	8902	62.673041379835	491	8864.0322580645
GLOBAL	X	8660001	8670000	0.0084859308358776	8545	72.512278992574	568	8501.9102384292
GLOBAL	X	8670001	8680000	0.0095362613443589	8393	80.037841463204	624	8144.0196353436
GLOBAL	X	8680001	8690000	0.0057217595278935	6174	35.326143325215	267	4115.5187969925
GLOBAL	X	8690001	8700000	0.0085681161802364	5329	45.65949112448	352	4201.8513323983
GLOBAL	X	8700001	8710000	0.0091556245049161	8768	80.276515659104	629	8734.1879382889
GLOBAL	X	8710001	8720000	0.0080049880769464	8652	69.25915684174	542	8574.5848527349
GLOBAL	X	8720001	8730000	0.0086350517069794	8632	74.537766334646	584	8607.2412342216
GLOBAL	X	8730001	8740000	0.0077006939742007	8815	67.881617382579	532	8797.4067321178
GLOBAL	X	8740001	8750000	0.0075958814881971	8929	67.823625808112	531	8865.6437587658
GLOBAL	X	8750001	8760000	0.0082334181675916	8921	73.450323473085	575	8850.0603085554
GLOBAL	X	8760001	8770000	0.0089469137048831	8303	74.286224491644	582	8274.3183730715
GLOBAL	X	8770001	8780000	0.007371859555771	8864	65.344163102354	512	8838.5161290323
GLOBAL	X	8780001	8790000	0.0070919028379138	9122	64.69233768745	507	9104.0925666199
GLOBAL	X	8790001	8800000	0.007775362694261	8650	67.256887305358	527	8623.920056101
GLOBAL	X	8800001	8810000	0.0071018351402237	8899	63.199230912851	494	8600.6900420757
GLOBAL	X	8810001	8820000	0.0061990459000018	9127	56.578691929317	443	8775.3295932679
GLOBAL	X	8820001	8830000	0.0080588207960875	8743	70.458270220193	552	8702.713884993
GLOBAL	X	8830001	8840000	0.0084445360017837	8417	71.077659527013	557	8396.7377279102
GLOBAL	X	8840001	8850000	0.0094227896605374	7836	73.836979779971	578	7771.0224403927
GLOBAL	X	8850001	8860000	0.0081272422951099	8298	67.439856564822	528	8206.920056101
GLOBAL	X	8860001	8870000	0.0069384895493461	8046	55.827086914038	434	7605.1869688385
GLOBAL	X	8870001	8880000	0.012026687193188	6742	81.083925056473	631	6459.6019690577
GLOBAL	X	8880001	8890000	0.011098969584591	5684	63.086543118818	489	5224.8816901408
GLOBAL	X	8890001	8900000	0.010859203435914	6490	70.476230299083	547	6014.9676966292
GLOBAL	X	8900001	8910000	0.010538811586995	7559	79.662876786096	619	7173.03085554
GLOBAL	X	8910001	8920000	0.007598552250245	9085	69.032847193476	541	9063.9102384292
GLOBAL	X	8920001	8930000	0.0073556493777763	8711	64.075061729809	502	8670.572230014
GLOBAL	X	8930001	8940000	0.0097308922390485	8682	84.483606419419	661	8600.0112201964
GLOBAL	X	8940001	8950000	0.0071990023828413	8492	61.133928235088	479	8469.2931276297
GLOBAL	X	8950001	8960000	0.0066126694921617	9264	61.259770175386	480	9228.7279102384
GLOBAL	X	8960001	8970000	0.0079855477087951	8232	65.737028738801	515	8187.8064516129
GLOBAL	X	8970001	8980000	0.0085279639628673	8875	75.685680170447	593	8835.6409537167
GLOBAL	X	8980001	8990000	0.0077362023207513	8714	67.413267023027	528	8666.5371669004
GLOBAL	X	8990001	9000000	0.0087777784768131	8640	75.840006039665	594	8589.6998597475
GLOBAL	X	9000001	9010000	0.0071360358748188	9030	64.438403949614	505	9004.5175315568
GLOBAL	X	9010001	9020000	0.0071767349844499	8561	61.440028201876	479	7695.0392706872
GLOBAL	X	9020001	9030000	0.0076422157441085	8358	63.873639189259	500	8235.5820476858
GLOBAL	X	9030001	9040000	0.0081031740172537	8478	68.698709318277	538	8425.1556802244
GLOBAL	X	9040001	9050000	0.0070449945467701	8786	61.897322087922	485	8761.8330995792
GLOBAL	X	9050001	9060000	0.0066874090559717	9280	62.059156039418	486	9226.9621318373
GLOBAL	X	9060001	9070000	0.0076429520239449	8642	66.050391390932	517	8602.1079943899
GLOBAL	X	9070001	9080000	0.0082585406164151	8561	70.70136621713	554	8536.9158485273
GLOBAL	X	9080001	9090000	0.0063817634349074	9139	58.322936031619	457	9106.8835904628
GLOBAL	X	9090001	9100000	0.0085090716747761	8420	71.646383501614	561	8381.4011220196
GLOBAL	X	9100001	9110000	0.0087585954535082	8054	70.541727782555	552	7958.0448807854
GLOBAL	X	9110001	9120000	0.0080638928521954	8392	67.672188815624	530	8336.2678821879
GLOBAL	X	9120001	9130000	0.006160732679886	8689	53.530606255529	419	8264.1823281907
GLOBAL	X	9130001	9140000	0.0077084266425836	8274	63.779522040737	499	8203.9873772791
GLOBAL	X	9140001	9150000	0.0084072007951214	8134	68.384171267517	532	7686.0731364276
GLOBAL	X	9150001	9160000	0.0091085234130872	8464	77.09454216837	603	8323.6507713885
GLOBAL	X	9160001	9170000	0.0066142793759431	9229	61.043184360579	478	9155.6732117812
GLOBAL	X	9170001	9180000	0.0089426543144354	8133	72.730607539303	569	7826.347826087
GLOBAL	X	9180001	9190000	0.0084686207650041	8109	68.672045783419	538	8072.4782608696
GLOBAL	X	9190001	9200000	0.0080476861133683	8436	67.890280052375	532	8411.3450210379
GLOBAL	X	9200001	9210000	0.0076595892806204	8483	64.976295867503	509	8064.9228611501
GLOBAL	X	9210001	9220000	0.0076351798973637	8976	68.533374758737	537	8951.8779803647
GLOBAL	X	9220001	9230000	0.0068893343968268	8244	56.79567276744	445	8222.4964936886
GLOBAL	X	9230001	9240000	0.0070734060194969	8047	56.919698238892	445	7929.8274894811
GLOBAL	X	9240001	9250000	0.0065176363609427	8498	55.386873795291	434	8466.141654979
GLOBAL	X	9250001	9260000	0.0075169945938049	8968	67.412407517242	528	8921.4067321178
GLOBAL	X	9260001	9270000	0.0085547992968655	8860	75.795521770228	593	8621.4488078541
GLOBAL	X	9270001	9280000	0.0073148966182091	8792	64.312571067295	504	8771.4207573633
GLOBAL	X	9280001	9290000	0.0090116495582193	7961	71.741742132984	562	7926.3338008415
GLOBAL	X	9290001	9300000	0.0075460820015151	8644	65.228332821097	511	8620.7265077139
GLOBAL	X	9300001	9310000	0.008222970593323	8608	70.783330867325	554	8546.2398316971
GLOBAL	X	9310001	9320000	0.0088611269916155	8992	79.679253908606	624	8924.5974754558
GLOBAL	X	9320001	9330000	0.0092678438016016	8997	83.382790683009	653	8961.1949509116
GLOBAL	X	9330001	9340000	0.0094397006296405	8499	80.228015651315	628	8411.6900420757
GLOBAL	X	9340001	9350000	0.0087766706646214	5428	47.639768367565	369	4645.5343618513
GLOBAL	X	9350001	9360000	0.0089637999842068	8129	72.866730071617	569	7909.0771388499
GLOBAL	X	9360001	9370000	0.0077432867835431	8405	65.08232541568	509	8271.1136044881
GLOBAL	X	9370001	9380000	0.0080396500879893	8378	67.356188437174	527	8293.7068723703
GLOBAL	X	9380001	9390000	0.0086850424170131	8497	73.796805417361	578	8448.0925666199
GLOBAL	X	9390001	9400000	0.0068313136626582	9062	61.905364411008	485	9039.7152875175
GLOBAL	X	9400001	9410000	0.0085114669908095	8427	71.726132331551	562	8397.4151472651
GLOBAL	X	9410001	9420000	0.0088393018192611	8420	74.426921318178	583	8376.762973352
GLOBAL	X	9420001	9430000	0.0075229389519872	8793	66.149202204824	518	8739.0336605891
GLOBAL	X	9430001	9440000	0.0072327611572354	8662	62.650177143973	491	8645.8106591865
GLOBAL	X	9440001	9450000	0.0097622110317721	8513	83.105702513476	651	8480.1334269663
GLOBAL	X	9450001	9460000	0.0099602542423034	8502	84.682081568064	663	8447.9705469846
GLOBAL	X	9460001	9470000	0.0080916778693708	7475	60.485292073547	473	7413.2159887798
GLOBAL	X	9470001	9480000	0.0090992169856328	8816	80.218696945339	627	8648.3520336606
GLOBAL	X	9480001	9490000	0.0067851772400635	8877	60.232018360044	472	8850.5175315568
GLOBAL	X	9490001	9500000	0.0081697820189227	8452	69.050997623934	541	8424.6143057504
GLOBAL	X	9500001	9510000	0.0094731170623804	8207	77.745871730956	609	8164.0070126227
GLOBAL	X	9510001	9520000	0.0087570659639425	8106	70.984776703718	556	8057.2889200561
GLOBAL	X	9520001	9530000	0.0081010588390647	8726	70.689839429678	554	8705.935483871
GLOBAL	X	9530001	9540000	0.0076825691459779	8540	65.609140506651	512	8221.4936886395
GLOBAL	X	9540001	9550000	0.0064261378072555	4146	26.642767348881	205	2682.691011236
GLOBAL	X	9550001	9560000	0.0074091746649627	8563	63.444762656076	497	8538.2580645161
GLOBAL	X	9560001	9570000	0.0071798472283977	9277	66.607442737845	522	9256.461430575
GLOBAL	X	9570001	9580000	0.010807387096826	8304	89.744542452045	702	8210.1065918654
GLOBAL	X	9580001	9590000	0.008457452181337	8756	74.053451299787	580	8702.8050490884
GLOBAL	X	9590001	9600000	0.0079746591860434	8711	69.467256169624	544	8636.9957924264
GLOBAL	X	9600001	9610000	0.0078281726218704	8416	65.881900785661	516	8373.7896213184
GLOBAL	X	9610001	9620000	0.0082968688296808	8755	72.639086603856	569	8711.8962131837
GLOBAL	X	9620001	9630000	0.0068701985399656	8717	59.88752067288	469	8688.9060308555
GLOBAL	X	9630001	9640000	0.007372120661323	8765	64.616637596496	506	8715.1711079944
GLOBAL	X	9640001	9650000	0.011551131649025	7116	82.197852814465	641	6873.2748948107
GLOBAL	X	9650001	9660000	0.009621529777797	7763	74.691935665038	584	7631.8050490884
GLOBAL	X	9660001	9670000	0.0077615331230122	8976	69.667521312157	546	8959.1893408135
GLOBAL	X	9670001	9680000	0.0086446505999301	8225	71.102251184425	557	8191.0659186536
GLOBAL	X	9680001	9690000	0.0084921488738266	8541	72.531443531353	568	8475.5371669004
GLOBAL	X	9690001	9700000	0.0082884619442732	8762	72.623503555722	569	8728.3800841515
GLOBAL	X	9700001	9710000	0.0065317597439679	8678	56.682611058154	443	8011.9593267882
GLOBAL	X	9710001	9720000	0.0064800132256486	9038	58.566359533412	459	9022.2075736325
GLOBAL	X	9720001	9730000	0.0072073083217383	8658	62.400875449611	489	8635.4193548387
GLOBAL	X	9730001	9740000	0.0081822930721787	8875	72.617851015586	569	8846.4375876578
GLOBAL	X	9740001	9750000	0.0085570619425463	8212	70.27059267219	550	8158.920056101
GLOBAL	X	9750001	9760000	0.0073533966277259	9300	68.386588637851	536	9287.0196353436
GLOBAL	X	9760001	9770000	0.0088921989373518	8382	74.534411492883	584	8349.3043478261
GLOBAL	X	9770001	9780000	0.0069879686478437	9115	63.695334225095	499	9072.4347826087
GLOBAL	X	9780001	9790000	0.0096858805226375	8244	79.850399028623	625	8172.9747545582
GLOBAL	X	9790001	9800000	0.0096449374916385	8573	82.686049115817	648	8552.8695652174
GLOBAL	X	9800001	9810000	0.010573560143639	8657	91.53531016348	717	8606.2272089762
GLOBAL	X	9810001	9820000	0.010814048005822	7437	80.4240750193	628	7247.3820224719
GLOBAL	X	9820001	9830000	0.0089818111952634	5261	47.253308698281	364	4223.6530898876
GLOBAL	X	9830001	9840000	0.0091176008306993	6652	60.650280725812	468	6055.9312762973
GLOBAL	X	9840001	9850000	0.0077972635575268	7650	59.64906621508	461	7133.1265822785
GLOBAL	X	9850001	9860000	0.0087816954554249	8428	74.012129298321	579	8286.5974754558
GLOBAL	X	9860001	9870000	0.0083705939330954	8393	70.254394880469	550	8319.6423562412
GLOBAL	X	9870001	9880000	0.0071421687959578	8809	62.915364923592	493	8782.01542777
GLOBAL	X	9880001	9890000	0.0086953645611752	8775	76.301824024312	598	8755.9298737728
GLOBAL	X	9890001	9900000	0.0076007230143449	8729	66.346711192217	520	8714.159887798
GLOBAL	X	9900001	9910000	0.0096818759789319	8620	83.457770938393	654	8594.1795231417
GLOBAL	X	9910001	9920000	0.0080335215307468	8849	71.088632025579	557	8826.9074333801
GLOBAL	X	9920001	9930000	0.0075547831671486	8176	61.767907174607	483	8050.6129032258
GLOBAL	X	9930001	9940000	0.0084653486104522	8295	70.220066723701	550	8247.9593267882
GLOBAL	X	9940001	9950000	0.0066726252471434	9332	62.268938806342	488	9317.2580645161
GLOBAL	X	9950001	9960000	0.007227233230761	8779	63.447880532851	497	8738.6241234222
GLOBAL	X	9960001	9970000	0.0096362274164891	8724	84.066447981451	657	8529.6507713885
GLOBAL	X	9970001	9980000	0.0088493615546326	8609	76.184153623832	597	8587.1809256662
GLOBAL	X	9980001	9990000	0.0076617024403806	8643	66.22009419221	518	8558.6760168303
GLOBAL	X	9990001	10000000	0.0092456286809378	8723	80.649618983821	632	8700.7531556802
GLOBAL	X	10000001	10010000	0.0087846086818735	8359	73.43054397178	574	8225.6451612903
GLOBAL	X	10010001	10020000	0.0080400952850609	8255	66.370986578178	520	8219.221598878
GLOBAL	X	10020001	10030000	0.0088012464139819	8237	72.495866711969	568	8204.2566619916
GLOBAL	X	10030001	10040000	0.0083143209032002	8799	73.157709627259	573	8755.3099579243
GLOBAL	X	10040001	10050000	0.0072889248754981	8224	59.944118176096	469	7765.8204768583
GLOBAL	X	10050001	10060000	0.0066826866389006	9053	60.498362141967	474	9022.8120617111
GLOBAL	X	10060001	10070000	0.0091778730654655	8515	78.149589152439	612	8466.6283309958
GLOBAL	X	10070001	10080000	0.0084343043554297	8340	70.342098324284	551	8284.7068723703
GLOBAL	X	10080001	10090000	0.010320996312107	8479	87.511727730355	684	8307.6451612903
GLOBAL	X	10090001	10100000	0.008779793747154	7821	68.666766896491	537	7673.6100981767
GLOBAL	X	10100001	10110000	0.0074080275809512	9294	68.85020833736	538	9159.0687237027
GLOBAL	X	10110001	10120000	0.0095416513012471	7704	73.508881624807	575	7611.3141654979
GLOBAL	X	10120001	10130000	0.0080909842361506	9194	74.388509067168	583	9175.3800841515
GLOBAL	X	10130001	10140000	0.0088540879212288	8606	76.198280650095	597	8574.6157082749
GLOBAL	X	10140001	10150000	0.008687422594077	8199	71.228177848837	558	8163.8653576438
GLOBAL	X	10150001	10160000	0.007234193205537	9136	66.091589125786	518	9120.4305750351
GLOBAL	X	10160001	10170000	0.0082023642611694	8745	71.729675463926	562	8711.1023842917
GLOBAL	X	10170001	10180000	0.0089076842448412	8167	72.749057227618	569	8032.6732117812
GLOBAL	X	10180001	10190000	0.0094501142341139	7855	74.230647308965	579	7682.7391304348
GLOBAL	X	10190001	10200000	0.0070054510510327	9016	63.161146676111	495	8996.8064516129
GLOBAL	X	10200001	10210000	0.0082688745553961	8591	71.037901305408	556	8498.7980364656
GLOBAL	X	10210001	10220000	0.0082743709271465	7947	65.756425758033	515	7892.3520336606
GLOBAL	X	10220001	10230000	0.0082301261528053	8798	72.408649892381	567	8733.8527349229
GLOBAL	X	10230001	10240000	0.0068975437793018	9121	62.912496811012	493	9100.2384291725
GLOBAL	X	10240001	10250000	0.0084651150108152	8835	74.789291120552	586	8798.5820476858
GLOBAL	X	10250001	10260000	0.0085217835841546	9173	78.17032081745	612	9126.0336605891
GLOBAL	X	10260001	10270000	0.010201739903164	8579	87.520726629245	685	8487.1612903226
GLOBAL	X	10270001	10280000	0.0079921130117694	8465	67.653236644628	530	8428
GLOBAL	X	10280001	10290000	0.0084323569204157	8386	70.713745134606	554	8345.9438990182
GLOBAL	X	10290001	10300000	0.0084867777170864	8691	73.758585139198	578	8667.0518934081
GLOBAL	X	10300001	10310000	0.0086573682227287	9211	79.743018699554	625	9194.5133239832
GLOBAL	X	10310001	10320000	0.0087650858991837	7775	68.148542866154	533	7167.1935483871
GLOBAL	X	10320001	10330000	0.0097476482809405	8821	85.984005486176	673	8762.8906030856
GLOBAL	X	10330001	10340000	0.0070871051731073	4913	34.818947715476	258	2957.0406732118
GLOBAL	X	10340001	10350000	0.0037607012208858	3218	12.101936528811	83	1153.5827338129
GLOBAL	X	10350001	10360000	0.0068533800078982	4959	33.985911459167	253	2888.0476858345
GLOBAL	X	10360001	10370000	0.0060007438657847	6390	38.344753302364	299	5469.8597475456
GLOBAL	X	10370001	10380000	0.0071666180070806	9684	69.401528780569	544	9673.4151472651
GLOBAL	X	10380001	10390000	0.0093612473675459	7805	73.064535703696	572	7751.0841514727
GLOBAL	X	10390001	10400000	0.0091744237439941	7891	72.395377763858	567	7839.1206171108
GLOBAL	X	10400001	10410000	0.0080161738741291	8771	70.309861049987	550	8689.2412342216
GLOBAL	X	10410001	10420000	0.0092410241190669	8711	80.498561101192	630	8620.7896213184
GLOBAL	X	10420001	10430000	0.0080246994520409	8992	72.158097472752	565	8935.2454417952
GLOBAL	X	10430001	10440000	0.0083166753048003	8624	71.723007828598	562	8597.3464235624
GLOBAL	X	10440001	10450000	0.007639924381008	8902	68.010606839733	533	8883.9424964937
GLOBAL	X	10450001	10460000	0.0075636431423547	8913	67.414751327807	528	8841.1122019635
GLOBAL	X	10460001	10470000	0.0092227507778315	8354	77.046859998004	603	8228.1192145863
GLOBAL	X	10470001	10480000	0.0093879737745534	8864	83.214999537642	652	8832.8934081346
GLOBAL	X	10480001	10490000	0.008330697732544	8824	73.510076791968	576	8801.2538569425
GLOBAL	X	10490001	10500000	0.0066028795304654	8833	58.323234892601	457	8807.1332398317
GLOBAL	X	10500001	10510000	0.0084959030273286	9016	76.599061694395	600	8961.4375876578
GLOBAL	X	10510001	10520000	0.0059798784497688	9026	53.974382887613	423	9009.4740532959
GLOBAL	X	10520001	10530000	0.0083244193531411	8876	73.88754617848	579	8856.4179523142
GLOBAL	X	10530001	10540000	0.0089759309362027	8742	78.467588244284	615	8727.0140252454
GLOBAL	X	10540001	10550000	0.0076488932449177	8975	68.648816873136	538	8956.9004207574
GLOBAL	X	10550001	10560000	0.0077740642047219	8491	66.009579162293	516	8047.5890603086
GLOBAL	X	10560001	10570000	0.0078671886780851	8857	69.6796901218	545	8623.7321178121
GLOBAL	X	10570001	10580000	0.0092137182381926	8797	81.05307934138	635	8760.618513324
GLOBAL	X	10580001	10590000	0.0098454066433186	8759	86.235916788828	675	8648.8962131837
GLOBAL	X	10590001	10600000	0.0096042693420387	8377	80.454964278258	630	8330.5259467041
GLOBAL	X	10600001	10610000	0.0075032180316884	8842	66.343453836189	520	8829.8962131837
GLOBAL	X	10610001	10620000	0.0068282643041179	8913	60.860319742603	477	8898.2973352034
GLOBAL	X	10620001	10630000	0.0067700527038543	8586	58.127672515293	455	8532.5988779804
GLOBAL	X	10630001	10640000	0.0071189215366705	8354	59.471470517346	466	8328.8176718093
GLOBAL	X	10640001	10650000	0.0086633071169725	8217	71.186394580163	557	8142.3856942496
GLOBAL	X	10650001	10660000	0.0078966870461308	9134	72.128339479359	565	9097.556802244
GLOBAL	X	10660001	10670000	0.0069032123796316	8694	60.016528428517	470	8636.9803646564
GLOBAL	X	10670001	10680000	0.0074925798292651	8429	63.154955380875	494	8006.2033660589
GLOBAL	X	10680001	10690000	0.00800643313148	8696	69.62394251135	545	8618.7208976157
GLOBAL	X	10690001	10700000	0.0071189010688041	9110	64.853188736806	508	9067.3352033661
GLOBAL	X	10700001	10710000	0.0085133399281524	8263	70.345727826323	550	8155.5792426367
GLOBAL	X	10710001	10720000	0.0072088515268741	9116	65.715890518985	515	9089.8359046283
GLOBAL	X	10720001	10730000	0.0081062426513999	8234	66.746801991627	523	8206.6437587658
GLOBAL	X	10730001	10740000	0.0067130697129518	8914	59.840303421252	469	8893.572230014
GLOBAL	X	10740001	10750000	0.0066696180103886	8036	53.597050331483	420	7885.5610098177
GLOBAL	X	10750001	10760000	0.0066739475235045	9254	61.760710382511	484	9232.4656381487
GLOBAL	X	10760001	10770000	0.0067992903745561	9030	61.397592082242	481	9004.3408134642
GLOBAL	X	10770001	10780000	0.007076016322522	8947	63.309118037605	495	8859.9789621318
GLOBAL	X	10780001	10790000	0.0056246842769277	9324	52.444556198074	411	9303.9228611501
GLOBAL	X	10790001	10800000	0.0067915244140923	9244	62.780851683869	492	9223.0757363254
GLOBAL	X	10800001	10810000	0.0076847374400277	8678	66.68815150456	522	8602.6269284712
GLOBAL	X	10810001	10820000	0.0071590271596244	8364	59.878103163099	469	8329.5007012623
GLOBAL	X	10820001	10830000	0.0074514589254892	8203	61.124317565788	479	7847.1079943899
GLOBAL	X	10830001	10840000	0.0079020204169649	7781	61.485620864404	481	7687.8821879383
GLOBAL	X	10840001	10850000	0.010367864426107	6488	67.266704396583	519	5806.8513323983
GLOBAL	X	10850001	10860000	0.006390521311392	8468	54.114934464867	424	8440.5217391304
GLOBAL	X	10860001	10870000	0.0071860066263177	9127	65.586682478401	514	9108.0701262272
GLOBAL	X	10870001	10880000	0.0067497477288891	8932	60.288746714437	472	8870.7405329593
GLOBAL	X	10880001	10890000	0.0072637257977459	8855	64.32029193904	504	8823.5932678822
GLOBAL	X	10890001	10900000	0.0084822822438369	8351	70.835539018282	555	8318.2819074334
GLOBAL	X	10900001	10910000	0.006557488113711	9261	60.728897421078	476	9249.4866760168
GLOBAL	X	10910001	10920000	0.0070985105966582	8955	63.567162393074	498	8920.4502103787
GLOBAL	X	10920001	10930000	0.0072666279010398	8976	65.225252039733	511	8944.4375876578
GLOBAL	X	10930001	10940000	0.0054744297874946	9742	53.331894989772	418	9728.920056101
GLOBAL	X	10940001	10950000	0.0053743961170682	9828	52.819565038546	414	9813.6507713885
GLOBAL	X	10950001	10960000	0.0069509325536648	8927	62.050974906566	486	8902.3281907433
GLOBAL	X	10960001	10970000	0.0080772824556855	8640	69.787720417123	546	8581.332398317
GLOBAL	X	10970001	10980000	0.0056287992924484	9073	51.070095980384	400	9036.381486676
GLOBAL	X	10980001	10990000	0.0067027705773013	8776	58.823514586396	461	8760.8541374474
GLOBAL	X	10990001	11000000	0.0071867663068396	8621	61.957112331264	485	8564.1360448808
GLOBAL	X	11000001	11010000	0.0062436597015845	9197	57.422938275473	450	9173.4207573633
GLOBAL	X	11010001	11020000	0.0082661016901333	8738	72.229196568385	566	8712.2412342216
GLOBAL	X	11020001	11030000	0.0052893826595463	9576	50.651128347816	397	9563.3394109397
GLOBAL	X	11030001	11040000	0.00682640790818	9308	63.540204809339	498	9293.1654978962
GLOBAL	X	11040001	11050000	0.0073577377578052	9295	68.390172458799	536	9276.9312762973
GLOBAL	X	11050001	11060000	0.0078482793175614	8849	69.449423681101	544	8821.0476858345
GLOBAL	X	11060001	11070000	0.0082839871016202	8615	71.366548880458	559	8551.9495091164
GLOBAL	X	11070001	11080000	0.0068253608310116	8844	60.363491189467	473	8812.461430575
GLOBAL	X	11080001	11090000	0.0061671564938219	9398	57.958936728938	454	9366.2426367461
GLOBAL	X	11090001	11100000	0.0065898976557918	8964	59.071842586518	463	8950.6970546985
GLOBAL	X	11100001	11110000	0.0084301985101139	8599	72.491276988469	568	8574.7391304348
GLOBAL	X	11110001	11120000	0.0084279138908401	8421	70.971462874765	556	8391.3085553997
GLOBAL	X	11120001	11130000	0.009076581262323	8382	76.079904140791	595	8269.1767180926
GLOBAL	X	11130001	11140000	0.0074327528868612	8760	65.110915288904	510	8711.1851332398
GLOBAL	X	11140001	11150000	0.0072200466111052	8506	61.413716474061	481	8453.1865357644
GLOBAL	X	11150001	11160000	0.0072418968785621	8934	64.699106713074	507	8908.8779803647
GLOBAL	X	11160001	11170000	0.0090848318413787	8459	76.848592546222	602	8418.7489481066
GLOBAL	X	11170001	11180000	0.010365791872485	6467	67.035576039362	522	6217.4361851332
GLOBAL	X	11180001	11190000	0.0088009946883636	7528	66.253888014001	517	7313.0392706872
GLOBAL	X	11190001	11200000	0.0092379832457272	8580	79.26189624834	618	8226.8050490884
GLOBAL	X	11200001	11210000	0.008901427746112	8070	71.834521911124	562	7976.9481065919
GLOBAL	X	11210001	11220000	0.007340645157262	9196	67.504572866181	529	9171.0336605891
GLOBAL	X	11220001	11230000	0.0069289959914354	9282	64.314940792504	504	9259.4333800842
GLOBAL	X	11230001	11240000	0.0073729698136844	9001	66.364101292974	520	8968.4978962132
GLOBAL	X	11240001	11250000	0.0074356425572586	8637	64.221644767042	503	8588.0659186536
GLOBAL	X	11250001	11260000	0.0083178537981374	8412	69.969786149931	548	8350.7237026648
GLOBAL	X	11260001	11270000	0.0072958635372142	7569	55.222391113174	432	7487.9004207574
GLOBAL	X	11270001	11280000	0.0078141575669452	8799	68.756772431551	538	8727.0603085554
GLOBAL	X	11280001	11290000	0.0081566170371801	8693	70.905471904207	555	8648.0561009818
GLOBAL	X	11290001	11300000	0.0073506561683473	8735	64.207981630513	503	8695.1388499299
GLOBAL	X	11300001	11310000	0.0069005545081697	8821	60.869791316565	477	8801.2482468443
GLOBAL	X	11310001	11320000	0.0068112466228566	8861	60.354456325133	473	8841.5680224404
GLOBAL	X	11320001	11330000	0.0065325457594019	6871	44.88512191285	345	5314.9915848527
GLOBAL	X	11330001	11340000	0.0078931602159912	8478	66.918212311173	524	8402.5203366059
GLOBAL	X	11340001	11350000	0.0068165439900871	9153	62.391827141267	489	9136.8597475456
GLOBAL	X	11350001	11360000	0.0064542082350234	8941	57.707075829344	452	8902.5133239832
GLOBAL	X	11360001	11370000	0.0067774164445522	9093	61.627047730313	483	9075.1360448808
GLOBAL	X	11370001	11380000	0.0073358201220563	9100	66.755963110712	523	9059.8415147265
GLOBAL	X	11380001	11390000	0.007558262980508	9032	68.266231239949	535	9013.6858345021
GLOBAL	X	11390001	11400000	0.006636707433071	8889	58.993692372568	461	8759.1248246844
GLOBAL	X	11400001	11410000	0.0076478885290803	8550	65.389446923636	512	8501.9060308555
GLOBAL	X	11410001	11420000	0.0069483937976187	8188	56.893448414902	445	7707.3913043478
GLOBAL	X	11420001	11430000	0.0071249584769432	8743	62.293511963915	488	8709.9004207574
GLOBAL	X	11430001	11440000	0.0089386545289237	8019	71.679070667439	561	7942.5119214586
GLOBAL	X	11440001	11450000	0.0091288617171772	8706	79.475870109745	622	8648.2356241234
GLOBAL	X	11450001	11460000	0.0074902718541775	8655	64.828302897907	508	8634.316970547
GLOBAL	X	11460001	11470000	0.0064655973438114	9117	58.946850983528	462	9100.6577840112
GLOBAL	X	11470001	11480000	0.006700923930617	9147	61.293351193353	480	9077.1290322581
GLOBAL	X	11480001	11490000	0.0077664385247341	8508	66.076858968437	517	8363.3955119215
GLOBAL	X	11490001	11500000	0.0072615376871794	8754	63.567500913569	498	8712.0911640954
GLOBAL	X	11500001	11510000	0.0070054083577833	8854	62.025885599813	486	8821.8667601683
GLOBAL	X	11510001	11520000	0.0072654533420167	8942	64.967683784313	509	8903.5007012623
GLOBAL	X	11520001	11530000	0.0069397875858735	8551	59.342123646804	465	8522.3408134642
GLOBAL	X	11530001	11540000	0.0093160717168354	8334	77.640141688106	608	8262.8008415147
GLOBAL	X	11540001	11550000	0.0085588480028753	8641	73.957005592846	579	8596.1206171108
GLOBAL	X	11550001	11560000	0.0073419392419751	8769	64.38146521288	504	8696.2047685834
GLOBAL	X	11560001	11570000	0.0071977561382404	8548	61.526419469679	482	8510.9789621318
GLOBAL	X	11570001	11580000	0.0079189568164753	8928	70.700446457491	554	8902.7307152875
GLOBAL	X	11580001	11590000	0.0058271575332806	9068	52.840664511789	414	9036.6760168303
GLOBAL	X	11590001	11600000	0.0080578223552106	8284	66.751000390565	523	8259.7699859748
GLOBAL	X	11600001	11610000	0.0089274057263472	8136	72.633372989561	569	8099.1430575035
GLOBAL	X	11610001	11620000	0.0071457765646441	9055	64.705006792852	507	9027.8330995792
GLOBAL	X	11620001	11630000	0.0071823570879058	8637	62.034018168242	486	8607.8499298738
GLOBAL	X	11630001	11640000	0.0069755498384545	8470	59.08290713171	462	8306.7868162693
GLOBAL	X	11640001	11650000	0.0073383666180773	8926	65.502260432958	513	8894.2258064516
GLOBAL	X	11650001	11660000	0.0076019241021911	8847	67.254222532085	527	8822.3492286115
GLOBAL	X	11660001	11670000	0.009515675567308	8628	82.101248794733	642	8518.4796633941
GLOBAL	X	11670001	11680000	0.0083307328039984	8129	67.720526963703	530	8047.0364656381
GLOBAL	X	11680001	11690000	0.0073999998796879	8433	62.404198985408	489	8407.6437587658
GLOBAL	X	11690001	11700000	0.0080278480517961	8893	71.391652724622	559	8852.1023842917
GLOBAL	X	11700001	11710000	0.0077008361339882	8158	62.823421181076	492	8100.3899018233
GLOBAL	X	11710001	11720000	0.0075861811689251	9034	68.53356068007	537	9001.2075736325
GLOBAL	X	11720001	11730000	0.008099710479348	7190	58.236918346512	450	5931.8288920056
GLOBAL	X	11730001	11740000	0.0068192726286695	9012	61.45528492957	481	8925.2201963534
GLOBAL	X	11740001	11750000	0.0072884882834342	6004	43.760083653739	335	4939.2496493689
GLOBAL	X	11750001	11760000	0.0028677100514846	4426	12.692484687871	74	1246.4533106961
GLOBAL	X	11760001	11770000	0.0072445131067854	1598	11.576731944643	62	519.19242902208
GLOBAL	X	11770001	11780000	0.0033855182221505	2152	7.2856352140678	47	673.3126252505
GLOBAL	X	11780001	11790000	0.0022566130887119	3137	7.0789952592893	45	1191.8431771894
GLOBAL	X	11790001	11800000	0.0082599948336101	7782	64.279279795154	503	7701.553997195
GLOBAL	X	11800001	11810000	0.0078206654875636	7951	62.182111291618	487	7897.1683029453
GLOBAL	X	11810001	11820000	0.0069670740692981	8555	59.603318662845	467	8521.1346423562
GLOBAL	X	11820001	11830000	0.0075477639939226	8577	64.737171775874	507	8516.9775596073
GLOBAL	X	11830001	11840000	0.0087655029003376	8160	71.526503666755	559	7953.0911640954
GLOBAL	X	11840001	11850000	0.0087093805745595	6997	60.939535880193	476	6600.6227208976
GLOBAL	X	11850001	11860000	0.0078346553199039	8864	69.446384755629	544	8799.412342216
GLOBAL	X	11860001	11870000	0.0086489522220042	8580	74.208010064796	581	8502.5035063114
GLOBAL	X	11870001	11880000	0.0082924084408077	7454	61.81161251778	483	6665.3674614306
GLOBAL	X	11880001	11890000	0.0065881915438065	8458	55.722924077515	435	8326.8751753156
GLOBAL	X	11890001	11900000	0.0072715939434304	8740	63.553731065582	498	8710.2608695652
GLOBAL	X	11900001	11910000	0.0058513852720673	9072	53.083767188194	416	9052.3899018233
GLOBAL	X	11910001	11920000	0.0068900722355603	9021	62.15534163699	487	8996.556802244
GLOBAL	X	11920001	11930000	0.0064163123099193	9112	58.465437767985	458	9079.2510518934
GLOBAL	X	11930001	11940000	0.0070067884636142	8856	62.052118633768	486	8806.3099579243
GLOBAL	X	11940001	11950000	0.0088286542851246	8864	78.257191583344	613	8815.5820476858
GLOBAL	X	11950001	11960000	0.0073834967764461	8974	66.259500071827	519	8926.2272089762
GLOBAL	X	11960001	11970000	0.0085173693612655	8649	73.666727605585	577	8597.9396914446
GLOBAL	X	11970001	11980000	0.0075284447554434	7957	59.903834919063	469	7572.4838709677
GLOBAL	X	11980001	11990000	0.0078228562208507	8848	69.216631842087	542	8745.1051893408
GLOBAL	X	11990001	12000000	0.0075073229165292	9263	69.54033217581	545	9244.6788218794
GLOBAL	X	12000001	12010000	0.0088941116755765	8641	76.854018988657	602	8594.7152875175
GLOBAL	X	12010001	12020000	0.0067162859482964	8740	58.700339188111	460	8717.4964936886
GLOBAL	X	12020001	12030000	0.01067245940356	6675	71.238666518766	552	6219.572230014
GLOBAL	X	12030001	12040000	0.0091084554292923	8667	78.942983205676	618	8621.4053295933
GLOBAL	X	12040001	12050000	0.0065251242795044	9503	62.008256028131	486	9488.2566619916
GLOBAL	X	12050001	12060000	0.0070063520156074	9142	64.052070126683	502	9125.5666199159
GLOBAL	X	12060001	12070000	0.0068097240534713	9127	62.152351436032	487	9098.0561009818
GLOBAL	X	12070001	12080000	0.0085555369134799	8358	71.507177522865	559	8175.7559607293
GLOBAL	X	12080001	12090000	0.0082521031190327	9034	74.549499577341	584	8990.4544179523
GLOBAL	X	12090001	12100000	0.0078323886642142	9030	70.726469637854	554	8993.3674614306
GLOBAL	X	12100001	12110000	0.0089537112509514	8524	76.32143470311	598	8493.9368863955
GLOBAL	X	12110001	12120000	0.0063380536892702	8483	53.765709446079	421	8003.840112202
GLOBAL	X	12120001	12130000	0.0074064539000848	8950	66.287762405759	519	8903.556802244
GLOBAL	X	12130001	12140000	0.0070499143343529	8753	61.707900168591	483	8667.1921458626
GLOBAL	X	12140001	12150000	0.0075319429923244	9131	68.774171462914	539	9113.7419354839
GLOBAL	X	12150001	12160000	0.007489455176719	9337	69.929042985026	548	9310.9523141655
GLOBAL	X	12160001	12170000	0.0070676468264094	8955	63.290777330496	496	8935.2875175316
GLOBAL	X	12170001	12180000	0.0073802300497331	8757	64.628674545513	506	8724.6591865358
GLOBAL	X	12180001	12190000	0.0085406011571347	8621	73.628522575658	577	8598.9635343619
GLOBAL	X	12190001	12200000	0.0082569984524615	8789	72.570759398684	568	8708.4586255259
GLOBAL	X	12200001	12210000	0.0071973792529281	8919	64.193425556866	503	8893.1739130435
GLOBAL	X	12210001	12220000	0.0065179171898132	8675	56.542931621629	443	8635.4446002805
GLOBAL	X	12220001	12230000	0.0065484843272128	9081	59.466786175419	466	9052.7713884993
GLOBAL	X	12230001	12240000	0.0060481241880085	9177	55.503635673354	435	9164.1837307153
GLOBAL	X	12240001	12250000	0.0080210144385642	8850	70.985977781293	556	8811.3267882188
GLOBAL	X	12250001	12260000	0.0077665347703082	8911	69.207591338217	542	8879.2454417952
GLOBAL	X	12260001	12270000	0.0087351185386616	7690	67.173061562307	525	7528.252454418
GLOBAL	X	12270001	12280000	0.0072596489237943	9140	66.353191163479	520	9114.6704067321
GLOBAL	X	12280001	12290000	0.0062555784540382	9240	57.801544915313	453	9221.9396914446
GLOBAL	X	12290001	12300000	0.0068808529137913	8641	59.45745002807	466	8625.6788218794
GLOBAL	X	12300001	12310000	0.0056506046220078	8989	50.793284947228	398	8972.6718092567
GLOBAL	X	12310001	12320000	0.0060414192090509	9127	55.140033121008	432	9100.0813464236
GLOBAL	X	12320001	12330000	0.0062707304713377	9116	57.163978976714	448	9097.652173913
GLOBAL	X	12330001	12340000	0.0081318942780978	8618	70.080664888647	549	8583.2566619916
GLOBAL	X	12340001	12350000	0.007379834967179	8697	64.182424709556	503	8680.9985974755
GLOBAL	X	12350001	12360000	0.0077153622548187	8916	68.790169863964	539	8885.7391304348
GLOBAL	X	12360001	12370000	0.0086991883469523	9284	80.763264613105	633	9269.7994389902
GLOBAL	X	12370001	12380000	0.0081148068419792	8712	70.696197207323	554	8687.8373071529
GLOBAL	X	12380001	12390000	0.0076369546111738	8577	65.502159700038	513	8498.1514726508
GLOBAL	X	12390001	12400000	0.0066728161044526	8568	57.17268838295	448	8541.8022440393
GLOBAL	X	12400001	12410000	0.0072957778222266	9009	65.72766240044	515	8975.8527349229
GLOBAL	X	12410001	12420000	0.0081619430395402	8724	71.204791076949	558	8702.6914446003
GLOBAL	X	12420001	12430000	0.006068107695439	9653	58.575443584073	459	9628.9831697055
GLOBAL	X	12430001	12440000	0.0070873600619616	8985	63.679930156725	499	8964.0967741935
GLOBAL	X	12440001	12450000	0.0068012322910315	8801	59.857645393369	469	8769.7307152875
GLOBAL	X	12450001	12460000	0.0079169550451743	8433	66.763681895955	523	8393.7601683029
GLOBAL	X	12460001	12470000	0.0061892849256565	8602	53.240228930497	417	8564.2145862553
GLOBAL	X	12470001	12480000	0.0092853231255085	7891	73.270484783388	572	7690.3632538569
GLOBAL	X	12480001	12490000	0.0085279187421892	7838	66.841827101279	523	7428.713884993
GLOBAL	X	12490001	12500000	0.0072370433581583	8330	60.284571173459	471	7773.9579242637
GLOBAL	X	12500001	12510000	0.006854454127472	8443	57.872156198246	453	8285.8387096774
GLOBAL	X	12510001	12520000	0.0065016376465347	8215	53.410953266282	418	7819.7910238429
GLOBAL	X	12520001	12530000	0.0096690675246012	8055	77.884338910663	610	8005.1851332398
GLOBAL	X	12530001	12540000	0.0069829793753736	8847	61.778418533931	484	8820.3380084151
GLOBAL	X	12540001	12550000	0.0068322808115158	9020	61.627172919873	483	9006.0757363254
GLOBAL	X	12550001	12560000	0.0075641251577445	9109	68.901616061895	540	9092.2805049088
GLOBAL	X	12560001	12570000	0.0068531273630123	8510	58.320113859234	457	8490.5455820477
GLOBAL	X	12570001	12580000	0.0083606712766364	8251	68.983898703527	540	8217.4978962132
GLOBAL	X	12580001	12590000	0.0089531337541831	8728	78.14295140651	612	8685.3436185133
GLOBAL	X	12590001	12600000	0.010445703228931	7510	78.447231249273	612	7292.6563814867
GLOBAL	X	12600001	12610000	0.0078554013011985	8870	69.677409541631	544	8635.6381486676
GLOBAL	X	12610001	12620000	0.0068356679642237	9017	61.637218033405	483	8993.8387096774
GLOBAL	X	12620001	12630000	0.0084801964206311	8568	72.658322931967	569	8511.587657784
GLOBAL	X	12630001	12640000	0.0081343440627908	8694	70.719987281903	554	8642.2258064516
GLOBAL	X	12640001	12650000	0.0069524926795286	8901	61.884137340484	485	8880.9929873773
GLOBAL	X	12650001	12660000	0.0084201725700705	8440	71.066256491395	556	8240.9817671809
GLOBAL	X	12660001	12670000	0.0062610583495155	9177	57.457732473503	450	9145.5890603086
GLOBAL	X	12670001	12680000	0.0073472372953452	8650	63.553602604736	498	8624.9593267882
GLOBAL	X	12680001	12690000	0.0086371653662519	8570	74.020507188779	579	8445.175315568
GLOBAL	X	12690001	12700000	0.0076304339363117	7934	60.539862850697	474	7521.1360448808
GLOBAL	X	12700001	12710000	0.0064624495495815	8946	57.813073670556	453	8919.904628331
GLOBAL	X	12710001	12720000	0.0076027158120783	8399	63.855210105645	500	8331.2075736325
GLOBAL	X	12720001	12730000	0.0090274475718412	7867	71.018930047675	556	7784.4488078541
GLOBAL	X	12730001	12740000	0.0071428482940674	8442	60.299925298517	472	8207.3534361851
GLOBAL	X	12740001	12750000	0.0074343267567482	8705	64.715814417493	507	8464.6591865358
GLOBAL	X	12750001	12760000	0.004848683020624	9525	46.183705771444	362	9514.2356241234
GLOBAL	X	12760001	12770000	0.0068375969260223	8922	61.005039773971	478	8892.5301542777
GLOBAL	X	12770001	12780000	0.0053755215387262	9305	50.019227917847	392	9286.7587657784
GLOBAL	X	12780001	12790000	0.0082607709838798	8429	69.630038623122	545	8328.6143057504
GLOBAL	X	12790001	12800000	0.0078135123381531	7329	57.265231926324	447	6716.4641350211
GLOBAL	X	12800001	12810000	0.0076561885672741	8757	67.045243283619	525	8706.7096774194
GLOBAL	X	12810001	12820000	0.0063963913063815	9076	58.053647496719	455	9060.8036465638
GLOBAL	X	12820001	12830000	0.006638858771799	8822	58.568012084811	459	8800.858345021
GLOBAL	X	12830001	12840000	0.0059010202879396	7816	46.122374570536	361	7397.8934081346
GLOBAL	X	12840001	12850000	0.0086410299656319	8576	74.105472985259	580	8496.3646563815
GLOBAL	X	12850001	12860000	0.0072362711982713	8396	60.755732980685	476	8361.3870967742
GLOBAL	X	12860001	12870000	0.0059591697112955	9208	54.872034701609	430	9187.7405329593
GLOBAL	X	12870001	12880000	0.0070781418074853	8136	57.5877617457	450	7921.5357643759
GLOBAL	X	12880001	12890000	0.0060389129795561	8875	53.595352693561	420	8852.7826086957
GLOBAL	X	12890001	12900000	0.0066697891914094	9170	61.161966885224	479	9125.2496493689
GLOBAL	X	12900001	12910000	0.0076109665503113	8409	64.000617721568	501	8307.7587657784
GLOBAL	X	12910001	12920000	0.0072091822030115	8736	62.979415725508	493	8687.6423562412
GLOBAL	X	12920001	12930000	0.0077016891419517	8530	65.695408380848	512	8442.0757363254
GLOBAL	X	12930001	12940000	0.007378463136341	7762	57.271630864279	447	7485.1276297335
GLOBAL	X	12940001	12950000	0.0083736328525782	8705	72.892473981693	571	8644.7952314166
GLOBAL	X	12950001	12960000	0.0065400460401725	9291	60.763567759242	476	9258.5694249649
GLOBAL	X	12960001	12970000	0.0075860699932578	8229	62.425769974519	489	8187.8471248247
GLOBAL	X	12970001	12980000	0.0087106637436413	8249	71.854265221297	563	8225.9467040673
GLOBAL	X	12980001	12990000	0.0087478551495834	8521	74.5404737296	583	8432.7601683029
GLOBAL	X	12990001	13000000	0.0081097941725087	8306	67.359950396857	527	8243.8457223001
GLOBAL	X	13000001	13010000	0.0090628115870425	8333	75.520408954825	591	8229.4137447405
GLOBAL	X	13010001	13020000	0.0093054937306803	7576	70.498420503634	552	7509.1725105189
GLOBAL	X	13020001	13030000	0.0084352323771124	7892	66.570853920171	521	7786.079943899
GLOBAL	X	13030001	13040000	0.0078210195149967	8768	68.574699107491	537	8694.5862552595
GLOBAL	X	13040001	13050000	0.008650837111277	7918	68.497328247092	535	7665.6699438202
GLOBAL	X	13050001	13060000	0.0081287819627498	7990	64.948967882371	507	7752.6896067416
GLOBAL	X	13060001	13070000	0.0081618571819806	7213	58.871475853626	458	6301.667601683
GLOBAL	X	13070001	13080000	0.0076807873798005	7577	58.197325976748	454	7323
GLOBAL	X	13080001	13090000	0.0030635764042641	6825	20.908908959102	160	5925.095371669
GLOBAL	X	13090001	13100000	0.0090897544013304	6151	55.911079322583	433	4969.952045134
GLOBAL	X	13100001	13110000	0.0039404570974331	5025	19.800796914601	144	2028.6417489422
GLOBAL	X	13110001	13120000	0.0016466871588055	3034	4.9960488398158	28	1071.1424050633
GLOBAL	X	13120001	13130000	0.0012592052223033	2287	2.8798023434077	17	479.69716775599
GLOBAL	X	13130001	13140000	0.0037210059403886	1015	3.7768210294945	21	297.47587719298
GLOBAL	X	13140001	13150000	0.0009015484027771	1445	1.3027374420129	5	658.6006097561
GLOBAL	X	13150001	13160000	0.0024739728882806	4824	11.934445213066	68	1175.1795332136
GLOBAL	X	13160001	13170000	0.0080526082378274	7026	56.577625478975	438	6423.3155680224
GLOBAL	X	13170001	13180000	0.0068662927658468	8199	56.296734387178	441	8153.3674614306
GLOBAL	X	13180001	13190000	0.0070635739879547	8864	62.61151982923	490	8808.2412342216
GLOBAL	X	13190001	13200000	0.0079867504499982	8312	66.385869740385	520	8264.1963534362
GLOBAL	X	13200001	13210000	0.0067899510332685	8617	58.509008053675	458	8545.7082748948
GLOBAL	X	13210001	13220000	0.0068446812188252	7997	54.736915706945	429	7918.1079943899
GLOBAL	X	13220001	13230000	0.0069308879146726	8837	61.248256501962	480	8818.3520336606
GLOBAL	X	13230001	13240000	0.0050623606308329	9477	47.975991698403	376	9461.0813464236
GLOBAL	X	13240001	13250000	0.0059265137677688	8454	50.102747392717	392	8387.8134642356
GLOBAL	X	13250001	13260000	0.0085396034228438	8355	71.34838659786	559	8318.3057503506
GLOBAL	X	13260001	13270000	0.0081905148217785	8067	66.072883067287	517	7953.0687237027
GLOBAL	X	13270001	13280000	0.0089551194224087	7542	67.539510683806	527	7319.0281690141
GLOBAL	X	13280001	13290000	0.0056031055789382	9116	51.0779104576	400	9069.7812061711
GLOBAL	X	13290001	13300000	0.0068326349845208	8424	57.558117109604	451	8394.4039270687
GLOBAL	X	13300001	13310000	0.0068321058606467	8411	57.464842393899	450	8361.7545582048
GLOBAL	X	13310001	13320000	0.0073439504481723	8388	61.601056359269	482	8324.2019635344
GLOBAL	X	13320001	13330000	0.007038718616737	8471	59.624985402379	467	8429.9565217391
GLOBAL	X	13330001	13340000	0.0064125511259604	9075	58.19390146809	456	9049.538569425
GLOBAL	X	13340001	13350000	0.0053308675464146	9239	49.251885261325	386	9222.7321178121
GLOBAL	X	13350001	13360000	0.0065639139336447	8982	58.957074951997	462	8955.2089761571
GLOBAL	X	13360001	13370000	0.0052630279596174	8661	45.583085158246	357	8565.5708274895
GLOBAL	X	13370001	13380000	0.0074466049183883	8573	63.839743965343	499	8061.3155680224
GLOBAL	X	13380001	13390000	0.0091141417425216	7024	64.017731599472	498	6686.2247191011
GLOBAL	X	13390001	13400000	0.0076031425711399	8857	67.341033752586	527	8780.3997194951
GLOBAL	X	13400001	13410000	0.0075755354738448	8105	61.399715015512	481	8077.8415147265
GLOBAL	X	13410001	13420000	0.0079267608332755	8750	69.35915729116	543	8697.1556802244
GLOBAL	X	13420001	13430000	0.007343133332067	8673	63.686995389017	499	8641.3338008415
GLOBAL	X	13430001	13440000	0.0074519060920329	9045	67.402490602438	528	9021.6647966339
GLOBAL	X	13440001	13450000	0.0076449479630579	8646	66.098220088599	518	8625.3267882188
GLOBAL	X	13450001	13460000	0.0070489115425599	8600	60.620639266015	474	8394.2286115007
GLOBAL	X	13460001	13470000	0.0067746487946228	9306	63.04488168276	494	9276.7980364656
GLOBAL	X	13470001	13480000	0.0067965050480168	9108	61.902567977337	485	9073.0364656381
GLOBAL	X	13480001	13490000	0.0071779744706786	8447	60.632350353822	475	8414.5946704067
GLOBAL	X	13490001	13500000	0.0061159179840854	8830	54.003555799474	423	8779.7503506311
GLOBAL	X	13500001	13510000	0.0084423558851948	8390	70.831365876785	555	8359.2833099579
GLOBAL	X	13510001	13520000	0.0076873993635261	8218	63.175047969458	494	8093.2889200561
GLOBAL	X	13520001	13530000	0.0072417614260997	8447	61.171158766264	479	8370.4782608696
GLOBAL	X	13530001	13540000	0.0067226609987751	8906	59.872018855091	469	8873.2538569425
GLOBAL	X	13540001	13550000	0.006367081823069	7061	44.95796475269	349	5947.3483146067
GLOBAL	X	13550001	13560000	0.0080946438348294	7526	60.920289500926	473	6700.2053445851
GLOBAL	X	13560001	13570000	0.0092609283872171	6202	57.436277857521	446	5661.3404255319
GLOBAL	X	13570001	13580000	0.01008875690032	6759	68.18990788926	532	6572.4929577465
GLOBAL	X	13580001	13590000	0.0078114998500808	8071	63.046615290002	490	7614.1458625526
GLOBAL	X	13590001	13600000	0.0078779407063034	8205	64.638503495219	504	7961.5720338983
GLOBAL	X	13600001	13610000	0.0079831402876249	7259	57.949615347869	451	6895.183988764
GLOBAL	X	13610001	13620000	0.0092876336551383	6426	59.682333867918	464	6038.7777777778
GLOBAL	X	13620001	13630000	0.0076586962585263	8145	62.380081025697	488	7651.8695652174
GLOBAL	X	13630001	13640000	0.0078823978364097	8324	65.613079590274	514	8294.2917251052
GLOBAL	X	13640001	13650000	0.0059701464476095	8755	52.268632148821	409	8708.8471248247
GLOBAL	X	13650001	13660000	0.0076455076260006	8951	68.434938760331	536	8916.4726507714
GLOBAL	X	13660001	13670000	0.0091628068066151	8160	74.768503541979	585	8077.3646563815
GLOBAL	X	13670001	13680000	0.0078754657734004	8127	64.003910340425	501	8049.1065918654
GLOBAL	X	13680001	13690000	0.0077687090544889	7788	60.50270611636	472	7355.9004207574
GLOBAL	X	13690001	13700000	0.0069523271880026	8559	59.504968402115	465	8182.3632538569
GLOBAL	X	13700001	13710000	0.0080254833767437	7601	61.001699146629	475	7262.4964936886
GLOBAL	X	13710001	13720000	0.0092160737718836	7888	72.696389912618	565	7513.4502103787
GLOBAL	X	13720001	13730000	0.0080338927241876	8260	66.35995390179	520	8235.1584852735
GLOBAL	X	13730001	13740000	0.007755948529357	7790	60.418839043691	473	7717.8611500701
GLOBAL	X	13740001	13750000	0.0089451987611832	6872	61.471405886851	479	6306.4446002805
GLOBAL	X	13750001	13760000	0.0060189441083079	3890	23.413692581318	174	2455.7194950912
GLOBAL	X	13760001	13770000	0.0049431939641091	5668	28.01802338857	214	4192.4291725105
GLOBAL	X	13770001	13780000	0.009061745825486	8686	78.710324240172	616	8624.8793828892
GLOBAL	X	13780001	13790000	0.0075782790551064	9130	69.189687773121	542	9080.1935483871
GLOBAL	X	13790001	13800000	0.0057913448894671	9234	53.477278709339	419	9211.6058906031
GLOBAL	X	13800001	13810000	0.0079065887253456	8474	67.000432858579	525	8447.4824684432
GLOBAL	X	13810001	13820000	0.0087218673525143	8910	77.711838110902	609	8884.8204768583
GLOBAL	X	13820001	13830000	0.0076462163297269	8948	68.418343718396	536	8911.3800841515
GLOBAL	X	13830001	13840000	0.0079283328654133	8517	67.525611014725	529	8476.7433380084
GLOBAL	X	13840001	13850000	0.0066433337288765	9125	60.620420275998	475	9103.8988764045
GLOBAL	X	13850001	13860000	0.0081685257633554	8785	71.760498831077	562	8747.5112359551
GLOBAL	X	13860001	13870000	0.0076312564509608	8585	65.514336631499	513	8528.4866760168
GLOBAL	X	13870001	13880000	0.0075135639680025	8653	65.014869015125	509	8613.286115007
GLOBAL	X	13880001	13890000	0.0072402826955725	9235	66.864010693612	524	9209.4474053296
GLOBAL	X	13890001	13900000	0.0091349333568871	8215	75.043477526828	588	8183.4754558205
GLOBAL	X	13900001	13910000	0.0087877778790515	7840	68.896178571764	539	7673.4936886396
GLOBAL	X	13910001	13920000	0.0088314622314053	7426	65.582438530416	513	6993.2412342216
GLOBAL	X	13920001	13930000	0.0073267008330756	5157	37.783796196171	293	3938.6255259467
GLOBAL	X	13930001	13940000	0.0019938992373709	2833	5.6487165394719	29	691.72142857143
GLOBAL	X	13940001	13950000	0.0056768100198457	3575	20.294595820949	151	2362.3674614306
GLOBAL	X	13950001	13960000	0.0076298794693165	8242	62.885466586106	492	8156.0196353436
GLOBAL	X	13960001	13970000	0.0075909721999419	8330	63.232798425516	495	8249.793828892
GLOBAL	X	13970001	13980000	0.0083275533310208	8598	71.600303540117	561	8566.6535764376
GLOBAL	X	13980001	13990000	0.0075016450782242	8829	66.232024395641	519	8802.5315568022
GLOBAL	X	13990001	14000000	0.0073158369163573	8935	65.367002847653	512	8899.347826087
GLOBAL	X	14000001	14010000	0.0085206458401625	8239	70.201601077099	549	8141.5848527349
GLOBAL	X	14010001	14020000	0.0092123940525651	7917	72.934523714158	571	7847.1669004208
GLOBAL	X	14020001	14030000	0.0090533636287861	8081	73.16023148422	571	7849.2482468443
GLOBAL	X	14030001	14040000	0.0092904849647731	7353	68.312935945977	532	7005.1220196353
GLOBAL	X	14040001	14050000	0.0076416503576747	8383	64.059954948387	502	8363.1304347826
GLOBAL	X	14050001	14060000	0.0086086311290061	8555	73.646839308647	577	8519.4698457223
GLOBAL	X	14060001	14070000	0.0080091269832763	8705	69.71945038942	546	8635.4207573633
GLOBAL	X	14070001	14080000	0.0068580015640982	8653	59.342287534141	465	8632.2833099579
GLOBAL	X	14080001	14090000	0.0061194533799643	9424	57.669728652784	452	9408.4109396914
GLOBAL	X	14090001	14100000	0.0073852373441125	8302	61.312240430822	480	8224.1051893408
GLOBAL	X	14100001	14110000	0.0073472908852391	9117	66.985251000725	525	9101.2342215989
GLOBAL	X	14110001	14120000	0.0084793560526267	8701	73.778877013905	578	8657.1781206171
GLOBAL	X	14120001	14130000	0.0090095175042947	8056	72.580673014598	554	7100.079943899
GLOBAL	X	14130001	14140000	0.0039706917317732	5582	22.164401246758	169	3058.3609550562
GLOBAL	X	14140001	14150000	0.0087621204053629	8453	74.066203786533	580	8293.8471248247
GLOBAL	X	14150001	14160000	0.0083375630303564	9002	75.054742399268	588	8965.633941094
GLOBAL	X	14160001	14170000	0.0060293850406535	8930	53.842408413035	422	8913.507713885
GLOBAL	X	14170001	14180000	0.0064927819214854	8805	57.168944818679	448	8783.7040673212
GLOBAL	X	14180001	14190000	0.0066440166329562	9487	63.031785796856	494	9464.6423562412
GLOBAL	X	14190001	14200000	0.0072406393020475	8846	64.050695265912	502	8830.2440392707
GLOBAL	X	14200001	14210000	0.0059075960785388	8820	52.104997412712	408	8734.5862552595
GLOBAL	X	14210001	14220000	0.0074608557641117	8691	64.842297445895	507	8553
GLOBAL	X	14220001	14230000	0.0085221684904261	7924	67.529663118136	528	7705.7910238429
GLOBAL	X	14230001	14240000	0.0069178347277522	8301	57.424946075071	450	8279.4782608696
GLOBAL	X	14240001	14250000	0.0072059002564506	8855	63.80824677087	500	8826.5848527349
GLOBAL	X	14250001	14260000	0.0071902560770124	7788	55.997714327772	436	6838.4586255259
GLOBAL	X	14260001	14270000	0.0083933681477595	7177	60.23920319647	459	6160.858345021
GLOBAL	X	14270001	14280000	0.0083611305532207	8366	69.949218208244	548	8324.9144460028
GLOBAL	X	14280001	14290000	0.0080668825495172	7872	63.502499429799	497	7794.4992987377
GLOBAL	X	14290001	14300000	0.0082366704748046	7883	64.929673352885	508	7531.332398317
GLOBAL	X	14300001	14310000	0.0077473026229403	8720	67.55647887204	529	8344.1865357644
GLOBAL	X	14310001	14320000	0.0071508877311159	8798	62.913510258357	493	8772.6690042076
GLOBAL	X	14320001	14330000	0.0084922194575778	8661	73.551112722081	575	8554.5329593268
GLOBAL	X	14330001	14340000	0.0093158787671448	7454	69.440560330298	541	7132.1009817672
GLOBAL	X	14340001	14350000	0.0083358603966274	8690	72.438626846692	567	8613.5056179775
GLOBAL	X	14350001	14360000	0.0084681151852398	7752	65.644828915979	513	7596.3132022472
GLOBAL	X	14360001	14370000	0.0072659582921057	8664	62.952262642804	493	8605.1879382889
GLOBAL	X	14370001	14380000	0.008057689012414	8103	65.29145406759	510	7943.6774193548
GLOBAL	X	14380001	14390000	0.0078438039557437	8351	65.503606834416	513	8301.6100981767
GLOBAL	X	14390001	14400000	0.0074338469979504	8963	66.62957064263	522	8928.904628331
GLOBAL	X	14400001	14410000	0.0071786626307427	8963	64.342353159346	504	8911.9481065919
GLOBAL	X	14410001	14420000	0.0074513045786881	9029	67.277829040975	527	8983.778401122
GLOBAL	X	14420001	14430000	0.0071840316570894	8822	63.377527278843	496	8791.633941094
GLOBAL	X	14430001	14440000	0.007719180093601	8756	67.589140899571	529	8663.7503506311
GLOBAL	X	14440001	14450000	0.0067771915036186	8814	59.734165912894	468	8782.1823281907
GLOBAL	X	14450001	14460000	0.005959052709216	9101	54.233338706575	425	9079.8387096774
GLOBAL	X	14460001	14470000	0.0082674029123909	8240	68.123399998101	532	8124.5105189341
GLOBAL	X	14470001	14480000	0.0066588787542013	8878	59.117525579799	463	8826.2917251052
GLOBAL	X	14480001	14490000	0.0075200049968372	9247	69.537486205754	544	9174.2903225806
GLOBAL	X	14490001	14500000	0.0086473831232941	8156	70.528056753586	552	8098.110799439
GLOBAL	X	14500001	14510000	0.0080711369513145	8200	66.183323000779	518	8132.9396914446
GLOBAL	X	14510001	14520000	0.0075304470566601	8795	66.230281863325	518	8729.6998597475
GLOBAL	X	14520001	14530000	0.0071954187248256	8690	62.528188718734	490	8669.7040673212
GLOBAL	X	14530001	14540000	0.0081271453737122	8438	68.576852663384	537	8399.4656381487
GLOBAL	X	14540001	14550000	0.0083841658950549	8125	68.121347897321	533	8023.7152875175
GLOBAL	X	14550001	14560000	0.0077247896337998	8560	66.124199265326	518	8507.4207573633
GLOBAL	X	14560001	14570000	0.0083065301513833	8468	70.339697321914	548	8418.9116409537
GLOBAL	X	14570001	14580000	0.0078011207616166	8637	67.378280018083	528	8614.1739130435
GLOBAL	X	14580001	14590000	0.0073950567009488	8457	62.539994519924	486	8056.2748948107
GLOBAL	X	14590001	14600000	0.007477013819077	8279	61.902197408138	485	8248.840112202
GLOBAL	X	14600001	14610000	0.0088608947885319	8789	77.878404296407	607	8681.6928471248
GLOBAL	X	14610001	14620000	0.0085080619515618	6880	58.535466226745	454	6513.3983169705
GLOBAL	X	14620001	14630000	0.0076510185957978	8540	65.339698808113	512	8510.8373071529
GLOBAL	X	14630001	14640000	0.0088628139311119	8610	76.308827946873	598	8587.0378681627
GLOBAL	X	14640001	14650000	0.0088802391468392	8188	72.71139813432	568	8042.7489481066
GLOBAL	X	14650001	14660000	0.0085807409139676	8686	74.532315578723	584	8650.3674614306
GLOBAL	X	14660001	14670000	0.0077497420987893	8778	68.027236143173	533	8746.1584852735
GLOBAL	X	14670001	14680000	0.0062430418917842	9199	57.429742362523	450	9170.3520336606
GLOBAL	X	14680001	14690000	0.0075637888779818	8182	61.886920599647	484	7943.8148667602
GLOBAL	X	14690001	14700000	0.0054033869649794	8690	46.955432725671	368	8670.8948106592
GLOBAL	X	14700001	14710000	0.0054204362896332	9369	50.784067597573	398	9351.3927068724
GLOBAL	X	14710001	14720000	0.0073065236503391	9155	66.891224018855	524	9115.9957924264
GLOBAL	X	14720001	14730000	0.0089813807517229	7377	66.25564580546	518	7160.9270687237
GLOBAL	X	14730001	14740000	0.0086539598279811	7215	62.438320158884	488	7073.5399719495
GLOBAL	X	14740001	14750000	0.0081066245108019	8710	70.608699489085	553	8642.6970546985
GLOBAL	X	14750001	14760000	0.0077570742176601	8317	64.515586268279	505	7969.3043478261
GLOBAL	X	14760001	14770000	0.0079794124767166	8368	66.771723605164	523	8308.4544179523
GLOBAL	X	14770001	14780000	0.0071685980354105	8371	60.008334154421	470	8327.1991584853
GLOBAL	X	14780001	14790000	0.0069821949333485	8950	62.490644653469	488	8785.8597475456
GLOBAL	X	14790001	14800000	0.0086877861741399	8858	76.956409930531	603	8828.4796633941
GLOBAL	X	14800001	14810000	0.0087265579944513	8335	72.735860883751	570	8313.1051893408
GLOBAL	X	14810001	14820000	0.0088678621194463	9068	80.413773699139	630	9032.4389901823
GLOBAL	X	14820001	14830000	0.0082136701797284	8071	66.292532020588	519	8012.3113604488
GLOBAL	X	14830001	14840000	0.0099813035317935	7865	78.502952277556	614	7783.3562412342
GLOBAL	X	14840001	14850000	0.0095335070651611	7432	70.853024508278	554	7315.9719495091
GLOBAL	X	14850001	14860000	0.0093923645820447	7704	72.358776740072	566	7568.4179523142
GLOBAL	X	14860001	14870000	0.0090939108979057	9010	81.93613719013	641	8869.206171108
GLOBAL	X	14870001	14880000	0.007725131411066	8154	62.990721525832	493	8058.2636746143
GLOBAL	X	14880001	14890000	0.0081064904362315	7382	59.842112400261	464	6825.5308988764
GLOBAL	X	14890001	14900000	0.0077399353924339	8482	65.650131998624	514	8264.0168302945
GLOBAL	X	14900001	14910000	0.0078297473015667	7964	62.356107509677	488	7473.8513323983
GLOBAL	X	14910001	14920000	0.0098869245555862	6950	68.714125661324	537	6333.049088359
GLOBAL	X	14920001	14930000	0.0080326415813093	8787	70.582821574965	553	8747.0785413745
GLOBAL	X	14930001	14940000	0.010154289129033	8221	83.478410929777	654	8180.0364656381
GLOBAL	X	14940001	14950000	0.0084622330872854	8284	70.101138895072	548	8206.809256662
GLOBAL	X	14950001	14960000	0.0062686408275242	8777	55.01986054318	431	8736.2454417952
GLOBAL	X	14960001	14970000	0.0086437523945366	8053	69.608138033203	545	7983.6816269285
GLOBAL	X	14970001	14980000	0.0092616948951332	8475	78.492864236254	615	8447.9677419355
GLOBAL	X	14980001	14990000	0.0088085854415324	8451	74.44135556639	583	8392.3422159888
GLOBAL	X	14990001	15000000	0.0091103102952578	6868	62.56961110783	490	6825.1458625526
GLOBAL	X	15000001	15010000	0.0074492063515274	8739	65.098614305998	510	8707.713884993
GLOBAL	X	15010001	15020000	0.0090139709711387	8933	80.521802685182	631	8909.1542776999
GLOBAL	X	15020001	15030000	0.010967590385334	8121	89.067801519299	697	8011.3394109397
GLOBAL	X	15030001	15040000	0.0073165492535244	8852	64.766093992198	507	8785.0448807854
GLOBAL	X	15040001	15050000	0.0080537154180095	8419	67.804230104222	530	8266.3688639551
GLOBAL	X	15050001	15060000	0.0092647647345297	8263	76.554751001419	598	8021.6325385694
GLOBAL	X	15060001	15070000	0.0095409645648554	8462	80.735642147807	632	8383.4460028051
GLOBAL	X	15070001	15080000	0.011262811364011	7254	81.700433634537	639	7146.9172510519
GLOBAL	X	15080001	15090000	0.0097465772526076	8674	84.541811089118	662	8599.3913043478
GLOBAL	X	15090001	15100000	0.0086882196364935	7947	69.045281451213	537	7751.9368863955
GLOBAL	X	15100001	15110000	0.0091746779631429	7499	68.800910045609	538	7392.4039270687
GLOBAL	X	15110001	15120000	0.0080665389801714	7708	62.176882459161	486	7203.5511921459
GLOBAL	X	15120001	15130000	0.0085321303447457	6947	59.272709504948	462	6477.6718092567
GLOBAL	X	15130001	15140000	0.0091327129819935	7265	66.349159814183	517	6945.9172510519
GLOBAL	X	15140001	15150000	0.0081276275276559	7779	63.224814537635	495	7725.5049088359
GLOBAL	X	15150001	15160000	0.0077503276944687	8613	66.753572432459	523	8577.3955119215
GLOBAL	X	15160001	15170000	0.0083245955145216	8768	72.990053471325	572	8743.7882187938
GLOBAL	X	15170001	15180000	0.0092690004406268	8592	79.639251785865	624	8556.8807854137
GLOBAL	X	15180001	15190000	0.0089919559163775	7971	71.674880609445	560	7854.5133239832
GLOBAL	X	15190001	15200000	0.010796296691317	6872	74.192150862732	578	6540.0042134831
GLOBAL	X	15200001	15210000	0.0099811293752958	8337	83.212675601841	651	8197.0028050491
GLOBAL	X	15210001	15220000	0.0084214475167208	8760	73.771880246475	578	8729.4305750351
GLOBAL	X	15220001	15230000	0.0093936936237986	7992	75.074399441399	588	7950.7615708275
GLOBAL	X	15230001	15240000	0.0080783156527623	8231	66.492616137887	521	8201.4866760168
GLOBAL	X	15240001	15250000	0.0095564168485118	8546	81.669138387382	640	8521.6746143057
GLOBAL	X	15250001	15260000	0.01012394465022	7956	80.546103637152	631	7929.5610098177
GLOBAL	X	15260001	15270000	0.0096213075912458	8508	81.858084986319	641	8445.1879382889
GLOBAL	X	15270001	15280000	0.011528223904151	7785	89.747223093819	702	7702.0701262272
GLOBAL	X	15280001	15290000	0.0078264634648702	7624	59.66895745617	467	7192.221598878
GLOBAL	X	15290001	15300000	0.010301262005444	6902	71.099310361571	556	6792.3688639551
GLOBAL	X	15300001	15310000	0.0086267903316466	8303	71.628240123662	561	8263.8050490884
GLOBAL	X	15310001	15320000	0.0099401853642306	8750	86.976621937018	681	8671.4053295933
GLOBAL	X	15320001	15330000	0.0092027410503603	8365	76.980928886264	603	8326.5217391304
GLOBAL	X	15330001	15340000	0.008793879473572	8304	73.024375148541	572	8260.5792426367
GLOBAL	X	15340001	15350000	0.0094366608790945	8053	75.993430059348	595	7992.6732117812
GLOBAL	X	15350001	15360000	0.0073630091387037	8875	65.346706105995	512	8848.6605890603
GLOBAL	X	15360001	15370000	0.011350532816465	7293	82.779435830479	647	7173.9298737728
GLOBAL	X	15370001	15380000	0.013466709704399	6434	86.644810238105	667	5663.4613220816
GLOBAL	X	15380001	15390000	0.012232755202651	6618	80.956373931146	626	6052.556802244
GLOBAL	X	15390001	15400000	0.0112221475972	7531	84.51399355451	659	7289.0897615708
GLOBAL	X	15400001	15410000	0.010413295710751	7945	82.733634421917	648	7894.2566619916
GLOBAL	X	15410001	15420000	0.0093052811082798	8199	76.293999806786	597	8107.6704067321
GLOBAL	X	15420001	15430000	0.0084469436149221	6276	53.013018127251	412	5393.3716690042
GLOBAL	X	15430001	15440000	0.006309368852805	1721	10.858423795677	84	1053.3842917251
GLOBAL	X	15440001	15450000	0.00051989307734667	1442	0.74968581753391	3	209.34084507042
GLOBAL	X	15450001	15460000	0.0038693342685888	835	3.2308941142717	17	162.1409978308
GLOBAL	X	15460001	15470000	0.011524038548036	135	1.5557452039849	5	52.30198019802
GLOBAL	X	15470001	15480000	0.0014740632484914	507	0.74735006698515	4	94.853356890459
GLOBAL	X	15480001	15490000	0.0016325494042965	1746	2.8504312599016	11	99.503496503497
GLOBAL	X	15490001	15500000	0.010428782444751	5902	61.550673988922	480	5720.9466292135
GLOBAL	X	15500001	15510000	0.009682437940058	8535	82.639607818395	647	8459.1388499299
GLOBAL	X	15510001	15520000	0.010387972493246	7895	82.013042834179	641	7779.3562412342
GLOBAL	X	15520001	15530000	0.0099448622678414	7766	77.231800372057	604	7686.9467040673
GLOBAL	X	15530001	15540000	0.0085632050283848	8646	74.037470675415	580	8614.6914446003
GLOBAL	X	15540001	15550000	0.0098723746686692	7688	75.898816452729	594	7619.5820476858
GLOBAL	X	15550001	15560000	0.009065896625306	7330	66.453022263493	520	7249.6783707865
GLOBAL	X	15560001	15570000	0.0097221887749406	8131	79.051116929042	618	7984.0266479663
GLOBAL	X	15570001	15580000	0.010364398247019	7874	81.609271797024	637	7701.3688639551
GLOBAL	X	15580001	15590000	0.0094193133238031	8447	79.564939646164	623	8397.4109396914
GLOBAL	X	15590001	15600000	0.0085554496767825	8536	73.029318441015	570	8261.6942496494
GLOBAL	X	15600001	15610000	0.0092122240035652	7688	70.82357813941	553	7447.3295932679
GLOBAL	X	15610001	15620000	0.0092318473154327	7566	69.848156788564	546	7305.3786816269
GLOBAL	X	15620001	15630000	0.0087424450657541	8558	74.817844872723	586	8509.0238429173
GLOBAL	X	15630001	15640000	0.0084404936658731	8876	74.91782177829	587	8837.2244039271
GLOBAL	X	15640001	15650000	0.0094523194859047	7687	72.659979888149	569	7634.9284712482
GLOBAL	X	15650001	15660000	0.0091029164274362	8045	73.232962658724	573	7947.7966339411
GLOBAL	X	15660001	15670000	0.0092059858837346	8358	76.943630016254	602	8272.6381486676
GLOBAL	X	15670001	15680000	0.0086608005154063	8594	74.430919629402	583	8542.9579242637
GLOBAL	X	15680001	15690000	0.0093063311241982	8687	80.84409847591	633	8613.2075736325
GLOBAL	X	15690001	15700000	0.0095797835400681	8069	77.299273384809	605	7972.2261235955
GLOBAL	X	15700001	15710000	0.0089171925936915	8178	72.924801031209	571	8132.9367088608
GLOBAL	X	15710001	15720000	0.0084044612047044	7965	66.94153349547	523	7817.5203366059
GLOBAL	X	15720001	15730000	0.0098146009616833	7708	75.650944212655	591	7573.553997195
GLOBAL	X	15730001	15740000	0.0066390071436702	7646	50.761848620502	393	6261.9186535764
GLOBAL	X	15740001	15750000	0.0097429965186776	7956	77.515280302599	606	7837.2847124825
GLOBAL	X	15750001	15760000	0.008990558835076	7920	71.205225973802	548	6909.3085553997
GLOBAL	X	15760001	15770000	0.0085389690765268	7610	64.981554672369	508	7512.7910238429
GLOBAL	X	15770001	15780000	0.0081890836158458	8545	69.975719497403	548	8511.2650771388
GLOBAL	X	15780001	15790000	0.0087782330403706	8640	75.843933468802	593	8539.5091164095
GLOBAL	X	15790001	15800000	0.0082654167446983	8311	68.693878565187	538	8234.8849929874
GLOBAL	X	15800001	15810000	0.0083495464791429	7426	62.003732154115	476	6426.5750350631
GLOBAL	X	15810001	15820000	0.0089913292581279	7955	71.526024248407	559	7778.5862552595
GLOBAL	X	15820001	15830000	0.0081419190037726	9171	74.669539183598	585	9121.9803646564
GLOBAL	X	15830001	15840000	0.0082547868528853	8257	68.159775044274	534	8218.6479663394
GLOBAL	X	15840001	15850000	0.0097075800429441	7960	77.272337141835	605	7896.3394109397
GLOBAL	X	15850001	15860000	0.0079923187332464	7960	63.618857116641	497	7773.7924263675
GLOBAL	X	15860001	15870000	0.0070979011842125	4465	31.692128787509	242	3190.7068723703
GLOBAL	X	15870001	15880000	0.0027831322738933	1230	3.4232526968888	20	193.25362318841
GLOBAL	X	15880001	15890000	0.0045940793311266	235	1.0796086428148	5	109.93798449612
GLOBAL	X	15890001	15900000	0.0059145397065892	1773	10.486478899783	69	701.54015748031
GLOBAL	X	15900001	15910000	0.0089218577215196	5878	52.442679687092	406	5381.9634317862
GLOBAL	X	15910001	15920000	0.0094024692814835	7418	69.747517130045	544	7147.1068917018
GLOBAL	X	15920001	15930000	0.0089846778215202	7776	69.864854740141	546	7633.7191011236
GLOBAL	X	15930001	15940000	0.0099517433787381	7371	73.354300444679	573	7225.5371669004
GLOBAL	X	15940001	15950000	0.0087735665295466	8557	75.07540879333	588	8500.5918653576
GLOBAL	X	15950001	15960000	0.010076808888796	8465	85.300187243658	668	8390.2496493689
GLOBAL	X	15960001	15970000	0.011991642956744	7904	94.781945930106	739	7688.6867977528
GLOBAL	X	15970001	15980000	0.011628026084727	7897	91.826521991086	717	7719.2608695652
GLOBAL	X	15980001	15990000	0.012412783449218	6763	83.947654467061	654	6529.0491573034
GLOBAL	X	15990001	16000000	0.010226450585247	7512	76.821096796378	596	7015.6540084388
GLOBAL	X	16000001	16010000	0.010451938471159	7316	76.466381854999	592	6714.3632538569
GLOBAL	X	16010001	16020000	0.0094764564065146	7249	68.694832490824	536	6767.7812061711
GLOBAL	X	16020001	16030000	0.0095492274981905	8023	76.613452217982	600	7962.4642356241
GLOBAL	X	16030001	16040000	0.010272981072463	6980	71.705407885789	559	6722.8751753156
GLOBAL	X	16040001	16050000	0.010336524335236	7685	79.436189516288	621	7565.5820476858
GLOBAL	X	16050001	16060000	0.00975048858735	7512	73.245670268174	573	7399.8948106592
GLOBAL	X	16060001	16070000	0.0071165993199729	8751	62.277360649083	488	8724.4053295933
GLOBAL	X	16070001	16080000	0.0078364028673702	8526	66.813170847198	523	8468.5357643759
GLOBAL	X	16080001	16090000	0.0083539643635911	9243	77.215692612673	605	9205.9368863955
GLOBAL	X	16090001	16100000	0.010251196666066	7919	81.179226398578	635	7806.03085554
GLOBAL	X	16100001	16110000	0.0091556803887171	6874	62.936146992041	492	6744.427769986
GLOBAL	X	16110001	16120000	0.012772902691638	6655	85.003667412849	658	5871.809256662
GLOBAL	X	16120001	16130000	0.011032678022433	5489	60.558369665134	464	4679.5974576271
GLOBAL	X	16130001	16140000	0.011929016007685	6350	75.749251648798	582	5673.1397379913
GLOBAL	X	16140001	16150000	0.0093045953641481	8372	77.898072388648	608	8239.5764375877
GLOBAL	X	16150001	16160000	0.0090221030861689	8347	75.307494460252	590	8318.237026648
GLOBAL	X	16160001	16170000	0.010942789699796	7874	86.16352609619	674	7767.2734922861
GLOBAL	X	16170001	16180000	0.008671321007418	8418	72.995180240445	572	8395.3772791024
GLOBAL	X	16180001	16190000	0.0093016769268627	8522	79.268890770724	621	8493.729312763
GLOBAL	X	16190001	16200000	0.010003039740095	7950	79.524165933755	622	7499.1234221599
GLOBAL	X	16200001	16210000	0.0096174091781623	8654	83.229059027817	652	8623.3983169705
GLOBAL	X	16210001	16220000	0.0088466319496962	8401	74.320555009398	582	8339.5343618513
GLOBAL	X	16220001	16230000	0.0088337833359867	8397	74.17727867228	581	8344.9438990182
GLOBAL	X	16230001	16240000	0.0097459692916478	7057	68.777305291159	536	6444.538569425
GLOBAL	X	16240001	16250000	0.010497651881878	7223	75.824539542803	586	6535.7935393258
GLOBAL	X	16250001	16260000	0.0099030399022046	7551	74.777854301547	583	7351.2734922861
GLOBAL	X	16260001	16270000	0.009192185643049	8096	74.419934966125	583	8064.9677419355
GLOBAL	X	16270001	16280000	0.0076667851337042	8704	66.731697803762	523	8685.6746143057
GLOBAL	X	16280001	16290000	0.0087350289932191	8928	77.98633885146	611	8895.8316970547
GLOBAL	X	16290001	16300000	0.0089966127074515	8544	76.867058972466	602	8502.7966339411
GLOBAL	X	16300001	16310000	0.0079948423174201	8701	69.563123003872	545	8650.0378681627
GLOBAL	X	16310001	16320000	0.0084240989575364	8108	68.302594347705	535	8062.4488078541
GLOBAL	X	16320001	16330000	0.0089378152321872	8769	78.37570177105	614	8730.9130434783
GLOBAL	X	16330001	16340000	0.010258757599778	7971	81.77255682783	639	7816.1711079944
GLOBAL	X	16340001	16350000	0.0087695839197581	8032	70.437298043497	551	7919.2384291725
GLOBAL	X	16350001	16360000	0.0085432484231312	7323	62.56220820259	489	6866.8134642356
GLOBAL	X	16360001	16370000	0.010495917304539	6824	71.624139686175	557	6431.1390449438
GLOBAL	X	16370001	16380000	0.0094928470600695	2833	26.893235721177	205	2199.7985915493
GLOBAL	X	16380001	16390000	NA	0	NA	0	NA
GLOBAL	X	16390001	16400000	0.0010605688888784	431	0.45710519110658	2	241.14705882353
GLOBAL	X	16400001	16410000	0	231	0	0	133.97041420118
GLOBAL	X	16410001	16420000	0.0011513101523383	1219	1.4034470757003	7	475.36363636364
GLOBAL	X	16420001	16430000	0.0027735358536614	359	0.99569937146443	4	190.84375
GLOBAL	X	16430001	16440000	0.010231852154947	5550	56.786779459957	442	4944.9688826025
GLOBAL	X	16440001	16450000	0.0083534469125554	5564	46.478578621458	359	4673.5176304654
GLOBAL	X	16450001	16460000	0.0012517717763092	2409	3.0155182091288	15	785.22580645161
GLOBAL	X	16460001	16470000	0	358	0	0	203.42307692308
GLOBAL	X	16470001	16480000	0	9	0	0	8.7777777777778
GLOBAL	X	16480001	16490000	0.0019823715582851	370	0.7334774765655	3	140.39130434783
GLOBAL	X	16490001	16500000	0.0031044415190118	388	1.2045233093766	5	119.39837398374
GLOBAL	X	16500001	16510000	0.0024534450516882	1225	3.0054701883181	13	278.42125984252
GLOBAL	X	16510001	16520000	0.0027820217995028	5604	15.590450164413	95	1760.4334319527
GLOBAL	X	16520001	16530000	0.00942831587359	4783	45.095634823381	344	3579.4135021097
GLOBAL	X	16530001	16540000	0.011295239380196	6048	68.313607771428	531	5786.8490832158
GLOBAL	X	16540001	16550000	0.009787840854775	5250	51.386164487569	389	3651.0366713681
GLOBAL	X	16550001	16560000	0.0083088563945308	4944	41.07898601456	305	3037.2936746988
GLOBAL	X	16560001	16570000	0.012228718445351	3969	48.535783509597	369	2567.5774240232
GLOBAL	X	16570001	16580000	0.0083502693002553	4101	34.244454400347	255	2523.499270073
GLOBAL	X	16580001	16590000	0.0037790233314092	2329	8.801345338852	40	325.8764940239
GLOBAL	X	16590001	16600000	0.0023284060169175	3393	7.9002816154012	40	888.90512820513
GLOBAL	X	16600001	16610000	0.0026666845790834	2744	7.3173824850048	32	554.27708333333
GLOBAL	X	16610001	16620000	0.0020523163096807	4148	8.5130080525557	43	507.88932038835
GLOBAL	X	16620001	16630000	0.0022462058777593	5286	11.873444269836	62	981.40093240093
GLOBAL	X	16630001	16640000	0.0022307599771755	4095	9.1349621065336	48	734.955602537
GLOBAL	X	16640001	16650000	0.017841135162482	3193	56.966744573806	424	2211.3096296296
GLOBAL	X	16650001	16660000	0.0044526348198434	2018	8.9854170664441	49	417.674
GLOBAL	X	16660001	16670000	0.013962248934437	2975	41.537690579951	312	2414.1178396072
GLOBAL	X	16670001	16680000	0.017196797308711	3502	60.223184175105	458	3056.4652241113
GLOBAL	X	16680001	16690000	0.010060537547808	4528	45.554114016476	340	2588.1858006042
GLOBAL	X	16690001	16700000	0.010685649750114	4760	50.863692810541	386	3735.1244695898
GLOBAL	X	16700001	16710000	0.018319978796859	3796	69.542639512877	528	3292.0586419753
GLOBAL	X	16710001	16720000	0.0051947431681856	2432	12.633615385027	92	1117.1426116838
GLOBAL	X	16720001	16730000	0.00072994310184898	1503	1.097104482079	5	282.83095238095
GLOBAL	X	16730001	16740000	0.0088594508066651	4123	36.52751567588	284	3488.7974683544
GLOBAL	X	16740001	16750000	0.0098597228376683	7997	78.848203532833	617	7895.8190743338
GLOBAL	X	16750001	16760000	0.0099039311676672	7754	76.795082274092	600	7575.7573632539
GLOBAL	X	16760001	16770000	0.010191798316976	6588	67.143567312238	520	6094.0252808989
GLOBAL	X	16770001	16780000	0.010197104910561	7758	79.109139896133	618	7623.4656381487
GLOBAL	X	16780001	16790000	0.0084601134630291	8846	74.838163693955	586	8806.5890603086
GLOBAL	X	16790001	16800000	0.0086999490960777	9000	78.299541864699	613	8950.0883590463
GLOBAL	X	16800001	16810000	0.0089924021745333	8348	75.068573353004	588	8305.729312763
GLOBAL	X	16810001	16820000	0.010945727901164	7980	87.346908651289	683	7881.1879382889
GLOBAL	X	16820001	16830000	0.0095255967586072	8072	76.890617035478	602	8033.3576437588
GLOBAL	X	16830001	16840000	0.0086535956392193	8628	74.663223175184	585	8595.2047685834
GLOBAL	X	16840001	16850000	0.010212553659345	7663	78.258798691563	612	7231.9523141655
GLOBAL	X	16850001	16860000	0.011175628411206	6348	70.942889154339	546	5440.2412342216
GLOBAL	X	16860001	16870000	0.010507705009355	7365	77.389247393897	604	7193.2286115007
GLOBAL	X	16870001	16880000	0.0076835891200465	8686	66.739655096724	523	8666.1065918654
GLOBAL	X	16880001	16890000	0.0091527642054036	8941	81.834864760513	641	8901.1402524544
GLOBAL	X	16890001	16900000	0.0081804174764011	7673	62.768343296426	491	7245.1711079944
GLOBAL	X	16900001	16910000	0.0098765065779974	8286	81.836733505287	638	8199.2580645161
GLOBAL	X	16910001	16920000	0.008763550627417	8275	72.518381441876	566	8173.7924263675
GLOBAL	X	16920001	16930000	0.008428297449322	7759	65.395159909289	511	7333.5904628331
GLOBAL	X	16930001	16940000	0.0064399274136172	9156	58.963975399079	462	9124.4417952314
GLOBAL	X	16940001	16950000	0.007591935359876	8674	65.852447311564	516	8653.206171108
GLOBAL	X	16950001	16960000	0.0080513711760953	8633	69.507487363231	544	8590.5960729313
GLOBAL	X	16960001	16970000	0.0077291101731967	8703	67.266445837331	527	8676
GLOBAL	X	16970001	16980000	0.0085434610726724	8714	74.447719787267	581	8627.0995792426
GLOBAL	X	16980001	16990000	0.0092943274714615	8558	79.540854500767	622	8468.8274894811
GLOBAL	X	16990001	17000000	0.010661896262671	8125	86.627907134202	678	8065.1178120617
GLOBAL	X	17000001	17010000	0.0072605520509405	9056	65.751559373317	515	9000.6844319776
GLOBAL	X	17010001	17020000	0.0076494897428054	7685	58.78632867346	460	7590.1220196353
GLOBAL	X	17020001	17030000	0.010417351245776	7315	76.202924362848	595	7113.9116409537
GLOBAL	X	17030001	17040000	0.0095806499688944	7207	69.047744325822	540	7109.762973352
GLOBAL	X	17040001	17050000	0.0096494580524681	8531	82.319526645605	641	8165.5427769986
GLOBAL	X	17050001	17060000	0.011480317604217	7614	87.41113823851	684	7540.6325385694
GLOBAL	X	17060001	17070000	0.0073928773951798	9027	66.735504246288	523	9009.649368864
GLOBAL	X	17070001	17080000	0.0096421820863438	7987	77.012108323628	603	7928.4193548387
GLOBAL	X	17080001	17090000	0.0086688029619735	8606	74.603718290744	584	8541.1725105189
GLOBAL	X	17090001	17100000	0.0093864416394106	8421	79.043225045477	619	8375.0098176718
GLOBAL	X	17100001	17110000	0.0083829456740287	7998	67.046799500882	525	7950.2664796634
GLOBAL	X	17110001	17120000	0.010413563783205	8472	88.223712371314	691	8415.1234221599
GLOBAL	X	17120001	17130000	0.0082691550777921	8627	71.338000856113	559	8603.270687237
GLOBAL	X	17130001	17140000	0.0080734303302765	7826	63.182665764744	495	7618.0981767181
GLOBAL	X	17140001	17150000	0.0084471354501259	8770	74.081377897604	580	8723.7671809257
GLOBAL	X	17150001	17160000	0.0097139162765932	8003	77.740471961576	609	7966.1472650771
GLOBAL	X	17160001	17170000	0.0094674489268588	8271	78.305270074049	613	8194.5666199158
GLOBAL	X	17170001	17180000	0.01006243583575	8255	83.065407824119	650	8179.9312762973
GLOBAL	X	17180001	17190000	0.010254712457817	8381	85.944745108963	673	8334.9368863955
GLOBAL	X	17190001	17200000	0.0098832968329686	7785	76.94146584466	602	7683.0673211781
GLOBAL	X	17200001	17210000	0.0077715365020882	8440	65.591768077625	514	8417.0869565217
GLOBAL	X	17210001	17220000	0.010266432613159	7674	78.784603873382	617	7637.095371669
GLOBAL	X	17220001	17230000	0.0098574513407579	7119	70.175196094856	549	6904.2889200561
GLOBAL	X	17230001	17240000	0.010965525915121	7568	82.987100125634	646	7397.3913043478
GLOBAL	X	17240001	17250000	0.012843551458572	6697	86.013264118056	664	6313.5513361463
GLOBAL	X	17250001	17260000	0.013208520906272	7558	99.830001009605	781	7448.9747545582
GLOBAL	X	17260001	17270000	0.012197566340357	6926	84.480344473312	657	6574.3384831461
GLOBAL	X	17270001	17280000	0.010739900429841	6950	74.642307987394	582	6718.0533707865
GLOBAL	X	17280001	17290000	0.012848393025412	7488	96.208766974282	752	7393.0225035162
GLOBAL	X	17290001	17300000	0.012355053108998	7287	90.031272005269	702	7142.5413744741
GLOBAL	X	17300001	17310000	0.010983733925799	7776	85.40951500701	667	7509.4908835905
GLOBAL	X	17310001	17320000	0.01125232393467	6716	75.570607545246	591	6636.0518934081
GLOBAL	X	17320001	17330000	0.0093176631659635	8458	78.808795057719	617	8379.3043478261
GLOBAL	X	17330001	17340000	0.0098916949765318	8227	81.378974571927	637	8160.4039270687
GLOBAL	X	17340001	17350000	0.010493796382052	8210	86.154068296643	674	8126.7755960729
GLOBAL	X	17350001	17360000	0.0084428821910143	6684	56.43222456474	435	5985.5525946704
GLOBAL	X	17360001	17370000	0.011092753571063	8642	95.863576361126	751	8601.9284712482
GLOBAL	X	17370001	17380000	0.010877957305368	7667	83.40129866026	652	7543.6942496494
GLOBAL	X	17380001	17390000	0.011008587497337	7885	86.802712416498	680	7854.7727910238
GLOBAL	X	17390001	17400000	0.010009777196705	8456	84.642675975337	663	8421.3927068724
GLOBAL	X	17400001	17410000	0.011155362349732	7761	86.576767196272	676	7576.8849929874
GLOBAL	X	17410001	17420000	0.0081451098318642	8979	73.134941180308	572	8941.9887798036
GLOBAL	X	17420001	17430000	0.010501916956375	8507	89.339807547884	700	8480.603085554
GLOBAL	X	17430001	17440000	0.0089864274781879	8131	73.068641825146	572	8076.7643758766
GLOBAL	X	17440001	17450000	0.0089025706751577	8358	74.407685702968	583	8324.1795231417
GLOBAL	X	17450001	17460000	0.0088394725647107	8388	74.145495872793	581	8362.4039270687
GLOBAL	X	17460001	17470000	0.0087403876129994	8108	70.8670627662	555	8071.3057503506
GLOBAL	X	17470001	17480000	0.008978577970626	8501	76.326891328292	598	8448.1178120617
GLOBAL	X	17480001	17490000	0.0092512175445159	7694	71.178867787505	556	7606.2159887798
GLOBAL	X	17490001	17500000	0.010196475820956	8461	86.272381921106	676	8433.8190743338
GLOBAL	X	17500001	17510000	0.0078096786954052	8971	70.06062757648	549	8943.6199158485
GLOBAL	X	17510001	17520000	0.0087316489607465	7927	69.215781311837	542	7864.7840112202
GLOBAL	X	17520001	17530000	0.012025560277586	6403	76.999662457382	598	6036.1542776999
GLOBAL	X	17530001	17540000	0.0099705448935768	8101	80.771384182866	632	8012.3211781206
GLOBAL	X	17540001	17550000	0.0089215680178347	7729	68.954799209844	538	7449.396914446
GLOBAL	X	17550001	17560000	0.0084942946398919	8338	70.825428707419	555	8313.7279102384
GLOBAL	X	17560001	17570000	0.0093366681259982	6997	65.32866687761	511	6570.2342215989
GLOBAL	X	17570001	17580000	0.012875688297553	6952	89.51178504459	699	6702.8948106592
GLOBAL	X	17580001	17590000	0.012256114055493	7457	91.393842511811	715	7362.2300140252
GLOBAL	X	17590001	17600000	0.012081442945846	6101	73.708883412606	574	5539.5329593268
GLOBAL	X	17600001	17610000	0.010066369747714	6817	68.622442570164	535	6612.7615708275
GLOBAL	X	17610001	17620000	0.0092652852208842	8155	75.55840097631	592	8106.1949509116
GLOBAL	X	17620001	17630000	0.0089782474124194	8258	74.142367131759	580	8177.9677419355
GLOBAL	X	17630001	17640000	0.010926438129718	8087	88.362105155027	692	8027.4165497896
GLOBAL	X	17640001	17650000	0.012282664048889	8143	100.0177333501	781	7913.858345021
GLOBAL	X	17650001	17660000	0.011504944441815	7896	90.843041312574	706	7390.0028050491
GLOBAL	X	17660001	17670000	0.010987832332357	6658	73.156987668835	566	6079.1983122363
GLOBAL	X	17670001	17680000	0.010076983846883	7776	78.358626393365	613	7668.2162921348
GLOBAL	X	17680001	17690000	0.010709291635109	5962	63.848796728522	494	5452.8778089888
GLOBAL	X	17690001	17700000	0.0099996690890695	7161	71.607630346826	558	6938.0112201964
GLOBAL	X	17700001	17710000	0.010215828539073	6782	69.283749151994	542	6596.1697054698
GLOBAL	X	17710001	17720000	0.0095404527900663	5385	51.375338274507	401	4863.8050490884
GLOBAL	X	17720001	17730000	0.010460249428641	7971	83.378648195696	653	7933.3548387097
GLOBAL	X	17730001	17740000	0.009461667899974	5644	53.401653627453	415	4649.7907303371
GLOBAL	X	17740001	17750000	0.0087049075013547	3857	33.574828232725	259	3215.3417721519
GLOBAL	X	17750001	17760000	0.0088958957075978	2752	24.481504987309	183	2008.2598870056
GLOBAL	X	17760001	17770000	0.0099630977276149	4853	48.350913272115	368	4289.2025316456
GLOBAL	X	17770001	17780000	0.010217147215092	7323	74.820169056121	582	6991.3398876404
GLOBAL	X	17780001	17790000	0.012031280846978	7149	86.011626775047	670	6896.7755960729
GLOBAL	X	17790001	17800000	0.0086939481485656	9029	78.497657833399	615	8994.5455820477
GLOBAL	X	17800001	17810000	0.010602183578222	8211	87.054529360779	682	8171.9088359046
GLOBAL	X	17810001	17820000	0.0095092538249554	7979	75.874336269319	594	7888.2566619916
GLOBAL	X	17820001	17830000	0.0086667693735579	8524	73.875542140207	578	8403.3688639551
GLOBAL	X	17830001	17840000	0.0083081280089572	7436	61.779239874606	482	7236.6858345021
GLOBAL	X	17840001	17850000	0.0072120095649909	3291	23.734723478385	172	1680.8821879383
GLOBAL	X	17850001	17860000	0.0039067298007926	2736	10.688812734969	56	679.21974522293
GLOBAL	X	17860001	17870000	0.0021916352095844	3781	8.2865727274384	43	711.23884514436
GLOBAL	X	17870001	17880000	0.0032643585063642	3247	10.599372070165	49	446.73913043478
GLOBAL	X	17880001	17890000	0.003567809750596	4181	14.917012567242	75	1015.3052837573
GLOBAL	X	17890001	17900000	0.0057237420115239	3912	22.391278749081	167	2509.6785206259
GLOBAL	X	17900001	17910000	0.008692991517502	6163	53.574906722365	410	5390.8942172073
GLOBAL	X	17910001	17920000	0.0092750719388359	6978	64.721451989197	505	6613.1739130435
GLOBAL	X	17920001	17930000	0.010062607948971	7501	75.479622225234	590	7146.3941093969
GLOBAL	X	17930001	17940000	0.0096436145792471	8351	80.533825351293	631	8316.8934081346
GLOBAL	X	17940001	17950000	0.0094618889136865	8349	78.997310540369	619	8324.4824684432
GLOBAL	X	17950001	17960000	0.010691795050436	8035	85.908573230251	673	7991.2903225806
GLOBAL	X	17960001	17970000	0.010544305357911	8244	86.927253370615	681	8211.935483871
GLOBAL	X	17970001	17980000	0.0090316893631648	8414	75.992634301669	595	8362.8807854137
GLOBAL	X	17980001	17990000	0.009964156798084	8020	79.912537520634	624	7917
GLOBAL	X	17990001	18000000	0.010298127734412	8214	84.58882121046	662	7835.5091164095
GLOBAL	X	18000001	18010000	0.011785281404567	8523	100.44595341113	787	8487.8765778401
GLOBAL	X	18010001	18020000	0.01086179803732	7648	83.071031389421	650	7570.9032258065
GLOBAL	X	18020001	18030000	0.010719956067041	8029	86.070527262275	673	7766.9270687237
GLOBAL	X	18030001	18040000	0.008565286269175	7608	65.164697935884	509	7286.9144460028
GLOBAL	X	18040001	18050000	0.0080314811894848	9135	73.367580665943	575	9118.523141655
GLOBAL	X	18050001	18060000	0.0091425192316061	8227	75.215505718424	589	8167.5357643759
GLOBAL	X	18060001	18070000	0.0088825025162685	8881	78.88550484698	618	8849.3786816269
GLOBAL	X	18070001	18080000	0.0077662163492801	9042	70.222128230191	549	8968.2510518934
GLOBAL	X	18080001	18090000	0.0093927971419027	8722	81.923976671675	642	8701.461430575
GLOBAL	X	18090001	18100000	0.0091304530710761	8697	79.407550359149	622	8654.8723702665
GLOBAL	X	18100001	18110000	0.0095391639920379	8978	85.642614320517	671	8941.1626928471
GLOBAL	X	18110001	18120000	0.0088489155110738	8557	75.720170028259	593	8508.3744740533
GLOBAL	X	18120001	18130000	0.0086633769071218	8224	71.24761168417	558	8163.7517531557
GLOBAL	X	18130001	18140000	0.010500623428882	7228	75.898506143956	585	6409.6858345021
GLOBAL	X	18140001	18150000	0.0099840946860922	8063	80.501755453962	629	7888.8765778401
GLOBAL	X	18150001	18160000	0.0086638004213764	9045	78.364074811349	614	9015.5708274895
GLOBAL	X	18160001	18170000	0.010744794829189	7523	80.833091499989	633	7460.2776998597
GLOBAL	X	18170001	18180000	0.0081754234111588	8435	68.959696473124	539	8230.7124824684
GLOBAL	X	18180001	18190000	0.0065176321288211	8400	54.748109882097	429	8374.2159887798
GLOBAL	X	18190001	18200000	0.0088271884499514	9208	81.280751247152	637	9187.0757363254
GLOBAL	X	18200001	18210000	0.0081421227121682	8917	72.603308224404	569	8898.0294530154
GLOBAL	X	18210001	18220000	0.010254447401477	7956	81.584383526151	639	7906.3281907433
GLOBAL	X	18220001	18230000	0.0075090753562067	8754	65.734445668234	515	8725.5890603086
GLOBAL	X	18230001	18240000	0.0095460202163127	8115	77.465954055377	607	8088.1725105189
GLOBAL	X	18240001	18250000	0.010897876452111	7981	86.975951964297	681	7946.4740532959
GLOBAL	X	18250001	18260000	0.0073863151822832	9124	67.392739723152	528	9088.3029453015
GLOBAL	X	18260001	18270000	0.009764657251658	8486	82.86288143757	648	8400.3281907433
GLOBAL	X	18270001	18280000	0.0080431873696896	8731	70.22506892476	550	8690.8050490884
GLOBAL	X	18280001	18290000	0.0083420777477444	8504	70.941029166818	555	8453.3352033661
GLOBAL	X	18290001	18300000	0.0070271605770824	8705	61.171432823502	479	8673.6900420757
GLOBAL	X	18300001	18310000	0.0088052159048279	8528	75.090881236372	588	8492.9172510519
GLOBAL	X	18310001	18320000	0.0071935596173216	8943	64.332003657707	504	8904.7980364656
GLOBAL	X	18320001	18330000	0.0083631250630939	8783	73.453327429154	575	8748.4628330996
GLOBAL	X	18330001	18340000	0.010884005481091	8003	87.104695865173	682	7948.3155680224
GLOBAL	X	18340001	18350000	0.0084778929293008	9047	76.699497331385	601	9017.7769985975
GLOBAL	X	18350001	18360000	0.0094239483522067	8642	81.44176165977	638	8424.6423562412
GLOBAL	X	18360001	18370000	0.0058665765536795	8891	52.159732138765	408	8817.8779803647
GLOBAL	X	18370001	18380000	0.0086857274163641	8954	77.772003286125	609	8898.7671809257
GLOBAL	X	18380001	18390000	0.0089771058540895	8315	74.644635176755	584	8253.095371669
GLOBAL	X	18390001	18400000	0.0089457909903412	8774	78.490370149254	615	8744.8723702665
GLOBAL	X	18400001	18410000	0.010697822247361	8242	88.171450962746	689	8161.9481065919
GLOBAL	X	18410001	18420000	0.0093218875904193	8783	81.874138706653	641	8734.7068723703
GLOBAL	X	18420001	18430000	0.0085534418169489	8104	69.317092484554	542	7964.5021037868
GLOBAL	X	18430001	18440000	0.0090949220669297	8495	77.261362958568	605	8432.5049088359
GLOBAL	X	18440001	18450000	0.0071450610224953	8123	58.03933068573	451	7379.4950911641
GLOBAL	X	18450001	18460000	0.0092070499421588	8349	76.869659967084	601	8287.1711079944
GLOBAL	X	18460001	18470000	0.0083493057622496	7905	66.001262050583	517	7868.8849929874
GLOBAL	X	18470001	18480000	0.0088325004538749	8456	74.687623837966	585	8412.9214586255
GLOBAL	X	18480001	18490000	0.0098936319746268	8197	81.098101296016	635	8135.4796633941
GLOBAL	X	18490001	18500000	0.0084866847941759	8677	73.638963959065	576	8622.5988779804
GLOBAL	X	18500001	18510000	0.0087629403067844	8614	75.483967802641	591	8569.9326788219
GLOBAL	X	18510001	18520000	0.0082436942168498	7776	64.102966230224	502	7734.4810659187
GLOBAL	X	18520001	18530000	0.0087584391628212	8480	74.271564100723	582	8455.0028050491
GLOBAL	X	18530001	18540000	0.0072615532203622	8509	61.788556352062	484	8474.6942496494
GLOBAL	X	18540001	18550000	0.010280742265412	8138	83.664680555923	655	8078.9060308555
GLOBAL	X	18550001	18560000	0.0082497625632976	8727	71.995677889898	564	8687.8962131837
GLOBAL	X	18560001	18570000	0.0057859561451262	6362	36.810252995293	281	4131.6942496494
GLOBAL	X	18570001	18580000	0.0048193644432226	6944	33.465666693738	256	4196.9144460028
GLOBAL	X	18580001	18590000	0.0098886864797808	7663	75.77700449456	591	7575.9621318373
GLOBAL	X	18590001	18600000	0.0099386570493216	8375	83.236252788069	650	8295.0168302945
GLOBAL	X	18600001	18610000	0.0083452148906787	8672	72.369703531965	567	8630.4417952314
GLOBAL	X	18610001	18620000	0.0099446900431445	8312	82.660263638617	646	8235.8920056101
GLOBAL	X	18620001	18630000	0.0090337069306421	8342	75.359183215416	590	8271.1192145863
GLOBAL	X	18630001	18640000	0.0078188883884988	8927	69.799216644128	547	8906.1079943899
GLOBAL	X	18640001	18650000	0.0066363372366323	9192	61.001211879124	478	9167.904628331
GLOBAL	X	18650001	18660000	0.0090455838109545	8472	76.634186046406	600	8410.1037868163
GLOBAL	X	18660001	18670000	0.0082535028571628	8341	68.842467331595	539	8291.4642356241
GLOBAL	X	18670001	18680000	0.0068834193202969	9305	64.050216775363	502	9290.1220196353
GLOBAL	X	18680001	18690000	0.0066354968844361	9423	62.526287142042	490	9398.7335203366
GLOBAL	X	18690001	18700000	0.0076803553361653	8511	65.367504266103	512	8470.5483870968
GLOBAL	X	18700001	18710000	0.0082064934194317	8319	68.269818756253	535	8296.5343618513
GLOBAL	X	18710001	18720000	0.0075172185856085	8622	64.813458645117	507	8542.1963534362
GLOBAL	X	18720001	18730000	0.0073715697163503	8440	62.216048405996	487	8385.3422159888
GLOBAL	X	18730001	18740000	0.007681161648163	8474	65.090163806533	510	8456.0196353436
GLOBAL	X	18740001	18750000	0.008813356772242	8835	77.866007082758	610	8807.7727910238
GLOBAL	X	18750001	18760000	0.0076434415859651	8867	67.774396542752	531	8834.8709677419
GLOBAL	X	18760001	18770000	0.0078878965102101	8412	66.352985443887	520	8394.7798036466
GLOBAL	X	18770001	18780000	0.008119944104221	9209	74.776565255771	586	9190.9761570828
GLOBAL	X	18780001	18790000	0.008807335836523	8852	77.962536824902	611	8833.698457223
GLOBAL	X	18790001	18800000	0.0085596726351972	8589	73.519028263709	576	8558.0378681627
GLOBAL	X	18800001	18810000	0.0089980347744596	8613	77.500073512421	607	8560.9144460028
GLOBAL	X	18810001	18820000	0.0071900742310447	8272	59.476294039202	466	8241.270687237
GLOBAL	X	18820001	18830000	0.0064787733276178	8981	58.185863255335	456	8961.6437587658
GLOBAL	X	18830001	18840000	0.0099296165101776	8604	85.434420453568	666	8480.7471910112
GLOBAL	X	18840001	18850000	0.0083242070094396	8331	69.348968595642	543	8271.3043478261
GLOBAL	X	18850001	18860000	0.0077817324423681	8587	66.821736482615	523	8538.126227209
GLOBAL	X	18860001	18870000	0.0065715689321111	8681	57.047789899657	447	8653.3352033661
GLOBAL	X	18870001	18880000	0.0090110290479228	7136	64.302703285977	502	6969.858345021
GLOBAL	X	18880001	18890000	0.0088946934052221	8528	75.853945359734	594	8464.9284712482
GLOBAL	X	18890001	18900000	0.0081815719896204	8770	71.752386348971	562	8697.4235624123
GLOBAL	X	18900001	18910000	0.0084491136942694	8164	68.978564200016	540	8107.1234221599
GLOBAL	X	18910001	18920000	0.0084661147406708	7878	66.696051927005	521	7733.1500701262
GLOBAL	X	18920001	18930000	0.007199610302738	8898	64.062132473763	502	8872.4263674614
GLOBAL	X	18930001	18940000	0.0088094764406999	8014	70.599144195769	553	7973.3295932679
GLOBAL	X	18940001	18950000	0.0081190030951213	8106	65.812639089053	515	8024.8723702665
GLOBAL	X	18950001	18960000	0.0081832543243038	8661	70.875165702795	555	8616.3408134642
GLOBAL	X	18960001	18970000	0.0086537542096793	8015	69.35983999058	542	7924.7194950912
GLOBAL	X	18970001	18980000	0.0076512576274486	8439	64.568963118039	506	8422.6241234222
GLOBAL	X	18980001	18990000	0.0071358252214635	8548	60.99703399307	478	8525.9214586255
GLOBAL	X	18990001	19000000	0.0072878698710046	7802	56.859960733578	443	7748.6100981767
GLOBAL	X	19000001	19010000	0.0082396552433768	8410	69.295500596799	543	8387.6100981767
GLOBAL	X	19010001	19020000	0.0084903398850849	8142	69.128347344361	541	8083.3408134642
GLOBAL	X	19020001	19030000	0.0065749431441888	8780	57.728000805978	452	8724.2805049088
GLOBAL	X	19030001	19040000	0.0079963479509573	8613	68.872544901595	539	8536.0350631136
GLOBAL	X	19040001	19050000	0.0070552579102083	8454	59.645150372901	467	8397.5946704067
GLOBAL	X	19050001	19060000	0.0079643401683183	8494	67.649105389695	530	8465.9424964937
GLOBAL	X	19060001	19070000	0.008182710935356	9016	73.77532179317	578	8986.0042075736
GLOBAL	X	19070001	19080000	0.0088627555824278	9015	79.897741575587	626	8981.7223001403
GLOBAL	X	19080001	19090000	0.0071354961355127	8818	62.920804922951	493	8790.6858345021
GLOBAL	X	19090001	19100000	0.0079698935828753	8264	65.863200568881	514	8171.3576437588
GLOBAL	X	19100001	19110000	0.0082616233342012	8621	71.223454764149	558	8590.5596072931
GLOBAL	X	19110001	19120000	0.005889951525512	9035	53.215712033001	417	9015.8232819074
GLOBAL	X	19120001	19130000	0.0064571516241362	8596	55.505675361075	435	8574.476858345
GLOBAL	X	19130001	19140000	0.0077966629694861	8850	69.000467279952	540	8770.1150070126
GLOBAL	X	19140001	19150000	0.0086123760984993	8625	74.281743849557	582	8592.3548387097
GLOBAL	X	19150001	19160000	0.0089698198068158	7900	70.861576473845	555	7861.2692847125
GLOBAL	X	19160001	19170000	0.0067378631983428	9254	62.352186037465	488	9176.350631136
GLOBAL	X	19170001	19180000	0.0077122836414842	8969	69.171471980472	542	8947.7279102384
GLOBAL	X	19180001	19190000	0.0086761524066797	9051	78.527855432858	615	9008.064516129
GLOBAL	X	19190001	19200000	0.0076097902840554	8906	67.772792269797	531	8874.9298737728
GLOBAL	X	19200001	19210000	0.011599119726994	7351	85.265129113132	666	7178.6199158485
GLOBAL	X	19210001	19220000	0.011127498024283	6557	72.963004545226	560	5858.1997146933
GLOBAL	X	19220001	19230000	0.015703726156617	5197	81.612264835937	620	4135.0322580645
GLOBAL	X	19230001	19240000	0.012912910510697	6522	84.218002350764	655	6180.2328190743
GLOBAL	X	19240001	19250000	0.012668304878001	7090	89.818281585026	701	6902.4446002805
GLOBAL	X	19250001	19260000	0.010414069592087	7702	80.209163998257	628	7640.0631136045
GLOBAL	X	19260001	19270000	0.013245346781598	7420	98.280473119455	768	7266.9733520337
GLOBAL	X	19270001	19280000	0.012595426632591	6877	86.618748952327	676	6721.935483871
GLOBAL	X	19280001	19290000	0.0053430208622592	4179	22.328484183381	165	1893.4237037037
GLOBAL	X	19290001	19300000	0.013011616856703	5223	67.959674842559	522	4375.8505079826
GLOBAL	X	19300001	19310000	0.0089738256764567	4791	42.993598815904	301	2644.3211267606
GLOBAL	X	19310001	19320000	0.0099060982012224	5127	50.788565477667	384	3772.4048295455
GLOBAL	X	19320001	19330000	0.0095282967107416	5916	56.369403340748	437	5196.6549295775
GLOBAL	X	19330001	19340000	0.0094789535559966	6129	58.096506344703	453	5734.1179775281
GLOBAL	X	19340001	19350000	0.008957830619463	5339	47.825857677313	363	4364.2879213483
GLOBAL	X	19350001	19360000	0.0093625107898924	5645	52.851373408942	408	4883.935302391
GLOBAL	X	19360001	19370000	0.010840973484924	6174	66.932170295921	502	4644.7799717913
GLOBAL	X	19370001	19380000	0.011542760095736	5852	67.548232080249	513	5026.7932011331
GLOBAL	X	19380001	19390000	0.010364887591098	5647	58.53052022693	430	3527.1086036671
GLOBAL	X	19390001	19400000	0.011849646917783	6013	71.251926916629	548	5294.25
GLOBAL	X	19400001	19410000	0.014296555131492	4142	59.216331354639	453	3557.4985632184
GLOBAL	X	19410001	19420000	0.011230812159071	5601	62.903778902956	472	4285.8700564972
GLOBAL	X	19420001	19430000	0.012495045870477	5233	65.386575040208	496	4184.5806451613
GLOBAL	X	19430001	19440000	0.010365784323107	7739	80.220804876528	628	7670.0056100982
GLOBAL	X	19440001	19450000	0.0089535430472481	8032	71.914857755497	562	7918.858345021
GLOBAL	X	19450001	19460000	0.0094108177446514	8297	78.081554827373	609	8065.3899018233
GLOBAL	X	19460001	19470000	0.010244691798778	7036	72.081651496199	563	6875.3155680224
GLOBAL	X	19470001	19480000	0.010033853723315	7509	75.34420760837	589	7381.3870967742
GLOBAL	X	19480001	19490000	0.0094474966908019	7621	71.999372280601	559	7346.2440392707
GLOBAL	X	19490001	19500000	0.0080404083243007	7751	62.321204921655	488	7645.4165497896
GLOBAL	X	19500001	19510000	0.0066735796079589	5166	34.475712254716	268	4469.8443197756
GLOBAL	X	19510001	19520000	0.007922228199677	6012	47.628435936458	369	5558.1949509116
GLOBAL	X	19520001	19530000	0.0095015208700707	6813	64.733861687791	500	6183.2482468443
GLOBAL	X	19530001	19540000	0.011538984218165	6823	78.730489320542	614	6597.8990182328
GLOBAL	X	19540001	19550000	0.010177836684861	7131	72.578153399745	567	6981.8483146067
GLOBAL	X	19550001	19560000	0.011425730229976	7247	82.80226697664	646	7053.9228611501
GLOBAL	X	19560001	19570000	0.0086753369615293	6937	60.180812502129	469	6081.7433380084
GLOBAL	X	19570001	19580000	0.01088265818554	6684	72.73968731215	569	6470.0238429173
GLOBAL	X	19580001	19590000	0.009803111387404	7009	68.710007714315	530	6596.9817671809
GLOBAL	X	19590001	19600000	0.011147603638651	6660	74.243040233415	579	6449.744740533
GLOBAL	X	19600001	19610000	0.010543634132133	8254	87.027156126624	681	8185.5525946704
GLOBAL	X	19610001	19620000	0.0087673688644555	8737	76.600501768748	600	8689.8962131837
GLOBAL	X	19620001	19630000	0.013025609953772	6019	78.401146311756	600	5139.3646563815
GLOBAL	X	19630001	19640000	0.0093259954974954	7153	66.708845793585	503	5577.7279102384
GLOBAL	X	19640001	19650000	0.0091940934070795	7996	73.515970883008	574	7903.8499298738
GLOBAL	X	19650001	19660000	0.011142733181395	7953	88.618156991635	694	7918.7882187938
GLOBAL	X	19660001	19670000	0.010153452152143	7542	76.57733613146	599	7453.6297335203
GLOBAL	X	19670001	19680000	0.0084556940094137	8634	73.006462077278	572	8606.4838709677
GLOBAL	X	19680001	19690000	0.0078136925761102	8691	67.908802178974	532	8660.1683029453
GLOBAL	X	19690001	19700000	0.0082651566355408	8596	71.047286439109	556	8540.3464235624
GLOBAL	X	19700001	19710000	0.0089534044691745	8329	74.572905823754	583	8237.0238429172
GLOBAL	X	19710001	19720000	0.007226791734872	8936	64.578610942816	506	8908.476858345
GLOBAL	X	19720001	19730000	0.0092227280988234	7087	65.361474036362	509	6877.0771388499
GLOBAL	X	19730001	19740000	0.0084524060509854	8352	70.59449533783	553	8315.5175315568
GLOBAL	X	19740001	19750000	0.0085876719772658	7968	68.426570314854	536	7928.4151472651
GLOBAL	X	19750001	19760000	0.0083391966304263	8692	72.484297111665	568	8670.7012622721
GLOBAL	X	19760001	19770000	0.0077873251268173	8540	66.50375658302	521	8508.8555399719
GLOBAL	X	19770001	19780000	0.0085573381854732	8863	75.843688337849	594	8817.2973352034
GLOBAL	X	19780001	19790000	0.0088532799942919	8098	71.693861393776	561	7688.1823281907
GLOBAL	X	19790001	19800000	0.009025328827133	8444	76.209876616311	595	8349.1626928471
GLOBAL	X	19800001	19810000	0.0094746137543523	8240	78.070817335863	609	8103.2173913043
GLOBAL	X	19810001	19820000	0.0087615003265475	8336	73.0358667221	572	8296.3520336606
GLOBAL	X	19820001	19830000	0.0091302305890555	8740	79.798215348345	625	8696.5750350631
GLOBAL	X	19830001	19840000	0.0088007867459578	8489	74.709878686436	585	8440.2286115007
GLOBAL	X	19840001	19850000	0.01026475222899	8031	82.43622515102	645	7959.2664796634
GLOBAL	X	19850001	19860000	0.010439170262994	8325	86.906092439424	679	8186.3436185133
GLOBAL	X	19860001	19870000	0.010985169813542	7171	78.774652732907	610	6681.8707865169
GLOBAL	X	19870001	19880000	0.0079272146885564	5205	41.261152453936	318	3706.4053295933
GLOBAL	X	19880001	19890000	0.0096738609022487	8092	78.280882420996	613	8048.1178120617
GLOBAL	X	19890001	19900000	0.0091208693733672	8548	77.965191403543	611	8526.9032258065
GLOBAL	X	19900001	19910000	0.0096312297678586	8596	82.790051084512	648	8553.7096774194
GLOBAL	X	19910001	19920000	0.010452506682967	8205	85.762817333746	672	8177.9270687237
GLOBAL	X	19920001	19930000	0.01124423837173	8245	92.708745374915	725	8191.6732117812
GLOBAL	X	19930001	19940000	0.0096781949856936	7085	68.570011473639	537	7010.9677419355
GLOBAL	X	19940001	19950000	0.0096731330710429	8601	83.19861754404	652	8578.6002805049
GLOBAL	X	19950001	19960000	0.011111575511157	8256	91.737167420109	718	8176.7489481066
GLOBAL	X	19960001	19970000	0.010085932517107	8594	86.678504052016	679	8551.3856942496
GLOBAL	X	19970001	19980000	0.0092076140012035	8416	77.491279434129	607	8386.8036465638
GLOBAL	X	19980001	19990000	0.008590926097673	8794	75.548604102936	592	8767.2538569425
GLOBAL	X	19990001	20000000	0.0093074638913401	8109	75.474224694877	591	8054.126227209
GLOBAL	X	20000001	20010000	0.01016151948061	8324	84.584488156599	662	8224.6100981767
GLOBAL	X	20010001	20020000	0.0076541343545131	8535	65.328036715769	510	7681.8877980365
GLOBAL	X	20020001	20030000	0.0082070069412689	8029	65.894058731448	516	7965.126227209
GLOBAL	X	20030001	20040000	0.0092978595510968	7969	74.094642762691	579	7867.5007012623
GLOBAL	X	20040001	20050000	0.0091746054319961	8465	77.663034981847	608	8412.7223001403
GLOBAL	X	20050001	20060000	0.010978654364348	7671	84.217257628915	658	7553.7208976157
GLOBAL	X	20060001	20070000	0.012422563177258	8087	100.46126841448	786	8011.6746143058
GLOBAL	X	20070001	20080000	0.01164835679367	8102	94.374986742317	739	8048.492286115
GLOBAL	X	20080001	20090000	0.0092394881340297	8701	80.392786254192	630	8679.2454417952
GLOBAL	X	20090001	20100000	0.0066275952467541	8857	58.700611100501	460	8834.1178120617
GLOBAL	X	20100001	20110000	0.0094095780694184	8112	76.330497299122	598	8080.1051893408
GLOBAL	X	20110001	20120000	0.011185836522567	8047	90.012426497094	705	8007.4081346424
GLOBAL	X	20120001	20130000	0.0094002368942944	7615	71.582803950052	560	7533.3899018233
GLOBAL	X	20130001	20140000	0.01005049021176	8091	81.318516303349	637	8048.8345021038
GLOBAL	X	20140001	20150000	0.01022166020257	7521	76.877106383527	602	7461.8976157083
GLOBAL	X	20150001	20160000	0.0091402051398277	5494	50.216287038213	391	4836.9985974755
GLOBAL	X	20160001	20170000	0.010354486335951	7080	73.309763258535	572	6903.0939691445
GLOBAL	X	20170001	20180000	0.010388165873498	8210	85.286841821419	668	8159
GLOBAL	X	20180001	20190000	0.0098749511408828	8259	81.557221472551	639	8226.8345021038
GLOBAL	X	20190001	20200000	0.0093966964476526	7621	71.612223627561	558	7344.3450210379
GLOBAL	X	20200001	20210000	0.010760662262539	7655	82.372869619738	645	7592.8723702665
GLOBAL	X	20210001	20220000	0.0095104661228406	8290	78.841764158349	617	8192.3366058906
GLOBAL	X	20220001	20230000	0.0091955487654971	8381	77.067894203632	603	8294.0014025245
GLOBAL	X	20230001	20240000	0.0067495504869145	8894	60.030502030617	470	8846.8471248247
GLOBAL	X	20240001	20250000	0.0087471544995623	8856	77.464800248124	607	8822.6942496494
GLOBAL	X	20250001	20260000	0.0093825025099978	8532	80.051511415302	627	8486.6227208976
GLOBAL	X	20260001	20270000	0.0093063071677585	8353	77.735583772287	609	8323.9677419355
GLOBAL	X	20270001	20280000	0.010721666068921	7694	82.492498734279	644	7513.4081346424
GLOBAL	X	20280001	20290000	0.0065994291137044	5563	36.712624159537	284	3550.7461430575
GLOBAL	X	20290001	20300000	0.008397255773819	8877	74.542439504191	583	8821.5427769986
GLOBAL	X	20300001	20310000	0.0089961497885893	8220	73.948351262204	578	8063.0827489481
GLOBAL	X	20310001	20320000	0.0086280892017344	8772	75.685598477614	593	8740.2510518934
GLOBAL	X	20320001	20330000	0.0094968004759696	7898	75.005730159208	587	7829.0925666199
GLOBAL	X	20330001	20340000	0.010461453151909	8551	89.455885901973	699	8309.1837307153
GLOBAL	X	20340001	20350000	0.011093361957533	7604	84.353924325081	661	7583.0897615708
GLOBAL	X	20350001	20360000	0.0098938538713218	8115	80.288624165776	629	8080.7349228611
GLOBAL	X	20360001	20370000	0.010238143954116	7780	79.65275996302	623	7725.6507713885
GLOBAL	X	20370001	20380000	0.0095795279121297	8256	79.088582442543	619	8208.1795231417
GLOBAL	X	20380001	20390000	0.009376508442645	8119	76.127872045835	595	8032.1009817672
GLOBAL	X	20390001	20400000	0.0098092803972045	7293	71.539081936812	555	6845.6479663394
GLOBAL	X	20400001	20410000	0.010671326583396	7130	76.086558539616	594	6932.523141655
GLOBAL	X	20410001	20420000	0.0040199164376379	2183	8.7754775833636	59	855.39325842697
GLOBAL	X	20420001	20430000	0.0015398454789127	631	0.97164249719394	5	155.23913043478
GLOBAL	X	20430001	20440000	0.0013846795459011	1100	1.5231475004912	8	167.73921568627
GLOBAL	X	20440001	20450000	0.0019331405750908	3601	6.9612392109019	33	716.14646464646
GLOBAL	X	20450001	20460000	0.0075293890979825	4159	31.314729258509	229	1264.3622974963
GLOBAL	X	20460001	20470000	0.013509039240694	6513	87.98437257464	684	6217.7363253857
GLOBAL	X	20470001	20480000	0.01161590587108	7668	89.070766219442	694	7426.2720897616
GLOBAL	X	20480001	20490000	0.013261783979733	7699	102.10247485996	799	7609.538569425
GLOBAL	X	20490001	20500000	0.011801215585581	7807	92.132090076629	721	7698.9733520337
GLOBAL	X	20500001	20510000	0.011178803066646	6927	77.435568842656	603	6576.5652173913
GLOBAL	X	20510001	20520000	0.011283484274475	8026	90.561244786933	705	7905.4081346424
GLOBAL	X	20520001	20530000	0.011816290556181	7623	90.075582909766	702	7336.2889200561
GLOBAL	X	20530001	20540000	0.014123628147181	6996	98.808902517681	771	6802.6957746479
GLOBAL	X	20540001	20550000	0.011187189088956	7289	81.543421269403	635	6971.2366197183
GLOBAL	X	20550001	20560000	0.0078790800342653	4860	38.292328966529	284	3157.1898550725
GLOBAL	X	20560001	20570000	0.012466006352956	6066	75.618794537032	585	5264.935483871
GLOBAL	X	20570001	20580000	0.012914019855754	5766	74.462238488279	575	5158.7864214993
GLOBAL	X	20580001	20590000	0.013530411474592	7082	95.822374063061	746	6805.3056338028
GLOBAL	X	20590001	20600000	0.01410457415621	7089	99.987326193374	779	6812.6290550071
GLOBAL	X	20600001	20610000	0.014853823263765	6931	102.95184904116	804	6778.0182328191
GLOBAL	X	20610001	20620000	0.014418025069646	7759	111.86945651539	875	7681.7952314165
GLOBAL	X	20620001	20630000	0.011054968817745	8722	96.421438028373	755	8681.8849929874
GLOBAL	X	20630001	20640000	0.011190772558043	8271	92.558879827574	725	8213.9453015428
GLOBAL	X	20640001	20650000	0.010667771862002	8164	87.091689481387	682	8110.7110799439
GLOBAL	X	20650001	20660000	0.011430271493972	7196	82.252233670623	644	7138.8260869565
GLOBAL	X	20660001	20670000	0.0088616479829951	8617	76.360820669469	598	8571.3113604488
GLOBAL	X	20670001	20680000	0.01026816176719	8689	89.220057595116	699	8660.2482468443
GLOBAL	X	20680001	20690000	0.010293071738514	8383	86.286820383963	676	8343.8948106592
GLOBAL	X	20690001	20700000	0.0096435829805148	8629	83.214477538862	652	8600.4558204769
GLOBAL	X	20700001	20710000	0.0094415910453154	8653	81.698087315114	640	8621.5329593268
GLOBAL	X	20710001	20720000	0.008256804871442	8686	71.718607113346	562	8661.8723702665
GLOBAL	X	20720001	20730000	0.0093733050073368	8456	79.26066714204	621	8424.2033660589
GLOBAL	X	20730001	20740000	0.010208925533214	8654	88.348041564436	692	8614.9410939691
GLOBAL	X	20740001	20750000	0.01041702581539	7555	78.700630035268	614	7053.8569424965
GLOBAL	X	20750001	20760000	0.0094421840212677	7916	74.744328712355	582	7623.175315568
GLOBAL	X	20760001	20770000	0.011208706721983	7018	78.662703774874	614	6863.6783707865
GLOBAL	X	20770001	20780000	0.011386208898114	6887	78.41682068131	613	6783.4782608696
GLOBAL	X	20780001	20790000	0.013065766710495	6661	87.031072058609	681	6589.3127629734
GLOBAL	X	20790001	20800000	0.011168572156776	6158	68.776067341429	536	5960.9705469846
GLOBAL	X	20800001	20810000	0.010982824124928	7618	83.667154183705	655	7555.8513323983
GLOBAL	X	20810001	20820000	0.012850395032822	6334	81.394402137898	628	5626.8714689266
GLOBAL	X	20820001	20830000	0.013477147207882	5478	73.827812404779	568	4869.7652050919
GLOBAL	X	20830001	20840000	0.012002675128004	6557	78.701540814324	614	6142.9116409537
GLOBAL	X	20840001	20850000	0.0098546573038006	8189	80.699788660823	632	8129.7363253857
GLOBAL	X	20850001	20860000	0.010864667233263	6929	75.281279259281	588	6743.96914446
GLOBAL	X	20860001	20870000	0.012021953595	7346	88.313271108872	687	7011.1009817672
GLOBAL	X	20870001	20880000	0.015741889900995	5432	85.509945942205	665	5190.2148876404
GLOBAL	X	20880001	20890000	0.013068713056502	7271	95.022612633826	742	7114.1963534362
GLOBAL	X	20890001	20900000	0.012953508908981	7176	92.954379930849	726	7082.8681626928
GLOBAL	X	20900001	20910000	0.01114662207737	6501	72.46419012498	554	5464.5652173913
GLOBAL	X	20910001	20920000	0.011910809473217	7906	94.166859695256	736	7769.0757363254
GLOBAL	X	20920001	20930000	0.012748791406814	7365	93.894848711186	734	7252.0014025245
GLOBAL	X	20930001	20940000	0.012161987137752	6427	78.16509133433	610	6266.0098176718
GLOBAL	X	20940001	20950000	0.012375489811806	7585	93.868090222551	734	7441.3211781206
GLOBAL	X	20950001	20960000	0.012561142317056	6719	84.398315228301	658	6444.3828892006
GLOBAL	X	20960001	20970000	0.012531443529681	6052	75.840296241628	587	5571.1486676017
GLOBAL	X	20970001	20980000	0.012808044911684	7446	95.3687024124	743	7250.0527817404
GLOBAL	X	20980001	20990000	0.012893068762487	7299	94.106508897389	729	6905.1628895184
GLOBAL	X	20990001	21000000	0.013573630067601	4865	66.035710278879	510	4290.2429775281
GLOBAL	X	21000001	21010000	0.01104330014636	5648	62.372559226642	479	4125.3764044944
GLOBAL	X	21010001	21020000	0.014092166913797	4663	65.711774319034	509	4051.6332863188
GLOBAL	X	21020001	21030000	0.012777373562652	4316	55.147144296406	424	3427.3735955056
GLOBAL	X	21030001	21040000	0.010911930240084	7078	77.234642239318	603	6959.1192145863
GLOBAL	X	21040001	21050000	0.012005682345396	7216	86.633003804376	660	6279.276056338
GLOBAL	X	21050001	21060000	0.012556666433246	7915	99.386014819141	777	7759.7307152875
GLOBAL	X	21060001	21070000	0.012696308944175	7550	95.85713252852	748	7314.8176718093
GLOBAL	X	21070001	21080000	0.0096289700062297	7012	67.518337683683	522	6050.8120617111
GLOBAL	X	21080001	21090000	0.011180386428969	7761	86.770979075229	677	7662.3099579243
GLOBAL	X	21090001	21100000	0.013352685606847	3877	51.768362097747	404	3677.1926863572
GLOBAL	X	21100001	21110000	0.013620887560583	6541	89.094225533775	696	6420.1354019746
GLOBAL	X	21110001	21120000	0.01236260326085	6698	82.804716641173	646	6538.6886395512
GLOBAL	X	21120001	21130000	0.012324305389379	6618	81.562253066911	638	6542.3828892006
GLOBAL	X	21130001	21140000	0.010947268864942	8170	89.43918662658	698	7903.683988764
GLOBAL	X	21140001	21150000	0.011938322389526	7810	93.238297862196	730	7738.8022440393
GLOBAL	X	21150001	21160000	0.014019624178946	7501	105.16120096627	823	7429.6025280899
GLOBAL	X	21160001	21170000	0.014963962826925	7044	105.40615415286	823	6888.331920904
GLOBAL	X	21170001	21180000	0.015129186173544	7756	117.341967962	915	7493.5873239437
GLOBAL	X	21180001	21190000	0.014393087985509	6608	95.109525408243	736	6012.738028169
GLOBAL	X	21190001	21200000	0.01464134594326	6727	98.492334160312	767	6471.9830028329
GLOBAL	X	21200001	21210000	0.014303467275457	7509	107.40473577141	839	7305.5890603086
GLOBAL	X	21210001	21220000	0.012491109176581	7198	89.91100385303	697	6667.7478873239
GLOBAL	X	21220001	21230000	0.012634797272211	7374	93.168995085282	729	6960.3398876404
GLOBAL	X	21230001	21240000	0.012079543400482	6741	81.428202062651	634	6119.6530898876
GLOBAL	X	21240001	21250000	0.010638705591818	6612	70.343121373097	545	5657.6058906031
GLOBAL	X	21250001	21260000	0.0077445217619434	8273	64.070428536558	497	7407.6213183731
GLOBAL	X	21260001	21270000	0.011219525023023	7810	87.624490429813	683	7243.190743338
GLOBAL	X	21270001	21280000	0.01209043329913	7788	94.160294533622	735	7478.2921348315
GLOBAL	X	21280001	21290000	0.013476005278901	7575	102.08073998767	797	7352.9789621318
GLOBAL	X	21290001	21300000	0.012641448138739	6644	83.989781433779	654	6405.4249649369
GLOBAL	X	21300001	21310000	0.013763830874312	6153	84.688851369639	654	5633.3876404494
GLOBAL	X	21310001	21320000	0.014366004251927	7259	104.28282486474	812	6898.4297752809
GLOBAL	X	21320001	21330000	0.01446835572235	7505	108.58500969623	847	7294.110799439
GLOBAL	X	21330001	21340000	0.013521058610465	7296	98.649643621952	771	7189.667601683
GLOBAL	X	21340001	21350000	0.013473625180824	7669	103.32923151174	808	7560.4852734923
GLOBAL	X	21350001	21360000	0.016305630589048	6873	112.06859903853	875	6683.6577840112
GLOBAL	X	21360001	21370000	0.015493249579955	5906	91.503132019215	714	5767.6928471248
GLOBAL	X	21370001	21380000	0.013349816293826	7006	93.528812954543	732	6618.1697054698
GLOBAL	X	21380001	21390000	0.016935840534208	6073	102.85135956425	802	5889.7194950912
GLOBAL	X	21390001	21400000	0.015143983443489	7506	113.67073972683	889	7400.538569425
GLOBAL	X	21400001	21410000	0.014297392179331	5039	72.044559191648	554	4441.8148667602
GLOBAL	X	21410001	21420000	0.010118558069725	5720	57.878152158824	413	2926.8555078684
GLOBAL	X	21420001	21430000	0.0071407678335057	4448	31.762135323434	229	2194.0113154173
GLOBAL	X	21430001	21440000	0.0018787556904988	4473	8.403674203601	47	992.57808219178
GLOBAL	X	21440001	21450000	0.001764169036022	2643	4.6626987622063	25	600.82425742574
GLOBAL	X	21450001	21460000	0.0082457262885294	4977	41.038979738011	288	2523.1728045326
GLOBAL	X	21460001	21470000	0.013496337298067	6950	93.799544221565	726	6081.6177715092
GLOBAL	X	21470001	21480000	0.014480266590722	7060	102.23068213049	797	6759.1040787623
GLOBAL	X	21480001	21490000	0.012900953053097	7766	100.18880141035	783	7682.8171589311
GLOBAL	X	21490001	21500000	0.011865791371357	7944	94.261846654058	738	7886.4500703235
GLOBAL	X	21500001	21510000	0.010205375164434	7846	80.071373540151	627	7800.7524613221
GLOBAL	X	21510001	21520000	0.010701142869593	7000	74.908000087149	586	6569.3577464789
GLOBAL	X	21520001	21530000	0.010534874844938	6926	72.964543176038	570	6724.0196353436
GLOBAL	X	21530001	21540000	0.012046862440901	7216	86.930159373543	678	6908.3450210379
GLOBAL	X	21540001	21550000	0.014251738175919	6981	99.491384206092	775	6757.0127118644
GLOBAL	X	21550001	21560000	0.012909668133286	7451	96.189937261114	750	6775.0098730606
GLOBAL	X	21560001	21570000	0.012781533206617	7336	93.765327603745	727	6766.6957746479
GLOBAL	X	21570001	21580000	0.013890313444257	6927	96.21820122837	750	6732.56718529
GLOBAL	X	21580001	21590000	0.012050406926714	3049	36.741690719552	275	1994.9346590909
GLOBAL	X	21590001	21600000	0.0050427765967502	1078	5.4361131712968	36	320.02675585284
GLOBAL	X	21600001	21610000	0.010362493430346	3993	41.377436267371	311	2483.1341107872
GLOBAL	X	21610001	21620000	0.01364229533657	4255	58.047966657104	445	3217.8359264498
GLOBAL	X	21620001	21630000	0.014997090949692	6833	102.47512245925	797	6506.6685472496
GLOBAL	X	21630001	21640000	0.014675013580782	7436	109.12340098669	853	7325.2961918195
GLOBAL	X	21640001	21650000	0.013462076695896	6047	81.405177780082	634	5449.0196905767
GLOBAL	X	21650001	21660000	0.013721016533717	7173	98.42085159635	768	7076.841068917
GLOBAL	X	21660001	21670000	0.013097814000154	7831	102.5689814352	802	7705.8874824191
GLOBAL	X	21670001	21680000	0.012905466802756	8194	105.74739498178	827	8116.8019662921
GLOBAL	X	21680001	21690000	0.013223959931157	7287	96.362996018339	754	7202.8945147679
GLOBAL	X	21690001	21700000	0.013484521462922	7313	98.61230545835	772	7262.5935302391
GLOBAL	X	21700001	21710000	0.011900426841511	7814	92.989935339566	727	7723.5259467041
GLOBAL	X	21710001	21720000	0.011428680836791	6959	79.532189943231	622	6871.8255977496
GLOBAL	X	21720001	21730000	0.011936805478355	6860	81.886485581515	635	6513.8
GLOBAL	X	21730001	21740000	0.013030172429337	7240	94.338448388403	734	6864.382559775
GLOBAL	X	21740001	21750000	0.011620742529268	7038	81.786785920991	638	6807.4633802817
GLOBAL	X	21750001	21760000	0.012024769906496	7301	87.792845087326	683	6850.5112676056
GLOBAL	X	21760001	21770000	0.011530888481988	6740	77.718188368597	606	6430.3853727145
GLOBAL	X	21770001	21780000	0.013567680578671	6395	86.765317300602	672	5982.7657142857
GLOBAL	X	21780001	21790000	0.014965392135402	6333	94.7758283935	738	6072.2943661972
GLOBAL	X	21790001	21800000	0.013276748658234	5686	75.49159287072	587	5140.4480337079
GLOBAL	X	21800001	21810000	0.010979820922204	4958	54.437952132287	415	3806.5889830508
GLOBAL	X	21810001	21820000	0.0096067962459077	5699	54.749131805428	425	4954.6929577465
GLOBAL	X	21820001	21830000	0.010794050952965	7407	79.951535408612	622	7136.1377840909
GLOBAL	X	21830001	21840000	0.010025702619393	7428	74.470919056854	582	7299.1845070423
GLOBAL	X	21840001	21850000	0.011152617211807	7464	83.243134868931	651	7388.14427157
GLOBAL	X	21850001	21860000	0.012244247667008	7587	92.897107049586	726	7459.6943661972
GLOBAL	X	21860001	21870000	0.011599275353316	5242	60.803401402083	473	4489.538028169
GLOBAL	X	21870001	21880000	0.0060006211386517	3007	18.043867763926	132	1136.4378531073
GLOBAL	X	21880001	21890000	0.011522321260335	3694	42.563454735677	316	2305.9014084507
GLOBAL	X	21890001	21900000	0.01642359261485	6487	106.53984529253	825	6040.2704225352
GLOBAL	X	21900001	21910000	0.013583992826649	6422	87.236401932741	670	5116.623943662
GLOBAL	X	21910001	21920000	0.013068189034146	5468	71.456857638709	550	4649.6005625879
GLOBAL	X	21920001	21930000	0.016515051729007	6501	107.36435129028	837	6286.4112676056
GLOBAL	X	21930001	21940000	0.016579309467015	5653	93.722836417035	728	5279.0857946554
GLOBAL	X	21940001	21950000	0.013960087128116	7408	103.41632544508	809	7332.6483825598
GLOBAL	X	21950001	21960000	0.010336218410022	5476	56.601132013279	431	3564.0350631136
GLOBAL	X	21960001	21970000	0.010623228225725	5141	54.614016308454	407	3654.6319327731
GLOBAL	X	21970001	21980000	0.0082915347253252	7165	59.408846306955	439	4044.2733711048
GLOBAL	X	21980001	21990000	0.012105739488442	5794	70.140654596031	534	3981.5988700565
GLOBAL	X	21990001	22000000	0.0089330042118982	5620	50.203483670868	374	3412.9315866084
GLOBAL	X	22000001	22010000	0.014047208955237	6210	87.233167612025	678	5887.2078651685
GLOBAL	X	22010001	22020000	0.014416933081759	7153	103.12432233382	805	6942.2658227848
GLOBAL	X	22020001	22030000	0.013127557297067	6765	88.80792511466	692	6362.0928270042
GLOBAL	X	22030001	22040000	0.011710238787032	3492	40.892153844317	304	2768.7886297376
GLOBAL	X	22040001	22050000	0.011658242682821	5487	63.968777600637	485	4568.9971870605
GLOBAL	X	22050001	22060000	0.010424875761488	6077	63.351970002562	490	4785.0632022472
GLOBAL	X	22060001	22070000	0.013718512670287	5978	82.009268742974	638	5698.0759493671
GLOBAL	X	22070001	22080000	0.0087944527170531	2196	19.312618166649	141	1097.4971346705
GLOBAL	X	22080001	22090000	0.0075257501513878	1492	11.228419225871	67	382.35179153094
GLOBAL	X	22090001	22100000	0.0066084883764816	1072	7.0842995395883	49	254.94675540765
GLOBAL	X	22100001	22110000	0.0061286464355699	2687	16.467672972376	116	881.91079136691
GLOBAL	X	22110001	22120000	0.0030312549031636	699	2.1188471773114	14	283.40669856459
GLOBAL	X	22120001	22130000	0.0052849337347459	1070	5.6548790961781	30	280.70171149144
GLOBAL	X	22130001	22140000	0.0055318524290218	1509	8.3475653153939	56	512.38852459016
GLOBAL	X	22140001	22150000	0.0090038424432765	1467	13.208636864287	96	700.57061340941
GLOBAL	X	22150001	22160000	0.011046696400375	2248	24.832973508043	179	1150.8330955777
GLOBAL	X	22160001	22170000	0.0069506910706347	2527	17.564396335494	113	1034.2339514979
GLOBAL	X	22170001	22180000	0.0061894116865078	2154	13.331992772738	96	760.69925925926
GLOBAL	X	22180001	22190000	0.0046947176810414	1203	5.6477453702928	42	377.08501440922
GLOBAL	X	22190001	22200000	0.0056048022380407	1288	7.2189852825964	45	430.62208067941
GLOBAL	X	22200001	22210000	0.010343756038964	1676	17.336135121303	113	442.70090634441
GLOBAL	X	22210001	22220000	0.0064386044955465	572	3.6828817714526	26	136.85123966942
GLOBAL	MtDNA	1	10000	0.026218829814864	8626	226.16362598301	1772	8615.1486676017
GLOBAL	MtDNA	10001	20000	0.02537526914553	3375	85.641533366165	671	3349.8190743338
