AF16	0.000010	0.999990	LD_0.9_2_1230
BRC20069	0.000010	0.999990	LD_0.9_2_1230
BRC20073	0.000010	0.999990	LD_0.9_2_1230
BRC20075	0.386903	0.613097	LD_0.9_2_1230
BRC20077	0.000010	0.999990	LD_0.9_2_1230
BRC20081	0.000010	0.999990	LD_0.9_2_1230
BRC20085	0.000010	0.999990	LD_0.9_2_1230
BRC20088	0.000010	0.999990	LD_0.9_2_1230
BRC20089	0.000010	0.999990	LD_0.9_2_1230
BRC20090	0.000010	0.999990	LD_0.9_2_1230
BRC20092	0.000010	0.999990	LD_0.9_2_1230
BRC20093	0.000010	0.999990	LD_0.9_2_1230
BRC20094	0.000010	0.999990	LD_0.9_2_1230
BRC20095	0.000010	0.999990	LD_0.9_2_1230
BRC20096	0.000010	0.999990	LD_0.9_2_1230
BRC20098	0.000010	0.999990	LD_0.9_2_1230
BRC20099	0.000010	0.999990	LD_0.9_2_1230
BRC20100	0.000010	0.999990	LD_0.9_2_1230
BRC20102	0.000010	0.999990	LD_0.9_2_1230
BRC20103	0.000010	0.999990	LD_0.9_2_1230
BRC20105	0.000010	0.999990	LD_0.9_2_1230
BRC20107	0.000010	0.999990	LD_0.9_2_1230
BRC20115	0.380152	0.619848	LD_0.9_2_1230
BRC20119	0.000010	0.999990	LD_0.9_2_1230
BRC20228	0.000010	0.999990	LD_0.9_2_1230
BRC20229	0.382253	0.617747	LD_0.9_2_1230
BRC20230	0.000010	0.999990	LD_0.9_2_1230
BRC20232	0.385481	0.614519	LD_0.9_2_1230
BRC20238	0.000010	0.999990	LD_0.9_2_1230
BRC20239	0.386953	0.613047	LD_0.9_2_1230
BRC20241	0.000010	0.999990	LD_0.9_2_1230
BRC20242	0.000010	0.999990	LD_0.9_2_1230
BRC20244	0.000010	0.999990	LD_0.9_2_1230
BRC20246	0.000010	0.999990	LD_0.9_2_1230
BRC20257	0.000010	0.999990	LD_0.9_2_1230
BRC20260	0.000010	0.999990	LD_0.9_2_1230
BRC20270	0.000010	0.999990	LD_0.9_2_1230
BRC20272	0.000010	0.999990	LD_0.9_2_1230
BRC20289	0.000010	0.999990	LD_0.9_2_1230
BRC20290	0.000010	0.999990	LD_0.9_2_1230
BRC20294	0.000010	0.999990	LD_0.9_2_1230
BRC20308	0.000010	0.999990	LD_0.9_2_1230
BRC20309	0.000010	0.999990	LD_0.9_2_1230
BRC20311	0.000010	0.999990	LD_0.9_2_1230
BRC20312	0.000010	0.999990	LD_0.9_2_1230
BRC20315	0.000010	0.999990	LD_0.9_2_1230
BRC20320	0.000010	0.999990	LD_0.9_2_1230
BRC20324	0.243080	0.756920	LD_0.9_2_1230
BRC20331	0.000010	0.999990	LD_0.9_2_1230
BRC20333	0.000010	0.999990	LD_0.9_2_1230
BRC20334	0.000010	0.999990	LD_0.9_2_1230
BRC20339	0.000010	0.999990	LD_0.9_2_1230
BRC20341	0.000010	0.999990	LD_0.9_2_1230
BRC20343	0.380306	0.619694	LD_0.9_2_1230
BRC20346	0.000010	0.999990	LD_0.9_2_1230
BRC20347	0.385394	0.614606	LD_0.9_2_1230
BRC20348	0.000010	0.999990	LD_0.9_2_1230
BRC20353	0.000010	0.999990	LD_0.9_2_1230
BRC20360	0.000010	0.999990	LD_0.9_2_1230
BRC20361	0.000010	0.999990	LD_0.9_2_1230
BRC20362	0.000010	0.999990	LD_0.9_2_1230
BRC20366	0.000010	0.999990	LD_0.9_2_1230
BRC20367	0.000010	0.999990	LD_0.9_2_1230
BRC20369	0.000010	0.999990	LD_0.9_2_1230
BRC20370	0.000010	0.999990	LD_0.9_2_1230
BRC20388	0.394777	0.605223	LD_0.9_2_1230
BRC20390	0.000010	0.999990	LD_0.9_2_1230
BRC20401	0.000010	0.999990	LD_0.9_2_1230
BRC20463	0.000010	0.999990	LD_0.9_2_1230
BRC20492	0.375880	0.624120	LD_0.9_2_1230
BRC20499	0.000010	0.999990	LD_0.9_2_1230
BRC20501	0.000010	0.999990	LD_0.9_2_1230
BRC20502	0.384633	0.615367	LD_0.9_2_1230
BRC20503	0.384186	0.615814	LD_0.9_2_1230
BRC20519	0.376936	0.623064	LD_0.9_2_1230
BRC20520	0.375909	0.624091	LD_0.9_2_1230
BRC20522	0.379945	0.620055	LD_0.9_2_1230
BRC20524	0.381008	0.618992	LD_0.9_2_1230
BRC20529	0.000010	0.999990	LD_0.9_2_1230
BRC20530	0.385700	0.614300	LD_0.9_2_1230
BRC20531	0.385905	0.614095	LD_0.9_2_1230
BRC20532	0.000010	0.999990	LD_0.9_2_1230
BRC20533	0.000010	0.999990	LD_0.9_2_1230
BRC20534	0.000010	0.999990	LD_0.9_2_1230
BRC20535	0.000010	0.999990	LD_0.9_2_1230
BRC20536	0.000010	0.999990	LD_0.9_2_1230
BRC20537	0.000010	0.999990	LD_0.9_2_1230
BRC20541	0.373794	0.626206	LD_0.9_2_1230
BRC20543	0.000010	0.999990	LD_0.9_2_1230
BRC20544	0.000010	0.999990	LD_0.9_2_1230
BRC20545	0.000010	0.999990	LD_0.9_2_1230
BRC20556	0.000010	0.999990	LD_0.9_2_1230
BRC20557	0.000010	0.999990	LD_0.9_2_1230
BRC20565	0.000010	0.999990	LD_0.9_2_1230
BRC20571	0.000010	0.999990	LD_0.9_2_1230
BRC20574	0.000010	0.999990	LD_0.9_2_1230
BW287	0.399396	0.600604	LD_0.9_2_1230
DF5100	0.000010	0.999990	LD_0.9_2_1230
ECA1129	0.000010	0.999990	LD_0.9_2_1230
ECA1143	0.000010	0.999990	LD_0.9_2_1230
ECA1147	0.000010	0.999990	LD_0.9_2_1230
ECA1149	0.000010	0.999990	LD_0.9_2_1230
ECA1160	0.000010	0.999990	LD_0.9_2_1230
ECA1164	0.000010	0.999990	LD_0.9_2_1230
ECA1170	0.000010	0.999990	LD_0.9_2_1230
ECA1174	0.000010	0.999990	LD_0.9_2_1230
ECA1383	0.000010	0.999990	LD_0.9_2_1230
ECA1411	0.000010	0.999990	LD_0.9_2_1230
ECA1423	0.000010	0.999990	LD_0.9_2_1230
ECA1429	0.000010	0.999990	LD_0.9_2_1230
ECA1431	0.000010	0.999990	LD_0.9_2_1230
ECA1437	0.000010	0.999990	LD_0.9_2_1230
ECA1439	0.000010	0.999990	LD_0.9_2_1230
ECA1443	0.000010	0.999990	LD_0.9_2_1230
ECA1471	0.000010	0.999990	LD_0.9_2_1230
ECA1489	0.000010	0.999990	LD_0.9_2_1230
ECA1507	0.000010	0.999990	LD_0.9_2_1230
ECA1509	0.000010	0.999990	LD_0.9_2_1230
ECA1517	0.000010	0.999990	LD_0.9_2_1230
ECA1521	0.000010	0.999990	LD_0.9_2_1230
ECA1555	0.000010	0.999990	LD_0.9_2_1230
ECA1559	0.000010	0.999990	LD_0.9_2_1230
ECA1563	0.000010	0.999990	LD_0.9_2_1230
ECA1571	0.000010	0.999990	LD_0.9_2_1230
ECA1587	0.000010	0.999990	LD_0.9_2_1230
ECA1605	0.000010	0.999990	LD_0.9_2_1230
ECA1609	0.000010	0.999990	LD_0.9_2_1230
ECA161	0.000010	0.999990	LD_0.9_2_1230
ECA1611	0.000010	0.999990	LD_0.9_2_1230
ECA1615	0.000010	0.999990	LD_0.9_2_1230
ECA162	0.000010	0.999990	LD_0.9_2_1230
ECA1621	0.000010	0.999990	LD_0.9_2_1230
ECA163	0.439019	0.560981	LD_0.9_2_1230
ECA1637	0.000010	0.999990	LD_0.9_2_1230
ECA1657	0.000010	0.999990	LD_0.9_2_1230
ECA1701	0.000010	0.999990	LD_0.9_2_1230
ECA175	0.000010	0.999990	LD_0.9_2_1230
ECA176	0.000010	0.999990	LD_0.9_2_1230
ECA177	0.000010	0.999990	LD_0.9_2_1230
ECA180	0.000010	0.999990	LD_0.9_2_1230
ECA182	0.000010	0.999990	LD_0.9_2_1230
ECA183	0.000010	0.999990	LD_0.9_2_1230
ECA185	0.000010	0.999990	LD_0.9_2_1230
ECA186	0.000010	0.999990	LD_0.9_2_1230
ECA2083	0.000010	0.999990	LD_0.9_2_1230
ECA2093	0.000010	0.999990	LD_0.9_2_1230
ECA2115	0.000010	0.999990	LD_0.9_2_1230
ECA2299	0.000010	0.999990	LD_0.9_2_1230
ECA2373	0.000010	0.999990	LD_0.9_2_1230
ECA2385	0.000010	0.999990	LD_0.9_2_1230
ECA2425	0.000010	0.999990	LD_0.9_2_1230
ECA2617	0.999990	0.000010	LD_0.9_2_1230
ECA2618	0.999990	0.000010	LD_0.9_2_1230
ECA2621	0.999990	0.000010	LD_0.9_2_1230
ECA2623	0.000010	0.999990	LD_0.9_2_1230
ECA2625	0.000010	0.999990	LD_0.9_2_1230
ECA2626	0.000010	0.999990	LD_0.9_2_1230
ECA2636	0.000010	0.999990	LD_0.9_2_1230
ECA2637	0.000010	0.999990	LD_0.9_2_1230
ECA2639	0.999990	0.000010	LD_0.9_2_1230
ECA2645	0.000010	0.999990	LD_0.9_2_1230
ECA2647	0.999990	0.000010	LD_0.9_2_1230
ECA2663	0.000010	0.999990	LD_0.9_2_1230
ECA2664	0.000010	0.999990	LD_0.9_2_1230
ECA2666	0.999990	0.000010	LD_0.9_2_1230
ECA2667	0.000010	0.999990	LD_0.9_2_1230
ECA2670	0.999990	0.000010	LD_0.9_2_1230
ECA276	0.437310	0.562690	LD_0.9_2_1230
ECA278	0.396158	0.603842	LD_0.9_2_1230
ECA2808	0.000010	0.999990	LD_0.9_2_1230
ECA287	0.000010	0.999990	LD_0.9_2_1230
ECA288	0.000010	0.999990	LD_0.9_2_1230
ECA2883	0.000010	0.999990	LD_0.9_2_1230
ECA2890	0.000010	0.999990	LD_0.9_2_1230
ECA2894	0.000010	0.999990	LD_0.9_2_1230
ECA2936	0.000010	0.999990	LD_0.9_2_1230
ECA2975	0.000010	0.999990	LD_0.9_2_1230
ECA3091	0.000010	0.999990	LD_0.9_2_1230
ECA343	0.000010	0.999990	LD_0.9_2_1230
ECA346	0.000010	0.999990	LD_0.9_2_1230
ECA3502	0.000010	0.999990	LD_0.9_2_1230
ECA3503	0.000010	0.999990	LD_0.9_2_1230
ECA3509	0.000010	0.999990	LD_0.9_2_1230
ECA3708	0.000010	0.999990	LD_0.9_2_1230
ECA371	0.000010	0.999990	LD_0.9_2_1230
ECA3712	0.000010	0.999990	LD_0.9_2_1230
ECA3713	0.000010	0.999990	LD_0.9_2_1230
ECA3899	0.000010	0.999990	LD_0.9_2_1230
ECA4382	0.000010	0.999990	LD_0.9_2_1230
ECA4390	0.000010	0.999990	LD_0.9_2_1230
ECA4394	0.000010	0.999990	LD_0.9_2_1230
ECA4402	0.000010	0.999990	LD_0.9_2_1230
ECA569	0.395736	0.604264	LD_0.9_2_1230
ED3032	0.000010	0.999990	LD_0.9_2_1230
ED3037	0.000010	0.999990	LD_0.9_2_1230
ED3088	0.000010	0.999990	LD_0.9_2_1230
ED3102	0.453229	0.546771	LD_0.9_2_1230
EG4360	0.401343	0.598657	LD_0.9_2_1230
EG5612	0.000010	0.999990	LD_0.9_2_1230
EG5613	0.000010	0.999990	LD_0.9_2_1230
EG6179	0.000010	0.999990	LD_0.9_2_1230
EG6260	0.000010	0.999990	LD_0.9_2_1230
EG6261	0.000010	0.999990	LD_0.9_2_1230
EG6265	0.000010	0.999990	LD_0.9_2_1230
EG6267	0.000010	0.999990	LD_0.9_2_1230
EG6271	0.000010	0.999990	LD_0.9_2_1230
EG6272	0.000010	0.999990	LD_0.9_2_1230
EG6274	0.000010	0.999990	LD_0.9_2_1230
EG6275	0.000010	0.999990	LD_0.9_2_1230
EG6276	0.000010	0.999990	LD_0.9_2_1230
EG6329	0.000010	0.999990	LD_0.9_2_1230
GUN124	0.392409	0.607591	LD_0.9_2_1230
GXW22	0.000010	0.999990	LD_0.9_2_1230
GXW23	0.000010	0.999990	LD_0.9_2_1230
HK104	0.398269	0.601731	LD_0.9_2_1230
HPT11	0.442091	0.557909	LD_0.9_2_1230
HPT16	0.000010	0.999990	LD_0.9_2_1230
HPT18	0.435869	0.564131	LD_0.9_2_1230
HPT19	0.000010	0.999990	LD_0.9_2_1230
HPT2	0.000010	0.999990	LD_0.9_2_1230
HPT21	0.000010	0.999990	LD_0.9_2_1230
HPT24	0.440259	0.559741	LD_0.9_2_1230
HPT34	0.000010	0.999990	LD_0.9_2_1230
HPT37	0.000010	0.999990	LD_0.9_2_1230
HPT4	0.000010	0.999990	LD_0.9_2_1230
HPT42	0.000010	0.999990	LD_0.9_2_1230
HPT52	0.000010	0.999990	LD_0.9_2_1230
HPT53	0.000010	0.999990	LD_0.9_2_1230
HPT54	0.000010	0.999990	LD_0.9_2_1230
HPT55	0.000010	0.999990	LD_0.9_2_1230
HPT59	0.000010	0.999990	LD_0.9_2_1230
HPT60	0.000010	0.999990	LD_0.9_2_1230
HPT62	0.000010	0.999990	LD_0.9_2_1230
HPT63	0.000010	0.999990	LD_0.9_2_1230
HPT7	0.000010	0.999990	LD_0.9_2_1230
HPT8	0.000010	0.999990	LD_0.9_2_1230
HPT9	0.000010	0.999990	LD_0.9_2_1230
JU1085	0.401308	0.598692	LD_0.9_2_1230
JU1337	0.000010	0.999990	LD_0.9_2_1230
JU1338	0.000010	0.999990	LD_0.9_2_1230
JU1341	0.999990	0.000010	LD_0.9_2_1230
JU1346	0.000010	0.999990	LD_0.9_2_1230
JU1347	0.000010	0.999990	LD_0.9_2_1230
JU1348	0.999990	0.000010	LD_0.9_2_1230
JU1375	0.000010	0.999990	LD_0.9_2_1230
JU1377	0.000010	0.999990	LD_0.9_2_1230
JU1378	0.000010	0.999990	LD_0.9_2_1230
JU1392	0.000010	0.999990	LD_0.9_2_1230
JU1399	0.000010	0.999990	LD_0.9_2_1230
JU1424	0.000010	0.999990	LD_0.9_2_1230
JU1435	0.000010	0.999990	LD_0.9_2_1230
JU1564	0.393280	0.606720	LD_0.9_2_1230
JU1637	0.000010	0.999990	LD_0.9_2_1230
JU1638	0.000010	0.999990	LD_0.9_2_1230
JU1794	0.000010	0.999990	LD_0.9_2_1230
JU1795	0.000010	0.999990	LD_0.9_2_1230
JU1799	0.000010	0.999990	LD_0.9_2_1230
JU1802	0.000010	0.999990	LD_0.9_2_1230
JU1814	0.000010	0.999990	LD_0.9_2_1230
JU1884	0.000010	0.999990	LD_0.9_2_1230
JU1885	0.000010	0.999990	LD_0.9_2_1230
JU1907	0.000010	0.999990	LD_0.9_2_1230
JU1908	0.000010	0.999990	LD_0.9_2_1230
JU1909	0.000010	0.999990	LD_0.9_2_1230
JU1913	0.000010	0.999990	LD_0.9_2_1230
JU2053	0.000010	0.999990	LD_0.9_2_1230
JU2054	0.000010	0.999990	LD_0.9_2_1230
JU2056	0.000010	0.999990	LD_0.9_2_1230
JU2057	0.000010	0.999990	LD_0.9_2_1230
JU2160	0.000010	0.999990	LD_0.9_2_1230
JU2162	0.000010	0.999990	LD_0.9_2_1230
JU2214	0.000010	0.999990	LD_0.9_2_1230
JU2216	0.000010	0.999990	LD_0.9_2_1230
JU2457	0.178843	0.821157	LD_0.9_2_1230
JU2470	0.001903	0.998097	LD_0.9_2_1230
JU2472	0.000010	0.999990	LD_0.9_2_1230
JU2507	0.000010	0.999990	LD_0.9_2_1230
JU2518	0.000010	0.999990	LD_0.9_2_1230
JU2536	0.395951	0.604049	LD_0.9_2_1230
JU2618	0.000010	0.999990	LD_0.9_2_1230
JU2799	0.000010	0.999990	LD_0.9_2_1230
JU2836	0.000010	0.999990	LD_0.9_2_1230
JU2849	0.000010	0.999990	LD_0.9_2_1230
JU2861	0.000010	0.999990	LD_0.9_2_1230
JU2868	0.000010	0.999990	LD_0.9_2_1230
JU2872	0.397123	0.602877	LD_0.9_2_1230
JU2910	0.000010	0.999990	LD_0.9_2_1230
JU3168	0.469285	0.530715	LD_0.9_2_1230
JU3171	0.000010	0.999990	LD_0.9_2_1230
JU3199	0.999990	0.000010	LD_0.9_2_1230
JU3200	0.999990	0.000010	LD_0.9_2_1230
JU3201	0.999990	0.000010	LD_0.9_2_1230
JU3202	0.999990	0.000010	LD_0.9_2_1230
JU3203	0.999990	0.000010	LD_0.9_2_1230
JU3206	0.999990	0.000010	LD_0.9_2_1230
JU3207	0.000010	0.999990	LD_0.9_2_1230
JU3237	0.000010	0.999990	LD_0.9_2_1230
JU3281	0.000010	0.999990	LD_0.9_2_1230
JU3319	0.000010	0.999990	LD_0.9_2_1230
JU3321	0.000010	0.999990	LD_0.9_2_1230
JU3326	0.407905	0.592095	LD_0.9_2_1230
JU3327	0.000010	0.999990	LD_0.9_2_1230
JU3416	0.409220	0.590780	LD_0.9_2_1230
JU4042	0.000010	0.999990	LD_0.9_2_1230
JU4051	0.000010	0.999990	LD_0.9_2_1230
JU4058	0.003374	0.996626	LD_0.9_2_1230
JU4060	0.000010	0.999990	LD_0.9_2_1230
JU4062	0.000010	0.999990	LD_0.9_2_1230
JU4064	0.000010	0.999990	LD_0.9_2_1230
JU4080	0.000010	0.999990	LD_0.9_2_1230
JU4084	0.000010	0.999990	LD_0.9_2_1230
JU4097	0.000010	0.999990	LD_0.9_2_1230
JU725	0.000010	0.999990	LD_0.9_2_1230
MY2716	0.000010	0.999990	LD_0.9_2_1230
MY539	0.000010	0.999990	LD_0.9_2_1230
NIC1050	0.000010	0.999990	LD_0.9_2_1230
NIC1052	0.000010	0.999990	LD_0.9_2_1230
NIC1054	0.000010	0.999990	LD_0.9_2_1230
NIC1055	0.000010	0.999990	LD_0.9_2_1230
NIC1057	0.000010	0.999990	LD_0.9_2_1230
NIC1058	0.000010	0.999990	LD_0.9_2_1230
NIC1059	0.000010	0.999990	LD_0.9_2_1230
NIC1060	0.000010	0.999990	LD_0.9_2_1230
NIC1062	0.000010	0.999990	LD_0.9_2_1230
NIC1069	0.000010	0.999990	LD_0.9_2_1230
NIC1103	0.000010	0.999990	LD_0.9_2_1230
NIC1104	0.000010	0.999990	LD_0.9_2_1230
NIC1106	0.000010	0.999990	LD_0.9_2_1230
NIC1117	0.000010	0.999990	LD_0.9_2_1230
NIC1123	0.000010	0.999990	LD_0.9_2_1230
NIC1124	0.000010	0.999990	LD_0.9_2_1230
NIC1135	0.000010	0.999990	LD_0.9_2_1230
NIC1138	0.000010	0.999990	LD_0.9_2_1230
NIC1141	0.000010	0.999990	LD_0.9_2_1230
NIC115	0.000010	0.999990	LD_0.9_2_1230
NIC117	0.000010	0.999990	LD_0.9_2_1230
NIC1183	0.000010	0.999990	LD_0.9_2_1230
NIC119	0.000010	0.999990	LD_0.9_2_1230
NIC1190	0.000010	0.999990	LD_0.9_2_1230
NIC1202	0.000010	0.999990	LD_0.9_2_1230
NIC1204	0.000010	0.999990	LD_0.9_2_1230
NIC1205	0.000010	0.999990	LD_0.9_2_1230
NIC1218	0.000010	0.999990	LD_0.9_2_1230
NIC1220	0.000010	0.999990	LD_0.9_2_1230
NIC1221	0.000010	0.999990	LD_0.9_2_1230
NIC123	0.000010	0.999990	LD_0.9_2_1230
NIC1267	0.000010	0.999990	LD_0.9_2_1230
NIC1283	0.000010	0.999990	LD_0.9_2_1230
NIC1288	0.000010	0.999990	LD_0.9_2_1230
NIC1292	0.000010	0.999990	LD_0.9_2_1230
NIC1302	0.000010	0.999990	LD_0.9_2_1230
NIC1304	0.000010	0.999990	LD_0.9_2_1230
NIC1308	0.000010	0.999990	LD_0.9_2_1230
NIC1407	0.000010	0.999990	LD_0.9_2_1230
NIC1421	0.000010	0.999990	LD_0.9_2_1230
NIC1423	0.000010	0.999990	LD_0.9_2_1230
NIC1442	0.000010	0.999990	LD_0.9_2_1230
NIC1491	0.000010	0.999990	LD_0.9_2_1230
NIC1525	0.000010	0.999990	LD_0.9_2_1230
NIC1528	0.000010	0.999990	LD_0.9_2_1230
NIC1529	0.000010	0.999990	LD_0.9_2_1230
NIC1533	0.000010	0.999990	LD_0.9_2_1230
NIC1535	0.000010	0.999990	LD_0.9_2_1230
NIC1539	0.000010	0.999990	LD_0.9_2_1230
NIC1540	0.381499	0.618501	LD_0.9_2_1230
NIC1562	0.000010	0.999990	LD_0.9_2_1230
NIC1589	0.386619	0.613381	LD_0.9_2_1230
NIC1590	0.000010	0.999990	LD_0.9_2_1230
NIC1591	0.385117	0.614883	LD_0.9_2_1230
NIC1593	0.387175	0.612825	LD_0.9_2_1230
NIC1595	0.000010	0.999990	LD_0.9_2_1230
NIC1598	0.000010	0.999990	LD_0.9_2_1230
NIC1602	0.000010	0.999990	LD_0.9_2_1230
NIC1607	0.378709	0.621291	LD_0.9_2_1230
NIC1628	0.000010	0.999990	LD_0.9_2_1230
NIC1630	0.000010	0.999990	LD_0.9_2_1230
NIC1631	0.000010	0.999990	LD_0.9_2_1230
NIC1632	0.393486	0.606514	LD_0.9_2_1230
NIC1633	0.396900	0.603100	LD_0.9_2_1230
NIC1635	0.398042	0.601958	LD_0.9_2_1230
NIC1645	0.000010	0.999990	LD_0.9_2_1230
NIC1660	0.000010	0.999990	LD_0.9_2_1230
NIC1661	0.000010	0.999990	LD_0.9_2_1230
NIC1662	0.000010	0.999990	LD_0.9_2_1230
NIC1663	0.000010	0.999990	LD_0.9_2_1230
NIC1664	0.385942	0.614058	LD_0.9_2_1230
NIC1665	0.386380	0.613620	LD_0.9_2_1230
NIC1666	0.000010	0.999990	LD_0.9_2_1230
NIC1667	0.000010	0.999990	LD_0.9_2_1230
NIC1681	0.000010	0.999990	LD_0.9_2_1230
NIC1688	0.000010	0.999990	LD_0.9_2_1230
NIC1692	0.000010	0.999990	LD_0.9_2_1230
NIC1693	0.000010	0.999990	LD_0.9_2_1230
NIC17	0.000010	0.999990	LD_0.9_2_1230
NIC174	0.392367	0.607633	LD_0.9_2_1230
NIC187	0.000010	0.999990	LD_0.9_2_1230
NIC188	0.000010	0.999990	LD_0.9_2_1230
NIC19	0.374070	0.625930	LD_0.9_2_1230
NIC191	0.000010	0.999990	LD_0.9_2_1230
NIC20	0.385041	0.614959	LD_0.9_2_1230
NIC21	0.387822	0.612178	LD_0.9_2_1230
NIC22	0.385676	0.614324	LD_0.9_2_1230
NIC2369	0.000010	0.999990	LD_0.9_2_1230
NIC248	0.000010	0.999990	LD_0.9_2_1230
NIC250	0.000010	0.999990	LD_0.9_2_1230
NIC2527	0.000010	0.999990	LD_0.9_2_1230
NIC309	0.000010	0.999990	LD_0.9_2_1230
NIC325	0.000010	0.999990	LD_0.9_2_1230
NIC327	0.000010	0.999990	LD_0.9_2_1230
NIC329	0.000010	0.999990	LD_0.9_2_1230
NIC330	0.000010	0.999990	LD_0.9_2_1230
NIC331	0.000010	0.999990	LD_0.9_2_1230
NIC332	0.000010	0.999990	LD_0.9_2_1230
NIC333	0.000010	0.999990	LD_0.9_2_1230
NIC343	0.000010	0.999990	LD_0.9_2_1230
NIC392	0.000010	0.999990	LD_0.9_2_1230
NIC400	0.000010	0.999990	LD_0.9_2_1230
NIC402	0.000010	0.999990	LD_0.9_2_1230
NIC419	0.000010	0.999990	LD_0.9_2_1230
NIC504	0.000010	0.999990	LD_0.9_2_1230
NIC505	0.000010	0.999990	LD_0.9_2_1230
NIC518	0.000010	0.999990	LD_0.9_2_1230
NIC519	0.000010	0.999990	LD_0.9_2_1230
NIC532	0.000010	0.999990	LD_0.9_2_1230
NIC541	0.000010	0.999990	LD_0.9_2_1230
NIC549	0.000010	0.999990	LD_0.9_2_1230
NIC552	0.000010	0.999990	LD_0.9_2_1230
NIC555	0.000010	0.999990	LD_0.9_2_1230
NIC574	0.000010	0.999990	LD_0.9_2_1230
NIC578	0.000010	0.999990	LD_0.9_2_1230
NIC583	0.000010	0.999990	LD_0.9_2_1230
NIC590	0.000010	0.999990	LD_0.9_2_1230
NIC593	0.000010	0.999990	LD_0.9_2_1230
NIC60	0.000010	0.999990	LD_0.9_2_1230
NIC61	0.000010	0.999990	LD_0.9_2_1230
NIC62	0.000010	0.999990	LD_0.9_2_1230
NIC67	0.000010	0.999990	LD_0.9_2_1230
NIC758	0.000010	0.999990	LD_0.9_2_1230
NIC777	0.000010	0.999990	LD_0.9_2_1230
NIC779	0.000010	0.999990	LD_0.9_2_1230
NIC790	0.000010	0.999990	LD_0.9_2_1230
NIC791	0.000010	0.999990	LD_0.9_2_1230
NIC792	0.000010	0.999990	LD_0.9_2_1230
NIC793	0.000010	0.999990	LD_0.9_2_1230
NIC795	0.000010	0.999990	LD_0.9_2_1230
NIC796	0.000010	0.999990	LD_0.9_2_1230
NIC802	0.000010	0.999990	LD_0.9_2_1230
NIC803	0.000010	0.999990	LD_0.9_2_1230
NIC805	0.000010	0.999990	LD_0.9_2_1230
NIC811	0.000010	0.999990	LD_0.9_2_1230
NIC814	0.000010	0.999990	LD_0.9_2_1230
NIC815	0.000010	0.999990	LD_0.9_2_1230
NIC816	0.386044	0.613956	LD_0.9_2_1230
NIC819	0.371211	0.628789	LD_0.9_2_1230
NIC821	0.000010	0.999990	LD_0.9_2_1230
NIC822	0.000010	0.999990	LD_0.9_2_1230
NIC824	0.000010	0.999990	LD_0.9_2_1230
NIC825	0.387994	0.612006	LD_0.9_2_1230
NIC827	0.382625	0.617375	LD_0.9_2_1230
NIC828	0.385572	0.614428	LD_0.9_2_1230
NIC863	0.000010	0.999990	LD_0.9_2_1230
NIC864	0.000010	0.999990	LD_0.9_2_1230
NIC865	0.000010	0.999990	LD_0.9_2_1230
NIC871	0.000010	0.999990	LD_0.9_2_1230
NIC883	0.000010	0.999990	LD_0.9_2_1230
NIC889	0.000010	0.999990	LD_0.9_2_1230
NIC893	0.381366	0.618634	LD_0.9_2_1230
NIC897	0.000010	0.999990	LD_0.9_2_1230
NIC899	0.396229	0.603771	LD_0.9_2_1230
NIC901	0.000010	0.999990	LD_0.9_2_1230
NIC911	0.000010	0.999990	LD_0.9_2_1230
NIC96	0.000010	0.999990	LD_0.9_2_1230
NIC984	0.000010	0.999990	LD_0.9_2_1230
NIC985	0.000010	0.999990	LD_0.9_2_1230
PB800	0.401605	0.598395	LD_0.9_2_1230
PB857	0.396585	0.603415	LD_0.9_2_1230
PE887	0.000010	0.999990	LD_0.9_2_1230
QG1005	0.000010	0.999990	LD_0.9_2_1230
QG1007	0.000010	0.999990	LD_0.9_2_1230
QG1111	0.000010	0.999990	LD_0.9_2_1230
QG1126	0.000010	0.999990	LD_0.9_2_1230
QG1141	0.000010	0.999990	LD_0.9_2_1230
QG1155	0.000010	0.999990	LD_0.9_2_1230
QG130	0.000010	0.999990	LD_0.9_2_1230
QG132	0.000010	0.999990	LD_0.9_2_1230
QG133	0.000010	0.999990	LD_0.9_2_1230
QG2641	0.000010	0.999990	LD_0.9_2_1230
QG2648	0.000010	0.999990	LD_0.9_2_1230
QG2659	0.000010	0.999990	LD_0.9_2_1230
QG2663	0.000010	0.999990	LD_0.9_2_1230
QG2665	0.000010	0.999990	LD_0.9_2_1230
QG2683	0.000010	0.999990	LD_0.9_2_1230
QG2736	0.000010	0.999990	LD_0.9_2_1230
QG2814	0.000010	0.999990	LD_0.9_2_1230
QG2820	0.000010	0.999990	LD_0.9_2_1230
QG2848	0.000010	0.999990	LD_0.9_2_1230
QG2880	0.000010	0.999990	LD_0.9_2_1230
QG2881	0.000010	0.999990	LD_0.9_2_1230
QG2883	0.000010	0.999990	LD_0.9_2_1230
QG2884	0.000010	0.999990	LD_0.9_2_1230
QG2891	0.999990	0.000010	LD_0.9_2_1230
QG2892	0.000010	0.999990	LD_0.9_2_1230
QG2893	0.999990	0.000010	LD_0.9_2_1230
QG2895	0.000010	0.999990	LD_0.9_2_1230
QG2902	0.000010	0.999990	LD_0.9_2_1230
QG2903	0.000010	0.999990	LD_0.9_2_1230
QG2906	0.000010	0.999990	LD_0.9_2_1230
QG2908	0.999990	0.000010	LD_0.9_2_1230
QG2910	0.000010	0.999990	LD_0.9_2_1230
QG2919	0.999990	0.000010	LD_0.9_2_1230
QG2923	0.000010	0.999990	LD_0.9_2_1230
QG2925	0.000010	0.999990	LD_0.9_2_1230
QG2964	0.000010	0.999990	LD_0.9_2_1230
QG2966	0.000010	0.999990	LD_0.9_2_1230
QG2969	0.000010	0.999990	LD_0.9_2_1230
QG2972	0.000010	0.999990	LD_0.9_2_1230
QG2996	0.000010	0.999990	LD_0.9_2_1230
QG3004	0.000010	0.999990	LD_0.9_2_1230
QG3006	0.000010	0.999990	LD_0.9_2_1230
QG3019	0.000010	0.999990	LD_0.9_2_1230
QG3025	0.000010	0.999990	LD_0.9_2_1230
QG3030	0.000010	0.999990	LD_0.9_2_1230
QG3032	0.000010	0.999990	LD_0.9_2_1230
QG3034	0.000010	0.999990	LD_0.9_2_1230
QG3041	0.000010	0.999990	LD_0.9_2_1230
QG3053	0.000010	0.999990	LD_0.9_2_1230
QG3056	0.000010	0.999990	LD_0.9_2_1230
QG3057	0.000010	0.999990	LD_0.9_2_1230
QG3058	0.000010	0.999990	LD_0.9_2_1230
QG3527	0.000010	0.999990	LD_0.9_2_1230
QG3661	0.395160	0.604840	LD_0.9_2_1230
QG3783	0.000010	0.999990	LD_0.9_2_1230
QG3801	0.000010	0.999990	LD_0.9_2_1230
QG3815	0.000010	0.999990	LD_0.9_2_1230
QG3816	0.000010	0.999990	LD_0.9_2_1230
QG3823	0.000010	0.999990	LD_0.9_2_1230
QG3825	0.000010	0.999990	LD_0.9_2_1230
QG3826	0.000010	0.999990	LD_0.9_2_1230
QG3837	0.000010	0.999990	LD_0.9_2_1230
QG3851	0.000010	0.999990	LD_0.9_2_1230
QG3861	0.000010	0.999990	LD_0.9_2_1230
QG3867	0.000010	0.999990	LD_0.9_2_1230
QG3874	0.000010	0.999990	LD_0.9_2_1230
QG3875	0.000010	0.999990	LD_0.9_2_1230
QG3876	0.000010	0.999990	LD_0.9_2_1230
QG3878	0.000010	0.999990	LD_0.9_2_1230
QG3920	0.000010	0.999990	LD_0.9_2_1230
QG3921	0.000010	0.999990	LD_0.9_2_1230
QG3923	0.000010	0.999990	LD_0.9_2_1230
QG3924	0.000010	0.999990	LD_0.9_2_1230
QG3925	0.000010	0.999990	LD_0.9_2_1230
QG3926	0.000010	0.999990	LD_0.9_2_1230
QG3927	0.000010	0.999990	LD_0.9_2_1230
QG3931	0.000010	0.999990	LD_0.9_2_1230
QG3932	0.000010	0.999990	LD_0.9_2_1230
QG3933	0.000010	0.999990	LD_0.9_2_1230
QG4026	0.999990	0.000010	LD_0.9_2_1230
QG4028	0.999990	0.000010	LD_0.9_2_1230
QG4031	0.999990	0.000010	LD_0.9_2_1230
QG4063	0.999990	0.000010	LD_0.9_2_1230
QG4064	0.999990	0.000010	LD_0.9_2_1230
QG4067	0.999990	0.000010	LD_0.9_2_1230
QG4068	0.999990	0.000010	LD_0.9_2_1230
QG4070	0.000010	0.999990	LD_0.9_2_1230
QG4093	0.999990	0.000010	LD_0.9_2_1230
QG4094	0.999990	0.000010	LD_0.9_2_1230
QG4095	0.999990	0.000010	LD_0.9_2_1230
QG4096	0.999990	0.000010	LD_0.9_2_1230
QG4097	0.999990	0.000010	LD_0.9_2_1230
QG4104	0.999990	0.000010	LD_0.9_2_1230
QG4114	0.999990	0.000010	LD_0.9_2_1230
QG4131	0.999990	0.000010	LD_0.9_2_1230
QG4132	0.999990	0.000010	LD_0.9_2_1230
QG4208	0.999990	0.000010	LD_0.9_2_1230
QG4214	0.999990	0.000010	LD_0.9_2_1230
QG4225	0.999990	0.000010	LD_0.9_2_1230
QG4232	0.999990	0.000010	LD_0.9_2_1230
QG4233	0.999990	0.000010	LD_0.9_2_1230
QG4647	0.000010	0.999990	LD_0.9_2_1230
QG4648	0.000010	0.999990	LD_0.9_2_1230
QG4683	0.000010	0.999990	LD_0.9_2_1230
QG4701	0.000010	0.999990	LD_0.9_2_1230
QG4706	0.000010	0.999990	LD_0.9_2_1230
QG4718	0.000010	0.999990	LD_0.9_2_1230
QG4742	0.000010	0.999990	LD_0.9_2_1230
QG4805	0.000010	0.999990	LD_0.9_2_1230
QG4847	0.000010	0.999990	LD_0.9_2_1230
QG4966	0.000010	0.999990	LD_0.9_2_1230
QG5348	0.000010	0.999990	LD_0.9_2_1230
QG5406	0.000010	0.999990	LD_0.9_2_1230
QG547	0.398694	0.601306	LD_0.9_2_1230
QG5474	0.000010	0.999990	LD_0.9_2_1230
QG5488	0.000010	0.999990	LD_0.9_2_1230
QG550	0.000010	0.999990	LD_0.9_2_1230
QG5507	0.000010	0.999990	LD_0.9_2_1230
QG5525	0.000010	0.999990	LD_0.9_2_1230
QG5589	0.000010	0.999990	LD_0.9_2_1230
QG5603	0.000010	0.999990	LD_0.9_2_1230
QG5611	0.000010	0.999990	LD_0.9_2_1230
QG5612	0.000010	0.999990	LD_0.9_2_1230
QG5633	0.000010	0.999990	LD_0.9_2_1230
QG581	0.398912	0.601088	LD_0.9_2_1230
QG588	0.394259	0.605741	LD_0.9_2_1230
QG700	0.000010	0.999990	LD_0.9_2_1230
QG727	0.000010	0.999990	LD_0.9_2_1230
QG733	0.000010	0.999990	LD_0.9_2_1230
QG736	0.000010	0.999990	LD_0.9_2_1230
QG737	0.000010	0.999990	LD_0.9_2_1230
QG739	0.000010	0.999990	LD_0.9_2_1230
QG761	0.000010	0.999990	LD_0.9_2_1230
QG763	0.000010	0.999990	LD_0.9_2_1230
QG776	0.000010	0.999990	LD_0.9_2_1230
QG781	0.000010	0.999990	LD_0.9_2_1230
QG784	0.000010	0.999990	LD_0.9_2_1230
QG786	0.000010	0.999990	LD_0.9_2_1230
QG788	0.000010	0.999990	LD_0.9_2_1230
QG790	0.000010	0.999990	LD_0.9_2_1230
QG791	0.000010	0.999990	LD_0.9_2_1230
QG795	0.000010	0.999990	LD_0.9_2_1230
QG797	0.000010	0.999990	LD_0.9_2_1230
QG802	0.000010	0.999990	LD_0.9_2_1230
QG804	0.000010	0.999990	LD_0.9_2_1230
QG806	0.000010	0.999990	LD_0.9_2_1230
QG807	0.000010	0.999990	LD_0.9_2_1230
QG808	0.000010	0.999990	LD_0.9_2_1230
QG809	0.000010	0.999990	LD_0.9_2_1230
QG825	0.000010	0.999990	LD_0.9_2_1230
QG827	0.000010	0.999990	LD_0.9_2_1230
QG828	0.000010	0.999990	LD_0.9_2_1230
QG833	0.000010	0.999990	LD_0.9_2_1230
QG855	0.000010	0.999990	LD_0.9_2_1230
QG856	0.000010	0.999990	LD_0.9_2_1230
QG858	0.000010	0.999990	LD_0.9_2_1230
QG860	0.000010	0.999990	LD_0.9_2_1230
QG864	0.000010	0.999990	LD_0.9_2_1230
QG865	0.000010	0.999990	LD_0.9_2_1230
QG866	0.000010	0.999990	LD_0.9_2_1230
QG868	0.000010	0.999990	LD_0.9_2_1230
QG874	0.000010	0.999990	LD_0.9_2_1230
QG875	0.000010	0.999990	LD_0.9_2_1230
QG878	0.000010	0.999990	LD_0.9_2_1230
QG879	0.000010	0.999990	LD_0.9_2_1230
QG880	0.000010	0.999990	LD_0.9_2_1230
QG881	0.000010	0.999990	LD_0.9_2_1230
QG887	0.000010	0.999990	LD_0.9_2_1230
QG888	0.000010	0.999990	LD_0.9_2_1230
QG926	0.000010	0.999990	LD_0.9_2_1230
QG927	0.000010	0.999990	LD_0.9_2_1230
QG933	0.000010	0.999990	LD_0.9_2_1230
QG937	0.000010	0.999990	LD_0.9_2_1230
QG945	0.000010	0.999990	LD_0.9_2_1230
QG946	0.000010	0.999990	LD_0.9_2_1230
QG947	0.000010	0.999990	LD_0.9_2_1230
QG948	0.000010	0.999990	LD_0.9_2_1230
QG952	0.000010	0.999990	LD_0.9_2_1230
QG978	0.000010	0.999990	LD_0.9_2_1230
QG980	0.000010	0.999990	LD_0.9_2_1230
QG986	0.000010	0.999990	LD_0.9_2_1230
QG991	0.000010	0.999990	LD_0.9_2_1230
QG994	0.000010	0.999990	LD_0.9_2_1230
QG995	0.000010	0.999990	LD_0.9_2_1230
QG997	0.000010	0.999990	LD_0.9_2_1230
QG998	0.000010	0.999990	LD_0.9_2_1230
QR25	0.401999	0.598001	LD_0.9_2_1230
QX1410	0.000010	0.999990	LD_0.9_2_1230
QX1547	0.398032	0.601968	LD_0.9_2_1230
QX1795	0.000010	0.999990	LD_0.9_2_1230
QX1796	0.000010	0.999990	LD_0.9_2_1230
QX1798	0.000010	0.999990	LD_0.9_2_1230
QX1800	0.000010	0.999990	LD_0.9_2_1230
QX1801	0.000010	0.999990	LD_0.9_2_1230
QX1802	0.000010	0.999990	LD_0.9_2_1230
QX1803	0.000010	0.999990	LD_0.9_2_1230
QX1804	0.000010	0.999990	LD_0.9_2_1230
SOW18	0.394540	0.605460	LD_0.9_2_1230
SOW21	0.393518	0.606482	LD_0.9_2_1230
SOW22	0.393384	0.606616	LD_0.9_2_1230
TT3408	0.000010	0.999990	LD_0.9_2_1230
TT3411	0.000010	0.999990	LD_0.9_2_1230
TWN1772	0.000010	0.999990	LD_0.9_2_1230
TWN1824	0.386724	0.613276	LD_0.9_2_1230
TWN1899	0.386491	0.613509	LD_0.9_2_1230
TWN1907	0.000010	0.999990	LD_0.9_2_1230
TWN2919	0.000010	0.999990	LD_0.9_2_1230
TWN3077	0.000010	0.999990	LD_0.9_2_1230
UH1	0.000010	0.999990	LD_0.9_2_1230
VSL2201	0.000010	0.999990	LD_0.9_2_1230
VSL2207	0.999990	0.000010	LD_0.9_2_1230
VSL2209	0.999990	0.000010	LD_0.9_2_1230
VSL2210	0.000010	0.999990	LD_0.9_2_1230
VSL2212	0.000010	0.999990	LD_0.9_2_1230
VSL2213	0.000010	0.999990	LD_0.9_2_1230
VSL2215	0.000010	0.999990	LD_0.9_2_1230
VSL2216	0.000010	0.999990	LD_0.9_2_1230
VSL2217	0.000010	0.999990	LD_0.9_2_1230
VSL2219	0.000010	0.999990	LD_0.9_2_1230
VT847	0.000010	0.999990	LD_0.9_2_1230
VX34	0.406684	0.593316	LD_0.9_2_1230
XZ1204	0.000010	0.999990	LD_0.9_2_1230
XZ1205	0.000010	0.999990	LD_0.9_2_1230
XZ1206	0.000010	0.999990	LD_0.9_2_1230
XZ1207	0.000010	0.999990	LD_0.9_2_1230
XZ1210	0.000010	0.999990	LD_0.9_2_1230
XZ1212	0.000010	0.999990	LD_0.9_2_1230
XZ1213	0.000010	0.999990	LD_0.9_2_1230
XZ1731	0.000010	0.999990	LD_0.9_2_1230
XZ1732	0.000010	0.999990	LD_0.9_2_1230
ZZY0992	0.000010	0.999990	LD_0.9_2_1230
ZZY1034	0.000010	0.999990	LD_0.9_2_1230
ZZY1075	0.000010	0.999990	LD_0.9_2_1230
ZZY1123	0.000010	0.999990	LD_0.9_2_1230
ZZY1130	0.000010	0.999990	LD_0.9_2_1230
ZZY405	0.000010	0.999990	LD_0.9_2_1230
AF16	0.999990	0.000010	LD_0.9_2_1322
BRC20069	0.999990	0.000010	LD_0.9_2_1322
BRC20073	0.999990	0.000010	LD_0.9_2_1322
BRC20075	0.613098	0.386902	LD_0.9_2_1322
BRC20077	0.999990	0.000010	LD_0.9_2_1322
BRC20081	0.999990	0.000010	LD_0.9_2_1322
BRC20085	0.999990	0.000010	LD_0.9_2_1322
BRC20088	0.999990	0.000010	LD_0.9_2_1322
BRC20089	0.999990	0.000010	LD_0.9_2_1322
BRC20090	0.999990	0.000010	LD_0.9_2_1322
BRC20092	0.999990	0.000010	LD_0.9_2_1322
BRC20093	0.999990	0.000010	LD_0.9_2_1322
BRC20094	0.999990	0.000010	LD_0.9_2_1322
BRC20095	0.999990	0.000010	LD_0.9_2_1322
BRC20096	0.999990	0.000010	LD_0.9_2_1322
BRC20098	0.999990	0.000010	LD_0.9_2_1322
BRC20099	0.999990	0.000010	LD_0.9_2_1322
BRC20100	0.999990	0.000010	LD_0.9_2_1322
BRC20102	0.999990	0.000010	LD_0.9_2_1322
BRC20103	0.999990	0.000010	LD_0.9_2_1322
BRC20105	0.999990	0.000010	LD_0.9_2_1322
BRC20107	0.999990	0.000010	LD_0.9_2_1322
BRC20115	0.619849	0.380151	LD_0.9_2_1322
BRC20119	0.999990	0.000010	LD_0.9_2_1322
BRC20228	0.999990	0.000010	LD_0.9_2_1322
BRC20229	0.617747	0.382253	LD_0.9_2_1322
BRC20230	0.999990	0.000010	LD_0.9_2_1322
BRC20232	0.614520	0.385480	LD_0.9_2_1322
BRC20238	0.999990	0.000010	LD_0.9_2_1322
BRC20239	0.613048	0.386952	LD_0.9_2_1322
BRC20241	0.999990	0.000010	LD_0.9_2_1322
BRC20242	0.999990	0.000010	LD_0.9_2_1322
BRC20244	0.999990	0.000010	LD_0.9_2_1322
BRC20246	0.999990	0.000010	LD_0.9_2_1322
BRC20257	0.999990	0.000010	LD_0.9_2_1322
BRC20260	0.999990	0.000010	LD_0.9_2_1322
BRC20270	0.999990	0.000010	LD_0.9_2_1322
BRC20272	0.999990	0.000010	LD_0.9_2_1322
BRC20289	0.999990	0.000010	LD_0.9_2_1322
BRC20290	0.999990	0.000010	LD_0.9_2_1322
BRC20294	0.999990	0.000010	LD_0.9_2_1322
BRC20308	0.999990	0.000010	LD_0.9_2_1322
BRC20309	0.999990	0.000010	LD_0.9_2_1322
BRC20311	0.999990	0.000010	LD_0.9_2_1322
BRC20312	0.999990	0.000010	LD_0.9_2_1322
BRC20315	0.999990	0.000010	LD_0.9_2_1322
BRC20320	0.999990	0.000010	LD_0.9_2_1322
BRC20324	0.756920	0.243080	LD_0.9_2_1322
BRC20331	0.999990	0.000010	LD_0.9_2_1322
BRC20333	0.999990	0.000010	LD_0.9_2_1322
BRC20334	0.999990	0.000010	LD_0.9_2_1322
BRC20339	0.999990	0.000010	LD_0.9_2_1322
BRC20341	0.999990	0.000010	LD_0.9_2_1322
BRC20343	0.619695	0.380305	LD_0.9_2_1322
BRC20346	0.999990	0.000010	LD_0.9_2_1322
BRC20347	0.614606	0.385394	LD_0.9_2_1322
BRC20348	0.999990	0.000010	LD_0.9_2_1322
BRC20353	0.999990	0.000010	LD_0.9_2_1322
BRC20360	0.999990	0.000010	LD_0.9_2_1322
BRC20361	0.999990	0.000010	LD_0.9_2_1322
BRC20362	0.999990	0.000010	LD_0.9_2_1322
BRC20366	0.999990	0.000010	LD_0.9_2_1322
BRC20367	0.999990	0.000010	LD_0.9_2_1322
BRC20369	0.999990	0.000010	LD_0.9_2_1322
BRC20370	0.999990	0.000010	LD_0.9_2_1322
BRC20388	0.605224	0.394776	LD_0.9_2_1322
BRC20390	0.999990	0.000010	LD_0.9_2_1322
BRC20401	0.999990	0.000010	LD_0.9_2_1322
BRC20463	0.999990	0.000010	LD_0.9_2_1322
BRC20492	0.624121	0.375879	LD_0.9_2_1322
BRC20499	0.999990	0.000010	LD_0.9_2_1322
BRC20501	0.999990	0.000010	LD_0.9_2_1322
BRC20502	0.615368	0.384632	LD_0.9_2_1322
BRC20503	0.615814	0.384186	LD_0.9_2_1322
BRC20519	0.623065	0.376935	LD_0.9_2_1322
BRC20520	0.624092	0.375908	LD_0.9_2_1322
BRC20522	0.620056	0.379944	LD_0.9_2_1322
BRC20524	0.618993	0.381007	LD_0.9_2_1322
BRC20529	0.999990	0.000010	LD_0.9_2_1322
BRC20530	0.614301	0.385699	LD_0.9_2_1322
BRC20531	0.614095	0.385905	LD_0.9_2_1322
BRC20532	0.999990	0.000010	LD_0.9_2_1322
BRC20533	0.999990	0.000010	LD_0.9_2_1322
BRC20534	0.999990	0.000010	LD_0.9_2_1322
BRC20535	0.999990	0.000010	LD_0.9_2_1322
BRC20536	0.999990	0.000010	LD_0.9_2_1322
BRC20537	0.999990	0.000010	LD_0.9_2_1322
BRC20541	0.626207	0.373793	LD_0.9_2_1322
BRC20543	0.999990	0.000010	LD_0.9_2_1322
BRC20544	0.999990	0.000010	LD_0.9_2_1322
BRC20545	0.999990	0.000010	LD_0.9_2_1322
BRC20556	0.999990	0.000010	LD_0.9_2_1322
BRC20557	0.999990	0.000010	LD_0.9_2_1322
BRC20565	0.999990	0.000010	LD_0.9_2_1322
BRC20571	0.999990	0.000010	LD_0.9_2_1322
BRC20574	0.999990	0.000010	LD_0.9_2_1322
BW287	0.600604	0.399396	LD_0.9_2_1322
DF5100	0.999990	0.000010	LD_0.9_2_1322
ECA1129	0.999990	0.000010	LD_0.9_2_1322
ECA1143	0.999990	0.000010	LD_0.9_2_1322
ECA1147	0.999990	0.000010	LD_0.9_2_1322
ECA1149	0.999990	0.000010	LD_0.9_2_1322
ECA1160	0.999990	0.000010	LD_0.9_2_1322
ECA1164	0.999990	0.000010	LD_0.9_2_1322
ECA1170	0.999990	0.000010	LD_0.9_2_1322
ECA1174	0.999990	0.000010	LD_0.9_2_1322
ECA1383	0.999990	0.000010	LD_0.9_2_1322
ECA1411	0.999990	0.000010	LD_0.9_2_1322
ECA1423	0.999990	0.000010	LD_0.9_2_1322
ECA1429	0.999990	0.000010	LD_0.9_2_1322
ECA1431	0.999990	0.000010	LD_0.9_2_1322
ECA1437	0.999990	0.000010	LD_0.9_2_1322
ECA1439	0.999990	0.000010	LD_0.9_2_1322
ECA1443	0.999990	0.000010	LD_0.9_2_1322
ECA1471	0.999990	0.000010	LD_0.9_2_1322
ECA1489	0.999990	0.000010	LD_0.9_2_1322
ECA1507	0.999990	0.000010	LD_0.9_2_1322
ECA1509	0.999990	0.000010	LD_0.9_2_1322
ECA1517	0.999990	0.000010	LD_0.9_2_1322
ECA1521	0.999990	0.000010	LD_0.9_2_1322
ECA1555	0.999990	0.000010	LD_0.9_2_1322
ECA1559	0.999990	0.000010	LD_0.9_2_1322
ECA1563	0.999990	0.000010	LD_0.9_2_1322
ECA1571	0.999990	0.000010	LD_0.9_2_1322
ECA1587	0.999990	0.000010	LD_0.9_2_1322
ECA1605	0.999990	0.000010	LD_0.9_2_1322
ECA1609	0.999990	0.000010	LD_0.9_2_1322
ECA161	0.999990	0.000010	LD_0.9_2_1322
ECA1611	0.999990	0.000010	LD_0.9_2_1322
ECA1615	0.999990	0.000010	LD_0.9_2_1322
ECA162	0.999990	0.000010	LD_0.9_2_1322
ECA1621	0.999990	0.000010	LD_0.9_2_1322
ECA163	0.560982	0.439018	LD_0.9_2_1322
ECA1637	0.999990	0.000010	LD_0.9_2_1322
ECA1657	0.999990	0.000010	LD_0.9_2_1322
ECA1701	0.999990	0.000010	LD_0.9_2_1322
ECA175	0.999990	0.000010	LD_0.9_2_1322
ECA176	0.999990	0.000010	LD_0.9_2_1322
ECA177	0.999990	0.000010	LD_0.9_2_1322
ECA180	0.999990	0.000010	LD_0.9_2_1322
ECA182	0.999990	0.000010	LD_0.9_2_1322
ECA183	0.999990	0.000010	LD_0.9_2_1322
ECA185	0.999990	0.000010	LD_0.9_2_1322
ECA186	0.999990	0.000010	LD_0.9_2_1322
ECA2083	0.999990	0.000010	LD_0.9_2_1322
ECA2093	0.999990	0.000010	LD_0.9_2_1322
ECA2115	0.999990	0.000010	LD_0.9_2_1322
ECA2299	0.999990	0.000010	LD_0.9_2_1322
ECA2373	0.999990	0.000010	LD_0.9_2_1322
ECA2385	0.999990	0.000010	LD_0.9_2_1322
ECA2425	0.999990	0.000010	LD_0.9_2_1322
ECA2617	0.000010	0.999990	LD_0.9_2_1322
ECA2618	0.000010	0.999990	LD_0.9_2_1322
ECA2621	0.000010	0.999990	LD_0.9_2_1322
ECA2623	0.999990	0.000010	LD_0.9_2_1322
ECA2625	0.999990	0.000010	LD_0.9_2_1322
ECA2626	0.999990	0.000010	LD_0.9_2_1322
ECA2636	0.999990	0.000010	LD_0.9_2_1322
ECA2637	0.999990	0.000010	LD_0.9_2_1322
ECA2639	0.000010	0.999990	LD_0.9_2_1322
ECA2645	0.999990	0.000010	LD_0.9_2_1322
ECA2647	0.000010	0.999990	LD_0.9_2_1322
ECA2663	0.999990	0.000010	LD_0.9_2_1322
ECA2664	0.999990	0.000010	LD_0.9_2_1322
ECA2666	0.000010	0.999990	LD_0.9_2_1322
ECA2667	0.999990	0.000010	LD_0.9_2_1322
ECA2670	0.000010	0.999990	LD_0.9_2_1322
ECA276	0.562691	0.437309	LD_0.9_2_1322
ECA278	0.603842	0.396158	LD_0.9_2_1322
ECA2808	0.999990	0.000010	LD_0.9_2_1322
ECA287	0.999990	0.000010	LD_0.9_2_1322
ECA288	0.999990	0.000010	LD_0.9_2_1322
ECA2883	0.999990	0.000010	LD_0.9_2_1322
ECA2890	0.999990	0.000010	LD_0.9_2_1322
ECA2894	0.999990	0.000010	LD_0.9_2_1322
ECA2936	0.999990	0.000010	LD_0.9_2_1322
ECA2975	0.999990	0.000010	LD_0.9_2_1322
ECA3091	0.999990	0.000010	LD_0.9_2_1322
ECA343	0.999990	0.000010	LD_0.9_2_1322
ECA346	0.999990	0.000010	LD_0.9_2_1322
ECA3502	0.999990	0.000010	LD_0.9_2_1322
ECA3503	0.999990	0.000010	LD_0.9_2_1322
ECA3509	0.999990	0.000010	LD_0.9_2_1322
ECA3708	0.999990	0.000010	LD_0.9_2_1322
ECA371	0.999990	0.000010	LD_0.9_2_1322
ECA3712	0.999990	0.000010	LD_0.9_2_1322
ECA3713	0.999990	0.000010	LD_0.9_2_1322
ECA3899	0.999990	0.000010	LD_0.9_2_1322
ECA4382	0.999990	0.000010	LD_0.9_2_1322
ECA4390	0.999990	0.000010	LD_0.9_2_1322
ECA4394	0.999990	0.000010	LD_0.9_2_1322
ECA4402	0.999990	0.000010	LD_0.9_2_1322
ECA569	0.604265	0.395735	LD_0.9_2_1322
ED3032	0.999990	0.000010	LD_0.9_2_1322
ED3037	0.999990	0.000010	LD_0.9_2_1322
ED3088	0.999990	0.000010	LD_0.9_2_1322
ED3102	0.546772	0.453228	LD_0.9_2_1322
EG4360	0.598658	0.401342	LD_0.9_2_1322
EG5612	0.999990	0.000010	LD_0.9_2_1322
EG5613	0.999990	0.000010	LD_0.9_2_1322
EG6179	0.999990	0.000010	LD_0.9_2_1322
EG6260	0.999990	0.000010	LD_0.9_2_1322
EG6261	0.999990	0.000010	LD_0.9_2_1322
EG6265	0.999990	0.000010	LD_0.9_2_1322
EG6267	0.999990	0.000010	LD_0.9_2_1322
EG6271	0.999990	0.000010	LD_0.9_2_1322
EG6272	0.999990	0.000010	LD_0.9_2_1322
EG6274	0.999990	0.000010	LD_0.9_2_1322
EG6275	0.999990	0.000010	LD_0.9_2_1322
EG6276	0.999990	0.000010	LD_0.9_2_1322
EG6329	0.999990	0.000010	LD_0.9_2_1322
GUN124	0.607592	0.392408	LD_0.9_2_1322
GXW22	0.999990	0.000010	LD_0.9_2_1322
GXW23	0.999990	0.000010	LD_0.9_2_1322
HK104	0.601732	0.398268	LD_0.9_2_1322
HPT11	0.557910	0.442090	LD_0.9_2_1322
HPT16	0.999990	0.000010	LD_0.9_2_1322
HPT18	0.564132	0.435868	LD_0.9_2_1322
HPT19	0.999990	0.000010	LD_0.9_2_1322
HPT2	0.999990	0.000010	LD_0.9_2_1322
HPT21	0.999990	0.000010	LD_0.9_2_1322
HPT24	0.559742	0.440258	LD_0.9_2_1322
HPT34	0.999990	0.000010	LD_0.9_2_1322
HPT37	0.999990	0.000010	LD_0.9_2_1322
HPT4	0.999990	0.000010	LD_0.9_2_1322
HPT42	0.999990	0.000010	LD_0.9_2_1322
HPT52	0.999990	0.000010	LD_0.9_2_1322
HPT53	0.999990	0.000010	LD_0.9_2_1322
HPT54	0.999990	0.000010	LD_0.9_2_1322
HPT55	0.999990	0.000010	LD_0.9_2_1322
HPT59	0.999990	0.000010	LD_0.9_2_1322
HPT60	0.999990	0.000010	LD_0.9_2_1322
HPT62	0.999990	0.000010	LD_0.9_2_1322
HPT63	0.999990	0.000010	LD_0.9_2_1322
HPT7	0.999990	0.000010	LD_0.9_2_1322
HPT8	0.999990	0.000010	LD_0.9_2_1322
HPT9	0.999990	0.000010	LD_0.9_2_1322
JU1085	0.598693	0.401307	LD_0.9_2_1322
JU1337	0.999990	0.000010	LD_0.9_2_1322
JU1338	0.999990	0.000010	LD_0.9_2_1322
JU1341	0.000010	0.999990	LD_0.9_2_1322
JU1346	0.999990	0.000010	LD_0.9_2_1322
JU1347	0.999990	0.000010	LD_0.9_2_1322
JU1348	0.000010	0.999990	LD_0.9_2_1322
JU1375	0.999990	0.000010	LD_0.9_2_1322
JU1377	0.999990	0.000010	LD_0.9_2_1322
JU1378	0.999990	0.000010	LD_0.9_2_1322
JU1392	0.999990	0.000010	LD_0.9_2_1322
JU1399	0.999990	0.000010	LD_0.9_2_1322
JU1424	0.999990	0.000010	LD_0.9_2_1322
JU1435	0.999990	0.000010	LD_0.9_2_1322
JU1564	0.606721	0.393279	LD_0.9_2_1322
JU1637	0.999990	0.000010	LD_0.9_2_1322
JU1638	0.999990	0.000010	LD_0.9_2_1322
JU1794	0.999990	0.000010	LD_0.9_2_1322
JU1795	0.999990	0.000010	LD_0.9_2_1322
JU1799	0.999990	0.000010	LD_0.9_2_1322
JU1802	0.999990	0.000010	LD_0.9_2_1322
JU1814	0.999990	0.000010	LD_0.9_2_1322
JU1884	0.999990	0.000010	LD_0.9_2_1322
JU1885	0.999990	0.000010	LD_0.9_2_1322
JU1907	0.999990	0.000010	LD_0.9_2_1322
JU1908	0.999990	0.000010	LD_0.9_2_1322
JU1909	0.999990	0.000010	LD_0.9_2_1322
JU1913	0.999990	0.000010	LD_0.9_2_1322
JU2053	0.999990	0.000010	LD_0.9_2_1322
JU2054	0.999990	0.000010	LD_0.9_2_1322
JU2056	0.999990	0.000010	LD_0.9_2_1322
JU2057	0.999990	0.000010	LD_0.9_2_1322
JU2160	0.999990	0.000010	LD_0.9_2_1322
JU2162	0.999990	0.000010	LD_0.9_2_1322
JU2214	0.999990	0.000010	LD_0.9_2_1322
JU2216	0.999990	0.000010	LD_0.9_2_1322
JU2457	0.821157	0.178843	LD_0.9_2_1322
JU2470	0.998097	0.001903	LD_0.9_2_1322
JU2472	0.999990	0.000010	LD_0.9_2_1322
JU2507	0.999990	0.000010	LD_0.9_2_1322
JU2518	0.999990	0.000010	LD_0.9_2_1322
JU2536	0.604050	0.395950	LD_0.9_2_1322
JU2618	0.999990	0.000010	LD_0.9_2_1322
JU2799	0.999990	0.000010	LD_0.9_2_1322
JU2836	0.999990	0.000010	LD_0.9_2_1322
JU2849	0.999990	0.000010	LD_0.9_2_1322
JU2861	0.999990	0.000010	LD_0.9_2_1322
JU2868	0.999990	0.000010	LD_0.9_2_1322
JU2872	0.602878	0.397122	LD_0.9_2_1322
JU2910	0.999990	0.000010	LD_0.9_2_1322
JU3168	0.530716	0.469284	LD_0.9_2_1322
JU3171	0.999990	0.000010	LD_0.9_2_1322
JU3199	0.000010	0.999990	LD_0.9_2_1322
JU3200	0.000010	0.999990	LD_0.9_2_1322
JU3201	0.000010	0.999990	LD_0.9_2_1322
JU3202	0.000010	0.999990	LD_0.9_2_1322
JU3203	0.000010	0.999990	LD_0.9_2_1322
JU3206	0.000010	0.999990	LD_0.9_2_1322
JU3207	0.999990	0.000010	LD_0.9_2_1322
JU3237	0.999990	0.000010	LD_0.9_2_1322
JU3281	0.999990	0.000010	LD_0.9_2_1322
JU3319	0.999990	0.000010	LD_0.9_2_1322
JU3321	0.999990	0.000010	LD_0.9_2_1322
JU3326	0.592096	0.407904	LD_0.9_2_1322
JU3327	0.999990	0.000010	LD_0.9_2_1322
JU3416	0.590781	0.409219	LD_0.9_2_1322
JU4042	0.999990	0.000010	LD_0.9_2_1322
JU4051	0.999990	0.000010	LD_0.9_2_1322
JU4058	0.996626	0.003374	LD_0.9_2_1322
JU4060	0.999990	0.000010	LD_0.9_2_1322
JU4062	0.999990	0.000010	LD_0.9_2_1322
JU4064	0.999990	0.000010	LD_0.9_2_1322
JU4080	0.999990	0.000010	LD_0.9_2_1322
JU4084	0.999990	0.000010	LD_0.9_2_1322
JU4097	0.999990	0.000010	LD_0.9_2_1322
JU725	0.999990	0.000010	LD_0.9_2_1322
MY2716	0.999990	0.000010	LD_0.9_2_1322
MY539	0.999990	0.000010	LD_0.9_2_1322
NIC1050	0.999990	0.000010	LD_0.9_2_1322
NIC1052	0.999990	0.000010	LD_0.9_2_1322
NIC1054	0.999990	0.000010	LD_0.9_2_1322
NIC1055	0.999990	0.000010	LD_0.9_2_1322
NIC1057	0.999990	0.000010	LD_0.9_2_1322
NIC1058	0.999990	0.000010	LD_0.9_2_1322
NIC1059	0.999990	0.000010	LD_0.9_2_1322
NIC1060	0.999990	0.000010	LD_0.9_2_1322
NIC1062	0.999990	0.000010	LD_0.9_2_1322
NIC1069	0.999990	0.000010	LD_0.9_2_1322
NIC1103	0.999990	0.000010	LD_0.9_2_1322
NIC1104	0.999990	0.000010	LD_0.9_2_1322
NIC1106	0.999990	0.000010	LD_0.9_2_1322
NIC1117	0.999990	0.000010	LD_0.9_2_1322
NIC1123	0.999990	0.000010	LD_0.9_2_1322
NIC1124	0.999990	0.000010	LD_0.9_2_1322
NIC1135	0.999990	0.000010	LD_0.9_2_1322
NIC1138	0.999990	0.000010	LD_0.9_2_1322
NIC1141	0.999990	0.000010	LD_0.9_2_1322
NIC115	0.999990	0.000010	LD_0.9_2_1322
NIC117	0.999990	0.000010	LD_0.9_2_1322
NIC1183	0.999990	0.000010	LD_0.9_2_1322
NIC119	0.999990	0.000010	LD_0.9_2_1322
NIC1190	0.999990	0.000010	LD_0.9_2_1322
NIC1202	0.999990	0.000010	LD_0.9_2_1322
NIC1204	0.999990	0.000010	LD_0.9_2_1322
NIC1205	0.999990	0.000010	LD_0.9_2_1322
NIC1218	0.999990	0.000010	LD_0.9_2_1322
NIC1220	0.999990	0.000010	LD_0.9_2_1322
NIC1221	0.999990	0.000010	LD_0.9_2_1322
NIC123	0.999990	0.000010	LD_0.9_2_1322
NIC1267	0.999990	0.000010	LD_0.9_2_1322
NIC1283	0.999990	0.000010	LD_0.9_2_1322
NIC1288	0.999990	0.000010	LD_0.9_2_1322
NIC1292	0.999990	0.000010	LD_0.9_2_1322
NIC1302	0.999990	0.000010	LD_0.9_2_1322
NIC1304	0.999990	0.000010	LD_0.9_2_1322
NIC1308	0.999990	0.000010	LD_0.9_2_1322
NIC1407	0.999990	0.000010	LD_0.9_2_1322
NIC1421	0.999990	0.000010	LD_0.9_2_1322
NIC1423	0.999990	0.000010	LD_0.9_2_1322
NIC1442	0.999990	0.000010	LD_0.9_2_1322
NIC1491	0.999990	0.000010	LD_0.9_2_1322
NIC1525	0.999990	0.000010	LD_0.9_2_1322
NIC1528	0.999990	0.000010	LD_0.9_2_1322
NIC1529	0.999990	0.000010	LD_0.9_2_1322
NIC1533	0.999990	0.000010	LD_0.9_2_1322
NIC1535	0.999990	0.000010	LD_0.9_2_1322
NIC1539	0.999990	0.000010	LD_0.9_2_1322
NIC1540	0.618501	0.381499	LD_0.9_2_1322
NIC1562	0.999990	0.000010	LD_0.9_2_1322
NIC1589	0.613381	0.386619	LD_0.9_2_1322
NIC1590	0.999990	0.000010	LD_0.9_2_1322
NIC1591	0.614884	0.385116	LD_0.9_2_1322
NIC1593	0.612826	0.387174	LD_0.9_2_1322
NIC1595	0.999990	0.000010	LD_0.9_2_1322
NIC1598	0.999990	0.000010	LD_0.9_2_1322
NIC1602	0.999990	0.000010	LD_0.9_2_1322
NIC1607	0.621292	0.378708	LD_0.9_2_1322
NIC1628	0.999990	0.000010	LD_0.9_2_1322
NIC1630	0.999990	0.000010	LD_0.9_2_1322
NIC1631	0.999990	0.000010	LD_0.9_2_1322
NIC1632	0.606514	0.393486	LD_0.9_2_1322
NIC1633	0.603101	0.396899	LD_0.9_2_1322
NIC1635	0.601959	0.398041	LD_0.9_2_1322
NIC1645	0.999990	0.000010	LD_0.9_2_1322
NIC1660	0.999990	0.000010	LD_0.9_2_1322
NIC1661	0.999990	0.000010	LD_0.9_2_1322
NIC1662	0.999990	0.000010	LD_0.9_2_1322
NIC1663	0.999990	0.000010	LD_0.9_2_1322
NIC1664	0.614059	0.385941	LD_0.9_2_1322
NIC1665	0.613621	0.386379	LD_0.9_2_1322
NIC1666	0.999990	0.000010	LD_0.9_2_1322
NIC1667	0.999990	0.000010	LD_0.9_2_1322
NIC1681	0.999990	0.000010	LD_0.9_2_1322
NIC1688	0.999990	0.000010	LD_0.9_2_1322
NIC1692	0.999990	0.000010	LD_0.9_2_1322
NIC1693	0.999990	0.000010	LD_0.9_2_1322
NIC17	0.999990	0.000010	LD_0.9_2_1322
NIC174	0.607634	0.392366	LD_0.9_2_1322
NIC187	0.999990	0.000010	LD_0.9_2_1322
NIC188	0.999990	0.000010	LD_0.9_2_1322
NIC19	0.625931	0.374069	LD_0.9_2_1322
NIC191	0.999990	0.000010	LD_0.9_2_1322
NIC20	0.614960	0.385040	LD_0.9_2_1322
NIC21	0.612179	0.387821	LD_0.9_2_1322
NIC22	0.614325	0.385675	LD_0.9_2_1322
NIC2369	0.999990	0.000010	LD_0.9_2_1322
NIC248	0.999990	0.000010	LD_0.9_2_1322
NIC250	0.999990	0.000010	LD_0.9_2_1322
NIC2527	0.999990	0.000010	LD_0.9_2_1322
NIC309	0.999990	0.000010	LD_0.9_2_1322
NIC325	0.999990	0.000010	LD_0.9_2_1322
NIC327	0.999990	0.000010	LD_0.9_2_1322
NIC329	0.999990	0.000010	LD_0.9_2_1322
NIC330	0.999990	0.000010	LD_0.9_2_1322
NIC331	0.999990	0.000010	LD_0.9_2_1322
NIC332	0.999990	0.000010	LD_0.9_2_1322
NIC333	0.999990	0.000010	LD_0.9_2_1322
NIC343	0.999990	0.000010	LD_0.9_2_1322
NIC392	0.999990	0.000010	LD_0.9_2_1322
NIC400	0.999990	0.000010	LD_0.9_2_1322
NIC402	0.999990	0.000010	LD_0.9_2_1322
NIC419	0.999990	0.000010	LD_0.9_2_1322
NIC504	0.999990	0.000010	LD_0.9_2_1322
NIC505	0.999990	0.000010	LD_0.9_2_1322
NIC518	0.999990	0.000010	LD_0.9_2_1322
NIC519	0.999990	0.000010	LD_0.9_2_1322
NIC532	0.999990	0.000010	LD_0.9_2_1322
NIC541	0.999990	0.000010	LD_0.9_2_1322
NIC549	0.999990	0.000010	LD_0.9_2_1322
NIC552	0.999990	0.000010	LD_0.9_2_1322
NIC555	0.999990	0.000010	LD_0.9_2_1322
NIC574	0.999990	0.000010	LD_0.9_2_1322
NIC578	0.999990	0.000010	LD_0.9_2_1322
NIC583	0.999990	0.000010	LD_0.9_2_1322
NIC590	0.999990	0.000010	LD_0.9_2_1322
NIC593	0.999990	0.000010	LD_0.9_2_1322
NIC60	0.999990	0.000010	LD_0.9_2_1322
NIC61	0.999990	0.000010	LD_0.9_2_1322
NIC62	0.999990	0.000010	LD_0.9_2_1322
NIC67	0.999990	0.000010	LD_0.9_2_1322
NIC758	0.999990	0.000010	LD_0.9_2_1322
NIC777	0.999990	0.000010	LD_0.9_2_1322
NIC779	0.999990	0.000010	LD_0.9_2_1322
NIC790	0.999990	0.000010	LD_0.9_2_1322
NIC791	0.999990	0.000010	LD_0.9_2_1322
NIC792	0.999990	0.000010	LD_0.9_2_1322
NIC793	0.999990	0.000010	LD_0.9_2_1322
NIC795	0.999990	0.000010	LD_0.9_2_1322
NIC796	0.999990	0.000010	LD_0.9_2_1322
NIC802	0.999990	0.000010	LD_0.9_2_1322
NIC803	0.999990	0.000010	LD_0.9_2_1322
NIC805	0.999990	0.000010	LD_0.9_2_1322
NIC811	0.999990	0.000010	LD_0.9_2_1322
NIC814	0.999990	0.000010	LD_0.9_2_1322
NIC815	0.999990	0.000010	LD_0.9_2_1322
NIC816	0.613957	0.386043	LD_0.9_2_1322
NIC819	0.628790	0.371210	LD_0.9_2_1322
NIC821	0.999990	0.000010	LD_0.9_2_1322
NIC822	0.999990	0.000010	LD_0.9_2_1322
NIC824	0.999990	0.000010	LD_0.9_2_1322
NIC825	0.612007	0.387993	LD_0.9_2_1322
NIC827	0.617376	0.382624	LD_0.9_2_1322
NIC828	0.614429	0.385571	LD_0.9_2_1322
NIC863	0.999990	0.000010	LD_0.9_2_1322
NIC864	0.999990	0.000010	LD_0.9_2_1322
NIC865	0.999990	0.000010	LD_0.9_2_1322
NIC871	0.999990	0.000010	LD_0.9_2_1322
NIC883	0.999990	0.000010	LD_0.9_2_1322
NIC889	0.999990	0.000010	LD_0.9_2_1322
NIC893	0.618634	0.381366	LD_0.9_2_1322
NIC897	0.999990	0.000010	LD_0.9_2_1322
NIC899	0.603772	0.396228	LD_0.9_2_1322
NIC901	0.999990	0.000010	LD_0.9_2_1322
NIC911	0.999990	0.000010	LD_0.9_2_1322
NIC96	0.999990	0.000010	LD_0.9_2_1322
NIC984	0.999990	0.000010	LD_0.9_2_1322
NIC985	0.999990	0.000010	LD_0.9_2_1322
PB800	0.598396	0.401604	LD_0.9_2_1322
PB857	0.603415	0.396585	LD_0.9_2_1322
PE887	0.999990	0.000010	LD_0.9_2_1322
QG1005	0.999990	0.000010	LD_0.9_2_1322
QG1007	0.999990	0.000010	LD_0.9_2_1322
QG1111	0.999990	0.000010	LD_0.9_2_1322
QG1126	0.999990	0.000010	LD_0.9_2_1322
QG1141	0.999990	0.000010	LD_0.9_2_1322
QG1155	0.999990	0.000010	LD_0.9_2_1322
QG130	0.999990	0.000010	LD_0.9_2_1322
QG132	0.999990	0.000010	LD_0.9_2_1322
QG133	0.999990	0.000010	LD_0.9_2_1322
QG2641	0.999990	0.000010	LD_0.9_2_1322
QG2648	0.999990	0.000010	LD_0.9_2_1322
QG2659	0.999990	0.000010	LD_0.9_2_1322
QG2663	0.999990	0.000010	LD_0.9_2_1322
QG2665	0.999990	0.000010	LD_0.9_2_1322
QG2683	0.999990	0.000010	LD_0.9_2_1322
QG2736	0.999990	0.000010	LD_0.9_2_1322
QG2814	0.999990	0.000010	LD_0.9_2_1322
QG2820	0.999990	0.000010	LD_0.9_2_1322
QG2848	0.999990	0.000010	LD_0.9_2_1322
QG2880	0.999990	0.000010	LD_0.9_2_1322
QG2881	0.999990	0.000010	LD_0.9_2_1322
QG2883	0.999990	0.000010	LD_0.9_2_1322
QG2884	0.999990	0.000010	LD_0.9_2_1322
QG2891	0.000010	0.999990	LD_0.9_2_1322
QG2892	0.999990	0.000010	LD_0.9_2_1322
QG2893	0.000010	0.999990	LD_0.9_2_1322
QG2895	0.999990	0.000010	LD_0.9_2_1322
QG2902	0.999990	0.000010	LD_0.9_2_1322
QG2903	0.999990	0.000010	LD_0.9_2_1322
QG2906	0.999990	0.000010	LD_0.9_2_1322
QG2908	0.000010	0.999990	LD_0.9_2_1322
QG2910	0.999990	0.000010	LD_0.9_2_1322
QG2919	0.000010	0.999990	LD_0.9_2_1322
QG2923	0.999990	0.000010	LD_0.9_2_1322
QG2925	0.999990	0.000010	LD_0.9_2_1322
QG2964	0.999990	0.000010	LD_0.9_2_1322
QG2966	0.999990	0.000010	LD_0.9_2_1322
QG2969	0.999990	0.000010	LD_0.9_2_1322
QG2972	0.999990	0.000010	LD_0.9_2_1322
QG2996	0.999990	0.000010	LD_0.9_2_1322
QG3004	0.999990	0.000010	LD_0.9_2_1322
QG3006	0.999990	0.000010	LD_0.9_2_1322
QG3019	0.999990	0.000010	LD_0.9_2_1322
QG3025	0.999990	0.000010	LD_0.9_2_1322
QG3030	0.999990	0.000010	LD_0.9_2_1322
QG3032	0.999990	0.000010	LD_0.9_2_1322
QG3034	0.999990	0.000010	LD_0.9_2_1322
QG3041	0.999990	0.000010	LD_0.9_2_1322
QG3053	0.999990	0.000010	LD_0.9_2_1322
QG3056	0.999990	0.000010	LD_0.9_2_1322
QG3057	0.999990	0.000010	LD_0.9_2_1322
QG3058	0.999990	0.000010	LD_0.9_2_1322
QG3527	0.999990	0.000010	LD_0.9_2_1322
QG3661	0.604840	0.395160	LD_0.9_2_1322
QG3783	0.999990	0.000010	LD_0.9_2_1322
QG3801	0.999990	0.000010	LD_0.9_2_1322
QG3815	0.999990	0.000010	LD_0.9_2_1322
QG3816	0.999990	0.000010	LD_0.9_2_1322
QG3823	0.999990	0.000010	LD_0.9_2_1322
QG3825	0.999990	0.000010	LD_0.9_2_1322
QG3826	0.999990	0.000010	LD_0.9_2_1322
QG3837	0.999990	0.000010	LD_0.9_2_1322
QG3851	0.999990	0.000010	LD_0.9_2_1322
QG3861	0.999990	0.000010	LD_0.9_2_1322
QG3867	0.999990	0.000010	LD_0.9_2_1322
QG3874	0.999990	0.000010	LD_0.9_2_1322
QG3875	0.999990	0.000010	LD_0.9_2_1322
QG3876	0.999990	0.000010	LD_0.9_2_1322
QG3878	0.999990	0.000010	LD_0.9_2_1322
QG3920	0.999990	0.000010	LD_0.9_2_1322
QG3921	0.999990	0.000010	LD_0.9_2_1322
QG3923	0.999990	0.000010	LD_0.9_2_1322
QG3924	0.999990	0.000010	LD_0.9_2_1322
QG3925	0.999990	0.000010	LD_0.9_2_1322
QG3926	0.999990	0.000010	LD_0.9_2_1322
QG3927	0.999990	0.000010	LD_0.9_2_1322
QG3931	0.999990	0.000010	LD_0.9_2_1322
QG3932	0.999990	0.000010	LD_0.9_2_1322
QG3933	0.999990	0.000010	LD_0.9_2_1322
QG4026	0.000010	0.999990	LD_0.9_2_1322
QG4028	0.000010	0.999990	LD_0.9_2_1322
QG4031	0.000010	0.999990	LD_0.9_2_1322
QG4063	0.000010	0.999990	LD_0.9_2_1322
QG4064	0.000010	0.999990	LD_0.9_2_1322
QG4067	0.000010	0.999990	LD_0.9_2_1322
QG4068	0.000010	0.999990	LD_0.9_2_1322
QG4070	0.999990	0.000010	LD_0.9_2_1322
QG4093	0.000010	0.999990	LD_0.9_2_1322
QG4094	0.000010	0.999990	LD_0.9_2_1322
QG4095	0.000010	0.999990	LD_0.9_2_1322
QG4096	0.000010	0.999990	LD_0.9_2_1322
QG4097	0.000010	0.999990	LD_0.9_2_1322
QG4104	0.000010	0.999990	LD_0.9_2_1322
QG4114	0.000010	0.999990	LD_0.9_2_1322
QG4131	0.000010	0.999990	LD_0.9_2_1322
QG4132	0.000010	0.999990	LD_0.9_2_1322
QG4208	0.000010	0.999990	LD_0.9_2_1322
QG4214	0.000010	0.999990	LD_0.9_2_1322
QG4225	0.000010	0.999990	LD_0.9_2_1322
QG4232	0.000010	0.999990	LD_0.9_2_1322
QG4233	0.000010	0.999990	LD_0.9_2_1322
QG4647	0.999990	0.000010	LD_0.9_2_1322
QG4648	0.999990	0.000010	LD_0.9_2_1322
QG4683	0.999990	0.000010	LD_0.9_2_1322
QG4701	0.999990	0.000010	LD_0.9_2_1322
QG4706	0.999990	0.000010	LD_0.9_2_1322
QG4718	0.999990	0.000010	LD_0.9_2_1322
QG4742	0.999990	0.000010	LD_0.9_2_1322
QG4805	0.999990	0.000010	LD_0.9_2_1322
QG4847	0.999990	0.000010	LD_0.9_2_1322
QG4966	0.999990	0.000010	LD_0.9_2_1322
QG5348	0.999990	0.000010	LD_0.9_2_1322
QG5406	0.999990	0.000010	LD_0.9_2_1322
QG547	0.601307	0.398693	LD_0.9_2_1322
QG5474	0.999990	0.000010	LD_0.9_2_1322
QG5488	0.999990	0.000010	LD_0.9_2_1322
QG550	0.999990	0.000010	LD_0.9_2_1322
QG5507	0.999990	0.000010	LD_0.9_2_1322
QG5525	0.999990	0.000010	LD_0.9_2_1322
QG5589	0.999990	0.000010	LD_0.9_2_1322
QG5603	0.999990	0.000010	LD_0.9_2_1322
QG5611	0.999990	0.000010	LD_0.9_2_1322
QG5612	0.999990	0.000010	LD_0.9_2_1322
QG5633	0.999990	0.000010	LD_0.9_2_1322
QG581	0.601089	0.398911	LD_0.9_2_1322
QG588	0.605742	0.394258	LD_0.9_2_1322
QG700	0.999990	0.000010	LD_0.9_2_1322
QG727	0.999990	0.000010	LD_0.9_2_1322
QG733	0.999990	0.000010	LD_0.9_2_1322
QG736	0.999990	0.000010	LD_0.9_2_1322
QG737	0.999990	0.000010	LD_0.9_2_1322
QG739	0.999990	0.000010	LD_0.9_2_1322
QG761	0.999990	0.000010	LD_0.9_2_1322
QG763	0.999990	0.000010	LD_0.9_2_1322
QG776	0.999990	0.000010	LD_0.9_2_1322
QG781	0.999990	0.000010	LD_0.9_2_1322
QG784	0.999990	0.000010	LD_0.9_2_1322
QG786	0.999990	0.000010	LD_0.9_2_1322
QG788	0.999990	0.000010	LD_0.9_2_1322
QG790	0.999990	0.000010	LD_0.9_2_1322
QG791	0.999990	0.000010	LD_0.9_2_1322
QG795	0.999990	0.000010	LD_0.9_2_1322
QG797	0.999990	0.000010	LD_0.9_2_1322
QG802	0.999990	0.000010	LD_0.9_2_1322
QG804	0.999990	0.000010	LD_0.9_2_1322
QG806	0.999990	0.000010	LD_0.9_2_1322
QG807	0.999990	0.000010	LD_0.9_2_1322
QG808	0.999990	0.000010	LD_0.9_2_1322
QG809	0.999990	0.000010	LD_0.9_2_1322
QG825	0.999990	0.000010	LD_0.9_2_1322
QG827	0.999990	0.000010	LD_0.9_2_1322
QG828	0.999990	0.000010	LD_0.9_2_1322
QG833	0.999990	0.000010	LD_0.9_2_1322
QG855	0.999990	0.000010	LD_0.9_2_1322
QG856	0.999990	0.000010	LD_0.9_2_1322
QG858	0.999990	0.000010	LD_0.9_2_1322
QG860	0.999990	0.000010	LD_0.9_2_1322
QG864	0.999990	0.000010	LD_0.9_2_1322
QG865	0.999990	0.000010	LD_0.9_2_1322
QG866	0.999990	0.000010	LD_0.9_2_1322
QG868	0.999990	0.000010	LD_0.9_2_1322
QG874	0.999990	0.000010	LD_0.9_2_1322
QG875	0.999990	0.000010	LD_0.9_2_1322
QG878	0.999990	0.000010	LD_0.9_2_1322
QG879	0.999990	0.000010	LD_0.9_2_1322
QG880	0.999990	0.000010	LD_0.9_2_1322
QG881	0.999990	0.000010	LD_0.9_2_1322
QG887	0.999990	0.000010	LD_0.9_2_1322
QG888	0.999990	0.000010	LD_0.9_2_1322
QG926	0.999990	0.000010	LD_0.9_2_1322
QG927	0.999990	0.000010	LD_0.9_2_1322
QG933	0.999990	0.000010	LD_0.9_2_1322
QG937	0.999990	0.000010	LD_0.9_2_1322
QG945	0.999990	0.000010	LD_0.9_2_1322
QG946	0.999990	0.000010	LD_0.9_2_1322
QG947	0.999990	0.000010	LD_0.9_2_1322
QG948	0.999990	0.000010	LD_0.9_2_1322
QG952	0.999990	0.000010	LD_0.9_2_1322
QG978	0.999990	0.000010	LD_0.9_2_1322
QG980	0.999990	0.000010	LD_0.9_2_1322
QG986	0.999990	0.000010	LD_0.9_2_1322
QG991	0.999990	0.000010	LD_0.9_2_1322
QG994	0.999990	0.000010	LD_0.9_2_1322
QG995	0.999990	0.000010	LD_0.9_2_1322
QG997	0.999990	0.000010	LD_0.9_2_1322
QG998	0.999990	0.000010	LD_0.9_2_1322
QR25	0.598001	0.401999	LD_0.9_2_1322
QX1410	0.999990	0.000010	LD_0.9_2_1322
QX1547	0.601968	0.398032	LD_0.9_2_1322
QX1795	0.999990	0.000010	LD_0.9_2_1322
QX1796	0.999990	0.000010	LD_0.9_2_1322
QX1798	0.999990	0.000010	LD_0.9_2_1322
QX1800	0.999990	0.000010	LD_0.9_2_1322
QX1801	0.999990	0.000010	LD_0.9_2_1322
QX1802	0.999990	0.000010	LD_0.9_2_1322
QX1803	0.999990	0.000010	LD_0.9_2_1322
QX1804	0.999990	0.000010	LD_0.9_2_1322
SOW18	0.605460	0.394540	LD_0.9_2_1322
SOW21	0.606483	0.393517	LD_0.9_2_1322
SOW22	0.606616	0.393384	LD_0.9_2_1322
TT3408	0.999990	0.000010	LD_0.9_2_1322
TT3411	0.999990	0.000010	LD_0.9_2_1322
TWN1772	0.999990	0.000010	LD_0.9_2_1322
TWN1824	0.613277	0.386723	LD_0.9_2_1322
TWN1899	0.613510	0.386490	LD_0.9_2_1322
TWN1907	0.999990	0.000010	LD_0.9_2_1322
TWN2919	0.999990	0.000010	LD_0.9_2_1322
TWN3077	0.999990	0.000010	LD_0.9_2_1322
UH1	0.999990	0.000010	LD_0.9_2_1322
VSL2201	0.999990	0.000010	LD_0.9_2_1322
VSL2207	0.000010	0.999990	LD_0.9_2_1322
VSL2209	0.000010	0.999990	LD_0.9_2_1322
VSL2210	0.999990	0.000010	LD_0.9_2_1322
VSL2212	0.999990	0.000010	LD_0.9_2_1322
VSL2213	0.999990	0.000010	LD_0.9_2_1322
VSL2215	0.999990	0.000010	LD_0.9_2_1322
VSL2216	0.999990	0.000010	LD_0.9_2_1322
VSL2217	0.999990	0.000010	LD_0.9_2_1322
VSL2219	0.999990	0.000010	LD_0.9_2_1322
VT847	0.999990	0.000010	LD_0.9_2_1322
VX34	0.593316	0.406684	LD_0.9_2_1322
XZ1204	0.999990	0.000010	LD_0.9_2_1322
XZ1205	0.999990	0.000010	LD_0.9_2_1322
XZ1206	0.999990	0.000010	LD_0.9_2_1322
XZ1207	0.999990	0.000010	LD_0.9_2_1322
XZ1210	0.999990	0.000010	LD_0.9_2_1322
XZ1212	0.999990	0.000010	LD_0.9_2_1322
XZ1213	0.999990	0.000010	LD_0.9_2_1322
XZ1731	0.999990	0.000010	LD_0.9_2_1322
XZ1732	0.999990	0.000010	LD_0.9_2_1322
ZZY0992	0.999990	0.000010	LD_0.9_2_1322
ZZY1034	0.999990	0.000010	LD_0.9_2_1322
ZZY1075	0.999990	0.000010	LD_0.9_2_1322
ZZY1123	0.999990	0.000010	LD_0.9_2_1322
ZZY1130	0.999990	0.000010	LD_0.9_2_1322
ZZY405	0.999990	0.000010	LD_0.9_2_1322
AF16	0.999990	0.000010	LD_0.9_2_1432
BRC20069	0.999990	0.000010	LD_0.9_2_1432
BRC20073	0.999990	0.000010	LD_0.9_2_1432
BRC20075	0.613098	0.386902	LD_0.9_2_1432
BRC20077	0.999990	0.000010	LD_0.9_2_1432
BRC20081	0.999990	0.000010	LD_0.9_2_1432
BRC20085	0.999990	0.000010	LD_0.9_2_1432
BRC20088	0.999990	0.000010	LD_0.9_2_1432
BRC20089	0.999990	0.000010	LD_0.9_2_1432
BRC20090	0.999990	0.000010	LD_0.9_2_1432
BRC20092	0.999990	0.000010	LD_0.9_2_1432
BRC20093	0.999990	0.000010	LD_0.9_2_1432
BRC20094	0.999990	0.000010	LD_0.9_2_1432
BRC20095	0.999990	0.000010	LD_0.9_2_1432
BRC20096	0.999990	0.000010	LD_0.9_2_1432
BRC20098	0.999990	0.000010	LD_0.9_2_1432
BRC20099	0.999990	0.000010	LD_0.9_2_1432
BRC20100	0.999990	0.000010	LD_0.9_2_1432
BRC20102	0.999990	0.000010	LD_0.9_2_1432
BRC20103	0.999990	0.000010	LD_0.9_2_1432
BRC20105	0.999990	0.000010	LD_0.9_2_1432
BRC20107	0.999990	0.000010	LD_0.9_2_1432
BRC20115	0.619849	0.380151	LD_0.9_2_1432
BRC20119	0.999990	0.000010	LD_0.9_2_1432
BRC20228	0.999990	0.000010	LD_0.9_2_1432
BRC20229	0.617747	0.382253	LD_0.9_2_1432
BRC20230	0.999990	0.000010	LD_0.9_2_1432
BRC20232	0.614520	0.385480	LD_0.9_2_1432
BRC20238	0.999990	0.000010	LD_0.9_2_1432
BRC20239	0.613048	0.386952	LD_0.9_2_1432
BRC20241	0.999990	0.000010	LD_0.9_2_1432
BRC20242	0.999990	0.000010	LD_0.9_2_1432
BRC20244	0.999990	0.000010	LD_0.9_2_1432
BRC20246	0.999990	0.000010	LD_0.9_2_1432
BRC20257	0.999990	0.000010	LD_0.9_2_1432
BRC20260	0.999990	0.000010	LD_0.9_2_1432
BRC20270	0.999990	0.000010	LD_0.9_2_1432
BRC20272	0.999990	0.000010	LD_0.9_2_1432
BRC20289	0.999990	0.000010	LD_0.9_2_1432
BRC20290	0.999990	0.000010	LD_0.9_2_1432
BRC20294	0.999990	0.000010	LD_0.9_2_1432
BRC20308	0.999990	0.000010	LD_0.9_2_1432
BRC20309	0.999990	0.000010	LD_0.9_2_1432
BRC20311	0.999990	0.000010	LD_0.9_2_1432
BRC20312	0.999990	0.000010	LD_0.9_2_1432
BRC20315	0.999990	0.000010	LD_0.9_2_1432
BRC20320	0.999990	0.000010	LD_0.9_2_1432
BRC20324	0.756920	0.243080	LD_0.9_2_1432
BRC20331	0.999990	0.000010	LD_0.9_2_1432
BRC20333	0.999990	0.000010	LD_0.9_2_1432
BRC20334	0.999990	0.000010	LD_0.9_2_1432
BRC20339	0.999990	0.000010	LD_0.9_2_1432
BRC20341	0.999990	0.000010	LD_0.9_2_1432
BRC20343	0.619695	0.380305	LD_0.9_2_1432
BRC20346	0.999990	0.000010	LD_0.9_2_1432
BRC20347	0.614606	0.385394	LD_0.9_2_1432
BRC20348	0.999990	0.000010	LD_0.9_2_1432
BRC20353	0.999990	0.000010	LD_0.9_2_1432
BRC20360	0.999990	0.000010	LD_0.9_2_1432
BRC20361	0.999990	0.000010	LD_0.9_2_1432
BRC20362	0.999990	0.000010	LD_0.9_2_1432
BRC20366	0.999990	0.000010	LD_0.9_2_1432
BRC20367	0.999990	0.000010	LD_0.9_2_1432
BRC20369	0.999990	0.000010	LD_0.9_2_1432
BRC20370	0.999990	0.000010	LD_0.9_2_1432
BRC20388	0.605224	0.394776	LD_0.9_2_1432
BRC20390	0.999990	0.000010	LD_0.9_2_1432
BRC20401	0.999990	0.000010	LD_0.9_2_1432
BRC20463	0.999990	0.000010	LD_0.9_2_1432
BRC20492	0.624121	0.375879	LD_0.9_2_1432
BRC20499	0.999990	0.000010	LD_0.9_2_1432
BRC20501	0.999990	0.000010	LD_0.9_2_1432
BRC20502	0.615368	0.384632	LD_0.9_2_1432
BRC20503	0.615814	0.384186	LD_0.9_2_1432
BRC20519	0.623065	0.376935	LD_0.9_2_1432
BRC20520	0.624092	0.375908	LD_0.9_2_1432
BRC20522	0.620056	0.379944	LD_0.9_2_1432
BRC20524	0.618993	0.381007	LD_0.9_2_1432
BRC20529	0.999990	0.000010	LD_0.9_2_1432
BRC20530	0.614301	0.385699	LD_0.9_2_1432
BRC20531	0.614095	0.385905	LD_0.9_2_1432
BRC20532	0.999990	0.000010	LD_0.9_2_1432
BRC20533	0.999990	0.000010	LD_0.9_2_1432
BRC20534	0.999990	0.000010	LD_0.9_2_1432
BRC20535	0.999990	0.000010	LD_0.9_2_1432
BRC20536	0.999990	0.000010	LD_0.9_2_1432
BRC20537	0.999990	0.000010	LD_0.9_2_1432
BRC20541	0.626207	0.373793	LD_0.9_2_1432
BRC20543	0.999990	0.000010	LD_0.9_2_1432
BRC20544	0.999990	0.000010	LD_0.9_2_1432
BRC20545	0.999990	0.000010	LD_0.9_2_1432
BRC20556	0.999990	0.000010	LD_0.9_2_1432
BRC20557	0.999990	0.000010	LD_0.9_2_1432
BRC20565	0.999990	0.000010	LD_0.9_2_1432
BRC20571	0.999990	0.000010	LD_0.9_2_1432
BRC20574	0.999990	0.000010	LD_0.9_2_1432
BW287	0.600604	0.399396	LD_0.9_2_1432
DF5100	0.999990	0.000010	LD_0.9_2_1432
ECA1129	0.999990	0.000010	LD_0.9_2_1432
ECA1143	0.999990	0.000010	LD_0.9_2_1432
ECA1147	0.999990	0.000010	LD_0.9_2_1432
ECA1149	0.999990	0.000010	LD_0.9_2_1432
ECA1160	0.999990	0.000010	LD_0.9_2_1432
ECA1164	0.999990	0.000010	LD_0.9_2_1432
ECA1170	0.999990	0.000010	LD_0.9_2_1432
ECA1174	0.999990	0.000010	LD_0.9_2_1432
ECA1383	0.999990	0.000010	LD_0.9_2_1432
ECA1411	0.999990	0.000010	LD_0.9_2_1432
ECA1423	0.999990	0.000010	LD_0.9_2_1432
ECA1429	0.999990	0.000010	LD_0.9_2_1432
ECA1431	0.999990	0.000010	LD_0.9_2_1432
ECA1437	0.999990	0.000010	LD_0.9_2_1432
ECA1439	0.999990	0.000010	LD_0.9_2_1432
ECA1443	0.999990	0.000010	LD_0.9_2_1432
ECA1471	0.999990	0.000010	LD_0.9_2_1432
ECA1489	0.999990	0.000010	LD_0.9_2_1432
ECA1507	0.999990	0.000010	LD_0.9_2_1432
ECA1509	0.999990	0.000010	LD_0.9_2_1432
ECA1517	0.999990	0.000010	LD_0.9_2_1432
ECA1521	0.999990	0.000010	LD_0.9_2_1432
ECA1555	0.999990	0.000010	LD_0.9_2_1432
ECA1559	0.999990	0.000010	LD_0.9_2_1432
ECA1563	0.999990	0.000010	LD_0.9_2_1432
ECA1571	0.999990	0.000010	LD_0.9_2_1432
ECA1587	0.999990	0.000010	LD_0.9_2_1432
ECA1605	0.999990	0.000010	LD_0.9_2_1432
ECA1609	0.999990	0.000010	LD_0.9_2_1432
ECA161	0.999990	0.000010	LD_0.9_2_1432
ECA1611	0.999990	0.000010	LD_0.9_2_1432
ECA1615	0.999990	0.000010	LD_0.9_2_1432
ECA162	0.999990	0.000010	LD_0.9_2_1432
ECA1621	0.999990	0.000010	LD_0.9_2_1432
ECA163	0.560982	0.439018	LD_0.9_2_1432
ECA1637	0.999990	0.000010	LD_0.9_2_1432
ECA1657	0.999990	0.000010	LD_0.9_2_1432
ECA1701	0.999990	0.000010	LD_0.9_2_1432
ECA175	0.999990	0.000010	LD_0.9_2_1432
ECA176	0.999990	0.000010	LD_0.9_2_1432
ECA177	0.999990	0.000010	LD_0.9_2_1432
ECA180	0.999990	0.000010	LD_0.9_2_1432
ECA182	0.999990	0.000010	LD_0.9_2_1432
ECA183	0.999990	0.000010	LD_0.9_2_1432
ECA185	0.999990	0.000010	LD_0.9_2_1432
ECA186	0.999990	0.000010	LD_0.9_2_1432
ECA2083	0.999990	0.000010	LD_0.9_2_1432
ECA2093	0.999990	0.000010	LD_0.9_2_1432
ECA2115	0.999990	0.000010	LD_0.9_2_1432
ECA2299	0.999990	0.000010	LD_0.9_2_1432
ECA2373	0.999990	0.000010	LD_0.9_2_1432
ECA2385	0.999990	0.000010	LD_0.9_2_1432
ECA2425	0.999990	0.000010	LD_0.9_2_1432
ECA2617	0.000010	0.999990	LD_0.9_2_1432
ECA2618	0.000010	0.999990	LD_0.9_2_1432
ECA2621	0.000010	0.999990	LD_0.9_2_1432
ECA2623	0.999990	0.000010	LD_0.9_2_1432
ECA2625	0.999990	0.000010	LD_0.9_2_1432
ECA2626	0.999990	0.000010	LD_0.9_2_1432
ECA2636	0.999990	0.000010	LD_0.9_2_1432
ECA2637	0.999990	0.000010	LD_0.9_2_1432
ECA2639	0.000010	0.999990	LD_0.9_2_1432
ECA2645	0.999990	0.000010	LD_0.9_2_1432
ECA2647	0.000010	0.999990	LD_0.9_2_1432
ECA2663	0.999990	0.000010	LD_0.9_2_1432
ECA2664	0.999990	0.000010	LD_0.9_2_1432
ECA2666	0.000010	0.999990	LD_0.9_2_1432
ECA2667	0.999990	0.000010	LD_0.9_2_1432
ECA2670	0.000010	0.999990	LD_0.9_2_1432
ECA276	0.562691	0.437309	LD_0.9_2_1432
ECA278	0.603842	0.396158	LD_0.9_2_1432
ECA2808	0.999990	0.000010	LD_0.9_2_1432
ECA287	0.999990	0.000010	LD_0.9_2_1432
ECA288	0.999990	0.000010	LD_0.9_2_1432
ECA2883	0.999990	0.000010	LD_0.9_2_1432
ECA2890	0.999990	0.000010	LD_0.9_2_1432
ECA2894	0.999990	0.000010	LD_0.9_2_1432
ECA2936	0.999990	0.000010	LD_0.9_2_1432
ECA2975	0.999990	0.000010	LD_0.9_2_1432
ECA3091	0.999990	0.000010	LD_0.9_2_1432
ECA343	0.999990	0.000010	LD_0.9_2_1432
ECA346	0.999990	0.000010	LD_0.9_2_1432
ECA3502	0.999990	0.000010	LD_0.9_2_1432
ECA3503	0.999990	0.000010	LD_0.9_2_1432
ECA3509	0.999990	0.000010	LD_0.9_2_1432
ECA3708	0.999990	0.000010	LD_0.9_2_1432
ECA371	0.999990	0.000010	LD_0.9_2_1432
ECA3712	0.999990	0.000010	LD_0.9_2_1432
ECA3713	0.999990	0.000010	LD_0.9_2_1432
ECA3899	0.999990	0.000010	LD_0.9_2_1432
ECA4382	0.999990	0.000010	LD_0.9_2_1432
ECA4390	0.999990	0.000010	LD_0.9_2_1432
ECA4394	0.999990	0.000010	LD_0.9_2_1432
ECA4402	0.999990	0.000010	LD_0.9_2_1432
ECA569	0.604265	0.395735	LD_0.9_2_1432
ED3032	0.999990	0.000010	LD_0.9_2_1432
ED3037	0.999990	0.000010	LD_0.9_2_1432
ED3088	0.999990	0.000010	LD_0.9_2_1432
ED3102	0.546772	0.453228	LD_0.9_2_1432
EG4360	0.598658	0.401342	LD_0.9_2_1432
EG5612	0.999990	0.000010	LD_0.9_2_1432
EG5613	0.999990	0.000010	LD_0.9_2_1432
EG6179	0.999990	0.000010	LD_0.9_2_1432
EG6260	0.999990	0.000010	LD_0.9_2_1432
EG6261	0.999990	0.000010	LD_0.9_2_1432
EG6265	0.999990	0.000010	LD_0.9_2_1432
EG6267	0.999990	0.000010	LD_0.9_2_1432
EG6271	0.999990	0.000010	LD_0.9_2_1432
EG6272	0.999990	0.000010	LD_0.9_2_1432
EG6274	0.999990	0.000010	LD_0.9_2_1432
EG6275	0.999990	0.000010	LD_0.9_2_1432
EG6276	0.999990	0.000010	LD_0.9_2_1432
EG6329	0.999990	0.000010	LD_0.9_2_1432
GUN124	0.607592	0.392408	LD_0.9_2_1432
GXW22	0.999990	0.000010	LD_0.9_2_1432
GXW23	0.999990	0.000010	LD_0.9_2_1432
HK104	0.601732	0.398268	LD_0.9_2_1432
HPT11	0.557910	0.442090	LD_0.9_2_1432
HPT16	0.999990	0.000010	LD_0.9_2_1432
HPT18	0.564132	0.435868	LD_0.9_2_1432
HPT19	0.999990	0.000010	LD_0.9_2_1432
HPT2	0.999990	0.000010	LD_0.9_2_1432
HPT21	0.999990	0.000010	LD_0.9_2_1432
HPT24	0.559742	0.440258	LD_0.9_2_1432
HPT34	0.999990	0.000010	LD_0.9_2_1432
HPT37	0.999990	0.000010	LD_0.9_2_1432
HPT4	0.999990	0.000010	LD_0.9_2_1432
HPT42	0.999990	0.000010	LD_0.9_2_1432
HPT52	0.999990	0.000010	LD_0.9_2_1432
HPT53	0.999990	0.000010	LD_0.9_2_1432
HPT54	0.999990	0.000010	LD_0.9_2_1432
HPT55	0.999990	0.000010	LD_0.9_2_1432
HPT59	0.999990	0.000010	LD_0.9_2_1432
HPT60	0.999990	0.000010	LD_0.9_2_1432
HPT62	0.999990	0.000010	LD_0.9_2_1432
HPT63	0.999990	0.000010	LD_0.9_2_1432
HPT7	0.999990	0.000010	LD_0.9_2_1432
HPT8	0.999990	0.000010	LD_0.9_2_1432
HPT9	0.999990	0.000010	LD_0.9_2_1432
JU1085	0.598693	0.401307	LD_0.9_2_1432
JU1337	0.999990	0.000010	LD_0.9_2_1432
JU1338	0.999990	0.000010	LD_0.9_2_1432
JU1341	0.000010	0.999990	LD_0.9_2_1432
JU1346	0.999990	0.000010	LD_0.9_2_1432
JU1347	0.999990	0.000010	LD_0.9_2_1432
JU1348	0.000010	0.999990	LD_0.9_2_1432
JU1375	0.999990	0.000010	LD_0.9_2_1432
JU1377	0.999990	0.000010	LD_0.9_2_1432
JU1378	0.999990	0.000010	LD_0.9_2_1432
JU1392	0.999990	0.000010	LD_0.9_2_1432
JU1399	0.999990	0.000010	LD_0.9_2_1432
JU1424	0.999990	0.000010	LD_0.9_2_1432
JU1435	0.999990	0.000010	LD_0.9_2_1432
JU1564	0.606721	0.393279	LD_0.9_2_1432
JU1637	0.999990	0.000010	LD_0.9_2_1432
JU1638	0.999990	0.000010	LD_0.9_2_1432
JU1794	0.999990	0.000010	LD_0.9_2_1432
JU1795	0.999990	0.000010	LD_0.9_2_1432
JU1799	0.999990	0.000010	LD_0.9_2_1432
JU1802	0.999990	0.000010	LD_0.9_2_1432
JU1814	0.999990	0.000010	LD_0.9_2_1432
JU1884	0.999990	0.000010	LD_0.9_2_1432
JU1885	0.999990	0.000010	LD_0.9_2_1432
JU1907	0.999990	0.000010	LD_0.9_2_1432
JU1908	0.999990	0.000010	LD_0.9_2_1432
JU1909	0.999990	0.000010	LD_0.9_2_1432
JU1913	0.999990	0.000010	LD_0.9_2_1432
JU2053	0.999990	0.000010	LD_0.9_2_1432
JU2054	0.999990	0.000010	LD_0.9_2_1432
JU2056	0.999990	0.000010	LD_0.9_2_1432
JU2057	0.999990	0.000010	LD_0.9_2_1432
JU2160	0.999990	0.000010	LD_0.9_2_1432
JU2162	0.999990	0.000010	LD_0.9_2_1432
JU2214	0.999990	0.000010	LD_0.9_2_1432
JU2216	0.999990	0.000010	LD_0.9_2_1432
JU2457	0.821157	0.178843	LD_0.9_2_1432
JU2470	0.998097	0.001903	LD_0.9_2_1432
JU2472	0.999990	0.000010	LD_0.9_2_1432
JU2507	0.999990	0.000010	LD_0.9_2_1432
JU2518	0.999990	0.000010	LD_0.9_2_1432
JU2536	0.604050	0.395950	LD_0.9_2_1432
JU2618	0.999990	0.000010	LD_0.9_2_1432
JU2799	0.999990	0.000010	LD_0.9_2_1432
JU2836	0.999990	0.000010	LD_0.9_2_1432
JU2849	0.999990	0.000010	LD_0.9_2_1432
JU2861	0.999990	0.000010	LD_0.9_2_1432
JU2868	0.999990	0.000010	LD_0.9_2_1432
JU2872	0.602878	0.397122	LD_0.9_2_1432
JU2910	0.999990	0.000010	LD_0.9_2_1432
JU3168	0.530716	0.469284	LD_0.9_2_1432
JU3171	0.999990	0.000010	LD_0.9_2_1432
JU3199	0.000010	0.999990	LD_0.9_2_1432
JU3200	0.000010	0.999990	LD_0.9_2_1432
JU3201	0.000010	0.999990	LD_0.9_2_1432
JU3202	0.000010	0.999990	LD_0.9_2_1432
JU3203	0.000010	0.999990	LD_0.9_2_1432
JU3206	0.000010	0.999990	LD_0.9_2_1432
JU3207	0.999990	0.000010	LD_0.9_2_1432
JU3237	0.999990	0.000010	LD_0.9_2_1432
JU3281	0.999990	0.000010	LD_0.9_2_1432
JU3319	0.999990	0.000010	LD_0.9_2_1432
JU3321	0.999990	0.000010	LD_0.9_2_1432
JU3326	0.592096	0.407904	LD_0.9_2_1432
JU3327	0.999990	0.000010	LD_0.9_2_1432
JU3416	0.590781	0.409219	LD_0.9_2_1432
JU4042	0.999990	0.000010	LD_0.9_2_1432
JU4051	0.999990	0.000010	LD_0.9_2_1432
JU4058	0.996626	0.003374	LD_0.9_2_1432
JU4060	0.999990	0.000010	LD_0.9_2_1432
JU4062	0.999990	0.000010	LD_0.9_2_1432
JU4064	0.999990	0.000010	LD_0.9_2_1432
JU4080	0.999990	0.000010	LD_0.9_2_1432
JU4084	0.999990	0.000010	LD_0.9_2_1432
JU4097	0.999990	0.000010	LD_0.9_2_1432
JU725	0.999990	0.000010	LD_0.9_2_1432
MY2716	0.999990	0.000010	LD_0.9_2_1432
MY539	0.999990	0.000010	LD_0.9_2_1432
NIC1050	0.999990	0.000010	LD_0.9_2_1432
NIC1052	0.999990	0.000010	LD_0.9_2_1432
NIC1054	0.999990	0.000010	LD_0.9_2_1432
NIC1055	0.999990	0.000010	LD_0.9_2_1432
NIC1057	0.999990	0.000010	LD_0.9_2_1432
NIC1058	0.999990	0.000010	LD_0.9_2_1432
NIC1059	0.999990	0.000010	LD_0.9_2_1432
NIC1060	0.999990	0.000010	LD_0.9_2_1432
NIC1062	0.999990	0.000010	LD_0.9_2_1432
NIC1069	0.999990	0.000010	LD_0.9_2_1432
NIC1103	0.999990	0.000010	LD_0.9_2_1432
NIC1104	0.999990	0.000010	LD_0.9_2_1432
NIC1106	0.999990	0.000010	LD_0.9_2_1432
NIC1117	0.999990	0.000010	LD_0.9_2_1432
NIC1123	0.999990	0.000010	LD_0.9_2_1432
NIC1124	0.999990	0.000010	LD_0.9_2_1432
NIC1135	0.999990	0.000010	LD_0.9_2_1432
NIC1138	0.999990	0.000010	LD_0.9_2_1432
NIC1141	0.999990	0.000010	LD_0.9_2_1432
NIC115	0.999990	0.000010	LD_0.9_2_1432
NIC117	0.999990	0.000010	LD_0.9_2_1432
NIC1183	0.999990	0.000010	LD_0.9_2_1432
NIC119	0.999990	0.000010	LD_0.9_2_1432
NIC1190	0.999990	0.000010	LD_0.9_2_1432
NIC1202	0.999990	0.000010	LD_0.9_2_1432
NIC1204	0.999990	0.000010	LD_0.9_2_1432
NIC1205	0.999990	0.000010	LD_0.9_2_1432
NIC1218	0.999990	0.000010	LD_0.9_2_1432
NIC1220	0.999990	0.000010	LD_0.9_2_1432
NIC1221	0.999990	0.000010	LD_0.9_2_1432
NIC123	0.999990	0.000010	LD_0.9_2_1432
NIC1267	0.999990	0.000010	LD_0.9_2_1432
NIC1283	0.999990	0.000010	LD_0.9_2_1432
NIC1288	0.999990	0.000010	LD_0.9_2_1432
NIC1292	0.999990	0.000010	LD_0.9_2_1432
NIC1302	0.999990	0.000010	LD_0.9_2_1432
NIC1304	0.999990	0.000010	LD_0.9_2_1432
NIC1308	0.999990	0.000010	LD_0.9_2_1432
NIC1407	0.999990	0.000010	LD_0.9_2_1432
NIC1421	0.999990	0.000010	LD_0.9_2_1432
NIC1423	0.999990	0.000010	LD_0.9_2_1432
NIC1442	0.999990	0.000010	LD_0.9_2_1432
NIC1491	0.999990	0.000010	LD_0.9_2_1432
NIC1525	0.999990	0.000010	LD_0.9_2_1432
NIC1528	0.999990	0.000010	LD_0.9_2_1432
NIC1529	0.999990	0.000010	LD_0.9_2_1432
NIC1533	0.999990	0.000010	LD_0.9_2_1432
NIC1535	0.999990	0.000010	LD_0.9_2_1432
NIC1539	0.999990	0.000010	LD_0.9_2_1432
NIC1540	0.618501	0.381499	LD_0.9_2_1432
NIC1562	0.999990	0.000010	LD_0.9_2_1432
NIC1589	0.613381	0.386619	LD_0.9_2_1432
NIC1590	0.999990	0.000010	LD_0.9_2_1432
NIC1591	0.614884	0.385116	LD_0.9_2_1432
NIC1593	0.612826	0.387174	LD_0.9_2_1432
NIC1595	0.999990	0.000010	LD_0.9_2_1432
NIC1598	0.999990	0.000010	LD_0.9_2_1432
NIC1602	0.999990	0.000010	LD_0.9_2_1432
NIC1607	0.621292	0.378708	LD_0.9_2_1432
NIC1628	0.999990	0.000010	LD_0.9_2_1432
NIC1630	0.999990	0.000010	LD_0.9_2_1432
NIC1631	0.999990	0.000010	LD_0.9_2_1432
NIC1632	0.606514	0.393486	LD_0.9_2_1432
NIC1633	0.603101	0.396899	LD_0.9_2_1432
NIC1635	0.601959	0.398041	LD_0.9_2_1432
NIC1645	0.999990	0.000010	LD_0.9_2_1432
NIC1660	0.999990	0.000010	LD_0.9_2_1432
NIC1661	0.999990	0.000010	LD_0.9_2_1432
NIC1662	0.999990	0.000010	LD_0.9_2_1432
NIC1663	0.999990	0.000010	LD_0.9_2_1432
NIC1664	0.614059	0.385941	LD_0.9_2_1432
NIC1665	0.613621	0.386379	LD_0.9_2_1432
NIC1666	0.999990	0.000010	LD_0.9_2_1432
NIC1667	0.999990	0.000010	LD_0.9_2_1432
NIC1681	0.999990	0.000010	LD_0.9_2_1432
NIC1688	0.999990	0.000010	LD_0.9_2_1432
NIC1692	0.999990	0.000010	LD_0.9_2_1432
NIC1693	0.999990	0.000010	LD_0.9_2_1432
NIC17	0.999990	0.000010	LD_0.9_2_1432
NIC174	0.607634	0.392366	LD_0.9_2_1432
NIC187	0.999990	0.000010	LD_0.9_2_1432
NIC188	0.999990	0.000010	LD_0.9_2_1432
NIC19	0.625931	0.374069	LD_0.9_2_1432
NIC191	0.999990	0.000010	LD_0.9_2_1432
NIC20	0.614960	0.385040	LD_0.9_2_1432
NIC21	0.612179	0.387821	LD_0.9_2_1432
NIC22	0.614325	0.385675	LD_0.9_2_1432
NIC2369	0.999990	0.000010	LD_0.9_2_1432
NIC248	0.999990	0.000010	LD_0.9_2_1432
NIC250	0.999990	0.000010	LD_0.9_2_1432
NIC2527	0.999990	0.000010	LD_0.9_2_1432
NIC309	0.999990	0.000010	LD_0.9_2_1432
NIC325	0.999990	0.000010	LD_0.9_2_1432
NIC327	0.999990	0.000010	LD_0.9_2_1432
NIC329	0.999990	0.000010	LD_0.9_2_1432
NIC330	0.999990	0.000010	LD_0.9_2_1432
NIC331	0.999990	0.000010	LD_0.9_2_1432
NIC332	0.999990	0.000010	LD_0.9_2_1432
NIC333	0.999990	0.000010	LD_0.9_2_1432
NIC343	0.999990	0.000010	LD_0.9_2_1432
NIC392	0.999990	0.000010	LD_0.9_2_1432
NIC400	0.999990	0.000010	LD_0.9_2_1432
NIC402	0.999990	0.000010	LD_0.9_2_1432
NIC419	0.999990	0.000010	LD_0.9_2_1432
NIC504	0.999990	0.000010	LD_0.9_2_1432
NIC505	0.999990	0.000010	LD_0.9_2_1432
NIC518	0.999990	0.000010	LD_0.9_2_1432
NIC519	0.999990	0.000010	LD_0.9_2_1432
NIC532	0.999990	0.000010	LD_0.9_2_1432
NIC541	0.999990	0.000010	LD_0.9_2_1432
NIC549	0.999990	0.000010	LD_0.9_2_1432
NIC552	0.999990	0.000010	LD_0.9_2_1432
NIC555	0.999990	0.000010	LD_0.9_2_1432
NIC574	0.999990	0.000010	LD_0.9_2_1432
NIC578	0.999990	0.000010	LD_0.9_2_1432
NIC583	0.999990	0.000010	LD_0.9_2_1432
NIC590	0.999990	0.000010	LD_0.9_2_1432
NIC593	0.999990	0.000010	LD_0.9_2_1432
NIC60	0.999990	0.000010	LD_0.9_2_1432
NIC61	0.999990	0.000010	LD_0.9_2_1432
NIC62	0.999990	0.000010	LD_0.9_2_1432
NIC67	0.999990	0.000010	LD_0.9_2_1432
NIC758	0.999990	0.000010	LD_0.9_2_1432
NIC777	0.999990	0.000010	LD_0.9_2_1432
NIC779	0.999990	0.000010	LD_0.9_2_1432
NIC790	0.999990	0.000010	LD_0.9_2_1432
NIC791	0.999990	0.000010	LD_0.9_2_1432
NIC792	0.999990	0.000010	LD_0.9_2_1432
NIC793	0.999990	0.000010	LD_0.9_2_1432
NIC795	0.999990	0.000010	LD_0.9_2_1432
NIC796	0.999990	0.000010	LD_0.9_2_1432
NIC802	0.999990	0.000010	LD_0.9_2_1432
NIC803	0.999990	0.000010	LD_0.9_2_1432
NIC805	0.999990	0.000010	LD_0.9_2_1432
NIC811	0.999990	0.000010	LD_0.9_2_1432
NIC814	0.999990	0.000010	LD_0.9_2_1432
NIC815	0.999990	0.000010	LD_0.9_2_1432
NIC816	0.613957	0.386043	LD_0.9_2_1432
NIC819	0.628790	0.371210	LD_0.9_2_1432
NIC821	0.999990	0.000010	LD_0.9_2_1432
NIC822	0.999990	0.000010	LD_0.9_2_1432
NIC824	0.999990	0.000010	LD_0.9_2_1432
NIC825	0.612007	0.387993	LD_0.9_2_1432
NIC827	0.617376	0.382624	LD_0.9_2_1432
NIC828	0.614429	0.385571	LD_0.9_2_1432
NIC863	0.999990	0.000010	LD_0.9_2_1432
NIC864	0.999990	0.000010	LD_0.9_2_1432
NIC865	0.999990	0.000010	LD_0.9_2_1432
NIC871	0.999990	0.000010	LD_0.9_2_1432
NIC883	0.999990	0.000010	LD_0.9_2_1432
NIC889	0.999990	0.000010	LD_0.9_2_1432
NIC893	0.618634	0.381366	LD_0.9_2_1432
NIC897	0.999990	0.000010	LD_0.9_2_1432
NIC899	0.603772	0.396228	LD_0.9_2_1432
NIC901	0.999990	0.000010	LD_0.9_2_1432
NIC911	0.999990	0.000010	LD_0.9_2_1432
NIC96	0.999990	0.000010	LD_0.9_2_1432
NIC984	0.999990	0.000010	LD_0.9_2_1432
NIC985	0.999990	0.000010	LD_0.9_2_1432
PB800	0.598396	0.401604	LD_0.9_2_1432
PB857	0.603415	0.396585	LD_0.9_2_1432
PE887	0.999990	0.000010	LD_0.9_2_1432
QG1005	0.999990	0.000010	LD_0.9_2_1432
QG1007	0.999990	0.000010	LD_0.9_2_1432
QG1111	0.999990	0.000010	LD_0.9_2_1432
QG1126	0.999990	0.000010	LD_0.9_2_1432
QG1141	0.999990	0.000010	LD_0.9_2_1432
QG1155	0.999990	0.000010	LD_0.9_2_1432
QG130	0.999990	0.000010	LD_0.9_2_1432
QG132	0.999990	0.000010	LD_0.9_2_1432
QG133	0.999990	0.000010	LD_0.9_2_1432
QG2641	0.999990	0.000010	LD_0.9_2_1432
QG2648	0.999990	0.000010	LD_0.9_2_1432
QG2659	0.999990	0.000010	LD_0.9_2_1432
QG2663	0.999990	0.000010	LD_0.9_2_1432
QG2665	0.999990	0.000010	LD_0.9_2_1432
QG2683	0.999990	0.000010	LD_0.9_2_1432
QG2736	0.999990	0.000010	LD_0.9_2_1432
QG2814	0.999990	0.000010	LD_0.9_2_1432
QG2820	0.999990	0.000010	LD_0.9_2_1432
QG2848	0.999990	0.000010	LD_0.9_2_1432
QG2880	0.999990	0.000010	LD_0.9_2_1432
QG2881	0.999990	0.000010	LD_0.9_2_1432
QG2883	0.999990	0.000010	LD_0.9_2_1432
QG2884	0.999990	0.000010	LD_0.9_2_1432
QG2891	0.000010	0.999990	LD_0.9_2_1432
QG2892	0.999990	0.000010	LD_0.9_2_1432
QG2893	0.000010	0.999990	LD_0.9_2_1432
QG2895	0.999990	0.000010	LD_0.9_2_1432
QG2902	0.999990	0.000010	LD_0.9_2_1432
QG2903	0.999990	0.000010	LD_0.9_2_1432
QG2906	0.999990	0.000010	LD_0.9_2_1432
QG2908	0.000010	0.999990	LD_0.9_2_1432
QG2910	0.999990	0.000010	LD_0.9_2_1432
QG2919	0.000010	0.999990	LD_0.9_2_1432
QG2923	0.999990	0.000010	LD_0.9_2_1432
QG2925	0.999990	0.000010	LD_0.9_2_1432
QG2964	0.999990	0.000010	LD_0.9_2_1432
QG2966	0.999990	0.000010	LD_0.9_2_1432
QG2969	0.999990	0.000010	LD_0.9_2_1432
QG2972	0.999990	0.000010	LD_0.9_2_1432
QG2996	0.999990	0.000010	LD_0.9_2_1432
QG3004	0.999990	0.000010	LD_0.9_2_1432
QG3006	0.999990	0.000010	LD_0.9_2_1432
QG3019	0.999990	0.000010	LD_0.9_2_1432
QG3025	0.999990	0.000010	LD_0.9_2_1432
QG3030	0.999990	0.000010	LD_0.9_2_1432
QG3032	0.999990	0.000010	LD_0.9_2_1432
QG3034	0.999990	0.000010	LD_0.9_2_1432
QG3041	0.999990	0.000010	LD_0.9_2_1432
QG3053	0.999990	0.000010	LD_0.9_2_1432
QG3056	0.999990	0.000010	LD_0.9_2_1432
QG3057	0.999990	0.000010	LD_0.9_2_1432
QG3058	0.999990	0.000010	LD_0.9_2_1432
QG3527	0.999990	0.000010	LD_0.9_2_1432
QG3661	0.604840	0.395160	LD_0.9_2_1432
QG3783	0.999990	0.000010	LD_0.9_2_1432
QG3801	0.999990	0.000010	LD_0.9_2_1432
QG3815	0.999990	0.000010	LD_0.9_2_1432
QG3816	0.999990	0.000010	LD_0.9_2_1432
QG3823	0.999990	0.000010	LD_0.9_2_1432
QG3825	0.999990	0.000010	LD_0.9_2_1432
QG3826	0.999990	0.000010	LD_0.9_2_1432
QG3837	0.999990	0.000010	LD_0.9_2_1432
QG3851	0.999990	0.000010	LD_0.9_2_1432
QG3861	0.999990	0.000010	LD_0.9_2_1432
QG3867	0.999990	0.000010	LD_0.9_2_1432
QG3874	0.999990	0.000010	LD_0.9_2_1432
QG3875	0.999990	0.000010	LD_0.9_2_1432
QG3876	0.999990	0.000010	LD_0.9_2_1432
QG3878	0.999990	0.000010	LD_0.9_2_1432
QG3920	0.999990	0.000010	LD_0.9_2_1432
QG3921	0.999990	0.000010	LD_0.9_2_1432
QG3923	0.999990	0.000010	LD_0.9_2_1432
QG3924	0.999990	0.000010	LD_0.9_2_1432
QG3925	0.999990	0.000010	LD_0.9_2_1432
QG3926	0.999990	0.000010	LD_0.9_2_1432
QG3927	0.999990	0.000010	LD_0.9_2_1432
QG3931	0.999990	0.000010	LD_0.9_2_1432
QG3932	0.999990	0.000010	LD_0.9_2_1432
QG3933	0.999990	0.000010	LD_0.9_2_1432
QG4026	0.000010	0.999990	LD_0.9_2_1432
QG4028	0.000010	0.999990	LD_0.9_2_1432
QG4031	0.000010	0.999990	LD_0.9_2_1432
QG4063	0.000010	0.999990	LD_0.9_2_1432
QG4064	0.000010	0.999990	LD_0.9_2_1432
QG4067	0.000010	0.999990	LD_0.9_2_1432
QG4068	0.000010	0.999990	LD_0.9_2_1432
QG4070	0.999990	0.000010	LD_0.9_2_1432
QG4093	0.000010	0.999990	LD_0.9_2_1432
QG4094	0.000010	0.999990	LD_0.9_2_1432
QG4095	0.000010	0.999990	LD_0.9_2_1432
QG4096	0.000010	0.999990	LD_0.9_2_1432
QG4097	0.000010	0.999990	LD_0.9_2_1432
QG4104	0.000010	0.999990	LD_0.9_2_1432
QG4114	0.000010	0.999990	LD_0.9_2_1432
QG4131	0.000010	0.999990	LD_0.9_2_1432
QG4132	0.000010	0.999990	LD_0.9_2_1432
QG4208	0.000010	0.999990	LD_0.9_2_1432
QG4214	0.000010	0.999990	LD_0.9_2_1432
QG4225	0.000010	0.999990	LD_0.9_2_1432
QG4232	0.000010	0.999990	LD_0.9_2_1432
QG4233	0.000010	0.999990	LD_0.9_2_1432
QG4647	0.999990	0.000010	LD_0.9_2_1432
QG4648	0.999990	0.000010	LD_0.9_2_1432
QG4683	0.999990	0.000010	LD_0.9_2_1432
QG4701	0.999990	0.000010	LD_0.9_2_1432
QG4706	0.999990	0.000010	LD_0.9_2_1432
QG4718	0.999990	0.000010	LD_0.9_2_1432
QG4742	0.999990	0.000010	LD_0.9_2_1432
QG4805	0.999990	0.000010	LD_0.9_2_1432
QG4847	0.999990	0.000010	LD_0.9_2_1432
QG4966	0.999990	0.000010	LD_0.9_2_1432
QG5348	0.999990	0.000010	LD_0.9_2_1432
QG5406	0.999990	0.000010	LD_0.9_2_1432
QG547	0.601307	0.398693	LD_0.9_2_1432
QG5474	0.999990	0.000010	LD_0.9_2_1432
QG5488	0.999990	0.000010	LD_0.9_2_1432
QG550	0.999990	0.000010	LD_0.9_2_1432
QG5507	0.999990	0.000010	LD_0.9_2_1432
QG5525	0.999990	0.000010	LD_0.9_2_1432
QG5589	0.999990	0.000010	LD_0.9_2_1432
QG5603	0.999990	0.000010	LD_0.9_2_1432
QG5611	0.999990	0.000010	LD_0.9_2_1432
QG5612	0.999990	0.000010	LD_0.9_2_1432
QG5633	0.999990	0.000010	LD_0.9_2_1432
QG581	0.601089	0.398911	LD_0.9_2_1432
QG588	0.605742	0.394258	LD_0.9_2_1432
QG700	0.999990	0.000010	LD_0.9_2_1432
QG727	0.999990	0.000010	LD_0.9_2_1432
QG733	0.999990	0.000010	LD_0.9_2_1432
QG736	0.999990	0.000010	LD_0.9_2_1432
QG737	0.999990	0.000010	LD_0.9_2_1432
QG739	0.999990	0.000010	LD_0.9_2_1432
QG761	0.999990	0.000010	LD_0.9_2_1432
QG763	0.999990	0.000010	LD_0.9_2_1432
QG776	0.999990	0.000010	LD_0.9_2_1432
QG781	0.999990	0.000010	LD_0.9_2_1432
QG784	0.999990	0.000010	LD_0.9_2_1432
QG786	0.999990	0.000010	LD_0.9_2_1432
QG788	0.999990	0.000010	LD_0.9_2_1432
QG790	0.999990	0.000010	LD_0.9_2_1432
QG791	0.999990	0.000010	LD_0.9_2_1432
QG795	0.999990	0.000010	LD_0.9_2_1432
QG797	0.999990	0.000010	LD_0.9_2_1432
QG802	0.999990	0.000010	LD_0.9_2_1432
QG804	0.999990	0.000010	LD_0.9_2_1432
QG806	0.999990	0.000010	LD_0.9_2_1432
QG807	0.999990	0.000010	LD_0.9_2_1432
QG808	0.999990	0.000010	LD_0.9_2_1432
QG809	0.999990	0.000010	LD_0.9_2_1432
QG825	0.999990	0.000010	LD_0.9_2_1432
QG827	0.999990	0.000010	LD_0.9_2_1432
QG828	0.999990	0.000010	LD_0.9_2_1432
QG833	0.999990	0.000010	LD_0.9_2_1432
QG855	0.999990	0.000010	LD_0.9_2_1432
QG856	0.999990	0.000010	LD_0.9_2_1432
QG858	0.999990	0.000010	LD_0.9_2_1432
QG860	0.999990	0.000010	LD_0.9_2_1432
QG864	0.999990	0.000010	LD_0.9_2_1432
QG865	0.999990	0.000010	LD_0.9_2_1432
QG866	0.999990	0.000010	LD_0.9_2_1432
QG868	0.999990	0.000010	LD_0.9_2_1432
QG874	0.999990	0.000010	LD_0.9_2_1432
QG875	0.999990	0.000010	LD_0.9_2_1432
QG878	0.999990	0.000010	LD_0.9_2_1432
QG879	0.999990	0.000010	LD_0.9_2_1432
QG880	0.999990	0.000010	LD_0.9_2_1432
QG881	0.999990	0.000010	LD_0.9_2_1432
QG887	0.999990	0.000010	LD_0.9_2_1432
QG888	0.999990	0.000010	LD_0.9_2_1432
QG926	0.999990	0.000010	LD_0.9_2_1432
QG927	0.999990	0.000010	LD_0.9_2_1432
QG933	0.999990	0.000010	LD_0.9_2_1432
QG937	0.999990	0.000010	LD_0.9_2_1432
QG945	0.999990	0.000010	LD_0.9_2_1432
QG946	0.999990	0.000010	LD_0.9_2_1432
QG947	0.999990	0.000010	LD_0.9_2_1432
QG948	0.999990	0.000010	LD_0.9_2_1432
QG952	0.999990	0.000010	LD_0.9_2_1432
QG978	0.999990	0.000010	LD_0.9_2_1432
QG980	0.999990	0.000010	LD_0.9_2_1432
QG986	0.999990	0.000010	LD_0.9_2_1432
QG991	0.999990	0.000010	LD_0.9_2_1432
QG994	0.999990	0.000010	LD_0.9_2_1432
QG995	0.999990	0.000010	LD_0.9_2_1432
QG997	0.999990	0.000010	LD_0.9_2_1432
QG998	0.999990	0.000010	LD_0.9_2_1432
QR25	0.598001	0.401999	LD_0.9_2_1432
QX1410	0.999990	0.000010	LD_0.9_2_1432
QX1547	0.601968	0.398032	LD_0.9_2_1432
QX1795	0.999990	0.000010	LD_0.9_2_1432
QX1796	0.999990	0.000010	LD_0.9_2_1432
QX1798	0.999990	0.000010	LD_0.9_2_1432
QX1800	0.999990	0.000010	LD_0.9_2_1432
QX1801	0.999990	0.000010	LD_0.9_2_1432
QX1802	0.999990	0.000010	LD_0.9_2_1432
QX1803	0.999990	0.000010	LD_0.9_2_1432
QX1804	0.999990	0.000010	LD_0.9_2_1432
SOW18	0.605460	0.394540	LD_0.9_2_1432
SOW21	0.606483	0.393517	LD_0.9_2_1432
SOW22	0.606616	0.393384	LD_0.9_2_1432
TT3408	0.999990	0.000010	LD_0.9_2_1432
TT3411	0.999990	0.000010	LD_0.9_2_1432
TWN1772	0.999990	0.000010	LD_0.9_2_1432
TWN1824	0.613277	0.386723	LD_0.9_2_1432
TWN1899	0.613510	0.386490	LD_0.9_2_1432
TWN1907	0.999990	0.000010	LD_0.9_2_1432
TWN2919	0.999990	0.000010	LD_0.9_2_1432
TWN3077	0.999990	0.000010	LD_0.9_2_1432
UH1	0.999990	0.000010	LD_0.9_2_1432
VSL2201	0.999990	0.000010	LD_0.9_2_1432
VSL2207	0.000010	0.999990	LD_0.9_2_1432
VSL2209	0.000010	0.999990	LD_0.9_2_1432
VSL2210	0.999990	0.000010	LD_0.9_2_1432
VSL2212	0.999990	0.000010	LD_0.9_2_1432
VSL2213	0.999990	0.000010	LD_0.9_2_1432
VSL2215	0.999990	0.000010	LD_0.9_2_1432
VSL2216	0.999990	0.000010	LD_0.9_2_1432
VSL2217	0.999990	0.000010	LD_0.9_2_1432
VSL2219	0.999990	0.000010	LD_0.9_2_1432
VT847	0.999990	0.000010	LD_0.9_2_1432
VX34	0.593316	0.406684	LD_0.9_2_1432
XZ1204	0.999990	0.000010	LD_0.9_2_1432
XZ1205	0.999990	0.000010	LD_0.9_2_1432
XZ1206	0.999990	0.000010	LD_0.9_2_1432
XZ1207	0.999990	0.000010	LD_0.9_2_1432
XZ1210	0.999990	0.000010	LD_0.9_2_1432
XZ1212	0.999990	0.000010	LD_0.9_2_1432
XZ1213	0.999990	0.000010	LD_0.9_2_1432
XZ1731	0.999990	0.000010	LD_0.9_2_1432
XZ1732	0.999990	0.000010	LD_0.9_2_1432
ZZY0992	0.999990	0.000010	LD_0.9_2_1432
ZZY1034	0.999990	0.000010	LD_0.9_2_1432
ZZY1075	0.999990	0.000010	LD_0.9_2_1432
ZZY1123	0.999990	0.000010	LD_0.9_2_1432
ZZY1130	0.999990	0.000010	LD_0.9_2_1432
ZZY405	0.999990	0.000010	LD_0.9_2_1432
AF16	0.999990	0.000010	LD_0.9_2_1468
BRC20069	0.999990	0.000010	LD_0.9_2_1468
BRC20073	0.999990	0.000010	LD_0.9_2_1468
BRC20075	0.400612	0.599388	LD_0.9_2_1468
BRC20077	0.999990	0.000010	LD_0.9_2_1468
BRC20081	0.710143	0.289857	LD_0.9_2_1468
BRC20085	0.999990	0.000010	LD_0.9_2_1468
BRC20088	0.724453	0.275547	LD_0.9_2_1468
BRC20089	0.999990	0.000010	LD_0.9_2_1468
BRC20090	0.999990	0.000010	LD_0.9_2_1468
BRC20092	0.999990	0.000010	LD_0.9_2_1468
BRC20093	0.999990	0.000010	LD_0.9_2_1468
BRC20094	0.999990	0.000010	LD_0.9_2_1468
BRC20095	0.999990	0.000010	LD_0.9_2_1468
BRC20096	0.999990	0.000010	LD_0.9_2_1468
BRC20098	0.999990	0.000010	LD_0.9_2_1468
BRC20099	0.999990	0.000010	LD_0.9_2_1468
BRC20100	0.999990	0.000010	LD_0.9_2_1468
BRC20102	0.999990	0.000010	LD_0.9_2_1468
BRC20103	0.999990	0.000010	LD_0.9_2_1468
BRC20105	0.999990	0.000010	LD_0.9_2_1468
BRC20107	0.999990	0.000010	LD_0.9_2_1468
BRC20115	0.411240	0.588760	LD_0.9_2_1468
BRC20119	0.999990	0.000010	LD_0.9_2_1468
BRC20228	0.999990	0.000010	LD_0.9_2_1468
BRC20229	0.409120	0.590880	LD_0.9_2_1468
BRC20230	0.713584	0.286416	LD_0.9_2_1468
BRC20232	0.404419	0.595581	LD_0.9_2_1468
BRC20238	0.710658	0.289342	LD_0.9_2_1468
BRC20239	0.400211	0.599789	LD_0.9_2_1468
BRC20241	0.999990	0.000010	LD_0.9_2_1468
BRC20242	0.999990	0.000010	LD_0.9_2_1468
BRC20244	0.724548	0.275452	LD_0.9_2_1468
BRC20246	0.715277	0.284723	LD_0.9_2_1468
BRC20257	0.999990	0.000010	LD_0.9_2_1468
BRC20260	0.999990	0.000010	LD_0.9_2_1468
BRC20270	0.704306	0.295694	LD_0.9_2_1468
BRC20272	0.701999	0.298001	LD_0.9_2_1468
BRC20289	0.704409	0.295591	LD_0.9_2_1468
BRC20290	0.706449	0.293551	LD_0.9_2_1468
BRC20294	0.999990	0.000010	LD_0.9_2_1468
BRC20308	0.716530	0.283470	LD_0.9_2_1468
BRC20309	0.715504	0.284496	LD_0.9_2_1468
BRC20311	0.695967	0.304033	LD_0.9_2_1468
BRC20312	0.712441	0.287559	LD_0.9_2_1468
BRC20315	0.708031	0.291969	LD_0.9_2_1468
BRC20320	0.719911	0.280089	LD_0.9_2_1468
BRC20324	0.636598	0.363402	LD_0.9_2_1468
BRC20331	0.710982	0.289018	LD_0.9_2_1468
BRC20333	0.715943	0.284057	LD_0.9_2_1468
BRC20334	0.702868	0.297132	LD_0.9_2_1468
BRC20339	0.712805	0.287195	LD_0.9_2_1468
BRC20341	0.718967	0.281033	LD_0.9_2_1468
BRC20343	0.411361	0.588639	LD_0.9_2_1468
BRC20346	0.713460	0.286540	LD_0.9_2_1468
BRC20347	0.403172	0.596828	LD_0.9_2_1468
BRC20348	0.715654	0.284346	LD_0.9_2_1468
BRC20353	0.999990	0.000010	LD_0.9_2_1468
BRC20360	0.999990	0.000010	LD_0.9_2_1468
BRC20361	0.999990	0.000010	LD_0.9_2_1468
BRC20362	0.999990	0.000010	LD_0.9_2_1468
BRC20366	0.711050	0.288950	LD_0.9_2_1468
BRC20367	0.717744	0.282256	LD_0.9_2_1468
BRC20369	0.999990	0.000010	LD_0.9_2_1468
BRC20370	0.716217	0.283783	LD_0.9_2_1468
BRC20388	0.380340	0.619660	LD_0.9_2_1468
BRC20390	0.715758	0.284242	LD_0.9_2_1468
BRC20401	0.999990	0.000010	LD_0.9_2_1468
BRC20463	0.702461	0.297539	LD_0.9_2_1468
BRC20492	0.416592	0.583408	LD_0.9_2_1468
BRC20499	0.719434	0.280566	LD_0.9_2_1468
BRC20501	0.710468	0.289532	LD_0.9_2_1468
BRC20502	0.413208	0.586792	LD_0.9_2_1468
BRC20503	0.413521	0.586479	LD_0.9_2_1468
BRC20519	0.416999	0.583001	LD_0.9_2_1468
BRC20520	0.417395	0.582605	LD_0.9_2_1468
BRC20522	0.411750	0.588250	LD_0.9_2_1468
BRC20524	0.410872	0.589128	LD_0.9_2_1468
BRC20529	0.715672	0.284328	LD_0.9_2_1468
BRC20530	0.403427	0.596573	LD_0.9_2_1468
BRC20531	0.402675	0.597325	LD_0.9_2_1468
BRC20532	0.714880	0.285120	LD_0.9_2_1468
BRC20533	0.713644	0.286356	LD_0.9_2_1468
BRC20534	0.701796	0.298204	LD_0.9_2_1468
BRC20535	0.706184	0.293816	LD_0.9_2_1468
BRC20536	0.693856	0.306144	LD_0.9_2_1468
BRC20537	0.712249	0.287751	LD_0.9_2_1468
BRC20541	0.422066	0.577934	LD_0.9_2_1468
BRC20543	0.701916	0.298084	LD_0.9_2_1468
BRC20544	0.717882	0.282118	LD_0.9_2_1468
BRC20545	0.715087	0.284913	LD_0.9_2_1468
BRC20556	0.999990	0.000010	LD_0.9_2_1468
BRC20557	0.723656	0.276344	LD_0.9_2_1468
BRC20565	0.999990	0.000010	LD_0.9_2_1468
BRC20571	0.999990	0.000010	LD_0.9_2_1468
BRC20574	0.999990	0.000010	LD_0.9_2_1468
BW287	0.374884	0.625116	LD_0.9_2_1468
DF5100	0.999990	0.000010	LD_0.9_2_1468
ECA1129	0.999990	0.000010	LD_0.9_2_1468
ECA1143	0.999990	0.000010	LD_0.9_2_1468
ECA1147	0.999990	0.000010	LD_0.9_2_1468
ECA1149	0.997222	0.002778	LD_0.9_2_1468
ECA1160	0.999990	0.000010	LD_0.9_2_1468
ECA1164	0.999990	0.000010	LD_0.9_2_1468
ECA1170	0.752352	0.247648	LD_0.9_2_1468
ECA1174	0.999990	0.000010	LD_0.9_2_1468
ECA1383	0.736970	0.263030	LD_0.9_2_1468
ECA1411	0.999990	0.000010	LD_0.9_2_1468
ECA1423	0.999990	0.000010	LD_0.9_2_1468
ECA1429	0.999990	0.000010	LD_0.9_2_1468
ECA1431	0.999990	0.000010	LD_0.9_2_1468
ECA1437	0.999990	0.000010	LD_0.9_2_1468
ECA1439	0.999990	0.000010	LD_0.9_2_1468
ECA1443	0.798887	0.201113	LD_0.9_2_1468
ECA1471	0.999990	0.000010	LD_0.9_2_1468
ECA1489	0.999990	0.000010	LD_0.9_2_1468
ECA1507	0.999990	0.000010	LD_0.9_2_1468
ECA1509	0.999990	0.000010	LD_0.9_2_1468
ECA1517	0.999990	0.000010	LD_0.9_2_1468
ECA1521	0.999990	0.000010	LD_0.9_2_1468
ECA1555	0.999990	0.000010	LD_0.9_2_1468
ECA1559	0.749882	0.250118	LD_0.9_2_1468
ECA1563	0.999990	0.000010	LD_0.9_2_1468
ECA1571	0.999990	0.000010	LD_0.9_2_1468
ECA1587	0.999990	0.000010	LD_0.9_2_1468
ECA1605	0.784032	0.215968	LD_0.9_2_1468
ECA1609	0.999990	0.000010	LD_0.9_2_1468
ECA161	0.999990	0.000010	LD_0.9_2_1468
ECA1611	0.999990	0.000010	LD_0.9_2_1468
ECA1615	0.999990	0.000010	LD_0.9_2_1468
ECA162	0.999990	0.000010	LD_0.9_2_1468
ECA1621	0.999990	0.000010	LD_0.9_2_1468
ECA163	0.348764	0.651236	LD_0.9_2_1468
ECA1637	0.999990	0.000010	LD_0.9_2_1468
ECA1657	0.999990	0.000010	LD_0.9_2_1468
ECA1701	0.999990	0.000010	LD_0.9_2_1468
ECA175	0.999990	0.000010	LD_0.9_2_1468
ECA176	0.999990	0.000010	LD_0.9_2_1468
ECA177	0.999990	0.000010	LD_0.9_2_1468
ECA180	0.999990	0.000010	LD_0.9_2_1468
ECA182	0.999990	0.000010	LD_0.9_2_1468
ECA183	0.999990	0.000010	LD_0.9_2_1468
ECA185	0.999990	0.000010	LD_0.9_2_1468
ECA186	0.999990	0.000010	LD_0.9_2_1468
ECA2083	0.999990	0.000010	LD_0.9_2_1468
ECA2093	0.999990	0.000010	LD_0.9_2_1468
ECA2115	0.999990	0.000010	LD_0.9_2_1468
ECA2299	0.706437	0.293563	LD_0.9_2_1468
ECA2373	0.999990	0.000010	LD_0.9_2_1468
ECA2385	0.708367	0.291633	LD_0.9_2_1468
ECA2425	0.999990	0.000010	LD_0.9_2_1468
ECA2617	0.000010	0.999990	LD_0.9_2_1468
ECA2618	0.000010	0.999990	LD_0.9_2_1468
ECA2621	0.000010	0.999990	LD_0.9_2_1468
ECA2623	0.999990	0.000010	LD_0.9_2_1468
ECA2625	0.999990	0.000010	LD_0.9_2_1468
ECA2626	0.999990	0.000010	LD_0.9_2_1468
ECA2636	0.999990	0.000010	LD_0.9_2_1468
ECA2637	0.999990	0.000010	LD_0.9_2_1468
ECA2639	0.000010	0.999990	LD_0.9_2_1468
ECA2645	0.999990	0.000010	LD_0.9_2_1468
ECA2647	0.000010	0.999990	LD_0.9_2_1468
ECA2663	0.999990	0.000010	LD_0.9_2_1468
ECA2664	0.999990	0.000010	LD_0.9_2_1468
ECA2666	0.000010	0.999990	LD_0.9_2_1468
ECA2667	0.999990	0.000010	LD_0.9_2_1468
ECA2670	0.000010	0.999990	LD_0.9_2_1468
ECA276	0.351014	0.648986	LD_0.9_2_1468
ECA278	0.378748	0.621252	LD_0.9_2_1468
ECA2808	0.999990	0.000010	LD_0.9_2_1468
ECA287	0.732018	0.267982	LD_0.9_2_1468
ECA288	0.978945	0.021055	LD_0.9_2_1468
ECA2883	0.999990	0.000010	LD_0.9_2_1468
ECA2890	0.999990	0.000010	LD_0.9_2_1468
ECA2894	0.999990	0.000010	LD_0.9_2_1468
ECA2936	0.785608	0.214392	LD_0.9_2_1468
ECA2975	0.999990	0.000010	LD_0.9_2_1468
ECA3091	0.999990	0.000010	LD_0.9_2_1468
ECA343	0.999990	0.000010	LD_0.9_2_1468
ECA346	0.999990	0.000010	LD_0.9_2_1468
ECA3502	0.744542	0.255458	LD_0.9_2_1468
ECA3503	0.999990	0.000010	LD_0.9_2_1468
ECA3509	0.999990	0.000010	LD_0.9_2_1468
ECA3708	0.999990	0.000010	LD_0.9_2_1468
ECA371	0.999990	0.000010	LD_0.9_2_1468
ECA3712	0.999990	0.000010	LD_0.9_2_1468
ECA3713	0.999990	0.000010	LD_0.9_2_1468
ECA3899	0.999990	0.000010	LD_0.9_2_1468
ECA4382	0.999990	0.000010	LD_0.9_2_1468
ECA4390	0.999990	0.000010	LD_0.9_2_1468
ECA4394	0.999990	0.000010	LD_0.9_2_1468
ECA4402	0.999990	0.000010	LD_0.9_2_1468
ECA569	0.379570	0.620430	LD_0.9_2_1468
ED3032	0.999990	0.000010	LD_0.9_2_1468
ED3037	0.999990	0.000010	LD_0.9_2_1468
ED3088	0.999990	0.000010	LD_0.9_2_1468
ED3102	0.326346	0.673654	LD_0.9_2_1468
EG4360	0.371687	0.628313	LD_0.9_2_1468
EG5612	0.999990	0.000010	LD_0.9_2_1468
EG5613	0.999990	0.000010	LD_0.9_2_1468
EG6179	0.999990	0.000010	LD_0.9_2_1468
EG6260	0.999990	0.000010	LD_0.9_2_1468
EG6261	0.999990	0.000010	LD_0.9_2_1468
EG6265	0.787709	0.212291	LD_0.9_2_1468
EG6267	0.999990	0.000010	LD_0.9_2_1468
EG6271	0.999990	0.000010	LD_0.9_2_1468
EG6272	0.999990	0.000010	LD_0.9_2_1468
EG6274	0.999990	0.000010	LD_0.9_2_1468
EG6275	0.999990	0.000010	LD_0.9_2_1468
EG6276	0.999990	0.000010	LD_0.9_2_1468
EG6329	0.999990	0.000010	LD_0.9_2_1468
GUN124	0.384419	0.615581	LD_0.9_2_1468
GXW22	0.999990	0.000010	LD_0.9_2_1468
GXW23	0.999990	0.000010	LD_0.9_2_1468
HK104	0.377523	0.622477	LD_0.9_2_1468
HPT11	0.343826	0.656174	LD_0.9_2_1468
HPT16	0.999990	0.000010	LD_0.9_2_1468
HPT18	0.351775	0.648225	LD_0.9_2_1468
HPT19	0.999990	0.000010	LD_0.9_2_1468
HPT2	0.999990	0.000010	LD_0.9_2_1468
HPT21	0.999990	0.000010	LD_0.9_2_1468
HPT24	0.346815	0.653185	LD_0.9_2_1468
HPT34	0.999990	0.000010	LD_0.9_2_1468
HPT37	0.999990	0.000010	LD_0.9_2_1468
HPT4	0.999990	0.000010	LD_0.9_2_1468
HPT42	0.999990	0.000010	LD_0.9_2_1468
HPT52	0.999990	0.000010	LD_0.9_2_1468
HPT53	0.999990	0.000010	LD_0.9_2_1468
HPT54	0.999990	0.000010	LD_0.9_2_1468
HPT55	0.999990	0.000010	LD_0.9_2_1468
HPT59	0.999990	0.000010	LD_0.9_2_1468
HPT60	0.999990	0.000010	LD_0.9_2_1468
HPT62	0.999990	0.000010	LD_0.9_2_1468
HPT63	0.999990	0.000010	LD_0.9_2_1468
HPT7	0.999990	0.000010	LD_0.9_2_1468
HPT8	0.999990	0.000010	LD_0.9_2_1468
HPT9	0.999990	0.000010	LD_0.9_2_1468
JU1085	0.372811	0.627189	LD_0.9_2_1468
JU1337	0.999990	0.000010	LD_0.9_2_1468
JU1338	0.999990	0.000010	LD_0.9_2_1468
JU1341	0.000010	0.999990	LD_0.9_2_1468
JU1346	0.999990	0.000010	LD_0.9_2_1468
JU1347	0.999990	0.000010	LD_0.9_2_1468
JU1348	0.000010	0.999990	LD_0.9_2_1468
JU1375	0.999990	0.000010	LD_0.9_2_1468
JU1377	0.999990	0.000010	LD_0.9_2_1468
JU1378	0.999990	0.000010	LD_0.9_2_1468
JU1392	0.999990	0.000010	LD_0.9_2_1468
JU1399	0.999990	0.000010	LD_0.9_2_1468
JU1424	0.999990	0.000010	LD_0.9_2_1468
JU1435	0.999990	0.000010	LD_0.9_2_1468
JU1564	0.382965	0.617035	LD_0.9_2_1468
JU1637	0.999990	0.000010	LD_0.9_2_1468
JU1638	0.999990	0.000010	LD_0.9_2_1468
JU1794	0.999990	0.000010	LD_0.9_2_1468
JU1795	0.999990	0.000010	LD_0.9_2_1468
JU1799	0.999990	0.000010	LD_0.9_2_1468
JU1802	0.999990	0.000010	LD_0.9_2_1468
JU1814	0.999990	0.000010	LD_0.9_2_1468
JU1884	0.999990	0.000010	LD_0.9_2_1468
JU1885	0.999990	0.000010	LD_0.9_2_1468
JU1907	0.999990	0.000010	LD_0.9_2_1468
JU1908	0.999990	0.000010	LD_0.9_2_1468
JU1909	0.999990	0.000010	LD_0.9_2_1468
JU1913	0.999990	0.000010	LD_0.9_2_1468
JU2053	0.999990	0.000010	LD_0.9_2_1468
JU2054	0.999990	0.000010	LD_0.9_2_1468
JU2056	0.999990	0.000010	LD_0.9_2_1468
JU2057	0.999990	0.000010	LD_0.9_2_1468
JU2160	0.999990	0.000010	LD_0.9_2_1468
JU2162	0.998732	0.001268	LD_0.9_2_1468
JU2214	0.999990	0.000010	LD_0.9_2_1468
JU2216	0.723584	0.276416	LD_0.9_2_1468
JU2457	0.731565	0.268435	LD_0.9_2_1468
JU2470	0.996142	0.003858	LD_0.9_2_1468
JU2472	0.999990	0.000010	LD_0.9_2_1468
JU2507	0.999990	0.000010	LD_0.9_2_1468
JU2518	0.999990	0.000010	LD_0.9_2_1468
JU2536	0.378314	0.621686	LD_0.9_2_1468
JU2618	0.999990	0.000010	LD_0.9_2_1468
JU2799	0.999990	0.000010	LD_0.9_2_1468
JU2836	0.999990	0.000010	LD_0.9_2_1468
JU2849	0.999990	0.000010	LD_0.9_2_1468
JU2861	0.999990	0.000010	LD_0.9_2_1468
JU2868	0.999990	0.000010	LD_0.9_2_1468
JU2872	0.377051	0.622949	LD_0.9_2_1468
JU2910	0.999990	0.000010	LD_0.9_2_1468
JU3168	0.308094	0.691906	LD_0.9_2_1468
JU3171	0.999990	0.000010	LD_0.9_2_1468
JU3199	0.000010	0.999990	LD_0.9_2_1468
JU3200	0.000010	0.999990	LD_0.9_2_1468
JU3201	0.000010	0.999990	LD_0.9_2_1468
JU3202	0.000010	0.999990	LD_0.9_2_1468
JU3203	0.000010	0.999990	LD_0.9_2_1468
JU3206	0.000010	0.999990	LD_0.9_2_1468
JU3207	0.999990	0.000010	LD_0.9_2_1468
JU3237	0.998079	0.001921	LD_0.9_2_1468
JU3281	0.999990	0.000010	LD_0.9_2_1468
JU3319	0.999990	0.000010	LD_0.9_2_1468
JU3321	0.999990	0.000010	LD_0.9_2_1468
JU3326	0.381742	0.618258	LD_0.9_2_1468
JU3327	0.999990	0.000010	LD_0.9_2_1468
JU3416	0.363852	0.636148	LD_0.9_2_1468
JU4042	0.999990	0.000010	LD_0.9_2_1468
JU4051	0.999990	0.000010	LD_0.9_2_1468
JU4058	0.993381	0.006619	LD_0.9_2_1468
JU4060	0.999990	0.000010	LD_0.9_2_1468
JU4062	0.999990	0.000010	LD_0.9_2_1468
JU4064	0.999990	0.000010	LD_0.9_2_1468
JU4080	0.999990	0.000010	LD_0.9_2_1468
JU4084	0.999990	0.000010	LD_0.9_2_1468
JU4097	0.999990	0.000010	LD_0.9_2_1468
JU725	0.999990	0.000010	LD_0.9_2_1468
MY2716	0.999990	0.000010	LD_0.9_2_1468
MY539	0.999990	0.000010	LD_0.9_2_1468
NIC1050	0.999990	0.000010	LD_0.9_2_1468
NIC1052	0.999990	0.000010	LD_0.9_2_1468
NIC1054	0.999990	0.000010	LD_0.9_2_1468
NIC1055	0.999990	0.000010	LD_0.9_2_1468
NIC1057	0.999990	0.000010	LD_0.9_2_1468
NIC1058	0.999990	0.000010	LD_0.9_2_1468
NIC1059	0.999990	0.000010	LD_0.9_2_1468
NIC1060	0.999990	0.000010	LD_0.9_2_1468
NIC1062	0.999990	0.000010	LD_0.9_2_1468
NIC1069	0.999990	0.000010	LD_0.9_2_1468
NIC1103	0.999990	0.000010	LD_0.9_2_1468
NIC1104	0.999990	0.000010	LD_0.9_2_1468
NIC1106	0.999990	0.000010	LD_0.9_2_1468
NIC1117	0.999990	0.000010	LD_0.9_2_1468
NIC1123	0.999990	0.000010	LD_0.9_2_1468
NIC1124	0.999990	0.000010	LD_0.9_2_1468
NIC1135	0.999990	0.000010	LD_0.9_2_1468
NIC1138	0.999990	0.000010	LD_0.9_2_1468
NIC1141	0.999990	0.000010	LD_0.9_2_1468
NIC115	0.999990	0.000010	LD_0.9_2_1468
NIC117	0.999990	0.000010	LD_0.9_2_1468
NIC1183	0.999990	0.000010	LD_0.9_2_1468
NIC119	0.999990	0.000010	LD_0.9_2_1468
NIC1190	0.999990	0.000010	LD_0.9_2_1468
NIC1202	0.999990	0.000010	LD_0.9_2_1468
NIC1204	0.999990	0.000010	LD_0.9_2_1468
NIC1205	0.710836	0.289164	LD_0.9_2_1468
NIC1218	0.999990	0.000010	LD_0.9_2_1468
NIC1220	0.717532	0.282468	LD_0.9_2_1468
NIC1221	0.999990	0.000010	LD_0.9_2_1468
NIC123	0.999990	0.000010	LD_0.9_2_1468
NIC1267	0.999990	0.000010	LD_0.9_2_1468
NIC1283	0.999990	0.000010	LD_0.9_2_1468
NIC1288	0.999990	0.000010	LD_0.9_2_1468
NIC1292	0.999990	0.000010	LD_0.9_2_1468
NIC1302	0.999990	0.000010	LD_0.9_2_1468
NIC1304	0.999990	0.000010	LD_0.9_2_1468
NIC1308	0.999990	0.000010	LD_0.9_2_1468
NIC1407	0.999990	0.000010	LD_0.9_2_1468
NIC1421	0.999990	0.000010	LD_0.9_2_1468
NIC1423	0.999990	0.000010	LD_0.9_2_1468
NIC1442	0.999990	0.000010	LD_0.9_2_1468
NIC1491	0.999990	0.000010	LD_0.9_2_1468
NIC1525	0.999990	0.000010	LD_0.9_2_1468
NIC1528	0.999990	0.000010	LD_0.9_2_1468
NIC1529	0.999990	0.000010	LD_0.9_2_1468
NIC1533	0.999990	0.000010	LD_0.9_2_1468
NIC1535	0.999990	0.000010	LD_0.9_2_1468
NIC1539	0.715612	0.284388	LD_0.9_2_1468
NIC1540	0.409247	0.590753	LD_0.9_2_1468
NIC1562	0.718911	0.281089	LD_0.9_2_1468
NIC1589	0.402405	0.597595	LD_0.9_2_1468
NIC1590	0.723484	0.276516	LD_0.9_2_1468
NIC1591	0.403301	0.596699	LD_0.9_2_1468
NIC1593	0.400879	0.599121	LD_0.9_2_1468
NIC1595	0.714478	0.285522	LD_0.9_2_1468
NIC1598	0.720087	0.279913	LD_0.9_2_1468
NIC1602	0.706892	0.293108	LD_0.9_2_1468
NIC1607	0.412735	0.587265	LD_0.9_2_1468
NIC1628	0.999990	0.000010	LD_0.9_2_1468
NIC1630	0.716322	0.283678	LD_0.9_2_1468
NIC1631	0.713049	0.286951	LD_0.9_2_1468
NIC1632	0.382346	0.617654	LD_0.9_2_1468
NIC1633	0.377479	0.622521	LD_0.9_2_1468
NIC1635	0.375698	0.624302	LD_0.9_2_1468
NIC1645	0.722439	0.277561	LD_0.9_2_1468
NIC1660	0.712999	0.287001	LD_0.9_2_1468
NIC1661	0.712944	0.287056	LD_0.9_2_1468
NIC1662	0.720179	0.279821	LD_0.9_2_1468
NIC1663	0.718937	0.281063	LD_0.9_2_1468
NIC1664	0.402419	0.597581	LD_0.9_2_1468
NIC1665	0.401538	0.598462	LD_0.9_2_1468
NIC1666	0.716903	0.283097	LD_0.9_2_1468
NIC1667	0.702078	0.297922	LD_0.9_2_1468
NIC1681	0.698292	0.301708	LD_0.9_2_1468
NIC1688	0.999990	0.000010	LD_0.9_2_1468
NIC1692	0.730961	0.269039	LD_0.9_2_1468
NIC1693	0.722504	0.277496	LD_0.9_2_1468
NIC17	0.999990	0.000010	LD_0.9_2_1468
NIC174	0.383919	0.616081	LD_0.9_2_1468
NIC187	0.999990	0.000010	LD_0.9_2_1468
NIC188	0.999990	0.000010	LD_0.9_2_1468
NIC19	0.418933	0.581067	LD_0.9_2_1468
NIC191	0.999990	0.000010	LD_0.9_2_1468
NIC20	0.403567	0.596433	LD_0.9_2_1468
NIC21	0.400499	0.599501	LD_0.9_2_1468
NIC22	0.403526	0.596474	LD_0.9_2_1468
NIC2369	0.999990	0.000010	LD_0.9_2_1468
NIC248	0.999990	0.000010	LD_0.9_2_1468
NIC250	0.999990	0.000010	LD_0.9_2_1468
NIC2527	0.999990	0.000010	LD_0.9_2_1468
NIC309	0.999990	0.000010	LD_0.9_2_1468
NIC325	0.999990	0.000010	LD_0.9_2_1468
NIC327	0.999990	0.000010	LD_0.9_2_1468
NIC329	0.999990	0.000010	LD_0.9_2_1468
NIC330	0.999990	0.000010	LD_0.9_2_1468
NIC331	0.999990	0.000010	LD_0.9_2_1468
NIC332	0.999990	0.000010	LD_0.9_2_1468
NIC333	0.999990	0.000010	LD_0.9_2_1468
NIC343	0.999990	0.000010	LD_0.9_2_1468
NIC392	0.999990	0.000010	LD_0.9_2_1468
NIC400	0.999990	0.000010	LD_0.9_2_1468
NIC402	0.999990	0.000010	LD_0.9_2_1468
NIC419	0.999990	0.000010	LD_0.9_2_1468
NIC504	0.716351	0.283649	LD_0.9_2_1468
NIC505	0.716196	0.283804	LD_0.9_2_1468
NIC518	0.713808	0.286192	LD_0.9_2_1468
NIC519	0.713135	0.286865	LD_0.9_2_1468
NIC532	0.999990	0.000010	LD_0.9_2_1468
NIC541	0.999990	0.000010	LD_0.9_2_1468
NIC549	0.999990	0.000010	LD_0.9_2_1468
NIC552	0.999990	0.000010	LD_0.9_2_1468
NIC555	0.999990	0.000010	LD_0.9_2_1468
NIC574	0.999990	0.000010	LD_0.9_2_1468
NIC578	0.999990	0.000010	LD_0.9_2_1468
NIC583	0.999990	0.000010	LD_0.9_2_1468
NIC590	0.999990	0.000010	LD_0.9_2_1468
NIC593	0.999990	0.000010	LD_0.9_2_1468
NIC60	0.999990	0.000010	LD_0.9_2_1468
NIC61	0.999990	0.000010	LD_0.9_2_1468
NIC62	0.999990	0.000010	LD_0.9_2_1468
NIC67	0.999990	0.000010	LD_0.9_2_1468
NIC758	0.999990	0.000010	LD_0.9_2_1468
NIC777	0.999990	0.000010	LD_0.9_2_1468
NIC779	0.721786	0.278214	LD_0.9_2_1468
NIC790	0.999990	0.000010	LD_0.9_2_1468
NIC791	0.999990	0.000010	LD_0.9_2_1468
NIC792	0.999990	0.000010	LD_0.9_2_1468
NIC793	0.999990	0.000010	LD_0.9_2_1468
NIC795	0.999990	0.000010	LD_0.9_2_1468
NIC796	0.999990	0.000010	LD_0.9_2_1468
NIC802	0.999990	0.000010	LD_0.9_2_1468
NIC803	0.999990	0.000010	LD_0.9_2_1468
NIC805	0.707740	0.292260	LD_0.9_2_1468
NIC811	0.999990	0.000010	LD_0.9_2_1468
NIC814	0.709947	0.290053	LD_0.9_2_1468
NIC815	0.710478	0.289522	LD_0.9_2_1468
NIC816	0.403561	0.596439	LD_0.9_2_1468
NIC819	0.425731	0.574269	LD_0.9_2_1468
NIC821	0.999990	0.000010	LD_0.9_2_1468
NIC822	0.715553	0.284447	LD_0.9_2_1468
NIC824	0.716401	0.283599	LD_0.9_2_1468
NIC825	0.399661	0.600339	LD_0.9_2_1468
NIC827	0.408229	0.591771	LD_0.9_2_1468
NIC828	0.403139	0.596861	LD_0.9_2_1468
NIC863	0.726417	0.273583	LD_0.9_2_1468
NIC864	0.703398	0.296602	LD_0.9_2_1468
NIC865	0.721287	0.278713	LD_0.9_2_1468
NIC871	0.999990	0.000010	LD_0.9_2_1468
NIC883	0.999990	0.000010	LD_0.9_2_1468
NIC889	0.707195	0.292805	LD_0.9_2_1468
NIC893	0.417125	0.582875	LD_0.9_2_1468
NIC897	0.714818	0.285182	LD_0.9_2_1468
NIC899	0.379461	0.620539	LD_0.9_2_1468
NIC901	0.999990	0.000010	LD_0.9_2_1468
NIC911	0.999990	0.000010	LD_0.9_2_1468
NIC96	0.999990	0.000010	LD_0.9_2_1468
NIC984	0.999990	0.000010	LD_0.9_2_1468
NIC985	0.999990	0.000010	LD_0.9_2_1468
PB800	0.371005	0.628995	LD_0.9_2_1468
PB857	0.378530	0.621470	LD_0.9_2_1468
PE887	0.999990	0.000010	LD_0.9_2_1468
QG1005	0.999990	0.000010	LD_0.9_2_1468
QG1007	0.999990	0.000010	LD_0.9_2_1468
QG1111	0.999990	0.000010	LD_0.9_2_1468
QG1126	0.999990	0.000010	LD_0.9_2_1468
QG1141	0.999990	0.000010	LD_0.9_2_1468
QG1155	0.999990	0.000010	LD_0.9_2_1468
QG130	0.999990	0.000010	LD_0.9_2_1468
QG132	0.999990	0.000010	LD_0.9_2_1468
QG133	0.790905	0.209095	LD_0.9_2_1468
QG2641	0.999990	0.000010	LD_0.9_2_1468
QG2648	0.999990	0.000010	LD_0.9_2_1468
QG2659	0.999990	0.000010	LD_0.9_2_1468
QG2663	0.999990	0.000010	LD_0.9_2_1468
QG2665	0.999990	0.000010	LD_0.9_2_1468
QG2683	0.999990	0.000010	LD_0.9_2_1468
QG2736	0.999990	0.000010	LD_0.9_2_1468
QG2814	0.999990	0.000010	LD_0.9_2_1468
QG2820	0.999990	0.000010	LD_0.9_2_1468
QG2848	0.999990	0.000010	LD_0.9_2_1468
QG2880	0.999990	0.000010	LD_0.9_2_1468
QG2881	0.999990	0.000010	LD_0.9_2_1468
QG2883	0.999990	0.000010	LD_0.9_2_1468
QG2884	0.999990	0.000010	LD_0.9_2_1468
QG2891	0.000010	0.999990	LD_0.9_2_1468
QG2892	0.999990	0.000010	LD_0.9_2_1468
QG2893	0.000010	0.999990	LD_0.9_2_1468
QG2895	0.999990	0.000010	LD_0.9_2_1468
QG2902	0.999990	0.000010	LD_0.9_2_1468
QG2903	0.999990	0.000010	LD_0.9_2_1468
QG2906	0.999990	0.000010	LD_0.9_2_1468
QG2908	0.000010	0.999990	LD_0.9_2_1468
QG2910	0.999990	0.000010	LD_0.9_2_1468
QG2919	0.000010	0.999990	LD_0.9_2_1468
QG2923	0.999990	0.000010	LD_0.9_2_1468
QG2925	0.999990	0.000010	LD_0.9_2_1468
QG2964	0.999990	0.000010	LD_0.9_2_1468
QG2966	0.999990	0.000010	LD_0.9_2_1468
QG2969	0.999990	0.000010	LD_0.9_2_1468
QG2972	0.999990	0.000010	LD_0.9_2_1468
QG2996	0.999990	0.000010	LD_0.9_2_1468
QG3004	0.999990	0.000010	LD_0.9_2_1468
QG3006	0.999990	0.000010	LD_0.9_2_1468
QG3019	0.999990	0.000010	LD_0.9_2_1468
QG3025	0.999990	0.000010	LD_0.9_2_1468
QG3030	0.999990	0.000010	LD_0.9_2_1468
QG3032	0.999990	0.000010	LD_0.9_2_1468
QG3034	0.999990	0.000010	LD_0.9_2_1468
QG3041	0.999990	0.000010	LD_0.9_2_1468
QG3053	0.999990	0.000010	LD_0.9_2_1468
QG3056	0.999990	0.000010	LD_0.9_2_1468
QG3057	0.999990	0.000010	LD_0.9_2_1468
QG3058	0.999990	0.000010	LD_0.9_2_1468
QG3527	0.999990	0.000010	LD_0.9_2_1468
QG3661	0.380912	0.619088	LD_0.9_2_1468
QG3783	0.999990	0.000010	LD_0.9_2_1468
QG3801	0.999990	0.000010	LD_0.9_2_1468
QG3815	0.999990	0.000010	LD_0.9_2_1468
QG3816	0.999990	0.000010	LD_0.9_2_1468
QG3823	0.999990	0.000010	LD_0.9_2_1468
QG3825	0.999990	0.000010	LD_0.9_2_1468
QG3826	0.999990	0.000010	LD_0.9_2_1468
QG3837	0.999990	0.000010	LD_0.9_2_1468
QG3851	0.999990	0.000010	LD_0.9_2_1468
QG3861	0.999990	0.000010	LD_0.9_2_1468
QG3867	0.999990	0.000010	LD_0.9_2_1468
QG3874	0.999990	0.000010	LD_0.9_2_1468
QG3875	0.999990	0.000010	LD_0.9_2_1468
QG3876	0.999990	0.000010	LD_0.9_2_1468
QG3878	0.999990	0.000010	LD_0.9_2_1468
QG3920	0.999990	0.000010	LD_0.9_2_1468
QG3921	0.999990	0.000010	LD_0.9_2_1468
QG3923	0.999990	0.000010	LD_0.9_2_1468
QG3924	0.999990	0.000010	LD_0.9_2_1468
QG3925	0.999990	0.000010	LD_0.9_2_1468
QG3926	0.999990	0.000010	LD_0.9_2_1468
QG3927	0.999990	0.000010	LD_0.9_2_1468
QG3931	0.999990	0.000010	LD_0.9_2_1468
QG3932	0.999990	0.000010	LD_0.9_2_1468
QG3933	0.999990	0.000010	LD_0.9_2_1468
QG4026	0.000010	0.999990	LD_0.9_2_1468
QG4028	0.000010	0.999990	LD_0.9_2_1468
QG4031	0.000010	0.999990	LD_0.9_2_1468
QG4063	0.000010	0.999990	LD_0.9_2_1468
QG4064	0.000010	0.999990	LD_0.9_2_1468
QG4067	0.000010	0.999990	LD_0.9_2_1468
QG4068	0.000010	0.999990	LD_0.9_2_1468
QG4070	0.999990	0.000010	LD_0.9_2_1468
QG4093	0.000010	0.999990	LD_0.9_2_1468
QG4094	0.000010	0.999990	LD_0.9_2_1468
QG4095	0.000010	0.999990	LD_0.9_2_1468
QG4096	0.000010	0.999990	LD_0.9_2_1468
QG4097	0.000010	0.999990	LD_0.9_2_1468
QG4104	0.000010	0.999990	LD_0.9_2_1468
QG4114	0.000010	0.999990	LD_0.9_2_1468
QG4131	0.000010	0.999990	LD_0.9_2_1468
QG4132	0.000010	0.999990	LD_0.9_2_1468
QG4208	0.000010	0.999990	LD_0.9_2_1468
QG4214	0.000010	0.999990	LD_0.9_2_1468
QG4225	0.000010	0.999990	LD_0.9_2_1468
QG4232	0.000010	0.999990	LD_0.9_2_1468
QG4233	0.000010	0.999990	LD_0.9_2_1468
QG4647	0.999990	0.000010	LD_0.9_2_1468
QG4648	0.999990	0.000010	LD_0.9_2_1468
QG4683	0.999990	0.000010	LD_0.9_2_1468
QG4701	0.999990	0.000010	LD_0.9_2_1468
QG4706	0.999990	0.000010	LD_0.9_2_1468
QG4718	0.999990	0.000010	LD_0.9_2_1468
QG4742	0.999990	0.000010	LD_0.9_2_1468
QG4805	0.999990	0.000010	LD_0.9_2_1468
QG4847	0.999990	0.000010	LD_0.9_2_1468
QG4966	0.999990	0.000010	LD_0.9_2_1468
QG5348	0.999990	0.000010	LD_0.9_2_1468
QG5406	0.999990	0.000010	LD_0.9_2_1468
QG547	0.375068	0.624932	LD_0.9_2_1468
QG5474	0.999990	0.000010	LD_0.9_2_1468
QG5488	0.999990	0.000010	LD_0.9_2_1468
QG550	0.999990	0.000010	LD_0.9_2_1468
QG5507	0.999990	0.000010	LD_0.9_2_1468
QG5525	0.999990	0.000010	LD_0.9_2_1468
QG5589	0.999990	0.000010	LD_0.9_2_1468
QG5603	0.999990	0.000010	LD_0.9_2_1468
QG5611	0.999990	0.000010	LD_0.9_2_1468
QG5612	0.999990	0.000010	LD_0.9_2_1468
QG5633	0.999990	0.000010	LD_0.9_2_1468
QG581	0.374282	0.625718	LD_0.9_2_1468
QG588	0.381365	0.618635	LD_0.9_2_1468
QG700	0.999990	0.000010	LD_0.9_2_1468
QG727	0.999990	0.000010	LD_0.9_2_1468
QG733	0.999990	0.000010	LD_0.9_2_1468
QG736	0.999990	0.000010	LD_0.9_2_1468
QG737	0.999990	0.000010	LD_0.9_2_1468
QG739	0.999990	0.000010	LD_0.9_2_1468
QG761	0.999990	0.000010	LD_0.9_2_1468
QG763	0.999990	0.000010	LD_0.9_2_1468
QG776	0.999990	0.000010	LD_0.9_2_1468
QG781	0.999990	0.000010	LD_0.9_2_1468
QG784	0.999990	0.000010	LD_0.9_2_1468
QG786	0.999990	0.000010	LD_0.9_2_1468
QG788	0.999990	0.000010	LD_0.9_2_1468
QG790	0.999990	0.000010	LD_0.9_2_1468
QG791	0.999990	0.000010	LD_0.9_2_1468
QG795	0.999990	0.000010	LD_0.9_2_1468
QG797	0.999990	0.000010	LD_0.9_2_1468
QG802	0.999990	0.000010	LD_0.9_2_1468
QG804	0.999990	0.000010	LD_0.9_2_1468
QG806	0.999990	0.000010	LD_0.9_2_1468
QG807	0.999990	0.000010	LD_0.9_2_1468
QG808	0.999990	0.000010	LD_0.9_2_1468
QG809	0.999990	0.000010	LD_0.9_2_1468
QG825	0.999990	0.000010	LD_0.9_2_1468
QG827	0.999990	0.000010	LD_0.9_2_1468
QG828	0.999990	0.000010	LD_0.9_2_1468
QG833	0.999990	0.000010	LD_0.9_2_1468
QG855	0.999990	0.000010	LD_0.9_2_1468
QG856	0.999990	0.000010	LD_0.9_2_1468
QG858	0.999990	0.000010	LD_0.9_2_1468
QG860	0.999990	0.000010	LD_0.9_2_1468
QG864	0.999990	0.000010	LD_0.9_2_1468
QG865	0.999990	0.000010	LD_0.9_2_1468
QG866	0.999990	0.000010	LD_0.9_2_1468
QG868	0.999990	0.000010	LD_0.9_2_1468
QG874	0.999990	0.000010	LD_0.9_2_1468
QG875	0.999990	0.000010	LD_0.9_2_1468
QG878	0.999990	0.000010	LD_0.9_2_1468
QG879	0.999990	0.000010	LD_0.9_2_1468
QG880	0.999990	0.000010	LD_0.9_2_1468
QG881	0.999990	0.000010	LD_0.9_2_1468
QG887	0.999990	0.000010	LD_0.9_2_1468
QG888	0.999990	0.000010	LD_0.9_2_1468
QG926	0.999990	0.000010	LD_0.9_2_1468
QG927	0.999990	0.000010	LD_0.9_2_1468
QG933	0.999990	0.000010	LD_0.9_2_1468
QG937	0.999990	0.000010	LD_0.9_2_1468
QG945	0.999990	0.000010	LD_0.9_2_1468
QG946	0.999990	0.000010	LD_0.9_2_1468
QG947	0.999990	0.000010	LD_0.9_2_1468
QG948	0.999990	0.000010	LD_0.9_2_1468
QG952	0.999990	0.000010	LD_0.9_2_1468
QG978	0.999990	0.000010	LD_0.9_2_1468
QG980	0.999990	0.000010	LD_0.9_2_1468
QG986	0.999990	0.000010	LD_0.9_2_1468
QG991	0.999990	0.000010	LD_0.9_2_1468
QG994	0.999990	0.000010	LD_0.9_2_1468
QG995	0.999990	0.000010	LD_0.9_2_1468
QG997	0.999990	0.000010	LD_0.9_2_1468
QG998	0.999990	0.000010	LD_0.9_2_1468
QR25	0.390408	0.609592	LD_0.9_2_1468
QX1410	0.999990	0.000010	LD_0.9_2_1468
QX1547	0.376066	0.623934	LD_0.9_2_1468
QX1795	0.999990	0.000010	LD_0.9_2_1468
QX1796	0.999990	0.000010	LD_0.9_2_1468
QX1798	0.738023	0.261977	LD_0.9_2_1468
QX1800	0.999990	0.000010	LD_0.9_2_1468
QX1801	0.999990	0.000010	LD_0.9_2_1468
QX1802	0.999990	0.000010	LD_0.9_2_1468
QX1803	0.999990	0.000010	LD_0.9_2_1468
QX1804	0.999990	0.000010	LD_0.9_2_1468
SOW18	0.380371	0.619629	LD_0.9_2_1468
SOW21	0.382672	0.617328	LD_0.9_2_1468
SOW22	0.382668	0.617332	LD_0.9_2_1468
TT3408	0.999990	0.000010	LD_0.9_2_1468
TT3411	0.999990	0.000010	LD_0.9_2_1468
TWN1772	0.721902	0.278098	LD_0.9_2_1468
TWN1824	0.401918	0.598082	LD_0.9_2_1468
TWN1899	0.401552	0.598448	LD_0.9_2_1468
TWN1907	0.714226	0.285774	LD_0.9_2_1468
TWN2919	0.701533	0.298467	LD_0.9_2_1468
TWN3077	0.707268	0.292732	LD_0.9_2_1468
UH1	0.752624	0.247376	LD_0.9_2_1468
VSL2201	0.999990	0.000010	LD_0.9_2_1468
VSL2207	0.000010	0.999990	LD_0.9_2_1468
VSL2209	0.000010	0.999990	LD_0.9_2_1468
VSL2210	0.999990	0.000010	LD_0.9_2_1468
VSL2212	0.999990	0.000010	LD_0.9_2_1468
VSL2213	0.999990	0.000010	LD_0.9_2_1468
VSL2215	0.999990	0.000010	LD_0.9_2_1468
VSL2216	0.999990	0.000010	LD_0.9_2_1468
VSL2217	0.999990	0.000010	LD_0.9_2_1468
VSL2219	0.999990	0.000010	LD_0.9_2_1468
VT847	0.999990	0.000010	LD_0.9_2_1468
VX34	0.381602	0.618398	LD_0.9_2_1468
XZ1204	0.999990	0.000010	LD_0.9_2_1468
XZ1205	0.999990	0.000010	LD_0.9_2_1468
XZ1206	0.999990	0.000010	LD_0.9_2_1468
XZ1207	0.999990	0.000010	LD_0.9_2_1468
XZ1210	0.999990	0.000010	LD_0.9_2_1468
XZ1212	0.999990	0.000010	LD_0.9_2_1468
XZ1213	0.999990	0.000010	LD_0.9_2_1468
XZ1731	0.999990	0.000010	LD_0.9_2_1468
XZ1732	0.999990	0.000010	LD_0.9_2_1468
ZZY0992	0.999990	0.000010	LD_0.9_2_1468
ZZY1034	0.999990	0.000010	LD_0.9_2_1468
ZZY1075	0.999990	0.000010	LD_0.9_2_1468
ZZY1123	0.999990	0.000010	LD_0.9_2_1468
ZZY1130	0.999990	0.000010	LD_0.9_2_1468
ZZY405	0.999990	0.000010	LD_0.9_2_1468
AF16	0.999990	0.000010	LD_0.9_2_1553
BRC20069	0.999990	0.000010	LD_0.9_2_1553
BRC20073	0.999990	0.000010	LD_0.9_2_1553
BRC20075	0.400612	0.599388	LD_0.9_2_1553
BRC20077	0.999990	0.000010	LD_0.9_2_1553
BRC20081	0.710143	0.289857	LD_0.9_2_1553
BRC20085	0.999990	0.000010	LD_0.9_2_1553
BRC20088	0.724453	0.275547	LD_0.9_2_1553
BRC20089	0.999990	0.000010	LD_0.9_2_1553
BRC20090	0.999990	0.000010	LD_0.9_2_1553
BRC20092	0.999990	0.000010	LD_0.9_2_1553
BRC20093	0.999990	0.000010	LD_0.9_2_1553
BRC20094	0.999990	0.000010	LD_0.9_2_1553
BRC20095	0.999990	0.000010	LD_0.9_2_1553
BRC20096	0.999990	0.000010	LD_0.9_2_1553
BRC20098	0.999990	0.000010	LD_0.9_2_1553
BRC20099	0.999990	0.000010	LD_0.9_2_1553
BRC20100	0.999990	0.000010	LD_0.9_2_1553
BRC20102	0.999990	0.000010	LD_0.9_2_1553
BRC20103	0.999990	0.000010	LD_0.9_2_1553
BRC20105	0.999990	0.000010	LD_0.9_2_1553
BRC20107	0.999990	0.000010	LD_0.9_2_1553
BRC20115	0.411240	0.588760	LD_0.9_2_1553
BRC20119	0.999990	0.000010	LD_0.9_2_1553
BRC20228	0.999990	0.000010	LD_0.9_2_1553
BRC20229	0.409120	0.590880	LD_0.9_2_1553
BRC20230	0.713584	0.286416	LD_0.9_2_1553
BRC20232	0.404419	0.595581	LD_0.9_2_1553
BRC20238	0.710658	0.289342	LD_0.9_2_1553
BRC20239	0.400211	0.599789	LD_0.9_2_1553
BRC20241	0.999990	0.000010	LD_0.9_2_1553
BRC20242	0.999990	0.000010	LD_0.9_2_1553
BRC20244	0.724548	0.275452	LD_0.9_2_1553
BRC20246	0.715277	0.284723	LD_0.9_2_1553
BRC20257	0.999990	0.000010	LD_0.9_2_1553
BRC20260	0.999990	0.000010	LD_0.9_2_1553
BRC20270	0.704306	0.295694	LD_0.9_2_1553
BRC20272	0.701999	0.298001	LD_0.9_2_1553
BRC20289	0.704409	0.295591	LD_0.9_2_1553
BRC20290	0.706449	0.293551	LD_0.9_2_1553
BRC20294	0.999990	0.000010	LD_0.9_2_1553
BRC20308	0.716529	0.283471	LD_0.9_2_1553
BRC20309	0.715504	0.284496	LD_0.9_2_1553
BRC20311	0.695967	0.304033	LD_0.9_2_1553
BRC20312	0.712441	0.287559	LD_0.9_2_1553
BRC20315	0.708031	0.291969	LD_0.9_2_1553
BRC20320	0.719911	0.280089	LD_0.9_2_1553
BRC20324	0.636598	0.363402	LD_0.9_2_1553
BRC20331	0.710982	0.289018	LD_0.9_2_1553
BRC20333	0.715943	0.284057	LD_0.9_2_1553
BRC20334	0.702868	0.297132	LD_0.9_2_1553
BRC20339	0.712805	0.287195	LD_0.9_2_1553
BRC20341	0.718967	0.281033	LD_0.9_2_1553
BRC20343	0.411361	0.588639	LD_0.9_2_1553
BRC20346	0.713460	0.286540	LD_0.9_2_1553
BRC20347	0.403172	0.596828	LD_0.9_2_1553
BRC20348	0.715654	0.284346	LD_0.9_2_1553
BRC20353	0.999990	0.000010	LD_0.9_2_1553
BRC20360	0.999990	0.000010	LD_0.9_2_1553
BRC20361	0.999990	0.000010	LD_0.9_2_1553
BRC20362	0.999990	0.000010	LD_0.9_2_1553
BRC20366	0.711050	0.288950	LD_0.9_2_1553
BRC20367	0.717744	0.282256	LD_0.9_2_1553
BRC20369	0.999990	0.000010	LD_0.9_2_1553
BRC20370	0.716217	0.283783	LD_0.9_2_1553
BRC20388	0.380340	0.619660	LD_0.9_2_1553
BRC20390	0.715757	0.284243	LD_0.9_2_1553
BRC20401	0.999990	0.000010	LD_0.9_2_1553
BRC20463	0.702461	0.297539	LD_0.9_2_1553
BRC20492	0.416592	0.583408	LD_0.9_2_1553
BRC20499	0.719434	0.280566	LD_0.9_2_1553
BRC20501	0.710468	0.289532	LD_0.9_2_1553
BRC20502	0.413208	0.586792	LD_0.9_2_1553
BRC20503	0.413521	0.586479	LD_0.9_2_1553
BRC20519	0.416999	0.583001	LD_0.9_2_1553
BRC20520	0.417395	0.582605	LD_0.9_2_1553
BRC20522	0.411750	0.588250	LD_0.9_2_1553
BRC20524	0.410872	0.589128	LD_0.9_2_1553
BRC20529	0.715672	0.284328	LD_0.9_2_1553
BRC20530	0.403427	0.596573	LD_0.9_2_1553
BRC20531	0.402675	0.597325	LD_0.9_2_1553
BRC20532	0.714880	0.285120	LD_0.9_2_1553
BRC20533	0.713644	0.286356	LD_0.9_2_1553
BRC20534	0.701796	0.298204	LD_0.9_2_1553
BRC20535	0.706184	0.293816	LD_0.9_2_1553
BRC20536	0.693856	0.306144	LD_0.9_2_1553
BRC20537	0.712249	0.287751	LD_0.9_2_1553
BRC20541	0.422066	0.577934	LD_0.9_2_1553
BRC20543	0.701916	0.298084	LD_0.9_2_1553
BRC20544	0.717882	0.282118	LD_0.9_2_1553
BRC20545	0.715087	0.284913	LD_0.9_2_1553
BRC20556	0.999990	0.000010	LD_0.9_2_1553
BRC20557	0.723655	0.276345	LD_0.9_2_1553
BRC20565	0.999990	0.000010	LD_0.9_2_1553
BRC20571	0.999990	0.000010	LD_0.9_2_1553
BRC20574	0.999990	0.000010	LD_0.9_2_1553
BW287	0.374883	0.625117	LD_0.9_2_1553
DF5100	0.999990	0.000010	LD_0.9_2_1553
ECA1129	0.999990	0.000010	LD_0.9_2_1553
ECA1143	0.999990	0.000010	LD_0.9_2_1553
ECA1147	0.999990	0.000010	LD_0.9_2_1553
ECA1149	0.997223	0.002777	LD_0.9_2_1553
ECA1160	0.999990	0.000010	LD_0.9_2_1553
ECA1164	0.999990	0.000010	LD_0.9_2_1553
ECA1170	0.752352	0.247648	LD_0.9_2_1553
ECA1174	0.999990	0.000010	LD_0.9_2_1553
ECA1383	0.736970	0.263030	LD_0.9_2_1553
ECA1411	0.999990	0.000010	LD_0.9_2_1553
ECA1423	0.999990	0.000010	LD_0.9_2_1553
ECA1429	0.999990	0.000010	LD_0.9_2_1553
ECA1431	0.999990	0.000010	LD_0.9_2_1553
ECA1437	0.999990	0.000010	LD_0.9_2_1553
ECA1439	0.999990	0.000010	LD_0.9_2_1553
ECA1443	0.798887	0.201113	LD_0.9_2_1553
ECA1471	0.999990	0.000010	LD_0.9_2_1553
ECA1489	0.999990	0.000010	LD_0.9_2_1553
ECA1507	0.999990	0.000010	LD_0.9_2_1553
ECA1509	0.999990	0.000010	LD_0.9_2_1553
ECA1517	0.999990	0.000010	LD_0.9_2_1553
ECA1521	0.999990	0.000010	LD_0.9_2_1553
ECA1555	0.999990	0.000010	LD_0.9_2_1553
ECA1559	0.749882	0.250118	LD_0.9_2_1553
ECA1563	0.999990	0.000010	LD_0.9_2_1553
ECA1571	0.999990	0.000010	LD_0.9_2_1553
ECA1587	0.999990	0.000010	LD_0.9_2_1553
ECA1605	0.784032	0.215968	LD_0.9_2_1553
ECA1609	0.999990	0.000010	LD_0.9_2_1553
ECA161	0.999990	0.000010	LD_0.9_2_1553
ECA1611	0.999990	0.000010	LD_0.9_2_1553
ECA1615	0.999990	0.000010	LD_0.9_2_1553
ECA162	0.999990	0.000010	LD_0.9_2_1553
ECA1621	0.999990	0.000010	LD_0.9_2_1553
ECA163	0.348764	0.651236	LD_0.9_2_1553
ECA1637	0.999990	0.000010	LD_0.9_2_1553
ECA1657	0.999990	0.000010	LD_0.9_2_1553
ECA1701	0.999990	0.000010	LD_0.9_2_1553
ECA175	0.999990	0.000010	LD_0.9_2_1553
ECA176	0.999990	0.000010	LD_0.9_2_1553
ECA177	0.999990	0.000010	LD_0.9_2_1553
ECA180	0.999990	0.000010	LD_0.9_2_1553
ECA182	0.999990	0.000010	LD_0.9_2_1553
ECA183	0.999990	0.000010	LD_0.9_2_1553
ECA185	0.999990	0.000010	LD_0.9_2_1553
ECA186	0.999990	0.000010	LD_0.9_2_1553
ECA2083	0.999990	0.000010	LD_0.9_2_1553
ECA2093	0.999990	0.000010	LD_0.9_2_1553
ECA2115	0.999990	0.000010	LD_0.9_2_1553
ECA2299	0.706437	0.293563	LD_0.9_2_1553
ECA2373	0.999990	0.000010	LD_0.9_2_1553
ECA2385	0.708367	0.291633	LD_0.9_2_1553
ECA2425	0.999990	0.000010	LD_0.9_2_1553
ECA2617	0.000010	0.999990	LD_0.9_2_1553
ECA2618	0.000010	0.999990	LD_0.9_2_1553
ECA2621	0.000010	0.999990	LD_0.9_2_1553
ECA2623	0.999990	0.000010	LD_0.9_2_1553
ECA2625	0.999990	0.000010	LD_0.9_2_1553
ECA2626	0.999990	0.000010	LD_0.9_2_1553
ECA2636	0.999990	0.000010	LD_0.9_2_1553
ECA2637	0.999990	0.000010	LD_0.9_2_1553
ECA2639	0.000010	0.999990	LD_0.9_2_1553
ECA2645	0.999990	0.000010	LD_0.9_2_1553
ECA2647	0.000010	0.999990	LD_0.9_2_1553
ECA2663	0.999990	0.000010	LD_0.9_2_1553
ECA2664	0.999990	0.000010	LD_0.9_2_1553
ECA2666	0.000010	0.999990	LD_0.9_2_1553
ECA2667	0.999990	0.000010	LD_0.9_2_1553
ECA2670	0.000010	0.999990	LD_0.9_2_1553
ECA276	0.351014	0.648986	LD_0.9_2_1553
ECA278	0.378748	0.621252	LD_0.9_2_1553
ECA2808	0.999990	0.000010	LD_0.9_2_1553
ECA287	0.732018	0.267982	LD_0.9_2_1553
ECA288	0.978945	0.021055	LD_0.9_2_1553
ECA2883	0.999990	0.000010	LD_0.9_2_1553
ECA2890	0.999990	0.000010	LD_0.9_2_1553
ECA2894	0.999990	0.000010	LD_0.9_2_1553
ECA2936	0.785608	0.214392	LD_0.9_2_1553
ECA2975	0.999990	0.000010	LD_0.9_2_1553
ECA3091	0.999990	0.000010	LD_0.9_2_1553
ECA343	0.999990	0.000010	LD_0.9_2_1553
ECA346	0.999990	0.000010	LD_0.9_2_1553
ECA3502	0.744542	0.255458	LD_0.9_2_1553
ECA3503	0.999990	0.000010	LD_0.9_2_1553
ECA3509	0.999990	0.000010	LD_0.9_2_1553
ECA3708	0.999990	0.000010	LD_0.9_2_1553
ECA371	0.999990	0.000010	LD_0.9_2_1553
ECA3712	0.999990	0.000010	LD_0.9_2_1553
ECA3713	0.999990	0.000010	LD_0.9_2_1553
ECA3899	0.999990	0.000010	LD_0.9_2_1553
ECA4382	0.999990	0.000010	LD_0.9_2_1553
ECA4390	0.999990	0.000010	LD_0.9_2_1553
ECA4394	0.999990	0.000010	LD_0.9_2_1553
ECA4402	0.999990	0.000010	LD_0.9_2_1553
ECA569	0.379570	0.620430	LD_0.9_2_1553
ED3032	0.999990	0.000010	LD_0.9_2_1553
ED3037	0.999990	0.000010	LD_0.9_2_1553
ED3088	0.999990	0.000010	LD_0.9_2_1553
ED3102	0.326346	0.673654	LD_0.9_2_1553
EG4360	0.371687	0.628313	LD_0.9_2_1553
EG5612	0.999990	0.000010	LD_0.9_2_1553
EG5613	0.999990	0.000010	LD_0.9_2_1553
EG6179	0.999990	0.000010	LD_0.9_2_1553
EG6260	0.999990	0.000010	LD_0.9_2_1553
EG6261	0.999990	0.000010	LD_0.9_2_1553
EG6265	0.787709	0.212291	LD_0.9_2_1553
EG6267	0.999990	0.000010	LD_0.9_2_1553
EG6271	0.999990	0.000010	LD_0.9_2_1553
EG6272	0.999990	0.000010	LD_0.9_2_1553
EG6274	0.999990	0.000010	LD_0.9_2_1553
EG6275	0.999990	0.000010	LD_0.9_2_1553
EG6276	0.999990	0.000010	LD_0.9_2_1553
EG6329	0.999990	0.000010	LD_0.9_2_1553
GUN124	0.384419	0.615581	LD_0.9_2_1553
GXW22	0.999990	0.000010	LD_0.9_2_1553
GXW23	0.999990	0.000010	LD_0.9_2_1553
HK104	0.377523	0.622477	LD_0.9_2_1553
HPT11	0.343826	0.656174	LD_0.9_2_1553
HPT16	0.999990	0.000010	LD_0.9_2_1553
HPT18	0.351774	0.648226	LD_0.9_2_1553
HPT19	0.999990	0.000010	LD_0.9_2_1553
HPT2	0.999990	0.000010	LD_0.9_2_1553
HPT21	0.999990	0.000010	LD_0.9_2_1553
HPT24	0.346815	0.653185	LD_0.9_2_1553
HPT34	0.999990	0.000010	LD_0.9_2_1553
HPT37	0.999990	0.000010	LD_0.9_2_1553
HPT4	0.999990	0.000010	LD_0.9_2_1553
HPT42	0.999990	0.000010	LD_0.9_2_1553
HPT52	0.999990	0.000010	LD_0.9_2_1553
HPT53	0.999990	0.000010	LD_0.9_2_1553
HPT54	0.999990	0.000010	LD_0.9_2_1553
HPT55	0.999990	0.000010	LD_0.9_2_1553
HPT59	0.999990	0.000010	LD_0.9_2_1553
HPT60	0.999990	0.000010	LD_0.9_2_1553
HPT62	0.999990	0.000010	LD_0.9_2_1553
HPT63	0.999990	0.000010	LD_0.9_2_1553
HPT7	0.999990	0.000010	LD_0.9_2_1553
HPT8	0.999990	0.000010	LD_0.9_2_1553
HPT9	0.999990	0.000010	LD_0.9_2_1553
JU1085	0.372811	0.627189	LD_0.9_2_1553
JU1337	0.999990	0.000010	LD_0.9_2_1553
JU1338	0.999990	0.000010	LD_0.9_2_1553
JU1341	0.000010	0.999990	LD_0.9_2_1553
JU1346	0.999990	0.000010	LD_0.9_2_1553
JU1347	0.999990	0.000010	LD_0.9_2_1553
JU1348	0.000010	0.999990	LD_0.9_2_1553
JU1375	0.999990	0.000010	LD_0.9_2_1553
JU1377	0.999990	0.000010	LD_0.9_2_1553
JU1378	0.999990	0.000010	LD_0.9_2_1553
JU1392	0.999990	0.000010	LD_0.9_2_1553
JU1399	0.999990	0.000010	LD_0.9_2_1553
JU1424	0.999990	0.000010	LD_0.9_2_1553
JU1435	0.999990	0.000010	LD_0.9_2_1553
JU1564	0.382965	0.617035	LD_0.9_2_1553
JU1637	0.999990	0.000010	LD_0.9_2_1553
JU1638	0.999990	0.000010	LD_0.9_2_1553
JU1794	0.999990	0.000010	LD_0.9_2_1553
JU1795	0.999990	0.000010	LD_0.9_2_1553
JU1799	0.999990	0.000010	LD_0.9_2_1553
JU1802	0.999990	0.000010	LD_0.9_2_1553
JU1814	0.999990	0.000010	LD_0.9_2_1553
JU1884	0.999990	0.000010	LD_0.9_2_1553
JU1885	0.999990	0.000010	LD_0.9_2_1553
JU1907	0.999990	0.000010	LD_0.9_2_1553
JU1908	0.999990	0.000010	LD_0.9_2_1553
JU1909	0.999990	0.000010	LD_0.9_2_1553
JU1913	0.999990	0.000010	LD_0.9_2_1553
JU2053	0.999990	0.000010	LD_0.9_2_1553
JU2054	0.999990	0.000010	LD_0.9_2_1553
JU2056	0.999990	0.000010	LD_0.9_2_1553
JU2057	0.999990	0.000010	LD_0.9_2_1553
JU2160	0.999990	0.000010	LD_0.9_2_1553
JU2162	0.998734	0.001266	LD_0.9_2_1553
JU2214	0.999990	0.000010	LD_0.9_2_1553
JU2216	0.723584	0.276416	LD_0.9_2_1553
JU2457	0.731565	0.268435	LD_0.9_2_1553
JU2470	0.996142	0.003858	LD_0.9_2_1553
JU2472	0.999990	0.000010	LD_0.9_2_1553
JU2507	0.999990	0.000010	LD_0.9_2_1553
JU2518	0.999990	0.000010	LD_0.9_2_1553
JU2536	0.378314	0.621686	LD_0.9_2_1553
JU2618	0.999990	0.000010	LD_0.9_2_1553
JU2799	0.999990	0.000010	LD_0.9_2_1553
JU2836	0.999990	0.000010	LD_0.9_2_1553
JU2849	0.999990	0.000010	LD_0.9_2_1553
JU2861	0.999990	0.000010	LD_0.9_2_1553
JU2868	0.999990	0.000010	LD_0.9_2_1553
JU2872	0.377051	0.622949	LD_0.9_2_1553
JU2910	0.999990	0.000010	LD_0.9_2_1553
JU3168	0.308094	0.691906	LD_0.9_2_1553
JU3171	0.999990	0.000010	LD_0.9_2_1553
JU3199	0.000010	0.999990	LD_0.9_2_1553
JU3200	0.000010	0.999990	LD_0.9_2_1553
JU3201	0.000010	0.999990	LD_0.9_2_1553
JU3202	0.000010	0.999990	LD_0.9_2_1553
JU3203	0.000010	0.999990	LD_0.9_2_1553
JU3206	0.000010	0.999990	LD_0.9_2_1553
JU3207	0.999990	0.000010	LD_0.9_2_1553
JU3237	0.998079	0.001921	LD_0.9_2_1553
JU3281	0.999990	0.000010	LD_0.9_2_1553
JU3319	0.999990	0.000010	LD_0.9_2_1553
JU3321	0.999990	0.000010	LD_0.9_2_1553
JU3326	0.381742	0.618258	LD_0.9_2_1553
JU3327	0.999990	0.000010	LD_0.9_2_1553
JU3416	0.363852	0.636148	LD_0.9_2_1553
JU4042	0.999990	0.000010	LD_0.9_2_1553
JU4051	0.999990	0.000010	LD_0.9_2_1553
JU4058	0.993381	0.006619	LD_0.9_2_1553
JU4060	0.999990	0.000010	LD_0.9_2_1553
JU4062	0.999990	0.000010	LD_0.9_2_1553
JU4064	0.999990	0.000010	LD_0.9_2_1553
JU4080	0.999990	0.000010	LD_0.9_2_1553
JU4084	0.999990	0.000010	LD_0.9_2_1553
JU4097	0.999990	0.000010	LD_0.9_2_1553
JU725	0.999990	0.000010	LD_0.9_2_1553
MY2716	0.999990	0.000010	LD_0.9_2_1553
MY539	0.999990	0.000010	LD_0.9_2_1553
NIC1050	0.999990	0.000010	LD_0.9_2_1553
NIC1052	0.999990	0.000010	LD_0.9_2_1553
NIC1054	0.999990	0.000010	LD_0.9_2_1553
NIC1055	0.999990	0.000010	LD_0.9_2_1553
NIC1057	0.999990	0.000010	LD_0.9_2_1553
NIC1058	0.999990	0.000010	LD_0.9_2_1553
NIC1059	0.999990	0.000010	LD_0.9_2_1553
NIC1060	0.999990	0.000010	LD_0.9_2_1553
NIC1062	0.999990	0.000010	LD_0.9_2_1553
NIC1069	0.999990	0.000010	LD_0.9_2_1553
NIC1103	0.999990	0.000010	LD_0.9_2_1553
NIC1104	0.999990	0.000010	LD_0.9_2_1553
NIC1106	0.999990	0.000010	LD_0.9_2_1553
NIC1117	0.999990	0.000010	LD_0.9_2_1553
NIC1123	0.999990	0.000010	LD_0.9_2_1553
NIC1124	0.999990	0.000010	LD_0.9_2_1553
NIC1135	0.999990	0.000010	LD_0.9_2_1553
NIC1138	0.999990	0.000010	LD_0.9_2_1553
NIC1141	0.999990	0.000010	LD_0.9_2_1553
NIC115	0.999990	0.000010	LD_0.9_2_1553
NIC117	0.999990	0.000010	LD_0.9_2_1553
NIC1183	0.999990	0.000010	LD_0.9_2_1553
NIC119	0.999990	0.000010	LD_0.9_2_1553
NIC1190	0.999990	0.000010	LD_0.9_2_1553
NIC1202	0.999990	0.000010	LD_0.9_2_1553
NIC1204	0.999990	0.000010	LD_0.9_2_1553
NIC1205	0.710836	0.289164	LD_0.9_2_1553
NIC1218	0.999990	0.000010	LD_0.9_2_1553
NIC1220	0.717532	0.282468	LD_0.9_2_1553
NIC1221	0.999990	0.000010	LD_0.9_2_1553
NIC123	0.999990	0.000010	LD_0.9_2_1553
NIC1267	0.999990	0.000010	LD_0.9_2_1553
NIC1283	0.999990	0.000010	LD_0.9_2_1553
NIC1288	0.999990	0.000010	LD_0.9_2_1553
NIC1292	0.999990	0.000010	LD_0.9_2_1553
NIC1302	0.999990	0.000010	LD_0.9_2_1553
NIC1304	0.999990	0.000010	LD_0.9_2_1553
NIC1308	0.999990	0.000010	LD_0.9_2_1553
NIC1407	0.999990	0.000010	LD_0.9_2_1553
NIC1421	0.999990	0.000010	LD_0.9_2_1553
NIC1423	0.999990	0.000010	LD_0.9_2_1553
NIC1442	0.999990	0.000010	LD_0.9_2_1553
NIC1491	0.999990	0.000010	LD_0.9_2_1553
NIC1525	0.999990	0.000010	LD_0.9_2_1553
NIC1528	0.999990	0.000010	LD_0.9_2_1553
NIC1529	0.999990	0.000010	LD_0.9_2_1553
NIC1533	0.999990	0.000010	LD_0.9_2_1553
NIC1535	0.999990	0.000010	LD_0.9_2_1553
NIC1539	0.715612	0.284388	LD_0.9_2_1553
NIC1540	0.409247	0.590753	LD_0.9_2_1553
NIC1562	0.718911	0.281089	LD_0.9_2_1553
NIC1589	0.402405	0.597595	LD_0.9_2_1553
NIC1590	0.723484	0.276516	LD_0.9_2_1553
NIC1591	0.403301	0.596699	LD_0.9_2_1553
NIC1593	0.400879	0.599121	LD_0.9_2_1553
NIC1595	0.714478	0.285522	LD_0.9_2_1553
NIC1598	0.720087	0.279913	LD_0.9_2_1553
NIC1602	0.706892	0.293108	LD_0.9_2_1553
NIC1607	0.412734	0.587266	LD_0.9_2_1553
NIC1628	0.999990	0.000010	LD_0.9_2_1553
NIC1630	0.716322	0.283678	LD_0.9_2_1553
NIC1631	0.713049	0.286951	LD_0.9_2_1553
NIC1632	0.382346	0.617654	LD_0.9_2_1553
NIC1633	0.377479	0.622521	LD_0.9_2_1553
NIC1635	0.375698	0.624302	LD_0.9_2_1553
NIC1645	0.722438	0.277562	LD_0.9_2_1553
NIC1660	0.712999	0.287001	LD_0.9_2_1553
NIC1661	0.712944	0.287056	LD_0.9_2_1553
NIC1662	0.720179	0.279821	LD_0.9_2_1553
NIC1663	0.718937	0.281063	LD_0.9_2_1553
NIC1664	0.402419	0.597581	LD_0.9_2_1553
NIC1665	0.401538	0.598462	LD_0.9_2_1553
NIC1666	0.716903	0.283097	LD_0.9_2_1553
NIC1667	0.702078	0.297922	LD_0.9_2_1553
NIC1681	0.698292	0.301708	LD_0.9_2_1553
NIC1688	0.999990	0.000010	LD_0.9_2_1553
NIC1692	0.730961	0.269039	LD_0.9_2_1553
NIC1693	0.722504	0.277496	LD_0.9_2_1553
NIC17	0.999990	0.000010	LD_0.9_2_1553
NIC174	0.383919	0.616081	LD_0.9_2_1553
NIC187	0.999990	0.000010	LD_0.9_2_1553
NIC188	0.999990	0.000010	LD_0.9_2_1553
NIC19	0.418933	0.581067	LD_0.9_2_1553
NIC191	0.999990	0.000010	LD_0.9_2_1553
NIC20	0.403567	0.596433	LD_0.9_2_1553
NIC21	0.400499	0.599501	LD_0.9_2_1553
NIC22	0.403526	0.596474	LD_0.9_2_1553
NIC2369	0.999990	0.000010	LD_0.9_2_1553
NIC248	0.999990	0.000010	LD_0.9_2_1553
NIC250	0.999990	0.000010	LD_0.9_2_1553
NIC2527	0.999990	0.000010	LD_0.9_2_1553
NIC309	0.999990	0.000010	LD_0.9_2_1553
NIC325	0.999990	0.000010	LD_0.9_2_1553
NIC327	0.999990	0.000010	LD_0.9_2_1553
NIC329	0.999990	0.000010	LD_0.9_2_1553
NIC330	0.999990	0.000010	LD_0.9_2_1553
NIC331	0.999990	0.000010	LD_0.9_2_1553
NIC332	0.999990	0.000010	LD_0.9_2_1553
NIC333	0.999990	0.000010	LD_0.9_2_1553
NIC343	0.999990	0.000010	LD_0.9_2_1553
NIC392	0.999990	0.000010	LD_0.9_2_1553
NIC400	0.999990	0.000010	LD_0.9_2_1553
NIC402	0.999990	0.000010	LD_0.9_2_1553
NIC419	0.999990	0.000010	LD_0.9_2_1553
NIC504	0.716350	0.283650	LD_0.9_2_1553
NIC505	0.716196	0.283804	LD_0.9_2_1553
NIC518	0.713808	0.286192	LD_0.9_2_1553
NIC519	0.713135	0.286865	LD_0.9_2_1553
NIC532	0.999990	0.000010	LD_0.9_2_1553
NIC541	0.999990	0.000010	LD_0.9_2_1553
NIC549	0.999990	0.000010	LD_0.9_2_1553
NIC552	0.999990	0.000010	LD_0.9_2_1553
NIC555	0.999990	0.000010	LD_0.9_2_1553
NIC574	0.999990	0.000010	LD_0.9_2_1553
NIC578	0.999990	0.000010	LD_0.9_2_1553
NIC583	0.999990	0.000010	LD_0.9_2_1553
NIC590	0.999990	0.000010	LD_0.9_2_1553
NIC593	0.999990	0.000010	LD_0.9_2_1553
NIC60	0.999990	0.000010	LD_0.9_2_1553
NIC61	0.999990	0.000010	LD_0.9_2_1553
NIC62	0.999990	0.000010	LD_0.9_2_1553
NIC67	0.999990	0.000010	LD_0.9_2_1553
NIC758	0.999990	0.000010	LD_0.9_2_1553
NIC777	0.999990	0.000010	LD_0.9_2_1553
NIC779	0.721786	0.278214	LD_0.9_2_1553
NIC790	0.999990	0.000010	LD_0.9_2_1553
NIC791	0.999990	0.000010	LD_0.9_2_1553
NIC792	0.999990	0.000010	LD_0.9_2_1553
NIC793	0.999990	0.000010	LD_0.9_2_1553
NIC795	0.999990	0.000010	LD_0.9_2_1553
NIC796	0.999990	0.000010	LD_0.9_2_1553
NIC802	0.999990	0.000010	LD_0.9_2_1553
NIC803	0.999990	0.000010	LD_0.9_2_1553
NIC805	0.707740	0.292260	LD_0.9_2_1553
NIC811	0.999990	0.000010	LD_0.9_2_1553
NIC814	0.709947	0.290053	LD_0.9_2_1553
NIC815	0.710478	0.289522	LD_0.9_2_1553
NIC816	0.403561	0.596439	LD_0.9_2_1553
NIC819	0.425730	0.574270	LD_0.9_2_1553
NIC821	0.999990	0.000010	LD_0.9_2_1553
NIC822	0.715553	0.284447	LD_0.9_2_1553
NIC824	0.716401	0.283599	LD_0.9_2_1553
NIC825	0.399661	0.600339	LD_0.9_2_1553
NIC827	0.408229	0.591771	LD_0.9_2_1553
NIC828	0.403139	0.596861	LD_0.9_2_1553
NIC863	0.726417	0.273583	LD_0.9_2_1553
NIC864	0.703398	0.296602	LD_0.9_2_1553
NIC865	0.721287	0.278713	LD_0.9_2_1553
NIC871	0.999990	0.000010	LD_0.9_2_1553
NIC883	0.999990	0.000010	LD_0.9_2_1553
NIC889	0.707195	0.292805	LD_0.9_2_1553
NIC893	0.417125	0.582875	LD_0.9_2_1553
NIC897	0.714818	0.285182	LD_0.9_2_1553
NIC899	0.379461	0.620539	LD_0.9_2_1553
NIC901	0.999990	0.000010	LD_0.9_2_1553
NIC911	0.999990	0.000010	LD_0.9_2_1553
NIC96	0.999990	0.000010	LD_0.9_2_1553
NIC984	0.999990	0.000010	LD_0.9_2_1553
NIC985	0.999990	0.000010	LD_0.9_2_1553
PB800	0.371005	0.628995	LD_0.9_2_1553
PB857	0.378530	0.621470	LD_0.9_2_1553
PE887	0.999990	0.000010	LD_0.9_2_1553
QG1005	0.999990	0.000010	LD_0.9_2_1553
QG1007	0.999990	0.000010	LD_0.9_2_1553
QG1111	0.999990	0.000010	LD_0.9_2_1553
QG1126	0.999990	0.000010	LD_0.9_2_1553
QG1141	0.999990	0.000010	LD_0.9_2_1553
QG1155	0.999990	0.000010	LD_0.9_2_1553
QG130	0.999990	0.000010	LD_0.9_2_1553
QG132	0.999990	0.000010	LD_0.9_2_1553
QG133	0.790905	0.209095	LD_0.9_2_1553
QG2641	0.999990	0.000010	LD_0.9_2_1553
QG2648	0.999990	0.000010	LD_0.9_2_1553
QG2659	0.999990	0.000010	LD_0.9_2_1553
QG2663	0.999990	0.000010	LD_0.9_2_1553
QG2665	0.999990	0.000010	LD_0.9_2_1553
QG2683	0.999990	0.000010	LD_0.9_2_1553
QG2736	0.999990	0.000010	LD_0.9_2_1553
QG2814	0.999990	0.000010	LD_0.9_2_1553
QG2820	0.999990	0.000010	LD_0.9_2_1553
QG2848	0.999990	0.000010	LD_0.9_2_1553
QG2880	0.999990	0.000010	LD_0.9_2_1553
QG2881	0.999990	0.000010	LD_0.9_2_1553
QG2883	0.999990	0.000010	LD_0.9_2_1553
QG2884	0.999990	0.000010	LD_0.9_2_1553
QG2891	0.000010	0.999990	LD_0.9_2_1553
QG2892	0.999990	0.000010	LD_0.9_2_1553
QG2893	0.000010	0.999990	LD_0.9_2_1553
QG2895	0.999990	0.000010	LD_0.9_2_1553
QG2902	0.999990	0.000010	LD_0.9_2_1553
QG2903	0.999990	0.000010	LD_0.9_2_1553
QG2906	0.999990	0.000010	LD_0.9_2_1553
QG2908	0.000010	0.999990	LD_0.9_2_1553
QG2910	0.999990	0.000010	LD_0.9_2_1553
QG2919	0.000010	0.999990	LD_0.9_2_1553
QG2923	0.999990	0.000010	LD_0.9_2_1553
QG2925	0.999990	0.000010	LD_0.9_2_1553
QG2964	0.999990	0.000010	LD_0.9_2_1553
QG2966	0.999990	0.000010	LD_0.9_2_1553
QG2969	0.999990	0.000010	LD_0.9_2_1553
QG2972	0.999990	0.000010	LD_0.9_2_1553
QG2996	0.999990	0.000010	LD_0.9_2_1553
QG3004	0.999990	0.000010	LD_0.9_2_1553
QG3006	0.999990	0.000010	LD_0.9_2_1553
QG3019	0.999990	0.000010	LD_0.9_2_1553
QG3025	0.999990	0.000010	LD_0.9_2_1553
QG3030	0.999990	0.000010	LD_0.9_2_1553
QG3032	0.999990	0.000010	LD_0.9_2_1553
QG3034	0.999990	0.000010	LD_0.9_2_1553
QG3041	0.999990	0.000010	LD_0.9_2_1553
QG3053	0.999990	0.000010	LD_0.9_2_1553
QG3056	0.999990	0.000010	LD_0.9_2_1553
QG3057	0.999990	0.000010	LD_0.9_2_1553
QG3058	0.999990	0.000010	LD_0.9_2_1553
QG3527	0.999990	0.000010	LD_0.9_2_1553
QG3661	0.380912	0.619088	LD_0.9_2_1553
QG3783	0.999990	0.000010	LD_0.9_2_1553
QG3801	0.999990	0.000010	LD_0.9_2_1553
QG3815	0.999990	0.000010	LD_0.9_2_1553
QG3816	0.999990	0.000010	LD_0.9_2_1553
QG3823	0.999990	0.000010	LD_0.9_2_1553
QG3825	0.999990	0.000010	LD_0.9_2_1553
QG3826	0.999990	0.000010	LD_0.9_2_1553
QG3837	0.999990	0.000010	LD_0.9_2_1553
QG3851	0.999990	0.000010	LD_0.9_2_1553
QG3861	0.999990	0.000010	LD_0.9_2_1553
QG3867	0.999990	0.000010	LD_0.9_2_1553
QG3874	0.999990	0.000010	LD_0.9_2_1553
QG3875	0.999990	0.000010	LD_0.9_2_1553
QG3876	0.999990	0.000010	LD_0.9_2_1553
QG3878	0.999990	0.000010	LD_0.9_2_1553
QG3920	0.999990	0.000010	LD_0.9_2_1553
QG3921	0.999990	0.000010	LD_0.9_2_1553
QG3923	0.999990	0.000010	LD_0.9_2_1553
QG3924	0.999990	0.000010	LD_0.9_2_1553
QG3925	0.999990	0.000010	LD_0.9_2_1553
QG3926	0.999990	0.000010	LD_0.9_2_1553
QG3927	0.999990	0.000010	LD_0.9_2_1553
QG3931	0.999990	0.000010	LD_0.9_2_1553
QG3932	0.999990	0.000010	LD_0.9_2_1553
QG3933	0.999990	0.000010	LD_0.9_2_1553
QG4026	0.000010	0.999990	LD_0.9_2_1553
QG4028	0.000010	0.999990	LD_0.9_2_1553
QG4031	0.000010	0.999990	LD_0.9_2_1553
QG4063	0.000010	0.999990	LD_0.9_2_1553
QG4064	0.000010	0.999990	LD_0.9_2_1553
QG4067	0.000010	0.999990	LD_0.9_2_1553
QG4068	0.000010	0.999990	LD_0.9_2_1553
QG4070	0.999990	0.000010	LD_0.9_2_1553
QG4093	0.000010	0.999990	LD_0.9_2_1553
QG4094	0.000010	0.999990	LD_0.9_2_1553
QG4095	0.000010	0.999990	LD_0.9_2_1553
QG4096	0.000010	0.999990	LD_0.9_2_1553
QG4097	0.000010	0.999990	LD_0.9_2_1553
QG4104	0.000010	0.999990	LD_0.9_2_1553
QG4114	0.000010	0.999990	LD_0.9_2_1553
QG4131	0.000010	0.999990	LD_0.9_2_1553
QG4132	0.000010	0.999990	LD_0.9_2_1553
QG4208	0.000010	0.999990	LD_0.9_2_1553
QG4214	0.000010	0.999990	LD_0.9_2_1553
QG4225	0.000010	0.999990	LD_0.9_2_1553
QG4232	0.000010	0.999990	LD_0.9_2_1553
QG4233	0.000010	0.999990	LD_0.9_2_1553
QG4647	0.999990	0.000010	LD_0.9_2_1553
QG4648	0.999990	0.000010	LD_0.9_2_1553
QG4683	0.999990	0.000010	LD_0.9_2_1553
QG4701	0.999990	0.000010	LD_0.9_2_1553
QG4706	0.999990	0.000010	LD_0.9_2_1553
QG4718	0.999990	0.000010	LD_0.9_2_1553
QG4742	0.999990	0.000010	LD_0.9_2_1553
QG4805	0.999990	0.000010	LD_0.9_2_1553
QG4847	0.999990	0.000010	LD_0.9_2_1553
QG4966	0.999990	0.000010	LD_0.9_2_1553
QG5348	0.999990	0.000010	LD_0.9_2_1553
QG5406	0.999990	0.000010	LD_0.9_2_1553
QG547	0.375068	0.624932	LD_0.9_2_1553
QG5474	0.999990	0.000010	LD_0.9_2_1553
QG5488	0.999990	0.000010	LD_0.9_2_1553
QG550	0.999990	0.000010	LD_0.9_2_1553
QG5507	0.999990	0.000010	LD_0.9_2_1553
QG5525	0.999990	0.000010	LD_0.9_2_1553
QG5589	0.999990	0.000010	LD_0.9_2_1553
QG5603	0.999990	0.000010	LD_0.9_2_1553
QG5611	0.999990	0.000010	LD_0.9_2_1553
QG5612	0.999990	0.000010	LD_0.9_2_1553
QG5633	0.999990	0.000010	LD_0.9_2_1553
QG581	0.374282	0.625718	LD_0.9_2_1553
QG588	0.381365	0.618635	LD_0.9_2_1553
QG700	0.999990	0.000010	LD_0.9_2_1553
QG727	0.999990	0.000010	LD_0.9_2_1553
QG733	0.999990	0.000010	LD_0.9_2_1553
QG736	0.999990	0.000010	LD_0.9_2_1553
QG737	0.999990	0.000010	LD_0.9_2_1553
QG739	0.999990	0.000010	LD_0.9_2_1553
QG761	0.999990	0.000010	LD_0.9_2_1553
QG763	0.999990	0.000010	LD_0.9_2_1553
QG776	0.999990	0.000010	LD_0.9_2_1553
QG781	0.999990	0.000010	LD_0.9_2_1553
QG784	0.999990	0.000010	LD_0.9_2_1553
QG786	0.999990	0.000010	LD_0.9_2_1553
QG788	0.999990	0.000010	LD_0.9_2_1553
QG790	0.999990	0.000010	LD_0.9_2_1553
QG791	0.999990	0.000010	LD_0.9_2_1553
QG795	0.999990	0.000010	LD_0.9_2_1553
QG797	0.999990	0.000010	LD_0.9_2_1553
QG802	0.999990	0.000010	LD_0.9_2_1553
QG804	0.999990	0.000010	LD_0.9_2_1553
QG806	0.999990	0.000010	LD_0.9_2_1553
QG807	0.999990	0.000010	LD_0.9_2_1553
QG808	0.999990	0.000010	LD_0.9_2_1553
QG809	0.999990	0.000010	LD_0.9_2_1553
QG825	0.999990	0.000010	LD_0.9_2_1553
QG827	0.999990	0.000010	LD_0.9_2_1553
QG828	0.999990	0.000010	LD_0.9_2_1553
QG833	0.999990	0.000010	LD_0.9_2_1553
QG855	0.999990	0.000010	LD_0.9_2_1553
QG856	0.999990	0.000010	LD_0.9_2_1553
QG858	0.999990	0.000010	LD_0.9_2_1553
QG860	0.999990	0.000010	LD_0.9_2_1553
QG864	0.999990	0.000010	LD_0.9_2_1553
QG865	0.999990	0.000010	LD_0.9_2_1553
QG866	0.999990	0.000010	LD_0.9_2_1553
QG868	0.999990	0.000010	LD_0.9_2_1553
QG874	0.999990	0.000010	LD_0.9_2_1553
QG875	0.999990	0.000010	LD_0.9_2_1553
QG878	0.999990	0.000010	LD_0.9_2_1553
QG879	0.999990	0.000010	LD_0.9_2_1553
QG880	0.999990	0.000010	LD_0.9_2_1553
QG881	0.999990	0.000010	LD_0.9_2_1553
QG887	0.999990	0.000010	LD_0.9_2_1553
QG888	0.999990	0.000010	LD_0.9_2_1553
QG926	0.999990	0.000010	LD_0.9_2_1553
QG927	0.999990	0.000010	LD_0.9_2_1553
QG933	0.999990	0.000010	LD_0.9_2_1553
QG937	0.999990	0.000010	LD_0.9_2_1553
QG945	0.999990	0.000010	LD_0.9_2_1553
QG946	0.999990	0.000010	LD_0.9_2_1553
QG947	0.999990	0.000010	LD_0.9_2_1553
QG948	0.999990	0.000010	LD_0.9_2_1553
QG952	0.999990	0.000010	LD_0.9_2_1553
QG978	0.999990	0.000010	LD_0.9_2_1553
QG980	0.999990	0.000010	LD_0.9_2_1553
QG986	0.999990	0.000010	LD_0.9_2_1553
QG991	0.999990	0.000010	LD_0.9_2_1553
QG994	0.999990	0.000010	LD_0.9_2_1553
QG995	0.999990	0.000010	LD_0.9_2_1553
QG997	0.999990	0.000010	LD_0.9_2_1553
QG998	0.999990	0.000010	LD_0.9_2_1553
QR25	0.390408	0.609592	LD_0.9_2_1553
QX1410	0.999990	0.000010	LD_0.9_2_1553
QX1547	0.376066	0.623934	LD_0.9_2_1553
QX1795	0.999990	0.000010	LD_0.9_2_1553
QX1796	0.999990	0.000010	LD_0.9_2_1553
QX1798	0.738023	0.261977	LD_0.9_2_1553
QX1800	0.999990	0.000010	LD_0.9_2_1553
QX1801	0.999990	0.000010	LD_0.9_2_1553
QX1802	0.999990	0.000010	LD_0.9_2_1553
QX1803	0.999990	0.000010	LD_0.9_2_1553
QX1804	0.999990	0.000010	LD_0.9_2_1553
SOW18	0.380371	0.619629	LD_0.9_2_1553
SOW21	0.382672	0.617328	LD_0.9_2_1553
SOW22	0.382668	0.617332	LD_0.9_2_1553
TT3408	0.999990	0.000010	LD_0.9_2_1553
TT3411	0.999990	0.000010	LD_0.9_2_1553
TWN1772	0.721902	0.278098	LD_0.9_2_1553
TWN1824	0.401918	0.598082	LD_0.9_2_1553
TWN1899	0.401552	0.598448	LD_0.9_2_1553
TWN1907	0.714226	0.285774	LD_0.9_2_1553
TWN2919	0.701533	0.298467	LD_0.9_2_1553
TWN3077	0.707268	0.292732	LD_0.9_2_1553
UH1	0.752624	0.247376	LD_0.9_2_1553
VSL2201	0.999990	0.000010	LD_0.9_2_1553
VSL2207	0.000010	0.999990	LD_0.9_2_1553
VSL2209	0.000010	0.999990	LD_0.9_2_1553
VSL2210	0.999990	0.000010	LD_0.9_2_1553
VSL2212	0.999990	0.000010	LD_0.9_2_1553
VSL2213	0.999990	0.000010	LD_0.9_2_1553
VSL2215	0.999990	0.000010	LD_0.9_2_1553
VSL2216	0.999990	0.000010	LD_0.9_2_1553
VSL2217	0.999990	0.000010	LD_0.9_2_1553
VSL2219	0.999990	0.000010	LD_0.9_2_1553
VT847	0.999990	0.000010	LD_0.9_2_1553
VX34	0.381602	0.618398	LD_0.9_2_1553
XZ1204	0.999990	0.000010	LD_0.9_2_1553
XZ1205	0.999990	0.000010	LD_0.9_2_1553
XZ1206	0.999990	0.000010	LD_0.9_2_1553
XZ1207	0.999990	0.000010	LD_0.9_2_1553
XZ1210	0.999990	0.000010	LD_0.9_2_1553
XZ1212	0.999990	0.000010	LD_0.9_2_1553
XZ1213	0.999990	0.000010	LD_0.9_2_1553
XZ1731	0.999990	0.000010	LD_0.9_2_1553
XZ1732	0.999990	0.000010	LD_0.9_2_1553
ZZY0992	0.999990	0.000010	LD_0.9_2_1553
ZZY1034	0.999990	0.000010	LD_0.9_2_1553
ZZY1075	0.999990	0.000010	LD_0.9_2_1553
ZZY1123	0.999990	0.000010	LD_0.9_2_1553
ZZY1130	0.999990	0.000010	LD_0.9_2_1553
ZZY405	0.999990	0.000010	LD_0.9_2_1553
AF16	0.999990	0.000010	LD_0.9_2_1706
BRC20069	0.999990	0.000010	LD_0.9_2_1706
BRC20073	0.999990	0.000010	LD_0.9_2_1706
BRC20075	0.400612	0.599388	LD_0.9_2_1706
BRC20077	0.999990	0.000010	LD_0.9_2_1706
BRC20081	0.710143	0.289857	LD_0.9_2_1706
BRC20085	0.999990	0.000010	LD_0.9_2_1706
BRC20088	0.724453	0.275547	LD_0.9_2_1706
BRC20089	0.999990	0.000010	LD_0.9_2_1706
BRC20090	0.999990	0.000010	LD_0.9_2_1706
BRC20092	0.999990	0.000010	LD_0.9_2_1706
BRC20093	0.999990	0.000010	LD_0.9_2_1706
BRC20094	0.999990	0.000010	LD_0.9_2_1706
BRC20095	0.999990	0.000010	LD_0.9_2_1706
BRC20096	0.999990	0.000010	LD_0.9_2_1706
BRC20098	0.999990	0.000010	LD_0.9_2_1706
BRC20099	0.999990	0.000010	LD_0.9_2_1706
BRC20100	0.999990	0.000010	LD_0.9_2_1706
BRC20102	0.999990	0.000010	LD_0.9_2_1706
BRC20103	0.999990	0.000010	LD_0.9_2_1706
BRC20105	0.999990	0.000010	LD_0.9_2_1706
BRC20107	0.999990	0.000010	LD_0.9_2_1706
BRC20115	0.411240	0.588760	LD_0.9_2_1706
BRC20119	0.999990	0.000010	LD_0.9_2_1706
BRC20228	0.999990	0.000010	LD_0.9_2_1706
BRC20229	0.409120	0.590880	LD_0.9_2_1706
BRC20230	0.713584	0.286416	LD_0.9_2_1706
BRC20232	0.404419	0.595581	LD_0.9_2_1706
BRC20238	0.710658	0.289342	LD_0.9_2_1706
BRC20239	0.400211	0.599789	LD_0.9_2_1706
BRC20241	0.999990	0.000010	LD_0.9_2_1706
BRC20242	0.999990	0.000010	LD_0.9_2_1706
BRC20244	0.724548	0.275452	LD_0.9_2_1706
BRC20246	0.715277	0.284723	LD_0.9_2_1706
BRC20257	0.999990	0.000010	LD_0.9_2_1706
BRC20260	0.999990	0.000010	LD_0.9_2_1706
BRC20270	0.704306	0.295694	LD_0.9_2_1706
BRC20272	0.701999	0.298001	LD_0.9_2_1706
BRC20289	0.704409	0.295591	LD_0.9_2_1706
BRC20290	0.706449	0.293551	LD_0.9_2_1706
BRC20294	0.999990	0.000010	LD_0.9_2_1706
BRC20308	0.716529	0.283471	LD_0.9_2_1706
BRC20309	0.715504	0.284496	LD_0.9_2_1706
BRC20311	0.695967	0.304033	LD_0.9_2_1706
BRC20312	0.712441	0.287559	LD_0.9_2_1706
BRC20315	0.708031	0.291969	LD_0.9_2_1706
BRC20320	0.719911	0.280089	LD_0.9_2_1706
BRC20324	0.636598	0.363402	LD_0.9_2_1706
BRC20331	0.710982	0.289018	LD_0.9_2_1706
BRC20333	0.715943	0.284057	LD_0.9_2_1706
BRC20334	0.702868	0.297132	LD_0.9_2_1706
BRC20339	0.712805	0.287195	LD_0.9_2_1706
BRC20341	0.718967	0.281033	LD_0.9_2_1706
BRC20343	0.411361	0.588639	LD_0.9_2_1706
BRC20346	0.713460	0.286540	LD_0.9_2_1706
BRC20347	0.403172	0.596828	LD_0.9_2_1706
BRC20348	0.715654	0.284346	LD_0.9_2_1706
BRC20353	0.999990	0.000010	LD_0.9_2_1706
BRC20360	0.999990	0.000010	LD_0.9_2_1706
BRC20361	0.999990	0.000010	LD_0.9_2_1706
BRC20362	0.999990	0.000010	LD_0.9_2_1706
BRC20366	0.711050	0.288950	LD_0.9_2_1706
BRC20367	0.717744	0.282256	LD_0.9_2_1706
BRC20369	0.999990	0.000010	LD_0.9_2_1706
BRC20370	0.716217	0.283783	LD_0.9_2_1706
BRC20388	0.380340	0.619660	LD_0.9_2_1706
BRC20390	0.715757	0.284243	LD_0.9_2_1706
BRC20401	0.999990	0.000010	LD_0.9_2_1706
BRC20463	0.702461	0.297539	LD_0.9_2_1706
BRC20492	0.416592	0.583408	LD_0.9_2_1706
BRC20499	0.719434	0.280566	LD_0.9_2_1706
BRC20501	0.710468	0.289532	LD_0.9_2_1706
BRC20502	0.413208	0.586792	LD_0.9_2_1706
BRC20503	0.413521	0.586479	LD_0.9_2_1706
BRC20519	0.416999	0.583001	LD_0.9_2_1706
BRC20520	0.417395	0.582605	LD_0.9_2_1706
BRC20522	0.411750	0.588250	LD_0.9_2_1706
BRC20524	0.410872	0.589128	LD_0.9_2_1706
BRC20529	0.715672	0.284328	LD_0.9_2_1706
BRC20530	0.403427	0.596573	LD_0.9_2_1706
BRC20531	0.402675	0.597325	LD_0.9_2_1706
BRC20532	0.714880	0.285120	LD_0.9_2_1706
BRC20533	0.713644	0.286356	LD_0.9_2_1706
BRC20534	0.701796	0.298204	LD_0.9_2_1706
BRC20535	0.706184	0.293816	LD_0.9_2_1706
BRC20536	0.693856	0.306144	LD_0.9_2_1706
BRC20537	0.712249	0.287751	LD_0.9_2_1706
BRC20541	0.422066	0.577934	LD_0.9_2_1706
BRC20543	0.701916	0.298084	LD_0.9_2_1706
BRC20544	0.717882	0.282118	LD_0.9_2_1706
BRC20545	0.715087	0.284913	LD_0.9_2_1706
BRC20556	0.999990	0.000010	LD_0.9_2_1706
BRC20557	0.723655	0.276345	LD_0.9_2_1706
BRC20565	0.999990	0.000010	LD_0.9_2_1706
BRC20571	0.999990	0.000010	LD_0.9_2_1706
BRC20574	0.999990	0.000010	LD_0.9_2_1706
BW287	0.374883	0.625117	LD_0.9_2_1706
DF5100	0.999990	0.000010	LD_0.9_2_1706
ECA1129	0.999990	0.000010	LD_0.9_2_1706
ECA1143	0.999990	0.000010	LD_0.9_2_1706
ECA1147	0.999990	0.000010	LD_0.9_2_1706
ECA1149	0.997223	0.002777	LD_0.9_2_1706
ECA1160	0.999990	0.000010	LD_0.9_2_1706
ECA1164	0.999990	0.000010	LD_0.9_2_1706
ECA1170	0.752352	0.247648	LD_0.9_2_1706
ECA1174	0.999990	0.000010	LD_0.9_2_1706
ECA1383	0.736970	0.263030	LD_0.9_2_1706
ECA1411	0.999990	0.000010	LD_0.9_2_1706
ECA1423	0.999990	0.000010	LD_0.9_2_1706
ECA1429	0.999990	0.000010	LD_0.9_2_1706
ECA1431	0.999990	0.000010	LD_0.9_2_1706
ECA1437	0.999990	0.000010	LD_0.9_2_1706
ECA1439	0.999990	0.000010	LD_0.9_2_1706
ECA1443	0.798887	0.201113	LD_0.9_2_1706
ECA1471	0.999990	0.000010	LD_0.9_2_1706
ECA1489	0.999990	0.000010	LD_0.9_2_1706
ECA1507	0.999990	0.000010	LD_0.9_2_1706
ECA1509	0.999990	0.000010	LD_0.9_2_1706
ECA1517	0.999990	0.000010	LD_0.9_2_1706
ECA1521	0.999990	0.000010	LD_0.9_2_1706
ECA1555	0.999990	0.000010	LD_0.9_2_1706
ECA1559	0.749882	0.250118	LD_0.9_2_1706
ECA1563	0.999990	0.000010	LD_0.9_2_1706
ECA1571	0.999990	0.000010	LD_0.9_2_1706
ECA1587	0.999990	0.000010	LD_0.9_2_1706
ECA1605	0.784032	0.215968	LD_0.9_2_1706
ECA1609	0.999990	0.000010	LD_0.9_2_1706
ECA161	0.999990	0.000010	LD_0.9_2_1706
ECA1611	0.999990	0.000010	LD_0.9_2_1706
ECA1615	0.999990	0.000010	LD_0.9_2_1706
ECA162	0.999990	0.000010	LD_0.9_2_1706
ECA1621	0.999990	0.000010	LD_0.9_2_1706
ECA163	0.348764	0.651236	LD_0.9_2_1706
ECA1637	0.999990	0.000010	LD_0.9_2_1706
ECA1657	0.999990	0.000010	LD_0.9_2_1706
ECA1701	0.999990	0.000010	LD_0.9_2_1706
ECA175	0.999990	0.000010	LD_0.9_2_1706
ECA176	0.999990	0.000010	LD_0.9_2_1706
ECA177	0.999990	0.000010	LD_0.9_2_1706
ECA180	0.999990	0.000010	LD_0.9_2_1706
ECA182	0.999990	0.000010	LD_0.9_2_1706
ECA183	0.999990	0.000010	LD_0.9_2_1706
ECA185	0.999990	0.000010	LD_0.9_2_1706
ECA186	0.999990	0.000010	LD_0.9_2_1706
ECA2083	0.999990	0.000010	LD_0.9_2_1706
ECA2093	0.999990	0.000010	LD_0.9_2_1706
ECA2115	0.999990	0.000010	LD_0.9_2_1706
ECA2299	0.706437	0.293563	LD_0.9_2_1706
ECA2373	0.999990	0.000010	LD_0.9_2_1706
ECA2385	0.708367	0.291633	LD_0.9_2_1706
ECA2425	0.999990	0.000010	LD_0.9_2_1706
ECA2617	0.000010	0.999990	LD_0.9_2_1706
ECA2618	0.000010	0.999990	LD_0.9_2_1706
ECA2621	0.000010	0.999990	LD_0.9_2_1706
ECA2623	0.999990	0.000010	LD_0.9_2_1706
ECA2625	0.999990	0.000010	LD_0.9_2_1706
ECA2626	0.999990	0.000010	LD_0.9_2_1706
ECA2636	0.999990	0.000010	LD_0.9_2_1706
ECA2637	0.999990	0.000010	LD_0.9_2_1706
ECA2639	0.000010	0.999990	LD_0.9_2_1706
ECA2645	0.999990	0.000010	LD_0.9_2_1706
ECA2647	0.000010	0.999990	LD_0.9_2_1706
ECA2663	0.999990	0.000010	LD_0.9_2_1706
ECA2664	0.999990	0.000010	LD_0.9_2_1706
ECA2666	0.000010	0.999990	LD_0.9_2_1706
ECA2667	0.999990	0.000010	LD_0.9_2_1706
ECA2670	0.000010	0.999990	LD_0.9_2_1706
ECA276	0.351014	0.648986	LD_0.9_2_1706
ECA278	0.378748	0.621252	LD_0.9_2_1706
ECA2808	0.999990	0.000010	LD_0.9_2_1706
ECA287	0.732018	0.267982	LD_0.9_2_1706
ECA288	0.978945	0.021055	LD_0.9_2_1706
ECA2883	0.999990	0.000010	LD_0.9_2_1706
ECA2890	0.999990	0.000010	LD_0.9_2_1706
ECA2894	0.999990	0.000010	LD_0.9_2_1706
ECA2936	0.785608	0.214392	LD_0.9_2_1706
ECA2975	0.999990	0.000010	LD_0.9_2_1706
ECA3091	0.999990	0.000010	LD_0.9_2_1706
ECA343	0.999990	0.000010	LD_0.9_2_1706
ECA346	0.999990	0.000010	LD_0.9_2_1706
ECA3502	0.744542	0.255458	LD_0.9_2_1706
ECA3503	0.999990	0.000010	LD_0.9_2_1706
ECA3509	0.999990	0.000010	LD_0.9_2_1706
ECA3708	0.999990	0.000010	LD_0.9_2_1706
ECA371	0.999990	0.000010	LD_0.9_2_1706
ECA3712	0.999990	0.000010	LD_0.9_2_1706
ECA3713	0.999990	0.000010	LD_0.9_2_1706
ECA3899	0.999990	0.000010	LD_0.9_2_1706
ECA4382	0.999990	0.000010	LD_0.9_2_1706
ECA4390	0.999990	0.000010	LD_0.9_2_1706
ECA4394	0.999990	0.000010	LD_0.9_2_1706
ECA4402	0.999990	0.000010	LD_0.9_2_1706
ECA569	0.379570	0.620430	LD_0.9_2_1706
ED3032	0.999990	0.000010	LD_0.9_2_1706
ED3037	0.999990	0.000010	LD_0.9_2_1706
ED3088	0.999990	0.000010	LD_0.9_2_1706
ED3102	0.326346	0.673654	LD_0.9_2_1706
EG4360	0.371687	0.628313	LD_0.9_2_1706
EG5612	0.999990	0.000010	LD_0.9_2_1706
EG5613	0.999990	0.000010	LD_0.9_2_1706
EG6179	0.999990	0.000010	LD_0.9_2_1706
EG6260	0.999990	0.000010	LD_0.9_2_1706
EG6261	0.999990	0.000010	LD_0.9_2_1706
EG6265	0.787709	0.212291	LD_0.9_2_1706
EG6267	0.999990	0.000010	LD_0.9_2_1706
EG6271	0.999990	0.000010	LD_0.9_2_1706
EG6272	0.999990	0.000010	LD_0.9_2_1706
EG6274	0.999990	0.000010	LD_0.9_2_1706
EG6275	0.999990	0.000010	LD_0.9_2_1706
EG6276	0.999990	0.000010	LD_0.9_2_1706
EG6329	0.999990	0.000010	LD_0.9_2_1706
GUN124	0.384419	0.615581	LD_0.9_2_1706
GXW22	0.999990	0.000010	LD_0.9_2_1706
GXW23	0.999990	0.000010	LD_0.9_2_1706
HK104	0.377523	0.622477	LD_0.9_2_1706
HPT11	0.343826	0.656174	LD_0.9_2_1706
HPT16	0.999990	0.000010	LD_0.9_2_1706
HPT18	0.351774	0.648226	LD_0.9_2_1706
HPT19	0.999990	0.000010	LD_0.9_2_1706
HPT2	0.999990	0.000010	LD_0.9_2_1706
HPT21	0.999990	0.000010	LD_0.9_2_1706
HPT24	0.346815	0.653185	LD_0.9_2_1706
HPT34	0.999990	0.000010	LD_0.9_2_1706
HPT37	0.999990	0.000010	LD_0.9_2_1706
HPT4	0.999990	0.000010	LD_0.9_2_1706
HPT42	0.999990	0.000010	LD_0.9_2_1706
HPT52	0.999990	0.000010	LD_0.9_2_1706
HPT53	0.999990	0.000010	LD_0.9_2_1706
HPT54	0.999990	0.000010	LD_0.9_2_1706
HPT55	0.999990	0.000010	LD_0.9_2_1706
HPT59	0.999990	0.000010	LD_0.9_2_1706
HPT60	0.999990	0.000010	LD_0.9_2_1706
HPT62	0.999990	0.000010	LD_0.9_2_1706
HPT63	0.999990	0.000010	LD_0.9_2_1706
HPT7	0.999990	0.000010	LD_0.9_2_1706
HPT8	0.999990	0.000010	LD_0.9_2_1706
HPT9	0.999990	0.000010	LD_0.9_2_1706
JU1085	0.372811	0.627189	LD_0.9_2_1706
JU1337	0.999990	0.000010	LD_0.9_2_1706
JU1338	0.999990	0.000010	LD_0.9_2_1706
JU1341	0.000010	0.999990	LD_0.9_2_1706
JU1346	0.999990	0.000010	LD_0.9_2_1706
JU1347	0.999990	0.000010	LD_0.9_2_1706
JU1348	0.000010	0.999990	LD_0.9_2_1706
JU1375	0.999990	0.000010	LD_0.9_2_1706
JU1377	0.999990	0.000010	LD_0.9_2_1706
JU1378	0.999990	0.000010	LD_0.9_2_1706
JU1392	0.999990	0.000010	LD_0.9_2_1706
JU1399	0.999990	0.000010	LD_0.9_2_1706
JU1424	0.999990	0.000010	LD_0.9_2_1706
JU1435	0.999990	0.000010	LD_0.9_2_1706
JU1564	0.382965	0.617035	LD_0.9_2_1706
JU1637	0.999990	0.000010	LD_0.9_2_1706
JU1638	0.999990	0.000010	LD_0.9_2_1706
JU1794	0.999990	0.000010	LD_0.9_2_1706
JU1795	0.999990	0.000010	LD_0.9_2_1706
JU1799	0.999990	0.000010	LD_0.9_2_1706
JU1802	0.999990	0.000010	LD_0.9_2_1706
JU1814	0.999990	0.000010	LD_0.9_2_1706
JU1884	0.999990	0.000010	LD_0.9_2_1706
JU1885	0.999990	0.000010	LD_0.9_2_1706
JU1907	0.999990	0.000010	LD_0.9_2_1706
JU1908	0.999990	0.000010	LD_0.9_2_1706
JU1909	0.999990	0.000010	LD_0.9_2_1706
JU1913	0.999990	0.000010	LD_0.9_2_1706
JU2053	0.999990	0.000010	LD_0.9_2_1706
JU2054	0.999990	0.000010	LD_0.9_2_1706
JU2056	0.999990	0.000010	LD_0.9_2_1706
JU2057	0.999990	0.000010	LD_0.9_2_1706
JU2160	0.999990	0.000010	LD_0.9_2_1706
JU2162	0.998734	0.001266	LD_0.9_2_1706
JU2214	0.999990	0.000010	LD_0.9_2_1706
JU2216	0.723584	0.276416	LD_0.9_2_1706
JU2457	0.731565	0.268435	LD_0.9_2_1706
JU2470	0.996142	0.003858	LD_0.9_2_1706
JU2472	0.999990	0.000010	LD_0.9_2_1706
JU2507	0.999990	0.000010	LD_0.9_2_1706
JU2518	0.999990	0.000010	LD_0.9_2_1706
JU2536	0.378314	0.621686	LD_0.9_2_1706
JU2618	0.999990	0.000010	LD_0.9_2_1706
JU2799	0.999990	0.000010	LD_0.9_2_1706
JU2836	0.999990	0.000010	LD_0.9_2_1706
JU2849	0.999990	0.000010	LD_0.9_2_1706
JU2861	0.999990	0.000010	LD_0.9_2_1706
JU2868	0.999990	0.000010	LD_0.9_2_1706
JU2872	0.377051	0.622949	LD_0.9_2_1706
JU2910	0.999990	0.000010	LD_0.9_2_1706
JU3168	0.308094	0.691906	LD_0.9_2_1706
JU3171	0.999990	0.000010	LD_0.9_2_1706
JU3199	0.000010	0.999990	LD_0.9_2_1706
JU3200	0.000010	0.999990	LD_0.9_2_1706
JU3201	0.000010	0.999990	LD_0.9_2_1706
JU3202	0.000010	0.999990	LD_0.9_2_1706
JU3203	0.000010	0.999990	LD_0.9_2_1706
JU3206	0.000010	0.999990	LD_0.9_2_1706
JU3207	0.999990	0.000010	LD_0.9_2_1706
JU3237	0.998079	0.001921	LD_0.9_2_1706
JU3281	0.999990	0.000010	LD_0.9_2_1706
JU3319	0.999990	0.000010	LD_0.9_2_1706
JU3321	0.999990	0.000010	LD_0.9_2_1706
JU3326	0.381742	0.618258	LD_0.9_2_1706
JU3327	0.999990	0.000010	LD_0.9_2_1706
JU3416	0.363852	0.636148	LD_0.9_2_1706
JU4042	0.999990	0.000010	LD_0.9_2_1706
JU4051	0.999990	0.000010	LD_0.9_2_1706
JU4058	0.993381	0.006619	LD_0.9_2_1706
JU4060	0.999990	0.000010	LD_0.9_2_1706
JU4062	0.999990	0.000010	LD_0.9_2_1706
JU4064	0.999990	0.000010	LD_0.9_2_1706
JU4080	0.999990	0.000010	LD_0.9_2_1706
JU4084	0.999990	0.000010	LD_0.9_2_1706
JU4097	0.999990	0.000010	LD_0.9_2_1706
JU725	0.999990	0.000010	LD_0.9_2_1706
MY2716	0.999990	0.000010	LD_0.9_2_1706
MY539	0.999990	0.000010	LD_0.9_2_1706
NIC1050	0.999990	0.000010	LD_0.9_2_1706
NIC1052	0.999990	0.000010	LD_0.9_2_1706
NIC1054	0.999990	0.000010	LD_0.9_2_1706
NIC1055	0.999990	0.000010	LD_0.9_2_1706
NIC1057	0.999990	0.000010	LD_0.9_2_1706
NIC1058	0.999990	0.000010	LD_0.9_2_1706
NIC1059	0.999990	0.000010	LD_0.9_2_1706
NIC1060	0.999990	0.000010	LD_0.9_2_1706
NIC1062	0.999990	0.000010	LD_0.9_2_1706
NIC1069	0.999990	0.000010	LD_0.9_2_1706
NIC1103	0.999990	0.000010	LD_0.9_2_1706
NIC1104	0.999990	0.000010	LD_0.9_2_1706
NIC1106	0.999990	0.000010	LD_0.9_2_1706
NIC1117	0.999990	0.000010	LD_0.9_2_1706
NIC1123	0.999990	0.000010	LD_0.9_2_1706
NIC1124	0.999990	0.000010	LD_0.9_2_1706
NIC1135	0.999990	0.000010	LD_0.9_2_1706
NIC1138	0.999990	0.000010	LD_0.9_2_1706
NIC1141	0.999990	0.000010	LD_0.9_2_1706
NIC115	0.999990	0.000010	LD_0.9_2_1706
NIC117	0.999990	0.000010	LD_0.9_2_1706
NIC1183	0.999990	0.000010	LD_0.9_2_1706
NIC119	0.999990	0.000010	LD_0.9_2_1706
NIC1190	0.999990	0.000010	LD_0.9_2_1706
NIC1202	0.999990	0.000010	LD_0.9_2_1706
NIC1204	0.999990	0.000010	LD_0.9_2_1706
NIC1205	0.710836	0.289164	LD_0.9_2_1706
NIC1218	0.999990	0.000010	LD_0.9_2_1706
NIC1220	0.717532	0.282468	LD_0.9_2_1706
NIC1221	0.999990	0.000010	LD_0.9_2_1706
NIC123	0.999990	0.000010	LD_0.9_2_1706
NIC1267	0.999990	0.000010	LD_0.9_2_1706
NIC1283	0.999990	0.000010	LD_0.9_2_1706
NIC1288	0.999990	0.000010	LD_0.9_2_1706
NIC1292	0.999990	0.000010	LD_0.9_2_1706
NIC1302	0.999990	0.000010	LD_0.9_2_1706
NIC1304	0.999990	0.000010	LD_0.9_2_1706
NIC1308	0.999990	0.000010	LD_0.9_2_1706
NIC1407	0.999990	0.000010	LD_0.9_2_1706
NIC1421	0.999990	0.000010	LD_0.9_2_1706
NIC1423	0.999990	0.000010	LD_0.9_2_1706
NIC1442	0.999990	0.000010	LD_0.9_2_1706
NIC1491	0.999990	0.000010	LD_0.9_2_1706
NIC1525	0.999990	0.000010	LD_0.9_2_1706
NIC1528	0.999990	0.000010	LD_0.9_2_1706
NIC1529	0.999990	0.000010	LD_0.9_2_1706
NIC1533	0.999990	0.000010	LD_0.9_2_1706
NIC1535	0.999990	0.000010	LD_0.9_2_1706
NIC1539	0.715612	0.284388	LD_0.9_2_1706
NIC1540	0.409247	0.590753	LD_0.9_2_1706
NIC1562	0.718911	0.281089	LD_0.9_2_1706
NIC1589	0.402405	0.597595	LD_0.9_2_1706
NIC1590	0.723484	0.276516	LD_0.9_2_1706
NIC1591	0.403301	0.596699	LD_0.9_2_1706
NIC1593	0.400879	0.599121	LD_0.9_2_1706
NIC1595	0.714478	0.285522	LD_0.9_2_1706
NIC1598	0.720087	0.279913	LD_0.9_2_1706
NIC1602	0.706892	0.293108	LD_0.9_2_1706
NIC1607	0.412734	0.587266	LD_0.9_2_1706
NIC1628	0.999990	0.000010	LD_0.9_2_1706
NIC1630	0.716322	0.283678	LD_0.9_2_1706
NIC1631	0.713049	0.286951	LD_0.9_2_1706
NIC1632	0.382346	0.617654	LD_0.9_2_1706
NIC1633	0.377479	0.622521	LD_0.9_2_1706
NIC1635	0.375698	0.624302	LD_0.9_2_1706
NIC1645	0.722438	0.277562	LD_0.9_2_1706
NIC1660	0.712999	0.287001	LD_0.9_2_1706
NIC1661	0.712944	0.287056	LD_0.9_2_1706
NIC1662	0.720179	0.279821	LD_0.9_2_1706
NIC1663	0.718937	0.281063	LD_0.9_2_1706
NIC1664	0.402419	0.597581	LD_0.9_2_1706
NIC1665	0.401538	0.598462	LD_0.9_2_1706
NIC1666	0.716903	0.283097	LD_0.9_2_1706
NIC1667	0.702078	0.297922	LD_0.9_2_1706
NIC1681	0.698292	0.301708	LD_0.9_2_1706
NIC1688	0.999990	0.000010	LD_0.9_2_1706
NIC1692	0.730961	0.269039	LD_0.9_2_1706
NIC1693	0.722504	0.277496	LD_0.9_2_1706
NIC17	0.999990	0.000010	LD_0.9_2_1706
NIC174	0.383919	0.616081	LD_0.9_2_1706
NIC187	0.999990	0.000010	LD_0.9_2_1706
NIC188	0.999990	0.000010	LD_0.9_2_1706
NIC19	0.418933	0.581067	LD_0.9_2_1706
NIC191	0.999990	0.000010	LD_0.9_2_1706
NIC20	0.403567	0.596433	LD_0.9_2_1706
NIC21	0.400499	0.599501	LD_0.9_2_1706
NIC22	0.403526	0.596474	LD_0.9_2_1706
NIC2369	0.999990	0.000010	LD_0.9_2_1706
NIC248	0.999990	0.000010	LD_0.9_2_1706
NIC250	0.999990	0.000010	LD_0.9_2_1706
NIC2527	0.999990	0.000010	LD_0.9_2_1706
NIC309	0.999990	0.000010	LD_0.9_2_1706
NIC325	0.999990	0.000010	LD_0.9_2_1706
NIC327	0.999990	0.000010	LD_0.9_2_1706
NIC329	0.999990	0.000010	LD_0.9_2_1706
NIC330	0.999990	0.000010	LD_0.9_2_1706
NIC331	0.999990	0.000010	LD_0.9_2_1706
NIC332	0.999990	0.000010	LD_0.9_2_1706
NIC333	0.999990	0.000010	LD_0.9_2_1706
NIC343	0.999990	0.000010	LD_0.9_2_1706
NIC392	0.999990	0.000010	LD_0.9_2_1706
NIC400	0.999990	0.000010	LD_0.9_2_1706
NIC402	0.999990	0.000010	LD_0.9_2_1706
NIC419	0.999990	0.000010	LD_0.9_2_1706
NIC504	0.716350	0.283650	LD_0.9_2_1706
NIC505	0.716196	0.283804	LD_0.9_2_1706
NIC518	0.713808	0.286192	LD_0.9_2_1706
NIC519	0.713135	0.286865	LD_0.9_2_1706
NIC532	0.999990	0.000010	LD_0.9_2_1706
NIC541	0.999990	0.000010	LD_0.9_2_1706
NIC549	0.999990	0.000010	LD_0.9_2_1706
NIC552	0.999990	0.000010	LD_0.9_2_1706
NIC555	0.999990	0.000010	LD_0.9_2_1706
NIC574	0.999990	0.000010	LD_0.9_2_1706
NIC578	0.999990	0.000010	LD_0.9_2_1706
NIC583	0.999990	0.000010	LD_0.9_2_1706
NIC590	0.999990	0.000010	LD_0.9_2_1706
NIC593	0.999990	0.000010	LD_0.9_2_1706
NIC60	0.999990	0.000010	LD_0.9_2_1706
NIC61	0.999990	0.000010	LD_0.9_2_1706
NIC62	0.999990	0.000010	LD_0.9_2_1706
NIC67	0.999990	0.000010	LD_0.9_2_1706
NIC758	0.999990	0.000010	LD_0.9_2_1706
NIC777	0.999990	0.000010	LD_0.9_2_1706
NIC779	0.721786	0.278214	LD_0.9_2_1706
NIC790	0.999990	0.000010	LD_0.9_2_1706
NIC791	0.999990	0.000010	LD_0.9_2_1706
NIC792	0.999990	0.000010	LD_0.9_2_1706
NIC793	0.999990	0.000010	LD_0.9_2_1706
NIC795	0.999990	0.000010	LD_0.9_2_1706
NIC796	0.999990	0.000010	LD_0.9_2_1706
NIC802	0.999990	0.000010	LD_0.9_2_1706
NIC803	0.999990	0.000010	LD_0.9_2_1706
NIC805	0.707740	0.292260	LD_0.9_2_1706
NIC811	0.999990	0.000010	LD_0.9_2_1706
NIC814	0.709947	0.290053	LD_0.9_2_1706
NIC815	0.710478	0.289522	LD_0.9_2_1706
NIC816	0.403561	0.596439	LD_0.9_2_1706
NIC819	0.425730	0.574270	LD_0.9_2_1706
NIC821	0.999990	0.000010	LD_0.9_2_1706
NIC822	0.715553	0.284447	LD_0.9_2_1706
NIC824	0.716401	0.283599	LD_0.9_2_1706
NIC825	0.399661	0.600339	LD_0.9_2_1706
NIC827	0.408229	0.591771	LD_0.9_2_1706
NIC828	0.403139	0.596861	LD_0.9_2_1706
NIC863	0.726417	0.273583	LD_0.9_2_1706
NIC864	0.703398	0.296602	LD_0.9_2_1706
NIC865	0.721287	0.278713	LD_0.9_2_1706
NIC871	0.999990	0.000010	LD_0.9_2_1706
NIC883	0.999990	0.000010	LD_0.9_2_1706
NIC889	0.707195	0.292805	LD_0.9_2_1706
NIC893	0.417125	0.582875	LD_0.9_2_1706
NIC897	0.714818	0.285182	LD_0.9_2_1706
NIC899	0.379461	0.620539	LD_0.9_2_1706
NIC901	0.999990	0.000010	LD_0.9_2_1706
NIC911	0.999990	0.000010	LD_0.9_2_1706
NIC96	0.999990	0.000010	LD_0.9_2_1706
NIC984	0.999990	0.000010	LD_0.9_2_1706
NIC985	0.999990	0.000010	LD_0.9_2_1706
PB800	0.371005	0.628995	LD_0.9_2_1706
PB857	0.378530	0.621470	LD_0.9_2_1706
PE887	0.999990	0.000010	LD_0.9_2_1706
QG1005	0.999990	0.000010	LD_0.9_2_1706
QG1007	0.999990	0.000010	LD_0.9_2_1706
QG1111	0.999990	0.000010	LD_0.9_2_1706
QG1126	0.999990	0.000010	LD_0.9_2_1706
QG1141	0.999990	0.000010	LD_0.9_2_1706
QG1155	0.999990	0.000010	LD_0.9_2_1706
QG130	0.999990	0.000010	LD_0.9_2_1706
QG132	0.999990	0.000010	LD_0.9_2_1706
QG133	0.790905	0.209095	LD_0.9_2_1706
QG2641	0.999990	0.000010	LD_0.9_2_1706
QG2648	0.999990	0.000010	LD_0.9_2_1706
QG2659	0.999990	0.000010	LD_0.9_2_1706
QG2663	0.999990	0.000010	LD_0.9_2_1706
QG2665	0.999990	0.000010	LD_0.9_2_1706
QG2683	0.999990	0.000010	LD_0.9_2_1706
QG2736	0.999990	0.000010	LD_0.9_2_1706
QG2814	0.999990	0.000010	LD_0.9_2_1706
QG2820	0.999990	0.000010	LD_0.9_2_1706
QG2848	0.999990	0.000010	LD_0.9_2_1706
QG2880	0.999990	0.000010	LD_0.9_2_1706
QG2881	0.999990	0.000010	LD_0.9_2_1706
QG2883	0.999990	0.000010	LD_0.9_2_1706
QG2884	0.999990	0.000010	LD_0.9_2_1706
QG2891	0.000010	0.999990	LD_0.9_2_1706
QG2892	0.999990	0.000010	LD_0.9_2_1706
QG2893	0.000010	0.999990	LD_0.9_2_1706
QG2895	0.999990	0.000010	LD_0.9_2_1706
QG2902	0.999990	0.000010	LD_0.9_2_1706
QG2903	0.999990	0.000010	LD_0.9_2_1706
QG2906	0.999990	0.000010	LD_0.9_2_1706
QG2908	0.000010	0.999990	LD_0.9_2_1706
QG2910	0.999990	0.000010	LD_0.9_2_1706
QG2919	0.000010	0.999990	LD_0.9_2_1706
QG2923	0.999990	0.000010	LD_0.9_2_1706
QG2925	0.999990	0.000010	LD_0.9_2_1706
QG2964	0.999990	0.000010	LD_0.9_2_1706
QG2966	0.999990	0.000010	LD_0.9_2_1706
QG2969	0.999990	0.000010	LD_0.9_2_1706
QG2972	0.999990	0.000010	LD_0.9_2_1706
QG2996	0.999990	0.000010	LD_0.9_2_1706
QG3004	0.999990	0.000010	LD_0.9_2_1706
QG3006	0.999990	0.000010	LD_0.9_2_1706
QG3019	0.999990	0.000010	LD_0.9_2_1706
QG3025	0.999990	0.000010	LD_0.9_2_1706
QG3030	0.999990	0.000010	LD_0.9_2_1706
QG3032	0.999990	0.000010	LD_0.9_2_1706
QG3034	0.999990	0.000010	LD_0.9_2_1706
QG3041	0.999990	0.000010	LD_0.9_2_1706
QG3053	0.999990	0.000010	LD_0.9_2_1706
QG3056	0.999990	0.000010	LD_0.9_2_1706
QG3057	0.999990	0.000010	LD_0.9_2_1706
QG3058	0.999990	0.000010	LD_0.9_2_1706
QG3527	0.999990	0.000010	LD_0.9_2_1706
QG3661	0.380912	0.619088	LD_0.9_2_1706
QG3783	0.999990	0.000010	LD_0.9_2_1706
QG3801	0.999990	0.000010	LD_0.9_2_1706
QG3815	0.999990	0.000010	LD_0.9_2_1706
QG3816	0.999990	0.000010	LD_0.9_2_1706
QG3823	0.999990	0.000010	LD_0.9_2_1706
QG3825	0.999990	0.000010	LD_0.9_2_1706
QG3826	0.999990	0.000010	LD_0.9_2_1706
QG3837	0.999990	0.000010	LD_0.9_2_1706
QG3851	0.999990	0.000010	LD_0.9_2_1706
QG3861	0.999990	0.000010	LD_0.9_2_1706
QG3867	0.999990	0.000010	LD_0.9_2_1706
QG3874	0.999990	0.000010	LD_0.9_2_1706
QG3875	0.999990	0.000010	LD_0.9_2_1706
QG3876	0.999990	0.000010	LD_0.9_2_1706
QG3878	0.999990	0.000010	LD_0.9_2_1706
QG3920	0.999990	0.000010	LD_0.9_2_1706
QG3921	0.999990	0.000010	LD_0.9_2_1706
QG3923	0.999990	0.000010	LD_0.9_2_1706
QG3924	0.999990	0.000010	LD_0.9_2_1706
QG3925	0.999990	0.000010	LD_0.9_2_1706
QG3926	0.999990	0.000010	LD_0.9_2_1706
QG3927	0.999990	0.000010	LD_0.9_2_1706
QG3931	0.999990	0.000010	LD_0.9_2_1706
QG3932	0.999990	0.000010	LD_0.9_2_1706
QG3933	0.999990	0.000010	LD_0.9_2_1706
QG4026	0.000010	0.999990	LD_0.9_2_1706
QG4028	0.000010	0.999990	LD_0.9_2_1706
QG4031	0.000010	0.999990	LD_0.9_2_1706
QG4063	0.000010	0.999990	LD_0.9_2_1706
QG4064	0.000010	0.999990	LD_0.9_2_1706
QG4067	0.000010	0.999990	LD_0.9_2_1706
QG4068	0.000010	0.999990	LD_0.9_2_1706
QG4070	0.999990	0.000010	LD_0.9_2_1706
QG4093	0.000010	0.999990	LD_0.9_2_1706
QG4094	0.000010	0.999990	LD_0.9_2_1706
QG4095	0.000010	0.999990	LD_0.9_2_1706
QG4096	0.000010	0.999990	LD_0.9_2_1706
QG4097	0.000010	0.999990	LD_0.9_2_1706
QG4104	0.000010	0.999990	LD_0.9_2_1706
QG4114	0.000010	0.999990	LD_0.9_2_1706
QG4131	0.000010	0.999990	LD_0.9_2_1706
QG4132	0.000010	0.999990	LD_0.9_2_1706
QG4208	0.000010	0.999990	LD_0.9_2_1706
QG4214	0.000010	0.999990	LD_0.9_2_1706
QG4225	0.000010	0.999990	LD_0.9_2_1706
QG4232	0.000010	0.999990	LD_0.9_2_1706
QG4233	0.000010	0.999990	LD_0.9_2_1706
QG4647	0.999990	0.000010	LD_0.9_2_1706
QG4648	0.999990	0.000010	LD_0.9_2_1706
QG4683	0.999990	0.000010	LD_0.9_2_1706
QG4701	0.999990	0.000010	LD_0.9_2_1706
QG4706	0.999990	0.000010	LD_0.9_2_1706
QG4718	0.999990	0.000010	LD_0.9_2_1706
QG4742	0.999990	0.000010	LD_0.9_2_1706
QG4805	0.999990	0.000010	LD_0.9_2_1706
QG4847	0.999990	0.000010	LD_0.9_2_1706
QG4966	0.999990	0.000010	LD_0.9_2_1706
QG5348	0.999990	0.000010	LD_0.9_2_1706
QG5406	0.999990	0.000010	LD_0.9_2_1706
QG547	0.375068	0.624932	LD_0.9_2_1706
QG5474	0.999990	0.000010	LD_0.9_2_1706
QG5488	0.999990	0.000010	LD_0.9_2_1706
QG550	0.999990	0.000010	LD_0.9_2_1706
QG5507	0.999990	0.000010	LD_0.9_2_1706
QG5525	0.999990	0.000010	LD_0.9_2_1706
QG5589	0.999990	0.000010	LD_0.9_2_1706
QG5603	0.999990	0.000010	LD_0.9_2_1706
QG5611	0.999990	0.000010	LD_0.9_2_1706
QG5612	0.999990	0.000010	LD_0.9_2_1706
QG5633	0.999990	0.000010	LD_0.9_2_1706
QG581	0.374282	0.625718	LD_0.9_2_1706
QG588	0.381365	0.618635	LD_0.9_2_1706
QG700	0.999990	0.000010	LD_0.9_2_1706
QG727	0.999990	0.000010	LD_0.9_2_1706
QG733	0.999990	0.000010	LD_0.9_2_1706
QG736	0.999990	0.000010	LD_0.9_2_1706
QG737	0.999990	0.000010	LD_0.9_2_1706
QG739	0.999990	0.000010	LD_0.9_2_1706
QG761	0.999990	0.000010	LD_0.9_2_1706
QG763	0.999990	0.000010	LD_0.9_2_1706
QG776	0.999990	0.000010	LD_0.9_2_1706
QG781	0.999990	0.000010	LD_0.9_2_1706
QG784	0.999990	0.000010	LD_0.9_2_1706
QG786	0.999990	0.000010	LD_0.9_2_1706
QG788	0.999990	0.000010	LD_0.9_2_1706
QG790	0.999990	0.000010	LD_0.9_2_1706
QG791	0.999990	0.000010	LD_0.9_2_1706
QG795	0.999990	0.000010	LD_0.9_2_1706
QG797	0.999990	0.000010	LD_0.9_2_1706
QG802	0.999990	0.000010	LD_0.9_2_1706
QG804	0.999990	0.000010	LD_0.9_2_1706
QG806	0.999990	0.000010	LD_0.9_2_1706
QG807	0.999990	0.000010	LD_0.9_2_1706
QG808	0.999990	0.000010	LD_0.9_2_1706
QG809	0.999990	0.000010	LD_0.9_2_1706
QG825	0.999990	0.000010	LD_0.9_2_1706
QG827	0.999990	0.000010	LD_0.9_2_1706
QG828	0.999990	0.000010	LD_0.9_2_1706
QG833	0.999990	0.000010	LD_0.9_2_1706
QG855	0.999990	0.000010	LD_0.9_2_1706
QG856	0.999990	0.000010	LD_0.9_2_1706
QG858	0.999990	0.000010	LD_0.9_2_1706
QG860	0.999990	0.000010	LD_0.9_2_1706
QG864	0.999990	0.000010	LD_0.9_2_1706
QG865	0.999990	0.000010	LD_0.9_2_1706
QG866	0.999990	0.000010	LD_0.9_2_1706
QG868	0.999990	0.000010	LD_0.9_2_1706
QG874	0.999990	0.000010	LD_0.9_2_1706
QG875	0.999990	0.000010	LD_0.9_2_1706
QG878	0.999990	0.000010	LD_0.9_2_1706
QG879	0.999990	0.000010	LD_0.9_2_1706
QG880	0.999990	0.000010	LD_0.9_2_1706
QG881	0.999990	0.000010	LD_0.9_2_1706
QG887	0.999990	0.000010	LD_0.9_2_1706
QG888	0.999990	0.000010	LD_0.9_2_1706
QG926	0.999990	0.000010	LD_0.9_2_1706
QG927	0.999990	0.000010	LD_0.9_2_1706
QG933	0.999990	0.000010	LD_0.9_2_1706
QG937	0.999990	0.000010	LD_0.9_2_1706
QG945	0.999990	0.000010	LD_0.9_2_1706
QG946	0.999990	0.000010	LD_0.9_2_1706
QG947	0.999990	0.000010	LD_0.9_2_1706
QG948	0.999990	0.000010	LD_0.9_2_1706
QG952	0.999990	0.000010	LD_0.9_2_1706
QG978	0.999990	0.000010	LD_0.9_2_1706
QG980	0.999990	0.000010	LD_0.9_2_1706
QG986	0.999990	0.000010	LD_0.9_2_1706
QG991	0.999990	0.000010	LD_0.9_2_1706
QG994	0.999990	0.000010	LD_0.9_2_1706
QG995	0.999990	0.000010	LD_0.9_2_1706
QG997	0.999990	0.000010	LD_0.9_2_1706
QG998	0.999990	0.000010	LD_0.9_2_1706
QR25	0.390408	0.609592	LD_0.9_2_1706
QX1410	0.999990	0.000010	LD_0.9_2_1706
QX1547	0.376066	0.623934	LD_0.9_2_1706
QX1795	0.999990	0.000010	LD_0.9_2_1706
QX1796	0.999990	0.000010	LD_0.9_2_1706
QX1798	0.738023	0.261977	LD_0.9_2_1706
QX1800	0.999990	0.000010	LD_0.9_2_1706
QX1801	0.999990	0.000010	LD_0.9_2_1706
QX1802	0.999990	0.000010	LD_0.9_2_1706
QX1803	0.999990	0.000010	LD_0.9_2_1706
QX1804	0.999990	0.000010	LD_0.9_2_1706
SOW18	0.380371	0.619629	LD_0.9_2_1706
SOW21	0.382672	0.617328	LD_0.9_2_1706
SOW22	0.382668	0.617332	LD_0.9_2_1706
TT3408	0.999990	0.000010	LD_0.9_2_1706
TT3411	0.999990	0.000010	LD_0.9_2_1706
TWN1772	0.721902	0.278098	LD_0.9_2_1706
TWN1824	0.401918	0.598082	LD_0.9_2_1706
TWN1899	0.401552	0.598448	LD_0.9_2_1706
TWN1907	0.714226	0.285774	LD_0.9_2_1706
TWN2919	0.701533	0.298467	LD_0.9_2_1706
TWN3077	0.707268	0.292732	LD_0.9_2_1706
UH1	0.752624	0.247376	LD_0.9_2_1706
VSL2201	0.999990	0.000010	LD_0.9_2_1706
VSL2207	0.000010	0.999990	LD_0.9_2_1706
VSL2209	0.000010	0.999990	LD_0.9_2_1706
VSL2210	0.999990	0.000010	LD_0.9_2_1706
VSL2212	0.999990	0.000010	LD_0.9_2_1706
VSL2213	0.999990	0.000010	LD_0.9_2_1706
VSL2215	0.999990	0.000010	LD_0.9_2_1706
VSL2216	0.999990	0.000010	LD_0.9_2_1706
VSL2217	0.999990	0.000010	LD_0.9_2_1706
VSL2219	0.999990	0.000010	LD_0.9_2_1706
VT847	0.999990	0.000010	LD_0.9_2_1706
VX34	0.381602	0.618398	LD_0.9_2_1706
XZ1204	0.999990	0.000010	LD_0.9_2_1706
XZ1205	0.999990	0.000010	LD_0.9_2_1706
XZ1206	0.999990	0.000010	LD_0.9_2_1706
XZ1207	0.999990	0.000010	LD_0.9_2_1706
XZ1210	0.999990	0.000010	LD_0.9_2_1706
XZ1212	0.999990	0.000010	LD_0.9_2_1706
XZ1213	0.999990	0.000010	LD_0.9_2_1706
XZ1731	0.999990	0.000010	LD_0.9_2_1706
XZ1732	0.999990	0.000010	LD_0.9_2_1706
ZZY0992	0.999990	0.000010	LD_0.9_2_1706
ZZY1034	0.999990	0.000010	LD_0.9_2_1706
ZZY1075	0.999990	0.000010	LD_0.9_2_1706
ZZY1123	0.999990	0.000010	LD_0.9_2_1706
ZZY1130	0.999990	0.000010	LD_0.9_2_1706
ZZY405	0.999990	0.000010	LD_0.9_2_1706
AF16	0.000010	0.999990	LD_0.9_2_1807
BRC20069	0.000010	0.999990	LD_0.9_2_1807
BRC20073	0.000010	0.999990	LD_0.9_2_1807
BRC20075	0.386902	0.613098	LD_0.9_2_1807
BRC20077	0.000010	0.999990	LD_0.9_2_1807
BRC20081	0.000010	0.999990	LD_0.9_2_1807
BRC20085	0.000010	0.999990	LD_0.9_2_1807
BRC20088	0.000010	0.999990	LD_0.9_2_1807
BRC20089	0.000010	0.999990	LD_0.9_2_1807
BRC20090	0.000010	0.999990	LD_0.9_2_1807
BRC20092	0.000010	0.999990	LD_0.9_2_1807
BRC20093	0.000010	0.999990	LD_0.9_2_1807
BRC20094	0.000010	0.999990	LD_0.9_2_1807
BRC20095	0.000010	0.999990	LD_0.9_2_1807
BRC20096	0.000010	0.999990	LD_0.9_2_1807
BRC20098	0.000010	0.999990	LD_0.9_2_1807
BRC20099	0.000010	0.999990	LD_0.9_2_1807
BRC20100	0.000010	0.999990	LD_0.9_2_1807
BRC20102	0.000010	0.999990	LD_0.9_2_1807
BRC20103	0.000010	0.999990	LD_0.9_2_1807
BRC20105	0.000010	0.999990	LD_0.9_2_1807
BRC20107	0.000010	0.999990	LD_0.9_2_1807
BRC20115	0.380151	0.619849	LD_0.9_2_1807
BRC20119	0.000010	0.999990	LD_0.9_2_1807
BRC20228	0.000010	0.999990	LD_0.9_2_1807
BRC20229	0.382253	0.617747	LD_0.9_2_1807
BRC20230	0.000010	0.999990	LD_0.9_2_1807
BRC20232	0.385480	0.614520	LD_0.9_2_1807
BRC20238	0.000010	0.999990	LD_0.9_2_1807
BRC20239	0.386952	0.613048	LD_0.9_2_1807
BRC20241	0.000010	0.999990	LD_0.9_2_1807
BRC20242	0.000010	0.999990	LD_0.9_2_1807
BRC20244	0.000010	0.999990	LD_0.9_2_1807
BRC20246	0.000010	0.999990	LD_0.9_2_1807
BRC20257	0.000010	0.999990	LD_0.9_2_1807
BRC20260	0.000010	0.999990	LD_0.9_2_1807
BRC20270	0.000010	0.999990	LD_0.9_2_1807
BRC20272	0.000010	0.999990	LD_0.9_2_1807
BRC20289	0.000010	0.999990	LD_0.9_2_1807
BRC20290	0.000010	0.999990	LD_0.9_2_1807
BRC20294	0.000010	0.999990	LD_0.9_2_1807
BRC20308	0.000010	0.999990	LD_0.9_2_1807
BRC20309	0.000010	0.999990	LD_0.9_2_1807
BRC20311	0.000010	0.999990	LD_0.9_2_1807
BRC20312	0.000010	0.999990	LD_0.9_2_1807
BRC20315	0.000010	0.999990	LD_0.9_2_1807
BRC20320	0.000010	0.999990	LD_0.9_2_1807
BRC20324	0.243080	0.756920	LD_0.9_2_1807
BRC20331	0.000010	0.999990	LD_0.9_2_1807
BRC20333	0.000010	0.999990	LD_0.9_2_1807
BRC20334	0.000010	0.999990	LD_0.9_2_1807
BRC20339	0.000010	0.999990	LD_0.9_2_1807
BRC20341	0.000010	0.999990	LD_0.9_2_1807
BRC20343	0.380305	0.619695	LD_0.9_2_1807
BRC20346	0.000010	0.999990	LD_0.9_2_1807
BRC20347	0.385394	0.614606	LD_0.9_2_1807
BRC20348	0.000010	0.999990	LD_0.9_2_1807
BRC20353	0.000010	0.999990	LD_0.9_2_1807
BRC20360	0.000010	0.999990	LD_0.9_2_1807
BRC20361	0.000010	0.999990	LD_0.9_2_1807
BRC20362	0.000010	0.999990	LD_0.9_2_1807
BRC20366	0.000010	0.999990	LD_0.9_2_1807
BRC20367	0.000010	0.999990	LD_0.9_2_1807
BRC20369	0.000010	0.999990	LD_0.9_2_1807
BRC20370	0.000010	0.999990	LD_0.9_2_1807
BRC20388	0.394776	0.605224	LD_0.9_2_1807
BRC20390	0.000010	0.999990	LD_0.9_2_1807
BRC20401	0.000010	0.999990	LD_0.9_2_1807
BRC20463	0.000010	0.999990	LD_0.9_2_1807
BRC20492	0.375879	0.624121	LD_0.9_2_1807
BRC20499	0.000010	0.999990	LD_0.9_2_1807
BRC20501	0.000010	0.999990	LD_0.9_2_1807
BRC20502	0.384632	0.615368	LD_0.9_2_1807
BRC20503	0.384186	0.615814	LD_0.9_2_1807
BRC20519	0.376935	0.623065	LD_0.9_2_1807
BRC20520	0.375908	0.624092	LD_0.9_2_1807
BRC20522	0.379944	0.620056	LD_0.9_2_1807
BRC20524	0.381007	0.618993	LD_0.9_2_1807
BRC20529	0.000010	0.999990	LD_0.9_2_1807
BRC20530	0.385699	0.614301	LD_0.9_2_1807
BRC20531	0.385905	0.614095	LD_0.9_2_1807
BRC20532	0.000010	0.999990	LD_0.9_2_1807
BRC20533	0.000010	0.999990	LD_0.9_2_1807
BRC20534	0.000010	0.999990	LD_0.9_2_1807
BRC20535	0.000010	0.999990	LD_0.9_2_1807
BRC20536	0.000010	0.999990	LD_0.9_2_1807
BRC20537	0.000010	0.999990	LD_0.9_2_1807
BRC20541	0.373793	0.626207	LD_0.9_2_1807
BRC20543	0.000010	0.999990	LD_0.9_2_1807
BRC20544	0.000010	0.999990	LD_0.9_2_1807
BRC20545	0.000010	0.999990	LD_0.9_2_1807
BRC20556	0.000010	0.999990	LD_0.9_2_1807
BRC20557	0.000010	0.999990	LD_0.9_2_1807
BRC20565	0.000010	0.999990	LD_0.9_2_1807
BRC20571	0.000010	0.999990	LD_0.9_2_1807
BRC20574	0.000010	0.999990	LD_0.9_2_1807
BW287	0.399396	0.600604	LD_0.9_2_1807
DF5100	0.000010	0.999990	LD_0.9_2_1807
ECA1129	0.000010	0.999990	LD_0.9_2_1807
ECA1143	0.000010	0.999990	LD_0.9_2_1807
ECA1147	0.000010	0.999990	LD_0.9_2_1807
ECA1149	0.000010	0.999990	LD_0.9_2_1807
ECA1160	0.000010	0.999990	LD_0.9_2_1807
ECA1164	0.000010	0.999990	LD_0.9_2_1807
ECA1170	0.000010	0.999990	LD_0.9_2_1807
ECA1174	0.000010	0.999990	LD_0.9_2_1807
ECA1383	0.000010	0.999990	LD_0.9_2_1807
ECA1411	0.000010	0.999990	LD_0.9_2_1807
ECA1423	0.000010	0.999990	LD_0.9_2_1807
ECA1429	0.000010	0.999990	LD_0.9_2_1807
ECA1431	0.000010	0.999990	LD_0.9_2_1807
ECA1437	0.000010	0.999990	LD_0.9_2_1807
ECA1439	0.000010	0.999990	LD_0.9_2_1807
ECA1443	0.000010	0.999990	LD_0.9_2_1807
ECA1471	0.000010	0.999990	LD_0.9_2_1807
ECA1489	0.000010	0.999990	LD_0.9_2_1807
ECA1507	0.000010	0.999990	LD_0.9_2_1807
ECA1509	0.000010	0.999990	LD_0.9_2_1807
ECA1517	0.000010	0.999990	LD_0.9_2_1807
ECA1521	0.000010	0.999990	LD_0.9_2_1807
ECA1555	0.000010	0.999990	LD_0.9_2_1807
ECA1559	0.000010	0.999990	LD_0.9_2_1807
ECA1563	0.000010	0.999990	LD_0.9_2_1807
ECA1571	0.000010	0.999990	LD_0.9_2_1807
ECA1587	0.000010	0.999990	LD_0.9_2_1807
ECA1605	0.000010	0.999990	LD_0.9_2_1807
ECA1609	0.000010	0.999990	LD_0.9_2_1807
ECA161	0.000010	0.999990	LD_0.9_2_1807
ECA1611	0.000010	0.999990	LD_0.9_2_1807
ECA1615	0.000010	0.999990	LD_0.9_2_1807
ECA162	0.000010	0.999990	LD_0.9_2_1807
ECA1621	0.000010	0.999990	LD_0.9_2_1807
ECA163	0.439018	0.560982	LD_0.9_2_1807
ECA1637	0.000010	0.999990	LD_0.9_2_1807
ECA1657	0.000010	0.999990	LD_0.9_2_1807
ECA1701	0.000010	0.999990	LD_0.9_2_1807
ECA175	0.000010	0.999990	LD_0.9_2_1807
ECA176	0.000010	0.999990	LD_0.9_2_1807
ECA177	0.000010	0.999990	LD_0.9_2_1807
ECA180	0.000010	0.999990	LD_0.9_2_1807
ECA182	0.000010	0.999990	LD_0.9_2_1807
ECA183	0.000010	0.999990	LD_0.9_2_1807
ECA185	0.000010	0.999990	LD_0.9_2_1807
ECA186	0.000010	0.999990	LD_0.9_2_1807
ECA2083	0.000010	0.999990	LD_0.9_2_1807
ECA2093	0.000010	0.999990	LD_0.9_2_1807
ECA2115	0.000010	0.999990	LD_0.9_2_1807
ECA2299	0.000010	0.999990	LD_0.9_2_1807
ECA2373	0.000010	0.999990	LD_0.9_2_1807
ECA2385	0.000010	0.999990	LD_0.9_2_1807
ECA2425	0.000010	0.999990	LD_0.9_2_1807
ECA2617	0.999990	0.000010	LD_0.9_2_1807
ECA2618	0.999990	0.000010	LD_0.9_2_1807
ECA2621	0.999990	0.000010	LD_0.9_2_1807
ECA2623	0.000010	0.999990	LD_0.9_2_1807
ECA2625	0.000010	0.999990	LD_0.9_2_1807
ECA2626	0.000010	0.999990	LD_0.9_2_1807
ECA2636	0.000010	0.999990	LD_0.9_2_1807
ECA2637	0.000010	0.999990	LD_0.9_2_1807
ECA2639	0.999990	0.000010	LD_0.9_2_1807
ECA2645	0.000010	0.999990	LD_0.9_2_1807
ECA2647	0.999990	0.000010	LD_0.9_2_1807
ECA2663	0.000010	0.999990	LD_0.9_2_1807
ECA2664	0.000010	0.999990	LD_0.9_2_1807
ECA2666	0.999990	0.000010	LD_0.9_2_1807
ECA2667	0.000010	0.999990	LD_0.9_2_1807
ECA2670	0.999990	0.000010	LD_0.9_2_1807
ECA276	0.437309	0.562691	LD_0.9_2_1807
ECA278	0.396158	0.603842	LD_0.9_2_1807
ECA2808	0.000010	0.999990	LD_0.9_2_1807
ECA287	0.000010	0.999990	LD_0.9_2_1807
ECA288	0.000010	0.999990	LD_0.9_2_1807
ECA2883	0.000010	0.999990	LD_0.9_2_1807
ECA2890	0.000010	0.999990	LD_0.9_2_1807
ECA2894	0.000010	0.999990	LD_0.9_2_1807
ECA2936	0.000010	0.999990	LD_0.9_2_1807
ECA2975	0.000010	0.999990	LD_0.9_2_1807
ECA3091	0.000010	0.999990	LD_0.9_2_1807
ECA343	0.000010	0.999990	LD_0.9_2_1807
ECA346	0.000010	0.999990	LD_0.9_2_1807
ECA3502	0.000010	0.999990	LD_0.9_2_1807
ECA3503	0.000010	0.999990	LD_0.9_2_1807
ECA3509	0.000010	0.999990	LD_0.9_2_1807
ECA3708	0.000010	0.999990	LD_0.9_2_1807
ECA371	0.000010	0.999990	LD_0.9_2_1807
ECA3712	0.000010	0.999990	LD_0.9_2_1807
ECA3713	0.000010	0.999990	LD_0.9_2_1807
ECA3899	0.000010	0.999990	LD_0.9_2_1807
ECA4382	0.000010	0.999990	LD_0.9_2_1807
ECA4390	0.000010	0.999990	LD_0.9_2_1807
ECA4394	0.000010	0.999990	LD_0.9_2_1807
ECA4402	0.000010	0.999990	LD_0.9_2_1807
ECA569	0.395735	0.604265	LD_0.9_2_1807
ED3032	0.000010	0.999990	LD_0.9_2_1807
ED3037	0.000010	0.999990	LD_0.9_2_1807
ED3088	0.000010	0.999990	LD_0.9_2_1807
ED3102	0.453228	0.546772	LD_0.9_2_1807
EG4360	0.401342	0.598658	LD_0.9_2_1807
EG5612	0.000010	0.999990	LD_0.9_2_1807
EG5613	0.000010	0.999990	LD_0.9_2_1807
EG6179	0.000010	0.999990	LD_0.9_2_1807
EG6260	0.000010	0.999990	LD_0.9_2_1807
EG6261	0.000010	0.999990	LD_0.9_2_1807
EG6265	0.000010	0.999990	LD_0.9_2_1807
EG6267	0.000010	0.999990	LD_0.9_2_1807
EG6271	0.000010	0.999990	LD_0.9_2_1807
EG6272	0.000010	0.999990	LD_0.9_2_1807
EG6274	0.000010	0.999990	LD_0.9_2_1807
EG6275	0.000010	0.999990	LD_0.9_2_1807
EG6276	0.000010	0.999990	LD_0.9_2_1807
EG6329	0.000010	0.999990	LD_0.9_2_1807
GUN124	0.392408	0.607592	LD_0.9_2_1807
GXW22	0.000010	0.999990	LD_0.9_2_1807
GXW23	0.000010	0.999990	LD_0.9_2_1807
HK104	0.398268	0.601732	LD_0.9_2_1807
HPT11	0.442090	0.557910	LD_0.9_2_1807
HPT16	0.000010	0.999990	LD_0.9_2_1807
HPT18	0.435868	0.564132	LD_0.9_2_1807
HPT19	0.000010	0.999990	LD_0.9_2_1807
HPT2	0.000010	0.999990	LD_0.9_2_1807
HPT21	0.000010	0.999990	LD_0.9_2_1807
HPT24	0.440258	0.559742	LD_0.9_2_1807
HPT34	0.000010	0.999990	LD_0.9_2_1807
HPT37	0.000010	0.999990	LD_0.9_2_1807
HPT4	0.000010	0.999990	LD_0.9_2_1807
HPT42	0.000010	0.999990	LD_0.9_2_1807
HPT52	0.000010	0.999990	LD_0.9_2_1807
HPT53	0.000010	0.999990	LD_0.9_2_1807
HPT54	0.000010	0.999990	LD_0.9_2_1807
HPT55	0.000010	0.999990	LD_0.9_2_1807
HPT59	0.000010	0.999990	LD_0.9_2_1807
HPT60	0.000010	0.999990	LD_0.9_2_1807
HPT62	0.000010	0.999990	LD_0.9_2_1807
HPT63	0.000010	0.999990	LD_0.9_2_1807
HPT7	0.000010	0.999990	LD_0.9_2_1807
HPT8	0.000010	0.999990	LD_0.9_2_1807
HPT9	0.000010	0.999990	LD_0.9_2_1807
JU1085	0.401307	0.598693	LD_0.9_2_1807
JU1337	0.000010	0.999990	LD_0.9_2_1807
JU1338	0.000010	0.999990	LD_0.9_2_1807
JU1341	0.999990	0.000010	LD_0.9_2_1807
JU1346	0.000010	0.999990	LD_0.9_2_1807
JU1347	0.000010	0.999990	LD_0.9_2_1807
JU1348	0.999990	0.000010	LD_0.9_2_1807
JU1375	0.000010	0.999990	LD_0.9_2_1807
JU1377	0.000010	0.999990	LD_0.9_2_1807
JU1378	0.000010	0.999990	LD_0.9_2_1807
JU1392	0.000010	0.999990	LD_0.9_2_1807
JU1399	0.000010	0.999990	LD_0.9_2_1807
JU1424	0.000010	0.999990	LD_0.9_2_1807
JU1435	0.000010	0.999990	LD_0.9_2_1807
JU1564	0.393279	0.606721	LD_0.9_2_1807
JU1637	0.000010	0.999990	LD_0.9_2_1807
JU1638	0.000010	0.999990	LD_0.9_2_1807
JU1794	0.000010	0.999990	LD_0.9_2_1807
JU1795	0.000010	0.999990	LD_0.9_2_1807
JU1799	0.000010	0.999990	LD_0.9_2_1807
JU1802	0.000010	0.999990	LD_0.9_2_1807
JU1814	0.000010	0.999990	LD_0.9_2_1807
JU1884	0.000010	0.999990	LD_0.9_2_1807
JU1885	0.000010	0.999990	LD_0.9_2_1807
JU1907	0.000010	0.999990	LD_0.9_2_1807
JU1908	0.000010	0.999990	LD_0.9_2_1807
JU1909	0.000010	0.999990	LD_0.9_2_1807
JU1913	0.000010	0.999990	LD_0.9_2_1807
JU2053	0.000010	0.999990	LD_0.9_2_1807
JU2054	0.000010	0.999990	LD_0.9_2_1807
JU2056	0.000010	0.999990	LD_0.9_2_1807
JU2057	0.000010	0.999990	LD_0.9_2_1807
JU2160	0.000010	0.999990	LD_0.9_2_1807
JU2162	0.000010	0.999990	LD_0.9_2_1807
JU2214	0.000010	0.999990	LD_0.9_2_1807
JU2216	0.000010	0.999990	LD_0.9_2_1807
JU2457	0.178843	0.821157	LD_0.9_2_1807
JU2470	0.001903	0.998097	LD_0.9_2_1807
JU2472	0.000010	0.999990	LD_0.9_2_1807
JU2507	0.000010	0.999990	LD_0.9_2_1807
JU2518	0.000010	0.999990	LD_0.9_2_1807
JU2536	0.395950	0.604050	LD_0.9_2_1807
JU2618	0.000010	0.999990	LD_0.9_2_1807
JU2799	0.000010	0.999990	LD_0.9_2_1807
JU2836	0.000010	0.999990	LD_0.9_2_1807
JU2849	0.000010	0.999990	LD_0.9_2_1807
JU2861	0.000010	0.999990	LD_0.9_2_1807
JU2868	0.000010	0.999990	LD_0.9_2_1807
JU2872	0.397122	0.602878	LD_0.9_2_1807
JU2910	0.000010	0.999990	LD_0.9_2_1807
JU3168	0.469284	0.530716	LD_0.9_2_1807
JU3171	0.000010	0.999990	LD_0.9_2_1807
JU3199	0.999990	0.000010	LD_0.9_2_1807
JU3200	0.999990	0.000010	LD_0.9_2_1807
JU3201	0.999990	0.000010	LD_0.9_2_1807
JU3202	0.999990	0.000010	LD_0.9_2_1807
JU3203	0.999990	0.000010	LD_0.9_2_1807
JU3206	0.999990	0.000010	LD_0.9_2_1807
JU3207	0.000010	0.999990	LD_0.9_2_1807
JU3237	0.000010	0.999990	LD_0.9_2_1807
JU3281	0.000010	0.999990	LD_0.9_2_1807
JU3319	0.000010	0.999990	LD_0.9_2_1807
JU3321	0.000010	0.999990	LD_0.9_2_1807
JU3326	0.407904	0.592096	LD_0.9_2_1807
JU3327	0.000010	0.999990	LD_0.9_2_1807
JU3416	0.409219	0.590781	LD_0.9_2_1807
JU4042	0.000010	0.999990	LD_0.9_2_1807
JU4051	0.000010	0.999990	LD_0.9_2_1807
JU4058	0.003374	0.996626	LD_0.9_2_1807
JU4060	0.000010	0.999990	LD_0.9_2_1807
JU4062	0.000010	0.999990	LD_0.9_2_1807
JU4064	0.000010	0.999990	LD_0.9_2_1807
JU4080	0.000010	0.999990	LD_0.9_2_1807
JU4084	0.000010	0.999990	LD_0.9_2_1807
JU4097	0.000010	0.999990	LD_0.9_2_1807
JU725	0.000010	0.999990	LD_0.9_2_1807
MY2716	0.000010	0.999990	LD_0.9_2_1807
MY539	0.000010	0.999990	LD_0.9_2_1807
NIC1050	0.000010	0.999990	LD_0.9_2_1807
NIC1052	0.000010	0.999990	LD_0.9_2_1807
NIC1054	0.000010	0.999990	LD_0.9_2_1807
NIC1055	0.000010	0.999990	LD_0.9_2_1807
NIC1057	0.000010	0.999990	LD_0.9_2_1807
NIC1058	0.000010	0.999990	LD_0.9_2_1807
NIC1059	0.000010	0.999990	LD_0.9_2_1807
NIC1060	0.000010	0.999990	LD_0.9_2_1807
NIC1062	0.000010	0.999990	LD_0.9_2_1807
NIC1069	0.000010	0.999990	LD_0.9_2_1807
NIC1103	0.000010	0.999990	LD_0.9_2_1807
NIC1104	0.000010	0.999990	LD_0.9_2_1807
NIC1106	0.000010	0.999990	LD_0.9_2_1807
NIC1117	0.000010	0.999990	LD_0.9_2_1807
NIC1123	0.000010	0.999990	LD_0.9_2_1807
NIC1124	0.000010	0.999990	LD_0.9_2_1807
NIC1135	0.000010	0.999990	LD_0.9_2_1807
NIC1138	0.000010	0.999990	LD_0.9_2_1807
NIC1141	0.000010	0.999990	LD_0.9_2_1807
NIC115	0.000010	0.999990	LD_0.9_2_1807
NIC117	0.000010	0.999990	LD_0.9_2_1807
NIC1183	0.000010	0.999990	LD_0.9_2_1807
NIC119	0.000010	0.999990	LD_0.9_2_1807
NIC1190	0.000010	0.999990	LD_0.9_2_1807
NIC1202	0.000010	0.999990	LD_0.9_2_1807
NIC1204	0.000010	0.999990	LD_0.9_2_1807
NIC1205	0.000010	0.999990	LD_0.9_2_1807
NIC1218	0.000010	0.999990	LD_0.9_2_1807
NIC1220	0.000010	0.999990	LD_0.9_2_1807
NIC1221	0.000010	0.999990	LD_0.9_2_1807
NIC123	0.000010	0.999990	LD_0.9_2_1807
NIC1267	0.000010	0.999990	LD_0.9_2_1807
NIC1283	0.000010	0.999990	LD_0.9_2_1807
NIC1288	0.000010	0.999990	LD_0.9_2_1807
NIC1292	0.000010	0.999990	LD_0.9_2_1807
NIC1302	0.000010	0.999990	LD_0.9_2_1807
NIC1304	0.000010	0.999990	LD_0.9_2_1807
NIC1308	0.000010	0.999990	LD_0.9_2_1807
NIC1407	0.000010	0.999990	LD_0.9_2_1807
NIC1421	0.000010	0.999990	LD_0.9_2_1807
NIC1423	0.000010	0.999990	LD_0.9_2_1807
NIC1442	0.000010	0.999990	LD_0.9_2_1807
NIC1491	0.000010	0.999990	LD_0.9_2_1807
NIC1525	0.000010	0.999990	LD_0.9_2_1807
NIC1528	0.000010	0.999990	LD_0.9_2_1807
NIC1529	0.000010	0.999990	LD_0.9_2_1807
NIC1533	0.000010	0.999990	LD_0.9_2_1807
NIC1535	0.000010	0.999990	LD_0.9_2_1807
NIC1539	0.000010	0.999990	LD_0.9_2_1807
NIC1540	0.381499	0.618501	LD_0.9_2_1807
NIC1562	0.000010	0.999990	LD_0.9_2_1807
NIC1589	0.386619	0.613381	LD_0.9_2_1807
NIC1590	0.000010	0.999990	LD_0.9_2_1807
NIC1591	0.385116	0.614884	LD_0.9_2_1807
NIC1593	0.387174	0.612826	LD_0.9_2_1807
NIC1595	0.000010	0.999990	LD_0.9_2_1807
NIC1598	0.000010	0.999990	LD_0.9_2_1807
NIC1602	0.000010	0.999990	LD_0.9_2_1807
NIC1607	0.378708	0.621292	LD_0.9_2_1807
NIC1628	0.000010	0.999990	LD_0.9_2_1807
NIC1630	0.000010	0.999990	LD_0.9_2_1807
NIC1631	0.000010	0.999990	LD_0.9_2_1807
NIC1632	0.393486	0.606514	LD_0.9_2_1807
NIC1633	0.396899	0.603101	LD_0.9_2_1807
NIC1635	0.398041	0.601959	LD_0.9_2_1807
NIC1645	0.000010	0.999990	LD_0.9_2_1807
NIC1660	0.000010	0.999990	LD_0.9_2_1807
NIC1661	0.000010	0.999990	LD_0.9_2_1807
NIC1662	0.000010	0.999990	LD_0.9_2_1807
NIC1663	0.000010	0.999990	LD_0.9_2_1807
NIC1664	0.385941	0.614059	LD_0.9_2_1807
NIC1665	0.386379	0.613621	LD_0.9_2_1807
NIC1666	0.000010	0.999990	LD_0.9_2_1807
NIC1667	0.000010	0.999990	LD_0.9_2_1807
NIC1681	0.000010	0.999990	LD_0.9_2_1807
NIC1688	0.000010	0.999990	LD_0.9_2_1807
NIC1692	0.000010	0.999990	LD_0.9_2_1807
NIC1693	0.000010	0.999990	LD_0.9_2_1807
NIC17	0.000010	0.999990	LD_0.9_2_1807
NIC174	0.392366	0.607634	LD_0.9_2_1807
NIC187	0.000010	0.999990	LD_0.9_2_1807
NIC188	0.000010	0.999990	LD_0.9_2_1807
NIC19	0.374069	0.625931	LD_0.9_2_1807
NIC191	0.000010	0.999990	LD_0.9_2_1807
NIC20	0.385040	0.614960	LD_0.9_2_1807
NIC21	0.387821	0.612179	LD_0.9_2_1807
NIC22	0.385675	0.614325	LD_0.9_2_1807
NIC2369	0.000010	0.999990	LD_0.9_2_1807
NIC248	0.000010	0.999990	LD_0.9_2_1807
NIC250	0.000010	0.999990	LD_0.9_2_1807
NIC2527	0.000010	0.999990	LD_0.9_2_1807
NIC309	0.000010	0.999990	LD_0.9_2_1807
NIC325	0.000010	0.999990	LD_0.9_2_1807
NIC327	0.000010	0.999990	LD_0.9_2_1807
NIC329	0.000010	0.999990	LD_0.9_2_1807
NIC330	0.000010	0.999990	LD_0.9_2_1807
NIC331	0.000010	0.999990	LD_0.9_2_1807
NIC332	0.000010	0.999990	LD_0.9_2_1807
NIC333	0.000010	0.999990	LD_0.9_2_1807
NIC343	0.000010	0.999990	LD_0.9_2_1807
NIC392	0.000010	0.999990	LD_0.9_2_1807
NIC400	0.000010	0.999990	LD_0.9_2_1807
NIC402	0.000010	0.999990	LD_0.9_2_1807
NIC419	0.000010	0.999990	LD_0.9_2_1807
NIC504	0.000010	0.999990	LD_0.9_2_1807
NIC505	0.000010	0.999990	LD_0.9_2_1807
NIC518	0.000010	0.999990	LD_0.9_2_1807
NIC519	0.000010	0.999990	LD_0.9_2_1807
NIC532	0.000010	0.999990	LD_0.9_2_1807
NIC541	0.000010	0.999990	LD_0.9_2_1807
NIC549	0.000010	0.999990	LD_0.9_2_1807
NIC552	0.000010	0.999990	LD_0.9_2_1807
NIC555	0.000010	0.999990	LD_0.9_2_1807
NIC574	0.000010	0.999990	LD_0.9_2_1807
NIC578	0.000010	0.999990	LD_0.9_2_1807
NIC583	0.000010	0.999990	LD_0.9_2_1807
NIC590	0.000010	0.999990	LD_0.9_2_1807
NIC593	0.000010	0.999990	LD_0.9_2_1807
NIC60	0.000010	0.999990	LD_0.9_2_1807
NIC61	0.000010	0.999990	LD_0.9_2_1807
NIC62	0.000010	0.999990	LD_0.9_2_1807
NIC67	0.000010	0.999990	LD_0.9_2_1807
NIC758	0.000010	0.999990	LD_0.9_2_1807
NIC777	0.000010	0.999990	LD_0.9_2_1807
NIC779	0.000010	0.999990	LD_0.9_2_1807
NIC790	0.000010	0.999990	LD_0.9_2_1807
NIC791	0.000010	0.999990	LD_0.9_2_1807
NIC792	0.000010	0.999990	LD_0.9_2_1807
NIC793	0.000010	0.999990	LD_0.9_2_1807
NIC795	0.000010	0.999990	LD_0.9_2_1807
NIC796	0.000010	0.999990	LD_0.9_2_1807
NIC802	0.000010	0.999990	LD_0.9_2_1807
NIC803	0.000010	0.999990	LD_0.9_2_1807
NIC805	0.000010	0.999990	LD_0.9_2_1807
NIC811	0.000010	0.999990	LD_0.9_2_1807
NIC814	0.000010	0.999990	LD_0.9_2_1807
NIC815	0.000010	0.999990	LD_0.9_2_1807
NIC816	0.386043	0.613957	LD_0.9_2_1807
NIC819	0.371210	0.628790	LD_0.9_2_1807
NIC821	0.000010	0.999990	LD_0.9_2_1807
NIC822	0.000010	0.999990	LD_0.9_2_1807
NIC824	0.000010	0.999990	LD_0.9_2_1807
NIC825	0.387993	0.612007	LD_0.9_2_1807
NIC827	0.382625	0.617375	LD_0.9_2_1807
NIC828	0.385571	0.614429	LD_0.9_2_1807
NIC863	0.000010	0.999990	LD_0.9_2_1807
NIC864	0.000010	0.999990	LD_0.9_2_1807
NIC865	0.000010	0.999990	LD_0.9_2_1807
NIC871	0.000010	0.999990	LD_0.9_2_1807
NIC883	0.000010	0.999990	LD_0.9_2_1807
NIC889	0.000010	0.999990	LD_0.9_2_1807
NIC893	0.381366	0.618634	LD_0.9_2_1807
NIC897	0.000010	0.999990	LD_0.9_2_1807
NIC899	0.396228	0.603772	LD_0.9_2_1807
NIC901	0.000010	0.999990	LD_0.9_2_1807
NIC911	0.000010	0.999990	LD_0.9_2_1807
NIC96	0.000010	0.999990	LD_0.9_2_1807
NIC984	0.000010	0.999990	LD_0.9_2_1807
NIC985	0.000010	0.999990	LD_0.9_2_1807
PB800	0.401604	0.598396	LD_0.9_2_1807
PB857	0.396585	0.603415	LD_0.9_2_1807
PE887	0.000010	0.999990	LD_0.9_2_1807
QG1005	0.000010	0.999990	LD_0.9_2_1807
QG1007	0.000010	0.999990	LD_0.9_2_1807
QG1111	0.000010	0.999990	LD_0.9_2_1807
QG1126	0.000010	0.999990	LD_0.9_2_1807
QG1141	0.000010	0.999990	LD_0.9_2_1807
QG1155	0.000010	0.999990	LD_0.9_2_1807
QG130	0.000010	0.999990	LD_0.9_2_1807
QG132	0.000010	0.999990	LD_0.9_2_1807
QG133	0.000010	0.999990	LD_0.9_2_1807
QG2641	0.000010	0.999990	LD_0.9_2_1807
QG2648	0.000010	0.999990	LD_0.9_2_1807
QG2659	0.000010	0.999990	LD_0.9_2_1807
QG2663	0.000010	0.999990	LD_0.9_2_1807
QG2665	0.000010	0.999990	LD_0.9_2_1807
QG2683	0.000010	0.999990	LD_0.9_2_1807
QG2736	0.000010	0.999990	LD_0.9_2_1807
QG2814	0.000010	0.999990	LD_0.9_2_1807
QG2820	0.000010	0.999990	LD_0.9_2_1807
QG2848	0.000010	0.999990	LD_0.9_2_1807
QG2880	0.000010	0.999990	LD_0.9_2_1807
QG2881	0.000010	0.999990	LD_0.9_2_1807
QG2883	0.000010	0.999990	LD_0.9_2_1807
QG2884	0.000010	0.999990	LD_0.9_2_1807
QG2891	0.999990	0.000010	LD_0.9_2_1807
QG2892	0.000010	0.999990	LD_0.9_2_1807
QG2893	0.999990	0.000010	LD_0.9_2_1807
QG2895	0.000010	0.999990	LD_0.9_2_1807
QG2902	0.000010	0.999990	LD_0.9_2_1807
QG2903	0.000010	0.999990	LD_0.9_2_1807
QG2906	0.000010	0.999990	LD_0.9_2_1807
QG2908	0.999990	0.000010	LD_0.9_2_1807
QG2910	0.000010	0.999990	LD_0.9_2_1807
QG2919	0.999990	0.000010	LD_0.9_2_1807
QG2923	0.000010	0.999990	LD_0.9_2_1807
QG2925	0.000010	0.999990	LD_0.9_2_1807
QG2964	0.000010	0.999990	LD_0.9_2_1807
QG2966	0.000010	0.999990	LD_0.9_2_1807
QG2969	0.000010	0.999990	LD_0.9_2_1807
QG2972	0.000010	0.999990	LD_0.9_2_1807
QG2996	0.000010	0.999990	LD_0.9_2_1807
QG3004	0.000010	0.999990	LD_0.9_2_1807
QG3006	0.000010	0.999990	LD_0.9_2_1807
QG3019	0.000010	0.999990	LD_0.9_2_1807
QG3025	0.000010	0.999990	LD_0.9_2_1807
QG3030	0.000010	0.999990	LD_0.9_2_1807
QG3032	0.000010	0.999990	LD_0.9_2_1807
QG3034	0.000010	0.999990	LD_0.9_2_1807
QG3041	0.000010	0.999990	LD_0.9_2_1807
QG3053	0.000010	0.999990	LD_0.9_2_1807
QG3056	0.000010	0.999990	LD_0.9_2_1807
QG3057	0.000010	0.999990	LD_0.9_2_1807
QG3058	0.000010	0.999990	LD_0.9_2_1807
QG3527	0.000010	0.999990	LD_0.9_2_1807
QG3661	0.395160	0.604840	LD_0.9_2_1807
QG3783	0.000010	0.999990	LD_0.9_2_1807
QG3801	0.000010	0.999990	LD_0.9_2_1807
QG3815	0.000010	0.999990	LD_0.9_2_1807
QG3816	0.000010	0.999990	LD_0.9_2_1807
QG3823	0.000010	0.999990	LD_0.9_2_1807
QG3825	0.000010	0.999990	LD_0.9_2_1807
QG3826	0.000010	0.999990	LD_0.9_2_1807
QG3837	0.000010	0.999990	LD_0.9_2_1807
QG3851	0.000010	0.999990	LD_0.9_2_1807
QG3861	0.000010	0.999990	LD_0.9_2_1807
QG3867	0.000010	0.999990	LD_0.9_2_1807
QG3874	0.000010	0.999990	LD_0.9_2_1807
QG3875	0.000010	0.999990	LD_0.9_2_1807
QG3876	0.000010	0.999990	LD_0.9_2_1807
QG3878	0.000010	0.999990	LD_0.9_2_1807
QG3920	0.000010	0.999990	LD_0.9_2_1807
QG3921	0.000010	0.999990	LD_0.9_2_1807
QG3923	0.000010	0.999990	LD_0.9_2_1807
QG3924	0.000010	0.999990	LD_0.9_2_1807
QG3925	0.000010	0.999990	LD_0.9_2_1807
QG3926	0.000010	0.999990	LD_0.9_2_1807
QG3927	0.000010	0.999990	LD_0.9_2_1807
QG3931	0.000010	0.999990	LD_0.9_2_1807
QG3932	0.000010	0.999990	LD_0.9_2_1807
QG3933	0.000010	0.999990	LD_0.9_2_1807
QG4026	0.999990	0.000010	LD_0.9_2_1807
QG4028	0.999990	0.000010	LD_0.9_2_1807
QG4031	0.999990	0.000010	LD_0.9_2_1807
QG4063	0.999990	0.000010	LD_0.9_2_1807
QG4064	0.999990	0.000010	LD_0.9_2_1807
QG4067	0.999990	0.000010	LD_0.9_2_1807
QG4068	0.999990	0.000010	LD_0.9_2_1807
QG4070	0.000010	0.999990	LD_0.9_2_1807
QG4093	0.999990	0.000010	LD_0.9_2_1807
QG4094	0.999990	0.000010	LD_0.9_2_1807
QG4095	0.999990	0.000010	LD_0.9_2_1807
QG4096	0.999990	0.000010	LD_0.9_2_1807
QG4097	0.999990	0.000010	LD_0.9_2_1807
QG4104	0.999990	0.000010	LD_0.9_2_1807
QG4114	0.999990	0.000010	LD_0.9_2_1807
QG4131	0.999990	0.000010	LD_0.9_2_1807
QG4132	0.999990	0.000010	LD_0.9_2_1807
QG4208	0.999990	0.000010	LD_0.9_2_1807
QG4214	0.999990	0.000010	LD_0.9_2_1807
QG4225	0.999990	0.000010	LD_0.9_2_1807
QG4232	0.999990	0.000010	LD_0.9_2_1807
QG4233	0.999990	0.000010	LD_0.9_2_1807
QG4647	0.000010	0.999990	LD_0.9_2_1807
QG4648	0.000010	0.999990	LD_0.9_2_1807
QG4683	0.000010	0.999990	LD_0.9_2_1807
QG4701	0.000010	0.999990	LD_0.9_2_1807
QG4706	0.000010	0.999990	LD_0.9_2_1807
QG4718	0.000010	0.999990	LD_0.9_2_1807
QG4742	0.000010	0.999990	LD_0.9_2_1807
QG4805	0.000010	0.999990	LD_0.9_2_1807
QG4847	0.000010	0.999990	LD_0.9_2_1807
QG4966	0.000010	0.999990	LD_0.9_2_1807
QG5348	0.000010	0.999990	LD_0.9_2_1807
QG5406	0.000010	0.999990	LD_0.9_2_1807
QG547	0.398693	0.601307	LD_0.9_2_1807
QG5474	0.000010	0.999990	LD_0.9_2_1807
QG5488	0.000010	0.999990	LD_0.9_2_1807
QG550	0.000010	0.999990	LD_0.9_2_1807
QG5507	0.000010	0.999990	LD_0.9_2_1807
QG5525	0.000010	0.999990	LD_0.9_2_1807
QG5589	0.000010	0.999990	LD_0.9_2_1807
QG5603	0.000010	0.999990	LD_0.9_2_1807
QG5611	0.000010	0.999990	LD_0.9_2_1807
QG5612	0.000010	0.999990	LD_0.9_2_1807
QG5633	0.000010	0.999990	LD_0.9_2_1807
QG581	0.398911	0.601089	LD_0.9_2_1807
QG588	0.394258	0.605742	LD_0.9_2_1807
QG700	0.000010	0.999990	LD_0.9_2_1807
QG727	0.000010	0.999990	LD_0.9_2_1807
QG733	0.000010	0.999990	LD_0.9_2_1807
QG736	0.000010	0.999990	LD_0.9_2_1807
QG737	0.000010	0.999990	LD_0.9_2_1807
QG739	0.000010	0.999990	LD_0.9_2_1807
QG761	0.000010	0.999990	LD_0.9_2_1807
QG763	0.000010	0.999990	LD_0.9_2_1807
QG776	0.000010	0.999990	LD_0.9_2_1807
QG781	0.000010	0.999990	LD_0.9_2_1807
QG784	0.000010	0.999990	LD_0.9_2_1807
QG786	0.000010	0.999990	LD_0.9_2_1807
QG788	0.000010	0.999990	LD_0.9_2_1807
QG790	0.000010	0.999990	LD_0.9_2_1807
QG791	0.000010	0.999990	LD_0.9_2_1807
QG795	0.000010	0.999990	LD_0.9_2_1807
QG797	0.000010	0.999990	LD_0.9_2_1807
QG802	0.000010	0.999990	LD_0.9_2_1807
QG804	0.000010	0.999990	LD_0.9_2_1807
QG806	0.000010	0.999990	LD_0.9_2_1807
QG807	0.000010	0.999990	LD_0.9_2_1807
QG808	0.000010	0.999990	LD_0.9_2_1807
QG809	0.000010	0.999990	LD_0.9_2_1807
QG825	0.000010	0.999990	LD_0.9_2_1807
QG827	0.000010	0.999990	LD_0.9_2_1807
QG828	0.000010	0.999990	LD_0.9_2_1807
QG833	0.000010	0.999990	LD_0.9_2_1807
QG855	0.000010	0.999990	LD_0.9_2_1807
QG856	0.000010	0.999990	LD_0.9_2_1807
QG858	0.000010	0.999990	LD_0.9_2_1807
QG860	0.000010	0.999990	LD_0.9_2_1807
QG864	0.000010	0.999990	LD_0.9_2_1807
QG865	0.000010	0.999990	LD_0.9_2_1807
QG866	0.000010	0.999990	LD_0.9_2_1807
QG868	0.000010	0.999990	LD_0.9_2_1807
QG874	0.000010	0.999990	LD_0.9_2_1807
QG875	0.000010	0.999990	LD_0.9_2_1807
QG878	0.000010	0.999990	LD_0.9_2_1807
QG879	0.000010	0.999990	LD_0.9_2_1807
QG880	0.000010	0.999990	LD_0.9_2_1807
QG881	0.000010	0.999990	LD_0.9_2_1807
QG887	0.000010	0.999990	LD_0.9_2_1807
QG888	0.000010	0.999990	LD_0.9_2_1807
QG926	0.000010	0.999990	LD_0.9_2_1807
QG927	0.000010	0.999990	LD_0.9_2_1807
QG933	0.000010	0.999990	LD_0.9_2_1807
QG937	0.000010	0.999990	LD_0.9_2_1807
QG945	0.000010	0.999990	LD_0.9_2_1807
QG946	0.000010	0.999990	LD_0.9_2_1807
QG947	0.000010	0.999990	LD_0.9_2_1807
QG948	0.000010	0.999990	LD_0.9_2_1807
QG952	0.000010	0.999990	LD_0.9_2_1807
QG978	0.000010	0.999990	LD_0.9_2_1807
QG980	0.000010	0.999990	LD_0.9_2_1807
QG986	0.000010	0.999990	LD_0.9_2_1807
QG991	0.000010	0.999990	LD_0.9_2_1807
QG994	0.000010	0.999990	LD_0.9_2_1807
QG995	0.000010	0.999990	LD_0.9_2_1807
QG997	0.000010	0.999990	LD_0.9_2_1807
QG998	0.000010	0.999990	LD_0.9_2_1807
QR25	0.401999	0.598001	LD_0.9_2_1807
QX1410	0.000010	0.999990	LD_0.9_2_1807
QX1547	0.398032	0.601968	LD_0.9_2_1807
QX1795	0.000010	0.999990	LD_0.9_2_1807
QX1796	0.000010	0.999990	LD_0.9_2_1807
QX1798	0.000010	0.999990	LD_0.9_2_1807
QX1800	0.000010	0.999990	LD_0.9_2_1807
QX1801	0.000010	0.999990	LD_0.9_2_1807
QX1802	0.000010	0.999990	LD_0.9_2_1807
QX1803	0.000010	0.999990	LD_0.9_2_1807
QX1804	0.000010	0.999990	LD_0.9_2_1807
SOW18	0.394540	0.605460	LD_0.9_2_1807
SOW21	0.393517	0.606483	LD_0.9_2_1807
SOW22	0.393384	0.606616	LD_0.9_2_1807
TT3408	0.000010	0.999990	LD_0.9_2_1807
TT3411	0.000010	0.999990	LD_0.9_2_1807
TWN1772	0.000010	0.999990	LD_0.9_2_1807
TWN1824	0.386723	0.613277	LD_0.9_2_1807
TWN1899	0.386490	0.613510	LD_0.9_2_1807
TWN1907	0.000010	0.999990	LD_0.9_2_1807
TWN2919	0.000010	0.999990	LD_0.9_2_1807
TWN3077	0.000010	0.999990	LD_0.9_2_1807
UH1	0.000010	0.999990	LD_0.9_2_1807
VSL2201	0.000010	0.999990	LD_0.9_2_1807
VSL2207	0.999990	0.000010	LD_0.9_2_1807
VSL2209	0.999990	0.000010	LD_0.9_2_1807
VSL2210	0.000010	0.999990	LD_0.9_2_1807
VSL2212	0.000010	0.999990	LD_0.9_2_1807
VSL2213	0.000010	0.999990	LD_0.9_2_1807
VSL2215	0.000010	0.999990	LD_0.9_2_1807
VSL2216	0.000010	0.999990	LD_0.9_2_1807
VSL2217	0.000010	0.999990	LD_0.9_2_1807
VSL2219	0.000010	0.999990	LD_0.9_2_1807
VT847	0.000010	0.999990	LD_0.9_2_1807
VX34	0.406684	0.593316	LD_0.9_2_1807
XZ1204	0.000010	0.999990	LD_0.9_2_1807
XZ1205	0.000010	0.999990	LD_0.9_2_1807
XZ1206	0.000010	0.999990	LD_0.9_2_1807
XZ1207	0.000010	0.999990	LD_0.9_2_1807
XZ1210	0.000010	0.999990	LD_0.9_2_1807
XZ1212	0.000010	0.999990	LD_0.9_2_1807
XZ1213	0.000010	0.999990	LD_0.9_2_1807
XZ1731	0.000010	0.999990	LD_0.9_2_1807
XZ1732	0.000010	0.999990	LD_0.9_2_1807
ZZY0992	0.000010	0.999990	LD_0.9_2_1807
ZZY1034	0.000010	0.999990	LD_0.9_2_1807
ZZY1075	0.000010	0.999990	LD_0.9_2_1807
ZZY1123	0.000010	0.999990	LD_0.9_2_1807
ZZY1130	0.000010	0.999990	LD_0.9_2_1807
ZZY405	0.000010	0.999990	LD_0.9_2_1807
AF16	0.999990	0.000010	LD_0.9_2_1830
BRC20069	0.999990	0.000010	LD_0.9_2_1830
BRC20073	0.999990	0.000010	LD_0.9_2_1830
BRC20075	0.400612	0.599388	LD_0.9_2_1830
BRC20077	0.999990	0.000010	LD_0.9_2_1830
BRC20081	0.710143	0.289857	LD_0.9_2_1830
BRC20085	0.999990	0.000010	LD_0.9_2_1830
BRC20088	0.724453	0.275547	LD_0.9_2_1830
BRC20089	0.999990	0.000010	LD_0.9_2_1830
BRC20090	0.999990	0.000010	LD_0.9_2_1830
BRC20092	0.999990	0.000010	LD_0.9_2_1830
BRC20093	0.999990	0.000010	LD_0.9_2_1830
BRC20094	0.999990	0.000010	LD_0.9_2_1830
BRC20095	0.999990	0.000010	LD_0.9_2_1830
BRC20096	0.999990	0.000010	LD_0.9_2_1830
BRC20098	0.999990	0.000010	LD_0.9_2_1830
BRC20099	0.999990	0.000010	LD_0.9_2_1830
BRC20100	0.999990	0.000010	LD_0.9_2_1830
BRC20102	0.999990	0.000010	LD_0.9_2_1830
BRC20103	0.999990	0.000010	LD_0.9_2_1830
BRC20105	0.999990	0.000010	LD_0.9_2_1830
BRC20107	0.999990	0.000010	LD_0.9_2_1830
BRC20115	0.411240	0.588760	LD_0.9_2_1830
BRC20119	0.999990	0.000010	LD_0.9_2_1830
BRC20228	0.999990	0.000010	LD_0.9_2_1830
BRC20229	0.409120	0.590880	LD_0.9_2_1830
BRC20230	0.713584	0.286416	LD_0.9_2_1830
BRC20232	0.404419	0.595581	LD_0.9_2_1830
BRC20238	0.710658	0.289342	LD_0.9_2_1830
BRC20239	0.400211	0.599789	LD_0.9_2_1830
BRC20241	0.999990	0.000010	LD_0.9_2_1830
BRC20242	0.999990	0.000010	LD_0.9_2_1830
BRC20244	0.724548	0.275452	LD_0.9_2_1830
BRC20246	0.715277	0.284723	LD_0.9_2_1830
BRC20257	0.999990	0.000010	LD_0.9_2_1830
BRC20260	0.999990	0.000010	LD_0.9_2_1830
BRC20270	0.704306	0.295694	LD_0.9_2_1830
BRC20272	0.701999	0.298001	LD_0.9_2_1830
BRC20289	0.704409	0.295591	LD_0.9_2_1830
BRC20290	0.706449	0.293551	LD_0.9_2_1830
BRC20294	0.999990	0.000010	LD_0.9_2_1830
BRC20308	0.716529	0.283471	LD_0.9_2_1830
BRC20309	0.715504	0.284496	LD_0.9_2_1830
BRC20311	0.695967	0.304033	LD_0.9_2_1830
BRC20312	0.712441	0.287559	LD_0.9_2_1830
BRC20315	0.708031	0.291969	LD_0.9_2_1830
BRC20320	0.719911	0.280089	LD_0.9_2_1830
BRC20324	0.636598	0.363402	LD_0.9_2_1830
BRC20331	0.710982	0.289018	LD_0.9_2_1830
BRC20333	0.715943	0.284057	LD_0.9_2_1830
BRC20334	0.702868	0.297132	LD_0.9_2_1830
BRC20339	0.712805	0.287195	LD_0.9_2_1830
BRC20341	0.718967	0.281033	LD_0.9_2_1830
BRC20343	0.411361	0.588639	LD_0.9_2_1830
BRC20346	0.713460	0.286540	LD_0.9_2_1830
BRC20347	0.403172	0.596828	LD_0.9_2_1830
BRC20348	0.715654	0.284346	LD_0.9_2_1830
BRC20353	0.999990	0.000010	LD_0.9_2_1830
BRC20360	0.999990	0.000010	LD_0.9_2_1830
BRC20361	0.999990	0.000010	LD_0.9_2_1830
BRC20362	0.999990	0.000010	LD_0.9_2_1830
BRC20366	0.711050	0.288950	LD_0.9_2_1830
BRC20367	0.717744	0.282256	LD_0.9_2_1830
BRC20369	0.999990	0.000010	LD_0.9_2_1830
BRC20370	0.716217	0.283783	LD_0.9_2_1830
BRC20388	0.380340	0.619660	LD_0.9_2_1830
BRC20390	0.715757	0.284243	LD_0.9_2_1830
BRC20401	0.999990	0.000010	LD_0.9_2_1830
BRC20463	0.702461	0.297539	LD_0.9_2_1830
BRC20492	0.416592	0.583408	LD_0.9_2_1830
BRC20499	0.719434	0.280566	LD_0.9_2_1830
BRC20501	0.710468	0.289532	LD_0.9_2_1830
BRC20502	0.413208	0.586792	LD_0.9_2_1830
BRC20503	0.413521	0.586479	LD_0.9_2_1830
BRC20519	0.416999	0.583001	LD_0.9_2_1830
BRC20520	0.417395	0.582605	LD_0.9_2_1830
BRC20522	0.411750	0.588250	LD_0.9_2_1830
BRC20524	0.410872	0.589128	LD_0.9_2_1830
BRC20529	0.715672	0.284328	LD_0.9_2_1830
BRC20530	0.403427	0.596573	LD_0.9_2_1830
BRC20531	0.402675	0.597325	LD_0.9_2_1830
BRC20532	0.714880	0.285120	LD_0.9_2_1830
BRC20533	0.713644	0.286356	LD_0.9_2_1830
BRC20534	0.701796	0.298204	LD_0.9_2_1830
BRC20535	0.706184	0.293816	LD_0.9_2_1830
BRC20536	0.693856	0.306144	LD_0.9_2_1830
BRC20537	0.712249	0.287751	LD_0.9_2_1830
BRC20541	0.422066	0.577934	LD_0.9_2_1830
BRC20543	0.701916	0.298084	LD_0.9_2_1830
BRC20544	0.717882	0.282118	LD_0.9_2_1830
BRC20545	0.715087	0.284913	LD_0.9_2_1830
BRC20556	0.999990	0.000010	LD_0.9_2_1830
BRC20557	0.723655	0.276345	LD_0.9_2_1830
BRC20565	0.999990	0.000010	LD_0.9_2_1830
BRC20571	0.999990	0.000010	LD_0.9_2_1830
BRC20574	0.999990	0.000010	LD_0.9_2_1830
BW287	0.374883	0.625117	LD_0.9_2_1830
DF5100	0.999990	0.000010	LD_0.9_2_1830
ECA1129	0.999990	0.000010	LD_0.9_2_1830
ECA1143	0.999990	0.000010	LD_0.9_2_1830
ECA1147	0.999990	0.000010	LD_0.9_2_1830
ECA1149	0.997223	0.002777	LD_0.9_2_1830
ECA1160	0.999990	0.000010	LD_0.9_2_1830
ECA1164	0.999990	0.000010	LD_0.9_2_1830
ECA1170	0.752352	0.247648	LD_0.9_2_1830
ECA1174	0.999990	0.000010	LD_0.9_2_1830
ECA1383	0.736970	0.263030	LD_0.9_2_1830
ECA1411	0.999990	0.000010	LD_0.9_2_1830
ECA1423	0.999990	0.000010	LD_0.9_2_1830
ECA1429	0.999990	0.000010	LD_0.9_2_1830
ECA1431	0.999990	0.000010	LD_0.9_2_1830
ECA1437	0.999990	0.000010	LD_0.9_2_1830
ECA1439	0.999990	0.000010	LD_0.9_2_1830
ECA1443	0.798887	0.201113	LD_0.9_2_1830
ECA1471	0.999990	0.000010	LD_0.9_2_1830
ECA1489	0.999990	0.000010	LD_0.9_2_1830
ECA1507	0.999990	0.000010	LD_0.9_2_1830
ECA1509	0.999990	0.000010	LD_0.9_2_1830
ECA1517	0.999990	0.000010	LD_0.9_2_1830
ECA1521	0.999990	0.000010	LD_0.9_2_1830
ECA1555	0.999990	0.000010	LD_0.9_2_1830
ECA1559	0.749882	0.250118	LD_0.9_2_1830
ECA1563	0.999990	0.000010	LD_0.9_2_1830
ECA1571	0.999990	0.000010	LD_0.9_2_1830
ECA1587	0.999990	0.000010	LD_0.9_2_1830
ECA1605	0.784032	0.215968	LD_0.9_2_1830
ECA1609	0.999990	0.000010	LD_0.9_2_1830
ECA161	0.999990	0.000010	LD_0.9_2_1830
ECA1611	0.999990	0.000010	LD_0.9_2_1830
ECA1615	0.999990	0.000010	LD_0.9_2_1830
ECA162	0.999990	0.000010	LD_0.9_2_1830
ECA1621	0.999990	0.000010	LD_0.9_2_1830
ECA163	0.348764	0.651236	LD_0.9_2_1830
ECA1637	0.999990	0.000010	LD_0.9_2_1830
ECA1657	0.999990	0.000010	LD_0.9_2_1830
ECA1701	0.999990	0.000010	LD_0.9_2_1830
ECA175	0.999990	0.000010	LD_0.9_2_1830
ECA176	0.999990	0.000010	LD_0.9_2_1830
ECA177	0.999990	0.000010	LD_0.9_2_1830
ECA180	0.999990	0.000010	LD_0.9_2_1830
ECA182	0.999990	0.000010	LD_0.9_2_1830
ECA183	0.999990	0.000010	LD_0.9_2_1830
ECA185	0.999990	0.000010	LD_0.9_2_1830
ECA186	0.999990	0.000010	LD_0.9_2_1830
ECA2083	0.999990	0.000010	LD_0.9_2_1830
ECA2093	0.999990	0.000010	LD_0.9_2_1830
ECA2115	0.999990	0.000010	LD_0.9_2_1830
ECA2299	0.706437	0.293563	LD_0.9_2_1830
ECA2373	0.999990	0.000010	LD_0.9_2_1830
ECA2385	0.708367	0.291633	LD_0.9_2_1830
ECA2425	0.999990	0.000010	LD_0.9_2_1830
ECA2617	0.000010	0.999990	LD_0.9_2_1830
ECA2618	0.000010	0.999990	LD_0.9_2_1830
ECA2621	0.000010	0.999990	LD_0.9_2_1830
ECA2623	0.999990	0.000010	LD_0.9_2_1830
ECA2625	0.999990	0.000010	LD_0.9_2_1830
ECA2626	0.999990	0.000010	LD_0.9_2_1830
ECA2636	0.999990	0.000010	LD_0.9_2_1830
ECA2637	0.999990	0.000010	LD_0.9_2_1830
ECA2639	0.000010	0.999990	LD_0.9_2_1830
ECA2645	0.999990	0.000010	LD_0.9_2_1830
ECA2647	0.000010	0.999990	LD_0.9_2_1830
ECA2663	0.999990	0.000010	LD_0.9_2_1830
ECA2664	0.999990	0.000010	LD_0.9_2_1830
ECA2666	0.000010	0.999990	LD_0.9_2_1830
ECA2667	0.999990	0.000010	LD_0.9_2_1830
ECA2670	0.000010	0.999990	LD_0.9_2_1830
ECA276	0.351014	0.648986	LD_0.9_2_1830
ECA278	0.378748	0.621252	LD_0.9_2_1830
ECA2808	0.999990	0.000010	LD_0.9_2_1830
ECA287	0.732018	0.267982	LD_0.9_2_1830
ECA288	0.978945	0.021055	LD_0.9_2_1830
ECA2883	0.999990	0.000010	LD_0.9_2_1830
ECA2890	0.999990	0.000010	LD_0.9_2_1830
ECA2894	0.999990	0.000010	LD_0.9_2_1830
ECA2936	0.785608	0.214392	LD_0.9_2_1830
ECA2975	0.999990	0.000010	LD_0.9_2_1830
ECA3091	0.999990	0.000010	LD_0.9_2_1830
ECA343	0.999990	0.000010	LD_0.9_2_1830
ECA346	0.999990	0.000010	LD_0.9_2_1830
ECA3502	0.744542	0.255458	LD_0.9_2_1830
ECA3503	0.999990	0.000010	LD_0.9_2_1830
ECA3509	0.999990	0.000010	LD_0.9_2_1830
ECA3708	0.999990	0.000010	LD_0.9_2_1830
ECA371	0.999990	0.000010	LD_0.9_2_1830
ECA3712	0.999990	0.000010	LD_0.9_2_1830
ECA3713	0.999990	0.000010	LD_0.9_2_1830
ECA3899	0.999990	0.000010	LD_0.9_2_1830
ECA4382	0.999990	0.000010	LD_0.9_2_1830
ECA4390	0.999990	0.000010	LD_0.9_2_1830
ECA4394	0.999990	0.000010	LD_0.9_2_1830
ECA4402	0.999990	0.000010	LD_0.9_2_1830
ECA569	0.379570	0.620430	LD_0.9_2_1830
ED3032	0.999990	0.000010	LD_0.9_2_1830
ED3037	0.999990	0.000010	LD_0.9_2_1830
ED3088	0.999990	0.000010	LD_0.9_2_1830
ED3102	0.326346	0.673654	LD_0.9_2_1830
EG4360	0.371687	0.628313	LD_0.9_2_1830
EG5612	0.999990	0.000010	LD_0.9_2_1830
EG5613	0.999990	0.000010	LD_0.9_2_1830
EG6179	0.999990	0.000010	LD_0.9_2_1830
EG6260	0.999990	0.000010	LD_0.9_2_1830
EG6261	0.999990	0.000010	LD_0.9_2_1830
EG6265	0.787709	0.212291	LD_0.9_2_1830
EG6267	0.999990	0.000010	LD_0.9_2_1830
EG6271	0.999990	0.000010	LD_0.9_2_1830
EG6272	0.999990	0.000010	LD_0.9_2_1830
EG6274	0.999990	0.000010	LD_0.9_2_1830
EG6275	0.999990	0.000010	LD_0.9_2_1830
EG6276	0.999990	0.000010	LD_0.9_2_1830
EG6329	0.999990	0.000010	LD_0.9_2_1830
GUN124	0.384419	0.615581	LD_0.9_2_1830
GXW22	0.999990	0.000010	LD_0.9_2_1830
GXW23	0.999990	0.000010	LD_0.9_2_1830
HK104	0.377523	0.622477	LD_0.9_2_1830
HPT11	0.343826	0.656174	LD_0.9_2_1830
HPT16	0.999990	0.000010	LD_0.9_2_1830
HPT18	0.351774	0.648226	LD_0.9_2_1830
HPT19	0.999990	0.000010	LD_0.9_2_1830
HPT2	0.999990	0.000010	LD_0.9_2_1830
HPT21	0.999990	0.000010	LD_0.9_2_1830
HPT24	0.346815	0.653185	LD_0.9_2_1830
HPT34	0.999990	0.000010	LD_0.9_2_1830
HPT37	0.999990	0.000010	LD_0.9_2_1830
HPT4	0.999990	0.000010	LD_0.9_2_1830
HPT42	0.999990	0.000010	LD_0.9_2_1830
HPT52	0.999990	0.000010	LD_0.9_2_1830
HPT53	0.999990	0.000010	LD_0.9_2_1830
HPT54	0.999990	0.000010	LD_0.9_2_1830
HPT55	0.999990	0.000010	LD_0.9_2_1830
HPT59	0.999990	0.000010	LD_0.9_2_1830
HPT60	0.999990	0.000010	LD_0.9_2_1830
HPT62	0.999990	0.000010	LD_0.9_2_1830
HPT63	0.999990	0.000010	LD_0.9_2_1830
HPT7	0.999990	0.000010	LD_0.9_2_1830
HPT8	0.999990	0.000010	LD_0.9_2_1830
HPT9	0.999990	0.000010	LD_0.9_2_1830
JU1085	0.372811	0.627189	LD_0.9_2_1830
JU1337	0.999990	0.000010	LD_0.9_2_1830
JU1338	0.999990	0.000010	LD_0.9_2_1830
JU1341	0.000010	0.999990	LD_0.9_2_1830
JU1346	0.999990	0.000010	LD_0.9_2_1830
JU1347	0.999990	0.000010	LD_0.9_2_1830
JU1348	0.000010	0.999990	LD_0.9_2_1830
JU1375	0.999990	0.000010	LD_0.9_2_1830
JU1377	0.999990	0.000010	LD_0.9_2_1830
JU1378	0.999990	0.000010	LD_0.9_2_1830
JU1392	0.999990	0.000010	LD_0.9_2_1830
JU1399	0.999990	0.000010	LD_0.9_2_1830
JU1424	0.999990	0.000010	LD_0.9_2_1830
JU1435	0.999990	0.000010	LD_0.9_2_1830
JU1564	0.382965	0.617035	LD_0.9_2_1830
JU1637	0.999990	0.000010	LD_0.9_2_1830
JU1638	0.999990	0.000010	LD_0.9_2_1830
JU1794	0.999990	0.000010	LD_0.9_2_1830
JU1795	0.999990	0.000010	LD_0.9_2_1830
JU1799	0.999990	0.000010	LD_0.9_2_1830
JU1802	0.999990	0.000010	LD_0.9_2_1830
JU1814	0.999990	0.000010	LD_0.9_2_1830
JU1884	0.999990	0.000010	LD_0.9_2_1830
JU1885	0.999990	0.000010	LD_0.9_2_1830
JU1907	0.999990	0.000010	LD_0.9_2_1830
JU1908	0.999990	0.000010	LD_0.9_2_1830
JU1909	0.999990	0.000010	LD_0.9_2_1830
JU1913	0.999990	0.000010	LD_0.9_2_1830
JU2053	0.999990	0.000010	LD_0.9_2_1830
JU2054	0.999990	0.000010	LD_0.9_2_1830
JU2056	0.999990	0.000010	LD_0.9_2_1830
JU2057	0.999990	0.000010	LD_0.9_2_1830
JU2160	0.999990	0.000010	LD_0.9_2_1830
JU2162	0.998733	0.001267	LD_0.9_2_1830
JU2214	0.999990	0.000010	LD_0.9_2_1830
JU2216	0.723584	0.276416	LD_0.9_2_1830
JU2457	0.731565	0.268435	LD_0.9_2_1830
JU2470	0.996143	0.003857	LD_0.9_2_1830
JU2472	0.999990	0.000010	LD_0.9_2_1830
JU2507	0.999990	0.000010	LD_0.9_2_1830
JU2518	0.999990	0.000010	LD_0.9_2_1830
JU2536	0.378314	0.621686	LD_0.9_2_1830
JU2618	0.999990	0.000010	LD_0.9_2_1830
JU2799	0.999990	0.000010	LD_0.9_2_1830
JU2836	0.999990	0.000010	LD_0.9_2_1830
JU2849	0.999990	0.000010	LD_0.9_2_1830
JU2861	0.999990	0.000010	LD_0.9_2_1830
JU2868	0.999990	0.000010	LD_0.9_2_1830
JU2872	0.377051	0.622949	LD_0.9_2_1830
JU2910	0.999990	0.000010	LD_0.9_2_1830
JU3168	0.308094	0.691906	LD_0.9_2_1830
JU3171	0.999990	0.000010	LD_0.9_2_1830
JU3199	0.000010	0.999990	LD_0.9_2_1830
JU3200	0.000010	0.999990	LD_0.9_2_1830
JU3201	0.000010	0.999990	LD_0.9_2_1830
JU3202	0.000010	0.999990	LD_0.9_2_1830
JU3203	0.000010	0.999990	LD_0.9_2_1830
JU3206	0.000010	0.999990	LD_0.9_2_1830
JU3207	0.999990	0.000010	LD_0.9_2_1830
JU3237	0.998079	0.001921	LD_0.9_2_1830
JU3281	0.999990	0.000010	LD_0.9_2_1830
JU3319	0.999990	0.000010	LD_0.9_2_1830
JU3321	0.999990	0.000010	LD_0.9_2_1830
JU3326	0.381742	0.618258	LD_0.9_2_1830
JU3327	0.999990	0.000010	LD_0.9_2_1830
JU3416	0.363852	0.636148	LD_0.9_2_1830
JU4042	0.999990	0.000010	LD_0.9_2_1830
JU4051	0.999990	0.000010	LD_0.9_2_1830
JU4058	0.993381	0.006619	LD_0.9_2_1830
JU4060	0.999990	0.000010	LD_0.9_2_1830
JU4062	0.999990	0.000010	LD_0.9_2_1830
JU4064	0.999990	0.000010	LD_0.9_2_1830
JU4080	0.999990	0.000010	LD_0.9_2_1830
JU4084	0.999990	0.000010	LD_0.9_2_1830
JU4097	0.999990	0.000010	LD_0.9_2_1830
JU725	0.999990	0.000010	LD_0.9_2_1830
MY2716	0.999990	0.000010	LD_0.9_2_1830
MY539	0.999990	0.000010	LD_0.9_2_1830
NIC1050	0.999990	0.000010	LD_0.9_2_1830
NIC1052	0.999990	0.000010	LD_0.9_2_1830
NIC1054	0.999990	0.000010	LD_0.9_2_1830
NIC1055	0.999990	0.000010	LD_0.9_2_1830
NIC1057	0.999990	0.000010	LD_0.9_2_1830
NIC1058	0.999990	0.000010	LD_0.9_2_1830
NIC1059	0.999990	0.000010	LD_0.9_2_1830
NIC1060	0.999990	0.000010	LD_0.9_2_1830
NIC1062	0.999990	0.000010	LD_0.9_2_1830
NIC1069	0.999990	0.000010	LD_0.9_2_1830
NIC1103	0.999990	0.000010	LD_0.9_2_1830
NIC1104	0.999990	0.000010	LD_0.9_2_1830
NIC1106	0.999990	0.000010	LD_0.9_2_1830
NIC1117	0.999990	0.000010	LD_0.9_2_1830
NIC1123	0.999990	0.000010	LD_0.9_2_1830
NIC1124	0.999990	0.000010	LD_0.9_2_1830
NIC1135	0.999990	0.000010	LD_0.9_2_1830
NIC1138	0.999990	0.000010	LD_0.9_2_1830
NIC1141	0.999990	0.000010	LD_0.9_2_1830
NIC115	0.999990	0.000010	LD_0.9_2_1830
NIC117	0.999990	0.000010	LD_0.9_2_1830
NIC1183	0.999990	0.000010	LD_0.9_2_1830
NIC119	0.999990	0.000010	LD_0.9_2_1830
NIC1190	0.999990	0.000010	LD_0.9_2_1830
NIC1202	0.999990	0.000010	LD_0.9_2_1830
NIC1204	0.999990	0.000010	LD_0.9_2_1830
NIC1205	0.710836	0.289164	LD_0.9_2_1830
NIC1218	0.999990	0.000010	LD_0.9_2_1830
NIC1220	0.717532	0.282468	LD_0.9_2_1830
NIC1221	0.999990	0.000010	LD_0.9_2_1830
NIC123	0.999990	0.000010	LD_0.9_2_1830
NIC1267	0.999990	0.000010	LD_0.9_2_1830
NIC1283	0.999990	0.000010	LD_0.9_2_1830
NIC1288	0.999990	0.000010	LD_0.9_2_1830
NIC1292	0.999990	0.000010	LD_0.9_2_1830
NIC1302	0.999990	0.000010	LD_0.9_2_1830
NIC1304	0.999990	0.000010	LD_0.9_2_1830
NIC1308	0.999990	0.000010	LD_0.9_2_1830
NIC1407	0.999990	0.000010	LD_0.9_2_1830
NIC1421	0.999990	0.000010	LD_0.9_2_1830
NIC1423	0.999990	0.000010	LD_0.9_2_1830
NIC1442	0.999990	0.000010	LD_0.9_2_1830
NIC1491	0.999990	0.000010	LD_0.9_2_1830
NIC1525	0.999990	0.000010	LD_0.9_2_1830
NIC1528	0.999990	0.000010	LD_0.9_2_1830
NIC1529	0.999990	0.000010	LD_0.9_2_1830
NIC1533	0.999990	0.000010	LD_0.9_2_1830
NIC1535	0.999990	0.000010	LD_0.9_2_1830
NIC1539	0.715612	0.284388	LD_0.9_2_1830
NIC1540	0.409247	0.590753	LD_0.9_2_1830
NIC1562	0.718911	0.281089	LD_0.9_2_1830
NIC1589	0.402405	0.597595	LD_0.9_2_1830
NIC1590	0.723484	0.276516	LD_0.9_2_1830
NIC1591	0.403301	0.596699	LD_0.9_2_1830
NIC1593	0.400879	0.599121	LD_0.9_2_1830
NIC1595	0.714478	0.285522	LD_0.9_2_1830
NIC1598	0.720087	0.279913	LD_0.9_2_1830
NIC1602	0.706892	0.293108	LD_0.9_2_1830
NIC1607	0.412734	0.587266	LD_0.9_2_1830
NIC1628	0.999990	0.000010	LD_0.9_2_1830
NIC1630	0.716322	0.283678	LD_0.9_2_1830
NIC1631	0.713049	0.286951	LD_0.9_2_1830
NIC1632	0.382346	0.617654	LD_0.9_2_1830
NIC1633	0.377479	0.622521	LD_0.9_2_1830
NIC1635	0.375698	0.624302	LD_0.9_2_1830
NIC1645	0.722438	0.277562	LD_0.9_2_1830
NIC1660	0.712999	0.287001	LD_0.9_2_1830
NIC1661	0.712944	0.287056	LD_0.9_2_1830
NIC1662	0.720179	0.279821	LD_0.9_2_1830
NIC1663	0.718937	0.281063	LD_0.9_2_1830
NIC1664	0.402419	0.597581	LD_0.9_2_1830
NIC1665	0.401538	0.598462	LD_0.9_2_1830
NIC1666	0.716903	0.283097	LD_0.9_2_1830
NIC1667	0.702078	0.297922	LD_0.9_2_1830
NIC1681	0.698292	0.301708	LD_0.9_2_1830
NIC1688	0.999990	0.000010	LD_0.9_2_1830
NIC1692	0.730961	0.269039	LD_0.9_2_1830
NIC1693	0.722504	0.277496	LD_0.9_2_1830
NIC17	0.999990	0.000010	LD_0.9_2_1830
NIC174	0.383919	0.616081	LD_0.9_2_1830
NIC187	0.999990	0.000010	LD_0.9_2_1830
NIC188	0.999990	0.000010	LD_0.9_2_1830
NIC19	0.418933	0.581067	LD_0.9_2_1830
NIC191	0.999990	0.000010	LD_0.9_2_1830
NIC20	0.403567	0.596433	LD_0.9_2_1830
NIC21	0.400499	0.599501	LD_0.9_2_1830
NIC22	0.403526	0.596474	LD_0.9_2_1830
NIC2369	0.999990	0.000010	LD_0.9_2_1830
NIC248	0.999990	0.000010	LD_0.9_2_1830
NIC250	0.999990	0.000010	LD_0.9_2_1830
NIC2527	0.999990	0.000010	LD_0.9_2_1830
NIC309	0.999990	0.000010	LD_0.9_2_1830
NIC325	0.999990	0.000010	LD_0.9_2_1830
NIC327	0.999990	0.000010	LD_0.9_2_1830
NIC329	0.999990	0.000010	LD_0.9_2_1830
NIC330	0.999990	0.000010	LD_0.9_2_1830
NIC331	0.999990	0.000010	LD_0.9_2_1830
NIC332	0.999990	0.000010	LD_0.9_2_1830
NIC333	0.999990	0.000010	LD_0.9_2_1830
NIC343	0.999990	0.000010	LD_0.9_2_1830
NIC392	0.999990	0.000010	LD_0.9_2_1830
NIC400	0.999990	0.000010	LD_0.9_2_1830
NIC402	0.999990	0.000010	LD_0.9_2_1830
NIC419	0.999990	0.000010	LD_0.9_2_1830
NIC504	0.716350	0.283650	LD_0.9_2_1830
NIC505	0.716196	0.283804	LD_0.9_2_1830
NIC518	0.713808	0.286192	LD_0.9_2_1830
NIC519	0.713135	0.286865	LD_0.9_2_1830
NIC532	0.999990	0.000010	LD_0.9_2_1830
NIC541	0.999990	0.000010	LD_0.9_2_1830
NIC549	0.999990	0.000010	LD_0.9_2_1830
NIC552	0.999990	0.000010	LD_0.9_2_1830
NIC555	0.999990	0.000010	LD_0.9_2_1830
NIC574	0.999990	0.000010	LD_0.9_2_1830
NIC578	0.999990	0.000010	LD_0.9_2_1830
NIC583	0.999990	0.000010	LD_0.9_2_1830
NIC590	0.999990	0.000010	LD_0.9_2_1830
NIC593	0.999990	0.000010	LD_0.9_2_1830
NIC60	0.999990	0.000010	LD_0.9_2_1830
NIC61	0.999990	0.000010	LD_0.9_2_1830
NIC62	0.999990	0.000010	LD_0.9_2_1830
NIC67	0.999990	0.000010	LD_0.9_2_1830
NIC758	0.999990	0.000010	LD_0.9_2_1830
NIC777	0.999990	0.000010	LD_0.9_2_1830
NIC779	0.721786	0.278214	LD_0.9_2_1830
NIC790	0.999990	0.000010	LD_0.9_2_1830
NIC791	0.999990	0.000010	LD_0.9_2_1830
NIC792	0.999990	0.000010	LD_0.9_2_1830
NIC793	0.999990	0.000010	LD_0.9_2_1830
NIC795	0.999990	0.000010	LD_0.9_2_1830
NIC796	0.999990	0.000010	LD_0.9_2_1830
NIC802	0.999990	0.000010	LD_0.9_2_1830
NIC803	0.999990	0.000010	LD_0.9_2_1830
NIC805	0.707740	0.292260	LD_0.9_2_1830
NIC811	0.999990	0.000010	LD_0.9_2_1830
NIC814	0.709947	0.290053	LD_0.9_2_1830
NIC815	0.710478	0.289522	LD_0.9_2_1830
NIC816	0.403561	0.596439	LD_0.9_2_1830
NIC819	0.425730	0.574270	LD_0.9_2_1830
NIC821	0.999990	0.000010	LD_0.9_2_1830
NIC822	0.715553	0.284447	LD_0.9_2_1830
NIC824	0.716401	0.283599	LD_0.9_2_1830
NIC825	0.399661	0.600339	LD_0.9_2_1830
NIC827	0.408229	0.591771	LD_0.9_2_1830
NIC828	0.403139	0.596861	LD_0.9_2_1830
NIC863	0.726417	0.273583	LD_0.9_2_1830
NIC864	0.703398	0.296602	LD_0.9_2_1830
NIC865	0.721287	0.278713	LD_0.9_2_1830
NIC871	0.999990	0.000010	LD_0.9_2_1830
NIC883	0.999990	0.000010	LD_0.9_2_1830
NIC889	0.707195	0.292805	LD_0.9_2_1830
NIC893	0.417125	0.582875	LD_0.9_2_1830
NIC897	0.714818	0.285182	LD_0.9_2_1830
NIC899	0.379461	0.620539	LD_0.9_2_1830
NIC901	0.999990	0.000010	LD_0.9_2_1830
NIC911	0.999990	0.000010	LD_0.9_2_1830
NIC96	0.999990	0.000010	LD_0.9_2_1830
NIC984	0.999990	0.000010	LD_0.9_2_1830
NIC985	0.999990	0.000010	LD_0.9_2_1830
PB800	0.371005	0.628995	LD_0.9_2_1830
PB857	0.378530	0.621470	LD_0.9_2_1830
PE887	0.999990	0.000010	LD_0.9_2_1830
QG1005	0.999990	0.000010	LD_0.9_2_1830
QG1007	0.999990	0.000010	LD_0.9_2_1830
QG1111	0.999990	0.000010	LD_0.9_2_1830
QG1126	0.999990	0.000010	LD_0.9_2_1830
QG1141	0.999990	0.000010	LD_0.9_2_1830
QG1155	0.999990	0.000010	LD_0.9_2_1830
QG130	0.999990	0.000010	LD_0.9_2_1830
QG132	0.999990	0.000010	LD_0.9_2_1830
QG133	0.790905	0.209095	LD_0.9_2_1830
QG2641	0.999990	0.000010	LD_0.9_2_1830
QG2648	0.999990	0.000010	LD_0.9_2_1830
QG2659	0.999990	0.000010	LD_0.9_2_1830
QG2663	0.999990	0.000010	LD_0.9_2_1830
QG2665	0.999990	0.000010	LD_0.9_2_1830
QG2683	0.999990	0.000010	LD_0.9_2_1830
QG2736	0.999990	0.000010	LD_0.9_2_1830
QG2814	0.999990	0.000010	LD_0.9_2_1830
QG2820	0.999990	0.000010	LD_0.9_2_1830
QG2848	0.999990	0.000010	LD_0.9_2_1830
QG2880	0.999990	0.000010	LD_0.9_2_1830
QG2881	0.999990	0.000010	LD_0.9_2_1830
QG2883	0.999990	0.000010	LD_0.9_2_1830
QG2884	0.999990	0.000010	LD_0.9_2_1830
QG2891	0.000010	0.999990	LD_0.9_2_1830
QG2892	0.999990	0.000010	LD_0.9_2_1830
QG2893	0.000010	0.999990	LD_0.9_2_1830
QG2895	0.999990	0.000010	LD_0.9_2_1830
QG2902	0.999990	0.000010	LD_0.9_2_1830
QG2903	0.999990	0.000010	LD_0.9_2_1830
QG2906	0.999990	0.000010	LD_0.9_2_1830
QG2908	0.000010	0.999990	LD_0.9_2_1830
QG2910	0.999990	0.000010	LD_0.9_2_1830
QG2919	0.000010	0.999990	LD_0.9_2_1830
QG2923	0.999990	0.000010	LD_0.9_2_1830
QG2925	0.999990	0.000010	LD_0.9_2_1830
QG2964	0.999990	0.000010	LD_0.9_2_1830
QG2966	0.999990	0.000010	LD_0.9_2_1830
QG2969	0.999990	0.000010	LD_0.9_2_1830
QG2972	0.999990	0.000010	LD_0.9_2_1830
QG2996	0.999990	0.000010	LD_0.9_2_1830
QG3004	0.999990	0.000010	LD_0.9_2_1830
QG3006	0.999990	0.000010	LD_0.9_2_1830
QG3019	0.999990	0.000010	LD_0.9_2_1830
QG3025	0.999990	0.000010	LD_0.9_2_1830
QG3030	0.999990	0.000010	LD_0.9_2_1830
QG3032	0.999990	0.000010	LD_0.9_2_1830
QG3034	0.999990	0.000010	LD_0.9_2_1830
QG3041	0.999990	0.000010	LD_0.9_2_1830
QG3053	0.999990	0.000010	LD_0.9_2_1830
QG3056	0.999990	0.000010	LD_0.9_2_1830
QG3057	0.999990	0.000010	LD_0.9_2_1830
QG3058	0.999990	0.000010	LD_0.9_2_1830
QG3527	0.999990	0.000010	LD_0.9_2_1830
QG3661	0.380912	0.619088	LD_0.9_2_1830
QG3783	0.999990	0.000010	LD_0.9_2_1830
QG3801	0.999990	0.000010	LD_0.9_2_1830
QG3815	0.999990	0.000010	LD_0.9_2_1830
QG3816	0.999990	0.000010	LD_0.9_2_1830
QG3823	0.999990	0.000010	LD_0.9_2_1830
QG3825	0.999990	0.000010	LD_0.9_2_1830
QG3826	0.999990	0.000010	LD_0.9_2_1830
QG3837	0.999990	0.000010	LD_0.9_2_1830
QG3851	0.999990	0.000010	LD_0.9_2_1830
QG3861	0.999990	0.000010	LD_0.9_2_1830
QG3867	0.999990	0.000010	LD_0.9_2_1830
QG3874	0.999990	0.000010	LD_0.9_2_1830
QG3875	0.999990	0.000010	LD_0.9_2_1830
QG3876	0.999990	0.000010	LD_0.9_2_1830
QG3878	0.999990	0.000010	LD_0.9_2_1830
QG3920	0.999990	0.000010	LD_0.9_2_1830
QG3921	0.999990	0.000010	LD_0.9_2_1830
QG3923	0.999990	0.000010	LD_0.9_2_1830
QG3924	0.999990	0.000010	LD_0.9_2_1830
QG3925	0.999990	0.000010	LD_0.9_2_1830
QG3926	0.999990	0.000010	LD_0.9_2_1830
QG3927	0.999990	0.000010	LD_0.9_2_1830
QG3931	0.999990	0.000010	LD_0.9_2_1830
QG3932	0.999990	0.000010	LD_0.9_2_1830
QG3933	0.999990	0.000010	LD_0.9_2_1830
QG4026	0.000010	0.999990	LD_0.9_2_1830
QG4028	0.000010	0.999990	LD_0.9_2_1830
QG4031	0.000010	0.999990	LD_0.9_2_1830
QG4063	0.000010	0.999990	LD_0.9_2_1830
QG4064	0.000010	0.999990	LD_0.9_2_1830
QG4067	0.000010	0.999990	LD_0.9_2_1830
QG4068	0.000010	0.999990	LD_0.9_2_1830
QG4070	0.999990	0.000010	LD_0.9_2_1830
QG4093	0.000010	0.999990	LD_0.9_2_1830
QG4094	0.000010	0.999990	LD_0.9_2_1830
QG4095	0.000010	0.999990	LD_0.9_2_1830
QG4096	0.000010	0.999990	LD_0.9_2_1830
QG4097	0.000010	0.999990	LD_0.9_2_1830
QG4104	0.000010	0.999990	LD_0.9_2_1830
QG4114	0.000010	0.999990	LD_0.9_2_1830
QG4131	0.000010	0.999990	LD_0.9_2_1830
QG4132	0.000010	0.999990	LD_0.9_2_1830
QG4208	0.000010	0.999990	LD_0.9_2_1830
QG4214	0.000010	0.999990	LD_0.9_2_1830
QG4225	0.000010	0.999990	LD_0.9_2_1830
QG4232	0.000010	0.999990	LD_0.9_2_1830
QG4233	0.000010	0.999990	LD_0.9_2_1830
QG4647	0.999990	0.000010	LD_0.9_2_1830
QG4648	0.999990	0.000010	LD_0.9_2_1830
QG4683	0.999990	0.000010	LD_0.9_2_1830
QG4701	0.999990	0.000010	LD_0.9_2_1830
QG4706	0.999990	0.000010	LD_0.9_2_1830
QG4718	0.999990	0.000010	LD_0.9_2_1830
QG4742	0.999990	0.000010	LD_0.9_2_1830
QG4805	0.999990	0.000010	LD_0.9_2_1830
QG4847	0.999990	0.000010	LD_0.9_2_1830
QG4966	0.999990	0.000010	LD_0.9_2_1830
QG5348	0.999990	0.000010	LD_0.9_2_1830
QG5406	0.999990	0.000010	LD_0.9_2_1830
QG547	0.375068	0.624932	LD_0.9_2_1830
QG5474	0.999990	0.000010	LD_0.9_2_1830
QG5488	0.999990	0.000010	LD_0.9_2_1830
QG550	0.999990	0.000010	LD_0.9_2_1830
QG5507	0.999990	0.000010	LD_0.9_2_1830
QG5525	0.999990	0.000010	LD_0.9_2_1830
QG5589	0.999990	0.000010	LD_0.9_2_1830
QG5603	0.999990	0.000010	LD_0.9_2_1830
QG5611	0.999990	0.000010	LD_0.9_2_1830
QG5612	0.999990	0.000010	LD_0.9_2_1830
QG5633	0.999990	0.000010	LD_0.9_2_1830
QG581	0.374282	0.625718	LD_0.9_2_1830
QG588	0.381365	0.618635	LD_0.9_2_1830
QG700	0.999990	0.000010	LD_0.9_2_1830
QG727	0.999990	0.000010	LD_0.9_2_1830
QG733	0.999990	0.000010	LD_0.9_2_1830
QG736	0.999990	0.000010	LD_0.9_2_1830
QG737	0.999990	0.000010	LD_0.9_2_1830
QG739	0.999990	0.000010	LD_0.9_2_1830
QG761	0.999990	0.000010	LD_0.9_2_1830
QG763	0.999990	0.000010	LD_0.9_2_1830
QG776	0.999990	0.000010	LD_0.9_2_1830
QG781	0.999990	0.000010	LD_0.9_2_1830
QG784	0.999990	0.000010	LD_0.9_2_1830
QG786	0.999990	0.000010	LD_0.9_2_1830
QG788	0.999990	0.000010	LD_0.9_2_1830
QG790	0.999990	0.000010	LD_0.9_2_1830
QG791	0.999990	0.000010	LD_0.9_2_1830
QG795	0.999990	0.000010	LD_0.9_2_1830
QG797	0.999990	0.000010	LD_0.9_2_1830
QG802	0.999990	0.000010	LD_0.9_2_1830
QG804	0.999990	0.000010	LD_0.9_2_1830
QG806	0.999990	0.000010	LD_0.9_2_1830
QG807	0.999990	0.000010	LD_0.9_2_1830
QG808	0.999990	0.000010	LD_0.9_2_1830
QG809	0.999990	0.000010	LD_0.9_2_1830
QG825	0.999990	0.000010	LD_0.9_2_1830
QG827	0.999990	0.000010	LD_0.9_2_1830
QG828	0.999990	0.000010	LD_0.9_2_1830
QG833	0.999990	0.000010	LD_0.9_2_1830
QG855	0.999990	0.000010	LD_0.9_2_1830
QG856	0.999990	0.000010	LD_0.9_2_1830
QG858	0.999990	0.000010	LD_0.9_2_1830
QG860	0.999990	0.000010	LD_0.9_2_1830
QG864	0.999990	0.000010	LD_0.9_2_1830
QG865	0.999990	0.000010	LD_0.9_2_1830
QG866	0.999990	0.000010	LD_0.9_2_1830
QG868	0.999990	0.000010	LD_0.9_2_1830
QG874	0.999990	0.000010	LD_0.9_2_1830
QG875	0.999990	0.000010	LD_0.9_2_1830
QG878	0.999990	0.000010	LD_0.9_2_1830
QG879	0.999990	0.000010	LD_0.9_2_1830
QG880	0.999990	0.000010	LD_0.9_2_1830
QG881	0.999990	0.000010	LD_0.9_2_1830
QG887	0.999990	0.000010	LD_0.9_2_1830
QG888	0.999990	0.000010	LD_0.9_2_1830
QG926	0.999990	0.000010	LD_0.9_2_1830
QG927	0.999990	0.000010	LD_0.9_2_1830
QG933	0.999990	0.000010	LD_0.9_2_1830
QG937	0.999990	0.000010	LD_0.9_2_1830
QG945	0.999990	0.000010	LD_0.9_2_1830
QG946	0.999990	0.000010	LD_0.9_2_1830
QG947	0.999990	0.000010	LD_0.9_2_1830
QG948	0.999990	0.000010	LD_0.9_2_1830
QG952	0.999990	0.000010	LD_0.9_2_1830
QG978	0.999990	0.000010	LD_0.9_2_1830
QG980	0.999990	0.000010	LD_0.9_2_1830
QG986	0.999990	0.000010	LD_0.9_2_1830
QG991	0.999990	0.000010	LD_0.9_2_1830
QG994	0.999990	0.000010	LD_0.9_2_1830
QG995	0.999990	0.000010	LD_0.9_2_1830
QG997	0.999990	0.000010	LD_0.9_2_1830
QG998	0.999990	0.000010	LD_0.9_2_1830
QR25	0.390408	0.609592	LD_0.9_2_1830
QX1410	0.999990	0.000010	LD_0.9_2_1830
QX1547	0.376066	0.623934	LD_0.9_2_1830
QX1795	0.999990	0.000010	LD_0.9_2_1830
QX1796	0.999990	0.000010	LD_0.9_2_1830
QX1798	0.738023	0.261977	LD_0.9_2_1830
QX1800	0.999990	0.000010	LD_0.9_2_1830
QX1801	0.999990	0.000010	LD_0.9_2_1830
QX1802	0.999990	0.000010	LD_0.9_2_1830
QX1803	0.999990	0.000010	LD_0.9_2_1830
QX1804	0.999990	0.000010	LD_0.9_2_1830
SOW18	0.380371	0.619629	LD_0.9_2_1830
SOW21	0.382672	0.617328	LD_0.9_2_1830
SOW22	0.382668	0.617332	LD_0.9_2_1830
TT3408	0.999990	0.000010	LD_0.9_2_1830
TT3411	0.999990	0.000010	LD_0.9_2_1830
TWN1772	0.721902	0.278098	LD_0.9_2_1830
TWN1824	0.401918	0.598082	LD_0.9_2_1830
TWN1899	0.401552	0.598448	LD_0.9_2_1830
TWN1907	0.714226	0.285774	LD_0.9_2_1830
TWN2919	0.701533	0.298467	LD_0.9_2_1830
TWN3077	0.707268	0.292732	LD_0.9_2_1830
UH1	0.752624	0.247376	LD_0.9_2_1830
VSL2201	0.999990	0.000010	LD_0.9_2_1830
VSL2207	0.000010	0.999990	LD_0.9_2_1830
VSL2209	0.000010	0.999990	LD_0.9_2_1830
VSL2210	0.999990	0.000010	LD_0.9_2_1830
VSL2212	0.999990	0.000010	LD_0.9_2_1830
VSL2213	0.999990	0.000010	LD_0.9_2_1830
VSL2215	0.999990	0.000010	LD_0.9_2_1830
VSL2216	0.999990	0.000010	LD_0.9_2_1830
VSL2217	0.999990	0.000010	LD_0.9_2_1830
VSL2219	0.999990	0.000010	LD_0.9_2_1830
VT847	0.999990	0.000010	LD_0.9_2_1830
VX34	0.381602	0.618398	LD_0.9_2_1830
XZ1204	0.999990	0.000010	LD_0.9_2_1830
XZ1205	0.999990	0.000010	LD_0.9_2_1830
XZ1206	0.999990	0.000010	LD_0.9_2_1830
XZ1207	0.999990	0.000010	LD_0.9_2_1830
XZ1210	0.999990	0.000010	LD_0.9_2_1830
XZ1212	0.999990	0.000010	LD_0.9_2_1830
XZ1213	0.999990	0.000010	LD_0.9_2_1830
XZ1731	0.999990	0.000010	LD_0.9_2_1830
XZ1732	0.999990	0.000010	LD_0.9_2_1830
ZZY0992	0.999990	0.000010	LD_0.9_2_1830
ZZY1034	0.999990	0.000010	LD_0.9_2_1830
ZZY1075	0.999990	0.000010	LD_0.9_2_1830
ZZY1123	0.999990	0.000010	LD_0.9_2_1830
ZZY1130	0.999990	0.000010	LD_0.9_2_1830
ZZY405	0.999990	0.000010	LD_0.9_2_1830
AF16	0.000010	0.999990	LD_0.9_2_1853
BRC20069	0.000010	0.999990	LD_0.9_2_1853
BRC20073	0.000010	0.999990	LD_0.9_2_1853
BRC20075	0.599388	0.400612	LD_0.9_2_1853
BRC20077	0.000010	0.999990	LD_0.9_2_1853
BRC20081	0.289857	0.710143	LD_0.9_2_1853
BRC20085	0.000010	0.999990	LD_0.9_2_1853
BRC20088	0.275547	0.724453	LD_0.9_2_1853
BRC20089	0.000010	0.999990	LD_0.9_2_1853
BRC20090	0.000010	0.999990	LD_0.9_2_1853
BRC20092	0.000010	0.999990	LD_0.9_2_1853
BRC20093	0.000010	0.999990	LD_0.9_2_1853
BRC20094	0.000010	0.999990	LD_0.9_2_1853
BRC20095	0.000010	0.999990	LD_0.9_2_1853
BRC20096	0.000010	0.999990	LD_0.9_2_1853
BRC20098	0.000010	0.999990	LD_0.9_2_1853
BRC20099	0.000010	0.999990	LD_0.9_2_1853
BRC20100	0.000010	0.999990	LD_0.9_2_1853
BRC20102	0.000010	0.999990	LD_0.9_2_1853
BRC20103	0.000010	0.999990	LD_0.9_2_1853
BRC20105	0.000010	0.999990	LD_0.9_2_1853
BRC20107	0.000010	0.999990	LD_0.9_2_1853
BRC20115	0.588760	0.411240	LD_0.9_2_1853
BRC20119	0.000010	0.999990	LD_0.9_2_1853
BRC20228	0.000010	0.999990	LD_0.9_2_1853
BRC20229	0.590880	0.409120	LD_0.9_2_1853
BRC20230	0.286416	0.713584	LD_0.9_2_1853
BRC20232	0.595581	0.404419	LD_0.9_2_1853
BRC20238	0.289342	0.710658	LD_0.9_2_1853
BRC20239	0.599789	0.400211	LD_0.9_2_1853
BRC20241	0.000010	0.999990	LD_0.9_2_1853
BRC20242	0.000010	0.999990	LD_0.9_2_1853
BRC20244	0.275452	0.724548	LD_0.9_2_1853
BRC20246	0.284723	0.715277	LD_0.9_2_1853
BRC20257	0.000010	0.999990	LD_0.9_2_1853
BRC20260	0.000010	0.999990	LD_0.9_2_1853
BRC20270	0.295694	0.704306	LD_0.9_2_1853
BRC20272	0.298001	0.701999	LD_0.9_2_1853
BRC20289	0.295591	0.704409	LD_0.9_2_1853
BRC20290	0.293551	0.706449	LD_0.9_2_1853
BRC20294	0.000010	0.999990	LD_0.9_2_1853
BRC20308	0.283471	0.716529	LD_0.9_2_1853
BRC20309	0.284496	0.715504	LD_0.9_2_1853
BRC20311	0.304033	0.695967	LD_0.9_2_1853
BRC20312	0.287559	0.712441	LD_0.9_2_1853
BRC20315	0.291969	0.708031	LD_0.9_2_1853
BRC20320	0.280089	0.719911	LD_0.9_2_1853
BRC20324	0.363403	0.636597	LD_0.9_2_1853
BRC20331	0.289018	0.710982	LD_0.9_2_1853
BRC20333	0.284057	0.715943	LD_0.9_2_1853
BRC20334	0.297132	0.702868	LD_0.9_2_1853
BRC20339	0.287195	0.712805	LD_0.9_2_1853
BRC20341	0.281033	0.718967	LD_0.9_2_1853
BRC20343	0.588639	0.411361	LD_0.9_2_1853
BRC20346	0.286540	0.713460	LD_0.9_2_1853
BRC20347	0.596828	0.403172	LD_0.9_2_1853
BRC20348	0.284346	0.715654	LD_0.9_2_1853
BRC20353	0.000010	0.999990	LD_0.9_2_1853
BRC20360	0.000010	0.999990	LD_0.9_2_1853
BRC20361	0.000010	0.999990	LD_0.9_2_1853
BRC20362	0.000010	0.999990	LD_0.9_2_1853
BRC20366	0.288950	0.711050	LD_0.9_2_1853
BRC20367	0.282256	0.717744	LD_0.9_2_1853
BRC20369	0.000010	0.999990	LD_0.9_2_1853
BRC20370	0.283783	0.716217	LD_0.9_2_1853
BRC20388	0.619660	0.380340	LD_0.9_2_1853
BRC20390	0.284243	0.715757	LD_0.9_2_1853
BRC20401	0.000010	0.999990	LD_0.9_2_1853
BRC20463	0.297539	0.702461	LD_0.9_2_1853
BRC20492	0.583408	0.416592	LD_0.9_2_1853
BRC20499	0.280566	0.719434	LD_0.9_2_1853
BRC20501	0.289532	0.710468	LD_0.9_2_1853
BRC20502	0.586792	0.413208	LD_0.9_2_1853
BRC20503	0.586479	0.413521	LD_0.9_2_1853
BRC20519	0.583001	0.416999	LD_0.9_2_1853
BRC20520	0.582605	0.417395	LD_0.9_2_1853
BRC20522	0.588250	0.411750	LD_0.9_2_1853
BRC20524	0.589128	0.410872	LD_0.9_2_1853
BRC20529	0.284328	0.715672	LD_0.9_2_1853
BRC20530	0.596573	0.403427	LD_0.9_2_1853
BRC20531	0.597325	0.402675	LD_0.9_2_1853
BRC20532	0.285120	0.714880	LD_0.9_2_1853
BRC20533	0.286356	0.713644	LD_0.9_2_1853
BRC20534	0.298204	0.701796	LD_0.9_2_1853
BRC20535	0.293816	0.706184	LD_0.9_2_1853
BRC20536	0.306144	0.693856	LD_0.9_2_1853
BRC20537	0.287751	0.712249	LD_0.9_2_1853
BRC20541	0.577934	0.422066	LD_0.9_2_1853
BRC20543	0.298084	0.701916	LD_0.9_2_1853
BRC20544	0.282118	0.717882	LD_0.9_2_1853
BRC20545	0.284913	0.715087	LD_0.9_2_1853
BRC20556	0.000010	0.999990	LD_0.9_2_1853
BRC20557	0.276345	0.723655	LD_0.9_2_1853
BRC20565	0.000010	0.999990	LD_0.9_2_1853
BRC20571	0.000010	0.999990	LD_0.9_2_1853
BRC20574	0.000010	0.999990	LD_0.9_2_1853
BW287	0.625117	0.374883	LD_0.9_2_1853
DF5100	0.000010	0.999990	LD_0.9_2_1853
ECA1129	0.000010	0.999990	LD_0.9_2_1853
ECA1143	0.000010	0.999990	LD_0.9_2_1853
ECA1147	0.000010	0.999990	LD_0.9_2_1853
ECA1149	0.002777	0.997223	LD_0.9_2_1853
ECA1160	0.000010	0.999990	LD_0.9_2_1853
ECA1164	0.000010	0.999990	LD_0.9_2_1853
ECA1170	0.247648	0.752352	LD_0.9_2_1853
ECA1174	0.000010	0.999990	LD_0.9_2_1853
ECA1383	0.263030	0.736970	LD_0.9_2_1853
ECA1411	0.000010	0.999990	LD_0.9_2_1853
ECA1423	0.000010	0.999990	LD_0.9_2_1853
ECA1429	0.000010	0.999990	LD_0.9_2_1853
ECA1431	0.000010	0.999990	LD_0.9_2_1853
ECA1437	0.000010	0.999990	LD_0.9_2_1853
ECA1439	0.000010	0.999990	LD_0.9_2_1853
ECA1443	0.201113	0.798887	LD_0.9_2_1853
ECA1471	0.000010	0.999990	LD_0.9_2_1853
ECA1489	0.000010	0.999990	LD_0.9_2_1853
ECA1507	0.000010	0.999990	LD_0.9_2_1853
ECA1509	0.000010	0.999990	LD_0.9_2_1853
ECA1517	0.000010	0.999990	LD_0.9_2_1853
ECA1521	0.000010	0.999990	LD_0.9_2_1853
ECA1555	0.000010	0.999990	LD_0.9_2_1853
ECA1559	0.250118	0.749882	LD_0.9_2_1853
ECA1563	0.000010	0.999990	LD_0.9_2_1853
ECA1571	0.000010	0.999990	LD_0.9_2_1853
ECA1587	0.000010	0.999990	LD_0.9_2_1853
ECA1605	0.215968	0.784032	LD_0.9_2_1853
ECA1609	0.000010	0.999990	LD_0.9_2_1853
ECA161	0.000010	0.999990	LD_0.9_2_1853
ECA1611	0.000010	0.999990	LD_0.9_2_1853
ECA1615	0.000010	0.999990	LD_0.9_2_1853
ECA162	0.000010	0.999990	LD_0.9_2_1853
ECA1621	0.000010	0.999990	LD_0.9_2_1853
ECA163	0.651236	0.348764	LD_0.9_2_1853
ECA1637	0.000010	0.999990	LD_0.9_2_1853
ECA1657	0.000010	0.999990	LD_0.9_2_1853
ECA1701	0.000010	0.999990	LD_0.9_2_1853
ECA175	0.000010	0.999990	LD_0.9_2_1853
ECA176	0.000010	0.999990	LD_0.9_2_1853
ECA177	0.000010	0.999990	LD_0.9_2_1853
ECA180	0.000010	0.999990	LD_0.9_2_1853
ECA182	0.000010	0.999990	LD_0.9_2_1853
ECA183	0.000010	0.999990	LD_0.9_2_1853
ECA185	0.000010	0.999990	LD_0.9_2_1853
ECA186	0.000010	0.999990	LD_0.9_2_1853
ECA2083	0.000010	0.999990	LD_0.9_2_1853
ECA2093	0.000010	0.999990	LD_0.9_2_1853
ECA2115	0.000010	0.999990	LD_0.9_2_1853
ECA2299	0.293563	0.706437	LD_0.9_2_1853
ECA2373	0.000010	0.999990	LD_0.9_2_1853
ECA2385	0.291633	0.708367	LD_0.9_2_1853
ECA2425	0.000010	0.999990	LD_0.9_2_1853
ECA2617	0.999990	0.000010	LD_0.9_2_1853
ECA2618	0.999990	0.000010	LD_0.9_2_1853
ECA2621	0.999990	0.000010	LD_0.9_2_1853
ECA2623	0.000010	0.999990	LD_0.9_2_1853
ECA2625	0.000010	0.999990	LD_0.9_2_1853
ECA2626	0.000010	0.999990	LD_0.9_2_1853
ECA2636	0.000010	0.999990	LD_0.9_2_1853
ECA2637	0.000010	0.999990	LD_0.9_2_1853
ECA2639	0.999990	0.000010	LD_0.9_2_1853
ECA2645	0.000010	0.999990	LD_0.9_2_1853
ECA2647	0.999990	0.000010	LD_0.9_2_1853
ECA2663	0.000010	0.999990	LD_0.9_2_1853
ECA2664	0.000010	0.999990	LD_0.9_2_1853
ECA2666	0.999990	0.000010	LD_0.9_2_1853
ECA2667	0.000010	0.999990	LD_0.9_2_1853
ECA2670	0.999990	0.000010	LD_0.9_2_1853
ECA276	0.648986	0.351014	LD_0.9_2_1853
ECA278	0.621252	0.378748	LD_0.9_2_1853
ECA2808	0.000010	0.999990	LD_0.9_2_1853
ECA287	0.267982	0.732018	LD_0.9_2_1853
ECA288	0.021055	0.978945	LD_0.9_2_1853
ECA2883	0.000010	0.999990	LD_0.9_2_1853
ECA2890	0.000010	0.999990	LD_0.9_2_1853
ECA2894	0.000010	0.999990	LD_0.9_2_1853
ECA2936	0.214392	0.785608	LD_0.9_2_1853
ECA2975	0.000010	0.999990	LD_0.9_2_1853
ECA3091	0.000010	0.999990	LD_0.9_2_1853
ECA343	0.000010	0.999990	LD_0.9_2_1853
ECA346	0.000010	0.999990	LD_0.9_2_1853
ECA3502	0.255458	0.744542	LD_0.9_2_1853
ECA3503	0.000010	0.999990	LD_0.9_2_1853
ECA3509	0.000010	0.999990	LD_0.9_2_1853
ECA3708	0.000010	0.999990	LD_0.9_2_1853
ECA371	0.000010	0.999990	LD_0.9_2_1853
ECA3712	0.000010	0.999990	LD_0.9_2_1853
ECA3713	0.000010	0.999990	LD_0.9_2_1853
ECA3899	0.000010	0.999990	LD_0.9_2_1853
ECA4382	0.000010	0.999990	LD_0.9_2_1853
ECA4390	0.000010	0.999990	LD_0.9_2_1853
ECA4394	0.000010	0.999990	LD_0.9_2_1853
ECA4402	0.000010	0.999990	LD_0.9_2_1853
ECA569	0.620430	0.379570	LD_0.9_2_1853
ED3032	0.000010	0.999990	LD_0.9_2_1853
ED3037	0.000010	0.999990	LD_0.9_2_1853
ED3088	0.000010	0.999990	LD_0.9_2_1853
ED3102	0.673654	0.326346	LD_0.9_2_1853
EG4360	0.628313	0.371687	LD_0.9_2_1853
EG5612	0.000010	0.999990	LD_0.9_2_1853
EG5613	0.000010	0.999990	LD_0.9_2_1853
EG6179	0.000010	0.999990	LD_0.9_2_1853
EG6260	0.000010	0.999990	LD_0.9_2_1853
EG6261	0.000010	0.999990	LD_0.9_2_1853
EG6265	0.212291	0.787709	LD_0.9_2_1853
EG6267	0.000010	0.999990	LD_0.9_2_1853
EG6271	0.000010	0.999990	LD_0.9_2_1853
EG6272	0.000010	0.999990	LD_0.9_2_1853
EG6274	0.000010	0.999990	LD_0.9_2_1853
EG6275	0.000010	0.999990	LD_0.9_2_1853
EG6276	0.000010	0.999990	LD_0.9_2_1853
EG6329	0.000010	0.999990	LD_0.9_2_1853
GUN124	0.615581	0.384419	LD_0.9_2_1853
GXW22	0.000010	0.999990	LD_0.9_2_1853
GXW23	0.000010	0.999990	LD_0.9_2_1853
HK104	0.622477	0.377523	LD_0.9_2_1853
HPT11	0.656174	0.343826	LD_0.9_2_1853
HPT16	0.000010	0.999990	LD_0.9_2_1853
HPT18	0.648226	0.351774	LD_0.9_2_1853
HPT19	0.000010	0.999990	LD_0.9_2_1853
HPT2	0.000010	0.999990	LD_0.9_2_1853
HPT21	0.000010	0.999990	LD_0.9_2_1853
HPT24	0.653185	0.346815	LD_0.9_2_1853
HPT34	0.000010	0.999990	LD_0.9_2_1853
HPT37	0.000010	0.999990	LD_0.9_2_1853
HPT4	0.000010	0.999990	LD_0.9_2_1853
HPT42	0.000010	0.999990	LD_0.9_2_1853
HPT52	0.000010	0.999990	LD_0.9_2_1853
HPT53	0.000010	0.999990	LD_0.9_2_1853
HPT54	0.000010	0.999990	LD_0.9_2_1853
HPT55	0.000010	0.999990	LD_0.9_2_1853
HPT59	0.000010	0.999990	LD_0.9_2_1853
HPT60	0.000010	0.999990	LD_0.9_2_1853
HPT62	0.000010	0.999990	LD_0.9_2_1853
HPT63	0.000010	0.999990	LD_0.9_2_1853
HPT7	0.000010	0.999990	LD_0.9_2_1853
HPT8	0.000010	0.999990	LD_0.9_2_1853
HPT9	0.000010	0.999990	LD_0.9_2_1853
JU1085	0.627189	0.372811	LD_0.9_2_1853
JU1337	0.000010	0.999990	LD_0.9_2_1853
JU1338	0.000010	0.999990	LD_0.9_2_1853
JU1341	0.999990	0.000010	LD_0.9_2_1853
JU1346	0.000010	0.999990	LD_0.9_2_1853
JU1347	0.000010	0.999990	LD_0.9_2_1853
JU1348	0.999990	0.000010	LD_0.9_2_1853
JU1375	0.000010	0.999990	LD_0.9_2_1853
JU1377	0.000010	0.999990	LD_0.9_2_1853
JU1378	0.000010	0.999990	LD_0.9_2_1853
JU1392	0.000010	0.999990	LD_0.9_2_1853
JU1399	0.000010	0.999990	LD_0.9_2_1853
JU1424	0.000010	0.999990	LD_0.9_2_1853
JU1435	0.000010	0.999990	LD_0.9_2_1853
JU1564	0.617035	0.382965	LD_0.9_2_1853
JU1637	0.000010	0.999990	LD_0.9_2_1853
JU1638	0.000010	0.999990	LD_0.9_2_1853
JU1794	0.000010	0.999990	LD_0.9_2_1853
JU1795	0.000010	0.999990	LD_0.9_2_1853
JU1799	0.000010	0.999990	LD_0.9_2_1853
JU1802	0.000010	0.999990	LD_0.9_2_1853
JU1814	0.000010	0.999990	LD_0.9_2_1853
JU1884	0.000010	0.999990	LD_0.9_2_1853
JU1885	0.000010	0.999990	LD_0.9_2_1853
JU1907	0.000010	0.999990	LD_0.9_2_1853
JU1908	0.000010	0.999990	LD_0.9_2_1853
JU1909	0.000010	0.999990	LD_0.9_2_1853
JU1913	0.000010	0.999990	LD_0.9_2_1853
JU2053	0.000010	0.999990	LD_0.9_2_1853
JU2054	0.000010	0.999990	LD_0.9_2_1853
JU2056	0.000010	0.999990	LD_0.9_2_1853
JU2057	0.000010	0.999990	LD_0.9_2_1853
JU2160	0.000010	0.999990	LD_0.9_2_1853
JU2162	0.001267	0.998733	LD_0.9_2_1853
JU2214	0.000010	0.999990	LD_0.9_2_1853
JU2216	0.276416	0.723584	LD_0.9_2_1853
JU2457	0.268435	0.731565	LD_0.9_2_1853
JU2470	0.003858	0.996142	LD_0.9_2_1853
JU2472	0.000010	0.999990	LD_0.9_2_1853
JU2507	0.000010	0.999990	LD_0.9_2_1853
JU2518	0.000010	0.999990	LD_0.9_2_1853
JU2536	0.621686	0.378314	LD_0.9_2_1853
JU2618	0.000010	0.999990	LD_0.9_2_1853
JU2799	0.000010	0.999990	LD_0.9_2_1853
JU2836	0.000010	0.999990	LD_0.9_2_1853
JU2849	0.000010	0.999990	LD_0.9_2_1853
JU2861	0.000010	0.999990	LD_0.9_2_1853
JU2868	0.000010	0.999990	LD_0.9_2_1853
JU2872	0.622949	0.377051	LD_0.9_2_1853
JU2910	0.000010	0.999990	LD_0.9_2_1853
JU3168	0.691906	0.308094	LD_0.9_2_1853
JU3171	0.000010	0.999990	LD_0.9_2_1853
JU3199	0.999990	0.000010	LD_0.9_2_1853
JU3200	0.999990	0.000010	LD_0.9_2_1853
JU3201	0.999990	0.000010	LD_0.9_2_1853
JU3202	0.999990	0.000010	LD_0.9_2_1853
JU3203	0.999990	0.000010	LD_0.9_2_1853
JU3206	0.999990	0.000010	LD_0.9_2_1853
JU3207	0.000010	0.999990	LD_0.9_2_1853
JU3237	0.001921	0.998079	LD_0.9_2_1853
JU3281	0.000010	0.999990	LD_0.9_2_1853
JU3319	0.000010	0.999990	LD_0.9_2_1853
JU3321	0.000010	0.999990	LD_0.9_2_1853
JU3326	0.618258	0.381742	LD_0.9_2_1853
JU3327	0.000010	0.999990	LD_0.9_2_1853
JU3416	0.636148	0.363852	LD_0.9_2_1853
JU4042	0.000010	0.999990	LD_0.9_2_1853
JU4051	0.000010	0.999990	LD_0.9_2_1853
JU4058	0.006619	0.993381	LD_0.9_2_1853
JU4060	0.000010	0.999990	LD_0.9_2_1853
JU4062	0.000010	0.999990	LD_0.9_2_1853
JU4064	0.000010	0.999990	LD_0.9_2_1853
JU4080	0.000010	0.999990	LD_0.9_2_1853
JU4084	0.000010	0.999990	LD_0.9_2_1853
JU4097	0.000010	0.999990	LD_0.9_2_1853
JU725	0.000010	0.999990	LD_0.9_2_1853
MY2716	0.000010	0.999990	LD_0.9_2_1853
MY539	0.000010	0.999990	LD_0.9_2_1853
NIC1050	0.000010	0.999990	LD_0.9_2_1853
NIC1052	0.000010	0.999990	LD_0.9_2_1853
NIC1054	0.000010	0.999990	LD_0.9_2_1853
NIC1055	0.000010	0.999990	LD_0.9_2_1853
NIC1057	0.000010	0.999990	LD_0.9_2_1853
NIC1058	0.000010	0.999990	LD_0.9_2_1853
NIC1059	0.000010	0.999990	LD_0.9_2_1853
NIC1060	0.000010	0.999990	LD_0.9_2_1853
NIC1062	0.000010	0.999990	LD_0.9_2_1853
NIC1069	0.000010	0.999990	LD_0.9_2_1853
NIC1103	0.000010	0.999990	LD_0.9_2_1853
NIC1104	0.000010	0.999990	LD_0.9_2_1853
NIC1106	0.000010	0.999990	LD_0.9_2_1853
NIC1117	0.000010	0.999990	LD_0.9_2_1853
NIC1123	0.000010	0.999990	LD_0.9_2_1853
NIC1124	0.000010	0.999990	LD_0.9_2_1853
NIC1135	0.000010	0.999990	LD_0.9_2_1853
NIC1138	0.000010	0.999990	LD_0.9_2_1853
NIC1141	0.000010	0.999990	LD_0.9_2_1853
NIC115	0.000010	0.999990	LD_0.9_2_1853
NIC117	0.000010	0.999990	LD_0.9_2_1853
NIC1183	0.000010	0.999990	LD_0.9_2_1853
NIC119	0.000010	0.999990	LD_0.9_2_1853
NIC1190	0.000010	0.999990	LD_0.9_2_1853
NIC1202	0.000010	0.999990	LD_0.9_2_1853
NIC1204	0.000010	0.999990	LD_0.9_2_1853
NIC1205	0.289164	0.710836	LD_0.9_2_1853
NIC1218	0.000010	0.999990	LD_0.9_2_1853
NIC1220	0.282468	0.717532	LD_0.9_2_1853
NIC1221	0.000010	0.999990	LD_0.9_2_1853
NIC123	0.000010	0.999990	LD_0.9_2_1853
NIC1267	0.000010	0.999990	LD_0.9_2_1853
NIC1283	0.000010	0.999990	LD_0.9_2_1853
NIC1288	0.000010	0.999990	LD_0.9_2_1853
NIC1292	0.000010	0.999990	LD_0.9_2_1853
NIC1302	0.000010	0.999990	LD_0.9_2_1853
NIC1304	0.000010	0.999990	LD_0.9_2_1853
NIC1308	0.000010	0.999990	LD_0.9_2_1853
NIC1407	0.000010	0.999990	LD_0.9_2_1853
NIC1421	0.000010	0.999990	LD_0.9_2_1853
NIC1423	0.000010	0.999990	LD_0.9_2_1853
NIC1442	0.000010	0.999990	LD_0.9_2_1853
NIC1491	0.000010	0.999990	LD_0.9_2_1853
NIC1525	0.000010	0.999990	LD_0.9_2_1853
NIC1528	0.000010	0.999990	LD_0.9_2_1853
NIC1529	0.000010	0.999990	LD_0.9_2_1853
NIC1533	0.000010	0.999990	LD_0.9_2_1853
NIC1535	0.000010	0.999990	LD_0.9_2_1853
NIC1539	0.284388	0.715612	LD_0.9_2_1853
NIC1540	0.590753	0.409247	LD_0.9_2_1853
NIC1562	0.281089	0.718911	LD_0.9_2_1853
NIC1589	0.597595	0.402405	LD_0.9_2_1853
NIC1590	0.276516	0.723484	LD_0.9_2_1853
NIC1591	0.596699	0.403301	LD_0.9_2_1853
NIC1593	0.599121	0.400879	LD_0.9_2_1853
NIC1595	0.285522	0.714478	LD_0.9_2_1853
NIC1598	0.279913	0.720087	LD_0.9_2_1853
NIC1602	0.293108	0.706892	LD_0.9_2_1853
NIC1607	0.587266	0.412734	LD_0.9_2_1853
NIC1628	0.000010	0.999990	LD_0.9_2_1853
NIC1630	0.283678	0.716322	LD_0.9_2_1853
NIC1631	0.286951	0.713049	LD_0.9_2_1853
NIC1632	0.617654	0.382346	LD_0.9_2_1853
NIC1633	0.622521	0.377479	LD_0.9_2_1853
NIC1635	0.624302	0.375698	LD_0.9_2_1853
NIC1645	0.277562	0.722438	LD_0.9_2_1853
NIC1660	0.287001	0.712999	LD_0.9_2_1853
NIC1661	0.287056	0.712944	LD_0.9_2_1853
NIC1662	0.279821	0.720179	LD_0.9_2_1853
NIC1663	0.281063	0.718937	LD_0.9_2_1853
NIC1664	0.597581	0.402419	LD_0.9_2_1853
NIC1665	0.598462	0.401538	LD_0.9_2_1853
NIC1666	0.283097	0.716903	LD_0.9_2_1853
NIC1667	0.297922	0.702078	LD_0.9_2_1853
NIC1681	0.301708	0.698292	LD_0.9_2_1853
NIC1688	0.000010	0.999990	LD_0.9_2_1853
NIC1692	0.269039	0.730961	LD_0.9_2_1853
NIC1693	0.277496	0.722504	LD_0.9_2_1853
NIC17	0.000010	0.999990	LD_0.9_2_1853
NIC174	0.616081	0.383919	LD_0.9_2_1853
NIC187	0.000010	0.999990	LD_0.9_2_1853
NIC188	0.000010	0.999990	LD_0.9_2_1853
NIC19	0.581067	0.418933	LD_0.9_2_1853
NIC191	0.000010	0.999990	LD_0.9_2_1853
NIC20	0.596433	0.403567	LD_0.9_2_1853
NIC21	0.599501	0.400499	LD_0.9_2_1853
NIC22	0.596474	0.403526	LD_0.9_2_1853
NIC2369	0.000010	0.999990	LD_0.9_2_1853
NIC248	0.000010	0.999990	LD_0.9_2_1853
NIC250	0.000010	0.999990	LD_0.9_2_1853
NIC2527	0.000010	0.999990	LD_0.9_2_1853
NIC309	0.000010	0.999990	LD_0.9_2_1853
NIC325	0.000010	0.999990	LD_0.9_2_1853
NIC327	0.000010	0.999990	LD_0.9_2_1853
NIC329	0.000010	0.999990	LD_0.9_2_1853
NIC330	0.000010	0.999990	LD_0.9_2_1853
NIC331	0.000010	0.999990	LD_0.9_2_1853
NIC332	0.000010	0.999990	LD_0.9_2_1853
NIC333	0.000010	0.999990	LD_0.9_2_1853
NIC343	0.000010	0.999990	LD_0.9_2_1853
NIC392	0.000010	0.999990	LD_0.9_2_1853
NIC400	0.000010	0.999990	LD_0.9_2_1853
NIC402	0.000010	0.999990	LD_0.9_2_1853
NIC419	0.000010	0.999990	LD_0.9_2_1853
NIC504	0.283650	0.716350	LD_0.9_2_1853
NIC505	0.283804	0.716196	LD_0.9_2_1853
NIC518	0.286192	0.713808	LD_0.9_2_1853
NIC519	0.286865	0.713135	LD_0.9_2_1853
NIC532	0.000010	0.999990	LD_0.9_2_1853
NIC541	0.000010	0.999990	LD_0.9_2_1853
NIC549	0.000010	0.999990	LD_0.9_2_1853
NIC552	0.000010	0.999990	LD_0.9_2_1853
NIC555	0.000010	0.999990	LD_0.9_2_1853
NIC574	0.000010	0.999990	LD_0.9_2_1853
NIC578	0.000010	0.999990	LD_0.9_2_1853
NIC583	0.000010	0.999990	LD_0.9_2_1853
NIC590	0.000010	0.999990	LD_0.9_2_1853
NIC593	0.000010	0.999990	LD_0.9_2_1853
NIC60	0.000010	0.999990	LD_0.9_2_1853
NIC61	0.000010	0.999990	LD_0.9_2_1853
NIC62	0.000010	0.999990	LD_0.9_2_1853
NIC67	0.000010	0.999990	LD_0.9_2_1853
NIC758	0.000010	0.999990	LD_0.9_2_1853
NIC777	0.000010	0.999990	LD_0.9_2_1853
NIC779	0.278214	0.721786	LD_0.9_2_1853
NIC790	0.000010	0.999990	LD_0.9_2_1853
NIC791	0.000010	0.999990	LD_0.9_2_1853
NIC792	0.000010	0.999990	LD_0.9_2_1853
NIC793	0.000010	0.999990	LD_0.9_2_1853
NIC795	0.000010	0.999990	LD_0.9_2_1853
NIC796	0.000010	0.999990	LD_0.9_2_1853
NIC802	0.000010	0.999990	LD_0.9_2_1853
NIC803	0.000010	0.999990	LD_0.9_2_1853
NIC805	0.292260	0.707740	LD_0.9_2_1853
NIC811	0.000010	0.999990	LD_0.9_2_1853
NIC814	0.290053	0.709947	LD_0.9_2_1853
NIC815	0.289523	0.710477	LD_0.9_2_1853
NIC816	0.596439	0.403561	LD_0.9_2_1853
NIC819	0.574270	0.425730	LD_0.9_2_1853
NIC821	0.000010	0.999990	LD_0.9_2_1853
NIC822	0.284447	0.715553	LD_0.9_2_1853
NIC824	0.283599	0.716401	LD_0.9_2_1853
NIC825	0.600339	0.399661	LD_0.9_2_1853
NIC827	0.591771	0.408229	LD_0.9_2_1853
NIC828	0.596861	0.403139	LD_0.9_2_1853
NIC863	0.273583	0.726417	LD_0.9_2_1853
NIC864	0.296602	0.703398	LD_0.9_2_1853
NIC865	0.278713	0.721287	LD_0.9_2_1853
NIC871	0.000010	0.999990	LD_0.9_2_1853
NIC883	0.000010	0.999990	LD_0.9_2_1853
NIC889	0.292805	0.707195	LD_0.9_2_1853
NIC893	0.582875	0.417125	LD_0.9_2_1853
NIC897	0.285182	0.714818	LD_0.9_2_1853
NIC899	0.620539	0.379461	LD_0.9_2_1853
NIC901	0.000010	0.999990	LD_0.9_2_1853
NIC911	0.000010	0.999990	LD_0.9_2_1853
NIC96	0.000010	0.999990	LD_0.9_2_1853
NIC984	0.000010	0.999990	LD_0.9_2_1853
NIC985	0.000010	0.999990	LD_0.9_2_1853
PB800	0.628995	0.371005	LD_0.9_2_1853
PB857	0.621470	0.378530	LD_0.9_2_1853
PE887	0.000010	0.999990	LD_0.9_2_1853
QG1005	0.000010	0.999990	LD_0.9_2_1853
QG1007	0.000010	0.999990	LD_0.9_2_1853
QG1111	0.000010	0.999990	LD_0.9_2_1853
QG1126	0.000010	0.999990	LD_0.9_2_1853
QG1141	0.000010	0.999990	LD_0.9_2_1853
QG1155	0.000010	0.999990	LD_0.9_2_1853
QG130	0.000010	0.999990	LD_0.9_2_1853
QG132	0.000010	0.999990	LD_0.9_2_1853
QG133	0.209095	0.790905	LD_0.9_2_1853
QG2641	0.000010	0.999990	LD_0.9_2_1853
QG2648	0.000010	0.999990	LD_0.9_2_1853
QG2659	0.000010	0.999990	LD_0.9_2_1853
QG2663	0.000010	0.999990	LD_0.9_2_1853
QG2665	0.000010	0.999990	LD_0.9_2_1853
QG2683	0.000010	0.999990	LD_0.9_2_1853
QG2736	0.000010	0.999990	LD_0.9_2_1853
QG2814	0.000010	0.999990	LD_0.9_2_1853
QG2820	0.000010	0.999990	LD_0.9_2_1853
QG2848	0.000010	0.999990	LD_0.9_2_1853
QG2880	0.000010	0.999990	LD_0.9_2_1853
QG2881	0.000010	0.999990	LD_0.9_2_1853
QG2883	0.000010	0.999990	LD_0.9_2_1853
QG2884	0.000010	0.999990	LD_0.9_2_1853
QG2891	0.999990	0.000010	LD_0.9_2_1853
QG2892	0.000010	0.999990	LD_0.9_2_1853
QG2893	0.999990	0.000010	LD_0.9_2_1853
QG2895	0.000010	0.999990	LD_0.9_2_1853
QG2902	0.000010	0.999990	LD_0.9_2_1853
QG2903	0.000010	0.999990	LD_0.9_2_1853
QG2906	0.000010	0.999990	LD_0.9_2_1853
QG2908	0.999990	0.000010	LD_0.9_2_1853
QG2910	0.000010	0.999990	LD_0.9_2_1853
QG2919	0.999990	0.000010	LD_0.9_2_1853
QG2923	0.000010	0.999990	LD_0.9_2_1853
QG2925	0.000010	0.999990	LD_0.9_2_1853
QG2964	0.000010	0.999990	LD_0.9_2_1853
QG2966	0.000010	0.999990	LD_0.9_2_1853
QG2969	0.000010	0.999990	LD_0.9_2_1853
QG2972	0.000010	0.999990	LD_0.9_2_1853
QG2996	0.000010	0.999990	LD_0.9_2_1853
QG3004	0.000010	0.999990	LD_0.9_2_1853
QG3006	0.000010	0.999990	LD_0.9_2_1853
QG3019	0.000010	0.999990	LD_0.9_2_1853
QG3025	0.000010	0.999990	LD_0.9_2_1853
QG3030	0.000010	0.999990	LD_0.9_2_1853
QG3032	0.000010	0.999990	LD_0.9_2_1853
QG3034	0.000010	0.999990	LD_0.9_2_1853
QG3041	0.000010	0.999990	LD_0.9_2_1853
QG3053	0.000010	0.999990	LD_0.9_2_1853
QG3056	0.000010	0.999990	LD_0.9_2_1853
QG3057	0.000010	0.999990	LD_0.9_2_1853
QG3058	0.000010	0.999990	LD_0.9_2_1853
QG3527	0.000010	0.999990	LD_0.9_2_1853
QG3661	0.619088	0.380912	LD_0.9_2_1853
QG3783	0.000010	0.999990	LD_0.9_2_1853
QG3801	0.000010	0.999990	LD_0.9_2_1853
QG3815	0.000010	0.999990	LD_0.9_2_1853
QG3816	0.000010	0.999990	LD_0.9_2_1853
QG3823	0.000010	0.999990	LD_0.9_2_1853
QG3825	0.000010	0.999990	LD_0.9_2_1853
QG3826	0.000010	0.999990	LD_0.9_2_1853
QG3837	0.000010	0.999990	LD_0.9_2_1853
QG3851	0.000010	0.999990	LD_0.9_2_1853
QG3861	0.000010	0.999990	LD_0.9_2_1853
QG3867	0.000010	0.999990	LD_0.9_2_1853
QG3874	0.000010	0.999990	LD_0.9_2_1853
QG3875	0.000010	0.999990	LD_0.9_2_1853
QG3876	0.000010	0.999990	LD_0.9_2_1853
QG3878	0.000010	0.999990	LD_0.9_2_1853
QG3920	0.000010	0.999990	LD_0.9_2_1853
QG3921	0.000010	0.999990	LD_0.9_2_1853
QG3923	0.000010	0.999990	LD_0.9_2_1853
QG3924	0.000010	0.999990	LD_0.9_2_1853
QG3925	0.000010	0.999990	LD_0.9_2_1853
QG3926	0.000010	0.999990	LD_0.9_2_1853
QG3927	0.000010	0.999990	LD_0.9_2_1853
QG3931	0.000010	0.999990	LD_0.9_2_1853
QG3932	0.000010	0.999990	LD_0.9_2_1853
QG3933	0.000010	0.999990	LD_0.9_2_1853
QG4026	0.999990	0.000010	LD_0.9_2_1853
QG4028	0.999990	0.000010	LD_0.9_2_1853
QG4031	0.999990	0.000010	LD_0.9_2_1853
QG4063	0.999990	0.000010	LD_0.9_2_1853
QG4064	0.999990	0.000010	LD_0.9_2_1853
QG4067	0.999990	0.000010	LD_0.9_2_1853
QG4068	0.999990	0.000010	LD_0.9_2_1853
QG4070	0.000010	0.999990	LD_0.9_2_1853
QG4093	0.999990	0.000010	LD_0.9_2_1853
QG4094	0.999990	0.000010	LD_0.9_2_1853
QG4095	0.999990	0.000010	LD_0.9_2_1853
QG4096	0.999990	0.000010	LD_0.9_2_1853
QG4097	0.999990	0.000010	LD_0.9_2_1853
QG4104	0.999990	0.000010	LD_0.9_2_1853
QG4114	0.999990	0.000010	LD_0.9_2_1853
QG4131	0.999990	0.000010	LD_0.9_2_1853
QG4132	0.999990	0.000010	LD_0.9_2_1853
QG4208	0.999990	0.000010	LD_0.9_2_1853
QG4214	0.999990	0.000010	LD_0.9_2_1853
QG4225	0.999990	0.000010	LD_0.9_2_1853
QG4232	0.999990	0.000010	LD_0.9_2_1853
QG4233	0.999990	0.000010	LD_0.9_2_1853
QG4647	0.000010	0.999990	LD_0.9_2_1853
QG4648	0.000010	0.999990	LD_0.9_2_1853
QG4683	0.000010	0.999990	LD_0.9_2_1853
QG4701	0.000010	0.999990	LD_0.9_2_1853
QG4706	0.000010	0.999990	LD_0.9_2_1853
QG4718	0.000010	0.999990	LD_0.9_2_1853
QG4742	0.000010	0.999990	LD_0.9_2_1853
QG4805	0.000010	0.999990	LD_0.9_2_1853
QG4847	0.000010	0.999990	LD_0.9_2_1853
QG4966	0.000010	0.999990	LD_0.9_2_1853
QG5348	0.000010	0.999990	LD_0.9_2_1853
QG5406	0.000010	0.999990	LD_0.9_2_1853
QG547	0.624932	0.375068	LD_0.9_2_1853
QG5474	0.000010	0.999990	LD_0.9_2_1853
QG5488	0.000010	0.999990	LD_0.9_2_1853
QG550	0.000010	0.999990	LD_0.9_2_1853
QG5507	0.000010	0.999990	LD_0.9_2_1853
QG5525	0.000010	0.999990	LD_0.9_2_1853
QG5589	0.000010	0.999990	LD_0.9_2_1853
QG5603	0.000010	0.999990	LD_0.9_2_1853
QG5611	0.000010	0.999990	LD_0.9_2_1853
QG5612	0.000010	0.999990	LD_0.9_2_1853
QG5633	0.000010	0.999990	LD_0.9_2_1853
QG581	0.625718	0.374282	LD_0.9_2_1853
QG588	0.618635	0.381365	LD_0.9_2_1853
QG700	0.000010	0.999990	LD_0.9_2_1853
QG727	0.000010	0.999990	LD_0.9_2_1853
QG733	0.000010	0.999990	LD_0.9_2_1853
QG736	0.000010	0.999990	LD_0.9_2_1853
QG737	0.000010	0.999990	LD_0.9_2_1853
QG739	0.000010	0.999990	LD_0.9_2_1853
QG761	0.000010	0.999990	LD_0.9_2_1853
QG763	0.000010	0.999990	LD_0.9_2_1853
QG776	0.000010	0.999990	LD_0.9_2_1853
QG781	0.000010	0.999990	LD_0.9_2_1853
QG784	0.000010	0.999990	LD_0.9_2_1853
QG786	0.000010	0.999990	LD_0.9_2_1853
QG788	0.000010	0.999990	LD_0.9_2_1853
QG790	0.000010	0.999990	LD_0.9_2_1853
QG791	0.000010	0.999990	LD_0.9_2_1853
QG795	0.000010	0.999990	LD_0.9_2_1853
QG797	0.000010	0.999990	LD_0.9_2_1853
QG802	0.000010	0.999990	LD_0.9_2_1853
QG804	0.000010	0.999990	LD_0.9_2_1853
QG806	0.000010	0.999990	LD_0.9_2_1853
QG807	0.000010	0.999990	LD_0.9_2_1853
QG808	0.000010	0.999990	LD_0.9_2_1853
QG809	0.000010	0.999990	LD_0.9_2_1853
QG825	0.000010	0.999990	LD_0.9_2_1853
QG827	0.000010	0.999990	LD_0.9_2_1853
QG828	0.000010	0.999990	LD_0.9_2_1853
QG833	0.000010	0.999990	LD_0.9_2_1853
QG855	0.000010	0.999990	LD_0.9_2_1853
QG856	0.000010	0.999990	LD_0.9_2_1853
QG858	0.000010	0.999990	LD_0.9_2_1853
QG860	0.000010	0.999990	LD_0.9_2_1853
QG864	0.000010	0.999990	LD_0.9_2_1853
QG865	0.000010	0.999990	LD_0.9_2_1853
QG866	0.000010	0.999990	LD_0.9_2_1853
QG868	0.000010	0.999990	LD_0.9_2_1853
QG874	0.000010	0.999990	LD_0.9_2_1853
QG875	0.000010	0.999990	LD_0.9_2_1853
QG878	0.000010	0.999990	LD_0.9_2_1853
QG879	0.000010	0.999990	LD_0.9_2_1853
QG880	0.000010	0.999990	LD_0.9_2_1853
QG881	0.000010	0.999990	LD_0.9_2_1853
QG887	0.000010	0.999990	LD_0.9_2_1853
QG888	0.000010	0.999990	LD_0.9_2_1853
QG926	0.000010	0.999990	LD_0.9_2_1853
QG927	0.000010	0.999990	LD_0.9_2_1853
QG933	0.000010	0.999990	LD_0.9_2_1853
QG937	0.000010	0.999990	LD_0.9_2_1853
QG945	0.000010	0.999990	LD_0.9_2_1853
QG946	0.000010	0.999990	LD_0.9_2_1853
QG947	0.000010	0.999990	LD_0.9_2_1853
QG948	0.000010	0.999990	LD_0.9_2_1853
QG952	0.000010	0.999990	LD_0.9_2_1853
QG978	0.000010	0.999990	LD_0.9_2_1853
QG980	0.000010	0.999990	LD_0.9_2_1853
QG986	0.000010	0.999990	LD_0.9_2_1853
QG991	0.000010	0.999990	LD_0.9_2_1853
QG994	0.000010	0.999990	LD_0.9_2_1853
QG995	0.000010	0.999990	LD_0.9_2_1853
QG997	0.000010	0.999990	LD_0.9_2_1853
QG998	0.000010	0.999990	LD_0.9_2_1853
QR25	0.609592	0.390408	LD_0.9_2_1853
QX1410	0.000010	0.999990	LD_0.9_2_1853
QX1547	0.623934	0.376066	LD_0.9_2_1853
QX1795	0.000010	0.999990	LD_0.9_2_1853
QX1796	0.000010	0.999990	LD_0.9_2_1853
QX1798	0.261977	0.738023	LD_0.9_2_1853
QX1800	0.000010	0.999990	LD_0.9_2_1853
QX1801	0.000010	0.999990	LD_0.9_2_1853
QX1802	0.000010	0.999990	LD_0.9_2_1853
QX1803	0.000010	0.999990	LD_0.9_2_1853
QX1804	0.000010	0.999990	LD_0.9_2_1853
SOW18	0.619629	0.380371	LD_0.9_2_1853
SOW21	0.617328	0.382672	LD_0.9_2_1853
SOW22	0.617332	0.382668	LD_0.9_2_1853
TT3408	0.000010	0.999990	LD_0.9_2_1853
TT3411	0.000010	0.999990	LD_0.9_2_1853
TWN1772	0.278098	0.721902	LD_0.9_2_1853
TWN1824	0.598082	0.401918	LD_0.9_2_1853
TWN1899	0.598448	0.401552	LD_0.9_2_1853
TWN1907	0.285774	0.714226	LD_0.9_2_1853
TWN2919	0.298467	0.701533	LD_0.9_2_1853
TWN3077	0.292732	0.707268	LD_0.9_2_1853
UH1	0.247376	0.752624	LD_0.9_2_1853
VSL2201	0.000010	0.999990	LD_0.9_2_1853
VSL2207	0.999990	0.000010	LD_0.9_2_1853
VSL2209	0.999990	0.000010	LD_0.9_2_1853
VSL2210	0.000010	0.999990	LD_0.9_2_1853
VSL2212	0.000010	0.999990	LD_0.9_2_1853
VSL2213	0.000010	0.999990	LD_0.9_2_1853
VSL2215	0.000010	0.999990	LD_0.9_2_1853
VSL2216	0.000010	0.999990	LD_0.9_2_1853
VSL2217	0.000010	0.999990	LD_0.9_2_1853
VSL2219	0.000010	0.999990	LD_0.9_2_1853
VT847	0.000010	0.999990	LD_0.9_2_1853
VX34	0.618398	0.381602	LD_0.9_2_1853
XZ1204	0.000010	0.999990	LD_0.9_2_1853
XZ1205	0.000010	0.999990	LD_0.9_2_1853
XZ1206	0.000010	0.999990	LD_0.9_2_1853
XZ1207	0.000010	0.999990	LD_0.9_2_1853
XZ1210	0.000010	0.999990	LD_0.9_2_1853
XZ1212	0.000010	0.999990	LD_0.9_2_1853
XZ1213	0.000010	0.999990	LD_0.9_2_1853
XZ1731	0.000010	0.999990	LD_0.9_2_1853
XZ1732	0.000010	0.999990	LD_0.9_2_1853
ZZY0992	0.000010	0.999990	LD_0.9_2_1853
ZZY1034	0.000010	0.999990	LD_0.9_2_1853
ZZY1075	0.000010	0.999990	LD_0.9_2_1853
ZZY1123	0.000010	0.999990	LD_0.9_2_1853
ZZY1130	0.000010	0.999990	LD_0.9_2_1853
ZZY405	0.000010	0.999990	LD_0.9_2_1853
AF16	0.000010	0.999990	LD_0.9_2_1884
BRC20069	0.000010	0.999990	LD_0.9_2_1884
BRC20073	0.000010	0.999990	LD_0.9_2_1884
BRC20075	0.386902	0.613098	LD_0.9_2_1884
BRC20077	0.000010	0.999990	LD_0.9_2_1884
BRC20081	0.000010	0.999990	LD_0.9_2_1884
BRC20085	0.000010	0.999990	LD_0.9_2_1884
BRC20088	0.000010	0.999990	LD_0.9_2_1884
BRC20089	0.000010	0.999990	LD_0.9_2_1884
BRC20090	0.000010	0.999990	LD_0.9_2_1884
BRC20092	0.000010	0.999990	LD_0.9_2_1884
BRC20093	0.000010	0.999990	LD_0.9_2_1884
BRC20094	0.000010	0.999990	LD_0.9_2_1884
BRC20095	0.000010	0.999990	LD_0.9_2_1884
BRC20096	0.000010	0.999990	LD_0.9_2_1884
BRC20098	0.000010	0.999990	LD_0.9_2_1884
BRC20099	0.000010	0.999990	LD_0.9_2_1884
BRC20100	0.000010	0.999990	LD_0.9_2_1884
BRC20102	0.000010	0.999990	LD_0.9_2_1884
BRC20103	0.000010	0.999990	LD_0.9_2_1884
BRC20105	0.000010	0.999990	LD_0.9_2_1884
BRC20107	0.000010	0.999990	LD_0.9_2_1884
BRC20115	0.380151	0.619849	LD_0.9_2_1884
BRC20119	0.000010	0.999990	LD_0.9_2_1884
BRC20228	0.000010	0.999990	LD_0.9_2_1884
BRC20229	0.382253	0.617747	LD_0.9_2_1884
BRC20230	0.000010	0.999990	LD_0.9_2_1884
BRC20232	0.385480	0.614520	LD_0.9_2_1884
BRC20238	0.000010	0.999990	LD_0.9_2_1884
BRC20239	0.386952	0.613048	LD_0.9_2_1884
BRC20241	0.000010	0.999990	LD_0.9_2_1884
BRC20242	0.000010	0.999990	LD_0.9_2_1884
BRC20244	0.000010	0.999990	LD_0.9_2_1884
BRC20246	0.000010	0.999990	LD_0.9_2_1884
BRC20257	0.000010	0.999990	LD_0.9_2_1884
BRC20260	0.000010	0.999990	LD_0.9_2_1884
BRC20270	0.000010	0.999990	LD_0.9_2_1884
BRC20272	0.000010	0.999990	LD_0.9_2_1884
BRC20289	0.000010	0.999990	LD_0.9_2_1884
BRC20290	0.000010	0.999990	LD_0.9_2_1884
BRC20294	0.000010	0.999990	LD_0.9_2_1884
BRC20308	0.000010	0.999990	LD_0.9_2_1884
BRC20309	0.000010	0.999990	LD_0.9_2_1884
BRC20311	0.000010	0.999990	LD_0.9_2_1884
BRC20312	0.000010	0.999990	LD_0.9_2_1884
BRC20315	0.000010	0.999990	LD_0.9_2_1884
BRC20320	0.000010	0.999990	LD_0.9_2_1884
BRC20324	0.243080	0.756920	LD_0.9_2_1884
BRC20331	0.000010	0.999990	LD_0.9_2_1884
BRC20333	0.000010	0.999990	LD_0.9_2_1884
BRC20334	0.000010	0.999990	LD_0.9_2_1884
BRC20339	0.000010	0.999990	LD_0.9_2_1884
BRC20341	0.000010	0.999990	LD_0.9_2_1884
BRC20343	0.380305	0.619695	LD_0.9_2_1884
BRC20346	0.000010	0.999990	LD_0.9_2_1884
BRC20347	0.385394	0.614606	LD_0.9_2_1884
BRC20348	0.000010	0.999990	LD_0.9_2_1884
BRC20353	0.000010	0.999990	LD_0.9_2_1884
BRC20360	0.000010	0.999990	LD_0.9_2_1884
BRC20361	0.000010	0.999990	LD_0.9_2_1884
BRC20362	0.000010	0.999990	LD_0.9_2_1884
BRC20366	0.000010	0.999990	LD_0.9_2_1884
BRC20367	0.000010	0.999990	LD_0.9_2_1884
BRC20369	0.000010	0.999990	LD_0.9_2_1884
BRC20370	0.000010	0.999990	LD_0.9_2_1884
BRC20388	0.394776	0.605224	LD_0.9_2_1884
BRC20390	0.000010	0.999990	LD_0.9_2_1884
BRC20401	0.000010	0.999990	LD_0.9_2_1884
BRC20463	0.000010	0.999990	LD_0.9_2_1884
BRC20492	0.375879	0.624121	LD_0.9_2_1884
BRC20499	0.000010	0.999990	LD_0.9_2_1884
BRC20501	0.000010	0.999990	LD_0.9_2_1884
BRC20502	0.384632	0.615368	LD_0.9_2_1884
BRC20503	0.384186	0.615814	LD_0.9_2_1884
BRC20519	0.376935	0.623065	LD_0.9_2_1884
BRC20520	0.375908	0.624092	LD_0.9_2_1884
BRC20522	0.379944	0.620056	LD_0.9_2_1884
BRC20524	0.381007	0.618993	LD_0.9_2_1884
BRC20529	0.000010	0.999990	LD_0.9_2_1884
BRC20530	0.385699	0.614301	LD_0.9_2_1884
BRC20531	0.385905	0.614095	LD_0.9_2_1884
BRC20532	0.000010	0.999990	LD_0.9_2_1884
BRC20533	0.000010	0.999990	LD_0.9_2_1884
BRC20534	0.000010	0.999990	LD_0.9_2_1884
BRC20535	0.000010	0.999990	LD_0.9_2_1884
BRC20536	0.000010	0.999990	LD_0.9_2_1884
BRC20537	0.000010	0.999990	LD_0.9_2_1884
BRC20541	0.373793	0.626207	LD_0.9_2_1884
BRC20543	0.000010	0.999990	LD_0.9_2_1884
BRC20544	0.000010	0.999990	LD_0.9_2_1884
BRC20545	0.000010	0.999990	LD_0.9_2_1884
BRC20556	0.000010	0.999990	LD_0.9_2_1884
BRC20557	0.000010	0.999990	LD_0.9_2_1884
BRC20565	0.000010	0.999990	LD_0.9_2_1884
BRC20571	0.000010	0.999990	LD_0.9_2_1884
BRC20574	0.000010	0.999990	LD_0.9_2_1884
BW287	0.399396	0.600604	LD_0.9_2_1884
DF5100	0.000010	0.999990	LD_0.9_2_1884
ECA1129	0.000010	0.999990	LD_0.9_2_1884
ECA1143	0.000010	0.999990	LD_0.9_2_1884
ECA1147	0.000010	0.999990	LD_0.9_2_1884
ECA1149	0.000010	0.999990	LD_0.9_2_1884
ECA1160	0.000010	0.999990	LD_0.9_2_1884
ECA1164	0.000010	0.999990	LD_0.9_2_1884
ECA1170	0.000010	0.999990	LD_0.9_2_1884
ECA1174	0.000010	0.999990	LD_0.9_2_1884
ECA1383	0.000010	0.999990	LD_0.9_2_1884
ECA1411	0.000010	0.999990	LD_0.9_2_1884
ECA1423	0.000010	0.999990	LD_0.9_2_1884
ECA1429	0.000010	0.999990	LD_0.9_2_1884
ECA1431	0.000010	0.999990	LD_0.9_2_1884
ECA1437	0.000010	0.999990	LD_0.9_2_1884
ECA1439	0.000010	0.999990	LD_0.9_2_1884
ECA1443	0.000010	0.999990	LD_0.9_2_1884
ECA1471	0.000010	0.999990	LD_0.9_2_1884
ECA1489	0.000010	0.999990	LD_0.9_2_1884
ECA1507	0.000010	0.999990	LD_0.9_2_1884
ECA1509	0.000010	0.999990	LD_0.9_2_1884
ECA1517	0.000010	0.999990	LD_0.9_2_1884
ECA1521	0.000010	0.999990	LD_0.9_2_1884
ECA1555	0.000010	0.999990	LD_0.9_2_1884
ECA1559	0.000010	0.999990	LD_0.9_2_1884
ECA1563	0.000010	0.999990	LD_0.9_2_1884
ECA1571	0.000010	0.999990	LD_0.9_2_1884
ECA1587	0.000010	0.999990	LD_0.9_2_1884
ECA1605	0.000010	0.999990	LD_0.9_2_1884
ECA1609	0.000010	0.999990	LD_0.9_2_1884
ECA161	0.000010	0.999990	LD_0.9_2_1884
ECA1611	0.000010	0.999990	LD_0.9_2_1884
ECA1615	0.000010	0.999990	LD_0.9_2_1884
ECA162	0.000010	0.999990	LD_0.9_2_1884
ECA1621	0.000010	0.999990	LD_0.9_2_1884
ECA163	0.439018	0.560982	LD_0.9_2_1884
ECA1637	0.000010	0.999990	LD_0.9_2_1884
ECA1657	0.000010	0.999990	LD_0.9_2_1884
ECA1701	0.000010	0.999990	LD_0.9_2_1884
ECA175	0.000010	0.999990	LD_0.9_2_1884
ECA176	0.000010	0.999990	LD_0.9_2_1884
ECA177	0.000010	0.999990	LD_0.9_2_1884
ECA180	0.000010	0.999990	LD_0.9_2_1884
ECA182	0.000010	0.999990	LD_0.9_2_1884
ECA183	0.000010	0.999990	LD_0.9_2_1884
ECA185	0.000010	0.999990	LD_0.9_2_1884
ECA186	0.000010	0.999990	LD_0.9_2_1884
ECA2083	0.000010	0.999990	LD_0.9_2_1884
ECA2093	0.000010	0.999990	LD_0.9_2_1884
ECA2115	0.000010	0.999990	LD_0.9_2_1884
ECA2299	0.000010	0.999990	LD_0.9_2_1884
ECA2373	0.000010	0.999990	LD_0.9_2_1884
ECA2385	0.000010	0.999990	LD_0.9_2_1884
ECA2425	0.000010	0.999990	LD_0.9_2_1884
ECA2617	0.999990	0.000010	LD_0.9_2_1884
ECA2618	0.999990	0.000010	LD_0.9_2_1884
ECA2621	0.999990	0.000010	LD_0.9_2_1884
ECA2623	0.000010	0.999990	LD_0.9_2_1884
ECA2625	0.000010	0.999990	LD_0.9_2_1884
ECA2626	0.000010	0.999990	LD_0.9_2_1884
ECA2636	0.000010	0.999990	LD_0.9_2_1884
ECA2637	0.000010	0.999990	LD_0.9_2_1884
ECA2639	0.999990	0.000010	LD_0.9_2_1884
ECA2645	0.000010	0.999990	LD_0.9_2_1884
ECA2647	0.999990	0.000010	LD_0.9_2_1884
ECA2663	0.000010	0.999990	LD_0.9_2_1884
ECA2664	0.000010	0.999990	LD_0.9_2_1884
ECA2666	0.999990	0.000010	LD_0.9_2_1884
ECA2667	0.000010	0.999990	LD_0.9_2_1884
ECA2670	0.999990	0.000010	LD_0.9_2_1884
ECA276	0.437309	0.562691	LD_0.9_2_1884
ECA278	0.396158	0.603842	LD_0.9_2_1884
ECA2808	0.000010	0.999990	LD_0.9_2_1884
ECA287	0.000010	0.999990	LD_0.9_2_1884
ECA288	0.000010	0.999990	LD_0.9_2_1884
ECA2883	0.000010	0.999990	LD_0.9_2_1884
ECA2890	0.000010	0.999990	LD_0.9_2_1884
ECA2894	0.000010	0.999990	LD_0.9_2_1884
ECA2936	0.000010	0.999990	LD_0.9_2_1884
ECA2975	0.000010	0.999990	LD_0.9_2_1884
ECA3091	0.000010	0.999990	LD_0.9_2_1884
ECA343	0.000010	0.999990	LD_0.9_2_1884
ECA346	0.000010	0.999990	LD_0.9_2_1884
ECA3502	0.000010	0.999990	LD_0.9_2_1884
ECA3503	0.000010	0.999990	LD_0.9_2_1884
ECA3509	0.000010	0.999990	LD_0.9_2_1884
ECA3708	0.000010	0.999990	LD_0.9_2_1884
ECA371	0.000010	0.999990	LD_0.9_2_1884
ECA3712	0.000010	0.999990	LD_0.9_2_1884
ECA3713	0.000010	0.999990	LD_0.9_2_1884
ECA3899	0.000010	0.999990	LD_0.9_2_1884
ECA4382	0.000010	0.999990	LD_0.9_2_1884
ECA4390	0.000010	0.999990	LD_0.9_2_1884
ECA4394	0.000010	0.999990	LD_0.9_2_1884
ECA4402	0.000010	0.999990	LD_0.9_2_1884
ECA569	0.395735	0.604265	LD_0.9_2_1884
ED3032	0.000010	0.999990	LD_0.9_2_1884
ED3037	0.000010	0.999990	LD_0.9_2_1884
ED3088	0.000010	0.999990	LD_0.9_2_1884
ED3102	0.453228	0.546772	LD_0.9_2_1884
EG4360	0.401342	0.598658	LD_0.9_2_1884
EG5612	0.000010	0.999990	LD_0.9_2_1884
EG5613	0.000010	0.999990	LD_0.9_2_1884
EG6179	0.000010	0.999990	LD_0.9_2_1884
EG6260	0.000010	0.999990	LD_0.9_2_1884
EG6261	0.000010	0.999990	LD_0.9_2_1884
EG6265	0.000010	0.999990	LD_0.9_2_1884
EG6267	0.000010	0.999990	LD_0.9_2_1884
EG6271	0.000010	0.999990	LD_0.9_2_1884
EG6272	0.000010	0.999990	LD_0.9_2_1884
EG6274	0.000010	0.999990	LD_0.9_2_1884
EG6275	0.000010	0.999990	LD_0.9_2_1884
EG6276	0.000010	0.999990	LD_0.9_2_1884
EG6329	0.000010	0.999990	LD_0.9_2_1884
GUN124	0.392408	0.607592	LD_0.9_2_1884
GXW22	0.000010	0.999990	LD_0.9_2_1884
GXW23	0.000010	0.999990	LD_0.9_2_1884
HK104	0.398268	0.601732	LD_0.9_2_1884
HPT11	0.442090	0.557910	LD_0.9_2_1884
HPT16	0.000010	0.999990	LD_0.9_2_1884
HPT18	0.435868	0.564132	LD_0.9_2_1884
HPT19	0.000010	0.999990	LD_0.9_2_1884
HPT2	0.000010	0.999990	LD_0.9_2_1884
HPT21	0.000010	0.999990	LD_0.9_2_1884
HPT24	0.440258	0.559742	LD_0.9_2_1884
HPT34	0.000010	0.999990	LD_0.9_2_1884
HPT37	0.000010	0.999990	LD_0.9_2_1884
HPT4	0.000010	0.999990	LD_0.9_2_1884
HPT42	0.000010	0.999990	LD_0.9_2_1884
HPT52	0.000010	0.999990	LD_0.9_2_1884
HPT53	0.000010	0.999990	LD_0.9_2_1884
HPT54	0.000010	0.999990	LD_0.9_2_1884
HPT55	0.000010	0.999990	LD_0.9_2_1884
HPT59	0.000010	0.999990	LD_0.9_2_1884
HPT60	0.000010	0.999990	LD_0.9_2_1884
HPT62	0.000010	0.999990	LD_0.9_2_1884
HPT63	0.000010	0.999990	LD_0.9_2_1884
HPT7	0.000010	0.999990	LD_0.9_2_1884
HPT8	0.000010	0.999990	LD_0.9_2_1884
HPT9	0.000010	0.999990	LD_0.9_2_1884
JU1085	0.401307	0.598693	LD_0.9_2_1884
JU1337	0.000010	0.999990	LD_0.9_2_1884
JU1338	0.000010	0.999990	LD_0.9_2_1884
JU1341	0.999990	0.000010	LD_0.9_2_1884
JU1346	0.000010	0.999990	LD_0.9_2_1884
JU1347	0.000010	0.999990	LD_0.9_2_1884
JU1348	0.999990	0.000010	LD_0.9_2_1884
JU1375	0.000010	0.999990	LD_0.9_2_1884
JU1377	0.000010	0.999990	LD_0.9_2_1884
JU1378	0.000010	0.999990	LD_0.9_2_1884
JU1392	0.000010	0.999990	LD_0.9_2_1884
JU1399	0.000010	0.999990	LD_0.9_2_1884
JU1424	0.000010	0.999990	LD_0.9_2_1884
JU1435	0.000010	0.999990	LD_0.9_2_1884
JU1564	0.393279	0.606721	LD_0.9_2_1884
JU1637	0.000010	0.999990	LD_0.9_2_1884
JU1638	0.000010	0.999990	LD_0.9_2_1884
JU1794	0.000010	0.999990	LD_0.9_2_1884
JU1795	0.000010	0.999990	LD_0.9_2_1884
JU1799	0.000010	0.999990	LD_0.9_2_1884
JU1802	0.000010	0.999990	LD_0.9_2_1884
JU1814	0.000010	0.999990	LD_0.9_2_1884
JU1884	0.000010	0.999990	LD_0.9_2_1884
JU1885	0.000010	0.999990	LD_0.9_2_1884
JU1907	0.000010	0.999990	LD_0.9_2_1884
JU1908	0.000010	0.999990	LD_0.9_2_1884
JU1909	0.000010	0.999990	LD_0.9_2_1884
JU1913	0.000010	0.999990	LD_0.9_2_1884
JU2053	0.000010	0.999990	LD_0.9_2_1884
JU2054	0.000010	0.999990	LD_0.9_2_1884
JU2056	0.000010	0.999990	LD_0.9_2_1884
JU2057	0.000010	0.999990	LD_0.9_2_1884
JU2160	0.000010	0.999990	LD_0.9_2_1884
JU2162	0.000010	0.999990	LD_0.9_2_1884
JU2214	0.000010	0.999990	LD_0.9_2_1884
JU2216	0.000010	0.999990	LD_0.9_2_1884
JU2457	0.178843	0.821157	LD_0.9_2_1884
JU2470	0.001903	0.998097	LD_0.9_2_1884
JU2472	0.000010	0.999990	LD_0.9_2_1884
JU2507	0.000010	0.999990	LD_0.9_2_1884
JU2518	0.000010	0.999990	LD_0.9_2_1884
JU2536	0.395950	0.604050	LD_0.9_2_1884
JU2618	0.000010	0.999990	LD_0.9_2_1884
JU2799	0.000010	0.999990	LD_0.9_2_1884
JU2836	0.000010	0.999990	LD_0.9_2_1884
JU2849	0.000010	0.999990	LD_0.9_2_1884
JU2861	0.000010	0.999990	LD_0.9_2_1884
JU2868	0.000010	0.999990	LD_0.9_2_1884
JU2872	0.397122	0.602878	LD_0.9_2_1884
JU2910	0.000010	0.999990	LD_0.9_2_1884
JU3168	0.469284	0.530716	LD_0.9_2_1884
JU3171	0.000010	0.999990	LD_0.9_2_1884
JU3199	0.999990	0.000010	LD_0.9_2_1884
JU3200	0.999990	0.000010	LD_0.9_2_1884
JU3201	0.999990	0.000010	LD_0.9_2_1884
JU3202	0.999990	0.000010	LD_0.9_2_1884
JU3203	0.999990	0.000010	LD_0.9_2_1884
JU3206	0.999990	0.000010	LD_0.9_2_1884
JU3207	0.000010	0.999990	LD_0.9_2_1884
JU3237	0.000010	0.999990	LD_0.9_2_1884
JU3281	0.000010	0.999990	LD_0.9_2_1884
JU3319	0.000010	0.999990	LD_0.9_2_1884
JU3321	0.000010	0.999990	LD_0.9_2_1884
JU3326	0.407904	0.592096	LD_0.9_2_1884
JU3327	0.000010	0.999990	LD_0.9_2_1884
JU3416	0.409219	0.590781	LD_0.9_2_1884
JU4042	0.000010	0.999990	LD_0.9_2_1884
JU4051	0.000010	0.999990	LD_0.9_2_1884
JU4058	0.003374	0.996626	LD_0.9_2_1884
JU4060	0.000010	0.999990	LD_0.9_2_1884
JU4062	0.000010	0.999990	LD_0.9_2_1884
JU4064	0.000010	0.999990	LD_0.9_2_1884
JU4080	0.000010	0.999990	LD_0.9_2_1884
JU4084	0.000010	0.999990	LD_0.9_2_1884
JU4097	0.000010	0.999990	LD_0.9_2_1884
JU725	0.000010	0.999990	LD_0.9_2_1884
MY2716	0.000010	0.999990	LD_0.9_2_1884
MY539	0.000010	0.999990	LD_0.9_2_1884
NIC1050	0.000010	0.999990	LD_0.9_2_1884
NIC1052	0.000010	0.999990	LD_0.9_2_1884
NIC1054	0.000010	0.999990	LD_0.9_2_1884
NIC1055	0.000010	0.999990	LD_0.9_2_1884
NIC1057	0.000010	0.999990	LD_0.9_2_1884
NIC1058	0.000010	0.999990	LD_0.9_2_1884
NIC1059	0.000010	0.999990	LD_0.9_2_1884
NIC1060	0.000010	0.999990	LD_0.9_2_1884
NIC1062	0.000010	0.999990	LD_0.9_2_1884
NIC1069	0.000010	0.999990	LD_0.9_2_1884
NIC1103	0.000010	0.999990	LD_0.9_2_1884
NIC1104	0.000010	0.999990	LD_0.9_2_1884
NIC1106	0.000010	0.999990	LD_0.9_2_1884
NIC1117	0.000010	0.999990	LD_0.9_2_1884
NIC1123	0.000010	0.999990	LD_0.9_2_1884
NIC1124	0.000010	0.999990	LD_0.9_2_1884
NIC1135	0.000010	0.999990	LD_0.9_2_1884
NIC1138	0.000010	0.999990	LD_0.9_2_1884
NIC1141	0.000010	0.999990	LD_0.9_2_1884
NIC115	0.000010	0.999990	LD_0.9_2_1884
NIC117	0.000010	0.999990	LD_0.9_2_1884
NIC1183	0.000010	0.999990	LD_0.9_2_1884
NIC119	0.000010	0.999990	LD_0.9_2_1884
NIC1190	0.000010	0.999990	LD_0.9_2_1884
NIC1202	0.000010	0.999990	LD_0.9_2_1884
NIC1204	0.000010	0.999990	LD_0.9_2_1884
NIC1205	0.000010	0.999990	LD_0.9_2_1884
NIC1218	0.000010	0.999990	LD_0.9_2_1884
NIC1220	0.000010	0.999990	LD_0.9_2_1884
NIC1221	0.000010	0.999990	LD_0.9_2_1884
NIC123	0.000010	0.999990	LD_0.9_2_1884
NIC1267	0.000010	0.999990	LD_0.9_2_1884
NIC1283	0.000010	0.999990	LD_0.9_2_1884
NIC1288	0.000010	0.999990	LD_0.9_2_1884
NIC1292	0.000010	0.999990	LD_0.9_2_1884
NIC1302	0.000010	0.999990	LD_0.9_2_1884
NIC1304	0.000010	0.999990	LD_0.9_2_1884
NIC1308	0.000010	0.999990	LD_0.9_2_1884
NIC1407	0.000010	0.999990	LD_0.9_2_1884
NIC1421	0.000010	0.999990	LD_0.9_2_1884
NIC1423	0.000010	0.999990	LD_0.9_2_1884
NIC1442	0.000010	0.999990	LD_0.9_2_1884
NIC1491	0.000010	0.999990	LD_0.9_2_1884
NIC1525	0.000010	0.999990	LD_0.9_2_1884
NIC1528	0.000010	0.999990	LD_0.9_2_1884
NIC1529	0.000010	0.999990	LD_0.9_2_1884
NIC1533	0.000010	0.999990	LD_0.9_2_1884
NIC1535	0.000010	0.999990	LD_0.9_2_1884
NIC1539	0.000010	0.999990	LD_0.9_2_1884
NIC1540	0.381499	0.618501	LD_0.9_2_1884
NIC1562	0.000010	0.999990	LD_0.9_2_1884
NIC1589	0.386619	0.613381	LD_0.9_2_1884
NIC1590	0.000010	0.999990	LD_0.9_2_1884
NIC1591	0.385116	0.614884	LD_0.9_2_1884
NIC1593	0.387174	0.612826	LD_0.9_2_1884
NIC1595	0.000010	0.999990	LD_0.9_2_1884
NIC1598	0.000010	0.999990	LD_0.9_2_1884
NIC1602	0.000010	0.999990	LD_0.9_2_1884
NIC1607	0.378708	0.621292	LD_0.9_2_1884
NIC1628	0.000010	0.999990	LD_0.9_2_1884
NIC1630	0.000010	0.999990	LD_0.9_2_1884
NIC1631	0.000010	0.999990	LD_0.9_2_1884
NIC1632	0.393486	0.606514	LD_0.9_2_1884
NIC1633	0.396899	0.603101	LD_0.9_2_1884
NIC1635	0.398041	0.601959	LD_0.9_2_1884
NIC1645	0.000010	0.999990	LD_0.9_2_1884
NIC1660	0.000010	0.999990	LD_0.9_2_1884
NIC1661	0.000010	0.999990	LD_0.9_2_1884
NIC1662	0.000010	0.999990	LD_0.9_2_1884
NIC1663	0.000010	0.999990	LD_0.9_2_1884
NIC1664	0.385941	0.614059	LD_0.9_2_1884
NIC1665	0.386379	0.613621	LD_0.9_2_1884
NIC1666	0.000010	0.999990	LD_0.9_2_1884
NIC1667	0.000010	0.999990	LD_0.9_2_1884
NIC1681	0.000010	0.999990	LD_0.9_2_1884
NIC1688	0.000010	0.999990	LD_0.9_2_1884
NIC1692	0.000010	0.999990	LD_0.9_2_1884
NIC1693	0.000010	0.999990	LD_0.9_2_1884
NIC17	0.000010	0.999990	LD_0.9_2_1884
NIC174	0.392366	0.607634	LD_0.9_2_1884
NIC187	0.000010	0.999990	LD_0.9_2_1884
NIC188	0.000010	0.999990	LD_0.9_2_1884
NIC19	0.374069	0.625931	LD_0.9_2_1884
NIC191	0.000010	0.999990	LD_0.9_2_1884
NIC20	0.385040	0.614960	LD_0.9_2_1884
NIC21	0.387821	0.612179	LD_0.9_2_1884
NIC22	0.385675	0.614325	LD_0.9_2_1884
NIC2369	0.000010	0.999990	LD_0.9_2_1884
NIC248	0.000010	0.999990	LD_0.9_2_1884
NIC250	0.000010	0.999990	LD_0.9_2_1884
NIC2527	0.000010	0.999990	LD_0.9_2_1884
NIC309	0.000010	0.999990	LD_0.9_2_1884
NIC325	0.000010	0.999990	LD_0.9_2_1884
NIC327	0.000010	0.999990	LD_0.9_2_1884
NIC329	0.000010	0.999990	LD_0.9_2_1884
NIC330	0.000010	0.999990	LD_0.9_2_1884
NIC331	0.000010	0.999990	LD_0.9_2_1884
NIC332	0.000010	0.999990	LD_0.9_2_1884
NIC333	0.000010	0.999990	LD_0.9_2_1884
NIC343	0.000010	0.999990	LD_0.9_2_1884
NIC392	0.000010	0.999990	LD_0.9_2_1884
NIC400	0.000010	0.999990	LD_0.9_2_1884
NIC402	0.000010	0.999990	LD_0.9_2_1884
NIC419	0.000010	0.999990	LD_0.9_2_1884
NIC504	0.000010	0.999990	LD_0.9_2_1884
NIC505	0.000010	0.999990	LD_0.9_2_1884
NIC518	0.000010	0.999990	LD_0.9_2_1884
NIC519	0.000010	0.999990	LD_0.9_2_1884
NIC532	0.000010	0.999990	LD_0.9_2_1884
NIC541	0.000010	0.999990	LD_0.9_2_1884
NIC549	0.000010	0.999990	LD_0.9_2_1884
NIC552	0.000010	0.999990	LD_0.9_2_1884
NIC555	0.000010	0.999990	LD_0.9_2_1884
NIC574	0.000010	0.999990	LD_0.9_2_1884
NIC578	0.000010	0.999990	LD_0.9_2_1884
NIC583	0.000010	0.999990	LD_0.9_2_1884
NIC590	0.000010	0.999990	LD_0.9_2_1884
NIC593	0.000010	0.999990	LD_0.9_2_1884
NIC60	0.000010	0.999990	LD_0.9_2_1884
NIC61	0.000010	0.999990	LD_0.9_2_1884
NIC62	0.000010	0.999990	LD_0.9_2_1884
NIC67	0.000010	0.999990	LD_0.9_2_1884
NIC758	0.000010	0.999990	LD_0.9_2_1884
NIC777	0.000010	0.999990	LD_0.9_2_1884
NIC779	0.000010	0.999990	LD_0.9_2_1884
NIC790	0.000010	0.999990	LD_0.9_2_1884
NIC791	0.000010	0.999990	LD_0.9_2_1884
NIC792	0.000010	0.999990	LD_0.9_2_1884
NIC793	0.000010	0.999990	LD_0.9_2_1884
NIC795	0.000010	0.999990	LD_0.9_2_1884
NIC796	0.000010	0.999990	LD_0.9_2_1884
NIC802	0.000010	0.999990	LD_0.9_2_1884
NIC803	0.000010	0.999990	LD_0.9_2_1884
NIC805	0.000010	0.999990	LD_0.9_2_1884
NIC811	0.000010	0.999990	LD_0.9_2_1884
NIC814	0.000010	0.999990	LD_0.9_2_1884
NIC815	0.000010	0.999990	LD_0.9_2_1884
NIC816	0.386043	0.613957	LD_0.9_2_1884
NIC819	0.371210	0.628790	LD_0.9_2_1884
NIC821	0.000010	0.999990	LD_0.9_2_1884
NIC822	0.000010	0.999990	LD_0.9_2_1884
NIC824	0.000010	0.999990	LD_0.9_2_1884
NIC825	0.387993	0.612007	LD_0.9_2_1884
NIC827	0.382625	0.617375	LD_0.9_2_1884
NIC828	0.385571	0.614429	LD_0.9_2_1884
NIC863	0.000010	0.999990	LD_0.9_2_1884
NIC864	0.000010	0.999990	LD_0.9_2_1884
NIC865	0.000010	0.999990	LD_0.9_2_1884
NIC871	0.000010	0.999990	LD_0.9_2_1884
NIC883	0.000010	0.999990	LD_0.9_2_1884
NIC889	0.000010	0.999990	LD_0.9_2_1884
NIC893	0.381366	0.618634	LD_0.9_2_1884
NIC897	0.000010	0.999990	LD_0.9_2_1884
NIC899	0.396228	0.603772	LD_0.9_2_1884
NIC901	0.000010	0.999990	LD_0.9_2_1884
NIC911	0.000010	0.999990	LD_0.9_2_1884
NIC96	0.000010	0.999990	LD_0.9_2_1884
NIC984	0.000010	0.999990	LD_0.9_2_1884
NIC985	0.000010	0.999990	LD_0.9_2_1884
PB800	0.401604	0.598396	LD_0.9_2_1884
PB857	0.396585	0.603415	LD_0.9_2_1884
PE887	0.000010	0.999990	LD_0.9_2_1884
QG1005	0.000010	0.999990	LD_0.9_2_1884
QG1007	0.000010	0.999990	LD_0.9_2_1884
QG1111	0.000010	0.999990	LD_0.9_2_1884
QG1126	0.000010	0.999990	LD_0.9_2_1884
QG1141	0.000010	0.999990	LD_0.9_2_1884
QG1155	0.000010	0.999990	LD_0.9_2_1884
QG130	0.000010	0.999990	LD_0.9_2_1884
QG132	0.000010	0.999990	LD_0.9_2_1884
QG133	0.000010	0.999990	LD_0.9_2_1884
QG2641	0.000010	0.999990	LD_0.9_2_1884
QG2648	0.000010	0.999990	LD_0.9_2_1884
QG2659	0.000010	0.999990	LD_0.9_2_1884
QG2663	0.000010	0.999990	LD_0.9_2_1884
QG2665	0.000010	0.999990	LD_0.9_2_1884
QG2683	0.000010	0.999990	LD_0.9_2_1884
QG2736	0.000010	0.999990	LD_0.9_2_1884
QG2814	0.000010	0.999990	LD_0.9_2_1884
QG2820	0.000010	0.999990	LD_0.9_2_1884
QG2848	0.000010	0.999990	LD_0.9_2_1884
QG2880	0.000010	0.999990	LD_0.9_2_1884
QG2881	0.000010	0.999990	LD_0.9_2_1884
QG2883	0.000010	0.999990	LD_0.9_2_1884
QG2884	0.000010	0.999990	LD_0.9_2_1884
QG2891	0.999990	0.000010	LD_0.9_2_1884
QG2892	0.000010	0.999990	LD_0.9_2_1884
QG2893	0.999990	0.000010	LD_0.9_2_1884
QG2895	0.000010	0.999990	LD_0.9_2_1884
QG2902	0.000010	0.999990	LD_0.9_2_1884
QG2903	0.000010	0.999990	LD_0.9_2_1884
QG2906	0.000010	0.999990	LD_0.9_2_1884
QG2908	0.999990	0.000010	LD_0.9_2_1884
QG2910	0.000010	0.999990	LD_0.9_2_1884
QG2919	0.999990	0.000010	LD_0.9_2_1884
QG2923	0.000010	0.999990	LD_0.9_2_1884
QG2925	0.000010	0.999990	LD_0.9_2_1884
QG2964	0.000010	0.999990	LD_0.9_2_1884
QG2966	0.000010	0.999990	LD_0.9_2_1884
QG2969	0.000010	0.999990	LD_0.9_2_1884
QG2972	0.000010	0.999990	LD_0.9_2_1884
QG2996	0.000010	0.999990	LD_0.9_2_1884
QG3004	0.000010	0.999990	LD_0.9_2_1884
QG3006	0.000010	0.999990	LD_0.9_2_1884
QG3019	0.000010	0.999990	LD_0.9_2_1884
QG3025	0.000010	0.999990	LD_0.9_2_1884
QG3030	0.000010	0.999990	LD_0.9_2_1884
QG3032	0.000010	0.999990	LD_0.9_2_1884
QG3034	0.000010	0.999990	LD_0.9_2_1884
QG3041	0.000010	0.999990	LD_0.9_2_1884
QG3053	0.000010	0.999990	LD_0.9_2_1884
QG3056	0.000010	0.999990	LD_0.9_2_1884
QG3057	0.000010	0.999990	LD_0.9_2_1884
QG3058	0.000010	0.999990	LD_0.9_2_1884
QG3527	0.000010	0.999990	LD_0.9_2_1884
QG3661	0.395160	0.604840	LD_0.9_2_1884
QG3783	0.000010	0.999990	LD_0.9_2_1884
QG3801	0.000010	0.999990	LD_0.9_2_1884
QG3815	0.000010	0.999990	LD_0.9_2_1884
QG3816	0.000010	0.999990	LD_0.9_2_1884
QG3823	0.000010	0.999990	LD_0.9_2_1884
QG3825	0.000010	0.999990	LD_0.9_2_1884
QG3826	0.000010	0.999990	LD_0.9_2_1884
QG3837	0.000010	0.999990	LD_0.9_2_1884
QG3851	0.000010	0.999990	LD_0.9_2_1884
QG3861	0.000010	0.999990	LD_0.9_2_1884
QG3867	0.000010	0.999990	LD_0.9_2_1884
QG3874	0.000010	0.999990	LD_0.9_2_1884
QG3875	0.000010	0.999990	LD_0.9_2_1884
QG3876	0.000010	0.999990	LD_0.9_2_1884
QG3878	0.000010	0.999990	LD_0.9_2_1884
QG3920	0.000010	0.999990	LD_0.9_2_1884
QG3921	0.000010	0.999990	LD_0.9_2_1884
QG3923	0.000010	0.999990	LD_0.9_2_1884
QG3924	0.000010	0.999990	LD_0.9_2_1884
QG3925	0.000010	0.999990	LD_0.9_2_1884
QG3926	0.000010	0.999990	LD_0.9_2_1884
QG3927	0.000010	0.999990	LD_0.9_2_1884
QG3931	0.000010	0.999990	LD_0.9_2_1884
QG3932	0.000010	0.999990	LD_0.9_2_1884
QG3933	0.000010	0.999990	LD_0.9_2_1884
QG4026	0.999990	0.000010	LD_0.9_2_1884
QG4028	0.999990	0.000010	LD_0.9_2_1884
QG4031	0.999990	0.000010	LD_0.9_2_1884
QG4063	0.999990	0.000010	LD_0.9_2_1884
QG4064	0.999990	0.000010	LD_0.9_2_1884
QG4067	0.999990	0.000010	LD_0.9_2_1884
QG4068	0.999990	0.000010	LD_0.9_2_1884
QG4070	0.000010	0.999990	LD_0.9_2_1884
QG4093	0.999990	0.000010	LD_0.9_2_1884
QG4094	0.999990	0.000010	LD_0.9_2_1884
QG4095	0.999990	0.000010	LD_0.9_2_1884
QG4096	0.999990	0.000010	LD_0.9_2_1884
QG4097	0.999990	0.000010	LD_0.9_2_1884
QG4104	0.999990	0.000010	LD_0.9_2_1884
QG4114	0.999990	0.000010	LD_0.9_2_1884
QG4131	0.999990	0.000010	LD_0.9_2_1884
QG4132	0.999990	0.000010	LD_0.9_2_1884
QG4208	0.999990	0.000010	LD_0.9_2_1884
QG4214	0.999990	0.000010	LD_0.9_2_1884
QG4225	0.999990	0.000010	LD_0.9_2_1884
QG4232	0.999990	0.000010	LD_0.9_2_1884
QG4233	0.999990	0.000010	LD_0.9_2_1884
QG4647	0.000010	0.999990	LD_0.9_2_1884
QG4648	0.000010	0.999990	LD_0.9_2_1884
QG4683	0.000010	0.999990	LD_0.9_2_1884
QG4701	0.000010	0.999990	LD_0.9_2_1884
QG4706	0.000010	0.999990	LD_0.9_2_1884
QG4718	0.000010	0.999990	LD_0.9_2_1884
QG4742	0.000010	0.999990	LD_0.9_2_1884
QG4805	0.000010	0.999990	LD_0.9_2_1884
QG4847	0.000010	0.999990	LD_0.9_2_1884
QG4966	0.000010	0.999990	LD_0.9_2_1884
QG5348	0.000010	0.999990	LD_0.9_2_1884
QG5406	0.000010	0.999990	LD_0.9_2_1884
QG547	0.398693	0.601307	LD_0.9_2_1884
QG5474	0.000010	0.999990	LD_0.9_2_1884
QG5488	0.000010	0.999990	LD_0.9_2_1884
QG550	0.000010	0.999990	LD_0.9_2_1884
QG5507	0.000010	0.999990	LD_0.9_2_1884
QG5525	0.000010	0.999990	LD_0.9_2_1884
QG5589	0.000010	0.999990	LD_0.9_2_1884
QG5603	0.000010	0.999990	LD_0.9_2_1884
QG5611	0.000010	0.999990	LD_0.9_2_1884
QG5612	0.000010	0.999990	LD_0.9_2_1884
QG5633	0.000010	0.999990	LD_0.9_2_1884
QG581	0.398911	0.601089	LD_0.9_2_1884
QG588	0.394258	0.605742	LD_0.9_2_1884
QG700	0.000010	0.999990	LD_0.9_2_1884
QG727	0.000010	0.999990	LD_0.9_2_1884
QG733	0.000010	0.999990	LD_0.9_2_1884
QG736	0.000010	0.999990	LD_0.9_2_1884
QG737	0.000010	0.999990	LD_0.9_2_1884
QG739	0.000010	0.999990	LD_0.9_2_1884
QG761	0.000010	0.999990	LD_0.9_2_1884
QG763	0.000010	0.999990	LD_0.9_2_1884
QG776	0.000010	0.999990	LD_0.9_2_1884
QG781	0.000010	0.999990	LD_0.9_2_1884
QG784	0.000010	0.999990	LD_0.9_2_1884
QG786	0.000010	0.999990	LD_0.9_2_1884
QG788	0.000010	0.999990	LD_0.9_2_1884
QG790	0.000010	0.999990	LD_0.9_2_1884
QG791	0.000010	0.999990	LD_0.9_2_1884
QG795	0.000010	0.999990	LD_0.9_2_1884
QG797	0.000010	0.999990	LD_0.9_2_1884
QG802	0.000010	0.999990	LD_0.9_2_1884
QG804	0.000010	0.999990	LD_0.9_2_1884
QG806	0.000010	0.999990	LD_0.9_2_1884
QG807	0.000010	0.999990	LD_0.9_2_1884
QG808	0.000010	0.999990	LD_0.9_2_1884
QG809	0.000010	0.999990	LD_0.9_2_1884
QG825	0.000010	0.999990	LD_0.9_2_1884
QG827	0.000010	0.999990	LD_0.9_2_1884
QG828	0.000010	0.999990	LD_0.9_2_1884
QG833	0.000010	0.999990	LD_0.9_2_1884
QG855	0.000010	0.999990	LD_0.9_2_1884
QG856	0.000010	0.999990	LD_0.9_2_1884
QG858	0.000010	0.999990	LD_0.9_2_1884
QG860	0.000010	0.999990	LD_0.9_2_1884
QG864	0.000010	0.999990	LD_0.9_2_1884
QG865	0.000010	0.999990	LD_0.9_2_1884
QG866	0.000010	0.999990	LD_0.9_2_1884
QG868	0.000010	0.999990	LD_0.9_2_1884
QG874	0.000010	0.999990	LD_0.9_2_1884
QG875	0.000010	0.999990	LD_0.9_2_1884
QG878	0.000010	0.999990	LD_0.9_2_1884
QG879	0.000010	0.999990	LD_0.9_2_1884
QG880	0.000010	0.999990	LD_0.9_2_1884
QG881	0.000010	0.999990	LD_0.9_2_1884
QG887	0.000010	0.999990	LD_0.9_2_1884
QG888	0.000010	0.999990	LD_0.9_2_1884
QG926	0.000010	0.999990	LD_0.9_2_1884
QG927	0.000010	0.999990	LD_0.9_2_1884
QG933	0.000010	0.999990	LD_0.9_2_1884
QG937	0.000010	0.999990	LD_0.9_2_1884
QG945	0.000010	0.999990	LD_0.9_2_1884
QG946	0.000010	0.999990	LD_0.9_2_1884
QG947	0.000010	0.999990	LD_0.9_2_1884
QG948	0.000010	0.999990	LD_0.9_2_1884
QG952	0.000010	0.999990	LD_0.9_2_1884
QG978	0.000010	0.999990	LD_0.9_2_1884
QG980	0.000010	0.999990	LD_0.9_2_1884
QG986	0.000010	0.999990	LD_0.9_2_1884
QG991	0.000010	0.999990	LD_0.9_2_1884
QG994	0.000010	0.999990	LD_0.9_2_1884
QG995	0.000010	0.999990	LD_0.9_2_1884
QG997	0.000010	0.999990	LD_0.9_2_1884
QG998	0.000010	0.999990	LD_0.9_2_1884
QR25	0.401999	0.598001	LD_0.9_2_1884
QX1410	0.000010	0.999990	LD_0.9_2_1884
QX1547	0.398032	0.601968	LD_0.9_2_1884
QX1795	0.000010	0.999990	LD_0.9_2_1884
QX1796	0.000010	0.999990	LD_0.9_2_1884
QX1798	0.000010	0.999990	LD_0.9_2_1884
QX1800	0.000010	0.999990	LD_0.9_2_1884
QX1801	0.000010	0.999990	LD_0.9_2_1884
QX1802	0.000010	0.999990	LD_0.9_2_1884
QX1803	0.000010	0.999990	LD_0.9_2_1884
QX1804	0.000010	0.999990	LD_0.9_2_1884
SOW18	0.394540	0.605460	LD_0.9_2_1884
SOW21	0.393517	0.606483	LD_0.9_2_1884
SOW22	0.393384	0.606616	LD_0.9_2_1884
TT3408	0.000010	0.999990	LD_0.9_2_1884
TT3411	0.000010	0.999990	LD_0.9_2_1884
TWN1772	0.000010	0.999990	LD_0.9_2_1884
TWN1824	0.386723	0.613277	LD_0.9_2_1884
TWN1899	0.386490	0.613510	LD_0.9_2_1884
TWN1907	0.000010	0.999990	LD_0.9_2_1884
TWN2919	0.000010	0.999990	LD_0.9_2_1884
TWN3077	0.000010	0.999990	LD_0.9_2_1884
UH1	0.000010	0.999990	LD_0.9_2_1884
VSL2201	0.000010	0.999990	LD_0.9_2_1884
VSL2207	0.999990	0.000010	LD_0.9_2_1884
VSL2209	0.999990	0.000010	LD_0.9_2_1884
VSL2210	0.000010	0.999990	LD_0.9_2_1884
VSL2212	0.000010	0.999990	LD_0.9_2_1884
VSL2213	0.000010	0.999990	LD_0.9_2_1884
VSL2215	0.000010	0.999990	LD_0.9_2_1884
VSL2216	0.000010	0.999990	LD_0.9_2_1884
VSL2217	0.000010	0.999990	LD_0.9_2_1884
VSL2219	0.000010	0.999990	LD_0.9_2_1884
VT847	0.000010	0.999990	LD_0.9_2_1884
VX34	0.406684	0.593316	LD_0.9_2_1884
XZ1204	0.000010	0.999990	LD_0.9_2_1884
XZ1205	0.000010	0.999990	LD_0.9_2_1884
XZ1206	0.000010	0.999990	LD_0.9_2_1884
XZ1207	0.000010	0.999990	LD_0.9_2_1884
XZ1210	0.000010	0.999990	LD_0.9_2_1884
XZ1212	0.000010	0.999990	LD_0.9_2_1884
XZ1213	0.000010	0.999990	LD_0.9_2_1884
XZ1731	0.000010	0.999990	LD_0.9_2_1884
XZ1732	0.000010	0.999990	LD_0.9_2_1884
ZZY0992	0.000010	0.999990	LD_0.9_2_1884
ZZY1034	0.000010	0.999990	LD_0.9_2_1884
ZZY1075	0.000010	0.999990	LD_0.9_2_1884
ZZY1123	0.000010	0.999990	LD_0.9_2_1884
ZZY1130	0.000010	0.999990	LD_0.9_2_1884
ZZY405	0.000010	0.999990	LD_0.9_2_1884
