AF16	0.000010	0.000010	0.000010	0.000010	0.000010	0.000010	0.000010	0.999890	0.000010	0.000010	0.000010	0.000010	LD_0.9_12_1230
BRC20069	0.000010	0.000010	0.000010	0.000010	0.000010	0.000010	0.000010	0.999890	0.000010	0.000010	0.000010	0.000010	LD_0.9_12_1230
BRC20073	0.000010	0.000010	0.000010	0.000010	0.000010	0.000010	0.000010	0.999890	0.000010	0.000010	0.000010	0.000010	LD_0.9_12_1230
BRC20075	0.000010	0.999880	0.000011	0.000010	0.000010	0.000010	0.000010	0.000010	0.000010	0.000010	0.000019	0.000010	LD_0.9_12_1230
BRC20077	0.000010	0.000010	0.000010	0.000010	0.000010	0.000010	0.000010	0.999890	0.000010	0.000010	0.000010	0.000010	LD_0.9_12_1230
BRC20081	0.000010	0.000010	0.077212	0.000010	0.000010	0.000010	0.922686	0.000010	0.000010	0.000010	0.000012	0.000010	LD_0.9_12_1230
BRC20085	0.000012	0.000011	0.000010	0.000010	0.437690	0.121284	0.000010	0.379514	0.000014	0.000010	0.061425	0.000010	LD_0.9_12_1230
BRC20088	0.000010	0.000010	0.000010	0.000010	0.000010	0.000010	0.999890	0.000010	0.000010	0.000010	0.000010	0.000010	LD_0.9_12_1230
BRC20089	0.000010	0.000010	0.000010	0.000010	0.000010	0.000010	0.000010	0.999890	0.000010	0.000010	0.000010	0.000010	LD_0.9_12_1230
BRC20090	0.000010	0.000010	0.000010	0.000010	0.009317	0.047593	0.000010	0.942998	0.000010	0.000010	0.000013	0.000010	LD_0.9_12_1230
BRC20092	0.000010	0.000010	0.000010	0.000010	0.551085	0.015775	0.000010	0.367133	0.000010	0.000010	0.065927	0.000010	LD_0.9_12_1230
BRC20093	0.000010	0.000010	0.000010	0.000010	0.000010	0.000010	0.000010	0.999890	0.000010	0.000010	0.000010	0.000010	LD_0.9_12_1230
BRC20094	0.000010	0.000010	0.000010	0.000010	0.544237	0.058050	0.000010	0.374604	0.000010	0.000010	0.023029	0.000010	LD_0.9_12_1230
BRC20095	0.000010	0.000010	0.000010	0.000010	0.000010	0.000010	0.000010	0.999890	0.000010	0.000010	0.000010	0.000010	LD_0.9_12_1230
BRC20096	0.000010	0.000010	0.000010	0.000010	0.000010	0.000010	0.000010	0.999890	0.000010	0.000010	0.000010	0.000010	LD_0.9_12_1230
BRC20098	0.000010	0.000010	0.000010	0.000010	0.000010	0.000010	0.000010	0.999890	0.000010	0.000010	0.000010	0.000010	LD_0.9_12_1230
BRC20099	0.000010	0.000010	0.000010	0.000010	0.000010	0.000010	0.000010	0.999890	0.000010	0.000010	0.000010	0.000010	LD_0.9_12_1230
BRC20100	0.000010	0.000010	0.000010	0.000010	0.000010	0.000010	0.000010	0.999890	0.000010	0.000010	0.000010	0.000010	LD_0.9_12_1230
BRC20102	0.000010	0.000010	0.000010	0.000010	0.000010	0.000010	0.000010	0.999886	0.000010	0.000010	0.000014	0.000010	LD_0.9_12_1230
BRC20103	0.000010	0.000010	0.000010	0.000010	0.000010	0.000012	0.000010	0.999888	0.000010	0.000010	0.000010	0.000010	LD_0.9_12_1230
BRC20105	0.000010	0.000010	0.000010	0.000010	0.538074	0.125340	0.000010	0.299007	0.000010	0.000010	0.037498	0.000010	LD_0.9_12_1230
BRC20107	0.000010	0.000010	0.000010	0.000010	0.505419	0.120433	0.000010	0.354924	0.000010	0.000010	0.019144	0.000010	LD_0.9_12_1230
BRC20115	0.000010	0.000010	0.000010	0.000010	0.000010	0.000010	0.000012	0.000010	0.000010	0.000010	0.000010	0.999888	LD_0.9_12_1230
BRC20119	0.000010	0.000010	0.000010	0.000010	0.000010	0.732879	0.000010	0.267021	0.000010	0.000010	0.000010	0.000010	LD_0.9_12_1230
BRC20228	0.000010	0.000010	0.000010	0.000010	0.000010	0.000010	0.000010	0.999890	0.000010	0.000010	0.000010	0.000010	LD_0.9_12_1230
BRC20229	0.000010	0.999890	0.000010	0.000010	0.000010	0.000010	0.000010	0.000010	0.000010	0.000010	0.000010	0.000010	LD_0.9_12_1230
BRC20230	0.000010	0.000010	0.000010	0.000010	0.000010	0.000010	0.999890	0.000010	0.000010	0.000010	0.000010	0.000010	LD_0.9_12_1230
BRC20232	0.000010	0.999890	0.000010	0.000010	0.000010	0.000010	0.000010	0.000010	0.000010	0.000010	0.000010	0.000010	LD_0.9_12_1230
BRC20238	0.000010	0.000010	0.000010	0.000010	0.000013	0.000010	0.999887	0.000010	0.000010	0.000010	0.000010	0.000010	LD_0.9_12_1230
BRC20239	0.000010	0.999890	0.000010	0.000010	0.000010	0.000010	0.000010	0.000010	0.000010	0.000010	0.000010	0.000010	LD_0.9_12_1230
BRC20241	0.000010	0.000010	0.000010	0.000010	0.000010	0.066581	0.000010	0.933319	0.000010	0.000010	0.000010	0.000010	LD_0.9_12_1230
BRC20242	0.000010	0.000010	0.000010	0.000010	0.000010	0.007431	0.000010	0.992469	0.000010	0.000010	0.000010	0.000010	LD_0.9_12_1230
BRC20244	0.000010	0.000010	0.000010	0.000010	0.000010	0.000010	0.999890	0.000010	0.000010	0.000010	0.000010	0.000010	LD_0.9_12_1230
BRC20246	0.000010	0.000011	0.000010	0.000010	0.000010	0.000010	0.999889	0.000010	0.000010	0.000010	0.000010	0.000010	LD_0.9_12_1230
BRC20257	0.000010	0.000010	0.000010	0.000010	0.000010	0.999890	0.000010	0.000010	0.000010	0.000010	0.000010	0.000010	LD_0.9_12_1230
BRC20260	0.000010	0.000010	0.000010	0.000010	0.000010	0.000010	0.000010	0.999890	0.000010	0.000010	0.000010	0.000010	LD_0.9_12_1230
BRC20270	0.000010	0.000010	0.999890	0.000010	0.000010	0.000010	0.000010	0.000010	0.000010	0.000010	0.000010	0.000010	LD_0.9_12_1230
BRC20272	0.000010	0.000010	0.999890	0.000010	0.000010	0.000010	0.000010	0.000010	0.000010	0.000010	0.000010	0.000010	LD_0.9_12_1230
BRC20289	0.000010	0.000010	0.797684	0.000010	0.000010	0.000010	0.202216	0.000010	0.000010	0.000010	0.000010	0.000010	LD_0.9_12_1230
BRC20290	0.000010	0.000010	0.781200	0.000010	0.000010	0.000010	0.218700	0.000010	0.000010	0.000010	0.000010	0.000010	LD_0.9_12_1230
BRC20294	0.000010	0.000010	0.000010	0.000010	0.000010	0.009280	0.000010	0.990620	0.000010	0.000010	0.000010	0.000010	LD_0.9_12_1230
BRC20308	0.000013	0.000010	0.999882	0.000015	0.000010	0.000010	0.000010	0.000010	0.000010	0.000010	0.000010	0.000010	LD_0.9_12_1230
BRC20309	0.000010	0.000010	0.999884	0.000016	0.000010	0.000010	0.000010	0.000010	0.000010	0.000010	0.000010	0.000010	LD_0.9_12_1230
BRC20311	0.000010	0.000010	0.999889	0.000011	0.000010	0.000010	0.000010	0.000010	0.000010	0.000010	0.000010	0.000010	LD_0.9_12_1230
BRC20312	0.000010	0.000010	0.999890	0.000010	0.000010	0.000010	0.000010	0.000010	0.000010	0.000010	0.000010	0.000010	LD_0.9_12_1230
BRC20315	0.000010	0.000010	0.999890	0.000010	0.000010	0.000010	0.000010	0.000010	0.000010	0.000010	0.000010	0.000010	LD_0.9_12_1230
BRC20320	0.000010	0.000010	0.999889	0.000010	0.000010	0.000010	0.000011	0.000010	0.000010	0.000010	0.000010	0.000010	LD_0.9_12_1230
BRC20324	0.000010	0.644153	0.000010	0.000010	0.000010	0.000010	0.000010	0.355747	0.000010	0.000010	0.000010	0.000010	LD_0.9_12_1230
BRC20331	0.000010	0.000010	0.999890	0.000010	0.000010	0.000010	0.000010	0.000010	0.000010	0.000010	0.000010	0.000010	LD_0.9_12_1230
BRC20333	0.000010	0.000010	0.140812	0.000010	0.000010	0.000010	0.859088	0.000010	0.000010	0.000010	0.000010	0.000010	LD_0.9_12_1230
BRC20334	0.000010	0.000011	0.999889	0.000010	0.000010	0.000010	0.000010	0.000010	0.000010	0.000010	0.000010	0.000010	LD_0.9_12_1230
BRC20339	0.000010	0.000013	0.999881	0.000014	0.000010	0.000010	0.000010	0.000013	0.000010	0.000010	0.000010	0.000010	LD_0.9_12_1230
BRC20341	0.000010	0.000010	0.121524	0.000012	0.000010	0.000010	0.878374	0.000010	0.000010	0.000010	0.000010	0.000010	LD_0.9_12_1230
BRC20343	0.000010	0.999886	0.000010	0.000010	0.000010	0.000010	0.000010	0.000014	0.000010	0.000010	0.000010	0.000010	LD_0.9_12_1230
BRC20346	0.000010	0.000010	0.910313	0.000010	0.000010	0.000010	0.089587	0.000010	0.000010	0.000010	0.000010	0.000010	LD_0.9_12_1230
BRC20347	0.000014	0.999884	0.000010	0.000010	0.000012	0.000010	0.000010	0.000010	0.000010	0.000010	0.000010	0.000010	LD_0.9_12_1230
BRC20348	0.000010	0.000010	0.299480	0.000010	0.000010	0.000010	0.700411	0.000010	0.000010	0.000010	0.000019	0.000010	LD_0.9_12_1230
BRC20353	0.000010	0.000010	0.000010	0.000010	0.999890	0.000010	0.000010	0.000010	0.000010	0.000010	0.000010	0.000010	LD_0.9_12_1230
BRC20360	0.000010	0.000010	0.000010	0.000010	0.999889	0.000010	0.000010	0.000011	0.000010	0.000010	0.000010	0.000010	LD_0.9_12_1230
BRC20361	0.000010	0.000010	0.000010	0.000010	0.999890	0.000010	0.000010	0.000010	0.000010	0.000010	0.000010	0.000010	LD_0.9_12_1230
BRC20362	0.000010	0.000010	0.000010	0.000010	0.999890	0.000010	0.000010	0.000010	0.000010	0.000010	0.000010	0.000010	LD_0.9_12_1230
BRC20366	0.000010	0.000012	0.999888	0.000010	0.000010	0.000010	0.000010	0.000010	0.000010	0.000010	0.000010	0.000010	LD_0.9_12_1230
BRC20367	0.000010	0.000010	0.096230	0.000010	0.000010	0.000010	0.903665	0.000010	0.000010	0.000010	0.000015	0.000010	LD_0.9_12_1230
BRC20369	0.000010	0.000010	0.000010	0.000010	0.000010	0.000010	0.000010	0.999890	0.000010	0.000010	0.000010	0.000010	LD_0.9_12_1230
BRC20370	0.000010	0.000010	0.999890	0.000010	0.000010	0.000010	0.000010	0.000010	0.000010	0.000010	0.000010	0.000010	LD_0.9_12_1230
BRC20388	0.000010	0.000011	0.000016	0.000010	0.000010	0.000010	0.000014	0.000010	0.999879	0.000010	0.000010	0.000010	LD_0.9_12_1230
BRC20390	0.000010	0.000010	0.000010	0.000013	0.000010	0.000010	0.999882	0.000010	0.000015	0.000010	0.000010	0.000010	LD_0.9_12_1230
BRC20401	0.000010	0.000010	0.000010	0.000010	0.000010	0.000010	0.000010	0.999890	0.000010	0.000010	0.000010	0.000010	LD_0.9_12_1230
BRC20463	0.000010	0.000010	0.303713	0.000010	0.000010	0.000010	0.696185	0.000010	0.000012	0.000010	0.000010	0.000010	LD_0.9_12_1230
BRC20492	0.000010	0.000010	0.000010	0.000010	0.000010	0.000010	0.000010	0.000010	0.000010	0.000010	0.000010	0.999890	LD_0.9_12_1230
BRC20499	0.000010	0.000014	0.640479	0.000010	0.000010	0.000010	0.359415	0.000010	0.000010	0.000010	0.000012	0.000010	LD_0.9_12_1230
BRC20501	0.000010	0.000015	0.951416	0.000016	0.000010	0.000010	0.048464	0.000010	0.000010	0.000010	0.000020	0.000010	LD_0.9_12_1230
BRC20502	0.000010	0.000010	0.000010	0.000010	0.000010	0.000010	0.000010	0.000010	0.000010	0.000010	0.000010	0.999890	LD_0.9_12_1230
BRC20503	0.000010	0.000010	0.000010	0.000010	0.000010	0.000010	0.000010	0.000010	0.000010	0.000010	0.000010	0.999890	LD_0.9_12_1230
BRC20519	0.000010	0.000010	0.000010	0.000010	0.000010	0.000010	0.000010	0.000010	0.000010	0.000010	0.000010	0.999890	LD_0.9_12_1230
BRC20520	0.000010	0.000010	0.000010	0.000010	0.000010	0.000010	0.000010	0.000010	0.000010	0.000010	0.000010	0.999890	LD_0.9_12_1230
BRC20522	0.000010	0.999886	0.000010	0.000010	0.000010	0.000010	0.000010	0.000014	0.000010	0.000010	0.000010	0.000010	LD_0.9_12_1230
BRC20524	0.000010	0.999887	0.000010	0.000010	0.000010	0.000010	0.000010	0.000013	0.000010	0.000010	0.000010	0.000010	LD_0.9_12_1230
BRC20529	0.000010	0.000010	0.000010	0.000010	0.000014	0.000010	0.999876	0.000010	0.000019	0.000010	0.000010	0.000010	LD_0.9_12_1230
BRC20530	0.000010	0.999890	0.000010	0.000010	0.000010	0.000010	0.000010	0.000010	0.000010	0.000010	0.000010	0.000010	LD_0.9_12_1230
BRC20531	0.000010	0.999890	0.000010	0.000010	0.000010	0.000010	0.000010	0.000010	0.000010	0.000010	0.000010	0.000010	LD_0.9_12_1230
BRC20532	0.000010	0.000010	0.000010	0.000010	0.000010	0.000010	0.999890	0.000010	0.000010	0.000010	0.000010	0.000010	LD_0.9_12_1230
BRC20533	0.000010	0.000010	0.912929	0.000010	0.000014	0.000010	0.086967	0.000010	0.000010	0.000010	0.000010	0.000010	LD_0.9_12_1230
BRC20534	0.000010	0.000017	0.968713	0.000010	0.000010	0.000010	0.031181	0.000010	0.000010	0.000010	0.000010	0.000010	LD_0.9_12_1230
BRC20535	0.000010	0.000010	0.999890	0.000010	0.000010	0.000010	0.000010	0.000010	0.000010	0.000010	0.000010	0.000010	LD_0.9_12_1230
BRC20536	0.000010	0.000010	0.999890	0.000010	0.000010	0.000010	0.000010	0.000010	0.000010	0.000010	0.000010	0.000010	LD_0.9_12_1230
BRC20537	0.000010	0.000010	0.000010	0.000010	0.000010	0.000012	0.999879	0.000011	0.000017	0.000010	0.000010	0.000010	LD_0.9_12_1230
BRC20541	0.000010	0.000010	0.000010	0.000010	0.000010	0.000010	0.000010	0.000010	0.000010	0.000010	0.000010	0.999890	LD_0.9_12_1230
BRC20543	0.000010	0.000010	0.000010	0.000010	0.000010	0.000010	0.999888	0.000012	0.000010	0.000010	0.000010	0.000010	LD_0.9_12_1230
BRC20544	0.000010	0.000019	0.992411	0.000010	0.000010	0.000010	0.007480	0.000010	0.000010	0.000010	0.000011	0.000010	LD_0.9_12_1230
BRC20545	0.000010	0.000010	0.351630	0.000010	0.000010	0.000010	0.648270	0.000010	0.000010	0.000010	0.000010	0.000010	LD_0.9_12_1230
BRC20556	0.000010	0.000010	0.000010	0.000010	0.000010	0.000010	0.000010	0.999890	0.000010	0.000010	0.000010	0.000010	LD_0.9_12_1230
BRC20557	0.000010	0.000010	0.000010	0.000010	0.000010	0.000010	0.999890	0.000010	0.000010	0.000010	0.000010	0.000010	LD_0.9_12_1230
BRC20565	0.000010	0.000010	0.000010	0.000010	0.000010	0.000010	0.000010	0.999890	0.000010	0.000010	0.000010	0.000010	LD_0.9_12_1230
BRC20571	0.000010	0.000016	0.000010	0.000010	0.027604	0.042733	0.000010	0.929568	0.000010	0.000010	0.000010	0.000010	LD_0.9_12_1230
BRC20574	0.000010	0.000010	0.000010	0.000010	0.000010	0.000010	0.000010	0.999890	0.000010	0.000010	0.000010	0.000010	LD_0.9_12_1230
BW287	0.000010	0.000010	0.000010	0.000010	0.000010	0.000010	0.000010	0.000010	0.999890	0.000010	0.000010	0.000010	LD_0.9_12_1230
DF5100	0.000010	0.000010	0.000010	0.000010	0.000010	0.000010	0.000010	0.999890	0.000010	0.000010	0.000010	0.000010	LD_0.9_12_1230
ECA1129	0.000012	0.000010	0.000015	0.000010	0.000010	0.000010	0.000010	0.999883	0.000010	0.000010	0.000010	0.000010	LD_0.9_12_1230
ECA1143	0.000010	0.000010	0.000010	0.000010	0.000010	0.000010	0.000010	0.904915	0.000010	0.000010	0.094985	0.000010	LD_0.9_12_1230
ECA1147	0.000010	0.000010	0.000010	0.000010	0.000010	0.000010	0.000010	0.999890	0.000010	0.000010	0.000010	0.000010	LD_0.9_12_1230
ECA1149	0.000010	0.000010	0.012852	0.000010	0.000010	0.000010	0.033306	0.953752	0.000010	0.000010	0.000010	0.000010	LD_0.9_12_1230
ECA1160	0.000010	0.000010	0.000010	0.000010	0.000010	0.000010	0.000010	0.999890	0.000010	0.000010	0.000010	0.000010	LD_0.9_12_1230
ECA1164	0.000010	0.000010	0.000010	0.000010	0.000010	0.000010	0.000010	0.999890	0.000010	0.000010	0.000010	0.000010	LD_0.9_12_1230
ECA1170	0.000010	0.000010	0.000010	0.000010	0.000010	0.000010	0.999890	0.000010	0.000010	0.000010	0.000010	0.000010	LD_0.9_12_1230
ECA1174	0.000010	0.000010	0.000010	0.000010	0.000010	0.000010	0.000010	0.999890	0.000010	0.000010	0.000010	0.000010	LD_0.9_12_1230
ECA1383	0.000010	0.000010	0.000018	0.000010	0.000010	0.000010	0.999869	0.000010	0.000018	0.000010	0.000015	0.000010	LD_0.9_12_1230
ECA1411	0.000010	0.000010	0.000010	0.000010	0.000010	0.000010	0.000010	0.999890	0.000010	0.000010	0.000010	0.000010	LD_0.9_12_1230
ECA1423	0.000010	0.000010	0.000010	0.000010	0.000010	0.000010	0.000010	0.999890	0.000010	0.000010	0.000010	0.000010	LD_0.9_12_1230
ECA1429	0.000010	0.000010	0.000018	0.000010	0.000010	0.000010	0.000010	0.999882	0.000010	0.000010	0.000010	0.000010	LD_0.9_12_1230
ECA1431	0.000017	0.000012	0.000010	0.000010	0.000010	0.000012	0.000010	0.999879	0.000010	0.000010	0.000010	0.000010	LD_0.9_12_1230
ECA1437	0.000017	0.000010	0.000010	0.000010	0.000010	0.000016	0.000011	0.999876	0.000010	0.000010	0.000010	0.000010	LD_0.9_12_1230
ECA1439	0.000010	0.000010	0.000010	0.000010	0.000010	0.000010	0.000010	0.999890	0.000010	0.000010	0.000010	0.000010	LD_0.9_12_1230
ECA1443	0.000010	0.000010	0.000966	0.000010	0.000010	0.000015	0.946204	0.052735	0.000010	0.000010	0.000010	0.000010	LD_0.9_12_1230
ECA1471	0.000010	0.000010	0.000010	0.000010	0.000010	0.000010	0.000010	0.999890	0.000010	0.000010	0.000010	0.000010	LD_0.9_12_1230
ECA1489	0.000010	0.000010	0.000010	0.000010	0.000010	0.000010	0.000010	0.858101	0.000010	0.000010	0.141799	0.000010	LD_0.9_12_1230
ECA1507	0.000010	0.000010	0.000010	0.000010	0.000010	0.000010	0.000010	0.999890	0.000010	0.000010	0.000010	0.000010	LD_0.9_12_1230
ECA1509	0.000010	0.000010	0.000010	0.000010	0.000010	0.000012	0.000016	0.999882	0.000010	0.000010	0.000010	0.000010	LD_0.9_12_1230
ECA1517	0.000010	0.000010	0.000010	0.000010	0.000010	0.000010	0.000010	0.999890	0.000010	0.000010	0.000010	0.000010	LD_0.9_12_1230
ECA1521	0.000010	0.000010	0.000010	0.000010	0.000010	0.000010	0.000010	0.999890	0.000010	0.000010	0.000010	0.000010	LD_0.9_12_1230
ECA1555	0.000010	0.000010	0.000010	0.000010	0.000010	0.000010	0.000010	0.999890	0.000010	0.000010	0.000010	0.000010	LD_0.9_12_1230
ECA1559	0.000010	0.000010	0.000010	0.000010	0.000013	0.000010	0.999887	0.000010	0.000010	0.000010	0.000010	0.000010	LD_0.9_12_1230
ECA1563	0.000010	0.000010	0.000010	0.000010	0.000010	0.000010	0.000010	0.999890	0.000010	0.000010	0.000010	0.000010	LD_0.9_12_1230
ECA1571	0.000011	0.000010	0.000010	0.000010	0.000020	0.000010	0.000010	0.870119	0.000010	0.000010	0.129770	0.000010	LD_0.9_12_1230
ECA1587	0.000010	0.000010	0.000010	0.000010	0.000010	0.000010	0.000010	0.999890	0.000010	0.000010	0.000010	0.000010	LD_0.9_12_1230
ECA1605	0.000010	0.000010	0.000010	0.000010	0.000010	0.000010	0.883588	0.064432	0.000010	0.000010	0.051890	0.000010	LD_0.9_12_1230
ECA1609	0.000010	0.000010	0.000010	0.000010	0.000010	0.000010	0.000010	0.999890	0.000010	0.000010	0.000010	0.000010	LD_0.9_12_1230
ECA161	0.000010	0.000010	0.000010	0.000010	0.000010	0.000010	0.000010	0.999890	0.000010	0.000010	0.000010	0.000010	LD_0.9_12_1230
ECA1611	0.000010	0.000010	0.000010	0.000010	0.000010	0.000010	0.000010	0.999890	0.000010	0.000010	0.000010	0.000010	LD_0.9_12_1230
ECA1615	0.000010	0.000010	0.000010	0.000010	0.000010	0.000010	0.000010	0.999890	0.000010	0.000010	0.000010	0.000010	LD_0.9_12_1230
ECA162	0.000010	0.000010	0.000010	0.000010	0.000010	0.000010	0.000010	0.999889	0.000010	0.000010	0.000011	0.000010	LD_0.9_12_1230
ECA1621	0.000010	0.000010	0.000010	0.000010	0.000010	0.000010	0.000010	0.999890	0.000010	0.000010	0.000010	0.000010	LD_0.9_12_1230
ECA163	0.000010	0.000010	0.000010	0.000010	0.000010	0.000010	0.000010	0.000014	0.000010	0.000010	0.000010	0.999886	LD_0.9_12_1230
ECA1637	0.000010	0.000010	0.000010	0.000010	0.000010	0.000010	0.000010	0.999890	0.000010	0.000010	0.000010	0.000010	LD_0.9_12_1230
ECA1657	0.000010	0.000010	0.000010	0.000010	0.000010	0.000012	0.000010	0.999888	0.000010	0.000010	0.000010	0.000010	LD_0.9_12_1230
ECA1701	0.000010	0.000010	0.000010	0.000010	0.000010	0.006461	0.000010	0.991393	0.000010	0.000010	0.002056	0.000010	LD_0.9_12_1230
ECA175	0.000010	0.000010	0.000010	0.000010	0.000010	0.000010	0.000010	0.999890	0.000010	0.000010	0.000010	0.000010	LD_0.9_12_1230
ECA176	0.000010	0.000010	0.000010	0.000010	0.000010	0.000010	0.000010	0.999890	0.000010	0.000010	0.000010	0.000010	LD_0.9_12_1230
ECA177	0.000010	0.000010	0.000010	0.000010	0.000010	0.000010	0.000010	0.999890	0.000010	0.000010	0.000010	0.000010	LD_0.9_12_1230
ECA180	0.000010	0.000010	0.000010	0.000010	0.000010	0.000010	0.000010	0.999890	0.000010	0.000010	0.000010	0.000010	LD_0.9_12_1230
ECA182	0.000010	0.000010	0.000010	0.000010	0.000010	0.000010	0.000010	0.999890	0.000010	0.000010	0.000010	0.000010	LD_0.9_12_1230
ECA183	0.000012	0.000010	0.000020	0.000010	0.000010	0.000010	0.000010	0.999878	0.000010	0.000010	0.000010	0.000010	LD_0.9_12_1230
ECA185	0.000010	0.000010	0.000010	0.000010	0.000010	0.000010	0.000010	0.999890	0.000010	0.000010	0.000010	0.000010	LD_0.9_12_1230
ECA186	0.000012	0.000010	0.000010	0.000010	0.000010	0.000010	0.000010	0.999888	0.000010	0.000010	0.000010	0.000010	LD_0.9_12_1230
ECA2083	0.000012	0.000010	0.000010	0.000011	0.000010	0.000010	0.000010	0.999887	0.000010	0.000010	0.000010	0.000010	LD_0.9_12_1230
ECA2093	0.000010	0.000010	0.000010	0.000010	0.000010	0.000010	0.000010	0.999890	0.000010	0.000010	0.000010	0.000010	LD_0.9_12_1230
ECA2115	0.000010	0.000010	0.000010	0.000010	0.000010	0.000010	0.000010	0.999890	0.000010	0.000010	0.000010	0.000010	LD_0.9_12_1230
ECA2299	0.000010	0.000010	0.999890	0.000010	0.000010	0.000010	0.000010	0.000010	0.000010	0.000010	0.000010	0.000010	LD_0.9_12_1230
ECA2373	0.000012	0.000010	0.000010	0.000010	0.000010	0.000010	0.000010	0.958812	0.000010	0.000010	0.041086	0.000010	LD_0.9_12_1230
ECA2385	0.000010	0.000010	0.000010	0.000010	0.000010	0.000010	0.999890	0.000010	0.000010	0.000010	0.000010	0.000010	LD_0.9_12_1230
ECA2425	0.000010	0.000010	0.000010	0.000010	0.000010	0.000012	0.000010	0.999888	0.000010	0.000010	0.000010	0.000010	LD_0.9_12_1230
ECA2617	0.000010	0.000010	0.000010	0.999890	0.000010	0.000010	0.000010	0.000010	0.000010	0.000010	0.000010	0.000010	LD_0.9_12_1230
ECA2618	0.000010	0.000010	0.000010	0.999890	0.000010	0.000010	0.000010	0.000010	0.000010	0.000010	0.000010	0.000010	LD_0.9_12_1230
ECA2621	0.000010	0.000010	0.000010	0.999890	0.000010	0.000010	0.000010	0.000010	0.000010	0.000010	0.000010	0.000010	LD_0.9_12_1230
ECA2623	0.000010	0.000010	0.000010	0.000010	0.000010	0.000010	0.000010	0.977425	0.000010	0.000010	0.022475	0.000010	LD_0.9_12_1230
ECA2625	0.000010	0.000010	0.000010	0.000010	0.000010	0.000010	0.000010	0.999890	0.000010	0.000010	0.000010	0.000010	LD_0.9_12_1230
ECA2626	0.000010	0.000010	0.000010	0.000010	0.000010	0.000010	0.000010	0.999890	0.000010	0.000010	0.000010	0.000010	LD_0.9_12_1230
ECA2636	0.000015	0.000010	0.000010	0.000010	0.000010	0.000010	0.000010	0.999885	0.000010	0.000010	0.000010	0.000010	LD_0.9_12_1230
ECA2637	0.000010	0.000010	0.000010	0.000010	0.000010	0.000016	0.000010	0.999884	0.000010	0.000010	0.000010	0.000010	LD_0.9_12_1230
ECA2639	0.000010	0.000010	0.000010	0.999890	0.000010	0.000010	0.000010	0.000010	0.000010	0.000010	0.000010	0.000010	LD_0.9_12_1230
ECA2645	0.000010	0.000010	0.000010	0.000010	0.000010	0.000010	0.000010	0.999890	0.000010	0.000010	0.000010	0.000010	LD_0.9_12_1230
ECA2647	0.000010	0.000010	0.000010	0.999885	0.000010	0.000010	0.000010	0.000010	0.000010	0.000015	0.000010	0.000010	LD_0.9_12_1230
ECA2663	0.000010	0.000010	0.000011	0.000010	0.000010	0.000010	0.000010	0.999889	0.000010	0.000010	0.000010	0.000010	LD_0.9_12_1230
ECA2664	0.000010	0.000010	0.000010	0.000010	0.000010	0.011319	0.000010	0.954867	0.000010	0.000010	0.033724	0.000010	LD_0.9_12_1230
ECA2666	0.000010	0.000010	0.000010	0.999890	0.000010	0.000010	0.000010	0.000010	0.000010	0.000010	0.000010	0.000010	LD_0.9_12_1230
ECA2667	0.000010	0.000010	0.000010	0.000010	0.000010	0.000010	0.000010	0.999890	0.000010	0.000010	0.000010	0.000010	LD_0.9_12_1230
ECA2670	0.000010	0.000010	0.000010	0.999890	0.000010	0.000010	0.000010	0.000010	0.000010	0.000010	0.000010	0.000010	LD_0.9_12_1230
ECA276	0.000010	0.000010	0.000010	0.000010	0.000010	0.000010	0.000010	0.000014	0.000010	0.000010	0.000010	0.999886	LD_0.9_12_1230
ECA278	0.000010	0.000010	0.000018	0.000010	0.000010	0.000010	0.000010	0.000010	0.999882	0.000010	0.000010	0.000010	LD_0.9_12_1230
ECA2808	0.000010	0.000010	0.000010	0.000010	0.000010	0.000010	0.000010	0.999890	0.000010	0.000010	0.000010	0.000010	LD_0.9_12_1230
ECA287	0.000010	0.000010	0.000010	0.000010	0.000010	0.000010	0.999890	0.000010	0.000010	0.000010	0.000010	0.000010	LD_0.9_12_1230
ECA288	0.000010	0.000010	0.000010	0.000010	0.000010	0.000010	0.104399	0.895501	0.000010	0.000010	0.000010	0.000010	LD_0.9_12_1230
ECA2883	0.000010	0.000010	0.000010	0.000010	0.000010	0.000010	0.000011	0.999889	0.000010	0.000010	0.000010	0.000010	LD_0.9_12_1230
ECA2890	0.000010	0.000010	0.000010	0.000010	0.000010	0.000017	0.000010	0.999883	0.000010	0.000010	0.000010	0.000010	LD_0.9_12_1230
ECA2894	0.000010	0.000010	0.000010	0.000010	0.000010	0.000010	0.000010	0.999890	0.000010	0.000010	0.000010	0.000010	LD_0.9_12_1230
ECA2936	0.000010	0.000010	0.012227	0.000010	0.000010	0.000010	0.987666	0.000017	0.000010	0.000010	0.000011	0.000010	LD_0.9_12_1230
ECA2975	0.000010	0.000010	0.000011	0.000010	0.000010	0.000010	0.000010	0.999888	0.000010	0.000010	0.000011	0.000010	LD_0.9_12_1230
ECA3091	0.000010	0.000010	0.000010	0.000010	0.000010	0.000010	0.000010	0.999890	0.000010	0.000010	0.000010	0.000010	LD_0.9_12_1230
ECA343	0.000010	0.000010	0.000010	0.000010	0.000010	0.000012	0.000010	0.999888	0.000010	0.000010	0.000010	0.000010	LD_0.9_12_1230
ECA346	0.000014	0.000010	0.000010	0.000010	0.000010	0.000010	0.000014	0.999882	0.000010	0.000010	0.000010	0.000010	LD_0.9_12_1230
ECA3502	0.000010	0.000010	0.000010	0.000010	0.000010	0.000010	0.999890	0.000010	0.000010	0.000010	0.000010	0.000010	LD_0.9_12_1230
ECA3503	0.000010	0.000010	0.000019	0.000010	0.000010	0.000010	0.000010	0.999881	0.000010	0.000010	0.000010	0.000010	LD_0.9_12_1230
ECA3509	0.000010	0.000010	0.000010	0.000010	0.000010	0.000010	0.000010	0.999890	0.000010	0.000010	0.000010	0.000010	LD_0.9_12_1230
ECA3708	0.000018	0.000010	0.000010	0.000010	0.000010	0.000012	0.000010	0.999881	0.000010	0.000010	0.000010	0.000010	LD_0.9_12_1230
ECA371	0.000010	0.000010	0.000010	0.000010	0.000010	0.000010	0.000010	0.999890	0.000010	0.000010	0.000010	0.000010	LD_0.9_12_1230
ECA3712	0.000010	0.000010	0.000010	0.000010	0.000010	0.000010	0.000010	0.999890	0.000010	0.000010	0.000010	0.000010	LD_0.9_12_1230
ECA3713	0.000010	0.000010	0.000010	0.000010	0.000010	0.000010	0.000010	0.999889	0.000010	0.000010	0.000011	0.000010	LD_0.9_12_1230
ECA3899	0.000012	0.000010	0.000010	0.000010	0.000010	0.000010	0.000010	0.999888	0.000010	0.000010	0.000010	0.000010	LD_0.9_12_1230
ECA4382	0.000010	0.000010	0.000010	0.000010	0.000010	0.000010	0.000010	0.999890	0.000010	0.000010	0.000010	0.000010	LD_0.9_12_1230
ECA4390	0.000010	0.000010	0.000010	0.000010	0.000010	0.000010	0.000010	0.999890	0.000010	0.000010	0.000010	0.000010	LD_0.9_12_1230
ECA4394	0.000010	0.000010	0.000010	0.000010	0.000010	0.000010	0.000010	0.999890	0.000010	0.000010	0.000010	0.000010	LD_0.9_12_1230
ECA4402	0.000010	0.000010	0.000010	0.000010	0.000010	0.000010	0.000010	0.999890	0.000010	0.000010	0.000010	0.000010	LD_0.9_12_1230
ECA569	0.000010	0.000010	0.000010	0.000010	0.000010	0.000010	0.000010	0.000010	0.999890	0.000010	0.000010	0.000010	LD_0.9_12_1230
ED3032	0.000015	0.000010	0.000010	0.000014	0.000010	0.000010	0.000010	0.999881	0.000010	0.000010	0.000010	0.000010	LD_0.9_12_1230
ED3037	0.000010	0.000010	0.000010	0.000010	0.000010	0.000010	0.000010	0.999890	0.000010	0.000010	0.000010	0.000010	LD_0.9_12_1230
ED3088	0.000010	0.000010	0.000010	0.000010	0.000010	0.000010	0.000010	0.999890	0.000010	0.000010	0.000010	0.000010	LD_0.9_12_1230
ED3102	0.000010	0.000010	0.000010	0.000010	0.000010	0.000010	0.000010	0.000010	0.000010	0.000010	0.000010	0.999890	LD_0.9_12_1230
EG4360	0.000010	0.000010	0.000010	0.000014	0.000010	0.000010	0.000010	0.000010	0.999884	0.000010	0.000012	0.000010	LD_0.9_12_1230
EG5612	0.000010	0.000010	0.000010	0.000010	0.999890	0.000010	0.000010	0.000010	0.000010	0.000010	0.000010	0.000010	LD_0.9_12_1230
EG5613	0.000010	0.000010	0.000010	0.000010	0.019477	0.040756	0.000010	0.939677	0.000010	0.000010	0.000010	0.000010	LD_0.9_12_1230
EG6179	0.000010	0.000010	0.000010	0.000010	0.028917	0.011593	0.000010	0.959400	0.000010	0.000010	0.000010	0.000010	LD_0.9_12_1230
EG6260	0.000010	0.000010	0.000010	0.000010	0.000010	0.000010	0.000010	0.966202	0.000010	0.000010	0.033698	0.000010	LD_0.9_12_1230
EG6261	0.000010	0.000010	0.000010	0.000010	0.000010	0.000010	0.000010	0.989161	0.000010	0.000010	0.010739	0.000010	LD_0.9_12_1230
EG6265	0.000010	0.000010	0.000010	0.000010	0.000010	0.000010	0.999890	0.000010	0.000010	0.000010	0.000010	0.000010	LD_0.9_12_1230
EG6267	0.000010	0.000010	0.000010	0.000010	0.000010	0.000010	0.000010	0.986284	0.000010	0.000010	0.013616	0.000010	LD_0.9_12_1230
EG6271	0.000010	0.000010	0.000010	0.000010	0.000010	0.000010	0.000010	0.930585	0.000010	0.000010	0.069315	0.000010	LD_0.9_12_1230
EG6272	0.000010	0.000010	0.000010	0.000010	0.000010	0.000010	0.000010	0.984576	0.000010	0.000010	0.015324	0.000010	LD_0.9_12_1230
EG6274	0.000010	0.000010	0.000010	0.000010	0.000010	0.000010	0.000010	0.999890	0.000010	0.000010	0.000010	0.000010	LD_0.9_12_1230
EG6275	0.000010	0.000010	0.000010	0.000010	0.000010	0.000010	0.000010	0.999890	0.000010	0.000010	0.000010	0.000010	LD_0.9_12_1230
EG6276	0.000010	0.000010	0.000010	0.000010	0.000010	0.000010	0.000010	0.999890	0.000010	0.000010	0.000010	0.000010	LD_0.9_12_1230
EG6329	0.000010	0.000010	0.000010	0.000010	0.000010	0.000010	0.000010	0.881708	0.000010	0.000010	0.118192	0.000010	LD_0.9_12_1230
GUN124	0.000010	0.000010	0.000010	0.000010	0.000010	0.000010	0.000010	0.000010	0.999890	0.000010	0.000010	0.000010	LD_0.9_12_1230
GXW22	0.000010	0.000010	0.000010	0.000010	0.000010	0.000010	0.000010	0.999890	0.000010	0.000010	0.000010	0.000010	LD_0.9_12_1230
GXW23	0.000010	0.000010	0.000010	0.000010	0.673105	0.000010	0.000010	0.326795	0.000010	0.000010	0.000010	0.000010	LD_0.9_12_1230
HK104	0.000010	0.000010	0.000010	0.000010	0.000010	0.000010	0.000010	0.000011	0.999889	0.000010	0.000010	0.000010	LD_0.9_12_1230
HPT11	0.000010	0.000010	0.000010	0.000010	0.725843	0.000010	0.000010	0.000010	0.026752	0.000010	0.000010	0.247314	LD_0.9_12_1230
HPT16	0.000010	0.000010	0.000010	0.000010	0.021261	0.000010	0.000010	0.978639	0.000010	0.000010	0.000010	0.000010	LD_0.9_12_1230
HPT18	0.000010	0.000010	0.000010	0.000010	0.721849	0.000010	0.000010	0.000010	0.027980	0.000010	0.000010	0.250081	LD_0.9_12_1230
HPT19	0.000010	0.000010	0.000010	0.000010	0.027562	0.000010	0.000010	0.972338	0.000010	0.000010	0.000010	0.000010	LD_0.9_12_1230
HPT2	0.000010	0.000010	0.000010	0.000010	0.059422	0.000010	0.000010	0.940478	0.000010	0.000010	0.000010	0.000010	LD_0.9_12_1230
HPT21	0.000010	0.000010	0.000010	0.000010	0.000010	0.000010	0.000010	0.999890	0.000010	0.000010	0.000010	0.000010	LD_0.9_12_1230
HPT24	0.000010	0.000010	0.000010	0.000010	0.726211	0.000010	0.000010	0.000010	0.025738	0.000010	0.000010	0.247961	LD_0.9_12_1230
HPT34	0.000010	0.000010	0.000010	0.000010	0.054722	0.000010	0.000010	0.945178	0.000010	0.000010	0.000010	0.000010	LD_0.9_12_1230
HPT37	0.000010	0.000010	0.000010	0.000010	0.039499	0.000010	0.000010	0.925341	0.000010	0.000010	0.035070	0.000010	LD_0.9_12_1230
HPT4	0.000010	0.000010	0.000010	0.000010	0.055030	0.000010	0.000010	0.944870	0.000010	0.000010	0.000010	0.000010	LD_0.9_12_1230
HPT42	0.000011	0.000011	0.000010	0.000010	0.018559	0.000010	0.000010	0.981340	0.000010	0.000010	0.000010	0.000010	LD_0.9_12_1230
HPT52	0.000010	0.000010	0.000010	0.000010	0.000010	0.439871	0.000010	0.560029	0.000010	0.000010	0.000010	0.000010	LD_0.9_12_1230
HPT53	0.000010	0.000010	0.000010	0.000010	0.000010	0.000010	0.000010	0.999890	0.000010	0.000010	0.000010	0.000010	LD_0.9_12_1230
HPT54	0.000010	0.000010	0.000010	0.000010	0.000010	0.000010	0.000010	0.999890	0.000010	0.000010	0.000010	0.000010	LD_0.9_12_1230
HPT55	0.000010	0.000010	0.000010	0.000010	0.000010	0.000010	0.000010	0.999889	0.000010	0.000010	0.000011	0.000010	LD_0.9_12_1230
HPT59	0.000010	0.000010	0.000010	0.000010	0.000010	0.000010	0.000010	0.999890	0.000010	0.000010	0.000010	0.000010	LD_0.9_12_1230
HPT60	0.000010	0.000010	0.000010	0.000010	0.000010	0.000010	0.000010	0.999890	0.000010	0.000010	0.000010	0.000010	LD_0.9_12_1230
HPT62	0.000010	0.000010	0.000010	0.000010	0.000010	0.999890	0.000010	0.000010	0.000010	0.000010	0.000010	0.000010	LD_0.9_12_1230
HPT63	0.000010	0.000010	0.000011	0.000010	0.000011	0.000010	0.000010	0.999889	0.000010	0.000010	0.000010	0.000010	LD_0.9_12_1230
HPT7	0.000010	0.000010	0.000010	0.000010	0.033069	0.000010	0.000010	0.966831	0.000010	0.000010	0.000010	0.000010	LD_0.9_12_1230
HPT8	0.000010	0.000010	0.000010	0.000010	0.054577	0.000010	0.000010	0.945323	0.000010	0.000010	0.000010	0.000010	LD_0.9_12_1230
HPT9	0.000010	0.000010	0.000010	0.000010	0.789373	0.000010	0.000010	0.210527	0.000010	0.000010	0.000010	0.000010	LD_0.9_12_1230
JU1085	0.000010	0.000010	0.000010	0.000010	0.000010	0.000010	0.000010	0.000010	0.999890	0.000010	0.000010	0.000010	LD_0.9_12_1230
JU1337	0.000010	0.000010	0.000010	0.000010	0.000010	0.046542	0.000010	0.953358	0.000010	0.000010	0.000010	0.000010	LD_0.9_12_1230
JU1338	0.000010	0.000010	0.000010	0.000010	0.994000	0.000010	0.000010	0.005899	0.000010	0.000010	0.000010	0.000010	LD_0.9_12_1230
JU1341	0.999890	0.000010	0.000010	0.000010	0.000010	0.000010	0.000010	0.000010	0.000010	0.000010	0.000010	0.000010	LD_0.9_12_1230
JU1346	0.000010	0.000010	0.000010	0.000010	0.999889	0.000010	0.000011	0.000010	0.000010	0.000010	0.000010	0.000010	LD_0.9_12_1230
JU1347	0.000010	0.000010	0.000010	0.000010	0.000010	0.000010	0.000010	0.999887	0.000010	0.000010	0.000013	0.000010	LD_0.9_12_1230
JU1348	0.999890	0.000010	0.000010	0.000010	0.000010	0.000010	0.000010	0.000010	0.000010	0.000010	0.000010	0.000010	LD_0.9_12_1230
JU1375	0.000010	0.000010	0.000010	0.000010	0.000010	0.000010	0.000010	0.999888	0.000012	0.000010	0.000010	0.000010	LD_0.9_12_1230
JU1377	0.000010	0.000010	0.000010	0.000010	0.000011	0.000010	0.000010	0.999889	0.000010	0.000010	0.000010	0.000010	LD_0.9_12_1230
JU1378	0.000010	0.000010	0.000010	0.000010	0.000010	0.000010	0.000010	0.999890	0.000010	0.000010	0.000010	0.000010	LD_0.9_12_1230
JU1392	0.000010	0.000010	0.000010	0.000010	0.000010	0.000010	0.000010	0.999890	0.000010	0.000010	0.000010	0.000010	LD_0.9_12_1230
JU1399	0.000010	0.000010	0.000010	0.000010	0.000010	0.000010	0.000010	0.578896	0.000010	0.000010	0.421004	0.000010	LD_0.9_12_1230
JU1424	0.000010	0.000010	0.000010	0.000010	0.999890	0.000010	0.000010	0.000010	0.000010	0.000010	0.000010	0.000010	LD_0.9_12_1230
JU1435	0.000010	0.000010	0.000010	0.000010	0.000010	0.000010	0.000010	0.999890	0.000010	0.000010	0.000010	0.000010	LD_0.9_12_1230
JU1564	0.000010	0.000010	0.000010	0.000010	0.000010	0.000010	0.000010	0.000010	0.999890	0.000010	0.000010	0.000010	LD_0.9_12_1230
JU1637	0.000010	0.000010	0.000010	0.000010	0.000010	0.000010	0.000010	0.999890	0.000010	0.000010	0.000010	0.000010	LD_0.9_12_1230
JU1638	0.000010	0.000010	0.000010	0.000010	0.000010	0.000010	0.000010	0.999890	0.000010	0.000010	0.000010	0.000010	LD_0.9_12_1230
JU1794	0.000010	0.000010	0.000010	0.000010	0.047083	0.021529	0.000010	0.931298	0.000010	0.000010	0.000010	0.000010	LD_0.9_12_1230
JU1795	0.000010	0.000010	0.000010	0.000010	0.000010	0.000010	0.000010	0.999890	0.000010	0.000010	0.000010	0.000010	LD_0.9_12_1230
JU1799	0.000010	0.000010	0.000010	0.000010	0.000010	0.000010	0.000010	0.999890	0.000010	0.000010	0.000010	0.000010	LD_0.9_12_1230
JU1802	0.000010	0.000010	0.000010	0.000010	0.000010	0.011891	0.000010	0.988009	0.000010	0.000010	0.000010	0.000010	LD_0.9_12_1230
JU1814	0.000010	0.000010	0.000010	0.000010	0.000010	0.000010	0.000010	0.928883	0.000010	0.000010	0.071017	0.000010	LD_0.9_12_1230
JU1884	0.000010	0.000010	0.000010	0.000010	0.000010	0.000010	0.000010	0.999890	0.000010	0.000010	0.000010	0.000010	LD_0.9_12_1230
JU1885	0.000010	0.000010	0.000010	0.000010	0.000010	0.063865	0.000010	0.936035	0.000010	0.000010	0.000010	0.000010	LD_0.9_12_1230
JU1907	0.000010	0.000010	0.000010	0.000010	0.000010	0.000010	0.000010	0.999890	0.000010	0.000010	0.000010	0.000010	LD_0.9_12_1230
JU1908	0.000010	0.000010	0.000010	0.000010	0.000010	0.000010	0.000010	0.999890	0.000010	0.000010	0.000010	0.000010	LD_0.9_12_1230
JU1909	0.000010	0.000010	0.000010	0.000010	0.000010	0.000010	0.000010	0.999885	0.000010	0.000010	0.000015	0.000010	LD_0.9_12_1230
JU1913	0.000010	0.000010	0.000010	0.000010	0.000010	0.418151	0.000010	0.581749	0.000010	0.000010	0.000010	0.000010	LD_0.9_12_1230
JU2053	0.000010	0.000010	0.000010	0.000010	0.000010	0.000010	0.000010	0.999890	0.000010	0.000010	0.000010	0.000010	LD_0.9_12_1230
JU2054	0.000010	0.000010	0.000015	0.000010	0.000010	0.000010	0.000010	0.999885	0.000010	0.000010	0.000010	0.000010	LD_0.9_12_1230
JU2056	0.000011	0.000010	0.000010	0.000010	0.000010	0.000010	0.000010	0.999889	0.000010	0.000010	0.000010	0.000010	LD_0.9_12_1230
JU2057	0.000010	0.000010	0.000010	0.000010	0.000010	0.999890	0.000010	0.000010	0.000010	0.000010	0.000010	0.000010	LD_0.9_12_1230
JU2160	0.000010	0.000010	0.000010	0.000010	0.000010	0.999890	0.000010	0.000010	0.000010	0.000010	0.000010	0.000010	LD_0.9_12_1230
JU2162	0.000010	0.000010	0.000010	0.000010	0.000010	0.999890	0.000010	0.000010	0.000010	0.000010	0.000010	0.000010	LD_0.9_12_1230
JU2214	0.000012	0.000010	0.000010	0.000010	0.000010	0.000010	0.000010	0.664534	0.000017	0.000010	0.335356	0.000010	LD_0.9_12_1230
JU2216	0.000010	0.000010	0.000010	0.000010	0.000010	0.000010	0.999890	0.000010	0.000010	0.000010	0.000010	0.000010	LD_0.9_12_1230
JU2457	0.000010	0.000010	0.000010	0.000010	0.000010	0.000010	0.000010	0.393932	0.500382	0.000010	0.105596	0.000010	LD_0.9_12_1230
JU2470	0.000010	0.000010	0.000010	0.000010	0.000010	0.999890	0.000010	0.000010	0.000010	0.000010	0.000010	0.000010	LD_0.9_12_1230
JU2472	0.000010	0.000010	0.000010	0.000010	0.000010	0.000010	0.000010	0.999887	0.000010	0.000010	0.000013	0.000010	LD_0.9_12_1230
JU2507	0.000010	0.000010	0.000010	0.000010	0.000010	0.999890	0.000010	0.000010	0.000010	0.000010	0.000010	0.000010	LD_0.9_12_1230
JU2518	0.000016	0.000010	0.000010	0.000010	0.000010	0.000010	0.000010	0.446084	0.000010	0.000010	0.553810	0.000010	LD_0.9_12_1230
JU2536	0.000010	0.000017	0.000010	0.000010	0.000010	0.000010	0.000010	0.000010	0.999883	0.000010	0.000010	0.000010	LD_0.9_12_1230
JU2618	0.000010	0.000010	0.000010	0.000010	0.000010	0.000012	0.000010	0.278923	0.000010	0.000010	0.720975	0.000010	LD_0.9_12_1230
JU2799	0.000010	0.000010	0.000010	0.000010	0.000010	0.000010	0.000010	0.999889	0.000010	0.000010	0.000011	0.000010	LD_0.9_12_1230
JU2836	0.000010	0.000010	0.000010	0.000010	0.000010	0.078662	0.000010	0.704415	0.000010	0.000010	0.216833	0.000010	LD_0.9_12_1230
JU2849	0.000010	0.000010	0.000010	0.000010	0.999890	0.000010	0.000010	0.000010	0.000010	0.000010	0.000010	0.000010	LD_0.9_12_1230
JU2861	0.000010	0.000010	0.000010	0.000010	0.000010	0.000010	0.000010	0.999890	0.000010	0.000010	0.000010	0.000010	LD_0.9_12_1230
JU2868	0.000013	0.000010	0.000010	0.000010	0.000010	0.000015	0.000010	0.999882	0.000010	0.000010	0.000010	0.000010	LD_0.9_12_1230
JU2872	0.000010	0.000010	0.000010	0.000010	0.000010	0.000010	0.000010	0.000010	0.999889	0.000010	0.000011	0.000010	LD_0.9_12_1230
JU2910	0.000010	0.000010	0.000010	0.000010	0.026331	0.066982	0.000010	0.890255	0.000010	0.000010	0.016352	0.000010	LD_0.9_12_1230
JU3168	0.000010	0.000010	0.000010	0.000010	0.000010	0.000010	0.000010	0.000014	0.000010	0.000010	0.000010	0.999886	LD_0.9_12_1230
JU3171	0.000010	0.000010	0.000010	0.000010	0.000010	0.000010	0.000010	0.999888	0.000010	0.000010	0.000012	0.000010	LD_0.9_12_1230
JU3199	0.999890	0.000010	0.000010	0.000010	0.000010	0.000010	0.000010	0.000010	0.000010	0.000010	0.000010	0.000010	LD_0.9_12_1230
JU3200	0.999883	0.000010	0.000010	0.000010	0.000010	0.000010	0.000010	0.000013	0.000014	0.000011	0.000010	0.000010	LD_0.9_12_1230
JU3201	0.999888	0.000010	0.000010	0.000010	0.000010	0.000010	0.000010	0.000010	0.000012	0.000010	0.000010	0.000010	LD_0.9_12_1230
JU3202	0.999888	0.000010	0.000010	0.000010	0.000010	0.000010	0.000010	0.000012	0.000010	0.000010	0.000010	0.000010	LD_0.9_12_1230
JU3203	0.999889	0.000010	0.000010	0.000010	0.000010	0.000010	0.000010	0.000011	0.000010	0.000010	0.000010	0.000010	LD_0.9_12_1230
JU3206	0.999890	0.000010	0.000010	0.000010	0.000010	0.000010	0.000010	0.000010	0.000010	0.000010	0.000010	0.000010	LD_0.9_12_1230
JU3207	0.000010	0.000010	0.000010	0.000010	0.000010	0.000010	0.000010	0.999890	0.000010	0.000010	0.000010	0.000010	LD_0.9_12_1230
JU3237	0.000010	0.000010	0.000010	0.000010	0.000010	0.999890	0.000010	0.000010	0.000010	0.000010	0.000010	0.000010	LD_0.9_12_1230
JU3281	0.000010	0.000010	0.000010	0.000010	0.000010	0.000010	0.000010	0.999890	0.000010	0.000010	0.000010	0.000010	LD_0.9_12_1230
JU3319	0.000010	0.000012	0.000010	0.000010	0.695913	0.000010	0.000010	0.303984	0.000010	0.000010	0.000010	0.000010	LD_0.9_12_1230
JU3321	0.000010	0.000010	0.000010	0.000010	0.000010	0.000010	0.000010	0.999890	0.000010	0.000010	0.000010	0.000010	LD_0.9_12_1230
JU3326	0.000010	0.069801	0.000010	0.000010	0.000015	0.000010	0.103062	0.185142	0.240563	0.309527	0.000010	0.091839	LD_0.9_12_1230
JU3327	0.000010	0.000010	0.000010	0.000010	0.057183	0.000012	0.000010	0.942716	0.000010	0.000010	0.000010	0.000010	LD_0.9_12_1230
JU3416	0.000010	0.000010	0.000010	0.000010	0.000010	0.000010	0.036709	0.059891	0.903309	0.000010	0.000010	0.000010	LD_0.9_12_1230
JU4042	0.000017	0.000010	0.000010	0.000010	0.000010	0.000010	0.000010	0.999883	0.000010	0.000010	0.000010	0.000010	LD_0.9_12_1230
JU4051	0.000010	0.000010	0.000010	0.000010	0.999890	0.000010	0.000010	0.000010	0.000010	0.000010	0.000010	0.000010	LD_0.9_12_1230
JU4058	0.000010	0.000010	0.000010	0.000010	0.941530	0.000010	0.000010	0.058370	0.000010	0.000010	0.000010	0.000010	LD_0.9_12_1230
JU4060	0.000010	0.000010	0.000010	0.000010	0.999890	0.000010	0.000010	0.000010	0.000010	0.000010	0.000010	0.000010	LD_0.9_12_1230
JU4062	0.000010	0.000010	0.000010	0.000010	0.999890	0.000010	0.000010	0.000010	0.000010	0.000010	0.000010	0.000010	LD_0.9_12_1230
JU4064	0.000010	0.000010	0.000010	0.000010	0.999890	0.000010	0.000010	0.000010	0.000010	0.000010	0.000010	0.000010	LD_0.9_12_1230
JU4080	0.000010	0.000010	0.000010	0.000010	0.000010	0.000010	0.000010	0.999890	0.000010	0.000010	0.000010	0.000010	LD_0.9_12_1230
JU4084	0.000010	0.000010	0.000010	0.000010	0.999890	0.000010	0.000010	0.000010	0.000010	0.000010	0.000010	0.000010	LD_0.9_12_1230
JU4097	0.000010	0.000010	0.000010	0.000010	0.964107	0.000010	0.000010	0.035792	0.000010	0.000010	0.000010	0.000010	LD_0.9_12_1230
JU725	0.000010	0.000010	0.000010	0.000010	0.650277	0.000010	0.000010	0.349623	0.000010	0.000010	0.000010	0.000010	LD_0.9_12_1230
MY2716	0.000010	0.000010	0.000010	0.000010	0.000010	0.000010	0.000010	0.999890	0.000010	0.000010	0.000010	0.000010	LD_0.9_12_1230
MY539	0.000010	0.000010	0.000010	0.000010	0.000010	0.000020	0.000010	0.999880	0.000010	0.000010	0.000010	0.000010	LD_0.9_12_1230
NIC1050	0.000010	0.000010	0.000010	0.000010	0.000010	0.000010	0.000010	0.338943	0.000010	0.000010	0.660957	0.000010	LD_0.9_12_1230
NIC1052	0.000010	0.000010	0.000010	0.000010	0.000010	0.000010	0.000010	0.285283	0.000010	0.000010	0.714617	0.000010	LD_0.9_12_1230
NIC1054	0.000012	0.000010	0.000010	0.000012	0.000010	0.000010	0.000010	0.431168	0.000010	0.000010	0.568728	0.000010	LD_0.9_12_1230
NIC1055	0.000010	0.000010	0.000010	0.000010	0.000010	0.000010	0.000010	0.341709	0.000010	0.000010	0.658191	0.000010	LD_0.9_12_1230
NIC1057	0.000010	0.000010	0.000010	0.000010	0.000010	0.000010	0.000010	0.277192	0.000010	0.000010	0.722708	0.000010	LD_0.9_12_1230
NIC1058	0.000010	0.000010	0.000010	0.000010	0.000010	0.000010	0.000010	0.305376	0.000010	0.000010	0.694524	0.000010	LD_0.9_12_1230
NIC1059	0.000010	0.000010	0.000010	0.000010	0.000010	0.000010	0.000010	0.339188	0.000014	0.000010	0.660707	0.000010	LD_0.9_12_1230
NIC1060	0.000010	0.000010	0.000012	0.000010	0.000010	0.000010	0.000010	0.410911	0.000011	0.000011	0.588985	0.000010	LD_0.9_12_1230
NIC1062	0.000010	0.000010	0.000010	0.000010	0.000010	0.000010	0.000010	0.667673	0.000010	0.000010	0.332227	0.000010	LD_0.9_12_1230
NIC1069	0.000010	0.000010	0.000010	0.000010	0.000010	0.000010	0.000010	0.908683	0.000010	0.000010	0.091217	0.000010	LD_0.9_12_1230
NIC1103	0.000010	0.000010	0.000010	0.000010	0.000010	0.000011	0.000010	0.321554	0.000010	0.000010	0.678346	0.000010	LD_0.9_12_1230
NIC1104	0.000010	0.000010	0.000010	0.000010	0.000010	0.000010	0.000010	0.876396	0.000010	0.000010	0.123504	0.000010	LD_0.9_12_1230
NIC1106	0.000010	0.000010	0.000010	0.000010	0.000010	0.000010	0.000010	0.593389	0.000010	0.000010	0.406511	0.000010	LD_0.9_12_1230
NIC1117	0.000010	0.000010	0.000010	0.000010	0.000010	0.000010	0.000010	0.999890	0.000010	0.000010	0.000010	0.000010	LD_0.9_12_1230
NIC1123	0.000010	0.000010	0.000010	0.000010	0.999887	0.000010	0.000012	0.000010	0.000010	0.000010	0.000011	0.000010	LD_0.9_12_1230
NIC1124	0.000010	0.000010	0.000010	0.000010	0.000019	0.000010	0.000010	0.436911	0.000010	0.000010	0.562981	0.000010	LD_0.9_12_1230
NIC1135	0.000010	0.000010	0.000010	0.000010	0.000010	0.000010	0.000015	0.436950	0.000010	0.000010	0.562945	0.000010	LD_0.9_12_1230
NIC1138	0.000010	0.000010	0.000010	0.000010	0.000010	0.000010	0.000010	0.424208	0.000010	0.000010	0.575692	0.000010	LD_0.9_12_1230
NIC1141	0.000016	0.000010	0.000017	0.000010	0.000010	0.000010	0.000010	0.453502	0.000010	0.000010	0.546385	0.000010	LD_0.9_12_1230
NIC115	0.000010	0.000010	0.000010	0.000010	0.000010	0.000010	0.000010	0.996596	0.000010	0.000010	0.003304	0.000010	LD_0.9_12_1230
NIC117	0.000010	0.000010	0.000010	0.000010	0.000010	0.000010	0.000010	0.999890	0.000010	0.000010	0.000010	0.000010	LD_0.9_12_1230
NIC1183	0.000010	0.000010	0.000010	0.000010	0.000010	0.000010	0.000010	0.440616	0.000010	0.000010	0.559284	0.000010	LD_0.9_12_1230
NIC119	0.000010	0.000010	0.000010	0.000010	0.000010	0.000010	0.000010	0.984695	0.000010	0.000010	0.015205	0.000010	LD_0.9_12_1230
NIC1190	0.000010	0.000010	0.000010	0.000010	0.000010	0.000010	0.000010	0.495838	0.000010	0.000010	0.504062	0.000010	LD_0.9_12_1230
NIC1202	0.000010	0.000010	0.000010	0.000010	0.112835	0.000010	0.000010	0.887065	0.000010	0.000010	0.000010	0.000010	LD_0.9_12_1230
NIC1204	0.000010	0.000010	0.000010	0.000010	0.150057	0.000010	0.000010	0.849843	0.000010	0.000010	0.000010	0.000010	LD_0.9_12_1230
NIC1205	0.000010	0.000010	0.000010	0.000010	0.000010	0.000010	0.999890	0.000010	0.000010	0.000010	0.000010	0.000010	LD_0.9_12_1230
NIC1218	0.000010	0.000010	0.000010	0.000010	0.000010	0.000010	0.000010	0.999890	0.000010	0.000010	0.000010	0.000010	LD_0.9_12_1230
NIC1220	0.000010	0.000011	0.000010	0.000010	0.000012	0.000010	0.999886	0.000011	0.000010	0.000010	0.000010	0.000010	LD_0.9_12_1230
NIC1221	0.000010	0.000010	0.000010	0.000010	0.176208	0.000010	0.000010	0.823692	0.000010	0.000010	0.000010	0.000010	LD_0.9_12_1230
NIC123	0.000010	0.000010	0.000010	0.000010	0.000010	0.000010	0.000010	0.999890	0.000010	0.000010	0.000010	0.000010	LD_0.9_12_1230
NIC1267	0.000010	0.000010	0.000010	0.000010	0.000010	0.000010	0.000010	0.784825	0.000010	0.000010	0.215075	0.000010	LD_0.9_12_1230
NIC1283	0.000010	0.000010	0.000010	0.000010	0.000010	0.000010	0.000010	0.513342	0.000010	0.000010	0.486558	0.000010	LD_0.9_12_1230
NIC1288	0.000010	0.000010	0.000010	0.000010	0.099666	0.000010	0.000010	0.280442	0.000010	0.000010	0.619802	0.000010	LD_0.9_12_1230
NIC1292	0.000010	0.000010	0.000010	0.000010	0.000010	0.000010	0.000010	0.452826	0.000010	0.000010	0.547074	0.000010	LD_0.9_12_1230
NIC1302	0.000010	0.000010	0.000010	0.000010	0.000014	0.000010	0.000010	0.577827	0.000010	0.000010	0.422070	0.000010	LD_0.9_12_1230
NIC1304	0.000010	0.000010	0.000010	0.000010	0.000010	0.000010	0.000010	0.428316	0.000010	0.000010	0.571584	0.000010	LD_0.9_12_1230
NIC1308	0.000010	0.000010	0.000010	0.000010	0.461521	0.000010	0.000010	0.538379	0.000010	0.000010	0.000010	0.000010	LD_0.9_12_1230
NIC1407	0.000010	0.000010	0.000010	0.000010	0.000010	0.000010	0.000010	0.397763	0.000010	0.000010	0.602137	0.000010	LD_0.9_12_1230
NIC1421	0.000010	0.000010	0.000010	0.000010	0.000010	0.000010	0.000010	0.649615	0.000010	0.000010	0.350285	0.000010	LD_0.9_12_1230
NIC1423	0.000010	0.000010	0.000010	0.000010	0.000010	0.000010	0.000010	0.328432	0.000010	0.000010	0.671468	0.000010	LD_0.9_12_1230
NIC1442	0.000010	0.000010	0.000010	0.000010	0.000010	0.000010	0.000010	0.497693	0.000010	0.000010	0.502207	0.000010	LD_0.9_12_1230
NIC1491	0.000010	0.000010	0.000010	0.000010	0.000010	0.000010	0.000010	0.497469	0.000010	0.000010	0.502431	0.000010	LD_0.9_12_1230
NIC1525	0.000010	0.000010	0.000010	0.000010	0.000010	0.000010	0.000010	0.999890	0.000010	0.000010	0.000010	0.000010	LD_0.9_12_1230
NIC1528	0.000010	0.000010	0.000010	0.000010	0.000010	0.000010	0.000010	0.999890	0.000010	0.000010	0.000010	0.000010	LD_0.9_12_1230
NIC1529	0.000010	0.000010	0.000010	0.000010	0.000010	0.000010	0.000010	0.999890	0.000010	0.000010	0.000010	0.000010	LD_0.9_12_1230
NIC1533	0.000010	0.000010	0.000010	0.000010	0.000010	0.000010	0.000010	0.999890	0.000010	0.000010	0.000010	0.000010	LD_0.9_12_1230
NIC1535	0.000010	0.000010	0.000010	0.000010	0.000010	0.002065	0.000010	0.997835	0.000010	0.000010	0.000010	0.000010	LD_0.9_12_1230
NIC1539	0.000010	0.000010	0.999890	0.000010	0.000010	0.000010	0.000010	0.000010	0.000010	0.000010	0.000010	0.000010	LD_0.9_12_1230
NIC1540	0.000010	0.999889	0.000010	0.000010	0.000010	0.000010	0.000010	0.000011	0.000010	0.000010	0.000010	0.000010	LD_0.9_12_1230
NIC1562	0.000018	0.000010	0.886792	0.000010	0.000012	0.000010	0.113097	0.000010	0.000010	0.000010	0.000010	0.000010	LD_0.9_12_1230
NIC1589	0.000010	0.999886	0.000010	0.000010	0.000010	0.000010	0.000010	0.000010	0.000014	0.000010	0.000010	0.000010	LD_0.9_12_1230
NIC1590	0.000011	0.000010	0.000010	0.000011	0.000013	0.000010	0.999886	0.000010	0.000010	0.000010	0.000010	0.000010	LD_0.9_12_1230
NIC1591	0.000010	0.999889	0.000010	0.000010	0.000010	0.000010	0.000010	0.000010	0.000010	0.000010	0.000011	0.000010	LD_0.9_12_1230
NIC1593	0.000010	0.999890	0.000010	0.000010	0.000010	0.000010	0.000010	0.000010	0.000010	0.000010	0.000010	0.000010	LD_0.9_12_1230
NIC1595	0.000010	0.000010	0.000010	0.000010	0.000010	0.000010	0.999890	0.000010	0.000010	0.000010	0.000010	0.000010	LD_0.9_12_1230
NIC1598	0.000010	0.000010	0.999890	0.000010	0.000010	0.000010	0.000010	0.000010	0.000010	0.000010	0.000010	0.000010	LD_0.9_12_1230
NIC1602	0.000010	0.000010	0.999889	0.000010	0.000010	0.000010	0.000010	0.000011	0.000010	0.000010	0.000010	0.000010	LD_0.9_12_1230
NIC1607	0.000010	0.000010	0.000010	0.000010	0.000010	0.000010	0.000010	0.000010	0.000010	0.000010	0.000010	0.999890	LD_0.9_12_1230
NIC1628	0.000010	0.000010	0.000010	0.000010	0.000010	0.000010	0.000010	0.999890	0.000010	0.000010	0.000010	0.000010	LD_0.9_12_1230
NIC1630	0.000010	0.000010	0.999890	0.000010	0.000010	0.000010	0.000010	0.000010	0.000010	0.000010	0.000010	0.000010	LD_0.9_12_1230
NIC1631	0.000010	0.000010	0.000010	0.000010	0.000010	0.000010	0.999890	0.000010	0.000010	0.000010	0.000010	0.000010	LD_0.9_12_1230
NIC1632	0.000010	0.000010	0.000010	0.000010	0.000010	0.000010	0.000010	0.000010	0.999890	0.000010	0.000010	0.000010	LD_0.9_12_1230
NIC1633	0.000010	0.000010	0.000010	0.000010	0.000010	0.000010	0.000010	0.000010	0.999890	0.000010	0.000010	0.000010	LD_0.9_12_1230
NIC1635	0.000010	0.000010	0.000010	0.000010	0.000010	0.000010	0.000010	0.000010	0.999890	0.000010	0.000010	0.000010	LD_0.9_12_1230
NIC1645	0.000010	0.000010	0.757450	0.000010	0.000010	0.000010	0.242450	0.000010	0.000010	0.000010	0.000010	0.000010	LD_0.9_12_1230
NIC1660	0.000013	0.000010	0.000010	0.000010	0.000010	0.000010	0.999887	0.000010	0.000010	0.000010	0.000010	0.000010	LD_0.9_12_1230
NIC1661	0.000010	0.000010	0.000010	0.000010	0.000010	0.000010	0.999885	0.000015	0.000010	0.000010	0.000010	0.000010	LD_0.9_12_1230
NIC1662	0.000010	0.000010	0.000010	0.000010	0.000010	0.000010	0.999890	0.000010	0.000010	0.000010	0.000010	0.000010	LD_0.9_12_1230
NIC1663	0.000010	0.000010	0.000010	0.000010	0.000010	0.000010	0.999890	0.000010	0.000010	0.000010	0.000010	0.000010	LD_0.9_12_1230
NIC1664	0.000010	0.999890	0.000010	0.000010	0.000010	0.000010	0.000010	0.000010	0.000010	0.000010	0.000010	0.000010	LD_0.9_12_1230
NIC1665	0.000010	0.999890	0.000010	0.000010	0.000010	0.000010	0.000010	0.000010	0.000010	0.000010	0.000010	0.000010	LD_0.9_12_1230
NIC1666	0.000010	0.000010	0.000010	0.000010	0.000010	0.000010	0.999884	0.000014	0.000010	0.000010	0.000012	0.000010	LD_0.9_12_1230
NIC1667	0.000010	0.000010	0.999890	0.000010	0.000010	0.000010	0.000010	0.000010	0.000010	0.000010	0.000010	0.000010	LD_0.9_12_1230
NIC1681	0.000010	0.000010	0.000010	0.000010	0.000010	0.000010	0.999889	0.000010	0.000010	0.000010	0.000010	0.000010	LD_0.9_12_1230
NIC1688	0.000010	0.000010	0.000010	0.000010	0.000010	0.000010	0.000010	0.999890	0.000010	0.000010	0.000010	0.000010	LD_0.9_12_1230
NIC1692	0.000010	0.000010	0.070028	0.000010	0.000010	0.000010	0.929872	0.000010	0.000010	0.000010	0.000010	0.000010	LD_0.9_12_1230
NIC1693	0.000018	0.000010	0.000010	0.000010	0.000010	0.000010	0.999875	0.000011	0.000015	0.000010	0.000011	0.000010	LD_0.9_12_1230
NIC17	0.000010	0.000010	0.000010	0.000010	0.000010	0.000010	0.000010	0.999890	0.000010	0.000010	0.000010	0.000010	LD_0.9_12_1230
NIC174	0.000010	0.000010	0.000010	0.000010	0.000010	0.000010	0.000019	0.000010	0.999881	0.000010	0.000010	0.000010	LD_0.9_12_1230
NIC187	0.000010	0.000010	0.000010	0.000010	0.000010	0.000010	0.000010	0.999890	0.000010	0.000010	0.000010	0.000010	LD_0.9_12_1230
NIC188	0.000010	0.000010	0.000010	0.000010	0.000010	0.000010	0.000010	0.990867	0.000010	0.000010	0.009033	0.000010	LD_0.9_12_1230
NIC19	0.000010	0.999889	0.000010	0.000010	0.000010	0.000010	0.000010	0.000011	0.000010	0.000010	0.000010	0.000010	LD_0.9_12_1230
NIC191	0.000010	0.000010	0.000010	0.000010	0.000010	0.000010	0.000010	0.999890	0.000010	0.000010	0.000010	0.000010	LD_0.9_12_1230
NIC20	0.000010	0.999890	0.000010	0.000010	0.000010	0.000010	0.000010	0.000010	0.000010	0.000010	0.000010	0.000010	LD_0.9_12_1230
NIC21	0.000010	0.999890	0.000010	0.000010	0.000010	0.000010	0.000010	0.000010	0.000010	0.000010	0.000010	0.000010	LD_0.9_12_1230
NIC22	0.000010	0.999886	0.000010	0.000010	0.000010	0.000010	0.000011	0.000010	0.000010	0.000010	0.000013	0.000010	LD_0.9_12_1230
NIC2369	0.000010	0.000010	0.000010	0.000010	0.999890	0.000010	0.000010	0.000010	0.000010	0.000010	0.000010	0.000010	LD_0.9_12_1230
NIC248	0.000010	0.000010	0.000010	0.000010	0.000010	0.000010	0.000010	0.999890	0.000010	0.000010	0.000010	0.000010	LD_0.9_12_1230
NIC250	0.000010	0.000010	0.000010	0.000010	0.000010	0.000010	0.000012	0.999888	0.000010	0.000010	0.000010	0.000010	LD_0.9_12_1230
NIC2527	0.000010	0.000010	0.000010	0.000010	0.000010	0.000010	0.000010	0.999890	0.000010	0.000010	0.000010	0.000010	LD_0.9_12_1230
NIC309	0.000016	0.000010	0.000013	0.000010	0.000010	0.000010	0.000010	0.598802	0.000010	0.000010	0.401089	0.000010	LD_0.9_12_1230
NIC325	0.000015	0.000010	0.000010	0.000010	0.000010	0.000010	0.000010	0.588641	0.000010	0.000010	0.411255	0.000010	LD_0.9_12_1230
NIC327	0.000010	0.000010	0.000010	0.000010	0.000010	0.000010	0.000010	0.343637	0.000010	0.000010	0.656263	0.000010	LD_0.9_12_1230
NIC329	0.000010	0.000010	0.000010	0.000010	0.000010	0.000010	0.000010	0.498661	0.000010	0.000010	0.501239	0.000010	LD_0.9_12_1230
NIC330	0.000010	0.000010	0.000010	0.000010	0.000010	0.000010	0.000010	0.506705	0.000010	0.000010	0.493195	0.000010	LD_0.9_12_1230
NIC331	0.000010	0.000010	0.000010	0.000010	0.000010	0.000010	0.000010	0.546870	0.000010	0.000010	0.453030	0.000010	LD_0.9_12_1230
NIC332	0.000010	0.000010	0.000010	0.000010	0.000010	0.000010	0.000010	0.440781	0.000010	0.000010	0.559119	0.000010	LD_0.9_12_1230
NIC333	0.000010	0.000010	0.000010	0.000010	0.000010	0.000010	0.000010	0.475167	0.000010	0.000010	0.524733	0.000010	LD_0.9_12_1230
NIC343	0.000010	0.000010	0.000010	0.000010	0.022783	0.000010	0.000010	0.977117	0.000010	0.000010	0.000010	0.000010	LD_0.9_12_1230
NIC392	0.000010	0.000010	0.000010	0.000010	0.000010	0.000010	0.000010	0.835281	0.000010	0.000010	0.164618	0.000010	LD_0.9_12_1230
NIC400	0.000010	0.000010	0.000010	0.000010	0.000010	0.000010	0.000010	0.439528	0.000010	0.000010	0.560372	0.000010	LD_0.9_12_1230
NIC402	0.000010	0.000010	0.000010	0.000010	0.000010	0.000010	0.000010	0.453315	0.000010	0.000010	0.546585	0.000010	LD_0.9_12_1230
NIC419	0.000010	0.000010	0.000010	0.000010	0.963283	0.000010	0.000010	0.036617	0.000010	0.000010	0.000010	0.000010	LD_0.9_12_1230
NIC504	0.000010	0.000010	0.000010	0.000010	0.000010	0.000010	0.999890	0.000010	0.000010	0.000010	0.000010	0.000010	LD_0.9_12_1230
NIC505	0.000010	0.000010	0.000018	0.000010	0.000010	0.000010	0.999882	0.000010	0.000010	0.000010	0.000010	0.000010	LD_0.9_12_1230
NIC518	0.000010	0.000010	0.999890	0.000010	0.000010	0.000010	0.000010	0.000010	0.000010	0.000010	0.000010	0.000010	LD_0.9_12_1230
NIC519	0.000010	0.000010	0.915122	0.000010	0.000010	0.000010	0.084770	0.000010	0.000017	0.000010	0.000010	0.000010	LD_0.9_12_1230
NIC532	0.000010	0.000010	0.000010	0.000010	0.000010	0.000010	0.000010	0.999890	0.000010	0.000010	0.000010	0.000010	LD_0.9_12_1230
NIC541	0.000010	0.000010	0.000010	0.000010	0.000010	0.312375	0.000010	0.425540	0.000010	0.000010	0.261994	0.000010	LD_0.9_12_1230
NIC549	0.000010	0.000010	0.000010	0.000010	0.000010	0.000010	0.000010	0.999886	0.000010	0.000010	0.000014	0.000010	LD_0.9_12_1230
NIC552	0.000010	0.000010	0.000010	0.000010	0.000010	0.000010	0.000010	0.952932	0.000010	0.000010	0.046968	0.000010	LD_0.9_12_1230
NIC555	0.000010	0.000010	0.000010	0.000010	0.000010	0.000010	0.000010	0.836317	0.000010	0.000010	0.163583	0.000010	LD_0.9_12_1230
NIC574	0.000010	0.000010	0.000010	0.000010	0.000010	0.000010	0.000010	0.990330	0.000010	0.000011	0.009569	0.000010	LD_0.9_12_1230
NIC578	0.000010	0.000010	0.000010	0.000010	0.000010	0.000010	0.000010	0.999890	0.000010	0.000010	0.000010	0.000010	LD_0.9_12_1230
NIC583	0.000010	0.000010	0.000010	0.000010	0.000016	0.000010	0.000010	0.867679	0.000010	0.000010	0.132215	0.000010	LD_0.9_12_1230
NIC590	0.000010	0.000010	0.000010	0.000010	0.000010	0.194772	0.000010	0.732147	0.000010	0.000010	0.072991	0.000010	LD_0.9_12_1230
NIC593	0.000010	0.000010	0.000010	0.000010	0.000010	0.000010	0.000010	0.999890	0.000010	0.000010	0.000010	0.000010	LD_0.9_12_1230
NIC60	0.000010	0.000010	0.000010	0.000010	0.000010	0.000010	0.000010	0.684747	0.000010	0.000010	0.315153	0.000010	LD_0.9_12_1230
NIC61	0.000010	0.000010	0.000010	0.000010	0.000012	0.000010	0.000010	0.976363	0.000010	0.000010	0.023535	0.000010	LD_0.9_12_1230
NIC62	0.000010	0.000010	0.000010	0.000010	0.000010	0.000010	0.000010	0.891553	0.000010	0.000010	0.108346	0.000010	LD_0.9_12_1230
NIC67	0.000010	0.000010	0.000010	0.000010	0.999890	0.000010	0.000010	0.000010	0.000010	0.000010	0.000010	0.000010	LD_0.9_12_1230
NIC758	0.000010	0.000010	0.000010	0.000010	0.000010	0.182010	0.000010	0.779520	0.000010	0.000010	0.038380	0.000010	LD_0.9_12_1230
NIC777	0.000010	0.000010	0.000010	0.000010	0.000010	0.000010	0.000010	0.693269	0.000010	0.000010	0.306631	0.000010	LD_0.9_12_1230
NIC779	0.000010	0.000010	0.000010	0.000010	0.000010	0.000010	0.999890	0.000010	0.000010	0.000010	0.000010	0.000010	LD_0.9_12_1230
NIC790	0.000010	0.000010	0.000015	0.000010	0.000010	0.000010	0.000010	0.999883	0.000010	0.000010	0.000012	0.000010	LD_0.9_12_1230
NIC791	0.000010	0.000010	0.000010	0.000010	0.000010	0.923056	0.000010	0.076844	0.000010	0.000010	0.000010	0.000010	LD_0.9_12_1230
NIC792	0.000010	0.000010	0.000011	0.000010	0.000010	0.324224	0.000010	0.675675	0.000010	0.000010	0.000010	0.000010	LD_0.9_12_1230
NIC793	0.000010	0.000010	0.000010	0.000010	0.000010	0.000010	0.000010	0.999890	0.000010	0.000010	0.000010	0.000010	LD_0.9_12_1230
NIC795	0.000010	0.000010	0.000010	0.000010	0.000010	0.000010	0.000010	0.999890	0.000010	0.000010	0.000010	0.000010	LD_0.9_12_1230
NIC796	0.000010	0.008217	0.000010	0.000010	0.000010	0.000010	0.000010	0.991675	0.000018	0.000010	0.000010	0.000010	LD_0.9_12_1230
NIC802	0.000010	0.000010	0.000010	0.000010	0.000010	0.000010	0.000010	0.999890	0.000010	0.000010	0.000010	0.000010	LD_0.9_12_1230
NIC803	0.000010	0.000010	0.000010	0.000010	0.000010	0.000010	0.000010	0.999890	0.000010	0.000010	0.000010	0.000010	LD_0.9_12_1230
NIC805	0.000010	0.000010	0.000010	0.000010	0.000010	0.000010	0.999890	0.000010	0.000010	0.000010	0.000010	0.000010	LD_0.9_12_1230
NIC811	0.000010	0.000010	0.000010	0.000010	0.041705	0.000010	0.000010	0.958195	0.000010	0.000010	0.000010	0.000010	LD_0.9_12_1230
NIC814	0.000010	0.000010	0.000010	0.000010	0.000010	0.000010	0.999890	0.000010	0.000010	0.000010	0.000010	0.000010	LD_0.9_12_1230
NIC815	0.000010	0.000010	0.000010	0.000010	0.000010	0.000010	0.999890	0.000010	0.000010	0.000010	0.000010	0.000010	LD_0.9_12_1230
NIC816	0.000010	0.999890	0.000010	0.000010	0.000010	0.000010	0.000010	0.000010	0.000010	0.000010	0.000010	0.000010	LD_0.9_12_1230
NIC819	0.000010	0.000010	0.000010	0.000010	0.000010	0.000010	0.000010	0.000010	0.000010	0.000010	0.000010	0.999890	LD_0.9_12_1230
NIC821	0.000010	0.000010	0.000011	0.000010	0.000010	0.000010	0.000010	0.998398	0.000012	0.000010	0.001499	0.000010	LD_0.9_12_1230
NIC822	0.000010	0.000010	0.353237	0.000010	0.000010	0.000010	0.646663	0.000010	0.000010	0.000010	0.000010	0.000010	LD_0.9_12_1230
NIC824	0.000010	0.000010	0.000016	0.000010	0.000011	0.000010	0.999883	0.000010	0.000010	0.000010	0.000010	0.000010	LD_0.9_12_1230
NIC825	0.000010	0.999890	0.000010	0.000010	0.000010	0.000010	0.000010	0.000010	0.000010	0.000010	0.000010	0.000010	LD_0.9_12_1230
NIC827	0.000010	0.999889	0.000010	0.000010	0.000010	0.000010	0.000010	0.000010	0.000011	0.000010	0.000010	0.000010	LD_0.9_12_1230
NIC828	0.000010	0.999890	0.000010	0.000010	0.000010	0.000010	0.000010	0.000010	0.000010	0.000010	0.000010	0.000010	LD_0.9_12_1230
NIC863	0.000010	0.000010	0.000010	0.000010	0.000010	0.000010	0.999890	0.000010	0.000010	0.000010	0.000010	0.000010	LD_0.9_12_1230
NIC864	0.000010	0.000010	0.000019	0.000010	0.000010	0.000010	0.999878	0.000013	0.000010	0.000010	0.000010	0.000010	LD_0.9_12_1230
NIC865	0.000010	0.000010	0.000010	0.000010	0.000010	0.000010	0.999890	0.000010	0.000010	0.000010	0.000010	0.000010	LD_0.9_12_1230
NIC871	0.000010	0.000010	0.000010	0.000010	0.000010	0.000010	0.000010	0.999890	0.000010	0.000010	0.000010	0.000010	LD_0.9_12_1230
NIC883	0.000010	0.000010	0.000010	0.000010	0.000010	0.000010	0.000011	0.999889	0.000010	0.000010	0.000010	0.000010	LD_0.9_12_1230
NIC889	0.000010	0.000010	0.000010	0.000010	0.000010	0.000010	0.999890	0.000010	0.000010	0.000010	0.000010	0.000010	LD_0.9_12_1230
NIC893	0.000010	0.000010	0.000010	0.000010	0.000010	0.000010	0.000010	0.006202	0.000010	0.000010	0.000010	0.993698	LD_0.9_12_1230
NIC897	0.000010	0.000013	0.000010	0.000010	0.000010	0.000010	0.999879	0.000018	0.000010	0.000010	0.000010	0.000010	LD_0.9_12_1230
NIC899	0.000010	0.000010	0.000010	0.000010	0.000010	0.000010	0.000010	0.000010	0.999890	0.000010	0.000010	0.000010	LD_0.9_12_1230
NIC901	0.000010	0.000010	0.000010	0.000010	0.000010	0.000010	0.000010	0.999890	0.000010	0.000010	0.000010	0.000010	LD_0.9_12_1230
NIC911	0.000010	0.000010	0.000010	0.000010	0.000010	0.000010	0.000010	0.999890	0.000010	0.000010	0.000010	0.000010	LD_0.9_12_1230
NIC96	0.000010	0.000010	0.000010	0.000010	0.000010	0.000010	0.000010	0.497666	0.000010	0.000010	0.502234	0.000010	LD_0.9_12_1230
NIC984	0.000010	0.000010	0.000010	0.000010	0.000010	0.000010	0.000010	0.999890	0.000010	0.000010	0.000010	0.000010	LD_0.9_12_1230
NIC985	0.000010	0.000010	0.000010	0.000010	0.128547	0.000010	0.000010	0.871353	0.000010	0.000010	0.000010	0.000010	LD_0.9_12_1230
PB800	0.000010	0.000010	0.000010	0.000010	0.000010	0.000010	0.000010	0.000010	0.999890	0.000010	0.000010	0.000010	LD_0.9_12_1230
PB857	0.000010	0.000010	0.000010	0.000010	0.000010	0.000010	0.000010	0.000010	0.999890	0.000010	0.000010	0.000010	LD_0.9_12_1230
PE887	0.000010	0.000010	0.000010	0.000010	0.000010	0.000010	0.000010	0.999890	0.000010	0.000010	0.000010	0.000010	LD_0.9_12_1230
QG1005	0.000010	0.000010	0.000010	0.000010	0.000010	0.000011	0.000010	0.000011	0.000010	0.000010	0.999888	0.000010	LD_0.9_12_1230
QG1007	0.000010	0.000010	0.000010	0.000010	0.000010	0.000010	0.000010	0.000010	0.000010	0.000010	0.999890	0.000010	LD_0.9_12_1230
QG1111	0.000010	0.000010	0.000010	0.000010	0.000010	0.000010	0.000010	0.000010	0.000010	0.000010	0.999890	0.000010	LD_0.9_12_1230
QG1126	0.000010	0.000010	0.000010	0.000010	0.000010	0.000010	0.000010	0.000010	0.000010	0.000010	0.999890	0.000010	LD_0.9_12_1230
QG1141	0.000010	0.000010	0.000010	0.000010	0.000010	0.000010	0.000010	0.006736	0.000010	0.000010	0.993164	0.000010	LD_0.9_12_1230
QG1155	0.000010	0.000010	0.000010	0.000010	0.000010	0.000010	0.000010	0.006771	0.000010	0.000010	0.993129	0.000010	LD_0.9_12_1230
QG130	0.000010	0.000010	0.000010	0.000010	0.000010	0.000010	0.000010	0.999890	0.000010	0.000010	0.000010	0.000010	LD_0.9_12_1230
QG132	0.000010	0.000010	0.000010	0.000010	0.000010	0.000010	0.000010	0.999882	0.000010	0.000010	0.000018	0.000010	LD_0.9_12_1230
QG133	0.000010	0.000011	0.016940	0.000010	0.000010	0.000010	0.963804	0.019165	0.000010	0.000010	0.000010	0.000010	LD_0.9_12_1230
QG2641	0.000010	0.000010	0.000010	0.000010	0.000010	0.000010	0.000010	0.000010	0.000010	0.000010	0.999890	0.000010	LD_0.9_12_1230
QG2648	0.000010	0.000010	0.000010	0.000010	0.000010	0.000010	0.000010	0.000010	0.000010	0.000010	0.999890	0.000010	LD_0.9_12_1230
QG2659	0.000010	0.000010	0.000010	0.000010	0.000010	0.000010	0.000010	0.000010	0.000010	0.000010	0.999890	0.000010	LD_0.9_12_1230
QG2663	0.000010	0.000010	0.000010	0.000010	0.000010	0.000010	0.000010	0.000010	0.000010	0.000010	0.999890	0.000010	LD_0.9_12_1230
QG2665	0.000010	0.000010	0.000010	0.000010	0.000010	0.000010	0.000010	0.000010	0.000010	0.000010	0.999890	0.000010	LD_0.9_12_1230
QG2683	0.000010	0.000010	0.000010	0.000010	0.000010	0.000010	0.000010	0.000010	0.000010	0.000010	0.999890	0.000010	LD_0.9_12_1230
QG2736	0.000010	0.000010	0.000010	0.000010	0.000010	0.000010	0.000010	0.000010	0.000010	0.000010	0.999890	0.000010	LD_0.9_12_1230
QG2814	0.000010	0.000010	0.000010	0.000010	0.000010	0.000010	0.000010	0.999890	0.000010	0.000010	0.000010	0.000010	LD_0.9_12_1230
QG2820	0.000010	0.000010	0.000010	0.000010	0.000010	0.000010	0.000010	0.999890	0.000010	0.000010	0.000010	0.000010	LD_0.9_12_1230
QG2848	0.000010	0.000010	0.000010	0.000010	0.000010	0.000010	0.000010	0.999890	0.000010	0.000010	0.000010	0.000010	LD_0.9_12_1230
QG2880	0.000010	0.000010	0.000010	0.000010	0.000010	0.999890	0.000010	0.000010	0.000010	0.000010	0.000010	0.000010	LD_0.9_12_1230
QG2881	0.000010	0.000010	0.000010	0.000010	0.000010	0.000010	0.000010	0.999890	0.000010	0.000010	0.000010	0.000010	LD_0.9_12_1230
QG2883	0.000010	0.000010	0.000010	0.000010	0.000010	0.000010	0.000010	0.999890	0.000010	0.000010	0.000010	0.000010	LD_0.9_12_1230
QG2884	0.000010	0.000010	0.000010	0.000010	0.000010	0.999883	0.000010	0.000010	0.000010	0.000010	0.000017	0.000010	LD_0.9_12_1230
QG2891	0.000010	0.000010	0.000010	0.999890	0.000010	0.000010	0.000010	0.000010	0.000010	0.000010	0.000010	0.000010	LD_0.9_12_1230
QG2892	0.000010	0.000010	0.000010	0.000010	0.000010	0.999890	0.000010	0.000010	0.000010	0.000010	0.000010	0.000010	LD_0.9_12_1230
QG2893	0.000010	0.000010	0.000010	0.000010	0.000010	0.000010	0.000010	0.000010	0.000010	0.999890	0.000010	0.000010	LD_0.9_12_1230
QG2895	0.000010	0.000010	0.000010	0.000010	0.000010	0.999890	0.000010	0.000010	0.000010	0.000010	0.000010	0.000010	LD_0.9_12_1230
QG2902	0.000010	0.000010	0.000010	0.000010	0.000010	0.999890	0.000010	0.000010	0.000010	0.000010	0.000010	0.000010	LD_0.9_12_1230
QG2903	0.000011	0.000010	0.000010	0.000010	0.000010	0.999889	0.000010	0.000010	0.000010	0.000010	0.000010	0.000010	LD_0.9_12_1230
QG2906	0.000010	0.000010	0.000010	0.000010	0.000010	0.999890	0.000010	0.000010	0.000010	0.000010	0.000010	0.000010	LD_0.9_12_1230
QG2908	0.000010	0.000010	0.000010	0.000010	0.000010	0.000010	0.000010	0.000010	0.000010	0.999882	0.000018	0.000010	LD_0.9_12_1230
QG2910	0.000010	0.000010	0.000010	0.000010	0.000010	0.000013	0.000010	0.999887	0.000010	0.000010	0.000010	0.000010	LD_0.9_12_1230
QG2919	0.000010	0.000010	0.000010	0.684437	0.000010	0.000010	0.000010	0.000010	0.000010	0.315463	0.000010	0.000010	LD_0.9_12_1230
QG2923	0.000010	0.000010	0.000010	0.000010	0.000010	0.999890	0.000010	0.000010	0.000010	0.000010	0.000010	0.000010	LD_0.9_12_1230
QG2925	0.000010	0.000010	0.000010	0.000010	0.000010	0.999890	0.000010	0.000010	0.000010	0.000010	0.000010	0.000010	LD_0.9_12_1230
QG2964	0.000010	0.000010	0.000010	0.000010	0.000010	0.000010	0.000010	0.000010	0.000010	0.000010	0.999890	0.000010	LD_0.9_12_1230
QG2966	0.000010	0.000010	0.000018	0.000010	0.000010	0.000010	0.000010	0.355661	0.000010	0.000010	0.644231	0.000010	LD_0.9_12_1230
QG2969	0.000010	0.000010	0.000010	0.000010	0.000010	0.000010	0.000010	0.000010	0.000010	0.000010	0.999890	0.000010	LD_0.9_12_1230
QG2972	0.000010	0.000010	0.000010	0.000010	0.000010	0.000010	0.000010	0.000010	0.000010	0.000010	0.999890	0.000010	LD_0.9_12_1230
QG2996	0.000010	0.000010	0.000010	0.000010	0.000010	0.000010	0.000010	0.000010	0.000010	0.000010	0.999890	0.000010	LD_0.9_12_1230
QG3004	0.000010	0.000010	0.000015	0.000010	0.000010	0.000010	0.000010	0.157903	0.000010	0.000010	0.841992	0.000010	LD_0.9_12_1230
QG3006	0.000010	0.000010	0.000010	0.000010	0.000010	0.000010	0.000010	0.000010	0.000010	0.000010	0.999890	0.000010	LD_0.9_12_1230
QG3019	0.000010	0.000010	0.000010	0.000010	0.000010	0.000011	0.000010	0.042855	0.000010	0.000010	0.957043	0.000010	LD_0.9_12_1230
QG3025	0.000010	0.000010	0.000010	0.000010	0.000010	0.000010	0.000010	0.000010	0.000010	0.000010	0.999890	0.000010	LD_0.9_12_1230
QG3030	0.000010	0.000014	0.000010	0.000010	0.000010	0.000010	0.000012	0.000010	0.000010	0.000010	0.999884	0.000010	LD_0.9_12_1230
QG3032	0.000010	0.000010	0.000010	0.000010	0.000010	0.000010	0.000010	0.161920	0.000010	0.000010	0.837980	0.000010	LD_0.9_12_1230
QG3034	0.000010	0.000010	0.000010	0.000010	0.000010	0.000010	0.000010	0.000010	0.000010	0.000010	0.999890	0.000010	LD_0.9_12_1230
QG3041	0.000010	0.000014	0.000010	0.000010	0.000010	0.000010	0.000010	0.000017	0.000010	0.000010	0.999878	0.000010	LD_0.9_12_1230
QG3053	0.000010	0.000010	0.000010	0.000010	0.000010	0.000010	0.000010	0.999888	0.000010	0.000010	0.000012	0.000010	LD_0.9_12_1230
QG3056	0.000010	0.000010	0.000010	0.000010	0.000010	0.000010	0.000010	0.359659	0.000010	0.000010	0.640241	0.000010	LD_0.9_12_1230
QG3057	0.000010	0.000014	0.000010	0.000010	0.000010	0.000010	0.000010	0.000010	0.000013	0.000010	0.999883	0.000010	LD_0.9_12_1230
QG3058	0.000010	0.000011	0.000012	0.000010	0.000010	0.000010	0.000010	0.000012	0.000010	0.000010	0.999885	0.000010	LD_0.9_12_1230
QG3527	0.000010	0.000010	0.000010	0.000010	0.000010	0.000010	0.000010	0.829615	0.000010	0.000010	0.170285	0.000010	LD_0.9_12_1230
QG3661	0.000010	0.000010	0.000010	0.000010	0.000010	0.000010	0.000010	0.000012	0.999888	0.000010	0.000010	0.000010	LD_0.9_12_1230
QG3783	0.000010	0.000010	0.000010	0.000010	0.000010	0.000010	0.000010	0.870681	0.000010	0.000010	0.129219	0.000010	LD_0.9_12_1230
QG3801	0.000010	0.000010	0.000010	0.000010	0.000010	0.000010	0.000010	0.049570	0.000010	0.000010	0.950330	0.000010	LD_0.9_12_1230
QG3815	0.000010	0.000010	0.000010	0.000010	0.000010	0.000010	0.000010	0.864013	0.000010	0.000010	0.135887	0.000010	LD_0.9_12_1230
QG3816	0.000010	0.000010	0.000010	0.000010	0.000010	0.000010	0.000010	0.893908	0.000010	0.000010	0.105992	0.000010	LD_0.9_12_1230
QG3823	0.000010	0.000010	0.000010	0.000010	0.000339	0.005197	0.000010	0.052593	0.000010	0.000010	0.941791	0.000010	LD_0.9_12_1230
QG3825	0.000010	0.000010	0.000010	0.000010	0.000010	0.000010	0.000010	0.958505	0.000010	0.000010	0.041395	0.000010	LD_0.9_12_1230
QG3826	0.000010	0.000010	0.000010	0.000010	0.000010	0.000010	0.000010	0.866054	0.000010	0.000010	0.133846	0.000010	LD_0.9_12_1230
QG3837	0.000010	0.000010	0.000010	0.000010	0.000010	0.000010	0.000010	0.969762	0.000010	0.000010	0.030138	0.000010	LD_0.9_12_1230
QG3851	0.000010	0.000010	0.000010	0.000010	0.000010	0.000013	0.000010	0.853085	0.000010	0.000010	0.146812	0.000010	LD_0.9_12_1230
QG3861	0.000010	0.000010	0.000010	0.000010	0.000010	0.000010	0.000010	0.881915	0.000010	0.000010	0.117985	0.000010	LD_0.9_12_1230
QG3867	0.000010	0.000010	0.000010	0.000010	0.000010	0.000010	0.000010	0.085493	0.000010	0.000010	0.914407	0.000010	LD_0.9_12_1230
QG3874	0.000012	0.000010	0.000010	0.000010	0.000010	0.000010	0.000010	0.953919	0.000010	0.000010	0.045979	0.000010	LD_0.9_12_1230
QG3875	0.000010	0.000010	0.000010	0.000010	0.000010	0.000010	0.000010	0.892847	0.000010	0.000010	0.107053	0.000010	LD_0.9_12_1230
QG3876	0.000010	0.000010	0.000010	0.000010	0.000010	0.000012	0.000010	0.857096	0.000010	0.000010	0.142802	0.000010	LD_0.9_12_1230
QG3878	0.000010	0.000010	0.000010	0.000010	0.000010	0.000010	0.000010	0.885861	0.000010	0.000010	0.114039	0.000010	LD_0.9_12_1230
QG3920	0.000010	0.000010	0.000010	0.000010	0.000010	0.000010	0.000016	0.815833	0.000010	0.000010	0.184061	0.000010	LD_0.9_12_1230
QG3921	0.000010	0.000010	0.000010	0.000010	0.000010	0.000010	0.000014	0.833066	0.000010	0.000010	0.166830	0.000010	LD_0.9_12_1230
QG3923	0.000010	0.000010	0.000010	0.000010	0.000010	0.000010	0.000010	0.933469	0.000010	0.000010	0.066431	0.000010	LD_0.9_12_1230
QG3924	0.000019	0.000014	0.000010	0.000010	0.000012	0.000010	0.000018	0.659194	0.000010	0.000010	0.340684	0.000010	LD_0.9_12_1230
QG3925	0.000010	0.000010	0.000014	0.000010	0.000010	0.000011	0.000010	0.842480	0.000010	0.000010	0.157416	0.000010	LD_0.9_12_1230
QG3926	0.000010	0.000010	0.000010	0.000010	0.000010	0.000010	0.000010	0.875760	0.000010	0.000010	0.124140	0.000010	LD_0.9_12_1230
QG3927	0.000010	0.000010	0.000010	0.000010	0.000017	0.000010	0.000010	0.868571	0.000010	0.000010	0.131322	0.000010	LD_0.9_12_1230
QG3931	0.000010	0.000010	0.000010	0.000010	0.000010	0.000010	0.000010	0.659397	0.000010	0.000010	0.340503	0.000010	LD_0.9_12_1230
QG3932	0.000010	0.000010	0.000010	0.000010	0.000010	0.000010	0.000010	0.833049	0.000010	0.000010	0.166851	0.000010	LD_0.9_12_1230
QG3933	0.000010	0.000010	0.000010	0.000010	0.000010	0.000010	0.000010	0.999890	0.000010	0.000010	0.000010	0.000010	LD_0.9_12_1230
QG4026	0.000011	0.000010	0.000010	0.999889	0.000010	0.000010	0.000010	0.000010	0.000010	0.000010	0.000010	0.000010	LD_0.9_12_1230
QG4028	0.000010	0.000010	0.000010	0.999889	0.000010	0.000010	0.000010	0.000010	0.000010	0.000011	0.000010	0.000010	LD_0.9_12_1230
QG4031	0.000010	0.000010	0.000010	0.999890	0.000010	0.000010	0.000010	0.000010	0.000010	0.000010	0.000010	0.000010	LD_0.9_12_1230
QG4063	0.000011	0.000010	0.000010	0.999889	0.000010	0.000010	0.000010	0.000010	0.000010	0.000010	0.000010	0.000010	LD_0.9_12_1230
QG4064	0.000010	0.000010	0.000010	0.999884	0.000010	0.000010	0.000010	0.000016	0.000010	0.000010	0.000010	0.000010	LD_0.9_12_1230
QG4067	0.000010	0.000010	0.000010	0.999890	0.000010	0.000010	0.000010	0.000010	0.000010	0.000010	0.000010	0.000010	LD_0.9_12_1230
QG4068	0.000010	0.000010	0.000010	0.999890	0.000010	0.000010	0.000010	0.000010	0.000010	0.000010	0.000010	0.000010	LD_0.9_12_1230
QG4070	0.000010	0.000010	0.000010	0.000010	0.000010	0.000010	0.000010	0.999890	0.000010	0.000010	0.000010	0.000010	LD_0.9_12_1230
QG4093	0.000010	0.000010	0.000010	0.235523	0.000010	0.000010	0.000010	0.000010	0.000010	0.764376	0.000011	0.000010	LD_0.9_12_1230
QG4094	0.000010	0.000010	0.000010	0.731435	0.000010	0.000010	0.000010	0.000010	0.000010	0.268465	0.000010	0.000010	LD_0.9_12_1230
QG4095	0.000010	0.000010	0.000010	0.999890	0.000010	0.000010	0.000010	0.000010	0.000010	0.000010	0.000010	0.000010	LD_0.9_12_1230
QG4096	0.000015	0.000010	0.000010	0.999885	0.000010	0.000010	0.000010	0.000010	0.000010	0.000010	0.000010	0.000010	LD_0.9_12_1230
QG4097	0.000010	0.000010	0.000010	0.999890	0.000010	0.000010	0.000010	0.000010	0.000010	0.000010	0.000010	0.000010	LD_0.9_12_1230
QG4104	0.000010	0.000010	0.000016	0.999884	0.000010	0.000010	0.000010	0.000010	0.000010	0.000010	0.000010	0.000010	LD_0.9_12_1230
QG4114	0.000010	0.000010	0.000010	0.999890	0.000010	0.000010	0.000010	0.000010	0.000010	0.000010	0.000010	0.000010	LD_0.9_12_1230
QG4131	0.000010	0.000010	0.000010	0.999890	0.000010	0.000010	0.000010	0.000010	0.000010	0.000010	0.000010	0.000010	LD_0.9_12_1230
QG4132	0.000010	0.000010	0.000010	0.999890	0.000010	0.000010	0.000010	0.000010	0.000010	0.000010	0.000010	0.000010	LD_0.9_12_1230
QG4208	0.000010	0.000010	0.000010	0.000010	0.000010	0.000010	0.000010	0.000010	0.000011	0.999889	0.000010	0.000010	LD_0.9_12_1230
QG4214	0.000010	0.000010	0.000010	0.999890	0.000010	0.000010	0.000010	0.000010	0.000010	0.000010	0.000010	0.000010	LD_0.9_12_1230
QG4225	0.000010	0.000010	0.000010	0.999886	0.000010	0.000010	0.000010	0.000010	0.000010	0.000014	0.000010	0.000010	LD_0.9_12_1230
QG4232	0.000010	0.000010	0.000010	0.507421	0.000010	0.000010	0.000010	0.000010	0.000010	0.492479	0.000010	0.000010	LD_0.9_12_1230
QG4233	0.000010	0.000010	0.000010	0.808491	0.000010	0.000010	0.000010	0.000010	0.000010	0.191409	0.000010	0.000010	LD_0.9_12_1230
QG4647	0.000010	0.000010	0.000010	0.000010	0.000010	0.999886	0.000010	0.000010	0.000010	0.000010	0.000014	0.000010	LD_0.9_12_1230
QG4648	0.000010	0.000010	0.000010	0.000010	0.000010	0.020696	0.000010	0.979204	0.000010	0.000010	0.000010	0.000010	LD_0.9_12_1230
QG4683	0.000010	0.000010	0.000010	0.000010	0.000010	0.000010	0.000010	0.999890	0.000010	0.000010	0.000010	0.000010	LD_0.9_12_1230
QG4701	0.000010	0.000010	0.000010	0.000010	0.000010	0.598347	0.000010	0.401553	0.000010	0.000010	0.000010	0.000010	LD_0.9_12_1230
QG4706	0.000010	0.000010	0.000010	0.000010	0.000010	0.000010	0.000010	0.999890	0.000010	0.000010	0.000010	0.000010	LD_0.9_12_1230
QG4718	0.000010	0.000010	0.000010	0.000010	0.000010	0.000010	0.000010	0.999890	0.000010	0.000010	0.000010	0.000010	LD_0.9_12_1230
QG4742	0.000010	0.000010	0.000010	0.000010	0.000010	0.025325	0.000010	0.974575	0.000010	0.000010	0.000010	0.000010	LD_0.9_12_1230
QG4805	0.000010	0.000010	0.000010	0.000010	0.000010	0.999890	0.000010	0.000010	0.000010	0.000010	0.000010	0.000010	LD_0.9_12_1230
QG4847	0.000010	0.000010	0.000010	0.000010	0.000010	0.000010	0.000010	0.999890	0.000010	0.000010	0.000010	0.000010	LD_0.9_12_1230
QG4966	0.000010	0.000010	0.000010	0.000010	0.000010	0.000010	0.000010	0.999890	0.000010	0.000010	0.000010	0.000010	LD_0.9_12_1230
QG5348	0.000010	0.000010	0.000010	0.000010	0.000010	0.000010	0.000010	0.999890	0.000010	0.000010	0.000010	0.000010	LD_0.9_12_1230
QG5406	0.000010	0.000010	0.000010	0.000010	0.000010	0.000010	0.000018	0.999882	0.000010	0.000010	0.000010	0.000010	LD_0.9_12_1230
QG547	0.000010	0.000010	0.000015	0.000010	0.000010	0.000010	0.000010	0.000010	0.999885	0.000010	0.000010	0.000010	LD_0.9_12_1230
QG5474	0.000010	0.000010	0.000010	0.000010	0.000010	0.663642	0.000010	0.336258	0.000010	0.000010	0.000010	0.000010	LD_0.9_12_1230
QG5488	0.000010	0.000010	0.000015	0.000010	0.000010	0.002135	0.000010	0.997761	0.000010	0.000010	0.000010	0.000010	LD_0.9_12_1230
QG550	0.000010	0.000012	0.000010	0.000010	0.514513	0.069486	0.000010	0.415908	0.000010	0.000010	0.000010	0.000010	LD_0.9_12_1230
QG5507	0.000010	0.000010	0.000010	0.000010	0.000010	0.212866	0.000010	0.787034	0.000010	0.000010	0.000010	0.000010	LD_0.9_12_1230
QG5525	0.000010	0.000010	0.000010	0.000010	0.000010	0.007769	0.000010	0.992131	0.000010	0.000010	0.000010	0.000010	LD_0.9_12_1230
QG5589	0.000010	0.000010	0.000010	0.000010	0.000010	0.839935	0.000010	0.159965	0.000010	0.000010	0.000010	0.000010	LD_0.9_12_1230
QG5603	0.000010	0.000010	0.000010	0.000010	0.000010	0.669783	0.000010	0.330117	0.000010	0.000010	0.000010	0.000010	LD_0.9_12_1230
QG5611	0.000010	0.000010	0.000010	0.000010	0.000010	0.000010	0.000010	0.999890	0.000010	0.000010	0.000010	0.000010	LD_0.9_12_1230
QG5612	0.000010	0.000010	0.000010	0.000010	0.000010	0.000010	0.000010	0.985786	0.000010	0.000010	0.014114	0.000010	LD_0.9_12_1230
QG5633	0.000010	0.000010	0.000010	0.000010	0.000010	0.023290	0.000010	0.976610	0.000010	0.000010	0.000010	0.000010	LD_0.9_12_1230
QG581	0.000010	0.000010	0.000019	0.000010	0.000010	0.000010	0.000010	0.000010	0.999881	0.000010	0.000010	0.000010	LD_0.9_12_1230
QG588	0.000010	0.000010	0.000010	0.000010	0.000010	0.000010	0.000010	0.000010	0.999890	0.000010	0.000010	0.000010	LD_0.9_12_1230
QG700	0.000010	0.000010	0.000010	0.000010	0.000010	0.000010	0.000010	0.122189	0.000010	0.000010	0.877711	0.000010	LD_0.9_12_1230
QG727	0.000010	0.000017	0.000010	0.000010	0.000010	0.000010	0.000010	0.000014	0.000010	0.000010	0.999878	0.000010	LD_0.9_12_1230
QG733	0.000010	0.000010	0.000010	0.000010	0.000010	0.000010	0.000010	0.000010	0.000010	0.000010	0.999890	0.000010	LD_0.9_12_1230
QG736	0.000010	0.000010	0.000010	0.000010	0.000010	0.000012	0.000010	0.000010	0.000010	0.000010	0.999888	0.000010	LD_0.9_12_1230
QG737	0.000010	0.000010	0.000010	0.000010	0.000010	0.000010	0.000010	0.000010	0.000010	0.000010	0.999890	0.000010	LD_0.9_12_1230
QG739	0.000010	0.000010	0.000010	0.000010	0.000010	0.000010	0.000010	0.000010	0.000010	0.000010	0.999890	0.000010	LD_0.9_12_1230
QG761	0.000010	0.000010	0.000010	0.000010	0.000010	0.000010	0.000010	0.193928	0.000010	0.000010	0.805972	0.000010	LD_0.9_12_1230
QG763	0.000010	0.000010	0.000010	0.000010	0.000010	0.000010	0.000010	0.000010	0.000010	0.000010	0.999890	0.000010	LD_0.9_12_1230
QG776	0.000010	0.000010	0.000010	0.000010	0.000010	0.000010	0.000010	0.007309	0.000010	0.000010	0.992590	0.000010	LD_0.9_12_1230
QG781	0.000010	0.000010	0.000010	0.000010	0.000010	0.000010	0.000010	0.000010	0.000010	0.000010	0.999890	0.000010	LD_0.9_12_1230
QG784	0.000010	0.000015	0.000014	0.000010	0.000010	0.000010	0.000010	0.000010	0.000010	0.000010	0.999882	0.000010	LD_0.9_12_1230
QG786	0.000010	0.000010	0.000010	0.000010	0.000010	0.000010	0.000010	0.000010	0.000010	0.000010	0.999890	0.000010	LD_0.9_12_1230
QG788	0.000010	0.000010	0.000010	0.000010	0.000010	0.000010	0.000010	0.000010	0.000010	0.000010	0.999890	0.000010	LD_0.9_12_1230
QG790	0.000010	0.000010	0.000010	0.000010	0.000010	0.000010	0.000010	0.000010	0.000010	0.000010	0.999890	0.000010	LD_0.9_12_1230
QG791	0.000010	0.000010	0.000010	0.000010	0.000010	0.000010	0.000010	0.035480	0.000010	0.000010	0.964420	0.000010	LD_0.9_12_1230
QG795	0.000010	0.000010	0.000010	0.000010	0.000010	0.000010	0.000010	0.228889	0.000010	0.000010	0.771011	0.000010	LD_0.9_12_1230
QG797	0.000010	0.000010	0.000010	0.000010	0.000010	0.000010	0.000010	0.000010	0.000010	0.000010	0.999890	0.000010	LD_0.9_12_1230
QG802	0.000010	0.000010	0.000010	0.000010	0.000010	0.000010	0.000010	0.000010	0.000010	0.000010	0.999890	0.000010	LD_0.9_12_1230
QG804	0.000010	0.000010	0.000010	0.000010	0.000010	0.000010	0.000010	0.000010	0.000010	0.000010	0.999890	0.000010	LD_0.9_12_1230
QG806	0.000010	0.000010	0.000010	0.000010	0.000010	0.000010	0.000010	0.000010	0.000010	0.000010	0.999890	0.000010	LD_0.9_12_1230
QG807	0.000010	0.000010	0.000010	0.000010	0.000010	0.000010	0.000010	0.000010	0.000011	0.000010	0.999889	0.000010	LD_0.9_12_1230
QG808	0.000010	0.000010	0.000010	0.000010	0.000010	0.000010	0.000010	0.016460	0.000010	0.000010	0.983440	0.000010	LD_0.9_12_1230
QG809	0.000010	0.000010	0.000012	0.000012	0.000010	0.000010	0.000010	0.000010	0.000010	0.000010	0.999886	0.000010	LD_0.9_12_1230
QG825	0.000010	0.000010	0.000010	0.000010	0.000013	0.000010	0.000010	0.000010	0.000010	0.000010	0.999887	0.000010	LD_0.9_12_1230
QG827	0.000010	0.000010	0.000010	0.000010	0.000011	0.000010	0.000010	0.000010	0.000010	0.000010	0.999889	0.000010	LD_0.9_12_1230
QG828	0.000010	0.000010	0.000010	0.000010	0.000013	0.000010	0.000010	0.000010	0.000010	0.000010	0.999887	0.000010	LD_0.9_12_1230
QG833	0.000010	0.000010	0.000010	0.000010	0.000010	0.000010	0.000010	0.026048	0.000010	0.000010	0.973852	0.000010	LD_0.9_12_1230
QG855	0.000010	0.000010	0.000012	0.000010	0.000010	0.000011	0.000010	0.008315	0.000010	0.000010	0.991583	0.000010	LD_0.9_12_1230
QG856	0.000010	0.000010	0.000010	0.000010	0.000010	0.000010	0.000010	0.000010	0.000010	0.000010	0.999890	0.000010	LD_0.9_12_1230
QG858	0.000010	0.000010	0.000010	0.000010	0.000010	0.000010	0.000010	0.000010	0.000010	0.000010	0.999890	0.000010	LD_0.9_12_1230
QG860	0.000010	0.000010	0.000010	0.000010	0.000010	0.000010	0.000010	0.172889	0.000010	0.000010	0.827011	0.000010	LD_0.9_12_1230
QG864	0.000010	0.000010	0.000010	0.000010	0.000010	0.000010	0.000010	0.000010	0.000010	0.000010	0.999890	0.000010	LD_0.9_12_1230
QG865	0.000010	0.000010	0.000010	0.000010	0.000010	0.000010	0.000010	0.000010	0.000010	0.000010	0.999890	0.000010	LD_0.9_12_1230
QG866	0.000010	0.000010	0.000010	0.000010	0.000010	0.000010	0.000010	0.000013	0.000010	0.000010	0.999887	0.000010	LD_0.9_12_1230
QG868	0.000010	0.000010	0.000010	0.000010	0.000010	0.000010	0.000010	0.000015	0.000010	0.000010	0.999885	0.000010	LD_0.9_12_1230
QG874	0.000010	0.000010	0.000010	0.000010	0.000010	0.000010	0.000010	0.000010	0.000010	0.000010	0.999890	0.000010	LD_0.9_12_1230
QG875	0.000010	0.000010	0.000010	0.000010	0.000010	0.000010	0.000010	0.000010	0.000010	0.000015	0.999885	0.000010	LD_0.9_12_1230
QG878	0.000010	0.000010	0.000010	0.000010	0.000010	0.000010	0.000010	0.010915	0.000010	0.000010	0.988985	0.000010	LD_0.9_12_1230
QG879	0.000010	0.000010	0.000010	0.000010	0.000010	0.000010	0.000010	0.000010	0.000010	0.000010	0.999890	0.000010	LD_0.9_12_1230
QG880	0.000010	0.000010	0.000010	0.000010	0.000010	0.000012	0.000010	0.000010	0.000010	0.000010	0.999888	0.000010	LD_0.9_12_1230
QG881	0.000010	0.000010	0.000010	0.000010	0.000010	0.000010	0.000010	0.200380	0.000010	0.000010	0.799520	0.000010	LD_0.9_12_1230
QG887	0.000010	0.000010	0.000010	0.000010	0.000010	0.000010	0.000010	0.000010	0.000010	0.000010	0.999890	0.000010	LD_0.9_12_1230
QG888	0.000010	0.000010	0.000010	0.000010	0.000010	0.000010	0.000010	0.000010	0.000010	0.000010	0.999890	0.000010	LD_0.9_12_1230
QG926	0.000010	0.000010	0.000010	0.000010	0.000010	0.000010	0.000010	0.000010	0.000010	0.000010	0.999890	0.000010	LD_0.9_12_1230
QG927	0.000010	0.000010	0.000010	0.000010	0.000010	0.000010	0.000010	0.937842	0.000010	0.000010	0.062058	0.000010	LD_0.9_12_1230
QG933	0.000010	0.000010	0.000010	0.000010	0.000010	0.000010	0.000010	0.000010	0.000010	0.000010	0.999890	0.000010	LD_0.9_12_1230
QG937	0.000010	0.000010	0.000010	0.000010	0.000010	0.000010	0.000010	0.000010	0.000010	0.000010	0.999890	0.000010	LD_0.9_12_1230
QG945	0.000010	0.000010	0.000010	0.000010	0.000010	0.000010	0.000010	0.000010	0.000010	0.000010	0.999890	0.000010	LD_0.9_12_1230
QG946	0.000010	0.000010	0.000010	0.000010	0.000010	0.000010	0.000010	0.000010	0.000010	0.000010	0.999890	0.000010	LD_0.9_12_1230
QG947	0.000010	0.000010	0.000010	0.000010	0.000010	0.000010	0.000010	0.000010	0.000010	0.000010	0.999890	0.000010	LD_0.9_12_1230
QG948	0.000010	0.000010	0.000010	0.000010	0.000010	0.000010	0.000010	0.000010	0.000010	0.000010	0.999890	0.000010	LD_0.9_12_1230
QG952	0.000010	0.000010	0.000010	0.000010	0.000010	0.000010	0.000010	0.089300	0.000010	0.000010	0.910600	0.000010	LD_0.9_12_1230
QG978	0.000010	0.000010	0.000010	0.000010	0.000011	0.000010	0.000010	0.106716	0.000010	0.000010	0.893183	0.000010	LD_0.9_12_1230
QG980	0.000010	0.000010	0.000010	0.000010	0.000014	0.000010	0.000010	0.000010	0.000010	0.000010	0.999886	0.000010	LD_0.9_12_1230
QG986	0.000010	0.000010	0.000010	0.000010	0.000011	0.000010	0.000010	0.007085	0.000010	0.000010	0.992815	0.000010	LD_0.9_12_1230
QG991	0.000010	0.000010	0.000010	0.000010	0.000010	0.000010	0.000010	0.000010	0.000010	0.000010	0.999890	0.000010	LD_0.9_12_1230
QG994	0.000013	0.000010	0.000010	0.000010	0.000010	0.000010	0.000010	0.000010	0.000010	0.000010	0.999887	0.000010	LD_0.9_12_1230
QG995	0.000010	0.000014	0.000010	0.000010	0.000010	0.000010	0.000010	0.000010	0.000010	0.000010	0.999886	0.000010	LD_0.9_12_1230
QG997	0.000010	0.000010	0.000010	0.000010	0.000011	0.000010	0.000010	0.000010	0.000010	0.000010	0.999889	0.000010	LD_0.9_12_1230
QG998	0.000010	0.000010	0.000010	0.000010	0.000010	0.000010	0.000010	0.000010	0.000010	0.000010	0.999890	0.000010	LD_0.9_12_1230
QR25	0.000010	0.048091	0.000010	0.000010	0.000010	0.000010	0.059224	0.153922	0.318927	0.256221	0.000010	0.163554	LD_0.9_12_1230
QX1410	0.000010	0.000010	0.000010	0.000010	0.000010	0.000010	0.000010	0.999889	0.000010	0.000010	0.000010	0.000010	LD_0.9_12_1230
QX1547	0.000010	0.000012	0.000010	0.000011	0.000010	0.000010	0.000010	0.000010	0.999886	0.000010	0.000010	0.000010	LD_0.9_12_1230
QX1795	0.000010	0.000010	0.000010	0.000010	0.000010	0.000010	0.000010	0.999890	0.000010	0.000010	0.000010	0.000010	LD_0.9_12_1230
QX1796	0.000010	0.000010	0.000010	0.000010	0.000010	0.000014	0.000010	0.999886	0.000010	0.000010	0.000010	0.000010	LD_0.9_12_1230
QX1798	0.000010	0.000011	0.000010	0.000010	0.000010	0.000010	0.999887	0.000010	0.000010	0.000010	0.000013	0.000010	LD_0.9_12_1230
QX1800	0.000010	0.000010	0.000010	0.000010	0.000010	0.000010	0.000010	0.999890	0.000010	0.000010	0.000010	0.000010	LD_0.9_12_1230
QX1801	0.000010	0.000010	0.000010	0.000010	0.000011	0.000010	0.000010	0.999889	0.000010	0.000010	0.000010	0.000010	LD_0.9_12_1230
QX1802	0.000010	0.000010	0.000010	0.000010	0.000010	0.000010	0.000010	0.999890	0.000010	0.000010	0.000010	0.000010	LD_0.9_12_1230
QX1803	0.000010	0.000010	0.000010	0.000010	0.000010	0.000010	0.000010	0.999890	0.000010	0.000010	0.000010	0.000010	LD_0.9_12_1230
QX1804	0.000013	0.000010	0.000016	0.000010	0.000010	0.000010	0.000010	0.999881	0.000010	0.000010	0.000010	0.000010	LD_0.9_12_1230
SOW18	0.000010	0.000010	0.000010	0.000010	0.000010	0.000010	0.000010	0.000010	0.999890	0.000010	0.000010	0.000010	LD_0.9_12_1230
SOW21	0.000010	0.000010	0.000010	0.000010	0.000010	0.000010	0.000010	0.000010	0.999890	0.000010	0.000010	0.000010	LD_0.9_12_1230
SOW22	0.000010	0.000010	0.000010	0.000010	0.000010	0.000010	0.000010	0.000010	0.999890	0.000010	0.000010	0.000010	LD_0.9_12_1230
TT3408	0.000010	0.000010	0.000010	0.000012	0.000010	0.000010	0.000010	0.999885	0.000013	0.000010	0.000010	0.000010	LD_0.9_12_1230
TT3411	0.000010	0.000010	0.000010	0.000010	0.000010	0.000010	0.000010	0.999890	0.000010	0.000010	0.000010	0.000010	LD_0.9_12_1230
TWN1772	0.000010	0.000010	0.000010	0.000010	0.000010	0.000010	0.999890	0.000010	0.000010	0.000010	0.000010	0.000010	LD_0.9_12_1230
TWN1824	0.000010	0.999890	0.000010	0.000010	0.000010	0.000010	0.000010	0.000010	0.000010	0.000010	0.000010	0.000010	LD_0.9_12_1230
TWN1899	0.000010	0.999888	0.000010	0.000010	0.000012	0.000010	0.000010	0.000010	0.000010	0.000010	0.000010	0.000010	LD_0.9_12_1230
TWN1907	0.000010	0.000010	0.999889	0.000010	0.000010	0.000010	0.000010	0.000010	0.000010	0.000010	0.000011	0.000010	LD_0.9_12_1230
TWN2919	0.000010	0.000010	0.999883	0.000011	0.000010	0.000010	0.000015	0.000010	0.000010	0.000010	0.000010	0.000010	LD_0.9_12_1230
TWN3077	0.000010	0.000010	0.000010	0.000010	0.000010	0.000010	0.999890	0.000010	0.000010	0.000010	0.000010	0.000010	LD_0.9_12_1230
UH1	0.000010	0.000010	0.000010	0.000010	0.000010	0.000010	0.999889	0.000010	0.000010	0.000010	0.000010	0.000010	LD_0.9_12_1230
VSL2201	0.000010	0.000010	0.000010	0.000019	0.604439	0.000010	0.000010	0.395452	0.000010	0.000010	0.000010	0.000010	LD_0.9_12_1230
VSL2207	0.999890	0.000010	0.000010	0.000010	0.000010	0.000010	0.000010	0.000010	0.000010	0.000010	0.000010	0.000010	LD_0.9_12_1230
VSL2209	0.999884	0.000010	0.000010	0.000013	0.000010	0.000010	0.000010	0.000012	0.000010	0.000010	0.000010	0.000010	LD_0.9_12_1230
VSL2210	0.000010	0.000010	0.000010	0.000010	0.000010	0.000010	0.000010	0.999890	0.000010	0.000010	0.000010	0.000010	LD_0.9_12_1230
VSL2212	0.000010	0.000010	0.000010	0.000010	0.000010	0.000010	0.000015	0.999885	0.000010	0.000010	0.000010	0.000010	LD_0.9_12_1230
VSL2213	0.000010	0.000010	0.000010	0.000010	0.999890	0.000010	0.000010	0.000010	0.000010	0.000010	0.000010	0.000010	LD_0.9_12_1230
VSL2215	0.000010	0.000010	0.000010	0.000010	0.832477	0.000010	0.000010	0.167423	0.000010	0.000010	0.000010	0.000010	LD_0.9_12_1230
VSL2216	0.000010	0.000010	0.000010	0.000010	0.999890	0.000010	0.000010	0.000010	0.000010	0.000010	0.000010	0.000010	LD_0.9_12_1230
VSL2217	0.000010	0.000010	0.000010	0.000010	0.000010	0.999888	0.000010	0.000011	0.000011	0.000010	0.000010	0.000010	LD_0.9_12_1230
VSL2219	0.000010	0.000010	0.000010	0.000010	0.000010	0.000010	0.000010	0.999890	0.000010	0.000010	0.000010	0.000010	LD_0.9_12_1230
VT847	0.000010	0.000010	0.000013	0.000010	0.000010	0.000010	0.000010	0.999887	0.000010	0.000010	0.000010	0.000010	LD_0.9_12_1230
VX34	0.000010	0.073432	0.000010	0.000010	0.000010	0.000010	0.108928	0.173158	0.245984	0.305368	0.000010	0.093070	LD_0.9_12_1230
XZ1204	0.000014	0.000010	0.000010	0.000010	0.392852	0.000014	0.000010	0.607034	0.000012	0.000010	0.000015	0.000010	LD_0.9_12_1230
XZ1205	0.000010	0.000010	0.000010	0.000010	0.999890	0.000010	0.000010	0.000010	0.000010	0.000010	0.000010	0.000010	LD_0.9_12_1230
XZ1206	0.000010	0.000010	0.000010	0.000010	0.999890	0.000010	0.000010	0.000010	0.000010	0.000010	0.000010	0.000010	LD_0.9_12_1230
XZ1207	0.000010	0.000010	0.000010	0.000010	0.000010	0.000010	0.000010	0.999890	0.000010	0.000010	0.000010	0.000010	LD_0.9_12_1230
XZ1210	0.000010	0.000010	0.000010	0.000010	0.000013	0.000010	0.000010	0.999887	0.000010	0.000010	0.000010	0.000010	LD_0.9_12_1230
XZ1212	0.000010	0.000010	0.000010	0.000010	0.000010	0.000010	0.000010	0.992651	0.000010	0.000010	0.007249	0.000010	LD_0.9_12_1230
XZ1213	0.000010	0.000010	0.000010	0.000010	0.000010	0.000010	0.000010	0.999889	0.000010	0.000010	0.000011	0.000010	LD_0.9_12_1230
XZ1731	0.000010	0.000010	0.000011	0.000010	0.000010	0.000011	0.000010	0.999889	0.000010	0.000010	0.000010	0.000010	LD_0.9_12_1230
XZ1732	0.000010	0.000010	0.000010	0.000010	0.000010	0.000211	0.000010	0.999689	0.000010	0.000010	0.000010	0.000010	LD_0.9_12_1230
ZZY0992	0.000010	0.000010	0.000010	0.000010	0.000010	0.999888	0.000010	0.000012	0.000010	0.000010	0.000010	0.000010	LD_0.9_12_1230
ZZY1034	0.000012	0.000010	0.000014	0.000010	0.000010	0.000010	0.000010	0.999884	0.000010	0.000010	0.000010	0.000010	LD_0.9_12_1230
ZZY1075	0.000010	0.000010	0.000010	0.000010	0.000010	0.000010	0.000013	0.999887	0.000010	0.000010	0.000010	0.000010	LD_0.9_12_1230
ZZY1123	0.000010	0.000010	0.000010	0.000010	0.000010	0.999890	0.000010	0.000010	0.000010	0.000010	0.000010	0.000010	LD_0.9_12_1230
ZZY1130	0.000010	0.000010	0.000010	0.000010	0.000010	0.000010	0.000010	0.999890	0.000010	0.000010	0.000010	0.000010	LD_0.9_12_1230
ZZY405	0.000010	0.000010	0.000010	0.000010	0.000010	0.000010	0.000010	0.999890	0.000010	0.000010	0.000010	0.000010	LD_0.9_12_1230
AF16	0.000010	0.000010	0.000010	0.000010	0.999890	0.000010	0.000010	0.000010	0.000010	0.000010	0.000010	0.000010	LD_0.9_12_1322
BRC20069	0.000010	0.000010	0.000010	0.000015	0.999882	0.000010	0.000010	0.000010	0.000010	0.000010	0.000013	0.000010	LD_0.9_12_1322
BRC20073	0.000010	0.000010	0.000010	0.000010	0.990223	0.000011	0.009673	0.000011	0.000010	0.000010	0.000011	0.000010	LD_0.9_12_1322
BRC20075	0.999882	0.000010	0.000010	0.000010	0.000011	0.000011	0.000010	0.000010	0.000016	0.000010	0.000010	0.000010	LD_0.9_12_1322
BRC20077	0.000010	0.000010	0.000010	0.000010	0.999524	0.000010	0.000010	0.000376	0.000010	0.000010	0.000010	0.000010	LD_0.9_12_1322
BRC20081	0.000010	0.000010	0.000010	0.000010	0.000010	0.000010	0.000010	0.000013	0.999887	0.000010	0.000010	0.000010	LD_0.9_12_1322
BRC20085	0.000010	0.000010	0.000010	0.108050	0.307638	0.058195	0.000010	0.000010	0.000010	0.000010	0.526037	0.000010	LD_0.9_12_1322
BRC20088	0.000015	0.000015	0.000010	0.000015	0.000012	0.000013	0.000010	0.000013	0.999866	0.000010	0.000010	0.000010	LD_0.9_12_1322
BRC20089	0.000010	0.000010	0.000010	0.000010	0.999890	0.000010	0.000010	0.000010	0.000010	0.000010	0.000010	0.000010	LD_0.9_12_1322
BRC20090	0.000010	0.000010	0.000010	0.043444	0.932242	0.002710	0.000010	0.000010	0.000011	0.000010	0.021523	0.000010	LD_0.9_12_1322
BRC20092	0.000010	0.000010	0.000010	0.000010	0.224896	0.060469	0.000010	0.057739	0.000010	0.000010	0.656816	0.000010	LD_0.9_12_1322
BRC20093	0.000010	0.000010	0.000010	0.000010	0.999890	0.000010	0.000010	0.000010	0.000010	0.000010	0.000010	0.000010	LD_0.9_12_1322
BRC20094	0.000010	0.000010	0.000010	0.041659	0.218086	0.019272	0.000010	0.071960	0.000010	0.000010	0.648952	0.000010	LD_0.9_12_1322
BRC20095	0.000010	0.000010	0.000010	0.000010	0.988212	0.000010	0.011688	0.000010	0.000010	0.000010	0.000010	0.000010	LD_0.9_12_1322
BRC20096	0.000010	0.000010	0.000010	0.000010	0.999890	0.000010	0.000010	0.000010	0.000010	0.000010	0.000010	0.000010	LD_0.9_12_1322
BRC20098	0.000010	0.000010	0.000010	0.000010	0.999890	0.000010	0.000010	0.000010	0.000010	0.000010	0.000010	0.000010	LD_0.9_12_1322
BRC20099	0.000017	0.000010	0.000010	0.000010	0.980085	0.000010	0.019805	0.000010	0.000010	0.000013	0.000010	0.000010	LD_0.9_12_1322
BRC20100	0.000010	0.000010	0.000010	0.000010	0.999890	0.000010	0.000010	0.000010	0.000010	0.000010	0.000010	0.000010	LD_0.9_12_1322
BRC20102	0.000010	0.000010	0.000010	0.000010	0.999890	0.000010	0.000010	0.000010	0.000010	0.000010	0.000010	0.000010	LD_0.9_12_1322
BRC20103	0.000010	0.000010	0.000010	0.000010	0.999890	0.000010	0.000010	0.000010	0.000010	0.000010	0.000010	0.000010	LD_0.9_12_1322
BRC20105	0.000010	0.000010	0.000010	0.107416	0.208996	0.036247	0.000010	0.000010	0.000010	0.000010	0.647261	0.000010	LD_0.9_12_1322
BRC20107	0.000010	0.000010	0.000010	0.104630	0.170527	0.002673	0.057023	0.053236	0.000010	0.000010	0.611851	0.000010	LD_0.9_12_1322
BRC20115	0.000012	0.000010	0.000010	0.000010	0.000010	0.000010	0.000010	0.000010	0.000010	0.000010	0.000010	0.999888	LD_0.9_12_1322
BRC20119	0.000012	0.000010	0.000010	0.718128	0.281770	0.000010	0.000010	0.000010	0.000010	0.000010	0.000010	0.000010	LD_0.9_12_1322
BRC20228	0.000010	0.000010	0.000010	0.000010	0.999890	0.000010	0.000010	0.000010	0.000010	0.000010	0.000010	0.000010	LD_0.9_12_1322
BRC20229	0.999890	0.000010	0.000010	0.000010	0.000010	0.000010	0.000010	0.000010	0.000010	0.000010	0.000010	0.000010	LD_0.9_12_1322
BRC20230	0.000010	0.000010	0.000010	0.000010	0.000010	0.000010	0.000010	0.000010	0.999890	0.000010	0.000010	0.000010	LD_0.9_12_1322
BRC20232	0.999890	0.000010	0.000010	0.000010	0.000010	0.000010	0.000010	0.000010	0.000010	0.000010	0.000010	0.000010	LD_0.9_12_1322
BRC20238	0.000010	0.000010	0.000010	0.000010	0.000010	0.000010	0.000010	0.000010	0.999887	0.000010	0.000013	0.000010	LD_0.9_12_1322
BRC20239	0.999884	0.000010	0.000010	0.000010	0.000010	0.000010	0.000011	0.000010	0.000015	0.000010	0.000010	0.000010	LD_0.9_12_1322
BRC20241	0.000010	0.000010	0.000010	0.069459	0.930439	0.000010	0.000012	0.000010	0.000010	0.000010	0.000010	0.000010	LD_0.9_12_1322
BRC20242	0.000010	0.000010	0.000010	0.000010	0.999890	0.000010	0.000010	0.000010	0.000010	0.000010	0.000010	0.000010	LD_0.9_12_1322
BRC20244	0.000010	0.000010	0.000010	0.000010	0.000010	0.000010	0.000010	0.000010	0.999890	0.000010	0.000010	0.000010	LD_0.9_12_1322
BRC20246	0.000010	0.000010	0.000010	0.000010	0.000010	0.000010	0.000010	0.000010	0.999890	0.000010	0.000010	0.000010	LD_0.9_12_1322
BRC20257	0.000010	0.000010	0.000010	0.999889	0.000010	0.000010	0.000011	0.000010	0.000010	0.000010	0.000010	0.000010	LD_0.9_12_1322
BRC20260	0.000010	0.000010	0.000010	0.000010	0.999890	0.000010	0.000010	0.000010	0.000010	0.000010	0.000010	0.000010	LD_0.9_12_1322
BRC20270	0.000010	0.000010	0.000010	0.000010	0.000010	0.000010	0.000010	0.000010	0.999890	0.000010	0.000010	0.000010	LD_0.9_12_1322
BRC20272	0.000010	0.000010	0.000010	0.000010	0.000010	0.000010	0.000010	0.000010	0.999890	0.000010	0.000010	0.000010	LD_0.9_12_1322
BRC20289	0.000010	0.000010	0.000010	0.000010	0.000010	0.000010	0.000010	0.000010	0.999890	0.000010	0.000010	0.000010	LD_0.9_12_1322
BRC20290	0.000010	0.000010	0.000010	0.000010	0.000010	0.000010	0.000010	0.000010	0.999890	0.000010	0.000010	0.000010	LD_0.9_12_1322
BRC20294	0.000010	0.000010	0.000010	0.000010	0.999890	0.000010	0.000010	0.000010	0.000010	0.000010	0.000010	0.000010	LD_0.9_12_1322
BRC20308	0.000012	0.000010	0.000010	0.000010	0.000010	0.000010	0.000010	0.000010	0.999888	0.000010	0.000010	0.000010	LD_0.9_12_1322
BRC20309	0.000012	0.000010	0.000010	0.000010	0.000010	0.000010	0.000010	0.000010	0.999888	0.000010	0.000010	0.000010	LD_0.9_12_1322
BRC20311	0.000010	0.000010	0.000011	0.000010	0.000010	0.000018	0.000010	0.000010	0.999880	0.000010	0.000010	0.000010	LD_0.9_12_1322
BRC20312	0.000010	0.000010	0.000010	0.000010	0.000010	0.000011	0.000010	0.000010	0.999881	0.000010	0.000017	0.000010	LD_0.9_12_1322
BRC20315	0.000010	0.000010	0.000010	0.000010	0.000010	0.000010	0.000010	0.000010	0.999890	0.000010	0.000010	0.000010	LD_0.9_12_1322
BRC20320	0.000010	0.000010	0.000010	0.000010	0.000010	0.000010	0.000010	0.000010	0.999890	0.000010	0.000010	0.000010	LD_0.9_12_1322
BRC20324	0.630941	0.000010	0.000010	0.000010	0.346804	0.000010	0.000010	0.022165	0.000010	0.000010	0.000010	0.000010	LD_0.9_12_1322
BRC20331	0.000010	0.000010	0.000010	0.000010	0.000010	0.000010	0.000010	0.000010	0.999890	0.000010	0.000010	0.000010	LD_0.9_12_1322
BRC20333	0.000010	0.000010	0.000010	0.000010	0.000010	0.000012	0.000010	0.000010	0.999887	0.000010	0.000010	0.000010	LD_0.9_12_1322
BRC20334	0.000010	0.000010	0.000010	0.000010	0.000010	0.000010	0.000012	0.000010	0.999888	0.000010	0.000010	0.000010	LD_0.9_12_1322
BRC20339	0.000010	0.000010	0.000010	0.000010	0.000010	0.000010	0.000010	0.000010	0.999890	0.000010	0.000010	0.000010	LD_0.9_12_1322
BRC20341	0.000010	0.000010	0.000010	0.000010	0.000010	0.000010	0.000010	0.000010	0.999890	0.000010	0.000010	0.000010	LD_0.9_12_1322
BRC20343	0.999890	0.000010	0.000010	0.000010	0.000010	0.000010	0.000010	0.000010	0.000010	0.000010	0.000010	0.000010	LD_0.9_12_1322
BRC20346	0.000019	0.000015	0.000010	0.000010	0.000010	0.000012	0.000010	0.000010	0.999874	0.000010	0.000010	0.000010	LD_0.9_12_1322
BRC20347	0.999884	0.000010	0.000010	0.000010	0.000015	0.000010	0.000010	0.000011	0.000010	0.000010	0.000010	0.000010	LD_0.9_12_1322
BRC20348	0.000010	0.000010	0.000010	0.000010	0.000010	0.000010	0.000010	0.000010	0.999890	0.000010	0.000010	0.000010	LD_0.9_12_1322
BRC20353	0.000010	0.000010	0.000014	0.000010	0.000010	0.000010	0.000010	0.000012	0.000010	0.000010	0.999884	0.000010	LD_0.9_12_1322
BRC20360	0.000010	0.000014	0.000010	0.000010	0.000010	0.000010	0.000010	0.000010	0.000010	0.000010	0.999885	0.000010	LD_0.9_12_1322
BRC20361	0.000010	0.000010	0.000010	0.000010	0.000010	0.000010	0.000010	0.000010	0.000010	0.000010	0.999890	0.000010	LD_0.9_12_1322
BRC20362	0.000010	0.000010	0.000010	0.000010	0.000010	0.000010	0.000010	0.000019	0.000012	0.000010	0.999880	0.000010	LD_0.9_12_1322
BRC20366	0.000010	0.000010	0.000010	0.000010	0.000010	0.000010	0.000010	0.000010	0.999890	0.000010	0.000010	0.000010	LD_0.9_12_1322
BRC20367	0.000010	0.000010	0.000010	0.000010	0.000010	0.000010	0.000010	0.000010	0.999890	0.000010	0.000010	0.000010	LD_0.9_12_1322
BRC20369	0.000010	0.000010	0.000010	0.000010	0.999890	0.000010	0.000010	0.000010	0.000010	0.000010	0.000010	0.000010	LD_0.9_12_1322
BRC20370	0.000010	0.000010	0.000010	0.000010	0.000010	0.000010	0.000010	0.000010	0.999890	0.000010	0.000010	0.000010	LD_0.9_12_1322
BRC20388	0.999890	0.000010	0.000010	0.000010	0.000010	0.000010	0.000010	0.000010	0.000010	0.000010	0.000010	0.000010	LD_0.9_12_1322
BRC20390	0.000010	0.000010	0.000010	0.000010	0.000010	0.000010	0.000010	0.000010	0.999890	0.000010	0.000010	0.000010	LD_0.9_12_1322
BRC20401	0.000010	0.000010	0.000010	0.000010	0.999890	0.000010	0.000010	0.000010	0.000010	0.000010	0.000010	0.000010	LD_0.9_12_1322
BRC20463	0.000010	0.000010	0.000010	0.000010	0.000010	0.000010	0.000010	0.000010	0.999890	0.000010	0.000010	0.000010	LD_0.9_12_1322
BRC20492	0.000010	0.000010	0.000010	0.000010	0.000010	0.000010	0.000010	0.000010	0.000010	0.000010	0.000010	0.999890	LD_0.9_12_1322
BRC20499	0.000010	0.000010	0.000010	0.000010	0.000010	0.000010	0.000010	0.000010	0.999890	0.000010	0.000010	0.000010	LD_0.9_12_1322
BRC20501	0.000010	0.000010	0.000010	0.000010	0.000010	0.000010	0.000010	0.000010	0.999890	0.000010	0.000010	0.000010	LD_0.9_12_1322
BRC20502	0.000010	0.000010	0.000010	0.000010	0.000010	0.000010	0.000010	0.000010	0.000010	0.999890	0.000010	0.000010	LD_0.9_12_1322
BRC20503	0.000010	0.000010	0.000010	0.000010	0.000010	0.000010	0.000010	0.000010	0.000010	0.999890	0.000010	0.000010	LD_0.9_12_1322
BRC20519	0.000010	0.000010	0.000010	0.000010	0.000010	0.000010	0.000010	0.000010	0.000010	0.000010	0.000010	0.999890	LD_0.9_12_1322
BRC20520	0.000018	0.000010	0.000010	0.000010	0.000010	0.000010	0.000010	0.000010	0.000010	0.000010	0.000010	0.999882	LD_0.9_12_1322
BRC20522	0.999890	0.000010	0.000010	0.000010	0.000010	0.000010	0.000010	0.000010	0.000010	0.000010	0.000010	0.000010	LD_0.9_12_1322
BRC20524	0.999890	0.000010	0.000010	0.000010	0.000010	0.000010	0.000010	0.000010	0.000010	0.000010	0.000010	0.000010	LD_0.9_12_1322
BRC20529	0.000010	0.000010	0.000010	0.000010	0.000010	0.000010	0.000010	0.000010	0.999890	0.000010	0.000010	0.000010	LD_0.9_12_1322
BRC20530	0.999890	0.000010	0.000010	0.000010	0.000010	0.000010	0.000010	0.000010	0.000010	0.000010	0.000010	0.000010	LD_0.9_12_1322
BRC20531	0.999890	0.000010	0.000010	0.000010	0.000010	0.000010	0.000010	0.000010	0.000010	0.000010	0.000010	0.000010	LD_0.9_12_1322
BRC20532	0.000010	0.000010	0.000010	0.000010	0.000010	0.000010	0.000010	0.000010	0.999890	0.000010	0.000010	0.000010	LD_0.9_12_1322
BRC20533	0.000010	0.000010	0.000010	0.000010	0.000010	0.000010	0.000010	0.000010	0.999887	0.000010	0.000013	0.000010	LD_0.9_12_1322
BRC20534	0.000010	0.000010	0.000010	0.000010	0.000010	0.000010	0.000010	0.000010	0.999890	0.000010	0.000010	0.000010	LD_0.9_12_1322
BRC20535	0.000010	0.000010	0.000010	0.000010	0.000010	0.000010	0.000010	0.000010	0.999890	0.000010	0.000010	0.000010	LD_0.9_12_1322
BRC20536	0.000010	0.000010	0.000010	0.000010	0.000010	0.000010	0.000010	0.000010	0.999890	0.000010	0.000010	0.000010	LD_0.9_12_1322
BRC20537	0.000010	0.000010	0.000010	0.000010	0.000010	0.000010	0.000010	0.000010	0.999890	0.000010	0.000010	0.000010	LD_0.9_12_1322
BRC20541	0.000010	0.000010	0.000010	0.000010	0.000010	0.000010	0.000010	0.000010	0.000011	0.000010	0.000010	0.999889	LD_0.9_12_1322
BRC20543	0.000010	0.000010	0.000010	0.000010	0.000016	0.000010	0.000010	0.000010	0.999884	0.000010	0.000010	0.000010	LD_0.9_12_1322
BRC20544	0.000010	0.000010	0.000011	0.000011	0.000012	0.000010	0.000010	0.000010	0.999887	0.000010	0.000010	0.000010	LD_0.9_12_1322
BRC20545	0.000014	0.000010	0.000010	0.000010	0.000010	0.000010	0.000010	0.000012	0.999883	0.000010	0.000011	0.000010	LD_0.9_12_1322
BRC20556	0.000010	0.000010	0.000010	0.000010	0.999890	0.000010	0.000010	0.000010	0.000010	0.000010	0.000010	0.000010	LD_0.9_12_1322
BRC20557	0.000010	0.000010	0.000010	0.000011	0.000012	0.000010	0.000010	0.000010	0.999887	0.000010	0.000010	0.000010	LD_0.9_12_1322
BRC20565	0.000010	0.000010	0.000010	0.000010	0.999890	0.000010	0.000010	0.000010	0.000010	0.000010	0.000010	0.000010	LD_0.9_12_1322
BRC20571	0.000010	0.000010	0.000010	0.029282	0.931787	0.000010	0.023942	0.000010	0.000010	0.000010	0.014910	0.000010	LD_0.9_12_1322
BRC20574	0.000010	0.000010	0.000010	0.000010	0.999890	0.000010	0.000010	0.000010	0.000010	0.000010	0.000010	0.000010	LD_0.9_12_1322
BW287	0.999890	0.000010	0.000010	0.000010	0.000010	0.000010	0.000010	0.000010	0.000010	0.000010	0.000010	0.000010	LD_0.9_12_1322
DF5100	0.000010	0.000010	0.000010	0.000010	0.345568	0.000010	0.076607	0.577736	0.000010	0.000010	0.000010	0.000010	LD_0.9_12_1322
ECA1129	0.000010	0.000010	0.000010	0.000010	0.999890	0.000010	0.000010	0.000010	0.000010	0.000010	0.000010	0.000010	LD_0.9_12_1322
ECA1143	0.000010	0.000010	0.000010	0.000012	0.712899	0.000010	0.286999	0.000010	0.000010	0.000010	0.000010	0.000010	LD_0.9_12_1322
ECA1147	0.000010	0.000010	0.000010	0.000010	0.999890	0.000010	0.000010	0.000010	0.000010	0.000010	0.000010	0.000010	LD_0.9_12_1322
ECA1149	0.000010	0.000010	0.000010	0.000010	0.958105	0.000010	0.000010	0.000012	0.041792	0.000010	0.000010	0.000010	LD_0.9_12_1322
ECA1160	0.000010	0.000010	0.000010	0.000012	0.999887	0.000010	0.000010	0.000010	0.000010	0.000011	0.000010	0.000010	LD_0.9_12_1322
ECA1164	0.000010	0.000010	0.000010	0.000010	0.999890	0.000010	0.000010	0.000010	0.000010	0.000010	0.000010	0.000010	LD_0.9_12_1322
ECA1170	0.000010	0.000010	0.000010	0.000010	0.000010	0.000010	0.000010	0.000010	0.999890	0.000010	0.000010	0.000010	LD_0.9_12_1322
ECA1174	0.000010	0.000010	0.000010	0.000010	0.999890	0.000010	0.000010	0.000010	0.000010	0.000010	0.000010	0.000010	LD_0.9_12_1322
ECA1383	0.000011	0.000010	0.000010	0.000010	0.000010	0.000010	0.000010	0.000010	0.999889	0.000010	0.000010	0.000010	LD_0.9_12_1322
ECA1411	0.000010	0.000010	0.000010	0.000010	0.999890	0.000010	0.000010	0.000010	0.000010	0.000010	0.000010	0.000010	LD_0.9_12_1322
ECA1423	0.000010	0.000010	0.000010	0.000017	0.984330	0.000010	0.015563	0.000010	0.000010	0.000010	0.000010	0.000010	LD_0.9_12_1322
ECA1429	0.000010	0.000010	0.000010	0.000010	0.999890	0.000010	0.000010	0.000010	0.000010	0.000010	0.000010	0.000010	LD_0.9_12_1322
ECA1431	0.000010	0.000010	0.000010	0.000010	0.999890	0.000010	0.000010	0.000010	0.000010	0.000010	0.000010	0.000010	LD_0.9_12_1322
ECA1437	0.000010	0.000010	0.000010	0.000010	0.999890	0.000010	0.000010	0.000010	0.000010	0.000010	0.000010	0.000010	LD_0.9_12_1322
ECA1439	0.000010	0.000010	0.000010	0.000010	0.630974	0.000010	0.000010	0.368926	0.000010	0.000010	0.000010	0.000010	LD_0.9_12_1322
ECA1443	0.000010	0.000010	0.000010	0.000012	0.058419	0.000010	0.000010	0.000010	0.941479	0.000010	0.000010	0.000010	LD_0.9_12_1322
ECA1471	0.000010	0.000010	0.000010	0.000010	0.999890	0.000010	0.000010	0.000010	0.000010	0.000010	0.000010	0.000010	LD_0.9_12_1322
ECA1489	0.000010	0.000010	0.000010	0.000010	0.656009	0.000010	0.343890	0.000010	0.000010	0.000010	0.000011	0.000010	LD_0.9_12_1322
ECA1507	0.000010	0.000010	0.000010	0.000010	0.999890	0.000010	0.000010	0.000010	0.000010	0.000010	0.000010	0.000010	LD_0.9_12_1322
ECA1509	0.000010	0.000010	0.000010	0.000010	0.999890	0.000010	0.000010	0.000010	0.000010	0.000010	0.000010	0.000010	LD_0.9_12_1322
ECA1517	0.000010	0.000010	0.000010	0.000010	0.951484	0.000010	0.047321	0.001105	0.000010	0.000010	0.000010	0.000010	LD_0.9_12_1322
ECA1521	0.000012	0.000010	0.000010	0.000012	0.943004	0.000010	0.000011	0.056890	0.000010	0.000011	0.000010	0.000010	LD_0.9_12_1322
ECA1555	0.000010	0.000010	0.000010	0.000010	0.999890	0.000010	0.000010	0.000010	0.000010	0.000010	0.000010	0.000010	LD_0.9_12_1322
ECA1559	0.000010	0.000010	0.000010	0.000011	0.000010	0.000014	0.000010	0.000010	0.999885	0.000010	0.000010	0.000010	LD_0.9_12_1322
ECA1563	0.000010	0.000010	0.000010	0.000010	0.999890	0.000010	0.000010	0.000010	0.000010	0.000010	0.000010	0.000010	LD_0.9_12_1322
ECA1571	0.000010	0.000010	0.000011	0.000013	0.678668	0.000010	0.321227	0.000010	0.000011	0.000010	0.000010	0.000010	LD_0.9_12_1322
ECA1587	0.000010	0.000010	0.000010	0.000010	0.999890	0.000010	0.000010	0.000010	0.000010	0.000010	0.000010	0.000010	LD_0.9_12_1322
ECA1605	0.000010	0.000010	0.000010	0.006038	0.043147	0.002625	0.075684	0.000010	0.872436	0.000010	0.000010	0.000010	LD_0.9_12_1322
ECA1609	0.000010	0.000010	0.000010	0.000010	0.999890	0.000010	0.000010	0.000010	0.000010	0.000010	0.000010	0.000010	LD_0.9_12_1322
ECA161	0.000010	0.000010	0.000010	0.000010	0.999890	0.000010	0.000010	0.000010	0.000010	0.000010	0.000010	0.000010	LD_0.9_12_1322
ECA1611	0.000010	0.000010	0.000010	0.000010	0.999890	0.000010	0.000010	0.000010	0.000010	0.000010	0.000010	0.000010	LD_0.9_12_1322
ECA1615	0.000010	0.000010	0.000010	0.000010	0.999890	0.000010	0.000010	0.000010	0.000010	0.000010	0.000010	0.000010	LD_0.9_12_1322
ECA162	0.000010	0.000010	0.000010	0.000010	0.999890	0.000010	0.000010	0.000010	0.000010	0.000010	0.000010	0.000010	LD_0.9_12_1322
ECA1621	0.000010	0.000010	0.000010	0.000010	0.999890	0.000010	0.000010	0.000010	0.000010	0.000010	0.000010	0.000010	LD_0.9_12_1322
ECA163	0.000010	0.000010	0.000010	0.000010	0.000010	0.000010	0.000010	0.000010	0.000010	0.999890	0.000010	0.000010	LD_0.9_12_1322
ECA1637	0.000010	0.000010	0.000010	0.000010	0.999890	0.000010	0.000010	0.000010	0.000010	0.000010	0.000010	0.000010	LD_0.9_12_1322
ECA1657	0.000010	0.000010	0.000010	0.000010	0.941784	0.000010	0.000010	0.058116	0.000010	0.000010	0.000010	0.000010	LD_0.9_12_1322
ECA1701	0.000010	0.000010	0.000010	0.000010	0.967427	0.019961	0.000010	0.000010	0.000010	0.000010	0.012522	0.000010	LD_0.9_12_1322
ECA175	0.000010	0.000010	0.000010	0.000010	0.999890	0.000010	0.000010	0.000010	0.000010	0.000010	0.000010	0.000010	LD_0.9_12_1322
ECA176	0.000010	0.000010	0.000010	0.000010	0.977393	0.000010	0.022507	0.000010	0.000010	0.000010	0.000010	0.000010	LD_0.9_12_1322
ECA177	0.000010	0.000010	0.000010	0.000010	0.999890	0.000010	0.000010	0.000010	0.000010	0.000010	0.000010	0.000010	LD_0.9_12_1322
ECA180	0.000010	0.000010	0.000010	0.000010	0.999890	0.000010	0.000010	0.000010	0.000010	0.000010	0.000010	0.000010	LD_0.9_12_1322
ECA182	0.000010	0.000010	0.000010	0.000010	0.999889	0.000010	0.000011	0.000010	0.000010	0.000010	0.000010	0.000010	LD_0.9_12_1322
ECA183	0.000010	0.000010	0.000010	0.000010	0.999890	0.000010	0.000010	0.000010	0.000010	0.000010	0.000010	0.000010	LD_0.9_12_1322
ECA185	0.000010	0.000010	0.000010	0.000010	0.944569	0.000010	0.022668	0.032667	0.000016	0.000010	0.000010	0.000010	LD_0.9_12_1322
ECA186	0.000010	0.000010	0.000010	0.000010	0.834750	0.000010	0.000010	0.165150	0.000010	0.000010	0.000010	0.000010	LD_0.9_12_1322
ECA2083	0.000010	0.000010	0.000014	0.000010	0.959683	0.000010	0.000012	0.040207	0.000010	0.000010	0.000014	0.000010	LD_0.9_12_1322
ECA2093	0.000010	0.000010	0.000010	0.000010	0.999890	0.000010	0.000010	0.000010	0.000010	0.000010	0.000010	0.000010	LD_0.9_12_1322
ECA2115	0.000010	0.000010	0.000010	0.000010	0.999890	0.000010	0.000010	0.000010	0.000010	0.000010	0.000010	0.000010	LD_0.9_12_1322
ECA2299	0.000010	0.000010	0.000010	0.000010	0.000010	0.000010	0.000010	0.000010	0.999890	0.000010	0.000010	0.000010	LD_0.9_12_1322
ECA2373	0.000010	0.000010	0.000010	0.000010	0.949760	0.040572	0.000010	0.000010	0.000010	0.000010	0.009578	0.000010	LD_0.9_12_1322
ECA2385	0.000010	0.000010	0.000010	0.000010	0.000018	0.000010	0.000010	0.000010	0.999882	0.000010	0.000010	0.000010	LD_0.9_12_1322
ECA2425	0.000010	0.000010	0.000011	0.000010	0.999882	0.000010	0.000017	0.000010	0.000010	0.000010	0.000010	0.000010	LD_0.9_12_1322
ECA2617	0.000010	0.000013	0.999884	0.000010	0.000010	0.000010	0.000010	0.000012	0.000010	0.000010	0.000011	0.000010	LD_0.9_12_1322
ECA2618	0.000010	0.000010	0.999890	0.000010	0.000010	0.000010	0.000010	0.000010	0.000010	0.000010	0.000010	0.000010	LD_0.9_12_1322
ECA2621	0.000010	0.000010	0.999890	0.000010	0.000010	0.000010	0.000010	0.000010	0.000010	0.000010	0.000010	0.000010	LD_0.9_12_1322
ECA2623	0.000010	0.000010	0.000010	0.000010	0.000010	0.000010	0.000010	0.999890	0.000010	0.000010	0.000010	0.000010	LD_0.9_12_1322
ECA2625	0.000010	0.000010	0.000010	0.000010	0.999890	0.000010	0.000010	0.000010	0.000010	0.000010	0.000010	0.000010	LD_0.9_12_1322
ECA2626	0.000010	0.000010	0.000010	0.000010	0.999890	0.000010	0.000010	0.000010	0.000010	0.000010	0.000010	0.000010	LD_0.9_12_1322
ECA2636	0.000010	0.000010	0.000010	0.000010	0.999890	0.000010	0.000010	0.000010	0.000010	0.000010	0.000010	0.000010	LD_0.9_12_1322
ECA2637	0.000012	0.000010	0.000010	0.000010	0.915596	0.000010	0.000010	0.084302	0.000010	0.000010	0.000010	0.000010	LD_0.9_12_1322
ECA2639	0.000010	0.000010	0.999888	0.000010	0.000010	0.000010	0.000010	0.000010	0.000010	0.000010	0.000012	0.000010	LD_0.9_12_1322
ECA2645	0.000010	0.000010	0.000010	0.000010	0.999890	0.000010	0.000010	0.000010	0.000010	0.000010	0.000010	0.000010	LD_0.9_12_1322
ECA2647	0.000014	0.000010	0.999886	0.000010	0.000010	0.000010	0.000010	0.000010	0.000010	0.000010	0.000010	0.000010	LD_0.9_12_1322
ECA2663	0.000010	0.000010	0.000010	0.000010	0.999890	0.000010	0.000010	0.000010	0.000010	0.000010	0.000010	0.000010	LD_0.9_12_1322
ECA2664	0.000010	0.000010	0.000010	0.000010	0.000010	0.000010	0.046917	0.952983	0.000010	0.000010	0.000010	0.000010	LD_0.9_12_1322
ECA2666	0.000010	0.000010	0.999890	0.000010	0.000010	0.000010	0.000010	0.000010	0.000010	0.000010	0.000010	0.000010	LD_0.9_12_1322
ECA2667	0.000010	0.000010	0.000010	0.000010	0.999883	0.000010	0.000010	0.000017	0.000010	0.000010	0.000010	0.000010	LD_0.9_12_1322
ECA2670	0.000012	0.000010	0.999887	0.000010	0.000011	0.000010	0.000010	0.000010	0.000010	0.000010	0.000010	0.000010	LD_0.9_12_1322
ECA276	0.000010	0.000010	0.000010	0.000010	0.000010	0.000010	0.000010	0.000013	0.000010	0.999887	0.000010	0.000010	LD_0.9_12_1322
ECA278	0.999887	0.000010	0.000010	0.000010	0.000010	0.000010	0.000013	0.000010	0.000010	0.000010	0.000010	0.000010	LD_0.9_12_1322
ECA2808	0.000010	0.000010	0.000010	0.000010	0.612573	0.000010	0.000010	0.387327	0.000010	0.000010	0.000010	0.000010	LD_0.9_12_1322
ECA287	0.000010	0.000010	0.000010	0.000010	0.011350	0.000010	0.000010	0.000010	0.988550	0.000010	0.000010	0.000010	LD_0.9_12_1322
ECA288	0.000010	0.000010	0.000010	0.000010	0.000010	0.000010	0.000010	0.902989	0.096911	0.000010	0.000010	0.000010	LD_0.9_12_1322
ECA2883	0.000010	0.000010	0.000010	0.000010	0.999890	0.000010	0.000010	0.000010	0.000010	0.000010	0.000010	0.000010	LD_0.9_12_1322
ECA2890	0.000010	0.000010	0.000010	0.000010	0.999890	0.000010	0.000010	0.000010	0.000010	0.000010	0.000010	0.000010	LD_0.9_12_1322
ECA2894	0.000010	0.000010	0.000010	0.000010	0.846013	0.000010	0.000010	0.153887	0.000010	0.000010	0.000010	0.000010	LD_0.9_12_1322
ECA2936	0.000010	0.000010	0.000010	0.000012	0.000010	0.000010	0.000010	0.000010	0.999888	0.000010	0.000010	0.000010	LD_0.9_12_1322
ECA2975	0.000010	0.000010	0.000010	0.000010	0.999890	0.000010	0.000010	0.000010	0.000010	0.000010	0.000010	0.000010	LD_0.9_12_1322
ECA3091	0.000010	0.000010	0.000010	0.000010	0.999890	0.000010	0.000010	0.000010	0.000010	0.000010	0.000010	0.000010	LD_0.9_12_1322
ECA343	0.000010	0.000010	0.000010	0.000010	0.999890	0.000010	0.000010	0.000010	0.000010	0.000010	0.000010	0.000010	LD_0.9_12_1322
ECA346	0.000010	0.000011	0.000010	0.000010	0.507130	0.000010	0.000014	0.492766	0.000010	0.000010	0.000010	0.000010	LD_0.9_12_1322
ECA3502	0.000010	0.000010	0.000010	0.000010	0.000010	0.000010	0.000010	0.000010	0.999890	0.000010	0.000010	0.000010	LD_0.9_12_1322
ECA3503	0.000010	0.000010	0.000010	0.000010	0.999890	0.000010	0.000010	0.000010	0.000010	0.000010	0.000010	0.000010	LD_0.9_12_1322
ECA3509	0.000010	0.000010	0.000011	0.000010	0.999889	0.000010	0.000010	0.000010	0.000010	0.000010	0.000010	0.000010	LD_0.9_12_1322
ECA3708	0.000010	0.000010	0.000010	0.000010	0.997127	0.000016	0.000011	0.002762	0.000010	0.000010	0.000014	0.000010	LD_0.9_12_1322
ECA371	0.000010	0.000010	0.000010	0.000010	0.977733	0.000010	0.022167	0.000010	0.000010	0.000010	0.000010	0.000010	LD_0.9_12_1322
ECA3712	0.000010	0.000010	0.000010	0.000010	0.999889	0.000010	0.000010	0.000010	0.000010	0.000010	0.000011	0.000010	LD_0.9_12_1322
ECA3713	0.000010	0.000010	0.000011	0.000010	0.955451	0.000010	0.000013	0.044443	0.000012	0.000010	0.000010	0.000010	LD_0.9_12_1322
ECA3899	0.000010	0.000010	0.000010	0.000010	0.999890	0.000010	0.000010	0.000010	0.000010	0.000010	0.000010	0.000010	LD_0.9_12_1322
ECA4382	0.000010	0.000010	0.000010	0.000010	0.106456	0.000010	0.000010	0.893444	0.000010	0.000010	0.000010	0.000010	LD_0.9_12_1322
ECA4390	0.000010	0.000010	0.000010	0.000012	0.000010	0.000010	0.000010	0.999888	0.000010	0.000011	0.000010	0.000010	LD_0.9_12_1322
ECA4394	0.000010	0.000010	0.000010	0.000010	0.999890	0.000010	0.000010	0.000010	0.000010	0.000010	0.000010	0.000010	LD_0.9_12_1322
ECA4402	0.000010	0.000010	0.000010	0.000010	0.407447	0.000010	0.000010	0.592453	0.000010	0.000010	0.000010	0.000010	LD_0.9_12_1322
ECA569	0.999887	0.000010	0.000012	0.000010	0.000010	0.000010	0.000010	0.000010	0.000010	0.000010	0.000010	0.000010	LD_0.9_12_1322
ED3032	0.000010	0.000010	0.000010	0.000010	0.999890	0.000010	0.000010	0.000010	0.000010	0.000010	0.000010	0.000010	LD_0.9_12_1322
ED3037	0.000010	0.000010	0.000010	0.000010	0.999890	0.000010	0.000010	0.000010	0.000010	0.000010	0.000010	0.000010	LD_0.9_12_1322
ED3088	0.000012	0.000010	0.000010	0.000010	0.370526	0.000011	0.000014	0.629368	0.000010	0.000010	0.000010	0.000010	LD_0.9_12_1322
ED3102	0.000010	0.000010	0.000010	0.000010	0.000010	0.000010	0.000010	0.000010	0.000010	0.999890	0.000010	0.000010	LD_0.9_12_1322
EG4360	0.999890	0.000010	0.000010	0.000010	0.000010	0.000010	0.000010	0.000010	0.000010	0.000010	0.000010	0.000010	LD_0.9_12_1322
EG5612	0.000010	0.000010	0.000010	0.000010	0.000010	0.000010	0.000010	0.000010	0.000010	0.000010	0.999890	0.000010	LD_0.9_12_1322
EG5613	0.000010	0.000010	0.000010	0.038280	0.000020	0.000010	0.000012	0.946187	0.000010	0.000010	0.015430	0.000010	LD_0.9_12_1322
EG6179	0.000010	0.000010	0.000010	0.000010	0.644675	0.000010	0.000577	0.188029	0.000010	0.000010	0.166639	0.000010	LD_0.9_12_1322
EG6260	0.000010	0.000010	0.000010	0.000010	0.000010	0.000010	0.058476	0.941424	0.000010	0.000010	0.000010	0.000010	LD_0.9_12_1322
EG6261	0.000010	0.000010	0.000010	0.000010	0.140371	0.000010	0.000010	0.859529	0.000010	0.000010	0.000010	0.000010	LD_0.9_12_1322
EG6265	0.000010	0.000010	0.000010	0.000020	0.000010	0.016704	0.000010	0.000010	0.983186	0.000010	0.000010	0.000010	LD_0.9_12_1322
EG6267	0.000010	0.000010	0.000010	0.000010	0.302257	0.000010	0.000010	0.697643	0.000010	0.000010	0.000010	0.000010	LD_0.9_12_1322
EG6271	0.000010	0.000010	0.000010	0.000010	0.000010	0.000010	0.102729	0.897171	0.000010	0.000010	0.000010	0.000010	LD_0.9_12_1322
EG6272	0.000010	0.000010	0.000010	0.000010	0.222741	0.000010	0.060247	0.716922	0.000010	0.000010	0.000010	0.000010	LD_0.9_12_1322
EG6274	0.000010	0.000010	0.000010	0.000010	0.061315	0.000010	0.000010	0.938585	0.000010	0.000010	0.000010	0.000010	LD_0.9_12_1322
EG6275	0.000010	0.000010	0.000010	0.000010	0.105151	0.000010	0.000010	0.894749	0.000010	0.000010	0.000010	0.000010	LD_0.9_12_1322
EG6276	0.000010	0.000010	0.000010	0.000010	0.174368	0.000011	0.000010	0.825530	0.000011	0.000010	0.000010	0.000010	LD_0.9_12_1322
EG6329	0.000010	0.000010	0.000010	0.000010	0.000010	0.000010	0.289687	0.710213	0.000010	0.000010	0.000010	0.000010	LD_0.9_12_1322
GUN124	0.999888	0.000010	0.000011	0.000010	0.000010	0.000010	0.000011	0.000010	0.000010	0.000010	0.000010	0.000010	LD_0.9_12_1322
GXW22	0.000010	0.000010	0.000010	0.000010	0.999890	0.000010	0.000010	0.000010	0.000010	0.000010	0.000010	0.000010	LD_0.9_12_1322
GXW23	0.000010	0.000010	0.000010	0.000010	0.215735	0.000010	0.000010	0.000010	0.000010	0.000010	0.784165	0.000010	LD_0.9_12_1322
HK104	0.999890	0.000010	0.000010	0.000010	0.000010	0.000010	0.000010	0.000010	0.000010	0.000010	0.000010	0.000010	LD_0.9_12_1322
HPT11	0.000010	0.000010	0.000010	0.000010	0.000010	0.000010	0.000010	0.000010	0.000013	0.999887	0.000010	0.000010	LD_0.9_12_1322
HPT16	0.000010	0.000010	0.000010	0.000010	0.462215	0.000010	0.537685	0.000010	0.000010	0.000010	0.000010	0.000010	LD_0.9_12_1322
HPT18	0.000010	0.000010	0.000010	0.000010	0.000010	0.000010	0.000010	0.000010	0.000010	0.999890	0.000010	0.000010	LD_0.9_12_1322
HPT19	0.000010	0.000010	0.000010	0.000010	0.483341	0.000010	0.516559	0.000010	0.000010	0.000010	0.000010	0.000010	LD_0.9_12_1322
HPT2	0.000010	0.000010	0.000010	0.000018	0.410730	0.000010	0.589163	0.000010	0.000010	0.000010	0.000010	0.000010	LD_0.9_12_1322
HPT21	0.000010	0.000010	0.000010	0.000010	0.963420	0.002062	0.034428	0.000010	0.000010	0.000010	0.000010	0.000010	LD_0.9_12_1322
HPT24	0.000010	0.000011	0.000010	0.000010	0.000010	0.000010	0.000010	0.000010	0.000014	0.999886	0.000010	0.000010	LD_0.9_12_1322
HPT34	0.000010	0.000010	0.000010	0.000019	0.445188	0.000010	0.554698	0.000010	0.000011	0.000010	0.000013	0.000010	LD_0.9_12_1322
HPT37	0.000010	0.000010	0.000010	0.000010	0.522213	0.025505	0.441932	0.000010	0.000010	0.000010	0.010270	0.000010	LD_0.9_12_1322
HPT4	0.000010	0.000010	0.000010	0.000010	0.437337	0.000010	0.562563	0.000010	0.000010	0.000010	0.000010	0.000010	LD_0.9_12_1322
HPT42	0.000010	0.000010	0.000010	0.000010	0.486987	0.000010	0.512911	0.000010	0.000010	0.000010	0.000011	0.000010	LD_0.9_12_1322
HPT52	0.000010	0.000010	0.000010	0.431630	0.568263	0.000010	0.000010	0.000010	0.000010	0.000010	0.000017	0.000010	LD_0.9_12_1322
HPT53	0.000010	0.000010	0.000010	0.000010	0.999890	0.000010	0.000010	0.000010	0.000010	0.000010	0.000010	0.000010	LD_0.9_12_1322
HPT54	0.000010	0.000010	0.000012	0.000010	0.999884	0.000010	0.000011	0.000010	0.000010	0.000010	0.000012	0.000010	LD_0.9_12_1322
HPT55	0.000010	0.000010	0.000010	0.000010	0.999887	0.000010	0.000013	0.000010	0.000010	0.000010	0.000010	0.000010	LD_0.9_12_1322
HPT59	0.000010	0.000010	0.000010	0.000010	0.999890	0.000010	0.000010	0.000010	0.000010	0.000010	0.000010	0.000010	LD_0.9_12_1322
HPT60	0.000010	0.000010	0.000010	0.000010	0.999890	0.000010	0.000010	0.000010	0.000010	0.000010	0.000010	0.000010	LD_0.9_12_1322
HPT62	0.000010	0.000010	0.000010	0.999890	0.000010	0.000010	0.000010	0.000010	0.000010	0.000010	0.000010	0.000010	LD_0.9_12_1322
HPT63	0.000010	0.000010	0.000010	0.000010	0.955996	0.000010	0.043903	0.000010	0.000010	0.000010	0.000011	0.000010	LD_0.9_12_1322
HPT7	0.000010	0.000010	0.000010	0.000010	0.420290	0.000010	0.579610	0.000010	0.000010	0.000010	0.000010	0.000010	LD_0.9_12_1322
HPT8	0.000010	0.000011	0.000010	0.000016	0.445979	0.000012	0.553910	0.000010	0.000010	0.000010	0.000012	0.000010	LD_0.9_12_1322
HPT9	0.000010	0.000010	0.000010	0.000010	0.129178	0.000010	0.000010	0.000010	0.000010	0.000010	0.870722	0.000010	LD_0.9_12_1322
JU1085	0.999890	0.000010	0.000010	0.000010	0.000010	0.000010	0.000010	0.000010	0.000010	0.000010	0.000010	0.000010	LD_0.9_12_1322
JU1337	0.000010	0.000010	0.000010	0.039946	0.252105	0.000010	0.000010	0.707859	0.000010	0.000010	0.000010	0.000010	LD_0.9_12_1322
JU1338	0.000010	0.000010	0.000010	0.000017	0.000010	0.000010	0.000010	0.000010	0.000010	0.000010	0.999883	0.000010	LD_0.9_12_1322
JU1341	0.000012	0.999883	0.000015	0.000010	0.000010	0.000010	0.000010	0.000010	0.000010	0.000010	0.000010	0.000010	LD_0.9_12_1322
JU1346	0.000010	0.000011	0.000010	0.000010	0.000010	0.000010	0.000015	0.000010	0.000016	0.000010	0.999878	0.000010	LD_0.9_12_1322
JU1347	0.000010	0.000010	0.000010	0.000010	0.134881	0.000010	0.000010	0.865018	0.000010	0.000010	0.000011	0.000010	LD_0.9_12_1322
JU1348	0.000010	0.999887	0.000010	0.000010	0.000010	0.000010	0.000010	0.000010	0.000010	0.000013	0.000010	0.000010	LD_0.9_12_1322
JU1375	0.000010	0.000010	0.000010	0.000010	0.165116	0.000010	0.000010	0.834784	0.000010	0.000010	0.000010	0.000010	LD_0.9_12_1322
JU1377	0.000010	0.000010	0.000010	0.000010	0.024470	0.000010	0.000010	0.975429	0.000010	0.000010	0.000010	0.000010	LD_0.9_12_1322
JU1378	0.000010	0.000010	0.000010	0.000010	0.081618	0.000010	0.000010	0.918282	0.000010	0.000010	0.000010	0.000010	LD_0.9_12_1322
JU1392	0.000010	0.000010	0.000010	0.000010	0.001745	0.000010	0.000010	0.998155	0.000010	0.000010	0.000010	0.000010	LD_0.9_12_1322
JU1399	0.000011	0.000010	0.000011	0.000010	0.201523	0.046732	0.596614	0.155045	0.000010	0.000014	0.000010	0.000010	LD_0.9_12_1322
JU1424	0.000010	0.000010	0.000010	0.000010	0.000010	0.000010	0.000010	0.000010	0.000010	0.000010	0.999890	0.000010	LD_0.9_12_1322
JU1435	0.000010	0.000010	0.000010	0.000014	0.000011	0.000010	0.000020	0.999876	0.000010	0.000010	0.000010	0.000010	LD_0.9_12_1322
JU1564	0.999885	0.000010	0.000010	0.000010	0.000010	0.000010	0.000015	0.000010	0.000010	0.000010	0.000010	0.000010	LD_0.9_12_1322
JU1637	0.000010	0.000010	0.000010	0.000010	0.145610	0.000010	0.000010	0.854290	0.000010	0.000010	0.000010	0.000010	LD_0.9_12_1322
JU1638	0.000010	0.000010	0.000010	0.000010	0.125449	0.000010	0.000010	0.874451	0.000010	0.000010	0.000010	0.000010	LD_0.9_12_1322
JU1794	0.000010	0.000010	0.000010	0.000013	0.493622	0.000010	0.000010	0.246189	0.000010	0.000010	0.260096	0.000010	LD_0.9_12_1322
JU1795	0.000010	0.000010	0.000010	0.000010	0.550698	0.000012	0.000010	0.449200	0.000010	0.000010	0.000010	0.000010	LD_0.9_12_1322
JU1799	0.000011	0.000010	0.000010	0.000010	0.020952	0.000010	0.000010	0.978946	0.000010	0.000010	0.000010	0.000010	LD_0.9_12_1322
JU1802	0.000010	0.000010	0.000010	0.000012	0.157304	0.000010	0.000010	0.842592	0.000010	0.000010	0.000011	0.000010	LD_0.9_12_1322
JU1814	0.000010	0.000010	0.000010	0.000010	0.000010	0.000010	0.198041	0.801859	0.000010	0.000010	0.000010	0.000010	LD_0.9_12_1322
JU1884	0.000010	0.000010	0.000010	0.000010	0.871172	0.000010	0.000018	0.128719	0.000010	0.000010	0.000010	0.000010	LD_0.9_12_1322
JU1885	0.000010	0.000010	0.000010	0.055532	0.114424	0.000010	0.000010	0.829951	0.000010	0.000014	0.000010	0.000010	LD_0.9_12_1322
JU1907	0.000010	0.000010	0.000010	0.000010	0.957337	0.000010	0.042563	0.000010	0.000010	0.000010	0.000010	0.000010	LD_0.9_12_1322
JU1908	0.000010	0.000010	0.000010	0.000010	0.949715	0.000010	0.050185	0.000010	0.000010	0.000010	0.000010	0.000010	LD_0.9_12_1322
JU1909	0.000010	0.000010	0.000010	0.000010	0.999890	0.000010	0.000010	0.000010	0.000010	0.000010	0.000010	0.000010	LD_0.9_12_1322
JU1913	0.000010	0.000010	0.000010	0.416454	0.462740	0.000010	0.000010	0.120716	0.000010	0.000010	0.000010	0.000010	LD_0.9_12_1322
JU2053	0.000010	0.000010	0.000010	0.000010	0.813141	0.000010	0.000010	0.186759	0.000010	0.000010	0.000010	0.000010	LD_0.9_12_1322
JU2054	0.000010	0.000010	0.000010	0.000010	0.999886	0.000010	0.000014	0.000010	0.000010	0.000010	0.000010	0.000010	LD_0.9_12_1322
JU2056	0.000010	0.000010	0.000010	0.000010	0.999890	0.000010	0.000010	0.000010	0.000010	0.000010	0.000010	0.000010	LD_0.9_12_1322
JU2057	0.000010	0.000010	0.000010	0.999880	0.000017	0.000013	0.000010	0.000010	0.000010	0.000010	0.000010	0.000010	LD_0.9_12_1322
JU2160	0.000010	0.000010	0.000010	0.999889	0.000011	0.000010	0.000010	0.000010	0.000010	0.000010	0.000010	0.000010	LD_0.9_12_1322
JU2162	0.000010	0.000010	0.000010	0.999886	0.000010	0.000010	0.000010	0.000014	0.000010	0.000010	0.000010	0.000010	LD_0.9_12_1322
JU2214	0.000010	0.000010	0.000010	0.000010	0.682710	0.185766	0.090123	0.041321	0.000010	0.000010	0.000010	0.000010	LD_0.9_12_1322
JU2216	0.000014	0.000010	0.000010	0.000010	0.000014	0.000010	0.000010	0.000010	0.999882	0.000010	0.000010	0.000010	LD_0.9_12_1322
JU2457	0.496441	0.000010	0.000010	0.000010	0.286789	0.000010	0.216679	0.000010	0.000010	0.000010	0.000010	0.000010	LD_0.9_12_1322
JU2470	0.000010	0.000010	0.000010	0.999883	0.000012	0.000015	0.000010	0.000010	0.000010	0.000010	0.000010	0.000010	LD_0.9_12_1322
JU2472	0.000010	0.000010	0.000010	0.000010	0.089264	0.000010	0.074191	0.836455	0.000010	0.000010	0.000010	0.000010	LD_0.9_12_1322
JU2507	0.000010	0.000010	0.000010	0.999889	0.000010	0.000010	0.000010	0.000010	0.000010	0.000010	0.000010	0.000010	LD_0.9_12_1322
JU2518	0.000010	0.000010	0.000010	0.000010	0.000010	0.000010	0.999890	0.000010	0.000010	0.000010	0.000010	0.000010	LD_0.9_12_1322
JU2536	0.999878	0.000010	0.000010	0.000010	0.000010	0.000010	0.000010	0.000010	0.000010	0.000016	0.000016	0.000010	LD_0.9_12_1322
JU2618	0.000010	0.000010	0.000010	0.000012	0.000010	0.558878	0.261573	0.179456	0.000010	0.000010	0.000011	0.000010	LD_0.9_12_1322
JU2799	0.000010	0.000010	0.000010	0.000010	0.478683	0.000010	0.000010	0.521217	0.000010	0.000010	0.000010	0.000010	LD_0.9_12_1322
JU2836	0.000010	0.000010	0.000010	0.006568	0.684550	0.236410	0.026821	0.045581	0.000010	0.000010	0.000010	0.000010	LD_0.9_12_1322
JU2849	0.000010	0.000010	0.000010	0.000010	0.000010	0.000010	0.000010	0.000010	0.000010	0.000010	0.999890	0.000010	LD_0.9_12_1322
JU2861	0.000011	0.000010	0.000012	0.000010	0.577180	0.000010	0.000010	0.422718	0.000010	0.000010	0.000010	0.000010	LD_0.9_12_1322
JU2868	0.000010	0.000010	0.000010	0.000010	0.999884	0.000010	0.000010	0.000016	0.000010	0.000010	0.000010	0.000010	LD_0.9_12_1322
JU2872	0.999869	0.000010	0.000010	0.000010	0.000010	0.000019	0.000010	0.000013	0.000010	0.000020	0.000010	0.000010	LD_0.9_12_1322
JU2910	0.000010	0.000010	0.000010	0.046241	0.137801	0.001271	0.043611	0.722145	0.000010	0.000010	0.048872	0.000010	LD_0.9_12_1322
JU3168	0.000010	0.000010	0.000010	0.000018	0.000010	0.000012	0.000010	0.000010	0.000010	0.999879	0.000010	0.000010	LD_0.9_12_1322
JU3171	0.000010	0.000010	0.000010	0.000010	0.291917	0.000010	0.000010	0.707983	0.000010	0.000010	0.000010	0.000010	LD_0.9_12_1322
JU3199	0.000010	0.999890	0.000010	0.000010	0.000010	0.000010	0.000010	0.000010	0.000010	0.000010	0.000010	0.000010	LD_0.9_12_1322
JU3200	0.000010	0.999884	0.000010	0.000010	0.000014	0.000012	0.000010	0.000010	0.000010	0.000010	0.000010	0.000010	LD_0.9_12_1322
JU3201	0.000011	0.999885	0.000010	0.000011	0.000013	0.000010	0.000010	0.000010	0.000010	0.000010	0.000010	0.000010	LD_0.9_12_1322
JU3202	0.000010	0.999886	0.000010	0.000010	0.000010	0.000012	0.000012	0.000010	0.000010	0.000010	0.000010	0.000010	LD_0.9_12_1322
JU3203	0.000014	0.999882	0.000010	0.000010	0.000012	0.000011	0.000010	0.000010	0.000010	0.000011	0.000010	0.000010	LD_0.9_12_1322
JU3206	0.000011	0.999885	0.000010	0.000010	0.000010	0.000011	0.000010	0.000013	0.000010	0.000010	0.000010	0.000010	LD_0.9_12_1322
JU3207	0.000010	0.000010	0.000010	0.000010	0.405218	0.000010	0.000010	0.594682	0.000010	0.000010	0.000010	0.000010	LD_0.9_12_1322
JU3237	0.000010	0.000010	0.000010	0.999888	0.000010	0.000010	0.000010	0.000010	0.000012	0.000010	0.000010	0.000010	LD_0.9_12_1322
JU3281	0.000010	0.000010	0.000010	0.000010	0.999890	0.000010	0.000010	0.000010	0.000010	0.000010	0.000010	0.000010	LD_0.9_12_1322
JU3319	0.000010	0.000010	0.000010	0.000010	0.189974	0.000010	0.000010	0.000010	0.000010	0.000010	0.809926	0.000010	LD_0.9_12_1322
JU3321	0.000010	0.000010	0.000010	0.000010	0.999889	0.000010	0.000010	0.000011	0.000010	0.000010	0.000010	0.000010	LD_0.9_12_1322
JU3326	0.000010	0.000010	0.000010	0.000010	0.000010	0.000010	0.000010	0.000010	0.000010	0.999890	0.000010	0.000010	LD_0.9_12_1322
JU3327	0.000010	0.000010	0.000010	0.000010	0.914036	0.000010	0.000010	0.000010	0.000010	0.000011	0.085863	0.000010	LD_0.9_12_1322
JU3416	0.999884	0.000010	0.000010	0.000010	0.000016	0.000010	0.000010	0.000010	0.000010	0.000010	0.000010	0.000010	LD_0.9_12_1322
JU4042	0.000010	0.000010	0.000010	0.000010	0.999889	0.000010	0.000010	0.000011	0.000010	0.000010	0.000010	0.000010	LD_0.9_12_1322
JU4051	0.000010	0.000010	0.000010	0.000012	0.000010	0.000010	0.000010	0.000010	0.000010	0.000010	0.999888	0.000010	LD_0.9_12_1322
JU4058	0.000010	0.000010	0.000010	0.000010	0.000010	0.000010	0.000010	0.000010	0.000010	0.000010	0.999890	0.000010	LD_0.9_12_1322
JU4060	0.000010	0.000010	0.000010	0.000010	0.000010	0.000010	0.000010	0.000010	0.000010	0.000010	0.999890	0.000010	LD_0.9_12_1322
JU4062	0.000010	0.000011	0.000010	0.000013	0.000010	0.000010	0.000015	0.000018	0.000010	0.000010	0.999873	0.000010	LD_0.9_12_1322
JU4064	0.000010	0.000012	0.000010	0.000011	0.000010	0.000010	0.000013	0.000010	0.000010	0.000011	0.999881	0.000010	LD_0.9_12_1322
JU4080	0.000010	0.000010	0.000010	0.000010	0.999890	0.000010	0.000010	0.000010	0.000010	0.000010	0.000010	0.000010	LD_0.9_12_1322
JU4084	0.000010	0.000010	0.000010	0.000011	0.000010	0.000010	0.000013	0.000010	0.000010	0.000011	0.999885	0.000010	LD_0.9_12_1322
JU4097	0.000010	0.000010	0.000010	0.000010	0.000010	0.000010	0.000010	0.000010	0.000010	0.000010	0.999890	0.000010	LD_0.9_12_1322
JU725	0.000010	0.000010	0.000010	0.000010	0.249900	0.000010	0.000010	0.000010	0.000010	0.000010	0.750000	0.000010	LD_0.9_12_1322
MY2716	0.000010	0.000010	0.000010	0.000010	0.909318	0.000010	0.000010	0.090582	0.000010	0.000010	0.000010	0.000010	LD_0.9_12_1322
MY539	0.000010	0.000010	0.000010	0.000010	0.636808	0.000010	0.000015	0.363087	0.000010	0.000010	0.000010	0.000010	LD_0.9_12_1322
NIC1050	0.000010	0.000010	0.000010	0.000012	0.000014	0.259071	0.685723	0.055109	0.000010	0.000010	0.000010	0.000010	LD_0.9_12_1322
NIC1052	0.000010	0.000010	0.000010	0.000010	0.000010	0.330684	0.572856	0.096370	0.000010	0.000010	0.000010	0.000010	LD_0.9_12_1322
NIC1054	0.000010	0.000010	0.000015	0.000014	0.000010	0.150957	0.782732	0.066212	0.000010	0.000010	0.000010	0.000010	LD_0.9_12_1322
NIC1055	0.000010	0.000010	0.000010	0.000010	0.000010	0.303620	0.696280	0.000010	0.000010	0.000010	0.000010	0.000010	LD_0.9_12_1322
NIC1057	0.000010	0.000010	0.000010	0.000011	0.000010	0.301224	0.653053	0.045631	0.000010	0.000010	0.000010	0.000010	LD_0.9_12_1322
NIC1058	0.000010	0.000010	0.000010	0.000010	0.000013	0.272732	0.727164	0.000010	0.000010	0.000010	0.000010	0.000010	LD_0.9_12_1322
NIC1059	0.000010	0.000010	0.000010	0.000013	0.000010	0.194835	0.805063	0.000010	0.000010	0.000010	0.000010	0.000010	LD_0.9_12_1322
NIC1060	0.000010	0.000010	0.000010	0.000010	0.000010	0.098741	0.901159	0.000010	0.000010	0.000010	0.000010	0.000010	LD_0.9_12_1322
NIC1062	0.000010	0.000010	0.000010	0.000010	0.000010	0.199784	0.097470	0.702656	0.000010	0.000010	0.000010	0.000010	LD_0.9_12_1322
NIC1069	0.000010	0.000010	0.000010	0.000011	0.126673	0.008152	0.119775	0.745319	0.000010	0.000010	0.000010	0.000010	LD_0.9_12_1322
NIC1103	0.000010	0.000010	0.000010	0.000010	0.049441	0.274827	0.675642	0.000010	0.000010	0.000010	0.000010	0.000010	LD_0.9_12_1322
NIC1104	0.000010	0.000010	0.000010	0.000010	0.456746	0.048511	0.131951	0.362711	0.000010	0.000010	0.000010	0.000010	LD_0.9_12_1322
NIC1106	0.000010	0.000010	0.000010	0.000010	0.387506	0.163912	0.448492	0.000010	0.000010	0.000010	0.000010	0.000010	LD_0.9_12_1322
NIC1117	0.000010	0.000010	0.000010	0.000010	0.999890	0.000010	0.000010	0.000010	0.000010	0.000010	0.000010	0.000010	LD_0.9_12_1322
NIC1123	0.000010	0.000010	0.000010	0.000010	0.000010	0.000010	0.000010	0.000010	0.000010	0.000010	0.999890	0.000010	LD_0.9_12_1322
NIC1124	0.000010	0.000010	0.000010	0.000010	0.000010	0.000010	0.999890	0.000010	0.000010	0.000010	0.000010	0.000010	LD_0.9_12_1322
NIC1135	0.000010	0.000010	0.000010	0.000010	0.000010	0.000010	0.999890	0.000010	0.000010	0.000010	0.000010	0.000010	LD_0.9_12_1322
NIC1138	0.000010	0.000010	0.000010	0.000010	0.000011	0.000010	0.999889	0.000010	0.000010	0.000010	0.000010	0.000010	LD_0.9_12_1322
NIC1141	0.000010	0.000010	0.000010	0.000010	0.000010	0.000010	0.999890	0.000010	0.000010	0.000010	0.000010	0.000010	LD_0.9_12_1322
NIC115	0.000010	0.000010	0.000010	0.000010	0.000010	0.000010	0.000010	0.999890	0.000010	0.000010	0.000010	0.000010	LD_0.9_12_1322
NIC117	0.000010	0.000010	0.000010	0.000010	0.000010	0.000010	0.000010	0.999890	0.000010	0.000010	0.000010	0.000010	LD_0.9_12_1322
NIC1183	0.000010	0.000010	0.000010	0.000010	0.000010	0.000010	0.999890	0.000010	0.000010	0.000010	0.000010	0.000010	LD_0.9_12_1322
NIC119	0.000010	0.000010	0.000010	0.000010	0.000010	0.000010	0.000010	0.999890	0.000010	0.000010	0.000010	0.000010	LD_0.9_12_1322
NIC1190	0.000010	0.000010	0.000010	0.000010	0.000013	0.000010	0.999886	0.000011	0.000010	0.000010	0.000010	0.000010	LD_0.9_12_1322
NIC1202	0.000010	0.000010	0.000010	0.000010	0.834917	0.000010	0.022030	0.004398	0.000010	0.000010	0.138575	0.000010	LD_0.9_12_1322
NIC1204	0.000010	0.000010	0.000010	0.000010	0.767482	0.000010	0.018743	0.019078	0.000010	0.000010	0.194617	0.000010	LD_0.9_12_1322
NIC1205	0.000010	0.000010	0.000010	0.000010	0.000010	0.000010	0.000010	0.000010	0.999890	0.000010	0.000010	0.000010	LD_0.9_12_1322
NIC1218	0.000010	0.000010	0.000010	0.000010	0.999890	0.000010	0.000010	0.000010	0.000010	0.000010	0.000010	0.000010	LD_0.9_12_1322
NIC1220	0.000010	0.000010	0.000010	0.000010	0.000010	0.000010	0.000010	0.000010	0.999890	0.000010	0.000010	0.000010	LD_0.9_12_1322
NIC1221	0.000010	0.000010	0.000010	0.000010	0.777066	0.000010	0.003771	0.000010	0.000010	0.000010	0.219073	0.000010	LD_0.9_12_1322
NIC123	0.000010	0.000010	0.000010	0.000010	0.000010	0.000010	0.000010	0.999890	0.000010	0.000010	0.000010	0.000010	LD_0.9_12_1322
NIC1267	0.000010	0.000010	0.000010	0.000010	0.057016	0.000010	0.593139	0.349755	0.000010	0.000010	0.000010	0.000010	LD_0.9_12_1322
NIC1283	0.000010	0.000010	0.000011	0.000010	0.000010	0.000010	0.999889	0.000010	0.000010	0.000010	0.000010	0.000010	LD_0.9_12_1322
NIC1288	0.000010	0.000010	0.000010	0.000010	0.000010	0.174178	0.712635	0.000019	0.000010	0.000010	0.113087	0.000010	LD_0.9_12_1322
NIC1292	0.000010	0.000010	0.000010	0.000010	0.000010	0.000010	0.999890	0.000010	0.000010	0.000010	0.000010	0.000010	LD_0.9_12_1322
NIC1302	0.000010	0.000010	0.000010	0.000010	0.000010	0.000010	0.999890	0.000010	0.000010	0.000010	0.000010	0.000010	LD_0.9_12_1322
NIC1304	0.000010	0.000010	0.000010	0.000010	0.000010	0.000010	0.999890	0.000010	0.000010	0.000010	0.000010	0.000010	LD_0.9_12_1322
NIC1308	0.000010	0.000010	0.000010	0.000010	0.000010	0.000010	0.000016	0.451324	0.000010	0.000010	0.548570	0.000010	LD_0.9_12_1322
NIC1407	0.000010	0.000010	0.000010	0.000010	0.000010	0.000010	0.999890	0.000010	0.000010	0.000010	0.000010	0.000010	LD_0.9_12_1322
NIC1421	0.000010	0.000010	0.000010	0.000010	0.000010	0.172745	0.252543	0.574622	0.000010	0.000010	0.000010	0.000010	LD_0.9_12_1322
NIC1423	0.000010	0.000010	0.000010	0.000010	0.000010	0.198711	0.801189	0.000010	0.000010	0.000010	0.000010	0.000010	LD_0.9_12_1322
NIC1442	0.000010	0.000010	0.000010	0.000010	0.000010	0.000010	0.999890	0.000010	0.000010	0.000010	0.000010	0.000010	LD_0.9_12_1322
NIC1491	0.000010	0.000010	0.000010	0.000010	0.000010	0.000010	0.999890	0.000010	0.000010	0.000010	0.000010	0.000010	LD_0.9_12_1322
NIC1525	0.000010	0.000010	0.000010	0.000010	0.113742	0.000010	0.000010	0.886158	0.000010	0.000010	0.000010	0.000010	LD_0.9_12_1322
NIC1528	0.000010	0.000010	0.000010	0.000010	0.000010	0.000010	0.000010	0.999890	0.000010	0.000010	0.000010	0.000010	LD_0.9_12_1322
NIC1529	0.000010	0.000010	0.000010	0.000010	0.035470	0.000010	0.000010	0.964430	0.000010	0.000010	0.000010	0.000010	LD_0.9_12_1322
NIC1533	0.000010	0.000010	0.000010	0.000010	0.129831	0.000010	0.000010	0.870069	0.000010	0.000010	0.000010	0.000010	LD_0.9_12_1322
NIC1535	0.000010	0.000010	0.000010	0.000010	0.008742	0.000010	0.034956	0.956212	0.000010	0.000010	0.000010	0.000010	LD_0.9_12_1322
NIC1539	0.000010	0.000010	0.000010	0.000010	0.000010	0.000010	0.000010	0.000011	0.999888	0.000010	0.000010	0.000010	LD_0.9_12_1322
NIC1540	0.999890	0.000010	0.000010	0.000010	0.000010	0.000010	0.000010	0.000010	0.000010	0.000010	0.000010	0.000010	LD_0.9_12_1322
NIC1562	0.000010	0.000010	0.000010	0.000011	0.000010	0.000010	0.000010	0.000010	0.999889	0.000010	0.000010	0.000010	LD_0.9_12_1322
NIC1589	0.999881	0.000010	0.000010	0.000010	0.000010	0.000010	0.000011	0.000010	0.000018	0.000010	0.000011	0.000010	LD_0.9_12_1322
NIC1590	0.000017	0.000010	0.000010	0.000011	0.000010	0.000010	0.000010	0.000010	0.999882	0.000010	0.000010	0.000010	LD_0.9_12_1322
NIC1591	0.999882	0.000010	0.000010	0.000010	0.000010	0.000010	0.000010	0.000011	0.000016	0.000010	0.000010	0.000010	LD_0.9_12_1322
NIC1593	0.999890	0.000010	0.000010	0.000010	0.000010	0.000010	0.000010	0.000010	0.000010	0.000010	0.000010	0.000010	LD_0.9_12_1322
NIC1595	0.000010	0.000010	0.000010	0.000010	0.000010	0.000010	0.000010	0.000010	0.999890	0.000010	0.000010	0.000010	LD_0.9_12_1322
NIC1598	0.000010	0.000010	0.000012	0.000010	0.012178	0.000010	0.000011	0.000010	0.987719	0.000010	0.000010	0.000010	LD_0.9_12_1322
NIC1602	0.000010	0.000010	0.000010	0.000010	0.000010	0.000010	0.000010	0.000010	0.999890	0.000010	0.000010	0.000010	LD_0.9_12_1322
NIC1607	0.000010	0.000010	0.000010	0.000010	0.000010	0.000010	0.000010	0.000010	0.000010	0.000010	0.000010	0.999890	LD_0.9_12_1322
NIC1628	0.000010	0.000010	0.000010	0.000010	0.999890	0.000010	0.000010	0.000010	0.000010	0.000010	0.000010	0.000010	LD_0.9_12_1322
NIC1630	0.000010	0.000010	0.000010	0.000010	0.000010	0.000010	0.000010	0.000010	0.999889	0.000010	0.000010	0.000010	LD_0.9_12_1322
NIC1631	0.000010	0.000010	0.000010	0.000010	0.000010	0.000010	0.000010	0.000010	0.999890	0.000010	0.000010	0.000010	LD_0.9_12_1322
NIC1632	0.999890	0.000010	0.000010	0.000010	0.000010	0.000010	0.000010	0.000010	0.000010	0.000010	0.000010	0.000010	LD_0.9_12_1322
NIC1633	0.999890	0.000010	0.000010	0.000010	0.000010	0.000010	0.000010	0.000010	0.000010	0.000010	0.000010	0.000010	LD_0.9_12_1322
NIC1635	0.999890	0.000010	0.000010	0.000010	0.000010	0.000010	0.000010	0.000010	0.000010	0.000010	0.000010	0.000010	LD_0.9_12_1322
NIC1645	0.000010	0.000010	0.000010	0.000010	0.000010	0.000010	0.000010	0.000010	0.999890	0.000010	0.000010	0.000010	LD_0.9_12_1322
NIC1660	0.000010	0.000010	0.000010	0.000010	0.000010	0.000010	0.000010	0.000010	0.999890	0.000010	0.000010	0.000010	LD_0.9_12_1322
NIC1661	0.000012	0.000010	0.000010	0.000010	0.000010	0.000010	0.000010	0.000010	0.999888	0.000010	0.000010	0.000010	LD_0.9_12_1322
NIC1662	0.000010	0.000010	0.000010	0.000010	0.000010	0.000010	0.000010	0.000010	0.999890	0.000010	0.000010	0.000010	LD_0.9_12_1322
NIC1663	0.000010	0.000010	0.000010	0.000010	0.000010	0.000010	0.000010	0.000010	0.999890	0.000010	0.000010	0.000010	LD_0.9_12_1322
NIC1664	0.999883	0.000010	0.000010	0.000010	0.000010	0.000010	0.000010	0.000011	0.000016	0.000010	0.000010	0.000010	LD_0.9_12_1322
NIC1665	0.999890	0.000010	0.000010	0.000010	0.000010	0.000010	0.000010	0.000010	0.000010	0.000010	0.000010	0.000010	LD_0.9_12_1322
NIC1666	0.000010	0.000010	0.000010	0.000010	0.000010	0.000010	0.000010	0.000010	0.999890	0.000010	0.000010	0.000010	LD_0.9_12_1322
NIC1667	0.000010	0.000010	0.000010	0.000010	0.000010	0.000010	0.000010	0.000010	0.999890	0.000010	0.000010	0.000010	LD_0.9_12_1322
NIC1681	0.000010	0.000010	0.000010	0.000010	0.000010	0.000010	0.000010	0.000010	0.999890	0.000010	0.000010	0.000010	LD_0.9_12_1322
NIC1688	0.000010	0.000010	0.000010	0.000010	0.997116	0.000010	0.002784	0.000010	0.000010	0.000010	0.000010	0.000010	LD_0.9_12_1322
NIC1692	0.000010	0.000010	0.000010	0.000010	0.000010	0.000010	0.000010	0.000010	0.999890	0.000010	0.000010	0.000010	LD_0.9_12_1322
NIC1693	0.000010	0.000010	0.000010	0.000010	0.000010	0.000010	0.000010	0.000010	0.999890	0.000010	0.000010	0.000010	LD_0.9_12_1322
NIC17	0.000010	0.000010	0.000010	0.000010	0.118811	0.000010	0.000010	0.881089	0.000010	0.000010	0.000010	0.000010	LD_0.9_12_1322
NIC174	0.999890	0.000010	0.000010	0.000010	0.000010	0.000010	0.000010	0.000010	0.000010	0.000010	0.000010	0.000010	LD_0.9_12_1322
NIC187	0.000010	0.000010	0.000010	0.000010	0.000010	0.000010	0.167642	0.832258	0.000010	0.000010	0.000010	0.000010	LD_0.9_12_1322
NIC188	0.000010	0.000010	0.000010	0.000010	0.000010	0.000012	0.095628	0.904270	0.000011	0.000010	0.000010	0.000010	LD_0.9_12_1322
NIC19	0.999890	0.000010	0.000010	0.000010	0.000010	0.000010	0.000010	0.000010	0.000010	0.000010	0.000010	0.000010	LD_0.9_12_1322
NIC191	0.000010	0.000012	0.000010	0.000012	0.000010	0.000017	0.000010	0.999877	0.000010	0.000010	0.000010	0.000010	LD_0.9_12_1322
NIC20	0.999890	0.000010	0.000010	0.000010	0.000010	0.000010	0.000010	0.000010	0.000010	0.000010	0.000010	0.000010	LD_0.9_12_1322
NIC21	0.999890	0.000010	0.000010	0.000010	0.000010	0.000010	0.000010	0.000010	0.000010	0.000010	0.000010	0.000010	LD_0.9_12_1322
NIC22	0.999890	0.000010	0.000010	0.000010	0.000010	0.000010	0.000010	0.000010	0.000010	0.000010	0.000010	0.000010	LD_0.9_12_1322
NIC2369	0.000010	0.000010	0.000010	0.000010	0.000010	0.000010	0.000010	0.000010	0.000010	0.000010	0.999890	0.000010	LD_0.9_12_1322
NIC248	0.000010	0.000010	0.000010	0.000010	0.000010	0.000010	0.000010	0.999890	0.000010	0.000010	0.000010	0.000010	LD_0.9_12_1322
NIC250	0.000010	0.000010	0.000011	0.000010	0.000010	0.000019	0.000010	0.999880	0.000010	0.000010	0.000010	0.000010	LD_0.9_12_1322
NIC2527	0.000010	0.000010	0.000010	0.000010	0.999887	0.000010	0.000010	0.000013	0.000010	0.000010	0.000010	0.000010	LD_0.9_12_1322
NIC309	0.000010	0.000010	0.000010	0.000010	0.000010	0.000010	0.999890	0.000010	0.000010	0.000010	0.000010	0.000010	LD_0.9_12_1322
NIC325	0.000010	0.000010	0.000010	0.000010	0.000010	0.000010	0.999890	0.000010	0.000010	0.000010	0.000010	0.000010	LD_0.9_12_1322
NIC327	0.000010	0.000010	0.000010	0.000010	0.000010	0.148380	0.851520	0.000010	0.000010	0.000010	0.000010	0.000010	LD_0.9_12_1322
NIC329	0.000012	0.000010	0.000013	0.000010	0.000010	0.012020	0.882719	0.105165	0.000010	0.000010	0.000010	0.000010	LD_0.9_12_1322
NIC330	0.000010	0.000010	0.000010	0.000019	0.000010	0.000010	0.933308	0.066582	0.000010	0.000010	0.000010	0.000010	LD_0.9_12_1322
NIC331	0.000011	0.000010	0.000010	0.000010	0.000010	0.164972	0.591718	0.243217	0.000011	0.000011	0.000010	0.000010	LD_0.9_12_1322
NIC332	0.000010	0.000010	0.000010	0.000010	0.000010	0.167652	0.832248	0.000010	0.000010	0.000010	0.000010	0.000010	LD_0.9_12_1322
NIC333	0.000010	0.000010	0.000010	0.000010	0.000010	0.000010	0.999890	0.000010	0.000010	0.000010	0.000010	0.000010	LD_0.9_12_1322
NIC343	0.000010	0.000010	0.000010	0.000010	0.974924	0.000010	0.000010	0.000010	0.000010	0.000010	0.024976	0.000010	LD_0.9_12_1322
NIC392	0.000010	0.000010	0.000010	0.000010	0.205198	0.000010	0.686438	0.108274	0.000010	0.000010	0.000010	0.000010	LD_0.9_12_1322
NIC400	0.000010	0.000010	0.000010	0.000010	0.000010	0.148505	0.851395	0.000010	0.000010	0.000010	0.000010	0.000010	LD_0.9_12_1322
NIC402	0.000010	0.000010	0.000010	0.000011	0.000011	0.133147	0.825396	0.041365	0.000010	0.000010	0.000010	0.000010	LD_0.9_12_1322
NIC419	0.000010	0.000010	0.000010	0.000010	0.000010	0.000010	0.000010	0.000010	0.000010	0.000010	0.999890	0.000010	LD_0.9_12_1322
NIC504	0.000010	0.000010	0.000012	0.000010	0.000010	0.000010	0.000010	0.000010	0.999888	0.000010	0.000010	0.000010	LD_0.9_12_1322
NIC505	0.000010	0.000011	0.000010	0.000010	0.000010	0.000010	0.000010	0.000010	0.999888	0.000010	0.000011	0.000010	LD_0.9_12_1322
NIC518	0.000010	0.000010	0.000010	0.000010	0.000010	0.000010	0.000011	0.000010	0.999888	0.000010	0.000010	0.000010	LD_0.9_12_1322
NIC519	0.000010	0.000010	0.000010	0.000010	0.000010	0.000010	0.000010	0.000012	0.999888	0.000010	0.000010	0.000010	LD_0.9_12_1322
NIC532	0.000010	0.000010	0.000010	0.000010	0.000010	0.000010	0.000012	0.999885	0.000010	0.000010	0.000012	0.000010	LD_0.9_12_1322
NIC541	0.000010	0.000010	0.000010	0.312202	0.000010	0.101166	0.337678	0.248870	0.000014	0.000010	0.000010	0.000010	LD_0.9_12_1322
NIC549	0.000010	0.000010	0.000010	0.000010	0.000010	0.000010	0.000010	0.999889	0.000010	0.000010	0.000010	0.000010	LD_0.9_12_1322
NIC552	0.000011	0.000010	0.000010	0.000015	0.000010	0.000010	0.000011	0.999883	0.000010	0.000010	0.000010	0.000010	LD_0.9_12_1322
NIC555	0.000010	0.000010	0.000010	0.000010	0.000010	0.128163	0.044853	0.826894	0.000010	0.000010	0.000010	0.000010	LD_0.9_12_1322
NIC574	0.000010	0.000010	0.000010	0.000010	0.000010	0.000010	0.000010	0.999890	0.000010	0.000010	0.000010	0.000010	LD_0.9_12_1322
NIC578	0.000010	0.000010	0.000010	0.000010	0.000010	0.000010	0.110458	0.889442	0.000010	0.000010	0.000010	0.000010	LD_0.9_12_1322
NIC583	0.000010	0.000010	0.000010	0.000010	0.000010	0.028006	0.159546	0.812357	0.000010	0.000010	0.000010	0.000010	LD_0.9_12_1322
NIC590	0.000010	0.000010	0.000010	0.116598	0.000010	0.000010	0.409576	0.473735	0.000010	0.000010	0.000010	0.000010	LD_0.9_12_1322
NIC593	0.000010	0.000010	0.000010	0.000012	0.000012	0.000010	0.000010	0.999886	0.000010	0.000010	0.000010	0.000010	LD_0.9_12_1322
NIC60	0.000010	0.000010	0.000010	0.000010	0.000010	0.000010	0.999890	0.000010	0.000010	0.000010	0.000010	0.000010	LD_0.9_12_1322
NIC61	0.000010	0.000010	0.000010	0.000010	0.000010	0.000010	0.000010	0.999890	0.000010	0.000010	0.000010	0.000010	LD_0.9_12_1322
NIC62	0.000010	0.000010	0.000010	0.000010	0.000010	0.000015	0.499489	0.500406	0.000010	0.000010	0.000010	0.000010	LD_0.9_12_1322
NIC67	0.000010	0.000012	0.000012	0.000012	0.000011	0.000010	0.000010	0.000010	0.000010	0.000010	0.999883	0.000010	LD_0.9_12_1322
NIC758	0.000010	0.000010	0.000010	0.126647	0.000010	0.000010	0.143355	0.729908	0.000010	0.000010	0.000010	0.000010	LD_0.9_12_1322
NIC777	0.000010	0.000010	0.000012	0.000010	0.000011	0.112233	0.230535	0.657139	0.000010	0.000010	0.000010	0.000010	LD_0.9_12_1322
NIC779	0.000010	0.000010	0.000010	0.000011	0.000010	0.000010	0.000010	0.000010	0.999888	0.000010	0.000010	0.000010	LD_0.9_12_1322
NIC790	0.000010	0.000010	0.000010	0.000010	0.999890	0.000010	0.000010	0.000010	0.000010	0.000010	0.000010	0.000010	LD_0.9_12_1322
NIC791	0.000010	0.000010	0.000010	0.916814	0.083083	0.000010	0.000010	0.000010	0.000014	0.000010	0.000010	0.000010	LD_0.9_12_1322
NIC792	0.000010	0.000010	0.000010	0.303660	0.696240	0.000010	0.000010	0.000010	0.000010	0.000010	0.000010	0.000010	LD_0.9_12_1322
NIC793	0.000010	0.000010	0.000010	0.000010	0.999884	0.000010	0.000016	0.000010	0.000010	0.000010	0.000010	0.000010	LD_0.9_12_1322
NIC795	0.000010	0.000010	0.000010	0.000010	0.999890	0.000010	0.000010	0.000010	0.000010	0.000010	0.000010	0.000010	LD_0.9_12_1322
NIC796	0.000010	0.000010	0.000010	0.000010	0.999890	0.000010	0.000010	0.000010	0.000010	0.000010	0.000010	0.000010	LD_0.9_12_1322
NIC802	0.000010	0.000010	0.000010	0.000010	0.999890	0.000010	0.000010	0.000010	0.000010	0.000010	0.000010	0.000010	LD_0.9_12_1322
NIC803	0.000010	0.000010	0.000010	0.000010	0.901528	0.000010	0.098372	0.000010	0.000010	0.000010	0.000010	0.000010	LD_0.9_12_1322
NIC805	0.000010	0.000010	0.000010	0.000010	0.000010	0.000010	0.000010	0.000010	0.999890	0.000010	0.000010	0.000010	LD_0.9_12_1322
NIC811	0.000010	0.000010	0.000010	0.010634	0.988935	0.000010	0.000015	0.000010	0.000010	0.000010	0.000336	0.000010	LD_0.9_12_1322
NIC814	0.000010	0.000010	0.000010	0.000010	0.000010	0.000010	0.000010	0.000010	0.999890	0.000010	0.000010	0.000010	LD_0.9_12_1322
NIC815	0.000010	0.000010	0.000010	0.000010	0.000010	0.000010	0.000010	0.000010	0.999888	0.000010	0.000012	0.000010	LD_0.9_12_1322
NIC816	0.999886	0.000010	0.000010	0.000010	0.000010	0.000010	0.000011	0.000011	0.000010	0.000010	0.000012	0.000010	LD_0.9_12_1322
NIC819	0.000010	0.000010	0.000010	0.000010	0.000010	0.000010	0.000010	0.000010	0.000012	0.000010	0.000010	0.999888	LD_0.9_12_1322
NIC821	0.000010	0.000010	0.000010	0.000010	0.872734	0.000010	0.127166	0.000010	0.000010	0.000010	0.000010	0.000010	LD_0.9_12_1322
NIC822	0.000010	0.000010	0.000010	0.000010	0.000010	0.000010	0.000010	0.000010	0.999890	0.000010	0.000010	0.000010	LD_0.9_12_1322
NIC824	0.000010	0.000010	0.000010	0.000010	0.000010	0.000010	0.000010	0.000010	0.999890	0.000010	0.000010	0.000010	LD_0.9_12_1322
NIC825	0.999888	0.000010	0.000011	0.000010	0.000010	0.000010	0.000010	0.000011	0.000010	0.000010	0.000010	0.000010	LD_0.9_12_1322
NIC827	0.999890	0.000010	0.000010	0.000010	0.000010	0.000010	0.000010	0.000010	0.000010	0.000010	0.000010	0.000010	LD_0.9_12_1322
NIC828	0.999882	0.000010	0.000010	0.000010	0.000010	0.000010	0.000010	0.000010	0.000013	0.000012	0.000013	0.000010	LD_0.9_12_1322
NIC863	0.000010	0.000010	0.000010	0.000010	0.000010	0.000010	0.000010	0.000010	0.999890	0.000010	0.000010	0.000010	LD_0.9_12_1322
NIC864	0.000010	0.000010	0.000010	0.000010	0.000017	0.000010	0.000010	0.000010	0.999883	0.000010	0.000010	0.000010	LD_0.9_12_1322
NIC865	0.000010	0.000012	0.000012	0.000010	0.000010	0.000012	0.000014	0.000010	0.999880	0.000010	0.000010	0.000010	LD_0.9_12_1322
NIC871	0.000010	0.000010	0.000011	0.000010	0.999889	0.000010	0.000010	0.000010	0.000010	0.000010	0.000010	0.000010	LD_0.9_12_1322
NIC883	0.000010	0.000010	0.000010	0.000010	0.999890	0.000010	0.000010	0.000010	0.000010	0.000010	0.000010	0.000010	LD_0.9_12_1322
NIC889	0.000010	0.000010	0.000010	0.000010	0.000010	0.000010	0.000010	0.000010	0.999890	0.000010	0.000010	0.000010	LD_0.9_12_1322
NIC893	0.000010	0.000010	0.000010	0.000010	0.000010	0.000010	0.000010	0.000010	0.000010	0.999890	0.000010	0.000010	LD_0.9_12_1322
NIC897	0.000010	0.000010	0.000010	0.000010	0.000010	0.000010	0.000010	0.000010	0.999890	0.000010	0.000010	0.000010	LD_0.9_12_1322
NIC899	0.999890	0.000010	0.000010	0.000010	0.000010	0.000010	0.000010	0.000010	0.000010	0.000010	0.000010	0.000010	LD_0.9_12_1322
NIC901	0.000010	0.000010	0.000010	0.000012	0.271109	0.000010	0.000010	0.728789	0.000010	0.000010	0.000010	0.000010	LD_0.9_12_1322
NIC911	0.000010	0.000010	0.000010	0.000010	0.528848	0.000010	0.275236	0.195826	0.000010	0.000010	0.000010	0.000010	LD_0.9_12_1322
NIC96	0.000010	0.000010	0.000010	0.000010	0.000010	0.000010	0.999890	0.000010	0.000010	0.000010	0.000010	0.000010	LD_0.9_12_1322
NIC984	0.000010	0.000010	0.000010	0.000010	0.720112	0.000010	0.279788	0.000010	0.000010	0.000010	0.000010	0.000010	LD_0.9_12_1322
NIC985	0.000010	0.000010	0.000010	0.000010	0.494474	0.000010	0.177488	0.162690	0.000010	0.000010	0.165268	0.000010	LD_0.9_12_1322
PB800	0.999889	0.000010	0.000010	0.000011	0.000010	0.000010	0.000010	0.000010	0.000010	0.000010	0.000010	0.000010	LD_0.9_12_1322
PB857	0.999887	0.000010	0.000012	0.000010	0.000010	0.000010	0.000010	0.000011	0.000010	0.000010	0.000010	0.000010	LD_0.9_12_1322
PE887	0.000010	0.000010	0.000010	0.000010	0.441088	0.000011	0.000010	0.558811	0.000010	0.000010	0.000010	0.000010	LD_0.9_12_1322
QG1005	0.000010	0.000010	0.000010	0.000015	0.000010	0.903532	0.096363	0.000010	0.000010	0.000010	0.000010	0.000010	LD_0.9_12_1322
QG1007	0.000010	0.000010	0.000010	0.000010	0.000010	0.999890	0.000010	0.000010	0.000010	0.000010	0.000010	0.000010	LD_0.9_12_1322
QG1111	0.000010	0.000010	0.000010	0.000013	0.000010	0.999887	0.000010	0.000010	0.000010	0.000010	0.000010	0.000010	LD_0.9_12_1322
QG1126	0.000010	0.000010	0.000010	0.000010	0.000010	0.999890	0.000010	0.000010	0.000010	0.000010	0.000010	0.000010	LD_0.9_12_1322
QG1141	0.000010	0.000010	0.000010	0.000010	0.000010	0.999890	0.000010	0.000010	0.000010	0.000010	0.000010	0.000010	LD_0.9_12_1322
QG1155	0.000010	0.000010	0.000010	0.000010	0.002910	0.996990	0.000010	0.000010	0.000010	0.000010	0.000010	0.000010	LD_0.9_12_1322
QG130	0.000010	0.000010	0.000010	0.000010	0.999885	0.000010	0.000010	0.000014	0.000010	0.000010	0.000010	0.000010	LD_0.9_12_1322
QG132	0.000010	0.000010	0.000010	0.000010	0.946009	0.000010	0.053800	0.000101	0.000010	0.000010	0.000010	0.000010	LD_0.9_12_1322
QG133	0.000010	0.000010	0.000010	0.000011	0.022958	0.000010	0.000010	0.000010	0.976941	0.000010	0.000010	0.000010	LD_0.9_12_1322
QG2641	0.000010	0.000010	0.000010	0.000010	0.000010	0.999889	0.000011	0.000010	0.000010	0.000010	0.000010	0.000010	LD_0.9_12_1322
QG2648	0.000010	0.000010	0.000010	0.000010	0.000010	0.999890	0.000010	0.000010	0.000010	0.000010	0.000010	0.000010	LD_0.9_12_1322
QG2659	0.000011	0.000010	0.000010	0.000013	0.000011	0.999884	0.000010	0.000010	0.000010	0.000010	0.000010	0.000010	LD_0.9_12_1322
QG2663	0.000010	0.000010	0.000011	0.000011	0.000010	0.999884	0.000010	0.000013	0.000010	0.000010	0.000011	0.000010	LD_0.9_12_1322
QG2665	0.000010	0.000010	0.000010	0.000010	0.000010	0.999889	0.000010	0.000010	0.000011	0.000010	0.000010	0.000010	LD_0.9_12_1322
QG2683	0.000010	0.000010	0.000010	0.000010	0.000010	0.999890	0.000010	0.000010	0.000010	0.000010	0.000010	0.000010	LD_0.9_12_1322
QG2736	0.000010	0.000010	0.000010	0.000014	0.000010	0.999886	0.000010	0.000010	0.000010	0.000010	0.000010	0.000010	LD_0.9_12_1322
QG2814	0.000011	0.000010	0.000010	0.000010	0.999886	0.000010	0.000010	0.000013	0.000010	0.000010	0.000010	0.000010	LD_0.9_12_1322
QG2820	0.000010	0.000010	0.000010	0.000010	0.999890	0.000010	0.000010	0.000010	0.000010	0.000010	0.000010	0.000010	LD_0.9_12_1322
QG2848	0.000010	0.000010	0.000012	0.000010	0.999888	0.000010	0.000010	0.000010	0.000010	0.000010	0.000010	0.000010	LD_0.9_12_1322
QG2880	0.000010	0.000010	0.000010	0.999889	0.000011	0.000010	0.000010	0.000010	0.000010	0.000010	0.000010	0.000010	LD_0.9_12_1322
QG2881	0.000010	0.000010	0.000010	0.000010	0.999890	0.000010	0.000010	0.000010	0.000010	0.000010	0.000010	0.000010	LD_0.9_12_1322
QG2883	0.000010	0.000010	0.000010	0.000010	0.999890	0.000010	0.000010	0.000010	0.000010	0.000010	0.000010	0.000010	LD_0.9_12_1322
QG2884	0.000010	0.000010	0.000010	0.999890	0.000010	0.000010	0.000010	0.000010	0.000010	0.000010	0.000010	0.000010	LD_0.9_12_1322
QG2891	0.000012	0.000010	0.999886	0.000010	0.000010	0.000010	0.000010	0.000010	0.000010	0.000010	0.000011	0.000010	LD_0.9_12_1322
QG2892	0.000010	0.000010	0.000010	0.999889	0.000011	0.000010	0.000010	0.000010	0.000010	0.000010	0.000010	0.000010	LD_0.9_12_1322
QG2893	0.000010	0.176052	0.823839	0.000010	0.000019	0.000010	0.000010	0.000010	0.000010	0.000010	0.000010	0.000010	LD_0.9_12_1322
QG2895	0.000010	0.000010	0.000010	0.999882	0.000010	0.000010	0.000010	0.000010	0.000018	0.000010	0.000010	0.000010	LD_0.9_12_1322
QG2902	0.000010	0.000010	0.000010	0.999890	0.000010	0.000010	0.000010	0.000010	0.000010	0.000010	0.000010	0.000010	LD_0.9_12_1322
QG2903	0.000010	0.000010	0.000010	0.999890	0.000010	0.000010	0.000010	0.000010	0.000010	0.000010	0.000010	0.000010	LD_0.9_12_1322
QG2906	0.000010	0.000010	0.000010	0.999890	0.000010	0.000010	0.000010	0.000010	0.000010	0.000010	0.000010	0.000010	LD_0.9_12_1322
QG2908	0.000010	0.177344	0.822556	0.000010	0.000010	0.000010	0.000010	0.000010	0.000010	0.000010	0.000010	0.000010	LD_0.9_12_1322
QG2910	0.000010	0.000010	0.000010	0.000010	0.934476	0.000010	0.065424	0.000010	0.000010	0.000010	0.000010	0.000010	LD_0.9_12_1322
QG2919	0.000010	0.000010	0.999890	0.000010	0.000010	0.000010	0.000010	0.000010	0.000010	0.000010	0.000010	0.000010	LD_0.9_12_1322
QG2923	0.000010	0.000010	0.000010	0.999886	0.000013	0.000011	0.000010	0.000010	0.000010	0.000010	0.000010	0.000010	LD_0.9_12_1322
QG2925	0.000010	0.000010	0.000010	0.999889	0.000011	0.000010	0.000010	0.000010	0.000010	0.000010	0.000010	0.000010	LD_0.9_12_1322
QG2964	0.000010	0.000010	0.000010	0.000010	0.000010	0.999890	0.000010	0.000010	0.000010	0.000010	0.000010	0.000010	LD_0.9_12_1322
QG2966	0.000010	0.000010	0.000010	0.000010	0.189969	0.622931	0.024589	0.162431	0.000010	0.000010	0.000010	0.000010	LD_0.9_12_1322
QG2969	0.000010	0.000010	0.000012	0.000010	0.000010	0.999888	0.000010	0.000010	0.000010	0.000010	0.000010	0.000010	LD_0.9_12_1322
QG2972	0.000010	0.000010	0.000010	0.000010	0.000010	0.999883	0.000010	0.000017	0.000010	0.000010	0.000010	0.000010	LD_0.9_12_1322
QG2996	0.000010	0.000010	0.000010	0.000010	0.000010	0.999890	0.000010	0.000010	0.000010	0.000010	0.000010	0.000010	LD_0.9_12_1322
QG3004	0.000010	0.000010	0.000010	0.000015	0.080081	0.762436	0.157388	0.000010	0.000010	0.000010	0.000010	0.000010	LD_0.9_12_1322
QG3006	0.000012	0.000010	0.000010	0.000016	0.000010	0.999883	0.000010	0.000010	0.000010	0.000010	0.000010	0.000010	LD_0.9_12_1322
QG3019	0.000011	0.000010	0.000010	0.000013	0.000011	0.827924	0.171971	0.000010	0.000010	0.000010	0.000011	0.000010	LD_0.9_12_1322
QG3025	0.000010	0.000010	0.000010	0.000010	0.000010	0.999890	0.000010	0.000010	0.000010	0.000010	0.000010	0.000010	LD_0.9_12_1322
QG3030	0.000010	0.000010	0.000010	0.000010	0.000010	0.999890	0.000010	0.000010	0.000010	0.000010	0.000010	0.000010	LD_0.9_12_1322
QG3032	0.000011	0.000010	0.000010	0.000010	0.005842	0.721591	0.272475	0.000010	0.000010	0.000010	0.000010	0.000010	LD_0.9_12_1322
QG3034	0.000010	0.000010	0.000010	0.000010	0.000010	0.999890	0.000010	0.000010	0.000010	0.000010	0.000010	0.000010	LD_0.9_12_1322
QG3041	0.000010	0.000010	0.000010	0.000010	0.000011	0.999889	0.000010	0.000010	0.000010	0.000010	0.000010	0.000010	LD_0.9_12_1322
QG3053	0.000010	0.000010	0.000012	0.000010	0.111562	0.000010	0.000010	0.888335	0.000010	0.000010	0.000010	0.000010	LD_0.9_12_1322
QG3056	0.000010	0.000011	0.000010	0.000010	0.200798	0.613482	0.038726	0.146913	0.000011	0.000010	0.000010	0.000010	LD_0.9_12_1322
QG3057	0.000010	0.000010	0.000010	0.000010	0.000010	0.999890	0.000010	0.000010	0.000010	0.000010	0.000010	0.000010	LD_0.9_12_1322
QG3058	0.000010	0.000010	0.000010	0.000010	0.000010	0.912357	0.087543	0.000010	0.000010	0.000010	0.000010	0.000010	LD_0.9_12_1322
QG3527	0.000010	0.000010	0.000010	0.000011	0.000010	0.134112	0.069630	0.796164	0.000010	0.000012	0.000011	0.000010	LD_0.9_12_1322
QG3661	0.999889	0.000010	0.000010	0.000010	0.000010	0.000010	0.000011	0.000010	0.000010	0.000010	0.000010	0.000010	LD_0.9_12_1322
QG3783	0.000010	0.000010	0.000014	0.000010	0.082458	0.086781	0.000010	0.830667	0.000010	0.000010	0.000010	0.000010	LD_0.9_12_1322
QG3801	0.000010	0.000010	0.000010	0.000014	0.008538	0.893229	0.065957	0.032193	0.000010	0.000010	0.000010	0.000010	LD_0.9_12_1322
QG3815	0.000010	0.000010	0.000010	0.000010	0.000010	0.003399	0.160164	0.836347	0.000010	0.000010	0.000010	0.000010	LD_0.9_12_1322
QG3816	0.000010	0.000010	0.000010	0.000010	0.000010	0.072672	0.000010	0.927227	0.000010	0.000010	0.000011	0.000010	LD_0.9_12_1322
QG3823	0.000010	0.000010	0.000010	0.004698	0.012259	0.874141	0.098671	0.000010	0.000010	0.000010	0.010161	0.000010	LD_0.9_12_1322
QG3825	0.000010	0.000010	0.000010	0.000010	0.000010	0.000010	0.000010	0.999890	0.000010	0.000010	0.000010	0.000010	LD_0.9_12_1322
QG3826	0.000010	0.000010	0.000010	0.000019	0.000010	0.097741	0.000010	0.902150	0.000010	0.000010	0.000010	0.000010	LD_0.9_12_1322
QG3837	0.000010	0.000010	0.000010	0.000010	0.000010	0.000010	0.000010	0.999890	0.000010	0.000010	0.000010	0.000010	LD_0.9_12_1322
QG3851	0.000010	0.000010	0.000010	0.000010	0.065738	0.094674	0.000010	0.839498	0.000010	0.000010	0.000010	0.000010	LD_0.9_12_1322
QG3861	0.000010	0.000011	0.000010	0.000010	0.000010	0.041167	0.066074	0.892668	0.000010	0.000010	0.000011	0.000010	LD_0.9_12_1322
QG3867	0.000010	0.000010	0.000010	0.000010	0.000010	0.861544	0.058922	0.079444	0.000010	0.000010	0.000010	0.000010	LD_0.9_12_1322
QG3874	0.000010	0.000010	0.000010	0.000010	0.000010	0.000010	0.000010	0.999890	0.000010	0.000010	0.000010	0.000010	LD_0.9_12_1322
QG3875	0.000010	0.000010	0.000010	0.000010	0.000010	0.000010	0.133378	0.866522	0.000010	0.000010	0.000010	0.000010	LD_0.9_12_1322
QG3876	0.000010	0.000010	0.000010	0.000010	0.000010	0.084482	0.000010	0.915418	0.000010	0.000010	0.000010	0.000010	LD_0.9_12_1322
QG3878	0.000010	0.000010	0.000010	0.000010	0.000010	0.000010	0.166323	0.833577	0.000010	0.000010	0.000010	0.000010	LD_0.9_12_1322
QG3920	0.000010	0.000010	0.000010	0.000010	0.000010	0.053491	0.187833	0.758586	0.000010	0.000010	0.000010	0.000010	LD_0.9_12_1322
QG3921	0.000010	0.000010	0.000010	0.000010	0.000010	0.043199	0.180053	0.776658	0.000010	0.000010	0.000010	0.000010	LD_0.9_12_1322
QG3923	0.000010	0.000010	0.000010	0.000010	0.006856	0.000010	0.130885	0.862169	0.000010	0.000010	0.000010	0.000010	LD_0.9_12_1322
QG3924	0.000010	0.000010	0.000010	0.000012	0.253581	0.084813	0.537925	0.123599	0.000010	0.000010	0.000010	0.000010	LD_0.9_12_1322
QG3925	0.000010	0.000010	0.000010	0.000010	0.000010	0.000010	0.286853	0.713047	0.000010	0.000010	0.000010	0.000010	LD_0.9_12_1322
QG3926	0.000010	0.000010	0.000010	0.000010	0.000010	0.000010	0.265291	0.734609	0.000010	0.000010	0.000010	0.000010	LD_0.9_12_1322
QG3927	0.000010	0.000010	0.000010	0.000010	0.000010	0.000010	0.210013	0.789887	0.000010	0.000010	0.000010	0.000010	LD_0.9_12_1322
QG3931	0.000010	0.000010	0.000010	0.000010	0.051411	0.000010	0.634588	0.313910	0.000010	0.000010	0.000010	0.000010	LD_0.9_12_1322
QG3932	0.000012	0.000010	0.000010	0.000012	0.175222	0.000010	0.271705	0.552979	0.000010	0.000010	0.000010	0.000010	LD_0.9_12_1322
QG3933	0.000010	0.000010	0.000012	0.000010	0.162371	0.000010	0.000016	0.837520	0.000010	0.000010	0.000010	0.000010	LD_0.9_12_1322
QG4026	0.000010	0.000011	0.999889	0.000010	0.000010	0.000010	0.000010	0.000010	0.000010	0.000010	0.000010	0.000010	LD_0.9_12_1322
QG4028	0.000012	0.000011	0.999883	0.000010	0.000010	0.000012	0.000010	0.000010	0.000011	0.000010	0.000012	0.000010	LD_0.9_12_1322
QG4031	0.000010	0.000010	0.999890	0.000010	0.000010	0.000010	0.000010	0.000010	0.000010	0.000010	0.000010	0.000010	LD_0.9_12_1322
QG4063	0.000012	0.000010	0.999887	0.000011	0.000010	0.000010	0.000010	0.000010	0.000010	0.000010	0.000010	0.000010	LD_0.9_12_1322
QG4064	0.000010	0.000010	0.999888	0.000010	0.000010	0.000010	0.000010	0.000012	0.000010	0.000010	0.000010	0.000010	LD_0.9_12_1322
QG4067	0.000010	0.000010	0.999890	0.000010	0.000010	0.000010	0.000010	0.000010	0.000010	0.000010	0.000010	0.000010	LD_0.9_12_1322
QG4068	0.000010	0.000010	0.999890	0.000010	0.000010	0.000010	0.000010	0.000010	0.000010	0.000010	0.000010	0.000010	LD_0.9_12_1322
QG4070	0.000010	0.000010	0.000010	0.000010	0.789722	0.000010	0.000010	0.210178	0.000010	0.000010	0.000010	0.000010	LD_0.9_12_1322
QG4093	0.000010	0.111731	0.888169	0.000010	0.000010	0.000010	0.000010	0.000010	0.000010	0.000010	0.000010	0.000010	LD_0.9_12_1322
QG4094	0.000010	0.000010	0.999889	0.000010	0.000010	0.000010	0.000010	0.000010	0.000010	0.000010	0.000010	0.000010	LD_0.9_12_1322
QG4095	0.000010	0.000010	0.999890	0.000010	0.000010	0.000010	0.000010	0.000010	0.000010	0.000010	0.000010	0.000010	LD_0.9_12_1322
QG4096	0.000010	0.000010	0.999885	0.000010	0.000010	0.000010	0.000015	0.000010	0.000010	0.000010	0.000010	0.000010	LD_0.9_12_1322
QG4097	0.000012	0.000010	0.999888	0.000010	0.000010	0.000010	0.000010	0.000010	0.000010	0.000010	0.000010	0.000010	LD_0.9_12_1322
QG4104	0.000010	0.000010	0.999885	0.000010	0.000013	0.000010	0.000010	0.000010	0.000013	0.000010	0.000010	0.000010	LD_0.9_12_1322
QG4114	0.000010	0.000010	0.999890	0.000010	0.000010	0.000010	0.000010	0.000010	0.000010	0.000010	0.000010	0.000010	LD_0.9_12_1322
QG4131	0.000010	0.000011	0.999889	0.000010	0.000010	0.000010	0.000010	0.000010	0.000010	0.000010	0.000010	0.000010	LD_0.9_12_1322
QG4132	0.000010	0.000010	0.999888	0.000010	0.000010	0.000012	0.000010	0.000010	0.000010	0.000010	0.000010	0.000010	LD_0.9_12_1322
QG4208	0.000010	0.138087	0.861813	0.000010	0.000010	0.000010	0.000010	0.000010	0.000010	0.000010	0.000010	0.000010	LD_0.9_12_1322
QG4214	0.000011	0.000010	0.999887	0.000010	0.000010	0.000010	0.000010	0.000010	0.000012	0.000010	0.000010	0.000010	LD_0.9_12_1322
QG4225	0.000010	0.000010	0.999890	0.000010	0.000010	0.000010	0.000010	0.000010	0.000010	0.000010	0.000010	0.000010	LD_0.9_12_1322
QG4232	0.000010	0.031001	0.968897	0.000011	0.000010	0.000010	0.000010	0.000010	0.000010	0.000010	0.000010	0.000010	LD_0.9_12_1322
QG4233	0.000010	0.000012	0.999888	0.000010	0.000010	0.000010	0.000010	0.000010	0.000010	0.000010	0.000010	0.000010	LD_0.9_12_1322
QG4647	0.000010	0.000010	0.000010	0.999886	0.000012	0.000012	0.000010	0.000010	0.000010	0.000010	0.000010	0.000010	LD_0.9_12_1322
QG4648	0.000010	0.000010	0.000010	0.000010	0.999064	0.000010	0.000010	0.000836	0.000010	0.000010	0.000010	0.000010	LD_0.9_12_1322
QG4683	0.000010	0.000010	0.000010	0.000010	0.929846	0.000010	0.000010	0.070054	0.000010	0.000010	0.000010	0.000010	LD_0.9_12_1322
QG4701	0.000010	0.000010	0.000010	0.559793	0.440107	0.000010	0.000010	0.000010	0.000010	0.000010	0.000010	0.000010	LD_0.9_12_1322
QG4706	0.000010	0.000010	0.000010	0.000010	0.999890	0.000010	0.000010	0.000010	0.000010	0.000010	0.000010	0.000010	LD_0.9_12_1322
QG4718	0.000010	0.000010	0.000010	0.000010	0.999890	0.000010	0.000010	0.000010	0.000010	0.000010	0.000010	0.000010	LD_0.9_12_1322
QG4742	0.000010	0.000010	0.000010	0.021125	0.905817	0.000010	0.000010	0.072967	0.000010	0.000011	0.000010	0.000010	LD_0.9_12_1322
QG4805	0.000010	0.000010	0.000010	0.999884	0.000010	0.000016	0.000010	0.000010	0.000010	0.000010	0.000010	0.000010	LD_0.9_12_1322
QG4847	0.000010	0.000010	0.000010	0.000010	0.999890	0.000010	0.000010	0.000010	0.000010	0.000010	0.000010	0.000010	LD_0.9_12_1322
QG4966	0.000010	0.000010	0.000010	0.000010	0.999890	0.000010	0.000010	0.000010	0.000010	0.000010	0.000010	0.000010	LD_0.9_12_1322
QG5348	0.000010	0.000010	0.000010	0.000010	0.999890	0.000010	0.000010	0.000010	0.000010	0.000010	0.000010	0.000010	LD_0.9_12_1322
QG5406	0.000010	0.000010	0.000010	0.000010	0.938917	0.000010	0.000854	0.060139	0.000010	0.000010	0.000010	0.000010	LD_0.9_12_1322
QG547	0.999890	0.000010	0.000010	0.000010	0.000010	0.000010	0.000010	0.000010	0.000010	0.000010	0.000010	0.000010	LD_0.9_12_1322
QG5474	0.000010	0.000010	0.000010	0.649936	0.349962	0.000010	0.000012	0.000010	0.000010	0.000010	0.000010	0.000010	LD_0.9_12_1322
QG5488	0.000010	0.000010	0.000010	0.000010	0.999890	0.000010	0.000010	0.000010	0.000010	0.000010	0.000010	0.000010	LD_0.9_12_1322
QG550	0.000010	0.000010	0.000010	0.055523	0.250436	0.000010	0.000010	0.072341	0.000010	0.000010	0.621620	0.000010	LD_0.9_12_1322
QG5507	0.000010	0.000010	0.000010	0.195896	0.804004	0.000010	0.000010	0.000010	0.000010	0.000010	0.000010	0.000010	LD_0.9_12_1322
QG5525	0.000010	0.000010	0.000010	0.000010	0.941796	0.000010	0.000010	0.058104	0.000010	0.000010	0.000010	0.000010	LD_0.9_12_1322
QG5589	0.000010	0.000010	0.000010	0.837684	0.157200	0.000010	0.000010	0.005026	0.000010	0.000010	0.000010	0.000010	LD_0.9_12_1322
QG5603	0.000010	0.000010	0.000010	0.662622	0.337278	0.000010	0.000010	0.000010	0.000010	0.000010	0.000010	0.000010	LD_0.9_12_1322
QG5611	0.000010	0.000010	0.000010	0.000010	0.965312	0.000010	0.034588	0.000010	0.000010	0.000010	0.000010	0.000010	LD_0.9_12_1322
QG5612	0.000010	0.000010	0.000010	0.000010	0.718310	0.000010	0.092217	0.189383	0.000010	0.000010	0.000010	0.000010	LD_0.9_12_1322
QG5633	0.000012	0.000011	0.000011	0.000010	0.985093	0.000010	0.014803	0.000010	0.000010	0.000010	0.000010	0.000010	LD_0.9_12_1322
QG581	0.999888	0.000010	0.000010	0.000012	0.000010	0.000010	0.000010	0.000010	0.000010	0.000010	0.000010	0.000010	LD_0.9_12_1322
QG588	0.999890	0.000010	0.000010	0.000010	0.000010	0.000010	0.000010	0.000010	0.000010	0.000010	0.000010	0.000010	LD_0.9_12_1322
QG700	0.000010	0.000010	0.000010	0.000010	0.000010	0.760703	0.239197	0.000010	0.000010	0.000010	0.000010	0.000010	LD_0.9_12_1322
QG727	0.000010	0.000010	0.000010	0.000010	0.000010	0.999888	0.000012	0.000010	0.000010	0.000010	0.000010	0.000010	LD_0.9_12_1322
QG733	0.000010	0.000010	0.000010	0.000010	0.000010	0.999888	0.000010	0.000010	0.000010	0.000010	0.000012	0.000010	LD_0.9_12_1322
QG736	0.000010	0.000010	0.000010	0.000010	0.000010	0.999890	0.000010	0.000010	0.000010	0.000010	0.000010	0.000010	LD_0.9_12_1322
QG737	0.000010	0.000010	0.000010	0.000010	0.000012	0.999881	0.000017	0.000010	0.000010	0.000010	0.000010	0.000010	LD_0.9_12_1322
QG739	0.000010	0.000010	0.000010	0.000010	0.000010	0.999890	0.000010	0.000010	0.000010	0.000010	0.000010	0.000010	LD_0.9_12_1322
QG761	0.000010	0.000011	0.000010	0.000010	0.000010	0.644421	0.355478	0.000010	0.000010	0.000010	0.000010	0.000010	LD_0.9_12_1322
QG763	0.000010	0.000010	0.000010	0.000011	0.000010	0.925714	0.074186	0.000010	0.000010	0.000010	0.000010	0.000010	LD_0.9_12_1322
QG776	0.000010	0.000010	0.000010	0.000010	0.000010	0.983721	0.000010	0.016178	0.000010	0.000011	0.000010	0.000010	LD_0.9_12_1322
QG781	0.000010	0.000010	0.000010	0.000010	0.000010	0.999890	0.000010	0.000010	0.000010	0.000010	0.000010	0.000010	LD_0.9_12_1322
QG784	0.000010	0.000012	0.000010	0.000010	0.000010	0.999883	0.000013	0.000010	0.000012	0.000010	0.000010	0.000010	LD_0.9_12_1322
QG786	0.000010	0.000010	0.000010	0.000010	0.000010	0.999886	0.000010	0.000010	0.000010	0.000014	0.000010	0.000010	LD_0.9_12_1322
QG788	0.000010	0.000010	0.000010	0.000013	0.000010	0.999887	0.000010	0.000010	0.000010	0.000010	0.000010	0.000010	LD_0.9_12_1322
QG790	0.000010	0.000010	0.000010	0.000010	0.000010	0.999890	0.000010	0.000010	0.000010	0.000010	0.000010	0.000010	LD_0.9_12_1322
QG791	0.000010	0.000010	0.000010	0.000018	0.062124	0.937768	0.000010	0.000010	0.000011	0.000010	0.000010	0.000010	LD_0.9_12_1322
QG795	0.000010	0.000010	0.000010	0.000010	0.000010	0.593794	0.406105	0.000010	0.000011	0.000010	0.000010	0.000010	LD_0.9_12_1322
QG797	0.000010	0.000010	0.000010	0.000010	0.000010	0.999890	0.000010	0.000010	0.000010	0.000010	0.000010	0.000010	LD_0.9_12_1322
QG802	0.000010	0.000010	0.000010	0.000010	0.000010	0.999890	0.000010	0.000010	0.000010	0.000010	0.000010	0.000010	LD_0.9_12_1322
QG804	0.000010	0.000010	0.000010	0.000010	0.000010	0.999890	0.000010	0.000010	0.000010	0.000010	0.000010	0.000010	LD_0.9_12_1322
QG806	0.000010	0.000010	0.000010	0.000010	0.000010	0.999890	0.000010	0.000010	0.000010	0.000010	0.000010	0.000010	LD_0.9_12_1322
QG807	0.000010	0.000010	0.000010	0.000011	0.000010	0.999884	0.000015	0.000010	0.000010	0.000010	0.000010	0.000010	LD_0.9_12_1322
QG808	0.000010	0.000010	0.000010	0.000012	0.045640	0.954258	0.000010	0.000010	0.000010	0.000010	0.000010	0.000010	LD_0.9_12_1322
QG809	0.000011	0.000010	0.000010	0.000010	0.000019	0.999878	0.000011	0.000010	0.000010	0.000010	0.000010	0.000010	LD_0.9_12_1322
QG825	0.000010	0.000010	0.000010	0.000010	0.000010	0.999890	0.000010	0.000010	0.000010	0.000010	0.000010	0.000010	LD_0.9_12_1322
QG827	0.000010	0.000010	0.000010	0.000010	0.000010	0.999890	0.000010	0.000010	0.000010	0.000010	0.000010	0.000010	LD_0.9_12_1322
QG828	0.000012	0.000010	0.000010	0.000013	0.000010	0.999882	0.000013	0.000010	0.000010	0.000010	0.000011	0.000010	LD_0.9_12_1322
QG833	0.000010	0.000012	0.000010	0.000010	0.027079	0.972816	0.000013	0.000010	0.000010	0.000010	0.000010	0.000010	LD_0.9_12_1322
QG855	0.000010	0.000010	0.000010	0.000015	0.034239	0.965655	0.000010	0.000010	0.000010	0.000010	0.000011	0.000010	LD_0.9_12_1322
QG856	0.000011	0.000010	0.000010	0.000010	0.000010	0.999881	0.000017	0.000010	0.000010	0.000010	0.000010	0.000010	LD_0.9_12_1322
QG858	0.000010	0.000010	0.000010	0.000010	0.000021	0.999879	0.000010	0.000010	0.000010	0.000010	0.000010	0.000010	LD_0.9_12_1322
QG860	0.000010	0.000010	0.000010	0.000010	0.000012	0.710934	0.288962	0.000010	0.000010	0.000010	0.000012	0.000010	LD_0.9_12_1322
QG864	0.000010	0.000010	0.000010	0.000012	0.000010	0.999888	0.000010	0.000010	0.000010	0.000010	0.000010	0.000010	LD_0.9_12_1322
QG865	0.000010	0.000010	0.000010	0.000010	0.000010	0.999890	0.000010	0.000010	0.000010	0.000010	0.000010	0.000010	LD_0.9_12_1322
QG866	0.000010	0.000010	0.000010	0.000010	0.000010	0.999890	0.000010	0.000010	0.000010	0.000010	0.000010	0.000010	LD_0.9_12_1322
QG868	0.000010	0.000010	0.000010	0.000010	0.000010	0.917789	0.082110	0.000010	0.000010	0.000011	0.000010	0.000010	LD_0.9_12_1322
QG874	0.000010	0.000010	0.000010	0.000010	0.000016	0.999884	0.000010	0.000010	0.000010	0.000010	0.000010	0.000010	LD_0.9_12_1322
QG875	0.000010	0.000010	0.000010	0.000010	0.000010	0.999890	0.000010	0.000010	0.000010	0.000010	0.000010	0.000010	LD_0.9_12_1322
QG878	0.000010	0.000010	0.000010	0.000010	0.000010	0.999890	0.000010	0.000010	0.000010	0.000010	0.000010	0.000010	LD_0.9_12_1322
QG879	0.000010	0.000010	0.000010	0.000010	0.000010	0.999890	0.000010	0.000010	0.000010	0.000010	0.000010	0.000010	LD_0.9_12_1322
QG880	0.000010	0.000010	0.000010	0.000010	0.000010	0.999890	0.000010	0.000010	0.000010	0.000010	0.000010	0.000010	LD_0.9_12_1322
QG881	0.000010	0.000010	0.000010	0.000010	0.000010	0.663879	0.336021	0.000010	0.000010	0.000010	0.000010	0.000010	LD_0.9_12_1322
QG887	0.000010	0.000010	0.000010	0.000011	0.000010	0.999889	0.000010	0.000010	0.000010	0.000010	0.000010	0.000010	LD_0.9_12_1322
QG888	0.000010	0.000010	0.000010	0.000010	0.000010	0.999890	0.000010	0.000010	0.000010	0.000010	0.000010	0.000010	LD_0.9_12_1322
QG926	0.000010	0.000010	0.000010	0.000010	0.000010	0.999890	0.000010	0.000010	0.000010	0.000010	0.000010	0.000010	LD_0.9_12_1322
QG927	0.000010	0.000010	0.000010	0.000014	0.924254	0.075642	0.000010	0.000010	0.000010	0.000010	0.000010	0.000010	LD_0.9_12_1322
QG933	0.000010	0.000010	0.000010	0.000010	0.000010	0.999890	0.000010	0.000010	0.000010	0.000010	0.000010	0.000010	LD_0.9_12_1322
QG937	0.000010	0.000010	0.000010	0.000010	0.000010	0.999890	0.000010	0.000010	0.000010	0.000010	0.000010	0.000010	LD_0.9_12_1322
QG945	0.000010	0.000010	0.000010	0.000010	0.000010	0.999890	0.000010	0.000010	0.000010	0.000010	0.000010	0.000010	LD_0.9_12_1322
QG946	0.000010	0.000010	0.000010	0.000010	0.000010	0.999890	0.000010	0.000010	0.000010	0.000010	0.000010	0.000010	LD_0.9_12_1322
QG947	0.000010	0.000010	0.000010	0.000010	0.000010	0.999890	0.000010	0.000010	0.000010	0.000010	0.000010	0.000010	LD_0.9_12_1322
QG948	0.000010	0.000010	0.000010	0.000010	0.022007	0.977893	0.000010	0.000010	0.000010	0.000010	0.000010	0.000010	LD_0.9_12_1322
QG952	0.000010	0.000010	0.000010	0.000010	0.000010	0.917089	0.000010	0.082811	0.000010	0.000010	0.000010	0.000010	LD_0.9_12_1322
QG978	0.000010	0.000010	0.000010	0.000010	0.017202	0.859831	0.122877	0.000010	0.000010	0.000010	0.000010	0.000010	LD_0.9_12_1322
QG980	0.000010	0.000010	0.000010	0.000010	0.000010	0.999883	0.000017	0.000010	0.000010	0.000010	0.000010	0.000010	LD_0.9_12_1322
QG986	0.000010	0.000010	0.000010	0.000010	0.045168	0.954732	0.000010	0.000010	0.000010	0.000010	0.000010	0.000010	LD_0.9_12_1322
QG991	0.000010	0.000010	0.000010	0.000010	0.000010	0.999890	0.000010	0.000010	0.000010	0.000010	0.000010	0.000010	LD_0.9_12_1322
QG994	0.000010	0.000010	0.000010	0.000010	0.000010	0.999890	0.000010	0.000010	0.000010	0.000010	0.000010	0.000010	LD_0.9_12_1322
QG995	0.000010	0.000010	0.000010	0.000010	0.000010	0.999890	0.000010	0.000010	0.000010	0.000010	0.000010	0.000010	LD_0.9_12_1322
QG997	0.000010	0.000010	0.000010	0.000010	0.000010	0.978350	0.021550	0.000010	0.000010	0.000010	0.000010	0.000010	LD_0.9_12_1322
QG998	0.000010	0.000010	0.000010	0.000010	0.000010	0.999890	0.000010	0.000010	0.000010	0.000010	0.000010	0.000010	LD_0.9_12_1322
QR25	0.223796	0.000010	0.000010	0.000010	0.000010	0.000010	0.000010	0.000010	0.000010	0.776104	0.000010	0.000010	LD_0.9_12_1322
QX1410	0.000010	0.000010	0.000010	0.000010	0.000010	0.000010	0.000010	0.999890	0.000010	0.000010	0.000010	0.000010	LD_0.9_12_1322
QX1547	0.999890	0.000010	0.000010	0.000010	0.000010	0.000010	0.000010	0.000010	0.000010	0.000010	0.000010	0.000010	LD_0.9_12_1322
QX1795	0.000010	0.000010	0.000010	0.000010	0.829789	0.000010	0.089877	0.080244	0.000010	0.000010	0.000010	0.000010	LD_0.9_12_1322
QX1796	0.000010	0.000010	0.000010	0.000010	0.999890	0.000010	0.000010	0.000010	0.000010	0.000010	0.000010	0.000010	LD_0.9_12_1322
QX1798	0.000010	0.000010	0.000010	0.000010	0.000010	0.000010	0.000010	0.000010	0.999890	0.000010	0.000010	0.000010	LD_0.9_12_1322
QX1800	0.000010	0.000010	0.000010	0.000010	0.999890	0.000010	0.000010	0.000010	0.000010	0.000010	0.000010	0.000010	LD_0.9_12_1322
QX1801	0.000010	0.000010	0.000010	0.000010	0.971956	0.000010	0.000016	0.027937	0.000010	0.000010	0.000010	0.000010	LD_0.9_12_1322
QX1802	0.000010	0.000010	0.000010	0.000010	0.999890	0.000010	0.000010	0.000010	0.000010	0.000010	0.000010	0.000010	LD_0.9_12_1322
QX1803	0.000010	0.000010	0.000010	0.000010	0.999890	0.000010	0.000010	0.000010	0.000010	0.000010	0.000010	0.000010	LD_0.9_12_1322
QX1804	0.000010	0.000010	0.000010	0.000010	0.999890	0.000010	0.000010	0.000010	0.000010	0.000010	0.000010	0.000010	LD_0.9_12_1322
SOW18	0.999889	0.000010	0.000010	0.000010	0.000010	0.000010	0.000011	0.000010	0.000010	0.000010	0.000010	0.000010	LD_0.9_12_1322
SOW21	0.999887	0.000010	0.000010	0.000010	0.000010	0.000010	0.000013	0.000010	0.000010	0.000010	0.000010	0.000010	LD_0.9_12_1322
SOW22	0.999889	0.000010	0.000010	0.000011	0.000010	0.000010	0.000010	0.000010	0.000010	0.000010	0.000010	0.000010	LD_0.9_12_1322
TT3408	0.000012	0.000010	0.000011	0.000010	0.999881	0.000010	0.000010	0.000015	0.000010	0.000010	0.000010	0.000010	LD_0.9_12_1322
TT3411	0.000010	0.000010	0.000010	0.000010	0.999884	0.000010	0.000016	0.000010	0.000010	0.000010	0.000010	0.000010	LD_0.9_12_1322
TWN1772	0.000010	0.000010	0.000010	0.000010	0.000010	0.000010	0.000010	0.000010	0.999890	0.000010	0.000010	0.000010	LD_0.9_12_1322
TWN1824	0.999890	0.000010	0.000010	0.000010	0.000010	0.000010	0.000010	0.000010	0.000010	0.000010	0.000010	0.000010	LD_0.9_12_1322
TWN1899	0.999880	0.000010	0.000010	0.000010	0.000010	0.000010	0.000013	0.000010	0.000016	0.000011	0.000010	0.000010	LD_0.9_12_1322
TWN1907	0.000010	0.000010	0.000010	0.000010	0.000010	0.000010	0.000010	0.000010	0.999890	0.000010	0.000010	0.000010	LD_0.9_12_1322
TWN2919	0.000010	0.000010	0.000010	0.000010	0.000010	0.000010	0.000010	0.000010	0.999890	0.000010	0.000010	0.000010	LD_0.9_12_1322
TWN3077	0.000010	0.000010	0.000010	0.000010	0.000010	0.000010	0.000010	0.000010	0.999890	0.000010	0.000010	0.000010	LD_0.9_12_1322
UH1	0.000010	0.000010	0.000010	0.000012	0.000010	0.000011	0.000011	0.000010	0.999886	0.000010	0.000010	0.000010	LD_0.9_12_1322
VSL2201	0.000010	0.000010	0.000010	0.000010	0.036482	0.000012	0.000012	0.260644	0.000010	0.000010	0.702780	0.000010	LD_0.9_12_1322
VSL2207	0.000010	0.999888	0.000012	0.000010	0.000010	0.000010	0.000010	0.000010	0.000010	0.000010	0.000010	0.000010	LD_0.9_12_1322
VSL2209	0.000011	0.999883	0.000010	0.000010	0.000011	0.000012	0.000010	0.000013	0.000010	0.000010	0.000010	0.000010	LD_0.9_12_1322
VSL2210	0.000010	0.000010	0.000010	0.000010	0.000010	0.000010	0.000010	0.999890	0.000010	0.000010	0.000010	0.000010	LD_0.9_12_1322
VSL2212	0.000010	0.000010	0.000010	0.000010	0.000010	0.000010	0.000010	0.999890	0.000010	0.000010	0.000010	0.000010	LD_0.9_12_1322
VSL2213	0.000012	0.000010	0.000010	0.000012	0.000010	0.000010	0.000010	0.000018	0.000010	0.000010	0.999878	0.000010	LD_0.9_12_1322
VSL2215	0.000010	0.000010	0.000010	0.000014	0.002700	0.000010	0.000010	0.068796	0.000010	0.000010	0.928410	0.000010	LD_0.9_12_1322
VSL2216	0.000010	0.000010	0.000010	0.000010	0.000019	0.000010	0.000010	0.000010	0.000010	0.000010	0.999881	0.000010	LD_0.9_12_1322
VSL2217	0.000010	0.000010	0.000010	0.999890	0.000010	0.000010	0.000010	0.000010	0.000010	0.000010	0.000010	0.000010	LD_0.9_12_1322
VSL2219	0.000010	0.000010	0.000010	0.000010	0.449145	0.000010	0.000010	0.550755	0.000010	0.000010	0.000010	0.000010	LD_0.9_12_1322
VT847	0.000010	0.000010	0.000010	0.000010	0.815008	0.000010	0.000010	0.184892	0.000010	0.000010	0.000010	0.000010	LD_0.9_12_1322
VX34	0.000010	0.000010	0.000010	0.000010	0.000010	0.000010	0.000010	0.000010	0.000010	0.999890	0.000010	0.000010	LD_0.9_12_1322
XZ1204	0.000010	0.000010	0.000010	0.000010	0.075618	0.000010	0.000010	0.447066	0.000010	0.000010	0.477226	0.000010	LD_0.9_12_1322
XZ1205	0.000010	0.000010	0.000010	0.000010	0.000010	0.000010	0.000010	0.000010	0.000010	0.000010	0.999890	0.000010	LD_0.9_12_1322
XZ1206	0.000010	0.000012	0.000010	0.000011	0.000010	0.000010	0.000010	0.000010	0.000010	0.000010	0.999887	0.000010	LD_0.9_12_1322
XZ1207	0.000010	0.000010	0.000010	0.000010	0.301377	0.000010	0.000010	0.689978	0.000010	0.000010	0.008554	0.000010	LD_0.9_12_1322
XZ1210	0.000010	0.000010	0.000010	0.000010	0.081519	0.000010	0.000010	0.918378	0.000010	0.000010	0.000013	0.000010	LD_0.9_12_1322
XZ1212	0.000010	0.000010	0.000010	0.000011	0.319977	0.000010	0.006928	0.673003	0.000010	0.000010	0.000011	0.000010	LD_0.9_12_1322
XZ1213	0.000012	0.000010	0.000010	0.000010	0.106751	0.000010	0.000010	0.893147	0.000010	0.000010	0.000010	0.000010	LD_0.9_12_1322
XZ1731	0.000010	0.000010	0.000011	0.000010	0.229058	0.000010	0.000010	0.770839	0.000010	0.000010	0.000012	0.000010	LD_0.9_12_1322
XZ1732	0.000010	0.000010	0.000010	0.000010	0.000010	0.000010	0.000010	0.999890	0.000010	0.000010	0.000010	0.000010	LD_0.9_12_1322
ZZY0992	0.000010	0.000010	0.000010	0.999885	0.000010	0.000015	0.000010	0.000010	0.000010	0.000010	0.000010	0.000010	LD_0.9_12_1322
ZZY1034	0.000010	0.000010	0.000010	0.000010	0.999890	0.000010	0.000010	0.000010	0.000010	0.000010	0.000010	0.000010	LD_0.9_12_1322
ZZY1075	0.000010	0.000010	0.000010	0.000010	0.999890	0.000010	0.000010	0.000010	0.000010	0.000010	0.000010	0.000010	LD_0.9_12_1322
ZZY1123	0.000010	0.000010	0.000010	0.999890	0.000010	0.000010	0.000010	0.000010	0.000010	0.000010	0.000010	0.000010	LD_0.9_12_1322
ZZY1130	0.000010	0.000010	0.000010	0.000010	0.999890	0.000010	0.000010	0.000010	0.000010	0.000010	0.000010	0.000010	LD_0.9_12_1322
ZZY405	0.000010	0.000010	0.000010	0.000010	0.999890	0.000010	0.000010	0.000010	0.000010	0.000010	0.000010	0.000010	LD_0.9_12_1322
AF16	0.000010	0.000010	0.000010	0.000010	0.000010	0.000010	0.000010	0.000010	0.999890	0.000010	0.000010	0.000010	LD_0.9_12_1432
BRC20069	0.000010	0.000010	0.000010	0.000010	0.000010	0.000010	0.000010	0.000010	0.999890	0.000010	0.000010	0.000010	LD_0.9_12_1432
BRC20073	0.000010	0.000010	0.000010	0.000010	0.000010	0.000010	0.000010	0.000010	0.999890	0.000010	0.000010	0.000010	LD_0.9_12_1432
BRC20075	0.000010	0.000010	0.000010	0.000010	0.000010	0.000010	0.000010	0.999890	0.000010	0.000010	0.000010	0.000010	LD_0.9_12_1432
BRC20077	0.000010	0.000010	0.000018	0.000010	0.000010	0.000010	0.000010	0.000010	0.999882	0.000010	0.000010	0.000010	LD_0.9_12_1432
BRC20081	0.000010	0.084403	0.000010	0.000010	0.000010	0.000010	0.000010	0.000010	0.000010	0.000010	0.000010	0.915497	LD_0.9_12_1432
BRC20085	0.000010	0.000010	0.000010	0.000010	0.000010	0.057114	0.524334	0.000010	0.303598	0.000010	0.114874	0.000010	LD_0.9_12_1432
BRC20088	0.000010	0.000010	0.000010	0.000010	0.000010	0.000010	0.000010	0.000010	0.000010	0.000010	0.000010	0.999890	LD_0.9_12_1432
BRC20089	0.000010	0.000010	0.000010	0.000010	0.000010	0.000010	0.000010	0.000010	0.999890	0.000010	0.000010	0.000010	LD_0.9_12_1432
BRC20090	0.000010	0.000010	0.000010	0.000010	0.000010	0.001727	0.018518	0.000010	0.934287	0.000010	0.045387	0.000010	LD_0.9_12_1432
BRC20092	0.000010	0.000010	0.000010	0.000010	0.000012	0.074597	0.667764	0.000010	0.254550	0.000010	0.003006	0.000010	LD_0.9_12_1432
BRC20093	0.000010	0.000010	0.000013	0.000011	0.000010	0.000010	0.000010	0.000012	0.999884	0.000010	0.000010	0.000010	LD_0.9_12_1432
BRC20094	0.000010	0.000010	0.000010	0.000010	0.000010	0.028483	0.656413	0.000010	0.262860	0.000010	0.052164	0.000010	LD_0.9_12_1432
BRC20095	0.000010	0.000010	0.000010	0.000010	0.000010	0.000010	0.000010	0.000010	0.999890	0.000010	0.000010	0.000010	LD_0.9_12_1432
BRC20096	0.000010	0.000010	0.000010	0.000010	0.000010	0.000010	0.000010	0.000010	0.999890	0.000010	0.000010	0.000010	LD_0.9_12_1432
BRC20098	0.000010	0.000010	0.000010	0.000010	0.000010	0.000010	0.000010	0.000010	0.999890	0.000010	0.000010	0.000010	LD_0.9_12_1432
BRC20099	0.000010	0.000010	0.000010	0.000010	0.000010	0.000010	0.000010	0.000010	0.999890	0.000010	0.000010	0.000010	LD_0.9_12_1432
BRC20100	0.000010	0.000010	0.000010	0.000010	0.000010	0.000010	0.000010	0.000010	0.999890	0.000010	0.000010	0.000010	LD_0.9_12_1432
BRC20102	0.000010	0.000010	0.000010	0.000010	0.000010	0.000010	0.000010	0.000010	0.999890	0.000010	0.000010	0.000010	LD_0.9_12_1432
BRC20103	0.000010	0.000010	0.000010	0.000010	0.000010	0.000010	0.000010	0.000010	0.999890	0.000010	0.000010	0.000010	LD_0.9_12_1432
BRC20105	0.000010	0.000010	0.000010	0.000010	0.000010	0.036446	0.652095	0.000010	0.194167	0.000010	0.117212	0.000010	LD_0.9_12_1432
BRC20107	0.000010	0.000010	0.026059	0.000010	0.000010	0.015284	0.631875	0.000010	0.213511	0.000010	0.113202	0.000010	LD_0.9_12_1432
BRC20115	0.000010	0.000010	0.000010	0.000010	0.999890	0.000010	0.000010	0.000010	0.000010	0.000010	0.000010	0.000010	LD_0.9_12_1432
BRC20119	0.000010	0.000010	0.000010	0.000010	0.000010	0.000010	0.000010	0.000010	0.277763	0.000010	0.722137	0.000010	LD_0.9_12_1432
BRC20228	0.000010	0.000010	0.000010	0.000010	0.000010	0.000010	0.000010	0.000010	0.999890	0.000010	0.000010	0.000010	LD_0.9_12_1432
BRC20229	0.000010	0.000010	0.000010	0.000010	0.000010	0.000010	0.000010	0.999890	0.000010	0.000010	0.000010	0.000010	LD_0.9_12_1432
BRC20230	0.000010	0.000011	0.000010	0.000010	0.000010	0.000010	0.000010	0.000010	0.000010	0.000010	0.000010	0.999889	LD_0.9_12_1432
BRC20232	0.000010	0.000010	0.000010	0.000010	0.000010	0.000010	0.000010	0.999890	0.000010	0.000010	0.000010	0.000010	LD_0.9_12_1432
BRC20238	0.000010	0.000010	0.000010	0.000010	0.000010	0.000010	0.000010	0.000010	0.000010	0.000010	0.000010	0.999890	LD_0.9_12_1432
BRC20239	0.000010	0.000010	0.000010	0.000010	0.000010	0.000010	0.000010	0.999890	0.000010	0.000010	0.000010	0.000010	LD_0.9_12_1432
BRC20241	0.000010	0.000010	0.000010	0.000010	0.000010	0.000010	0.000010	0.000010	0.929842	0.000010	0.070058	0.000010	LD_0.9_12_1432
BRC20242	0.000010	0.000010	0.000010	0.000010	0.000010	0.000010	0.000010	0.000010	0.999890	0.000010	0.000010	0.000010	LD_0.9_12_1432
BRC20244	0.000010	0.000010	0.000010	0.000010	0.000010	0.000010	0.000010	0.000010	0.000010	0.000010	0.000010	0.999890	LD_0.9_12_1432
BRC20246	0.000010	0.000010	0.000010	0.000010	0.000010	0.000010	0.000010	0.000010	0.000010	0.000010	0.000010	0.999890	LD_0.9_12_1432
BRC20257	0.000010	0.000010	0.000010	0.000010	0.000010	0.000010	0.000010	0.000010	0.000010	0.000010	0.999890	0.000010	LD_0.9_12_1432
BRC20260	0.000010	0.000010	0.000017	0.000010	0.000010	0.000010	0.000010	0.000010	0.999883	0.000010	0.000010	0.000010	LD_0.9_12_1432
BRC20270	0.000010	0.999882	0.000015	0.000010	0.000010	0.000011	0.000012	0.000010	0.000010	0.000010	0.000010	0.000010	LD_0.9_12_1432
BRC20272	0.000010	0.999888	0.000010	0.000010	0.000010	0.000010	0.000011	0.000010	0.000010	0.000010	0.000010	0.000010	LD_0.9_12_1432
BRC20289	0.000010	0.840948	0.000010	0.000010	0.000010	0.000010	0.000010	0.000010	0.000010	0.000010	0.000010	0.158952	LD_0.9_12_1432
BRC20290	0.000010	0.828170	0.000010	0.000010	0.000010	0.000010	0.000010	0.000010	0.000010	0.000010	0.000010	0.171730	LD_0.9_12_1432
BRC20294	0.000010	0.000010	0.000010	0.000010	0.000010	0.000010	0.000010	0.000010	0.999401	0.000010	0.000499	0.000010	LD_0.9_12_1432
BRC20308	0.000010	0.999883	0.000010	0.000010	0.000015	0.000010	0.000013	0.000010	0.000010	0.000010	0.000010	0.000010	LD_0.9_12_1432
BRC20309	0.000010	0.999885	0.000010	0.000010	0.000015	0.000010	0.000010	0.000010	0.000010	0.000010	0.000010	0.000010	LD_0.9_12_1432
BRC20311	0.000010	0.999890	0.000010	0.000010	0.000010	0.000010	0.000010	0.000010	0.000010	0.000010	0.000010	0.000010	LD_0.9_12_1432
BRC20312	0.000010	0.999886	0.000010	0.000010	0.000014	0.000010	0.000010	0.000010	0.000010	0.000010	0.000010	0.000010	LD_0.9_12_1432
BRC20315	0.000010	0.999890	0.000010	0.000010	0.000010	0.000010	0.000010	0.000010	0.000010	0.000010	0.000010	0.000010	LD_0.9_12_1432
BRC20320	0.000010	0.999890	0.000010	0.000010	0.000010	0.000010	0.000010	0.000010	0.000010	0.000010	0.000010	0.000010	LD_0.9_12_1432
BRC20324	0.000010	0.000015	0.000917	0.000010	0.000010	0.000010	0.000010	0.641170	0.357817	0.000010	0.000010	0.000010	LD_0.9_12_1432
BRC20331	0.000010	0.999890	0.000010	0.000010	0.000010	0.000010	0.000010	0.000010	0.000010	0.000010	0.000010	0.000010	LD_0.9_12_1432
BRC20333	0.000010	0.250414	0.000010	0.000010	0.000010	0.000010	0.000010	0.000010	0.000010	0.000010	0.000010	0.749486	LD_0.9_12_1432
BRC20334	0.000010	0.999890	0.000010	0.000010	0.000010	0.000010	0.000010	0.000010	0.000010	0.000010	0.000010	0.000010	LD_0.9_12_1432
BRC20339	0.000010	0.999890	0.000010	0.000010	0.000010	0.000010	0.000010	0.000010	0.000010	0.000010	0.000010	0.000010	LD_0.9_12_1432
BRC20341	0.000010	0.126638	0.000010	0.000010	0.000010	0.000010	0.000010	0.000010	0.000010	0.000010	0.000010	0.873262	LD_0.9_12_1432
BRC20343	0.000010	0.000010	0.000010	0.000010	0.000010	0.000010	0.000010	0.999888	0.000012	0.000010	0.000010	0.000010	LD_0.9_12_1432
BRC20346	0.000010	0.999890	0.000010	0.000010	0.000010	0.000010	0.000010	0.000010	0.000010	0.000010	0.000010	0.000010	LD_0.9_12_1432
BRC20347	0.000014	0.000011	0.000011	0.000012	0.000011	0.000010	0.000016	0.999874	0.000010	0.000012	0.000010	0.000010	LD_0.9_12_1432
BRC20348	0.000010	0.666792	0.000010	0.000010	0.000010	0.000010	0.000010	0.000010	0.000010	0.000010	0.000010	0.333108	LD_0.9_12_1432
BRC20353	0.000010	0.000010	0.000010	0.000010	0.000010	0.000010	0.999890	0.000010	0.000010	0.000010	0.000010	0.000010	LD_0.9_12_1432
BRC20360	0.000010	0.000010	0.000010	0.000010	0.000010	0.000010	0.999890	0.000010	0.000010	0.000010	0.000010	0.000010	LD_0.9_12_1432
BRC20361	0.000010	0.000010	0.000010	0.000010	0.000010	0.000010	0.999890	0.000010	0.000010	0.000010	0.000010	0.000010	LD_0.9_12_1432
BRC20362	0.000010	0.000010	0.000010	0.000010	0.000010	0.000010	0.999890	0.000010	0.000010	0.000010	0.000010	0.000010	LD_0.9_12_1432
BRC20366	0.000010	0.999886	0.000010	0.000010	0.000010	0.000010	0.000014	0.000010	0.000010	0.000010	0.000010	0.000010	LD_0.9_12_1432
BRC20367	0.000010	0.125958	0.000010	0.000010	0.000010	0.000012	0.000015	0.000010	0.000010	0.000010	0.000010	0.873935	LD_0.9_12_1432
BRC20369	0.000010	0.000010	0.000010	0.000010	0.000010	0.000010	0.000010	0.000010	0.999890	0.000010	0.000010	0.000010	LD_0.9_12_1432
BRC20370	0.000010	0.999890	0.000010	0.000010	0.000010	0.000010	0.000010	0.000010	0.000010	0.000010	0.000010	0.000010	LD_0.9_12_1432
BRC20388	0.999890	0.000010	0.000010	0.000010	0.000010	0.000010	0.000010	0.000010	0.000010	0.000010	0.000010	0.000010	LD_0.9_12_1432
BRC20390	0.000010	0.000014	0.000010	0.000010	0.000010	0.000017	0.000011	0.000010	0.000010	0.000010	0.000010	0.999878	LD_0.9_12_1432
BRC20401	0.000010	0.000010	0.000015	0.000011	0.000010	0.000010	0.000010	0.000010	0.999884	0.000010	0.000010	0.000010	LD_0.9_12_1432
BRC20463	0.000010	0.505622	0.000011	0.000010	0.000010	0.000010	0.000010	0.000010	0.000010	0.000010	0.000010	0.494277	LD_0.9_12_1432
BRC20492	0.000010	0.000010	0.000010	0.000010	0.999890	0.000010	0.000010	0.000010	0.000010	0.000010	0.000010	0.000010	LD_0.9_12_1432
BRC20499	0.000010	0.690323	0.000010	0.000010	0.000010	0.000010	0.000012	0.000010	0.000010	0.000010	0.000010	0.309575	LD_0.9_12_1432
BRC20501	0.000010	0.945581	0.000010	0.000010	0.000015	0.000010	0.000010	0.000010	0.000010	0.000010	0.000010	0.054314	LD_0.9_12_1432
BRC20502	0.000010	0.000010	0.000010	0.999890	0.000010	0.000010	0.000010	0.000010	0.000010	0.000010	0.000010	0.000010	LD_0.9_12_1432
BRC20503	0.000010	0.000010	0.000010	0.999890	0.000010	0.000010	0.000010	0.000010	0.000010	0.000010	0.000010	0.000010	LD_0.9_12_1432
BRC20519	0.000010	0.000010	0.000010	0.000010	0.999890	0.000010	0.000010	0.000010	0.000010	0.000010	0.000010	0.000010	LD_0.9_12_1432
BRC20520	0.000010	0.000010	0.000010	0.000010	0.999890	0.000010	0.000010	0.000010	0.000010	0.000010	0.000010	0.000010	LD_0.9_12_1432
BRC20522	0.000010	0.000010	0.000010	0.000010	0.000010	0.000010	0.000010	0.999888	0.000012	0.000010	0.000010	0.000010	LD_0.9_12_1432
BRC20524	0.000010	0.000010	0.000010	0.000010	0.000010	0.000010	0.000010	0.999889	0.000011	0.000010	0.000010	0.000010	LD_0.9_12_1432
BRC20529	0.000010	0.000010	0.000010	0.000010	0.000010	0.000010	0.000010	0.000010	0.000010	0.000010	0.000010	0.999890	LD_0.9_12_1432
BRC20530	0.000010	0.000010	0.000010	0.000010	0.000010	0.000010	0.000010	0.999890	0.000010	0.000010	0.000010	0.000010	LD_0.9_12_1432
BRC20531	0.000010	0.000010	0.000010	0.000010	0.000010	0.000010	0.000010	0.999890	0.000010	0.000010	0.000010	0.000010	LD_0.9_12_1432
BRC20532	0.000010	0.000010	0.000010	0.000010	0.000010	0.000010	0.000010	0.000010	0.000010	0.000010	0.000010	0.999890	LD_0.9_12_1432
BRC20533	0.000010	0.927198	0.000010	0.000010	0.000010	0.000010	0.000010	0.000010	0.000010	0.000010	0.000010	0.072702	LD_0.9_12_1432
BRC20534	0.000010	0.999890	0.000010	0.000010	0.000010	0.000010	0.000010	0.000010	0.000010	0.000010	0.000010	0.000010	LD_0.9_12_1432
BRC20535	0.000010	0.999890	0.000010	0.000010	0.000010	0.000010	0.000010	0.000010	0.000010	0.000010	0.000010	0.000010	LD_0.9_12_1432
BRC20536	0.000010	0.999890	0.000010	0.000010	0.000010	0.000010	0.000010	0.000010	0.000010	0.000010	0.000010	0.000010	LD_0.9_12_1432
BRC20537	0.000010	0.000010	0.000010	0.000010	0.000010	0.000010	0.000010	0.000010	0.000010	0.000010	0.000010	0.999890	LD_0.9_12_1432
BRC20541	0.000010	0.000010	0.000010	0.000010	0.999890	0.000010	0.000010	0.000010	0.000010	0.000010	0.000010	0.000010	LD_0.9_12_1432
BRC20543	0.000010	0.000010	0.000010	0.000010	0.000010	0.000010	0.000010	0.000010	0.000010	0.000010	0.000010	0.999890	LD_0.9_12_1432
BRC20544	0.000010	0.999890	0.000010	0.000010	0.000010	0.000010	0.000010	0.000010	0.000010	0.000010	0.000010	0.000010	LD_0.9_12_1432
BRC20545	0.000010	0.831191	0.000010	0.000010	0.000010	0.000010	0.000010	0.000010	0.000010	0.000010	0.000010	0.168709	LD_0.9_12_1432
BRC20556	0.000010	0.000010	0.000012	0.000010	0.000010	0.000010	0.000010	0.000010	0.999888	0.000010	0.000010	0.000010	LD_0.9_12_1432
BRC20557	0.000010	0.000010	0.000010	0.000010	0.000010	0.000010	0.000010	0.000010	0.000010	0.000010	0.000010	0.999890	LD_0.9_12_1432
BRC20565	0.000010	0.000010	0.000010	0.000010	0.000010	0.000010	0.000010	0.000010	0.999890	0.000010	0.000010	0.000010	LD_0.9_12_1432
BRC20571	0.000010	0.000010	0.000018	0.000010	0.000010	0.000010	0.039484	0.000010	0.926214	0.000010	0.034205	0.000010	LD_0.9_12_1432
BRC20574	0.000010	0.000010	0.000010	0.000010	0.000010	0.000010	0.000010	0.000010	0.999890	0.000010	0.000010	0.000010	LD_0.9_12_1432
BW287	0.999889	0.000010	0.000010	0.000010	0.000010	0.000010	0.000010	0.000010	0.000011	0.000010	0.000010	0.000010	LD_0.9_12_1432
DF5100	0.000010	0.000010	0.133974	0.000010	0.000010	0.000010	0.000010	0.000010	0.865926	0.000010	0.000010	0.000010	LD_0.9_12_1432
ECA1129	0.000010	0.000010	0.000010	0.000010	0.000010	0.000010	0.000010	0.000010	0.999890	0.000010	0.000010	0.000010	LD_0.9_12_1432
ECA1143	0.000010	0.000010	0.317725	0.000010	0.000010	0.000010	0.000010	0.000010	0.682175	0.000010	0.000010	0.000010	LD_0.9_12_1432
ECA1147	0.000010	0.000010	0.000015	0.000010	0.000010	0.000010	0.000010	0.000019	0.999874	0.000013	0.000010	0.000010	LD_0.9_12_1432
ECA1149	0.000010	0.041881	0.000013	0.000010	0.000010	0.000010	0.000010	0.000010	0.958017	0.000010	0.000010	0.000010	LD_0.9_12_1432
ECA1160	0.000010	0.000010	0.000010	0.000010	0.000010	0.000010	0.000010	0.000010	0.999890	0.000010	0.000010	0.000010	LD_0.9_12_1432
ECA1164	0.000010	0.000010	0.000014	0.000010	0.000010	0.000010	0.000012	0.000019	0.999872	0.000013	0.000010	0.000010	LD_0.9_12_1432
ECA1170	0.000017	0.000010	0.000016	0.000010	0.000010	0.000010	0.000010	0.000010	0.000015	0.000010	0.000010	0.999873	LD_0.9_12_1432
ECA1174	0.000010	0.000010	0.000010	0.000010	0.000010	0.000010	0.000018	0.000010	0.999882	0.000010	0.000010	0.000010	LD_0.9_12_1432
ECA1383	0.000010	0.567952	0.000010	0.000010	0.000010	0.000010	0.000010	0.000010	0.000010	0.000010	0.000010	0.431948	LD_0.9_12_1432
ECA1411	0.000010	0.000010	0.000010	0.000010	0.000010	0.000010	0.000010	0.000010	0.999890	0.000010	0.000010	0.000010	LD_0.9_12_1432
ECA1423	0.000010	0.000010	0.028538	0.000010	0.000010	0.000010	0.000010	0.000010	0.971362	0.000010	0.000010	0.000010	LD_0.9_12_1432
ECA1429	0.000010	0.000010	0.000010	0.000010	0.000010	0.000012	0.000010	0.000010	0.999888	0.000010	0.000010	0.000010	LD_0.9_12_1432
ECA1431	0.000010	0.000010	0.000010	0.000010	0.000010	0.000010	0.000010	0.000010	0.999890	0.000010	0.000010	0.000010	LD_0.9_12_1432
ECA1437	0.000010	0.000010	0.000010	0.000010	0.000010	0.000010	0.000010	0.000010	0.999890	0.000010	0.000010	0.000010	LD_0.9_12_1432
ECA1439	0.000010	0.000010	0.143595	0.000010	0.000010	0.000018	0.000010	0.000010	0.856296	0.000010	0.000010	0.000010	LD_0.9_12_1432
ECA1443	0.000010	0.169513	0.000010	0.000010	0.000010	0.000010	0.000010	0.000010	0.056827	0.000010	0.000010	0.773570	LD_0.9_12_1432
ECA1471	0.000010	0.000010	0.000010	0.000010	0.000010	0.000010	0.000010	0.000010	0.999890	0.000010	0.000010	0.000010	LD_0.9_12_1432
ECA1489	0.000010	0.000010	0.371547	0.000010	0.000010	0.020040	0.000010	0.000010	0.608323	0.000010	0.000010	0.000010	LD_0.9_12_1432
ECA1507	0.000010	0.000010	0.000010	0.000010	0.000010	0.000010	0.000010	0.000010	0.999890	0.000010	0.000010	0.000010	LD_0.9_12_1432
ECA1509	0.000010	0.000010	0.000013	0.000010	0.000010	0.000010	0.000010	0.000010	0.999887	0.000010	0.000010	0.000010	LD_0.9_12_1432
ECA1517	0.000010	0.000010	0.056653	0.000010	0.000010	0.000010	0.000010	0.000010	0.943247	0.000010	0.000010	0.000010	LD_0.9_12_1432
ECA1521	0.000010	0.000010	0.000010	0.000010	0.000010	0.000010	0.000010	0.000010	0.999890	0.000010	0.000010	0.000010	LD_0.9_12_1432
ECA1555	0.000010	0.000010	0.000010	0.000010	0.000010	0.000010	0.000010	0.000010	0.999890	0.000010	0.000010	0.000010	LD_0.9_12_1432
ECA1559	0.000010	0.000010	0.000010	0.000010	0.000010	0.000010	0.000010	0.000010	0.000010	0.000010	0.000010	0.999890	LD_0.9_12_1432
ECA1563	0.000010	0.000010	0.000010	0.000010	0.000010	0.000010	0.000010	0.000010	0.999890	0.000010	0.000010	0.000010	LD_0.9_12_1432
ECA1571	0.000010	0.000010	0.382637	0.000010	0.000010	0.000010	0.000010	0.000010	0.617261	0.000010	0.000012	0.000010	LD_0.9_12_1432
ECA1587	0.000010	0.000010	0.000010	0.000010	0.000010	0.000010	0.000010	0.000010	0.999890	0.000010	0.000010	0.000010	LD_0.9_12_1432
ECA1605	0.000010	0.000010	0.114354	0.000010	0.000010	0.000010	0.000010	0.000010	0.000010	0.000010	0.000010	0.885546	LD_0.9_12_1432
ECA1609	0.000010	0.000010	0.000010	0.000010	0.000010	0.000010	0.000010	0.000010	0.999890	0.000010	0.000010	0.000010	LD_0.9_12_1432
ECA161	0.000010	0.000010	0.000010	0.000010	0.000010	0.000010	0.000010	0.000010	0.999890	0.000010	0.000010	0.000010	LD_0.9_12_1432
ECA1611	0.000010	0.000010	0.000014	0.000010	0.000010	0.000010	0.000019	0.000010	0.999876	0.000010	0.000010	0.000010	LD_0.9_12_1432
ECA1615	0.000010	0.000010	0.000014	0.000019	0.000010	0.000010	0.000010	0.000018	0.999863	0.000016	0.000010	0.000010	LD_0.9_12_1432
ECA162	0.000010	0.000010	0.000010	0.000010	0.000010	0.000010	0.000010	0.000010	0.999890	0.000010	0.000010	0.000010	LD_0.9_12_1432
ECA1621	0.000010	0.000010	0.000010	0.000010	0.000010	0.000010	0.000010	0.000010	0.999890	0.000010	0.000010	0.000010	LD_0.9_12_1432
ECA163	0.000018	0.000010	0.000015	0.000010	0.999877	0.000010	0.000010	0.000010	0.000010	0.000010	0.000010	0.000010	LD_0.9_12_1432
ECA1637	0.000010	0.000010	0.000010	0.000010	0.000010	0.000010	0.000010	0.000010	0.999890	0.000010	0.000010	0.000010	LD_0.9_12_1432
ECA1657	0.000010	0.000010	0.000010	0.000010	0.000010	0.000010	0.000010	0.000010	0.999890	0.000010	0.000010	0.000010	LD_0.9_12_1432
ECA1701	0.000010	0.000011	0.000010	0.000010	0.000010	0.007602	0.016122	0.000010	0.976185	0.000010	0.000010	0.000010	LD_0.9_12_1432
ECA175	0.000010	0.000010	0.000010	0.000010	0.000010	0.000010	0.000010	0.000010	0.999890	0.000010	0.000010	0.000010	LD_0.9_12_1432
ECA176	0.000010	0.000010	0.018815	0.000010	0.000010	0.000010	0.000010	0.000010	0.981082	0.000010	0.000013	0.000010	LD_0.9_12_1432
ECA177	0.000010	0.000010	0.000010	0.000010	0.000010	0.000010	0.000010	0.000010	0.999890	0.000010	0.000010	0.000010	LD_0.9_12_1432
ECA180	0.000010	0.000017	0.000012	0.000010	0.000010	0.000010	0.000010	0.000010	0.999881	0.000010	0.000010	0.000010	LD_0.9_12_1432
ECA182	0.000010	0.000010	0.000010	0.000010	0.000010	0.000010	0.000010	0.000010	0.999890	0.000010	0.000010	0.000010	LD_0.9_12_1432
ECA183	0.000010	0.000010	0.000010	0.000010	0.000010	0.000010	0.000010	0.000010	0.999890	0.000010	0.000010	0.000010	LD_0.9_12_1432
ECA185	0.000010	0.000010	0.044733	0.000010	0.000010	0.000010	0.000010	0.000010	0.955162	0.000010	0.000014	0.000010	LD_0.9_12_1432
ECA186	0.000010	0.000010	0.058096	0.000010	0.000010	0.000018	0.000010	0.000010	0.941796	0.000010	0.000010	0.000010	LD_0.9_12_1432
ECA2083	0.000010	0.000010	0.000010	0.000010	0.000010	0.000010	0.000010	0.000010	0.999890	0.000010	0.000010	0.000010	LD_0.9_12_1432
ECA2093	0.000010	0.000010	0.000013	0.000010	0.000010	0.000010	0.000010	0.000010	0.999887	0.000010	0.000010	0.000010	LD_0.9_12_1432
ECA2115	0.000010	0.000010	0.000010	0.000010	0.000010	0.000010	0.000010	0.000010	0.999890	0.000010	0.000010	0.000010	LD_0.9_12_1432
ECA2299	0.000010	0.999890	0.000010	0.000010	0.000010	0.000010	0.000010	0.000010	0.000010	0.000010	0.000010	0.000010	LD_0.9_12_1432
ECA2373	0.000010	0.000010	0.000010	0.000010	0.000010	0.041572	0.002236	0.000010	0.956098	0.000010	0.000014	0.000010	LD_0.9_12_1432
ECA2385	0.000010	0.000010	0.000010	0.000010	0.000010	0.000010	0.000010	0.000010	0.000010	0.000010	0.000010	0.999890	LD_0.9_12_1432
ECA2425	0.000010	0.000010	0.000018	0.000010	0.000010	0.000010	0.000010	0.000010	0.999882	0.000010	0.000010	0.000010	LD_0.9_12_1432
ECA2617	0.000010	0.000010	0.000010	0.000010	0.000010	0.000010	0.000010	0.000010	0.000013	0.999887	0.000010	0.000010	LD_0.9_12_1432
ECA2618	0.000010	0.000010	0.000010	0.000010	0.000010	0.000010	0.000010	0.000010	0.000010	0.999890	0.000010	0.000010	LD_0.9_12_1432
ECA2621	0.000010	0.000010	0.000010	0.000010	0.000010	0.000010	0.000010	0.000010	0.000010	0.999890	0.000010	0.000010	LD_0.9_12_1432
ECA2623	0.000010	0.000010	0.734524	0.000010	0.000010	0.000013	0.000010	0.000010	0.265373	0.000010	0.000010	0.000010	LD_0.9_12_1432
ECA2625	0.000010	0.000010	0.000012	0.000010	0.000010	0.000010	0.000010	0.000010	0.999888	0.000010	0.000010	0.000010	LD_0.9_12_1432
ECA2626	0.000010	0.000010	0.000010	0.000010	0.000010	0.000010	0.000010	0.000010	0.999890	0.000010	0.000010	0.000010	LD_0.9_12_1432
ECA2636	0.000010	0.000010	0.000010	0.000010	0.000010	0.000010	0.000010	0.000010	0.999890	0.000010	0.000010	0.000010	LD_0.9_12_1432
ECA2637	0.000010	0.000010	0.000010	0.000010	0.000010	0.000010	0.000010	0.000010	0.999890	0.000010	0.000010	0.000010	LD_0.9_12_1432
ECA2639	0.000010	0.000010	0.000010	0.000010	0.000010	0.000013	0.000010	0.000010	0.000010	0.999887	0.000010	0.000010	LD_0.9_12_1432
ECA2645	0.000010	0.000010	0.000010	0.000010	0.000010	0.000010	0.000010	0.000010	0.999890	0.000010	0.000010	0.000010	LD_0.9_12_1432
ECA2647	0.000010	0.000013	0.000010	0.000010	0.000010	0.000010	0.000010	0.000010	0.000010	0.999887	0.000010	0.000010	LD_0.9_12_1432
ECA2663	0.000010	0.000010	0.000010	0.000010	0.000010	0.000010	0.000010	0.000010	0.999890	0.000010	0.000010	0.000010	LD_0.9_12_1432
ECA2664	0.000010	0.000010	0.771294	0.000010	0.000010	0.000010	0.000010	0.000010	0.228606	0.000010	0.000010	0.000010	LD_0.9_12_1432
ECA2666	0.000010	0.000010	0.000010	0.000010	0.000010	0.000010	0.000010	0.000010	0.000010	0.999890	0.000010	0.000010	LD_0.9_12_1432
ECA2667	0.000010	0.000010	0.000010	0.000010	0.000010	0.000010	0.000010	0.000010	0.999890	0.000010	0.000010	0.000010	LD_0.9_12_1432
ECA2670	0.000010	0.000010	0.000010	0.000010	0.000010	0.000010	0.000010	0.000010	0.000010	0.999890	0.000010	0.000010	LD_0.9_12_1432
ECA276	0.000018	0.000010	0.000015	0.000010	0.999876	0.000010	0.000010	0.000010	0.000010	0.000010	0.000010	0.000010	LD_0.9_12_1432
ECA278	0.999883	0.000010	0.000010	0.000010	0.000017	0.000010	0.000010	0.000010	0.000010	0.000010	0.000010	0.000010	LD_0.9_12_1432
ECA2808	0.000010	0.000010	0.038919	0.000010	0.000010	0.000010	0.000010	0.000010	0.960981	0.000010	0.000010	0.000010	LD_0.9_12_1432
ECA287	0.000010	0.000010	0.000010	0.000010	0.000010	0.000010	0.000010	0.000010	0.000010	0.000010	0.000010	0.999890	LD_0.9_12_1432
ECA288	0.000010	0.000010	0.463067	0.000010	0.000010	0.000010	0.000014	0.000010	0.428241	0.000010	0.000010	0.108599	LD_0.9_12_1432
ECA2883	0.000010	0.000010	0.000010	0.000010	0.000010	0.000010	0.000010	0.000010	0.999890	0.000010	0.000010	0.000010	LD_0.9_12_1432
ECA2890	0.000010	0.000010	0.000010	0.000010	0.000010	0.000010	0.000010	0.000010	0.999890	0.000010	0.000010	0.000010	LD_0.9_12_1432
ECA2894	0.000010	0.000010	0.088769	0.000010	0.000010	0.000010	0.000010	0.000010	0.911131	0.000010	0.000010	0.000010	LD_0.9_12_1432
ECA2936	0.000010	0.187355	0.000010	0.000010	0.000010	0.000010	0.000010	0.000010	0.000010	0.000010	0.000010	0.812545	LD_0.9_12_1432
ECA2975	0.000010	0.000010	0.000010	0.000010	0.000010	0.000010	0.000010	0.000010	0.999890	0.000010	0.000010	0.000010	LD_0.9_12_1432
ECA3091	0.000010	0.000010	0.000010	0.000010	0.000010	0.000010	0.000010	0.000010	0.999890	0.000010	0.000010	0.000010	LD_0.9_12_1432
ECA343	0.000010	0.000010	0.000014	0.000010	0.000010	0.000010	0.000010	0.000010	0.999886	0.000010	0.000010	0.000010	LD_0.9_12_1432
ECA346	0.000010	0.000010	0.070399	0.000010	0.000010	0.000010	0.000010	0.000010	0.929500	0.000010	0.000011	0.000010	LD_0.9_12_1432
ECA3502	0.000010	0.536467	0.000010	0.000010	0.000010	0.000010	0.000010	0.000010	0.000010	0.000010	0.000010	0.463433	LD_0.9_12_1432
ECA3503	0.000010	0.000010	0.000010	0.000010	0.000010	0.000010	0.000010	0.000010	0.999890	0.000010	0.000010	0.000010	LD_0.9_12_1432
ECA3509	0.000010	0.000010	0.000010	0.000010	0.000010	0.000010	0.000010	0.000010	0.999884	0.000010	0.000016	0.000010	LD_0.9_12_1432
ECA3708	0.000010	0.000010	0.000016	0.000010	0.000010	0.000010	0.000010	0.000010	0.999884	0.000010	0.000010	0.000010	LD_0.9_12_1432
ECA371	0.000010	0.000010	0.006542	0.000010	0.000010	0.010062	0.000010	0.000010	0.983306	0.000010	0.000010	0.000010	LD_0.9_12_1432
ECA3712	0.000010	0.000010	0.000010	0.000010	0.000010	0.000010	0.000010	0.000010	0.999883	0.000010	0.000017	0.000010	LD_0.9_12_1432
ECA3713	0.000010	0.000010	0.000010	0.000010	0.000010	0.000010	0.000010	0.000010	0.999890	0.000010	0.000010	0.000010	LD_0.9_12_1432
ECA3899	0.000010	0.000010	0.000010	0.000010	0.000010	0.000010	0.000010	0.000010	0.999890	0.000010	0.000010	0.000010	LD_0.9_12_1432
ECA4382	0.000010	0.000010	0.000010	0.000010	0.000010	0.000010	0.000010	0.000010	0.999890	0.000010	0.000010	0.000010	LD_0.9_12_1432
ECA4390	0.000010	0.000010	0.824071	0.000010	0.000013	0.000010	0.000010	0.000010	0.175826	0.000010	0.000010	0.000010	LD_0.9_12_1432
ECA4394	0.000010	0.000010	0.000010	0.000010	0.000010	0.000010	0.000010	0.000010	0.999890	0.000010	0.000010	0.000010	LD_0.9_12_1432
ECA4402	0.000010	0.000010	0.000010	0.000010	0.000010	0.000010	0.000010	0.000010	0.999890	0.000010	0.000010	0.000010	LD_0.9_12_1432
ECA569	0.999890	0.000010	0.000010	0.000010	0.000010	0.000010	0.000010	0.000010	0.000010	0.000010	0.000010	0.000010	LD_0.9_12_1432
ED3032	0.000010	0.000010	0.000010	0.000010	0.000010	0.000010	0.000010	0.000010	0.999890	0.000010	0.000010	0.000010	LD_0.9_12_1432
ED3037	0.000010	0.000010	0.000010	0.000010	0.000010	0.000010	0.000010	0.000010	0.999890	0.000010	0.000010	0.000010	LD_0.9_12_1432
ED3088	0.000010	0.000010	0.000010	0.000010	0.000010	0.000010	0.000010	0.000010	0.999890	0.000010	0.000010	0.000010	LD_0.9_12_1432
ED3102	0.000010	0.000010	0.000015	0.576093	0.423793	0.000010	0.000010	0.000010	0.000020	0.000010	0.000010	0.000010	LD_0.9_12_1432
EG4360	0.999884	0.000010	0.000010	0.000011	0.000010	0.000010	0.000010	0.000010	0.000015	0.000010	0.000010	0.000010	LD_0.9_12_1432
EG5612	0.000010	0.000010	0.000010	0.000010	0.000010	0.000010	0.999890	0.000010	0.000010	0.000010	0.000010	0.000010	LD_0.9_12_1432
EG5613	0.000010	0.000010	0.377623	0.000010	0.000010	0.000010	0.027642	0.000010	0.559434	0.000010	0.035221	0.000010	LD_0.9_12_1432
EG6179	0.000010	0.000010	0.291797	0.000010	0.000010	0.000010	0.038482	0.000010	0.669631	0.000010	0.000010	0.000010	LD_0.9_12_1432
EG6260	0.000010	0.000010	0.810821	0.000010	0.000010	0.000010	0.000010	0.000010	0.189079	0.000010	0.000010	0.000010	LD_0.9_12_1432
EG6261	0.000010	0.000010	0.372562	0.000010	0.000010	0.000019	0.000010	0.000010	0.627324	0.000010	0.000015	0.000010	LD_0.9_12_1432
EG6265	0.000010	0.168618	0.000014	0.000010	0.000010	0.000010	0.000010	0.000010	0.000010	0.000010	0.000010	0.831278	LD_0.9_12_1432
EG6267	0.000010	0.000010	0.329085	0.000010	0.000010	0.000010	0.000010	0.000010	0.670815	0.000010	0.000010	0.000010	LD_0.9_12_1432
EG6271	0.000010	0.000010	0.856726	0.000010	0.000010	0.000010	0.000010	0.000010	0.143174	0.000010	0.000010	0.000010	LD_0.9_12_1432
EG6272	0.000010	0.000010	0.516362	0.000010	0.000010	0.000010	0.000010	0.000010	0.483538	0.000010	0.000010	0.000010	LD_0.9_12_1432
EG6274	0.000010	0.000010	0.107531	0.000010	0.000010	0.000010	0.000010	0.000010	0.892369	0.000010	0.000010	0.000010	LD_0.9_12_1432
EG6275	0.000010	0.000010	0.099131	0.000010	0.000010	0.000010	0.000010	0.000010	0.900769	0.000010	0.000010	0.000010	LD_0.9_12_1432
EG6276	0.000010	0.000010	0.030128	0.000010	0.000010	0.000010	0.000012	0.000010	0.969770	0.000010	0.000010	0.000010	LD_0.9_12_1432
EG6329	0.000010	0.000010	0.933568	0.000010	0.000010	0.000010	0.000010	0.000010	0.066332	0.000010	0.000010	0.000010	LD_0.9_12_1432
GUN124	0.999886	0.000010	0.000010	0.000010	0.000014	0.000010	0.000010	0.000010	0.000010	0.000010	0.000010	0.000010	LD_0.9_12_1432
GXW22	0.000010	0.000010	0.000012	0.000010	0.000010	0.000010	0.000010	0.000010	0.999888	0.000010	0.000010	0.000010	LD_0.9_12_1432
GXW23	0.000010	0.000010	0.000010	0.000010	0.000010	0.000010	0.806434	0.000010	0.193466	0.000010	0.000010	0.000010	LD_0.9_12_1432
HK104	0.999890	0.000010	0.000010	0.000010	0.000010	0.000010	0.000010	0.000010	0.000010	0.000010	0.000010	0.000010	LD_0.9_12_1432
HPT11	0.000010	0.000010	0.000010	0.000010	0.999890	0.000010	0.000010	0.000010	0.000010	0.000010	0.000010	0.000010	LD_0.9_12_1432
HPT16	0.000011	0.000010	0.126074	0.000010	0.000010	0.000010	0.336782	0.000010	0.537053	0.000010	0.000010	0.000010	LD_0.9_12_1432
HPT18	0.000010	0.000011	0.000010	0.000010	0.999889	0.000010	0.000010	0.000010	0.000010	0.000010	0.000010	0.000010	LD_0.9_12_1432
HPT19	0.000010	0.000010	0.093969	0.000010	0.000010	0.000010	0.347230	0.000015	0.558705	0.000010	0.000010	0.000010	LD_0.9_12_1432
HPT2	0.000010	0.000010	0.112440	0.000012	0.000010	0.000011	0.406998	0.000015	0.480463	0.000010	0.000010	0.000010	LD_0.9_12_1432
HPT21	0.000010	0.000010	0.006368	0.000010	0.000010	0.003361	0.000010	0.000010	0.990177	0.000010	0.000013	0.000010	LD_0.9_12_1432
HPT24	0.000010	0.000014	0.000012	0.000010	0.999876	0.000010	0.000012	0.000014	0.000012	0.000010	0.000010	0.000010	LD_0.9_12_1432
HPT34	0.000010	0.000010	0.118813	0.000010	0.000010	0.000010	0.366621	0.000010	0.514476	0.000010	0.000010	0.000010	LD_0.9_12_1432
HPT37	0.000010	0.000010	0.067750	0.000010	0.000010	0.036951	0.321361	0.000010	0.573858	0.000010	0.000010	0.000010	LD_0.9_12_1432
HPT4	0.000010	0.000010	0.128324	0.000010	0.000010	0.000010	0.369961	0.000010	0.501625	0.000010	0.000010	0.000010	LD_0.9_12_1432
HPT42	0.000010	0.000010	0.097642	0.000010	0.000010	0.000010	0.318088	0.000010	0.584180	0.000010	0.000010	0.000010	LD_0.9_12_1432
HPT52	0.000010	0.000010	0.000010	0.000010	0.000010	0.000010	0.000010	0.000010	0.566396	0.000010	0.433504	0.000010	LD_0.9_12_1432
HPT53	0.000010	0.000010	0.000010	0.000010	0.000010	0.000010	0.000010	0.000010	0.999890	0.000010	0.000010	0.000010	LD_0.9_12_1432
HPT54	0.000010	0.000010	0.000013	0.000010	0.000010	0.000010	0.000010	0.000010	0.999887	0.000010	0.000010	0.000010	LD_0.9_12_1432
HPT55	0.000010	0.000010	0.000010	0.000010	0.000010	0.000010	0.000010	0.000010	0.999890	0.000010	0.000010	0.000010	LD_0.9_12_1432
HPT59	0.000010	0.000010	0.000010	0.000010	0.000010	0.000010	0.000010	0.000010	0.999890	0.000010	0.000010	0.000010	LD_0.9_12_1432
HPT60	0.000010	0.000010	0.000010	0.000010	0.000010	0.000010	0.000010	0.000010	0.999890	0.000010	0.000010	0.000010	LD_0.9_12_1432
HPT62	0.000010	0.000010	0.000010	0.000010	0.000010	0.000010	0.000012	0.000010	0.000014	0.000010	0.999884	0.000010	LD_0.9_12_1432
HPT63	0.000010	0.000010	0.000010	0.000010	0.000010	0.000010	0.023880	0.000010	0.976020	0.000010	0.000010	0.000010	LD_0.9_12_1432
HPT7	0.000010	0.000010	0.153888	0.000010	0.000010	0.000010	0.362559	0.000010	0.483462	0.000010	0.000010	0.000010	LD_0.9_12_1432
HPT8	0.000010	0.000010	0.117483	0.000010	0.000010	0.000010	0.366819	0.000010	0.515608	0.000010	0.000010	0.000010	LD_0.9_12_1432
HPT9	0.000010	0.000010	0.000010	0.000010	0.000010	0.000010	0.885669	0.000010	0.114231	0.000010	0.000010	0.000010	LD_0.9_12_1432
JU1085	0.999879	0.000010	0.000013	0.000010	0.000013	0.000013	0.000010	0.000011	0.000012	0.000010	0.000010	0.000010	LD_0.9_12_1432
JU1337	0.000010	0.000010	0.024615	0.000010	0.000010	0.000010	0.000010	0.000010	0.861839	0.000010	0.113456	0.000010	LD_0.9_12_1432
JU1338	0.000010	0.000010	0.000010	0.000010	0.000010	0.000010	0.999890	0.000010	0.000010	0.000010	0.000010	0.000010	LD_0.9_12_1432
JU1341	0.000010	0.000010	0.000010	0.000010	0.000010	0.000010	0.000010	0.000010	0.000010	0.999890	0.000010	0.000010	LD_0.9_12_1432
JU1346	0.000010	0.000010	0.000010	0.000010	0.000010	0.000010	0.999890	0.000010	0.000010	0.000010	0.000010	0.000010	LD_0.9_12_1432
JU1347	0.000010	0.000010	0.020883	0.000010	0.000010	0.000010	0.000010	0.000010	0.979017	0.000010	0.000010	0.000010	LD_0.9_12_1432
JU1348	0.000010	0.000010	0.000010	0.000010	0.000010	0.000010	0.000010	0.000010	0.000010	0.999890	0.000010	0.000010	LD_0.9_12_1432
JU1375	0.000010	0.000010	0.000010	0.000010	0.000010	0.000010	0.000010	0.000010	0.999890	0.000010	0.000010	0.000010	LD_0.9_12_1432
JU1377	0.000010	0.000010	0.000010	0.000010	0.000010	0.000010	0.000010	0.000010	0.999890	0.000010	0.000010	0.000010	LD_0.9_12_1432
JU1378	0.000010	0.000010	0.058871	0.000010	0.000010	0.000010	0.000010	0.000010	0.941029	0.000010	0.000010	0.000010	LD_0.9_12_1432
JU1392	0.000010	0.000010	0.072347	0.000010	0.000010	0.000010	0.000010	0.000010	0.927553	0.000010	0.000010	0.000010	LD_0.9_12_1432
JU1399	0.000010	0.000010	0.629166	0.000010	0.000010	0.105736	0.000010	0.000010	0.265008	0.000010	0.000010	0.000010	LD_0.9_12_1432
JU1424	0.000010	0.000010	0.000010	0.000010	0.000010	0.000010	0.999890	0.000010	0.000010	0.000010	0.000010	0.000010	LD_0.9_12_1432
JU1435	0.000010	0.000010	0.024095	0.000010	0.000010	0.000013	0.000010	0.000010	0.975800	0.000010	0.000012	0.000010	LD_0.9_12_1432
JU1564	0.999890	0.000010	0.000010	0.000010	0.000010	0.000010	0.000010	0.000010	0.000010	0.000010	0.000010	0.000010	LD_0.9_12_1432
JU1637	0.000010	0.000010	0.309071	0.000010	0.000010	0.000010	0.000010	0.000010	0.690829	0.000010	0.000010	0.000010	LD_0.9_12_1432
JU1638	0.000010	0.000010	0.365750	0.000010	0.000010	0.000010	0.000010	0.000010	0.634150	0.000010	0.000010	0.000010	LD_0.9_12_1432
JU1794	0.000010	0.000010	0.336601	0.000010	0.000010	0.000010	0.056636	0.000010	0.597126	0.000010	0.009557	0.000010	LD_0.9_12_1432
JU1795	0.000010	0.000010	0.124799	0.000010	0.000010	0.000010	0.000010	0.000010	0.875099	0.000010	0.000012	0.000010	LD_0.9_12_1432
JU1799	0.000010	0.000010	0.000010	0.000010	0.000010	0.000010	0.000010	0.000010	0.999890	0.000010	0.000010	0.000010	LD_0.9_12_1432
JU1802	0.000010	0.000010	0.054217	0.000010	0.000010	0.000010	0.000010	0.000010	0.945683	0.000010	0.000010	0.000010	LD_0.9_12_1432
JU1814	0.000010	0.000010	0.789008	0.000010	0.000010	0.000010	0.000010	0.000010	0.210892	0.000010	0.000010	0.000010	LD_0.9_12_1432
JU1884	0.000010	0.000010	0.032877	0.000011	0.000010	0.000010	0.000010	0.000010	0.967013	0.000010	0.000018	0.000010	LD_0.9_12_1432
JU1885	0.000010	0.000010	0.000010	0.000010	0.000010	0.000011	0.000010	0.000011	0.858456	0.000010	0.141442	0.000010	LD_0.9_12_1432
JU1907	0.000010	0.000010	0.030605	0.000010	0.000010	0.000010	0.000010	0.000010	0.969295	0.000010	0.000010	0.000010	LD_0.9_12_1432
JU1908	0.000010	0.000010	0.044584	0.000010	0.000010	0.000010	0.000010	0.000010	0.955316	0.000010	0.000010	0.000010	LD_0.9_12_1432
JU1909	0.000010	0.000010	0.000010	0.000010	0.000010	0.000010	0.000010	0.000010	0.999890	0.000010	0.000010	0.000010	LD_0.9_12_1432
JU1913	0.000010	0.000010	0.000010	0.000010	0.000010	0.000010	0.000010	0.000010	0.584333	0.000010	0.415567	0.000010	LD_0.9_12_1432
JU2053	0.000010	0.000010	0.093565	0.000010	0.000010	0.000010	0.000010	0.000010	0.906335	0.000010	0.000010	0.000010	LD_0.9_12_1432
JU2054	0.000010	0.000010	0.000010	0.000010	0.000010	0.000010	0.000010	0.000010	0.999890	0.000010	0.000010	0.000010	LD_0.9_12_1432
JU2056	0.000010	0.000010	0.000010	0.000010	0.000010	0.000010	0.000010	0.000010	0.999890	0.000010	0.000010	0.000010	LD_0.9_12_1432
JU2057	0.000010	0.000010	0.000010	0.000010	0.000010	0.000010	0.000010	0.000010	0.000019	0.000010	0.999881	0.000010	LD_0.9_12_1432
JU2160	0.000010	0.000010	0.000010	0.000010	0.000010	0.000010	0.000010	0.000010	0.000012	0.000010	0.999888	0.000010	LD_0.9_12_1432
JU2162	0.000010	0.000010	0.000010	0.000010	0.000010	0.000010	0.000010	0.000010	0.000012	0.000010	0.999888	0.000010	LD_0.9_12_1432
JU2214	0.000010	0.000010	0.072156	0.000010	0.000010	0.203465	0.000010	0.000010	0.724289	0.000010	0.000010	0.000010	LD_0.9_12_1432
JU2216	0.000010	0.000010	0.000010	0.000010	0.000010	0.000010	0.000010	0.000010	0.000010	0.000010	0.000010	0.999890	LD_0.9_12_1432
JU2457	0.497817	0.000010	0.240663	0.000010	0.000010	0.000010	0.000010	0.000010	0.261430	0.000010	0.000010	0.000010	LD_0.9_12_1432
JU2470	0.000010	0.000010	0.000010	0.000010	0.000010	0.000010	0.000010	0.000010	0.000018	0.000010	0.999882	0.000010	LD_0.9_12_1432
JU2472	0.000010	0.000010	0.337410	0.000010	0.000010	0.000010	0.000010	0.000010	0.662490	0.000010	0.000010	0.000010	LD_0.9_12_1432
JU2507	0.000010	0.000010	0.000010	0.000010	0.000010	0.000010	0.000010	0.000010	0.000010	0.000010	0.999890	0.000010	LD_0.9_12_1432
JU2518	0.000010	0.000010	0.999890	0.000010	0.000010	0.000010	0.000010	0.000010	0.000010	0.000010	0.000010	0.000010	LD_0.9_12_1432
JU2536	0.999890	0.000010	0.000010	0.000010	0.000010	0.000010	0.000010	0.000010	0.000010	0.000010	0.000010	0.000010	LD_0.9_12_1432
JU2618	0.000010	0.000010	0.409238	0.000010	0.000010	0.576270	0.000010	0.000010	0.014402	0.000010	0.000010	0.000010	LD_0.9_12_1432
JU2799	0.000010	0.000010	0.077266	0.000010	0.000010	0.000010	0.000010	0.000010	0.922634	0.000010	0.000010	0.000010	LD_0.9_12_1432
JU2836	0.000010	0.000010	0.064844	0.000010	0.000010	0.234867	0.000010	0.000010	0.698831	0.000010	0.001378	0.000010	LD_0.9_12_1432
JU2849	0.000010	0.000010	0.000010	0.000010	0.000010	0.000010	0.999890	0.000010	0.000010	0.000010	0.000010	0.000010	LD_0.9_12_1432
JU2861	0.000010	0.000010	0.000010	0.000010	0.000010	0.000010	0.000010	0.000010	0.999890	0.000010	0.000010	0.000010	LD_0.9_12_1432
JU2868	0.000010	0.000010	0.000017	0.000010	0.000010	0.000011	0.000010	0.000010	0.999879	0.000010	0.000013	0.000010	LD_0.9_12_1432
JU2872	0.999890	0.000010	0.000010	0.000010	0.000010	0.000010	0.000010	0.000010	0.000010	0.000010	0.000010	0.000010	LD_0.9_12_1432
JU2910	0.000010	0.000010	0.114265	0.000010	0.000010	0.000010	0.054350	0.000010	0.771214	0.000010	0.060091	0.000010	LD_0.9_12_1432
JU3168	0.000010	0.000010	0.000010	0.000010	0.999890	0.000010	0.000010	0.000010	0.000010	0.000010	0.000010	0.000010	LD_0.9_12_1432
JU3171	0.000010	0.000010	0.000010	0.000010	0.000010	0.000010	0.000010	0.000010	0.999890	0.000010	0.000010	0.000010	LD_0.9_12_1432
JU3199	0.000010	0.000010	0.000010	0.000010	0.000010	0.000010	0.000010	0.000010	0.000010	0.999890	0.000010	0.000010	LD_0.9_12_1432
JU3200	0.000010	0.000010	0.000010	0.000010	0.000010	0.000010	0.000010	0.000010	0.000010	0.999890	0.000010	0.000010	LD_0.9_12_1432
JU3201	0.000010	0.000010	0.000010	0.000010	0.000010	0.000010	0.000010	0.000010	0.000010	0.999890	0.000010	0.000010	LD_0.9_12_1432
JU3202	0.000010	0.000010	0.000010	0.000010	0.000010	0.000010	0.000010	0.000010	0.000010	0.999890	0.000010	0.000010	LD_0.9_12_1432
JU3203	0.000010	0.000010	0.000010	0.000010	0.000010	0.000010	0.000010	0.000010	0.000010	0.999890	0.000010	0.000010	LD_0.9_12_1432
JU3206	0.000010	0.000010	0.000010	0.000010	0.000010	0.000010	0.000010	0.000010	0.000010	0.999890	0.000010	0.000010	LD_0.9_12_1432
JU3207	0.000010	0.000010	0.000010	0.000010	0.000010	0.000010	0.000010	0.000010	0.999890	0.000010	0.000010	0.000010	LD_0.9_12_1432
JU3237	0.000010	0.000010	0.000010	0.000010	0.000010	0.000010	0.000010	0.000010	0.000013	0.000010	0.999887	0.000010	LD_0.9_12_1432
JU3281	0.000010	0.000010	0.000010	0.000010	0.000010	0.000010	0.000010	0.000010	0.999890	0.000010	0.000010	0.000010	LD_0.9_12_1432
JU3319	0.000010	0.000010	0.000010	0.000010	0.000010	0.000010	0.829282	0.000010	0.170617	0.000010	0.000010	0.000010	LD_0.9_12_1432
JU3321	0.000010	0.000010	0.000012	0.000010	0.000010	0.000010	0.000010	0.000010	0.999888	0.000010	0.000010	0.000010	LD_0.9_12_1432
JU3326	0.000010	0.000010	0.000010	0.999890	0.000010	0.000010	0.000010	0.000010	0.000010	0.000010	0.000010	0.000010	LD_0.9_12_1432
JU3327	0.000010	0.000010	0.000010	0.000010	0.000010	0.000010	0.084811	0.000016	0.915082	0.000010	0.000011	0.000010	LD_0.9_12_1432
JU3416	0.724898	0.000010	0.000010	0.275002	0.000010	0.000010	0.000010	0.000010	0.000010	0.000010	0.000010	0.000010	LD_0.9_12_1432
JU4042	0.000010	0.000010	0.000012	0.000010	0.000010	0.000010	0.000010	0.000010	0.999888	0.000010	0.000010	0.000010	LD_0.9_12_1432
JU4051	0.000010	0.000010	0.000010	0.000010	0.000010	0.000010	0.999890	0.000010	0.000010	0.000010	0.000010	0.000010	LD_0.9_12_1432
JU4058	0.000010	0.000010	0.000010	0.000010	0.000010	0.000010	0.999883	0.000010	0.000017	0.000010	0.000010	0.000010	LD_0.9_12_1432
JU4060	0.000010	0.000010	0.000010	0.000010	0.000010	0.000010	0.999890	0.000010	0.000010	0.000010	0.000010	0.000010	LD_0.9_12_1432
JU4062	0.000010	0.000010	0.000010	0.000010	0.000010	0.000010	0.999890	0.000010	0.000010	0.000010	0.000010	0.000010	LD_0.9_12_1432
JU4064	0.000010	0.000010	0.000010	0.000010	0.000010	0.000010	0.999890	0.000010	0.000010	0.000010	0.000010	0.000010	LD_0.9_12_1432
JU4080	0.000010	0.000010	0.000010	0.000010	0.000010	0.000010	0.000010	0.000010	0.999890	0.000010	0.000010	0.000010	LD_0.9_12_1432
JU4084	0.000010	0.000010	0.000010	0.000010	0.000010	0.000010	0.999890	0.000010	0.000010	0.000010	0.000010	0.000010	LD_0.9_12_1432
JU4097	0.000010	0.000010	0.000010	0.000010	0.000010	0.000010	0.999890	0.000010	0.000010	0.000010	0.000010	0.000010	LD_0.9_12_1432
JU725	0.000010	0.000010	0.000010	0.000010	0.000010	0.000010	0.768171	0.000010	0.231729	0.000010	0.000010	0.000010	LD_0.9_12_1432
MY2716	0.000010	0.000010	0.000010	0.000010	0.000010	0.000010	0.000010	0.000010	0.999890	0.000010	0.000010	0.000010	LD_0.9_12_1432
MY539	0.000010	0.000010	0.000010	0.000010	0.000010	0.000010	0.000010	0.000010	0.999890	0.000010	0.000010	0.000010	LD_0.9_12_1432
NIC1050	0.000010	0.000010	0.648022	0.000010	0.000010	0.351875	0.000010	0.000010	0.000010	0.000010	0.000012	0.000010	LD_0.9_12_1432
NIC1052	0.000010	0.000010	0.472294	0.000010	0.000010	0.527606	0.000010	0.000010	0.000010	0.000010	0.000010	0.000010	LD_0.9_12_1432
NIC1054	0.000010	0.000010	0.784164	0.000010	0.000010	0.215736	0.000010	0.000010	0.000010	0.000010	0.000010	0.000010	LD_0.9_12_1432
NIC1055	0.000010	0.000010	0.639256	0.000010	0.000010	0.360644	0.000010	0.000010	0.000010	0.000010	0.000010	0.000010	LD_0.9_12_1432
NIC1057	0.000010	0.000010	0.632926	0.000010	0.000010	0.366974	0.000010	0.000010	0.000010	0.000010	0.000010	0.000010	LD_0.9_12_1432
NIC1058	0.000010	0.000010	0.639948	0.000010	0.000010	0.359952	0.000010	0.000010	0.000010	0.000010	0.000010	0.000010	LD_0.9_12_1432
NIC1059	0.000010	0.000010	0.717917	0.000010	0.000010	0.281977	0.000010	0.000010	0.000016	0.000010	0.000010	0.000010	LD_0.9_12_1432
NIC1060	0.000010	0.000010	0.808264	0.000010	0.000010	0.191636	0.000010	0.000010	0.000010	0.000010	0.000010	0.000010	LD_0.9_12_1432
NIC1062	0.000010	0.000010	0.574519	0.000010	0.000010	0.156207	0.000010	0.000010	0.269183	0.000010	0.000010	0.000010	LD_0.9_12_1432
NIC1069	0.000010	0.000010	0.530549	0.000010	0.000010	0.000010	0.000010	0.000010	0.469351	0.000010	0.000010	0.000010	LD_0.9_12_1432
NIC1103	0.000010	0.000010	0.405021	0.000010	0.000013	0.527684	0.000010	0.000010	0.067202	0.000010	0.000010	0.000010	LD_0.9_12_1432
NIC1104	0.000010	0.000010	0.339574	0.000010	0.000010	0.035132	0.000010	0.000010	0.625204	0.000010	0.000010	0.000010	LD_0.9_12_1432
NIC1106	0.000010	0.000010	0.230298	0.000010	0.000010	0.339488	0.000010	0.000010	0.430125	0.000010	0.000010	0.000010	LD_0.9_12_1432
NIC1117	0.000010	0.000010	0.000010	0.000010	0.000010	0.000010	0.000010	0.000010	0.999890	0.000010	0.000010	0.000010	LD_0.9_12_1432
NIC1123	0.000010	0.000010	0.000010	0.000010	0.000010	0.000010	0.999890	0.000010	0.000010	0.000010	0.000010	0.000010	LD_0.9_12_1432
NIC1124	0.000010	0.000010	0.999890	0.000010	0.000010	0.000010	0.000010	0.000010	0.000010	0.000010	0.000010	0.000010	LD_0.9_12_1432
NIC1135	0.000010	0.000010	0.945327	0.000010	0.000010	0.054573	0.000010	0.000010	0.000010	0.000010	0.000010	0.000010	LD_0.9_12_1432
NIC1138	0.000010	0.000010	0.999890	0.000010	0.000010	0.000010	0.000010	0.000010	0.000010	0.000010	0.000010	0.000010	LD_0.9_12_1432
NIC1141	0.000010	0.000010	0.999890	0.000010	0.000010	0.000010	0.000010	0.000010	0.000010	0.000010	0.000010	0.000010	LD_0.9_12_1432
NIC115	0.000010	0.000010	0.870327	0.000010	0.000010	0.000010	0.000010	0.000010	0.129573	0.000010	0.000010	0.000010	LD_0.9_12_1432
NIC117	0.000010	0.000010	0.862174	0.000010	0.000010	0.000010	0.000010	0.000010	0.137726	0.000010	0.000010	0.000010	LD_0.9_12_1432
NIC1183	0.000010	0.000010	0.999890	0.000010	0.000010	0.000010	0.000010	0.000010	0.000010	0.000010	0.000010	0.000010	LD_0.9_12_1432
NIC119	0.000010	0.000010	0.887737	0.000010	0.000010	0.000010	0.000010	0.000010	0.112163	0.000010	0.000010	0.000010	LD_0.9_12_1432
NIC1190	0.000010	0.000010	0.999890	0.000010	0.000010	0.000010	0.000010	0.000010	0.000010	0.000010	0.000010	0.000010	LD_0.9_12_1432
NIC1202	0.000010	0.000010	0.000010	0.000010	0.000010	0.000010	0.152183	0.000010	0.847717	0.000010	0.000010	0.000010	LD_0.9_12_1432
NIC1204	0.000010	0.000010	0.000010	0.000010	0.000010	0.000010	0.196954	0.000010	0.802946	0.000010	0.000010	0.000010	LD_0.9_12_1432
NIC1205	0.000010	0.000010	0.000010	0.000010	0.000010	0.000010	0.000010	0.000010	0.000010	0.000010	0.000010	0.999890	LD_0.9_12_1432
NIC1218	0.000010	0.000010	0.000010	0.000010	0.000010	0.000010	0.000010	0.000010	0.999890	0.000010	0.000010	0.000010	LD_0.9_12_1432
NIC1220	0.000010	0.000010	0.000010	0.000010	0.000010	0.000010	0.000010	0.000010	0.000010	0.000010	0.000010	0.999890	LD_0.9_12_1432
NIC1221	0.000010	0.000010	0.000010	0.000010	0.000010	0.000010	0.227850	0.000010	0.772050	0.000010	0.000010	0.000010	LD_0.9_12_1432
NIC123	0.000010	0.000010	0.875985	0.000010	0.000010	0.000011	0.000010	0.000010	0.123914	0.000010	0.000010	0.000010	LD_0.9_12_1432
NIC1267	0.000010	0.000010	0.845732	0.000010	0.000010	0.000010	0.000010	0.000010	0.154168	0.000010	0.000010	0.000010	LD_0.9_12_1432
NIC1283	0.000010	0.000010	0.999890	0.000010	0.000010	0.000010	0.000010	0.000010	0.000010	0.000010	0.000010	0.000010	LD_0.9_12_1432
NIC1288	0.000010	0.000010	0.676853	0.000010	0.000010	0.222393	0.100664	0.000010	0.000010	0.000010	0.000010	0.000010	LD_0.9_12_1432
NIC1292	0.000010	0.000010	0.957207	0.000010	0.000010	0.042693	0.000010	0.000010	0.000010	0.000010	0.000010	0.000010	LD_0.9_12_1432
NIC1302	0.000010	0.000010	0.999890	0.000010	0.000010	0.000010	0.000010	0.000010	0.000010	0.000010	0.000010	0.000010	LD_0.9_12_1432
NIC1304	0.000010	0.000010	0.961929	0.000010	0.000010	0.037971	0.000010	0.000010	0.000010	0.000010	0.000010	0.000010	LD_0.9_12_1432
NIC1308	0.000010	0.000010	0.347445	0.000010	0.000010	0.000010	0.576994	0.000010	0.075471	0.000010	0.000010	0.000010	LD_0.9_12_1432
NIC1407	0.000010	0.000010	0.914800	0.000010	0.000010	0.085100	0.000010	0.000010	0.000010	0.000010	0.000010	0.000010	LD_0.9_12_1432
NIC1421	0.000010	0.000010	0.826917	0.000010	0.000010	0.153419	0.000010	0.000010	0.019574	0.000010	0.000010	0.000010	LD_0.9_12_1432
NIC1423	0.000010	0.000010	0.752610	0.000010	0.000010	0.247290	0.000010	0.000010	0.000010	0.000010	0.000010	0.000010	LD_0.9_12_1432
NIC1442	0.000010	0.000010	0.999890	0.000010	0.000010	0.000010	0.000010	0.000010	0.000010	0.000010	0.000010	0.000010	LD_0.9_12_1432
NIC1491	0.000010	0.000010	0.999890	0.000010	0.000010	0.000010	0.000010	0.000010	0.000010	0.000010	0.000010	0.000010	LD_0.9_12_1432
NIC1525	0.000010	0.000010	0.373176	0.000010	0.000010	0.000010	0.000010	0.000010	0.626724	0.000010	0.000010	0.000010	LD_0.9_12_1432
NIC1528	0.000010	0.000010	0.404868	0.000010	0.000010	0.000010	0.000010	0.000010	0.595032	0.000010	0.000010	0.000010	LD_0.9_12_1432
NIC1529	0.000010	0.000010	0.352681	0.000010	0.000010	0.000010	0.000010	0.000010	0.647219	0.000010	0.000010	0.000010	LD_0.9_12_1432
NIC1533	0.000010	0.000010	0.287705	0.000010	0.000010	0.000010	0.000010	0.000010	0.712195	0.000010	0.000010	0.000010	LD_0.9_12_1432
NIC1535	0.000010	0.000010	0.296460	0.000010	0.000010	0.000010	0.000014	0.000010	0.703436	0.000010	0.000010	0.000010	LD_0.9_12_1432
NIC1539	0.000010	0.999889	0.000010	0.000010	0.000011	0.000010	0.000010	0.000010	0.000010	0.000010	0.000010	0.000010	LD_0.9_12_1432
NIC1540	0.000010	0.000010	0.000010	0.000010	0.000010	0.000010	0.000010	0.999888	0.000012	0.000010	0.000010	0.000010	LD_0.9_12_1432
NIC1562	0.000010	0.902858	0.000010	0.000010	0.000010	0.000010	0.000010	0.000010	0.000010	0.000010	0.000010	0.097042	LD_0.9_12_1432
NIC1589	0.000011	0.000011	0.000010	0.000012	0.000010	0.000011	0.000010	0.999885	0.000010	0.000010	0.000010	0.000010	LD_0.9_12_1432
NIC1590	0.000010	0.000015	0.000010	0.000010	0.000010	0.000010	0.000010	0.000010	0.000010	0.000010	0.000010	0.999885	LD_0.9_12_1432
NIC1591	0.000016	0.000011	0.000010	0.000010	0.000010	0.000010	0.000010	0.999882	0.000010	0.000010	0.000010	0.000010	LD_0.9_12_1432
NIC1593	0.000010	0.000010	0.000010	0.000010	0.000010	0.000010	0.000010	0.999889	0.000011	0.000010	0.000010	0.000010	LD_0.9_12_1432
NIC1595	0.000010	0.000012	0.000010	0.000010	0.000010	0.000010	0.000010	0.000010	0.000010	0.000010	0.000010	0.999888	LD_0.9_12_1432
NIC1598	0.000010	0.999890	0.000010	0.000010	0.000010	0.000010	0.000010	0.000010	0.000010	0.000010	0.000010	0.000010	LD_0.9_12_1432
NIC1602	0.000010	0.999890	0.000010	0.000010	0.000010	0.000010	0.000010	0.000010	0.000010	0.000010	0.000010	0.000010	LD_0.9_12_1432
NIC1607	0.000010	0.000013	0.000010	0.000010	0.999887	0.000010	0.000010	0.000010	0.000010	0.000010	0.000010	0.000010	LD_0.9_12_1432
NIC1628	0.000010	0.000010	0.000017	0.000012	0.000010	0.000010	0.000010	0.000010	0.999882	0.000010	0.000010	0.000010	LD_0.9_12_1432
NIC1630	0.000010	0.999890	0.000010	0.000010	0.000010	0.000010	0.000010	0.000010	0.000010	0.000010	0.000010	0.000010	LD_0.9_12_1432
NIC1631	0.000010	0.000010	0.000010	0.000010	0.000010	0.000010	0.000010	0.000010	0.000010	0.000010	0.000010	0.999890	LD_0.9_12_1432
NIC1632	0.999890	0.000010	0.000010	0.000010	0.000010	0.000010	0.000010	0.000010	0.000010	0.000010	0.000010	0.000010	LD_0.9_12_1432
NIC1633	0.999889	0.000010	0.000010	0.000011	0.000010	0.000010	0.000010	0.000010	0.000010	0.000010	0.000010	0.000010	LD_0.9_12_1432
NIC1635	0.999884	0.000010	0.000010	0.000016	0.000010	0.000010	0.000010	0.000010	0.000010	0.000010	0.000010	0.000010	LD_0.9_12_1432
NIC1645	0.000010	0.934168	0.000010	0.000010	0.000010	0.000010	0.000010	0.000010	0.000010	0.000010	0.000010	0.065732	LD_0.9_12_1432
NIC1660	0.000010	0.000010	0.000010	0.000010	0.000010	0.000010	0.000010	0.000010	0.000010	0.000010	0.000010	0.999890	LD_0.9_12_1432
NIC1661	0.000010	0.000016	0.000010	0.000010	0.000010	0.000010	0.000010	0.000010	0.000010	0.000010	0.000010	0.999884	LD_0.9_12_1432
NIC1662	0.000010	0.000010	0.000010	0.000010	0.000010	0.000015	0.000010	0.000012	0.000010	0.000010	0.000010	0.999883	LD_0.9_12_1432
NIC1663	0.000010	0.000010	0.000010	0.000010	0.000014	0.000010	0.000010	0.000010	0.000010	0.000010	0.000010	0.999886	LD_0.9_12_1432
NIC1664	0.000010	0.000010	0.000010	0.000010	0.000010	0.000010	0.000010	0.999890	0.000010	0.000010	0.000010	0.000010	LD_0.9_12_1432
NIC1665	0.000010	0.000010	0.000010	0.000010	0.000010	0.000010	0.000010	0.999890	0.000010	0.000010	0.000010	0.000010	LD_0.9_12_1432
NIC1666	0.000010	0.000016	0.000010	0.000010	0.000010	0.000010	0.000010	0.000010	0.000010	0.000010	0.000010	0.999884	LD_0.9_12_1432
NIC1667	0.000010	0.999890	0.000010	0.000010	0.000010	0.000010	0.000010	0.000010	0.000010	0.000010	0.000010	0.000010	LD_0.9_12_1432
NIC1681	0.000010	0.000010	0.000010	0.000010	0.000010	0.000010	0.000010	0.000010	0.000010	0.000010	0.000010	0.999890	LD_0.9_12_1432
NIC1688	0.000010	0.000010	0.000010	0.000010	0.000010	0.000010	0.000010	0.000010	0.999890	0.000010	0.000010	0.000010	LD_0.9_12_1432
NIC1692	0.000010	0.073662	0.000010	0.000010	0.000010	0.000010	0.000010	0.000010	0.000010	0.000010	0.000010	0.926238	LD_0.9_12_1432
NIC1693	0.000010	0.000010	0.000010	0.000010	0.000010	0.000010	0.000010	0.000010	0.000010	0.000010	0.000010	0.999890	LD_0.9_12_1432
NIC17	0.000010	0.000010	0.000010	0.000010	0.000010	0.000010	0.000010	0.000010	0.999890	0.000010	0.000010	0.000010	LD_0.9_12_1432
NIC174	0.999890	0.000010	0.000010	0.000010	0.000010	0.000010	0.000010	0.000010	0.000010	0.000010	0.000010	0.000010	LD_0.9_12_1432
NIC187	0.000010	0.000010	0.902165	0.000010	0.000010	0.000010	0.000010	0.000010	0.097735	0.000010	0.000010	0.000010	LD_0.9_12_1432
NIC188	0.000010	0.000010	0.918565	0.000010	0.000010	0.000010	0.000010	0.000010	0.081335	0.000010	0.000010	0.000010	LD_0.9_12_1432
NIC19	0.000010	0.000010	0.000010	0.000010	0.000010	0.000010	0.000010	0.999890	0.000010	0.000010	0.000010	0.000010	LD_0.9_12_1432
NIC191	0.000010	0.000010	0.851319	0.000010	0.000010	0.000010	0.000010	0.000010	0.148581	0.000010	0.000010	0.000010	LD_0.9_12_1432
NIC20	0.000010	0.000010	0.000010	0.000010	0.000010	0.000010	0.000010	0.999890	0.000010	0.000010	0.000010	0.000010	LD_0.9_12_1432
NIC21	0.000010	0.000010	0.000010	0.000010	0.000010	0.000010	0.000010	0.999887	0.000013	0.000010	0.000010	0.000010	LD_0.9_12_1432
NIC22	0.000011	0.000011	0.000010	0.000011	0.000013	0.000010	0.000010	0.999883	0.000012	0.000010	0.000010	0.000010	LD_0.9_12_1432
NIC2369	0.000010	0.000010	0.000010	0.000010	0.000010	0.000010	0.999890	0.000010	0.000010	0.000010	0.000010	0.000010	LD_0.9_12_1432
NIC248	0.000010	0.000010	0.833565	0.000010	0.000010	0.000011	0.000010	0.000010	0.166334	0.000010	0.000010	0.000010	LD_0.9_12_1432
NIC250	0.000010	0.000010	0.777240	0.000010	0.000010	0.000010	0.000010	0.000010	0.222660	0.000010	0.000010	0.000010	LD_0.9_12_1432
NIC2527	0.000010	0.000010	0.000010	0.000010	0.000010	0.000010	0.000010	0.000010	0.999890	0.000010	0.000010	0.000010	LD_0.9_12_1432
NIC309	0.000010	0.000010	0.999890	0.000010	0.000010	0.000010	0.000010	0.000010	0.000010	0.000010	0.000010	0.000010	LD_0.9_12_1432
NIC325	0.000010	0.000010	0.999890	0.000010	0.000010	0.000010	0.000010	0.000010	0.000010	0.000010	0.000010	0.000010	LD_0.9_12_1432
NIC327	0.000010	0.000010	0.732465	0.000010	0.000010	0.267435	0.000010	0.000010	0.000010	0.000010	0.000010	0.000010	LD_0.9_12_1432
NIC329	0.000010	0.000010	0.845369	0.000010	0.000010	0.154531	0.000010	0.000010	0.000010	0.000010	0.000010	0.000010	LD_0.9_12_1432
NIC330	0.000010	0.000010	0.877729	0.000010	0.000010	0.122171	0.000010	0.000010	0.000010	0.000010	0.000010	0.000010	LD_0.9_12_1432
NIC331	0.000010	0.000010	0.847298	0.000010	0.000010	0.152602	0.000010	0.000010	0.000010	0.000010	0.000010	0.000010	LD_0.9_12_1432
NIC332	0.000010	0.000010	0.730484	0.000010	0.000010	0.269416	0.000010	0.000010	0.000010	0.000010	0.000010	0.000010	LD_0.9_12_1432
NIC333	0.000010	0.000010	0.891882	0.000010	0.000010	0.108018	0.000010	0.000010	0.000010	0.000010	0.000010	0.000010	LD_0.9_12_1432
NIC343	0.000010	0.000010	0.000010	0.000010	0.000010	0.000010	0.030188	0.000010	0.969712	0.000010	0.000010	0.000010	LD_0.9_12_1432
NIC392	0.000010	0.000010	0.784960	0.000010	0.000010	0.000010	0.000010	0.000010	0.214940	0.000010	0.000010	0.000010	LD_0.9_12_1432
NIC400	0.000010	0.000010	0.755033	0.000010	0.000010	0.244863	0.000010	0.000010	0.000014	0.000010	0.000010	0.000010	LD_0.9_12_1432
NIC402	0.000010	0.000010	0.761456	0.000010	0.000010	0.238444	0.000010	0.000010	0.000010	0.000010	0.000010	0.000010	LD_0.9_12_1432
NIC419	0.000010	0.000010	0.000010	0.000010	0.000010	0.000010	0.999890	0.000010	0.000010	0.000010	0.000010	0.000010	LD_0.9_12_1432
NIC504	0.000010	0.000010	0.000010	0.000010	0.000010	0.000011	0.000010	0.000010	0.000010	0.000010	0.000010	0.999889	LD_0.9_12_1432
NIC505	0.000010	0.000010	0.000010	0.000010	0.000010	0.000010	0.000010	0.000010	0.000010	0.000010	0.000010	0.999890	LD_0.9_12_1432
NIC518	0.000010	0.999890	0.000010	0.000010	0.000010	0.000010	0.000010	0.000010	0.000010	0.000010	0.000010	0.000010	LD_0.9_12_1432
NIC519	0.000010	0.921290	0.000010	0.000010	0.000010	0.000010	0.000010	0.000010	0.000010	0.000010	0.000010	0.078610	LD_0.9_12_1432
NIC532	0.000010	0.000010	0.798271	0.000010	0.000010	0.000010	0.000010	0.000010	0.201629	0.000010	0.000010	0.000010	LD_0.9_12_1432
NIC541	0.000010	0.000010	0.576984	0.000010	0.000010	0.119470	0.000010	0.000010	0.000010	0.000010	0.303456	0.000010	LD_0.9_12_1432
NIC549	0.000010	0.000010	0.699722	0.000010	0.000010	0.000010	0.000010	0.000010	0.300178	0.000010	0.000010	0.000010	LD_0.9_12_1432
NIC552	0.000010	0.000010	0.631349	0.000010	0.000010	0.000010	0.000010	0.000010	0.368551	0.000010	0.000010	0.000010	LD_0.9_12_1432
NIC555	0.000010	0.000010	0.784759	0.000010	0.000010	0.107978	0.000010	0.000010	0.107173	0.000010	0.000010	0.000010	LD_0.9_12_1432
NIC574	0.000010	0.000010	0.777588	0.000010	0.000010	0.000017	0.000010	0.000010	0.222305	0.000010	0.000010	0.000010	LD_0.9_12_1432
NIC578	0.000010	0.000010	0.933483	0.000010	0.000010	0.000010	0.000010	0.000010	0.066417	0.000010	0.000010	0.000010	LD_0.9_12_1432
NIC583	0.000010	0.000010	0.931435	0.000010	0.000010	0.000010	0.000010	0.000010	0.068465	0.000010	0.000010	0.000010	LD_0.9_12_1432
NIC590	0.000010	0.000010	0.887977	0.000010	0.000010	0.000010	0.000010	0.000010	0.000010	0.000010	0.111923	0.000010	LD_0.9_12_1432
NIC593	0.000010	0.000010	0.740798	0.000010	0.000010	0.000010	0.000010	0.000010	0.259102	0.000010	0.000010	0.000010	LD_0.9_12_1432
NIC60	0.000010	0.000010	0.999890	0.000010	0.000010	0.000010	0.000010	0.000010	0.000010	0.000010	0.000010	0.000010	LD_0.9_12_1432
NIC61	0.000010	0.000010	0.587175	0.000010	0.000010	0.000010	0.000010	0.000010	0.412725	0.000010	0.000010	0.000010	LD_0.9_12_1432
NIC62	0.000010	0.000010	0.905756	0.000010	0.000010	0.000020	0.000010	0.000010	0.094134	0.000010	0.000010	0.000010	LD_0.9_12_1432
NIC67	0.000010	0.000010	0.000010	0.000010	0.000010	0.000010	0.999890	0.000010	0.000010	0.000010	0.000010	0.000010	LD_0.9_12_1432
NIC758	0.000010	0.000010	0.880580	0.000010	0.000010	0.000010	0.000010	0.000010	0.000010	0.000010	0.119320	0.000010	LD_0.9_12_1432
NIC777	0.000010	0.000010	0.774232	0.000010	0.000010	0.111083	0.000010	0.000010	0.114595	0.000010	0.000010	0.000010	LD_0.9_12_1432
NIC779	0.000010	0.000010	0.000010	0.000010	0.000010	0.000010	0.000010	0.000010	0.000010	0.000010	0.000010	0.999890	LD_0.9_12_1432
NIC790	0.000010	0.000010	0.000010	0.000010	0.000010	0.000010	0.000010	0.000010	0.999890	0.000010	0.000010	0.000010	LD_0.9_12_1432
NIC791	0.000010	0.000010	0.000010	0.000010	0.000010	0.000010	0.000010	0.000010	0.081048	0.000010	0.918852	0.000010	LD_0.9_12_1432
NIC792	0.000010	0.000010	0.000010	0.000010	0.000010	0.000010	0.000010	0.000010	0.682675	0.000010	0.317225	0.000010	LD_0.9_12_1432
NIC793	0.000010	0.000010	0.000017	0.000010	0.000010	0.000010	0.000011	0.000013	0.999879	0.000010	0.000010	0.000010	LD_0.9_12_1432
NIC795	0.000010	0.000010	0.000010	0.000010	0.000010	0.000010	0.000010	0.000010	0.999890	0.000010	0.000010	0.000010	LD_0.9_12_1432
NIC796	0.000017	0.000010	0.000010	0.000013	0.000010	0.000010	0.000010	0.007960	0.991930	0.000010	0.000010	0.000010	LD_0.9_12_1432
NIC802	0.000010	0.000010	0.000010	0.000010	0.000010	0.000010	0.000010	0.000010	0.999890	0.000010	0.000010	0.000010	LD_0.9_12_1432
NIC803	0.000010	0.000010	0.089484	0.000010	0.000010	0.000010	0.000010	0.000010	0.910416	0.000010	0.000010	0.000010	LD_0.9_12_1432
NIC805	0.000010	0.000012	0.000010	0.000010	0.000010	0.000010	0.000010	0.000010	0.000010	0.000010	0.000010	0.999888	LD_0.9_12_1432
NIC811	0.000010	0.000010	0.000010	0.000010	0.000010	0.000010	0.052468	0.000010	0.944626	0.000010	0.002816	0.000010	LD_0.9_12_1432
NIC814	0.000010	0.000010	0.000010	0.000010	0.000010	0.000010	0.000010	0.000010	0.000010	0.000010	0.000010	0.999890	LD_0.9_12_1432
NIC815	0.000010	0.000010	0.000010	0.000010	0.000010	0.000010	0.000010	0.000010	0.000010	0.000010	0.000010	0.999890	LD_0.9_12_1432
NIC816	0.000018	0.000012	0.000010	0.000013	0.000012	0.000010	0.000015	0.999866	0.000013	0.000010	0.000010	0.000010	LD_0.9_12_1432
NIC819	0.000010	0.000010	0.000010	0.000010	0.999890	0.000010	0.000010	0.000010	0.000010	0.000010	0.000010	0.000010	LD_0.9_12_1432
NIC821	0.000010	0.000010	0.097942	0.000010	0.000010	0.000010	0.000010	0.000010	0.901958	0.000010	0.000010	0.000010	LD_0.9_12_1432
NIC822	0.000010	0.883249	0.000010	0.000010	0.000012	0.000010	0.000010	0.000010	0.000010	0.000010	0.000010	0.116649	LD_0.9_12_1432
NIC824	0.000010	0.000010	0.000010	0.000010	0.000010	0.000010	0.000010	0.000010	0.000010	0.000010	0.000010	0.999890	LD_0.9_12_1432
NIC825	0.000010	0.000010	0.000010	0.000010	0.000010	0.000010	0.000010	0.999890	0.000010	0.000010	0.000010	0.000010	LD_0.9_12_1432
NIC827	0.000010	0.000010	0.000010	0.000010	0.000010	0.000010	0.000010	0.999890	0.000010	0.000010	0.000010	0.000010	LD_0.9_12_1432
NIC828	0.000010	0.000010	0.000010	0.000010	0.000010	0.000010	0.000010	0.999887	0.000013	0.000010	0.000010	0.000010	LD_0.9_12_1432
NIC863	0.000010	0.000010	0.000010	0.000010	0.000010	0.000010	0.000010	0.000010	0.000010	0.000010	0.000010	0.999890	LD_0.9_12_1432
NIC864	0.000011	0.000010	0.000010	0.000011	0.000011	0.000010	0.000010	0.000012	0.000010	0.000010	0.000010	0.999886	LD_0.9_12_1432
NIC865	0.000010	0.000010	0.000010	0.000010	0.000010	0.000010	0.000010	0.000010	0.000010	0.000010	0.000010	0.999890	LD_0.9_12_1432
NIC871	0.000010	0.000010	0.000010	0.000010	0.000010	0.000010	0.000010	0.000010	0.999890	0.000010	0.000010	0.000010	LD_0.9_12_1432
NIC883	0.000010	0.000010	0.000010	0.000010	0.000010	0.000010	0.000010	0.000010	0.999890	0.000010	0.000010	0.000010	LD_0.9_12_1432
NIC889	0.000010	0.000010	0.000010	0.000010	0.000010	0.000010	0.000010	0.000010	0.000010	0.000010	0.000010	0.999890	LD_0.9_12_1432
NIC893	0.000010	0.000010	0.000010	0.999890	0.000010	0.000010	0.000010	0.000010	0.000010	0.000010	0.000010	0.000010	LD_0.9_12_1432
NIC897	0.000010	0.000010	0.000010	0.000010	0.000010	0.000010	0.000010	0.000010	0.000010	0.000010	0.000010	0.999890	LD_0.9_12_1432
NIC899	0.999867	0.000017	0.000017	0.000014	0.000011	0.000010	0.000010	0.000010	0.000014	0.000010	0.000010	0.000010	LD_0.9_12_1432
NIC901	0.000010	0.000010	0.012738	0.000010	0.000010	0.000010	0.000010	0.000010	0.987162	0.000010	0.000010	0.000010	LD_0.9_12_1432
NIC911	0.000010	0.000010	0.416655	0.000010	0.000010	0.000010	0.000010	0.000010	0.583245	0.000010	0.000010	0.000010	LD_0.9_12_1432
NIC96	0.000010	0.000010	0.999890	0.000010	0.000010	0.000010	0.000010	0.000010	0.000010	0.000010	0.000010	0.000010	LD_0.9_12_1432
NIC984	0.000010	0.000010	0.309999	0.000010	0.000010	0.000010	0.000010	0.000010	0.689901	0.000010	0.000010	0.000010	LD_0.9_12_1432
NIC985	0.000012	0.000010	0.287559	0.000010	0.000011	0.000017	0.168085	0.000010	0.544255	0.000010	0.000010	0.000010	LD_0.9_12_1432
PB800	0.999890	0.000010	0.000010	0.000010	0.000010	0.000010	0.000010	0.000010	0.000010	0.000010	0.000010	0.000010	LD_0.9_12_1432
PB857	0.999877	0.000014	0.000010	0.000018	0.000010	0.000010	0.000010	0.000010	0.000010	0.000010	0.000010	0.000010	LD_0.9_12_1432
PE887	0.000010	0.000010	0.069171	0.000010	0.000010	0.000010	0.000010	0.000010	0.930729	0.000010	0.000010	0.000010	LD_0.9_12_1432
QG1005	0.000010	0.000010	0.059934	0.000010	0.000010	0.939966	0.000010	0.000010	0.000010	0.000010	0.000010	0.000010	LD_0.9_12_1432
QG1007	0.000010	0.000010	0.000010	0.000010	0.000010	0.999889	0.000010	0.000010	0.000011	0.000010	0.000010	0.000010	LD_0.9_12_1432
QG1111	0.000010	0.000010	0.000010	0.000010	0.000010	0.999887	0.000010	0.000010	0.000013	0.000010	0.000010	0.000010	LD_0.9_12_1432
QG1126	0.000010	0.000010	0.000010	0.000010	0.000010	0.999890	0.000010	0.000010	0.000010	0.000010	0.000010	0.000010	LD_0.9_12_1432
QG1141	0.000010	0.000010	0.000010	0.000010	0.000010	0.999890	0.000010	0.000010	0.000010	0.000010	0.000010	0.000010	LD_0.9_12_1432
QG1155	0.000010	0.000010	0.000010	0.000010	0.000010	0.998520	0.000010	0.000010	0.001380	0.000010	0.000010	0.000010	LD_0.9_12_1432
QG130	0.000010	0.000010	0.000010	0.000010	0.000010	0.000010	0.000010	0.000010	0.999890	0.000010	0.000010	0.000010	LD_0.9_12_1432
QG132	0.000010	0.000010	0.081436	0.000010	0.000010	0.000010	0.000010	0.000010	0.918464	0.000010	0.000010	0.000010	LD_0.9_12_1432
QG133	0.000010	0.179556	0.000014	0.000010	0.000010	0.000010	0.000010	0.000010	0.022139	0.000010	0.000010	0.798210	LD_0.9_12_1432
QG2641	0.000010	0.000010	0.000010	0.000010	0.000010	0.999888	0.000010	0.000010	0.000012	0.000010	0.000010	0.000010	LD_0.9_12_1432
QG2648	0.000010	0.000010	0.000010	0.000010	0.000010	0.999890	0.000010	0.000010	0.000010	0.000010	0.000010	0.000010	LD_0.9_12_1432
QG2659	0.000010	0.000010	0.000010	0.000010	0.000010	0.999890	0.000010	0.000010	0.000010	0.000010	0.000010	0.000010	LD_0.9_12_1432
QG2663	0.000010	0.000010	0.000010	0.000010	0.000010	0.999890	0.000010	0.000010	0.000010	0.000010	0.000010	0.000010	LD_0.9_12_1432
QG2665	0.000010	0.000014	0.000010	0.000010	0.000010	0.999885	0.000010	0.000011	0.000010	0.000010	0.000010	0.000010	LD_0.9_12_1432
QG2683	0.000010	0.000010	0.000010	0.000010	0.000010	0.999890	0.000010	0.000010	0.000010	0.000010	0.000010	0.000010	LD_0.9_12_1432
QG2736	0.000010	0.000010	0.000010	0.000010	0.000010	0.999890	0.000010	0.000010	0.000010	0.000010	0.000010	0.000010	LD_0.9_12_1432
QG2814	0.000010	0.000010	0.000019	0.000010	0.000010	0.000010	0.000010	0.000010	0.999881	0.000010	0.000010	0.000010	LD_0.9_12_1432
QG2820	0.000010	0.000010	0.000010	0.000010	0.000010	0.000010	0.000010	0.000010	0.999890	0.000010	0.000010	0.000010	LD_0.9_12_1432
QG2848	0.000010	0.000010	0.000013	0.000010	0.000010	0.000010	0.000010	0.000010	0.999887	0.000010	0.000010	0.000010	LD_0.9_12_1432
QG2880	0.000010	0.000010	0.000010	0.000010	0.000010	0.000010	0.000010	0.000010	0.000010	0.000010	0.999890	0.000010	LD_0.9_12_1432
QG2881	0.000010	0.000010	0.000010	0.000010	0.000010	0.000010	0.000010	0.000010	0.999890	0.000010	0.000010	0.000010	LD_0.9_12_1432
QG2883	0.000010	0.000010	0.000010	0.000010	0.000010	0.000010	0.000010	0.000010	0.999890	0.000010	0.000010	0.000010	LD_0.9_12_1432
QG2884	0.000015	0.000010	0.000010	0.000010	0.000010	0.000010	0.000017	0.000010	0.000010	0.000010	0.999878	0.000010	LD_0.9_12_1432
QG2891	0.000010	0.000010	0.000010	0.000010	0.000010	0.000010	0.000010	0.000010	0.000010	0.999890	0.000010	0.000010	LD_0.9_12_1432
QG2892	0.000010	0.000010	0.000010	0.000010	0.000010	0.000010	0.000010	0.000010	0.000017	0.000010	0.999883	0.000010	LD_0.9_12_1432
QG2893	0.000016	0.000010	0.000010	0.000010	0.000012	0.000010	0.000011	0.000011	0.000013	0.999875	0.000010	0.000010	LD_0.9_12_1432
QG2895	0.000010	0.000010	0.000010	0.000010	0.000010	0.000010	0.000010	0.000010	0.000010	0.000010	0.999890	0.000010	LD_0.9_12_1432
QG2902	0.000010	0.000010	0.000010	0.000010	0.000010	0.000010	0.000010	0.000010	0.000010	0.000010	0.999890	0.000010	LD_0.9_12_1432
QG2903	0.000010	0.000010	0.000010	0.000010	0.000010	0.000010	0.000010	0.000010	0.000010	0.000010	0.999890	0.000010	LD_0.9_12_1432
QG2906	0.000010	0.000010	0.000010	0.000010	0.000010	0.000010	0.000010	0.000010	0.000010	0.000010	0.999890	0.000010	LD_0.9_12_1432
QG2908	0.000010	0.000010	0.000010	0.000010	0.000010	0.000010	0.000010	0.000010	0.000010	0.999890	0.000010	0.000010	LD_0.9_12_1432
QG2910	0.000010	0.000010	0.054820	0.000010	0.000010	0.000010	0.000010	0.000010	0.945080	0.000010	0.000010	0.000010	LD_0.9_12_1432
QG2919	0.000010	0.000010	0.000010	0.000010	0.000010	0.000010	0.000010	0.000010	0.000010	0.999890	0.000010	0.000010	LD_0.9_12_1432
QG2923	0.000010	0.000010	0.000010	0.000010	0.000010	0.000010	0.000010	0.000010	0.000010	0.000010	0.999890	0.000010	LD_0.9_12_1432
QG2925	0.000010	0.000010	0.000010	0.000010	0.000010	0.000010	0.000010	0.000010	0.000011	0.000010	0.999889	0.000010	LD_0.9_12_1432
QG2964	0.000010	0.000010	0.000010	0.000010	0.000010	0.999890	0.000010	0.000010	0.000010	0.000010	0.000010	0.000010	LD_0.9_12_1432
QG2966	0.000010	0.000010	0.161340	0.000010	0.000010	0.602782	0.000010	0.000016	0.235783	0.000010	0.000010	0.000010	LD_0.9_12_1432
QG2969	0.000010	0.000010	0.000010	0.000010	0.000010	0.999889	0.000010	0.000010	0.000011	0.000010	0.000010	0.000010	LD_0.9_12_1432
QG2972	0.000010	0.000010	0.000010	0.000010	0.000010	0.999890	0.000010	0.000010	0.000010	0.000010	0.000010	0.000010	LD_0.9_12_1432
QG2996	0.000010	0.000010	0.000010	0.000010	0.000010	0.999890	0.000010	0.000010	0.000010	0.000010	0.000010	0.000010	LD_0.9_12_1432
QG3004	0.000010	0.000010	0.156731	0.000010	0.000010	0.776701	0.000010	0.000010	0.066478	0.000010	0.000010	0.000010	LD_0.9_12_1432
QG3006	0.000010	0.000010	0.000010	0.000010	0.000010	0.999890	0.000010	0.000010	0.000010	0.000010	0.000010	0.000010	LD_0.9_12_1432
QG3019	0.000010	0.000010	0.144310	0.000010	0.000010	0.855590	0.000010	0.000010	0.000010	0.000010	0.000010	0.000010	LD_0.9_12_1432
QG3025	0.000010	0.000010	0.000010	0.000010	0.000010	0.999890	0.000010	0.000010	0.000010	0.000010	0.000010	0.000010	LD_0.9_12_1432
QG3030	0.000010	0.000010	0.000010	0.000010	0.000010	0.999890	0.000010	0.000010	0.000010	0.000010	0.000010	0.000010	LD_0.9_12_1432
QG3032	0.000010	0.000010	0.247604	0.000010	0.000010	0.752296	0.000010	0.000010	0.000010	0.000010	0.000010	0.000010	LD_0.9_12_1432
QG3034	0.000010	0.000010	0.000010	0.000010	0.000010	0.999890	0.000010	0.000010	0.000010	0.000010	0.000010	0.000010	LD_0.9_12_1432
QG3041	0.000010	0.000010	0.000010	0.000010	0.000010	0.999882	0.000010	0.000010	0.000018	0.000010	0.000010	0.000010	LD_0.9_12_1432
QG3053	0.000010	0.000010	0.508064	0.000010	0.000010	0.000010	0.000010	0.000010	0.491836	0.000010	0.000010	0.000010	LD_0.9_12_1432
QG3056	0.000010	0.000012	0.167550	0.000010	0.000010	0.596308	0.000010	0.000016	0.236043	0.000010	0.000010	0.000010	LD_0.9_12_1432
QG3057	0.000010	0.000010	0.000011	0.000010	0.000010	0.999879	0.000010	0.000010	0.000013	0.000010	0.000018	0.000010	LD_0.9_12_1432
QG3058	0.000010	0.000010	0.071774	0.000010	0.000010	0.928126	0.000010	0.000010	0.000010	0.000010	0.000010	0.000010	LD_0.9_12_1432
QG3527	0.000010	0.000010	0.652715	0.000010	0.000010	0.114923	0.000010	0.000010	0.232271	0.000010	0.000010	0.000010	LD_0.9_12_1432
QG3661	0.999890	0.000010	0.000010	0.000010	0.000010	0.000010	0.000010	0.000010	0.000010	0.000010	0.000010	0.000010	LD_0.9_12_1432
QG3783	0.000010	0.000010	0.643908	0.000017	0.000010	0.018315	0.000010	0.000010	0.337679	0.000010	0.000010	0.000010	LD_0.9_12_1432
QG3801	0.000010	0.000010	0.108743	0.000010	0.000010	0.891157	0.000010	0.000010	0.000010	0.000010	0.000010	0.000010	LD_0.9_12_1432
QG3815	0.000010	0.000010	0.835421	0.000010	0.000010	0.000010	0.000010	0.000010	0.164479	0.000010	0.000010	0.000010	LD_0.9_12_1432
QG3816	0.000011	0.000010	0.665450	0.000010	0.000010	0.010337	0.000010	0.000010	0.324114	0.000010	0.000018	0.000010	LD_0.9_12_1432
QG3823	0.000010	0.000010	0.093770	0.000010	0.000010	0.888880	0.013374	0.000010	0.000010	0.000010	0.003897	0.000010	LD_0.9_12_1432
QG3825	0.000010	0.000010	0.681673	0.000010	0.000010	0.000010	0.000010	0.000010	0.318227	0.000010	0.000010	0.000010	LD_0.9_12_1432
QG3826	0.000010	0.000010	0.671571	0.000010	0.000010	0.039419	0.000010	0.000010	0.288920	0.000010	0.000010	0.000010	LD_0.9_12_1432
QG3837	0.000010	0.000010	0.735241	0.000010	0.000010	0.000010	0.000010	0.000010	0.264659	0.000010	0.000010	0.000010	LD_0.9_12_1432
QG3851	0.000010	0.000010	0.664940	0.000010	0.000010	0.022899	0.000010	0.000010	0.312071	0.000010	0.000010	0.000010	LD_0.9_12_1432
QG3861	0.000010	0.000010	0.724714	0.000010	0.000010	0.000010	0.000010	0.000010	0.275186	0.000010	0.000010	0.000010	LD_0.9_12_1432
QG3867	0.000010	0.000010	0.136715	0.000010	0.000010	0.859755	0.000010	0.000010	0.003440	0.000010	0.000010	0.000010	LD_0.9_12_1432
QG3874	0.000010	0.000010	0.587763	0.000010	0.000010	0.000010	0.000010	0.000010	0.412137	0.000010	0.000010	0.000010	LD_0.9_12_1432
QG3875	0.000010	0.000010	0.948997	0.000010	0.000010	0.000010	0.000010	0.000010	0.050903	0.000010	0.000010	0.000010	LD_0.9_12_1432
QG3876	0.000010	0.000010	0.708031	0.000010	0.000010	0.004875	0.000010	0.000010	0.287003	0.000010	0.000010	0.000010	LD_0.9_12_1432
QG3878	0.000010	0.000010	0.930949	0.000010	0.000010	0.000010	0.000010	0.000010	0.068951	0.000010	0.000010	0.000010	LD_0.9_12_1432
QG3920	0.000010	0.000010	0.769077	0.000010	0.000010	0.000010	0.000010	0.000010	0.230823	0.000010	0.000010	0.000010	LD_0.9_12_1432
QG3921	0.000010	0.000010	0.713108	0.000010	0.000010	0.000010	0.000010	0.000010	0.286792	0.000010	0.000010	0.000010	LD_0.9_12_1432
QG3923	0.000010	0.000010	0.656547	0.000010	0.000010	0.000010	0.000010	0.000010	0.343353	0.000010	0.000010	0.000010	LD_0.9_12_1432
QG3924	0.000010	0.000010	0.636673	0.000010	0.000010	0.114843	0.000010	0.000010	0.248394	0.000010	0.000010	0.000010	LD_0.9_12_1432
QG3925	0.000010	0.000010	0.856313	0.000010	0.000010	0.000010	0.000010	0.000010	0.143587	0.000010	0.000010	0.000010	LD_0.9_12_1432
QG3926	0.000010	0.000010	0.868845	0.000010	0.000010	0.000010	0.000010	0.000010	0.131055	0.000010	0.000010	0.000010	LD_0.9_12_1432
QG3927	0.000010	0.000010	0.750312	0.000010	0.000010	0.000010	0.000010	0.000010	0.249588	0.000010	0.000010	0.000010	LD_0.9_12_1432
QG3931	0.000010	0.000010	0.937231	0.000010	0.000010	0.000010	0.000010	0.000010	0.062669	0.000010	0.000010	0.000010	LD_0.9_12_1432
QG3932	0.000010	0.000010	0.615626	0.000010	0.000010	0.000010	0.000010	0.000010	0.384274	0.000010	0.000010	0.000010	LD_0.9_12_1432
QG3933	0.000010	0.000010	0.367174	0.000010	0.000010	0.000010	0.000010	0.000010	0.632726	0.000010	0.000010	0.000010	LD_0.9_12_1432
QG4026	0.000010	0.000010	0.000010	0.000010	0.000010	0.000010	0.000010	0.000010	0.000010	0.999890	0.000010	0.000010	LD_0.9_12_1432
QG4028	0.000010	0.000010	0.000010	0.000010	0.000010	0.000010	0.000010	0.000010	0.000010	0.999890	0.000010	0.000010	LD_0.9_12_1432
QG4031	0.000010	0.000010	0.000010	0.000010	0.000010	0.000010	0.000010	0.000010	0.000010	0.999890	0.000010	0.000010	LD_0.9_12_1432
QG4063	0.000010	0.000013	0.000010	0.000010	0.000010	0.000010	0.000010	0.000010	0.000010	0.999887	0.000010	0.000010	LD_0.9_12_1432
QG4064	0.000010	0.000010	0.000010	0.000010	0.000010	0.000010	0.000010	0.000010	0.000010	0.999890	0.000010	0.000010	LD_0.9_12_1432
QG4067	0.000010	0.000010	0.000010	0.000010	0.000010	0.000010	0.000010	0.000010	0.000010	0.999890	0.000010	0.000010	LD_0.9_12_1432
QG4068	0.000010	0.000010	0.000010	0.000010	0.000010	0.000010	0.000011	0.000010	0.000010	0.999889	0.000010	0.000010	LD_0.9_12_1432
QG4070	0.000010	0.000010	0.000010	0.000010	0.000010	0.000010	0.000010	0.000010	0.999890	0.000010	0.000010	0.000010	LD_0.9_12_1432
QG4093	0.000010	0.000010	0.000016	0.000010	0.000010	0.000010	0.000010	0.000010	0.000010	0.999884	0.000010	0.000010	LD_0.9_12_1432
QG4094	0.000010	0.000010	0.000010	0.000012	0.000010	0.000010	0.000010	0.000010	0.000010	0.999888	0.000010	0.000010	LD_0.9_12_1432
QG4095	0.000010	0.000010	0.000010	0.000010	0.000010	0.000010	0.000010	0.000010	0.000010	0.999890	0.000010	0.000010	LD_0.9_12_1432
QG4096	0.000010	0.000010	0.000010	0.000010	0.000010	0.000010	0.000010	0.000010	0.000010	0.999890	0.000010	0.000010	LD_0.9_12_1432
QG4097	0.000010	0.000013	0.000010	0.000010	0.000010	0.000010	0.000010	0.000010	0.000010	0.999887	0.000010	0.000010	LD_0.9_12_1432
QG4104	0.000010	0.000010	0.000010	0.000010	0.000010	0.000010	0.000012	0.000010	0.000011	0.999887	0.000010	0.000010	LD_0.9_12_1432
QG4114	0.000011	0.000010	0.000010	0.000010	0.000010	0.000010	0.000010	0.000010	0.000011	0.999888	0.000010	0.000010	LD_0.9_12_1432
QG4131	0.000010	0.000010	0.000010	0.000010	0.000010	0.000010	0.000010	0.000010	0.000010	0.999890	0.000010	0.000010	LD_0.9_12_1432
QG4132	0.000010	0.000010	0.000010	0.000010	0.000010	0.000010	0.000010	0.000010	0.000010	0.999890	0.000010	0.000010	LD_0.9_12_1432
QG4208	0.000011	0.000010	0.000010	0.000011	0.000014	0.000013	0.000010	0.000010	0.000011	0.999880	0.000010	0.000010	LD_0.9_12_1432
QG4214	0.000017	0.000010	0.000010	0.000010	0.000010	0.000010	0.000010	0.000010	0.000010	0.999883	0.000010	0.000010	LD_0.9_12_1432
QG4225	0.000010	0.000010	0.000010	0.000010	0.000010	0.000010	0.000010	0.000010	0.000010	0.999890	0.000010	0.000010	LD_0.9_12_1432
QG4232	0.000011	0.000010	0.000010	0.000011	0.000010	0.000010	0.000010	0.000010	0.000010	0.999888	0.000010	0.000010	LD_0.9_12_1432
QG4233	0.000010	0.000010	0.000010	0.000012	0.000010	0.000010	0.000010	0.000010	0.000010	0.999888	0.000010	0.000010	LD_0.9_12_1432
QG4647	0.000010	0.000010	0.000010	0.000015	0.000010	0.000020	0.000010	0.000013	0.000011	0.000010	0.999871	0.000010	LD_0.9_12_1432
QG4648	0.000010	0.000010	0.000010	0.000010	0.000010	0.000010	0.000010	0.000010	0.992622	0.000010	0.007278	0.000010	LD_0.9_12_1432
QG4683	0.000010	0.000010	0.000010	0.000014	0.000010	0.000010	0.000013	0.000010	0.999883	0.000010	0.000010	0.000010	LD_0.9_12_1432
QG4701	0.000010	0.000010	0.000010	0.000010	0.000010	0.000010	0.000010	0.000010	0.425924	0.000010	0.573976	0.000010	LD_0.9_12_1432
QG4706	0.000010	0.000010	0.000010	0.000010	0.000010	0.000010	0.000010	0.000010	0.999890	0.000010	0.000010	0.000010	LD_0.9_12_1432
QG4718	0.000010	0.000010	0.000010	0.000010	0.000010	0.000010	0.000010	0.000010	0.999890	0.000010	0.000010	0.000010	LD_0.9_12_1432
QG4742	0.000010	0.000010	0.000010	0.000011	0.000010	0.000010	0.000010	0.000010	0.979116	0.000010	0.020783	0.000010	LD_0.9_12_1432
QG4805	0.000010	0.000010	0.000010	0.000010	0.000010	0.000010	0.000010	0.000010	0.000010	0.000010	0.999890	0.000010	LD_0.9_12_1432
QG4847	0.000010	0.000010	0.000017	0.000010	0.000010	0.000010	0.000010	0.000010	0.999883	0.000010	0.000010	0.000010	LD_0.9_12_1432
QG4966	0.000010	0.000010	0.000010	0.000010	0.000010	0.000010	0.000010	0.000010	0.999890	0.000010	0.000010	0.000010	LD_0.9_12_1432
QG5348	0.000010	0.000010	0.000010	0.000010	0.000010	0.000010	0.000010	0.000010	0.999890	0.000010	0.000010	0.000010	LD_0.9_12_1432
QG5406	0.000010	0.000010	0.000010	0.000010	0.000010	0.000010	0.000015	0.000010	0.999885	0.000010	0.000010	0.000010	LD_0.9_12_1432
QG547	0.999881	0.000010	0.000010	0.000019	0.000010	0.000010	0.000010	0.000010	0.000010	0.000010	0.000010	0.000010	LD_0.9_12_1432
QG5474	0.000010	0.000010	0.000010	0.000010	0.000010	0.000010	0.000010	0.000010	0.345661	0.000010	0.654239	0.000010	LD_0.9_12_1432
QG5488	0.000010	0.000010	0.000010	0.000010	0.000010	0.000010	0.000010	0.000010	0.999890	0.000010	0.000010	0.000010	LD_0.9_12_1432
QG550	0.000010	0.000010	0.003462	0.000010	0.000010	0.000010	0.629106	0.000010	0.300403	0.000010	0.066949	0.000010	LD_0.9_12_1432
QG5507	0.000013	0.000010	0.000010	0.000010	0.000010	0.000010	0.000010	0.000010	0.798674	0.000010	0.201224	0.000010	LD_0.9_12_1432
QG5525	0.000010	0.000010	0.000010	0.000011	0.000010	0.000010	0.000010	0.000010	0.999889	0.000010	0.000010	0.000010	LD_0.9_12_1432
QG5589	0.000010	0.000010	0.000010	0.000010	0.000010	0.000010	0.000010	0.000010	0.163225	0.000010	0.836675	0.000010	LD_0.9_12_1432
QG5603	0.000010	0.000010	0.000010	0.000014	0.000010	0.000010	0.000010	0.000010	0.336699	0.000010	0.663196	0.000010	LD_0.9_12_1432
QG5611	0.000010	0.000010	0.000010	0.000010	0.000010	0.000010	0.000010	0.000010	0.999890	0.000010	0.000010	0.000010	LD_0.9_12_1432
QG5612	0.000010	0.000010	0.118072	0.000010	0.000010	0.000010	0.000010	0.000010	0.881828	0.000010	0.000010	0.000010	LD_0.9_12_1432
QG5633	0.000010	0.000010	0.000010	0.000010	0.000010	0.000010	0.000010	0.000010	0.987345	0.000010	0.012555	0.000010	LD_0.9_12_1432
QG581	0.999890	0.000010	0.000010	0.000010	0.000010	0.000010	0.000010	0.000010	0.000010	0.000010	0.000010	0.000010	LD_0.9_12_1432
QG588	0.999890	0.000010	0.000010	0.000010	0.000010	0.000010	0.000010	0.000010	0.000010	0.000010	0.000010	0.000010	LD_0.9_12_1432
QG700	0.000010	0.000010	0.204852	0.000010	0.000010	0.795048	0.000010	0.000010	0.000010	0.000010	0.000010	0.000010	LD_0.9_12_1432
QG727	0.000010	0.000010	0.000010	0.000010	0.000010	0.999890	0.000010	0.000010	0.000010	0.000010	0.000010	0.000010	LD_0.9_12_1432
QG733	0.000010	0.000010	0.000010	0.000010	0.000010	0.999890	0.000010	0.000010	0.000010	0.000010	0.000010	0.000010	LD_0.9_12_1432
QG736	0.000010	0.000010	0.000017	0.000010	0.000010	0.999883	0.000010	0.000010	0.000010	0.000010	0.000010	0.000010	LD_0.9_12_1432
QG737	0.000010	0.000010	0.000010	0.000010	0.000010	0.999890	0.000010	0.000010	0.000010	0.000010	0.000010	0.000010	LD_0.9_12_1432
QG739	0.000010	0.000010	0.000010	0.000010	0.000010	0.999890	0.000010	0.000010	0.000010	0.000010	0.000010	0.000010	LD_0.9_12_1432
QG761	0.000010	0.000010	0.294844	0.000010	0.000010	0.705047	0.000010	0.000010	0.000019	0.000010	0.000010	0.000010	LD_0.9_12_1432
QG763	0.000010	0.000010	0.060941	0.000010	0.000010	0.938959	0.000010	0.000010	0.000010	0.000010	0.000010	0.000010	LD_0.9_12_1432
QG776	0.000010	0.000010	0.024133	0.000010	0.000010	0.975767	0.000010	0.000010	0.000010	0.000010	0.000010	0.000010	LD_0.9_12_1432
QG781	0.000010	0.000010	0.000010	0.000010	0.000010	0.999890	0.000010	0.000010	0.000010	0.000010	0.000010	0.000010	LD_0.9_12_1432
QG784	0.000010	0.000010	0.000010	0.000010	0.000010	0.999886	0.000010	0.000010	0.000014	0.000010	0.000010	0.000010	LD_0.9_12_1432
QG786	0.000010	0.000010	0.000010	0.000010	0.000010	0.999879	0.000010	0.000010	0.000014	0.000010	0.000017	0.000010	LD_0.9_12_1432
QG788	0.000010	0.000010	0.000014	0.000010	0.000010	0.999886	0.000010	0.000010	0.000010	0.000010	0.000010	0.000010	LD_0.9_12_1432
QG790	0.000010	0.000010	0.000010	0.000010	0.000010	0.999888	0.000010	0.000010	0.000010	0.000010	0.000012	0.000010	LD_0.9_12_1432
QG791	0.000010	0.000010	0.000010	0.000010	0.000010	0.943027	0.000010	0.000010	0.056873	0.000010	0.000010	0.000010	LD_0.9_12_1432
QG795	0.000010	0.000010	0.332763	0.000010	0.000010	0.667137	0.000010	0.000010	0.000010	0.000010	0.000010	0.000010	LD_0.9_12_1432
QG797	0.000010	0.000010	0.000010	0.000010	0.000010	0.999890	0.000010	0.000010	0.000010	0.000010	0.000010	0.000010	LD_0.9_12_1432
QG802	0.000010	0.000010	0.000010	0.000010	0.000010	0.999890	0.000010	0.000010	0.000010	0.000010	0.000010	0.000010	LD_0.9_12_1432
QG804	0.000010	0.000010	0.000010	0.000010	0.000010	0.999890	0.000010	0.000010	0.000010	0.000010	0.000010	0.000010	LD_0.9_12_1432
QG806	0.000010	0.000010	0.000010	0.000010	0.000010	0.999886	0.000010	0.000010	0.000010	0.000010	0.000014	0.000010	LD_0.9_12_1432
QG807	0.000010	0.000010	0.000010	0.000010	0.000010	0.999885	0.000010	0.000010	0.000015	0.000010	0.000010	0.000010	LD_0.9_12_1432
QG808	0.000010	0.000010	0.000010	0.000010	0.000010	0.959051	0.000010	0.000010	0.040849	0.000010	0.000010	0.000010	LD_0.9_12_1432
QG809	0.000010	0.000010	0.000010	0.000010	0.000010	0.999890	0.000010	0.000010	0.000010	0.000010	0.000010	0.000010	LD_0.9_12_1432
QG825	0.000010	0.000010	0.000010	0.000010	0.000010	0.999890	0.000010	0.000010	0.000010	0.000010	0.000010	0.000010	LD_0.9_12_1432
QG827	0.000010	0.000010	0.000010	0.000010	0.000010	0.999890	0.000010	0.000010	0.000010	0.000010	0.000010	0.000010	LD_0.9_12_1432
QG828	0.000010	0.000010	0.000010	0.000010	0.000010	0.999888	0.000010	0.000010	0.000012	0.000010	0.000010	0.000010	LD_0.9_12_1432
QG833	0.000010	0.000010	0.000010	0.000010	0.000010	0.971947	0.000010	0.000010	0.027953	0.000010	0.000010	0.000010	LD_0.9_12_1432
QG855	0.000010	0.000010	0.000010	0.000010	0.000010	0.969252	0.000010	0.000010	0.030648	0.000010	0.000010	0.000010	LD_0.9_12_1432
QG856	0.000010	0.000010	0.000018	0.000010	0.000010	0.999882	0.000010	0.000010	0.000010	0.000010	0.000010	0.000010	LD_0.9_12_1432
QG858	0.000010	0.000010	0.000015	0.000010	0.000010	0.999885	0.000010	0.000010	0.000010	0.000010	0.000010	0.000010	LD_0.9_12_1432
QG860	0.000010	0.000010	0.252204	0.000010	0.000010	0.747690	0.000010	0.000010	0.000015	0.000010	0.000010	0.000010	LD_0.9_12_1432
QG864	0.000010	0.000010	0.000013	0.000010	0.000010	0.999887	0.000010	0.000010	0.000010	0.000010	0.000010	0.000010	LD_0.9_12_1432
QG865	0.000010	0.000010	0.000010	0.000010	0.000010	0.999890	0.000010	0.000010	0.000010	0.000010	0.000010	0.000010	LD_0.9_12_1432
QG866	0.000010	0.000010	0.000018	0.000010	0.000010	0.999882	0.000010	0.000010	0.000010	0.000010	0.000010	0.000010	LD_0.9_12_1432
QG868	0.000010	0.000010	0.065650	0.000010	0.000010	0.925626	0.000010	0.000010	0.008634	0.000010	0.000010	0.000010	LD_0.9_12_1432
QG874	0.000010	0.000010	0.000010	0.000010	0.000010	0.999890	0.000010	0.000010	0.000010	0.000010	0.000010	0.000010	LD_0.9_12_1432
QG875	0.000010	0.000010	0.000010	0.000010	0.000010	0.999890	0.000010	0.000010	0.000010	0.000010	0.000010	0.000010	LD_0.9_12_1432
QG878	0.000010	0.000010	0.000010	0.000010	0.000010	0.999890	0.000010	0.000010	0.000010	0.000010	0.000010	0.000010	LD_0.9_12_1432
QG879	0.000010	0.000010	0.000010	0.000010	0.000010	0.999890	0.000010	0.000010	0.000010	0.000010	0.000010	0.000010	LD_0.9_12_1432
QG880	0.000010	0.000010	0.000014	0.000010	0.000010	0.999886	0.000010	0.000010	0.000010	0.000010	0.000010	0.000010	LD_0.9_12_1432
QG881	0.000010	0.000010	0.291076	0.000010	0.000010	0.708824	0.000010	0.000010	0.000010	0.000010	0.000010	0.000010	LD_0.9_12_1432
QG887	0.000010	0.000010	0.000010	0.000010	0.000010	0.999890	0.000010	0.000010	0.000010	0.000010	0.000010	0.000010	LD_0.9_12_1432
QG888	0.000010	0.000010	0.000010	0.000010	0.000010	0.999890	0.000010	0.000010	0.000010	0.000010	0.000010	0.000010	LD_0.9_12_1432
QG926	0.000010	0.000010	0.000010	0.000010	0.000010	0.999890	0.000010	0.000010	0.000010	0.000010	0.000010	0.000010	LD_0.9_12_1432
QG927	0.000010	0.000010	0.000010	0.000010	0.000010	0.075195	0.000010	0.000010	0.924705	0.000010	0.000010	0.000010	LD_0.9_12_1432
QG933	0.000010	0.000010	0.000010	0.000010	0.000010	0.999890	0.000010	0.000010	0.000010	0.000010	0.000010	0.000010	LD_0.9_12_1432
QG937	0.000010	0.000010	0.000010	0.000010	0.000010	0.999888	0.000010	0.000010	0.000012	0.000010	0.000010	0.000010	LD_0.9_12_1432
QG945	0.000010	0.000010	0.000010	0.000010	0.000010	0.999890	0.000010	0.000010	0.000010	0.000010	0.000010	0.000010	LD_0.9_12_1432
QG946	0.000010	0.000010	0.000010	0.000010	0.000010	0.999890	0.000010	0.000010	0.000010	0.000010	0.000010	0.000010	LD_0.9_12_1432
QG947	0.000010	0.000010	0.000010	0.000010	0.000010	0.999883	0.000010	0.000010	0.000017	0.000010	0.000010	0.000010	LD_0.9_12_1432
QG948	0.000010	0.000010	0.000010	0.000010	0.000010	0.987588	0.000010	0.000010	0.012312	0.000010	0.000010	0.000010	LD_0.9_12_1432
QG952	0.000010	0.000010	0.059326	0.000010	0.000010	0.912671	0.000010	0.000010	0.027914	0.000010	0.000010	0.000010	LD_0.9_12_1432
QG978	0.000010	0.000010	0.132124	0.000010	0.000010	0.867776	0.000010	0.000010	0.000010	0.000010	0.000010	0.000010	LD_0.9_12_1432
QG980	0.000010	0.000010	0.000010	0.000010	0.000010	0.999887	0.000010	0.000010	0.000013	0.000010	0.000010	0.000010	LD_0.9_12_1432
QG986	0.000010	0.000010	0.000010	0.000010	0.000010	0.958728	0.000010	0.000010	0.041172	0.000010	0.000010	0.000010	LD_0.9_12_1432
QG991	0.000010	0.000010	0.000010	0.000010	0.000010	0.999890	0.000010	0.000010	0.000010	0.000010	0.000010	0.000010	LD_0.9_12_1432
QG994	0.000010	0.000010	0.000010	0.000010	0.000010	0.999890	0.000010	0.000010	0.000010	0.000010	0.000010	0.000010	LD_0.9_12_1432
QG995	0.000010	0.000010	0.000010	0.000010	0.000010	0.999890	0.000010	0.000010	0.000010	0.000010	0.000010	0.000010	LD_0.9_12_1432
QG997	0.000010	0.000010	0.000010	0.000010	0.000010	0.999881	0.000010	0.000010	0.000019	0.000010	0.000010	0.000010	LD_0.9_12_1432
QG998	0.000010	0.000010	0.000010	0.000010	0.000010	0.999889	0.000010	0.000010	0.000011	0.000010	0.000010	0.000010	LD_0.9_12_1432
QR25	0.222527	0.000010	0.000010	0.761651	0.000010	0.000010	0.000010	0.000010	0.015733	0.000010	0.000010	0.000010	LD_0.9_12_1432
QX1410	0.000010	0.000010	0.782305	0.000010	0.000013	0.000010	0.000010	0.000010	0.217593	0.000010	0.000010	0.000010	LD_0.9_12_1432
QX1547	0.999890	0.000010	0.000010	0.000010	0.000010	0.000010	0.000010	0.000010	0.000010	0.000010	0.000010	0.000010	LD_0.9_12_1432
QX1795	0.000010	0.000010	0.129932	0.000010	0.000010	0.000010	0.000010	0.000010	0.869968	0.000010	0.000010	0.000010	LD_0.9_12_1432
QX1796	0.000010	0.000010	0.000010	0.000010	0.000010	0.000010	0.000010	0.000010	0.999890	0.000010	0.000010	0.000010	LD_0.9_12_1432
QX1798	0.000010	0.560845	0.000010	0.000010	0.000010	0.000010	0.000010	0.000010	0.000010	0.000010	0.000010	0.439055	LD_0.9_12_1432
QX1800	0.000010	0.000010	0.000012	0.000010	0.000010	0.000010	0.000010	0.000010	0.999888	0.000010	0.000010	0.000010	LD_0.9_12_1432
QX1801	0.000010	0.000010	0.000010	0.000010	0.000010	0.000010	0.000010	0.000010	0.999890	0.000010	0.000010	0.000010	LD_0.9_12_1432
QX1802	0.000010	0.000010	0.000010	0.000010	0.000010	0.000010	0.000010	0.000010	0.999890	0.000010	0.000010	0.000010	LD_0.9_12_1432
QX1803	0.000010	0.000010	0.000010	0.000010	0.000010	0.000010	0.000010	0.000010	0.999890	0.000010	0.000010	0.000010	LD_0.9_12_1432
QX1804	0.000010	0.000010	0.000010	0.000010	0.000010	0.000010	0.000010	0.000010	0.999890	0.000010	0.000010	0.000010	LD_0.9_12_1432
SOW18	0.999876	0.000013	0.000010	0.000015	0.000015	0.000010	0.000010	0.000011	0.000010	0.000010	0.000010	0.000010	LD_0.9_12_1432
SOW21	0.999890	0.000010	0.000010	0.000010	0.000010	0.000010	0.000010	0.000010	0.000010	0.000010	0.000010	0.000010	LD_0.9_12_1432
SOW22	0.999890	0.000010	0.000010	0.000010	0.000010	0.000010	0.000010	0.000010	0.000010	0.000010	0.000010	0.000010	LD_0.9_12_1432
TT3408	0.000010	0.000010	0.000012	0.000010	0.000010	0.000010	0.000010	0.000010	0.999888	0.000010	0.000010	0.000010	LD_0.9_12_1432
TT3411	0.000010	0.000010	0.000010	0.000010	0.000010	0.000010	0.000010	0.000010	0.999890	0.000010	0.000010	0.000010	LD_0.9_12_1432
TWN1772	0.000010	0.000010	0.000010	0.000010	0.000010	0.000010	0.000010	0.000010	0.000010	0.000010	0.000010	0.999890	LD_0.9_12_1432
TWN1824	0.000010	0.000010	0.000010	0.000010	0.000010	0.000010	0.000010	0.999890	0.000010	0.000010	0.000010	0.000010	LD_0.9_12_1432
TWN1899	0.000010	0.000010	0.000010	0.000010	0.000010	0.000010	0.000010	0.999890	0.000010	0.000010	0.000010	0.000010	LD_0.9_12_1432
TWN1907	0.000010	0.999884	0.000010	0.000010	0.000011	0.000015	0.000011	0.000010	0.000010	0.000010	0.000010	0.000010	LD_0.9_12_1432
TWN2919	0.000010	0.999890	0.000010	0.000010	0.000010	0.000010	0.000010	0.000010	0.000010	0.000010	0.000010	0.000010	LD_0.9_12_1432
TWN3077	0.000010	0.057424	0.000010	0.000010	0.000010	0.000010	0.000010	0.000010	0.000010	0.000010	0.000010	0.942476	LD_0.9_12_1432
UH1	0.000010	0.453481	0.000010	0.000010	0.000017	0.000010	0.000010	0.000010	0.000010	0.000010	0.000010	0.546413	LD_0.9_12_1432
VSL2201	0.000010	0.000010	0.000010	0.000011	0.000011	0.000010	0.688440	0.000010	0.311458	0.000010	0.000010	0.000010	LD_0.9_12_1432
VSL2207	0.000010	0.000010	0.000010	0.000010	0.000010	0.000010	0.000010	0.000010	0.000010	0.999890	0.000010	0.000010	LD_0.9_12_1432
VSL2209	0.000010	0.000010	0.000010	0.000010	0.000010	0.000010	0.000010	0.000010	0.000010	0.999890	0.000010	0.000010	LD_0.9_12_1432
VSL2210	0.000014	0.000010	0.002661	0.000010	0.000010	0.000010	0.000011	0.000010	0.997233	0.000010	0.000010	0.000010	LD_0.9_12_1432
VSL2212	0.000010	0.000010	0.000010	0.000010	0.000010	0.000010	0.000010	0.000010	0.999890	0.000010	0.000010	0.000010	LD_0.9_12_1432
VSL2213	0.000010	0.000010	0.000010	0.000010	0.000010	0.000010	0.999890	0.000010	0.000010	0.000010	0.000010	0.000010	LD_0.9_12_1432
VSL2215	0.000010	0.000010	0.000010	0.000010	0.000010	0.000010	0.917103	0.000010	0.082797	0.000010	0.000010	0.000010	LD_0.9_12_1432
VSL2216	0.000010	0.000010	0.000010	0.000010	0.000010	0.000010	0.999890	0.000010	0.000010	0.000010	0.000010	0.000010	LD_0.9_12_1432
VSL2217	0.000010	0.000010	0.000011	0.000010	0.000010	0.000010	0.000010	0.000010	0.000010	0.000010	0.999889	0.000010	LD_0.9_12_1432
VSL2219	0.000010	0.000010	0.000010	0.000010	0.000010	0.000010	0.000010	0.000010	0.999890	0.000010	0.000010	0.000010	LD_0.9_12_1432
VT847	0.000010	0.000010	0.082612	0.000012	0.000010	0.000010	0.000010	0.000015	0.917273	0.000010	0.000017	0.000010	LD_0.9_12_1432
VX34	0.000010	0.000010	0.000010	0.999890	0.000010	0.000010	0.000010	0.000010	0.000010	0.000010	0.000010	0.000010	LD_0.9_12_1432
XZ1204	0.000018	0.000010	0.018301	0.000010	0.000010	0.000014	0.479124	0.000010	0.502472	0.000010	0.000010	0.000010	LD_0.9_12_1432
XZ1205	0.000010	0.000010	0.000010	0.000010	0.000010	0.000010	0.999890	0.000010	0.000010	0.000010	0.000010	0.000010	LD_0.9_12_1432
XZ1206	0.000010	0.000010	0.000010	0.000010	0.000010	0.000010	0.999890	0.000010	0.000010	0.000010	0.000010	0.000010	LD_0.9_12_1432
XZ1207	0.000010	0.000010	0.046338	0.000010	0.000010	0.000010	0.012857	0.000010	0.940715	0.000010	0.000010	0.000010	LD_0.9_12_1432
XZ1210	0.000010	0.000010	0.117445	0.000010	0.000010	0.000010	0.000010	0.000010	0.882455	0.000010	0.000010	0.000010	LD_0.9_12_1432
XZ1212	0.000010	0.000010	0.072215	0.000010	0.000010	0.000010	0.000014	0.000010	0.927681	0.000010	0.000010	0.000010	LD_0.9_12_1432
XZ1213	0.000010	0.000010	0.000010	0.000010	0.000010	0.000010	0.000010	0.000010	0.999890	0.000010	0.000010	0.000010	LD_0.9_12_1432
XZ1731	0.000010	0.000010	0.102979	0.000010	0.000010	0.000010	0.000020	0.000010	0.896912	0.000010	0.000010	0.000010	LD_0.9_12_1432
XZ1732	0.000010	0.000010	0.341384	0.000010	0.000010	0.000012	0.000010	0.000010	0.658505	0.000010	0.000018	0.000010	LD_0.9_12_1432
ZZY0992	0.000010	0.000010	0.000010	0.000010	0.000010	0.000014	0.000011	0.000010	0.000010	0.000010	0.999884	0.000010	LD_0.9_12_1432
ZZY1034	0.000010	0.000010	0.000012	0.000010	0.000010	0.000010	0.000010	0.000010	0.999888	0.000010	0.000010	0.000010	LD_0.9_12_1432
ZZY1075	0.000010	0.000010	0.000012	0.000010	0.000010	0.000010	0.000010	0.000010	0.999888	0.000010	0.000010	0.000010	LD_0.9_12_1432
ZZY1123	0.000013	0.000010	0.000010	0.000013	0.000010	0.000011	0.000013	0.000010	0.000018	0.000010	0.999871	0.000010	LD_0.9_12_1432
ZZY1130	0.000010	0.000010	0.000012	0.000010	0.000010	0.000010	0.000010	0.000010	0.999888	0.000010	0.000010	0.000010	LD_0.9_12_1432
ZZY405	0.000010	0.000010	0.000012	0.000010	0.000010	0.000010	0.000010	0.000010	0.999888	0.000010	0.000010	0.000010	LD_0.9_12_1432
AF16	0.000010	0.000010	0.000010	0.000010	0.000010	0.000010	0.000010	0.000010	0.999890	0.000010	0.000010	0.000010	LD_0.9_12_1468
BRC20069	0.000012	0.000010	0.000010	0.000010	0.000010	0.000010	0.000010	0.000010	0.971253	0.000010	0.000010	0.028645	LD_0.9_12_1468
BRC20073	0.000010	0.000010	0.000010	0.000010	0.000010	0.000010	0.000010	0.000010	0.999890	0.000010	0.000010	0.000010	LD_0.9_12_1468
BRC20075	0.000010	0.000010	0.000010	0.000010	0.999881	0.000012	0.000016	0.000010	0.000010	0.000011	0.000010	0.000010	LD_0.9_12_1468
BRC20077	0.000010	0.000010	0.000010	0.000010	0.000010	0.000010	0.000010	0.000010	0.930643	0.000010	0.000010	0.069257	LD_0.9_12_1468
BRC20081	0.000010	0.999890	0.000010	0.000010	0.000010	0.000010	0.000010	0.000010	0.000010	0.000010	0.000010	0.000010	LD_0.9_12_1468
BRC20085	0.417128	0.000010	0.052430	0.000010	0.000010	0.000010	0.000010	0.000010	0.530352	0.000010	0.000010	0.000010	LD_0.9_12_1468
BRC20088	0.000010	0.999890	0.000010	0.000010	0.000010	0.000010	0.000010	0.000010	0.000010	0.000010	0.000010	0.000010	LD_0.9_12_1468
BRC20089	0.000010	0.000010	0.000010	0.000010	0.000010	0.000010	0.000010	0.000010	0.999890	0.000010	0.000010	0.000010	LD_0.9_12_1468
BRC20090	0.105774	0.000010	0.000010	0.000010	0.000010	0.000010	0.000010	0.000010	0.894126	0.000010	0.000010	0.000010	LD_0.9_12_1468
BRC20092	0.370838	0.000010	0.115464	0.000010	0.000010	0.000010	0.000010	0.000010	0.513608	0.000010	0.000010	0.000010	LD_0.9_12_1468
BRC20093	0.000010	0.000010	0.000010	0.000010	0.000010	0.000010	0.000010	0.000010	0.999890	0.000010	0.000010	0.000010	LD_0.9_12_1468
BRC20094	0.366874	0.000010	0.141556	0.000010	0.000010	0.000010	0.000010	0.000010	0.491480	0.000010	0.000010	0.000010	LD_0.9_12_1468
BRC20095	0.000010	0.000010	0.000011	0.000015	0.000010	0.000010	0.000010	0.000010	0.999884	0.000010	0.000010	0.000010	LD_0.9_12_1468
BRC20096	0.000010	0.000010	0.000010	0.000010	0.000010	0.000010	0.000010	0.000010	0.999890	0.000010	0.000010	0.000010	LD_0.9_12_1468
BRC20098	0.000010	0.000010	0.000010	0.000010	0.000010	0.000010	0.000010	0.000010	0.999890	0.000010	0.000010	0.000010	LD_0.9_12_1468
BRC20099	0.000010	0.000010	0.000010	0.000010	0.000010	0.000010	0.000010	0.000010	0.999890	0.000010	0.000010	0.000010	LD_0.9_12_1468
BRC20100	0.000010	0.000010	0.000010	0.000010	0.000010	0.000010	0.000010	0.000010	0.999890	0.000010	0.000010	0.000010	LD_0.9_12_1468
BRC20102	0.000010	0.000010	0.000010	0.000010	0.000010	0.000010	0.000010	0.000010	0.999890	0.000010	0.000010	0.000010	LD_0.9_12_1468
BRC20103	0.000010	0.000010	0.000010	0.000010	0.000010	0.000010	0.000010	0.000010	0.999890	0.000010	0.000010	0.000010	LD_0.9_12_1468
BRC20105	0.440957	0.000010	0.076519	0.000010	0.000010	0.000010	0.000010	0.000010	0.482434	0.000010	0.000010	0.000010	LD_0.9_12_1468
BRC20107	0.401256	0.000010	0.108919	0.000010	0.000010	0.000010	0.000010	0.000010	0.489735	0.000010	0.000010	0.000010	LD_0.9_12_1468
BRC20115	0.000010	0.000010	0.000013	0.999886	0.000010	0.000010	0.000010	0.000010	0.000010	0.000012	0.000010	0.000010	LD_0.9_12_1468
BRC20119	0.762438	0.000010	0.000010	0.000010	0.000010	0.000010	0.000010	0.000010	0.237462	0.000010	0.000010	0.000010	LD_0.9_12_1468
BRC20228	0.000010	0.000010	0.000010	0.000010	0.000010	0.000010	0.000010	0.000010	0.999890	0.000010	0.000010	0.000010	LD_0.9_12_1468
BRC20229	0.000010	0.000010	0.000010	0.000010	0.999885	0.000010	0.000010	0.000010	0.000010	0.000015	0.000010	0.000010	LD_0.9_12_1468
BRC20230	0.000010	0.999890	0.000010	0.000010	0.000010	0.000010	0.000010	0.000010	0.000010	0.000010	0.000010	0.000010	LD_0.9_12_1468
BRC20232	0.000010	0.000010	0.000010	0.000010	0.999890	0.000010	0.000010	0.000010	0.000010	0.000010	0.000010	0.000010	LD_0.9_12_1468
BRC20238	0.000010	0.999890	0.000010	0.000010	0.000010	0.000010	0.000010	0.000010	0.000010	0.000010	0.000010	0.000010	LD_0.9_12_1468
BRC20239	0.000010	0.000010	0.000010	0.000010	0.999885	0.000010	0.000010	0.000010	0.000010	0.000015	0.000010	0.000010	LD_0.9_12_1468
BRC20241	0.082779	0.000010	0.000010	0.000010	0.000010	0.000010	0.000010	0.000010	0.917120	0.000010	0.000011	0.000010	LD_0.9_12_1468
BRC20242	0.008847	0.000010	0.000017	0.000010	0.000010	0.000010	0.000010	0.000010	0.991046	0.000010	0.000010	0.000010	LD_0.9_12_1468
BRC20244	0.000010	0.999890	0.000010	0.000010	0.000010	0.000010	0.000010	0.000010	0.000010	0.000010	0.000010	0.000010	LD_0.9_12_1468
BRC20246	0.000010	0.999883	0.000010	0.000010	0.000014	0.000012	0.000010	0.000010	0.000010	0.000010	0.000010	0.000010	LD_0.9_12_1468
BRC20257	0.933393	0.000010	0.000010	0.000012	0.000010	0.000010	0.000010	0.000010	0.000010	0.000010	0.000010	0.066505	LD_0.9_12_1468
BRC20260	0.000010	0.000010	0.000010	0.000010	0.000010	0.000010	0.000010	0.000010	0.999890	0.000010	0.000010	0.000010	LD_0.9_12_1468
BRC20270	0.000010	0.999890	0.000010	0.000010	0.000010	0.000010	0.000010	0.000010	0.000010	0.000010	0.000010	0.000010	LD_0.9_12_1468
BRC20272	0.000010	0.999890	0.000010	0.000010	0.000010	0.000010	0.000010	0.000010	0.000010	0.000010	0.000010	0.000010	LD_0.9_12_1468
BRC20289	0.000010	0.999889	0.000010	0.000010	0.000011	0.000010	0.000010	0.000010	0.000010	0.000010	0.000010	0.000010	LD_0.9_12_1468
BRC20290	0.000010	0.999890	0.000010	0.000010	0.000010	0.000010	0.000010	0.000010	0.000010	0.000010	0.000010	0.000010	LD_0.9_12_1468
BRC20294	0.014853	0.000011	0.000010	0.000013	0.000010	0.000010	0.000010	0.000010	0.985043	0.000010	0.000010	0.000010	LD_0.9_12_1468
BRC20308	0.000010	0.999890	0.000010	0.000010	0.000010	0.000010	0.000010	0.000010	0.000010	0.000010	0.000010	0.000010	LD_0.9_12_1468
BRC20309	0.000010	0.999890	0.000010	0.000010	0.000010	0.000010	0.000010	0.000010	0.000010	0.000010	0.000010	0.000010	LD_0.9_12_1468
BRC20311	0.000010	0.999890	0.000010	0.000010	0.000010	0.000010	0.000010	0.000010	0.000010	0.000010	0.000010	0.000010	LD_0.9_12_1468
BRC20312	0.000010	0.999890	0.000010	0.000010	0.000010	0.000010	0.000010	0.000010	0.000010	0.000010	0.000010	0.000010	LD_0.9_12_1468
BRC20315	0.000010	0.999887	0.000010	0.000013	0.000010	0.000011	0.000010	0.000010	0.000010	0.000010	0.000010	0.000010	LD_0.9_12_1468
BRC20320	0.000010	0.999890	0.000010	0.000010	0.000010	0.000010	0.000010	0.000010	0.000010	0.000010	0.000010	0.000010	LD_0.9_12_1468
BRC20324	0.000010	0.000010	0.000010	0.000010	0.642311	0.000010	0.000010	0.000010	0.357589	0.000010	0.000010	0.000010	LD_0.9_12_1468
BRC20331	0.000010	0.999890	0.000010	0.000010	0.000010	0.000010	0.000010	0.000010	0.000010	0.000010	0.000010	0.000010	LD_0.9_12_1468
BRC20333	0.000010	0.999889	0.000010	0.000010	0.000011	0.000010	0.000010	0.000010	0.000010	0.000010	0.000010	0.000010	LD_0.9_12_1468
BRC20334	0.000010	0.999890	0.000010	0.000010	0.000010	0.000010	0.000010	0.000010	0.000010	0.000010	0.000010	0.000010	LD_0.9_12_1468
BRC20339	0.000010	0.999890	0.000010	0.000010	0.000010	0.000010	0.000010	0.000010	0.000010	0.000010	0.000010	0.000010	LD_0.9_12_1468
BRC20341	0.000010	0.999890	0.000010	0.000010	0.000010	0.000010	0.000010	0.000010	0.000010	0.000010	0.000010	0.000010	LD_0.9_12_1468
BRC20343	0.000010	0.000010	0.000010	0.000010	0.999890	0.000010	0.000010	0.000010	0.000010	0.000010	0.000010	0.000010	LD_0.9_12_1468
BRC20346	0.000010	0.999890	0.000010	0.000010	0.000010	0.000010	0.000010	0.000010	0.000010	0.000010	0.000010	0.000010	LD_0.9_12_1468
BRC20347	0.000010	0.000010	0.000010	0.000010	0.999890	0.000010	0.000010	0.000010	0.000010	0.000010	0.000010	0.000010	LD_0.9_12_1468
BRC20348	0.000010	0.999890	0.000010	0.000010	0.000010	0.000010	0.000010	0.000010	0.000010	0.000010	0.000010	0.000010	LD_0.9_12_1468
BRC20353	0.000010	0.000010	0.999890	0.000010	0.000010	0.000010	0.000010	0.000010	0.000010	0.000010	0.000010	0.000010	LD_0.9_12_1468
BRC20360	0.000010	0.000010	0.999890	0.000010	0.000010	0.000010	0.000010	0.000010	0.000010	0.000010	0.000010	0.000010	LD_0.9_12_1468
BRC20361	0.000010	0.000010	0.999890	0.000010	0.000010	0.000010	0.000010	0.000010	0.000010	0.000010	0.000010	0.000010	LD_0.9_12_1468
BRC20362	0.000010	0.000010	0.999890	0.000010	0.000010	0.000010	0.000010	0.000010	0.000010	0.000010	0.000010	0.000010	LD_0.9_12_1468
BRC20366	0.000010	0.999890	0.000010	0.000010	0.000010	0.000010	0.000010	0.000010	0.000010	0.000010	0.000010	0.000010	LD_0.9_12_1468
BRC20367	0.000010	0.999890	0.000010	0.000010	0.000010	0.000010	0.000010	0.000010	0.000010	0.000010	0.000010	0.000010	LD_0.9_12_1468
BRC20369	0.000012	0.000010	0.000010	0.000010	0.000010	0.000010	0.000010	0.000010	0.999888	0.000010	0.000010	0.000010	LD_0.9_12_1468
BRC20370	0.000010	0.999890	0.000010	0.000010	0.000010	0.000010	0.000010	0.000010	0.000010	0.000010	0.000010	0.000010	LD_0.9_12_1468
BRC20388	0.000010	0.000010	0.000010	0.000010	0.000010	0.999883	0.000010	0.000010	0.000010	0.000017	0.000010	0.000010	LD_0.9_12_1468
BRC20390	0.000010	0.999890	0.000010	0.000010	0.000010	0.000010	0.000010	0.000010	0.000010	0.000010	0.000010	0.000010	LD_0.9_12_1468
BRC20401	0.000010	0.000010	0.000010	0.000010	0.000010	0.000010	0.000010	0.000010	0.999890	0.000010	0.000010	0.000010	LD_0.9_12_1468
BRC20463	0.000010	0.999890	0.000010	0.000010	0.000010	0.000010	0.000010	0.000010	0.000010	0.000010	0.000010	0.000010	LD_0.9_12_1468
BRC20492	0.000010	0.000010	0.000012	0.999888	0.000010	0.000010	0.000010	0.000010	0.000010	0.000010	0.000010	0.000010	LD_0.9_12_1468
BRC20499	0.000010	0.999890	0.000010	0.000010	0.000010	0.000010	0.000010	0.000010	0.000010	0.000010	0.000010	0.000010	LD_0.9_12_1468
BRC20501	0.000010	0.999890	0.000010	0.000010	0.000010	0.000010	0.000010	0.000010	0.000010	0.000010	0.000010	0.000010	LD_0.9_12_1468
BRC20502	0.000010	0.000017	0.000010	0.000010	0.000010	0.000010	0.000010	0.000010	0.000010	0.999883	0.000010	0.000010	LD_0.9_12_1468
BRC20503	0.000010	0.000010	0.000010	0.000010	0.000010	0.000010	0.000010	0.000010	0.000010	0.999890	0.000010	0.000010	LD_0.9_12_1468
BRC20519	0.000010	0.000011	0.000010	0.999889	0.000010	0.000010	0.000010	0.000010	0.000010	0.000010	0.000010	0.000010	LD_0.9_12_1468
BRC20520	0.000010	0.000013	0.000010	0.999887	0.000010	0.000010	0.000010	0.000010	0.000010	0.000010	0.000010	0.000010	LD_0.9_12_1468
BRC20522	0.000010	0.000010	0.000010	0.000010	0.999886	0.000010	0.000010	0.000010	0.000014	0.000010	0.000010	0.000010	LD_0.9_12_1468
BRC20524	0.000010	0.000010	0.000010	0.000010	0.999890	0.000010	0.000010	0.000010	0.000010	0.000010	0.000010	0.000010	LD_0.9_12_1468
BRC20529	0.000010	0.999879	0.000010	0.000010	0.000017	0.000010	0.000010	0.000010	0.000015	0.000010	0.000010	0.000010	LD_0.9_12_1468
BRC20530	0.000010	0.000010	0.000010	0.000010	0.999890	0.000010	0.000010	0.000010	0.000010	0.000010	0.000010	0.000010	LD_0.9_12_1468
BRC20531	0.000010	0.000011	0.000010	0.000010	0.999889	0.000010	0.000010	0.000010	0.000010	0.000010	0.000010	0.000010	LD_0.9_12_1468
BRC20532	0.000010	0.999890	0.000010	0.000010	0.000010	0.000010	0.000010	0.000010	0.000010	0.000010	0.000010	0.000010	LD_0.9_12_1468
BRC20533	0.000010	0.999890	0.000010	0.000010	0.000010	0.000010	0.000010	0.000010	0.000010	0.000010	0.000010	0.000010	LD_0.9_12_1468
BRC20534	0.000010	0.999883	0.000014	0.000010	0.000010	0.000010	0.000010	0.000014	0.000010	0.000010	0.000010	0.000010	LD_0.9_12_1468
BRC20535	0.000010	0.999890	0.000010	0.000010	0.000010	0.000010	0.000010	0.000010	0.000010	0.000010	0.000010	0.000010	LD_0.9_12_1468
BRC20536	0.000010	0.999890	0.000010	0.000010	0.000010	0.000010	0.000010	0.000010	0.000010	0.000010	0.000010	0.000010	LD_0.9_12_1468
BRC20537	0.000010	0.999890	0.000010	0.000010	0.000010	0.000010	0.000010	0.000010	0.000010	0.000010	0.000010	0.000010	LD_0.9_12_1468
BRC20541	0.000010	0.000010	0.000014	0.999886	0.000010	0.000010	0.000010	0.000010	0.000010	0.000010	0.000010	0.000010	LD_0.9_12_1468
BRC20543	0.000010	0.999890	0.000010	0.000010	0.000010	0.000010	0.000010	0.000010	0.000010	0.000010	0.000010	0.000010	LD_0.9_12_1468
BRC20544	0.000010	0.999890	0.000010	0.000010	0.000010	0.000010	0.000010	0.000010	0.000010	0.000010	0.000010	0.000010	LD_0.9_12_1468
BRC20545	0.000010	0.999890	0.000010	0.000010	0.000010	0.000010	0.000010	0.000010	0.000010	0.000010	0.000010	0.000010	LD_0.9_12_1468
BRC20556	0.000010	0.000010	0.000010	0.000010	0.000010	0.000010	0.000010	0.000010	0.999890	0.000010	0.000010	0.000010	LD_0.9_12_1468
BRC20557	0.000010	0.999890	0.000010	0.000010	0.000010	0.000010	0.000010	0.000010	0.000010	0.000010	0.000010	0.000010	LD_0.9_12_1468
BRC20565	0.000010	0.000010	0.000010	0.000010	0.000010	0.000010	0.000010	0.000010	0.999890	0.000010	0.000010	0.000010	LD_0.9_12_1468
BRC20571	0.105905	0.000010	0.000010	0.000010	0.000010	0.000010	0.000010	0.000010	0.893995	0.000010	0.000010	0.000010	LD_0.9_12_1468
BRC20574	0.000010	0.000010	0.000010	0.000010	0.000010	0.000010	0.000010	0.000010	0.999890	0.000010	0.000010	0.000010	LD_0.9_12_1468
BW287	0.000010	0.000010	0.000010	0.000010	0.000010	0.999890	0.000010	0.000010	0.000010	0.000010	0.000010	0.000010	LD_0.9_12_1468
DF5100	0.000010	0.000010	0.000010	0.000010	0.000010	0.000010	0.000010	0.000010	0.989682	0.000010	0.010218	0.000010	LD_0.9_12_1468
ECA1129	0.000010	0.000010	0.000010	0.000010	0.000010	0.000010	0.000010	0.000010	0.999890	0.000010	0.000010	0.000010	LD_0.9_12_1468
ECA1143	0.000010	0.000010	0.000010	0.000010	0.000010	0.000010	0.000010	0.010334	0.908686	0.000010	0.080890	0.000010	LD_0.9_12_1468
ECA1147	0.000010	0.000010	0.000010	0.000010	0.000010	0.000010	0.000010	0.000010	0.999890	0.000010	0.000010	0.000010	LD_0.9_12_1468
ECA1149	0.000010	0.045134	0.000010	0.000010	0.000010	0.000010	0.000010	0.000010	0.954766	0.000010	0.000010	0.000010	LD_0.9_12_1468
ECA1160	0.000010	0.000010	0.000010	0.000010	0.000010	0.000010	0.000010	0.000010	0.999890	0.000010	0.000010	0.000010	LD_0.9_12_1468
ECA1164	0.000010	0.000010	0.000010	0.000010	0.000010	0.000010	0.000010	0.000010	0.999890	0.000010	0.000010	0.000010	LD_0.9_12_1468
ECA1170	0.000010	0.999884	0.000010	0.000010	0.000010	0.000010	0.000010	0.000010	0.000010	0.000010	0.000016	0.000010	LD_0.9_12_1468
ECA1174	0.000010	0.000010	0.014424	0.000010	0.000010	0.000010	0.000010	0.000010	0.985476	0.000010	0.000010	0.000010	LD_0.9_12_1468
ECA1383	0.000010	0.999890	0.000010	0.000010	0.000010	0.000010	0.000010	0.000010	0.000010	0.000010	0.000010	0.000010	LD_0.9_12_1468
ECA1411	0.000010	0.000010	0.000010	0.000010	0.000010	0.000010	0.000010	0.000010	0.999888	0.000010	0.000012	0.000010	LD_0.9_12_1468
ECA1423	0.000010	0.000010	0.000010	0.000010	0.000010	0.000010	0.000010	0.000010	0.999890	0.000010	0.000010	0.000010	LD_0.9_12_1468
ECA1429	0.000010	0.000010	0.000010	0.000010	0.000010	0.000010	0.000010	0.000010	0.999890	0.000010	0.000010	0.000010	LD_0.9_12_1468
ECA1431	0.000010	0.000010	0.000010	0.000010	0.000010	0.000010	0.000010	0.000010	0.999890	0.000010	0.000010	0.000010	LD_0.9_12_1468
ECA1437	0.000010	0.000010	0.000010	0.000010	0.000010	0.000010	0.000010	0.000011	0.999889	0.000010	0.000010	0.000010	LD_0.9_12_1468
ECA1439	0.000010	0.000010	0.000010	0.000010	0.000010	0.000010	0.000010	0.000010	0.999890	0.000010	0.000010	0.000010	LD_0.9_12_1468
ECA1443	0.000010	0.943768	0.000010	0.000010	0.000010	0.000010	0.000010	0.000010	0.056132	0.000010	0.000010	0.000010	LD_0.9_12_1468
ECA1471	0.000010	0.000010	0.000010	0.000010	0.000010	0.000010	0.000010	0.000010	0.999890	0.000010	0.000010	0.000010	LD_0.9_12_1468
ECA1489	0.000010	0.000010	0.000010	0.000010	0.000010	0.000010	0.000010	0.106754	0.886937	0.000010	0.006219	0.000010	LD_0.9_12_1468
ECA1507	0.000010	0.000010	0.000010	0.000010	0.000010	0.000010	0.000010	0.000010	0.999890	0.000010	0.000010	0.000010	LD_0.9_12_1468
ECA1509	0.000010	0.000010	0.000010	0.000010	0.000010	0.000010	0.000010	0.000010	0.999890	0.000010	0.000010	0.000010	LD_0.9_12_1468
ECA1517	0.000010	0.000010	0.000010	0.000010	0.000010	0.000010	0.000010	0.000010	0.980221	0.000010	0.019679	0.000010	LD_0.9_12_1468
ECA1521	0.000010	0.000010	0.000010	0.000010	0.000010	0.000010	0.000010	0.000010	0.999890	0.000010	0.000010	0.000010	LD_0.9_12_1468
ECA1555	0.000010	0.000010	0.000010	0.000010	0.000010	0.000010	0.000010	0.000010	0.999890	0.000010	0.000010	0.000010	LD_0.9_12_1468
ECA1559	0.000010	0.999886	0.000010	0.000010	0.000010	0.000010	0.000010	0.000010	0.000014	0.000010	0.000010	0.000010	LD_0.9_12_1468
ECA1563	0.000010	0.000010	0.000010	0.000010	0.000010	0.000010	0.000010	0.000010	0.999890	0.000010	0.000010	0.000010	LD_0.9_12_1468
ECA1571	0.000010	0.000010	0.000010	0.000010	0.000010	0.000010	0.000010	0.059873	0.887398	0.000010	0.052639	0.000010	LD_0.9_12_1468
ECA1587	0.000010	0.000010	0.000010	0.000010	0.000010	0.000010	0.000010	0.000010	0.999890	0.000010	0.000010	0.000010	LD_0.9_12_1468
ECA1605	0.000010	0.873318	0.000010	0.000010	0.000010	0.000010	0.000010	0.036037	0.083585	0.000010	0.006981	0.000010	LD_0.9_12_1468
ECA1609	0.000010	0.000010	0.000010	0.000010	0.000010	0.000010	0.000010	0.000010	0.999890	0.000010	0.000010	0.000010	LD_0.9_12_1468
ECA161	0.000010	0.000010	0.002379	0.000010	0.000010	0.000010	0.000010	0.000010	0.997521	0.000010	0.000010	0.000010	LD_0.9_12_1468
ECA1611	0.000010	0.000010	0.000010	0.000010	0.000010	0.000010	0.000010	0.000010	0.999890	0.000010	0.000010	0.000010	LD_0.9_12_1468
ECA1615	0.000010	0.000010	0.000010	0.000010	0.000010	0.000010	0.000010	0.000010	0.999890	0.000010	0.000010	0.000010	LD_0.9_12_1468
ECA162	0.000010	0.000010	0.005565	0.000010	0.000010	0.000010	0.000010	0.000010	0.994335	0.000010	0.000010	0.000010	LD_0.9_12_1468
ECA1621	0.000010	0.000010	0.000010	0.000010	0.000010	0.000010	0.000010	0.000010	0.973845	0.000010	0.000010	0.026055	LD_0.9_12_1468
ECA163	0.000010	0.000010	0.000010	0.000010	0.000010	0.000010	0.000010	0.000010	0.000010	0.999890	0.000010	0.000010	LD_0.9_12_1468
ECA1637	0.000010	0.000010	0.000010	0.000010	0.000010	0.000010	0.000010	0.000010	0.999890	0.000010	0.000010	0.000010	LD_0.9_12_1468
ECA1657	0.000010	0.000010	0.000010	0.000010	0.000010	0.000010	0.000010	0.000010	0.990337	0.000010	0.000010	0.009563	LD_0.9_12_1468
ECA1701	0.000010	0.000010	0.023500	0.000010	0.000010	0.000010	0.000010	0.000010	0.963583	0.000010	0.000010	0.012827	LD_0.9_12_1468
ECA175	0.000010	0.000010	0.000010	0.000010	0.000010	0.000010	0.000010	0.000010	0.999890	0.000010	0.000010	0.000010	LD_0.9_12_1468
ECA176	0.000010	0.000010	0.000010	0.000010	0.000010	0.000010	0.000010	0.000010	0.988333	0.000010	0.011567	0.000010	LD_0.9_12_1468
ECA177	0.000014	0.000010	0.000010	0.000010	0.000010	0.000010	0.000010	0.000010	0.999886	0.000010	0.000010	0.000010	LD_0.9_12_1468
ECA180	0.020140	0.000010	0.000010	0.000010	0.000010	0.000016	0.000010	0.000010	0.979754	0.000010	0.000010	0.000010	LD_0.9_12_1468
ECA182	0.000010	0.000010	0.000010	0.000010	0.000010	0.000010	0.000010	0.000010	0.999890	0.000010	0.000010	0.000010	LD_0.9_12_1468
ECA183	0.000010	0.000010	0.000010	0.000010	0.000010	0.000010	0.000010	0.000010	0.999890	0.000010	0.000010	0.000010	LD_0.9_12_1468
ECA185	0.000010	0.000010	0.000010	0.000010	0.000010	0.000010	0.000010	0.000010	0.999890	0.000010	0.000010	0.000010	LD_0.9_12_1468
ECA186	0.000012	0.000010	0.000010	0.000010	0.000010	0.000010	0.000010	0.000010	0.999888	0.000010	0.000010	0.000010	LD_0.9_12_1468
ECA2083	0.000010	0.000010	0.000010	0.000010	0.000010	0.000010	0.000010	0.000010	0.999890	0.000010	0.000010	0.000010	LD_0.9_12_1468
ECA2093	0.000010	0.000010	0.000010	0.000010	0.000010	0.000010	0.000010	0.000010	0.999890	0.000010	0.000010	0.000010	LD_0.9_12_1468
ECA2115	0.000010	0.000010	0.000010	0.000010	0.000010	0.000010	0.000010	0.000010	0.999890	0.000010	0.000010	0.000010	LD_0.9_12_1468
ECA2299	0.000010	0.999890	0.000010	0.000010	0.000010	0.000010	0.000010	0.000010	0.000010	0.000010	0.000010	0.000010	LD_0.9_12_1468
ECA2373	0.000010	0.000010	0.013481	0.000010	0.000010	0.000010	0.000010	0.000010	0.942340	0.000010	0.044089	0.000010	LD_0.9_12_1468
ECA2385	0.000010	0.999888	0.000010	0.000010	0.000010	0.000010	0.000010	0.000010	0.000012	0.000010	0.000010	0.000010	LD_0.9_12_1468
ECA2425	0.000010	0.000010	0.000010	0.000010	0.000010	0.000010	0.000010	0.000010	0.999890	0.000010	0.000010	0.000010	LD_0.9_12_1468
ECA2617	0.000010	0.000010	0.000010	0.000010	0.000010	0.000010	0.999890	0.000010	0.000010	0.000010	0.000010	0.000010	LD_0.9_12_1468
ECA2618	0.000010	0.000010	0.000010	0.000010	0.000018	0.000010	0.999882	0.000010	0.000010	0.000010	0.000010	0.000010	LD_0.9_12_1468
ECA2621	0.000010	0.000010	0.000010	0.000010	0.000010	0.000010	0.999890	0.000010	0.000010	0.000010	0.000010	0.000010	LD_0.9_12_1468
ECA2623	0.000015	0.000010	0.000010	0.000010	0.000011	0.000010	0.000010	0.022358	0.977531	0.000010	0.000015	0.000010	LD_0.9_12_1468
ECA2625	0.000010	0.000010	0.000010	0.000010	0.000010	0.000010	0.000010	0.000010	0.999890	0.000010	0.000010	0.000010	LD_0.9_12_1468
ECA2626	0.000010	0.000010	0.000010	0.000010	0.000010	0.000010	0.000010	0.000010	0.999889	0.000010	0.000011	0.000010	LD_0.9_12_1468
ECA2636	0.000010	0.000010	0.000010	0.000010	0.000010	0.000010	0.000010	0.000010	0.999890	0.000010	0.000010	0.000010	LD_0.9_12_1468
ECA2637	0.000010	0.000010	0.000010	0.000010	0.000010	0.000010	0.000010	0.000010	0.999890	0.000010	0.000010	0.000010	LD_0.9_12_1468
ECA2639	0.000010	0.000010	0.000010	0.000010	0.000010	0.000010	0.999890	0.000010	0.000010	0.000010	0.000010	0.000010	LD_0.9_12_1468
ECA2645	0.000010	0.000010	0.000010	0.000010	0.000010	0.000010	0.000010	0.000010	0.999890	0.000010	0.000010	0.000010	LD_0.9_12_1468
ECA2647	0.000010	0.000010	0.000010	0.000010	0.000010	0.000010	0.999890	0.000010	0.000010	0.000010	0.000010	0.000010	LD_0.9_12_1468
ECA2663	0.000010	0.000010	0.000010	0.000010	0.000010	0.000010	0.000010	0.000010	0.999890	0.000010	0.000010	0.000010	LD_0.9_12_1468
ECA2664	0.000019	0.000010	0.000010	0.000010	0.000010	0.000010	0.000010	0.032887	0.958589	0.000010	0.000910	0.007526	LD_0.9_12_1468
ECA2666	0.000010	0.000010	0.000010	0.000010	0.000010	0.000014	0.999886	0.000010	0.000010	0.000010	0.000010	0.000010	LD_0.9_12_1468
ECA2667	0.000010	0.000010	0.000010	0.000010	0.000010	0.000010	0.000010	0.000010	0.999890	0.000010	0.000010	0.000010	LD_0.9_12_1468
ECA2670	0.000010	0.000010	0.000010	0.000010	0.000015	0.000010	0.999885	0.000010	0.000010	0.000010	0.000010	0.000010	LD_0.9_12_1468
ECA276	0.000010	0.000010	0.000010	0.000010	0.000010	0.000010	0.000010	0.000010	0.000010	0.999890	0.000010	0.000010	LD_0.9_12_1468
ECA278	0.000010	0.000010	0.000010	0.000010	0.000010	0.999890	0.000010	0.000010	0.000010	0.000010	0.000010	0.000010	LD_0.9_12_1468
ECA2808	0.000010	0.000010	0.000010	0.000010	0.000010	0.000010	0.000010	0.000010	0.999890	0.000010	0.000010	0.000010	LD_0.9_12_1468
ECA287	0.000010	0.988339	0.000010	0.000010	0.000013	0.000010	0.000010	0.000010	0.011559	0.000010	0.000010	0.000010	LD_0.9_12_1468
ECA288	0.000010	0.099811	0.000010	0.000010	0.000010	0.000010	0.000010	0.000010	0.900089	0.000010	0.000010	0.000010	LD_0.9_12_1468
ECA2883	0.000010	0.000010	0.000010	0.000010	0.000010	0.000010	0.000010	0.000010	0.999890	0.000010	0.000010	0.000010	LD_0.9_12_1468
ECA2890	0.000010	0.000010	0.000010	0.000010	0.000010	0.000010	0.000010	0.000010	0.999890	0.000010	0.000010	0.000010	LD_0.9_12_1468
ECA2894	0.000010	0.000010	0.000010	0.000010	0.000010	0.000010	0.000010	0.000010	0.999889	0.000010	0.000011	0.000010	LD_0.9_12_1468
ECA2936	0.000010	0.999890	0.000010	0.000010	0.000010	0.000010	0.000010	0.000010	0.000010	0.000010	0.000010	0.000010	LD_0.9_12_1468
ECA2975	0.000010	0.000010	0.000010	0.000010	0.000010	0.000010	0.000010	0.000010	0.999890	0.000010	0.000010	0.000010	LD_0.9_12_1468
ECA3091	0.000010	0.000010	0.000014	0.000010	0.000010	0.000010	0.000010	0.000010	0.999886	0.000010	0.000010	0.000010	LD_0.9_12_1468
ECA343	0.000020	0.000010	0.000010	0.000010	0.000010	0.000010	0.000010	0.000010	0.999880	0.000010	0.000010	0.000010	LD_0.9_12_1468
ECA346	0.000010	0.000010	0.000010	0.000010	0.000010	0.000010	0.000010	0.000010	0.999890	0.000010	0.000010	0.000010	LD_0.9_12_1468
ECA3502	0.000010	0.999890	0.000010	0.000010	0.000010	0.000010	0.000010	0.000010	0.000010	0.000010	0.000010	0.000010	LD_0.9_12_1468
ECA3503	0.000010	0.000010	0.000010	0.000010	0.000010	0.000010	0.000010	0.000010	0.999890	0.000010	0.000010	0.000010	LD_0.9_12_1468
ECA3509	0.000010	0.000010	0.000010	0.000010	0.000010	0.000010	0.000010	0.000010	0.999890	0.000010	0.000010	0.000010	LD_0.9_12_1468
ECA3708	0.000010	0.000010	0.000010	0.000010	0.000010	0.000010	0.000010	0.000010	0.999890	0.000010	0.000010	0.000010	LD_0.9_12_1468
ECA371	0.000010	0.000010	0.000010	0.000010	0.000010	0.000010	0.000010	0.000010	0.987262	0.000010	0.012638	0.000010	LD_0.9_12_1468
ECA3712	0.000010	0.000010	0.000010	0.000010	0.000010	0.000010	0.000010	0.000010	0.999890	0.000010	0.000010	0.000010	LD_0.9_12_1468
ECA3713	0.000011	0.000010	0.000010	0.000010	0.000010	0.000010	0.000010	0.000010	0.999889	0.000010	0.000010	0.000010	LD_0.9_12_1468
ECA3899	0.000010	0.000010	0.000010	0.000010	0.000010	0.000010	0.000010	0.000010	0.999890	0.000010	0.000010	0.000010	LD_0.9_12_1468
ECA4382	0.000010	0.000010	0.000010	0.000010	0.000010	0.000010	0.000010	0.000010	0.999885	0.000010	0.000015	0.000010	LD_0.9_12_1468
ECA4390	0.000010	0.000010	0.000010	0.000010	0.000010	0.000010	0.000010	0.000010	0.999890	0.000010	0.000010	0.000010	LD_0.9_12_1468
ECA4394	0.000010	0.000010	0.000010	0.000010	0.000010	0.000010	0.000010	0.000010	0.999890	0.000010	0.000010	0.000010	LD_0.9_12_1468
ECA4402	0.000010	0.000010	0.000010	0.000010	0.000010	0.000010	0.000010	0.000012	0.999888	0.000010	0.000010	0.000010	LD_0.9_12_1468
ECA569	0.000010	0.000010	0.000010	0.000010	0.000010	0.999890	0.000010	0.000010	0.000010	0.000010	0.000010	0.000010	LD_0.9_12_1468
ED3032	0.000010	0.000010	0.000010	0.000010	0.000010	0.000010	0.000010	0.000010	0.999881	0.000010	0.000019	0.000010	LD_0.9_12_1468
ED3037	0.000010	0.000010	0.000010	0.000010	0.000010	0.000010	0.000010	0.000010	0.999890	0.000010	0.000010	0.000010	LD_0.9_12_1468
ED3088	0.000011	0.000010	0.000010	0.000010	0.000010	0.000010	0.000010	0.000010	0.999889	0.000010	0.000010	0.000010	LD_0.9_12_1468
ED3102	0.000010	0.000010	0.000010	0.000010	0.000012	0.000010	0.000010	0.000010	0.000010	0.999887	0.000010	0.000010	LD_0.9_12_1468
EG4360	0.000010	0.000010	0.000010	0.000010	0.000010	0.999890	0.000010	0.000010	0.000010	0.000010	0.000010	0.000010	LD_0.9_12_1468
EG5612	0.000010	0.000015	0.999885	0.000010	0.000010	0.000010	0.000010	0.000010	0.000010	0.000010	0.000010	0.000010	LD_0.9_12_1468
EG5613	0.033398	0.000010	0.025369	0.000010	0.000010	0.000010	0.000010	0.000010	0.933029	0.000010	0.000010	0.008125	LD_0.9_12_1468
EG6179	0.000010	0.000010	0.038587	0.000010	0.000010	0.000010	0.000010	0.000010	0.947705	0.000010	0.000010	0.013618	LD_0.9_12_1468
EG6260	0.000010	0.000010	0.000010	0.000010	0.000010	0.000010	0.000010	0.095674	0.904226	0.000010	0.000010	0.000010	LD_0.9_12_1468
EG6261	0.000010	0.000010	0.000010	0.000010	0.000010	0.000010	0.000010	0.009912	0.989988	0.000010	0.000010	0.000010	LD_0.9_12_1468
EG6265	0.000010	0.985862	0.000010	0.000010	0.000010	0.000010	0.000010	0.014038	0.000010	0.000010	0.000010	0.000010	LD_0.9_12_1468
EG6267	0.000010	0.000010	0.000010	0.000010	0.000010	0.000010	0.000010	0.011401	0.988499	0.000010	0.000010	0.000010	LD_0.9_12_1468
EG6271	0.000010	0.000010	0.000010	0.000010	0.000010	0.000010	0.000010	0.195323	0.804573	0.000015	0.000010	0.000010	LD_0.9_12_1468
EG6272	0.000010	0.000010	0.000010	0.000010	0.000010	0.000010	0.000010	0.000010	0.976643	0.000010	0.023257	0.000010	LD_0.9_12_1468
EG6274	0.000010	0.000010	0.000010	0.000010	0.000010	0.000010	0.000010	0.000010	0.999889	0.000010	0.000011	0.000010	LD_0.9_12_1468
EG6275	0.000010	0.000010	0.000010	0.000010	0.000010	0.000010	0.000010	0.000010	0.999890	0.000010	0.000010	0.000010	LD_0.9_12_1468
EG6276	0.000010	0.000010	0.000010	0.000010	0.000010	0.000010	0.000010	0.000010	0.999890	0.000010	0.000010	0.000010	LD_0.9_12_1468
EG6329	0.000010	0.000010	0.000010	0.000010	0.000010	0.000010	0.000010	0.237824	0.762076	0.000010	0.000010	0.000010	LD_0.9_12_1468
GUN124	0.000010	0.000010	0.000010	0.000010	0.000010	0.999890	0.000010	0.000010	0.000010	0.000010	0.000010	0.000010	LD_0.9_12_1468
GXW22	0.000010	0.000010	0.000010	0.000010	0.000010	0.000010	0.000010	0.000010	0.999883	0.000010	0.000017	0.000010	LD_0.9_12_1468
GXW23	0.000016	0.000010	0.775460	0.000010	0.000010	0.000010	0.000010	0.000010	0.224435	0.000010	0.000010	0.000010	LD_0.9_12_1468
HK104	0.000010	0.000010	0.000010	0.000010	0.000010	0.999885	0.000010	0.000010	0.000015	0.000010	0.000010	0.000010	LD_0.9_12_1468
HPT11	0.000010	0.000010	0.000010	0.841538	0.000012	0.000010	0.000010	0.000010	0.158358	0.000012	0.000010	0.000010	LD_0.9_12_1468
HPT16	0.000010	0.000010	0.345855	0.000010	0.000010	0.000010	0.000010	0.000010	0.654045	0.000010	0.000010	0.000010	LD_0.9_12_1468
HPT18	0.000010	0.000010	0.000010	0.833275	0.000010	0.000010	0.000010	0.000010	0.166625	0.000010	0.000010	0.000010	LD_0.9_12_1468
HPT19	0.000010	0.000010	0.356355	0.000010	0.000010	0.000010	0.000010	0.000010	0.643545	0.000010	0.000010	0.000010	LD_0.9_12_1468
HPT2	0.000010	0.000010	0.416984	0.000010	0.000010	0.000010	0.000010	0.000010	0.582916	0.000010	0.000010	0.000010	LD_0.9_12_1468
HPT21	0.000010	0.000010	0.000010	0.000010	0.000010	0.000010	0.000010	0.000010	0.999890	0.000010	0.000010	0.000010	LD_0.9_12_1468
HPT24	0.000010	0.000010	0.000010	0.838682	0.000010	0.000010	0.000010	0.000010	0.161218	0.000010	0.000010	0.000010	LD_0.9_12_1468
HPT34	0.000010	0.000010	0.375965	0.000010	0.000010	0.000010	0.000010	0.000010	0.623935	0.000010	0.000010	0.000010	LD_0.9_12_1468
HPT37	0.000010	0.000010	0.325033	0.000010	0.000010	0.000010	0.000010	0.022703	0.641304	0.000010	0.010880	0.000010	LD_0.9_12_1468
HPT4	0.000010	0.000010	0.377767	0.000010	0.000010	0.000010	0.000010	0.000010	0.622133	0.000010	0.000010	0.000010	LD_0.9_12_1468
HPT42	0.000011	0.000010	0.332222	0.000010	0.000010	0.000010	0.000010	0.000010	0.667676	0.000010	0.000010	0.000010	LD_0.9_12_1468
HPT52	0.000010	0.000010	0.000010	0.000010	0.000010	0.000010	0.000010	0.000010	0.565823	0.000010	0.000010	0.434077	LD_0.9_12_1468
HPT53	0.000010	0.000010	0.000010	0.000010	0.000010	0.000010	0.000010	0.000010	0.999890	0.000010	0.000010	0.000010	LD_0.9_12_1468
HPT54	0.000010	0.000010	0.000010	0.000010	0.000010	0.000010	0.000010	0.000010	0.999890	0.000010	0.000010	0.000010	LD_0.9_12_1468
HPT55	0.000010	0.000010	0.000010	0.000010	0.000010	0.000010	0.000010	0.000010	0.999884	0.000010	0.000016	0.000010	LD_0.9_12_1468
HPT59	0.000010	0.000010	0.000010	0.000010	0.000010	0.000010	0.000010	0.000010	0.999890	0.000010	0.000010	0.000010	LD_0.9_12_1468
HPT60	0.000010	0.000011	0.000010	0.000010	0.000010	0.000010	0.000010	0.000010	0.999889	0.000010	0.000010	0.000010	LD_0.9_12_1468
HPT62	0.132031	0.000010	0.000010	0.000010	0.000010	0.000010	0.000010	0.000010	0.000010	0.000010	0.000010	0.867869	LD_0.9_12_1468
HPT63	0.000010	0.000010	0.026348	0.000010	0.000010	0.000010	0.000010	0.000010	0.973552	0.000010	0.000010	0.000010	LD_0.9_12_1468
HPT7	0.000010	0.000010	0.365036	0.000010	0.000010	0.000010	0.000010	0.000010	0.634734	0.000010	0.000140	0.000010	LD_0.9_12_1468
HPT8	0.000010	0.000010	0.376017	0.000010	0.000010	0.000010	0.000010	0.000010	0.623883	0.000010	0.000010	0.000010	LD_0.9_12_1468
HPT9	0.000010	0.000010	0.876459	0.000019	0.000010	0.000010	0.000010	0.000010	0.123433	0.000010	0.000010	0.000010	LD_0.9_12_1468
JU1085	0.000010	0.000010	0.000010	0.000010	0.000010	0.999890	0.000010	0.000010	0.000010	0.000010	0.000010	0.000010	LD_0.9_12_1468
JU1337	0.046322	0.000010	0.000010	0.000010	0.000010	0.000010	0.000010	0.000010	0.941912	0.000010	0.000010	0.011677	LD_0.9_12_1468
JU1338	0.000011	0.000010	0.999888	0.000011	0.000010	0.000010	0.000010	0.000010	0.000010	0.000010	0.000010	0.000010	LD_0.9_12_1468
JU1341	0.000010	0.000010	0.000010	0.000010	0.000010	0.000010	0.999890	0.000010	0.000010	0.000010	0.000010	0.000010	LD_0.9_12_1468
JU1346	0.000010	0.000010	0.999890	0.000010	0.000010	0.000010	0.000010	0.000010	0.000010	0.000010	0.000010	0.000010	LD_0.9_12_1468
JU1347	0.096584	0.000010	0.000010	0.000010	0.000010	0.000010	0.000010	0.000010	0.903316	0.000010	0.000010	0.000010	LD_0.9_12_1468
JU1348	0.000010	0.000010	0.000010	0.000010	0.000010	0.000016	0.999882	0.000011	0.000010	0.000010	0.000010	0.000010	LD_0.9_12_1468
JU1375	0.000015	0.000010	0.000010	0.000010	0.000010	0.000010	0.000010	0.000010	0.999885	0.000010	0.000010	0.000010	LD_0.9_12_1468
JU1377	0.000010	0.000010	0.000011	0.000010	0.000010	0.000010	0.000010	0.000010	0.999889	0.000010	0.000010	0.000010	LD_0.9_12_1468
JU1378	0.000018	0.000010	0.000010	0.000010	0.000010	0.000010	0.000010	0.000010	0.999882	0.000010	0.000010	0.000010	LD_0.9_12_1468
JU1392	0.000010	0.000010	0.000010	0.000010	0.000010	0.000010	0.000010	0.000010	0.999890	0.000010	0.000010	0.000010	LD_0.9_12_1468
JU1399	0.000010	0.000010	0.000010	0.000010	0.000010	0.000015	0.000010	0.252059	0.625608	0.000010	0.122238	0.000010	LD_0.9_12_1468
JU1424	0.000010	0.000010	0.999890	0.000010	0.000010	0.000010	0.000010	0.000010	0.000010	0.000010	0.000010	0.000010	LD_0.9_12_1468
JU1435	0.000010	0.000010	0.000010	0.000010	0.000010	0.000010	0.000010	0.000010	0.999890	0.000010	0.000010	0.000010	LD_0.9_12_1468
JU1564	0.000010	0.000010	0.000010	0.000010	0.000010	0.999886	0.000010	0.000010	0.000010	0.000010	0.000014	0.000010	LD_0.9_12_1468
JU1637	0.000010	0.000010	0.000010	0.000010	0.000010	0.000010	0.000010	0.000010	0.992891	0.000010	0.007009	0.000010	LD_0.9_12_1468
JU1638	0.000010	0.000010	0.000010	0.000010	0.000010	0.000010	0.000010	0.000010	0.999881	0.000010	0.000019	0.000010	LD_0.9_12_1468
JU1794	0.000010	0.000010	0.052750	0.000010	0.000010	0.000010	0.000010	0.000010	0.914302	0.000010	0.000010	0.032858	LD_0.9_12_1468
JU1795	0.000010	0.000010	0.000010	0.000010	0.000010	0.000010	0.000010	0.000010	0.999890	0.000010	0.000010	0.000010	LD_0.9_12_1468
JU1799	0.000012	0.000010	0.000010	0.000010	0.000010	0.000010	0.000010	0.000010	0.999888	0.000010	0.000010	0.000010	LD_0.9_12_1468
JU1802	0.022109	0.000010	0.000017	0.000010	0.000010	0.000010	0.000013	0.000010	0.977780	0.000010	0.000010	0.000010	LD_0.9_12_1468
JU1814	0.000010	0.000010	0.000010	0.000010	0.000010	0.000010	0.000010	0.000010	0.813950	0.000010	0.185950	0.000010	LD_0.9_12_1468
JU1884	0.000010	0.000010	0.000010	0.000010	0.000010	0.000010	0.000010	0.000010	0.999885	0.000010	0.000015	0.000010	LD_0.9_12_1468
JU1885	0.164048	0.000010	0.000010	0.000010	0.000010	0.000010	0.000010	0.000010	0.835852	0.000010	0.000010	0.000010	LD_0.9_12_1468
JU1907	0.000010	0.000010	0.000010	0.000010	0.000010	0.000010	0.000010	0.000010	0.999890	0.000010	0.000010	0.000010	LD_0.9_12_1468
JU1908	0.000010	0.000010	0.000010	0.000010	0.000010	0.000010	0.000010	0.000010	0.999884	0.000010	0.000016	0.000010	LD_0.9_12_1468
JU1909	0.000010	0.000010	0.000010	0.000010	0.000010	0.000010	0.000010	0.000010	0.999890	0.000010	0.000010	0.000010	LD_0.9_12_1468
JU1913	0.000010	0.000010	0.000010	0.000010	0.000010	0.000010	0.000010	0.000010	0.590637	0.000010	0.000010	0.409263	LD_0.9_12_1468
JU2053	0.000010	0.000010	0.000010	0.000010	0.000010	0.000010	0.000010	0.000010	0.999882	0.000010	0.000018	0.000010	LD_0.9_12_1468
JU2054	0.000010	0.000010	0.000010	0.000010	0.000010	0.000010	0.000010	0.000010	0.999890	0.000010	0.000010	0.000010	LD_0.9_12_1468
JU2056	0.000010	0.000010	0.000010	0.000010	0.000010	0.000010	0.000010	0.000010	0.999890	0.000010	0.000010	0.000010	LD_0.9_12_1468
JU2057	0.999890	0.000010	0.000010	0.000010	0.000010	0.000010	0.000010	0.000010	0.000010	0.000010	0.000010	0.000010	LD_0.9_12_1468
JU2160	0.999887	0.000010	0.000013	0.000010	0.000010	0.000010	0.000010	0.000010	0.000010	0.000010	0.000010	0.000010	LD_0.9_12_1468
JU2162	0.999885	0.000010	0.000011	0.000010	0.000014	0.000010	0.000010	0.000010	0.000010	0.000010	0.000010	0.000010	LD_0.9_12_1468
JU2214	0.000010	0.000010	0.000010	0.000010	0.000010	0.000010	0.000010	0.000010	0.671982	0.000010	0.234831	0.093097	LD_0.9_12_1468
JU2216	0.000010	0.999889	0.000010	0.000011	0.000010	0.000010	0.000010	0.000010	0.000010	0.000010	0.000010	0.000010	LD_0.9_12_1468
JU2457	0.000010	0.000010	0.000012	0.000010	0.000010	0.499004	0.000010	0.075076	0.403352	0.000010	0.022486	0.000010	LD_0.9_12_1468
JU2470	0.999887	0.000010	0.000010	0.000010	0.000010	0.000010	0.000010	0.000012	0.000010	0.000011	0.000010	0.000010	LD_0.9_12_1468
JU2472	0.075599	0.000010	0.000010	0.000010	0.000010	0.000010	0.000010	0.000010	0.924301	0.000010	0.000010	0.000010	LD_0.9_12_1468
JU2507	0.698891	0.000010	0.000010	0.000010	0.000010	0.000010	0.000010	0.000010	0.000015	0.000010	0.000010	0.301004	LD_0.9_12_1468
JU2518	0.000010	0.000010	0.000010	0.000010	0.000010	0.000010	0.000010	0.447902	0.551998	0.000010	0.000010	0.000010	LD_0.9_12_1468
JU2536	0.000010	0.000010	0.000010	0.000010	0.000010	0.999890	0.000010	0.000010	0.000010	0.000010	0.000010	0.000010	LD_0.9_12_1468
JU2618	0.000010	0.000010	0.000010	0.000010	0.000010	0.000010	0.000010	0.365571	0.314896	0.000010	0.319443	0.000010	LD_0.9_12_1468
JU2799	0.000010	0.000010	0.000010	0.000010	0.000010	0.000010	0.000010	0.000010	0.999890	0.000010	0.000010	0.000010	LD_0.9_12_1468
JU2836	0.002827	0.000010	0.000010	0.000010	0.000010	0.000010	0.000010	0.139435	0.698450	0.000010	0.159207	0.000010	LD_0.9_12_1468
JU2849	0.000010	0.000010	0.999890	0.000010	0.000010	0.000010	0.000010	0.000010	0.000010	0.000010	0.000010	0.000010	LD_0.9_12_1468
JU2861	0.000010	0.000010	0.000010	0.000010	0.000010	0.000010	0.000010	0.000010	0.999889	0.000010	0.000011	0.000010	LD_0.9_12_1468
JU2868	0.000010	0.000010	0.000010	0.000010	0.000010	0.000010	0.000010	0.000010	0.999888	0.000010	0.000012	0.000010	LD_0.9_12_1468
JU2872	0.000010	0.000010	0.000010	0.000010	0.000010	0.999890	0.000010	0.000010	0.000010	0.000010	0.000010	0.000010	LD_0.9_12_1468
JU2910	0.144006	0.000010	0.049568	0.000010	0.000010	0.000010	0.000010	0.000010	0.806336	0.000010	0.000010	0.000010	LD_0.9_12_1468
JU3168	0.000010	0.000010	0.000010	0.000011	0.000010	0.000010	0.000010	0.000010	0.000010	0.999889	0.000010	0.000010	LD_0.9_12_1468
JU3171	0.000010	0.000010	0.000010	0.000010	0.000010	0.000010	0.000010	0.000010	0.999890	0.000010	0.000010	0.000010	LD_0.9_12_1468
JU3199	0.000010	0.000010	0.000010	0.000010	0.000010	0.000010	0.999890	0.000010	0.000010	0.000010	0.000010	0.000010	LD_0.9_12_1468
JU3200	0.000010	0.000010	0.000010	0.000010	0.000010	0.000010	0.999890	0.000010	0.000010	0.000010	0.000010	0.000010	LD_0.9_12_1468
JU3201	0.000010	0.000010	0.000010	0.000010	0.000010	0.000010	0.999890	0.000010	0.000010	0.000010	0.000010	0.000010	LD_0.9_12_1468
JU3202	0.000017	0.000010	0.000010	0.000010	0.000010	0.000011	0.999881	0.000010	0.000010	0.000011	0.000010	0.000010	LD_0.9_12_1468
JU3203	0.000010	0.000010	0.000010	0.000010	0.000010	0.000010	0.999890	0.000010	0.000010	0.000010	0.000010	0.000010	LD_0.9_12_1468
JU3206	0.000010	0.000010	0.000010	0.000010	0.000010	0.000010	0.999890	0.000010	0.000010	0.000010	0.000010	0.000010	LD_0.9_12_1468
JU3207	0.000010	0.000010	0.000010	0.000010	0.000010	0.000010	0.000010	0.000013	0.999887	0.000010	0.000010	0.000010	LD_0.9_12_1468
JU3237	0.999889	0.000010	0.000010	0.000011	0.000010	0.000010	0.000010	0.000010	0.000010	0.000010	0.000010	0.000010	LD_0.9_12_1468
JU3281	0.000010	0.000010	0.000010	0.000012	0.000010	0.000010	0.000010	0.000010	0.999888	0.000010	0.000010	0.000010	LD_0.9_12_1468
JU3319	0.000010	0.000010	0.819762	0.000010	0.000010	0.000010	0.000010	0.000010	0.180138	0.000010	0.000010	0.000010	LD_0.9_12_1468
JU3321	0.000010	0.000010	0.000010	0.000010	0.000010	0.000010	0.000010	0.000010	0.999890	0.000010	0.000010	0.000010	LD_0.9_12_1468
JU3326	0.000010	0.000010	0.000010	0.000015	0.000011	0.061913	0.000010	0.000010	0.000010	0.937982	0.000010	0.000010	LD_0.9_12_1468
JU3327	0.000010	0.000010	0.082782	0.000010	0.000010	0.000010	0.000010	0.000010	0.917118	0.000010	0.000010	0.000010	LD_0.9_12_1468
JU3416	0.000010	0.029640	0.000010	0.000010	0.000010	0.902634	0.000010	0.000010	0.067637	0.000010	0.000010	0.000010	LD_0.9_12_1468
JU4042	0.000010	0.000010	0.000010	0.000010	0.000010	0.000010	0.000010	0.000010	0.999890	0.000010	0.000010	0.000010	LD_0.9_12_1468
JU4051	0.000010	0.000011	0.999889	0.000010	0.000010	0.000010	0.000010	0.000010	0.000010	0.000010	0.000010	0.000010	LD_0.9_12_1468
JU4058	0.000010	0.000010	0.999888	0.000010	0.000010	0.000012	0.000010	0.000010	0.000010	0.000010	0.000010	0.000010	LD_0.9_12_1468
JU4060	0.000010	0.000010	0.999890	0.000010	0.000010	0.000010	0.000010	0.000010	0.000010	0.000010	0.000010	0.000010	LD_0.9_12_1468
JU4062	0.000010	0.000010	0.999890	0.000010	0.000010	0.000010	0.000010	0.000010	0.000010	0.000010	0.000010	0.000010	LD_0.9_12_1468
JU4064	0.000010	0.000010	0.999890	0.000010	0.000010	0.000010	0.000010	0.000010	0.000010	0.000010	0.000010	0.000010	LD_0.9_12_1468
JU4080	0.000010	0.000010	0.000010	0.000016	0.000010	0.000010	0.000010	0.000010	0.999884	0.000010	0.000010	0.000010	LD_0.9_12_1468
JU4084	0.000010	0.000010	0.999890	0.000010	0.000010	0.000010	0.000010	0.000010	0.000010	0.000010	0.000010	0.000010	LD_0.9_12_1468
JU4097	0.000011	0.000011	0.999886	0.000010	0.000011	0.000010	0.000010	0.000010	0.000010	0.000010	0.000010	0.000010	LD_0.9_12_1468
JU725	0.000015	0.000010	0.759620	0.000010	0.000010	0.000010	0.000010	0.000010	0.240275	0.000010	0.000010	0.000010	LD_0.9_12_1468
MY2716	0.000010	0.000010	0.000010	0.000010	0.000010	0.000010	0.000010	0.000010	0.999890	0.000010	0.000010	0.000010	LD_0.9_12_1468
MY539	0.000010	0.000010	0.000010	0.000010	0.000010	0.000010	0.000010	0.000010	0.999890	0.000010	0.000010	0.000010	LD_0.9_12_1468
NIC1050	0.000010	0.000010	0.000010	0.000010	0.000010	0.000010	0.000010	0.357599	0.390603	0.000010	0.251708	0.000010	LD_0.9_12_1468
NIC1052	0.000010	0.000010	0.000010	0.000010	0.000010	0.000010	0.000010	0.438786	0.335996	0.000010	0.225129	0.000010	LD_0.9_12_1468
NIC1054	0.000010	0.000010	0.000010	0.000010	0.000010	0.000010	0.000010	0.053441	0.422059	0.000010	0.524410	0.000010	LD_0.9_12_1468
NIC1055	0.000010	0.000010	0.000010	0.000010	0.000010	0.000010	0.000010	0.067058	0.334559	0.000010	0.598293	0.000010	LD_0.9_12_1468
NIC1057	0.000010	0.000010	0.000010	0.000010	0.000010	0.000010	0.000010	0.145333	0.264241	0.000010	0.590336	0.000010	LD_0.9_12_1468
NIC1058	0.000010	0.000010	0.000010	0.000010	0.000010	0.000010	0.000010	0.000010	0.274953	0.000010	0.724947	0.000010	LD_0.9_12_1468
NIC1059	0.000010	0.000010	0.000010	0.000010	0.000010	0.000010	0.000010	0.053197	0.326412	0.000010	0.620301	0.000010	LD_0.9_12_1468
NIC1060	0.000010	0.000010	0.000010	0.000010	0.000010	0.000010	0.000010	0.000010	0.385257	0.000010	0.614643	0.000010	LD_0.9_12_1468
NIC1062	0.000010	0.000010	0.000010	0.000010	0.000010	0.000010	0.000010	0.000010	0.624699	0.000010	0.375201	0.000010	LD_0.9_12_1468
NIC1069	0.000010	0.000010	0.000010	0.000010	0.000010	0.000010	0.000010	0.000010	0.802741	0.000010	0.197159	0.000010	LD_0.9_12_1468
NIC1103	0.000010	0.000010	0.000010	0.000010	0.000010	0.000010	0.000010	0.209458	0.325950	0.000010	0.464502	0.000010	LD_0.9_12_1468
NIC1104	0.000010	0.000010	0.000010	0.000010	0.000010	0.000010	0.000010	0.000010	0.793569	0.000010	0.206331	0.000010	LD_0.9_12_1468
NIC1106	0.000010	0.000010	0.000010	0.000010	0.000010	0.000010	0.000010	0.000010	0.566144	0.000010	0.433756	0.000010	LD_0.9_12_1468
NIC1117	0.000010	0.000010	0.000010	0.000010	0.000010	0.000010	0.000010	0.000010	0.999890	0.000010	0.000010	0.000010	LD_0.9_12_1468
NIC1123	0.000010	0.000010	0.999890	0.000010	0.000010	0.000010	0.000010	0.000010	0.000010	0.000010	0.000010	0.000010	LD_0.9_12_1468
NIC1124	0.000010	0.000010	0.000010	0.000010	0.000010	0.000010	0.000010	0.463695	0.536205	0.000010	0.000010	0.000010	LD_0.9_12_1468
NIC1135	0.000010	0.000010	0.000010	0.000010	0.000010	0.000010	0.000010	0.373744	0.490423	0.000010	0.135743	0.000010	LD_0.9_12_1468
NIC1138	0.000010	0.000010	0.000010	0.000010	0.000010	0.000010	0.000010	0.474550	0.525350	0.000010	0.000010	0.000010	LD_0.9_12_1468
NIC1141	0.000010	0.000010	0.000010	0.000010	0.000010	0.000010	0.000010	0.445478	0.554422	0.000010	0.000010	0.000010	LD_0.9_12_1468
NIC115	0.000010	0.000010	0.000010	0.000010	0.000010	0.000010	0.000010	0.016114	0.983786	0.000010	0.000010	0.000010	LD_0.9_12_1468
NIC117	0.000010	0.000010	0.000010	0.000010	0.000010	0.000010	0.000010	0.000010	0.999890	0.000010	0.000010	0.000010	LD_0.9_12_1468
NIC1183	0.000010	0.000010	0.000010	0.000010	0.000010	0.000010	0.000010	0.454132	0.545768	0.000010	0.000010	0.000010	LD_0.9_12_1468
NIC119	0.000010	0.000010	0.000010	0.000010	0.000010	0.000010	0.000010	0.022451	0.977449	0.000010	0.000010	0.000010	LD_0.9_12_1468
NIC1190	0.000010	0.000010	0.000010	0.000010	0.000010	0.000010	0.000010	0.411595	0.588305	0.000010	0.000010	0.000010	LD_0.9_12_1468
NIC1202	0.080805	0.000010	0.000010	0.000010	0.000010	0.000010	0.000010	0.000010	0.919095	0.000010	0.000010	0.000010	LD_0.9_12_1468
NIC1204	0.112755	0.000010	0.001759	0.000010	0.000010	0.000010	0.000010	0.000010	0.885395	0.000010	0.000010	0.000010	LD_0.9_12_1468
NIC1205	0.000010	0.999890	0.000010	0.000010	0.000010	0.000010	0.000010	0.000010	0.000010	0.000010	0.000010	0.000010	LD_0.9_12_1468
NIC1218	0.000010	0.000010	0.000010	0.000010	0.000010	0.000010	0.000010	0.000010	0.999890	0.000010	0.000010	0.000010	LD_0.9_12_1468
NIC1220	0.000010	0.999888	0.000010	0.000010	0.000012	0.000010	0.000010	0.000010	0.000010	0.000010	0.000010	0.000010	LD_0.9_12_1468
NIC1221	0.115505	0.000010	0.000010	0.000010	0.000010	0.000010	0.000010	0.000010	0.884395	0.000010	0.000010	0.000010	LD_0.9_12_1468
NIC123	0.000010	0.000010	0.000010	0.000010	0.000010	0.000010	0.000010	0.000010	0.999890	0.000010	0.000010	0.000010	LD_0.9_12_1468
NIC1267	0.000014	0.000010	0.000010	0.000010	0.000010	0.000010	0.000010	0.224155	0.775741	0.000010	0.000010	0.000010	LD_0.9_12_1468
NIC1283	0.000010	0.000010	0.000010	0.000010	0.000010	0.000010	0.000010	0.398770	0.601130	0.000010	0.000010	0.000010	LD_0.9_12_1468
NIC1288	0.000017	0.000010	0.137819	0.000010	0.000010	0.000010	0.000010	0.417091	0.312937	0.000019	0.132057	0.000010	LD_0.9_12_1468
NIC1292	0.000010	0.000010	0.000010	0.000010	0.000010	0.000010	0.000010	0.429619	0.535122	0.000010	0.035169	0.000010	LD_0.9_12_1468
NIC1302	0.000010	0.000010	0.000010	0.000010	0.000010	0.000010	0.000010	0.354772	0.645128	0.000010	0.000010	0.000010	LD_0.9_12_1468
NIC1304	0.000010	0.000010	0.000010	0.000010	0.000010	0.000010	0.000010	0.454235	0.521613	0.000010	0.024062	0.000010	LD_0.9_12_1468
NIC1308	0.000010	0.000010	0.531458	0.000010	0.000010	0.000010	0.000010	0.000010	0.468440	0.000010	0.000012	0.000010	LD_0.9_12_1468
NIC1407	0.000010	0.000010	0.000010	0.000010	0.000010	0.000010	0.000010	0.492410	0.507490	0.000010	0.000010	0.000010	LD_0.9_12_1468
NIC1421	0.000010	0.000010	0.000010	0.000010	0.000010	0.000010	0.000010	0.000010	0.606793	0.000010	0.393107	0.000010	LD_0.9_12_1468
NIC1423	0.000010	0.000010	0.000013	0.000010	0.000010	0.000013	0.000010	0.429179	0.396953	0.000011	0.173770	0.000010	LD_0.9_12_1468
NIC1442	0.000010	0.000010	0.000010	0.000010	0.000010	0.000010	0.000010	0.404557	0.591338	0.000010	0.004015	0.000010	LD_0.9_12_1468
NIC1491	0.000010	0.000010	0.000010	0.000010	0.000010	0.000010	0.000018	0.405200	0.591085	0.000010	0.003617	0.000010	LD_0.9_12_1468
NIC1525	0.074503	0.000010	0.000017	0.000010	0.000010	0.000010	0.000010	0.000010	0.925389	0.000010	0.000010	0.000010	LD_0.9_12_1468
NIC1528	0.084685	0.000010	0.000010	0.000010	0.000010	0.000010	0.000010	0.000010	0.915215	0.000010	0.000010	0.000010	LD_0.9_12_1468
NIC1529	0.070399	0.000010	0.000010	0.000010	0.000010	0.000010	0.000010	0.000010	0.929501	0.000010	0.000010	0.000010	LD_0.9_12_1468
NIC1533	0.062961	0.000010	0.000010	0.000010	0.000010	0.000010	0.000010	0.000010	0.936939	0.000010	0.000010	0.000010	LD_0.9_12_1468
NIC1535	0.092282	0.000010	0.000010	0.000010	0.000010	0.000010	0.000011	0.000010	0.907617	0.000010	0.000010	0.000010	LD_0.9_12_1468
NIC1539	0.000010	0.999890	0.000010	0.000010	0.000010	0.000010	0.000010	0.000010	0.000010	0.000010	0.000010	0.000010	LD_0.9_12_1468
NIC1540	0.000010	0.000010	0.000010	0.000010	0.999890	0.000010	0.000010	0.000010	0.000010	0.000010	0.000010	0.000010	LD_0.9_12_1468
NIC1562	0.000010	0.999890	0.000010	0.000010	0.000010	0.000010	0.000010	0.000010	0.000010	0.000010	0.000010	0.000010	LD_0.9_12_1468
NIC1589	0.000010	0.000010	0.000010	0.000010	0.999890	0.000010	0.000010	0.000010	0.000010	0.000010	0.000010	0.000010	LD_0.9_12_1468
NIC1590	0.000010	0.999880	0.000010	0.000010	0.000010	0.000010	0.000010	0.000010	0.000010	0.000010	0.000020	0.000010	LD_0.9_12_1468
NIC1591	0.000010	0.000010	0.000015	0.000013	0.999881	0.000010	0.000010	0.000010	0.000010	0.000010	0.000010	0.000010	LD_0.9_12_1468
NIC1593	0.000014	0.000011	0.000013	0.000010	0.999878	0.000010	0.000010	0.000010	0.000010	0.000010	0.000013	0.000010	LD_0.9_12_1468
NIC1595	0.000010	0.999890	0.000010	0.000010	0.000010	0.000010	0.000010	0.000010	0.000010	0.000010	0.000010	0.000010	LD_0.9_12_1468
NIC1598	0.000010	0.988838	0.000010	0.000010	0.000018	0.000010	0.000012	0.000010	0.011051	0.000010	0.000010	0.000010	LD_0.9_12_1468
NIC1602	0.000010	0.999890	0.000010	0.000010	0.000010	0.000010	0.000010	0.000010	0.000010	0.000010	0.000010	0.000010	LD_0.9_12_1468
NIC1607	0.000010	0.000010	0.000010	0.999889	0.000011	0.000010	0.000010	0.000010	0.000010	0.000010	0.000010	0.000010	LD_0.9_12_1468
NIC1628	0.000010	0.000010	0.000010	0.000010	0.000010	0.000010	0.000010	0.000010	0.999890	0.000010	0.000010	0.000010	LD_0.9_12_1468
NIC1630	0.000010	0.999890	0.000010	0.000010	0.000010	0.000010	0.000010	0.000010	0.000010	0.000010	0.000010	0.000010	LD_0.9_12_1468
NIC1631	0.000010	0.999874	0.000010	0.000010	0.000019	0.000018	0.000010	0.000010	0.000010	0.000010	0.000010	0.000010	LD_0.9_12_1468
NIC1632	0.000010	0.000010	0.000010	0.000010	0.000010	0.999890	0.000010	0.000010	0.000010	0.000010	0.000010	0.000010	LD_0.9_12_1468
NIC1633	0.000010	0.000010	0.000010	0.000010	0.000010	0.999890	0.000010	0.000010	0.000010	0.000010	0.000010	0.000010	LD_0.9_12_1468
NIC1635	0.000010	0.000010	0.000010	0.000010	0.000010	0.999890	0.000010	0.000010	0.000010	0.000010	0.000010	0.000010	LD_0.9_12_1468
NIC1645	0.000010	0.999890	0.000010	0.000010	0.000010	0.000010	0.000010	0.000010	0.000010	0.000010	0.000010	0.000010	LD_0.9_12_1468
NIC1660	0.000010	0.999890	0.000010	0.000010	0.000010	0.000010	0.000010	0.000010	0.000010	0.000010	0.000010	0.000010	LD_0.9_12_1468
NIC1661	0.000010	0.999890	0.000010	0.000010	0.000010	0.000010	0.000010	0.000010	0.000010	0.000010	0.000010	0.000010	LD_0.9_12_1468
NIC1662	0.000010	0.999890	0.000010	0.000010	0.000010	0.000010	0.000010	0.000010	0.000010	0.000010	0.000010	0.000010	LD_0.9_12_1468
NIC1663	0.000010	0.999890	0.000010	0.000010	0.000010	0.000010	0.000010	0.000010	0.000010	0.000010	0.000010	0.000010	LD_0.9_12_1468
NIC1664	0.000010	0.000010	0.000010	0.000010	0.999890	0.000010	0.000010	0.000010	0.000010	0.000010	0.000010	0.000010	LD_0.9_12_1468
NIC1665	0.000010	0.000010	0.000010	0.000010	0.999890	0.000010	0.000010	0.000010	0.000010	0.000010	0.000010	0.000010	LD_0.9_12_1468
NIC1666	0.000010	0.999881	0.000010	0.000010	0.000010	0.000010	0.000010	0.000010	0.000019	0.000010	0.000010	0.000010	LD_0.9_12_1468
NIC1667	0.000010	0.999889	0.000010	0.000011	0.000010	0.000010	0.000010	0.000010	0.000010	0.000010	0.000010	0.000010	LD_0.9_12_1468
NIC1681	0.000010	0.999884	0.000010	0.000011	0.000010	0.000010	0.000013	0.000012	0.000010	0.000010	0.000010	0.000010	LD_0.9_12_1468
NIC1688	0.000010	0.000010	0.000010	0.000010	0.000010	0.000010	0.000010	0.000010	0.974218	0.000010	0.000010	0.025682	LD_0.9_12_1468
NIC1692	0.000010	0.999890	0.000010	0.000010	0.000010	0.000010	0.000010	0.000010	0.000010	0.000010	0.000010	0.000010	LD_0.9_12_1468
NIC1693	0.000010	0.999889	0.000010	0.000010	0.000010	0.000010	0.000010	0.000010	0.000011	0.000010	0.000010	0.000010	LD_0.9_12_1468
NIC17	0.000010	0.000010	0.000010	0.000010	0.000010	0.000010	0.000010	0.000010	0.992433	0.000010	0.007467	0.000010	LD_0.9_12_1468
NIC174	0.000010	0.000013	0.000012	0.000010	0.000010	0.999886	0.000010	0.000010	0.000010	0.000010	0.000010	0.000010	LD_0.9_12_1468
NIC187	0.000010	0.000010	0.000010	0.000010	0.000010	0.000010	0.000010	0.000010	0.999881	0.000010	0.000019	0.000010	LD_0.9_12_1468
NIC188	0.000010	0.000010	0.000010	0.000010	0.000010	0.000010	0.000010	0.000010	0.991155	0.000010	0.008745	0.000010	LD_0.9_12_1468
NIC19	0.000010	0.000012	0.000010	0.000010	0.999888	0.000010	0.000010	0.000010	0.000010	0.000010	0.000010	0.000010	LD_0.9_12_1468
NIC191	0.000010	0.000010	0.000010	0.000010	0.000010	0.000010	0.000010	0.000010	0.999890	0.000010	0.000010	0.000010	LD_0.9_12_1468
NIC20	0.000010	0.000012	0.000010	0.000010	0.999888	0.000010	0.000010	0.000010	0.000010	0.000010	0.000010	0.000010	LD_0.9_12_1468
NIC21	0.000010	0.000010	0.000010	0.000010	0.999885	0.000010	0.000010	0.000015	0.000010	0.000010	0.000010	0.000010	LD_0.9_12_1468
NIC22	0.000010	0.000010	0.000010	0.000010	0.999890	0.000010	0.000010	0.000010	0.000010	0.000010	0.000010	0.000010	LD_0.9_12_1468
NIC2369	0.000010	0.000010	0.999890	0.000010	0.000010	0.000010	0.000010	0.000010	0.000010	0.000010	0.000010	0.000010	LD_0.9_12_1468
NIC248	0.000010	0.000010	0.000010	0.000010	0.000010	0.000010	0.000010	0.000010	0.999890	0.000010	0.000010	0.000010	LD_0.9_12_1468
NIC250	0.000010	0.000010	0.000010	0.000010	0.000010	0.000010	0.000010	0.000010	0.999890	0.000010	0.000010	0.000010	LD_0.9_12_1468
NIC2527	0.000010	0.000010	0.000010	0.000010	0.000010	0.000010	0.000010	0.000010	0.999890	0.000010	0.000010	0.000010	LD_0.9_12_1468
NIC309	0.000010	0.000010	0.000010	0.000010	0.000010	0.000010	0.000010	0.303759	0.650843	0.000010	0.045309	0.000010	LD_0.9_12_1468
NIC325	0.000010	0.000010	0.000010	0.000010	0.000010	0.000010	0.000010	0.311247	0.644413	0.000010	0.044250	0.000010	LD_0.9_12_1468
NIC327	0.000010	0.000010	0.000010	0.000010	0.000010	0.000010	0.000010	0.530731	0.443252	0.000010	0.025927	0.000010	LD_0.9_12_1468
NIC329	0.000015	0.000010	0.000010	0.000010	0.000010	0.000012	0.000010	0.449951	0.549942	0.000010	0.000010	0.000010	LD_0.9_12_1468
NIC330	0.000013	0.000010	0.000010	0.000010	0.000010	0.000010	0.000010	0.420677	0.579220	0.000010	0.000010	0.000010	LD_0.9_12_1468
NIC331	0.000010	0.000010	0.000015	0.000010	0.000010	0.000010	0.000010	0.269235	0.582904	0.000010	0.147766	0.000010	LD_0.9_12_1468
NIC332	0.000010	0.000010	0.000010	0.000010	0.000010	0.000010	0.000010	0.487901	0.511999	0.000010	0.000010	0.000010	LD_0.9_12_1468
NIC333	0.000010	0.000010	0.000010	0.000010	0.000010	0.000010	0.000010	0.456756	0.543144	0.000010	0.000010	0.000010	LD_0.9_12_1468
NIC343	0.000010	0.000010	0.036330	0.000010	0.000010	0.000010	0.000012	0.000010	0.963560	0.000010	0.000018	0.000010	LD_0.9_12_1468
NIC392	0.000010	0.000010	0.000010	0.000010	0.000010	0.000010	0.000010	0.212055	0.787845	0.000010	0.000010	0.000010	LD_0.9_12_1468
NIC400	0.000014	0.000010	0.000010	0.000014	0.000010	0.000010	0.000010	0.482658	0.515642	0.000010	0.001602	0.000010	LD_0.9_12_1468
NIC402	0.000010	0.000010	0.000010	0.000010	0.000010	0.000010	0.000010	0.460169	0.519182	0.000010	0.020560	0.000010	LD_0.9_12_1468
NIC419	0.000010	0.000010	0.999890	0.000010	0.000010	0.000010	0.000010	0.000010	0.000010	0.000010	0.000010	0.000010	LD_0.9_12_1468
NIC504	0.000010	0.999890	0.000010	0.000010	0.000010	0.000010	0.000010	0.000010	0.000010	0.000010	0.000010	0.000010	LD_0.9_12_1468
NIC505	0.000010	0.999890	0.000010	0.000010	0.000010	0.000010	0.000010	0.000010	0.000010	0.000010	0.000010	0.000010	LD_0.9_12_1468
NIC518	0.000010	0.999890	0.000010	0.000010	0.000010	0.000010	0.000010	0.000010	0.000010	0.000010	0.000010	0.000010	LD_0.9_12_1468
NIC519	0.000010	0.999887	0.000010	0.000010	0.000011	0.000010	0.000010	0.000010	0.000010	0.000010	0.000012	0.000010	LD_0.9_12_1468
NIC532	0.000010	0.000010	0.000010	0.000010	0.000010	0.000010	0.000010	0.000010	0.999890	0.000010	0.000010	0.000010	LD_0.9_12_1468
NIC541	0.000016	0.000010	0.000010	0.000010	0.000010	0.000010	0.000010	0.078445	0.427327	0.000010	0.167026	0.327116	LD_0.9_12_1468
NIC549	0.000010	0.000010	0.000010	0.000010	0.000010	0.000010	0.000010	0.000010	0.999890	0.000010	0.000010	0.000010	LD_0.9_12_1468
NIC552	0.000010	0.000010	0.000010	0.000010	0.000010	0.000010	0.000010	0.000010	0.950128	0.000010	0.049772	0.000010	LD_0.9_12_1468
NIC555	0.000010	0.000010	0.000010	0.000010	0.000010	0.000010	0.000010	0.000010	0.741991	0.000010	0.257909	0.000010	LD_0.9_12_1468
NIC574	0.000010	0.000010	0.000010	0.000010	0.000010	0.000010	0.000010	0.000010	0.990012	0.000010	0.009888	0.000010	LD_0.9_12_1468
NIC578	0.000010	0.000010	0.000010	0.000010	0.000010	0.000010	0.000010	0.000010	0.999889	0.000011	0.000010	0.000010	LD_0.9_12_1468
NIC583	0.000010	0.000010	0.000010	0.000010	0.000010	0.000010	0.000010	0.000010	0.774130	0.000010	0.225770	0.000010	LD_0.9_12_1468
NIC590	0.000010	0.000010	0.000010	0.000010	0.000010	0.000010	0.000010	0.006033	0.725465	0.000010	0.064983	0.203439	LD_0.9_12_1468
NIC593	0.000010	0.000010	0.000010	0.000010	0.000010	0.000010	0.000010	0.000010	0.999888	0.000010	0.000012	0.000010	LD_0.9_12_1468
NIC60	0.000010	0.000010	0.000010	0.000010	0.000010	0.000010	0.000010	0.270984	0.728916	0.000010	0.000010	0.000010	LD_0.9_12_1468
NIC61	0.000010	0.000010	0.000010	0.000010	0.000010	0.000010	0.000010	0.018111	0.978723	0.000010	0.003076	0.000010	LD_0.9_12_1468
NIC62	0.000010	0.000010	0.000010	0.000010	0.000010	0.000010	0.000010	0.108719	0.891181	0.000010	0.000010	0.000010	LD_0.9_12_1468
NIC67	0.000011	0.000010	0.999889	0.000010	0.000010	0.000010	0.000010	0.000010	0.000010	0.000010	0.000010	0.000010	LD_0.9_12_1468
NIC758	0.000010	0.000010	0.000017	0.000010	0.000010	0.000010	0.000010	0.000010	0.751803	0.000010	0.057817	0.190284	LD_0.9_12_1468
NIC777	0.069757	0.000010	0.000010	0.000010	0.000018	0.000013	0.000010	0.074824	0.718469	0.000010	0.129703	0.007166	LD_0.9_12_1468
NIC779	0.000010	0.999890	0.000010	0.000010	0.000010	0.000010	0.000010	0.000010	0.000010	0.000010	0.000010	0.000010	LD_0.9_12_1468
NIC790	0.000010	0.000010	0.000010	0.000010	0.000010	0.000010	0.000010	0.000010	0.999890	0.000010	0.000010	0.000010	LD_0.9_12_1468
NIC791	0.999890	0.000010	0.000010	0.000010	0.000010	0.000010	0.000010	0.000010	0.000010	0.000010	0.000010	0.000010	LD_0.9_12_1468
NIC792	0.324326	0.000010	0.000010	0.000010	0.000010	0.000010	0.000010	0.000010	0.675574	0.000010	0.000010	0.000010	LD_0.9_12_1468
NIC793	0.000010	0.000010	0.000010	0.000010	0.000010	0.000010	0.000010	0.000010	0.999890	0.000010	0.000010	0.000010	LD_0.9_12_1468
NIC795	0.000010	0.000010	0.000010	0.000010	0.000010	0.000010	0.000010	0.000010	0.999890	0.000010	0.000010	0.000010	LD_0.9_12_1468
NIC796	0.000010	0.000010	0.000010	0.000010	0.008183	0.000010	0.000010	0.000010	0.991717	0.000010	0.000010	0.000010	LD_0.9_12_1468
NIC802	0.000010	0.000010	0.000010	0.000010	0.000010	0.000010	0.000010	0.000010	0.999890	0.000010	0.000010	0.000010	LD_0.9_12_1468
NIC803	0.000010	0.000010	0.000010	0.000010	0.000010	0.000010	0.000010	0.000010	0.999890	0.000010	0.000010	0.000010	LD_0.9_12_1468
NIC805	0.000010	0.999890	0.000010	0.000010	0.000010	0.000010	0.000010	0.000010	0.000010	0.000010	0.000010	0.000010	LD_0.9_12_1468
NIC811	0.033540	0.000010	0.000010	0.000010	0.000010	0.000010	0.000010	0.000010	0.966360	0.000010	0.000010	0.000010	LD_0.9_12_1468
NIC814	0.000010	0.999889	0.000010	0.000010	0.000010	0.000010	0.000010	0.000010	0.000010	0.000011	0.000010	0.000010	LD_0.9_12_1468
NIC815	0.000010	0.999886	0.000011	0.000010	0.000013	0.000010	0.000010	0.000010	0.000010	0.000010	0.000010	0.000010	LD_0.9_12_1468
NIC816	0.000010	0.000010	0.000010	0.000010	0.999890	0.000010	0.000010	0.000010	0.000010	0.000010	0.000010	0.000010	LD_0.9_12_1468
NIC819	0.000010	0.000010	0.000010	0.999889	0.000010	0.000010	0.000010	0.000010	0.000010	0.000011	0.000010	0.000010	LD_0.9_12_1468
NIC821	0.000010	0.000010	0.000019	0.000010	0.000010	0.000010	0.000010	0.000010	0.917042	0.000010	0.000010	0.082849	LD_0.9_12_1468
NIC822	0.000010	0.999890	0.000010	0.000010	0.000010	0.000010	0.000010	0.000010	0.000010	0.000010	0.000010	0.000010	LD_0.9_12_1468
NIC824	0.000010	0.999890	0.000010	0.000010	0.000010	0.000010	0.000010	0.000010	0.000010	0.000010	0.000010	0.000010	LD_0.9_12_1468
NIC825	0.000010	0.000010	0.000010	0.000010	0.999890	0.000010	0.000010	0.000010	0.000010	0.000010	0.000010	0.000010	LD_0.9_12_1468
NIC827	0.000010	0.000010	0.000010	0.000010	0.999890	0.000010	0.000010	0.000010	0.000010	0.000010	0.000010	0.000010	LD_0.9_12_1468
NIC828	0.000010	0.000010	0.000010	0.000010	0.999887	0.000010	0.000010	0.000010	0.000010	0.000010	0.000013	0.000010	LD_0.9_12_1468
NIC863	0.000010	0.999890	0.000010	0.000010	0.000010	0.000010	0.000010	0.000010	0.000010	0.000010	0.000010	0.000010	LD_0.9_12_1468
NIC864	0.000010	0.999890	0.000010	0.000010	0.000010	0.000010	0.000010	0.000010	0.000010	0.000010	0.000010	0.000010	LD_0.9_12_1468
NIC865	0.000010	0.999890	0.000010	0.000010	0.000010	0.000010	0.000010	0.000010	0.000010	0.000010	0.000010	0.000010	LD_0.9_12_1468
NIC871	0.000010	0.000010	0.000010	0.000010	0.000010	0.000010	0.000010	0.000010	0.999890	0.000010	0.000010	0.000010	LD_0.9_12_1468
NIC883	0.000010	0.000010	0.000010	0.000010	0.000010	0.000010	0.000010	0.000010	0.962877	0.000010	0.000010	0.037023	LD_0.9_12_1468
NIC889	0.000010	0.999890	0.000010	0.000010	0.000010	0.000010	0.000010	0.000010	0.000010	0.000010	0.000010	0.000010	LD_0.9_12_1468
NIC893	0.000010	0.000010	0.000010	0.000010	0.000010	0.000010	0.000010	0.000010	0.000010	0.999890	0.000010	0.000010	LD_0.9_12_1468
NIC897	0.000010	0.999887	0.000010	0.000010	0.000010	0.000010	0.000010	0.000010	0.000010	0.000010	0.000013	0.000010	LD_0.9_12_1468
NIC899	0.000010	0.000010	0.000010	0.000010	0.000010	0.999889	0.000010	0.000010	0.000011	0.000010	0.000010	0.000010	LD_0.9_12_1468
NIC901	0.000010	0.000010	0.000010	0.000010	0.000010	0.000010	0.000010	0.000010	0.999890	0.000010	0.000010	0.000010	LD_0.9_12_1468
NIC911	0.000010	0.000010	0.000010	0.000010	0.000010	0.000010	0.000010	0.000010	0.999890	0.000010	0.000010	0.000010	LD_0.9_12_1468
NIC96	0.000010	0.000010	0.000010	0.000010	0.000010	0.000010	0.000010	0.402836	0.589705	0.000010	0.007369	0.000010	LD_0.9_12_1468
NIC984	0.000010	0.000010	0.000010	0.000010	0.000010	0.000010	0.000010	0.000010	0.999890	0.000010	0.000010	0.000010	LD_0.9_12_1468
NIC985	0.000010	0.000010	0.160147	0.000010	0.000010	0.000010	0.000010	0.000010	0.839753	0.000010	0.000010	0.000010	LD_0.9_12_1468
PB800	0.000010	0.000010	0.000010	0.000010	0.000010	0.999890	0.000010	0.000010	0.000010	0.000010	0.000010	0.000010	LD_0.9_12_1468
PB857	0.000010	0.000010	0.000013	0.000010	0.000010	0.999887	0.000010	0.000010	0.000010	0.000010	0.000010	0.000010	LD_0.9_12_1468
PE887	0.000010	0.000010	0.000010	0.000010	0.000010	0.000010	0.000010	0.000010	0.999890	0.000010	0.000010	0.000010	LD_0.9_12_1468
QG1005	0.000010	0.000010	0.000010	0.000010	0.000010	0.000010	0.000010	0.434467	0.026457	0.000010	0.538986	0.000010	LD_0.9_12_1468
QG1007	0.000010	0.000010	0.000010	0.000010	0.000010	0.000010	0.000010	0.999890	0.000010	0.000010	0.000010	0.000010	LD_0.9_12_1468
QG1111	0.000010	0.000010	0.000010	0.000010	0.000010	0.000010	0.000010	0.488136	0.000010	0.000010	0.511764	0.000010	LD_0.9_12_1468
QG1126	0.000010	0.000010	0.000010	0.000010	0.000010	0.000010	0.000010	0.999890	0.000010	0.000010	0.000010	0.000010	LD_0.9_12_1468
QG1141	0.000010	0.000010	0.000010	0.000010	0.000010	0.000010	0.000010	0.000014	0.000010	0.000010	0.999886	0.000010	LD_0.9_12_1468
QG1155	0.000010	0.000010	0.000010	0.000010	0.000010	0.000010	0.000010	0.000010	0.000010	0.000010	0.999890	0.000010	LD_0.9_12_1468
QG130	0.000010	0.000010	0.000010	0.000015	0.000010	0.000010	0.000010	0.000010	0.999885	0.000010	0.000010	0.000010	LD_0.9_12_1468
QG132	0.000010	0.000010	0.000010	0.000010	0.000010	0.000010	0.000010	0.000010	0.999890	0.000010	0.000010	0.000010	LD_0.9_12_1468
QG133	0.000010	0.977912	0.000010	0.000010	0.000010	0.000010	0.000010	0.000010	0.021988	0.000010	0.000010	0.000010	LD_0.9_12_1468
QG2641	0.000010	0.000010	0.000010	0.000010	0.000010	0.000010	0.000010	0.778283	0.000010	0.000010	0.221617	0.000010	LD_0.9_12_1468
QG2648	0.000010	0.000010	0.000010	0.000010	0.000010	0.000010	0.000010	0.999890	0.000010	0.000010	0.000010	0.000010	LD_0.9_12_1468
QG2659	0.000010	0.000010	0.000010	0.000010	0.000010	0.000010	0.000010	0.395693	0.000010	0.000010	0.604207	0.000010	LD_0.9_12_1468
QG2663	0.000010	0.000010	0.000010	0.000010	0.000010	0.000010	0.000010	0.093998	0.000010	0.000010	0.905902	0.000010	LD_0.9_12_1468
QG2665	0.000010	0.000010	0.000010	0.000010	0.000010	0.000010	0.000010	0.855957	0.000010	0.000010	0.143943	0.000010	LD_0.9_12_1468
QG2683	0.000010	0.000010	0.000010	0.000010	0.000010	0.000010	0.000010	0.000010	0.000010	0.000010	0.999890	0.000010	LD_0.9_12_1468
QG2736	0.000010	0.000010	0.000010	0.000010	0.000010	0.000010	0.000010	0.460158	0.000010	0.000010	0.539742	0.000010	LD_0.9_12_1468
QG2814	0.000010	0.000010	0.000010	0.000010	0.000010	0.000010	0.000010	0.000010	0.999890	0.000010	0.000010	0.000010	LD_0.9_12_1468
QG2820	0.000010	0.000010	0.000010	0.000010	0.000010	0.000010	0.000010	0.000010	0.996496	0.000010	0.000010	0.003404	LD_0.9_12_1468
QG2848	0.000010	0.000010	0.000010	0.000010	0.000010	0.000010	0.000010	0.000010	0.999890	0.000010	0.000010	0.000010	LD_0.9_12_1468
QG2880	0.000010	0.000010	0.000010	0.000010	0.000010	0.000010	0.000010	0.000010	0.000010	0.000010	0.000010	0.999890	LD_0.9_12_1468
QG2881	0.000010	0.000010	0.000010	0.000010	0.000010	0.000010	0.000010	0.000010	0.999890	0.000010	0.000010	0.000010	LD_0.9_12_1468
QG2883	0.000010	0.000010	0.000010	0.000010	0.000010	0.000010	0.000010	0.000010	0.999890	0.000010	0.000010	0.000010	LD_0.9_12_1468
QG2884	0.000010	0.000010	0.000010	0.000010	0.000010	0.000010	0.000010	0.000010	0.000010	0.000010	0.000010	0.999890	LD_0.9_12_1468
QG2891	0.000010	0.000010	0.000010	0.000011	0.000014	0.000010	0.999884	0.000010	0.000010	0.000010	0.000010	0.000010	LD_0.9_12_1468
QG2892	0.000010	0.000010	0.000010	0.000010	0.000010	0.000010	0.000010	0.000010	0.000010	0.000010	0.000010	0.999890	LD_0.9_12_1468
QG2893	0.000012	0.000010	0.000015	0.000010	0.000010	0.000011	0.709257	0.000010	0.000020	0.290624	0.000012	0.000010	LD_0.9_12_1468
QG2895	0.000010	0.000010	0.000010	0.000010	0.000010	0.000010	0.000010	0.000010	0.000010	0.000010	0.000010	0.999890	LD_0.9_12_1468
QG2902	0.000010	0.000010	0.000010	0.000010	0.000010	0.000010	0.000010	0.000010	0.000010	0.000010	0.000010	0.999890	LD_0.9_12_1468
QG2903	0.000010	0.000010	0.000010	0.000010	0.000010	0.000010	0.000010	0.000010	0.000010	0.000010	0.000010	0.999890	LD_0.9_12_1468
QG2906	0.000010	0.000010	0.000010	0.000010	0.000010	0.000010	0.000010	0.000010	0.000010	0.000010	0.000010	0.999890	LD_0.9_12_1468
QG2908	0.000010	0.000013	0.000014	0.000010	0.000010	0.000010	0.718424	0.000010	0.000010	0.281464	0.000015	0.000010	LD_0.9_12_1468
QG2910	0.000010	0.000010	0.000010	0.000010	0.000010	0.000010	0.000010	0.000010	0.999890	0.000010	0.000010	0.000010	LD_0.9_12_1468
QG2919	0.000010	0.000010	0.000010	0.000010	0.000010	0.000010	0.999890	0.000010	0.000010	0.000010	0.000010	0.000010	LD_0.9_12_1468
QG2923	0.000010	0.000010	0.000010	0.000010	0.000010	0.000010	0.000010	0.000010	0.000012	0.000010	0.000010	0.999888	LD_0.9_12_1468
QG2925	0.000010	0.000010	0.000010	0.000010	0.000010	0.000010	0.000010	0.000010	0.000010	0.000010	0.000010	0.999890	LD_0.9_12_1468
QG2964	0.000010	0.000010	0.000010	0.000010	0.000010	0.000010	0.000010	0.000010	0.000010	0.000010	0.999890	0.000010	LD_0.9_12_1468
QG2966	0.000010	0.000010	0.000010	0.000010	0.000010	0.000010	0.000010	0.000010	0.278326	0.000010	0.721574	0.000010	LD_0.9_12_1468
QG2969	0.000010	0.000010	0.000010	0.000010	0.000010	0.000010	0.000010	0.946676	0.000010	0.000010	0.053224	0.000010	LD_0.9_12_1468
QG2972	0.000010	0.000010	0.000010	0.000010	0.000010	0.000010	0.000010	0.601947	0.000010	0.000010	0.397953	0.000010	LD_0.9_12_1468
QG2996	0.000010	0.000010	0.000010	0.000010	0.000010	0.000010	0.000010	0.999890	0.000010	0.000010	0.000010	0.000010	LD_0.9_12_1468
QG3004	0.000010	0.000010	0.000010	0.000010	0.000010	0.000010	0.000010	0.088598	0.132333	0.000010	0.778979	0.000010	LD_0.9_12_1468
QG3006	0.000010	0.000010	0.000010	0.000010	0.000010	0.000010	0.000010	0.722152	0.000010	0.000010	0.277748	0.000010	LD_0.9_12_1468
QG3019	0.000010	0.000010	0.000010	0.000010	0.000010	0.000010	0.000010	0.212609	0.044216	0.000010	0.743085	0.000010	LD_0.9_12_1468
QG3025	0.000010	0.000010	0.000010	0.000010	0.000010	0.000010	0.000010	0.999890	0.000010	0.000010	0.000010	0.000010	LD_0.9_12_1468
QG3030	0.000010	0.000010	0.000010	0.000010	0.000010	0.000010	0.000010	0.999890	0.000010	0.000010	0.000010	0.000010	LD_0.9_12_1468
QG3032	0.000010	0.000010	0.000010	0.000010	0.000010	0.000010	0.000010	0.078489	0.124705	0.000010	0.796716	0.000010	LD_0.9_12_1468
QG3034	0.000010	0.000010	0.000010	0.000010	0.000010	0.000010	0.000010	0.999890	0.000010	0.000010	0.000010	0.000010	LD_0.9_12_1468
QG3041	0.000010	0.000010	0.000010	0.000010	0.000010	0.000010	0.000010	0.999890	0.000010	0.000010	0.000010	0.000010	LD_0.9_12_1468
QG3053	0.000010	0.000010	0.000015	0.000010	0.000010	0.000010	0.000010	0.000010	0.999885	0.000010	0.000010	0.000010	LD_0.9_12_1468
QG3056	0.000010	0.000010	0.000010	0.000010	0.000010	0.000010	0.000010	0.000010	0.287044	0.000010	0.712856	0.000010	LD_0.9_12_1468
QG3057	0.000010	0.000010	0.000010	0.000010	0.000010	0.000010	0.000010	0.833707	0.000010	0.000010	0.166193	0.000010	LD_0.9_12_1468
QG3058	0.000010	0.000010	0.000010	0.000010	0.000010	0.000010	0.000010	0.136152	0.000010	0.000010	0.863748	0.000010	LD_0.9_12_1468
QG3527	0.000010	0.000010	0.000010	0.000010	0.000010	0.000010	0.000010	0.130697	0.793144	0.000010	0.076070	0.000010	LD_0.9_12_1468
QG3661	0.000010	0.000010	0.000010	0.000010	0.000010	0.999885	0.000010	0.000010	0.000015	0.000010	0.000010	0.000010	LD_0.9_12_1468
QG3783	0.000010	0.000010	0.000010	0.000010	0.000010	0.000010	0.000010	0.000010	0.771763	0.000010	0.228137	0.000010	LD_0.9_12_1468
QG3801	0.000010	0.000010	0.000010	0.000010	0.000010	0.000010	0.000010	0.327473	0.051553	0.000010	0.620884	0.000010	LD_0.9_12_1468
QG3815	0.000010	0.000010	0.000010	0.000010	0.000010	0.000010	0.000010	0.000010	0.809827	0.000010	0.190073	0.000010	LD_0.9_12_1468
QG3816	0.000010	0.000010	0.000010	0.000010	0.000010	0.000010	0.000010	0.000010	0.876477	0.000010	0.123423	0.000010	LD_0.9_12_1468
QG3823	0.000010	0.000010	0.000010	0.000010	0.000010	0.000010	0.000010	0.764355	0.093678	0.000010	0.141877	0.000010	LD_0.9_12_1468
QG3825	0.000010	0.000010	0.000010	0.000010	0.000010	0.000010	0.000010	0.000010	0.952997	0.000010	0.046903	0.000010	LD_0.9_12_1468
QG3826	0.000010	0.000010	0.000010	0.000010	0.000010	0.000010	0.000010	0.000010	0.776494	0.000010	0.223406	0.000010	LD_0.9_12_1468
QG3837	0.000010	0.000010	0.000010	0.000010	0.000010	0.000010	0.000010	0.000012	0.956337	0.000010	0.043561	0.000010	LD_0.9_12_1468
QG3851	0.000010	0.000010	0.000010	0.000010	0.000010	0.000010	0.000010	0.000010	0.751862	0.000010	0.248038	0.000010	LD_0.9_12_1468
QG3861	0.000010	0.000010	0.000010	0.000010	0.000010	0.000010	0.000010	0.000010	0.818674	0.000010	0.181226	0.000010	LD_0.9_12_1468
QG3867	0.000010	0.000010	0.000010	0.000010	0.000010	0.000010	0.000010	0.588975	0.125526	0.000010	0.285409	0.000010	LD_0.9_12_1468
QG3874	0.000010	0.000010	0.000010	0.000010	0.000010	0.000010	0.000010	0.000010	0.949550	0.000010	0.050350	0.000010	LD_0.9_12_1468
QG3875	0.000010	0.000010	0.000010	0.000010	0.000010	0.000010	0.000010	0.020330	0.896130	0.000010	0.083450	0.000010	LD_0.9_12_1468
QG3876	0.000010	0.000010	0.000010	0.000010	0.000010	0.000010	0.000010	0.000010	0.768064	0.000010	0.231836	0.000010	LD_0.9_12_1468
QG3878	0.000010	0.000011	0.000010	0.000010	0.000010	0.000010	0.000011	0.008984	0.885819	0.000010	0.105105	0.000010	LD_0.9_12_1468
QG3920	0.000010	0.000010	0.000010	0.000010	0.000010	0.000010	0.000010	0.000010	0.699451	0.000010	0.300449	0.000010	LD_0.9_12_1468
QG3921	0.000010	0.000010	0.000010	0.000010	0.000010	0.000010	0.000010	0.000010	0.712294	0.000010	0.287606	0.000010	LD_0.9_12_1468
QG3923	0.000010	0.000010	0.000010	0.000010	0.000010	0.000010	0.000010	0.000010	0.904607	0.000010	0.095293	0.000010	LD_0.9_12_1468
QG3924	0.000010	0.000010	0.000019	0.000010	0.000010	0.000010	0.000010	0.000010	0.614612	0.000010	0.385279	0.000010	LD_0.9_12_1468
QG3925	0.000010	0.000010	0.000010	0.000010	0.000010	0.000010	0.000010	0.053920	0.822050	0.000010	0.123939	0.000010	LD_0.9_12_1468
QG3926	0.000010	0.000010	0.000010	0.000010	0.000010	0.000010	0.000010	0.000010	0.838271	0.000010	0.161629	0.000010	LD_0.9_12_1468
QG3927	0.000010	0.000010	0.000010	0.000010	0.000010	0.000010	0.000010	0.000010	0.839620	0.000010	0.160280	0.000010	LD_0.9_12_1468
QG3931	0.000018	0.000010	0.000010	0.000010	0.000010	0.000010	0.000010	0.005668	0.610460	0.000010	0.383775	0.000010	LD_0.9_12_1468
QG3932	0.000010	0.000010	0.000010	0.000010	0.000010	0.000010	0.000010	0.017410	0.752884	0.000010	0.229617	0.000010	LD_0.9_12_1468
QG3933	0.000013	0.000010	0.000010	0.000010	0.000010	0.000010	0.000010	0.000010	0.999887	0.000010	0.000010	0.000010	LD_0.9_12_1468
QG4026	0.000010	0.000010	0.000010	0.000010	0.000010	0.000010	0.999890	0.000010	0.000010	0.000010	0.000010	0.000010	LD_0.9_12_1468
QG4028	0.000010	0.000010	0.000010	0.000010	0.000014	0.000010	0.999886	0.000010	0.000010	0.000010	0.000010	0.000010	LD_0.9_12_1468
QG4031	0.000010	0.000010	0.000010	0.000010	0.000010	0.000010	0.999890	0.000010	0.000010	0.000010	0.000010	0.000010	LD_0.9_12_1468
QG4063	0.000010	0.000010	0.000010	0.000013	0.000010	0.000010	0.999886	0.000010	0.000010	0.000010	0.000011	0.000010	LD_0.9_12_1468
QG4064	0.000010	0.000010	0.000010	0.000010	0.000010	0.000013	0.999885	0.000010	0.000010	0.000011	0.000010	0.000010	LD_0.9_12_1468
QG4067	0.000010	0.000010	0.000010	0.000010	0.000010	0.000010	0.999889	0.000010	0.000010	0.000010	0.000011	0.000010	LD_0.9_12_1468
QG4068	0.000010	0.000010	0.000010	0.000010	0.000010	0.000010	0.999890	0.000010	0.000010	0.000010	0.000010	0.000010	LD_0.9_12_1468
QG4070	0.000010	0.000010	0.000010	0.000010	0.000010	0.000013	0.000010	0.000010	0.999887	0.000010	0.000010	0.000010	LD_0.9_12_1468
QG4093	0.000010	0.000010	0.000010	0.000010	0.000010	0.000010	0.999890	0.000010	0.000010	0.000010	0.000010	0.000010	LD_0.9_12_1468
QG4094	0.000010	0.000010	0.000010	0.000010	0.000010	0.000010	0.999890	0.000010	0.000010	0.000010	0.000010	0.000010	LD_0.9_12_1468
QG4095	0.000010	0.000010	0.000010	0.000010	0.000010	0.000010	0.999890	0.000010	0.000010	0.000010	0.000010	0.000010	LD_0.9_12_1468
QG4096	0.000010	0.000010	0.000010	0.000010	0.000010	0.000014	0.999886	0.000010	0.000010	0.000010	0.000010	0.000010	LD_0.9_12_1468
QG4097	0.000010	0.000010	0.000010	0.000010	0.000010	0.000010	0.999890	0.000010	0.000010	0.000010	0.000010	0.000010	LD_0.9_12_1468
QG4104	0.000010	0.000010	0.000010	0.000010	0.000010	0.000010	0.999886	0.000010	0.000010	0.000014	0.000010	0.000010	LD_0.9_12_1468
QG4114	0.000010	0.000010	0.000010	0.000010	0.000010	0.000010	0.999890	0.000010	0.000010	0.000010	0.000010	0.000010	LD_0.9_12_1468
QG4131	0.000010	0.000010	0.000010	0.000010	0.000010	0.000010	0.999890	0.000010	0.000010	0.000010	0.000010	0.000010	LD_0.9_12_1468
QG4132	0.000010	0.000010	0.000010	0.000010	0.000010	0.000010	0.999890	0.000010	0.000010	0.000010	0.000010	0.000010	LD_0.9_12_1468
QG4208	0.000010	0.000010	0.000010	0.000010	0.000010	0.000015	0.999885	0.000010	0.000010	0.000010	0.000010	0.000010	LD_0.9_12_1468
QG4214	0.000010	0.000010	0.000010	0.000010	0.000010	0.000010	0.999890	0.000010	0.000010	0.000010	0.000010	0.000010	LD_0.9_12_1468
QG4225	0.000010	0.000010	0.000010	0.000010	0.000010	0.000019	0.999881	0.000010	0.000010	0.000010	0.000010	0.000010	LD_0.9_12_1468
QG4232	0.000010	0.000010	0.000010	0.000010	0.000010	0.000010	0.999890	0.000010	0.000010	0.000010	0.000010	0.000010	LD_0.9_12_1468
QG4233	0.000010	0.000010	0.000010	0.000010	0.000010	0.000010	0.999890	0.000010	0.000010	0.000010	0.000010	0.000010	LD_0.9_12_1468
QG4647	0.999890	0.000010	0.000010	0.000010	0.000010	0.000010	0.000010	0.000010	0.000010	0.000010	0.000010	0.000010	LD_0.9_12_1468
QG4648	0.000010	0.000010	0.000010	0.000010	0.000010	0.000010	0.000010	0.000010	0.840617	0.000010	0.000010	0.159283	LD_0.9_12_1468
QG4683	0.000010	0.000010	0.000010	0.000010	0.000010	0.000010	0.000010	0.000010	0.863484	0.000010	0.000010	0.136416	LD_0.9_12_1468
QG4701	0.504112	0.000010	0.000010	0.000014	0.000010	0.000012	0.000010	0.000010	0.345691	0.000010	0.000010	0.150100	LD_0.9_12_1468
QG4706	0.000010	0.000010	0.000010	0.000010	0.000010	0.000010	0.000010	0.000010	0.866022	0.000010	0.000010	0.133878	LD_0.9_12_1468
QG4718	0.000010	0.000010	0.000010	0.000010	0.000010	0.000010	0.000010	0.000010	0.884106	0.000010	0.000010	0.115794	LD_0.9_12_1468
QG4742	0.014965	0.000010	0.000010	0.000010	0.000010	0.000010	0.000010	0.000010	0.891289	0.000010	0.000010	0.093656	LD_0.9_12_1468
QG4805	0.999890	0.000010	0.000010	0.000010	0.000010	0.000010	0.000010	0.000010	0.000010	0.000010	0.000010	0.000010	LD_0.9_12_1468
QG4847	0.000010	0.000010	0.000010	0.000013	0.000010	0.000010	0.000010	0.000010	0.999887	0.000010	0.000010	0.000010	LD_0.9_12_1468
QG4966	0.000010	0.000010	0.000010	0.000010	0.000010	0.000010	0.000010	0.000010	0.840562	0.000010	0.000010	0.159338	LD_0.9_12_1468
QG5348	0.000010	0.000010	0.000010	0.000010	0.000010	0.000010	0.000010	0.000010	0.885597	0.000010	0.000010	0.114303	LD_0.9_12_1468
QG5406	0.000010	0.000010	0.000010	0.000010	0.000010	0.000010	0.000010	0.000010	0.850940	0.000010	0.000010	0.148960	LD_0.9_12_1468
QG547	0.000010	0.000010	0.000010	0.000010	0.000010	0.999889	0.000010	0.000010	0.000011	0.000010	0.000010	0.000010	LD_0.9_12_1468
QG5474	0.676952	0.000010	0.000010	0.000010	0.000010	0.000010	0.000010	0.000010	0.322948	0.000010	0.000010	0.000010	LD_0.9_12_1468
QG5488	0.000010	0.000010	0.000010	0.000010	0.000010	0.000010	0.000010	0.000010	0.905888	0.000010	0.000010	0.094012	LD_0.9_12_1468
QG550	0.369819	0.000010	0.064420	0.000010	0.000010	0.000015	0.000010	0.000010	0.565667	0.000010	0.000010	0.000010	LD_0.9_12_1468
QG5507	0.169227	0.000010	0.000010	0.000010	0.000010	0.000010	0.000010	0.000010	0.737967	0.000010	0.000010	0.092716	LD_0.9_12_1468
QG5525	0.000010	0.000010	0.000010	0.000010	0.000010	0.000010	0.000010	0.000010	0.847727	0.000010	0.000010	0.152172	LD_0.9_12_1468
QG5589	0.869988	0.000010	0.000010	0.000010	0.000010	0.000010	0.000010	0.000010	0.129912	0.000010	0.000010	0.000010	LD_0.9_12_1468
QG5603	0.688485	0.000010	0.000010	0.000010	0.000010	0.000010	0.000010	0.000010	0.311415	0.000010	0.000010	0.000010	LD_0.9_12_1468
QG5611	0.000010	0.000010	0.000010	0.000010	0.000010	0.000010	0.000010	0.000019	0.830326	0.000010	0.000010	0.169565	LD_0.9_12_1468
QG5612	0.000019	0.000010	0.000010	0.000010	0.000010	0.000010	0.000010	0.000010	0.900727	0.000010	0.000010	0.099165	LD_0.9_12_1468
QG5633	0.000010	0.000010	0.000010	0.000010	0.000010	0.000010	0.000010	0.000010	0.811351	0.000010	0.000010	0.188549	LD_0.9_12_1468
QG581	0.000010	0.000010	0.000010	0.000010	0.000010	0.999890	0.000010	0.000010	0.000010	0.000010	0.000010	0.000010	LD_0.9_12_1468
QG588	0.000010	0.000010	0.000010	0.000010	0.000010	0.999890	0.000010	0.000010	0.000010	0.000010	0.000010	0.000010	LD_0.9_12_1468
QG700	0.000010	0.000010	0.000010	0.000010	0.000010	0.000010	0.000010	0.000010	0.060143	0.000010	0.939757	0.000010	LD_0.9_12_1468
QG727	0.000010	0.000010	0.000010	0.000010	0.000010	0.000010	0.000010	0.000010	0.000010	0.000010	0.999890	0.000010	LD_0.9_12_1468
QG733	0.000010	0.000010	0.000010	0.000010	0.000010	0.000010	0.000010	0.000010	0.000010	0.000010	0.999890	0.000010	LD_0.9_12_1468
QG736	0.000010	0.000010	0.000010	0.000010	0.000010	0.000010	0.000010	0.156237	0.000010	0.000010	0.843663	0.000010	LD_0.9_12_1468
QG737	0.000010	0.000010	0.000010	0.000010	0.000010	0.000010	0.000010	0.556099	0.000010	0.000010	0.443801	0.000010	LD_0.9_12_1468
QG739	0.000010	0.000010	0.000010	0.000010	0.000010	0.000010	0.000010	0.000010	0.000010	0.000010	0.999890	0.000010	LD_0.9_12_1468
QG761	0.000010	0.000010	0.000010	0.000010	0.000010	0.000010	0.000010	0.000010	0.163233	0.000010	0.836667	0.000010	LD_0.9_12_1468
QG763	0.000010	0.000010	0.000010	0.000010	0.000010	0.000010	0.000010	0.254453	0.000010	0.000010	0.745447	0.000010	LD_0.9_12_1468
QG776	0.000010	0.000010	0.000010	0.000010	0.000010	0.000010	0.000010	0.215286	0.000014	0.000010	0.784610	0.000010	LD_0.9_12_1468
QG781	0.000010	0.000010	0.000010	0.000010	0.000010	0.000010	0.000010	0.000010	0.000010	0.000010	0.999890	0.000010	LD_0.9_12_1468
QG784	0.000010	0.000010	0.000010	0.000010	0.000010	0.000010	0.000010	0.816549	0.000010	0.000010	0.183351	0.000010	LD_0.9_12_1468
QG786	0.000010	0.000010	0.000010	0.000010	0.000010	0.000010	0.000010	0.769730	0.000010	0.000010	0.230170	0.000010	LD_0.9_12_1468
QG788	0.000010	0.000010	0.000010	0.000010	0.000010	0.000010	0.000010	0.000010	0.000010	0.000010	0.999890	0.000010	LD_0.9_12_1468
QG790	0.000010	0.000010	0.000010	0.000015	0.000010	0.000010	0.000010	0.596296	0.000010	0.000010	0.403599	0.000010	LD_0.9_12_1468
QG791	0.000010	0.000010	0.000010	0.000010	0.000010	0.000010	0.000010	0.133483	0.051669	0.000010	0.814758	0.000010	LD_0.9_12_1468
QG795	0.000010	0.000010	0.000010	0.000010	0.000010	0.000010	0.000010	0.000010	0.197177	0.000010	0.802723	0.000010	LD_0.9_12_1468
QG797	0.000010	0.000010	0.000010	0.000010	0.000010	0.000010	0.000010	0.999890	0.000010	0.000010	0.000010	0.000010	LD_0.9_12_1468
QG802	0.000010	0.000010	0.000010	0.000010	0.000010	0.000010	0.000010	0.000010	0.000010	0.000010	0.999890	0.000010	LD_0.9_12_1468
QG804	0.000010	0.000010	0.000010	0.000010	0.000010	0.000010	0.000010	0.999890	0.000010	0.000010	0.000010	0.000010	LD_0.9_12_1468
QG806	0.000010	0.000010	0.000010	0.000010	0.000010	0.000010	0.000010	0.000010	0.000010	0.000010	0.999890	0.000010	LD_0.9_12_1468
QG807	0.000010	0.000010	0.000010	0.000010	0.000010	0.000010	0.000010	0.000010	0.000010	0.000010	0.999890	0.000010	LD_0.9_12_1468
QG808	0.000010	0.000010	0.000010	0.000010	0.000010	0.000010	0.000010	0.460355	0.028597	0.000010	0.510958	0.000010	LD_0.9_12_1468
QG809	0.000010	0.000010	0.000010	0.000010	0.000010	0.000010	0.000010	0.999890	0.000010	0.000010	0.000010	0.000010	LD_0.9_12_1468
QG825	0.000010	0.000010	0.000010	0.000010	0.000010	0.000010	0.000010	0.000010	0.000010	0.000010	0.999890	0.000010	LD_0.9_12_1468
QG827	0.000010	0.000010	0.000010	0.000010	0.000010	0.000010	0.000010	0.000010	0.000010	0.000010	0.999890	0.000010	LD_0.9_12_1468
QG828	0.000010	0.000010	0.000010	0.000010	0.000010	0.000010	0.000010	0.000010	0.000010	0.000010	0.999890	0.000010	LD_0.9_12_1468
QG833	0.000010	0.000010	0.000010	0.000010	0.000010	0.000010	0.000010	0.000010	0.000010	0.000010	0.999890	0.000010	LD_0.9_12_1468
QG855	0.000010	0.000010	0.000010	0.000010	0.000010	0.000010	0.000010	0.511179	0.015191	0.000010	0.473541	0.000010	LD_0.9_12_1468
QG856	0.000010	0.000010	0.000010	0.000010	0.000010	0.000010	0.000010	0.070966	0.000010	0.000010	0.928934	0.000010	LD_0.9_12_1468
QG858	0.000010	0.000010	0.000010	0.000010	0.000010	0.000010	0.000010	0.810462	0.000010	0.000010	0.189438	0.000010	LD_0.9_12_1468
QG860	0.000010	0.000010	0.000010	0.000010	0.000010	0.000010	0.000010	0.000011	0.141691	0.000010	0.858208	0.000010	LD_0.9_12_1468
QG864	0.000010	0.000010	0.000010	0.000010	0.000010	0.000010	0.000010	0.643945	0.000010	0.000010	0.355955	0.000010	LD_0.9_12_1468
QG865	0.000010	0.000010	0.000010	0.000010	0.000010	0.000010	0.000010	0.000010	0.000010	0.000010	0.999890	0.000010	LD_0.9_12_1468
QG866	0.000010	0.000010	0.000010	0.000010	0.000010	0.000010	0.000010	0.078381	0.000010	0.000010	0.921519	0.000010	LD_0.9_12_1468
QG868	0.000010	0.000010	0.000010	0.000010	0.000010	0.000010	0.000010	0.000010	0.000010	0.000010	0.999890	0.000010	LD_0.9_12_1468
QG874	0.000010	0.000010	0.000010	0.000010	0.000010	0.000010	0.000010	0.000010	0.000010	0.000010	0.999890	0.000010	LD_0.9_12_1468
QG875	0.000010	0.000010	0.000010	0.000010	0.000010	0.000012	0.000010	0.999888	0.000010	0.000010	0.000010	0.000010	LD_0.9_12_1468
QG878	0.000010	0.000010	0.000010	0.000010	0.000010	0.000010	0.000010	0.000010	0.000010	0.000010	0.999890	0.000010	LD_0.9_12_1468
QG879	0.000010	0.000010	0.000010	0.000010	0.000010	0.000010	0.000010	0.000010	0.000010	0.000010	0.999890	0.000010	LD_0.9_12_1468
QG880	0.000010	0.000010	0.000010	0.000010	0.000010	0.000013	0.000010	0.154710	0.000010	0.000010	0.845187	0.000010	LD_0.9_12_1468
QG881	0.000010	0.000010	0.000010	0.000010	0.000010	0.000010	0.000010	0.000010	0.161529	0.000010	0.838371	0.000010	LD_0.9_12_1468
QG887	0.000015	0.000010	0.000010	0.000010	0.000010	0.000010	0.000010	0.000020	0.000010	0.000010	0.999875	0.000010	LD_0.9_12_1468
QG888	0.000010	0.000010	0.000010	0.000010	0.000010	0.000010	0.000010	0.999890	0.000010	0.000010	0.000010	0.000010	LD_0.9_12_1468
QG926	0.000010	0.000010	0.000010	0.000010	0.000010	0.000010	0.000010	0.000010	0.000010	0.000010	0.999890	0.000010	LD_0.9_12_1468
QG927	0.000010	0.000010	0.000010	0.000010	0.000010	0.000010	0.000010	0.038558	0.945969	0.000010	0.015383	0.000010	LD_0.9_12_1468
QG933	0.000010	0.000010	0.000010	0.000010	0.000010	0.000010	0.000010	0.999890	0.000010	0.000010	0.000010	0.000010	LD_0.9_12_1468
QG937	0.000010	0.000010	0.000010	0.000010	0.000010	0.000010	0.000010	0.999890	0.000010	0.000010	0.000010	0.000010	LD_0.9_12_1468
QG945	0.000010	0.000010	0.000010	0.000010	0.000010	0.000010	0.000010	0.999890	0.000010	0.000010	0.000010	0.000010	LD_0.9_12_1468
QG946	0.000010	0.000010	0.000010	0.000010	0.000010	0.000010	0.000010	0.999890	0.000010	0.000010	0.000010	0.000010	LD_0.9_12_1468
QG947	0.000010	0.000010	0.000010	0.000010	0.000010	0.000010	0.000010	0.000010	0.000010	0.000010	0.999890	0.000010	LD_0.9_12_1468
QG948	0.000010	0.000010	0.000010	0.000010	0.000010	0.000010	0.000010	0.000010	0.000011	0.000010	0.999889	0.000010	LD_0.9_12_1468
QG952	0.000010	0.000010	0.000010	0.000010	0.000010	0.000010	0.000010	0.000010	0.048689	0.000010	0.951211	0.000010	LD_0.9_12_1468
QG978	0.000010	0.000010	0.000010	0.000010	0.000010	0.000010	0.000010	0.840831	0.142469	0.000010	0.016611	0.000010	LD_0.9_12_1468
QG980	0.000010	0.000010	0.000010	0.000010	0.000010	0.000010	0.000010	0.000010	0.000010	0.000010	0.999890	0.000010	LD_0.9_12_1468
QG986	0.000010	0.000010	0.000010	0.000010	0.000010	0.000010	0.000010	0.000010	0.000010	0.000010	0.999890	0.000010	LD_0.9_12_1468
QG991	0.000010	0.000010	0.000010	0.000010	0.000010	0.000010	0.000010	0.000010	0.000010	0.000010	0.999890	0.000010	LD_0.9_12_1468
QG994	0.000010	0.000010	0.000010	0.000010	0.000010	0.000010	0.000010	0.999890	0.000010	0.000010	0.000010	0.000010	LD_0.9_12_1468
QG995	0.000010	0.000010	0.000010	0.000010	0.000010	0.000010	0.000010	0.000012	0.000010	0.000010	0.999888	0.000010	LD_0.9_12_1468
QG997	0.000010	0.000010	0.000010	0.000010	0.000010	0.000010	0.000010	0.000010	0.000010	0.000010	0.999890	0.000010	LD_0.9_12_1468
QG998	0.000010	0.000010	0.000010	0.000010	0.000010	0.000010	0.000010	0.999890	0.000010	0.000010	0.000010	0.000010	LD_0.9_12_1468
QR25	0.000010	0.000010	0.000010	0.000010	0.000010	0.220175	0.000010	0.000010	0.053887	0.725848	0.000010	0.000010	LD_0.9_12_1468
QX1410	0.000010	0.000010	0.000010	0.000010	0.000010	0.000010	0.000010	0.154343	0.845557	0.000010	0.000010	0.000010	LD_0.9_12_1468
QX1547	0.000010	0.000010	0.000010	0.000010	0.000010	0.999890	0.000010	0.000010	0.000010	0.000010	0.000010	0.000010	LD_0.9_12_1468
QX1795	0.000010	0.000010	0.000010	0.000010	0.000010	0.000010	0.000010	0.000010	0.999883	0.000010	0.000017	0.000010	LD_0.9_12_1468
QX1796	0.000010	0.000010	0.000010	0.000010	0.000010	0.000010	0.000010	0.000010	0.999890	0.000010	0.000010	0.000010	LD_0.9_12_1468
QX1798	0.000010	0.999890	0.000010	0.000010	0.000010	0.000010	0.000010	0.000010	0.000010	0.000010	0.000010	0.000010	LD_0.9_12_1468
QX1800	0.000010	0.000010	0.008458	0.000010	0.000010	0.000010	0.000010	0.000010	0.991442	0.000010	0.000010	0.000010	LD_0.9_12_1468
QX1801	0.000010	0.000010	0.000010	0.000010	0.000010	0.000010	0.000010	0.000010	0.999890	0.000010	0.000010	0.000010	LD_0.9_12_1468
QX1802	0.000010	0.000010	0.000010	0.000010	0.000010	0.000010	0.000010	0.007394	0.992506	0.000010	0.000010	0.000010	LD_0.9_12_1468
QX1803	0.000010	0.000010	0.000010	0.000010	0.000010	0.000010	0.000010	0.000010	0.999890	0.000010	0.000010	0.000010	LD_0.9_12_1468
QX1804	0.000010	0.000010	0.000010	0.000010	0.000010	0.000010	0.000010	0.000010	0.999890	0.000010	0.000010	0.000010	LD_0.9_12_1468
SOW18	0.000010	0.000010	0.000010	0.000010	0.000010	0.999889	0.000010	0.000010	0.000011	0.000010	0.000010	0.000010	LD_0.9_12_1468
SOW21	0.000010	0.000010	0.000010	0.000010	0.000010	0.999890	0.000010	0.000010	0.000010	0.000010	0.000010	0.000010	LD_0.9_12_1468
SOW22	0.000010	0.000010	0.000010	0.000010	0.000010	0.999885	0.000010	0.000010	0.000010	0.000015	0.000010	0.000010	LD_0.9_12_1468
TT3408	0.000010	0.000010	0.000010	0.000010	0.000010	0.000010	0.000010	0.000010	0.999890	0.000010	0.000010	0.000010	LD_0.9_12_1468
TT3411	0.000010	0.000010	0.000010	0.000010	0.000010	0.000010	0.000010	0.000010	0.999884	0.000010	0.000016	0.000010	LD_0.9_12_1468
TWN1772	0.000010	0.999886	0.000014	0.000010	0.000010	0.000010	0.000010	0.000010	0.000010	0.000010	0.000010	0.000010	LD_0.9_12_1468
TWN1824	0.000010	0.000010	0.000010	0.000010	0.999889	0.000010	0.000010	0.000010	0.000011	0.000010	0.000010	0.000010	LD_0.9_12_1468
TWN1899	0.000010	0.000010	0.000010	0.000010	0.999888	0.000010	0.000012	0.000010	0.000010	0.000010	0.000010	0.000010	LD_0.9_12_1468
TWN1907	0.000010	0.999890	0.000010	0.000010	0.000010	0.000010	0.000010	0.000010	0.000010	0.000010	0.000010	0.000010	LD_0.9_12_1468
TWN2919	0.000010	0.999888	0.000012	0.000010	0.000010	0.000010	0.000010	0.000010	0.000011	0.000010	0.000010	0.000010	LD_0.9_12_1468
TWN3077	0.000010	0.999890	0.000010	0.000010	0.000010	0.000010	0.000010	0.000010	0.000010	0.000010	0.000010	0.000010	LD_0.9_12_1468
UH1	0.000010	0.999881	0.000010	0.000010	0.000015	0.000010	0.000010	0.000010	0.000014	0.000010	0.000010	0.000010	LD_0.9_12_1468
VSL2201	0.000020	0.000010	0.689734	0.000011	0.000010	0.000010	0.000010	0.000017	0.310149	0.000010	0.000010	0.000010	LD_0.9_12_1468
VSL2207	0.000010	0.000010	0.000010	0.000010	0.000010	0.000010	0.999890	0.000010	0.000010	0.000010	0.000010	0.000010	LD_0.9_12_1468
VSL2209	0.000010	0.000010	0.000010	0.000010	0.000010	0.000010	0.999890	0.000010	0.000010	0.000010	0.000010	0.000010	LD_0.9_12_1468
VSL2210	0.081983	0.000010	0.000010	0.000010	0.000010	0.000010	0.000010	0.000010	0.917917	0.000010	0.000010	0.000010	LD_0.9_12_1468
VSL2212	0.103594	0.000010	0.000010	0.000010	0.000010	0.000010	0.000010	0.000010	0.896306	0.000010	0.000010	0.000010	LD_0.9_12_1468
VSL2213	0.000010	0.000010	0.999890	0.000010	0.000010	0.000010	0.000010	0.000010	0.000010	0.000010	0.000010	0.000010	LD_0.9_12_1468
VSL2215	0.000010	0.000010	0.923579	0.000010	0.000010	0.000010	0.000010	0.000010	0.076321	0.000010	0.000010	0.000010	LD_0.9_12_1468
VSL2216	0.000010	0.000010	0.999890	0.000010	0.000010	0.000010	0.000010	0.000010	0.000010	0.000010	0.000010	0.000010	LD_0.9_12_1468
VSL2217	0.864935	0.000010	0.000016	0.000010	0.000010	0.000010	0.000010	0.000010	0.000010	0.000010	0.000010	0.134959	LD_0.9_12_1468
VSL2219	0.000010	0.000010	0.000010	0.000010	0.000010	0.000010	0.000010	0.000010	0.999890	0.000010	0.000010	0.000010	LD_0.9_12_1468
VT847	0.000010	0.000010	0.000010	0.000010	0.000010	0.000010	0.000010	0.000010	0.999890	0.000010	0.000010	0.000010	LD_0.9_12_1468
VX34	0.000010	0.000010	0.000010	0.000010	0.000010	0.071045	0.000010	0.000010	0.000010	0.928855	0.000010	0.000010	LD_0.9_12_1468
XZ1204	0.000010	0.000010	0.479574	0.000010	0.000010	0.000010	0.000010	0.000010	0.520326	0.000010	0.000010	0.000010	LD_0.9_12_1468
XZ1205	0.000010	0.000010	0.999890	0.000010	0.000010	0.000010	0.000010	0.000010	0.000010	0.000010	0.000010	0.000010	LD_0.9_12_1468
XZ1206	0.000011	0.000011	0.999888	0.000010	0.000010	0.000010	0.000010	0.000010	0.000010	0.000010	0.000010	0.000010	LD_0.9_12_1468
XZ1207	0.000010	0.000010	0.013313	0.000010	0.000010	0.000010	0.000010	0.000010	0.986587	0.000010	0.000010	0.000010	LD_0.9_12_1468
XZ1210	0.000010	0.000010	0.000010	0.000010	0.000010	0.000010	0.000010	0.000010	0.999890	0.000010	0.000010	0.000010	LD_0.9_12_1468
XZ1212	0.000010	0.000010	0.000013	0.000010	0.000010	0.000010	0.000010	0.012824	0.987073	0.000010	0.000010	0.000010	LD_0.9_12_1468
XZ1213	0.000010	0.000010	0.000010	0.000010	0.000010	0.000010	0.000010	0.000010	0.999890	0.000010	0.000010	0.000010	LD_0.9_12_1468
XZ1731	0.000010	0.000010	0.000010	0.000010	0.000010	0.000010	0.000010	0.000010	0.999890	0.000010	0.000010	0.000010	LD_0.9_12_1468
XZ1732	0.012345	0.000010	0.000010	0.000010	0.000010	0.000010	0.000010	0.001352	0.986213	0.000010	0.000010	0.000010	LD_0.9_12_1468
ZZY0992	0.000010	0.000010	0.000010	0.000010	0.000010	0.000010	0.000010	0.000010	0.000010	0.000010	0.000010	0.999890	LD_0.9_12_1468
ZZY1034	0.000010	0.000010	0.000010	0.000010	0.000010	0.000010	0.000010	0.000010	0.999890	0.000010	0.000010	0.000010	LD_0.9_12_1468
ZZY1075	0.000010	0.000010	0.000010	0.000010	0.000010	0.000010	0.000010	0.000010	0.999890	0.000010	0.000010	0.000010	LD_0.9_12_1468
ZZY1123	0.000010	0.000010	0.000010	0.000010	0.000010	0.000010	0.000010	0.000010	0.000010	0.000010	0.000010	0.999890	LD_0.9_12_1468
ZZY1130	0.000010	0.000010	0.000010	0.000010	0.000010	0.000010	0.000010	0.000010	0.999890	0.000010	0.000010	0.000010	LD_0.9_12_1468
ZZY405	0.000010	0.000010	0.000010	0.000010	0.000010	0.000010	0.000010	0.000010	0.999890	0.000010	0.000010	0.000010	LD_0.9_12_1468
AF16	0.000010	0.000010	0.000013	0.000010	0.000020	0.000010	0.000016	0.000018	0.000010	0.999864	0.000010	0.000010	LD_0.9_12_1553
BRC20069	0.000010	0.000010	0.000010	0.000010	0.000010	0.000010	0.000010	0.000010	0.000010	0.999890	0.000010	0.000010	LD_0.9_12_1553
BRC20073	0.000010	0.000010	0.000010	0.000010	0.000010	0.000010	0.000010	0.000010	0.000010	0.999890	0.000010	0.000010	LD_0.9_12_1553
BRC20075	0.000012	0.000010	0.000010	0.000010	0.000010	0.999878	0.000010	0.000014	0.000010	0.000017	0.000010	0.000010	LD_0.9_12_1553
BRC20077	0.000010	0.000010	0.000010	0.000010	0.000010	0.000010	0.000010	0.000010	0.000010	0.999890	0.000010	0.000010	LD_0.9_12_1553
BRC20081	0.000010	0.000010	0.000010	0.000010	0.000010	0.000010	0.080268	0.000010	0.000010	0.000010	0.000010	0.919632	LD_0.9_12_1553
BRC20085	0.000010	0.000010	0.000014	0.115372	0.524910	0.000010	0.000010	0.056791	0.000010	0.302843	0.000010	0.000010	LD_0.9_12_1553
BRC20088	0.000010	0.000010	0.000010	0.000010	0.000010	0.000010	0.000010	0.000010	0.000010	0.000010	0.000010	0.999890	LD_0.9_12_1553
BRC20089	0.000010	0.000010	0.000010	0.000010	0.000010	0.000010	0.000010	0.000010	0.000010	0.999890	0.000010	0.000010	LD_0.9_12_1553
BRC20090	0.000010	0.000010	0.000010	0.045315	0.018737	0.000011	0.000016	0.001774	0.000010	0.934087	0.000010	0.000010	LD_0.9_12_1553
BRC20092	0.000010	0.000010	0.000010	0.002493	0.668765	0.000010	0.000011	0.074647	0.000010	0.254014	0.000010	0.000010	LD_0.9_12_1553
BRC20093	0.000010	0.000010	0.000010	0.000010	0.000010	0.000010	0.000010	0.000010	0.000010	0.999890	0.000010	0.000010	LD_0.9_12_1553
BRC20094	0.000010	0.000013	0.000010	0.052472	0.657105	0.000010	0.000015	0.028268	0.000010	0.262067	0.000010	0.000010	LD_0.9_12_1553
BRC20095	0.000010	0.000010	0.000010	0.000010	0.000010	0.000010	0.000010	0.000010	0.000010	0.999890	0.000010	0.000010	LD_0.9_12_1553
BRC20096	0.000010	0.000010	0.000010	0.000010	0.000010	0.000010	0.000010	0.000010	0.000010	0.999890	0.000010	0.000010	LD_0.9_12_1553
BRC20098	0.000010	0.000010	0.000010	0.000010	0.000010	0.000010	0.000010	0.000010	0.000010	0.999890	0.000010	0.000010	LD_0.9_12_1553
BRC20099	0.000010	0.000010	0.000010	0.000010	0.000010	0.000010	0.000010	0.000010	0.000010	0.999890	0.000010	0.000010	LD_0.9_12_1553
BRC20100	0.000010	0.000010	0.000010	0.000010	0.000016	0.000010	0.000011	0.000014	0.000010	0.999879	0.000010	0.000010	LD_0.9_12_1553
BRC20102	0.000010	0.000010	0.000010	0.000010	0.000010	0.000010	0.000010	0.000010	0.000010	0.999890	0.000010	0.000010	LD_0.9_12_1553
BRC20103	0.000010	0.000010	0.000010	0.000010	0.000010	0.000010	0.000010	0.000010	0.000010	0.999890	0.000010	0.000010	LD_0.9_12_1553
BRC20105	0.000010	0.000011	0.000010	0.116531	0.653232	0.000010	0.000010	0.036783	0.000010	0.193373	0.000010	0.000010	LD_0.9_12_1553
BRC20107	0.026083	0.000010	0.000011	0.113424	0.632203	0.000010	0.000014	0.014941	0.000010	0.213275	0.000010	0.000010	LD_0.9_12_1553
BRC20115	0.000010	0.999887	0.000010	0.000010	0.000010	0.000010	0.000010	0.000013	0.000010	0.000010	0.000010	0.000010	LD_0.9_12_1553
BRC20119	0.000010	0.000010	0.000010	0.723005	0.000010	0.000010	0.000010	0.000010	0.000010	0.276895	0.000010	0.000010	LD_0.9_12_1553
BRC20228	0.000010	0.000010	0.000010	0.000010	0.000010	0.000010	0.000010	0.000010	0.000010	0.999890	0.000010	0.000010	LD_0.9_12_1553
BRC20229	0.000010	0.000010	0.000010	0.000010	0.000010	0.999890	0.000010	0.000010	0.000010	0.000010	0.000010	0.000010	LD_0.9_12_1553
BRC20230	0.000010	0.000016	0.000010	0.000010	0.000010	0.000010	0.000015	0.000010	0.000010	0.000010	0.000010	0.999879	LD_0.9_12_1553
BRC20232	0.000010	0.000010	0.000010	0.000010	0.000016	0.999884	0.000010	0.000010	0.000010	0.000010	0.000010	0.000010	LD_0.9_12_1553
BRC20238	0.000010	0.000010	0.000010	0.000010	0.000010	0.000010	0.000019	0.000010	0.000014	0.000010	0.000010	0.999877	LD_0.9_12_1553
BRC20239	0.000010	0.000010	0.000010	0.000010	0.000010	0.999890	0.000010	0.000010	0.000010	0.000010	0.000010	0.000010	LD_0.9_12_1553
BRC20241	0.000010	0.000010	0.000010	0.070267	0.000010	0.000010	0.000010	0.000010	0.000010	0.929633	0.000010	0.000010	LD_0.9_12_1553
BRC20242	0.000010	0.000010	0.000010	0.000010	0.000010	0.000010	0.000010	0.000010	0.000010	0.999890	0.000010	0.000010	LD_0.9_12_1553
BRC20244	0.000010	0.000010	0.000010	0.000010	0.000010	0.000010	0.000010	0.000010	0.000010	0.000010	0.000010	0.999890	LD_0.9_12_1553
BRC20246	0.000010	0.000010	0.000010	0.000010	0.000010	0.000010	0.000018	0.000010	0.000010	0.000010	0.000010	0.999882	LD_0.9_12_1553
BRC20257	0.000010	0.000010	0.000010	0.999890	0.000010	0.000010	0.000010	0.000010	0.000010	0.000010	0.000010	0.000010	LD_0.9_12_1553
BRC20260	0.000010	0.000010	0.000010	0.000010	0.000010	0.000010	0.000010	0.000012	0.000010	0.999888	0.000010	0.000010	LD_0.9_12_1553
BRC20270	0.000010	0.000010	0.000010	0.000010	0.000010	0.000010	0.999890	0.000010	0.000010	0.000010	0.000010	0.000010	LD_0.9_12_1553
BRC20272	0.000010	0.000010	0.000010	0.000010	0.000010	0.000010	0.999890	0.000010	0.000010	0.000010	0.000010	0.000010	LD_0.9_12_1553
BRC20289	0.000010	0.000019	0.000010	0.000010	0.000010	0.000010	0.829205	0.000010	0.000010	0.000010	0.000010	0.170686	LD_0.9_12_1553
BRC20290	0.000010	0.000020	0.000010	0.000015	0.000010	0.000010	0.813041	0.000010	0.000010	0.000010	0.000010	0.186845	LD_0.9_12_1553
BRC20294	0.000010	0.000010	0.000010	0.000854	0.000010	0.000010	0.000010	0.000010	0.000010	0.999046	0.000010	0.000010	LD_0.9_12_1553
BRC20308	0.000010	0.000010	0.000010	0.000010	0.000010	0.000010	0.999890	0.000010	0.000010	0.000010	0.000010	0.000010	LD_0.9_12_1553
BRC20309	0.000010	0.000010	0.000010	0.000010	0.000010	0.000010	0.999890	0.000010	0.000010	0.000010	0.000010	0.000010	LD_0.9_12_1553
BRC20311	0.000010	0.000010	0.000010	0.000010	0.000010	0.000010	0.999890	0.000010	0.000010	0.000010	0.000010	0.000010	LD_0.9_12_1553
BRC20312	0.000010	0.000010	0.000010	0.000010	0.000010	0.000010	0.999890	0.000010	0.000010	0.000010	0.000010	0.000010	LD_0.9_12_1553
BRC20315	0.000010	0.000010	0.000010	0.000010	0.000010	0.000010	0.999890	0.000010	0.000010	0.000010	0.000010	0.000010	LD_0.9_12_1553
BRC20320	0.000010	0.000010	0.000010	0.000010	0.000010	0.000010	0.999890	0.000010	0.000010	0.000010	0.000010	0.000010	LD_0.9_12_1553
BRC20324	0.000010	0.000010	0.000010	0.000010	0.000010	0.641278	0.000010	0.000010	0.000010	0.358622	0.000010	0.000010	LD_0.9_12_1553
BRC20331	0.000010	0.000010	0.000010	0.000010	0.000010	0.000010	0.999890	0.000010	0.000010	0.000010	0.000010	0.000010	LD_0.9_12_1553
BRC20333	0.000010	0.000013	0.000010	0.000010	0.000010	0.000010	0.188491	0.000010	0.000010	0.000010	0.000010	0.811406	LD_0.9_12_1553
BRC20334	0.000010	0.000010	0.000010	0.000010	0.000010	0.000010	0.999890	0.000010	0.000010	0.000010	0.000010	0.000010	LD_0.9_12_1553
BRC20339	0.000010	0.000010	0.000010	0.000010	0.000010	0.000010	0.999890	0.000010	0.000010	0.000010	0.000010	0.000010	LD_0.9_12_1553
BRC20341	0.000010	0.000014	0.000010	0.000011	0.000010	0.000010	0.121661	0.000010	0.000010	0.000010	0.000010	0.878234	LD_0.9_12_1553
BRC20343	0.000010	0.000010	0.000010	0.000010	0.000010	0.999890	0.000010	0.000010	0.000010	0.000010	0.000010	0.000010	LD_0.9_12_1553
BRC20346	0.000010	0.000010	0.000010	0.000012	0.000010	0.000010	0.973693	0.000010	0.000010	0.000010	0.000010	0.026204	LD_0.9_12_1553
BRC20347	0.000017	0.000010	0.000010	0.000010	0.000010	0.999878	0.000010	0.000010	0.000011	0.000014	0.000010	0.000010	LD_0.9_12_1553
BRC20348	0.000010	0.000010	0.000010	0.000010	0.000010	0.000010	0.663169	0.000010	0.000010	0.000010	0.000010	0.336731	LD_0.9_12_1553
BRC20353	0.000010	0.000010	0.000010	0.000018	0.999882	0.000010	0.000010	0.000010	0.000010	0.000010	0.000010	0.000010	LD_0.9_12_1553
BRC20360	0.000010	0.000010	0.000010	0.000010	0.999890	0.000010	0.000010	0.000010	0.000010	0.000010	0.000010	0.000010	LD_0.9_12_1553
BRC20361	0.000010	0.000010	0.000010	0.000010	0.999888	0.000010	0.000012	0.000010	0.000010	0.000010	0.000010	0.000010	LD_0.9_12_1553
BRC20362	0.000010	0.000010	0.000010	0.000010	0.999890	0.000010	0.000010	0.000010	0.000010	0.000010	0.000010	0.000010	LD_0.9_12_1553
BRC20366	0.000010	0.000010	0.000010	0.000010	0.000010	0.000010	0.999890	0.000010	0.000010	0.000010	0.000010	0.000010	LD_0.9_12_1553
BRC20367	0.000010	0.000011	0.000010	0.000010	0.000010	0.000010	0.102068	0.000010	0.000011	0.000010	0.000010	0.897830	LD_0.9_12_1553
BRC20369	0.000010	0.000010	0.000010	0.000010	0.000011	0.000010	0.000010	0.000010	0.000010	0.999889	0.000010	0.000010	LD_0.9_12_1553
BRC20370	0.000010	0.000010	0.000010	0.000010	0.000010	0.000010	0.999890	0.000010	0.000010	0.000010	0.000010	0.000010	LD_0.9_12_1553
BRC20388	0.000014	0.000010	0.000010	0.000010	0.000010	0.000010	0.000010	0.000010	0.999885	0.000010	0.000010	0.000010	LD_0.9_12_1553
BRC20390	0.000010	0.000010	0.000010	0.000010	0.000010	0.000010	0.000014	0.000010	0.000010	0.000010	0.000010	0.999886	LD_0.9_12_1553
BRC20401	0.000010	0.000010	0.000010	0.000010	0.000010	0.000010	0.000010	0.000010	0.000010	0.999890	0.000010	0.000010	LD_0.9_12_1553
BRC20463	0.000010	0.000010	0.000010	0.000010	0.000010	0.000010	0.492753	0.000012	0.000010	0.000010	0.000010	0.507145	LD_0.9_12_1553
BRC20492	0.000010	0.999871	0.000012	0.000010	0.000010	0.000015	0.000018	0.000010	0.000015	0.000010	0.000010	0.000010	LD_0.9_12_1553
BRC20499	0.000010	0.000010	0.000010	0.000010	0.000010	0.000010	0.655641	0.000010	0.000010	0.000010	0.000010	0.344259	LD_0.9_12_1553
BRC20501	0.000010	0.000010	0.000010	0.000010	0.000010	0.000010	0.954297	0.000010	0.000010	0.000010	0.000010	0.045603	LD_0.9_12_1553
BRC20502	0.000010	0.995574	0.000010	0.000010	0.000010	0.000010	0.000010	0.000010	0.000010	0.004326	0.000010	0.000010	LD_0.9_12_1553
BRC20503	0.000010	0.996008	0.000010	0.000010	0.000010	0.000010	0.000010	0.000010	0.000010	0.003892	0.000010	0.000010	LD_0.9_12_1553
BRC20519	0.000010	0.999880	0.000010	0.000010	0.000010	0.000010	0.000010	0.000014	0.000016	0.000010	0.000010	0.000010	LD_0.9_12_1553
BRC20520	0.000010	0.999885	0.000010	0.000011	0.000010	0.000010	0.000010	0.000010	0.000014	0.000010	0.000010	0.000010	LD_0.9_12_1553
BRC20522	0.000010	0.000010	0.000010	0.000010	0.000010	0.999890	0.000010	0.000010	0.000010	0.000010	0.000010	0.000010	LD_0.9_12_1553
BRC20524	0.000010	0.000010	0.000010	0.000010	0.000010	0.999890	0.000010	0.000010	0.000010	0.000010	0.000010	0.000010	LD_0.9_12_1553
BRC20529	0.000010	0.000010	0.000010	0.000010	0.000010	0.000010	0.000010	0.000010	0.000010	0.000010	0.000010	0.999890	LD_0.9_12_1553
BRC20530	0.000010	0.000010	0.000010	0.000010	0.000010	0.999890	0.000010	0.000010	0.000010	0.000010	0.000010	0.000010	LD_0.9_12_1553
BRC20531	0.000010	0.000010	0.000010	0.000010	0.000010	0.999890	0.000010	0.000010	0.000010	0.000010	0.000010	0.000010	LD_0.9_12_1553
BRC20532	0.000010	0.000010	0.000010	0.000010	0.000010	0.000010	0.000014	0.000010	0.000010	0.000010	0.000010	0.999886	LD_0.9_12_1553
BRC20533	0.000010	0.000010	0.000010	0.000010	0.000010	0.000010	0.919889	0.000010	0.000010	0.000010	0.000010	0.080011	LD_0.9_12_1553
BRC20534	0.000010	0.000010	0.000010	0.000010	0.000010	0.000010	0.999890	0.000010	0.000010	0.000010	0.000010	0.000010	LD_0.9_12_1553
BRC20535	0.000010	0.000010	0.000010	0.000010	0.000010	0.000010	0.999890	0.000010	0.000010	0.000010	0.000010	0.000010	LD_0.9_12_1553
BRC20536	0.000010	0.000010	0.000010	0.000010	0.000010	0.000010	0.999890	0.000010	0.000010	0.000010	0.000010	0.000010	LD_0.9_12_1553
BRC20537	0.000010	0.000010	0.000010	0.000010	0.000010	0.000010	0.000012	0.000010	0.000010	0.000010	0.000010	0.999888	LD_0.9_12_1553
BRC20541	0.000010	0.999889	0.000010	0.000010	0.000010	0.000010	0.000010	0.000010	0.000010	0.000010	0.000010	0.000010	LD_0.9_12_1553
BRC20543	0.000010	0.000018	0.000010	0.000010	0.000010	0.000010	0.000010	0.000010	0.000010	0.000010	0.000010	0.999882	LD_0.9_12_1553
BRC20544	0.000010	0.000010	0.000010	0.000010	0.000010	0.000010	0.994801	0.000010	0.000010	0.000010	0.000010	0.005099	LD_0.9_12_1553
BRC20545	0.000010	0.000010	0.000010	0.000010	0.000010	0.000010	0.808673	0.000010	0.000010	0.000010	0.000010	0.191227	LD_0.9_12_1553
BRC20556	0.000010	0.000010	0.000010	0.000010	0.000010	0.000010	0.000010	0.000010	0.000010	0.999890	0.000010	0.000010	LD_0.9_12_1553
BRC20557	0.000010	0.000010	0.000010	0.000010	0.000010	0.000010	0.000010	0.000010	0.000010	0.000010	0.000010	0.999890	LD_0.9_12_1553
BRC20565	0.000010	0.000010	0.000010	0.000010	0.000010	0.000010	0.000010	0.000010	0.000010	0.999890	0.000010	0.000010	LD_0.9_12_1553
BRC20571	0.000010	0.000010	0.000010	0.034672	0.040632	0.000010	0.000010	0.000010	0.000010	0.924605	0.000010	0.000010	LD_0.9_12_1553
BRC20574	0.000010	0.000010	0.000010	0.000010	0.000010	0.000010	0.000010	0.000010	0.000010	0.999890	0.000010	0.000010	LD_0.9_12_1553
BW287	0.000010	0.000010	0.000010	0.000010	0.000010	0.000010	0.000010	0.000010	0.999890	0.000010	0.000010	0.000010	LD_0.9_12_1553
DF5100	0.126531	0.000016	0.000012	0.000010	0.000010	0.000010	0.000019	0.000010	0.000010	0.873353	0.000010	0.000010	LD_0.9_12_1553
ECA1129	0.000010	0.000019	0.000013	0.000010	0.000015	0.000010	0.000010	0.000010	0.000010	0.999873	0.000010	0.000010	LD_0.9_12_1553
ECA1143	0.316177	0.000010	0.000010	0.000010	0.000010	0.000010	0.000010	0.000010	0.000010	0.683723	0.000010	0.000010	LD_0.9_12_1553
ECA1147	0.000010	0.000016	0.000010	0.000010	0.000010	0.000010	0.000010	0.000013	0.000010	0.999880	0.000010	0.000010	LD_0.9_12_1553
ECA1149	0.000010	0.000010	0.000010	0.000010	0.000010	0.000010	0.016817	0.000010	0.000010	0.956977	0.000010	0.026116	LD_0.9_12_1553
ECA1160	0.000010	0.000010	0.000010	0.000010	0.000010	0.000010	0.000010	0.000010	0.000010	0.999890	0.000010	0.000010	LD_0.9_12_1553
ECA1164	0.000010	0.000010	0.000011	0.000010	0.000015	0.000010	0.000010	0.000014	0.000010	0.999880	0.000010	0.000010	LD_0.9_12_1553
ECA1170	0.000010	0.000010	0.000010	0.000010	0.000010	0.000010	0.000010	0.000010	0.000010	0.000010	0.000010	0.999890	LD_0.9_12_1553
ECA1174	0.000010	0.000010	0.000010	0.000010	0.000010	0.000010	0.000010	0.000010	0.000010	0.999890	0.000010	0.000010	LD_0.9_12_1553
ECA1383	0.000010	0.000010	0.000010	0.000010	0.000010	0.000010	0.000010	0.000010	0.000010	0.000010	0.000010	0.999890	LD_0.9_12_1553
ECA1411	0.000010	0.000010	0.000010	0.000010	0.000010	0.000010	0.000010	0.000010	0.000010	0.999890	0.000010	0.000010	LD_0.9_12_1553
ECA1423	0.023791	0.000010	0.000010	0.000010	0.000010	0.000010	0.000010	0.000010	0.000010	0.976109	0.000010	0.000010	LD_0.9_12_1553
ECA1429	0.000010	0.000010	0.000010	0.000010	0.000010	0.000010	0.000010	0.000010	0.000010	0.999890	0.000010	0.000010	LD_0.9_12_1553
ECA1431	0.000010	0.000010	0.000010	0.000010	0.000011	0.000010	0.000010	0.000010	0.000010	0.999889	0.000010	0.000010	LD_0.9_12_1553
ECA1437	0.000010	0.000010	0.000010	0.000010	0.000011	0.000010	0.000010	0.000010	0.000010	0.999889	0.000010	0.000010	LD_0.9_12_1553
ECA1439	0.133286	0.000011	0.000010	0.000018	0.000010	0.000010	0.000016	0.000010	0.000010	0.866599	0.000010	0.000010	LD_0.9_12_1553
ECA1443	0.000010	0.000010	0.000010	0.000010	0.000010	0.000010	0.000010	0.000010	0.000010	0.055830	0.000010	0.944070	LD_0.9_12_1553
ECA1471	0.000011	0.000010	0.000010	0.000010	0.000010	0.000010	0.000010	0.000010	0.000010	0.999889	0.000010	0.000010	LD_0.9_12_1553
ECA1489	0.365742	0.000010	0.000010	0.000010	0.000010	0.000010	0.000010	0.019576	0.000010	0.614592	0.000010	0.000010	LD_0.9_12_1553
ECA1507	0.000010	0.000010	0.000010	0.000010	0.000010	0.000010	0.000010	0.000010	0.000010	0.999890	0.000010	0.000010	LD_0.9_12_1553
ECA1509	0.000010	0.000012	0.000010	0.000010	0.000010	0.000010	0.000010	0.000010	0.000010	0.999888	0.000010	0.000010	LD_0.9_12_1553
ECA1517	0.054996	0.000010	0.000010	0.000010	0.000013	0.000010	0.000010	0.000015	0.000010	0.944896	0.000010	0.000010	LD_0.9_12_1553
ECA1521	0.000010	0.000010	0.000010	0.000010	0.000010	0.000010	0.000010	0.000010	0.000010	0.999890	0.000010	0.000010	LD_0.9_12_1553
ECA1555	0.000010	0.000010	0.000010	0.000010	0.000010	0.000010	0.000010	0.000010	0.000010	0.999890	0.000010	0.000010	LD_0.9_12_1553
ECA1559	0.000010	0.000010	0.000010	0.000010	0.000010	0.000010	0.000010	0.000010	0.000010	0.000010	0.000010	0.999890	LD_0.9_12_1553
ECA1563	0.000010	0.000010	0.000010	0.000010	0.000010	0.000010	0.000010	0.000010	0.000010	0.999890	0.000010	0.000010	LD_0.9_12_1553
ECA1571	0.376290	0.000010	0.000010	0.000010	0.000010	0.000010	0.000010	0.000010	0.000010	0.623610	0.000010	0.000010	LD_0.9_12_1553
ECA1587	0.000011	0.000010	0.000010	0.000010	0.000010	0.000010	0.000010	0.000016	0.000010	0.999884	0.000010	0.000010	LD_0.9_12_1553
ECA1605	0.112619	0.000010	0.000010	0.000010	0.000010	0.000010	0.000010	0.000821	0.000010	0.000010	0.000010	0.886470	LD_0.9_12_1553
ECA1609	0.000010	0.000010	0.000010	0.000010	0.000010	0.000010	0.000010	0.000010	0.000010	0.999890	0.000010	0.000010	LD_0.9_12_1553
ECA161	0.000010	0.000010	0.000010	0.000010	0.000010	0.000010	0.000010	0.000010	0.000010	0.999890	0.000010	0.000010	LD_0.9_12_1553
ECA1611	0.000010	0.000013	0.000010	0.000010	0.000010	0.000010	0.000010	0.000010	0.000010	0.999887	0.000010	0.000010	LD_0.9_12_1553
ECA1615	0.000010	0.000010	0.000010	0.000010	0.000010	0.000010	0.000010	0.000010	0.000010	0.999890	0.000010	0.000010	LD_0.9_12_1553
ECA162	0.000017	0.000010	0.000010	0.000010	0.000010	0.000010	0.000010	0.000010	0.000010	0.999883	0.000010	0.000010	LD_0.9_12_1553
ECA1621	0.000010	0.000010	0.000010	0.000010	0.000010	0.000010	0.000010	0.000010	0.000010	0.999890	0.000010	0.000010	LD_0.9_12_1553
ECA163	0.000010	0.000010	0.999890	0.000010	0.000010	0.000010	0.000010	0.000010	0.000010	0.000010	0.000010	0.000010	LD_0.9_12_1553
ECA1637	0.000010	0.000010	0.000010	0.000019	0.000010	0.000010	0.000010	0.000010	0.000010	0.999881	0.000010	0.000010	LD_0.9_12_1553
ECA1657	0.000010	0.000010	0.000010	0.000010	0.000010	0.000010	0.000010	0.000010	0.000010	0.999890	0.000010	0.000010	LD_0.9_12_1553
ECA1701	0.000014	0.000010	0.000010	0.000012	0.016356	0.000010	0.000010	0.007223	0.000010	0.976324	0.000010	0.000010	LD_0.9_12_1553
ECA175	0.000010	0.000010	0.000010	0.000010	0.000012	0.000010	0.000010	0.000010	0.000010	0.999888	0.000010	0.000010	LD_0.9_12_1553
ECA176	0.019507	0.000010	0.000010	0.000010	0.000010	0.000010	0.000010	0.000010	0.000010	0.980393	0.000010	0.000010	LD_0.9_12_1553
ECA177	0.000010	0.000010	0.000010	0.000010	0.000010	0.000010	0.000010	0.000010	0.000010	0.999890	0.000010	0.000010	LD_0.9_12_1553
ECA180	0.000010	0.000010	0.000010	0.000010	0.000010	0.000010	0.000010	0.000010	0.000010	0.999890	0.000010	0.000010	LD_0.9_12_1553
ECA182	0.000010	0.000010	0.000010	0.000010	0.000010	0.000010	0.000010	0.000010	0.000010	0.999890	0.000010	0.000010	LD_0.9_12_1553
ECA183	0.000010	0.000010	0.000010	0.000015	0.000010	0.000010	0.000010	0.000010	0.000010	0.999885	0.000010	0.000010	LD_0.9_12_1553
ECA185	0.036857	0.000016	0.000010	0.000010	0.000010	0.000010	0.000010	0.000010	0.000010	0.963037	0.000010	0.000010	LD_0.9_12_1553
ECA186	0.049840	0.000010	0.000010	0.000010	0.000010	0.000010	0.000010	0.000010	0.000010	0.950060	0.000010	0.000010	LD_0.9_12_1553
ECA2083	0.000012	0.000010	0.000010	0.000012	0.000010	0.000011	0.000010	0.000013	0.000010	0.999881	0.000010	0.000010	LD_0.9_12_1553
ECA2093	0.000012	0.000010	0.000010	0.000010	0.000019	0.000010	0.000010	0.000010	0.000010	0.999879	0.000010	0.000010	LD_0.9_12_1553
ECA2115	0.000010	0.000010	0.000010	0.000010	0.000010	0.000010	0.000010	0.000010	0.000010	0.999890	0.000010	0.000010	LD_0.9_12_1553
ECA2299	0.000010	0.000010	0.000010	0.000010	0.000010	0.000010	0.999890	0.000010	0.000010	0.000010	0.000010	0.000010	LD_0.9_12_1553
ECA2373	0.000017	0.000010	0.000010	0.000010	0.002175	0.000010	0.000010	0.041537	0.000010	0.956191	0.000010	0.000010	LD_0.9_12_1553
ECA2385	0.000010	0.000010	0.000010	0.000010	0.000010	0.000010	0.000017	0.000011	0.000010	0.000010	0.000010	0.999882	LD_0.9_12_1553
ECA2425	0.000010	0.000010	0.000010	0.000010	0.000010	0.000010	0.000010	0.000010	0.000010	0.999890	0.000010	0.000010	LD_0.9_12_1553
ECA2617	0.000010	0.000013	0.000010	0.000010	0.000010	0.000010	0.000010	0.000010	0.000010	0.000010	0.999887	0.000010	LD_0.9_12_1553
ECA2618	0.000010	0.000011	0.000010	0.000010	0.000010	0.000010	0.000010	0.000010	0.000010	0.000010	0.999889	0.000010	LD_0.9_12_1553
ECA2621	0.000010	0.000012	0.000010	0.000010	0.000010	0.000010	0.000010	0.000010	0.000010	0.000010	0.999888	0.000010	LD_0.9_12_1553
ECA2623	0.715026	0.000010	0.000010	0.000017	0.000020	0.000010	0.000017	0.000016	0.000010	0.284844	0.000010	0.000010	LD_0.9_12_1553
ECA2625	0.000010	0.000017	0.000010	0.000011	0.000010	0.000010	0.000016	0.000010	0.000010	0.999876	0.000010	0.000010	LD_0.9_12_1553
ECA2626	0.000010	0.000010	0.000010	0.000010	0.000010	0.000010	0.000010	0.000010	0.000010	0.999890	0.000010	0.000010	LD_0.9_12_1553
ECA2636	0.000010	0.000010	0.000010	0.000010	0.000010	0.000010	0.000010	0.000010	0.000010	0.999890	0.000010	0.000010	LD_0.9_12_1553
ECA2637	0.000010	0.000011	0.000010	0.000010	0.000010	0.000010	0.000010	0.000010	0.000010	0.999888	0.000010	0.000010	LD_0.9_12_1553
ECA2639	0.000010	0.000016	0.000010	0.000010	0.000010	0.000010	0.000010	0.000010	0.000010	0.000010	0.999884	0.000010	LD_0.9_12_1553
ECA2645	0.000014	0.000010	0.000010	0.000010	0.000010	0.000010	0.000010	0.000010	0.000010	0.999886	0.000010	0.000010	LD_0.9_12_1553
ECA2647	0.000010	0.000013	0.000012	0.000010	0.000010	0.000019	0.000010	0.000010	0.000015	0.000010	0.999871	0.000010	LD_0.9_12_1553
ECA2663	0.000010	0.000010	0.000010	0.000010	0.000010	0.000010	0.000010	0.000010	0.000010	0.999890	0.000010	0.000010	LD_0.9_12_1553
ECA2664	0.754015	0.000010	0.000010	0.000010	0.000019	0.000010	0.000010	0.000010	0.000010	0.245876	0.000010	0.000010	LD_0.9_12_1553
ECA2666	0.000010	0.000010	0.000013	0.000010	0.000010	0.000010	0.000010	0.000010	0.000014	0.000010	0.999883	0.000010	LD_0.9_12_1553
ECA2667	0.000010	0.000010	0.000010	0.000010	0.000010	0.000010	0.000010	0.000010	0.000010	0.999890	0.000010	0.000010	LD_0.9_12_1553
ECA2670	0.000010	0.000016	0.000010	0.000010	0.000016	0.000010	0.000010	0.000011	0.000010	0.000010	0.999877	0.000010	LD_0.9_12_1553
ECA276	0.000010	0.000010	0.999890	0.000010	0.000010	0.000010	0.000010	0.000010	0.000010	0.000010	0.000010	0.000010	LD_0.9_12_1553
ECA278	0.000010	0.000011	0.000010	0.000010	0.000010	0.000013	0.000014	0.000011	0.999880	0.000010	0.000010	0.000010	LD_0.9_12_1553
ECA2808	0.036843	0.000010	0.000015	0.000015	0.000010	0.000010	0.000013	0.000018	0.000010	0.963038	0.000010	0.000010	LD_0.9_12_1553
ECA287	0.000010	0.000010	0.000010	0.000010	0.000010	0.000010	0.000010	0.000010	0.000010	0.000010	0.000010	0.999890	LD_0.9_12_1553
ECA288	0.454030	0.000010	0.000010	0.000010	0.000010	0.000010	0.000010	0.000010	0.000010	0.437161	0.000010	0.108719	LD_0.9_12_1553
ECA2883	0.000011	0.000010	0.000010	0.000010	0.000010	0.000010	0.000010	0.000010	0.000010	0.999889	0.000010	0.000010	LD_0.9_12_1553
ECA2890	0.000010	0.000010	0.000010	0.000010	0.000010	0.000010	0.000010	0.000010	0.000010	0.999890	0.000010	0.000010	LD_0.9_12_1553
ECA2894	0.081767	0.000010	0.000018	0.000010	0.000010	0.000010	0.000010	0.000015	0.000010	0.918120	0.000010	0.000010	LD_0.9_12_1553
ECA2936	0.000010	0.000010	0.000010	0.000010	0.000010	0.000010	0.009105	0.000010	0.000010	0.000010	0.000010	0.990795	LD_0.9_12_1553
ECA2975	0.000010	0.000010	0.000010	0.000010	0.000010	0.000010	0.000010	0.000010	0.000010	0.999890	0.000010	0.000010	LD_0.9_12_1553
ECA3091	0.000010	0.000010	0.000010	0.000010	0.000010	0.000010	0.000010	0.000018	0.000010	0.999882	0.000010	0.000010	LD_0.9_12_1553
ECA343	0.000010	0.000010	0.000010	0.000010	0.000010	0.000010	0.000010	0.000010	0.000010	0.999890	0.000010	0.000010	LD_0.9_12_1553
ECA346	0.061061	0.000018	0.000010	0.000010	0.000010	0.000010	0.000010	0.000010	0.000010	0.938831	0.000010	0.000010	LD_0.9_12_1553
ECA3502	0.000010	0.000010	0.000010	0.000010	0.000010	0.000010	0.000010	0.000010	0.000010	0.000010	0.000010	0.999890	LD_0.9_12_1553
ECA3503	0.000011	0.000010	0.000010	0.000010	0.000010	0.000010	0.000010	0.000010	0.000010	0.999889	0.000010	0.000010	LD_0.9_12_1553
ECA3509	0.000011	0.000010	0.000010	0.000010	0.000010	0.000010	0.000010	0.000010	0.000010	0.999889	0.000010	0.000010	LD_0.9_12_1553
ECA3708	0.000010	0.000010	0.000010	0.000010	0.000010	0.000010	0.000010	0.000010	0.000010	0.999890	0.000010	0.000010	LD_0.9_12_1553
ECA371	0.017870	0.000010	0.000010	0.000010	0.000010	0.000010	0.000010	0.002763	0.000010	0.979277	0.000010	0.000010	LD_0.9_12_1553
ECA3712	0.000011	0.000010	0.000010	0.000010	0.000010	0.000010	0.000010	0.000010	0.000010	0.999889	0.000010	0.000010	LD_0.9_12_1553
ECA3713	0.000010	0.000010	0.000010	0.000010	0.000010	0.000010	0.000010	0.000010	0.000010	0.999890	0.000010	0.000010	LD_0.9_12_1553
ECA3899	0.000010	0.000010	0.000010	0.000010	0.000010	0.000010	0.000010	0.000010	0.000010	0.999890	0.000010	0.000010	LD_0.9_12_1553
ECA4382	0.000010	0.000010	0.000010	0.000010	0.000010	0.000010	0.000010	0.000010	0.000010	0.999890	0.000010	0.000010	LD_0.9_12_1553
ECA4390	0.811392	0.000010	0.000010	0.000014	0.000018	0.000010	0.000010	0.000010	0.000010	0.188495	0.000010	0.000010	LD_0.9_12_1553
ECA4394	0.000010	0.000010	0.000010	0.000010	0.000010	0.000010	0.000010	0.000010	0.000010	0.999890	0.000010	0.000010	LD_0.9_12_1553
ECA4402	0.000010	0.000010	0.000010	0.000010	0.000010	0.000010	0.000010	0.000010	0.000010	0.999890	0.000010	0.000010	LD_0.9_12_1553
ECA569	0.000010	0.000010	0.000010	0.000010	0.000012	0.000010	0.000013	0.000019	0.999876	0.000010	0.000010	0.000010	LD_0.9_12_1553
ED3032	0.000010	0.000010	0.000010	0.000010	0.000010	0.000010	0.000010	0.000014	0.000010	0.999886	0.000010	0.000010	LD_0.9_12_1553
ED3037	0.000010	0.000010	0.000010	0.000010	0.000010	0.000010	0.000010	0.000010	0.000010	0.999890	0.000010	0.000010	LD_0.9_12_1553
ED3088	0.000010	0.000010	0.000010	0.000010	0.000010	0.000010	0.000010	0.000010	0.000010	0.999890	0.000010	0.000010	LD_0.9_12_1553
ED3102	0.000010	0.000010	0.999890	0.000010	0.000010	0.000010	0.000010	0.000010	0.000010	0.000010	0.000010	0.000010	LD_0.9_12_1553
EG4360	0.000010	0.000010	0.000010	0.000010	0.000010	0.000010	0.000010	0.000010	0.999890	0.000010	0.000010	0.000010	LD_0.9_12_1553
EG5612	0.000010	0.000010	0.000010	0.000010	0.999890	0.000010	0.000010	0.000010	0.000010	0.000010	0.000010	0.000010	LD_0.9_12_1553
EG5613	0.100983	0.000010	0.000010	0.110047	0.027031	0.000010	0.000010	0.000010	0.000010	0.761859	0.000010	0.000010	LD_0.9_12_1553
EG6179	0.059865	0.000010	0.000011	0.010482	0.036883	0.000010	0.000010	0.000010	0.000010	0.892689	0.000010	0.000010	LD_0.9_12_1553
EG6260	0.799925	0.000010	0.000010	0.000010	0.000010	0.000010	0.000010	0.000010	0.000010	0.199975	0.000010	0.000010	LD_0.9_12_1553
EG6261	0.365911	0.000010	0.000010	0.000019	0.000010	0.000010	0.000010	0.000015	0.000010	0.633975	0.000010	0.000010	LD_0.9_12_1553
EG6265	0.000010	0.000010	0.000010	0.000010	0.000010	0.000010	0.000010	0.000010	0.000010	0.000010	0.000010	0.999890	LD_0.9_12_1553
EG6267	0.321464	0.000018	0.000010	0.000010	0.000010	0.000010	0.000010	0.000010	0.000010	0.678428	0.000010	0.000010	LD_0.9_12_1553
EG6271	0.845024	0.000012	0.000010	0.000010	0.000010	0.000010	0.000010	0.000010	0.000010	0.154874	0.000010	0.000010	LD_0.9_12_1553
EG6272	0.498444	0.000010	0.000010	0.000010	0.000019	0.000010	0.000010	0.000010	0.000010	0.501447	0.000010	0.000010	LD_0.9_12_1553
EG6274	0.045159	0.000010	0.000010	0.000010	0.000010	0.000010	0.000010	0.000014	0.000010	0.954737	0.000010	0.000010	LD_0.9_12_1553
EG6275	0.038153	0.000010	0.000010	0.000010	0.000010	0.000010	0.000010	0.000010	0.000010	0.961747	0.000010	0.000010	LD_0.9_12_1553
EG6276	0.024095	0.000010	0.000010	0.000010	0.000010	0.000010	0.000010	0.000020	0.000010	0.975795	0.000010	0.000010	LD_0.9_12_1553
EG6329	0.921864	0.000010	0.000010	0.000010	0.000010	0.000010	0.000010	0.000010	0.000010	0.078036	0.000010	0.000010	LD_0.9_12_1553
GUN124	0.000010	0.000017	0.000012	0.000010	0.000010	0.000010	0.000010	0.000010	0.999879	0.000013	0.000010	0.000010	LD_0.9_12_1553
GXW22	0.000010	0.000010	0.000010	0.000010	0.000010	0.000010	0.000010	0.000011	0.000010	0.999889	0.000010	0.000010	LD_0.9_12_1553
GXW23	0.000010	0.000010	0.000011	0.000010	0.808487	0.000010	0.000011	0.000010	0.000010	0.191412	0.000010	0.000010	LD_0.9_12_1553
HK104	0.000010	0.000010	0.000010	0.000010	0.000010	0.000010	0.000010	0.000010	0.999890	0.000010	0.000010	0.000010	LD_0.9_12_1553
HPT11	0.000010	0.999881	0.000010	0.000010	0.000010	0.000010	0.000010	0.000010	0.000010	0.000019	0.000010	0.000010	LD_0.9_12_1553
HPT16	0.131164	0.000010	0.000010	0.000015	0.337016	0.000010	0.000010	0.000017	0.000010	0.531718	0.000010	0.000010	LD_0.9_12_1553
HPT18	0.000010	0.999885	0.000010	0.000010	0.000010	0.000010	0.000010	0.000010	0.000010	0.000015	0.000010	0.000010	LD_0.9_12_1553
HPT19	0.094932	0.000012	0.000011	0.000011	0.347150	0.000010	0.000014	0.000010	0.000010	0.557821	0.000010	0.000010	LD_0.9_12_1553
HPT2	0.118431	0.000013	0.000010	0.000010	0.407292	0.000010	0.000010	0.000010	0.000010	0.474184	0.000010	0.000010	LD_0.9_12_1553
HPT21	0.005564	0.000010	0.000010	0.000010	0.000011	0.000010	0.000010	0.002827	0.000010	0.991518	0.000010	0.000010	LD_0.9_12_1553
HPT24	0.000010	0.999890	0.000010	0.000010	0.000010	0.000010	0.000010	0.000010	0.000010	0.000010	0.000010	0.000010	LD_0.9_12_1553
HPT34	0.123835	0.000010	0.000013	0.000010	0.366838	0.000010	0.000010	0.000010	0.000010	0.509234	0.000010	0.000010	LD_0.9_12_1553
HPT37	0.068956	0.000010	0.000015	0.000013	0.321584	0.000010	0.000019	0.036841	0.000010	0.572523	0.000010	0.000010	LD_0.9_12_1553
HPT4	0.133442	0.000010	0.000010	0.000017	0.370280	0.000010	0.000010	0.000010	0.000010	0.496181	0.000010	0.000010	LD_0.9_12_1553
HPT42	0.103681	0.000012	0.000010	0.000016	0.318350	0.000010	0.000010	0.000016	0.000010	0.577865	0.000010	0.000010	LD_0.9_12_1553
HPT52	0.000010	0.000010	0.000010	0.434165	0.000010	0.000010	0.000010	0.000010	0.000010	0.565735	0.000010	0.000010	LD_0.9_12_1553
HPT53	0.000010	0.000010	0.000010	0.000010	0.000010	0.000010	0.000010	0.000010	0.000010	0.999890	0.000010	0.000010	LD_0.9_12_1553
HPT54	0.000010	0.000010	0.000010	0.000010	0.000010	0.000010	0.000010	0.000019	0.000010	0.999881	0.000010	0.000010	LD_0.9_12_1553
HPT55	0.000013	0.000010	0.000010	0.000010	0.000010	0.000010	0.000010	0.000010	0.000010	0.999887	0.000010	0.000010	LD_0.9_12_1553
HPT59	0.000010	0.000010	0.000010	0.000010	0.000010	0.000010	0.000010	0.000010	0.000010	0.999890	0.000010	0.000010	LD_0.9_12_1553
HPT60	0.000010	0.000010	0.000010	0.000010	0.000013	0.000010	0.000010	0.000010	0.000010	0.999887	0.000010	0.000010	LD_0.9_12_1553
HPT62	0.000010	0.000010	0.000010	0.999890	0.000010	0.000010	0.000010	0.000010	0.000010	0.000010	0.000010	0.000010	LD_0.9_12_1553
HPT63	0.000010	0.000010	0.000010	0.000010	0.024037	0.000010	0.000010	0.000010	0.000010	0.975863	0.000010	0.000010	LD_0.9_12_1553
HPT7	0.159486	0.000010	0.000010	0.000010	0.363077	0.000010	0.000010	0.000012	0.000010	0.477346	0.000010	0.000010	LD_0.9_12_1553
HPT8	0.122474	0.000010	0.000010	0.000010	0.367030	0.000010	0.000010	0.000012	0.000010	0.510404	0.000010	0.000010	LD_0.9_12_1553
HPT9	0.000010	0.000010	0.000010	0.000010	0.887150	0.000010	0.000010	0.000010	0.000010	0.112750	0.000010	0.000010	LD_0.9_12_1553
JU1085	0.000010	0.000010	0.000010	0.000010	0.000010	0.000010	0.000010	0.000010	0.999890	0.000010	0.000010	0.000010	LD_0.9_12_1553
JU1337	0.018277	0.000010	0.000010	0.046291	0.000010	0.000010	0.000010	0.000010	0.000010	0.935342	0.000010	0.000010	LD_0.9_12_1553
JU1338	0.000010	0.000010	0.000010	0.000010	0.999887	0.000010	0.000010	0.000010	0.000010	0.000013	0.000010	0.000010	LD_0.9_12_1553
JU1341	0.000010	0.000010	0.000015	0.000010	0.000010	0.000010	0.000010	0.000010	0.000019	0.000016	0.999870	0.000010	LD_0.9_12_1553
JU1346	0.000010	0.000010	0.000010	0.000018	0.999882	0.000010	0.000010	0.000010	0.000010	0.000010	0.000010	0.000010	LD_0.9_12_1553
JU1347	0.000010	0.000010	0.000010	0.000010	0.000010	0.000010	0.000010	0.000010	0.000010	0.999890	0.000010	0.000010	LD_0.9_12_1553
JU1348	0.000010	0.000010	0.000010	0.000010	0.000010	0.000010	0.000015	0.000010	0.000010	0.000010	0.999885	0.000010	LD_0.9_12_1553
JU1375	0.000010	0.000010	0.000010	0.000010	0.000010	0.000010	0.000010	0.000010	0.000010	0.999890	0.000010	0.000010	LD_0.9_12_1553
JU1377	0.000010	0.000010	0.000010	0.000010	0.000010	0.000010	0.000010	0.000010	0.000010	0.999890	0.000010	0.000010	LD_0.9_12_1553
JU1378	0.047655	0.000010	0.000012	0.000010	0.000010	0.000010	0.000010	0.000010	0.000010	0.952242	0.000010	0.000010	LD_0.9_12_1553
JU1392	0.041335	0.000011	0.000010	0.000017	0.000010	0.000010	0.000010	0.000015	0.000010	0.958552	0.000010	0.000010	LD_0.9_12_1553
JU1399	0.629304	0.000010	0.000011	0.000010	0.000010	0.000010	0.000016	0.101575	0.000010	0.269025	0.000010	0.000010	LD_0.9_12_1553
JU1424	0.000010	0.000010	0.000010	0.000010	0.999890	0.000010	0.000010	0.000010	0.000010	0.000010	0.000010	0.000010	LD_0.9_12_1553
JU1435	0.019437	0.000010	0.000010	0.000010	0.000010	0.000010	0.000010	0.000010	0.000010	0.980463	0.000010	0.000010	LD_0.9_12_1553
JU1564	0.000010	0.000010	0.000010	0.000012	0.000010	0.000010	0.000013	0.000010	0.999885	0.000010	0.000010	0.000010	LD_0.9_12_1553
JU1637	0.288882	0.000010	0.000010	0.000017	0.000010	0.000010	0.000010	0.000010	0.000010	0.711010	0.000010	0.000010	LD_0.9_12_1553
JU1638	0.342603	0.000010	0.000010	0.000010	0.000019	0.000010	0.000010	0.000010	0.000010	0.657288	0.000010	0.000010	LD_0.9_12_1553
JU1794	0.000010	0.000010	0.000010	0.022299	0.053824	0.000010	0.000010	0.000010	0.000010	0.923787	0.000010	0.000010	LD_0.9_12_1553
JU1795	0.073728	0.000010	0.000014	0.000015	0.000013	0.000010	0.000011	0.000010	0.000010	0.926158	0.000010	0.000010	LD_0.9_12_1553
JU1799	0.000010	0.000010	0.000010	0.000010	0.000010	0.000010	0.000010	0.000010	0.000010	0.999890	0.000010	0.000010	LD_0.9_12_1553
JU1802	0.051701	0.000010	0.000010	0.001239	0.000010	0.000010	0.000010	0.000010	0.000010	0.946970	0.000010	0.000010	LD_0.9_12_1553
JU1814	0.769742	0.000010	0.000010	0.000010	0.000011	0.000010	0.000010	0.000010	0.000010	0.230157	0.000010	0.000010	LD_0.9_12_1553
JU1884	0.031091	0.000010	0.000010	0.000011	0.000010	0.000010	0.000014	0.000010	0.000010	0.968804	0.000010	0.000010	LD_0.9_12_1553
JU1885	0.002630	0.000010	0.000010	0.070439	0.000010	0.000010	0.000010	0.000010	0.000010	0.926842	0.000010	0.000010	LD_0.9_12_1553
JU1907	0.033617	0.000010	0.000010	0.000010	0.000010	0.000010	0.000010	0.000010	0.000010	0.966283	0.000010	0.000010	LD_0.9_12_1553
JU1908	0.047705	0.000010	0.000011	0.000016	0.000010	0.000010	0.000010	0.000010	0.000010	0.952187	0.000010	0.000010	LD_0.9_12_1553
JU1909	0.000010	0.000010	0.000010	0.000010	0.000010	0.000010	0.000010	0.000010	0.000010	0.999890	0.000010	0.000010	LD_0.9_12_1553
JU1913	0.000010	0.000010	0.000010	0.416532	0.000010	0.000010	0.000010	0.000010	0.000010	0.583368	0.000010	0.000010	LD_0.9_12_1553
JU2053	0.083896	0.000010	0.000010	0.000010	0.000010	0.000010	0.000010	0.000010	0.000010	0.916004	0.000010	0.000010	LD_0.9_12_1553
JU2054	0.000010	0.000010	0.000010	0.000010	0.000010	0.000010	0.000010	0.000010	0.000010	0.999890	0.000010	0.000010	LD_0.9_12_1553
JU2056	0.000012	0.000010	0.000010	0.000010	0.000010	0.000010	0.000010	0.000010	0.000010	0.999888	0.000010	0.000010	LD_0.9_12_1553
JU2057	0.000010	0.000010	0.000010	0.999890	0.000010	0.000010	0.000010	0.000010	0.000010	0.000010	0.000010	0.000010	LD_0.9_12_1553
JU2160	0.000010	0.000010	0.000010	0.999890	0.000010	0.000010	0.000010	0.000010	0.000010	0.000010	0.000010	0.000010	LD_0.9_12_1553
JU2162	0.000010	0.000010	0.000010	0.999890	0.000010	0.000010	0.000010	0.000010	0.000010	0.000010	0.000010	0.000010	LD_0.9_12_1553
JU2214	0.271077	0.000010	0.000010	0.000010	0.000012	0.000010	0.000010	0.183453	0.000010	0.545378	0.000010	0.000010	LD_0.9_12_1553
JU2216	0.000010	0.000010	0.000010	0.000010	0.000010	0.000010	0.000010	0.000010	0.000010	0.000010	0.000010	0.999890	LD_0.9_12_1553
JU2457	0.239718	0.000010	0.000010	0.000010	0.000010	0.000010	0.000010	0.000015	0.495815	0.264371	0.000010	0.000010	LD_0.9_12_1553
JU2470	0.000010	0.000010	0.000010	0.999889	0.000010	0.000010	0.000010	0.000011	0.000010	0.000010	0.000010	0.000010	LD_0.9_12_1553
JU2472	0.327542	0.000010	0.000010	0.000010	0.000010	0.000010	0.000010	0.000010	0.000010	0.672358	0.000010	0.000010	LD_0.9_12_1553
JU2507	0.000010	0.000010	0.000010	0.999890	0.000010	0.000010	0.000010	0.000010	0.000010	0.000010	0.000010	0.000010	LD_0.9_12_1553
JU2518	0.999890	0.000010	0.000010	0.000010	0.000010	0.000010	0.000010	0.000010	0.000010	0.000010	0.000010	0.000010	LD_0.9_12_1553
JU2536	0.000010	0.000010	0.000014	0.000010	0.000010	0.000010	0.000010	0.000010	0.999886	0.000010	0.000010	0.000010	LD_0.9_12_1553
JU2618	0.412616	0.000020	0.000013	0.000010	0.000017	0.000010	0.000010	0.573054	0.000013	0.014216	0.000010	0.000010	LD_0.9_12_1553
JU2799	0.073392	0.000015	0.000010	0.000010	0.000020	0.000010	0.000017	0.000010	0.000010	0.926486	0.000010	0.000010	LD_0.9_12_1553
JU2836	0.063399	0.000010	0.000010	0.000010	0.000010	0.000010	0.000010	0.298605	0.000010	0.637907	0.000010	0.000010	LD_0.9_12_1553
JU2849	0.000010	0.000010	0.000010	0.000010	0.999890	0.000010	0.000010	0.000010	0.000010	0.000010	0.000010	0.000010	LD_0.9_12_1553
JU2861	0.000010	0.000010	0.000010	0.000010	0.000010	0.000010	0.000010	0.000010	0.000010	0.999890	0.000010	0.000010	LD_0.9_12_1553
JU2868	0.000010	0.000010	0.000010	0.000010	0.000010	0.000010	0.000010	0.000010	0.000010	0.999890	0.000010	0.000010	LD_0.9_12_1553
JU2872	0.000010	0.000010	0.000010	0.000010	0.000010	0.000010	0.000010	0.000011	0.999887	0.000012	0.000010	0.000010	LD_0.9_12_1553
JU2910	0.149519	0.000010	0.022211	0.056343	0.056129	0.000010	0.000010	0.000010	0.000010	0.715728	0.000010	0.000010	LD_0.9_12_1553
JU3168	0.000010	0.000010	0.999880	0.000010	0.000010	0.000010	0.000010	0.000010	0.000020	0.000010	0.000010	0.000010	LD_0.9_12_1553
JU3171	0.000010	0.000010	0.000010	0.000010	0.000010	0.000010	0.000015	0.000010	0.000010	0.999885	0.000010	0.000010	LD_0.9_12_1553
JU3199	0.000010	0.000010	0.000010	0.000010	0.000010	0.000010	0.000010	0.000010	0.000010	0.000010	0.999890	0.000010	LD_0.9_12_1553
JU3200	0.000010	0.000010	0.000010	0.000010	0.000010	0.000010	0.000010	0.000010	0.000010	0.000010	0.999890	0.000010	LD_0.9_12_1553
JU3201	0.000010	0.000010	0.000010	0.000010	0.000010	0.000010	0.000010	0.000010	0.000010	0.000010	0.999890	0.000010	LD_0.9_12_1553
JU3202	0.000010	0.000010	0.000010	0.000010	0.000014	0.000010	0.000010	0.000010	0.000010	0.000016	0.999880	0.000010	LD_0.9_12_1553
JU3203	0.000010	0.000010	0.000010	0.000010	0.000010	0.000010	0.000010	0.000010	0.000010	0.000010	0.999890	0.000010	LD_0.9_12_1553
JU3206	0.000010	0.000010	0.000010	0.000010	0.000010	0.000010	0.000010	0.000010	0.000010	0.000010	0.999890	0.000010	LD_0.9_12_1553
JU3207	0.000010	0.000010	0.000010	0.000010	0.000010	0.000010	0.000010	0.000010	0.000010	0.999890	0.000010	0.000010	LD_0.9_12_1553
JU3237	0.000010	0.000010	0.000010	0.999890	0.000010	0.000010	0.000010	0.000010	0.000010	0.000010	0.000010	0.000010	LD_0.9_12_1553
JU3281	0.000010	0.000010	0.000010	0.000010	0.000015	0.000010	0.000010	0.000017	0.000010	0.999877	0.000010	0.000010	LD_0.9_12_1553
JU3319	0.000010	0.000010	0.000010	0.000010	0.830681	0.000010	0.000016	0.000010	0.000010	0.169213	0.000010	0.000010	LD_0.9_12_1553
JU3321	0.000011	0.000010	0.000010	0.000010	0.000011	0.000010	0.000010	0.000010	0.000010	0.999888	0.000010	0.000010	LD_0.9_12_1553
JU3326	0.000010	0.000010	0.948485	0.000010	0.000010	0.000010	0.000010	0.000010	0.000010	0.051415	0.000010	0.000010	LD_0.9_12_1553
JU3327	0.000013	0.000010	0.000011	0.000010	0.084811	0.000010	0.000010	0.000011	0.000010	0.915083	0.000010	0.000010	LD_0.9_12_1553
JU3416	0.000010	0.000010	0.000010	0.000010	0.000010	0.000011	0.000010	0.000010	0.901688	0.062910	0.000010	0.035311	LD_0.9_12_1553
JU4042	0.000010	0.000010	0.000010	0.000010	0.000010	0.000010	0.000010	0.000010	0.000010	0.999890	0.000010	0.000010	LD_0.9_12_1553
JU4051	0.000010	0.000010	0.000010	0.000010	0.999890	0.000010	0.000010	0.000010	0.000010	0.000010	0.000010	0.000010	LD_0.9_12_1553
JU4058	0.000010	0.000010	0.000010	0.000010	0.999890	0.000010	0.000010	0.000010	0.000010	0.000010	0.000010	0.000010	LD_0.9_12_1553
JU4060	0.000010	0.000010	0.000010	0.000010	0.999890	0.000010	0.000010	0.000010	0.000010	0.000010	0.000010	0.000010	LD_0.9_12_1553
JU4062	0.000010	0.000010	0.000010	0.000010	0.999890	0.000010	0.000010	0.000010	0.000010	0.000010	0.000010	0.000010	LD_0.9_12_1553
JU4064	0.000012	0.000010	0.000010	0.000010	0.999888	0.000010	0.000010	0.000010	0.000010	0.000010	0.000010	0.000010	LD_0.9_12_1553
JU4080	0.000011	0.000010	0.000010	0.000010	0.000010	0.000010	0.000010	0.000010	0.000010	0.999889	0.000010	0.000010	LD_0.9_12_1553
JU4084	0.000010	0.000010	0.000010	0.000010	0.999890	0.000010	0.000010	0.000010	0.000010	0.000010	0.000010	0.000010	LD_0.9_12_1553
JU4097	0.000010	0.000010	0.000010	0.000010	0.999890	0.000010	0.000010	0.000010	0.000010	0.000010	0.000010	0.000010	LD_0.9_12_1553
JU725	0.000010	0.000010	0.000010	0.000010	0.769479	0.000010	0.000010	0.000010	0.000010	0.230421	0.000010	0.000010	LD_0.9_12_1553
MY2716	0.000010	0.000010	0.000010	0.000010	0.000010	0.000010	0.000010	0.000010	0.000010	0.999890	0.000010	0.000010	LD_0.9_12_1553
MY539	0.000010	0.000010	0.000010	0.000010	0.000010	0.000010	0.000010	0.000010	0.000010	0.999890	0.000010	0.000010	LD_0.9_12_1553
NIC1050	0.652056	0.000012	0.000010	0.000010	0.000015	0.000010	0.000015	0.347828	0.000013	0.000010	0.000010	0.000010	LD_0.9_12_1553
NIC1052	0.475458	0.000010	0.000013	0.000010	0.000018	0.000010	0.000010	0.524432	0.000010	0.000010	0.000010	0.000010	LD_0.9_12_1553
NIC1054	0.787686	0.000010	0.000010	0.000010	0.000017	0.000010	0.000019	0.212198	0.000010	0.000010	0.000010	0.000010	LD_0.9_12_1553
NIC1055	0.643103	0.000010	0.000010	0.000010	0.000010	0.000010	0.000010	0.356797	0.000010	0.000010	0.000010	0.000010	LD_0.9_12_1553
NIC1057	0.636769	0.000010	0.000010	0.000010	0.000010	0.000010	0.000010	0.363131	0.000010	0.000010	0.000010	0.000010	LD_0.9_12_1553
NIC1058	0.645296	0.000010	0.000010	0.000010	0.000010	0.000010	0.000010	0.354604	0.000010	0.000010	0.000010	0.000010	LD_0.9_12_1553
NIC1059	0.722678	0.000010	0.000010	0.000015	0.000011	0.000010	0.000010	0.277208	0.000010	0.000019	0.000010	0.000010	LD_0.9_12_1553
NIC1060	0.812977	0.000010	0.000011	0.000010	0.000010	0.000010	0.000010	0.186914	0.000010	0.000018	0.000010	0.000010	LD_0.9_12_1553
NIC1062	0.564210	0.000010	0.000010	0.000010	0.000010	0.000010	0.000010	0.154731	0.000010	0.280969	0.000010	0.000010	LD_0.9_12_1553
NIC1069	0.516566	0.000010	0.000013	0.000010	0.000018	0.000010	0.000013	0.000010	0.000010	0.483320	0.000010	0.000010	LD_0.9_12_1553
NIC1103	0.408093	0.000010	0.000010	0.000010	0.000010	0.000010	0.000010	0.524474	0.000010	0.067342	0.000010	0.000010	LD_0.9_12_1553
NIC1104	0.338833	0.000010	0.000010	0.000013	0.000010	0.000010	0.000010	0.033554	0.000010	0.627520	0.000010	0.000010	LD_0.9_12_1553
NIC1106	0.264378	0.000010	0.000010	0.000012	0.132978	0.000010	0.000010	0.226629	0.000010	0.375933	0.000010	0.000010	LD_0.9_12_1553
NIC1117	0.000010	0.000010	0.000010	0.000010	0.000010	0.000010	0.000010	0.000010	0.000010	0.999890	0.000010	0.000010	LD_0.9_12_1553
NIC1123	0.000010	0.000010	0.000010	0.000015	0.999885	0.000010	0.000010	0.000010	0.000010	0.000010	0.000010	0.000010	LD_0.9_12_1553
NIC1124	0.999890	0.000010	0.000010	0.000010	0.000010	0.000010	0.000010	0.000010	0.000010	0.000010	0.000010	0.000010	LD_0.9_12_1553
NIC1135	0.948243	0.000010	0.000016	0.000010	0.000010	0.000010	0.000011	0.051649	0.000010	0.000010	0.000010	0.000010	LD_0.9_12_1553
NIC1138	0.999890	0.000010	0.000010	0.000010	0.000010	0.000010	0.000010	0.000010	0.000010	0.000010	0.000010	0.000010	LD_0.9_12_1553
NIC1141	0.999890	0.000010	0.000010	0.000010	0.000010	0.000010	0.000010	0.000010	0.000010	0.000010	0.000010	0.000010	LD_0.9_12_1553
NIC115	0.858033	0.000010	0.000010	0.000020	0.000010	0.000010	0.000016	0.000010	0.000010	0.141851	0.000010	0.000010	LD_0.9_12_1553
NIC117	0.846275	0.000010	0.000010	0.000016	0.000010	0.000010	0.000010	0.000010	0.000010	0.153619	0.000010	0.000010	LD_0.9_12_1553
NIC1183	0.999890	0.000010	0.000010	0.000010	0.000010	0.000010	0.000010	0.000010	0.000010	0.000010	0.000010	0.000010	LD_0.9_12_1553
NIC119	0.873816	0.000010	0.000010	0.000010	0.000010	0.000010	0.000010	0.000010	0.000010	0.126083	0.000010	0.000010	LD_0.9_12_1553
NIC1190	0.999880	0.000010	0.000018	0.000010	0.000012	0.000010	0.000010	0.000010	0.000010	0.000010	0.000010	0.000010	LD_0.9_12_1553
NIC1202	0.000010	0.000010	0.000010	0.000010	0.152695	0.000010	0.000010	0.000010	0.000010	0.847205	0.000010	0.000010	LD_0.9_12_1553
NIC1204	0.000010	0.000010	0.000010	0.000010	0.197451	0.000010	0.000010	0.000010	0.000010	0.802449	0.000010	0.000010	LD_0.9_12_1553
NIC1205	0.000010	0.000010	0.000010	0.000010	0.000010	0.000010	0.000010	0.000010	0.000010	0.000010	0.000010	0.999890	LD_0.9_12_1553
NIC1218	0.000010	0.000010	0.000010	0.000010	0.000010	0.000010	0.000010	0.000010	0.000010	0.999890	0.000010	0.000010	LD_0.9_12_1553
NIC1220	0.000010	0.000010	0.000010	0.000010	0.000010	0.000010	0.000010	0.000010	0.000010	0.000010	0.000010	0.999890	LD_0.9_12_1553
NIC1221	0.000010	0.000010	0.000010	0.000010	0.228901	0.000010	0.000010	0.000010	0.000010	0.770999	0.000010	0.000010	LD_0.9_12_1553
NIC123	0.860922	0.000010	0.000010	0.000010	0.000010	0.000010	0.000010	0.000010	0.000010	0.138978	0.000010	0.000010	LD_0.9_12_1553
NIC1267	0.830784	0.000010	0.000010	0.000010	0.000010	0.000010	0.000010	0.000010	0.000010	0.169116	0.000010	0.000010	LD_0.9_12_1553
NIC1283	0.999888	0.000010	0.000010	0.000010	0.000010	0.000010	0.000010	0.000012	0.000010	0.000010	0.000010	0.000010	LD_0.9_12_1553
NIC1288	0.679707	0.000010	0.000010	0.000010	0.100757	0.000010	0.000010	0.219446	0.000010	0.000010	0.000010	0.000010	LD_0.9_12_1553
NIC1292	0.969817	0.000010	0.000010	0.000010	0.000010	0.000010	0.000010	0.030083	0.000010	0.000010	0.000010	0.000010	LD_0.9_12_1553
NIC1302	0.999890	0.000010	0.000010	0.000010	0.000010	0.000010	0.000010	0.000010	0.000010	0.000010	0.000010	0.000010	LD_0.9_12_1553
NIC1304	0.974679	0.000010	0.000010	0.000018	0.000010	0.000010	0.000011	0.025212	0.000010	0.000010	0.000010	0.000010	LD_0.9_12_1553
NIC1308	0.334542	0.000010	0.000010	0.000011	0.574810	0.000010	0.000010	0.000010	0.000010	0.090557	0.000010	0.000010	LD_0.9_12_1553
NIC1407	0.919549	0.000010	0.000010	0.000010	0.000010	0.000010	0.000010	0.080351	0.000010	0.000010	0.000010	0.000010	LD_0.9_12_1553
NIC1421	0.824849	0.000010	0.000010	0.000010	0.000010	0.000010	0.000010	0.150926	0.000010	0.024135	0.000010	0.000010	LD_0.9_12_1553
NIC1423	0.755773	0.000010	0.000010	0.000010	0.000010	0.000010	0.000010	0.244127	0.000010	0.000010	0.000010	0.000010	LD_0.9_12_1553
NIC1442	0.999890	0.000010	0.000010	0.000010	0.000010	0.000010	0.000010	0.000010	0.000010	0.000010	0.000010	0.000010	LD_0.9_12_1553
NIC1491	0.999890	0.000010	0.000010	0.000010	0.000010	0.000010	0.000010	0.000010	0.000010	0.000010	0.000010	0.000010	LD_0.9_12_1553
NIC1525	0.365586	0.000010	0.000010	0.000010	0.000010	0.000010	0.000010	0.000010	0.000010	0.634314	0.000010	0.000010	LD_0.9_12_1553
NIC1528	0.402213	0.000010	0.000010	0.000013	0.000010	0.000010	0.000010	0.000010	0.000010	0.597684	0.000010	0.000010	LD_0.9_12_1553
NIC1529	0.342941	0.000010	0.000010	0.000010	0.000012	0.000010	0.000010	0.000010	0.000010	0.656957	0.000010	0.000010	LD_0.9_12_1553
NIC1533	0.278721	0.000010	0.000016	0.000010	0.000010	0.000010	0.000010	0.000012	0.000010	0.721170	0.000010	0.000010	LD_0.9_12_1553
NIC1535	0.287981	0.000010	0.000010	0.000010	0.000010	0.000010	0.000010	0.000010	0.000010	0.711919	0.000010	0.000010	LD_0.9_12_1553
NIC1539	0.000010	0.000010	0.000010	0.000010	0.000010	0.000010	0.999890	0.000010	0.000010	0.000010	0.000010	0.000010	LD_0.9_12_1553
NIC1540	0.000010	0.000010	0.000010	0.000010	0.000010	0.999890	0.000010	0.000010	0.000010	0.000010	0.000010	0.000010	LD_0.9_12_1553
NIC1562	0.000010	0.000010	0.000010	0.000010	0.000010	0.000010	0.907735	0.000010	0.000010	0.000010	0.000010	0.092165	LD_0.9_12_1553
NIC1589	0.000010	0.000010	0.000010	0.000014	0.000010	0.999878	0.000010	0.000017	0.000010	0.000010	0.000010	0.000010	LD_0.9_12_1553
NIC1590	0.000010	0.000010	0.000010	0.000010	0.000010	0.000010	0.000010	0.000010	0.000010	0.000010	0.000010	0.999890	LD_0.9_12_1553
NIC1591	0.000010	0.000010	0.000010	0.000010	0.000010	0.999890	0.000010	0.000010	0.000010	0.000010	0.000010	0.000010	LD_0.9_12_1553
NIC1593	0.000014	0.000010	0.000014	0.000010	0.000010	0.999882	0.000010	0.000010	0.000010	0.000010	0.000010	0.000010	LD_0.9_12_1553
NIC1595	0.000010	0.000010	0.000010	0.000010	0.000010	0.000010	0.000010	0.000010	0.000010	0.000010	0.000010	0.999890	LD_0.9_12_1553
NIC1598	0.000010	0.000010	0.000010	0.000010	0.000010	0.000010	0.999890	0.000010	0.000010	0.000010	0.000010	0.000010	LD_0.9_12_1553
NIC1602	0.000010	0.000010	0.000010	0.000010	0.000010	0.000010	0.999890	0.000010	0.000010	0.000010	0.000010	0.000010	LD_0.9_12_1553
NIC1607	0.000010	0.999890	0.000010	0.000010	0.000010	0.000010	0.000010	0.000010	0.000010	0.000010	0.000010	0.000010	LD_0.9_12_1553
NIC1628	0.000010	0.000010	0.000010	0.000010	0.000010	0.000010	0.000010	0.000010	0.000010	0.999890	0.000010	0.000010	LD_0.9_12_1553
NIC1630	0.000010	0.000010	0.000010	0.000010	0.000010	0.000010	0.999890	0.000010	0.000010	0.000010	0.000010	0.000010	LD_0.9_12_1553
NIC1631	0.000010	0.000010	0.000010	0.000010	0.000010	0.000010	0.000010	0.000010	0.000010	0.000010	0.000010	0.999890	LD_0.9_12_1553
NIC1632	0.000010	0.000010	0.000010	0.000010	0.000010	0.000010	0.000010	0.000010	0.999890	0.000010	0.000010	0.000010	LD_0.9_12_1553
NIC1633	0.000010	0.000010	0.000010	0.000010	0.000010	0.000010	0.000010	0.000010	0.999890	0.000010	0.000010	0.000010	LD_0.9_12_1553
NIC1635	0.000010	0.000010	0.000010	0.000010	0.000010	0.000010	0.000010	0.000010	0.999890	0.000010	0.000010	0.000010	LD_0.9_12_1553
NIC1645	0.000010	0.000010	0.000010	0.000010	0.000010	0.000010	0.781958	0.000010	0.000010	0.000010	0.000010	0.217942	LD_0.9_12_1553
NIC1660	0.000010	0.000010	0.000010	0.000010	0.000010	0.000010	0.000010	0.000010	0.000010	0.000010	0.000010	0.999890	LD_0.9_12_1553
NIC1661	0.000010	0.000010	0.000010	0.000010	0.000010	0.000010	0.000010	0.000010	0.000010	0.000010	0.000010	0.999890	LD_0.9_12_1553
NIC1662	0.000010	0.000010	0.000010	0.000010	0.000010	0.000010	0.000010	0.000010	0.000010	0.000010	0.000010	0.999890	LD_0.9_12_1553
NIC1663	0.000010	0.000010	0.000010	0.000010	0.000010	0.000010	0.000014	0.000010	0.000010	0.000010	0.000010	0.999886	LD_0.9_12_1553
NIC1664	0.000010	0.000010	0.000010	0.000010	0.000010	0.999890	0.000010	0.000010	0.000010	0.000010	0.000010	0.000010	LD_0.9_12_1553
NIC1665	0.000010	0.000010	0.000010	0.000010	0.000010	0.999890	0.000010	0.000010	0.000010	0.000010	0.000010	0.000010	LD_0.9_12_1553
NIC1666	0.000010	0.000010	0.000010	0.000010	0.000010	0.000010	0.000015	0.000010	0.000010	0.000010	0.000010	0.999885	LD_0.9_12_1553
NIC1667	0.000010	0.000010	0.000010	0.000010	0.000010	0.000010	0.999890	0.000010	0.000010	0.000010	0.000010	0.000010	LD_0.9_12_1553
NIC1681	0.000010	0.000010	0.000010	0.000010	0.000010	0.000010	0.000010	0.000010	0.000010	0.000010	0.000010	0.999890	LD_0.9_12_1553
NIC1688	0.000010	0.000010	0.000010	0.000011	0.000010	0.000010	0.000010	0.000010	0.000010	0.999889	0.000010	0.000010	LD_0.9_12_1553
NIC1692	0.000010	0.000010	0.000010	0.000010	0.000010	0.000010	0.069968	0.000010	0.000010	0.000010	0.000010	0.929932	LD_0.9_12_1553
NIC1693	0.000010	0.000010	0.000010	0.000013	0.000010	0.000010	0.000010	0.000010	0.000011	0.000010	0.000010	0.999886	LD_0.9_12_1553
NIC17	0.000010	0.000010	0.000010	0.000010	0.000010	0.000010	0.000010	0.000010	0.000010	0.999890	0.000010	0.000010	LD_0.9_12_1553
NIC174	0.000010	0.000010	0.000010	0.000010	0.000011	0.000010	0.000010	0.000010	0.999886	0.000013	0.000010	0.000010	LD_0.9_12_1553
NIC187	0.888260	0.000010	0.000010	0.000010	0.000010	0.000010	0.000010	0.000010	0.000010	0.111640	0.000010	0.000010	LD_0.9_12_1553
NIC188	0.909610	0.000010	0.000010	0.000010	0.000010	0.000010	0.000010	0.000010	0.000010	0.090290	0.000010	0.000010	LD_0.9_12_1553
NIC19	0.000010	0.000010	0.000010	0.000010	0.000010	0.999890	0.000010	0.000010	0.000010	0.000010	0.000010	0.000010	LD_0.9_12_1553
NIC191	0.837642	0.000010	0.000010	0.000010	0.000010	0.000010	0.000010	0.000010	0.000010	0.162258	0.000010	0.000010	LD_0.9_12_1553
NIC20	0.000010	0.000010	0.000010	0.000010	0.000010	0.999875	0.000011	0.000018	0.000010	0.000016	0.000010	0.000010	LD_0.9_12_1553
NIC21	0.000010	0.000010	0.000010	0.000010	0.000010	0.999890	0.000010	0.000010	0.000010	0.000010	0.000010	0.000010	LD_0.9_12_1553
NIC22	0.000011	0.000010	0.000010	0.000010	0.000010	0.999889	0.000010	0.000010	0.000010	0.000010	0.000010	0.000010	LD_0.9_12_1553
NIC2369	0.000010	0.000010	0.000010	0.000010	0.999890	0.000010	0.000010	0.000010	0.000010	0.000010	0.000010	0.000010	LD_0.9_12_1553
NIC248	0.815714	0.000010	0.000010	0.000010	0.000010	0.000010	0.000010	0.000010	0.000010	0.184186	0.000010	0.000010	LD_0.9_12_1553
NIC250	0.752748	0.000010	0.000010	0.000010	0.000010	0.000010	0.000014	0.000010	0.000010	0.247148	0.000010	0.000010	LD_0.9_12_1553
NIC2527	0.000010	0.000010	0.000010	0.000010	0.000010	0.000010	0.000010	0.000010	0.000010	0.999890	0.000010	0.000010	LD_0.9_12_1553
NIC309	0.999890	0.000010	0.000010	0.000010	0.000010	0.000010	0.000010	0.000010	0.000010	0.000010	0.000010	0.000010	LD_0.9_12_1553
NIC325	0.999890	0.000010	0.000010	0.000010	0.000010	0.000010	0.000010	0.000010	0.000010	0.000010	0.000010	0.000010	LD_0.9_12_1553
NIC327	0.737273	0.000010	0.000010	0.000019	0.000010	0.000012	0.000010	0.262615	0.000010	0.000010	0.000010	0.000010	LD_0.9_12_1553
NIC329	0.847824	0.000010	0.000010	0.000010	0.000010	0.000010	0.000010	0.152076	0.000010	0.000010	0.000010	0.000010	LD_0.9_12_1553
NIC330	0.881986	0.000010	0.000017	0.000015	0.000010	0.000010	0.000010	0.117896	0.000010	0.000016	0.000010	0.000010	LD_0.9_12_1553
NIC331	0.848535	0.000010	0.000016	0.000010	0.000010	0.000010	0.000010	0.151359	0.000010	0.000010	0.000010	0.000010	LD_0.9_12_1553
NIC332	0.733890	0.000010	0.000010	0.000010	0.000010	0.000010	0.000010	0.266010	0.000010	0.000010	0.000010	0.000010	LD_0.9_12_1553
NIC333	0.895056	0.000010	0.000010	0.000010	0.000010	0.000010	0.000010	0.104844	0.000010	0.000010	0.000010	0.000010	LD_0.9_12_1553
NIC343	0.000010	0.000017	0.000010	0.000019	0.030184	0.000011	0.000018	0.000010	0.000011	0.969690	0.000010	0.000010	LD_0.9_12_1553
NIC392	0.776516	0.000010	0.000010	0.000019	0.000015	0.000010	0.000010	0.000010	0.000010	0.223371	0.000010	0.000010	LD_0.9_12_1553
NIC400	0.758678	0.000010	0.000010	0.000010	0.000010	0.000010	0.000010	0.241222	0.000010	0.000010	0.000010	0.000010	LD_0.9_12_1553
NIC402	0.765434	0.000010	0.000010	0.000010	0.000010	0.000010	0.000019	0.234453	0.000010	0.000014	0.000010	0.000010	LD_0.9_12_1553
NIC419	0.000010	0.000010	0.000010	0.000010	0.999890	0.000010	0.000010	0.000010	0.000010	0.000010	0.000010	0.000010	LD_0.9_12_1553
NIC504	0.000010	0.000010	0.000010	0.000010	0.000010	0.000010	0.000012	0.000010	0.000010	0.000010	0.000010	0.999888	LD_0.9_12_1553
NIC505	0.000010	0.000010	0.000010	0.000010	0.000010	0.000010	0.000010	0.000010	0.000010	0.000010	0.000010	0.999890	LD_0.9_12_1553
NIC518	0.000010	0.000010	0.000010	0.000010	0.000010	0.000010	0.999890	0.000010	0.000010	0.000010	0.000010	0.000010	LD_0.9_12_1553
NIC519	0.000010	0.000015	0.000010	0.000011	0.000010	0.000016	0.913286	0.000010	0.000013	0.000010	0.000010	0.086598	LD_0.9_12_1553
NIC532	0.777992	0.000010	0.000012	0.000010	0.000010	0.000010	0.000010	0.000015	0.000010	0.221902	0.000010	0.000010	LD_0.9_12_1553
NIC541	0.578421	0.000010	0.000010	0.304358	0.000010	0.000010	0.000010	0.117131	0.000010	0.000010	0.000010	0.000010	LD_0.9_12_1553
NIC549	0.677807	0.000010	0.000010	0.000019	0.000019	0.000010	0.000010	0.000010	0.000010	0.322076	0.000010	0.000010	LD_0.9_12_1553
NIC552	0.609392	0.000010	0.000010	0.000016	0.000014	0.000010	0.000010	0.000012	0.000010	0.390496	0.000010	0.000010	LD_0.9_12_1553
NIC555	0.767487	0.000010	0.000010	0.000012	0.000010	0.000010	0.000010	0.107221	0.000010	0.125199	0.000010	0.000010	LD_0.9_12_1553
NIC574	0.758250	0.000010	0.000010	0.000016	0.000016	0.000010	0.000010	0.000010	0.000010	0.241638	0.000010	0.000010	LD_0.9_12_1553
NIC578	0.913287	0.000010	0.000010	0.000017	0.000010	0.000010	0.000010	0.000010	0.000010	0.086606	0.000010	0.000010	LD_0.9_12_1553
NIC583	0.907768	0.000010	0.000010	0.000010	0.000010	0.000010	0.000010	0.000010	0.000010	0.092132	0.000010	0.000010	LD_0.9_12_1553
NIC590	0.887180	0.000010	0.000010	0.112710	0.000017	0.000010	0.000010	0.000010	0.000010	0.000012	0.000010	0.000010	LD_0.9_12_1553
NIC593	0.712387	0.000010	0.000010	0.000010	0.000010	0.000010	0.000010	0.000010	0.000010	0.287513	0.000010	0.000010	LD_0.9_12_1553
NIC60	0.999890	0.000010	0.000010	0.000010	0.000010	0.000010	0.000010	0.000010	0.000010	0.000010	0.000010	0.000010	LD_0.9_12_1553
NIC61	0.560278	0.000010	0.000016	0.000013	0.000010	0.000010	0.000010	0.000010	0.000010	0.439614	0.000010	0.000010	LD_0.9_12_1553
NIC62	0.891803	0.000010	0.000010	0.000010	0.000010	0.000010	0.000010	0.000010	0.000010	0.108097	0.000010	0.000010	LD_0.9_12_1553
NIC67	0.000010	0.000010	0.000010	0.000010	0.999890	0.000010	0.000010	0.000010	0.000010	0.000010	0.000010	0.000010	LD_0.9_12_1553
NIC758	0.878903	0.000010	0.000010	0.120995	0.000010	0.000010	0.000011	0.000010	0.000010	0.000010	0.000010	0.000010	LD_0.9_12_1553
NIC777	0.762824	0.000010	0.000010	0.000012	0.000010	0.000013	0.000010	0.110358	0.000010	0.126723	0.000010	0.000010	LD_0.9_12_1553
NIC779	0.000010	0.000010	0.000010	0.000010	0.000010	0.000010	0.000010	0.000010	0.000010	0.000010	0.000010	0.999890	LD_0.9_12_1553
NIC790	0.000010	0.000010	0.000010	0.000010	0.000010	0.000014	0.000010	0.000010	0.000010	0.999886	0.000010	0.000010	LD_0.9_12_1553
NIC791	0.000010	0.000010	0.000010	0.919330	0.000010	0.000010	0.000010	0.000010	0.000010	0.080570	0.000010	0.000010	LD_0.9_12_1553
NIC792	0.000010	0.000010	0.000010	0.318136	0.000010	0.000010	0.000010	0.000010	0.000010	0.681764	0.000010	0.000010	LD_0.9_12_1553
NIC793	0.000010	0.000010	0.000010	0.000010	0.000010	0.000010	0.000010	0.000010	0.000010	0.999890	0.000010	0.000010	LD_0.9_12_1553
NIC795	0.000010	0.000010	0.000010	0.000010	0.000010	0.000010	0.000010	0.000010	0.000010	0.999890	0.000010	0.000010	LD_0.9_12_1553
NIC796	0.000010	0.000010	0.000010	0.000010	0.000010	0.007987	0.000010	0.000010	0.000010	0.991913	0.000010	0.000010	LD_0.9_12_1553
NIC802	0.000010	0.000010	0.000010	0.000010	0.000010	0.000010	0.000010	0.000010	0.000010	0.999890	0.000010	0.000010	LD_0.9_12_1553
NIC803	0.092479	0.000010	0.000010	0.000010	0.000010	0.000010	0.000010	0.000010	0.000010	0.907421	0.000010	0.000010	LD_0.9_12_1553
NIC805	0.000010	0.000010	0.000011	0.000010	0.000010	0.000014	0.000019	0.000010	0.000011	0.000010	0.000010	0.999874	LD_0.9_12_1553
NIC811	0.000010	0.000010	0.000010	0.002597	0.053949	0.000010	0.000010	0.000010	0.000010	0.943364	0.000010	0.000010	LD_0.9_12_1553
NIC814	0.000010	0.000010	0.000010	0.000010	0.000010	0.000010	0.000010	0.000010	0.000010	0.000010	0.000010	0.999890	LD_0.9_12_1553
NIC815	0.000010	0.000010	0.000010	0.000013	0.000010	0.000011	0.000019	0.000010	0.000013	0.000010	0.000010	0.999874	LD_0.9_12_1553
NIC816	0.000010	0.000010	0.000010	0.000010	0.000010	0.999882	0.000010	0.000010	0.000010	0.000018	0.000010	0.000010	LD_0.9_12_1553
NIC819	0.000010	0.999890	0.000010	0.000010	0.000010	0.000010	0.000010	0.000010	0.000010	0.000010	0.000010	0.000010	LD_0.9_12_1553
NIC821	0.100830	0.000010	0.000010	0.000010	0.000010	0.000010	0.000010	0.000010	0.000010	0.899070	0.000010	0.000010	LD_0.9_12_1553
NIC822	0.000010	0.000010	0.000010	0.000010	0.000010	0.000010	0.840416	0.000010	0.000010	0.000010	0.000010	0.159484	LD_0.9_12_1553
NIC824	0.000010	0.000010	0.000010	0.000010	0.000010	0.000010	0.000010	0.000010	0.000010	0.000010	0.000010	0.999890	LD_0.9_12_1553
NIC825	0.000010	0.000010	0.000010	0.000010	0.000010	0.999890	0.000010	0.000010	0.000010	0.000010	0.000010	0.000010	LD_0.9_12_1553
NIC827	0.000010	0.000010	0.000010	0.000010	0.000010	0.999880	0.000019	0.000010	0.000011	0.000010	0.000010	0.000010	LD_0.9_12_1553
NIC828	0.000010	0.000010	0.000010	0.000010	0.000010	0.999890	0.000010	0.000010	0.000010	0.000010	0.000010	0.000010	LD_0.9_12_1553
NIC863	0.000010	0.000010	0.000010	0.000010	0.000010	0.000010	0.000010	0.000010	0.000010	0.000010	0.000010	0.999890	LD_0.9_12_1553
NIC864	0.000010	0.000010	0.000010	0.000010	0.000010	0.000010	0.000010	0.000010	0.000010	0.000010	0.000010	0.999890	LD_0.9_12_1553
NIC865	0.000010	0.000010	0.000010	0.000010	0.000010	0.000010	0.000010	0.000010	0.000010	0.000010	0.000010	0.999890	LD_0.9_12_1553
NIC871	0.000010	0.000010	0.000010	0.000010	0.000010	0.000010	0.000010	0.000010	0.000010	0.999890	0.000010	0.000010	LD_0.9_12_1553
NIC883	0.000010	0.000010	0.000010	0.000010	0.000010	0.000010	0.000010	0.000010	0.000010	0.999890	0.000010	0.000010	LD_0.9_12_1553
NIC889	0.000010	0.000010	0.000010	0.000010	0.000010	0.000010	0.000010	0.000010	0.000010	0.000010	0.000010	0.999890	LD_0.9_12_1553
NIC893	0.000010	0.985883	0.000010	0.000010	0.000010	0.000010	0.000010	0.000010	0.000010	0.014017	0.000010	0.000010	LD_0.9_12_1553
NIC897	0.000010	0.000010	0.000010	0.000010	0.000010	0.000010	0.000010	0.000010	0.000010	0.000010	0.000010	0.999890	LD_0.9_12_1553
NIC899	0.000010	0.000010	0.000010	0.000010	0.000010	0.000010	0.000010	0.000010	0.999885	0.000015	0.000010	0.000010	LD_0.9_12_1553
NIC901	0.004370	0.000010	0.000010	0.000010	0.000010	0.000010	0.000010	0.000010	0.000010	0.995530	0.000010	0.000010	LD_0.9_12_1553
NIC911	0.225546	0.000010	0.000010	0.000010	0.000010	0.000010	0.000010	0.000014	0.000010	0.774350	0.000010	0.000010	LD_0.9_12_1553
NIC96	0.999890	0.000010	0.000010	0.000010	0.000010	0.000010	0.000010	0.000010	0.000010	0.000010	0.000010	0.000010	LD_0.9_12_1553
NIC984	0.115894	0.000010	0.000018	0.000010	0.000011	0.000011	0.000010	0.000010	0.000010	0.883997	0.000010	0.000010	LD_0.9_12_1553
NIC985	0.147412	0.000010	0.000010	0.000010	0.164017	0.000010	0.000010	0.000010	0.000010	0.688481	0.000010	0.000010	LD_0.9_12_1553
PB800	0.000010	0.000010	0.000010	0.000010	0.000010	0.000010	0.000010	0.000010	0.999890	0.000010	0.000010	0.000010	LD_0.9_12_1553
PB857	0.000011	0.000010	0.000010	0.000010	0.000010	0.000010	0.000010	0.000010	0.999889	0.000010	0.000010	0.000010	LD_0.9_12_1553
PE887	0.065703	0.000010	0.000010	0.000010	0.000010	0.000010	0.000010	0.000010	0.000010	0.934197	0.000010	0.000010	LD_0.9_12_1553
QG1005	0.063047	0.000010	0.000010	0.000010	0.000010	0.000010	0.000010	0.936853	0.000010	0.000010	0.000010	0.000010	LD_0.9_12_1553
QG1007	0.000010	0.000010	0.000010	0.000016	0.000010	0.000010	0.000010	0.999880	0.000010	0.000014	0.000010	0.000010	LD_0.9_12_1553
QG1111	0.000010	0.000011	0.000010	0.000010	0.000010	0.000010	0.000010	0.999888	0.000010	0.000011	0.000010	0.000010	LD_0.9_12_1553
QG1126	0.000010	0.000010	0.000010	0.000010	0.000012	0.000010	0.000016	0.999878	0.000010	0.000014	0.000010	0.000010	LD_0.9_12_1553
QG1141	0.000010	0.000010	0.000010	0.000010	0.000010	0.000010	0.000010	0.999889	0.000010	0.000011	0.000010	0.000010	LD_0.9_12_1553
QG1155	0.000010	0.000010	0.000010	0.000010	0.000010	0.000010	0.000010	0.998576	0.000010	0.001324	0.000010	0.000010	LD_0.9_12_1553
QG130	0.000010	0.000010	0.000010	0.000010	0.000010	0.000010	0.000010	0.000010	0.000010	0.999890	0.000010	0.000010	LD_0.9_12_1553
QG132	0.073485	0.000010	0.000010	0.000011	0.000010	0.000010	0.000010	0.000010	0.000010	0.926414	0.000010	0.000010	LD_0.9_12_1553
QG133	0.000010	0.000010	0.000010	0.000010	0.000010	0.000010	0.013303	0.000010	0.000010	0.021233	0.000010	0.965374	LD_0.9_12_1553
QG2641	0.000010	0.000010	0.000010	0.000010	0.000010	0.000010	0.000011	0.999889	0.000010	0.000010	0.000010	0.000010	LD_0.9_12_1553
QG2648	0.000010	0.000011	0.000010	0.000010	0.000010	0.000010	0.000017	0.999882	0.000010	0.000010	0.000010	0.000010	LD_0.9_12_1553
QG2659	0.000010	0.000010	0.000010	0.000013	0.000010	0.000010	0.000010	0.999887	0.000010	0.000010	0.000010	0.000010	LD_0.9_12_1553
QG2663	0.000010	0.000010	0.000010	0.000018	0.000010	0.000010	0.000010	0.999875	0.000010	0.000017	0.000010	0.000010	LD_0.9_12_1553
QG2665	0.000010	0.000019	0.000010	0.000010	0.000010	0.000010	0.000010	0.999881	0.000010	0.000010	0.000010	0.000010	LD_0.9_12_1553
QG2683	0.000010	0.000010	0.000010	0.000010	0.000010	0.000010	0.000010	0.999890	0.000010	0.000010	0.000010	0.000010	LD_0.9_12_1553
QG2736	0.000010	0.000018	0.000010	0.000010	0.000010	0.000010	0.000010	0.999882	0.000010	0.000010	0.000010	0.000010	LD_0.9_12_1553
QG2814	0.000010	0.000010	0.000010	0.000010	0.000010	0.000010	0.000010	0.000010	0.000010	0.999890	0.000010	0.000010	LD_0.9_12_1553
QG2820	0.000010	0.000010	0.000010	0.000010	0.000010	0.000010	0.000010	0.000010	0.000010	0.999890	0.000010	0.000010	LD_0.9_12_1553
QG2848	0.000010	0.000010	0.000010	0.000010	0.000010	0.000010	0.000010	0.000010	0.000010	0.999890	0.000010	0.000010	LD_0.9_12_1553
QG2880	0.000010	0.000010	0.000010	0.999889	0.000011	0.000010	0.000010	0.000010	0.000010	0.000010	0.000010	0.000010	LD_0.9_12_1553
QG2881	0.000010	0.000010	0.000010	0.000010	0.000010	0.000010	0.000010	0.000010	0.000010	0.999890	0.000010	0.000010	LD_0.9_12_1553
QG2883	0.000010	0.000010	0.000010	0.000010	0.000010	0.000010	0.000010	0.000010	0.000010	0.999890	0.000010	0.000010	LD_0.9_12_1553
QG2884	0.000011	0.000010	0.000011	0.999888	0.000010	0.000010	0.000010	0.000011	0.000010	0.000010	0.000010	0.000010	LD_0.9_12_1553
QG2891	0.000010	0.000012	0.000010	0.000010	0.000015	0.000010	0.000010	0.000010	0.000010	0.000010	0.999883	0.000010	LD_0.9_12_1553
QG2892	0.000010	0.000010	0.000010	0.999883	0.000011	0.000010	0.000010	0.000010	0.000010	0.000017	0.000010	0.000010	LD_0.9_12_1553
QG2893	0.000010	0.000010	0.000010	0.000010	0.000010	0.000010	0.000010	0.000010	0.000014	0.000010	0.999886	0.000010	LD_0.9_12_1553
QG2895	0.000010	0.000010	0.000010	0.999886	0.000010	0.000012	0.000010	0.000013	0.000010	0.000010	0.000010	0.000010	LD_0.9_12_1553
QG2902	0.000010	0.000010	0.000010	0.999890	0.000010	0.000010	0.000010	0.000010	0.000010	0.000010	0.000010	0.000010	LD_0.9_12_1553
QG2903	0.000010	0.000010	0.000010	0.999890	0.000010	0.000010	0.000010	0.000010	0.000010	0.000010	0.000010	0.000010	LD_0.9_12_1553
QG2906	0.000011	0.000010	0.000010	0.999881	0.000010	0.000018	0.000010	0.000010	0.000010	0.000010	0.000010	0.000010	LD_0.9_12_1553
QG2908	0.000010	0.000010	0.000010	0.000010	0.000010	0.000010	0.000010	0.000010	0.000016	0.000010	0.999884	0.000010	LD_0.9_12_1553
QG2910	0.057767	0.000010	0.000010	0.000011	0.000010	0.000010	0.000010	0.000010	0.000010	0.942132	0.000010	0.000010	LD_0.9_12_1553
QG2919	0.000010	0.000010	0.000010	0.000010	0.000010	0.000010	0.000010	0.000010	0.000010	0.000010	0.999890	0.000010	LD_0.9_12_1553
QG2923	0.000010	0.000010	0.000010	0.999890	0.000010	0.000010	0.000010	0.000010	0.000010	0.000010	0.000010	0.000010	LD_0.9_12_1553
QG2925	0.000010	0.000010	0.000010	0.999884	0.000016	0.000010	0.000010	0.000010	0.000010	0.000010	0.000010	0.000010	LD_0.9_12_1553
QG2964	0.000010	0.000010	0.000010	0.000010	0.000010	0.000010	0.000010	0.999887	0.000010	0.000013	0.000010	0.000010	LD_0.9_12_1553
QG2966	0.163903	0.000010	0.000010	0.000010	0.000012	0.000010	0.000010	0.601377	0.000010	0.234628	0.000010	0.000010	LD_0.9_12_1553
QG2969	0.000010	0.000010	0.000010	0.000010	0.000010	0.000010	0.000010	0.999887	0.000010	0.000013	0.000010	0.000010	LD_0.9_12_1553
QG2972	0.000010	0.000010	0.000010	0.000010	0.000010	0.000010	0.000010	0.999890	0.000010	0.000010	0.000010	0.000010	LD_0.9_12_1553
QG2996	0.000014	0.000010	0.000010	0.000019	0.000010	0.000010	0.000019	0.999867	0.000010	0.000010	0.000010	0.000010	LD_0.9_12_1553
QG3004	0.159455	0.000010	0.000010	0.000010	0.000010	0.000010	0.000010	0.775319	0.000010	0.065136	0.000010	0.000010	LD_0.9_12_1553
QG3006	0.000010	0.000010	0.000010	0.000010	0.000010	0.000010	0.000010	0.999890	0.000010	0.000010	0.000010	0.000010	LD_0.9_12_1553
QG3019	0.146464	0.000010	0.000010	0.000010	0.000020	0.000010	0.000017	0.853419	0.000010	0.000010	0.000010	0.000010	LD_0.9_12_1553
QG3025	0.000010	0.000010	0.000010	0.000010	0.000010	0.000010	0.000010	0.999890	0.000010	0.000010	0.000010	0.000010	LD_0.9_12_1553
QG3030	0.000010	0.000010	0.000010	0.000010	0.000010	0.000010	0.000010	0.999890	0.000010	0.000010	0.000010	0.000010	LD_0.9_12_1553
QG3032	0.249929	0.000010	0.000010	0.000010	0.000010	0.000010	0.000017	0.749957	0.000010	0.000016	0.000010	0.000010	LD_0.9_12_1553
QG3034	0.000010	0.000010	0.000010	0.000010	0.000010	0.000010	0.000010	0.999890	0.000010	0.000010	0.000010	0.000010	LD_0.9_12_1553
QG3041	0.000010	0.000010	0.000010	0.000010	0.000010	0.000010	0.000010	0.999890	0.000010	0.000010	0.000010	0.000010	LD_0.9_12_1553
QG3053	0.504847	0.000010	0.000010	0.000010	0.000013	0.000010	0.000019	0.000010	0.000010	0.495042	0.000010	0.000010	LD_0.9_12_1553
QG3056	0.169469	0.000010	0.000010	0.000010	0.000013	0.000010	0.000010	0.594934	0.000010	0.235504	0.000010	0.000010	LD_0.9_12_1553
QG3057	0.000010	0.000010	0.000010	0.000010	0.000010	0.000010	0.000010	0.999890	0.000010	0.000010	0.000010	0.000010	LD_0.9_12_1553
QG3058	0.073782	0.000010	0.000010	0.000010	0.000010	0.000010	0.000010	0.926118	0.000010	0.000010	0.000010	0.000010	LD_0.9_12_1553
QG3527	0.649527	0.000010	0.000011	0.000010	0.000016	0.000010	0.000015	0.114432	0.000010	0.235939	0.000010	0.000010	LD_0.9_12_1553
QG3661	0.000010	0.000010	0.000010	0.000010	0.000010	0.000010	0.000010	0.000010	0.999890	0.000010	0.000010	0.000010	LD_0.9_12_1553
QG3783	0.641386	0.000010	0.000010	0.000010	0.000010	0.000010	0.000010	0.016293	0.000010	0.342231	0.000010	0.000010	LD_0.9_12_1553
QG3801	0.109874	0.000010	0.000010	0.000010	0.000010	0.000010	0.000010	0.890026	0.000010	0.000010	0.000010	0.000010	LD_0.9_12_1553
QG3815	0.826719	0.000010	0.000010	0.000010	0.000010	0.000010	0.000010	0.000010	0.000010	0.173181	0.000010	0.000010	LD_0.9_12_1553
QG3816	0.662027	0.000010	0.000010	0.000010	0.000020	0.000010	0.000010	0.007916	0.000010	0.329957	0.000010	0.000010	LD_0.9_12_1553
QG3823	0.095062	0.000010	0.000010	0.003537	0.013424	0.000010	0.000010	0.887898	0.000010	0.000010	0.000010	0.000010	LD_0.9_12_1553
QG3825	0.673653	0.000010	0.000010	0.000010	0.000010	0.000010	0.000010	0.000010	0.000010	0.326247	0.000010	0.000010	LD_0.9_12_1553
QG3826	0.666447	0.000010	0.000010	0.000017	0.000019	0.000010	0.000010	0.037951	0.000010	0.295496	0.000010	0.000010	LD_0.9_12_1553
QG3837	0.727254	0.000010	0.000010	0.000012	0.000010	0.000010	0.000010	0.000010	0.000010	0.272644	0.000010	0.000010	LD_0.9_12_1553
QG3851	0.661719	0.000010	0.000010	0.000010	0.000010	0.000010	0.000010	0.020774	0.000010	0.317418	0.000010	0.000010	LD_0.9_12_1553
QG3861	0.717394	0.000010	0.000010	0.000010	0.000010	0.000010	0.000010	0.000010	0.000010	0.282506	0.000010	0.000010	LD_0.9_12_1553
QG3867	0.138066	0.000010	0.000010	0.000010	0.000010	0.000010	0.000010	0.858325	0.000010	0.003519	0.000010	0.000010	LD_0.9_12_1553
QG3874	0.579764	0.000010	0.000010	0.000010	0.000010	0.000010	0.000010	0.000010	0.000010	0.420136	0.000010	0.000010	LD_0.9_12_1553
QG3875	0.930679	0.000010	0.000010	0.000010	0.000010	0.000010	0.000010	0.000010	0.000010	0.069221	0.000010	0.000010	LD_0.9_12_1553
QG3876	0.704219	0.000019	0.000011	0.000010	0.000010	0.000010	0.000010	0.001735	0.000010	0.293947	0.000010	0.000010	LD_0.9_12_1553
QG3878	0.917931	0.000010	0.000010	0.000010	0.000010	0.000010	0.000010	0.000010	0.000010	0.081969	0.000010	0.000010	LD_0.9_12_1553
QG3920	0.761658	0.000010	0.000010	0.000010	0.000010	0.000010	0.000010	0.000010	0.000010	0.238242	0.000010	0.000010	LD_0.9_12_1553
QG3921	0.708079	0.000010	0.000010	0.000010	0.000010	0.000010	0.000010	0.000019	0.000010	0.291812	0.000010	0.000010	LD_0.9_12_1553
QG3923	0.645597	0.000010	0.000010	0.000010	0.000010	0.000010	0.000010	0.000014	0.000010	0.354299	0.000010	0.000010	LD_0.9_12_1553
QG3924	0.639556	0.000010	0.000018	0.000011	0.000010	0.000010	0.000011	0.112709	0.000010	0.247634	0.000010	0.000010	LD_0.9_12_1553
QG3925	0.844830	0.000010	0.000010	0.000010	0.000010	0.000010	0.000010	0.000010	0.000010	0.155070	0.000010	0.000010	LD_0.9_12_1553
QG3926	0.856402	0.000010	0.000010	0.000010	0.000010	0.000010	0.000010	0.000010	0.000010	0.143498	0.000010	0.000010	LD_0.9_12_1553
QG3927	0.733910	0.000012	0.000013	0.000010	0.000010	0.000010	0.000010	0.000011	0.000010	0.265984	0.000010	0.000010	LD_0.9_12_1553
QG3931	0.932212	0.000010	0.000010	0.000010	0.000010	0.000010	0.000010	0.000010	0.000010	0.067688	0.000010	0.000010	LD_0.9_12_1553
QG3932	0.610919	0.000010	0.000010	0.000010	0.000010	0.000010	0.000010	0.000010	0.000010	0.388981	0.000010	0.000010	LD_0.9_12_1553
QG3933	0.359020	0.000010	0.000010	0.000010	0.000018	0.000010	0.000010	0.000010	0.000010	0.640871	0.000010	0.000010	LD_0.9_12_1553
QG4026	0.000010	0.000013	0.000010	0.000010	0.000010	0.000010	0.000010	0.000010	0.000010	0.000010	0.999887	0.000010	LD_0.9_12_1553
QG4028	0.000010	0.000015	0.000013	0.000010	0.000010	0.000011	0.000010	0.000010	0.000010	0.000010	0.999882	0.000010	LD_0.9_12_1553
QG4031	0.000010	0.000010	0.000010	0.000010	0.000010	0.000010	0.000010	0.000010	0.000010	0.000010	0.999890	0.000010	LD_0.9_12_1553
QG4063	0.000010	0.000010	0.000010	0.000010	0.000011	0.000010	0.000010	0.000010	0.000010	0.000010	0.999889	0.000010	LD_0.9_12_1553
QG4064	0.000010	0.000014	0.000015	0.000010	0.000010	0.000010	0.000010	0.000010	0.000011	0.000016	0.999873	0.000010	LD_0.9_12_1553
QG4067	0.000010	0.000010	0.000017	0.000010	0.000010	0.000010	0.000010	0.000010	0.000011	0.000010	0.999882	0.000010	LD_0.9_12_1553
QG4068	0.000010	0.000015	0.000017	0.000010	0.000010	0.000010	0.000010	0.000010	0.000011	0.000010	0.999877	0.000010	LD_0.9_12_1553
QG4070	0.000010	0.000010	0.000010	0.000010	0.000010	0.000010	0.000010	0.000010	0.000010	0.999890	0.000010	0.000010	LD_0.9_12_1553
QG4093	0.000010	0.000010	0.000010	0.000010	0.000010	0.000010	0.000010	0.000010	0.000010	0.000010	0.999890	0.000010	LD_0.9_12_1553
QG4094	0.000010	0.000010	0.000010	0.000010	0.000010	0.000010	0.000010	0.000010	0.000010	0.000010	0.999890	0.000010	LD_0.9_12_1553
QG4095	0.000010	0.000010	0.000015	0.000010	0.000010	0.000010	0.000010	0.000010	0.000014	0.000010	0.999881	0.000010	LD_0.9_12_1553
QG4096	0.000010	0.000010	0.000010	0.000010	0.000010	0.000010	0.000010	0.000010	0.000010	0.000010	0.999890	0.000010	LD_0.9_12_1553
QG4097	0.000010	0.000010	0.000010	0.000010	0.000010	0.000010	0.000010	0.000010	0.000010	0.000010	0.999890	0.000010	LD_0.9_12_1553
QG4104	0.000010	0.000010	0.000015	0.000010	0.000010	0.000010	0.000010	0.000010	0.000012	0.000010	0.999883	0.000010	LD_0.9_12_1553
QG4114	0.000010	0.000010	0.000010	0.000010	0.000010	0.000010	0.000010	0.000010	0.000011	0.000010	0.999889	0.000010	LD_0.9_12_1553
QG4131	0.000010	0.000010	0.000010	0.000010	0.000010	0.000010	0.000010	0.000010	0.000010	0.000010	0.999890	0.000010	LD_0.9_12_1553
QG4132	0.000010	0.000010	0.000013	0.000010	0.000010	0.000010	0.000010	0.000010	0.000012	0.000010	0.999886	0.000010	LD_0.9_12_1553
QG4208	0.000010	0.000011	0.000010	0.000010	0.000010	0.000010	0.000010	0.000010	0.000010	0.000011	0.999888	0.000010	LD_0.9_12_1553
QG4214	0.000010	0.000010	0.000016	0.000010	0.000010	0.000010	0.000010	0.000010	0.000012	0.000010	0.999882	0.000010	LD_0.9_12_1553
QG4225	0.000010	0.000010	0.000010	0.000010	0.000010	0.000010	0.000010	0.000010	0.000010	0.000010	0.999890	0.000010	LD_0.9_12_1553
QG4232	0.000010	0.000010	0.000010	0.000010	0.000010	0.000010	0.000010	0.000010	0.000010	0.000010	0.999890	0.000010	LD_0.9_12_1553
QG4233	0.000010	0.000010	0.000010	0.000010	0.000010	0.000010	0.000010	0.000010	0.000010	0.000010	0.999890	0.000010	LD_0.9_12_1553
QG4647	0.000010	0.000010	0.000010	0.999890	0.000010	0.000010	0.000010	0.000010	0.000010	0.000010	0.000010	0.000010	LD_0.9_12_1553
QG4648	0.000010	0.000010	0.000010	0.008172	0.000010	0.000010	0.000010	0.000010	0.000010	0.991728	0.000010	0.000010	LD_0.9_12_1553
QG4683	0.000010	0.000010	0.000010	0.000010	0.000010	0.000010	0.000010	0.000010	0.000010	0.999890	0.000010	0.000010	LD_0.9_12_1553
QG4701	0.000010	0.000010	0.000010	0.575577	0.000010	0.000010	0.000010	0.000010	0.000010	0.424323	0.000010	0.000010	LD_0.9_12_1553
QG4706	0.000010	0.000010	0.000010	0.000010	0.000010	0.000010	0.000010	0.000010	0.000010	0.999890	0.000010	0.000010	LD_0.9_12_1553
QG4718	0.000010	0.000010	0.000010	0.000010	0.000010	0.000010	0.000010	0.000010	0.000010	0.999890	0.000010	0.000010	LD_0.9_12_1553
QG4742	0.000010	0.000010	0.000010	0.021109	0.000010	0.000010	0.000010	0.000010	0.000010	0.978791	0.000010	0.000010	LD_0.9_12_1553
QG4805	0.000010	0.000010	0.000010	0.999890	0.000010	0.000010	0.000010	0.000010	0.000010	0.000010	0.000010	0.000010	LD_0.9_12_1553
QG4847	0.000011	0.000010	0.000010	0.000010	0.000010	0.000010	0.000010	0.000010	0.000010	0.999889	0.000010	0.000010	LD_0.9_12_1553
QG4966	0.000010	0.000010	0.000014	0.000010	0.000010	0.000017	0.000010	0.000012	0.000010	0.999877	0.000010	0.000010	LD_0.9_12_1553
QG5348	0.000010	0.000010	0.000010	0.000010	0.000010	0.000010	0.000010	0.000010	0.000010	0.999890	0.000010	0.000010	LD_0.9_12_1553
QG5406	0.000010	0.000010	0.000010	0.000010	0.000010	0.000010	0.000010	0.000010	0.000010	0.999890	0.000010	0.000010	LD_0.9_12_1553
QG547	0.000010	0.000010	0.000010	0.000010	0.000010	0.000010	0.000010	0.000010	0.999890	0.000010	0.000010	0.000010	LD_0.9_12_1553
QG5474	0.000010	0.000010	0.000010	0.655051	0.000012	0.000010	0.000010	0.000010	0.000010	0.344847	0.000010	0.000010	LD_0.9_12_1553
QG5488	0.000010	0.000010	0.000010	0.000010	0.000010	0.000010	0.000010	0.000011	0.000010	0.999889	0.000010	0.000010	LD_0.9_12_1553
QG550	0.002785	0.000012	0.000010	0.066400	0.629691	0.000011	0.000013	0.000010	0.000010	0.301037	0.000010	0.000010	LD_0.9_12_1553
QG5507	0.000010	0.000010	0.000010	0.201888	0.000010	0.000010	0.000010	0.000010	0.000010	0.798012	0.000010	0.000010	LD_0.9_12_1553
QG5525	0.000010	0.000010	0.000010	0.000010	0.000010	0.000010	0.000010	0.000010	0.000010	0.999890	0.000010	0.000010	LD_0.9_12_1553
QG5589	0.000010	0.000010	0.000010	0.837611	0.000010	0.000010	0.000010	0.000010	0.000010	0.162289	0.000010	0.000010	LD_0.9_12_1553
QG5603	0.000010	0.000010	0.000010	0.663629	0.000011	0.000010	0.000010	0.000010	0.000010	0.336271	0.000010	0.000010	LD_0.9_12_1553
QG5611	0.000010	0.000010	0.000010	0.000010	0.000010	0.000010	0.000010	0.000010	0.000010	0.999890	0.000010	0.000010	LD_0.9_12_1553
QG5612	0.118634	0.000010	0.000010	0.000010	0.000010	0.000010	0.000010	0.000010	0.000010	0.881266	0.000010	0.000010	LD_0.9_12_1553
QG5633	0.000010	0.000010	0.000010	0.013324	0.000010	0.000010	0.000010	0.000010	0.000010	0.986574	0.000012	0.000010	LD_0.9_12_1553
QG581	0.000010	0.000011	0.000010	0.000010	0.000010	0.000011	0.000015	0.000015	0.999878	0.000010	0.000010	0.000010	LD_0.9_12_1553
QG588	0.000011	0.000010	0.000010	0.000010	0.000010	0.000010	0.000010	0.000010	0.999889	0.000010	0.000010	0.000010	LD_0.9_12_1553
QG700	0.207722	0.000010	0.000010	0.000010	0.000010	0.000010	0.000010	0.792177	0.000010	0.000010	0.000010	0.000010	LD_0.9_12_1553
QG727	0.000010	0.000010	0.000010	0.000010	0.000010	0.000010	0.000010	0.999890	0.000010	0.000010	0.000010	0.000010	LD_0.9_12_1553
QG733	0.000010	0.000010	0.000010	0.000017	0.000012	0.000010	0.000010	0.999881	0.000010	0.000010	0.000010	0.000010	LD_0.9_12_1553
QG736	0.000010	0.000010	0.000010	0.000010	0.000010	0.000010	0.000010	0.999890	0.000010	0.000010	0.000010	0.000010	LD_0.9_12_1553
QG737	0.000010	0.000010	0.000010	0.000010	0.000010	0.000010	0.000010	0.999890	0.000010	0.000010	0.000010	0.000010	LD_0.9_12_1553
QG739	0.000010	0.000010	0.000010	0.000010	0.000010	0.000010	0.000010	0.999890	0.000010	0.000010	0.000010	0.000010	LD_0.9_12_1553
QG761	0.298417	0.000010	0.000010	0.000020	0.000010	0.000010	0.000010	0.701473	0.000010	0.000010	0.000010	0.000010	LD_0.9_12_1553
QG763	0.062588	0.000010	0.000010	0.000014	0.000010	0.000010	0.000010	0.937305	0.000010	0.000013	0.000010	0.000010	LD_0.9_12_1553
QG776	0.024642	0.000010	0.000010	0.000010	0.000018	0.000010	0.000010	0.975250	0.000010	0.000010	0.000010	0.000010	LD_0.9_12_1553
QG781	0.000010	0.000010	0.000010	0.000010	0.000010	0.000010	0.000010	0.999890	0.000010	0.000010	0.000010	0.000010	LD_0.9_12_1553
QG784	0.000010	0.000010	0.000010	0.000010	0.000010	0.000010	0.000010	0.999890	0.000010	0.000010	0.000010	0.000010	LD_0.9_12_1553
QG786	0.000010	0.000010	0.000010	0.000010	0.000010	0.000010	0.000015	0.999885	0.000010	0.000010	0.000010	0.000010	LD_0.9_12_1553
QG788	0.000010	0.000010	0.000010	0.000010	0.000010	0.000010	0.000010	0.999890	0.000010	0.000010	0.000010	0.000010	LD_0.9_12_1553
QG790	0.000010	0.000010	0.000010	0.000010	0.000010	0.000010	0.000011	0.999889	0.000010	0.000010	0.000010	0.000010	LD_0.9_12_1553
QG791	0.000010	0.000010	0.000010	0.000015	0.000010	0.000010	0.000010	0.943282	0.000010	0.056613	0.000010	0.000010	LD_0.9_12_1553
QG795	0.335754	0.000010	0.000010	0.000017	0.000016	0.000010	0.000010	0.664132	0.000010	0.000010	0.000010	0.000010	LD_0.9_12_1553
QG797	0.000010	0.000010	0.000010	0.000017	0.000010	0.000010	0.000014	0.999879	0.000010	0.000010	0.000010	0.000010	LD_0.9_12_1553
QG802	0.000010	0.000010	0.000010	0.000010	0.000010	0.000010	0.000010	0.999890	0.000010	0.000010	0.000010	0.000010	LD_0.9_12_1553
QG804	0.000014	0.000010	0.000010	0.000016	0.000011	0.000010	0.000017	0.999863	0.000010	0.000019	0.000010	0.000010	LD_0.9_12_1553
QG806	0.000010	0.000010	0.000010	0.000010	0.000010	0.000010	0.000010	0.999890	0.000010	0.000010	0.000010	0.000010	LD_0.9_12_1553
QG807	0.000019	0.000010	0.000010	0.000010	0.000010	0.000010	0.000010	0.999879	0.000010	0.000012	0.000010	0.000010	LD_0.9_12_1553
QG808	0.000010	0.000010	0.000010	0.000010	0.000010	0.000010	0.000010	0.959246	0.000010	0.040654	0.000010	0.000010	LD_0.9_12_1553
QG809	0.000011	0.000010	0.000010	0.000010	0.000010	0.000010	0.000010	0.999889	0.000010	0.000010	0.000010	0.000010	LD_0.9_12_1553
QG825	0.000010	0.000010	0.000010	0.000010	0.000011	0.000010	0.000014	0.999885	0.000010	0.000010	0.000010	0.000010	LD_0.9_12_1553
QG827	0.000017	0.000017	0.000010	0.000015	0.000010	0.000010	0.000010	0.999871	0.000010	0.000010	0.000010	0.000010	LD_0.9_12_1553
QG828	0.000010	0.000010	0.000010	0.000011	0.000010	0.000010	0.000010	0.999888	0.000010	0.000011	0.000010	0.000010	LD_0.9_12_1553
QG833	0.000014	0.000010	0.000018	0.000014	0.000010	0.000010	0.000011	0.972189	0.000010	0.027694	0.000010	0.000010	LD_0.9_12_1553
QG855	0.000010	0.000010	0.000010	0.000010	0.000010	0.000010	0.000010	0.969337	0.000010	0.030563	0.000010	0.000010	LD_0.9_12_1553
QG856	0.000010	0.000010	0.000010	0.000010	0.000010	0.000010	0.000010	0.999890	0.000010	0.000010	0.000010	0.000010	LD_0.9_12_1553
QG858	0.000010	0.000010	0.000010	0.000010	0.000010	0.000010	0.000010	0.999890	0.000010	0.000010	0.000010	0.000010	LD_0.9_12_1553
QG860	0.255048	0.000010	0.000010	0.000010	0.000010	0.000010	0.000010	0.744852	0.000010	0.000010	0.000010	0.000010	LD_0.9_12_1553
QG864	0.000010	0.000010	0.000010	0.000010	0.000010	0.000010	0.000010	0.999890	0.000010	0.000010	0.000010	0.000010	LD_0.9_12_1553
QG865	0.000010	0.000010	0.000010	0.000010	0.000010	0.000010	0.000010	0.999890	0.000010	0.000010	0.000010	0.000010	LD_0.9_12_1553
QG866	0.000010	0.000010	0.000010	0.000010	0.000010	0.000010	0.000010	0.999890	0.000010	0.000010	0.000010	0.000010	LD_0.9_12_1553
QG868	0.071237	0.000016	0.000010	0.000011	0.000010	0.000010	0.000015	0.925164	0.000014	0.003493	0.000010	0.000010	LD_0.9_12_1553
QG874	0.000013	0.000010	0.000010	0.000010	0.000010	0.000010	0.000010	0.999887	0.000010	0.000010	0.000010	0.000010	LD_0.9_12_1553
QG875	0.000010	0.000010	0.000010	0.000010	0.000010	0.000010	0.000010	0.999890	0.000010	0.000010	0.000010	0.000010	LD_0.9_12_1553
QG878	0.000010	0.000010	0.000010	0.000010	0.000010	0.000010	0.000010	0.999890	0.000010	0.000010	0.000010	0.000010	LD_0.9_12_1553
QG879	0.000010	0.000010	0.000010	0.000010	0.000010	0.000010	0.000010	0.999890	0.000010	0.000010	0.000010	0.000010	LD_0.9_12_1553
QG880	0.000010	0.000010	0.000010	0.000010	0.000010	0.000010	0.000010	0.999890	0.000010	0.000010	0.000010	0.000010	LD_0.9_12_1553
QG881	0.293935	0.000010	0.000010	0.000010	0.000010	0.000010	0.000013	0.705962	0.000010	0.000010	0.000010	0.000010	LD_0.9_12_1553
QG887	0.000010	0.000010	0.000010	0.000010	0.000010	0.000010	0.000010	0.999890	0.000010	0.000010	0.000010	0.000010	LD_0.9_12_1553
QG888	0.000010	0.000012	0.000010	0.000010	0.000010	0.000010	0.000010	0.999879	0.000018	0.000010	0.000010	0.000010	LD_0.9_12_1553
QG926	0.000010	0.000010	0.000010	0.000010	0.000010	0.000010	0.000010	0.999890	0.000010	0.000010	0.000010	0.000010	LD_0.9_12_1553
QG927	0.000010	0.000010	0.000010	0.000010	0.000010	0.000010	0.000010	0.073873	0.000010	0.926027	0.000010	0.000010	LD_0.9_12_1553
QG933	0.000010	0.000010	0.000010	0.000019	0.000010	0.000010	0.000010	0.999881	0.000010	0.000010	0.000010	0.000010	LD_0.9_12_1553
QG937	0.000016	0.000010	0.000010	0.000010	0.000010	0.000010	0.000010	0.999884	0.000010	0.000010	0.000010	0.000010	LD_0.9_12_1553
QG945	0.000016	0.000018	0.000010	0.000012	0.000012	0.000010	0.000010	0.999872	0.000010	0.000010	0.000010	0.000010	LD_0.9_12_1553
QG946	0.000010	0.000011	0.000010	0.000010	0.000010	0.000010	0.000019	0.999880	0.000010	0.000010	0.000010	0.000010	LD_0.9_12_1553
QG947	0.000010	0.000012	0.000010	0.000010	0.000010	0.000010	0.000010	0.999887	0.000010	0.000011	0.000010	0.000010	LD_0.9_12_1553
QG948	0.000010	0.000010	0.000010	0.000016	0.000010	0.000010	0.000016	0.987586	0.000010	0.012302	0.000010	0.000010	LD_0.9_12_1553
QG952	0.060610	0.000010	0.000010	0.000017	0.000010	0.000010	0.000010	0.912482	0.000010	0.026810	0.000010	0.000010	LD_0.9_12_1553
QG978	0.133164	0.000010	0.000010	0.000010	0.000010	0.000010	0.000010	0.866736	0.000010	0.000010	0.000010	0.000010	LD_0.9_12_1553
QG980	0.000010	0.000010	0.000010	0.000010	0.000010	0.000010	0.000010	0.999890	0.000010	0.000010	0.000010	0.000010	LD_0.9_12_1553
QG986	0.000010	0.000010	0.000010	0.000010	0.000010	0.000010	0.000010	0.958770	0.000010	0.041130	0.000010	0.000010	LD_0.9_12_1553
QG991	0.000016	0.000010	0.000010	0.000010	0.000010	0.000010	0.000010	0.999884	0.000010	0.000010	0.000010	0.000010	LD_0.9_12_1553
QG994	0.000013	0.000010	0.000010	0.000017	0.000010	0.000010	0.000018	0.999872	0.000010	0.000010	0.000010	0.000010	LD_0.9_12_1553
QG995	0.000010	0.000010	0.000010	0.000010	0.000010	0.000010	0.000010	0.999884	0.000010	0.000016	0.000010	0.000010	LD_0.9_12_1553
QG997	0.000010	0.000010	0.000010	0.000010	0.000010	0.000010	0.000010	0.999890	0.000010	0.000010	0.000010	0.000010	LD_0.9_12_1553
QG998	0.000014	0.000010	0.000010	0.000010	0.000010	0.000010	0.000015	0.999881	0.000010	0.000010	0.000010	0.000010	LD_0.9_12_1553
QR25	0.000010	0.000010	0.680571	0.000010	0.000010	0.000010	0.000010	0.000010	0.204818	0.114522	0.000010	0.000010	LD_0.9_12_1553
QX1410	0.771504	0.000011	0.000010	0.000015	0.000010	0.000010	0.000012	0.000010	0.000010	0.228388	0.000010	0.000010	LD_0.9_12_1553
QX1547	0.000017	0.000010	0.000010	0.000010	0.000010	0.000010	0.000017	0.000010	0.999875	0.000010	0.000010	0.000010	LD_0.9_12_1553
QX1795	0.129301	0.000010	0.000010	0.000010	0.000010	0.000010	0.000010	0.000010	0.000010	0.870599	0.000010	0.000010	LD_0.9_12_1553
QX1796	0.000010	0.000010	0.000010	0.000010	0.000010	0.000010	0.000010	0.000010	0.000010	0.999890	0.000010	0.000010	LD_0.9_12_1553
QX1798	0.000010	0.000019	0.000010	0.000010	0.000010	0.000010	0.000010	0.000012	0.000012	0.000015	0.000010	0.999872	LD_0.9_12_1553
QX1800	0.000010	0.000010	0.000010	0.000010	0.000010	0.000010	0.000010	0.000010	0.000010	0.999890	0.000010	0.000010	LD_0.9_12_1553
QX1801	0.000010	0.000010	0.000010	0.000010	0.000010	0.000010	0.000010	0.000010	0.000010	0.999890	0.000010	0.000010	LD_0.9_12_1553
QX1802	0.000010	0.000010	0.000010	0.000010	0.000014	0.000010	0.000010	0.000010	0.000010	0.999886	0.000010	0.000010	LD_0.9_12_1553
QX1803	0.000010	0.000015	0.000012	0.000010	0.000019	0.000010	0.000010	0.000010	0.000010	0.999874	0.000010	0.000010	LD_0.9_12_1553
QX1804	0.000010	0.000010	0.000010	0.000010	0.000010	0.000010	0.000010	0.000017	0.000010	0.999883	0.000010	0.000010	LD_0.9_12_1553
SOW18	0.000010	0.000010	0.000010	0.000010	0.000010	0.000010	0.000010	0.000010	0.999889	0.000011	0.000010	0.000010	LD_0.9_12_1553
SOW21	0.000010	0.000010	0.000010	0.000012	0.000010	0.000010	0.000012	0.000010	0.999886	0.000010	0.000010	0.000010	LD_0.9_12_1553
SOW22	0.000010	0.000014	0.000010	0.000010	0.000011	0.000010	0.000010	0.000010	0.999884	0.000011	0.000010	0.000010	LD_0.9_12_1553
TT3408	0.000010	0.000010	0.000010	0.000010	0.000010	0.000010	0.000010	0.000010	0.000010	0.999890	0.000010	0.000010	LD_0.9_12_1553
TT3411	0.000010	0.000010	0.000010	0.000010	0.000010	0.000010	0.000010	0.000010	0.000010	0.999890	0.000010	0.000010	LD_0.9_12_1553
TWN1772	0.000010	0.000010	0.000010	0.000010	0.000010	0.000010	0.000010	0.000010	0.000010	0.000010	0.000010	0.999890	LD_0.9_12_1553
TWN1824	0.000010	0.000010	0.000010	0.000010	0.000010	0.999890	0.000010	0.000010	0.000010	0.000010	0.000010	0.000010	LD_0.9_12_1553
TWN1899	0.000014	0.000010	0.000010	0.000012	0.000010	0.999875	0.000010	0.000014	0.000010	0.000014	0.000010	0.000010	LD_0.9_12_1553
TWN1907	0.000010	0.000010	0.000010	0.000010	0.000010	0.000010	0.999890	0.000010	0.000010	0.000010	0.000010	0.000010	LD_0.9_12_1553
TWN2919	0.000010	0.000010	0.000010	0.000010	0.000010	0.000010	0.999890	0.000010	0.000010	0.000010	0.000010	0.000010	LD_0.9_12_1553
TWN3077	0.000010	0.000010	0.000010	0.000010	0.000010	0.000010	0.000010	0.000010	0.000010	0.000010	0.000010	0.999890	LD_0.9_12_1553
UH1	0.000010	0.000010	0.000010	0.000010	0.000010	0.000010	0.000010	0.000010	0.000010	0.000010	0.000010	0.999890	LD_0.9_12_1553
VSL2201	0.000010	0.000010	0.000010	0.000010	0.688589	0.000010	0.000010	0.000010	0.000010	0.311311	0.000010	0.000010	LD_0.9_12_1553
VSL2207	0.000010	0.000010	0.000010	0.000010	0.000010	0.000010	0.000010	0.000010	0.000010	0.000010	0.999890	0.000010	LD_0.9_12_1553
VSL2209	0.000010	0.000010	0.000010	0.000010	0.000010	0.000010	0.000010	0.000010	0.000010	0.000010	0.999890	0.000010	LD_0.9_12_1553
VSL2210	0.000010	0.000010	0.000011	0.000010	0.000010	0.000010	0.000010	0.000012	0.000011	0.999886	0.000010	0.000010	LD_0.9_12_1553
VSL2212	0.000010	0.000010	0.000010	0.000010	0.000010	0.000010	0.000010	0.000010	0.000010	0.999890	0.000010	0.000010	LD_0.9_12_1553
VSL2213	0.000010	0.000010	0.000010	0.000010	0.999890	0.000010	0.000010	0.000010	0.000010	0.000010	0.000010	0.000010	LD_0.9_12_1553
VSL2215	0.000010	0.000010	0.000010	0.000010	0.916886	0.000010	0.000010	0.000010	0.000010	0.083013	0.000010	0.000010	LD_0.9_12_1553
VSL2216	0.000010	0.000010	0.000010	0.000010	0.999890	0.000010	0.000010	0.000010	0.000010	0.000010	0.000010	0.000010	LD_0.9_12_1553
VSL2217	0.000010	0.000010	0.000010	0.999890	0.000010	0.000010	0.000010	0.000010	0.000010	0.000010	0.000010	0.000010	LD_0.9_12_1553
VSL2219	0.000010	0.000010	0.000010	0.000010	0.000010	0.000010	0.000010	0.000010	0.000010	0.999890	0.000010	0.000010	LD_0.9_12_1553
VT847	0.080535	0.000010	0.000010	0.000010	0.000010	0.000010	0.000010	0.000010	0.000010	0.919365	0.000010	0.000010	LD_0.9_12_1553
VX34	0.000010	0.000010	0.952490	0.000010	0.000010	0.000010	0.000010	0.000010	0.000010	0.047410	0.000010	0.000010	LD_0.9_12_1553
XZ1204	0.007392	0.000010	0.000010	0.000010	0.478482	0.000010	0.000010	0.000010	0.000010	0.514035	0.000010	0.000010	LD_0.9_12_1553
XZ1205	0.000010	0.000010	0.000010	0.000010	0.999890	0.000010	0.000010	0.000010	0.000010	0.000010	0.000010	0.000010	LD_0.9_12_1553
XZ1206	0.000010	0.000010	0.000010	0.000010	0.999890	0.000010	0.000010	0.000010	0.000010	0.000010	0.000010	0.000010	LD_0.9_12_1553
XZ1207	0.043041	0.000010	0.000011	0.000010	0.012873	0.000010	0.000013	0.000011	0.000010	0.943992	0.000010	0.000010	LD_0.9_12_1553
XZ1210	0.060313	0.000010	0.000011	0.000010	0.000014	0.000010	0.000010	0.000010	0.000010	0.939583	0.000010	0.000010	LD_0.9_12_1553
XZ1212	0.068527	0.000010	0.000010	0.000010	0.000010	0.000010	0.000010	0.000010	0.000010	0.931373	0.000010	0.000010	LD_0.9_12_1553
XZ1213	0.000010	0.000010	0.000010	0.000010	0.000010	0.000010	0.000010	0.000010	0.000010	0.999890	0.000010	0.000010	LD_0.9_12_1553
XZ1731	0.045407	0.000010	0.000010	0.000010	0.000010	0.000010	0.000010	0.000010	0.000010	0.954493	0.000010	0.000010	LD_0.9_12_1553
XZ1732	0.322323	0.000010	0.000010	0.000010	0.000018	0.000010	0.000010	0.000010	0.000010	0.677569	0.000010	0.000010	LD_0.9_12_1553
ZZY0992	0.000010	0.000010	0.000010	0.999890	0.000010	0.000010	0.000010	0.000010	0.000010	0.000010	0.000010	0.000010	LD_0.9_12_1553
ZZY1034	0.000010	0.000010	0.000010	0.000010	0.000010	0.000010	0.000010	0.000010	0.000010	0.999890	0.000010	0.000010	LD_0.9_12_1553
ZZY1075	0.000010	0.000010	0.000010	0.000010	0.000010	0.000010	0.000010	0.000010	0.000010	0.999890	0.000010	0.000010	LD_0.9_12_1553
ZZY1123	0.000010	0.000010	0.000010	0.999890	0.000010	0.000010	0.000010	0.000010	0.000010	0.000010	0.000010	0.000010	LD_0.9_12_1553
ZZY1130	0.000010	0.000010	0.000010	0.000010	0.000010	0.000010	0.000010	0.000010	0.000010	0.999890	0.000010	0.000010	LD_0.9_12_1553
ZZY405	0.000010	0.000010	0.000010	0.000010	0.000010	0.000010	0.000010	0.000010	0.000010	0.999890	0.000010	0.000010	LD_0.9_12_1553
AF16	0.000010	0.000010	0.999890	0.000010	0.000010	0.000010	0.000010	0.000010	0.000010	0.000010	0.000010	0.000010	LD_0.9_12_1706
BRC20069	0.000010	0.000010	0.999890	0.000010	0.000010	0.000010	0.000010	0.000010	0.000010	0.000010	0.000010	0.000010	LD_0.9_12_1706
BRC20073	0.000010	0.000010	0.999890	0.000010	0.000010	0.000010	0.000010	0.000010	0.000010	0.000010	0.000010	0.000010	LD_0.9_12_1706
BRC20075	0.000010	0.000011	0.000010	0.000010	0.000010	0.999873	0.000010	0.000012	0.000015	0.000020	0.000010	0.000010	LD_0.9_12_1706
BRC20077	0.000010	0.000010	0.999890	0.000010	0.000010	0.000010	0.000010	0.000010	0.000010	0.000010	0.000010	0.000010	LD_0.9_12_1706
BRC20081	0.000010	0.000010	0.000015	0.000010	0.000010	0.000010	0.000010	0.000010	0.000010	0.999885	0.000010	0.000010	LD_0.9_12_1706
BRC20085	0.531287	0.056341	0.302574	0.000010	0.000010	0.000010	0.000010	0.000010	0.000010	0.000010	0.000010	0.109717	LD_0.9_12_1706
BRC20088	0.000010	0.000010	0.000010	0.000010	0.000010	0.000010	0.000010	0.000010	0.000010	0.999890	0.000010	0.000010	LD_0.9_12_1706
BRC20089	0.000010	0.000016	0.999884	0.000010	0.000010	0.000010	0.000010	0.000010	0.000010	0.000010	0.000010	0.000010	LD_0.9_12_1706
BRC20090	0.029256	0.002449	0.925099	0.000010	0.000010	0.000010	0.000010	0.000010	0.000010	0.000010	0.000010	0.043116	LD_0.9_12_1706
BRC20092	0.665744	0.067970	0.266195	0.000010	0.000010	0.000010	0.000010	0.000010	0.000010	0.000010	0.000010	0.000010	LD_0.9_12_1706
BRC20093	0.000010	0.000010	0.999890	0.000010	0.000010	0.000010	0.000010	0.000010	0.000010	0.000010	0.000010	0.000010	LD_0.9_12_1706
BRC20094	0.657326	0.025913	0.269779	0.000010	0.000010	0.000010	0.000010	0.003578	0.000010	0.000010	0.000010	0.043334	LD_0.9_12_1706
BRC20095	0.000010	0.000010	0.999890	0.000010	0.000010	0.000010	0.000010	0.000010	0.000010	0.000010	0.000010	0.000010	LD_0.9_12_1706
BRC20096	0.000010	0.000010	0.999890	0.000010	0.000010	0.000010	0.000010	0.000010	0.000010	0.000010	0.000010	0.000010	LD_0.9_12_1706
BRC20098	0.000010	0.000010	0.999890	0.000010	0.000010	0.000010	0.000010	0.000010	0.000010	0.000010	0.000010	0.000010	LD_0.9_12_1706
BRC20099	0.000010	0.000010	0.999890	0.000010	0.000010	0.000010	0.000010	0.000010	0.000010	0.000010	0.000010	0.000010	LD_0.9_12_1706
BRC20100	0.000011	0.000010	0.999889	0.000010	0.000010	0.000010	0.000010	0.000010	0.000010	0.000010	0.000010	0.000010	LD_0.9_12_1706
BRC20102	0.000010	0.000010	0.999890	0.000010	0.000010	0.000010	0.000010	0.000010	0.000010	0.000010	0.000010	0.000010	LD_0.9_12_1706
BRC20103	0.000010	0.000010	0.999889	0.000010	0.000010	0.000010	0.000010	0.000011	0.000010	0.000010	0.000010	0.000010	LD_0.9_12_1706
BRC20105	0.652601	0.034709	0.193572	0.000010	0.000010	0.000010	0.000010	0.011135	0.000010	0.000010	0.000010	0.107912	LD_0.9_12_1706
BRC20107	0.615214	0.000010	0.178991	0.000010	0.000010	0.000010	0.000010	0.100162	0.000010	0.000010	0.000010	0.105553	LD_0.9_12_1706
BRC20115	0.000010	0.000010	0.000010	0.000010	0.000010	0.000010	0.000010	0.000010	0.999890	0.000010	0.000010	0.000010	LD_0.9_12_1706
BRC20119	0.000010	0.000010	0.275993	0.000010	0.000010	0.000010	0.000010	0.000010	0.000010	0.000010	0.000010	0.723907	LD_0.9_12_1706
BRC20228	0.000010	0.000010	0.999890	0.000010	0.000010	0.000010	0.000010	0.000010	0.000010	0.000010	0.000010	0.000010	LD_0.9_12_1706
BRC20229	0.000010	0.000010	0.000010	0.000010	0.000010	0.999890	0.000010	0.000010	0.000010	0.000010	0.000010	0.000010	LD_0.9_12_1706
BRC20230	0.000010	0.000010	0.000010	0.000010	0.000010	0.000010	0.000010	0.000010	0.000010	0.999890	0.000010	0.000010	LD_0.9_12_1706
BRC20232	0.000010	0.000010	0.000013	0.000012	0.000010	0.999884	0.000012	0.000010	0.000010	0.000010	0.000010	0.000010	LD_0.9_12_1706
BRC20238	0.000010	0.000010	0.000010	0.000010	0.000010	0.000010	0.000010	0.000010	0.000010	0.999890	0.000010	0.000010	LD_0.9_12_1706
BRC20239	0.000010	0.000010	0.000010	0.000010	0.000010	0.999876	0.000018	0.000016	0.000010	0.000010	0.000010	0.000010	LD_0.9_12_1706
BRC20241	0.000010	0.000010	0.929685	0.000010	0.000010	0.000010	0.000010	0.000010	0.000010	0.000010	0.000010	0.070215	LD_0.9_12_1706
BRC20242	0.000010	0.000010	0.999890	0.000010	0.000010	0.000010	0.000010	0.000010	0.000010	0.000010	0.000010	0.000010	LD_0.9_12_1706
BRC20244	0.000010	0.000010	0.000010	0.000010	0.000010	0.000010	0.000010	0.000010	0.000010	0.999890	0.000010	0.000010	LD_0.9_12_1706
BRC20246	0.000010	0.000010	0.000010	0.000010	0.000010	0.000010	0.000010	0.000010	0.000010	0.999890	0.000010	0.000010	LD_0.9_12_1706
BRC20257	0.000010	0.000010	0.000010	0.000010	0.000010	0.000010	0.000010	0.000010	0.000010	0.000010	0.000010	0.999890	LD_0.9_12_1706
BRC20260	0.000010	0.000010	0.999890	0.000010	0.000010	0.000010	0.000010	0.000010	0.000010	0.000010	0.000010	0.000010	LD_0.9_12_1706
BRC20270	0.000010	0.000010	0.000010	0.000010	0.000010	0.000010	0.000010	0.000010	0.000010	0.999890	0.000010	0.000010	LD_0.9_12_1706
BRC20272	0.000010	0.000010	0.000010	0.000010	0.000010	0.000010	0.000010	0.000010	0.000010	0.999890	0.000010	0.000010	LD_0.9_12_1706
BRC20289	0.000010	0.000010	0.000010	0.000010	0.000010	0.000010	0.000010	0.000010	0.000010	0.999890	0.000010	0.000010	LD_0.9_12_1706
BRC20290	0.000010	0.000010	0.000010	0.000011	0.000010	0.000010	0.000010	0.000010	0.000010	0.999889	0.000010	0.000010	LD_0.9_12_1706
BRC20294	0.000010	0.000010	0.998586	0.000010	0.000010	0.000010	0.000010	0.000010	0.000010	0.000010	0.000010	0.001314	LD_0.9_12_1706
BRC20308	0.000010	0.000010	0.000010	0.000010	0.000010	0.000010	0.000010	0.000010	0.000010	0.999890	0.000010	0.000010	LD_0.9_12_1706
BRC20309	0.000010	0.000010	0.000010	0.000010	0.000010	0.000010	0.000010	0.000010	0.000010	0.999890	0.000010	0.000010	LD_0.9_12_1706
BRC20311	0.000010	0.000010	0.000010	0.000010	0.000010	0.000010	0.000010	0.000010	0.000010	0.999890	0.000010	0.000010	LD_0.9_12_1706
BRC20312	0.000010	0.000010	0.000010	0.000010	0.000010	0.000010	0.000010	0.000010	0.000010	0.999890	0.000010	0.000010	LD_0.9_12_1706
BRC20315	0.000010	0.000010	0.000010	0.000010	0.000010	0.000010	0.000010	0.000010	0.000010	0.999890	0.000010	0.000010	LD_0.9_12_1706
BRC20320	0.000010	0.000010	0.000010	0.000010	0.000010	0.000010	0.000010	0.000010	0.000010	0.999890	0.000010	0.000010	LD_0.9_12_1706
BRC20324	0.000010	0.000010	0.358480	0.000010	0.000010	0.641420	0.000010	0.000010	0.000010	0.000010	0.000010	0.000010	LD_0.9_12_1706
BRC20331	0.000010	0.000010	0.000010	0.000010	0.000010	0.000010	0.000010	0.000010	0.000010	0.999890	0.000010	0.000010	LD_0.9_12_1706
BRC20333	0.000010	0.000010	0.000010	0.000010	0.000010	0.000010	0.000010	0.000010	0.000010	0.999890	0.000010	0.000010	LD_0.9_12_1706
BRC20334	0.000010	0.000010	0.000010	0.000010	0.000010	0.000010	0.000010	0.000010	0.000010	0.999890	0.000010	0.000010	LD_0.9_12_1706
BRC20339	0.000010	0.000010	0.000010	0.000010	0.000010	0.000010	0.000010	0.000010	0.000010	0.999890	0.000010	0.000010	LD_0.9_12_1706
BRC20341	0.000010	0.000010	0.000010	0.000010	0.000010	0.000010	0.000010	0.000010	0.000010	0.999890	0.000010	0.000010	LD_0.9_12_1706
BRC20343	0.000010	0.000011	0.000010	0.000010	0.000010	0.999889	0.000010	0.000010	0.000010	0.000010	0.000010	0.000010	LD_0.9_12_1706
BRC20346	0.000010	0.000010	0.000010	0.000010	0.000010	0.000010	0.000010	0.000010	0.000010	0.999890	0.000010	0.000010	LD_0.9_12_1706
BRC20347	0.000010	0.000010	0.000010	0.000010	0.000010	0.999890	0.000010	0.000010	0.000010	0.000010	0.000010	0.000010	LD_0.9_12_1706
BRC20348	0.000010	0.000010	0.000010	0.000010	0.000010	0.000010	0.000010	0.000010	0.000012	0.999888	0.000010	0.000010	LD_0.9_12_1706
BRC20353	0.999890	0.000010	0.000010	0.000010	0.000010	0.000010	0.000010	0.000010	0.000010	0.000010	0.000010	0.000010	LD_0.9_12_1706
BRC20360	0.999875	0.000017	0.000015	0.000013	0.000010	0.000010	0.000010	0.000010	0.000010	0.000010	0.000010	0.000010	LD_0.9_12_1706
BRC20361	0.999890	0.000010	0.000010	0.000010	0.000010	0.000010	0.000010	0.000010	0.000010	0.000010	0.000010	0.000010	LD_0.9_12_1706
BRC20362	0.999880	0.000010	0.000020	0.000010	0.000010	0.000010	0.000010	0.000010	0.000010	0.000010	0.000010	0.000010	LD_0.9_12_1706
BRC20366	0.000010	0.000010	0.000010	0.000010	0.000010	0.000010	0.000010	0.000010	0.000010	0.999890	0.000010	0.000010	LD_0.9_12_1706
BRC20367	0.000010	0.000010	0.000010	0.000010	0.000010	0.000010	0.000010	0.000010	0.000010	0.999890	0.000010	0.000010	LD_0.9_12_1706
BRC20369	0.000010	0.000010	0.999890	0.000010	0.000010	0.000010	0.000010	0.000010	0.000010	0.000010	0.000010	0.000010	LD_0.9_12_1706
BRC20370	0.000010	0.000010	0.000010	0.000015	0.000010	0.000010	0.000010	0.000010	0.000010	0.999885	0.000010	0.000010	LD_0.9_12_1706
BRC20388	0.000010	0.000010	0.000010	0.999871	0.000012	0.000018	0.000010	0.000010	0.000018	0.000010	0.000011	0.000010	LD_0.9_12_1706
BRC20390	0.000010	0.000010	0.000010	0.000010	0.000010	0.000010	0.000010	0.000010	0.000010	0.999890	0.000010	0.000010	LD_0.9_12_1706
BRC20401	0.000010	0.000010	0.999890	0.000010	0.000010	0.000010	0.000010	0.000010	0.000010	0.000010	0.000010	0.000010	LD_0.9_12_1706
BRC20463	0.000010	0.000010	0.000010	0.000010	0.000010	0.000010	0.000010	0.000010	0.000010	0.999890	0.000010	0.000010	LD_0.9_12_1706
BRC20492	0.000010	0.000010	0.000010	0.000010	0.000010	0.000010	0.000010	0.000010	0.999890	0.000010	0.000010	0.000010	LD_0.9_12_1706
BRC20499	0.000010	0.000010	0.000010	0.000010	0.000010	0.000010	0.000010	0.000010	0.000010	0.999890	0.000010	0.000010	LD_0.9_12_1706
BRC20501	0.000010	0.000010	0.000010	0.000015	0.000010	0.000010	0.000010	0.000010	0.000010	0.999885	0.000010	0.000010	LD_0.9_12_1706
BRC20502	0.000010	0.000010	0.000010	0.000010	0.000010	0.000010	0.999890	0.000010	0.000010	0.000010	0.000010	0.000010	LD_0.9_12_1706
BRC20503	0.000010	0.000010	0.000010	0.000010	0.000010	0.000010	0.999890	0.000010	0.000010	0.000010	0.000010	0.000010	LD_0.9_12_1706
BRC20519	0.000010	0.000010	0.000016	0.000010	0.000010	0.000010	0.000010	0.000010	0.999884	0.000010	0.000010	0.000010	LD_0.9_12_1706
BRC20520	0.000010	0.000010	0.000010	0.000010	0.000010	0.000010	0.000010	0.000010	0.999890	0.000010	0.000010	0.000010	LD_0.9_12_1706
BRC20522	0.000010	0.000010	0.000010	0.000010	0.000010	0.999887	0.000010	0.000013	0.000010	0.000010	0.000010	0.000010	LD_0.9_12_1706
BRC20524	0.000010	0.000010	0.000010	0.000010	0.000011	0.999889	0.000010	0.000010	0.000010	0.000010	0.000010	0.000010	LD_0.9_12_1706
BRC20529	0.000010	0.000010	0.000010	0.000010	0.000010	0.000010	0.000010	0.000010	0.000010	0.999890	0.000010	0.000010	LD_0.9_12_1706
BRC20530	0.000010	0.000010	0.000010	0.000010	0.000010	0.999888	0.000010	0.000010	0.000012	0.000010	0.000010	0.000010	LD_0.9_12_1706
BRC20531	0.000019	0.000010	0.000010	0.000010	0.000010	0.999864	0.000010	0.000016	0.000016	0.000015	0.000010	0.000010	LD_0.9_12_1706
BRC20532	0.000010	0.000010	0.000010	0.000010	0.000010	0.000010	0.000010	0.000010	0.000011	0.999889	0.000010	0.000010	LD_0.9_12_1706
BRC20533	0.000010	0.000010	0.000010	0.000010	0.000010	0.000010	0.000010	0.000010	0.000010	0.999890	0.000010	0.000010	LD_0.9_12_1706
BRC20534	0.000010	0.000010	0.000010	0.000010	0.000010	0.000010	0.000010	0.000010	0.000010	0.999890	0.000010	0.000010	LD_0.9_12_1706
BRC20535	0.000010	0.000010	0.000010	0.000010	0.000010	0.000010	0.000010	0.000010	0.000010	0.999890	0.000010	0.000010	LD_0.9_12_1706
BRC20536	0.000010	0.000010	0.000010	0.000010	0.000010	0.000010	0.000010	0.000010	0.000010	0.999890	0.000010	0.000010	LD_0.9_12_1706
BRC20537	0.000010	0.000010	0.000010	0.000010	0.000010	0.000010	0.000010	0.000010	0.000010	0.999890	0.000010	0.000010	LD_0.9_12_1706
BRC20541	0.000010	0.000010	0.000011	0.000010	0.000010	0.000010	0.000010	0.000010	0.999889	0.000010	0.000010	0.000010	LD_0.9_12_1706
BRC20543	0.000010	0.000010	0.000010	0.000010	0.000010	0.000010	0.000010	0.000010	0.000010	0.999890	0.000010	0.000010	LD_0.9_12_1706
BRC20544	0.000010	0.000010	0.000012	0.000010	0.000010	0.000010	0.000010	0.000010	0.000010	0.999888	0.000010	0.000010	LD_0.9_12_1706
BRC20545	0.000010	0.000010	0.000010	0.000010	0.000010	0.000010	0.000010	0.000010	0.000010	0.999890	0.000010	0.000010	LD_0.9_12_1706
BRC20556	0.000010	0.000010	0.999890	0.000010	0.000010	0.000010	0.000010	0.000010	0.000010	0.000010	0.000010	0.000010	LD_0.9_12_1706
BRC20557	0.000010	0.000010	0.000010	0.000010	0.000010	0.000010	0.000010	0.000010	0.000010	0.999890	0.000010	0.000010	LD_0.9_12_1706
BRC20565	0.000010	0.000010	0.999890	0.000010	0.000010	0.000010	0.000010	0.000010	0.000010	0.000010	0.000010	0.000010	LD_0.9_12_1706
BRC20571	0.041458	0.000010	0.921546	0.000010	0.000010	0.000010	0.000010	0.003106	0.000010	0.000010	0.000010	0.033809	LD_0.9_12_1706
BRC20574	0.000010	0.000010	0.999890	0.000010	0.000010	0.000010	0.000010	0.000010	0.000010	0.000010	0.000010	0.000010	LD_0.9_12_1706
BW287	0.000010	0.000010	0.000010	0.999890	0.000010	0.000010	0.000010	0.000010	0.000010	0.000010	0.000010	0.000010	LD_0.9_12_1706
DF5100	0.000010	0.000010	0.894776	0.000010	0.000010	0.000010	0.000010	0.105123	0.000010	0.000011	0.000010	0.000010	LD_0.9_12_1706
ECA1129	0.000010	0.000010	0.999890	0.000010	0.000010	0.000010	0.000010	0.000010	0.000010	0.000010	0.000010	0.000010	LD_0.9_12_1706
ECA1143	0.000010	0.000010	0.684174	0.000010	0.000010	0.000010	0.000010	0.315726	0.000010	0.000010	0.000010	0.000010	LD_0.9_12_1706
ECA1147	0.000010	0.000010	0.999890	0.000010	0.000010	0.000010	0.000010	0.000010	0.000010	0.000010	0.000010	0.000010	LD_0.9_12_1706
ECA1149	0.000010	0.000010	0.956917	0.000010	0.000010	0.000010	0.000010	0.000010	0.000010	0.042983	0.000010	0.000010	LD_0.9_12_1706
ECA1160	0.000010	0.000010	0.999890	0.000010	0.000010	0.000010	0.000010	0.000010	0.000010	0.000010	0.000010	0.000010	LD_0.9_12_1706
ECA1164	0.000010	0.000010	0.999890	0.000010	0.000010	0.000010	0.000010	0.000010	0.000010	0.000010	0.000010	0.000010	LD_0.9_12_1706
ECA1170	0.000010	0.000011	0.000010	0.000010	0.000010	0.000010	0.000010	0.000010	0.000010	0.999889	0.000010	0.000010	LD_0.9_12_1706
ECA1174	0.000010	0.000010	0.999890	0.000010	0.000010	0.000010	0.000010	0.000010	0.000010	0.000010	0.000010	0.000010	LD_0.9_12_1706
ECA1383	0.000010	0.000010	0.000010	0.000010	0.000010	0.000010	0.000010	0.000010	0.000010	0.999890	0.000010	0.000010	LD_0.9_12_1706
ECA1411	0.000010	0.000010	0.999890	0.000010	0.000010	0.000010	0.000010	0.000010	0.000010	0.000010	0.000010	0.000010	LD_0.9_12_1706
ECA1423	0.000010	0.000010	0.978713	0.000010	0.000010	0.000010	0.000010	0.021187	0.000010	0.000010	0.000010	0.000010	LD_0.9_12_1706
ECA1429	0.000010	0.000010	0.999890	0.000010	0.000010	0.000010	0.000010	0.000010	0.000010	0.000010	0.000010	0.000010	LD_0.9_12_1706
ECA1431	0.000010	0.000010	0.999890	0.000010	0.000010	0.000010	0.000010	0.000010	0.000010	0.000010	0.000010	0.000010	LD_0.9_12_1706
ECA1437	0.000010	0.000010	0.999890	0.000010	0.000010	0.000010	0.000010	0.000010	0.000010	0.000010	0.000010	0.000010	LD_0.9_12_1706
ECA1439	0.000010	0.000010	0.891329	0.000010	0.000010	0.000010	0.000010	0.108571	0.000010	0.000010	0.000010	0.000010	LD_0.9_12_1706
ECA1443	0.000010	0.000010	0.057280	0.000010	0.000010	0.000010	0.000010	0.000010	0.000010	0.942620	0.000010	0.000010	LD_0.9_12_1706
ECA1471	0.000010	0.000010	0.999890	0.000010	0.000010	0.000010	0.000010	0.000010	0.000010	0.000010	0.000010	0.000010	LD_0.9_12_1706
ECA1489	0.000010	0.020896	0.614042	0.000010	0.000010	0.000010	0.000010	0.364972	0.000010	0.000010	0.000010	0.000010	LD_0.9_12_1706
ECA1507	0.000010	0.000010	0.999890	0.000010	0.000010	0.000010	0.000010	0.000010	0.000010	0.000010	0.000010	0.000010	LD_0.9_12_1706
ECA1509	0.000010	0.000010	0.999890	0.000010	0.000010	0.000010	0.000010	0.000010	0.000010	0.000010	0.000010	0.000010	LD_0.9_12_1706
ECA1517	0.000010	0.000010	0.946261	0.000010	0.000010	0.000010	0.000010	0.053639	0.000010	0.000010	0.000010	0.000010	LD_0.9_12_1706
ECA1521	0.000010	0.000010	0.999883	0.000010	0.000010	0.000010	0.000010	0.000017	0.000010	0.000010	0.000010	0.000010	LD_0.9_12_1706
ECA1555	0.000010	0.000010	0.999890	0.000010	0.000010	0.000010	0.000010	0.000010	0.000010	0.000010	0.000010	0.000010	LD_0.9_12_1706
ECA1559	0.000010	0.000010	0.000010	0.000010	0.000010	0.000010	0.000010	0.000010	0.000010	0.999890	0.000010	0.000010	LD_0.9_12_1706
ECA1563	0.000010	0.000010	0.999890	0.000010	0.000010	0.000010	0.000010	0.000010	0.000010	0.000010	0.000010	0.000010	LD_0.9_12_1706
ECA1571	0.000010	0.000010	0.629433	0.000010	0.000010	0.000010	0.000010	0.370467	0.000010	0.000010	0.000010	0.000010	LD_0.9_12_1706
ECA1587	0.000010	0.000010	0.999889	0.000010	0.000010	0.000010	0.000010	0.000011	0.000010	0.000010	0.000010	0.000010	LD_0.9_12_1706
ECA1605	0.000010	0.003838	0.006140	0.000010	0.000010	0.000010	0.000010	0.109551	0.000010	0.880391	0.000010	0.000010	LD_0.9_12_1706
ECA1609	0.000010	0.000010	0.999890	0.000010	0.000010	0.000010	0.000010	0.000010	0.000010	0.000010	0.000010	0.000010	LD_0.9_12_1706
ECA161	0.000010	0.000010	0.999890	0.000010	0.000010	0.000010	0.000010	0.000010	0.000010	0.000010	0.000010	0.000010	LD_0.9_12_1706
ECA1611	0.000010	0.000010	0.999889	0.000010	0.000010	0.000010	0.000010	0.000010	0.000010	0.000010	0.000011	0.000010	LD_0.9_12_1706
ECA1615	0.000010	0.000010	0.999890	0.000010	0.000010	0.000010	0.000010	0.000010	0.000010	0.000010	0.000010	0.000010	LD_0.9_12_1706
ECA162	0.000010	0.000010	0.999890	0.000010	0.000010	0.000010	0.000010	0.000010	0.000010	0.000010	0.000010	0.000010	LD_0.9_12_1706
ECA1621	0.000010	0.000010	0.999890	0.000010	0.000010	0.000010	0.000010	0.000010	0.000010	0.000010	0.000010	0.000010	LD_0.9_12_1706
ECA163	0.000010	0.000010	0.000010	0.000010	0.000010	0.000010	0.000010	0.000010	0.999890	0.000010	0.000010	0.000010	LD_0.9_12_1706
ECA1637	0.000010	0.000010	0.999890	0.000010	0.000010	0.000010	0.000010	0.000010	0.000010	0.000010	0.000010	0.000010	LD_0.9_12_1706
ECA1657	0.000010	0.000010	0.999887	0.000010	0.000010	0.000010	0.000010	0.000013	0.000010	0.000010	0.000010	0.000010	LD_0.9_12_1706
ECA1701	0.012175	0.007014	0.980721	0.000010	0.000010	0.000010	0.000010	0.000010	0.000010	0.000010	0.000010	0.000010	LD_0.9_12_1706
ECA175	0.000010	0.000010	0.999890	0.000010	0.000010	0.000010	0.000010	0.000010	0.000010	0.000010	0.000010	0.000010	LD_0.9_12_1706
ECA176	0.000010	0.000010	0.979699	0.000010	0.000010	0.000010	0.000010	0.020201	0.000010	0.000010	0.000010	0.000010	LD_0.9_12_1706
ECA177	0.000010	0.000010	0.999890	0.000010	0.000010	0.000010	0.000010	0.000010	0.000010	0.000010	0.000010	0.000010	LD_0.9_12_1706
ECA180	0.000010	0.000010	0.999890	0.000010	0.000010	0.000010	0.000010	0.000010	0.000010	0.000010	0.000010	0.000010	LD_0.9_12_1706
ECA182	0.000010	0.000010	0.999890	0.000010	0.000010	0.000010	0.000010	0.000010	0.000010	0.000010	0.000010	0.000010	LD_0.9_12_1706
ECA183	0.000010	0.000010	0.999888	0.000010	0.000010	0.000010	0.000010	0.000012	0.000010	0.000010	0.000010	0.000010	LD_0.9_12_1706
ECA185	0.000010	0.000010	0.965661	0.000010	0.000010	0.000010	0.000010	0.034239	0.000010	0.000010	0.000010	0.000010	LD_0.9_12_1706
ECA186	0.000010	0.000010	0.962854	0.000010	0.000010	0.000010	0.000010	0.037046	0.000010	0.000010	0.000010	0.000010	LD_0.9_12_1706
ECA2083	0.000010	0.000010	0.999890	0.000010	0.000010	0.000010	0.000010	0.000010	0.000010	0.000010	0.000010	0.000010	LD_0.9_12_1706
ECA2093	0.000010	0.000010	0.999890	0.000010	0.000010	0.000010	0.000010	0.000010	0.000010	0.000010	0.000010	0.000010	LD_0.9_12_1706
ECA2115	0.000010	0.000010	0.999890	0.000010	0.000010	0.000010	0.000010	0.000010	0.000010	0.000010	0.000010	0.000010	LD_0.9_12_1706
ECA2299	0.000010	0.000010	0.000010	0.000012	0.000010	0.000010	0.000010	0.000010	0.000010	0.999888	0.000010	0.000010	LD_0.9_12_1706
ECA2373	0.006030	0.040879	0.953001	0.000010	0.000010	0.000010	0.000010	0.000010	0.000010	0.000010	0.000010	0.000010	LD_0.9_12_1706
ECA2385	0.000010	0.000010	0.000010	0.000010	0.000010	0.000010	0.000010	0.000010	0.000010	0.999890	0.000010	0.000010	LD_0.9_12_1706
ECA2425	0.000010	0.000010	0.999890	0.000010	0.000010	0.000010	0.000010	0.000010	0.000010	0.000010	0.000010	0.000010	LD_0.9_12_1706
ECA2617	0.000010	0.000010	0.000010	0.000010	0.000010	0.000010	0.000010	0.000010	0.000010	0.000010	0.999890	0.000010	LD_0.9_12_1706
ECA2618	0.000010	0.000010	0.000010	0.000010	0.000010	0.000010	0.000010	0.000010	0.000010	0.000010	0.999890	0.000010	LD_0.9_12_1706
ECA2621	0.000010	0.000010	0.000010	0.000010	0.000010	0.000010	0.000010	0.000010	0.000010	0.000010	0.999890	0.000010	LD_0.9_12_1706
ECA2623	0.000010	0.000010	0.324183	0.000010	0.000010	0.000010	0.000010	0.675717	0.000010	0.000010	0.000010	0.000010	LD_0.9_12_1706
ECA2625	0.000010	0.000010	0.999884	0.000010	0.000010	0.000010	0.000010	0.000016	0.000010	0.000010	0.000010	0.000010	LD_0.9_12_1706
ECA2626	0.000010	0.000010	0.999890	0.000010	0.000010	0.000010	0.000010	0.000010	0.000010	0.000010	0.000010	0.000010	LD_0.9_12_1706
ECA2636	0.000010	0.000010	0.999890	0.000010	0.000010	0.000010	0.000010	0.000010	0.000010	0.000010	0.000010	0.000010	LD_0.9_12_1706
ECA2637	0.000010	0.000010	0.999890	0.000010	0.000010	0.000010	0.000010	0.000010	0.000010	0.000010	0.000010	0.000010	LD_0.9_12_1706
ECA2639	0.000010	0.000010	0.000010	0.000010	0.000010	0.000010	0.000010	0.000010	0.000010	0.000010	0.999890	0.000010	LD_0.9_12_1706
ECA2645	0.000010	0.000010	0.999890	0.000010	0.000010	0.000010	0.000010	0.000010	0.000010	0.000010	0.000010	0.000010	LD_0.9_12_1706
ECA2647	0.000010	0.000010	0.000010	0.000010	0.000010	0.000010	0.000010	0.000010	0.000010	0.000010	0.999890	0.000010	LD_0.9_12_1706
ECA2663	0.000010	0.000010	0.999890	0.000010	0.000010	0.000010	0.000010	0.000010	0.000010	0.000010	0.000010	0.000010	LD_0.9_12_1706
ECA2664	0.000010	0.000010	0.291133	0.000010	0.000010	0.000010	0.000010	0.708767	0.000010	0.000010	0.000010	0.000010	LD_0.9_12_1706
ECA2666	0.000010	0.000010	0.000010	0.000010	0.000010	0.000010	0.000010	0.000010	0.000010	0.000013	0.999887	0.000010	LD_0.9_12_1706
ECA2667	0.000010	0.000010	0.999890	0.000010	0.000010	0.000010	0.000010	0.000010	0.000010	0.000010	0.000010	0.000010	LD_0.9_12_1706
ECA2670	0.000010	0.000010	0.000010	0.000010	0.000010	0.000010	0.000010	0.000010	0.000010	0.000010	0.999890	0.000010	LD_0.9_12_1706
ECA276	0.000010	0.000010	0.000010	0.000010	0.000010	0.000010	0.000010	0.000010	0.999890	0.000010	0.000010	0.000010	LD_0.9_12_1706
ECA278	0.000010	0.000012	0.000010	0.999888	0.000010	0.000010	0.000010	0.000010	0.000010	0.000010	0.000010	0.000010	LD_0.9_12_1706
ECA2808	0.000010	0.000010	0.969781	0.000010	0.000010	0.000010	0.000010	0.030119	0.000010	0.000010	0.000010	0.000010	LD_0.9_12_1706
ECA287	0.000010	0.000010	0.010958	0.000010	0.000010	0.000010	0.000010	0.000010	0.000010	0.988942	0.000010	0.000010	LD_0.9_12_1706
ECA288	0.000010	0.000010	0.435763	0.000010	0.000010	0.000010	0.000010	0.461203	0.000010	0.102944	0.000010	0.000010	LD_0.9_12_1706
ECA2883	0.000010	0.000010	0.999890	0.000010	0.000010	0.000010	0.000010	0.000010	0.000010	0.000010	0.000010	0.000010	LD_0.9_12_1706
ECA2890	0.000010	0.000010	0.999890	0.000010	0.000010	0.000010	0.000010	0.000010	0.000010	0.000010	0.000010	0.000010	LD_0.9_12_1706
ECA2894	0.000010	0.000010	0.932560	0.000010	0.000010	0.000010	0.000010	0.067340	0.000010	0.000010	0.000010	0.000010	LD_0.9_12_1706
ECA2936	0.000010	0.000010	0.000010	0.000010	0.000010	0.000010	0.000010	0.000010	0.000010	0.999890	0.000010	0.000010	LD_0.9_12_1706
ECA2975	0.000010	0.000010	0.999890	0.000010	0.000010	0.000010	0.000010	0.000010	0.000010	0.000010	0.000010	0.000010	LD_0.9_12_1706
ECA3091	0.000010	0.000010	0.999890	0.000010	0.000010	0.000010	0.000010	0.000010	0.000010	0.000010	0.000010	0.000010	LD_0.9_12_1706
ECA343	0.000010	0.000010	0.999890	0.000010	0.000010	0.000010	0.000010	0.000010	0.000010	0.000010	0.000010	0.000010	LD_0.9_12_1706
ECA346	0.000010	0.000010	0.961747	0.000010	0.000010	0.000010	0.000010	0.038153	0.000010	0.000010	0.000010	0.000010	LD_0.9_12_1706
ECA3502	0.000010	0.000010	0.000010	0.000010	0.000010	0.000010	0.000010	0.000010	0.000010	0.999890	0.000010	0.000010	LD_0.9_12_1706
ECA3503	0.000010	0.000010	0.999890	0.000010	0.000010	0.000010	0.000010	0.000010	0.000010	0.000010	0.000010	0.000010	LD_0.9_12_1706
ECA3509	0.000010	0.000010	0.999890	0.000010	0.000010	0.000010	0.000010	0.000010	0.000010	0.000010	0.000010	0.000010	LD_0.9_12_1706
ECA3708	0.000010	0.000010	0.999890	0.000010	0.000010	0.000010	0.000010	0.000010	0.000010	0.000010	0.000010	0.000010	LD_0.9_12_1706
ECA371	0.000010	0.006192	0.981617	0.000010	0.000010	0.000010	0.000010	0.012101	0.000010	0.000010	0.000010	0.000010	LD_0.9_12_1706
ECA3712	0.000010	0.000010	0.999883	0.000010	0.000010	0.000010	0.000010	0.000010	0.000010	0.000017	0.000010	0.000010	LD_0.9_12_1706
ECA3713	0.000010	0.000010	0.999890	0.000010	0.000010	0.000010	0.000010	0.000010	0.000010	0.000010	0.000010	0.000010	LD_0.9_12_1706
ECA3899	0.000010	0.000010	0.999890	0.000010	0.000010	0.000010	0.000010	0.000010	0.000010	0.000010	0.000010	0.000010	LD_0.9_12_1706
ECA4382	0.000010	0.000010	0.999890	0.000010	0.000010	0.000010	0.000010	0.000010	0.000010	0.000010	0.000010	0.000010	LD_0.9_12_1706
ECA4390	0.000010	0.000010	0.201684	0.000010	0.000010	0.000010	0.000017	0.798209	0.000010	0.000010	0.000010	0.000010	LD_0.9_12_1706
ECA4394	0.000010	0.000010	0.999890	0.000010	0.000010	0.000010	0.000010	0.000010	0.000010	0.000010	0.000010	0.000010	LD_0.9_12_1706
ECA4402	0.000019	0.000010	0.999881	0.000010	0.000010	0.000010	0.000010	0.000010	0.000010	0.000010	0.000010	0.000010	LD_0.9_12_1706
ECA569	0.000010	0.000010	0.000010	0.999881	0.000019	0.000010	0.000010	0.000010	0.000010	0.000010	0.000010	0.000010	LD_0.9_12_1706
ED3032	0.000010	0.000010	0.999890	0.000010	0.000010	0.000010	0.000010	0.000010	0.000010	0.000010	0.000010	0.000010	LD_0.9_12_1706
ED3037	0.000010	0.000010	0.999890	0.000010	0.000010	0.000010	0.000010	0.000010	0.000010	0.000010	0.000010	0.000010	LD_0.9_12_1706
ED3088	0.000010	0.000010	0.999890	0.000010	0.000010	0.000010	0.000010	0.000010	0.000010	0.000010	0.000010	0.000010	LD_0.9_12_1706
ED3102	0.000010	0.000010	0.000010	0.000010	0.000010	0.000010	0.000010	0.000010	0.999890	0.000010	0.000010	0.000010	LD_0.9_12_1706
EG4360	0.000010	0.000010	0.000010	0.999890	0.000010	0.000010	0.000010	0.000010	0.000010	0.000010	0.000010	0.000010	LD_0.9_12_1706
EG5612	0.999890	0.000010	0.000010	0.000010	0.000010	0.000010	0.000010	0.000010	0.000010	0.000010	0.000010	0.000010	LD_0.9_12_1706
EG5613	0.027315	0.000010	0.876375	0.000010	0.000010	0.000010	0.000010	0.056929	0.000010	0.000010	0.000010	0.039301	LD_0.9_12_1706
EG6179	0.037425	0.000010	0.904434	0.000010	0.000010	0.000010	0.000010	0.046987	0.000010	0.000010	0.000010	0.011075	LD_0.9_12_1706
EG6260	0.000010	0.000010	0.206343	0.000010	0.000010	0.000010	0.000010	0.793557	0.000010	0.000010	0.000010	0.000010	LD_0.9_12_1706
EG6261	0.000010	0.000010	0.748084	0.000010	0.000010	0.000010	0.000010	0.251816	0.000010	0.000010	0.000010	0.000010	LD_0.9_12_1706
EG6265	0.000010	0.015976	0.000010	0.000010	0.000010	0.000010	0.000010	0.000857	0.000010	0.983078	0.000010	0.000010	LD_0.9_12_1706
EG6267	0.000010	0.000626	0.779093	0.000010	0.000010	0.000010	0.000010	0.220191	0.000010	0.000010	0.000010	0.000010	LD_0.9_12_1706
EG6271	0.000010	0.000010	0.163091	0.000010	0.000010	0.000010	0.000010	0.836809	0.000010	0.000010	0.000010	0.000010	LD_0.9_12_1706
EG6272	0.000010	0.000010	0.514090	0.000010	0.000010	0.000010	0.000010	0.485810	0.000010	0.000010	0.000010	0.000010	LD_0.9_12_1706
EG6274	0.000010	0.000010	0.976081	0.000010	0.000010	0.000010	0.000010	0.023819	0.000010	0.000010	0.000010	0.000010	LD_0.9_12_1706
EG6275	0.000010	0.000010	0.980432	0.000010	0.000010	0.000010	0.000010	0.019468	0.000010	0.000010	0.000010	0.000010	LD_0.9_12_1706
EG6276	0.000010	0.000010	0.981155	0.000010	0.000010	0.000010	0.000010	0.018745	0.000010	0.000010	0.000010	0.000010	LD_0.9_12_1706
EG6329	0.000010	0.000010	0.077177	0.000010	0.000010	0.000010	0.000010	0.922723	0.000010	0.000010	0.000010	0.000010	LD_0.9_12_1706
GUN124	0.000010	0.000010	0.000010	0.999875	0.000010	0.000010	0.000019	0.000010	0.000010	0.000016	0.000010	0.000010	LD_0.9_12_1706
GXW22	0.000010	0.000010	0.999890	0.000010	0.000010	0.000010	0.000010	0.000010	0.000010	0.000010	0.000010	0.000010	LD_0.9_12_1706
GXW23	0.793103	0.000010	0.206797	0.000010	0.000010	0.000010	0.000010	0.000010	0.000010	0.000010	0.000010	0.000010	LD_0.9_12_1706
HK104	0.000010	0.000010	0.000010	0.999884	0.000010	0.000010	0.000010	0.000010	0.000010	0.000016	0.000010	0.000010	LD_0.9_12_1706
HPT11	0.000010	0.000010	0.000010	0.000010	0.999883	0.000010	0.000017	0.000010	0.000010	0.000010	0.000010	0.000010	LD_0.9_12_1706
HPT16	0.000010	0.000010	0.358931	0.000010	0.000010	0.000010	0.000010	0.640969	0.000010	0.000010	0.000010	0.000010	LD_0.9_12_1706
HPT18	0.000010	0.000010	0.000010	0.000010	0.999890	0.000010	0.000010	0.000010	0.000010	0.000010	0.000010	0.000010	LD_0.9_12_1706
HPT19	0.027224	0.000010	0.412088	0.000010	0.000010	0.000010	0.000010	0.560598	0.000010	0.000010	0.000010	0.000010	LD_0.9_12_1706
HPT2	0.052325	0.000010	0.283277	0.000010	0.000010	0.000010	0.000010	0.664301	0.000010	0.000016	0.000010	0.000010	LD_0.9_12_1706
HPT21	0.000010	0.000017	0.977756	0.000010	0.000010	0.000010	0.000010	0.022137	0.000010	0.000010	0.000010	0.000010	LD_0.9_12_1706
HPT24	0.000010	0.000010	0.000010	0.000010	0.999890	0.000010	0.000010	0.000010	0.000010	0.000010	0.000010	0.000010	LD_0.9_12_1706
HPT34	0.047757	0.000010	0.336004	0.000010	0.000010	0.000010	0.000010	0.616149	0.000010	0.000010	0.000010	0.000010	LD_0.9_12_1706
HPT37	0.046557	0.028154	0.441030	0.000010	0.000010	0.000010	0.000010	0.484179	0.000010	0.000010	0.000010	0.000010	LD_0.9_12_1706
HPT4	0.049428	0.000010	0.323232	0.000010	0.000010	0.000010	0.000010	0.627250	0.000010	0.000010	0.000010	0.000010	LD_0.9_12_1706
HPT42	0.000010	0.000010	0.396122	0.000010	0.000010	0.000010	0.000010	0.603778	0.000010	0.000010	0.000010	0.000010	LD_0.9_12_1706
HPT52	0.000010	0.000010	0.565203	0.000010	0.000010	0.000010	0.000010	0.000010	0.000010	0.000010	0.000010	0.434697	LD_0.9_12_1706
HPT53	0.000010	0.000010	0.999890	0.000010	0.000010	0.000010	0.000010	0.000010	0.000010	0.000010	0.000010	0.000010	LD_0.9_12_1706
HPT54	0.000010	0.000010	0.999882	0.000010	0.000010	0.000010	0.000010	0.000018	0.000010	0.000010	0.000010	0.000010	LD_0.9_12_1706
HPT55	0.000010	0.000010	0.999890	0.000010	0.000010	0.000010	0.000010	0.000010	0.000010	0.000010	0.000010	0.000010	LD_0.9_12_1706
HPT59	0.000010	0.000010	0.999890	0.000010	0.000010	0.000010	0.000010	0.000010	0.000010	0.000010	0.000010	0.000010	LD_0.9_12_1706
HPT60	0.000010	0.000010	0.999890	0.000010	0.000010	0.000010	0.000010	0.000010	0.000010	0.000010	0.000010	0.000010	LD_0.9_12_1706
HPT62	0.000010	0.000010	0.000010	0.000010	0.000010	0.000010	0.000010	0.000010	0.000010	0.000010	0.000010	0.999890	LD_0.9_12_1706
HPT63	0.000010	0.000010	0.959310	0.000010	0.000010	0.000010	0.000010	0.040590	0.000010	0.000010	0.000010	0.000010	LD_0.9_12_1706
HPT7	0.006119	0.000010	0.333228	0.000010	0.000010	0.000010	0.000010	0.660563	0.000010	0.000010	0.000010	0.000010	LD_0.9_12_1706
HPT8	0.047385	0.000010	0.337218	0.000010	0.000010	0.000010	0.000010	0.615308	0.000010	0.000010	0.000010	0.000010	LD_0.9_12_1706
HPT9	0.876948	0.000010	0.122952	0.000010	0.000010	0.000010	0.000010	0.000010	0.000010	0.000010	0.000010	0.000010	LD_0.9_12_1706
JU1085	0.000010	0.000010	0.000010	0.999890	0.000010	0.000010	0.000010	0.000010	0.000010	0.000010	0.000010	0.000010	LD_0.9_12_1706
JU1337	0.000010	0.000010	0.932724	0.000010	0.000010	0.000010	0.000011	0.021272	0.000010	0.000010	0.000010	0.045914	LD_0.9_12_1706
JU1338	0.999890	0.000010	0.000010	0.000010	0.000010	0.000010	0.000010	0.000010	0.000010	0.000010	0.000010	0.000010	LD_0.9_12_1706
JU1341	0.000010	0.000010	0.000010	0.000010	0.000010	0.000010	0.000010	0.000010	0.000010	0.000010	0.999890	0.000010	LD_0.9_12_1706
JU1346	0.999890	0.000010	0.000010	0.000010	0.000010	0.000010	0.000010	0.000010	0.000010	0.000010	0.000010	0.000010	LD_0.9_12_1706
JU1347	0.000010	0.000010	0.999890	0.000010	0.000010	0.000010	0.000010	0.000010	0.000010	0.000010	0.000010	0.000010	LD_0.9_12_1706
JU1348	0.000010	0.000010	0.000016	0.000010	0.000010	0.000010	0.000010	0.000010	0.000010	0.000010	0.999884	0.000010	LD_0.9_12_1706
JU1375	0.000020	0.000010	0.999880	0.000010	0.000010	0.000010	0.000010	0.000010	0.000010	0.000010	0.000010	0.000010	LD_0.9_12_1706
JU1377	0.000010	0.000010	0.999890	0.000010	0.000010	0.000010	0.000010	0.000010	0.000010	0.000010	0.000010	0.000010	LD_0.9_12_1706
JU1378	0.000010	0.000010	0.985379	0.000010	0.000010	0.000010	0.000010	0.014521	0.000010	0.000010	0.000010	0.000010	LD_0.9_12_1706
JU1392	0.000010	0.000010	0.999890	0.000010	0.000010	0.000010	0.000010	0.000010	0.000010	0.000010	0.000010	0.000010	LD_0.9_12_1706
JU1399	0.000010	0.104512	0.282055	0.000010	0.000010	0.000010	0.000010	0.613343	0.000010	0.000010	0.000010	0.000010	LD_0.9_12_1706
JU1424	0.999890	0.000010	0.000010	0.000010	0.000010	0.000010	0.000010	0.000010	0.000010	0.000010	0.000010	0.000010	LD_0.9_12_1706
JU1435	0.000010	0.000010	0.999887	0.000010	0.000010	0.000010	0.000013	0.000010	0.000010	0.000010	0.000010	0.000010	LD_0.9_12_1706
JU1564	0.000010	0.000010	0.000010	0.999890	0.000010	0.000010	0.000010	0.000010	0.000010	0.000010	0.000010	0.000010	LD_0.9_12_1706
JU1637	0.000010	0.000010	0.878200	0.000010	0.000010	0.000010	0.000010	0.121700	0.000010	0.000010	0.000010	0.000010	LD_0.9_12_1706
JU1638	0.000010	0.000010	0.849661	0.000010	0.000010	0.000010	0.000016	0.150233	0.000010	0.000010	0.000010	0.000010	LD_0.9_12_1706
JU1794	0.048710	0.001577	0.888008	0.000010	0.000010	0.000010	0.053326	0.000010	0.000010	0.000010	0.000010	0.008310	LD_0.9_12_1706
JU1795	0.000010	0.000010	0.940120	0.000010	0.000010	0.000010	0.000010	0.059780	0.000010	0.000010	0.000010	0.000010	LD_0.9_12_1706
JU1799	0.000010	0.000010	0.999890	0.000010	0.000010	0.000010	0.000010	0.000010	0.000010	0.000010	0.000010	0.000010	LD_0.9_12_1706
JU1802	0.000010	0.000010	0.993134	0.000010	0.000010	0.000010	0.000010	0.000153	0.000010	0.000010	0.000010	0.006622	LD_0.9_12_1706
JU1814	0.000010	0.000010	0.264268	0.000010	0.000010	0.000010	0.000010	0.735632	0.000010	0.000010	0.000010	0.000010	LD_0.9_12_1706
JU1884	0.000010	0.000010	0.971330	0.000010	0.000010	0.000010	0.000010	0.028570	0.000010	0.000010	0.000010	0.000010	LD_0.9_12_1706
JU1885	0.000010	0.000010	0.930273	0.000010	0.000010	0.000010	0.000010	0.000010	0.000010	0.000010	0.000010	0.069627	LD_0.9_12_1706
JU1907	0.000010	0.000010	0.959571	0.000010	0.000010	0.000010	0.000010	0.040329	0.000010	0.000010	0.000010	0.000010	LD_0.9_12_1706
JU1908	0.000010	0.000010	0.947124	0.000010	0.000010	0.000010	0.000010	0.052776	0.000010	0.000010	0.000010	0.000010	LD_0.9_12_1706
JU1909	0.000010	0.000010	0.999890	0.000010	0.000010	0.000010	0.000010	0.000010	0.000010	0.000010	0.000010	0.000010	LD_0.9_12_1706
JU1913	0.000010	0.000014	0.583072	0.000010	0.000010	0.000010	0.000010	0.000010	0.000010	0.000010	0.000010	0.416824	LD_0.9_12_1706
JU2053	0.000010	0.000010	0.942962	0.000010	0.000010	0.000010	0.000010	0.056938	0.000010	0.000010	0.000010	0.000010	LD_0.9_12_1706
JU2054	0.000010	0.000010	0.999890	0.000010	0.000010	0.000010	0.000010	0.000010	0.000010	0.000010	0.000010	0.000010	LD_0.9_12_1706
JU2056	0.000010	0.000010	0.999890	0.000010	0.000010	0.000010	0.000010	0.000010	0.000010	0.000010	0.000010	0.000010	LD_0.9_12_1706
JU2057	0.000019	0.000010	0.000010	0.000010	0.000017	0.000010	0.000010	0.000010	0.000017	0.000010	0.000010	0.999866	LD_0.9_12_1706
JU2160	0.000010	0.000010	0.000010	0.000010	0.000010	0.000010	0.000010	0.000010	0.000010	0.000010	0.000010	0.999890	LD_0.9_12_1706
JU2162	0.000010	0.000012	0.000010	0.000010	0.000010	0.000018	0.000010	0.000010	0.000010	0.000010	0.000010	0.999880	LD_0.9_12_1706
JU2214	0.000010	0.199279	0.729803	0.000010	0.000010	0.000010	0.000010	0.070828	0.000010	0.000010	0.000010	0.000010	LD_0.9_12_1706
JU2216	0.000010	0.000010	0.000015	0.000010	0.000010	0.000010	0.000010	0.000010	0.000010	0.999885	0.000010	0.000010	LD_0.9_12_1706
JU2457	0.000010	0.000010	0.258286	0.496832	0.000010	0.000010	0.000010	0.244792	0.000010	0.000010	0.000010	0.000010	LD_0.9_12_1706
JU2470	0.000010	0.000010	0.000010	0.000010	0.000010	0.000010	0.000010	0.000010	0.000010	0.000010	0.000010	0.999890	LD_0.9_12_1706
JU2472	0.000011	0.000010	0.881685	0.000010	0.000010	0.000010	0.000010	0.118215	0.000010	0.000010	0.000010	0.000010	LD_0.9_12_1706
JU2507	0.000010	0.000010	0.000010	0.000010	0.000010	0.000010	0.000010	0.000010	0.000010	0.000010	0.000010	0.999890	LD_0.9_12_1706
JU2518	0.000010	0.000010	0.000010	0.000010	0.000010	0.000010	0.000010	0.999890	0.000010	0.000010	0.000010	0.000010	LD_0.9_12_1706
JU2536	0.000010	0.000010	0.000010	0.999887	0.000013	0.000010	0.000010	0.000010	0.000010	0.000010	0.000010	0.000010	LD_0.9_12_1706
JU2618	0.000010	0.577416	0.027851	0.000010	0.000010	0.000010	0.000010	0.394643	0.000010	0.000010	0.000010	0.000010	LD_0.9_12_1706
JU2799	0.000010	0.000010	0.932535	0.000010	0.000010	0.000010	0.000010	0.067365	0.000010	0.000010	0.000010	0.000010	LD_0.9_12_1706
JU2836	0.000010	0.235778	0.703983	0.000010	0.000010	0.000010	0.000010	0.057767	0.000010	0.000010	0.000010	0.002393	LD_0.9_12_1706
JU2849	0.999890	0.000010	0.000010	0.000010	0.000010	0.000010	0.000010	0.000010	0.000010	0.000010	0.000010	0.000010	LD_0.9_12_1706
JU2861	0.000010	0.000010	0.999890	0.000010	0.000010	0.000010	0.000010	0.000010	0.000010	0.000010	0.000010	0.000010	LD_0.9_12_1706
JU2868	0.000010	0.000010	0.999890	0.000010	0.000010	0.000010	0.000010	0.000010	0.000010	0.000010	0.000010	0.000010	LD_0.9_12_1706
JU2872	0.000010	0.000010	0.000010	0.999890	0.000010	0.000010	0.000010	0.000010	0.000010	0.000010	0.000010	0.000010	LD_0.9_12_1706
JU2910	0.037342	0.000010	0.734591	0.000010	0.000010	0.000010	0.027292	0.147254	0.000010	0.000010	0.000010	0.053450	LD_0.9_12_1706
JU3168	0.000010	0.000010	0.000010	0.000010	0.000010	0.000010	0.000010	0.000010	0.999890	0.000010	0.000010	0.000010	LD_0.9_12_1706
JU3171	0.000010	0.000010	0.999890	0.000010	0.000010	0.000010	0.000010	0.000010	0.000010	0.000010	0.000010	0.000010	LD_0.9_12_1706
JU3199	0.000010	0.000010	0.000010	0.000010	0.000010	0.000010	0.000010	0.000010	0.000010	0.000010	0.999890	0.000010	LD_0.9_12_1706
JU3200	0.000010	0.000010	0.000015	0.000010	0.000010	0.000010	0.000010	0.000010	0.000010	0.000010	0.999885	0.000010	LD_0.9_12_1706
JU3201	0.000010	0.000010	0.000010	0.000010	0.000010	0.000010	0.000010	0.000010	0.000010	0.000010	0.999890	0.000010	LD_0.9_12_1706
JU3202	0.000010	0.000010	0.000010	0.000010	0.000010	0.000010	0.000010	0.000010	0.000010	0.000010	0.999890	0.000010	LD_0.9_12_1706
JU3203	0.000010	0.000010	0.000010	0.000010	0.000010	0.000010	0.000010	0.000010	0.000010	0.000010	0.999890	0.000010	LD_0.9_12_1706
JU3206	0.000010	0.000010	0.000010	0.000010	0.000010	0.000010	0.000010	0.000010	0.000010	0.000010	0.999890	0.000010	LD_0.9_12_1706
JU3207	0.000019	0.000010	0.999881	0.000010	0.000010	0.000010	0.000010	0.000010	0.000010	0.000010	0.000010	0.000010	LD_0.9_12_1706
JU3237	0.000010	0.000010	0.000010	0.000010	0.000010	0.000010	0.000010	0.000010	0.000010	0.000010	0.000010	0.999890	LD_0.9_12_1706
JU3281	0.000010	0.000010	0.999890	0.000010	0.000010	0.000010	0.000010	0.000010	0.000010	0.000010	0.000010	0.000010	LD_0.9_12_1706
JU3319	0.814147	0.000010	0.185753	0.000010	0.000010	0.000010	0.000010	0.000010	0.000010	0.000010	0.000010	0.000010	LD_0.9_12_1706
JU3321	0.000010	0.000010	0.999890	0.000010	0.000010	0.000010	0.000010	0.000010	0.000010	0.000010	0.000010	0.000010	LD_0.9_12_1706
JU3326	0.000010	0.000010	0.199678	0.226704	0.569140	0.000010	0.000010	0.000010	0.000010	0.004397	0.000010	0.000010	LD_0.9_12_1706
JU3327	0.157181	0.000010	0.842719	0.000010	0.000010	0.000010	0.000010	0.000010	0.000010	0.000010	0.000010	0.000010	LD_0.9_12_1706
JU3416	0.000010	0.000010	0.068846	0.903350	0.000010	0.000010	0.000010	0.000010	0.000010	0.027714	0.000010	0.000010	LD_0.9_12_1706
JU4042	0.000010	0.000010	0.999890	0.000010	0.000010	0.000010	0.000010	0.000010	0.000010	0.000010	0.000010	0.000010	LD_0.9_12_1706
JU4051	0.999888	0.000010	0.000012	0.000010	0.000010	0.000010	0.000010	0.000010	0.000010	0.000010	0.000010	0.000010	LD_0.9_12_1706
JU4058	0.999883	0.000017	0.000010	0.000010	0.000010	0.000010	0.000010	0.000010	0.000010	0.000010	0.000010	0.000010	LD_0.9_12_1706
JU4060	0.999890	0.000010	0.000010	0.000010	0.000010	0.000010	0.000010	0.000010	0.000010	0.000010	0.000010	0.000010	LD_0.9_12_1706
JU4062	0.999890	0.000010	0.000010	0.000010	0.000010	0.000010	0.000010	0.000010	0.000010	0.000010	0.000010	0.000010	LD_0.9_12_1706
JU4064	0.999888	0.000010	0.000010	0.000012	0.000010	0.000010	0.000010	0.000010	0.000010	0.000010	0.000010	0.000010	LD_0.9_12_1706
JU4080	0.000010	0.000010	0.999890	0.000010	0.000010	0.000010	0.000010	0.000010	0.000010	0.000010	0.000010	0.000010	LD_0.9_12_1706
JU4084	0.999890	0.000010	0.000010	0.000010	0.000010	0.000010	0.000010	0.000010	0.000010	0.000010	0.000010	0.000010	LD_0.9_12_1706
JU4097	0.999890	0.000010	0.000010	0.000010	0.000010	0.000010	0.000010	0.000010	0.000010	0.000010	0.000010	0.000010	LD_0.9_12_1706
JU725	0.758002	0.000010	0.241898	0.000010	0.000010	0.000010	0.000010	0.000010	0.000010	0.000010	0.000010	0.000010	LD_0.9_12_1706
MY2716	0.000010	0.000010	0.999890	0.000010	0.000010	0.000010	0.000010	0.000010	0.000010	0.000010	0.000010	0.000010	LD_0.9_12_1706
MY539	0.000010	0.000010	0.999887	0.000010	0.000010	0.000010	0.000010	0.000013	0.000010	0.000010	0.000010	0.000010	LD_0.9_12_1706
NIC1050	0.000010	0.349338	0.000010	0.000010	0.000010	0.000010	0.000010	0.650561	0.000010	0.000010	0.000010	0.000010	LD_0.9_12_1706
NIC1052	0.000011	0.529607	0.000010	0.000010	0.000010	0.000013	0.000010	0.470290	0.000010	0.000010	0.000010	0.000010	LD_0.9_12_1706
NIC1054	0.000010	0.216846	0.000010	0.000010	0.000010	0.000010	0.000010	0.783054	0.000010	0.000010	0.000010	0.000010	LD_0.9_12_1706
NIC1055	0.000010	0.363164	0.000010	0.000010	0.000010	0.000010	0.000010	0.636736	0.000010	0.000010	0.000010	0.000010	LD_0.9_12_1706
NIC1057	0.000010	0.368500	0.000010	0.000010	0.000010	0.000010	0.000010	0.631398	0.000011	0.000010	0.000010	0.000010	LD_0.9_12_1706
NIC1058	0.000010	0.361594	0.000010	0.000010	0.000010	0.000010	0.000010	0.638306	0.000010	0.000010	0.000010	0.000010	LD_0.9_12_1706
NIC1059	0.000010	0.284374	0.000010	0.000010	0.000010	0.000010	0.000010	0.715526	0.000010	0.000010	0.000010	0.000010	LD_0.9_12_1706
NIC1060	0.000010	0.195449	0.000010	0.000010	0.000010	0.000010	0.000010	0.804451	0.000010	0.000010	0.000010	0.000010	LD_0.9_12_1706
NIC1062	0.000010	0.158717	0.300957	0.000010	0.000010	0.000010	0.000010	0.540235	0.000010	0.000010	0.000010	0.000010	LD_0.9_12_1706
NIC1069	0.000010	0.000010	0.506041	0.000010	0.000010	0.000010	0.000011	0.493858	0.000010	0.000010	0.000010	0.000010	LD_0.9_12_1706
NIC1103	0.000010	0.524764	0.063037	0.000010	0.000011	0.000010	0.000010	0.412107	0.000012	0.000010	0.000010	0.000010	LD_0.9_12_1706
NIC1104	0.000010	0.035542	0.634809	0.000010	0.000010	0.000010	0.000010	0.329559	0.000010	0.000010	0.000010	0.000010	LD_0.9_12_1706
NIC1106	0.000010	0.198639	0.339287	0.000010	0.000010	0.000010	0.000010	0.461984	0.000010	0.000010	0.000010	0.000010	LD_0.9_12_1706
NIC1117	0.000010	0.000010	0.999890	0.000010	0.000010	0.000010	0.000010	0.000010	0.000010	0.000010	0.000010	0.000010	LD_0.9_12_1706
NIC1123	0.999890	0.000010	0.000010	0.000010	0.000010	0.000010	0.000010	0.000010	0.000010	0.000010	0.000010	0.000010	LD_0.9_12_1706
NIC1124	0.000010	0.000010	0.000010	0.000010	0.000010	0.000010	0.000010	0.999890	0.000010	0.000010	0.000010	0.000010	LD_0.9_12_1706
NIC1135	0.000010	0.048401	0.000010	0.000010	0.000010	0.000010	0.000010	0.951499	0.000010	0.000010	0.000010	0.000010	LD_0.9_12_1706
NIC1138	0.000010	0.000010	0.000010	0.000010	0.000010	0.000010	0.000010	0.999890	0.000010	0.000010	0.000010	0.000010	LD_0.9_12_1706
NIC1141	0.000010	0.000010	0.000010	0.000010	0.000010	0.000010	0.000010	0.999890	0.000010	0.000010	0.000010	0.000010	LD_0.9_12_1706
NIC115	0.000010	0.000010	0.153775	0.000010	0.000010	0.000010	0.000020	0.846115	0.000010	0.000010	0.000010	0.000010	LD_0.9_12_1706
NIC117	0.000010	0.000010	0.180707	0.000010	0.000010	0.000010	0.000015	0.819187	0.000010	0.000010	0.000010	0.000010	LD_0.9_12_1706
NIC1183	0.000010	0.000010	0.000010	0.000010	0.000010	0.000010	0.000010	0.999890	0.000010	0.000010	0.000010	0.000010	LD_0.9_12_1706
NIC119	0.000010	0.000010	0.134027	0.000010	0.000010	0.000010	0.000010	0.865873	0.000010	0.000010	0.000010	0.000010	LD_0.9_12_1706
NIC1190	0.000010	0.000010	0.000010	0.000010	0.000010	0.000010	0.000010	0.999890	0.000010	0.000010	0.000010	0.000010	LD_0.9_12_1706
NIC1202	0.153070	0.000010	0.846830	0.000010	0.000010	0.000010	0.000010	0.000010	0.000010	0.000010	0.000010	0.000010	LD_0.9_12_1706
NIC1204	0.198023	0.000010	0.801877	0.000010	0.000010	0.000010	0.000010	0.000010	0.000010	0.000010	0.000010	0.000010	LD_0.9_12_1706
NIC1205	0.000010	0.000010	0.000010	0.000010	0.000010	0.000010	0.000010	0.000010	0.000010	0.999890	0.000010	0.000010	LD_0.9_12_1706
NIC1218	0.000010	0.000010	0.999890	0.000010	0.000010	0.000010	0.000010	0.000010	0.000010	0.000010	0.000010	0.000010	LD_0.9_12_1706
NIC1220	0.000010	0.000010	0.000010	0.000010	0.000010	0.000010	0.000010	0.000010	0.000010	0.999890	0.000010	0.000010	LD_0.9_12_1706
NIC1221	0.230312	0.000010	0.769582	0.000010	0.000010	0.000010	0.000010	0.000016	0.000010	0.000010	0.000010	0.000010	LD_0.9_12_1706
NIC123	0.000010	0.000010	0.161313	0.000010	0.000010	0.000013	0.000012	0.838581	0.000010	0.000010	0.000010	0.000010	LD_0.9_12_1706
NIC1267	0.000010	0.000010	0.190037	0.000010	0.000010	0.000013	0.000010	0.809860	0.000010	0.000010	0.000010	0.000010	LD_0.9_12_1706
NIC1283	0.000010	0.000010	0.000010	0.000010	0.000010	0.000010	0.000010	0.999890	0.000010	0.000010	0.000010	0.000010	LD_0.9_12_1706
NIC1288	0.100583	0.220405	0.000010	0.000010	0.000010	0.000010	0.000010	0.678922	0.000010	0.000010	0.000010	0.000010	LD_0.9_12_1706
NIC1292	0.000010	0.029208	0.000010	0.000010	0.000010	0.000010	0.000010	0.970692	0.000010	0.000010	0.000010	0.000010	LD_0.9_12_1706
NIC1302	0.000010	0.000010	0.000010	0.000010	0.000010	0.000010	0.000010	0.999890	0.000010	0.000010	0.000010	0.000010	LD_0.9_12_1706
NIC1304	0.000010	0.025334	0.000010	0.000010	0.000010	0.000010	0.000010	0.974566	0.000010	0.000010	0.000010	0.000010	LD_0.9_12_1706
NIC1308	0.574970	0.000010	0.102178	0.000010	0.000010	0.000010	0.000010	0.322762	0.000010	0.000010	0.000010	0.000010	LD_0.9_12_1706
NIC1407	0.000010	0.080673	0.000010	0.000010	0.000010	0.000010	0.000014	0.919223	0.000010	0.000010	0.000010	0.000010	LD_0.9_12_1706
NIC1421	0.000010	0.154335	0.029834	0.000010	0.000010	0.000010	0.000010	0.815740	0.000010	0.000010	0.000010	0.000010	LD_0.9_12_1706
NIC1423	0.000010	0.244991	0.000010	0.000010	0.000010	0.000010	0.000010	0.754909	0.000010	0.000010	0.000010	0.000010	LD_0.9_12_1706
NIC1442	0.000010	0.000010	0.000010	0.000010	0.000010	0.000010	0.000010	0.999890	0.000010	0.000010	0.000010	0.000010	LD_0.9_12_1706
NIC1491	0.000010	0.000010	0.000010	0.000010	0.000010	0.000010	0.000010	0.999890	0.000010	0.000010	0.000010	0.000010	LD_0.9_12_1706
NIC1525	0.003546	0.000010	0.937553	0.000010	0.000010	0.000010	0.000010	0.058811	0.000010	0.000010	0.000010	0.000010	LD_0.9_12_1706
NIC1528	0.000010	0.000010	0.914260	0.000010	0.000010	0.000010	0.000010	0.085640	0.000010	0.000010	0.000010	0.000010	LD_0.9_12_1706
NIC1529	0.000010	0.000010	0.967098	0.000010	0.000010	0.000010	0.000010	0.032802	0.000010	0.000010	0.000010	0.000010	LD_0.9_12_1706
NIC1533	0.000010	0.000010	0.942281	0.000010	0.000010	0.000010	0.000011	0.057618	0.000010	0.000010	0.000010	0.000010	LD_0.9_12_1706
NIC1535	0.000010	0.000010	0.929662	0.000010	0.000010	0.000010	0.028974	0.041274	0.000010	0.000010	0.000010	0.000010	LD_0.9_12_1706
NIC1539	0.000010	0.000010	0.000010	0.000016	0.000010	0.000010	0.000010	0.000010	0.000016	0.999878	0.000010	0.000010	LD_0.9_12_1706
NIC1540	0.000010	0.000010	0.000010	0.000010	0.000010	0.999890	0.000010	0.000010	0.000010	0.000010	0.000010	0.000010	LD_0.9_12_1706
NIC1562	0.000010	0.000010	0.000010	0.000010	0.000010	0.000010	0.000010	0.000010	0.000010	0.999890	0.000010	0.000010	LD_0.9_12_1706
NIC1589	0.000010	0.000010	0.000010	0.000010	0.000010	0.999890	0.000010	0.000010	0.000010	0.000010	0.000010	0.000010	LD_0.9_12_1706
NIC1590	0.000010	0.000010	0.000010	0.000012	0.000010	0.000010	0.000010	0.000010	0.000010	0.999888	0.000010	0.000010	LD_0.9_12_1706
NIC1591	0.000010	0.000010	0.000010	0.000010	0.000010	0.999890	0.000010	0.000010	0.000010	0.000010	0.000010	0.000010	LD_0.9_12_1706
NIC1593	0.000010	0.000010	0.000010	0.000010	0.000010	0.999889	0.000010	0.000010	0.000011	0.000010	0.000010	0.000010	LD_0.9_12_1706
NIC1595	0.000010	0.000010	0.000012	0.000010	0.000010	0.000010	0.000010	0.000010	0.000010	0.999888	0.000010	0.000010	LD_0.9_12_1706
NIC1598	0.000010	0.000010	0.011961	0.000010	0.000010	0.000010	0.000010	0.000010	0.000010	0.987939	0.000010	0.000010	LD_0.9_12_1706
NIC1602	0.000014	0.000010	0.000010	0.000010	0.000010	0.000010	0.000010	0.000010	0.000010	0.999886	0.000010	0.000010	LD_0.9_12_1706
NIC1607	0.000010	0.000010	0.000010	0.000010	0.000010	0.000010	0.000010	0.000010	0.999890	0.000010	0.000010	0.000010	LD_0.9_12_1706
NIC1628	0.000010	0.000010	0.999890	0.000010	0.000010	0.000010	0.000010	0.000010	0.000010	0.000010	0.000010	0.000010	LD_0.9_12_1706
NIC1630	0.000010	0.000010	0.000010	0.000010	0.000010	0.000010	0.000010	0.000010	0.000010	0.999890	0.000010	0.000010	LD_0.9_12_1706
NIC1631	0.000010	0.000010	0.000010	0.000010	0.000010	0.000010	0.000010	0.000010	0.000010	0.999890	0.000010	0.000010	LD_0.9_12_1706
NIC1632	0.000010	0.000010	0.000010	0.999888	0.000010	0.000010	0.000010	0.000010	0.000012	0.000010	0.000010	0.000010	LD_0.9_12_1706
NIC1633	0.000010	0.000010	0.000010	0.999871	0.000017	0.000018	0.000010	0.000010	0.000014	0.000010	0.000010	0.000010	LD_0.9_12_1706
NIC1635	0.000010	0.000010	0.000010	0.999880	0.000016	0.000010	0.000010	0.000010	0.000013	0.000010	0.000010	0.000010	LD_0.9_12_1706
NIC1645	0.000010	0.000010	0.000010	0.000010	0.000010	0.000010	0.000010	0.000010	0.000013	0.999887	0.000010	0.000010	LD_0.9_12_1706
NIC1660	0.000010	0.000010	0.000010	0.000010	0.000010	0.000010	0.000010	0.000010	0.000010	0.999890	0.000010	0.000010	LD_0.9_12_1706
NIC1661	0.000010	0.000010	0.000010	0.000010	0.000010	0.000010	0.000014	0.000010	0.000010	0.999886	0.000010	0.000010	LD_0.9_12_1706
NIC1662	0.000010	0.000010	0.000010	0.000010	0.000010	0.000010	0.000010	0.000010	0.000010	0.999890	0.000010	0.000010	LD_0.9_12_1706
NIC1663	0.000012	0.000010	0.000010	0.000018	0.000010	0.000010	0.000010	0.000010	0.000010	0.999880	0.000010	0.000010	LD_0.9_12_1706
NIC1664	0.000010	0.000010	0.000010	0.000010	0.000010	0.999879	0.000012	0.000010	0.000014	0.000015	0.000010	0.000010	LD_0.9_12_1706
NIC1665	0.000012	0.000010	0.000010	0.000010	0.000010	0.999888	0.000010	0.000010	0.000010	0.000010	0.000010	0.000010	LD_0.9_12_1706
NIC1666	0.000010	0.000010	0.000013	0.000010	0.000010	0.000010	0.000010	0.000010	0.000010	0.999887	0.000010	0.000010	LD_0.9_12_1706
NIC1667	0.000010	0.000010	0.000019	0.000010	0.000010	0.000010	0.000010	0.000010	0.000010	0.999881	0.000010	0.000010	LD_0.9_12_1706
NIC1681	0.000010	0.000010	0.000012	0.000010	0.000010	0.000010	0.000010	0.000010	0.000010	0.999888	0.000010	0.000010	LD_0.9_12_1706
NIC1688	0.000010	0.000010	0.999890	0.000010	0.000010	0.000010	0.000010	0.000010	0.000010	0.000010	0.000010	0.000010	LD_0.9_12_1706
NIC1692	0.000010	0.000010	0.000010	0.000010	0.000010	0.000010	0.000010	0.000010	0.000010	0.999890	0.000010	0.000010	LD_0.9_12_1706
NIC1693	0.000010	0.000010	0.000010	0.000010	0.000010	0.000010	0.000010	0.000010	0.000010	0.999890	0.000010	0.000010	LD_0.9_12_1706
NIC17	0.000010	0.000010	0.999890	0.000010	0.000010	0.000010	0.000010	0.000010	0.000010	0.000010	0.000010	0.000010	LD_0.9_12_1706
NIC174	0.000010	0.000010	0.000010	0.999890	0.000010	0.000010	0.000010	0.000010	0.000010	0.000010	0.000010	0.000010	LD_0.9_12_1706
NIC187	0.000010	0.000010	0.109214	0.000010	0.000010	0.000010	0.000010	0.890686	0.000010	0.000010	0.000010	0.000010	LD_0.9_12_1706
NIC188	0.000010	0.000010	0.103043	0.000010	0.000010	0.000010	0.000016	0.896851	0.000010	0.000010	0.000010	0.000010	LD_0.9_12_1706
NIC19	0.000010	0.000010	0.000010	0.000010	0.000010	0.999890	0.000010	0.000010	0.000010	0.000010	0.000010	0.000010	LD_0.9_12_1706
NIC191	0.000010	0.000010	0.203153	0.000010	0.000010	0.000010	0.000012	0.796745	0.000010	0.000010	0.000010	0.000010	LD_0.9_12_1706
NIC20	0.000010	0.000010	0.000010	0.000010	0.000010	0.999890	0.000010	0.000010	0.000010	0.000010	0.000010	0.000010	LD_0.9_12_1706
NIC21	0.000010	0.000010	0.000010	0.000010	0.000010	0.999890	0.000010	0.000010	0.000010	0.000010	0.000010	0.000010	LD_0.9_12_1706
NIC22	0.000010	0.000010	0.000010	0.000010	0.000010	0.999868	0.000017	0.000010	0.000015	0.000020	0.000010	0.000010	LD_0.9_12_1706
NIC2369	0.999890	0.000010	0.000010	0.000010	0.000010	0.000010	0.000010	0.000010	0.000010	0.000010	0.000010	0.000010	LD_0.9_12_1706
NIC248	0.000010	0.000010	0.221085	0.000010	0.000010	0.000010	0.000010	0.778815	0.000010	0.000010	0.000010	0.000010	LD_0.9_12_1706
NIC250	0.000010	0.000010	0.273604	0.000010	0.000010	0.000010	0.000010	0.726296	0.000010	0.000010	0.000010	0.000010	LD_0.9_12_1706
NIC2527	0.000010	0.000010	0.999890	0.000010	0.000010	0.000010	0.000010	0.000010	0.000010	0.000010	0.000010	0.000010	LD_0.9_12_1706
NIC309	0.000010	0.000010	0.000010	0.000010	0.000010	0.000010	0.000010	0.999890	0.000010	0.000010	0.000010	0.000010	LD_0.9_12_1706
NIC325	0.000010	0.000010	0.000010	0.000010	0.000010	0.000010	0.000010	0.999890	0.000010	0.000010	0.000010	0.000010	LD_0.9_12_1706
NIC327	0.000010	0.265851	0.000010	0.000010	0.000010	0.000010	0.000010	0.734049	0.000010	0.000010	0.000010	0.000010	LD_0.9_12_1706
NIC329	0.000010	0.154720	0.000010	0.000010	0.000010	0.000010	0.000010	0.845180	0.000010	0.000010	0.000010	0.000010	LD_0.9_12_1706
NIC330	0.000011	0.119143	0.000010	0.000010	0.000010	0.000010	0.000010	0.880753	0.000014	0.000010	0.000010	0.000010	LD_0.9_12_1706
NIC331	0.000010	0.158236	0.000019	0.000010	0.000010	0.000010	0.000010	0.841654	0.000010	0.000010	0.000010	0.000010	LD_0.9_12_1706
NIC332	0.000010	0.268541	0.000010	0.000010	0.000010	0.000010	0.000010	0.731359	0.000010	0.000010	0.000010	0.000010	LD_0.9_12_1706
NIC333	0.000010	0.107821	0.000010	0.000010	0.000010	0.000010	0.000010	0.892079	0.000010	0.000010	0.000010	0.000010	LD_0.9_12_1706
NIC343	0.031522	0.000010	0.968378	0.000010	0.000010	0.000010	0.000010	0.000010	0.000010	0.000010	0.000010	0.000010	LD_0.9_12_1706
NIC392	0.000010	0.000010	0.237971	0.000010	0.000010	0.000010	0.000010	0.761929	0.000010	0.000010	0.000010	0.000010	LD_0.9_12_1706
NIC400	0.000010	0.243971	0.000010	0.000010	0.000010	0.000010	0.000010	0.755929	0.000010	0.000010	0.000010	0.000010	LD_0.9_12_1706
NIC402	0.000010	0.237798	0.000010	0.000010	0.000010	0.000010	0.000010	0.762102	0.000010	0.000010	0.000010	0.000010	LD_0.9_12_1706
NIC419	0.999890	0.000010	0.000010	0.000010	0.000010	0.000010	0.000010	0.000010	0.000010	0.000010	0.000010	0.000010	LD_0.9_12_1706
NIC504	0.000010	0.000010	0.000010	0.000010	0.000010	0.000010	0.000010	0.000010	0.000010	0.999890	0.000010	0.000010	LD_0.9_12_1706
NIC505	0.000010	0.000010	0.000014	0.000010	0.000010	0.000010	0.000010	0.000010	0.000010	0.999886	0.000010	0.000010	LD_0.9_12_1706
NIC518	0.000010	0.000010	0.000010	0.000010	0.000010	0.000010	0.000010	0.000010	0.000010	0.999890	0.000010	0.000010	LD_0.9_12_1706
NIC519	0.000010	0.000010	0.000010	0.000010	0.000010	0.000010	0.000010	0.000010	0.000010	0.999890	0.000010	0.000010	LD_0.9_12_1706
NIC532	0.000010	0.000010	0.259862	0.000010	0.000010	0.000010	0.000010	0.740038	0.000010	0.000010	0.000010	0.000010	LD_0.9_12_1706
NIC541	0.000010	0.123811	0.000010	0.000010	0.000010	0.000010	0.000010	0.571128	0.000010	0.000010	0.000010	0.304971	LD_0.9_12_1706
NIC549	0.000010	0.000010	0.351445	0.000010	0.000010	0.000010	0.000010	0.648455	0.000010	0.000010	0.000010	0.000010	LD_0.9_12_1706
NIC552	0.000010	0.000010	0.429182	0.000010	0.000010	0.000010	0.000010	0.570718	0.000010	0.000010	0.000010	0.000010	LD_0.9_12_1706
NIC555	0.000010	0.112634	0.165658	0.000010	0.000010	0.000010	0.000010	0.721618	0.000010	0.000010	0.000010	0.000010	LD_0.9_12_1706
NIC574	0.000010	0.000010	0.280985	0.000010	0.000010	0.000010	0.000010	0.718915	0.000010	0.000010	0.000010	0.000010	LD_0.9_12_1706
NIC578	0.000010	0.000010	0.106835	0.000010	0.000010	0.000010	0.000010	0.893065	0.000010	0.000010	0.000010	0.000010	LD_0.9_12_1706
NIC583	0.000010	0.000010	0.114062	0.000010	0.000010	0.000010	0.000010	0.885838	0.000010	0.000010	0.000010	0.000010	LD_0.9_12_1706
NIC590	0.000011	0.000010	0.000010	0.000010	0.000010	0.000010	0.000010	0.885837	0.000010	0.000010	0.000010	0.114062	LD_0.9_12_1706
NIC593	0.000010	0.000010	0.336029	0.000010	0.000010	0.000010	0.000010	0.663871	0.000010	0.000010	0.000010	0.000010	LD_0.9_12_1706
NIC60	0.000010	0.000010	0.000010	0.000010	0.000010	0.000010	0.000010	0.999890	0.000010	0.000010	0.000010	0.000010	LD_0.9_12_1706
NIC61	0.000010	0.000010	0.471479	0.000010	0.000010	0.000010	0.000010	0.528421	0.000010	0.000010	0.000010	0.000010	LD_0.9_12_1706
NIC62	0.000011	0.000010	0.128953	0.000010	0.000010	0.000010	0.000010	0.870946	0.000010	0.000010	0.000010	0.000010	LD_0.9_12_1706
NIC67	0.999890	0.000010	0.000010	0.000010	0.000010	0.000010	0.000010	0.000010	0.000010	0.000010	0.000010	0.000010	LD_0.9_12_1706
NIC758	0.000010	0.000010	0.000010	0.000010	0.000010	0.000010	0.000010	0.876970	0.000010	0.000010	0.000010	0.122930	LD_0.9_12_1706
NIC777	0.000010	0.114752	0.144009	0.000010	0.000010	0.000010	0.000010	0.741149	0.000010	0.000010	0.000010	0.000010	LD_0.9_12_1706
NIC779	0.000010	0.000010	0.000010	0.000010	0.000010	0.000010	0.000010	0.000010	0.000010	0.999890	0.000010	0.000010	LD_0.9_12_1706
NIC790	0.000010	0.000010	0.999890	0.000010	0.000010	0.000010	0.000010	0.000010	0.000010	0.000010	0.000010	0.000010	LD_0.9_12_1706
NIC791	0.000010	0.000010	0.080158	0.000015	0.000010	0.000010	0.000019	0.000010	0.000014	0.000010	0.000010	0.919725	LD_0.9_12_1706
NIC792	0.000010	0.000010	0.680603	0.000010	0.000010	0.000010	0.000010	0.000010	0.000010	0.000010	0.000010	0.319297	LD_0.9_12_1706
NIC793	0.000010	0.000010	0.999890	0.000010	0.000010	0.000010	0.000010	0.000010	0.000010	0.000010	0.000010	0.000010	LD_0.9_12_1706
NIC795	0.000019	0.000010	0.999881	0.000010	0.000010	0.000010	0.000010	0.000010	0.000010	0.000010	0.000010	0.000010	LD_0.9_12_1706
NIC796	0.000015	0.000010	0.991868	0.000010	0.000010	0.008027	0.000010	0.000010	0.000010	0.000010	0.000010	0.000010	LD_0.9_12_1706
NIC802	0.000010	0.000010	0.999890	0.000010	0.000010	0.000010	0.000010	0.000010	0.000010	0.000010	0.000010	0.000010	LD_0.9_12_1706
NIC803	0.000010	0.000010	0.903134	0.000010	0.000010	0.000010	0.000010	0.096766	0.000010	0.000010	0.000010	0.000010	LD_0.9_12_1706
NIC805	0.000010	0.000010	0.000010	0.000010	0.000010	0.000010	0.000010	0.000010	0.000010	0.999890	0.000010	0.000010	LD_0.9_12_1706
NIC811	0.058974	0.000010	0.940926	0.000010	0.000010	0.000010	0.000010	0.000010	0.000010	0.000010	0.000010	0.000010	LD_0.9_12_1706
NIC814	0.000010	0.000010	0.000011	0.000010	0.000010	0.000010	0.000010	0.000010	0.000010	0.999889	0.000010	0.000010	LD_0.9_12_1706
NIC815	0.000010	0.000010	0.000010	0.000010	0.000010	0.000010	0.000010	0.000010	0.000010	0.999890	0.000010	0.000010	LD_0.9_12_1706
NIC816	0.000010	0.000010	0.000010	0.000010	0.000010	0.999887	0.000010	0.000010	0.000010	0.000010	0.000013	0.000010	LD_0.9_12_1706
NIC819	0.000010	0.000010	0.000010	0.000010	0.000010	0.000010	0.000010	0.000010	0.999890	0.000010	0.000010	0.000010	LD_0.9_12_1706
NIC821	0.000010	0.000010	0.888195	0.000010	0.000010	0.000010	0.000010	0.111705	0.000010	0.000010	0.000010	0.000010	LD_0.9_12_1706
NIC822	0.000010	0.000010	0.000010	0.000010	0.000010	0.000010	0.000010	0.000010	0.000010	0.999890	0.000010	0.000010	LD_0.9_12_1706
NIC824	0.000010	0.000010	0.000010	0.000010	0.000010	0.000010	0.000010	0.000010	0.000010	0.999890	0.000010	0.000010	LD_0.9_12_1706
NIC825	0.000010	0.000010	0.000010	0.000010	0.000010	0.999890	0.000010	0.000010	0.000010	0.000010	0.000010	0.000010	LD_0.9_12_1706
NIC827	0.000010	0.000010	0.000010	0.000010	0.000010	0.999881	0.000017	0.000010	0.000010	0.000012	0.000010	0.000010	LD_0.9_12_1706
NIC828	0.000010	0.000010	0.000010	0.000010	0.000010	0.999881	0.000010	0.000019	0.000010	0.000010	0.000010	0.000010	LD_0.9_12_1706
NIC863	0.000010	0.000010	0.000010	0.000010	0.000010	0.000010	0.000010	0.000010	0.000010	0.999890	0.000010	0.000010	LD_0.9_12_1706
NIC864	0.000010	0.000010	0.000010	0.000010	0.000010	0.000010	0.000010	0.000010	0.000010	0.999890	0.000010	0.000010	LD_0.9_12_1706
NIC865	0.000010	0.000010	0.000010	0.000010	0.000010	0.000010	0.000010	0.000010	0.000010	0.999890	0.000010	0.000010	LD_0.9_12_1706
NIC871	0.000010	0.000010	0.999890	0.000010	0.000010	0.000010	0.000010	0.000010	0.000010	0.000010	0.000010	0.000010	LD_0.9_12_1706
NIC883	0.000010	0.000010	0.999890	0.000010	0.000010	0.000010	0.000010	0.000010	0.000010	0.000010	0.000010	0.000010	LD_0.9_12_1706
NIC889	0.000010	0.000010	0.000010	0.000010	0.000010	0.000010	0.000010	0.000010	0.000010	0.999890	0.000010	0.000010	LD_0.9_12_1706
NIC893	0.000010	0.000010	0.000010	0.000010	0.000010	0.000010	0.999890	0.000010	0.000010	0.000010	0.000010	0.000010	LD_0.9_12_1706
NIC897	0.000010	0.000010	0.000010	0.000010	0.000010	0.000010	0.000010	0.000010	0.000010	0.999890	0.000010	0.000010	LD_0.9_12_1706
NIC899	0.000010	0.000010	0.000010	0.999890	0.000010	0.000010	0.000010	0.000010	0.000010	0.000010	0.000010	0.000010	LD_0.9_12_1706
NIC901	0.000010	0.000010	0.999883	0.000010	0.000010	0.000010	0.000010	0.000010	0.000010	0.000010	0.000017	0.000010	LD_0.9_12_1706
NIC911	0.000010	0.000010	0.798877	0.000010	0.000011	0.000010	0.000010	0.201022	0.000010	0.000010	0.000010	0.000010	LD_0.9_12_1706
NIC96	0.000010	0.000010	0.000010	0.000010	0.000010	0.000010	0.000010	0.999890	0.000010	0.000010	0.000010	0.000010	LD_0.9_12_1706
NIC984	0.000010	0.000010	0.901689	0.000010	0.000010	0.000010	0.000010	0.098211	0.000010	0.000010	0.000010	0.000010	LD_0.9_12_1706
NIC985	0.164193	0.000010	0.708287	0.000010	0.000010	0.000010	0.000010	0.127430	0.000010	0.000010	0.000010	0.000010	LD_0.9_12_1706
PB800	0.000010	0.000010	0.000010	0.999890	0.000010	0.000010	0.000010	0.000010	0.000010	0.000010	0.000010	0.000010	LD_0.9_12_1706
PB857	0.000010	0.000010	0.000010	0.999884	0.000014	0.000010	0.000010	0.000010	0.000012	0.000010	0.000010	0.000010	LD_0.9_12_1706
PE887	0.000010	0.000010	0.967909	0.000010	0.000010	0.000010	0.000010	0.031991	0.000010	0.000010	0.000010	0.000010	LD_0.9_12_1706
QG1005	0.000010	0.938013	0.000010	0.000010	0.000010	0.000010	0.000010	0.061887	0.000010	0.000010	0.000010	0.000010	LD_0.9_12_1706
QG1007	0.000010	0.999885	0.000011	0.000010	0.000010	0.000010	0.000010	0.000015	0.000010	0.000010	0.000010	0.000010	LD_0.9_12_1706
QG1111	0.000010	0.999890	0.000010	0.000010	0.000010	0.000010	0.000010	0.000010	0.000010	0.000010	0.000010	0.000010	LD_0.9_12_1706
QG1126	0.000010	0.999890	0.000010	0.000010	0.000010	0.000010	0.000010	0.000010	0.000010	0.000010	0.000010	0.000010	LD_0.9_12_1706
QG1141	0.000010	0.999890	0.000010	0.000010	0.000010	0.000010	0.000010	0.000010	0.000010	0.000010	0.000010	0.000010	LD_0.9_12_1706
QG1155	0.000010	0.999031	0.000869	0.000010	0.000010	0.000010	0.000010	0.000010	0.000010	0.000010	0.000010	0.000010	LD_0.9_12_1706
QG130	0.000010	0.000010	0.999890	0.000010	0.000010	0.000010	0.000010	0.000010	0.000010	0.000010	0.000010	0.000010	LD_0.9_12_1706
QG132	0.000010	0.000010	0.932878	0.000010	0.000010	0.000010	0.000010	0.067022	0.000010	0.000010	0.000010	0.000010	LD_0.9_12_1706
QG133	0.000010	0.000010	0.022503	0.000010	0.000010	0.000010	0.000010	0.000010	0.000010	0.977397	0.000010	0.000010	LD_0.9_12_1706
QG2641	0.000010	0.999890	0.000010	0.000010	0.000010	0.000010	0.000010	0.000010	0.000010	0.000010	0.000010	0.000010	LD_0.9_12_1706
QG2648	0.000010	0.999890	0.000010	0.000010	0.000010	0.000010	0.000010	0.000010	0.000010	0.000010	0.000010	0.000010	LD_0.9_12_1706
QG2659	0.000010	0.999890	0.000010	0.000010	0.000010	0.000010	0.000010	0.000010	0.000010	0.000010	0.000010	0.000010	LD_0.9_12_1706
QG2663	0.000010	0.999884	0.000016	0.000010	0.000010	0.000010	0.000010	0.000010	0.000010	0.000010	0.000010	0.000010	LD_0.9_12_1706
QG2665	0.000010	0.999882	0.000010	0.000010	0.000010	0.000010	0.000010	0.000010	0.000010	0.000018	0.000010	0.000010	LD_0.9_12_1706
QG2683	0.000010	0.999890	0.000010	0.000010	0.000010	0.000010	0.000010	0.000010	0.000010	0.000010	0.000010	0.000010	LD_0.9_12_1706
QG2736	0.000010	0.999890	0.000010	0.000010	0.000010	0.000010	0.000010	0.000010	0.000010	0.000010	0.000010	0.000010	LD_0.9_12_1706
QG2814	0.000010	0.000010	0.999890	0.000010	0.000010	0.000010	0.000010	0.000010	0.000010	0.000010	0.000010	0.000010	LD_0.9_12_1706
QG2820	0.000010	0.000010	0.999890	0.000010	0.000010	0.000010	0.000010	0.000010	0.000010	0.000010	0.000010	0.000010	LD_0.9_12_1706
QG2848	0.000010	0.000010	0.999886	0.000010	0.000010	0.000010	0.000010	0.000014	0.000010	0.000010	0.000010	0.000010	LD_0.9_12_1706
QG2880	0.000010	0.000010	0.000010	0.000010	0.000010	0.000010	0.000010	0.000010	0.000010	0.000010	0.000010	0.999890	LD_0.9_12_1706
QG2881	0.000010	0.000010	0.999890	0.000010	0.000010	0.000010	0.000010	0.000010	0.000010	0.000010	0.000010	0.000010	LD_0.9_12_1706
QG2883	0.000010	0.000010	0.999890	0.000010	0.000010	0.000010	0.000010	0.000010	0.000010	0.000010	0.000010	0.000010	LD_0.9_12_1706
QG2884	0.000010	0.000010	0.000010	0.000010	0.000010	0.000010	0.000010	0.000010	0.000010	0.000010	0.000010	0.999890	LD_0.9_12_1706
QG2891	0.000010	0.000010	0.000010	0.000010	0.000010	0.000010	0.000010	0.000010	0.000010	0.000010	0.999890	0.000010	LD_0.9_12_1706
QG2892	0.000010	0.000010	0.000010	0.000010	0.000010	0.000010	0.000010	0.000010	0.000010	0.000010	0.000010	0.999890	LD_0.9_12_1706
QG2893	0.000010	0.000010	0.000010	0.000010	0.258549	0.000010	0.000010	0.000010	0.000010	0.000010	0.741351	0.000010	LD_0.9_12_1706
QG2895	0.000010	0.000010	0.000010	0.000010	0.000010	0.000010	0.000010	0.000010	0.000010	0.000010	0.000010	0.999890	LD_0.9_12_1706
QG2902	0.000010	0.000014	0.000010	0.000010	0.000010	0.000010	0.000010	0.000010	0.000010	0.000010	0.000010	0.999886	LD_0.9_12_1706
QG2903	0.000010	0.000011	0.000010	0.000010	0.000010	0.000010	0.000010	0.000010	0.000010	0.000010	0.000010	0.999889	LD_0.9_12_1706
QG2906	0.000011	0.000010	0.000010	0.000010	0.000010	0.000010	0.000010	0.000010	0.000010	0.000017	0.000010	0.999882	LD_0.9_12_1706
QG2908	0.000010	0.000010	0.000010	0.000010	0.249896	0.000010	0.000010	0.000010	0.000010	0.000010	0.750004	0.000010	LD_0.9_12_1706
QG2910	0.000010	0.000010	0.937288	0.000010	0.000010	0.000010	0.000010	0.062612	0.000010	0.000010	0.000010	0.000010	LD_0.9_12_1706
QG2919	0.000010	0.000010	0.000010	0.000010	0.000010	0.000010	0.000010	0.000010	0.000010	0.000010	0.999890	0.000010	LD_0.9_12_1706
QG2923	0.000010	0.000010	0.000010	0.000010	0.000010	0.000010	0.000010	0.000010	0.000010	0.000010	0.000010	0.999890	LD_0.9_12_1706
QG2925	0.000010	0.000010	0.000010	0.000010	0.000010	0.000010	0.000010	0.000010	0.000010	0.000010	0.000010	0.999890	LD_0.9_12_1706
QG2964	0.000010	0.999890	0.000010	0.000010	0.000010	0.000010	0.000010	0.000010	0.000010	0.000010	0.000010	0.000010	LD_0.9_12_1706
QG2966	0.000010	0.605991	0.247634	0.000010	0.000010	0.000010	0.000010	0.146285	0.000010	0.000010	0.000010	0.000010	LD_0.9_12_1706
QG2969	0.000010	0.999890	0.000010	0.000010	0.000010	0.000010	0.000010	0.000010	0.000010	0.000010	0.000010	0.000010	LD_0.9_12_1706
QG2972	0.000010	0.999890	0.000010	0.000010	0.000010	0.000010	0.000010	0.000010	0.000010	0.000010	0.000010	0.000010	LD_0.9_12_1706
QG2996	0.000010	0.999890	0.000010	0.000010	0.000010	0.000010	0.000010	0.000010	0.000010	0.000010	0.000010	0.000010	LD_0.9_12_1706
QG3004	0.000010	0.778135	0.070623	0.000010	0.000010	0.000010	0.000010	0.151152	0.000010	0.000010	0.000010	0.000010	LD_0.9_12_1706
QG3006	0.000010	0.999890	0.000010	0.000010	0.000010	0.000010	0.000010	0.000010	0.000010	0.000010	0.000010	0.000010	LD_0.9_12_1706
QG3019	0.000010	0.855142	0.000010	0.000010	0.000010	0.000010	0.000010	0.144758	0.000010	0.000010	0.000010	0.000010	LD_0.9_12_1706
QG3025	0.000010	0.999890	0.000010	0.000010	0.000010	0.000010	0.000010	0.000010	0.000010	0.000010	0.000010	0.000010	LD_0.9_12_1706
QG3030	0.000010	0.999890	0.000010	0.000010	0.000010	0.000010	0.000010	0.000010	0.000010	0.000010	0.000010	0.000010	LD_0.9_12_1706
QG3032	0.000010	0.753774	0.000010	0.000011	0.000010	0.000010	0.000010	0.246125	0.000010	0.000010	0.000010	0.000010	LD_0.9_12_1706
QG3034	0.000010	0.999890	0.000010	0.000010	0.000010	0.000010	0.000010	0.000010	0.000010	0.000010	0.000010	0.000010	LD_0.9_12_1706
QG3041	0.000010	0.999890	0.000010	0.000010	0.000010	0.000010	0.000010	0.000010	0.000010	0.000010	0.000010	0.000010	LD_0.9_12_1706
QG3053	0.000010	0.000010	0.499545	0.000010	0.000010	0.000010	0.000010	0.500355	0.000010	0.000010	0.000010	0.000010	LD_0.9_12_1706
QG3056	0.000010	0.599639	0.248330	0.000010	0.000010	0.000010	0.000010	0.151940	0.000010	0.000010	0.000010	0.000010	LD_0.9_12_1706
QG3057	0.000010	0.999890	0.000010	0.000010	0.000010	0.000010	0.000010	0.000010	0.000010	0.000010	0.000010	0.000010	LD_0.9_12_1706
QG3058	0.000010	0.927882	0.000010	0.000010	0.000010	0.000010	0.000010	0.072018	0.000010	0.000010	0.000010	0.000010	LD_0.9_12_1706
QG3527	0.000010	0.115372	0.249454	0.000010	0.000010	0.000010	0.000010	0.635084	0.000010	0.000010	0.000010	0.000010	LD_0.9_12_1706
QG3661	0.000010	0.000010	0.000010	0.999890	0.000010	0.000010	0.000010	0.000010	0.000010	0.000010	0.000010	0.000010	LD_0.9_12_1706
QG3783	0.000010	0.018484	0.347330	0.000010	0.000010	0.000010	0.000010	0.634096	0.000010	0.000010	0.000010	0.000010	LD_0.9_12_1706
QG3801	0.000010	0.892080	0.000010	0.000010	0.000010	0.000010	0.000010	0.107820	0.000010	0.000010	0.000010	0.000010	LD_0.9_12_1706
QG3815	0.000010	0.000010	0.179838	0.000010	0.000010	0.000010	0.000010	0.820062	0.000010	0.000010	0.000010	0.000010	LD_0.9_12_1706
QG3816	0.000010	0.011467	0.341880	0.000010	0.000010	0.000010	0.000010	0.646563	0.000010	0.000010	0.000010	0.000010	LD_0.9_12_1706
QG3823	0.013706	0.888464	0.000010	0.000010	0.000010	0.000010	0.000010	0.094818	0.000010	0.000010	0.000010	0.002931	LD_0.9_12_1706
QG3825	0.000010	0.000010	0.347726	0.000010	0.000010	0.000010	0.000010	0.652174	0.000010	0.000010	0.000010	0.000010	LD_0.9_12_1706
QG3826	0.000016	0.039979	0.300969	0.000010	0.000010	0.000010	0.000011	0.658954	0.000010	0.000010	0.000010	0.000010	LD_0.9_12_1706
QG3837	0.000010	0.000010	0.290578	0.000010	0.000010	0.000010	0.000010	0.709322	0.000010	0.000010	0.000010	0.000010	LD_0.9_12_1706
QG3851	0.000010	0.023546	0.323026	0.000010	0.000010	0.000010	0.000010	0.653338	0.000010	0.000010	0.000010	0.000010	LD_0.9_12_1706
QG3861	0.000010	0.000010	0.294875	0.000010	0.000010	0.000010	0.000010	0.705025	0.000010	0.000010	0.000010	0.000010	LD_0.9_12_1706
QG3867	0.000010	0.861132	0.003028	0.000010	0.000010	0.000010	0.000010	0.135750	0.000010	0.000010	0.000010	0.000010	LD_0.9_12_1706
QG3874	0.000010	0.000010	0.439953	0.000010	0.000010	0.000010	0.000010	0.559947	0.000010	0.000010	0.000010	0.000010	LD_0.9_12_1706
QG3875	0.000010	0.000010	0.091712	0.000010	0.000010	0.000010	0.000010	0.908188	0.000010	0.000010	0.000010	0.000010	LD_0.9_12_1706
QG3876	0.000010	0.006579	0.302946	0.000010	0.000010	0.000010	0.000010	0.690385	0.000010	0.000010	0.000010	0.000010	LD_0.9_12_1706
QG3878	0.000010	0.000010	0.098880	0.000010	0.000010	0.000010	0.000010	0.901020	0.000010	0.000010	0.000010	0.000010	LD_0.9_12_1706
QG3920	0.000010	0.000010	0.257300	0.000010	0.000010	0.000010	0.000010	0.742600	0.000010	0.000010	0.000010	0.000010	LD_0.9_12_1706
QG3921	0.000010	0.000012	0.314280	0.000010	0.000010	0.000010	0.000010	0.685618	0.000010	0.000010	0.000010	0.000010	LD_0.9_12_1706
QG3923	0.000010	0.000010	0.392469	0.000010	0.000010	0.000010	0.000010	0.607431	0.000010	0.000010	0.000010	0.000010	LD_0.9_12_1706
QG3924	0.000010	0.118919	0.267428	0.000010	0.000010	0.000010	0.000010	0.613562	0.000010	0.000010	0.000010	0.000010	LD_0.9_12_1706
QG3925	0.000010	0.000010	0.176972	0.000010	0.000010	0.000010	0.000010	0.822928	0.000010	0.000010	0.000010	0.000010	LD_0.9_12_1706
QG3926	0.000010	0.000010	0.171861	0.000010	0.000010	0.000010	0.000010	0.828039	0.000010	0.000010	0.000010	0.000010	LD_0.9_12_1706
QG3927	0.000010	0.000010	0.282567	0.000010	0.000010	0.000010	0.000010	0.717333	0.000010	0.000010	0.000010	0.000010	LD_0.9_12_1706
QG3931	0.000010	0.008557	0.093312	0.000010	0.000010	0.000010	0.000010	0.898041	0.000010	0.000010	0.000010	0.000010	LD_0.9_12_1706
QG3932	0.000010	0.000010	0.408216	0.000010	0.000010	0.000010	0.000010	0.591684	0.000010	0.000010	0.000010	0.000010	LD_0.9_12_1706
QG3933	0.000010	0.000010	0.673632	0.000010	0.000010	0.000010	0.000010	0.326268	0.000010	0.000010	0.000010	0.000010	LD_0.9_12_1706
QG4026	0.000010	0.000010	0.000010	0.000010	0.000010	0.000010	0.000010	0.000010	0.000011	0.000014	0.999885	0.000010	LD_0.9_12_1706
QG4028	0.000010	0.000010	0.000010	0.000010	0.000010	0.000010	0.000010	0.000010	0.000010	0.000010	0.999890	0.000010	LD_0.9_12_1706
QG4031	0.000010	0.000010	0.000010	0.000010	0.000010	0.000010	0.000010	0.000010	0.000010	0.000010	0.999890	0.000010	LD_0.9_12_1706
QG4063	0.000010	0.000010	0.000010	0.000010	0.000010	0.000010	0.000010	0.000010	0.000010	0.000010	0.999890	0.000010	LD_0.9_12_1706
QG4064	0.000010	0.000010	0.000010	0.000010	0.000010	0.000011	0.000010	0.000010	0.000010	0.000010	0.999889	0.000010	LD_0.9_12_1706
QG4067	0.000010	0.000010	0.000010	0.000010	0.000010	0.000010	0.000010	0.000010	0.000010	0.000010	0.999890	0.000010	LD_0.9_12_1706
QG4068	0.000010	0.000010	0.000010	0.000010	0.000010	0.000010	0.000010	0.000010	0.000010	0.000010	0.999890	0.000010	LD_0.9_12_1706
QG4070	0.000010	0.000010	0.999890	0.000010	0.000010	0.000010	0.000010	0.000010	0.000010	0.000010	0.000010	0.000010	LD_0.9_12_1706
QG4093	0.000010	0.000010	0.000010	0.000010	0.000010	0.000010	0.000010	0.000010	0.000010	0.000010	0.999890	0.000010	LD_0.9_12_1706
QG4094	0.000010	0.000010	0.000010	0.000010	0.000017	0.000015	0.000010	0.000010	0.000010	0.000020	0.999868	0.000010	LD_0.9_12_1706
QG4095	0.000010	0.000010	0.000010	0.000010	0.000010	0.000010	0.000010	0.000010	0.000010	0.000010	0.999890	0.000010	LD_0.9_12_1706
QG4096	0.000010	0.000010	0.000010	0.000010	0.000010	0.000010	0.000010	0.000010	0.000010	0.000010	0.999890	0.000010	LD_0.9_12_1706
QG4097	0.000010	0.000010	0.000010	0.000010	0.000010	0.000010	0.000010	0.000010	0.000010	0.000010	0.999890	0.000010	LD_0.9_12_1706
QG4104	0.000010	0.000010	0.000010	0.000010	0.000010	0.000010	0.000010	0.000010	0.000010	0.000010	0.999890	0.000010	LD_0.9_12_1706
QG4114	0.000010	0.000010	0.000010	0.000010	0.000010	0.000010	0.000010	0.000010	0.000010	0.000010	0.999890	0.000010	LD_0.9_12_1706
QG4131	0.000010	0.000010	0.000010	0.000010	0.000010	0.000010	0.000010	0.000010	0.000010	0.000010	0.999890	0.000010	LD_0.9_12_1706
QG4132	0.000010	0.000010	0.000010	0.000010	0.000010	0.000010	0.000010	0.000010	0.000010	0.000010	0.999890	0.000010	LD_0.9_12_1706
QG4208	0.000010	0.000010	0.000010	0.000010	0.000010	0.000010	0.000010	0.000010	0.000010	0.000010	0.999890	0.000010	LD_0.9_12_1706
QG4214	0.000010	0.000010	0.000010	0.000010	0.000010	0.000010	0.000010	0.000010	0.000010	0.000010	0.999890	0.000010	LD_0.9_12_1706
QG4225	0.000010	0.000010	0.000010	0.000010	0.000010	0.000010	0.000010	0.000010	0.000010	0.000010	0.999890	0.000010	LD_0.9_12_1706
QG4232	0.000010	0.000010	0.000010	0.000010	0.000010	0.000010	0.000010	0.000010	0.000010	0.000010	0.999890	0.000010	LD_0.9_12_1706
QG4233	0.000010	0.000010	0.000010	0.000010	0.000014	0.000013	0.000010	0.000010	0.000010	0.000010	0.999882	0.000010	LD_0.9_12_1706
QG4647	0.000010	0.000010	0.000010	0.000010	0.000010	0.000010	0.000010	0.000010	0.000010	0.000010	0.000010	0.999890	LD_0.9_12_1706
QG4648	0.000010	0.000010	0.991117	0.000010	0.000010	0.000010	0.000010	0.000010	0.000010	0.000010	0.000010	0.008783	LD_0.9_12_1706
QG4683	0.000010	0.000010	0.999890	0.000010	0.000010	0.000010	0.000010	0.000010	0.000010	0.000010	0.000010	0.000010	LD_0.9_12_1706
QG4701	0.000010	0.000010	0.422309	0.000010	0.000010	0.000010	0.000012	0.000010	0.000010	0.000010	0.000010	0.577589	LD_0.9_12_1706
QG4706	0.000010	0.000010	0.999890	0.000010	0.000010	0.000010	0.000010	0.000010	0.000010	0.000010	0.000010	0.000010	LD_0.9_12_1706
QG4718	0.000010	0.000010	0.999890	0.000010	0.000010	0.000010	0.000010	0.000010	0.000010	0.000010	0.000010	0.000010	LD_0.9_12_1706
QG4742	0.000015	0.000010	0.978438	0.000010	0.000010	0.000010	0.000011	0.000010	0.000010	0.000010	0.000010	0.021456	LD_0.9_12_1706
QG4805	0.000010	0.000010	0.000010	0.000010	0.000010	0.000010	0.000010	0.000010	0.000010	0.000010	0.000010	0.999890	LD_0.9_12_1706
QG4847	0.000011	0.000010	0.999879	0.000010	0.000010	0.000010	0.000010	0.000019	0.000010	0.000010	0.000010	0.000010	LD_0.9_12_1706
QG4966	0.000010	0.000010	0.999890	0.000010	0.000010	0.000010	0.000010	0.000010	0.000010	0.000010	0.000010	0.000010	LD_0.9_12_1706
QG5348	0.000010	0.000010	0.999890	0.000010	0.000010	0.000010	0.000010	0.000010	0.000010	0.000010	0.000010	0.000010	LD_0.9_12_1706
QG5406	0.000010	0.000010	0.999890	0.000010	0.000010	0.000010	0.000010	0.000010	0.000010	0.000010	0.000010	0.000010	LD_0.9_12_1706
QG547	0.000010	0.000010	0.000010	0.999884	0.000015	0.000010	0.000010	0.000010	0.000010	0.000010	0.000010	0.000010	LD_0.9_12_1706
QG5474	0.000010	0.000010	0.343812	0.000010	0.000010	0.000010	0.000010	0.000010	0.000010	0.000010	0.000010	0.656088	LD_0.9_12_1706
QG5488	0.000010	0.000010	0.999890	0.000010	0.000010	0.000010	0.000010	0.000010	0.000010	0.000010	0.000010	0.000010	LD_0.9_12_1706
QG550	0.629914	0.000010	0.302779	0.000010	0.000010	0.000010	0.000010	0.010077	0.000010	0.000010	0.000010	0.057151	LD_0.9_12_1706
QG5507	0.000010	0.000010	0.797373	0.000010	0.000010	0.000010	0.000010	0.000010	0.000010	0.000010	0.000010	0.202527	LD_0.9_12_1706
QG5525	0.000010	0.000010	0.999890	0.000010	0.000010	0.000010	0.000010	0.000010	0.000010	0.000010	0.000010	0.000010	LD_0.9_12_1706
QG5589	0.000010	0.000010	0.162289	0.000010	0.000010	0.000010	0.000010	0.000010	0.000010	0.000010	0.000010	0.837611	LD_0.9_12_1706
QG5603	0.000010	0.000010	0.336875	0.000010	0.000010	0.000010	0.000010	0.000010	0.000010	0.000010	0.000010	0.663025	LD_0.9_12_1706
QG5611	0.000010	0.000010	0.996373	0.000010	0.000010	0.000010	0.000010	0.003527	0.000010	0.000010	0.000010	0.000010	LD_0.9_12_1706
QG5612	0.000010	0.000010	0.898165	0.000010	0.000010	0.000010	0.000010	0.101735	0.000010	0.000010	0.000010	0.000010	LD_0.9_12_1706
QG5633	0.000010	0.000010	0.985208	0.000010	0.000010	0.000010	0.000010	0.000010	0.000010	0.000010	0.000010	0.014692	LD_0.9_12_1706
QG581	0.000010	0.000010	0.000010	0.999890	0.000010	0.000010	0.000010	0.000010	0.000010	0.000010	0.000010	0.000010	LD_0.9_12_1706
QG588	0.000010	0.000010	0.000010	0.999876	0.000015	0.000010	0.000010	0.000011	0.000013	0.000010	0.000016	0.000010	LD_0.9_12_1706
QG700	0.000010	0.795050	0.000010	0.000010	0.000010	0.000010	0.000010	0.204850	0.000010	0.000010	0.000010	0.000010	LD_0.9_12_1706
QG727	0.000010	0.999890	0.000010	0.000010	0.000010	0.000010	0.000010	0.000010	0.000010	0.000010	0.000010	0.000010	LD_0.9_12_1706
QG733	0.000010	0.999881	0.000010	0.000010	0.000010	0.000010	0.000010	0.000019	0.000010	0.000010	0.000010	0.000010	LD_0.9_12_1706
QG736	0.000010	0.999890	0.000010	0.000010	0.000010	0.000010	0.000010	0.000010	0.000010	0.000010	0.000010	0.000010	LD_0.9_12_1706
QG737	0.000010	0.999880	0.000010	0.000010	0.000010	0.000010	0.000010	0.000020	0.000010	0.000010	0.000010	0.000010	LD_0.9_12_1706
QG739	0.000010	0.999890	0.000010	0.000010	0.000010	0.000010	0.000010	0.000010	0.000010	0.000010	0.000010	0.000010	LD_0.9_12_1706
QG761	0.000010	0.705277	0.000010	0.000010	0.000010	0.000010	0.000015	0.294617	0.000010	0.000011	0.000010	0.000010	LD_0.9_12_1706
QG763	0.000010	0.938731	0.000010	0.000010	0.000010	0.000010	0.000010	0.061169	0.000010	0.000010	0.000010	0.000010	LD_0.9_12_1706
QG776	0.000010	0.976235	0.000010	0.000010	0.000010	0.000010	0.000010	0.023664	0.000010	0.000010	0.000010	0.000010	LD_0.9_12_1706
QG781	0.000010	0.999890	0.000010	0.000010	0.000010	0.000010	0.000010	0.000010	0.000010	0.000010	0.000010	0.000010	LD_0.9_12_1706
QG784	0.000010	0.999890	0.000010	0.000010	0.000010	0.000010	0.000010	0.000010	0.000010	0.000010	0.000010	0.000010	LD_0.9_12_1706
QG786	0.000010	0.999890	0.000010	0.000010	0.000010	0.000010	0.000010	0.000010	0.000010	0.000010	0.000010	0.000010	LD_0.9_12_1706
QG788	0.000010	0.999890	0.000010	0.000010	0.000010	0.000010	0.000010	0.000010	0.000010	0.000010	0.000010	0.000010	LD_0.9_12_1706
QG790	0.000010	0.999890	0.000010	0.000010	0.000010	0.000010	0.000010	0.000010	0.000010	0.000010	0.000010	0.000010	LD_0.9_12_1706
QG791	0.000010	0.943644	0.056242	0.000017	0.000010	0.000017	0.000010	0.000010	0.000010	0.000010	0.000010	0.000010	LD_0.9_12_1706
QG795	0.000010	0.666488	0.000010	0.000010	0.000010	0.000010	0.000010	0.333412	0.000010	0.000010	0.000010	0.000010	LD_0.9_12_1706
QG797	0.000010	0.999883	0.000010	0.000010	0.000010	0.000010	0.000010	0.000017	0.000010	0.000010	0.000010	0.000010	LD_0.9_12_1706
QG802	0.000010	0.999890	0.000010	0.000010	0.000010	0.000010	0.000010	0.000010	0.000010	0.000010	0.000010	0.000010	LD_0.9_12_1706
QG804	0.000010	0.999890	0.000010	0.000010	0.000010	0.000010	0.000010	0.000010	0.000010	0.000010	0.000010	0.000010	LD_0.9_12_1706
QG806	0.000010	0.999890	0.000010	0.000010	0.000010	0.000010	0.000010	0.000010	0.000010	0.000010	0.000010	0.000010	LD_0.9_12_1706
QG807	0.000010	0.999890	0.000010	0.000010	0.000010	0.000010	0.000010	0.000010	0.000010	0.000010	0.000010	0.000010	LD_0.9_12_1706
QG808	0.000010	0.959583	0.040317	0.000010	0.000010	0.000010	0.000010	0.000010	0.000010	0.000010	0.000010	0.000010	LD_0.9_12_1706
QG809	0.000010	0.999890	0.000010	0.000010	0.000010	0.000010	0.000010	0.000010	0.000010	0.000010	0.000010	0.000010	LD_0.9_12_1706
QG825	0.000010	0.999890	0.000010	0.000010	0.000010	0.000010	0.000010	0.000010	0.000010	0.000010	0.000010	0.000010	LD_0.9_12_1706
QG827	0.000010	0.999890	0.000010	0.000010	0.000010	0.000010	0.000010	0.000010	0.000010	0.000010	0.000010	0.000010	LD_0.9_12_1706
QG828	0.000010	0.999890	0.000010	0.000010	0.000010	0.000010	0.000010	0.000010	0.000010	0.000010	0.000010	0.000010	LD_0.9_12_1706
QG833	0.000010	0.972570	0.027330	0.000010	0.000010	0.000010	0.000010	0.000010	0.000010	0.000010	0.000010	0.000010	LD_0.9_12_1706
QG855	0.000010	0.969493	0.030397	0.000013	0.000010	0.000017	0.000010	0.000010	0.000010	0.000010	0.000010	0.000010	LD_0.9_12_1706
QG856	0.000010	0.999890	0.000010	0.000010	0.000010	0.000010	0.000010	0.000010	0.000010	0.000010	0.000010	0.000010	LD_0.9_12_1706
QG858	0.000010	0.999890	0.000010	0.000010	0.000010	0.000010	0.000010	0.000010	0.000010	0.000010	0.000010	0.000010	LD_0.9_12_1706
QG860	0.000010	0.747406	0.000010	0.000010	0.000010	0.000010	0.000010	0.252494	0.000010	0.000010	0.000010	0.000010	LD_0.9_12_1706
QG864	0.000010	0.999890	0.000010	0.000010	0.000010	0.000010	0.000010	0.000010	0.000010	0.000010	0.000010	0.000010	LD_0.9_12_1706
QG865	0.000010	0.999890	0.000010	0.000010	0.000010	0.000010	0.000010	0.000010	0.000010	0.000010	0.000010	0.000010	LD_0.9_12_1706
QG866	0.000010	0.999890	0.000010	0.000010	0.000010	0.000010	0.000010	0.000010	0.000010	0.000010	0.000010	0.000010	LD_0.9_12_1706
QG868	0.000010	0.926756	0.008131	0.000010	0.000010	0.000010	0.000010	0.065022	0.000010	0.000010	0.000010	0.000010	LD_0.9_12_1706
QG874	0.000010	0.999890	0.000010	0.000010	0.000010	0.000010	0.000010	0.000010	0.000010	0.000010	0.000010	0.000010	LD_0.9_12_1706
QG875	0.000010	0.999890	0.000010	0.000010	0.000010	0.000010	0.000010	0.000010	0.000010	0.000010	0.000010	0.000010	LD_0.9_12_1706
QG878	0.000010	0.999890	0.000010	0.000010	0.000010	0.000010	0.000010	0.000010	0.000010	0.000010	0.000010	0.000010	LD_0.9_12_1706
QG879	0.000010	0.999890	0.000010	0.000010	0.000010	0.000010	0.000010	0.000010	0.000010	0.000010	0.000010	0.000010	LD_0.9_12_1706
QG880	0.000010	0.999890	0.000010	0.000010	0.000010	0.000010	0.000010	0.000010	0.000010	0.000010	0.000010	0.000010	LD_0.9_12_1706
QG881	0.000010	0.709089	0.000010	0.000010	0.000010	0.000010	0.000010	0.290811	0.000010	0.000010	0.000010	0.000010	LD_0.9_12_1706
QG887	0.000010	0.999890	0.000010	0.000010	0.000010	0.000010	0.000010	0.000010	0.000010	0.000010	0.000010	0.000010	LD_0.9_12_1706
QG888	0.000010	0.999890	0.000010	0.000010	0.000010	0.000010	0.000010	0.000010	0.000010	0.000010	0.000010	0.000010	LD_0.9_12_1706
QG926	0.000010	0.999890	0.000010	0.000010	0.000010	0.000010	0.000010	0.000010	0.000010	0.000010	0.000010	0.000010	LD_0.9_12_1706
QG927	0.000010	0.073178	0.926722	0.000010	0.000010	0.000010	0.000010	0.000010	0.000010	0.000010	0.000010	0.000010	LD_0.9_12_1706
QG933	0.000013	0.999885	0.000010	0.000010	0.000010	0.000010	0.000010	0.000012	0.000010	0.000010	0.000010	0.000010	LD_0.9_12_1706
QG937	0.000010	0.999890	0.000010	0.000010	0.000010	0.000010	0.000010	0.000010	0.000010	0.000010	0.000010	0.000010	LD_0.9_12_1706
QG945	0.000010	0.999883	0.000010	0.000010	0.000010	0.000010	0.000010	0.000017	0.000010	0.000010	0.000010	0.000010	LD_0.9_12_1706
QG946	0.000016	0.999868	0.000010	0.000010	0.000010	0.000010	0.000018	0.000018	0.000010	0.000010	0.000010	0.000010	LD_0.9_12_1706
QG947	0.000010	0.999890	0.000010	0.000010	0.000010	0.000010	0.000010	0.000010	0.000010	0.000010	0.000010	0.000010	LD_0.9_12_1706
QG948	0.000010	0.988925	0.010975	0.000010	0.000010	0.000010	0.000010	0.000010	0.000010	0.000010	0.000010	0.000010	LD_0.9_12_1706
QG952	0.000010	0.913680	0.027451	0.000010	0.000010	0.000010	0.000010	0.058779	0.000010	0.000010	0.000010	0.000010	LD_0.9_12_1706
QG978	0.000010	0.867193	0.000010	0.000010	0.000010	0.000010	0.000010	0.132707	0.000010	0.000010	0.000010	0.000010	LD_0.9_12_1706
QG980	0.000010	0.999890	0.000010	0.000010	0.000010	0.000010	0.000010	0.000010	0.000010	0.000010	0.000010	0.000010	LD_0.9_12_1706
QG986	0.000010	0.959765	0.040135	0.000010	0.000010	0.000010	0.000010	0.000010	0.000010	0.000010	0.000010	0.000010	LD_0.9_12_1706
QG991	0.000010	0.999890	0.000010	0.000010	0.000010	0.000010	0.000010	0.000010	0.000010	0.000010	0.000010	0.000010	LD_0.9_12_1706
QG994	0.000010	0.999880	0.000013	0.000010	0.000010	0.000010	0.000010	0.000017	0.000010	0.000010	0.000010	0.000010	LD_0.9_12_1706
QG995	0.000010	0.999890	0.000010	0.000010	0.000010	0.000010	0.000010	0.000010	0.000010	0.000010	0.000010	0.000010	LD_0.9_12_1706
QG997	0.000010	0.999890	0.000010	0.000010	0.000010	0.000010	0.000010	0.000010	0.000010	0.000010	0.000010	0.000010	LD_0.9_12_1706
QG998	0.000010	0.999883	0.000010	0.000010	0.000010	0.000010	0.000010	0.000017	0.000010	0.000010	0.000010	0.000010	LD_0.9_12_1706
QR25	0.000010	0.000010	0.173431	0.326144	0.485326	0.000010	0.000010	0.000010	0.000010	0.015019	0.000010	0.000010	LD_0.9_12_1706
QX1410	0.000010	0.000010	0.387396	0.000010	0.000010	0.000010	0.053181	0.559333	0.000010	0.000010	0.000010	0.000010	LD_0.9_12_1706
QX1547	0.000010	0.000010	0.000010	0.999887	0.000013	0.000010	0.000010	0.000010	0.000010	0.000010	0.000010	0.000010	LD_0.9_12_1706
QX1795	0.000010	0.000010	0.865671	0.000010	0.000010	0.000010	0.000010	0.134229	0.000010	0.000010	0.000010	0.000010	LD_0.9_12_1706
QX1796	0.000010	0.000010	0.999890	0.000010	0.000010	0.000010	0.000010	0.000010	0.000010	0.000010	0.000010	0.000010	LD_0.9_12_1706
QX1798	0.000010	0.000010	0.000010	0.000010	0.000010	0.000010	0.000010	0.000010	0.000010	0.999890	0.000010	0.000010	LD_0.9_12_1706
QX1800	0.000010	0.000010	0.999890	0.000010	0.000010	0.000010	0.000010	0.000010	0.000010	0.000010	0.000010	0.000010	LD_0.9_12_1706
QX1801	0.000010	0.000010	0.999884	0.000010	0.000010	0.000010	0.000010	0.000016	0.000010	0.000010	0.000010	0.000010	LD_0.9_12_1706
QX1802	0.000010	0.000010	0.999890	0.000010	0.000010	0.000010	0.000010	0.000010	0.000010	0.000010	0.000010	0.000010	LD_0.9_12_1706
QX1803	0.000010	0.000010	0.999890	0.000010	0.000010	0.000010	0.000010	0.000010	0.000010	0.000010	0.000010	0.000010	LD_0.9_12_1706
QX1804	0.000010	0.000010	0.999890	0.000010	0.000010	0.000010	0.000010	0.000010	0.000010	0.000010	0.000010	0.000010	LD_0.9_12_1706
SOW18	0.000010	0.000010	0.000010	0.999890	0.000010	0.000010	0.000010	0.000010	0.000010	0.000010	0.000010	0.000010	LD_0.9_12_1706
SOW21	0.000010	0.000010	0.000010	0.999890	0.000010	0.000010	0.000010	0.000010	0.000010	0.000010	0.000010	0.000010	LD_0.9_12_1706
SOW22	0.000010	0.000011	0.000010	0.999881	0.000010	0.000015	0.000010	0.000010	0.000013	0.000010	0.000010	0.000010	LD_0.9_12_1706
TT3408	0.000017	0.000010	0.999883	0.000010	0.000010	0.000010	0.000010	0.000010	0.000010	0.000010	0.000010	0.000010	LD_0.9_12_1706
TT3411	0.000010	0.000010	0.999890	0.000010	0.000010	0.000010	0.000010	0.000010	0.000010	0.000010	0.000010	0.000010	LD_0.9_12_1706
TWN1772	0.000010	0.000010	0.000010	0.000010	0.000010	0.000010	0.000010	0.000010	0.000014	0.999886	0.000010	0.000010	LD_0.9_12_1706
TWN1824	0.000010	0.000011	0.000010	0.000010	0.000010	0.999882	0.000010	0.000010	0.000013	0.000015	0.000010	0.000010	LD_0.9_12_1706
TWN1899	0.000010	0.000010	0.000019	0.000010	0.000010	0.999881	0.000010	0.000010	0.000010	0.000010	0.000010	0.000010	LD_0.9_12_1706
TWN1907	0.000015	0.000010	0.000010	0.000010	0.000016	0.000010	0.000010	0.000010	0.000010	0.999879	0.000010	0.000010	LD_0.9_12_1706
TWN2919	0.000010	0.000010	0.000010	0.000010	0.000010	0.000010	0.000010	0.000010	0.000010	0.999890	0.000010	0.000010	LD_0.9_12_1706
TWN3077	0.000010	0.000010	0.000010	0.000010	0.000010	0.000010	0.000010	0.000010	0.000010	0.999890	0.000010	0.000010	LD_0.9_12_1706
UH1	0.000010	0.000010	0.000010	0.000010	0.000010	0.000010	0.000010	0.000010	0.000010	0.999890	0.000010	0.000010	LD_0.9_12_1706
VSL2201	0.687295	0.000010	0.312605	0.000010	0.000010	0.000010	0.000010	0.000010	0.000010	0.000010	0.000010	0.000010	LD_0.9_12_1706
VSL2207	0.000010	0.000010	0.000010	0.000010	0.000010	0.000010	0.000010	0.000010	0.000010	0.000010	0.999890	0.000010	LD_0.9_12_1706
VSL2209	0.000010	0.000010	0.000010	0.000010	0.000010	0.000010	0.000010	0.000010	0.000010	0.000010	0.999890	0.000010	LD_0.9_12_1706
VSL2210	0.000010	0.000010	0.999890	0.000010	0.000010	0.000010	0.000010	0.000010	0.000010	0.000010	0.000010	0.000010	LD_0.9_12_1706
VSL2212	0.000010	0.000010	0.999886	0.000011	0.000010	0.000010	0.000010	0.000010	0.000012	0.000012	0.000010	0.000010	LD_0.9_12_1706
VSL2213	0.999890	0.000010	0.000010	0.000010	0.000010	0.000010	0.000010	0.000010	0.000010	0.000010	0.000010	0.000010	LD_0.9_12_1706
VSL2215	0.909863	0.000010	0.090037	0.000010	0.000010	0.000010	0.000010	0.000010	0.000010	0.000010	0.000010	0.000010	LD_0.9_12_1706
VSL2216	0.999890	0.000010	0.000010	0.000010	0.000010	0.000010	0.000010	0.000010	0.000010	0.000010	0.000010	0.000010	LD_0.9_12_1706
VSL2217	0.000010	0.000010	0.000010	0.000010	0.000010	0.000010	0.000010	0.000010	0.000010	0.000010	0.000010	0.999890	LD_0.9_12_1706
VSL2219	0.000010	0.000010	0.999881	0.000010	0.000010	0.000010	0.000010	0.000019	0.000010	0.000010	0.000010	0.000010	LD_0.9_12_1706
VT847	0.000010	0.000010	0.934723	0.000010	0.000010	0.000010	0.000010	0.065177	0.000010	0.000010	0.000010	0.000010	LD_0.9_12_1706
VX34	0.000010	0.000010	0.187478	0.233350	0.565446	0.000010	0.000010	0.000010	0.000010	0.013646	0.000010	0.000010	LD_0.9_12_1706
XZ1204	0.476005	0.000010	0.501021	0.000010	0.000010	0.000010	0.000010	0.022884	0.000010	0.000010	0.000010	0.000010	LD_0.9_12_1706
XZ1205	0.999890	0.000010	0.000010	0.000010	0.000010	0.000010	0.000010	0.000010	0.000010	0.000010	0.000010	0.000010	LD_0.9_12_1706
XZ1206	0.999890	0.000010	0.000010	0.000010	0.000010	0.000010	0.000010	0.000010	0.000010	0.000010	0.000010	0.000010	LD_0.9_12_1706
XZ1207	0.008165	0.000010	0.954391	0.000010	0.000010	0.000010	0.000010	0.037354	0.000010	0.000010	0.000010	0.000010	LD_0.9_12_1706
XZ1210	0.000010	0.000010	0.954028	0.000010	0.000010	0.000010	0.000010	0.045872	0.000010	0.000010	0.000010	0.000010	LD_0.9_12_1706
XZ1212	0.000010	0.000010	0.934820	0.000010	0.000010	0.000010	0.000010	0.065080	0.000010	0.000010	0.000010	0.000010	LD_0.9_12_1706
XZ1213	0.000011	0.000010	0.999889	0.000010	0.000010	0.000010	0.000010	0.000010	0.000010	0.000010	0.000010	0.000010	LD_0.9_12_1706
XZ1731	0.000010	0.000010	0.960584	0.000010	0.000010	0.000010	0.000010	0.039316	0.000010	0.000010	0.000010	0.000010	LD_0.9_12_1706
XZ1732	0.000010	0.000010	0.841111	0.000010	0.000010	0.000010	0.000010	0.158789	0.000010	0.000010	0.000010	0.000010	LD_0.9_12_1706
ZZY0992	0.000010	0.000010	0.000010	0.000010	0.000010	0.000010	0.000010	0.000010	0.000010	0.000010	0.000010	0.999890	LD_0.9_12_1706
ZZY1034	0.000010	0.000010	0.999890	0.000010	0.000010	0.000010	0.000010	0.000010	0.000010	0.000010	0.000010	0.000010	LD_0.9_12_1706
ZZY1075	0.000010	0.000010	0.999890	0.000010	0.000010	0.000010	0.000010	0.000010	0.000010	0.000010	0.000010	0.000010	LD_0.9_12_1706
ZZY1123	0.000010	0.000010	0.000010	0.000010	0.000010	0.000010	0.000010	0.000010	0.000010	0.000010	0.000010	0.999890	LD_0.9_12_1706
ZZY1130	0.000010	0.000010	0.999890	0.000010	0.000010	0.000010	0.000010	0.000010	0.000010	0.000010	0.000010	0.000010	LD_0.9_12_1706
ZZY405	0.000010	0.000010	0.999890	0.000010	0.000010	0.000010	0.000010	0.000010	0.000010	0.000010	0.000010	0.000010	LD_0.9_12_1706
AF16	0.000010	0.000010	0.000010	0.000010	0.000010	0.000010	0.000010	0.000010	0.000010	0.999890	0.000010	0.000010	LD_0.9_12_1807
BRC20069	0.000010	0.000010	0.000010	0.000010	0.000010	0.000010	0.000010	0.000010	0.000010	0.999890	0.000010	0.000010	LD_0.9_12_1807
BRC20073	0.010902	0.000010	0.000010	0.000010	0.000010	0.000010	0.000010	0.000010	0.000010	0.988998	0.000010	0.000010	LD_0.9_12_1807
BRC20075	0.000010	0.000010	0.000010	0.000010	0.000010	0.000010	0.000010	0.000010	0.000010	0.000010	0.999890	0.000010	LD_0.9_12_1807
BRC20077	0.000010	0.000010	0.000010	0.000010	0.000010	0.000010	0.000010	0.000010	0.000010	0.999890	0.000010	0.000010	LD_0.9_12_1807
BRC20081	0.000010	0.000010	0.000010	0.000010	0.000010	0.000010	0.999890	0.000010	0.000010	0.000010	0.000010	0.000010	LD_0.9_12_1807
BRC20085	0.000010	0.526045	0.059037	0.000010	0.000010	0.108378	0.000010	0.000010	0.000010	0.306459	0.000010	0.000010	LD_0.9_12_1807
BRC20088	0.000010	0.000010	0.000010	0.000010	0.000010	0.000010	0.999890	0.000010	0.000010	0.000010	0.000010	0.000010	LD_0.9_12_1807
BRC20089	0.000010	0.000010	0.000010	0.000010	0.000010	0.000010	0.000010	0.000010	0.000010	0.999890	0.000010	0.000010	LD_0.9_12_1807
BRC20090	0.000010	0.021711	0.002749	0.000010	0.000010	0.043513	0.000010	0.000010	0.000010	0.931947	0.000010	0.000010	LD_0.9_12_1807
BRC20092	0.000010	0.654840	0.063202	0.000010	0.000010	0.000010	0.000010	0.064933	0.000010	0.216945	0.000010	0.000010	LD_0.9_12_1807
BRC20093	0.000010	0.000010	0.000010	0.000010	0.000010	0.000010	0.000010	0.000010	0.000010	0.999890	0.000010	0.000010	LD_0.9_12_1807
BRC20094	0.000010	0.647896	0.020778	0.000010	0.000010	0.042744	0.000010	0.076890	0.000010	0.211622	0.000010	0.000010	LD_0.9_12_1807
BRC20095	0.012790	0.000010	0.000010	0.000010	0.000010	0.000010	0.000010	0.000010	0.000010	0.987110	0.000010	0.000010	LD_0.9_12_1807
BRC20096	0.000010	0.000010	0.000010	0.000010	0.000010	0.000010	0.000010	0.000010	0.000010	0.999890	0.000010	0.000010	LD_0.9_12_1807
BRC20098	0.000010	0.000010	0.000010	0.000010	0.000010	0.000010	0.000010	0.000010	0.000010	0.999890	0.000010	0.000010	LD_0.9_12_1807
BRC20099	0.018245	0.000010	0.000010	0.000010	0.000010	0.000010	0.000010	0.000010	0.000010	0.981655	0.000010	0.000010	LD_0.9_12_1807
BRC20100	0.000010	0.000010	0.000010	0.000010	0.000010	0.000010	0.000010	0.000010	0.000010	0.999890	0.000010	0.000010	LD_0.9_12_1807
BRC20102	0.000010	0.000010	0.000010	0.000010	0.000010	0.000010	0.000010	0.000010	0.000010	0.999890	0.000010	0.000010	LD_0.9_12_1807
BRC20103	0.000010	0.000010	0.000010	0.000010	0.000010	0.000010	0.000010	0.000010	0.000010	0.999890	0.000010	0.000010	LD_0.9_12_1807
BRC20105	0.000010	0.648095	0.038080	0.000010	0.000010	0.106592	0.000010	0.000010	0.000010	0.207153	0.000010	0.000010	LD_0.9_12_1807
BRC20107	0.052505	0.610265	0.003489	0.000010	0.000010	0.106587	0.000010	0.062054	0.000010	0.165038	0.000010	0.000010	LD_0.9_12_1807
BRC20115	0.000010	0.000010	0.000010	0.000010	0.000013	0.000010	0.204466	0.000010	0.009110	0.140937	0.645404	0.000010	LD_0.9_12_1807
BRC20119	0.000010	0.000010	0.000010	0.000010	0.000010	0.718644	0.000010	0.000010	0.000010	0.281256	0.000010	0.000010	LD_0.9_12_1807
BRC20228	0.000010	0.000010	0.000010	0.000010	0.000010	0.000010	0.000010	0.000010	0.000010	0.999890	0.000010	0.000010	LD_0.9_12_1807
BRC20229	0.000010	0.000010	0.000010	0.000010	0.000010	0.000010	0.000010	0.000010	0.000010	0.000010	0.999890	0.000010	LD_0.9_12_1807
BRC20230	0.000010	0.000010	0.000010	0.000010	0.000010	0.000010	0.999890	0.000010	0.000010	0.000010	0.000010	0.000010	LD_0.9_12_1807
BRC20232	0.000010	0.000010	0.000010	0.000011	0.000010	0.000010	0.000010	0.000010	0.000010	0.000010	0.999889	0.000010	LD_0.9_12_1807
BRC20238	0.000010	0.000010	0.000010	0.000010	0.000010	0.000010	0.999890	0.000010	0.000010	0.000010	0.000010	0.000010	LD_0.9_12_1807
BRC20239	0.000010	0.000010	0.000010	0.000010	0.000010	0.000010	0.000010	0.000010	0.000010	0.000010	0.999890	0.000010	LD_0.9_12_1807
BRC20241	0.000010	0.000010	0.000010	0.000010	0.000010	0.069257	0.000010	0.000010	0.000010	0.930643	0.000010	0.000010	LD_0.9_12_1807
BRC20242	0.000010	0.000010	0.000010	0.000010	0.000010	0.000010	0.000010	0.000010	0.000010	0.999890	0.000010	0.000010	LD_0.9_12_1807
BRC20244	0.000017	0.000010	0.000010	0.000010	0.000010	0.000010	0.999883	0.000010	0.000010	0.000010	0.000010	0.000010	LD_0.9_12_1807
BRC20246	0.000010	0.000010	0.000010	0.000010	0.000010	0.000010	0.999890	0.000010	0.000010	0.000010	0.000010	0.000010	LD_0.9_12_1807
BRC20257	0.000010	0.000010	0.000010	0.000010	0.000010	0.999890	0.000010	0.000010	0.000010	0.000010	0.000010	0.000010	LD_0.9_12_1807
BRC20260	0.000010	0.000010	0.000010	0.000010	0.000010	0.000010	0.000010	0.000010	0.000010	0.999890	0.000010	0.000010	LD_0.9_12_1807
BRC20270	0.000010	0.000010	0.000010	0.000010	0.000010	0.000010	0.999890	0.000010	0.000010	0.000010	0.000010	0.000010	LD_0.9_12_1807
BRC20272	0.000010	0.000010	0.000010	0.000010	0.000010	0.000010	0.999890	0.000010	0.000010	0.000010	0.000010	0.000010	LD_0.9_12_1807
BRC20289	0.000010	0.000010	0.000010	0.000010	0.000010	0.000010	0.999890	0.000010	0.000010	0.000010	0.000010	0.000010	LD_0.9_12_1807
BRC20290	0.000010	0.000010	0.000010	0.000010	0.000010	0.000010	0.999890	0.000010	0.000010	0.000010	0.000010	0.000010	LD_0.9_12_1807
BRC20294	0.000010	0.000010	0.000010	0.000010	0.000010	0.000010	0.000010	0.000010	0.000010	0.999890	0.000010	0.000010	LD_0.9_12_1807
BRC20308	0.000010	0.000010	0.000010	0.000010	0.000010	0.000010	0.999890	0.000010	0.000010	0.000010	0.000010	0.000010	LD_0.9_12_1807
BRC20309	0.000010	0.000010	0.000010	0.000010	0.000010	0.000010	0.999890	0.000010	0.000010	0.000010	0.000010	0.000010	LD_0.9_12_1807
BRC20311	0.000010	0.000010	0.000010	0.000010	0.000010	0.000010	0.999890	0.000010	0.000010	0.000010	0.000010	0.000010	LD_0.9_12_1807
BRC20312	0.000010	0.000010	0.000010	0.000010	0.000010	0.000010	0.999890	0.000010	0.000010	0.000010	0.000010	0.000010	LD_0.9_12_1807
BRC20315	0.000010	0.000010	0.000010	0.000010	0.000010	0.000010	0.999890	0.000010	0.000010	0.000010	0.000010	0.000010	LD_0.9_12_1807
BRC20320	0.000010	0.000010	0.000010	0.000010	0.000010	0.000010	0.999890	0.000010	0.000010	0.000010	0.000010	0.000010	LD_0.9_12_1807
BRC20324	0.000010	0.000010	0.000012	0.000010	0.000010	0.000010	0.000010	0.010822	0.000010	0.381420	0.607665	0.000010	LD_0.9_12_1807
BRC20331	0.000010	0.000010	0.000010	0.000010	0.000010	0.000010	0.999890	0.000010	0.000010	0.000010	0.000010	0.000010	LD_0.9_12_1807
BRC20333	0.000010	0.000010	0.000010	0.000010	0.000010	0.000010	0.999890	0.000010	0.000010	0.000010	0.000010	0.000010	LD_0.9_12_1807
BRC20334	0.000010	0.000010	0.000010	0.000010	0.000010	0.000010	0.999890	0.000010	0.000010	0.000010	0.000010	0.000010	LD_0.9_12_1807
BRC20339	0.000010	0.000010	0.000010	0.000010	0.000010	0.000010	0.999890	0.000010	0.000010	0.000010	0.000010	0.000010	LD_0.9_12_1807
BRC20341	0.000010	0.000010	0.000010	0.000010	0.000010	0.000010	0.999890	0.000010	0.000010	0.000010	0.000010	0.000010	LD_0.9_12_1807
BRC20343	0.000010	0.000010	0.000010	0.000010	0.000010	0.000010	0.000010	0.000010	0.000010	0.000010	0.999890	0.000010	LD_0.9_12_1807
BRC20346	0.000010	0.000010	0.000010	0.000010	0.000010	0.000010	0.999890	0.000010	0.000010	0.000010	0.000010	0.000010	LD_0.9_12_1807
BRC20347	0.000010	0.000010	0.000010	0.000010	0.000010	0.000010	0.000010	0.000010	0.000010	0.000010	0.999890	0.000010	LD_0.9_12_1807
BRC20348	0.000010	0.000010	0.000010	0.000010	0.000010	0.000010	0.999890	0.000010	0.000010	0.000010	0.000010	0.000010	LD_0.9_12_1807
BRC20353	0.000010	0.999883	0.000010	0.000010	0.000010	0.000011	0.000010	0.000010	0.000010	0.000015	0.000010	0.000010	LD_0.9_12_1807
BRC20360	0.000010	0.999890	0.000010	0.000010	0.000010	0.000010	0.000010	0.000010	0.000010	0.000010	0.000010	0.000010	LD_0.9_12_1807
BRC20361	0.000010	0.999890	0.000010	0.000010	0.000010	0.000010	0.000010	0.000010	0.000010	0.000010	0.000010	0.000010	LD_0.9_12_1807
BRC20362	0.000010	0.999890	0.000010	0.000010	0.000010	0.000010	0.000010	0.000010	0.000010	0.000010	0.000010	0.000010	LD_0.9_12_1807
BRC20366	0.000010	0.000010	0.000010	0.000010	0.000010	0.000010	0.999883	0.000010	0.000010	0.000017	0.000010	0.000010	LD_0.9_12_1807
BRC20367	0.000010	0.000010	0.000010	0.000010	0.000010	0.000010	0.999890	0.000010	0.000010	0.000010	0.000010	0.000010	LD_0.9_12_1807
BRC20369	0.000010	0.000010	0.000010	0.000010	0.000010	0.000010	0.000010	0.000010	0.000010	0.999890	0.000010	0.000010	LD_0.9_12_1807
BRC20370	0.000010	0.000010	0.000010	0.000010	0.000010	0.000010	0.999890	0.000010	0.000010	0.000010	0.000010	0.000010	LD_0.9_12_1807
BRC20388	0.000010	0.000010	0.000010	0.000010	0.000010	0.000010	0.000010	0.000010	0.999890	0.000010	0.000010	0.000010	LD_0.9_12_1807
BRC20390	0.000010	0.000010	0.000010	0.000010	0.000010	0.000010	0.999890	0.000010	0.000010	0.000010	0.000010	0.000010	LD_0.9_12_1807
BRC20401	0.000010	0.000010	0.000010	0.000010	0.000010	0.000010	0.000010	0.000010	0.000010	0.999890	0.000010	0.000010	LD_0.9_12_1807
BRC20463	0.000010	0.000019	0.000010	0.000010	0.000010	0.000010	0.999870	0.000015	0.000016	0.000010	0.000010	0.000010	LD_0.9_12_1807
BRC20492	0.000010	0.000010	0.000010	0.000010	0.000010	0.000010	0.214669	0.000010	0.000010	0.143895	0.641346	0.000010	LD_0.9_12_1807
BRC20499	0.000010	0.000010	0.000010	0.000010	0.000010	0.000010	0.999890	0.000010	0.000010	0.000010	0.000010	0.000010	LD_0.9_12_1807
BRC20501	0.000010	0.000010	0.000010	0.000010	0.000010	0.000010	0.999890	0.000010	0.000010	0.000010	0.000010	0.000010	LD_0.9_12_1807
BRC20502	0.000010	0.000010	0.000010	0.000010	0.000010	0.000010	0.000010	0.000010	0.000010	0.000010	0.000010	0.999890	LD_0.9_12_1807
BRC20503	0.000010	0.000010	0.000010	0.000010	0.000010	0.000010	0.000010	0.000010	0.000010	0.000010	0.000010	0.999890	LD_0.9_12_1807
BRC20519	0.000010	0.000011	0.000018	0.000010	0.000010	0.000012	0.203767	0.000010	0.008547	0.146854	0.640740	0.000010	LD_0.9_12_1807
BRC20520	0.000010	0.000010	0.000018	0.000010	0.000010	0.000010	0.211713	0.000010	0.000010	0.146750	0.641439	0.000010	LD_0.9_12_1807
BRC20522	0.000010	0.000012	0.000010	0.000010	0.000010	0.000010	0.000010	0.000010	0.000011	0.000010	0.999887	0.000010	LD_0.9_12_1807
BRC20524	0.000010	0.000011	0.000010	0.000010	0.000010	0.000010	0.000010	0.000010	0.000010	0.000010	0.999889	0.000010	LD_0.9_12_1807
BRC20529	0.000010	0.000010	0.000010	0.000010	0.000010	0.000010	0.999890	0.000010	0.000010	0.000010	0.000010	0.000010	LD_0.9_12_1807
BRC20530	0.000010	0.000010	0.000010	0.000010	0.000010	0.000010	0.000010	0.000010	0.000010	0.000010	0.999890	0.000010	LD_0.9_12_1807
BRC20531	0.000010	0.000012	0.000010	0.000011	0.000010	0.000010	0.000010	0.000010	0.000011	0.000010	0.999887	0.000010	LD_0.9_12_1807
BRC20532	0.000010	0.000010	0.000010	0.000010	0.000010	0.000010	0.999890	0.000010	0.000010	0.000010	0.000010	0.000010	LD_0.9_12_1807
BRC20533	0.000010	0.000010	0.000010	0.000010	0.000010	0.000010	0.999890	0.000010	0.000010	0.000010	0.000010	0.000010	LD_0.9_12_1807
BRC20534	0.000010	0.000010	0.000010	0.000010	0.000010	0.000010	0.999890	0.000010	0.000010	0.000010	0.000010	0.000010	LD_0.9_12_1807
BRC20535	0.000010	0.000016	0.000010	0.000010	0.000010	0.000010	0.999884	0.000010	0.000010	0.000010	0.000010	0.000010	LD_0.9_12_1807
BRC20536	0.000010	0.000010	0.000010	0.000010	0.000010	0.000010	0.999890	0.000010	0.000010	0.000010	0.000010	0.000010	LD_0.9_12_1807
BRC20537	0.000010	0.000010	0.000010	0.000010	0.000010	0.000010	0.999888	0.000010	0.000010	0.000012	0.000010	0.000010	LD_0.9_12_1807
BRC20541	0.000010	0.000010	0.000010	0.000010	0.000010	0.000010	0.194051	0.000010	0.017761	0.153427	0.634681	0.000010	LD_0.9_12_1807
BRC20543	0.000010	0.000010	0.000010	0.000010	0.000010	0.000010	0.999890	0.000010	0.000010	0.000010	0.000010	0.000010	LD_0.9_12_1807
BRC20544	0.000010	0.000010	0.000010	0.000010	0.000010	0.000010	0.999890	0.000010	0.000010	0.000010	0.000010	0.000010	LD_0.9_12_1807
BRC20545	0.000010	0.000010	0.000010	0.000010	0.000010	0.000010	0.999890	0.000010	0.000010	0.000010	0.000010	0.000010	LD_0.9_12_1807
BRC20556	0.000010	0.000010	0.000010	0.000010	0.000010	0.000010	0.000010	0.000010	0.000010	0.999890	0.000010	0.000010	LD_0.9_12_1807
BRC20557	0.000010	0.000010	0.000010	0.000010	0.000010	0.000010	0.999890	0.000010	0.000010	0.000010	0.000010	0.000010	LD_0.9_12_1807
BRC20565	0.000010	0.000010	0.000010	0.000010	0.000010	0.000010	0.000010	0.000010	0.000010	0.999890	0.000010	0.000010	LD_0.9_12_1807
BRC20571	0.023786	0.015595	0.000010	0.000010	0.000010	0.029675	0.000010	0.000010	0.000010	0.930865	0.000010	0.000010	LD_0.9_12_1807
BRC20574	0.000010	0.000010	0.000010	0.000010	0.000010	0.000010	0.000010	0.000010	0.000010	0.999890	0.000010	0.000010	LD_0.9_12_1807
BW287	0.000010	0.000010	0.000010	0.000010	0.000010	0.000010	0.000010	0.000010	0.999888	0.000010	0.000012	0.000010	LD_0.9_12_1807
DF5100	0.076301	0.000010	0.000010	0.000010	0.000010	0.000010	0.000010	0.599073	0.000010	0.324535	0.000010	0.000010	LD_0.9_12_1807
ECA1129	0.000010	0.000010	0.000010	0.000010	0.000010	0.000010	0.000010	0.000010	0.000010	0.999890	0.000010	0.000010	LD_0.9_12_1807
ECA1143	0.284699	0.000010	0.000010	0.000010	0.000010	0.000010	0.000010	0.000010	0.000010	0.715201	0.000010	0.000010	LD_0.9_12_1807
ECA1147	0.000010	0.000010	0.000010	0.000010	0.000010	0.000010	0.000010	0.000010	0.000010	0.999890	0.000010	0.000010	LD_0.9_12_1807
ECA1149	0.000010	0.000010	0.000010	0.000010	0.000010	0.000010	0.041833	0.000010	0.000010	0.958067	0.000010	0.000010	LD_0.9_12_1807
ECA1160	0.000010	0.000010	0.000010	0.000010	0.000010	0.000010	0.000010	0.000010	0.000010	0.999890	0.000010	0.000010	LD_0.9_12_1807
ECA1164	0.000010	0.000010	0.000010	0.000010	0.000010	0.000010	0.000010	0.000010	0.000010	0.999890	0.000010	0.000010	LD_0.9_12_1807
ECA1170	0.000010	0.000010	0.000010	0.000010	0.000010	0.000010	0.999890	0.000010	0.000010	0.000010	0.000010	0.000010	LD_0.9_12_1807
ECA1174	0.000010	0.000010	0.000010	0.000010	0.000010	0.000010	0.000010	0.000010	0.000010	0.999890	0.000010	0.000010	LD_0.9_12_1807
ECA1383	0.000010	0.000010	0.000010	0.000010	0.000010	0.000010	0.999887	0.000010	0.000010	0.000013	0.000010	0.000010	LD_0.9_12_1807
ECA1411	0.000010	0.000010	0.000010	0.000010	0.000010	0.000010	0.000010	0.000013	0.000010	0.999887	0.000010	0.000010	LD_0.9_12_1807
ECA1423	0.007940	0.000010	0.000010	0.000010	0.000010	0.000010	0.000010	0.000010	0.000010	0.991960	0.000010	0.000010	LD_0.9_12_1807
ECA1429	0.000010	0.000010	0.000010	0.000010	0.000010	0.000010	0.000010	0.000010	0.000010	0.999890	0.000010	0.000010	LD_0.9_12_1807
ECA1431	0.000010	0.000010	0.000010	0.000010	0.000010	0.000012	0.000010	0.000010	0.000010	0.999888	0.000010	0.000010	LD_0.9_12_1807
ECA1437	0.000010	0.000010	0.000010	0.000010	0.000010	0.000010	0.000010	0.000010	0.000010	0.999890	0.000010	0.000010	LD_0.9_12_1807
ECA1439	0.000010	0.000010	0.000010	0.000010	0.000010	0.000010	0.000010	0.263185	0.000010	0.736715	0.000010	0.000010	LD_0.9_12_1807
ECA1443	0.000010	0.000010	0.000010	0.000010	0.000010	0.000010	0.942053	0.000010	0.000010	0.057847	0.000010	0.000010	LD_0.9_12_1807
ECA1471	0.000010	0.000010	0.000010	0.000010	0.000010	0.000010	0.000010	0.000010	0.000010	0.999890	0.000010	0.000010	LD_0.9_12_1807
ECA1489	0.331376	0.000010	0.001164	0.000010	0.000010	0.000010	0.000010	0.000010	0.000010	0.667370	0.000010	0.000010	LD_0.9_12_1807
ECA1507	0.000010	0.000010	0.000010	0.000010	0.000010	0.000010	0.000010	0.000014	0.000010	0.999886	0.000010	0.000010	LD_0.9_12_1807
ECA1509	0.000010	0.000010	0.000010	0.000010	0.000010	0.000010	0.000010	0.000010	0.000010	0.999890	0.000010	0.000010	LD_0.9_12_1807
ECA1517	0.045894	0.000010	0.000010	0.000010	0.000010	0.000010	0.000010	0.000010	0.000010	0.954006	0.000010	0.000010	LD_0.9_12_1807
ECA1521	0.000010	0.000010	0.000010	0.000010	0.000010	0.000010	0.000010	0.057537	0.000010	0.942363	0.000010	0.000010	LD_0.9_12_1807
ECA1555	0.000010	0.000010	0.000010	0.000010	0.000010	0.000010	0.000010	0.000010	0.000010	0.999890	0.000010	0.000010	LD_0.9_12_1807
ECA1559	0.000010	0.000010	0.000010	0.000010	0.000010	0.000010	0.999890	0.000010	0.000010	0.000010	0.000010	0.000010	LD_0.9_12_1807
ECA1563	0.000010	0.000010	0.000010	0.000010	0.000010	0.000010	0.000010	0.000010	0.000010	0.999890	0.000010	0.000010	LD_0.9_12_1807
ECA1571	0.311338	0.000010	0.000010	0.000010	0.000010	0.000010	0.000010	0.000010	0.000010	0.688562	0.000010	0.000010	LD_0.9_12_1807
ECA1587	0.000010	0.000010	0.000010	0.000010	0.000010	0.000010	0.000010	0.000010	0.000010	0.999890	0.000010	0.000010	LD_0.9_12_1807
ECA1605	0.060556	0.000010	0.010151	0.000010	0.000010	0.006483	0.871666	0.000010	0.000010	0.051074	0.000010	0.000010	LD_0.9_12_1807
ECA1609	0.000010	0.000010	0.000010	0.000010	0.000010	0.000010	0.000010	0.000010	0.000010	0.999890	0.000010	0.000010	LD_0.9_12_1807
ECA161	0.000010	0.000010	0.000010	0.000010	0.000010	0.000010	0.000010	0.000010	0.000010	0.999890	0.000010	0.000010	LD_0.9_12_1807
ECA1611	0.000010	0.000010	0.000010	0.000010	0.000010	0.000010	0.000010	0.000010	0.000010	0.999890	0.000010	0.000010	LD_0.9_12_1807
ECA1615	0.000010	0.000010	0.000010	0.000010	0.000010	0.000010	0.000010	0.000010	0.000010	0.999890	0.000010	0.000010	LD_0.9_12_1807
ECA162	0.000010	0.000010	0.000010	0.000010	0.000010	0.000010	0.000010	0.000010	0.000010	0.999890	0.000010	0.000010	LD_0.9_12_1807
ECA1621	0.000010	0.000010	0.000010	0.000010	0.000010	0.000010	0.000010	0.000010	0.000010	0.999890	0.000010	0.000010	LD_0.9_12_1807
ECA163	0.000010	0.000017	0.000010	0.000010	0.000010	0.000010	0.000010	0.000010	0.000010	0.000010	0.000010	0.999883	LD_0.9_12_1807
ECA1637	0.000010	0.000010	0.000010	0.000010	0.000010	0.000010	0.000010	0.000010	0.000010	0.999890	0.000010	0.000010	LD_0.9_12_1807
ECA1657	0.000010	0.000010	0.000010	0.000010	0.000010	0.000010	0.000010	0.060359	0.000010	0.939541	0.000010	0.000010	LD_0.9_12_1807
ECA1701	0.000010	0.012240	0.019724	0.000010	0.000010	0.000010	0.000010	0.000010	0.000010	0.967946	0.000010	0.000010	LD_0.9_12_1807
ECA175	0.000010	0.000010	0.000010	0.000010	0.000010	0.000010	0.000010	0.000010	0.000010	0.999890	0.000010	0.000010	LD_0.9_12_1807
ECA176	0.022096	0.000010	0.000010	0.000010	0.000010	0.000010	0.000010	0.000010	0.000010	0.977804	0.000010	0.000010	LD_0.9_12_1807
ECA177	0.000010	0.000010	0.000010	0.000010	0.000010	0.000010	0.000010	0.000010	0.000010	0.999890	0.000010	0.000010	LD_0.9_12_1807
ECA180	0.000010	0.000010	0.000010	0.000010	0.000010	0.000010	0.000010	0.000010	0.000010	0.999890	0.000010	0.000010	LD_0.9_12_1807
ECA182	0.000010	0.000010	0.000010	0.000010	0.000010	0.000010	0.000010	0.000010	0.000010	0.999890	0.000010	0.000010	LD_0.9_12_1807
ECA183	0.000010	0.000010	0.000010	0.000010	0.000010	0.000010	0.000010	0.000010	0.000010	0.999890	0.000010	0.000010	LD_0.9_12_1807
ECA185	0.010546	0.000010	0.000010	0.000010	0.000010	0.000010	0.000010	0.044007	0.000010	0.945357	0.000010	0.000010	LD_0.9_12_1807
ECA186	0.000010	0.000010	0.000010	0.000010	0.000010	0.000010	0.000010	0.164483	0.000010	0.835417	0.000010	0.000010	LD_0.9_12_1807
ECA2083	0.000010	0.000010	0.000010	0.000010	0.000010	0.000010	0.000010	0.042697	0.000010	0.957203	0.000010	0.000010	LD_0.9_12_1807
ECA2093	0.000014	0.000010	0.000010	0.000010	0.000010	0.000010	0.000010	0.000010	0.000010	0.999886	0.000010	0.000010	LD_0.9_12_1807
ECA2115	0.000010	0.000010	0.000010	0.000010	0.000010	0.000010	0.000010	0.000010	0.000010	0.999890	0.000010	0.000010	LD_0.9_12_1807
ECA2299	0.000012	0.000010	0.000010	0.000010	0.000010	0.000011	0.999888	0.000010	0.000010	0.000010	0.000010	0.000010	LD_0.9_12_1807
ECA2373	0.000010	0.009178	0.040693	0.000010	0.000010	0.000010	0.000010	0.000010	0.000010	0.950039	0.000010	0.000010	LD_0.9_12_1807
ECA2385	0.000010	0.000010	0.000010	0.000010	0.000010	0.000010	0.999890	0.000010	0.000010	0.000010	0.000010	0.000010	LD_0.9_12_1807
ECA2425	0.000010	0.000010	0.000010	0.000010	0.000010	0.000010	0.000010	0.000010	0.000010	0.999890	0.000010	0.000010	LD_0.9_12_1807
ECA2617	0.000010	0.000010	0.000010	0.000010	0.999890	0.000010	0.000010	0.000010	0.000010	0.000010	0.000010	0.000010	LD_0.9_12_1807
ECA2618	0.000010	0.000010	0.000010	0.000010	0.999879	0.000013	0.000010	0.000010	0.000010	0.000010	0.000018	0.000010	LD_0.9_12_1807
ECA2621	0.000010	0.000010	0.000010	0.000010	0.999890	0.000010	0.000010	0.000010	0.000010	0.000010	0.000010	0.000010	LD_0.9_12_1807
ECA2623	0.000010	0.000010	0.000010	0.000010	0.000010	0.000010	0.000010	0.999890	0.000010	0.000010	0.000010	0.000010	LD_0.9_12_1807
ECA2625	0.000010	0.000010	0.000010	0.000010	0.000010	0.000010	0.000010	0.000016	0.000010	0.999884	0.000010	0.000010	LD_0.9_12_1807
ECA2626	0.000010	0.000010	0.000010	0.000010	0.000010	0.000010	0.000010	0.000010	0.000010	0.999890	0.000010	0.000010	LD_0.9_12_1807
ECA2636	0.000010	0.000010	0.000010	0.000010	0.000010	0.000010	0.000010	0.000010	0.000010	0.999890	0.000010	0.000010	LD_0.9_12_1807
ECA2637	0.000010	0.000010	0.000010	0.000010	0.000010	0.000010	0.000010	0.087649	0.000010	0.912251	0.000010	0.000010	LD_0.9_12_1807
ECA2639	0.000010	0.000010	0.000010	0.000010	0.999890	0.000010	0.000010	0.000010	0.000010	0.000010	0.000010	0.000010	LD_0.9_12_1807
ECA2645	0.000010	0.000010	0.000010	0.000010	0.000010	0.000010	0.000010	0.000010	0.000010	0.999890	0.000010	0.000010	LD_0.9_12_1807
ECA2647	0.000010	0.000010	0.000010	0.000010	0.999890	0.000010	0.000010	0.000010	0.000010	0.000010	0.000010	0.000010	LD_0.9_12_1807
ECA2663	0.000010	0.000010	0.000010	0.000010	0.000010	0.000010	0.000010	0.000010	0.000010	0.999890	0.000010	0.000010	LD_0.9_12_1807
ECA2664	0.045098	0.000010	0.000010	0.000010	0.000010	0.000010	0.000010	0.954802	0.000010	0.000010	0.000010	0.000010	LD_0.9_12_1807
ECA2666	0.000010	0.000010	0.000010	0.000010	0.999890	0.000010	0.000010	0.000010	0.000010	0.000010	0.000010	0.000010	LD_0.9_12_1807
ECA2667	0.000010	0.000010	0.000010	0.000010	0.000010	0.000010	0.000010	0.000010	0.000010	0.999890	0.000010	0.000010	LD_0.9_12_1807
ECA2670	0.000010	0.000010	0.000010	0.000010	0.999890	0.000010	0.000010	0.000010	0.000010	0.000010	0.000010	0.000010	LD_0.9_12_1807
ECA276	0.000010	0.000010	0.000010	0.000010	0.000010	0.000010	0.000010	0.000010	0.000010	0.000010	0.000010	0.999890	LD_0.9_12_1807
ECA278	0.000010	0.000010	0.000010	0.000015	0.000020	0.000010	0.000010	0.000010	0.999876	0.000010	0.000010	0.000010	LD_0.9_12_1807
ECA2808	0.000010	0.000010	0.000010	0.000010	0.000010	0.000010	0.000010	0.237729	0.000010	0.762171	0.000010	0.000010	LD_0.9_12_1807
ECA287	0.000010	0.000010	0.000010	0.000010	0.000010	0.000010	0.988777	0.000010	0.000010	0.011123	0.000010	0.000010	LD_0.9_12_1807
ECA288	0.000010	0.000010	0.000010	0.000010	0.000010	0.000010	0.096787	0.903113	0.000010	0.000010	0.000010	0.000010	LD_0.9_12_1807
ECA2883	0.000010	0.000010	0.000010	0.000010	0.000010	0.000010	0.000010	0.000010	0.000010	0.999890	0.000010	0.000010	LD_0.9_12_1807
ECA2890	0.000010	0.000010	0.000010	0.000010	0.000010	0.000010	0.000010	0.000010	0.000010	0.999890	0.000010	0.000010	LD_0.9_12_1807
ECA2894	0.000010	0.000010	0.000010	0.000010	0.000010	0.000010	0.000010	0.151156	0.000010	0.848744	0.000010	0.000010	LD_0.9_12_1807
ECA2936	0.000010	0.000010	0.000010	0.000010	0.000010	0.000010	0.999890	0.000010	0.000010	0.000010	0.000010	0.000010	LD_0.9_12_1807
ECA2975	0.000010	0.000010	0.000010	0.000010	0.000010	0.000010	0.000010	0.000010	0.000010	0.999890	0.000010	0.000010	LD_0.9_12_1807
ECA3091	0.000010	0.000010	0.000010	0.000010	0.000010	0.000010	0.000010	0.000010	0.000010	0.999890	0.000010	0.000010	LD_0.9_12_1807
ECA343	0.000010	0.000010	0.000010	0.000010	0.000010	0.000010	0.000010	0.000010	0.000010	0.999890	0.000010	0.000010	LD_0.9_12_1807
ECA346	0.000010	0.000010	0.000010	0.000010	0.000010	0.000010	0.000010	0.503358	0.000010	0.496542	0.000010	0.000010	LD_0.9_12_1807
ECA3502	0.000010	0.000010	0.000010	0.000010	0.000010	0.000010	0.999880	0.000010	0.000010	0.000020	0.000010	0.000010	LD_0.9_12_1807
ECA3503	0.000010	0.000010	0.000010	0.000010	0.000010	0.000010	0.000010	0.000010	0.000010	0.999890	0.000010	0.000010	LD_0.9_12_1807
ECA3509	0.000010	0.000010	0.000010	0.000010	0.000010	0.000010	0.000010	0.000010	0.000010	0.999890	0.000010	0.000010	LD_0.9_12_1807
ECA3708	0.000010	0.000010	0.000010	0.000010	0.000010	0.000010	0.000010	0.011601	0.000010	0.988299	0.000010	0.000010	LD_0.9_12_1807
ECA371	0.021808	0.000010	0.000010	0.000010	0.000010	0.000010	0.000010	0.000010	0.000010	0.978092	0.000010	0.000010	LD_0.9_12_1807
ECA3712	0.000010	0.000010	0.000010	0.000010	0.000010	0.000010	0.000010	0.000010	0.000010	0.999890	0.000010	0.000010	LD_0.9_12_1807
ECA3713	0.000010	0.000010	0.000010	0.000010	0.000010	0.000010	0.000010	0.059336	0.000010	0.940564	0.000010	0.000010	LD_0.9_12_1807
ECA3899	0.000010	0.000010	0.000010	0.000010	0.000010	0.000010	0.000010	0.000010	0.000010	0.999890	0.000010	0.000010	LD_0.9_12_1807
ECA4382	0.000010	0.000010	0.000010	0.000010	0.000010	0.000010	0.000010	0.923523	0.000010	0.076377	0.000010	0.000010	LD_0.9_12_1807
ECA4390	0.000010	0.000010	0.000010	0.000010	0.000010	0.000010	0.000010	0.999890	0.000010	0.000010	0.000010	0.000010	LD_0.9_12_1807
ECA4394	0.000010	0.000010	0.000010	0.000010	0.000010	0.000010	0.000010	0.000010	0.000010	0.999890	0.000010	0.000010	LD_0.9_12_1807
ECA4402	0.000010	0.000010	0.000010	0.000010	0.000010	0.000010	0.000010	0.138577	0.000012	0.861321	0.000010	0.000010	LD_0.9_12_1807
ECA569	0.000012	0.000010	0.000010	0.000010	0.000010	0.000010	0.000014	0.000017	0.999869	0.000018	0.000010	0.000010	LD_0.9_12_1807
ED3032	0.000010	0.000010	0.000010	0.000010	0.000010	0.000010	0.000010	0.000010	0.000010	0.999890	0.000010	0.000010	LD_0.9_12_1807
ED3037	0.000010	0.000010	0.000010	0.000010	0.000010	0.000010	0.000010	0.000010	0.000010	0.999890	0.000010	0.000010	LD_0.9_12_1807
ED3088	0.000010	0.000010	0.000010	0.000010	0.000010	0.000010	0.000010	0.651687	0.000010	0.348213	0.000010	0.000010	LD_0.9_12_1807
ED3102	0.000010	0.000010	0.000010	0.000010	0.000010	0.000010	0.000010	0.000010	0.000010	0.000010	0.000010	0.999890	LD_0.9_12_1807
EG4360	0.000012	0.000010	0.000010	0.000014	0.000015	0.000010	0.000010	0.000010	0.999877	0.000010	0.000012	0.000010	LD_0.9_12_1807
EG5612	0.000010	0.999890	0.000010	0.000010	0.000010	0.000010	0.000010	0.000010	0.000010	0.000010	0.000010	0.000010	LD_0.9_12_1807
EG5613	0.000010	0.014102	0.000010	0.000010	0.000010	0.037486	0.000010	0.948322	0.000010	0.000010	0.000010	0.000010	LD_0.9_12_1807
EG6179	0.002895	0.037625	0.000010	0.000010	0.000010	0.006499	0.000010	0.135141	0.000010	0.817770	0.000010	0.000010	LD_0.9_12_1807
EG6260	0.066130	0.000010	0.000010	0.000010	0.000010	0.000010	0.000010	0.933770	0.000010	0.000010	0.000010	0.000010	LD_0.9_12_1807
EG6261	0.000010	0.000010	0.000010	0.000010	0.000010	0.000010	0.000010	0.882674	0.000010	0.117226	0.000010	0.000010	LD_0.9_12_1807
EG6265	0.000010	0.000010	0.016585	0.000010	0.000010	0.000010	0.983315	0.000010	0.000010	0.000010	0.000010	0.000010	LD_0.9_12_1807
EG6267	0.000010	0.000010	0.000010	0.000010	0.000010	0.000010	0.000010	0.711759	0.000010	0.288141	0.000010	0.000010	LD_0.9_12_1807
EG6271	0.112883	0.000010	0.000010	0.000010	0.000010	0.000010	0.000010	0.887017	0.000010	0.000010	0.000010	0.000010	LD_0.9_12_1807
EG6272	0.053053	0.000010	0.000010	0.000010	0.000010	0.000010	0.000010	0.736898	0.000010	0.209959	0.000010	0.000010	LD_0.9_12_1807
EG6274	0.000010	0.000010	0.000010	0.000010	0.000010	0.000010	0.000010	0.949232	0.000010	0.050668	0.000010	0.000010	LD_0.9_12_1807
EG6275	0.000010	0.000010	0.000010	0.000010	0.000010	0.000010	0.000010	0.904140	0.000010	0.095760	0.000010	0.000010	LD_0.9_12_1807
EG6276	0.000010	0.000010	0.000010	0.000010	0.000010	0.000010	0.000010	0.839270	0.000010	0.160630	0.000010	0.000010	LD_0.9_12_1807
EG6329	0.473306	0.000010	0.000010	0.000010	0.000010	0.000010	0.000010	0.526594	0.000010	0.000010	0.000010	0.000010	LD_0.9_12_1807
GUN124	0.000010	0.000010	0.000019	0.000010	0.000010	0.000010	0.000013	0.000010	0.999873	0.000015	0.000010	0.000010	LD_0.9_12_1807
GXW22	0.000010	0.000010	0.000010	0.000010	0.000010	0.000010	0.000010	0.000010	0.000010	0.999890	0.000010	0.000010	LD_0.9_12_1807
GXW23	0.000010	0.784889	0.000010	0.000010	0.000010	0.000010	0.000010	0.000010	0.000010	0.215011	0.000010	0.000010	LD_0.9_12_1807
HK104	0.000010	0.000010	0.000010	0.000010	0.000010	0.000010	0.000010	0.000010	0.999890	0.000010	0.000010	0.000010	LD_0.9_12_1807
HPT11	0.000010	0.000015	0.000010	0.000014	0.000013	0.000010	0.000010	0.000010	0.000010	0.000010	0.000010	0.999879	LD_0.9_12_1807
HPT16	0.537169	0.000010	0.000010	0.000010	0.000010	0.000010	0.000010	0.000010	0.000010	0.462731	0.000010	0.000010	LD_0.9_12_1807
HPT18	0.000018	0.000017	0.000010	0.000013	0.000014	0.000010	0.000010	0.000010	0.000010	0.000010	0.000010	0.999869	LD_0.9_12_1807
HPT19	0.511210	0.000010	0.000010	0.000010	0.000010	0.000010	0.000010	0.000010	0.000010	0.488690	0.000010	0.000010	LD_0.9_12_1807
HPT2	0.589025	0.000010	0.000010	0.000010	0.000010	0.000010	0.000010	0.000010	0.000010	0.410875	0.000010	0.000010	LD_0.9_12_1807
HPT21	0.027845	0.000010	0.003616	0.000010	0.000010	0.000010	0.000010	0.000010	0.000010	0.968449	0.000010	0.000010	LD_0.9_12_1807
HPT24	0.000016	0.000014	0.000018	0.000013	0.000014	0.000013	0.000010	0.000010	0.000010	0.000010	0.000010	0.999862	LD_0.9_12_1807
HPT34	0.554230	0.000010	0.000010	0.000010	0.000010	0.000010	0.000010	0.000010	0.000010	0.445670	0.000010	0.000010	LD_0.9_12_1807
HPT37	0.440025	0.011466	0.025586	0.000010	0.000010	0.000010	0.000010	0.000010	0.000010	0.522844	0.000010	0.000010	LD_0.9_12_1807
HPT4	0.562212	0.000010	0.000010	0.000010	0.000010	0.000010	0.000010	0.000010	0.000010	0.437688	0.000010	0.000010	LD_0.9_12_1807
HPT42	0.512495	0.000010	0.000010	0.000010	0.000010	0.000010	0.000010	0.000014	0.000010	0.487402	0.000010	0.000010	LD_0.9_12_1807
HPT52	0.000010	0.000010	0.000010	0.000010	0.000010	0.431603	0.000010	0.000010	0.000010	0.568297	0.000010	0.000010	LD_0.9_12_1807
HPT53	0.000010	0.000010	0.000010	0.000010	0.000010	0.000010	0.000010	0.000010	0.000010	0.999890	0.000010	0.000010	LD_0.9_12_1807
HPT54	0.000010	0.000010	0.000010	0.000010	0.000010	0.000010	0.000010	0.000010	0.000010	0.999890	0.000010	0.000010	LD_0.9_12_1807
HPT55	0.000010	0.000010	0.000010	0.000010	0.000010	0.000010	0.000010	0.000010	0.000010	0.999890	0.000010	0.000010	LD_0.9_12_1807
HPT59	0.000010	0.000010	0.000010	0.000010	0.000010	0.000010	0.000010	0.000010	0.000010	0.999890	0.000010	0.000010	LD_0.9_12_1807
HPT60	0.000010	0.000010	0.000010	0.000010	0.000010	0.000010	0.000010	0.000010	0.000010	0.999890	0.000010	0.000010	LD_0.9_12_1807
HPT62	0.000010	0.000010	0.000010	0.000010	0.000010	0.999890	0.000010	0.000010	0.000010	0.000010	0.000010	0.000010	LD_0.9_12_1807
HPT63	0.043632	0.000010	0.000010	0.000010	0.000010	0.000010	0.000010	0.000010	0.000010	0.956268	0.000010	0.000010	LD_0.9_12_1807
HPT7	0.578914	0.000010	0.000010	0.000010	0.000010	0.000010	0.000010	0.000012	0.000010	0.420984	0.000010	0.000010	LD_0.9_12_1807
HPT8	0.553442	0.000010	0.000010	0.000010	0.000010	0.000010	0.000010	0.000010	0.000010	0.446458	0.000010	0.000010	LD_0.9_12_1807
HPT9	0.000010	0.871110	0.000010	0.000010	0.000010	0.000010	0.000010	0.000010	0.000010	0.128790	0.000010	0.000010	LD_0.9_12_1807
JU1085	0.000010	0.000010	0.000010	0.000010	0.000010	0.000010	0.000010	0.000010	0.999890	0.000010	0.000010	0.000010	LD_0.9_12_1807
JU1337	0.000010	0.150274	0.000010	0.000010	0.000010	0.036461	0.000010	0.380377	0.000010	0.432808	0.000010	0.000010	LD_0.9_12_1807
JU1338	0.000010	0.999890	0.000010	0.000010	0.000010	0.000010	0.000010	0.000010	0.000010	0.000010	0.000010	0.000010	LD_0.9_12_1807
JU1341	0.000010	0.000010	0.000010	0.999890	0.000010	0.000010	0.000010	0.000010	0.000010	0.000010	0.000010	0.000010	LD_0.9_12_1807
JU1346	0.000010	0.999889	0.000010	0.000010	0.000010	0.000010	0.000010	0.000010	0.000011	0.000010	0.000010	0.000010	LD_0.9_12_1807
JU1347	0.000010	0.000018	0.000010	0.000010	0.000010	0.000010	0.000010	0.871243	0.000010	0.128649	0.000010	0.000010	LD_0.9_12_1807
JU1348	0.000010	0.000010	0.000010	0.999890	0.000010	0.000010	0.000010	0.000010	0.000010	0.000010	0.000010	0.000010	LD_0.9_12_1807
JU1375	0.000010	0.000010	0.000010	0.000010	0.000010	0.000010	0.000010	0.875540	0.000010	0.124360	0.000010	0.000010	LD_0.9_12_1807
JU1377	0.000010	0.000010	0.000013	0.000010	0.000010	0.000010	0.000010	0.999886	0.000011	0.000010	0.000010	0.000010	LD_0.9_12_1807
JU1378	0.000010	0.000010	0.000010	0.000010	0.000010	0.000010	0.000010	0.957859	0.000010	0.042041	0.000010	0.000010	LD_0.9_12_1807
JU1392	0.000010	0.000010	0.000010	0.000010	0.000010	0.000010	0.000010	0.999890	0.000010	0.000010	0.000010	0.000010	LD_0.9_12_1807
JU1399	0.591885	0.000010	0.047914	0.000010	0.000010	0.000010	0.000010	0.172628	0.000010	0.187493	0.000010	0.000010	LD_0.9_12_1807
JU1424	0.000010	0.999890	0.000010	0.000010	0.000010	0.000010	0.000010	0.000010	0.000010	0.000010	0.000010	0.000010	LD_0.9_12_1807
JU1435	0.000010	0.000010	0.000010	0.000010	0.000010	0.000010	0.000010	0.999890	0.000010	0.000010	0.000010	0.000010	LD_0.9_12_1807
JU1564	0.000010	0.000010	0.000010	0.000010	0.000012	0.000010	0.000010	0.000010	0.999888	0.000010	0.000010	0.000010	LD_0.9_12_1807
JU1637	0.000010	0.000010	0.000010	0.000010	0.000010	0.000010	0.000010	0.865529	0.000010	0.134371	0.000010	0.000010	LD_0.9_12_1807
JU1638	0.000010	0.000010	0.000010	0.000010	0.000010	0.000010	0.000010	0.884293	0.000010	0.115607	0.000010	0.000010	LD_0.9_12_1807
JU1794	0.185535	0.054210	0.000010	0.000010	0.000016	0.013491	0.000010	0.177841	0.000010	0.568847	0.000010	0.000010	LD_0.9_12_1807
JU1795	0.000010	0.000010	0.000010	0.000010	0.000010	0.000010	0.000010	0.261286	0.000010	0.738614	0.000010	0.000010	LD_0.9_12_1807
JU1799	0.000010	0.000010	0.000010	0.000010	0.000010	0.000010	0.000010	0.999890	0.000010	0.000010	0.000010	0.000010	LD_0.9_12_1807
JU1802	0.000010	0.000010	0.000010	0.000010	0.000010	0.000010	0.000010	0.864670	0.000010	0.135230	0.000010	0.000010	LD_0.9_12_1807
JU1814	0.264691	0.000010	0.000010	0.000010	0.000010	0.000010	0.000010	0.735209	0.000010	0.000010	0.000010	0.000010	LD_0.9_12_1807
JU1884	0.000010	0.000010	0.000010	0.000010	0.000010	0.000010	0.000010	0.131325	0.000010	0.868575	0.000010	0.000010	LD_0.9_12_1807
JU1885	0.000010	0.000010	0.000010	0.000010	0.000010	0.056926	0.000010	0.828279	0.000010	0.114704	0.000010	0.000010	LD_0.9_12_1807
JU1907	0.042919	0.000010	0.000010	0.000010	0.000010	0.000010	0.000010	0.000010	0.000010	0.956981	0.000010	0.000010	LD_0.9_12_1807
JU1908	0.050196	0.000010	0.000010	0.000010	0.000010	0.000010	0.000010	0.000010	0.000010	0.949704	0.000010	0.000010	LD_0.9_12_1807
JU1909	0.000010	0.000010	0.000010	0.000010	0.000010	0.000010	0.000010	0.000013	0.000010	0.999887	0.000010	0.000010	LD_0.9_12_1807
JU1913	0.000010	0.000010	0.000010	0.000010	0.000010	0.416866	0.000010	0.125435	0.000010	0.457609	0.000010	0.000010	LD_0.9_12_1807
JU2053	0.000010	0.000010	0.000010	0.000010	0.000010	0.000010	0.000010	0.185063	0.000011	0.814836	0.000010	0.000010	LD_0.9_12_1807
JU2054	0.000010	0.000010	0.000010	0.000010	0.000010	0.000010	0.000010	0.000010	0.000010	0.999890	0.000010	0.000010	LD_0.9_12_1807
JU2056	0.000010	0.000010	0.000010	0.000010	0.000010	0.000010	0.000010	0.000010	0.000010	0.999890	0.000010	0.000010	LD_0.9_12_1807
JU2057	0.000010	0.000010	0.000010	0.000010	0.000010	0.999890	0.000010	0.000010	0.000010	0.000010	0.000010	0.000010	LD_0.9_12_1807
JU2160	0.000010	0.000010	0.000010	0.000010	0.000010	0.999890	0.000010	0.000010	0.000010	0.000010	0.000010	0.000010	LD_0.9_12_1807
JU2162	0.000010	0.000010	0.000010	0.000010	0.000010	0.999890	0.000010	0.000010	0.000010	0.000010	0.000010	0.000010	LD_0.9_12_1807
JU2214	0.083783	0.000016	0.187933	0.000014	0.000010	0.000010	0.000010	0.040332	0.000010	0.687862	0.000010	0.000010	LD_0.9_12_1807
JU2216	0.000010	0.000010	0.000010	0.000010	0.000010	0.000010	0.999890	0.000010	0.000010	0.000010	0.000010	0.000010	LD_0.9_12_1807
JU2457	0.225290	0.000010	0.000010	0.000010	0.000010	0.000010	0.000010	0.000010	0.493396	0.281224	0.000010	0.000010	LD_0.9_12_1807
JU2470	0.000010	0.000010	0.000010	0.000010	0.000010	0.999890	0.000010	0.000010	0.000010	0.000010	0.000010	0.000010	LD_0.9_12_1807
JU2472	0.073348	0.000010	0.000010	0.000010	0.000010	0.000010	0.000010	0.876802	0.000010	0.049760	0.000010	0.000010	LD_0.9_12_1807
JU2507	0.000010	0.000010	0.000010	0.000010	0.000010	0.999890	0.000010	0.000010	0.000010	0.000010	0.000010	0.000010	LD_0.9_12_1807
JU2518	0.999890	0.000010	0.000010	0.000010	0.000010	0.000010	0.000010	0.000010	0.000010	0.000010	0.000010	0.000010	LD_0.9_12_1807
JU2536	0.000010	0.000010	0.000010	0.000010	0.000015	0.000010	0.000010	0.000010	0.999885	0.000010	0.000010	0.000010	LD_0.9_12_1807
JU2618	0.262846	0.000010	0.557227	0.000010	0.000010	0.000010	0.000010	0.179837	0.000010	0.000010	0.000010	0.000010	LD_0.9_12_1807
JU2799	0.000010	0.000010	0.000010	0.000010	0.000010	0.000010	0.000010	0.539923	0.000010	0.459977	0.000010	0.000010	LD_0.9_12_1807
JU2836	0.029715	0.000010	0.235570	0.000010	0.000010	0.006444	0.000010	0.044121	0.000010	0.684081	0.000010	0.000010	LD_0.9_12_1807
JU2849	0.000010	0.999890	0.000010	0.000010	0.000010	0.000010	0.000010	0.000010	0.000010	0.000010	0.000010	0.000010	LD_0.9_12_1807
JU2861	0.000010	0.000010	0.000010	0.000010	0.000010	0.000010	0.000010	0.230205	0.000010	0.769695	0.000010	0.000010	LD_0.9_12_1807
JU2868	0.000010	0.000010	0.000010	0.000010	0.000010	0.000010	0.000010	0.000569	0.000010	0.999331	0.000010	0.000010	LD_0.9_12_1807
JU2872	0.000010	0.000010	0.000010	0.000010	0.000013	0.000010	0.000010	0.000010	0.999887	0.000010	0.000010	0.000010	LD_0.9_12_1807
JU2910	0.037427	0.047888	0.004169	0.000010	0.000010	0.048400	0.000010	0.745285	0.000010	0.116770	0.000010	0.000010	LD_0.9_12_1807
JU3168	0.000010	0.000010	0.000010	0.000013	0.000010	0.000010	0.000014	0.000017	0.000014	0.000010	0.000010	0.999871	LD_0.9_12_1807
JU3171	0.000010	0.000010	0.000010	0.000010	0.000010	0.000010	0.000010	0.724945	0.000010	0.274955	0.000010	0.000010	LD_0.9_12_1807
JU3199	0.000010	0.000010	0.000010	0.999890	0.000010	0.000010	0.000010	0.000010	0.000010	0.000010	0.000010	0.000010	LD_0.9_12_1807
JU3200	0.000010	0.000010	0.000010	0.999890	0.000010	0.000010	0.000010	0.000010	0.000010	0.000010	0.000010	0.000010	LD_0.9_12_1807
JU3201	0.000010	0.000010	0.000010	0.999890	0.000010	0.000010	0.000010	0.000010	0.000010	0.000010	0.000010	0.000010	LD_0.9_12_1807
JU3202	0.000010	0.000010	0.000010	0.999890	0.000010	0.000010	0.000010	0.000010	0.000010	0.000010	0.000010	0.000010	LD_0.9_12_1807
JU3203	0.000010	0.000010	0.000010	0.999890	0.000010	0.000010	0.000010	0.000010	0.000010	0.000010	0.000010	0.000010	LD_0.9_12_1807
JU3206	0.000011	0.000010	0.000010	0.999889	0.000010	0.000010	0.000010	0.000010	0.000010	0.000010	0.000010	0.000010	LD_0.9_12_1807
JU3207	0.000010	0.000010	0.000010	0.000010	0.000010	0.000010	0.000010	0.138897	0.000012	0.861000	0.000010	0.000010	LD_0.9_12_1807
JU3237	0.000010	0.000010	0.000010	0.000010	0.000010	0.999890	0.000010	0.000010	0.000010	0.000010	0.000010	0.000010	LD_0.9_12_1807
JU3281	0.000010	0.000010	0.000010	0.000010	0.000010	0.000010	0.000010	0.000010	0.000010	0.999890	0.000010	0.000010	LD_0.9_12_1807
JU3319	0.000010	0.810776	0.000010	0.000010	0.000010	0.000010	0.000010	0.000010	0.000010	0.189124	0.000010	0.000010	LD_0.9_12_1807
JU3321	0.000012	0.000010	0.000010	0.000010	0.000010	0.000010	0.000010	0.000010	0.000010	0.999888	0.000010	0.000010	LD_0.9_12_1807
JU3326	0.000010	0.000010	0.000010	0.000010	0.000010	0.000010	0.000010	0.000010	0.097220	0.000010	0.000010	0.902680	LD_0.9_12_1807
JU3327	0.000010	0.086280	0.000010	0.000010	0.000010	0.000010	0.000010	0.000010	0.000010	0.913620	0.000010	0.000010	LD_0.9_12_1807
JU3416	0.000010	0.000010	0.000010	0.000010	0.000010	0.000010	0.027778	0.000010	0.902510	0.069623	0.000010	0.000010	LD_0.9_12_1807
JU4042	0.000010	0.000010	0.000010	0.000010	0.000010	0.000010	0.000010	0.000010	0.000010	0.999890	0.000010	0.000010	LD_0.9_12_1807
JU4051	0.000010	0.999890	0.000010	0.000010	0.000010	0.000010	0.000010	0.000010	0.000010	0.000010	0.000010	0.000010	LD_0.9_12_1807
JU4058	0.000010	0.999889	0.000010	0.000010	0.000010	0.000010	0.000010	0.000010	0.000011	0.000010	0.000010	0.000010	LD_0.9_12_1807
JU4060	0.000010	0.999890	0.000010	0.000010	0.000010	0.000010	0.000010	0.000010	0.000010	0.000010	0.000010	0.000010	LD_0.9_12_1807
JU4062	0.000010	0.999890	0.000010	0.000010	0.000010	0.000010	0.000010	0.000010	0.000010	0.000010	0.000010	0.000010	LD_0.9_12_1807
JU4064	0.000010	0.999883	0.000011	0.000010	0.000010	0.000010	0.000010	0.000010	0.000010	0.000016	0.000010	0.000010	LD_0.9_12_1807
JU4080	0.000010	0.000010	0.000010	0.000010	0.000010	0.000010	0.000010	0.000010	0.000010	0.999890	0.000010	0.000010	LD_0.9_12_1807
JU4084	0.000010	0.999880	0.000010	0.000010	0.000010	0.000010	0.000010	0.000010	0.000010	0.000020	0.000010	0.000010	LD_0.9_12_1807
JU4097	0.000010	0.999890	0.000010	0.000010	0.000010	0.000010	0.000010	0.000010	0.000010	0.000010	0.000010	0.000010	LD_0.9_12_1807
JU725	0.000010	0.750844	0.000011	0.000010	0.000010	0.000010	0.000010	0.000010	0.000010	0.249055	0.000010	0.000010	LD_0.9_12_1807
MY2716	0.000010	0.000010	0.000010	0.000010	0.000010	0.000010	0.000010	0.096841	0.000010	0.903059	0.000010	0.000010	LD_0.9_12_1807
MY539	0.000010	0.000010	0.000010	0.000010	0.000010	0.000010	0.000010	0.192973	0.000010	0.806927	0.000010	0.000010	LD_0.9_12_1807
NIC1050	0.686029	0.000010	0.257310	0.000010	0.000010	0.000010	0.000010	0.056571	0.000010	0.000010	0.000010	0.000010	LD_0.9_12_1807
NIC1052	0.573507	0.000010	0.329334	0.000010	0.000010	0.000010	0.000010	0.097068	0.000010	0.000010	0.000010	0.000010	LD_0.9_12_1807
NIC1054	0.798134	0.000010	0.146933	0.000010	0.000010	0.000010	0.000010	0.054843	0.000010	0.000010	0.000010	0.000010	LD_0.9_12_1807
NIC1055	0.696781	0.000010	0.303119	0.000010	0.000010	0.000010	0.000010	0.000010	0.000010	0.000010	0.000010	0.000010	LD_0.9_12_1807
NIC1057	0.665198	0.000010	0.296102	0.000010	0.000010	0.000010	0.000010	0.038609	0.000010	0.000010	0.000010	0.000010	LD_0.9_12_1807
NIC1058	0.731456	0.000010	0.268444	0.000010	0.000010	0.000010	0.000010	0.000010	0.000010	0.000010	0.000010	0.000010	LD_0.9_12_1807
NIC1059	0.808193	0.000010	0.191707	0.000010	0.000010	0.000010	0.000010	0.000010	0.000010	0.000010	0.000010	0.000010	LD_0.9_12_1807
NIC1060	0.900822	0.000010	0.099078	0.000010	0.000010	0.000010	0.000010	0.000010	0.000010	0.000010	0.000010	0.000010	LD_0.9_12_1807
NIC1062	0.083465	0.000010	0.203708	0.000010	0.000010	0.000010	0.000010	0.712729	0.000017	0.000010	0.000010	0.000010	LD_0.9_12_1807
NIC1069	0.115007	0.000010	0.010225	0.000010	0.000010	0.000010	0.000010	0.744520	0.000010	0.130168	0.000010	0.000010	LD_0.9_12_1807
NIC1103	0.677407	0.000010	0.272878	0.000010	0.000010	0.000010	0.000010	0.000010	0.000010	0.049625	0.000010	0.000010	LD_0.9_12_1807
NIC1104	0.097104	0.000012	0.062421	0.000010	0.000010	0.000010	0.000010	0.398360	0.000010	0.442032	0.000010	0.000010	LD_0.9_12_1807
NIC1106	0.170505	0.000010	0.211083	0.000010	0.000010	0.000015	0.000010	0.445567	0.000010	0.172760	0.000010	0.000010	LD_0.9_12_1807
NIC1117	0.000010	0.000010	0.000010	0.000010	0.000010	0.000010	0.000010	0.000010	0.000010	0.999890	0.000010	0.000010	LD_0.9_12_1807
NIC1123	0.000010	0.999884	0.000010	0.000010	0.000010	0.000010	0.000010	0.000010	0.000010	0.000016	0.000010	0.000010	LD_0.9_12_1807
NIC1124	0.999888	0.000010	0.000010	0.000010	0.000010	0.000010	0.000010	0.000010	0.000010	0.000012	0.000010	0.000010	LD_0.9_12_1807
NIC1135	0.999890	0.000010	0.000010	0.000010	0.000010	0.000010	0.000010	0.000010	0.000010	0.000010	0.000010	0.000010	LD_0.9_12_1807
NIC1138	0.999890	0.000010	0.000010	0.000010	0.000010	0.000010	0.000010	0.000010	0.000010	0.000010	0.000010	0.000010	LD_0.9_12_1807
NIC1141	0.999890	0.000010	0.000010	0.000010	0.000010	0.000010	0.000010	0.000010	0.000010	0.000010	0.000010	0.000010	LD_0.9_12_1807
NIC115	0.000010	0.000010	0.000010	0.000010	0.000010	0.000010	0.000010	0.999890	0.000010	0.000010	0.000010	0.000010	LD_0.9_12_1807
NIC117	0.000010	0.000010	0.000010	0.000010	0.000010	0.000010	0.000010	0.999890	0.000010	0.000010	0.000010	0.000010	LD_0.9_12_1807
NIC1183	0.999890	0.000010	0.000010	0.000010	0.000010	0.000010	0.000010	0.000010	0.000010	0.000010	0.000010	0.000010	LD_0.9_12_1807
NIC119	0.000010	0.000010	0.000010	0.000010	0.000010	0.000010	0.000010	0.999890	0.000010	0.000010	0.000010	0.000010	LD_0.9_12_1807
NIC1190	0.999890	0.000010	0.000010	0.000010	0.000010	0.000010	0.000010	0.000010	0.000010	0.000010	0.000010	0.000010	LD_0.9_12_1807
NIC1202	0.020350	0.139659	0.000010	0.000010	0.000010	0.000010	0.000010	0.000010	0.000010	0.839901	0.000010	0.000010	LD_0.9_12_1807
NIC1204	0.017344	0.195176	0.000010	0.000010	0.000010	0.000010	0.000010	0.013266	0.000010	0.774135	0.000010	0.000010	LD_0.9_12_1807
NIC1205	0.000010	0.000010	0.000010	0.000010	0.000010	0.000010	0.999890	0.000010	0.000010	0.000010	0.000010	0.000010	LD_0.9_12_1807
NIC1218	0.000010	0.000010	0.000010	0.000010	0.000010	0.000010	0.000010	0.000010	0.000010	0.999890	0.000010	0.000010	LD_0.9_12_1807
NIC1220	0.000010	0.000010	0.000010	0.000010	0.000010	0.000010	0.999890	0.000010	0.000010	0.000010	0.000010	0.000010	LD_0.9_12_1807
NIC1221	0.002362	0.220448	0.000010	0.000010	0.000010	0.000010	0.000010	0.000010	0.000010	0.777100	0.000010	0.000010	LD_0.9_12_1807
NIC123	0.000010	0.000010	0.000010	0.000010	0.000010	0.000010	0.000010	0.999890	0.000010	0.000010	0.000010	0.000010	LD_0.9_12_1807
NIC1267	0.571218	0.000010	0.000010	0.000010	0.000010	0.000010	0.000010	0.408696	0.000010	0.019995	0.000010	0.000010	LD_0.9_12_1807
NIC1283	0.999890	0.000010	0.000010	0.000010	0.000010	0.000010	0.000010	0.000010	0.000010	0.000010	0.000010	0.000010	LD_0.9_12_1807
NIC1288	0.715122	0.113514	0.171274	0.000010	0.000010	0.000010	0.000010	0.000010	0.000010	0.000010	0.000010	0.000010	LD_0.9_12_1807
NIC1292	0.999890	0.000010	0.000010	0.000010	0.000010	0.000010	0.000010	0.000010	0.000010	0.000010	0.000010	0.000010	LD_0.9_12_1807
NIC1302	0.999886	0.000010	0.000014	0.000010	0.000010	0.000010	0.000010	0.000010	0.000010	0.000010	0.000010	0.000010	LD_0.9_12_1807
NIC1304	0.999890	0.000010	0.000010	0.000010	0.000010	0.000010	0.000010	0.000010	0.000010	0.000010	0.000010	0.000010	LD_0.9_12_1807
NIC1308	0.000010	0.549032	0.000010	0.000010	0.000010	0.000010	0.000010	0.450868	0.000010	0.000010	0.000010	0.000010	LD_0.9_12_1807
NIC1407	0.999890	0.000010	0.000010	0.000010	0.000010	0.000010	0.000010	0.000010	0.000010	0.000010	0.000010	0.000010	LD_0.9_12_1807
NIC1421	0.525704	0.000010	0.148616	0.000010	0.000010	0.000010	0.000010	0.325590	0.000010	0.000010	0.000010	0.000010	LD_0.9_12_1807
NIC1423	0.803550	0.000010	0.196350	0.000010	0.000010	0.000010	0.000010	0.000010	0.000010	0.000010	0.000010	0.000010	LD_0.9_12_1807
NIC1442	0.999890	0.000010	0.000010	0.000010	0.000010	0.000010	0.000010	0.000010	0.000010	0.000010	0.000010	0.000010	LD_0.9_12_1807
NIC1491	0.999890	0.000010	0.000010	0.000010	0.000010	0.000010	0.000010	0.000010	0.000010	0.000010	0.000010	0.000010	LD_0.9_12_1807
NIC1525	0.000010	0.000013	0.000010	0.000010	0.000010	0.000010	0.000010	0.928359	0.000017	0.071531	0.000010	0.000010	LD_0.9_12_1807
NIC1528	0.000010	0.000010	0.000010	0.000012	0.000010	0.000010	0.000010	0.999888	0.000010	0.000010	0.000010	0.000010	LD_0.9_12_1807
NIC1529	0.000010	0.000010	0.000010	0.000010	0.000010	0.000010	0.000010	0.999890	0.000010	0.000010	0.000010	0.000010	LD_0.9_12_1807
NIC1533	0.000016	0.000010	0.000010	0.000010	0.000010	0.000010	0.000010	0.890168	0.000010	0.109726	0.000010	0.000010	LD_0.9_12_1807
NIC1535	0.033286	0.000010	0.000010	0.000010	0.000010	0.000010	0.000010	0.966614	0.000010	0.000010	0.000010	0.000010	LD_0.9_12_1807
NIC1539	0.000010	0.000010	0.000010	0.000010	0.000010	0.000010	0.999890	0.000010	0.000010	0.000010	0.000010	0.000010	LD_0.9_12_1807
NIC1540	0.000010	0.000010	0.000010	0.000010	0.000010	0.000010	0.000010	0.000010	0.000010	0.000010	0.999890	0.000010	LD_0.9_12_1807
NIC1562	0.000010	0.000012	0.000010	0.000010	0.000010	0.000010	0.999888	0.000010	0.000010	0.000010	0.000010	0.000010	LD_0.9_12_1807
NIC1589	0.000010	0.000010	0.000010	0.000010	0.000010	0.000010	0.000010	0.000010	0.000010	0.000010	0.999890	0.000010	LD_0.9_12_1807
NIC1590	0.000010	0.000010	0.000010	0.000010	0.000010	0.000010	0.999890	0.000010	0.000010	0.000010	0.000010	0.000010	LD_0.9_12_1807
NIC1591	0.000010	0.000010	0.000010	0.000010	0.000010	0.000010	0.000010	0.000010	0.000011	0.000010	0.999889	0.000010	LD_0.9_12_1807
NIC1593	0.000010	0.000010	0.000010	0.000010	0.000010	0.000010	0.000010	0.000010	0.000010	0.000010	0.999890	0.000010	LD_0.9_12_1807
NIC1595	0.000010	0.000010	0.000010	0.000010	0.000010	0.000010	0.999890	0.000010	0.000010	0.000010	0.000010	0.000010	LD_0.9_12_1807
NIC1598	0.000010	0.000010	0.000010	0.000010	0.000010	0.000010	0.987830	0.000010	0.000010	0.012070	0.000010	0.000010	LD_0.9_12_1807
NIC1602	0.000010	0.000010	0.000010	0.000010	0.000010	0.000010	0.999890	0.000010	0.000010	0.000010	0.000010	0.000010	LD_0.9_12_1807
NIC1607	0.000010	0.000010	0.000010	0.000010	0.000010	0.000010	0.209742	0.000010	0.008281	0.139553	0.642345	0.000010	LD_0.9_12_1807
NIC1628	0.000010	0.000010	0.000010	0.000010	0.000010	0.000010	0.000010	0.000010	0.000010	0.999890	0.000010	0.000010	LD_0.9_12_1807
NIC1630	0.000010	0.000010	0.000010	0.000010	0.000010	0.000010	0.999890	0.000010	0.000010	0.000010	0.000010	0.000010	LD_0.9_12_1807
NIC1631	0.000010	0.000010	0.000010	0.000010	0.000010	0.000010	0.999890	0.000010	0.000010	0.000010	0.000010	0.000010	LD_0.9_12_1807
NIC1632	0.000010	0.000010	0.000010	0.000010	0.000010	0.000010	0.000010	0.000010	0.999890	0.000010	0.000010	0.000010	LD_0.9_12_1807
NIC1633	0.000010	0.000010	0.000010	0.000010	0.000010	0.000010	0.000010	0.000010	0.999890	0.000010	0.000010	0.000010	LD_0.9_12_1807
NIC1635	0.000010	0.000010	0.000010	0.000010	0.000017	0.000010	0.000010	0.000010	0.999883	0.000010	0.000010	0.000010	LD_0.9_12_1807
NIC1645	0.000010	0.000010	0.000010	0.000010	0.000010	0.000010	0.999890	0.000010	0.000010	0.000010	0.000010	0.000010	LD_0.9_12_1807
NIC1660	0.000010	0.000010	0.000010	0.000010	0.000010	0.000010	0.999886	0.000010	0.000010	0.000014	0.000010	0.000010	LD_0.9_12_1807
NIC1661	0.000010	0.000010	0.000010	0.000010	0.000010	0.000010	0.999890	0.000010	0.000010	0.000010	0.000010	0.000010	LD_0.9_12_1807
NIC1662	0.000010	0.000010	0.000010	0.000010	0.000010	0.000010	0.999890	0.000010	0.000010	0.000010	0.000010	0.000010	LD_0.9_12_1807
NIC1663	0.000010	0.000010	0.000010	0.000010	0.000010	0.000010	0.999890	0.000010	0.000010	0.000010	0.000010	0.000010	LD_0.9_12_1807
NIC1664	0.000014	0.000011	0.000010	0.000010	0.000010	0.000010	0.000013	0.000010	0.000012	0.000010	0.999879	0.000010	LD_0.9_12_1807
NIC1665	0.000010	0.000010	0.000010	0.000010	0.000010	0.000010	0.000010	0.000010	0.000010	0.000010	0.999890	0.000010	LD_0.9_12_1807
NIC1666	0.000010	0.000010	0.000010	0.000010	0.000010	0.000010	0.999890	0.000010	0.000010	0.000010	0.000010	0.000010	LD_0.9_12_1807
NIC1667	0.000010	0.000010	0.000010	0.000010	0.000010	0.000010	0.999890	0.000010	0.000010	0.000010	0.000010	0.000010	LD_0.9_12_1807
NIC1681	0.000010	0.000010	0.000010	0.000010	0.000010	0.000010	0.999890	0.000010	0.000010	0.000010	0.000010	0.000010	LD_0.9_12_1807
NIC1688	0.004083	0.000010	0.000010	0.000010	0.000010	0.000010	0.000010	0.000010	0.000010	0.995817	0.000010	0.000010	LD_0.9_12_1807
NIC1692	0.000010	0.000010	0.000010	0.000010	0.000010	0.000010	0.999890	0.000010	0.000010	0.000010	0.000010	0.000010	LD_0.9_12_1807
NIC1693	0.000010	0.000010	0.000010	0.000010	0.000010	0.000010	0.999890	0.000010	0.000010	0.000010	0.000010	0.000010	LD_0.9_12_1807
NIC17	0.000010	0.000010	0.000010	0.000010	0.000010	0.000010	0.000010	0.905110	0.000010	0.094790	0.000010	0.000010	LD_0.9_12_1807
NIC174	0.000010	0.000010	0.000010	0.000010	0.000010	0.000010	0.000010	0.000010	0.999890	0.000010	0.000010	0.000010	LD_0.9_12_1807
NIC187	0.167833	0.000010	0.000010	0.000010	0.000010	0.000010	0.000010	0.832067	0.000010	0.000010	0.000010	0.000010	LD_0.9_12_1807
NIC188	0.096746	0.000010	0.000010	0.000010	0.000010	0.000010	0.000010	0.903154	0.000010	0.000010	0.000010	0.000010	LD_0.9_12_1807
NIC19	0.000013	0.000010	0.000015	0.000010	0.000012	0.000019	0.000010	0.000016	0.000010	0.000010	0.999865	0.000010	LD_0.9_12_1807
NIC191	0.000010	0.000010	0.000010	0.000010	0.000010	0.000010	0.000010	0.999890	0.000010	0.000010	0.000010	0.000010	LD_0.9_12_1807
NIC20	0.000010	0.000010	0.000010	0.000010	0.000010	0.000010	0.000010	0.000010	0.000010	0.000010	0.999890	0.000010	LD_0.9_12_1807
NIC21	0.000010	0.000010	0.000010	0.000011	0.000010	0.000010	0.000010	0.000010	0.000010	0.000010	0.999889	0.000010	LD_0.9_12_1807
NIC22	0.000010	0.000010	0.000010	0.000010	0.000010	0.000010	0.000010	0.000010	0.000010	0.000010	0.999890	0.000010	LD_0.9_12_1807
NIC2369	0.000010	0.999890	0.000010	0.000010	0.000010	0.000010	0.000010	0.000010	0.000010	0.000010	0.000010	0.000010	LD_0.9_12_1807
NIC248	0.000010	0.000010	0.000010	0.000010	0.000010	0.000010	0.000010	0.999890	0.000010	0.000010	0.000010	0.000010	LD_0.9_12_1807
NIC250	0.000010	0.000010	0.000010	0.000010	0.000010	0.000010	0.000010	0.999890	0.000010	0.000010	0.000010	0.000010	LD_0.9_12_1807
NIC2527	0.000010	0.000010	0.000010	0.000010	0.000010	0.000010	0.000010	0.000010	0.000010	0.999890	0.000010	0.000010	LD_0.9_12_1807
NIC309	0.999890	0.000010	0.000010	0.000010	0.000010	0.000010	0.000010	0.000010	0.000010	0.000010	0.000010	0.000010	LD_0.9_12_1807
NIC325	0.999881	0.000010	0.000010	0.000010	0.000010	0.000010	0.000010	0.000010	0.000010	0.000019	0.000010	0.000010	LD_0.9_12_1807
NIC327	0.860074	0.000010	0.139814	0.000010	0.000010	0.000010	0.000010	0.000018	0.000010	0.000014	0.000010	0.000010	LD_0.9_12_1807
NIC329	0.880305	0.000010	0.010283	0.000010	0.000010	0.000010	0.000010	0.109323	0.000010	0.000010	0.000010	0.000010	LD_0.9_12_1807
NIC330	0.933302	0.000010	0.000010	0.000010	0.000010	0.000010	0.000010	0.066598	0.000010	0.000010	0.000010	0.000010	LD_0.9_12_1807
NIC331	0.601883	0.000010	0.158213	0.000010	0.000010	0.000010	0.000010	0.239806	0.000010	0.000018	0.000010	0.000010	LD_0.9_12_1807
NIC332	0.835632	0.000010	0.164268	0.000010	0.000010	0.000010	0.000010	0.000010	0.000010	0.000010	0.000010	0.000010	LD_0.9_12_1807
NIC333	0.999890	0.000010	0.000010	0.000010	0.000010	0.000010	0.000010	0.000010	0.000010	0.000010	0.000010	0.000010	LD_0.9_12_1807
NIC343	0.000010	0.025079	0.000010	0.000010	0.000010	0.000010	0.000010	0.000010	0.000010	0.974821	0.000010	0.000010	LD_0.9_12_1807
NIC392	0.667782	0.000010	0.000010	0.000010	0.000010	0.000010	0.000010	0.165543	0.000010	0.166585	0.000010	0.000010	LD_0.9_12_1807
NIC400	0.854934	0.000010	0.144966	0.000010	0.000010	0.000010	0.000010	0.000010	0.000010	0.000010	0.000010	0.000010	LD_0.9_12_1807
NIC402	0.830983	0.000010	0.125918	0.000010	0.000010	0.000010	0.000010	0.043009	0.000010	0.000010	0.000010	0.000010	LD_0.9_12_1807
NIC419	0.000010	0.999890	0.000010	0.000010	0.000010	0.000010	0.000010	0.000010	0.000010	0.000010	0.000010	0.000010	LD_0.9_12_1807
NIC504	0.000010	0.000010	0.000010	0.000010	0.000010	0.000010	0.999890	0.000010	0.000010	0.000010	0.000010	0.000010	LD_0.9_12_1807
NIC505	0.000010	0.000010	0.000010	0.000010	0.000010	0.000010	0.999890	0.000010	0.000010	0.000010	0.000010	0.000010	LD_0.9_12_1807
NIC518	0.000010	0.000015	0.000010	0.000010	0.000010	0.000010	0.999885	0.000010	0.000010	0.000010	0.000010	0.000010	LD_0.9_12_1807
NIC519	0.000010	0.000010	0.000010	0.000010	0.000010	0.000010	0.999890	0.000010	0.000010	0.000010	0.000010	0.000010	LD_0.9_12_1807
NIC532	0.000010	0.000010	0.000010	0.000010	0.000010	0.000010	0.000010	0.999890	0.000010	0.000010	0.000010	0.000010	LD_0.9_12_1807
NIC541	0.337206	0.000010	0.098984	0.000010	0.000010	0.311390	0.000010	0.252341	0.000010	0.000010	0.000010	0.000010	LD_0.9_12_1807
NIC549	0.000010	0.000010	0.000010	0.000010	0.000010	0.000010	0.000010	0.999890	0.000010	0.000010	0.000010	0.000010	LD_0.9_12_1807
NIC552	0.000010	0.000010	0.000010	0.000010	0.000010	0.000010	0.000010	0.999890	0.000010	0.000010	0.000010	0.000010	LD_0.9_12_1807
NIC555	0.043769	0.000010	0.126623	0.000010	0.000010	0.000010	0.000010	0.829518	0.000010	0.000010	0.000010	0.000010	LD_0.9_12_1807
NIC574	0.000010	0.000010	0.000010	0.000010	0.000010	0.000010	0.000010	0.999890	0.000010	0.000010	0.000010	0.000010	LD_0.9_12_1807
NIC578	0.099398	0.000010	0.000010	0.000010	0.000010	0.000010	0.000010	0.900502	0.000010	0.000010	0.000010	0.000010	LD_0.9_12_1807
NIC583	0.382584	0.000010	0.006138	0.000010	0.000010	0.000010	0.000010	0.611188	0.000010	0.000010	0.000010	0.000010	LD_0.9_12_1807
NIC590	0.468029	0.000010	0.000010	0.000010	0.000010	0.115803	0.000010	0.416078	0.000010	0.000010	0.000010	0.000010	LD_0.9_12_1807
NIC593	0.000010	0.000010	0.000010	0.000010	0.000010	0.000010	0.000010	0.999890	0.000010	0.000010	0.000010	0.000010	LD_0.9_12_1807
NIC60	0.999890	0.000010	0.000010	0.000010	0.000010	0.000010	0.000010	0.000010	0.000010	0.000010	0.000010	0.000010	LD_0.9_12_1807
NIC61	0.000010	0.000010	0.000010	0.000010	0.000010	0.000010	0.000010	0.999890	0.000010	0.000010	0.000010	0.000010	LD_0.9_12_1807
NIC62	0.335888	0.000010	0.000010	0.000010	0.000010	0.000010	0.000010	0.664012	0.000010	0.000010	0.000010	0.000010	LD_0.9_12_1807
NIC67	0.000010	0.999890	0.000010	0.000010	0.000010	0.000010	0.000010	0.000010	0.000010	0.000010	0.000010	0.000010	LD_0.9_12_1807
NIC758	0.340474	0.000010	0.000010	0.000010	0.000010	0.121226	0.000010	0.538210	0.000010	0.000010	0.000010	0.000010	LD_0.9_12_1807
NIC777	0.237056	0.000010	0.109717	0.000010	0.000010	0.000010	0.000010	0.653136	0.000010	0.000010	0.000010	0.000010	LD_0.9_12_1807
NIC779	0.000010	0.000010	0.000010	0.000010	0.000010	0.000010	0.999890	0.000010	0.000010	0.000010	0.000010	0.000010	LD_0.9_12_1807
NIC790	0.000010	0.000010	0.000010	0.000010	0.000010	0.000010	0.000010	0.000010	0.000010	0.999890	0.000010	0.000010	LD_0.9_12_1807
NIC791	0.000010	0.000010	0.000010	0.000010	0.000010	0.917161	0.000010	0.000010	0.000010	0.082739	0.000010	0.000010	LD_0.9_12_1807
NIC792	0.000010	0.000010	0.000010	0.000010	0.000010	0.304380	0.000010	0.000010	0.000010	0.695520	0.000010	0.000010	LD_0.9_12_1807
NIC793	0.000010	0.000010	0.000010	0.000010	0.000010	0.000010	0.000010	0.000010	0.000010	0.999890	0.000010	0.000010	LD_0.9_12_1807
NIC795	0.000010	0.000010	0.000010	0.000010	0.000010	0.000010	0.000010	0.000010	0.000010	0.999890	0.000010	0.000010	LD_0.9_12_1807
NIC796	0.000010	0.000010	0.000010	0.000010	0.000010	0.000010	0.000010	0.000010	0.000010	0.993499	0.006401	0.000010	LD_0.9_12_1807
NIC802	0.000010	0.000010	0.000010	0.000010	0.000010	0.000010	0.000010	0.000010	0.000010	0.999890	0.000010	0.000010	LD_0.9_12_1807
NIC803	0.099478	0.000010	0.000010	0.000010	0.000010	0.000010	0.000010	0.000010	0.000010	0.900422	0.000010	0.000010	LD_0.9_12_1807
NIC805	0.000010	0.000010	0.000010	0.000010	0.000010	0.000010	0.999890	0.000010	0.000010	0.000010	0.000010	0.000010	LD_0.9_12_1807
NIC811	0.000010	0.002901	0.000010	0.000010	0.000010	0.009948	0.000010	0.000010	0.000010	0.987061	0.000010	0.000010	LD_0.9_12_1807
NIC814	0.000010	0.000010	0.000010	0.000010	0.000010	0.000010	0.999883	0.000017	0.000010	0.000010	0.000010	0.000010	LD_0.9_12_1807
NIC815	0.000010	0.000010	0.000010	0.000010	0.000010	0.000010	0.999890	0.000010	0.000010	0.000010	0.000010	0.000010	LD_0.9_12_1807
NIC816	0.000010	0.000010	0.000010	0.000010	0.000010	0.000010	0.000010	0.000010	0.000010	0.000010	0.999890	0.000010	LD_0.9_12_1807
NIC819	0.000010	0.000010	0.000010	0.000010	0.000010	0.000010	0.196035	0.000010	0.016316	0.153219	0.634349	0.000010	LD_0.9_12_1807
NIC821	0.127526	0.000010	0.000010	0.000010	0.000010	0.000010	0.000010	0.000010	0.000010	0.872374	0.000010	0.000010	LD_0.9_12_1807
NIC822	0.000010	0.000010	0.000010	0.000010	0.000010	0.000010	0.999887	0.000010	0.000010	0.000013	0.000010	0.000010	LD_0.9_12_1807
NIC824	0.000010	0.000010	0.000010	0.000010	0.000010	0.000010	0.999890	0.000010	0.000010	0.000010	0.000010	0.000010	LD_0.9_12_1807
NIC825	0.000010	0.000012	0.000010	0.000011	0.000010	0.000010	0.000013	0.000010	0.000018	0.000010	0.999876	0.000010	LD_0.9_12_1807
NIC827	0.000010	0.000010	0.000010	0.000010	0.000010	0.000010	0.000016	0.000010	0.000010	0.000010	0.999884	0.000010	LD_0.9_12_1807
NIC828	0.000010	0.000010	0.000010	0.000010	0.000010	0.000010	0.000010	0.000010	0.000010	0.000010	0.999890	0.000010	LD_0.9_12_1807
NIC863	0.000010	0.000010	0.000010	0.000010	0.000010	0.000010	0.999890	0.000010	0.000010	0.000010	0.000010	0.000010	LD_0.9_12_1807
NIC864	0.000010	0.000010	0.000010	0.000010	0.000010	0.000010	0.999890	0.000010	0.000010	0.000010	0.000010	0.000010	LD_0.9_12_1807
NIC865	0.000010	0.000010	0.000010	0.000010	0.000010	0.000010	0.999890	0.000010	0.000010	0.000010	0.000010	0.000010	LD_0.9_12_1807
NIC871	0.000010	0.000011	0.000010	0.000010	0.000010	0.000010	0.000010	0.000010	0.000010	0.999889	0.000010	0.000010	LD_0.9_12_1807
NIC883	0.000010	0.000010	0.000010	0.000010	0.000010	0.000010	0.000010	0.000010	0.000010	0.999890	0.000010	0.000010	LD_0.9_12_1807
NIC889	0.000010	0.000010	0.000010	0.000010	0.000010	0.000010	0.999890	0.000010	0.000010	0.000010	0.000010	0.000010	LD_0.9_12_1807
NIC893	0.000010	0.000010	0.000010	0.000010	0.000010	0.000010	0.000010	0.000010	0.000010	0.000010	0.000010	0.999890	LD_0.9_12_1807
NIC897	0.000010	0.000010	0.000010	0.000010	0.000010	0.000010	0.999890	0.000010	0.000010	0.000010	0.000010	0.000010	LD_0.9_12_1807
NIC899	0.000010	0.000010	0.000010	0.000010	0.000010	0.000010	0.000010	0.000010	0.999890	0.000010	0.000010	0.000010	LD_0.9_12_1807
NIC901	0.000010	0.000010	0.000010	0.000010	0.000010	0.000010	0.000010	0.753414	0.000010	0.246486	0.000010	0.000010	LD_0.9_12_1807
NIC911	0.003580	0.000010	0.000010	0.000010	0.000010	0.000010	0.000010	0.605899	0.000010	0.390430	0.000010	0.000010	LD_0.9_12_1807
NIC96	0.999890	0.000010	0.000010	0.000010	0.000010	0.000010	0.000010	0.000010	0.000010	0.000010	0.000010	0.000010	LD_0.9_12_1807
NIC984	0.000010	0.000010	0.000010	0.000010	0.000010	0.000010	0.000010	0.472833	0.000010	0.527067	0.000010	0.000010	LD_0.9_12_1807
NIC985	0.000010	0.172331	0.000010	0.000010	0.000011	0.000010	0.000010	0.445224	0.000010	0.382354	0.000010	0.000010	LD_0.9_12_1807
PB800	0.000010	0.000010	0.000010	0.000013	0.000016	0.000010	0.000010	0.000010	0.999881	0.000010	0.000010	0.000010	LD_0.9_12_1807
PB857	0.000010	0.000010	0.000010	0.000010	0.000010	0.000010	0.000010	0.000010	0.999890	0.000010	0.000010	0.000010	LD_0.9_12_1807
PE887	0.000010	0.000010	0.000010	0.000010	0.000010	0.000010	0.000010	0.570662	0.000010	0.429238	0.000010	0.000010	LD_0.9_12_1807
QG1005	0.097064	0.000010	0.902836	0.000010	0.000010	0.000010	0.000010	0.000010	0.000010	0.000010	0.000010	0.000010	LD_0.9_12_1807
QG1007	0.000010	0.000010	0.999890	0.000010	0.000010	0.000010	0.000010	0.000010	0.000010	0.000010	0.000010	0.000010	LD_0.9_12_1807
QG1111	0.000017	0.000010	0.999883	0.000010	0.000010	0.000010	0.000010	0.000010	0.000010	0.000010	0.000010	0.000010	LD_0.9_12_1807
QG1126	0.000010	0.000010	0.999890	0.000010	0.000010	0.000010	0.000010	0.000010	0.000010	0.000010	0.000010	0.000010	LD_0.9_12_1807
QG1141	0.000010	0.000010	0.999890	0.000010	0.000010	0.000010	0.000010	0.000010	0.000010	0.000010	0.000010	0.000010	LD_0.9_12_1807
QG1155	0.000010	0.000010	0.997293	0.000010	0.000010	0.000010	0.000010	0.000010	0.000010	0.002607	0.000010	0.000010	LD_0.9_12_1807
QG130	0.000010	0.000010	0.000010	0.000010	0.000010	0.000010	0.000010	0.000010	0.000010	0.999890	0.000010	0.000010	LD_0.9_12_1807
QG132	0.040731	0.000010	0.000010	0.000010	0.000010	0.000010	0.000010	0.021447	0.000010	0.937732	0.000010	0.000010	LD_0.9_12_1807
QG133	0.000010	0.000010	0.000010	0.000010	0.000010	0.000010	0.977251	0.000010	0.000010	0.022649	0.000010	0.000010	LD_0.9_12_1807
QG2641	0.000010	0.000010	0.999890	0.000010	0.000010	0.000010	0.000010	0.000010	0.000010	0.000010	0.000010	0.000010	LD_0.9_12_1807
QG2648	0.000010	0.000010	0.999890	0.000010	0.000010	0.000010	0.000010	0.000010	0.000010	0.000010	0.000010	0.000010	LD_0.9_12_1807
QG2659	0.000010	0.000010	0.999890	0.000010	0.000010	0.000010	0.000010	0.000010	0.000010	0.000010	0.000010	0.000010	LD_0.9_12_1807
QG2663	0.000010	0.000010	0.999886	0.000010	0.000010	0.000010	0.000010	0.000010	0.000010	0.000014	0.000010	0.000010	LD_0.9_12_1807
QG2665	0.000010	0.000010	0.999890	0.000010	0.000010	0.000010	0.000010	0.000010	0.000010	0.000010	0.000010	0.000010	LD_0.9_12_1807
QG2683	0.000010	0.000010	0.999890	0.000010	0.000010	0.000010	0.000010	0.000010	0.000010	0.000010	0.000010	0.000010	LD_0.9_12_1807
QG2736	0.000010	0.000010	0.999890	0.000010	0.000010	0.000010	0.000010	0.000010	0.000010	0.000010	0.000010	0.000010	LD_0.9_12_1807
QG2814	0.000010	0.000010	0.000010	0.000010	0.000010	0.000010	0.000010	0.000010	0.000010	0.999890	0.000010	0.000010	LD_0.9_12_1807
QG2820	0.000010	0.000010	0.000010	0.000010	0.000010	0.000010	0.000010	0.000010	0.000010	0.999890	0.000010	0.000010	LD_0.9_12_1807
QG2848	0.000010	0.000010	0.000010	0.000010	0.000010	0.000010	0.000010	0.000010	0.000010	0.999890	0.000010	0.000010	LD_0.9_12_1807
QG2880	0.000010	0.000010	0.000010	0.000010	0.000010	0.999890	0.000010	0.000010	0.000010	0.000010	0.000010	0.000010	LD_0.9_12_1807
QG2881	0.000010	0.000012	0.000010	0.000010	0.000010	0.000010	0.000010	0.000010	0.000010	0.999888	0.000010	0.000010	LD_0.9_12_1807
QG2883	0.000010	0.000010	0.000010	0.000010	0.000010	0.000010	0.000010	0.000010	0.000010	0.999890	0.000010	0.000010	LD_0.9_12_1807
QG2884	0.000010	0.000010	0.000010	0.000010	0.000010	0.999890	0.000010	0.000010	0.000010	0.000010	0.000010	0.000010	LD_0.9_12_1807
QG2891	0.000010	0.000010	0.000010	0.000010	0.999890	0.000010	0.000010	0.000010	0.000010	0.000010	0.000010	0.000010	LD_0.9_12_1807
QG2892	0.000010	0.000010	0.000018	0.000010	0.000010	0.999882	0.000010	0.000010	0.000010	0.000010	0.000010	0.000010	LD_0.9_12_1807
QG2893	0.000010	0.000015	0.000010	0.176055	0.823839	0.000011	0.000010	0.000010	0.000010	0.000010	0.000010	0.000010	LD_0.9_12_1807
QG2895	0.000010	0.000010	0.000010	0.000010	0.000010	0.999890	0.000010	0.000010	0.000010	0.000010	0.000010	0.000010	LD_0.9_12_1807
QG2902	0.000010	0.000010	0.000010	0.000010	0.000010	0.999890	0.000010	0.000010	0.000010	0.000010	0.000010	0.000010	LD_0.9_12_1807
QG2903	0.000010	0.000010	0.000010	0.000010	0.000010	0.999890	0.000010	0.000010	0.000010	0.000010	0.000010	0.000010	LD_0.9_12_1807
QG2906	0.000010	0.000010	0.000010	0.000010	0.000010	0.999890	0.000010	0.000010	0.000010	0.000010	0.000010	0.000010	LD_0.9_12_1807
QG2908	0.000010	0.000010	0.000010	0.177345	0.822555	0.000010	0.000010	0.000010	0.000010	0.000010	0.000010	0.000010	LD_0.9_12_1807
QG2910	0.065189	0.000010	0.000010	0.000010	0.000010	0.000010	0.000010	0.000010	0.000010	0.934711	0.000010	0.000010	LD_0.9_12_1807
QG2919	0.000010	0.000010	0.000010	0.000010	0.999890	0.000010	0.000010	0.000010	0.000010	0.000010	0.000010	0.000010	LD_0.9_12_1807
QG2923	0.000010	0.000010	0.000015	0.000010	0.000010	0.999885	0.000010	0.000010	0.000010	0.000010	0.000010	0.000010	LD_0.9_12_1807
QG2925	0.000010	0.000010	0.000020	0.000010	0.000010	0.999880	0.000010	0.000010	0.000010	0.000010	0.000010	0.000010	LD_0.9_12_1807
QG2964	0.000010	0.000010	0.999890	0.000010	0.000010	0.000010	0.000010	0.000010	0.000010	0.000010	0.000010	0.000010	LD_0.9_12_1807
QG2966	0.020943	0.000010	0.623649	0.000010	0.000010	0.000010	0.000010	0.175846	0.000010	0.179482	0.000010	0.000010	LD_0.9_12_1807
QG2969	0.000010	0.000010	0.999890	0.000010	0.000010	0.000010	0.000010	0.000010	0.000010	0.000010	0.000010	0.000010	LD_0.9_12_1807
QG2972	0.000010	0.000010	0.999890	0.000010	0.000010	0.000010	0.000010	0.000010	0.000010	0.000010	0.000010	0.000010	LD_0.9_12_1807
QG2996	0.000010	0.000010	0.999890	0.000010	0.000010	0.000010	0.000010	0.000010	0.000010	0.000010	0.000010	0.000010	LD_0.9_12_1807
QG3004	0.156286	0.000010	0.763462	0.000010	0.000010	0.000010	0.000010	0.000010	0.000010	0.080162	0.000010	0.000010	LD_0.9_12_1807
QG3006	0.000010	0.000010	0.999890	0.000010	0.000010	0.000010	0.000010	0.000010	0.000010	0.000010	0.000010	0.000010	LD_0.9_12_1807
QG3019	0.171785	0.000010	0.828115	0.000010	0.000010	0.000010	0.000010	0.000010	0.000010	0.000010	0.000010	0.000010	LD_0.9_12_1807
QG3025	0.000010	0.000010	0.999880	0.000010	0.000010	0.000010	0.000010	0.000020	0.000010	0.000010	0.000010	0.000010	LD_0.9_12_1807
QG3030	0.000010	0.000010	0.999879	0.000010	0.000010	0.000010	0.000010	0.000013	0.000010	0.000018	0.000010	0.000010	LD_0.9_12_1807
QG3032	0.273330	0.000010	0.721317	0.000010	0.000010	0.000010	0.000010	0.000010	0.000010	0.005263	0.000010	0.000010	LD_0.9_12_1807
QG3034	0.000010	0.000010	0.999890	0.000010	0.000010	0.000010	0.000010	0.000010	0.000010	0.000010	0.000010	0.000010	LD_0.9_12_1807
QG3041	0.000010	0.000010	0.999890	0.000010	0.000010	0.000010	0.000010	0.000010	0.000010	0.000010	0.000010	0.000010	LD_0.9_12_1807
QG3053	0.000010	0.000010	0.000010	0.000010	0.000010	0.000010	0.000010	0.900964	0.000010	0.098936	0.000010	0.000010	LD_0.9_12_1807
QG3056	0.035455	0.000010	0.613996	0.000010	0.000010	0.000010	0.000010	0.156659	0.000010	0.193810	0.000010	0.000010	LD_0.9_12_1807
QG3057	0.000010	0.000010	0.999890	0.000010	0.000010	0.000010	0.000010	0.000010	0.000010	0.000010	0.000010	0.000010	LD_0.9_12_1807
QG3058	0.087648	0.000010	0.912252	0.000010	0.000010	0.000010	0.000010	0.000010	0.000010	0.000010	0.000010	0.000010	LD_0.9_12_1807
QG3527	0.068889	0.000010	0.133700	0.000010	0.000010	0.000010	0.000010	0.797320	0.000010	0.000010	0.000010	0.000010	LD_0.9_12_1807
QG3661	0.000010	0.000010	0.000010	0.000016	0.000018	0.000010	0.000010	0.000010	0.999874	0.000013	0.000010	0.000010	LD_0.9_12_1807
QG3783	0.000010	0.000010	0.090209	0.000010	0.000010	0.000010	0.000010	0.829557	0.000010	0.080144	0.000010	0.000010	LD_0.9_12_1807
QG3801	0.063097	0.000010	0.893835	0.000010	0.000010	0.000010	0.000010	0.042437	0.000010	0.000552	0.000010	0.000010	LD_0.9_12_1807
QG3815	0.156448	0.000010	0.004477	0.000010	0.000010	0.000010	0.000010	0.838985	0.000010	0.000010	0.000010	0.000010	LD_0.9_12_1807
QG3816	0.000010	0.000010	0.074875	0.000010	0.000010	0.000010	0.000010	0.925025	0.000010	0.000010	0.000010	0.000010	LD_0.9_12_1807
QG3823	0.097538	0.010273	0.874828	0.000010	0.000010	0.004913	0.000010	0.000010	0.000010	0.012378	0.000010	0.000010	LD_0.9_12_1807
QG3825	0.000010	0.000010	0.000010	0.000010	0.000010	0.000010	0.000010	0.999890	0.000010	0.000010	0.000010	0.000010	LD_0.9_12_1807
QG3826	0.000010	0.000010	0.100916	0.000010	0.000010	0.000010	0.000010	0.898984	0.000010	0.000010	0.000010	0.000010	LD_0.9_12_1807
QG3837	0.000010	0.000010	0.000010	0.000010	0.000010	0.000010	0.000010	0.999890	0.000010	0.000010	0.000010	0.000010	LD_0.9_12_1807
QG3851	0.000010	0.000010	0.097940	0.000010	0.000010	0.000010	0.000010	0.837800	0.000010	0.064170	0.000010	0.000010	LD_0.9_12_1807
QG3861	0.065409	0.000010	0.041672	0.000010	0.000012	0.000010	0.000010	0.892827	0.000010	0.000010	0.000010	0.000010	LD_0.9_12_1807
QG3867	0.057942	0.000010	0.861186	0.000010	0.000010	0.000010	0.000010	0.080781	0.000010	0.000010	0.000010	0.000010	LD_0.9_12_1807
QG3874	0.000010	0.000010	0.000010	0.000010	0.000010	0.000010	0.000010	0.999890	0.000010	0.000010	0.000010	0.000010	LD_0.9_12_1807
QG3875	0.129878	0.000010	0.000010	0.000010	0.000010	0.000010	0.000010	0.870022	0.000010	0.000010	0.000010	0.000010	LD_0.9_12_1807
QG3876	0.000010	0.000010	0.088094	0.000010	0.000010	0.000010	0.000010	0.911806	0.000010	0.000010	0.000010	0.000010	LD_0.9_12_1807
QG3878	0.159853	0.000010	0.000010	0.000010	0.000010	0.000010	0.000010	0.840047	0.000010	0.000010	0.000010	0.000010	LD_0.9_12_1807
QG3920	0.187151	0.000010	0.053708	0.000010	0.000010	0.000010	0.000010	0.759052	0.000010	0.000010	0.000010	0.000010	LD_0.9_12_1807
QG3921	0.174244	0.000010	0.044548	0.000010	0.000010	0.000010	0.000010	0.781118	0.000010	0.000010	0.000010	0.000010	LD_0.9_12_1807
QG3923	0.127189	0.000010	0.000010	0.000010	0.000010	0.000010	0.000010	0.863258	0.000010	0.009464	0.000010	0.000010	LD_0.9_12_1807
QG3924	0.537888	0.000010	0.080255	0.000010	0.000010	0.000011	0.000010	0.142269	0.000010	0.239507	0.000010	0.000010	LD_0.9_12_1807
QG3925	0.280357	0.000010	0.000010	0.000010	0.000010	0.000010	0.000010	0.719543	0.000010	0.000010	0.000010	0.000010	LD_0.9_12_1807
QG3926	0.262042	0.000010	0.000010	0.000010	0.000010	0.000010	0.000010	0.737858	0.000010	0.000010	0.000010	0.000010	LD_0.9_12_1807
QG3927	0.207486	0.000010	0.000010	0.000010	0.000010	0.000010	0.000010	0.792414	0.000010	0.000010	0.000010	0.000010	LD_0.9_12_1807
QG3931	0.629903	0.000010	0.000010	0.000010	0.000010	0.000010	0.000010	0.327873	0.000010	0.042134	0.000010	0.000010	LD_0.9_12_1807
QG3932	0.365699	0.000010	0.000010	0.000010	0.000010	0.000010	0.000010	0.388391	0.000010	0.245820	0.000010	0.000010	LD_0.9_12_1807
QG3933	0.000010	0.000010	0.000010	0.000010	0.000010	0.000010	0.000010	0.849764	0.000010	0.150136	0.000010	0.000010	LD_0.9_12_1807
QG4026	0.000010	0.000010	0.000010	0.000010	0.999890	0.000010	0.000010	0.000010	0.000010	0.000010	0.000010	0.000010	LD_0.9_12_1807
QG4028	0.000010	0.000010	0.000010	0.000010	0.999890	0.000010	0.000010	0.000010	0.000010	0.000010	0.000010	0.000010	LD_0.9_12_1807
QG4031	0.000010	0.000010	0.000010	0.000010	0.999890	0.000010	0.000010	0.000010	0.000010	0.000010	0.000010	0.000010	LD_0.9_12_1807
QG4063	0.000010	0.000010	0.000010	0.000012	0.999887	0.000010	0.000010	0.000010	0.000010	0.000010	0.000010	0.000010	LD_0.9_12_1807
QG4064	0.000010	0.000010	0.000010	0.000010	0.999890	0.000010	0.000010	0.000010	0.000010	0.000010	0.000010	0.000010	LD_0.9_12_1807
QG4067	0.000010	0.000010	0.000010	0.000010	0.999890	0.000010	0.000010	0.000010	0.000010	0.000010	0.000010	0.000010	LD_0.9_12_1807
QG4068	0.000010	0.000010	0.000010	0.000010	0.999890	0.000010	0.000010	0.000010	0.000010	0.000010	0.000010	0.000010	LD_0.9_12_1807
QG4070	0.000010	0.000010	0.000010	0.000010	0.000010	0.000010	0.000010	0.215635	0.000010	0.784265	0.000010	0.000010	LD_0.9_12_1807
QG4093	0.000010	0.000010	0.000010	0.111731	0.888169	0.000010	0.000010	0.000010	0.000010	0.000010	0.000010	0.000010	LD_0.9_12_1807
QG4094	0.000010	0.000010	0.000010	0.000010	0.999890	0.000010	0.000010	0.000010	0.000010	0.000010	0.000010	0.000010	LD_0.9_12_1807
QG4095	0.000010	0.000010	0.000010	0.000010	0.999890	0.000010	0.000010	0.000010	0.000010	0.000010	0.000010	0.000010	LD_0.9_12_1807
QG4096	0.000010	0.000010	0.000010	0.000010	0.999890	0.000010	0.000010	0.000010	0.000010	0.000010	0.000010	0.000010	LD_0.9_12_1807
QG4097	0.000010	0.000010	0.000010	0.000013	0.999887	0.000010	0.000010	0.000010	0.000010	0.000010	0.000010	0.000010	LD_0.9_12_1807
QG4104	0.000010	0.000010	0.000010	0.000010	0.999890	0.000010	0.000010	0.000010	0.000010	0.000010	0.000010	0.000010	LD_0.9_12_1807
QG4114	0.000010	0.000010	0.000010	0.000013	0.999887	0.000010	0.000010	0.000010	0.000010	0.000010	0.000010	0.000010	LD_0.9_12_1807
QG4131	0.000010	0.000010	0.000010	0.000013	0.999887	0.000010	0.000010	0.000010	0.000010	0.000010	0.000010	0.000010	LD_0.9_12_1807
QG4132	0.000010	0.000010	0.000010	0.000013	0.999887	0.000010	0.000010	0.000010	0.000010	0.000010	0.000010	0.000010	LD_0.9_12_1807
QG4208	0.000010	0.000010	0.000010	0.138087	0.861813	0.000010	0.000010	0.000010	0.000010	0.000010	0.000010	0.000010	LD_0.9_12_1807
QG4214	0.000010	0.000011	0.000010	0.000013	0.999885	0.000010	0.000010	0.000010	0.000010	0.000010	0.000010	0.000010	LD_0.9_12_1807
QG4225	0.000010	0.000010	0.000010	0.000014	0.999883	0.000010	0.000010	0.000010	0.000010	0.000010	0.000014	0.000010	LD_0.9_12_1807
QG4232	0.000010	0.000010	0.000010	0.031003	0.968897	0.000010	0.000010	0.000010	0.000010	0.000010	0.000010	0.000010	LD_0.9_12_1807
QG4233	0.000010	0.000010	0.000010	0.000010	0.999890	0.000010	0.000010	0.000010	0.000010	0.000010	0.000010	0.000010	LD_0.9_12_1807
QG4647	0.000010	0.000010	0.000010	0.000010	0.000010	0.999890	0.000010	0.000010	0.000010	0.000010	0.000010	0.000010	LD_0.9_12_1807
QG4648	0.000010	0.000010	0.000010	0.000010	0.000010	0.000010	0.000010	0.003101	0.000010	0.996799	0.000010	0.000010	LD_0.9_12_1807
QG4683	0.000010	0.000010	0.000010	0.000010	0.000010	0.000010	0.000010	0.072649	0.000010	0.927251	0.000010	0.000010	LD_0.9_12_1807
QG4701	0.000010	0.000010	0.000010	0.000010	0.000010	0.560962	0.000010	0.000010	0.000010	0.438938	0.000010	0.000010	LD_0.9_12_1807
QG4706	0.000010	0.000010	0.000010	0.000010	0.000010	0.000010	0.000010	0.000010	0.000010	0.999890	0.000010	0.000010	LD_0.9_12_1807
QG4718	0.000010	0.000010	0.000010	0.000010	0.000010	0.000010	0.000010	0.000010	0.000010	0.999890	0.000010	0.000010	LD_0.9_12_1807
QG4742	0.000010	0.000010	0.000010	0.000010	0.000010	0.021286	0.000010	0.079798	0.000010	0.898826	0.000010	0.000010	LD_0.9_12_1807
QG4805	0.000010	0.000010	0.000010	0.000010	0.000010	0.999890	0.000010	0.000010	0.000010	0.000010	0.000010	0.000010	LD_0.9_12_1807
QG4847	0.000010	0.000010	0.000010	0.000010	0.000010	0.000010	0.000010	0.000012	0.000010	0.999888	0.000010	0.000010	LD_0.9_12_1807
QG4966	0.000010	0.000010	0.000010	0.000010	0.000010	0.000010	0.000010	0.000010	0.000010	0.999890	0.000010	0.000010	LD_0.9_12_1807
QG5348	0.000010	0.000010	0.000010	0.000010	0.000010	0.000010	0.000010	0.000010	0.000010	0.999890	0.000010	0.000010	LD_0.9_12_1807
QG5406	0.000010	0.000010	0.000010	0.000010	0.000010	0.000010	0.000010	0.064065	0.000010	0.935835	0.000010	0.000010	LD_0.9_12_1807
QG547	0.000010	0.000010	0.000010	0.000012	0.000010	0.000010	0.000010	0.000010	0.999888	0.000010	0.000010	0.000010	LD_0.9_12_1807
QG5474	0.000010	0.000010	0.000010	0.000010	0.000010	0.650362	0.000010	0.000010	0.000010	0.349538	0.000010	0.000010	LD_0.9_12_1807
QG5488	0.000010	0.000010	0.000010	0.000010	0.000010	0.000010	0.000010	0.000010	0.000010	0.999890	0.000010	0.000010	LD_0.9_12_1807
QG550	0.000010	0.622606	0.000013	0.000014	0.000011	0.053998	0.000010	0.082157	0.000010	0.241151	0.000011	0.000010	LD_0.9_12_1807
QG5507	0.000010	0.000010	0.000010	0.000010	0.000010	0.196019	0.000010	0.000010	0.000010	0.803881	0.000010	0.000010	LD_0.9_12_1807
QG5525	0.000010	0.000010	0.000010	0.000010	0.000010	0.000010	0.000010	0.061868	0.000010	0.938032	0.000010	0.000010	LD_0.9_12_1807
QG5589	0.000010	0.000010	0.000010	0.000010	0.000010	0.836728	0.000010	0.022303	0.000010	0.140879	0.000010	0.000010	LD_0.9_12_1807
QG5603	0.000010	0.000010	0.000010	0.000010	0.000010	0.663359	0.000010	0.000010	0.000010	0.336541	0.000010	0.000010	LD_0.9_12_1807
QG5611	0.035056	0.000010	0.000010	0.000010	0.000010	0.000010	0.000010	0.000010	0.000010	0.964844	0.000010	0.000010	LD_0.9_12_1807
QG5612	0.089915	0.000010	0.000010	0.000010	0.000010	0.000010	0.000010	0.199406	0.000010	0.710589	0.000010	0.000010	LD_0.9_12_1807
QG5633	0.014984	0.000010	0.000010	0.000010	0.000010	0.000012	0.000010	0.000010	0.000010	0.984914	0.000010	0.000010	LD_0.9_12_1807
QG581	0.000010	0.000010	0.000010	0.000010	0.000015	0.000010	0.000010	0.000010	0.999885	0.000010	0.000010	0.000010	LD_0.9_12_1807
QG588	0.000018	0.000010	0.000010	0.000013	0.000010	0.000010	0.000015	0.000016	0.999858	0.000020	0.000010	0.000010	LD_0.9_12_1807
QG700	0.239023	0.000010	0.760877	0.000010	0.000010	0.000010	0.000010	0.000010	0.000010	0.000010	0.000010	0.000010	LD_0.9_12_1807
QG727	0.000010	0.000010	0.999890	0.000010	0.000010	0.000010	0.000010	0.000010	0.000010	0.000010	0.000010	0.000010	LD_0.9_12_1807
QG733	0.000010	0.000010	0.999890	0.000010	0.000010	0.000010	0.000010	0.000010	0.000010	0.000010	0.000010	0.000010	LD_0.9_12_1807
QG736	0.000010	0.000010	0.999890	0.000010	0.000010	0.000010	0.000010	0.000010	0.000010	0.000010	0.000010	0.000010	LD_0.9_12_1807
QG737	0.000010	0.000018	0.999877	0.000010	0.000010	0.000010	0.000010	0.000015	0.000010	0.000010	0.000010	0.000010	LD_0.9_12_1807
QG739	0.000010	0.000010	0.999890	0.000010	0.000010	0.000010	0.000010	0.000010	0.000010	0.000010	0.000010	0.000010	LD_0.9_12_1807
QG761	0.353679	0.000010	0.646221	0.000010	0.000010	0.000010	0.000010	0.000010	0.000010	0.000010	0.000010	0.000010	LD_0.9_12_1807
QG763	0.073925	0.000010	0.925975	0.000010	0.000010	0.000010	0.000010	0.000010	0.000010	0.000010	0.000010	0.000010	LD_0.9_12_1807
QG776	0.000010	0.000010	0.983557	0.000010	0.000010	0.000010	0.000010	0.016343	0.000010	0.000010	0.000010	0.000010	LD_0.9_12_1807
QG781	0.000010	0.000010	0.999890	0.000010	0.000010	0.000010	0.000010	0.000010	0.000010	0.000010	0.000010	0.000010	LD_0.9_12_1807
QG784	0.000010	0.000010	0.999890	0.000010	0.000010	0.000010	0.000010	0.000010	0.000010	0.000010	0.000010	0.000010	LD_0.9_12_1807
QG786	0.000019	0.000010	0.999873	0.000010	0.000010	0.000010	0.000010	0.000010	0.000010	0.000018	0.000010	0.000010	LD_0.9_12_1807
QG788	0.000010	0.000010	0.999890	0.000010	0.000010	0.000010	0.000010	0.000010	0.000010	0.000010	0.000010	0.000010	LD_0.9_12_1807
QG790	0.000010	0.000010	0.999890	0.000010	0.000010	0.000010	0.000010	0.000010	0.000010	0.000010	0.000010	0.000010	LD_0.9_12_1807
QG791	0.000010	0.000010	0.938246	0.000010	0.000010	0.000010	0.000010	0.000010	0.000010	0.061654	0.000010	0.000010	LD_0.9_12_1807
QG795	0.359736	0.000010	0.639010	0.000010	0.000010	0.000010	0.000010	0.000010	0.000010	0.001164	0.000010	0.000010	LD_0.9_12_1807
QG797	0.000010	0.000010	0.999890	0.000010	0.000010	0.000010	0.000010	0.000010	0.000010	0.000010	0.000010	0.000010	LD_0.9_12_1807
QG802	0.000010	0.000010	0.999890	0.000010	0.000010	0.000010	0.000010	0.000010	0.000010	0.000010	0.000010	0.000010	LD_0.9_12_1807
QG804	0.000010	0.000010	0.999890	0.000010	0.000010	0.000010	0.000010	0.000010	0.000010	0.000010	0.000010	0.000010	LD_0.9_12_1807
QG806	0.000010	0.000010	0.999890	0.000010	0.000010	0.000010	0.000010	0.000010	0.000010	0.000010	0.000010	0.000010	LD_0.9_12_1807
QG807	0.000010	0.000010	0.999890	0.000010	0.000010	0.000010	0.000010	0.000010	0.000010	0.000010	0.000010	0.000010	LD_0.9_12_1807
QG808	0.000010	0.000010	0.954692	0.000010	0.000010	0.000010	0.000010	0.000010	0.000010	0.045208	0.000010	0.000010	LD_0.9_12_1807
QG809	0.000010	0.000010	0.999890	0.000010	0.000010	0.000010	0.000010	0.000010	0.000010	0.000010	0.000010	0.000010	LD_0.9_12_1807
QG825	0.000010	0.000010	0.999890	0.000010	0.000010	0.000010	0.000010	0.000010	0.000010	0.000010	0.000010	0.000010	LD_0.9_12_1807
QG827	0.000010	0.000010	0.999890	0.000010	0.000010	0.000010	0.000010	0.000010	0.000010	0.000010	0.000010	0.000010	LD_0.9_12_1807
QG828	0.000010	0.000010	0.999890	0.000010	0.000010	0.000010	0.000010	0.000010	0.000010	0.000010	0.000010	0.000010	LD_0.9_12_1807
QG833	0.000010	0.000010	0.972976	0.000010	0.000010	0.000010	0.000012	0.000010	0.000010	0.026922	0.000010	0.000010	LD_0.9_12_1807
QG855	0.000010	0.000010	0.965906	0.000010	0.000010	0.000010	0.000010	0.000010	0.000010	0.033994	0.000010	0.000010	LD_0.9_12_1807
QG856	0.000010	0.000010	0.999890	0.000010	0.000010	0.000010	0.000010	0.000010	0.000010	0.000010	0.000010	0.000010	LD_0.9_12_1807
QG858	0.000010	0.000010	0.999890	0.000010	0.000010	0.000010	0.000010	0.000010	0.000010	0.000010	0.000010	0.000010	LD_0.9_12_1807
QG860	0.286961	0.000010	0.712939	0.000010	0.000010	0.000010	0.000010	0.000010	0.000010	0.000010	0.000010	0.000010	LD_0.9_12_1807
QG864	0.000010	0.000010	0.999890	0.000010	0.000010	0.000010	0.000010	0.000010	0.000010	0.000010	0.000010	0.000010	LD_0.9_12_1807
QG865	0.000010	0.000010	0.999890	0.000010	0.000010	0.000010	0.000010	0.000010	0.000010	0.000010	0.000010	0.000010	LD_0.9_12_1807
QG866	0.000010	0.000010	0.999890	0.000010	0.000010	0.000010	0.000010	0.000010	0.000010	0.000010	0.000010	0.000010	LD_0.9_12_1807
QG868	0.081617	0.000010	0.918276	0.000010	0.000010	0.000010	0.000010	0.000010	0.000010	0.000017	0.000010	0.000010	LD_0.9_12_1807
QG874	0.000010	0.000010	0.999881	0.000010	0.000010	0.000010	0.000010	0.000019	0.000010	0.000010	0.000010	0.000010	LD_0.9_12_1807
QG875	0.000010	0.000010	0.999890	0.000010	0.000010	0.000010	0.000010	0.000010	0.000010	0.000010	0.000010	0.000010	LD_0.9_12_1807
QG878	0.000010	0.000010	0.999890	0.000010	0.000010	0.000010	0.000010	0.000010	0.000010	0.000010	0.000010	0.000010	LD_0.9_12_1807
QG879	0.000010	0.000010	0.999890	0.000010	0.000010	0.000010	0.000010	0.000010	0.000010	0.000010	0.000010	0.000010	LD_0.9_12_1807
QG880	0.000010	0.000010	0.999890	0.000010	0.000010	0.000010	0.000010	0.000010	0.000010	0.000010	0.000010	0.000010	LD_0.9_12_1807
QG881	0.334617	0.000010	0.665283	0.000010	0.000010	0.000010	0.000010	0.000010	0.000010	0.000010	0.000010	0.000010	LD_0.9_12_1807
QG887	0.000010	0.000010	0.999890	0.000010	0.000010	0.000010	0.000010	0.000010	0.000010	0.000010	0.000010	0.000010	LD_0.9_12_1807
QG888	0.000010	0.000010	0.999890	0.000010	0.000010	0.000010	0.000010	0.000010	0.000010	0.000010	0.000010	0.000010	LD_0.9_12_1807
QG926	0.000010	0.000010	0.999890	0.000010	0.000010	0.000010	0.000010	0.000010	0.000010	0.000010	0.000010	0.000010	LD_0.9_12_1807
QG927	0.000010	0.000010	0.074310	0.000010	0.000010	0.000010	0.000010	0.000010	0.000010	0.925590	0.000010	0.000010	LD_0.9_12_1807
QG933	0.000010	0.000010	0.999890	0.000010	0.000010	0.000010	0.000010	0.000010	0.000010	0.000010	0.000010	0.000010	LD_0.9_12_1807
QG937	0.000010	0.000010	0.999890	0.000010	0.000010	0.000010	0.000010	0.000010	0.000010	0.000010	0.000010	0.000010	LD_0.9_12_1807
QG945	0.000010	0.000010	0.999890	0.000010	0.000010	0.000010	0.000010	0.000010	0.000010	0.000010	0.000010	0.000010	LD_0.9_12_1807
QG946	0.000010	0.000010	0.999890	0.000010	0.000010	0.000010	0.000010	0.000010	0.000010	0.000010	0.000010	0.000010	LD_0.9_12_1807
QG947	0.000010	0.000010	0.999890	0.000010	0.000010	0.000010	0.000010	0.000010	0.000010	0.000010	0.000010	0.000010	LD_0.9_12_1807
QG948	0.000010	0.000010	0.978285	0.000010	0.000010	0.000010	0.000010	0.000010	0.000010	0.021615	0.000010	0.000010	LD_0.9_12_1807
QG952	0.000010	0.000010	0.916393	0.000010	0.000010	0.000010	0.000010	0.083507	0.000010	0.000010	0.000010	0.000010	LD_0.9_12_1807
QG978	0.123898	0.000010	0.859315	0.000010	0.000010	0.000010	0.000010	0.000010	0.000010	0.016697	0.000010	0.000010	LD_0.9_12_1807
QG980	0.000012	0.000010	0.999888	0.000010	0.000010	0.000010	0.000010	0.000010	0.000010	0.000010	0.000010	0.000010	LD_0.9_12_1807
QG986	0.000010	0.000010	0.955217	0.000019	0.000010	0.000017	0.000010	0.000010	0.000010	0.044667	0.000010	0.000010	LD_0.9_12_1807
QG991	0.000010	0.000010	0.999890	0.000010	0.000010	0.000010	0.000010	0.000010	0.000010	0.000010	0.000010	0.000010	LD_0.9_12_1807
QG994	0.000010	0.000010	0.999890	0.000010	0.000010	0.000010	0.000010	0.000010	0.000010	0.000010	0.000010	0.000010	LD_0.9_12_1807
QG995	0.000010	0.000010	0.999890	0.000010	0.000010	0.000010	0.000010	0.000010	0.000010	0.000010	0.000010	0.000010	LD_0.9_12_1807
QG997	0.021801	0.000010	0.978099	0.000010	0.000010	0.000010	0.000010	0.000010	0.000010	0.000010	0.000010	0.000010	LD_0.9_12_1807
QG998	0.000015	0.000010	0.999885	0.000010	0.000010	0.000010	0.000010	0.000010	0.000010	0.000010	0.000010	0.000010	LD_0.9_12_1807
QR25	0.000010	0.000010	0.000010	0.000010	0.000010	0.000010	0.000010	0.000010	0.228669	0.005100	0.000010	0.766141	LD_0.9_12_1807
QX1410	0.000010	0.000010	0.000010	0.000010	0.000010	0.000010	0.000010	0.999890	0.000010	0.000010	0.000010	0.000010	LD_0.9_12_1807
QX1547	0.000010	0.000010	0.000010	0.000010	0.000011	0.000010	0.000010	0.000010	0.999889	0.000010	0.000010	0.000010	LD_0.9_12_1807
QX1795	0.079396	0.000010	0.000010	0.000010	0.000010	0.000010	0.000010	0.097789	0.000010	0.822725	0.000010	0.000010	LD_0.9_12_1807
QX1796	0.000010	0.000010	0.000010	0.000010	0.000010	0.000010	0.000010	0.000010	0.000010	0.999890	0.000010	0.000010	LD_0.9_12_1807
QX1798	0.000010	0.000010	0.000010	0.000010	0.000010	0.000010	0.999887	0.000010	0.000010	0.000013	0.000010	0.000010	LD_0.9_12_1807
QX1800	0.000010	0.000010	0.000010	0.000010	0.000010	0.000010	0.000010	0.000010	0.000010	0.999890	0.000010	0.000010	LD_0.9_12_1807
QX1801	0.000010	0.000010	0.000010	0.000010	0.000010	0.000010	0.000010	0.030665	0.000010	0.969235	0.000010	0.000010	LD_0.9_12_1807
QX1802	0.000010	0.000010	0.000010	0.000010	0.000010	0.000010	0.000010	0.000010	0.000010	0.999890	0.000010	0.000010	LD_0.9_12_1807
QX1803	0.000010	0.000010	0.000010	0.000010	0.000010	0.000010	0.000010	0.000010	0.000010	0.999890	0.000010	0.000010	LD_0.9_12_1807
QX1804	0.000010	0.000010	0.000010	0.000010	0.000010	0.000010	0.000010	0.000010	0.000010	0.999890	0.000010	0.000010	LD_0.9_12_1807
SOW18	0.000010	0.000010	0.000010	0.000010	0.000010	0.000010	0.000010	0.000010	0.999890	0.000010	0.000010	0.000010	LD_0.9_12_1807
SOW21	0.000010	0.000010	0.000010	0.000010	0.000012	0.000010	0.000010	0.000010	0.999888	0.000010	0.000010	0.000010	LD_0.9_12_1807
SOW22	0.000010	0.000010	0.000010	0.000010	0.000010	0.000010	0.000010	0.000010	0.999890	0.000010	0.000010	0.000010	LD_0.9_12_1807
TT3408	0.000010	0.000010	0.000010	0.000010	0.000010	0.000010	0.000010	0.000010	0.000010	0.999890	0.000010	0.000010	LD_0.9_12_1807
TT3411	0.000010	0.000010	0.000010	0.000010	0.000010	0.000010	0.000010	0.000010	0.000010	0.999890	0.000010	0.000010	LD_0.9_12_1807
TWN1772	0.000010	0.000010	0.000010	0.000010	0.000010	0.000010	0.999890	0.000010	0.000010	0.000010	0.000010	0.000010	LD_0.9_12_1807
TWN1824	0.000010	0.000012	0.000010	0.000010	0.000010	0.000010	0.000010	0.000010	0.000011	0.000010	0.999887	0.000010	LD_0.9_12_1807
TWN1899	0.000010	0.000010	0.000010	0.000010	0.000010	0.000010	0.000010	0.000010	0.000010	0.000010	0.999890	0.000010	LD_0.9_12_1807
TWN1907	0.000010	0.000014	0.000010	0.000010	0.000010	0.000010	0.999886	0.000010	0.000010	0.000010	0.000010	0.000010	LD_0.9_12_1807
TWN2919	0.000010	0.000010	0.000010	0.000010	0.000010	0.000010	0.999890	0.000010	0.000010	0.000010	0.000010	0.000010	LD_0.9_12_1807
TWN3077	0.000010	0.000010	0.000010	0.000010	0.000010	0.000010	0.999890	0.000010	0.000010	0.000010	0.000010	0.000010	LD_0.9_12_1807
UH1	0.000010	0.000010	0.000010	0.000010	0.000010	0.000010	0.999890	0.000010	0.000010	0.000010	0.000010	0.000010	LD_0.9_12_1807
VSL2201	0.000010	0.705663	0.000010	0.000010	0.000010	0.000010	0.000010	0.235649	0.000010	0.058598	0.000010	0.000010	LD_0.9_12_1807
VSL2207	0.000010	0.000010	0.000010	0.999889	0.000011	0.000010	0.000010	0.000010	0.000010	0.000010	0.000010	0.000010	LD_0.9_12_1807
VSL2209	0.000010	0.000010	0.000010	0.999890	0.000010	0.000010	0.000010	0.000010	0.000010	0.000010	0.000010	0.000010	LD_0.9_12_1807
VSL2210	0.000010	0.000010	0.000010	0.000010	0.000010	0.000010	0.000010	0.999890	0.000010	0.000010	0.000010	0.000010	LD_0.9_12_1807
VSL2212	0.000010	0.000010	0.000010	0.000010	0.000010	0.000010	0.000010	0.999890	0.000010	0.000010	0.000010	0.000010	LD_0.9_12_1807
VSL2213	0.000010	0.999890	0.000010	0.000010	0.000010	0.000010	0.000010	0.000010	0.000010	0.000010	0.000010	0.000010	LD_0.9_12_1807
VSL2215	0.000010	0.926935	0.000010	0.000010	0.000010	0.000010	0.000010	0.058735	0.000010	0.014241	0.000010	0.000010	LD_0.9_12_1807
VSL2216	0.000010	0.999890	0.000010	0.000010	0.000010	0.000010	0.000010	0.000010	0.000010	0.000010	0.000010	0.000010	LD_0.9_12_1807
VSL2217	0.000010	0.000010	0.000010	0.000010	0.000010	0.999890	0.000010	0.000010	0.000010	0.000010	0.000010	0.000010	LD_0.9_12_1807
VSL2219	0.000010	0.000010	0.000010	0.000010	0.000010	0.000010	0.000010	0.245302	0.000010	0.754598	0.000010	0.000010	LD_0.9_12_1807
VT847	0.000010	0.000010	0.000010	0.000010	0.000010	0.000010	0.000010	0.194634	0.000010	0.805266	0.000010	0.000010	LD_0.9_12_1807
VX34	0.000010	0.000010	0.000010	0.000010	0.000010	0.000010	0.000010	0.000010	0.103653	0.000010	0.000010	0.896247	LD_0.9_12_1807
XZ1204	0.000010	0.477697	0.000010	0.000010	0.000010	0.000011	0.000010	0.454792	0.000010	0.067421	0.000010	0.000010	LD_0.9_12_1807
XZ1205	0.000010	0.999890	0.000010	0.000010	0.000010	0.000010	0.000010	0.000010	0.000010	0.000010	0.000010	0.000010	LD_0.9_12_1807
XZ1206	0.000010	0.999890	0.000010	0.000010	0.000010	0.000010	0.000010	0.000010	0.000010	0.000010	0.000010	0.000010	LD_0.9_12_1807
XZ1207	0.000010	0.000010	0.000010	0.000010	0.000010	0.000010	0.000010	0.710965	0.000010	0.288935	0.000010	0.000010	LD_0.9_12_1807
XZ1210	0.000010	0.000010	0.000010	0.000010	0.000010	0.000010	0.000010	0.918925	0.000010	0.080975	0.000010	0.000010	LD_0.9_12_1807
XZ1212	0.007184	0.000010	0.000010	0.000010	0.000010	0.000010	0.000010	0.678334	0.000010	0.314392	0.000010	0.000010	LD_0.9_12_1807
XZ1213	0.000010	0.000010	0.000010	0.000010	0.000010	0.000010	0.000010	0.909385	0.000010	0.090515	0.000010	0.000010	LD_0.9_12_1807
XZ1731	0.000010	0.000010	0.000010	0.000010	0.000010	0.000010	0.000010	0.778163	0.000010	0.221737	0.000010	0.000010	LD_0.9_12_1807
XZ1732	0.000010	0.000010	0.000010	0.000010	0.000010	0.000010	0.000010	0.999890	0.000010	0.000010	0.000010	0.000010	LD_0.9_12_1807
ZZY0992	0.000010	0.000010	0.000010	0.000010	0.000012	0.999888	0.000010	0.000010	0.000010	0.000010	0.000010	0.000010	LD_0.9_12_1807
ZZY1034	0.000010	0.000010	0.000010	0.000010	0.000010	0.000010	0.000010	0.000010	0.000010	0.999890	0.000010	0.000010	LD_0.9_12_1807
ZZY1075	0.000010	0.000010	0.000010	0.000010	0.000010	0.000010	0.000010	0.000010	0.000010	0.999890	0.000010	0.000010	LD_0.9_12_1807
ZZY1123	0.000010	0.000010	0.000010	0.000010	0.000010	0.999890	0.000010	0.000010	0.000010	0.000010	0.000010	0.000010	LD_0.9_12_1807
ZZY1130	0.000010	0.000010	0.000010	0.000010	0.000010	0.000010	0.000010	0.000010	0.000010	0.999890	0.000010	0.000010	LD_0.9_12_1807
ZZY405	0.000010	0.000010	0.000010	0.000010	0.000010	0.000010	0.000010	0.000010	0.000010	0.999890	0.000010	0.000010	LD_0.9_12_1807
AF16	0.000010	0.000010	0.000010	0.999890	0.000010	0.000010	0.000010	0.000010	0.000010	0.000010	0.000010	0.000010	LD_0.9_12_1830
BRC20069	0.000010	0.000010	0.000010	0.999890	0.000010	0.000010	0.000010	0.000010	0.000010	0.000010	0.000010	0.000010	LD_0.9_12_1830
BRC20073	0.000010	0.000010	0.000010	0.999890	0.000010	0.000010	0.000010	0.000010	0.000010	0.000010	0.000010	0.000010	LD_0.9_12_1830
BRC20075	0.000010	0.000010	0.000010	0.000010	0.000010	0.000010	0.000010	0.999890	0.000010	0.000010	0.000010	0.000010	LD_0.9_12_1830
BRC20077	0.000010	0.008081	0.000010	0.991819	0.000010	0.000010	0.000010	0.000010	0.000010	0.000010	0.000010	0.000010	LD_0.9_12_1830
BRC20081	0.000010	0.000010	0.000010	0.000019	0.000010	0.000010	0.000010	0.000010	0.000010	0.000010	0.000010	0.999881	LD_0.9_12_1830
BRC20085	0.000010	0.002021	0.102874	0.300920	0.531222	0.000010	0.000011	0.000010	0.062892	0.000010	0.000010	0.000010	LD_0.9_12_1830
BRC20088	0.000010	0.000010	0.000010	0.000010	0.000010	0.000010	0.000010	0.000010	0.000010	0.000010	0.000010	0.999890	LD_0.9_12_1830
BRC20089	0.000012	0.000010	0.000010	0.999870	0.000010	0.000019	0.000019	0.000010	0.000010	0.000010	0.000010	0.000010	LD_0.9_12_1830
BRC20090	0.000010	0.000010	0.043013	0.938125	0.015205	0.000010	0.000010	0.000010	0.003578	0.000010	0.000010	0.000010	LD_0.9_12_1830
BRC20092	0.000010	0.000010	0.000010	0.211230	0.658504	0.000010	0.000010	0.000010	0.065341	0.064845	0.000010	0.000010	LD_0.9_12_1830
BRC20093	0.000010	0.000010	0.000010	0.999890	0.000010	0.000010	0.000010	0.000010	0.000010	0.000010	0.000010	0.000010	LD_0.9_12_1830
BRC20094	0.000010	0.000010	0.037906	0.203816	0.652967	0.000010	0.000014	0.000010	0.026496	0.078741	0.000010	0.000010	LD_0.9_12_1830
BRC20095	0.000010	0.000010	0.000010	0.999890	0.000010	0.000010	0.000010	0.000010	0.000010	0.000010	0.000010	0.000010	LD_0.9_12_1830
BRC20096	0.000010	0.000010	0.000010	0.999890	0.000010	0.000010	0.000010	0.000010	0.000010	0.000010	0.000010	0.000010	LD_0.9_12_1830
BRC20098	0.000013	0.000010	0.000010	0.999887	0.000010	0.000010	0.000010	0.000010	0.000010	0.000010	0.000010	0.000010	LD_0.9_12_1830
BRC20099	0.000010	0.000010	0.000010	0.999890	0.000010	0.000010	0.000010	0.000010	0.000010	0.000010	0.000010	0.000010	LD_0.9_12_1830
BRC20100	0.000010	0.000010	0.000010	0.999888	0.000010	0.000012	0.000010	0.000011	0.000010	0.000010	0.000010	0.000010	LD_0.9_12_1830
BRC20102	0.000010	0.000010	0.000013	0.999885	0.000010	0.000010	0.000010	0.000010	0.000010	0.000010	0.000012	0.000010	LD_0.9_12_1830
BRC20103	0.000010	0.000010	0.000020	0.999873	0.000010	0.000010	0.000010	0.000010	0.000010	0.000017	0.000010	0.000010	LD_0.9_12_1830
BRC20105	0.000010	0.000010	0.103375	0.204044	0.651722	0.000010	0.000010	0.000010	0.040779	0.000010	0.000010	0.000010	LD_0.9_12_1830
BRC20107	0.000010	0.000010	0.102166	0.183162	0.615327	0.000010	0.000010	0.000010	0.021744	0.077531	0.000010	0.000010	LD_0.9_12_1830
BRC20115	0.000010	0.000010	0.000010	0.000010	0.000010	0.999890	0.000010	0.000010	0.000010	0.000010	0.000010	0.000010	LD_0.9_12_1830
BRC20119	0.000010	0.000010	0.713851	0.286049	0.000010	0.000010	0.000010	0.000010	0.000010	0.000010	0.000010	0.000010	LD_0.9_12_1830
BRC20228	0.000019	0.000010	0.000015	0.999869	0.000010	0.000017	0.000010	0.000010	0.000010	0.000010	0.000010	0.000010	LD_0.9_12_1830
BRC20229	0.000010	0.000010	0.000010	0.000010	0.000010	0.000010	0.000010	0.999890	0.000010	0.000010	0.000010	0.000010	LD_0.9_12_1830
BRC20230	0.000010	0.000010	0.000010	0.000010	0.000010	0.000010	0.000010	0.000010	0.000010	0.000010	0.000010	0.999890	LD_0.9_12_1830
BRC20232	0.000010	0.000010	0.000010	0.000012	0.000010	0.000010	0.000010	0.999888	0.000010	0.000010	0.000010	0.000010	LD_0.9_12_1830
BRC20238	0.000011	0.000010	0.000010	0.000010	0.000017	0.000010	0.000010	0.000011	0.000010	0.000010	0.000010	0.999882	LD_0.9_12_1830
BRC20239	0.000010	0.000010	0.000015	0.000010	0.000010	0.000011	0.000010	0.999884	0.000010	0.000010	0.000010	0.000010	LD_0.9_12_1830
BRC20241	0.000010	0.000010	0.068553	0.931347	0.000010	0.000010	0.000010	0.000010	0.000010	0.000010	0.000010	0.000010	LD_0.9_12_1830
BRC20242	0.000010	0.000010	0.000010	0.999890	0.000010	0.000010	0.000010	0.000010	0.000010	0.000010	0.000010	0.000010	LD_0.9_12_1830
BRC20244	0.000010	0.000010	0.000010	0.000010	0.000010	0.000010	0.000010	0.000010	0.000010	0.000010	0.000010	0.999890	LD_0.9_12_1830
BRC20246	0.000010	0.000010	0.000010	0.000010	0.000010	0.000010	0.000010	0.000010	0.000010	0.000010	0.000010	0.999890	LD_0.9_12_1830
BRC20257	0.000010	0.000010	0.999889	0.000010	0.000011	0.000010	0.000010	0.000010	0.000010	0.000010	0.000010	0.000010	LD_0.9_12_1830
BRC20260	0.000010	0.000010	0.000010	0.999890	0.000010	0.000010	0.000010	0.000010	0.000010	0.000010	0.000010	0.000010	LD_0.9_12_1830
BRC20270	0.000010	0.000010	0.000010	0.000010	0.000010	0.000010	0.000010	0.000010	0.000012	0.000017	0.000010	0.999880	LD_0.9_12_1830
BRC20272	0.000010	0.000010	0.000010	0.000010	0.000010	0.000010	0.000010	0.000010	0.000010	0.000010	0.000010	0.999890	LD_0.9_12_1830
BRC20289	0.000010	0.000010	0.000010	0.000010	0.000010	0.000010	0.000010	0.000010	0.000010	0.000010	0.000010	0.999890	LD_0.9_12_1830
BRC20290	0.000010	0.000010	0.000010	0.000010	0.000010	0.000010	0.000010	0.000010	0.000010	0.000010	0.000010	0.999890	LD_0.9_12_1830
BRC20294	0.000010	0.000010	0.000010	0.999890	0.000010	0.000010	0.000010	0.000010	0.000010	0.000010	0.000010	0.000010	LD_0.9_12_1830
BRC20308	0.000010	0.000010	0.000010	0.000010	0.000010	0.000010	0.000010	0.000010	0.000010	0.000010	0.000010	0.999890	LD_0.9_12_1830
BRC20309	0.000010	0.000010	0.000010	0.000010	0.000010	0.000010	0.000010	0.000010	0.000010	0.000010	0.000010	0.999890	LD_0.9_12_1830
BRC20311	0.000010	0.000010	0.000010	0.000010	0.000010	0.000010	0.000010	0.000010	0.000010	0.000010	0.000010	0.999890	LD_0.9_12_1830
BRC20312	0.000010	0.000010	0.000010	0.000010	0.000010	0.000010	0.000010	0.000010	0.000010	0.000010	0.000010	0.999890	LD_0.9_12_1830
BRC20315	0.000010	0.000010	0.000010	0.000010	0.000010	0.000010	0.000010	0.000010	0.000010	0.000010	0.000010	0.999890	LD_0.9_12_1830
BRC20320	0.000010	0.000010	0.000010	0.000010	0.000010	0.000010	0.000010	0.000010	0.000010	0.000010	0.000010	0.999890	LD_0.9_12_1830
BRC20324	0.000010	0.005163	0.000010	0.367782	0.000010	0.000010	0.000010	0.626966	0.000010	0.000010	0.000010	0.000010	LD_0.9_12_1830
BRC20331	0.000010	0.000010	0.000010	0.000010	0.000010	0.000010	0.000010	0.000010	0.000010	0.000010	0.000010	0.999890	LD_0.9_12_1830
BRC20333	0.000010	0.000010	0.000010	0.000010	0.000010	0.000010	0.000010	0.000010	0.000010	0.000010	0.000010	0.999890	LD_0.9_12_1830
BRC20334	0.000010	0.000010	0.000010	0.000010	0.000010	0.000010	0.000010	0.000010	0.000010	0.000010	0.000010	0.999890	LD_0.9_12_1830
BRC20339	0.000010	0.000010	0.000010	0.000010	0.000010	0.000010	0.000010	0.000010	0.000010	0.000010	0.000010	0.999890	LD_0.9_12_1830
BRC20341	0.000010	0.000010	0.000010	0.000010	0.000010	0.000017	0.000010	0.000010	0.000010	0.000010	0.000010	0.999883	LD_0.9_12_1830
BRC20343	0.000010	0.000010	0.000010	0.000010	0.000010	0.000010	0.000010	0.999890	0.000010	0.000010	0.000010	0.000010	LD_0.9_12_1830
BRC20346	0.000010	0.000010	0.000010	0.000010	0.000010	0.000010	0.000010	0.000010	0.000010	0.000010	0.000010	0.999890	LD_0.9_12_1830
BRC20347	0.000010	0.000012	0.000010	0.000010	0.000019	0.000015	0.000012	0.999871	0.000010	0.000011	0.000010	0.000010	LD_0.9_12_1830
BRC20348	0.000010	0.000010	0.000010	0.000010	0.000010	0.000010	0.000010	0.000010	0.000010	0.000010	0.000010	0.999890	LD_0.9_12_1830
BRC20353	0.000010	0.000010	0.000010	0.000010	0.999890	0.000010	0.000010	0.000010	0.000010	0.000010	0.000010	0.000010	LD_0.9_12_1830
BRC20360	0.000010	0.000010	0.000010	0.000010	0.999890	0.000010	0.000010	0.000010	0.000010	0.000010	0.000010	0.000010	LD_0.9_12_1830
BRC20361	0.000010	0.000010	0.000010	0.000010	0.999890	0.000010	0.000010	0.000010	0.000010	0.000010	0.000010	0.000010	LD_0.9_12_1830
BRC20362	0.000010	0.000010	0.000010	0.000010	0.999890	0.000010	0.000010	0.000010	0.000010	0.000010	0.000010	0.000010	LD_0.9_12_1830
BRC20366	0.000010	0.000010	0.000010	0.000010	0.000010	0.000010	0.000010	0.000010	0.000010	0.000010	0.000010	0.999890	LD_0.9_12_1830
BRC20367	0.000010	0.000010	0.000010	0.000010	0.000010	0.000010	0.000010	0.000010	0.000010	0.000010	0.000010	0.999890	LD_0.9_12_1830
BRC20369	0.000010	0.000010	0.000010	0.999890	0.000010	0.000010	0.000010	0.000010	0.000010	0.000010	0.000010	0.000010	LD_0.9_12_1830
BRC20370	0.000010	0.000010	0.000010	0.000010	0.000010	0.000010	0.000010	0.000010	0.000010	0.000010	0.000010	0.999890	LD_0.9_12_1830
BRC20388	0.999890	0.000010	0.000010	0.000010	0.000010	0.000010	0.000010	0.000010	0.000010	0.000010	0.000010	0.000010	LD_0.9_12_1830
BRC20390	0.000010	0.000010	0.000010	0.000010	0.000010	0.000010	0.000010	0.000010	0.000010	0.000010	0.000010	0.999890	LD_0.9_12_1830
BRC20401	0.000010	0.000010	0.000010	0.999883	0.000010	0.000010	0.000010	0.000010	0.000010	0.000010	0.000017	0.000010	LD_0.9_12_1830
BRC20463	0.000010	0.000010	0.000010	0.000010	0.000010	0.000010	0.000010	0.000010	0.000010	0.000010	0.000010	0.999890	LD_0.9_12_1830
BRC20492	0.000010	0.000010	0.000010	0.000010	0.000010	0.999890	0.000010	0.000010	0.000010	0.000010	0.000010	0.000010	LD_0.9_12_1830
BRC20499	0.000010	0.000010	0.000010	0.000010	0.000010	0.000010	0.000010	0.000010	0.000010	0.000010	0.000010	0.999890	LD_0.9_12_1830
BRC20501	0.000010	0.000010	0.000010	0.000010	0.000010	0.000010	0.000010	0.000010	0.000010	0.000010	0.000010	0.999890	LD_0.9_12_1830
BRC20502	0.000010	0.000010	0.000010	0.000010	0.000010	0.999890	0.000010	0.000010	0.000010	0.000010	0.000010	0.000010	LD_0.9_12_1830
BRC20503	0.000010	0.000010	0.000010	0.000010	0.000010	0.999890	0.000010	0.000010	0.000010	0.000010	0.000010	0.000010	LD_0.9_12_1830
BRC20519	0.000010	0.000010	0.000010	0.000010	0.000010	0.999890	0.000010	0.000010	0.000010	0.000010	0.000010	0.000010	LD_0.9_12_1830
BRC20520	0.000010	0.000010	0.000010	0.000010	0.000010	0.999890	0.000010	0.000010	0.000010	0.000010	0.000010	0.000010	LD_0.9_12_1830
BRC20522	0.000010	0.000010	0.000010	0.000010	0.000010	0.000010	0.000010	0.999890	0.000010	0.000010	0.000010	0.000010	LD_0.9_12_1830
BRC20524	0.000010	0.000010	0.000010	0.000010	0.000010	0.000010	0.000010	0.999890	0.000010	0.000010	0.000010	0.000010	LD_0.9_12_1830
BRC20529	0.000010	0.000010	0.000010	0.000010	0.000010	0.000010	0.000010	0.000010	0.000010	0.000010	0.000010	0.999890	LD_0.9_12_1830
BRC20530	0.000010	0.000010	0.000010	0.000010	0.000010	0.000010	0.000010	0.999890	0.000010	0.000010	0.000010	0.000010	LD_0.9_12_1830
BRC20531	0.000016	0.000010	0.000014	0.000010	0.000010	0.000010	0.000010	0.999880	0.000010	0.000010	0.000010	0.000010	LD_0.9_12_1830
BRC20532	0.000010	0.000010	0.000010	0.000010	0.000010	0.000010	0.000010	0.000010	0.000010	0.000010	0.000010	0.999890	LD_0.9_12_1830
BRC20533	0.000010	0.000010	0.000010	0.000010	0.000010	0.000010	0.000010	0.000010	0.000010	0.000010	0.000010	0.999890	LD_0.9_12_1830
BRC20534	0.000010	0.000010	0.000010	0.000010	0.000010	0.000010	0.000010	0.000010	0.000010	0.000010	0.000010	0.999890	LD_0.9_12_1830
BRC20535	0.000010	0.000010	0.000010	0.000010	0.000010	0.000010	0.000010	0.000010	0.000010	0.000010	0.000010	0.999890	LD_0.9_12_1830
BRC20536	0.000010	0.000010	0.000010	0.000010	0.000010	0.000010	0.000010	0.000010	0.000010	0.000011	0.000010	0.999889	LD_0.9_12_1830
BRC20537	0.000010	0.000010	0.000010	0.000020	0.000014	0.000010	0.000010	0.000010	0.000010	0.000010	0.000010	0.999876	LD_0.9_12_1830
BRC20541	0.000010	0.000010	0.000010	0.000010	0.000010	0.999890	0.000010	0.000010	0.000010	0.000010	0.000010	0.000010	LD_0.9_12_1830
BRC20543	0.000010	0.000010	0.000011	0.000010	0.000017	0.000010	0.000011	0.000011	0.000010	0.000010	0.000010	0.999880	LD_0.9_12_1830
BRC20544	0.000010	0.000010	0.000010	0.000010	0.000010	0.000010	0.000010	0.000010	0.000010	0.000010	0.000010	0.999890	LD_0.9_12_1830
BRC20545	0.000010	0.000010	0.000010	0.000010	0.000010	0.000010	0.000010	0.000010	0.000010	0.000010	0.000010	0.999890	LD_0.9_12_1830
BRC20556	0.000010	0.000010	0.000018	0.999881	0.000010	0.000010	0.000010	0.000011	0.000010	0.000010	0.000010	0.000010	LD_0.9_12_1830
BRC20557	0.000010	0.000010	0.000010	0.000010	0.000010	0.000010	0.000010	0.000010	0.000010	0.000010	0.000010	0.999890	LD_0.9_12_1830
BRC20565	0.000010	0.000010	0.000010	0.999890	0.000010	0.000010	0.000010	0.000010	0.000010	0.000010	0.000010	0.000010	LD_0.9_12_1830
BRC20571	0.000010	0.009719	0.027982	0.947416	0.014802	0.000010	0.000010	0.000010	0.000010	0.000010	0.000010	0.000010	LD_0.9_12_1830
BRC20574	0.000010	0.000010	0.000010	0.999890	0.000010	0.000010	0.000010	0.000010	0.000010	0.000010	0.000010	0.000010	LD_0.9_12_1830
BW287	0.999890	0.000010	0.000010	0.000010	0.000010	0.000010	0.000010	0.000010	0.000010	0.000010	0.000010	0.000010	LD_0.9_12_1830
DF5100	0.000010	0.076761	0.000010	0.274003	0.000010	0.000011	0.000010	0.000010	0.000010	0.649144	0.000012	0.000010	LD_0.9_12_1830
ECA1129	0.000010	0.000010	0.000010	0.999890	0.000010	0.000010	0.000010	0.000010	0.000010	0.000010	0.000010	0.000010	LD_0.9_12_1830
ECA1143	0.000010	0.290376	0.000010	0.709524	0.000010	0.000010	0.000010	0.000010	0.000010	0.000010	0.000010	0.000010	LD_0.9_12_1830
ECA1147	0.000010	0.000010	0.000010	0.999890	0.000010	0.000010	0.000010	0.000010	0.000010	0.000010	0.000010	0.000010	LD_0.9_12_1830
ECA1149	0.000011	0.000010	0.000012	0.957806	0.000010	0.000010	0.000010	0.000014	0.000010	0.000010	0.000010	0.042088	LD_0.9_12_1830
ECA1160	0.000010	0.000010	0.000010	0.999890	0.000010	0.000010	0.000010	0.000010	0.000010	0.000010	0.000010	0.000010	LD_0.9_12_1830
ECA1164	0.000010	0.000010	0.000010	0.999890	0.000010	0.000010	0.000010	0.000010	0.000010	0.000010	0.000010	0.000010	LD_0.9_12_1830
ECA1170	0.000010	0.000010	0.000010	0.000010	0.000010	0.000010	0.000010	0.000010	0.000010	0.000010	0.000010	0.999890	LD_0.9_12_1830
ECA1174	0.000010	0.000010	0.000010	0.999890	0.000010	0.000010	0.000010	0.000010	0.000010	0.000010	0.000010	0.000010	LD_0.9_12_1830
ECA1383	0.000010	0.000010	0.000010	0.000010	0.000010	0.000010	0.000010	0.000010	0.000010	0.000010	0.000010	0.999890	LD_0.9_12_1830
ECA1411	0.000010	0.000010	0.000010	0.999890	0.000010	0.000010	0.000010	0.000010	0.000010	0.000010	0.000010	0.000010	LD_0.9_12_1830
ECA1423	0.000010	0.016724	0.000010	0.983176	0.000010	0.000010	0.000010	0.000010	0.000010	0.000010	0.000010	0.000010	LD_0.9_12_1830
ECA1429	0.000010	0.000010	0.000010	0.999890	0.000010	0.000010	0.000010	0.000010	0.000010	0.000010	0.000010	0.000010	LD_0.9_12_1830
ECA1431	0.000010	0.000010	0.000010	0.999890	0.000010	0.000010	0.000010	0.000010	0.000010	0.000010	0.000010	0.000010	LD_0.9_12_1830
ECA1437	0.000010	0.000010	0.000010	0.999890	0.000010	0.000010	0.000010	0.000010	0.000010	0.000010	0.000010	0.000010	LD_0.9_12_1830
ECA1439	0.000010	0.000010	0.000010	0.479999	0.000010	0.000010	0.000010	0.000010	0.000010	0.519901	0.000010	0.000010	LD_0.9_12_1830
ECA1443	0.000010	0.000010	0.000010	0.057612	0.000010	0.000010	0.000010	0.000010	0.000010	0.000010	0.000010	0.942288	LD_0.9_12_1830
ECA1471	0.000010	0.000010	0.000011	0.999879	0.000010	0.000010	0.000010	0.000010	0.000010	0.000019	0.000010	0.000010	LD_0.9_12_1830
ECA1489	0.000010	0.345680	0.000010	0.654220	0.000010	0.000010	0.000010	0.000010	0.000010	0.000010	0.000010	0.000010	LD_0.9_12_1830
ECA1507	0.000010	0.000010	0.000010	0.999890	0.000010	0.000010	0.000010	0.000010	0.000010	0.000010	0.000010	0.000010	LD_0.9_12_1830
ECA1509	0.000010	0.000010	0.000010	0.999890	0.000010	0.000010	0.000010	0.000010	0.000010	0.000010	0.000010	0.000010	LD_0.9_12_1830
ECA1517	0.000010	0.043851	0.000010	0.956049	0.000010	0.000010	0.000010	0.000010	0.000010	0.000010	0.000010	0.000010	LD_0.9_12_1830
ECA1521	0.000010	0.000010	0.000010	0.947106	0.000011	0.000010	0.000014	0.000011	0.000010	0.052788	0.000010	0.000010	LD_0.9_12_1830
ECA1555	0.000010	0.000018	0.000010	0.999882	0.000010	0.000010	0.000010	0.000010	0.000010	0.000010	0.000010	0.000010	LD_0.9_12_1830
ECA1559	0.000010	0.000010	0.000010	0.000010	0.000010	0.000010	0.000010	0.000010	0.000010	0.000010	0.000010	0.999890	LD_0.9_12_1830
ECA1563	0.000010	0.000010	0.000010	0.999890	0.000010	0.000010	0.000010	0.000010	0.000010	0.000010	0.000010	0.000010	LD_0.9_12_1830
ECA1571	0.000010	0.333069	0.000010	0.666831	0.000010	0.000010	0.000010	0.000010	0.000010	0.000010	0.000010	0.000010	LD_0.9_12_1830
ECA1587	0.000010	0.000010	0.000010	0.999890	0.000010	0.000010	0.000010	0.000010	0.000010	0.000010	0.000010	0.000010	LD_0.9_12_1830
ECA1605	0.000010	0.088665	0.002007	0.035917	0.000010	0.000010	0.000010	0.000010	0.000010	0.000010	0.000010	0.873331	LD_0.9_12_1830
ECA1609	0.000010	0.000010	0.000010	0.999889	0.000010	0.000010	0.000010	0.000010	0.000011	0.000010	0.000010	0.000010	LD_0.9_12_1830
ECA161	0.000010	0.000010	0.000010	0.999890	0.000010	0.000010	0.000010	0.000010	0.000010	0.000010	0.000010	0.000010	LD_0.9_12_1830
ECA1611	0.000010	0.000010	0.000010	0.999890	0.000010	0.000010	0.000010	0.000010	0.000010	0.000010	0.000010	0.000010	LD_0.9_12_1830
ECA1615	0.000010	0.000010	0.000010	0.999890	0.000010	0.000010	0.000010	0.000010	0.000010	0.000010	0.000010	0.000010	LD_0.9_12_1830
ECA162	0.000010	0.000010	0.000010	0.999890	0.000010	0.000010	0.000010	0.000010	0.000010	0.000010	0.000010	0.000010	LD_0.9_12_1830
ECA1621	0.000010	0.000010	0.000010	0.999890	0.000010	0.000010	0.000010	0.000010	0.000010	0.000010	0.000010	0.000010	LD_0.9_12_1830
ECA163	0.000014	0.000010	0.000010	0.000010	0.000010	0.999886	0.000010	0.000010	0.000010	0.000010	0.000010	0.000010	LD_0.9_12_1830
ECA1637	0.000010	0.000010	0.000010	0.999890	0.000010	0.000010	0.000010	0.000010	0.000010	0.000010	0.000010	0.000010	LD_0.9_12_1830
ECA1657	0.000010	0.000010	0.000017	0.945863	0.000010	0.000010	0.000010	0.000010	0.000010	0.054030	0.000010	0.000010	LD_0.9_12_1830
ECA1701	0.000010	0.000010	0.000010	0.981527	0.000010	0.000010	0.000010	0.000010	0.018371	0.000012	0.000010	0.000010	LD_0.9_12_1830
ECA175	0.000010	0.000010	0.000010	0.999890	0.000010	0.000010	0.000010	0.000010	0.000010	0.000010	0.000010	0.000010	LD_0.9_12_1830
ECA176	0.000010	0.021433	0.000010	0.978453	0.000010	0.000010	0.000010	0.000010	0.000016	0.000010	0.000017	0.000010	LD_0.9_12_1830
ECA177	0.000010	0.000010	0.000010	0.999890	0.000010	0.000010	0.000010	0.000010	0.000010	0.000010	0.000010	0.000010	LD_0.9_12_1830
ECA180	0.000010	0.000010	0.000010	0.999890	0.000010	0.000010	0.000010	0.000010	0.000010	0.000010	0.000010	0.000010	LD_0.9_12_1830
ECA182	0.000010	0.000010	0.000010	0.999890	0.000010	0.000010	0.000010	0.000010	0.000010	0.000010	0.000010	0.000010	LD_0.9_12_1830
ECA183	0.000010	0.000010	0.000010	0.999890	0.000010	0.000010	0.000010	0.000010	0.000010	0.000010	0.000010	0.000010	LD_0.9_12_1830
ECA185	0.000010	0.020878	0.000010	0.946708	0.000010	0.000010	0.000010	0.000010	0.000010	0.032324	0.000010	0.000010	LD_0.9_12_1830
ECA186	0.000010	0.000010	0.000010	0.642912	0.000010	0.000010	0.000010	0.000010	0.000010	0.356988	0.000010	0.000010	LD_0.9_12_1830
ECA2083	0.000014	0.000010	0.000010	0.969531	0.000010	0.000010	0.000011	0.000013	0.000010	0.030358	0.000013	0.000010	LD_0.9_12_1830
ECA2093	0.000010	0.000010	0.000010	0.999890	0.000010	0.000010	0.000010	0.000010	0.000010	0.000010	0.000010	0.000010	LD_0.9_12_1830
ECA2115	0.000010	0.000010	0.000010	0.999890	0.000010	0.000010	0.000010	0.000010	0.000010	0.000010	0.000010	0.000010	LD_0.9_12_1830
ECA2299	0.000010	0.000010	0.000010	0.000010	0.000010	0.000010	0.000010	0.000010	0.000010	0.000010	0.000010	0.999890	LD_0.9_12_1830
ECA2373	0.000010	0.000010	0.000010	0.949586	0.009505	0.000010	0.000010	0.000010	0.040816	0.000013	0.000010	0.000010	LD_0.9_12_1830
ECA2385	0.000010	0.000010	0.000010	0.000010	0.000010	0.000010	0.000010	0.000010	0.000010	0.000010	0.000010	0.999890	LD_0.9_12_1830
ECA2425	0.000010	0.000010	0.000010	0.999890	0.000010	0.000010	0.000010	0.000010	0.000010	0.000010	0.000010	0.000010	LD_0.9_12_1830
ECA2617	0.000010	0.000010	0.000010	0.000010	0.000012	0.000010	0.999883	0.000015	0.000010	0.000010	0.000010	0.000010	LD_0.9_12_1830
ECA2618	0.000015	0.000010	0.000010	0.000010	0.000010	0.000010	0.999878	0.000017	0.000010	0.000010	0.000010	0.000010	LD_0.9_12_1830
ECA2621	0.000011	0.000011	0.000010	0.000013	0.000010	0.000010	0.999880	0.000013	0.000010	0.000011	0.000010	0.000010	LD_0.9_12_1830
ECA2623	0.000010	0.000010	0.000010	0.000010	0.000010	0.000010	0.000010	0.000010	0.000010	0.999890	0.000010	0.000010	LD_0.9_12_1830
ECA2625	0.000010	0.000010	0.000010	0.999890	0.000010	0.000010	0.000010	0.000010	0.000010	0.000010	0.000010	0.000010	LD_0.9_12_1830
ECA2626	0.000010	0.000010	0.000010	0.999890	0.000010	0.000010	0.000010	0.000010	0.000010	0.000010	0.000010	0.000010	LD_0.9_12_1830
ECA2636	0.000010	0.000010	0.000010	0.999887	0.000010	0.000010	0.000010	0.000010	0.000010	0.000010	0.000013	0.000010	LD_0.9_12_1830
ECA2637	0.000010	0.000010	0.000010	0.900023	0.000010	0.000010	0.000010	0.000010	0.000010	0.099877	0.000010	0.000010	LD_0.9_12_1830
ECA2639	0.000010	0.000010	0.000010	0.000010	0.000010	0.000010	0.999887	0.000013	0.000010	0.000010	0.000010	0.000010	LD_0.9_12_1830
ECA2645	0.000010	0.000010	0.000010	0.999890	0.000010	0.000010	0.000010	0.000010	0.000010	0.000010	0.000010	0.000010	LD_0.9_12_1830
ECA2647	0.000010	0.000010	0.000010	0.000010	0.000010	0.000010	0.999890	0.000010	0.000010	0.000010	0.000010	0.000010	LD_0.9_12_1830
ECA2663	0.000010	0.000010	0.000010	0.999890	0.000010	0.000010	0.000010	0.000010	0.000010	0.000010	0.000010	0.000010	LD_0.9_12_1830
ECA2664	0.000010	0.054337	0.000010	0.000010	0.000010	0.000010	0.000010	0.000010	0.000010	0.945563	0.000010	0.000010	LD_0.9_12_1830
ECA2666	0.000010	0.000010	0.000010	0.000010	0.000010	0.000010	0.999888	0.000012	0.000010	0.000010	0.000010	0.000010	LD_0.9_12_1830
ECA2667	0.000010	0.000010	0.000017	0.999883	0.000010	0.000010	0.000010	0.000010	0.000010	0.000010	0.000010	0.000010	LD_0.9_12_1830
ECA2670	0.000010	0.000010	0.000016	0.000010	0.000010	0.000010	0.999882	0.000011	0.000010	0.000010	0.000010	0.000010	LD_0.9_12_1830
ECA276	0.000014	0.000010	0.000010	0.000010	0.000010	0.999886	0.000010	0.000010	0.000010	0.000010	0.000010	0.000010	LD_0.9_12_1830
ECA278	0.999890	0.000010	0.000010	0.000010	0.000010	0.000010	0.000010	0.000010	0.000010	0.000010	0.000010	0.000010	LD_0.9_12_1830
ECA2808	0.000010	0.000010	0.000017	0.565856	0.000010	0.000010	0.000010	0.000010	0.000010	0.434037	0.000010	0.000010	LD_0.9_12_1830
ECA287	0.000010	0.000010	0.000010	0.011163	0.000010	0.000010	0.000010	0.000010	0.000010	0.000010	0.000010	0.988737	LD_0.9_12_1830
ECA288	0.000010	0.000010	0.000010	0.000010	0.000010	0.000010	0.000010	0.000010	0.000010	0.903547	0.000010	0.096353	LD_0.9_12_1830
ECA2883	0.000010	0.000010	0.000010	0.999890	0.000010	0.000010	0.000010	0.000010	0.000010	0.000010	0.000010	0.000010	LD_0.9_12_1830
ECA2890	0.000010	0.000010	0.000011	0.991931	0.000010	0.000010	0.000011	0.000012	0.000010	0.007965	0.000010	0.000010	LD_0.9_12_1830
ECA2894	0.000010	0.000010	0.000010	0.647292	0.000010	0.000010	0.000010	0.000010	0.000010	0.352608	0.000010	0.000010	LD_0.9_12_1830
ECA2936	0.000010	0.000010	0.000010	0.000010	0.000010	0.000010	0.000010	0.000010	0.000010	0.000010	0.000010	0.999890	LD_0.9_12_1830
ECA2975	0.000010	0.000010	0.000010	0.999890	0.000010	0.000010	0.000010	0.000010	0.000010	0.000010	0.000010	0.000010	LD_0.9_12_1830
ECA3091	0.000010	0.000010	0.000010	0.999890	0.000010	0.000010	0.000010	0.000010	0.000010	0.000010	0.000010	0.000010	LD_0.9_12_1830
ECA343	0.000010	0.000010	0.000010	0.999890	0.000010	0.000010	0.000010	0.000010	0.000010	0.000010	0.000010	0.000010	LD_0.9_12_1830
ECA346	0.000010	0.000010	0.000010	0.448525	0.000010	0.000010	0.000010	0.000010	0.000010	0.551375	0.000010	0.000010	LD_0.9_12_1830
ECA3502	0.000010	0.000010	0.000010	0.000010	0.000010	0.000010	0.000010	0.000010	0.000010	0.000010	0.000010	0.999890	LD_0.9_12_1830
ECA3503	0.000010	0.000010	0.000010	0.999890	0.000010	0.000010	0.000010	0.000010	0.000010	0.000010	0.000010	0.000010	LD_0.9_12_1830
ECA3509	0.000010	0.000010	0.000010	0.999890	0.000010	0.000010	0.000010	0.000010	0.000010	0.000010	0.000010	0.000010	LD_0.9_12_1830
ECA3708	0.000010	0.000010	0.000016	0.975173	0.000010	0.000010	0.000010	0.000010	0.000012	0.024718	0.000010	0.000010	LD_0.9_12_1830
ECA371	0.000010	0.022100	0.000010	0.977800	0.000010	0.000010	0.000010	0.000010	0.000010	0.000010	0.000010	0.000010	LD_0.9_12_1830
ECA3712	0.000010	0.000010	0.000010	0.999890	0.000010	0.000010	0.000010	0.000010	0.000010	0.000010	0.000010	0.000010	LD_0.9_12_1830
ECA3713	0.000010	0.000010	0.000010	0.937721	0.000010	0.000010	0.000010	0.000010	0.000010	0.062179	0.000010	0.000010	LD_0.9_12_1830
ECA3899	0.000010	0.000010	0.000010	0.999890	0.000010	0.000010	0.000010	0.000010	0.000010	0.000010	0.000010	0.000010	LD_0.9_12_1830
ECA4382	0.000010	0.000010	0.000010	0.000010	0.000010	0.000010	0.000010	0.000010	0.000010	0.999890	0.000010	0.000010	LD_0.9_12_1830
ECA4390	0.000010	0.000010	0.000010	0.000010	0.000010	0.000010	0.000010	0.000010	0.000010	0.999890	0.000010	0.000010	LD_0.9_12_1830
ECA4394	0.000010	0.000010	0.000010	0.999890	0.000010	0.000010	0.000010	0.000010	0.000010	0.000010	0.000010	0.000010	LD_0.9_12_1830
ECA4402	0.000010	0.000010	0.000010	0.360832	0.000010	0.000010	0.000010	0.000010	0.000010	0.639068	0.000010	0.000010	LD_0.9_12_1830
ECA569	0.999873	0.000010	0.000010	0.000010	0.000010	0.000010	0.000020	0.000010	0.000010	0.000017	0.000010	0.000010	LD_0.9_12_1830
ED3032	0.000010	0.000010	0.000010	0.999890	0.000010	0.000010	0.000010	0.000010	0.000010	0.000010	0.000010	0.000010	LD_0.9_12_1830
ED3037	0.000010	0.000010	0.000010	0.999890	0.000010	0.000010	0.000010	0.000010	0.000010	0.000010	0.000010	0.000010	LD_0.9_12_1830
ED3088	0.000010	0.000010	0.000010	0.278048	0.000010	0.000010	0.000010	0.000010	0.000010	0.721852	0.000010	0.000010	LD_0.9_12_1830
ED3102	0.000019	0.000010	0.000010	0.000010	0.000010	0.999881	0.000010	0.000010	0.000010	0.000010	0.000010	0.000010	LD_0.9_12_1830
EG4360	0.999889	0.000010	0.000010	0.000010	0.000010	0.000010	0.000010	0.000010	0.000010	0.000010	0.000011	0.000010	LD_0.9_12_1830
EG5612	0.000010	0.000010	0.000010	0.000010	0.999890	0.000010	0.000010	0.000010	0.000010	0.000010	0.000010	0.000010	LD_0.9_12_1830
EG5613	0.000010	0.000020	0.036869	0.000010	0.016699	0.000010	0.000010	0.000010	0.000010	0.946332	0.000010	0.000010	LD_0.9_12_1830
EG6179	0.000010	0.009469	0.005661	0.806623	0.037785	0.000010	0.000010	0.000010	0.000017	0.140385	0.000010	0.000010	LD_0.9_12_1830
EG6260	0.000010	0.092784	0.000010	0.000010	0.000010	0.000019	0.000018	0.000010	0.000010	0.907099	0.000010	0.000010	LD_0.9_12_1830
EG6261	0.000010	0.000010	0.000018	0.063287	0.000010	0.000010	0.000010	0.000010	0.000010	0.936604	0.000010	0.000010	LD_0.9_12_1830
EG6265	0.000010	0.000010	0.000010	0.000010	0.000010	0.000010	0.000010	0.000010	0.016649	0.000010	0.000010	0.983251	LD_0.9_12_1830
EG6267	0.000010	0.000010	0.000010	0.234049	0.000010	0.000010	0.000010	0.000010	0.000010	0.765851	0.000010	0.000010	LD_0.9_12_1830
EG6271	0.000010	0.145595	0.000010	0.000010	0.000010	0.000010	0.000010	0.000010	0.000010	0.854305	0.000010	0.000010	LD_0.9_12_1830
EG6272	0.000010	0.071882	0.000012	0.171590	0.000010	0.000011	0.000010	0.000011	0.000010	0.756433	0.000010	0.000010	LD_0.9_12_1830
EG6274	0.000010	0.000010	0.000010	0.000010	0.000010	0.000010	0.000010	0.000010	0.000010	0.999890	0.000010	0.000010	LD_0.9_12_1830
EG6275	0.000010	0.000010	0.000010	0.026220	0.000010	0.000010	0.000010	0.000010	0.000010	0.973680	0.000010	0.000010	LD_0.9_12_1830
EG6276	0.000010	0.000010	0.000010	0.087223	0.000016	0.000010	0.000010	0.000010	0.000010	0.912671	0.000010	0.000010	LD_0.9_12_1830
EG6329	0.000010	0.489743	0.000010	0.000010	0.000010	0.000010	0.000010	0.000010	0.000010	0.510157	0.000010	0.000010	LD_0.9_12_1830
GUN124	0.999883	0.000014	0.000011	0.000010	0.000010	0.000012	0.000010	0.000010	0.000010	0.000010	0.000010	0.000010	LD_0.9_12_1830
GXW22	0.000010	0.000010	0.000010	0.999890	0.000010	0.000010	0.000010	0.000010	0.000010	0.000010	0.000010	0.000010	LD_0.9_12_1830
GXW23	0.000010	0.000010	0.000010	0.212144	0.787756	0.000010	0.000010	0.000010	0.000010	0.000010	0.000010	0.000010	LD_0.9_12_1830
HK104	0.999890	0.000010	0.000010	0.000010	0.000010	0.000010	0.000010	0.000010	0.000010	0.000010	0.000010	0.000010	LD_0.9_12_1830
HPT11	0.019454	0.000010	0.000010	0.085437	0.000010	0.274937	0.000010	0.581978	0.000010	0.000010	0.000010	0.038124	LD_0.9_12_1830
HPT16	0.000010	0.073863	0.000010	0.898864	0.027183	0.000010	0.000010	0.000010	0.000010	0.000010	0.000010	0.000010	LD_0.9_12_1830
HPT18	0.019774	0.000010	0.000010	0.087528	0.000010	0.275388	0.000010	0.576908	0.000010	0.000010	0.000010	0.040332	LD_0.9_12_1830
HPT19	0.000010	0.053387	0.000010	0.905875	0.040648	0.000010	0.000010	0.000010	0.000010	0.000010	0.000010	0.000010	LD_0.9_12_1830
HPT2	0.000010	0.073438	0.000010	0.842410	0.084062	0.000010	0.000010	0.000010	0.000010	0.000010	0.000010	0.000010	LD_0.9_12_1830
HPT21	0.000010	0.000010	0.000010	0.991707	0.000010	0.000010	0.000010	0.000010	0.008193	0.000010	0.000010	0.000010	LD_0.9_12_1830
HPT24	0.018880	0.000010	0.000010	0.088124	0.000010	0.273947	0.000010	0.580651	0.000010	0.000010	0.000010	0.038328	LD_0.9_12_1830
HPT34	0.000010	0.078555	0.000010	0.844018	0.077338	0.000010	0.000010	0.000010	0.000010	0.000010	0.000010	0.000010	LD_0.9_12_1830
HPT37	0.000010	0.050728	0.000010	0.860533	0.056048	0.000010	0.000010	0.000010	0.032612	0.000010	0.000010	0.000010	LD_0.9_12_1830
HPT4	0.000010	0.078110	0.000010	0.844402	0.077398	0.000010	0.000010	0.000010	0.000010	0.000010	0.000010	0.000010	LD_0.9_12_1830
HPT42	0.000010	0.071394	0.000018	0.904518	0.023980	0.000010	0.000010	0.000020	0.000010	0.000010	0.000010	0.000010	LD_0.9_12_1830
HPT52	0.000010	0.000010	0.427762	0.572138	0.000010	0.000010	0.000010	0.000010	0.000010	0.000010	0.000010	0.000010	LD_0.9_12_1830
HPT53	0.000010	0.000010	0.000010	0.999882	0.000010	0.000010	0.000010	0.000010	0.000010	0.000018	0.000010	0.000010	LD_0.9_12_1830
HPT54	0.000010	0.000010	0.000010	0.999890	0.000010	0.000010	0.000010	0.000010	0.000010	0.000010	0.000010	0.000010	LD_0.9_12_1830
HPT55	0.000010	0.000012	0.000014	0.999884	0.000010	0.000010	0.000010	0.000010	0.000010	0.000010	0.000010	0.000010	LD_0.9_12_1830
HPT59	0.000010	0.000010	0.000010	0.999880	0.000010	0.000010	0.000010	0.000010	0.000010	0.000020	0.000010	0.000010	LD_0.9_12_1830
HPT60	0.000010	0.000010	0.000010	0.999890	0.000010	0.000010	0.000010	0.000010	0.000010	0.000010	0.000010	0.000010	LD_0.9_12_1830
HPT62	0.000010	0.000010	0.999890	0.000010	0.000010	0.000010	0.000010	0.000010	0.000010	0.000010	0.000010	0.000010	LD_0.9_12_1830
HPT63	0.000010	0.000010	0.000010	0.999889	0.000010	0.000010	0.000010	0.000010	0.000011	0.000010	0.000010	0.000010	LD_0.9_12_1830
HPT7	0.000010	0.103299	0.000010	0.858879	0.037732	0.000010	0.000010	0.000010	0.000010	0.000010	0.000010	0.000010	LD_0.9_12_1830
HPT8	0.000010	0.077663	0.000010	0.845208	0.077040	0.000010	0.000010	0.000010	0.000010	0.000010	0.000010	0.000010	LD_0.9_12_1830
HPT9	0.000010	0.000010	0.000010	0.127927	0.871972	0.000010	0.000010	0.000010	0.000010	0.000010	0.000010	0.000010	LD_0.9_12_1830
JU1085	0.999886	0.000010	0.000010	0.000010	0.000010	0.000010	0.000010	0.000010	0.000014	0.000010	0.000010	0.000010	LD_0.9_12_1830
JU1337	0.000010	0.000010	0.038240	0.216504	0.000010	0.000010	0.000010	0.000010	0.000010	0.745167	0.000010	0.000010	LD_0.9_12_1830
JU1338	0.000013	0.000010	0.000011	0.000010	0.999881	0.000013	0.000010	0.000010	0.000011	0.000010	0.000010	0.000010	LD_0.9_12_1830
JU1341	0.000010	0.000010	0.000010	0.000010	0.000010	0.000010	0.000010	0.000010	0.000010	0.000010	0.999890	0.000010	LD_0.9_12_1830
JU1346	0.000010	0.000010	0.000010	0.000010	0.999890	0.000010	0.000010	0.000010	0.000010	0.000010	0.000010	0.000010	LD_0.9_12_1830
JU1347	0.000010	0.000010	0.000010	0.054288	0.000010	0.000010	0.000010	0.000010	0.000010	0.945612	0.000010	0.000010	LD_0.9_12_1830
JU1348	0.000010	0.000010	0.000010	0.000010	0.000010	0.000010	0.000010	0.000010	0.000010	0.000010	0.999890	0.000010	LD_0.9_12_1830
JU1375	0.000010	0.000010	0.000010	0.048490	0.000010	0.000010	0.000010	0.000010	0.000010	0.951410	0.000010	0.000010	LD_0.9_12_1830
JU1377	0.000010	0.000010	0.000010	0.000010	0.000010	0.000010	0.000010	0.000010	0.000010	0.999890	0.000010	0.000010	LD_0.9_12_1830
JU1378	0.000010	0.000010	0.000010	0.000010	0.000010	0.000010	0.000010	0.000010	0.000010	0.999890	0.000010	0.000010	LD_0.9_12_1830
JU1392	0.000011	0.000010	0.000010	0.000015	0.000011	0.000010	0.000010	0.000014	0.000010	0.999879	0.000010	0.000010	LD_0.9_12_1830
JU1399	0.000010	0.605962	0.000010	0.173010	0.000019	0.000010	0.000010	0.000010	0.037891	0.183048	0.000010	0.000010	LD_0.9_12_1830
JU1424	0.000010	0.000010	0.000010	0.000010	0.999890	0.000010	0.000010	0.000010	0.000010	0.000010	0.000010	0.000010	LD_0.9_12_1830
JU1435	0.000010	0.000010	0.000010	0.000010	0.000010	0.000010	0.000010	0.000010	0.000010	0.999890	0.000010	0.000010	LD_0.9_12_1830
JU1564	0.999890	0.000010	0.000010	0.000010	0.000010	0.000010	0.000010	0.000010	0.000010	0.000010	0.000010	0.000010	LD_0.9_12_1830
JU1637	0.000010	0.000010	0.000010	0.057811	0.000010	0.000010	0.000010	0.000010	0.000010	0.942089	0.000010	0.000010	LD_0.9_12_1830
JU1638	0.000010	0.000013	0.000010	0.039576	0.000010	0.000010	0.000010	0.000010	0.000010	0.960321	0.000010	0.000010	LD_0.9_12_1830
JU1794	0.000010	0.000010	0.017727	0.757329	0.052019	0.000010	0.000010	0.000010	0.000014	0.172842	0.000010	0.000010	LD_0.9_12_1830
JU1795	0.000010	0.000010	0.000010	0.528432	0.000010	0.000010	0.000010	0.000010	0.000010	0.471468	0.000010	0.000010	LD_0.9_12_1830
JU1799	0.000010	0.000010	0.000010	0.000010	0.000010	0.000010	0.000010	0.000010	0.000010	0.999890	0.000010	0.000010	LD_0.9_12_1830
JU1802	0.000010	0.000010	0.000010	0.065157	0.000010	0.000010	0.000010	0.000010	0.000010	0.934743	0.000010	0.000010	LD_0.9_12_1830
JU1814	0.000010	0.397799	0.000010	0.000010	0.000010	0.000010	0.000010	0.000010	0.000010	0.602101	0.000010	0.000010	LD_0.9_12_1830
JU1884	0.000010	0.000010	0.000010	0.846311	0.000010	0.000010	0.000010	0.000010	0.000010	0.153589	0.000010	0.000010	LD_0.9_12_1830
JU1885	0.000010	0.000010	0.054544	0.088911	0.000013	0.000010	0.000010	0.000010	0.000010	0.856453	0.000010	0.000010	LD_0.9_12_1830
JU1907	0.000010	0.029259	0.000010	0.970641	0.000010	0.000010	0.000010	0.000010	0.000010	0.000010	0.000010	0.000010	LD_0.9_12_1830
JU1908	0.000010	0.038836	0.000010	0.961064	0.000010	0.000010	0.000010	0.000010	0.000010	0.000010	0.000010	0.000010	LD_0.9_12_1830
JU1909	0.000010	0.000010	0.000010	0.999890	0.000010	0.000010	0.000010	0.000010	0.000010	0.000010	0.000010	0.000010	LD_0.9_12_1830
JU1913	0.000010	0.000010	0.411023	0.457470	0.000010	0.000010	0.000010	0.000010	0.000010	0.131417	0.000010	0.000010	LD_0.9_12_1830
JU2053	0.000010	0.000010	0.000010	0.621073	0.000010	0.000010	0.000010	0.000010	0.000010	0.378827	0.000010	0.000010	LD_0.9_12_1830
JU2054	0.000010	0.000010	0.000010	0.985454	0.000010	0.000010	0.000010	0.000010	0.000010	0.014446	0.000010	0.000010	LD_0.9_12_1830
JU2056	0.000010	0.000010	0.000010	0.999890	0.000010	0.000010	0.000010	0.000010	0.000010	0.000010	0.000010	0.000010	LD_0.9_12_1830
JU2057	0.000010	0.000011	0.999889	0.000010	0.000010	0.000010	0.000010	0.000010	0.000010	0.000010	0.000010	0.000010	LD_0.9_12_1830
JU2160	0.000010	0.000010	0.999882	0.000018	0.000010	0.000010	0.000010	0.000010	0.000010	0.000010	0.000010	0.000010	LD_0.9_12_1830
JU2162	0.000010	0.000011	0.999889	0.000010	0.000010	0.000010	0.000010	0.000010	0.000010	0.000010	0.000010	0.000010	LD_0.9_12_1830
JU2214	0.000010	0.291871	0.000010	0.522096	0.000010	0.000010	0.000010	0.000010	0.147196	0.038757	0.000010	0.000010	LD_0.9_12_1830
JU2216	0.000010	0.000010	0.000010	0.000010	0.000010	0.000010	0.000010	0.000010	0.000010	0.000010	0.000010	0.999890	LD_0.9_12_1830
JU2457	0.484359	0.219388	0.000010	0.296163	0.000010	0.000010	0.000010	0.000010	0.000010	0.000010	0.000010	0.000010	LD_0.9_12_1830
JU2470	0.000010	0.000010	0.999890	0.000010	0.000010	0.000010	0.000010	0.000010	0.000010	0.000010	0.000010	0.000010	LD_0.9_12_1830
JU2472	0.000010	0.077977	0.000010	0.000010	0.000010	0.000010	0.000010	0.000010	0.000010	0.921923	0.000010	0.000010	LD_0.9_12_1830
JU2507	0.000010	0.000010	0.997817	0.000010	0.000011	0.000010	0.000010	0.000010	0.002082	0.000010	0.000010	0.000010	LD_0.9_12_1830
JU2518	0.000010	0.999886	0.000010	0.000010	0.000014	0.000010	0.000010	0.000010	0.000010	0.000010	0.000010	0.000010	LD_0.9_12_1830
JU2536	0.999890	0.000010	0.000010	0.000010	0.000010	0.000010	0.000010	0.000010	0.000010	0.000010	0.000010	0.000010	LD_0.9_12_1830
JU2618	0.000010	0.485340	0.000010	0.000010	0.000010	0.000010	0.000010	0.000010	0.383311	0.131259	0.000010	0.000010	LD_0.9_12_1830
JU2799	0.000010	0.000010	0.000010	0.413396	0.000010	0.000010	0.000010	0.000010	0.000010	0.586504	0.000010	0.000010	LD_0.9_12_1830
JU2836	0.000010	0.049428	0.003472	0.685596	0.000010	0.000010	0.000010	0.000010	0.232374	0.029059	0.000010	0.000010	LD_0.9_12_1830
JU2849	0.000010	0.000010	0.000010	0.000010	0.999890	0.000010	0.000010	0.000010	0.000010	0.000010	0.000010	0.000010	LD_0.9_12_1830
JU2861	0.000010	0.000010	0.000010	0.749039	0.000016	0.000012	0.000013	0.000010	0.000010	0.250845	0.000015	0.000010	LD_0.9_12_1830
JU2868	0.000010	0.000010	0.000017	0.980430	0.000010	0.000010	0.000010	0.000010	0.000010	0.019462	0.000010	0.000010	LD_0.9_12_1830
JU2872	0.999883	0.000015	0.000010	0.000010	0.000010	0.000011	0.000010	0.000010	0.000011	0.000010	0.000010	0.000010	LD_0.9_12_1830
JU2910	0.000010	0.000010	0.046514	0.051084	0.063959	0.000010	0.000010	0.000010	0.022070	0.816304	0.000010	0.000010	LD_0.9_12_1830
JU3168	0.000010	0.000010	0.000010	0.000010	0.000010	0.999890	0.000010	0.000010	0.000010	0.000010	0.000010	0.000010	LD_0.9_12_1830
JU3171	0.000012	0.000010	0.000017	0.224951	0.000010	0.000010	0.000010	0.000018	0.000010	0.774932	0.000010	0.000010	LD_0.9_12_1830
JU3199	0.000010	0.000010	0.000010	0.000010	0.000010	0.000010	0.000010	0.000010	0.000010	0.000010	0.999890	0.000010	LD_0.9_12_1830
JU3200	0.000010	0.000010	0.000010	0.000010	0.000010	0.000012	0.000010	0.000010	0.000010	0.000010	0.999888	0.000010	LD_0.9_12_1830
JU3201	0.000010	0.000010	0.000010	0.000010	0.000010	0.000010	0.000010	0.000010	0.000010	0.000010	0.999890	0.000010	LD_0.9_12_1830
JU3202	0.000010	0.000010	0.000010	0.000010	0.000010	0.000010	0.000014	0.000010	0.000010	0.000010	0.999886	0.000010	LD_0.9_12_1830
JU3203	0.000010	0.000010	0.000017	0.000010	0.000010	0.000010	0.000010	0.000010	0.000010	0.000010	0.999883	0.000010	LD_0.9_12_1830
JU3206	0.000010	0.000010	0.000010	0.000010	0.000010	0.000010	0.000010	0.000010	0.000010	0.000010	0.999890	0.000010	LD_0.9_12_1830
JU3207	0.000010	0.000010	0.000010	0.358569	0.000010	0.000010	0.000010	0.000010	0.000010	0.641331	0.000010	0.000010	LD_0.9_12_1830
JU3237	0.000010	0.000010	0.999890	0.000010	0.000010	0.000010	0.000010	0.000010	0.000010	0.000010	0.000010	0.000010	LD_0.9_12_1830
JU3281	0.000010	0.000010	0.000010	0.999890	0.000010	0.000010	0.000010	0.000010	0.000010	0.000010	0.000010	0.000010	LD_0.9_12_1830
JU3319	0.000010	0.000010	0.000010	0.189318	0.810582	0.000010	0.000010	0.000010	0.000010	0.000010	0.000010	0.000010	LD_0.9_12_1830
JU3321	0.000010	0.000010	0.000010	0.999890	0.000010	0.000010	0.000010	0.000010	0.000010	0.000010	0.000010	0.000010	LD_0.9_12_1830
JU3326	0.574925	0.000010	0.000010	0.093803	0.000010	0.237858	0.000010	0.061340	0.000010	0.000010	0.000010	0.032004	LD_0.9_12_1830
JU3327	0.000010	0.000010	0.000010	0.918393	0.081507	0.000010	0.000010	0.000010	0.000010	0.000010	0.000010	0.000010	LD_0.9_12_1830
JU3416	0.902211	0.000010	0.000010	0.076854	0.000010	0.000010	0.000010	0.000010	0.000010	0.000010	0.000010	0.020845	LD_0.9_12_1830
JU4042	0.000010	0.000010	0.000010	0.999890	0.000010	0.000010	0.000010	0.000010	0.000010	0.000010	0.000010	0.000010	LD_0.9_12_1830
JU4051	0.000010	0.000010	0.000010	0.000010	0.999890	0.000010	0.000010	0.000010	0.000010	0.000010	0.000010	0.000010	LD_0.9_12_1830
JU4058	0.000010	0.000010	0.000010	0.000010	0.999890	0.000010	0.000010	0.000010	0.000010	0.000010	0.000010	0.000010	LD_0.9_12_1830
JU4060	0.000010	0.000010	0.000010	0.000010	0.999890	0.000010	0.000010	0.000010	0.000010	0.000010	0.000010	0.000010	LD_0.9_12_1830
JU4062	0.000010	0.000010	0.000010	0.000010	0.999890	0.000010	0.000010	0.000010	0.000010	0.000010	0.000010	0.000010	LD_0.9_12_1830
JU4064	0.000010	0.000010	0.000011	0.000010	0.999889	0.000010	0.000010	0.000010	0.000010	0.000010	0.000010	0.000010	LD_0.9_12_1830
JU4080	0.000010	0.000010	0.000019	0.999880	0.000010	0.000010	0.000010	0.000010	0.000010	0.000011	0.000010	0.000010	LD_0.9_12_1830
JU4084	0.000010	0.000010	0.000010	0.000010	0.999890	0.000010	0.000010	0.000010	0.000010	0.000010	0.000010	0.000010	LD_0.9_12_1830
JU4097	0.000010	0.000010	0.000010	0.000010	0.999890	0.000010	0.000010	0.000010	0.000010	0.000010	0.000010	0.000010	LD_0.9_12_1830
JU725	0.000010	0.000010	0.000010	0.247387	0.752513	0.000010	0.000010	0.000010	0.000010	0.000010	0.000010	0.000010	LD_0.9_12_1830
MY2716	0.000010	0.000010	0.000010	0.891566	0.000010	0.000010	0.000010	0.000010	0.000010	0.108334	0.000010	0.000010	LD_0.9_12_1830
MY539	0.000010	0.000010	0.000010	0.786015	0.000010	0.000010	0.000010	0.000010	0.000010	0.213885	0.000010	0.000010	LD_0.9_12_1830
NIC1050	0.000010	0.713142	0.000010	0.000010	0.000010	0.000010	0.000010	0.000010	0.213597	0.073171	0.000010	0.000010	LD_0.9_12_1830
NIC1052	0.000010	0.608339	0.000011	0.000010	0.000010	0.000010	0.000010	0.000010	0.288883	0.102687	0.000010	0.000010	LD_0.9_12_1830
NIC1054	0.000010	0.835280	0.000010	0.000010	0.000010	0.000010	0.000010	0.000010	0.114714	0.049917	0.000010	0.000010	LD_0.9_12_1830
NIC1055	0.000010	0.738762	0.000011	0.000010	0.000010	0.000010	0.000010	0.000010	0.261137	0.000010	0.000010	0.000010	LD_0.9_12_1830
NIC1057	0.000010	0.695048	0.000010	0.000010	0.000010	0.000010	0.000010	0.000010	0.264164	0.040698	0.000010	0.000010	LD_0.9_12_1830
NIC1058	0.000011	0.772031	0.000010	0.000010	0.000010	0.000010	0.000011	0.000010	0.227868	0.000010	0.000010	0.000010	LD_0.9_12_1830
NIC1059	0.000010	0.862620	0.000010	0.000010	0.000010	0.000012	0.000010	0.000010	0.137278	0.000010	0.000010	0.000010	LD_0.9_12_1830
NIC1060	0.000010	0.939644	0.000010	0.000010	0.000010	0.000010	0.000010	0.000010	0.060256	0.000010	0.000010	0.000010	LD_0.9_12_1830
NIC1062	0.000010	0.107877	0.000010	0.000010	0.000010	0.000010	0.000010	0.000010	0.191924	0.700109	0.000010	0.000010	LD_0.9_12_1830
NIC1069	0.000010	0.137017	0.000010	0.094940	0.000010	0.000010	0.000010	0.000010	0.000010	0.767953	0.000010	0.000010	LD_0.9_12_1830
NIC1103	0.000010	0.710635	0.000010	0.051158	0.000010	0.000010	0.000012	0.000010	0.238115	0.000010	0.000010	0.000010	LD_0.9_12_1830
NIC1104	0.000011	0.298968	0.000010	0.583493	0.000010	0.000010	0.000010	0.000010	0.009098	0.108359	0.000010	0.000010	LD_0.9_12_1830
NIC1106	0.000010	0.467016	0.000010	0.382314	0.000010	0.000010	0.000010	0.000010	0.150579	0.000010	0.000010	0.000010	LD_0.9_12_1830
NIC1117	0.000010	0.000010	0.000010	0.999890	0.000010	0.000010	0.000010	0.000010	0.000010	0.000010	0.000010	0.000010	LD_0.9_12_1830
NIC1123	0.000010	0.000010	0.000010	0.000010	0.999890	0.000010	0.000010	0.000010	0.000010	0.000010	0.000010	0.000010	LD_0.9_12_1830
NIC1124	0.000010	0.999890	0.000010	0.000010	0.000010	0.000010	0.000010	0.000010	0.000010	0.000010	0.000010	0.000010	LD_0.9_12_1830
NIC1135	0.000010	0.999890	0.000010	0.000010	0.000010	0.000010	0.000010	0.000010	0.000010	0.000010	0.000010	0.000010	LD_0.9_12_1830
NIC1138	0.000010	0.999867	0.000019	0.000015	0.000010	0.000010	0.000010	0.000010	0.000011	0.000018	0.000010	0.000010	LD_0.9_12_1830
NIC1141	0.000010	0.999890	0.000010	0.000010	0.000010	0.000010	0.000010	0.000010	0.000010	0.000010	0.000010	0.000010	LD_0.9_12_1830
NIC115	0.000010	0.000010	0.000010	0.000010	0.000010	0.000010	0.000010	0.000010	0.000010	0.999890	0.000010	0.000010	LD_0.9_12_1830
NIC117	0.000010	0.000010	0.000010	0.000010	0.000010	0.000010	0.000010	0.000010	0.000010	0.999890	0.000010	0.000010	LD_0.9_12_1830
NIC1183	0.000010	0.999890	0.000010	0.000010	0.000010	0.000010	0.000010	0.000010	0.000010	0.000010	0.000010	0.000010	LD_0.9_12_1830
NIC119	0.000010	0.000010	0.000010	0.000010	0.000010	0.000010	0.000010	0.000010	0.000010	0.999890	0.000010	0.000010	LD_0.9_12_1830
NIC1190	0.000010	0.999890	0.000010	0.000010	0.000010	0.000010	0.000010	0.000010	0.000010	0.000010	0.000010	0.000010	LD_0.9_12_1830
NIC1202	0.000010	0.013907	0.000010	0.820381	0.140290	0.000010	0.000010	0.000010	0.000010	0.025341	0.000010	0.000010	LD_0.9_12_1830
NIC1204	0.000010	0.010551	0.000010	0.749611	0.197182	0.000010	0.000010	0.000010	0.000010	0.042575	0.000010	0.000010	LD_0.9_12_1830
NIC1205	0.000010	0.000010	0.000010	0.000010	0.000010	0.000010	0.000010	0.000010	0.000010	0.000010	0.000010	0.999890	LD_0.9_12_1830
NIC1218	0.000010	0.000010	0.000010	0.999890	0.000010	0.000010	0.000010	0.000010	0.000010	0.000010	0.000010	0.000010	LD_0.9_12_1830
NIC1220	0.000010	0.000010	0.000010	0.000010	0.000016	0.000010	0.000010	0.000012	0.000010	0.000010	0.000010	0.999882	LD_0.9_12_1830
NIC1221	0.000010	0.000010	0.000010	0.777972	0.221928	0.000010	0.000010	0.000010	0.000010	0.000010	0.000010	0.000010	LD_0.9_12_1830
NIC123	0.000010	0.000010	0.000010	0.000010	0.000010	0.000010	0.000010	0.000010	0.000010	0.999890	0.000010	0.000010	LD_0.9_12_1830
NIC1267	0.000010	0.576130	0.000018	0.000010	0.000010	0.000010	0.000010	0.000010	0.000010	0.423762	0.000010	0.000010	LD_0.9_12_1830
NIC1283	0.000010	0.999890	0.000010	0.000010	0.000010	0.000010	0.000010	0.000010	0.000010	0.000010	0.000010	0.000010	LD_0.9_12_1830
NIC1288	0.000020	0.735386	0.000018	0.000010	0.118404	0.000010	0.000010	0.000010	0.146103	0.000010	0.000010	0.000010	LD_0.9_12_1830
NIC1292	0.000010	0.999890	0.000010	0.000010	0.000010	0.000010	0.000010	0.000010	0.000010	0.000010	0.000010	0.000010	LD_0.9_12_1830
NIC1302	0.000010	0.999890	0.000010	0.000010	0.000010	0.000010	0.000010	0.000010	0.000010	0.000010	0.000010	0.000010	LD_0.9_12_1830
NIC1304	0.000010	0.999890	0.000010	0.000010	0.000010	0.000010	0.000010	0.000010	0.000010	0.000010	0.000010	0.000010	LD_0.9_12_1830
NIC1308	0.000010	0.000010	0.000010	0.000010	0.548407	0.000010	0.000010	0.000010	0.000010	0.451493	0.000010	0.000010	LD_0.9_12_1830
NIC1407	0.000010	0.999890	0.000010	0.000010	0.000010	0.000010	0.000010	0.000010	0.000010	0.000010	0.000010	0.000010	LD_0.9_12_1830
NIC1421	0.000010	0.598760	0.000010	0.000010	0.000010	0.000010	0.000010	0.000010	0.112845	0.288305	0.000010	0.000010	LD_0.9_12_1830
NIC1423	0.000010	0.827140	0.000010	0.000010	0.000010	0.000010	0.000010	0.000010	0.172760	0.000010	0.000010	0.000010	LD_0.9_12_1830
NIC1442	0.000010	0.999890	0.000010	0.000010	0.000010	0.000010	0.000010	0.000010	0.000010	0.000010	0.000010	0.000010	LD_0.9_12_1830
NIC1491	0.000010	0.999887	0.000010	0.000010	0.000010	0.000013	0.000010	0.000010	0.000010	0.000010	0.000010	0.000010	LD_0.9_12_1830
NIC1525	0.000010	0.000010	0.000010	0.001310	0.000010	0.000010	0.000010	0.000010	0.000010	0.998590	0.000010	0.000010	LD_0.9_12_1830
NIC1528	0.000010	0.000010	0.000010	0.000010	0.000010	0.000010	0.000010	0.000010	0.000010	0.999890	0.000010	0.000010	LD_0.9_12_1830
NIC1529	0.000010	0.000018	0.000010	0.000010	0.000010	0.000010	0.000010	0.000010	0.000010	0.999882	0.000010	0.000010	LD_0.9_12_1830
NIC1533	0.000010	0.000010	0.000010	0.052926	0.000010	0.000010	0.000010	0.000010	0.000010	0.946974	0.000010	0.000010	LD_0.9_12_1830
NIC1535	0.000010	0.034000	0.000017	0.000010	0.000010	0.000014	0.000010	0.000010	0.000010	0.965889	0.000010	0.000010	LD_0.9_12_1830
NIC1539	0.000010	0.000010	0.000010	0.000010	0.000010	0.000010	0.000010	0.000010	0.000010	0.000010	0.000010	0.999890	LD_0.9_12_1830
NIC1540	0.000010	0.000010	0.000010	0.000010	0.000010	0.000010	0.000010	0.999890	0.000010	0.000010	0.000010	0.000010	LD_0.9_12_1830
NIC1562	0.000010	0.000010	0.000010	0.000010	0.000010	0.000010	0.000010	0.000010	0.000020	0.000010	0.000010	0.999880	LD_0.9_12_1830
NIC1589	0.000010	0.000010	0.000010	0.000010	0.000010	0.000010	0.000010	0.999890	0.000010	0.000010	0.000010	0.000010	LD_0.9_12_1830
NIC1590	0.000010	0.000010	0.000010	0.000010	0.000010	0.000010	0.000010	0.000014	0.000011	0.000010	0.000010	0.999885	LD_0.9_12_1830
NIC1591	0.000010	0.000010	0.000010	0.000010	0.000010	0.000010	0.000010	0.999890	0.000010	0.000010	0.000010	0.000010	LD_0.9_12_1830
NIC1593	0.000010	0.000010	0.000010	0.000010	0.000010	0.000010	0.000010	0.999890	0.000010	0.000010	0.000010	0.000010	LD_0.9_12_1830
NIC1595	0.000010	0.000010	0.000010	0.000010	0.000010	0.000010	0.000010	0.000010	0.000010	0.000010	0.000010	0.999890	LD_0.9_12_1830
NIC1598	0.000010	0.000010	0.000010	0.011943	0.000010	0.000010	0.000010	0.000010	0.000016	0.000010	0.000010	0.987951	LD_0.9_12_1830
NIC1602	0.000010	0.000010	0.000010	0.000010	0.000010	0.000010	0.000010	0.000010	0.000010	0.000010	0.000010	0.999890	LD_0.9_12_1830
NIC1607	0.000010	0.000010	0.000010	0.000010	0.000010	0.999889	0.000010	0.000011	0.000010	0.000010	0.000010	0.000010	LD_0.9_12_1830
NIC1628	0.000010	0.000010	0.000018	0.999876	0.000010	0.000010	0.000010	0.000010	0.000010	0.000010	0.000016	0.000010	LD_0.9_12_1830
NIC1630	0.000010	0.000010	0.000010	0.000010	0.000010	0.000010	0.000010	0.000010	0.000010	0.000010	0.000010	0.999890	LD_0.9_12_1830
NIC1631	0.000010	0.000010	0.000010	0.000010	0.000010	0.000010	0.000010	0.000010	0.000010	0.000010	0.000010	0.999890	LD_0.9_12_1830
NIC1632	0.999890	0.000010	0.000010	0.000010	0.000010	0.000010	0.000010	0.000010	0.000010	0.000010	0.000010	0.000010	LD_0.9_12_1830
NIC1633	0.999887	0.000010	0.000010	0.000010	0.000010	0.000010	0.000013	0.000010	0.000010	0.000010	0.000010	0.000010	LD_0.9_12_1830
NIC1635	0.999890	0.000010	0.000010	0.000010	0.000010	0.000010	0.000010	0.000010	0.000010	0.000010	0.000010	0.000010	LD_0.9_12_1830
NIC1645	0.000010	0.000010	0.000010	0.000010	0.000010	0.000010	0.000013	0.000012	0.000010	0.000010	0.000010	0.999885	LD_0.9_12_1830
NIC1660	0.000010	0.000010	0.000010	0.000010	0.000013	0.000010	0.000010	0.000010	0.000010	0.000010	0.000010	0.999887	LD_0.9_12_1830
NIC1661	0.000010	0.000010	0.000010	0.000010	0.000010	0.000010	0.000010	0.000010	0.000010	0.000010	0.000010	0.999890	LD_0.9_12_1830
NIC1662	0.000010	0.000010	0.000010	0.000010	0.000010	0.000013	0.000010	0.000010	0.000010	0.000010	0.000010	0.999887	LD_0.9_12_1830
NIC1663	0.000010	0.000010	0.000010	0.000010	0.000010	0.000010	0.000010	0.000010	0.000013	0.000010	0.000010	0.999887	LD_0.9_12_1830
NIC1664	0.000010	0.000010	0.000010	0.000010	0.000010	0.000010	0.000010	0.999890	0.000010	0.000010	0.000010	0.000010	LD_0.9_12_1830
NIC1665	0.000010	0.000010	0.000010	0.000010	0.000010	0.000010	0.000010	0.999890	0.000010	0.000010	0.000010	0.000010	LD_0.9_12_1830
NIC1666	0.000010	0.000010	0.000010	0.000010	0.000010	0.000010	0.000010	0.000010	0.000010	0.000010	0.000010	0.999890	LD_0.9_12_1830
NIC1667	0.000010	0.000010	0.000010	0.000010	0.000010	0.000010	0.000010	0.000010	0.000010	0.000010	0.000010	0.999890	LD_0.9_12_1830
NIC1681	0.000010	0.000010	0.000010	0.000010	0.000010	0.000010	0.000010	0.000010	0.000010	0.000010	0.000010	0.999890	LD_0.9_12_1830
NIC1688	0.000010	0.000010	0.000010	0.999890	0.000010	0.000010	0.000010	0.000010	0.000010	0.000010	0.000010	0.000010	LD_0.9_12_1830
NIC1692	0.000010	0.000010	0.000010	0.000010	0.000010	0.000010	0.000010	0.000010	0.000010	0.000010	0.000010	0.999890	LD_0.9_12_1830
NIC1693	0.000010	0.000010	0.000010	0.000010	0.000010	0.000010	0.000010	0.000010	0.000010	0.000010	0.000010	0.999890	LD_0.9_12_1830
NIC17	0.000010	0.000010	0.000010	0.007181	0.000010	0.000010	0.000010	0.000010	0.000010	0.992719	0.000010	0.000010	LD_0.9_12_1830
NIC174	0.999890	0.000010	0.000010	0.000010	0.000010	0.000010	0.000010	0.000010	0.000010	0.000010	0.000010	0.000010	LD_0.9_12_1830
NIC187	0.000019	0.365900	0.000010	0.000010	0.000010	0.000011	0.000010	0.000010	0.000010	0.633991	0.000010	0.000010	LD_0.9_12_1830
NIC188	0.000010	0.120576	0.000010	0.000010	0.000010	0.000010	0.000010	0.000010	0.000014	0.879320	0.000010	0.000010	LD_0.9_12_1830
NIC19	0.000010	0.000010	0.000010	0.000015	0.000010	0.000010	0.000010	0.999885	0.000010	0.000010	0.000010	0.000010	LD_0.9_12_1830
NIC191	0.000010	0.000010	0.000010	0.000010	0.000010	0.000010	0.000010	0.000010	0.000010	0.999890	0.000010	0.000010	LD_0.9_12_1830
NIC20	0.000010	0.000010	0.000010	0.000010	0.000010	0.000010	0.000010	0.999890	0.000010	0.000010	0.000010	0.000010	LD_0.9_12_1830
NIC21	0.000010	0.000010	0.000010	0.000010	0.000010	0.000010	0.000010	0.999890	0.000010	0.000010	0.000010	0.000010	LD_0.9_12_1830
NIC22	0.000010	0.000010	0.000017	0.000010	0.000010	0.000010	0.000010	0.999883	0.000010	0.000010	0.000010	0.000010	LD_0.9_12_1830
NIC2369	0.000010	0.000010	0.000010	0.000010	0.999890	0.000010	0.000010	0.000010	0.000010	0.000010	0.000010	0.000010	LD_0.9_12_1830
NIC248	0.000010	0.000010	0.000010	0.000010	0.000010	0.000010	0.000010	0.000010	0.000010	0.999890	0.000010	0.000010	LD_0.9_12_1830
NIC250	0.000010	0.000010	0.000010	0.000010	0.000010	0.000010	0.000010	0.000010	0.000010	0.999890	0.000010	0.000010	LD_0.9_12_1830
NIC2527	0.000010	0.000010	0.000010	0.999890	0.000010	0.000010	0.000010	0.000010	0.000010	0.000010	0.000010	0.000010	LD_0.9_12_1830
NIC309	0.000010	0.999889	0.000010	0.000010	0.000010	0.000010	0.000010	0.000011	0.000010	0.000010	0.000010	0.000010	LD_0.9_12_1830
NIC325	0.000010	0.999890	0.000010	0.000010	0.000010	0.000010	0.000010	0.000010	0.000010	0.000010	0.000010	0.000010	LD_0.9_12_1830
NIC327	0.000010	0.934308	0.000010	0.000010	0.000010	0.000010	0.000010	0.000010	0.065592	0.000010	0.000010	0.000010	LD_0.9_12_1830
NIC329	0.000011	0.896774	0.000018	0.000010	0.000010	0.000016	0.000010	0.000010	0.000010	0.103111	0.000010	0.000010	LD_0.9_12_1830
NIC330	0.000010	0.930208	0.000010	0.000010	0.000010	0.000010	0.000010	0.000010	0.000010	0.069692	0.000010	0.000010	LD_0.9_12_1830
NIC331	0.000010	0.689799	0.000010	0.000017	0.000010	0.000010	0.000010	0.000010	0.110891	0.199213	0.000010	0.000010	LD_0.9_12_1830
NIC332	0.000010	0.882897	0.000010	0.000010	0.000010	0.000010	0.000010	0.000010	0.117003	0.000010	0.000010	0.000010	LD_0.9_12_1830
NIC333	0.000010	0.999878	0.000010	0.000012	0.000011	0.000019	0.000010	0.000010	0.000010	0.000010	0.000010	0.000010	LD_0.9_12_1830
NIC343	0.000010	0.000010	0.000010	0.974264	0.025636	0.000010	0.000010	0.000010	0.000010	0.000010	0.000010	0.000010	LD_0.9_12_1830
NIC392	0.000012	0.679015	0.000010	0.145643	0.000010	0.000010	0.000012	0.000014	0.000010	0.175244	0.000010	0.000010	LD_0.9_12_1830
NIC400	0.000010	0.900528	0.000010	0.000010	0.000010	0.000010	0.000011	0.000012	0.099369	0.000010	0.000010	0.000010	LD_0.9_12_1830
NIC402	0.000010	0.877658	0.000010	0.000010	0.000010	0.000010	0.000010	0.000010	0.085382	0.036870	0.000010	0.000010	LD_0.9_12_1830
NIC419	0.000010	0.000010	0.000010	0.000010	0.999890	0.000010	0.000010	0.000010	0.000010	0.000010	0.000010	0.000010	LD_0.9_12_1830
NIC504	0.000010	0.000010	0.000010	0.000010	0.000010	0.000010	0.000010	0.000010	0.000010	0.000010	0.000010	0.999890	LD_0.9_12_1830
NIC505	0.000010	0.000010	0.000010	0.000010	0.000010	0.000010	0.000010	0.000010	0.000010	0.000010	0.000010	0.999890	LD_0.9_12_1830
NIC518	0.000010	0.000010	0.000010	0.000010	0.000016	0.000010	0.000010	0.000010	0.000010	0.000010	0.000010	0.999884	LD_0.9_12_1830
NIC519	0.000010	0.000010	0.000010	0.000010	0.000010	0.000010	0.000010	0.000010	0.000010	0.000010	0.000010	0.999890	LD_0.9_12_1830
NIC532	0.000010	0.000010	0.000010	0.000010	0.000010	0.000010	0.000010	0.000010	0.000010	0.999890	0.000010	0.000010	LD_0.9_12_1830
NIC541	0.000010	0.568226	0.259054	0.000010	0.000010	0.000010	0.000012	0.000013	0.037959	0.134677	0.000010	0.000010	LD_0.9_12_1830
NIC549	0.000010	0.000013	0.000010	0.000010	0.000010	0.000010	0.000010	0.000010	0.000010	0.999887	0.000010	0.000010	LD_0.9_12_1830
NIC552	0.000010	0.000010	0.000010	0.000010	0.000010	0.000010	0.000010	0.000010	0.000010	0.999890	0.000010	0.000010	LD_0.9_12_1830
NIC555	0.000010	0.342845	0.000010	0.000010	0.000010	0.000010	0.000010	0.000010	0.080317	0.576749	0.000010	0.000010	LD_0.9_12_1830
NIC574	0.000010	0.000010	0.000010	0.000010	0.000010	0.000010	0.000010	0.000010	0.000010	0.999890	0.000010	0.000010	LD_0.9_12_1830
NIC578	0.000010	0.149854	0.000010	0.000010	0.000010	0.000010	0.000014	0.000010	0.000010	0.850042	0.000010	0.000010	LD_0.9_12_1830
NIC583	0.000010	0.426393	0.000010	0.000010	0.000010	0.000010	0.000010	0.000010	0.000010	0.573507	0.000010	0.000010	LD_0.9_12_1830
NIC590	0.000010	0.515893	0.111001	0.000010	0.000010	0.000010	0.000010	0.000010	0.000010	0.373016	0.000010	0.000010	LD_0.9_12_1830
NIC593	0.000010	0.000010	0.000010	0.000010	0.000010	0.000010	0.000010	0.000010	0.000010	0.999890	0.000010	0.000010	LD_0.9_12_1830
NIC60	0.000010	0.999890	0.000010	0.000010	0.000010	0.000010	0.000010	0.000010	0.000010	0.000010	0.000010	0.000010	LD_0.9_12_1830
NIC61	0.000010	0.000018	0.000010	0.000010	0.000010	0.000010	0.000010	0.000010	0.000010	0.999882	0.000010	0.000010	LD_0.9_12_1830
NIC62	0.000010	0.502574	0.000010	0.000010	0.000010	0.000010	0.000010	0.000010	0.000010	0.497326	0.000010	0.000010	LD_0.9_12_1830
NIC67	0.000010	0.000010	0.000010	0.000010	0.999890	0.000010	0.000010	0.000010	0.000010	0.000010	0.000010	0.000010	LD_0.9_12_1830
NIC758	0.000010	0.365551	0.116426	0.000010	0.000010	0.000010	0.000010	0.000010	0.000010	0.517933	0.000010	0.000010	LD_0.9_12_1830
NIC777	0.000010	0.488502	0.000017	0.000010	0.000010	0.000010	0.000010	0.000010	0.071430	0.439971	0.000010	0.000010	LD_0.9_12_1830
NIC779	0.000010	0.000010	0.000010	0.000010	0.000010	0.000010	0.000010	0.000010	0.000010	0.000010	0.000010	0.999890	LD_0.9_12_1830
NIC790	0.000010	0.000010	0.000010	0.999890	0.000010	0.000010	0.000010	0.000010	0.000010	0.000010	0.000010	0.000010	LD_0.9_12_1830
NIC791	0.000010	0.000010	0.914903	0.084997	0.000010	0.000010	0.000010	0.000010	0.000010	0.000010	0.000010	0.000010	LD_0.9_12_1830
NIC792	0.000010	0.000010	0.299124	0.700776	0.000010	0.000010	0.000010	0.000010	0.000010	0.000010	0.000010	0.000010	LD_0.9_12_1830
NIC793	0.000010	0.000010	0.000010	0.999890	0.000010	0.000010	0.000010	0.000010	0.000010	0.000010	0.000010	0.000010	LD_0.9_12_1830
NIC795	0.000010	0.000010	0.000010	0.999890	0.000010	0.000010	0.000010	0.000010	0.000010	0.000010	0.000010	0.000010	LD_0.9_12_1830
NIC796	0.000010	0.000010	0.000010	0.992933	0.000010	0.000010	0.000010	0.006967	0.000010	0.000010	0.000010	0.000010	LD_0.9_12_1830
NIC802	0.000010	0.000010	0.000010	0.999890	0.000010	0.000010	0.000010	0.000010	0.000010	0.000010	0.000010	0.000010	LD_0.9_12_1830
NIC803	0.000010	0.086850	0.000016	0.913043	0.000010	0.000011	0.000010	0.000010	0.000010	0.000010	0.000010	0.000010	LD_0.9_12_1830
NIC805	0.000010	0.000010	0.000010	0.000010	0.000010	0.000010	0.000010	0.000010	0.000010	0.000010	0.000010	0.999890	LD_0.9_12_1830
NIC811	0.000010	0.000010	0.007443	0.984466	0.008001	0.000010	0.000010	0.000010	0.000010	0.000010	0.000010	0.000010	LD_0.9_12_1830
NIC814	0.000010	0.000010	0.000010	0.000010	0.000010	0.000010	0.000010	0.000010	0.000010	0.000010	0.000010	0.999890	LD_0.9_12_1830
NIC815	0.000011	0.000010	0.000010	0.000010	0.000016	0.000010	0.000016	0.000011	0.000010	0.000010	0.000010	0.999875	LD_0.9_12_1830
NIC816	0.000010	0.000010	0.000010	0.000010	0.000010	0.000010	0.000010	0.999890	0.000010	0.000010	0.000010	0.000010	LD_0.9_12_1830
NIC819	0.000010	0.000010	0.000010	0.000010	0.000010	0.999890	0.000010	0.000010	0.000010	0.000010	0.000010	0.000010	LD_0.9_12_1830
NIC821	0.000010	0.109705	0.000010	0.890195	0.000010	0.000010	0.000010	0.000010	0.000010	0.000010	0.000010	0.000010	LD_0.9_12_1830
NIC822	0.000010	0.000010	0.000010	0.000010	0.000010	0.000010	0.000010	0.000010	0.000010	0.000010	0.000010	0.999890	LD_0.9_12_1830
NIC824	0.000010	0.000010	0.000010	0.000010	0.000010	0.000010	0.000010	0.000010	0.000010	0.000010	0.000010	0.999890	LD_0.9_12_1830
NIC825	0.000010	0.000010	0.000010	0.000010	0.000010	0.000010	0.000010	0.999890	0.000010	0.000010	0.000010	0.000010	LD_0.9_12_1830
NIC827	0.000010	0.000010	0.000010	0.000010	0.000010	0.000014	0.000010	0.999886	0.000010	0.000010	0.000010	0.000010	LD_0.9_12_1830
NIC828	0.000010	0.000010	0.000010	0.000010	0.000013	0.000010	0.000010	0.999887	0.000010	0.000010	0.000010	0.000010	LD_0.9_12_1830
NIC863	0.000010	0.000010	0.000010	0.000010	0.000010	0.000010	0.000010	0.000010	0.000010	0.000010	0.000010	0.999890	LD_0.9_12_1830
NIC864	0.000010	0.000010	0.000010	0.000012	0.000017	0.000010	0.000011	0.000011	0.000010	0.000010	0.000010	0.999880	LD_0.9_12_1830
NIC865	0.000010	0.000010	0.000010	0.000010	0.000010	0.000010	0.000010	0.000010	0.000010	0.000010	0.000010	0.999890	LD_0.9_12_1830
NIC871	0.000013	0.000010	0.000010	0.999883	0.000010	0.000010	0.000010	0.000014	0.000010	0.000010	0.000010	0.000010	LD_0.9_12_1830
NIC883	0.000010	0.000010	0.000010	0.999890	0.000010	0.000010	0.000010	0.000010	0.000010	0.000010	0.000010	0.000010	LD_0.9_12_1830
NIC889	0.000010	0.000010	0.000010	0.000011	0.000018	0.000010	0.000012	0.000012	0.000010	0.000010	0.000010	0.999877	LD_0.9_12_1830
NIC893	0.000010	0.000010	0.000010	0.000010	0.000010	0.999890	0.000010	0.000010	0.000010	0.000010	0.000010	0.000010	LD_0.9_12_1830
NIC897	0.000010	0.000010	0.000010	0.000010	0.000010	0.000010	0.000010	0.000010	0.000010	0.000010	0.000010	0.999890	LD_0.9_12_1830
NIC899	0.999880	0.000010	0.000010	0.000010	0.000010	0.000010	0.000017	0.000013	0.000010	0.000010	0.000010	0.000010	LD_0.9_12_1830
NIC901	0.000010	0.000010	0.000010	0.173651	0.000010	0.000010	0.000010	0.000010	0.000010	0.826249	0.000010	0.000010	LD_0.9_12_1830
NIC911	0.000010	0.021129	0.000010	0.347308	0.000010	0.000010	0.000010	0.000010	0.000010	0.631473	0.000010	0.000010	LD_0.9_12_1830
NIC96	0.000010	0.999886	0.000010	0.000010	0.000010	0.000014	0.000010	0.000010	0.000010	0.000010	0.000010	0.000010	LD_0.9_12_1830
NIC984	0.000010	0.010110	0.000010	0.492841	0.000010	0.000010	0.000010	0.000010	0.000010	0.496959	0.000010	0.000010	LD_0.9_12_1830
NIC985	0.000010	0.000756	0.000010	0.343162	0.168761	0.000010	0.000010	0.000010	0.000010	0.487241	0.000010	0.000010	LD_0.9_12_1830
PB800	0.999890	0.000010	0.000010	0.000010	0.000010	0.000010	0.000010	0.000010	0.000010	0.000010	0.000010	0.000010	LD_0.9_12_1830
PB857	0.999890	0.000010	0.000010	0.000010	0.000010	0.000010	0.000010	0.000010	0.000010	0.000010	0.000010	0.000010	LD_0.9_12_1830
PE887	0.000010	0.000010	0.000010	0.394221	0.000010	0.000010	0.000010	0.000010	0.000010	0.605679	0.000010	0.000010	LD_0.9_12_1830
QG1005	0.000010	0.111300	0.000017	0.000010	0.000010	0.000010	0.000010	0.000010	0.888594	0.000010	0.000010	0.000010	LD_0.9_12_1830
QG1007	0.000010	0.000010	0.000010	0.000010	0.000010	0.000010	0.000010	0.000010	0.999890	0.000010	0.000010	0.000010	LD_0.9_12_1830
QG1111	0.000010	0.000010	0.000010	0.000010	0.000010	0.000010	0.000010	0.000010	0.999890	0.000010	0.000010	0.000010	LD_0.9_12_1830
QG1126	0.000010	0.000010	0.000010	0.000010	0.000010	0.000010	0.000010	0.000010	0.999890	0.000010	0.000010	0.000010	LD_0.9_12_1830
QG1141	0.000010	0.000010	0.000010	0.000016	0.000010	0.000010	0.000010	0.000010	0.999884	0.000010	0.000010	0.000010	LD_0.9_12_1830
QG1155	0.000010	0.000015	0.000010	0.004487	0.000010	0.000010	0.000010	0.000010	0.995408	0.000010	0.000010	0.000010	LD_0.9_12_1830
QG130	0.000010	0.000010	0.000010	0.999890	0.000010	0.000010	0.000010	0.000010	0.000010	0.000010	0.000010	0.000010	LD_0.9_12_1830
QG132	0.000010	0.049336	0.000010	0.943590	0.000010	0.000010	0.000010	0.000010	0.000010	0.006985	0.000010	0.000010	LD_0.9_12_1830
QG133	0.000010	0.000010	0.000010	0.022599	0.000010	0.000010	0.000010	0.000010	0.000010	0.000010	0.000010	0.977301	LD_0.9_12_1830
QG2641	0.000010	0.000010	0.000010	0.000010	0.000010	0.000010	0.000010	0.000010	0.999890	0.000010	0.000010	0.000010	LD_0.9_12_1830
QG2648	0.000010	0.000016	0.000010	0.000020	0.000010	0.000010	0.000010	0.000010	0.999874	0.000010	0.000010	0.000010	LD_0.9_12_1830
QG2659	0.000010	0.000010	0.000010	0.000010	0.000010	0.000010	0.000010	0.000010	0.999884	0.000016	0.000010	0.000010	LD_0.9_12_1830
QG2663	0.000010	0.000010	0.000010	0.000010	0.000010	0.000010	0.000010	0.000010	0.999890	0.000010	0.000010	0.000010	LD_0.9_12_1830
QG2665	0.000010	0.000010	0.000010	0.000010	0.000010	0.000010	0.000010	0.000010	0.999890	0.000010	0.000010	0.000010	LD_0.9_12_1830
QG2683	0.000010	0.000010	0.000010	0.000010	0.000010	0.000010	0.000010	0.000010	0.999890	0.000010	0.000010	0.000010	LD_0.9_12_1830
QG2736	0.000010	0.000010	0.000010	0.000010	0.000010	0.000010	0.000010	0.000010	0.999890	0.000010	0.000010	0.000010	LD_0.9_12_1830
QG2814	0.000010	0.000010	0.000010	0.999890	0.000010	0.000010	0.000010	0.000010	0.000010	0.000010	0.000010	0.000010	LD_0.9_12_1830
QG2820	0.000010	0.000010	0.000010	0.999890	0.000010	0.000010	0.000010	0.000010	0.000010	0.000010	0.000010	0.000010	LD_0.9_12_1830
QG2848	0.000010	0.000010	0.000010	0.999890	0.000010	0.000010	0.000010	0.000010	0.000010	0.000010	0.000010	0.000010	LD_0.9_12_1830
QG2880	0.000010	0.000010	0.999890	0.000010	0.000010	0.000010	0.000010	0.000010	0.000010	0.000010	0.000010	0.000010	LD_0.9_12_1830
QG2881	0.000010	0.000010	0.000010	0.999890	0.000010	0.000010	0.000010	0.000010	0.000010	0.000010	0.000010	0.000010	LD_0.9_12_1830
QG2883	0.000010	0.000010	0.000010	0.999883	0.000010	0.000010	0.000010	0.000010	0.000017	0.000010	0.000010	0.000010	LD_0.9_12_1830
QG2884	0.000010	0.000010	0.999890	0.000010	0.000010	0.000010	0.000010	0.000010	0.000010	0.000010	0.000010	0.000010	LD_0.9_12_1830
QG2891	0.000013	0.000010	0.000010	0.000010	0.000017	0.000015	0.999873	0.000011	0.000010	0.000012	0.000010	0.000010	LD_0.9_12_1830
QG2892	0.000010	0.000010	0.999885	0.000010	0.000010	0.000013	0.000012	0.000010	0.000010	0.000010	0.000010	0.000010	LD_0.9_12_1830
QG2893	0.000010	0.000010	0.000010	0.000010	0.000010	0.000010	0.823790	0.000010	0.000010	0.000010	0.176110	0.000010	LD_0.9_12_1830
QG2895	0.000011	0.000010	0.999889	0.000010	0.000010	0.000010	0.000010	0.000010	0.000010	0.000010	0.000010	0.000010	LD_0.9_12_1830
QG2902	0.000010	0.000010	0.999890	0.000010	0.000010	0.000010	0.000010	0.000010	0.000010	0.000010	0.000010	0.000010	LD_0.9_12_1830
QG2903	0.000010	0.000010	0.999888	0.000010	0.000012	0.000010	0.000010	0.000010	0.000010	0.000010	0.000010	0.000010	LD_0.9_12_1830
QG2906	0.000010	0.000010	0.999890	0.000010	0.000010	0.000010	0.000010	0.000010	0.000010	0.000010	0.000010	0.000010	LD_0.9_12_1830
QG2908	0.000010	0.000010	0.000010	0.000010	0.000010	0.000019	0.822502	0.000010	0.000010	0.000010	0.177389	0.000010	LD_0.9_12_1830
QG2910	0.000010	0.051888	0.000010	0.948012	0.000010	0.000010	0.000010	0.000010	0.000010	0.000010	0.000010	0.000010	LD_0.9_12_1830
QG2919	0.000010	0.000010	0.000010	0.000010	0.000010	0.000010	0.999890	0.000010	0.000010	0.000010	0.000010	0.000010	LD_0.9_12_1830
QG2923	0.000010	0.000010	0.999890	0.000010	0.000010	0.000010	0.000010	0.000010	0.000010	0.000010	0.000010	0.000010	LD_0.9_12_1830
QG2925	0.000010	0.000010	0.999890	0.000010	0.000010	0.000010	0.000010	0.000010	0.000010	0.000010	0.000010	0.000010	LD_0.9_12_1830
QG2964	0.000010	0.000010	0.000010	0.000010	0.000010	0.000010	0.000010	0.000010	0.999890	0.000010	0.000010	0.000010	LD_0.9_12_1830
QG2966	0.000012	0.051091	0.000010	0.137674	0.000010	0.000010	0.000014	0.000010	0.613165	0.197983	0.000011	0.000010	LD_0.9_12_1830
QG2969	0.000010	0.000010	0.000010	0.000010	0.000010	0.000010	0.000010	0.000010	0.999890	0.000010	0.000010	0.000010	LD_0.9_12_1830
QG2972	0.000010	0.000010	0.000017	0.000010	0.000010	0.000010	0.000010	0.000010	0.999883	0.000010	0.000010	0.000010	LD_0.9_12_1830
QG2996	0.000010	0.000010	0.000010	0.000010	0.000010	0.000010	0.000010	0.000010	0.999890	0.000010	0.000010	0.000010	LD_0.9_12_1830
QG3004	0.000010	0.176977	0.000010	0.072102	0.000010	0.000010	0.000010	0.000010	0.750831	0.000010	0.000010	0.000010	LD_0.9_12_1830
QG3006	0.000010	0.000010	0.000010	0.000010	0.000010	0.000010	0.000011	0.000010	0.999889	0.000010	0.000010	0.000010	LD_0.9_12_1830
QG3019	0.000010	0.183410	0.000010	0.000010	0.000010	0.000010	0.000010	0.000010	0.816490	0.000010	0.000010	0.000010	LD_0.9_12_1830
QG3025	0.000010	0.000010	0.000010	0.000010	0.000010	0.000010	0.000010	0.000010	0.999890	0.000010	0.000010	0.000010	LD_0.9_12_1830
QG3030	0.000010	0.000010	0.000010	0.000010	0.000010	0.000010	0.000010	0.000010	0.999890	0.000010	0.000010	0.000010	LD_0.9_12_1830
QG3032	0.000010	0.293788	0.000010	0.000010	0.000010	0.000010	0.000010	0.000010	0.706112	0.000010	0.000010	0.000010	LD_0.9_12_1830
QG3034	0.000010	0.000010	0.000010	0.000010	0.000010	0.000010	0.000010	0.000010	0.999890	0.000010	0.000010	0.000010	LD_0.9_12_1830
QG3041	0.000010	0.000010	0.000010	0.000019	0.000010	0.000010	0.000010	0.000010	0.999881	0.000010	0.000010	0.000010	LD_0.9_12_1830
QG3053	0.000010	0.000010	0.000010	0.064455	0.000010	0.000010	0.000010	0.000010	0.000010	0.935445	0.000010	0.000010	LD_0.9_12_1830
QG3056	0.000010	0.065660	0.000010	0.150837	0.000010	0.000010	0.000010	0.000010	0.603199	0.180224	0.000010	0.000010	LD_0.9_12_1830
QG3057	0.000010	0.000010	0.000010	0.000010	0.000010	0.000010	0.000010	0.000010	0.999890	0.000010	0.000010	0.000010	LD_0.9_12_1830
QG3058	0.000010	0.097946	0.000010	0.000010	0.000010	0.000010	0.000010	0.000010	0.901954	0.000010	0.000010	0.000010	LD_0.9_12_1830
QG3527	0.000013	0.073298	0.000019	0.000010	0.000010	0.000010	0.000010	0.000010	0.132066	0.794535	0.000010	0.000010	LD_0.9_12_1830
QG3661	0.999890	0.000010	0.000010	0.000010	0.000010	0.000010	0.000010	0.000010	0.000010	0.000010	0.000010	0.000010	LD_0.9_12_1830
QG3783	0.000010	0.000010	0.000010	0.063067	0.000010	0.000010	0.000010	0.000010	0.095147	0.841697	0.000010	0.000010	LD_0.9_12_1830
QG3801	0.000010	0.076312	0.000010	0.000010	0.000010	0.000010	0.000010	0.000010	0.884508	0.039090	0.000010	0.000010	LD_0.9_12_1830
QG3815	0.000010	0.176742	0.000010	0.000010	0.000010	0.000010	0.000010	0.000010	0.000010	0.823158	0.000010	0.000010	LD_0.9_12_1830
QG3816	0.000010	0.000010	0.000011	0.000010	0.000011	0.000010	0.000010	0.000010	0.079017	0.920881	0.000010	0.000010	LD_0.9_12_1830
QG3823	0.000010	0.108729	0.001460	0.006490	0.015174	0.000010	0.000010	0.000010	0.868079	0.000010	0.000010	0.000010	LD_0.9_12_1830
QG3825	0.000010	0.000010	0.000010	0.000010	0.000010	0.000010	0.000010	0.000013	0.000010	0.999887	0.000010	0.000010	LD_0.9_12_1830
QG3826	0.000012	0.000010	0.000020	0.000010	0.000010	0.000010	0.000010	0.000011	0.104561	0.895326	0.000010	0.000010	LD_0.9_12_1830
QG3837	0.000010	0.000010	0.000010	0.000010	0.000010	0.000010	0.000010	0.000010	0.000010	0.999890	0.000010	0.000010	LD_0.9_12_1830
QG3851	0.000010	0.000010	0.000010	0.047780	0.000010	0.000010	0.000010	0.000010	0.102852	0.849278	0.000010	0.000010	LD_0.9_12_1830
QG3861	0.000010	0.070973	0.000010	0.000010	0.000010	0.000010	0.000010	0.000010	0.040432	0.888505	0.000010	0.000010	LD_0.9_12_1830
QG3867	0.000010	0.075812	0.000010	0.000010	0.000010	0.000010	0.000010	0.000010	0.851402	0.072697	0.000010	0.000010	LD_0.9_12_1830
QG3874	0.000010	0.000010	0.000010	0.000010	0.000010	0.000010	0.000010	0.000010	0.000010	0.999890	0.000010	0.000010	LD_0.9_12_1830
QG3875	0.000010	0.145805	0.000010	0.000010	0.000010	0.000010	0.000010	0.000010	0.000010	0.854095	0.000010	0.000010	LD_0.9_12_1830
QG3876	0.000010	0.000010	0.000010	0.000010	0.000010	0.000010	0.000010	0.000010	0.093582	0.906318	0.000010	0.000010	LD_0.9_12_1830
QG3878	0.000010	0.179234	0.000010	0.000010	0.000010	0.000010	0.000010	0.000010	0.000010	0.820666	0.000010	0.000010	LD_0.9_12_1830
QG3920	0.000010	0.392658	0.000010	0.000010	0.000010	0.000010	0.000010	0.000010	0.013395	0.593857	0.000010	0.000010	LD_0.9_12_1830
QG3921	0.000010	0.373557	0.000018	0.000010	0.000010	0.000010	0.000014	0.000010	0.000010	0.626331	0.000010	0.000010	LD_0.9_12_1830
QG3923	0.000010	0.145794	0.000010	0.000010	0.000010	0.000010	0.000010	0.000010	0.000010	0.854106	0.000010	0.000010	LD_0.9_12_1830
QG3924	0.000013	0.637063	0.000014	0.242982	0.000010	0.000010	0.000010	0.000010	0.016445	0.103424	0.000010	0.000010	LD_0.9_12_1830
QG3925	0.000010	0.440083	0.000010	0.000010	0.000010	0.000010	0.000010	0.000011	0.000010	0.559816	0.000010	0.000010	LD_0.9_12_1830
QG3926	0.000010	0.399578	0.000010	0.000010	0.000010	0.000010	0.000010	0.000010	0.000010	0.600322	0.000010	0.000010	LD_0.9_12_1830
QG3927	0.000010	0.237745	0.000010	0.000010	0.000010	0.000010	0.000010	0.000010	0.000010	0.762155	0.000010	0.000010	LD_0.9_12_1830
QG3931	0.000010	0.681791	0.000012	0.059441	0.000010	0.000010	0.000010	0.000010	0.000010	0.258677	0.000010	0.000010	LD_0.9_12_1830
QG3932	0.000010	0.381659	0.000010	0.216621	0.000010	0.000010	0.000010	0.000010	0.000010	0.401630	0.000010	0.000010	LD_0.9_12_1830
QG3933	0.000010	0.000010	0.000010	0.124306	0.000010	0.000010	0.000010	0.000010	0.000010	0.875594	0.000010	0.000010	LD_0.9_12_1830
QG4026	0.000010	0.000010	0.000010	0.000019	0.000010	0.000010	0.999869	0.000015	0.000010	0.000010	0.000017	0.000010	LD_0.9_12_1830
QG4028	0.000010	0.000010	0.000010	0.000010	0.000010	0.000010	0.999890	0.000010	0.000010	0.000010	0.000010	0.000010	LD_0.9_12_1830
QG4031	0.000010	0.000013	0.000010	0.000010	0.000016	0.000010	0.999876	0.000010	0.000010	0.000010	0.000014	0.000010	LD_0.9_12_1830
QG4063	0.000013	0.000010	0.000010	0.000010	0.000010	0.000019	0.999871	0.000010	0.000011	0.000010	0.000016	0.000010	LD_0.9_12_1830
QG4064	0.000010	0.000010	0.000010	0.000010	0.000010	0.000010	0.999890	0.000010	0.000010	0.000010	0.000010	0.000010	LD_0.9_12_1830
QG4067	0.000010	0.000010	0.000010	0.000010	0.000010	0.000010	0.999890	0.000010	0.000010	0.000010	0.000010	0.000010	LD_0.9_12_1830
QG4068	0.000010	0.000010	0.000010	0.000010	0.000010	0.000010	0.999890	0.000010	0.000010	0.000010	0.000010	0.000010	LD_0.9_12_1830
QG4070	0.000010	0.000010	0.000010	0.629033	0.000013	0.000010	0.000010	0.000010	0.000012	0.370860	0.000011	0.000010	LD_0.9_12_1830
QG4093	0.000010	0.000010	0.000010	0.000010	0.000010	0.000010	0.888107	0.000010	0.000010	0.000010	0.111793	0.000010	LD_0.9_12_1830
QG4094	0.000010	0.000010	0.000010	0.000010	0.000010	0.000010	0.999890	0.000010	0.000010	0.000010	0.000010	0.000010	LD_0.9_12_1830
QG4095	0.000010	0.000010	0.000010	0.000010	0.000010	0.000010	0.999890	0.000010	0.000010	0.000010	0.000010	0.000010	LD_0.9_12_1830
QG4096	0.000012	0.000010	0.000010	0.000010	0.000010	0.000010	0.999888	0.000010	0.000010	0.000010	0.000010	0.000010	LD_0.9_12_1830
QG4097	0.000010	0.000010	0.000010	0.000010	0.000010	0.000010	0.999890	0.000010	0.000010	0.000010	0.000010	0.000010	LD_0.9_12_1830
QG4104	0.000010	0.000010	0.000010	0.000010	0.000010	0.000010	0.999884	0.000010	0.000010	0.000010	0.000016	0.000010	LD_0.9_12_1830
QG4114	0.000010	0.000010	0.000010	0.000013	0.000010	0.000010	0.999886	0.000010	0.000010	0.000010	0.000011	0.000010	LD_0.9_12_1830
QG4131	0.000010	0.000013	0.000010	0.000014	0.000010	0.000011	0.999882	0.000010	0.000010	0.000010	0.000010	0.000010	LD_0.9_12_1830
QG4132	0.000010	0.000010	0.000010	0.000010	0.000010	0.000010	0.999890	0.000010	0.000010	0.000010	0.000010	0.000010	LD_0.9_12_1830
QG4208	0.000010	0.000014	0.000010	0.000010	0.000010	0.000010	0.861743	0.000010	0.000010	0.000010	0.138153	0.000010	LD_0.9_12_1830
QG4214	0.000010	0.000010	0.000010	0.000010	0.000010	0.000010	0.999886	0.000010	0.000010	0.000011	0.000012	0.000010	LD_0.9_12_1830
QG4225	0.000011	0.000010	0.000010	0.000010	0.000010	0.000010	0.999889	0.000010	0.000010	0.000010	0.000010	0.000010	LD_0.9_12_1830
QG4232	0.000010	0.000010	0.000010	0.000010	0.000010	0.000010	0.968791	0.000010	0.000010	0.000010	0.031109	0.000010	LD_0.9_12_1830
QG4233	0.000010	0.000010	0.000010	0.000017	0.000010	0.000010	0.999880	0.000010	0.000010	0.000013	0.000010	0.000010	LD_0.9_12_1830
QG4647	0.000010	0.000010	0.999890	0.000010	0.000010	0.000010	0.000010	0.000010	0.000010	0.000010	0.000010	0.000010	LD_0.9_12_1830
QG4648	0.000010	0.000010	0.000010	0.999890	0.000010	0.000010	0.000010	0.000010	0.000010	0.000010	0.000010	0.000010	LD_0.9_12_1830
QG4683	0.000010	0.000010	0.000010	0.925046	0.000010	0.000010	0.000010	0.000010	0.000010	0.074854	0.000010	0.000010	LD_0.9_12_1830
QG4701	0.000010	0.000010	0.554564	0.445336	0.000010	0.000010	0.000010	0.000010	0.000010	0.000010	0.000010	0.000010	LD_0.9_12_1830
QG4706	0.000010	0.000010	0.000010	0.999883	0.000010	0.000010	0.000010	0.000010	0.000017	0.000010	0.000010	0.000010	LD_0.9_12_1830
QG4718	0.000010	0.000010	0.000010	0.999890	0.000010	0.000010	0.000010	0.000010	0.000010	0.000010	0.000010	0.000010	LD_0.9_12_1830
QG4742	0.000010	0.000010	0.019951	0.899901	0.000010	0.000010	0.000010	0.000010	0.000010	0.080059	0.000010	0.000010	LD_0.9_12_1830
QG4805	0.000010	0.000010	0.999890	0.000010	0.000010	0.000010	0.000010	0.000010	0.000010	0.000010	0.000010	0.000010	LD_0.9_12_1830
QG4847	0.000010	0.000010	0.000010	0.999868	0.000019	0.000017	0.000010	0.000010	0.000016	0.000010	0.000010	0.000010	LD_0.9_12_1830
QG4966	0.000010	0.000010	0.000010	0.999890	0.000010	0.000010	0.000010	0.000010	0.000010	0.000010	0.000010	0.000010	LD_0.9_12_1830
QG5348	0.000010	0.000010	0.000010	0.999890	0.000010	0.000010	0.000010	0.000010	0.000010	0.000010	0.000010	0.000010	LD_0.9_12_1830
QG5406	0.000010	0.000010	0.000010	0.935761	0.000010	0.000010	0.000010	0.000010	0.000010	0.064139	0.000010	0.000010	LD_0.9_12_1830
QG547	0.999880	0.000012	0.000010	0.000010	0.000010	0.000010	0.000015	0.000010	0.000013	0.000010	0.000010	0.000010	LD_0.9_12_1830
QG5474	0.000010	0.000010	0.645969	0.353931	0.000010	0.000010	0.000010	0.000010	0.000010	0.000010	0.000010	0.000010	LD_0.9_12_1830
QG5488	0.000010	0.000010	0.000010	0.999889	0.000010	0.000010	0.000010	0.000010	0.000011	0.000010	0.000010	0.000010	LD_0.9_12_1830
QG550	0.000010	0.000010	0.053155	0.232192	0.625776	0.000010	0.000010	0.000010	0.000010	0.088797	0.000010	0.000010	LD_0.9_12_1830
QG5507	0.000010	0.000010	0.192683	0.807217	0.000010	0.000010	0.000010	0.000010	0.000010	0.000010	0.000010	0.000010	LD_0.9_12_1830
QG5525	0.000010	0.000010	0.000010	0.937921	0.000010	0.000010	0.000010	0.000010	0.000010	0.061979	0.000010	0.000010	LD_0.9_12_1830
QG5589	0.000010	0.000010	0.830098	0.129976	0.000010	0.000010	0.000010	0.000010	0.000010	0.039836	0.000010	0.000010	LD_0.9_12_1830
QG5603	0.000010	0.000010	0.658785	0.341115	0.000010	0.000010	0.000010	0.000010	0.000010	0.000010	0.000010	0.000010	LD_0.9_12_1830
QG5611	0.000010	0.007408	0.000015	0.992486	0.000010	0.000010	0.000010	0.000010	0.000010	0.000010	0.000010	0.000010	LD_0.9_12_1830
QG5612	0.000010	0.087003	0.000010	0.705726	0.000010	0.000020	0.000010	0.000010	0.000010	0.207171	0.000010	0.000010	LD_0.9_12_1830
QG5633	0.000010	0.005480	0.000010	0.994420	0.000010	0.000010	0.000010	0.000010	0.000010	0.000010	0.000010	0.000010	LD_0.9_12_1830
QG581	0.999880	0.000010	0.000015	0.000010	0.000011	0.000013	0.000010	0.000010	0.000010	0.000011	0.000010	0.000010	LD_0.9_12_1830
QG588	0.999887	0.000010	0.000010	0.000013	0.000010	0.000010	0.000010	0.000010	0.000010	0.000010	0.000010	0.000010	LD_0.9_12_1830
QG700	0.000010	0.256466	0.000010	0.000010	0.000010	0.000010	0.000010	0.000010	0.743434	0.000010	0.000010	0.000010	LD_0.9_12_1830
QG727	0.000010	0.000010	0.000010	0.000010	0.000010	0.000010	0.000010	0.000010	0.999890	0.000010	0.000010	0.000010	LD_0.9_12_1830
QG733	0.000010	0.000010	0.000010	0.000010	0.000010	0.000010	0.000010	0.000010	0.999890	0.000010	0.000010	0.000010	LD_0.9_12_1830
QG736	0.000010	0.002811	0.000010	0.000010	0.000010	0.000010	0.000010	0.000010	0.997089	0.000010	0.000010	0.000010	LD_0.9_12_1830
QG737	0.000010	0.000010	0.000010	0.000010	0.000010	0.000010	0.000010	0.000010	0.999890	0.000010	0.000010	0.000010	LD_0.9_12_1830
QG739	0.000010	0.000010	0.000010	0.000010	0.000010	0.000010	0.000010	0.000010	0.999890	0.000010	0.000010	0.000010	LD_0.9_12_1830
QG761	0.000010	0.434464	0.000010	0.000010	0.000010	0.000010	0.000010	0.000010	0.565432	0.000010	0.000014	0.000010	LD_0.9_12_1830
QG763	0.000010	0.082834	0.000010	0.000010	0.000010	0.000010	0.000010	0.000010	0.917066	0.000010	0.000010	0.000010	LD_0.9_12_1830
QG776	0.000010	0.000010	0.000010	0.000010	0.000010	0.000010	0.000010	0.000010	0.986138	0.013762	0.000010	0.000010	LD_0.9_12_1830
QG781	0.000010	0.000010	0.000010	0.000010	0.000010	0.000010	0.000010	0.000010	0.999890	0.000010	0.000010	0.000010	LD_0.9_12_1830
QG784	0.000010	0.000010	0.000010	0.000011	0.000010	0.000010	0.000010	0.000010	0.999889	0.000010	0.000010	0.000010	LD_0.9_12_1830
QG786	0.000010	0.000010	0.000010	0.000010	0.000010	0.000010	0.000010	0.000010	0.999890	0.000010	0.000010	0.000010	LD_0.9_12_1830
QG788	0.000010	0.000010	0.000010	0.000010	0.000010	0.000010	0.000010	0.000010	0.999887	0.000013	0.000010	0.000010	LD_0.9_12_1830
QG790	0.000010	0.000010	0.000010	0.000010	0.000010	0.000010	0.000010	0.000010	0.999890	0.000010	0.000010	0.000010	LD_0.9_12_1830
QG791	0.000010	0.000010	0.000010	0.061597	0.000010	0.000010	0.000010	0.000010	0.938303	0.000010	0.000010	0.000010	LD_0.9_12_1830
QG795	0.000010	0.430490	0.000010	0.000010	0.000010	0.000010	0.000010	0.000010	0.569410	0.000010	0.000010	0.000010	LD_0.9_12_1830
QG797	0.000010	0.000010	0.000010	0.000010	0.000010	0.000010	0.000010	0.000010	0.999890	0.000010	0.000010	0.000010	LD_0.9_12_1830
QG802	0.000010	0.000010	0.000010	0.000010	0.000010	0.000010	0.000010	0.000010	0.999890	0.000010	0.000010	0.000010	LD_0.9_12_1830
QG804	0.000010	0.000010	0.000010	0.000010	0.000010	0.000010	0.000010	0.000010	0.999890	0.000010	0.000010	0.000010	LD_0.9_12_1830
QG806	0.000010	0.000010	0.000010	0.000010	0.000010	0.000010	0.000010	0.000010	0.999890	0.000010	0.000010	0.000010	LD_0.9_12_1830
QG807	0.000010	0.000010	0.000010	0.000010	0.000010	0.000010	0.000010	0.000010	0.999890	0.000010	0.000010	0.000010	LD_0.9_12_1830
QG808	0.000010	0.000019	0.000010	0.045136	0.000010	0.000010	0.000010	0.000010	0.954754	0.000010	0.000010	0.000010	LD_0.9_12_1830
QG809	0.000010	0.000010	0.000010	0.000010	0.000010	0.000010	0.000010	0.000010	0.999890	0.000010	0.000010	0.000010	LD_0.9_12_1830
QG825	0.000010	0.000010	0.000010	0.000010	0.000010	0.000010	0.000010	0.000010	0.999890	0.000010	0.000010	0.000010	LD_0.9_12_1830
QG827	0.000010	0.000010	0.000010	0.000010	0.000010	0.000010	0.000010	0.000010	0.999890	0.000010	0.000010	0.000010	LD_0.9_12_1830
QG828	0.000010	0.000010	0.000010	0.000010	0.000010	0.000010	0.000014	0.000010	0.999886	0.000010	0.000010	0.000010	LD_0.9_12_1830
QG833	0.000010	0.000010	0.000010	0.025890	0.000010	0.000010	0.000010	0.000010	0.974010	0.000010	0.000010	0.000010	LD_0.9_12_1830
QG855	0.000010	0.000010	0.000010	0.033874	0.000010	0.000010	0.000010	0.000010	0.966026	0.000010	0.000010	0.000010	LD_0.9_12_1830
QG856	0.000010	0.000010	0.000010	0.000010	0.000010	0.000010	0.000010	0.000010	0.999890	0.000010	0.000010	0.000010	LD_0.9_12_1830
QG858	0.000010	0.000010	0.000010	0.000010	0.000010	0.000010	0.000010	0.000010	0.999890	0.000010	0.000010	0.000010	LD_0.9_12_1830
QG860	0.000010	0.305657	0.000010	0.000010	0.000010	0.000010	0.000010	0.000010	0.694243	0.000010	0.000010	0.000010	LD_0.9_12_1830
QG864	0.000010	0.000010	0.000010	0.000010	0.000010	0.000010	0.000010	0.000010	0.999890	0.000010	0.000010	0.000010	LD_0.9_12_1830
QG865	0.000010	0.000010	0.000010	0.000010	0.000010	0.000010	0.000010	0.000010	0.999890	0.000010	0.000010	0.000010	LD_0.9_12_1830
QG866	0.000010	0.000010	0.000010	0.000010	0.000010	0.000010	0.000010	0.000010	0.999890	0.000010	0.000010	0.000010	LD_0.9_12_1830
QG868	0.000010	0.092079	0.000010	0.000010	0.000016	0.000010	0.000010	0.000010	0.907815	0.000010	0.000010	0.000010	LD_0.9_12_1830
QG874	0.000010	0.000010	0.000010	0.000010	0.000010	0.000010	0.000010	0.000010	0.999890	0.000010	0.000010	0.000010	LD_0.9_12_1830
QG875	0.000010	0.000010	0.000010	0.000010	0.000010	0.000010	0.000010	0.000010	0.999890	0.000010	0.000010	0.000010	LD_0.9_12_1830
QG878	0.000010	0.000010	0.000010	0.000010	0.000010	0.000010	0.000010	0.000010	0.999890	0.000010	0.000010	0.000010	LD_0.9_12_1830
QG879	0.000010	0.000010	0.000010	0.000010	0.000010	0.000010	0.000010	0.000010	0.999890	0.000010	0.000010	0.000010	LD_0.9_12_1830
QG880	0.000010	0.002137	0.000010	0.000010	0.000010	0.000010	0.000010	0.000010	0.997763	0.000010	0.000010	0.000010	LD_0.9_12_1830
QG881	0.000010	0.382205	0.000010	0.000010	0.000010	0.000010	0.000010	0.000010	0.617695	0.000010	0.000010	0.000010	LD_0.9_12_1830
QG887	0.000010	0.000010	0.000010	0.000010	0.000010	0.000010	0.000010	0.000010	0.999890	0.000010	0.000010	0.000010	LD_0.9_12_1830
QG888	0.000010	0.000010	0.000010	0.000010	0.000010	0.000010	0.000010	0.000010	0.999890	0.000010	0.000010	0.000010	LD_0.9_12_1830
QG926	0.000010	0.000010	0.000010	0.000010	0.000010	0.000010	0.000010	0.000010	0.999890	0.000010	0.000010	0.000010	LD_0.9_12_1830
QG927	0.000010	0.000010	0.000010	0.923363	0.000010	0.000010	0.000010	0.000010	0.076537	0.000010	0.000010	0.000010	LD_0.9_12_1830
QG933	0.000010	0.000010	0.000010	0.000010	0.000010	0.000010	0.000010	0.000010	0.999890	0.000010	0.000010	0.000010	LD_0.9_12_1830
QG937	0.000010	0.000010	0.000010	0.000010	0.000010	0.000010	0.000010	0.000010	0.999890	0.000010	0.000010	0.000010	LD_0.9_12_1830
QG945	0.000010	0.000010	0.000010	0.000010	0.000010	0.000010	0.000010	0.000010	0.999890	0.000010	0.000010	0.000010	LD_0.9_12_1830
QG946	0.000010	0.000010	0.000010	0.000010	0.000010	0.000010	0.000010	0.000010	0.999890	0.000010	0.000010	0.000010	LD_0.9_12_1830
QG947	0.000010	0.000010	0.000010	0.000010	0.000010	0.000010	0.000010	0.000010	0.999890	0.000010	0.000010	0.000010	LD_0.9_12_1830
QG948	0.000010	0.000010	0.000010	0.027101	0.000010	0.000010	0.000010	0.000010	0.972799	0.000010	0.000010	0.000010	LD_0.9_12_1830
QG952	0.000015	0.000010	0.000010	0.000010	0.000010	0.000015	0.000010	0.000010	0.914242	0.085647	0.000010	0.000010	LD_0.9_12_1830
QG978	0.000010	0.124090	0.000010	0.022734	0.000010	0.000010	0.000010	0.000010	0.853086	0.000010	0.000010	0.000010	LD_0.9_12_1830
QG980	0.000010	0.000010	0.000010	0.000010	0.000010	0.000010	0.000010	0.000010	0.999890	0.000010	0.000010	0.000010	LD_0.9_12_1830
QG986	0.000010	0.000010	0.000010	0.048598	0.000010	0.000010	0.000010	0.000010	0.951302	0.000010	0.000010	0.000010	LD_0.9_12_1830
QG991	0.000010	0.000010	0.000010	0.000010	0.000010	0.000010	0.000010	0.000010	0.999890	0.000010	0.000010	0.000010	LD_0.9_12_1830
QG994	0.000010	0.000010	0.000010	0.000010	0.000010	0.000010	0.000010	0.000010	0.999890	0.000010	0.000010	0.000010	LD_0.9_12_1830
QG995	0.000010	0.000010	0.000010	0.000010	0.000012	0.000010	0.000010	0.000010	0.999888	0.000010	0.000010	0.000010	LD_0.9_12_1830
QG997	0.000010	0.049104	0.000010	0.000010	0.000010	0.000010	0.000010	0.000010	0.950796	0.000010	0.000010	0.000010	LD_0.9_12_1830
QG998	0.000010	0.000010	0.000010	0.000010	0.000010	0.000010	0.000010	0.000010	0.999890	0.000010	0.000010	0.000010	LD_0.9_12_1830
QR25	0.308308	0.000010	0.449777	0.000010	0.000010	0.183537	0.000010	0.035039	0.000010	0.000010	0.023270	0.000010	LD_0.9_12_1830
QX1410	0.000010	0.000010	0.000010	0.000010	0.000011	0.000010	0.000010	0.000010	0.000010	0.999888	0.000012	0.000010	LD_0.9_12_1830
QX1547	0.999886	0.000010	0.000010	0.000011	0.000010	0.000011	0.000012	0.000010	0.000010	0.000010	0.000010	0.000010	LD_0.9_12_1830
QX1795	0.000010	0.065870	0.000010	0.832729	0.000010	0.000010	0.000010	0.000010	0.000010	0.101311	0.000010	0.000010	LD_0.9_12_1830
QX1796	0.000010	0.000010	0.000010	0.999890	0.000010	0.000010	0.000010	0.000010	0.000010	0.000010	0.000010	0.000010	LD_0.9_12_1830
QX1798	0.000010	0.000010	0.000010	0.000010	0.000010	0.000010	0.000010	0.000010	0.000010	0.000010	0.000010	0.999890	LD_0.9_12_1830
QX1800	0.000010	0.000010	0.000010	0.999890	0.000010	0.000010	0.000010	0.000010	0.000010	0.000010	0.000010	0.000010	LD_0.9_12_1830
QX1801	0.000010	0.000010	0.000010	0.972868	0.000010	0.000010	0.000010	0.000010	0.000010	0.027032	0.000010	0.000010	LD_0.9_12_1830
QX1802	0.000010	0.000010	0.000010	0.999890	0.000010	0.000010	0.000010	0.000010	0.000010	0.000010	0.000010	0.000010	LD_0.9_12_1830
QX1803	0.000010	0.000010	0.000010	0.999890	0.000010	0.000010	0.000010	0.000010	0.000010	0.000010	0.000010	0.000010	LD_0.9_12_1830
QX1804	0.000010	0.000010	0.000010	0.999890	0.000010	0.000010	0.000010	0.000010	0.000010	0.000010	0.000010	0.000010	LD_0.9_12_1830
SOW18	0.999890	0.000010	0.000010	0.000010	0.000010	0.000010	0.000010	0.000010	0.000010	0.000010	0.000010	0.000010	LD_0.9_12_1830
SOW21	0.999888	0.000010	0.000010	0.000010	0.000010	0.000010	0.000012	0.000010	0.000010	0.000010	0.000010	0.000010	LD_0.9_12_1830
SOW22	0.999890	0.000010	0.000010	0.000010	0.000010	0.000010	0.000010	0.000010	0.000010	0.000010	0.000010	0.000010	LD_0.9_12_1830
TT3408	0.000010	0.000010	0.000010	0.999890	0.000010	0.000010	0.000010	0.000010	0.000010	0.000010	0.000010	0.000010	LD_0.9_12_1830
TT3411	0.000010	0.000010	0.000010	0.999890	0.000010	0.000010	0.000010	0.000010	0.000010	0.000010	0.000010	0.000010	LD_0.9_12_1830
TWN1772	0.000010	0.000010	0.000013	0.000010	0.000010	0.000010	0.000010	0.000010	0.000010	0.000010	0.000010	0.999887	LD_0.9_12_1830
TWN1824	0.000010	0.000010	0.000010	0.000010	0.000010	0.000010	0.000010	0.999890	0.000010	0.000010	0.000010	0.000010	LD_0.9_12_1830
TWN1899	0.000010	0.000010	0.000010	0.000010	0.000010	0.000010	0.000010	0.999890	0.000010	0.000010	0.000010	0.000010	LD_0.9_12_1830
TWN1907	0.000010	0.000010	0.000010	0.000010	0.000010	0.000010	0.000010	0.000010	0.000010	0.000010	0.000010	0.999890	LD_0.9_12_1830
TWN2919	0.000010	0.000010	0.000010	0.000010	0.000010	0.000010	0.000010	0.000010	0.000010	0.000010	0.000010	0.999890	LD_0.9_12_1830
TWN3077	0.000010	0.000010	0.000010	0.000010	0.000010	0.000010	0.000010	0.000010	0.000010	0.000010	0.000010	0.999890	LD_0.9_12_1830
UH1	0.000010	0.000010	0.000010	0.000010	0.000010	0.000010	0.000010	0.000010	0.000010	0.000010	0.000010	0.999890	LD_0.9_12_1830
VSL2201	0.000010	0.000010	0.000010	0.000010	0.702434	0.000010	0.000010	0.000010	0.000010	0.297466	0.000010	0.000010	LD_0.9_12_1830
VSL2207	0.000010	0.000010	0.000010	0.000010	0.000010	0.000010	0.000010	0.000010	0.000010	0.000010	0.999890	0.000010	LD_0.9_12_1830
VSL2209	0.000010	0.000010	0.000010	0.000010	0.000010	0.000010	0.000010	0.000010	0.000010	0.000010	0.999890	0.000010	LD_0.9_12_1830
VSL2210	0.000010	0.000010	0.000010	0.000010	0.000010	0.000010	0.000010	0.000010	0.000010	0.999890	0.000010	0.000010	LD_0.9_12_1830
VSL2212	0.000010	0.000010	0.000010	0.000010	0.000010	0.000010	0.000010	0.000010	0.000010	0.999890	0.000010	0.000010	LD_0.9_12_1830
VSL2213	0.000010	0.000010	0.000010	0.000010	0.999890	0.000010	0.000010	0.000010	0.000010	0.000010	0.000010	0.000010	LD_0.9_12_1830
VSL2215	0.000010	0.000010	0.000010	0.000010	0.923162	0.000010	0.000010	0.000010	0.000010	0.076738	0.000010	0.000010	LD_0.9_12_1830
VSL2216	0.000010	0.000010	0.000010	0.000010	0.999890	0.000010	0.000010	0.000010	0.000010	0.000010	0.000010	0.000010	LD_0.9_12_1830
VSL2217	0.000010	0.000010	0.999888	0.000010	0.000010	0.000010	0.000010	0.000010	0.000010	0.000012	0.000010	0.000010	LD_0.9_12_1830
VSL2219	0.000010	0.000010	0.000010	0.397212	0.000010	0.000010	0.000010	0.000011	0.000010	0.602687	0.000010	0.000010	LD_0.9_12_1830
VT847	0.000010	0.000010	0.000010	0.798112	0.000010	0.000010	0.000010	0.000017	0.000018	0.201773	0.000010	0.000010	LD_0.9_12_1830
VX34	0.574533	0.000010	0.000010	0.086319	0.000010	0.238878	0.000010	0.063726	0.000010	0.000010	0.000010	0.036474	LD_0.9_12_1830
XZ1204	0.000010	0.000010	0.000010	0.023695	0.479231	0.000010	0.000010	0.000010	0.000010	0.496984	0.000010	0.000010	LD_0.9_12_1830
XZ1205	0.000010	0.000010	0.000010	0.000010	0.999890	0.000010	0.000010	0.000010	0.000010	0.000010	0.000010	0.000010	LD_0.9_12_1830
XZ1206	0.000010	0.000010	0.000010	0.000010	0.999890	0.000010	0.000010	0.000010	0.000010	0.000010	0.000010	0.000010	LD_0.9_12_1830
XZ1207	0.000010	0.000010	0.000010	0.288052	0.000010	0.000010	0.000010	0.000010	0.000010	0.711848	0.000010	0.000010	LD_0.9_12_1830
XZ1210	0.000010	0.000010	0.000010	0.025274	0.000010	0.000010	0.000010	0.000010	0.000010	0.974626	0.000010	0.000010	LD_0.9_12_1830
XZ1212	0.000010	0.008248	0.000010	0.253550	0.000010	0.000010	0.000010	0.000010	0.000010	0.738112	0.000010	0.000010	LD_0.9_12_1830
XZ1213	0.000010	0.000010	0.000010	0.000010	0.000010	0.000010	0.000010	0.000010	0.000010	0.999890	0.000010	0.000010	LD_0.9_12_1830
XZ1731	0.000010	0.000010	0.000010	0.161589	0.000010	0.000010	0.000010	0.000010	0.000010	0.838311	0.000010	0.000010	LD_0.9_12_1830
XZ1732	0.000010	0.000010	0.000010	0.000010	0.000010	0.000010	0.000010	0.000010	0.000010	0.999890	0.000010	0.000010	LD_0.9_12_1830
ZZY0992	0.000010	0.000010	0.999886	0.000014	0.000010	0.000010	0.000010	0.000010	0.000010	0.000010	0.000010	0.000010	LD_0.9_12_1830
ZZY1034	0.000010	0.000010	0.000010	0.999890	0.000010	0.000010	0.000010	0.000010	0.000010	0.000010	0.000010	0.000010	LD_0.9_12_1830
ZZY1075	0.000010	0.000010	0.000010	0.999890	0.000010	0.000010	0.000010	0.000010	0.000010	0.000010	0.000010	0.000010	LD_0.9_12_1830
ZZY1123	0.000010	0.000010	0.999883	0.000017	0.000010	0.000010	0.000010	0.000010	0.000010	0.000010	0.000010	0.000010	LD_0.9_12_1830
ZZY1130	0.000010	0.000010	0.000011	0.999879	0.000015	0.000010	0.000013	0.000010	0.000010	0.000010	0.000011	0.000010	LD_0.9_12_1830
ZZY405	0.000010	0.000010	0.000010	0.999890	0.000010	0.000010	0.000010	0.000010	0.000010	0.000010	0.000010	0.000010	LD_0.9_12_1830
AF16	0.000010	0.999890	0.000010	0.000010	0.000010	0.000010	0.000010	0.000010	0.000010	0.000010	0.000010	0.000010	LD_0.9_12_1853
BRC20069	0.000010	0.999890	0.000010	0.000010	0.000010	0.000010	0.000010	0.000010	0.000010	0.000010	0.000010	0.000010	LD_0.9_12_1853
BRC20073	0.000010	0.999890	0.000010	0.000010	0.000010	0.000010	0.000010	0.000010	0.000010	0.000010	0.000010	0.000010	LD_0.9_12_1853
BRC20075	0.000010	0.000010	0.000010	0.000010	0.999890	0.000010	0.000010	0.000010	0.000010	0.000010	0.000010	0.000010	LD_0.9_12_1853
BRC20077	0.000010	0.999890	0.000010	0.000010	0.000010	0.000010	0.000010	0.000010	0.000010	0.000010	0.000010	0.000010	LD_0.9_12_1853
BRC20081	0.000010	0.000010	0.000010	0.000010	0.000010	0.000010	0.000010	0.000010	0.999890	0.000010	0.000010	0.000010	LD_0.9_12_1853
BRC20085	0.000010	0.297956	0.000010	0.133789	0.000010	0.000010	0.000010	0.000010	0.000010	0.568165	0.000010	0.000010	LD_0.9_12_1853
BRC20088	0.000010	0.000010	0.000010	0.000010	0.000010	0.000010	0.000010	0.000010	0.999883	0.000010	0.000017	0.000010	LD_0.9_12_1853
BRC20089	0.000010	0.999890	0.000010	0.000010	0.000010	0.000010	0.000010	0.000010	0.000010	0.000010	0.000010	0.000010	LD_0.9_12_1853
BRC20090	0.000010	0.896494	0.000010	0.027583	0.000010	0.000010	0.000010	0.000010	0.000010	0.074419	0.000010	0.001424	LD_0.9_12_1853
BRC20092	0.000010	0.230301	0.000010	0.062919	0.000010	0.000010	0.000010	0.000010	0.000010	0.679579	0.027121	0.000010	LD_0.9_12_1853
BRC20093	0.000010	0.999882	0.000010	0.000010	0.000010	0.000010	0.000010	0.000018	0.000010	0.000010	0.000010	0.000010	LD_0.9_12_1853
BRC20094	0.000010	0.208445	0.000010	0.049940	0.000010	0.000010	0.000010	0.000010	0.000010	0.688608	0.052927	0.000010	LD_0.9_12_1853
BRC20095	0.000010	0.999888	0.000010	0.000010	0.000010	0.000010	0.000010	0.000010	0.000010	0.000010	0.000012	0.000010	LD_0.9_12_1853
BRC20096	0.000010	0.999890	0.000010	0.000010	0.000010	0.000010	0.000010	0.000010	0.000010	0.000010	0.000010	0.000010	LD_0.9_12_1853
BRC20098	0.000010	0.999890	0.000010	0.000010	0.000010	0.000010	0.000010	0.000010	0.000010	0.000010	0.000010	0.000010	LD_0.9_12_1853
BRC20099	0.000010	0.991501	0.000010	0.000010	0.000010	0.000010	0.000010	0.008399	0.000010	0.000010	0.000010	0.000010	LD_0.9_12_1853
BRC20100	0.000010	0.999884	0.000010	0.000010	0.000010	0.000010	0.000010	0.000010	0.000010	0.000010	0.000016	0.000010	LD_0.9_12_1853
BRC20102	0.000010	0.999886	0.000010	0.000010	0.000010	0.000010	0.000010	0.000010	0.000010	0.000010	0.000014	0.000010	LD_0.9_12_1853
BRC20103	0.000010	0.999882	0.000010	0.000010	0.000010	0.000010	0.000010	0.000010	0.000010	0.000010	0.000018	0.000010	LD_0.9_12_1853
BRC20105	0.000010	0.176244	0.000010	0.105568	0.000010	0.000010	0.000010	0.000010	0.000010	0.718098	0.000010	0.000010	LD_0.9_12_1853
BRC20107	0.000010	0.165914	0.000011	0.088543	0.000010	0.000010	0.000010	0.000018	0.000010	0.695652	0.049802	0.000010	LD_0.9_12_1853
BRC20115	0.000010	0.000010	0.000010	0.000010	0.000010	0.000010	0.000010	0.000010	0.000010	0.000010	0.000010	0.999890	LD_0.9_12_1853
BRC20119	0.000010	0.426300	0.000010	0.160223	0.000010	0.000010	0.000010	0.000010	0.000010	0.000010	0.000010	0.413386	LD_0.9_12_1853
BRC20228	0.000010	0.999890	0.000010	0.000010	0.000010	0.000010	0.000010	0.000010	0.000010	0.000010	0.000010	0.000010	LD_0.9_12_1853
BRC20229	0.000010	0.000010	0.000010	0.000010	0.999890	0.000010	0.000010	0.000010	0.000010	0.000010	0.000010	0.000010	LD_0.9_12_1853
BRC20230	0.000010	0.000010	0.000010	0.000010	0.000010	0.000010	0.000010	0.000010	0.999890	0.000010	0.000010	0.000010	LD_0.9_12_1853
BRC20232	0.000010	0.000010	0.000010	0.000010	0.999890	0.000010	0.000010	0.000010	0.000010	0.000010	0.000010	0.000010	LD_0.9_12_1853
BRC20238	0.000010	0.000010	0.000010	0.000010	0.000010	0.000010	0.000010	0.000010	0.999890	0.000010	0.000010	0.000010	LD_0.9_12_1853
BRC20239	0.000010	0.000010	0.000010	0.000010	0.999890	0.000010	0.000010	0.000010	0.000010	0.000010	0.000010	0.000010	LD_0.9_12_1853
BRC20241	0.000010	0.961452	0.000010	0.000010	0.000010	0.000010	0.000010	0.000010	0.000010	0.000010	0.000010	0.038448	LD_0.9_12_1853
BRC20242	0.000010	0.999890	0.000010	0.000010	0.000010	0.000010	0.000010	0.000010	0.000010	0.000010	0.000010	0.000010	LD_0.9_12_1853
BRC20244	0.000018	0.000011	0.000011	0.000010	0.000010	0.000010	0.000010	0.000010	0.999880	0.000010	0.000010	0.000010	LD_0.9_12_1853
BRC20246	0.000010	0.000010	0.000010	0.000010	0.000010	0.000010	0.000010	0.000010	0.999890	0.000010	0.000010	0.000010	LD_0.9_12_1853
BRC20257	0.000010	0.000010	0.000010	0.386380	0.000010	0.000010	0.000010	0.000010	0.000010	0.000010	0.000010	0.613520	LD_0.9_12_1853
BRC20260	0.000010	0.999890	0.000010	0.000010	0.000010	0.000010	0.000010	0.000010	0.000010	0.000010	0.000010	0.000010	LD_0.9_12_1853
BRC20270	0.000010	0.000010	0.000010	0.000010	0.000010	0.000010	0.000010	0.000010	0.999890	0.000010	0.000010	0.000010	LD_0.9_12_1853
BRC20272	0.000010	0.000011	0.000010	0.000010	0.000010	0.000010	0.000010	0.000010	0.999889	0.000010	0.000010	0.000010	LD_0.9_12_1853
BRC20289	0.000010	0.000010	0.000010	0.000010	0.000010	0.000010	0.000010	0.000010	0.999890	0.000010	0.000010	0.000010	LD_0.9_12_1853
BRC20290	0.000010	0.000010	0.000010	0.000010	0.000010	0.000010	0.000010	0.000010	0.999890	0.000010	0.000010	0.000010	LD_0.9_12_1853
BRC20294	0.000010	0.999890	0.000010	0.000010	0.000010	0.000010	0.000010	0.000010	0.000010	0.000010	0.000010	0.000010	LD_0.9_12_1853
BRC20308	0.000010	0.000010	0.000010	0.000010	0.000010	0.000010	0.000010	0.000010	0.999890	0.000010	0.000010	0.000010	LD_0.9_12_1853
BRC20309	0.000010	0.000014	0.000010	0.000010	0.000010	0.000010	0.000010	0.000010	0.999886	0.000010	0.000010	0.000010	LD_0.9_12_1853
BRC20311	0.000010	0.000010	0.000010	0.000010	0.000010	0.000010	0.000010	0.000018	0.999878	0.000010	0.000014	0.000010	LD_0.9_12_1853
BRC20312	0.000010	0.000010	0.000010	0.000010	0.000010	0.000010	0.000010	0.000010	0.999890	0.000010	0.000010	0.000010	LD_0.9_12_1853
BRC20315	0.000010	0.000010	0.000010	0.000010	0.000010	0.000010	0.000010	0.000010	0.999890	0.000010	0.000010	0.000010	LD_0.9_12_1853
BRC20320	0.000010	0.000010	0.000010	0.000010	0.000010	0.000010	0.000010	0.000010	0.999890	0.000010	0.000010	0.000010	LD_0.9_12_1853
BRC20324	0.000010	0.358444	0.000010	0.000010	0.641454	0.000010	0.000010	0.000011	0.000010	0.000010	0.000010	0.000010	LD_0.9_12_1853
BRC20331	0.000010	0.000010	0.000010	0.000010	0.000010	0.000010	0.000010	0.000010	0.999890	0.000010	0.000010	0.000010	LD_0.9_12_1853
BRC20333	0.000010	0.000010	0.000010	0.000010	0.000010	0.000010	0.000010	0.000010	0.999890	0.000010	0.000010	0.000010	LD_0.9_12_1853
BRC20334	0.000010	0.000010	0.000010	0.000010	0.000010	0.000010	0.000010	0.000010	0.999890	0.000010	0.000010	0.000010	LD_0.9_12_1853
BRC20339	0.000010	0.000010	0.000010	0.000010	0.000010	0.000010	0.000010	0.000010	0.999890	0.000010	0.000010	0.000010	LD_0.9_12_1853
BRC20341	0.000010	0.000010	0.000010	0.000010	0.000010	0.000010	0.000010	0.000010	0.999890	0.000010	0.000010	0.000010	LD_0.9_12_1853
BRC20343	0.000010	0.000010	0.000010	0.000010	0.999890	0.000010	0.000010	0.000010	0.000010	0.000010	0.000010	0.000010	LD_0.9_12_1853
BRC20346	0.000010	0.000010	0.000010	0.000010	0.000010	0.000010	0.000010	0.000010	0.999890	0.000010	0.000010	0.000010	LD_0.9_12_1853
BRC20347	0.000013	0.000010	0.000010	0.000010	0.999874	0.000010	0.000010	0.000010	0.000010	0.000018	0.000016	0.000010	LD_0.9_12_1853
BRC20348	0.000010	0.000010	0.000010	0.000010	0.000010	0.000010	0.000010	0.000010	0.999890	0.000010	0.000010	0.000010	LD_0.9_12_1853
BRC20353	0.000010	0.000010	0.000010	0.000010	0.000010	0.000010	0.000010	0.000010	0.000010	0.999890	0.000010	0.000010	LD_0.9_12_1853
BRC20360	0.000010	0.000010	0.000010	0.000010	0.000010	0.000010	0.000010	0.000010	0.000010	0.999890	0.000010	0.000010	LD_0.9_12_1853
BRC20361	0.000010	0.000010	0.000010	0.000010	0.000010	0.000010	0.000010	0.000010	0.000010	0.999890	0.000010	0.000010	LD_0.9_12_1853
BRC20362	0.000010	0.000010	0.000010	0.000010	0.000010	0.000010	0.000010	0.000010	0.000010	0.999890	0.000010	0.000010	LD_0.9_12_1853
BRC20366	0.000010	0.000010	0.000010	0.000010	0.000010	0.000010	0.000010	0.000010	0.999890	0.000010	0.000010	0.000010	LD_0.9_12_1853
BRC20367	0.000012	0.000010	0.000010	0.000010	0.000012	0.000010	0.000010	0.000010	0.999886	0.000010	0.000010	0.000010	LD_0.9_12_1853
BRC20369	0.000010	0.999890	0.000010	0.000010	0.000010	0.000010	0.000010	0.000010	0.000010	0.000010	0.000010	0.000010	LD_0.9_12_1853
BRC20370	0.000010	0.000010	0.000010	0.000010	0.000010	0.000010	0.000010	0.000010	0.999890	0.000010	0.000010	0.000010	LD_0.9_12_1853
BRC20388	0.000010	0.000010	0.000010	0.000010	0.000010	0.000010	0.999890	0.000010	0.000010	0.000010	0.000010	0.000010	LD_0.9_12_1853
BRC20390	0.000010	0.000010	0.000010	0.000010	0.000010	0.000010	0.000010	0.000010	0.999890	0.000010	0.000010	0.000010	LD_0.9_12_1853
BRC20401	0.000010	0.999877	0.000010	0.000014	0.000011	0.000015	0.000012	0.000010	0.000010	0.000010	0.000010	0.000010	LD_0.9_12_1853
BRC20463	0.000010	0.000010	0.000010	0.000010	0.000010	0.000010	0.000010	0.000010	0.999890	0.000010	0.000010	0.000010	LD_0.9_12_1853
BRC20492	0.000010	0.000010	0.000010	0.000010	0.000010	0.000010	0.000010	0.000010	0.000010	0.000010	0.000010	0.999890	LD_0.9_12_1853
BRC20499	0.000010	0.000010	0.000010	0.000010	0.000010	0.000010	0.000010	0.000010	0.999890	0.000010	0.000010	0.000010	LD_0.9_12_1853
BRC20501	0.000011	0.000010	0.000010	0.000010	0.000010	0.000013	0.000010	0.000010	0.999887	0.000010	0.000010	0.000010	LD_0.9_12_1853
BRC20502	0.000010	0.000010	0.999889	0.000010	0.000010	0.000010	0.000010	0.000010	0.000011	0.000010	0.000010	0.000010	LD_0.9_12_1853
BRC20503	0.000010	0.000010	0.999890	0.000010	0.000010	0.000010	0.000010	0.000010	0.000010	0.000010	0.000010	0.000010	LD_0.9_12_1853
BRC20519	0.000010	0.000010	0.000010	0.000010	0.000019	0.000010	0.000012	0.000010	0.000013	0.000010	0.000010	0.999876	LD_0.9_12_1853
BRC20520	0.000010	0.000010	0.000010	0.000010	0.000011	0.000010	0.000010	0.000010	0.000013	0.000010	0.000010	0.999887	LD_0.9_12_1853
BRC20522	0.000010	0.000010	0.000010	0.000010	0.999890	0.000010	0.000010	0.000010	0.000010	0.000010	0.000010	0.000010	LD_0.9_12_1853
BRC20524	0.000010	0.000010	0.000010	0.000010	0.999890	0.000010	0.000010	0.000010	0.000010	0.000010	0.000010	0.000010	LD_0.9_12_1853
BRC20529	0.000010	0.000010	0.000010	0.000010	0.000010	0.000010	0.000010	0.000010	0.999890	0.000010	0.000010	0.000010	LD_0.9_12_1853
BRC20530	0.000010	0.000010	0.000010	0.000019	0.999881	0.000010	0.000010	0.000010	0.000010	0.000010	0.000010	0.000010	LD_0.9_12_1853
BRC20531	0.000010	0.000010	0.000010	0.000010	0.999890	0.000010	0.000010	0.000010	0.000010	0.000010	0.000010	0.000010	LD_0.9_12_1853
BRC20532	0.000010	0.000010	0.000010	0.000010	0.000010	0.000010	0.000010	0.000010	0.999890	0.000010	0.000010	0.000010	LD_0.9_12_1853
BRC20533	0.000010	0.000010	0.000016	0.000010	0.000010	0.000010	0.000010	0.000010	0.999884	0.000010	0.000010	0.000010	LD_0.9_12_1853
BRC20534	0.000010	0.000010	0.000010	0.000010	0.000010	0.000010	0.000010	0.000010	0.999890	0.000010	0.000010	0.000010	LD_0.9_12_1853
BRC20535	0.000010	0.000010	0.000010	0.000010	0.000011	0.000010	0.000010	0.000010	0.999889	0.000010	0.000010	0.000010	LD_0.9_12_1853
BRC20536	0.000010	0.000010	0.000010	0.000010	0.000010	0.000010	0.000010	0.000010	0.999890	0.000010	0.000010	0.000010	LD_0.9_12_1853
BRC20537	0.000010	0.000010	0.000010	0.000015	0.000010	0.000010	0.000010	0.000010	0.999884	0.000010	0.000011	0.000010	LD_0.9_12_1853
BRC20541	0.000010	0.000010	0.000010	0.000010	0.000010	0.000010	0.000010	0.000010	0.000017	0.000010	0.000010	0.999883	LD_0.9_12_1853
BRC20543	0.000010	0.000010	0.000010	0.000010	0.000010	0.000010	0.000010	0.000010	0.999890	0.000010	0.000010	0.000010	LD_0.9_12_1853
BRC20544	0.000010	0.000010	0.000010	0.000010	0.000010	0.000010	0.000010	0.000010	0.999890	0.000010	0.000010	0.000010	LD_0.9_12_1853
BRC20545	0.000010	0.000010	0.000010	0.000010	0.000010	0.000010	0.000010	0.000010	0.999890	0.000010	0.000010	0.000010	LD_0.9_12_1853
BRC20556	0.000010	0.999890	0.000010	0.000010	0.000010	0.000010	0.000010	0.000010	0.000010	0.000010	0.000010	0.000010	LD_0.9_12_1853
BRC20557	0.000010	0.000010	0.000010	0.000010	0.000010	0.000010	0.000010	0.000010	0.999890	0.000010	0.000010	0.000010	LD_0.9_12_1853
BRC20565	0.000010	0.999889	0.000010	0.000010	0.000010	0.000010	0.000010	0.000010	0.000010	0.000011	0.000010	0.000010	LD_0.9_12_1853
BRC20571	0.000010	0.954423	0.000010	0.000010	0.000010	0.000010	0.000010	0.023621	0.000010	0.021866	0.000010	0.000010	LD_0.9_12_1853
BRC20574	0.000010	0.999890	0.000010	0.000010	0.000010	0.000010	0.000010	0.000010	0.000010	0.000010	0.000010	0.000010	LD_0.9_12_1853
BW287	0.000010	0.000010	0.000015	0.000010	0.000010	0.000010	0.999885	0.000010	0.000010	0.000010	0.000010	0.000010	LD_0.9_12_1853
DF5100	0.000010	0.299724	0.000010	0.000010	0.000010	0.000010	0.000010	0.080073	0.000010	0.000010	0.620114	0.000010	LD_0.9_12_1853
ECA1129	0.000010	0.999890	0.000010	0.000010	0.000010	0.000010	0.000010	0.000010	0.000010	0.000010	0.000010	0.000010	LD_0.9_12_1853
ECA1143	0.000010	0.712377	0.000010	0.000010	0.000010	0.000010	0.000010	0.287520	0.000010	0.000010	0.000013	0.000010	LD_0.9_12_1853
ECA1147	0.000010	0.999890	0.000010	0.000010	0.000010	0.000010	0.000010	0.000010	0.000010	0.000010	0.000010	0.000010	LD_0.9_12_1853
ECA1149	0.000010	0.957985	0.000010	0.000010	0.000010	0.000010	0.000010	0.000010	0.041915	0.000010	0.000010	0.000010	LD_0.9_12_1853
ECA1160	0.000010	0.999890	0.000010	0.000010	0.000010	0.000010	0.000010	0.000010	0.000010	0.000010	0.000010	0.000010	LD_0.9_12_1853
ECA1164	0.000010	0.999890	0.000010	0.000010	0.000010	0.000010	0.000010	0.000010	0.000010	0.000010	0.000010	0.000010	LD_0.9_12_1853
ECA1170	0.000010	0.000010	0.000010	0.000010	0.000010	0.000010	0.000010	0.000010	0.999890	0.000010	0.000010	0.000010	LD_0.9_12_1853
ECA1174	0.000010	0.999890	0.000010	0.000010	0.000010	0.000010	0.000010	0.000010	0.000010	0.000010	0.000010	0.000010	LD_0.9_12_1853
ECA1383	0.000010	0.000010	0.000010	0.000010	0.000010	0.000010	0.000010	0.000010	0.999890	0.000010	0.000010	0.000010	LD_0.9_12_1853
ECA1411	0.000010	0.999890	0.000010	0.000010	0.000010	0.000010	0.000010	0.000010	0.000010	0.000010	0.000010	0.000010	LD_0.9_12_1853
ECA1423	0.000010	0.987525	0.000010	0.000010	0.000010	0.000010	0.000010	0.012375	0.000010	0.000010	0.000010	0.000010	LD_0.9_12_1853
ECA1429	0.000010	0.999889	0.000011	0.000010	0.000010	0.000010	0.000010	0.000010	0.000010	0.000010	0.000010	0.000010	LD_0.9_12_1853
ECA1431	0.000010	0.999888	0.000012	0.000010	0.000010	0.000010	0.000010	0.000010	0.000010	0.000010	0.000010	0.000010	LD_0.9_12_1853
ECA1437	0.000010	0.999890	0.000010	0.000010	0.000010	0.000010	0.000010	0.000010	0.000010	0.000010	0.000010	0.000010	LD_0.9_12_1853
ECA1439	0.000010	0.731476	0.000010	0.000010	0.000010	0.000010	0.000010	0.000010	0.000010	0.000010	0.268424	0.000010	LD_0.9_12_1853
ECA1443	0.000010	0.058174	0.000010	0.000010	0.000010	0.000010	0.000010	0.000010	0.941726	0.000010	0.000010	0.000010	LD_0.9_12_1853
ECA1471	0.000010	0.999890	0.000010	0.000010	0.000010	0.000010	0.000010	0.000010	0.000010	0.000010	0.000010	0.000010	LD_0.9_12_1853
ECA1489	0.000010	0.662801	0.000010	0.000011	0.000010	0.000010	0.000010	0.337098	0.000010	0.000010	0.000010	0.000010	LD_0.9_12_1853
ECA1507	0.000010	0.999890	0.000010	0.000010	0.000010	0.000010	0.000010	0.000010	0.000010	0.000010	0.000010	0.000010	LD_0.9_12_1853
ECA1509	0.000010	0.999890	0.000010	0.000010	0.000010	0.000010	0.000010	0.000010	0.000010	0.000010	0.000010	0.000010	LD_0.9_12_1853
ECA1517	0.000010	0.957399	0.000010	0.000010	0.000010	0.000010	0.000010	0.042501	0.000010	0.000010	0.000010	0.000010	LD_0.9_12_1853
ECA1521	0.000010	0.939042	0.000010	0.000010	0.000010	0.000010	0.000010	0.000010	0.000010	0.000010	0.060858	0.000010	LD_0.9_12_1853
ECA1555	0.000010	0.999890	0.000010	0.000010	0.000010	0.000010	0.000010	0.000010	0.000010	0.000010	0.000010	0.000010	LD_0.9_12_1853
ECA1559	0.000010	0.000010	0.000010	0.000010	0.000010	0.000010	0.000010	0.000010	0.999890	0.000010	0.000010	0.000010	LD_0.9_12_1853
ECA1563	0.000010	0.999890	0.000010	0.000010	0.000010	0.000010	0.000010	0.000010	0.000010	0.000010	0.000010	0.000010	LD_0.9_12_1853
ECA1571	0.000010	0.675703	0.000010	0.000010	0.000010	0.000010	0.000010	0.324197	0.000010	0.000010	0.000010	0.000010	LD_0.9_12_1853
ECA1587	0.000013	0.999885	0.000012	0.000010	0.000010	0.000010	0.000010	0.000010	0.000010	0.000010	0.000010	0.000010	LD_0.9_12_1853
ECA1605	0.000010	0.042528	0.000010	0.002626	0.000010	0.000010	0.000010	0.082537	0.872230	0.000010	0.000010	0.000010	LD_0.9_12_1853
ECA1609	0.000010	0.999890	0.000010	0.000010	0.000010	0.000010	0.000010	0.000010	0.000010	0.000010	0.000010	0.000010	LD_0.9_12_1853
ECA161	0.000010	0.999882	0.000010	0.000010	0.000010	0.000010	0.000010	0.000010	0.000018	0.000010	0.000010	0.000010	LD_0.9_12_1853
ECA1611	0.000010	0.999890	0.000010	0.000010	0.000010	0.000010	0.000010	0.000010	0.000010	0.000010	0.000010	0.000010	LD_0.9_12_1853
ECA1615	0.000010	0.999890	0.000010	0.000010	0.000010	0.000010	0.000010	0.000010	0.000010	0.000010	0.000010	0.000010	LD_0.9_12_1853
ECA162	0.000010	0.999890	0.000010	0.000010	0.000010	0.000010	0.000010	0.000010	0.000010	0.000010	0.000010	0.000010	LD_0.9_12_1853
ECA1621	0.000010	0.999890	0.000010	0.000010	0.000010	0.000010	0.000010	0.000010	0.000010	0.000010	0.000010	0.000010	LD_0.9_12_1853
ECA163	0.000010	0.000010	0.999890	0.000010	0.000010	0.000010	0.000010	0.000010	0.000010	0.000010	0.000010	0.000010	LD_0.9_12_1853
ECA1637	0.000010	0.999880	0.000014	0.000010	0.000010	0.000016	0.000010	0.000010	0.000010	0.000010	0.000010	0.000010	LD_0.9_12_1853
ECA1657	0.000010	0.937443	0.000010	0.000010	0.000010	0.000010	0.000010	0.000010	0.000010	0.000010	0.062457	0.000010	LD_0.9_12_1853
ECA1701	0.000010	0.963139	0.000010	0.018046	0.000010	0.000010	0.000010	0.000010	0.000010	0.018724	0.000010	0.000010	LD_0.9_12_1853
ECA175	0.000010	0.999890	0.000010	0.000010	0.000010	0.000010	0.000010	0.000010	0.000010	0.000010	0.000010	0.000010	LD_0.9_12_1853
ECA176	0.000010	0.978927	0.000010	0.000010	0.000010	0.000010	0.000010	0.020965	0.000010	0.000010	0.000018	0.000010	LD_0.9_12_1853
ECA177	0.000010	0.999890	0.000010	0.000010	0.000010	0.000010	0.000010	0.000010	0.000010	0.000010	0.000010	0.000010	LD_0.9_12_1853
ECA180	0.000010	0.999890	0.000010	0.000010	0.000010	0.000010	0.000010	0.000010	0.000010	0.000010	0.000010	0.000010	LD_0.9_12_1853
ECA182	0.000010	0.999890	0.000010	0.000010	0.000010	0.000010	0.000010	0.000010	0.000010	0.000010	0.000010	0.000010	LD_0.9_12_1853
ECA183	0.000010	0.999890	0.000010	0.000010	0.000010	0.000010	0.000010	0.000010	0.000010	0.000010	0.000010	0.000010	LD_0.9_12_1853
ECA185	0.000010	0.968975	0.000010	0.000010	0.000010	0.000010	0.000010	0.020588	0.000010	0.000010	0.010347	0.000010	LD_0.9_12_1853
ECA186	0.000011	0.829695	0.000010	0.000011	0.000013	0.000011	0.000010	0.000010	0.000013	0.000010	0.170196	0.000010	LD_0.9_12_1853
ECA2083	0.000012	0.956826	0.000012	0.000010	0.000010	0.000010	0.000010	0.000010	0.000010	0.000010	0.043071	0.000010	LD_0.9_12_1853
ECA2093	0.000010	0.999890	0.000010	0.000010	0.000010	0.000010	0.000010	0.000010	0.000010	0.000010	0.000010	0.000010	LD_0.9_12_1853
ECA2115	0.000010	0.999864	0.000017	0.000010	0.000020	0.000018	0.000011	0.000010	0.000010	0.000010	0.000010	0.000010	LD_0.9_12_1853
ECA2299	0.000010	0.000010	0.000010	0.000010	0.000010	0.000010	0.000010	0.000019	0.999874	0.000012	0.000014	0.000010	LD_0.9_12_1853
ECA2373	0.000010	0.950343	0.000010	0.041260	0.000010	0.000010	0.000010	0.000010	0.000010	0.008307	0.000010	0.000010	LD_0.9_12_1853
ECA2385	0.000010	0.000010	0.000010	0.000010	0.000010	0.000010	0.000010	0.000010	0.999890	0.000010	0.000010	0.000010	LD_0.9_12_1853
ECA2425	0.000010	0.999890	0.000010	0.000010	0.000010	0.000010	0.000010	0.000010	0.000010	0.000010	0.000010	0.000010	LD_0.9_12_1853
ECA2617	0.000010	0.000010	0.000010	0.000010	0.000010	0.999890	0.000010	0.000010	0.000010	0.000010	0.000010	0.000010	LD_0.9_12_1853
ECA2618	0.000010	0.000010	0.000010	0.000010	0.000010	0.999890	0.000010	0.000010	0.000010	0.000010	0.000010	0.000010	LD_0.9_12_1853
ECA2621	0.000010	0.000010	0.000010	0.000010	0.000010	0.999890	0.000010	0.000010	0.000010	0.000010	0.000010	0.000010	LD_0.9_12_1853
ECA2623	0.000010	0.000010	0.000010	0.000010	0.000010	0.000010	0.000010	0.000010	0.000010	0.000010	0.999890	0.000010	LD_0.9_12_1853
ECA2625	0.000010	0.999890	0.000010	0.000010	0.000010	0.000010	0.000010	0.000010	0.000010	0.000010	0.000010	0.000010	LD_0.9_12_1853
ECA2626	0.000010	0.999890	0.000010	0.000010	0.000010	0.000010	0.000010	0.000010	0.000010	0.000010	0.000010	0.000010	LD_0.9_12_1853
ECA2636	0.000010	0.999884	0.000011	0.000010	0.000010	0.000010	0.000010	0.000015	0.000010	0.000010	0.000010	0.000010	LD_0.9_12_1853
ECA2637	0.000010	0.904960	0.000010	0.000010	0.000010	0.000010	0.000010	0.000010	0.000010	0.000010	0.094940	0.000010	LD_0.9_12_1853
ECA2639	0.000010	0.000010	0.000010	0.000010	0.000010	0.999890	0.000010	0.000010	0.000010	0.000010	0.000010	0.000010	LD_0.9_12_1853
ECA2645	0.000010	0.999890	0.000010	0.000010	0.000010	0.000010	0.000010	0.000010	0.000010	0.000010	0.000010	0.000010	LD_0.9_12_1853
ECA2647	0.000018	0.000010	0.000010	0.000010	0.000011	0.999877	0.000013	0.000010	0.000010	0.000010	0.000010	0.000010	LD_0.9_12_1853
ECA2663	0.000010	0.999890	0.000010	0.000010	0.000010	0.000010	0.000010	0.000010	0.000010	0.000010	0.000010	0.000010	LD_0.9_12_1853
ECA2664	0.000010	0.000010	0.000010	0.000010	0.000010	0.000010	0.000010	0.053672	0.000010	0.000010	0.946228	0.000010	LD_0.9_12_1853
ECA2666	0.000010	0.000010	0.000010	0.000010	0.000010	0.999890	0.000010	0.000010	0.000010	0.000010	0.000010	0.000010	LD_0.9_12_1853
ECA2667	0.000010	0.999890	0.000010	0.000010	0.000010	0.000010	0.000010	0.000010	0.000010	0.000010	0.000010	0.000010	LD_0.9_12_1853
ECA2670	0.000010	0.000010	0.000010	0.000010	0.000010	0.999890	0.000010	0.000010	0.000010	0.000010	0.000010	0.000010	LD_0.9_12_1853
ECA276	0.000010	0.000010	0.999890	0.000010	0.000010	0.000010	0.000010	0.000010	0.000010	0.000010	0.000010	0.000010	LD_0.9_12_1853
ECA278	0.000010	0.000010	0.000010	0.000010	0.000010	0.000010	0.999890	0.000010	0.000010	0.000010	0.000010	0.000010	LD_0.9_12_1853
ECA2808	0.000010	0.596116	0.000010	0.000010	0.000010	0.000010	0.000010	0.000010	0.000011	0.000010	0.403784	0.000010	LD_0.9_12_1853
ECA287	0.000010	0.011329	0.000010	0.000010	0.000010	0.000010	0.000010	0.000010	0.988571	0.000010	0.000010	0.000010	LD_0.9_12_1853
ECA288	0.000010	0.000010	0.000010	0.000010	0.000010	0.000010	0.000010	0.000010	0.096190	0.000010	0.903710	0.000010	LD_0.9_12_1853
ECA2883	0.000010	0.999890	0.000010	0.000010	0.000010	0.000010	0.000010	0.000010	0.000010	0.000010	0.000010	0.000010	LD_0.9_12_1853
ECA2890	0.000010	0.999890	0.000010	0.000010	0.000010	0.000010	0.000010	0.000010	0.000010	0.000010	0.000010	0.000010	LD_0.9_12_1853
ECA2894	0.000010	0.847026	0.000012	0.000010	0.000010	0.000010	0.000010	0.007551	0.000010	0.000010	0.145330	0.000010	LD_0.9_12_1853
ECA2936	0.000010	0.000010	0.000010	0.000010	0.000010	0.000010	0.000010	0.000010	0.999890	0.000010	0.000010	0.000010	LD_0.9_12_1853
ECA2975	0.000010	0.999890	0.000010	0.000010	0.000010	0.000010	0.000010	0.000010	0.000010	0.000010	0.000010	0.000010	LD_0.9_12_1853
ECA3091	0.000010	0.999890	0.000010	0.000010	0.000010	0.000010	0.000010	0.000010	0.000010	0.000010	0.000010	0.000010	LD_0.9_12_1853
ECA343	0.000010	0.999890	0.000010	0.000010	0.000010	0.000010	0.000010	0.000010	0.000010	0.000010	0.000010	0.000010	LD_0.9_12_1853
ECA346	0.000010	0.469475	0.000010	0.000010	0.000010	0.000010	0.000010	0.000010	0.000010	0.000010	0.530425	0.000010	LD_0.9_12_1853
ECA3502	0.000010	0.000010	0.000010	0.000010	0.000010	0.000010	0.000010	0.000010	0.999890	0.000010	0.000010	0.000010	LD_0.9_12_1853
ECA3503	0.000010	0.999890	0.000010	0.000010	0.000010	0.000010	0.000010	0.000010	0.000010	0.000010	0.000010	0.000010	LD_0.9_12_1853
ECA3509	0.000010	0.999890	0.000010	0.000010	0.000010	0.000010	0.000010	0.000010	0.000010	0.000010	0.000010	0.000010	LD_0.9_12_1853
ECA3708	0.000010	0.979112	0.000010	0.000010	0.000010	0.000010	0.000010	0.000010	0.000010	0.000010	0.020788	0.000010	LD_0.9_12_1853
ECA371	0.000010	0.978841	0.000010	0.000010	0.000010	0.000010	0.000010	0.021059	0.000010	0.000010	0.000010	0.000010	LD_0.9_12_1853
ECA3712	0.000010	0.999888	0.000010	0.000010	0.000010	0.000010	0.000010	0.000011	0.000011	0.000010	0.000010	0.000010	LD_0.9_12_1853
ECA3713	0.000011	0.967918	0.000010	0.000010	0.000010	0.000010	0.000010	0.000010	0.000011	0.000010	0.031980	0.000010	LD_0.9_12_1853
ECA3899	0.000010	0.999890	0.000010	0.000010	0.000010	0.000010	0.000010	0.000010	0.000010	0.000010	0.000010	0.000010	LD_0.9_12_1853
ECA4382	0.000010	0.027877	0.000010	0.000010	0.000010	0.000010	0.000010	0.000010	0.000010	0.000010	0.972023	0.000010	LD_0.9_12_1853
ECA4390	0.000010	0.000010	0.000010	0.000010	0.000010	0.000010	0.000010	0.000010	0.000010	0.000010	0.999890	0.000010	LD_0.9_12_1853
ECA4394	0.000010	0.999890	0.000010	0.000010	0.000010	0.000010	0.000010	0.000010	0.000010	0.000010	0.000010	0.000010	LD_0.9_12_1853
ECA4402	0.000010	0.381015	0.000010	0.000010	0.000010	0.000010	0.000010	0.000010	0.000010	0.000010	0.618885	0.000010	LD_0.9_12_1853
ECA569	0.000010	0.000010	0.000010	0.000010	0.000010	0.000010	0.999888	0.000010	0.000010	0.000010	0.000012	0.000010	LD_0.9_12_1853
ED3032	0.000010	0.999890	0.000010	0.000010	0.000010	0.000010	0.000010	0.000010	0.000010	0.000010	0.000010	0.000010	LD_0.9_12_1853
ED3037	0.000010	0.999890	0.000010	0.000010	0.000010	0.000010	0.000010	0.000010	0.000010	0.000010	0.000010	0.000010	LD_0.9_12_1853
ED3088	0.000010	0.314749	0.000010	0.000010	0.000012	0.000010	0.000010	0.000010	0.000011	0.000010	0.685148	0.000010	LD_0.9_12_1853
ED3102	0.000010	0.000010	0.999890	0.000010	0.000010	0.000010	0.000010	0.000010	0.000010	0.000010	0.000010	0.000010	LD_0.9_12_1853
EG4360	0.000010	0.000014	0.000010	0.000010	0.000010	0.000010	0.999881	0.000010	0.000010	0.000010	0.000015	0.000010	LD_0.9_12_1853
EG5612	0.000010	0.000010	0.000017	0.000010	0.000010	0.000010	0.000010	0.000010	0.000010	0.999882	0.000011	0.000010	LD_0.9_12_1853
EG5613	0.000010	0.000010	0.000010	0.000010	0.000010	0.000010	0.000010	0.000010	0.000010	0.021077	0.978823	0.000010	LD_0.9_12_1853
EG6179	0.000010	0.813842	0.000010	0.000019	0.000010	0.000010	0.000010	0.011126	0.000010	0.038972	0.135971	0.000010	LD_0.9_12_1853
EG6260	0.000010	0.000010	0.000010	0.000010	0.000010	0.000010	0.000010	0.086563	0.000010	0.000010	0.913337	0.000010	LD_0.9_12_1853
EG6261	0.000010	0.092276	0.000010	0.000010	0.000010	0.000010	0.000010	0.000010	0.000010	0.000010	0.907624	0.000010	LD_0.9_12_1853
EG6265	0.000010	0.000010	0.000010	0.016975	0.000010	0.000010	0.000010	0.000010	0.982925	0.000010	0.000010	0.000010	LD_0.9_12_1853
EG6267	0.000010	0.269496	0.000010	0.000010	0.000010	0.000010	0.000010	0.000010	0.000010	0.000010	0.730404	0.000010	LD_0.9_12_1853
EG6271	0.000010	0.000010	0.000010	0.000010	0.000010	0.000010	0.000010	0.141830	0.000010	0.000010	0.858070	0.000010	LD_0.9_12_1853
EG6272	0.000010	0.201590	0.000010	0.000010	0.000010	0.000010	0.000010	0.076156	0.000010	0.000010	0.722163	0.000010	LD_0.9_12_1853
EG6274	0.000010	0.005567	0.000010	0.000010	0.000010	0.000010	0.000010	0.000010	0.000010	0.000010	0.994333	0.000010	LD_0.9_12_1853
EG6275	0.000010	0.053541	0.000010	0.000010	0.000010	0.000010	0.000010	0.000010	0.000010	0.000010	0.946359	0.000010	LD_0.9_12_1853
EG6276	0.000010	0.115447	0.000010	0.000010	0.000010	0.000010	0.000010	0.000010	0.000010	0.000010	0.884453	0.000010	LD_0.9_12_1853
EG6329	0.000010	0.000010	0.000010	0.000010	0.000010	0.000010	0.000010	0.495834	0.000010	0.000010	0.504066	0.000010	LD_0.9_12_1853
GUN124	0.000010	0.000010	0.000010	0.000010	0.000010	0.000010	0.999890	0.000010	0.000010	0.000010	0.000010	0.000010	LD_0.9_12_1853
GXW22	0.000010	0.999890	0.000010	0.000010	0.000010	0.000010	0.000010	0.000010	0.000010	0.000010	0.000010	0.000010	LD_0.9_12_1853
GXW23	0.000010	0.195484	0.000010	0.000010	0.000010	0.000010	0.000010	0.000010	0.000018	0.804404	0.000013	0.000010	LD_0.9_12_1853
HK104	0.000010	0.000010	0.000010	0.000010	0.000010	0.000010	0.999890	0.000010	0.000010	0.000010	0.000010	0.000010	LD_0.9_12_1853
HPT11	0.000010	0.000010	0.999890	0.000010	0.000010	0.000010	0.000010	0.000010	0.000010	0.000010	0.000010	0.000010	LD_0.9_12_1853
HPT16	0.000010	0.534756	0.000010	0.000010	0.000010	0.000010	0.000010	0.105352	0.000010	0.330399	0.029413	0.000010	LD_0.9_12_1853
HPT18	0.000010	0.000010	0.999890	0.000010	0.000010	0.000010	0.000010	0.000010	0.000010	0.000010	0.000010	0.000010	LD_0.9_12_1853
HPT19	0.000010	0.550484	0.000010	0.000010	0.000010	0.000010	0.000010	0.097353	0.000010	0.341093	0.010989	0.000010	LD_0.9_12_1853
HPT2	0.000010	0.489172	0.000010	0.000010	0.000010	0.000010	0.000010	0.110658	0.000010	0.400080	0.000010	0.000010	LD_0.9_12_1853
HPT21	0.000010	0.991021	0.000010	0.008869	0.000010	0.000010	0.000010	0.000020	0.000010	0.000010	0.000010	0.000010	LD_0.9_12_1853
HPT24	0.000010	0.000010	0.999890	0.000010	0.000010	0.000010	0.000010	0.000010	0.000010	0.000010	0.000010	0.000010	LD_0.9_12_1853
HPT34	0.000010	0.520970	0.000010	0.000010	0.000010	0.000010	0.000010	0.110819	0.000010	0.359951	0.008181	0.000010	LD_0.9_12_1853
HPT37	0.000015	0.539765	0.000010	0.036042	0.000012	0.000010	0.000010	0.051574	0.000010	0.315682	0.056859	0.000010	LD_0.9_12_1853
HPT4	0.000010	0.501666	0.000010	0.000010	0.000010	0.000010	0.000010	0.113008	0.000010	0.363078	0.022169	0.000010	LD_0.9_12_1853
HPT42	0.000010	0.590827	0.000010	0.000010	0.000010	0.000010	0.000010	0.098935	0.000010	0.310148	0.000010	0.000010	LD_0.9_12_1853
HPT52	0.000010	0.703614	0.000010	0.039979	0.000010	0.000010	0.000010	0.000010	0.000010	0.000010	0.000010	0.256317	LD_0.9_12_1853
HPT53	0.000010	0.999888	0.000010	0.000010	0.000010	0.000010	0.000010	0.000010	0.000010	0.000012	0.000010	0.000010	LD_0.9_12_1853
HPT54	0.000010	0.999890	0.000010	0.000010	0.000010	0.000010	0.000010	0.000010	0.000010	0.000010	0.000010	0.000010	LD_0.9_12_1853
HPT55	0.000010	0.999888	0.000010	0.000010	0.000010	0.000010	0.000010	0.000012	0.000010	0.000010	0.000010	0.000010	LD_0.9_12_1853
HPT59	0.000010	0.999890	0.000010	0.000010	0.000010	0.000010	0.000010	0.000010	0.000010	0.000010	0.000010	0.000010	LD_0.9_12_1853
HPT60	0.000010	0.999890	0.000010	0.000010	0.000010	0.000010	0.000010	0.000010	0.000010	0.000010	0.000010	0.000010	LD_0.9_12_1853
HPT62	0.000010	0.011666	0.000010	0.316048	0.000010	0.000010	0.000010	0.000013	0.000010	0.000010	0.000010	0.672193	LD_0.9_12_1853
HPT63	0.000010	0.978766	0.000010	0.000010	0.000010	0.000010	0.000010	0.000010	0.000010	0.021134	0.000010	0.000010	LD_0.9_12_1853
HPT7	0.000010	0.496555	0.000010	0.000010	0.000010	0.000010	0.000010	0.146006	0.000010	0.357349	0.000010	0.000010	LD_0.9_12_1853
HPT8	0.000010	0.522801	0.000010	0.000010	0.000010	0.000010	0.000010	0.110156	0.000010	0.360270	0.006693	0.000010	LD_0.9_12_1853
HPT9	0.000010	0.114989	0.000010	0.000010	0.000010	0.000010	0.000010	0.000010	0.000010	0.884911	0.000010	0.000010	LD_0.9_12_1853
JU1085	0.000010	0.000010	0.000010	0.000010	0.000010	0.000010	0.999890	0.000010	0.000010	0.000010	0.000010	0.000010	LD_0.9_12_1853
JU1337	0.000010	0.219321	0.000010	0.000010	0.000010	0.000010	0.000010	0.000010	0.000010	0.000010	0.768247	0.012342	LD_0.9_12_1853
JU1338	0.000010	0.000011	0.000010	0.000010	0.000010	0.000010	0.000010	0.000010	0.000010	0.999889	0.000010	0.000010	LD_0.9_12_1853
JU1341	0.999890	0.000010	0.000010	0.000010	0.000010	0.000010	0.000010	0.000010	0.000010	0.000010	0.000010	0.000010	LD_0.9_12_1853
JU1346	0.000010	0.000010	0.000010	0.000010	0.000010	0.000010	0.000010	0.000010	0.000010	0.999890	0.000010	0.000010	LD_0.9_12_1853
JU1347	0.000010	0.108054	0.000010	0.000011	0.000010	0.000010	0.000010	0.000010	0.000010	0.000010	0.891845	0.000010	LD_0.9_12_1853
JU1348	0.999879	0.000010	0.000019	0.000010	0.000010	0.000010	0.000010	0.000010	0.000010	0.000010	0.000013	0.000010	LD_0.9_12_1853
JU1375	0.000010	0.089803	0.000010	0.000010	0.000010	0.000010	0.000010	0.000010	0.000010	0.000010	0.910097	0.000010	LD_0.9_12_1853
JU1377	0.000010	0.000010	0.000010	0.000010	0.000010	0.000010	0.000010	0.000010	0.000010	0.000010	0.999890	0.000010	LD_0.9_12_1853
JU1378	0.000010	0.000010	0.000010	0.000010	0.000010	0.000010	0.000010	0.000010	0.000010	0.000010	0.999890	0.000010	LD_0.9_12_1853
JU1392	0.000010	0.000010	0.000010	0.000011	0.000010	0.000010	0.000010	0.000010	0.000010	0.000010	0.999889	0.000010	LD_0.9_12_1853
JU1399	0.000010	0.182919	0.000010	0.039189	0.000010	0.000010	0.000010	0.603313	0.000010	0.000010	0.174499	0.000010	LD_0.9_12_1853
JU1424	0.000010	0.000010	0.000010	0.000010	0.000010	0.000010	0.000010	0.000010	0.000010	0.999890	0.000010	0.000010	LD_0.9_12_1853
JU1435	0.000010	0.000010	0.000010	0.000010	0.000010	0.000010	0.000010	0.000010	0.000010	0.000010	0.999890	0.000010	LD_0.9_12_1853
JU1564	0.000017	0.000010	0.000010	0.000010	0.000010	0.000012	0.999881	0.000010	0.000010	0.000010	0.000010	0.000010	LD_0.9_12_1853
JU1637	0.000010	0.107795	0.000010	0.000010	0.000010	0.000010	0.000010	0.000010	0.000010	0.000010	0.892105	0.000010	LD_0.9_12_1853
JU1638	0.000010	0.101191	0.000010	0.000010	0.000010	0.000010	0.000010	0.000010	0.000010	0.000010	0.898709	0.000010	LD_0.9_12_1853
JU1794	0.000010	0.756641	0.000010	0.007125	0.000010	0.000010	0.000010	0.000010	0.000010	0.059985	0.176169	0.000010	LD_0.9_12_1853
JU1795	0.000010	0.557656	0.000010	0.000010	0.000010	0.000010	0.000010	0.000010	0.000010	0.000010	0.442244	0.000010	LD_0.9_12_1853
JU1799	0.000010	0.000010	0.000010	0.000010	0.000010	0.000010	0.000014	0.000010	0.000010	0.000010	0.999886	0.000010	LD_0.9_12_1853
JU1802	0.000010	0.099230	0.000010	0.000010	0.000010	0.000010	0.000010	0.000010	0.000010	0.000010	0.900670	0.000010	LD_0.9_12_1853
JU1814	0.000010	0.000010	0.000010	0.000010	0.000010	0.000010	0.000010	0.301134	0.000010	0.000010	0.698766	0.000010	LD_0.9_12_1853
JU1884	0.000010	0.867197	0.000010	0.000010	0.000010	0.000010	0.000010	0.000010	0.000010	0.000010	0.132703	0.000010	LD_0.9_12_1853
JU1885	0.000010	0.097241	0.000010	0.000014	0.000010	0.000010	0.000010	0.000010	0.000010	0.000010	0.878901	0.023764	LD_0.9_12_1853
JU1907	0.000010	0.962093	0.000010	0.000010	0.000010	0.000010	0.000010	0.037807	0.000010	0.000010	0.000010	0.000010	LD_0.9_12_1853
JU1908	0.000010	0.953168	0.000010	0.000010	0.000010	0.000010	0.000010	0.046732	0.000010	0.000010	0.000010	0.000010	LD_0.9_12_1853
JU1909	0.000010	0.999890	0.000010	0.000010	0.000010	0.000010	0.000010	0.000010	0.000010	0.000010	0.000010	0.000010	LD_0.9_12_1853
JU1913	0.000010	0.533479	0.000010	0.144804	0.000010	0.000010	0.000010	0.000010	0.000010	0.000010	0.115377	0.206260	LD_0.9_12_1853
JU2053	0.000010	0.810898	0.000010	0.000010	0.000010	0.000010	0.000010	0.000010	0.000010	0.000010	0.189002	0.000010	LD_0.9_12_1853
JU2054	0.000010	0.999882	0.000010	0.000011	0.000010	0.000010	0.000010	0.000010	0.000010	0.000010	0.000016	0.000010	LD_0.9_12_1853
JU2056	0.000010	0.999890	0.000010	0.000010	0.000010	0.000010	0.000010	0.000010	0.000010	0.000010	0.000010	0.000010	LD_0.9_12_1853
JU2057	0.000010	0.012192	0.000010	0.278267	0.000010	0.000010	0.000010	0.000010	0.000010	0.000010	0.000010	0.709452	LD_0.9_12_1853
JU2160	0.000010	0.027814	0.000010	0.276422	0.000010	0.000010	0.000010	0.000010	0.000010	0.000010	0.000010	0.695675	LD_0.9_12_1853
JU2162	0.000010	0.022815	0.000010	0.273580	0.000010	0.000010	0.000010	0.000010	0.000010	0.000010	0.000010	0.703515	LD_0.9_12_1853
JU2214	0.000010	0.521890	0.000010	0.153438	0.000010	0.000010	0.000010	0.284943	0.000010	0.000010	0.039649	0.000010	LD_0.9_12_1853
JU2216	0.000010	0.000010	0.000010	0.000010	0.000010	0.000010	0.000010	0.000010	0.999890	0.000010	0.000010	0.000010	LD_0.9_12_1853
JU2457	0.000010	0.289831	0.000010	0.000010	0.000010	0.000010	0.492431	0.217643	0.000010	0.000010	0.000015	0.000010	LD_0.9_12_1853
JU2470	0.000010	0.000010	0.000010	0.262812	0.000010	0.000010	0.000010	0.000010	0.000010	0.000010	0.000010	0.737088	LD_0.9_12_1853
JU2472	0.000010	0.011584	0.000010	0.000010	0.000010	0.000010	0.000010	0.078812	0.000010	0.000010	0.909515	0.000010	LD_0.9_12_1853
JU2507	0.000010	0.021965	0.000010	0.407070	0.000011	0.000014	0.000010	0.000010	0.000010	0.000010	0.000010	0.570871	LD_0.9_12_1853
JU2518	0.000010	0.000010	0.000010	0.000010	0.000010	0.000010	0.000010	0.999886	0.000010	0.000010	0.000014	0.000010	LD_0.9_12_1853
JU2536	0.000010	0.000010	0.000010	0.000010	0.000010	0.000010	0.999890	0.000010	0.000010	0.000010	0.000010	0.000010	LD_0.9_12_1853
JU2618	0.000010	0.000010	0.000010	0.546860	0.000012	0.000010	0.000010	0.278826	0.000010	0.000010	0.174222	0.000010	LD_0.9_12_1853
JU2799	0.000010	0.431998	0.000010	0.000010	0.000010	0.000010	0.000010	0.000016	0.000010	0.000010	0.567896	0.000010	LD_0.9_12_1853
JU2836	0.000010	0.690646	0.000010	0.239877	0.000010	0.000010	0.000010	0.046606	0.000010	0.000010	0.022792	0.000010	LD_0.9_12_1853
JU2849	0.000010	0.000010	0.000010	0.000010	0.000010	0.000010	0.000010	0.000010	0.000010	0.999886	0.000014	0.000010	LD_0.9_12_1853
JU2861	0.000010	0.766488	0.000010	0.000010	0.000010	0.000010	0.000010	0.000010	0.000010	0.000010	0.233412	0.000010	LD_0.9_12_1853
JU2868	0.000010	0.990769	0.000013	0.000010	0.000011	0.000010	0.000010	0.000010	0.000011	0.000010	0.009126	0.000010	LD_0.9_12_1853
JU2872	0.000012	0.000010	0.000020	0.000010	0.000010	0.000010	0.999877	0.000010	0.000010	0.000010	0.000010	0.000010	LD_0.9_12_1853
JU2910	0.000012	0.029751	0.000010	0.049136	0.000010	0.000010	0.000013	0.000010	0.000010	0.074628	0.846401	0.000010	LD_0.9_12_1853
JU3168	0.000010	0.000018	0.999881	0.000010	0.000010	0.000010	0.000010	0.000010	0.000011	0.000010	0.000010	0.000010	LD_0.9_12_1853
JU3171	0.000010	0.257574	0.000010	0.000010	0.000010	0.000010	0.000010	0.000010	0.000010	0.000010	0.742326	0.000010	LD_0.9_12_1853
JU3199	0.999887	0.000010	0.000013	0.000010	0.000010	0.000010	0.000010	0.000010	0.000010	0.000010	0.000010	0.000010	LD_0.9_12_1853
JU3200	0.999885	0.000010	0.000010	0.000010	0.000012	0.000010	0.000010	0.000012	0.000010	0.000010	0.000011	0.000010	LD_0.9_12_1853
JU3201	0.999885	0.000010	0.000010	0.000010	0.000010	0.000015	0.000010	0.000010	0.000010	0.000010	0.000010	0.000010	LD_0.9_12_1853
JU3202	0.999870	0.000016	0.000010	0.000010	0.000010	0.000010	0.000015	0.000010	0.000018	0.000010	0.000010	0.000010	LD_0.9_12_1853
JU3203	0.999868	0.000013	0.000018	0.000010	0.000017	0.000010	0.000010	0.000010	0.000013	0.000010	0.000011	0.000010	LD_0.9_12_1853
JU3206	0.999889	0.000010	0.000010	0.000010	0.000010	0.000010	0.000010	0.000011	0.000010	0.000010	0.000010	0.000010	LD_0.9_12_1853
JU3207	0.000010	0.378785	0.000010	0.000010	0.000010	0.000010	0.000010	0.000010	0.000010	0.000010	0.621115	0.000010	LD_0.9_12_1853
JU3237	0.000010	0.000010	0.000010	0.273542	0.000010	0.000010	0.000010	0.000010	0.000010	0.000010	0.000010	0.726358	LD_0.9_12_1853
JU3281	0.000010	0.999890	0.000010	0.000010	0.000010	0.000010	0.000010	0.000010	0.000010	0.000010	0.000010	0.000010	LD_0.9_12_1853
JU3319	0.000010	0.168189	0.000013	0.000010	0.000010	0.000010	0.000019	0.000014	0.000010	0.831690	0.000016	0.000010	LD_0.9_12_1853
JU3321	0.000010	0.999890	0.000010	0.000010	0.000010	0.000010	0.000010	0.000010	0.000010	0.000010	0.000010	0.000010	LD_0.9_12_1853
JU3326	0.000010	0.000010	0.157235	0.000010	0.024781	0.000010	0.178275	0.000010	0.000010	0.000010	0.000010	0.639629	LD_0.9_12_1853
JU3327	0.000010	0.916683	0.000010	0.000010	0.000010	0.000010	0.000010	0.000012	0.000010	0.083215	0.000010	0.000010	LD_0.9_12_1853
JU3416	0.000010	0.073131	0.000010	0.000010	0.000010	0.000010	0.903077	0.000010	0.023694	0.000010	0.000017	0.000010	LD_0.9_12_1853
JU4042	0.000010	0.999890	0.000010	0.000010	0.000010	0.000010	0.000010	0.000010	0.000010	0.000010	0.000010	0.000010	LD_0.9_12_1853
JU4051	0.000010	0.000010	0.000010	0.000010	0.000010	0.000010	0.000010	0.000010	0.000010	0.999890	0.000010	0.000010	LD_0.9_12_1853
JU4058	0.000010	0.000010	0.000010	0.000010	0.000010	0.000010	0.000010	0.000010	0.000010	0.999890	0.000010	0.000010	LD_0.9_12_1853
JU4060	0.000010	0.000010	0.000010	0.000010	0.000010	0.000010	0.000010	0.000019	0.000010	0.999881	0.000010	0.000010	LD_0.9_12_1853
JU4062	0.000010	0.000018	0.000010	0.000010	0.000010	0.000010	0.000010	0.000010	0.000010	0.999882	0.000010	0.000010	LD_0.9_12_1853
JU4064	0.000010	0.000010	0.000010	0.000010	0.000010	0.000010	0.000010	0.000010	0.000010	0.999890	0.000010	0.000010	LD_0.9_12_1853
JU4080	0.000010	0.999890	0.000010	0.000010	0.000010	0.000010	0.000010	0.000010	0.000010	0.000010	0.000010	0.000010	LD_0.9_12_1853
JU4084	0.000010	0.000010	0.000010	0.000010	0.000010	0.000010	0.000010	0.000010	0.000010	0.999886	0.000014	0.000010	LD_0.9_12_1853
JU4097	0.000010	0.000010	0.000014	0.000010	0.000010	0.000010	0.000010	0.000010	0.000010	0.999886	0.000010	0.000010	LD_0.9_12_1853
JU725	0.000010	0.234808	0.000010	0.000010	0.000010	0.000010	0.000010	0.000010	0.000010	0.765092	0.000010	0.000010	LD_0.9_12_1853
MY2716	0.000010	0.895066	0.000010	0.000010	0.000010	0.000010	0.000010	0.000010	0.000010	0.000010	0.104834	0.000010	LD_0.9_12_1853
MY539	0.000010	0.797690	0.000010	0.000010	0.000010	0.000010	0.000010	0.000010	0.000010	0.000010	0.202210	0.000010	LD_0.9_12_1853
NIC1050	0.000010	0.000010	0.000010	0.231600	0.000010	0.000010	0.000010	0.695671	0.000010	0.000010	0.072639	0.000010	LD_0.9_12_1853
NIC1052	0.000010	0.000010	0.000010	0.307779	0.000010	0.000010	0.000010	0.585878	0.000010	0.000010	0.106253	0.000010	LD_0.9_12_1853
NIC1054	0.000010	0.000010	0.000010	0.127245	0.000010	0.000010	0.000010	0.825648	0.000010	0.000010	0.047017	0.000010	LD_0.9_12_1853
NIC1055	0.000010	0.000010	0.000012	0.276935	0.000010	0.000010	0.000010	0.722963	0.000010	0.000010	0.000010	0.000010	LD_0.9_12_1853
NIC1057	0.000010	0.000010	0.000010	0.274797	0.000010	0.000010	0.000010	0.685321	0.000010	0.000011	0.039792	0.000010	LD_0.9_12_1853
NIC1058	0.000010	0.000010	0.000010	0.243978	0.000010	0.000010	0.000010	0.755921	0.000010	0.000010	0.000011	0.000010	LD_0.9_12_1853
NIC1059	0.000010	0.000010	0.000010	0.157308	0.000010	0.000010	0.000016	0.842586	0.000010	0.000010	0.000010	0.000010	LD_0.9_12_1853
NIC1060	0.000010	0.000010	0.000010	0.076931	0.000010	0.000010	0.000010	0.922969	0.000010	0.000010	0.000010	0.000010	LD_0.9_12_1853
NIC1062	0.000010	0.000010	0.000010	0.201646	0.000010	0.000010	0.000010	0.092608	0.000010	0.000010	0.705656	0.000010	LD_0.9_12_1853
NIC1069	0.000010	0.114233	0.000010	0.000010	0.000010	0.000010	0.000010	0.135737	0.000010	0.000010	0.749940	0.000010	LD_0.9_12_1853
NIC1103	0.000010	0.051123	0.000010	0.252655	0.000010	0.000010	0.000010	0.696133	0.000010	0.000010	0.000010	0.000010	LD_0.9_12_1853
NIC1104	0.000010	0.594933	0.000010	0.014988	0.000010	0.000010	0.000010	0.292317	0.000010	0.000010	0.097682	0.000010	LD_0.9_12_1853
NIC1106	0.000010	0.382086	0.000011	0.156476	0.000010	0.000010	0.000010	0.461348	0.000010	0.000010	0.000010	0.000010	LD_0.9_12_1853
NIC1117	0.000010	0.999888	0.000010	0.000011	0.000011	0.000010	0.000010	0.000010	0.000010	0.000010	0.000010	0.000010	LD_0.9_12_1853
NIC1123	0.000011	0.000010	0.000010	0.000010	0.000010	0.000010	0.000010	0.000010	0.000010	0.999889	0.000010	0.000010	LD_0.9_12_1853
NIC1124	0.000010	0.000010	0.000010	0.000010	0.000010	0.000010	0.000010	0.999890	0.000010	0.000010	0.000010	0.000010	LD_0.9_12_1853
NIC1135	0.000010	0.000010	0.000010	0.000010	0.000010	0.000010	0.000010	0.999890	0.000010	0.000010	0.000010	0.000010	LD_0.9_12_1853
NIC1138	0.000010	0.000010	0.000010	0.000010	0.000010	0.000010	0.000019	0.999881	0.000010	0.000010	0.000010	0.000010	LD_0.9_12_1853
NIC1141	0.000010	0.000010	0.000010	0.000010	0.000010	0.000010	0.000020	0.999878	0.000010	0.000010	0.000012	0.000010	LD_0.9_12_1853
NIC115	0.000010	0.000010	0.000010	0.000010	0.000010	0.000010	0.000010	0.000010	0.000010	0.000010	0.999890	0.000010	LD_0.9_12_1853
NIC117	0.000010	0.000010	0.000010	0.000010	0.000010	0.000010	0.000010	0.000010	0.000010	0.000010	0.999890	0.000010	LD_0.9_12_1853
NIC1183	0.000010	0.000010	0.000010	0.000010	0.000010	0.000010	0.000010	0.999881	0.000010	0.000010	0.000019	0.000010	LD_0.9_12_1853
NIC119	0.000010	0.000010	0.000010	0.000010	0.000010	0.000010	0.000010	0.000010	0.000010	0.000010	0.999890	0.000010	LD_0.9_12_1853
NIC1190	0.000010	0.000010	0.000011	0.000010	0.000010	0.000010	0.000010	0.999883	0.000016	0.000010	0.000010	0.000010	LD_0.9_12_1853
NIC1202	0.000010	0.855678	0.000010	0.000010	0.000010	0.000010	0.000010	0.021527	0.000010	0.120934	0.001781	0.000010	LD_0.9_12_1853
NIC1204	0.000010	0.789251	0.000010	0.000010	0.000010	0.000010	0.000010	0.017729	0.000010	0.178123	0.014817	0.000010	LD_0.9_12_1853
NIC1205	0.000010	0.000010	0.000010	0.000010	0.000010	0.000010	0.000010	0.000010	0.999890	0.000010	0.000010	0.000010	LD_0.9_12_1853
NIC1218	0.000010	0.999890	0.000010	0.000010	0.000010	0.000010	0.000010	0.000010	0.000010	0.000010	0.000010	0.000010	LD_0.9_12_1853
NIC1220	0.000010	0.000010	0.000010	0.000010	0.000011	0.000011	0.000010	0.000010	0.999888	0.000010	0.000010	0.000010	LD_0.9_12_1853
NIC1221	0.000010	0.781991	0.000010	0.000010	0.000010	0.000010	0.000010	0.000336	0.000010	0.217583	0.000010	0.000010	LD_0.9_12_1853
NIC123	0.000010	0.000010	0.000010	0.000010	0.000010	0.000010	0.000010	0.006840	0.000010	0.000010	0.993060	0.000010	LD_0.9_12_1853
NIC1267	0.000010	0.026201	0.000010	0.000010	0.000010	0.000010	0.000010	0.594017	0.000010	0.000010	0.379692	0.000010	LD_0.9_12_1853
NIC1283	0.000010	0.000010	0.000010	0.000010	0.000010	0.000010	0.000010	0.999890	0.000010	0.000010	0.000010	0.000010	LD_0.9_12_1853
NIC1288	0.000013	0.000010	0.000010	0.154588	0.000010	0.000010	0.000010	0.728573	0.000010	0.116746	0.000010	0.000010	LD_0.9_12_1853
NIC1292	0.000010	0.000010	0.000010	0.000017	0.000013	0.000010	0.000010	0.999879	0.000010	0.000010	0.000011	0.000010	LD_0.9_12_1853
NIC1302	0.000010	0.000010	0.000010	0.000010	0.000010	0.000010	0.000010	0.999890	0.000010	0.000010	0.000010	0.000010	LD_0.9_12_1853
NIC1304	0.000010	0.000010	0.000010	0.000017	0.000011	0.000010	0.000010	0.999882	0.000010	0.000010	0.000010	0.000010	LD_0.9_12_1853
NIC1308	0.000010	0.000010	0.000010	0.000010	0.000010	0.000010	0.000010	0.000010	0.000010	0.545653	0.454247	0.000010	LD_0.9_12_1853
NIC1407	0.000010	0.000010	0.000010	0.000010	0.000010	0.000010	0.000010	0.999890	0.000010	0.000010	0.000010	0.000010	LD_0.9_12_1853
NIC1421	0.000010	0.000010	0.000010	0.126144	0.000010	0.000010	0.000010	0.590204	0.000010	0.000010	0.283562	0.000010	LD_0.9_12_1853
NIC1423	0.000014	0.000010	0.000010	0.179134	0.000010	0.000010	0.000010	0.820762	0.000010	0.000010	0.000010	0.000010	LD_0.9_12_1853
NIC1442	0.000010	0.000010	0.000010	0.000010	0.000010	0.000010	0.000010	0.999890	0.000010	0.000010	0.000010	0.000010	LD_0.9_12_1853
NIC1491	0.000010	0.000010	0.000010	0.000010	0.000010	0.000010	0.000010	0.999890	0.000010	0.000010	0.000010	0.000010	LD_0.9_12_1853
NIC1525	0.000010	0.059888	0.000010	0.000010	0.000010	0.000010	0.000010	0.000010	0.000010	0.000010	0.940012	0.000010	LD_0.9_12_1853
NIC1528	0.000010	0.000010	0.000010	0.000010	0.000010	0.000010	0.000010	0.000010	0.000010	0.000010	0.999890	0.000010	LD_0.9_12_1853
NIC1529	0.000010	0.000010	0.000010	0.000010	0.000010	0.000010	0.000010	0.000010	0.000010	0.000010	0.999890	0.000010	LD_0.9_12_1853
NIC1533	0.000010	0.084930	0.000010	0.000010	0.000010	0.000010	0.000010	0.000010	0.000010	0.000010	0.914970	0.000010	LD_0.9_12_1853
NIC1535	0.000010	0.000011	0.000010	0.000010	0.000010	0.000010	0.000010	0.034842	0.000011	0.000016	0.965050	0.000010	LD_0.9_12_1853
NIC1539	0.000010	0.000010	0.000010	0.000010	0.000010	0.000010	0.000010	0.000010	0.999890	0.000010	0.000010	0.000010	LD_0.9_12_1853
NIC1540	0.000010	0.000010	0.000010	0.000010	0.999890	0.000010	0.000010	0.000010	0.000010	0.000010	0.000010	0.000010	LD_0.9_12_1853
NIC1562	0.000012	0.000010	0.000010	0.000010	0.000010	0.000010	0.000010	0.000010	0.999880	0.000018	0.000010	0.000010	LD_0.9_12_1853
NIC1589	0.000010	0.000010	0.000017	0.000011	0.999882	0.000010	0.000010	0.000010	0.000010	0.000010	0.000010	0.000010	LD_0.9_12_1853
NIC1590	0.000010	0.000010	0.000010	0.000010	0.000010	0.000010	0.000010	0.000010	0.999890	0.000010	0.000010	0.000010	LD_0.9_12_1853
NIC1591	0.000010	0.000010	0.000010	0.000010	0.999890	0.000010	0.000010	0.000010	0.000010	0.000010	0.000010	0.000010	LD_0.9_12_1853
NIC1593	0.000011	0.000010	0.000010	0.000010	0.999889	0.000010	0.000010	0.000010	0.000010	0.000010	0.000010	0.000010	LD_0.9_12_1853
NIC1595	0.000010	0.000010	0.000010	0.000010	0.000010	0.000010	0.000010	0.000010	0.999890	0.000010	0.000010	0.000010	LD_0.9_12_1853
NIC1598	0.000010	0.012109	0.000010	0.000010	0.000011	0.000010	0.000010	0.000010	0.987791	0.000010	0.000010	0.000010	LD_0.9_12_1853
NIC1602	0.000010	0.000010	0.000010	0.000010	0.000010	0.000010	0.000010	0.000010	0.999890	0.000010	0.000010	0.000010	LD_0.9_12_1853
NIC1607	0.000010	0.000013	0.000010	0.000010	0.000010	0.000010	0.000010	0.000010	0.000019	0.000010	0.000010	0.999878	LD_0.9_12_1853
NIC1628	0.000011	0.999886	0.000010	0.000010	0.000012	0.000010	0.000010	0.000010	0.000011	0.000010	0.000010	0.000010	LD_0.9_12_1853
NIC1630	0.000010	0.000010	0.000010	0.000010	0.000010	0.000010	0.000010	0.000010	0.999890	0.000010	0.000010	0.000010	LD_0.9_12_1853
NIC1631	0.000010	0.000010	0.000010	0.000010	0.000010	0.000010	0.000010	0.000010	0.999890	0.000010	0.000010	0.000010	LD_0.9_12_1853
NIC1632	0.000010	0.000010	0.000010	0.000010	0.000010	0.000010	0.999887	0.000010	0.000010	0.000010	0.000013	0.000010	LD_0.9_12_1853
NIC1633	0.000010	0.000010	0.000010	0.000010	0.000010	0.000010	0.999886	0.000010	0.000010	0.000010	0.000014	0.000010	LD_0.9_12_1853
NIC1635	0.000010	0.000010	0.000010	0.000010	0.000010	0.000010	0.999886	0.000010	0.000010	0.000010	0.000014	0.000010	LD_0.9_12_1853
NIC1645	0.000010	0.000010	0.000010	0.000010	0.000010	0.000010	0.000010	0.000010	0.999890	0.000010	0.000010	0.000010	LD_0.9_12_1853
NIC1660	0.000010	0.000010	0.000010	0.000010	0.000010	0.000010	0.000010	0.000010	0.999890	0.000010	0.000010	0.000010	LD_0.9_12_1853
NIC1661	0.000010	0.000010	0.000010	0.000010	0.000010	0.000010	0.000010	0.000010	0.999890	0.000010	0.000010	0.000010	LD_0.9_12_1853
NIC1662	0.000010	0.000010	0.000010	0.000010	0.000010	0.000010	0.000010	0.000010	0.999890	0.000010	0.000010	0.000010	LD_0.9_12_1853
NIC1663	0.000010	0.000010	0.000010	0.000010	0.000010	0.000010	0.000010	0.000010	0.999882	0.000010	0.000018	0.000010	LD_0.9_12_1853
NIC1664	0.000010	0.000018	0.000010	0.000014	0.999879	0.000010	0.000010	0.000010	0.000010	0.000010	0.000010	0.000010	LD_0.9_12_1853
NIC1665	0.000010	0.000010	0.000010	0.000010	0.999890	0.000010	0.000010	0.000010	0.000010	0.000010	0.000010	0.000010	LD_0.9_12_1853
NIC1666	0.000010	0.000010	0.000010	0.000010	0.000010	0.000010	0.000010	0.000010	0.999890	0.000010	0.000010	0.000010	LD_0.9_12_1853
NIC1667	0.000010	0.000010	0.000010	0.000010	0.000010	0.000010	0.000010	0.000010	0.999890	0.000010	0.000010	0.000010	LD_0.9_12_1853
NIC1681	0.000010	0.000010	0.000010	0.000010	0.000015	0.000010	0.000010	0.000010	0.999885	0.000010	0.000010	0.000010	LD_0.9_12_1853
NIC1688	0.000010	0.999890	0.000010	0.000010	0.000010	0.000010	0.000010	0.000010	0.000010	0.000010	0.000010	0.000010	LD_0.9_12_1853
NIC1692	0.000010	0.000010	0.000010	0.000010	0.000010	0.000010	0.000010	0.000010	0.999890	0.000010	0.000010	0.000010	LD_0.9_12_1853
NIC1693	0.000010	0.000010	0.000010	0.000016	0.000010	0.000010	0.000010	0.000010	0.999884	0.000010	0.000010	0.000010	LD_0.9_12_1853
NIC17	0.000010	0.055954	0.000010	0.000016	0.000010	0.000010	0.000010	0.000010	0.000010	0.000010	0.943940	0.000010	LD_0.9_12_1853
NIC174	0.000010	0.000010	0.000010	0.000012	0.000010	0.000010	0.999887	0.000010	0.000010	0.000010	0.000011	0.000010	LD_0.9_12_1853
NIC187	0.000010	0.000014	0.000010	0.000010	0.000010	0.000010	0.000010	0.377062	0.000010	0.000011	0.622832	0.000010	LD_0.9_12_1853
NIC188	0.000010	0.000010	0.000010	0.000010	0.000010	0.000010	0.000010	0.124941	0.000010	0.000010	0.874958	0.000010	LD_0.9_12_1853
NIC19	0.000010	0.000010	0.000010	0.000010	0.999890	0.000010	0.000010	0.000010	0.000010	0.000010	0.000010	0.000010	LD_0.9_12_1853
NIC191	0.000010	0.000010	0.000010	0.000010	0.000010	0.000010	0.000010	0.000010	0.000010	0.000010	0.999890	0.000010	LD_0.9_12_1853
NIC20	0.000010	0.000010	0.000010	0.000010	0.999889	0.000010	0.000011	0.000010	0.000010	0.000010	0.000010	0.000010	LD_0.9_12_1853
NIC21	0.000017	0.000014	0.000016	0.000019	0.999862	0.000010	0.000011	0.000010	0.000010	0.000010	0.000010	0.000010	LD_0.9_12_1853
NIC22	0.000010	0.000010	0.000010	0.000011	0.999889	0.000010	0.000010	0.000010	0.000010	0.000010	0.000010	0.000010	LD_0.9_12_1853
NIC2369	0.000010	0.000010	0.000010	0.000010	0.000010	0.000010	0.000010	0.000010	0.000010	0.999890	0.000010	0.000010	LD_0.9_12_1853
NIC248	0.000010	0.000010	0.000011	0.000010	0.000010	0.000010	0.000014	0.024763	0.000010	0.000010	0.975132	0.000010	LD_0.9_12_1853
NIC250	0.000010	0.000010	0.000010	0.000010	0.000010	0.000010	0.000010	0.000010	0.000010	0.000010	0.999890	0.000010	LD_0.9_12_1853
NIC2527	0.000010	0.999888	0.000010	0.000010	0.000010	0.000010	0.000010	0.000010	0.000010	0.000010	0.000012	0.000010	LD_0.9_12_1853
NIC309	0.000010	0.000010	0.000010	0.000010	0.000010	0.000010	0.000010	0.999890	0.000010	0.000010	0.000010	0.000010	LD_0.9_12_1853
NIC325	0.000010	0.000010	0.000010	0.000010	0.000010	0.000010	0.000010	0.999890	0.000010	0.000010	0.000010	0.000010	LD_0.9_12_1853
NIC327	0.000010	0.000010	0.000010	0.095502	0.000010	0.000010	0.000010	0.904390	0.000010	0.000010	0.000018	0.000010	LD_0.9_12_1853
NIC329	0.000010	0.000010	0.000010	0.000011	0.000010	0.000010	0.000010	0.899597	0.000010	0.000010	0.100301	0.000010	LD_0.9_12_1853
NIC330	0.000010	0.000010	0.000010	0.000010	0.000010	0.000010	0.000010	0.925721	0.000010	0.000010	0.074179	0.000010	LD_0.9_12_1853
NIC331	0.000010	0.000010	0.000010	0.127341	0.000010	0.000010	0.000010	0.684525	0.000010	0.000010	0.188045	0.000010	LD_0.9_12_1853
NIC332	0.000010	0.000010	0.000010	0.131324	0.000010	0.000010	0.000010	0.868576	0.000010	0.000010	0.000010	0.000010	LD_0.9_12_1853
NIC333	0.000010	0.000010	0.000010	0.000010	0.000010	0.000010	0.000010	0.999890	0.000010	0.000010	0.000010	0.000010	LD_0.9_12_1853
NIC343	0.000010	0.975243	0.000011	0.000010	0.000014	0.000010	0.000010	0.000010	0.000010	0.024653	0.000010	0.000010	LD_0.9_12_1853
NIC392	0.000010	0.199609	0.000010	0.000010	0.000010	0.000010	0.000010	0.693330	0.000010	0.000010	0.106971	0.000010	LD_0.9_12_1853
NIC400	0.000010	0.000010	0.000010	0.113051	0.000010	0.000010	0.000010	0.886849	0.000010	0.000010	0.000010	0.000010	LD_0.9_12_1853
NIC402	0.000010	0.000010	0.000010	0.104327	0.000010	0.000010	0.000010	0.866412	0.000010	0.000010	0.029172	0.000010	LD_0.9_12_1853
NIC419	0.000010	0.000010	0.000010	0.000010	0.000010	0.000010	0.000010	0.000010	0.000010	0.999890	0.000010	0.000010	LD_0.9_12_1853
NIC504	0.000010	0.000010	0.000017	0.000010	0.000010	0.000010	0.000010	0.000010	0.999883	0.000010	0.000010	0.000010	LD_0.9_12_1853
NIC505	0.000010	0.000010	0.000010	0.000010	0.000010	0.000010	0.000010	0.000010	0.999890	0.000010	0.000010	0.000010	LD_0.9_12_1853
NIC518	0.000010	0.000010	0.000010	0.000010	0.000010	0.000010	0.000010	0.000010	0.999890	0.000010	0.000010	0.000010	LD_0.9_12_1853
NIC519	0.000010	0.000010	0.000010	0.000010	0.000010	0.000010	0.000010	0.000010	0.999890	0.000010	0.000010	0.000010	LD_0.9_12_1853
NIC532	0.000010	0.000010	0.000010	0.000010	0.000010	0.000010	0.000010	0.000010	0.000010	0.000010	0.999890	0.000010	LD_0.9_12_1853
NIC541	0.000010	0.000010	0.000010	0.152376	0.000010	0.000010	0.000010	0.568721	0.000010	0.000010	0.168782	0.110040	LD_0.9_12_1853
NIC549	0.000011	0.000010	0.000012	0.000010	0.000010	0.000010	0.000010	0.000010	0.000010	0.000010	0.999887	0.000010	LD_0.9_12_1853
NIC552	0.000010	0.000010	0.000010	0.000010	0.000010	0.000010	0.000010	0.000010	0.000010	0.000010	0.999890	0.000010	LD_0.9_12_1853
NIC555	0.000010	0.000010	0.000010	0.099605	0.000010	0.000010	0.000010	0.226822	0.000010	0.000010	0.673484	0.000010	LD_0.9_12_1853
NIC574	0.000010	0.000010	0.000010	0.000010	0.000010	0.000010	0.000010	0.000010	0.000010	0.000010	0.999890	0.000010	LD_0.9_12_1853
NIC578	0.000010	0.000010	0.000010	0.000010	0.000010	0.000010	0.000010	0.398088	0.000010	0.000010	0.601812	0.000010	LD_0.9_12_1853
NIC583	0.000010	0.000010	0.000010	0.000010	0.000010	0.000010	0.000010	0.446914	0.000010	0.000010	0.552986	0.000010	LD_0.9_12_1853
NIC590	0.000010	0.000010	0.000010	0.000010	0.000010	0.000010	0.000010	0.578199	0.000010	0.000010	0.367744	0.053966	LD_0.9_12_1853
NIC593	0.000010	0.000010	0.000012	0.000010	0.000010	0.000010	0.000012	0.000010	0.000010	0.000010	0.999885	0.000010	LD_0.9_12_1853
NIC60	0.000010	0.000010	0.000010	0.000010	0.000010	0.000010	0.000010	0.999890	0.000010	0.000010	0.000010	0.000010	LD_0.9_12_1853
NIC61	0.000010	0.000010	0.000010	0.000010	0.000010	0.000010	0.000010	0.000010	0.000010	0.000010	0.999890	0.000010	LD_0.9_12_1853
NIC62	0.000010	0.000010	0.000010	0.000010	0.000010	0.000010	0.000010	0.511999	0.000010	0.000010	0.487901	0.000010	LD_0.9_12_1853
NIC67	0.000010	0.000010	0.000010	0.000010	0.000011	0.000010	0.000010	0.000010	0.000010	0.999889	0.000010	0.000010	LD_0.9_12_1853
NIC758	0.000010	0.000010	0.000010	0.000010	0.000010	0.000010	0.000010	0.429477	0.000010	0.000010	0.513361	0.057072	LD_0.9_12_1853
NIC777	0.000010	0.000010	0.000010	0.081514	0.000010	0.000010	0.000010	0.475844	0.000010	0.000010	0.442552	0.000010	LD_0.9_12_1853
NIC779	0.000010	0.000010	0.000010	0.000010	0.000010	0.000010	0.000010	0.000010	0.999890	0.000010	0.000010	0.000010	LD_0.9_12_1853
NIC790	0.000010	0.999890	0.000010	0.000010	0.000010	0.000010	0.000010	0.000010	0.000010	0.000010	0.000010	0.000010	LD_0.9_12_1853
NIC791	0.000010	0.165984	0.000010	0.309057	0.000010	0.000010	0.000010	0.000010	0.000010	0.000010	0.000010	0.524869	LD_0.9_12_1853
NIC792	0.000010	0.816690	0.000010	0.020968	0.000010	0.000010	0.000010	0.000010	0.000010	0.000010	0.000010	0.162252	LD_0.9_12_1853
NIC793	0.000010	0.999890	0.000010	0.000010	0.000010	0.000010	0.000010	0.000010	0.000010	0.000010	0.000010	0.000010	LD_0.9_12_1853
NIC795	0.000011	0.999884	0.000010	0.000010	0.000010	0.000013	0.000010	0.000010	0.000012	0.000010	0.000010	0.000010	LD_0.9_12_1853
NIC796	0.000010	0.992365	0.000010	0.000010	0.007535	0.000010	0.000010	0.000010	0.000010	0.000010	0.000010	0.000010	LD_0.9_12_1853
NIC802	0.000010	0.999881	0.000010	0.000010	0.000010	0.000010	0.000010	0.000018	0.000011	0.000010	0.000010	0.000010	LD_0.9_12_1853
NIC803	0.000016	0.905079	0.000011	0.000010	0.000017	0.000010	0.000012	0.094804	0.000011	0.000010	0.000010	0.000010	LD_0.9_12_1853
NIC805	0.000010	0.000010	0.000010	0.000010	0.000010	0.000010	0.000010	0.000010	0.999890	0.000010	0.000010	0.000010	LD_0.9_12_1853
NIC811	0.000010	0.999890	0.000010	0.000010	0.000010	0.000010	0.000010	0.000010	0.000010	0.000010	0.000010	0.000010	LD_0.9_12_1853
NIC814	0.000010	0.000010	0.000010	0.000010	0.000010	0.000010	0.000010	0.000010	0.999890	0.000010	0.000010	0.000010	LD_0.9_12_1853
NIC815	0.000010	0.000010	0.000010	0.000010	0.000010	0.000010	0.000010	0.000010	0.999890	0.000010	0.000010	0.000010	LD_0.9_12_1853
NIC816	0.000010	0.000010	0.000010	0.000010	0.999887	0.000010	0.000010	0.000010	0.000010	0.000013	0.000010	0.000010	LD_0.9_12_1853
NIC819	0.000010	0.000010	0.000010	0.000010	0.000010	0.000010	0.000010	0.000010	0.000016	0.000010	0.000010	0.999884	LD_0.9_12_1853
NIC821	0.000010	0.883098	0.000010	0.000010	0.000010	0.000010	0.000010	0.116802	0.000010	0.000010	0.000010	0.000010	LD_0.9_12_1853
NIC822	0.000010	0.000010	0.000010	0.000010	0.000010	0.000010	0.000010	0.000010	0.999890	0.000010	0.000010	0.000010	LD_0.9_12_1853
NIC824	0.000010	0.000010	0.000010	0.000010	0.000010	0.000010	0.000010	0.000010	0.999890	0.000010	0.000010	0.000010	LD_0.9_12_1853
NIC825	0.000010	0.000010	0.000010	0.000011	0.999889	0.000010	0.000010	0.000010	0.000010	0.000010	0.000010	0.000010	LD_0.9_12_1853
NIC827	0.000010	0.000010	0.000010	0.000010	0.999890	0.000010	0.000010	0.000010	0.000010	0.000010	0.000010	0.000010	LD_0.9_12_1853
NIC828	0.000010	0.000010	0.000010	0.000010	0.999890	0.000010	0.000010	0.000010	0.000010	0.000010	0.000010	0.000010	LD_0.9_12_1853
NIC863	0.000010	0.000010	0.000010	0.000010	0.000010	0.000010	0.000010	0.000010	0.999890	0.000010	0.000010	0.000010	LD_0.9_12_1853
NIC864	0.000010	0.000010	0.000010	0.000010	0.000010	0.000010	0.000010	0.000010	0.999890	0.000010	0.000010	0.000010	LD_0.9_12_1853
NIC865	0.000010	0.000010	0.000010	0.000010	0.000010	0.000010	0.000010	0.000010	0.999890	0.000010	0.000010	0.000010	LD_0.9_12_1853
NIC871	0.000010	0.999884	0.000010	0.000010	0.000012	0.000010	0.000010	0.000010	0.000010	0.000014	0.000010	0.000010	LD_0.9_12_1853
NIC883	0.000010	0.999887	0.000010	0.000013	0.000010	0.000010	0.000010	0.000010	0.000010	0.000010	0.000010	0.000010	LD_0.9_12_1853
NIC889	0.000010	0.000010	0.000010	0.000010	0.000010	0.000010	0.000010	0.000010	0.999890	0.000010	0.000010	0.000010	LD_0.9_12_1853
NIC893	0.000010	0.000020	0.999880	0.000010	0.000010	0.000010	0.000010	0.000010	0.000010	0.000010	0.000010	0.000010	LD_0.9_12_1853
NIC897	0.000010	0.000010	0.000010	0.000010	0.000010	0.000010	0.000013	0.000010	0.999883	0.000010	0.000014	0.000010	LD_0.9_12_1853
NIC899	0.000010	0.000012	0.000010	0.000012	0.000010	0.000012	0.999884	0.000010	0.000010	0.000010	0.000010	0.000010	LD_0.9_12_1853
NIC901	0.000010	0.213157	0.000010	0.000010	0.000010	0.000010	0.000010	0.000010	0.000010	0.000010	0.786743	0.000010	LD_0.9_12_1853
NIC911	0.000010	0.676157	0.000010	0.000010	0.000010	0.000010	0.000010	0.108200	0.000010	0.000010	0.215553	0.000010	LD_0.9_12_1853
NIC96	0.000010	0.000010	0.000010	0.000010	0.000010	0.000010	0.000010	0.999890	0.000010	0.000010	0.000010	0.000010	LD_0.9_12_1853
NIC984	0.000010	0.871434	0.000010	0.000010	0.000010	0.000010	0.000010	0.092168	0.000010	0.000010	0.036308	0.000010	LD_0.9_12_1853
NIC985	0.000010	0.596281	0.000012	0.000010	0.000014	0.000010	0.000010	0.061956	0.000015	0.164678	0.176994	0.000010	LD_0.9_12_1853
PB800	0.000010	0.000010	0.000013	0.000010	0.000010	0.000010	0.999882	0.000010	0.000010	0.000010	0.000015	0.000010	LD_0.9_12_1853
PB857	0.000010	0.000010	0.000010	0.000010	0.000010	0.000010	0.999890	0.000010	0.000010	0.000010	0.000010	0.000010	LD_0.9_12_1853
PE887	0.000010	0.409391	0.000010	0.000010	0.000010	0.000010	0.000010	0.000010	0.000010	0.000010	0.590509	0.000010	LD_0.9_12_1853
QG1005	0.000010	0.000010	0.000010	0.898277	0.000010	0.000010	0.000010	0.101623	0.000010	0.000010	0.000010	0.000010	LD_0.9_12_1853
QG1007	0.000010	0.000010	0.000010	0.999889	0.000010	0.000010	0.000010	0.000011	0.000010	0.000010	0.000010	0.000010	LD_0.9_12_1853
QG1111	0.000010	0.000010	0.000010	0.999890	0.000010	0.000010	0.000010	0.000010	0.000010	0.000010	0.000010	0.000010	LD_0.9_12_1853
QG1126	0.000013	0.000010	0.000010	0.999884	0.000010	0.000013	0.000010	0.000010	0.000010	0.000010	0.000010	0.000010	LD_0.9_12_1853
QG1141	0.000010	0.000010	0.000010	0.999890	0.000010	0.000010	0.000010	0.000010	0.000010	0.000010	0.000010	0.000010	LD_0.9_12_1853
QG1155	0.000010	0.003431	0.000010	0.996467	0.000010	0.000010	0.000010	0.000012	0.000010	0.000010	0.000010	0.000010	LD_0.9_12_1853
QG130	0.000010	0.999890	0.000010	0.000010	0.000010	0.000010	0.000010	0.000010	0.000010	0.000010	0.000010	0.000010	LD_0.9_12_1853
QG132	0.000010	0.953244	0.000010	0.000010	0.000010	0.000010	0.000010	0.046656	0.000010	0.000010	0.000010	0.000010	LD_0.9_12_1853
QG133	0.000010	0.022842	0.000010	0.000010	0.000010	0.000010	0.000010	0.000010	0.977058	0.000010	0.000010	0.000010	LD_0.9_12_1853
QG2641	0.000010	0.000010	0.000010	0.999890	0.000010	0.000010	0.000010	0.000010	0.000010	0.000010	0.000010	0.000010	LD_0.9_12_1853
QG2648	0.000010	0.000010	0.000010	0.999890	0.000010	0.000010	0.000010	0.000010	0.000010	0.000010	0.000010	0.000010	LD_0.9_12_1853
QG2659	0.000010	0.000010	0.000010	0.999890	0.000010	0.000010	0.000010	0.000010	0.000010	0.000010	0.000010	0.000010	LD_0.9_12_1853
QG2663	0.000010	0.000010	0.000010	0.999890	0.000010	0.000010	0.000010	0.000010	0.000010	0.000010	0.000010	0.000010	LD_0.9_12_1853
QG2665	0.000010	0.000010	0.000010	0.999890	0.000010	0.000010	0.000010	0.000010	0.000010	0.000010	0.000010	0.000010	LD_0.9_12_1853
QG2683	0.000010	0.000010	0.000010	0.999890	0.000010	0.000010	0.000010	0.000010	0.000010	0.000010	0.000010	0.000010	LD_0.9_12_1853
QG2736	0.000010	0.000010	0.000010	0.999890	0.000010	0.000010	0.000010	0.000010	0.000010	0.000010	0.000010	0.000010	LD_0.9_12_1853
QG2814	0.000010	0.999889	0.000010	0.000010	0.000011	0.000010	0.000010	0.000010	0.000010	0.000010	0.000010	0.000010	LD_0.9_12_1853
QG2820	0.000010	0.999890	0.000010	0.000010	0.000010	0.000010	0.000010	0.000010	0.000010	0.000010	0.000010	0.000010	LD_0.9_12_1853
QG2848	0.000010	0.999890	0.000010	0.000010	0.000010	0.000010	0.000010	0.000010	0.000010	0.000010	0.000010	0.000010	LD_0.9_12_1853
QG2880	0.000010	0.000010	0.000010	0.305774	0.000010	0.000010	0.000010	0.000010	0.000010	0.000010	0.000010	0.694126	LD_0.9_12_1853
QG2881	0.000010	0.999890	0.000010	0.000010	0.000010	0.000010	0.000010	0.000010	0.000010	0.000010	0.000010	0.000010	LD_0.9_12_1853
QG2883	0.000010	0.999890	0.000010	0.000010	0.000010	0.000010	0.000010	0.000010	0.000010	0.000010	0.000010	0.000010	LD_0.9_12_1853
QG2884	0.000012	0.000010	0.000017	0.324573	0.000011	0.000010	0.000014	0.000010	0.000010	0.000010	0.000010	0.675314	LD_0.9_12_1853
QG2891	0.000010	0.000010	0.000010	0.000010	0.000010	0.999890	0.000010	0.000010	0.000010	0.000010	0.000010	0.000010	LD_0.9_12_1853
QG2892	0.000010	0.000010	0.000010	0.282695	0.000010	0.000010	0.000010	0.000010	0.000010	0.000010	0.000010	0.717205	LD_0.9_12_1853
QG2893	0.176100	0.000010	0.000010	0.000010	0.000010	0.823800	0.000010	0.000010	0.000010	0.000010	0.000010	0.000010	LD_0.9_12_1853
QG2895	0.000010	0.000010	0.000010	0.391472	0.000010	0.000010	0.000010	0.000010	0.000010	0.000010	0.000010	0.608428	LD_0.9_12_1853
QG2902	0.000010	0.000010	0.000010	0.371933	0.000012	0.000010	0.000010	0.000010	0.000010	0.000010	0.000010	0.627965	LD_0.9_12_1853
QG2903	0.000010	0.000010	0.000010	0.284550	0.000010	0.000010	0.000010	0.000010	0.000010	0.000010	0.000010	0.715350	LD_0.9_12_1853
QG2906	0.000010	0.000010	0.000010	0.421250	0.000010	0.000010	0.000010	0.000010	0.000010	0.000010	0.000010	0.578650	LD_0.9_12_1853
QG2908	0.177386	0.000010	0.000010	0.000010	0.000010	0.822514	0.000010	0.000010	0.000010	0.000010	0.000010	0.000010	LD_0.9_12_1853
QG2910	0.000010	0.940057	0.000010	0.000010	0.000010	0.000010	0.000010	0.059843	0.000010	0.000010	0.000010	0.000010	LD_0.9_12_1853
QG2919	0.000010	0.000010	0.000010	0.000010	0.000010	0.999890	0.000010	0.000010	0.000010	0.000010	0.000010	0.000010	LD_0.9_12_1853
QG2923	0.000010	0.000010	0.000010	0.313399	0.000010	0.000010	0.000010	0.000010	0.000010	0.000010	0.000010	0.686501	LD_0.9_12_1853
QG2925	0.000010	0.000010	0.000010	0.293489	0.000010	0.000010	0.000010	0.000010	0.000010	0.000010	0.000010	0.706411	LD_0.9_12_1853
QG2964	0.000010	0.000010	0.000010	0.999890	0.000010	0.000010	0.000010	0.000010	0.000010	0.000010	0.000010	0.000010	LD_0.9_12_1853
QG2966	0.000010	0.167088	0.000010	0.616225	0.000010	0.000010	0.000010	0.053141	0.000010	0.000011	0.163465	0.000010	LD_0.9_12_1853
QG2969	0.000010	0.000010	0.000010	0.999890	0.000010	0.000010	0.000010	0.000010	0.000010	0.000010	0.000010	0.000010	LD_0.9_12_1853
QG2972	0.000010	0.000010	0.000010	0.999889	0.000010	0.000011	0.000010	0.000010	0.000010	0.000010	0.000010	0.000010	LD_0.9_12_1853
QG2996	0.000010	0.000010	0.000010	0.999890	0.000010	0.000010	0.000010	0.000010	0.000010	0.000010	0.000010	0.000010	LD_0.9_12_1853
QG3004	0.000010	0.071043	0.000010	0.754507	0.000010	0.000010	0.000012	0.174357	0.000012	0.000010	0.000010	0.000010	LD_0.9_12_1853
QG3006	0.000010	0.000010	0.000010	0.999890	0.000010	0.000010	0.000010	0.000010	0.000010	0.000010	0.000010	0.000010	LD_0.9_12_1853
QG3019	0.000011	0.000010	0.000010	0.822975	0.000014	0.000010	0.000017	0.176913	0.000010	0.000010	0.000010	0.000010	LD_0.9_12_1853
QG3025	0.000010	0.000010	0.000010	0.999890	0.000010	0.000010	0.000010	0.000010	0.000010	0.000010	0.000010	0.000010	LD_0.9_12_1853
QG3030	0.000010	0.000010	0.000010	0.999890	0.000010	0.000010	0.000010	0.000010	0.000010	0.000010	0.000010	0.000010	LD_0.9_12_1853
QG3032	0.000010	0.004175	0.000011	0.709535	0.000010	0.000011	0.000011	0.286193	0.000014	0.000010	0.000010	0.000010	LD_0.9_12_1853
QG3034	0.000010	0.000010	0.000014	0.999881	0.000010	0.000016	0.000010	0.000010	0.000010	0.000010	0.000010	0.000010	LD_0.9_12_1853
QG3041	0.000010	0.000010	0.000010	0.999890	0.000010	0.000010	0.000010	0.000010	0.000010	0.000010	0.000010	0.000010	LD_0.9_12_1853
QG3053	0.000010	0.089281	0.000010	0.000010	0.000010	0.000010	0.000010	0.000010	0.000010	0.000010	0.910619	0.000010	LD_0.9_12_1853
QG3056	0.000010	0.178610	0.000010	0.606123	0.000011	0.000010	0.000010	0.067914	0.000012	0.000010	0.147270	0.000010	LD_0.9_12_1853
QG3057	0.000010	0.000010	0.000010	0.999889	0.000010	0.000010	0.000010	0.000010	0.000011	0.000010	0.000010	0.000010	LD_0.9_12_1853
QG3058	0.000010	0.000010	0.000010	0.907386	0.000011	0.000010	0.000012	0.092510	0.000010	0.000010	0.000010	0.000010	LD_0.9_12_1853
QG3527	0.000010	0.000010	0.000010	0.133828	0.000012	0.000010	0.000010	0.076808	0.000010	0.000010	0.789272	0.000010	LD_0.9_12_1853
QG3661	0.000010	0.000010	0.000010	0.000010	0.000010	0.000010	0.999890	0.000010	0.000010	0.000010	0.000010	0.000010	LD_0.9_12_1853
QG3783	0.000010	0.077345	0.000010	0.094640	0.000010	0.000010	0.000010	0.000010	0.000010	0.000010	0.827926	0.000010	LD_0.9_12_1853
QG3801	0.000010	0.000010	0.000010	0.892869	0.000010	0.000010	0.000010	0.072413	0.000010	0.000010	0.034629	0.000010	LD_0.9_12_1853
QG3815	0.000010	0.000010	0.000010	0.000010	0.000010	0.000010	0.000010	0.180568	0.000010	0.000010	0.819332	0.000010	LD_0.9_12_1853
QG3816	0.000010	0.000010	0.000010	0.078773	0.000010	0.000010	0.000010	0.000010	0.000010	0.000010	0.921127	0.000010	LD_0.9_12_1853
QG3823	0.000010	0.008116	0.000010	0.875254	0.000010	0.000010	0.000010	0.104452	0.000010	0.012098	0.000010	0.000010	LD_0.9_12_1853
QG3825	0.000010	0.000010	0.000010	0.000010	0.000010	0.000010	0.000010	0.000010	0.000010	0.000010	0.999890	0.000010	LD_0.9_12_1853
QG3826	0.000010	0.000010	0.000010	0.104919	0.000010	0.000010	0.000010	0.000010	0.000010	0.000010	0.894981	0.000010	LD_0.9_12_1853
QG3837	0.000010	0.000010	0.000010	0.000010	0.000010	0.000010	0.000010	0.000010	0.000010	0.000010	0.999890	0.000010	LD_0.9_12_1853
QG3851	0.000010	0.060806	0.000010	0.102153	0.000010	0.000010	0.000010	0.000010	0.000010	0.000010	0.836952	0.000010	LD_0.9_12_1853
QG3861	0.000010	0.000010	0.000010	0.041551	0.000010	0.000010	0.000010	0.072631	0.000010	0.000010	0.885728	0.000010	LD_0.9_12_1853
QG3867	0.000010	0.000010	0.000010	0.860579	0.000010	0.000010	0.000010	0.071262	0.000010	0.000010	0.068069	0.000010	LD_0.9_12_1853
QG3874	0.000010	0.000010	0.000010	0.000010	0.000010	0.000010	0.000010	0.000010	0.000010	0.000010	0.999890	0.000010	LD_0.9_12_1853
QG3875	0.000010	0.000010	0.000010	0.000010	0.000012	0.000010	0.000010	0.149860	0.000010	0.000010	0.850038	0.000010	LD_0.9_12_1853
QG3876	0.000010	0.000010	0.000010	0.092614	0.000010	0.000010	0.000010	0.000010	0.000010	0.000010	0.907286	0.000010	LD_0.9_12_1853
QG3878	0.000010	0.000010	0.000010	0.000010	0.000010	0.000010	0.000010	0.187320	0.000010	0.000010	0.812580	0.000010	LD_0.9_12_1853
QG3920	0.000010	0.000010	0.000010	0.042588	0.000010	0.000010	0.000010	0.224056	0.000010	0.000010	0.733267	0.000010	LD_0.9_12_1853
QG3921	0.000010	0.000010	0.000010	0.032418	0.000010	0.000017	0.000010	0.212360	0.000010	0.000010	0.755125	0.000010	LD_0.9_12_1853
QG3923	0.000010	0.000019	0.000010	0.000010	0.000010	0.000010	0.000010	0.141329	0.000010	0.000010	0.858562	0.000010	LD_0.9_12_1853
QG3924	0.000010	0.254161	0.000010	0.035551	0.000010	0.000010	0.000010	0.614581	0.000011	0.000010	0.095627	0.000010	LD_0.9_12_1853
QG3925	0.000010	0.000010	0.000010	0.000010	0.000010	0.000010	0.000010	0.425542	0.000010	0.000010	0.574358	0.000010	LD_0.9_12_1853
QG3926	0.000010	0.000010	0.000010	0.000010	0.000010	0.000010	0.000010	0.310026	0.000010	0.000010	0.689874	0.000010	LD_0.9_12_1853
QG3927	0.000010	0.000010	0.000010	0.000010	0.000010	0.000010	0.000010	0.223522	0.000010	0.000010	0.776378	0.000010	LD_0.9_12_1853
QG3931	0.000010	0.064889	0.000010	0.000010	0.000010	0.000010	0.000010	0.670704	0.000010	0.000010	0.264316	0.000010	LD_0.9_12_1853
QG3932	0.000010	0.157168	0.000010	0.000010	0.000010	0.000010	0.000010	0.289046	0.000010	0.000010	0.553697	0.000010	LD_0.9_12_1853
QG3933	0.000010	0.140661	0.000010	0.000010	0.000010	0.000010	0.000010	0.000010	0.000010	0.000020	0.859229	0.000010	LD_0.9_12_1853
QG4026	0.000010	0.000010	0.000010	0.000010	0.000010	0.999890	0.000010	0.000010	0.000010	0.000010	0.000010	0.000010	LD_0.9_12_1853
QG4028	0.000010	0.000010	0.000010	0.000010	0.000010	0.999890	0.000010	0.000010	0.000010	0.000010	0.000010	0.000010	LD_0.9_12_1853
QG4031	0.000010	0.000010	0.000010	0.000010	0.000010	0.999890	0.000010	0.000010	0.000010	0.000010	0.000010	0.000010	LD_0.9_12_1853
QG4063	0.000010	0.000010	0.000010	0.000010	0.000010	0.999890	0.000010	0.000010	0.000010	0.000010	0.000010	0.000010	LD_0.9_12_1853
QG4064	0.000010	0.000010	0.000010	0.000010	0.000010	0.999890	0.000010	0.000010	0.000010	0.000010	0.000010	0.000010	LD_0.9_12_1853
QG4067	0.000010	0.000010	0.000015	0.000010	0.000017	0.999877	0.000010	0.000010	0.000010	0.000010	0.000010	0.000010	LD_0.9_12_1853
QG4068	0.000010	0.000010	0.000010	0.000010	0.000014	0.999886	0.000010	0.000010	0.000010	0.000010	0.000010	0.000010	LD_0.9_12_1853
QG4070	0.000010	0.661148	0.000010	0.000010	0.000010	0.000010	0.000010	0.000010	0.000010	0.000010	0.338752	0.000010	LD_0.9_12_1853
QG4093	0.111780	0.000010	0.000010	0.000010	0.000010	0.888120	0.000010	0.000010	0.000010	0.000010	0.000010	0.000010	LD_0.9_12_1853
QG4094	0.000010	0.000010	0.000010	0.000010	0.000010	0.999890	0.000010	0.000010	0.000010	0.000010	0.000010	0.000010	LD_0.9_12_1853
QG4095	0.000010	0.000010	0.000012	0.000010	0.000014	0.999880	0.000010	0.000010	0.000013	0.000010	0.000010	0.000010	LD_0.9_12_1853
QG4096	0.000010	0.000010	0.000010	0.000010	0.000010	0.999890	0.000010	0.000010	0.000010	0.000010	0.000010	0.000010	LD_0.9_12_1853
QG4097	0.000010	0.000010	0.000010	0.000010	0.000010	0.999890	0.000010	0.000010	0.000010	0.000010	0.000010	0.000010	LD_0.9_12_1853
QG4104	0.000010	0.000010	0.000010	0.000010	0.000010	0.999890	0.000010	0.000010	0.000010	0.000010	0.000010	0.000010	LD_0.9_12_1853
QG4114	0.000010	0.000010	0.000010	0.000010	0.000010	0.999890	0.000010	0.000010	0.000010	0.000010	0.000010	0.000010	LD_0.9_12_1853
QG4131	0.000010	0.000010	0.000010	0.000010	0.000010	0.999890	0.000010	0.000010	0.000010	0.000010	0.000010	0.000010	LD_0.9_12_1853
QG4132	0.000010	0.000010	0.000010	0.000010	0.000010	0.999890	0.000010	0.000010	0.000010	0.000010	0.000010	0.000010	LD_0.9_12_1853
QG4208	0.138143	0.000010	0.000010	0.000010	0.000010	0.861757	0.000010	0.000010	0.000010	0.000010	0.000010	0.000010	LD_0.9_12_1853
QG4214	0.000010	0.000010	0.000010	0.000010	0.000010	0.999890	0.000010	0.000010	0.000010	0.000010	0.000010	0.000010	LD_0.9_12_1853
QG4225	0.000010	0.000010	0.000010	0.000010	0.000010	0.999890	0.000010	0.000010	0.000010	0.000010	0.000010	0.000010	LD_0.9_12_1853
QG4232	0.031088	0.000010	0.000010	0.000010	0.000010	0.968812	0.000010	0.000010	0.000010	0.000010	0.000010	0.000010	LD_0.9_12_1853
QG4233	0.000010	0.000010	0.000010	0.000010	0.000010	0.999890	0.000010	0.000010	0.000010	0.000010	0.000010	0.000010	LD_0.9_12_1853
QG4647	0.000010	0.085147	0.000010	0.319290	0.000010	0.000010	0.000010	0.000010	0.000010	0.000010	0.000010	0.595473	LD_0.9_12_1853
QG4648	0.000010	0.991322	0.000010	0.000010	0.000010	0.000010	0.000010	0.000010	0.000010	0.000010	0.008578	0.000010	LD_0.9_12_1853
QG4683	0.000010	0.925069	0.000010	0.000010	0.000010	0.000010	0.000011	0.000010	0.000010	0.000010	0.074830	0.000010	LD_0.9_12_1853
QG4701	0.000010	0.583410	0.000010	0.116838	0.000010	0.000010	0.000010	0.000010	0.000010	0.000010	0.000010	0.299662	LD_0.9_12_1853
QG4706	0.000010	0.999890	0.000010	0.000010	0.000010	0.000010	0.000010	0.000010	0.000010	0.000010	0.000010	0.000010	LD_0.9_12_1853
QG4718	0.000010	0.995434	0.000010	0.000010	0.000010	0.000010	0.000010	0.000010	0.000010	0.000010	0.004466	0.000010	LD_0.9_12_1853
QG4742	0.000010	0.922019	0.000010	0.000010	0.000010	0.000010	0.000010	0.000010	0.000010	0.000010	0.077881	0.000010	LD_0.9_12_1853
QG4805	0.000010	0.085887	0.000010	0.294088	0.000010	0.000010	0.000010	0.000010	0.000010	0.000010	0.000010	0.619935	LD_0.9_12_1853
QG4847	0.000010	0.999890	0.000010	0.000010	0.000010	0.000010	0.000010	0.000010	0.000010	0.000010	0.000010	0.000010	LD_0.9_12_1853
QG4966	0.000010	0.999890	0.000010	0.000010	0.000010	0.000010	0.000010	0.000010	0.000010	0.000010	0.000010	0.000010	LD_0.9_12_1853
QG5348	0.000010	0.999890	0.000010	0.000010	0.000010	0.000010	0.000010	0.000010	0.000010	0.000010	0.000010	0.000010	LD_0.9_12_1853
QG5406	0.000010	0.937243	0.000010	0.000010	0.000010	0.000010	0.000012	0.000010	0.000010	0.000010	0.062655	0.000010	LD_0.9_12_1853
QG547	0.000010	0.000010	0.000011	0.000010	0.000010	0.000010	0.999889	0.000010	0.000010	0.000010	0.000010	0.000010	LD_0.9_12_1853
QG5474	0.000010	0.570969	0.000010	0.005642	0.000010	0.000010	0.000010	0.000010	0.000010	0.000010	0.000010	0.423299	LD_0.9_12_1853
QG5488	0.000010	0.999890	0.000010	0.000010	0.000010	0.000010	0.000010	0.000010	0.000010	0.000010	0.000010	0.000010	LD_0.9_12_1853
QG550	0.000010	0.228212	0.000010	0.000010	0.000010	0.000010	0.000010	0.000010	0.000010	0.673359	0.098339	0.000010	LD_0.9_12_1853
QG5507	0.000010	0.870864	0.000010	0.056066	0.000010	0.000010	0.000010	0.000010	0.000010	0.000010	0.000010	0.072980	LD_0.9_12_1853
QG5525	0.000010	0.939459	0.000010	0.000010	0.000010	0.000010	0.000010	0.000010	0.000010	0.000010	0.060441	0.000010	LD_0.9_12_1853
QG5589	0.000010	0.279291	0.000010	0.209049	0.000010	0.000010	0.000010	0.000010	0.000010	0.000010	0.051578	0.460002	LD_0.9_12_1853
QG5603	0.000010	0.516624	0.000010	0.079756	0.000010	0.000010	0.000010	0.000010	0.000010	0.000010	0.000010	0.403530	LD_0.9_12_1853
QG5611	0.000010	0.974663	0.000010	0.000010	0.000010	0.000010	0.000010	0.025232	0.000010	0.000016	0.000010	0.000010	LD_0.9_12_1853
QG5612	0.000010	0.708897	0.000010	0.000010	0.000010	0.000010	0.000010	0.090356	0.000010	0.000010	0.200657	0.000010	LD_0.9_12_1853
QG5633	0.000010	0.991428	0.000010	0.000010	0.000010	0.000010	0.000010	0.008472	0.000010	0.000010	0.000010	0.000010	LD_0.9_12_1853
QG581	0.000010	0.000010	0.000010	0.000010	0.000010	0.000010	0.999882	0.000010	0.000018	0.000010	0.000010	0.000010	LD_0.9_12_1853
QG588	0.000010	0.000010	0.000011	0.000010	0.000010	0.000010	0.999889	0.000010	0.000010	0.000010	0.000010	0.000010	LD_0.9_12_1853
QG700	0.000010	0.000010	0.000010	0.730733	0.000010	0.000010	0.000010	0.269167	0.000010	0.000010	0.000010	0.000010	LD_0.9_12_1853
QG727	0.000010	0.000010	0.000010	0.999890	0.000010	0.000010	0.000010	0.000010	0.000010	0.000010	0.000010	0.000010	LD_0.9_12_1853
QG733	0.000010	0.000010	0.000010	0.999890	0.000010	0.000010	0.000010	0.000010	0.000010	0.000010	0.000010	0.000010	LD_0.9_12_1853
QG736	0.000010	0.000010	0.000010	0.999889	0.000011	0.000010	0.000010	0.000010	0.000010	0.000010	0.000010	0.000010	LD_0.9_12_1853
QG737	0.000010	0.000010	0.000010	0.999890	0.000010	0.000010	0.000010	0.000010	0.000010	0.000010	0.000010	0.000010	LD_0.9_12_1853
QG739	0.000010	0.000010	0.000010	0.999890	0.000010	0.000010	0.000010	0.000010	0.000010	0.000010	0.000010	0.000010	LD_0.9_12_1853
QG761	0.000010	0.000010	0.000012	0.547918	0.000010	0.000010	0.000010	0.451979	0.000010	0.000010	0.000010	0.000010	LD_0.9_12_1853
QG763	0.000010	0.000010	0.000010	0.921621	0.000010	0.000010	0.000010	0.078279	0.000010	0.000010	0.000010	0.000010	LD_0.9_12_1853
QG776	0.000010	0.000010	0.000010	0.996904	0.000010	0.000010	0.000010	0.000010	0.000010	0.000010	0.002996	0.000010	LD_0.9_12_1853
QG781	0.000010	0.000010	0.000010	0.999890	0.000010	0.000010	0.000010	0.000010	0.000010	0.000010	0.000010	0.000010	LD_0.9_12_1853
QG784	0.000010	0.000010	0.000010	0.999886	0.000010	0.000010	0.000010	0.000010	0.000010	0.000014	0.000010	0.000010	LD_0.9_12_1853
QG786	0.000010	0.000010	0.000010	0.999890	0.000010	0.000010	0.000010	0.000010	0.000010	0.000010	0.000010	0.000010	LD_0.9_12_1853
QG788	0.000010	0.000010	0.000010	0.999885	0.000010	0.000010	0.000010	0.000010	0.000010	0.000010	0.000015	0.000010	LD_0.9_12_1853
QG790	0.000010	0.000010	0.000010	0.999890	0.000010	0.000010	0.000010	0.000010	0.000010	0.000010	0.000010	0.000010	LD_0.9_12_1853
QG791	0.000010	0.060762	0.000010	0.939138	0.000010	0.000010	0.000010	0.000010	0.000010	0.000010	0.000010	0.000010	LD_0.9_12_1853
QG795	0.000010	0.000010	0.000010	0.577039	0.000010	0.000010	0.000010	0.422852	0.000019	0.000010	0.000010	0.000010	LD_0.9_12_1853
QG797	0.000012	0.000010	0.000010	0.999878	0.000010	0.000010	0.000010	0.000010	0.000010	0.000010	0.000019	0.000010	LD_0.9_12_1853
QG802	0.000010	0.000010	0.000010	0.999890	0.000010	0.000010	0.000010	0.000010	0.000010	0.000010	0.000010	0.000010	LD_0.9_12_1853
QG804	0.000010	0.000010	0.000010	0.999889	0.000010	0.000010	0.000010	0.000010	0.000011	0.000010	0.000010	0.000010	LD_0.9_12_1853
QG806	0.000010	0.000010	0.000010	0.999890	0.000010	0.000010	0.000010	0.000010	0.000010	0.000010	0.000010	0.000010	LD_0.9_12_1853
QG807	0.000010	0.000010	0.000017	0.999881	0.000010	0.000010	0.000010	0.000010	0.000012	0.000010	0.000010	0.000010	LD_0.9_12_1853
QG808	0.000010	0.045007	0.000012	0.954890	0.000010	0.000010	0.000010	0.000010	0.000010	0.000010	0.000010	0.000010	LD_0.9_12_1853
QG809	0.000010	0.000010	0.000010	0.999890	0.000010	0.000010	0.000010	0.000010	0.000010	0.000010	0.000010	0.000010	LD_0.9_12_1853
QG825	0.000010	0.000010	0.000010	0.999890	0.000010	0.000010	0.000010	0.000010	0.000010	0.000010	0.000010	0.000010	LD_0.9_12_1853
QG827	0.000010	0.000010	0.000010	0.999890	0.000010	0.000010	0.000010	0.000010	0.000010	0.000010	0.000010	0.000010	LD_0.9_12_1853
QG828	0.000010	0.000014	0.000010	0.999886	0.000010	0.000010	0.000010	0.000010	0.000010	0.000010	0.000010	0.000010	LD_0.9_12_1853
QG833	0.000010	0.025383	0.000010	0.974517	0.000010	0.000010	0.000010	0.000010	0.000010	0.000010	0.000010	0.000010	LD_0.9_12_1853
QG855	0.000010	0.033669	0.000010	0.966224	0.000010	0.000010	0.000010	0.000010	0.000017	0.000010	0.000010	0.000010	LD_0.9_12_1853
QG856	0.000010	0.000010	0.000010	0.999890	0.000010	0.000010	0.000010	0.000010	0.000010	0.000010	0.000010	0.000010	LD_0.9_12_1853
QG858	0.000010	0.002250	0.000010	0.997649	0.000010	0.000010	0.000010	0.000010	0.000011	0.000010	0.000010	0.000010	LD_0.9_12_1853
QG860	0.000010	0.000010	0.000010	0.678179	0.000010	0.000010	0.000010	0.321713	0.000010	0.000019	0.000010	0.000010	LD_0.9_12_1853
QG864	0.000010	0.000010	0.000010	0.999890	0.000010	0.000010	0.000010	0.000010	0.000010	0.000010	0.000010	0.000010	LD_0.9_12_1853
QG865	0.000010	0.000010	0.000010	0.999890	0.000010	0.000010	0.000010	0.000010	0.000010	0.000010	0.000010	0.000010	LD_0.9_12_1853
QG866	0.000010	0.000010	0.000010	0.999890	0.000010	0.000010	0.000010	0.000010	0.000010	0.000010	0.000010	0.000010	LD_0.9_12_1853
QG868	0.000010	0.000010	0.000017	0.911298	0.000010	0.000010	0.000010	0.088595	0.000010	0.000010	0.000010	0.000010	LD_0.9_12_1853
QG874	0.000010	0.000010	0.000010	0.999890	0.000010	0.000010	0.000010	0.000010	0.000010	0.000010	0.000010	0.000010	LD_0.9_12_1853
QG875	0.000010	0.000010	0.000010	0.999890	0.000010	0.000010	0.000010	0.000010	0.000010	0.000010	0.000010	0.000010	LD_0.9_12_1853
QG878	0.000010	0.000010	0.000010	0.999890	0.000010	0.000010	0.000010	0.000010	0.000010	0.000010	0.000010	0.000010	LD_0.9_12_1853
QG879	0.000010	0.000010	0.000010	0.999890	0.000010	0.000010	0.000010	0.000010	0.000010	0.000010	0.000010	0.000010	LD_0.9_12_1853
QG880	0.000010	0.000010	0.000010	0.999884	0.000010	0.000010	0.000010	0.000016	0.000010	0.000010	0.000010	0.000010	LD_0.9_12_1853
QG881	0.000010	0.000010	0.000010	0.601399	0.000010	0.000010	0.000010	0.398501	0.000010	0.000010	0.000010	0.000010	LD_0.9_12_1853
QG887	0.000010	0.000010	0.000010	0.999890	0.000010	0.000010	0.000010	0.000010	0.000010	0.000010	0.000010	0.000010	LD_0.9_12_1853
QG888	0.000010	0.000010	0.000010	0.999887	0.000010	0.000010	0.000010	0.000010	0.000010	0.000013	0.000010	0.000010	LD_0.9_12_1853
QG926	0.000010	0.000010	0.000015	0.999885	0.000010	0.000010	0.000010	0.000010	0.000010	0.000010	0.000010	0.000010	LD_0.9_12_1853
QG927	0.000010	0.924759	0.000010	0.075141	0.000010	0.000010	0.000010	0.000010	0.000010	0.000010	0.000010	0.000010	LD_0.9_12_1853
QG933	0.000010	0.000010	0.000011	0.999889	0.000010	0.000010	0.000010	0.000010	0.000010	0.000010	0.000010	0.000010	LD_0.9_12_1853
QG937	0.000010	0.000010	0.000010	0.999888	0.000010	0.000010	0.000010	0.000012	0.000010	0.000010	0.000010	0.000010	LD_0.9_12_1853
QG945	0.000010	0.000010	0.000010	0.999886	0.000010	0.000014	0.000010	0.000010	0.000010	0.000010	0.000010	0.000010	LD_0.9_12_1853
QG946	0.000010	0.000010	0.000010	0.999890	0.000010	0.000010	0.000010	0.000010	0.000010	0.000010	0.000010	0.000010	LD_0.9_12_1853
QG947	0.000010	0.000010	0.000010	0.999890	0.000010	0.000010	0.000010	0.000010	0.000010	0.000010	0.000010	0.000010	LD_0.9_12_1853
QG948	0.000010	0.013629	0.000010	0.986271	0.000010	0.000010	0.000010	0.000010	0.000010	0.000010	0.000010	0.000010	LD_0.9_12_1853
QG952	0.000010	0.000010	0.000010	0.917784	0.000010	0.000010	0.000010	0.000010	0.000010	0.000010	0.082116	0.000010	LD_0.9_12_1853
QG978	0.000010	0.015790	0.000010	0.856045	0.000010	0.000010	0.000010	0.128075	0.000010	0.000010	0.000010	0.000010	LD_0.9_12_1853
QG980	0.000010	0.000010	0.000010	0.999890	0.000010	0.000010	0.000010	0.000010	0.000010	0.000010	0.000010	0.000010	LD_0.9_12_1853
QG986	0.000010	0.039550	0.000010	0.960349	0.000010	0.000010	0.000010	0.000010	0.000010	0.000010	0.000011	0.000010	LD_0.9_12_1853
QG991	0.000010	0.000010	0.000010	0.999890	0.000010	0.000010	0.000010	0.000010	0.000010	0.000010	0.000010	0.000010	LD_0.9_12_1853
QG994	0.000010	0.000010	0.000010	0.999890	0.000010	0.000010	0.000010	0.000010	0.000010	0.000010	0.000010	0.000010	LD_0.9_12_1853
QG995	0.000010	0.000010	0.000010	0.999890	0.000010	0.000010	0.000010	0.000010	0.000010	0.000010	0.000010	0.000010	LD_0.9_12_1853
QG997	0.000010	0.000010	0.000010	0.966323	0.000010	0.000010	0.000010	0.033577	0.000010	0.000010	0.000010	0.000010	LD_0.9_12_1853
QG998	0.000010	0.000010	0.000017	0.999878	0.000010	0.000010	0.000010	0.000012	0.000010	0.000013	0.000010	0.000010	LD_0.9_12_1853
QR25	0.018411	0.000010	0.146073	0.000010	0.026621	0.000010	0.268595	0.000010	0.000010	0.000010	0.000010	0.540231	LD_0.9_12_1853
QX1410	0.000010	0.000010	0.000010	0.000010	0.000010	0.000010	0.000010	0.000010	0.000010	0.000010	0.999890	0.000010	LD_0.9_12_1853
QX1547	0.000011	0.000010	0.000011	0.000010	0.000010	0.000010	0.999887	0.000011	0.000010	0.000010	0.000010	0.000010	LD_0.9_12_1853
QX1795	0.000010	0.841851	0.000010	0.000010	0.000010	0.000010	0.000010	0.081765	0.000010	0.000010	0.076294	0.000010	LD_0.9_12_1853
QX1796	0.000010	0.999887	0.000010	0.000013	0.000010	0.000010	0.000010	0.000010	0.000010	0.000010	0.000010	0.000010	LD_0.9_12_1853
QX1798	0.000010	0.000010	0.000010	0.000010	0.000010	0.000010	0.000010	0.000010	0.999890	0.000010	0.000010	0.000010	LD_0.9_12_1853
QX1800	0.000010	0.999884	0.000016	0.000010	0.000010	0.000010	0.000010	0.000010	0.000010	0.000010	0.000010	0.000010	LD_0.9_12_1853
QX1801	0.000010	0.963255	0.000010	0.000011	0.000010	0.000010	0.000010	0.000012	0.000010	0.000010	0.036643	0.000010	LD_0.9_12_1853
QX1802	0.000010	0.999890	0.000010	0.000010	0.000010	0.000010	0.000010	0.000010	0.000010	0.000010	0.000010	0.000010	LD_0.9_12_1853
QX1803	0.000010	0.999890	0.000010	0.000010	0.000010	0.000010	0.000010	0.000010	0.000010	0.000010	0.000010	0.000010	LD_0.9_12_1853
QX1804	0.000010	0.999890	0.000010	0.000010	0.000010	0.000010	0.000010	0.000010	0.000010	0.000010	0.000010	0.000010	LD_0.9_12_1853
SOW18	0.000010	0.000010	0.000010	0.000010	0.000010	0.000010	0.999890	0.000010	0.000010	0.000010	0.000010	0.000010	LD_0.9_12_1853
SOW21	0.000010	0.000010	0.000013	0.000010	0.000010	0.000010	0.999887	0.000010	0.000010	0.000010	0.000010	0.000010	LD_0.9_12_1853
SOW22	0.000010	0.000010	0.000010	0.000010	0.000010	0.000010	0.999886	0.000010	0.000010	0.000010	0.000014	0.000010	LD_0.9_12_1853
TT3408	0.000010	0.999890	0.000010	0.000010	0.000010	0.000010	0.000010	0.000010	0.000010	0.000010	0.000010	0.000010	LD_0.9_12_1853
TT3411	0.000010	0.999884	0.000010	0.000010	0.000010	0.000010	0.000010	0.000010	0.000010	0.000010	0.000016	0.000010	LD_0.9_12_1853
TWN1772	0.000010	0.000010	0.000010	0.000010	0.000010	0.000010	0.000010	0.000017	0.999883	0.000010	0.000010	0.000010	LD_0.9_12_1853
TWN1824	0.000010	0.000010	0.000010	0.000010	0.999890	0.000010	0.000010	0.000010	0.000010	0.000010	0.000010	0.000010	LD_0.9_12_1853
TWN1899	0.000010	0.000010	0.000015	0.000016	0.999872	0.000010	0.000016	0.000010	0.000010	0.000010	0.000010	0.000010	LD_0.9_12_1853
TWN1907	0.000010	0.000010	0.000014	0.000010	0.000010	0.000010	0.000010	0.000010	0.999886	0.000010	0.000010	0.000010	LD_0.9_12_1853
TWN2919	0.000010	0.000010	0.000010	0.000010	0.000010	0.000010	0.000010	0.000010	0.999890	0.000010	0.000010	0.000010	LD_0.9_12_1853
TWN3077	0.000010	0.000010	0.000010	0.000010	0.000010	0.000010	0.000010	0.000010	0.999890	0.000010	0.000010	0.000010	LD_0.9_12_1853
UH1	0.000010	0.000010	0.000010	0.000010	0.000010	0.000010	0.000010	0.000010	0.999890	0.000010	0.000010	0.000010	LD_0.9_12_1853
VSL2201	0.000010	0.000010	0.000010	0.000010	0.000010	0.000010	0.000010	0.000010	0.000010	0.704283	0.295617	0.000010	LD_0.9_12_1853
VSL2207	0.999880	0.000010	0.000010	0.000015	0.000015	0.000010	0.000010	0.000010	0.000010	0.000010	0.000010	0.000010	LD_0.9_12_1853
VSL2209	0.999886	0.000010	0.000010	0.000010	0.000010	0.000010	0.000011	0.000010	0.000012	0.000010	0.000010	0.000010	LD_0.9_12_1853
VSL2210	0.000010	0.000010	0.000010	0.000010	0.000010	0.000010	0.000010	0.000010	0.000010	0.000010	0.999890	0.000010	LD_0.9_12_1853
VSL2212	0.000010	0.000010	0.000010	0.000010	0.000010	0.000010	0.000010	0.000010	0.000010	0.000010	0.999890	0.000010	LD_0.9_12_1853
VSL2213	0.000010	0.000010	0.000010	0.000010	0.000010	0.000010	0.000010	0.000010	0.000010	0.999890	0.000010	0.000010	LD_0.9_12_1853
VSL2215	0.000014	0.000010	0.000010	0.000010	0.000010	0.000010	0.000010	0.000010	0.000010	0.927711	0.072185	0.000010	LD_0.9_12_1853
VSL2216	0.000010	0.000010	0.000010	0.000010	0.000010	0.000010	0.000010	0.000010	0.000010	0.999890	0.000010	0.000010	LD_0.9_12_1853
VSL2217	0.000010	0.056713	0.000010	0.300517	0.000010	0.000010	0.000010	0.000010	0.000010	0.000010	0.000010	0.642680	LD_0.9_12_1853
VSL2219	0.000011	0.426353	0.000010	0.000010	0.000010	0.000010	0.000011	0.000010	0.000010	0.000010	0.573546	0.000010	LD_0.9_12_1853
VT847	0.000010	0.810057	0.000010	0.000010	0.000010	0.000010	0.000010	0.000010	0.000010	0.000010	0.189843	0.000010	LD_0.9_12_1853
VX34	0.000010	0.000010	0.157358	0.000010	0.027634	0.000010	0.183563	0.000010	0.000010	0.000010	0.000010	0.631365	LD_0.9_12_1853
XZ1204	0.000010	0.043617	0.000010	0.000010	0.000010	0.000010	0.000010	0.000010	0.000010	0.478266	0.478027	0.000010	LD_0.9_12_1853
XZ1205	0.000010	0.000010	0.000010	0.000010	0.000010	0.000010	0.000010	0.000010	0.000010	0.999890	0.000010	0.000010	LD_0.9_12_1853
XZ1206	0.000010	0.000010	0.000010	0.000010	0.000010	0.000010	0.000010	0.000010	0.000010	0.999890	0.000010	0.000010	LD_0.9_12_1853
XZ1207	0.000011	0.264487	0.000010	0.000010	0.000010	0.000010	0.000010	0.000010	0.000010	0.012021	0.723401	0.000010	LD_0.9_12_1853
XZ1210	0.000010	0.054486	0.000010	0.000010	0.000010	0.000010	0.000010	0.000010	0.000010	0.000014	0.945410	0.000010	LD_0.9_12_1853
XZ1212	0.000010	0.272406	0.000010	0.000010	0.000010	0.000010	0.000010	0.003729	0.000010	0.000010	0.723775	0.000010	LD_0.9_12_1853
XZ1213	0.000010	0.039133	0.000010	0.000010	0.000010	0.000010	0.000010	0.000010	0.000010	0.000010	0.960767	0.000010	LD_0.9_12_1853
XZ1731	0.000010	0.189739	0.000010	0.000016	0.000010	0.000010	0.000010	0.000010	0.000010	0.000020	0.810146	0.000010	LD_0.9_12_1853
XZ1732	0.000010	0.000010	0.000010	0.000010	0.000010	0.000010	0.000010	0.000010	0.000010	0.000010	0.999890	0.000010	LD_0.9_12_1853
ZZY0992	0.000010	0.005550	0.000010	0.336343	0.000010	0.000010	0.000010	0.000010	0.000010	0.000015	0.000010	0.658012	LD_0.9_12_1853
ZZY1034	0.000010	0.999890	0.000010	0.000010	0.000010	0.000010	0.000010	0.000010	0.000010	0.000010	0.000010	0.000010	LD_0.9_12_1853
ZZY1075	0.000010	0.999890	0.000010	0.000010	0.000010	0.000010	0.000010	0.000010	0.000010	0.000010	0.000010	0.000010	LD_0.9_12_1853
ZZY1123	0.000010	0.072995	0.000010	0.294726	0.000010	0.000010	0.000017	0.000010	0.000010	0.000010	0.000010	0.632182	LD_0.9_12_1853
ZZY1130	0.000010	0.999890	0.000010	0.000010	0.000010	0.000010	0.000010	0.000010	0.000010	0.000010	0.000010	0.000010	LD_0.9_12_1853
ZZY405	0.000010	0.999890	0.000010	0.000010	0.000010	0.000010	0.000010	0.000010	0.000010	0.000010	0.000010	0.000010	LD_0.9_12_1853
AF16	0.000010	0.000010	0.999890	0.000010	0.000010	0.000010	0.000010	0.000010	0.000010	0.000010	0.000010	0.000010	LD_0.9_12_1884
BRC20069	0.000010	0.000010	0.999890	0.000010	0.000010	0.000010	0.000010	0.000010	0.000010	0.000010	0.000010	0.000010	LD_0.9_12_1884
BRC20073	0.000010	0.000010	0.999890	0.000010	0.000010	0.000010	0.000010	0.000010	0.000010	0.000010	0.000010	0.000010	LD_0.9_12_1884
BRC20075	0.000010	0.000010	0.000010	0.000010	0.000010	0.000010	0.999890	0.000010	0.000010	0.000010	0.000010	0.000010	LD_0.9_12_1884
BRC20077	0.000010	0.000010	0.999890	0.000010	0.000010	0.000010	0.000010	0.000010	0.000010	0.000010	0.000010	0.000010	LD_0.9_12_1884
BRC20081	0.925706	0.000010	0.000010	0.000010	0.000010	0.000010	0.000010	0.000010	0.074194	0.000010	0.000010	0.000010	LD_0.9_12_1884
BRC20085	0.000010	0.000010	0.285563	0.000010	0.526394	0.102498	0.000010	0.000010	0.000010	0.000010	0.085466	0.000010	LD_0.9_12_1884
BRC20088	0.999890	0.000010	0.000010	0.000010	0.000010	0.000010	0.000010	0.000010	0.000010	0.000010	0.000010	0.000010	LD_0.9_12_1884
BRC20089	0.000010	0.000010	0.999890	0.000010	0.000010	0.000010	0.000010	0.000010	0.000010	0.000010	0.000010	0.000010	LD_0.9_12_1884
BRC20090	0.000010	0.000010	0.927365	0.000010	0.022990	0.040078	0.000010	0.000010	0.000010	0.000010	0.009487	0.000010	LD_0.9_12_1884
BRC20092	0.000010	0.000010	0.243356	0.000010	0.672496	0.000017	0.000010	0.000010	0.000010	0.000010	0.084051	0.000010	LD_0.9_12_1884
BRC20093	0.000010	0.000010	0.999890	0.000010	0.000010	0.000010	0.000010	0.000010	0.000010	0.000010	0.000010	0.000010	LD_0.9_12_1884
BRC20094	0.000010	0.000010	0.251966	0.000010	0.660540	0.040731	0.000010	0.000010	0.000010	0.000010	0.046683	0.000010	LD_0.9_12_1884
BRC20095	0.000010	0.000010	0.999890	0.000010	0.000010	0.000010	0.000010	0.000010	0.000010	0.000010	0.000010	0.000010	LD_0.9_12_1884
BRC20096	0.000010	0.000010	0.999890	0.000010	0.000010	0.000010	0.000010	0.000010	0.000010	0.000010	0.000010	0.000010	LD_0.9_12_1884
BRC20098	0.000010	0.000010	0.999890	0.000010	0.000010	0.000010	0.000010	0.000010	0.000010	0.000010	0.000010	0.000010	LD_0.9_12_1884
BRC20099	0.000010	0.000010	0.991672	0.000010	0.000010	0.000010	0.000010	0.000010	0.000010	0.000010	0.008228	0.000010	LD_0.9_12_1884
BRC20100	0.000010	0.000010	0.999888	0.000010	0.000010	0.000010	0.000010	0.000011	0.000010	0.000010	0.000010	0.000010	LD_0.9_12_1884
BRC20102	0.000010	0.000010	0.999890	0.000010	0.000010	0.000010	0.000010	0.000010	0.000010	0.000010	0.000010	0.000010	LD_0.9_12_1884
BRC20103	0.000010	0.000010	0.999890	0.000010	0.000010	0.000010	0.000010	0.000010	0.000010	0.000010	0.000010	0.000010	LD_0.9_12_1884
BRC20105	0.000010	0.000010	0.174728	0.000010	0.657074	0.105210	0.000010	0.000010	0.000010	0.000010	0.062907	0.000010	LD_0.9_12_1884
BRC20107	0.000010	0.000010	0.211546	0.000010	0.637050	0.100620	0.000010	0.000010	0.000010	0.000010	0.046331	0.004382	LD_0.9_12_1884
BRC20115	0.216902	0.000010	0.132780	0.000010	0.000010	0.000010	0.650229	0.000010	0.000010	0.000010	0.000010	0.000010	LD_0.9_12_1884
BRC20119	0.000010	0.000010	0.278110	0.000010	0.000010	0.721790	0.000010	0.000010	0.000010	0.000010	0.000010	0.000010	LD_0.9_12_1884
BRC20228	0.000010	0.000010	0.999890	0.000010	0.000010	0.000010	0.000010	0.000010	0.000010	0.000010	0.000010	0.000010	LD_0.9_12_1884
BRC20229	0.000010	0.000010	0.000010	0.000010	0.000010	0.000010	0.999884	0.000010	0.000010	0.000016	0.000010	0.000010	LD_0.9_12_1884
BRC20230	0.999890	0.000010	0.000010	0.000010	0.000010	0.000010	0.000010	0.000010	0.000010	0.000010	0.000010	0.000010	LD_0.9_12_1884
BRC20232	0.000010	0.000010	0.000010	0.000010	0.000010	0.000010	0.999890	0.000010	0.000010	0.000010	0.000010	0.000010	LD_0.9_12_1884
BRC20238	0.999890	0.000010	0.000010	0.000010	0.000010	0.000010	0.000010	0.000010	0.000010	0.000010	0.000010	0.000010	LD_0.9_12_1884
BRC20239	0.000010	0.000010	0.000010	0.000010	0.000010	0.000010	0.999882	0.000010	0.000010	0.000018	0.000010	0.000010	LD_0.9_12_1884
BRC20241	0.000010	0.000010	0.930228	0.000010	0.000010	0.069672	0.000010	0.000010	0.000010	0.000010	0.000010	0.000010	LD_0.9_12_1884
BRC20242	0.000010	0.000010	0.999890	0.000010	0.000010	0.000010	0.000010	0.000010	0.000010	0.000010	0.000010	0.000010	LD_0.9_12_1884
BRC20244	0.999890	0.000010	0.000010	0.000010	0.000010	0.000010	0.000010	0.000010	0.000010	0.000010	0.000010	0.000010	LD_0.9_12_1884
BRC20246	0.999890	0.000010	0.000010	0.000010	0.000010	0.000010	0.000010	0.000010	0.000010	0.000010	0.000010	0.000010	LD_0.9_12_1884
BRC20257	0.000010	0.000010	0.000010	0.000010	0.000010	0.999890	0.000010	0.000010	0.000010	0.000010	0.000010	0.000010	LD_0.9_12_1884
BRC20260	0.000010	0.000010	0.999890	0.000010	0.000010	0.000010	0.000010	0.000010	0.000010	0.000010	0.000010	0.000010	LD_0.9_12_1884
BRC20270	0.000011	0.000010	0.000010	0.000010	0.000010	0.000010	0.000010	0.000010	0.999889	0.000010	0.000010	0.000010	LD_0.9_12_1884
BRC20272	0.000010	0.000010	0.000010	0.000010	0.000010	0.000010	0.000010	0.000010	0.999890	0.000010	0.000010	0.000010	LD_0.9_12_1884
BRC20289	0.194768	0.000010	0.000010	0.000010	0.000010	0.000010	0.000010	0.000010	0.805132	0.000010	0.000010	0.000010	LD_0.9_12_1884
BRC20290	0.211830	0.000010	0.000010	0.000010	0.000010	0.000010	0.000010	0.000010	0.788070	0.000010	0.000010	0.000010	LD_0.9_12_1884
BRC20294	0.000010	0.000010	0.998933	0.000010	0.000012	0.000966	0.000010	0.000010	0.000010	0.000010	0.000010	0.000010	LD_0.9_12_1884
BRC20308	0.000010	0.000010	0.000010	0.000010	0.000010	0.000010	0.000010	0.000010	0.999890	0.000010	0.000010	0.000010	LD_0.9_12_1884
BRC20309	0.000010	0.000010	0.000010	0.000010	0.000010	0.000010	0.000010	0.000010	0.999890	0.000010	0.000010	0.000010	LD_0.9_12_1884
BRC20311	0.000010	0.000010	0.000010	0.000010	0.000010	0.000010	0.000010	0.000010	0.999890	0.000010	0.000010	0.000010	LD_0.9_12_1884
BRC20312	0.000011	0.000010	0.000010	0.000010	0.000010	0.000010	0.000010	0.000010	0.999889	0.000010	0.000010	0.000010	LD_0.9_12_1884
BRC20315	0.000010	0.000010	0.000010	0.000010	0.000010	0.000010	0.000010	0.000010	0.999890	0.000010	0.000010	0.000010	LD_0.9_12_1884
BRC20320	0.000014	0.000010	0.000010	0.000010	0.000010	0.000010	0.000010	0.000010	0.999886	0.000010	0.000010	0.000010	LD_0.9_12_1884
BRC20324	0.000010	0.000010	0.389662	0.000010	0.000010	0.000010	0.610238	0.000010	0.000010	0.000010	0.000010	0.000010	LD_0.9_12_1884
BRC20331	0.000010	0.000010	0.000010	0.000010	0.000010	0.000010	0.000010	0.000010	0.999890	0.000010	0.000010	0.000010	LD_0.9_12_1884
BRC20333	0.462289	0.000010	0.000010	0.000010	0.000010	0.000010	0.000010	0.000010	0.537611	0.000010	0.000010	0.000010	LD_0.9_12_1884
BRC20334	0.000013	0.000010	0.000010	0.000010	0.000010	0.000010	0.000010	0.000010	0.999887	0.000010	0.000010	0.000010	LD_0.9_12_1884
BRC20339	0.000014	0.000010	0.000010	0.000010	0.000010	0.000010	0.000010	0.000010	0.999886	0.000010	0.000010	0.000010	LD_0.9_12_1884
BRC20341	0.882952	0.000010	0.000010	0.000010	0.000010	0.000010	0.000010	0.000010	0.116948	0.000010	0.000010	0.000010	LD_0.9_12_1884
BRC20343	0.000010	0.000010	0.000010	0.000010	0.000010	0.000010	0.999890	0.000010	0.000010	0.000010	0.000010	0.000010	LD_0.9_12_1884
BRC20346	0.083311	0.000010	0.000010	0.000010	0.000010	0.000010	0.000010	0.000010	0.916589	0.000010	0.000010	0.000010	LD_0.9_12_1884
BRC20347	0.000010	0.000010	0.000010	0.000015	0.000010	0.000010	0.999882	0.000010	0.000010	0.000013	0.000010	0.000010	LD_0.9_12_1884
BRC20348	0.705301	0.000010	0.000010	0.000010	0.000010	0.000010	0.000010	0.000010	0.294599	0.000010	0.000010	0.000010	LD_0.9_12_1884
BRC20353	0.000010	0.000010	0.000013	0.000010	0.999887	0.000010	0.000010	0.000010	0.000010	0.000010	0.000010	0.000010	LD_0.9_12_1884
BRC20360	0.000010	0.000010	0.000013	0.000010	0.999887	0.000010	0.000010	0.000010	0.000010	0.000010	0.000010	0.000010	LD_0.9_12_1884
BRC20361	0.000010	0.000010	0.000010	0.000010	0.999890	0.000010	0.000010	0.000010	0.000010	0.000010	0.000010	0.000010	LD_0.9_12_1884
BRC20362	0.000010	0.000010	0.000010	0.000010	0.999890	0.000010	0.000010	0.000010	0.000010	0.000010	0.000010	0.000010	LD_0.9_12_1884
BRC20366	0.000010	0.000010	0.000010	0.000010	0.000010	0.000010	0.000010	0.000010	0.999889	0.000010	0.000010	0.000010	LD_0.9_12_1884
BRC20367	0.901650	0.000010	0.000010	0.000010	0.000010	0.000010	0.000010	0.000010	0.098249	0.000010	0.000011	0.000010	LD_0.9_12_1884
BRC20369	0.000010	0.000010	0.999890	0.000010	0.000010	0.000010	0.000010	0.000010	0.000010	0.000010	0.000010	0.000010	LD_0.9_12_1884
BRC20370	0.000010	0.000010	0.000010	0.000010	0.000010	0.000010	0.000010	0.000010	0.999890	0.000010	0.000010	0.000010	LD_0.9_12_1884
BRC20388	0.000010	0.000010	0.000010	0.000010	0.000010	0.000010	0.000010	0.000010	0.000010	0.999890	0.000010	0.000010	LD_0.9_12_1884
BRC20390	0.999890	0.000010	0.000010	0.000010	0.000010	0.000010	0.000010	0.000010	0.000010	0.000010	0.000010	0.000010	LD_0.9_12_1884
BRC20401	0.000010	0.000010	0.999890	0.000010	0.000010	0.000010	0.000010	0.000010	0.000010	0.000010	0.000010	0.000010	LD_0.9_12_1884
BRC20463	0.523044	0.000010	0.000010	0.000010	0.000010	0.000010	0.000010	0.000010	0.476856	0.000010	0.000010	0.000010	LD_0.9_12_1884
BRC20492	0.226434	0.000010	0.130465	0.000010	0.000010	0.000010	0.643011	0.000010	0.000010	0.000010	0.000010	0.000010	LD_0.9_12_1884
BRC20499	0.366702	0.000010	0.000010	0.000010	0.000010	0.000010	0.000010	0.000010	0.633198	0.000010	0.000010	0.000010	LD_0.9_12_1884
BRC20501	0.055995	0.000010	0.000010	0.000010	0.000010	0.000010	0.000010	0.000010	0.943905	0.000010	0.000010	0.000010	LD_0.9_12_1884
BRC20502	0.186704	0.000010	0.141440	0.000010	0.000010	0.000010	0.094528	0.000010	0.000010	0.577248	0.000010	0.000010	LD_0.9_12_1884
BRC20503	0.187032	0.000010	0.141711	0.000010	0.000010	0.000010	0.094228	0.000010	0.000010	0.576949	0.000010	0.000010	LD_0.9_12_1884
BRC20519	0.217553	0.000010	0.137471	0.000010	0.000010	0.000010	0.644885	0.000010	0.000010	0.000010	0.000010	0.000010	LD_0.9_12_1884
BRC20520	0.223235	0.000010	0.133532	0.000010	0.000010	0.000010	0.643143	0.000010	0.000010	0.000010	0.000010	0.000010	LD_0.9_12_1884
BRC20522	0.000010	0.000010	0.000010	0.000010	0.000010	0.000010	0.999890	0.000010	0.000010	0.000010	0.000010	0.000010	LD_0.9_12_1884
BRC20524	0.000010	0.000010	0.000010	0.000010	0.000010	0.000010	0.999890	0.000010	0.000010	0.000010	0.000010	0.000010	LD_0.9_12_1884
BRC20529	0.999885	0.000010	0.000012	0.000010	0.000010	0.000011	0.000012	0.000010	0.000010	0.000010	0.000010	0.000010	LD_0.9_12_1884
BRC20530	0.000010	0.000010	0.000010	0.000010	0.000010	0.000010	0.999887	0.000010	0.000010	0.000013	0.000010	0.000010	LD_0.9_12_1884
BRC20531	0.000010	0.000010	0.000010	0.000010	0.000010	0.000010	0.999890	0.000010	0.000010	0.000010	0.000010	0.000010	LD_0.9_12_1884
BRC20532	0.999890	0.000010	0.000010	0.000010	0.000010	0.000010	0.000010	0.000010	0.000010	0.000010	0.000010	0.000010	LD_0.9_12_1884
BRC20533	0.092181	0.000010	0.000010	0.000010	0.000010	0.000010	0.000010	0.000010	0.907719	0.000010	0.000010	0.000010	LD_0.9_12_1884
BRC20534	0.042415	0.000010	0.000010	0.000010	0.000010	0.000010	0.000010	0.000010	0.957485	0.000010	0.000010	0.000010	LD_0.9_12_1884
BRC20535	0.000010	0.000010	0.000010	0.000010	0.000010	0.000010	0.000010	0.000010	0.999890	0.000010	0.000010	0.000010	LD_0.9_12_1884
BRC20536	0.000010	0.000010	0.000010	0.000010	0.000010	0.000010	0.000010	0.000010	0.999890	0.000010	0.000010	0.000010	LD_0.9_12_1884
BRC20537	0.999890	0.000010	0.000010	0.000010	0.000010	0.000010	0.000010	0.000010	0.000010	0.000010	0.000010	0.000010	LD_0.9_12_1884
BRC20541	0.207383	0.000010	0.145739	0.000010	0.000010	0.000010	0.639749	0.000010	0.000010	0.007048	0.000010	0.000010	LD_0.9_12_1884
BRC20543	0.999890	0.000010	0.000010	0.000010	0.000010	0.000010	0.000010	0.000010	0.000010	0.000010	0.000010	0.000010	LD_0.9_12_1884
BRC20544	0.030707	0.000010	0.000010	0.000010	0.000010	0.000010	0.000010	0.000010	0.969193	0.000010	0.000010	0.000010	LD_0.9_12_1884
BRC20545	0.209967	0.000010	0.000010	0.000010	0.000010	0.000010	0.000010	0.000010	0.789933	0.000010	0.000010	0.000010	LD_0.9_12_1884
BRC20556	0.000010	0.000010	0.999890	0.000010	0.000010	0.000010	0.000010	0.000010	0.000010	0.000010	0.000010	0.000010	LD_0.9_12_1884
BRC20557	0.999889	0.000010	0.000010	0.000010	0.000010	0.000010	0.000011	0.000010	0.000010	0.000010	0.000010	0.000010	LD_0.9_12_1884
BRC20565	0.000010	0.000010	0.999890	0.000010	0.000010	0.000010	0.000010	0.000010	0.000010	0.000010	0.000010	0.000010	LD_0.9_12_1884
BRC20571	0.000010	0.000010	0.924185	0.000010	0.041870	0.033855	0.000010	0.000010	0.000010	0.000010	0.000010	0.000010	LD_0.9_12_1884
BRC20574	0.000010	0.000010	0.999890	0.000010	0.000010	0.000010	0.000010	0.000010	0.000010	0.000010	0.000010	0.000010	LD_0.9_12_1884
BW287	0.000010	0.000010	0.000010	0.000010	0.000010	0.000010	0.000010	0.000010	0.000010	0.999890	0.000010	0.000010	LD_0.9_12_1884
DF5100	0.000010	0.000010	0.898567	0.000010	0.000010	0.000010	0.000010	0.000010	0.000010	0.000010	0.000010	0.101333	LD_0.9_12_1884
ECA1129	0.000010	0.000010	0.999890	0.000010	0.000010	0.000010	0.000010	0.000010	0.000010	0.000010	0.000010	0.000010	LD_0.9_12_1884
ECA1143	0.000010	0.000010	0.756939	0.000010	0.000010	0.000010	0.000010	0.000010	0.000010	0.000010	0.001546	0.241425	LD_0.9_12_1884
ECA1147	0.000010	0.000010	0.999890	0.000010	0.000010	0.000010	0.000010	0.000010	0.000010	0.000010	0.000010	0.000010	LD_0.9_12_1884
ECA1149	0.025843	0.000010	0.956979	0.000010	0.000010	0.000010	0.000010	0.000010	0.017088	0.000010	0.000010	0.000010	LD_0.9_12_1884
ECA1160	0.000010	0.000010	0.999890	0.000010	0.000010	0.000010	0.000010	0.000010	0.000010	0.000010	0.000010	0.000010	LD_0.9_12_1884
ECA1164	0.000010	0.000010	0.999890	0.000010	0.000010	0.000010	0.000010	0.000010	0.000010	0.000010	0.000010	0.000010	LD_0.9_12_1884
ECA1170	0.999890	0.000010	0.000010	0.000010	0.000010	0.000010	0.000010	0.000010	0.000010	0.000010	0.000010	0.000010	LD_0.9_12_1884
ECA1174	0.000010	0.000010	0.999890	0.000010	0.000010	0.000010	0.000010	0.000010	0.000010	0.000010	0.000010	0.000010	LD_0.9_12_1884
ECA1383	0.999890	0.000010	0.000010	0.000010	0.000010	0.000010	0.000010	0.000010	0.000010	0.000010	0.000010	0.000010	LD_0.9_12_1884
ECA1411	0.000010	0.000010	0.999890	0.000010	0.000010	0.000010	0.000010	0.000010	0.000010	0.000010	0.000010	0.000010	LD_0.9_12_1884
ECA1423	0.000010	0.000010	0.973834	0.000010	0.000010	0.000010	0.000010	0.000010	0.000010	0.000010	0.000010	0.026066	LD_0.9_12_1884
ECA1429	0.000010	0.000010	0.999890	0.000010	0.000010	0.000010	0.000010	0.000010	0.000010	0.000010	0.000010	0.000010	LD_0.9_12_1884
ECA1431	0.000010	0.000010	0.999888	0.000010	0.000012	0.000010	0.000010	0.000010	0.000010	0.000010	0.000010	0.000010	LD_0.9_12_1884
ECA1437	0.000010	0.000010	0.999890	0.000010	0.000010	0.000010	0.000010	0.000010	0.000010	0.000010	0.000010	0.000010	LD_0.9_12_1884
ECA1439	0.000010	0.000010	0.874297	0.000010	0.000010	0.000010	0.000010	0.000010	0.000010	0.000010	0.000010	0.125603	LD_0.9_12_1884
ECA1443	0.946198	0.000010	0.053702	0.000010	0.000010	0.000010	0.000010	0.000010	0.000010	0.000010	0.000010	0.000010	LD_0.9_12_1884
ECA1471	0.000010	0.000010	0.999890	0.000010	0.000010	0.000010	0.000010	0.000010	0.000010	0.000010	0.000010	0.000010	LD_0.9_12_1884
ECA1489	0.000010	0.000010	0.620474	0.000010	0.000010	0.000010	0.000010	0.025948	0.000010	0.000010	0.000010	0.353489	LD_0.9_12_1884
ECA1507	0.000010	0.000010	0.999890	0.000010	0.000010	0.000010	0.000010	0.000010	0.000010	0.000010	0.000010	0.000010	LD_0.9_12_1884
ECA1509	0.000010	0.000010	0.999890	0.000010	0.000010	0.000010	0.000010	0.000010	0.000010	0.000010	0.000010	0.000010	LD_0.9_12_1884
ECA1517	0.000010	0.000010	0.946555	0.000010	0.000010	0.000010	0.000010	0.000010	0.000010	0.000010	0.003935	0.049420	LD_0.9_12_1884
ECA1521	0.000010	0.000010	0.999890	0.000010	0.000010	0.000010	0.000010	0.000010	0.000010	0.000010	0.000010	0.000010	LD_0.9_12_1884
ECA1555	0.000010	0.000010	0.999890	0.000010	0.000010	0.000010	0.000010	0.000010	0.000010	0.000010	0.000010	0.000010	LD_0.9_12_1884
ECA1559	0.999890	0.000010	0.000010	0.000010	0.000010	0.000010	0.000010	0.000010	0.000010	0.000010	0.000010	0.000010	LD_0.9_12_1884
ECA1563	0.000010	0.000010	0.999890	0.000010	0.000010	0.000010	0.000010	0.000010	0.000010	0.000010	0.000010	0.000010	LD_0.9_12_1884
ECA1571	0.000010	0.000010	0.630055	0.000010	0.000010	0.000010	0.000010	0.000010	0.000010	0.000010	0.000010	0.369845	LD_0.9_12_1884
ECA1587	0.000010	0.000010	0.999890	0.000010	0.000010	0.000010	0.000010	0.000010	0.000010	0.000010	0.000010	0.000010	LD_0.9_12_1884
ECA1605	0.889606	0.000010	0.000010	0.000010	0.000010	0.000010	0.000010	0.007904	0.000010	0.000010	0.000010	0.102400	LD_0.9_12_1884
ECA1609	0.000010	0.000010	0.999890	0.000010	0.000010	0.000010	0.000010	0.000010	0.000010	0.000010	0.000010	0.000010	LD_0.9_12_1884
ECA161	0.000010	0.000010	0.999890	0.000010	0.000010	0.000010	0.000010	0.000010	0.000010	0.000010	0.000010	0.000010	LD_0.9_12_1884
ECA1611	0.000010	0.000010	0.999890	0.000010	0.000010	0.000010	0.000010	0.000010	0.000010	0.000010	0.000010	0.000010	LD_0.9_12_1884
ECA1615	0.000010	0.000010	0.999890	0.000010	0.000010	0.000010	0.000010	0.000010	0.000010	0.000010	0.000010	0.000010	LD_0.9_12_1884
ECA162	0.000010	0.000010	0.999885	0.000010	0.000011	0.000010	0.000010	0.000010	0.000010	0.000010	0.000014	0.000010	LD_0.9_12_1884
ECA1621	0.000010	0.000010	0.999890	0.000010	0.000010	0.000010	0.000010	0.000010	0.000010	0.000010	0.000010	0.000010	LD_0.9_12_1884
ECA163	0.130637	0.000010	0.144993	0.348006	0.000010	0.000010	0.064674	0.000010	0.000010	0.195473	0.000010	0.116157	LD_0.9_12_1884
ECA1637	0.000010	0.000010	0.999890	0.000010	0.000010	0.000010	0.000010	0.000010	0.000010	0.000010	0.000010	0.000010	LD_0.9_12_1884
ECA1657	0.000010	0.000010	0.999884	0.000010	0.000010	0.000016	0.000010	0.000010	0.000010	0.000010	0.000010	0.000010	LD_0.9_12_1884
ECA1701	0.000010	0.000010	0.977809	0.000010	0.015474	0.000010	0.000010	0.006109	0.000010	0.000010	0.000528	0.000010	LD_0.9_12_1884
ECA175	0.000010	0.000010	0.999890	0.000010	0.000010	0.000010	0.000010	0.000010	0.000010	0.000010	0.000010	0.000010	LD_0.9_12_1884
ECA176	0.000010	0.000010	0.982336	0.000010	0.000010	0.000010	0.000010	0.000010	0.000010	0.000010	0.017564	0.000010	LD_0.9_12_1884
ECA177	0.000010	0.000010	0.999890	0.000010	0.000010	0.000010	0.000010	0.000010	0.000010	0.000010	0.000010	0.000010	LD_0.9_12_1884
ECA180	0.000010	0.000010	0.999890	0.000010	0.000010	0.000010	0.000010	0.000010	0.000010	0.000010	0.000010	0.000010	LD_0.9_12_1884
ECA182	0.000010	0.000010	0.999890	0.000010	0.000010	0.000010	0.000010	0.000010	0.000010	0.000010	0.000010	0.000010	LD_0.9_12_1884
ECA183	0.000010	0.000010	0.999890	0.000010	0.000010	0.000010	0.000010	0.000010	0.000010	0.000010	0.000010	0.000010	LD_0.9_12_1884
ECA185	0.000010	0.000010	0.960481	0.000010	0.000010	0.000010	0.000010	0.000010	0.000010	0.000010	0.000010	0.039419	LD_0.9_12_1884
ECA186	0.000010	0.000010	0.958404	0.000010	0.000010	0.000010	0.000010	0.000010	0.000010	0.000010	0.000010	0.041496	LD_0.9_12_1884
ECA2083	0.000010	0.000010	0.999890	0.000010	0.000010	0.000010	0.000010	0.000010	0.000010	0.000010	0.000010	0.000010	LD_0.9_12_1884
ECA2093	0.000011	0.000010	0.999877	0.000010	0.000017	0.000010	0.000014	0.000010	0.000010	0.000010	0.000010	0.000010	LD_0.9_12_1884
ECA2115	0.000010	0.000010	0.999890	0.000010	0.000010	0.000010	0.000010	0.000010	0.000010	0.000010	0.000010	0.000010	LD_0.9_12_1884
ECA2299	0.000010	0.000010	0.000010	0.000010	0.000010	0.000010	0.000010	0.000010	0.999890	0.000010	0.000010	0.000010	LD_0.9_12_1884
ECA2373	0.000010	0.000010	0.952095	0.000010	0.002134	0.000010	0.000010	0.000010	0.000010	0.000010	0.045681	0.000010	LD_0.9_12_1884
ECA2385	0.999890	0.000010	0.000010	0.000010	0.000010	0.000010	0.000010	0.000010	0.000010	0.000010	0.000010	0.000010	LD_0.9_12_1884
ECA2425	0.000010	0.000010	0.999890	0.000010	0.000010	0.000010	0.000010	0.000010	0.000010	0.000010	0.000010	0.000010	LD_0.9_12_1884
ECA2617	0.000010	0.999890	0.000010	0.000010	0.000010	0.000010	0.000010	0.000010	0.000010	0.000010	0.000010	0.000010	LD_0.9_12_1884
ECA2618	0.000010	0.999884	0.000010	0.000016	0.000010	0.000010	0.000010	0.000010	0.000010	0.000010	0.000010	0.000010	LD_0.9_12_1884
ECA2621	0.000010	0.999890	0.000010	0.000010	0.000010	0.000010	0.000010	0.000010	0.000010	0.000010	0.000010	0.000010	LD_0.9_12_1884
ECA2623	0.000010	0.000010	0.322011	0.000010	0.000010	0.000010	0.000010	0.000010	0.000010	0.000010	0.000010	0.677889	LD_0.9_12_1884
ECA2625	0.000010	0.000010	0.999886	0.000010	0.000010	0.000014	0.000010	0.000010	0.000010	0.000010	0.000010	0.000010	LD_0.9_12_1884
ECA2626	0.000010	0.000010	0.999890	0.000010	0.000010	0.000010	0.000010	0.000010	0.000010	0.000010	0.000010	0.000010	LD_0.9_12_1884
ECA2636	0.000010	0.000010	0.999890	0.000010	0.000010	0.000010	0.000010	0.000010	0.000010	0.000010	0.000010	0.000010	LD_0.9_12_1884
ECA2637	0.000010	0.000010	0.999890	0.000010	0.000010	0.000010	0.000010	0.000010	0.000010	0.000010	0.000010	0.000010	LD_0.9_12_1884
ECA2639	0.000010	0.999888	0.000010	0.000012	0.000010	0.000010	0.000010	0.000010	0.000010	0.000010	0.000010	0.000010	LD_0.9_12_1884
ECA2645	0.000010	0.000010	0.999890	0.000010	0.000010	0.000010	0.000010	0.000010	0.000010	0.000010	0.000010	0.000010	LD_0.9_12_1884
ECA2647	0.000010	0.999890	0.000010	0.000010	0.000010	0.000010	0.000010	0.000010	0.000010	0.000010	0.000010	0.000010	LD_0.9_12_1884
ECA2663	0.000010	0.000010	0.999890	0.000010	0.000010	0.000010	0.000010	0.000010	0.000010	0.000010	0.000010	0.000010	LD_0.9_12_1884
ECA2664	0.000010	0.000010	0.288187	0.000010	0.000010	0.000010	0.000010	0.000010	0.000010	0.000010	0.000010	0.711713	LD_0.9_12_1884
ECA2666	0.000010	0.999890	0.000010	0.000010	0.000010	0.000010	0.000010	0.000010	0.000010	0.000010	0.000010	0.000010	LD_0.9_12_1884
ECA2667	0.000010	0.000010	0.999890	0.000010	0.000010	0.000010	0.000010	0.000010	0.000010	0.000010	0.000010	0.000010	LD_0.9_12_1884
ECA2670	0.000014	0.999884	0.000010	0.000011	0.000010	0.000010	0.000010	0.000010	0.000010	0.000010	0.000010	0.000010	LD_0.9_12_1884
ECA276	0.131865	0.000010	0.146690	0.347087	0.000010	0.000010	0.065050	0.000010	0.000010	0.193444	0.000010	0.115804	LD_0.9_12_1884
ECA278	0.000010	0.000010	0.000010	0.000010	0.000010	0.000010	0.000010	0.000010	0.000010	0.999890	0.000010	0.000010	LD_0.9_12_1884
ECA2808	0.000010	0.000010	0.970070	0.000010	0.000010	0.000010	0.000010	0.000010	0.000010	0.000010	0.000010	0.029830	LD_0.9_12_1884
ECA287	0.999890	0.000010	0.000010	0.000010	0.000010	0.000010	0.000010	0.000010	0.000010	0.000010	0.000010	0.000010	LD_0.9_12_1884
ECA288	0.109595	0.000010	0.460109	0.000010	0.000010	0.000010	0.000010	0.000010	0.000010	0.000010	0.000010	0.430206	LD_0.9_12_1884
ECA2883	0.000010	0.000010	0.999890	0.000010	0.000010	0.000010	0.000010	0.000010	0.000010	0.000010	0.000010	0.000010	LD_0.9_12_1884
ECA2890	0.000010	0.000010	0.999890	0.000010	0.000010	0.000010	0.000010	0.000010	0.000010	0.000010	0.000010	0.000010	LD_0.9_12_1884
ECA2894	0.000010	0.000010	0.927710	0.000010	0.000010	0.000010	0.000010	0.000010	0.000010	0.000010	0.000010	0.072190	LD_0.9_12_1884
ECA2936	0.999890	0.000010	0.000010	0.000010	0.000010	0.000010	0.000010	0.000010	0.000010	0.000010	0.000010	0.000010	LD_0.9_12_1884
ECA2975	0.000010	0.000010	0.999888	0.000010	0.000010	0.000010	0.000010	0.000010	0.000010	0.000010	0.000012	0.000010	LD_0.9_12_1884
ECA3091	0.000010	0.000010	0.999890	0.000010	0.000010	0.000010	0.000010	0.000010	0.000010	0.000010	0.000010	0.000010	LD_0.9_12_1884
ECA343	0.000010	0.000010	0.999890	0.000010	0.000010	0.000010	0.000010	0.000010	0.000010	0.000010	0.000010	0.000010	LD_0.9_12_1884
ECA346	0.000010	0.000010	0.956507	0.000010	0.000010	0.000010	0.000010	0.000010	0.000010	0.000010	0.000010	0.043393	LD_0.9_12_1884
ECA3502	0.999890	0.000010	0.000010	0.000010	0.000010	0.000010	0.000010	0.000010	0.000010	0.000010	0.000010	0.000010	LD_0.9_12_1884
ECA3503	0.000010	0.000010	0.999890	0.000010	0.000010	0.000010	0.000010	0.000010	0.000010	0.000010	0.000010	0.000010	LD_0.9_12_1884
ECA3509	0.000010	0.000010	0.999890	0.000010	0.000010	0.000010	0.000010	0.000010	0.000010	0.000010	0.000010	0.000010	LD_0.9_12_1884
ECA3708	0.000010	0.000010	0.999886	0.000010	0.000010	0.000014	0.000010	0.000010	0.000010	0.000010	0.000010	0.000010	LD_0.9_12_1884
ECA371	0.000010	0.000010	0.981436	0.000010	0.000010	0.000010	0.000010	0.000010	0.000010	0.000010	0.018464	0.000010	LD_0.9_12_1884
ECA3712	0.000010	0.000010	0.999885	0.000010	0.000010	0.000015	0.000010	0.000010	0.000010	0.000010	0.000010	0.000010	LD_0.9_12_1884
ECA3713	0.000010	0.000010	0.999890	0.000010	0.000010	0.000010	0.000010	0.000010	0.000010	0.000010	0.000010	0.000010	LD_0.9_12_1884
ECA3899	0.000010	0.000010	0.999890	0.000010	0.000010	0.000010	0.000010	0.000010	0.000010	0.000010	0.000010	0.000010	LD_0.9_12_1884
ECA4382	0.000010	0.000010	0.999890	0.000010	0.000010	0.000010	0.000010	0.000010	0.000010	0.000010	0.000010	0.000010	LD_0.9_12_1884
ECA4390	0.000010	0.000010	0.227855	0.000010	0.000010	0.000010	0.000010	0.000010	0.000010	0.000010	0.000010	0.772045	LD_0.9_12_1884
ECA4394	0.000010	0.000010	0.999890	0.000010	0.000010	0.000010	0.000010	0.000010	0.000010	0.000010	0.000010	0.000010	LD_0.9_12_1884
ECA4402	0.000010	0.000010	0.999880	0.000010	0.000010	0.000020	0.000010	0.000010	0.000010	0.000010	0.000010	0.000010	LD_0.9_12_1884
ECA569	0.000010	0.000010	0.000010	0.000010	0.000010	0.000010	0.000010	0.000010	0.000010	0.999890	0.000010	0.000010	LD_0.9_12_1884
ED3032	0.000010	0.000010	0.999890	0.000010	0.000010	0.000010	0.000010	0.000010	0.000010	0.000010	0.000010	0.000010	LD_0.9_12_1884
ED3037	0.000010	0.000010	0.999890	0.000010	0.000010	0.000010	0.000010	0.000010	0.000010	0.000010	0.000010	0.000010	LD_0.9_12_1884
ED3088	0.000010	0.000010	0.999890	0.000010	0.000010	0.000010	0.000010	0.000010	0.000010	0.000010	0.000010	0.000010	LD_0.9_12_1884
ED3102	0.148677	0.000010	0.243955	0.362191	0.000010	0.000010	0.069681	0.000010	0.000010	0.175426	0.000010	0.000010	LD_0.9_12_1884
EG4360	0.000010	0.000010	0.000010	0.000010	0.000010	0.000010	0.000010	0.000010	0.000010	0.999890	0.000010	0.000010	LD_0.9_12_1884
EG5612	0.000010	0.000011	0.000010	0.000010	0.999886	0.000013	0.000010	0.000010	0.000010	0.000010	0.000010	0.000010	LD_0.9_12_1884
EG5613	0.000010	0.000010	0.786324	0.000010	0.026809	0.109838	0.000010	0.000010	0.000010	0.000010	0.000010	0.076949	LD_0.9_12_1884
EG6179	0.000010	0.000010	0.766677	0.000010	0.165818	0.000010	0.000010	0.000010	0.000010	0.000010	0.000010	0.067416	LD_0.9_12_1884
EG6260	0.000010	0.000010	0.230455	0.000010	0.000010	0.000010	0.000010	0.000010	0.000010	0.000010	0.000010	0.769445	LD_0.9_12_1884
EG6261	0.000010	0.000010	0.754293	0.000010	0.000010	0.000010	0.000010	0.000010	0.000010	0.000010	0.000010	0.245607	LD_0.9_12_1884
EG6265	0.999883	0.000010	0.000010	0.000010	0.000010	0.000010	0.000010	0.000010	0.000017	0.000010	0.000010	0.000010	LD_0.9_12_1884
EG6267	0.000010	0.000010	0.781773	0.000010	0.000010	0.000010	0.000010	0.000048	0.000010	0.000010	0.000010	0.218089	LD_0.9_12_1884
EG6271	0.000010	0.000010	0.179922	0.000010	0.000010	0.000010	0.000010	0.000010	0.000010	0.000010	0.000010	0.819978	LD_0.9_12_1884
EG6272	0.000010	0.000010	0.522401	0.000010	0.000010	0.000010	0.000010	0.000010	0.000010	0.000010	0.000010	0.477499	LD_0.9_12_1884
EG6274	0.000010	0.000010	0.974429	0.000010	0.000010	0.000010	0.000010	0.000010	0.000010	0.000010	0.000010	0.025471	LD_0.9_12_1884
EG6275	0.000010	0.000010	0.979515	0.000010	0.000010	0.000010	0.000010	0.000010	0.000010	0.000010	0.000010	0.020385	LD_0.9_12_1884
EG6276	0.000010	0.000010	0.982270	0.000010	0.000010	0.000010	0.000010	0.000010	0.000010	0.000010	0.000010	0.017630	LD_0.9_12_1884
EG6329	0.000010	0.000010	0.105401	0.000010	0.000010	0.000010	0.000010	0.000010	0.000010	0.000010	0.000010	0.894499	LD_0.9_12_1884
GUN124	0.000010	0.000010	0.000010	0.000010	0.000010	0.000010	0.000010	0.000010	0.000010	0.999890	0.000010	0.000010	LD_0.9_12_1884
GXW22	0.000010	0.000010	0.999884	0.000010	0.000010	0.000016	0.000010	0.000010	0.000010	0.000010	0.000010	0.000010	LD_0.9_12_1884
GXW23	0.000010	0.000010	0.191323	0.000010	0.808577	0.000010	0.000010	0.000010	0.000010	0.000010	0.000010	0.000010	LD_0.9_12_1884
HK104	0.000010	0.000010	0.000010	0.000010	0.000010	0.000010	0.000010	0.000010	0.000010	0.999890	0.000010	0.000010	LD_0.9_12_1884
HPT11	0.223842	0.000010	0.250814	0.371697	0.000010	0.000010	0.071719	0.000010	0.000010	0.081859	0.000010	0.000010	LD_0.9_12_1884
HPT16	0.000010	0.000010	0.543992	0.000010	0.334950	0.000010	0.000010	0.000010	0.000010	0.000010	0.000010	0.120968	LD_0.9_12_1884
HPT18	0.224743	0.000010	0.253034	0.364641	0.000010	0.000010	0.076651	0.000010	0.000010	0.080861	0.000010	0.000010	LD_0.9_12_1884
HPT19	0.000010	0.000010	0.572127	0.000010	0.344727	0.000013	0.000010	0.000010	0.000010	0.000013	0.000010	0.083050	LD_0.9_12_1884
HPT2	0.000010	0.000010	0.485978	0.000010	0.404896	0.000010	0.000010	0.000010	0.000010	0.000010	0.000010	0.109035	LD_0.9_12_1884
HPT21	0.000010	0.000010	0.999875	0.000010	0.000010	0.000010	0.000010	0.000010	0.000010	0.000010	0.000010	0.000025	LD_0.9_12_1884
HPT24	0.222853	0.000010	0.253869	0.369197	0.000010	0.000010	0.073258	0.000010	0.000010	0.080754	0.000010	0.000010	LD_0.9_12_1884
HPT34	0.000010	0.000010	0.519791	0.000010	0.364658	0.000010	0.000010	0.000010	0.000010	0.000010	0.000010	0.115461	LD_0.9_12_1884
HPT37	0.000010	0.000010	0.590831	0.000010	0.318612	0.000010	0.000010	0.024580	0.000010	0.000010	0.010338	0.055570	LD_0.9_12_1884
HPT4	0.000010	0.000010	0.507443	0.000010	0.368056	0.000010	0.000010	0.000010	0.000010	0.000010	0.000010	0.124412	LD_0.9_12_1884
HPT42	0.000010	0.000010	0.588806	0.000010	0.316197	0.000010	0.000010	0.000010	0.000010	0.000010	0.000010	0.094907	LD_0.9_12_1884
HPT52	0.000010	0.000010	0.567138	0.000010	0.000010	0.432759	0.000010	0.000013	0.000010	0.000010	0.000010	0.000010	LD_0.9_12_1884
HPT53	0.000010	0.000010	0.999890	0.000010	0.000010	0.000010	0.000010	0.000010	0.000010	0.000010	0.000010	0.000010	LD_0.9_12_1884
HPT54	0.000010	0.000010	0.999890	0.000010	0.000010	0.000010	0.000010	0.000010	0.000010	0.000010	0.000010	0.000010	LD_0.9_12_1884
HPT55	0.000010	0.000010	0.999890	0.000010	0.000010	0.000010	0.000010	0.000010	0.000010	0.000010	0.000010	0.000010	LD_0.9_12_1884
HPT59	0.000010	0.000010	0.999890	0.000010	0.000010	0.000010	0.000010	0.000010	0.000010	0.000010	0.000010	0.000010	LD_0.9_12_1884
HPT60	0.000010	0.000010	0.999890	0.000010	0.000010	0.000010	0.000010	0.000010	0.000010	0.000010	0.000010	0.000010	LD_0.9_12_1884
HPT62	0.000010	0.000010	0.000010	0.000010	0.000010	0.999890	0.000010	0.000010	0.000010	0.000010	0.000010	0.000010	LD_0.9_12_1884
HPT63	0.000016	0.000014	0.976631	0.000010	0.023249	0.000019	0.000011	0.000010	0.000010	0.000010	0.000010	0.000010	LD_0.9_12_1884
HPT7	0.000010	0.000010	0.483681	0.000010	0.361197	0.000010	0.000010	0.000010	0.000010	0.000010	0.000010	0.155033	LD_0.9_12_1884
HPT8	0.000010	0.000010	0.520900	0.000010	0.364868	0.000010	0.000010	0.000010	0.000010	0.000010	0.000010	0.114143	LD_0.9_12_1884
HPT9	0.000010	0.000010	0.113721	0.000010	0.886177	0.000010	0.000010	0.000012	0.000010	0.000010	0.000010	0.000010	LD_0.9_12_1884
JU1085	0.000019	0.000010	0.000010	0.000010	0.000010	0.000010	0.000010	0.000010	0.000010	0.999881	0.000010	0.000010	LD_0.9_12_1884
JU1337	0.000010	0.000010	0.866219	0.000010	0.000010	0.112760	0.000010	0.000010	0.000010	0.000010	0.000010	0.020932	LD_0.9_12_1884
JU1338	0.000010	0.000010	0.000010	0.000010	0.999890	0.000010	0.000010	0.000010	0.000010	0.000010	0.000010	0.000010	LD_0.9_12_1884
JU1341	0.000010	0.000010	0.000010	0.999890	0.000010	0.000010	0.000010	0.000010	0.000010	0.000010	0.000010	0.000010	LD_0.9_12_1884
JU1346	0.000010	0.000010	0.000013	0.000010	0.999887	0.000010	0.000010	0.000010	0.000010	0.000010	0.000010	0.000010	LD_0.9_12_1884
JU1347	0.000010	0.000010	0.999890	0.000010	0.000010	0.000010	0.000010	0.000010	0.000010	0.000010	0.000010	0.000010	LD_0.9_12_1884
JU1348	0.000010	0.000011	0.000010	0.999889	0.000010	0.000010	0.000010	0.000010	0.000010	0.000010	0.000010	0.000010	LD_0.9_12_1884
JU1375	0.000010	0.000010	0.999890	0.000010	0.000010	0.000010	0.000010	0.000010	0.000010	0.000010	0.000010	0.000010	LD_0.9_12_1884
JU1377	0.000010	0.000010	0.999886	0.000010	0.000010	0.000014	0.000010	0.000010	0.000010	0.000010	0.000010	0.000010	LD_0.9_12_1884
JU1378	0.000010	0.000010	0.979559	0.000010	0.000010	0.000010	0.000010	0.000010	0.000010	0.000010	0.000010	0.020341	LD_0.9_12_1884
JU1392	0.000010	0.000010	0.989765	0.000010	0.000010	0.000010	0.000010	0.000010	0.000010	0.000010	0.000010	0.010135	LD_0.9_12_1884
JU1399	0.000010	0.000010	0.283995	0.000010	0.000010	0.000010	0.000010	0.000010	0.000010	0.000010	0.110558	0.605357	LD_0.9_12_1884
JU1424	0.000010	0.000010	0.000010	0.000010	0.999890	0.000010	0.000010	0.000010	0.000010	0.000010	0.000010	0.000010	LD_0.9_12_1884
JU1435	0.000010	0.000010	0.999890	0.000010	0.000010	0.000010	0.000010	0.000010	0.000010	0.000010	0.000010	0.000010	LD_0.9_12_1884
JU1564	0.000010	0.000010	0.000010	0.000010	0.000010	0.000010	0.000010	0.000010	0.000010	0.999890	0.000010	0.000010	LD_0.9_12_1884
JU1637	0.000010	0.000010	0.874938	0.000010	0.000010	0.000010	0.000010	0.000010	0.000010	0.000010	0.000010	0.124962	LD_0.9_12_1884
JU1638	0.000010	0.000010	0.834568	0.000010	0.000010	0.000010	0.000010	0.000010	0.000010	0.000010	0.000010	0.165332	LD_0.9_12_1884
JU1794	0.000010	0.000010	0.736763	0.000010	0.255612	0.000010	0.000010	0.000010	0.000010	0.000010	0.007534	0.000010	LD_0.9_12_1884
JU1795	0.000010	0.000010	0.931052	0.000010	0.000010	0.000010	0.000010	0.000010	0.000010	0.000010	0.000010	0.068848	LD_0.9_12_1884
JU1799	0.000010	0.000010	0.999890	0.000010	0.000010	0.000010	0.000010	0.000010	0.000010	0.000010	0.000010	0.000010	LD_0.9_12_1884
JU1802	0.000010	0.000010	0.991090	0.000010	0.000010	0.008810	0.000010	0.000010	0.000010	0.000010	0.000010	0.000010	LD_0.9_12_1884
JU1814	0.000010	0.000010	0.263628	0.000010	0.000010	0.000010	0.000010	0.000010	0.000010	0.000010	0.000010	0.736272	LD_0.9_12_1884
JU1884	0.000010	0.000010	0.972222	0.000010	0.000010	0.000010	0.000010	0.000010	0.000010	0.000010	0.000010	0.027678	LD_0.9_12_1884
JU1885	0.000010	0.000010	0.860613	0.000010	0.000010	0.139287	0.000010	0.000010	0.000010	0.000010	0.000010	0.000010	LD_0.9_12_1884
JU1907	0.000010	0.000010	0.967497	0.000010	0.000010	0.000010	0.000010	0.000010	0.000010	0.000010	0.000010	0.032403	LD_0.9_12_1884
JU1908	0.000010	0.000010	0.953491	0.000010	0.000010	0.000010	0.000010	0.000010	0.000010	0.000010	0.000010	0.046409	LD_0.9_12_1884
JU1909	0.000010	0.000010	0.999890	0.000010	0.000010	0.000010	0.000010	0.000010	0.000010	0.000010	0.000010	0.000010	LD_0.9_12_1884
JU1913	0.000010	0.000010	0.577021	0.000010	0.000010	0.410973	0.000010	0.000010	0.000010	0.000010	0.011916	0.000010	LD_0.9_12_1884
JU2053	0.000010	0.000010	0.921079	0.000010	0.000010	0.000010	0.000010	0.000010	0.000010	0.000010	0.000010	0.078821	LD_0.9_12_1884
JU2054	0.000010	0.000010	0.999880	0.000010	0.000020	0.000010	0.000010	0.000010	0.000010	0.000010	0.000010	0.000010	LD_0.9_12_1884
JU2056	0.000010	0.000010	0.999890	0.000010	0.000010	0.000010	0.000010	0.000010	0.000010	0.000010	0.000010	0.000010	LD_0.9_12_1884
JU2057	0.000010	0.000010	0.000013	0.000010	0.000010	0.999887	0.000010	0.000010	0.000010	0.000010	0.000010	0.000010	LD_0.9_12_1884
JU2160	0.000010	0.000010	0.000010	0.000010	0.000014	0.999883	0.000010	0.000013	0.000010	0.000010	0.000010	0.000010	LD_0.9_12_1884
JU2162	0.000010	0.000010	0.000015	0.000010	0.000010	0.999880	0.000010	0.000015	0.000010	0.000010	0.000011	0.000010	LD_0.9_12_1884
JU2214	0.000010	0.000010	0.603038	0.000010	0.000010	0.000010	0.000010	0.000010	0.000010	0.000010	0.344638	0.052234	LD_0.9_12_1884
JU2216	0.999890	0.000010	0.000010	0.000010	0.000010	0.000010	0.000010	0.000010	0.000010	0.000010	0.000010	0.000010	LD_0.9_12_1884
JU2457	0.000010	0.000010	0.280190	0.000010	0.000010	0.000010	0.000010	0.000010	0.000010	0.479933	0.008367	0.231430	LD_0.9_12_1884
JU2470	0.000010	0.000010	0.000010	0.000010	0.000011	0.999889	0.000010	0.000010	0.000010	0.000010	0.000010	0.000010	LD_0.9_12_1884
JU2472	0.000010	0.000010	0.887117	0.000010	0.000010	0.000010	0.000010	0.000010	0.000010	0.000010	0.000010	0.112783	LD_0.9_12_1884
JU2507	0.000010	0.000010	0.000010	0.000010	0.000010	0.991324	0.000010	0.000010	0.000010	0.000010	0.008576	0.000010	LD_0.9_12_1884
JU2518	0.000010	0.000010	0.000010	0.000010	0.000010	0.000010	0.000010	0.000010	0.000010	0.000010	0.000010	0.999890	LD_0.9_12_1884
JU2536	0.000010	0.000010	0.000010	0.000010	0.000010	0.000010	0.000010	0.000010	0.000010	0.999890	0.000010	0.000010	LD_0.9_12_1884
JU2618	0.000010	0.000010	0.000010	0.000010	0.000010	0.000010	0.000010	0.218091	0.000010	0.000010	0.227800	0.554018	LD_0.9_12_1884
JU2799	0.000010	0.000010	0.934869	0.000010	0.000010	0.000010	0.000010	0.000010	0.000010	0.000010	0.000010	0.065031	LD_0.9_12_1884
JU2836	0.000010	0.000010	0.618987	0.000010	0.000010	0.000010	0.000010	0.000010	0.000010	0.000010	0.326000	0.054923	LD_0.9_12_1884
JU2849	0.000010	0.000010	0.000010	0.000010	0.999890	0.000010	0.000010	0.000010	0.000010	0.000010	0.000010	0.000010	LD_0.9_12_1884
JU2861	0.000010	0.000010	0.999890	0.000010	0.000010	0.000010	0.000010	0.000010	0.000010	0.000010	0.000010	0.000010	LD_0.9_12_1884
JU2868	0.000010	0.000010	0.999890	0.000010	0.000010	0.000010	0.000010	0.000010	0.000010	0.000010	0.000010	0.000010	LD_0.9_12_1884
JU2872	0.000010	0.000010	0.000010	0.000010	0.000010	0.000010	0.000010	0.000010	0.000010	0.999890	0.000010	0.000010	LD_0.9_12_1884
JU2910	0.000010	0.000010	0.753741	0.000010	0.054811	0.131637	0.000010	0.000010	0.000010	0.000010	0.000010	0.059732	LD_0.9_12_1884
JU3168	0.134324	0.000010	0.249603	0.382666	0.000010	0.000010	0.065167	0.000012	0.000010	0.168168	0.000010	0.000010	LD_0.9_12_1884
JU3171	0.000010	0.000010	0.999890	0.000010	0.000010	0.000010	0.000010	0.000010	0.000010	0.000010	0.000010	0.000010	LD_0.9_12_1884
JU3199	0.000010	0.000010	0.000010	0.999890	0.000010	0.000010	0.000010	0.000010	0.000010	0.000010	0.000010	0.000010	LD_0.9_12_1884
JU3200	0.000010	0.000010	0.000010	0.999890	0.000010	0.000010	0.000010	0.000010	0.000010	0.000010	0.000010	0.000010	LD_0.9_12_1884
JU3201	0.000010	0.000010	0.000010	0.999890	0.000010	0.000010	0.000010	0.000010	0.000010	0.000010	0.000010	0.000010	LD_0.9_12_1884
JU3202	0.000010	0.000010	0.000010	0.999890	0.000010	0.000010	0.000010	0.000010	0.000010	0.000010	0.000010	0.000010	LD_0.9_12_1884
JU3203	0.000010	0.000010	0.000010	0.999890	0.000010	0.000010	0.000010	0.000010	0.000010	0.000010	0.000010	0.000010	LD_0.9_12_1884
JU3206	0.000010	0.000010	0.000010	0.999890	0.000010	0.000010	0.000010	0.000010	0.000010	0.000010	0.000010	0.000010	LD_0.9_12_1884
JU3207	0.000010	0.000010	0.999880	0.000010	0.000010	0.000020	0.000010	0.000010	0.000010	0.000010	0.000010	0.000010	LD_0.9_12_1884
JU3237	0.000010	0.000010	0.000010	0.000010	0.000010	0.999890	0.000010	0.000010	0.000010	0.000010	0.000010	0.000010	LD_0.9_12_1884
JU3281	0.000010	0.000010	0.999890	0.000010	0.000010	0.000010	0.000010	0.000010	0.000010	0.000010	0.000010	0.000010	LD_0.9_12_1884
JU3319	0.000010	0.000010	0.169707	0.000010	0.830177	0.000018	0.000018	0.000010	0.000010	0.000010	0.000010	0.000010	LD_0.9_12_1884
JU3321	0.000010	0.000010	0.999890	0.000010	0.000010	0.000010	0.000010	0.000010	0.000010	0.000010	0.000010	0.000010	LD_0.9_12_1884
JU3326	0.137522	0.000010	0.214700	0.280869	0.000010	0.000010	0.104001	0.000010	0.000010	0.262837	0.000010	0.000010	LD_0.9_12_1884
JU3327	0.000010	0.000010	0.915730	0.000010	0.084163	0.000017	0.000010	0.000010	0.000010	0.000010	0.000010	0.000010	LD_0.9_12_1884
JU3416	0.032074	0.000010	0.066313	0.000010	0.000010	0.000010	0.000010	0.000010	0.000010	0.901522	0.000010	0.000010	LD_0.9_12_1884
JU4042	0.000010	0.000010	0.999890	0.000010	0.000010	0.000010	0.000010	0.000010	0.000010	0.000010	0.000010	0.000010	LD_0.9_12_1884
JU4051	0.000010	0.000010	0.000010	0.000010	0.999890	0.000010	0.000010	0.000010	0.000010	0.000010	0.000010	0.000010	LD_0.9_12_1884
JU4058	0.000011	0.000010	0.000010	0.000010	0.999889	0.000010	0.000010	0.000010	0.000010	0.000010	0.000010	0.000010	LD_0.9_12_1884
JU4060	0.000010	0.000010	0.000010	0.000010	0.999890	0.000010	0.000010	0.000010	0.000010	0.000010	0.000010	0.000010	LD_0.9_12_1884
JU4062	0.000010	0.000010	0.000010	0.000010	0.999890	0.000010	0.000010	0.000010	0.000010	0.000010	0.000010	0.000010	LD_0.9_12_1884
JU4064	0.000010	0.000010	0.000012	0.000010	0.999888	0.000010	0.000010	0.000010	0.000010	0.000010	0.000010	0.000010	LD_0.9_12_1884
JU4080	0.000010	0.000010	0.999890	0.000010	0.000010	0.000010	0.000010	0.000010	0.000010	0.000010	0.000010	0.000010	LD_0.9_12_1884
JU4084	0.000010	0.000010	0.000017	0.000010	0.999883	0.000010	0.000010	0.000010	0.000010	0.000010	0.000010	0.000010	LD_0.9_12_1884
JU4097	0.000010	0.000010	0.000010	0.000010	0.999890	0.000010	0.000010	0.000010	0.000010	0.000010	0.000010	0.000010	LD_0.9_12_1884
JU725	0.000010	0.000010	0.230815	0.000010	0.769085	0.000010	0.000010	0.000010	0.000010	0.000010	0.000010	0.000010	LD_0.9_12_1884
MY2716	0.000010	0.000010	0.999890	0.000010	0.000010	0.000010	0.000010	0.000010	0.000010	0.000010	0.000010	0.000010	LD_0.9_12_1884
MY539	0.000010	0.000010	0.999889	0.000010	0.000010	0.000011	0.000010	0.000010	0.000010	0.000010	0.000010	0.000010	LD_0.9_12_1884
NIC1050	0.000010	0.000010	0.000010	0.000010	0.000010	0.000010	0.000010	0.153761	0.000010	0.000010	0.188210	0.657939	LD_0.9_12_1884
NIC1052	0.000010	0.000010	0.000010	0.000010	0.000010	0.000010	0.000010	0.413017	0.000010	0.000010	0.041957	0.544936	LD_0.9_12_1884
NIC1054	0.000010	0.000010	0.000010	0.000010	0.000010	0.000010	0.000010	0.086965	0.000010	0.000010	0.126841	0.786104	LD_0.9_12_1884
NIC1055	0.000010	0.000010	0.000010	0.000010	0.000010	0.000010	0.000010	0.205040	0.000010	0.000010	0.126636	0.668234	LD_0.9_12_1884
NIC1057	0.000010	0.000010	0.000010	0.000010	0.000010	0.000010	0.000010	0.182636	0.000010	0.000010	0.169697	0.647577	LD_0.9_12_1884
NIC1058	0.000010	0.000010	0.000016	0.000010	0.000010	0.000010	0.000010	0.000010	0.000010	0.000010	0.451348	0.548545	LD_0.9_12_1884
NIC1059	0.000010	0.000010	0.000010	0.000010	0.000010	0.000010	0.000010	0.093942	0.000010	0.000010	0.187985	0.717983	LD_0.9_12_1884
NIC1060	0.000010	0.000010	0.000010	0.000010	0.000010	0.000010	0.000010	0.000010	0.000010	0.000010	0.226514	0.773386	LD_0.9_12_1884
NIC1062	0.000010	0.000010	0.316948	0.000010	0.000010	0.000010	0.000010	0.124539	0.000010	0.000010	0.000010	0.558423	LD_0.9_12_1884
NIC1069	0.000010	0.000010	0.508962	0.000010	0.000010	0.000010	0.000010	0.000010	0.000010	0.000010	0.000010	0.490938	LD_0.9_12_1884
NIC1103	0.000010	0.000010	0.045443	0.000010	0.000010	0.000010	0.000010	0.238432	0.000010	0.000010	0.086265	0.629780	LD_0.9_12_1884
NIC1104	0.000010	0.000010	0.747308	0.000010	0.000010	0.000010	0.000010	0.017561	0.000010	0.000010	0.039101	0.195950	LD_0.9_12_1884
NIC1106	0.000010	0.000010	0.334471	0.000010	0.000010	0.000010	0.000010	0.014018	0.000010	0.000010	0.196811	0.454620	LD_0.9_12_1884
NIC1117	0.000016	0.000010	0.999884	0.000010	0.000010	0.000010	0.000010	0.000010	0.000010	0.000010	0.000010	0.000010	LD_0.9_12_1884
NIC1123	0.000010	0.000010	0.000010	0.000010	0.999890	0.000010	0.000010	0.000010	0.000010	0.000010	0.000010	0.000010	LD_0.9_12_1884
NIC1124	0.000010	0.000010	0.000010	0.000010	0.000010	0.000010	0.000010	0.000010	0.000010	0.000010	0.000010	0.999890	LD_0.9_12_1884
NIC1135	0.000010	0.000010	0.000010	0.000010	0.000010	0.000010	0.000010	0.000010	0.000010	0.000010	0.061098	0.938802	LD_0.9_12_1884
NIC1138	0.000010	0.000010	0.000010	0.000010	0.000010	0.000010	0.000010	0.000018	0.000010	0.000010	0.000010	0.999882	LD_0.9_12_1884
NIC1141	0.000010	0.000010	0.000010	0.000010	0.000010	0.000010	0.000010	0.000010	0.000010	0.000010	0.000010	0.999890	LD_0.9_12_1884
NIC115	0.000010	0.000010	0.179833	0.000010	0.000010	0.000010	0.000010	0.000010	0.000010	0.000010	0.000010	0.820067	LD_0.9_12_1884
NIC117	0.000010	0.000010	0.196907	0.000010	0.000010	0.000010	0.000010	0.000010	0.000010	0.000010	0.000010	0.802993	LD_0.9_12_1884
NIC1183	0.000010	0.000010	0.000010	0.000010	0.000010	0.000010	0.000010	0.000010	0.000010	0.000010	0.000010	0.999890	LD_0.9_12_1884
NIC119	0.000010	0.000010	0.155582	0.000010	0.000010	0.000010	0.000010	0.000010	0.000010	0.000010	0.000010	0.844318	LD_0.9_12_1884
NIC1190	0.000010	0.000010	0.000010	0.000010	0.000010	0.000010	0.000010	0.000010	0.000010	0.000010	0.000010	0.999890	LD_0.9_12_1884
NIC1202	0.000010	0.000010	0.847795	0.000010	0.152105	0.000010	0.000010	0.000010	0.000010	0.000010	0.000010	0.000010	LD_0.9_12_1884
NIC1204	0.000010	0.000010	0.803113	0.000010	0.196787	0.000010	0.000010	0.000010	0.000010	0.000010	0.000010	0.000010	LD_0.9_12_1884
NIC1205	0.999881	0.000010	0.000010	0.000014	0.000015	0.000010	0.000010	0.000010	0.000010	0.000010	0.000010	0.000010	LD_0.9_12_1884
NIC1218	0.000010	0.000010	0.999890	0.000010	0.000010	0.000010	0.000010	0.000010	0.000010	0.000010	0.000010	0.000010	LD_0.9_12_1884
NIC1220	0.999890	0.000010	0.000010	0.000010	0.000010	0.000010	0.000010	0.000010	0.000010	0.000010	0.000010	0.000010	LD_0.9_12_1884
NIC1221	0.000010	0.000010	0.770173	0.000010	0.229727	0.000010	0.000010	0.000010	0.000010	0.000010	0.000010	0.000010	LD_0.9_12_1884
NIC123	0.000010	0.000010	0.177039	0.000010	0.000010	0.000010	0.000010	0.000010	0.000010	0.000010	0.000010	0.822861	LD_0.9_12_1884
NIC1267	0.000010	0.000010	0.199285	0.000010	0.000010	0.000010	0.000010	0.000010	0.000010	0.000010	0.000010	0.800615	LD_0.9_12_1884
NIC1283	0.000010	0.000010	0.000010	0.000010	0.000010	0.000010	0.000010	0.000010	0.000010	0.000010	0.000010	0.999890	LD_0.9_12_1884
NIC1288	0.000010	0.000010	0.000010	0.000010	0.101873	0.000010	0.000010	0.063202	0.000010	0.000010	0.158452	0.676393	LD_0.9_12_1884
NIC1292	0.000010	0.000010	0.000010	0.000010	0.000010	0.000010	0.000010	0.027459	0.000010	0.000010	0.000010	0.972441	LD_0.9_12_1884
NIC1302	0.000010	0.000010	0.000010	0.000010	0.000010	0.000010	0.000010	0.000010	0.000010	0.000010	0.000010	0.999890	LD_0.9_12_1884
NIC1304	0.000010	0.000010	0.000010	0.000010	0.000010	0.000010	0.000010	0.026878	0.000010	0.000010	0.000010	0.973022	LD_0.9_12_1884
NIC1308	0.000010	0.000010	0.101961	0.000010	0.572964	0.000010	0.000010	0.000010	0.000010	0.000010	0.000010	0.324985	LD_0.9_12_1884
NIC1407	0.000010	0.000010	0.000010	0.000010	0.000010	0.000010	0.000010	0.068608	0.000010	0.000010	0.000010	0.931292	LD_0.9_12_1884
NIC1421	0.000010	0.000010	0.023372	0.000010	0.000010	0.000010	0.000010	0.000010	0.000010	0.000010	0.189327	0.787211	LD_0.9_12_1884
NIC1423	0.000010	0.000010	0.000010	0.000010	0.000010	0.000010	0.000010	0.052828	0.000010	0.000010	0.204484	0.742598	LD_0.9_12_1884
NIC1442	0.000010	0.000010	0.000010	0.000010	0.000010	0.000010	0.000010	0.000010	0.000010	0.000010	0.000010	0.999890	LD_0.9_12_1884
NIC1491	0.000010	0.000010	0.000010	0.000010	0.000010	0.000010	0.000010	0.000010	0.000010	0.000010	0.000010	0.999890	LD_0.9_12_1884
NIC1525	0.000010	0.000010	0.938509	0.000010	0.004708	0.000010	0.000010	0.000010	0.000010	0.000010	0.000010	0.056692	LD_0.9_12_1884
NIC1528	0.000010	0.000010	0.915171	0.000010	0.000010	0.000010	0.000010	0.000010	0.000010	0.000010	0.000010	0.084729	LD_0.9_12_1884
NIC1529	0.000010	0.000010	0.972042	0.000010	0.000010	0.000010	0.000010	0.000010	0.000010	0.000010	0.000010	0.027858	LD_0.9_12_1884
NIC1533	0.000010	0.000010	0.942323	0.000010	0.000015	0.000017	0.000010	0.000010	0.000010	0.000010	0.000010	0.057565	LD_0.9_12_1884
NIC1535	0.000010	0.000010	0.980944	0.000010	0.000010	0.000010	0.000010	0.000010	0.000010	0.000010	0.004617	0.014349	LD_0.9_12_1884
NIC1539	0.000012	0.000010	0.000010	0.000010	0.000010	0.000010	0.000010	0.000010	0.999888	0.000010	0.000010	0.000010	LD_0.9_12_1884
NIC1540	0.000010	0.000010	0.000010	0.000010	0.000010	0.000010	0.999890	0.000010	0.000010	0.000010	0.000010	0.000010	LD_0.9_12_1884
NIC1562	0.123106	0.000010	0.000010	0.000010	0.000010	0.000010	0.000010	0.000010	0.876794	0.000010	0.000010	0.000010	LD_0.9_12_1884
NIC1589	0.000010	0.000010	0.000010	0.000010	0.000010	0.000010	0.999890	0.000010	0.000010	0.000010	0.000010	0.000010	LD_0.9_12_1884
NIC1590	0.999890	0.000010	0.000010	0.000010	0.000010	0.000010	0.000010	0.000010	0.000010	0.000010	0.000010	0.000010	LD_0.9_12_1884
NIC1591	0.000010	0.000010	0.000010	0.000010	0.000010	0.000010	0.999883	0.000010	0.000010	0.000017	0.000010	0.000010	LD_0.9_12_1884
NIC1593	0.000010	0.000010	0.000010	0.000010	0.000012	0.000010	0.999888	0.000010	0.000010	0.000010	0.000010	0.000010	LD_0.9_12_1884
NIC1595	0.999890	0.000010	0.000010	0.000010	0.000010	0.000010	0.000010	0.000010	0.000010	0.000010	0.000010	0.000010	LD_0.9_12_1884
NIC1598	0.000010	0.000010	0.000010	0.000010	0.000010	0.000010	0.000010	0.000010	0.999890	0.000010	0.000010	0.000010	LD_0.9_12_1884
NIC1602	0.000015	0.000010	0.000010	0.000010	0.000010	0.000010	0.000010	0.000010	0.999885	0.000010	0.000010	0.000010	LD_0.9_12_1884
NIC1607	0.223787	0.000010	0.129788	0.000010	0.000010	0.000010	0.646336	0.000010	0.000010	0.000010	0.000010	0.000010	LD_0.9_12_1884
NIC1628	0.000010	0.000010	0.999890	0.000010	0.000010	0.000010	0.000010	0.000010	0.000010	0.000010	0.000010	0.000010	LD_0.9_12_1884
NIC1630	0.000010	0.000010	0.000010	0.000010	0.000010	0.000010	0.000010	0.000010	0.999890	0.000010	0.000010	0.000010	LD_0.9_12_1884
NIC1631	0.999890	0.000010	0.000010	0.000010	0.000010	0.000010	0.000010	0.000010	0.000010	0.000010	0.000010	0.000010	LD_0.9_12_1884
NIC1632	0.000010	0.000010	0.000010	0.000010	0.000010	0.000010	0.000010	0.000010	0.000010	0.999890	0.000010	0.000010	LD_0.9_12_1884
NIC1633	0.000010	0.000010	0.000010	0.000010	0.000010	0.000010	0.000010	0.000010	0.000010	0.999890	0.000010	0.000010	LD_0.9_12_1884
NIC1635	0.000010	0.000010	0.000010	0.000010	0.000010	0.000010	0.000010	0.000010	0.000010	0.999890	0.000010	0.000010	LD_0.9_12_1884
NIC1645	0.244743	0.000010	0.000010	0.000010	0.000010	0.000010	0.000010	0.000010	0.755157	0.000010	0.000010	0.000010	LD_0.9_12_1884
NIC1660	0.999890	0.000010	0.000010	0.000010	0.000010	0.000010	0.000010	0.000010	0.000010	0.000010	0.000010	0.000010	LD_0.9_12_1884
NIC1661	0.999890	0.000010	0.000010	0.000010	0.000010	0.000010	0.000010	0.000010	0.000010	0.000010	0.000010	0.000010	LD_0.9_12_1884
NIC1662	0.999890	0.000010	0.000010	0.000010	0.000010	0.000010	0.000010	0.000010	0.000010	0.000010	0.000010	0.000010	LD_0.9_12_1884
NIC1663	0.999890	0.000010	0.000010	0.000010	0.000010	0.000010	0.000010	0.000010	0.000010	0.000010	0.000010	0.000010	LD_0.9_12_1884
NIC1664	0.000010	0.000010	0.000010	0.000010	0.000010	0.000010	0.999887	0.000010	0.000010	0.000013	0.000010	0.000010	LD_0.9_12_1884
NIC1665	0.000010	0.000010	0.000010	0.000010	0.000010	0.000010	0.999881	0.000010	0.000010	0.000019	0.000010	0.000010	LD_0.9_12_1884
NIC1666	0.999890	0.000010	0.000010	0.000010	0.000010	0.000010	0.000010	0.000010	0.000010	0.000010	0.000010	0.000010	LD_0.9_12_1884
NIC1667	0.000012	0.000010	0.000010	0.000010	0.000010	0.000010	0.000010	0.000010	0.999888	0.000010	0.000010	0.000010	LD_0.9_12_1884
NIC1681	0.999890	0.000010	0.000010	0.000010	0.000010	0.000010	0.000010	0.000010	0.000010	0.000010	0.000010	0.000010	LD_0.9_12_1884
NIC1688	0.000010	0.000010	0.999890	0.000010	0.000010	0.000010	0.000010	0.000010	0.000010	0.000010	0.000010	0.000010	LD_0.9_12_1884
NIC1692	0.932587	0.000010	0.002255	0.000010	0.000010	0.000010	0.000010	0.000010	0.065069	0.000010	0.000010	0.000010	LD_0.9_12_1884
NIC1693	0.999890	0.000010	0.000010	0.000010	0.000010	0.000010	0.000010	0.000010	0.000010	0.000010	0.000010	0.000010	LD_0.9_12_1884
NIC17	0.000010	0.000010	0.999884	0.000010	0.000010	0.000010	0.000010	0.000010	0.000010	0.000010	0.000016	0.000010	LD_0.9_12_1884
NIC174	0.000010	0.000010	0.000010	0.000010	0.000010	0.000010	0.000010	0.000010	0.000010	0.999890	0.000010	0.000010	LD_0.9_12_1884
NIC187	0.000010	0.000010	0.135890	0.000010	0.000010	0.000010	0.000010	0.000010	0.000010	0.000010	0.000010	0.864010	LD_0.9_12_1884
NIC188	0.000010	0.000010	0.122296	0.000010	0.000010	0.000010	0.000010	0.000010	0.000010	0.000010	0.000010	0.877604	LD_0.9_12_1884
NIC19	0.000010	0.000010	0.000010	0.000010	0.000010	0.000010	0.999885	0.000010	0.000010	0.000015	0.000010	0.000010	LD_0.9_12_1884
NIC191	0.000010	0.000010	0.219463	0.000010	0.000010	0.000010	0.000010	0.000010	0.000010	0.000010	0.000010	0.780437	LD_0.9_12_1884
NIC20	0.000010	0.000010	0.000010	0.000010	0.000010	0.000010	0.999890	0.000010	0.000010	0.000010	0.000010	0.000010	LD_0.9_12_1884
NIC21	0.000010	0.000010	0.000010	0.000010	0.000010	0.000010	0.999890	0.000010	0.000010	0.000010	0.000010	0.000010	LD_0.9_12_1884
NIC22	0.000010	0.000010	0.000010	0.000010	0.000010	0.000010	0.999890	0.000010	0.000010	0.000010	0.000010	0.000010	LD_0.9_12_1884
NIC2369	0.000010	0.000010	0.000010	0.000010	0.999890	0.000010	0.000010	0.000010	0.000010	0.000010	0.000010	0.000010	LD_0.9_12_1884
NIC248	0.000010	0.000010	0.223895	0.000010	0.000010	0.000010	0.000010	0.000010	0.000010	0.000010	0.000010	0.776005	LD_0.9_12_1884
NIC250	0.000010	0.000010	0.286675	0.000010	0.000010	0.000010	0.000010	0.000010	0.000010	0.000010	0.000010	0.713225	LD_0.9_12_1884
NIC2527	0.000010	0.000010	0.999890	0.000010	0.000010	0.000010	0.000010	0.000010	0.000010	0.000010	0.000010	0.000010	LD_0.9_12_1884
NIC309	0.000010	0.000010	0.000010	0.000010	0.000010	0.000010	0.000010	0.000010	0.000010	0.000010	0.000010	0.999890	LD_0.9_12_1884
NIC325	0.000010	0.000010	0.000010	0.000010	0.000010	0.000010	0.000010	0.000010	0.000010	0.000010	0.000010	0.999890	LD_0.9_12_1884
NIC327	0.000010	0.000010	0.000010	0.000010	0.000010	0.000010	0.000010	0.220162	0.000010	0.000010	0.000010	0.779738	LD_0.9_12_1884
NIC329	0.000010	0.000010	0.000010	0.000010	0.000010	0.000010	0.000010	0.144504	0.000010	0.000010	0.000010	0.855396	LD_0.9_12_1884
NIC330	0.000010	0.000010	0.000010	0.000010	0.000010	0.000020	0.000010	0.107415	0.000010	0.000010	0.000010	0.892475	LD_0.9_12_1884
NIC331	0.000010	0.000010	0.000010	0.000010	0.000010	0.000010	0.000010	0.000010	0.000010	0.000010	0.177574	0.822326	LD_0.9_12_1884
NIC332	0.000010	0.000010	0.000010	0.000010	0.000010	0.000010	0.000010	0.227030	0.000010	0.000010	0.000010	0.772870	LD_0.9_12_1884
NIC333	0.000010	0.000010	0.000010	0.000010	0.000016	0.000010	0.000010	0.093198	0.000010	0.000010	0.000010	0.906696	LD_0.9_12_1884
NIC343	0.000010	0.000010	0.969327	0.000010	0.030573	0.000010	0.000010	0.000010	0.000010	0.000010	0.000010	0.000010	LD_0.9_12_1884
NIC392	0.000010	0.000010	0.244225	0.000010	0.000010	0.000010	0.000010	0.000010	0.000010	0.000010	0.000010	0.755675	LD_0.9_12_1884
NIC400	0.000010	0.000010	0.000010	0.000010	0.000010	0.000010	0.000010	0.197049	0.000010	0.000010	0.007961	0.794900	LD_0.9_12_1884
NIC402	0.000010	0.000010	0.000010	0.000010	0.000010	0.000010	0.000010	0.194405	0.000010	0.000010	0.000010	0.805495	LD_0.9_12_1884
NIC419	0.000010	0.000010	0.000010	0.000010	0.999890	0.000010	0.000010	0.000010	0.000010	0.000010	0.000010	0.000010	LD_0.9_12_1884
NIC504	0.999890	0.000010	0.000010	0.000010	0.000010	0.000010	0.000010	0.000010	0.000010	0.000010	0.000010	0.000010	LD_0.9_12_1884
NIC505	0.999883	0.000010	0.000017	0.000010	0.000010	0.000010	0.000010	0.000010	0.000010	0.000010	0.000010	0.000010	LD_0.9_12_1884
NIC518	0.000012	0.000010	0.000010	0.000010	0.000010	0.000010	0.000010	0.000010	0.999888	0.000010	0.000010	0.000010	LD_0.9_12_1884
NIC519	0.088190	0.000010	0.000010	0.000010	0.000010	0.000010	0.000010	0.000010	0.911710	0.000010	0.000010	0.000010	LD_0.9_12_1884
NIC532	0.000010	0.000010	0.280397	0.000010	0.000010	0.000010	0.000010	0.000010	0.000010	0.000010	0.000010	0.719503	LD_0.9_12_1884
NIC541	0.000010	0.000010	0.000010	0.000010	0.000010	0.306336	0.000010	0.032369	0.000010	0.000010	0.088188	0.573028	LD_0.9_12_1884
NIC549	0.000010	0.000010	0.362728	0.000010	0.000010	0.000010	0.000010	0.000010	0.000010	0.000010	0.000010	0.637172	LD_0.9_12_1884
NIC552	0.000010	0.000010	0.427251	0.000010	0.000010	0.000010	0.000010	0.000010	0.000010	0.000010	0.000010	0.572649	LD_0.9_12_1884
NIC555	0.000010	0.000010	0.162649	0.000010	0.000010	0.000010	0.000010	0.000010	0.000010	0.000010	0.128797	0.708464	LD_0.9_12_1884
NIC574	0.000010	0.000010	0.290353	0.000010	0.000010	0.000010	0.000010	0.000010	0.000010	0.000010	0.000010	0.709547	LD_0.9_12_1884
NIC578	0.000010	0.000010	0.115300	0.000010	0.000010	0.000010	0.000010	0.000010	0.000010	0.000010	0.000010	0.884600	LD_0.9_12_1884
NIC583	0.000010	0.000010	0.124919	0.000010	0.000010	0.000010	0.000010	0.000010	0.000010	0.000010	0.000010	0.874981	LD_0.9_12_1884
NIC590	0.000010	0.000010	0.000010	0.000010	0.000010	0.112149	0.000010	0.000010	0.000010	0.000010	0.000010	0.887751	LD_0.9_12_1884
NIC593	0.000010	0.000010	0.342297	0.000010	0.000010	0.000010	0.000010	0.000010	0.000010	0.000010	0.000010	0.657603	LD_0.9_12_1884
NIC60	0.000010	0.000010	0.000010	0.000010	0.000010	0.000010	0.000010	0.000010	0.000010	0.000010	0.000010	0.999890	LD_0.9_12_1884
NIC61	0.000010	0.000010	0.470300	0.000010	0.000010	0.000010	0.000010	0.000010	0.000010	0.000010	0.000010	0.529600	LD_0.9_12_1884
NIC62	0.000010	0.000010	0.140215	0.000010	0.000010	0.000010	0.000010	0.000010	0.000010	0.000010	0.000010	0.859685	LD_0.9_12_1884
NIC67	0.000010	0.000010	0.000010	0.000010	0.999890	0.000010	0.000010	0.000010	0.000010	0.000010	0.000010	0.000010	LD_0.9_12_1884
NIC758	0.000010	0.000010	0.000010	0.000010	0.000010	0.120973	0.000010	0.000010	0.000010	0.000010	0.000010	0.878927	LD_0.9_12_1884
NIC777	0.000010	0.000010	0.161584	0.000010	0.000010	0.000017	0.000010	0.000010	0.000010	0.000010	0.127674	0.710645	LD_0.9_12_1884
NIC779	0.999890	0.000010	0.000010	0.000010	0.000010	0.000010	0.000010	0.000010	0.000010	0.000010	0.000010	0.000010	LD_0.9_12_1884
NIC790	0.000010	0.000010	0.999890	0.000010	0.000010	0.000010	0.000010	0.000010	0.000010	0.000010	0.000010	0.000010	LD_0.9_12_1884
NIC791	0.000010	0.000010	0.081198	0.000010	0.000010	0.918702	0.000010	0.000010	0.000010	0.000010	0.000010	0.000010	LD_0.9_12_1884
NIC792	0.000010	0.000010	0.682295	0.000010	0.000010	0.317605	0.000010	0.000010	0.000010	0.000010	0.000010	0.000010	LD_0.9_12_1884
NIC793	0.000010	0.000010	0.999890	0.000010	0.000010	0.000010	0.000010	0.000010	0.000010	0.000010	0.000010	0.000010	LD_0.9_12_1884
NIC795	0.000010	0.000010	0.999890	0.000010	0.000010	0.000010	0.000010	0.000010	0.000010	0.000010	0.000010	0.000010	LD_0.9_12_1884
NIC796	0.000010	0.000010	0.992987	0.000010	0.000010	0.000010	0.006913	0.000010	0.000010	0.000010	0.000010	0.000010	LD_0.9_12_1884
NIC802	0.000010	0.000010	0.999890	0.000010	0.000010	0.000010	0.000010	0.000010	0.000010	0.000010	0.000010	0.000010	LD_0.9_12_1884
NIC803	0.000010	0.000010	0.908915	0.000010	0.000010	0.000010	0.000010	0.000010	0.000010	0.000010	0.000010	0.090985	LD_0.9_12_1884
NIC805	0.999890	0.000010	0.000010	0.000010	0.000010	0.000010	0.000010	0.000010	0.000010	0.000010	0.000010	0.000010	LD_0.9_12_1884
NIC811	0.000010	0.000010	0.941049	0.000010	0.057846	0.001015	0.000010	0.000010	0.000010	0.000010	0.000010	0.000010	LD_0.9_12_1884
NIC814	0.999890	0.000010	0.000010	0.000010	0.000010	0.000010	0.000010	0.000010	0.000010	0.000010	0.000010	0.000010	LD_0.9_12_1884
NIC815	0.999882	0.000010	0.000010	0.000010	0.000010	0.000010	0.000018	0.000010	0.000010	0.000010	0.000010	0.000010	LD_0.9_12_1884
NIC816	0.000010	0.000010	0.000010	0.000015	0.000010	0.000010	0.999878	0.000010	0.000010	0.000017	0.000010	0.000010	LD_0.9_12_1884
NIC819	0.210063	0.000010	0.145694	0.000010	0.000010	0.000010	0.639677	0.000010	0.000010	0.004485	0.000010	0.000010	LD_0.9_12_1884
NIC821	0.000010	0.000010	0.901727	0.000010	0.000010	0.000010	0.000010	0.000010	0.000010	0.000010	0.000010	0.098173	LD_0.9_12_1884
NIC822	0.647728	0.000010	0.000010	0.000010	0.000010	0.000010	0.000010	0.000010	0.352172	0.000010	0.000010	0.000010	LD_0.9_12_1884
NIC824	0.999890	0.000010	0.000010	0.000010	0.000010	0.000010	0.000010	0.000010	0.000010	0.000010	0.000010	0.000010	LD_0.9_12_1884
NIC825	0.000010	0.000010	0.000010	0.000015	0.000010	0.000010	0.999882	0.000010	0.000010	0.000013	0.000010	0.000010	LD_0.9_12_1884
NIC827	0.000010	0.000010	0.000010	0.000010	0.000010	0.000010	0.999881	0.000010	0.000011	0.000018	0.000010	0.000010	LD_0.9_12_1884
NIC828	0.000010	0.000010	0.000010	0.000012	0.000010	0.000010	0.999888	0.000010	0.000010	0.000010	0.000010	0.000010	LD_0.9_12_1884
NIC863	0.999890	0.000010	0.000010	0.000010	0.000010	0.000010	0.000010	0.000010	0.000010	0.000010	0.000010	0.000010	LD_0.9_12_1884
NIC864	0.999890	0.000010	0.000010	0.000010	0.000010	0.000010	0.000010	0.000010	0.000010	0.000010	0.000010	0.000010	LD_0.9_12_1884
NIC865	0.999890	0.000010	0.000010	0.000010	0.000010	0.000010	0.000010	0.000010	0.000010	0.000010	0.000010	0.000010	LD_0.9_12_1884
NIC871	0.000010	0.000010	0.999890	0.000010	0.000010	0.000010	0.000010	0.000010	0.000010	0.000010	0.000010	0.000010	LD_0.9_12_1884
NIC883	0.000010	0.000010	0.999890	0.000010	0.000010	0.000010	0.000010	0.000010	0.000010	0.000010	0.000010	0.000010	LD_0.9_12_1884
NIC889	0.999890	0.000010	0.000010	0.000010	0.000010	0.000010	0.000010	0.000010	0.000010	0.000010	0.000010	0.000010	LD_0.9_12_1884
NIC893	0.192086	0.000010	0.136573	0.000010	0.000010	0.000010	0.101788	0.000010	0.000010	0.569473	0.000010	0.000010	LD_0.9_12_1884
NIC897	0.999890	0.000010	0.000010	0.000010	0.000010	0.000010	0.000010	0.000010	0.000010	0.000010	0.000010	0.000010	LD_0.9_12_1884
NIC899	0.000010	0.000010	0.000010	0.000010	0.000010	0.000010	0.000010	0.000010	0.000010	0.999890	0.000010	0.000010	LD_0.9_12_1884
NIC901	0.000010	0.000010	0.999880	0.000010	0.000020	0.000010	0.000010	0.000010	0.000010	0.000010	0.000010	0.000010	LD_0.9_12_1884
NIC911	0.000010	0.000010	0.791439	0.000010	0.000010	0.000010	0.000010	0.000010	0.000010	0.000010	0.000010	0.208461	LD_0.9_12_1884
NIC96	0.000010	0.000010	0.000010	0.000010	0.000010	0.000010	0.000010	0.000010	0.000010	0.000010	0.000010	0.999890	LD_0.9_12_1884
NIC984	0.000010	0.000010	0.895775	0.000010	0.000010	0.000010	0.000010	0.000010	0.000010	0.000010	0.000010	0.104125	LD_0.9_12_1884
NIC985	0.000010	0.000010	0.701644	0.000010	0.162597	0.000010	0.000010	0.000010	0.000010	0.000010	0.000010	0.135669	LD_0.9_12_1884
PB800	0.000010	0.000010	0.000010	0.000010	0.000010	0.000010	0.000010	0.000010	0.000010	0.999890	0.000010	0.000010	LD_0.9_12_1884
PB857	0.000010	0.000010	0.000010	0.000010	0.000010	0.000010	0.000010	0.000010	0.000012	0.999888	0.000010	0.000010	LD_0.9_12_1884
PE887	0.000010	0.000010	0.970464	0.000010	0.000010	0.000010	0.000010	0.000010	0.000010	0.000010	0.000010	0.029436	LD_0.9_12_1884
QG1005	0.000010	0.000010	0.000010	0.000010	0.000010	0.000010	0.000010	0.468074	0.000010	0.000010	0.451536	0.080300	LD_0.9_12_1884
QG1007	0.000010	0.000010	0.000010	0.000010	0.000010	0.000010	0.000010	0.999890	0.000010	0.000010	0.000010	0.000010	LD_0.9_12_1884
QG1111	0.000010	0.000010	0.000010	0.000010	0.000010	0.000016	0.000010	0.567389	0.000010	0.000010	0.432505	0.000010	LD_0.9_12_1884
QG1126	0.000010	0.000010	0.000010	0.000010	0.000010	0.000010	0.000010	0.999890	0.000010	0.000010	0.000010	0.000010	LD_0.9_12_1884
QG1141	0.000010	0.000010	0.000010	0.000010	0.000010	0.000010	0.000010	0.000010	0.000010	0.000010	0.999890	0.000010	LD_0.9_12_1884
QG1155	0.000010	0.000010	0.000010	0.000010	0.000010	0.000010	0.000010	0.000010	0.000010	0.000010	0.999890	0.000010	LD_0.9_12_1884
QG130	0.000010	0.000010	0.999890	0.000010	0.000010	0.000010	0.000010	0.000010	0.000010	0.000010	0.000010	0.000010	LD_0.9_12_1884
QG132	0.000010	0.000010	0.927980	0.000010	0.000010	0.000012	0.000010	0.000010	0.000010	0.000010	0.000010	0.071917	LD_0.9_12_1884
QG133	0.979848	0.000010	0.020052	0.000010	0.000010	0.000010	0.000010	0.000010	0.000010	0.000010	0.000010	0.000010	LD_0.9_12_1884
QG2641	0.000010	0.000010	0.000010	0.000010	0.000010	0.000010	0.000010	0.817162	0.000010	0.000010	0.182738	0.000010	LD_0.9_12_1884
QG2648	0.000010	0.000010	0.000010	0.000010	0.000010	0.000010	0.000010	0.999890	0.000010	0.000010	0.000010	0.000010	LD_0.9_12_1884
QG2659	0.000010	0.000010	0.000010	0.000010	0.000010	0.000010	0.000010	0.503100	0.000010	0.000010	0.496800	0.000010	LD_0.9_12_1884
QG2663	0.000010	0.000010	0.000010	0.000010	0.000010	0.000010	0.000010	0.214943	0.000010	0.000010	0.784957	0.000010	LD_0.9_12_1884
QG2665	0.000010	0.000010	0.000010	0.000010	0.000016	0.000010	0.000010	0.882939	0.000010	0.000010	0.116955	0.000010	LD_0.9_12_1884
QG2683	0.000010	0.000010	0.000010	0.000010	0.000010	0.000010	0.000010	0.000010	0.000010	0.000010	0.999890	0.000010	LD_0.9_12_1884
QG2736	0.000010	0.000010	0.000010	0.000010	0.000010	0.000010	0.000010	0.524552	0.000010	0.000010	0.475348	0.000010	LD_0.9_12_1884
QG2814	0.000010	0.000010	0.999878	0.000019	0.000010	0.000010	0.000011	0.000012	0.000010	0.000010	0.000010	0.000010	LD_0.9_12_1884
QG2820	0.000010	0.000010	0.999890	0.000010	0.000010	0.000010	0.000010	0.000010	0.000010	0.000010	0.000010	0.000010	LD_0.9_12_1884
QG2848	0.000010	0.000010	0.999890	0.000010	0.000010	0.000010	0.000010	0.000010	0.000010	0.000010	0.000010	0.000010	LD_0.9_12_1884
QG2880	0.000010	0.000010	0.000010	0.000010	0.000010	0.999890	0.000010	0.000010	0.000010	0.000010	0.000010	0.000010	LD_0.9_12_1884
QG2881	0.000010	0.000010	0.999890	0.000010	0.000010	0.000010	0.000010	0.000010	0.000010	0.000010	0.000010	0.000010	LD_0.9_12_1884
QG2883	0.000010	0.000010	0.999890	0.000010	0.000010	0.000010	0.000010	0.000010	0.000010	0.000010	0.000010	0.000010	LD_0.9_12_1884
QG2884	0.000010	0.000010	0.000010	0.000010	0.000010	0.999890	0.000010	0.000010	0.000010	0.000010	0.000010	0.000010	LD_0.9_12_1884
QG2891	0.000010	0.999879	0.000010	0.000013	0.000010	0.000010	0.000010	0.000010	0.000010	0.000019	0.000010	0.000010	LD_0.9_12_1884
QG2892	0.000010	0.000010	0.000010	0.000010	0.000010	0.999890	0.000010	0.000010	0.000010	0.000010	0.000010	0.000010	LD_0.9_12_1884
QG2893	0.000010	0.872245	0.000010	0.127655	0.000010	0.000010	0.000010	0.000010	0.000010	0.000010	0.000010	0.000010	LD_0.9_12_1884
QG2895	0.000010	0.000010	0.000010	0.000010	0.000010	0.999890	0.000010	0.000010	0.000010	0.000010	0.000010	0.000010	LD_0.9_12_1884
QG2902	0.000010	0.000010	0.000010	0.000010	0.000010	0.999889	0.000010	0.000011	0.000010	0.000010	0.000010	0.000010	LD_0.9_12_1884
QG2903	0.000010	0.000010	0.000010	0.000010	0.000010	0.999890	0.000010	0.000010	0.000010	0.000010	0.000010	0.000010	LD_0.9_12_1884
QG2906	0.000010	0.000010	0.000010	0.000010	0.000010	0.999890	0.000010	0.000010	0.000010	0.000010	0.000010	0.000010	LD_0.9_12_1884
QG2908	0.000010	0.872368	0.000010	0.127532	0.000010	0.000010	0.000010	0.000010	0.000010	0.000010	0.000010	0.000010	LD_0.9_12_1884
QG2910	0.000010	0.000010	0.944470	0.000010	0.000010	0.000010	0.000010	0.000010	0.000010	0.000010	0.000010	0.055430	LD_0.9_12_1884
QG2919	0.000010	0.999890	0.000010	0.000010	0.000010	0.000010	0.000010	0.000010	0.000010	0.000010	0.000010	0.000010	LD_0.9_12_1884
QG2923	0.000010	0.000010	0.000010	0.000010	0.000010	0.999890	0.000010	0.000010	0.000010	0.000010	0.000010	0.000010	LD_0.9_12_1884
QG2925	0.000010	0.000010	0.000010	0.000010	0.000010	0.999890	0.000010	0.000010	0.000010	0.000010	0.000010	0.000010	LD_0.9_12_1884
QG2964	0.000010	0.000010	0.000010	0.000010	0.000010	0.000010	0.000010	0.000010	0.000010	0.000010	0.999890	0.000010	LD_0.9_12_1884
QG2966	0.000010	0.000010	0.209644	0.000010	0.000010	0.000010	0.000010	0.000010	0.000010	0.000010	0.689861	0.100404	LD_0.9_12_1884
QG2969	0.000010	0.000010	0.000010	0.000010	0.000010	0.000010	0.000010	0.949693	0.000010	0.000010	0.050207	0.000010	LD_0.9_12_1884
QG2972	0.000010	0.000010	0.000010	0.000010	0.000010	0.000010	0.000010	0.661674	0.000010	0.000010	0.338226	0.000010	LD_0.9_12_1884
QG2996	0.000010	0.000010	0.000010	0.000010	0.000010	0.000010	0.000010	0.999890	0.000010	0.000010	0.000010	0.000010	LD_0.9_12_1884
QG3004	0.000010	0.000010	0.083731	0.000010	0.000010	0.000010	0.000010	0.197807	0.000010	0.000010	0.607481	0.110901	LD_0.9_12_1884
QG3006	0.000010	0.000010	0.000010	0.000010	0.000010	0.000010	0.000010	0.748401	0.000010	0.000010	0.251499	0.000010	LD_0.9_12_1884
QG3019	0.000010	0.000010	0.000010	0.000010	0.000010	0.000010	0.000010	0.230762	0.000010	0.000010	0.652108	0.117041	LD_0.9_12_1884
QG3025	0.000010	0.000010	0.000010	0.000010	0.000010	0.000010	0.000010	0.999890	0.000010	0.000010	0.000010	0.000010	LD_0.9_12_1884
QG3030	0.000010	0.000010	0.000010	0.000010	0.000010	0.000010	0.000010	0.999890	0.000010	0.000010	0.000010	0.000010	LD_0.9_12_1884
QG3032	0.000010	0.000010	0.000010	0.000010	0.000010	0.000010	0.000010	0.097456	0.000010	0.000010	0.706415	0.196039	LD_0.9_12_1884
QG3034	0.000010	0.000010	0.000010	0.000010	0.000010	0.000010	0.000010	0.999890	0.000010	0.000010	0.000010	0.000010	LD_0.9_12_1884
QG3041	0.000014	0.000010	0.000010	0.000010	0.000010	0.000010	0.000010	0.999886	0.000010	0.000010	0.000010	0.000010	LD_0.9_12_1884
QG3053	0.000010	0.000010	0.515554	0.000010	0.000010	0.000010	0.000010	0.000010	0.000010	0.000010	0.000010	0.484346	LD_0.9_12_1884
QG3056	0.000010	0.000010	0.209774	0.000010	0.000010	0.000010	0.000010	0.000010	0.000010	0.000010	0.680846	0.109291	LD_0.9_12_1884
QG3057	0.000010	0.000010	0.000010	0.000010	0.000010	0.000010	0.000010	0.881564	0.000010	0.000010	0.118336	0.000010	LD_0.9_12_1884
QG3058	0.000010	0.000010	0.000016	0.000010	0.000010	0.000010	0.000010	0.284343	0.000010	0.000010	0.656413	0.059148	LD_0.9_12_1884
QG3527	0.000010	0.000010	0.251986	0.000010	0.000010	0.000010	0.000010	0.011640	0.000010	0.000010	0.113804	0.622490	LD_0.9_12_1884
QG3661	0.000010	0.000010	0.000015	0.000010	0.000010	0.000010	0.000010	0.000010	0.000010	0.999885	0.000010	0.000010	LD_0.9_12_1884
QG3783	0.000010	0.000010	0.358205	0.000010	0.000010	0.000010	0.000010	0.000010	0.000010	0.000010	0.037179	0.604526	LD_0.9_12_1884
QG3801	0.000010	0.000010	0.000633	0.000010	0.000010	0.000010	0.000010	0.335597	0.000010	0.000010	0.564354	0.099335	LD_0.9_12_1884
QG3815	0.000010	0.000017	0.194264	0.000018	0.000010	0.000013	0.000010	0.000010	0.000010	0.000010	0.000010	0.805618	LD_0.9_12_1884
QG3816	0.000010	0.000010	0.352298	0.000010	0.000010	0.000010	0.000010	0.000010	0.000010	0.000010	0.036240	0.611372	LD_0.9_12_1884
QG3823	0.000010	0.000010	0.036119	0.000010	0.002483	0.000010	0.000010	0.754655	0.000010	0.000010	0.096284	0.110388	LD_0.9_12_1884
QG3825	0.000010	0.000010	0.351715	0.000010	0.000012	0.000010	0.000010	0.000010	0.000010	0.000010	0.000010	0.648183	LD_0.9_12_1884
QG3826	0.000010	0.000010	0.321105	0.000010	0.000010	0.000010	0.000010	0.000010	0.000010	0.000010	0.059036	0.619770	LD_0.9_12_1884
QG3837	0.000010	0.000010	0.298164	0.000010	0.000010	0.000010	0.000010	0.000010	0.000010	0.000010	0.000010	0.701736	LD_0.9_12_1884
QG3851	0.000010	0.000010	0.331369	0.000010	0.000010	0.000010	0.000010	0.000010	0.000010	0.000010	0.039083	0.629458	LD_0.9_12_1884
QG3861	0.000010	0.000010	0.310280	0.000010	0.000010	0.000019	0.000010	0.000010	0.000010	0.000010	0.014392	0.675229	LD_0.9_12_1884
QG3867	0.000010	0.000010	0.014353	0.000010	0.000010	0.000010	0.000010	0.600924	0.000010	0.000010	0.206760	0.177883	LD_0.9_12_1884
QG3874	0.000010	0.000010	0.443667	0.000010	0.000010	0.000010	0.000010	0.000010	0.000010	0.000010	0.000010	0.556233	LD_0.9_12_1884
QG3875	0.000010	0.000010	0.109022	0.000010	0.000010	0.000010	0.000010	0.000010	0.000010	0.000010	0.000010	0.890878	LD_0.9_12_1884
QG3876	0.000010	0.000010	0.311872	0.000010	0.000010	0.000010	0.000010	0.000010	0.000010	0.000010	0.032367	0.655671	LD_0.9_12_1884
QG3878	0.000010	0.000010	0.108044	0.000010	0.000010	0.000010	0.000010	0.000010	0.000010	0.000010	0.000010	0.891856	LD_0.9_12_1884
QG3920	0.000010	0.000010	0.265205	0.000010	0.000010	0.000010	0.000010	0.000010	0.000010	0.000010	0.016810	0.717894	LD_0.9_12_1884
QG3921	0.000010	0.000010	0.317613	0.000010	0.000010	0.000010	0.000010	0.000010	0.000010	0.000010	0.010228	0.672068	LD_0.9_12_1884
QG3923	0.000010	0.000010	0.386857	0.000010	0.000010	0.000010	0.000010	0.000010	0.000010	0.000010	0.000010	0.613043	LD_0.9_12_1884
QG3924	0.000010	0.000010	0.261612	0.000010	0.000010	0.000019	0.000010	0.000010	0.000010	0.000010	0.151816	0.586474	LD_0.9_12_1884
QG3925	0.000010	0.000010	0.181256	0.000010	0.000010	0.000010	0.000010	0.000010	0.000010	0.000010	0.000010	0.818644	LD_0.9_12_1884
QG3926	0.000010	0.000010	0.181190	0.000010	0.000010	0.000010	0.000010	0.000010	0.000010	0.000010	0.000010	0.818710	LD_0.9_12_1884
QG3927	0.000010	0.000010	0.297865	0.000010	0.000010	0.000010	0.000010	0.000010	0.000010	0.000010	0.000010	0.702035	LD_0.9_12_1884
QG3931	0.000010	0.000010	0.081938	0.000010	0.000010	0.000010	0.000010	0.000010	0.000010	0.000010	0.046938	0.871034	LD_0.9_12_1884
QG3932	0.000010	0.000010	0.410113	0.000010	0.000010	0.000010	0.000010	0.000010	0.000010	0.000010	0.000010	0.589787	LD_0.9_12_1884
QG3933	0.000010	0.000010	0.668886	0.000010	0.000010	0.000010	0.000010	0.000010	0.000010	0.000010	0.000010	0.331014	LD_0.9_12_1884
QG4026	0.000010	0.999888	0.000010	0.000012	0.000010	0.000010	0.000010	0.000010	0.000010	0.000010	0.000010	0.000010	LD_0.9_12_1884
QG4028	0.000010	0.999890	0.000010	0.000010	0.000010	0.000010	0.000010	0.000010	0.000010	0.000010	0.000010	0.000010	LD_0.9_12_1884
QG4031	0.000010	0.999888	0.000010	0.000012	0.000010	0.000010	0.000010	0.000010	0.000010	0.000010	0.000010	0.000010	LD_0.9_12_1884
QG4063	0.000010	0.999888	0.000010	0.000012	0.000010	0.000010	0.000010	0.000010	0.000010	0.000010	0.000010	0.000010	LD_0.9_12_1884
QG4064	0.000010	0.999888	0.000010	0.000012	0.000010	0.000010	0.000010	0.000010	0.000010	0.000010	0.000010	0.000010	LD_0.9_12_1884
QG4067	0.000010	0.999890	0.000010	0.000010	0.000010	0.000010	0.000010	0.000010	0.000010	0.000010	0.000010	0.000010	LD_0.9_12_1884
QG4068	0.000010	0.999890	0.000010	0.000010	0.000010	0.000010	0.000010	0.000010	0.000010	0.000010	0.000010	0.000010	LD_0.9_12_1884
QG4070	0.000010	0.000010	0.999884	0.000010	0.000010	0.000016	0.000010	0.000010	0.000010	0.000010	0.000010	0.000010	LD_0.9_12_1884
QG4093	0.000010	0.954471	0.000010	0.045429	0.000010	0.000010	0.000010	0.000010	0.000010	0.000010	0.000010	0.000010	LD_0.9_12_1884
QG4094	0.000010	0.999890	0.000010	0.000010	0.000010	0.000010	0.000010	0.000010	0.000010	0.000010	0.000010	0.000010	LD_0.9_12_1884
QG4095	0.000010	0.999890	0.000010	0.000010	0.000010	0.000010	0.000010	0.000010	0.000010	0.000010	0.000010	0.000010	LD_0.9_12_1884
QG4096	0.000010	0.999889	0.000010	0.000011	0.000010	0.000010	0.000010	0.000010	0.000010	0.000010	0.000010	0.000010	LD_0.9_12_1884
QG4097	0.000010	0.999888	0.000010	0.000011	0.000010	0.000010	0.000010	0.000010	0.000010	0.000010	0.000010	0.000010	LD_0.9_12_1884
QG4104	0.000010	0.999888	0.000010	0.000012	0.000010	0.000010	0.000010	0.000010	0.000010	0.000010	0.000010	0.000010	LD_0.9_12_1884
QG4114	0.000010	0.999888	0.000010	0.000011	0.000010	0.000010	0.000010	0.000010	0.000010	0.000011	0.000010	0.000010	LD_0.9_12_1884
QG4131	0.000010	0.999889	0.000010	0.000011	0.000010	0.000010	0.000010	0.000010	0.000010	0.000010	0.000010	0.000010	LD_0.9_12_1884
QG4132	0.000010	0.999887	0.000010	0.000013	0.000010	0.000010	0.000010	0.000010	0.000010	0.000010	0.000010	0.000010	LD_0.9_12_1884
QG4208	0.000010	0.929509	0.000010	0.070391	0.000010	0.000010	0.000010	0.000010	0.000010	0.000010	0.000010	0.000010	LD_0.9_12_1884
QG4214	0.000010	0.999889	0.000010	0.000011	0.000010	0.000010	0.000010	0.000010	0.000010	0.000010	0.000010	0.000010	LD_0.9_12_1884
QG4225	0.000010	0.999884	0.000010	0.000016	0.000010	0.000010	0.000010	0.000010	0.000010	0.000010	0.000010	0.000010	LD_0.9_12_1884
QG4232	0.000010	0.999890	0.000010	0.000010	0.000010	0.000010	0.000010	0.000010	0.000010	0.000010	0.000010	0.000010	LD_0.9_12_1884
QG4233	0.000018	0.999864	0.000012	0.000010	0.000012	0.000010	0.000019	0.000010	0.000014	0.000011	0.000010	0.000010	LD_0.9_12_1884
QG4647	0.000010	0.000010	0.000014	0.000010	0.000011	0.999886	0.000010	0.000010	0.000010	0.000010	0.000010	0.000010	LD_0.9_12_1884
QG4648	0.000010	0.000010	0.991494	0.000010	0.000010	0.008406	0.000010	0.000010	0.000010	0.000010	0.000010	0.000010	LD_0.9_12_1884
QG4683	0.000010	0.000010	0.999890	0.000010	0.000010	0.000010	0.000010	0.000010	0.000010	0.000010	0.000010	0.000010	LD_0.9_12_1884
QG4701	0.000014	0.000010	0.425143	0.000010	0.000010	0.574747	0.000010	0.000010	0.000016	0.000010	0.000010	0.000010	LD_0.9_12_1884
QG4706	0.000010	0.000010	0.999890	0.000010	0.000010	0.000010	0.000010	0.000010	0.000010	0.000010	0.000010	0.000010	LD_0.9_12_1884
QG4718	0.000010	0.000010	0.999890	0.000010	0.000010	0.000010	0.000010	0.000010	0.000010	0.000010	0.000010	0.000010	LD_0.9_12_1884
QG4742	0.000010	0.000010	0.978899	0.000010	0.000010	0.021001	0.000010	0.000010	0.000010	0.000010	0.000010	0.000010	LD_0.9_12_1884
QG4805	0.000010	0.000010	0.000010	0.000010	0.000010	0.999890	0.000010	0.000010	0.000010	0.000010	0.000010	0.000010	LD_0.9_12_1884
QG4847	0.000010	0.000010	0.999890	0.000010	0.000010	0.000010	0.000010	0.000010	0.000010	0.000010	0.000010	0.000010	LD_0.9_12_1884
QG4966	0.000010	0.000010	0.999890	0.000010	0.000010	0.000010	0.000010	0.000010	0.000010	0.000010	0.000010	0.000010	LD_0.9_12_1884
QG5348	0.000010	0.000010	0.999880	0.000010	0.000010	0.000010	0.000010	0.000010	0.000010	0.000010	0.000020	0.000010	LD_0.9_12_1884
QG5406	0.000010	0.000010	0.999890	0.000010	0.000010	0.000010	0.000010	0.000010	0.000010	0.000010	0.000010	0.000010	LD_0.9_12_1884
QG547	0.000018	0.000010	0.000010	0.000010	0.000010	0.000010	0.000010	0.000010	0.000010	0.999882	0.000010	0.000010	LD_0.9_12_1884
QG5474	0.000010	0.000010	0.346175	0.000010	0.000010	0.653725	0.000010	0.000010	0.000010	0.000010	0.000010	0.000010	LD_0.9_12_1884
QG5488	0.000010	0.000010	0.999194	0.000010	0.000010	0.000010	0.000010	0.000706	0.000010	0.000010	0.000010	0.000010	LD_0.9_12_1884
QG550	0.000010	0.000010	0.299339	0.000010	0.633223	0.061043	0.000010	0.000010	0.000010	0.000010	0.000010	0.006315	LD_0.9_12_1884
QG5507	0.000010	0.000010	0.798686	0.000010	0.000010	0.201214	0.000010	0.000010	0.000010	0.000010	0.000010	0.000010	LD_0.9_12_1884
QG5525	0.000010	0.000010	0.999865	0.000010	0.000010	0.000035	0.000010	0.000010	0.000010	0.000010	0.000010	0.000010	LD_0.9_12_1884
QG5589	0.000018	0.000010	0.164257	0.000010	0.000010	0.835635	0.000010	0.000010	0.000010	0.000010	0.000010	0.000010	LD_0.9_12_1884
QG5603	0.000010	0.000010	0.338699	0.000010	0.000010	0.661201	0.000010	0.000010	0.000010	0.000010	0.000010	0.000010	LD_0.9_12_1884
QG5611	0.000010	0.000010	0.999890	0.000010	0.000010	0.000010	0.000010	0.000010	0.000010	0.000010	0.000010	0.000010	LD_0.9_12_1884
QG5612	0.000010	0.000010	0.902259	0.000010	0.000010	0.000010	0.000010	0.000010	0.000010	0.000010	0.000010	0.097641	LD_0.9_12_1884
QG5633	0.000010	0.000010	0.983995	0.000010	0.000010	0.009592	0.000010	0.006323	0.000010	0.000010	0.000010	0.000010	LD_0.9_12_1884
QG581	0.000010	0.000010	0.000010	0.000010	0.000010	0.000010	0.000010	0.000010	0.000010	0.999890	0.000010	0.000010	LD_0.9_12_1884
QG588	0.000010	0.000010	0.000010	0.000010	0.000010	0.000010	0.000010	0.000010	0.000010	0.999890	0.000010	0.000010	LD_0.9_12_1884
QG700	0.000010	0.000010	0.000010	0.000010	0.000010	0.000010	0.000010	0.000010	0.000010	0.000010	0.857588	0.142312	LD_0.9_12_1884
QG727	0.000010	0.000010	0.000010	0.000010	0.000010	0.000010	0.000010	0.000010	0.000010	0.000010	0.999890	0.000010	LD_0.9_12_1884
QG733	0.000010	0.000010	0.000010	0.000010	0.000010	0.000010	0.000010	0.000010	0.000010	0.000010	0.999890	0.000010	LD_0.9_12_1884
QG736	0.000010	0.000010	0.000010	0.000010	0.000010	0.000010	0.000010	0.250320	0.000010	0.000010	0.749580	0.000010	LD_0.9_12_1884
QG737	0.000010	0.000010	0.000010	0.000010	0.000010	0.000010	0.000010	0.622696	0.000010	0.000010	0.377204	0.000010	LD_0.9_12_1884
QG739	0.000010	0.000010	0.000010	0.000010	0.000010	0.000010	0.000010	0.000010	0.000010	0.000010	0.999890	0.000010	LD_0.9_12_1884
QG761	0.000010	0.000010	0.000010	0.000010	0.000010	0.000010	0.000010	0.000010	0.000010	0.000010	0.747972	0.251928	LD_0.9_12_1884
QG763	0.000010	0.000010	0.000010	0.000010	0.000010	0.000010	0.000010	0.319302	0.000010	0.000010	0.627353	0.053255	LD_0.9_12_1884
QG776	0.000010	0.000010	0.000010	0.000010	0.000010	0.000010	0.000010	0.268246	0.000010	0.000010	0.731654	0.000010	LD_0.9_12_1884
QG781	0.000010	0.000010	0.000010	0.000010	0.000010	0.000010	0.000010	0.000010	0.000010	0.000010	0.999890	0.000010	LD_0.9_12_1884
QG784	0.000010	0.000010	0.000010	0.000010	0.000010	0.000010	0.000010	0.849228	0.000010	0.000010	0.150672	0.000010	LD_0.9_12_1884
QG786	0.000010	0.000010	0.000010	0.000010	0.000010	0.000010	0.000010	0.767039	0.000010	0.000010	0.232861	0.000010	LD_0.9_12_1884
QG788	0.000010	0.000010	0.000010	0.000010	0.000010	0.000010	0.000010	0.000010	0.000010	0.000010	0.999890	0.000010	LD_0.9_12_1884
QG790	0.000010	0.000010	0.000016	0.000010	0.000010	0.000010	0.000010	0.648675	0.000010	0.000010	0.351219	0.000010	LD_0.9_12_1884
QG791	0.000010	0.000010	0.054079	0.000010	0.000010	0.000010	0.000010	0.201381	0.000010	0.000010	0.744450	0.000010	LD_0.9_12_1884
QG795	0.000010	0.000010	0.000010	0.000010	0.000010	0.000010	0.000010	0.037785	0.000010	0.000010	0.655399	0.306726	LD_0.9_12_1884
QG797	0.000010	0.000010	0.000010	0.000010	0.000010	0.000010	0.000010	0.999890	0.000010	0.000010	0.000010	0.000010	LD_0.9_12_1884
QG802	0.000010	0.000010	0.000010	0.000010	0.000010	0.000010	0.000010	0.000010	0.000010	0.000010	0.999890	0.000010	LD_0.9_12_1884
QG804	0.000010	0.000010	0.000010	0.000010	0.000010	0.000010	0.000010	0.999890	0.000010	0.000010	0.000010	0.000010	LD_0.9_12_1884
QG806	0.000010	0.000010	0.000010	0.000010	0.000010	0.000010	0.000010	0.000013	0.000010	0.000010	0.999887	0.000010	LD_0.9_12_1884
QG807	0.000010	0.000010	0.000010	0.000010	0.000010	0.000010	0.000010	0.000010	0.000010	0.000010	0.999890	0.000010	LD_0.9_12_1884
QG808	0.000010	0.000010	0.046284	0.000010	0.000010	0.000010	0.000010	0.518585	0.000010	0.000010	0.435041	0.000010	LD_0.9_12_1884
QG809	0.000010	0.000010	0.000010	0.000010	0.000010	0.000010	0.000010	0.999890	0.000010	0.000010	0.000010	0.000010	LD_0.9_12_1884
QG825	0.000010	0.000010	0.000010	0.000010	0.000010	0.000010	0.000010	0.000010	0.000010	0.000010	0.999890	0.000010	LD_0.9_12_1884
QG827	0.000010	0.000010	0.000010	0.000010	0.000010	0.000010	0.000010	0.000010	0.000010	0.000010	0.999890	0.000010	LD_0.9_12_1884
QG828	0.000010	0.000010	0.000014	0.000010	0.000010	0.000010	0.000010	0.000010	0.000010	0.000010	0.999886	0.000010	LD_0.9_12_1884
QG833	0.000010	0.000010	0.000010	0.000010	0.000010	0.000010	0.000010	0.000010	0.000010	0.000010	0.999890	0.000010	LD_0.9_12_1884
QG855	0.000010	0.000010	0.032199	0.000010	0.000010	0.000010	0.000010	0.567437	0.000010	0.000010	0.400273	0.000010	LD_0.9_12_1884
QG856	0.000010	0.000010	0.000010	0.000010	0.000010	0.000010	0.000010	0.107245	0.000010	0.000010	0.892655	0.000010	LD_0.9_12_1884
QG858	0.000010	0.000010	0.000010	0.000010	0.000010	0.000010	0.000010	0.842277	0.000010	0.000010	0.157623	0.000010	LD_0.9_12_1884
QG860	0.000010	0.000010	0.000010	0.000010	0.000010	0.000010	0.000010	0.000010	0.000010	0.000010	0.797237	0.202663	LD_0.9_12_1884
QG864	0.000010	0.000010	0.000010	0.000011	0.000010	0.000010	0.000010	0.673746	0.000010	0.000010	0.326153	0.000010	LD_0.9_12_1884
QG865	0.000010	0.000010	0.000010	0.000010	0.000010	0.000010	0.000010	0.003311	0.000010	0.000010	0.996589	0.000010	LD_0.9_12_1884
QG866	0.000010	0.000010	0.000010	0.000010	0.000010	0.000010	0.000010	0.146964	0.000010	0.000010	0.852936	0.000010	LD_0.9_12_1884
QG868	0.000010	0.000010	0.000010	0.000010	0.000010	0.000010	0.000010	0.000010	0.000010	0.000010	0.999890	0.000010	LD_0.9_12_1884
QG874	0.000010	0.000010	0.000010	0.000010	0.000010	0.000010	0.000010	0.000010	0.000010	0.000010	0.999890	0.000010	LD_0.9_12_1884
QG875	0.000010	0.000010	0.000010	0.000010	0.000010	0.000010	0.000010	0.999890	0.000010	0.000010	0.000010	0.000010	LD_0.9_12_1884
QG878	0.000010	0.000010	0.000010	0.000010	0.000010	0.000010	0.000010	0.000010	0.000010	0.000010	0.999890	0.000010	LD_0.9_12_1884
QG879	0.000010	0.000010	0.000010	0.000010	0.000010	0.000010	0.000010	0.000010	0.000010	0.000010	0.999890	0.000010	LD_0.9_12_1884
QG880	0.000010	0.000010	0.000010	0.000010	0.000010	0.000010	0.000010	0.240376	0.000010	0.000010	0.759524	0.000010	LD_0.9_12_1884
QG881	0.000010	0.000010	0.000010	0.000010	0.000010	0.000010	0.000010	0.000010	0.000010	0.000010	0.759605	0.240295	LD_0.9_12_1884
QG887	0.000010	0.000010	0.000010	0.000010	0.000010	0.000010	0.000010	0.014568	0.000010	0.000010	0.985332	0.000010	LD_0.9_12_1884
QG888	0.000010	0.000010	0.000010	0.000010	0.000010	0.000010	0.000010	0.999890	0.000010	0.000010	0.000010	0.000010	LD_0.9_12_1884
QG926	0.000010	0.000010	0.000010	0.000010	0.000010	0.000010	0.000010	0.000010	0.000010	0.000010	0.999890	0.000010	LD_0.9_12_1884
QG927	0.000010	0.000010	0.934850	0.000010	0.000010	0.000010	0.000010	0.065045	0.000010	0.000010	0.000015	0.000010	LD_0.9_12_1884
QG933	0.000010	0.000010	0.000010	0.000010	0.000010	0.000010	0.000010	0.999890	0.000010	0.000010	0.000010	0.000010	LD_0.9_12_1884
QG937	0.000010	0.000010	0.030601	0.000010	0.000010	0.000010	0.000010	0.969299	0.000010	0.000010	0.000010	0.000010	LD_0.9_12_1884
QG945	0.000010	0.000010	0.000010	0.000010	0.000010	0.000010	0.000010	0.999890	0.000010	0.000010	0.000010	0.000010	LD_0.9_12_1884
QG946	0.000010	0.000010	0.000010	0.000010	0.000010	0.000010	0.000010	0.999890	0.000010	0.000010	0.000010	0.000010	LD_0.9_12_1884
QG947	0.000010	0.000010	0.000010	0.000010	0.000010	0.000010	0.000010	0.000010	0.000010	0.000010	0.999890	0.000010	LD_0.9_12_1884
QG948	0.000010	0.000010	0.000010	0.000010	0.000010	0.000010	0.000010	0.000010	0.000010	0.000010	0.999890	0.000010	LD_0.9_12_1884
QG952	0.000010	0.000010	0.000010	0.000010	0.000010	0.000010	0.000010	0.000010	0.000010	0.000010	0.950776	0.049124	LD_0.9_12_1884
QG978	0.000010	0.000010	0.005336	0.000010	0.000010	0.000010	0.000010	0.838354	0.000010	0.000010	0.000010	0.156220	LD_0.9_12_1884
QG980	0.000010	0.000010	0.000010	0.000010	0.000010	0.000010	0.000010	0.000010	0.000010	0.000010	0.999890	0.000010	LD_0.9_12_1884
QG986	0.000010	0.000010	0.000010	0.000010	0.000010	0.000010	0.000010	0.000010	0.000010	0.000010	0.999890	0.000010	LD_0.9_12_1884
QG991	0.000010	0.000010	0.000010	0.000010	0.000010	0.000010	0.000010	0.000010	0.000010	0.000010	0.999890	0.000010	LD_0.9_12_1884
QG994	0.000010	0.000010	0.000010	0.000010	0.000010	0.000010	0.000010	0.999890	0.000010	0.000010	0.000010	0.000010	LD_0.9_12_1884
QG995	0.000010	0.000010	0.000010	0.000010	0.000010	0.000010	0.000010	0.000010	0.000010	0.000010	0.999890	0.000010	LD_0.9_12_1884
QG997	0.000010	0.000010	0.000010	0.000010	0.000010	0.000010	0.000010	0.000012	0.000010	0.000010	0.999888	0.000010	LD_0.9_12_1884
QG998	0.000010	0.000010	0.000010	0.000010	0.000010	0.000010	0.000010	0.999890	0.000010	0.000010	0.000010	0.000010	LD_0.9_12_1884
QR25	0.110738	0.000010	0.200550	0.249729	0.000010	0.000010	0.089230	0.000010	0.000010	0.349682	0.000010	0.000010	LD_0.9_12_1884
QX1410	0.000010	0.000010	0.269881	0.000010	0.000016	0.000010	0.000010	0.000010	0.000010	0.000010	0.000010	0.730014	LD_0.9_12_1884
QX1547	0.000010	0.000010	0.000010	0.000010	0.000010	0.000010	0.000010	0.000010	0.000010	0.999890	0.000010	0.000010	LD_0.9_12_1884
QX1795	0.000010	0.000010	0.880288	0.000010	0.000010	0.000013	0.000010	0.000010	0.000010	0.000010	0.000010	0.119609	LD_0.9_12_1884
QX1796	0.000010	0.000010	0.999890	0.000010	0.000010	0.000010	0.000010	0.000010	0.000010	0.000010	0.000010	0.000010	LD_0.9_12_1884
QX1798	0.999890	0.000010	0.000010	0.000010	0.000010	0.000010	0.000010	0.000010	0.000010	0.000010	0.000010	0.000010	LD_0.9_12_1884
QX1800	0.000010	0.000010	0.999890	0.000010	0.000010	0.000010	0.000010	0.000010	0.000010	0.000010	0.000010	0.000010	LD_0.9_12_1884
QX1801	0.000010	0.000010	0.999890	0.000010	0.000010	0.000010	0.000010	0.000010	0.000010	0.000010	0.000010	0.000010	LD_0.9_12_1884
QX1802	0.000010	0.000010	0.999889	0.000010	0.000010	0.000010	0.000011	0.000010	0.000010	0.000010	0.000010	0.000010	LD_0.9_12_1884
QX1803	0.000010	0.000010	0.999890	0.000010	0.000010	0.000010	0.000010	0.000010	0.000010	0.000010	0.000010	0.000010	LD_0.9_12_1884
QX1804	0.000010	0.000010	0.999890	0.000010	0.000010	0.000010	0.000010	0.000010	0.000010	0.000010	0.000010	0.000010	LD_0.9_12_1884
SOW18	0.000010	0.000010	0.000010	0.000010	0.000010	0.000010	0.000010	0.000010	0.000010	0.999890	0.000010	0.000010	LD_0.9_12_1884
SOW21	0.000010	0.000010	0.000010	0.000010	0.000010	0.000010	0.000010	0.000010	0.000010	0.999890	0.000010	0.000010	LD_0.9_12_1884
SOW22	0.000010	0.000010	0.000010	0.000010	0.000010	0.000010	0.000010	0.000010	0.000010	0.999890	0.000010	0.000010	LD_0.9_12_1884
TT3408	0.000010	0.000010	0.999890	0.000010	0.000010	0.000010	0.000010	0.000010	0.000010	0.000010	0.000010	0.000010	LD_0.9_12_1884
TT3411	0.000010	0.000010	0.999890	0.000010	0.000010	0.000010	0.000010	0.000010	0.000010	0.000010	0.000010	0.000010	LD_0.9_12_1884
TWN1772	0.999890	0.000010	0.000010	0.000010	0.000010	0.000010	0.000010	0.000010	0.000010	0.000010	0.000010	0.000010	LD_0.9_12_1884
TWN1824	0.000010	0.000010	0.000010	0.000010	0.000010	0.000010	0.999890	0.000010	0.000010	0.000010	0.000010	0.000010	LD_0.9_12_1884
TWN1899	0.000010	0.000010	0.000010	0.000010	0.000010	0.000010	0.999890	0.000010	0.000010	0.000010	0.000010	0.000010	LD_0.9_12_1884
TWN1907	0.000010	0.000010	0.000010	0.000010	0.000010	0.000010	0.000010	0.000010	0.999890	0.000010	0.000010	0.000010	LD_0.9_12_1884
TWN2919	0.000019	0.000010	0.000010	0.000010	0.000010	0.000010	0.000011	0.000010	0.999880	0.000010	0.000010	0.000010	LD_0.9_12_1884
TWN3077	0.999890	0.000010	0.000010	0.000010	0.000010	0.000010	0.000010	0.000010	0.000010	0.000010	0.000010	0.000010	LD_0.9_12_1884
UH1	0.999890	0.000010	0.000010	0.000010	0.000010	0.000010	0.000010	0.000010	0.000010	0.000010	0.000010	0.000010	LD_0.9_12_1884
VSL2201	0.000010	0.000010	0.312785	0.000010	0.687114	0.000012	0.000010	0.000010	0.000010	0.000010	0.000010	0.000010	LD_0.9_12_1884
VSL2207	0.000010	0.000011	0.000010	0.999889	0.000010	0.000010	0.000010	0.000010	0.000010	0.000010	0.000010	0.000010	LD_0.9_12_1884
VSL2209	0.000010	0.000010	0.000010	0.999890	0.000010	0.000010	0.000010	0.000010	0.000010	0.000010	0.000010	0.000010	LD_0.9_12_1884
VSL2210	0.000010	0.000010	0.999890	0.000010	0.000010	0.000010	0.000010	0.000010	0.000010	0.000010	0.000010	0.000010	LD_0.9_12_1884
VSL2212	0.000010	0.000010	0.999890	0.000010	0.000010	0.000010	0.000010	0.000010	0.000010	0.000010	0.000010	0.000010	LD_0.9_12_1884
VSL2213	0.000010	0.000010	0.000010	0.000010	0.999890	0.000010	0.000010	0.000010	0.000010	0.000010	0.000010	0.000010	LD_0.9_12_1884
VSL2215	0.000010	0.000010	0.082073	0.000010	0.917827	0.000010	0.000010	0.000010	0.000010	0.000010	0.000010	0.000010	LD_0.9_12_1884
VSL2216	0.000010	0.000010	0.000010	0.000010	0.999890	0.000010	0.000010	0.000010	0.000010	0.000010	0.000010	0.000010	LD_0.9_12_1884
VSL2217	0.000010	0.000010	0.000010	0.000010	0.000010	0.999890	0.000010	0.000010	0.000010	0.000010	0.000010	0.000010	LD_0.9_12_1884
VSL2219	0.000010	0.000010	0.999886	0.000010	0.000010	0.000014	0.000010	0.000010	0.000010	0.000010	0.000010	0.000010	LD_0.9_12_1884
VT847	0.000010	0.000010	0.933060	0.000010	0.000010	0.000010	0.000010	0.000010	0.000010	0.000010	0.000010	0.066840	LD_0.9_12_1884
VX34	0.143848	0.000010	0.202308	0.276967	0.000010	0.000010	0.107154	0.000010	0.000010	0.269653	0.000010	0.000010	LD_0.9_12_1884
XZ1204	0.000010	0.000010	0.520428	0.000010	0.476928	0.000010	0.000010	0.000010	0.000010	0.000010	0.000010	0.002554	LD_0.9_12_1884
XZ1205	0.000010	0.000010	0.000010	0.000010	0.999890	0.000010	0.000010	0.000010	0.000010	0.000010	0.000010	0.000010	LD_0.9_12_1884
XZ1206	0.000010	0.000010	0.000010	0.000010	0.999890	0.000010	0.000010	0.000010	0.000010	0.000010	0.000010	0.000010	LD_0.9_12_1884
XZ1207	0.000010	0.000010	0.961107	0.000010	0.012500	0.000010	0.000010	0.000010	0.000010	0.000010	0.000010	0.026302	LD_0.9_12_1884
XZ1210	0.000010	0.000010	0.953489	0.000010	0.000010	0.000020	0.000010	0.000010	0.000010	0.000010	0.000010	0.046401	LD_0.9_12_1884
XZ1212	0.000010	0.000010	0.936461	0.000010	0.000010	0.000010	0.000010	0.000010	0.000010	0.000010	0.000010	0.063439	LD_0.9_12_1884
XZ1213	0.000010	0.000010	0.999890	0.000010	0.000010	0.000010	0.000010	0.000010	0.000010	0.000010	0.000010	0.000010	LD_0.9_12_1884
XZ1731	0.000010	0.000010	0.964730	0.000010	0.000012	0.000010	0.000010	0.000010	0.000010	0.000010	0.000010	0.035168	LD_0.9_12_1884
XZ1732	0.000010	0.000010	0.864901	0.000010	0.000010	0.000010	0.000010	0.000010	0.000010	0.000010	0.000010	0.134999	LD_0.9_12_1884
ZZY0992	0.000010	0.000010	0.000010	0.000010	0.000010	0.999890	0.000010	0.000010	0.000010	0.000010	0.000010	0.000010	LD_0.9_12_1884
ZZY1034	0.000010	0.000010	0.999890	0.000010	0.000010	0.000010	0.000010	0.000010	0.000010	0.000010	0.000010	0.000010	LD_0.9_12_1884
ZZY1075	0.000010	0.000010	0.999887	0.000010	0.000010	0.000010	0.000010	0.000010	0.000010	0.000010	0.000013	0.000010	LD_0.9_12_1884
ZZY1123	0.000010	0.000010	0.000010	0.000010	0.000010	0.999890	0.000010	0.000010	0.000010	0.000010	0.000010	0.000010	LD_0.9_12_1884
ZZY1130	0.000010	0.000010	0.999890	0.000010	0.000010	0.000010	0.000010	0.000010	0.000010	0.000010	0.000010	0.000010	LD_0.9_12_1884
ZZY405	0.000010	0.000010	0.999890	0.000010	0.000010	0.000010	0.000010	0.000010	0.000010	0.000010	0.000010	0.000010	LD_0.9_12_1884
