AF16	0.000010	0.000010	0.000010	0.999940	0.000010	0.000010	0.000010	LD_0.9_7_1230
BRC20069	0.000010	0.000010	0.000010	0.999932	0.000018	0.000010	0.000010	LD_0.9_7_1230
BRC20073	0.000010	0.000012	0.000010	0.999937	0.000011	0.000010	0.000010	LD_0.9_7_1230
BRC20075	0.000010	0.000010	0.000010	0.000010	0.999938	0.000012	0.000010	LD_0.9_7_1230
BRC20077	0.000010	0.000010	0.000010	0.999939	0.000011	0.000010	0.000010	LD_0.9_7_1230
BRC20081	0.000010	0.999936	0.000014	0.000010	0.000010	0.000010	0.000010	LD_0.9_7_1230
BRC20085	0.172983	0.000010	0.000010	0.826967	0.000010	0.000010	0.000010	LD_0.9_7_1230
BRC20088	0.000010	0.999918	0.000017	0.000019	0.000013	0.000013	0.000010	LD_0.9_7_1230
BRC20089	0.000010	0.000010	0.000010	0.999940	0.000010	0.000010	0.000010	LD_0.9_7_1230
BRC20090	0.050561	0.000010	0.000010	0.949389	0.000010	0.000010	0.000010	LD_0.9_7_1230
BRC20092	0.077996	0.000010	0.000010	0.921954	0.000010	0.000010	0.000010	LD_0.9_7_1230
BRC20093	0.000010	0.000010	0.000010	0.999940	0.000010	0.000010	0.000010	LD_0.9_7_1230
BRC20094	0.081753	0.000010	0.000010	0.918197	0.000010	0.000010	0.000010	LD_0.9_7_1230
BRC20095	0.000010	0.000013	0.000010	0.999936	0.000011	0.000010	0.000010	LD_0.9_7_1230
BRC20096	0.000010	0.000010	0.000010	0.999940	0.000010	0.000010	0.000010	LD_0.9_7_1230
BRC20098	0.000010	0.000010	0.000010	0.999940	0.000010	0.000010	0.000010	LD_0.9_7_1230
BRC20099	0.000010	0.000010	0.000010	0.999940	0.000010	0.000010	0.000010	LD_0.9_7_1230
BRC20100	0.000010	0.000010	0.000010	0.999940	0.000010	0.000010	0.000010	LD_0.9_7_1230
BRC20102	0.000010	0.000011	0.000010	0.999939	0.000010	0.000010	0.000010	LD_0.9_7_1230
BRC20103	0.000010	0.000010	0.000010	0.999939	0.000011	0.000010	0.000010	LD_0.9_7_1230
BRC20105	0.162147	0.000010	0.000011	0.837802	0.000010	0.000010	0.000010	LD_0.9_7_1230
BRC20107	0.151336	0.000010	0.000010	0.848612	0.000012	0.000010	0.000010	LD_0.9_7_1230
BRC20115	0.000010	0.347899	0.000010	0.236585	0.073418	0.342068	0.000010	LD_0.9_7_1230
BRC20119	0.767847	0.000010	0.000010	0.232103	0.000010	0.000010	0.000010	LD_0.9_7_1230
BRC20228	0.000010	0.000010	0.000010	0.999940	0.000010	0.000010	0.000010	LD_0.9_7_1230
BRC20229	0.000010	0.000015	0.000010	0.000014	0.999926	0.000015	0.000010	LD_0.9_7_1230
BRC20230	0.000010	0.999936	0.000010	0.000014	0.000010	0.000010	0.000010	LD_0.9_7_1230
BRC20232	0.000010	0.000010	0.000010	0.000010	0.999936	0.000014	0.000010	LD_0.9_7_1230
BRC20238	0.000010	0.999940	0.000010	0.000010	0.000010	0.000010	0.000010	LD_0.9_7_1230
BRC20239	0.000010	0.000010	0.000010	0.000010	0.999932	0.000018	0.000010	LD_0.9_7_1230
BRC20241	0.083637	0.000017	0.000010	0.916306	0.000010	0.000010	0.000010	LD_0.9_7_1230
BRC20242	0.000010	0.000010	0.000010	0.999940	0.000010	0.000010	0.000010	LD_0.9_7_1230
BRC20244	0.000010	0.999936	0.000012	0.000010	0.000010	0.000012	0.000010	LD_0.9_7_1230
BRC20246	0.000010	0.999936	0.000010	0.000014	0.000010	0.000010	0.000010	LD_0.9_7_1230
BRC20257	0.995972	0.000010	0.000010	0.003978	0.000010	0.000010	0.000010	LD_0.9_7_1230
BRC20260	0.000010	0.000014	0.000010	0.999936	0.000010	0.000010	0.000010	LD_0.9_7_1230
BRC20270	0.000010	0.999939	0.000010	0.000010	0.000011	0.000010	0.000010	LD_0.9_7_1230
BRC20272	0.000010	0.999939	0.000010	0.000011	0.000011	0.000010	0.000010	LD_0.9_7_1230
BRC20289	0.000011	0.999936	0.000010	0.000012	0.000011	0.000010	0.000010	LD_0.9_7_1230
BRC20290	0.000011	0.999928	0.000010	0.000011	0.000011	0.000018	0.000010	LD_0.9_7_1230
BRC20294	0.000010	0.000010	0.000010	0.999933	0.000017	0.000010	0.000010	LD_0.9_7_1230
BRC20308	0.000010	0.999932	0.000012	0.000013	0.000010	0.000013	0.000010	LD_0.9_7_1230
BRC20309	0.000010	0.999935	0.000010	0.000011	0.000010	0.000013	0.000010	LD_0.9_7_1230
BRC20311	0.000014	0.999933	0.000010	0.000010	0.000013	0.000010	0.000010	LD_0.9_7_1230
BRC20312	0.000010	0.999932	0.000014	0.000010	0.000010	0.000014	0.000010	LD_0.9_7_1230
BRC20315	0.000010	0.999931	0.000011	0.000015	0.000010	0.000012	0.000010	LD_0.9_7_1230
BRC20320	0.000012	0.999932	0.000015	0.000011	0.000010	0.000010	0.000010	LD_0.9_7_1230
BRC20324	0.000010	0.000010	0.000010	0.373947	0.626003	0.000010	0.000010	LD_0.9_7_1230
BRC20331	0.000016	0.999928	0.000012	0.000010	0.000015	0.000010	0.000010	LD_0.9_7_1230
BRC20333	0.000010	0.999940	0.000010	0.000010	0.000010	0.000010	0.000010	LD_0.9_7_1230
BRC20334	0.000012	0.999937	0.000010	0.000010	0.000011	0.000010	0.000010	LD_0.9_7_1230
BRC20339	0.000010	0.999937	0.000010	0.000010	0.000010	0.000013	0.000010	LD_0.9_7_1230
BRC20341	0.000010	0.999934	0.000010	0.000015	0.000011	0.000010	0.000010	LD_0.9_7_1230
BRC20343	0.000010	0.000010	0.000010	0.000010	0.999940	0.000010	0.000010	LD_0.9_7_1230
BRC20346	0.000010	0.999932	0.000010	0.000018	0.000010	0.000010	0.000010	LD_0.9_7_1230
BRC20347	0.000010	0.000013	0.000010	0.000010	0.999937	0.000010	0.000010	LD_0.9_7_1230
BRC20348	0.000013	0.999926	0.000018	0.000010	0.000010	0.000012	0.000010	LD_0.9_7_1230
BRC20353	0.000010	0.000015	0.000010	0.868834	0.131110	0.000010	0.000010	LD_0.9_7_1230
BRC20360	0.000010	0.000010	0.000010	0.864338	0.135612	0.000010	0.000010	LD_0.9_7_1230
BRC20361	0.000010	0.000013	0.000010	0.861995	0.137951	0.000012	0.000010	LD_0.9_7_1230
BRC20362	0.013422	0.000010	0.000010	0.863296	0.123240	0.000013	0.000010	LD_0.9_7_1230
BRC20366	0.000010	0.999939	0.000010	0.000010	0.000011	0.000010	0.000010	LD_0.9_7_1230
BRC20367	0.000012	0.999935	0.000010	0.000010	0.000010	0.000013	0.000010	LD_0.9_7_1230
BRC20369	0.000010	0.000010	0.000010	0.999940	0.000010	0.000010	0.000010	LD_0.9_7_1230
BRC20370	0.000010	0.999936	0.000010	0.000011	0.000010	0.000013	0.000010	LD_0.9_7_1230
BRC20388	0.000010	0.000010	0.999940	0.000010	0.000010	0.000010	0.000010	LD_0.9_7_1230
BRC20390	0.000010	0.999935	0.000010	0.000015	0.000010	0.000010	0.000010	LD_0.9_7_1230
BRC20401	0.000010	0.000010	0.000010	0.999940	0.000010	0.000010	0.000010	LD_0.9_7_1230
BRC20463	0.000010	0.999937	0.000013	0.000010	0.000010	0.000010	0.000010	LD_0.9_7_1230
BRC20492	0.000010	0.360237	0.000010	0.241458	0.055357	0.342918	0.000010	LD_0.9_7_1230
BRC20499	0.000010	0.999940	0.000010	0.000010	0.000010	0.000010	0.000010	LD_0.9_7_1230
BRC20501	0.000011	0.999939	0.000010	0.000010	0.000010	0.000010	0.000010	LD_0.9_7_1230
BRC20502	0.000014	0.202101	0.579607	0.147669	0.070589	0.000010	0.000010	LD_0.9_7_1230
BRC20503	0.000010	0.203139	0.579301	0.147549	0.069981	0.000010	0.000010	LD_0.9_7_1230
BRC20519	0.000010	0.347620	0.000010	0.247772	0.063409	0.341169	0.000010	LD_0.9_7_1230
BRC20520	0.000010	0.357927	0.000010	0.245452	0.053545	0.343046	0.000010	LD_0.9_7_1230
BRC20522	0.000010	0.000010	0.000010	0.000010	0.999940	0.000010	0.000010	LD_0.9_7_1230
BRC20524	0.000010	0.000010	0.000010	0.000010	0.999940	0.000010	0.000010	LD_0.9_7_1230
BRC20529	0.000010	0.999936	0.000011	0.000012	0.000010	0.000010	0.000010	LD_0.9_7_1230
BRC20530	0.000011	0.000010	0.000013	0.000011	0.999929	0.000016	0.000010	LD_0.9_7_1230
BRC20531	0.000010	0.000010	0.000010	0.000010	0.999933	0.000017	0.000010	LD_0.9_7_1230
BRC20532	0.000010	0.999939	0.000010	0.000011	0.000010	0.000010	0.000010	LD_0.9_7_1230
BRC20533	0.000013	0.999932	0.000010	0.000015	0.000010	0.000010	0.000010	LD_0.9_7_1230
BRC20534	0.000010	0.999936	0.000014	0.000010	0.000010	0.000010	0.000010	LD_0.9_7_1230
BRC20535	0.000015	0.999927	0.000010	0.000014	0.000012	0.000012	0.000010	LD_0.9_7_1230
BRC20536	0.000011	0.999934	0.000014	0.000010	0.000010	0.000011	0.000010	LD_0.9_7_1230
BRC20537	0.000013	0.999926	0.000012	0.000015	0.000010	0.000014	0.000010	LD_0.9_7_1230
BRC20541	0.000010	0.329156	0.000010	0.253808	0.084847	0.332159	0.000010	LD_0.9_7_1230
BRC20543	0.000010	0.999925	0.000015	0.000016	0.000011	0.000012	0.000010	LD_0.9_7_1230
BRC20544	0.000018	0.999924	0.000015	0.000010	0.000012	0.000011	0.000010	LD_0.9_7_1230
BRC20545	0.000010	0.999928	0.000012	0.000015	0.000012	0.000013	0.000010	LD_0.9_7_1230
BRC20556	0.000010	0.000015	0.000010	0.999935	0.000010	0.000010	0.000010	LD_0.9_7_1230
BRC20557	0.000010	0.999931	0.000011	0.000013	0.000010	0.000014	0.000010	LD_0.9_7_1230
BRC20565	0.000010	0.000010	0.000010	0.999940	0.000010	0.000010	0.000010	LD_0.9_7_1230
BRC20571	0.011358	0.000010	0.000010	0.988588	0.000013	0.000010	0.000010	LD_0.9_7_1230
BRC20574	0.000010	0.000010	0.000010	0.999940	0.000010	0.000010	0.000010	LD_0.9_7_1230
BW287	0.000010	0.000010	0.999933	0.000010	0.000016	0.000011	0.000010	LD_0.9_7_1230
DF5100	0.000010	0.000016	0.000010	0.999934	0.000010	0.000010	0.000010	LD_0.9_7_1230
ECA1129	0.000010	0.000011	0.000011	0.999938	0.000010	0.000010	0.000010	LD_0.9_7_1230
ECA1143	0.079962	0.000020	0.000010	0.919978	0.000010	0.000010	0.000010	LD_0.9_7_1230
ECA1147	0.000010	0.000010	0.000010	0.999940	0.000010	0.000010	0.000010	LD_0.9_7_1230
ECA1149	0.000010	0.043801	0.000011	0.956148	0.000010	0.000010	0.000010	LD_0.9_7_1230
ECA1160	0.000010	0.000010	0.000010	0.999940	0.000010	0.000010	0.000010	LD_0.9_7_1230
ECA1164	0.000010	0.000015	0.000010	0.999935	0.000010	0.000010	0.000010	LD_0.9_7_1230
ECA1170	0.000010	0.999929	0.000012	0.000019	0.000010	0.000010	0.000010	LD_0.9_7_1230
ECA1174	0.000010	0.000010	0.000010	0.999939	0.000011	0.000010	0.000010	LD_0.9_7_1230
ECA1383	0.000010	0.999934	0.000010	0.000016	0.000010	0.000010	0.000010	LD_0.9_7_1230
ECA1411	0.000010	0.000010	0.000010	0.999940	0.000010	0.000010	0.000010	LD_0.9_7_1230
ECA1423	0.000010	0.000010	0.000010	0.999940	0.000010	0.000010	0.000010	LD_0.9_7_1230
ECA1429	0.000010	0.000013	0.000010	0.999936	0.000011	0.000010	0.000010	LD_0.9_7_1230
ECA1431	0.000010	0.000010	0.000010	0.999940	0.000010	0.000010	0.000010	LD_0.9_7_1230
ECA1437	0.000010	0.000020	0.000010	0.999930	0.000010	0.000010	0.000010	LD_0.9_7_1230
ECA1439	0.000010	0.000010	0.000012	0.999938	0.000010	0.000010	0.000010	LD_0.9_7_1230
ECA1443	0.000010	0.948939	0.000010	0.051011	0.000010	0.000010	0.000010	LD_0.9_7_1230
ECA1471	0.000010	0.000010	0.000010	0.999940	0.000010	0.000010	0.000010	LD_0.9_7_1230
ECA1489	0.129732	0.000010	0.000010	0.870218	0.000010	0.000010	0.000010	LD_0.9_7_1230
ECA1507	0.000010	0.000013	0.000011	0.999934	0.000012	0.000010	0.000010	LD_0.9_7_1230
ECA1509	0.000010	0.000010	0.000010	0.999940	0.000010	0.000010	0.000010	LD_0.9_7_1230
ECA1517	0.000012	0.000014	0.000010	0.999935	0.000010	0.000010	0.000010	LD_0.9_7_1230
ECA1521	0.000010	0.000010	0.000012	0.999938	0.000010	0.000010	0.000010	LD_0.9_7_1230
ECA1555	0.000010	0.000010	0.000010	0.999937	0.000013	0.000010	0.000010	LD_0.9_7_1230
ECA1559	0.000010	0.999931	0.000010	0.000019	0.000010	0.000010	0.000010	LD_0.9_7_1230
ECA1563	0.000010	0.000015	0.000010	0.999935	0.000010	0.000010	0.000010	LD_0.9_7_1230
ECA1571	0.118427	0.000010	0.000010	0.881523	0.000010	0.000010	0.000010	LD_0.9_7_1230
ECA1587	0.000010	0.000014	0.000010	0.999936	0.000010	0.000010	0.000010	LD_0.9_7_1230
ECA1605	0.052820	0.877382	0.000010	0.069757	0.000010	0.000010	0.000010	LD_0.9_7_1230
ECA1609	0.000010	0.000017	0.000010	0.999933	0.000010	0.000010	0.000010	LD_0.9_7_1230
ECA161	0.000010	0.000010	0.000010	0.999940	0.000010	0.000010	0.000010	LD_0.9_7_1230
ECA1611	0.000016	0.000012	0.000010	0.999932	0.000010	0.000010	0.000010	LD_0.9_7_1230
ECA1615	0.000012	0.000010	0.000010	0.999938	0.000010	0.000010	0.000010	LD_0.9_7_1230
ECA162	0.000010	0.000010	0.000010	0.999940	0.000010	0.000010	0.000010	LD_0.9_7_1230
ECA1621	0.000010	0.000010	0.000010	0.999940	0.000010	0.000010	0.000010	LD_0.9_7_1230
ECA163	0.000010	0.038051	0.193636	0.127846	0.589557	0.000010	0.050891	LD_0.9_7_1230
ECA1637	0.000017	0.000010	0.000010	0.999933	0.000010	0.000010	0.000010	LD_0.9_7_1230
ECA1657	0.000010	0.000010	0.000010	0.999940	0.000010	0.000010	0.000010	LD_0.9_7_1230
ECA1701	0.004774	0.000018	0.000010	0.995168	0.000010	0.000010	0.000010	LD_0.9_7_1230
ECA175	0.000010	0.000013	0.000010	0.999937	0.000010	0.000010	0.000010	LD_0.9_7_1230
ECA176	0.000010	0.000013	0.000010	0.999933	0.000014	0.000010	0.000010	LD_0.9_7_1230
ECA177	0.000010	0.000019	0.000010	0.999931	0.000010	0.000010	0.000010	LD_0.9_7_1230
ECA180	0.000010	0.000010	0.000010	0.999940	0.000010	0.000010	0.000010	LD_0.9_7_1230
ECA182	0.000013	0.000010	0.000010	0.999936	0.000010	0.000010	0.000010	LD_0.9_7_1230
ECA183	0.000010	0.000018	0.000010	0.999932	0.000010	0.000010	0.000010	LD_0.9_7_1230
ECA185	0.000010	0.000010	0.000010	0.999940	0.000010	0.000010	0.000010	LD_0.9_7_1230
ECA186	0.000010	0.000010	0.000010	0.999940	0.000010	0.000010	0.000010	LD_0.9_7_1230
ECA2083	0.000010	0.000012	0.000010	0.999938	0.000010	0.000010	0.000010	LD_0.9_7_1230
ECA2093	0.000013	0.000010	0.000010	0.999937	0.000010	0.000010	0.000010	LD_0.9_7_1230
ECA2115	0.000017	0.000010	0.000010	0.999933	0.000010	0.000010	0.000010	LD_0.9_7_1230
ECA2299	0.000010	0.999928	0.000019	0.000010	0.000010	0.000014	0.000010	LD_0.9_7_1230
ECA2373	0.032639	0.000010	0.000010	0.967306	0.000015	0.000010	0.000010	LD_0.9_7_1230
ECA2385	0.000013	0.999936	0.000010	0.000010	0.000010	0.000011	0.000010	LD_0.9_7_1230
ECA2425	0.000010	0.000010	0.000010	0.999940	0.000010	0.000010	0.000010	LD_0.9_7_1230
ECA2617	0.000010	0.000010	0.000010	0.000010	0.000010	0.000010	0.999940	LD_0.9_7_1230
ECA2618	0.000010	0.000013	0.000010	0.000010	0.000010	0.000010	0.999937	LD_0.9_7_1230
ECA2621	0.000010	0.000010	0.000010	0.000010	0.000010	0.000010	0.999940	LD_0.9_7_1230
ECA2623	0.037090	0.000010	0.000010	0.962859	0.000010	0.000011	0.000010	LD_0.9_7_1230
ECA2625	0.000010	0.000010	0.000010	0.999940	0.000010	0.000010	0.000010	LD_0.9_7_1230
ECA2626	0.000014	0.000010	0.000010	0.999936	0.000010	0.000010	0.000010	LD_0.9_7_1230
ECA2636	0.000010	0.000010	0.000010	0.999937	0.000013	0.000010	0.000010	LD_0.9_7_1230
ECA2637	0.000015	0.000010	0.000010	0.999935	0.000010	0.000010	0.000010	LD_0.9_7_1230
ECA2639	0.000010	0.000010	0.000010	0.000010	0.000010	0.000010	0.999940	LD_0.9_7_1230
ECA2645	0.000010	0.000010	0.000010	0.999940	0.000010	0.000010	0.000010	LD_0.9_7_1230
ECA2647	0.000010	0.000010	0.000010	0.000010	0.000010	0.000010	0.999940	LD_0.9_7_1230
ECA2663	0.000010	0.000010	0.000013	0.999937	0.000010	0.000010	0.000010	LD_0.9_7_1230
ECA2664	0.048778	0.000010	0.000010	0.951172	0.000010	0.000010	0.000010	LD_0.9_7_1230
ECA2666	0.000010	0.000010	0.000010	0.000010	0.000010	0.000010	0.999940	LD_0.9_7_1230
ECA2667	0.000010	0.000012	0.000010	0.999938	0.000010	0.000010	0.000010	LD_0.9_7_1230
ECA2670	0.000010	0.000010	0.000010	0.000010	0.000010	0.000010	0.999940	LD_0.9_7_1230
ECA276	0.000010	0.038674	0.191506	0.129428	0.589567	0.000010	0.050805	LD_0.9_7_1230
ECA278	0.000010	0.000010	0.999940	0.000010	0.000010	0.000010	0.000010	LD_0.9_7_1230
ECA2808	0.000017	0.000015	0.000010	0.999927	0.000010	0.000010	0.000010	LD_0.9_7_1230
ECA287	0.000010	0.993566	0.000010	0.006382	0.000010	0.000012	0.000010	LD_0.9_7_1230
ECA288	0.000010	0.103420	0.000010	0.896530	0.000010	0.000010	0.000010	LD_0.9_7_1230
ECA2883	0.000010	0.000010	0.000010	0.999940	0.000010	0.000010	0.000010	LD_0.9_7_1230
ECA2890	0.000010	0.000017	0.000010	0.999933	0.000010	0.000010	0.000010	LD_0.9_7_1230
ECA2894	0.000010	0.000019	0.000010	0.999931	0.000010	0.000010	0.000010	LD_0.9_7_1230
ECA2936	0.000010	0.999937	0.000013	0.000010	0.000010	0.000010	0.000010	LD_0.9_7_1230
ECA2975	0.000010	0.000010	0.000010	0.999940	0.000010	0.000010	0.000010	LD_0.9_7_1230
ECA3091	0.000010	0.000010	0.000010	0.999940	0.000010	0.000010	0.000010	LD_0.9_7_1230
ECA343	0.000019	0.000010	0.000010	0.999931	0.000010	0.000010	0.000010	LD_0.9_7_1230
ECA346	0.000010	0.000010	0.000010	0.999940	0.000010	0.000010	0.000010	LD_0.9_7_1230
ECA3502	0.000010	0.999931	0.000010	0.000019	0.000010	0.000010	0.000010	LD_0.9_7_1230
ECA3503	0.000010	0.000010	0.000010	0.999940	0.000010	0.000010	0.000010	LD_0.9_7_1230
ECA3509	0.000010	0.000010	0.000010	0.999940	0.000010	0.000010	0.000010	LD_0.9_7_1230
ECA3708	0.000010	0.000010	0.000010	0.999940	0.000010	0.000010	0.000010	LD_0.9_7_1230
ECA371	0.000010	0.000017	0.000010	0.999927	0.000016	0.000010	0.000010	LD_0.9_7_1230
ECA3712	0.000010	0.000010	0.000010	0.999940	0.000010	0.000010	0.000010	LD_0.9_7_1230
ECA3713	0.000016	0.000018	0.000010	0.999927	0.000010	0.000010	0.000010	LD_0.9_7_1230
ECA3899	0.000010	0.000010	0.000010	0.999940	0.000010	0.000010	0.000010	LD_0.9_7_1230
ECA4382	0.000010	0.000018	0.000010	0.999932	0.000010	0.000010	0.000010	LD_0.9_7_1230
ECA4390	0.000010	0.000016	0.000010	0.999933	0.000010	0.000011	0.000010	LD_0.9_7_1230
ECA4394	0.000010	0.000010	0.000010	0.999938	0.000010	0.000012	0.000010	LD_0.9_7_1230
ECA4402	0.000010	0.000010	0.000010	0.999940	0.000010	0.000010	0.000010	LD_0.9_7_1230
ECA569	0.000010	0.000010	0.999940	0.000010	0.000010	0.000010	0.000010	LD_0.9_7_1230
ED3032	0.000010	0.000020	0.000010	0.999930	0.000010	0.000010	0.000010	LD_0.9_7_1230
ED3037	0.000010	0.000012	0.000014	0.999933	0.000010	0.000010	0.000010	LD_0.9_7_1230
ED3088	0.000010	0.000010	0.000010	0.999940	0.000010	0.000010	0.000010	LD_0.9_7_1230
ED3102	0.000010	0.049336	0.178679	0.120015	0.607178	0.019064	0.025719	LD_0.9_7_1230
EG4360	0.000010	0.000010	0.999940	0.000010	0.000010	0.000010	0.000010	LD_0.9_7_1230
EG5612	0.000010	0.000010	0.000010	0.999940	0.000010	0.000010	0.000010	LD_0.9_7_1230
EG5613	0.057090	0.000010	0.000010	0.942860	0.000010	0.000010	0.000010	LD_0.9_7_1230
EG6179	0.000010	0.000010	0.000010	0.999940	0.000010	0.000010	0.000010	LD_0.9_7_1230
EG6260	0.021595	0.000012	0.000010	0.978349	0.000014	0.000010	0.000010	LD_0.9_7_1230
EG6261	0.007637	0.000012	0.000010	0.992311	0.000010	0.000010	0.000010	LD_0.9_7_1230
EG6265	0.014389	0.985558	0.000010	0.000013	0.000010	0.000010	0.000010	LD_0.9_7_1230
EG6267	0.011953	0.000010	0.000010	0.987997	0.000010	0.000010	0.000010	LD_0.9_7_1230
EG6271	0.047585	0.000010	0.000010	0.952365	0.000010	0.000010	0.000010	LD_0.9_7_1230
EG6272	0.010131	0.000010	0.000010	0.989819	0.000010	0.000010	0.000010	LD_0.9_7_1230
EG6274	0.000010	0.000010	0.000010	0.999940	0.000010	0.000010	0.000010	LD_0.9_7_1230
EG6275	0.000010	0.000010	0.000010	0.999937	0.000013	0.000010	0.000010	LD_0.9_7_1230
EG6276	0.000010	0.000010	0.000010	0.999940	0.000010	0.000010	0.000010	LD_0.9_7_1230
EG6329	0.101568	0.000012	0.000010	0.898380	0.000010	0.000010	0.000010	LD_0.9_7_1230
GUN124	0.000010	0.000010	0.999940	0.000010	0.000010	0.000010	0.000010	LD_0.9_7_1230
GXW22	0.000010	0.000014	0.000010	0.999935	0.000011	0.000010	0.000010	LD_0.9_7_1230
GXW23	0.000013	0.000010	0.000010	0.999937	0.000010	0.000010	0.000010	LD_0.9_7_1230
HK104	0.000010	0.000010	0.999940	0.000010	0.000010	0.000010	0.000010	LD_0.9_7_1230
HPT11	0.000010	0.159701	0.625559	0.142146	0.072564	0.000010	0.000010	LD_0.9_7_1230
HPT16	0.000010	0.000010	0.000010	0.999940	0.000010	0.000010	0.000010	LD_0.9_7_1230
HPT18	0.000010	0.160366	0.618902	0.144814	0.075888	0.000010	0.000010	LD_0.9_7_1230
HPT19	0.000010	0.000010	0.000010	0.999940	0.000010	0.000010	0.000010	LD_0.9_7_1230
HPT2	0.000010	0.000010	0.000013	0.999937	0.000010	0.000010	0.000010	LD_0.9_7_1230
HPT21	0.000010	0.000010	0.000010	0.999938	0.000011	0.000010	0.000010	LD_0.9_7_1230
HPT24	0.000010	0.158923	0.623333	0.144582	0.073133	0.000010	0.000010	LD_0.9_7_1230
HPT34	0.000010	0.000016	0.000010	0.999934	0.000010	0.000010	0.000010	LD_0.9_7_1230
HPT37	0.029764	0.000010	0.000010	0.970186	0.000010	0.000010	0.000010	LD_0.9_7_1230
HPT4	0.000010	0.000010	0.000010	0.999940	0.000010	0.000010	0.000010	LD_0.9_7_1230
HPT42	0.000010	0.000015	0.000016	0.999929	0.000010	0.000010	0.000010	LD_0.9_7_1230
HPT52	0.496344	0.000010	0.000010	0.503606	0.000010	0.000010	0.000010	LD_0.9_7_1230
HPT53	0.000010	0.000011	0.000010	0.999939	0.000010	0.000010	0.000010	LD_0.9_7_1230
HPT54	0.000010	0.000010	0.000010	0.999940	0.000010	0.000010	0.000010	LD_0.9_7_1230
HPT55	0.000010	0.000010	0.000010	0.999940	0.000010	0.000010	0.000010	LD_0.9_7_1230
HPT59	0.000010	0.000013	0.000010	0.999932	0.000015	0.000010	0.000010	LD_0.9_7_1230
HPT60	0.000010	0.000010	0.000010	0.999940	0.000010	0.000010	0.000010	LD_0.9_7_1230
HPT62	0.997950	0.001994	0.000010	0.000015	0.000010	0.000010	0.000010	LD_0.9_7_1230
HPT63	0.000010	0.000010	0.000010	0.999940	0.000010	0.000010	0.000010	LD_0.9_7_1230
HPT7	0.000010	0.000010	0.000011	0.999939	0.000010	0.000010	0.000010	LD_0.9_7_1230
HPT8	0.000010	0.000010	0.000010	0.999940	0.000010	0.000010	0.000010	LD_0.9_7_1230
HPT9	0.000010	0.002262	0.004075	0.993621	0.000012	0.000010	0.000010	LD_0.9_7_1230
JU1085	0.000012	0.000010	0.999938	0.000010	0.000010	0.000010	0.000010	LD_0.9_7_1230
JU1337	0.031331	0.000010	0.000010	0.968616	0.000010	0.000013	0.000010	LD_0.9_7_1230
JU1338	0.000010	0.003994	0.000010	0.995956	0.000010	0.000010	0.000010	LD_0.9_7_1230
JU1341	0.000010	0.000011	0.000011	0.000010	0.000010	0.999938	0.000010	LD_0.9_7_1230
JU1346	0.000010	0.000010	0.000010	0.999940	0.000010	0.000010	0.000010	LD_0.9_7_1230
JU1347	0.000010	0.000010	0.000010	0.999937	0.000012	0.000010	0.000010	LD_0.9_7_1230
JU1348	0.000010	0.000010	0.000010	0.000010	0.000010	0.999939	0.000010	LD_0.9_7_1230
JU1375	0.000010	0.000010	0.000014	0.999933	0.000013	0.000010	0.000010	LD_0.9_7_1230
JU1377	0.000010	0.000011	0.000011	0.999936	0.000012	0.000010	0.000010	LD_0.9_7_1230
JU1378	0.000010	0.000010	0.000010	0.999940	0.000010	0.000010	0.000010	LD_0.9_7_1230
JU1392	0.000010	0.000010	0.000010	0.999940	0.000010	0.000010	0.000010	LD_0.9_7_1230
JU1399	0.394311	0.000010	0.000013	0.605636	0.000010	0.000010	0.000010	LD_0.9_7_1230
JU1424	0.000010	0.006127	0.002449	0.991383	0.000010	0.000010	0.000010	LD_0.9_7_1230
JU1435	0.000010	0.000019	0.000013	0.999927	0.000010	0.000010	0.000010	LD_0.9_7_1230
JU1564	0.000010	0.000010	0.999940	0.000010	0.000010	0.000010	0.000010	LD_0.9_7_1230
JU1637	0.000018	0.000010	0.000010	0.999931	0.000011	0.000010	0.000010	LD_0.9_7_1230
JU1638	0.000010	0.000010	0.000010	0.999939	0.000011	0.000010	0.000010	LD_0.9_7_1230
JU1794	0.007245	0.000010	0.000010	0.992705	0.000010	0.000010	0.000010	LD_0.9_7_1230
JU1795	0.000010	0.000010	0.000012	0.999938	0.000010	0.000010	0.000010	LD_0.9_7_1230
JU1799	0.000010	0.000011	0.000010	0.999939	0.000010	0.000010	0.000010	LD_0.9_7_1230
JU1802	0.000017	0.000012	0.000010	0.999930	0.000011	0.000010	0.000010	LD_0.9_7_1230
JU1814	0.050921	0.000011	0.000011	0.949027	0.000010	0.000010	0.000010	LD_0.9_7_1230
JU1884	0.000010	0.000010	0.000010	0.999940	0.000010	0.000010	0.000010	LD_0.9_7_1230
JU1885	0.059499	0.000010	0.000010	0.940451	0.000010	0.000010	0.000010	LD_0.9_7_1230
JU1907	0.000010	0.000019	0.000010	0.999930	0.000011	0.000010	0.000010	LD_0.9_7_1230
JU1908	0.000010	0.000016	0.000010	0.999934	0.000010	0.000010	0.000010	LD_0.9_7_1230
JU1909	0.000010	0.000020	0.000010	0.999930	0.000010	0.000010	0.000010	LD_0.9_7_1230
JU1913	0.517303	0.000010	0.000010	0.482647	0.000010	0.000010	0.000010	LD_0.9_7_1230
JU2053	0.000010	0.000010	0.000010	0.999940	0.000010	0.000010	0.000010	LD_0.9_7_1230
JU2054	0.000010	0.000010	0.000010	0.999940	0.000010	0.000010	0.000010	LD_0.9_7_1230
JU2056	0.000010	0.000010	0.000010	0.999940	0.000010	0.000010	0.000010	LD_0.9_7_1230
JU2057	0.985972	0.000011	0.000010	0.013976	0.000011	0.000010	0.000010	LD_0.9_7_1230
JU2160	0.999934	0.000010	0.000010	0.000016	0.000010	0.000010	0.000010	LD_0.9_7_1230
JU2162	0.999935	0.000014	0.000010	0.000011	0.000010	0.000010	0.000010	LD_0.9_7_1230
JU2214	0.327936	0.000010	0.000010	0.672014	0.000010	0.000010	0.000010	LD_0.9_7_1230
JU2216	0.000012	0.999924	0.000013	0.000014	0.000011	0.000016	0.000010	LD_0.9_7_1230
JU2457	0.089935	0.000011	0.464787	0.445237	0.000010	0.000010	0.000010	LD_0.9_7_1230
JU2470	0.989270	0.008836	0.000010	0.001854	0.000010	0.000010	0.000010	LD_0.9_7_1230
JU2472	0.000010	0.000010	0.000010	0.999940	0.000010	0.000010	0.000010	LD_0.9_7_1230
JU2507	0.992658	0.007292	0.000010	0.000010	0.000010	0.000010	0.000010	LD_0.9_7_1230
JU2518	0.521117	0.000010	0.000010	0.478833	0.000010	0.000010	0.000010	LD_0.9_7_1230
JU2536	0.000010	0.000011	0.999939	0.000010	0.000010	0.000010	0.000010	LD_0.9_7_1230
JU2618	0.717478	0.000017	0.000015	0.282457	0.000010	0.000013	0.000010	LD_0.9_7_1230
JU2799	0.000010	0.000011	0.000010	0.999932	0.000013	0.000014	0.000010	LD_0.9_7_1230
JU2836	0.308284	0.000014	0.000010	0.691660	0.000012	0.000010	0.000010	LD_0.9_7_1230
JU2849	0.000010	0.000010	0.000010	0.999936	0.000010	0.000014	0.000010	LD_0.9_7_1230
JU2861	0.000010	0.000010	0.000010	0.999940	0.000010	0.000010	0.000010	LD_0.9_7_1230
JU2868	0.000010	0.000010	0.000010	0.999940	0.000010	0.000010	0.000010	LD_0.9_7_1230
JU2872	0.000010	0.000010	0.999939	0.000011	0.000010	0.000010	0.000010	LD_0.9_7_1230
JU2910	0.084035	0.000010	0.000010	0.915915	0.000010	0.000010	0.000010	LD_0.9_7_1230
JU3168	0.000010	0.038331	0.168822	0.118158	0.627462	0.021064	0.026152	LD_0.9_7_1230
JU3171	0.000010	0.000010	0.000010	0.999940	0.000010	0.000010	0.000010	LD_0.9_7_1230
JU3199	0.000010	0.000010	0.000014	0.000010	0.000010	0.999936	0.000010	LD_0.9_7_1230
JU3200	0.000013	0.000010	0.000010	0.000012	0.000010	0.999935	0.000010	LD_0.9_7_1230
JU3201	0.000010	0.000010	0.000010	0.000010	0.000010	0.999940	0.000010	LD_0.9_7_1230
JU3202	0.000010	0.000010	0.000010	0.000011	0.000010	0.999939	0.000010	LD_0.9_7_1230
JU3203	0.000010	0.000010	0.000010	0.000011	0.000010	0.999939	0.000010	LD_0.9_7_1230
JU3206	0.000010	0.000010	0.000010	0.000010	0.000010	0.999940	0.000010	LD_0.9_7_1230
JU3207	0.000010	0.000010	0.000010	0.999940	0.000010	0.000010	0.000010	LD_0.9_7_1230
JU3237	0.987187	0.000012	0.000010	0.012761	0.000010	0.000010	0.000010	LD_0.9_7_1230
JU3281	0.000010	0.000011	0.000010	0.999939	0.000010	0.000010	0.000010	LD_0.9_7_1230
JU3319	0.000010	0.000010	0.000013	0.999937	0.000010	0.000010	0.000010	LD_0.9_7_1230
JU3321	0.000010	0.000010	0.000010	0.999940	0.000010	0.000010	0.000010	LD_0.9_7_1230
JU3326	0.000017	0.132873	0.260464	0.212139	0.117528	0.276968	0.000010	LD_0.9_7_1230
JU3327	0.000010	0.000010	0.000014	0.999936	0.000010	0.000010	0.000010	LD_0.9_7_1230
JU3416	0.000010	0.028177	0.899701	0.072081	0.000010	0.000010	0.000010	LD_0.9_7_1230
JU4042	0.000010	0.000010	0.000010	0.999940	0.000010	0.000010	0.000010	LD_0.9_7_1230
JU4051	0.000010	0.000484	0.000010	0.999466	0.000010	0.000010	0.000010	LD_0.9_7_1230
JU4058	0.000012	0.000686	0.006491	0.987888	0.004903	0.000010	0.000010	LD_0.9_7_1230
JU4060	0.005516	0.000011	0.000013	0.994429	0.000011	0.000011	0.000010	LD_0.9_7_1230
JU4062	0.000010	0.000010	0.000010	0.999940	0.000010	0.000010	0.000010	LD_0.9_7_1230
JU4064	0.000010	0.000010	0.000010	0.999940	0.000010	0.000010	0.000010	LD_0.9_7_1230
JU4080	0.000012	0.000013	0.000010	0.999934	0.000010	0.000010	0.000010	LD_0.9_7_1230
JU4084	0.000010	0.000010	0.000010	0.999940	0.000010	0.000010	0.000010	LD_0.9_7_1230
JU4097	0.000010	0.000010	0.000010	0.999940	0.000010	0.000010	0.000010	LD_0.9_7_1230
JU725	0.000010	0.000010	0.000010	0.999940	0.000010	0.000010	0.000010	LD_0.9_7_1230
MY2716	0.000010	0.000010	0.000010	0.999940	0.000010	0.000010	0.000010	LD_0.9_7_1230
MY539	0.000010	0.000010	0.000010	0.999940	0.000010	0.000010	0.000010	LD_0.9_7_1230
NIC1050	0.644785	0.000013	0.000011	0.355159	0.000012	0.000010	0.000010	LD_0.9_7_1230
NIC1052	0.732810	0.000010	0.000017	0.267132	0.000011	0.000010	0.000010	LD_0.9_7_1230
NIC1054	0.546621	0.000012	0.000012	0.453323	0.000012	0.000010	0.000010	LD_0.9_7_1230
NIC1055	0.650467	0.000012	0.000010	0.349473	0.000016	0.000012	0.000010	LD_0.9_7_1230
NIC1057	0.728084	0.000010	0.000010	0.271866	0.000010	0.000010	0.000010	LD_0.9_7_1230
NIC1058	0.686137	0.000012	0.000010	0.313810	0.000010	0.000010	0.000010	LD_0.9_7_1230
NIC1059	0.654452	0.000010	0.000016	0.345488	0.000012	0.000012	0.000010	LD_0.9_7_1230
NIC1060	0.571233	0.000010	0.000011	0.428717	0.000010	0.000010	0.000010	LD_0.9_7_1230
NIC1062	0.321398	0.000012	0.000012	0.678542	0.000016	0.000010	0.000010	LD_0.9_7_1230
NIC1069	0.073605	0.000019	0.000010	0.926336	0.000010	0.000010	0.000010	LD_0.9_7_1230
NIC1103	0.666395	0.000010	0.000017	0.333547	0.000010	0.000010	0.000010	LD_0.9_7_1230
NIC1104	0.098701	0.000019	0.000010	0.901235	0.000015	0.000010	0.000010	LD_0.9_7_1230
NIC1106	0.390487	0.000013	0.000010	0.609460	0.000010	0.000010	0.000010	LD_0.9_7_1230
NIC1117	0.000010	0.000010	0.000010	0.999940	0.000010	0.000010	0.000010	LD_0.9_7_1230
NIC1123	0.000010	0.000020	0.000012	0.999927	0.000012	0.000010	0.000010	LD_0.9_7_1230
NIC1124	0.529896	0.000010	0.000010	0.470054	0.000010	0.000010	0.000010	LD_0.9_7_1230
NIC1135	0.514517	0.000010	0.000010	0.485433	0.000010	0.000010	0.000010	LD_0.9_7_1230
NIC1138	0.541063	0.000010	0.000010	0.458887	0.000010	0.000010	0.000010	LD_0.9_7_1230
NIC1141	0.513617	0.000010	0.000010	0.486333	0.000010	0.000010	0.000010	LD_0.9_7_1230
NIC115	0.000010	0.000011	0.000010	0.999939	0.000010	0.000010	0.000010	LD_0.9_7_1230
NIC117	0.000010	0.000010	0.000010	0.999940	0.000010	0.000010	0.000010	LD_0.9_7_1230
NIC1183	0.526797	0.000010	0.000010	0.473153	0.000010	0.000010	0.000010	LD_0.9_7_1230
NIC119	0.001313	0.000012	0.000013	0.998630	0.000012	0.000010	0.000010	LD_0.9_7_1230
NIC1190	0.463158	0.000010	0.000012	0.536790	0.000010	0.000010	0.000010	LD_0.9_7_1230
NIC1202	0.000010	0.000010	0.000010	0.999940	0.000010	0.000010	0.000010	LD_0.9_7_1230
NIC1204	0.000010	0.000010	0.000010	0.999940	0.000010	0.000010	0.000010	LD_0.9_7_1230
NIC1205	0.000010	0.999931	0.000012	0.000014	0.000011	0.000012	0.000010	LD_0.9_7_1230
NIC1218	0.000010	0.000010	0.000010	0.999940	0.000010	0.000010	0.000010	LD_0.9_7_1230
NIC1220	0.000010	0.999939	0.000011	0.000010	0.000010	0.000010	0.000010	LD_0.9_7_1230
NIC1221	0.000010	0.000010	0.000010	0.999940	0.000010	0.000010	0.000010	LD_0.9_7_1230
NIC123	0.000010	0.000011	0.000016	0.999929	0.000014	0.000010	0.000010	LD_0.9_7_1230
NIC1267	0.180386	0.000010	0.000010	0.819564	0.000010	0.000010	0.000010	LD_0.9_7_1230
NIC1283	0.454856	0.000010	0.000010	0.545094	0.000010	0.000010	0.000010	LD_0.9_7_1230
NIC1288	0.562036	0.000010	0.000010	0.437914	0.000010	0.000010	0.000010	LD_0.9_7_1230
NIC1292	0.529899	0.000011	0.000010	0.470050	0.000010	0.000010	0.000010	LD_0.9_7_1230
NIC1302	0.387560	0.000015	0.000010	0.612385	0.000010	0.000010	0.000010	LD_0.9_7_1230
NIC1304	0.552943	0.000015	0.000010	0.447002	0.000010	0.000010	0.000010	LD_0.9_7_1230
NIC1308	0.000010	0.000010	0.000014	0.999936	0.000010	0.000010	0.000010	LD_0.9_7_1230
NIC1407	0.575827	0.000010	0.000010	0.424123	0.000010	0.000010	0.000010	LD_0.9_7_1230
NIC1421	0.328389	0.000011	0.000010	0.671561	0.000010	0.000010	0.000010	LD_0.9_7_1230
NIC1423	0.651589	0.000010	0.000010	0.348361	0.000010	0.000010	0.000010	LD_0.9_7_1230
NIC1442	0.475823	0.000010	0.000010	0.524125	0.000010	0.000012	0.000010	LD_0.9_7_1230
NIC1491	0.475904	0.000010	0.000010	0.524044	0.000010	0.000012	0.000010	LD_0.9_7_1230
NIC1525	0.000010	0.000010	0.000010	0.999940	0.000010	0.000010	0.000010	LD_0.9_7_1230
NIC1528	0.000010	0.000010	0.000015	0.999935	0.000010	0.000010	0.000010	LD_0.9_7_1230
NIC1529	0.000010	0.000010	0.000010	0.999940	0.000010	0.000010	0.000010	LD_0.9_7_1230
NIC1533	0.000016	0.000010	0.000012	0.999930	0.000011	0.000010	0.000010	LD_0.9_7_1230
NIC1535	0.000010	0.000011	0.000010	0.999939	0.000010	0.000010	0.000010	LD_0.9_7_1230
NIC1539	0.000010	0.999938	0.000010	0.000012	0.000010	0.000010	0.000010	LD_0.9_7_1230
NIC1540	0.000010	0.000010	0.000010	0.000010	0.999940	0.000010	0.000010	LD_0.9_7_1230
NIC1562	0.000014	0.999928	0.000010	0.000015	0.000012	0.000010	0.000010	LD_0.9_7_1230
NIC1589	0.000010	0.000010	0.000010	0.000010	0.999937	0.000013	0.000010	LD_0.9_7_1230
NIC1590	0.000010	0.999935	0.000010	0.000014	0.000011	0.000010	0.000010	LD_0.9_7_1230
NIC1591	0.000010	0.000010	0.000010	0.000010	0.999937	0.000013	0.000010	LD_0.9_7_1230
NIC1593	0.000010	0.000010	0.000010	0.000010	0.999937	0.000013	0.000010	LD_0.9_7_1230
NIC1595	0.000010	0.999937	0.000012	0.000010	0.000010	0.000011	0.000010	LD_0.9_7_1230
NIC1598	0.000016	0.992758	0.000010	0.007185	0.000010	0.000011	0.000010	LD_0.9_7_1230
NIC1602	0.000010	0.999928	0.000018	0.000010	0.000011	0.000013	0.000010	LD_0.9_7_1230
NIC1607	0.000010	0.355969	0.000010	0.239981	0.060025	0.343995	0.000010	LD_0.9_7_1230
NIC1628	0.000010	0.000010	0.000011	0.999937	0.000012	0.000010	0.000010	LD_0.9_7_1230
NIC1630	0.000014	0.999929	0.000016	0.000010	0.000010	0.000010	0.000010	LD_0.9_7_1230
NIC1631	0.000010	0.999931	0.000011	0.000018	0.000010	0.000010	0.000010	LD_0.9_7_1230
NIC1632	0.000010	0.000019	0.999931	0.000010	0.000010	0.000010	0.000010	LD_0.9_7_1230
NIC1633	0.000010	0.000010	0.999936	0.000010	0.000014	0.000010	0.000010	LD_0.9_7_1230
NIC1635	0.000010	0.000010	0.999939	0.000010	0.000011	0.000010	0.000010	LD_0.9_7_1230
NIC1645	0.000010	0.999934	0.000016	0.000010	0.000010	0.000010	0.000010	LD_0.9_7_1230
NIC1660	0.000010	0.999940	0.000010	0.000010	0.000010	0.000010	0.000010	LD_0.9_7_1230
NIC1661	0.000010	0.999937	0.000010	0.000013	0.000010	0.000010	0.000010	LD_0.9_7_1230
NIC1662	0.000010	0.999933	0.000010	0.000013	0.000010	0.000014	0.000010	LD_0.9_7_1230
NIC1663	0.000010	0.999937	0.000011	0.000012	0.000010	0.000010	0.000010	LD_0.9_7_1230
NIC1664	0.000010	0.000010	0.000010	0.000010	0.999940	0.000010	0.000010	LD_0.9_7_1230
NIC1665	0.000011	0.000016	0.000010	0.000011	0.999932	0.000010	0.000010	LD_0.9_7_1230
NIC1666	0.000010	0.999933	0.000014	0.000013	0.000010	0.000010	0.000010	LD_0.9_7_1230
NIC1667	0.000010	0.999934	0.000010	0.000014	0.000010	0.000011	0.000010	LD_0.9_7_1230
NIC1681	0.000010	0.999925	0.000013	0.000017	0.000013	0.000012	0.000010	LD_0.9_7_1230
NIC1688	0.000010	0.000012	0.000010	0.999927	0.000019	0.000013	0.000010	LD_0.9_7_1230
NIC1692	0.000010	0.999937	0.000013	0.000010	0.000010	0.000010	0.000010	LD_0.9_7_1230
NIC1693	0.000010	0.999932	0.000010	0.000018	0.000010	0.000010	0.000010	LD_0.9_7_1230
NIC17	0.000012	0.000010	0.000011	0.999937	0.000010	0.000010	0.000010	LD_0.9_7_1230
NIC174	0.000010	0.000010	0.999940	0.000010	0.000010	0.000010	0.000010	LD_0.9_7_1230
NIC187	0.000010	0.000010	0.000013	0.999935	0.000013	0.000010	0.000010	LD_0.9_7_1230
NIC188	0.000010	0.000010	0.000010	0.999940	0.000010	0.000010	0.000010	LD_0.9_7_1230
NIC19	0.000010	0.000010	0.000010	0.000014	0.999936	0.000010	0.000010	LD_0.9_7_1230
NIC191	0.000010	0.000010	0.000018	0.999928	0.000014	0.000010	0.000010	LD_0.9_7_1230
NIC20	0.000010	0.000010	0.000013	0.000010	0.999937	0.000010	0.000010	LD_0.9_7_1230
NIC21	0.000010	0.000010	0.000011	0.000010	0.999936	0.000013	0.000010	LD_0.9_7_1230
NIC22	0.000010	0.000010	0.000010	0.000010	0.999939	0.000011	0.000010	LD_0.9_7_1230
NIC2369	0.000010	0.000010	0.000010	0.999940	0.000010	0.000010	0.000010	LD_0.9_7_1230
NIC248	0.000010	0.000010	0.000010	0.999935	0.000015	0.000010	0.000010	LD_0.9_7_1230
NIC250	0.000010	0.000010	0.000010	0.999940	0.000010	0.000010	0.000010	LD_0.9_7_1230
NIC2527	0.000010	0.000010	0.000010	0.999940	0.000010	0.000010	0.000010	LD_0.9_7_1230
NIC309	0.367728	0.000010	0.000010	0.632222	0.000010	0.000010	0.000010	LD_0.9_7_1230
NIC325	0.382247	0.000015	0.000011	0.617696	0.000010	0.000010	0.000010	LD_0.9_7_1230
NIC327	0.629916	0.000010	0.000010	0.370030	0.000014	0.000010	0.000010	LD_0.9_7_1230
NIC329	0.494886	0.000010	0.000010	0.505064	0.000010	0.000010	0.000010	LD_0.9_7_1230
NIC330	0.475927	0.000010	0.000010	0.524020	0.000011	0.000012	0.000010	LD_0.9_7_1230
NIC331	0.430435	0.000010	0.000010	0.569507	0.000018	0.000010	0.000010	LD_0.9_7_1230
NIC332	0.542974	0.000011	0.000010	0.456975	0.000010	0.000010	0.000010	LD_0.9_7_1230
NIC333	0.513062	0.000010	0.000010	0.486887	0.000011	0.000010	0.000010	LD_0.9_7_1230
NIC343	0.000010	0.000010	0.000010	0.999940	0.000010	0.000010	0.000010	LD_0.9_7_1230
NIC392	0.134613	0.000010	0.000014	0.865332	0.000010	0.000010	0.000010	LD_0.9_7_1230
NIC400	0.539065	0.000010	0.000010	0.460885	0.000010	0.000010	0.000010	LD_0.9_7_1230
NIC402	0.533026	0.000010	0.000010	0.466917	0.000017	0.000010	0.000010	LD_0.9_7_1230
NIC419	0.000010	0.000010	0.000010	0.999940	0.000010	0.000010	0.000010	LD_0.9_7_1230
NIC504	0.000011	0.999933	0.000012	0.000014	0.000010	0.000010	0.000010	LD_0.9_7_1230
NIC505	0.000010	0.999930	0.000011	0.000019	0.000010	0.000010	0.000010	LD_0.9_7_1230
NIC518	0.000010	0.999932	0.000010	0.000017	0.000010	0.000012	0.000010	LD_0.9_7_1230
NIC519	0.000010	0.999938	0.000011	0.000012	0.000010	0.000010	0.000010	LD_0.9_7_1230
NIC532	0.000010	0.000010	0.000010	0.999940	0.000010	0.000010	0.000010	LD_0.9_7_1230
NIC541	0.644883	0.000018	0.000012	0.355049	0.000018	0.000010	0.000010	LD_0.9_7_1230
NIC549	0.000010	0.000010	0.000010	0.999940	0.000010	0.000010	0.000010	LD_0.9_7_1230
NIC552	0.041235	0.000010	0.000010	0.958715	0.000010	0.000010	0.000010	LD_0.9_7_1230
NIC555	0.178542	0.000011	0.000010	0.821406	0.000010	0.000010	0.000010	LD_0.9_7_1230
NIC574	0.008485	0.000010	0.000010	0.991465	0.000010	0.000010	0.000010	LD_0.9_7_1230
NIC578	0.000010	0.000010	0.000010	0.999940	0.000010	0.000010	0.000010	LD_0.9_7_1230
NIC583	0.116959	0.000010	0.000010	0.882991	0.000010	0.000010	0.000010	LD_0.9_7_1230
NIC590	0.343072	0.000010	0.000010	0.656878	0.000010	0.000010	0.000010	LD_0.9_7_1230
NIC593	0.000010	0.000010	0.000010	0.999940	0.000010	0.000010	0.000010	LD_0.9_7_1230
NIC60	0.178264	0.000010	0.000010	0.821685	0.000010	0.000010	0.000010	LD_0.9_7_1230
NIC61	0.014008	0.000013	0.000014	0.985934	0.000010	0.000010	0.000010	LD_0.9_7_1230
NIC62	0.092030	0.000010	0.000010	0.907920	0.000010	0.000010	0.000010	LD_0.9_7_1230
NIC67	0.000010	0.000011	0.000010	0.999936	0.000013	0.000010	0.000010	LD_0.9_7_1230
NIC758	0.260661	0.000016	0.000010	0.739281	0.000013	0.000010	0.000010	LD_0.9_7_1230
NIC777	0.308592	0.000010	0.000010	0.691352	0.000014	0.000011	0.000010	LD_0.9_7_1230
NIC779	0.000012	0.999934	0.000014	0.000010	0.000010	0.000010	0.000010	LD_0.9_7_1230
NIC790	0.000010	0.000010	0.000010	0.999940	0.000010	0.000010	0.000010	LD_0.9_7_1230
NIC791	0.936358	0.000010	0.000010	0.063592	0.000010	0.000010	0.000010	LD_0.9_7_1230
NIC792	0.334177	0.000014	0.000010	0.665767	0.000010	0.000011	0.000010	LD_0.9_7_1230
NIC793	0.000010	0.000010	0.000010	0.999940	0.000010	0.000010	0.000010	LD_0.9_7_1230
NIC795	0.000010	0.000013	0.000010	0.999937	0.000010	0.000010	0.000010	LD_0.9_7_1230
NIC796	0.000015	0.000015	0.000012	0.992655	0.007283	0.000010	0.000010	LD_0.9_7_1230
NIC802	0.000010	0.000015	0.000010	0.999935	0.000010	0.000010	0.000010	LD_0.9_7_1230
NIC803	0.000010	0.000010	0.000010	0.999940	0.000010	0.000010	0.000010	LD_0.9_7_1230
NIC805	0.000010	0.999924	0.000014	0.000017	0.000012	0.000012	0.000010	LD_0.9_7_1230
NIC811	0.000010	0.000010	0.000010	0.999940	0.000010	0.000010	0.000010	LD_0.9_7_1230
NIC814	0.000010	0.999936	0.000010	0.000010	0.000010	0.000014	0.000010	LD_0.9_7_1230
NIC815	0.000012	0.999938	0.000010	0.000010	0.000010	0.000010	0.000010	LD_0.9_7_1230
NIC816	0.000010	0.000010	0.000010	0.000018	0.999932	0.000010	0.000010	LD_0.9_7_1230
NIC819	0.000010	0.326132	0.000013	0.250439	0.096455	0.326941	0.000010	LD_0.9_7_1230
NIC821	0.000019	0.000010	0.000010	0.999931	0.000010	0.000010	0.000010	LD_0.9_7_1230
NIC822	0.000013	0.999937	0.000010	0.000010	0.000010	0.000010	0.000010	LD_0.9_7_1230
NIC824	0.000010	0.999939	0.000011	0.000010	0.000011	0.000010	0.000010	LD_0.9_7_1230
NIC825	0.000010	0.000014	0.000011	0.000011	0.999930	0.000014	0.000010	LD_0.9_7_1230
NIC827	0.000010	0.000010	0.000010	0.000010	0.999940	0.000010	0.000010	LD_0.9_7_1230
NIC828	0.000010	0.000010	0.000015	0.000010	0.999935	0.000010	0.000010	LD_0.9_7_1230
NIC863	0.000013	0.999928	0.000015	0.000010	0.000010	0.000013	0.000010	LD_0.9_7_1230
NIC864	0.000010	0.999924	0.000016	0.000017	0.000012	0.000012	0.000010	LD_0.9_7_1230
NIC865	0.000012	0.999929	0.000015	0.000011	0.000010	0.000014	0.000010	LD_0.9_7_1230
NIC871	0.000010	0.000010	0.000010	0.999938	0.000012	0.000010	0.000010	LD_0.9_7_1230
NIC883	0.000010	0.000016	0.000010	0.999926	0.000019	0.000010	0.000010	LD_0.9_7_1230
NIC889	0.000011	0.999935	0.000010	0.000015	0.000010	0.000010	0.000010	LD_0.9_7_1230
NIC893	0.000010	0.207464	0.575990	0.147704	0.068812	0.000010	0.000010	LD_0.9_7_1230
NIC897	0.000010	0.999931	0.000010	0.000016	0.000010	0.000013	0.000010	LD_0.9_7_1230
NIC899	0.000010	0.000010	0.999940	0.000010	0.000010	0.000010	0.000010	LD_0.9_7_1230
NIC901	0.000010	0.000010	0.000010	0.999940	0.000010	0.000010	0.000010	LD_0.9_7_1230
NIC911	0.000010	0.000010	0.000010	0.999937	0.000013	0.000010	0.000010	LD_0.9_7_1230
NIC96	0.475666	0.000010	0.000010	0.524284	0.000010	0.000010	0.000010	LD_0.9_7_1230
NIC984	0.000010	0.000010	0.000010	0.999938	0.000012	0.000010	0.000010	LD_0.9_7_1230
NIC985	0.000010	0.000010	0.000010	0.999940	0.000010	0.000010	0.000010	LD_0.9_7_1230
PB800	0.000010	0.000010	0.999940	0.000010	0.000010	0.000010	0.000010	LD_0.9_7_1230
PB857	0.000012	0.000010	0.999937	0.000010	0.000011	0.000010	0.000010	LD_0.9_7_1230
PE887	0.000014	0.000010	0.000010	0.999936	0.000010	0.000010	0.000010	LD_0.9_7_1230
QG1005	0.999936	0.000013	0.000012	0.000010	0.000010	0.000010	0.000010	LD_0.9_7_1230
QG1007	0.999934	0.000010	0.000010	0.000016	0.000010	0.000010	0.000010	LD_0.9_7_1230
QG1111	0.999929	0.000011	0.000011	0.000019	0.000010	0.000010	0.000010	LD_0.9_7_1230
QG1126	0.999934	0.000010	0.000010	0.000016	0.000010	0.000010	0.000010	LD_0.9_7_1230
QG1141	0.999937	0.000013	0.000010	0.000010	0.000010	0.000010	0.000010	LD_0.9_7_1230
QG1155	0.999936	0.000013	0.000010	0.000010	0.000010	0.000010	0.000010	LD_0.9_7_1230
QG130	0.000010	0.000011	0.000010	0.999939	0.000010	0.000010	0.000010	LD_0.9_7_1230
QG132	0.000010	0.000010	0.000010	0.999939	0.000011	0.000010	0.000010	LD_0.9_7_1230
QG133	0.000010	0.980286	0.000010	0.019663	0.000010	0.000010	0.000010	LD_0.9_7_1230
QG2641	0.999934	0.000015	0.000011	0.000010	0.000010	0.000010	0.000010	LD_0.9_7_1230
QG2648	0.999940	0.000010	0.000010	0.000010	0.000010	0.000010	0.000010	LD_0.9_7_1230
QG2659	0.999940	0.000010	0.000010	0.000010	0.000010	0.000010	0.000010	LD_0.9_7_1230
QG2663	0.999940	0.000010	0.000010	0.000010	0.000010	0.000010	0.000010	LD_0.9_7_1230
QG2665	0.999926	0.000016	0.000012	0.000016	0.000010	0.000010	0.000010	LD_0.9_7_1230
QG2683	0.999940	0.000010	0.000010	0.000010	0.000010	0.000010	0.000010	LD_0.9_7_1230
QG2736	0.999940	0.000010	0.000010	0.000010	0.000010	0.000010	0.000010	LD_0.9_7_1230
QG2814	0.000010	0.000016	0.000010	0.999934	0.000010	0.000010	0.000010	LD_0.9_7_1230
QG2820	0.000010	0.000019	0.000010	0.999931	0.000010	0.000010	0.000010	LD_0.9_7_1230
QG2848	0.000010	0.000010	0.000010	0.999940	0.000010	0.000010	0.000010	LD_0.9_7_1230
QG2880	0.999940	0.000010	0.000010	0.000010	0.000010	0.000010	0.000010	LD_0.9_7_1230
QG2881	0.000010	0.000010	0.000010	0.999940	0.000010	0.000010	0.000010	LD_0.9_7_1230
QG2883	0.000010	0.000013	0.000011	0.999935	0.000010	0.000011	0.000010	LD_0.9_7_1230
QG2884	0.999940	0.000010	0.000010	0.000010	0.000010	0.000010	0.000010	LD_0.9_7_1230
QG2891	0.000010	0.000010	0.000010	0.000010	0.000010	0.000010	0.999940	LD_0.9_7_1230
QG2892	0.999940	0.000010	0.000010	0.000010	0.000010	0.000010	0.000010	LD_0.9_7_1230
QG2893	0.000014	0.000012	0.000010	0.000011	0.000010	0.129958	0.869986	LD_0.9_7_1230
QG2895	0.999940	0.000010	0.000010	0.000010	0.000010	0.000010	0.000010	LD_0.9_7_1230
QG2902	0.999940	0.000010	0.000010	0.000010	0.000010	0.000010	0.000010	LD_0.9_7_1230
QG2903	0.999940	0.000010	0.000010	0.000010	0.000010	0.000010	0.000010	LD_0.9_7_1230
QG2906	0.999932	0.000010	0.000010	0.000010	0.000018	0.000010	0.000010	LD_0.9_7_1230
QG2908	0.000010	0.000010	0.000010	0.000010	0.000010	0.130490	0.869460	LD_0.9_7_1230
QG2910	0.000010	0.000010	0.000010	0.999940	0.000010	0.000010	0.000010	LD_0.9_7_1230
QG2919	0.000011	0.000010	0.000010	0.000010	0.000010	0.000010	0.999939	LD_0.9_7_1230
QG2923	0.999940	0.000010	0.000010	0.000010	0.000010	0.000010	0.000010	LD_0.9_7_1230
QG2925	0.999940	0.000010	0.000010	0.000010	0.000010	0.000010	0.000010	LD_0.9_7_1230
QG2964	0.999940	0.000010	0.000010	0.000010	0.000010	0.000010	0.000010	LD_0.9_7_1230
QG2966	0.618398	0.000010	0.000010	0.381552	0.000010	0.000010	0.000010	LD_0.9_7_1230
QG2969	0.999940	0.000010	0.000010	0.000010	0.000010	0.000010	0.000010	LD_0.9_7_1230
QG2972	0.999940	0.000010	0.000010	0.000010	0.000010	0.000010	0.000010	LD_0.9_7_1230
QG2996	0.999940	0.000010	0.000010	0.000010	0.000010	0.000010	0.000010	LD_0.9_7_1230
QG3004	0.838319	0.000013	0.000011	0.161627	0.000010	0.000010	0.000010	LD_0.9_7_1230
QG3006	0.999940	0.000010	0.000010	0.000010	0.000010	0.000010	0.000010	LD_0.9_7_1230
QG3019	0.949626	0.000010	0.000010	0.050324	0.000011	0.000010	0.000010	LD_0.9_7_1230
QG3025	0.999940	0.000010	0.000010	0.000010	0.000010	0.000010	0.000010	LD_0.9_7_1230
QG3030	0.999935	0.000010	0.000010	0.000015	0.000010	0.000010	0.000010	LD_0.9_7_1230
QG3032	0.818643	0.000014	0.000010	0.181303	0.000010	0.000010	0.000010	LD_0.9_7_1230
QG3034	0.999935	0.000010	0.000010	0.000015	0.000010	0.000010	0.000010	LD_0.9_7_1230
QG3041	0.999931	0.000011	0.000013	0.000015	0.000011	0.000010	0.000010	LD_0.9_7_1230
QG3053	0.000010	0.000010	0.000012	0.999938	0.000010	0.000010	0.000010	LD_0.9_7_1230
QG3056	0.614847	0.000011	0.000010	0.385102	0.000010	0.000010	0.000010	LD_0.9_7_1230
QG3057	0.999940	0.000010	0.000010	0.000010	0.000010	0.000010	0.000010	LD_0.9_7_1230
QG3058	0.974564	0.000014	0.000014	0.025374	0.000014	0.000010	0.000010	LD_0.9_7_1230
QG3527	0.164156	0.000010	0.000010	0.835794	0.000010	0.000010	0.000010	LD_0.9_7_1230
QG3661	0.000010	0.000010	0.999939	0.000011	0.000010	0.000010	0.000010	LD_0.9_7_1230
QG3783	0.111319	0.000010	0.000010	0.888631	0.000010	0.000010	0.000010	LD_0.9_7_1230
QG3801	0.976302	0.000011	0.000014	0.023643	0.000010	0.000010	0.000010	LD_0.9_7_1230
QG3815	0.118077	0.000010	0.000010	0.881873	0.000010	0.000010	0.000010	LD_0.9_7_1230
QG3816	0.095298	0.000010	0.000010	0.904652	0.000010	0.000010	0.000010	LD_0.9_7_1230
QG3823	0.978075	0.000014	0.000010	0.021871	0.000011	0.000010	0.000010	LD_0.9_7_1230
QG3825	0.033904	0.000010	0.000010	0.966046	0.000010	0.000010	0.000010	LD_0.9_7_1230
QG3826	0.117424	0.000010	0.000010	0.882526	0.000010	0.000010	0.000010	LD_0.9_7_1230
QG3837	0.015982	0.000010	0.000010	0.983968	0.000010	0.000010	0.000010	LD_0.9_7_1230
QG3851	0.126485	0.000010	0.000010	0.873465	0.000010	0.000010	0.000010	LD_0.9_7_1230
QG3861	0.103576	0.000010	0.000010	0.896374	0.000010	0.000010	0.000010	LD_0.9_7_1230
QG3867	0.950032	0.000010	0.000011	0.049913	0.000014	0.000010	0.000010	LD_0.9_7_1230
QG3874	0.037663	0.000010	0.000016	0.962281	0.000010	0.000010	0.000010	LD_0.9_7_1230
QG3875	0.090035	0.000010	0.000010	0.909915	0.000010	0.000010	0.000010	LD_0.9_7_1230
QG3876	0.122407	0.000010	0.000010	0.877543	0.000010	0.000010	0.000010	LD_0.9_7_1230
QG3878	0.095408	0.000010	0.000010	0.904542	0.000010	0.000010	0.000010	LD_0.9_7_1230
QG3920	0.163006	0.000010	0.000015	0.836939	0.000010	0.000010	0.000010	LD_0.9_7_1230
QG3921	0.148769	0.000013	0.000010	0.851178	0.000010	0.000010	0.000010	LD_0.9_7_1230
QG3923	0.061192	0.000010	0.000010	0.938757	0.000011	0.000010	0.000010	LD_0.9_7_1230
QG3924	0.320192	0.000010	0.000012	0.679754	0.000012	0.000010	0.000010	LD_0.9_7_1230
QG3925	0.148407	0.000017	0.000010	0.851534	0.000012	0.000010	0.000010	LD_0.9_7_1230
QG3926	0.126033	0.000015	0.000010	0.873911	0.000010	0.000010	0.000010	LD_0.9_7_1230
QG3927	0.134064	0.000011	0.000010	0.865884	0.000010	0.000010	0.000010	LD_0.9_7_1230
QG3931	0.333569	0.000016	0.000010	0.666371	0.000014	0.000010	0.000010	LD_0.9_7_1230
QG3932	0.144515	0.000018	0.000010	0.855421	0.000016	0.000010	0.000010	LD_0.9_7_1230
QG3933	0.000010	0.000010	0.000010	0.999940	0.000010	0.000010	0.000010	LD_0.9_7_1230
QG4026	0.000010	0.000010	0.000010	0.000010	0.000010	0.000010	0.999940	LD_0.9_7_1230
QG4028	0.000012	0.000010	0.000010	0.000010	0.000010	0.000010	0.999938	LD_0.9_7_1230
QG4031	0.000010	0.000010	0.000010	0.000010	0.000010	0.000010	0.999940	LD_0.9_7_1230
QG4063	0.000010	0.000010	0.000010	0.000010	0.000010	0.000010	0.999940	LD_0.9_7_1230
QG4064	0.000010	0.000010	0.000010	0.000010	0.000010	0.000010	0.999940	LD_0.9_7_1230
QG4067	0.000010	0.000010	0.000010	0.000010	0.000010	0.000010	0.999940	LD_0.9_7_1230
QG4068	0.000010	0.000010	0.000010	0.000010	0.000010	0.000010	0.999940	LD_0.9_7_1230
QG4070	0.000010	0.000010	0.000010	0.999940	0.000010	0.000010	0.000010	LD_0.9_7_1230
QG4093	0.000010	0.000010	0.000010	0.000013	0.000010	0.052544	0.947402	LD_0.9_7_1230
QG4094	0.000010	0.000010	0.000010	0.000010	0.000010	0.000010	0.999940	LD_0.9_7_1230
QG4095	0.000010	0.000010	0.000010	0.000010	0.000010	0.000010	0.999940	LD_0.9_7_1230
QG4096	0.000010	0.000010	0.000010	0.000010	0.000010	0.000010	0.999940	LD_0.9_7_1230
QG4097	0.000010	0.000010	0.000010	0.000010	0.000010	0.000010	0.999940	LD_0.9_7_1230
QG4104	0.000010	0.000010	0.000010	0.000010	0.000010	0.000010	0.999940	LD_0.9_7_1230
QG4114	0.000010	0.000010	0.000010	0.000010	0.000010	0.000010	0.999940	LD_0.9_7_1230
QG4131	0.000010	0.000010	0.000010	0.000010	0.000010	0.000010	0.999940	LD_0.9_7_1230
QG4132	0.000010	0.000010	0.000010	0.000010	0.000010	0.000010	0.999940	LD_0.9_7_1230
QG4208	0.000010	0.000010	0.000010	0.000010	0.000010	0.077099	0.922851	LD_0.9_7_1230
QG4214	0.000010	0.000010	0.000010	0.000010	0.000010	0.000010	0.999940	LD_0.9_7_1230
QG4225	0.000010	0.000010	0.000010	0.000010	0.000010	0.000010	0.999940	LD_0.9_7_1230
QG4232	0.000010	0.000011	0.000010	0.000010	0.000010	0.000010	0.999939	LD_0.9_7_1230
QG4233	0.000010	0.000010	0.000010	0.000010	0.000010	0.000010	0.999940	LD_0.9_7_1230
QG4647	0.962707	0.000010	0.000011	0.037241	0.000010	0.000012	0.000010	LD_0.9_7_1230
QG4648	0.000010	0.000011	0.000010	0.999939	0.000010	0.000010	0.000010	LD_0.9_7_1230
QG4683	0.000010	0.000015	0.000013	0.999931	0.000011	0.000010	0.000010	LD_0.9_7_1230
QG4701	0.589731	0.000010	0.000010	0.410219	0.000010	0.000010	0.000010	LD_0.9_7_1230
QG4706	0.000010	0.000015	0.000013	0.999929	0.000012	0.000010	0.000010	LD_0.9_7_1230
QG4718	0.000010	0.000010	0.000011	0.999939	0.000010	0.000010	0.000010	LD_0.9_7_1230
QG4742	0.000010	0.000010	0.000010	0.999939	0.000011	0.000010	0.000010	LD_0.9_7_1230
QG4805	0.957775	0.000010	0.000010	0.042174	0.000011	0.000010	0.000010	LD_0.9_7_1230
QG4847	0.000010	0.000010	0.000010	0.999938	0.000012	0.000010	0.000010	LD_0.9_7_1230
QG4966	0.000010	0.000010	0.000010	0.999939	0.000011	0.000010	0.000010	LD_0.9_7_1230
QG5348	0.000010	0.000010	0.000010	0.999940	0.000010	0.000010	0.000010	LD_0.9_7_1230
QG5406	0.000010	0.000013	0.000013	0.999932	0.000011	0.000010	0.000010	LD_0.9_7_1230
QG547	0.000010	0.000010	0.999939	0.000011	0.000010	0.000010	0.000010	LD_0.9_7_1230
QG5474	0.644636	0.000010	0.000010	0.355314	0.000010	0.000010	0.000010	LD_0.9_7_1230
QG5488	0.000010	0.000010	0.000010	0.999940	0.000010	0.000010	0.000010	LD_0.9_7_1230
QG550	0.073804	0.000010	0.000010	0.926146	0.000010	0.000010	0.000010	LD_0.9_7_1230
QG5507	0.198866	0.000010	0.000010	0.801084	0.000010	0.000010	0.000010	LD_0.9_7_1230
QG5525	0.000010	0.000012	0.000010	0.999937	0.000010	0.000010	0.000010	LD_0.9_7_1230
QG5589	0.834599	0.000010	0.000010	0.165348	0.000010	0.000012	0.000010	LD_0.9_7_1230
QG5603	0.673088	0.000010	0.000010	0.326862	0.000011	0.000010	0.000010	LD_0.9_7_1230
QG5611	0.000010	0.000018	0.000010	0.999932	0.000010	0.000010	0.000010	LD_0.9_7_1230
QG5612	0.006737	0.000010	0.000010	0.993213	0.000010	0.000010	0.000010	LD_0.9_7_1230
QG5633	0.000015	0.000010	0.000010	0.999935	0.000010	0.000010	0.000010	LD_0.9_7_1230
QG581	0.000010	0.000010	0.999940	0.000010	0.000010	0.000010	0.000010	LD_0.9_7_1230
QG588	0.000010	0.000010	0.999938	0.000011	0.000011	0.000010	0.000010	LD_0.9_7_1230
QG700	0.870790	0.000013	0.000010	0.129157	0.000010	0.000010	0.000010	LD_0.9_7_1230
QG727	0.999936	0.000014	0.000010	0.000010	0.000010	0.000010	0.000010	LD_0.9_7_1230
QG733	0.999936	0.000011	0.000010	0.000010	0.000013	0.000010	0.000010	LD_0.9_7_1230
QG736	0.999938	0.000012	0.000010	0.000010	0.000010	0.000010	0.000010	LD_0.9_7_1230
QG737	0.999940	0.000010	0.000010	0.000010	0.000010	0.000010	0.000010	LD_0.9_7_1230
QG739	0.999940	0.000010	0.000010	0.000010	0.000010	0.000010	0.000010	LD_0.9_7_1230
QG761	0.793099	0.000017	0.000010	0.206844	0.000010	0.000010	0.000010	LD_0.9_7_1230
QG763	0.980364	0.000017	0.000010	0.019580	0.000010	0.000010	0.000010	LD_0.9_7_1230
QG776	0.999939	0.000011	0.000010	0.000010	0.000010	0.000010	0.000010	LD_0.9_7_1230
QG781	0.999940	0.000010	0.000010	0.000010	0.000010	0.000010	0.000010	LD_0.9_7_1230
QG784	0.999933	0.000012	0.000014	0.000010	0.000010	0.000010	0.000010	LD_0.9_7_1230
QG786	0.999939	0.000011	0.000010	0.000010	0.000010	0.000010	0.000010	LD_0.9_7_1230
QG788	0.999940	0.000010	0.000010	0.000010	0.000010	0.000010	0.000010	LD_0.9_7_1230
QG790	0.999940	0.000010	0.000010	0.000010	0.000010	0.000010	0.000010	LD_0.9_7_1230
QG791	0.978618	0.000010	0.000010	0.021332	0.000010	0.000010	0.000010	LD_0.9_7_1230
QG795	0.745492	0.000012	0.000010	0.254456	0.000010	0.000010	0.000010	LD_0.9_7_1230
QG797	0.999940	0.000010	0.000010	0.000010	0.000010	0.000010	0.000010	LD_0.9_7_1230
QG802	0.999940	0.000010	0.000010	0.000010	0.000010	0.000010	0.000010	LD_0.9_7_1230
QG804	0.999939	0.000011	0.000010	0.000010	0.000010	0.000010	0.000010	LD_0.9_7_1230
QG806	0.999931	0.000010	0.000010	0.000019	0.000010	0.000010	0.000010	LD_0.9_7_1230
QG807	0.999940	0.000010	0.000010	0.000010	0.000010	0.000010	0.000010	LD_0.9_7_1230
QG808	0.995086	0.000013	0.000010	0.004861	0.000010	0.000010	0.000010	LD_0.9_7_1230
QG809	0.999940	0.000010	0.000010	0.000010	0.000010	0.000010	0.000010	LD_0.9_7_1230
QG825	0.999940	0.000010	0.000010	0.000010	0.000010	0.000010	0.000010	LD_0.9_7_1230
QG827	0.999940	0.000010	0.000010	0.000010	0.000010	0.000010	0.000010	LD_0.9_7_1230
QG828	0.999940	0.000010	0.000010	0.000010	0.000010	0.000010	0.000010	LD_0.9_7_1230
QG833	0.985122	0.000010	0.000010	0.014827	0.000010	0.000010	0.000010	LD_0.9_7_1230
QG855	0.999940	0.000010	0.000010	0.000010	0.000010	0.000010	0.000010	LD_0.9_7_1230
QG856	0.999940	0.000010	0.000010	0.000010	0.000010	0.000010	0.000010	LD_0.9_7_1230
QG858	0.999940	0.000010	0.000010	0.000010	0.000010	0.000010	0.000010	LD_0.9_7_1230
QG860	0.823549	0.000018	0.000010	0.176393	0.000011	0.000010	0.000010	LD_0.9_7_1230
QG864	0.999940	0.000010	0.000010	0.000010	0.000010	0.000010	0.000010	LD_0.9_7_1230
QG865	0.999940	0.000010	0.000010	0.000010	0.000010	0.000010	0.000010	LD_0.9_7_1230
QG866	0.999937	0.000012	0.000011	0.000010	0.000011	0.000010	0.000010	LD_0.9_7_1230
QG868	0.995422	0.000014	0.000010	0.004522	0.000013	0.000010	0.000010	LD_0.9_7_1230
QG874	0.999940	0.000010	0.000010	0.000010	0.000010	0.000010	0.000010	LD_0.9_7_1230
QG875	0.999937	0.000012	0.000011	0.000010	0.000010	0.000010	0.000010	LD_0.9_7_1230
QG878	0.999937	0.000013	0.000010	0.000010	0.000010	0.000010	0.000010	LD_0.9_7_1230
QG879	0.999940	0.000010	0.000010	0.000010	0.000010	0.000010	0.000010	LD_0.9_7_1230
QG880	0.999940	0.000010	0.000010	0.000010	0.000010	0.000010	0.000010	LD_0.9_7_1230
QG881	0.787351	0.000014	0.000010	0.212594	0.000011	0.000010	0.000010	LD_0.9_7_1230
QG887	0.999938	0.000011	0.000010	0.000010	0.000010	0.000010	0.000010	LD_0.9_7_1230
QG888	0.999938	0.000012	0.000011	0.000010	0.000010	0.000010	0.000010	LD_0.9_7_1230
QG926	0.999929	0.000013	0.000010	0.000018	0.000010	0.000010	0.000010	LD_0.9_7_1230
QG927	0.055265	0.000010	0.000010	0.944685	0.000010	0.000010	0.000010	LD_0.9_7_1230
QG933	0.999940	0.000010	0.000010	0.000010	0.000010	0.000010	0.000010	LD_0.9_7_1230
QG937	0.999940	0.000010	0.000010	0.000010	0.000010	0.000010	0.000010	LD_0.9_7_1230
QG945	0.999940	0.000010	0.000010	0.000010	0.000010	0.000010	0.000010	LD_0.9_7_1230
QG946	0.999940	0.000010	0.000010	0.000010	0.000010	0.000010	0.000010	LD_0.9_7_1230
QG947	0.999940	0.000010	0.000010	0.000010	0.000010	0.000010	0.000010	LD_0.9_7_1230
QG948	0.999931	0.000016	0.000010	0.000012	0.000011	0.000010	0.000010	LD_0.9_7_1230
QG952	0.918926	0.000015	0.000010	0.081020	0.000010	0.000010	0.000010	LD_0.9_7_1230
QG978	0.898232	0.000010	0.000011	0.101714	0.000013	0.000010	0.000010	LD_0.9_7_1230
QG980	0.999940	0.000010	0.000010	0.000010	0.000010	0.000010	0.000010	LD_0.9_7_1230
QG986	0.978549	0.000010	0.000014	0.021398	0.000010	0.000010	0.000010	LD_0.9_7_1230
QG991	0.999940	0.000010	0.000010	0.000010	0.000010	0.000010	0.000010	LD_0.9_7_1230
QG994	0.999936	0.000013	0.000011	0.000010	0.000010	0.000010	0.000010	LD_0.9_7_1230
QG995	0.999940	0.000010	0.000010	0.000010	0.000010	0.000010	0.000010	LD_0.9_7_1230
QG997	0.999940	0.000010	0.000010	0.000010	0.000010	0.000010	0.000010	LD_0.9_7_1230
QG998	0.999934	0.000010	0.000010	0.000016	0.000010	0.000010	0.000010	LD_0.9_7_1230
QR25	0.000010	0.109016	0.347371	0.192352	0.110009	0.241232	0.000010	LD_0.9_7_1230
QX1410	0.000010	0.000010	0.000010	0.999940	0.000010	0.000010	0.000010	LD_0.9_7_1230
QX1547	0.000010	0.000010	0.999940	0.000010	0.000010	0.000010	0.000010	LD_0.9_7_1230
QX1795	0.000010	0.000010	0.000015	0.999933	0.000012	0.000010	0.000010	LD_0.9_7_1230
QX1796	0.000010	0.000010	0.000010	0.999940	0.000010	0.000010	0.000010	LD_0.9_7_1230
QX1798	0.000010	0.999935	0.000010	0.000015	0.000010	0.000010	0.000010	LD_0.9_7_1230
QX1800	0.000012	0.000010	0.000010	0.999938	0.000010	0.000010	0.000010	LD_0.9_7_1230
QX1801	0.000010	0.000010	0.000010	0.999940	0.000010	0.000010	0.000010	LD_0.9_7_1230
QX1802	0.000010	0.000014	0.000010	0.999936	0.000010	0.000010	0.000010	LD_0.9_7_1230
QX1803	0.000015	0.000018	0.000010	0.999927	0.000010	0.000010	0.000010	LD_0.9_7_1230
QX1804	0.000011	0.000010	0.000010	0.999939	0.000010	0.000010	0.000010	LD_0.9_7_1230
SOW18	0.000010	0.000010	0.999940	0.000010	0.000010	0.000010	0.000010	LD_0.9_7_1230
SOW21	0.000010	0.000010	0.999940	0.000010	0.000010	0.000010	0.000010	LD_0.9_7_1230
SOW22	0.000010	0.000010	0.999939	0.000010	0.000011	0.000010	0.000010	LD_0.9_7_1230
TT3408	0.000010	0.000014	0.000010	0.999936	0.000010	0.000010	0.000010	LD_0.9_7_1230
TT3411	0.000010	0.000010	0.000012	0.999937	0.000011	0.000010	0.000010	LD_0.9_7_1230
TWN1772	0.000010	0.999937	0.000010	0.000013	0.000010	0.000010	0.000010	LD_0.9_7_1230
TWN1824	0.000010	0.000010	0.000012	0.000010	0.999938	0.000010	0.000010	LD_0.9_7_1230
TWN1899	0.000010	0.000010	0.000010	0.000010	0.999938	0.000012	0.000010	LD_0.9_7_1230
TWN1907	0.000012	0.999924	0.000016	0.000014	0.000012	0.000012	0.000010	LD_0.9_7_1230
TWN2919	0.000010	0.999940	0.000010	0.000010	0.000010	0.000010	0.000010	LD_0.9_7_1230
TWN3077	0.000012	0.999927	0.000013	0.000017	0.000010	0.000013	0.000010	LD_0.9_7_1230
UH1	0.000010	0.999940	0.000010	0.000010	0.000010	0.000010	0.000010	LD_0.9_7_1230
VSL2201	0.000010	0.000010	0.000010	0.999940	0.000010	0.000010	0.000010	LD_0.9_7_1230
VSL2207	0.000010	0.000010	0.000010	0.000010	0.000010	0.999940	0.000010	LD_0.9_7_1230
VSL2209	0.000010	0.000010	0.000010	0.000010	0.000010	0.999940	0.000010	LD_0.9_7_1230
VSL2210	0.000010	0.000010	0.000010	0.999940	0.000010	0.000010	0.000010	LD_0.9_7_1230
VSL2212	0.000010	0.000010	0.000010	0.999940	0.000010	0.000010	0.000010	LD_0.9_7_1230
VSL2213	0.000010	0.000010	0.000010	0.999940	0.000010	0.000010	0.000010	LD_0.9_7_1230
VSL2215	0.025037	0.000010	0.000010	0.974913	0.000010	0.000010	0.000010	LD_0.9_7_1230
VSL2216	0.000010	0.000010	0.000010	0.999940	0.000010	0.000010	0.000010	LD_0.9_7_1230
VSL2217	0.966570	0.000010	0.000010	0.033380	0.000011	0.000010	0.000010	LD_0.9_7_1230
VSL2219	0.000010	0.000010	0.000010	0.999940	0.000010	0.000010	0.000010	LD_0.9_7_1230
VT847	0.000010	0.000015	0.000014	0.999922	0.000019	0.000010	0.000010	LD_0.9_7_1230
VX34	0.000010	0.140975	0.267141	0.197949	0.121060	0.272856	0.000010	LD_0.9_7_1230
XZ1204	0.000019	0.000017	0.000010	0.999924	0.000010	0.000010	0.000010	LD_0.9_7_1230
XZ1205	0.000010	0.000010	0.000010	0.999940	0.000010	0.000010	0.000010	LD_0.9_7_1230
XZ1206	0.000010	0.000010	0.000012	0.999937	0.000010	0.000010	0.000010	LD_0.9_7_1230
XZ1207	0.000010	0.000010	0.000010	0.999940	0.000010	0.000010	0.000010	LD_0.9_7_1230
XZ1210	0.000010	0.000010	0.000010	0.999940	0.000010	0.000010	0.000010	LD_0.9_7_1230
XZ1212	0.000010	0.000013	0.000014	0.999933	0.000010	0.000010	0.000010	LD_0.9_7_1230
XZ1213	0.000016	0.000012	0.000010	0.999932	0.000010	0.000010	0.000010	LD_0.9_7_1230
XZ1731	0.000010	0.000010	0.000010	0.999940	0.000010	0.000010	0.000010	LD_0.9_7_1230
XZ1732	0.000010	0.000011	0.000010	0.999939	0.000010	0.000010	0.000010	LD_0.9_7_1230
ZZY0992	0.999922	0.000010	0.000019	0.000010	0.000019	0.000010	0.000010	LD_0.9_7_1230
ZZY1034	0.000010	0.000010	0.000010	0.999940	0.000010	0.000010	0.000010	LD_0.9_7_1230
ZZY1075	0.000010	0.000010	0.000010	0.999940	0.000010	0.000010	0.000010	LD_0.9_7_1230
ZZY1123	0.996407	0.000010	0.000010	0.003543	0.000010	0.000010	0.000010	LD_0.9_7_1230
ZZY1130	0.000015	0.000012	0.000010	0.999933	0.000010	0.000010	0.000010	LD_0.9_7_1230
ZZY405	0.000010	0.000010	0.000010	0.999940	0.000010	0.000010	0.000010	LD_0.9_7_1230
AF16	0.999940	0.000010	0.000010	0.000010	0.000010	0.000010	0.000010	LD_0.9_7_1322
BRC20069	0.999940	0.000010	0.000010	0.000010	0.000010	0.000010	0.000010	LD_0.9_7_1322
BRC20073	0.999940	0.000010	0.000010	0.000010	0.000010	0.000010	0.000010	LD_0.9_7_1322
BRC20075	0.000010	0.000010	0.000010	0.000010	0.999940	0.000010	0.000010	LD_0.9_7_1322
BRC20077	0.999940	0.000010	0.000010	0.000010	0.000010	0.000010	0.000010	LD_0.9_7_1322
BRC20081	0.000010	0.000010	0.999940	0.000010	0.000010	0.000010	0.000010	LD_0.9_7_1322
BRC20085	0.819366	0.000010	0.000010	0.180584	0.000010	0.000010	0.000010	LD_0.9_7_1322
BRC20088	0.000013	0.000010	0.999937	0.000010	0.000010	0.000010	0.000010	LD_0.9_7_1322
BRC20089	0.999940	0.000010	0.000010	0.000010	0.000010	0.000010	0.000010	LD_0.9_7_1322
BRC20090	0.950076	0.000010	0.000010	0.049874	0.000010	0.000010	0.000010	LD_0.9_7_1322
BRC20092	0.913582	0.000010	0.000010	0.086368	0.000010	0.000010	0.000010	LD_0.9_7_1322
BRC20093	0.999939	0.000010	0.000011	0.000010	0.000010	0.000010	0.000010	LD_0.9_7_1322
BRC20094	0.912689	0.000010	0.000010	0.087261	0.000010	0.000010	0.000010	LD_0.9_7_1322
BRC20095	0.999940	0.000010	0.000010	0.000010	0.000010	0.000010	0.000010	LD_0.9_7_1322
BRC20096	0.999940	0.000010	0.000010	0.000010	0.000010	0.000010	0.000010	LD_0.9_7_1322
BRC20098	0.999940	0.000010	0.000010	0.000010	0.000010	0.000010	0.000010	LD_0.9_7_1322
BRC20099	0.999940	0.000010	0.000010	0.000010	0.000010	0.000010	0.000010	LD_0.9_7_1322
BRC20100	0.999940	0.000010	0.000010	0.000010	0.000010	0.000010	0.000010	LD_0.9_7_1322
BRC20102	0.999940	0.000010	0.000010	0.000010	0.000010	0.000010	0.000010	LD_0.9_7_1322
BRC20103	0.999940	0.000010	0.000010	0.000010	0.000010	0.000010	0.000010	LD_0.9_7_1322
BRC20105	0.829957	0.000010	0.000010	0.169992	0.000010	0.000010	0.000010	LD_0.9_7_1322
BRC20107	0.842123	0.000010	0.000010	0.157827	0.000010	0.000010	0.000010	LD_0.9_7_1322
BRC20115	0.000010	0.000010	0.000010	0.000010	0.000010	0.999940	0.000010	LD_0.9_7_1322
BRC20119	0.248461	0.000010	0.000010	0.751489	0.000010	0.000010	0.000010	LD_0.9_7_1322
BRC20228	0.999940	0.000010	0.000010	0.000010	0.000010	0.000010	0.000010	LD_0.9_7_1322
BRC20229	0.000010	0.000010	0.000014	0.000011	0.999934	0.000010	0.000010	LD_0.9_7_1322
BRC20230	0.000010	0.000010	0.999940	0.000010	0.000010	0.000010	0.000010	LD_0.9_7_1322
BRC20232	0.000014	0.000010	0.000010	0.000010	0.999936	0.000010	0.000010	LD_0.9_7_1322
BRC20238	0.000010	0.000010	0.999940	0.000010	0.000010	0.000010	0.000010	LD_0.9_7_1322
BRC20239	0.000010	0.000010	0.000010	0.000010	0.999940	0.000010	0.000010	LD_0.9_7_1322
BRC20241	0.917442	0.000010	0.000010	0.082508	0.000010	0.000010	0.000010	LD_0.9_7_1322
BRC20242	0.999935	0.000010	0.000015	0.000010	0.000010	0.000010	0.000010	LD_0.9_7_1322
BRC20244	0.000010	0.000010	0.999940	0.000010	0.000010	0.000010	0.000010	LD_0.9_7_1322
BRC20246	0.000010	0.000010	0.999940	0.000010	0.000010	0.000010	0.000010	LD_0.9_7_1322
BRC20257	0.018636	0.000010	0.000010	0.981309	0.000015	0.000010	0.000010	LD_0.9_7_1322
BRC20260	0.999940	0.000010	0.000010	0.000010	0.000010	0.000010	0.000010	LD_0.9_7_1322
BRC20270	0.000010	0.000010	0.999931	0.000010	0.000010	0.000019	0.000010	LD_0.9_7_1322
BRC20272	0.000010	0.000010	0.999938	0.000010	0.000012	0.000010	0.000010	LD_0.9_7_1322
BRC20289	0.000010	0.000010	0.999940	0.000010	0.000010	0.000010	0.000010	LD_0.9_7_1322
BRC20290	0.000010	0.000010	0.999940	0.000010	0.000010	0.000010	0.000010	LD_0.9_7_1322
BRC20294	0.999940	0.000010	0.000010	0.000010	0.000010	0.000010	0.000010	LD_0.9_7_1322
BRC20308	0.000010	0.000010	0.999940	0.000010	0.000010	0.000010	0.000010	LD_0.9_7_1322
BRC20309	0.000010	0.000010	0.999940	0.000010	0.000010	0.000010	0.000010	LD_0.9_7_1322
BRC20311	0.000010	0.000010	0.999940	0.000010	0.000010	0.000010	0.000010	LD_0.9_7_1322
BRC20312	0.000011	0.000011	0.999937	0.000010	0.000010	0.000010	0.000010	LD_0.9_7_1322
BRC20315	0.000010	0.000010	0.999940	0.000010	0.000010	0.000010	0.000010	LD_0.9_7_1322
BRC20320	0.000010	0.000010	0.999940	0.000010	0.000010	0.000010	0.000010	LD_0.9_7_1322
BRC20324	0.362282	0.000010	0.000010	0.000010	0.637668	0.000010	0.000010	LD_0.9_7_1322
BRC20331	0.000010	0.000011	0.999939	0.000010	0.000010	0.000010	0.000010	LD_0.9_7_1322
BRC20333	0.000010	0.000010	0.999940	0.000010	0.000010	0.000010	0.000010	LD_0.9_7_1322
BRC20334	0.000010	0.000010	0.999930	0.000020	0.000010	0.000010	0.000010	LD_0.9_7_1322
BRC20339	0.000010	0.000012	0.999938	0.000010	0.000010	0.000010	0.000010	LD_0.9_7_1322
BRC20341	0.000010	0.000010	0.999940	0.000010	0.000010	0.000010	0.000010	LD_0.9_7_1322
BRC20343	0.000010	0.000010	0.000010	0.000010	0.999940	0.000010	0.000010	LD_0.9_7_1322
BRC20346	0.000010	0.000010	0.999933	0.000017	0.000010	0.000010	0.000010	LD_0.9_7_1322
BRC20347	0.000010	0.000010	0.000010	0.000010	0.999940	0.000010	0.000010	LD_0.9_7_1322
BRC20348	0.000010	0.000010	0.999940	0.000010	0.000010	0.000010	0.000010	LD_0.9_7_1322
BRC20353	0.743202	0.000010	0.000010	0.000010	0.000010	0.256748	0.000010	LD_0.9_7_1322
BRC20360	0.745327	0.000010	0.000010	0.000010	0.000019	0.254614	0.000010	LD_0.9_7_1322
BRC20361	0.744188	0.000010	0.000010	0.000010	0.000010	0.255762	0.000010	LD_0.9_7_1322
BRC20362	0.748439	0.000010	0.000010	0.014906	0.000010	0.236615	0.000010	LD_0.9_7_1322
BRC20366	0.000010	0.000018	0.999932	0.000010	0.000010	0.000010	0.000010	LD_0.9_7_1322
BRC20367	0.000010	0.000010	0.999940	0.000010	0.000010	0.000010	0.000010	LD_0.9_7_1322
BRC20369	0.999939	0.000010	0.000011	0.000010	0.000010	0.000010	0.000010	LD_0.9_7_1322
BRC20370	0.000010	0.000010	0.999940	0.000010	0.000010	0.000010	0.000010	LD_0.9_7_1322
BRC20388	0.000010	0.999940	0.000010	0.000010	0.000010	0.000010	0.000010	LD_0.9_7_1322
BRC20390	0.000010	0.000015	0.999935	0.000010	0.000010	0.000010	0.000010	LD_0.9_7_1322
BRC20401	0.999940	0.000010	0.000010	0.000010	0.000010	0.000010	0.000010	LD_0.9_7_1322
BRC20463	0.000010	0.000010	0.999940	0.000010	0.000010	0.000010	0.000010	LD_0.9_7_1322
BRC20492	0.000010	0.000010	0.000010	0.000010	0.000010	0.999940	0.000010	LD_0.9_7_1322
BRC20499	0.000010	0.000016	0.999934	0.000010	0.000010	0.000010	0.000010	LD_0.9_7_1322
BRC20501	0.000010	0.000010	0.999930	0.000020	0.000010	0.000010	0.000010	LD_0.9_7_1322
BRC20502	0.114322	0.540272	0.165489	0.000010	0.032730	0.147166	0.000010	LD_0.9_7_1322
BRC20503	0.113997	0.539929	0.166864	0.000010	0.032193	0.146997	0.000010	LD_0.9_7_1322
BRC20519	0.000010	0.000010	0.000010	0.000010	0.000010	0.999940	0.000010	LD_0.9_7_1322
BRC20520	0.000010	0.000010	0.000010	0.000010	0.000010	0.999940	0.000010	LD_0.9_7_1322
BRC20522	0.000010	0.000010	0.000010	0.000010	0.999940	0.000010	0.000010	LD_0.9_7_1322
BRC20524	0.000012	0.000010	0.000010	0.000010	0.999938	0.000010	0.000010	LD_0.9_7_1322
BRC20529	0.000010	0.000010	0.999940	0.000010	0.000010	0.000010	0.000010	LD_0.9_7_1322
BRC20530	0.000010	0.000010	0.000010	0.000010	0.999940	0.000010	0.000010	LD_0.9_7_1322
BRC20531	0.000010	0.000010	0.000010	0.000010	0.999940	0.000010	0.000010	LD_0.9_7_1322
BRC20532	0.000010	0.000010	0.999940	0.000010	0.000010	0.000010	0.000010	LD_0.9_7_1322
BRC20533	0.000010	0.000010	0.999940	0.000010	0.000010	0.000010	0.000010	LD_0.9_7_1322
BRC20534	0.000010	0.000010	0.999940	0.000010	0.000010	0.000010	0.000010	LD_0.9_7_1322
BRC20535	0.000010	0.000010	0.999940	0.000010	0.000010	0.000010	0.000010	LD_0.9_7_1322
BRC20536	0.000010	0.000010	0.999940	0.000010	0.000010	0.000010	0.000010	LD_0.9_7_1322
BRC20537	0.000010	0.000012	0.999938	0.000010	0.000010	0.000010	0.000010	LD_0.9_7_1322
BRC20541	0.000010	0.000010	0.000010	0.000010	0.000010	0.999940	0.000010	LD_0.9_7_1322
BRC20543	0.000010	0.000010	0.999940	0.000010	0.000010	0.000010	0.000010	LD_0.9_7_1322
BRC20544	0.000010	0.000010	0.999940	0.000010	0.000010	0.000010	0.000010	LD_0.9_7_1322
BRC20545	0.000010	0.000010	0.999940	0.000010	0.000010	0.000010	0.000010	LD_0.9_7_1322
BRC20556	0.999938	0.000010	0.000010	0.000010	0.000012	0.000010	0.000010	LD_0.9_7_1322
BRC20557	0.000010	0.000010	0.999940	0.000010	0.000010	0.000010	0.000010	LD_0.9_7_1322
BRC20565	0.999932	0.000011	0.000010	0.000010	0.000010	0.000017	0.000010	LD_0.9_7_1322
BRC20571	0.985488	0.000010	0.000010	0.014462	0.000010	0.000010	0.000010	LD_0.9_7_1322
BRC20574	0.999940	0.000010	0.000010	0.000010	0.000010	0.000010	0.000010	LD_0.9_7_1322
BW287	0.000010	0.999940	0.000010	0.000010	0.000010	0.000010	0.000010	LD_0.9_7_1322
DF5100	0.999940	0.000010	0.000010	0.000010	0.000010	0.000010	0.000010	LD_0.9_7_1322
ECA1129	0.999940	0.000010	0.000010	0.000010	0.000010	0.000010	0.000010	LD_0.9_7_1322
ECA1143	0.918524	0.000010	0.000010	0.081426	0.000010	0.000010	0.000010	LD_0.9_7_1322
ECA1147	0.999938	0.000011	0.000010	0.000010	0.000010	0.000010	0.000010	LD_0.9_7_1322
ECA1149	0.954645	0.000010	0.045305	0.000010	0.000010	0.000010	0.000010	LD_0.9_7_1322
ECA1160	0.999940	0.000010	0.000010	0.000010	0.000010	0.000010	0.000010	LD_0.9_7_1322
ECA1164	0.999937	0.000010	0.000013	0.000010	0.000010	0.000010	0.000010	LD_0.9_7_1322
ECA1170	0.000010	0.000010	0.999940	0.000010	0.000010	0.000010	0.000010	LD_0.9_7_1322
ECA1174	0.999940	0.000010	0.000010	0.000010	0.000010	0.000010	0.000010	LD_0.9_7_1322
ECA1383	0.000013	0.000018	0.999929	0.000010	0.000010	0.000010	0.000010	LD_0.9_7_1322
ECA1411	0.999940	0.000010	0.000010	0.000010	0.000010	0.000010	0.000010	LD_0.9_7_1322
ECA1423	0.999938	0.000010	0.000011	0.000010	0.000010	0.000010	0.000010	LD_0.9_7_1322
ECA1429	0.999938	0.000010	0.000010	0.000012	0.000010	0.000010	0.000010	LD_0.9_7_1322
ECA1431	0.999940	0.000010	0.000010	0.000010	0.000010	0.000010	0.000010	LD_0.9_7_1322
ECA1437	0.999940	0.000010	0.000010	0.000010	0.000010	0.000010	0.000010	LD_0.9_7_1322
ECA1439	0.999940	0.000010	0.000010	0.000010	0.000010	0.000010	0.000010	LD_0.9_7_1322
ECA1443	0.054264	0.000010	0.945685	0.000010	0.000010	0.000012	0.000010	LD_0.9_7_1322
ECA1471	0.999940	0.000010	0.000010	0.000010	0.000010	0.000010	0.000010	LD_0.9_7_1322
ECA1489	0.869932	0.000010	0.000010	0.130018	0.000010	0.000010	0.000010	LD_0.9_7_1322
ECA1507	0.999940	0.000010	0.000010	0.000010	0.000010	0.000010	0.000010	LD_0.9_7_1322
ECA1509	0.999935	0.000010	0.000015	0.000010	0.000010	0.000010	0.000010	LD_0.9_7_1322
ECA1517	0.999933	0.000011	0.000016	0.000010	0.000010	0.000010	0.000010	LD_0.9_7_1322
ECA1521	0.999935	0.000011	0.000014	0.000010	0.000010	0.000010	0.000010	LD_0.9_7_1322
ECA1555	0.999940	0.000010	0.000010	0.000010	0.000010	0.000010	0.000010	LD_0.9_7_1322
ECA1559	0.000010	0.000010	0.999940	0.000010	0.000010	0.000010	0.000010	LD_0.9_7_1322
ECA1563	0.999940	0.000010	0.000010	0.000010	0.000010	0.000010	0.000010	LD_0.9_7_1322
ECA1571	0.882976	0.000010	0.000010	0.116974	0.000010	0.000010	0.000010	LD_0.9_7_1322
ECA1587	0.999940	0.000010	0.000010	0.000010	0.000010	0.000010	0.000010	LD_0.9_7_1322
ECA1605	0.075340	0.000012	0.873112	0.051506	0.000010	0.000010	0.000010	LD_0.9_7_1322
ECA1609	0.999940	0.000010	0.000010	0.000010	0.000010	0.000010	0.000010	LD_0.9_7_1322
ECA161	0.999940	0.000010	0.000010	0.000010	0.000010	0.000010	0.000010	LD_0.9_7_1322
ECA1611	0.999940	0.000010	0.000010	0.000010	0.000010	0.000010	0.000010	LD_0.9_7_1322
ECA1615	0.999940	0.000010	0.000010	0.000010	0.000010	0.000010	0.000010	LD_0.9_7_1322
ECA162	0.999940	0.000010	0.000010	0.000010	0.000010	0.000010	0.000010	LD_0.9_7_1322
ECA1621	0.999940	0.000010	0.000010	0.000010	0.000010	0.000010	0.000010	LD_0.9_7_1322
ECA163	0.000010	0.000010	0.000010	0.000010	0.000010	0.999940	0.000010	LD_0.9_7_1322
ECA1637	0.999940	0.000010	0.000010	0.000010	0.000010	0.000010	0.000010	LD_0.9_7_1322
ECA1657	0.999940	0.000010	0.000010	0.000010	0.000010	0.000010	0.000010	LD_0.9_7_1322
ECA1701	0.993274	0.000014	0.000010	0.006666	0.000010	0.000017	0.000010	LD_0.9_7_1322
ECA175	0.999940	0.000010	0.000010	0.000010	0.000010	0.000010	0.000010	LD_0.9_7_1322
ECA176	0.999937	0.000010	0.000010	0.000013	0.000010	0.000010	0.000010	LD_0.9_7_1322
ECA177	0.999940	0.000010	0.000010	0.000010	0.000010	0.000010	0.000010	LD_0.9_7_1322
ECA180	0.999940	0.000010	0.000010	0.000010	0.000010	0.000010	0.000010	LD_0.9_7_1322
ECA182	0.999940	0.000010	0.000010	0.000010	0.000010	0.000010	0.000010	LD_0.9_7_1322
ECA183	0.999940	0.000010	0.000010	0.000010	0.000010	0.000010	0.000010	LD_0.9_7_1322
ECA185	0.999926	0.000010	0.000010	0.000010	0.000014	0.000019	0.000010	LD_0.9_7_1322
ECA186	0.999940	0.000010	0.000010	0.000010	0.000010	0.000010	0.000010	LD_0.9_7_1322
ECA2083	0.999940	0.000010	0.000010	0.000010	0.000010	0.000010	0.000010	LD_0.9_7_1322
ECA2093	0.999940	0.000010	0.000010	0.000010	0.000010	0.000010	0.000010	LD_0.9_7_1322
ECA2115	0.999940	0.000010	0.000010	0.000010	0.000010	0.000010	0.000010	LD_0.9_7_1322
ECA2299	0.000010	0.000011	0.999939	0.000010	0.000010	0.000010	0.000010	LD_0.9_7_1322
ECA2373	0.966252	0.000010	0.000010	0.033698	0.000010	0.000010	0.000010	LD_0.9_7_1322
ECA2385	0.000010	0.000010	0.999940	0.000010	0.000010	0.000010	0.000010	LD_0.9_7_1322
ECA2425	0.999940	0.000010	0.000010	0.000010	0.000010	0.000010	0.000010	LD_0.9_7_1322
ECA2617	0.000018	0.000010	0.000010	0.000010	0.000010	0.000010	0.999932	LD_0.9_7_1322
ECA2618	0.000010	0.000010	0.000010	0.000010	0.000019	0.000010	0.999931	LD_0.9_7_1322
ECA2621	0.000010	0.000010	0.000010	0.000010	0.000010	0.000010	0.999940	LD_0.9_7_1322
ECA2623	0.969012	0.000010	0.000010	0.030937	0.000011	0.000010	0.000010	LD_0.9_7_1322
ECA2625	0.999934	0.000014	0.000010	0.000012	0.000010	0.000010	0.000010	LD_0.9_7_1322
ECA2626	0.999940	0.000010	0.000010	0.000010	0.000010	0.000010	0.000010	LD_0.9_7_1322
ECA2636	0.999940	0.000010	0.000010	0.000010	0.000010	0.000010	0.000010	LD_0.9_7_1322
ECA2637	0.999940	0.000010	0.000010	0.000010	0.000010	0.000010	0.000010	LD_0.9_7_1322
ECA2639	0.000010	0.000010	0.000010	0.000010	0.000010	0.000010	0.999940	LD_0.9_7_1322
ECA2645	0.999940	0.000010	0.000010	0.000010	0.000010	0.000010	0.000010	LD_0.9_7_1322
ECA2647	0.000010	0.000010	0.000010	0.000010	0.000010	0.000010	0.999940	LD_0.9_7_1322
ECA2663	0.999940	0.000010	0.000010	0.000010	0.000010	0.000010	0.000010	LD_0.9_7_1322
ECA2664	0.952567	0.000010	0.000010	0.047383	0.000010	0.000010	0.000010	LD_0.9_7_1322
ECA2666	0.000010	0.000010	0.000010	0.000010	0.000010	0.000010	0.999940	LD_0.9_7_1322
ECA2667	0.999940	0.000010	0.000010	0.000010	0.000010	0.000010	0.000010	LD_0.9_7_1322
ECA2670	0.000010	0.000010	0.000010	0.000010	0.000010	0.000010	0.999940	LD_0.9_7_1322
ECA276	0.000010	0.000010	0.000010	0.000010	0.000010	0.999940	0.000010	LD_0.9_7_1322
ECA278	0.000010	0.999940	0.000010	0.000010	0.000010	0.000010	0.000010	LD_0.9_7_1322
ECA2808	0.999940	0.000010	0.000010	0.000010	0.000010	0.000010	0.000010	LD_0.9_7_1322
ECA287	0.010957	0.000018	0.988986	0.000010	0.000010	0.000010	0.000010	LD_0.9_7_1322
ECA288	0.899165	0.000013	0.100782	0.000010	0.000010	0.000010	0.000010	LD_0.9_7_1322
ECA2883	0.999940	0.000010	0.000010	0.000010	0.000010	0.000010	0.000010	LD_0.9_7_1322
ECA2890	0.999940	0.000010	0.000010	0.000010	0.000010	0.000010	0.000010	LD_0.9_7_1322
ECA2894	0.999940	0.000010	0.000010	0.000010	0.000010	0.000010	0.000010	LD_0.9_7_1322
ECA2936	0.000010	0.000010	0.999940	0.000010	0.000010	0.000010	0.000010	LD_0.9_7_1322
ECA2975	0.999940	0.000010	0.000010	0.000010	0.000010	0.000010	0.000010	LD_0.9_7_1322
ECA3091	0.999933	0.000010	0.000010	0.000017	0.000010	0.000010	0.000010	LD_0.9_7_1322
ECA343	0.999939	0.000010	0.000011	0.000010	0.000010	0.000010	0.000010	LD_0.9_7_1322
ECA346	0.999936	0.000011	0.000010	0.000010	0.000012	0.000010	0.000010	LD_0.9_7_1322
ECA3502	0.000010	0.000010	0.999940	0.000010	0.000010	0.000010	0.000010	LD_0.9_7_1322
ECA3503	0.999940	0.000010	0.000010	0.000010	0.000010	0.000010	0.000010	LD_0.9_7_1322
ECA3509	0.999940	0.000010	0.000010	0.000010	0.000010	0.000010	0.000010	LD_0.9_7_1322
ECA3708	0.999940	0.000010	0.000010	0.000010	0.000010	0.000010	0.000010	LD_0.9_7_1322
ECA371	0.999940	0.000010	0.000010	0.000010	0.000010	0.000010	0.000010	LD_0.9_7_1322
ECA3712	0.999940	0.000010	0.000010	0.000010	0.000010	0.000010	0.000010	LD_0.9_7_1322
ECA3713	0.999938	0.000010	0.000010	0.000012	0.000010	0.000010	0.000010	LD_0.9_7_1322
ECA3899	0.999940	0.000010	0.000010	0.000010	0.000010	0.000010	0.000010	LD_0.9_7_1322
ECA4382	0.999940	0.000010	0.000010	0.000010	0.000010	0.000010	0.000010	LD_0.9_7_1322
ECA4390	0.999940	0.000010	0.000010	0.000010	0.000010	0.000010	0.000010	LD_0.9_7_1322
ECA4394	0.999940	0.000010	0.000010	0.000010	0.000010	0.000010	0.000010	LD_0.9_7_1322
ECA4402	0.999940	0.000010	0.000010	0.000010	0.000010	0.000010	0.000010	LD_0.9_7_1322
ECA569	0.000010	0.999940	0.000010	0.000010	0.000010	0.000010	0.000010	LD_0.9_7_1322
ED3032	0.999940	0.000010	0.000010	0.000010	0.000010	0.000010	0.000010	LD_0.9_7_1322
ED3037	0.999936	0.000014	0.000010	0.000010	0.000010	0.000010	0.000010	LD_0.9_7_1322
ED3088	0.999940	0.000010	0.000010	0.000010	0.000010	0.000010	0.000010	LD_0.9_7_1322
ED3102	0.000010	0.000010	0.000010	0.000010	0.000010	0.999940	0.000010	LD_0.9_7_1322
EG4360	0.000010	0.999939	0.000011	0.000010	0.000010	0.000010	0.000010	LD_0.9_7_1322
EG5612	0.814712	0.000010	0.000010	0.000010	0.000010	0.185237	0.000010	LD_0.9_7_1322
EG5613	0.940978	0.000010	0.000010	0.058972	0.000010	0.000010	0.000010	LD_0.9_7_1322
EG6179	0.999940	0.000010	0.000010	0.000010	0.000010	0.000010	0.000010	LD_0.9_7_1322
EG6260	0.978824	0.000010	0.000010	0.021126	0.000010	0.000010	0.000010	LD_0.9_7_1322
EG6261	0.995008	0.000010	0.000010	0.004942	0.000010	0.000010	0.000010	LD_0.9_7_1322
EG6265	0.000010	0.000010	0.985090	0.014860	0.000010	0.000010	0.000010	LD_0.9_7_1322
EG6267	0.991588	0.000010	0.000010	0.008362	0.000010	0.000010	0.000010	LD_0.9_7_1322
EG6271	0.951590	0.000010	0.000010	0.048360	0.000010	0.000010	0.000010	LD_0.9_7_1322
EG6272	0.994735	0.000010	0.000010	0.005215	0.000010	0.000010	0.000010	LD_0.9_7_1322
EG6274	0.999940	0.000010	0.000010	0.000010	0.000010	0.000010	0.000010	LD_0.9_7_1322
EG6275	0.999940	0.000010	0.000010	0.000010	0.000010	0.000010	0.000010	LD_0.9_7_1322
EG6276	0.999937	0.000010	0.000010	0.000013	0.000010	0.000010	0.000010	LD_0.9_7_1322
EG6329	0.902267	0.000010	0.000010	0.097683	0.000010	0.000010	0.000010	LD_0.9_7_1322
GUN124	0.000010	0.999940	0.000010	0.000010	0.000010	0.000010	0.000010	LD_0.9_7_1322
GXW22	0.999940	0.000010	0.000010	0.000010	0.000010	0.000010	0.000010	LD_0.9_7_1322
GXW23	0.877138	0.000010	0.000010	0.000010	0.000010	0.122812	0.000010	LD_0.9_7_1322
HK104	0.000010	0.999938	0.000010	0.000010	0.000010	0.000012	0.000010	LD_0.9_7_1322
HPT11	0.110740	0.593073	0.124300	0.000010	0.034068	0.137800	0.000010	LD_0.9_7_1322
HPT16	0.999940	0.000010	0.000010	0.000010	0.000010	0.000010	0.000010	LD_0.9_7_1322
HPT18	0.111498	0.585256	0.125337	0.000010	0.036661	0.141228	0.000010	LD_0.9_7_1322
HPT19	0.999940	0.000010	0.000010	0.000010	0.000010	0.000010	0.000010	LD_0.9_7_1322
HPT2	0.999940	0.000010	0.000010	0.000010	0.000010	0.000010	0.000010	LD_0.9_7_1322
HPT21	0.999939	0.000010	0.000010	0.000010	0.000010	0.000010	0.000010	LD_0.9_7_1322
HPT24	0.112571	0.590961	0.124496	0.000010	0.034932	0.137020	0.000010	LD_0.9_7_1322
HPT34	0.999940	0.000010	0.000010	0.000010	0.000010	0.000010	0.000010	LD_0.9_7_1322
HPT37	0.969649	0.000014	0.000010	0.030296	0.000010	0.000010	0.000010	LD_0.9_7_1322
HPT4	0.999940	0.000010	0.000010	0.000010	0.000010	0.000010	0.000010	LD_0.9_7_1322
HPT42	0.999940	0.000010	0.000010	0.000010	0.000010	0.000010	0.000010	LD_0.9_7_1322
HPT52	0.506165	0.000010	0.000010	0.493785	0.000010	0.000010	0.000010	LD_0.9_7_1322
HPT53	0.999940	0.000010	0.000010	0.000010	0.000010	0.000010	0.000010	LD_0.9_7_1322
HPT54	0.999940	0.000010	0.000010	0.000010	0.000010	0.000010	0.000010	LD_0.9_7_1322
HPT55	0.999940	0.000010	0.000010	0.000010	0.000010	0.000010	0.000010	LD_0.9_7_1322
HPT59	0.999940	0.000010	0.000010	0.000010	0.000010	0.000010	0.000010	LD_0.9_7_1322
HPT60	0.999940	0.000010	0.000010	0.000010	0.000010	0.000010	0.000010	LD_0.9_7_1322
HPT62	0.015827	0.000010	0.008797	0.975336	0.000010	0.000010	0.000010	LD_0.9_7_1322
HPT63	0.999933	0.000010	0.000015	0.000011	0.000011	0.000010	0.000010	LD_0.9_7_1322
HPT7	0.999940	0.000010	0.000010	0.000010	0.000010	0.000010	0.000010	LD_0.9_7_1322
HPT8	0.999940	0.000010	0.000010	0.000010	0.000010	0.000010	0.000010	LD_0.9_7_1322
HPT9	0.818884	0.000010	0.000010	0.000010	0.000010	0.181066	0.000010	LD_0.9_7_1322
JU1085	0.000010	0.999931	0.000010	0.000010	0.000019	0.000010	0.000010	LD_0.9_7_1322
JU1337	0.966408	0.000010	0.000010	0.033542	0.000010	0.000010	0.000010	LD_0.9_7_1322
JU1338	0.751766	0.000010	0.000010	0.000010	0.000010	0.248184	0.000010	LD_0.9_7_1322
JU1341	0.000010	0.000010	0.000010	0.000010	0.000010	0.000010	0.999940	LD_0.9_7_1322
JU1346	0.733481	0.000010	0.000010	0.000010	0.000010	0.266469	0.000010	LD_0.9_7_1322
JU1347	0.999940	0.000010	0.000010	0.000010	0.000010	0.000010	0.000010	LD_0.9_7_1322
JU1348	0.000010	0.000010	0.000010	0.000010	0.000010	0.000010	0.999940	LD_0.9_7_1322
JU1375	0.999940	0.000010	0.000010	0.000010	0.000010	0.000010	0.000010	LD_0.9_7_1322
JU1377	0.999940	0.000010	0.000010	0.000010	0.000010	0.000010	0.000010	LD_0.9_7_1322
JU1378	0.999936	0.000010	0.000014	0.000010	0.000010	0.000010	0.000010	LD_0.9_7_1322
JU1392	0.999940	0.000010	0.000010	0.000010	0.000010	0.000010	0.000010	LD_0.9_7_1322
JU1399	0.616363	0.000010	0.000010	0.383581	0.000016	0.000010	0.000010	LD_0.9_7_1322
JU1424	0.775852	0.000010	0.000010	0.000010	0.000010	0.224098	0.000010	LD_0.9_7_1322
JU1435	0.999940	0.000010	0.000010	0.000010	0.000010	0.000010	0.000010	LD_0.9_7_1322
JU1564	0.000010	0.999940	0.000010	0.000010	0.000010	0.000010	0.000010	LD_0.9_7_1322
JU1637	0.999940	0.000010	0.000010	0.000010	0.000010	0.000010	0.000010	LD_0.9_7_1322
JU1638	0.999940	0.000010	0.000010	0.000010	0.000010	0.000010	0.000010	LD_0.9_7_1322
JU1794	0.979950	0.000010	0.006291	0.013719	0.000010	0.000010	0.000010	LD_0.9_7_1322
JU1795	0.999939	0.000010	0.000011	0.000010	0.000010	0.000010	0.000010	LD_0.9_7_1322
JU1799	0.999939	0.000011	0.000010	0.000010	0.000010	0.000010	0.000010	LD_0.9_7_1322
JU1802	0.999929	0.000017	0.000010	0.000010	0.000010	0.000013	0.000010	LD_0.9_7_1322
JU1814	0.948525	0.000010	0.000010	0.051425	0.000010	0.000010	0.000010	LD_0.9_7_1322
JU1884	0.999939	0.000010	0.000011	0.000010	0.000010	0.000010	0.000010	LD_0.9_7_1322
JU1885	0.941471	0.000010	0.000010	0.058479	0.000010	0.000010	0.000010	LD_0.9_7_1322
JU1907	0.999940	0.000010	0.000010	0.000010	0.000010	0.000010	0.000010	LD_0.9_7_1322
JU1908	0.999940	0.000010	0.000010	0.000010	0.000010	0.000010	0.000010	LD_0.9_7_1322
JU1909	0.999934	0.000010	0.000012	0.000010	0.000010	0.000015	0.000010	LD_0.9_7_1322
JU1913	0.491276	0.000010	0.000010	0.508674	0.000010	0.000010	0.000010	LD_0.9_7_1322
JU2053	0.999939	0.000010	0.000011	0.000010	0.000010	0.000010	0.000010	LD_0.9_7_1322
JU2054	0.999940	0.000010	0.000010	0.000010	0.000010	0.000010	0.000010	LD_0.9_7_1322
JU2056	0.999931	0.000010	0.000010	0.000019	0.000010	0.000010	0.000010	LD_0.9_7_1322
JU2057	0.032266	0.000010	0.000010	0.754091	0.213603	0.000010	0.000010	LD_0.9_7_1322
JU2160	0.021145	0.000010	0.000010	0.775320	0.203495	0.000010	0.000010	LD_0.9_7_1322
JU2162	0.019942	0.000010	0.000010	0.768799	0.211218	0.000010	0.000010	LD_0.9_7_1322
JU2214	0.683046	0.000014	0.000010	0.316901	0.000010	0.000010	0.000010	LD_0.9_7_1322
JU2216	0.000011	0.000010	0.999939	0.000011	0.000010	0.000010	0.000010	LD_0.9_7_1322
JU2457	0.450362	0.456430	0.000010	0.093168	0.000010	0.000010	0.000010	LD_0.9_7_1322
JU2470	0.024713	0.000010	0.000010	0.746867	0.228380	0.000010	0.000010	LD_0.9_7_1322
JU2472	0.999937	0.000010	0.000010	0.000010	0.000010	0.000012	0.000010	LD_0.9_7_1322
JU2507	0.006508	0.000010	0.008242	0.985210	0.000010	0.000010	0.000010	LD_0.9_7_1322
JU2518	0.490073	0.000010	0.000010	0.509877	0.000010	0.000010	0.000010	LD_0.9_7_1322
JU2536	0.000010	0.999933	0.000010	0.000013	0.000010	0.000013	0.000010	LD_0.9_7_1322
JU2618	0.294819	0.000012	0.000019	0.705120	0.000010	0.000010	0.000010	LD_0.9_7_1322
JU2799	0.999939	0.000010	0.000010	0.000011	0.000010	0.000010	0.000010	LD_0.9_7_1322
JU2836	0.698384	0.000010	0.000010	0.301566	0.000010	0.000010	0.000010	LD_0.9_7_1322
JU2849	0.818744	0.000010	0.000010	0.000010	0.000010	0.181206	0.000010	LD_0.9_7_1322
JU2861	0.999940	0.000010	0.000010	0.000010	0.000010	0.000010	0.000010	LD_0.9_7_1322
JU2868	0.999940	0.000010	0.000010	0.000010	0.000010	0.000010	0.000010	LD_0.9_7_1322
JU2872	0.000010	0.999934	0.000012	0.000010	0.000010	0.000015	0.000010	LD_0.9_7_1322
JU2910	0.919253	0.000010	0.000010	0.080697	0.000010	0.000010	0.000010	LD_0.9_7_1322
JU3168	0.000010	0.000010	0.000010	0.000010	0.000010	0.999940	0.000010	LD_0.9_7_1322
JU3171	0.999940	0.000010	0.000010	0.000010	0.000010	0.000010	0.000010	LD_0.9_7_1322
JU3199	0.000010	0.000010	0.000010	0.000010	0.000010	0.000010	0.999940	LD_0.9_7_1322
JU3200	0.000010	0.000010	0.000011	0.000011	0.000010	0.000010	0.999938	LD_0.9_7_1322
JU3201	0.000010	0.000010	0.000010	0.000010	0.000010	0.000010	0.999940	LD_0.9_7_1322
JU3202	0.000010	0.000010	0.000010	0.000010	0.000010	0.000010	0.999940	LD_0.9_7_1322
JU3203	0.000010	0.000010	0.000010	0.000010	0.000010	0.000010	0.999940	LD_0.9_7_1322
JU3206	0.000010	0.000010	0.000010	0.000010	0.000010	0.000010	0.999940	LD_0.9_7_1322
JU3207	0.999940	0.000010	0.000010	0.000010	0.000010	0.000010	0.000010	LD_0.9_7_1322
JU3237	0.029470	0.000010	0.000010	0.749830	0.220660	0.000010	0.000010	LD_0.9_7_1322
JU3281	0.999939	0.000010	0.000010	0.000010	0.000011	0.000010	0.000010	LD_0.9_7_1322
JU3319	0.876746	0.000010	0.000010	0.000010	0.000010	0.123204	0.000010	LD_0.9_7_1322
JU3321	0.999940	0.000010	0.000010	0.000010	0.000010	0.000010	0.000010	LD_0.9_7_1322
JU3326	0.109657	0.583259	0.065303	0.000010	0.075832	0.165929	0.000010	LD_0.9_7_1322
JU3327	0.999940	0.000010	0.000010	0.000010	0.000010	0.000010	0.000010	LD_0.9_7_1322
JU3416	0.087309	0.897276	0.015368	0.000010	0.000010	0.000017	0.000010	LD_0.9_7_1322
JU4042	0.999940	0.000010	0.000010	0.000010	0.000010	0.000010	0.000010	LD_0.9_7_1322
JU4051	0.776920	0.000010	0.000010	0.000010	0.000010	0.223030	0.000010	LD_0.9_7_1322
JU4058	0.786583	0.000010	0.000010	0.000010	0.000010	0.213367	0.000010	LD_0.9_7_1322
JU4060	0.755882	0.000010	0.000010	0.000010	0.000010	0.244068	0.000010	LD_0.9_7_1322
JU4062	0.772288	0.000011	0.000010	0.000010	0.000010	0.227661	0.000010	LD_0.9_7_1322
JU4064	0.763867	0.000010	0.000010	0.000010	0.000010	0.236083	0.000010	LD_0.9_7_1322
JU4080	0.999940	0.000010	0.000010	0.000010	0.000010	0.000010	0.000010	LD_0.9_7_1322
JU4084	0.740078	0.000013	0.000014	0.000010	0.000010	0.259865	0.000010	LD_0.9_7_1322
JU4097	0.777270	0.000010	0.000010	0.000010	0.000010	0.222680	0.000010	LD_0.9_7_1322
JU725	0.877309	0.000010	0.000010	0.000010	0.000010	0.122641	0.000010	LD_0.9_7_1322
MY2716	0.999937	0.000010	0.000013	0.000010	0.000010	0.000010	0.000010	LD_0.9_7_1322
MY539	0.999940	0.000010	0.000010	0.000010	0.000010	0.000010	0.000010	LD_0.9_7_1322
NIC1050	0.368922	0.000010	0.000010	0.631028	0.000010	0.000010	0.000010	LD_0.9_7_1322
NIC1052	0.281413	0.000015	0.000010	0.718532	0.000010	0.000010	0.000010	LD_0.9_7_1322
NIC1054	0.468209	0.000010	0.000010	0.531741	0.000010	0.000010	0.000010	LD_0.9_7_1322
NIC1055	0.365910	0.000010	0.000010	0.634040	0.000010	0.000010	0.000010	LD_0.9_7_1322
NIC1057	0.286133	0.000010	0.000010	0.713817	0.000010	0.000010	0.000010	LD_0.9_7_1322
NIC1058	0.328429	0.000010	0.000010	0.671520	0.000010	0.000011	0.000010	LD_0.9_7_1322
NIC1059	0.362524	0.000010	0.000010	0.637426	0.000010	0.000010	0.000010	LD_0.9_7_1322
NIC1060	0.445145	0.000010	0.000010	0.554805	0.000010	0.000010	0.000010	LD_0.9_7_1322
NIC1062	0.683982	0.000010	0.000010	0.315968	0.000010	0.000010	0.000010	LD_0.9_7_1322
NIC1069	0.921832	0.000010	0.000012	0.078116	0.000010	0.000010	0.000010	LD_0.9_7_1322
NIC1103	0.346485	0.000010	0.000010	0.653465	0.000010	0.000010	0.000010	LD_0.9_7_1322
NIC1104	0.898289	0.000010	0.000010	0.101661	0.000010	0.000010	0.000010	LD_0.9_7_1322
NIC1106	0.622578	0.000011	0.000010	0.377372	0.000010	0.000010	0.000010	LD_0.9_7_1322
NIC1117	0.999940	0.000010	0.000010	0.000010	0.000010	0.000010	0.000010	LD_0.9_7_1322
NIC1123	0.749015	0.000010	0.000010	0.000010	0.000010	0.250935	0.000010	LD_0.9_7_1322
NIC1124	0.481585	0.000014	0.000010	0.518358	0.000013	0.000010	0.000010	LD_0.9_7_1322
NIC1135	0.496025	0.000010	0.000010	0.503925	0.000010	0.000010	0.000010	LD_0.9_7_1322
NIC1138	0.470265	0.000010	0.000010	0.529685	0.000010	0.000010	0.000010	LD_0.9_7_1322
NIC1141	0.497612	0.000010	0.000010	0.502338	0.000010	0.000010	0.000010	LD_0.9_7_1322
NIC115	0.999940	0.000010	0.000010	0.000010	0.000010	0.000010	0.000010	LD_0.9_7_1322
NIC117	0.999940	0.000010	0.000010	0.000010	0.000010	0.000010	0.000010	LD_0.9_7_1322
NIC1183	0.484549	0.000010	0.000010	0.515401	0.000010	0.000010	0.000010	LD_0.9_7_1322
NIC119	0.996023	0.000010	0.000010	0.003927	0.000010	0.000010	0.000010	LD_0.9_7_1322
NIC1190	0.547295	0.000010	0.000010	0.452655	0.000010	0.000010	0.000010	LD_0.9_7_1322
NIC1202	0.999940	0.000010	0.000010	0.000010	0.000010	0.000010	0.000010	LD_0.9_7_1322
NIC1204	0.999938	0.000010	0.000010	0.000012	0.000010	0.000010	0.000010	LD_0.9_7_1322
NIC1205	0.000010	0.000016	0.999927	0.000010	0.000018	0.000010	0.000010	LD_0.9_7_1322
NIC1218	0.999940	0.000010	0.000010	0.000010	0.000010	0.000010	0.000010	LD_0.9_7_1322
NIC1220	0.000010	0.000010	0.999940	0.000010	0.000010	0.000010	0.000010	LD_0.9_7_1322
NIC1221	0.999936	0.000010	0.000010	0.000014	0.000010	0.000010	0.000010	LD_0.9_7_1322
NIC123	0.999940	0.000010	0.000010	0.000010	0.000010	0.000010	0.000010	LD_0.9_7_1322
NIC1267	0.821520	0.000010	0.000010	0.178430	0.000010	0.000010	0.000010	LD_0.9_7_1322
NIC1283	0.557225	0.000010	0.000012	0.442723	0.000010	0.000010	0.000010	LD_0.9_7_1322
NIC1288	0.394590	0.000010	0.000010	0.579843	0.000010	0.025527	0.000010	LD_0.9_7_1322
NIC1292	0.484820	0.000010	0.000010	0.515130	0.000010	0.000010	0.000010	LD_0.9_7_1322
NIC1302	0.623749	0.000010	0.000010	0.376201	0.000010	0.000010	0.000010	LD_0.9_7_1322
NIC1304	0.461095	0.000010	0.000010	0.538855	0.000010	0.000010	0.000010	LD_0.9_7_1322
NIC1308	0.892975	0.000010	0.000010	0.000010	0.000010	0.106975	0.000010	LD_0.9_7_1322
NIC1407	0.438835	0.000010	0.000010	0.561115	0.000010	0.000010	0.000010	LD_0.9_7_1322
NIC1421	0.681690	0.000010	0.000010	0.318260	0.000010	0.000010	0.000010	LD_0.9_7_1322
NIC1423	0.363191	0.000010	0.000010	0.636759	0.000010	0.000010	0.000010	LD_0.9_7_1322
NIC1442	0.540159	0.000010	0.000010	0.459791	0.000010	0.000010	0.000010	LD_0.9_7_1322
NIC1491	0.539882	0.000010	0.000010	0.460068	0.000010	0.000010	0.000010	LD_0.9_7_1322
NIC1525	0.999940	0.000010	0.000010	0.000010	0.000010	0.000010	0.000010	LD_0.9_7_1322
NIC1528	0.999933	0.000010	0.000010	0.000010	0.000017	0.000010	0.000010	LD_0.9_7_1322
NIC1529	0.999937	0.000010	0.000010	0.000013	0.000010	0.000010	0.000010	LD_0.9_7_1322
NIC1533	0.999940	0.000010	0.000010	0.000010	0.000010	0.000010	0.000010	LD_0.9_7_1322
NIC1535	0.999940	0.000010	0.000010	0.000010	0.000010	0.000010	0.000010	LD_0.9_7_1322
NIC1539	0.000010	0.000010	0.999939	0.000010	0.000011	0.000010	0.000010	LD_0.9_7_1322
NIC1540	0.000010	0.000019	0.000010	0.000010	0.999931	0.000010	0.000010	LD_0.9_7_1322
NIC1562	0.000016	0.000010	0.999934	0.000010	0.000010	0.000010	0.000010	LD_0.9_7_1322
NIC1589	0.000010	0.000010	0.000010	0.000010	0.999940	0.000010	0.000010	LD_0.9_7_1322
NIC1590	0.000010	0.000010	0.999940	0.000010	0.000010	0.000010	0.000010	LD_0.9_7_1322
NIC1591	0.000010	0.000010	0.000010	0.000010	0.999940	0.000010	0.000010	LD_0.9_7_1322
NIC1593	0.000013	0.000010	0.000010	0.000010	0.999937	0.000010	0.000010	LD_0.9_7_1322
NIC1595	0.000010	0.000010	0.999933	0.000017	0.000010	0.000010	0.000010	LD_0.9_7_1322
NIC1598	0.010292	0.000010	0.989658	0.000010	0.000010	0.000010	0.000010	LD_0.9_7_1322
NIC1602	0.000010	0.000010	0.999940	0.000010	0.000010	0.000010	0.000010	LD_0.9_7_1322
NIC1607	0.000010	0.000010	0.000010	0.000010	0.000010	0.999940	0.000010	LD_0.9_7_1322
NIC1628	0.999940	0.000010	0.000010	0.000010	0.000010	0.000010	0.000010	LD_0.9_7_1322
NIC1630	0.000010	0.000010	0.999940	0.000010	0.000010	0.000010	0.000010	LD_0.9_7_1322
NIC1631	0.000010	0.000014	0.999934	0.000013	0.000010	0.000010	0.000010	LD_0.9_7_1322
NIC1632	0.000010	0.999940	0.000010	0.000010	0.000010	0.000010	0.000010	LD_0.9_7_1322
NIC1633	0.000010	0.999940	0.000010	0.000010	0.000010	0.000010	0.000010	LD_0.9_7_1322
NIC1635	0.000010	0.999940	0.000010	0.000010	0.000010	0.000010	0.000010	LD_0.9_7_1322
NIC1645	0.000010	0.000010	0.999940	0.000010	0.000010	0.000010	0.000010	LD_0.9_7_1322
NIC1660	0.000010	0.000010	0.999940	0.000010	0.000010	0.000010	0.000010	LD_0.9_7_1322
NIC1661	0.000010	0.000010	0.999940	0.000010	0.000010	0.000010	0.000010	LD_0.9_7_1322
NIC1662	0.000010	0.000010	0.999940	0.000010	0.000010	0.000010	0.000010	LD_0.9_7_1322
NIC1663	0.000010	0.000010	0.999940	0.000010	0.000010	0.000010	0.000010	LD_0.9_7_1322
NIC1664	0.000015	0.000010	0.000010	0.000010	0.999935	0.000010	0.000010	LD_0.9_7_1322
NIC1665	0.000016	0.000010	0.000010	0.000010	0.999934	0.000010	0.000010	LD_0.9_7_1322
NIC1666	0.000010	0.000010	0.999940	0.000010	0.000010	0.000010	0.000010	LD_0.9_7_1322
NIC1667	0.000010	0.000010	0.999940	0.000010	0.000010	0.000010	0.000010	LD_0.9_7_1322
NIC1681	0.000010	0.000010	0.999940	0.000010	0.000010	0.000010	0.000010	LD_0.9_7_1322
NIC1688	0.999940	0.000010	0.000010	0.000010	0.000010	0.000010	0.000010	LD_0.9_7_1322
NIC1692	0.000010	0.000010	0.999939	0.000010	0.000010	0.000011	0.000010	LD_0.9_7_1322
NIC1693	0.000010	0.000010	0.999940	0.000010	0.000010	0.000010	0.000010	LD_0.9_7_1322
NIC17	0.999940	0.000010	0.000010	0.000010	0.000010	0.000010	0.000010	LD_0.9_7_1322
NIC174	0.000010	0.999940	0.000010	0.000010	0.000010	0.000010	0.000010	LD_0.9_7_1322
NIC187	0.999937	0.000010	0.000011	0.000010	0.000012	0.000010	0.000010	LD_0.9_7_1322
NIC188	0.999940	0.000010	0.000010	0.000010	0.000010	0.000010	0.000010	LD_0.9_7_1322
NIC19	0.000010	0.000010	0.000010	0.000010	0.999940	0.000010	0.000010	LD_0.9_7_1322
NIC191	0.999940	0.000010	0.000010	0.000010	0.000010	0.000010	0.000010	LD_0.9_7_1322
NIC20	0.000018	0.000010	0.000010	0.000010	0.999932	0.000010	0.000010	LD_0.9_7_1322
NIC21	0.000010	0.000010	0.000010	0.000010	0.999940	0.000010	0.000010	LD_0.9_7_1322
NIC22	0.000010	0.000010	0.000013	0.000010	0.999937	0.000010	0.000010	LD_0.9_7_1322
NIC2369	0.814285	0.000010	0.000010	0.000010	0.000010	0.185665	0.000010	LD_0.9_7_1322
NIC248	0.999940	0.000010	0.000010	0.000010	0.000010	0.000010	0.000010	LD_0.9_7_1322
NIC250	0.999939	0.000010	0.000011	0.000010	0.000010	0.000010	0.000010	LD_0.9_7_1322
NIC2527	0.999937	0.000010	0.000011	0.000012	0.000010	0.000010	0.000010	LD_0.9_7_1322
NIC309	0.646900	0.000010	0.000010	0.353050	0.000010	0.000010	0.000010	LD_0.9_7_1322
NIC325	0.632559	0.000010	0.000015	0.367384	0.000012	0.000010	0.000010	LD_0.9_7_1322
NIC327	0.386760	0.000010	0.000010	0.613190	0.000010	0.000010	0.000010	LD_0.9_7_1322
NIC329	0.516587	0.000010	0.000010	0.483363	0.000010	0.000010	0.000010	LD_0.9_7_1322
NIC330	0.538407	0.000010	0.000010	0.461543	0.000010	0.000010	0.000010	LD_0.9_7_1322
NIC331	0.580188	0.000010	0.000010	0.419762	0.000010	0.000010	0.000010	LD_0.9_7_1322
NIC332	0.475270	0.000010	0.000010	0.524679	0.000010	0.000010	0.000010	LD_0.9_7_1322
NIC333	0.501755	0.000010	0.000010	0.498195	0.000010	0.000010	0.000010	LD_0.9_7_1322
NIC343	0.999937	0.000012	0.000012	0.000010	0.000010	0.000010	0.000010	LD_0.9_7_1322
NIC392	0.871334	0.000012	0.000010	0.128615	0.000010	0.000010	0.000010	LD_0.9_7_1322
NIC400	0.478593	0.000010	0.000010	0.521357	0.000010	0.000010	0.000010	LD_0.9_7_1322
NIC402	0.480119	0.000010	0.000010	0.519831	0.000010	0.000010	0.000010	LD_0.9_7_1322
NIC419	0.824768	0.000010	0.000010	0.000010	0.000010	0.175182	0.000010	LD_0.9_7_1322
NIC504	0.000010	0.000019	0.999929	0.000011	0.000010	0.000010	0.000010	LD_0.9_7_1322
NIC505	0.000010	0.000016	0.999934	0.000010	0.000010	0.000010	0.000010	LD_0.9_7_1322
NIC518	0.000014	0.000010	0.999936	0.000010	0.000010	0.000010	0.000010	LD_0.9_7_1322
NIC519	0.000010	0.000011	0.999939	0.000010	0.000010	0.000010	0.000010	LD_0.9_7_1322
NIC532	0.999940	0.000010	0.000010	0.000010	0.000010	0.000010	0.000010	LD_0.9_7_1322
NIC541	0.374174	0.000010	0.000010	0.625776	0.000010	0.000010	0.000010	LD_0.9_7_1322
NIC549	0.999930	0.000010	0.000010	0.000010	0.000010	0.000020	0.000010	LD_0.9_7_1322
NIC552	0.960352	0.000010	0.000010	0.039598	0.000010	0.000010	0.000010	LD_0.9_7_1322
NIC555	0.838413	0.000010	0.000010	0.161537	0.000010	0.000010	0.000010	LD_0.9_7_1322
NIC574	0.991903	0.000010	0.000010	0.008047	0.000010	0.000010	0.000010	LD_0.9_7_1322
NIC578	0.999940	0.000010	0.000010	0.000010	0.000010	0.000010	0.000010	LD_0.9_7_1322
NIC583	0.885721	0.000010	0.000010	0.114229	0.000010	0.000010	0.000010	LD_0.9_7_1322
NIC590	0.687638	0.000010	0.000016	0.312305	0.000011	0.000010	0.000010	LD_0.9_7_1322
NIC593	0.999940	0.000010	0.000010	0.000010	0.000010	0.000010	0.000010	LD_0.9_7_1322
NIC60	0.826696	0.000010	0.000010	0.173254	0.000010	0.000010	0.000010	LD_0.9_7_1322
NIC61	0.985089	0.000010	0.000010	0.014861	0.000010	0.000010	0.000010	LD_0.9_7_1322
NIC62	0.908235	0.000010	0.000010	0.091715	0.000010	0.000010	0.000010	LD_0.9_7_1322
NIC67	0.791014	0.000010	0.000010	0.000010	0.000010	0.208936	0.000010	LD_0.9_7_1322
NIC758	0.765267	0.000011	0.000013	0.234679	0.000010	0.000010	0.000010	LD_0.9_7_1322
NIC777	0.795272	0.000010	0.000010	0.204678	0.000010	0.000010	0.000010	LD_0.9_7_1322
NIC779	0.000010	0.000010	0.999940	0.000010	0.000010	0.000010	0.000010	LD_0.9_7_1322
NIC790	0.999940	0.000010	0.000010	0.000010	0.000010	0.000010	0.000010	LD_0.9_7_1322
NIC791	0.088205	0.000010	0.000010	0.911745	0.000010	0.000010	0.000010	LD_0.9_7_1322
NIC792	0.671651	0.000010	0.000010	0.328299	0.000010	0.000010	0.000010	LD_0.9_7_1322
NIC793	0.999940	0.000010	0.000010	0.000010	0.000010	0.000010	0.000010	LD_0.9_7_1322
NIC795	0.999940	0.000010	0.000010	0.000010	0.000010	0.000010	0.000010	LD_0.9_7_1322
NIC796	0.991920	0.000010	0.000010	0.000010	0.008030	0.000010	0.000010	LD_0.9_7_1322
NIC802	0.999940	0.000010	0.000010	0.000010	0.000010	0.000010	0.000010	LD_0.9_7_1322
NIC803	0.999939	0.000011	0.000010	0.000010	0.000010	0.000010	0.000010	LD_0.9_7_1322
NIC805	0.000010	0.000010	0.999940	0.000010	0.000010	0.000010	0.000010	LD_0.9_7_1322
NIC811	0.999940	0.000010	0.000010	0.000010	0.000010	0.000010	0.000010	LD_0.9_7_1322
NIC814	0.000010	0.000010	0.999938	0.000010	0.000010	0.000012	0.000010	LD_0.9_7_1322
NIC815	0.000010	0.000011	0.999939	0.000010	0.000010	0.000010	0.000010	LD_0.9_7_1322
NIC816	0.000013	0.000010	0.000010	0.000010	0.999937	0.000010	0.000010	LD_0.9_7_1322
NIC819	0.000010	0.000010	0.000010	0.000010	0.000010	0.999940	0.000010	LD_0.9_7_1322
NIC821	0.999940	0.000010	0.000010	0.000010	0.000010	0.000010	0.000010	LD_0.9_7_1322
NIC822	0.000010	0.000010	0.999940	0.000010	0.000010	0.000010	0.000010	LD_0.9_7_1322
NIC824	0.000010	0.000010	0.999931	0.000019	0.000010	0.000010	0.000010	LD_0.9_7_1322
NIC825	0.000010	0.000010	0.000010	0.000010	0.999940	0.000010	0.000010	LD_0.9_7_1322
NIC827	0.000015	0.000010	0.000010	0.000010	0.999935	0.000010	0.000010	LD_0.9_7_1322
NIC828	0.000010	0.000010	0.000010	0.000010	0.999940	0.000010	0.000010	LD_0.9_7_1322
NIC863	0.000010	0.000010	0.999940	0.000010	0.000010	0.000010	0.000010	LD_0.9_7_1322
NIC864	0.000010	0.000010	0.999940	0.000010	0.000010	0.000010	0.000010	LD_0.9_7_1322
NIC865	0.000010	0.000010	0.999940	0.000010	0.000010	0.000010	0.000010	LD_0.9_7_1322
NIC871	0.999940	0.000010	0.000010	0.000010	0.000010	0.000010	0.000010	LD_0.9_7_1322
NIC883	0.999940	0.000010	0.000010	0.000010	0.000010	0.000010	0.000010	LD_0.9_7_1322
NIC889	0.000010	0.000010	0.999940	0.000010	0.000010	0.000010	0.000010	LD_0.9_7_1322
NIC893	0.108300	0.529756	0.165322	0.000010	0.028636	0.167966	0.000010	LD_0.9_7_1322
NIC897	0.000010	0.000010	0.999940	0.000010	0.000010	0.000010	0.000010	LD_0.9_7_1322
NIC899	0.000010	0.999940	0.000010	0.000010	0.000010	0.000010	0.000010	LD_0.9_7_1322
NIC901	0.999940	0.000010	0.000010	0.000010	0.000010	0.000010	0.000010	LD_0.9_7_1322
NIC911	0.999940	0.000010	0.000010	0.000010	0.000010	0.000010	0.000010	LD_0.9_7_1322
NIC96	0.540128	0.000010	0.000010	0.459822	0.000011	0.000010	0.000010	LD_0.9_7_1322
NIC984	0.999940	0.000010	0.000010	0.000010	0.000010	0.000010	0.000010	LD_0.9_7_1322
NIC985	0.974305	0.000010	0.000010	0.000010	0.000010	0.025645	0.000010	LD_0.9_7_1322
PB800	0.000010	0.999940	0.000010	0.000010	0.000010	0.000010	0.000010	LD_0.9_7_1322
PB857	0.000010	0.999933	0.000010	0.000010	0.000010	0.000017	0.000010	LD_0.9_7_1322
PE887	0.999939	0.000010	0.000010	0.000011	0.000010	0.000010	0.000010	LD_0.9_7_1322
QG1005	0.011759	0.000010	0.000010	0.988191	0.000010	0.000010	0.000010	LD_0.9_7_1322
QG1007	0.000010	0.000010	0.000010	0.999940	0.000010	0.000010	0.000010	LD_0.9_7_1322
QG1111	0.000010	0.000010	0.000010	0.999940	0.000010	0.000010	0.000010	LD_0.9_7_1322
QG1126	0.000010	0.000010	0.000010	0.999940	0.000010	0.000010	0.000010	LD_0.9_7_1322
QG1141	0.000010	0.000010	0.000010	0.999940	0.000010	0.000010	0.000010	LD_0.9_7_1322
QG1155	0.000010	0.000010	0.000010	0.999940	0.000010	0.000010	0.000010	LD_0.9_7_1322
QG130	0.999939	0.000011	0.000010	0.000010	0.000010	0.000010	0.000010	LD_0.9_7_1322
QG132	0.999937	0.000010	0.000013	0.000010	0.000010	0.000010	0.000010	LD_0.9_7_1322
QG133	0.021174	0.000010	0.978776	0.000010	0.000010	0.000010	0.000010	LD_0.9_7_1322
QG2641	0.000010	0.000010	0.000010	0.999940	0.000010	0.000010	0.000010	LD_0.9_7_1322
QG2648	0.000010	0.000010	0.000010	0.999940	0.000010	0.000010	0.000010	LD_0.9_7_1322
QG2659	0.000010	0.000010	0.000010	0.999940	0.000010	0.000010	0.000010	LD_0.9_7_1322
QG2663	0.000010	0.000010	0.000010	0.999938	0.000012	0.000010	0.000010	LD_0.9_7_1322
QG2665	0.000010	0.000010	0.000010	0.999940	0.000010	0.000010	0.000010	LD_0.9_7_1322
QG2683	0.000010	0.000010	0.000010	0.999940	0.000010	0.000010	0.000010	LD_0.9_7_1322
QG2736	0.000010	0.000010	0.000010	0.999940	0.000010	0.000010	0.000010	LD_0.9_7_1322
QG2814	0.999940	0.000010	0.000010	0.000010	0.000010	0.000010	0.000010	LD_0.9_7_1322
QG2820	0.999940	0.000010	0.000010	0.000010	0.000010	0.000010	0.000010	LD_0.9_7_1322
QG2848	0.999940	0.000010	0.000010	0.000010	0.000010	0.000010	0.000010	LD_0.9_7_1322
QG2880	0.000010	0.000010	0.000010	0.999940	0.000010	0.000010	0.000010	LD_0.9_7_1322
QG2881	0.999936	0.000011	0.000010	0.000010	0.000012	0.000010	0.000010	LD_0.9_7_1322
QG2883	0.999940	0.000010	0.000010	0.000010	0.000010	0.000010	0.000010	LD_0.9_7_1322
QG2884	0.000010	0.000010	0.000010	0.999940	0.000010	0.000010	0.000010	LD_0.9_7_1322
QG2891	0.000010	0.000010	0.000010	0.000010	0.000010	0.000010	0.999940	LD_0.9_7_1322
QG2892	0.000010	0.000010	0.000010	0.999940	0.000010	0.000010	0.000010	LD_0.9_7_1322
QG2893	0.000010	0.000010	0.000010	0.000010	0.000010	0.000010	0.999940	LD_0.9_7_1322
QG2895	0.000010	0.000010	0.000010	0.999940	0.000010	0.000010	0.000010	LD_0.9_7_1322
QG2902	0.000010	0.000010	0.000010	0.999940	0.000010	0.000010	0.000010	LD_0.9_7_1322
QG2903	0.000010	0.000010	0.000010	0.999940	0.000010	0.000010	0.000010	LD_0.9_7_1322
QG2906	0.000010	0.000010	0.000010	0.999940	0.000010	0.000010	0.000010	LD_0.9_7_1322
QG2908	0.000010	0.000010	0.000010	0.000010	0.000010	0.000010	0.999940	LD_0.9_7_1322
QG2910	0.999940	0.000010	0.000010	0.000010	0.000010	0.000010	0.000010	LD_0.9_7_1322
QG2919	0.000016	0.000010	0.000018	0.000010	0.000011	0.000010	0.999925	LD_0.9_7_1322
QG2923	0.000010	0.000010	0.000010	0.999940	0.000010	0.000010	0.000010	LD_0.9_7_1322
QG2925	0.000010	0.000010	0.000010	0.999940	0.000010	0.000010	0.000010	LD_0.9_7_1322
QG2964	0.000010	0.000010	0.000010	0.999940	0.000010	0.000010	0.000010	LD_0.9_7_1322
QG2966	0.397965	0.000010	0.000010	0.601985	0.000010	0.000010	0.000010	LD_0.9_7_1322
QG2969	0.000010	0.000010	0.000010	0.999940	0.000010	0.000010	0.000010	LD_0.9_7_1322
QG2972	0.000010	0.000010	0.000010	0.999940	0.000010	0.000010	0.000010	LD_0.9_7_1322
QG2996	0.000010	0.000014	0.000010	0.999936	0.000010	0.000010	0.000010	LD_0.9_7_1322
QG3004	0.176327	0.000010	0.000010	0.823623	0.000010	0.000010	0.000010	LD_0.9_7_1322
QG3006	0.000010	0.000010	0.000010	0.999940	0.000010	0.000010	0.000010	LD_0.9_7_1322
QG3019	0.069971	0.000010	0.000010	0.929979	0.000010	0.000010	0.000010	LD_0.9_7_1322
QG3025	0.000010	0.000010	0.000010	0.999940	0.000010	0.000010	0.000010	LD_0.9_7_1322
QG3030	0.000010	0.000011	0.000010	0.999939	0.000010	0.000010	0.000010	LD_0.9_7_1322
QG3032	0.197412	0.000010	0.000010	0.802538	0.000010	0.000010	0.000010	LD_0.9_7_1322
QG3034	0.000010	0.000010	0.000010	0.999940	0.000010	0.000010	0.000010	LD_0.9_7_1322
QG3041	0.000010	0.000010	0.000010	0.999940	0.000010	0.000010	0.000010	LD_0.9_7_1322
QG3053	0.999940	0.000010	0.000010	0.000010	0.000010	0.000010	0.000010	LD_0.9_7_1322
QG3056	0.401246	0.000010	0.000010	0.598704	0.000010	0.000010	0.000010	LD_0.9_7_1322
QG3057	0.000010	0.000010	0.000010	0.999940	0.000010	0.000010	0.000010	LD_0.9_7_1322
QG3058	0.045420	0.000010	0.000010	0.954530	0.000010	0.000010	0.000010	LD_0.9_7_1322
QG3527	0.841128	0.000013	0.000010	0.158819	0.000010	0.000010	0.000010	LD_0.9_7_1322
QG3661	0.000010	0.999940	0.000010	0.000010	0.000010	0.000010	0.000010	LD_0.9_7_1322
QG3783	0.888349	0.000010	0.000010	0.111601	0.000010	0.000010	0.000010	LD_0.9_7_1322
QG3801	0.030863	0.000010	0.000010	0.969087	0.000010	0.000010	0.000010	LD_0.9_7_1322
QG3815	0.883544	0.000010	0.000010	0.116406	0.000010	0.000010	0.000010	LD_0.9_7_1322
QG3816	0.905079	0.000010	0.000010	0.094871	0.000010	0.000010	0.000010	LD_0.9_7_1322
QG3823	0.031435	0.000012	0.000010	0.968513	0.000010	0.000010	0.000010	LD_0.9_7_1322
QG3825	0.964443	0.000010	0.000010	0.035507	0.000010	0.000010	0.000010	LD_0.9_7_1322
QG3826	0.882330	0.000010	0.000010	0.117620	0.000010	0.000010	0.000010	LD_0.9_7_1322
QG3837	0.983103	0.000012	0.000010	0.016842	0.000010	0.000012	0.000010	LD_0.9_7_1322
QG3851	0.871719	0.000011	0.000010	0.128230	0.000010	0.000010	0.000010	LD_0.9_7_1322
QG3861	0.899076	0.000013	0.000011	0.100870	0.000010	0.000010	0.000010	LD_0.9_7_1322
QG3867	0.066136	0.000010	0.000013	0.933811	0.000010	0.000010	0.000010	LD_0.9_7_1322
QG3874	0.960416	0.000010	0.000010	0.039533	0.000010	0.000010	0.000010	LD_0.9_7_1322
QG3875	0.909754	0.000011	0.000010	0.090195	0.000010	0.000010	0.000010	LD_0.9_7_1322
QG3876	0.875360	0.000014	0.000018	0.124578	0.000010	0.000010	0.000010	LD_0.9_7_1322
QG3878	0.904402	0.000011	0.000010	0.095543	0.000010	0.000014	0.000010	LD_0.9_7_1322
QG3920	0.840645	0.000010	0.000011	0.159304	0.000010	0.000010	0.000010	LD_0.9_7_1322
QG3921	0.855997	0.000010	0.000011	0.143952	0.000010	0.000010	0.000010	LD_0.9_7_1322
QG3923	0.938319	0.000010	0.000010	0.061631	0.000010	0.000010	0.000010	LD_0.9_7_1322
QG3924	0.692782	0.000010	0.000010	0.307168	0.000010	0.000010	0.000010	LD_0.9_7_1322
QG3925	0.854894	0.000011	0.000011	0.145053	0.000010	0.000010	0.000010	LD_0.9_7_1322
QG3926	0.876979	0.000010	0.000010	0.122971	0.000010	0.000010	0.000010	LD_0.9_7_1322
QG3927	0.869005	0.000010	0.000010	0.130943	0.000011	0.000010	0.000010	LD_0.9_7_1322
QG3931	0.677340	0.000010	0.000010	0.322610	0.000010	0.000010	0.000010	LD_0.9_7_1322
QG3932	0.858639	0.000010	0.000010	0.141311	0.000010	0.000010	0.000010	LD_0.9_7_1322
QG3933	0.999940	0.000010	0.000010	0.000010	0.000010	0.000010	0.000010	LD_0.9_7_1322
QG4026	0.000010	0.000010	0.000010	0.000010	0.000010	0.000010	0.999940	LD_0.9_7_1322
QG4028	0.000010	0.000010	0.000011	0.000010	0.000010	0.000010	0.999939	LD_0.9_7_1322
QG4031	0.000010	0.000010	0.000010	0.000011	0.000010	0.000010	0.999939	LD_0.9_7_1322
QG4063	0.000010	0.000010	0.000010	0.000010	0.000010	0.000010	0.999940	LD_0.9_7_1322
QG4064	0.000010	0.000010	0.000010	0.000010	0.000010	0.000010	0.999940	LD_0.9_7_1322
QG4067	0.000010	0.000010	0.000010	0.000010	0.000010	0.000010	0.999940	LD_0.9_7_1322
QG4068	0.000010	0.000010	0.000010	0.000010	0.000010	0.000010	0.999940	LD_0.9_7_1322
QG4070	0.999936	0.000010	0.000010	0.000013	0.000011	0.000010	0.000010	LD_0.9_7_1322
QG4093	0.000010	0.000010	0.000010	0.000010	0.000010	0.000010	0.999940	LD_0.9_7_1322
QG4094	0.000010	0.000010	0.000010	0.000010	0.000010	0.000010	0.999940	LD_0.9_7_1322
QG4095	0.000010	0.000010	0.000010	0.000010	0.000010	0.000010	0.999940	LD_0.9_7_1322
QG4096	0.000012	0.000010	0.000010	0.000010	0.000010	0.000010	0.999938	LD_0.9_7_1322
QG4097	0.000010	0.000010	0.000010	0.000010	0.000010	0.000010	0.999940	LD_0.9_7_1322
QG4104	0.000011	0.000010	0.000010	0.000010	0.000010	0.000010	0.999939	LD_0.9_7_1322
QG4114	0.000010	0.000010	0.000010	0.000010	0.000010	0.000010	0.999940	LD_0.9_7_1322
QG4131	0.000010	0.000013	0.000010	0.000010	0.000010	0.000010	0.999937	LD_0.9_7_1322
QG4132	0.000020	0.000018	0.000010	0.000010	0.000010	0.000010	0.999922	LD_0.9_7_1322
QG4208	0.000010	0.000010	0.000010	0.000010	0.000010	0.000010	0.999940	LD_0.9_7_1322
QG4214	0.000010	0.000010	0.000010	0.000011	0.000010	0.000010	0.999939	LD_0.9_7_1322
QG4225	0.000010	0.000018	0.000011	0.000010	0.000010	0.000010	0.999931	LD_0.9_7_1322
QG4232	0.000010	0.000010	0.000010	0.000010	0.000010	0.000010	0.999940	LD_0.9_7_1322
QG4233	0.000010	0.000010	0.000010	0.000010	0.000010	0.000010	0.999940	LD_0.9_7_1322
QG4647	0.059767	0.000010	0.000010	0.940183	0.000010	0.000010	0.000010	LD_0.9_7_1322
QG4648	0.999932	0.000018	0.000010	0.000010	0.000010	0.000010	0.000010	LD_0.9_7_1322
QG4683	0.999940	0.000010	0.000010	0.000010	0.000010	0.000010	0.000010	LD_0.9_7_1322
QG4701	0.418872	0.000010	0.000010	0.581078	0.000010	0.000010	0.000010	LD_0.9_7_1322
QG4706	0.999940	0.000010	0.000010	0.000010	0.000010	0.000010	0.000010	LD_0.9_7_1322
QG4718	0.999940	0.000010	0.000010	0.000010	0.000010	0.000010	0.000010	LD_0.9_7_1322
QG4742	0.999940	0.000010	0.000010	0.000010	0.000010	0.000010	0.000010	LD_0.9_7_1322
QG4805	0.064266	0.000011	0.000010	0.935684	0.000010	0.000010	0.000010	LD_0.9_7_1322
QG4847	0.999940	0.000010	0.000010	0.000010	0.000010	0.000010	0.000010	LD_0.9_7_1322
QG4966	0.999940	0.000010	0.000010	0.000010	0.000010	0.000010	0.000010	LD_0.9_7_1322
QG5348	0.999940	0.000010	0.000010	0.000010	0.000010	0.000010	0.000010	LD_0.9_7_1322
QG5406	0.999940	0.000010	0.000010	0.000010	0.000010	0.000010	0.000010	LD_0.9_7_1322
QG547	0.000011	0.999937	0.000010	0.000011	0.000010	0.000011	0.000010	LD_0.9_7_1322
QG5474	0.366979	0.000010	0.000010	0.632971	0.000010	0.000010	0.000010	LD_0.9_7_1322
QG5488	0.999940	0.000010	0.000010	0.000010	0.000010	0.000010	0.000010	LD_0.9_7_1322
QG550	0.919163	0.000010	0.000010	0.080787	0.000010	0.000010	0.000010	LD_0.9_7_1322
QG5507	0.802724	0.000010	0.000010	0.197226	0.000010	0.000010	0.000010	LD_0.9_7_1322
QG5525	0.999940	0.000010	0.000010	0.000010	0.000010	0.000010	0.000010	LD_0.9_7_1322
QG5589	0.183524	0.000010	0.000010	0.816426	0.000010	0.000010	0.000010	LD_0.9_7_1322
QG5603	0.338102	0.000010	0.000010	0.661848	0.000010	0.000010	0.000010	LD_0.9_7_1322
QG5611	0.999940	0.000010	0.000010	0.000010	0.000010	0.000010	0.000010	LD_0.9_7_1322
QG5612	0.995087	0.000010	0.000010	0.004863	0.000010	0.000010	0.000010	LD_0.9_7_1322
QG5633	0.999842	0.000010	0.000010	0.000108	0.000010	0.000010	0.000010	LD_0.9_7_1322
QG581	0.000013	0.999937	0.000010	0.000010	0.000010	0.000010	0.000010	LD_0.9_7_1322
QG588	0.000010	0.999940	0.000010	0.000010	0.000010	0.000010	0.000010	LD_0.9_7_1322
QG700	0.143448	0.000010	0.000010	0.856500	0.000012	0.000010	0.000010	LD_0.9_7_1322
QG727	0.000010	0.000010	0.000010	0.999940	0.000010	0.000010	0.000010	LD_0.9_7_1322
QG733	0.000010	0.000010	0.000010	0.999940	0.000010	0.000010	0.000010	LD_0.9_7_1322
QG736	0.000010	0.000010	0.000010	0.999940	0.000010	0.000010	0.000010	LD_0.9_7_1322
QG737	0.000010	0.000010	0.000010	0.999931	0.000019	0.000010	0.000010	LD_0.9_7_1322
QG739	0.000010	0.000010	0.000010	0.999940	0.000010	0.000010	0.000010	LD_0.9_7_1322
QG761	0.223634	0.000010	0.000010	0.776316	0.000010	0.000010	0.000010	LD_0.9_7_1322
QG763	0.040714	0.000010	0.000010	0.959236	0.000010	0.000010	0.000010	LD_0.9_7_1322
QG776	0.000010	0.000010	0.000010	0.999939	0.000011	0.000010	0.000010	LD_0.9_7_1322
QG781	0.000010	0.000010	0.000010	0.999940	0.000010	0.000010	0.000010	LD_0.9_7_1322
QG784	0.000010	0.000010	0.000010	0.999940	0.000010	0.000010	0.000010	LD_0.9_7_1322
QG786	0.000010	0.000010	0.000010	0.999940	0.000010	0.000010	0.000010	LD_0.9_7_1322
QG788	0.000010	0.000011	0.000010	0.999935	0.000013	0.000010	0.000010	LD_0.9_7_1322
QG790	0.000010	0.000013	0.000010	0.999937	0.000010	0.000010	0.000010	LD_0.9_7_1322
QG791	0.038003	0.000010	0.000010	0.961947	0.000010	0.000010	0.000010	LD_0.9_7_1322
QG795	0.269936	0.000010	0.000010	0.730014	0.000010	0.000010	0.000010	LD_0.9_7_1322
QG797	0.000010	0.000010	0.000010	0.999940	0.000010	0.000010	0.000010	LD_0.9_7_1322
QG802	0.017725	0.000010	0.000010	0.982225	0.000010	0.000010	0.000010	LD_0.9_7_1322
QG804	0.000010	0.000010	0.000012	0.999937	0.000012	0.000010	0.000010	LD_0.9_7_1322
QG806	0.000010	0.000010	0.000010	0.999940	0.000010	0.000010	0.000010	LD_0.9_7_1322
QG807	0.000010	0.000010	0.000010	0.999940	0.000010	0.000010	0.000010	LD_0.9_7_1322
QG808	0.019816	0.000010	0.000010	0.980134	0.000010	0.000010	0.000010	LD_0.9_7_1322
QG809	0.000010	0.000010	0.000010	0.999940	0.000010	0.000010	0.000010	LD_0.9_7_1322
QG825	0.000010	0.000010	0.000010	0.999940	0.000010	0.000010	0.000010	LD_0.9_7_1322
QG827	0.000010	0.000010	0.000010	0.999940	0.000010	0.000010	0.000010	LD_0.9_7_1322
QG828	0.000010	0.000010	0.000010	0.999935	0.000015	0.000010	0.000010	LD_0.9_7_1322
QG833	0.033003	0.000010	0.000010	0.966947	0.000010	0.000010	0.000010	LD_0.9_7_1322
QG855	0.005959	0.000010	0.000010	0.993991	0.000010	0.000010	0.000010	LD_0.9_7_1322
QG856	0.000018	0.000010	0.000010	0.999932	0.000010	0.000010	0.000010	LD_0.9_7_1322
QG858	0.000014	0.000010	0.000010	0.999936	0.000010	0.000010	0.000010	LD_0.9_7_1322
QG860	0.193287	0.000010	0.000010	0.806663	0.000010	0.000010	0.000010	LD_0.9_7_1322
QG864	0.000010	0.000010	0.000010	0.999940	0.000010	0.000010	0.000010	LD_0.9_7_1322
QG865	0.000010	0.000010	0.000010	0.999940	0.000010	0.000010	0.000010	LD_0.9_7_1322
QG866	0.000010	0.000010	0.000010	0.999940	0.000010	0.000010	0.000010	LD_0.9_7_1322
QG868	0.030105	0.000010	0.000010	0.969845	0.000010	0.000010	0.000010	LD_0.9_7_1322
QG874	0.000010	0.000013	0.000010	0.999937	0.000010	0.000010	0.000010	LD_0.9_7_1322
QG875	0.000010	0.000010	0.000010	0.999934	0.000010	0.000016	0.000010	LD_0.9_7_1322
QG878	0.000010	0.000010	0.000010	0.999940	0.000010	0.000010	0.000010	LD_0.9_7_1322
QG879	0.000010	0.000010	0.000010	0.999940	0.000010	0.000010	0.000010	LD_0.9_7_1322
QG880	0.000010	0.000010	0.000010	0.999940	0.000010	0.000010	0.000010	LD_0.9_7_1322
QG881	0.230440	0.000010	0.000010	0.769510	0.000010	0.000010	0.000010	LD_0.9_7_1322
QG887	0.000010	0.000010	0.000010	0.999940	0.000010	0.000010	0.000010	LD_0.9_7_1322
QG888	0.000010	0.000010	0.000010	0.999939	0.000010	0.000011	0.000010	LD_0.9_7_1322
QG926	0.000010	0.000010	0.000010	0.999940	0.000010	0.000010	0.000010	LD_0.9_7_1322
QG927	0.945021	0.000010	0.000010	0.054929	0.000010	0.000010	0.000010	LD_0.9_7_1322
QG933	0.000010	0.000010	0.000010	0.999940	0.000010	0.000010	0.000010	LD_0.9_7_1322
QG937	0.000010	0.000010	0.000010	0.999940	0.000010	0.000010	0.000010	LD_0.9_7_1322
QG945	0.000010	0.000010	0.000010	0.999940	0.000010	0.000010	0.000010	LD_0.9_7_1322
QG946	0.000010	0.000010	0.000010	0.999940	0.000010	0.000010	0.000010	LD_0.9_7_1322
QG947	0.000010	0.000010	0.000010	0.999940	0.000010	0.000010	0.000010	LD_0.9_7_1322
QG948	0.000472	0.000010	0.000010	0.999478	0.000010	0.000010	0.000010	LD_0.9_7_1322
QG952	0.099844	0.000010	0.000010	0.900106	0.000010	0.000010	0.000010	LD_0.9_7_1322
QG978	0.110779	0.000010	0.000010	0.889171	0.000010	0.000010	0.000010	LD_0.9_7_1322
QG980	0.000010	0.000010	0.000010	0.999940	0.000010	0.000010	0.000010	LD_0.9_7_1322
QG986	0.042758	0.000010	0.000010	0.957192	0.000010	0.000010	0.000010	LD_0.9_7_1322
QG991	0.000010	0.000010	0.000010	0.999940	0.000010	0.000010	0.000010	LD_0.9_7_1322
QG994	0.000010	0.000010	0.000015	0.999935	0.000010	0.000010	0.000010	LD_0.9_7_1322
QG995	0.000010	0.000010	0.000010	0.999940	0.000010	0.000010	0.000010	LD_0.9_7_1322
QG997	0.000010	0.000010	0.000010	0.999940	0.000010	0.000010	0.000010	LD_0.9_7_1322
QG998	0.000010	0.000010	0.000010	0.999940	0.000010	0.000010	0.000010	LD_0.9_7_1322
QR25	0.119103	0.590263	0.060936	0.000010	0.059530	0.146714	0.023443	LD_0.9_7_1322
QX1410	0.999940	0.000010	0.000010	0.000010	0.000010	0.000010	0.000010	LD_0.9_7_1322
QX1547	0.000011	0.999939	0.000010	0.000010	0.000010	0.000011	0.000010	LD_0.9_7_1322
QX1795	0.999940	0.000010	0.000010	0.000010	0.000010	0.000010	0.000010	LD_0.9_7_1322
QX1796	0.999940	0.000010	0.000010	0.000010	0.000010	0.000010	0.000010	LD_0.9_7_1322
QX1798	0.000011	0.000014	0.999935	0.000010	0.000010	0.000010	0.000010	LD_0.9_7_1322
QX1800	0.999940	0.000010	0.000010	0.000010	0.000010	0.000010	0.000010	LD_0.9_7_1322
QX1801	0.999937	0.000010	0.000010	0.000013	0.000010	0.000010	0.000010	LD_0.9_7_1322
QX1802	0.999940	0.000010	0.000010	0.000010	0.000010	0.000010	0.000010	LD_0.9_7_1322
QX1803	0.999933	0.000010	0.000017	0.000010	0.000010	0.000010	0.000010	LD_0.9_7_1322
QX1804	0.999936	0.000014	0.000010	0.000010	0.000010	0.000010	0.000010	LD_0.9_7_1322
SOW18	0.000010	0.999933	0.000010	0.000014	0.000010	0.000013	0.000010	LD_0.9_7_1322
SOW21	0.000010	0.999933	0.000010	0.000010	0.000017	0.000010	0.000010	LD_0.9_7_1322
SOW22	0.000010	0.999931	0.000010	0.000011	0.000013	0.000016	0.000010	LD_0.9_7_1322
TT3408	0.999939	0.000010	0.000011	0.000010	0.000010	0.000010	0.000010	LD_0.9_7_1322
TT3411	0.999940	0.000010	0.000010	0.000010	0.000010	0.000010	0.000010	LD_0.9_7_1322
TWN1772	0.000010	0.000015	0.999935	0.000010	0.000010	0.000010	0.000010	LD_0.9_7_1322
TWN1824	0.000010	0.000010	0.000010	0.000010	0.999940	0.000010	0.000010	LD_0.9_7_1322
TWN1899	0.000010	0.000010	0.000010	0.000010	0.999940	0.000010	0.000010	LD_0.9_7_1322
TWN1907	0.000010	0.000010	0.999940	0.000010	0.000010	0.000010	0.000010	LD_0.9_7_1322
TWN2919	0.000010	0.000011	0.999939	0.000010	0.000010	0.000010	0.000010	LD_0.9_7_1322
TWN3077	0.000010	0.000010	0.999931	0.000010	0.000019	0.000010	0.000010	LD_0.9_7_1322
UH1	0.000010	0.000010	0.999937	0.000010	0.000010	0.000013	0.000010	LD_0.9_7_1322
VSL2201	0.857472	0.000010	0.000010	0.000010	0.000010	0.142478	0.000010	LD_0.9_7_1322
VSL2207	0.000010	0.000010	0.000010	0.000010	0.000010	0.000010	0.999940	LD_0.9_7_1322
VSL2209	0.000010	0.000010	0.000010	0.000010	0.000010	0.000010	0.999940	LD_0.9_7_1322
VSL2210	0.999936	0.000010	0.000010	0.000014	0.000010	0.000010	0.000010	LD_0.9_7_1322
VSL2212	0.999929	0.000010	0.000012	0.000010	0.000010	0.000019	0.000010	LD_0.9_7_1322
VSL2213	0.726030	0.000010	0.000010	0.000010	0.000010	0.273920	0.000010	LD_0.9_7_1322
VSL2215	0.758243	0.000010	0.000010	0.033927	0.000010	0.207790	0.000010	LD_0.9_7_1322
VSL2216	0.745280	0.000010	0.000010	0.000010	0.000010	0.254670	0.000010	LD_0.9_7_1322
VSL2217	0.055731	0.000010	0.000010	0.944219	0.000010	0.000010	0.000010	LD_0.9_7_1322
VSL2219	0.999940	0.000010	0.000010	0.000010	0.000010	0.000010	0.000010	LD_0.9_7_1322
VT847	0.999939	0.000010	0.000010	0.000010	0.000011	0.000010	0.000010	LD_0.9_7_1322
VX34	0.100691	0.584355	0.073842	0.000010	0.079170	0.161921	0.000010	LD_0.9_7_1322
XZ1204	0.924874	0.000010	0.000010	0.000010	0.000010	0.075076	0.000010	LD_0.9_7_1322
XZ1205	0.809343	0.000010	0.000010	0.000010	0.000010	0.190607	0.000010	LD_0.9_7_1322
XZ1206	0.810311	0.000010	0.000010	0.000010	0.000010	0.189639	0.000010	LD_0.9_7_1322
XZ1207	0.999940	0.000010	0.000010	0.000010	0.000010	0.000010	0.000010	LD_0.9_7_1322
XZ1210	0.999940	0.000010	0.000010	0.000010	0.000010	0.000010	0.000010	LD_0.9_7_1322
XZ1212	0.999940	0.000010	0.000010	0.000010	0.000010	0.000010	0.000010	LD_0.9_7_1322
XZ1213	0.999940	0.000010	0.000010	0.000010	0.000010	0.000010	0.000010	LD_0.9_7_1322
XZ1731	0.999940	0.000010	0.000010	0.000010	0.000010	0.000010	0.000010	LD_0.9_7_1322
XZ1732	0.999940	0.000010	0.000010	0.000010	0.000010	0.000010	0.000010	LD_0.9_7_1322
ZZY0992	0.000011	0.000010	0.000014	0.999934	0.000010	0.000010	0.000010	LD_0.9_7_1322
ZZY1034	0.999936	0.000010	0.000010	0.000010	0.000014	0.000010	0.000010	LD_0.9_7_1322
ZZY1075	0.999940	0.000010	0.000010	0.000010	0.000010	0.000010	0.000010	LD_0.9_7_1322
ZZY1123	0.023719	0.000016	0.000010	0.976225	0.000010	0.000010	0.000010	LD_0.9_7_1322
ZZY1130	0.999940	0.000010	0.000010	0.000010	0.000010	0.000010	0.000010	LD_0.9_7_1322
ZZY405	0.999940	0.000010	0.000010	0.000010	0.000010	0.000010	0.000010	LD_0.9_7_1322
AF16	0.000010	0.000010	0.000010	0.999936	0.000010	0.000014	0.000010	LD_0.9_7_1432
BRC20069	0.000010	0.000010	0.000010	0.999940	0.000010	0.000010	0.000010	LD_0.9_7_1432
BRC20073	0.000010	0.000010	0.000010	0.999940	0.000010	0.000010	0.000010	LD_0.9_7_1432
BRC20075	0.000010	0.000010	0.000010	0.000010	0.000010	0.999940	0.000010	LD_0.9_7_1432
BRC20077	0.000010	0.000010	0.000010	0.999940	0.000010	0.000010	0.000010	LD_0.9_7_1432
BRC20081	0.999939	0.000010	0.000011	0.000010	0.000010	0.000010	0.000010	LD_0.9_7_1432
BRC20085	0.000010	0.000011	0.000010	0.423013	0.576937	0.000010	0.000010	LD_0.9_7_1432
BRC20088	0.999934	0.000016	0.000010	0.000010	0.000010	0.000010	0.000010	LD_0.9_7_1432
BRC20089	0.000010	0.000013	0.000010	0.999937	0.000010	0.000010	0.000010	LD_0.9_7_1432
BRC20090	0.000010	0.000017	0.000010	0.917410	0.082533	0.000010	0.000010	LD_0.9_7_1432
BRC20092	0.000010	0.000018	0.000011	0.382713	0.617228	0.000010	0.000010	LD_0.9_7_1432
BRC20093	0.000010	0.000010	0.000010	0.999931	0.000019	0.000010	0.000010	LD_0.9_7_1432
BRC20094	0.000010	0.000017	0.000011	0.361075	0.638866	0.000011	0.000010	LD_0.9_7_1432
BRC20095	0.000013	0.000010	0.000010	0.999937	0.000010	0.000010	0.000010	LD_0.9_7_1432
BRC20096	0.000010	0.000010	0.000010	0.999940	0.000010	0.000010	0.000010	LD_0.9_7_1432
BRC20098	0.000010	0.000010	0.000010	0.999940	0.000010	0.000010	0.000010	LD_0.9_7_1432
BRC20099	0.000010	0.000010	0.000010	0.999940	0.000010	0.000010	0.000010	LD_0.9_7_1432
BRC20100	0.000010	0.000010	0.000010	0.999930	0.000010	0.000020	0.000010	LD_0.9_7_1432
BRC20102	0.000010	0.000010	0.000010	0.999940	0.000010	0.000010	0.000010	LD_0.9_7_1432
BRC20103	0.000017	0.000010	0.000014	0.999929	0.000010	0.000010	0.000010	LD_0.9_7_1432
BRC20105	0.000010	0.000010	0.000010	0.312480	0.687470	0.000010	0.000010	LD_0.9_7_1432
BRC20107	0.000015	0.000010	0.000010	0.358454	0.641491	0.000010	0.000010	LD_0.9_7_1432
BRC20115	0.000010	0.999940	0.000010	0.000010	0.000010	0.000010	0.000010	LD_0.9_7_1432
BRC20119	0.000010	0.000010	0.000010	0.166564	0.833386	0.000010	0.000010	LD_0.9_7_1432
BRC20228	0.000010	0.000010	0.000010	0.999940	0.000010	0.000010	0.000010	LD_0.9_7_1432
BRC20229	0.000010	0.000011	0.000010	0.000010	0.000010	0.999939	0.000010	LD_0.9_7_1432
BRC20230	0.999934	0.000016	0.000010	0.000010	0.000010	0.000010	0.000010	LD_0.9_7_1432
BRC20232	0.000011	0.000010	0.000010	0.000010	0.000010	0.999939	0.000010	LD_0.9_7_1432
BRC20238	0.999936	0.000013	0.000010	0.000010	0.000010	0.000011	0.000010	LD_0.9_7_1432
BRC20239	0.000010	0.000010	0.000010	0.000010	0.000010	0.999940	0.000010	LD_0.9_7_1432
BRC20241	0.000010	0.000010	0.000010	0.911452	0.088498	0.000010	0.000010	LD_0.9_7_1432
BRC20242	0.000010	0.000010	0.000010	0.986284	0.013666	0.000010	0.000010	LD_0.9_7_1432
BRC20244	0.999937	0.000010	0.000010	0.000010	0.000010	0.000013	0.000010	LD_0.9_7_1432
BRC20246	0.999940	0.000010	0.000010	0.000010	0.000010	0.000010	0.000010	LD_0.9_7_1432
BRC20257	0.000010	0.000010	0.000010	0.000010	0.999940	0.000010	0.000010	LD_0.9_7_1432
BRC20260	0.000010	0.000010	0.000013	0.999930	0.000010	0.000017	0.000010	LD_0.9_7_1432
BRC20270	0.999939	0.000010	0.000011	0.000010	0.000010	0.000010	0.000010	LD_0.9_7_1432
BRC20272	0.999934	0.000010	0.000010	0.000016	0.000010	0.000010	0.000010	LD_0.9_7_1432
BRC20289	0.999940	0.000010	0.000010	0.000010	0.000010	0.000010	0.000010	LD_0.9_7_1432
BRC20290	0.999940	0.000010	0.000010	0.000010	0.000010	0.000010	0.000010	LD_0.9_7_1432
BRC20294	0.000010	0.000010	0.000010	0.983005	0.016945	0.000010	0.000010	LD_0.9_7_1432
BRC20308	0.999930	0.000010	0.000010	0.000017	0.000013	0.000010	0.000010	LD_0.9_7_1432
BRC20309	0.999934	0.000010	0.000016	0.000010	0.000010	0.000010	0.000010	LD_0.9_7_1432
BRC20311	0.999940	0.000010	0.000010	0.000010	0.000010	0.000010	0.000010	LD_0.9_7_1432
BRC20312	0.999940	0.000010	0.000010	0.000010	0.000010	0.000010	0.000010	LD_0.9_7_1432
BRC20315	0.999940	0.000010	0.000010	0.000010	0.000010	0.000010	0.000010	LD_0.9_7_1432
BRC20320	0.999936	0.000010	0.000014	0.000010	0.000010	0.000010	0.000010	LD_0.9_7_1432
BRC20324	0.000010	0.000010	0.000010	0.347842	0.000010	0.652108	0.000010	LD_0.9_7_1432
BRC20331	0.999935	0.000011	0.000013	0.000010	0.000010	0.000010	0.000010	LD_0.9_7_1432
BRC20333	0.999939	0.000010	0.000010	0.000010	0.000010	0.000011	0.000010	LD_0.9_7_1432
BRC20334	0.999938	0.000010	0.000010	0.000012	0.000010	0.000010	0.000010	LD_0.9_7_1432
BRC20339	0.999926	0.000010	0.000019	0.000010	0.000014	0.000010	0.000010	LD_0.9_7_1432
BRC20341	0.999940	0.000010	0.000010	0.000010	0.000010	0.000010	0.000010	LD_0.9_7_1432
BRC20343	0.000010	0.000010	0.000011	0.000010	0.000013	0.999935	0.000010	LD_0.9_7_1432
BRC20346	0.999938	0.000010	0.000012	0.000010	0.000010	0.000010	0.000010	LD_0.9_7_1432
BRC20347	0.000010	0.000010	0.000010	0.000010	0.000010	0.999940	0.000010	LD_0.9_7_1432
BRC20348	0.999940	0.000010	0.000010	0.000010	0.000010	0.000010	0.000010	LD_0.9_7_1432
BRC20353	0.000010	0.000010	0.000010	0.000010	0.999940	0.000010	0.000010	LD_0.9_7_1432
BRC20360	0.000010	0.000010	0.000010	0.000010	0.999940	0.000010	0.000010	LD_0.9_7_1432
BRC20361	0.000010	0.000010	0.000010	0.000010	0.999940	0.000010	0.000010	LD_0.9_7_1432
BRC20362	0.000010	0.000010	0.000010	0.000841	0.999109	0.000010	0.000010	LD_0.9_7_1432
BRC20366	0.999940	0.000010	0.000010	0.000010	0.000010	0.000010	0.000010	LD_0.9_7_1432
BRC20367	0.999932	0.000011	0.000010	0.000014	0.000010	0.000013	0.000010	LD_0.9_7_1432
BRC20369	0.000010	0.000010	0.000010	0.999940	0.000010	0.000010	0.000010	LD_0.9_7_1432
BRC20370	0.999940	0.000010	0.000010	0.000010	0.000010	0.000010	0.000010	LD_0.9_7_1432
BRC20388	0.000010	0.000010	0.999940	0.000010	0.000010	0.000010	0.000010	LD_0.9_7_1432
BRC20390	0.999940	0.000010	0.000010	0.000010	0.000010	0.000010	0.000010	LD_0.9_7_1432
BRC20401	0.000010	0.000011	0.000010	0.999933	0.000010	0.000015	0.000010	LD_0.9_7_1432
BRC20463	0.999934	0.000010	0.000010	0.000010	0.000016	0.000010	0.000010	LD_0.9_7_1432
BRC20492	0.000010	0.999940	0.000010	0.000010	0.000010	0.000010	0.000010	LD_0.9_7_1432
BRC20499	0.999939	0.000010	0.000010	0.000010	0.000011	0.000010	0.000010	LD_0.9_7_1432
BRC20501	0.999935	0.000010	0.000010	0.000015	0.000010	0.000010	0.000010	LD_0.9_7_1432
BRC20502	0.000010	0.999940	0.000010	0.000010	0.000010	0.000010	0.000010	LD_0.9_7_1432
BRC20503	0.000010	0.999940	0.000010	0.000010	0.000010	0.000010	0.000010	LD_0.9_7_1432
BRC20519	0.000010	0.999940	0.000010	0.000010	0.000010	0.000010	0.000010	LD_0.9_7_1432
BRC20520	0.000010	0.999940	0.000010	0.000010	0.000010	0.000010	0.000010	LD_0.9_7_1432
BRC20522	0.000010	0.000010	0.000010	0.000010	0.000010	0.999940	0.000010	LD_0.9_7_1432
BRC20524	0.000010	0.000010	0.000010	0.000010	0.000010	0.999940	0.000010	LD_0.9_7_1432
BRC20529	0.999940	0.000010	0.000010	0.000010	0.000010	0.000010	0.000010	LD_0.9_7_1432
BRC20530	0.000010	0.000010	0.000010	0.000015	0.000010	0.999935	0.000010	LD_0.9_7_1432
BRC20531	0.000015	0.000010	0.000010	0.000010	0.000010	0.999935	0.000010	LD_0.9_7_1432
BRC20532	0.999937	0.000010	0.000010	0.000013	0.000010	0.000010	0.000010	LD_0.9_7_1432
BRC20533	0.999940	0.000010	0.000010	0.000010	0.000010	0.000010	0.000010	LD_0.9_7_1432
BRC20534	0.999940	0.000010	0.000010	0.000010	0.000010	0.000010	0.000010	LD_0.9_7_1432
BRC20535	0.999940	0.000010	0.000010	0.000010	0.000010	0.000010	0.000010	LD_0.9_7_1432
BRC20536	0.999933	0.000010	0.000017	0.000010	0.000010	0.000010	0.000010	LD_0.9_7_1432
BRC20537	0.999928	0.000011	0.000011	0.000010	0.000010	0.000019	0.000010	LD_0.9_7_1432
BRC20541	0.000010	0.999940	0.000010	0.000010	0.000010	0.000010	0.000010	LD_0.9_7_1432
BRC20543	0.999927	0.000015	0.000017	0.000010	0.000012	0.000010	0.000010	LD_0.9_7_1432
BRC20544	0.999926	0.000010	0.000014	0.000012	0.000019	0.000010	0.000010	LD_0.9_7_1432
BRC20545	0.999928	0.000020	0.000010	0.000010	0.000010	0.000012	0.000010	LD_0.9_7_1432
BRC20556	0.000010	0.000010	0.000010	0.999940	0.000010	0.000010	0.000010	LD_0.9_7_1432
BRC20557	0.999940	0.000010	0.000010	0.000010	0.000010	0.000010	0.000010	LD_0.9_7_1432
BRC20565	0.000010	0.000010	0.000012	0.999937	0.000010	0.000010	0.000010	LD_0.9_7_1432
BRC20571	0.000010	0.000010	0.000012	0.909550	0.090399	0.000010	0.000010	LD_0.9_7_1432
BRC20574	0.000010	0.000010	0.000010	0.999940	0.000010	0.000010	0.000010	LD_0.9_7_1432
BW287	0.000010	0.000010	0.999940	0.000010	0.000010	0.000010	0.000010	LD_0.9_7_1432
DF5100	0.000010	0.000010	0.000010	0.999940	0.000010	0.000010	0.000010	LD_0.9_7_1432
ECA1129	0.000010	0.000010	0.000010	0.999936	0.000013	0.000010	0.000010	LD_0.9_7_1432
ECA1143	0.000010	0.000010	0.000010	0.999940	0.000010	0.000010	0.000010	LD_0.9_7_1432
ECA1147	0.000020	0.000011	0.000010	0.999929	0.000010	0.000010	0.000010	LD_0.9_7_1432
ECA1149	0.048447	0.000010	0.000010	0.951503	0.000010	0.000010	0.000010	LD_0.9_7_1432
ECA1160	0.000010	0.000010	0.000013	0.999928	0.000019	0.000010	0.000010	LD_0.9_7_1432
ECA1164	0.000010	0.000010	0.000010	0.999940	0.000010	0.000010	0.000010	LD_0.9_7_1432
ECA1170	0.999940	0.000010	0.000010	0.000010	0.000010	0.000010	0.000010	LD_0.9_7_1432
ECA1174	0.000015	0.000014	0.000010	0.999932	0.000010	0.000010	0.000010	LD_0.9_7_1432
ECA1383	0.999940	0.000010	0.000010	0.000010	0.000010	0.000010	0.000010	LD_0.9_7_1432
ECA1411	0.000010	0.000013	0.000010	0.999926	0.000018	0.000012	0.000010	LD_0.9_7_1432
ECA1423	0.000010	0.000010	0.000010	0.999940	0.000010	0.000010	0.000010	LD_0.9_7_1432
ECA1429	0.000010	0.000010	0.000010	0.999940	0.000010	0.000010	0.000010	LD_0.9_7_1432
ECA1431	0.000010	0.000010	0.000010	0.999940	0.000010	0.000010	0.000010	LD_0.9_7_1432
ECA1437	0.000010	0.000010	0.000010	0.999940	0.000010	0.000010	0.000010	LD_0.9_7_1432
ECA1439	0.000012	0.000010	0.000010	0.999938	0.000010	0.000010	0.000010	LD_0.9_7_1432
ECA1443	0.952638	0.000010	0.000015	0.047296	0.000019	0.000012	0.000010	LD_0.9_7_1432
ECA1471	0.000010	0.000010	0.000012	0.999937	0.000010	0.000011	0.000010	LD_0.9_7_1432
ECA1489	0.000010	0.000010	0.000013	0.999937	0.000010	0.000010	0.000010	LD_0.9_7_1432
ECA1507	0.000013	0.000010	0.000010	0.999937	0.000010	0.000010	0.000010	LD_0.9_7_1432
ECA1509	0.000010	0.000010	0.000010	0.999940	0.000010	0.000010	0.000010	LD_0.9_7_1432
ECA1517	0.000014	0.000010	0.000010	0.999936	0.000010	0.000010	0.000010	LD_0.9_7_1432
ECA1521	0.000010	0.000010	0.000010	0.999933	0.000017	0.000010	0.000010	LD_0.9_7_1432
ECA1555	0.000013	0.000010	0.000010	0.999937	0.000010	0.000010	0.000010	LD_0.9_7_1432
ECA1559	0.999940	0.000010	0.000010	0.000010	0.000010	0.000010	0.000010	LD_0.9_7_1432
ECA1563	0.000010	0.000010	0.000010	0.999940	0.000010	0.000010	0.000010	LD_0.9_7_1432
ECA1571	0.000010	0.000010	0.000010	0.999940	0.000010	0.000010	0.000010	LD_0.9_7_1432
ECA1587	0.000010	0.000010	0.000010	0.999940	0.000010	0.000010	0.000010	LD_0.9_7_1432
ECA1605	0.866316	0.000010	0.000010	0.133634	0.000010	0.000010	0.000010	LD_0.9_7_1432
ECA1609	0.000012	0.000019	0.000010	0.999929	0.000010	0.000010	0.000010	LD_0.9_7_1432
ECA161	0.000015	0.000010	0.000010	0.999935	0.000010	0.000010	0.000010	LD_0.9_7_1432
ECA1611	0.000010	0.000010	0.000010	0.999940	0.000010	0.000010	0.000010	LD_0.9_7_1432
ECA1615	0.000010	0.000017	0.000010	0.999932	0.000010	0.000010	0.000010	LD_0.9_7_1432
ECA162	0.000010	0.000010	0.000011	0.999939	0.000010	0.000010	0.000010	LD_0.9_7_1432
ECA1621	0.000010	0.000010	0.000010	0.999940	0.000010	0.000010	0.000010	LD_0.9_7_1432
ECA163	0.000015	0.999935	0.000010	0.000010	0.000010	0.000010	0.000010	LD_0.9_7_1432
ECA1637	0.000010	0.000010	0.000010	0.999938	0.000010	0.000012	0.000010	LD_0.9_7_1432
ECA1657	0.000010	0.000010	0.000010	0.999940	0.000010	0.000010	0.000010	LD_0.9_7_1432
ECA1701	0.000011	0.000010	0.000010	0.999938	0.000010	0.000010	0.000010	LD_0.9_7_1432
ECA175	0.000019	0.000010	0.000010	0.999931	0.000010	0.000010	0.000010	LD_0.9_7_1432
ECA176	0.000010	0.000013	0.000011	0.999936	0.000010	0.000010	0.000010	LD_0.9_7_1432
ECA177	0.000010	0.000010	0.000010	0.999940	0.000010	0.000010	0.000010	LD_0.9_7_1432
ECA180	0.000010	0.000010	0.000010	0.985748	0.014202	0.000010	0.000010	LD_0.9_7_1432
ECA182	0.000010	0.000010	0.000010	0.999940	0.000010	0.000010	0.000010	LD_0.9_7_1432
ECA183	0.000013	0.000010	0.000010	0.999937	0.000010	0.000010	0.000010	LD_0.9_7_1432
ECA185	0.000010	0.000010	0.000010	0.999940	0.000010	0.000010	0.000010	LD_0.9_7_1432
ECA186	0.000010	0.000010	0.000010	0.999940	0.000010	0.000010	0.000010	LD_0.9_7_1432
ECA2083	0.000013	0.000010	0.000011	0.999937	0.000010	0.000010	0.000010	LD_0.9_7_1432
ECA2093	0.000010	0.000010	0.000010	0.999939	0.000010	0.000011	0.000010	LD_0.9_7_1432
ECA2115	0.000010	0.000010	0.000010	0.999938	0.000010	0.000012	0.000010	LD_0.9_7_1432
ECA2299	0.999930	0.000010	0.000010	0.000020	0.000010	0.000010	0.000010	LD_0.9_7_1432
ECA2373	0.000013	0.000011	0.000010	0.999936	0.000010	0.000010	0.000010	LD_0.9_7_1432
ECA2385	0.999939	0.000011	0.000010	0.000010	0.000010	0.000010	0.000010	LD_0.9_7_1432
ECA2425	0.000010	0.000010	0.000010	0.999940	0.000010	0.000010	0.000010	LD_0.9_7_1432
ECA2617	0.000010	0.000010	0.000011	0.000010	0.000010	0.000010	0.999939	LD_0.9_7_1432
ECA2618	0.000010	0.000010	0.000010	0.000010	0.000012	0.000010	0.999938	LD_0.9_7_1432
ECA2621	0.000010	0.000010	0.000011	0.000010	0.000010	0.000010	0.999939	LD_0.9_7_1432
ECA2623	0.000010	0.000010	0.000010	0.999940	0.000010	0.000010	0.000010	LD_0.9_7_1432
ECA2625	0.000010	0.000010	0.000014	0.999936	0.000010	0.000010	0.000010	LD_0.9_7_1432
ECA2626	0.000010	0.000010	0.000010	0.999940	0.000010	0.000010	0.000010	LD_0.9_7_1432
ECA2636	0.000010	0.000010	0.000010	0.999940	0.000010	0.000010	0.000010	LD_0.9_7_1432
ECA2637	0.000010	0.000010	0.000010	0.999940	0.000010	0.000010	0.000010	LD_0.9_7_1432
ECA2639	0.000010	0.000011	0.000010	0.000010	0.000010	0.000010	0.999939	LD_0.9_7_1432
ECA2645	0.000010	0.000010	0.000010	0.999940	0.000010	0.000010	0.000010	LD_0.9_7_1432
ECA2647	0.000012	0.000010	0.000010	0.000010	0.000010	0.000010	0.999938	LD_0.9_7_1432
ECA2663	0.000010	0.000010	0.000010	0.999940	0.000010	0.000010	0.000010	LD_0.9_7_1432
ECA2664	0.000010	0.000010	0.000010	0.999940	0.000010	0.000010	0.000010	LD_0.9_7_1432
ECA2666	0.000010	0.000016	0.000013	0.000010	0.000010	0.000010	0.999931	LD_0.9_7_1432
ECA2667	0.000010	0.000010	0.000010	0.999940	0.000010	0.000010	0.000010	LD_0.9_7_1432
ECA2670	0.000013	0.000010	0.000010	0.000010	0.000012	0.000010	0.999935	LD_0.9_7_1432
ECA276	0.000018	0.999932	0.000010	0.000010	0.000010	0.000010	0.000010	LD_0.9_7_1432
ECA278	0.000017	0.000010	0.999933	0.000010	0.000010	0.000010	0.000010	LD_0.9_7_1432
ECA2808	0.000014	0.000010	0.000010	0.999936	0.000010	0.000010	0.000010	LD_0.9_7_1432
ECA287	0.995677	0.000010	0.000010	0.004273	0.000010	0.000010	0.000010	LD_0.9_7_1432
ECA288	0.113312	0.000010	0.000010	0.886631	0.000010	0.000017	0.000010	LD_0.9_7_1432
ECA2883	0.000013	0.000010	0.000010	0.999937	0.000010	0.000010	0.000010	LD_0.9_7_1432
ECA2890	0.000010	0.000010	0.000010	0.999940	0.000010	0.000010	0.000010	LD_0.9_7_1432
ECA2894	0.000010	0.000010	0.000010	0.999940	0.000010	0.000010	0.000010	LD_0.9_7_1432
ECA2936	0.999940	0.000010	0.000010	0.000010	0.000010	0.000010	0.000010	LD_0.9_7_1432
ECA2975	0.000010	0.000010	0.000010	0.999940	0.000010	0.000010	0.000010	LD_0.9_7_1432
ECA3091	0.000013	0.000010	0.000010	0.999930	0.000010	0.000016	0.000010	LD_0.9_7_1432
ECA343	0.000010	0.000010	0.000010	0.999940	0.000010	0.000010	0.000010	LD_0.9_7_1432
ECA346	0.000010	0.000010	0.000010	0.999940	0.000010	0.000010	0.000010	LD_0.9_7_1432
ECA3502	0.999940	0.000010	0.000010	0.000010	0.000010	0.000010	0.000010	LD_0.9_7_1432
ECA3503	0.000010	0.000010	0.000010	0.999940	0.000010	0.000010	0.000010	LD_0.9_7_1432
ECA3509	0.000011	0.000010	0.000010	0.999939	0.000010	0.000010	0.000010	LD_0.9_7_1432
ECA3708	0.000010	0.000010	0.000010	0.999940	0.000010	0.000010	0.000010	LD_0.9_7_1432
ECA371	0.000016	0.000010	0.000010	0.999934	0.000010	0.000010	0.000010	LD_0.9_7_1432
ECA3712	0.000011	0.000010	0.000013	0.999936	0.000010	0.000010	0.000010	LD_0.9_7_1432
ECA3713	0.000010	0.000010	0.000010	0.999933	0.000017	0.000010	0.000010	LD_0.9_7_1432
ECA3899	0.000010	0.000010	0.000010	0.999940	0.000010	0.000010	0.000010	LD_0.9_7_1432
ECA4382	0.000010	0.000010	0.000010	0.999939	0.000010	0.000011	0.000010	LD_0.9_7_1432
ECA4390	0.000010	0.000010	0.000010	0.999940	0.000010	0.000010	0.000010	LD_0.9_7_1432
ECA4394	0.000010	0.000010	0.000010	0.999940	0.000010	0.000010	0.000010	LD_0.9_7_1432
ECA4402	0.000010	0.000012	0.000010	0.999938	0.000010	0.000010	0.000010	LD_0.9_7_1432
ECA569	0.000010	0.000010	0.999940	0.000010	0.000010	0.000010	0.000010	LD_0.9_7_1432
ED3032	0.000010	0.000010	0.000010	0.999940	0.000010	0.000010	0.000010	LD_0.9_7_1432
ED3037	0.000010	0.000010	0.000012	0.999938	0.000010	0.000010	0.000010	LD_0.9_7_1432
ED3088	0.000010	0.000018	0.000010	0.999927	0.000010	0.000015	0.000010	LD_0.9_7_1432
ED3102	0.000010	0.999940	0.000010	0.000010	0.000010	0.000010	0.000010	LD_0.9_7_1432
EG4360	0.000010	0.000010	0.999934	0.000016	0.000010	0.000010	0.000010	LD_0.9_7_1432
EG5612	0.000010	0.000010	0.000010	0.170629	0.829321	0.000010	0.000010	LD_0.9_7_1432
EG5613	0.000010	0.000010	0.000010	0.935797	0.064153	0.000010	0.000010	LD_0.9_7_1432
EG6179	0.000010	0.000010	0.000010	0.954490	0.045460	0.000010	0.000010	LD_0.9_7_1432
EG6260	0.000010	0.000010	0.000015	0.999934	0.000010	0.000010	0.000010	LD_0.9_7_1432
EG6261	0.000010	0.000010	0.000010	0.999940	0.000010	0.000010	0.000010	LD_0.9_7_1432
EG6265	0.999940	0.000010	0.000010	0.000010	0.000010	0.000010	0.000010	LD_0.9_7_1432
EG6267	0.000010	0.000010	0.000013	0.999937	0.000010	0.000010	0.000010	LD_0.9_7_1432
EG6271	0.000010	0.000010	0.000010	0.999940	0.000010	0.000010	0.000010	LD_0.9_7_1432
EG6272	0.000010	0.000010	0.000010	0.999940	0.000010	0.000010	0.000010	LD_0.9_7_1432
EG6274	0.000010	0.000010	0.000016	0.999934	0.000010	0.000010	0.000010	LD_0.9_7_1432
EG6275	0.000014	0.000010	0.000010	0.999936	0.000010	0.000010	0.000010	LD_0.9_7_1432
EG6276	0.000010	0.000010	0.000014	0.999936	0.000010	0.000010	0.000010	LD_0.9_7_1432
EG6329	0.000010	0.000010	0.000010	0.999940	0.000010	0.000010	0.000010	LD_0.9_7_1432
GUN124	0.000010	0.000010	0.999940	0.000010	0.000010	0.000010	0.000010	LD_0.9_7_1432
GXW22	0.000010	0.000010	0.000010	0.999940	0.000010	0.000010	0.000010	LD_0.9_7_1432
GXW23	0.000010	0.000010	0.000010	0.405628	0.594322	0.000010	0.000010	LD_0.9_7_1432
HK104	0.000010	0.000010	0.999940	0.000010	0.000010	0.000010	0.000010	LD_0.9_7_1432
HPT11	0.000010	0.999940	0.000010	0.000010	0.000010	0.000010	0.000010	LD_0.9_7_1432
HPT16	0.000018	0.000018	0.000010	0.999924	0.000010	0.000010	0.000010	LD_0.9_7_1432
HPT18	0.000010	0.999939	0.000010	0.000010	0.000010	0.000011	0.000010	LD_0.9_7_1432
HPT19	0.000010	0.000011	0.000016	0.999934	0.000010	0.000010	0.000010	LD_0.9_7_1432
HPT2	0.000010	0.000010	0.000010	0.998302	0.001648	0.000010	0.000010	LD_0.9_7_1432
HPT21	0.000010	0.000010	0.000010	0.999932	0.000018	0.000010	0.000010	LD_0.9_7_1432
HPT24	0.000010	0.999940	0.000010	0.000010	0.000010	0.000010	0.000010	LD_0.9_7_1432
HPT34	0.000010	0.000010	0.000010	0.999937	0.000010	0.000013	0.000010	LD_0.9_7_1432
HPT37	0.000010	0.000010	0.000010	0.990304	0.009646	0.000010	0.000010	LD_0.9_7_1432
HPT4	0.000013	0.000010	0.000010	0.999935	0.000010	0.000012	0.000010	LD_0.9_7_1432
HPT42	0.000010	0.000010	0.000010	0.999940	0.000010	0.000010	0.000010	LD_0.9_7_1432
HPT52	0.000010	0.000010	0.000010	0.464286	0.535663	0.000010	0.000010	LD_0.9_7_1432
HPT53	0.000010	0.000010	0.000017	0.999933	0.000010	0.000010	0.000010	LD_0.9_7_1432
HPT54	0.000010	0.000010	0.000010	0.999940	0.000010	0.000010	0.000010	LD_0.9_7_1432
HPT55	0.000010	0.000010	0.000010	0.999940	0.000010	0.000010	0.000010	LD_0.9_7_1432
HPT59	0.000010	0.000010	0.000010	0.999940	0.000010	0.000010	0.000010	LD_0.9_7_1432
HPT60	0.000010	0.000010	0.000010	0.999940	0.000010	0.000010	0.000010	LD_0.9_7_1432
HPT62	0.000010	0.000010	0.000010	0.000010	0.999939	0.000011	0.000010	LD_0.9_7_1432
HPT63	0.000012	0.000010	0.000010	0.999938	0.000010	0.000010	0.000010	LD_0.9_7_1432
HPT7	0.000010	0.000010	0.000010	0.999932	0.000018	0.000010	0.000010	LD_0.9_7_1432
HPT8	0.000012	0.000010	0.000010	0.999938	0.000010	0.000010	0.000010	LD_0.9_7_1432
HPT9	0.000010	0.000010	0.000010	0.250667	0.749283	0.000010	0.000010	LD_0.9_7_1432
JU1085	0.000010	0.000010	0.999940	0.000010	0.000010	0.000010	0.000010	LD_0.9_7_1432
JU1337	0.000010	0.000017	0.000010	0.932362	0.067571	0.000020	0.000010	LD_0.9_7_1432
JU1338	0.000017	0.000010	0.000010	0.025818	0.974125	0.000010	0.000010	LD_0.9_7_1432
JU1341	0.000010	0.000010	0.000010	0.000010	0.000010	0.000010	0.999940	LD_0.9_7_1432
JU1346	0.000010	0.000010	0.000010	0.000010	0.999940	0.000010	0.000010	LD_0.9_7_1432
JU1347	0.000010	0.000010	0.000010	0.999940	0.000010	0.000010	0.000010	LD_0.9_7_1432
JU1348	0.000010	0.000010	0.000010	0.000010	0.000010	0.000010	0.999940	LD_0.9_7_1432
JU1375	0.000010	0.000010	0.000010	0.999940	0.000010	0.000010	0.000010	LD_0.9_7_1432
JU1377	0.000010	0.000010	0.000010	0.999935	0.000010	0.000015	0.000010	LD_0.9_7_1432
JU1378	0.000010	0.000013	0.000010	0.999935	0.000011	0.000010	0.000010	LD_0.9_7_1432
JU1392	0.000010	0.000010	0.000010	0.999940	0.000010	0.000010	0.000010	LD_0.9_7_1432
JU1399	0.000010	0.000010	0.000010	0.999940	0.000010	0.000010	0.000010	LD_0.9_7_1432
JU1424	0.000010	0.000010	0.000010	0.044864	0.955086	0.000010	0.000010	LD_0.9_7_1432
JU1435	0.000010	0.000010	0.000010	0.999940	0.000010	0.000010	0.000010	LD_0.9_7_1432
JU1564	0.000010	0.000017	0.999933	0.000010	0.000010	0.000010	0.000010	LD_0.9_7_1432
JU1637	0.000010	0.000010	0.000010	0.999940	0.000010	0.000010	0.000010	LD_0.9_7_1432
JU1638	0.000010	0.000010	0.000010	0.999940	0.000010	0.000010	0.000010	LD_0.9_7_1432
JU1794	0.000010	0.000010	0.000010	0.934234	0.065716	0.000010	0.000010	LD_0.9_7_1432
JU1795	0.000010	0.000010	0.000010	0.999940	0.000010	0.000010	0.000010	LD_0.9_7_1432
JU1799	0.000010	0.000012	0.000010	0.999938	0.000010	0.000010	0.000010	LD_0.9_7_1432
JU1802	0.000010	0.000010	0.000010	0.999935	0.000015	0.000010	0.000010	LD_0.9_7_1432
JU1814	0.000010	0.000010	0.000010	0.999940	0.000010	0.000010	0.000010	LD_0.9_7_1432
JU1884	0.000010	0.000010	0.000012	0.999938	0.000010	0.000010	0.000010	LD_0.9_7_1432
JU1885	0.000010	0.000010	0.000010	0.925206	0.074744	0.000010	0.000010	LD_0.9_7_1432
JU1907	0.000010	0.000010	0.000010	0.999940	0.000010	0.000010	0.000010	LD_0.9_7_1432
JU1908	0.000010	0.000010	0.000010	0.999940	0.000010	0.000010	0.000010	LD_0.9_7_1432
JU1909	0.000010	0.000010	0.000010	0.999940	0.000010	0.000010	0.000010	LD_0.9_7_1432
JU1913	0.000010	0.000010	0.000010	0.499121	0.500829	0.000010	0.000010	LD_0.9_7_1432
JU2053	0.000010	0.000015	0.000010	0.999935	0.000010	0.000010	0.000010	LD_0.9_7_1432
JU2054	0.000011	0.000010	0.000010	0.999935	0.000014	0.000010	0.000010	LD_0.9_7_1432
JU2056	0.000010	0.000010	0.000010	0.999940	0.000010	0.000010	0.000010	LD_0.9_7_1432
JU2057	0.000010	0.000010	0.000010	0.000010	0.999940	0.000010	0.000010	LD_0.9_7_1432
JU2160	0.000010	0.000010	0.000010	0.000010	0.999939	0.000011	0.000010	LD_0.9_7_1432
JU2162	0.000010	0.000010	0.000010	0.000010	0.999940	0.000010	0.000010	LD_0.9_7_1432
JU2214	0.000010	0.000010	0.002513	0.997436	0.000011	0.000010	0.000010	LD_0.9_7_1432
JU2216	0.999933	0.000010	0.000017	0.000010	0.000010	0.000010	0.000010	LD_0.9_7_1432
JU2457	0.000010	0.000010	0.500378	0.499572	0.000010	0.000010	0.000010	LD_0.9_7_1432
JU2470	0.000010	0.000010	0.000010	0.000010	0.999940	0.000010	0.000010	LD_0.9_7_1432
JU2472	0.000010	0.000010	0.000012	0.999937	0.000010	0.000010	0.000010	LD_0.9_7_1432
JU2507	0.000010	0.000010	0.000010	0.000010	0.999940	0.000010	0.000010	LD_0.9_7_1432
JU2518	0.000018	0.000010	0.000010	0.999932	0.000010	0.000010	0.000010	LD_0.9_7_1432
JU2536	0.000010	0.000010	0.999937	0.000010	0.000013	0.000010	0.000010	LD_0.9_7_1432
JU2618	0.000010	0.000010	0.000010	0.999940	0.000010	0.000010	0.000010	LD_0.9_7_1432
JU2799	0.000010	0.000010	0.000010	0.999940	0.000010	0.000010	0.000010	LD_0.9_7_1432
JU2836	0.000010	0.000010	0.000010	0.999940	0.000010	0.000010	0.000010	LD_0.9_7_1432
JU2849	0.000010	0.000010	0.000010	0.160683	0.839267	0.000010	0.000010	LD_0.9_7_1432
JU2861	0.000010	0.000010	0.000010	0.999940	0.000010	0.000010	0.000010	LD_0.9_7_1432
JU2868	0.000010	0.000010	0.000010	0.999940	0.000010	0.000010	0.000010	LD_0.9_7_1432
JU2872	0.000010	0.000010	0.999940	0.000010	0.000010	0.000010	0.000010	LD_0.9_7_1432
JU2910	0.000010	0.000010	0.000010	0.925279	0.074671	0.000010	0.000010	LD_0.9_7_1432
JU3168	0.000010	0.999940	0.000010	0.000010	0.000010	0.000010	0.000010	LD_0.9_7_1432
JU3171	0.000013	0.000010	0.000014	0.999934	0.000010	0.000010	0.000010	LD_0.9_7_1432
JU3199	0.000010	0.000010	0.000010	0.000010	0.000010	0.000010	0.999940	LD_0.9_7_1432
JU3200	0.000010	0.000010	0.000010	0.000015	0.000010	0.000010	0.999935	LD_0.9_7_1432
JU3201	0.000010	0.000010	0.000010	0.000010	0.000010	0.000010	0.999940	LD_0.9_7_1432
JU3202	0.000010	0.000010	0.000010	0.000010	0.000010	0.000010	0.999940	LD_0.9_7_1432
JU3203	0.000010	0.000010	0.000010	0.000017	0.000010	0.000010	0.999933	LD_0.9_7_1432
JU3206	0.000010	0.000010	0.000010	0.000020	0.000010	0.000010	0.999930	LD_0.9_7_1432
JU3207	0.000010	0.000011	0.000010	0.999939	0.000010	0.000010	0.000010	LD_0.9_7_1432
JU3237	0.000010	0.000010	0.000010	0.000010	0.999940	0.000010	0.000010	LD_0.9_7_1432
JU3281	0.000010	0.000016	0.000010	0.999934	0.000010	0.000010	0.000010	LD_0.9_7_1432
JU3319	0.000010	0.000010	0.000010	0.394964	0.604986	0.000010	0.000010	LD_0.9_7_1432
JU3321	0.000010	0.000010	0.000010	0.999940	0.000010	0.000010	0.000010	LD_0.9_7_1432
JU3326	0.000010	0.852011	0.147939	0.000010	0.000010	0.000010	0.000010	LD_0.9_7_1432
JU3327	0.000010	0.000012	0.000016	0.968641	0.031300	0.000011	0.000010	LD_0.9_7_1432
JU3416	0.043249	0.000010	0.905099	0.051612	0.000010	0.000010	0.000010	LD_0.9_7_1432
JU4042	0.000010	0.000010	0.000010	0.999940	0.000010	0.000010	0.000010	LD_0.9_7_1432
JU4051	0.000010	0.000010	0.000017	0.031112	0.968832	0.000010	0.000010	LD_0.9_7_1432
JU4058	0.000010	0.000010	0.000010	0.124647	0.875303	0.000010	0.000010	LD_0.9_7_1432
JU4060	0.000010	0.000010	0.000010	0.000010	0.999940	0.000010	0.000010	LD_0.9_7_1432
JU4062	0.000010	0.000010	0.000010	0.000010	0.999940	0.000010	0.000010	LD_0.9_7_1432
JU4064	0.000010	0.000010	0.000010	0.000010	0.999940	0.000010	0.000010	LD_0.9_7_1432
JU4080	0.000010	0.000010	0.000019	0.999926	0.000010	0.000015	0.000010	LD_0.9_7_1432
JU4084	0.000010	0.000010	0.000010	0.000011	0.999939	0.000010	0.000010	LD_0.9_7_1432
JU4097	0.000010	0.000010	0.000010	0.106789	0.893161	0.000010	0.000010	LD_0.9_7_1432
JU725	0.000011	0.000010	0.000010	0.414858	0.585089	0.000012	0.000010	LD_0.9_7_1432
MY2716	0.000010	0.000010	0.000010	0.999940	0.000010	0.000010	0.000010	LD_0.9_7_1432
MY539	0.000010	0.000010	0.000010	0.999931	0.000019	0.000010	0.000010	LD_0.9_7_1432
NIC1050	0.000010	0.000010	0.000010	0.999940	0.000010	0.000010	0.000010	LD_0.9_7_1432
NIC1052	0.000010	0.000010	0.000010	0.999940	0.000010	0.000010	0.000010	LD_0.9_7_1432
NIC1054	0.000010	0.000010	0.000010	0.999936	0.000010	0.000014	0.000010	LD_0.9_7_1432
NIC1055	0.000010	0.000010	0.000010	0.999940	0.000010	0.000010	0.000010	LD_0.9_7_1432
NIC1057	0.000010	0.000010	0.000010	0.999940	0.000010	0.000010	0.000010	LD_0.9_7_1432
NIC1058	0.000019	0.000010	0.000010	0.999931	0.000010	0.000010	0.000010	LD_0.9_7_1432
NIC1059	0.000010	0.000010	0.000010	0.999940	0.000010	0.000010	0.000010	LD_0.9_7_1432
NIC1060	0.000010	0.000010	0.000010	0.999940	0.000010	0.000010	0.000010	LD_0.9_7_1432
NIC1062	0.000010	0.000013	0.000010	0.999937	0.000010	0.000010	0.000010	LD_0.9_7_1432
NIC1069	0.000010	0.000010	0.000010	0.999940	0.000010	0.000010	0.000010	LD_0.9_7_1432
NIC1103	0.000010	0.000012	0.000010	0.999938	0.000010	0.000010	0.000010	LD_0.9_7_1432
NIC1104	0.000012	0.000010	0.000010	0.999938	0.000010	0.000010	0.000010	LD_0.9_7_1432
NIC1106	0.000010	0.000020	0.000010	0.999924	0.000011	0.000015	0.000010	LD_0.9_7_1432
NIC1117	0.000012	0.000010	0.000010	0.999938	0.000010	0.000010	0.000010	LD_0.9_7_1432
NIC1123	0.000010	0.000010	0.000010	0.000010	0.999940	0.000010	0.000010	LD_0.9_7_1432
NIC1124	0.000010	0.000010	0.000010	0.999940	0.000010	0.000010	0.000010	LD_0.9_7_1432
NIC1135	0.000010	0.000010	0.000011	0.999939	0.000010	0.000010	0.000010	LD_0.9_7_1432
NIC1138	0.000011	0.000010	0.000010	0.999939	0.000010	0.000010	0.000010	LD_0.9_7_1432
NIC1141	0.000010	0.000010	0.000010	0.999940	0.000010	0.000010	0.000010	LD_0.9_7_1432
NIC115	0.000010	0.000010	0.000010	0.999940	0.000010	0.000010	0.000010	LD_0.9_7_1432
NIC117	0.000010	0.000010	0.000010	0.999940	0.000010	0.000010	0.000010	LD_0.9_7_1432
NIC1183	0.000010	0.000010	0.000010	0.999940	0.000010	0.000010	0.000010	LD_0.9_7_1432
NIC119	0.000010	0.000010	0.000013	0.999937	0.000010	0.000010	0.000010	LD_0.9_7_1432
NIC1190	0.000010	0.000010	0.000010	0.999940	0.000010	0.000010	0.000010	LD_0.9_7_1432
NIC1202	0.000010	0.000010	0.000014	0.984920	0.015026	0.000010	0.000010	LD_0.9_7_1432
NIC1204	0.000010	0.000010	0.000010	0.923853	0.076097	0.000010	0.000010	LD_0.9_7_1432
NIC1205	0.999940	0.000010	0.000010	0.000010	0.000010	0.000010	0.000010	LD_0.9_7_1432
NIC1218	0.000011	0.000010	0.000010	0.999939	0.000010	0.000010	0.000010	LD_0.9_7_1432
NIC1220	0.999940	0.000010	0.000010	0.000010	0.000010	0.000010	0.000010	LD_0.9_7_1432
NIC1221	0.000010	0.000010	0.000010	0.932616	0.067334	0.000010	0.000010	LD_0.9_7_1432
NIC123	0.000010	0.000010	0.000010	0.999940	0.000010	0.000010	0.000010	LD_0.9_7_1432
NIC1267	0.000010	0.000010	0.000010	0.999940	0.000010	0.000010	0.000010	LD_0.9_7_1432
NIC1283	0.000010	0.000014	0.000010	0.999936	0.000010	0.000010	0.000010	LD_0.9_7_1432
NIC1288	0.000010	0.000010	0.000010	0.898495	0.101449	0.000016	0.000010	LD_0.9_7_1432
NIC1292	0.000012	0.000015	0.000010	0.999933	0.000010	0.000010	0.000010	LD_0.9_7_1432
NIC1302	0.000018	0.000010	0.000010	0.999932	0.000010	0.000010	0.000010	LD_0.9_7_1432
NIC1304	0.000010	0.000017	0.000010	0.999933	0.000010	0.000010	0.000010	LD_0.9_7_1432
NIC1308	0.000010	0.000010	0.000010	0.555532	0.444418	0.000010	0.000010	LD_0.9_7_1432
NIC1407	0.000010	0.000010	0.000015	0.999927	0.000010	0.000018	0.000010	LD_0.9_7_1432
NIC1421	0.000010	0.000010	0.000010	0.999933	0.000017	0.000010	0.000010	LD_0.9_7_1432
NIC1423	0.000017	0.000010	0.000015	0.985929	0.014008	0.000010	0.000010	LD_0.9_7_1432
NIC1442	0.000010	0.000010	0.000010	0.999940	0.000010	0.000010	0.000010	LD_0.9_7_1432
NIC1491	0.000010	0.000010	0.000010	0.999940	0.000010	0.000010	0.000010	LD_0.9_7_1432
NIC1525	0.000017	0.000010	0.000010	0.999933	0.000010	0.000010	0.000010	LD_0.9_7_1432
NIC1528	0.000010	0.000010	0.000010	0.999940	0.000010	0.000010	0.000010	LD_0.9_7_1432
NIC1529	0.000010	0.000010	0.000017	0.999933	0.000010	0.000010	0.000010	LD_0.9_7_1432
NIC1533	0.000010	0.000010	0.000010	0.999940	0.000010	0.000010	0.000010	LD_0.9_7_1432
NIC1535	0.000010	0.000010	0.000010	0.999940	0.000010	0.000010	0.000010	LD_0.9_7_1432
NIC1539	0.999921	0.000010	0.000010	0.000016	0.000017	0.000016	0.000010	LD_0.9_7_1432
NIC1540	0.000010	0.000010	0.000010	0.000010	0.000010	0.999940	0.000010	LD_0.9_7_1432
NIC1562	0.999940	0.000010	0.000010	0.000010	0.000010	0.000010	0.000010	LD_0.9_7_1432
NIC1589	0.000010	0.000010	0.000016	0.000013	0.000010	0.999931	0.000010	LD_0.9_7_1432
NIC1590	0.999932	0.000012	0.000016	0.000010	0.000010	0.000010	0.000010	LD_0.9_7_1432
NIC1591	0.000010	0.000010	0.000010	0.000010	0.000010	0.999940	0.000010	LD_0.9_7_1432
NIC1593	0.000012	0.000010	0.000010	0.000010	0.000010	0.999938	0.000010	LD_0.9_7_1432
NIC1595	0.999940	0.000010	0.000010	0.000010	0.000010	0.000010	0.000010	LD_0.9_7_1432
NIC1598	0.999269	0.000014	0.000010	0.000672	0.000010	0.000014	0.000010	LD_0.9_7_1432
NIC1602	0.999940	0.000010	0.000010	0.000010	0.000010	0.000010	0.000010	LD_0.9_7_1432
NIC1607	0.000014	0.999933	0.000012	0.000010	0.000010	0.000010	0.000010	LD_0.9_7_1432
NIC1628	0.000010	0.000019	0.000010	0.999931	0.000010	0.000010	0.000010	LD_0.9_7_1432
NIC1630	0.999932	0.000010	0.000010	0.000010	0.000017	0.000011	0.000010	LD_0.9_7_1432
NIC1631	0.999931	0.000010	0.000012	0.000016	0.000010	0.000010	0.000010	LD_0.9_7_1432
NIC1632	0.000010	0.000010	0.999933	0.000010	0.000017	0.000010	0.000010	LD_0.9_7_1432
NIC1633	0.000010	0.000010	0.999940	0.000010	0.000010	0.000010	0.000010	LD_0.9_7_1432
NIC1635	0.000010	0.000010	0.999939	0.000011	0.000010	0.000010	0.000010	LD_0.9_7_1432
NIC1645	0.999931	0.000010	0.000010	0.000010	0.000016	0.000012	0.000010	LD_0.9_7_1432
NIC1660	0.999932	0.000018	0.000010	0.000010	0.000010	0.000010	0.000010	LD_0.9_7_1432
NIC1661	0.999936	0.000010	0.000014	0.000010	0.000010	0.000010	0.000010	LD_0.9_7_1432
NIC1662	0.999933	0.000010	0.000011	0.000010	0.000015	0.000011	0.000010	LD_0.9_7_1432
NIC1663	0.999931	0.000010	0.000010	0.000010	0.000019	0.000010	0.000010	LD_0.9_7_1432
NIC1664	0.000010	0.000010	0.000010	0.000010	0.000010	0.999940	0.000010	LD_0.9_7_1432
NIC1665	0.000010	0.000016	0.000010	0.000013	0.000019	0.999922	0.000010	LD_0.9_7_1432
NIC1666	0.999931	0.000014	0.000010	0.000010	0.000015	0.000010	0.000010	LD_0.9_7_1432
NIC1667	0.999935	0.000010	0.000010	0.000013	0.000012	0.000010	0.000010	LD_0.9_7_1432
NIC1681	0.999940	0.000010	0.000010	0.000010	0.000010	0.000010	0.000010	LD_0.9_7_1432
NIC1688	0.000010	0.000010	0.000010	0.999940	0.000010	0.000010	0.000010	LD_0.9_7_1432
NIC1692	0.999940	0.000010	0.000010	0.000010	0.000010	0.000010	0.000010	LD_0.9_7_1432
NIC1693	0.999940	0.000010	0.000010	0.000010	0.000010	0.000010	0.000010	LD_0.9_7_1432
NIC17	0.000010	0.000011	0.000010	0.999939	0.000010	0.000010	0.000010	LD_0.9_7_1432
NIC174	0.000010	0.000010	0.999936	0.000010	0.000014	0.000010	0.000010	LD_0.9_7_1432
NIC187	0.000010	0.000010	0.000010	0.999940	0.000010	0.000010	0.000010	LD_0.9_7_1432
NIC188	0.000010	0.000011	0.000010	0.999934	0.000010	0.000015	0.000010	LD_0.9_7_1432
NIC19	0.000010	0.000018	0.000010	0.000016	0.000010	0.999926	0.000010	LD_0.9_7_1432
NIC191	0.000010	0.000010	0.000018	0.999932	0.000010	0.000010	0.000010	LD_0.9_7_1432
NIC20	0.000018	0.000010	0.000012	0.000010	0.000010	0.999930	0.000010	LD_0.9_7_1432
NIC21	0.000017	0.000010	0.000010	0.000010	0.000010	0.999933	0.000010	LD_0.9_7_1432
NIC22	0.000010	0.000010	0.000010	0.000010	0.000010	0.999940	0.000010	LD_0.9_7_1432
NIC2369	0.000010	0.000010	0.000010	0.207711	0.792239	0.000010	0.000010	LD_0.9_7_1432
NIC248	0.000010	0.000010	0.000010	0.999940	0.000010	0.000010	0.000010	LD_0.9_7_1432
NIC250	0.000010	0.000010	0.000010	0.999940	0.000010	0.000010	0.000010	LD_0.9_7_1432
NIC2527	0.000010	0.000019	0.000015	0.999926	0.000010	0.000010	0.000010	LD_0.9_7_1432
NIC309	0.000010	0.000010	0.000010	0.999940	0.000010	0.000010	0.000010	LD_0.9_7_1432
NIC325	0.000013	0.000010	0.000010	0.999937	0.000010	0.000010	0.000010	LD_0.9_7_1432
NIC327	0.000010	0.000010	0.000010	0.999937	0.000010	0.000013	0.000010	LD_0.9_7_1432
NIC329	0.000010	0.000010	0.000010	0.999940	0.000010	0.000010	0.000010	LD_0.9_7_1432
NIC330	0.000010	0.000010	0.000010	0.999940	0.000010	0.000010	0.000010	LD_0.9_7_1432
NIC331	0.000010	0.000016	0.000010	0.999934	0.000010	0.000010	0.000010	LD_0.9_7_1432
NIC332	0.000010	0.000010	0.000010	0.999940	0.000010	0.000010	0.000010	LD_0.9_7_1432
NIC333	0.000010	0.000010	0.000010	0.999940	0.000010	0.000010	0.000010	LD_0.9_7_1432
NIC343	0.000010	0.000010	0.000010	0.999940	0.000010	0.000010	0.000010	LD_0.9_7_1432
NIC392	0.000010	0.000010	0.000010	0.999940	0.000010	0.000010	0.000010	LD_0.9_7_1432
NIC400	0.000010	0.000010	0.000010	0.999940	0.000010	0.000010	0.000010	LD_0.9_7_1432
NIC402	0.000010	0.000010	0.000010	0.999940	0.000010	0.000010	0.000010	LD_0.9_7_1432
NIC419	0.000010	0.000010	0.000010	0.239841	0.760109	0.000010	0.000010	LD_0.9_7_1432
NIC504	0.999931	0.000014	0.000012	0.000010	0.000010	0.000012	0.000010	LD_0.9_7_1432
NIC505	0.999939	0.000010	0.000011	0.000010	0.000010	0.000010	0.000010	LD_0.9_7_1432
NIC518	0.999940	0.000010	0.000010	0.000010	0.000010	0.000010	0.000010	LD_0.9_7_1432
NIC519	0.999931	0.000010	0.000010	0.000019	0.000010	0.000010	0.000010	LD_0.9_7_1432
NIC532	0.000010	0.000010	0.000010	0.999940	0.000010	0.000010	0.000010	LD_0.9_7_1432
NIC541	0.000010	0.000011	0.000010	0.659875	0.340074	0.000010	0.000010	LD_0.9_7_1432
NIC549	0.000010	0.000012	0.000010	0.999938	0.000010	0.000010	0.000010	LD_0.9_7_1432
NIC552	0.000010	0.000010	0.000010	0.999940	0.000010	0.000010	0.000010	LD_0.9_7_1432
NIC555	0.000010	0.000010	0.000010	0.999940	0.000010	0.000010	0.000010	LD_0.9_7_1432
NIC574	0.000010	0.000014	0.000010	0.999936	0.000010	0.000010	0.000010	LD_0.9_7_1432
NIC578	0.000014	0.000010	0.000010	0.999931	0.000010	0.000014	0.000010	LD_0.9_7_1432
NIC583	0.000010	0.000010	0.000010	0.999940	0.000010	0.000010	0.000010	LD_0.9_7_1432
NIC590	0.000010	0.000010	0.000010	0.790405	0.209545	0.000010	0.000010	LD_0.9_7_1432
NIC593	0.000010	0.000010	0.000010	0.999937	0.000010	0.000013	0.000010	LD_0.9_7_1432
NIC60	0.000010	0.000013	0.000014	0.999928	0.000010	0.000015	0.000010	LD_0.9_7_1432
NIC61	0.000010	0.000011	0.000010	0.999939	0.000010	0.000010	0.000010	LD_0.9_7_1432
NIC62	0.000010	0.000014	0.000010	0.999936	0.000010	0.000010	0.000010	LD_0.9_7_1432
NIC67	0.000010	0.000010	0.000010	0.007174	0.992776	0.000010	0.000010	LD_0.9_7_1432
NIC758	0.000010	0.000010	0.000010	0.805773	0.194177	0.000010	0.000010	LD_0.9_7_1432
NIC777	0.000010	0.000010	0.000010	0.999938	0.000012	0.000010	0.000010	LD_0.9_7_1432
NIC779	0.999938	0.000010	0.000012	0.000010	0.000010	0.000010	0.000010	LD_0.9_7_1432
NIC790	0.000010	0.000010	0.000010	0.999940	0.000010	0.000010	0.000010	LD_0.9_7_1432
NIC791	0.000010	0.000010	0.000010	0.000010	0.999940	0.000010	0.000010	LD_0.9_7_1432
NIC792	0.000010	0.000010	0.000010	0.597126	0.402820	0.000014	0.000010	LD_0.9_7_1432
NIC793	0.000010	0.000010	0.000010	0.999940	0.000010	0.000010	0.000010	LD_0.9_7_1432
NIC795	0.000010	0.000010	0.000010	0.999940	0.000010	0.000010	0.000010	LD_0.9_7_1432
NIC796	0.000010	0.000010	0.000010	0.991077	0.000010	0.008873	0.000010	LD_0.9_7_1432
NIC802	0.000010	0.000010	0.000010	0.999940	0.000010	0.000010	0.000010	LD_0.9_7_1432
NIC803	0.000010	0.000010	0.000015	0.999935	0.000010	0.000010	0.000010	LD_0.9_7_1432
NIC805	0.999940	0.000010	0.000010	0.000010	0.000010	0.000010	0.000010	LD_0.9_7_1432
NIC811	0.000010	0.000010	0.000010	0.964155	0.035795	0.000010	0.000010	LD_0.9_7_1432
NIC814	0.999940	0.000010	0.000010	0.000010	0.000010	0.000010	0.000010	LD_0.9_7_1432
NIC815	0.999940	0.000010	0.000010	0.000010	0.000010	0.000010	0.000010	LD_0.9_7_1432
NIC816	0.000010	0.000010	0.000010	0.000010	0.000010	0.999940	0.000010	LD_0.9_7_1432
NIC819	0.000012	0.999935	0.000010	0.000014	0.000010	0.000010	0.000010	LD_0.9_7_1432
NIC821	0.000010	0.000010	0.000018	0.999932	0.000010	0.000010	0.000010	LD_0.9_7_1432
NIC822	0.999940	0.000010	0.000010	0.000010	0.000010	0.000010	0.000010	LD_0.9_7_1432
NIC824	0.999940	0.000010	0.000010	0.000010	0.000010	0.000010	0.000010	LD_0.9_7_1432
NIC825	0.000010	0.000010	0.000017	0.000010	0.000010	0.999933	0.000010	LD_0.9_7_1432
NIC827	0.000010	0.000010	0.000010	0.000014	0.000018	0.999928	0.000010	LD_0.9_7_1432
NIC828	0.000010	0.000010	0.000011	0.000010	0.000012	0.999938	0.000010	LD_0.9_7_1432
NIC863	0.999931	0.000018	0.000010	0.000010	0.000011	0.000010	0.000010	LD_0.9_7_1432
NIC864	0.999940	0.000010	0.000010	0.000010	0.000010	0.000010	0.000010	LD_0.9_7_1432
NIC865	0.999938	0.000010	0.000010	0.000010	0.000012	0.000010	0.000010	LD_0.9_7_1432
NIC871	0.000010	0.000010	0.000010	0.999940	0.000010	0.000010	0.000010	LD_0.9_7_1432
NIC883	0.000010	0.000010	0.000010	0.999940	0.000010	0.000010	0.000010	LD_0.9_7_1432
NIC889	0.999937	0.000013	0.000010	0.000010	0.000010	0.000010	0.000010	LD_0.9_7_1432
NIC893	0.000010	0.999940	0.000010	0.000010	0.000010	0.000010	0.000010	LD_0.9_7_1432
NIC897	0.999919	0.000012	0.000014	0.000017	0.000019	0.000010	0.000010	LD_0.9_7_1432
NIC899	0.000010	0.000010	0.999933	0.000017	0.000010	0.000010	0.000010	LD_0.9_7_1432
NIC901	0.000010	0.000010	0.000010	0.999940	0.000010	0.000010	0.000010	LD_0.9_7_1432
NIC911	0.000010	0.000010	0.000010	0.999940	0.000010	0.000010	0.000010	LD_0.9_7_1432
NIC96	0.000010	0.000010	0.000010	0.999940	0.000010	0.000010	0.000010	LD_0.9_7_1432
NIC984	0.000010	0.000010	0.000010	0.999940	0.000010	0.000010	0.000010	LD_0.9_7_1432
NIC985	0.000010	0.000011	0.000010	0.890862	0.109086	0.000010	0.000010	LD_0.9_7_1432
PB800	0.000014	0.000010	0.999936	0.000010	0.000010	0.000010	0.000010	LD_0.9_7_1432
PB857	0.000010	0.000010	0.999940	0.000010	0.000010	0.000010	0.000010	LD_0.9_7_1432
PE887	0.000010	0.000010	0.000010	0.999938	0.000012	0.000010	0.000010	LD_0.9_7_1432
QG1005	0.000010	0.000010	0.000010	0.999940	0.000010	0.000010	0.000010	LD_0.9_7_1432
QG1007	0.000010	0.000010	0.000010	0.999940	0.000010	0.000010	0.000010	LD_0.9_7_1432
QG1111	0.000010	0.000010	0.000010	0.999940	0.000010	0.000010	0.000010	LD_0.9_7_1432
QG1126	0.000010	0.000010	0.000010	0.999940	0.000010	0.000010	0.000010	LD_0.9_7_1432
QG1141	0.000013	0.000010	0.000013	0.999933	0.000010	0.000010	0.000010	LD_0.9_7_1432
QG1155	0.000010	0.000010	0.000010	0.999940	0.000010	0.000010	0.000010	LD_0.9_7_1432
QG130	0.000010	0.000010	0.000013	0.999937	0.000010	0.000010	0.000010	LD_0.9_7_1432
QG132	0.000010	0.000010	0.000010	0.999930	0.000020	0.000011	0.000010	LD_0.9_7_1432
QG133	0.982014	0.000011	0.000010	0.017935	0.000010	0.000010	0.000010	LD_0.9_7_1432
QG2641	0.000010	0.000010	0.000010	0.999940	0.000010	0.000010	0.000010	LD_0.9_7_1432
QG2648	0.000010	0.000010	0.000010	0.999940	0.000010	0.000010	0.000010	LD_0.9_7_1432
QG2659	0.000010	0.000010	0.000010	0.999940	0.000010	0.000010	0.000010	LD_0.9_7_1432
QG2663	0.000010	0.000010	0.000010	0.999940	0.000010	0.000010	0.000010	LD_0.9_7_1432
QG2665	0.000010	0.000010	0.000010	0.999940	0.000010	0.000010	0.000010	LD_0.9_7_1432
QG2683	0.000010	0.000010	0.000010	0.999940	0.000010	0.000010	0.000010	LD_0.9_7_1432
QG2736	0.000010	0.000010	0.000010	0.999940	0.000010	0.000010	0.000010	LD_0.9_7_1432
QG2814	0.000010	0.000010	0.000010	0.999940	0.000010	0.000010	0.000010	LD_0.9_7_1432
QG2820	0.000010	0.000010	0.000010	0.999940	0.000010	0.000010	0.000010	LD_0.9_7_1432
QG2848	0.000010	0.000010	0.000010	0.999932	0.000010	0.000018	0.000010	LD_0.9_7_1432
QG2880	0.000010	0.000010	0.000010	0.000010	0.999940	0.000010	0.000010	LD_0.9_7_1432
QG2881	0.000010	0.000010	0.000010	0.999940	0.000010	0.000010	0.000010	LD_0.9_7_1432
QG2883	0.000010	0.000010	0.000010	0.999940	0.000010	0.000010	0.000010	LD_0.9_7_1432
QG2884	0.000010	0.000010	0.000010	0.000010	0.999940	0.000010	0.000010	LD_0.9_7_1432
QG2891	0.000010	0.000010	0.000010	0.000010	0.000010	0.000010	0.999940	LD_0.9_7_1432
QG2892	0.000010	0.000010	0.000010	0.000010	0.999940	0.000010	0.000010	LD_0.9_7_1432
QG2893	0.000010	0.000010	0.000016	0.000010	0.000010	0.000010	0.999934	LD_0.9_7_1432
QG2895	0.000010	0.000010	0.000010	0.000010	0.999940	0.000010	0.000010	LD_0.9_7_1432
QG2902	0.000010	0.000010	0.000010	0.000010	0.999940	0.000010	0.000010	LD_0.9_7_1432
QG2903	0.000010	0.000010	0.000010	0.000010	0.999940	0.000010	0.000010	LD_0.9_7_1432
QG2906	0.000010	0.000010	0.000010	0.000010	0.999940	0.000010	0.000010	LD_0.9_7_1432
QG2908	0.000010	0.000010	0.000010	0.000010	0.000010	0.000010	0.999940	LD_0.9_7_1432
QG2910	0.000010	0.000010	0.000010	0.999933	0.000010	0.000017	0.000010	LD_0.9_7_1432
QG2919	0.000011	0.000010	0.000015	0.000010	0.000010	0.000010	0.999934	LD_0.9_7_1432
QG2923	0.000010	0.000010	0.000010	0.000010	0.999940	0.000010	0.000010	LD_0.9_7_1432
QG2925	0.000010	0.000010	0.000010	0.000010	0.999940	0.000010	0.000010	LD_0.9_7_1432
QG2964	0.000011	0.000012	0.000010	0.999934	0.000014	0.000010	0.000010	LD_0.9_7_1432
QG2966	0.000010	0.000010	0.000010	0.999940	0.000010	0.000010	0.000010	LD_0.9_7_1432
QG2969	0.000010	0.000010	0.000010	0.999940	0.000010	0.000010	0.000010	LD_0.9_7_1432
QG2972	0.000010	0.000010	0.000010	0.999940	0.000010	0.000010	0.000010	LD_0.9_7_1432
QG2996	0.000010	0.000010	0.000010	0.999940	0.000010	0.000010	0.000010	LD_0.9_7_1432
QG3004	0.000010	0.000010	0.000010	0.987453	0.012497	0.000010	0.000010	LD_0.9_7_1432
QG3006	0.000010	0.000010	0.000010	0.999940	0.000010	0.000010	0.000010	LD_0.9_7_1432
QG3019	0.000012	0.000010	0.000010	0.999938	0.000010	0.000010	0.000010	LD_0.9_7_1432
QG3025	0.000010	0.000010	0.000010	0.999940	0.000010	0.000010	0.000010	LD_0.9_7_1432
QG3030	0.000010	0.000010	0.000010	0.999940	0.000010	0.000010	0.000010	LD_0.9_7_1432
QG3032	0.000010	0.000010	0.000010	0.999939	0.000010	0.000011	0.000010	LD_0.9_7_1432
QG3034	0.000010	0.000010	0.000010	0.999940	0.000010	0.000010	0.000010	LD_0.9_7_1432
QG3041	0.000010	0.000010	0.000010	0.999940	0.000010	0.000010	0.000010	LD_0.9_7_1432
QG3053	0.000010	0.000010	0.000010	0.999940	0.000010	0.000010	0.000010	LD_0.9_7_1432
QG3056	0.000015	0.000010	0.000010	0.999934	0.000010	0.000011	0.000010	LD_0.9_7_1432
QG3057	0.000010	0.000010	0.000010	0.999940	0.000010	0.000010	0.000010	LD_0.9_7_1432
QG3058	0.000010	0.000010	0.000010	0.999940	0.000010	0.000010	0.000010	LD_0.9_7_1432
QG3527	0.000010	0.000010	0.000010	0.999940	0.000010	0.000010	0.000010	LD_0.9_7_1432
QG3661	0.000010	0.000010	0.999940	0.000010	0.000010	0.000010	0.000010	LD_0.9_7_1432
QG3783	0.000010	0.000010	0.000010	0.999940	0.000010	0.000010	0.000010	LD_0.9_7_1432
QG3801	0.000010	0.000010	0.000010	0.999934	0.000016	0.000010	0.000010	LD_0.9_7_1432
QG3815	0.000010	0.000010	0.000010	0.999940	0.000010	0.000010	0.000010	LD_0.9_7_1432
QG3816	0.000014	0.000010	0.000010	0.999933	0.000010	0.000013	0.000010	LD_0.9_7_1432
QG3823	0.000010	0.000011	0.000010	0.968492	0.031457	0.000010	0.000010	LD_0.9_7_1432
QG3825	0.000011	0.000010	0.000010	0.999939	0.000010	0.000010	0.000010	LD_0.9_7_1432
QG3826	0.000010	0.000010	0.000010	0.999940	0.000010	0.000010	0.000010	LD_0.9_7_1432
QG3837	0.000010	0.000010	0.000011	0.999937	0.000012	0.000010	0.000010	LD_0.9_7_1432
QG3851	0.000010	0.000010	0.000010	0.999940	0.000010	0.000010	0.000010	LD_0.9_7_1432
QG3861	0.000010	0.000010	0.000010	0.999940	0.000010	0.000010	0.000010	LD_0.9_7_1432
QG3867	0.000010	0.000010	0.000010	0.999933	0.000017	0.000010	0.000010	LD_0.9_7_1432
QG3874	0.000010	0.000010	0.000010	0.999940	0.000010	0.000010	0.000010	LD_0.9_7_1432
QG3875	0.000016	0.000010	0.000010	0.999934	0.000010	0.000010	0.000010	LD_0.9_7_1432
QG3876	0.000010	0.000010	0.000010	0.999940	0.000010	0.000010	0.000010	LD_0.9_7_1432
QG3878	0.000010	0.000010	0.000010	0.999940	0.000010	0.000010	0.000010	LD_0.9_7_1432
QG3920	0.000011	0.000012	0.000010	0.999937	0.000010	0.000010	0.000010	LD_0.9_7_1432
QG3921	0.000010	0.000013	0.000010	0.999937	0.000010	0.000010	0.000010	LD_0.9_7_1432
QG3923	0.000010	0.000010	0.000010	0.999940	0.000010	0.000010	0.000010	LD_0.9_7_1432
QG3924	0.000010	0.000010	0.000010	0.999938	0.000012	0.000010	0.000010	LD_0.9_7_1432
QG3925	0.000010	0.000010	0.000010	0.999940	0.000010	0.000010	0.000010	LD_0.9_7_1432
QG3926	0.000010	0.000010	0.000010	0.999940	0.000010	0.000010	0.000010	LD_0.9_7_1432
QG3927	0.000010	0.000010	0.000010	0.999940	0.000010	0.000010	0.000010	LD_0.9_7_1432
QG3931	0.000011	0.000010	0.000010	0.999939	0.000010	0.000010	0.000010	LD_0.9_7_1432
QG3932	0.000010	0.000010	0.000010	0.999940	0.000010	0.000010	0.000010	LD_0.9_7_1432
QG3933	0.000010	0.000010	0.000010	0.999940	0.000010	0.000010	0.000010	LD_0.9_7_1432
QG4026	0.000010	0.000010	0.000010	0.000012	0.000010	0.000010	0.999938	LD_0.9_7_1432
QG4028	0.000015	0.000010	0.000011	0.000010	0.000012	0.000010	0.999932	LD_0.9_7_1432
QG4031	0.000010	0.000010	0.000010	0.000010	0.000010	0.000010	0.999940	LD_0.9_7_1432
QG4063	0.000010	0.000010	0.000011	0.000010	0.000010	0.000010	0.999939	LD_0.9_7_1432
QG4064	0.000010	0.000010	0.000012	0.000013	0.000012	0.000010	0.999934	LD_0.9_7_1432
QG4067	0.000010	0.000010	0.000010	0.000010	0.000010	0.000010	0.999940	LD_0.9_7_1432
QG4068	0.000010	0.000010	0.000010	0.000010	0.000010	0.000010	0.999940	LD_0.9_7_1432
QG4070	0.000010	0.000010	0.000010	0.999940	0.000010	0.000010	0.000010	LD_0.9_7_1432
QG4093	0.000010	0.000010	0.000010	0.000010	0.000010	0.000010	0.999940	LD_0.9_7_1432
QG4094	0.000010	0.000010	0.000011	0.000010	0.000010	0.000010	0.999939	LD_0.9_7_1432
QG4095	0.000010	0.000010	0.000010	0.000010	0.000010	0.000010	0.999940	LD_0.9_7_1432
QG4096	0.000016	0.000010	0.000013	0.000015	0.000010	0.000010	0.999926	LD_0.9_7_1432
QG4097	0.000010	0.000014	0.000010	0.000010	0.000010	0.000010	0.999936	LD_0.9_7_1432
QG4104	0.000017	0.000010	0.000011	0.000010	0.000012	0.000010	0.999930	LD_0.9_7_1432
QG4114	0.000010	0.000010	0.000011	0.000010	0.000010	0.000010	0.999939	LD_0.9_7_1432
QG4131	0.000010	0.000014	0.000010	0.000010	0.000010	0.000010	0.999936	LD_0.9_7_1432
QG4132	0.000010	0.000010	0.000010	0.000010	0.000010	0.000010	0.999940	LD_0.9_7_1432
QG4208	0.000010	0.000010	0.000010	0.000010	0.000010	0.000010	0.999940	LD_0.9_7_1432
QG4214	0.000010	0.000010	0.000010	0.000010	0.000010	0.000010	0.999940	LD_0.9_7_1432
QG4225	0.000010	0.000010	0.000010	0.000010	0.000010	0.000010	0.999940	LD_0.9_7_1432
QG4232	0.000010	0.000010	0.000010	0.000010	0.000010	0.000010	0.999940	LD_0.9_7_1432
QG4233	0.000010	0.000010	0.000010	0.000010	0.000010	0.000010	0.999940	LD_0.9_7_1432
QG4647	0.000010	0.000010	0.000017	0.000010	0.999933	0.000010	0.000010	LD_0.9_7_1432
QG4648	0.000010	0.000010	0.000010	0.999937	0.000013	0.000010	0.000010	LD_0.9_7_1432
QG4683	0.000010	0.000010	0.000010	0.999934	0.000016	0.000010	0.000010	LD_0.9_7_1432
QG4701	0.000010	0.000017	0.000010	0.282675	0.717268	0.000010	0.000010	LD_0.9_7_1432
QG4706	0.000010	0.000010	0.000010	0.999940	0.000010	0.000010	0.000010	LD_0.9_7_1432
QG4718	0.000010	0.000010	0.000010	0.999940	0.000010	0.000010	0.000010	LD_0.9_7_1432
QG4742	0.000010	0.000010	0.000010	0.972139	0.027811	0.000010	0.000010	LD_0.9_7_1432
QG4805	0.000010	0.000010	0.000010	0.000010	0.999940	0.000010	0.000010	LD_0.9_7_1432
QG4847	0.000010	0.000010	0.000010	0.999940	0.000010	0.000010	0.000010	LD_0.9_7_1432
QG4966	0.000010	0.000010	0.000010	0.999940	0.000010	0.000010	0.000010	LD_0.9_7_1432
QG5348	0.000010	0.000010	0.000010	0.999940	0.000010	0.000010	0.000010	LD_0.9_7_1432
QG5406	0.000011	0.000010	0.000010	0.999939	0.000010	0.000010	0.000010	LD_0.9_7_1432
QG547	0.000010	0.000010	0.999933	0.000010	0.000010	0.000017	0.000010	LD_0.9_7_1432
QG5474	0.000010	0.000012	0.000010	0.179753	0.820195	0.000010	0.000010	LD_0.9_7_1432
QG5488	0.000010	0.000010	0.000010	0.999940	0.000010	0.000010	0.000010	LD_0.9_7_1432
QG550	0.000010	0.000013	0.000010	0.376848	0.623099	0.000010	0.000010	LD_0.9_7_1432
QG5507	0.000010	0.000010	0.000011	0.757435	0.242514	0.000010	0.000010	LD_0.9_7_1432
QG5525	0.000010	0.000010	0.000010	0.964549	0.035401	0.000010	0.000010	LD_0.9_7_1432
QG5589	0.000010	0.000010	0.000010	0.050891	0.949059	0.000010	0.000010	LD_0.9_7_1432
QG5603	0.000010	0.000014	0.000010	0.196192	0.803752	0.000012	0.000010	LD_0.9_7_1432
QG5611	0.000010	0.000010	0.000010	0.999940	0.000010	0.000010	0.000010	LD_0.9_7_1432
QG5612	0.000010	0.000010	0.000010	0.999937	0.000013	0.000010	0.000010	LD_0.9_7_1432
QG5633	0.000010	0.000010	0.000010	0.999940	0.000010	0.000010	0.000010	LD_0.9_7_1432
QG581	0.000012	0.000010	0.999938	0.000010	0.000010	0.000010	0.000010	LD_0.9_7_1432
QG588	0.000012	0.000010	0.999938	0.000010	0.000010	0.000010	0.000010	LD_0.9_7_1432
QG700	0.000018	0.000010	0.000010	0.999932	0.000010	0.000010	0.000010	LD_0.9_7_1432
QG727	0.000010	0.000010	0.000010	0.999940	0.000010	0.000010	0.000010	LD_0.9_7_1432
QG733	0.000010	0.000010	0.000010	0.999939	0.000011	0.000010	0.000010	LD_0.9_7_1432
QG736	0.000010	0.000010	0.000016	0.986965	0.012979	0.000010	0.000010	LD_0.9_7_1432
QG737	0.000010	0.000010	0.000010	0.999931	0.000010	0.000019	0.000010	LD_0.9_7_1432
QG739	0.000010	0.000010	0.000010	0.999940	0.000010	0.000010	0.000010	LD_0.9_7_1432
QG761	0.000010	0.000010	0.000010	0.999940	0.000010	0.000010	0.000010	LD_0.9_7_1432
QG763	0.000010	0.000010	0.000010	0.999940	0.000010	0.000010	0.000010	LD_0.9_7_1432
QG776	0.000010	0.000010	0.003358	0.996585	0.000017	0.000010	0.000010	LD_0.9_7_1432
QG781	0.000014	0.000010	0.000010	0.999932	0.000014	0.000010	0.000010	LD_0.9_7_1432
QG784	0.000010	0.000010	0.000010	0.999933	0.000017	0.000010	0.000010	LD_0.9_7_1432
QG786	0.000010	0.000010	0.000010	0.999940	0.000010	0.000010	0.000010	LD_0.9_7_1432
QG788	0.000010	0.000010	0.000010	0.999938	0.000012	0.000010	0.000010	LD_0.9_7_1432
QG790	0.000010	0.000010	0.000010	0.999940	0.000010	0.000010	0.000010	LD_0.9_7_1432
QG791	0.000010	0.000010	0.000010	0.999940	0.000010	0.000010	0.000010	LD_0.9_7_1432
QG795	0.000010	0.000010	0.000013	0.999937	0.000010	0.000010	0.000010	LD_0.9_7_1432
QG797	0.000010	0.000010	0.000010	0.999940	0.000010	0.000010	0.000010	LD_0.9_7_1432
QG802	0.000010	0.000010	0.000010	0.999940	0.000010	0.000010	0.000010	LD_0.9_7_1432
QG804	0.000010	0.000010	0.000010	0.999940	0.000010	0.000010	0.000010	LD_0.9_7_1432
QG806	0.000010	0.000010	0.000010	0.999940	0.000010	0.000010	0.000010	LD_0.9_7_1432
QG807	0.000010	0.000010	0.000010	0.999940	0.000010	0.000010	0.000010	LD_0.9_7_1432
QG808	0.000010	0.000010	0.000010	0.999940	0.000010	0.000010	0.000010	LD_0.9_7_1432
QG809	0.000010	0.000010	0.000010	0.999940	0.000010	0.000010	0.000010	LD_0.9_7_1432
QG825	0.000013	0.000010	0.000010	0.999937	0.000010	0.000010	0.000010	LD_0.9_7_1432
QG827	0.000010	0.000010	0.000012	0.999938	0.000010	0.000010	0.000010	LD_0.9_7_1432
QG828	0.000010	0.000012	0.000010	0.999938	0.000010	0.000010	0.000010	LD_0.9_7_1432
QG833	0.000010	0.000010	0.000010	0.999940	0.000010	0.000010	0.000010	LD_0.9_7_1432
QG855	0.000010	0.000010	0.000010	0.999940	0.000010	0.000010	0.000010	LD_0.9_7_1432
QG856	0.000010	0.000010	0.000010	0.999940	0.000010	0.000010	0.000010	LD_0.9_7_1432
QG858	0.000010	0.000010	0.000010	0.999940	0.000010	0.000010	0.000010	LD_0.9_7_1432
QG860	0.000010	0.000010	0.000010	0.999940	0.000010	0.000010	0.000010	LD_0.9_7_1432
QG864	0.000010	0.000010	0.000010	0.999935	0.000015	0.000010	0.000010	LD_0.9_7_1432
QG865	0.000010	0.000010	0.000010	0.999940	0.000010	0.000010	0.000010	LD_0.9_7_1432
QG866	0.000010	0.000013	0.000010	0.999933	0.000014	0.000010	0.000010	LD_0.9_7_1432
QG868	0.000010	0.000010	0.000010	0.999940	0.000010	0.000010	0.000010	LD_0.9_7_1432
QG874	0.000010	0.000010	0.000010	0.999940	0.000010	0.000010	0.000010	LD_0.9_7_1432
QG875	0.000010	0.000010	0.000010	0.999940	0.000010	0.000010	0.000010	LD_0.9_7_1432
QG878	0.000010	0.000010	0.000010	0.999933	0.000017	0.000010	0.000010	LD_0.9_7_1432
QG879	0.000010	0.000014	0.000010	0.999936	0.000010	0.000010	0.000010	LD_0.9_7_1432
QG880	0.000010	0.000010	0.000016	0.986769	0.013175	0.000010	0.000010	LD_0.9_7_1432
QG881	0.000010	0.000010	0.000010	0.999940	0.000010	0.000010	0.000010	LD_0.9_7_1432
QG887	0.000012	0.000013	0.000018	0.999927	0.000010	0.000010	0.000010	LD_0.9_7_1432
QG888	0.000010	0.000010	0.000010	0.999940	0.000010	0.000010	0.000010	LD_0.9_7_1432
QG926	0.000010	0.000010	0.000012	0.999938	0.000010	0.000010	0.000010	LD_0.9_7_1432
QG927	0.000010	0.000010	0.000010	0.999940	0.000010	0.000010	0.000010	LD_0.9_7_1432
QG933	0.000010	0.000010	0.000010	0.999940	0.000010	0.000010	0.000010	LD_0.9_7_1432
QG937	0.000010	0.000010	0.000010	0.999940	0.000010	0.000010	0.000010	LD_0.9_7_1432
QG945	0.000010	0.000010	0.000010	0.999940	0.000010	0.000010	0.000010	LD_0.9_7_1432
QG946	0.000010	0.000010	0.000010	0.999940	0.000010	0.000010	0.000010	LD_0.9_7_1432
QG947	0.000011	0.000013	0.000010	0.999930	0.000017	0.000010	0.000010	LD_0.9_7_1432
QG948	0.000010	0.000010	0.000010	0.999940	0.000010	0.000010	0.000010	LD_0.9_7_1432
QG952	0.000010	0.000010	0.000010	0.999940	0.000010	0.000010	0.000010	LD_0.9_7_1432
QG978	0.000010	0.000010	0.000010	0.999940	0.000010	0.000010	0.000010	LD_0.9_7_1432
QG980	0.000010	0.000010	0.000010	0.999940	0.000010	0.000010	0.000010	LD_0.9_7_1432
QG986	0.000013	0.000010	0.000010	0.999937	0.000010	0.000010	0.000010	LD_0.9_7_1432
QG991	0.000010	0.000010	0.000010	0.999940	0.000010	0.000010	0.000010	LD_0.9_7_1432
QG994	0.000010	0.000010	0.000010	0.999940	0.000010	0.000010	0.000010	LD_0.9_7_1432
QG995	0.000010	0.000010	0.000010	0.999940	0.000010	0.000010	0.000010	LD_0.9_7_1432
QG997	0.000010	0.000010	0.000010	0.999940	0.000010	0.000010	0.000010	LD_0.9_7_1432
QG998	0.000010	0.000010	0.000010	0.999940	0.000010	0.000010	0.000010	LD_0.9_7_1432
QR25	0.000010	0.751390	0.248560	0.000010	0.000010	0.000010	0.000010	LD_0.9_7_1432
QX1410	0.000015	0.000010	0.000010	0.999932	0.000013	0.000010	0.000010	LD_0.9_7_1432
QX1547	0.000010	0.000010	0.999928	0.000019	0.000013	0.000010	0.000010	LD_0.9_7_1432
QX1795	0.000010	0.000010	0.000010	0.999940	0.000010	0.000010	0.000010	LD_0.9_7_1432
QX1796	0.000010	0.000010	0.000010	0.999940	0.000010	0.000010	0.000010	LD_0.9_7_1432
QX1798	0.999940	0.000010	0.000010	0.000010	0.000010	0.000010	0.000010	LD_0.9_7_1432
QX1800	0.000010	0.000010	0.000010	0.999940	0.000010	0.000010	0.000010	LD_0.9_7_1432
QX1801	0.000010	0.000010	0.000010	0.999940	0.000010	0.000010	0.000010	LD_0.9_7_1432
QX1802	0.000010	0.000015	0.000010	0.999935	0.000010	0.000010	0.000010	LD_0.9_7_1432
QX1803	0.000010	0.000013	0.000010	0.999933	0.000010	0.000014	0.000010	LD_0.9_7_1432
QX1804	0.000012	0.000010	0.000010	0.999938	0.000010	0.000010	0.000010	LD_0.9_7_1432
SOW18	0.000010	0.000010	0.999940	0.000010	0.000010	0.000010	0.000010	LD_0.9_7_1432
SOW21	0.000010	0.000010	0.999940	0.000010	0.000010	0.000010	0.000010	LD_0.9_7_1432
SOW22	0.000010	0.000010	0.999940	0.000010	0.000010	0.000010	0.000010	LD_0.9_7_1432
TT3408	0.000010	0.000010	0.000010	0.999940	0.000010	0.000010	0.000010	LD_0.9_7_1432
TT3411	0.000010	0.000010	0.000012	0.999938	0.000010	0.000010	0.000010	LD_0.9_7_1432
TWN1772	0.999940	0.000010	0.000010	0.000010	0.000010	0.000010	0.000010	LD_0.9_7_1432
TWN1824	0.000010	0.000010	0.000010	0.000010	0.000011	0.999939	0.000010	LD_0.9_7_1432
TWN1899	0.000010	0.000010	0.000016	0.000010	0.000010	0.999934	0.000010	LD_0.9_7_1432
TWN1907	0.999934	0.000010	0.000010	0.000010	0.000010	0.000016	0.000010	LD_0.9_7_1432
TWN2919	0.999937	0.000010	0.000010	0.000010	0.000013	0.000010	0.000010	LD_0.9_7_1432
TWN3077	0.999934	0.000010	0.000010	0.000010	0.000010	0.000016	0.000010	LD_0.9_7_1432
UH1	0.999940	0.000010	0.000010	0.000010	0.000010	0.000010	0.000010	LD_0.9_7_1432
VSL2201	0.000010	0.000010	0.000010	0.420311	0.579639	0.000010	0.000010	LD_0.9_7_1432
VSL2207	0.000010	0.000010	0.000010	0.000017	0.000010	0.000010	0.999933	LD_0.9_7_1432
VSL2209	0.000010	0.000010	0.000010	0.000011	0.000010	0.000010	0.999939	LD_0.9_7_1432
VSL2210	0.000010	0.000010	0.000010	0.999940	0.000010	0.000010	0.000010	LD_0.9_7_1432
VSL2212	0.000010	0.000010	0.000010	0.993502	0.006448	0.000010	0.000010	LD_0.9_7_1432
VSL2213	0.000010	0.000010	0.000010	0.000010	0.999940	0.000010	0.000010	LD_0.9_7_1432
VSL2215	0.000010	0.000015	0.000010	0.213790	0.786149	0.000016	0.000010	LD_0.9_7_1432
VSL2216	0.000010	0.000010	0.000010	0.012932	0.987018	0.000010	0.000010	LD_0.9_7_1432
VSL2217	0.000010	0.000010	0.000010	0.000010	0.999940	0.000010	0.000010	LD_0.9_7_1432
VSL2219	0.000017	0.000010	0.000010	0.999932	0.000010	0.000011	0.000010	LD_0.9_7_1432
VT847	0.000010	0.000010	0.000010	0.999940	0.000010	0.000010	0.000010	LD_0.9_7_1432
VX34	0.000010	0.846377	0.153573	0.000010	0.000010	0.000010	0.000010	LD_0.9_7_1432
XZ1204	0.000010	0.000010	0.000010	0.650486	0.349464	0.000010	0.000010	LD_0.9_7_1432
XZ1205	0.000010	0.000010	0.000010	0.132876	0.867074	0.000010	0.000010	LD_0.9_7_1432
XZ1206	0.000010	0.000010	0.000010	0.137054	0.862896	0.000010	0.000010	LD_0.9_7_1432
XZ1207	0.000010	0.000010	0.000010	0.999940	0.000010	0.000010	0.000010	LD_0.9_7_1432
XZ1210	0.000010	0.000010	0.000010	0.999940	0.000010	0.000010	0.000010	LD_0.9_7_1432
XZ1212	0.000010	0.000010	0.000010	0.999940	0.000010	0.000010	0.000010	LD_0.9_7_1432
XZ1213	0.000010	0.000010	0.000010	0.999940	0.000010	0.000010	0.000010	LD_0.9_7_1432
XZ1731	0.000010	0.000010	0.000010	0.999931	0.000010	0.000019	0.000010	LD_0.9_7_1432
XZ1732	0.000010	0.000010	0.000016	0.999934	0.000010	0.000010	0.000010	LD_0.9_7_1432
ZZY0992	0.000010	0.000010	0.000010	0.000010	0.999936	0.000014	0.000010	LD_0.9_7_1432
ZZY1034	0.000010	0.000012	0.000010	0.999929	0.000010	0.000019	0.000010	LD_0.9_7_1432
ZZY1075	0.000010	0.000010	0.000010	0.999940	0.000010	0.000010	0.000010	LD_0.9_7_1432
ZZY1123	0.000010	0.000010	0.000010	0.000010	0.999940	0.000010	0.000010	LD_0.9_7_1432
ZZY1130	0.000010	0.000011	0.000010	0.999939	0.000010	0.000010	0.000010	LD_0.9_7_1432
ZZY405	0.000010	0.000010	0.000010	0.999939	0.000010	0.000011	0.000010	LD_0.9_7_1432
AF16	0.000010	0.999940	0.000010	0.000010	0.000010	0.000010	0.000010	LD_0.9_7_1468
BRC20069	0.000010	0.999940	0.000010	0.000010	0.000010	0.000010	0.000010	LD_0.9_7_1468
BRC20073	0.000010	0.999940	0.000010	0.000010	0.000010	0.000010	0.000010	LD_0.9_7_1468
BRC20075	0.000010	0.000010	0.000010	0.000010	0.999940	0.000010	0.000010	LD_0.9_7_1468
BRC20077	0.000010	0.999940	0.000010	0.000010	0.000010	0.000010	0.000010	LD_0.9_7_1468
BRC20081	0.000010	0.000010	0.000010	0.999940	0.000010	0.000010	0.000010	LD_0.9_7_1468
BRC20085	0.075713	0.215381	0.708866	0.000010	0.000010	0.000010	0.000010	LD_0.9_7_1468
BRC20088	0.000011	0.000010	0.000010	0.999939	0.000010	0.000010	0.000010	LD_0.9_7_1468
BRC20089	0.000010	0.999940	0.000010	0.000010	0.000010	0.000010	0.000010	LD_0.9_7_1468
BRC20090	0.046429	0.926156	0.027375	0.000010	0.000010	0.000010	0.000010	LD_0.9_7_1468
BRC20092	0.000010	0.093867	0.906083	0.000010	0.000010	0.000010	0.000010	LD_0.9_7_1468
BRC20093	0.000010	0.999940	0.000010	0.000010	0.000010	0.000010	0.000010	LD_0.9_7_1468
BRC20094	0.000010	0.073630	0.926320	0.000010	0.000010	0.000010	0.000010	LD_0.9_7_1468
BRC20095	0.000010	0.999940	0.000010	0.000010	0.000010	0.000010	0.000010	LD_0.9_7_1468
BRC20096	0.000010	0.999940	0.000010	0.000010	0.000010	0.000010	0.000010	LD_0.9_7_1468
BRC20098	0.000010	0.999940	0.000010	0.000010	0.000010	0.000010	0.000010	LD_0.9_7_1468
BRC20099	0.000010	0.999940	0.000010	0.000010	0.000010	0.000010	0.000010	LD_0.9_7_1468
BRC20100	0.000010	0.999940	0.000010	0.000010	0.000010	0.000010	0.000010	LD_0.9_7_1468
BRC20102	0.000010	0.999940	0.000010	0.000010	0.000010	0.000010	0.000010	LD_0.9_7_1468
BRC20103	0.000010	0.999940	0.000010	0.000010	0.000010	0.000010	0.000010	LD_0.9_7_1468
BRC20105	0.000010	0.030411	0.969539	0.000010	0.000010	0.000010	0.000010	LD_0.9_7_1468
BRC20107	0.000010	0.053130	0.946820	0.000010	0.000010	0.000010	0.000010	LD_0.9_7_1468
BRC20115	0.000010	0.138842	0.000010	0.210723	0.650395	0.000010	0.000010	LD_0.9_7_1468
BRC20119	0.741477	0.258473	0.000010	0.000010	0.000010	0.000010	0.000010	LD_0.9_7_1468
BRC20228	0.000010	0.999940	0.000010	0.000010	0.000010	0.000010	0.000010	LD_0.9_7_1468
BRC20229	0.000010	0.000010	0.000010	0.000010	0.999940	0.000010	0.000010	LD_0.9_7_1468
BRC20230	0.000010	0.000010	0.000010	0.999940	0.000010	0.000010	0.000010	LD_0.9_7_1468
BRC20232	0.000010	0.000010	0.000010	0.000010	0.999940	0.000010	0.000010	LD_0.9_7_1468
BRC20238	0.000010	0.000010	0.000010	0.999940	0.000010	0.000010	0.000010	LD_0.9_7_1468
BRC20239	0.000010	0.000010	0.000010	0.000010	0.999940	0.000010	0.000010	LD_0.9_7_1468
BRC20241	0.080602	0.919348	0.000010	0.000010	0.000010	0.000010	0.000010	LD_0.9_7_1468
BRC20242	0.000010	0.999940	0.000010	0.000010	0.000010	0.000010	0.000010	LD_0.9_7_1468
BRC20244	0.000010	0.000010	0.000010	0.999940	0.000010	0.000010	0.000010	LD_0.9_7_1468
BRC20246	0.000010	0.000010	0.000010	0.999940	0.000010	0.000010	0.000010	LD_0.9_7_1468
BRC20257	0.999940	0.000010	0.000010	0.000010	0.000010	0.000010	0.000010	LD_0.9_7_1468
BRC20260	0.000014	0.999936	0.000010	0.000010	0.000010	0.000010	0.000010	LD_0.9_7_1468
BRC20270	0.000010	0.000010	0.000010	0.999940	0.000010	0.000010	0.000010	LD_0.9_7_1468
BRC20272	0.000010	0.000010	0.000010	0.999940	0.000010	0.000010	0.000010	LD_0.9_7_1468
BRC20289	0.000010	0.000010	0.000010	0.999940	0.000010	0.000010	0.000010	LD_0.9_7_1468
BRC20290	0.000010	0.000010	0.000010	0.999940	0.000010	0.000010	0.000010	LD_0.9_7_1468
BRC20294	0.000010	0.999940	0.000010	0.000010	0.000010	0.000010	0.000010	LD_0.9_7_1468
BRC20308	0.000010	0.000010	0.000010	0.999940	0.000010	0.000010	0.000010	LD_0.9_7_1468
BRC20309	0.000010	0.000010	0.000010	0.999940	0.000010	0.000010	0.000010	LD_0.9_7_1468
BRC20311	0.000010	0.000010	0.000010	0.999940	0.000010	0.000010	0.000010	LD_0.9_7_1468
BRC20312	0.000010	0.000010	0.000010	0.999940	0.000010	0.000010	0.000010	LD_0.9_7_1468
BRC20315	0.000010	0.000010	0.000010	0.999940	0.000010	0.000010	0.000010	LD_0.9_7_1468
BRC20320	0.000010	0.000010	0.000010	0.999939	0.000010	0.000011	0.000010	LD_0.9_7_1468
BRC20324	0.000010	0.391790	0.000010	0.000010	0.608158	0.000012	0.000010	LD_0.9_7_1468
BRC20331	0.000010	0.000010	0.000010	0.999940	0.000010	0.000010	0.000010	LD_0.9_7_1468
BRC20333	0.000010	0.000010	0.000010	0.999935	0.000010	0.000015	0.000010	LD_0.9_7_1468
BRC20334	0.000010	0.000010	0.000010	0.999940	0.000010	0.000010	0.000010	LD_0.9_7_1468
BRC20339	0.000010	0.000010	0.000010	0.999940	0.000010	0.000010	0.000010	LD_0.9_7_1468
BRC20341	0.000010	0.000010	0.000010	0.999940	0.000010	0.000010	0.000010	LD_0.9_7_1468
BRC20343	0.000010	0.000010	0.000010	0.000010	0.999940	0.000010	0.000010	LD_0.9_7_1468
BRC20346	0.000010	0.000010	0.000010	0.999940	0.000010	0.000010	0.000010	LD_0.9_7_1468
BRC20347	0.000010	0.000010	0.000010	0.000010	0.999940	0.000010	0.000010	LD_0.9_7_1468
BRC20348	0.000010	0.000010	0.000010	0.999940	0.000010	0.000010	0.000010	LD_0.9_7_1468
BRC20353	0.000010	0.000010	0.999937	0.000010	0.000013	0.000010	0.000010	LD_0.9_7_1468
BRC20360	0.000010	0.000010	0.999939	0.000011	0.000010	0.000010	0.000010	LD_0.9_7_1468
BRC20361	0.000010	0.000010	0.999940	0.000010	0.000010	0.000010	0.000010	LD_0.9_7_1468
BRC20362	0.000010	0.000010	0.999940	0.000010	0.000010	0.000010	0.000010	LD_0.9_7_1468
BRC20366	0.000010	0.000010	0.000010	0.999940	0.000010	0.000010	0.000010	LD_0.9_7_1468
BRC20367	0.000010	0.000010	0.000010	0.999940	0.000010	0.000010	0.000010	LD_0.9_7_1468
BRC20369	0.000010	0.999937	0.000013	0.000010	0.000010	0.000010	0.000010	LD_0.9_7_1468
BRC20370	0.000010	0.000010	0.000010	0.999940	0.000010	0.000010	0.000010	LD_0.9_7_1468
BRC20388	0.000010	0.000010	0.000010	0.000010	0.000010	0.000010	0.999940	LD_0.9_7_1468
BRC20390	0.000010	0.000010	0.000010	0.999940	0.000010	0.000010	0.000010	LD_0.9_7_1468
BRC20401	0.000010	0.999940	0.000010	0.000010	0.000010	0.000010	0.000010	LD_0.9_7_1468
BRC20463	0.000010	0.000010	0.000010	0.999940	0.000010	0.000010	0.000010	LD_0.9_7_1468
BRC20492	0.000010	0.137446	0.000010	0.218775	0.643739	0.000010	0.000010	LD_0.9_7_1468
BRC20499	0.000010	0.000010	0.000010	0.999940	0.000010	0.000010	0.000010	LD_0.9_7_1468
BRC20501	0.000010	0.000010	0.000010	0.999940	0.000010	0.000010	0.000010	LD_0.9_7_1468
BRC20502	0.000010	0.156223	0.000010	0.193927	0.080795	0.000010	0.569025	LD_0.9_7_1468
BRC20503	0.000010	0.156059	0.000010	0.194984	0.080263	0.000010	0.568665	LD_0.9_7_1468
BRC20519	0.000010	0.144188	0.000010	0.210211	0.645561	0.000010	0.000010	LD_0.9_7_1468
BRC20520	0.000010	0.140346	0.000010	0.215810	0.643804	0.000010	0.000010	LD_0.9_7_1468
BRC20522	0.000010	0.000010	0.000010	0.000010	0.999940	0.000010	0.000010	LD_0.9_7_1468
BRC20524	0.000010	0.000010	0.000010	0.000010	0.999940	0.000010	0.000010	LD_0.9_7_1468
BRC20529	0.000010	0.000010	0.000010	0.999940	0.000010	0.000010	0.000010	LD_0.9_7_1468
BRC20530	0.000010	0.000010	0.000010	0.000010	0.999940	0.000010	0.000010	LD_0.9_7_1468
BRC20531	0.000010	0.000010	0.000010	0.000013	0.999937	0.000010	0.000010	LD_0.9_7_1468
BRC20532	0.000010	0.000010	0.000010	0.999940	0.000010	0.000010	0.000010	LD_0.9_7_1468
BRC20533	0.000010	0.000010	0.000010	0.999940	0.000010	0.000010	0.000010	LD_0.9_7_1468
BRC20534	0.000011	0.000010	0.000013	0.999937	0.000010	0.000010	0.000010	LD_0.9_7_1468
BRC20535	0.000010	0.000010	0.000010	0.999940	0.000010	0.000010	0.000010	LD_0.9_7_1468
BRC20536	0.000010	0.000019	0.000010	0.999931	0.000010	0.000010	0.000010	LD_0.9_7_1468
BRC20537	0.000010	0.000010	0.000010	0.999940	0.000010	0.000010	0.000010	LD_0.9_7_1468
BRC20541	0.000010	0.155599	0.000010	0.202137	0.642224	0.000010	0.000010	LD_0.9_7_1468
BRC20543	0.000010	0.000010	0.000010	0.999940	0.000010	0.000010	0.000010	LD_0.9_7_1468
BRC20544	0.000010	0.000010	0.000010	0.999940	0.000010	0.000010	0.000010	LD_0.9_7_1468
BRC20545	0.000010	0.000010	0.000010	0.999940	0.000010	0.000010	0.000010	LD_0.9_7_1468
BRC20556	0.000010	0.999940	0.000010	0.000010	0.000010	0.000010	0.000010	LD_0.9_7_1468
BRC20557	0.000010	0.000010	0.000010	0.999940	0.000010	0.000010	0.000010	LD_0.9_7_1468
BRC20565	0.000010	0.999940	0.000010	0.000010	0.000010	0.000010	0.000010	LD_0.9_7_1468
BRC20571	0.012274	0.955552	0.032135	0.000010	0.000010	0.000010	0.000010	LD_0.9_7_1468
BRC20574	0.000010	0.999940	0.000010	0.000010	0.000010	0.000010	0.000010	LD_0.9_7_1468
BW287	0.000010	0.000010	0.000010	0.000010	0.000010	0.000010	0.999940	LD_0.9_7_1468
DF5100	0.000010	0.991856	0.008094	0.000010	0.000010	0.000010	0.000010	LD_0.9_7_1468
ECA1129	0.000013	0.999937	0.000010	0.000010	0.000010	0.000010	0.000010	LD_0.9_7_1468
ECA1143	0.020024	0.842876	0.137061	0.000010	0.000010	0.000010	0.000010	LD_0.9_7_1468
ECA1147	0.000010	0.999940	0.000010	0.000010	0.000010	0.000010	0.000010	LD_0.9_7_1468
ECA1149	0.000010	0.956131	0.000010	0.043819	0.000010	0.000010	0.000010	LD_0.9_7_1468
ECA1160	0.000012	0.999938	0.000010	0.000010	0.000010	0.000010	0.000010	LD_0.9_7_1468
ECA1164	0.000010	0.999940	0.000010	0.000010	0.000010	0.000010	0.000010	LD_0.9_7_1468
ECA1170	0.000010	0.000010	0.000010	0.999940	0.000010	0.000010	0.000010	LD_0.9_7_1468
ECA1174	0.000010	0.999940	0.000010	0.000010	0.000010	0.000010	0.000010	LD_0.9_7_1468
ECA1383	0.000010	0.000018	0.000010	0.999923	0.000020	0.000010	0.000010	LD_0.9_7_1468
ECA1411	0.000010	0.999939	0.000011	0.000010	0.000010	0.000010	0.000010	LD_0.9_7_1468
ECA1423	0.000010	0.999940	0.000010	0.000010	0.000010	0.000010	0.000010	LD_0.9_7_1468
ECA1429	0.000010	0.999940	0.000010	0.000010	0.000010	0.000010	0.000010	LD_0.9_7_1468
ECA1431	0.000010	0.999940	0.000010	0.000010	0.000010	0.000010	0.000010	LD_0.9_7_1468
ECA1437	0.000010	0.999934	0.000010	0.000016	0.000010	0.000010	0.000010	LD_0.9_7_1468
ECA1439	0.000010	0.999940	0.000010	0.000010	0.000010	0.000010	0.000010	LD_0.9_7_1468
ECA1443	0.000010	0.055774	0.000010	0.944176	0.000010	0.000010	0.000010	LD_0.9_7_1468
ECA1471	0.000010	0.999940	0.000010	0.000010	0.000010	0.000010	0.000010	LD_0.9_7_1468
ECA1489	0.071974	0.795313	0.132673	0.000010	0.000010	0.000010	0.000010	LD_0.9_7_1468
ECA1507	0.000010	0.999940	0.000010	0.000010	0.000010	0.000010	0.000010	LD_0.9_7_1468
ECA1509	0.000010	0.999940	0.000010	0.000010	0.000010	0.000010	0.000010	LD_0.9_7_1468
ECA1517	0.007498	0.992452	0.000010	0.000010	0.000010	0.000010	0.000010	LD_0.9_7_1468
ECA1521	0.000010	0.999940	0.000010	0.000010	0.000010	0.000010	0.000010	LD_0.9_7_1468
ECA1555	0.000010	0.999940	0.000010	0.000010	0.000010	0.000010	0.000010	LD_0.9_7_1468
ECA1559	0.000010	0.000010	0.000010	0.999940	0.000010	0.000010	0.000010	LD_0.9_7_1468
ECA1563	0.000010	0.999940	0.000010	0.000010	0.000010	0.000010	0.000010	LD_0.9_7_1468
ECA1571	0.061518	0.819297	0.119145	0.000010	0.000010	0.000010	0.000010	LD_0.9_7_1468
ECA1587	0.000010	0.999940	0.000010	0.000010	0.000010	0.000010	0.000010	LD_0.9_7_1468
ECA1605	0.049647	0.078817	0.000010	0.871497	0.000010	0.000010	0.000010	LD_0.9_7_1468
ECA1609	0.000010	0.999940	0.000010	0.000010	0.000010	0.000010	0.000010	LD_0.9_7_1468
ECA161	0.000010	0.999940	0.000010	0.000010	0.000010	0.000010	0.000010	LD_0.9_7_1468
ECA1611	0.000010	0.999940	0.000010	0.000010	0.000010	0.000010	0.000010	LD_0.9_7_1468
ECA1615	0.000010	0.999940	0.000010	0.000010	0.000010	0.000010	0.000010	LD_0.9_7_1468
ECA162	0.000010	0.999940	0.000010	0.000010	0.000010	0.000010	0.000010	LD_0.9_7_1468
ECA1621	0.000010	0.999940	0.000010	0.000010	0.000010	0.000010	0.000010	LD_0.9_7_1468
ECA163	0.000010	0.132704	0.039873	0.083722	0.083502	0.039278	0.620912	LD_0.9_7_1468
ECA1637	0.000010	0.999940	0.000010	0.000010	0.000010	0.000010	0.000010	LD_0.9_7_1468
ECA1657	0.000010	0.999940	0.000010	0.000010	0.000010	0.000010	0.000010	LD_0.9_7_1468
ECA1701	0.005704	0.994246	0.000010	0.000010	0.000010	0.000010	0.000010	LD_0.9_7_1468
ECA175	0.000010	0.999940	0.000010	0.000010	0.000010	0.000010	0.000010	LD_0.9_7_1468
ECA176	0.000010	0.999940	0.000010	0.000010	0.000010	0.000010	0.000010	LD_0.9_7_1468
ECA177	0.000010	0.999940	0.000010	0.000010	0.000010	0.000010	0.000010	LD_0.9_7_1468
ECA180	0.000010	0.999940	0.000010	0.000010	0.000010	0.000010	0.000010	LD_0.9_7_1468
ECA182	0.000010	0.999940	0.000010	0.000010	0.000010	0.000010	0.000010	LD_0.9_7_1468
ECA183	0.000010	0.999940	0.000010	0.000010	0.000010	0.000010	0.000010	LD_0.9_7_1468
ECA185	0.000010	0.999940	0.000010	0.000010	0.000010	0.000010	0.000010	LD_0.9_7_1468
ECA186	0.000010	0.999940	0.000010	0.000010	0.000010	0.000010	0.000010	LD_0.9_7_1468
ECA2083	0.000010	0.999933	0.000017	0.000010	0.000010	0.000010	0.000010	LD_0.9_7_1468
ECA2093	0.000010	0.999940	0.000010	0.000010	0.000010	0.000010	0.000010	LD_0.9_7_1468
ECA2115	0.000010	0.999940	0.000010	0.000010	0.000010	0.000010	0.000010	LD_0.9_7_1468
ECA2299	0.000012	0.000010	0.000010	0.999938	0.000010	0.000010	0.000010	LD_0.9_7_1468
ECA2373	0.035150	0.964800	0.000010	0.000010	0.000010	0.000010	0.000010	LD_0.9_7_1468
ECA2385	0.000010	0.000010	0.000010	0.999940	0.000010	0.000010	0.000010	LD_0.9_7_1468
ECA2425	0.000010	0.999940	0.000010	0.000010	0.000010	0.000010	0.000010	LD_0.9_7_1468
ECA2617	0.000010	0.000010	0.000010	0.000010	0.000010	0.999940	0.000010	LD_0.9_7_1468
ECA2618	0.000010	0.000010	0.000010	0.000010	0.000010	0.999940	0.000010	LD_0.9_7_1468
ECA2621	0.000010	0.000010	0.000010	0.000010	0.000010	0.999940	0.000010	LD_0.9_7_1468
ECA2623	0.000010	0.581714	0.418236	0.000010	0.000010	0.000010	0.000010	LD_0.9_7_1468
ECA2625	0.000010	0.999940	0.000010	0.000010	0.000010	0.000010	0.000010	LD_0.9_7_1468
ECA2626	0.000010	0.999940	0.000010	0.000010	0.000010	0.000010	0.000010	LD_0.9_7_1468
ECA2636	0.000010	0.999940	0.000010	0.000010	0.000010	0.000010	0.000010	LD_0.9_7_1468
ECA2637	0.000015	0.999935	0.000010	0.000010	0.000010	0.000010	0.000010	LD_0.9_7_1468
ECA2639	0.000010	0.000010	0.000010	0.000010	0.000010	0.999940	0.000010	LD_0.9_7_1468
ECA2645	0.000010	0.999940	0.000010	0.000010	0.000010	0.000010	0.000010	LD_0.9_7_1468
ECA2647	0.000010	0.000010	0.000010	0.000010	0.000010	0.999940	0.000010	LD_0.9_7_1468
ECA2663	0.000010	0.999939	0.000010	0.000010	0.000010	0.000011	0.000010	LD_0.9_7_1468
ECA2664	0.000010	0.542002	0.457948	0.000010	0.000010	0.000010	0.000010	LD_0.9_7_1468
ECA2666	0.000010	0.000010	0.000010	0.000010	0.000010	0.999940	0.000010	LD_0.9_7_1468
ECA2667	0.000010	0.999940	0.000010	0.000010	0.000010	0.000010	0.000010	LD_0.9_7_1468
ECA2670	0.000010	0.000010	0.000010	0.000010	0.000010	0.999940	0.000010	LD_0.9_7_1468
ECA276	0.000010	0.134724	0.038892	0.083838	0.083783	0.038766	0.619987	LD_0.9_7_1468
ECA278	0.000010	0.000010	0.000010	0.000010	0.000010	0.000010	0.999940	LD_0.9_7_1468
ECA2808	0.000010	0.999940	0.000010	0.000010	0.000010	0.000010	0.000010	LD_0.9_7_1468
ECA287	0.000010	0.010842	0.000010	0.989108	0.000010	0.000010	0.000010	LD_0.9_7_1468
ECA288	0.000010	0.756088	0.140816	0.103056	0.000010	0.000010	0.000010	LD_0.9_7_1468
ECA2883	0.000010	0.999940	0.000010	0.000010	0.000010	0.000010	0.000010	LD_0.9_7_1468
ECA2890	0.000010	0.999940	0.000010	0.000010	0.000010	0.000010	0.000010	LD_0.9_7_1468
ECA2894	0.000010	0.999940	0.000010	0.000010	0.000010	0.000010	0.000010	LD_0.9_7_1468
ECA2936	0.000010	0.000010	0.000010	0.999940	0.000010	0.000010	0.000010	LD_0.9_7_1468
ECA2975	0.000010	0.999940	0.000010	0.000010	0.000010	0.000010	0.000010	LD_0.9_7_1468
ECA3091	0.000010	0.999936	0.000010	0.000014	0.000010	0.000010	0.000010	LD_0.9_7_1468
ECA343	0.000010	0.999940	0.000010	0.000010	0.000010	0.000010	0.000010	LD_0.9_7_1468
ECA346	0.000010	0.999940	0.000010	0.000010	0.000010	0.000010	0.000010	LD_0.9_7_1468
ECA3502	0.000010	0.000010	0.000010	0.999940	0.000010	0.000010	0.000010	LD_0.9_7_1468
ECA3503	0.000010	0.999940	0.000010	0.000010	0.000010	0.000010	0.000010	LD_0.9_7_1468
ECA3509	0.000014	0.999936	0.000010	0.000010	0.000010	0.000010	0.000010	LD_0.9_7_1468
ECA3708	0.000010	0.999940	0.000010	0.000010	0.000010	0.000010	0.000010	LD_0.9_7_1468
ECA371	0.000010	0.999940	0.000010	0.000010	0.000010	0.000010	0.000010	LD_0.9_7_1468
ECA3712	0.000010	0.999940	0.000010	0.000010	0.000010	0.000010	0.000010	LD_0.9_7_1468
ECA3713	0.000010	0.999940	0.000010	0.000010	0.000010	0.000010	0.000010	LD_0.9_7_1468
ECA3899	0.000010	0.999940	0.000010	0.000010	0.000010	0.000010	0.000010	LD_0.9_7_1468
ECA4382	0.000018	0.999926	0.000017	0.000010	0.000010	0.000010	0.000010	LD_0.9_7_1468
ECA4390	0.000010	0.491330	0.508620	0.000010	0.000010	0.000010	0.000010	LD_0.9_7_1468
ECA4394	0.000010	0.999940	0.000010	0.000010	0.000010	0.000010	0.000010	LD_0.9_7_1468
ECA4402	0.000016	0.999934	0.000010	0.000010	0.000010	0.000010	0.000010	LD_0.9_7_1468
ECA569	0.000010	0.000010	0.000010	0.000010	0.000010	0.000010	0.999940	LD_0.9_7_1468
ED3032	0.000010	0.999940	0.000010	0.000010	0.000010	0.000010	0.000010	LD_0.9_7_1468
ED3037	0.000010	0.999940	0.000010	0.000010	0.000010	0.000010	0.000010	LD_0.9_7_1468
ED3088	0.000018	0.999932	0.000010	0.000010	0.000010	0.000010	0.000010	LD_0.9_7_1468
ED3102	0.000010	0.156630	0.000010	0.095507	0.085255	0.029331	0.633258	LD_0.9_7_1468
EG4360	0.000010	0.000010	0.000010	0.000010	0.000010	0.000010	0.999940	LD_0.9_7_1468
EG5612	0.000010	0.000010	0.999940	0.000010	0.000010	0.000010	0.000010	LD_0.9_7_1468
EG5613	0.056082	0.892362	0.051516	0.000010	0.000010	0.000010	0.000010	LD_0.9_7_1468
EG6179	0.000010	0.930435	0.069515	0.000010	0.000010	0.000010	0.000010	LD_0.9_7_1468
EG6260	0.000010	0.434811	0.565139	0.000010	0.000010	0.000010	0.000010	LD_0.9_7_1468
EG6261	0.000010	0.910160	0.089790	0.000010	0.000010	0.000010	0.000010	LD_0.9_7_1468
EG6265	0.014095	0.000010	0.000010	0.985855	0.000010	0.000010	0.000010	LD_0.9_7_1468
EG6267	0.010960	0.954120	0.034877	0.000013	0.000010	0.000010	0.000010	LD_0.9_7_1468
EG6271	0.000010	0.361644	0.638304	0.000012	0.000010	0.000010	0.000010	LD_0.9_7_1468
EG6272	0.000015	0.863663	0.136282	0.000010	0.000010	0.000010	0.000010	LD_0.9_7_1468
EG6274	0.000010	0.999940	0.000010	0.000010	0.000010	0.000010	0.000010	LD_0.9_7_1468
EG6275	0.000010	0.999940	0.000010	0.000010	0.000010	0.000010	0.000010	LD_0.9_7_1468
EG6276	0.000010	0.999940	0.000010	0.000010	0.000010	0.000010	0.000010	LD_0.9_7_1468
EG6329	0.000010	0.292110	0.707840	0.000010	0.000010	0.000010	0.000010	LD_0.9_7_1468
GUN124	0.000010	0.000010	0.000010	0.000010	0.000011	0.000010	0.999939	LD_0.9_7_1468
GXW22	0.000010	0.999940	0.000010	0.000010	0.000010	0.000010	0.000010	LD_0.9_7_1468
GXW23	0.000010	0.140580	0.859365	0.000015	0.000010	0.000010	0.000010	LD_0.9_7_1468
HK104	0.000010	0.000010	0.000010	0.000010	0.000010	0.000010	0.999940	LD_0.9_7_1468
HPT11	0.677767	0.000010	0.000010	0.031907	0.093015	0.043743	0.153547	LD_0.9_7_1468
HPT16	0.000010	0.457745	0.542205	0.000010	0.000010	0.000010	0.000010	LD_0.9_7_1468
HPT18	0.673211	0.000010	0.000010	0.033261	0.095324	0.044475	0.153709	LD_0.9_7_1468
HPT19	0.000010	0.472999	0.526951	0.000010	0.000010	0.000010	0.000010	LD_0.9_7_1468
HPT2	0.000010	0.377500	0.622450	0.000010	0.000010	0.000010	0.000010	LD_0.9_7_1468
HPT21	0.000010	0.999940	0.000010	0.000010	0.000010	0.000010	0.000010	LD_0.9_7_1468
HPT24	0.678506	0.000014	0.000010	0.031673	0.093684	0.043230	0.152883	LD_0.9_7_1468
HPT34	0.000010	0.427003	0.572938	0.000020	0.000010	0.000010	0.000010	LD_0.9_7_1468
HPT37	0.024620	0.522144	0.453196	0.000010	0.000010	0.000010	0.000010	LD_0.9_7_1468
HPT4	0.000010	0.414296	0.585654	0.000010	0.000010	0.000010	0.000010	LD_0.9_7_1468
HPT42	0.000010	0.495392	0.504558	0.000010	0.000010	0.000010	0.000010	LD_0.9_7_1468
HPT52	0.478800	0.521150	0.000010	0.000010	0.000010	0.000010	0.000010	LD_0.9_7_1468
HPT53	0.000010	0.999940	0.000010	0.000010	0.000010	0.000010	0.000010	LD_0.9_7_1468
HPT54	0.000010	0.999940	0.000010	0.000010	0.000010	0.000010	0.000010	LD_0.9_7_1468
HPT55	0.000013	0.999937	0.000010	0.000010	0.000010	0.000010	0.000010	LD_0.9_7_1468
HPT59	0.000010	0.999940	0.000010	0.000010	0.000010	0.000010	0.000010	LD_0.9_7_1468
HPT60	0.000010	0.999940	0.000010	0.000010	0.000010	0.000010	0.000010	LD_0.9_7_1468
HPT62	0.999940	0.000010	0.000010	0.000010	0.000010	0.000010	0.000010	LD_0.9_7_1468
HPT63	0.000010	0.981564	0.018386	0.000010	0.000010	0.000010	0.000010	LD_0.9_7_1468
HPT7	0.000010	0.407677	0.592273	0.000010	0.000010	0.000010	0.000010	LD_0.9_7_1468
HPT8	0.000010	0.427467	0.572483	0.000010	0.000010	0.000010	0.000010	LD_0.9_7_1468
HPT9	0.000010	0.056574	0.943376	0.000010	0.000010	0.000010	0.000010	LD_0.9_7_1468
JU1085	0.000010	0.000010	0.000010	0.000010	0.000010	0.000010	0.999940	LD_0.9_7_1468
JU1337	0.033336	0.936874	0.029749	0.000010	0.000010	0.000010	0.000010	LD_0.9_7_1468
JU1338	0.000010	0.000010	0.999940	0.000010	0.000010	0.000010	0.000010	LD_0.9_7_1468
JU1341	0.000010	0.000010	0.000010	0.000010	0.000010	0.999940	0.000010	LD_0.9_7_1468
JU1346	0.000010	0.000010	0.999939	0.000010	0.000010	0.000010	0.000010	LD_0.9_7_1468
JU1347	0.000010	0.999940	0.000010	0.000010	0.000010	0.000010	0.000010	LD_0.9_7_1468
JU1348	0.000010	0.000010	0.000010	0.000010	0.000010	0.999940	0.000010	LD_0.9_7_1468
JU1375	0.000010	0.999940	0.000010	0.000010	0.000010	0.000010	0.000010	LD_0.9_7_1468
JU1377	0.000010	0.999940	0.000010	0.000010	0.000010	0.000010	0.000010	LD_0.9_7_1468
JU1378	0.000010	0.999940	0.000010	0.000010	0.000010	0.000010	0.000010	LD_0.9_7_1468
JU1392	0.000010	0.999940	0.000010	0.000010	0.000010	0.000010	0.000010	LD_0.9_7_1468
JU1399	0.100832	0.427554	0.471574	0.000010	0.000010	0.000010	0.000010	LD_0.9_7_1468
JU1424	0.000010	0.000010	0.999940	0.000010	0.000010	0.000010	0.000010	LD_0.9_7_1468
JU1435	0.000010	0.999940	0.000010	0.000010	0.000010	0.000010	0.000010	LD_0.9_7_1468
JU1564	0.000010	0.000010	0.000010	0.000010	0.000010	0.000010	0.999940	LD_0.9_7_1468
JU1637	0.000010	0.952541	0.047409	0.000010	0.000010	0.000010	0.000010	LD_0.9_7_1468
JU1638	0.000010	0.952112	0.047838	0.000010	0.000010	0.000010	0.000010	LD_0.9_7_1468
JU1794	0.006284	0.919225	0.073009	0.001452	0.000010	0.000010	0.000010	LD_0.9_7_1468
JU1795	0.000010	0.999940	0.000010	0.000010	0.000010	0.000010	0.000010	LD_0.9_7_1468
JU1799	0.000010	0.999940	0.000010	0.000010	0.000010	0.000010	0.000010	LD_0.9_7_1468
JU1802	0.000010	0.999937	0.000013	0.000010	0.000010	0.000010	0.000010	LD_0.9_7_1468
JU1814	0.000010	0.540564	0.459386	0.000010	0.000010	0.000010	0.000010	LD_0.9_7_1468
JU1884	0.000010	0.999940	0.000010	0.000010	0.000010	0.000010	0.000010	LD_0.9_7_1468
JU1885	0.073506	0.926444	0.000010	0.000010	0.000010	0.000010	0.000010	LD_0.9_7_1468
JU1907	0.000010	0.999937	0.000010	0.000013	0.000010	0.000010	0.000010	LD_0.9_7_1468
JU1908	0.000010	0.999940	0.000010	0.000010	0.000010	0.000010	0.000010	LD_0.9_7_1468
JU1909	0.000010	0.999940	0.000010	0.000010	0.000010	0.000010	0.000010	LD_0.9_7_1468
JU1913	0.494315	0.505635	0.000010	0.000010	0.000010	0.000010	0.000010	LD_0.9_7_1468
JU2053	0.000010	0.999940	0.000010	0.000010	0.000010	0.000010	0.000010	LD_0.9_7_1468
JU2054	0.000010	0.999940	0.000010	0.000010	0.000010	0.000010	0.000010	LD_0.9_7_1468
JU2056	0.000010	0.999940	0.000010	0.000010	0.000010	0.000010	0.000010	LD_0.9_7_1468
JU2057	0.987020	0.012930	0.000010	0.000010	0.000010	0.000010	0.000010	LD_0.9_7_1468
JU2160	0.998312	0.001638	0.000010	0.000010	0.000010	0.000010	0.000010	LD_0.9_7_1468
JU2162	0.999940	0.000010	0.000010	0.000010	0.000010	0.000010	0.000010	LD_0.9_7_1468
JU2214	0.197918	0.793946	0.008096	0.000010	0.000010	0.000010	0.000010	LD_0.9_7_1468
JU2216	0.000010	0.000010	0.000010	0.999940	0.000010	0.000010	0.000010	LD_0.9_7_1468
JU2457	0.000010	0.343571	0.209240	0.000010	0.000010	0.000010	0.447148	LD_0.9_7_1468
JU2470	0.991535	0.005235	0.000010	0.003190	0.000010	0.000010	0.000010	LD_0.9_7_1468
JU2472	0.000010	0.986430	0.013520	0.000010	0.000010	0.000010	0.000010	LD_0.9_7_1468
JU2507	0.993981	0.005969	0.000010	0.000010	0.000010	0.000010	0.000010	LD_0.9_7_1468
JU2518	0.000010	0.000010	0.999940	0.000010	0.000010	0.000010	0.000010	LD_0.9_7_1468
JU2536	0.000010	0.000010	0.000010	0.000010	0.000010	0.000010	0.999940	LD_0.9_7_1468
JU2618	0.465109	0.100653	0.434198	0.000010	0.000010	0.000010	0.000010	LD_0.9_7_1468
JU2799	0.000010	0.999940	0.000010	0.000010	0.000010	0.000010	0.000010	LD_0.9_7_1468
JU2836	0.233746	0.766204	0.000010	0.000010	0.000010	0.000010	0.000010	LD_0.9_7_1468
JU2849	0.000010	0.000010	0.999940	0.000010	0.000010	0.000010	0.000010	LD_0.9_7_1468
JU2861	0.000010	0.999940	0.000010	0.000010	0.000010	0.000010	0.000010	LD_0.9_7_1468
JU2868	0.000010	0.999933	0.000017	0.000010	0.000010	0.000010	0.000010	LD_0.9_7_1468
JU2872	0.000010	0.000010	0.000010	0.000010	0.000011	0.000010	0.999939	LD_0.9_7_1468
JU2910	0.060898	0.824984	0.114078	0.000010	0.000010	0.000010	0.000010	LD_0.9_7_1468
JU3168	0.000010	0.157154	0.000010	0.082569	0.080798	0.031359	0.648099	LD_0.9_7_1468
JU3171	0.000010	0.999940	0.000010	0.000010	0.000010	0.000010	0.000010	LD_0.9_7_1468
JU3199	0.000010	0.000010	0.000010	0.000010	0.000010	0.999940	0.000010	LD_0.9_7_1468
JU3200	0.000010	0.000010	0.000010	0.000010	0.000010	0.999940	0.000010	LD_0.9_7_1468
JU3201	0.000010	0.000010	0.000010	0.000010	0.000010	0.999940	0.000010	LD_0.9_7_1468
JU3202	0.000010	0.000010	0.000010	0.000010	0.000010	0.999940	0.000010	LD_0.9_7_1468
JU3203	0.000010	0.000010	0.000010	0.000010	0.000010	0.999940	0.000010	LD_0.9_7_1468
JU3206	0.000010	0.000010	0.000010	0.000010	0.000010	0.999940	0.000010	LD_0.9_7_1468
JU3207	0.000016	0.999934	0.000010	0.000010	0.000010	0.000010	0.000010	LD_0.9_7_1468
JU3237	0.989925	0.010025	0.000010	0.000010	0.000010	0.000010	0.000010	LD_0.9_7_1468
JU3281	0.000010	0.999931	0.000010	0.000017	0.000012	0.000010	0.000010	LD_0.9_7_1468
JU3319	0.000010	0.114667	0.885283	0.000010	0.000010	0.000010	0.000010	LD_0.9_7_1468
JU3321	0.000010	0.999940	0.000010	0.000010	0.000010	0.000010	0.000010	LD_0.9_7_1468
JU3326	0.000010	0.161925	0.000010	0.104651	0.112859	0.000010	0.620535	LD_0.9_7_1468
JU3327	0.000010	0.930929	0.069021	0.000010	0.000010	0.000010	0.000010	LD_0.9_7_1468
JU3416	0.000010	0.094609	0.000010	0.007466	0.000010	0.000010	0.897886	LD_0.9_7_1468
JU4042	0.000018	0.999925	0.000010	0.000017	0.000010	0.000010	0.000010	LD_0.9_7_1468
JU4051	0.000010	0.000010	0.999938	0.000012	0.000010	0.000010	0.000010	LD_0.9_7_1468
JU4058	0.000010	0.000010	0.999940	0.000010	0.000010	0.000010	0.000010	LD_0.9_7_1468
JU4060	0.000010	0.000010	0.999940	0.000010	0.000010	0.000010	0.000010	LD_0.9_7_1468
JU4062	0.000010	0.000010	0.999940	0.000010	0.000010	0.000010	0.000010	LD_0.9_7_1468
JU4064	0.000010	0.000010	0.999940	0.000010	0.000010	0.000010	0.000010	LD_0.9_7_1468
JU4080	0.000010	0.999940	0.000010	0.000010	0.000010	0.000010	0.000010	LD_0.9_7_1468
JU4084	0.000010	0.000010	0.999940	0.000010	0.000010	0.000010	0.000010	LD_0.9_7_1468
JU4097	0.000010	0.000010	0.999940	0.000010	0.000010	0.000010	0.000010	LD_0.9_7_1468
JU725	0.000010	0.141717	0.858233	0.000010	0.000010	0.000010	0.000010	LD_0.9_7_1468
MY2716	0.000010	0.999940	0.000010	0.000010	0.000010	0.000010	0.000010	LD_0.9_7_1468
MY539	0.000010	0.999940	0.000010	0.000010	0.000010	0.000010	0.000010	LD_0.9_7_1468
NIC1050	0.353260	0.070306	0.576394	0.000010	0.000010	0.000010	0.000010	LD_0.9_7_1468
NIC1052	0.460596	0.070073	0.469291	0.000010	0.000010	0.000010	0.000010	LD_0.9_7_1468
NIC1054	0.235494	0.044613	0.719853	0.000010	0.000010	0.000010	0.000010	LD_0.9_7_1468
NIC1055	0.382725	0.070600	0.546633	0.000012	0.000010	0.000010	0.000010	LD_0.9_7_1468
NIC1057	0.394061	0.000010	0.605889	0.000010	0.000010	0.000010	0.000010	LD_0.9_7_1468
NIC1058	0.382959	0.000014	0.616987	0.000010	0.000010	0.000010	0.000010	LD_0.9_7_1468
NIC1059	0.334080	0.000010	0.665870	0.000010	0.000010	0.000010	0.000010	LD_0.9_7_1468
NIC1060	0.228984	0.077888	0.693088	0.000010	0.000010	0.000010	0.000010	LD_0.9_7_1468
NIC1062	0.159068	0.468857	0.372035	0.000010	0.000010	0.000010	0.000010	LD_0.9_7_1468
NIC1069	0.002547	0.765515	0.231898	0.000010	0.000010	0.000010	0.000010	LD_0.9_7_1468
NIC1103	0.370348	0.082464	0.547147	0.000010	0.000010	0.000010	0.000010	LD_0.9_7_1468
NIC1104	0.069369	0.847284	0.083307	0.000010	0.000010	0.000010	0.000010	LD_0.9_7_1468
NIC1106	0.334865	0.615629	0.049460	0.000010	0.000010	0.000015	0.000010	LD_0.9_7_1468
NIC1117	0.000010	0.999933	0.000017	0.000010	0.000010	0.000010	0.000010	LD_0.9_7_1468
NIC1123	0.000010	0.000010	0.999940	0.000010	0.000010	0.000010	0.000010	LD_0.9_7_1468
NIC1124	0.000010	0.000010	0.999940	0.000010	0.000010	0.000010	0.000010	LD_0.9_7_1468
NIC1135	0.012395	0.000010	0.987555	0.000010	0.000010	0.000010	0.000010	LD_0.9_7_1468
NIC1138	0.000010	0.000010	0.999940	0.000010	0.000010	0.000010	0.000010	LD_0.9_7_1468
NIC1141	0.000010	0.000010	0.999932	0.000018	0.000010	0.000010	0.000010	LD_0.9_7_1468
NIC115	0.000010	0.475542	0.524402	0.000016	0.000010	0.000010	0.000010	LD_0.9_7_1468
NIC117	0.000010	0.452650	0.547300	0.000010	0.000010	0.000010	0.000010	LD_0.9_7_1468
NIC1183	0.000010	0.000010	0.999931	0.000019	0.000010	0.000010	0.000010	LD_0.9_7_1468
NIC119	0.000010	0.406731	0.593219	0.000010	0.000010	0.000010	0.000010	LD_0.9_7_1468
NIC1190	0.000010	0.000010	0.999940	0.000010	0.000010	0.000010	0.000010	LD_0.9_7_1468
NIC1202	0.000010	0.916666	0.083284	0.000010	0.000010	0.000010	0.000010	LD_0.9_7_1468
NIC1204	0.000010	0.877858	0.122092	0.000010	0.000010	0.000010	0.000010	LD_0.9_7_1468
NIC1205	0.000010	0.000010	0.000010	0.999940	0.000010	0.000010	0.000010	LD_0.9_7_1468
NIC1218	0.000010	0.999937	0.000010	0.000010	0.000013	0.000010	0.000010	LD_0.9_7_1468
NIC1220	0.000010	0.000010	0.000010	0.999940	0.000010	0.000010	0.000010	LD_0.9_7_1468
NIC1221	0.000010	0.886296	0.113654	0.000010	0.000010	0.000010	0.000010	LD_0.9_7_1468
NIC123	0.000010	0.467571	0.532379	0.000010	0.000010	0.000010	0.000010	LD_0.9_7_1468
NIC1267	0.000010	0.351502	0.648448	0.000010	0.000010	0.000010	0.000010	LD_0.9_7_1468
NIC1283	0.036414	0.019852	0.943693	0.000010	0.000010	0.000010	0.000010	LD_0.9_7_1468
NIC1288	0.216516	0.000010	0.783434	0.000010	0.000010	0.000010	0.000010	LD_0.9_7_1468
NIC1292	0.076475	0.000010	0.923475	0.000010	0.000010	0.000010	0.000010	LD_0.9_7_1468
NIC1302	0.000013	0.000010	0.999937	0.000010	0.000010	0.000010	0.000010	LD_0.9_7_1468
NIC1304	0.069483	0.000010	0.930467	0.000010	0.000010	0.000010	0.000010	LD_0.9_7_1468
NIC1308	0.000010	0.118970	0.880980	0.000010	0.000010	0.000010	0.000010	LD_0.9_7_1468
NIC1407	0.106145	0.000010	0.893805	0.000010	0.000010	0.000010	0.000010	LD_0.9_7_1468
NIC1421	0.147700	0.243001	0.609259	0.000010	0.000010	0.000010	0.000010	LD_0.9_7_1468
NIC1423	0.259074	0.000013	0.740873	0.000010	0.000010	0.000010	0.000010	LD_0.9_7_1468
NIC1442	0.000010	0.000010	0.999940	0.000010	0.000010	0.000010	0.000010	LD_0.9_7_1468
NIC1491	0.000010	0.000010	0.999940	0.000010	0.000010	0.000010	0.000010	LD_0.9_7_1468
NIC1525	0.000019	0.997547	0.002392	0.000012	0.000010	0.000010	0.000010	LD_0.9_7_1468
NIC1528	0.000010	0.999940	0.000010	0.000010	0.000010	0.000010	0.000010	LD_0.9_7_1468
NIC1529	0.000010	0.999940	0.000010	0.000010	0.000010	0.000010	0.000010	LD_0.9_7_1468
NIC1533	0.000010	0.999940	0.000010	0.000010	0.000010	0.000010	0.000010	LD_0.9_7_1468
NIC1535	0.000010	0.999940	0.000010	0.000010	0.000010	0.000010	0.000010	LD_0.9_7_1468
NIC1539	0.000010	0.000010	0.000010	0.999940	0.000010	0.000010	0.000010	LD_0.9_7_1468
NIC1540	0.000010	0.000010	0.000010	0.000010	0.999940	0.000010	0.000010	LD_0.9_7_1468
NIC1562	0.000010	0.000010	0.000010	0.999940	0.000010	0.000010	0.000010	LD_0.9_7_1468
NIC1589	0.000010	0.000010	0.000013	0.000016	0.999930	0.000011	0.000010	LD_0.9_7_1468
NIC1590	0.000010	0.000010	0.000010	0.999940	0.000010	0.000010	0.000010	LD_0.9_7_1468
NIC1591	0.000010	0.000010	0.000010	0.000010	0.999940	0.000010	0.000010	LD_0.9_7_1468
NIC1593	0.000010	0.000010	0.000010	0.000010	0.999940	0.000010	0.000010	LD_0.9_7_1468
NIC1595	0.000010	0.000010	0.000010	0.999940	0.000010	0.000010	0.000010	LD_0.9_7_1468
NIC1598	0.000010	0.011534	0.000015	0.988410	0.000010	0.000010	0.000010	LD_0.9_7_1468
NIC1602	0.000010	0.000010	0.000010	0.999940	0.000010	0.000010	0.000010	LD_0.9_7_1468
NIC1607	0.000010	0.137081	0.000010	0.215889	0.646990	0.000010	0.000010	LD_0.9_7_1468
NIC1628	0.000010	0.999940	0.000010	0.000010	0.000010	0.000010	0.000010	LD_0.9_7_1468
NIC1630	0.000010	0.000010	0.000010	0.999940	0.000010	0.000010	0.000010	LD_0.9_7_1468
NIC1631	0.000010	0.000010	0.000010	0.999940	0.000010	0.000010	0.000010	LD_0.9_7_1468
NIC1632	0.000010	0.000010	0.000010	0.000010	0.000010	0.000010	0.999940	LD_0.9_7_1468
NIC1633	0.000010	0.000010	0.000010	0.000010	0.000010	0.000010	0.999940	LD_0.9_7_1468
NIC1635	0.000010	0.000010	0.000010	0.000010	0.000012	0.000010	0.999938	LD_0.9_7_1468
NIC1645	0.000010	0.000010	0.000010	0.999940	0.000010	0.000010	0.000010	LD_0.9_7_1468
NIC1660	0.000010	0.000010	0.000010	0.999940	0.000010	0.000010	0.000010	LD_0.9_7_1468
NIC1661	0.000010	0.000010	0.000010	0.999940	0.000010	0.000010	0.000010	LD_0.9_7_1468
NIC1662	0.000010	0.000010	0.000010	0.999940	0.000010	0.000010	0.000010	LD_0.9_7_1468
NIC1663	0.000010	0.000010	0.000010	0.999940	0.000010	0.000010	0.000010	LD_0.9_7_1468
NIC1664	0.000010	0.000010	0.000010	0.000010	0.999940	0.000010	0.000010	LD_0.9_7_1468
NIC1665	0.000010	0.000010	0.000010	0.000011	0.999939	0.000010	0.000010	LD_0.9_7_1468
NIC1666	0.000016	0.000010	0.000010	0.999934	0.000010	0.000010	0.000010	LD_0.9_7_1468
NIC1667	0.000010	0.000010	0.000010	0.999940	0.000010	0.000010	0.000010	LD_0.9_7_1468
NIC1681	0.000010	0.000010	0.000010	0.999940	0.000010	0.000010	0.000010	LD_0.9_7_1468
NIC1688	0.000010	0.999940	0.000010	0.000010	0.000010	0.000010	0.000010	LD_0.9_7_1468
NIC1692	0.000010	0.000010	0.000010	0.999940	0.000010	0.000010	0.000010	LD_0.9_7_1468
NIC1693	0.000010	0.000010	0.000010	0.999940	0.000010	0.000010	0.000010	LD_0.9_7_1468
NIC17	0.000011	0.999939	0.000010	0.000010	0.000010	0.000010	0.000010	LD_0.9_7_1468
NIC174	0.000010	0.000010	0.000010	0.000010	0.000010	0.000010	0.999940	LD_0.9_7_1468
NIC187	0.000010	0.369250	0.630700	0.000010	0.000010	0.000010	0.000010	LD_0.9_7_1468
NIC188	0.000010	0.355409	0.644537	0.000013	0.000010	0.000010	0.000010	LD_0.9_7_1468
NIC19	0.000010	0.000010	0.000010	0.000010	0.999940	0.000010	0.000010	LD_0.9_7_1468
NIC191	0.000010	0.506437	0.493513	0.000010	0.000010	0.000010	0.000010	LD_0.9_7_1468
NIC20	0.000010	0.000010	0.000010	0.000010	0.999940	0.000010	0.000010	LD_0.9_7_1468
NIC21	0.000010	0.000010	0.000010	0.000014	0.999936	0.000010	0.000010	LD_0.9_7_1468
NIC22	0.000010	0.000010	0.000010	0.000010	0.999940	0.000010	0.000010	LD_0.9_7_1468
NIC2369	0.000010	0.000010	0.999940	0.000010	0.000010	0.000010	0.000010	LD_0.9_7_1468
NIC248	0.000010	0.514363	0.485587	0.000010	0.000010	0.000010	0.000010	LD_0.9_7_1468
NIC250	0.000010	0.547774	0.452176	0.000010	0.000010	0.000010	0.000010	LD_0.9_7_1468
NIC2527	0.000010	0.999940	0.000010	0.000010	0.000010	0.000010	0.000010	LD_0.9_7_1468
NIC309	0.000010	0.000010	0.999940	0.000010	0.000010	0.000010	0.000010	LD_0.9_7_1468
NIC325	0.000017	0.000010	0.999933	0.000010	0.000010	0.000010	0.000010	LD_0.9_7_1468
NIC327	0.288260	0.000010	0.711690	0.000010	0.000010	0.000010	0.000010	LD_0.9_7_1468
NIC329	0.187740	0.000010	0.812210	0.000010	0.000010	0.000010	0.000010	LD_0.9_7_1468
NIC330	0.146598	0.000010	0.853352	0.000010	0.000010	0.000010	0.000010	LD_0.9_7_1468
NIC331	0.167053	0.069895	0.763012	0.000010	0.000010	0.000010	0.000010	LD_0.9_7_1468
NIC332	0.294992	0.000010	0.704958	0.000010	0.000010	0.000010	0.000010	LD_0.9_7_1468
NIC333	0.132774	0.000010	0.867176	0.000010	0.000010	0.000010	0.000010	LD_0.9_7_1468
NIC343	0.000010	0.980166	0.019784	0.000011	0.000010	0.000010	0.000010	LD_0.9_7_1468
NIC392	0.000010	0.446136	0.553814	0.000010	0.000010	0.000010	0.000010	LD_0.9_7_1468
NIC400	0.265812	0.000010	0.734138	0.000010	0.000010	0.000010	0.000010	LD_0.9_7_1468
NIC402	0.263723	0.000010	0.736227	0.000010	0.000010	0.000010	0.000010	LD_0.9_7_1468
NIC419	0.000010	0.000010	0.999940	0.000010	0.000010	0.000010	0.000010	LD_0.9_7_1468
NIC504	0.000010	0.000010	0.000010	0.999940	0.000010	0.000010	0.000010	LD_0.9_7_1468
NIC505	0.000010	0.000010	0.000010	0.999940	0.000010	0.000010	0.000010	LD_0.9_7_1468
NIC518	0.000010	0.000010	0.000010	0.999940	0.000010	0.000010	0.000010	LD_0.9_7_1468
NIC519	0.000010	0.000010	0.000010	0.999940	0.000010	0.000010	0.000010	LD_0.9_7_1468
NIC532	0.000010	0.551171	0.448779	0.000010	0.000010	0.000010	0.000010	LD_0.9_7_1468
NIC541	0.475215	0.094832	0.429913	0.000010	0.000010	0.000010	0.000010	LD_0.9_7_1468
NIC549	0.000017	0.631958	0.367979	0.000010	0.000010	0.000016	0.000010	LD_0.9_7_1468
NIC552	0.000010	0.767878	0.232069	0.000010	0.000013	0.000010	0.000010	LD_0.9_7_1468
NIC555	0.111172	0.475050	0.413738	0.000010	0.000010	0.000010	0.000010	LD_0.9_7_1468
NIC574	0.000010	0.585831	0.414119	0.000010	0.000010	0.000010	0.000010	LD_0.9_7_1468
NIC578	0.000010	0.398528	0.601422	0.000010	0.000010	0.000010	0.000010	LD_0.9_7_1468
NIC583	0.000010	0.367834	0.632116	0.000010	0.000010	0.000010	0.000010	LD_0.9_7_1468
NIC590	0.000010	0.053861	0.946089	0.000010	0.000010	0.000010	0.000010	LD_0.9_7_1468
NIC593	0.000014	0.657901	0.342044	0.000010	0.000012	0.000010	0.000010	LD_0.9_7_1468
NIC60	0.000010	0.000010	0.999940	0.000010	0.000010	0.000010	0.000010	LD_0.9_7_1468
NIC61	0.000010	0.796652	0.203298	0.000010	0.000010	0.000010	0.000010	LD_0.9_7_1468
NIC62	0.000010	0.440111	0.559839	0.000010	0.000010	0.000010	0.000010	LD_0.9_7_1468
NIC67	0.000010	0.000010	0.999940	0.000010	0.000010	0.000010	0.000010	LD_0.9_7_1468
NIC758	0.000135	0.165988	0.833837	0.000010	0.000010	0.000010	0.000010	LD_0.9_7_1468
NIC777	0.120769	0.407430	0.471760	0.000010	0.000010	0.000010	0.000010	LD_0.9_7_1468
NIC779	0.000010	0.000010	0.000010	0.999940	0.000010	0.000010	0.000010	LD_0.9_7_1468
NIC790	0.000010	0.999940	0.000010	0.000010	0.000010	0.000010	0.000010	LD_0.9_7_1468
NIC791	0.916593	0.083357	0.000010	0.000010	0.000010	0.000010	0.000010	LD_0.9_7_1468
NIC792	0.322016	0.677934	0.000010	0.000010	0.000010	0.000010	0.000010	LD_0.9_7_1468
NIC793	0.000010	0.999940	0.000010	0.000010	0.000010	0.000010	0.000010	LD_0.9_7_1468
NIC795	0.000010	0.999940	0.000010	0.000010	0.000010	0.000010	0.000010	LD_0.9_7_1468
NIC796	0.000010	0.992961	0.000010	0.000010	0.006989	0.000010	0.000010	LD_0.9_7_1468
NIC802	0.000016	0.999934	0.000010	0.000010	0.000010	0.000010	0.000010	LD_0.9_7_1468
NIC803	0.000010	0.978059	0.021891	0.000010	0.000010	0.000010	0.000010	LD_0.9_7_1468
NIC805	0.000010	0.000010	0.000010	0.999940	0.000010	0.000010	0.000010	LD_0.9_7_1468
NIC811	0.000010	0.999940	0.000010	0.000010	0.000010	0.000010	0.000010	LD_0.9_7_1468
NIC814	0.000010	0.000010	0.000010	0.999940	0.000010	0.000010	0.000010	LD_0.9_7_1468
NIC815	0.000010	0.000010	0.000010	0.999940	0.000010	0.000010	0.000010	LD_0.9_7_1468
NIC816	0.000010	0.000010	0.000011	0.000011	0.999936	0.000013	0.000010	LD_0.9_7_1468
NIC819	0.000010	0.154963	0.000010	0.203520	0.641478	0.000010	0.000010	LD_0.9_7_1468
NIC821	0.000010	0.968701	0.031249	0.000010	0.000010	0.000010	0.000010	LD_0.9_7_1468
NIC822	0.000010	0.000010	0.000010	0.999940	0.000010	0.000010	0.000010	LD_0.9_7_1468
NIC824	0.000010	0.000010	0.000010	0.999940	0.000010	0.000010	0.000010	LD_0.9_7_1468
NIC825	0.000010	0.000010	0.000010	0.000010	0.999940	0.000010	0.000010	LD_0.9_7_1468
NIC827	0.000010	0.000010	0.000010	0.000010	0.999940	0.000010	0.000010	LD_0.9_7_1468
NIC828	0.000010	0.000010	0.000010	0.000010	0.999940	0.000010	0.000010	LD_0.9_7_1468
NIC863	0.000010	0.000010	0.000010	0.999940	0.000010	0.000010	0.000010	LD_0.9_7_1468
NIC864	0.000010	0.000010	0.000010	0.999940	0.000010	0.000010	0.000010	LD_0.9_7_1468
NIC865	0.000010	0.000010	0.000010	0.999940	0.000010	0.000010	0.000010	LD_0.9_7_1468
NIC871	0.000010	0.999940	0.000010	0.000010	0.000010	0.000010	0.000010	LD_0.9_7_1468
NIC883	0.000010	0.999940	0.000010	0.000010	0.000010	0.000010	0.000010	LD_0.9_7_1468
NIC889	0.000010	0.000010	0.000010	0.999940	0.000010	0.000010	0.000010	LD_0.9_7_1468
NIC893	0.000010	0.153596	0.000010	0.195698	0.088859	0.000010	0.561817	LD_0.9_7_1468
NIC897	0.000010	0.000010	0.000010	0.999940	0.000010	0.000010	0.000010	LD_0.9_7_1468
NIC899	0.000010	0.000010	0.000010	0.000012	0.000012	0.000010	0.999936	LD_0.9_7_1468
NIC901	0.000010	0.999940	0.000010	0.000010	0.000010	0.000010	0.000010	LD_0.9_7_1468
NIC911	0.000010	0.929152	0.070790	0.000013	0.000015	0.000010	0.000010	LD_0.9_7_1468
NIC96	0.000010	0.000010	0.999940	0.000010	0.000010	0.000010	0.000010	LD_0.9_7_1468
NIC984	0.000013	0.964471	0.035476	0.000010	0.000010	0.000010	0.000010	LD_0.9_7_1468
NIC985	0.000010	0.706337	0.293613	0.000010	0.000010	0.000010	0.000010	LD_0.9_7_1468
PB800	0.000010	0.000010	0.000010	0.000010	0.000010	0.000010	0.999940	LD_0.9_7_1468
PB857	0.000010	0.000010	0.000010	0.000010	0.000011	0.000010	0.999939	LD_0.9_7_1468
PE887	0.000010	0.999940	0.000010	0.000010	0.000010	0.000010	0.000010	LD_0.9_7_1468
QG1005	0.944910	0.055040	0.000010	0.000010	0.000010	0.000010	0.000010	LD_0.9_7_1468
QG1007	0.999939	0.000010	0.000011	0.000010	0.000010	0.000010	0.000010	LD_0.9_7_1468
QG1111	0.999940	0.000010	0.000010	0.000010	0.000010	0.000010	0.000010	LD_0.9_7_1468
QG1126	0.999939	0.000010	0.000011	0.000010	0.000010	0.000010	0.000010	LD_0.9_7_1468
QG1141	0.990967	0.008981	0.000010	0.000010	0.000012	0.000010	0.000010	LD_0.9_7_1468
QG1155	0.972500	0.027450	0.000010	0.000010	0.000010	0.000010	0.000010	LD_0.9_7_1468
QG130	0.000010	0.999940	0.000010	0.000010	0.000010	0.000010	0.000010	LD_0.9_7_1468
QG132	0.000010	0.999940	0.000010	0.000010	0.000010	0.000010	0.000010	LD_0.9_7_1468
QG133	0.000010	0.021772	0.000010	0.978178	0.000010	0.000010	0.000010	LD_0.9_7_1468
QG2641	0.999936	0.000014	0.000010	0.000010	0.000010	0.000010	0.000010	LD_0.9_7_1468
QG2648	0.999940	0.000010	0.000010	0.000010	0.000010	0.000010	0.000010	LD_0.9_7_1468
QG2659	0.999940	0.000010	0.000010	0.000010	0.000010	0.000010	0.000010	LD_0.9_7_1468
QG2663	0.999940	0.000010	0.000010	0.000010	0.000010	0.000010	0.000010	LD_0.9_7_1468
QG2665	0.999939	0.000010	0.000011	0.000010	0.000010	0.000010	0.000010	LD_0.9_7_1468
QG2683	0.995503	0.004447	0.000010	0.000010	0.000010	0.000010	0.000010	LD_0.9_7_1468
QG2736	0.999940	0.000010	0.000010	0.000010	0.000010	0.000010	0.000010	LD_0.9_7_1468
QG2814	0.000010	0.999940	0.000010	0.000010	0.000010	0.000010	0.000010	LD_0.9_7_1468
QG2820	0.000010	0.999940	0.000010	0.000010	0.000010	0.000010	0.000010	LD_0.9_7_1468
QG2848	0.000014	0.999936	0.000010	0.000010	0.000010	0.000010	0.000010	LD_0.9_7_1468
QG2880	0.999940	0.000010	0.000010	0.000010	0.000010	0.000010	0.000010	LD_0.9_7_1468
QG2881	0.000010	0.999935	0.000015	0.000010	0.000010	0.000010	0.000010	LD_0.9_7_1468
QG2883	0.000011	0.999934	0.000015	0.000010	0.000010	0.000010	0.000010	LD_0.9_7_1468
QG2884	0.999940	0.000010	0.000010	0.000010	0.000010	0.000010	0.000010	LD_0.9_7_1468
QG2891	0.000010	0.000010	0.000010	0.000010	0.000010	0.999940	0.000010	LD_0.9_7_1468
QG2892	0.999940	0.000010	0.000010	0.000010	0.000010	0.000010	0.000010	LD_0.9_7_1468
QG2893	0.000010	0.000010	0.000010	0.000010	0.000010	0.999940	0.000010	LD_0.9_7_1468
QG2895	0.999940	0.000010	0.000010	0.000010	0.000010	0.000010	0.000010	LD_0.9_7_1468
QG2902	0.999940	0.000010	0.000010	0.000010	0.000010	0.000010	0.000010	LD_0.9_7_1468
QG2903	0.999940	0.000010	0.000010	0.000010	0.000010	0.000010	0.000010	LD_0.9_7_1468
QG2906	0.999940	0.000010	0.000010	0.000010	0.000010	0.000010	0.000010	LD_0.9_7_1468
QG2908	0.000010	0.000010	0.000010	0.000010	0.000010	0.999940	0.000010	LD_0.9_7_1468
QG2910	0.000010	0.997549	0.002401	0.000010	0.000010	0.000010	0.000010	LD_0.9_7_1468
QG2919	0.000010	0.000010	0.000010	0.000010	0.000010	0.999940	0.000010	LD_0.9_7_1468
QG2923	0.999940	0.000010	0.000010	0.000010	0.000010	0.000010	0.000010	LD_0.9_7_1468
QG2925	0.999940	0.000010	0.000010	0.000010	0.000010	0.000010	0.000010	LD_0.9_7_1468
QG2964	0.976830	0.023120	0.000010	0.000010	0.000010	0.000010	0.000010	LD_0.9_7_1468
QG2966	0.572569	0.427381	0.000010	0.000010	0.000010	0.000010	0.000010	LD_0.9_7_1468
QG2969	0.999940	0.000010	0.000010	0.000010	0.000010	0.000010	0.000010	LD_0.9_7_1468
QG2972	0.999940	0.000010	0.000010	0.000010	0.000010	0.000010	0.000010	LD_0.9_7_1468
QG2996	0.999940	0.000010	0.000010	0.000010	0.000010	0.000010	0.000010	LD_0.9_7_1468
QG3004	0.787345	0.211125	0.001490	0.000010	0.000010	0.000010	0.000010	LD_0.9_7_1468
QG3006	0.999940	0.000010	0.000010	0.000010	0.000010	0.000010	0.000010	LD_0.9_7_1468
QG3019	0.881667	0.066204	0.052089	0.000010	0.000010	0.000010	0.000010	LD_0.9_7_1468
QG3025	0.999940	0.000010	0.000010	0.000010	0.000010	0.000010	0.000010	LD_0.9_7_1468
QG3030	0.999939	0.000010	0.000011	0.000010	0.000010	0.000010	0.000010	LD_0.9_7_1468
QG3032	0.743933	0.195951	0.060075	0.000010	0.000010	0.000010	0.000010	LD_0.9_7_1468
QG3034	0.999933	0.000013	0.000013	0.000010	0.000010	0.000010	0.000010	LD_0.9_7_1468
QG3041	0.999940	0.000010	0.000010	0.000010	0.000010	0.000010	0.000010	LD_0.9_7_1468
QG3053	0.000010	0.863820	0.136130	0.000010	0.000010	0.000010	0.000010	LD_0.9_7_1468
QG3056	0.569638	0.430312	0.000010	0.000010	0.000010	0.000010	0.000010	LD_0.9_7_1468
QG3057	0.999940	0.000010	0.000010	0.000010	0.000010	0.000010	0.000010	LD_0.9_7_1468
QG3058	0.932206	0.067744	0.000010	0.000010	0.000010	0.000010	0.000010	LD_0.9_7_1468
QG3527	0.117242	0.445732	0.436986	0.000010	0.000010	0.000010	0.000010	LD_0.9_7_1468
QG3661	0.000010	0.000010	0.000010	0.000010	0.000010	0.000010	0.999940	LD_0.9_7_1468
QG3783	0.016214	0.513474	0.470266	0.000010	0.000010	0.000016	0.000010	LD_0.9_7_1468
QG3801	0.956889	0.043061	0.000010	0.000010	0.000010	0.000010	0.000010	LD_0.9_7_1468
QG3815	0.000010	0.367394	0.632556	0.000010	0.000010	0.000010	0.000010	LD_0.9_7_1468
QG3816	0.014328	0.505497	0.480135	0.000010	0.000010	0.000010	0.000010	LD_0.9_7_1468
QG3823	0.943475	0.000010	0.056475	0.000010	0.000010	0.000010	0.000010	LD_0.9_7_1468
QG3825	0.000010	0.573822	0.426128	0.000010	0.000010	0.000010	0.000010	LD_0.9_7_1468
QG3826	0.034368	0.531697	0.433895	0.000010	0.000010	0.000010	0.000010	LD_0.9_7_1468
QG3837	0.000010	0.521756	0.478194	0.000010	0.000010	0.000010	0.000010	LD_0.9_7_1468
QG3851	0.019939	0.472372	0.507649	0.000010	0.000010	0.000010	0.000010	LD_0.9_7_1468
QG3861	0.012171	0.501281	0.486508	0.000010	0.000010	0.000010	0.000010	LD_0.9_7_1468
QG3867	0.915252	0.034493	0.050215	0.000010	0.000010	0.000010	0.000010	LD_0.9_7_1468
QG3874	0.000018	0.617425	0.382517	0.000010	0.000010	0.000010	0.000010	LD_0.9_7_1468
QG3875	0.000010	0.363556	0.636394	0.000010	0.000010	0.000010	0.000010	LD_0.9_7_1468
QG3876	0.004914	0.464842	0.530204	0.000010	0.000010	0.000010	0.000010	LD_0.9_7_1468
QG3878	0.000010	0.318141	0.681809	0.000010	0.000010	0.000010	0.000010	LD_0.9_7_1468
QG3920	0.019743	0.454808	0.525408	0.000010	0.000010	0.000010	0.000010	LD_0.9_7_1468
QG3921	0.025378	0.522264	0.452318	0.000010	0.000010	0.000010	0.000010	LD_0.9_7_1468
QG3923	0.000010	0.660310	0.339640	0.000010	0.000010	0.000010	0.000010	LD_0.9_7_1468
QG3924	0.132559	0.471805	0.395596	0.000010	0.000010	0.000010	0.000010	LD_0.9_7_1468
QG3925	0.029647	0.396276	0.574036	0.000010	0.000010	0.000010	0.000010	LD_0.9_7_1468
QG3926	0.000010	0.402841	0.597109	0.000010	0.000010	0.000010	0.000010	LD_0.9_7_1468
QG3927	0.000010	0.550105	0.449845	0.000010	0.000010	0.000010	0.000010	LD_0.9_7_1468
QG3931	0.064879	0.290354	0.644726	0.000010	0.000010	0.000010	0.000010	LD_0.9_7_1468
QG3932	0.000010	0.618178	0.381772	0.000010	0.000010	0.000010	0.000010	LD_0.9_7_1468
QG3933	0.000010	0.951628	0.048322	0.000010	0.000010	0.000010	0.000010	LD_0.9_7_1468
QG4026	0.000010	0.000010	0.000010	0.000010	0.000010	0.999940	0.000010	LD_0.9_7_1468
QG4028	0.000010	0.000010	0.000010	0.000010	0.000010	0.999940	0.000010	LD_0.9_7_1468
QG4031	0.000010	0.000010	0.000010	0.000010	0.000010	0.999940	0.000010	LD_0.9_7_1468
QG4063	0.000010	0.000010	0.000010	0.000010	0.000010	0.999940	0.000010	LD_0.9_7_1468
QG4064	0.000010	0.000010	0.000010	0.000010	0.000010	0.999940	0.000010	LD_0.9_7_1468
QG4067	0.000010	0.000010	0.000010	0.000010	0.000010	0.999940	0.000010	LD_0.9_7_1468
QG4068	0.000010	0.000010	0.000010	0.000010	0.000010	0.999940	0.000010	LD_0.9_7_1468
QG4070	0.000010	0.999940	0.000010	0.000010	0.000010	0.000010	0.000010	LD_0.9_7_1468
QG4093	0.000010	0.000010	0.000010	0.000010	0.000010	0.999940	0.000010	LD_0.9_7_1468
QG4094	0.000010	0.000010	0.000010	0.000010	0.000010	0.999940	0.000010	LD_0.9_7_1468
QG4095	0.000010	0.000010	0.000010	0.000010	0.000010	0.999940	0.000010	LD_0.9_7_1468
QG4096	0.000010	0.000010	0.000010	0.000010	0.000010	0.999940	0.000010	LD_0.9_7_1468
QG4097	0.000010	0.000010	0.000010	0.000010	0.000010	0.999940	0.000010	LD_0.9_7_1468
QG4104	0.000010	0.000010	0.000010	0.000010	0.000010	0.999940	0.000010	LD_0.9_7_1468
QG4114	0.000010	0.000010	0.000010	0.000010	0.000010	0.999940	0.000010	LD_0.9_7_1468
QG4131	0.000010	0.000010	0.000010	0.000010	0.000010	0.999940	0.000010	LD_0.9_7_1468
QG4132	0.000010	0.000010	0.000010	0.000010	0.000010	0.999940	0.000010	LD_0.9_7_1468
QG4208	0.000010	0.000010	0.000012	0.000011	0.000012	0.999935	0.000010	LD_0.9_7_1468
QG4214	0.000010	0.000010	0.000010	0.000010	0.000010	0.999940	0.000010	LD_0.9_7_1468
QG4225	0.000010	0.000010	0.000010	0.000010	0.000010	0.999940	0.000010	LD_0.9_7_1468
QG4232	0.000010	0.000010	0.000010	0.000010	0.000010	0.999940	0.000010	LD_0.9_7_1468
QG4233	0.000010	0.000010	0.000010	0.000010	0.000010	0.999940	0.000010	LD_0.9_7_1468
QG4647	0.954496	0.045454	0.000010	0.000010	0.000010	0.000010	0.000010	LD_0.9_7_1468
QG4648	0.000010	0.999940	0.000010	0.000010	0.000010	0.000010	0.000010	LD_0.9_7_1468
QG4683	0.000010	0.999940	0.000010	0.000010	0.000010	0.000010	0.000010	LD_0.9_7_1468
QG4701	0.568236	0.431712	0.000012	0.000010	0.000010	0.000010	0.000010	LD_0.9_7_1468
QG4706	0.000010	0.999940	0.000010	0.000010	0.000010	0.000010	0.000010	LD_0.9_7_1468
QG4718	0.000010	0.999940	0.000010	0.000010	0.000010	0.000010	0.000010	LD_0.9_7_1468
QG4742	0.000010	0.999940	0.000010	0.000010	0.000010	0.000010	0.000010	LD_0.9_7_1468
QG4805	0.949244	0.050706	0.000010	0.000010	0.000010	0.000010	0.000010	LD_0.9_7_1468
QG4847	0.000011	0.999936	0.000010	0.000010	0.000013	0.000010	0.000010	LD_0.9_7_1468
QG4966	0.000010	0.999940	0.000010	0.000010	0.000010	0.000010	0.000010	LD_0.9_7_1468
QG5348	0.000010	0.999940	0.000010	0.000010	0.000010	0.000010	0.000010	LD_0.9_7_1468
QG5406	0.000010	0.999940	0.000010	0.000010	0.000010	0.000010	0.000010	LD_0.9_7_1468
QG547	0.000010	0.000010	0.000010	0.000010	0.000010	0.000010	0.999940	LD_0.9_7_1468
QG5474	0.623735	0.376215	0.000010	0.000010	0.000010	0.000010	0.000010	LD_0.9_7_1468
QG5488	0.000010	0.999940	0.000010	0.000010	0.000010	0.000010	0.000010	LD_0.9_7_1468
QG550	0.000010	0.096639	0.903311	0.000010	0.000010	0.000010	0.000010	LD_0.9_7_1468
QG5507	0.191768	0.808181	0.000010	0.000010	0.000010	0.000010	0.000010	LD_0.9_7_1468
QG5525	0.000010	0.999940	0.000010	0.000010	0.000010	0.000010	0.000010	LD_0.9_7_1468
QG5589	0.813024	0.186926	0.000010	0.000010	0.000010	0.000010	0.000010	LD_0.9_7_1468
QG5603	0.650354	0.349596	0.000010	0.000010	0.000010	0.000010	0.000010	LD_0.9_7_1468
QG5611	0.000010	0.999940	0.000010	0.000010	0.000010	0.000010	0.000010	LD_0.9_7_1468
QG5612	0.005657	0.994162	0.000141	0.000010	0.000010	0.000010	0.000010	LD_0.9_7_1468
QG5633	0.003330	0.996620	0.000010	0.000010	0.000010	0.000010	0.000010	LD_0.9_7_1468
QG581	0.000010	0.000010	0.000010	0.000010	0.000010	0.000010	0.999940	LD_0.9_7_1468
QG588	0.000010	0.000010	0.000010	0.000010	0.000010	0.000010	0.999940	LD_0.9_7_1468
QG700	0.804421	0.171260	0.024273	0.000010	0.000017	0.000010	0.000010	LD_0.9_7_1468
QG727	0.999940	0.000010	0.000010	0.000010	0.000010	0.000010	0.000010	LD_0.9_7_1468
QG733	0.999940	0.000010	0.000010	0.000010	0.000010	0.000010	0.000010	LD_0.9_7_1468
QG736	0.999940	0.000010	0.000010	0.000010	0.000010	0.000010	0.000010	LD_0.9_7_1468
QG737	0.999940	0.000010	0.000010	0.000010	0.000010	0.000010	0.000010	LD_0.9_7_1468
QG739	0.999940	0.000010	0.000010	0.000010	0.000010	0.000010	0.000010	LD_0.9_7_1468
QG761	0.717785	0.238894	0.043280	0.000010	0.000010	0.000010	0.000010	LD_0.9_7_1468
QG763	0.937174	0.062776	0.000010	0.000010	0.000010	0.000010	0.000010	LD_0.9_7_1468
QG776	0.999940	0.000010	0.000010	0.000010	0.000010	0.000010	0.000010	LD_0.9_7_1468
QG781	0.983324	0.016626	0.000010	0.000010	0.000010	0.000010	0.000010	LD_0.9_7_1468
QG784	0.999940	0.000010	0.000010	0.000010	0.000010	0.000010	0.000010	LD_0.9_7_1468
QG786	0.999940	0.000010	0.000010	0.000010	0.000010	0.000010	0.000010	LD_0.9_7_1468
QG788	0.999940	0.000010	0.000010	0.000010	0.000010	0.000010	0.000010	LD_0.9_7_1468
QG790	0.999935	0.000010	0.000015	0.000010	0.000010	0.000010	0.000010	LD_0.9_7_1468
QG791	0.939580	0.060370	0.000010	0.000010	0.000010	0.000010	0.000010	LD_0.9_7_1468
QG795	0.651217	0.189255	0.159488	0.000010	0.000010	0.000010	0.000010	LD_0.9_7_1468
QG797	0.999930	0.000019	0.000011	0.000010	0.000010	0.000010	0.000010	LD_0.9_7_1468
QG802	0.928782	0.071168	0.000010	0.000010	0.000010	0.000010	0.000010	LD_0.9_7_1468
QG804	0.999940	0.000010	0.000010	0.000010	0.000010	0.000010	0.000010	LD_0.9_7_1468
QG806	0.999940	0.000010	0.000010	0.000010	0.000010	0.000010	0.000010	LD_0.9_7_1468
QG807	0.999940	0.000010	0.000010	0.000010	0.000010	0.000010	0.000010	LD_0.9_7_1468
QG808	0.959704	0.040246	0.000010	0.000010	0.000010	0.000010	0.000010	LD_0.9_7_1468
QG809	0.999939	0.000010	0.000011	0.000010	0.000010	0.000010	0.000010	LD_0.9_7_1468
QG825	0.999940	0.000010	0.000010	0.000010	0.000010	0.000010	0.000010	LD_0.9_7_1468
QG827	0.999932	0.000018	0.000010	0.000010	0.000010	0.000010	0.000010	LD_0.9_7_1468
QG828	0.999940	0.000010	0.000010	0.000010	0.000010	0.000010	0.000010	LD_0.9_7_1468
QG833	0.948910	0.051040	0.000010	0.000010	0.000010	0.000010	0.000010	LD_0.9_7_1468
QG855	0.976529	0.023421	0.000010	0.000010	0.000010	0.000010	0.000010	LD_0.9_7_1468
QG856	0.999940	0.000010	0.000010	0.000010	0.000010	0.000010	0.000010	LD_0.9_7_1468
QG858	0.999940	0.000010	0.000010	0.000010	0.000010	0.000010	0.000010	LD_0.9_7_1468
QG860	0.759201	0.240749	0.000010	0.000010	0.000010	0.000010	0.000010	LD_0.9_7_1468
QG864	0.999940	0.000010	0.000010	0.000010	0.000010	0.000010	0.000010	LD_0.9_7_1468
QG865	0.999940	0.000010	0.000010	0.000010	0.000010	0.000010	0.000010	LD_0.9_7_1468
QG866	0.999940	0.000010	0.000010	0.000010	0.000010	0.000010	0.000010	LD_0.9_7_1468
QG868	0.916422	0.083528	0.000010	0.000010	0.000010	0.000010	0.000010	LD_0.9_7_1468
QG874	0.966192	0.033758	0.000010	0.000010	0.000010	0.000010	0.000010	LD_0.9_7_1468
QG875	0.999935	0.000015	0.000010	0.000010	0.000010	0.000010	0.000010	LD_0.9_7_1468
QG878	0.999940	0.000010	0.000010	0.000010	0.000010	0.000010	0.000010	LD_0.9_7_1468
QG879	0.999940	0.000010	0.000010	0.000010	0.000010	0.000010	0.000010	LD_0.9_7_1468
QG880	0.999940	0.000010	0.000010	0.000010	0.000010	0.000010	0.000010	LD_0.9_7_1468
QG881	0.714187	0.252490	0.033279	0.000010	0.000012	0.000011	0.000010	LD_0.9_7_1468
QG887	0.999940	0.000010	0.000010	0.000010	0.000010	0.000010	0.000010	LD_0.9_7_1468
QG888	0.999940	0.000010	0.000010	0.000010	0.000010	0.000010	0.000010	LD_0.9_7_1468
QG926	0.999940	0.000010	0.000010	0.000010	0.000010	0.000010	0.000010	LD_0.9_7_1468
QG927	0.053309	0.946641	0.000010	0.000010	0.000010	0.000010	0.000010	LD_0.9_7_1468
QG933	0.999940	0.000010	0.000010	0.000010	0.000010	0.000010	0.000010	LD_0.9_7_1468
QG937	0.999939	0.000011	0.000010	0.000010	0.000010	0.000010	0.000010	LD_0.9_7_1468
QG945	0.999940	0.000010	0.000010	0.000010	0.000010	0.000010	0.000010	LD_0.9_7_1468
QG946	0.999940	0.000010	0.000010	0.000010	0.000010	0.000010	0.000010	LD_0.9_7_1468
QG947	0.999940	0.000010	0.000010	0.000010	0.000010	0.000010	0.000010	LD_0.9_7_1468
QG948	0.945475	0.054475	0.000010	0.000010	0.000010	0.000010	0.000010	LD_0.9_7_1468
QG952	0.871336	0.128612	0.000012	0.000010	0.000010	0.000010	0.000010	LD_0.9_7_1468
QG978	0.871748	0.085490	0.042722	0.000010	0.000010	0.000010	0.000010	LD_0.9_7_1468
QG980	0.999940	0.000010	0.000010	0.000010	0.000010	0.000010	0.000010	LD_0.9_7_1468
QG986	0.906320	0.093630	0.000010	0.000010	0.000010	0.000010	0.000010	LD_0.9_7_1468
QG991	0.968490	0.031460	0.000010	0.000010	0.000010	0.000010	0.000010	LD_0.9_7_1468
QG994	0.999940	0.000010	0.000010	0.000010	0.000010	0.000010	0.000010	LD_0.9_7_1468
QG995	0.955670	0.044280	0.000010	0.000010	0.000010	0.000010	0.000010	LD_0.9_7_1468
QG997	0.999940	0.000010	0.000010	0.000010	0.000010	0.000010	0.000010	LD_0.9_7_1468
QG998	0.999938	0.000010	0.000012	0.000010	0.000010	0.000010	0.000010	LD_0.9_7_1468
QR25	0.000010	0.111713	0.000010	0.049419	0.423071	0.027753	0.388024	LD_0.9_7_1468
QX1410	0.000010	0.757476	0.242474	0.000010	0.000010	0.000010	0.000010	LD_0.9_7_1468
QX1547	0.000010	0.000010	0.000010	0.000010	0.000010	0.000010	0.999940	LD_0.9_7_1468
QX1795	0.000010	0.958180	0.041770	0.000010	0.000010	0.000010	0.000010	LD_0.9_7_1468
QX1796	0.000010	0.999940	0.000010	0.000010	0.000010	0.000010	0.000010	LD_0.9_7_1468
QX1798	0.000010	0.000010	0.000010	0.999940	0.000010	0.000010	0.000010	LD_0.9_7_1468
QX1800	0.000010	0.999940	0.000010	0.000010	0.000010	0.000010	0.000010	LD_0.9_7_1468
QX1801	0.000010	0.999940	0.000010	0.000010	0.000010	0.000010	0.000010	LD_0.9_7_1468
QX1802	0.000014	0.999936	0.000010	0.000010	0.000010	0.000010	0.000010	LD_0.9_7_1468
QX1803	0.000010	0.999939	0.000010	0.000010	0.000011	0.000010	0.000010	LD_0.9_7_1468
QX1804	0.000010	0.999940	0.000010	0.000010	0.000010	0.000010	0.000010	LD_0.9_7_1468
SOW18	0.000010	0.000010	0.000010	0.000011	0.000012	0.000010	0.999937	LD_0.9_7_1468
SOW21	0.000010	0.000010	0.000010	0.000010	0.000010	0.000010	0.999940	LD_0.9_7_1468
SOW22	0.000010	0.000010	0.000010	0.000010	0.000010	0.000010	0.999940	LD_0.9_7_1468
TT3408	0.000010	0.999940	0.000010	0.000010	0.000010	0.000010	0.000010	LD_0.9_7_1468
TT3411	0.000020	0.999930	0.000010	0.000010	0.000010	0.000010	0.000010	LD_0.9_7_1468
TWN1772	0.000010	0.000010	0.000010	0.999940	0.000010	0.000010	0.000010	LD_0.9_7_1468
TWN1824	0.000010	0.000010	0.000010	0.000010	0.999940	0.000010	0.000010	LD_0.9_7_1468
TWN1899	0.000010	0.000010	0.000010	0.000010	0.999940	0.000010	0.000010	LD_0.9_7_1468
TWN1907	0.000010	0.000010	0.000010	0.999940	0.000010	0.000010	0.000010	LD_0.9_7_1468
TWN2919	0.000010	0.000010	0.000010	0.999940	0.000010	0.000010	0.000010	LD_0.9_7_1468
TWN3077	0.000010	0.000010	0.000010	0.999940	0.000010	0.000010	0.000010	LD_0.9_7_1468
UH1	0.000010	0.000010	0.000010	0.999940	0.000010	0.000010	0.000010	LD_0.9_7_1468
VSL2201	0.000010	0.152844	0.847106	0.000010	0.000010	0.000010	0.000010	LD_0.9_7_1468
VSL2207	0.000010	0.000010	0.000010	0.000010	0.000010	0.999940	0.000010	LD_0.9_7_1468
VSL2209	0.000010	0.000010	0.000010	0.000010	0.000010	0.999940	0.000010	LD_0.9_7_1468
VSL2210	0.000010	0.999940	0.000010	0.000010	0.000010	0.000010	0.000010	LD_0.9_7_1468
VSL2212	0.000010	0.999940	0.000010	0.000010	0.000010	0.000010	0.000010	LD_0.9_7_1468
VSL2213	0.000010	0.000010	0.999940	0.000010	0.000010	0.000010	0.000010	LD_0.9_7_1468
VSL2215	0.010966	0.000010	0.988984	0.000010	0.000010	0.000010	0.000010	LD_0.9_7_1468
VSL2216	0.000010	0.000010	0.999939	0.000011	0.000010	0.000010	0.000010	LD_0.9_7_1468
VSL2217	0.961053	0.038897	0.000010	0.000010	0.000010	0.000010	0.000010	LD_0.9_7_1468
VSL2219	0.000010	0.999940	0.000010	0.000010	0.000010	0.000010	0.000010	LD_0.9_7_1468
VT847	0.000010	0.999940	0.000010	0.000010	0.000010	0.000010	0.000010	LD_0.9_7_1468
VX34	0.000010	0.151325	0.000010	0.112285	0.116188	0.000010	0.620172	LD_0.9_7_1468
XZ1204	0.000010	0.433381	0.566569	0.000010	0.000010	0.000010	0.000010	LD_0.9_7_1468
XZ1205	0.000010	0.000010	0.999940	0.000010	0.000010	0.000010	0.000010	LD_0.9_7_1468
XZ1206	0.000010	0.000010	0.999940	0.000010	0.000010	0.000010	0.000010	LD_0.9_7_1468
XZ1207	0.000010	0.987716	0.012234	0.000010	0.000010	0.000010	0.000010	LD_0.9_7_1468
XZ1210	0.000010	0.999940	0.000010	0.000010	0.000010	0.000010	0.000010	LD_0.9_7_1468
XZ1212	0.000010	0.959912	0.040038	0.000010	0.000010	0.000010	0.000010	LD_0.9_7_1468
XZ1213	0.000010	0.999940	0.000010	0.000010	0.000010	0.000010	0.000010	LD_0.9_7_1468
XZ1731	0.000010	0.999940	0.000010	0.000010	0.000010	0.000010	0.000010	LD_0.9_7_1468
XZ1732	0.000010	0.931657	0.068293	0.000010	0.000010	0.000010	0.000010	LD_0.9_7_1468
ZZY0992	0.999940	0.000010	0.000010	0.000010	0.000010	0.000010	0.000010	LD_0.9_7_1468
ZZY1034	0.000010	0.999940	0.000010	0.000010	0.000010	0.000010	0.000010	LD_0.9_7_1468
ZZY1075	0.000010	0.999940	0.000010	0.000010	0.000010	0.000010	0.000010	LD_0.9_7_1468
ZZY1123	0.988169	0.011773	0.000010	0.000010	0.000018	0.000010	0.000010	LD_0.9_7_1468
ZZY1130	0.000010	0.999931	0.000019	0.000010	0.000010	0.000010	0.000010	LD_0.9_7_1468
ZZY405	0.000010	0.999940	0.000010	0.000010	0.000010	0.000010	0.000010	LD_0.9_7_1468
AF16	0.000010	0.000010	0.999940	0.000010	0.000010	0.000010	0.000010	LD_0.9_7_1553
BRC20069	0.000010	0.000010	0.999940	0.000010	0.000010	0.000010	0.000010	LD_0.9_7_1553
BRC20073	0.000010	0.000010	0.999940	0.000010	0.000010	0.000010	0.000010	LD_0.9_7_1553
BRC20075	0.000010	0.999940	0.000010	0.000010	0.000010	0.000010	0.000010	LD_0.9_7_1553
BRC20077	0.000010	0.000010	0.999940	0.000010	0.000010	0.000010	0.000010	LD_0.9_7_1553
BRC20081	0.000010	0.000010	0.000010	0.000010	0.000010	0.999940	0.000010	LD_0.9_7_1553
BRC20085	0.000010	0.000010	0.201237	0.694944	0.000010	0.000010	0.103779	LD_0.9_7_1553
BRC20088	0.000012	0.000018	0.000010	0.000012	0.000010	0.999928	0.000010	LD_0.9_7_1553
BRC20089	0.000010	0.000010	0.999940	0.000010	0.000010	0.000010	0.000010	LD_0.9_7_1553
BRC20090	0.000010	0.000010	0.925435	0.022404	0.000010	0.000010	0.052121	LD_0.9_7_1553
BRC20092	0.000013	0.000010	0.114328	0.885619	0.000010	0.000010	0.000010	LD_0.9_7_1553
BRC20093	0.000010	0.000010	0.999939	0.000011	0.000010	0.000010	0.000010	LD_0.9_7_1553
BRC20094	0.000017	0.000010	0.095082	0.904861	0.000010	0.000010	0.000010	LD_0.9_7_1553
BRC20095	0.000010	0.000010	0.999940	0.000010	0.000010	0.000010	0.000010	LD_0.9_7_1553
BRC20096	0.000010	0.000010	0.999940	0.000010	0.000010	0.000010	0.000010	LD_0.9_7_1553
BRC20098	0.000010	0.000010	0.999940	0.000010	0.000010	0.000010	0.000010	LD_0.9_7_1553
BRC20099	0.000010	0.000010	0.999940	0.000010	0.000010	0.000010	0.000010	LD_0.9_7_1553
BRC20100	0.000010	0.000010	0.999940	0.000010	0.000010	0.000010	0.000010	LD_0.9_7_1553
BRC20102	0.000010	0.000010	0.999940	0.000010	0.000010	0.000010	0.000010	LD_0.9_7_1553
BRC20103	0.000010	0.000010	0.999937	0.000010	0.000010	0.000013	0.000010	LD_0.9_7_1553
BRC20105	0.000010	0.000010	0.033373	0.913834	0.000010	0.000010	0.052753	LD_0.9_7_1553
BRC20107	0.000010	0.000010	0.061195	0.895156	0.000010	0.000010	0.043608	LD_0.9_7_1553
BRC20115	0.000010	0.647847	0.135274	0.000010	0.000013	0.216837	0.000010	LD_0.9_7_1553
BRC20119	0.000010	0.000010	0.244195	0.000010	0.000010	0.000010	0.755755	LD_0.9_7_1553
BRC20228	0.000010	0.000010	0.999940	0.000010	0.000010	0.000010	0.000010	LD_0.9_7_1553
BRC20229	0.000010	0.999939	0.000010	0.000010	0.000011	0.000010	0.000010	LD_0.9_7_1553
BRC20230	0.000016	0.000015	0.000010	0.000010	0.000010	0.999930	0.000010	LD_0.9_7_1553
BRC20232	0.000010	0.999938	0.000010	0.000010	0.000010	0.000011	0.000010	LD_0.9_7_1553
BRC20238	0.000016	0.000012	0.000010	0.000010	0.000010	0.999932	0.000010	LD_0.9_7_1553
BRC20239	0.000010	0.999940	0.000010	0.000010	0.000010	0.000010	0.000010	LD_0.9_7_1553
BRC20241	0.000010	0.000010	0.916716	0.000010	0.000010	0.000010	0.083234	LD_0.9_7_1553
BRC20242	0.000010	0.000010	0.999940	0.000010	0.000010	0.000010	0.000010	LD_0.9_7_1553
BRC20244	0.000013	0.000010	0.000010	0.000010	0.000010	0.999937	0.000010	LD_0.9_7_1553
BRC20246	0.000014	0.000012	0.000013	0.000011	0.000010	0.999930	0.000010	LD_0.9_7_1553
BRC20257	0.000010	0.000010	0.000010	0.000010	0.000010	0.000010	0.999940	LD_0.9_7_1553
BRC20260	0.000010	0.000010	0.999940	0.000010	0.000010	0.000010	0.000010	LD_0.9_7_1553
BRC20270	0.000012	0.000016	0.000010	0.000010	0.000011	0.999930	0.000010	LD_0.9_7_1553
BRC20272	0.000012	0.000016	0.000013	0.000016	0.000011	0.999921	0.000010	LD_0.9_7_1553
BRC20289	0.000010	0.000010	0.000010	0.000011	0.000010	0.999939	0.000010	LD_0.9_7_1553
BRC20290	0.000010	0.000010	0.000010	0.000013	0.000010	0.999937	0.000010	LD_0.9_7_1553
BRC20294	0.000010	0.000010	0.999940	0.000010	0.000010	0.000010	0.000010	LD_0.9_7_1553
BRC20308	0.000010	0.000010	0.000010	0.000010	0.000010	0.999940	0.000010	LD_0.9_7_1553
BRC20309	0.000010	0.000010	0.000010	0.000010	0.000010	0.999940	0.000010	LD_0.9_7_1553
BRC20311	0.000013	0.000015	0.000010	0.000016	0.000010	0.999926	0.000010	LD_0.9_7_1553
BRC20312	0.000012	0.000010	0.000015	0.000010	0.000010	0.999932	0.000010	LD_0.9_7_1553
BRC20315	0.000010	0.000010	0.000019	0.000010	0.000010	0.999931	0.000010	LD_0.9_7_1553
BRC20320	0.000010	0.000011	0.000016	0.000020	0.000010	0.999923	0.000010	LD_0.9_7_1553
BRC20324	0.000010	0.600635	0.399311	0.000010	0.000012	0.000012	0.000010	LD_0.9_7_1553
BRC20331	0.000012	0.000010	0.000011	0.000010	0.000010	0.999937	0.000010	LD_0.9_7_1553
BRC20333	0.000017	0.000013	0.000010	0.000010	0.000010	0.999930	0.000010	LD_0.9_7_1553
BRC20334	0.000019	0.000010	0.000010	0.000010	0.000010	0.999931	0.000010	LD_0.9_7_1553
BRC20339	0.000010	0.000016	0.000018	0.000012	0.000010	0.999924	0.000010	LD_0.9_7_1553
BRC20341	0.000010	0.000010	0.000016	0.000010	0.000010	0.999934	0.000010	LD_0.9_7_1553
BRC20343	0.000010	0.999939	0.000010	0.000010	0.000010	0.000011	0.000010	LD_0.9_7_1553
BRC20346	0.000010	0.000010	0.000010	0.000010	0.000010	0.999940	0.000010	LD_0.9_7_1553
BRC20347	0.000010	0.999933	0.000010	0.000010	0.000016	0.000011	0.000010	LD_0.9_7_1553
BRC20348	0.000013	0.000016	0.000010	0.000010	0.000010	0.999932	0.000010	LD_0.9_7_1553
BRC20353	0.000010	0.000010	0.000010	0.999940	0.000010	0.000010	0.000010	LD_0.9_7_1553
BRC20360	0.000010	0.000010	0.000010	0.999940	0.000010	0.000010	0.000010	LD_0.9_7_1553
BRC20361	0.000010	0.000010	0.000010	0.999940	0.000010	0.000010	0.000010	LD_0.9_7_1553
BRC20362	0.000010	0.000010	0.000010	0.999940	0.000010	0.000010	0.000010	LD_0.9_7_1553
BRC20366	0.000010	0.000013	0.000015	0.000010	0.000010	0.999932	0.000010	LD_0.9_7_1553
BRC20367	0.000010	0.000016	0.000013	0.000010	0.000010	0.999931	0.000010	LD_0.9_7_1553
BRC20369	0.000010	0.000010	0.999937	0.000010	0.000010	0.000013	0.000010	LD_0.9_7_1553
BRC20370	0.000010	0.000010	0.000010	0.000010	0.000010	0.999940	0.000010	LD_0.9_7_1553
BRC20388	0.999940	0.000010	0.000010	0.000010	0.000010	0.000010	0.000010	LD_0.9_7_1553
BRC20390	0.000012	0.000010	0.000010	0.000010	0.000010	0.999938	0.000010	LD_0.9_7_1553
BRC20401	0.000010	0.000010	0.999940	0.000010	0.000010	0.000010	0.000010	LD_0.9_7_1553
BRC20463	0.000015	0.000017	0.000010	0.000010	0.000010	0.999928	0.000010	LD_0.9_7_1553
BRC20492	0.000010	0.640952	0.133694	0.000010	0.000010	0.225314	0.000010	LD_0.9_7_1553
BRC20499	0.000011	0.000011	0.000017	0.000017	0.000010	0.999923	0.000010	LD_0.9_7_1553
BRC20501	0.000010	0.000010	0.000010	0.000010	0.000010	0.999940	0.000010	LD_0.9_7_1553
BRC20502	0.113961	0.579001	0.148376	0.000010	0.000010	0.158632	0.000010	LD_0.9_7_1553
BRC20503	0.114049	0.578232	0.148126	0.000010	0.000010	0.159564	0.000010	LD_0.9_7_1553
BRC20519	0.000010	0.642971	0.141067	0.000010	0.000010	0.215922	0.000010	LD_0.9_7_1553
BRC20520	0.000010	0.641079	0.136674	0.000010	0.000010	0.222207	0.000010	LD_0.9_7_1553
BRC20522	0.000010	0.999940	0.000010	0.000010	0.000010	0.000010	0.000010	LD_0.9_7_1553
BRC20524	0.000010	0.999934	0.000015	0.000010	0.000010	0.000011	0.000010	LD_0.9_7_1553
BRC20529	0.000010	0.000010	0.000010	0.000010	0.000010	0.999940	0.000010	LD_0.9_7_1553
BRC20530	0.000010	0.999938	0.000010	0.000011	0.000010	0.000011	0.000010	LD_0.9_7_1553
BRC20531	0.000010	0.999939	0.000010	0.000010	0.000011	0.000010	0.000010	LD_0.9_7_1553
BRC20532	0.000010	0.000010	0.000018	0.000015	0.000010	0.999927	0.000010	LD_0.9_7_1553
BRC20533	0.000011	0.000015	0.000010	0.000019	0.000010	0.999925	0.000010	LD_0.9_7_1553
BRC20534	0.000010	0.000010	0.000010	0.000010	0.000010	0.999940	0.000010	LD_0.9_7_1553
BRC20535	0.000013	0.000010	0.000011	0.000010	0.000010	0.999936	0.000010	LD_0.9_7_1553
BRC20536	0.000010	0.000010	0.000010	0.000010	0.000010	0.999940	0.000010	LD_0.9_7_1553
BRC20537	0.000013	0.000018	0.000010	0.000015	0.000010	0.999925	0.000010	LD_0.9_7_1553
BRC20541	0.000010	0.639295	0.152972	0.000010	0.000010	0.207693	0.000010	LD_0.9_7_1553
BRC20543	0.000011	0.000010	0.000011	0.000010	0.000013	0.999935	0.000010	LD_0.9_7_1553
BRC20544	0.000011	0.000011	0.000011	0.000010	0.000010	0.999937	0.000010	LD_0.9_7_1553
BRC20545	0.000013	0.000016	0.000016	0.000011	0.000010	0.999924	0.000010	LD_0.9_7_1553
BRC20556	0.000010	0.000010	0.999940	0.000010	0.000010	0.000010	0.000010	LD_0.9_7_1553
BRC20557	0.000012	0.000011	0.000010	0.000010	0.000012	0.999935	0.000010	LD_0.9_7_1553
BRC20565	0.000010	0.000010	0.999937	0.000010	0.000010	0.000013	0.000010	LD_0.9_7_1553
BRC20571	0.000011	0.000010	0.956778	0.028637	0.000010	0.000010	0.014544	LD_0.9_7_1553
BRC20574	0.000010	0.000010	0.999940	0.000010	0.000010	0.000010	0.000010	LD_0.9_7_1553
BW287	0.999940	0.000010	0.000010	0.000010	0.000010	0.000010	0.000010	LD_0.9_7_1553
DF5100	0.000010	0.000010	0.999940	0.000010	0.000010	0.000010	0.000010	LD_0.9_7_1553
ECA1129	0.000010	0.000010	0.999940	0.000010	0.000010	0.000010	0.000010	LD_0.9_7_1553
ECA1143	0.000010	0.000010	0.865233	0.088502	0.000010	0.000010	0.046226	LD_0.9_7_1553
ECA1147	0.000010	0.000010	0.999940	0.000010	0.000010	0.000010	0.000010	LD_0.9_7_1553
ECA1149	0.000010	0.000010	0.955604	0.000010	0.000010	0.044346	0.000010	LD_0.9_7_1553
ECA1160	0.000010	0.000010	0.999940	0.000010	0.000010	0.000010	0.000010	LD_0.9_7_1553
ECA1164	0.000010	0.000010	0.999940	0.000010	0.000010	0.000010	0.000010	LD_0.9_7_1553
ECA1170	0.000010	0.000010	0.000010	0.000010	0.000010	0.999940	0.000010	LD_0.9_7_1553
ECA1174	0.000010	0.000010	0.999940	0.000010	0.000010	0.000010	0.000010	LD_0.9_7_1553
ECA1383	0.000013	0.000010	0.000010	0.000013	0.000010	0.999934	0.000010	LD_0.9_7_1553
ECA1411	0.000010	0.000010	0.999940	0.000010	0.000010	0.000010	0.000010	LD_0.9_7_1553
ECA1423	0.000010	0.000010	0.999940	0.000010	0.000010	0.000010	0.000010	LD_0.9_7_1553
ECA1429	0.000010	0.000010	0.999940	0.000010	0.000010	0.000010	0.000010	LD_0.9_7_1553
ECA1431	0.000010	0.000010	0.999940	0.000010	0.000010	0.000010	0.000010	LD_0.9_7_1553
ECA1437	0.000010	0.000010	0.999940	0.000010	0.000010	0.000010	0.000010	LD_0.9_7_1553
ECA1439	0.000010	0.000010	0.999940	0.000010	0.000010	0.000010	0.000010	LD_0.9_7_1553
ECA1443	0.000010	0.000011	0.055006	0.000012	0.000010	0.944942	0.000010	LD_0.9_7_1553
ECA1471	0.000010	0.000010	0.999940	0.000010	0.000010	0.000010	0.000010	LD_0.9_7_1553
ECA1489	0.000010	0.000010	0.820954	0.077083	0.000010	0.000010	0.101923	LD_0.9_7_1553
ECA1507	0.000010	0.000010	0.999940	0.000010	0.000010	0.000010	0.000010	LD_0.9_7_1553
ECA1509	0.000014	0.000010	0.999936	0.000010	0.000010	0.000010	0.000010	LD_0.9_7_1553
ECA1517	0.000010	0.000010	0.989438	0.000010	0.000010	0.000010	0.010512	LD_0.9_7_1553
ECA1521	0.000010	0.000010	0.999932	0.000018	0.000010	0.000010	0.000010	LD_0.9_7_1553
ECA1555	0.000010	0.000010	0.999940	0.000010	0.000010	0.000010	0.000010	LD_0.9_7_1553
ECA1559	0.000010	0.000010	0.000010	0.000018	0.000010	0.999932	0.000010	LD_0.9_7_1553
ECA1563	0.000010	0.000010	0.999940	0.000010	0.000010	0.000010	0.000010	LD_0.9_7_1553
ECA1571	0.000010	0.000010	0.844971	0.063400	0.000010	0.000010	0.091590	LD_0.9_7_1553
ECA1587	0.000010	0.000010	0.999940	0.000010	0.000010	0.000010	0.000010	LD_0.9_7_1553
ECA1605	0.000010	0.000010	0.075419	0.000010	0.000010	0.871952	0.052588	LD_0.9_7_1553
ECA1609	0.000010	0.000010	0.999940	0.000010	0.000010	0.000010	0.000010	LD_0.9_7_1553
ECA161	0.000010	0.000010	0.999940	0.000010	0.000010	0.000010	0.000010	LD_0.9_7_1553
ECA1611	0.000010	0.000010	0.999940	0.000010	0.000010	0.000010	0.000010	LD_0.9_7_1553
ECA1615	0.000010	0.000010	0.999940	0.000010	0.000010	0.000010	0.000010	LD_0.9_7_1553
ECA162	0.000010	0.000010	0.999940	0.000010	0.000010	0.000010	0.000010	LD_0.9_7_1553
ECA1621	0.000010	0.000010	0.999940	0.000010	0.000010	0.000010	0.000010	LD_0.9_7_1553
ECA163	0.617612	0.084780	0.127485	0.044224	0.038400	0.087488	0.000010	LD_0.9_7_1553
ECA1637	0.000010	0.000010	0.999940	0.000010	0.000010	0.000010	0.000010	LD_0.9_7_1553
ECA1657	0.000010	0.000010	0.999940	0.000010	0.000010	0.000010	0.000010	LD_0.9_7_1553
ECA1701	0.000010	0.000010	0.992769	0.000010	0.000010	0.000010	0.007181	LD_0.9_7_1553
ECA175	0.000010	0.000010	0.999935	0.000015	0.000010	0.000010	0.000010	LD_0.9_7_1553
ECA176	0.000010	0.000010	0.999940	0.000010	0.000010	0.000010	0.000010	LD_0.9_7_1553
ECA177	0.000010	0.000010	0.999940	0.000010	0.000010	0.000010	0.000010	LD_0.9_7_1553
ECA180	0.000010	0.000010	0.999940	0.000010	0.000010	0.000010	0.000010	LD_0.9_7_1553
ECA182	0.000010	0.000010	0.999940	0.000010	0.000010	0.000010	0.000010	LD_0.9_7_1553
ECA183	0.000010	0.000010	0.999940	0.000010	0.000010	0.000010	0.000010	LD_0.9_7_1553
ECA185	0.000010	0.000010	0.999940	0.000010	0.000010	0.000010	0.000010	LD_0.9_7_1553
ECA186	0.000010	0.000010	0.999940	0.000010	0.000010	0.000010	0.000010	LD_0.9_7_1553
ECA2083	0.000010	0.000010	0.999940	0.000010	0.000010	0.000010	0.000010	LD_0.9_7_1553
ECA2093	0.000010	0.000010	0.999940	0.000010	0.000010	0.000010	0.000010	LD_0.9_7_1553
ECA2115	0.000010	0.000010	0.999940	0.000010	0.000010	0.000010	0.000010	LD_0.9_7_1553
ECA2299	0.000010	0.000019	0.000010	0.000010	0.000012	0.999929	0.000010	LD_0.9_7_1553
ECA2373	0.000010	0.000010	0.963105	0.000010	0.000010	0.000010	0.036845	LD_0.9_7_1553
ECA2385	0.000011	0.000012	0.000010	0.000010	0.000010	0.999937	0.000010	LD_0.9_7_1553
ECA2425	0.000010	0.000010	0.999940	0.000010	0.000010	0.000010	0.000010	LD_0.9_7_1553
ECA2617	0.000010	0.000011	0.000011	0.000010	0.999935	0.000013	0.000010	LD_0.9_7_1553
ECA2618	0.000010	0.000011	0.000010	0.000010	0.999939	0.000010	0.000010	LD_0.9_7_1553
ECA2621	0.000018	0.000011	0.000010	0.000010	0.999931	0.000010	0.000010	LD_0.9_7_1553
ECA2623	0.000015	0.000010	0.893045	0.082037	0.000010	0.000010	0.024873	LD_0.9_7_1553
ECA2625	0.000010	0.000010	0.999940	0.000010	0.000010	0.000010	0.000010	LD_0.9_7_1553
ECA2626	0.000010	0.000010	0.999940	0.000010	0.000010	0.000010	0.000010	LD_0.9_7_1553
ECA2636	0.000010	0.000011	0.999939	0.000010	0.000010	0.000010	0.000010	LD_0.9_7_1553
ECA2637	0.000010	0.000010	0.999940	0.000010	0.000010	0.000010	0.000010	LD_0.9_7_1553
ECA2639	0.000010	0.000010	0.000010	0.000010	0.999940	0.000010	0.000010	LD_0.9_7_1553
ECA2645	0.000010	0.000010	0.999940	0.000010	0.000010	0.000010	0.000010	LD_0.9_7_1553
ECA2647	0.000010	0.000011	0.000010	0.000010	0.999939	0.000010	0.000010	LD_0.9_7_1553
ECA2663	0.000010	0.000010	0.999940	0.000010	0.000010	0.000010	0.000010	LD_0.9_7_1553
ECA2664	0.000015	0.000010	0.880932	0.084991	0.000010	0.000010	0.034032	LD_0.9_7_1553
ECA2666	0.000010	0.000010	0.000010	0.000010	0.999940	0.000010	0.000010	LD_0.9_7_1553
ECA2667	0.000010	0.000010	0.999940	0.000010	0.000010	0.000010	0.000010	LD_0.9_7_1553
ECA2670	0.000010	0.000010	0.000010	0.000010	0.999940	0.000010	0.000010	LD_0.9_7_1553
ECA276	0.616695	0.084912	0.129105	0.043709	0.037909	0.087660	0.000010	LD_0.9_7_1553
ECA278	0.999940	0.000010	0.000010	0.000010	0.000010	0.000010	0.000010	LD_0.9_7_1553
ECA2808	0.000010	0.000010	0.999940	0.000010	0.000010	0.000010	0.000010	LD_0.9_7_1553
ECA287	0.000010	0.000010	0.010533	0.000010	0.000010	0.989417	0.000010	LD_0.9_7_1553
ECA288	0.000016	0.000014	0.898174	0.000010	0.000010	0.101765	0.000010	LD_0.9_7_1553
ECA2883	0.000010	0.000010	0.999940	0.000010	0.000010	0.000010	0.000010	LD_0.9_7_1553
ECA2890	0.000010	0.000010	0.999940	0.000010	0.000010	0.000010	0.000010	LD_0.9_7_1553
ECA2894	0.000010	0.000010	0.999940	0.000010	0.000010	0.000010	0.000010	LD_0.9_7_1553
ECA2936	0.000010	0.000010	0.000010	0.000010	0.000010	0.999940	0.000010	LD_0.9_7_1553
ECA2975	0.000010	0.000010	0.999940	0.000010	0.000010	0.000010	0.000010	LD_0.9_7_1553
ECA3091	0.000010	0.000010	0.999940	0.000010	0.000010	0.000010	0.000010	LD_0.9_7_1553
ECA343	0.000010	0.000010	0.999940	0.000010	0.000010	0.000010	0.000010	LD_0.9_7_1553
ECA346	0.000010	0.000010	0.999940	0.000010	0.000010	0.000010	0.000010	LD_0.9_7_1553
ECA3502	0.000013	0.000010	0.000010	0.000010	0.000010	0.999937	0.000010	LD_0.9_7_1553
ECA3503	0.000010	0.000010	0.999940	0.000010	0.000010	0.000010	0.000010	LD_0.9_7_1553
ECA3509	0.000010	0.000010	0.999940	0.000010	0.000010	0.000010	0.000010	LD_0.9_7_1553
ECA3708	0.000010	0.000010	0.999931	0.000010	0.000010	0.000019	0.000010	LD_0.9_7_1553
ECA371	0.000010	0.000010	0.999940	0.000010	0.000010	0.000010	0.000010	LD_0.9_7_1553
ECA3712	0.000010	0.000010	0.999940	0.000010	0.000010	0.000010	0.000010	LD_0.9_7_1553
ECA3713	0.000010	0.000010	0.999940	0.000010	0.000010	0.000010	0.000010	LD_0.9_7_1553
ECA3899	0.000010	0.000010	0.999940	0.000010	0.000010	0.000010	0.000010	LD_0.9_7_1553
ECA4382	0.000010	0.000010	0.999940	0.000010	0.000010	0.000010	0.000010	LD_0.9_7_1553
ECA4390	0.000014	0.000010	0.586514	0.413432	0.000010	0.000010	0.000010	LD_0.9_7_1553
ECA4394	0.000010	0.000010	0.999940	0.000010	0.000010	0.000010	0.000010	LD_0.9_7_1553
ECA4402	0.000010	0.000010	0.999940	0.000010	0.000010	0.000010	0.000010	LD_0.9_7_1553
ECA569	0.999940	0.000010	0.000010	0.000010	0.000010	0.000010	0.000010	LD_0.9_7_1553
ED3032	0.000010	0.000010	0.999940	0.000010	0.000010	0.000010	0.000010	LD_0.9_7_1553
ED3037	0.000010	0.000010	0.999940	0.000010	0.000010	0.000010	0.000010	LD_0.9_7_1553
ED3088	0.000010	0.000010	0.999940	0.000010	0.000010	0.000010	0.000010	LD_0.9_7_1553
ED3102	0.630833	0.087768	0.154700	0.000010	0.027192	0.099487	0.000010	LD_0.9_7_1553
EG4360	0.999940	0.000010	0.000010	0.000010	0.000010	0.000010	0.000010	LD_0.9_7_1553
EG5612	0.000010	0.000010	0.000010	0.999940	0.000010	0.000010	0.000010	LD_0.9_7_1553
EG5613	0.000010	0.000010	0.897388	0.042359	0.000010	0.000010	0.060213	LD_0.9_7_1553
EG6179	0.000010	0.000010	0.942515	0.057435	0.000010	0.000010	0.000010	LD_0.9_7_1553
EG6260	0.000010	0.000010	0.577379	0.422571	0.000010	0.000010	0.000010	LD_0.9_7_1553
EG6261	0.000010	0.000010	0.982471	0.006936	0.000010	0.000010	0.010553	LD_0.9_7_1553
EG6265	0.000010	0.000010	0.000010	0.000010	0.000010	0.985158	0.014792	LD_0.9_7_1553
EG6267	0.000010	0.000010	0.983832	0.000010	0.000010	0.000010	0.016118	LD_0.9_7_1553
EG6271	0.000010	0.000010	0.434882	0.565068	0.000010	0.000010	0.000010	LD_0.9_7_1553
EG6272	0.000010	0.000010	0.944503	0.055447	0.000010	0.000010	0.000010	LD_0.9_7_1553
EG6274	0.000010	0.000010	0.999937	0.000013	0.000010	0.000010	0.000010	LD_0.9_7_1553
EG6275	0.000010	0.000010	0.999937	0.000013	0.000010	0.000010	0.000010	LD_0.9_7_1553
EG6276	0.000010	0.000010	0.999940	0.000010	0.000010	0.000010	0.000010	LD_0.9_7_1553
EG6329	0.000010	0.000010	0.368676	0.631274	0.000010	0.000010	0.000010	LD_0.9_7_1553
GUN124	0.999940	0.000010	0.000010	0.000010	0.000010	0.000010	0.000010	LD_0.9_7_1553
GXW22	0.000010	0.000010	0.999940	0.000010	0.000010	0.000010	0.000010	LD_0.9_7_1553
GXW23	0.000010	0.000010	0.122950	0.877000	0.000010	0.000010	0.000010	LD_0.9_7_1553
HK104	0.999938	0.000010	0.000010	0.000012	0.000010	0.000010	0.000010	LD_0.9_7_1553
HPT11	0.613227	0.086048	0.145043	0.000017	0.000010	0.155645	0.000010	LD_0.9_7_1553
HPT16	0.000012	0.000010	0.477014	0.522934	0.000010	0.000010	0.000010	LD_0.9_7_1553
HPT18	0.606342	0.089242	0.147432	0.000012	0.000010	0.156951	0.000010	LD_0.9_7_1553
HPT19	0.000010	0.000010	0.481876	0.518074	0.000010	0.000010	0.000010	LD_0.9_7_1553
HPT2	0.000010	0.000010	0.388107	0.611843	0.000010	0.000010	0.000010	LD_0.9_7_1553
HPT21	0.000010	0.000010	0.999935	0.000015	0.000010	0.000010	0.000010	LD_0.9_7_1553
HPT24	0.610503	0.087474	0.147592	0.000014	0.000010	0.154397	0.000010	LD_0.9_7_1553
HPT34	0.000012	0.000010	0.440500	0.559449	0.000010	0.000010	0.000010	LD_0.9_7_1553
HPT37	0.000010	0.000010	0.526943	0.446613	0.000010	0.000010	0.026404	LD_0.9_7_1553
HPT4	0.000012	0.000010	0.430863	0.569085	0.000010	0.000010	0.000010	LD_0.9_7_1553
HPT42	0.000012	0.000010	0.509528	0.490420	0.000010	0.000010	0.000010	LD_0.9_7_1553
HPT52	0.000010	0.000010	0.506192	0.000010	0.000010	0.000010	0.493758	LD_0.9_7_1553
HPT53	0.000010	0.000010	0.999940	0.000010	0.000010	0.000010	0.000010	LD_0.9_7_1553
HPT54	0.000010	0.000010	0.999940	0.000010	0.000010	0.000010	0.000010	LD_0.9_7_1553
HPT55	0.000010	0.000010	0.999940	0.000010	0.000010	0.000010	0.000010	LD_0.9_7_1553
HPT59	0.000010	0.000010	0.999940	0.000010	0.000010	0.000010	0.000010	LD_0.9_7_1553
HPT60	0.000014	0.000010	0.999935	0.000011	0.000010	0.000010	0.000010	LD_0.9_7_1553
HPT62	0.000010	0.000010	0.000010	0.000010	0.000010	0.000010	0.999940	LD_0.9_7_1553
HPT63	0.000011	0.000010	0.981181	0.018765	0.000013	0.000010	0.000010	LD_0.9_7_1553
HPT7	0.000012	0.000010	0.425665	0.574283	0.000010	0.000010	0.000010	LD_0.9_7_1553
HPT8	0.000012	0.000010	0.441131	0.558817	0.000010	0.000010	0.000010	LD_0.9_7_1553
HPT9	0.000010	0.000010	0.057569	0.942381	0.000010	0.000010	0.000010	LD_0.9_7_1553
JU1085	0.999940	0.000010	0.000010	0.000010	0.000010	0.000010	0.000010	LD_0.9_7_1553
JU1337	0.000010	0.000010	0.956705	0.000010	0.000010	0.000010	0.043245	LD_0.9_7_1553
JU1338	0.000010	0.000010	0.000010	0.999940	0.000010	0.000010	0.000010	LD_0.9_7_1553
JU1341	0.000010	0.000010	0.000010	0.000010	0.999940	0.000010	0.000010	LD_0.9_7_1553
JU1346	0.000010	0.000010	0.000010	0.999940	0.000010	0.000010	0.000010	LD_0.9_7_1553
JU1347	0.000010	0.000010	0.999940	0.000010	0.000010	0.000010	0.000010	LD_0.9_7_1553
JU1348	0.000010	0.000010	0.000010	0.000010	0.999940	0.000010	0.000010	LD_0.9_7_1553
JU1375	0.000010	0.000010	0.999940	0.000010	0.000010	0.000010	0.000010	LD_0.9_7_1553
JU1377	0.000010	0.000010	0.999940	0.000010	0.000010	0.000010	0.000010	LD_0.9_7_1553
JU1378	0.000010	0.000010	0.999940	0.000010	0.000010	0.000010	0.000010	LD_0.9_7_1553
JU1392	0.000010	0.000010	0.999940	0.000010	0.000010	0.000010	0.000010	LD_0.9_7_1553
JU1399	0.000010	0.000010	0.444734	0.424792	0.000010	0.000010	0.130434	LD_0.9_7_1553
JU1424	0.000010	0.000014	0.000010	0.999929	0.000010	0.000017	0.000010	LD_0.9_7_1553
JU1435	0.000010	0.000010	0.999940	0.000010	0.000010	0.000010	0.000010	LD_0.9_7_1553
JU1564	0.999940	0.000010	0.000010	0.000010	0.000010	0.000010	0.000010	LD_0.9_7_1553
JU1637	0.000010	0.000010	0.989370	0.010578	0.000010	0.000012	0.000010	LD_0.9_7_1553
JU1638	0.000010	0.000010	0.999940	0.000010	0.000010	0.000010	0.000010	LD_0.9_7_1553
JU1794	0.000010	0.000010	0.922939	0.064838	0.000010	0.001046	0.011147	LD_0.9_7_1553
JU1795	0.000010	0.000013	0.999937	0.000010	0.000010	0.000010	0.000010	LD_0.9_7_1553
JU1799	0.000010	0.000010	0.999940	0.000010	0.000010	0.000010	0.000010	LD_0.9_7_1553
JU1802	0.000010	0.000010	0.999940	0.000010	0.000010	0.000010	0.000010	LD_0.9_7_1553
JU1814	0.000014	0.000010	0.630742	0.369204	0.000010	0.000010	0.000010	LD_0.9_7_1553
JU1884	0.000010	0.000010	0.999940	0.000010	0.000010	0.000010	0.000010	LD_0.9_7_1553
JU1885	0.000010	0.000010	0.922738	0.000010	0.000010	0.000010	0.077212	LD_0.9_7_1553
JU1907	0.000010	0.000019	0.999931	0.000010	0.000010	0.000010	0.000010	LD_0.9_7_1553
JU1908	0.000010	0.000010	0.999940	0.000010	0.000010	0.000010	0.000010	LD_0.9_7_1553
JU1909	0.000010	0.000010	0.999940	0.000010	0.000010	0.000010	0.000010	LD_0.9_7_1553
JU1913	0.000010	0.000010	0.488783	0.000010	0.000010	0.000010	0.511167	LD_0.9_7_1553
JU2053	0.000010	0.000010	0.999940	0.000010	0.000010	0.000010	0.000010	LD_0.9_7_1553
JU2054	0.000010	0.000010	0.999940	0.000010	0.000010	0.000010	0.000010	LD_0.9_7_1553
JU2056	0.000010	0.000010	0.999940	0.000010	0.000010	0.000010	0.000010	LD_0.9_7_1553
JU2057	0.000010	0.000010	0.010057	0.000010	0.000010	0.000010	0.989893	LD_0.9_7_1553
JU2160	0.000010	0.000010	0.000010	0.000010	0.000010	0.000010	0.999940	LD_0.9_7_1553
JU2162	0.000010	0.000010	0.000010	0.000010	0.000010	0.000010	0.999940	LD_0.9_7_1553
JU2214	0.000010	0.000013	0.790785	0.000010	0.000010	0.000010	0.209162	LD_0.9_7_1553
JU2216	0.000016	0.000017	0.000016	0.000010	0.000012	0.999919	0.000010	LD_0.9_7_1553
JU2457	0.442565	0.000010	0.349707	0.204521	0.000010	0.000010	0.003177	LD_0.9_7_1553
JU2470	0.000010	0.000010	0.000010	0.000010	0.000010	0.006943	0.993007	LD_0.9_7_1553
JU2472	0.000010	0.000010	0.994193	0.005757	0.000010	0.000010	0.000010	LD_0.9_7_1553
JU2507	0.000010	0.000010	0.000010	0.000010	0.000010	0.000010	0.999940	LD_0.9_7_1553
JU2518	0.000010	0.000011	0.000010	0.999939	0.000010	0.000010	0.000010	LD_0.9_7_1553
JU2536	0.999940	0.000010	0.000010	0.000010	0.000010	0.000010	0.000010	LD_0.9_7_1553
JU2618	0.000014	0.000010	0.241978	0.100121	0.000010	0.000010	0.657858	LD_0.9_7_1553
JU2799	0.000010	0.000010	0.999940	0.000010	0.000010	0.000010	0.000010	LD_0.9_7_1553
JU2836	0.000010	0.000010	0.761190	0.000010	0.000010	0.000010	0.238760	LD_0.9_7_1553
JU2849	0.000010	0.000010	0.000010	0.999940	0.000010	0.000010	0.000010	LD_0.9_7_1553
JU2861	0.000010	0.000010	0.999940	0.000010	0.000010	0.000010	0.000010	LD_0.9_7_1553
JU2868	0.000010	0.000010	0.999940	0.000010	0.000010	0.000010	0.000010	LD_0.9_7_1553
JU2872	0.999940	0.000010	0.000010	0.000010	0.000010	0.000010	0.000010	LD_0.9_7_1553
JU2910	0.000010	0.000010	0.684923	0.255416	0.000010	0.000010	0.059621	LD_0.9_7_1553
JU3168	0.645693	0.083169	0.154787	0.000010	0.029598	0.086732	0.000010	LD_0.9_7_1553
JU3171	0.000010	0.000010	0.999940	0.000010	0.000010	0.000010	0.000010	LD_0.9_7_1553
JU3199	0.000010	0.000010	0.000010	0.000010	0.999940	0.000010	0.000010	LD_0.9_7_1553
JU3200	0.000010	0.000010	0.000010	0.000010	0.999940	0.000010	0.000010	LD_0.9_7_1553
JU3201	0.000010	0.000010	0.000010	0.000010	0.999940	0.000010	0.000010	LD_0.9_7_1553
JU3202	0.000010	0.000010	0.000010	0.000010	0.999940	0.000010	0.000010	LD_0.9_7_1553
JU3203	0.000010	0.000010	0.000010	0.000010	0.999940	0.000010	0.000010	LD_0.9_7_1553
JU3206	0.000010	0.000010	0.000010	0.000010	0.999940	0.000010	0.000010	LD_0.9_7_1553
JU3207	0.000010	0.000010	0.999940	0.000010	0.000010	0.000010	0.000010	LD_0.9_7_1553
JU3237	0.000010	0.000010	0.007722	0.000010	0.000010	0.000010	0.992228	LD_0.9_7_1553
JU3281	0.000010	0.000010	0.999940	0.000010	0.000010	0.000010	0.000010	LD_0.9_7_1553
JU3319	0.000010	0.000010	0.107529	0.892421	0.000010	0.000010	0.000010	LD_0.9_7_1553
JU3321	0.000010	0.000010	0.999940	0.000010	0.000010	0.000010	0.000010	LD_0.9_7_1553
JU3326	0.616074	0.115555	0.160101	0.000010	0.000010	0.108240	0.000010	LD_0.9_7_1553
JU3327	0.000010	0.000010	0.927742	0.072208	0.000010	0.000010	0.000010	LD_0.9_7_1553
JU3416	0.897814	0.000010	0.089945	0.000010	0.000010	0.012200	0.000010	LD_0.9_7_1553
JU4042	0.000010	0.000010	0.999932	0.000018	0.000010	0.000010	0.000010	LD_0.9_7_1553
JU4051	0.000010	0.000010	0.000010	0.999940	0.000010	0.000010	0.000010	LD_0.9_7_1553
JU4058	0.000010	0.000010	0.000010	0.999940	0.000010	0.000010	0.000010	LD_0.9_7_1553
JU4060	0.000010	0.000010	0.000010	0.999940	0.000010	0.000010	0.000010	LD_0.9_7_1553
JU4062	0.000010	0.000010	0.000010	0.999940	0.000010	0.000010	0.000010	LD_0.9_7_1553
JU4064	0.000010	0.000010	0.000010	0.999940	0.000010	0.000010	0.000010	LD_0.9_7_1553
JU4080	0.000010	0.000010	0.999940	0.000010	0.000010	0.000010	0.000010	LD_0.9_7_1553
JU4084	0.000010	0.000010	0.000010	0.999940	0.000010	0.000010	0.000010	LD_0.9_7_1553
JU4097	0.000010	0.000010	0.000010	0.999940	0.000010	0.000010	0.000010	LD_0.9_7_1553
JU725	0.000010	0.000010	0.139437	0.860513	0.000010	0.000010	0.000010	LD_0.9_7_1553
MY2716	0.000010	0.000010	0.999940	0.000010	0.000010	0.000010	0.000010	LD_0.9_7_1553
MY539	0.000010	0.000010	0.999940	0.000010	0.000010	0.000010	0.000010	LD_0.9_7_1553
NIC1050	0.000010	0.000010	0.102370	0.502035	0.000010	0.000010	0.395554	LD_0.9_7_1553
NIC1052	0.000010	0.000010	0.159152	0.219113	0.000010	0.000010	0.621695	LD_0.9_7_1553
NIC1054	0.000010	0.000010	0.093092	0.629719	0.000010	0.000010	0.277149	LD_0.9_7_1553
NIC1055	0.000010	0.000010	0.099799	0.473096	0.000010	0.000010	0.427065	LD_0.9_7_1553
NIC1057	0.000010	0.000018	0.000010	0.542026	0.000010	0.000010	0.457917	LD_0.9_7_1553
NIC1058	0.000010	0.000010	0.031797	0.517237	0.000010	0.000010	0.450927	LD_0.9_7_1553
NIC1059	0.000010	0.000010	0.039679	0.576475	0.000010	0.000010	0.383806	LD_0.9_7_1553
NIC1060	0.000010	0.000010	0.118521	0.600178	0.000010	0.000010	0.281262	LD_0.9_7_1553
NIC1062	0.000019	0.000010	0.584622	0.206867	0.000010	0.000010	0.208461	LD_0.9_7_1553
NIC1069	0.000020	0.000010	0.863543	0.093782	0.000010	0.000010	0.042625	LD_0.9_7_1553
NIC1103	0.000017	0.000010	0.107551	0.470084	0.000013	0.000010	0.422315	LD_0.9_7_1553
NIC1104	0.000010	0.000010	0.894086	0.000010	0.000010	0.000010	0.105864	LD_0.9_7_1553
NIC1106	0.000010	0.000011	0.491103	0.290194	0.000010	0.000010	0.218662	LD_0.9_7_1553
NIC1117	0.000010	0.000010	0.999940	0.000010	0.000010	0.000010	0.000010	LD_0.9_7_1553
NIC1123	0.000010	0.000010	0.000010	0.999940	0.000010	0.000010	0.000010	LD_0.9_7_1553
NIC1124	0.000010	0.000010	0.000010	0.999940	0.000010	0.000010	0.000010	LD_0.9_7_1553
NIC1135	0.000010	0.000010	0.000010	0.954457	0.000010	0.000010	0.045493	LD_0.9_7_1553
NIC1138	0.000010	0.000010	0.000010	0.999940	0.000010	0.000010	0.000010	LD_0.9_7_1553
NIC1141	0.000010	0.000012	0.000010	0.999938	0.000010	0.000010	0.000010	LD_0.9_7_1553
NIC115	0.000010	0.000010	0.572158	0.427792	0.000010	0.000010	0.000010	LD_0.9_7_1553
NIC117	0.000019	0.000011	0.533887	0.466051	0.000010	0.000012	0.000010	LD_0.9_7_1553
NIC1183	0.000010	0.000011	0.000010	0.999205	0.000010	0.000010	0.000744	LD_0.9_7_1553
NIC119	0.000014	0.000010	0.513400	0.486546	0.000010	0.000010	0.000010	LD_0.9_7_1553
NIC1190	0.000011	0.000010	0.000010	0.999939	0.000010	0.000010	0.000010	LD_0.9_7_1553
NIC1202	0.000015	0.000017	0.903934	0.096004	0.000010	0.000010	0.000010	LD_0.9_7_1553
NIC1204	0.000010	0.000010	0.844664	0.155286	0.000010	0.000010	0.000010	LD_0.9_7_1553
NIC1205	0.000010	0.000012	0.000010	0.000010	0.000010	0.999938	0.000010	LD_0.9_7_1553
NIC1218	0.000010	0.000010	0.999940	0.000010	0.000010	0.000010	0.000010	LD_0.9_7_1553
NIC1220	0.000015	0.000010	0.000010	0.000014	0.000010	0.999931	0.000010	LD_0.9_7_1553
NIC1221	0.000010	0.000010	0.868337	0.131613	0.000010	0.000010	0.000010	LD_0.9_7_1553
NIC123	0.000010	0.000010	0.558816	0.441134	0.000010	0.000010	0.000010	LD_0.9_7_1553
NIC1267	0.000010	0.000010	0.397129	0.602821	0.000010	0.000010	0.000010	LD_0.9_7_1553
NIC1283	0.000010	0.000010	0.067766	0.850023	0.000010	0.000010	0.082170	LD_0.9_7_1553
NIC1288	0.000010	0.000010	0.000010	0.759791	0.000010	0.000010	0.240159	LD_0.9_7_1553
NIC1292	0.000010	0.000010	0.000010	0.837897	0.000010	0.000010	0.162053	LD_0.9_7_1553
NIC1302	0.000010	0.000010	0.017675	0.962560	0.000010	0.000010	0.019725	LD_0.9_7_1553
NIC1304	0.000010	0.000010	0.000010	0.846249	0.000014	0.000010	0.153697	LD_0.9_7_1553
NIC1308	0.000015	0.000012	0.164282	0.835655	0.000015	0.000010	0.000010	LD_0.9_7_1553
NIC1407	0.000010	0.000010	0.000010	0.851061	0.000010	0.000010	0.148889	LD_0.9_7_1553
NIC1421	0.000010	0.000010	0.324013	0.484910	0.000018	0.000010	0.191030	LD_0.9_7_1553
NIC1423	0.000012	0.000010	0.000010	0.709426	0.000010	0.000010	0.290522	LD_0.9_7_1553
NIC1442	0.000010	0.000010	0.000010	0.999940	0.000010	0.000010	0.000010	LD_0.9_7_1553
NIC1491	0.000010	0.000010	0.000010	0.999940	0.000010	0.000010	0.000010	LD_0.9_7_1553
NIC1525	0.000017	0.000010	0.999932	0.000011	0.000010	0.000010	0.000010	LD_0.9_7_1553
NIC1528	0.000010	0.000010	0.999936	0.000014	0.000010	0.000010	0.000010	LD_0.9_7_1553
NIC1529	0.000010	0.000010	0.999940	0.000010	0.000010	0.000010	0.000010	LD_0.9_7_1553
NIC1533	0.000010	0.000010	0.999940	0.000010	0.000010	0.000010	0.000010	LD_0.9_7_1553
NIC1535	0.000010	0.000010	0.999940	0.000010	0.000010	0.000010	0.000010	LD_0.9_7_1553
NIC1539	0.000015	0.000010	0.000010	0.000016	0.000010	0.999929	0.000010	LD_0.9_7_1553
NIC1540	0.000013	0.999929	0.000018	0.000010	0.000010	0.000010	0.000010	LD_0.9_7_1553
NIC1562	0.000010	0.000018	0.000017	0.000010	0.000010	0.999925	0.000010	LD_0.9_7_1553
NIC1589	0.000010	0.999940	0.000010	0.000010	0.000010	0.000010	0.000010	LD_0.9_7_1553
NIC1590	0.000013	0.000013	0.000010	0.000016	0.000011	0.999927	0.000010	LD_0.9_7_1553
NIC1591	0.000016	0.999934	0.000010	0.000010	0.000010	0.000010	0.000010	LD_0.9_7_1553
NIC1593	0.000010	0.999935	0.000015	0.000010	0.000010	0.000010	0.000010	LD_0.9_7_1553
NIC1595	0.000010	0.000010	0.000010	0.000010	0.000010	0.999940	0.000010	LD_0.9_7_1553
NIC1598	0.000014	0.000010	0.011233	0.000010	0.000010	0.988714	0.000010	LD_0.9_7_1553
NIC1602	0.000010	0.000017	0.000010	0.000010	0.000010	0.999933	0.000010	LD_0.9_7_1553
NIC1607	0.000010	0.644474	0.133839	0.000010	0.000010	0.221647	0.000010	LD_0.9_7_1553
NIC1628	0.000010	0.000010	0.999940	0.000010	0.000010	0.000010	0.000010	LD_0.9_7_1553
NIC1630	0.000010	0.000010	0.000010	0.000010	0.000010	0.999940	0.000010	LD_0.9_7_1553
NIC1631	0.000014	0.000010	0.000010	0.000010	0.000010	0.999936	0.000010	LD_0.9_7_1553
NIC1632	0.999940	0.000010	0.000010	0.000010	0.000010	0.000010	0.000010	LD_0.9_7_1553
NIC1633	0.999940	0.000010	0.000010	0.000010	0.000010	0.000010	0.000010	LD_0.9_7_1553
NIC1635	0.999940	0.000010	0.000010	0.000010	0.000010	0.000010	0.000010	LD_0.9_7_1553
NIC1645	0.000010	0.000011	0.000010	0.000017	0.000010	0.999932	0.000010	LD_0.9_7_1553
NIC1660	0.000010	0.000010	0.000010	0.000010	0.000010	0.999940	0.000010	LD_0.9_7_1553
NIC1661	0.000010	0.000013	0.000010	0.000018	0.000010	0.999929	0.000010	LD_0.9_7_1553
NIC1662	0.000010	0.000011	0.000010	0.000010	0.000010	0.999939	0.000010	LD_0.9_7_1553
NIC1663	0.000010	0.000010	0.000018	0.000012	0.000010	0.999929	0.000010	LD_0.9_7_1553
NIC1664	0.000010	0.999940	0.000010	0.000010	0.000010	0.000010	0.000010	LD_0.9_7_1553
NIC1665	0.000010	0.999940	0.000010	0.000010	0.000010	0.000010	0.000010	LD_0.9_7_1553
NIC1666	0.000010	0.000012	0.000011	0.000016	0.000011	0.999930	0.000010	LD_0.9_7_1553
NIC1667	0.000010	0.000013	0.000018	0.000017	0.000010	0.999922	0.000010	LD_0.9_7_1553
NIC1681	0.000010	0.000010	0.000010	0.000010	0.000010	0.999940	0.000010	LD_0.9_7_1553
NIC1688	0.000010	0.000010	0.999940	0.000010	0.000010	0.000010	0.000010	LD_0.9_7_1553
NIC1692	0.000010	0.000010	0.000010	0.000010	0.000010	0.999940	0.000010	LD_0.9_7_1553
NIC1693	0.000012	0.000012	0.000012	0.000010	0.000010	0.999935	0.000010	LD_0.9_7_1553
NIC17	0.000010	0.000010	0.999940	0.000010	0.000010	0.000010	0.000010	LD_0.9_7_1553
NIC174	0.999940	0.000010	0.000010	0.000010	0.000010	0.000010	0.000010	LD_0.9_7_1553
NIC187	0.000017	0.000010	0.491349	0.508594	0.000010	0.000010	0.000010	LD_0.9_7_1553
NIC188	0.000017	0.000017	0.435705	0.564221	0.000010	0.000019	0.000010	LD_0.9_7_1553
NIC19	0.000010	0.999938	0.000010	0.000012	0.000010	0.000010	0.000010	LD_0.9_7_1553
NIC191	0.000010	0.000010	0.593937	0.406013	0.000010	0.000010	0.000010	LD_0.9_7_1553
NIC20	0.000010	0.999940	0.000010	0.000010	0.000010	0.000010	0.000010	LD_0.9_7_1553
NIC21	0.000010	0.999940	0.000010	0.000010	0.000010	0.000010	0.000010	LD_0.9_7_1553
NIC22	0.000010	0.999930	0.000020	0.000010	0.000010	0.000010	0.000010	LD_0.9_7_1553
NIC2369	0.000010	0.000010	0.000015	0.999935	0.000010	0.000010	0.000010	LD_0.9_7_1553
NIC248	0.000010	0.000010	0.619158	0.380792	0.000010	0.000010	0.000010	LD_0.9_7_1553
NIC250	0.000010	0.000010	0.633247	0.366703	0.000010	0.000010	0.000010	LD_0.9_7_1553
NIC2527	0.000010	0.000010	0.999940	0.000010	0.000010	0.000010	0.000010	LD_0.9_7_1553
NIC309	0.000010	0.000010	0.082039	0.885655	0.000010	0.000010	0.032266	LD_0.9_7_1553
NIC325	0.000010	0.000010	0.079491	0.889353	0.000010	0.000010	0.031116	LD_0.9_7_1553
NIC327	0.000010	0.000010	0.000011	0.661885	0.000013	0.000010	0.338061	LD_0.9_7_1553
NIC329	0.000010	0.000010	0.049186	0.732646	0.000010	0.000010	0.218128	LD_0.9_7_1553
NIC330	0.000010	0.000010	0.055930	0.771217	0.000010	0.000010	0.172813	LD_0.9_7_1553
NIC331	0.000010	0.000010	0.153606	0.618858	0.000010	0.000010	0.227496	LD_0.9_7_1553
NIC332	0.000010	0.000010	0.006532	0.663453	0.000010	0.000010	0.329975	LD_0.9_7_1553
NIC333	0.000011	0.000014	0.000010	0.837961	0.000010	0.000010	0.161984	LD_0.9_7_1553
NIC343	0.000010	0.000010	0.983510	0.016439	0.000010	0.000011	0.000010	LD_0.9_7_1553
NIC392	0.000010	0.000013	0.495473	0.504475	0.000010	0.000010	0.000010	LD_0.9_7_1553
NIC400	0.000010	0.000010	0.000010	0.700751	0.000010	0.000010	0.299199	LD_0.9_7_1553
NIC402	0.000010	0.000010	0.027901	0.652109	0.000010	0.000010	0.319950	LD_0.9_7_1553
NIC419	0.000010	0.000010	0.000019	0.999931	0.000010	0.000010	0.000010	LD_0.9_7_1553
NIC504	0.000013	0.000013	0.000010	0.000020	0.000010	0.999924	0.000010	LD_0.9_7_1553
NIC505	0.000011	0.000010	0.000012	0.000010	0.000010	0.999937	0.000010	LD_0.9_7_1553
NIC518	0.000012	0.000010	0.000017	0.000010	0.000010	0.999931	0.000010	LD_0.9_7_1553
NIC519	0.000017	0.000010	0.000016	0.000018	0.000010	0.999919	0.000010	LD_0.9_7_1553
NIC532	0.000010	0.000010	0.644044	0.355897	0.000019	0.000010	0.000010	LD_0.9_7_1553
NIC541	0.000010	0.000010	0.192912	0.249602	0.000010	0.000010	0.557446	LD_0.9_7_1553
NIC549	0.000010	0.000010	0.925723	0.074227	0.000010	0.000010	0.000010	LD_0.9_7_1553
NIC552	0.000010	0.000013	0.880955	0.087740	0.000010	0.000010	0.031263	LD_0.9_7_1553
NIC555	0.000010	0.000010	0.559395	0.315449	0.000010	0.000010	0.125117	LD_0.9_7_1553
NIC574	0.000010	0.000010	0.885198	0.107565	0.000010	0.000010	0.007197	LD_0.9_7_1553
NIC578	0.000010	0.000013	0.516884	0.483062	0.000010	0.000010	0.000010	LD_0.9_7_1553
NIC583	0.000010	0.000010	0.489678	0.454015	0.000010	0.000010	0.056267	LD_0.9_7_1553
NIC590	0.000010	0.000010	0.152414	0.747319	0.000010	0.000010	0.100227	LD_0.9_7_1553
NIC593	0.000010	0.000012	0.965584	0.034364	0.000010	0.000010	0.000010	LD_0.9_7_1553
NIC60	0.000010	0.000010	0.111551	0.888399	0.000010	0.000010	0.000010	LD_0.9_7_1553
NIC61	0.000010	0.000010	0.900123	0.095774	0.000010	0.000010	0.004063	LD_0.9_7_1553
NIC62	0.000010	0.000010	0.519603	0.480347	0.000010	0.000010	0.000010	LD_0.9_7_1553
NIC67	0.000010	0.000010	0.000010	0.999940	0.000010	0.000010	0.000010	LD_0.9_7_1553
NIC758	0.000010	0.000010	0.276776	0.615955	0.000010	0.000010	0.107229	LD_0.9_7_1553
NIC777	0.000010	0.000015	0.456319	0.409029	0.000010	0.000010	0.134608	LD_0.9_7_1553
NIC779	0.000012	0.000015	0.000010	0.000020	0.000010	0.999923	0.000010	LD_0.9_7_1553
NIC790	0.000010	0.000010	0.999940	0.000010	0.000010	0.000010	0.000010	LD_0.9_7_1553
NIC791	0.000010	0.000010	0.070973	0.000010	0.000010	0.000010	0.928977	LD_0.9_7_1553
NIC792	0.000010	0.000010	0.667414	0.000010	0.000010	0.000010	0.332536	LD_0.9_7_1553
NIC793	0.000010	0.000010	0.999940	0.000010	0.000010	0.000010	0.000010	LD_0.9_7_1553
NIC795	0.000010	0.000010	0.999940	0.000010	0.000010	0.000010	0.000010	LD_0.9_7_1553
NIC796	0.000010	0.006812	0.993138	0.000010	0.000010	0.000010	0.000010	LD_0.9_7_1553
NIC802	0.000010	0.000010	0.999940	0.000010	0.000010	0.000010	0.000010	LD_0.9_7_1553
NIC803	0.000010	0.000010	0.999940	0.000010	0.000010	0.000010	0.000010	LD_0.9_7_1553
NIC805	0.000016	0.000010	0.000010	0.000010	0.000010	0.999934	0.000010	LD_0.9_7_1553
NIC811	0.000010	0.000010	0.999938	0.000012	0.000010	0.000010	0.000010	LD_0.9_7_1553
NIC814	0.000013	0.000012	0.000014	0.000018	0.000010	0.999923	0.000010	LD_0.9_7_1553
NIC815	0.000012	0.000010	0.000010	0.000010	0.000010	0.999937	0.000010	LD_0.9_7_1553
NIC816	0.000010	0.999931	0.000019	0.000010	0.000010	0.000010	0.000010	LD_0.9_7_1553
NIC819	0.000010	0.638497	0.152388	0.000010	0.000010	0.209074	0.000010	LD_0.9_7_1553
NIC821	0.000010	0.000010	0.983229	0.011360	0.000010	0.000010	0.005371	LD_0.9_7_1553
NIC822	0.000010	0.000017	0.000010	0.000010	0.000010	0.999933	0.000010	LD_0.9_7_1553
NIC824	0.000013	0.000013	0.000010	0.000016	0.000010	0.999928	0.000010	LD_0.9_7_1553
NIC825	0.000010	0.999939	0.000010	0.000010	0.000011	0.000010	0.000010	LD_0.9_7_1553
NIC827	0.000010	0.999939	0.000010	0.000010	0.000011	0.000010	0.000010	LD_0.9_7_1553
NIC828	0.000010	0.999932	0.000010	0.000010	0.000018	0.000010	0.000010	LD_0.9_7_1553
NIC863	0.000013	0.000013	0.000017	0.000018	0.000010	0.999919	0.000010	LD_0.9_7_1553
NIC864	0.000010	0.000010	0.000010	0.000010	0.000010	0.999940	0.000010	LD_0.9_7_1553
NIC865	0.000012	0.000015	0.000015	0.000017	0.000010	0.999921	0.000010	LD_0.9_7_1553
NIC871	0.000010	0.000010	0.999940	0.000010	0.000010	0.000010	0.000010	LD_0.9_7_1553
NIC883	0.000010	0.000010	0.999940	0.000010	0.000010	0.000010	0.000010	LD_0.9_7_1553
NIC889	0.000010	0.000017	0.000010	0.000010	0.000010	0.999933	0.000010	LD_0.9_7_1553
NIC893	0.115097	0.574179	0.148976	0.000010	0.000010	0.161717	0.000010	LD_0.9_7_1553
NIC897	0.000013	0.000015	0.000010	0.000010	0.000013	0.999930	0.000010	LD_0.9_7_1553
NIC899	0.999940	0.000010	0.000010	0.000010	0.000010	0.000010	0.000010	LD_0.9_7_1553
NIC901	0.000010	0.000010	0.999940	0.000010	0.000010	0.000010	0.000010	LD_0.9_7_1553
NIC911	0.000010	0.000010	0.956439	0.043511	0.000010	0.000010	0.000010	LD_0.9_7_1553
NIC96	0.000010	0.000010	0.000010	0.999940	0.000010	0.000010	0.000010	LD_0.9_7_1553
NIC984	0.000010	0.000010	0.976861	0.023083	0.000010	0.000016	0.000010	LD_0.9_7_1553
NIC985	0.000011	0.000013	0.724252	0.275694	0.000010	0.000010	0.000010	LD_0.9_7_1553
PB800	0.999940	0.000010	0.000010	0.000010	0.000010	0.000010	0.000010	LD_0.9_7_1553
PB857	0.999940	0.000010	0.000010	0.000010	0.000010	0.000010	0.000010	LD_0.9_7_1553
PE887	0.000010	0.000010	0.999940	0.000010	0.000010	0.000010	0.000010	LD_0.9_7_1553
QG1005	0.000010	0.000010	0.033451	0.000010	0.000010	0.000010	0.966499	LD_0.9_7_1553
QG1007	0.000010	0.000010	0.000010	0.000010	0.000010	0.000010	0.999940	LD_0.9_7_1553
QG1111	0.000010	0.000010	0.000010	0.000010	0.000010	0.000010	0.999940	LD_0.9_7_1553
QG1126	0.000010	0.000010	0.000010	0.000010	0.000010	0.000010	0.999940	LD_0.9_7_1553
QG1141	0.000010	0.000010	0.000010	0.000010	0.000010	0.000010	0.999940	LD_0.9_7_1553
QG1155	0.000010	0.000010	0.005026	0.000010	0.000010	0.000010	0.994924	LD_0.9_7_1553
QG130	0.000010	0.000010	0.999940	0.000010	0.000010	0.000010	0.000010	LD_0.9_7_1553
QG132	0.000010	0.000010	0.999940	0.000010	0.000010	0.000010	0.000010	LD_0.9_7_1553
QG133	0.000014	0.000018	0.021432	0.000010	0.000014	0.978502	0.000010	LD_0.9_7_1553
QG2641	0.000010	0.000010	0.000010	0.000010	0.000010	0.000010	0.999940	LD_0.9_7_1553
QG2648	0.000010	0.000010	0.000010	0.000010	0.000010	0.000010	0.999940	LD_0.9_7_1553
QG2659	0.000010	0.000010	0.000010	0.000010	0.000010	0.000010	0.999940	LD_0.9_7_1553
QG2663	0.000010	0.000010	0.000010	0.000010	0.000010	0.000010	0.999940	LD_0.9_7_1553
QG2665	0.000010	0.000010	0.000010	0.000010	0.000010	0.000010	0.999940	LD_0.9_7_1553
QG2683	0.000010	0.000010	0.000010	0.000010	0.000010	0.000010	0.999940	LD_0.9_7_1553
QG2736	0.000010	0.000010	0.000010	0.000010	0.000010	0.000010	0.999940	LD_0.9_7_1553
QG2814	0.000010	0.000010	0.999940	0.000010	0.000010	0.000010	0.000010	LD_0.9_7_1553
QG2820	0.000010	0.000010	0.999940	0.000010	0.000010	0.000010	0.000010	LD_0.9_7_1553
QG2848	0.000010	0.000010	0.999940	0.000010	0.000010	0.000010	0.000010	LD_0.9_7_1553
QG2880	0.000010	0.000010	0.000010	0.000010	0.000010	0.000010	0.999940	LD_0.9_7_1553
QG2881	0.000010	0.000010	0.999940	0.000010	0.000010	0.000010	0.000010	LD_0.9_7_1553
QG2883	0.000010	0.000010	0.999940	0.000010	0.000010	0.000010	0.000010	LD_0.9_7_1553
QG2884	0.000010	0.000010	0.000010	0.000010	0.000010	0.000010	0.999940	LD_0.9_7_1553
QG2891	0.000010	0.000010	0.000018	0.000010	0.999932	0.000010	0.000010	LD_0.9_7_1553
QG2892	0.000010	0.000010	0.000010	0.000010	0.000010	0.000010	0.999940	LD_0.9_7_1553
QG2893	0.000010	0.000010	0.000010	0.000010	0.999940	0.000010	0.000010	LD_0.9_7_1553
QG2895	0.000010	0.000010	0.000010	0.000010	0.000010	0.000010	0.999940	LD_0.9_7_1553
QG2902	0.000010	0.000010	0.000010	0.000010	0.000010	0.000010	0.999940	LD_0.9_7_1553
QG2903	0.000010	0.000010	0.000010	0.000010	0.000010	0.000010	0.999940	LD_0.9_7_1553
QG2906	0.000010	0.000010	0.000010	0.000010	0.000010	0.000010	0.999940	LD_0.9_7_1553
QG2908	0.000010	0.000010	0.000010	0.000010	0.999940	0.000010	0.000010	LD_0.9_7_1553
QG2910	0.000010	0.000010	0.999940	0.000010	0.000010	0.000010	0.000010	LD_0.9_7_1553
QG2919	0.000010	0.000010	0.000010	0.000010	0.999940	0.000010	0.000010	LD_0.9_7_1553
QG2923	0.000010	0.000010	0.000010	0.000010	0.000010	0.000010	0.999940	LD_0.9_7_1553
QG2925	0.000010	0.000010	0.000010	0.000010	0.000010	0.000010	0.999940	LD_0.9_7_1553
QG2964	0.000010	0.000010	0.000011	0.000010	0.000010	0.000010	0.999939	LD_0.9_7_1553
QG2966	0.000010	0.000010	0.408627	0.000010	0.000010	0.000010	0.591323	LD_0.9_7_1553
QG2969	0.000010	0.000010	0.000010	0.000010	0.000010	0.000010	0.999940	LD_0.9_7_1553
QG2972	0.000010	0.000010	0.000010	0.000010	0.000010	0.000010	0.999940	LD_0.9_7_1553
QG2996	0.000010	0.000010	0.000010	0.000010	0.000010	0.000010	0.999940	LD_0.9_7_1553
QG3004	0.000010	0.000010	0.191991	0.000010	0.000010	0.000010	0.807959	LD_0.9_7_1553
QG3006	0.000010	0.000010	0.000010	0.000010	0.000010	0.000010	0.999940	LD_0.9_7_1553
QG3019	0.000010	0.000010	0.070374	0.025679	0.000010	0.000010	0.903907	LD_0.9_7_1553
QG3025	0.000010	0.000010	0.000010	0.000010	0.000010	0.000010	0.999940	LD_0.9_7_1553
QG3030	0.000010	0.000010	0.000010	0.000013	0.000010	0.000010	0.999937	LD_0.9_7_1553
QG3032	0.000010	0.000010	0.216903	0.002455	0.000014	0.000010	0.780598	LD_0.9_7_1553
QG3034	0.000010	0.000010	0.000010	0.000010	0.000010	0.000010	0.999940	LD_0.9_7_1553
QG3041	0.000010	0.000010	0.000010	0.000010	0.000010	0.000010	0.999940	LD_0.9_7_1553
QG3053	0.000010	0.000010	0.999935	0.000015	0.000010	0.000010	0.000010	LD_0.9_7_1553
QG3056	0.000010	0.000010	0.411986	0.000010	0.000010	0.000010	0.587964	LD_0.9_7_1553
QG3057	0.000010	0.000010	0.000010	0.000010	0.000010	0.000010	0.999940	LD_0.9_7_1553
QG3058	0.000010	0.000010	0.056785	0.000010	0.000010	0.000010	0.943165	LD_0.9_7_1553
QG3527	0.000010	0.000010	0.779406	0.072144	0.000010	0.000010	0.148410	LD_0.9_7_1553
QG3661	0.999937	0.000010	0.000013	0.000010	0.000010	0.000010	0.000010	LD_0.9_7_1553
QG3783	0.000010	0.000010	0.887072	0.000010	0.000010	0.000010	0.112878	LD_0.9_7_1553
QG3801	0.000010	0.000010	0.037015	0.000010	0.000010	0.000010	0.962935	LD_0.9_7_1553
QG3815	0.000017	0.000012	0.670922	0.264323	0.000010	0.000010	0.064705	LD_0.9_7_1553
QG3816	0.000010	0.000010	0.897217	0.005437	0.000010	0.000010	0.097306	LD_0.9_7_1553
QG3823	0.000010	0.000010	0.000010	0.046461	0.000010	0.000010	0.953489	LD_0.9_7_1553
QG3825	0.000013	0.000010	0.962320	0.000010	0.000010	0.000010	0.037628	LD_0.9_7_1553
QG3826	0.000010	0.000010	0.882297	0.000010	0.000014	0.000010	0.117649	LD_0.9_7_1553
QG3837	0.000010	0.000010	0.915702	0.077610	0.000010	0.000010	0.006648	LD_0.9_7_1553
QG3851	0.000010	0.000010	0.867123	0.000010	0.000010	0.000010	0.132826	LD_0.9_7_1553
QG3861	0.000010	0.000010	0.853193	0.059899	0.000010	0.000010	0.086868	LD_0.9_7_1553
QG3867	0.000011	0.000017	0.057062	0.016024	0.000010	0.000010	0.926866	LD_0.9_7_1553
QG3874	0.000018	0.000010	0.958196	0.000010	0.000010	0.000010	0.041745	LD_0.9_7_1553
QG3875	0.000010	0.000010	0.669689	0.291972	0.000010	0.000010	0.038300	LD_0.9_7_1553
QG3876	0.000010	0.000010	0.870120	0.000010	0.000010	0.000010	0.129830	LD_0.9_7_1553
QG3878	0.000010	0.000010	0.649070	0.312593	0.000010	0.000010	0.038297	LD_0.9_7_1553
QG3920	0.000010	0.000010	0.533371	0.393914	0.000010	0.000010	0.072675	LD_0.9_7_1553
QG3921	0.000010	0.000012	0.594648	0.331431	0.000010	0.000010	0.073879	LD_0.9_7_1553
QG3923	0.000010	0.000010	0.708159	0.291791	0.000010	0.000010	0.000010	LD_0.9_7_1553
QG3924	0.000014	0.000010	0.516893	0.326149	0.000010	0.000010	0.156914	LD_0.9_7_1553
QG3925	0.000010	0.000010	0.477897	0.461208	0.000010	0.000010	0.060855	LD_0.9_7_1553
QG3926	0.000010	0.000010	0.497589	0.502150	0.000010	0.000010	0.000221	LD_0.9_7_1553
QG3927	0.000010	0.000010	0.641372	0.342427	0.000010	0.000010	0.016161	LD_0.9_7_1553
QG3931	0.000010	0.000010	0.355927	0.530813	0.000010	0.000010	0.113220	LD_0.9_7_1553
QG3932	0.000010	0.000010	0.676662	0.283956	0.000010	0.000010	0.039342	LD_0.9_7_1553
QG3933	0.000010	0.000010	0.999940	0.000010	0.000010	0.000010	0.000010	LD_0.9_7_1553
QG4026	0.000010	0.000010	0.000010	0.000010	0.999940	0.000010	0.000010	LD_0.9_7_1553
QG4028	0.000010	0.000013	0.000010	0.000010	0.999933	0.000014	0.000010	LD_0.9_7_1553
QG4031	0.000010	0.000010	0.000010	0.000010	0.999940	0.000010	0.000010	LD_0.9_7_1553
QG4063	0.000011	0.000012	0.000010	0.000010	0.999937	0.000010	0.000010	LD_0.9_7_1553
QG4064	0.000010	0.000011	0.000010	0.000010	0.999939	0.000010	0.000010	LD_0.9_7_1553
QG4067	0.000010	0.000011	0.000010	0.000010	0.999939	0.000010	0.000010	LD_0.9_7_1553
QG4068	0.000010	0.000011	0.000010	0.000010	0.999939	0.000010	0.000010	LD_0.9_7_1553
QG4070	0.000010	0.000010	0.999940	0.000010	0.000010	0.000010	0.000010	LD_0.9_7_1553
QG4093	0.000010	0.000010	0.000010	0.000010	0.999940	0.000010	0.000010	LD_0.9_7_1553
QG4094	0.000010	0.000010	0.000010	0.000010	0.999940	0.000010	0.000010	LD_0.9_7_1553
QG4095	0.000010	0.000010	0.000010	0.000010	0.999940	0.000010	0.000010	LD_0.9_7_1553
QG4096	0.000010	0.000011	0.000010	0.000010	0.999939	0.000010	0.000010	LD_0.9_7_1553
QG4097	0.000010	0.000011	0.000010	0.000010	0.999939	0.000010	0.000010	LD_0.9_7_1553
QG4104	0.000010	0.000010	0.000010	0.000010	0.999940	0.000010	0.000010	LD_0.9_7_1553
QG4114	0.000010	0.000010	0.000018	0.000010	0.999932	0.000010	0.000010	LD_0.9_7_1553
QG4131	0.000010	0.000010	0.000010	0.000010	0.999940	0.000010	0.000010	LD_0.9_7_1553
QG4132	0.000010	0.000010	0.000010	0.000010	0.999940	0.000010	0.000010	LD_0.9_7_1553
QG4208	0.000010	0.000010	0.000010	0.000010	0.999940	0.000010	0.000010	LD_0.9_7_1553
QG4214	0.000010	0.000011	0.000010	0.000010	0.999932	0.000017	0.000010	LD_0.9_7_1553
QG4225	0.000010	0.000010	0.000010	0.000010	0.999940	0.000010	0.000010	LD_0.9_7_1553
QG4232	0.000010	0.000010	0.000010	0.000010	0.999937	0.000013	0.000010	LD_0.9_7_1553
QG4233	0.000012	0.000012	0.000017	0.000010	0.999929	0.000010	0.000010	LD_0.9_7_1553
QG4647	0.000010	0.000010	0.039840	0.000010	0.000010	0.000010	0.960110	LD_0.9_7_1553
QG4648	0.000010	0.000010	0.999940	0.000010	0.000010	0.000010	0.000010	LD_0.9_7_1553
QG4683	0.000010	0.000010	0.999940	0.000010	0.000010	0.000010	0.000010	LD_0.9_7_1553
QG4701	0.000010	0.000010	0.416969	0.000010	0.000010	0.000010	0.582981	LD_0.9_7_1553
QG4706	0.000010	0.000010	0.999940	0.000010	0.000010	0.000010	0.000010	LD_0.9_7_1553
QG4718	0.000010	0.000010	0.999940	0.000010	0.000010	0.000010	0.000010	LD_0.9_7_1553
QG4742	0.000010	0.000010	0.999940	0.000010	0.000010	0.000010	0.000010	LD_0.9_7_1553
QG4805	0.000010	0.000010	0.044507	0.000010	0.000010	0.000010	0.955443	LD_0.9_7_1553
QG4847	0.000010	0.000010	0.999940	0.000010	0.000010	0.000010	0.000010	LD_0.9_7_1553
QG4966	0.000010	0.000010	0.999940	0.000010	0.000010	0.000010	0.000010	LD_0.9_7_1553
QG5348	0.000010	0.000010	0.999940	0.000010	0.000010	0.000010	0.000010	LD_0.9_7_1553
QG5406	0.000010	0.000010	0.999940	0.000010	0.000010	0.000010	0.000010	LD_0.9_7_1553
QG547	0.999940	0.000010	0.000010	0.000010	0.000010	0.000010	0.000010	LD_0.9_7_1553
QG5474	0.000010	0.000010	0.365568	0.000010	0.000010	0.000010	0.634382	LD_0.9_7_1553
QG5488	0.000010	0.000010	0.999940	0.000010	0.000010	0.000010	0.000010	LD_0.9_7_1553
QG550	0.000010	0.000010	0.127239	0.872711	0.000010	0.000010	0.000010	LD_0.9_7_1553
QG5507	0.000010	0.000010	0.798023	0.000010	0.000010	0.000010	0.201927	LD_0.9_7_1553
QG5525	0.000010	0.000010	0.999940	0.000010	0.000010	0.000010	0.000010	LD_0.9_7_1553
QG5589	0.000010	0.000010	0.175823	0.000010	0.000010	0.000010	0.824127	LD_0.9_7_1553
QG5603	0.000010	0.000010	0.336800	0.000010	0.000010	0.000010	0.663150	LD_0.9_7_1553
QG5611	0.000010	0.000010	0.999940	0.000010	0.000010	0.000010	0.000010	LD_0.9_7_1553
QG5612	0.000010	0.000010	0.990584	0.000010	0.000010	0.000010	0.009366	LD_0.9_7_1553
QG5633	0.000010	0.000010	0.990699	0.000010	0.000010	0.000010	0.009251	LD_0.9_7_1553
QG581	0.999940	0.000010	0.000010	0.000010	0.000010	0.000010	0.000010	LD_0.9_7_1553
QG588	0.999940	0.000010	0.000010	0.000010	0.000010	0.000010	0.000010	LD_0.9_7_1553
QG700	0.000010	0.000010	0.166932	0.000010	0.000010	0.000010	0.833018	LD_0.9_7_1553
QG727	0.000010	0.000010	0.000010	0.000018	0.000010	0.000010	0.999932	LD_0.9_7_1553
QG733	0.000010	0.000010	0.000010	0.000010	0.000010	0.000010	0.999940	LD_0.9_7_1553
QG736	0.000010	0.000010	0.000010	0.000010	0.000010	0.000010	0.999940	LD_0.9_7_1553
QG737	0.000010	0.000010	0.000010	0.000010	0.000010	0.000010	0.999940	LD_0.9_7_1553
QG739	0.000010	0.000010	0.000010	0.000010	0.000010	0.000010	0.999940	LD_0.9_7_1553
QG761	0.000010	0.000010	0.248638	0.000011	0.000010	0.000010	0.751311	LD_0.9_7_1553
QG763	0.000010	0.000014	0.052313	0.000010	0.000010	0.000010	0.947632	LD_0.9_7_1553
QG776	0.000010	0.000010	0.000010	0.000010	0.000010	0.000010	0.999940	LD_0.9_7_1553
QG781	0.000010	0.000010	0.000010	0.000010	0.000010	0.000010	0.999940	LD_0.9_7_1553
QG784	0.000016	0.000010	0.000010	0.000010	0.000010	0.000010	0.999934	LD_0.9_7_1553
QG786	0.000010	0.000010	0.000010	0.000010	0.000010	0.000010	0.999940	LD_0.9_7_1553
QG788	0.000010	0.000010	0.000010	0.000010	0.000010	0.000010	0.999940	LD_0.9_7_1553
QG790	0.000010	0.000010	0.000010	0.000010	0.000010	0.000010	0.999940	LD_0.9_7_1553
QG791	0.000010	0.000010	0.050345	0.000010	0.000010	0.000010	0.949605	LD_0.9_7_1553
QG795	0.000010	0.000010	0.225862	0.082670	0.000010	0.000010	0.691428	LD_0.9_7_1553
QG797	0.000010	0.000010	0.000010	0.000010	0.000010	0.000010	0.999940	LD_0.9_7_1553
QG802	0.000010	0.000010	0.040629	0.000010	0.000010	0.000010	0.959321	LD_0.9_7_1553
QG804	0.000010	0.000010	0.000010	0.000010	0.000010	0.000010	0.999940	LD_0.9_7_1553
QG806	0.000010	0.000010	0.000010	0.000010	0.000010	0.000010	0.999940	LD_0.9_7_1553
QG807	0.000010	0.000010	0.000010	0.000010	0.000010	0.000010	0.999940	LD_0.9_7_1553
QG808	0.000010	0.000010	0.033668	0.000010	0.000010	0.000010	0.966282	LD_0.9_7_1553
QG809	0.000010	0.000010	0.000010	0.000010	0.000010	0.000010	0.999940	LD_0.9_7_1553
QG825	0.000010	0.000010	0.000010	0.000010	0.000010	0.000010	0.999940	LD_0.9_7_1553
QG827	0.000010	0.000010	0.000010	0.000010	0.000010	0.000010	0.999940	LD_0.9_7_1553
QG828	0.000010	0.000010	0.000010	0.000010	0.000010	0.000010	0.999940	LD_0.9_7_1553
QG833	0.000010	0.000010	0.030334	0.000019	0.000010	0.000010	0.969607	LD_0.9_7_1553
QG855	0.000010	0.000010	0.020446	0.000010	0.000010	0.000010	0.979504	LD_0.9_7_1553
QG856	0.000010	0.000010	0.000010	0.000010	0.000010	0.000010	0.999940	LD_0.9_7_1553
QG858	0.000010	0.000010	0.000010	0.000010	0.000010	0.000010	0.999940	LD_0.9_7_1553
QG860	0.000010	0.000010	0.217689	0.000010	0.000010	0.000010	0.782261	LD_0.9_7_1553
QG864	0.000010	0.000010	0.000010	0.000010	0.000010	0.000010	0.999940	LD_0.9_7_1553
QG865	0.000010	0.000010	0.000010	0.000012	0.000010	0.000010	0.999938	LD_0.9_7_1553
QG866	0.000010	0.000010	0.000010	0.000010	0.000010	0.000010	0.999940	LD_0.9_7_1553
QG868	0.000010	0.000010	0.064420	0.000019	0.000010	0.000010	0.935521	LD_0.9_7_1553
QG874	0.000010	0.000010	0.005550	0.000010	0.000010	0.000010	0.994400	LD_0.9_7_1553
QG875	0.000010	0.000010	0.000010	0.000010	0.000010	0.000010	0.999940	LD_0.9_7_1553
QG878	0.000010	0.000010	0.000010	0.000010	0.000010	0.000010	0.999940	LD_0.9_7_1553
QG879	0.000010	0.000010	0.000010	0.000010	0.000010	0.000010	0.999940	LD_0.9_7_1553
QG880	0.000010	0.000010	0.000010	0.000010	0.000010	0.000010	0.999940	LD_0.9_7_1553
QG881	0.000010	0.000010	0.254503	0.000010	0.000010	0.000010	0.745447	LD_0.9_7_1553
QG887	0.000010	0.000010	0.000010	0.000010	0.000010	0.000010	0.999940	LD_0.9_7_1553
QG888	0.000010	0.000010	0.000010	0.000010	0.000010	0.000010	0.999940	LD_0.9_7_1553
QG926	0.000010	0.000010	0.000010	0.000010	0.000010	0.000010	0.999940	LD_0.9_7_1553
QG927	0.000010	0.000010	0.943323	0.000010	0.000010	0.000010	0.056627	LD_0.9_7_1553
QG933	0.000010	0.000010	0.000010	0.000010	0.000010	0.000010	0.999940	LD_0.9_7_1553
QG937	0.000010	0.000010	0.000010	0.000010	0.000010	0.000010	0.999940	LD_0.9_7_1553
QG945	0.000010	0.000010	0.000010	0.000010	0.000014	0.000010	0.999936	LD_0.9_7_1553
QG946	0.000010	0.000017	0.000010	0.000010	0.000010	0.000010	0.999933	LD_0.9_7_1553
QG947	0.000010	0.000010	0.000010	0.000010	0.000010	0.000010	0.999940	LD_0.9_7_1553
QG948	0.000010	0.000010	0.024232	0.000010	0.000010	0.000010	0.975718	LD_0.9_7_1553
QG952	0.000010	0.000010	0.107606	0.000010	0.000010	0.000010	0.892344	LD_0.9_7_1553
QG978	0.000010	0.000010	0.101240	0.013303	0.000010	0.000010	0.885417	LD_0.9_7_1553
QG980	0.000010	0.000010	0.000010	0.000010	0.000010	0.000010	0.999940	LD_0.9_7_1553
QG986	0.000010	0.000010	0.065077	0.000010	0.000010	0.000010	0.934873	LD_0.9_7_1553
QG991	0.000010	0.000010	0.000010	0.000010	0.000010	0.000010	0.999940	LD_0.9_7_1553
QG994	0.000010	0.000010	0.000010	0.000010	0.000010	0.000010	0.999940	LD_0.9_7_1553
QG995	0.000010	0.000010	0.017926	0.000010	0.000010	0.000010	0.982024	LD_0.9_7_1553
QG997	0.000010	0.000010	0.000010	0.000010	0.000010	0.000010	0.999940	LD_0.9_7_1553
QG998	0.000010	0.000010	0.000010	0.000010	0.000010	0.000010	0.999940	LD_0.9_7_1553
QR25	0.618158	0.099719	0.161747	0.000010	0.025789	0.094567	0.000010	LD_0.9_7_1553
QX1410	0.000010	0.000014	0.573988	0.425958	0.000010	0.000010	0.000010	LD_0.9_7_1553
QX1547	0.999940	0.000010	0.000010	0.000010	0.000010	0.000010	0.000010	LD_0.9_7_1553
QX1795	0.000010	0.000010	0.996972	0.002978	0.000010	0.000010	0.000010	LD_0.9_7_1553
QX1796	0.000010	0.000010	0.999937	0.000010	0.000010	0.000013	0.000010	LD_0.9_7_1553
QX1798	0.000013	0.000010	0.000010	0.000010	0.000010	0.999937	0.000010	LD_0.9_7_1553
QX1800	0.000010	0.000010	0.999940	0.000010	0.000010	0.000010	0.000010	LD_0.9_7_1553
QX1801	0.000011	0.000010	0.999939	0.000010	0.000010	0.000010	0.000010	LD_0.9_7_1553
QX1802	0.000010	0.000010	0.999940	0.000010	0.000010	0.000010	0.000010	LD_0.9_7_1553
QX1803	0.000010	0.000010	0.999940	0.000010	0.000010	0.000010	0.000010	LD_0.9_7_1553
QX1804	0.000010	0.000010	0.999940	0.000010	0.000010	0.000010	0.000010	LD_0.9_7_1553
SOW18	0.999940	0.000010	0.000010	0.000010	0.000010	0.000010	0.000010	LD_0.9_7_1553
SOW21	0.999940	0.000010	0.000010	0.000010	0.000010	0.000010	0.000010	LD_0.9_7_1553
SOW22	0.999940	0.000010	0.000010	0.000010	0.000010	0.000010	0.000010	LD_0.9_7_1553
TT3408	0.000010	0.000010	0.999940	0.000010	0.000010	0.000010	0.000010	LD_0.9_7_1553
TT3411	0.000010	0.000010	0.999940	0.000010	0.000010	0.000010	0.000010	LD_0.9_7_1553
TWN1772	0.000010	0.000011	0.000010	0.000010	0.000010	0.999939	0.000010	LD_0.9_7_1553
TWN1824	0.000010	0.999940	0.000010	0.000010	0.000010	0.000010	0.000010	LD_0.9_7_1553
TWN1899	0.000010	0.999940	0.000010	0.000010	0.000010	0.000010	0.000010	LD_0.9_7_1553
TWN1907	0.000011	0.000013	0.000010	0.000010	0.000010	0.999936	0.000010	LD_0.9_7_1553
TWN2919	0.000010	0.000010	0.000018	0.000010	0.000010	0.999932	0.000010	LD_0.9_7_1553
TWN3077	0.000013	0.000010	0.000010	0.000010	0.000010	0.999937	0.000010	LD_0.9_7_1553
UH1	0.000010	0.000010	0.000010	0.000010	0.000010	0.999940	0.000010	LD_0.9_7_1553
VSL2201	0.000017	0.000010	0.178685	0.821259	0.000010	0.000010	0.000010	LD_0.9_7_1553
VSL2207	0.000010	0.000010	0.000010	0.000010	0.999940	0.000010	0.000010	LD_0.9_7_1553
VSL2209	0.000010	0.000010	0.000010	0.000010	0.999940	0.000010	0.000010	LD_0.9_7_1553
VSL2210	0.000010	0.000010	0.999940	0.000010	0.000010	0.000010	0.000010	LD_0.9_7_1553
VSL2212	0.000010	0.000010	0.999940	0.000010	0.000010	0.000010	0.000010	LD_0.9_7_1553
VSL2213	0.000014	0.000010	0.000010	0.999936	0.000010	0.000010	0.000010	LD_0.9_7_1553
VSL2215	0.000010	0.000010	0.007452	0.981528	0.000010	0.000010	0.010980	LD_0.9_7_1553
VSL2216	0.000010	0.000010	0.000010	0.999940	0.000010	0.000010	0.000010	LD_0.9_7_1553
VSL2217	0.000010	0.000010	0.031550	0.000010	0.000010	0.000010	0.968400	LD_0.9_7_1553
VSL2219	0.000010	0.000010	0.999940	0.000010	0.000010	0.000010	0.000010	LD_0.9_7_1553
VT847	0.000013	0.000010	0.999937	0.000010	0.000010	0.000010	0.000010	LD_0.9_7_1553
VX34	0.615777	0.118748	0.149323	0.000010	0.000010	0.116122	0.000010	LD_0.9_7_1553
XZ1204	0.000010	0.000010	0.451930	0.548019	0.000010	0.000011	0.000010	LD_0.9_7_1553
XZ1205	0.000010	0.000010	0.000010	0.999940	0.000010	0.000010	0.000010	LD_0.9_7_1553
XZ1206	0.000010	0.000010	0.000010	0.999940	0.000010	0.000010	0.000010	LD_0.9_7_1553
XZ1207	0.000010	0.000010	0.996853	0.003097	0.000010	0.000010	0.000010	LD_0.9_7_1553
XZ1210	0.000010	0.000010	0.999939	0.000011	0.000010	0.000010	0.000010	LD_0.9_7_1553
XZ1212	0.000010	0.000010	0.963305	0.036645	0.000010	0.000010	0.000010	LD_0.9_7_1553
XZ1213	0.000010	0.000010	0.999940	0.000010	0.000010	0.000010	0.000010	LD_0.9_7_1553
XZ1731	0.000010	0.000010	0.999940	0.000010	0.000010	0.000010	0.000010	LD_0.9_7_1553
XZ1732	0.000010	0.000010	0.943331	0.056619	0.000010	0.000010	0.000010	LD_0.9_7_1553
ZZY0992	0.000012	0.000010	0.000010	0.000010	0.000010	0.000010	0.999938	LD_0.9_7_1553
ZZY1034	0.000011	0.000010	0.999939	0.000010	0.000010	0.000010	0.000010	LD_0.9_7_1553
ZZY1075	0.000010	0.000010	0.999940	0.000010	0.000010	0.000010	0.000010	LD_0.9_7_1553
ZZY1123	0.000010	0.000010	0.004982	0.000010	0.000010	0.000010	0.994968	LD_0.9_7_1553
ZZY1130	0.000010	0.000010	0.999940	0.000010	0.000010	0.000010	0.000010	LD_0.9_7_1553
ZZY405	0.000010	0.000011	0.999939	0.000010	0.000010	0.000010	0.000010	LD_0.9_7_1553
AF16	0.000010	0.999930	0.000010	0.000013	0.000010	0.000018	0.000010	LD_0.9_7_1706
BRC20069	0.000010	0.999940	0.000010	0.000010	0.000010	0.000010	0.000010	LD_0.9_7_1706
BRC20073	0.000010	0.999940	0.000010	0.000010	0.000010	0.000010	0.000010	LD_0.9_7_1706
BRC20075	0.999939	0.000011	0.000010	0.000010	0.000010	0.000010	0.000010	LD_0.9_7_1706
BRC20077	0.000010	0.999940	0.000010	0.000010	0.000010	0.000010	0.000010	LD_0.9_7_1706
BRC20081	0.999940	0.000010	0.000010	0.000010	0.000010	0.000010	0.000010	LD_0.9_7_1706
BRC20085	0.000010	0.640449	0.359501	0.000010	0.000010	0.000010	0.000010	LD_0.9_7_1706
BRC20088	0.999940	0.000010	0.000010	0.000010	0.000010	0.000010	0.000010	LD_0.9_7_1706
BRC20089	0.000010	0.999936	0.000014	0.000010	0.000010	0.000010	0.000010	LD_0.9_7_1706
BRC20090	0.000010	0.945129	0.054821	0.000010	0.000010	0.000010	0.000010	LD_0.9_7_1706
BRC20092	0.000010	0.600643	0.399303	0.000014	0.000010	0.000010	0.000010	LD_0.9_7_1706
BRC20093	0.000010	0.999940	0.000010	0.000010	0.000010	0.000010	0.000010	LD_0.9_7_1706
BRC20094	0.000010	0.617184	0.382766	0.000010	0.000010	0.000010	0.000010	LD_0.9_7_1706
BRC20095	0.000010	0.999940	0.000010	0.000010	0.000010	0.000010	0.000010	LD_0.9_7_1706
BRC20096	0.000010	0.999940	0.000010	0.000010	0.000010	0.000010	0.000010	LD_0.9_7_1706
BRC20098	0.000010	0.999939	0.000011	0.000010	0.000010	0.000010	0.000010	LD_0.9_7_1706
BRC20099	0.000010	0.999938	0.000010	0.000010	0.000010	0.000012	0.000010	LD_0.9_7_1706
BRC20100	0.000015	0.999929	0.000016	0.000010	0.000010	0.000010	0.000010	LD_0.9_7_1706
BRC20102	0.000011	0.999937	0.000012	0.000010	0.000010	0.000010	0.000010	LD_0.9_7_1706
BRC20103	0.000010	0.999930	0.000020	0.000010	0.000010	0.000010	0.000010	LD_0.9_7_1706
BRC20105	0.000010	0.518588	0.481359	0.000013	0.000010	0.000010	0.000010	LD_0.9_7_1706
BRC20107	0.000010	0.546229	0.453720	0.000011	0.000010	0.000010	0.000010	LD_0.9_7_1706
BRC20115	0.000010	0.000010	0.000010	0.000010	0.000010	0.000010	0.999940	LD_0.9_7_1706
BRC20119	0.000010	0.243711	0.756239	0.000010	0.000010	0.000010	0.000010	LD_0.9_7_1706
BRC20228	0.000016	0.999933	0.000011	0.000010	0.000010	0.000010	0.000010	LD_0.9_7_1706
BRC20229	0.999940	0.000010	0.000010	0.000010	0.000010	0.000010	0.000010	LD_0.9_7_1706
BRC20230	0.999940	0.000010	0.000010	0.000010	0.000010	0.000010	0.000010	LD_0.9_7_1706
BRC20232	0.999940	0.000010	0.000010	0.000010	0.000010	0.000010	0.000010	LD_0.9_7_1706
BRC20238	0.999940	0.000010	0.000010	0.000010	0.000010	0.000010	0.000010	LD_0.9_7_1706
BRC20239	0.999940	0.000010	0.000010	0.000010	0.000010	0.000010	0.000010	LD_0.9_7_1706
BRC20241	0.000010	0.921003	0.078940	0.000018	0.000010	0.000010	0.000010	LD_0.9_7_1706
BRC20242	0.000010	0.999940	0.000010	0.000010	0.000010	0.000010	0.000010	LD_0.9_7_1706
BRC20244	0.999940	0.000010	0.000010	0.000010	0.000010	0.000010	0.000010	LD_0.9_7_1706
BRC20246	0.999940	0.000010	0.000010	0.000010	0.000010	0.000010	0.000010	LD_0.9_7_1706
BRC20257	0.000010	0.000010	0.999940	0.000010	0.000010	0.000010	0.000010	LD_0.9_7_1706
BRC20260	0.000010	0.999937	0.000010	0.000010	0.000010	0.000013	0.000010	LD_0.9_7_1706
BRC20270	0.999939	0.000010	0.000010	0.000011	0.000010	0.000010	0.000010	LD_0.9_7_1706
BRC20272	0.999939	0.000010	0.000010	0.000011	0.000010	0.000010	0.000010	LD_0.9_7_1706
BRC20289	0.999925	0.000014	0.000010	0.000010	0.000012	0.000019	0.000010	LD_0.9_7_1706
BRC20290	0.999936	0.000014	0.000010	0.000010	0.000010	0.000010	0.000010	LD_0.9_7_1706
BRC20294	0.000010	0.999940	0.000010	0.000010	0.000010	0.000010	0.000010	LD_0.9_7_1706
BRC20308	0.999940	0.000010	0.000010	0.000010	0.000010	0.000010	0.000010	LD_0.9_7_1706
BRC20309	0.999932	0.000010	0.000010	0.000018	0.000010	0.000010	0.000010	LD_0.9_7_1706
BRC20311	0.999937	0.000010	0.000013	0.000010	0.000010	0.000010	0.000010	LD_0.9_7_1706
BRC20312	0.999936	0.000010	0.000010	0.000014	0.000010	0.000010	0.000010	LD_0.9_7_1706
BRC20315	0.999940	0.000010	0.000010	0.000010	0.000010	0.000010	0.000010	LD_0.9_7_1706
BRC20320	0.999938	0.000011	0.000010	0.000011	0.000010	0.000010	0.000010	LD_0.9_7_1706
BRC20324	0.773446	0.226497	0.000010	0.000010	0.000016	0.000010	0.000010	LD_0.9_7_1706
BRC20331	0.999940	0.000010	0.000010	0.000010	0.000010	0.000010	0.000010	LD_0.9_7_1706
BRC20333	0.999935	0.000012	0.000010	0.000013	0.000010	0.000010	0.000010	LD_0.9_7_1706
BRC20334	0.999940	0.000010	0.000010	0.000010	0.000010	0.000010	0.000010	LD_0.9_7_1706
BRC20339	0.999940	0.000010	0.000010	0.000010	0.000010	0.000010	0.000010	LD_0.9_7_1706
BRC20341	0.999940	0.000010	0.000010	0.000010	0.000010	0.000010	0.000010	LD_0.9_7_1706
BRC20343	0.999940	0.000010	0.000010	0.000010	0.000010	0.000010	0.000010	LD_0.9_7_1706
BRC20346	0.999936	0.000012	0.000012	0.000011	0.000010	0.000010	0.000010	LD_0.9_7_1706
BRC20347	0.999940	0.000010	0.000010	0.000010	0.000010	0.000010	0.000010	LD_0.9_7_1706
BRC20348	0.999933	0.000016	0.000010	0.000011	0.000010	0.000010	0.000010	LD_0.9_7_1706
BRC20353	0.000010	0.629384	0.203345	0.000010	0.000010	0.000010	0.167231	LD_0.9_7_1706
BRC20360	0.000019	0.651677	0.175948	0.000010	0.000010	0.000010	0.172326	LD_0.9_7_1706
BRC20361	0.000019	0.645615	0.178350	0.000010	0.000010	0.000010	0.175986	LD_0.9_7_1706
BRC20362	0.000018	0.647977	0.196275	0.000010	0.000010	0.000010	0.155700	LD_0.9_7_1706
BRC20366	0.999940	0.000010	0.000010	0.000010	0.000010	0.000010	0.000010	LD_0.9_7_1706
BRC20367	0.999940	0.000010	0.000010	0.000010	0.000010	0.000010	0.000010	LD_0.9_7_1706
BRC20369	0.000019	0.999931	0.000010	0.000010	0.000010	0.000010	0.000010	LD_0.9_7_1706
BRC20370	0.999940	0.000010	0.000010	0.000010	0.000010	0.000010	0.000010	LD_0.9_7_1706
BRC20388	0.000010	0.000010	0.000010	0.999938	0.000012	0.000010	0.000010	LD_0.9_7_1706
BRC20390	0.999940	0.000010	0.000010	0.000010	0.000010	0.000010	0.000010	LD_0.9_7_1706
BRC20401	0.000010	0.999939	0.000011	0.000010	0.000010	0.000010	0.000010	LD_0.9_7_1706
BRC20463	0.999940	0.000010	0.000010	0.000010	0.000010	0.000010	0.000010	LD_0.9_7_1706
BRC20492	0.000010	0.000010	0.000010	0.000010	0.000010	0.000010	0.999940	LD_0.9_7_1706
BRC20499	0.999936	0.000011	0.000010	0.000014	0.000010	0.000010	0.000010	LD_0.9_7_1706
BRC20501	0.999935	0.000011	0.000010	0.000010	0.000010	0.000014	0.000010	LD_0.9_7_1706
BRC20502	0.000010	0.000010	0.000010	0.000010	0.000010	0.000010	0.999940	LD_0.9_7_1706
BRC20503	0.000010	0.000010	0.000010	0.000010	0.000010	0.000010	0.999940	LD_0.9_7_1706
BRC20519	0.000010	0.000010	0.000010	0.000010	0.000010	0.000010	0.999940	LD_0.9_7_1706
BRC20520	0.000010	0.000010	0.000010	0.000010	0.000010	0.000010	0.999940	LD_0.9_7_1706
BRC20522	0.999940	0.000010	0.000010	0.000010	0.000010	0.000010	0.000010	LD_0.9_7_1706
BRC20524	0.999940	0.000010	0.000010	0.000010	0.000010	0.000010	0.000010	LD_0.9_7_1706
BRC20529	0.999940	0.000010	0.000010	0.000010	0.000010	0.000010	0.000010	LD_0.9_7_1706
BRC20530	0.999940	0.000010	0.000010	0.000010	0.000010	0.000010	0.000010	LD_0.9_7_1706
BRC20531	0.999940	0.000010	0.000010	0.000010	0.000010	0.000010	0.000010	LD_0.9_7_1706
BRC20532	0.999938	0.000010	0.000010	0.000012	0.000010	0.000010	0.000010	LD_0.9_7_1706
BRC20533	0.999940	0.000010	0.000010	0.000010	0.000010	0.000010	0.000010	LD_0.9_7_1706
BRC20534	0.999938	0.000012	0.000010	0.000010	0.000010	0.000010	0.000010	LD_0.9_7_1706
BRC20535	0.999940	0.000010	0.000010	0.000010	0.000010	0.000010	0.000010	LD_0.9_7_1706
BRC20536	0.999940	0.000010	0.000010	0.000010	0.000010	0.000010	0.000010	LD_0.9_7_1706
BRC20537	0.999940	0.000010	0.000010	0.000010	0.000010	0.000010	0.000010	LD_0.9_7_1706
BRC20541	0.000010	0.000010	0.000010	0.000010	0.000010	0.000010	0.999940	LD_0.9_7_1706
BRC20543	0.999940	0.000010	0.000010	0.000010	0.000010	0.000010	0.000010	LD_0.9_7_1706
BRC20544	0.999935	0.000015	0.000010	0.000011	0.000010	0.000010	0.000010	LD_0.9_7_1706
BRC20545	0.999937	0.000012	0.000010	0.000012	0.000010	0.000010	0.000010	LD_0.9_7_1706
BRC20556	0.000010	0.999940	0.000010	0.000010	0.000010	0.000010	0.000010	LD_0.9_7_1706
BRC20557	0.999940	0.000010	0.000010	0.000010	0.000010	0.000010	0.000010	LD_0.9_7_1706
BRC20565	0.000012	0.999928	0.000019	0.000011	0.000010	0.000010	0.000010	LD_0.9_7_1706
BRC20571	0.000010	0.985977	0.013965	0.000010	0.000010	0.000018	0.000010	LD_0.9_7_1706
BRC20574	0.000010	0.999940	0.000010	0.000010	0.000010	0.000010	0.000010	LD_0.9_7_1706
BW287	0.000010	0.000010	0.000010	0.999940	0.000010	0.000010	0.000010	LD_0.9_7_1706
DF5100	0.000010	0.999940	0.000010	0.000010	0.000010	0.000010	0.000010	LD_0.9_7_1706
ECA1129	0.000010	0.999940	0.000010	0.000010	0.000010	0.000010	0.000010	LD_0.9_7_1706
ECA1143	0.000015	0.928119	0.071826	0.000010	0.000010	0.000010	0.000010	LD_0.9_7_1706
ECA1147	0.000010	0.999940	0.000010	0.000010	0.000010	0.000010	0.000010	LD_0.9_7_1706
ECA1149	0.033369	0.966581	0.000010	0.000010	0.000010	0.000010	0.000010	LD_0.9_7_1706
ECA1160	0.000010	0.999940	0.000010	0.000010	0.000010	0.000010	0.000010	LD_0.9_7_1706
ECA1164	0.000010	0.999937	0.000010	0.000010	0.000010	0.000013	0.000010	LD_0.9_7_1706
ECA1170	0.999940	0.000010	0.000010	0.000010	0.000010	0.000010	0.000010	LD_0.9_7_1706
ECA1174	0.000010	0.999940	0.000010	0.000010	0.000010	0.000010	0.000010	LD_0.9_7_1706
ECA1383	0.999940	0.000010	0.000010	0.000010	0.000010	0.000010	0.000010	LD_0.9_7_1706
ECA1411	0.000010	0.999923	0.000010	0.000010	0.000017	0.000020	0.000010	LD_0.9_7_1706
ECA1423	0.000010	0.999940	0.000010	0.000010	0.000010	0.000010	0.000010	LD_0.9_7_1706
ECA1429	0.000010	0.999940	0.000010	0.000010	0.000010	0.000010	0.000010	LD_0.9_7_1706
ECA1431	0.000010	0.999939	0.000011	0.000010	0.000010	0.000010	0.000010	LD_0.9_7_1706
ECA1437	0.000010	0.999939	0.000010	0.000010	0.000010	0.000010	0.000010	LD_0.9_7_1706
ECA1439	0.000010	0.999940	0.000010	0.000010	0.000010	0.000010	0.000010	LD_0.9_7_1706
ECA1443	0.922878	0.077071	0.000012	0.000010	0.000010	0.000010	0.000010	LD_0.9_7_1706
ECA1471	0.000011	0.999939	0.000010	0.000010	0.000010	0.000010	0.000010	LD_0.9_7_1706
ECA1489	0.000011	0.884609	0.115330	0.000019	0.000010	0.000010	0.000010	LD_0.9_7_1706
ECA1507	0.000016	0.999934	0.000010	0.000010	0.000010	0.000010	0.000010	LD_0.9_7_1706
ECA1509	0.000010	0.999940	0.000010	0.000010	0.000010	0.000010	0.000010	LD_0.9_7_1706
ECA1517	0.000010	0.999940	0.000010	0.000010	0.000010	0.000010	0.000010	LD_0.9_7_1706
ECA1521	0.000010	0.999940	0.000010	0.000010	0.000010	0.000010	0.000010	LD_0.9_7_1706
ECA1555	0.000010	0.999940	0.000010	0.000010	0.000010	0.000010	0.000010	LD_0.9_7_1706
ECA1559	0.999940	0.000010	0.000010	0.000010	0.000010	0.000010	0.000010	LD_0.9_7_1706
ECA1563	0.000010	0.999940	0.000010	0.000010	0.000010	0.000010	0.000010	LD_0.9_7_1706
ECA1571	0.000011	0.898824	0.101125	0.000010	0.000010	0.000010	0.000010	LD_0.9_7_1706
ECA1587	0.000010	0.999940	0.000010	0.000010	0.000010	0.000010	0.000010	LD_0.9_7_1706
ECA1605	0.828690	0.130713	0.040557	0.000010	0.000010	0.000010	0.000010	LD_0.9_7_1706
ECA1609	0.000010	0.999940	0.000010	0.000010	0.000010	0.000010	0.000010	LD_0.9_7_1706
ECA161	0.000010	0.999936	0.000010	0.000013	0.000010	0.000010	0.000010	LD_0.9_7_1706
ECA1611	0.000010	0.999940	0.000010	0.000010	0.000010	0.000010	0.000010	LD_0.9_7_1706
ECA1615	0.000010	0.999940	0.000010	0.000010	0.000010	0.000010	0.000010	LD_0.9_7_1706
ECA162	0.000010	0.999940	0.000010	0.000010	0.000010	0.000010	0.000010	LD_0.9_7_1706
ECA1621	0.000010	0.999940	0.000010	0.000010	0.000010	0.000010	0.000010	LD_0.9_7_1706
ECA163	0.000010	0.000010	0.000010	0.000010	0.000010	0.000010	0.999940	LD_0.9_7_1706
ECA1637	0.000010	0.999940	0.000010	0.000010	0.000010	0.000010	0.000010	LD_0.9_7_1706
ECA1657	0.000010	0.999940	0.000010	0.000010	0.000010	0.000010	0.000010	LD_0.9_7_1706
ECA1701	0.000010	0.994075	0.005875	0.000010	0.000010	0.000010	0.000010	LD_0.9_7_1706
ECA175	0.000010	0.999936	0.000014	0.000010	0.000010	0.000010	0.000010	LD_0.9_7_1706
ECA176	0.000012	0.999938	0.000010	0.000010	0.000010	0.000010	0.000010	LD_0.9_7_1706
ECA177	0.000010	0.999940	0.000010	0.000010	0.000010	0.000010	0.000010	LD_0.9_7_1706
ECA180	0.000010	0.999940	0.000010	0.000010	0.000010	0.000010	0.000010	LD_0.9_7_1706
ECA182	0.000010	0.999938	0.000011	0.000010	0.000010	0.000010	0.000010	LD_0.9_7_1706
ECA183	0.000010	0.999940	0.000010	0.000010	0.000010	0.000010	0.000010	LD_0.9_7_1706
ECA185	0.000010	0.999940	0.000010	0.000010	0.000010	0.000010	0.000010	LD_0.9_7_1706
ECA186	0.000010	0.999940	0.000010	0.000010	0.000010	0.000010	0.000010	LD_0.9_7_1706
ECA2083	0.000016	0.999934	0.000010	0.000010	0.000010	0.000010	0.000010	LD_0.9_7_1706
ECA2093	0.000017	0.999926	0.000010	0.000016	0.000010	0.000010	0.000010	LD_0.9_7_1706
ECA2115	0.000010	0.999940	0.000010	0.000010	0.000010	0.000010	0.000010	LD_0.9_7_1706
ECA2299	0.999940	0.000010	0.000010	0.000010	0.000010	0.000010	0.000010	LD_0.9_7_1706
ECA2373	0.000010	0.966336	0.033614	0.000010	0.000010	0.000010	0.000010	LD_0.9_7_1706
ECA2385	0.999940	0.000010	0.000010	0.000010	0.000010	0.000010	0.000010	LD_0.9_7_1706
ECA2425	0.000010	0.999940	0.000010	0.000010	0.000010	0.000010	0.000010	LD_0.9_7_1706
ECA2617	0.000010	0.000010	0.000010	0.000010	0.999940	0.000010	0.000010	LD_0.9_7_1706
ECA2618	0.000016	0.000010	0.000010	0.000010	0.999934	0.000010	0.000010	LD_0.9_7_1706
ECA2621	0.000010	0.000010	0.000010	0.000010	0.999939	0.000011	0.000010	LD_0.9_7_1706
ECA2623	0.000010	0.983747	0.016203	0.000010	0.000010	0.000010	0.000010	LD_0.9_7_1706
ECA2625	0.000010	0.999937	0.000013	0.000010	0.000010	0.000010	0.000010	LD_0.9_7_1706
ECA2626	0.000010	0.999940	0.000010	0.000010	0.000010	0.000010	0.000010	LD_0.9_7_1706
ECA2636	0.000010	0.999939	0.000011	0.000010	0.000010	0.000010	0.000010	LD_0.9_7_1706
ECA2637	0.000010	0.999933	0.000017	0.000010	0.000010	0.000010	0.000010	LD_0.9_7_1706
ECA2639	0.000010	0.000010	0.000010	0.000010	0.999940	0.000010	0.000010	LD_0.9_7_1706
ECA2645	0.000010	0.999938	0.000012	0.000010	0.000010	0.000010	0.000010	LD_0.9_7_1706
ECA2647	0.000010	0.000010	0.000010	0.000010	0.999940	0.000010	0.000010	LD_0.9_7_1706
ECA2663	0.000010	0.999940	0.000010	0.000010	0.000010	0.000010	0.000010	LD_0.9_7_1706
ECA2664	0.000010	0.963340	0.036610	0.000010	0.000010	0.000010	0.000010	LD_0.9_7_1706
ECA2666	0.000010	0.000010	0.000010	0.000010	0.999940	0.000010	0.000010	LD_0.9_7_1706
ECA2667	0.000010	0.999940	0.000010	0.000010	0.000010	0.000010	0.000010	LD_0.9_7_1706
ECA2670	0.000010	0.000010	0.000010	0.000010	0.999940	0.000010	0.000010	LD_0.9_7_1706
ECA276	0.000010	0.000010	0.000010	0.000010	0.000010	0.000010	0.999940	LD_0.9_7_1706
ECA278	0.000010	0.000017	0.000010	0.999933	0.000010	0.000010	0.000010	LD_0.9_7_1706
ECA2808	0.000010	0.999935	0.000015	0.000010	0.000010	0.000010	0.000010	LD_0.9_7_1706
ECA287	0.987267	0.012682	0.000010	0.000010	0.000010	0.000010	0.000010	LD_0.9_7_1706
ECA288	0.079288	0.920658	0.000010	0.000010	0.000010	0.000013	0.000010	LD_0.9_7_1706
ECA2883	0.000010	0.999931	0.000019	0.000010	0.000010	0.000010	0.000010	LD_0.9_7_1706
ECA2890	0.000010	0.999940	0.000010	0.000010	0.000010	0.000010	0.000010	LD_0.9_7_1706
ECA2894	0.000010	0.999940	0.000010	0.000010	0.000010	0.000010	0.000010	LD_0.9_7_1706
ECA2936	0.999940	0.000010	0.000010	0.000010	0.000010	0.000010	0.000010	LD_0.9_7_1706
ECA2975	0.000010	0.999932	0.000018	0.000010	0.000010	0.000010	0.000010	LD_0.9_7_1706
ECA3091	0.000010	0.999940	0.000010	0.000010	0.000010	0.000010	0.000010	LD_0.9_7_1706
ECA343	0.000010	0.999937	0.000013	0.000010	0.000010	0.000010	0.000010	LD_0.9_7_1706
ECA346	0.000010	0.999940	0.000010	0.000010	0.000010	0.000010	0.000010	LD_0.9_7_1706
ECA3502	0.999940	0.000010	0.000010	0.000010	0.000010	0.000010	0.000010	LD_0.9_7_1706
ECA3503	0.000010	0.999933	0.000010	0.000010	0.000010	0.000017	0.000010	LD_0.9_7_1706
ECA3509	0.000010	0.999940	0.000010	0.000010	0.000010	0.000010	0.000010	LD_0.9_7_1706
ECA3708	0.000010	0.999939	0.000011	0.000010	0.000010	0.000010	0.000010	LD_0.9_7_1706
ECA371	0.000012	0.999938	0.000010	0.000010	0.000010	0.000010	0.000010	LD_0.9_7_1706
ECA3712	0.000010	0.999940	0.000010	0.000010	0.000010	0.000010	0.000010	LD_0.9_7_1706
ECA3713	0.000010	0.999935	0.000010	0.000010	0.000010	0.000015	0.000010	LD_0.9_7_1706
ECA3899	0.000011	0.999939	0.000010	0.000010	0.000010	0.000010	0.000010	LD_0.9_7_1706
ECA4382	0.000010	0.999938	0.000012	0.000010	0.000010	0.000010	0.000010	LD_0.9_7_1706
ECA4390	0.000010	0.999940	0.000010	0.000010	0.000010	0.000010	0.000010	LD_0.9_7_1706
ECA4394	0.000010	0.999939	0.000011	0.000010	0.000010	0.000010	0.000010	LD_0.9_7_1706
ECA4402	0.000010	0.999940	0.000010	0.000010	0.000010	0.000010	0.000010	LD_0.9_7_1706
ECA569	0.000010	0.000010	0.000010	0.999940	0.000010	0.000010	0.000010	LD_0.9_7_1706
ED3032	0.000010	0.999935	0.000012	0.000010	0.000010	0.000013	0.000010	LD_0.9_7_1706
ED3037	0.000010	0.999940	0.000010	0.000010	0.000010	0.000010	0.000010	LD_0.9_7_1706
ED3088	0.000010	0.999939	0.000011	0.000010	0.000010	0.000010	0.000010	LD_0.9_7_1706
ED3102	0.000010	0.000010	0.000010	0.000010	0.000010	0.000010	0.999940	LD_0.9_7_1706
EG4360	0.000010	0.000010	0.000010	0.999940	0.000010	0.000010	0.000010	LD_0.9_7_1706
EG5612	0.000010	0.548620	0.451330	0.000010	0.000010	0.000010	0.000010	LD_0.9_7_1706
EG5613	0.000010	0.935710	0.064240	0.000010	0.000010	0.000010	0.000010	LD_0.9_7_1706
EG6179	0.000010	0.996687	0.003263	0.000010	0.000010	0.000010	0.000010	LD_0.9_7_1706
EG6260	0.000010	0.985925	0.014025	0.000010	0.000010	0.000010	0.000010	LD_0.9_7_1706
EG6261	0.000010	0.999940	0.000010	0.000010	0.000010	0.000010	0.000010	LD_0.9_7_1706
EG6265	0.981574	0.000010	0.018376	0.000010	0.000010	0.000010	0.000010	LD_0.9_7_1706
EG6267	0.000010	0.999467	0.000483	0.000010	0.000010	0.000010	0.000010	LD_0.9_7_1706
EG6271	0.000010	0.966389	0.033561	0.000010	0.000010	0.000010	0.000010	LD_0.9_7_1706
EG6272	0.000010	0.999940	0.000010	0.000010	0.000010	0.000010	0.000010	LD_0.9_7_1706
EG6274	0.000010	0.999940	0.000010	0.000010	0.000010	0.000010	0.000010	LD_0.9_7_1706
EG6275	0.000010	0.999940	0.000010	0.000010	0.000010	0.000010	0.000010	LD_0.9_7_1706
EG6276	0.000010	0.999940	0.000010	0.000010	0.000010	0.000010	0.000010	LD_0.9_7_1706
EG6329	0.000010	0.925619	0.074331	0.000010	0.000010	0.000010	0.000010	LD_0.9_7_1706
GUN124	0.000010	0.000010	0.000010	0.999940	0.000010	0.000010	0.000010	LD_0.9_7_1706
GXW22	0.000010	0.999940	0.000010	0.000010	0.000010	0.000010	0.000010	LD_0.9_7_1706
GXW23	0.000010	0.971375	0.028575	0.000010	0.000010	0.000010	0.000010	LD_0.9_7_1706
HK104	0.000010	0.000010	0.000010	0.999940	0.000010	0.000010	0.000010	LD_0.9_7_1706
HPT11	0.000010	0.000010	0.000010	0.000010	0.000010	0.000010	0.999940	LD_0.9_7_1706
HPT16	0.000010	0.999940	0.000010	0.000010	0.000010	0.000010	0.000010	LD_0.9_7_1706
HPT18	0.000010	0.000010	0.000010	0.000010	0.000010	0.000010	0.999940	LD_0.9_7_1706
HPT19	0.000010	0.999940	0.000010	0.000010	0.000010	0.000010	0.000010	LD_0.9_7_1706
HPT2	0.000010	0.999940	0.000010	0.000010	0.000010	0.000010	0.000010	LD_0.9_7_1706
HPT21	0.000010	0.999940	0.000010	0.000010	0.000010	0.000010	0.000010	LD_0.9_7_1706
HPT24	0.000010	0.000010	0.000010	0.000010	0.000010	0.000010	0.999940	LD_0.9_7_1706
HPT34	0.000010	0.999940	0.000010	0.000010	0.000010	0.000010	0.000010	LD_0.9_7_1706
HPT37	0.000010	0.969152	0.030797	0.000011	0.000010	0.000010	0.000010	LD_0.9_7_1706
HPT4	0.000010	0.999940	0.000010	0.000010	0.000010	0.000010	0.000010	LD_0.9_7_1706
HPT42	0.000010	0.999940	0.000010	0.000010	0.000010	0.000010	0.000010	LD_0.9_7_1706
HPT52	0.000010	0.510181	0.489769	0.000010	0.000010	0.000010	0.000010	LD_0.9_7_1706
HPT53	0.000010	0.999940	0.000010	0.000010	0.000010	0.000010	0.000010	LD_0.9_7_1706
HPT54	0.000010	0.999933	0.000017	0.000010	0.000010	0.000010	0.000010	LD_0.9_7_1706
HPT55	0.000010	0.999940	0.000010	0.000010	0.000010	0.000010	0.000010	LD_0.9_7_1706
HPT59	0.000010	0.999932	0.000010	0.000010	0.000010	0.000018	0.000010	LD_0.9_7_1706
HPT60	0.000010	0.999940	0.000010	0.000010	0.000010	0.000010	0.000010	LD_0.9_7_1706
HPT62	0.000010	0.000010	0.999940	0.000010	0.000010	0.000010	0.000010	LD_0.9_7_1706
HPT63	0.000010	0.999940	0.000010	0.000010	0.000010	0.000010	0.000010	LD_0.9_7_1706
HPT7	0.000010	0.999940	0.000010	0.000010	0.000010	0.000010	0.000010	LD_0.9_7_1706
HPT8	0.000010	0.999940	0.000010	0.000010	0.000010	0.000010	0.000010	LD_0.9_7_1706
HPT9	0.000010	0.775667	0.095684	0.000010	0.000010	0.000010	0.128609	LD_0.9_7_1706
JU1085	0.000010	0.000010	0.000010	0.999940	0.000010	0.000010	0.000010	LD_0.9_7_1706
JU1337	0.000010	0.960912	0.039038	0.000010	0.000010	0.000010	0.000010	LD_0.9_7_1706
JU1338	0.000010	0.425724	0.574220	0.000016	0.000010	0.000010	0.000010	LD_0.9_7_1706
JU1341	0.000010	0.000010	0.000010	0.000010	0.000010	0.999940	0.000010	LD_0.9_7_1706
JU1346	0.000010	0.405511	0.594439	0.000010	0.000010	0.000010	0.000010	LD_0.9_7_1706
JU1347	0.000010	0.999940	0.000010	0.000010	0.000010	0.000010	0.000010	LD_0.9_7_1706
JU1348	0.000010	0.000010	0.000015	0.000010	0.000010	0.999935	0.000010	LD_0.9_7_1706
JU1375	0.000011	0.999935	0.000014	0.000010	0.000010	0.000010	0.000010	LD_0.9_7_1706
JU1377	0.000010	0.999940	0.000010	0.000010	0.000010	0.000010	0.000010	LD_0.9_7_1706
JU1378	0.000010	0.999940	0.000010	0.000010	0.000010	0.000010	0.000010	LD_0.9_7_1706
JU1392	0.000010	0.999940	0.000010	0.000010	0.000010	0.000010	0.000010	LD_0.9_7_1706
JU1399	0.000010	0.738458	0.261492	0.000010	0.000010	0.000010	0.000010	LD_0.9_7_1706
JU1424	0.000010	0.465717	0.534233	0.000010	0.000010	0.000010	0.000010	LD_0.9_7_1706
JU1435	0.000010	0.999940	0.000010	0.000010	0.000010	0.000010	0.000010	LD_0.9_7_1706
JU1564	0.000010	0.000010	0.000010	0.999940	0.000010	0.000010	0.000010	LD_0.9_7_1706
JU1637	0.000010	0.999940	0.000010	0.000010	0.000010	0.000010	0.000010	LD_0.9_7_1706
JU1638	0.000010	0.999930	0.000020	0.000010	0.000010	0.000010	0.000010	LD_0.9_7_1706
JU1794	0.000010	0.974812	0.025138	0.000010	0.000010	0.000010	0.000010	LD_0.9_7_1706
JU1795	0.000010	0.999940	0.000010	0.000010	0.000010	0.000010	0.000010	LD_0.9_7_1706
JU1799	0.000010	0.999940	0.000010	0.000010	0.000010	0.000010	0.000010	LD_0.9_7_1706
JU1802	0.000010	0.999940	0.000010	0.000010	0.000010	0.000010	0.000010	LD_0.9_7_1706
JU1814	0.000010	0.957535	0.042415	0.000010	0.000010	0.000010	0.000010	LD_0.9_7_1706
JU1884	0.000010	0.999940	0.000010	0.000010	0.000010	0.000010	0.000010	LD_0.9_7_1706
JU1885	0.000010	0.934745	0.065205	0.000010	0.000010	0.000010	0.000010	LD_0.9_7_1706
JU1907	0.000010	0.999940	0.000010	0.000010	0.000010	0.000010	0.000010	LD_0.9_7_1706
JU1908	0.000010	0.999939	0.000011	0.000010	0.000010	0.000010	0.000010	LD_0.9_7_1706
JU1909	0.000010	0.999937	0.000013	0.000010	0.000010	0.000010	0.000010	LD_0.9_7_1706
JU1913	0.000010	0.497295	0.502655	0.000010	0.000010	0.000010	0.000010	LD_0.9_7_1706
JU2053	0.000010	0.999940	0.000010	0.000010	0.000010	0.000010	0.000010	LD_0.9_7_1706
JU2054	0.000010	0.999940	0.000010	0.000010	0.000010	0.000010	0.000010	LD_0.9_7_1706
JU2056	0.000010	0.999930	0.000020	0.000010	0.000010	0.000010	0.000010	LD_0.9_7_1706
JU2057	0.000010	0.000133	0.999817	0.000010	0.000010	0.000010	0.000010	LD_0.9_7_1706
JU2160	0.000010	0.000010	0.999940	0.000010	0.000010	0.000010	0.000010	LD_0.9_7_1706
JU2162	0.000010	0.000010	0.999940	0.000010	0.000010	0.000010	0.000010	LD_0.9_7_1706
JU2214	0.000010	0.793787	0.203733	0.002441	0.000010	0.000010	0.000010	LD_0.9_7_1706
JU2216	0.999940	0.000010	0.000010	0.000010	0.000010	0.000010	0.000010	LD_0.9_7_1706
JU2457	0.000010	0.422792	0.077929	0.499238	0.000010	0.000010	0.000010	LD_0.9_7_1706
JU2470	0.000010	0.000010	0.999940	0.000010	0.000010	0.000010	0.000010	LD_0.9_7_1706
JU2472	0.000010	0.999940	0.000010	0.000010	0.000010	0.000010	0.000010	LD_0.9_7_1706
JU2507	0.000010	0.000010	0.999940	0.000010	0.000010	0.000010	0.000010	LD_0.9_7_1706
JU2518	0.000010	0.512678	0.487272	0.000010	0.000010	0.000010	0.000010	LD_0.9_7_1706
JU2536	0.000010	0.000010	0.000010	0.999940	0.000010	0.000010	0.000010	LD_0.9_7_1706
JU2618	0.000010	0.313123	0.686826	0.000011	0.000010	0.000010	0.000010	LD_0.9_7_1706
JU2799	0.000010	0.999940	0.000010	0.000010	0.000010	0.000010	0.000010	LD_0.9_7_1706
JU2836	0.000010	0.776289	0.223661	0.000010	0.000010	0.000010	0.000010	LD_0.9_7_1706
JU2849	0.000010	0.560643	0.439307	0.000010	0.000010	0.000010	0.000010	LD_0.9_7_1706
JU2861	0.000010	0.999939	0.000011	0.000010	0.000010	0.000010	0.000010	LD_0.9_7_1706
JU2868	0.000010	0.999940	0.000010	0.000010	0.000010	0.000010	0.000010	LD_0.9_7_1706
JU2872	0.000010	0.000010	0.000010	0.999940	0.000010	0.000010	0.000010	LD_0.9_7_1706
JU2910	0.000010	0.913478	0.086472	0.000010	0.000010	0.000010	0.000010	LD_0.9_7_1706
JU3168	0.000010	0.000010	0.000010	0.000010	0.000010	0.000010	0.999940	LD_0.9_7_1706
JU3171	0.000010	0.999940	0.000010	0.000010	0.000010	0.000010	0.000010	LD_0.9_7_1706
JU3199	0.000010	0.000010	0.000010	0.000010	0.000010	0.999940	0.000010	LD_0.9_7_1706
JU3200	0.000019	0.000010	0.000010	0.000010	0.000010	0.999931	0.000010	LD_0.9_7_1706
JU3201	0.000010	0.000019	0.000010	0.000010	0.000010	0.999931	0.000010	LD_0.9_7_1706
JU3202	0.000010	0.000010	0.000010	0.000010	0.000010	0.999940	0.000010	LD_0.9_7_1706
JU3203	0.000010	0.000010	0.000010	0.000017	0.000010	0.999933	0.000010	LD_0.9_7_1706
JU3206	0.000010	0.000010	0.000010	0.000010	0.000010	0.999940	0.000010	LD_0.9_7_1706
JU3207	0.000010	0.999940	0.000010	0.000010	0.000010	0.000010	0.000010	LD_0.9_7_1706
JU3237	0.000010	0.000010	0.999940	0.000010	0.000010	0.000010	0.000010	LD_0.9_7_1706
JU3281	0.000010	0.999936	0.000010	0.000010	0.000010	0.000014	0.000010	LD_0.9_7_1706
JU3319	0.006565	0.967851	0.025543	0.000011	0.000010	0.000010	0.000010	LD_0.9_7_1706
JU3321	0.000010	0.999940	0.000010	0.000010	0.000010	0.000010	0.000010	LD_0.9_7_1706
JU3326	0.000010	0.000010	0.000010	0.149274	0.000010	0.000010	0.850676	LD_0.9_7_1706
JU3327	0.000010	0.999940	0.000010	0.000010	0.000010	0.000010	0.000010	LD_0.9_7_1706
JU3416	0.000010	0.094346	0.000010	0.905604	0.000010	0.000010	0.000010	LD_0.9_7_1706
JU4042	0.000010	0.999940	0.000010	0.000010	0.000010	0.000010	0.000010	LD_0.9_7_1706
JU4051	0.000010	0.469621	0.530323	0.000012	0.000012	0.000010	0.000010	LD_0.9_7_1706
JU4058	0.000010	0.686916	0.177442	0.135602	0.000010	0.000010	0.000010	LD_0.9_7_1706
JU4060	0.000010	0.423162	0.576788	0.000010	0.000010	0.000010	0.000010	LD_0.9_7_1706
JU4062	0.000010	0.463167	0.536778	0.000010	0.000010	0.000015	0.000010	LD_0.9_7_1706
JU4064	0.000010	0.455326	0.544619	0.000010	0.000014	0.000010	0.000010	LD_0.9_7_1706
JU4080	0.000010	0.999940	0.000010	0.000010	0.000010	0.000010	0.000010	LD_0.9_7_1706
JU4084	0.000010	0.399689	0.600261	0.000010	0.000010	0.000010	0.000010	LD_0.9_7_1706
JU4097	0.000012	0.452623	0.547325	0.000010	0.000010	0.000010	0.000010	LD_0.9_7_1706
JU725	0.000010	0.972386	0.027564	0.000010	0.000010	0.000010	0.000010	LD_0.9_7_1706
MY2716	0.000010	0.999936	0.000014	0.000010	0.000010	0.000010	0.000010	LD_0.9_7_1706
MY539	0.000010	0.999940	0.000010	0.000010	0.000010	0.000010	0.000010	LD_0.9_7_1706
NIC1050	0.000011	0.388410	0.611540	0.000010	0.000010	0.000010	0.000010	LD_0.9_7_1706
NIC1052	0.000010	0.291823	0.708127	0.000010	0.000010	0.000010	0.000010	LD_0.9_7_1706
NIC1054	0.000010	0.494026	0.505924	0.000010	0.000010	0.000010	0.000010	LD_0.9_7_1706
NIC1055	0.000010	0.385139	0.614811	0.000010	0.000010	0.000010	0.000010	LD_0.9_7_1706
NIC1057	0.000010	0.303499	0.696451	0.000010	0.000010	0.000010	0.000010	LD_0.9_7_1706
NIC1058	0.000010	0.349073	0.650877	0.000010	0.000010	0.000010	0.000010	LD_0.9_7_1706
NIC1059	0.000010	0.384570	0.615380	0.000010	0.000010	0.000010	0.000010	LD_0.9_7_1706
NIC1060	0.000010	0.474693	0.525257	0.000010	0.000010	0.000010	0.000010	LD_0.9_7_1706
NIC1062	0.000010	0.765171	0.234779	0.000010	0.000010	0.000010	0.000010	LD_0.9_7_1706
NIC1069	0.000014	0.930862	0.069081	0.000013	0.000010	0.000010	0.000010	LD_0.9_7_1706
NIC1103	0.000010	0.368739	0.631211	0.000010	0.000010	0.000010	0.000010	LD_0.9_7_1706
NIC1104	0.000010	0.906702	0.093248	0.000010	0.000010	0.000010	0.000010	LD_0.9_7_1706
NIC1106	0.000010	0.646041	0.353909	0.000010	0.000010	0.000010	0.000010	LD_0.9_7_1706
NIC1117	0.000010	0.999940	0.000010	0.000010	0.000010	0.000010	0.000010	LD_0.9_7_1706
NIC1123	0.000010	0.425584	0.574366	0.000010	0.000010	0.000010	0.000010	LD_0.9_7_1706
NIC1124	0.000010	0.507930	0.492020	0.000010	0.000010	0.000010	0.000010	LD_0.9_7_1706
NIC1135	0.000010	0.528667	0.471283	0.000010	0.000010	0.000010	0.000010	LD_0.9_7_1706
NIC1138	0.000010	0.495097	0.504853	0.000010	0.000010	0.000010	0.000010	LD_0.9_7_1706
NIC1141	0.000010	0.521215	0.478735	0.000010	0.000010	0.000010	0.000010	LD_0.9_7_1706
NIC115	0.000010	0.999940	0.000010	0.000010	0.000010	0.000010	0.000010	LD_0.9_7_1706
NIC117	0.000010	0.999935	0.000014	0.000011	0.000010	0.000010	0.000010	LD_0.9_7_1706
NIC1183	0.000010	0.507068	0.492882	0.000010	0.000010	0.000010	0.000010	LD_0.9_7_1706
NIC119	0.000010	0.999940	0.000010	0.000010	0.000010	0.000010	0.000010	LD_0.9_7_1706
NIC1190	0.000010	0.574329	0.425621	0.000010	0.000010	0.000010	0.000010	LD_0.9_7_1706
NIC1202	0.000010	0.999940	0.000010	0.000010	0.000010	0.000010	0.000010	LD_0.9_7_1706
NIC1204	0.000010	0.999940	0.000010	0.000010	0.000010	0.000010	0.000010	LD_0.9_7_1706
NIC1205	0.999928	0.000018	0.000014	0.000010	0.000010	0.000010	0.000010	LD_0.9_7_1706
NIC1218	0.000010	0.999939	0.000011	0.000010	0.000010	0.000010	0.000010	LD_0.9_7_1706
NIC1220	0.999940	0.000010	0.000010	0.000010	0.000010	0.000010	0.000010	LD_0.9_7_1706
NIC1221	0.000010	0.999940	0.000010	0.000010	0.000010	0.000010	0.000010	LD_0.9_7_1706
NIC123	0.000010	0.999940	0.000010	0.000010	0.000010	0.000010	0.000010	LD_0.9_7_1706
NIC1267	0.000010	0.838506	0.161444	0.000010	0.000010	0.000010	0.000010	LD_0.9_7_1706
NIC1283	0.000010	0.582899	0.417051	0.000010	0.000010	0.000010	0.000010	LD_0.9_7_1706
NIC1288	0.000010	0.383653	0.616297	0.000010	0.000010	0.000010	0.000010	LD_0.9_7_1706
NIC1292	0.000010	0.515838	0.484112	0.000010	0.000010	0.000010	0.000010	LD_0.9_7_1706
NIC1302	0.000010	0.707734	0.292216	0.000010	0.000010	0.000010	0.000010	LD_0.9_7_1706
NIC1304	0.000010	0.490884	0.509066	0.000010	0.000010	0.000010	0.000010	LD_0.9_7_1706
NIC1308	0.000010	0.748765	0.251185	0.000010	0.000010	0.000010	0.000010	LD_0.9_7_1706
NIC1407	0.000010	0.464306	0.535644	0.000010	0.000010	0.000010	0.000010	LD_0.9_7_1706
NIC1421	0.000010	0.775847	0.224103	0.000010	0.000010	0.000010	0.000010	LD_0.9_7_1706
NIC1423	0.000010	0.385240	0.614710	0.000010	0.000010	0.000010	0.000010	LD_0.9_7_1706
NIC1442	0.000010	0.693214	0.306735	0.000010	0.000010	0.000011	0.000010	LD_0.9_7_1706
NIC1491	0.000010	0.692896	0.307052	0.000010	0.000010	0.000012	0.000010	LD_0.9_7_1706
NIC1525	0.000010	0.999940	0.000010	0.000010	0.000010	0.000010	0.000010	LD_0.9_7_1706
NIC1528	0.000010	0.999940	0.000010	0.000010	0.000010	0.000010	0.000010	LD_0.9_7_1706
NIC1529	0.000010	0.999940	0.000010	0.000010	0.000010	0.000010	0.000010	LD_0.9_7_1706
NIC1533	0.000013	0.999937	0.000010	0.000010	0.000010	0.000010	0.000010	LD_0.9_7_1706
NIC1535	0.000010	0.999940	0.000010	0.000010	0.000010	0.000010	0.000010	LD_0.9_7_1706
NIC1539	0.999940	0.000010	0.000010	0.000010	0.000010	0.000010	0.000010	LD_0.9_7_1706
NIC1540	0.999940	0.000010	0.000010	0.000010	0.000010	0.000010	0.000010	LD_0.9_7_1706
NIC1562	0.999939	0.000010	0.000010	0.000011	0.000010	0.000010	0.000010	LD_0.9_7_1706
NIC1589	0.999938	0.000012	0.000010	0.000010	0.000010	0.000010	0.000010	LD_0.9_7_1706
NIC1590	0.999940	0.000010	0.000010	0.000010	0.000010	0.000010	0.000010	LD_0.9_7_1706
NIC1591	0.999938	0.000010	0.000010	0.000011	0.000010	0.000010	0.000010	LD_0.9_7_1706
NIC1593	0.999930	0.000020	0.000010	0.000010	0.000010	0.000010	0.000010	LD_0.9_7_1706
NIC1595	0.999940	0.000010	0.000010	0.000010	0.000010	0.000010	0.000010	LD_0.9_7_1706
NIC1598	0.979155	0.020792	0.000010	0.000013	0.000010	0.000010	0.000010	LD_0.9_7_1706
NIC1602	0.999940	0.000010	0.000010	0.000010	0.000010	0.000010	0.000010	LD_0.9_7_1706
NIC1607	0.000010	0.000010	0.000010	0.000010	0.000010	0.000010	0.999940	LD_0.9_7_1706
NIC1628	0.000010	0.999937	0.000012	0.000010	0.000010	0.000010	0.000010	LD_0.9_7_1706
NIC1630	0.999940	0.000010	0.000010	0.000010	0.000010	0.000010	0.000010	LD_0.9_7_1706
NIC1631	0.999940	0.000010	0.000010	0.000010	0.000010	0.000010	0.000010	LD_0.9_7_1706
NIC1632	0.000010	0.000018	0.000010	0.999932	0.000010	0.000010	0.000010	LD_0.9_7_1706
NIC1633	0.000010	0.000010	0.000010	0.999939	0.000011	0.000010	0.000010	LD_0.9_7_1706
NIC1635	0.000010	0.000010	0.000010	0.999940	0.000010	0.000010	0.000010	LD_0.9_7_1706
NIC1645	0.999940	0.000010	0.000010	0.000010	0.000010	0.000010	0.000010	LD_0.9_7_1706
NIC1660	0.999940	0.000010	0.000010	0.000010	0.000010	0.000010	0.000010	LD_0.9_7_1706
NIC1661	0.999940	0.000010	0.000010	0.000010	0.000010	0.000010	0.000010	LD_0.9_7_1706
NIC1662	0.999936	0.000011	0.000012	0.000011	0.000010	0.000010	0.000010	LD_0.9_7_1706
NIC1663	0.999940	0.000010	0.000010	0.000010	0.000010	0.000010	0.000010	LD_0.9_7_1706
NIC1664	0.999932	0.000010	0.000017	0.000010	0.000010	0.000010	0.000010	LD_0.9_7_1706
NIC1665	0.999940	0.000010	0.000010	0.000010	0.000010	0.000010	0.000010	LD_0.9_7_1706
NIC1666	0.999940	0.000010	0.000010	0.000010	0.000010	0.000010	0.000010	LD_0.9_7_1706
NIC1667	0.999938	0.000010	0.000010	0.000012	0.000010	0.000010	0.000010	LD_0.9_7_1706
NIC1681	0.999940	0.000010	0.000010	0.000010	0.000010	0.000010	0.000010	LD_0.9_7_1706
NIC1688	0.000010	0.999940	0.000010	0.000010	0.000010	0.000010	0.000010	LD_0.9_7_1706
NIC1692	0.983819	0.016131	0.000010	0.000010	0.000010	0.000010	0.000010	LD_0.9_7_1706
NIC1693	0.999937	0.000013	0.000010	0.000010	0.000010	0.000010	0.000010	LD_0.9_7_1706
NIC17	0.000010	0.999940	0.000010	0.000010	0.000010	0.000010	0.000010	LD_0.9_7_1706
NIC174	0.000010	0.000010	0.000010	0.999940	0.000010	0.000010	0.000010	LD_0.9_7_1706
NIC187	0.000010	0.999940	0.000010	0.000010	0.000010	0.000010	0.000010	LD_0.9_7_1706
NIC188	0.000010	0.999940	0.000010	0.000010	0.000010	0.000010	0.000010	LD_0.9_7_1706
NIC19	0.999940	0.000010	0.000010	0.000010	0.000010	0.000010	0.000010	LD_0.9_7_1706
NIC191	0.000010	0.999940	0.000010	0.000010	0.000010	0.000010	0.000010	LD_0.9_7_1706
NIC20	0.999932	0.000018	0.000010	0.000010	0.000010	0.000010	0.000010	LD_0.9_7_1706
NIC21	0.999938	0.000012	0.000010	0.000010	0.000010	0.000010	0.000010	LD_0.9_7_1706
NIC22	0.999940	0.000010	0.000010	0.000010	0.000010	0.000010	0.000010	LD_0.9_7_1706
NIC2369	0.000010	0.536781	0.463167	0.000011	0.000010	0.000010	0.000010	LD_0.9_7_1706
NIC248	0.000012	0.999938	0.000010	0.000010	0.000010	0.000010	0.000010	LD_0.9_7_1706
NIC250	0.000010	0.999940	0.000010	0.000010	0.000010	0.000010	0.000010	LD_0.9_7_1706
NIC2527	0.000010	0.999935	0.000010	0.000015	0.000010	0.000010	0.000010	LD_0.9_7_1706
NIC309	0.000010	0.787984	0.211966	0.000010	0.000010	0.000010	0.000010	LD_0.9_7_1706
NIC325	0.000010	0.777099	0.222851	0.000010	0.000010	0.000010	0.000010	LD_0.9_7_1706
NIC327	0.000010	0.414637	0.585313	0.000010	0.000010	0.000010	0.000010	LD_0.9_7_1706
NIC329	0.000010	0.539274	0.460676	0.000010	0.000010	0.000010	0.000010	LD_0.9_7_1706
NIC330	0.000010	0.565948	0.434002	0.000010	0.000010	0.000010	0.000010	LD_0.9_7_1706
NIC331	0.000010	0.603296	0.396654	0.000010	0.000010	0.000010	0.000010	LD_0.9_7_1706
NIC332	0.000010	0.507665	0.492279	0.000010	0.000010	0.000016	0.000010	LD_0.9_7_1706
NIC333	0.000010	0.533346	0.466604	0.000010	0.000010	0.000010	0.000010	LD_0.9_7_1706
NIC343	0.000010	0.999940	0.000010	0.000010	0.000010	0.000010	0.000010	LD_0.9_7_1706
NIC392	0.000010	0.893022	0.106928	0.000010	0.000010	0.000010	0.000010	LD_0.9_7_1706
NIC400	0.000010	0.511033	0.488917	0.000010	0.000010	0.000010	0.000010	LD_0.9_7_1706
NIC402	0.000010	0.504483	0.495467	0.000010	0.000010	0.000010	0.000010	LD_0.9_7_1706
NIC419	0.000010	0.558196	0.441746	0.000010	0.000010	0.000017	0.000010	LD_0.9_7_1706
NIC504	0.999936	0.000014	0.000010	0.000010	0.000010	0.000010	0.000010	LD_0.9_7_1706
NIC505	0.999940	0.000010	0.000010	0.000010	0.000010	0.000010	0.000010	LD_0.9_7_1706
NIC518	0.999940	0.000010	0.000010	0.000010	0.000010	0.000010	0.000010	LD_0.9_7_1706
NIC519	0.999939	0.000011	0.000010	0.000010	0.000010	0.000010	0.000010	LD_0.9_7_1706
NIC532	0.000010	0.999936	0.000013	0.000010	0.000010	0.000011	0.000010	LD_0.9_7_1706
NIC541	0.000010	0.403803	0.596147	0.000010	0.000010	0.000010	0.000010	LD_0.9_7_1706
NIC549	0.000010	0.999940	0.000010	0.000010	0.000010	0.000010	0.000010	LD_0.9_7_1706
NIC552	0.000010	0.964795	0.035155	0.000010	0.000010	0.000010	0.000010	LD_0.9_7_1706
NIC555	0.000010	0.861467	0.138480	0.000010	0.000010	0.000014	0.000010	LD_0.9_7_1706
NIC574	0.000010	0.992771	0.007179	0.000010	0.000010	0.000010	0.000010	LD_0.9_7_1706
NIC578	0.000010	0.999940	0.000010	0.000010	0.000010	0.000010	0.000010	LD_0.9_7_1706
NIC583	0.000010	0.895956	0.103994	0.000010	0.000010	0.000010	0.000010	LD_0.9_7_1706
NIC590	0.000010	0.755581	0.244359	0.000019	0.000010	0.000010	0.000010	LD_0.9_7_1706
NIC593	0.000010	0.999935	0.000015	0.000010	0.000010	0.000010	0.000010	LD_0.9_7_1706
NIC60	0.000017	0.857554	0.142386	0.000010	0.000010	0.000013	0.000010	LD_0.9_7_1706
NIC61	0.000010	0.990131	0.009819	0.000010	0.000010	0.000010	0.000010	LD_0.9_7_1706
NIC62	0.000010	0.918222	0.081728	0.000010	0.000010	0.000010	0.000010	LD_0.9_7_1706
NIC67	0.000010	0.516178	0.483771	0.000010	0.000010	0.000010	0.000010	LD_0.9_7_1706
NIC758	0.000010	0.776571	0.223369	0.000019	0.000010	0.000010	0.000010	LD_0.9_7_1706
NIC777	0.000010	0.822167	0.177783	0.000010	0.000010	0.000010	0.000010	LD_0.9_7_1706
NIC779	0.999940	0.000010	0.000010	0.000010	0.000010	0.000010	0.000010	LD_0.9_7_1706
NIC790	0.000010	0.999939	0.000011	0.000010	0.000010	0.000010	0.000010	LD_0.9_7_1706
NIC791	0.000010	0.061443	0.938507	0.000010	0.000010	0.000010	0.000010	LD_0.9_7_1706
NIC792	0.000010	0.674535	0.325415	0.000010	0.000010	0.000010	0.000010	LD_0.9_7_1706
NIC793	0.000010	0.999940	0.000010	0.000010	0.000010	0.000010	0.000010	LD_0.9_7_1706
NIC795	0.000010	0.999938	0.000012	0.000010	0.000010	0.000010	0.000010	LD_0.9_7_1706
NIC796	0.000010	0.996666	0.000010	0.003284	0.000010	0.000010	0.000010	LD_0.9_7_1706
NIC802	0.000010	0.999939	0.000011	0.000010	0.000010	0.000010	0.000010	LD_0.9_7_1706
NIC803	0.000010	0.999940	0.000010	0.000010	0.000010	0.000010	0.000010	LD_0.9_7_1706
NIC805	0.999940	0.000010	0.000010	0.000010	0.000010	0.000010	0.000010	LD_0.9_7_1706
NIC811	0.000010	0.999940	0.000010	0.000010	0.000010	0.000010	0.000010	LD_0.9_7_1706
NIC814	0.999938	0.000010	0.000010	0.000012	0.000010	0.000010	0.000010	LD_0.9_7_1706
NIC815	0.999940	0.000010	0.000010	0.000010	0.000010	0.000010	0.000010	LD_0.9_7_1706
NIC816	0.999939	0.000010	0.000010	0.000011	0.000010	0.000010	0.000010	LD_0.9_7_1706
NIC819	0.000010	0.000010	0.000010	0.000010	0.000010	0.000010	0.999940	LD_0.9_7_1706
NIC821	0.000010	0.999940	0.000010	0.000010	0.000010	0.000010	0.000010	LD_0.9_7_1706
NIC822	0.999936	0.000014	0.000010	0.000010	0.000010	0.000010	0.000010	LD_0.9_7_1706
NIC824	0.999939	0.000010	0.000011	0.000010	0.000010	0.000010	0.000010	LD_0.9_7_1706
NIC825	0.999940	0.000010	0.000010	0.000010	0.000010	0.000010	0.000010	LD_0.9_7_1706
NIC827	0.999940	0.000010	0.000010	0.000010	0.000010	0.000010	0.000010	LD_0.9_7_1706
NIC828	0.999940	0.000010	0.000010	0.000010	0.000010	0.000010	0.000010	LD_0.9_7_1706
NIC863	0.999940	0.000010	0.000010	0.000010	0.000010	0.000010	0.000010	LD_0.9_7_1706
NIC864	0.999940	0.000010	0.000010	0.000010	0.000010	0.000010	0.000010	LD_0.9_7_1706
NIC865	0.999940	0.000010	0.000010	0.000010	0.000010	0.000010	0.000010	LD_0.9_7_1706
NIC871	0.000010	0.999940	0.000010	0.000010	0.000010	0.000010	0.000010	LD_0.9_7_1706
NIC883	0.000010	0.999940	0.000010	0.000010	0.000010	0.000010	0.000010	LD_0.9_7_1706
NIC889	0.999940	0.000010	0.000010	0.000010	0.000010	0.000010	0.000010	LD_0.9_7_1706
NIC893	0.000010	0.000010	0.000010	0.000010	0.000010	0.000010	0.999940	LD_0.9_7_1706
NIC897	0.999940	0.000010	0.000010	0.000010	0.000010	0.000010	0.000010	LD_0.9_7_1706
NIC899	0.000010	0.000010	0.000010	0.999940	0.000010	0.000010	0.000010	LD_0.9_7_1706
NIC901	0.000010	0.999940	0.000010	0.000010	0.000010	0.000010	0.000010	LD_0.9_7_1706
NIC911	0.000010	0.999939	0.000011	0.000010	0.000010	0.000010	0.000010	LD_0.9_7_1706
NIC96	0.000010	0.692825	0.307125	0.000010	0.000010	0.000010	0.000010	LD_0.9_7_1706
NIC984	0.000010	0.999939	0.000011	0.000010	0.000010	0.000010	0.000010	LD_0.9_7_1706
NIC985	0.000010	0.999940	0.000010	0.000010	0.000010	0.000010	0.000010	LD_0.9_7_1706
PB800	0.000010	0.000010	0.000010	0.999940	0.000010	0.000010	0.000010	LD_0.9_7_1706
PB857	0.000010	0.000010	0.000010	0.999938	0.000011	0.000010	0.000010	LD_0.9_7_1706
PE887	0.000010	0.999940	0.000010	0.000010	0.000010	0.000010	0.000010	LD_0.9_7_1706
QG1005	0.000010	0.008647	0.991303	0.000010	0.000010	0.000010	0.000010	LD_0.9_7_1706
QG1007	0.000010	0.000010	0.999940	0.000010	0.000010	0.000010	0.000010	LD_0.9_7_1706
QG1111	0.000010	0.000010	0.999940	0.000010	0.000010	0.000010	0.000010	LD_0.9_7_1706
QG1126	0.000010	0.000010	0.999940	0.000010	0.000010	0.000010	0.000010	LD_0.9_7_1706
QG1141	0.000010	0.001232	0.998718	0.000010	0.000010	0.000010	0.000010	LD_0.9_7_1706
QG1155	0.000010	0.004577	0.995373	0.000010	0.000010	0.000010	0.000010	LD_0.9_7_1706
QG130	0.000010	0.999939	0.000011	0.000010	0.000010	0.000010	0.000010	LD_0.9_7_1706
QG132	0.000010	0.999940	0.000010	0.000010	0.000010	0.000010	0.000010	LD_0.9_7_1706
QG133	0.965336	0.034611	0.000010	0.000013	0.000010	0.000010	0.000010	LD_0.9_7_1706
QG2641	0.000010	0.000010	0.999940	0.000010	0.000010	0.000010	0.000010	LD_0.9_7_1706
QG2648	0.000010	0.000010	0.999940	0.000010	0.000010	0.000010	0.000010	LD_0.9_7_1706
QG2659	0.000010	0.000010	0.999940	0.000010	0.000010	0.000010	0.000010	LD_0.9_7_1706
QG2663	0.000010	0.000011	0.999939	0.000010	0.000010	0.000010	0.000010	LD_0.9_7_1706
QG2665	0.000010	0.000010	0.999940	0.000010	0.000010	0.000010	0.000010	LD_0.9_7_1706
QG2683	0.000010	0.000010	0.999940	0.000010	0.000010	0.000010	0.000010	LD_0.9_7_1706
QG2736	0.000010	0.000010	0.999940	0.000010	0.000010	0.000010	0.000010	LD_0.9_7_1706
QG2814	0.000010	0.999940	0.000010	0.000010	0.000010	0.000010	0.000010	LD_0.9_7_1706
QG2820	0.000010	0.999940	0.000010	0.000010	0.000010	0.000010	0.000010	LD_0.9_7_1706
QG2848	0.000010	0.999940	0.000010	0.000010	0.000010	0.000010	0.000010	LD_0.9_7_1706
QG2880	0.000010	0.000010	0.999940	0.000010	0.000010	0.000010	0.000010	LD_0.9_7_1706
QG2881	0.000010	0.999930	0.000020	0.000010	0.000010	0.000010	0.000010	LD_0.9_7_1706
QG2883	0.000010	0.999940	0.000010	0.000010	0.000010	0.000010	0.000010	LD_0.9_7_1706
QG2884	0.000010	0.000010	0.999940	0.000010	0.000010	0.000010	0.000010	LD_0.9_7_1706
QG2891	0.000010	0.000010	0.000010	0.000010	0.999940	0.000010	0.000010	LD_0.9_7_1706
QG2892	0.000010	0.000010	0.999940	0.000010	0.000010	0.000010	0.000010	LD_0.9_7_1706
QG2893	0.000010	0.000010	0.000010	0.000010	0.823861	0.176089	0.000010	LD_0.9_7_1706
QG2895	0.000010	0.000010	0.999940	0.000010	0.000010	0.000010	0.000010	LD_0.9_7_1706
QG2902	0.000010	0.000010	0.999940	0.000010	0.000010	0.000010	0.000010	LD_0.9_7_1706
QG2903	0.000010	0.000010	0.999940	0.000010	0.000010	0.000010	0.000010	LD_0.9_7_1706
QG2906	0.000010	0.000010	0.999940	0.000010	0.000010	0.000010	0.000010	LD_0.9_7_1706
QG2908	0.000010	0.000010	0.000010	0.000010	0.822575	0.177375	0.000010	LD_0.9_7_1706
QG2910	0.000010	0.999940	0.000010	0.000010	0.000010	0.000010	0.000010	LD_0.9_7_1706
QG2919	0.000010	0.000010	0.000010	0.000010	0.999940	0.000010	0.000010	LD_0.9_7_1706
QG2923	0.000010	0.000010	0.999940	0.000010	0.000010	0.000010	0.000010	LD_0.9_7_1706
QG2925	0.000010	0.000010	0.999940	0.000010	0.000010	0.000010	0.000010	LD_0.9_7_1706
QG2964	0.000010	0.000010	0.999940	0.000010	0.000010	0.000010	0.000010	LD_0.9_7_1706
QG2966	0.000012	0.420101	0.579847	0.000010	0.000010	0.000010	0.000010	LD_0.9_7_1706
QG2969	0.000010	0.000010	0.999940	0.000010	0.000010	0.000010	0.000010	LD_0.9_7_1706
QG2972	0.000010	0.000010	0.999940	0.000010	0.000010	0.000010	0.000010	LD_0.9_7_1706
QG2996	0.000010	0.000010	0.999940	0.000010	0.000010	0.000010	0.000010	LD_0.9_7_1706
QG3004	0.000010	0.183426	0.816523	0.000011	0.000010	0.000010	0.000010	LD_0.9_7_1706
QG3006	0.000010	0.000011	0.999939	0.000010	0.000010	0.000010	0.000010	LD_0.9_7_1706
QG3019	0.000010	0.071929	0.928021	0.000010	0.000010	0.000010	0.000010	LD_0.9_7_1706
QG3025	0.000010	0.000010	0.999940	0.000010	0.000010	0.000010	0.000010	LD_0.9_7_1706
QG3030	0.000010	0.000010	0.999940	0.000010	0.000010	0.000010	0.000010	LD_0.9_7_1706
QG3032	0.000010	0.219308	0.780642	0.000010	0.000010	0.000010	0.000010	LD_0.9_7_1706
QG3034	0.000010	0.000010	0.999940	0.000010	0.000010	0.000010	0.000010	LD_0.9_7_1706
QG3041	0.000010	0.000010	0.999940	0.000010	0.000010	0.000010	0.000010	LD_0.9_7_1706
QG3053	0.000010	0.999937	0.000010	0.000010	0.000013	0.000010	0.000010	LD_0.9_7_1706
QG3056	0.000011	0.422863	0.577083	0.000014	0.000010	0.000010	0.000010	LD_0.9_7_1706
QG3057	0.000010	0.000010	0.999940	0.000010	0.000010	0.000010	0.000010	LD_0.9_7_1706
QG3058	0.000010	0.024507	0.975443	0.000010	0.000010	0.000010	0.000010	LD_0.9_7_1706
QG3527	0.000010	0.854175	0.145775	0.000010	0.000010	0.000010	0.000010	LD_0.9_7_1706
QG3661	0.000010	0.000020	0.000010	0.999930	0.000010	0.000010	0.000010	LD_0.9_7_1706
QG3783	0.000010	0.898134	0.101816	0.000010	0.000010	0.000010	0.000010	LD_0.9_7_1706
QG3801	0.000010	0.033224	0.966724	0.000012	0.000010	0.000010	0.000010	LD_0.9_7_1706
QG3815	0.000010	0.898076	0.101868	0.000010	0.000010	0.000017	0.000010	LD_0.9_7_1706
QG3816	0.000010	0.910465	0.089485	0.000010	0.000010	0.000010	0.000010	LD_0.9_7_1706
QG3823	0.000010	0.000010	0.999940	0.000010	0.000010	0.000010	0.000010	LD_0.9_7_1706
QG3825	0.000010	0.967662	0.032288	0.000010	0.000010	0.000010	0.000010	LD_0.9_7_1706
QG3826	0.000010	0.892675	0.107270	0.000010	0.000010	0.000015	0.000010	LD_0.9_7_1706
QG3837	0.000010	0.989549	0.010401	0.000010	0.000010	0.000010	0.000010	LD_0.9_7_1706
QG3851	0.000010	0.883111	0.116839	0.000010	0.000010	0.000010	0.000010	LD_0.9_7_1706
QG3861	0.000010	0.909234	0.090716	0.000010	0.000010	0.000010	0.000010	LD_0.9_7_1706
QG3867	0.000010	0.079281	0.920669	0.000010	0.000010	0.000010	0.000010	LD_0.9_7_1706
QG3874	0.000010	0.964381	0.035565	0.000010	0.000010	0.000014	0.000010	LD_0.9_7_1706
QG3875	0.000010	0.921049	0.078901	0.000010	0.000010	0.000010	0.000010	LD_0.9_7_1706
QG3876	0.000010	0.886409	0.113541	0.000010	0.000010	0.000010	0.000010	LD_0.9_7_1706
QG3878	0.000010	0.916450	0.083500	0.000010	0.000010	0.000010	0.000010	LD_0.9_7_1706
QG3920	0.000010	0.858273	0.141677	0.000010	0.000010	0.000010	0.000010	LD_0.9_7_1706
QG3921	0.000010	0.874427	0.125523	0.000010	0.000010	0.000010	0.000010	LD_0.9_7_1706
QG3923	0.000010	0.942927	0.057023	0.000010	0.000010	0.000010	0.000010	LD_0.9_7_1706
QG3924	0.000010	0.787961	0.211989	0.000010	0.000010	0.000010	0.000010	LD_0.9_7_1706
QG3925	0.000010	0.868784	0.131166	0.000010	0.000010	0.000010	0.000010	LD_0.9_7_1706
QG3926	0.000010	0.889640	0.110310	0.000010	0.000010	0.000010	0.000010	LD_0.9_7_1706
QG3927	0.000010	0.881318	0.118632	0.000010	0.000010	0.000010	0.000010	LD_0.9_7_1706
QG3931	0.000010	0.768959	0.230991	0.000010	0.000010	0.000010	0.000010	LD_0.9_7_1706
QG3932	0.000010	0.880258	0.119692	0.000010	0.000010	0.000010	0.000010	LD_0.9_7_1706
QG3933	0.000010	0.999940	0.000010	0.000010	0.000010	0.000010	0.000010	LD_0.9_7_1706
QG4026	0.000010	0.000010	0.000010	0.000010	0.999940	0.000010	0.000010	LD_0.9_7_1706
QG4028	0.000010	0.000010	0.000013	0.000010	0.999937	0.000010	0.000010	LD_0.9_7_1706
QG4031	0.000010	0.000015	0.000012	0.000010	0.999933	0.000010	0.000010	LD_0.9_7_1706
QG4063	0.000010	0.000010	0.000010	0.000010	0.999940	0.000010	0.000010	LD_0.9_7_1706
QG4064	0.000010	0.000019	0.000010	0.000010	0.999931	0.000010	0.000010	LD_0.9_7_1706
QG4067	0.000010	0.000010	0.000010	0.000014	0.999930	0.000016	0.000010	LD_0.9_7_1706
QG4068	0.000010	0.000010	0.000010	0.000010	0.999940	0.000010	0.000010	LD_0.9_7_1706
QG4070	0.000010	0.999932	0.000018	0.000010	0.000010	0.000010	0.000010	LD_0.9_7_1706
QG4093	0.000010	0.000010	0.000010	0.000010	0.888189	0.111761	0.000010	LD_0.9_7_1706
QG4094	0.000010	0.000010	0.000010	0.000010	0.999940	0.000010	0.000010	LD_0.9_7_1706
QG4095	0.000010	0.000010	0.000010	0.000010	0.999940	0.000010	0.000010	LD_0.9_7_1706
QG4096	0.000010	0.000010	0.000013	0.000010	0.999936	0.000011	0.000010	LD_0.9_7_1706
QG4097	0.000010	0.000010	0.000013	0.000011	0.999933	0.000012	0.000010	LD_0.9_7_1706
QG4104	0.000016	0.000010	0.000010	0.000010	0.999934	0.000010	0.000010	LD_0.9_7_1706
QG4114	0.000010	0.000013	0.000010	0.000012	0.999936	0.000010	0.000010	LD_0.9_7_1706
QG4131	0.000010	0.000010	0.000010	0.000010	0.999940	0.000010	0.000010	LD_0.9_7_1706
QG4132	0.000010	0.000010	0.000014	0.000010	0.999933	0.000013	0.000010	LD_0.9_7_1706
QG4208	0.000010	0.000010	0.000010	0.000010	0.861836	0.138114	0.000010	LD_0.9_7_1706
QG4214	0.000010	0.000010	0.000010	0.000010	0.999940	0.000010	0.000010	LD_0.9_7_1706
QG4225	0.000010	0.000010	0.000010	0.000010	0.999940	0.000010	0.000010	LD_0.9_7_1706
QG4232	0.000010	0.000010	0.000010	0.000010	0.968929	0.031021	0.000010	LD_0.9_7_1706
QG4233	0.000010	0.000010	0.000010	0.000010	0.999940	0.000010	0.000010	LD_0.9_7_1706
QG4647	0.000010	0.038034	0.961916	0.000010	0.000010	0.000010	0.000010	LD_0.9_7_1706
QG4648	0.000010	0.999938	0.000010	0.000010	0.000010	0.000012	0.000010	LD_0.9_7_1706
QG4683	0.000010	0.999940	0.000010	0.000010	0.000010	0.000010	0.000010	LD_0.9_7_1706
QG4701	0.000010	0.417654	0.582296	0.000010	0.000010	0.000010	0.000010	LD_0.9_7_1706
QG4706	0.000010	0.999939	0.000011	0.000010	0.000010	0.000010	0.000010	LD_0.9_7_1706
QG4718	0.000010	0.999939	0.000011	0.000010	0.000010	0.000010	0.000010	LD_0.9_7_1706
QG4742	0.000010	0.999940	0.000010	0.000010	0.000010	0.000010	0.000010	LD_0.9_7_1706
QG4805	0.000010	0.043279	0.956671	0.000010	0.000010	0.000010	0.000010	LD_0.9_7_1706
QG4847	0.000010	0.999940	0.000010	0.000010	0.000010	0.000010	0.000010	LD_0.9_7_1706
QG4966	0.000010	0.999933	0.000017	0.000010	0.000010	0.000010	0.000010	LD_0.9_7_1706
QG5348	0.000010	0.999940	0.000010	0.000010	0.000010	0.000010	0.000010	LD_0.9_7_1706
QG5406	0.000010	0.999940	0.000010	0.000010	0.000010	0.000010	0.000010	LD_0.9_7_1706
QG547	0.000010	0.000010	0.000010	0.999940	0.000010	0.000010	0.000010	LD_0.9_7_1706
QG5474	0.000010	0.366172	0.633778	0.000010	0.000010	0.000010	0.000010	LD_0.9_7_1706
QG5488	0.000010	0.999940	0.000010	0.000010	0.000010	0.000010	0.000010	LD_0.9_7_1706
QG550	0.000018	0.607241	0.392701	0.000010	0.000010	0.000010	0.000010	LD_0.9_7_1706
QG5507	0.000010	0.805680	0.194270	0.000010	0.000010	0.000010	0.000010	LD_0.9_7_1706
QG5525	0.000010	0.999940	0.000010	0.000010	0.000010	0.000010	0.000010	LD_0.9_7_1706
QG5589	0.000010	0.173144	0.826806	0.000010	0.000010	0.000010	0.000010	LD_0.9_7_1706
QG5603	0.000010	0.337042	0.662908	0.000010	0.000010	0.000010	0.000010	LD_0.9_7_1706
QG5611	0.000010	0.999940	0.000010	0.000010	0.000010	0.000010	0.000010	LD_0.9_7_1706
QG5612	0.000010	0.999940	0.000010	0.000010	0.000010	0.000010	0.000010	LD_0.9_7_1706
QG5633	0.000010	0.999940	0.000010	0.000010	0.000010	0.000010	0.000010	LD_0.9_7_1706
QG581	0.000010	0.000011	0.000010	0.999939	0.000010	0.000010	0.000010	LD_0.9_7_1706
QG588	0.000010	0.000010	0.000010	0.999939	0.000011	0.000010	0.000010	LD_0.9_7_1706
QG700	0.000010	0.161993	0.837957	0.000010	0.000010	0.000010	0.000010	LD_0.9_7_1706
QG727	0.000010	0.000010	0.999940	0.000010	0.000010	0.000010	0.000010	LD_0.9_7_1706
QG733	0.000010	0.000010	0.999940	0.000010	0.000010	0.000010	0.000010	LD_0.9_7_1706
QG736	0.000010	0.000010	0.999940	0.000010	0.000010	0.000010	0.000010	LD_0.9_7_1706
QG737	0.000010	0.000010	0.999940	0.000010	0.000010	0.000010	0.000010	LD_0.9_7_1706
QG739	0.000010	0.000010	0.999940	0.000010	0.000010	0.000010	0.000010	LD_0.9_7_1706
QG761	0.000010	0.245915	0.754035	0.000010	0.000010	0.000010	0.000010	LD_0.9_7_1706
QG763	0.000010	0.019744	0.980199	0.000017	0.000010	0.000010	0.000010	LD_0.9_7_1706
QG776	0.000010	0.000010	0.999940	0.000010	0.000010	0.000010	0.000010	LD_0.9_7_1706
QG781	0.000010	0.000010	0.999940	0.000010	0.000010	0.000010	0.000010	LD_0.9_7_1706
QG784	0.000010	0.000010	0.999940	0.000010	0.000010	0.000010	0.000010	LD_0.9_7_1706
QG786	0.000010	0.000010	0.999940	0.000010	0.000010	0.000010	0.000010	LD_0.9_7_1706
QG788	0.000010	0.000010	0.999940	0.000010	0.000010	0.000010	0.000010	LD_0.9_7_1706
QG790	0.000010	0.000010	0.999940	0.000010	0.000010	0.000010	0.000010	LD_0.9_7_1706
QG791	0.000010	0.038594	0.961356	0.000010	0.000010	0.000010	0.000010	LD_0.9_7_1706
QG795	0.000010	0.291447	0.708501	0.000010	0.000010	0.000012	0.000010	LD_0.9_7_1706
QG797	0.000010	0.000010	0.999940	0.000010	0.000010	0.000010	0.000010	LD_0.9_7_1706
QG802	0.000010	0.033180	0.966770	0.000010	0.000010	0.000010	0.000010	LD_0.9_7_1706
QG804	0.000011	0.000010	0.999938	0.000010	0.000010	0.000010	0.000010	LD_0.9_7_1706
QG806	0.000010	0.000010	0.999940	0.000010	0.000010	0.000010	0.000010	LD_0.9_7_1706
QG807	0.000010	0.000010	0.999940	0.000010	0.000010	0.000010	0.000010	LD_0.9_7_1706
QG808	0.000010	0.016739	0.983205	0.000016	0.000010	0.000010	0.000010	LD_0.9_7_1706
QG809	0.000010	0.000010	0.999940	0.000010	0.000010	0.000010	0.000010	LD_0.9_7_1706
QG825	0.000010	0.000010	0.999940	0.000010	0.000010	0.000010	0.000010	LD_0.9_7_1706
QG827	0.000010	0.000010	0.999940	0.000010	0.000010	0.000010	0.000010	LD_0.9_7_1706
QG828	0.000010	0.000010	0.999940	0.000010	0.000010	0.000010	0.000010	LD_0.9_7_1706
QG833	0.000010	0.031923	0.968027	0.000010	0.000010	0.000010	0.000010	LD_0.9_7_1706
QG855	0.000010	0.000010	0.999940	0.000010	0.000010	0.000010	0.000010	LD_0.9_7_1706
QG856	0.000010	0.000010	0.999940	0.000010	0.000010	0.000010	0.000010	LD_0.9_7_1706
QG858	0.000010	0.000010	0.999940	0.000010	0.000010	0.000010	0.000010	LD_0.9_7_1706
QG860	0.000010	0.214897	0.785053	0.000010	0.000010	0.000010	0.000010	LD_0.9_7_1706
QG864	0.000010	0.000010	0.999940	0.000010	0.000010	0.000010	0.000010	LD_0.9_7_1706
QG865	0.000010	0.000010	0.999940	0.000010	0.000010	0.000010	0.000010	LD_0.9_7_1706
QG866	0.000010	0.000010	0.999940	0.000010	0.000010	0.000010	0.000010	LD_0.9_7_1706
QG868	0.000010	0.040834	0.959116	0.000010	0.000010	0.000010	0.000010	LD_0.9_7_1706
QG874	0.000010	0.007292	0.992658	0.000010	0.000010	0.000010	0.000010	LD_0.9_7_1706
QG875	0.000010	0.000010	0.999938	0.000012	0.000010	0.000010	0.000010	LD_0.9_7_1706
QG878	0.000010	0.000010	0.999940	0.000010	0.000010	0.000010	0.000010	LD_0.9_7_1706
QG879	0.000010	0.000015	0.999935	0.000010	0.000010	0.000010	0.000010	LD_0.9_7_1706
QG880	0.000010	0.000010	0.999940	0.000010	0.000010	0.000010	0.000010	LD_0.9_7_1706
QG881	0.000010	0.253894	0.746052	0.000014	0.000010	0.000010	0.000010	LD_0.9_7_1706
QG887	0.000010	0.000010	0.999940	0.000010	0.000010	0.000010	0.000010	LD_0.9_7_1706
QG888	0.000010	0.000010	0.999940	0.000010	0.000010	0.000010	0.000010	LD_0.9_7_1706
QG926	0.000010	0.000010	0.999940	0.000010	0.000010	0.000010	0.000010	LD_0.9_7_1706
QG927	0.000010	0.951833	0.048112	0.000010	0.000010	0.000015	0.000010	LD_0.9_7_1706
QG933	0.000010	0.000010	0.999940	0.000010	0.000010	0.000010	0.000010	LD_0.9_7_1706
QG937	0.000010	0.000010	0.999940	0.000010	0.000010	0.000010	0.000010	LD_0.9_7_1706
QG945	0.000010	0.000010	0.999940	0.000010	0.000010	0.000010	0.000010	LD_0.9_7_1706
QG946	0.000010	0.000010	0.999940	0.000010	0.000010	0.000010	0.000010	LD_0.9_7_1706
QG947	0.000011	0.000010	0.999939	0.000010	0.000010	0.000010	0.000010	LD_0.9_7_1706
QG948	0.000010	0.020580	0.979370	0.000010	0.000010	0.000010	0.000010	LD_0.9_7_1706
QG952	0.000010	0.118193	0.881757	0.000010	0.000010	0.000010	0.000010	LD_0.9_7_1706
QG978	0.000010	0.113446	0.886504	0.000010	0.000010	0.000010	0.000010	LD_0.9_7_1706
QG980	0.000010	0.000010	0.999940	0.000010	0.000010	0.000010	0.000010	LD_0.9_7_1706
QG986	0.000010	0.063418	0.936532	0.000010	0.000010	0.000010	0.000010	LD_0.9_7_1706
QG991	0.000010	0.000010	0.999940	0.000010	0.000010	0.000010	0.000010	LD_0.9_7_1706
QG994	0.000010	0.000010	0.999939	0.000010	0.000010	0.000011	0.000010	LD_0.9_7_1706
QG995	0.000010	0.006907	0.993036	0.000010	0.000016	0.000010	0.000010	LD_0.9_7_1706
QG997	0.000010	0.000010	0.999940	0.000010	0.000010	0.000010	0.000010	LD_0.9_7_1706
QG998	0.000010	0.000010	0.999940	0.000010	0.000010	0.000010	0.000010	LD_0.9_7_1706
QR25	0.000010	0.000010	0.000010	0.249918	0.000010	0.000010	0.750032	LD_0.9_7_1706
QX1410	0.000010	0.999940	0.000010	0.000010	0.000010	0.000010	0.000010	LD_0.9_7_1706
QX1547	0.000010	0.000010	0.000010	0.999940	0.000010	0.000010	0.000010	LD_0.9_7_1706
QX1795	0.000010	0.999940	0.000010	0.000010	0.000010	0.000010	0.000010	LD_0.9_7_1706
QX1796	0.000010	0.999940	0.000010	0.000010	0.000010	0.000010	0.000010	LD_0.9_7_1706
QX1798	0.999940	0.000010	0.000010	0.000010	0.000010	0.000010	0.000010	LD_0.9_7_1706
QX1800	0.000010	0.999940	0.000010	0.000010	0.000010	0.000010	0.000010	LD_0.9_7_1706
QX1801	0.000011	0.999938	0.000010	0.000011	0.000010	0.000010	0.000010	LD_0.9_7_1706
QX1802	0.000010	0.999940	0.000010	0.000010	0.000010	0.000010	0.000010	LD_0.9_7_1706
QX1803	0.000010	0.999940	0.000010	0.000010	0.000010	0.000010	0.000010	LD_0.9_7_1706
QX1804	0.000017	0.999933	0.000010	0.000010	0.000010	0.000010	0.000010	LD_0.9_7_1706
SOW18	0.000010	0.000010	0.000010	0.999940	0.000010	0.000010	0.000010	LD_0.9_7_1706
SOW21	0.000010	0.000010	0.000010	0.999940	0.000010	0.000010	0.000010	LD_0.9_7_1706
SOW22	0.000010	0.000016	0.000010	0.999932	0.000012	0.000010	0.000010	LD_0.9_7_1706
TT3408	0.000010	0.999940	0.000010	0.000010	0.000010	0.000010	0.000010	LD_0.9_7_1706
TT3411	0.000010	0.999940	0.000010	0.000010	0.000010	0.000010	0.000010	LD_0.9_7_1706
TWN1772	0.999940	0.000010	0.000010	0.000010	0.000010	0.000010	0.000010	LD_0.9_7_1706
TWN1824	0.999932	0.000010	0.000010	0.000018	0.000010	0.000010	0.000010	LD_0.9_7_1706
TWN1899	0.999940	0.000010	0.000010	0.000010	0.000010	0.000010	0.000010	LD_0.9_7_1706
TWN1907	0.999940	0.000010	0.000010	0.000010	0.000010	0.000010	0.000010	LD_0.9_7_1706
TWN2919	0.999940	0.000010	0.000010	0.000010	0.000010	0.000010	0.000010	LD_0.9_7_1706
TWN3077	0.999940	0.000010	0.000010	0.000010	0.000010	0.000010	0.000010	LD_0.9_7_1706
UH1	0.999940	0.000010	0.000010	0.000010	0.000010	0.000010	0.000010	LD_0.9_7_1706
VSL2201	0.000010	0.624459	0.375491	0.000010	0.000010	0.000010	0.000010	LD_0.9_7_1706
VSL2207	0.000018	0.000010	0.000019	0.000010	0.000010	0.999923	0.000010	LD_0.9_7_1706
VSL2209	0.000011	0.000010	0.000013	0.000010	0.000011	0.999935	0.000010	LD_0.9_7_1706
VSL2210	0.000010	0.999940	0.000010	0.000010	0.000010	0.000010	0.000010	LD_0.9_7_1706
VSL2212	0.000010	0.999940	0.000010	0.000010	0.000010	0.000010	0.000010	LD_0.9_7_1706
VSL2213	0.000019	0.380427	0.619508	0.000010	0.000015	0.000010	0.000010	LD_0.9_7_1706
VSL2215	0.000010	0.472801	0.527149	0.000010	0.000010	0.000010	0.000010	LD_0.9_7_1706
VSL2216	0.000010	0.403482	0.596468	0.000010	0.000010	0.000010	0.000010	LD_0.9_7_1706
VSL2217	0.000010	0.026831	0.973119	0.000010	0.000010	0.000010	0.000010	LD_0.9_7_1706
VSL2219	0.000010	0.999940	0.000010	0.000010	0.000010	0.000010	0.000010	LD_0.9_7_1706
VT847	0.000010	0.999939	0.000010	0.000011	0.000010	0.000010	0.000010	LD_0.9_7_1706
VX34	0.000010	0.000010	0.000010	0.155037	0.000010	0.000010	0.844913	LD_0.9_7_1706
XZ1204	0.000010	0.792626	0.207324	0.000010	0.000010	0.000010	0.000010	LD_0.9_7_1706
XZ1205	0.000012	0.525620	0.474328	0.000010	0.000010	0.000010	0.000010	LD_0.9_7_1706
XZ1206	0.000010	0.526640	0.473310	0.000010	0.000010	0.000010	0.000010	LD_0.9_7_1706
XZ1207	0.000010	0.999940	0.000010	0.000010	0.000010	0.000010	0.000010	LD_0.9_7_1706
XZ1210	0.000010	0.999940	0.000010	0.000010	0.000010	0.000010	0.000010	LD_0.9_7_1706
XZ1212	0.000010	0.999940	0.000010	0.000010	0.000010	0.000010	0.000010	LD_0.9_7_1706
XZ1213	0.000010	0.999940	0.000010	0.000010	0.000010	0.000010	0.000010	LD_0.9_7_1706
XZ1731	0.000010	0.999940	0.000010	0.000010	0.000010	0.000010	0.000010	LD_0.9_7_1706
XZ1732	0.000010	0.999940	0.000010	0.000010	0.000010	0.000010	0.000010	LD_0.9_7_1706
ZZY0992	0.000010	0.000010	0.999940	0.000010	0.000010	0.000010	0.000010	LD_0.9_7_1706
ZZY1034	0.000010	0.999940	0.000010	0.000010	0.000010	0.000010	0.000010	LD_0.9_7_1706
ZZY1075	0.000010	0.999940	0.000010	0.000010	0.000010	0.000010	0.000010	LD_0.9_7_1706
ZZY1123	0.000010	0.000010	0.999940	0.000010	0.000010	0.000010	0.000010	LD_0.9_7_1706
ZZY1130	0.000010	0.999939	0.000011	0.000010	0.000010	0.000010	0.000010	LD_0.9_7_1706
ZZY405	0.000010	0.999939	0.000010	0.000011	0.000010	0.000010	0.000010	LD_0.9_7_1706
AF16	0.000010	0.000010	0.999940	0.000010	0.000010	0.000010	0.000010	LD_0.9_7_1807
BRC20069	0.000010	0.000010	0.999940	0.000010	0.000010	0.000010	0.000010	LD_0.9_7_1807
BRC20073	0.000010	0.000010	0.999940	0.000010	0.000010	0.000010	0.000010	LD_0.9_7_1807
BRC20075	0.000010	0.999937	0.000013	0.000010	0.000010	0.000010	0.000010	LD_0.9_7_1807
BRC20077	0.000010	0.000010	0.999940	0.000010	0.000010	0.000010	0.000010	LD_0.9_7_1807
BRC20081	0.999940	0.000010	0.000010	0.000010	0.000010	0.000010	0.000010	LD_0.9_7_1807
BRC20085	0.000010	0.000010	0.739066	0.000010	0.145313	0.000010	0.115581	LD_0.9_7_1807
BRC20088	0.999940	0.000010	0.000010	0.000010	0.000010	0.000010	0.000010	LD_0.9_7_1807
BRC20089	0.000010	0.000010	0.999940	0.000010	0.000010	0.000010	0.000010	LD_0.9_7_1807
BRC20090	0.000010	0.000010	0.957570	0.000010	0.016077	0.000010	0.026313	LD_0.9_7_1807
BRC20092	0.000010	0.000010	0.747530	0.000010	0.193893	0.000010	0.058537	LD_0.9_7_1807
BRC20093	0.000010	0.000010	0.999937	0.000013	0.000010	0.000010	0.000010	LD_0.9_7_1807
BRC20094	0.000010	0.000010	0.762460	0.000010	0.197021	0.000010	0.040479	LD_0.9_7_1807
BRC20095	0.000010	0.000012	0.999938	0.000010	0.000010	0.000010	0.000010	LD_0.9_7_1807
BRC20096	0.000010	0.000010	0.999940	0.000010	0.000010	0.000010	0.000010	LD_0.9_7_1807
BRC20098	0.000010	0.000010	0.999940	0.000010	0.000010	0.000010	0.000010	LD_0.9_7_1807
BRC20099	0.000010	0.000010	0.999940	0.000010	0.000010	0.000010	0.000010	LD_0.9_7_1807
BRC20100	0.000010	0.000010	0.999940	0.000010	0.000010	0.000010	0.000010	LD_0.9_7_1807
BRC20102	0.000013	0.000010	0.999935	0.000012	0.000010	0.000010	0.000010	LD_0.9_7_1807
BRC20103	0.000010	0.000010	0.999940	0.000010	0.000010	0.000010	0.000010	LD_0.9_7_1807
BRC20105	0.000010	0.000010	0.682940	0.000010	0.225221	0.000010	0.091800	LD_0.9_7_1807
BRC20107	0.000010	0.000010	0.715270	0.000010	0.214703	0.000010	0.069986	LD_0.9_7_1807
BRC20115	0.000010	0.000010	0.000010	0.000010	0.999940	0.000010	0.000010	LD_0.9_7_1807
BRC20119	0.000010	0.000010	0.393563	0.000010	0.298747	0.000010	0.307649	LD_0.9_7_1807
BRC20228	0.000010	0.000010	0.999940	0.000010	0.000010	0.000010	0.000010	LD_0.9_7_1807
BRC20229	0.000010	0.999940	0.000010	0.000010	0.000010	0.000010	0.000010	LD_0.9_7_1807
BRC20230	0.999938	0.000010	0.000010	0.000012	0.000010	0.000010	0.000010	LD_0.9_7_1807
BRC20232	0.000010	0.999940	0.000010	0.000010	0.000010	0.000010	0.000010	LD_0.9_7_1807
BRC20238	0.999940	0.000010	0.000010	0.000010	0.000010	0.000010	0.000010	LD_0.9_7_1807
BRC20239	0.000010	0.999939	0.000010	0.000011	0.000010	0.000010	0.000010	LD_0.9_7_1807
BRC20241	0.000010	0.000010	0.969520	0.000010	0.030429	0.000011	0.000010	LD_0.9_7_1807
BRC20242	0.000010	0.000010	0.999940	0.000010	0.000010	0.000010	0.000010	LD_0.9_7_1807
BRC20244	0.999938	0.000010	0.000010	0.000010	0.000010	0.000012	0.000010	LD_0.9_7_1807
BRC20246	0.999940	0.000010	0.000010	0.000010	0.000010	0.000010	0.000010	LD_0.9_7_1807
BRC20257	0.000010	0.000010	0.000010	0.000010	0.458202	0.000010	0.541748	LD_0.9_7_1807
BRC20260	0.000010	0.000010	0.999940	0.000010	0.000010	0.000010	0.000010	LD_0.9_7_1807
BRC20270	0.999940	0.000010	0.000010	0.000010	0.000010	0.000010	0.000010	LD_0.9_7_1807
BRC20272	0.999940	0.000010	0.000010	0.000010	0.000010	0.000010	0.000010	LD_0.9_7_1807
BRC20289	0.999940	0.000010	0.000010	0.000010	0.000010	0.000010	0.000010	LD_0.9_7_1807
BRC20290	0.999940	0.000010	0.000010	0.000010	0.000010	0.000010	0.000010	LD_0.9_7_1807
BRC20294	0.000010	0.000010	0.999940	0.000010	0.000010	0.000010	0.000010	LD_0.9_7_1807
BRC20308	0.999940	0.000010	0.000010	0.000010	0.000010	0.000010	0.000010	LD_0.9_7_1807
BRC20309	0.999940	0.000010	0.000010	0.000010	0.000010	0.000010	0.000010	LD_0.9_7_1807
BRC20311	0.999940	0.000010	0.000010	0.000010	0.000010	0.000010	0.000010	LD_0.9_7_1807
BRC20312	0.999940	0.000010	0.000010	0.000010	0.000010	0.000010	0.000010	LD_0.9_7_1807
BRC20315	0.999940	0.000010	0.000010	0.000010	0.000010	0.000010	0.000010	LD_0.9_7_1807
BRC20320	0.999940	0.000010	0.000010	0.000010	0.000010	0.000010	0.000010	LD_0.9_7_1807
BRC20324	0.000010	0.606471	0.393479	0.000010	0.000010	0.000010	0.000010	LD_0.9_7_1807
BRC20331	0.999940	0.000010	0.000010	0.000010	0.000010	0.000010	0.000010	LD_0.9_7_1807
BRC20333	0.999935	0.000010	0.000015	0.000010	0.000010	0.000010	0.000010	LD_0.9_7_1807
BRC20334	0.999940	0.000010	0.000010	0.000010	0.000010	0.000010	0.000010	LD_0.9_7_1807
BRC20339	0.999940	0.000010	0.000010	0.000010	0.000010	0.000010	0.000010	LD_0.9_7_1807
BRC20341	0.999940	0.000010	0.000010	0.000010	0.000010	0.000010	0.000010	LD_0.9_7_1807
BRC20343	0.000013	0.999937	0.000010	0.000010	0.000010	0.000010	0.000010	LD_0.9_7_1807
BRC20346	0.999940	0.000010	0.000010	0.000010	0.000010	0.000010	0.000010	LD_0.9_7_1807
BRC20347	0.000010	0.999936	0.000014	0.000010	0.000010	0.000010	0.000010	LD_0.9_7_1807
BRC20348	0.999940	0.000010	0.000010	0.000010	0.000010	0.000010	0.000010	LD_0.9_7_1807
BRC20353	0.000010	0.000010	0.639162	0.000011	0.360787	0.000010	0.000010	LD_0.9_7_1807
BRC20360	0.000010	0.000010	0.641620	0.000010	0.358330	0.000010	0.000010	LD_0.9_7_1807
BRC20361	0.000010	0.000010	0.643315	0.000010	0.356635	0.000010	0.000010	LD_0.9_7_1807
BRC20362	0.000010	0.000010	0.665720	0.000010	0.334230	0.000010	0.000010	LD_0.9_7_1807
BRC20366	0.999940	0.000010	0.000010	0.000010	0.000010	0.000010	0.000010	LD_0.9_7_1807
BRC20367	0.999940	0.000010	0.000010	0.000010	0.000010	0.000010	0.000010	LD_0.9_7_1807
BRC20369	0.000010	0.000010	0.999940	0.000010	0.000010	0.000010	0.000010	LD_0.9_7_1807
BRC20370	0.999938	0.000010	0.000010	0.000010	0.000012	0.000010	0.000010	LD_0.9_7_1807
BRC20388	0.000010	0.000010	0.000010	0.000010	0.000010	0.999940	0.000010	LD_0.9_7_1807
BRC20390	0.999938	0.000010	0.000010	0.000010	0.000010	0.000012	0.000010	LD_0.9_7_1807
BRC20401	0.000010	0.000010	0.999938	0.000012	0.000010	0.000010	0.000010	LD_0.9_7_1807
BRC20463	0.999940	0.000010	0.000010	0.000010	0.000010	0.000010	0.000010	LD_0.9_7_1807
BRC20492	0.000010	0.000010	0.000010	0.000010	0.999940	0.000010	0.000010	LD_0.9_7_1807
BRC20499	0.999939	0.000010	0.000010	0.000010	0.000011	0.000010	0.000010	LD_0.9_7_1807
BRC20501	0.999940	0.000010	0.000010	0.000010	0.000010	0.000010	0.000010	LD_0.9_7_1807
BRC20502	0.003432	0.000010	0.000010	0.000010	0.880268	0.116260	0.000010	LD_0.9_7_1807
BRC20503	0.004210	0.000010	0.000010	0.000010	0.879428	0.116322	0.000010	LD_0.9_7_1807
BRC20519	0.000010	0.000010	0.000010	0.000010	0.999940	0.000010	0.000010	LD_0.9_7_1807
BRC20520	0.000010	0.000010	0.000010	0.000010	0.999940	0.000010	0.000010	LD_0.9_7_1807
BRC20522	0.000014	0.999924	0.000018	0.000010	0.000014	0.000010	0.000010	LD_0.9_7_1807
BRC20524	0.000013	0.999929	0.000018	0.000010	0.000010	0.000010	0.000010	LD_0.9_7_1807
BRC20529	0.999940	0.000010	0.000010	0.000010	0.000010	0.000010	0.000010	LD_0.9_7_1807
BRC20530	0.000010	0.999938	0.000010	0.000012	0.000010	0.000010	0.000010	LD_0.9_7_1807
BRC20531	0.000010	0.999940	0.000010	0.000010	0.000010	0.000010	0.000010	LD_0.9_7_1807
BRC20532	0.999940	0.000010	0.000010	0.000010	0.000010	0.000010	0.000010	LD_0.9_7_1807
BRC20533	0.999940	0.000010	0.000010	0.000010	0.000010	0.000010	0.000010	LD_0.9_7_1807
BRC20534	0.999934	0.000010	0.000010	0.000010	0.000016	0.000010	0.000010	LD_0.9_7_1807
BRC20535	0.999940	0.000010	0.000010	0.000010	0.000010	0.000010	0.000010	LD_0.9_7_1807
BRC20536	0.999939	0.000010	0.000011	0.000010	0.000010	0.000010	0.000010	LD_0.9_7_1807
BRC20537	0.999938	0.000010	0.000012	0.000010	0.000010	0.000010	0.000010	LD_0.9_7_1807
BRC20541	0.000010	0.000010	0.000010	0.000010	0.999940	0.000010	0.000010	LD_0.9_7_1807
BRC20543	0.999940	0.000010	0.000010	0.000010	0.000010	0.000010	0.000010	LD_0.9_7_1807
BRC20544	0.999940	0.000010	0.000010	0.000010	0.000010	0.000010	0.000010	LD_0.9_7_1807
BRC20545	0.999940	0.000010	0.000010	0.000010	0.000010	0.000010	0.000010	LD_0.9_7_1807
BRC20556	0.000010	0.000012	0.999938	0.000010	0.000010	0.000010	0.000010	LD_0.9_7_1807
BRC20557	0.999940	0.000010	0.000010	0.000010	0.000010	0.000010	0.000010	LD_0.9_7_1807
BRC20565	0.000015	0.000010	0.999935	0.000010	0.000010	0.000010	0.000010	LD_0.9_7_1807
BRC20571	0.000010	0.000010	0.994313	0.000010	0.005226	0.000010	0.000421	LD_0.9_7_1807
BRC20574	0.000010	0.000010	0.999940	0.000010	0.000010	0.000010	0.000010	LD_0.9_7_1807
BW287	0.000010	0.000012	0.000010	0.000011	0.000010	0.999937	0.000010	LD_0.9_7_1807
DF5100	0.000010	0.000010	0.999940	0.000010	0.000010	0.000010	0.000010	LD_0.9_7_1807
ECA1129	0.000010	0.000010	0.999938	0.000012	0.000010	0.000010	0.000010	LD_0.9_7_1807
ECA1143	0.000010	0.000010	0.902763	0.000010	0.000010	0.000010	0.097187	LD_0.9_7_1807
ECA1147	0.000010	0.000011	0.999938	0.000010	0.000010	0.000010	0.000010	LD_0.9_7_1807
ECA1149	0.045386	0.000010	0.954564	0.000010	0.000010	0.000010	0.000010	LD_0.9_7_1807
ECA1160	0.000010	0.000010	0.999940	0.000010	0.000010	0.000010	0.000010	LD_0.9_7_1807
ECA1164	0.000010	0.000010	0.999936	0.000014	0.000010	0.000010	0.000010	LD_0.9_7_1807
ECA1170	0.999939	0.000010	0.000011	0.000010	0.000010	0.000010	0.000010	LD_0.9_7_1807
ECA1174	0.000010	0.000010	0.999940	0.000010	0.000010	0.000010	0.000010	LD_0.9_7_1807
ECA1383	0.999940	0.000010	0.000010	0.000010	0.000010	0.000010	0.000010	LD_0.9_7_1807
ECA1411	0.000010	0.000010	0.999938	0.000012	0.000010	0.000010	0.000010	LD_0.9_7_1807
ECA1423	0.000010	0.000010	0.999940	0.000010	0.000010	0.000010	0.000010	LD_0.9_7_1807
ECA1429	0.000010	0.000010	0.999940	0.000010	0.000010	0.000010	0.000010	LD_0.9_7_1807
ECA1431	0.000010	0.000010	0.999940	0.000010	0.000010	0.000010	0.000010	LD_0.9_7_1807
ECA1437	0.000010	0.000010	0.999940	0.000010	0.000010	0.000010	0.000010	LD_0.9_7_1807
ECA1439	0.000015	0.000010	0.999935	0.000010	0.000010	0.000010	0.000010	LD_0.9_7_1807
ECA1443	0.945091	0.000010	0.054859	0.000010	0.000010	0.000010	0.000010	LD_0.9_7_1807
ECA1471	0.000010	0.000010	0.999940	0.000010	0.000010	0.000010	0.000010	LD_0.9_7_1807
ECA1489	0.000010	0.000010	0.853796	0.000010	0.000010	0.000010	0.146154	LD_0.9_7_1807
ECA1507	0.000010	0.000010	0.999940	0.000010	0.000010	0.000010	0.000010	LD_0.9_7_1807
ECA1509	0.000010	0.000010	0.999940	0.000010	0.000010	0.000010	0.000010	LD_0.9_7_1807
ECA1517	0.000010	0.000010	0.999940	0.000010	0.000010	0.000010	0.000010	LD_0.9_7_1807
ECA1521	0.000010	0.000010	0.999940	0.000010	0.000010	0.000010	0.000010	LD_0.9_7_1807
ECA1555	0.000010	0.000010	0.999940	0.000010	0.000010	0.000010	0.000010	LD_0.9_7_1807
ECA1559	0.999929	0.000011	0.000020	0.000010	0.000010	0.000010	0.000010	LD_0.9_7_1807
ECA1563	0.000010	0.000010	0.999940	0.000010	0.000010	0.000010	0.000010	LD_0.9_7_1807
ECA1571	0.000010	0.000010	0.864428	0.000010	0.000010	0.000010	0.135522	LD_0.9_7_1807
ECA1587	0.000010	0.000010	0.999940	0.000010	0.000010	0.000010	0.000010	LD_0.9_7_1807
ECA1605	0.872735	0.000010	0.074004	0.000010	0.000010	0.000010	0.053221	LD_0.9_7_1807
ECA1609	0.000010	0.000010	0.999940	0.000010	0.000010	0.000010	0.000010	LD_0.9_7_1807
ECA161	0.000010	0.000012	0.999938	0.000010	0.000010	0.000010	0.000010	LD_0.9_7_1807
ECA1611	0.000010	0.000010	0.999940	0.000010	0.000010	0.000010	0.000010	LD_0.9_7_1807
ECA1615	0.000010	0.000010	0.999940	0.000010	0.000010	0.000010	0.000010	LD_0.9_7_1807
ECA162	0.000010	0.000010	0.999940	0.000010	0.000010	0.000010	0.000010	LD_0.9_7_1807
ECA1621	0.000010	0.000010	0.999940	0.000010	0.000010	0.000010	0.000010	LD_0.9_7_1807
ECA163	0.025887	0.593497	0.140643	0.050850	0.000010	0.189102	0.000010	LD_0.9_7_1807
ECA1637	0.000010	0.000011	0.999939	0.000010	0.000010	0.000010	0.000010	LD_0.9_7_1807
ECA1657	0.000010	0.000010	0.999940	0.000010	0.000010	0.000010	0.000010	LD_0.9_7_1807
ECA1701	0.000010	0.000010	0.992038	0.000010	0.000012	0.000010	0.007910	LD_0.9_7_1807
ECA175	0.000010	0.000010	0.999940	0.000010	0.000010	0.000010	0.000010	LD_0.9_7_1807
ECA176	0.000010	0.000010	0.999940	0.000010	0.000010	0.000010	0.000010	LD_0.9_7_1807
ECA177	0.000010	0.000010	0.999939	0.000011	0.000010	0.000010	0.000010	LD_0.9_7_1807
ECA180	0.000010	0.000010	0.999939	0.000010	0.000011	0.000010	0.000010	LD_0.9_7_1807
ECA182	0.000010	0.000010	0.999940	0.000010	0.000010	0.000010	0.000010	LD_0.9_7_1807
ECA183	0.000010	0.000010	0.999940	0.000010	0.000010	0.000010	0.000010	LD_0.9_7_1807
ECA185	0.000010	0.000010	0.999940	0.000010	0.000010	0.000010	0.000010	LD_0.9_7_1807
ECA186	0.000010	0.000010	0.999940	0.000010	0.000010	0.000010	0.000010	LD_0.9_7_1807
ECA2083	0.000010	0.000010	0.999940	0.000010	0.000010	0.000010	0.000010	LD_0.9_7_1807
ECA2093	0.000010	0.000010	0.999940	0.000010	0.000010	0.000010	0.000010	LD_0.9_7_1807
ECA2115	0.000010	0.000010	0.999940	0.000010	0.000010	0.000010	0.000010	LD_0.9_7_1807
ECA2299	0.999940	0.000010	0.000010	0.000010	0.000010	0.000010	0.000010	LD_0.9_7_1807
ECA2373	0.000010	0.000010	0.961053	0.000010	0.000010	0.000010	0.038897	LD_0.9_7_1807
ECA2385	0.999940	0.000010	0.000010	0.000010	0.000010	0.000010	0.000010	LD_0.9_7_1807
ECA2425	0.000010	0.000010	0.999939	0.000011	0.000010	0.000010	0.000010	LD_0.9_7_1807
ECA2617	0.000010	0.000010	0.000010	0.999940	0.000010	0.000010	0.000010	LD_0.9_7_1807
ECA2618	0.000010	0.000010	0.000010	0.999940	0.000010	0.000010	0.000010	LD_0.9_7_1807
ECA2621	0.000016	0.000010	0.000010	0.999934	0.000010	0.000010	0.000010	LD_0.9_7_1807
ECA2623	0.000014	0.000010	0.969627	0.000010	0.000010	0.000010	0.030320	LD_0.9_7_1807
ECA2625	0.000010	0.000010	0.999940	0.000010	0.000010	0.000010	0.000010	LD_0.9_7_1807
ECA2626	0.000010	0.000010	0.999940	0.000010	0.000010	0.000010	0.000010	LD_0.9_7_1807
ECA2636	0.000010	0.000010	0.999938	0.000012	0.000010	0.000010	0.000010	LD_0.9_7_1807
ECA2637	0.000010	0.000012	0.999938	0.000010	0.000010	0.000010	0.000010	LD_0.9_7_1807
ECA2639	0.000010	0.000014	0.000010	0.999936	0.000010	0.000010	0.000010	LD_0.9_7_1807
ECA2645	0.000010	0.000010	0.999940	0.000010	0.000010	0.000010	0.000010	LD_0.9_7_1807
ECA2647	0.000010	0.000010	0.000010	0.999940	0.000010	0.000010	0.000010	LD_0.9_7_1807
ECA2663	0.000010	0.000010	0.999935	0.000015	0.000010	0.000010	0.000010	LD_0.9_7_1807
ECA2664	0.000014	0.000010	0.957333	0.000010	0.000013	0.000010	0.042611	LD_0.9_7_1807
ECA2666	0.000010	0.000010	0.000010	0.999940	0.000010	0.000010	0.000010	LD_0.9_7_1807
ECA2667	0.000010	0.000010	0.999940	0.000010	0.000010	0.000010	0.000010	LD_0.9_7_1807
ECA2670	0.000010	0.000010	0.000010	0.999940	0.000010	0.000010	0.000010	LD_0.9_7_1807
ECA276	0.026606	0.593557	0.142402	0.050440	0.000010	0.186975	0.000010	LD_0.9_7_1807
ECA278	0.000010	0.000010	0.000010	0.000010	0.000010	0.999940	0.000010	LD_0.9_7_1807
ECA2808	0.000010	0.000010	0.999940	0.000010	0.000010	0.000010	0.000010	LD_0.9_7_1807
ECA287	0.988804	0.000010	0.011146	0.000010	0.000010	0.000010	0.000010	LD_0.9_7_1807
ECA288	0.100472	0.000010	0.899478	0.000010	0.000010	0.000010	0.000010	LD_0.9_7_1807
ECA2883	0.000010	0.000010	0.999940	0.000010	0.000010	0.000010	0.000010	LD_0.9_7_1807
ECA2890	0.000010	0.000010	0.999940	0.000010	0.000010	0.000010	0.000010	LD_0.9_7_1807
ECA2894	0.000010	0.000010	0.999938	0.000012	0.000010	0.000010	0.000010	LD_0.9_7_1807
ECA2936	0.999940	0.000010	0.000010	0.000010	0.000010	0.000010	0.000010	LD_0.9_7_1807
ECA2975	0.000010	0.000010	0.999940	0.000010	0.000010	0.000010	0.000010	LD_0.9_7_1807
ECA3091	0.000010	0.000010	0.999940	0.000010	0.000010	0.000010	0.000010	LD_0.9_7_1807
ECA343	0.000010	0.000010	0.999940	0.000010	0.000010	0.000010	0.000010	LD_0.9_7_1807
ECA346	0.000010	0.000010	0.999940	0.000010	0.000010	0.000010	0.000010	LD_0.9_7_1807
ECA3502	0.999940	0.000010	0.000010	0.000010	0.000010	0.000010	0.000010	LD_0.9_7_1807
ECA3503	0.000010	0.000010	0.999940	0.000010	0.000010	0.000010	0.000010	LD_0.9_7_1807
ECA3509	0.000010	0.000010	0.999940	0.000010	0.000010	0.000010	0.000010	LD_0.9_7_1807
ECA3708	0.000010	0.000012	0.999938	0.000010	0.000010	0.000010	0.000010	LD_0.9_7_1807
ECA371	0.000010	0.000010	0.999940	0.000010	0.000010	0.000010	0.000010	LD_0.9_7_1807
ECA3712	0.000014	0.000010	0.999936	0.000010	0.000010	0.000010	0.000010	LD_0.9_7_1807
ECA3713	0.000010	0.000010	0.999938	0.000012	0.000010	0.000010	0.000010	LD_0.9_7_1807
ECA3899	0.000010	0.000010	0.999940	0.000010	0.000010	0.000010	0.000010	LD_0.9_7_1807
ECA4382	0.000010	0.000010	0.999940	0.000010	0.000010	0.000010	0.000010	LD_0.9_7_1807
ECA4390	0.000010	0.000010	0.999940	0.000010	0.000010	0.000010	0.000010	LD_0.9_7_1807
ECA4394	0.000010	0.000012	0.999938	0.000010	0.000010	0.000010	0.000010	LD_0.9_7_1807
ECA4402	0.000010	0.000010	0.999940	0.000010	0.000010	0.000010	0.000010	LD_0.9_7_1807
ECA569	0.000010	0.000010	0.000010	0.000010	0.000010	0.999940	0.000010	LD_0.9_7_1807
ED3032	0.000010	0.000010	0.999940	0.000010	0.000010	0.000010	0.000010	LD_0.9_7_1807
ED3037	0.000010	0.000010	0.999940	0.000010	0.000010	0.000010	0.000010	LD_0.9_7_1807
ED3088	0.000010	0.000010	0.999940	0.000010	0.000010	0.000010	0.000010	LD_0.9_7_1807
ED3102	0.040343	0.615696	0.132370	0.041314	0.000010	0.170257	0.000010	LD_0.9_7_1807
EG4360	0.000010	0.000010	0.000010	0.000010	0.000010	0.999940	0.000010	LD_0.9_7_1807
EG5612	0.000010	0.000010	0.742223	0.000013	0.257724	0.000010	0.000010	LD_0.9_7_1807
EG5613	0.000010	0.000010	0.964703	0.000010	0.022204	0.000010	0.013053	LD_0.9_7_1807
EG6179	0.000010	0.000010	0.987283	0.000010	0.012667	0.000010	0.000010	LD_0.9_7_1807
EG6260	0.000010	0.000013	0.969331	0.000010	0.000010	0.000010	0.030617	LD_0.9_7_1807
EG6261	0.000010	0.000010	0.989202	0.000010	0.000010	0.000010	0.010748	LD_0.9_7_1807
EG6265	0.983373	0.000010	0.000010	0.000010	0.000010	0.000010	0.016577	LD_0.9_7_1807
EG6267	0.000010	0.000010	0.984223	0.000010	0.000010	0.000010	0.015727	LD_0.9_7_1807
EG6271	0.000012	0.000012	0.934274	0.000010	0.000010	0.000010	0.065672	LD_0.9_7_1807
EG6272	0.000010	0.000010	0.977280	0.000010	0.000010	0.000010	0.022670	LD_0.9_7_1807
EG6274	0.000010	0.000010	0.999940	0.000010	0.000010	0.000010	0.000010	LD_0.9_7_1807
EG6275	0.000010	0.000010	0.999940	0.000010	0.000010	0.000010	0.000010	LD_0.9_7_1807
EG6276	0.000010	0.000011	0.999939	0.000010	0.000010	0.000010	0.000010	LD_0.9_7_1807
EG6329	0.000010	0.000013	0.882609	0.000010	0.000019	0.000010	0.117329	LD_0.9_7_1807
GUN124	0.000010	0.000010	0.000014	0.000010	0.000010	0.999936	0.000010	LD_0.9_7_1807
GXW22	0.000010	0.000010	0.999940	0.000010	0.000010	0.000010	0.000010	LD_0.9_7_1807
GXW23	0.000010	0.000010	0.829546	0.000010	0.170404	0.000010	0.000010	LD_0.9_7_1807
HK104	0.000010	0.000010	0.000010	0.000010	0.000010	0.999940	0.000010	LD_0.9_7_1807
HPT11	0.107523	0.644468	0.140281	0.003013	0.000010	0.104695	0.000010	LD_0.9_7_1807
HPT16	0.000010	0.000010	0.999939	0.000010	0.000011	0.000010	0.000010	LD_0.9_7_1807
HPT18	0.110054	0.639319	0.142317	0.004165	0.000010	0.104125	0.000010	LD_0.9_7_1807
HPT19	0.000010	0.000010	0.999940	0.000010	0.000010	0.000010	0.000010	LD_0.9_7_1807
HPT2	0.000010	0.000010	0.999938	0.000012	0.000010	0.000010	0.000010	LD_0.9_7_1807
HPT21	0.000010	0.000010	0.999940	0.000010	0.000010	0.000010	0.000010	LD_0.9_7_1807
HPT24	0.107266	0.643387	0.143527	0.001841	0.000016	0.103953	0.000010	LD_0.9_7_1807
HPT34	0.000010	0.000010	0.999940	0.000010	0.000010	0.000010	0.000010	LD_0.9_7_1807
HPT37	0.000010	0.000010	0.965344	0.000010	0.000010	0.000010	0.034606	LD_0.9_7_1807
HPT4	0.000010	0.000010	0.999940	0.000010	0.000010	0.000010	0.000010	LD_0.9_7_1807
HPT42	0.000011	0.000010	0.999929	0.000010	0.000019	0.000010	0.000010	LD_0.9_7_1807
HPT52	0.000017	0.000010	0.693096	0.000010	0.196196	0.000010	0.110661	LD_0.9_7_1807
HPT53	0.000010	0.000010	0.999940	0.000010	0.000010	0.000010	0.000010	LD_0.9_7_1807
HPT54	0.000010	0.000010	0.999940	0.000010	0.000010	0.000010	0.000010	LD_0.9_7_1807
HPT55	0.000010	0.000010	0.999940	0.000010	0.000010	0.000010	0.000010	LD_0.9_7_1807
HPT59	0.000010	0.000010	0.999940	0.000010	0.000010	0.000010	0.000010	LD_0.9_7_1807
HPT60	0.000010	0.000010	0.999940	0.000010	0.000010	0.000010	0.000010	LD_0.9_7_1807
HPT62	0.000012	0.000010	0.026313	0.000010	0.493463	0.000010	0.480182	LD_0.9_7_1807
HPT63	0.000010	0.000011	0.999939	0.000010	0.000010	0.000010	0.000010	LD_0.9_7_1807
HPT7	0.000010	0.000010	0.999940	0.000010	0.000010	0.000010	0.000010	LD_0.9_7_1807
HPT8	0.000010	0.000010	0.999940	0.000010	0.000010	0.000010	0.000010	LD_0.9_7_1807
HPT9	0.000010	0.000010	0.743534	0.000010	0.256416	0.000010	0.000010	LD_0.9_7_1807
JU1085	0.000010	0.000010	0.000010	0.000010	0.000010	0.999940	0.000010	LD_0.9_7_1807
JU1337	0.000010	0.000010	0.980923	0.000010	0.019027	0.000010	0.000010	LD_0.9_7_1807
JU1338	0.000010	0.000010	0.650879	0.000010	0.349071	0.000010	0.000010	LD_0.9_7_1807
JU1341	0.000010	0.000010	0.000010	0.999940	0.000010	0.000010	0.000010	LD_0.9_7_1807
JU1346	0.000010	0.000010	0.628676	0.000013	0.371271	0.000010	0.000010	LD_0.9_7_1807
JU1347	0.000011	0.000010	0.999939	0.000010	0.000010	0.000010	0.000010	LD_0.9_7_1807
JU1348	0.000010	0.000010	0.000010	0.999940	0.000010	0.000010	0.000010	LD_0.9_7_1807
JU1375	0.000010	0.000010	0.999940	0.000010	0.000010	0.000010	0.000010	LD_0.9_7_1807
JU1377	0.000010	0.000017	0.999933	0.000010	0.000010	0.000010	0.000010	LD_0.9_7_1807
JU1378	0.000010	0.000010	0.999935	0.000015	0.000010	0.000010	0.000010	LD_0.9_7_1807
JU1392	0.000010	0.000010	0.999940	0.000010	0.000010	0.000010	0.000010	LD_0.9_7_1807
JU1399	0.000010	0.000010	0.578931	0.000010	0.000010	0.000010	0.421019	LD_0.9_7_1807
JU1424	0.000010	0.000016	0.679715	0.000010	0.320230	0.000010	0.000010	LD_0.9_7_1807
JU1435	0.000010	0.000010	0.999940	0.000010	0.000010	0.000010	0.000010	LD_0.9_7_1807
JU1564	0.000010	0.000010	0.000010	0.000010	0.000010	0.999940	0.000010	LD_0.9_7_1807
JU1637	0.000010	0.000010	0.999940	0.000010	0.000010	0.000010	0.000010	LD_0.9_7_1807
JU1638	0.000010	0.000010	0.999940	0.000010	0.000010	0.000010	0.000010	LD_0.9_7_1807
JU1794	0.000010	0.000010	0.973639	0.000010	0.022863	0.000010	0.003458	LD_0.9_7_1807
JU1795	0.000010	0.000010	0.999940	0.000010	0.000010	0.000010	0.000010	LD_0.9_7_1807
JU1799	0.000010	0.000010	0.999940	0.000010	0.000010	0.000010	0.000010	LD_0.9_7_1807
JU1802	0.000010	0.000010	0.999940	0.000010	0.000010	0.000010	0.000010	LD_0.9_7_1807
JU1814	0.000010	0.000010	0.929213	0.000010	0.000010	0.000010	0.070737	LD_0.9_7_1807
JU1884	0.000010	0.000010	0.999940	0.000010	0.000010	0.000010	0.000010	LD_0.9_7_1807
JU1885	0.000010	0.000010	0.969971	0.000010	0.029979	0.000010	0.000010	LD_0.9_7_1807
JU1907	0.000010	0.000010	0.999940	0.000010	0.000010	0.000010	0.000010	LD_0.9_7_1807
JU1908	0.000010	0.000010	0.999940	0.000010	0.000010	0.000010	0.000010	LD_0.9_7_1807
JU1909	0.000010	0.000010	0.999940	0.000010	0.000010	0.000010	0.000010	LD_0.9_7_1807
JU1913	0.000010	0.000010	0.637556	0.000010	0.151502	0.000010	0.210902	LD_0.9_7_1807
JU2053	0.000012	0.000010	0.999938	0.000010	0.000010	0.000010	0.000010	LD_0.9_7_1807
JU2054	0.000010	0.000010	0.999940	0.000010	0.000010	0.000010	0.000010	LD_0.9_7_1807
JU2056	0.000010	0.000010	0.999940	0.000010	0.000010	0.000010	0.000010	LD_0.9_7_1807
JU2057	0.000010	0.000010	0.007260	0.000010	0.549152	0.000010	0.443548	LD_0.9_7_1807
JU2160	0.000010	0.000010	0.001716	0.000010	0.533447	0.000010	0.464797	LD_0.9_7_1807
JU2162	0.000010	0.000010	0.000010	0.000010	0.542028	0.000010	0.457922	LD_0.9_7_1807
JU2214	0.000010	0.000010	0.666931	0.000010	0.000010	0.002516	0.330514	LD_0.9_7_1807
JU2216	0.999935	0.000010	0.000015	0.000010	0.000010	0.000010	0.000010	LD_0.9_7_1807
JU2457	0.000010	0.000010	0.397663	0.000010	0.000010	0.499175	0.103121	LD_0.9_7_1807
JU2470	0.000010	0.000010	0.000010	0.000010	0.575146	0.000010	0.424804	LD_0.9_7_1807
JU2472	0.000010	0.000010	0.999933	0.000010	0.000017	0.000010	0.000010	LD_0.9_7_1807
JU2507	0.000010	0.000010	0.015230	0.000010	0.442173	0.000010	0.542557	LD_0.9_7_1807
JU2518	0.000010	0.000010	0.449130	0.000010	0.000010	0.000010	0.550820	LD_0.9_7_1807
JU2536	0.000010	0.000010	0.000010	0.000010	0.000010	0.999940	0.000010	LD_0.9_7_1807
JU2618	0.000012	0.000010	0.271836	0.000010	0.000010	0.000010	0.728112	LD_0.9_7_1807
JU2799	0.000010	0.000010	0.999940	0.000010	0.000010	0.000010	0.000010	LD_0.9_7_1807
JU2836	0.000013	0.000010	0.740542	0.000010	0.000010	0.000010	0.259405	LD_0.9_7_1807
JU2849	0.000010	0.000010	0.746254	0.000010	0.253696	0.000010	0.000010	LD_0.9_7_1807
JU2861	0.000010	0.000010	0.999940	0.000010	0.000010	0.000010	0.000010	LD_0.9_7_1807
JU2868	0.000010	0.000010	0.999940	0.000010	0.000010	0.000010	0.000010	LD_0.9_7_1807
JU2872	0.000010	0.000010	0.000010	0.000010	0.000010	0.999940	0.000010	LD_0.9_7_1807
JU2910	0.000010	0.000010	0.928312	0.000010	0.012924	0.000010	0.058724	LD_0.9_7_1807
JU3168	0.028833	0.635216	0.130475	0.043898	0.000010	0.161559	0.000010	LD_0.9_7_1807
JU3171	0.000010	0.000010	0.999939	0.000011	0.000010	0.000010	0.000010	LD_0.9_7_1807
JU3199	0.000010	0.000010	0.000011	0.999939	0.000010	0.000010	0.000010	LD_0.9_7_1807
JU3200	0.000010	0.000010	0.000010	0.999940	0.000010	0.000010	0.000010	LD_0.9_7_1807
JU3201	0.000010	0.000010	0.000016	0.999934	0.000010	0.000010	0.000010	LD_0.9_7_1807
JU3202	0.000010	0.000010	0.000010	0.999940	0.000010	0.000010	0.000010	LD_0.9_7_1807
JU3203	0.000010	0.000010	0.000015	0.999935	0.000010	0.000010	0.000010	LD_0.9_7_1807
JU3206	0.000010	0.000010	0.000010	0.999940	0.000010	0.000010	0.000010	LD_0.9_7_1807
JU3207	0.000017	0.000010	0.999933	0.000010	0.000010	0.000010	0.000010	LD_0.9_7_1807
JU3237	0.000010	0.000010	0.000010	0.000010	0.564702	0.000010	0.435248	LD_0.9_7_1807
JU3281	0.000010	0.000010	0.999940	0.000010	0.000010	0.000010	0.000010	LD_0.9_7_1807
JU3319	0.000019	0.000012	0.828470	0.000010	0.171469	0.000010	0.000010	LD_0.9_7_1807
JU3321	0.000010	0.000010	0.999939	0.000011	0.000010	0.000010	0.000010	LD_0.9_7_1807
JU3326	0.000010	0.066567	0.000010	0.000010	0.713725	0.219668	0.000010	LD_0.9_7_1807
JU3327	0.000010	0.000010	0.999940	0.000010	0.000010	0.000010	0.000010	LD_0.9_7_1807
JU3416	0.022158	0.000010	0.072117	0.000010	0.000010	0.905685	0.000010	LD_0.9_7_1807
JU4042	0.000010	0.000010	0.999940	0.000010	0.000010	0.000010	0.000010	LD_0.9_7_1807
JU4051	0.000010	0.000010	0.686394	0.000010	0.313556	0.000010	0.000010	LD_0.9_7_1807
JU4058	0.000010	0.000010	0.703172	0.000010	0.296778	0.000010	0.000010	LD_0.9_7_1807
JU4060	0.000010	0.000010	0.655745	0.000010	0.344205	0.000010	0.000010	LD_0.9_7_1807
JU4062	0.000010	0.000010	0.679802	0.000010	0.320148	0.000010	0.000010	LD_0.9_7_1807
JU4064	0.000010	0.000010	0.666931	0.000010	0.333018	0.000010	0.000010	LD_0.9_7_1807
JU4080	0.000010	0.000010	0.999940	0.000010	0.000010	0.000010	0.000010	LD_0.9_7_1807
JU4084	0.000010	0.000010	0.637690	0.000010	0.362260	0.000010	0.000010	LD_0.9_7_1807
JU4097	0.000010	0.000010	0.688902	0.000010	0.311048	0.000010	0.000010	LD_0.9_7_1807
JU725	0.000010	0.000010	0.831858	0.000010	0.168092	0.000010	0.000010	LD_0.9_7_1807
MY2716	0.000010	0.000010	0.999940	0.000010	0.000010	0.000010	0.000010	LD_0.9_7_1807
MY539	0.000010	0.000010	0.999940	0.000010	0.000010	0.000010	0.000010	LD_0.9_7_1807
NIC1050	0.000010	0.000010	0.336476	0.000010	0.000010	0.000010	0.663474	LD_0.9_7_1807
NIC1052	0.000010	0.000010	0.276125	0.000010	0.000010	0.000010	0.723825	LD_0.9_7_1807
NIC1054	0.000010	0.000010	0.429688	0.000010	0.000010	0.000010	0.570262	LD_0.9_7_1807
NIC1055	0.000015	0.000010	0.336991	0.000010	0.000010	0.000010	0.662954	LD_0.9_7_1807
NIC1057	0.000010	0.000012	0.272384	0.000010	0.000010	0.000010	0.727564	LD_0.9_7_1807
NIC1058	0.000010	0.000010	0.299671	0.000010	0.000010	0.000010	0.700279	LD_0.9_7_1807
NIC1059	0.000019	0.000016	0.335188	0.000012	0.000010	0.000010	0.664746	LD_0.9_7_1807
NIC1060	0.000016	0.000010	0.404736	0.000010	0.000010	0.000010	0.595208	LD_0.9_7_1807
NIC1062	0.000010	0.000010	0.661641	0.000012	0.000010	0.000010	0.338307	LD_0.9_7_1807
NIC1069	0.000010	0.000010	0.908933	0.000010	0.000010	0.000010	0.091017	LD_0.9_7_1807
NIC1103	0.000010	0.000010	0.317042	0.000010	0.000010	0.000010	0.682908	LD_0.9_7_1807
NIC1104	0.000010	0.000010	0.876516	0.000010	0.000010	0.000010	0.123434	LD_0.9_7_1807
NIC1106	0.000010	0.000010	0.589858	0.000010	0.000010	0.000010	0.410092	LD_0.9_7_1807
NIC1117	0.000010	0.000010	0.999940	0.000010	0.000010	0.000010	0.000010	LD_0.9_7_1807
NIC1123	0.000010	0.000010	0.649330	0.000010	0.350620	0.000010	0.000010	LD_0.9_7_1807
NIC1124	0.000010	0.000011	0.439181	0.000010	0.000010	0.000010	0.560768	LD_0.9_7_1807
NIC1135	0.000010	0.000010	0.441937	0.000010	0.000010	0.000010	0.558013	LD_0.9_7_1807
NIC1138	0.000010	0.000010	0.427130	0.000010	0.000010	0.000010	0.572820	LD_0.9_7_1807
NIC1141	0.000010	0.000010	0.455526	0.000010	0.000010	0.000010	0.544424	LD_0.9_7_1807
NIC115	0.000010	0.000010	0.987617	0.000010	0.000010	0.000010	0.012333	LD_0.9_7_1807
NIC117	0.000010	0.000010	0.999940	0.000010	0.000010	0.000010	0.000010	LD_0.9_7_1807
NIC1183	0.000010	0.000010	0.443617	0.000010	0.000010	0.000010	0.556333	LD_0.9_7_1807
NIC119	0.000010	0.000010	0.977537	0.000010	0.000010	0.000010	0.022413	LD_0.9_7_1807
NIC1190	0.000010	0.000010	0.500112	0.000010	0.000010	0.000010	0.499838	LD_0.9_7_1807
NIC1202	0.000010	0.000010	0.999930	0.000010	0.000020	0.000010	0.000010	LD_0.9_7_1807
NIC1204	0.000010	0.000010	0.999940	0.000010	0.000010	0.000010	0.000010	LD_0.9_7_1807
NIC1205	0.999940	0.000010	0.000010	0.000010	0.000010	0.000010	0.000010	LD_0.9_7_1807
NIC1218	0.000010	0.000010	0.999940	0.000010	0.000010	0.000010	0.000010	LD_0.9_7_1807
NIC1220	0.999937	0.000010	0.000013	0.000010	0.000010	0.000010	0.000010	LD_0.9_7_1807
NIC1221	0.000010	0.000010	0.999940	0.000010	0.000010	0.000010	0.000010	LD_0.9_7_1807
NIC123	0.000010	0.000010	0.999940	0.000010	0.000010	0.000010	0.000010	LD_0.9_7_1807
NIC1267	0.000010	0.000010	0.787294	0.000010	0.000010	0.000010	0.212656	LD_0.9_7_1807
NIC1283	0.000010	0.000010	0.514035	0.000010	0.000010	0.000010	0.485915	LD_0.9_7_1807
NIC1288	0.000010	0.000010	0.352970	0.000010	0.031034	0.000010	0.615956	LD_0.9_7_1807
NIC1292	0.000010	0.000010	0.448565	0.000010	0.000010	0.000010	0.551385	LD_0.9_7_1807
NIC1302	0.000010	0.000010	0.577486	0.000010	0.000010	0.000010	0.422464	LD_0.9_7_1807
NIC1304	0.000019	0.000010	0.425111	0.000010	0.000010	0.000010	0.574830	LD_0.9_7_1807
NIC1308	0.000010	0.000010	0.850175	0.000010	0.149775	0.000010	0.000010	LD_0.9_7_1807
NIC1407	0.000010	0.000013	0.396041	0.000010	0.000010	0.000010	0.603906	LD_0.9_7_1807
NIC1421	0.000010	0.000010	0.647150	0.000010	0.000010	0.000010	0.352800	LD_0.9_7_1807
NIC1423	0.000010	0.000010	0.326982	0.000010	0.000010	0.000010	0.672968	LD_0.9_7_1807
NIC1442	0.000010	0.000010	0.495644	0.000010	0.000010	0.000010	0.504306	LD_0.9_7_1807
NIC1491	0.000010	0.000010	0.495422	0.000010	0.000010	0.000010	0.504528	LD_0.9_7_1807
NIC1525	0.000010	0.000010	0.999940	0.000010	0.000010	0.000010	0.000010	LD_0.9_7_1807
NIC1528	0.000011	0.000010	0.999939	0.000010	0.000010	0.000010	0.000010	LD_0.9_7_1807
NIC1529	0.000010	0.000010	0.999940	0.000010	0.000010	0.000010	0.000010	LD_0.9_7_1807
NIC1533	0.000010	0.000010	0.999940	0.000010	0.000010	0.000010	0.000010	LD_0.9_7_1807
NIC1535	0.000010	0.000010	0.999940	0.000010	0.000010	0.000010	0.000010	LD_0.9_7_1807
NIC1539	0.999940	0.000010	0.000010	0.000010	0.000010	0.000010	0.000010	LD_0.9_7_1807
NIC1540	0.000011	0.999935	0.000014	0.000010	0.000010	0.000010	0.000010	LD_0.9_7_1807
NIC1562	0.999936	0.000010	0.000014	0.000010	0.000010	0.000010	0.000010	LD_0.9_7_1807
NIC1589	0.000010	0.999940	0.000010	0.000010	0.000010	0.000010	0.000010	LD_0.9_7_1807
NIC1590	0.999940	0.000010	0.000010	0.000010	0.000010	0.000010	0.000010	LD_0.9_7_1807
NIC1591	0.000010	0.999939	0.000010	0.000011	0.000010	0.000010	0.000010	LD_0.9_7_1807
NIC1593	0.000010	0.999940	0.000010	0.000010	0.000010	0.000010	0.000010	LD_0.9_7_1807
NIC1595	0.999940	0.000010	0.000010	0.000010	0.000010	0.000010	0.000010	LD_0.9_7_1807
NIC1598	0.989344	0.000010	0.010606	0.000010	0.000010	0.000010	0.000010	LD_0.9_7_1807
NIC1602	0.999940	0.000010	0.000010	0.000010	0.000010	0.000010	0.000010	LD_0.9_7_1807
NIC1607	0.000010	0.000010	0.000010	0.000010	0.999940	0.000010	0.000010	LD_0.9_7_1807
NIC1628	0.000010	0.000010	0.999938	0.000012	0.000010	0.000010	0.000010	LD_0.9_7_1807
NIC1630	0.999940	0.000010	0.000010	0.000010	0.000010	0.000010	0.000010	LD_0.9_7_1807
NIC1631	0.999940	0.000010	0.000010	0.000010	0.000010	0.000010	0.000010	LD_0.9_7_1807
NIC1632	0.000011	0.000010	0.000011	0.000010	0.000010	0.999938	0.000010	LD_0.9_7_1807
NIC1633	0.000010	0.000010	0.000013	0.000010	0.000010	0.999937	0.000010	LD_0.9_7_1807
NIC1635	0.000010	0.000010	0.000010	0.000010	0.000010	0.999940	0.000010	LD_0.9_7_1807
NIC1645	0.999940	0.000010	0.000010	0.000010	0.000010	0.000010	0.000010	LD_0.9_7_1807
NIC1660	0.999940	0.000010	0.000010	0.000010	0.000010	0.000010	0.000010	LD_0.9_7_1807
NIC1661	0.999940	0.000010	0.000010	0.000010	0.000010	0.000010	0.000010	LD_0.9_7_1807
NIC1662	0.999940	0.000010	0.000010	0.000010	0.000010	0.000010	0.000010	LD_0.9_7_1807
NIC1663	0.999940	0.000010	0.000010	0.000010	0.000010	0.000010	0.000010	LD_0.9_7_1807
NIC1664	0.000010	0.999940	0.000010	0.000010	0.000010	0.000010	0.000010	LD_0.9_7_1807
NIC1665	0.000010	0.999940	0.000010	0.000010	0.000010	0.000010	0.000010	LD_0.9_7_1807
NIC1666	0.999940	0.000010	0.000010	0.000010	0.000010	0.000010	0.000010	LD_0.9_7_1807
NIC1667	0.999938	0.000010	0.000012	0.000010	0.000010	0.000010	0.000010	LD_0.9_7_1807
NIC1681	0.999937	0.000010	0.000010	0.000010	0.000013	0.000010	0.000010	LD_0.9_7_1807
NIC1688	0.000010	0.000010	0.999940	0.000010	0.000010	0.000010	0.000010	LD_0.9_7_1807
NIC1692	0.999940	0.000010	0.000010	0.000010	0.000010	0.000010	0.000010	LD_0.9_7_1807
NIC1693	0.999940	0.000010	0.000010	0.000010	0.000010	0.000010	0.000010	LD_0.9_7_1807
NIC17	0.000010	0.000010	0.999940	0.000010	0.000010	0.000010	0.000010	LD_0.9_7_1807
NIC174	0.000010	0.000010	0.000010	0.000017	0.000010	0.999933	0.000010	LD_0.9_7_1807
NIC187	0.000010	0.000010	0.999940	0.000010	0.000010	0.000010	0.000010	LD_0.9_7_1807
NIC188	0.000011	0.000010	0.991640	0.000010	0.000010	0.000010	0.008309	LD_0.9_7_1807
NIC19	0.000010	0.999940	0.000010	0.000010	0.000010	0.000010	0.000010	LD_0.9_7_1807
NIC191	0.000010	0.000010	0.999940	0.000010	0.000010	0.000010	0.000010	LD_0.9_7_1807
NIC20	0.000010	0.999940	0.000010	0.000010	0.000010	0.000010	0.000010	LD_0.9_7_1807
NIC21	0.000010	0.999940	0.000010	0.000010	0.000010	0.000010	0.000010	LD_0.9_7_1807
NIC22	0.000010	0.999931	0.000019	0.000010	0.000010	0.000010	0.000010	LD_0.9_7_1807
NIC2369	0.000010	0.000011	0.742733	0.000010	0.257216	0.000010	0.000010	LD_0.9_7_1807
NIC248	0.000010	0.000010	0.999940	0.000010	0.000010	0.000010	0.000010	LD_0.9_7_1807
NIC250	0.000010	0.000010	0.999940	0.000010	0.000010	0.000010	0.000010	LD_0.9_7_1807
NIC2527	0.000010	0.000010	0.999940	0.000010	0.000010	0.000010	0.000010	LD_0.9_7_1807
NIC309	0.000010	0.000010	0.597343	0.000010	0.000010	0.000010	0.402607	LD_0.9_7_1807
NIC325	0.000010	0.000010	0.587005	0.000010	0.000010	0.000010	0.412945	LD_0.9_7_1807
NIC327	0.000010	0.000010	0.343914	0.000010	0.000010	0.000010	0.656036	LD_0.9_7_1807
NIC329	0.000010	0.000010	0.493427	0.000010	0.000010	0.000010	0.506523	LD_0.9_7_1807
NIC330	0.000010	0.000010	0.505792	0.000010	0.000010	0.000010	0.494158	LD_0.9_7_1807
NIC331	0.000010	0.000010	0.542300	0.000010	0.000010	0.000010	0.457650	LD_0.9_7_1807
NIC332	0.000010	0.000011	0.435435	0.000010	0.000010	0.000010	0.564514	LD_0.9_7_1807
NIC333	0.000010	0.000010	0.471100	0.000010	0.000010	0.000010	0.528850	LD_0.9_7_1807
NIC343	0.000010	0.000012	0.999938	0.000010	0.000010	0.000010	0.000010	LD_0.9_7_1807
NIC392	0.000010	0.000010	0.835419	0.000010	0.000010	0.000010	0.164531	LD_0.9_7_1807
NIC400	0.000010	0.000010	0.436382	0.000010	0.000010	0.000010	0.563568	LD_0.9_7_1807
NIC402	0.000010	0.000010	0.447693	0.000010	0.000010	0.000010	0.552257	LD_0.9_7_1807
NIC419	0.000010	0.000010	0.756579	0.000010	0.243371	0.000010	0.000010	LD_0.9_7_1807
NIC504	0.999940	0.000010	0.000010	0.000010	0.000010	0.000010	0.000010	LD_0.9_7_1807
NIC505	0.999940	0.000010	0.000010	0.000010	0.000010	0.000010	0.000010	LD_0.9_7_1807
NIC518	0.999940	0.000010	0.000010	0.000010	0.000010	0.000010	0.000010	LD_0.9_7_1807
NIC519	0.999940	0.000010	0.000010	0.000010	0.000010	0.000010	0.000010	LD_0.9_7_1807
NIC532	0.000010	0.000011	0.999939	0.000010	0.000010	0.000010	0.000010	LD_0.9_7_1807
NIC541	0.000010	0.000010	0.423478	0.000010	0.080931	0.000010	0.495550	LD_0.9_7_1807
NIC549	0.000010	0.000010	0.999940	0.000010	0.000010	0.000010	0.000010	LD_0.9_7_1807
NIC552	0.000010	0.000010	0.953022	0.000010	0.000010	0.000010	0.046928	LD_0.9_7_1807
NIC555	0.000010	0.000010	0.800914	0.000010	0.000010	0.000010	0.199036	LD_0.9_7_1807
NIC574	0.000010	0.000010	0.990081	0.000010	0.000010	0.000010	0.009869	LD_0.9_7_1807
NIC578	0.000010	0.000010	0.999940	0.000010	0.000010	0.000010	0.000010	LD_0.9_7_1807
NIC583	0.000010	0.000010	0.866629	0.000010	0.000011	0.000010	0.133320	LD_0.9_7_1807
NIC590	0.000010	0.000010	0.803024	0.000010	0.054365	0.000010	0.142571	LD_0.9_7_1807
NIC593	0.000010	0.000010	0.999940	0.000010	0.000010	0.000010	0.000010	LD_0.9_7_1807
NIC60	0.000010	0.000010	0.683285	0.000010	0.000010	0.000010	0.316665	LD_0.9_7_1807
NIC61	0.000010	0.000013	0.976719	0.000010	0.000010	0.000010	0.023228	LD_0.9_7_1807
NIC62	0.000010	0.000010	0.891840	0.000010	0.000010	0.000010	0.108110	LD_0.9_7_1807
NIC67	0.000010	0.000010	0.707420	0.000010	0.292530	0.000010	0.000010	LD_0.9_7_1807
NIC758	0.000010	0.000010	0.842486	0.000010	0.056129	0.000010	0.101345	LD_0.9_7_1807
NIC777	0.000011	0.000010	0.681867	0.000010	0.000010	0.000010	0.318083	LD_0.9_7_1807
NIC779	0.999940	0.000010	0.000010	0.000010	0.000010	0.000010	0.000010	LD_0.9_7_1807
NIC790	0.000010	0.000010	0.999940	0.000010	0.000010	0.000010	0.000010	LD_0.9_7_1807
NIC791	0.000010	0.000010	0.157195	0.000010	0.385059	0.000010	0.457706	LD_0.9_7_1807
NIC792	0.000010	0.000010	0.797461	0.000010	0.120591	0.000010	0.081908	LD_0.9_7_1807
NIC793	0.000010	0.000010	0.999940	0.000010	0.000010	0.000010	0.000010	LD_0.9_7_1807
NIC795	0.000010	0.000010	0.999940	0.000010	0.000010	0.000010	0.000010	LD_0.9_7_1807
NIC796	0.000010	0.007197	0.992747	0.000010	0.000016	0.000010	0.000010	LD_0.9_7_1807
NIC802	0.000010	0.000010	0.999938	0.000012	0.000010	0.000010	0.000010	LD_0.9_7_1807
NIC803	0.000010	0.000010	0.999940	0.000010	0.000010	0.000010	0.000010	LD_0.9_7_1807
NIC805	0.999940	0.000010	0.000010	0.000010	0.000010	0.000010	0.000010	LD_0.9_7_1807
NIC811	0.000012	0.000010	0.999938	0.000010	0.000010	0.000010	0.000010	LD_0.9_7_1807
NIC814	0.999939	0.000010	0.000011	0.000010	0.000010	0.000010	0.000010	LD_0.9_7_1807
NIC815	0.999940	0.000010	0.000010	0.000010	0.000010	0.000010	0.000010	LD_0.9_7_1807
NIC816	0.000010	0.999935	0.000010	0.000015	0.000010	0.000010	0.000010	LD_0.9_7_1807
NIC819	0.000010	0.000010	0.000010	0.000010	0.999940	0.000010	0.000010	LD_0.9_7_1807
NIC821	0.000010	0.000010	0.996444	0.000010	0.000010	0.000010	0.003506	LD_0.9_7_1807
NIC822	0.999933	0.000017	0.000010	0.000010	0.000010	0.000010	0.000010	LD_0.9_7_1807
NIC824	0.999940	0.000010	0.000010	0.000010	0.000010	0.000010	0.000010	LD_0.9_7_1807
NIC825	0.000010	0.999933	0.000012	0.000014	0.000010	0.000010	0.000010	LD_0.9_7_1807
NIC827	0.000010	0.999940	0.000010	0.000010	0.000010	0.000010	0.000010	LD_0.9_7_1807
NIC828	0.000010	0.999939	0.000010	0.000011	0.000010	0.000010	0.000010	LD_0.9_7_1807
NIC863	0.999940	0.000010	0.000010	0.000010	0.000010	0.000010	0.000010	LD_0.9_7_1807
NIC864	0.999939	0.000010	0.000011	0.000010	0.000010	0.000010	0.000010	LD_0.9_7_1807
NIC865	0.999940	0.000010	0.000010	0.000010	0.000010	0.000010	0.000010	LD_0.9_7_1807
NIC871	0.000010	0.000010	0.999938	0.000012	0.000010	0.000010	0.000010	LD_0.9_7_1807
NIC883	0.000013	0.000011	0.999936	0.000010	0.000010	0.000010	0.000010	LD_0.9_7_1807
NIC889	0.999937	0.000010	0.000010	0.000010	0.000010	0.000013	0.000010	LD_0.9_7_1807
NIC893	0.015194	0.000010	0.000010	0.000010	0.869611	0.115155	0.000010	LD_0.9_7_1807
NIC897	0.999940	0.000010	0.000010	0.000010	0.000010	0.000010	0.000010	LD_0.9_7_1807
NIC899	0.000014	0.000010	0.000013	0.000017	0.000010	0.999926	0.000010	LD_0.9_7_1807
NIC901	0.000010	0.000010	0.999940	0.000010	0.000010	0.000010	0.000010	LD_0.9_7_1807
NIC911	0.000010	0.000011	0.999939	0.000010	0.000010	0.000010	0.000010	LD_0.9_7_1807
NIC96	0.000010	0.000010	0.495618	0.000010	0.000010	0.000010	0.504332	LD_0.9_7_1807
NIC984	0.000010	0.000010	0.999939	0.000010	0.000010	0.000011	0.000010	LD_0.9_7_1807
NIC985	0.000010	0.000010	0.966551	0.000010	0.033399	0.000010	0.000010	LD_0.9_7_1807
PB800	0.000010	0.000010	0.000010	0.000010	0.000010	0.999940	0.000010	LD_0.9_7_1807
PB857	0.000010	0.000010	0.000013	0.000010	0.000010	0.999937	0.000010	LD_0.9_7_1807
PE887	0.000010	0.000010	0.999940	0.000010	0.000010	0.000010	0.000010	LD_0.9_7_1807
QG1005	0.000010	0.000010	0.000010	0.000010	0.000010	0.000010	0.999940	LD_0.9_7_1807
QG1007	0.000010	0.000010	0.000010	0.000010	0.000010	0.000010	0.999940	LD_0.9_7_1807
QG1111	0.000010	0.000010	0.000010	0.000012	0.000010	0.000010	0.999938	LD_0.9_7_1807
QG1126	0.000010	0.000010	0.000010	0.000010	0.000010	0.000010	0.999940	LD_0.9_7_1807
QG1141	0.000010	0.000011	0.000010	0.000010	0.000010	0.000010	0.999939	LD_0.9_7_1807
QG1155	0.000010	0.000010	0.000010	0.000010	0.000010	0.000010	0.999940	LD_0.9_7_1807
QG130	0.000010	0.000010	0.999940	0.000010	0.000010	0.000010	0.000010	LD_0.9_7_1807
QG132	0.000010	0.000010	0.999940	0.000010	0.000010	0.000010	0.000010	LD_0.9_7_1807
QG133	0.978489	0.000010	0.021461	0.000010	0.000010	0.000010	0.000010	LD_0.9_7_1807
QG2641	0.000011	0.000011	0.000010	0.000010	0.000010	0.000010	0.999937	LD_0.9_7_1807
QG2648	0.000010	0.000010	0.000010	0.000010	0.000010	0.000010	0.999940	LD_0.9_7_1807
QG2659	0.000010	0.000012	0.000010	0.000012	0.000010	0.000010	0.999936	LD_0.9_7_1807
QG2663	0.000010	0.000010	0.000010	0.000010	0.000010	0.000010	0.999940	LD_0.9_7_1807
QG2665	0.000010	0.000010	0.000010	0.000010	0.000010	0.000010	0.999940	LD_0.9_7_1807
QG2683	0.000010	0.000010	0.000010	0.000010	0.000010	0.000010	0.999940	LD_0.9_7_1807
QG2736	0.000010	0.000010	0.000010	0.000010	0.000010	0.000010	0.999940	LD_0.9_7_1807
QG2814	0.000010	0.000010	0.999939	0.000011	0.000010	0.000010	0.000010	LD_0.9_7_1807
QG2820	0.000010	0.000010	0.999940	0.000010	0.000010	0.000010	0.000010	LD_0.9_7_1807
QG2848	0.000010	0.000010	0.999938	0.000012	0.000010	0.000010	0.000010	LD_0.9_7_1807
QG2880	0.000010	0.000010	0.000010	0.000010	0.500614	0.000010	0.499336	LD_0.9_7_1807
QG2881	0.000010	0.000010	0.999938	0.000012	0.000010	0.000010	0.000010	LD_0.9_7_1807
QG2883	0.000010	0.000010	0.999940	0.000010	0.000010	0.000010	0.000010	LD_0.9_7_1807
QG2884	0.000010	0.000010	0.000010	0.000010	0.495035	0.000010	0.504915	LD_0.9_7_1807
QG2891	0.000010	0.000010	0.000010	0.999940	0.000010	0.000010	0.000010	LD_0.9_7_1807
QG2892	0.000010	0.000010	0.000012	0.000010	0.509935	0.000010	0.490013	LD_0.9_7_1807
QG2893	0.000010	0.000010	0.000010	0.999937	0.000010	0.000013	0.000010	LD_0.9_7_1807
QG2895	0.000010	0.000010	0.000010	0.000010	0.458221	0.000010	0.541729	LD_0.9_7_1807
QG2902	0.000010	0.000010	0.000010	0.000010	0.460518	0.000010	0.539432	LD_0.9_7_1807
QG2903	0.000010	0.000010	0.000010	0.000010	0.510490	0.000010	0.489460	LD_0.9_7_1807
QG2906	0.000010	0.000010	0.000010	0.000010	0.440339	0.000010	0.559611	LD_0.9_7_1807
QG2908	0.000012	0.000011	0.000013	0.999933	0.000010	0.000010	0.000010	LD_0.9_7_1807
QG2910	0.000010	0.000010	0.999936	0.000014	0.000010	0.000010	0.000010	LD_0.9_7_1807
QG2919	0.000010	0.000014	0.000010	0.999935	0.000010	0.000010	0.000010	LD_0.9_7_1807
QG2923	0.000010	0.000010	0.010695	0.000010	0.491597	0.000010	0.497667	LD_0.9_7_1807
QG2925	0.000010	0.000010	0.000010	0.000010	0.500119	0.000010	0.499831	LD_0.9_7_1807
QG2964	0.000010	0.000010	0.000016	0.000010	0.000010	0.000010	0.999934	LD_0.9_7_1807
QG2966	0.000010	0.000010	0.351982	0.000010	0.000010	0.000010	0.647968	LD_0.9_7_1807
QG2969	0.000010	0.000010	0.000010	0.000010	0.000010	0.000010	0.999940	LD_0.9_7_1807
QG2972	0.000010	0.000010	0.000010	0.000010	0.000010	0.000010	0.999940	LD_0.9_7_1807
QG2996	0.000010	0.000010	0.000010	0.000010	0.000010	0.000010	0.999940	LD_0.9_7_1807
QG3004	0.000010	0.000010	0.155902	0.000010	0.000010	0.000010	0.844048	LD_0.9_7_1807
QG3006	0.000010	0.000010	0.000010	0.000010	0.000010	0.000010	0.999940	LD_0.9_7_1807
QG3019	0.000010	0.000010	0.043028	0.000010	0.000010	0.000010	0.956922	LD_0.9_7_1807
QG3025	0.000010	0.000010	0.000010	0.000010	0.000010	0.000010	0.999940	LD_0.9_7_1807
QG3030	0.000010	0.000010	0.000010	0.000010	0.000010	0.000010	0.999940	LD_0.9_7_1807
QG3032	0.000010	0.000010	0.159658	0.000010	0.000010	0.000010	0.840292	LD_0.9_7_1807
QG3034	0.000010	0.000010	0.000010	0.000010	0.000010	0.000010	0.999940	LD_0.9_7_1807
QG3041	0.000010	0.000010	0.000010	0.000010	0.000010	0.000010	0.999940	LD_0.9_7_1807
QG3053	0.000010	0.000010	0.999936	0.000010	0.000010	0.000014	0.000010	LD_0.9_7_1807
QG3056	0.000010	0.000010	0.356350	0.000010	0.000010	0.000010	0.643600	LD_0.9_7_1807
QG3057	0.000010	0.000010	0.000010	0.000010	0.000010	0.000010	0.999940	LD_0.9_7_1807
QG3058	0.000010	0.000015	0.008206	0.000010	0.000010	0.000010	0.991739	LD_0.9_7_1807
QG3527	0.000010	0.000010	0.828692	0.000010	0.000010	0.000010	0.171258	LD_0.9_7_1807
QG3661	0.000010	0.000015	0.000010	0.000010	0.000010	0.999935	0.000010	LD_0.9_7_1807
QG3783	0.000010	0.000010	0.870325	0.000011	0.000010	0.000010	0.129624	LD_0.9_7_1807
QG3801	0.000010	0.000010	0.042938	0.000010	0.000010	0.000010	0.957012	LD_0.9_7_1807
QG3815	0.000010	0.000010	0.859171	0.000010	0.000010	0.000010	0.140779	LD_0.9_7_1807
QG3816	0.000010	0.000010	0.892878	0.000010	0.000010	0.000010	0.107072	LD_0.9_7_1807
QG3823	0.000010	0.000010	0.048188	0.000010	0.000010	0.000010	0.951762	LD_0.9_7_1807
QG3825	0.000010	0.000010	0.957933	0.000010	0.000010	0.000010	0.042017	LD_0.9_7_1807
QG3826	0.000010	0.000010	0.864272	0.000010	0.000010	0.000010	0.135678	LD_0.9_7_1807
QG3837	0.000010	0.000010	0.971460	0.000010	0.000010	0.000010	0.028490	LD_0.9_7_1807
QG3851	0.000010	0.000011	0.853107	0.000010	0.000010	0.000010	0.146842	LD_0.9_7_1807
QG3861	0.000010	0.000010	0.878786	0.000010	0.000010	0.000010	0.121164	LD_0.9_7_1807
QG3867	0.000010	0.000010	0.074178	0.000010	0.000010	0.000010	0.925772	LD_0.9_7_1807
QG3874	0.000010	0.000010	0.953432	0.000010	0.000010	0.000010	0.046518	LD_0.9_7_1807
QG3875	0.000010	0.000010	0.889022	0.000010	0.000010	0.000010	0.110928	LD_0.9_7_1807
QG3876	0.000010	0.000010	0.856929	0.000010	0.000010	0.000010	0.143021	LD_0.9_7_1807
QG3878	0.000010	0.000010	0.882755	0.000010	0.000010	0.000010	0.117195	LD_0.9_7_1807
QG3920	0.000010	0.000010	0.816486	0.000010	0.000010	0.000010	0.183464	LD_0.9_7_1807
QG3921	0.000010	0.000010	0.833154	0.000010	0.000010	0.000010	0.166796	LD_0.9_7_1807
QG3923	0.000010	0.000010	0.932179	0.000010	0.000010	0.000010	0.067771	LD_0.9_7_1807
QG3924	0.000010	0.000010	0.653942	0.000010	0.000010	0.000010	0.346008	LD_0.9_7_1807
QG3925	0.000010	0.000010	0.835369	0.000010	0.000010	0.000010	0.164581	LD_0.9_7_1807
QG3926	0.000010	0.000010	0.872579	0.000010	0.000010	0.000010	0.127371	LD_0.9_7_1807
QG3927	0.000010	0.000010	0.864252	0.000010	0.000010	0.000010	0.135698	LD_0.9_7_1807
QG3931	0.000010	0.000010	0.651733	0.000010	0.000010	0.000010	0.348217	LD_0.9_7_1807
QG3932	0.000010	0.000010	0.828544	0.000010	0.000010	0.000010	0.171406	LD_0.9_7_1807
QG3933	0.000010	0.000010	0.999940	0.000010	0.000010	0.000010	0.000010	LD_0.9_7_1807
QG4026	0.000010	0.000017	0.000010	0.999933	0.000010	0.000010	0.000010	LD_0.9_7_1807
QG4028	0.000010	0.000010	0.000010	0.999940	0.000010	0.000010	0.000010	LD_0.9_7_1807
QG4031	0.000010	0.000019	0.000010	0.999925	0.000010	0.000016	0.000010	LD_0.9_7_1807
QG4063	0.000010	0.000011	0.000010	0.999939	0.000010	0.000010	0.000010	LD_0.9_7_1807
QG4064	0.000010	0.000010	0.000010	0.999940	0.000010	0.000010	0.000010	LD_0.9_7_1807
QG4067	0.000010	0.000010	0.000010	0.999940	0.000010	0.000010	0.000010	LD_0.9_7_1807
QG4068	0.000010	0.000010	0.000010	0.999940	0.000010	0.000010	0.000010	LD_0.9_7_1807
QG4070	0.000010	0.000010	0.999940	0.000010	0.000010	0.000010	0.000010	LD_0.9_7_1807
QG4093	0.000012	0.000010	0.000010	0.999937	0.000010	0.000010	0.000010	LD_0.9_7_1807
QG4094	0.000010	0.000010	0.000010	0.999940	0.000010	0.000010	0.000010	LD_0.9_7_1807
QG4095	0.000010	0.000010	0.000011	0.999939	0.000010	0.000010	0.000010	LD_0.9_7_1807
QG4096	0.000010	0.000010	0.000010	0.999940	0.000010	0.000010	0.000010	LD_0.9_7_1807
QG4097	0.000010	0.000018	0.000010	0.999929	0.000010	0.000013	0.000010	LD_0.9_7_1807
QG4104	0.000011	0.000010	0.000010	0.999939	0.000010	0.000010	0.000010	LD_0.9_7_1807
QG4114	0.000010	0.000010	0.000010	0.999940	0.000010	0.000010	0.000010	LD_0.9_7_1807
QG4131	0.000010	0.000010	0.000010	0.999940	0.000010	0.000010	0.000010	LD_0.9_7_1807
QG4132	0.000010	0.000010	0.000010	0.999940	0.000010	0.000010	0.000010	LD_0.9_7_1807
QG4208	0.000017	0.000010	0.000010	0.999923	0.000010	0.000019	0.000010	LD_0.9_7_1807
QG4214	0.000017	0.000014	0.000010	0.999929	0.000010	0.000010	0.000010	LD_0.9_7_1807
QG4225	0.000012	0.000010	0.000010	0.999938	0.000010	0.000010	0.000010	LD_0.9_7_1807
QG4232	0.000010	0.000010	0.000010	0.999940	0.000010	0.000010	0.000010	LD_0.9_7_1807
QG4233	0.000010	0.000010	0.000010	0.999940	0.000010	0.000010	0.000010	LD_0.9_7_1807
QG4647	0.000010	0.000010	0.110484	0.000010	0.422604	0.000010	0.466872	LD_0.9_7_1807
QG4648	0.000010	0.000010	0.999940	0.000010	0.000010	0.000010	0.000010	LD_0.9_7_1807
QG4683	0.000010	0.000010	0.999940	0.000010	0.000010	0.000010	0.000010	LD_0.9_7_1807
QG4701	0.000010	0.000010	0.555686	0.000010	0.233549	0.000010	0.210725	LD_0.9_7_1807
QG4706	0.000010	0.000010	0.999940	0.000010	0.000010	0.000010	0.000010	LD_0.9_7_1807
QG4718	0.000010	0.000010	0.999940	0.000010	0.000010	0.000010	0.000010	LD_0.9_7_1807
QG4742	0.000010	0.000010	0.999940	0.000010	0.000010	0.000010	0.000010	LD_0.9_7_1807
QG4805	0.000010	0.000011	0.103767	0.000010	0.440938	0.000010	0.455254	LD_0.9_7_1807
QG4847	0.000010	0.000010	0.999940	0.000010	0.000010	0.000010	0.000010	LD_0.9_7_1807
QG4966	0.000011	0.000010	0.999936	0.000010	0.000013	0.000010	0.000010	LD_0.9_7_1807
QG5348	0.000010	0.000010	0.999940	0.000010	0.000010	0.000010	0.000010	LD_0.9_7_1807
QG5406	0.000010	0.000010	0.999940	0.000010	0.000010	0.000010	0.000010	LD_0.9_7_1807
QG547	0.000010	0.000010	0.000011	0.000010	0.000010	0.999939	0.000010	LD_0.9_7_1807
QG5474	0.000010	0.000010	0.566576	0.000010	0.324029	0.000010	0.109354	LD_0.9_7_1807
QG5488	0.000010	0.000010	0.999940	0.000010	0.000010	0.000010	0.000010	LD_0.9_7_1807
QG550	0.000010	0.000011	0.800251	0.000010	0.199698	0.000010	0.000010	LD_0.9_7_1807
QG5507	0.000010	0.000010	0.870082	0.000010	0.058434	0.000010	0.071445	LD_0.9_7_1807
QG5525	0.000010	0.000010	0.999940	0.000010	0.000010	0.000010	0.000010	LD_0.9_7_1807
QG5589	0.000010	0.000010	0.320852	0.000010	0.337635	0.000010	0.341473	LD_0.9_7_1807
QG5603	0.000010	0.000010	0.515991	0.000010	0.308149	0.000010	0.175820	LD_0.9_7_1807
QG5611	0.000010	0.000010	0.999940	0.000010	0.000010	0.000010	0.000010	LD_0.9_7_1807
QG5612	0.000010	0.000010	0.984124	0.000010	0.000010	0.000010	0.015826	LD_0.9_7_1807
QG5633	0.000010	0.000010	0.999086	0.000010	0.000010	0.000010	0.000864	LD_0.9_7_1807
QG581	0.000010	0.000010	0.000012	0.000010	0.000010	0.999938	0.000010	LD_0.9_7_1807
QG588	0.000010	0.000010	0.000013	0.000010	0.000010	0.999937	0.000010	LD_0.9_7_1807
QG700	0.000010	0.000010	0.117132	0.000010	0.000011	0.000010	0.882817	LD_0.9_7_1807
QG727	0.000010	0.000010	0.000012	0.000010	0.000010	0.000010	0.999937	LD_0.9_7_1807
QG733	0.000010	0.000010	0.000010	0.000010	0.000010	0.000010	0.999940	LD_0.9_7_1807
QG736	0.000017	0.000010	0.000010	0.000010	0.000010	0.000010	0.999933	LD_0.9_7_1807
QG737	0.000010	0.000010	0.000010	0.000010	0.000010	0.000010	0.999940	LD_0.9_7_1807
QG739	0.000010	0.000010	0.000010	0.000010	0.000010	0.000010	0.999940	LD_0.9_7_1807
QG761	0.000011	0.000010	0.188812	0.000010	0.000010	0.000010	0.811137	LD_0.9_7_1807
QG763	0.000010	0.000010	0.000010	0.000010	0.000018	0.000010	0.999932	LD_0.9_7_1807
QG776	0.000010	0.000010	0.000010	0.000010	0.000010	0.000010	0.999940	LD_0.9_7_1807
QG781	0.000010	0.000010	0.000010	0.000010	0.000010	0.000010	0.999940	LD_0.9_7_1807
QG784	0.000010	0.000010	0.000010	0.000010	0.000010	0.000010	0.999940	LD_0.9_7_1807
QG786	0.000010	0.000010	0.000010	0.000010	0.000010	0.000010	0.999940	LD_0.9_7_1807
QG788	0.000010	0.000010	0.000010	0.000010	0.000010	0.000010	0.999940	LD_0.9_7_1807
QG790	0.000010	0.000010	0.000010	0.000011	0.000010	0.000010	0.999939	LD_0.9_7_1807
QG791	0.000010	0.000010	0.034759	0.000010	0.000010	0.000010	0.965191	LD_0.9_7_1807
QG795	0.000010	0.000010	0.228631	0.000010	0.000010	0.000010	0.771319	LD_0.9_7_1807
QG797	0.000010	0.000010	0.000010	0.000010	0.000010	0.000010	0.999940	LD_0.9_7_1807
QG802	0.000010	0.000010	0.000010	0.000010	0.000010	0.000010	0.999940	LD_0.9_7_1807
QG804	0.000010	0.000010	0.000010	0.000010	0.000010	0.000010	0.999940	LD_0.9_7_1807
QG806	0.000010	0.000010	0.000010	0.000010	0.000010	0.000010	0.999940	LD_0.9_7_1807
QG807	0.000010	0.000010	0.000010	0.000011	0.000010	0.000010	0.999939	LD_0.9_7_1807
QG808	0.000010	0.000010	0.017237	0.000010	0.000010	0.000010	0.982713	LD_0.9_7_1807
QG809	0.000010	0.000010	0.000010	0.000010	0.000010	0.000010	0.999940	LD_0.9_7_1807
QG825	0.000010	0.000010	0.000010	0.000010	0.000010	0.000010	0.999940	LD_0.9_7_1807
QG827	0.000010	0.000010	0.000010	0.000010	0.000010	0.000010	0.999940	LD_0.9_7_1807
QG828	0.000010	0.000010	0.000010	0.000010	0.000010	0.000010	0.999940	LD_0.9_7_1807
QG833	0.000010	0.000010	0.025429	0.000010	0.000010	0.000010	0.974521	LD_0.9_7_1807
QG855	0.000010	0.000010	0.008744	0.000010	0.000010	0.000010	0.991206	LD_0.9_7_1807
QG856	0.000010	0.000010	0.000010	0.000010	0.000010	0.000010	0.999940	LD_0.9_7_1807
QG858	0.000010	0.000010	0.000010	0.000010	0.000010	0.000010	0.999940	LD_0.9_7_1807
QG860	0.000013	0.000010	0.165241	0.000010	0.000010	0.000010	0.834706	LD_0.9_7_1807
QG864	0.000010	0.000010	0.000010	0.000010	0.000010	0.000010	0.999940	LD_0.9_7_1807
QG865	0.000010	0.000010	0.000010	0.000010	0.000010	0.000010	0.999940	LD_0.9_7_1807
QG866	0.000010	0.000010	0.000010	0.000010	0.000010	0.000010	0.999940	LD_0.9_7_1807
QG868	0.000019	0.000010	0.000010	0.000010	0.000010	0.000010	0.999931	LD_0.9_7_1807
QG874	0.000010	0.000010	0.000010	0.000010	0.000010	0.000010	0.999940	LD_0.9_7_1807
QG875	0.000010	0.000010	0.000010	0.000010	0.000010	0.000010	0.999940	LD_0.9_7_1807
QG878	0.000010	0.000010	0.000015	0.000010	0.000010	0.000010	0.999935	LD_0.9_7_1807
QG879	0.000010	0.000010	0.000010	0.000010	0.000010	0.000010	0.999940	LD_0.9_7_1807
QG880	0.000016	0.000010	0.000010	0.000010	0.000010	0.000010	0.999934	LD_0.9_7_1807
QG881	0.000010	0.000010	0.194933	0.000010	0.000010	0.000010	0.805017	LD_0.9_7_1807
QG887	0.000010	0.000011	0.000010	0.000010	0.000010	0.000010	0.999939	LD_0.9_7_1807
QG888	0.000010	0.000010	0.000010	0.000010	0.000010	0.000010	0.999940	LD_0.9_7_1807
QG926	0.000010	0.000010	0.000010	0.000010	0.000010	0.000010	0.999940	LD_0.9_7_1807
QG927	0.000010	0.000010	0.935011	0.000010	0.000013	0.000010	0.064937	LD_0.9_7_1807
QG933	0.000010	0.000010	0.000010	0.000010	0.000010	0.000010	0.999940	LD_0.9_7_1807
QG937	0.000010	0.000010	0.000010	0.000010	0.000010	0.000010	0.999940	LD_0.9_7_1807
QG945	0.000010	0.000010	0.000010	0.000010	0.000010	0.000010	0.999940	LD_0.9_7_1807
QG946	0.000013	0.000010	0.000010	0.000010	0.000010	0.000010	0.999937	LD_0.9_7_1807
QG947	0.000010	0.000010	0.000010	0.000010	0.000010	0.000010	0.999940	LD_0.9_7_1807
QG948	0.000010	0.000010	0.000015	0.000012	0.000010	0.000010	0.999933	LD_0.9_7_1807
QG952	0.000010	0.000010	0.084443	0.000010	0.000010	0.000010	0.915506	LD_0.9_7_1807
QG978	0.000010	0.000010	0.103424	0.000010	0.000010	0.000010	0.896526	LD_0.9_7_1807
QG980	0.000010	0.000010	0.000010	0.000010	0.000010	0.000010	0.999940	LD_0.9_7_1807
QG986	0.000010	0.000010	0.000010	0.000010	0.000010	0.000010	0.999940	LD_0.9_7_1807
QG991	0.000010	0.000010	0.000010	0.000010	0.000010	0.000010	0.999940	LD_0.9_7_1807
QG994	0.000010	0.000010	0.000010	0.000010	0.000010	0.000010	0.999940	LD_0.9_7_1807
QG995	0.000010	0.000010	0.000010	0.000010	0.000010	0.000010	0.999940	LD_0.9_7_1807
QG997	0.000010	0.000010	0.000010	0.000010	0.000010	0.000010	0.999940	LD_0.9_7_1807
QG998	0.000010	0.000010	0.000010	0.000010	0.000010	0.000010	0.999940	LD_0.9_7_1807
QR25	0.000010	0.071669	0.000010	0.027444	0.595668	0.305189	0.000010	LD_0.9_7_1807
QX1410	0.000010	0.000010	0.999940	0.000010	0.000010	0.000010	0.000010	LD_0.9_7_1807
QX1547	0.000010	0.000010	0.000010	0.000010	0.000010	0.999940	0.000010	LD_0.9_7_1807
QX1795	0.000010	0.000010	0.999940	0.000010	0.000010	0.000010	0.000010	LD_0.9_7_1807
QX1796	0.000010	0.000010	0.999940	0.000010	0.000010	0.000010	0.000010	LD_0.9_7_1807
QX1798	0.999940	0.000010	0.000010	0.000010	0.000010	0.000010	0.000010	LD_0.9_7_1807
QX1800	0.000010	0.000010	0.999940	0.000010	0.000010	0.000010	0.000010	LD_0.9_7_1807
QX1801	0.000012	0.000010	0.999938	0.000010	0.000010	0.000010	0.000010	LD_0.9_7_1807
QX1802	0.000010	0.000010	0.999940	0.000010	0.000010	0.000010	0.000010	LD_0.9_7_1807
QX1803	0.000010	0.000010	0.999940	0.000010	0.000010	0.000010	0.000010	LD_0.9_7_1807
QX1804	0.000010	0.000010	0.999939	0.000011	0.000010	0.000010	0.000010	LD_0.9_7_1807
SOW18	0.000010	0.000010	0.000011	0.000010	0.000010	0.999939	0.000010	LD_0.9_7_1807
SOW21	0.000010	0.000010	0.000010	0.000010	0.000010	0.999940	0.000010	LD_0.9_7_1807
SOW22	0.000010	0.000010	0.000010	0.000016	0.000010	0.999934	0.000010	LD_0.9_7_1807
TT3408	0.000010	0.000011	0.999939	0.000010	0.000010	0.000010	0.000010	LD_0.9_7_1807
TT3411	0.000010	0.000010	0.999940	0.000010	0.000010	0.000010	0.000010	LD_0.9_7_1807
TWN1772	0.999936	0.000010	0.000010	0.000014	0.000010	0.000010	0.000010	LD_0.9_7_1807
TWN1824	0.000010	0.999940	0.000010	0.000010	0.000010	0.000010	0.000010	LD_0.9_7_1807
TWN1899	0.000010	0.999940	0.000010	0.000010	0.000010	0.000010	0.000010	LD_0.9_7_1807
TWN1907	0.999940	0.000010	0.000010	0.000010	0.000010	0.000010	0.000010	LD_0.9_7_1807
TWN2919	0.999940	0.000010	0.000010	0.000010	0.000010	0.000010	0.000010	LD_0.9_7_1807
TWN3077	0.999930	0.000016	0.000014	0.000010	0.000010	0.000010	0.000010	LD_0.9_7_1807
UH1	0.999940	0.000010	0.000010	0.000010	0.000010	0.000010	0.000010	LD_0.9_7_1807
VSL2201	0.000010	0.000010	0.805883	0.000010	0.194067	0.000010	0.000010	LD_0.9_7_1807
VSL2207	0.000010	0.000010	0.000010	0.999940	0.000010	0.000010	0.000010	LD_0.9_7_1807
VSL2209	0.000010	0.000010	0.000010	0.999940	0.000010	0.000010	0.000010	LD_0.9_7_1807
VSL2210	0.000010	0.000010	0.999940	0.000010	0.000010	0.000010	0.000010	LD_0.9_7_1807
VSL2212	0.000010	0.000010	0.999940	0.000010	0.000010	0.000010	0.000010	LD_0.9_7_1807
VSL2213	0.000010	0.000010	0.618947	0.000010	0.381003	0.000010	0.000010	LD_0.9_7_1807
VSL2215	0.000010	0.000010	0.705375	0.000013	0.294573	0.000010	0.000010	LD_0.9_7_1807
VSL2216	0.000010	0.000010	0.646496	0.000010	0.353454	0.000010	0.000010	LD_0.9_7_1807
VSL2217	0.000010	0.000010	0.084363	0.000010	0.483523	0.000010	0.432074	LD_0.9_7_1807
VSL2219	0.000010	0.000010	0.999940	0.000010	0.000010	0.000010	0.000010	LD_0.9_7_1807
VT847	0.000010	0.000010	0.999940	0.000010	0.000010	0.000010	0.000010	LD_0.9_7_1807
VX34	0.000010	0.068567	0.000010	0.000010	0.705585	0.225808	0.000010	LD_0.9_7_1807
XZ1204	0.000010	0.000010	0.895506	0.000010	0.104444	0.000010	0.000010	LD_0.9_7_1807
XZ1205	0.000010	0.000010	0.734107	0.000010	0.265843	0.000010	0.000010	LD_0.9_7_1807
XZ1206	0.000010	0.000010	0.735568	0.000010	0.264382	0.000010	0.000010	LD_0.9_7_1807
XZ1207	0.000013	0.000010	0.999937	0.000010	0.000010	0.000010	0.000010	LD_0.9_7_1807
XZ1210	0.000010	0.000010	0.999940	0.000010	0.000010	0.000010	0.000010	LD_0.9_7_1807
XZ1212	0.000010	0.000010	0.994858	0.000010	0.000010	0.000010	0.005092	LD_0.9_7_1807
XZ1213	0.000010	0.000010	0.999940	0.000010	0.000010	0.000010	0.000010	LD_0.9_7_1807
XZ1731	0.000013	0.000010	0.999933	0.000010	0.000014	0.000010	0.000010	LD_0.9_7_1807
XZ1732	0.000010	0.000010	0.999940	0.000010	0.000010	0.000010	0.000010	LD_0.9_7_1807
ZZY0992	0.000010	0.000010	0.025795	0.000010	0.476012	0.000010	0.498153	LD_0.9_7_1807
ZZY1034	0.000010	0.000010	0.999940	0.000010	0.000010	0.000010	0.000010	LD_0.9_7_1807
ZZY1075	0.000010	0.000010	0.999940	0.000010	0.000010	0.000010	0.000010	LD_0.9_7_1807
ZZY1123	0.000010	0.000010	0.073119	0.000010	0.468764	0.000010	0.458077	LD_0.9_7_1807
ZZY1130	0.000010	0.000010	0.999940	0.000010	0.000010	0.000010	0.000010	LD_0.9_7_1807
ZZY405	0.000010	0.000010	0.999934	0.000010	0.000016	0.000010	0.000010	LD_0.9_7_1807
AF16	0.000010	0.000010	0.000010	0.000010	0.000010	0.000010	0.999940	LD_0.9_7_1830
BRC20069	0.000010	0.000010	0.000010	0.000010	0.000010	0.000010	0.999940	LD_0.9_7_1830
BRC20073	0.000010	0.000010	0.000010	0.000010	0.000011	0.000010	0.999939	LD_0.9_7_1830
BRC20075	0.000010	0.999940	0.000010	0.000010	0.000010	0.000010	0.000010	LD_0.9_7_1830
BRC20077	0.000010	0.000010	0.000010	0.000010	0.000010	0.000010	0.999940	LD_0.9_7_1830
BRC20081	0.000010	0.000010	0.000010	0.999940	0.000010	0.000010	0.000010	LD_0.9_7_1830
BRC20085	0.000010	0.000010	0.000010	0.000010	0.000010	0.412470	0.587480	LD_0.9_7_1830
BRC20088	0.000010	0.000017	0.000010	0.999933	0.000010	0.000010	0.000010	LD_0.9_7_1830
BRC20089	0.000010	0.000010	0.000010	0.000010	0.000010	0.000010	0.999940	LD_0.9_7_1830
BRC20090	0.000011	0.000010	0.000010	0.000010	0.000010	0.066953	0.932996	LD_0.9_7_1830
BRC20092	0.000010	0.000010	0.000010	0.000010	0.000010	0.427133	0.572817	LD_0.9_7_1830
BRC20093	0.000010	0.000010	0.000010	0.000010	0.000010	0.000010	0.999940	LD_0.9_7_1830
BRC20094	0.000010	0.000010	0.000010	0.000010	0.000010	0.434499	0.565451	LD_0.9_7_1830
BRC20095	0.000010	0.000010	0.000010	0.000010	0.000011	0.000010	0.999939	LD_0.9_7_1830
BRC20096	0.000010	0.000010	0.000010	0.000010	0.000010	0.000010	0.999940	LD_0.9_7_1830
BRC20098	0.000010	0.000010	0.000010	0.000010	0.000010	0.000010	0.999940	LD_0.9_7_1830
BRC20099	0.000010	0.000010	0.000010	0.000010	0.000010	0.000010	0.999940	LD_0.9_7_1830
BRC20100	0.000010	0.000010	0.000010	0.000010	0.000010	0.000010	0.999940	LD_0.9_7_1830
BRC20102	0.000010	0.000010	0.000010	0.000010	0.000010	0.000010	0.999940	LD_0.9_7_1830
BRC20103	0.000010	0.000010	0.000010	0.000010	0.000010	0.000010	0.999940	LD_0.9_7_1830
BRC20105	0.000010	0.000010	0.000010	0.000010	0.000010	0.496285	0.503665	LD_0.9_7_1830
BRC20107	0.000010	0.000010	0.000010	0.000010	0.000010	0.460817	0.539133	LD_0.9_7_1830
BRC20115	0.000010	0.059569	0.569891	0.254703	0.000010	0.000010	0.115807	LD_0.9_7_1830
BRC20119	0.000010	0.000010	0.000010	0.000010	0.000010	0.731391	0.268559	LD_0.9_7_1830
BRC20228	0.000010	0.000010	0.000010	0.000010	0.000010	0.000010	0.999940	LD_0.9_7_1830
BRC20229	0.000010	0.999939	0.000010	0.000011	0.000010	0.000010	0.000010	LD_0.9_7_1830
BRC20230	0.000013	0.000010	0.000015	0.999931	0.000010	0.000010	0.000010	LD_0.9_7_1830
BRC20232	0.000010	0.999939	0.000011	0.000010	0.000010	0.000010	0.000010	LD_0.9_7_1830
BRC20238	0.000010	0.000010	0.000014	0.999936	0.000010	0.000010	0.000010	LD_0.9_7_1830
BRC20239	0.000010	0.999939	0.000010	0.000011	0.000010	0.000010	0.000010	LD_0.9_7_1830
BRC20241	0.000010	0.000010	0.000010	0.000010	0.000010	0.066548	0.933402	LD_0.9_7_1830
BRC20242	0.000010	0.000010	0.000010	0.000010	0.000010	0.007512	0.992438	LD_0.9_7_1830
BRC20244	0.000010	0.000010	0.000010	0.999940	0.000010	0.000010	0.000010	LD_0.9_7_1830
BRC20246	0.000010	0.000010	0.000015	0.999935	0.000010	0.000010	0.000010	LD_0.9_7_1830
BRC20257	0.000010	0.000010	0.000010	0.000010	0.042339	0.957611	0.000010	LD_0.9_7_1830
BRC20260	0.000010	0.000010	0.000010	0.000010	0.000010	0.000010	0.999940	LD_0.9_7_1830
BRC20270	0.000010	0.000010	0.000013	0.999931	0.000016	0.000010	0.000010	LD_0.9_7_1830
BRC20272	0.000015	0.000020	0.000016	0.999910	0.000019	0.000010	0.000010	LD_0.9_7_1830
BRC20289	0.000010	0.000010	0.000010	0.999939	0.000011	0.000010	0.000010	LD_0.9_7_1830
BRC20290	0.000010	0.000010	0.000010	0.999940	0.000010	0.000010	0.000010	LD_0.9_7_1830
BRC20294	0.000010	0.000010	0.000010	0.000010	0.000010	0.009662	0.990288	LD_0.9_7_1830
BRC20308	0.000010	0.000010	0.000016	0.999934	0.000010	0.000010	0.000010	LD_0.9_7_1830
BRC20309	0.000010	0.000010	0.000010	0.999940	0.000010	0.000010	0.000010	LD_0.9_7_1830
BRC20311	0.000010	0.000010	0.000016	0.999934	0.000010	0.000010	0.000010	LD_0.9_7_1830
BRC20312	0.000010	0.000010	0.000010	0.999938	0.000012	0.000010	0.000010	LD_0.9_7_1830
BRC20315	0.000010	0.000010	0.000010	0.999933	0.000017	0.000010	0.000010	LD_0.9_7_1830
BRC20320	0.000010	0.000010	0.000010	0.999940	0.000010	0.000010	0.000010	LD_0.9_7_1830
BRC20324	0.000010	0.645199	0.000010	0.000010	0.000010	0.000010	0.354751	LD_0.9_7_1830
BRC20331	0.000010	0.000010	0.000010	0.999940	0.000010	0.000010	0.000010	LD_0.9_7_1830
BRC20333	0.000012	0.000010	0.000016	0.999932	0.000010	0.000010	0.000010	LD_0.9_7_1830
BRC20334	0.000010	0.000010	0.000010	0.999940	0.000010	0.000010	0.000010	LD_0.9_7_1830
BRC20339	0.000010	0.000010	0.000010	0.999940	0.000010	0.000010	0.000010	LD_0.9_7_1830
BRC20341	0.000010	0.000010	0.000010	0.999940	0.000010	0.000010	0.000010	LD_0.9_7_1830
BRC20343	0.000010	0.999940	0.000010	0.000010	0.000010	0.000010	0.000010	LD_0.9_7_1830
BRC20346	0.000010	0.000011	0.000010	0.999939	0.000010	0.000010	0.000010	LD_0.9_7_1830
BRC20347	0.000010	0.999934	0.000014	0.000013	0.000010	0.000010	0.000010	LD_0.9_7_1830
BRC20348	0.000010	0.000010	0.000010	0.999940	0.000010	0.000010	0.000010	LD_0.9_7_1830
BRC20353	0.000010	0.000010	0.000010	0.000010	0.000010	0.650899	0.349051	LD_0.9_7_1830
BRC20360	0.000010	0.000010	0.000010	0.000010	0.000010	0.649114	0.350836	LD_0.9_7_1830
BRC20361	0.000010	0.000010	0.000010	0.000010	0.000010	0.635515	0.364435	LD_0.9_7_1830
BRC20362	0.000010	0.000010	0.000010	0.000010	0.000010	0.606912	0.393038	LD_0.9_7_1830
BRC20366	0.000010	0.000010	0.000010	0.999940	0.000010	0.000010	0.000010	LD_0.9_7_1830
BRC20367	0.000010	0.000010	0.000010	0.999934	0.000016	0.000010	0.000010	LD_0.9_7_1830
BRC20369	0.000010	0.000010	0.000010	0.000010	0.000010	0.000010	0.999940	LD_0.9_7_1830
BRC20370	0.000010	0.000010	0.000010	0.999940	0.000010	0.000010	0.000010	LD_0.9_7_1830
BRC20388	0.000010	0.000010	0.999940	0.000010	0.000010	0.000010	0.000010	LD_0.9_7_1830
BRC20390	0.000010	0.000010	0.000010	0.999940	0.000010	0.000010	0.000010	LD_0.9_7_1830
BRC20401	0.000010	0.000010	0.000010	0.000010	0.000010	0.000010	0.999940	LD_0.9_7_1830
BRC20463	0.000010	0.000013	0.000010	0.999937	0.000010	0.000010	0.000010	LD_0.9_7_1830
BRC20492	0.000010	0.047302	0.568557	0.266080	0.000010	0.000010	0.118030	LD_0.9_7_1830
BRC20499	0.000017	0.000010	0.000010	0.999933	0.000010	0.000010	0.000010	LD_0.9_7_1830
BRC20501	0.000010	0.000010	0.000010	0.999940	0.000010	0.000010	0.000010	LD_0.9_7_1830
BRC20502	0.000010	0.051444	0.580555	0.206786	0.000010	0.000010	0.161185	LD_0.9_7_1830
BRC20503	0.000010	0.050970	0.580208	0.207917	0.000010	0.000010	0.160875	LD_0.9_7_1830
BRC20519	0.000010	0.053943	0.568582	0.251896	0.000010	0.000010	0.125548	LD_0.9_7_1830
BRC20520	0.000010	0.047858	0.568089	0.262900	0.000010	0.000010	0.121123	LD_0.9_7_1830
BRC20522	0.000010	0.999940	0.000010	0.000010	0.000010	0.000010	0.000010	LD_0.9_7_1830
BRC20524	0.000010	0.999940	0.000010	0.000010	0.000010	0.000010	0.000010	LD_0.9_7_1830
BRC20529	0.000016	0.000010	0.000020	0.999924	0.000010	0.000010	0.000010	LD_0.9_7_1830
BRC20530	0.000010	0.999937	0.000010	0.000013	0.000010	0.000010	0.000010	LD_0.9_7_1830
BRC20531	0.000010	0.999940	0.000010	0.000010	0.000010	0.000010	0.000010	LD_0.9_7_1830
BRC20532	0.000010	0.000010	0.000010	0.999940	0.000010	0.000010	0.000010	LD_0.9_7_1830
BRC20533	0.000010	0.000010	0.000010	0.999940	0.000010	0.000010	0.000010	LD_0.9_7_1830
BRC20534	0.000010	0.000010	0.000010	0.999940	0.000010	0.000010	0.000010	LD_0.9_7_1830
BRC20535	0.000010	0.000010	0.000010	0.999940	0.000010	0.000010	0.000010	LD_0.9_7_1830
BRC20536	0.000010	0.000010	0.000010	0.999940	0.000010	0.000010	0.000010	LD_0.9_7_1830
BRC20537	0.000010	0.000010	0.000010	0.999940	0.000010	0.000010	0.000010	LD_0.9_7_1830
BRC20541	0.000011	0.065185	0.560100	0.240384	0.000010	0.000010	0.134300	LD_0.9_7_1830
BRC20543	0.000010	0.000010	0.000010	0.999940	0.000010	0.000010	0.000010	LD_0.9_7_1830
BRC20544	0.000010	0.000010	0.000018	0.999932	0.000010	0.000010	0.000010	LD_0.9_7_1830
BRC20545	0.000010	0.000010	0.000010	0.999940	0.000010	0.000010	0.000010	LD_0.9_7_1830
BRC20556	0.000010	0.000010	0.000010	0.000010	0.000010	0.000010	0.999940	LD_0.9_7_1830
BRC20557	0.000010	0.000010	0.000010	0.999940	0.000010	0.000010	0.000010	LD_0.9_7_1830
BRC20565	0.000010	0.000010	0.000010	0.000010	0.000010	0.000010	0.999940	LD_0.9_7_1830
BRC20571	0.000010	0.000010	0.000010	0.000010	0.000010	0.050052	0.949897	LD_0.9_7_1830
BRC20574	0.000010	0.000010	0.000010	0.000010	0.000010	0.000010	0.999940	LD_0.9_7_1830
BW287	0.000010	0.000010	0.999940	0.000010	0.000010	0.000010	0.000010	LD_0.9_7_1830
DF5100	0.000010	0.000010	0.000010	0.000010	0.001970	0.000010	0.997980	LD_0.9_7_1830
ECA1129	0.000010	0.000010	0.000010	0.000010	0.000010	0.000010	0.999940	LD_0.9_7_1830
ECA1143	0.000010	0.000010	0.000010	0.000010	0.097755	0.000010	0.902195	LD_0.9_7_1830
ECA1147	0.000010	0.000010	0.000010	0.000010	0.000010	0.000010	0.999940	LD_0.9_7_1830
ECA1149	0.000010	0.000010	0.000010	0.045512	0.000010	0.000010	0.954438	LD_0.9_7_1830
ECA1160	0.000010	0.000010	0.000010	0.000010	0.000010	0.000010	0.999940	LD_0.9_7_1830
ECA1164	0.000010	0.000010	0.000010	0.000010	0.000010	0.000010	0.999940	LD_0.9_7_1830
ECA1170	0.000010	0.000010	0.000010	0.999940	0.000010	0.000010	0.000010	LD_0.9_7_1830
ECA1174	0.000010	0.000010	0.000010	0.000010	0.000010	0.000010	0.999940	LD_0.9_7_1830
ECA1383	0.000010	0.000010	0.000010	0.999940	0.000010	0.000010	0.000010	LD_0.9_7_1830
ECA1411	0.000010	0.000010	0.000010	0.000010	0.000010	0.000010	0.999940	LD_0.9_7_1830
ECA1423	0.000010	0.000010	0.000010	0.000010	0.000010	0.000010	0.999940	LD_0.9_7_1830
ECA1429	0.000010	0.000010	0.000010	0.000010	0.000010	0.000010	0.999940	LD_0.9_7_1830
ECA1431	0.000010	0.000010	0.000010	0.000010	0.000010	0.000010	0.999940	LD_0.9_7_1830
ECA1437	0.000010	0.000010	0.000010	0.000010	0.000010	0.000010	0.999940	LD_0.9_7_1830
ECA1439	0.000010	0.000010	0.000010	0.000010	0.000010	0.000010	0.999940	LD_0.9_7_1830
ECA1443	0.000010	0.000010	0.000010	0.945995	0.000010	0.000010	0.053955	LD_0.9_7_1830
ECA1471	0.000010	0.000010	0.000010	0.000010	0.000010	0.000010	0.999940	LD_0.9_7_1830
ECA1489	0.000010	0.000010	0.000010	0.000010	0.144189	0.000010	0.855761	LD_0.9_7_1830
ECA1507	0.000010	0.000010	0.000010	0.000010	0.000010	0.000010	0.999940	LD_0.9_7_1830
ECA1509	0.000010	0.000010	0.000010	0.000010	0.000010	0.000010	0.999940	LD_0.9_7_1830
ECA1517	0.000010	0.000010	0.000010	0.000010	0.000010	0.000010	0.999940	LD_0.9_7_1830
ECA1521	0.000010	0.000010	0.000010	0.000010	0.000010	0.000010	0.999940	LD_0.9_7_1830
ECA1555	0.000010	0.000010	0.000010	0.000010	0.000010	0.000010	0.999940	LD_0.9_7_1830
ECA1559	0.000010	0.000010	0.000010	0.999940	0.000010	0.000010	0.000010	LD_0.9_7_1830
ECA1563	0.000010	0.000010	0.000010	0.000010	0.000010	0.000010	0.999940	LD_0.9_7_1830
ECA1571	0.000010	0.000010	0.000010	0.000010	0.133295	0.000010	0.866655	LD_0.9_7_1830
ECA1587	0.000010	0.000010	0.000010	0.000010	0.000010	0.000010	0.999940	LD_0.9_7_1830
ECA1605	0.000010	0.000010	0.000010	0.874310	0.051057	0.000010	0.074593	LD_0.9_7_1830
ECA1609	0.000010	0.000010	0.000010	0.000010	0.000010	0.000010	0.999940	LD_0.9_7_1830
ECA161	0.000010	0.000010	0.000010	0.000010	0.000010	0.000010	0.999940	LD_0.9_7_1830
ECA1611	0.000010	0.000010	0.000010	0.000010	0.000010	0.000010	0.999940	LD_0.9_7_1830
ECA1615	0.000010	0.000010	0.000010	0.000010	0.000010	0.000010	0.999940	LD_0.9_7_1830
ECA162	0.000010	0.000010	0.000010	0.000010	0.000010	0.000010	0.999940	LD_0.9_7_1830
ECA1621	0.000010	0.000010	0.000010	0.000010	0.000010	0.000010	0.999940	LD_0.9_7_1830
ECA163	0.035067	0.070126	0.633155	0.080448	0.000010	0.000010	0.181184	LD_0.9_7_1830
ECA1637	0.000010	0.000010	0.000010	0.000010	0.000010	0.000010	0.999940	LD_0.9_7_1830
ECA1657	0.000010	0.000010	0.000010	0.000010	0.000010	0.000010	0.999940	LD_0.9_7_1830
ECA1701	0.000010	0.000010	0.000010	0.000010	0.008339	0.000010	0.991611	LD_0.9_7_1830
ECA175	0.000010	0.000010	0.000010	0.000010	0.000010	0.000010	0.999940	LD_0.9_7_1830
ECA176	0.000010	0.000010	0.000010	0.000010	0.000010	0.000010	0.999940	LD_0.9_7_1830
ECA177	0.000010	0.000010	0.000010	0.000010	0.000010	0.000010	0.999940	LD_0.9_7_1830
ECA180	0.000010	0.000010	0.000010	0.000010	0.000010	0.000010	0.999940	LD_0.9_7_1830
ECA182	0.000010	0.000010	0.000010	0.000010	0.000010	0.000010	0.999940	LD_0.9_7_1830
ECA183	0.000015	0.000010	0.000010	0.000010	0.000010	0.000010	0.999935	LD_0.9_7_1830
ECA185	0.000010	0.000010	0.000010	0.000010	0.000010	0.000010	0.999940	LD_0.9_7_1830
ECA186	0.000010	0.000010	0.000010	0.000010	0.000013	0.000010	0.999937	LD_0.9_7_1830
ECA2083	0.000010	0.000010	0.000010	0.000010	0.000010	0.000010	0.999940	LD_0.9_7_1830
ECA2093	0.000010	0.000010	0.000010	0.000010	0.000010	0.000010	0.999940	LD_0.9_7_1830
ECA2115	0.000010	0.000010	0.000010	0.000010	0.000010	0.000010	0.999940	LD_0.9_7_1830
ECA2299	0.000010	0.000010	0.000016	0.999934	0.000010	0.000010	0.000010	LD_0.9_7_1830
ECA2373	0.000010	0.000010	0.000010	0.000010	0.039615	0.000010	0.960335	LD_0.9_7_1830
ECA2385	0.000010	0.000010	0.000010	0.999940	0.000010	0.000010	0.000010	LD_0.9_7_1830
ECA2425	0.000015	0.000010	0.000010	0.000010	0.000010	0.000010	0.999935	LD_0.9_7_1830
ECA2617	0.999940	0.000010	0.000010	0.000010	0.000010	0.000010	0.000010	LD_0.9_7_1830
ECA2618	0.999940	0.000010	0.000010	0.000010	0.000010	0.000010	0.000010	LD_0.9_7_1830
ECA2621	0.999940	0.000010	0.000010	0.000010	0.000010	0.000010	0.000010	LD_0.9_7_1830
ECA2623	0.000010	0.000010	0.000010	0.000010	0.027576	0.000010	0.972374	LD_0.9_7_1830
ECA2625	0.000010	0.000010	0.000010	0.000010	0.000010	0.000010	0.999940	LD_0.9_7_1830
ECA2626	0.000010	0.000010	0.000010	0.000010	0.000010	0.000010	0.999940	LD_0.9_7_1830
ECA2636	0.000010	0.000010	0.000010	0.000010	0.000010	0.000010	0.999940	LD_0.9_7_1830
ECA2637	0.000010	0.000010	0.000010	0.000010	0.000010	0.000010	0.999940	LD_0.9_7_1830
ECA2639	0.999940	0.000010	0.000010	0.000010	0.000010	0.000010	0.000010	LD_0.9_7_1830
ECA2645	0.000010	0.000010	0.000010	0.000010	0.000010	0.000010	0.999940	LD_0.9_7_1830
ECA2647	0.999940	0.000010	0.000010	0.000010	0.000010	0.000010	0.000010	LD_0.9_7_1830
ECA2663	0.000010	0.000010	0.000010	0.000010	0.000010	0.000010	0.999940	LD_0.9_7_1830
ECA2664	0.000010	0.000017	0.000010	0.000010	0.040914	0.000010	0.959030	LD_0.9_7_1830
ECA2666	0.999940	0.000010	0.000010	0.000010	0.000010	0.000010	0.000010	LD_0.9_7_1830
ECA2667	0.000010	0.000010	0.000010	0.000010	0.000010	0.000010	0.999940	LD_0.9_7_1830
ECA2670	0.999940	0.000010	0.000010	0.000010	0.000010	0.000010	0.000010	LD_0.9_7_1830
ECA276	0.034592	0.070533	0.631954	0.080361	0.000010	0.000010	0.182540	LD_0.9_7_1830
ECA278	0.000010	0.000010	0.999940	0.000010	0.000010	0.000010	0.000010	LD_0.9_7_1830
ECA2808	0.000010	0.000010	0.000010	0.000010	0.000010	0.000010	0.999940	LD_0.9_7_1830
ECA287	0.000010	0.000010	0.000010	0.989248	0.000010	0.000010	0.010702	LD_0.9_7_1830
ECA288	0.000020	0.000010	0.000010	0.100787	0.000010	0.000010	0.899153	LD_0.9_7_1830
ECA2883	0.000010	0.000010	0.000010	0.000010	0.000010	0.000010	0.999940	LD_0.9_7_1830
ECA2890	0.000010	0.000010	0.000010	0.000010	0.000010	0.000010	0.999940	LD_0.9_7_1830
ECA2894	0.000010	0.000010	0.000010	0.000010	0.000010	0.000010	0.999940	LD_0.9_7_1830
ECA2936	0.000010	0.000010	0.000010	0.999940	0.000010	0.000010	0.000010	LD_0.9_7_1830
ECA2975	0.000010	0.000010	0.000010	0.000010	0.000010	0.000010	0.999940	LD_0.9_7_1830
ECA3091	0.000010	0.000010	0.000010	0.000010	0.000011	0.000010	0.999939	LD_0.9_7_1830
ECA343	0.000010	0.000010	0.000010	0.000010	0.000010	0.000010	0.999940	LD_0.9_7_1830
ECA346	0.000010	0.000010	0.000010	0.000010	0.000010	0.000010	0.999940	LD_0.9_7_1830
ECA3502	0.000010	0.000011	0.000010	0.999939	0.000010	0.000010	0.000010	LD_0.9_7_1830
ECA3503	0.000010	0.000010	0.000010	0.000010	0.000015	0.000010	0.999935	LD_0.9_7_1830
ECA3509	0.000010	0.000010	0.000010	0.000010	0.000010	0.000010	0.999940	LD_0.9_7_1830
ECA3708	0.000010	0.000017	0.000010	0.000010	0.000012	0.000010	0.999931	LD_0.9_7_1830
ECA371	0.000010	0.000010	0.000010	0.000010	0.000010	0.000010	0.999940	LD_0.9_7_1830
ECA3712	0.000010	0.000010	0.000010	0.000010	0.000010	0.000010	0.999940	LD_0.9_7_1830
ECA3713	0.000010	0.000010	0.000010	0.000010	0.000010	0.000010	0.999940	LD_0.9_7_1830
ECA3899	0.000010	0.000010	0.000010	0.000010	0.000010	0.000010	0.999940	LD_0.9_7_1830
ECA4382	0.000010	0.000010	0.000010	0.000010	0.000010	0.000010	0.999940	LD_0.9_7_1830
ECA4390	0.000010	0.000010	0.000010	0.000010	0.000010	0.000010	0.999940	LD_0.9_7_1830
ECA4394	0.000010	0.000010	0.000010	0.000010	0.000010	0.000010	0.999940	LD_0.9_7_1830
ECA4402	0.000010	0.000010	0.000010	0.000010	0.000010	0.000010	0.999940	LD_0.9_7_1830
ECA569	0.000010	0.000010	0.999940	0.000010	0.000010	0.000010	0.000010	LD_0.9_7_1830
ED3032	0.000010	0.000010	0.000010	0.000010	0.000010	0.000010	0.999940	LD_0.9_7_1830
ED3037	0.000010	0.000010	0.000010	0.000010	0.000010	0.000010	0.999940	LD_0.9_7_1830
ED3088	0.000010	0.000010	0.000010	0.000010	0.000010	0.000010	0.999940	LD_0.9_7_1830
ED3102	0.023891	0.064999	0.649089	0.097494	0.000010	0.000010	0.164507	LD_0.9_7_1830
EG4360	0.000010	0.000010	0.999940	0.000010	0.000010	0.000010	0.000010	LD_0.9_7_1830
EG5612	0.000010	0.000010	0.000010	0.000010	0.000010	0.498697	0.501253	LD_0.9_7_1830
EG5613	0.000010	0.000010	0.000010	0.000010	0.000010	0.051818	0.948132	LD_0.9_7_1830
EG6179	0.000010	0.000010	0.000010	0.000010	0.000010	0.035543	0.964407	LD_0.9_7_1830
EG6260	0.000010	0.000010	0.000010	0.000010	0.032831	0.000010	0.967119	LD_0.9_7_1830
EG6261	0.000010	0.000010	0.000010	0.000010	0.010795	0.000010	0.989155	LD_0.9_7_1830
EG6265	0.000012	0.000010	0.000010	0.983939	0.016008	0.000010	0.000010	LD_0.9_7_1830
EG6267	0.000010	0.000010	0.000010	0.000010	0.015147	0.000010	0.984803	LD_0.9_7_1830
EG6271	0.000010	0.000010	0.000010	0.000010	0.068851	0.000010	0.931099	LD_0.9_7_1830
EG6272	0.000010	0.000010	0.000010	0.000010	0.020595	0.000010	0.979355	LD_0.9_7_1830
EG6274	0.000010	0.000010	0.000010	0.000010	0.000012	0.000010	0.999938	LD_0.9_7_1830
EG6275	0.000010	0.000010	0.000010	0.000010	0.000012	0.000010	0.999938	LD_0.9_7_1830
EG6276	0.000010	0.000010	0.000010	0.000010	0.000012	0.000010	0.999938	LD_0.9_7_1830
EG6329	0.000010	0.000010	0.000010	0.000010	0.119226	0.000010	0.880724	LD_0.9_7_1830
GUN124	0.000010	0.000010	0.999940	0.000010	0.000010	0.000010	0.000010	LD_0.9_7_1830
GXW22	0.000010	0.000010	0.000010	0.000010	0.000010	0.000010	0.999940	LD_0.9_7_1830
GXW23	0.000010	0.000010	0.000010	0.000010	0.000010	0.352189	0.647761	LD_0.9_7_1830
HK104	0.000011	0.000010	0.999939	0.000010	0.000010	0.000010	0.000010	LD_0.9_7_1830
HPT11	0.000010	0.047305	0.634011	0.163914	0.000010	0.000010	0.154740	LD_0.9_7_1830
HPT16	0.000010	0.000010	0.000010	0.000010	0.000010	0.000010	0.999940	LD_0.9_7_1830
HPT18	0.000010	0.051031	0.626813	0.165685	0.000010	0.000010	0.156441	LD_0.9_7_1830
HPT19	0.000010	0.000010	0.000010	0.000010	0.000010	0.000010	0.999940	LD_0.9_7_1830
HPT2	0.000010	0.000010	0.000010	0.000010	0.000010	0.000010	0.999940	LD_0.9_7_1830
HPT21	0.000010	0.000010	0.000010	0.000010	0.000011	0.000010	0.999939	LD_0.9_7_1830
HPT24	0.000013	0.048284	0.631522	0.163682	0.000010	0.000010	0.156479	LD_0.9_7_1830
HPT34	0.000010	0.000010	0.000010	0.000010	0.000010	0.000010	0.999940	LD_0.9_7_1830
HPT37	0.000010	0.000010	0.000010	0.000010	0.035335	0.000010	0.964615	LD_0.9_7_1830
HPT4	0.000010	0.000015	0.000010	0.000010	0.000010	0.000010	0.999935	LD_0.9_7_1830
HPT42	0.000010	0.000010	0.000010	0.000010	0.000010	0.000010	0.999940	LD_0.9_7_1830
HPT52	0.000010	0.000010	0.000010	0.000010	0.000010	0.442016	0.557934	LD_0.9_7_1830
HPT53	0.000010	0.000010	0.000010	0.000010	0.000010	0.000010	0.999940	LD_0.9_7_1830
HPT54	0.000010	0.000010	0.000010	0.000010	0.000010	0.000010	0.999940	LD_0.9_7_1830
HPT55	0.000010	0.000010	0.000010	0.000010	0.000010	0.000010	0.999940	LD_0.9_7_1830
HPT59	0.000010	0.000010	0.000010	0.000010	0.000010	0.000010	0.999940	LD_0.9_7_1830
HPT60	0.000010	0.000010	0.000010	0.000010	0.000010	0.000010	0.999940	LD_0.9_7_1830
HPT62	0.000010	0.000010	0.000010	0.000010	0.000010	0.999940	0.000010	LD_0.9_7_1830
HPT63	0.000010	0.000010	0.000010	0.000010	0.000010	0.000010	0.999940	LD_0.9_7_1830
HPT7	0.000010	0.000010	0.000010	0.000010	0.000010	0.000010	0.999940	LD_0.9_7_1830
HPT8	0.000010	0.000010	0.000010	0.000010	0.000010	0.000010	0.999940	LD_0.9_7_1830
HPT9	0.000010	0.000010	0.000010	0.000010	0.000010	0.475012	0.524938	LD_0.9_7_1830
JU1085	0.000010	0.000010	0.999940	0.000010	0.000010	0.000010	0.000010	LD_0.9_7_1830
JU1337	0.000010	0.000010	0.000010	0.000010	0.000010	0.049628	0.950322	LD_0.9_7_1830
JU1338	0.000010	0.000010	0.000010	0.000010	0.000010	0.623158	0.376792	LD_0.9_7_1830
JU1341	0.999940	0.000010	0.000010	0.000010	0.000010	0.000010	0.000010	LD_0.9_7_1830
JU1346	0.000010	0.000011	0.000010	0.000010	0.000010	0.651892	0.348056	LD_0.9_7_1830
JU1347	0.000010	0.000010	0.000010	0.000010	0.000010	0.000010	0.999940	LD_0.9_7_1830
JU1348	0.999932	0.000010	0.000010	0.000015	0.000013	0.000010	0.000010	LD_0.9_7_1830
JU1375	0.000010	0.000012	0.000010	0.000010	0.000010	0.000010	0.999938	LD_0.9_7_1830
JU1377	0.000010	0.000010	0.000010	0.000010	0.000010	0.000010	0.999940	LD_0.9_7_1830
JU1378	0.000010	0.000010	0.000010	0.000010	0.000010	0.000010	0.999940	LD_0.9_7_1830
JU1392	0.000010	0.000010	0.000010	0.000010	0.000010	0.000010	0.999940	LD_0.9_7_1830
JU1399	0.000010	0.000010	0.000010	0.000010	0.419299	0.000010	0.580651	LD_0.9_7_1830
JU1424	0.000010	0.000010	0.000010	0.000010	0.000010	0.589512	0.410438	LD_0.9_7_1830
JU1435	0.000010	0.000010	0.000010	0.000010	0.000010	0.000010	0.999940	LD_0.9_7_1830
JU1564	0.000010	0.000010	0.999940	0.000010	0.000010	0.000010	0.000010	LD_0.9_7_1830
JU1637	0.000010	0.000010	0.000010	0.000010	0.000010	0.000010	0.999940	LD_0.9_7_1830
JU1638	0.000010	0.000010	0.000010	0.000010	0.000010	0.000010	0.999940	LD_0.9_7_1830
JU1794	0.000010	0.000010	0.000010	0.000010	0.000010	0.148771	0.851179	LD_0.9_7_1830
JU1795	0.000010	0.000010	0.000010	0.000010	0.000010	0.000010	0.999940	LD_0.9_7_1830
JU1799	0.000010	0.000010	0.000010	0.000010	0.000010	0.000010	0.999940	LD_0.9_7_1830
JU1802	0.000010	0.000010	0.000010	0.000010	0.000010	0.000010	0.999940	LD_0.9_7_1830
JU1814	0.000010	0.000010	0.000010	0.000010	0.071082	0.000010	0.928868	LD_0.9_7_1830
JU1884	0.000010	0.000010	0.000010	0.000010	0.000010	0.000010	0.999940	LD_0.9_7_1830
JU1885	0.000011	0.000010	0.000020	0.000010	0.000010	0.062061	0.937878	LD_0.9_7_1830
JU1907	0.000010	0.000010	0.000010	0.000010	0.000010	0.000010	0.999940	LD_0.9_7_1830
JU1908	0.000010	0.000010	0.000010	0.000010	0.000010	0.000010	0.999940	LD_0.9_7_1830
JU1909	0.000010	0.000010	0.000010	0.000010	0.000010	0.000010	0.999940	LD_0.9_7_1830
JU1913	0.000010	0.000014	0.000010	0.000010	0.000010	0.420310	0.579635	LD_0.9_7_1830
JU2053	0.000010	0.000010	0.000010	0.000010	0.000010	0.000010	0.999940	LD_0.9_7_1830
JU2054	0.000010	0.000010	0.000010	0.000010	0.000010	0.000010	0.999940	LD_0.9_7_1830
JU2056	0.000010	0.000010	0.000010	0.000010	0.000010	0.000010	0.999940	LD_0.9_7_1830
JU2057	0.000010	0.000010	0.000010	0.000010	0.000010	0.999940	0.000010	LD_0.9_7_1830
JU2160	0.000010	0.000010	0.000010	0.000010	0.000010	0.999940	0.000010	LD_0.9_7_1830
JU2162	0.000014	0.000010	0.000010	0.000010	0.000010	0.999936	0.000010	LD_0.9_7_1830
JU2214	0.000010	0.000010	0.000010	0.000010	0.230979	0.000010	0.768971	LD_0.9_7_1830
JU2216	0.000010	0.000010	0.000010	0.999940	0.000010	0.000010	0.000010	LD_0.9_7_1830
JU2457	0.000010	0.000010	0.419285	0.000010	0.116314	0.000010	0.464361	LD_0.9_7_1830
JU2470	0.000010	0.000010	0.000010	0.000010	0.000017	0.999933	0.000010	LD_0.9_7_1830
JU2472	0.000010	0.000010	0.000010	0.000010	0.000010	0.000010	0.999940	LD_0.9_7_1830
JU2507	0.000010	0.000010	0.000010	0.000010	0.044194	0.955756	0.000010	LD_0.9_7_1830
JU2518	0.000010	0.000010	0.000010	0.000010	0.551250	0.000010	0.448700	LD_0.9_7_1830
JU2536	0.000010	0.000010	0.999935	0.000015	0.000010	0.000010	0.000010	LD_0.9_7_1830
JU2618	0.000010	0.000010	0.000010	0.000010	0.720567	0.000010	0.279383	LD_0.9_7_1830
JU2799	0.000010	0.000010	0.000010	0.000010	0.000014	0.000010	0.999936	LD_0.9_7_1830
JU2836	0.000010	0.000010	0.000010	0.000010	0.315484	0.000010	0.684466	LD_0.9_7_1830
JU2849	0.000010	0.000010	0.000010	0.000010	0.000010	0.497281	0.502669	LD_0.9_7_1830
JU2861	0.000010	0.000010	0.000010	0.000010	0.000010	0.000010	0.999940	LD_0.9_7_1830
JU2868	0.000010	0.000010	0.000010	0.000010	0.000010	0.000010	0.999940	LD_0.9_7_1830
JU2872	0.000010	0.000010	0.999940	0.000010	0.000010	0.000010	0.000010	LD_0.9_7_1830
JU2910	0.000010	0.000010	0.000010	0.000010	0.000010	0.153500	0.846450	LD_0.9_7_1830
JU3168	0.026361	0.062932	0.663544	0.082520	0.000010	0.000010	0.164622	LD_0.9_7_1830
JU3171	0.000010	0.000010	0.000010	0.000010	0.000010	0.000010	0.999940	LD_0.9_7_1830
JU3199	0.999940	0.000010	0.000010	0.000010	0.000010	0.000010	0.000010	LD_0.9_7_1830
JU3200	0.999940	0.000010	0.000010	0.000010	0.000010	0.000010	0.000010	LD_0.9_7_1830
JU3201	0.999940	0.000010	0.000010	0.000010	0.000010	0.000010	0.000010	LD_0.9_7_1830
JU3202	0.999940	0.000010	0.000010	0.000010	0.000010	0.000010	0.000010	LD_0.9_7_1830
JU3203	0.999936	0.000010	0.000010	0.000014	0.000010	0.000010	0.000010	LD_0.9_7_1830
JU3206	0.999940	0.000010	0.000010	0.000010	0.000010	0.000010	0.000010	LD_0.9_7_1830
JU3207	0.000010	0.000010	0.000010	0.000010	0.000010	0.000010	0.999940	LD_0.9_7_1830
JU3237	0.000010	0.000010	0.000010	0.000013	0.000010	0.999937	0.000010	LD_0.9_7_1830
JU3281	0.000010	0.000010	0.000010	0.000010	0.000010	0.000010	0.999940	LD_0.9_7_1830
JU3319	0.000010	0.000010	0.000010	0.000010	0.000010	0.356228	0.643722	LD_0.9_7_1830
JU3321	0.000010	0.000010	0.000010	0.000010	0.000010	0.000010	0.999940	LD_0.9_7_1830
JU3326	0.000010	0.093495	0.632523	0.108122	0.000010	0.000010	0.165830	LD_0.9_7_1830
JU3327	0.000010	0.000010	0.000010	0.000010	0.000010	0.005427	0.994523	LD_0.9_7_1830
JU3416	0.000010	0.000010	0.951509	0.000010	0.000011	0.000010	0.048439	LD_0.9_7_1830
JU4042	0.000010	0.000010	0.000010	0.000010	0.000010	0.000010	0.999940	LD_0.9_7_1830
JU4051	0.000010	0.000010	0.000010	0.000010	0.000010	0.581589	0.418361	LD_0.9_7_1830
JU4058	0.000010	0.000010	0.000010	0.000010	0.000010	0.537281	0.462669	LD_0.9_7_1830
JU4060	0.000010	0.000010	0.000010	0.000010	0.000010	0.624655	0.375295	LD_0.9_7_1830
JU4062	0.000010	0.000010	0.000010	0.000010	0.000010	0.593549	0.406401	LD_0.9_7_1830
JU4064	0.000010	0.000010	0.000010	0.000010	0.000010	0.611780	0.388170	LD_0.9_7_1830
JU4080	0.000010	0.000010	0.000010	0.000010	0.000012	0.000010	0.999938	LD_0.9_7_1830
JU4084	0.000010	0.000010	0.000010	0.000010	0.000010	0.641872	0.358078	LD_0.9_7_1830
JU4097	0.000010	0.000010	0.000010	0.000010	0.000010	0.568726	0.431224	LD_0.9_7_1830
JU725	0.000010	0.000010	0.000010	0.000010	0.000010	0.352020	0.647930	LD_0.9_7_1830
MY2716	0.000010	0.000010	0.000010	0.000010	0.000010	0.000010	0.999940	LD_0.9_7_1830
MY539	0.000010	0.000010	0.000010	0.000010	0.000010	0.000010	0.999940	LD_0.9_7_1830
NIC1050	0.000010	0.000012	0.000010	0.000010	0.659524	0.000010	0.340425	LD_0.9_7_1830
NIC1052	0.000010	0.000010	0.000010	0.000010	0.714155	0.000010	0.285795	LD_0.9_7_1830
NIC1054	0.000010	0.000010	0.000010	0.000010	0.568312	0.000010	0.431638	LD_0.9_7_1830
NIC1055	0.000010	0.000010	0.000010	0.000010	0.657082	0.000010	0.342868	LD_0.9_7_1830
NIC1057	0.000010	0.000010	0.000010	0.000010	0.721735	0.000010	0.278215	LD_0.9_7_1830
NIC1058	0.000010	0.000010	0.000010	0.000010	0.693181	0.000010	0.306769	LD_0.9_7_1830
NIC1059	0.000010	0.000010	0.000010	0.000010	0.659890	0.000010	0.340060	LD_0.9_7_1830
NIC1060	0.000012	0.000010	0.000010	0.000010	0.589359	0.000010	0.410589	LD_0.9_7_1830
NIC1062	0.000010	0.000015	0.000010	0.000010	0.331953	0.000010	0.667993	LD_0.9_7_1830
NIC1069	0.000010	0.000010	0.000010	0.000010	0.090828	0.000010	0.909122	LD_0.9_7_1830
NIC1103	0.000010	0.000010	0.000010	0.000010	0.677122	0.000010	0.322828	LD_0.9_7_1830
NIC1104	0.000010	0.000010	0.000010	0.000010	0.122642	0.000010	0.877308	LD_0.9_7_1830
NIC1106	0.000010	0.000012	0.000010	0.000010	0.405262	0.000010	0.594686	LD_0.9_7_1830
NIC1117	0.000010	0.000010	0.000010	0.000010	0.000010	0.000010	0.999940	LD_0.9_7_1830
NIC1123	0.000010	0.000010	0.000010	0.000010	0.000010	0.627240	0.372710	LD_0.9_7_1830
NIC1124	0.000010	0.000013	0.000010	0.000010	0.561628	0.000010	0.438319	LD_0.9_7_1830
NIC1135	0.000010	0.000010	0.000010	0.000010	0.562220	0.000010	0.437730	LD_0.9_7_1830
NIC1138	0.000010	0.000010	0.000010	0.000010	0.574268	0.000010	0.425682	LD_0.9_7_1830
NIC1141	0.000010	0.000010	0.000010	0.000010	0.544365	0.000010	0.455585	LD_0.9_7_1830
NIC115	0.000010	0.000010	0.000010	0.000010	0.012428	0.000010	0.987522	LD_0.9_7_1830
NIC117	0.000010	0.000010	0.000010	0.000010	0.000010	0.000010	0.999940	LD_0.9_7_1830
NIC1183	0.000010	0.000010	0.000010	0.000010	0.556744	0.000010	0.443206	LD_0.9_7_1830
NIC119	0.000010	0.000010	0.000010	0.000010	0.023564	0.000010	0.976386	LD_0.9_7_1830
NIC1190	0.000010	0.000010	0.000010	0.000010	0.502299	0.000010	0.497651	LD_0.9_7_1830
NIC1202	0.000010	0.000010	0.000010	0.000010	0.000010	0.000010	0.999940	LD_0.9_7_1830
NIC1204	0.000010	0.000010	0.000010	0.000010	0.000010	0.002631	0.997319	LD_0.9_7_1830
NIC1205	0.000010	0.000010	0.000010	0.999940	0.000010	0.000010	0.000010	LD_0.9_7_1830
NIC1218	0.000010	0.000010	0.000010	0.000010	0.000010	0.000010	0.999940	LD_0.9_7_1830
NIC1220	0.000010	0.000010	0.000010	0.999940	0.000010	0.000010	0.000010	LD_0.9_7_1830
NIC1221	0.000010	0.000010	0.000010	0.000010	0.000010	0.024617	0.975333	LD_0.9_7_1830
NIC123	0.000010	0.000010	0.000010	0.000010	0.000010	0.000010	0.999940	LD_0.9_7_1830
NIC1267	0.000010	0.000013	0.000010	0.000010	0.270728	0.000010	0.729219	LD_0.9_7_1830
NIC1283	0.000010	0.000010	0.000010	0.000010	0.487617	0.000010	0.512333	LD_0.9_7_1830
NIC1288	0.000010	0.000014	0.000012	0.000010	0.593806	0.074614	0.331534	LD_0.9_7_1830
NIC1292	0.000015	0.000010	0.000010	0.000012	0.547656	0.000010	0.452287	LD_0.9_7_1830
NIC1302	0.000010	0.000010	0.000010	0.000010	0.423907	0.000010	0.576043	LD_0.9_7_1830
NIC1304	0.000013	0.000010	0.000011	0.000013	0.571968	0.000010	0.427976	LD_0.9_7_1830
NIC1308	0.000010	0.000010	0.000010	0.000010	0.000010	0.298434	0.701516	LD_0.9_7_1830
NIC1407	0.000010	0.000010	0.000010	0.000010	0.602984	0.000010	0.396966	LD_0.9_7_1830
NIC1421	0.000010	0.000010	0.000010	0.000010	0.350903	0.000010	0.649047	LD_0.9_7_1830
NIC1423	0.000010	0.000010	0.000010	0.000010	0.669977	0.000010	0.329973	LD_0.9_7_1830
NIC1442	0.000010	0.000010	0.000010	0.000010	0.502994	0.000010	0.496956	LD_0.9_7_1830
NIC1491	0.000010	0.000010	0.000010	0.000010	0.503215	0.000010	0.496735	LD_0.9_7_1830
NIC1525	0.000010	0.000010	0.000010	0.000010	0.000012	0.000010	0.999938	LD_0.9_7_1830
NIC1528	0.000010	0.000010	0.000010	0.000010	0.000010	0.000010	0.999940	LD_0.9_7_1830
NIC1529	0.000010	0.000010	0.000010	0.000010	0.000010	0.000010	0.999940	LD_0.9_7_1830
NIC1533	0.000010	0.000010	0.000010	0.000010	0.000010	0.000010	0.999940	LD_0.9_7_1830
NIC1535	0.000010	0.000010	0.000010	0.000010	0.000060	0.000010	0.999890	LD_0.9_7_1830
NIC1539	0.000010	0.000010	0.000010	0.999940	0.000010	0.000010	0.000010	LD_0.9_7_1830
NIC1540	0.000012	0.999938	0.000010	0.000010	0.000010	0.000010	0.000010	LD_0.9_7_1830
NIC1562	0.000010	0.000010	0.000010	0.999940	0.000010	0.000010	0.000010	LD_0.9_7_1830
NIC1589	0.000010	0.999940	0.000010	0.000010	0.000010	0.000010	0.000010	LD_0.9_7_1830
NIC1590	0.000010	0.000010	0.000015	0.999935	0.000010	0.000010	0.000010	LD_0.9_7_1830
NIC1591	0.000010	0.999940	0.000010	0.000010	0.000010	0.000010	0.000010	LD_0.9_7_1830
NIC1593	0.000010	0.999932	0.000010	0.000015	0.000014	0.000010	0.000010	LD_0.9_7_1830
NIC1595	0.000010	0.000010	0.000010	0.999940	0.000010	0.000010	0.000010	LD_0.9_7_1830
NIC1598	0.000010	0.000010	0.000010	0.989747	0.000010	0.000010	0.010203	LD_0.9_7_1830
NIC1602	0.000010	0.000010	0.000010	0.999940	0.000010	0.000010	0.000010	LD_0.9_7_1830
NIC1607	0.000010	0.050285	0.571807	0.260748	0.000010	0.000010	0.117129	LD_0.9_7_1830
NIC1628	0.000010	0.000010	0.000010	0.000010	0.000010	0.000010	0.999940	LD_0.9_7_1830
NIC1630	0.000013	0.000011	0.000010	0.999929	0.000017	0.000010	0.000010	LD_0.9_7_1830
NIC1631	0.000010	0.000010	0.000010	0.999940	0.000010	0.000010	0.000010	LD_0.9_7_1830
NIC1632	0.000010	0.000010	0.999940	0.000010	0.000010	0.000010	0.000010	LD_0.9_7_1830
NIC1633	0.000010	0.000010	0.999940	0.000010	0.000010	0.000010	0.000010	LD_0.9_7_1830
NIC1635	0.000010	0.000010	0.999940	0.000010	0.000010	0.000010	0.000010	LD_0.9_7_1830
NIC1645	0.000010	0.000010	0.000010	0.999940	0.000010	0.000010	0.000010	LD_0.9_7_1830
NIC1660	0.000010	0.000010	0.000010	0.999940	0.000010	0.000010	0.000010	LD_0.9_7_1830
NIC1661	0.000012	0.000010	0.000014	0.999933	0.000010	0.000010	0.000010	LD_0.9_7_1830
NIC1662	0.000010	0.000010	0.000010	0.999940	0.000010	0.000010	0.000010	LD_0.9_7_1830
NIC1663	0.000013	0.000010	0.000015	0.999932	0.000010	0.000010	0.000010	LD_0.9_7_1830
NIC1664	0.000010	0.999935	0.000010	0.000015	0.000010	0.000010	0.000010	LD_0.9_7_1830
NIC1665	0.000010	0.999936	0.000010	0.000014	0.000010	0.000010	0.000010	LD_0.9_7_1830
NIC1666	0.000010	0.000010	0.000010	0.999940	0.000010	0.000010	0.000010	LD_0.9_7_1830
NIC1667	0.000010	0.000010	0.000010	0.999940	0.000010	0.000010	0.000010	LD_0.9_7_1830
NIC1681	0.000010	0.000010	0.000010	0.999940	0.000010	0.000010	0.000010	LD_0.9_7_1830
NIC1688	0.000010	0.000010	0.000010	0.000010	0.000010	0.000010	0.999940	LD_0.9_7_1830
NIC1692	0.000010	0.000010	0.000010	0.999940	0.000010	0.000010	0.000010	LD_0.9_7_1830
NIC1693	0.000010	0.000010	0.000010	0.999940	0.000010	0.000010	0.000010	LD_0.9_7_1830
NIC17	0.000010	0.000010	0.000010	0.000010	0.000017	0.000010	0.999933	LD_0.9_7_1830
NIC174	0.000010	0.000010	0.999940	0.000010	0.000010	0.000010	0.000010	LD_0.9_7_1830
NIC187	0.000010	0.000010	0.000010	0.000010	0.000010	0.000010	0.999940	LD_0.9_7_1830
NIC188	0.000010	0.000010	0.000010	0.000010	0.011157	0.000010	0.988793	LD_0.9_7_1830
NIC19	0.000010	0.999938	0.000012	0.000010	0.000010	0.000010	0.000010	LD_0.9_7_1830
NIC191	0.000010	0.000010	0.000010	0.000010	0.000010	0.000010	0.999940	LD_0.9_7_1830
NIC20	0.000010	0.999935	0.000011	0.000014	0.000010	0.000010	0.000010	LD_0.9_7_1830
NIC21	0.000010	0.999932	0.000017	0.000011	0.000010	0.000010	0.000010	LD_0.9_7_1830
NIC22	0.000010	0.999940	0.000010	0.000010	0.000010	0.000010	0.000010	LD_0.9_7_1830
NIC2369	0.000010	0.000010	0.000010	0.000010	0.000010	0.497473	0.502477	LD_0.9_7_1830
NIC248	0.000010	0.000010	0.000010	0.000010	0.000010	0.000010	0.999940	LD_0.9_7_1830
NIC250	0.000010	0.000010	0.000010	0.000010	0.000010	0.000010	0.999940	LD_0.9_7_1830
NIC2527	0.000010	0.000010	0.000010	0.000010	0.000010	0.000010	0.999940	LD_0.9_7_1830
NIC309	0.000010	0.000010	0.000010	0.000010	0.403345	0.000010	0.596605	LD_0.9_7_1830
NIC325	0.000010	0.000010	0.000010	0.000010	0.413207	0.000010	0.586743	LD_0.9_7_1830
NIC327	0.000010	0.000010	0.000010	0.000010	0.655460	0.000010	0.344490	LD_0.9_7_1830
NIC329	0.000010	0.000010	0.000010	0.000010	0.501863	0.000010	0.498087	LD_0.9_7_1830
NIC330	0.000010	0.000010	0.000010	0.000010	0.493227	0.000010	0.506723	LD_0.9_7_1830
NIC331	0.000010	0.000010	0.000010	0.000010	0.455301	0.000010	0.544649	LD_0.9_7_1830
NIC332	0.000010	0.000010	0.000010	0.000010	0.560248	0.000010	0.439702	LD_0.9_7_1830
NIC333	0.000010	0.000010	0.000010	0.000010	0.525946	0.000010	0.474004	LD_0.9_7_1830
NIC343	0.000010	0.000010	0.000010	0.000010	0.000010	0.010396	0.989554	LD_0.9_7_1830
NIC392	0.000010	0.000010	0.000010	0.000010	0.265409	0.000010	0.734541	LD_0.9_7_1830
NIC400	0.000010	0.000010	0.000010	0.000010	0.560775	0.000010	0.439175	LD_0.9_7_1830
NIC402	0.000010	0.000010	0.000010	0.000010	0.547368	0.000010	0.452582	LD_0.9_7_1830
NIC419	0.000010	0.000010	0.000010	0.000010	0.000010	0.475626	0.524324	LD_0.9_7_1830
NIC504	0.000010	0.000015	0.000010	0.999926	0.000020	0.000010	0.000010	LD_0.9_7_1830
NIC505	0.000010	0.000010	0.000010	0.999931	0.000019	0.000010	0.000010	LD_0.9_7_1830
NIC518	0.000010	0.000010	0.000010	0.999940	0.000010	0.000010	0.000010	LD_0.9_7_1830
NIC519	0.000010	0.000010	0.000010	0.999940	0.000010	0.000010	0.000010	LD_0.9_7_1830
NIC532	0.000010	0.000010	0.000010	0.000010	0.000010	0.000010	0.999940	LD_0.9_7_1830
NIC541	0.000010	0.000010	0.000010	0.000010	0.346213	0.263135	0.390613	LD_0.9_7_1830
NIC549	0.000010	0.000010	0.000010	0.000010	0.000010	0.000010	0.999940	LD_0.9_7_1830
NIC552	0.000010	0.000010	0.000010	0.000010	0.047517	0.000010	0.952433	LD_0.9_7_1830
NIC555	0.000010	0.000011	0.000010	0.000010	0.196591	0.000010	0.803358	LD_0.9_7_1830
NIC574	0.000010	0.000010	0.000010	0.000010	0.009757	0.000010	0.990193	LD_0.9_7_1830
NIC578	0.000010	0.000010	0.000010	0.000010	0.000010	0.000010	0.999940	LD_0.9_7_1830
NIC583	0.000010	0.000010	0.000010	0.000010	0.133600	0.000010	0.866350	LD_0.9_7_1830
NIC590	0.000010	0.000010	0.000012	0.000010	0.093722	0.180796	0.725439	LD_0.9_7_1830
NIC593	0.000010	0.000010	0.000010	0.000010	0.000010	0.000010	0.999940	LD_0.9_7_1830
NIC60	0.000010	0.000010	0.000010	0.000010	0.316429	0.000010	0.683521	LD_0.9_7_1830
NIC61	0.000010	0.000010	0.000010	0.000015	0.024180	0.000010	0.975765	LD_0.9_7_1830
NIC62	0.000010	0.000010	0.000010	0.000010	0.109031	0.000010	0.890919	LD_0.9_7_1830
NIC67	0.000010	0.000010	0.000010	0.000010	0.000010	0.559302	0.440648	LD_0.9_7_1830
NIC758	0.000010	0.000010	0.000010	0.000010	0.050722	0.168390	0.780848	LD_0.9_7_1830
NIC777	0.000010	0.000010	0.000010	0.000010	0.314571	0.000010	0.685379	LD_0.9_7_1830
NIC779	0.000010	0.000010	0.000018	0.999932	0.000010	0.000010	0.000010	LD_0.9_7_1830
NIC790	0.000010	0.000010	0.000010	0.000010	0.000010	0.000010	0.999940	LD_0.9_7_1830
NIC791	0.000010	0.000010	0.000010	0.000010	0.000010	0.999940	0.000010	LD_0.9_7_1830
NIC792	0.000010	0.000010	0.000010	0.000010	0.000010	0.321587	0.678363	LD_0.9_7_1830
NIC793	0.000010	0.000010	0.000010	0.000010	0.000010	0.000010	0.999940	LD_0.9_7_1830
NIC795	0.000010	0.000010	0.000010	0.000010	0.000010	0.000010	0.999940	LD_0.9_7_1830
NIC796	0.000010	0.008260	0.000012	0.000010	0.000010	0.000010	0.991688	LD_0.9_7_1830
NIC802	0.000010	0.000010	0.000010	0.000010	0.000010	0.000010	0.999940	LD_0.9_7_1830
NIC803	0.000010	0.000010	0.000010	0.000010	0.000010	0.000010	0.999940	LD_0.9_7_1830
NIC805	0.000010	0.000010	0.000010	0.999940	0.000010	0.000010	0.000010	LD_0.9_7_1830
NIC811	0.000010	0.000010	0.000010	0.000010	0.000010	0.012670	0.987280	LD_0.9_7_1830
NIC814	0.000010	0.000011	0.000010	0.999939	0.000010	0.000010	0.000010	LD_0.9_7_1830
NIC815	0.000010	0.000010	0.000010	0.999940	0.000010	0.000010	0.000010	LD_0.9_7_1830
NIC816	0.000010	0.999937	0.000010	0.000013	0.000010	0.000010	0.000010	LD_0.9_7_1830
NIC819	0.000010	0.079822	0.551211	0.237859	0.000010	0.000010	0.131079	LD_0.9_7_1830
NIC821	0.000010	0.000010	0.000010	0.000010	0.004431	0.000010	0.995519	LD_0.9_7_1830
NIC822	0.000010	0.000010	0.000010	0.999940	0.000010	0.000010	0.000010	LD_0.9_7_1830
NIC824	0.000010	0.000010	0.000010	0.999935	0.000015	0.000010	0.000010	LD_0.9_7_1830
NIC825	0.000010	0.999936	0.000010	0.000014	0.000010	0.000010	0.000010	LD_0.9_7_1830
NIC827	0.000010	0.999940	0.000010	0.000010	0.000010	0.000010	0.000010	LD_0.9_7_1830
NIC828	0.000010	0.999940	0.000010	0.000010	0.000010	0.000010	0.000010	LD_0.9_7_1830
NIC863	0.000010	0.000010	0.000019	0.999927	0.000014	0.000010	0.000010	LD_0.9_7_1830
NIC864	0.000010	0.000010	0.000010	0.999940	0.000010	0.000010	0.000010	LD_0.9_7_1830
NIC865	0.000010	0.000010	0.000018	0.999930	0.000012	0.000010	0.000010	LD_0.9_7_1830
NIC871	0.000010	0.000010	0.000010	0.000010	0.000010	0.000010	0.999940	LD_0.9_7_1830
NIC883	0.000010	0.000010	0.000010	0.000010	0.000010	0.000010	0.999940	LD_0.9_7_1830
NIC889	0.000010	0.000010	0.000010	0.999940	0.000010	0.000010	0.000010	LD_0.9_7_1830
NIC893	0.000010	0.050511	0.576826	0.211751	0.000010	0.000010	0.160882	LD_0.9_7_1830
NIC897	0.000010	0.000010	0.000010	0.999940	0.000010	0.000010	0.000010	LD_0.9_7_1830
NIC899	0.000010	0.000010	0.999940	0.000010	0.000010	0.000010	0.000010	LD_0.9_7_1830
NIC901	0.000010	0.000010	0.000010	0.000010	0.000010	0.000010	0.999940	LD_0.9_7_1830
NIC911	0.000010	0.000010	0.000010	0.000010	0.000010	0.000010	0.999940	LD_0.9_7_1830
NIC96	0.000010	0.000010	0.000010	0.000010	0.503019	0.000010	0.496931	LD_0.9_7_1830
NIC984	0.000010	0.000010	0.000010	0.000010	0.000010	0.000010	0.999940	LD_0.9_7_1830
NIC985	0.000010	0.000010	0.000010	0.000010	0.000010	0.073128	0.926822	LD_0.9_7_1830
PB800	0.000010	0.000010	0.999940	0.000010	0.000010	0.000010	0.000010	LD_0.9_7_1830
PB857	0.000010	0.000010	0.999940	0.000010	0.000010	0.000010	0.000010	LD_0.9_7_1830
PE887	0.000010	0.000010	0.000010	0.000010	0.000011	0.000010	0.999939	LD_0.9_7_1830
QG1005	0.000010	0.000015	0.000010	0.000010	0.999935	0.000010	0.000010	LD_0.9_7_1830
QG1007	0.000010	0.000010	0.000010	0.000010	0.999940	0.000010	0.000010	LD_0.9_7_1830
QG1111	0.000010	0.000010	0.000010	0.000010	0.999940	0.000010	0.000010	LD_0.9_7_1830
QG1126	0.000010	0.000010	0.000010	0.000010	0.999940	0.000010	0.000010	LD_0.9_7_1830
QG1141	0.000010	0.000010	0.000010	0.000010	0.990264	0.000010	0.009686	LD_0.9_7_1830
QG1155	0.000010	0.000010	0.000010	0.000010	0.990467	0.000010	0.009483	LD_0.9_7_1830
QG130	0.000010	0.000010	0.000010	0.000010	0.000010	0.000010	0.999940	LD_0.9_7_1830
QG132	0.000010	0.000010	0.000010	0.000010	0.000010	0.000010	0.999940	LD_0.9_7_1830
QG133	0.000010	0.000010	0.000010	0.978958	0.000010	0.000010	0.020992	LD_0.9_7_1830
QG2641	0.000010	0.000010	0.000010	0.000010	0.999940	0.000010	0.000010	LD_0.9_7_1830
QG2648	0.000010	0.000010	0.000010	0.000010	0.999940	0.000010	0.000010	LD_0.9_7_1830
QG2659	0.000010	0.000010	0.000010	0.000010	0.999940	0.000010	0.000010	LD_0.9_7_1830
QG2663	0.000010	0.000010	0.000010	0.000010	0.999940	0.000010	0.000010	LD_0.9_7_1830
QG2665	0.000010	0.000010	0.000010	0.000010	0.999940	0.000010	0.000010	LD_0.9_7_1830
QG2683	0.000010	0.000010	0.000010	0.000010	0.999940	0.000010	0.000010	LD_0.9_7_1830
QG2736	0.000010	0.000010	0.000010	0.000010	0.999940	0.000010	0.000010	LD_0.9_7_1830
QG2814	0.000010	0.000010	0.000010	0.000010	0.000010	0.000010	0.999940	LD_0.9_7_1830
QG2820	0.000010	0.000011	0.000010	0.000010	0.000010	0.000010	0.999939	LD_0.9_7_1830
QG2848	0.000010	0.000010	0.000010	0.000010	0.000010	0.000010	0.999940	LD_0.9_7_1830
QG2880	0.000010	0.000010	0.000010	0.000010	0.000010	0.999940	0.000010	LD_0.9_7_1830
QG2881	0.000010	0.000010	0.000010	0.000010	0.000010	0.000010	0.999940	LD_0.9_7_1830
QG2883	0.000010	0.000010	0.000010	0.000010	0.000010	0.000010	0.999940	LD_0.9_7_1830
QG2884	0.000010	0.000010	0.000010	0.000010	0.000010	0.999940	0.000010	LD_0.9_7_1830
QG2891	0.999940	0.000010	0.000010	0.000010	0.000010	0.000010	0.000010	LD_0.9_7_1830
QG2892	0.000010	0.000010	0.000010	0.000010	0.000010	0.999940	0.000010	LD_0.9_7_1830
QG2893	0.999936	0.000010	0.000010	0.000014	0.000010	0.000010	0.000010	LD_0.9_7_1830
QG2895	0.000010	0.000010	0.000010	0.000010	0.000010	0.999940	0.000010	LD_0.9_7_1830
QG2902	0.000010	0.000010	0.000010	0.000010	0.000010	0.999940	0.000010	LD_0.9_7_1830
QG2903	0.000010	0.000010	0.000010	0.000010	0.000010	0.999940	0.000010	LD_0.9_7_1830
QG2906	0.000010	0.000010	0.000010	0.000010	0.000011	0.999939	0.000010	LD_0.9_7_1830
QG2908	0.999940	0.000010	0.000010	0.000010	0.000010	0.000010	0.000010	LD_0.9_7_1830
QG2910	0.000010	0.000010	0.000010	0.000010	0.000010	0.000010	0.999940	LD_0.9_7_1830
QG2919	0.999940	0.000010	0.000010	0.000010	0.000010	0.000010	0.000010	LD_0.9_7_1830
QG2923	0.000010	0.000010	0.000010	0.000010	0.000010	0.999940	0.000010	LD_0.9_7_1830
QG2925	0.000010	0.000010	0.000010	0.000010	0.000010	0.999940	0.000010	LD_0.9_7_1830
QG2964	0.000010	0.000010	0.000010	0.000010	0.999940	0.000010	0.000010	LD_0.9_7_1830
QG2966	0.000010	0.000018	0.000010	0.000010	0.642293	0.000010	0.357649	LD_0.9_7_1830
QG2969	0.000010	0.000010	0.000010	0.000010	0.999940	0.000010	0.000010	LD_0.9_7_1830
QG2972	0.000010	0.000010	0.000010	0.000010	0.999940	0.000010	0.000010	LD_0.9_7_1830
QG2996	0.000010	0.000010	0.000010	0.000010	0.999940	0.000010	0.000010	LD_0.9_7_1830
QG3004	0.000010	0.000010	0.000010	0.000010	0.840930	0.000010	0.159020	LD_0.9_7_1830
QG3006	0.000010	0.000011	0.000010	0.000010	0.999939	0.000010	0.000010	LD_0.9_7_1830
QG3019	0.000010	0.000010	0.000010	0.000010	0.955692	0.000010	0.044258	LD_0.9_7_1830
QG3025	0.000010	0.000010	0.000010	0.000010	0.999940	0.000010	0.000010	LD_0.9_7_1830
QG3030	0.000010	0.000010	0.000010	0.000010	0.999940	0.000010	0.000010	LD_0.9_7_1830
QG3032	0.000010	0.000010	0.000010	0.000010	0.836609	0.000010	0.163341	LD_0.9_7_1830
QG3034	0.000010	0.000010	0.000010	0.000010	0.999940	0.000010	0.000010	LD_0.9_7_1830
QG3041	0.000010	0.000010	0.000010	0.000010	0.999940	0.000010	0.000010	LD_0.9_7_1830
QG3053	0.000010	0.000010	0.000010	0.000010	0.000010	0.000010	0.999940	LD_0.9_7_1830
QG3056	0.000010	0.000017	0.000010	0.000010	0.638112	0.000010	0.361831	LD_0.9_7_1830
QG3057	0.000010	0.000010	0.000010	0.000010	0.999940	0.000010	0.000010	LD_0.9_7_1830
QG3058	0.000010	0.000016	0.000010	0.000013	0.999931	0.000010	0.000010	LD_0.9_7_1830
QG3527	0.000010	0.000010	0.000010	0.000010	0.171472	0.000010	0.828478	LD_0.9_7_1830
QG3661	0.000010	0.000010	0.999940	0.000010	0.000010	0.000010	0.000010	LD_0.9_7_1830
QG3783	0.000010	0.000010	0.000010	0.000010	0.129569	0.000010	0.870381	LD_0.9_7_1830
QG3801	0.000010	0.000010	0.000010	0.000010	0.949585	0.000010	0.050365	LD_0.9_7_1830
QG3815	0.000010	0.000010	0.000010	0.000010	0.140858	0.000010	0.859092	LD_0.9_7_1830
QG3816	0.000010	0.000010	0.000010	0.000010	0.106232	0.000010	0.893718	LD_0.9_7_1830
QG3823	0.000010	0.000010	0.000010	0.000010	0.943151	0.008805	0.048003	LD_0.9_7_1830
QG3825	0.000010	0.000010	0.000010	0.000010	0.041812	0.000010	0.958138	LD_0.9_7_1830
QG3826	0.000010	0.000010	0.000010	0.000010	0.134897	0.000010	0.865053	LD_0.9_7_1830
QG3837	0.000010	0.000010	0.000010	0.000010	0.031237	0.000010	0.968712	LD_0.9_7_1830
QG3851	0.000010	0.000010	0.000010	0.000010	0.147795	0.000010	0.852155	LD_0.9_7_1830
QG3861	0.000010	0.000010	0.000010	0.000010	0.121263	0.000010	0.878687	LD_0.9_7_1830
QG3867	0.000010	0.000010	0.000010	0.000012	0.915179	0.000010	0.084769	LD_0.9_7_1830
QG3874	0.000010	0.000010	0.000010	0.000010	0.046399	0.000010	0.953551	LD_0.9_7_1830
QG3875	0.000010	0.000010	0.000010	0.000010	0.111514	0.000010	0.888436	LD_0.9_7_1830
QG3876	0.000010	0.000010	0.000010	0.000010	0.143799	0.000010	0.856151	LD_0.9_7_1830
QG3878	0.000010	0.000010	0.000010	0.000010	0.117946	0.000010	0.882004	LD_0.9_7_1830
QG3920	0.000010	0.000010	0.000010	0.000010	0.186795	0.000010	0.813155	LD_0.9_7_1830
QG3921	0.000010	0.000010	0.000010	0.000010	0.170875	0.000010	0.829075	LD_0.9_7_1830
QG3923	0.000010	0.000010	0.000010	0.000010	0.066835	0.000010	0.933115	LD_0.9_7_1830
QG3924	0.000010	0.000010	0.000010	0.000010	0.343497	0.000010	0.656453	LD_0.9_7_1830
QG3925	0.000010	0.000010	0.000010	0.000010	0.161095	0.000010	0.838855	LD_0.9_7_1830
QG3926	0.000010	0.000010	0.000010	0.000010	0.125189	0.000010	0.874761	LD_0.9_7_1830
QG3927	0.000010	0.000010	0.000010	0.000010	0.132654	0.000010	0.867296	LD_0.9_7_1830
QG3931	0.000010	0.000010	0.000010	0.000010	0.347143	0.000010	0.652807	LD_0.9_7_1830
QG3932	0.000010	0.000010	0.000010	0.000010	0.172284	0.000010	0.827666	LD_0.9_7_1830
QG3933	0.000010	0.000010	0.000010	0.000010	0.000010	0.000010	0.999940	LD_0.9_7_1830
QG4026	0.999940	0.000010	0.000010	0.000010	0.000010	0.000010	0.000010	LD_0.9_7_1830
QG4028	0.999940	0.000010	0.000010	0.000010	0.000010	0.000010	0.000010	LD_0.9_7_1830
QG4031	0.999935	0.000010	0.000010	0.000015	0.000010	0.000010	0.000010	LD_0.9_7_1830
QG4063	0.999940	0.000010	0.000010	0.000010	0.000010	0.000010	0.000010	LD_0.9_7_1830
QG4064	0.999940	0.000010	0.000010	0.000010	0.000010	0.000010	0.000010	LD_0.9_7_1830
QG4067	0.999937	0.000010	0.000013	0.000010	0.000010	0.000010	0.000010	LD_0.9_7_1830
QG4068	0.999933	0.000010	0.000017	0.000010	0.000010	0.000010	0.000010	LD_0.9_7_1830
QG4070	0.000010	0.000010	0.000010	0.000010	0.000010	0.000010	0.999940	LD_0.9_7_1830
QG4093	0.999940	0.000010	0.000010	0.000010	0.000010	0.000010	0.000010	LD_0.9_7_1830
QG4094	0.999940	0.000010	0.000010	0.000010	0.000010	0.000010	0.000010	LD_0.9_7_1830
QG4095	0.999940	0.000010	0.000010	0.000010	0.000010	0.000010	0.000010	LD_0.9_7_1830
QG4096	0.999940	0.000010	0.000010	0.000010	0.000010	0.000010	0.000010	LD_0.9_7_1830
QG4097	0.999931	0.000010	0.000019	0.000010	0.000010	0.000010	0.000010	LD_0.9_7_1830
QG4104	0.999940	0.000010	0.000010	0.000010	0.000010	0.000010	0.000010	LD_0.9_7_1830
QG4114	0.999940	0.000010	0.000010	0.000010	0.000010	0.000010	0.000010	LD_0.9_7_1830
QG4131	0.999935	0.000010	0.000015	0.000010	0.000010	0.000010	0.000010	LD_0.9_7_1830
QG4132	0.999940	0.000010	0.000010	0.000010	0.000010	0.000010	0.000010	LD_0.9_7_1830
QG4208	0.999940	0.000010	0.000010	0.000010	0.000010	0.000010	0.000010	LD_0.9_7_1830
QG4214	0.999940	0.000010	0.000010	0.000010	0.000010	0.000010	0.000010	LD_0.9_7_1830
QG4225	0.999940	0.000010	0.000010	0.000010	0.000010	0.000010	0.000010	LD_0.9_7_1830
QG4232	0.999940	0.000010	0.000010	0.000010	0.000010	0.000010	0.000010	LD_0.9_7_1830
QG4233	0.999940	0.000010	0.000010	0.000010	0.000010	0.000010	0.000010	LD_0.9_7_1830
QG4647	0.000010	0.000010	0.000010	0.000010	0.000010	0.999940	0.000010	LD_0.9_7_1830
QG4648	0.000010	0.000010	0.000010	0.000010	0.000010	0.000010	0.999940	LD_0.9_7_1830
QG4683	0.000010	0.000010	0.000010	0.000010	0.000010	0.000010	0.999940	LD_0.9_7_1830
QG4701	0.000010	0.000010	0.000010	0.000010	0.000010	0.607182	0.392768	LD_0.9_7_1830
QG4706	0.000010	0.000010	0.000010	0.000010	0.000010	0.000010	0.999940	LD_0.9_7_1830
QG4718	0.000010	0.000010	0.000010	0.000010	0.000012	0.000010	0.999938	LD_0.9_7_1830
QG4742	0.000011	0.000016	0.000010	0.000010	0.000010	0.019724	0.980219	LD_0.9_7_1830
QG4805	0.000010	0.000010	0.000010	0.000010	0.000010	0.999940	0.000010	LD_0.9_7_1830
QG4847	0.000010	0.000010	0.000010	0.000010	0.000010	0.000010	0.999940	LD_0.9_7_1830
QG4966	0.000010	0.000013	0.000010	0.000010	0.000010	0.000010	0.999937	LD_0.9_7_1830
QG5348	0.000010	0.000010	0.000010	0.000010	0.000010	0.000010	0.999940	LD_0.9_7_1830
QG5406	0.000010	0.000010	0.000010	0.000010	0.000010	0.000010	0.999940	LD_0.9_7_1830
QG547	0.000010	0.000010	0.999940	0.000010	0.000010	0.000010	0.000010	LD_0.9_7_1830
QG5474	0.000010	0.000010	0.000010	0.000010	0.000010	0.675641	0.324309	LD_0.9_7_1830
QG5488	0.000010	0.000010	0.000010	0.000010	0.000010	0.000010	0.999940	LD_0.9_7_1830
QG550	0.000010	0.000010	0.000010	0.000014	0.000010	0.414670	0.585276	LD_0.9_7_1830
QG5507	0.000010	0.000010	0.000010	0.000010	0.000010	0.204333	0.795617	LD_0.9_7_1830
QG5525	0.000010	0.000010	0.000010	0.000010	0.000010	0.011726	0.988224	LD_0.9_7_1830
QG5589	0.000010	0.000010	0.000010	0.000010	0.000010	0.833415	0.166535	LD_0.9_7_1830
QG5603	0.000010	0.000010	0.000010	0.000010	0.000010	0.690474	0.309476	LD_0.9_7_1830
QG5611	0.000012	0.000010	0.000010	0.000010	0.000010	0.000010	0.999938	LD_0.9_7_1830
QG5612	0.000010	0.000010	0.000010	0.000010	0.017260	0.000010	0.982690	LD_0.9_7_1830
QG5633	0.000010	0.000010	0.000010	0.000010	0.000010	0.007633	0.992317	LD_0.9_7_1830
QG581	0.000010	0.000010	0.999940	0.000010	0.000010	0.000010	0.000010	LD_0.9_7_1830
QG588	0.000010	0.000010	0.999940	0.000010	0.000010	0.000010	0.000010	LD_0.9_7_1830
QG700	0.000010	0.000012	0.000010	0.000010	0.876636	0.000010	0.123312	LD_0.9_7_1830
QG727	0.000010	0.000010	0.000010	0.000010	0.999940	0.000010	0.000010	LD_0.9_7_1830
QG733	0.000010	0.000010	0.000010	0.000010	0.999940	0.000010	0.000010	LD_0.9_7_1830
QG736	0.000010	0.000012	0.000010	0.000010	0.999938	0.000010	0.000010	LD_0.9_7_1830
QG737	0.000010	0.000010	0.000010	0.000010	0.999940	0.000010	0.000010	LD_0.9_7_1830
QG739	0.000010	0.000010	0.000010	0.000010	0.999940	0.000010	0.000010	LD_0.9_7_1830
QG761	0.000010	0.000010	0.000010	0.000010	0.805337	0.000010	0.194613	LD_0.9_7_1830
QG763	0.000010	0.000010	0.000010	0.000013	0.999937	0.000010	0.000010	LD_0.9_7_1830
QG776	0.000010	0.000010	0.000010	0.000010	0.991506	0.000010	0.008444	LD_0.9_7_1830
QG781	0.000010	0.000010	0.000010	0.000010	0.999940	0.000010	0.000010	LD_0.9_7_1830
QG784	0.000010	0.000010	0.000010	0.000010	0.999940	0.000010	0.000010	LD_0.9_7_1830
QG786	0.000010	0.000010	0.000010	0.000010	0.999940	0.000010	0.000010	LD_0.9_7_1830
QG788	0.000010	0.000010	0.000010	0.000010	0.999940	0.000010	0.000010	LD_0.9_7_1830
QG790	0.000010	0.000010	0.000010	0.000010	0.999940	0.000010	0.000010	LD_0.9_7_1830
QG791	0.000010	0.000010	0.000010	0.000010	0.964577	0.000010	0.035373	LD_0.9_7_1830
QG795	0.000010	0.000010	0.000010	0.000010	0.769749	0.000010	0.230201	LD_0.9_7_1830
QG797	0.000010	0.000010	0.000010	0.000010	0.999940	0.000010	0.000010	LD_0.9_7_1830
QG802	0.000010	0.000010	0.000010	0.000010	0.999940	0.000010	0.000010	LD_0.9_7_1830
QG804	0.000010	0.000010	0.000010	0.000010	0.999940	0.000010	0.000010	LD_0.9_7_1830
QG806	0.000010	0.000010	0.000010	0.000010	0.999940	0.000010	0.000010	LD_0.9_7_1830
QG807	0.000010	0.000010	0.000010	0.000010	0.999940	0.000010	0.000010	LD_0.9_7_1830
QG808	0.000010	0.000010	0.000010	0.000010	0.983932	0.000010	0.016018	LD_0.9_7_1830
QG809	0.000010	0.000010	0.000010	0.000010	0.999940	0.000010	0.000010	LD_0.9_7_1830
QG825	0.000010	0.000010	0.000010	0.000010	0.999940	0.000010	0.000010	LD_0.9_7_1830
QG827	0.000010	0.000010	0.000010	0.000010	0.999940	0.000010	0.000010	LD_0.9_7_1830
QG828	0.000010	0.000010	0.000010	0.000010	0.999940	0.000010	0.000010	LD_0.9_7_1830
QG833	0.000010	0.000010	0.000010	0.000010	0.972793	0.000010	0.027157	LD_0.9_7_1830
QG855	0.000010	0.000010	0.000010	0.000010	0.992052	0.000010	0.007898	LD_0.9_7_1830
QG856	0.000010	0.000010	0.000010	0.000010	0.999940	0.000010	0.000010	LD_0.9_7_1830
QG858	0.000010	0.000010	0.000010	0.000010	0.999940	0.000010	0.000010	LD_0.9_7_1830
QG860	0.000010	0.000016	0.000010	0.000010	0.826996	0.000010	0.172948	LD_0.9_7_1830
QG864	0.000010	0.000010	0.000010	0.000010	0.999940	0.000010	0.000010	LD_0.9_7_1830
QG865	0.000010	0.000010	0.000010	0.000010	0.999940	0.000010	0.000010	LD_0.9_7_1830
QG866	0.000010	0.000010	0.000010	0.000010	0.999940	0.000010	0.000010	LD_0.9_7_1830
QG868	0.000010	0.000010	0.000010	0.000010	0.999940	0.000010	0.000010	LD_0.9_7_1830
QG874	0.000010	0.000010	0.000010	0.000010	0.999940	0.000010	0.000010	LD_0.9_7_1830
QG875	0.000010	0.000010	0.000010	0.000010	0.999940	0.000010	0.000010	LD_0.9_7_1830
QG878	0.000010	0.000010	0.000010	0.000010	0.987174	0.000010	0.012776	LD_0.9_7_1830
QG879	0.000010	0.000010	0.000010	0.000010	0.999940	0.000010	0.000010	LD_0.9_7_1830
QG880	0.000010	0.000013	0.000010	0.000010	0.999937	0.000010	0.000010	LD_0.9_7_1830
QG881	0.000010	0.000010	0.000010	0.000010	0.798708	0.000010	0.201242	LD_0.9_7_1830
QG887	0.000010	0.000010	0.000010	0.000010	0.999940	0.000010	0.000010	LD_0.9_7_1830
QG888	0.000010	0.000010	0.000010	0.000010	0.999940	0.000010	0.000010	LD_0.9_7_1830
QG926	0.000010	0.000010	0.000010	0.000010	0.999940	0.000010	0.000010	LD_0.9_7_1830
QG927	0.000011	0.000010	0.000010	0.000010	0.064032	0.000010	0.935917	LD_0.9_7_1830
QG933	0.000010	0.000010	0.000010	0.000010	0.999940	0.000010	0.000010	LD_0.9_7_1830
QG937	0.000010	0.000010	0.000010	0.000010	0.999940	0.000010	0.000010	LD_0.9_7_1830
QG945	0.000010	0.000010	0.000010	0.000010	0.999940	0.000010	0.000010	LD_0.9_7_1830
QG946	0.000010	0.000010	0.000010	0.000010	0.999940	0.000010	0.000010	LD_0.9_7_1830
QG947	0.000010	0.000010	0.000010	0.000010	0.999940	0.000010	0.000010	LD_0.9_7_1830
QG948	0.000010	0.000010	0.000010	0.000010	0.999940	0.000010	0.000010	LD_0.9_7_1830
QG952	0.000010	0.000010	0.000010	0.000010	0.909916	0.000010	0.090034	LD_0.9_7_1830
QG978	0.000010	0.000011	0.000010	0.000010	0.892145	0.000010	0.107804	LD_0.9_7_1830
QG980	0.000010	0.000010	0.000010	0.000010	0.999940	0.000010	0.000010	LD_0.9_7_1830
QG986	0.000010	0.000010	0.000010	0.000010	0.990834	0.000010	0.009116	LD_0.9_7_1830
QG991	0.000010	0.000010	0.000010	0.000010	0.999940	0.000010	0.000010	LD_0.9_7_1830
QG994	0.000010	0.000010	0.000010	0.000010	0.999940	0.000010	0.000010	LD_0.9_7_1830
QG995	0.000010	0.000010	0.000010	0.000010	0.999940	0.000010	0.000010	LD_0.9_7_1830
QG997	0.000010	0.000010	0.000010	0.000010	0.999940	0.000010	0.000010	LD_0.9_7_1830
QG998	0.000010	0.000010	0.000010	0.000010	0.999940	0.000010	0.000010	LD_0.9_7_1830
QR25	0.023062	0.073851	0.635825	0.099782	0.000010	0.000010	0.167460	LD_0.9_7_1830
QX1410	0.000010	0.000010	0.000010	0.000010	0.000010	0.000010	0.999940	LD_0.9_7_1830
QX1547	0.000010	0.000010	0.999939	0.000011	0.000010	0.000010	0.000010	LD_0.9_7_1830
QX1795	0.000010	0.000010	0.000010	0.000010	0.000010	0.000010	0.999940	LD_0.9_7_1830
QX1796	0.000010	0.000010	0.000010	0.000010	0.000010	0.000010	0.999940	LD_0.9_7_1830
QX1798	0.000010	0.000010	0.000010	0.999940	0.000010	0.000010	0.000010	LD_0.9_7_1830
QX1800	0.000010	0.000010	0.000010	0.000010	0.000010	0.000010	0.999940	LD_0.9_7_1830
QX1801	0.000010	0.000010	0.000010	0.000010	0.000010	0.000010	0.999940	LD_0.9_7_1830
QX1802	0.000010	0.000010	0.000010	0.000010	0.000010	0.000010	0.999940	LD_0.9_7_1830
QX1803	0.000010	0.000010	0.000010	0.000010	0.000010	0.000010	0.999940	LD_0.9_7_1830
QX1804	0.000010	0.000010	0.000010	0.000010	0.000010	0.000010	0.999940	LD_0.9_7_1830
SOW18	0.000010	0.000010	0.999940	0.000010	0.000010	0.000010	0.000010	LD_0.9_7_1830
SOW21	0.000010	0.000010	0.999940	0.000010	0.000010	0.000010	0.000010	LD_0.9_7_1830
SOW22	0.000010	0.000010	0.999940	0.000010	0.000010	0.000010	0.000010	LD_0.9_7_1830
TT3408	0.000010	0.000010	0.000010	0.000010	0.000010	0.000010	0.999940	LD_0.9_7_1830
TT3411	0.000010	0.000010	0.000010	0.000010	0.000010	0.000010	0.999940	LD_0.9_7_1830
TWN1772	0.000010	0.000010	0.000010	0.999940	0.000010	0.000010	0.000010	LD_0.9_7_1830
TWN1824	0.000010	0.999940	0.000010	0.000010	0.000010	0.000010	0.000010	LD_0.9_7_1830
TWN1899	0.000010	0.999940	0.000010	0.000010	0.000010	0.000010	0.000010	LD_0.9_7_1830
TWN1907	0.000010	0.000010	0.000010	0.999940	0.000010	0.000010	0.000010	LD_0.9_7_1830
TWN2919	0.000010	0.000012	0.000010	0.999938	0.000010	0.000010	0.000010	LD_0.9_7_1830
TWN3077	0.000010	0.000010	0.000010	0.999940	0.000010	0.000010	0.000010	LD_0.9_7_1830
UH1	0.000010	0.000010	0.000010	0.999940	0.000010	0.000010	0.000010	LD_0.9_7_1830
VSL2201	0.000010	0.000010	0.000017	0.000010	0.000010	0.370170	0.629773	LD_0.9_7_1830
VSL2207	0.999937	0.000010	0.000010	0.000013	0.000010	0.000010	0.000010	LD_0.9_7_1830
VSL2209	0.999940	0.000010	0.000010	0.000010	0.000010	0.000010	0.000010	LD_0.9_7_1830
VSL2210	0.000010	0.000010	0.000010	0.000011	0.000010	0.000010	0.999939	LD_0.9_7_1830
VSL2212	0.000010	0.000010	0.000010	0.000010	0.000010	0.000010	0.999940	LD_0.9_7_1830
VSL2213	0.000010	0.000010	0.000010	0.000010	0.000010	0.674144	0.325806	LD_0.9_7_1830
VSL2215	0.000010	0.000010	0.000010	0.000010	0.000010	0.535392	0.464558	LD_0.9_7_1830
VSL2216	0.000010	0.000010	0.000010	0.000010	0.000010	0.633228	0.366722	LD_0.9_7_1830
VSL2217	0.000010	0.000010	0.000010	0.000010	0.000010	0.999940	0.000010	LD_0.9_7_1830
VSL2219	0.000010	0.000010	0.000010	0.000010	0.000010	0.000010	0.999940	LD_0.9_7_1830
VT847	0.000010	0.000010	0.000010	0.000010	0.000010	0.000010	0.999940	LD_0.9_7_1830
VX34	0.000010	0.096743	0.632144	0.116607	0.000010	0.000010	0.154476	LD_0.9_7_1830
XZ1204	0.000010	0.000010	0.000010	0.000010	0.000010	0.217211	0.782739	LD_0.9_7_1830
XZ1205	0.000010	0.000010	0.000010	0.000010	0.000010	0.514586	0.485364	LD_0.9_7_1830
XZ1206	0.000010	0.000010	0.000010	0.000010	0.000010	0.512392	0.487558	LD_0.9_7_1830
XZ1207	0.000010	0.000010	0.000010	0.000010	0.000010	0.000010	0.999940	LD_0.9_7_1830
XZ1210	0.000010	0.000010	0.000010	0.000010	0.000010	0.000010	0.999940	LD_0.9_7_1830
XZ1212	0.000010	0.000010	0.000010	0.000010	0.005474	0.000010	0.994476	LD_0.9_7_1830
XZ1213	0.000010	0.000010	0.000010	0.000010	0.000010	0.000010	0.999940	LD_0.9_7_1830
XZ1731	0.000010	0.000010	0.000010	0.000010	0.000010	0.000010	0.999940	LD_0.9_7_1830
XZ1732	0.000010	0.000010	0.000010	0.000010	0.000010	0.000010	0.999940	LD_0.9_7_1830
ZZY0992	0.000010	0.000010	0.000010	0.000010	0.000010	0.999940	0.000010	LD_0.9_7_1830
ZZY1034	0.000010	0.000010	0.000010	0.000010	0.000010	0.000010	0.999940	LD_0.9_7_1830
ZZY1075	0.000010	0.000010	0.000010	0.000010	0.000010	0.000010	0.999940	LD_0.9_7_1830
ZZY1123	0.000010	0.000010	0.000010	0.000010	0.000010	0.999940	0.000010	LD_0.9_7_1830
ZZY1130	0.000010	0.000010	0.000010	0.000010	0.000010	0.000010	0.999940	LD_0.9_7_1830
ZZY405	0.000010	0.000010	0.000010	0.000010	0.000010	0.000010	0.999940	LD_0.9_7_1830
AF16	0.000010	0.000010	0.000010	0.000010	0.000010	0.000010	0.999940	LD_0.9_7_1853
BRC20069	0.000010	0.000010	0.000010	0.000010	0.000010	0.000010	0.999940	LD_0.9_7_1853
BRC20073	0.000010	0.000010	0.000010	0.000010	0.000010	0.000010	0.999940	LD_0.9_7_1853
BRC20075	0.000010	0.000010	0.000010	0.000010	0.999940	0.000010	0.000010	LD_0.9_7_1853
BRC20077	0.000011	0.000010	0.000010	0.000010	0.000010	0.000010	0.999939	LD_0.9_7_1853
BRC20081	0.000010	0.000010	0.000010	0.999940	0.000010	0.000010	0.000010	LD_0.9_7_1853
BRC20085	0.412520	0.000010	0.000010	0.000010	0.000010	0.000010	0.587430	LD_0.9_7_1853
BRC20088	0.000010	0.000010	0.000010	0.999940	0.000010	0.000010	0.000010	LD_0.9_7_1853
BRC20089	0.000010	0.000010	0.000010	0.000010	0.000010	0.000010	0.999940	LD_0.9_7_1853
BRC20090	0.066929	0.000010	0.000010	0.000010	0.000010	0.000010	0.933021	LD_0.9_7_1853
BRC20092	0.426746	0.000010	0.000010	0.000010	0.000010	0.000010	0.573204	LD_0.9_7_1853
BRC20093	0.000010	0.000010	0.000011	0.000010	0.000010	0.000010	0.999939	LD_0.9_7_1853
BRC20094	0.434175	0.000010	0.000018	0.000010	0.000010	0.000010	0.565766	LD_0.9_7_1853
BRC20095	0.000010	0.000010	0.000010	0.000010	0.000010	0.000010	0.999940	LD_0.9_7_1853
BRC20096	0.000010	0.000010	0.000010	0.000010	0.000010	0.000010	0.999940	LD_0.9_7_1853
BRC20098	0.000010	0.000010	0.000010	0.000010	0.000010	0.000010	0.999940	LD_0.9_7_1853
BRC20099	0.000010	0.000010	0.000010	0.000010	0.000010	0.000010	0.999940	LD_0.9_7_1853
BRC20100	0.000010	0.000010	0.000010	0.000010	0.000010	0.000010	0.999940	LD_0.9_7_1853
BRC20102	0.000010	0.000010	0.000010	0.000010	0.000010	0.000010	0.999940	LD_0.9_7_1853
BRC20103	0.000010	0.000010	0.000010	0.000010	0.000010	0.000010	0.999940	LD_0.9_7_1853
BRC20105	0.495993	0.000010	0.000010	0.000010	0.000010	0.000010	0.503957	LD_0.9_7_1853
BRC20107	0.460393	0.000010	0.000010	0.000010	0.000010	0.000010	0.539557	LD_0.9_7_1853
BRC20115	0.000010	0.000010	0.000010	0.220870	0.643428	0.000010	0.135662	LD_0.9_7_1853
BRC20119	0.731515	0.000010	0.000010	0.000010	0.000010	0.000010	0.268435	LD_0.9_7_1853
BRC20228	0.000010	0.000010	0.000010	0.000010	0.000010	0.000010	0.999940	LD_0.9_7_1853
BRC20229	0.000010	0.000010	0.000010	0.000010	0.999940	0.000010	0.000010	LD_0.9_7_1853
BRC20230	0.000010	0.000010	0.000010	0.999940	0.000010	0.000010	0.000010	LD_0.9_7_1853
BRC20232	0.000010	0.000010	0.000012	0.000011	0.999938	0.000010	0.000010	LD_0.9_7_1853
BRC20238	0.000010	0.000010	0.000010	0.999940	0.000010	0.000010	0.000010	LD_0.9_7_1853
BRC20239	0.000010	0.000010	0.000010	0.000010	0.999940	0.000010	0.000010	LD_0.9_7_1853
BRC20241	0.066514	0.000010	0.000010	0.000010	0.000010	0.000010	0.933436	LD_0.9_7_1853
BRC20242	0.007513	0.000010	0.000010	0.000010	0.000010	0.000010	0.992437	LD_0.9_7_1853
BRC20244	0.000010	0.000010	0.000010	0.999940	0.000010	0.000010	0.000010	LD_0.9_7_1853
BRC20246	0.000010	0.000010	0.000010	0.999940	0.000010	0.000010	0.000010	LD_0.9_7_1853
BRC20257	0.958114	0.000010	0.041835	0.000010	0.000010	0.000010	0.000010	LD_0.9_7_1853
BRC20260	0.000010	0.000010	0.000010	0.000010	0.000010	0.000010	0.999940	LD_0.9_7_1853
BRC20270	0.000010	0.000010	0.000010	0.999940	0.000010	0.000010	0.000010	LD_0.9_7_1853
BRC20272	0.000010	0.000010	0.000010	0.999940	0.000010	0.000010	0.000010	LD_0.9_7_1853
BRC20289	0.000010	0.000010	0.000010	0.999940	0.000010	0.000010	0.000010	LD_0.9_7_1853
BRC20290	0.000010	0.000010	0.000010	0.999940	0.000010	0.000010	0.000010	LD_0.9_7_1853
BRC20294	0.009675	0.000010	0.000010	0.000010	0.000010	0.000010	0.990275	LD_0.9_7_1853
BRC20308	0.000010	0.000010	0.000010	0.999940	0.000010	0.000010	0.000010	LD_0.9_7_1853
BRC20309	0.000010	0.000010	0.000010	0.999940	0.000010	0.000010	0.000010	LD_0.9_7_1853
BRC20311	0.000010	0.000010	0.000010	0.999940	0.000010	0.000010	0.000010	LD_0.9_7_1853
BRC20312	0.000010	0.000010	0.000010	0.999939	0.000011	0.000010	0.000010	LD_0.9_7_1853
BRC20315	0.000010	0.000010	0.000010	0.999940	0.000010	0.000010	0.000010	LD_0.9_7_1853
BRC20320	0.000010	0.000010	0.000010	0.999940	0.000010	0.000010	0.000010	LD_0.9_7_1853
BRC20324	0.000010	0.000010	0.000010	0.000010	0.587386	0.000010	0.412564	LD_0.9_7_1853
BRC20331	0.000010	0.000010	0.000010	0.999940	0.000010	0.000010	0.000010	LD_0.9_7_1853
BRC20333	0.000010	0.000010	0.000010	0.999940	0.000010	0.000010	0.000010	LD_0.9_7_1853
BRC20334	0.000010	0.000010	0.000010	0.999940	0.000010	0.000010	0.000010	LD_0.9_7_1853
BRC20339	0.000010	0.000010	0.000010	0.999940	0.000010	0.000010	0.000010	LD_0.9_7_1853
BRC20341	0.000010	0.000010	0.000010	0.999940	0.000010	0.000010	0.000010	LD_0.9_7_1853
BRC20343	0.000010	0.000010	0.000010	0.000010	0.999940	0.000010	0.000010	LD_0.9_7_1853
BRC20346	0.000010	0.000010	0.000010	0.999940	0.000010	0.000010	0.000010	LD_0.9_7_1853
BRC20347	0.000010	0.000010	0.000010	0.000010	0.999940	0.000010	0.000010	LD_0.9_7_1853
BRC20348	0.000010	0.000010	0.000010	0.999940	0.000010	0.000010	0.000010	LD_0.9_7_1853
BRC20353	0.649943	0.000010	0.000010	0.000010	0.000010	0.000010	0.350007	LD_0.9_7_1853
BRC20360	0.648180	0.000010	0.000012	0.000010	0.000010	0.000010	0.351768	LD_0.9_7_1853
BRC20361	0.634732	0.000010	0.000010	0.000010	0.000010	0.000010	0.365218	LD_0.9_7_1853
BRC20362	0.606170	0.000010	0.000010	0.000011	0.000010	0.000010	0.393779	LD_0.9_7_1853
BRC20366	0.000010	0.000010	0.000010	0.999940	0.000010	0.000010	0.000010	LD_0.9_7_1853
BRC20367	0.000010	0.000010	0.000010	0.999940	0.000010	0.000010	0.000010	LD_0.9_7_1853
BRC20369	0.000010	0.000010	0.000010	0.000010	0.000010	0.000010	0.999940	LD_0.9_7_1853
BRC20370	0.000010	0.000010	0.000010	0.999940	0.000010	0.000010	0.000010	LD_0.9_7_1853
BRC20388	0.000010	0.999940	0.000010	0.000010	0.000010	0.000010	0.000010	LD_0.9_7_1853
BRC20390	0.000010	0.000010	0.000010	0.999940	0.000010	0.000010	0.000010	LD_0.9_7_1853
BRC20401	0.000010	0.000010	0.000013	0.000010	0.000010	0.000010	0.999937	LD_0.9_7_1853
BRC20463	0.000010	0.000010	0.000010	0.999940	0.000010	0.000010	0.000010	LD_0.9_7_1853
BRC20492	0.000010	0.000010	0.000010	0.230185	0.636525	0.000010	0.133251	LD_0.9_7_1853
BRC20499	0.000010	0.000010	0.000010	0.999940	0.000010	0.000010	0.000010	LD_0.9_7_1853
BRC20501	0.000010	0.000010	0.000010	0.999940	0.000010	0.000010	0.000010	LD_0.9_7_1853
BRC20502	0.000010	0.104251	0.000010	0.160889	0.581221	0.000010	0.153609	LD_0.9_7_1853
BRC20503	0.000010	0.104368	0.000010	0.161782	0.580466	0.000010	0.153353	LD_0.9_7_1853
BRC20519	0.000010	0.000010	0.000010	0.219705	0.638586	0.000010	0.141669	LD_0.9_7_1853
BRC20520	0.000010	0.000010	0.000010	0.226916	0.636583	0.000010	0.136460	LD_0.9_7_1853
BRC20522	0.000010	0.000010	0.000010	0.000010	0.999940	0.000010	0.000010	LD_0.9_7_1853
BRC20524	0.000010	0.000010	0.000010	0.000015	0.999935	0.000010	0.000010	LD_0.9_7_1853
BRC20529	0.000010	0.000010	0.000010	0.999940	0.000010	0.000010	0.000010	LD_0.9_7_1853
BRC20530	0.000010	0.000010	0.000010	0.000010	0.999940	0.000010	0.000010	LD_0.9_7_1853
BRC20531	0.000010	0.000010	0.000010	0.000010	0.999940	0.000010	0.000010	LD_0.9_7_1853
BRC20532	0.000010	0.000010	0.000010	0.999940	0.000010	0.000010	0.000010	LD_0.9_7_1853
BRC20533	0.000010	0.000010	0.000010	0.999940	0.000010	0.000010	0.000010	LD_0.9_7_1853
BRC20534	0.000010	0.000010	0.000010	0.999940	0.000010	0.000010	0.000010	LD_0.9_7_1853
BRC20535	0.000010	0.000010	0.000010	0.999940	0.000010	0.000010	0.000010	LD_0.9_7_1853
BRC20536	0.000010	0.000010	0.000010	0.999940	0.000010	0.000010	0.000010	LD_0.9_7_1853
BRC20537	0.000010	0.000010	0.000010	0.999940	0.000010	0.000010	0.000010	LD_0.9_7_1853
BRC20541	0.000010	0.000010	0.000010	0.211105	0.634652	0.000010	0.154204	LD_0.9_7_1853
BRC20543	0.000010	0.000010	0.000010	0.999940	0.000010	0.000010	0.000010	LD_0.9_7_1853
BRC20544	0.000010	0.000010	0.000010	0.999940	0.000010	0.000010	0.000010	LD_0.9_7_1853
BRC20545	0.000010	0.000010	0.000010	0.999940	0.000010	0.000010	0.000010	LD_0.9_7_1853
BRC20556	0.000010	0.000010	0.000010	0.000010	0.000010	0.000010	0.999940	LD_0.9_7_1853
BRC20557	0.000010	0.000010	0.000010	0.999940	0.000010	0.000010	0.000010	LD_0.9_7_1853
BRC20565	0.000011	0.000010	0.000010	0.000010	0.000010	0.000010	0.999939	LD_0.9_7_1853
BRC20571	0.050258	0.000010	0.000010	0.000010	0.000010	0.000010	0.949692	LD_0.9_7_1853
BRC20574	0.000010	0.000010	0.000010	0.000010	0.000010	0.000010	0.999940	LD_0.9_7_1853
BW287	0.000010	0.999935	0.000010	0.000010	0.000015	0.000010	0.000010	LD_0.9_7_1853
DF5100	0.000010	0.000010	0.001706	0.000010	0.000010	0.000010	0.998244	LD_0.9_7_1853
ECA1129	0.000010	0.000010	0.000010	0.000010	0.000010	0.000010	0.999940	LD_0.9_7_1853
ECA1143	0.000010	0.000010	0.097726	0.000010	0.000010	0.000010	0.902224	LD_0.9_7_1853
ECA1147	0.000010	0.000010	0.000010	0.000010	0.000010	0.000010	0.999940	LD_0.9_7_1853
ECA1149	0.000010	0.000010	0.000010	0.045492	0.000010	0.000010	0.954458	LD_0.9_7_1853
ECA1160	0.000010	0.000010	0.000010	0.000010	0.000010	0.000010	0.999940	LD_0.9_7_1853
ECA1164	0.000010	0.000010	0.000010	0.000010	0.000010	0.000010	0.999940	LD_0.9_7_1853
ECA1170	0.000010	0.000010	0.000010	0.999940	0.000010	0.000010	0.000010	LD_0.9_7_1853
ECA1174	0.000010	0.000010	0.000010	0.000010	0.000010	0.000010	0.999940	LD_0.9_7_1853
ECA1383	0.000010	0.000010	0.000010	0.999940	0.000010	0.000010	0.000010	LD_0.9_7_1853
ECA1411	0.000010	0.000010	0.000010	0.000010	0.000010	0.000010	0.999940	LD_0.9_7_1853
ECA1423	0.000010	0.000010	0.000010	0.000010	0.000010	0.000010	0.999940	LD_0.9_7_1853
ECA1429	0.000010	0.000010	0.000010	0.000010	0.000010	0.000010	0.999940	LD_0.9_7_1853
ECA1431	0.000010	0.000010	0.000010	0.000010	0.000010	0.000010	0.999940	LD_0.9_7_1853
ECA1437	0.000011	0.000011	0.000010	0.000010	0.000010	0.000010	0.999938	LD_0.9_7_1853
ECA1439	0.000010	0.000010	0.000010	0.000010	0.000010	0.000010	0.999940	LD_0.9_7_1853
ECA1443	0.000010	0.000010	0.000010	0.945869	0.000012	0.000010	0.054079	LD_0.9_7_1853
ECA1471	0.000010	0.000010	0.000010	0.000010	0.000010	0.000010	0.999940	LD_0.9_7_1853
ECA1489	0.000010	0.000010	0.144117	0.000010	0.000010	0.000010	0.855833	LD_0.9_7_1853
ECA1507	0.000010	0.000010	0.000010	0.000010	0.000010	0.000010	0.999940	LD_0.9_7_1853
ECA1509	0.000010	0.000010	0.000010	0.000010	0.000010	0.000010	0.999940	LD_0.9_7_1853
ECA1517	0.000010	0.000010	0.000010	0.000010	0.000010	0.000010	0.999940	LD_0.9_7_1853
ECA1521	0.000010	0.000010	0.000010	0.000010	0.000010	0.000010	0.999940	LD_0.9_7_1853
ECA1555	0.000010	0.000010	0.000010	0.000010	0.000010	0.000010	0.999940	LD_0.9_7_1853
ECA1559	0.000010	0.000010	0.000010	0.999940	0.000010	0.000010	0.000010	LD_0.9_7_1853
ECA1563	0.000010	0.000010	0.000010	0.000010	0.000010	0.000010	0.999940	LD_0.9_7_1853
ECA1571	0.000010	0.000010	0.133247	0.000010	0.000010	0.000010	0.866703	LD_0.9_7_1853
ECA1587	0.000010	0.000010	0.000010	0.000010	0.000010	0.000010	0.999940	LD_0.9_7_1853
ECA1605	0.000010	0.000010	0.051083	0.874151	0.000010	0.000010	0.074726	LD_0.9_7_1853
ECA1609	0.000010	0.000010	0.000010	0.000010	0.000010	0.000010	0.999940	LD_0.9_7_1853
ECA161	0.000010	0.000010	0.000010	0.000010	0.000010	0.000010	0.999940	LD_0.9_7_1853
ECA1611	0.000010	0.000010	0.000010	0.000010	0.000010	0.000010	0.999940	LD_0.9_7_1853
ECA1615	0.000010	0.000010	0.000017	0.000010	0.000010	0.000010	0.999933	LD_0.9_7_1853
ECA162	0.000010	0.000010	0.000010	0.000010	0.000010	0.000010	0.999940	LD_0.9_7_1853
ECA1621	0.000010	0.000010	0.000010	0.000010	0.000010	0.000010	0.999940	LD_0.9_7_1853
ECA163	0.000010	0.617753	0.000010	0.079182	0.093919	0.042657	0.166469	LD_0.9_7_1853
ECA1637	0.000010	0.000010	0.000010	0.000010	0.000010	0.000010	0.999940	LD_0.9_7_1853
ECA1657	0.000010	0.000010	0.000010	0.000010	0.000010	0.000010	0.999940	LD_0.9_7_1853
ECA1701	0.000010	0.000010	0.008237	0.000010	0.000010	0.000010	0.991713	LD_0.9_7_1853
ECA175	0.000010	0.000010	0.000010	0.000010	0.000010	0.000010	0.999940	LD_0.9_7_1853
ECA176	0.000010	0.000010	0.000010	0.000010	0.000010	0.000010	0.999940	LD_0.9_7_1853
ECA177	0.000010	0.000010	0.000010	0.000010	0.000010	0.000010	0.999940	LD_0.9_7_1853
ECA180	0.000010	0.000010	0.000010	0.000017	0.000010	0.000010	0.999933	LD_0.9_7_1853
ECA182	0.000010	0.000010	0.000010	0.000010	0.000010	0.000010	0.999939	LD_0.9_7_1853
ECA183	0.000010	0.000010	0.000010	0.000010	0.000010	0.000010	0.999940	LD_0.9_7_1853
ECA185	0.000010	0.000010	0.000017	0.000010	0.000010	0.000010	0.999933	LD_0.9_7_1853
ECA186	0.000010	0.000010	0.000010	0.000010	0.000010	0.000010	0.999940	LD_0.9_7_1853
ECA2083	0.000010	0.000010	0.000010	0.000010	0.000010	0.000010	0.999940	LD_0.9_7_1853
ECA2093	0.000010	0.000010	0.000010	0.000010	0.000010	0.000010	0.999940	LD_0.9_7_1853
ECA2115	0.000010	0.000010	0.000010	0.000010	0.000010	0.000010	0.999940	LD_0.9_7_1853
ECA2299	0.000010	0.000010	0.000010	0.999940	0.000010	0.000010	0.000010	LD_0.9_7_1853
ECA2373	0.000010	0.000010	0.039559	0.000010	0.000010	0.000010	0.960391	LD_0.9_7_1853
ECA2385	0.000010	0.000010	0.000010	0.999940	0.000010	0.000010	0.000010	LD_0.9_7_1853
ECA2425	0.000010	0.000010	0.000012	0.000010	0.000010	0.000010	0.999938	LD_0.9_7_1853
ECA2617	0.000010	0.000010	0.000010	0.000010	0.000010	0.999940	0.000010	LD_0.9_7_1853
ECA2618	0.000010	0.000010	0.000010	0.000010	0.000010	0.999940	0.000010	LD_0.9_7_1853
ECA2621	0.000010	0.000010	0.000010	0.000010	0.000010	0.999940	0.000010	LD_0.9_7_1853
ECA2623	0.000010	0.000010	0.027408	0.000010	0.000010	0.000010	0.972542	LD_0.9_7_1853
ECA2625	0.000010	0.000010	0.000010	0.000010	0.000010	0.000010	0.999940	LD_0.9_7_1853
ECA2626	0.000010	0.000010	0.000010	0.000010	0.000010	0.000010	0.999940	LD_0.9_7_1853
ECA2636	0.000010	0.000010	0.000010	0.000010	0.000010	0.000010	0.999940	LD_0.9_7_1853
ECA2637	0.000010	0.000010	0.000010	0.000010	0.000010	0.000010	0.999940	LD_0.9_7_1853
ECA2639	0.000010	0.000010	0.000015	0.000010	0.000010	0.999935	0.000010	LD_0.9_7_1853
ECA2645	0.000010	0.000010	0.000010	0.000010	0.000010	0.000010	0.999940	LD_0.9_7_1853
ECA2647	0.000010	0.000010	0.000010	0.000010	0.000010	0.999940	0.000010	LD_0.9_7_1853
ECA2663	0.000010	0.000010	0.000010	0.000010	0.000010	0.000010	0.999940	LD_0.9_7_1853
ECA2664	0.000010	0.000010	0.040845	0.000010	0.000010	0.000010	0.959105	LD_0.9_7_1853
ECA2666	0.000010	0.000010	0.000010	0.000010	0.000010	0.999940	0.000010	LD_0.9_7_1853
ECA2667	0.000010	0.000010	0.000010	0.000010	0.000010	0.000010	0.999940	LD_0.9_7_1853
ECA2670	0.000010	0.000010	0.000010	0.000018	0.000010	0.999932	0.000010	LD_0.9_7_1853
ECA276	0.000010	0.616834	0.000010	0.079214	0.093968	0.042134	0.167830	LD_0.9_7_1853
ECA278	0.000010	0.999940	0.000010	0.000010	0.000010	0.000010	0.000010	LD_0.9_7_1853
ECA2808	0.000010	0.000010	0.000010	0.000010	0.000010	0.000010	0.999940	LD_0.9_7_1853
ECA287	0.000010	0.000010	0.000010	0.989151	0.000010	0.000010	0.010799	LD_0.9_7_1853
ECA288	0.000010	0.000010	0.000010	0.100772	0.000010	0.000010	0.899178	LD_0.9_7_1853
ECA2883	0.000010	0.000010	0.000010	0.000010	0.000010	0.000010	0.999940	LD_0.9_7_1853
ECA2890	0.000010	0.000010	0.000010	0.000010	0.000010	0.000010	0.999940	LD_0.9_7_1853
ECA2894	0.000010	0.000010	0.000010	0.000010	0.000010	0.000010	0.999940	LD_0.9_7_1853
ECA2936	0.000010	0.000010	0.000010	0.999939	0.000011	0.000010	0.000010	LD_0.9_7_1853
ECA2975	0.000010	0.000010	0.000011	0.000010	0.000010	0.000010	0.999939	LD_0.9_7_1853
ECA3091	0.000010	0.000010	0.000010	0.000010	0.000010	0.000010	0.999940	LD_0.9_7_1853
ECA343	0.000010	0.000010	0.000010	0.000010	0.000010	0.000010	0.999940	LD_0.9_7_1853
ECA346	0.000010	0.000010	0.000010	0.000010	0.000010	0.000010	0.999940	LD_0.9_7_1853
ECA3502	0.000010	0.000010	0.000010	0.999940	0.000010	0.000010	0.000010	LD_0.9_7_1853
ECA3503	0.000010	0.000010	0.000010	0.000010	0.000010	0.000010	0.999940	LD_0.9_7_1853
ECA3509	0.000010	0.000010	0.000010	0.000010	0.000010	0.000010	0.999940	LD_0.9_7_1853
ECA3708	0.000010	0.000010	0.000018	0.000010	0.000010	0.000010	0.999932	LD_0.9_7_1853
ECA371	0.000010	0.000010	0.000010	0.000010	0.000010	0.000010	0.999940	LD_0.9_7_1853
ECA3712	0.000010	0.000010	0.000010	0.000010	0.000010	0.000010	0.999940	LD_0.9_7_1853
ECA3713	0.000010	0.000010	0.000011	0.000010	0.000010	0.000010	0.999939	LD_0.9_7_1853
ECA3899	0.000010	0.000010	0.000010	0.000010	0.000010	0.000010	0.999940	LD_0.9_7_1853
ECA4382	0.000010	0.000010	0.000010	0.000010	0.000010	0.000010	0.999940	LD_0.9_7_1853
ECA4390	0.000010	0.000010	0.000010	0.000010	0.000010	0.000010	0.999940	LD_0.9_7_1853
ECA4394	0.000010	0.000010	0.000010	0.000010	0.000011	0.000010	0.999939	LD_0.9_7_1853
ECA4402	0.000010	0.000010	0.000010	0.000010	0.000010	0.000010	0.999940	LD_0.9_7_1853
ECA569	0.000010	0.999940	0.000010	0.000010	0.000010	0.000010	0.000010	LD_0.9_7_1853
ED3032	0.000010	0.000010	0.000010	0.000010	0.000010	0.000010	0.999940	LD_0.9_7_1853
ED3037	0.000010	0.000010	0.000010	0.000010	0.000010	0.000010	0.999940	LD_0.9_7_1853
ED3088	0.000010	0.000010	0.000010	0.000010	0.000010	0.000010	0.999940	LD_0.9_7_1853
ED3102	0.000010	0.628795	0.000010	0.090276	0.098144	0.032040	0.150725	LD_0.9_7_1853
EG4360	0.000010	0.999940	0.000010	0.000010	0.000010	0.000010	0.000010	LD_0.9_7_1853
EG5612	0.498173	0.000010	0.000010	0.000010	0.000010	0.000010	0.501777	LD_0.9_7_1853
EG5613	0.051715	0.000010	0.000010	0.000010	0.000010	0.000010	0.948235	LD_0.9_7_1853
EG6179	0.034376	0.000010	0.000010	0.000010	0.000010	0.000010	0.965574	LD_0.9_7_1853
EG6260	0.000010	0.000010	0.032776	0.000010	0.000010	0.000010	0.967174	LD_0.9_7_1853
EG6261	0.000010	0.000010	0.010808	0.000010	0.000010	0.000010	0.989142	LD_0.9_7_1853
EG6265	0.000010	0.000010	0.016063	0.983887	0.000010	0.000010	0.000010	LD_0.9_7_1853
EG6267	0.000010	0.000011	0.015168	0.000010	0.000010	0.000010	0.984781	LD_0.9_7_1853
EG6271	0.000010	0.000010	0.068598	0.000010	0.000010	0.000010	0.931352	LD_0.9_7_1853
EG6272	0.000010	0.000010	0.020488	0.000010	0.000010	0.000010	0.979462	LD_0.9_7_1853
EG6274	0.000010	0.000010	0.000010	0.000010	0.000010	0.000010	0.999940	LD_0.9_7_1853
EG6275	0.000010	0.000010	0.000010	0.000010	0.000010	0.000010	0.999940	LD_0.9_7_1853
EG6276	0.000010	0.000010	0.000010	0.000010	0.000010	0.000010	0.999940	LD_0.9_7_1853
EG6329	0.000010	0.000010	0.119101	0.000010	0.000010	0.000010	0.880849	LD_0.9_7_1853
GUN124	0.000010	0.999940	0.000010	0.000010	0.000010	0.000010	0.000010	LD_0.9_7_1853
GXW22	0.000010	0.000010	0.000010	0.000010	0.000010	0.000010	0.999940	LD_0.9_7_1853
GXW23	0.351170	0.000010	0.000010	0.000010	0.000012	0.000010	0.648778	LD_0.9_7_1853
HK104	0.000010	0.999940	0.000010	0.000010	0.000010	0.000010	0.000010	LD_0.9_7_1853
HPT11	0.000010	0.082182	0.000010	0.117459	0.651799	0.000010	0.148529	LD_0.9_7_1853
HPT16	0.000010	0.000010	0.000010	0.000010	0.000010	0.000010	0.999940	LD_0.9_7_1853
HPT18	0.000012	0.081845	0.000010	0.120275	0.646152	0.001209	0.150497	LD_0.9_7_1853
HPT19	0.000012	0.000010	0.000010	0.000010	0.000010	0.000010	0.999938	LD_0.9_7_1853
HPT2	0.000010	0.000010	0.000010	0.000010	0.000010	0.000010	0.999940	LD_0.9_7_1853
HPT21	0.000010	0.000010	0.000010	0.000010	0.000010	0.000010	0.999940	LD_0.9_7_1853
HPT24	0.000010	0.080936	0.000010	0.117695	0.650214	0.000010	0.151124	LD_0.9_7_1853
HPT34	0.000010	0.000010	0.000010	0.000010	0.000010	0.000010	0.999940	LD_0.9_7_1853
HPT37	0.000053	0.000010	0.035300	0.000010	0.000010	0.000010	0.964606	LD_0.9_7_1853
HPT4	0.000010	0.000010	0.000010	0.000010	0.000010	0.000010	0.999940	LD_0.9_7_1853
HPT42	0.000010	0.000010	0.000010	0.000010	0.000010	0.000010	0.999940	LD_0.9_7_1853
HPT52	0.441874	0.000010	0.000010	0.000010	0.000010	0.000010	0.558076	LD_0.9_7_1853
HPT53	0.000010	0.000010	0.000010	0.000010	0.000010	0.000010	0.999940	LD_0.9_7_1853
HPT54	0.000010	0.000010	0.000010	0.000010	0.000010	0.000010	0.999940	LD_0.9_7_1853
HPT55	0.000010	0.000010	0.000010	0.000010	0.000010	0.000010	0.999940	LD_0.9_7_1853
HPT59	0.000010	0.000010	0.000010	0.000010	0.000010	0.000010	0.999940	LD_0.9_7_1853
HPT60	0.000010	0.000010	0.000010	0.000010	0.000010	0.000010	0.999940	LD_0.9_7_1853
HPT62	0.999940	0.000010	0.000010	0.000010	0.000010	0.000010	0.000010	LD_0.9_7_1853
HPT63	0.000010	0.000010	0.000010	0.000010	0.000010	0.000010	0.999940	LD_0.9_7_1853
HPT7	0.000010	0.000010	0.000010	0.000010	0.000010	0.000010	0.999940	LD_0.9_7_1853
HPT8	0.000010	0.000010	0.000010	0.000010	0.000010	0.000010	0.999940	LD_0.9_7_1853
HPT9	0.474548	0.000010	0.000010	0.000010	0.000010	0.000010	0.525402	LD_0.9_7_1853
JU1085	0.000010	0.999938	0.000010	0.000010	0.000012	0.000010	0.000010	LD_0.9_7_1853
JU1337	0.049688	0.000010	0.000010	0.000010	0.000010	0.000010	0.950262	LD_0.9_7_1853
JU1338	0.622489	0.000010	0.000010	0.000010	0.000010	0.000010	0.377461	LD_0.9_7_1853
JU1341	0.000010	0.000010	0.000010	0.000010	0.000010	0.999940	0.000010	LD_0.9_7_1853
JU1346	0.651176	0.000010	0.000010	0.000010	0.000010	0.000010	0.348774	LD_0.9_7_1853
JU1347	0.000010	0.000010	0.000010	0.000010	0.000010	0.000010	0.999940	LD_0.9_7_1853
JU1348	0.000010	0.000010	0.000010	0.000010	0.000010	0.999940	0.000010	LD_0.9_7_1853
JU1375	0.000010	0.000010	0.000010	0.000010	0.000010	0.000010	0.999940	LD_0.9_7_1853
JU1377	0.000010	0.000010	0.000010	0.000010	0.000010	0.000010	0.999940	LD_0.9_7_1853
JU1378	0.000010	0.000010	0.000010	0.000010	0.000010	0.000010	0.999940	LD_0.9_7_1853
JU1392	0.000010	0.000010	0.000010	0.000010	0.000010	0.000010	0.999940	LD_0.9_7_1853
JU1399	0.000010	0.000010	0.419397	0.000010	0.000010	0.000010	0.580553	LD_0.9_7_1853
JU1424	0.588897	0.000010	0.000010	0.000010	0.000010	0.000010	0.411053	LD_0.9_7_1853
JU1435	0.000010	0.000010	0.000010	0.000010	0.000010	0.000010	0.999940	LD_0.9_7_1853
JU1564	0.000010	0.999940	0.000010	0.000010	0.000010	0.000010	0.000010	LD_0.9_7_1853
JU1637	0.000012	0.000010	0.000015	0.000011	0.000010	0.000010	0.999932	LD_0.9_7_1853
JU1638	0.000010	0.000010	0.000010	0.000010	0.000010	0.000010	0.999940	LD_0.9_7_1853
JU1794	0.053674	0.000010	0.000010	0.000010	0.000010	0.000010	0.946276	LD_0.9_7_1853
JU1795	0.000010	0.000010	0.000010	0.000010	0.000010	0.000010	0.999940	LD_0.9_7_1853
JU1799	0.000010	0.000010	0.000010	0.000010	0.000010	0.000010	0.999940	LD_0.9_7_1853
JU1802	0.000010	0.000010	0.000010	0.000010	0.000010	0.000010	0.999940	LD_0.9_7_1853
JU1814	0.000010	0.000010	0.071033	0.000010	0.000010	0.000010	0.928917	LD_0.9_7_1853
JU1884	0.000010	0.000010	0.000011	0.000010	0.000010	0.000010	0.999939	LD_0.9_7_1853
JU1885	0.062039	0.000010	0.000010	0.000010	0.000010	0.000010	0.937911	LD_0.9_7_1853
JU1907	0.000010	0.000010	0.000010	0.000010	0.000010	0.000010	0.999940	LD_0.9_7_1853
JU1908	0.000010	0.000010	0.000010	0.000010	0.000010	0.000010	0.999940	LD_0.9_7_1853
JU1909	0.000020	0.000010	0.000011	0.000010	0.000010	0.000010	0.999929	LD_0.9_7_1853
JU1913	0.420412	0.000010	0.000010	0.000010	0.000010	0.000010	0.579538	LD_0.9_7_1853
JU2053	0.000010	0.000010	0.000010	0.000010	0.000010	0.000010	0.999940	LD_0.9_7_1853
JU2054	0.000010	0.000010	0.000010	0.000010	0.000010	0.000010	0.999940	LD_0.9_7_1853
JU2056	0.000010	0.000010	0.000010	0.000010	0.000010	0.000010	0.999940	LD_0.9_7_1853
JU2057	0.999940	0.000010	0.000010	0.000010	0.000010	0.000010	0.000010	LD_0.9_7_1853
JU2160	0.999937	0.000010	0.000013	0.000010	0.000010	0.000010	0.000010	LD_0.9_7_1853
JU2162	0.999930	0.000010	0.000020	0.000010	0.000010	0.000010	0.000010	LD_0.9_7_1853
JU2214	0.000010	0.000010	0.333680	0.000010	0.000010	0.000010	0.666270	LD_0.9_7_1853
JU2216	0.000010	0.000010	0.000010	0.999940	0.000010	0.000010	0.000010	LD_0.9_7_1853
JU2457	0.000010	0.464066	0.108177	0.000010	0.000010	0.000010	0.427717	LD_0.9_7_1853
JU2470	0.999940	0.000010	0.000010	0.000010	0.000010	0.000010	0.000010	LD_0.9_7_1853
JU2472	0.000010	0.000010	0.000010	0.000010	0.000010	0.000010	0.999940	LD_0.9_7_1853
JU2507	0.956242	0.000010	0.043707	0.000011	0.000010	0.000010	0.000010	LD_0.9_7_1853
JU2518	0.000010	0.000010	0.551350	0.000010	0.000010	0.000010	0.448600	LD_0.9_7_1853
JU2536	0.000010	0.999932	0.000010	0.000014	0.000014	0.000010	0.000010	LD_0.9_7_1853
JU2618	0.000010	0.000010	0.720645	0.000010	0.000010	0.000010	0.279305	LD_0.9_7_1853
JU2799	0.000010	0.000010	0.000018	0.000010	0.000010	0.000010	0.999932	LD_0.9_7_1853
JU2836	0.000010	0.000010	0.315342	0.000010	0.000010	0.000010	0.684608	LD_0.9_7_1853
JU2849	0.496775	0.000010	0.000010	0.000010	0.000010	0.000010	0.503175	LD_0.9_7_1853
JU2861	0.000010	0.000010	0.000010	0.000010	0.000010	0.000010	0.999940	LD_0.9_7_1853
JU2868	0.000010	0.000010	0.000010	0.000010	0.000011	0.000010	0.999939	LD_0.9_7_1853
JU2872	0.000010	0.999940	0.000010	0.000010	0.000010	0.000010	0.000010	LD_0.9_7_1853
JU2910	0.074921	0.000010	0.021152	0.000014	0.000010	0.000010	0.903883	LD_0.9_7_1853
JU3168	0.000010	0.643778	0.000010	0.077955	0.092655	0.034395	0.151197	LD_0.9_7_1853
JU3171	0.000010	0.000010	0.000019	0.000010	0.000010	0.000010	0.999931	LD_0.9_7_1853
JU3199	0.000010	0.000010	0.000010	0.000010	0.000010	0.999940	0.000010	LD_0.9_7_1853
JU3200	0.000010	0.000010	0.000010	0.000010	0.000010	0.999940	0.000010	LD_0.9_7_1853
JU3201	0.000010	0.000010	0.000010	0.000010	0.000010	0.999940	0.000010	LD_0.9_7_1853
JU3202	0.000010	0.000010	0.000010	0.000010	0.000010	0.999940	0.000010	LD_0.9_7_1853
JU3203	0.000010	0.000010	0.000010	0.000010	0.000010	0.999940	0.000010	LD_0.9_7_1853
JU3206	0.000010	0.000010	0.000010	0.000010	0.000010	0.999940	0.000010	LD_0.9_7_1853
JU3207	0.000010	0.000010	0.000010	0.000010	0.000010	0.000010	0.999940	LD_0.9_7_1853
JU3237	0.999940	0.000010	0.000010	0.000010	0.000010	0.000010	0.000010	LD_0.9_7_1853
JU3281	0.000010	0.000010	0.000010	0.000010	0.000010	0.000010	0.999940	LD_0.9_7_1853
JU3319	0.355251	0.000010	0.000010	0.000010	0.000010	0.000010	0.644699	LD_0.9_7_1853
JU3321	0.000010	0.000010	0.000010	0.000010	0.000010	0.000010	0.999940	LD_0.9_7_1853
JU3326	0.000010	0.619453	0.000010	0.102609	0.122424	0.000010	0.155484	LD_0.9_7_1853
JU3327	0.005446	0.000010	0.000010	0.000010	0.000010	0.000010	0.994504	LD_0.9_7_1853
JU3416	0.000010	0.900176	0.000010	0.018909	0.000010	0.000010	0.080876	LD_0.9_7_1853
JU4042	0.000010	0.000010	0.000011	0.000010	0.000010	0.000010	0.999939	LD_0.9_7_1853
JU4051	0.580890	0.000010	0.000010	0.000010	0.000010	0.000010	0.419060	LD_0.9_7_1853
JU4058	0.536711	0.000010	0.000010	0.000010	0.000010	0.000010	0.463239	LD_0.9_7_1853
JU4060	0.623773	0.000010	0.000010	0.000010	0.000010	0.000010	0.376177	LD_0.9_7_1853
JU4062	0.592790	0.000010	0.000010	0.000010	0.000010	0.000010	0.407160	LD_0.9_7_1853
JU4064	0.610968	0.000010	0.000010	0.000010	0.000010	0.000010	0.388982	LD_0.9_7_1853
JU4080	0.000010	0.000010	0.000010	0.000010	0.000010	0.000010	0.999940	LD_0.9_7_1853
JU4084	0.641123	0.000010	0.000010	0.000013	0.000010	0.000010	0.358824	LD_0.9_7_1853
JU4097	0.568191	0.000010	0.000010	0.000015	0.000010	0.000010	0.431754	LD_0.9_7_1853
JU725	0.351338	0.000010	0.000010	0.000010	0.000010	0.000010	0.648612	LD_0.9_7_1853
MY2716	0.000010	0.000010	0.000010	0.000010	0.000010	0.000010	0.999940	LD_0.9_7_1853
MY539	0.000010	0.000010	0.000010	0.000010	0.000010	0.000010	0.999940	LD_0.9_7_1853
NIC1050	0.000014	0.000010	0.659489	0.000010	0.000010	0.000010	0.340457	LD_0.9_7_1853
NIC1052	0.000010	0.000010	0.714159	0.000010	0.000010	0.000010	0.285791	LD_0.9_7_1853
NIC1054	0.000010	0.000010	0.568476	0.000010	0.000010	0.000010	0.431474	LD_0.9_7_1853
NIC1055	0.000010	0.000010	0.657376	0.000010	0.000010	0.000010	0.342574	LD_0.9_7_1853
NIC1057	0.000010	0.000010	0.721873	0.000010	0.000010	0.000010	0.278077	LD_0.9_7_1853
NIC1058	0.000010	0.000010	0.693304	0.000010	0.000010	0.000010	0.306646	LD_0.9_7_1853
NIC1059	0.000010	0.000010	0.660093	0.000010	0.000010	0.000010	0.339857	LD_0.9_7_1853
NIC1060	0.000010	0.000010	0.589580	0.000010	0.000010	0.000010	0.410370	LD_0.9_7_1853
NIC1062	0.000010	0.000010	0.332004	0.000010	0.000010	0.000010	0.667946	LD_0.9_7_1853
NIC1069	0.000010	0.000010	0.090773	0.000010	0.000010	0.000010	0.909177	LD_0.9_7_1853
NIC1103	0.000010	0.000010	0.677051	0.000010	0.000010	0.000010	0.322899	LD_0.9_7_1853
NIC1104	0.000010	0.000010	0.122555	0.000010	0.000010	0.000010	0.877395	LD_0.9_7_1853
NIC1106	0.000012	0.000010	0.405479	0.000010	0.000010	0.000010	0.594469	LD_0.9_7_1853
NIC1117	0.000010	0.000010	0.000010	0.000010	0.000010	0.000010	0.999940	LD_0.9_7_1853
NIC1123	0.626540	0.000010	0.000010	0.000010	0.000010	0.000010	0.373410	LD_0.9_7_1853
NIC1124	0.000010	0.000010	0.561664	0.000010	0.000010	0.000010	0.438286	LD_0.9_7_1853
NIC1135	0.000010	0.000010	0.562230	0.000010	0.000010	0.000010	0.437720	LD_0.9_7_1853
NIC1138	0.000010	0.000010	0.574308	0.000010	0.000010	0.000010	0.425642	LD_0.9_7_1853
NIC1141	0.000010	0.000010	0.544444	0.000010	0.000010	0.000010	0.455506	LD_0.9_7_1853
NIC115	0.000010	0.000010	0.012319	0.000010	0.000010	0.000010	0.987631	LD_0.9_7_1853
NIC117	0.000010	0.000010	0.000010	0.000010	0.000010	0.000010	0.999940	LD_0.9_7_1853
NIC1183	0.000010	0.000010	0.556847	0.000010	0.000010	0.000010	0.443103	LD_0.9_7_1853
NIC119	0.000010	0.000010	0.023320	0.000010	0.000010	0.000010	0.976630	LD_0.9_7_1853
NIC1190	0.000010	0.000010	0.502327	0.000010	0.000010	0.000010	0.497623	LD_0.9_7_1853
NIC1202	0.000010	0.000010	0.000010	0.000010	0.000010	0.000010	0.999940	LD_0.9_7_1853
NIC1204	0.002474	0.000010	0.000010	0.000010	0.000010	0.000010	0.997476	LD_0.9_7_1853
NIC1205	0.000010	0.000010	0.000010	0.999940	0.000010	0.000010	0.000010	LD_0.9_7_1853
NIC1218	0.000010	0.000010	0.000010	0.000010	0.000010	0.000010	0.999940	LD_0.9_7_1853
NIC1220	0.000010	0.000010	0.000010	0.999940	0.000010	0.000010	0.000010	LD_0.9_7_1853
NIC1221	0.024632	0.000010	0.000010	0.000010	0.000010	0.000010	0.975317	LD_0.9_7_1853
NIC123	0.000010	0.000010	0.000010	0.000010	0.000010	0.000010	0.999940	LD_0.9_7_1853
NIC1267	0.000010	0.000010	0.270298	0.000010	0.000010	0.000010	0.729652	LD_0.9_7_1853
NIC1283	0.000010	0.000010	0.487562	0.000010	0.000010	0.000010	0.512388	LD_0.9_7_1853
NIC1288	0.074703	0.000010	0.593784	0.000010	0.000010	0.000010	0.331473	LD_0.9_7_1853
NIC1292	0.000010	0.000010	0.547433	0.000010	0.000010	0.000010	0.452517	LD_0.9_7_1853
NIC1302	0.000010	0.000010	0.423816	0.000010	0.000010	0.000010	0.576134	LD_0.9_7_1853
NIC1304	0.000010	0.000010	0.571781	0.000010	0.000010	0.000010	0.428169	LD_0.9_7_1853
NIC1308	0.298184	0.000010	0.000010	0.000010	0.000010	0.000010	0.701766	LD_0.9_7_1853
NIC1407	0.000010	0.000010	0.602918	0.000010	0.000010	0.000010	0.397032	LD_0.9_7_1853
NIC1421	0.000010	0.000010	0.350822	0.000010	0.000010	0.000010	0.649128	LD_0.9_7_1853
NIC1423	0.000010	0.000010	0.669995	0.000010	0.000010	0.000010	0.329955	LD_0.9_7_1853
NIC1442	0.000010	0.000010	0.502858	0.000010	0.000010	0.000010	0.497091	LD_0.9_7_1853
NIC1491	0.000010	0.000010	0.503080	0.000010	0.000010	0.000010	0.496870	LD_0.9_7_1853
NIC1525	0.000012	0.000010	0.000010	0.000010	0.000010	0.000010	0.999938	LD_0.9_7_1853
NIC1528	0.000010	0.000014	0.000010	0.000018	0.000010	0.000010	0.999928	LD_0.9_7_1853
NIC1529	0.000016	0.000010	0.000010	0.000010	0.000010	0.000010	0.999934	LD_0.9_7_1853
NIC1533	0.000010	0.000010	0.000010	0.000010	0.000010	0.000010	0.999940	LD_0.9_7_1853
NIC1535	0.000010	0.000010	0.000011	0.000010	0.000010	0.000010	0.999939	LD_0.9_7_1853
NIC1539	0.000010	0.000010	0.000010	0.999940	0.000010	0.000010	0.000010	LD_0.9_7_1853
NIC1540	0.000010	0.000010	0.000010	0.000010	0.999939	0.000010	0.000010	LD_0.9_7_1853
NIC1562	0.000010	0.000010	0.000010	0.999940	0.000010	0.000010	0.000010	LD_0.9_7_1853
NIC1589	0.000010	0.000010	0.000010	0.000010	0.999940	0.000010	0.000010	LD_0.9_7_1853
NIC1590	0.000010	0.000010	0.000010	0.999940	0.000010	0.000010	0.000010	LD_0.9_7_1853
NIC1591	0.000010	0.000010	0.000010	0.000010	0.999940	0.000010	0.000010	LD_0.9_7_1853
NIC1593	0.000010	0.000010	0.000010	0.000010	0.999940	0.000010	0.000010	LD_0.9_7_1853
NIC1595	0.000010	0.000010	0.000010	0.999940	0.000010	0.000010	0.000010	LD_0.9_7_1853
NIC1598	0.000010	0.000010	0.000010	0.989413	0.000010	0.000010	0.010537	LD_0.9_7_1853
NIC1602	0.000010	0.000010	0.000010	0.999940	0.000010	0.000010	0.000010	LD_0.9_7_1853
NIC1607	0.000010	0.000010	0.000010	0.225914	0.639967	0.000010	0.134078	LD_0.9_7_1853
NIC1628	0.000010	0.000010	0.000013	0.000010	0.000010	0.000010	0.999937	LD_0.9_7_1853
NIC1630	0.000010	0.000010	0.000010	0.999940	0.000010	0.000010	0.000010	LD_0.9_7_1853
NIC1631	0.000010	0.000010	0.000010	0.999940	0.000010	0.000010	0.000010	LD_0.9_7_1853
NIC1632	0.000010	0.999940	0.000010	0.000010	0.000010	0.000010	0.000010	LD_0.9_7_1853
NIC1633	0.000010	0.999932	0.000010	0.000010	0.000018	0.000010	0.000010	LD_0.9_7_1853
NIC1635	0.000010	0.999940	0.000010	0.000010	0.000010	0.000010	0.000010	LD_0.9_7_1853
NIC1645	0.000010	0.000010	0.000010	0.999940	0.000010	0.000010	0.000010	LD_0.9_7_1853
NIC1660	0.000010	0.000010	0.000010	0.999940	0.000010	0.000010	0.000010	LD_0.9_7_1853
NIC1661	0.000010	0.000010	0.000010	0.999940	0.000010	0.000010	0.000010	LD_0.9_7_1853
NIC1662	0.000010	0.000010	0.000010	0.999940	0.000010	0.000010	0.000010	LD_0.9_7_1853
NIC1663	0.000010	0.000010	0.000010	0.999940	0.000010	0.000010	0.000010	LD_0.9_7_1853
NIC1664	0.000010	0.000010	0.000010	0.000010	0.999940	0.000010	0.000010	LD_0.9_7_1853
NIC1665	0.000010	0.000010	0.000010	0.000010	0.999940	0.000010	0.000010	LD_0.9_7_1853
NIC1666	0.000010	0.000010	0.000010	0.999940	0.000010	0.000010	0.000010	LD_0.9_7_1853
NIC1667	0.000010	0.000010	0.000010	0.999940	0.000010	0.000010	0.000010	LD_0.9_7_1853
NIC1681	0.000010	0.000010	0.000010	0.999940	0.000010	0.000010	0.000010	LD_0.9_7_1853
NIC1688	0.000010	0.000010	0.000010	0.000010	0.000010	0.000010	0.999940	LD_0.9_7_1853
NIC1692	0.000010	0.000010	0.000010	0.999940	0.000010	0.000010	0.000010	LD_0.9_7_1853
NIC1693	0.000010	0.000010	0.000010	0.999940	0.000010	0.000010	0.000010	LD_0.9_7_1853
NIC17	0.000010	0.000010	0.000013	0.000010	0.000010	0.000010	0.999937	LD_0.9_7_1853
NIC174	0.000010	0.999940	0.000010	0.000010	0.000010	0.000010	0.000010	LD_0.9_7_1853
NIC187	0.000010	0.000010	0.000010	0.000010	0.000010	0.000010	0.999940	LD_0.9_7_1853
NIC188	0.000010	0.000010	0.011142	0.000010	0.000010	0.000010	0.988808	LD_0.9_7_1853
NIC19	0.000010	0.000010	0.000011	0.000010	0.999939	0.000010	0.000010	LD_0.9_7_1853
NIC191	0.000010	0.000010	0.000010	0.000010	0.000010	0.000010	0.999940	LD_0.9_7_1853
NIC20	0.000010	0.000010	0.000013	0.000010	0.999937	0.000010	0.000010	LD_0.9_7_1853
NIC21	0.000010	0.000010	0.000010	0.000010	0.999940	0.000010	0.000010	LD_0.9_7_1853
NIC22	0.000014	0.000018	0.000010	0.000010	0.999928	0.000010	0.000010	LD_0.9_7_1853
NIC2369	0.497089	0.000010	0.000010	0.000010	0.000010	0.000010	0.502861	LD_0.9_7_1853
NIC248	0.000010	0.000010	0.000010	0.000010	0.000010	0.000010	0.999940	LD_0.9_7_1853
NIC250	0.000013	0.000010	0.000010	0.000010	0.000010	0.000010	0.999937	LD_0.9_7_1853
NIC2527	0.000010	0.000010	0.000010	0.000010	0.000010	0.000010	0.999940	LD_0.9_7_1853
NIC309	0.000010	0.000011	0.403068	0.000011	0.000010	0.000010	0.596880	LD_0.9_7_1853
NIC325	0.000010	0.000010	0.412967	0.000010	0.000010	0.000010	0.586983	LD_0.9_7_1853
NIC327	0.000010	0.000010	0.655432	0.000010	0.000010	0.000010	0.344518	LD_0.9_7_1853
NIC329	0.000010	0.000010	0.501760	0.000010	0.000010	0.000010	0.498190	LD_0.9_7_1853
NIC330	0.000010	0.000010	0.493254	0.000010	0.000010	0.000010	0.506696	LD_0.9_7_1853
NIC331	0.000010	0.000010	0.454972	0.000010	0.000010	0.000010	0.544978	LD_0.9_7_1853
NIC332	0.000010	0.000010	0.560144	0.000010	0.000010	0.000010	0.439806	LD_0.9_7_1853
NIC333	0.000010	0.000010	0.525644	0.000010	0.000010	0.000010	0.474306	LD_0.9_7_1853
NIC343	0.010445	0.000010	0.000010	0.000010	0.000010	0.000010	0.989505	LD_0.9_7_1853
NIC392	0.000010	0.000010	0.266928	0.000010	0.000010	0.000010	0.733022	LD_0.9_7_1853
NIC400	0.000010	0.000010	0.560670	0.000010	0.000010	0.000010	0.439280	LD_0.9_7_1853
NIC402	0.000010	0.000010	0.547208	0.000012	0.000010	0.000010	0.452740	LD_0.9_7_1853
NIC419	0.475312	0.000010	0.000010	0.000010	0.000010	0.000010	0.524638	LD_0.9_7_1853
NIC504	0.000010	0.000010	0.000010	0.999940	0.000010	0.000010	0.000010	LD_0.9_7_1853
NIC505	0.000010	0.000010	0.000010	0.999940	0.000010	0.000010	0.000010	LD_0.9_7_1853
NIC518	0.000010	0.000010	0.000010	0.999940	0.000010	0.000010	0.000010	LD_0.9_7_1853
NIC519	0.000010	0.000010	0.000010	0.999940	0.000010	0.000010	0.000010	LD_0.9_7_1853
NIC532	0.000010	0.000010	0.000010	0.000010	0.000010	0.000010	0.999940	LD_0.9_7_1853
NIC541	0.279001	0.000010	0.313490	0.000010	0.000010	0.000010	0.407469	LD_0.9_7_1853
NIC549	0.000010	0.000010	0.000010	0.000010	0.000010	0.000010	0.999940	LD_0.9_7_1853
NIC552	0.000010	0.000010	0.047437	0.000010	0.000010	0.000010	0.952513	LD_0.9_7_1853
NIC555	0.000010	0.000010	0.171383	0.000010	0.000010	0.000010	0.828567	LD_0.9_7_1853
NIC574	0.000011	0.000010	0.009759	0.000011	0.000010	0.000010	0.990190	LD_0.9_7_1853
NIC578	0.000010	0.000010	0.000010	0.000010	0.000010	0.000010	0.999940	LD_0.9_7_1853
NIC583	0.000010	0.000010	0.133243	0.000010	0.000010	0.000010	0.866707	LD_0.9_7_1853
NIC590	0.181075	0.000010	0.092958	0.000010	0.000010	0.000010	0.725927	LD_0.9_7_1853
NIC593	0.000010	0.000010	0.000010	0.000010	0.000010	0.000010	0.999940	LD_0.9_7_1853
NIC60	0.000010	0.000010	0.316335	0.000010	0.000010	0.000010	0.683615	LD_0.9_7_1853
NIC61	0.000010	0.000010	0.024084	0.000010	0.000010	0.000010	0.975866	LD_0.9_7_1853
NIC62	0.000010	0.000010	0.108886	0.000010	0.000010	0.000010	0.891064	LD_0.9_7_1853
NIC67	0.558658	0.000010	0.000010	0.000019	0.000010	0.000010	0.441282	LD_0.9_7_1853
NIC758	0.168365	0.000010	0.050594	0.000010	0.000010	0.000010	0.781000	LD_0.9_7_1853
NIC777	0.000010	0.000010	0.313652	0.000015	0.000010	0.000010	0.686293	LD_0.9_7_1853
NIC779	0.000010	0.000010	0.000010	0.999940	0.000010	0.000010	0.000010	LD_0.9_7_1853
NIC790	0.000010	0.000010	0.000010	0.000010	0.000010	0.000010	0.999940	LD_0.9_7_1853
NIC791	0.999940	0.000010	0.000010	0.000010	0.000010	0.000010	0.000010	LD_0.9_7_1853
NIC792	0.321754	0.000010	0.000010	0.000010	0.000010	0.000010	0.678196	LD_0.9_7_1853
NIC793	0.000010	0.000010	0.000010	0.000010	0.000010	0.000010	0.999940	LD_0.9_7_1853
NIC795	0.000010	0.000010	0.000010	0.000010	0.000010	0.000010	0.999940	LD_0.9_7_1853
NIC796	0.000010	0.000010	0.000010	0.000010	0.006637	0.000010	0.993313	LD_0.9_7_1853
NIC802	0.000010	0.000010	0.000010	0.000010	0.000010	0.000010	0.999940	LD_0.9_7_1853
NIC803	0.000010	0.000010	0.000010	0.000010	0.000010	0.000010	0.999940	LD_0.9_7_1853
NIC805	0.000010	0.000010	0.000010	0.999940	0.000010	0.000010	0.000010	LD_0.9_7_1853
NIC811	0.012760	0.000010	0.000010	0.000010	0.000010	0.000010	0.987190	LD_0.9_7_1853
NIC814	0.000010	0.000010	0.000010	0.999940	0.000010	0.000010	0.000010	LD_0.9_7_1853
NIC815	0.000010	0.000010	0.000010	0.999940	0.000010	0.000010	0.000010	LD_0.9_7_1853
NIC816	0.000010	0.000010	0.000010	0.000010	0.999940	0.000010	0.000010	LD_0.9_7_1853
NIC819	0.000019	0.000016	0.000010	0.212407	0.633740	0.000010	0.153798	LD_0.9_7_1853
NIC821	0.000010	0.000010	0.004500	0.000010	0.000010	0.000010	0.995450	LD_0.9_7_1853
NIC822	0.000010	0.000010	0.000010	0.999940	0.000010	0.000010	0.000010	LD_0.9_7_1853
NIC824	0.000010	0.000010	0.000010	0.999940	0.000010	0.000010	0.000010	LD_0.9_7_1853
NIC825	0.000010	0.000010	0.000010	0.000010	0.999940	0.000010	0.000010	LD_0.9_7_1853
NIC827	0.000010	0.000010	0.000010	0.000010	0.999940	0.000010	0.000010	LD_0.9_7_1853
NIC828	0.000010	0.000010	0.000010	0.000010	0.999940	0.000010	0.000010	LD_0.9_7_1853
NIC863	0.000010	0.000010	0.000010	0.999940	0.000010	0.000010	0.000010	LD_0.9_7_1853
NIC864	0.000010	0.000010	0.000010	0.999940	0.000010	0.000010	0.000010	LD_0.9_7_1853
NIC865	0.000010	0.000010	0.000010	0.999940	0.000010	0.000010	0.000010	LD_0.9_7_1853
NIC871	0.000010	0.000010	0.000010	0.000010	0.000010	0.000010	0.999940	LD_0.9_7_1853
NIC883	0.000010	0.000010	0.000010	0.000010	0.000010	0.000010	0.999940	LD_0.9_7_1853
NIC889	0.000010	0.000010	0.000010	0.999940	0.000010	0.000010	0.000010	LD_0.9_7_1853
NIC893	0.000010	0.105469	0.000010	0.163383	0.576400	0.000010	0.154719	LD_0.9_7_1853
NIC897	0.000010	0.000010	0.000010	0.999940	0.000010	0.000010	0.000010	LD_0.9_7_1853
NIC899	0.000010	0.999940	0.000010	0.000010	0.000010	0.000010	0.000010	LD_0.9_7_1853
NIC901	0.000010	0.000010	0.000010	0.000010	0.000010	0.000010	0.999940	LD_0.9_7_1853
NIC911	0.000010	0.000010	0.000010	0.000010	0.000010	0.000010	0.999940	LD_0.9_7_1853
NIC96	0.000010	0.000010	0.502884	0.000010	0.000010	0.000010	0.497066	LD_0.9_7_1853
NIC984	0.000010	0.000010	0.000010	0.000010	0.000010	0.000010	0.999940	LD_0.9_7_1853
NIC985	0.073116	0.000010	0.000010	0.000010	0.000010	0.000010	0.926834	LD_0.9_7_1853
PB800	0.000010	0.999940	0.000010	0.000010	0.000010	0.000010	0.000010	LD_0.9_7_1853
PB857	0.000010	0.999934	0.000010	0.000010	0.000016	0.000010	0.000010	LD_0.9_7_1853
PE887	0.000010	0.000010	0.000010	0.000010	0.000010	0.000010	0.999940	LD_0.9_7_1853
QG1005	0.000010	0.000010	0.999940	0.000010	0.000010	0.000010	0.000010	LD_0.9_7_1853
QG1007	0.000010	0.000010	0.999940	0.000010	0.000010	0.000010	0.000010	LD_0.9_7_1853
QG1111	0.000010	0.000010	0.999940	0.000010	0.000010	0.000010	0.000010	LD_0.9_7_1853
QG1126	0.000010	0.000010	0.999940	0.000010	0.000010	0.000010	0.000010	LD_0.9_7_1853
QG1141	0.000010	0.000010	0.990493	0.000010	0.000010	0.000010	0.009457	LD_0.9_7_1853
QG1155	0.000019	0.000010	0.990706	0.000015	0.000010	0.000010	0.009231	LD_0.9_7_1853
QG130	0.000010	0.000010	0.000010	0.000010	0.000010	0.000010	0.999940	LD_0.9_7_1853
QG132	0.000010	0.000010	0.000010	0.000010	0.000010	0.000010	0.999940	LD_0.9_7_1853
QG133	0.000010	0.000010	0.000010	0.978892	0.000010	0.000010	0.021058	LD_0.9_7_1853
QG2641	0.000010	0.000010	0.999940	0.000010	0.000010	0.000010	0.000010	LD_0.9_7_1853
QG2648	0.000010	0.000010	0.999940	0.000010	0.000010	0.000010	0.000010	LD_0.9_7_1853
QG2659	0.000010	0.000010	0.999940	0.000010	0.000010	0.000010	0.000010	LD_0.9_7_1853
QG2663	0.000010	0.000010	0.999940	0.000010	0.000010	0.000010	0.000010	LD_0.9_7_1853
QG2665	0.000011	0.000010	0.999939	0.000010	0.000010	0.000010	0.000010	LD_0.9_7_1853
QG2683	0.000011	0.000010	0.999933	0.000015	0.000010	0.000010	0.000010	LD_0.9_7_1853
QG2736	0.000010	0.000010	0.999940	0.000010	0.000010	0.000010	0.000010	LD_0.9_7_1853
QG2814	0.000010	0.000010	0.000010	0.000010	0.000010	0.000010	0.999940	LD_0.9_7_1853
QG2820	0.000010	0.000010	0.000010	0.000010	0.000010	0.000010	0.999940	LD_0.9_7_1853
QG2848	0.000010	0.000010	0.000010	0.000010	0.000010	0.000010	0.999940	LD_0.9_7_1853
QG2880	0.999939	0.000010	0.000011	0.000010	0.000010	0.000010	0.000010	LD_0.9_7_1853
QG2881	0.000010	0.000010	0.000010	0.000010	0.000010	0.000010	0.999940	LD_0.9_7_1853
QG2883	0.000010	0.000010	0.000010	0.000010	0.000010	0.000010	0.999940	LD_0.9_7_1853
QG2884	0.999936	0.000010	0.000014	0.000010	0.000010	0.000010	0.000010	LD_0.9_7_1853
QG2891	0.000010	0.000010	0.000010	0.000010	0.000010	0.999940	0.000010	LD_0.9_7_1853
QG2892	0.999940	0.000010	0.000010	0.000010	0.000010	0.000010	0.000010	LD_0.9_7_1853
QG2893	0.000013	0.000011	0.000010	0.000011	0.000010	0.999934	0.000010	LD_0.9_7_1853
QG2895	0.999940	0.000010	0.000010	0.000010	0.000010	0.000010	0.000010	LD_0.9_7_1853
QG2902	0.999940	0.000010	0.000010	0.000010	0.000010	0.000010	0.000010	LD_0.9_7_1853
QG2903	0.999940	0.000010	0.000010	0.000010	0.000010	0.000010	0.000010	LD_0.9_7_1853
QG2906	0.999940	0.000010	0.000010	0.000010	0.000010	0.000010	0.000010	LD_0.9_7_1853
QG2908	0.000016	0.000010	0.000010	0.000010	0.000010	0.999934	0.000010	LD_0.9_7_1853
QG2910	0.000010	0.000010	0.000010	0.000010	0.000010	0.000010	0.999940	LD_0.9_7_1853
QG2919	0.000010	0.000010	0.000010	0.000010	0.000010	0.999940	0.000010	LD_0.9_7_1853
QG2923	0.999931	0.000010	0.000010	0.000019	0.000010	0.000010	0.000010	LD_0.9_7_1853
QG2925	0.999940	0.000010	0.000010	0.000010	0.000010	0.000010	0.000010	LD_0.9_7_1853
QG2964	0.000010	0.000010	0.999940	0.000010	0.000010	0.000010	0.000010	LD_0.9_7_1853
QG2966	0.000020	0.000010	0.642360	0.000010	0.000010	0.000010	0.357580	LD_0.9_7_1853
QG2969	0.000010	0.000010	0.999940	0.000010	0.000010	0.000010	0.000010	LD_0.9_7_1853
QG2972	0.000010	0.000010	0.999940	0.000010	0.000010	0.000010	0.000010	LD_0.9_7_1853
QG2996	0.000010	0.000010	0.999940	0.000010	0.000010	0.000010	0.000010	LD_0.9_7_1853
QG3004	0.000010	0.000010	0.841081	0.000010	0.000010	0.000010	0.158869	LD_0.9_7_1853
QG3006	0.000010	0.000010	0.999940	0.000010	0.000010	0.000010	0.000010	LD_0.9_7_1853
QG3019	0.000010	0.000010	0.955748	0.000010	0.000010	0.000010	0.044202	LD_0.9_7_1853
QG3025	0.000010	0.000010	0.999940	0.000010	0.000010	0.000010	0.000010	LD_0.9_7_1853
QG3030	0.000010	0.000010	0.999940	0.000010	0.000010	0.000010	0.000010	LD_0.9_7_1853
QG3032	0.000016	0.000010	0.836730	0.000010	0.000010	0.000010	0.163214	LD_0.9_7_1853
QG3034	0.000010	0.000010	0.999940	0.000010	0.000010	0.000010	0.000010	LD_0.9_7_1853
QG3041	0.000012	0.000010	0.999938	0.000010	0.000010	0.000010	0.000010	LD_0.9_7_1853
QG3053	0.000010	0.000010	0.000010	0.000010	0.000010	0.000010	0.999940	LD_0.9_7_1853
QG3056	0.000020	0.000010	0.638156	0.000010	0.000010	0.000010	0.361784	LD_0.9_7_1853
QG3057	0.000011	0.000010	0.999939	0.000010	0.000010	0.000010	0.000010	LD_0.9_7_1853
QG3058	0.000010	0.000010	0.999940	0.000010	0.000010	0.000010	0.000010	LD_0.9_7_1853
QG3527	0.000010	0.000010	0.171525	0.000010	0.000010	0.000010	0.828425	LD_0.9_7_1853
QG3661	0.000010	0.999940	0.000010	0.000010	0.000010	0.000010	0.000010	LD_0.9_7_1853
QG3783	0.000010	0.000010	0.129446	0.000010	0.000010	0.000010	0.870504	LD_0.9_7_1853
QG3801	0.000011	0.000010	0.949666	0.000010	0.000010	0.000010	0.050284	LD_0.9_7_1853
QG3815	0.000010	0.000010	0.140848	0.000010	0.000010	0.000010	0.859102	LD_0.9_7_1853
QG3816	0.000014	0.000010	0.106135	0.000010	0.000010	0.000010	0.893811	LD_0.9_7_1853
QG3823	0.009047	0.000010	0.943136	0.000010	0.000010	0.000010	0.047776	LD_0.9_7_1853
QG3825	0.000010	0.000010	0.041797	0.000010	0.000010	0.000010	0.958153	LD_0.9_7_1853
QG3826	0.000011	0.000010	0.134791	0.000010	0.000011	0.000010	0.865157	LD_0.9_7_1853
QG3837	0.000010	0.000010	0.031116	0.000010	0.000010	0.000010	0.968834	LD_0.9_7_1853
QG3851	0.000010	0.000010	0.147584	0.000010	0.000010	0.000010	0.852366	LD_0.9_7_1853
QG3861	0.000013	0.000010	0.121269	0.000010	0.000011	0.000010	0.878677	LD_0.9_7_1853
QG3867	0.000010	0.000010	0.915182	0.000010	0.000010	0.000010	0.084768	LD_0.9_7_1853
QG3874	0.000010	0.000010	0.046369	0.000010	0.000010	0.000010	0.953581	LD_0.9_7_1853
QG3875	0.000010	0.000010	0.111477	0.000010	0.000010	0.000010	0.888473	LD_0.9_7_1853
QG3876	0.000010	0.000010	0.143592	0.000010	0.000010	0.000010	0.856358	LD_0.9_7_1853
QG3878	0.000011	0.000010	0.117918	0.000010	0.000010	0.000010	0.882031	LD_0.9_7_1853
QG3920	0.000010	0.000010	0.186694	0.000010	0.000010	0.000010	0.813256	LD_0.9_7_1853
QG3921	0.000010	0.000010	0.170764	0.000010	0.000010	0.000010	0.829186	LD_0.9_7_1853
QG3923	0.000010	0.000010	0.066755	0.000010	0.000010	0.000010	0.933195	LD_0.9_7_1853
QG3924	0.000010	0.000010	0.343638	0.000010	0.000010	0.000010	0.656312	LD_0.9_7_1853
QG3925	0.000010	0.000010	0.160837	0.000010	0.000010	0.000010	0.839113	LD_0.9_7_1853
QG3926	0.000010	0.000010	0.125064	0.000010	0.000010	0.000010	0.874886	LD_0.9_7_1853
QG3927	0.000010	0.000010	0.132531	0.000011	0.000010	0.000010	0.867418	LD_0.9_7_1853
QG3931	0.000011	0.000010	0.347133	0.000010	0.000010	0.000010	0.652816	LD_0.9_7_1853
QG3932	0.000010	0.000010	0.172284	0.000010	0.000010	0.000010	0.827666	LD_0.9_7_1853
QG3933	0.000010	0.000010	0.000012	0.000010	0.000010	0.000010	0.999938	LD_0.9_7_1853
QG4026	0.000010	0.000010	0.000010	0.000010	0.000010	0.999940	0.000010	LD_0.9_7_1853
QG4028	0.000010	0.000010	0.000010	0.000010	0.000010	0.999940	0.000010	LD_0.9_7_1853
QG4031	0.000019	0.000010	0.000010	0.000010	0.000010	0.999931	0.000010	LD_0.9_7_1853
QG4063	0.000010	0.000010	0.000010	0.000010	0.000010	0.999940	0.000010	LD_0.9_7_1853
QG4064	0.000010	0.000010	0.000010	0.000010	0.000010	0.999940	0.000010	LD_0.9_7_1853
QG4067	0.000010	0.000010	0.000010	0.000010	0.000010	0.999940	0.000010	LD_0.9_7_1853
QG4068	0.000010	0.000010	0.000010	0.000010	0.000010	0.999940	0.000010	LD_0.9_7_1853
QG4070	0.000010	0.000010	0.000010	0.000010	0.000010	0.000010	0.999940	LD_0.9_7_1853
QG4093	0.000010	0.000010	0.000014	0.000010	0.000010	0.999936	0.000010	LD_0.9_7_1853
QG4094	0.000010	0.000010	0.000018	0.000010	0.000010	0.999932	0.000010	LD_0.9_7_1853
QG4095	0.000010	0.000010	0.000010	0.000010	0.000010	0.999940	0.000010	LD_0.9_7_1853
QG4096	0.000010	0.000010	0.000010	0.000010	0.000010	0.999940	0.000010	LD_0.9_7_1853
QG4097	0.000010	0.000010	0.000010	0.000010	0.000010	0.999940	0.000010	LD_0.9_7_1853
QG4104	0.000010	0.000010	0.000010	0.000010	0.000010	0.999940	0.000010	LD_0.9_7_1853
QG4114	0.000010	0.000010	0.000010	0.000010	0.000010	0.999940	0.000010	LD_0.9_7_1853
QG4131	0.000010	0.000010	0.000010	0.000010	0.000010	0.999940	0.000010	LD_0.9_7_1853
QG4132	0.000010	0.000010	0.000010	0.000010	0.000010	0.999940	0.000010	LD_0.9_7_1853
QG4208	0.000010	0.000010	0.000010	0.000010	0.000010	0.999940	0.000010	LD_0.9_7_1853
QG4214	0.000010	0.000010	0.000010	0.000010	0.000010	0.999940	0.000010	LD_0.9_7_1853
QG4225	0.000010	0.000010	0.000010	0.000010	0.000010	0.999940	0.000010	LD_0.9_7_1853
QG4232	0.000010	0.000010	0.000018	0.000010	0.000010	0.999932	0.000010	LD_0.9_7_1853
QG4233	0.000010	0.000010	0.000010	0.000010	0.000010	0.999940	0.000010	LD_0.9_7_1853
QG4647	0.999940	0.000010	0.000010	0.000010	0.000010	0.000010	0.000010	LD_0.9_7_1853
QG4648	0.000141	0.000010	0.000010	0.000010	0.000010	0.000010	0.999809	LD_0.9_7_1853
QG4683	0.000011	0.000010	0.000010	0.000010	0.000010	0.000010	0.999939	LD_0.9_7_1853
QG4701	0.607047	0.000010	0.000010	0.000010	0.000010	0.000010	0.392903	LD_0.9_7_1853
QG4706	0.000010	0.000010	0.000010	0.000010	0.000010	0.000010	0.999940	LD_0.9_7_1853
QG4718	0.000010	0.000010	0.000010	0.000010	0.000010	0.000010	0.999940	LD_0.9_7_1853
QG4742	0.019770	0.000010	0.000010	0.000010	0.000010	0.000010	0.980180	LD_0.9_7_1853
QG4805	0.999940	0.000010	0.000010	0.000010	0.000010	0.000010	0.000010	LD_0.9_7_1853
QG4847	0.000010	0.000010	0.000010	0.000010	0.000010	0.000010	0.999940	LD_0.9_7_1853
QG4966	0.000015	0.000010	0.000010	0.000010	0.000010	0.000010	0.999935	LD_0.9_7_1853
QG5348	0.000010	0.000010	0.000010	0.000010	0.000010	0.000010	0.999940	LD_0.9_7_1853
QG5406	0.000011	0.000010	0.000010	0.000010	0.000010	0.000010	0.999939	LD_0.9_7_1853
QG547	0.000010	0.999940	0.000010	0.000010	0.000010	0.000010	0.000010	LD_0.9_7_1853
QG5474	0.675341	0.000010	0.000010	0.000010	0.000010	0.000010	0.324609	LD_0.9_7_1853
QG5488	0.000010	0.000010	0.000010	0.000010	0.000010	0.000010	0.999940	LD_0.9_7_1853
QG550	0.414530	0.000010	0.000010	0.000010	0.000010	0.000010	0.585420	LD_0.9_7_1853
QG5507	0.204041	0.000010	0.000010	0.000010	0.000010	0.000010	0.795909	LD_0.9_7_1853
QG5525	0.011869	0.000010	0.000010	0.000010	0.000010	0.000010	0.988081	LD_0.9_7_1853
QG5589	0.833393	0.000010	0.000010	0.000010	0.000010	0.000010	0.166557	LD_0.9_7_1853
QG5603	0.689951	0.000010	0.000010	0.000010	0.000010	0.000010	0.309999	LD_0.9_7_1853
QG5611	0.000010	0.000010	0.000010	0.000010	0.000010	0.000010	0.999940	LD_0.9_7_1853
QG5612	0.000011	0.000010	0.017108	0.000010	0.000012	0.000010	0.982839	LD_0.9_7_1853
QG5633	0.007893	0.000010	0.000010	0.000010	0.000010	0.000010	0.992057	LD_0.9_7_1853
QG581	0.000010	0.999940	0.000010	0.000010	0.000010	0.000010	0.000010	LD_0.9_7_1853
QG588	0.000010	0.999932	0.000010	0.000010	0.000018	0.000010	0.000010	LD_0.9_7_1853
QG700	0.000010	0.000010	0.876764	0.000010	0.000010	0.000010	0.123186	LD_0.9_7_1853
QG727	0.000010	0.000010	0.999940	0.000010	0.000010	0.000010	0.000010	LD_0.9_7_1853
QG733	0.000010	0.000010	0.999940	0.000010	0.000010	0.000010	0.000010	LD_0.9_7_1853
QG736	0.000010	0.000010	0.999940	0.000010	0.000010	0.000010	0.000010	LD_0.9_7_1853
QG737	0.000010	0.000010	0.999940	0.000010	0.000010	0.000010	0.000010	LD_0.9_7_1853
QG739	0.000010	0.000010	0.999940	0.000010	0.000010	0.000010	0.000010	LD_0.9_7_1853
QG761	0.000010	0.000010	0.805499	0.000010	0.000010	0.000010	0.194451	LD_0.9_7_1853
QG763	0.000010	0.000010	0.999938	0.000012	0.000010	0.000010	0.000010	LD_0.9_7_1853
QG776	0.000010	0.000010	0.991719	0.000010	0.000010	0.000010	0.008231	LD_0.9_7_1853
QG781	0.000010	0.000010	0.999940	0.000010	0.000010	0.000010	0.000010	LD_0.9_7_1853
QG784	0.000010	0.000010	0.999940	0.000010	0.000010	0.000010	0.000010	LD_0.9_7_1853
QG786	0.000010	0.000010	0.999940	0.000010	0.000010	0.000010	0.000010	LD_0.9_7_1853
QG788	0.000012	0.000010	0.999938	0.000010	0.000010	0.000010	0.000010	LD_0.9_7_1853
QG790	0.000010	0.000010	0.999940	0.000010	0.000010	0.000010	0.000010	LD_0.9_7_1853
QG791	0.000010	0.000010	0.964530	0.000011	0.000010	0.000010	0.035418	LD_0.9_7_1853
QG795	0.000012	0.000010	0.769877	0.000010	0.000010	0.000010	0.230071	LD_0.9_7_1853
QG797	0.000010	0.000010	0.999940	0.000010	0.000010	0.000010	0.000010	LD_0.9_7_1853
QG802	0.000010	0.000010	0.999940	0.000010	0.000010	0.000010	0.000010	LD_0.9_7_1853
QG804	0.000010	0.000010	0.999940	0.000010	0.000010	0.000010	0.000010	LD_0.9_7_1853
QG806	0.000010	0.000010	0.999940	0.000010	0.000010	0.000010	0.000010	LD_0.9_7_1853
QG807	0.000010	0.000010	0.999939	0.000011	0.000010	0.000010	0.000010	LD_0.9_7_1853
QG808	0.000010	0.000010	0.983869	0.000010	0.000010	0.000010	0.016081	LD_0.9_7_1853
QG809	0.000011	0.000010	0.999939	0.000010	0.000010	0.000010	0.000010	LD_0.9_7_1853
QG825	0.000010	0.000010	0.999940	0.000010	0.000010	0.000010	0.000010	LD_0.9_7_1853
QG827	0.000010	0.000010	0.999940	0.000010	0.000010	0.000010	0.000010	LD_0.9_7_1853
QG828	0.000010	0.000010	0.999940	0.000010	0.000010	0.000010	0.000010	LD_0.9_7_1853
QG833	0.000010	0.000010	0.972844	0.000010	0.000010	0.000010	0.027106	LD_0.9_7_1853
QG855	0.000010	0.000010	0.991968	0.000010	0.000010	0.000010	0.007982	LD_0.9_7_1853
QG856	0.000010	0.000010	0.999940	0.000010	0.000010	0.000010	0.000010	LD_0.9_7_1853
QG858	0.000010	0.000010	0.999940	0.000010	0.000010	0.000010	0.000010	LD_0.9_7_1853
QG860	0.000010	0.000010	0.827154	0.000010	0.000010	0.000010	0.172796	LD_0.9_7_1853
QG864	0.000010	0.000010	0.999940	0.000010	0.000010	0.000010	0.000010	LD_0.9_7_1853
QG865	0.000010	0.000010	0.999940	0.000010	0.000010	0.000010	0.000010	LD_0.9_7_1853
QG866	0.000010	0.000010	0.999940	0.000010	0.000010	0.000010	0.000010	LD_0.9_7_1853
QG868	0.000010	0.000010	0.999940	0.000010	0.000010	0.000010	0.000010	LD_0.9_7_1853
QG874	0.000010	0.000010	0.999940	0.000010	0.000010	0.000010	0.000010	LD_0.9_7_1853
QG875	0.000010	0.000010	0.999940	0.000010	0.000010	0.000010	0.000010	LD_0.9_7_1853
QG878	0.000010	0.000010	0.987363	0.000010	0.000010	0.000010	0.012587	LD_0.9_7_1853
QG879	0.000010	0.000010	0.999940	0.000010	0.000010	0.000010	0.000010	LD_0.9_7_1853
QG880	0.000010	0.000010	0.999940	0.000010	0.000010	0.000010	0.000010	LD_0.9_7_1853
QG881	0.000010	0.000010	0.798837	0.000010	0.000010	0.000010	0.201113	LD_0.9_7_1853
QG887	0.000010	0.000010	0.999940	0.000010	0.000010	0.000010	0.000010	LD_0.9_7_1853
QG888	0.000010	0.000010	0.999940	0.000010	0.000010	0.000010	0.000010	LD_0.9_7_1853
QG926	0.000019	0.000010	0.999931	0.000010	0.000010	0.000010	0.000010	LD_0.9_7_1853
QG927	0.000010	0.000010	0.064046	0.000010	0.000010	0.000010	0.935904	LD_0.9_7_1853
QG933	0.000010	0.000010	0.999940	0.000010	0.000010	0.000010	0.000010	LD_0.9_7_1853
QG937	0.000010	0.000010	0.999940	0.000010	0.000010	0.000010	0.000010	LD_0.9_7_1853
QG945	0.000010	0.000010	0.999940	0.000010	0.000010	0.000010	0.000010	LD_0.9_7_1853
QG946	0.000010	0.000010	0.999940	0.000010	0.000010	0.000010	0.000010	LD_0.9_7_1853
QG947	0.000010	0.000010	0.999940	0.000010	0.000010	0.000010	0.000010	LD_0.9_7_1853
QG948	0.000010	0.000010	0.999940	0.000010	0.000010	0.000010	0.000010	LD_0.9_7_1853
QG952	0.000010	0.000010	0.909910	0.000010	0.000010	0.000010	0.090040	LD_0.9_7_1853
QG978	0.000010	0.000010	0.892162	0.000010	0.000010	0.000010	0.107788	LD_0.9_7_1853
QG980	0.000011	0.000010	0.999939	0.000010	0.000010	0.000010	0.000010	LD_0.9_7_1853
QG986	0.000010	0.000010	0.991106	0.000010	0.000010	0.000010	0.008844	LD_0.9_7_1853
QG991	0.000013	0.000010	0.999937	0.000010	0.000010	0.000010	0.000010	LD_0.9_7_1853
QG994	0.000010	0.000010	0.999940	0.000010	0.000010	0.000010	0.000010	LD_0.9_7_1853
QG995	0.000010	0.000010	0.999940	0.000010	0.000010	0.000010	0.000010	LD_0.9_7_1853
QG997	0.000010	0.000010	0.999940	0.000010	0.000010	0.000010	0.000010	LD_0.9_7_1853
QG998	0.000010	0.000010	0.999940	0.000010	0.000010	0.000010	0.000010	LD_0.9_7_1853
QR25	0.000010	0.619964	0.000010	0.088801	0.108980	0.028108	0.154127	LD_0.9_7_1853
QX1410	0.000010	0.000010	0.000010	0.000010	0.000010	0.000010	0.999940	LD_0.9_7_1853
QX1547	0.000019	0.999916	0.000010	0.000015	0.000020	0.000010	0.000010	LD_0.9_7_1853
QX1795	0.000010	0.000010	0.000010	0.000010	0.000010	0.000010	0.999940	LD_0.9_7_1853
QX1796	0.000010	0.000010	0.000010	0.000010	0.000010	0.000010	0.999940	LD_0.9_7_1853
QX1798	0.000010	0.000010	0.000010	0.999940	0.000010	0.000010	0.000010	LD_0.9_7_1853
QX1800	0.000010	0.000010	0.000010	0.000010	0.000010	0.000010	0.999940	LD_0.9_7_1853
QX1801	0.000010	0.000010	0.000010	0.000010	0.000010	0.000010	0.999940	LD_0.9_7_1853
QX1802	0.000010	0.000010	0.000010	0.000010	0.000010	0.000010	0.999940	LD_0.9_7_1853
QX1803	0.000010	0.000012	0.000010	0.000010	0.000010	0.000010	0.999938	LD_0.9_7_1853
QX1804	0.000010	0.000010	0.000010	0.000010	0.000010	0.000010	0.999940	LD_0.9_7_1853
SOW18	0.000010	0.999938	0.000010	0.000010	0.000012	0.000010	0.000010	LD_0.9_7_1853
SOW21	0.000010	0.999940	0.000010	0.000010	0.000010	0.000010	0.000010	LD_0.9_7_1853
SOW22	0.000010	0.999940	0.000010	0.000010	0.000010	0.000010	0.000010	LD_0.9_7_1853
TT3408	0.000010	0.000010	0.000010	0.000010	0.000010	0.000010	0.999940	LD_0.9_7_1853
TT3411	0.000010	0.000010	0.000010	0.000010	0.000010	0.000010	0.999940	LD_0.9_7_1853
TWN1772	0.000010	0.000010	0.000010	0.999940	0.000010	0.000010	0.000010	LD_0.9_7_1853
TWN1824	0.000010	0.000010	0.000010	0.000011	0.999938	0.000010	0.000010	LD_0.9_7_1853
TWN1899	0.000010	0.000010	0.000010	0.000010	0.999940	0.000010	0.000010	LD_0.9_7_1853
TWN1907	0.000010	0.000010	0.000010	0.999940	0.000010	0.000010	0.000010	LD_0.9_7_1853
TWN2919	0.000010	0.000010	0.000010	0.999940	0.000010	0.000010	0.000010	LD_0.9_7_1853
TWN3077	0.000010	0.000010	0.000010	0.999940	0.000010	0.000010	0.000010	LD_0.9_7_1853
UH1	0.000010	0.000010	0.000010	0.999940	0.000010	0.000010	0.000010	LD_0.9_7_1853
VSL2201	0.369926	0.000010	0.000011	0.000010	0.000010	0.000010	0.630023	LD_0.9_7_1853
VSL2207	0.000010	0.000010	0.000010	0.000010	0.000010	0.999940	0.000010	LD_0.9_7_1853
VSL2209	0.000010	0.000010	0.000010	0.000010	0.000010	0.999940	0.000010	LD_0.9_7_1853
VSL2210	0.000010	0.000010	0.000010	0.000010	0.000010	0.000010	0.999940	LD_0.9_7_1853
VSL2212	0.000010	0.000010	0.000010	0.000010	0.000010	0.000010	0.999940	LD_0.9_7_1853
VSL2213	0.673219	0.000010	0.000010	0.000010	0.000010	0.000010	0.326731	LD_0.9_7_1853
VSL2215	0.534862	0.000010	0.000018	0.000010	0.000010	0.000010	0.465080	LD_0.9_7_1853
VSL2216	0.632474	0.000010	0.000010	0.000010	0.000010	0.000010	0.367476	LD_0.9_7_1853
VSL2217	0.999939	0.000010	0.000010	0.000011	0.000010	0.000010	0.000010	LD_0.9_7_1853
VSL2219	0.000010	0.000010	0.000011	0.000010	0.000010	0.000010	0.999939	LD_0.9_7_1853
VT847	0.000010	0.000010	0.000010	0.000010	0.000010	0.000010	0.999940	LD_0.9_7_1853
VX34	0.000010	0.619174	0.000010	0.109862	0.125337	0.000010	0.145597	LD_0.9_7_1853
XZ1204	0.217023	0.000010	0.000010	0.000010	0.000010	0.000010	0.782927	LD_0.9_7_1853
XZ1205	0.514015	0.000010	0.000010	0.000010	0.000010	0.000010	0.485935	LD_0.9_7_1853
XZ1206	0.511821	0.000018	0.000010	0.000010	0.000010	0.000010	0.488121	LD_0.9_7_1853
XZ1207	0.000010	0.000010	0.000011	0.000010	0.000010	0.000010	0.999939	LD_0.9_7_1853
XZ1210	0.000010	0.000010	0.000010	0.000010	0.000010	0.000010	0.999940	LD_0.9_7_1853
XZ1212	0.000010	0.000010	0.005487	0.000010	0.000010	0.000010	0.994463	LD_0.9_7_1853
XZ1213	0.000010	0.000010	0.000010	0.000011	0.000010	0.000010	0.999939	LD_0.9_7_1853
XZ1731	0.000010	0.000010	0.000010	0.000010	0.000010	0.000010	0.999940	LD_0.9_7_1853
XZ1732	0.000010	0.000010	0.000010	0.000010	0.000010	0.000010	0.999940	LD_0.9_7_1853
ZZY0992	0.999940	0.000010	0.000010	0.000010	0.000010	0.000010	0.000010	LD_0.9_7_1853
ZZY1034	0.000010	0.000010	0.000012	0.000010	0.000010	0.000010	0.999938	LD_0.9_7_1853
ZZY1075	0.000010	0.000010	0.000010	0.000010	0.000010	0.000010	0.999940	LD_0.9_7_1853
ZZY1123	0.999935	0.000010	0.000015	0.000010	0.000010	0.000010	0.000010	LD_0.9_7_1853
ZZY1130	0.000010	0.000010	0.000010	0.000010	0.000010	0.000010	0.999940	LD_0.9_7_1853
ZZY405	0.000010	0.000010	0.000010	0.000010	0.000010	0.000010	0.999940	LD_0.9_7_1853
AF16	0.000010	0.000010	0.000010	0.999940	0.000010	0.000010	0.000010	LD_0.9_7_1884
BRC20069	0.000010	0.000010	0.000010	0.999940	0.000010	0.000010	0.000010	LD_0.9_7_1884
BRC20073	0.000010	0.000010	0.000010	0.999940	0.000010	0.000010	0.000010	LD_0.9_7_1884
BRC20075	0.000010	0.000010	0.000010	0.000010	0.999940	0.000010	0.000010	LD_0.9_7_1884
BRC20077	0.000010	0.000010	0.000010	0.999940	0.000010	0.000010	0.000010	LD_0.9_7_1884
BRC20081	0.000010	0.999938	0.000010	0.000012	0.000010	0.000010	0.000010	LD_0.9_7_1884
BRC20085	0.174570	0.000010	0.021440	0.803947	0.000013	0.000010	0.000010	LD_0.9_7_1884
BRC20088	0.000010	0.999940	0.000010	0.000010	0.000010	0.000010	0.000010	LD_0.9_7_1884
BRC20089	0.000010	0.000010	0.000015	0.999935	0.000010	0.000010	0.000010	LD_0.9_7_1884
BRC20090	0.051233	0.000010	0.000010	0.948717	0.000010	0.000010	0.000010	LD_0.9_7_1884
BRC20092	0.078939	0.000010	0.033741	0.887280	0.000010	0.000010	0.000010	LD_0.9_7_1884
BRC20093	0.000010	0.000010	0.000011	0.999939	0.000010	0.000010	0.000010	LD_0.9_7_1884
BRC20094	0.078976	0.000010	0.034843	0.886141	0.000010	0.000010	0.000010	LD_0.9_7_1884
BRC20095	0.000010	0.000010	0.000010	0.999940	0.000010	0.000010	0.000010	LD_0.9_7_1884
BRC20096	0.000010	0.000010	0.000010	0.999940	0.000010	0.000010	0.000010	LD_0.9_7_1884
BRC20098	0.000010	0.000010	0.000010	0.999940	0.000010	0.000010	0.000010	LD_0.9_7_1884
BRC20099	0.000010	0.000010	0.000010	0.999940	0.000010	0.000010	0.000010	LD_0.9_7_1884
BRC20100	0.000010	0.000010	0.000010	0.999940	0.000010	0.000010	0.000010	LD_0.9_7_1884
BRC20102	0.000010	0.000010	0.000010	0.999940	0.000010	0.000010	0.000010	LD_0.9_7_1884
BRC20103	0.000010	0.000010	0.000010	0.999940	0.000010	0.000010	0.000010	LD_0.9_7_1884
BRC20105	0.159983	0.000010	0.033986	0.805991	0.000010	0.000010	0.000010	LD_0.9_7_1884
BRC20107	0.153943	0.000010	0.025712	0.820305	0.000010	0.000010	0.000010	LD_0.9_7_1884
BRC20115	0.000010	0.253644	0.000012	0.116997	0.066570	0.000010	0.562757	LD_0.9_7_1884
BRC20119	0.749846	0.000010	0.000010	0.250104	0.000010	0.000010	0.000010	LD_0.9_7_1884
BRC20228	0.000010	0.000010	0.000010	0.999940	0.000010	0.000010	0.000010	LD_0.9_7_1884
BRC20229	0.000010	0.000010	0.000010	0.000010	0.999940	0.000010	0.000010	LD_0.9_7_1884
BRC20230	0.000010	0.999940	0.000010	0.000010	0.000010	0.000010	0.000010	LD_0.9_7_1884
BRC20232	0.000010	0.000010	0.000010	0.000010	0.999940	0.000010	0.000010	LD_0.9_7_1884
BRC20238	0.000010	0.999940	0.000010	0.000010	0.000010	0.000010	0.000010	LD_0.9_7_1884
BRC20239	0.000010	0.000010	0.000010	0.000010	0.999940	0.000010	0.000010	LD_0.9_7_1884
BRC20241	0.083589	0.000010	0.000010	0.916361	0.000010	0.000010	0.000010	LD_0.9_7_1884
BRC20242	0.000010	0.000010	0.000010	0.999940	0.000010	0.000010	0.000010	LD_0.9_7_1884
BRC20244	0.000010	0.999940	0.000010	0.000010	0.000010	0.000010	0.000010	LD_0.9_7_1884
BRC20246	0.000010	0.999940	0.000010	0.000010	0.000010	0.000010	0.000010	LD_0.9_7_1884
BRC20257	0.976746	0.000010	0.000010	0.023204	0.000010	0.000010	0.000010	LD_0.9_7_1884
BRC20260	0.000010	0.000010	0.000010	0.999940	0.000010	0.000010	0.000010	LD_0.9_7_1884
BRC20270	0.000010	0.999940	0.000010	0.000010	0.000010	0.000010	0.000010	LD_0.9_7_1884
BRC20272	0.000010	0.999936	0.000010	0.000013	0.000011	0.000010	0.000010	LD_0.9_7_1884
BRC20289	0.000010	0.999940	0.000010	0.000010	0.000010	0.000010	0.000010	LD_0.9_7_1884
BRC20290	0.000010	0.999934	0.000010	0.000010	0.000016	0.000010	0.000010	LD_0.9_7_1884
BRC20294	0.000010	0.000010	0.000010	0.999940	0.000010	0.000010	0.000010	LD_0.9_7_1884
BRC20308	0.000010	0.999931	0.000012	0.000010	0.000017	0.000010	0.000010	LD_0.9_7_1884
BRC20309	0.000010	0.999940	0.000010	0.000010	0.000010	0.000010	0.000010	LD_0.9_7_1884
BRC20311	0.000010	0.999924	0.000016	0.000013	0.000017	0.000010	0.000010	LD_0.9_7_1884
BRC20312	0.000010	0.999940	0.000010	0.000010	0.000010	0.000010	0.000010	LD_0.9_7_1884
BRC20315	0.000010	0.999936	0.000013	0.000010	0.000010	0.000011	0.000010	LD_0.9_7_1884
BRC20320	0.000010	0.999933	0.000010	0.000010	0.000017	0.000010	0.000010	LD_0.9_7_1884
BRC20324	0.000010	0.000010	0.000010	0.354934	0.645016	0.000010	0.000010	LD_0.9_7_1884
BRC20331	0.000010	0.999940	0.000010	0.000010	0.000010	0.000010	0.000010	LD_0.9_7_1884
BRC20333	0.000010	0.999939	0.000010	0.000010	0.000011	0.000010	0.000010	LD_0.9_7_1884
BRC20334	0.000010	0.999940	0.000010	0.000010	0.000010	0.000010	0.000010	LD_0.9_7_1884
BRC20339	0.000010	0.999940	0.000010	0.000010	0.000010	0.000010	0.000010	LD_0.9_7_1884
BRC20341	0.000010	0.999940	0.000010	0.000010	0.000010	0.000010	0.000010	LD_0.9_7_1884
BRC20343	0.000010	0.000010	0.000010	0.000010	0.999940	0.000010	0.000010	LD_0.9_7_1884
BRC20346	0.000010	0.999931	0.000010	0.000010	0.000019	0.000010	0.000010	LD_0.9_7_1884
BRC20347	0.000010	0.000010	0.000010	0.000010	0.999940	0.000010	0.000010	LD_0.9_7_1884
BRC20348	0.000010	0.999940	0.000010	0.000010	0.000010	0.000010	0.000010	LD_0.9_7_1884
BRC20353	0.000010	0.000010	0.370613	0.629336	0.000010	0.000010	0.000010	LD_0.9_7_1884
BRC20360	0.000010	0.000010	0.368758	0.631192	0.000010	0.000010	0.000010	LD_0.9_7_1884
BRC20361	0.000010	0.000010	0.365534	0.634416	0.000010	0.000010	0.000010	LD_0.9_7_1884
BRC20362	0.000010	0.000010	0.343426	0.656524	0.000010	0.000010	0.000010	LD_0.9_7_1884
BRC20366	0.000010	0.999933	0.000010	0.000010	0.000010	0.000017	0.000010	LD_0.9_7_1884
BRC20367	0.000010	0.999940	0.000010	0.000010	0.000010	0.000010	0.000010	LD_0.9_7_1884
BRC20369	0.000010	0.000010	0.000010	0.999940	0.000010	0.000010	0.000010	LD_0.9_7_1884
BRC20370	0.000010	0.999940	0.000010	0.000010	0.000010	0.000010	0.000010	LD_0.9_7_1884
BRC20388	0.000010	0.000010	0.000010	0.000010	0.000010	0.000010	0.999940	LD_0.9_7_1884
BRC20390	0.000010	0.999940	0.000010	0.000010	0.000010	0.000010	0.000010	LD_0.9_7_1884
BRC20401	0.000010	0.000010	0.000010	0.999940	0.000010	0.000010	0.000010	LD_0.9_7_1884
BRC20463	0.000010	0.999931	0.000010	0.000010	0.000019	0.000010	0.000010	LD_0.9_7_1884
BRC20492	0.000010	0.263321	0.000012	0.120792	0.054102	0.000010	0.561753	LD_0.9_7_1884
BRC20499	0.000010	0.999940	0.000010	0.000010	0.000010	0.000010	0.000010	LD_0.9_7_1884
BRC20501	0.000010	0.999940	0.000010	0.000010	0.000010	0.000010	0.000010	LD_0.9_7_1884
BRC20502	0.000010	0.205276	0.000010	0.160158	0.065176	0.000010	0.569360	LD_0.9_7_1884
BRC20503	0.000010	0.206397	0.000010	0.159890	0.064655	0.000010	0.569029	LD_0.9_7_1884
BRC20519	0.000010	0.250116	0.000010	0.127751	0.060067	0.000010	0.562035	LD_0.9_7_1884
BRC20520	0.000010	0.260696	0.000010	0.123639	0.053878	0.000010	0.561757	LD_0.9_7_1884
BRC20522	0.000010	0.000010	0.000010	0.000010	0.999940	0.000010	0.000010	LD_0.9_7_1884
BRC20524	0.000010	0.000010	0.000010	0.000010	0.999940	0.000010	0.000010	LD_0.9_7_1884
BRC20529	0.000010	0.999938	0.000010	0.000010	0.000012	0.000010	0.000010	LD_0.9_7_1884
BRC20530	0.000010	0.000010	0.000010	0.000010	0.999940	0.000010	0.000010	LD_0.9_7_1884
BRC20531	0.000010	0.000010	0.000010	0.000010	0.999940	0.000010	0.000010	LD_0.9_7_1884
BRC20532	0.000010	0.999940	0.000010	0.000010	0.000010	0.000010	0.000010	LD_0.9_7_1884
BRC20533	0.000010	0.999940	0.000010	0.000010	0.000010	0.000010	0.000010	LD_0.9_7_1884
BRC20534	0.000010	0.999938	0.000010	0.000011	0.000011	0.000010	0.000010	LD_0.9_7_1884
BRC20535	0.000010	0.999940	0.000010	0.000010	0.000010	0.000010	0.000010	LD_0.9_7_1884
BRC20536	0.000010	0.999932	0.000010	0.000010	0.000018	0.000010	0.000010	LD_0.9_7_1884
BRC20537	0.000010	0.999940	0.000010	0.000010	0.000010	0.000010	0.000010	LD_0.9_7_1884
BRC20541	0.000010	0.239702	0.000010	0.134621	0.072081	0.000010	0.553566	LD_0.9_7_1884
BRC20543	0.000010	0.999940	0.000010	0.000010	0.000010	0.000010	0.000010	LD_0.9_7_1884
BRC20544	0.000010	0.999940	0.000010	0.000010	0.000010	0.000010	0.000010	LD_0.9_7_1884
BRC20545	0.000010	0.999940	0.000010	0.000010	0.000010	0.000010	0.000010	LD_0.9_7_1884
BRC20556	0.000010	0.000010	0.000010	0.999940	0.000010	0.000010	0.000010	LD_0.9_7_1884
BRC20557	0.000010	0.999940	0.000010	0.000010	0.000010	0.000010	0.000010	LD_0.9_7_1884
BRC20565	0.000010	0.000010	0.000010	0.999940	0.000010	0.000010	0.000010	LD_0.9_7_1884
BRC20571	0.015433	0.000010	0.000010	0.984517	0.000010	0.000010	0.000010	LD_0.9_7_1884
BRC20574	0.000010	0.000010	0.000010	0.999940	0.000010	0.000010	0.000010	LD_0.9_7_1884
BW287	0.000010	0.000010	0.000010	0.000010	0.000010	0.000010	0.999940	LD_0.9_7_1884
DF5100	0.000010	0.000010	0.000010	0.999940	0.000010	0.000010	0.000010	LD_0.9_7_1884
ECA1129	0.000010	0.000010	0.000010	0.999940	0.000010	0.000010	0.000010	LD_0.9_7_1884
ECA1143	0.080973	0.000010	0.000010	0.918977	0.000010	0.000010	0.000010	LD_0.9_7_1884
ECA1147	0.000010	0.000010	0.000010	0.999940	0.000010	0.000010	0.000010	LD_0.9_7_1884
ECA1149	0.000010	0.045718	0.000010	0.954232	0.000010	0.000010	0.000010	LD_0.9_7_1884
ECA1160	0.000010	0.000010	0.000010	0.999940	0.000010	0.000010	0.000010	LD_0.9_7_1884
ECA1164	0.000010	0.000010	0.000010	0.999940	0.000010	0.000010	0.000010	LD_0.9_7_1884
ECA1170	0.000010	0.999940	0.000010	0.000010	0.000010	0.000010	0.000010	LD_0.9_7_1884
ECA1174	0.000010	0.000010	0.000010	0.999940	0.000010	0.000010	0.000010	LD_0.9_7_1884
ECA1383	0.000010	0.999940	0.000010	0.000010	0.000010	0.000010	0.000010	LD_0.9_7_1884
ECA1411	0.000015	0.000010	0.000010	0.999935	0.000010	0.000010	0.000010	LD_0.9_7_1884
ECA1423	0.000010	0.000010	0.000010	0.999940	0.000010	0.000010	0.000010	LD_0.9_7_1884
ECA1429	0.000010	0.000010	0.000010	0.999940	0.000010	0.000010	0.000010	LD_0.9_7_1884
ECA1431	0.000010	0.000010	0.000010	0.999940	0.000010	0.000010	0.000010	LD_0.9_7_1884
ECA1437	0.000010	0.000010	0.000010	0.999940	0.000010	0.000010	0.000010	LD_0.9_7_1884
ECA1439	0.000010	0.000010	0.000010	0.999940	0.000010	0.000010	0.000010	LD_0.9_7_1884
ECA1443	0.000010	0.946134	0.000010	0.053815	0.000011	0.000010	0.000010	LD_0.9_7_1884
ECA1471	0.000010	0.000010	0.000010	0.999940	0.000010	0.000010	0.000010	LD_0.9_7_1884
ECA1489	0.130301	0.000010	0.000010	0.869649	0.000010	0.000010	0.000010	LD_0.9_7_1884
ECA1507	0.000010	0.000010	0.000010	0.999940	0.000010	0.000010	0.000010	LD_0.9_7_1884
ECA1509	0.000010	0.000010	0.000010	0.999940	0.000010	0.000010	0.000010	LD_0.9_7_1884
ECA1517	0.000010	0.000010	0.000010	0.999940	0.000010	0.000010	0.000010	LD_0.9_7_1884
ECA1521	0.000010	0.000010	0.000010	0.999940	0.000010	0.000010	0.000010	LD_0.9_7_1884
ECA1555	0.000010	0.000010	0.000010	0.999940	0.000010	0.000010	0.000010	LD_0.9_7_1884
ECA1559	0.000010	0.999939	0.000010	0.000010	0.000011	0.000010	0.000010	LD_0.9_7_1884
ECA1563	0.000010	0.000010	0.000010	0.999940	0.000010	0.000010	0.000010	LD_0.9_7_1884
ECA1571	0.116615	0.000010	0.000010	0.883335	0.000010	0.000010	0.000010	LD_0.9_7_1884
ECA1587	0.000010	0.000016	0.000011	0.999933	0.000010	0.000010	0.000010	LD_0.9_7_1884
ECA1605	0.052106	0.873410	0.000010	0.074443	0.000012	0.000010	0.000010	LD_0.9_7_1884
ECA1609	0.000010	0.000010	0.000010	0.999940	0.000010	0.000010	0.000010	LD_0.9_7_1884
ECA161	0.000010	0.000010	0.000010	0.999940	0.000010	0.000010	0.000010	LD_0.9_7_1884
ECA1611	0.000010	0.000010	0.000010	0.999940	0.000010	0.000010	0.000010	LD_0.9_7_1884
ECA1615	0.000010	0.000010	0.000010	0.999938	0.000010	0.000012	0.000010	LD_0.9_7_1884
ECA162	0.000010	0.000010	0.000010	0.999940	0.000010	0.000010	0.000010	LD_0.9_7_1884
ECA1621	0.000010	0.000010	0.000010	0.999940	0.000010	0.000010	0.000010	LD_0.9_7_1884
ECA163	0.000010	0.000010	0.999940	0.000010	0.000010	0.000010	0.000010	LD_0.9_7_1884
ECA1637	0.000010	0.000010	0.000010	0.999940	0.000010	0.000010	0.000010	LD_0.9_7_1884
ECA1657	0.000010	0.000010	0.000010	0.999940	0.000010	0.000010	0.000010	LD_0.9_7_1884
ECA1701	0.007160	0.000010	0.000010	0.992790	0.000010	0.000010	0.000010	LD_0.9_7_1884
ECA175	0.000010	0.000010	0.000010	0.999940	0.000010	0.000010	0.000010	LD_0.9_7_1884
ECA176	0.000010	0.000010	0.000010	0.999940	0.000010	0.000010	0.000010	LD_0.9_7_1884
ECA177	0.000010	0.000010	0.000010	0.999940	0.000010	0.000010	0.000010	LD_0.9_7_1884
ECA180	0.000010	0.000010	0.000010	0.999940	0.000010	0.000010	0.000010	LD_0.9_7_1884
ECA182	0.000010	0.000010	0.000010	0.999940	0.000010	0.000010	0.000010	LD_0.9_7_1884
ECA183	0.000010	0.000010	0.000010	0.999940	0.000010	0.000010	0.000010	LD_0.9_7_1884
ECA185	0.000010	0.000010	0.000014	0.999936	0.000010	0.000010	0.000010	LD_0.9_7_1884
ECA186	0.000019	0.000010	0.000011	0.999928	0.000011	0.000010	0.000010	LD_0.9_7_1884
ECA2083	0.000010	0.000010	0.000010	0.999940	0.000010	0.000010	0.000010	LD_0.9_7_1884
ECA2093	0.000010	0.000010	0.000010	0.999940	0.000010	0.000010	0.000010	LD_0.9_7_1884
ECA2115	0.000010	0.000010	0.000010	0.999940	0.000010	0.000010	0.000010	LD_0.9_7_1884
ECA2299	0.000015	0.999922	0.000010	0.000019	0.000015	0.000010	0.000010	LD_0.9_7_1884
ECA2373	0.035176	0.000010	0.000012	0.964772	0.000010	0.000010	0.000010	LD_0.9_7_1884
ECA2385	0.000010	0.999928	0.000010	0.000016	0.000015	0.000010	0.000010	LD_0.9_7_1884
ECA2425	0.000010	0.000010	0.000015	0.999935	0.000010	0.000010	0.000010	LD_0.9_7_1884
ECA2617	0.000010	0.000010	0.000010	0.000010	0.000010	0.999940	0.000010	LD_0.9_7_1884
ECA2618	0.000011	0.000010	0.000010	0.000010	0.000010	0.999939	0.000010	LD_0.9_7_1884
ECA2621	0.000011	0.000010	0.000010	0.000010	0.000010	0.999939	0.000010	LD_0.9_7_1884
ECA2623	0.026269	0.000011	0.000010	0.973679	0.000010	0.000010	0.000010	LD_0.9_7_1884
ECA2625	0.000010	0.000010	0.000010	0.999940	0.000010	0.000010	0.000010	LD_0.9_7_1884
ECA2626	0.000010	0.000010	0.000010	0.999940	0.000010	0.000010	0.000010	LD_0.9_7_1884
ECA2636	0.000010	0.000010	0.000017	0.999931	0.000010	0.000013	0.000010	LD_0.9_7_1884
ECA2637	0.000010	0.000010	0.000015	0.999933	0.000012	0.000010	0.000010	LD_0.9_7_1884
ECA2639	0.000011	0.000010	0.000010	0.000010	0.000010	0.999939	0.000010	LD_0.9_7_1884
ECA2645	0.000010	0.000010	0.000010	0.999940	0.000010	0.000010	0.000010	LD_0.9_7_1884
ECA2647	0.000010	0.000010	0.000010	0.000010	0.000010	0.999940	0.000010	LD_0.9_7_1884
ECA2663	0.000010	0.000010	0.000010	0.999940	0.000010	0.000010	0.000010	LD_0.9_7_1884
ECA2664	0.041548	0.000010	0.000010	0.958402	0.000010	0.000010	0.000010	LD_0.9_7_1884
ECA2666	0.000010	0.000010	0.000010	0.000010	0.000010	0.999940	0.000010	LD_0.9_7_1884
ECA2667	0.000010	0.000010	0.000010	0.999940	0.000010	0.000010	0.000010	LD_0.9_7_1884
ECA2670	0.000010	0.000010	0.000010	0.000010	0.000010	0.999940	0.000010	LD_0.9_7_1884
ECA276	0.000010	0.000019	0.999931	0.000010	0.000010	0.000010	0.000010	LD_0.9_7_1884
ECA278	0.000010	0.000010	0.000010	0.000010	0.000010	0.000010	0.999940	LD_0.9_7_1884
ECA2808	0.000010	0.000010	0.000010	0.999940	0.000010	0.000010	0.000010	LD_0.9_7_1884
ECA287	0.000010	0.989323	0.000010	0.010627	0.000010	0.000010	0.000010	LD_0.9_7_1884
ECA288	0.000010	0.101047	0.000010	0.898903	0.000010	0.000010	0.000010	LD_0.9_7_1884
ECA2883	0.000010	0.000010	0.000010	0.999940	0.000010	0.000010	0.000010	LD_0.9_7_1884
ECA2890	0.000010	0.000010	0.000010	0.999940	0.000010	0.000010	0.000010	LD_0.9_7_1884
ECA2894	0.000010	0.000010	0.000010	0.999940	0.000010	0.000010	0.000010	LD_0.9_7_1884
ECA2936	0.000010	0.999940	0.000010	0.000010	0.000010	0.000010	0.000010	LD_0.9_7_1884
ECA2975	0.000010	0.000010	0.000013	0.999937	0.000010	0.000010	0.000010	LD_0.9_7_1884
ECA3091	0.000010	0.000010	0.000010	0.999940	0.000010	0.000010	0.000010	LD_0.9_7_1884
ECA343	0.000010	0.000010	0.000010	0.999940	0.000010	0.000010	0.000010	LD_0.9_7_1884
ECA346	0.000010	0.000010	0.000010	0.999940	0.000010	0.000010	0.000010	LD_0.9_7_1884
ECA3502	0.000010	0.999940	0.000010	0.000010	0.000010	0.000010	0.000010	LD_0.9_7_1884
ECA3503	0.000010	0.000010	0.000010	0.999940	0.000010	0.000010	0.000010	LD_0.9_7_1884
ECA3509	0.000010	0.000010	0.000016	0.999934	0.000010	0.000010	0.000010	LD_0.9_7_1884
ECA3708	0.000010	0.000010	0.000010	0.999940	0.000010	0.000010	0.000010	LD_0.9_7_1884
ECA371	0.000010	0.000010	0.000010	0.999940	0.000010	0.000010	0.000010	LD_0.9_7_1884
ECA3712	0.000010	0.000010	0.000010	0.999940	0.000010	0.000010	0.000010	LD_0.9_7_1884
ECA3713	0.000018	0.000011	0.000010	0.999931	0.000010	0.000010	0.000010	LD_0.9_7_1884
ECA3899	0.000010	0.000010	0.000010	0.999940	0.000010	0.000010	0.000010	LD_0.9_7_1884
ECA4382	0.000010	0.000010	0.000010	0.999940	0.000010	0.000010	0.000010	LD_0.9_7_1884
ECA4390	0.000010	0.000010	0.000010	0.999940	0.000010	0.000010	0.000010	LD_0.9_7_1884
ECA4394	0.000010	0.000010	0.000010	0.999940	0.000010	0.000010	0.000010	LD_0.9_7_1884
ECA4402	0.000010	0.000010	0.000010	0.999940	0.000010	0.000010	0.000010	LD_0.9_7_1884
ECA569	0.000010	0.000010	0.000012	0.000010	0.000010	0.000010	0.999938	LD_0.9_7_1884
ED3032	0.000012	0.000010	0.000010	0.999937	0.000010	0.000010	0.000010	LD_0.9_7_1884
ED3037	0.000010	0.000010	0.000010	0.999940	0.000010	0.000010	0.000010	LD_0.9_7_1884
ED3088	0.000010	0.000010	0.000010	0.999940	0.000010	0.000010	0.000010	LD_0.9_7_1884
ED3102	0.000010	0.000010	0.999940	0.000010	0.000010	0.000010	0.000010	LD_0.9_7_1884
EG4360	0.000010	0.000010	0.000011	0.000010	0.000010	0.000010	0.999939	LD_0.9_7_1884
EG5612	0.000010	0.000010	0.272605	0.727345	0.000010	0.000010	0.000010	LD_0.9_7_1884
EG5613	0.059827	0.000010	0.000018	0.940116	0.000010	0.000010	0.000010	LD_0.9_7_1884
EG6179	0.000540	0.000010	0.008744	0.990676	0.000010	0.000010	0.000010	LD_0.9_7_1884
EG6260	0.020295	0.000010	0.000010	0.979655	0.000010	0.000010	0.000010	LD_0.9_7_1884
EG6261	0.007065	0.000010	0.000010	0.992885	0.000010	0.000010	0.000010	LD_0.9_7_1884
EG6265	0.015024	0.984919	0.000010	0.000017	0.000010	0.000010	0.000010	LD_0.9_7_1884
EG6267	0.010309	0.000010	0.000010	0.989641	0.000010	0.000010	0.000010	LD_0.9_7_1884
EG6271	0.047560	0.000010	0.000010	0.952390	0.000010	0.000010	0.000010	LD_0.9_7_1884
EG6272	0.005386	0.000010	0.000010	0.994564	0.000010	0.000010	0.000010	LD_0.9_7_1884
EG6274	0.000010	0.000010	0.000010	0.999940	0.000010	0.000010	0.000010	LD_0.9_7_1884
EG6275	0.000010	0.000010	0.000010	0.999940	0.000010	0.000010	0.000010	LD_0.9_7_1884
EG6276	0.000010	0.000010	0.000010	0.999940	0.000010	0.000010	0.000010	LD_0.9_7_1884
EG6329	0.085700	0.000010	0.000010	0.914250	0.000010	0.000010	0.000010	LD_0.9_7_1884
GUN124	0.000010	0.000010	0.000010	0.000010	0.000010	0.000010	0.999940	LD_0.9_7_1884
GXW22	0.000010	0.000010	0.000010	0.999940	0.000010	0.000010	0.000010	LD_0.9_7_1884
GXW23	0.000010	0.000013	0.182950	0.816995	0.000012	0.000010	0.000010	LD_0.9_7_1884
HK104	0.000010	0.000010	0.000010	0.000016	0.000010	0.000010	0.999934	LD_0.9_7_1884
HPT11	0.000010	0.163757	0.000010	0.153531	0.063529	0.000010	0.619153	LD_0.9_7_1884
HPT16	0.000010	0.000010	0.000010	0.999940	0.000010	0.000010	0.000010	LD_0.9_7_1884
HPT18	0.000010	0.164989	0.000010	0.155678	0.067030	0.000010	0.612273	LD_0.9_7_1884
HPT19	0.000010	0.000010	0.000020	0.999930	0.000010	0.000010	0.000010	LD_0.9_7_1884
HPT2	0.000010	0.000010	0.000011	0.999939	0.000010	0.000010	0.000010	LD_0.9_7_1884
HPT21	0.000010	0.000010	0.000010	0.999940	0.000010	0.000010	0.000010	LD_0.9_7_1884
HPT24	0.000010	0.163427	0.000010	0.155480	0.064265	0.000010	0.616797	LD_0.9_7_1884
HPT34	0.000010	0.000010	0.000010	0.999940	0.000010	0.000010	0.000010	LD_0.9_7_1884
HPT37	0.030597	0.000010	0.000010	0.969353	0.000010	0.000010	0.000010	LD_0.9_7_1884
HPT4	0.000010	0.000010	0.000010	0.999940	0.000010	0.000010	0.000010	LD_0.9_7_1884
HPT42	0.000010	0.000011	0.000010	0.999939	0.000010	0.000010	0.000010	LD_0.9_7_1884
HPT52	0.494646	0.000010	0.000010	0.505304	0.000010	0.000010	0.000010	LD_0.9_7_1884
HPT53	0.000010	0.000010	0.000010	0.999940	0.000010	0.000010	0.000010	LD_0.9_7_1884
HPT54	0.000010	0.000010	0.000015	0.999932	0.000010	0.000013	0.000010	LD_0.9_7_1884
HPT55	0.000010	0.000010	0.000010	0.999940	0.000010	0.000010	0.000010	LD_0.9_7_1884
HPT59	0.000010	0.000010	0.000010	0.999939	0.000011	0.000010	0.000010	LD_0.9_7_1884
HPT60	0.000010	0.000010	0.000019	0.999931	0.000010	0.000010	0.000010	LD_0.9_7_1884
HPT62	0.863828	0.000010	0.136122	0.000010	0.000010	0.000010	0.000010	LD_0.9_7_1884
HPT63	0.000010	0.000010	0.000010	0.999940	0.000010	0.000010	0.000010	LD_0.9_7_1884
HPT7	0.000010	0.000010	0.000010	0.999940	0.000010	0.000010	0.000010	LD_0.9_7_1884
HPT8	0.000010	0.000010	0.000010	0.999940	0.000010	0.000010	0.000010	LD_0.9_7_1884
HPT9	0.000010	0.000010	0.256614	0.743336	0.000010	0.000010	0.000010	LD_0.9_7_1884
JU1085	0.000010	0.000010	0.000010	0.000010	0.000010	0.000010	0.999940	LD_0.9_7_1884
JU1337	0.031026	0.000010	0.000010	0.968923	0.000011	0.000010	0.000010	LD_0.9_7_1884
JU1338	0.000010	0.000019	0.353202	0.646739	0.000010	0.000010	0.000010	LD_0.9_7_1884
JU1341	0.000010	0.000010	0.000010	0.000010	0.000010	0.999940	0.000010	LD_0.9_7_1884
JU1346	0.000010	0.000010	0.382085	0.617865	0.000010	0.000010	0.000010	LD_0.9_7_1884
JU1347	0.000010	0.000010	0.000010	0.999940	0.000010	0.000010	0.000010	LD_0.9_7_1884
JU1348	0.000010	0.000010	0.000010	0.000010	0.000010	0.999940	0.000010	LD_0.9_7_1884
JU1375	0.000010	0.000010	0.000020	0.999930	0.000010	0.000010	0.000010	LD_0.9_7_1884
JU1377	0.000010	0.000010	0.000010	0.999940	0.000010	0.000010	0.000010	LD_0.9_7_1884
JU1378	0.000010	0.000010	0.000010	0.999940	0.000010	0.000010	0.000010	LD_0.9_7_1884
JU1392	0.000010	0.000010	0.000010	0.999940	0.000010	0.000010	0.000010	LD_0.9_7_1884
JU1399	0.279417	0.000010	0.000010	0.720533	0.000010	0.000010	0.000010	LD_0.9_7_1884
JU1424	0.000010	0.000010	0.324294	0.675656	0.000010	0.000010	0.000010	LD_0.9_7_1884
JU1435	0.000010	0.000010	0.000010	0.999940	0.000010	0.000010	0.000010	LD_0.9_7_1884
JU1564	0.000010	0.000010	0.000010	0.000010	0.000010	0.000010	0.999940	LD_0.9_7_1884
JU1637	0.000010	0.000010	0.000010	0.999940	0.000010	0.000010	0.000010	LD_0.9_7_1884
JU1638	0.000010	0.000010	0.000010	0.999940	0.000010	0.000010	0.000010	LD_0.9_7_1884
JU1794	0.011847	0.000010	0.016900	0.971213	0.000010	0.000010	0.000010	LD_0.9_7_1884
JU1795	0.000010	0.000010	0.000010	0.999940	0.000010	0.000010	0.000010	LD_0.9_7_1884
JU1799	0.000010	0.000010	0.000015	0.999935	0.000010	0.000010	0.000010	LD_0.9_7_1884
JU1802	0.000010	0.000010	0.000010	0.999940	0.000010	0.000010	0.000010	LD_0.9_7_1884
JU1814	0.047931	0.000010	0.000010	0.952019	0.000010	0.000010	0.000010	LD_0.9_7_1884
JU1884	0.000010	0.000010	0.000010	0.999940	0.000010	0.000010	0.000010	LD_0.9_7_1884
JU1885	0.056364	0.000010	0.000017	0.943579	0.000010	0.000010	0.000010	LD_0.9_7_1884
JU1907	0.000010	0.000010	0.000010	0.999939	0.000011	0.000010	0.000010	LD_0.9_7_1884
JU1908	0.000010	0.000010	0.000010	0.999938	0.000012	0.000010	0.000010	LD_0.9_7_1884
JU1909	0.000010	0.000010	0.000010	0.999940	0.000010	0.000010	0.000010	LD_0.9_7_1884
JU1913	0.505929	0.000010	0.000010	0.494021	0.000010	0.000010	0.000010	LD_0.9_7_1884
JU2053	0.000010	0.000010	0.000010	0.999940	0.000010	0.000010	0.000010	LD_0.9_7_1884
JU2054	0.000010	0.000010	0.000010	0.999940	0.000010	0.000010	0.000010	LD_0.9_7_1884
JU2056	0.000010	0.000010	0.000010	0.999940	0.000010	0.000010	0.000010	LD_0.9_7_1884
JU2057	0.629727	0.000010	0.370223	0.000010	0.000010	0.000010	0.000010	LD_0.9_7_1884
JU2160	0.657316	0.000010	0.342634	0.000010	0.000010	0.000010	0.000010	LD_0.9_7_1884
JU2162	0.648751	0.000010	0.351199	0.000010	0.000010	0.000010	0.000010	LD_0.9_7_1884
JU2214	0.207582	0.000010	0.000010	0.792368	0.000010	0.000010	0.000010	LD_0.9_7_1884
JU2216	0.000010	0.999940	0.000010	0.000010	0.000010	0.000010	0.000010	LD_0.9_7_1884
JU2457	0.085188	0.000010	0.000010	0.479300	0.000010	0.000010	0.435472	LD_0.9_7_1884
JU2470	0.608251	0.000010	0.391699	0.000010	0.000010	0.000010	0.000010	LD_0.9_7_1884
JU2472	0.000010	0.000010	0.000010	0.999940	0.000010	0.000010	0.000010	LD_0.9_7_1884
JU2507	0.979684	0.009655	0.000010	0.010621	0.000010	0.000010	0.000010	LD_0.9_7_1884
JU2518	0.379231	0.000010	0.058430	0.562299	0.000010	0.000010	0.000010	LD_0.9_7_1884
JU2536	0.000010	0.000010	0.000010	0.000010	0.000010	0.000010	0.999940	LD_0.9_7_1884
JU2618	0.704921	0.000010	0.000010	0.295029	0.000010	0.000010	0.000010	LD_0.9_7_1884
JU2799	0.000010	0.000010	0.000010	0.999940	0.000010	0.000010	0.000010	LD_0.9_7_1884
JU2836	0.238872	0.000010	0.000010	0.761078	0.000010	0.000010	0.000010	LD_0.9_7_1884
JU2849	0.000010	0.000010	0.268520	0.731430	0.000010	0.000010	0.000010	LD_0.9_7_1884
JU2861	0.000010	0.000010	0.000010	0.999940	0.000010	0.000010	0.000010	LD_0.9_7_1884
JU2868	0.000010	0.000010	0.000010	0.999940	0.000010	0.000010	0.000010	LD_0.9_7_1884
JU2872	0.000010	0.000010	0.000011	0.000010	0.000010	0.000010	0.999939	LD_0.9_7_1884
JU2910	0.078977	0.000010	0.000010	0.920973	0.000010	0.000010	0.000010	LD_0.9_7_1884
JU3168	0.000010	0.000010	0.999940	0.000010	0.000010	0.000010	0.000010	LD_0.9_7_1884
JU3171	0.000010	0.000010	0.000010	0.999940	0.000010	0.000010	0.000010	LD_0.9_7_1884
JU3199	0.000010	0.000010	0.000010	0.000010	0.000010	0.999940	0.000010	LD_0.9_7_1884
JU3200	0.000010	0.000010	0.000010	0.000010	0.000010	0.999940	0.000010	LD_0.9_7_1884
JU3201	0.000010	0.000010	0.000010	0.000010	0.000010	0.999940	0.000010	LD_0.9_7_1884
JU3202	0.000010	0.000010	0.000010	0.000010	0.000010	0.999940	0.000010	LD_0.9_7_1884
JU3203	0.000010	0.000010	0.000010	0.000010	0.000010	0.999940	0.000010	LD_0.9_7_1884
JU3206	0.000010	0.000010	0.000010	0.000010	0.000010	0.999940	0.000010	LD_0.9_7_1884
JU3207	0.000010	0.000010	0.000010	0.999940	0.000010	0.000010	0.000010	LD_0.9_7_1884
JU3237	0.625532	0.000010	0.374418	0.000010	0.000010	0.000010	0.000010	LD_0.9_7_1884
JU3281	0.000010	0.000010	0.000010	0.999940	0.000010	0.000010	0.000010	LD_0.9_7_1884
JU3319	0.000010	0.000010	0.184922	0.815028	0.000010	0.000010	0.000010	LD_0.9_7_1884
JU3321	0.000010	0.000010	0.000016	0.999933	0.000011	0.000010	0.000010	LD_0.9_7_1884
JU3326	0.000010	0.000010	0.825092	0.000010	0.000010	0.000010	0.174858	LD_0.9_7_1884
JU3327	0.000010	0.000010	0.006797	0.993153	0.000010	0.000010	0.000010	LD_0.9_7_1884
JU3416	0.000018	0.010407	0.000010	0.091234	0.000010	0.000010	0.898311	LD_0.9_7_1884
JU4042	0.000010	0.000010	0.000019	0.999931	0.000010	0.000010	0.000010	LD_0.9_7_1884
JU4051	0.000010	0.000010	0.321339	0.678611	0.000010	0.000010	0.000010	LD_0.9_7_1884
JU4058	0.000010	0.000010	0.306640	0.693310	0.000010	0.000010	0.000010	LD_0.9_7_1884
JU4060	0.000010	0.000010	0.349911	0.650039	0.000010	0.000010	0.000010	LD_0.9_7_1884
JU4062	0.000010	0.000010	0.329184	0.670766	0.000010	0.000010	0.000010	LD_0.9_7_1884
JU4064	0.000010	0.000010	0.341589	0.658361	0.000010	0.000010	0.000010	LD_0.9_7_1884
JU4080	0.000010	0.000010	0.000010	0.999940	0.000010	0.000010	0.000010	LD_0.9_7_1884
JU4084	0.000010	0.000011	0.372501	0.627448	0.000010	0.000010	0.000010	LD_0.9_7_1884
JU4097	0.000010	0.000011	0.316203	0.683746	0.000010	0.000010	0.000010	LD_0.9_7_1884
JU725	0.000010	0.000010	0.182500	0.817447	0.000013	0.000010	0.000010	LD_0.9_7_1884
MY2716	0.000010	0.000010	0.000010	0.999940	0.000010	0.000010	0.000010	LD_0.9_7_1884
MY539	0.000010	0.000010	0.000010	0.999940	0.000010	0.000010	0.000010	LD_0.9_7_1884
NIC1050	0.631408	0.000011	0.000010	0.368541	0.000010	0.000010	0.000010	LD_0.9_7_1884
NIC1052	0.716907	0.000010	0.000010	0.283043	0.000010	0.000010	0.000010	LD_0.9_7_1884
NIC1054	0.532674	0.000010	0.000010	0.467276	0.000010	0.000010	0.000010	LD_0.9_7_1884
NIC1055	0.635227	0.000010	0.000010	0.364722	0.000010	0.000010	0.000010	LD_0.9_7_1884
NIC1057	0.711308	0.000010	0.000010	0.288642	0.000010	0.000010	0.000010	LD_0.9_7_1884
NIC1058	0.672965	0.000010	0.000010	0.326985	0.000010	0.000010	0.000010	LD_0.9_7_1884
NIC1059	0.637782	0.000010	0.000011	0.362167	0.000010	0.000010	0.000010	LD_0.9_7_1884
NIC1060	0.555849	0.000010	0.000010	0.444101	0.000010	0.000010	0.000010	LD_0.9_7_1884
NIC1062	0.317990	0.000010	0.000010	0.681960	0.000010	0.000010	0.000010	LD_0.9_7_1884
NIC1069	0.078597	0.000010	0.000011	0.921352	0.000010	0.000010	0.000010	LD_0.9_7_1884
NIC1103	0.655562	0.000010	0.000014	0.344384	0.000010	0.000010	0.000010	LD_0.9_7_1884
NIC1104	0.103898	0.000010	0.000010	0.896052	0.000010	0.000010	0.000010	LD_0.9_7_1884
NIC1106	0.261224	0.000011	0.000010	0.738725	0.000010	0.000010	0.000010	LD_0.9_7_1884
NIC1117	0.000010	0.000010	0.000010	0.999940	0.000010	0.000010	0.000010	LD_0.9_7_1884
NIC1123	0.000010	0.000010	0.359026	0.640924	0.000010	0.000010	0.000010	LD_0.9_7_1884
NIC1124	0.369399	0.000010	0.067850	0.562710	0.000010	0.000010	0.000010	LD_0.9_7_1884
NIC1135	0.367728	0.000010	0.067758	0.564474	0.000010	0.000010	0.000010	LD_0.9_7_1884
NIC1138	0.384427	0.000010	0.068614	0.546919	0.000010	0.000010	0.000010	LD_0.9_7_1884
NIC1141	0.369155	0.000015	0.058608	0.572188	0.000015	0.000010	0.000010	LD_0.9_7_1884
NIC115	0.000010	0.000010	0.000010	0.999940	0.000010	0.000010	0.000010	LD_0.9_7_1884
NIC117	0.000010	0.000010	0.000010	0.999940	0.000010	0.000010	0.000010	LD_0.9_7_1884
NIC1183	0.384493	0.000010	0.058967	0.556500	0.000010	0.000010	0.000010	LD_0.9_7_1884
NIC119	0.005014	0.000010	0.000010	0.994936	0.000010	0.000010	0.000010	LD_0.9_7_1884
NIC1190	0.321426	0.000010	0.055800	0.622734	0.000010	0.000010	0.000010	LD_0.9_7_1884
NIC1202	0.000010	0.000010	0.000010	0.999940	0.000010	0.000010	0.000010	LD_0.9_7_1884
NIC1204	0.000010	0.000010	0.000010	0.999940	0.000010	0.000010	0.000010	LD_0.9_7_1884
NIC1205	0.000010	0.999940	0.000010	0.000010	0.000010	0.000010	0.000010	LD_0.9_7_1884
NIC1218	0.000010	0.000010	0.000018	0.999932	0.000010	0.000010	0.000010	LD_0.9_7_1884
NIC1220	0.000011	0.999934	0.000010	0.000015	0.000010	0.000010	0.000010	LD_0.9_7_1884
NIC1221	0.000010	0.000010	0.000010	0.999940	0.000010	0.000010	0.000010	LD_0.9_7_1884
NIC123	0.000010	0.000010	0.000010	0.999940	0.000010	0.000010	0.000010	LD_0.9_7_1884
NIC1267	0.177505	0.000010	0.000010	0.822445	0.000010	0.000010	0.000010	LD_0.9_7_1884
NIC1283	0.437078	0.000010	0.000010	0.562872	0.000010	0.000010	0.000010	LD_0.9_7_1884
NIC1288	0.573936	0.000010	0.040224	0.385799	0.000010	0.000010	0.000010	LD_0.9_7_1884
NIC1292	0.513589	0.000010	0.000010	0.486361	0.000010	0.000010	0.000010	LD_0.9_7_1884
NIC1302	0.374386	0.000010	0.000010	0.625564	0.000010	0.000010	0.000010	LD_0.9_7_1884
NIC1304	0.537377	0.000010	0.000017	0.462566	0.000010	0.000010	0.000010	LD_0.9_7_1884
NIC1308	0.000010	0.000010	0.151823	0.848127	0.000010	0.000010	0.000010	LD_0.9_7_1884
NIC1407	0.560194	0.000010	0.000010	0.439756	0.000010	0.000010	0.000010	LD_0.9_7_1884
NIC1421	0.314193	0.000010	0.000017	0.685749	0.000010	0.000010	0.000010	LD_0.9_7_1884
NIC1423	0.635353	0.000010	0.000010	0.364593	0.000014	0.000010	0.000010	LD_0.9_7_1884
NIC1442	0.456291	0.000010	0.000010	0.543659	0.000010	0.000010	0.000010	LD_0.9_7_1884
NIC1491	0.456551	0.000010	0.000010	0.543399	0.000010	0.000010	0.000010	LD_0.9_7_1884
NIC1525	0.000010	0.000010	0.000010	0.999940	0.000010	0.000010	0.000010	LD_0.9_7_1884
NIC1528	0.000010	0.000010	0.000010	0.999940	0.000010	0.000010	0.000010	LD_0.9_7_1884
NIC1529	0.000010	0.000010	0.000010	0.999940	0.000010	0.000010	0.000010	LD_0.9_7_1884
NIC1533	0.000010	0.000010	0.000010	0.999940	0.000010	0.000010	0.000010	LD_0.9_7_1884
NIC1535	0.000010	0.000010	0.000010	0.999940	0.000010	0.000010	0.000010	LD_0.9_7_1884
NIC1539	0.000010	0.999938	0.000010	0.000012	0.000010	0.000010	0.000010	LD_0.9_7_1884
NIC1540	0.000010	0.000010	0.000010	0.000010	0.999940	0.000010	0.000010	LD_0.9_7_1884
NIC1562	0.000010	0.999940	0.000010	0.000010	0.000010	0.000010	0.000010	LD_0.9_7_1884
NIC1589	0.000010	0.000010	0.000010	0.000017	0.999933	0.000010	0.000010	LD_0.9_7_1884
NIC1590	0.000010	0.999938	0.000010	0.000010	0.000012	0.000010	0.000010	LD_0.9_7_1884
NIC1591	0.000010	0.000010	0.000010	0.000010	0.999940	0.000010	0.000010	LD_0.9_7_1884
NIC1593	0.000010	0.000010	0.000010	0.000010	0.999940	0.000010	0.000010	LD_0.9_7_1884
NIC1595	0.000010	0.999940	0.000010	0.000010	0.000010	0.000010	0.000010	LD_0.9_7_1884
NIC1598	0.000010	0.990181	0.000010	0.009769	0.000010	0.000010	0.000010	LD_0.9_7_1884
NIC1602	0.000010	0.999940	0.000010	0.000010	0.000010	0.000010	0.000010	LD_0.9_7_1884
NIC1607	0.000010	0.258709	0.000012	0.119721	0.056639	0.000010	0.564898	LD_0.9_7_1884
NIC1628	0.000010	0.000010	0.000010	0.999940	0.000010	0.000010	0.000010	LD_0.9_7_1884
NIC1630	0.000010	0.999940	0.000010	0.000010	0.000010	0.000010	0.000010	LD_0.9_7_1884
NIC1631	0.000010	0.999940	0.000010	0.000010	0.000010	0.000010	0.000010	LD_0.9_7_1884
NIC1632	0.000010	0.000010	0.000010	0.000010	0.000010	0.000010	0.999940	LD_0.9_7_1884
NIC1633	0.000010	0.000010	0.000010	0.000010	0.000010	0.000010	0.999940	LD_0.9_7_1884
NIC1635	0.000010	0.000010	0.000010	0.000010	0.000010	0.000010	0.999940	LD_0.9_7_1884
NIC1645	0.000010	0.999940	0.000010	0.000010	0.000010	0.000010	0.000010	LD_0.9_7_1884
NIC1660	0.000010	0.999936	0.000010	0.000012	0.000012	0.000010	0.000010	LD_0.9_7_1884
NIC1661	0.000010	0.999940	0.000010	0.000010	0.000010	0.000010	0.000010	LD_0.9_7_1884
NIC1662	0.000010	0.999940	0.000010	0.000010	0.000010	0.000010	0.000010	LD_0.9_7_1884
NIC1663	0.000010	0.999940	0.000010	0.000010	0.000010	0.000010	0.000010	LD_0.9_7_1884
NIC1664	0.000010	0.000010	0.000010	0.000010	0.999940	0.000010	0.000010	LD_0.9_7_1884
NIC1665	0.000010	0.000010	0.000010	0.000010	0.999940	0.000010	0.000010	LD_0.9_7_1884
NIC1666	0.000010	0.999940	0.000010	0.000010	0.000010	0.000010	0.000010	LD_0.9_7_1884
NIC1667	0.000010	0.999934	0.000010	0.000010	0.000016	0.000010	0.000010	LD_0.9_7_1884
NIC1681	0.000010	0.999934	0.000010	0.000010	0.000012	0.000014	0.000010	LD_0.9_7_1884
NIC1688	0.000010	0.000010	0.000010	0.999940	0.000010	0.000010	0.000010	LD_0.9_7_1884
NIC1692	0.000010	0.999940	0.000010	0.000010	0.000010	0.000010	0.000010	LD_0.9_7_1884
NIC1693	0.000010	0.999940	0.000010	0.000010	0.000010	0.000010	0.000010	LD_0.9_7_1884
NIC17	0.000010	0.000010	0.000010	0.999940	0.000010	0.000010	0.000010	LD_0.9_7_1884
NIC174	0.000010	0.000010	0.000010	0.000010	0.000010	0.000010	0.999940	LD_0.9_7_1884
NIC187	0.000010	0.000010	0.000012	0.999938	0.000010	0.000010	0.000010	LD_0.9_7_1884
NIC188	0.000010	0.000010	0.000010	0.999940	0.000010	0.000010	0.000010	LD_0.9_7_1884
NIC19	0.000010	0.000010	0.000010	0.000010	0.999940	0.000010	0.000010	LD_0.9_7_1884
NIC191	0.000010	0.000010	0.000016	0.999934	0.000010	0.000010	0.000010	LD_0.9_7_1884
NIC20	0.000010	0.000010	0.000010	0.000010	0.999940	0.000010	0.000010	LD_0.9_7_1884
NIC21	0.000010	0.000010	0.000010	0.000010	0.999940	0.000010	0.000010	LD_0.9_7_1884
NIC22	0.000010	0.000010	0.000010	0.000010	0.999940	0.000010	0.000010	LD_0.9_7_1884
NIC2369	0.000010	0.000010	0.272215	0.727735	0.000010	0.000010	0.000010	LD_0.9_7_1884
NIC248	0.000018	0.000010	0.000010	0.999932	0.000010	0.000010	0.000010	LD_0.9_7_1884
NIC250	0.000010	0.000010	0.000011	0.999939	0.000010	0.000010	0.000010	LD_0.9_7_1884
NIC2527	0.000010	0.000010	0.000010	0.999940	0.000010	0.000010	0.000010	LD_0.9_7_1884
NIC309	0.242184	0.000010	0.000010	0.757766	0.000010	0.000010	0.000010	LD_0.9_7_1884
NIC325	0.251662	0.000010	0.000010	0.748288	0.000010	0.000010	0.000010	LD_0.9_7_1884
NIC327	0.612370	0.000010	0.000010	0.387580	0.000010	0.000010	0.000010	LD_0.9_7_1884
NIC329	0.483629	0.000010	0.000010	0.516321	0.000010	0.000010	0.000010	LD_0.9_7_1884
NIC330	0.459947	0.000010	0.000010	0.540003	0.000010	0.000010	0.000010	LD_0.9_7_1884
NIC331	0.421120	0.000010	0.000010	0.578830	0.000010	0.000010	0.000010	LD_0.9_7_1884
NIC332	0.522455	0.000010	0.000010	0.477495	0.000010	0.000010	0.000010	LD_0.9_7_1884
NIC333	0.494256	0.000010	0.000010	0.505694	0.000010	0.000010	0.000010	LD_0.9_7_1884
NIC343	0.000010	0.000010	0.000010	0.999940	0.000010	0.000010	0.000010	LD_0.9_7_1884
NIC392	0.127777	0.000011	0.000010	0.872172	0.000010	0.000010	0.000010	LD_0.9_7_1884
NIC400	0.519122	0.000010	0.000010	0.480827	0.000010	0.000010	0.000010	LD_0.9_7_1884
NIC402	0.520294	0.000010	0.000010	0.479656	0.000010	0.000010	0.000010	LD_0.9_7_1884
NIC419	0.000010	0.000010	0.256525	0.743425	0.000010	0.000010	0.000010	LD_0.9_7_1884
NIC504	0.000010	0.999940	0.000010	0.000010	0.000010	0.000010	0.000010	LD_0.9_7_1884
NIC505	0.000010	0.999940	0.000010	0.000010	0.000010	0.000010	0.000010	LD_0.9_7_1884
NIC518	0.000010	0.999940	0.000010	0.000010	0.000010	0.000010	0.000010	LD_0.9_7_1884
NIC519	0.000010	0.999940	0.000010	0.000010	0.000010	0.000010	0.000010	LD_0.9_7_1884
NIC532	0.000010	0.000010	0.000010	0.999940	0.000010	0.000010	0.000010	LD_0.9_7_1884
NIC541	0.621679	0.000010	0.000010	0.378271	0.000010	0.000010	0.000010	LD_0.9_7_1884
NIC549	0.000010	0.000010	0.000010	0.999940	0.000010	0.000010	0.000010	LD_0.9_7_1884
NIC552	0.039997	0.000010	0.000015	0.959948	0.000010	0.000010	0.000010	LD_0.9_7_1884
NIC555	0.162774	0.000010	0.000010	0.837176	0.000010	0.000010	0.000010	LD_0.9_7_1884
NIC574	0.008088	0.000010	0.000010	0.991858	0.000015	0.000010	0.000010	LD_0.9_7_1884
NIC578	0.000010	0.000010	0.000010	0.999940	0.000010	0.000010	0.000010	LD_0.9_7_1884
NIC583	0.114513	0.000010	0.000018	0.885428	0.000010	0.000010	0.000010	LD_0.9_7_1884
NIC590	0.260809	0.000010	0.000010	0.739141	0.000010	0.000010	0.000010	LD_0.9_7_1884
NIC593	0.000010	0.000010	0.000010	0.999940	0.000010	0.000010	0.000010	LD_0.9_7_1884
NIC60	0.173312	0.000010	0.000010	0.826638	0.000010	0.000010	0.000010	LD_0.9_7_1884
NIC61	0.015582	0.000010	0.000010	0.984368	0.000010	0.000010	0.000010	LD_0.9_7_1884
NIC62	0.091824	0.000010	0.000010	0.908126	0.000010	0.000010	0.000010	LD_0.9_7_1884
NIC67	0.000010	0.000010	0.310126	0.689824	0.000010	0.000010	0.000010	LD_0.9_7_1884
NIC758	0.234774	0.000010	0.000010	0.765176	0.000010	0.000010	0.000010	LD_0.9_7_1884
NIC777	0.178653	0.000010	0.000010	0.821297	0.000010	0.000010	0.000010	LD_0.9_7_1884
NIC779	0.000010	0.999940	0.000010	0.000010	0.000010	0.000010	0.000010	LD_0.9_7_1884
NIC790	0.000010	0.000010	0.000010	0.999940	0.000010	0.000010	0.000010	LD_0.9_7_1884
NIC791	0.907072	0.000010	0.000010	0.092878	0.000010	0.000010	0.000010	LD_0.9_7_1884
NIC792	0.330628	0.000010	0.000010	0.669322	0.000010	0.000010	0.000010	LD_0.9_7_1884
NIC793	0.000010	0.000010	0.000010	0.999940	0.000010	0.000010	0.000010	LD_0.9_7_1884
NIC795	0.000010	0.000010	0.000010	0.999940	0.000010	0.000010	0.000010	LD_0.9_7_1884
NIC796	0.000010	0.000010	0.000010	0.991688	0.008262	0.000010	0.000010	LD_0.9_7_1884
NIC802	0.000010	0.000010	0.000010	0.999940	0.000010	0.000010	0.000010	LD_0.9_7_1884
NIC803	0.000011	0.000010	0.000010	0.999939	0.000010	0.000010	0.000010	LD_0.9_7_1884
NIC805	0.000010	0.999931	0.000010	0.000019	0.000010	0.000010	0.000010	LD_0.9_7_1884
NIC811	0.000010	0.000010	0.000010	0.999940	0.000010	0.000010	0.000010	LD_0.9_7_1884
NIC814	0.000010	0.999937	0.000010	0.000011	0.000013	0.000010	0.000010	LD_0.9_7_1884
NIC815	0.000010	0.999938	0.000010	0.000010	0.000012	0.000010	0.000010	LD_0.9_7_1884
NIC816	0.000010	0.000010	0.000010	0.000010	0.999940	0.000010	0.000010	LD_0.9_7_1884
NIC819	0.000010	0.237113	0.000010	0.131518	0.085823	0.000010	0.545517	LD_0.9_7_1884
NIC821	0.000010	0.000010	0.000010	0.999940	0.000010	0.000010	0.000010	LD_0.9_7_1884
NIC822	0.000010	0.999940	0.000010	0.000010	0.000010	0.000010	0.000010	LD_0.9_7_1884
NIC824	0.000010	0.999940	0.000010	0.000010	0.000010	0.000010	0.000010	LD_0.9_7_1884
NIC825	0.000010	0.000010	0.000010	0.000010	0.999940	0.000010	0.000010	LD_0.9_7_1884
NIC827	0.000010	0.000010	0.000010	0.000010	0.999940	0.000010	0.000010	LD_0.9_7_1884
NIC828	0.000010	0.000010	0.000010	0.000010	0.999940	0.000010	0.000010	LD_0.9_7_1884
NIC863	0.000010	0.999940	0.000010	0.000010	0.000010	0.000010	0.000010	LD_0.9_7_1884
NIC864	0.000010	0.999940	0.000010	0.000010	0.000010	0.000010	0.000010	LD_0.9_7_1884
NIC865	0.000010	0.999940	0.000010	0.000010	0.000010	0.000010	0.000010	LD_0.9_7_1884
NIC871	0.000010	0.000010	0.000018	0.999925	0.000017	0.000010	0.000010	LD_0.9_7_1884
NIC883	0.000010	0.000010	0.000010	0.999940	0.000010	0.000010	0.000010	LD_0.9_7_1884
NIC889	0.000010	0.999940	0.000010	0.000010	0.000010	0.000010	0.000010	LD_0.9_7_1884
NIC893	0.000010	0.209895	0.000010	0.160274	0.063917	0.000010	0.565884	LD_0.9_7_1884
NIC897	0.000010	0.999940	0.000010	0.000010	0.000010	0.000010	0.000010	LD_0.9_7_1884
NIC899	0.000010	0.000010	0.000010	0.000010	0.000010	0.000010	0.999940	LD_0.9_7_1884
NIC901	0.000010	0.000010	0.000010	0.999940	0.000010	0.000010	0.000010	LD_0.9_7_1884
NIC911	0.000010	0.000011	0.000010	0.999939	0.000010	0.000010	0.000010	LD_0.9_7_1884
NIC96	0.456322	0.000010	0.000010	0.543628	0.000010	0.000010	0.000010	LD_0.9_7_1884
NIC984	0.000014	0.000011	0.000010	0.999931	0.000015	0.000010	0.000010	LD_0.9_7_1884
NIC985	0.000010	0.000010	0.035307	0.964643	0.000010	0.000010	0.000010	LD_0.9_7_1884
PB800	0.000010	0.000010	0.000010	0.000010	0.000010	0.000010	0.999940	LD_0.9_7_1884
PB857	0.000010	0.000010	0.000010	0.000010	0.000010	0.000010	0.999940	LD_0.9_7_1884
PE887	0.000010	0.000010	0.000010	0.999940	0.000010	0.000010	0.000010	LD_0.9_7_1884
QG1005	0.987279	0.000017	0.000010	0.012664	0.000010	0.000010	0.000010	LD_0.9_7_1884
QG1007	0.999940	0.000010	0.000010	0.000010	0.000010	0.000010	0.000010	LD_0.9_7_1884
QG1111	0.999940	0.000010	0.000010	0.000010	0.000010	0.000010	0.000010	LD_0.9_7_1884
QG1126	0.999940	0.000010	0.000010	0.000010	0.000010	0.000010	0.000010	LD_0.9_7_1884
QG1141	0.999940	0.000010	0.000010	0.000010	0.000010	0.000010	0.000010	LD_0.9_7_1884
QG1155	0.999940	0.000010	0.000010	0.000010	0.000010	0.000010	0.000010	LD_0.9_7_1884
QG130	0.000010	0.000010	0.000010	0.999940	0.000010	0.000010	0.000010	LD_0.9_7_1884
QG132	0.000010	0.000010	0.000010	0.999940	0.000010	0.000010	0.000010	LD_0.9_7_1884
QG133	0.000010	0.979023	0.000010	0.020926	0.000011	0.000010	0.000010	LD_0.9_7_1884
QG2641	0.999940	0.000010	0.000010	0.000010	0.000010	0.000010	0.000010	LD_0.9_7_1884
QG2648	0.999940	0.000010	0.000010	0.000010	0.000010	0.000010	0.000010	LD_0.9_7_1884
QG2659	0.999940	0.000010	0.000010	0.000010	0.000010	0.000010	0.000010	LD_0.9_7_1884
QG2663	0.999940	0.000010	0.000010	0.000010	0.000010	0.000010	0.000010	LD_0.9_7_1884
QG2665	0.999940	0.000010	0.000010	0.000010	0.000010	0.000010	0.000010	LD_0.9_7_1884
QG2683	0.999940	0.000010	0.000010	0.000010	0.000010	0.000010	0.000010	LD_0.9_7_1884
QG2736	0.999940	0.000010	0.000010	0.000010	0.000010	0.000010	0.000010	LD_0.9_7_1884
QG2814	0.000010	0.000010	0.000019	0.999931	0.000010	0.000010	0.000010	LD_0.9_7_1884
QG2820	0.000010	0.000010	0.000010	0.999940	0.000010	0.000010	0.000010	LD_0.9_7_1884
QG2848	0.000010	0.000010	0.000010	0.999940	0.000010	0.000010	0.000010	LD_0.9_7_1884
QG2880	0.999940	0.000010	0.000010	0.000010	0.000010	0.000010	0.000010	LD_0.9_7_1884
QG2881	0.000010	0.000010	0.000010	0.999940	0.000010	0.000010	0.000010	LD_0.9_7_1884
QG2883	0.000010	0.000010	0.000010	0.999940	0.000010	0.000010	0.000010	LD_0.9_7_1884
QG2884	0.999940	0.000010	0.000010	0.000010	0.000010	0.000010	0.000010	LD_0.9_7_1884
QG2891	0.000010	0.000013	0.000010	0.000010	0.000010	0.999937	0.000010	LD_0.9_7_1884
QG2892	0.999940	0.000010	0.000010	0.000010	0.000010	0.000010	0.000010	LD_0.9_7_1884
QG2893	0.000010	0.000010	0.000010	0.000010	0.000010	0.999940	0.000010	LD_0.9_7_1884
QG2895	0.999940	0.000010	0.000010	0.000010	0.000010	0.000010	0.000010	LD_0.9_7_1884
QG2902	0.999940	0.000010	0.000010	0.000010	0.000010	0.000010	0.000010	LD_0.9_7_1884
QG2903	0.999932	0.000018	0.000010	0.000010	0.000010	0.000010	0.000010	LD_0.9_7_1884
QG2906	0.999940	0.000010	0.000010	0.000010	0.000010	0.000010	0.000010	LD_0.9_7_1884
QG2908	0.000010	0.000010	0.000010	0.000010	0.000010	0.999940	0.000010	LD_0.9_7_1884
QG2910	0.000010	0.000010	0.000012	0.999938	0.000010	0.000010	0.000010	LD_0.9_7_1884
QG2919	0.000010	0.000010	0.000010	0.000010	0.000010	0.999940	0.000010	LD_0.9_7_1884
QG2923	0.999940	0.000010	0.000010	0.000010	0.000010	0.000010	0.000010	LD_0.9_7_1884
QG2925	0.999940	0.000010	0.000010	0.000010	0.000010	0.000010	0.000010	LD_0.9_7_1884
QG2964	0.999940	0.000010	0.000010	0.000010	0.000010	0.000010	0.000010	LD_0.9_7_1884
QG2966	0.606661	0.000010	0.000010	0.393289	0.000010	0.000010	0.000010	LD_0.9_7_1884
QG2969	0.999940	0.000010	0.000010	0.000010	0.000010	0.000010	0.000010	LD_0.9_7_1884
QG2972	0.999940	0.000010	0.000010	0.000010	0.000010	0.000010	0.000010	LD_0.9_7_1884
QG2996	0.999940	0.000010	0.000010	0.000010	0.000010	0.000010	0.000010	LD_0.9_7_1884
QG3004	0.824641	0.000010	0.000010	0.175309	0.000010	0.000010	0.000010	LD_0.9_7_1884
QG3006	0.999940	0.000010	0.000010	0.000010	0.000010	0.000010	0.000010	LD_0.9_7_1884
QG3019	0.927830	0.000010	0.000010	0.072120	0.000010	0.000010	0.000010	LD_0.9_7_1884
QG3025	0.999940	0.000010	0.000010	0.000010	0.000010	0.000010	0.000010	LD_0.9_7_1884
QG3030	0.999940	0.000010	0.000010	0.000010	0.000010	0.000010	0.000010	LD_0.9_7_1884
QG3032	0.804541	0.000010	0.000010	0.195409	0.000010	0.000010	0.000010	LD_0.9_7_1884
QG3034	0.999940	0.000010	0.000010	0.000010	0.000010	0.000010	0.000010	LD_0.9_7_1884
QG3041	0.999940	0.000010	0.000010	0.000010	0.000010	0.000010	0.000010	LD_0.9_7_1884
QG3053	0.000010	0.000010	0.000010	0.999940	0.000010	0.000010	0.000010	LD_0.9_7_1884
QG3056	0.602934	0.000010	0.000010	0.397016	0.000010	0.000010	0.000010	LD_0.9_7_1884
QG3057	0.999940	0.000010	0.000010	0.000010	0.000010	0.000010	0.000010	LD_0.9_7_1884
QG3058	0.953803	0.000010	0.000010	0.046147	0.000010	0.000010	0.000010	LD_0.9_7_1884
QG3527	0.154506	0.000010	0.000010	0.845444	0.000010	0.000010	0.000010	LD_0.9_7_1884
QG3661	0.000010	0.000010	0.000018	0.000010	0.000010	0.000010	0.999932	LD_0.9_7_1884
QG3783	0.113431	0.000010	0.000010	0.886519	0.000010	0.000010	0.000010	LD_0.9_7_1884
QG3801	0.967993	0.000010	0.000010	0.031957	0.000010	0.000010	0.000010	LD_0.9_7_1884
QG3815	0.116006	0.000010	0.000010	0.883944	0.000010	0.000010	0.000010	LD_0.9_7_1884
QG3816	0.096489	0.000010	0.000013	0.903458	0.000010	0.000010	0.000010	LD_0.9_7_1884
QG3823	0.966350	0.000010	0.000010	0.033600	0.000010	0.000010	0.000010	LD_0.9_7_1884
QG3825	0.036186	0.000010	0.000019	0.963755	0.000010	0.000010	0.000010	LD_0.9_7_1884
QG3826	0.118994	0.000010	0.000014	0.880952	0.000010	0.000010	0.000010	LD_0.9_7_1884
QG3837	0.017670	0.000010	0.000010	0.982280	0.000010	0.000010	0.000010	LD_0.9_7_1884
QG3851	0.130389	0.000010	0.000010	0.869561	0.000010	0.000010	0.000010	LD_0.9_7_1884
QG3861	0.100579	0.000010	0.000010	0.899371	0.000010	0.000010	0.000010	LD_0.9_7_1884
QG3867	0.931431	0.000010	0.000010	0.068519	0.000010	0.000010	0.000010	LD_0.9_7_1884
QG3874	0.039969	0.000010	0.000014	0.959977	0.000010	0.000010	0.000010	LD_0.9_7_1884
QG3875	0.089575	0.000010	0.000010	0.910375	0.000010	0.000010	0.000010	LD_0.9_7_1884
QG3876	0.126729	0.000010	0.000010	0.873221	0.000010	0.000010	0.000010	LD_0.9_7_1884
QG3878	0.094823	0.000010	0.000010	0.905127	0.000010	0.000010	0.000010	LD_0.9_7_1884
QG3920	0.156139	0.000010	0.000010	0.843811	0.000010	0.000010	0.000010	LD_0.9_7_1884
QG3921	0.140576	0.000010	0.000010	0.859374	0.000010	0.000010	0.000010	LD_0.9_7_1884
QG3923	0.061510	0.000010	0.000010	0.938440	0.000010	0.000010	0.000010	LD_0.9_7_1884
QG3924	0.233499	0.000012	0.000010	0.766447	0.000012	0.000010	0.000010	LD_0.9_7_1884
QG3925	0.147337	0.000010	0.000010	0.852613	0.000010	0.000010	0.000010	LD_0.9_7_1884
QG3926	0.122949	0.000010	0.000011	0.877000	0.000010	0.000010	0.000010	LD_0.9_7_1884
QG3927	0.131429	0.000010	0.000010	0.868521	0.000010	0.000010	0.000010	LD_0.9_7_1884
QG3931	0.255063	0.000010	0.000010	0.744887	0.000010	0.000010	0.000010	LD_0.9_7_1884
QG3932	0.138251	0.000010	0.000010	0.861699	0.000010	0.000010	0.000010	LD_0.9_7_1884
QG3933	0.000010	0.000010	0.000010	0.999940	0.000010	0.000010	0.000010	LD_0.9_7_1884
QG4026	0.000011	0.000010	0.000010	0.000010	0.000010	0.999939	0.000010	LD_0.9_7_1884
QG4028	0.000010	0.000010	0.000010	0.000010	0.000010	0.999940	0.000010	LD_0.9_7_1884
QG4031	0.000011	0.000010	0.000010	0.000010	0.000010	0.999939	0.000010	LD_0.9_7_1884
QG4063	0.000010	0.000010	0.000010	0.000010	0.000010	0.999940	0.000010	LD_0.9_7_1884
QG4064	0.000010	0.000010	0.000010	0.000010	0.000010	0.999940	0.000010	LD_0.9_7_1884
QG4067	0.000010	0.000010	0.000010	0.000010	0.000010	0.999940	0.000010	LD_0.9_7_1884
QG4068	0.000010	0.000010	0.000010	0.000010	0.000010	0.999940	0.000010	LD_0.9_7_1884
QG4070	0.000010	0.000010	0.000010	0.999940	0.000010	0.000010	0.000010	LD_0.9_7_1884
QG4093	0.000010	0.000010	0.000010	0.000010	0.000010	0.999940	0.000010	LD_0.9_7_1884
QG4094	0.000010	0.000010	0.000010	0.000010	0.000010	0.999940	0.000010	LD_0.9_7_1884
QG4095	0.000010	0.000010	0.000010	0.000010	0.000010	0.999940	0.000010	LD_0.9_7_1884
QG4096	0.000010	0.000010	0.000010	0.000010	0.000010	0.999940	0.000010	LD_0.9_7_1884
QG4097	0.000010	0.000010	0.000010	0.000010	0.000010	0.999940	0.000010	LD_0.9_7_1884
QG4104	0.000010	0.000010	0.000010	0.000010	0.000010	0.999940	0.000010	LD_0.9_7_1884
QG4114	0.000010	0.000010	0.000010	0.000010	0.000010	0.999940	0.000010	LD_0.9_7_1884
QG4131	0.000010	0.000010	0.000010	0.000010	0.000010	0.999940	0.000010	LD_0.9_7_1884
QG4132	0.000014	0.000010	0.000010	0.000010	0.000010	0.999936	0.000010	LD_0.9_7_1884
QG4208	0.000010	0.000010	0.000010	0.000010	0.000010	0.999940	0.000010	LD_0.9_7_1884
QG4214	0.000010	0.000010	0.000010	0.000010	0.000010	0.999940	0.000010	LD_0.9_7_1884
QG4225	0.000010	0.000010	0.000010	0.000010	0.000010	0.999940	0.000010	LD_0.9_7_1884
QG4232	0.000014	0.000020	0.000010	0.000012	0.000010	0.999923	0.000010	LD_0.9_7_1884
QG4233	0.000011	0.000019	0.000010	0.000010	0.000010	0.999930	0.000010	LD_0.9_7_1884
QG4647	0.935658	0.000010	0.000010	0.064292	0.000010	0.000010	0.000010	LD_0.9_7_1884
QG4648	0.000010	0.000010	0.000010	0.999940	0.000010	0.000010	0.000010	LD_0.9_7_1884
QG4683	0.000010	0.000010	0.000010	0.999940	0.000010	0.000010	0.000010	LD_0.9_7_1884
QG4701	0.582211	0.000010	0.000010	0.417738	0.000011	0.000010	0.000010	LD_0.9_7_1884
QG4706	0.000019	0.000010	0.000010	0.999931	0.000010	0.000010	0.000010	LD_0.9_7_1884
QG4718	0.000010	0.000010	0.000010	0.999940	0.000010	0.000010	0.000010	LD_0.9_7_1884
QG4742	0.000010	0.000010	0.000010	0.999936	0.000014	0.000010	0.000010	LD_0.9_7_1884
QG4805	0.930190	0.000010	0.000010	0.069760	0.000010	0.000010	0.000010	LD_0.9_7_1884
QG4847	0.000010	0.000010	0.000010	0.999940	0.000010	0.000010	0.000010	LD_0.9_7_1884
QG4966	0.000010	0.000010	0.000010	0.999940	0.000010	0.000010	0.000010	LD_0.9_7_1884
QG5348	0.000010	0.000010	0.000010	0.999940	0.000010	0.000010	0.000010	LD_0.9_7_1884
QG5406	0.000010	0.000010	0.000010	0.999940	0.000010	0.000010	0.000010	LD_0.9_7_1884
QG547	0.000010	0.000010	0.000010	0.000010	0.000010	0.000010	0.999940	LD_0.9_7_1884
QG5474	0.629608	0.000010	0.000010	0.370342	0.000010	0.000010	0.000010	LD_0.9_7_1884
QG5488	0.000010	0.000010	0.000010	0.999940	0.000010	0.000010	0.000010	LD_0.9_7_1884
QG550	0.062922	0.000010	0.033070	0.903968	0.000010	0.000010	0.000010	LD_0.9_7_1884
QG5507	0.199223	0.000010	0.000010	0.800727	0.000010	0.000010	0.000010	LD_0.9_7_1884
QG5525	0.000013	0.000010	0.000010	0.999937	0.000010	0.000010	0.000010	LD_0.9_7_1884
QG5589	0.812794	0.000010	0.000010	0.187156	0.000010	0.000010	0.000010	LD_0.9_7_1884
QG5603	0.656165	0.000010	0.000010	0.343785	0.000010	0.000010	0.000010	LD_0.9_7_1884
QG5611	0.000010	0.000010	0.000010	0.999940	0.000010	0.000010	0.000010	LD_0.9_7_1884
QG5612	0.004994	0.000010	0.000010	0.994956	0.000010	0.000010	0.000010	LD_0.9_7_1884
QG5633	0.002251	0.000010	0.000014	0.997695	0.000010	0.000010	0.000010	LD_0.9_7_1884
QG581	0.000010	0.000010	0.000010	0.000010	0.000010	0.000010	0.999940	LD_0.9_7_1884
QG588	0.000010	0.000010	0.000010	0.000010	0.000010	0.000010	0.999940	LD_0.9_7_1884
QG700	0.858034	0.000010	0.000010	0.141916	0.000010	0.000010	0.000010	LD_0.9_7_1884
QG727	0.999940	0.000010	0.000010	0.000010	0.000010	0.000010	0.000010	LD_0.9_7_1884
QG733	0.999940	0.000010	0.000010	0.000010	0.000010	0.000010	0.000010	LD_0.9_7_1884
QG736	0.999940	0.000010	0.000010	0.000010	0.000010	0.000010	0.000010	LD_0.9_7_1884
QG737	0.999940	0.000010	0.000010	0.000010	0.000010	0.000010	0.000010	LD_0.9_7_1884
QG739	0.999940	0.000010	0.000010	0.000010	0.000010	0.000010	0.000010	LD_0.9_7_1884
QG761	0.777021	0.000010	0.000010	0.222929	0.000010	0.000010	0.000010	LD_0.9_7_1884
QG763	0.958607	0.000010	0.000010	0.041343	0.000010	0.000010	0.000010	LD_0.9_7_1884
QG776	0.999940	0.000010	0.000010	0.000010	0.000010	0.000010	0.000010	LD_0.9_7_1884
QG781	0.999940	0.000010	0.000010	0.000010	0.000010	0.000010	0.000010	LD_0.9_7_1884
QG784	0.999940	0.000010	0.000010	0.000010	0.000010	0.000010	0.000010	LD_0.9_7_1884
QG786	0.999940	0.000010	0.000010	0.000010	0.000010	0.000010	0.000010	LD_0.9_7_1884
QG788	0.999940	0.000010	0.000010	0.000010	0.000010	0.000010	0.000010	LD_0.9_7_1884
QG790	0.999939	0.000010	0.000010	0.000011	0.000010	0.000010	0.000010	LD_0.9_7_1884
QG791	0.957561	0.000010	0.000010	0.042389	0.000010	0.000010	0.000010	LD_0.9_7_1884
QG795	0.732899	0.000010	0.000010	0.267051	0.000010	0.000010	0.000010	LD_0.9_7_1884
QG797	0.999940	0.000010	0.000010	0.000010	0.000010	0.000010	0.000010	LD_0.9_7_1884
QG802	0.985036	0.000010	0.000010	0.014914	0.000010	0.000010	0.000010	LD_0.9_7_1884
QG804	0.999940	0.000010	0.000010	0.000010	0.000010	0.000010	0.000010	LD_0.9_7_1884
QG806	0.999933	0.000010	0.000010	0.000017	0.000010	0.000010	0.000010	LD_0.9_7_1884
QG807	0.999940	0.000010	0.000010	0.000010	0.000010	0.000010	0.000010	LD_0.9_7_1884
QG808	0.974925	0.000010	0.000010	0.025021	0.000010	0.000013	0.000010	LD_0.9_7_1884
QG809	0.999940	0.000010	0.000010	0.000010	0.000010	0.000010	0.000010	LD_0.9_7_1884
QG825	0.999940	0.000010	0.000010	0.000010	0.000010	0.000010	0.000010	LD_0.9_7_1884
QG827	0.999940	0.000010	0.000010	0.000010	0.000010	0.000010	0.000010	LD_0.9_7_1884
QG828	0.999939	0.000010	0.000010	0.000011	0.000010	0.000010	0.000010	LD_0.9_7_1884
QG833	0.967806	0.000010	0.000010	0.032144	0.000010	0.000010	0.000010	LD_0.9_7_1884
QG855	0.987742	0.000010	0.000010	0.012208	0.000010	0.000010	0.000010	LD_0.9_7_1884
QG856	0.999940	0.000010	0.000010	0.000010	0.000010	0.000010	0.000010	LD_0.9_7_1884
QG858	0.999940	0.000010	0.000010	0.000010	0.000010	0.000010	0.000010	LD_0.9_7_1884
QG860	0.807256	0.000010	0.000010	0.192694	0.000010	0.000010	0.000010	LD_0.9_7_1884
QG864	0.999940	0.000010	0.000010	0.000010	0.000010	0.000010	0.000010	LD_0.9_7_1884
QG865	0.999940	0.000010	0.000010	0.000010	0.000010	0.000010	0.000010	LD_0.9_7_1884
QG866	0.999940	0.000010	0.000010	0.000010	0.000010	0.000010	0.000010	LD_0.9_7_1884
QG868	0.967064	0.000010	0.000010	0.032886	0.000010	0.000010	0.000010	LD_0.9_7_1884
QG874	0.999940	0.000010	0.000010	0.000010	0.000010	0.000010	0.000010	LD_0.9_7_1884
QG875	0.999940	0.000010	0.000010	0.000010	0.000010	0.000010	0.000010	LD_0.9_7_1884
QG878	0.999940	0.000010	0.000010	0.000010	0.000010	0.000010	0.000010	LD_0.9_7_1884
QG879	0.999940	0.000010	0.000010	0.000010	0.000010	0.000010	0.000010	LD_0.9_7_1884
QG880	0.999940	0.000010	0.000010	0.000010	0.000010	0.000010	0.000010	LD_0.9_7_1884
QG881	0.770038	0.000010	0.000010	0.229912	0.000010	0.000010	0.000010	LD_0.9_7_1884
QG887	0.999940	0.000010	0.000010	0.000010	0.000010	0.000010	0.000010	LD_0.9_7_1884
QG888	0.999940	0.000010	0.000010	0.000010	0.000010	0.000010	0.000010	LD_0.9_7_1884
QG926	0.999940	0.000010	0.000010	0.000010	0.000010	0.000010	0.000010	LD_0.9_7_1884
QG927	0.056152	0.000010	0.000010	0.943798	0.000010	0.000010	0.000010	LD_0.9_7_1884
QG933	0.999940	0.000010	0.000010	0.000010	0.000010	0.000010	0.000010	LD_0.9_7_1884
QG937	0.999940	0.000010	0.000010	0.000010	0.000010	0.000010	0.000010	LD_0.9_7_1884
QG945	0.999935	0.000010	0.000010	0.000015	0.000010	0.000010	0.000010	LD_0.9_7_1884
QG946	0.999938	0.000010	0.000010	0.000012	0.000010	0.000010	0.000010	LD_0.9_7_1884
QG947	0.999940	0.000010	0.000010	0.000010	0.000010	0.000010	0.000010	LD_0.9_7_1884
QG948	0.999940	0.000010	0.000010	0.000010	0.000010	0.000010	0.000010	LD_0.9_7_1884
QG952	0.902332	0.000010	0.000010	0.097618	0.000010	0.000010	0.000010	LD_0.9_7_1884
QG978	0.890027	0.000010	0.000010	0.109923	0.000010	0.000010	0.000010	LD_0.9_7_1884
QG980	0.999940	0.000010	0.000010	0.000010	0.000010	0.000010	0.000010	LD_0.9_7_1884
QG986	0.959151	0.000010	0.000010	0.040799	0.000010	0.000010	0.000010	LD_0.9_7_1884
QG991	0.999940	0.000010	0.000010	0.000010	0.000010	0.000010	0.000010	LD_0.9_7_1884
QG994	0.999940	0.000010	0.000010	0.000010	0.000010	0.000010	0.000010	LD_0.9_7_1884
QG995	0.999940	0.000010	0.000010	0.000010	0.000010	0.000010	0.000010	LD_0.9_7_1884
QG997	0.999940	0.000010	0.000010	0.000010	0.000010	0.000010	0.000010	LD_0.9_7_1884
QG998	0.999940	0.000010	0.000010	0.000010	0.000010	0.000010	0.000010	LD_0.9_7_1884
QR25	0.000010	0.000010	0.691930	0.000010	0.038277	0.000010	0.269752	LD_0.9_7_1884
QX1410	0.000010	0.000010	0.069453	0.930496	0.000010	0.000010	0.000010	LD_0.9_7_1884
QX1547	0.000010	0.000010	0.000010	0.000010	0.000010	0.000010	0.999940	LD_0.9_7_1884
QX1795	0.000010	0.000010	0.000010	0.999940	0.000010	0.000010	0.000010	LD_0.9_7_1884
QX1796	0.000010	0.000010	0.000010	0.999940	0.000010	0.000010	0.000010	LD_0.9_7_1884
QX1798	0.000010	0.999940	0.000010	0.000010	0.000010	0.000010	0.000010	LD_0.9_7_1884
QX1800	0.000010	0.000010	0.000010	0.999940	0.000010	0.000010	0.000010	LD_0.9_7_1884
QX1801	0.000010	0.000011	0.000010	0.999939	0.000010	0.000010	0.000010	LD_0.9_7_1884
QX1802	0.000010	0.000010	0.000010	0.999940	0.000010	0.000010	0.000010	LD_0.9_7_1884
QX1803	0.000010	0.000010	0.000010	0.999940	0.000010	0.000010	0.000010	LD_0.9_7_1884
QX1804	0.000010	0.000010	0.000010	0.999940	0.000010	0.000010	0.000010	LD_0.9_7_1884
SOW18	0.000010	0.000010	0.000012	0.000010	0.000011	0.000010	0.999937	LD_0.9_7_1884
SOW21	0.000010	0.000010	0.000010	0.000010	0.000010	0.000010	0.999940	LD_0.9_7_1884
SOW22	0.000010	0.000010	0.000010	0.000010	0.000010	0.000010	0.999940	LD_0.9_7_1884
TT3408	0.000010	0.000010	0.000010	0.999940	0.000010	0.000010	0.000010	LD_0.9_7_1884
TT3411	0.000010	0.000010	0.000010	0.999940	0.000010	0.000010	0.000010	LD_0.9_7_1884
TWN1772	0.000010	0.999939	0.000010	0.000010	0.000011	0.000010	0.000010	LD_0.9_7_1884
TWN1824	0.000010	0.000010	0.000010	0.000010	0.999940	0.000010	0.000010	LD_0.9_7_1884
TWN1899	0.000010	0.000010	0.000010	0.000010	0.999940	0.000010	0.000010	LD_0.9_7_1884
TWN1907	0.000010	0.999940	0.000010	0.000010	0.000010	0.000010	0.000010	LD_0.9_7_1884
TWN2919	0.000010	0.999932	0.000010	0.000018	0.000010	0.000010	0.000010	LD_0.9_7_1884
TWN3077	0.000010	0.999940	0.000010	0.000010	0.000010	0.000010	0.000010	LD_0.9_7_1884
UH1	0.000010	0.999940	0.000010	0.000010	0.000010	0.000010	0.000010	LD_0.9_7_1884
VSL2201	0.000017	0.000010	0.200195	0.799748	0.000010	0.000010	0.000010	LD_0.9_7_1884
VSL2207	0.000010	0.000010	0.000010	0.000010	0.000010	0.999940	0.000010	LD_0.9_7_1884
VSL2209	0.000010	0.000010	0.000010	0.000010	0.000010	0.999940	0.000010	LD_0.9_7_1884
VSL2210	0.000010	0.000010	0.000010	0.999940	0.000010	0.000010	0.000010	LD_0.9_7_1884
VSL2212	0.000010	0.000010	0.000010	0.999940	0.000010	0.000010	0.000010	LD_0.9_7_1884
VSL2213	0.000010	0.000010	0.397195	0.602755	0.000010	0.000010	0.000010	LD_0.9_7_1884
VSL2215	0.004944	0.000010	0.299114	0.695902	0.000010	0.000010	0.000010	LD_0.9_7_1884
VSL2216	0.000010	0.000010	0.365140	0.634810	0.000010	0.000010	0.000010	LD_0.9_7_1884
VSL2217	0.754028	0.000010	0.218890	0.027041	0.000010	0.000010	0.000010	LD_0.9_7_1884
VSL2219	0.000010	0.000010	0.000010	0.999940	0.000010	0.000010	0.000010	LD_0.9_7_1884
VT847	0.000010	0.000010	0.000010	0.999940	0.000010	0.000010	0.000010	LD_0.9_7_1884
VX34	0.000010	0.000010	0.820084	0.000010	0.000010	0.000010	0.179866	LD_0.9_7_1884
XZ1204	0.000016	0.000010	0.107692	0.892253	0.000010	0.000010	0.000010	LD_0.9_7_1884
XZ1205	0.000010	0.000010	0.279533	0.720417	0.000010	0.000010	0.000010	LD_0.9_7_1884
XZ1206	0.000010	0.000010	0.278052	0.721898	0.000010	0.000010	0.000010	LD_0.9_7_1884
XZ1207	0.000010	0.000010	0.000010	0.999940	0.000010	0.000010	0.000010	LD_0.9_7_1884
XZ1210	0.000013	0.000010	0.000019	0.999921	0.000017	0.000010	0.000010	LD_0.9_7_1884
XZ1212	0.000010	0.000010	0.000010	0.999940	0.000010	0.000010	0.000010	LD_0.9_7_1884
XZ1213	0.000010	0.000010	0.000010	0.999940	0.000010	0.000010	0.000010	LD_0.9_7_1884
XZ1731	0.000010	0.000010	0.000010	0.999940	0.000010	0.000010	0.000010	LD_0.9_7_1884
XZ1732	0.000010	0.000010	0.000010	0.999940	0.000010	0.000010	0.000010	LD_0.9_7_1884
ZZY0992	0.992165	0.000011	0.000010	0.007784	0.000010	0.000010	0.000010	LD_0.9_7_1884
ZZY1034	0.000010	0.000010	0.000019	0.999931	0.000010	0.000010	0.000010	LD_0.9_7_1884
ZZY1075	0.000010	0.000010	0.000010	0.999940	0.000010	0.000010	0.000010	LD_0.9_7_1884
ZZY1123	0.967416	0.000010	0.000010	0.032534	0.000010	0.000010	0.000010	LD_0.9_7_1884
ZZY1130	0.000010	0.000010	0.000010	0.999940	0.000010	0.000010	0.000010	LD_0.9_7_1884
ZZY405	0.000010	0.000010	0.000010	0.999940	0.000010	0.000010	0.000010	LD_0.9_7_1884
