AF16	0.000010	0.000010	0.000010	0.000010	0.000015	0.999905	0.000010	0.000010	0.000010	0.000010	LD_0.9_10_1230
BRC20069	0.000010	0.000010	0.000012	0.000010	0.000010	0.999908	0.000010	0.000010	0.000010	0.000010	LD_0.9_10_1230
BRC20073	0.000010	0.000010	0.000010	0.000010	0.000010	0.999910	0.000010	0.000010	0.000010	0.000010	LD_0.9_10_1230
BRC20075	0.999892	0.000010	0.000011	0.000010	0.000017	0.000019	0.000010	0.000010	0.000010	0.000010	LD_0.9_10_1230
BRC20077	0.000010	0.000010	0.000018	0.000010	0.000010	0.999902	0.000010	0.000010	0.000010	0.000010	LD_0.9_10_1230
BRC20081	0.000010	0.000010	0.000010	0.000010	0.000010	0.000010	0.000010	0.077892	0.922028	0.000010	LD_0.9_10_1230
BRC20085	0.000010	0.000010	0.442913	0.068345	0.097937	0.390745	0.000010	0.000010	0.000010	0.000010	LD_0.9_10_1230
BRC20088	0.000010	0.000010	0.000010	0.000010	0.000011	0.000011	0.000010	0.000010	0.999909	0.000010	LD_0.9_10_1230
BRC20089	0.000010	0.000010	0.000010	0.000010	0.000010	0.999910	0.000010	0.000010	0.000010	0.000010	LD_0.9_10_1230
BRC20090	0.000010	0.000010	0.020409	0.031653	0.009594	0.938284	0.000010	0.000010	0.000010	0.000010	LD_0.9_10_1230
BRC20092	0.000010	0.000010	0.557783	0.000010	0.076218	0.365929	0.000010	0.000010	0.000010	0.000010	LD_0.9_10_1230
BRC20093	0.000010	0.000010	0.000010	0.000010	0.000010	0.999910	0.000010	0.000010	0.000010	0.000010	LD_0.9_10_1230
BRC20094	0.000010	0.000010	0.563938	0.009159	0.057333	0.369510	0.000010	0.000010	0.000010	0.000010	LD_0.9_10_1230
BRC20095	0.000010	0.000010	0.000010	0.000010	0.000010	0.999907	0.000010	0.000013	0.000010	0.000010	LD_0.9_10_1230
BRC20096	0.000010	0.000010	0.000010	0.000010	0.000010	0.999910	0.000010	0.000010	0.000010	0.000010	LD_0.9_10_1230
BRC20098	0.000010	0.000010	0.000010	0.000010	0.000010	0.999910	0.000010	0.000010	0.000010	0.000010	LD_0.9_10_1230
BRC20099	0.000010	0.000010	0.000010	0.000010	0.000010	0.999910	0.000010	0.000010	0.000010	0.000010	LD_0.9_10_1230
BRC20100	0.000010	0.000010	0.000010	0.000010	0.000010	0.999910	0.000010	0.000010	0.000010	0.000010	LD_0.9_10_1230
BRC20102	0.000010	0.000010	0.000010	0.000010	0.000010	0.999910	0.000010	0.000010	0.000010	0.000010	LD_0.9_10_1230
BRC20103	0.000010	0.000010	0.000010	0.000010	0.000010	0.999910	0.000010	0.000010	0.000010	0.000010	LD_0.9_10_1230
BRC20105	0.000010	0.000010	0.557169	0.068941	0.072415	0.301415	0.000010	0.000010	0.000010	0.000010	LD_0.9_10_1230
BRC20107	0.000010	0.000010	0.528072	0.074258	0.048459	0.349151	0.000010	0.000010	0.000010	0.000010	LD_0.9_10_1230
BRC20115	0.650981	0.000010	0.000010	0.000010	0.000010	0.133291	0.000010	0.000010	0.215658	0.000010	LD_0.9_10_1230
BRC20119	0.000010	0.000010	0.000010	0.674818	0.000010	0.325102	0.000010	0.000010	0.000010	0.000010	LD_0.9_10_1230
BRC20228	0.000010	0.000010	0.000010	0.000010	0.000010	0.999910	0.000010	0.000010	0.000010	0.000010	LD_0.9_10_1230
BRC20229	0.999910	0.000010	0.000010	0.000010	0.000010	0.000010	0.000010	0.000010	0.000010	0.000010	LD_0.9_10_1230
BRC20230	0.000010	0.000010	0.000010	0.000010	0.000010	0.000010	0.000010	0.000010	0.999910	0.000010	LD_0.9_10_1230
BRC20232	0.999910	0.000010	0.000010	0.000010	0.000010	0.000010	0.000010	0.000010	0.000010	0.000010	LD_0.9_10_1230
BRC20238	0.000010	0.000010	0.000010	0.000010	0.000010	0.000010	0.000010	0.000012	0.999908	0.000010	LD_0.9_10_1230
BRC20239	0.999910	0.000010	0.000010	0.000010	0.000010	0.000010	0.000010	0.000010	0.000010	0.000010	LD_0.9_10_1230
BRC20241	0.000010	0.000010	0.000010	0.055336	0.000010	0.944584	0.000010	0.000010	0.000010	0.000010	LD_0.9_10_1230
BRC20242	0.000010	0.000010	0.000010	0.000010	0.000010	0.999910	0.000010	0.000010	0.000010	0.000010	LD_0.9_10_1230
BRC20244	0.000010	0.000010	0.000010	0.000010	0.000010	0.000010	0.000010	0.000010	0.999910	0.000010	LD_0.9_10_1230
BRC20246	0.000010	0.000010	0.000010	0.000010	0.000010	0.000010	0.000010	0.000010	0.999910	0.000010	LD_0.9_10_1230
BRC20257	0.000010	0.000010	0.000010	0.999910	0.000010	0.000010	0.000010	0.000010	0.000010	0.000010	LD_0.9_10_1230
BRC20260	0.000010	0.000010	0.000010	0.000010	0.000010	0.999910	0.000010	0.000010	0.000010	0.000010	LD_0.9_10_1230
BRC20270	0.000010	0.000010	0.000010	0.000010	0.000010	0.000010	0.000010	0.999910	0.000010	0.000010	LD_0.9_10_1230
BRC20272	0.000010	0.000010	0.000010	0.000010	0.000010	0.000010	0.000010	0.999910	0.000010	0.000010	LD_0.9_10_1230
BRC20289	0.000010	0.000010	0.000010	0.000010	0.000010	0.000010	0.000010	0.827290	0.172630	0.000010	LD_0.9_10_1230
BRC20290	0.000010	0.000010	0.000010	0.000010	0.000010	0.000010	0.000010	0.810349	0.189571	0.000010	LD_0.9_10_1230
BRC20294	0.000010	0.000010	0.000010	0.000681	0.000010	0.999239	0.000010	0.000010	0.000010	0.000010	LD_0.9_10_1230
BRC20308	0.000010	0.000010	0.000010	0.000010	0.000010	0.000010	0.000010	0.999910	0.000010	0.000010	LD_0.9_10_1230
BRC20309	0.000010	0.000010	0.000010	0.000010	0.000010	0.000010	0.000010	0.999910	0.000010	0.000010	LD_0.9_10_1230
BRC20311	0.000010	0.000010	0.000010	0.000010	0.000010	0.000010	0.000010	0.999910	0.000010	0.000010	LD_0.9_10_1230
BRC20312	0.000010	0.000010	0.000010	0.000010	0.000010	0.000010	0.000010	0.999910	0.000010	0.000010	LD_0.9_10_1230
BRC20315	0.000010	0.000010	0.000010	0.000010	0.000010	0.000010	0.000010	0.999910	0.000010	0.000010	LD_0.9_10_1230
BRC20320	0.000010	0.000010	0.000010	0.000010	0.000010	0.000010	0.000010	0.999910	0.000010	0.000010	LD_0.9_10_1230
BRC20324	0.611809	0.000010	0.000010	0.000010	0.000010	0.388111	0.000010	0.000010	0.000010	0.000010	LD_0.9_10_1230
BRC20331	0.000010	0.000010	0.000010	0.000010	0.000010	0.000010	0.000010	0.999910	0.000010	0.000010	LD_0.9_10_1230
BRC20333	0.000013	0.000010	0.000013	0.000010	0.000010	0.000010	0.000010	0.185925	0.813989	0.000010	LD_0.9_10_1230
BRC20334	0.000010	0.000010	0.000010	0.000010	0.000010	0.000010	0.000010	0.999910	0.000010	0.000010	LD_0.9_10_1230
BRC20339	0.000010	0.000010	0.000010	0.000010	0.000010	0.000010	0.000010	0.999910	0.000010	0.000010	LD_0.9_10_1230
BRC20341	0.000010	0.000010	0.000010	0.000010	0.000010	0.000018	0.000010	0.120500	0.879412	0.000010	LD_0.9_10_1230
BRC20343	0.999910	0.000010	0.000010	0.000010	0.000010	0.000010	0.000010	0.000010	0.000010	0.000010	LD_0.9_10_1230
BRC20346	0.000010	0.000010	0.000010	0.000010	0.000010	0.000010	0.000010	0.971672	0.028248	0.000010	LD_0.9_10_1230
BRC20347	0.999907	0.000010	0.000010	0.000010	0.000013	0.000010	0.000010	0.000010	0.000010	0.000010	LD_0.9_10_1230
BRC20348	0.000010	0.000010	0.000010	0.000010	0.000010	0.000010	0.000010	0.655760	0.344160	0.000010	LD_0.9_10_1230
BRC20353	0.000010	0.000010	0.999902	0.000010	0.000010	0.000010	0.000010	0.000010	0.000018	0.000010	LD_0.9_10_1230
BRC20360	0.000010	0.000010	0.999910	0.000010	0.000010	0.000010	0.000010	0.000010	0.000010	0.000010	LD_0.9_10_1230
BRC20361	0.000010	0.000010	0.999910	0.000010	0.000010	0.000010	0.000010	0.000010	0.000010	0.000010	LD_0.9_10_1230
BRC20362	0.000010	0.000010	0.999910	0.000010	0.000010	0.000010	0.000010	0.000010	0.000010	0.000010	LD_0.9_10_1230
BRC20366	0.000010	0.000010	0.000010	0.000010	0.000010	0.000010	0.000010	0.999910	0.000010	0.000010	LD_0.9_10_1230
BRC20367	0.000013	0.000010	0.000010	0.000010	0.000012	0.000010	0.000010	0.419439	0.580476	0.000010	LD_0.9_10_1230
BRC20369	0.000010	0.000010	0.000010	0.000010	0.000010	0.999910	0.000010	0.000010	0.000010	0.000010	LD_0.9_10_1230
BRC20370	0.000010	0.000010	0.000010	0.000010	0.000010	0.000010	0.000010	0.999910	0.000010	0.000010	LD_0.9_10_1230
BRC20388	0.000010	0.000010	0.000010	0.000010	0.000010	0.000010	0.000010	0.000010	0.000010	0.999910	LD_0.9_10_1230
BRC20390	0.000010	0.000010	0.000010	0.000010	0.000010	0.000010	0.000010	0.000010	0.999910	0.000010	LD_0.9_10_1230
BRC20401	0.000010	0.000010	0.000010	0.000010	0.000010	0.999910	0.000010	0.000010	0.000010	0.000010	LD_0.9_10_1230
BRC20463	0.000010	0.000010	0.000010	0.000010	0.000010	0.000010	0.000010	0.304017	0.695903	0.000010	LD_0.9_10_1230
BRC20492	0.643712	0.000010	0.000010	0.000010	0.000010	0.130838	0.000010	0.000010	0.225380	0.000010	LD_0.9_10_1230
BRC20499	0.000010	0.000010	0.000010	0.000010	0.000010	0.000010	0.000010	0.654005	0.345915	0.000010	LD_0.9_10_1230
BRC20501	0.000010	0.000010	0.000010	0.000010	0.000010	0.000010	0.000010	0.966297	0.033623	0.000010	LD_0.9_10_1230
BRC20502	0.092345	0.000010	0.000010	0.696011	0.000010	0.000010	0.000010	0.000010	0.079855	0.131729	LD_0.9_10_1230
BRC20503	0.091832	0.000010	0.000010	0.695722	0.000010	0.000013	0.000010	0.000010	0.080407	0.131976	LD_0.9_10_1230
BRC20519	0.645720	0.000010	0.000010	0.000010	0.000010	0.137661	0.000010	0.000010	0.216549	0.000010	LD_0.9_10_1230
BRC20520	0.643914	0.000010	0.000010	0.000010	0.000010	0.133685	0.000010	0.000010	0.222331	0.000010	LD_0.9_10_1230
BRC20522	0.999910	0.000010	0.000010	0.000010	0.000010	0.000010	0.000010	0.000010	0.000010	0.000010	LD_0.9_10_1230
BRC20524	0.999910	0.000010	0.000010	0.000010	0.000010	0.000010	0.000010	0.000010	0.000010	0.000010	LD_0.9_10_1230
BRC20529	0.000010	0.000010	0.000010	0.000010	0.000010	0.000010	0.000010	0.000010	0.999910	0.000010	LD_0.9_10_1230
BRC20530	0.999910	0.000010	0.000010	0.000010	0.000010	0.000010	0.000010	0.000010	0.000010	0.000010	LD_0.9_10_1230
BRC20531	0.999910	0.000010	0.000010	0.000010	0.000010	0.000010	0.000010	0.000010	0.000010	0.000010	LD_0.9_10_1230
BRC20532	0.000010	0.000010	0.000010	0.000010	0.000010	0.000010	0.000010	0.000010	0.999910	0.000010	LD_0.9_10_1230
BRC20533	0.000010	0.000010	0.000010	0.000010	0.000010	0.000010	0.000010	0.918621	0.081299	0.000010	LD_0.9_10_1230
BRC20534	0.000011	0.000010	0.000010	0.000012	0.000010	0.000013	0.000010	0.996853	0.003061	0.000010	LD_0.9_10_1230
BRC20535	0.000010	0.000010	0.000010	0.000010	0.000010	0.000010	0.000010	0.999910	0.000010	0.000010	LD_0.9_10_1230
BRC20536	0.000010	0.000010	0.000010	0.000010	0.000010	0.000010	0.000010	0.999910	0.000010	0.000010	LD_0.9_10_1230
BRC20537	0.000010	0.000010	0.000010	0.000010	0.000010	0.000010	0.000010	0.000010	0.999910	0.000010	LD_0.9_10_1230
BRC20541	0.640313	0.000010	0.000010	0.000010	0.000010	0.145466	0.000010	0.000010	0.205989	0.008173	LD_0.9_10_1230
BRC20543	0.000010	0.000010	0.000010	0.000010	0.000010	0.000010	0.000010	0.000010	0.999910	0.000010	LD_0.9_10_1230
BRC20544	0.000010	0.000010	0.000010	0.000010	0.000010	0.000010	0.000010	0.998510	0.001410	0.000010	LD_0.9_10_1230
BRC20545	0.000010	0.000010	0.000010	0.000010	0.000010	0.000017	0.000010	0.805763	0.194149	0.000010	LD_0.9_10_1230
BRC20556	0.000010	0.000010	0.000010	0.000010	0.000010	0.999910	0.000010	0.000010	0.000010	0.000010	LD_0.9_10_1230
BRC20557	0.000010	0.000010	0.000010	0.000010	0.000010	0.000010	0.000010	0.000010	0.999910	0.000010	LD_0.9_10_1230
BRC20565	0.000010	0.000010	0.000010	0.000010	0.000010	0.999910	0.000010	0.000010	0.000010	0.000010	LD_0.9_10_1230
BRC20571	0.000010	0.000010	0.024799	0.023313	0.000012	0.951816	0.000010	0.000010	0.000010	0.000010	LD_0.9_10_1230
BRC20574	0.000010	0.000010	0.000015	0.000010	0.000010	0.999905	0.000010	0.000010	0.000010	0.000010	LD_0.9_10_1230
BW287	0.000010	0.000010	0.000010	0.000010	0.000010	0.000010	0.000010	0.000010	0.000010	0.999910	LD_0.9_10_1230
DF5100	0.000010	0.000010	0.000016	0.000010	0.000720	0.999195	0.000010	0.000010	0.000010	0.000010	LD_0.9_10_1230
ECA1129	0.000010	0.000010	0.000010	0.000014	0.000010	0.999906	0.000010	0.000010	0.000010	0.000010	LD_0.9_10_1230
ECA1143	0.000010	0.000010	0.000010	0.000011	0.093715	0.906204	0.000010	0.000010	0.000010	0.000010	LD_0.9_10_1230
ECA1147	0.000010	0.000010	0.000010	0.000010	0.000010	0.999910	0.000010	0.000010	0.000010	0.000010	LD_0.9_10_1230
ECA1149	0.000010	0.000010	0.000010	0.000010	0.000010	0.953939	0.000010	0.014394	0.031596	0.000010	LD_0.9_10_1230
ECA1160	0.000010	0.000010	0.000011	0.000015	0.000010	0.999903	0.000010	0.000010	0.000010	0.000010	LD_0.9_10_1230
ECA1164	0.000010	0.000010	0.000010	0.000010	0.000010	0.999910	0.000010	0.000010	0.000010	0.000010	LD_0.9_10_1230
ECA1170	0.000010	0.000010	0.000010	0.000010	0.000010	0.000010	0.000010	0.000010	0.999910	0.000010	LD_0.9_10_1230
ECA1174	0.000010	0.000010	0.000010	0.000010	0.000010	0.999910	0.000010	0.000010	0.000010	0.000010	LD_0.9_10_1230
ECA1383	0.000010	0.000010	0.000010	0.000010	0.000010	0.000010	0.000010	0.000010	0.999910	0.000010	LD_0.9_10_1230
ECA1411	0.000010	0.000010	0.000020	0.000015	0.000015	0.999891	0.000010	0.000010	0.000010	0.000010	LD_0.9_10_1230
ECA1423	0.000010	0.000010	0.000010	0.000010	0.000010	0.999910	0.000010	0.000010	0.000010	0.000010	LD_0.9_10_1230
ECA1429	0.000010	0.000010	0.000010	0.000011	0.000010	0.999909	0.000010	0.000010	0.000010	0.000010	LD_0.9_10_1230
ECA1431	0.000010	0.000010	0.000010	0.000013	0.000010	0.999907	0.000010	0.000010	0.000010	0.000010	LD_0.9_10_1230
ECA1437	0.000010	0.000010	0.000010	0.000010	0.000010	0.999910	0.000010	0.000010	0.000010	0.000010	LD_0.9_10_1230
ECA1439	0.000010	0.000010	0.000010	0.000010	0.000010	0.999910	0.000010	0.000010	0.000010	0.000010	LD_0.9_10_1230
ECA1443	0.000010	0.000010	0.000010	0.000010	0.000010	0.051823	0.000010	0.000010	0.948097	0.000010	LD_0.9_10_1230
ECA1471	0.000010	0.000010	0.000010	0.000010	0.000010	0.999910	0.000010	0.000010	0.000010	0.000010	LD_0.9_10_1230
ECA1489	0.000010	0.000010	0.000012	0.000010	0.139233	0.860686	0.000010	0.000010	0.000010	0.000010	LD_0.9_10_1230
ECA1507	0.000010	0.000010	0.000010	0.000010	0.000010	0.999910	0.000010	0.000010	0.000010	0.000010	LD_0.9_10_1230
ECA1509	0.000010	0.000010	0.000010	0.000010	0.000010	0.999910	0.000010	0.000010	0.000010	0.000010	LD_0.9_10_1230
ECA1517	0.000010	0.000010	0.000010	0.000010	0.000010	0.999910	0.000010	0.000010	0.000010	0.000010	LD_0.9_10_1230
ECA1521	0.000010	0.000010	0.000010	0.000010	0.000010	0.999910	0.000010	0.000010	0.000010	0.000010	LD_0.9_10_1230
ECA1555	0.000010	0.000010	0.000010	0.000010	0.000010	0.999910	0.000010	0.000010	0.000010	0.000010	LD_0.9_10_1230
ECA1559	0.000010	0.000010	0.000010	0.000010	0.000010	0.000010	0.000010	0.000010	0.999910	0.000010	LD_0.9_10_1230
ECA1563	0.000010	0.000010	0.000010	0.000014	0.000010	0.999906	0.000010	0.000010	0.000010	0.000010	LD_0.9_10_1230
ECA1571	0.000010	0.000010	0.000010	0.000010	0.127464	0.872456	0.000010	0.000010	0.000010	0.000010	LD_0.9_10_1230
ECA1587	0.000010	0.000010	0.000010	0.000014	0.000010	0.999906	0.000010	0.000010	0.000010	0.000010	LD_0.9_10_1230
ECA1605	0.000011	0.000010	0.000010	0.000010	0.051185	0.064153	0.000010	0.000010	0.884592	0.000010	LD_0.9_10_1230
ECA1609	0.000010	0.000010	0.000010	0.000010	0.000010	0.999910	0.000010	0.000010	0.000010	0.000010	LD_0.9_10_1230
ECA161	0.000010	0.000010	0.000010	0.000010	0.000010	0.999910	0.000010	0.000010	0.000010	0.000010	LD_0.9_10_1230
ECA1611	0.000010	0.000010	0.000010	0.000010	0.000010	0.999910	0.000010	0.000010	0.000010	0.000010	LD_0.9_10_1230
ECA1615	0.000010	0.000010	0.000010	0.000010	0.000010	0.999910	0.000010	0.000010	0.000010	0.000010	LD_0.9_10_1230
ECA162	0.000010	0.000010	0.000010	0.000010	0.000010	0.999910	0.000010	0.000010	0.000010	0.000010	LD_0.9_10_1230
ECA1621	0.000010	0.000010	0.000010	0.000010	0.000010	0.999910	0.000010	0.000010	0.000010	0.000010	LD_0.9_10_1230
ECA163	0.080828	0.000010	0.000010	0.000010	0.000010	0.242704	0.360840	0.000010	0.115369	0.200208	LD_0.9_10_1230
ECA1637	0.000010	0.000010	0.000010	0.000010	0.000010	0.999910	0.000010	0.000010	0.000010	0.000010	LD_0.9_10_1230
ECA1657	0.000010	0.000010	0.000010	0.000010	0.000010	0.999910	0.000010	0.000010	0.000010	0.000010	LD_0.9_10_1230
ECA1701	0.000010	0.000010	0.010390	0.000010	0.006210	0.983330	0.000010	0.000010	0.000010	0.000010	LD_0.9_10_1230
ECA175	0.000010	0.000010	0.000010	0.000010	0.000010	0.999910	0.000010	0.000010	0.000010	0.000010	LD_0.9_10_1230
ECA176	0.000010	0.000010	0.000010	0.000010	0.000010	0.999910	0.000010	0.000010	0.000010	0.000010	LD_0.9_10_1230
ECA177	0.000010	0.000010	0.000010	0.000010	0.000010	0.999910	0.000010	0.000010	0.000010	0.000010	LD_0.9_10_1230
ECA180	0.000010	0.000010	0.000010	0.000010	0.000010	0.999910	0.000010	0.000010	0.000010	0.000010	LD_0.9_10_1230
ECA182	0.000010	0.000010	0.000010	0.000010	0.000010	0.999910	0.000010	0.000010	0.000010	0.000010	LD_0.9_10_1230
ECA183	0.000010	0.000010	0.000010	0.000010	0.000010	0.999910	0.000010	0.000010	0.000010	0.000010	LD_0.9_10_1230
ECA185	0.000010	0.000010	0.000010	0.000010	0.000010	0.999910	0.000010	0.000010	0.000010	0.000010	LD_0.9_10_1230
ECA186	0.000010	0.000010	0.000010	0.000010	0.000010	0.999910	0.000010	0.000010	0.000010	0.000010	LD_0.9_10_1230
ECA2083	0.000010	0.000010	0.000010	0.000010	0.000010	0.999910	0.000010	0.000010	0.000010	0.000010	LD_0.9_10_1230
ECA2093	0.000010	0.000010	0.000010	0.000010	0.000010	0.999910	0.000010	0.000010	0.000010	0.000010	LD_0.9_10_1230
ECA2115	0.000010	0.000010	0.000010	0.000010	0.000010	0.999910	0.000010	0.000010	0.000010	0.000010	LD_0.9_10_1230
ECA2299	0.000010	0.000010	0.000010	0.000010	0.000010	0.000010	0.000010	0.999910	0.000010	0.000010	LD_0.9_10_1230
ECA2373	0.000010	0.000010	0.000010	0.000010	0.041049	0.958871	0.000010	0.000010	0.000010	0.000010	LD_0.9_10_1230
ECA2385	0.000010	0.000010	0.000010	0.000010	0.000010	0.000010	0.000010	0.000010	0.999910	0.000010	LD_0.9_10_1230
ECA2425	0.000010	0.000010	0.000010	0.000010	0.000010	0.999910	0.000010	0.000010	0.000010	0.000010	LD_0.9_10_1230
ECA2617	0.000010	0.999910	0.000010	0.000010	0.000010	0.000010	0.000010	0.000010	0.000010	0.000010	LD_0.9_10_1230
ECA2618	0.000010	0.999910	0.000010	0.000010	0.000010	0.000010	0.000010	0.000010	0.000010	0.000010	LD_0.9_10_1230
ECA2621	0.000010	0.999910	0.000010	0.000010	0.000010	0.000010	0.000010	0.000010	0.000010	0.000010	LD_0.9_10_1230
ECA2623	0.000010	0.000010	0.000010	0.000010	0.020855	0.979065	0.000010	0.000010	0.000010	0.000010	LD_0.9_10_1230
ECA2625	0.000010	0.000010	0.000010	0.000010	0.000010	0.999910	0.000010	0.000010	0.000010	0.000010	LD_0.9_10_1230
ECA2626	0.000010	0.000010	0.000012	0.000012	0.000010	0.999906	0.000010	0.000010	0.000010	0.000010	LD_0.9_10_1230
ECA2636	0.000010	0.000010	0.000010	0.000010	0.000010	0.999910	0.000010	0.000010	0.000010	0.000010	LD_0.9_10_1230
ECA2637	0.000010	0.000010	0.000010	0.000010	0.000010	0.999910	0.000010	0.000010	0.000010	0.000010	LD_0.9_10_1230
ECA2639	0.000010	0.999910	0.000010	0.000010	0.000010	0.000010	0.000010	0.000010	0.000010	0.000010	LD_0.9_10_1230
ECA2645	0.000010	0.000010	0.000010	0.000010	0.000010	0.999910	0.000010	0.000010	0.000010	0.000010	LD_0.9_10_1230
ECA2647	0.000010	0.999910	0.000010	0.000010	0.000010	0.000010	0.000010	0.000010	0.000010	0.000010	LD_0.9_10_1230
ECA2663	0.000010	0.000010	0.000010	0.000010	0.000010	0.999910	0.000010	0.000010	0.000010	0.000010	LD_0.9_10_1230
ECA2664	0.000010	0.000010	0.000010	0.000010	0.037941	0.961979	0.000010	0.000010	0.000010	0.000010	LD_0.9_10_1230
ECA2666	0.000010	0.999904	0.000010	0.000010	0.000010	0.000010	0.000016	0.000010	0.000010	0.000010	LD_0.9_10_1230
ECA2667	0.000010	0.000010	0.000010	0.000010	0.000010	0.999910	0.000010	0.000010	0.000010	0.000010	LD_0.9_10_1230
ECA2670	0.000010	0.999906	0.000010	0.000010	0.000010	0.000010	0.000010	0.000014	0.000010	0.000010	LD_0.9_10_1230
ECA276	0.081184	0.000010	0.000010	0.000010	0.000010	0.244266	0.359788	0.000010	0.116249	0.198463	LD_0.9_10_1230
ECA278	0.000010	0.000010	0.000010	0.000010	0.000010	0.000010	0.000010	0.000010	0.000010	0.999910	LD_0.9_10_1230
ECA2808	0.000010	0.000010	0.000010	0.000013	0.000010	0.999901	0.000010	0.000016	0.000010	0.000010	LD_0.9_10_1230
ECA287	0.000010	0.000010	0.000010	0.000010	0.000010	0.000010	0.000010	0.000010	0.999910	0.000010	LD_0.9_10_1230
ECA288	0.000010	0.000010	0.000010	0.000010	0.000010	0.894879	0.000010	0.000010	0.105041	0.000010	LD_0.9_10_1230
ECA2883	0.000010	0.000010	0.000010	0.000010	0.000010	0.999910	0.000010	0.000010	0.000010	0.000010	LD_0.9_10_1230
ECA2890	0.000010	0.000010	0.000010	0.000012	0.000010	0.999908	0.000010	0.000010	0.000010	0.000010	LD_0.9_10_1230
ECA2894	0.000010	0.000010	0.000010	0.000010	0.000010	0.999910	0.000010	0.000010	0.000010	0.000010	LD_0.9_10_1230
ECA2936	0.000010	0.000010	0.000010	0.000010	0.000010	0.000012	0.000010	0.000010	0.999908	0.000010	LD_0.9_10_1230
ECA2975	0.000010	0.000010	0.000010	0.000010	0.000010	0.999910	0.000010	0.000010	0.000010	0.000010	LD_0.9_10_1230
ECA3091	0.000010	0.000010	0.000010	0.000010	0.000010	0.999910	0.000010	0.000010	0.000010	0.000010	LD_0.9_10_1230
ECA343	0.000010	0.000010	0.000010	0.000010	0.000010	0.999910	0.000010	0.000010	0.000010	0.000010	LD_0.9_10_1230
ECA346	0.000010	0.000010	0.000010	0.000010	0.000017	0.999903	0.000010	0.000010	0.000010	0.000010	LD_0.9_10_1230
ECA3502	0.000010	0.000010	0.000010	0.000010	0.000010	0.000010	0.000010	0.000010	0.999910	0.000010	LD_0.9_10_1230
ECA3503	0.000010	0.000010	0.000010	0.000011	0.000010	0.999909	0.000010	0.000010	0.000010	0.000010	LD_0.9_10_1230
ECA3509	0.000010	0.000010	0.000010	0.000010	0.000010	0.999910	0.000010	0.000010	0.000010	0.000010	LD_0.9_10_1230
ECA3708	0.000010	0.000010	0.000010	0.000013	0.000010	0.999907	0.000010	0.000010	0.000010	0.000010	LD_0.9_10_1230
ECA371	0.000010	0.000010	0.000010	0.000010	0.000010	0.999910	0.000010	0.000010	0.000010	0.000010	LD_0.9_10_1230
ECA3712	0.000010	0.000010	0.000010	0.000010	0.000010	0.999910	0.000010	0.000010	0.000010	0.000010	LD_0.9_10_1230
ECA3713	0.000010	0.000010	0.000015	0.000010	0.000010	0.999905	0.000010	0.000010	0.000010	0.000010	LD_0.9_10_1230
ECA3899	0.000010	0.000010	0.000010	0.000010	0.000010	0.999910	0.000010	0.000010	0.000010	0.000010	LD_0.9_10_1230
ECA4382	0.000010	0.000010	0.000010	0.000010	0.000010	0.999910	0.000010	0.000010	0.000010	0.000010	LD_0.9_10_1230
ECA4390	0.000010	0.000010	0.000010	0.000010	0.000011	0.999909	0.000010	0.000010	0.000010	0.000010	LD_0.9_10_1230
ECA4394	0.000010	0.000010	0.000010	0.000010	0.000016	0.999904	0.000010	0.000010	0.000010	0.000010	LD_0.9_10_1230
ECA4402	0.000010	0.000010	0.000010	0.000010	0.000010	0.999910	0.000010	0.000010	0.000010	0.000010	LD_0.9_10_1230
ECA569	0.000010	0.000010	0.000010	0.000010	0.000010	0.000010	0.000010	0.000010	0.000010	0.999910	LD_0.9_10_1230
ED3032	0.000010	0.000010	0.000010	0.000010	0.000010	0.999910	0.000010	0.000010	0.000010	0.000010	LD_0.9_10_1230
ED3037	0.000010	0.000010	0.000010	0.000010	0.000010	0.999910	0.000010	0.000010	0.000010	0.000010	LD_0.9_10_1230
ED3088	0.000010	0.000010	0.000010	0.000010	0.000010	0.999910	0.000010	0.000010	0.000010	0.000010	LD_0.9_10_1230
ED3102	0.084936	0.000010	0.000010	0.000010	0.000010	0.228655	0.372905	0.000010	0.134192	0.179262	LD_0.9_10_1230
EG4360	0.000010	0.000010	0.000010	0.000010	0.000010	0.000010	0.000010	0.000010	0.000010	0.999910	LD_0.9_10_1230
EG5612	0.000010	0.000010	0.967647	0.000010	0.000010	0.032273	0.000010	0.000010	0.000010	0.000010	LD_0.9_10_1230
EG5613	0.000010	0.000010	0.120466	0.028612	0.001562	0.849299	0.000010	0.000010	0.000010	0.000010	LD_0.9_10_1230
EG6179	0.000010	0.000010	0.028527	0.008639	0.000010	0.962764	0.000010	0.000010	0.000010	0.000010	LD_0.9_10_1230
EG6260	0.000010	0.000010	0.000010	0.000010	0.033293	0.966627	0.000010	0.000010	0.000010	0.000010	LD_0.9_10_1230
EG6261	0.000010	0.000010	0.000010	0.000010	0.010601	0.989319	0.000010	0.000010	0.000010	0.000010	LD_0.9_10_1230
EG6265	0.000010	0.000010	0.000010	0.000010	0.000010	0.000010	0.000010	0.000010	0.999910	0.000010	LD_0.9_10_1230
EG6267	0.000010	0.000010	0.000010	0.000010	0.013101	0.986819	0.000010	0.000010	0.000010	0.000010	LD_0.9_10_1230
EG6271	0.000010	0.000010	0.000010	0.000010	0.068083	0.931837	0.000010	0.000010	0.000010	0.000010	LD_0.9_10_1230
EG6272	0.000010	0.000010	0.000010	0.000010	0.014231	0.985689	0.000010	0.000010	0.000010	0.000010	LD_0.9_10_1230
EG6274	0.000010	0.000010	0.000010	0.000010	0.000010	0.999910	0.000010	0.000010	0.000010	0.000010	LD_0.9_10_1230
EG6275	0.000010	0.000010	0.000010	0.000010	0.000010	0.999910	0.000010	0.000010	0.000010	0.000010	LD_0.9_10_1230
EG6276	0.000010	0.000010	0.000010	0.000010	0.000010	0.999910	0.000010	0.000010	0.000010	0.000010	LD_0.9_10_1230
EG6329	0.000010	0.000010	0.000010	0.000010	0.115664	0.884256	0.000010	0.000010	0.000010	0.000010	LD_0.9_10_1230
GUN124	0.000010	0.000010	0.000010	0.000010	0.000010	0.000010	0.000010	0.000010	0.000010	0.999910	LD_0.9_10_1230
GXW22	0.000010	0.000010	0.000010	0.000010	0.000010	0.999910	0.000010	0.000010	0.000010	0.000010	LD_0.9_10_1230
GXW23	0.000010	0.000010	0.672453	0.000010	0.000010	0.327467	0.000010	0.000010	0.000010	0.000010	LD_0.9_10_1230
HK104	0.000010	0.000010	0.000010	0.000010	0.000010	0.000010	0.000010	0.000010	0.000010	0.999910	LD_0.9_10_1230
HPT11	0.094153	0.032781	0.782420	0.000010	0.000010	0.000010	0.000010	0.000010	0.000010	0.090585	LD_0.9_10_1230
HPT16	0.000010	0.000010	0.255104	0.000010	0.000010	0.744816	0.000010	0.000010	0.000010	0.000010	LD_0.9_10_1230
HPT18	0.097063	0.033061	0.778740	0.000010	0.000010	0.000010	0.000010	0.000010	0.000010	0.091076	LD_0.9_10_1230
HPT19	0.000010	0.000010	0.268984	0.000010	0.000010	0.730936	0.000010	0.000010	0.000010	0.000010	LD_0.9_10_1230
HPT2	0.000010	0.000010	0.317578	0.000010	0.000010	0.682342	0.000010	0.000010	0.000010	0.000010	LD_0.9_10_1230
HPT21	0.000010	0.000010	0.000010	0.000010	0.000010	0.999910	0.000010	0.000010	0.000010	0.000010	LD_0.9_10_1230
HPT24	0.095344	0.032156	0.782788	0.000010	0.000010	0.000010	0.000011	0.000010	0.000010	0.089652	LD_0.9_10_1230
HPT34	0.000010	0.000010	0.280586	0.000010	0.000010	0.719334	0.000010	0.000010	0.000010	0.000010	LD_0.9_10_1230
HPT37	0.000010	0.000010	0.249399	0.000010	0.039359	0.711171	0.000010	0.000010	0.000010	0.000010	LD_0.9_10_1230
HPT4	0.000010	0.000010	0.281942	0.000010	0.000010	0.717978	0.000010	0.000010	0.000010	0.000010	LD_0.9_10_1230
HPT42	0.000010	0.000010	0.241072	0.000010	0.000010	0.758847	0.000010	0.000010	0.000010	0.000010	LD_0.9_10_1230
HPT52	0.000010	0.000010	0.000010	0.388697	0.000018	0.611215	0.000010	0.000010	0.000010	0.000010	LD_0.9_10_1230
HPT53	0.000010	0.000010	0.000010	0.000010	0.000010	0.999910	0.000010	0.000010	0.000010	0.000010	LD_0.9_10_1230
HPT54	0.000010	0.000010	0.000010	0.000010	0.000010	0.999910	0.000010	0.000010	0.000010	0.000010	LD_0.9_10_1230
HPT55	0.000010	0.000010	0.000010	0.000010	0.000010	0.999910	0.000010	0.000010	0.000010	0.000010	LD_0.9_10_1230
HPT59	0.000010	0.000010	0.000015	0.000012	0.000010	0.999903	0.000010	0.000010	0.000010	0.000010	LD_0.9_10_1230
HPT60	0.000010	0.000010	0.000010	0.000010	0.000010	0.999910	0.000010	0.000010	0.000010	0.000010	LD_0.9_10_1230
HPT62	0.000010	0.000010	0.000010	0.999910	0.000010	0.000010	0.000010	0.000010	0.000010	0.000010	LD_0.9_10_1230
HPT63	0.000010	0.000010	0.016717	0.000010	0.000010	0.983203	0.000010	0.000010	0.000010	0.000010	LD_0.9_10_1230
HPT7	0.000010	0.000010	0.280133	0.000010	0.000010	0.719787	0.000010	0.000010	0.000010	0.000010	LD_0.9_10_1230
HPT8	0.000010	0.000010	0.281155	0.000010	0.000010	0.718765	0.000010	0.000010	0.000010	0.000010	LD_0.9_10_1230
HPT9	0.000010	0.000010	0.787791	0.000010	0.000010	0.212129	0.000010	0.000010	0.000010	0.000010	LD_0.9_10_1230
JU1085	0.000010	0.000010	0.000010	0.000010	0.000010	0.000010	0.000010	0.000010	0.000010	0.999910	LD_0.9_10_1230
JU1337	0.000010	0.000010	0.118658	0.030702	0.000010	0.850570	0.000010	0.000010	0.000010	0.000010	LD_0.9_10_1230
JU1338	0.000010	0.000010	0.985249	0.000010	0.000010	0.014665	0.000010	0.000010	0.000016	0.000010	LD_0.9_10_1230
JU1341	0.000012	0.000010	0.000010	0.000010	0.000010	0.000010	0.999899	0.000018	0.000011	0.000010	LD_0.9_10_1230
JU1346	0.000010	0.000010	0.999910	0.000010	0.000010	0.000010	0.000010	0.000010	0.000010	0.000010	LD_0.9_10_1230
JU1347	0.000010	0.000010	0.000010	0.000010	0.000010	0.999910	0.000010	0.000010	0.000010	0.000010	LD_0.9_10_1230
JU1348	0.000010	0.000010	0.000010	0.000010	0.000010	0.000010	0.999910	0.000010	0.000010	0.000010	LD_0.9_10_1230
JU1375	0.000010	0.000010	0.000010	0.000010	0.000010	0.999910	0.000010	0.000010	0.000010	0.000010	LD_0.9_10_1230
JU1377	0.000010	0.000010	0.000012	0.000010	0.000010	0.999908	0.000010	0.000010	0.000010	0.000010	LD_0.9_10_1230
JU1378	0.000010	0.000010	0.000010	0.000010	0.000010	0.999910	0.000010	0.000010	0.000010	0.000010	LD_0.9_10_1230
JU1392	0.000010	0.000010	0.000010	0.000010	0.000010	0.999910	0.000010	0.000010	0.000010	0.000010	LD_0.9_10_1230
JU1399	0.000010	0.000010	0.000010	0.000010	0.419851	0.580069	0.000010	0.000010	0.000010	0.000010	LD_0.9_10_1230
JU1424	0.000010	0.000010	0.999910	0.000010	0.000010	0.000010	0.000010	0.000010	0.000010	0.000010	LD_0.9_10_1230
JU1435	0.000010	0.000010	0.000010	0.000010	0.000010	0.999910	0.000010	0.000010	0.000010	0.000010	LD_0.9_10_1230
JU1564	0.000010	0.000010	0.000010	0.000010	0.000010	0.000010	0.000010	0.000010	0.000010	0.999910	LD_0.9_10_1230
JU1637	0.000010	0.000010	0.000010	0.000010	0.000010	0.999910	0.000010	0.000010	0.000010	0.000010	LD_0.9_10_1230
JU1638	0.000010	0.000010	0.000010	0.000010	0.000010	0.999910	0.000010	0.000010	0.000010	0.000010	LD_0.9_10_1230
JU1794	0.000010	0.000010	0.040096	0.103393	0.000010	0.856441	0.000010	0.000010	0.000010	0.000010	LD_0.9_10_1230
JU1795	0.000010	0.000010	0.000010	0.000010	0.000014	0.999906	0.000010	0.000010	0.000010	0.000010	LD_0.9_10_1230
JU1799	0.000010	0.000010	0.000010	0.000010	0.000010	0.999910	0.000010	0.000010	0.000010	0.000010	LD_0.9_10_1230
JU1802	0.000010	0.000010	0.000010	0.000010	0.000010	0.999910	0.000010	0.000010	0.000010	0.000010	LD_0.9_10_1230
JU1814	0.000010	0.000010	0.000010	0.000010	0.069455	0.930465	0.000010	0.000010	0.000010	0.000010	LD_0.9_10_1230
JU1884	0.000010	0.000010	0.000010	0.000014	0.000010	0.999906	0.000010	0.000010	0.000010	0.000010	LD_0.9_10_1230
JU1885	0.000010	0.000010	0.000010	0.116145	0.000010	0.883775	0.000010	0.000010	0.000010	0.000010	LD_0.9_10_1230
JU1907	0.000010	0.000010	0.000010	0.000010	0.000010	0.999910	0.000010	0.000010	0.000010	0.000010	LD_0.9_10_1230
JU1908	0.000010	0.000010	0.000010	0.000010	0.000010	0.999910	0.000010	0.000010	0.000010	0.000010	LD_0.9_10_1230
JU1909	0.000010	0.000010	0.000010	0.000010	0.000010	0.999910	0.000010	0.000010	0.000010	0.000010	LD_0.9_10_1230
JU1913	0.000010	0.000010	0.000010	0.367338	0.000010	0.632582	0.000010	0.000010	0.000010	0.000010	LD_0.9_10_1230
JU2053	0.000010	0.000010	0.000010	0.000010	0.000010	0.999910	0.000010	0.000010	0.000010	0.000010	LD_0.9_10_1230
JU2054	0.000010	0.000010	0.000010	0.000010	0.000010	0.999910	0.000010	0.000010	0.000010	0.000010	LD_0.9_10_1230
JU2056	0.000010	0.000010	0.000010	0.000010	0.000010	0.999910	0.000010	0.000010	0.000010	0.000010	LD_0.9_10_1230
JU2057	0.000010	0.000010	0.000010	0.999910	0.000010	0.000010	0.000010	0.000010	0.000010	0.000010	LD_0.9_10_1230
JU2160	0.000010	0.000010	0.000010	0.999910	0.000010	0.000010	0.000010	0.000010	0.000010	0.000010	LD_0.9_10_1230
JU2162	0.000010	0.000010	0.000010	0.999910	0.000010	0.000010	0.000010	0.000010	0.000010	0.000010	LD_0.9_10_1230
JU2214	0.000010	0.000010	0.000010	0.000010	0.332679	0.667241	0.000010	0.000010	0.000010	0.000010	LD_0.9_10_1230
JU2216	0.000010	0.000010	0.000010	0.000010	0.000010	0.000010	0.000010	0.000010	0.999910	0.000010	LD_0.9_10_1230
JU2457	0.000010	0.000010	0.000010	0.000010	0.106073	0.398385	0.000010	0.000010	0.000010	0.495472	LD_0.9_10_1230
JU2470	0.000010	0.000010	0.000010	0.999910	0.000010	0.000010	0.000010	0.000010	0.000010	0.000010	LD_0.9_10_1230
JU2472	0.000010	0.000010	0.000016	0.000010	0.000010	0.999904	0.000010	0.000010	0.000010	0.000010	LD_0.9_10_1230
JU2507	0.000010	0.000010	0.000010	0.944969	0.054951	0.000010	0.000010	0.000010	0.000010	0.000010	LD_0.9_10_1230
JU2518	0.000010	0.000010	0.000010	0.000010	0.551607	0.448313	0.000010	0.000010	0.000010	0.000010	LD_0.9_10_1230
JU2536	0.000011	0.000010	0.000010	0.000010	0.000017	0.000010	0.000010	0.000010	0.000010	0.999902	LD_0.9_10_1230
JU2618	0.000010	0.000010	0.000010	0.000010	0.718526	0.281394	0.000010	0.000010	0.000010	0.000010	LD_0.9_10_1230
JU2799	0.000010	0.000010	0.000010	0.000010	0.000010	0.999910	0.000010	0.000010	0.000010	0.000010	LD_0.9_10_1230
JU2836	0.000010	0.000010	0.000010	0.000016	0.311900	0.688014	0.000010	0.000010	0.000010	0.000010	LD_0.9_10_1230
JU2849	0.000010	0.000010	0.999910	0.000010	0.000010	0.000010	0.000010	0.000010	0.000010	0.000010	LD_0.9_10_1230
JU2861	0.000010	0.000010	0.000010	0.000013	0.000010	0.999907	0.000010	0.000010	0.000010	0.000010	LD_0.9_10_1230
JU2868	0.000010	0.000010	0.000010	0.000010	0.000010	0.999910	0.000010	0.000010	0.000010	0.000010	LD_0.9_10_1230
JU2872	0.000013	0.000010	0.000012	0.000010	0.000010	0.000019	0.000010	0.000010	0.000010	0.999896	LD_0.9_10_1230
JU2910	0.000010	0.000010	0.129944	0.041236	0.032841	0.795919	0.000010	0.000010	0.000010	0.000010	LD_0.9_10_1230
JU3168	0.079494	0.000010	0.000010	0.000010	0.000010	0.234684	0.393438	0.000010	0.119794	0.172541	LD_0.9_10_1230
JU3171	0.000010	0.000010	0.000010	0.000016	0.000010	0.999904	0.000010	0.000010	0.000010	0.000010	LD_0.9_10_1230
JU3199	0.000010	0.000012	0.000010	0.000010	0.000010	0.000010	0.999908	0.000010	0.000010	0.000010	LD_0.9_10_1230
JU3200	0.000010	0.000010	0.000010	0.000010	0.000010	0.000016	0.999904	0.000010	0.000010	0.000010	LD_0.9_10_1230
JU3201	0.000010	0.000010	0.000010	0.000010	0.000010	0.000010	0.999904	0.000016	0.000010	0.000010	LD_0.9_10_1230
JU3202	0.000011	0.000015	0.000010	0.000010	0.000010	0.000010	0.999902	0.000010	0.000012	0.000010	LD_0.9_10_1230
JU3203	0.000010	0.000011	0.000010	0.000010	0.000014	0.000010	0.999903	0.000013	0.000010	0.000010	LD_0.9_10_1230
JU3206	0.000010	0.000011	0.000010	0.000010	0.000010	0.000010	0.999905	0.000014	0.000010	0.000010	LD_0.9_10_1230
JU3207	0.000010	0.000010	0.000010	0.000010	0.000010	0.999910	0.000010	0.000010	0.000010	0.000010	LD_0.9_10_1230
JU3237	0.000010	0.000010	0.000010	0.999910	0.000010	0.000010	0.000010	0.000010	0.000010	0.000010	LD_0.9_10_1230
JU3281	0.000010	0.000010	0.000010	0.000019	0.000018	0.999893	0.000010	0.000010	0.000010	0.000010	LD_0.9_10_1230
JU3319	0.000012	0.000010	0.700424	0.000014	0.000010	0.299484	0.000010	0.000010	0.000016	0.000010	LD_0.9_10_1230
JU3321	0.000010	0.000010	0.000010	0.000010	0.000010	0.999910	0.000010	0.000010	0.000010	0.000010	LD_0.9_10_1230
JU3326	0.100737	0.000010	0.000010	0.595554	0.000010	0.000010	0.035822	0.000010	0.005887	0.261950	LD_0.9_10_1230
JU3327	0.000010	0.000010	0.058060	0.000010	0.000010	0.941860	0.000010	0.000010	0.000010	0.000010	LD_0.9_10_1230
JU3416	0.000010	0.000010	0.000010	0.000010	0.000010	0.070498	0.000010	0.000010	0.024240	0.905192	LD_0.9_10_1230
JU4042	0.000010	0.000010	0.000010	0.000010	0.000015	0.999905	0.000010	0.000010	0.000010	0.000010	LD_0.9_10_1230
JU4051	0.000010	0.000010	0.999910	0.000010	0.000010	0.000010	0.000010	0.000010	0.000010	0.000010	LD_0.9_10_1230
JU4058	0.000010	0.000010	0.936925	0.000010	0.000010	0.062985	0.000010	0.000015	0.000015	0.000010	LD_0.9_10_1230
JU4060	0.000010	0.000010	0.999910	0.000010	0.000010	0.000010	0.000010	0.000010	0.000010	0.000010	LD_0.9_10_1230
JU4062	0.000010	0.000010	0.999910	0.000010	0.000010	0.000010	0.000010	0.000010	0.000010	0.000010	LD_0.9_10_1230
JU4064	0.000010	0.000010	0.999910	0.000010	0.000010	0.000010	0.000010	0.000010	0.000010	0.000010	LD_0.9_10_1230
JU4080	0.000010	0.000010	0.000010	0.000010	0.000010	0.999910	0.000010	0.000010	0.000010	0.000010	LD_0.9_10_1230
JU4084	0.000010	0.000010	0.999910	0.000010	0.000010	0.000010	0.000010	0.000010	0.000010	0.000010	LD_0.9_10_1230
JU4097	0.000010	0.000010	0.957854	0.000010	0.000010	0.042066	0.000010	0.000010	0.000010	0.000010	LD_0.9_10_1230
JU725	0.000010	0.000010	0.647028	0.000010	0.000010	0.352892	0.000010	0.000010	0.000010	0.000010	LD_0.9_10_1230
MY2716	0.000010	0.000010	0.000010	0.000010	0.000010	0.999910	0.000010	0.000010	0.000010	0.000010	LD_0.9_10_1230
MY539	0.000010	0.000010	0.000010	0.000010	0.000015	0.999905	0.000010	0.000010	0.000010	0.000010	LD_0.9_10_1230
NIC1050	0.000010	0.000010	0.000010	0.000010	0.657988	0.341923	0.000010	0.000019	0.000010	0.000010	LD_0.9_10_1230
NIC1052	0.000010	0.000010	0.000010	0.000010	0.712251	0.287669	0.000010	0.000010	0.000010	0.000010	LD_0.9_10_1230
NIC1054	0.000010	0.000010	0.000010	0.000010	0.565890	0.434030	0.000010	0.000010	0.000010	0.000010	LD_0.9_10_1230
NIC1055	0.000010	0.000010	0.000010	0.000010	0.654917	0.345003	0.000010	0.000010	0.000010	0.000010	LD_0.9_10_1230
NIC1057	0.000010	0.000010	0.000010	0.000010	0.720292	0.279628	0.000010	0.000010	0.000010	0.000010	LD_0.9_10_1230
NIC1058	0.000010	0.000010	0.000010	0.000010	0.692287	0.307633	0.000010	0.000010	0.000010	0.000010	LD_0.9_10_1230
NIC1059	0.000010	0.000010	0.000010	0.000013	0.657869	0.342048	0.000010	0.000010	0.000010	0.000010	LD_0.9_10_1230
NIC1060	0.000010	0.000010	0.000010	0.000010	0.585913	0.414007	0.000010	0.000010	0.000010	0.000010	LD_0.9_10_1230
NIC1062	0.000010	0.000010	0.000010	0.000010	0.329592	0.670328	0.000010	0.000010	0.000010	0.000010	LD_0.9_10_1230
NIC1069	0.000010	0.000010	0.000010	0.000010	0.089912	0.910008	0.000010	0.000010	0.000010	0.000010	LD_0.9_10_1230
NIC1103	0.000010	0.000010	0.000010	0.000010	0.676294	0.323621	0.000015	0.000010	0.000010	0.000010	LD_0.9_10_1230
NIC1104	0.000010	0.000010	0.000010	0.000010	0.121674	0.878246	0.000010	0.000010	0.000010	0.000010	LD_0.9_10_1230
NIC1106	0.000010	0.000010	0.000010	0.000010	0.403368	0.596552	0.000010	0.000010	0.000010	0.000010	LD_0.9_10_1230
NIC1117	0.000010	0.000010	0.000010	0.000010	0.000010	0.999910	0.000010	0.000010	0.000010	0.000010	LD_0.9_10_1230
NIC1123	0.000010	0.000010	0.999910	0.000010	0.000010	0.000010	0.000010	0.000010	0.000010	0.000010	LD_0.9_10_1230
NIC1124	0.000010	0.000010	0.000010	0.000010	0.560599	0.439321	0.000010	0.000010	0.000010	0.000010	LD_0.9_10_1230
NIC1135	0.000010	0.000010	0.000010	0.000010	0.559478	0.440442	0.000010	0.000010	0.000010	0.000010	LD_0.9_10_1230
NIC1138	0.000010	0.000010	0.000010	0.000010	0.573259	0.426658	0.000010	0.000013	0.000010	0.000010	LD_0.9_10_1230
NIC1141	0.000010	0.000010	0.000010	0.000010	0.544134	0.455786	0.000010	0.000010	0.000010	0.000010	LD_0.9_10_1230
NIC115	0.000010	0.000010	0.000010	0.000010	0.000010	0.999910	0.000010	0.000010	0.000010	0.000010	LD_0.9_10_1230
NIC117	0.000010	0.000010	0.000010	0.000010	0.000010	0.999910	0.000010	0.000010	0.000010	0.000010	LD_0.9_10_1230
NIC1183	0.000010	0.000010	0.000010	0.000010	0.557040	0.442880	0.000010	0.000010	0.000010	0.000010	LD_0.9_10_1230
NIC119	0.000010	0.000010	0.000010	0.000010	0.011714	0.988206	0.000010	0.000010	0.000010	0.000010	LD_0.9_10_1230
NIC1190	0.000010	0.000010	0.000010	0.000010	0.501877	0.498043	0.000010	0.000010	0.000010	0.000010	LD_0.9_10_1230
NIC1202	0.000010	0.000010	0.110546	0.000010	0.000010	0.889374	0.000010	0.000010	0.000010	0.000010	LD_0.9_10_1230
NIC1204	0.000010	0.000010	0.146966	0.000010	0.000010	0.852954	0.000010	0.000010	0.000010	0.000010	LD_0.9_10_1230
NIC1205	0.000010	0.000010	0.000010	0.000010	0.000010	0.000010	0.000010	0.000010	0.999910	0.000010	LD_0.9_10_1230
NIC1218	0.000010	0.000010	0.000010	0.000010	0.000010	0.999910	0.000010	0.000010	0.000010	0.000010	LD_0.9_10_1230
NIC1220	0.000010	0.000010	0.000010	0.000010	0.000010	0.000010	0.000010	0.000010	0.999910	0.000010	LD_0.9_10_1230
NIC1221	0.000010	0.000010	0.171551	0.000010	0.000010	0.828369	0.000010	0.000010	0.000010	0.000010	LD_0.9_10_1230
NIC123	0.000010	0.000010	0.000010	0.000010	0.000016	0.999904	0.000010	0.000010	0.000010	0.000010	LD_0.9_10_1230
NIC1267	0.000010	0.000010	0.000010	0.000010	0.214548	0.785372	0.000010	0.000010	0.000010	0.000010	LD_0.9_10_1230
NIC1283	0.000010	0.000010	0.000010	0.000011	0.484717	0.515202	0.000010	0.000010	0.000010	0.000010	LD_0.9_10_1230
NIC1288	0.000010	0.000010	0.098607	0.000010	0.616904	0.284419	0.000010	0.000010	0.000010	0.000010	LD_0.9_10_1230
NIC1292	0.000010	0.000010	0.000010	0.000016	0.545342	0.454573	0.000010	0.000010	0.000010	0.000010	LD_0.9_10_1230
NIC1302	0.000010	0.000010	0.000010	0.000010	0.420532	0.579388	0.000010	0.000010	0.000010	0.000010	LD_0.9_10_1230
NIC1304	0.000010	0.000010	0.000010	0.000010	0.569849	0.430071	0.000010	0.000010	0.000010	0.000010	LD_0.9_10_1230
NIC1308	0.000010	0.000010	0.449273	0.000010	0.000010	0.550647	0.000010	0.000010	0.000010	0.000010	LD_0.9_10_1230
NIC1407	0.000010	0.000010	0.000010	0.000010	0.599482	0.400438	0.000010	0.000010	0.000010	0.000010	LD_0.9_10_1230
NIC1421	0.000010	0.000010	0.000010	0.000010	0.347451	0.652469	0.000010	0.000010	0.000010	0.000010	LD_0.9_10_1230
NIC1423	0.000010	0.000010	0.000010	0.000010	0.668597	0.331321	0.000010	0.000010	0.000012	0.000010	LD_0.9_10_1230
NIC1442	0.000010	0.000010	0.000010	0.000010	0.500339	0.499581	0.000010	0.000010	0.000010	0.000010	LD_0.9_10_1230
NIC1491	0.000010	0.000010	0.000010	0.000010	0.500783	0.499137	0.000010	0.000010	0.000010	0.000010	LD_0.9_10_1230
NIC1525	0.000010	0.000010	0.000010	0.000010	0.000010	0.999910	0.000010	0.000010	0.000010	0.000010	LD_0.9_10_1230
NIC1528	0.000010	0.000010	0.000013	0.000010	0.000010	0.999907	0.000010	0.000010	0.000010	0.000010	LD_0.9_10_1230
NIC1529	0.000010	0.000010	0.000017	0.000010	0.000010	0.999903	0.000010	0.000010	0.000010	0.000010	LD_0.9_10_1230
NIC1533	0.000010	0.000010	0.000010	0.000010	0.000010	0.999910	0.000010	0.000010	0.000010	0.000010	LD_0.9_10_1230
NIC1535	0.000010	0.000010	0.000010	0.000010	0.000010	0.999910	0.000010	0.000010	0.000010	0.000010	LD_0.9_10_1230
NIC1539	0.000010	0.000010	0.000010	0.000010	0.000010	0.000010	0.000010	0.999910	0.000010	0.000010	LD_0.9_10_1230
NIC1540	0.999902	0.000010	0.000013	0.000015	0.000010	0.000010	0.000010	0.000010	0.000010	0.000010	LD_0.9_10_1230
NIC1562	0.000010	0.000010	0.000010	0.000010	0.000010	0.000010	0.000010	0.906473	0.093447	0.000010	LD_0.9_10_1230
NIC1589	0.999910	0.000010	0.000010	0.000010	0.000010	0.000010	0.000010	0.000010	0.000010	0.000010	LD_0.9_10_1230
NIC1590	0.000010	0.000010	0.000010	0.000010	0.000010	0.000010	0.000010	0.000018	0.999902	0.000010	LD_0.9_10_1230
NIC1591	0.999910	0.000010	0.000010	0.000010	0.000010	0.000010	0.000010	0.000010	0.000010	0.000010	LD_0.9_10_1230
NIC1593	0.999910	0.000010	0.000010	0.000010	0.000010	0.000010	0.000010	0.000010	0.000010	0.000010	LD_0.9_10_1230
NIC1595	0.000010	0.000010	0.000010	0.000010	0.000010	0.000014	0.000010	0.000010	0.999906	0.000010	LD_0.9_10_1230
NIC1598	0.000010	0.000010	0.000010	0.000010	0.000010	0.000010	0.000010	0.999910	0.000010	0.000010	LD_0.9_10_1230
NIC1602	0.000010	0.000010	0.000010	0.000010	0.000010	0.000010	0.000010	0.999910	0.000010	0.000010	LD_0.9_10_1230
NIC1607	0.647052	0.000010	0.000010	0.000010	0.000010	0.130652	0.000010	0.000010	0.222226	0.000010	LD_0.9_10_1230
NIC1628	0.000010	0.000010	0.000010	0.000010	0.000010	0.999910	0.000010	0.000010	0.000010	0.000010	LD_0.9_10_1230
NIC1630	0.000010	0.000010	0.000010	0.000010	0.000010	0.000010	0.000010	0.999910	0.000010	0.000010	LD_0.9_10_1230
NIC1631	0.000010	0.000010	0.000010	0.000010	0.000010	0.000010	0.000010	0.000010	0.999910	0.000010	LD_0.9_10_1230
NIC1632	0.000010	0.000010	0.000010	0.000010	0.000010	0.000010	0.000010	0.000010	0.000010	0.999910	LD_0.9_10_1230
NIC1633	0.000010	0.000010	0.000010	0.000010	0.000010	0.000010	0.000010	0.000010	0.000010	0.999910	LD_0.9_10_1230
NIC1635	0.000010	0.000010	0.000010	0.000010	0.000010	0.000010	0.000010	0.000010	0.000010	0.999910	LD_0.9_10_1230
NIC1645	0.000010	0.000010	0.000010	0.000010	0.000010	0.000010	0.000010	0.776272	0.223648	0.000010	LD_0.9_10_1230
NIC1660	0.000010	0.000010	0.000010	0.000010	0.000010	0.000010	0.000010	0.000010	0.999910	0.000010	LD_0.9_10_1230
NIC1661	0.000010	0.000010	0.000010	0.000010	0.000010	0.000010	0.000010	0.000010	0.999910	0.000010	LD_0.9_10_1230
NIC1662	0.000010	0.000010	0.000010	0.000010	0.000010	0.000010	0.000010	0.000010	0.999910	0.000010	LD_0.9_10_1230
NIC1663	0.000010	0.000010	0.000010	0.000010	0.000010	0.000010	0.000010	0.000017	0.999903	0.000010	LD_0.9_10_1230
NIC1664	0.999910	0.000010	0.000010	0.000010	0.000010	0.000010	0.000010	0.000010	0.000010	0.000010	LD_0.9_10_1230
NIC1665	0.999910	0.000010	0.000010	0.000010	0.000010	0.000010	0.000010	0.000010	0.000010	0.000010	LD_0.9_10_1230
NIC1666	0.000010	0.000010	0.000010	0.000010	0.000010	0.000010	0.000010	0.000010	0.999910	0.000010	LD_0.9_10_1230
NIC1667	0.000010	0.000010	0.000010	0.000010	0.000010	0.000010	0.000010	0.999910	0.000010	0.000010	LD_0.9_10_1230
NIC1681	0.000010	0.000010	0.000010	0.000010	0.000010	0.000010	0.000010	0.000010	0.999910	0.000010	LD_0.9_10_1230
NIC1688	0.000010	0.000010	0.000016	0.000010	0.000010	0.999904	0.000010	0.000010	0.000010	0.000010	LD_0.9_10_1230
NIC1692	0.000010	0.000010	0.000010	0.000010	0.000010	0.000010	0.000010	0.066700	0.933220	0.000010	LD_0.9_10_1230
NIC1693	0.000010	0.000010	0.000010	0.000010	0.000010	0.000010	0.000010	0.000010	0.999910	0.000010	LD_0.9_10_1230
NIC17	0.000010	0.000010	0.000010	0.000010	0.000010	0.999910	0.000010	0.000010	0.000010	0.000010	LD_0.9_10_1230
NIC174	0.000010	0.000010	0.000010	0.000010	0.000010	0.000010	0.000010	0.000010	0.000010	0.999910	LD_0.9_10_1230
NIC187	0.000010	0.000010	0.000010	0.000010	0.000010	0.999910	0.000010	0.000010	0.000010	0.000010	LD_0.9_10_1230
NIC188	0.000010	0.000010	0.000010	0.000010	0.007929	0.991991	0.000010	0.000010	0.000010	0.000010	LD_0.9_10_1230
NIC19	0.999910	0.000010	0.000010	0.000010	0.000010	0.000010	0.000010	0.000010	0.000010	0.000010	LD_0.9_10_1230
NIC191	0.000010	0.000010	0.000010	0.000010	0.000016	0.999904	0.000010	0.000010	0.000010	0.000010	LD_0.9_10_1230
NIC20	0.999910	0.000010	0.000010	0.000010	0.000010	0.000010	0.000010	0.000010	0.000010	0.000010	LD_0.9_10_1230
NIC21	0.999889	0.000010	0.000014	0.000010	0.000015	0.000017	0.000015	0.000010	0.000010	0.000010	LD_0.9_10_1230
NIC22	0.999910	0.000010	0.000010	0.000010	0.000010	0.000010	0.000010	0.000010	0.000010	0.000010	LD_0.9_10_1230
NIC2369	0.000010	0.000010	0.966848	0.000010	0.000010	0.033072	0.000010	0.000010	0.000010	0.000010	LD_0.9_10_1230
NIC248	0.000010	0.000010	0.000010	0.000010	0.000010	0.999910	0.000010	0.000010	0.000010	0.000010	LD_0.9_10_1230
NIC250	0.000010	0.000010	0.000010	0.000010	0.000010	0.999910	0.000010	0.000010	0.000010	0.000010	LD_0.9_10_1230
NIC2527	0.000010	0.000010	0.000010	0.000010	0.000010	0.999910	0.000010	0.000010	0.000010	0.000010	LD_0.9_10_1230
NIC309	0.000010	0.000010	0.000010	0.000010	0.399416	0.600504	0.000010	0.000010	0.000010	0.000010	LD_0.9_10_1230
NIC325	0.000010	0.000010	0.000010	0.000010	0.409571	0.590349	0.000010	0.000010	0.000010	0.000010	LD_0.9_10_1230
NIC327	0.000010	0.000010	0.000010	0.000010	0.654922	0.344998	0.000010	0.000010	0.000010	0.000010	LD_0.9_10_1230
NIC329	0.000010	0.000010	0.000010	0.000010	0.499322	0.500598	0.000010	0.000010	0.000010	0.000010	LD_0.9_10_1230
NIC330	0.000010	0.000010	0.000014	0.000010	0.491902	0.508014	0.000010	0.000010	0.000010	0.000010	LD_0.9_10_1230
NIC331	0.000010	0.000010	0.000010	0.000010	0.449586	0.550334	0.000010	0.000010	0.000010	0.000010	LD_0.9_10_1230
NIC332	0.000010	0.000010	0.000010	0.000010	0.556649	0.443271	0.000010	0.000010	0.000010	0.000010	LD_0.9_10_1230
NIC333	0.000010	0.000010	0.000010	0.000010	0.522578	0.477342	0.000010	0.000010	0.000010	0.000010	LD_0.9_10_1230
NIC343	0.000010	0.000010	0.020728	0.000010	0.000010	0.979192	0.000010	0.000010	0.000010	0.000010	LD_0.9_10_1230
NIC392	0.000010	0.000010	0.000010	0.000010	0.163822	0.836098	0.000010	0.000010	0.000010	0.000010	LD_0.9_10_1230
NIC400	0.000010	0.000010	0.000010	0.000010	0.558040	0.441880	0.000010	0.000010	0.000010	0.000010	LD_0.9_10_1230
NIC402	0.000010	0.000010	0.000010	0.000010	0.544595	0.455325	0.000010	0.000010	0.000010	0.000010	LD_0.9_10_1230
NIC419	0.000010	0.000010	0.926046	0.000010	0.000010	0.073874	0.000010	0.000010	0.000010	0.000010	LD_0.9_10_1230
NIC504	0.000010	0.000010	0.000010	0.000011	0.000010	0.000010	0.000010	0.000012	0.999907	0.000010	LD_0.9_10_1230
NIC505	0.000010	0.000010	0.000010	0.000010	0.000010	0.000010	0.000010	0.000010	0.999910	0.000010	LD_0.9_10_1230
NIC518	0.000010	0.000010	0.000010	0.000010	0.000010	0.000010	0.000010	0.999910	0.000010	0.000010	LD_0.9_10_1230
NIC519	0.000010	0.000010	0.000010	0.000010	0.000010	0.000010	0.000010	0.911761	0.088159	0.000010	LD_0.9_10_1230
NIC532	0.000010	0.000010	0.000010	0.000010	0.000010	0.999910	0.000010	0.000010	0.000010	0.000010	LD_0.9_10_1230
NIC541	0.000010	0.000010	0.000010	0.255822	0.292601	0.451507	0.000010	0.000010	0.000010	0.000010	LD_0.9_10_1230
NIC549	0.000010	0.000010	0.000019	0.000010	0.000010	0.999901	0.000010	0.000010	0.000010	0.000010	LD_0.9_10_1230
NIC552	0.000010	0.000010	0.000010	0.000010	0.046432	0.953488	0.000010	0.000010	0.000010	0.000010	LD_0.9_10_1230
NIC555	0.000010	0.000010	0.000010	0.000010	0.162714	0.837206	0.000010	0.000010	0.000010	0.000010	LD_0.9_10_1230
NIC574	0.000010	0.000010	0.000010	0.000010	0.009432	0.990488	0.000010	0.000010	0.000010	0.000010	LD_0.9_10_1230
NIC578	0.000010	0.000010	0.000010	0.000010	0.000010	0.999910	0.000010	0.000010	0.000010	0.000010	LD_0.9_10_1230
NIC583	0.000010	0.000010	0.000010	0.000010	0.130747	0.869173	0.000010	0.000010	0.000010	0.000010	LD_0.9_10_1230
NIC590	0.000010	0.000010	0.000010	0.161636	0.085117	0.753176	0.000010	0.000010	0.000010	0.000010	LD_0.9_10_1230
NIC593	0.000010	0.000010	0.000010	0.000010	0.000010	0.999910	0.000010	0.000010	0.000010	0.000010	LD_0.9_10_1230
NIC60	0.000010	0.000010	0.000010	0.000010	0.313882	0.686038	0.000010	0.000010	0.000010	0.000010	LD_0.9_10_1230
NIC61	0.000010	0.000010	0.000010	0.000010	0.022915	0.977005	0.000010	0.000010	0.000010	0.000010	LD_0.9_10_1230
NIC62	0.000010	0.000010	0.000010	0.000010	0.107732	0.892188	0.000010	0.000010	0.000010	0.000010	LD_0.9_10_1230
NIC67	0.000010	0.000010	0.999910	0.000010	0.000010	0.000010	0.000010	0.000010	0.000010	0.000010	LD_0.9_10_1230
NIC758	0.000010	0.000010	0.000010	0.147831	0.046519	0.805580	0.000010	0.000010	0.000010	0.000010	LD_0.9_10_1230
NIC777	0.000010	0.000010	0.000010	0.000010	0.307168	0.692752	0.000010	0.000010	0.000010	0.000010	LD_0.9_10_1230
NIC779	0.000010	0.000010	0.000010	0.000010	0.000013	0.000010	0.000010	0.000010	0.999907	0.000010	LD_0.9_10_1230
NIC790	0.000010	0.000010	0.000010	0.000010	0.000010	0.999910	0.000010	0.000010	0.000010	0.000010	LD_0.9_10_1230
NIC791	0.000010	0.000010	0.000010	0.886427	0.000010	0.113493	0.000010	0.000010	0.000010	0.000010	LD_0.9_10_1230
NIC792	0.000010	0.000010	0.000011	0.275069	0.000016	0.724845	0.000010	0.000010	0.000010	0.000010	LD_0.9_10_1230
NIC793	0.000010	0.000010	0.000010	0.000010	0.000010	0.999910	0.000010	0.000010	0.000010	0.000010	LD_0.9_10_1230
NIC795	0.000010	0.000010	0.000019	0.000010	0.000010	0.999899	0.000010	0.000011	0.000010	0.000010	LD_0.9_10_1230
NIC796	0.007297	0.000010	0.000010	0.000010	0.000010	0.992623	0.000010	0.000010	0.000010	0.000010	LD_0.9_10_1230
NIC802	0.000010	0.000010	0.000010	0.000010	0.000010	0.999910	0.000010	0.000010	0.000010	0.000010	LD_0.9_10_1230
NIC803	0.000010	0.000010	0.000010	0.000010	0.000010	0.999910	0.000010	0.000010	0.000010	0.000010	LD_0.9_10_1230
NIC805	0.000010	0.000010	0.000010	0.000010	0.000010	0.000010	0.000010	0.000010	0.999910	0.000010	LD_0.9_10_1230
NIC811	0.000010	0.000010	0.035119	0.000010	0.000010	0.964801	0.000010	0.000010	0.000010	0.000010	LD_0.9_10_1230
NIC814	0.000010	0.000010	0.000014	0.000010	0.000010	0.000010	0.000010	0.000010	0.999906	0.000010	LD_0.9_10_1230
NIC815	0.000010	0.000010	0.000010	0.000010	0.000010	0.000010	0.000010	0.000010	0.999910	0.000010	LD_0.9_10_1230
NIC816	0.999910	0.000010	0.000010	0.000010	0.000010	0.000010	0.000010	0.000010	0.000010	0.000010	LD_0.9_10_1230
NIC819	0.639959	0.000010	0.000010	0.000010	0.000010	0.145399	0.000010	0.000010	0.208398	0.006185	LD_0.9_10_1230
NIC821	0.000010	0.000010	0.000010	0.000010	0.003836	0.996084	0.000010	0.000010	0.000010	0.000010	LD_0.9_10_1230
NIC822	0.000010	0.000010	0.000010	0.000010	0.000010	0.000010	0.000010	0.835829	0.164091	0.000010	LD_0.9_10_1230
NIC824	0.000010	0.000010	0.000010	0.000010	0.000010	0.000010	0.000010	0.000010	0.999910	0.000010	LD_0.9_10_1230
NIC825	0.999910	0.000010	0.000010	0.000010	0.000010	0.000010	0.000010	0.000010	0.000010	0.000010	LD_0.9_10_1230
NIC827	0.999910	0.000010	0.000010	0.000010	0.000010	0.000010	0.000010	0.000010	0.000010	0.000010	LD_0.9_10_1230
NIC828	0.999910	0.000010	0.000010	0.000010	0.000010	0.000010	0.000010	0.000010	0.000010	0.000010	LD_0.9_10_1230
NIC863	0.000010	0.000010	0.000010	0.000010	0.000010	0.000018	0.000010	0.000013	0.999899	0.000010	LD_0.9_10_1230
NIC864	0.000010	0.000010	0.000015	0.000010	0.000010	0.000010	0.000010	0.000010	0.999905	0.000010	LD_0.9_10_1230
NIC865	0.000010	0.000010	0.000010	0.000010	0.000010	0.000013	0.000010	0.000010	0.999907	0.000010	LD_0.9_10_1230
NIC871	0.000010	0.000010	0.000010	0.000010	0.000010	0.999910	0.000010	0.000010	0.000010	0.000010	LD_0.9_10_1230
NIC883	0.000010	0.000010	0.000010	0.000010	0.000010	0.999910	0.000010	0.000010	0.000010	0.000010	LD_0.9_10_1230
NIC889	0.000010	0.000010	0.000010	0.000010	0.000010	0.000010	0.000010	0.000010	0.999910	0.000010	LD_0.9_10_1230
NIC893	0.098967	0.000010	0.000010	0.687700	0.000010	0.000010	0.000010	0.000010	0.083474	0.129798	LD_0.9_10_1230
NIC897	0.000010	0.000010	0.000010	0.000010	0.000010	0.000010	0.000010	0.000010	0.999910	0.000010	LD_0.9_10_1230
NIC899	0.000010	0.000010	0.000010	0.000010	0.000010	0.000010	0.000010	0.000010	0.000010	0.999910	LD_0.9_10_1230
NIC901	0.000010	0.000010	0.000010	0.000010	0.000010	0.999910	0.000010	0.000010	0.000010	0.000010	LD_0.9_10_1230
NIC911	0.000010	0.000010	0.000010	0.000010	0.000010	0.999910	0.000010	0.000010	0.000010	0.000010	LD_0.9_10_1230
NIC96	0.000010	0.000010	0.000010	0.000010	0.500368	0.499552	0.000010	0.000010	0.000010	0.000010	LD_0.9_10_1230
NIC984	0.000010	0.000010	0.000010	0.000010	0.000010	0.999910	0.000010	0.000010	0.000010	0.000010	LD_0.9_10_1230
NIC985	0.000010	0.000010	0.125243	0.000010	0.000010	0.874677	0.000010	0.000010	0.000010	0.000010	LD_0.9_10_1230
PB800	0.000010	0.000010	0.000010	0.000010	0.000010	0.000010	0.000010	0.000010	0.000010	0.999910	LD_0.9_10_1230
PB857	0.000010	0.000010	0.000010	0.000010	0.000010	0.000010	0.000010	0.000010	0.000010	0.999910	LD_0.9_10_1230
PE887	0.000010	0.000010	0.000010	0.000010	0.000010	0.999910	0.000010	0.000010	0.000010	0.000010	LD_0.9_10_1230
QG1005	0.000010	0.000010	0.000010	0.000010	0.999910	0.000010	0.000010	0.000010	0.000010	0.000010	LD_0.9_10_1230
QG1007	0.000010	0.000010	0.000010	0.000010	0.999910	0.000010	0.000010	0.000010	0.000010	0.000010	LD_0.9_10_1230
QG1111	0.000010	0.000010	0.000010	0.000010	0.999903	0.000017	0.000010	0.000010	0.000010	0.000010	LD_0.9_10_1230
QG1126	0.000010	0.000010	0.000010	0.000010	0.999910	0.000010	0.000010	0.000010	0.000010	0.000010	LD_0.9_10_1230
QG1141	0.000010	0.000010	0.000010	0.000010	0.988766	0.011154	0.000010	0.000010	0.000010	0.000010	LD_0.9_10_1230
QG1155	0.000010	0.000010	0.000013	0.000010	0.988806	0.011111	0.000010	0.000010	0.000010	0.000010	LD_0.9_10_1230
QG130	0.000010	0.000010	0.000016	0.000010	0.000010	0.999904	0.000010	0.000010	0.000010	0.000010	LD_0.9_10_1230
QG132	0.000010	0.000010	0.000010	0.000010	0.000010	0.999910	0.000010	0.000010	0.000010	0.000010	LD_0.9_10_1230
QG133	0.000010	0.000010	0.000010	0.000010	0.000010	0.018601	0.000010	0.000010	0.981319	0.000010	LD_0.9_10_1230
QG2641	0.000010	0.000010	0.000010	0.000010	0.999902	0.000018	0.000010	0.000010	0.000010	0.000010	LD_0.9_10_1230
QG2648	0.000010	0.000010	0.000010	0.000010	0.999910	0.000010	0.000010	0.000010	0.000010	0.000010	LD_0.9_10_1230
QG2659	0.000010	0.000010	0.000010	0.000017	0.999903	0.000010	0.000010	0.000010	0.000010	0.000010	LD_0.9_10_1230
QG2663	0.000010	0.000010	0.000010	0.000010	0.999910	0.000010	0.000010	0.000010	0.000010	0.000010	LD_0.9_10_1230
QG2665	0.000010	0.000010	0.000010	0.000010	0.999910	0.000010	0.000010	0.000010	0.000010	0.000010	LD_0.9_10_1230
QG2683	0.000010	0.000010	0.000010	0.000010	0.999910	0.000010	0.000010	0.000010	0.000010	0.000010	LD_0.9_10_1230
QG2736	0.000010	0.000010	0.000010	0.000010	0.999910	0.000010	0.000010	0.000010	0.000010	0.000010	LD_0.9_10_1230
QG2814	0.000010	0.000010	0.000010	0.000010	0.000010	0.999910	0.000010	0.000010	0.000010	0.000010	LD_0.9_10_1230
QG2820	0.000010	0.000010	0.000010	0.000010	0.000010	0.999910	0.000010	0.000010	0.000010	0.000010	LD_0.9_10_1230
QG2848	0.000010	0.000010	0.000010	0.000010	0.000010	0.999910	0.000010	0.000010	0.000010	0.000010	LD_0.9_10_1230
QG2880	0.000010	0.000010	0.000010	0.999910	0.000010	0.000010	0.000010	0.000010	0.000010	0.000010	LD_0.9_10_1230
QG2881	0.000010	0.000010	0.000010	0.000010	0.000010	0.999910	0.000010	0.000010	0.000010	0.000010	LD_0.9_10_1230
QG2883	0.000010	0.000010	0.000010	0.000010	0.000010	0.999910	0.000010	0.000010	0.000010	0.000010	LD_0.9_10_1230
QG2884	0.000010	0.000010	0.000010	0.999910	0.000010	0.000010	0.000010	0.000010	0.000010	0.000010	LD_0.9_10_1230
QG2891	0.000010	0.999903	0.000010	0.000010	0.000014	0.000010	0.000010	0.000013	0.000010	0.000010	LD_0.9_10_1230
QG2892	0.000010	0.000010	0.000010	0.999910	0.000010	0.000010	0.000010	0.000010	0.000010	0.000010	LD_0.9_10_1230
QG2893	0.000010	0.529528	0.000015	0.000010	0.000019	0.000014	0.470375	0.000010	0.000010	0.000010	LD_0.9_10_1230
QG2895	0.000010	0.000010	0.000010	0.999909	0.000011	0.000010	0.000010	0.000010	0.000010	0.000010	LD_0.9_10_1230
QG2902	0.000010	0.000010	0.000010	0.999910	0.000010	0.000010	0.000010	0.000010	0.000010	0.000010	LD_0.9_10_1230
QG2903	0.000010	0.000010	0.000010	0.999910	0.000010	0.000010	0.000010	0.000010	0.000010	0.000010	LD_0.9_10_1230
QG2906	0.000010	0.000010	0.000010	0.999910	0.000010	0.000010	0.000010	0.000010	0.000010	0.000010	LD_0.9_10_1230
QG2908	0.000010	0.539324	0.000010	0.000013	0.000016	0.000017	0.460580	0.000010	0.000010	0.000010	LD_0.9_10_1230
QG2910	0.000010	0.000010	0.000010	0.000010	0.000017	0.999903	0.000010	0.000010	0.000010	0.000010	LD_0.9_10_1230
QG2919	0.000010	0.999910	0.000010	0.000010	0.000010	0.000010	0.000010	0.000010	0.000010	0.000010	LD_0.9_10_1230
QG2923	0.000010	0.000010	0.000010	0.999910	0.000010	0.000010	0.000010	0.000010	0.000010	0.000010	LD_0.9_10_1230
QG2925	0.000010	0.000010	0.000010	0.999910	0.000010	0.000010	0.000010	0.000010	0.000010	0.000010	LD_0.9_10_1230
QG2964	0.000010	0.000010	0.000010	0.000010	0.999910	0.000010	0.000010	0.000010	0.000010	0.000010	LD_0.9_10_1230
QG2966	0.000010	0.000010	0.000010	0.000010	0.640782	0.359136	0.000010	0.000010	0.000012	0.000010	LD_0.9_10_1230
QG2969	0.000010	0.000010	0.000010	0.000010	0.999910	0.000010	0.000010	0.000010	0.000010	0.000010	LD_0.9_10_1230
QG2972	0.000010	0.000010	0.000010	0.000010	0.999910	0.000010	0.000010	0.000010	0.000010	0.000010	LD_0.9_10_1230
QG2996	0.000010	0.000010	0.000010	0.000010	0.999910	0.000010	0.000010	0.000010	0.000010	0.000010	LD_0.9_10_1230
QG3004	0.000010	0.000010	0.000010	0.000010	0.839574	0.160346	0.000010	0.000010	0.000010	0.000010	LD_0.9_10_1230
QG3006	0.000010	0.000010	0.000010	0.000010	0.999905	0.000015	0.000010	0.000010	0.000010	0.000010	LD_0.9_10_1230
QG3019	0.000010	0.000010	0.000010	0.000010	0.954747	0.045173	0.000010	0.000010	0.000010	0.000010	LD_0.9_10_1230
QG3025	0.000010	0.000010	0.000010	0.000010	0.999909	0.000011	0.000010	0.000010	0.000010	0.000010	LD_0.9_10_1230
QG3030	0.000010	0.000010	0.000010	0.000010	0.999910	0.000010	0.000010	0.000010	0.000010	0.000010	LD_0.9_10_1230
QG3032	0.000010	0.000010	0.000010	0.000010	0.835496	0.164417	0.000010	0.000010	0.000017	0.000010	LD_0.9_10_1230
QG3034	0.000010	0.000010	0.000010	0.000010	0.999910	0.000010	0.000010	0.000010	0.000010	0.000010	LD_0.9_10_1230
QG3041	0.000010	0.000010	0.000010	0.000010	0.999910	0.000010	0.000010	0.000010	0.000010	0.000010	LD_0.9_10_1230
QG3053	0.000010	0.000010	0.000010	0.000010	0.000010	0.999910	0.000010	0.000010	0.000010	0.000010	LD_0.9_10_1230
QG3056	0.000010	0.000010	0.000010	0.000010	0.636828	0.363092	0.000010	0.000010	0.000010	0.000010	LD_0.9_10_1230
QG3057	0.000010	0.000010	0.000010	0.000010	0.999910	0.000010	0.000010	0.000010	0.000010	0.000010	LD_0.9_10_1230
QG3058	0.000010	0.000010	0.000010	0.000010	0.999910	0.000010	0.000010	0.000010	0.000010	0.000010	LD_0.9_10_1230
QG3527	0.000010	0.000010	0.000010	0.000010	0.169192	0.830728	0.000010	0.000010	0.000010	0.000010	LD_0.9_10_1230
QG3661	0.000010	0.000010	0.000010	0.000010	0.000010	0.000010	0.000010	0.000010	0.000010	0.999910	LD_0.9_10_1230
QG3783	0.000010	0.000010	0.000010	0.000010	0.128522	0.871398	0.000010	0.000010	0.000010	0.000010	LD_0.9_10_1230
QG3801	0.000010	0.000010	0.000010	0.000010	0.949177	0.050743	0.000010	0.000010	0.000010	0.000010	LD_0.9_10_1230
QG3815	0.000010	0.000010	0.000018	0.000010	0.133932	0.865980	0.000010	0.000010	0.000010	0.000010	LD_0.9_10_1230
QG3816	0.000010	0.000010	0.000019	0.000010	0.104962	0.894950	0.000010	0.000010	0.000010	0.000010	LD_0.9_10_1230
QG3823	0.000010	0.000010	0.000010	0.000010	0.942949	0.056971	0.000010	0.000010	0.000010	0.000010	LD_0.9_10_1230
QG3825	0.000010	0.000010	0.000018	0.000010	0.040847	0.959065	0.000010	0.000010	0.000010	0.000010	LD_0.9_10_1230
QG3826	0.000010	0.000010	0.000010	0.000010	0.132751	0.867169	0.000010	0.000010	0.000010	0.000010	LD_0.9_10_1230
QG3837	0.000010	0.000010	0.000010	0.000010	0.029987	0.969933	0.000010	0.000010	0.000010	0.000010	LD_0.9_10_1230
QG3851	0.000010	0.000010	0.000010	0.000010	0.146074	0.853846	0.000010	0.000010	0.000010	0.000010	LD_0.9_10_1230
QG3861	0.000010	0.000010	0.000010	0.000010	0.116432	0.883488	0.000010	0.000010	0.000010	0.000010	LD_0.9_10_1230
QG3867	0.000010	0.000010	0.000010	0.000010	0.912462	0.087458	0.000010	0.000010	0.000010	0.000010	LD_0.9_10_1230
QG3874	0.000010	0.000010	0.000010	0.000010	0.045268	0.954652	0.000010	0.000010	0.000010	0.000010	LD_0.9_10_1230
QG3875	0.000010	0.000010	0.000010	0.000010	0.105569	0.894351	0.000010	0.000010	0.000010	0.000010	LD_0.9_10_1230
QG3876	0.000010	0.000010	0.000010	0.000010	0.141885	0.858035	0.000010	0.000010	0.000010	0.000010	LD_0.9_10_1230
QG3878	0.000010	0.000010	0.000010	0.000010	0.112714	0.887206	0.000010	0.000010	0.000010	0.000010	LD_0.9_10_1230
QG3920	0.000010	0.000010	0.000010	0.000010	0.180744	0.819176	0.000010	0.000010	0.000010	0.000010	LD_0.9_10_1230
QG3921	0.000010	0.000010	0.000010	0.000010	0.163630	0.836290	0.000010	0.000010	0.000010	0.000010	LD_0.9_10_1230
QG3923	0.000010	0.000010	0.000010	0.000010	0.065640	0.934280	0.000010	0.000010	0.000010	0.000010	LD_0.9_10_1230
QG3924	0.000010	0.000010	0.000010	0.000010	0.338685	0.661235	0.000010	0.000010	0.000010	0.000010	LD_0.9_10_1230
QG3925	0.000010	0.000010	0.000010	0.000010	0.155036	0.844884	0.000010	0.000010	0.000010	0.000010	LD_0.9_10_1230
QG3926	0.000010	0.000010	0.000010	0.000010	0.122191	0.877729	0.000010	0.000010	0.000010	0.000010	LD_0.9_10_1230
QG3927	0.000010	0.000010	0.000010	0.000016	0.129517	0.870397	0.000010	0.000010	0.000010	0.000010	LD_0.9_10_1230
QG3931	0.000010	0.000010	0.000010	0.000010	0.337115	0.662799	0.000010	0.000010	0.000016	0.000010	LD_0.9_10_1230
QG3932	0.000010	0.000010	0.000010	0.000010	0.165000	0.834920	0.000010	0.000010	0.000010	0.000010	LD_0.9_10_1230
QG3933	0.000010	0.000010	0.000010	0.000010	0.000010	0.999910	0.000010	0.000010	0.000010	0.000010	LD_0.9_10_1230
QG4026	0.000010	0.999910	0.000010	0.000010	0.000010	0.000010	0.000010	0.000010	0.000010	0.000010	LD_0.9_10_1230
QG4028	0.000010	0.999908	0.000010	0.000012	0.000010	0.000010	0.000010	0.000010	0.000010	0.000010	LD_0.9_10_1230
QG4031	0.000010	0.999910	0.000010	0.000010	0.000010	0.000010	0.000010	0.000010	0.000010	0.000010	LD_0.9_10_1230
QG4063	0.000010	0.999904	0.000010	0.000010	0.000010	0.000010	0.000016	0.000010	0.000010	0.000010	LD_0.9_10_1230
QG4064	0.000010	0.999910	0.000010	0.000010	0.000010	0.000010	0.000010	0.000010	0.000010	0.000010	LD_0.9_10_1230
QG4067	0.000010	0.999910	0.000010	0.000010	0.000010	0.000010	0.000010	0.000010	0.000010	0.000010	LD_0.9_10_1230
QG4068	0.000010	0.999910	0.000010	0.000010	0.000010	0.000010	0.000010	0.000010	0.000010	0.000010	LD_0.9_10_1230
QG4070	0.000010	0.000010	0.000010	0.000010	0.000010	0.999910	0.000010	0.000010	0.000010	0.000010	LD_0.9_10_1230
QG4093	0.000010	0.903930	0.000010	0.000010	0.000010	0.000010	0.095990	0.000010	0.000010	0.000010	LD_0.9_10_1230
QG4094	0.000010	0.999903	0.000010	0.000010	0.000010	0.000010	0.000010	0.000017	0.000010	0.000010	LD_0.9_10_1230
QG4095	0.000010	0.999910	0.000010	0.000010	0.000010	0.000010	0.000010	0.000010	0.000010	0.000010	LD_0.9_10_1230
QG4096	0.000010	0.999910	0.000010	0.000010	0.000010	0.000010	0.000010	0.000010	0.000010	0.000010	LD_0.9_10_1230
QG4097	0.000010	0.999901	0.000010	0.000010	0.000010	0.000010	0.000010	0.000019	0.000010	0.000010	LD_0.9_10_1230
QG4104	0.000010	0.999910	0.000010	0.000010	0.000010	0.000010	0.000010	0.000010	0.000010	0.000010	LD_0.9_10_1230
QG4114	0.000010	0.999907	0.000010	0.000010	0.000010	0.000013	0.000010	0.000010	0.000010	0.000010	LD_0.9_10_1230
QG4131	0.000010	0.999902	0.000010	0.000010	0.000010	0.000018	0.000010	0.000010	0.000010	0.000010	LD_0.9_10_1230
QG4132	0.000010	0.999910	0.000010	0.000010	0.000010	0.000010	0.000010	0.000010	0.000010	0.000010	LD_0.9_10_1230
QG4208	0.000010	0.879538	0.000010	0.000010	0.000010	0.000010	0.120382	0.000010	0.000010	0.000010	LD_0.9_10_1230
QG4214	0.000010	0.999910	0.000010	0.000010	0.000010	0.000010	0.000010	0.000010	0.000010	0.000010	LD_0.9_10_1230
QG4225	0.000010	0.999910	0.000010	0.000010	0.000010	0.000010	0.000010	0.000010	0.000010	0.000010	LD_0.9_10_1230
QG4232	0.000010	0.981342	0.000010	0.000010	0.000010	0.000010	0.018578	0.000010	0.000010	0.000010	LD_0.9_10_1230
QG4233	0.000010	0.999907	0.000010	0.000010	0.000010	0.000010	0.000010	0.000013	0.000010	0.000010	LD_0.9_10_1230
QG4647	0.000010	0.000010	0.000010	0.999910	0.000010	0.000010	0.000010	0.000010	0.000010	0.000010	LD_0.9_10_1230
QG4648	0.000010	0.000010	0.000010	0.003371	0.000010	0.996549	0.000010	0.000010	0.000010	0.000010	LD_0.9_10_1230
QG4683	0.000010	0.000010	0.000017	0.000010	0.000010	0.999903	0.000010	0.000010	0.000010	0.000010	LD_0.9_10_1230
QG4701	0.000010	0.000010	0.000010	0.528083	0.000010	0.471837	0.000010	0.000010	0.000010	0.000010	LD_0.9_10_1230
QG4706	0.000010	0.000010	0.000010	0.000010	0.000010	0.999910	0.000010	0.000010	0.000010	0.000010	LD_0.9_10_1230
QG4718	0.000010	0.000010	0.000010	0.000010	0.000010	0.999910	0.000010	0.000010	0.000010	0.000010	LD_0.9_10_1230
QG4742	0.000010	0.000010	0.000010	0.017850	0.000010	0.982070	0.000010	0.000010	0.000010	0.000010	LD_0.9_10_1230
QG4805	0.000010	0.000010	0.000010	0.999910	0.000010	0.000010	0.000010	0.000010	0.000010	0.000010	LD_0.9_10_1230
QG4847	0.000010	0.000010	0.000010	0.000010	0.000010	0.999910	0.000010	0.000010	0.000010	0.000010	LD_0.9_10_1230
QG4966	0.000010	0.000010	0.000014	0.000010	0.000010	0.999906	0.000010	0.000010	0.000010	0.000010	LD_0.9_10_1230
QG5348	0.000010	0.000010	0.000018	0.000010	0.000010	0.999902	0.000010	0.000010	0.000010	0.000010	LD_0.9_10_1230
QG5406	0.000010	0.000010	0.000017	0.000010	0.000010	0.999903	0.000010	0.000010	0.000010	0.000010	LD_0.9_10_1230
QG547	0.000010	0.000010	0.000010	0.000010	0.000010	0.000010	0.000010	0.000010	0.000010	0.999910	LD_0.9_10_1230
QG5474	0.000010	0.000010	0.000010	0.604926	0.000010	0.394994	0.000010	0.000010	0.000010	0.000010	LD_0.9_10_1230
QG5488	0.000010	0.000010	0.000010	0.000010	0.000010	0.999910	0.000010	0.000010	0.000010	0.000010	LD_0.9_10_1230
QG550	0.000010	0.000010	0.531103	0.033980	0.000010	0.434847	0.000010	0.000010	0.000010	0.000010	LD_0.9_10_1230
QG5507	0.000010	0.000010	0.000010	0.176042	0.000010	0.823878	0.000010	0.000010	0.000010	0.000010	LD_0.9_10_1230
QG5525	0.000010	0.000010	0.000010	0.000010	0.000010	0.999910	0.000010	0.000010	0.000010	0.000010	LD_0.9_10_1230
QG5589	0.000010	0.000010	0.000010	0.781018	0.000010	0.218902	0.000010	0.000010	0.000010	0.000010	LD_0.9_10_1230
QG5603	0.000010	0.000010	0.000010	0.610752	0.000010	0.389168	0.000010	0.000010	0.000010	0.000010	LD_0.9_10_1230
QG5611	0.000010	0.000010	0.000010	0.000010	0.000010	0.999910	0.000010	0.000010	0.000010	0.000010	LD_0.9_10_1230
QG5612	0.000010	0.000010	0.000010	0.000010	0.015611	0.984309	0.000010	0.000010	0.000010	0.000010	LD_0.9_10_1230
QG5633	0.000010	0.000010	0.000010	0.008221	0.000010	0.991699	0.000010	0.000010	0.000010	0.000010	LD_0.9_10_1230
QG581	0.000010	0.000010	0.000010	0.000010	0.000010	0.000010	0.000010	0.000010	0.000010	0.999910	LD_0.9_10_1230
QG588	0.000010	0.000010	0.000010	0.000010	0.000010	0.000010	0.000010	0.000010	0.000010	0.999910	LD_0.9_10_1230
QG700	0.000010	0.000010	0.000010	0.000010	0.875871	0.124049	0.000010	0.000010	0.000010	0.000010	LD_0.9_10_1230
QG727	0.000010	0.000010	0.000010	0.000010	0.999910	0.000010	0.000010	0.000010	0.000010	0.000010	LD_0.9_10_1230
QG733	0.000010	0.000010	0.000010	0.000010	0.999910	0.000010	0.000010	0.000010	0.000010	0.000010	LD_0.9_10_1230
QG736	0.000010	0.000010	0.000010	0.000010	0.999910	0.000010	0.000010	0.000010	0.000010	0.000010	LD_0.9_10_1230
QG737	0.000010	0.000010	0.000010	0.000010	0.999910	0.000010	0.000010	0.000010	0.000010	0.000010	LD_0.9_10_1230
QG739	0.000010	0.000010	0.000010	0.000010	0.999910	0.000010	0.000010	0.000010	0.000010	0.000010	LD_0.9_10_1230
QG761	0.000010	0.000010	0.000010	0.000010	0.802514	0.197406	0.000010	0.000010	0.000010	0.000010	LD_0.9_10_1230
QG763	0.000010	0.000010	0.000010	0.000010	0.999910	0.000010	0.000010	0.000010	0.000010	0.000010	LD_0.9_10_1230
QG776	0.000010	0.000010	0.000010	0.000010	0.990731	0.009189	0.000010	0.000010	0.000010	0.000010	LD_0.9_10_1230
QG781	0.000010	0.000010	0.000010	0.000010	0.999910	0.000010	0.000010	0.000010	0.000010	0.000010	LD_0.9_10_1230
QG784	0.000010	0.000010	0.000010	0.000010	0.999910	0.000010	0.000010	0.000010	0.000010	0.000010	LD_0.9_10_1230
QG786	0.000010	0.000010	0.000010	0.000010	0.999906	0.000014	0.000010	0.000010	0.000010	0.000010	LD_0.9_10_1230
QG788	0.000010	0.000010	0.000010	0.000010	0.999910	0.000010	0.000010	0.000010	0.000010	0.000010	LD_0.9_10_1230
QG790	0.000010	0.000010	0.000010	0.000010	0.999910	0.000010	0.000010	0.000010	0.000010	0.000010	LD_0.9_10_1230
QG791	0.000010	0.000010	0.000010	0.000010	0.959314	0.040606	0.000010	0.000010	0.000010	0.000010	LD_0.9_10_1230
QG795	0.000010	0.000010	0.000010	0.000010	0.768533	0.231387	0.000010	0.000010	0.000010	0.000010	LD_0.9_10_1230
QG797	0.000010	0.000010	0.000010	0.000010	0.999910	0.000010	0.000010	0.000010	0.000010	0.000010	LD_0.9_10_1230
QG802	0.000010	0.000010	0.000010	0.000010	0.999910	0.000010	0.000010	0.000010	0.000010	0.000010	LD_0.9_10_1230
QG804	0.000010	0.000010	0.000010	0.000010	0.999910	0.000010	0.000010	0.000010	0.000010	0.000010	LD_0.9_10_1230
QG806	0.000010	0.000010	0.000010	0.000010	0.999910	0.000010	0.000010	0.000010	0.000010	0.000010	LD_0.9_10_1230
QG807	0.000010	0.000010	0.000011	0.000010	0.999909	0.000010	0.000010	0.000010	0.000010	0.000010	LD_0.9_10_1230
QG808	0.000010	0.000010	0.000014	0.000010	0.978124	0.021792	0.000010	0.000010	0.000010	0.000010	LD_0.9_10_1230
QG809	0.000010	0.000010	0.000010	0.000010	0.999910	0.000010	0.000010	0.000010	0.000010	0.000010	LD_0.9_10_1230
QG825	0.000010	0.000010	0.000010	0.000010	0.999910	0.000010	0.000010	0.000010	0.000010	0.000010	LD_0.9_10_1230
QG827	0.000010	0.000010	0.000016	0.000010	0.999904	0.000010	0.000010	0.000010	0.000010	0.000010	LD_0.9_10_1230
QG828	0.000010	0.000010	0.000010	0.000010	0.999910	0.000010	0.000010	0.000010	0.000010	0.000010	LD_0.9_10_1230
QG833	0.000010	0.000010	0.000010	0.000010	0.972495	0.027425	0.000010	0.000010	0.000010	0.000010	LD_0.9_10_1230
QG855	0.000010	0.000010	0.000010	0.000010	0.986816	0.013104	0.000010	0.000010	0.000010	0.000010	LD_0.9_10_1230
QG856	0.000010	0.000010	0.000010	0.000010	0.999910	0.000010	0.000010	0.000010	0.000010	0.000010	LD_0.9_10_1230
QG858	0.000010	0.000010	0.000010	0.000010	0.999910	0.000010	0.000010	0.000010	0.000010	0.000010	LD_0.9_10_1230
QG860	0.000010	0.000010	0.000010	0.000010	0.823653	0.176267	0.000010	0.000010	0.000010	0.000010	LD_0.9_10_1230
QG864	0.000010	0.000010	0.000010	0.000010	0.999910	0.000010	0.000010	0.000010	0.000010	0.000010	LD_0.9_10_1230
QG865	0.000010	0.000010	0.000010	0.000010	0.999910	0.000010	0.000010	0.000010	0.000010	0.000010	LD_0.9_10_1230
QG866	0.000010	0.000010	0.000012	0.000010	0.999908	0.000010	0.000010	0.000010	0.000010	0.000010	LD_0.9_10_1230
QG868	0.000010	0.000010	0.000010	0.000010	0.999910	0.000010	0.000010	0.000010	0.000010	0.000010	LD_0.9_10_1230
QG874	0.000010	0.000010	0.000010	0.000010	0.999910	0.000010	0.000010	0.000010	0.000010	0.000010	LD_0.9_10_1230
QG875	0.000010	0.000010	0.000010	0.000010	0.999903	0.000017	0.000010	0.000010	0.000010	0.000010	LD_0.9_10_1230
QG878	0.000010	0.000010	0.000015	0.000010	0.985310	0.014605	0.000010	0.000010	0.000010	0.000010	LD_0.9_10_1230
QG879	0.000010	0.000010	0.000010	0.000010	0.999910	0.000010	0.000010	0.000010	0.000010	0.000010	LD_0.9_10_1230
QG880	0.000010	0.000010	0.000010	0.000010	0.999910	0.000010	0.000010	0.000010	0.000010	0.000010	LD_0.9_10_1230
QG881	0.000010	0.000010	0.000010	0.000010	0.796173	0.203747	0.000010	0.000010	0.000010	0.000010	LD_0.9_10_1230
QG887	0.000010	0.000010	0.000010	0.000010	0.999910	0.000010	0.000010	0.000010	0.000010	0.000010	LD_0.9_10_1230
QG888	0.000010	0.000010	0.000010	0.000010	0.999902	0.000018	0.000010	0.000010	0.000010	0.000010	LD_0.9_10_1230
QG926	0.000010	0.000010	0.000012	0.000010	0.999908	0.000010	0.000010	0.000010	0.000010	0.000010	LD_0.9_10_1230
QG927	0.000010	0.000010	0.000010	0.000010	0.060769	0.939151	0.000010	0.000010	0.000010	0.000010	LD_0.9_10_1230
QG933	0.000010	0.000010	0.000010	0.000010	0.999909	0.000011	0.000010	0.000010	0.000010	0.000010	LD_0.9_10_1230
QG937	0.000010	0.000010	0.000010	0.000010	0.999906	0.000014	0.000010	0.000010	0.000010	0.000010	LD_0.9_10_1230
QG945	0.000010	0.000010	0.000010	0.000010	0.999910	0.000010	0.000010	0.000010	0.000010	0.000010	LD_0.9_10_1230
QG946	0.000010	0.000010	0.000010	0.000010	0.999910	0.000010	0.000010	0.000010	0.000010	0.000010	LD_0.9_10_1230
QG947	0.000010	0.000010	0.000013	0.000010	0.999907	0.000010	0.000010	0.000010	0.000010	0.000010	LD_0.9_10_1230
QG948	0.000010	0.000010	0.000010	0.000010	0.999910	0.000010	0.000010	0.000010	0.000010	0.000010	LD_0.9_10_1230
QG952	0.000010	0.000010	0.000010	0.000010	0.907767	0.092153	0.000010	0.000010	0.000010	0.000010	LD_0.9_10_1230
QG978	0.000010	0.000010	0.000017	0.000010	0.891806	0.108107	0.000010	0.000010	0.000010	0.000010	LD_0.9_10_1230
QG980	0.000010	0.000010	0.000010	0.000010	0.999910	0.000010	0.000010	0.000010	0.000010	0.000010	LD_0.9_10_1230
QG986	0.000010	0.000010	0.000010	0.000010	0.988699	0.011221	0.000010	0.000010	0.000010	0.000010	LD_0.9_10_1230
QG991	0.000010	0.000010	0.000010	0.000010	0.999910	0.000010	0.000010	0.000010	0.000010	0.000010	LD_0.9_10_1230
QG994	0.000010	0.000010	0.000010	0.000010	0.999901	0.000019	0.000010	0.000010	0.000010	0.000010	LD_0.9_10_1230
QG995	0.000010	0.000010	0.000010	0.000010	0.999910	0.000010	0.000010	0.000010	0.000010	0.000010	LD_0.9_10_1230
QG997	0.000010	0.000010	0.000010	0.000010	0.999910	0.000010	0.000010	0.000010	0.000010	0.000010	LD_0.9_10_1230
QG998	0.000010	0.000010	0.000010	0.000010	0.999910	0.000010	0.000010	0.000010	0.000010	0.000010	LD_0.9_10_1230
QR25	0.105843	0.000010	0.000010	0.004992	0.000010	0.136964	0.045675	0.000010	0.084160	0.622327	LD_0.9_10_1230
QX1410	0.000010	0.000010	0.000010	0.000010	0.000015	0.999905	0.000010	0.000010	0.000010	0.000010	LD_0.9_10_1230
QX1547	0.000010	0.000010	0.000010	0.000010	0.000010	0.000010	0.000010	0.000010	0.000010	0.999910	LD_0.9_10_1230
QX1795	0.000010	0.000010	0.000010	0.000010	0.000010	0.999910	0.000010	0.000010	0.000010	0.000010	LD_0.9_10_1230
QX1796	0.000010	0.000010	0.000010	0.000010	0.000010	0.999910	0.000010	0.000010	0.000010	0.000010	LD_0.9_10_1230
QX1798	0.000010	0.000010	0.000010	0.000010	0.000010	0.000010	0.000010	0.000010	0.999910	0.000010	LD_0.9_10_1230
QX1800	0.000010	0.000010	0.000010	0.000010	0.000010	0.999910	0.000010	0.000010	0.000010	0.000010	LD_0.9_10_1230
QX1801	0.000010	0.000010	0.000010	0.000010	0.000010	0.999910	0.000010	0.000010	0.000010	0.000010	LD_0.9_10_1230
QX1802	0.000010	0.000010	0.000010	0.000010	0.000010	0.999910	0.000010	0.000010	0.000010	0.000010	LD_0.9_10_1230
QX1803	0.000010	0.000010	0.000010	0.000011	0.000010	0.999909	0.000010	0.000010	0.000010	0.000010	LD_0.9_10_1230
QX1804	0.000010	0.000010	0.000010	0.000010	0.000010	0.999910	0.000010	0.000010	0.000010	0.000010	LD_0.9_10_1230
SOW18	0.000010	0.000010	0.000010	0.000010	0.000010	0.000010	0.000010	0.000010	0.000010	0.999910	LD_0.9_10_1230
SOW21	0.000010	0.000010	0.000018	0.000010	0.000010	0.000010	0.000010	0.000010	0.000010	0.999902	LD_0.9_10_1230
SOW22	0.000010	0.000010	0.000010	0.000010	0.000010	0.000010	0.000010	0.000010	0.000010	0.999910	LD_0.9_10_1230
TT3408	0.000010	0.000010	0.000010	0.000010	0.000016	0.999904	0.000010	0.000010	0.000010	0.000010	LD_0.9_10_1230
TT3411	0.000010	0.000010	0.000010	0.000010	0.000010	0.999910	0.000010	0.000010	0.000010	0.000010	LD_0.9_10_1230
TWN1772	0.000010	0.000010	0.000010	0.000010	0.000010	0.000010	0.000010	0.000010	0.999910	0.000010	LD_0.9_10_1230
TWN1824	0.999910	0.000010	0.000010	0.000010	0.000010	0.000010	0.000010	0.000010	0.000010	0.000010	LD_0.9_10_1230
TWN1899	0.999910	0.000010	0.000010	0.000010	0.000010	0.000010	0.000010	0.000010	0.000010	0.000010	LD_0.9_10_1230
TWN1907	0.000010	0.000010	0.000010	0.000010	0.000010	0.000010	0.000010	0.999910	0.000010	0.000010	LD_0.9_10_1230
TWN2919	0.000010	0.000010	0.000010	0.000010	0.000010	0.000010	0.000010	0.999910	0.000010	0.000010	LD_0.9_10_1230
TWN3077	0.000010	0.000010	0.000010	0.000010	0.000010	0.000010	0.000010	0.000010	0.999910	0.000010	LD_0.9_10_1230
UH1	0.000010	0.000010	0.000010	0.000010	0.000010	0.000010	0.000010	0.000010	0.999910	0.000010	LD_0.9_10_1230
VSL2201	0.000010	0.000010	0.597954	0.000010	0.000010	0.401966	0.000010	0.000010	0.000010	0.000010	LD_0.9_10_1230
VSL2207	0.000010	0.000010	0.000010	0.000010	0.000010	0.000010	0.999910	0.000010	0.000010	0.000010	LD_0.9_10_1230
VSL2209	0.000010	0.000010	0.000010	0.000010	0.000010	0.000010	0.999910	0.000010	0.000010	0.000010	LD_0.9_10_1230
VSL2210	0.000010	0.000010	0.000010	0.000010	0.000010	0.999910	0.000010	0.000010	0.000010	0.000010	LD_0.9_10_1230
VSL2212	0.000010	0.000010	0.000010	0.000010	0.000010	0.999910	0.000010	0.000010	0.000010	0.000010	LD_0.9_10_1230
VSL2213	0.000010	0.000010	0.999910	0.000010	0.000010	0.000010	0.000010	0.000010	0.000010	0.000010	LD_0.9_10_1230
VSL2215	0.000010	0.000010	0.832607	0.000010	0.000010	0.167313	0.000010	0.000010	0.000010	0.000010	LD_0.9_10_1230
VSL2216	0.000010	0.000010	0.999910	0.000010	0.000010	0.000010	0.000010	0.000010	0.000010	0.000010	LD_0.9_10_1230
VSL2217	0.000010	0.000010	0.000010	0.999898	0.000015	0.000010	0.000010	0.000010	0.000017	0.000010	LD_0.9_10_1230
VSL2219	0.000010	0.000010	0.000010	0.000010	0.000010	0.999910	0.000010	0.000010	0.000010	0.000010	LD_0.9_10_1230
VT847	0.000010	0.000010	0.000010	0.000010	0.000010	0.999910	0.000010	0.000010	0.000010	0.000010	LD_0.9_10_1230
VX34	0.102476	0.000010	0.000010	0.585689	0.000010	0.000010	0.036037	0.000010	0.006975	0.268772	LD_0.9_10_1230
XZ1204	0.000010	0.000010	0.379418	0.000010	0.000010	0.620502	0.000010	0.000010	0.000010	0.000010	LD_0.9_10_1230
XZ1205	0.000010	0.000010	0.944184	0.000010	0.000010	0.055726	0.000010	0.000010	0.000020	0.000010	LD_0.9_10_1230
XZ1206	0.000010	0.000010	0.941684	0.000013	0.000010	0.058227	0.000010	0.000010	0.000016	0.000010	LD_0.9_10_1230
XZ1207	0.000010	0.000010	0.007342	0.000010	0.000011	0.992577	0.000010	0.000010	0.000010	0.000010	LD_0.9_10_1230
XZ1210	0.000010	0.000010	0.000010	0.000011	0.000010	0.999909	0.000010	0.000010	0.000010	0.000010	LD_0.9_10_1230
XZ1212	0.000010	0.000010	0.000010	0.000010	0.007564	0.992356	0.000010	0.000010	0.000010	0.000010	LD_0.9_10_1230
XZ1213	0.000010	0.000010	0.000010	0.000010	0.000010	0.999910	0.000010	0.000010	0.000010	0.000010	LD_0.9_10_1230
XZ1731	0.000010	0.000010	0.000010	0.000010	0.000010	0.999910	0.000010	0.000010	0.000010	0.000010	LD_0.9_10_1230
XZ1732	0.000010	0.000010	0.000010	0.000010	0.000010	0.999910	0.000010	0.000010	0.000010	0.000010	LD_0.9_10_1230
ZZY0992	0.000010	0.000010	0.000010	0.999910	0.000010	0.000010	0.000010	0.000010	0.000010	0.000010	LD_0.9_10_1230
ZZY1034	0.000010	0.000010	0.000010	0.000010	0.000010	0.999910	0.000010	0.000010	0.000010	0.000010	LD_0.9_10_1230
ZZY1075	0.000010	0.000010	0.000010	0.000010	0.000010	0.999910	0.000010	0.000010	0.000010	0.000010	LD_0.9_10_1230
ZZY1123	0.000010	0.000010	0.000010	0.999910	0.000010	0.000010	0.000010	0.000010	0.000010	0.000010	LD_0.9_10_1230
ZZY1130	0.000010	0.000010	0.000010	0.000010	0.000010	0.999910	0.000010	0.000010	0.000010	0.000010	LD_0.9_10_1230
ZZY405	0.000010	0.000010	0.000010	0.000010	0.000010	0.999910	0.000010	0.000010	0.000010	0.000010	LD_0.9_10_1230
AF16	0.000010	0.999910	0.000010	0.000010	0.000010	0.000010	0.000010	0.000010	0.000010	0.000010	LD_0.9_10_1322
BRC20069	0.000010	0.999910	0.000010	0.000010	0.000010	0.000010	0.000010	0.000010	0.000010	0.000010	LD_0.9_10_1322
BRC20073	0.000010	0.999910	0.000010	0.000010	0.000010	0.000010	0.000010	0.000010	0.000010	0.000010	LD_0.9_10_1322
BRC20075	0.000010	0.000010	0.000010	0.000010	0.000010	0.000010	0.999910	0.000010	0.000010	0.000010	LD_0.9_10_1322
BRC20077	0.000010	0.999910	0.000010	0.000010	0.000010	0.000010	0.000010	0.000010	0.000010	0.000010	LD_0.9_10_1322
BRC20081	0.000010	0.000010	0.000010	0.000010	0.000010	0.000010	0.000010	0.000010	0.999910	0.000010	LD_0.9_10_1322
BRC20085	0.424388	0.575532	0.000010	0.000010	0.000010	0.000010	0.000010	0.000010	0.000010	0.000010	LD_0.9_10_1322
BRC20088	0.000010	0.000010	0.000010	0.000010	0.000011	0.000010	0.000010	0.000010	0.999909	0.000010	LD_0.9_10_1322
BRC20089	0.000010	0.999910	0.000010	0.000010	0.000010	0.000010	0.000010	0.000010	0.000010	0.000010	LD_0.9_10_1322
BRC20090	0.068046	0.931874	0.000010	0.000010	0.000010	0.000010	0.000010	0.000010	0.000010	0.000010	LD_0.9_10_1322
BRC20092	0.445005	0.554915	0.000010	0.000010	0.000010	0.000010	0.000010	0.000010	0.000010	0.000010	LD_0.9_10_1322
BRC20093	0.000010	0.999910	0.000010	0.000010	0.000010	0.000010	0.000010	0.000010	0.000010	0.000010	LD_0.9_10_1322
BRC20094	0.451563	0.548357	0.000010	0.000010	0.000010	0.000010	0.000010	0.000010	0.000010	0.000010	LD_0.9_10_1322
BRC20095	0.000010	0.999910	0.000010	0.000010	0.000010	0.000010	0.000010	0.000010	0.000010	0.000010	LD_0.9_10_1322
BRC20096	0.000010	0.999906	0.000010	0.000010	0.000014	0.000010	0.000010	0.000010	0.000010	0.000010	LD_0.9_10_1322
BRC20098	0.000010	0.999910	0.000010	0.000010	0.000010	0.000010	0.000010	0.000010	0.000010	0.000010	LD_0.9_10_1322
BRC20099	0.000010	0.999910	0.000010	0.000010	0.000010	0.000010	0.000010	0.000010	0.000010	0.000010	LD_0.9_10_1322
BRC20100	0.000010	0.999910	0.000010	0.000010	0.000010	0.000010	0.000010	0.000010	0.000010	0.000010	LD_0.9_10_1322
BRC20102	0.000010	0.999903	0.000010	0.000010	0.000010	0.000010	0.000017	0.000010	0.000010	0.000010	LD_0.9_10_1322
BRC20103	0.000010	0.999910	0.000010	0.000010	0.000010	0.000010	0.000010	0.000010	0.000010	0.000010	LD_0.9_10_1322
BRC20105	0.510138	0.489782	0.000010	0.000010	0.000010	0.000010	0.000010	0.000010	0.000010	0.000010	LD_0.9_10_1322
BRC20107	0.482997	0.516923	0.000010	0.000010	0.000010	0.000010	0.000010	0.000010	0.000010	0.000010	LD_0.9_10_1322
BRC20115	0.000010	0.000010	0.000010	0.000010	0.000010	0.000010	0.000017	0.000010	0.000010	0.999903	LD_0.9_10_1322
BRC20119	0.737914	0.262006	0.000010	0.000010	0.000010	0.000010	0.000010	0.000010	0.000010	0.000010	LD_0.9_10_1322
BRC20228	0.000010	0.999910	0.000010	0.000010	0.000010	0.000010	0.000010	0.000010	0.000010	0.000010	LD_0.9_10_1322
BRC20229	0.000010	0.000010	0.000010	0.000010	0.000011	0.000010	0.999909	0.000010	0.000010	0.000010	LD_0.9_10_1322
BRC20230	0.000010	0.000010	0.000010	0.000010	0.000010	0.000010	0.000017	0.000010	0.999903	0.000010	LD_0.9_10_1322
BRC20232	0.000010	0.000010	0.000010	0.000010	0.000010	0.000010	0.999910	0.000010	0.000010	0.000010	LD_0.9_10_1322
BRC20238	0.000010	0.000010	0.000010	0.000010	0.000010	0.000010	0.000010	0.000010	0.999910	0.000010	LD_0.9_10_1322
BRC20239	0.000010	0.000010	0.000010	0.000010	0.000010	0.000010	0.999910	0.000010	0.000010	0.000010	LD_0.9_10_1322
BRC20241	0.067330	0.932590	0.000010	0.000010	0.000010	0.000010	0.000010	0.000010	0.000010	0.000010	LD_0.9_10_1322
BRC20242	0.007565	0.992355	0.000010	0.000010	0.000010	0.000010	0.000010	0.000010	0.000010	0.000010	LD_0.9_10_1322
BRC20244	0.000010	0.000010	0.000012	0.000013	0.000010	0.000010	0.000010	0.000010	0.999905	0.000010	LD_0.9_10_1322
BRC20246	0.000010	0.000012	0.000015	0.000010	0.000016	0.000016	0.000010	0.000010	0.999892	0.000010	LD_0.9_10_1322
BRC20257	0.951138	0.000010	0.000010	0.000010	0.000010	0.000010	0.000013	0.048779	0.000010	0.000010	LD_0.9_10_1322
BRC20260	0.000010	0.999910	0.000010	0.000010	0.000010	0.000010	0.000010	0.000010	0.000010	0.000010	LD_0.9_10_1322
BRC20270	0.000010	0.000010	0.000010	0.000010	0.000010	0.000010	0.000010	0.000010	0.999910	0.000010	LD_0.9_10_1322
BRC20272	0.000010	0.000010	0.000010	0.000010	0.000010	0.000010	0.000010	0.000010	0.999910	0.000010	LD_0.9_10_1322
BRC20289	0.000010	0.000010	0.000010	0.000010	0.000010	0.000010	0.000010	0.000010	0.999910	0.000010	LD_0.9_10_1322
BRC20290	0.000010	0.000010	0.000010	0.000010	0.000010	0.000010	0.000010	0.000010	0.999910	0.000010	LD_0.9_10_1322
BRC20294	0.010171	0.989746	0.000010	0.000010	0.000010	0.000013	0.000010	0.000010	0.000010	0.000010	LD_0.9_10_1322
BRC20308	0.000010	0.000010	0.000010	0.000010	0.000010	0.000010	0.000010	0.000010	0.999910	0.000010	LD_0.9_10_1322
BRC20309	0.000010	0.000010	0.000010	0.000010	0.000010	0.000011	0.000010	0.000010	0.999909	0.000010	LD_0.9_10_1322
BRC20311	0.000010	0.000010	0.000010	0.000010	0.000018	0.000010	0.000010	0.000010	0.999901	0.000010	LD_0.9_10_1322
BRC20312	0.000010	0.000010	0.000010	0.000010	0.000013	0.000010	0.000010	0.000010	0.999907	0.000010	LD_0.9_10_1322
BRC20315	0.000010	0.000010	0.000010	0.000010	0.000014	0.000015	0.000010	0.000010	0.999902	0.000010	LD_0.9_10_1322
BRC20320	0.000010	0.000010	0.000010	0.000010	0.000010	0.000010	0.000010	0.000010	0.999910	0.000010	LD_0.9_10_1322
BRC20324	0.000010	0.356417	0.000010	0.000010	0.000010	0.000010	0.643503	0.000010	0.000010	0.000010	LD_0.9_10_1322
BRC20331	0.000010	0.000010	0.000010	0.000010	0.000010	0.000010	0.000010	0.000010	0.999910	0.000010	LD_0.9_10_1322
BRC20333	0.000010	0.000010	0.000010	0.000010	0.000010	0.000010	0.000010	0.000010	0.999910	0.000010	LD_0.9_10_1322
BRC20334	0.000010	0.000010	0.000010	0.000010	0.000010	0.000010	0.000010	0.000010	0.999910	0.000010	LD_0.9_10_1322
BRC20339	0.000010	0.000010	0.000010	0.000017	0.000010	0.000010	0.000010	0.000010	0.999903	0.000010	LD_0.9_10_1322
BRC20341	0.000010	0.000010	0.000010	0.000010	0.000015	0.000010	0.000017	0.000010	0.999898	0.000010	LD_0.9_10_1322
BRC20343	0.000010	0.000010	0.000010	0.000010	0.000010	0.000010	0.999910	0.000010	0.000010	0.000010	LD_0.9_10_1322
BRC20346	0.000010	0.000010	0.000010	0.000010	0.000016	0.000010	0.000011	0.000010	0.999903	0.000010	LD_0.9_10_1322
BRC20347	0.000010	0.000010	0.000010	0.000010	0.000010	0.000010	0.999910	0.000010	0.000010	0.000010	LD_0.9_10_1322
BRC20348	0.000010	0.000010	0.000010	0.000010	0.000010	0.000010	0.000010	0.000010	0.999910	0.000010	LD_0.9_10_1322
BRC20353	0.675444	0.324473	0.000011	0.000010	0.000012	0.000010	0.000010	0.000010	0.000010	0.000010	LD_0.9_10_1322
BRC20360	0.674913	0.325007	0.000010	0.000010	0.000010	0.000010	0.000010	0.000010	0.000010	0.000010	LD_0.9_10_1322
BRC20361	0.658649	0.341271	0.000010	0.000010	0.000010	0.000010	0.000010	0.000010	0.000010	0.000010	LD_0.9_10_1322
BRC20362	0.630077	0.369842	0.000010	0.000010	0.000010	0.000010	0.000011	0.000010	0.000010	0.000010	LD_0.9_10_1322
BRC20366	0.000016	0.000010	0.000011	0.000010	0.000010	0.000012	0.000010	0.000010	0.999901	0.000010	LD_0.9_10_1322
BRC20367	0.000010	0.000010	0.000010	0.000010	0.000010	0.000010	0.000010	0.000010	0.999910	0.000010	LD_0.9_10_1322
BRC20369	0.000010	0.999904	0.000011	0.000010	0.000010	0.000010	0.000015	0.000010	0.000010	0.000010	LD_0.9_10_1322
BRC20370	0.000010	0.000010	0.000010	0.000010	0.000010	0.000013	0.000010	0.000010	0.999907	0.000010	LD_0.9_10_1322
BRC20388	0.000010	0.000010	0.999908	0.000010	0.000010	0.000010	0.000012	0.000010	0.000010	0.000010	LD_0.9_10_1322
BRC20390	0.000010	0.000010	0.000010	0.000010	0.000010	0.000010	0.000010	0.000010	0.999910	0.000010	LD_0.9_10_1322
BRC20401	0.000010	0.999901	0.000010	0.000019	0.000010	0.000010	0.000010	0.000010	0.000010	0.000010	LD_0.9_10_1322
BRC20463	0.000010	0.000010	0.000010	0.000010	0.000010	0.000010	0.000010	0.000010	0.999910	0.000010	LD_0.9_10_1322
BRC20492	0.000011	0.000010	0.000010	0.000010	0.000010	0.000010	0.000010	0.000010	0.000010	0.999909	LD_0.9_10_1322
BRC20499	0.000010	0.000010	0.000010	0.000010	0.000010	0.000010	0.000010	0.000010	0.999910	0.000010	LD_0.9_10_1322
BRC20501	0.000010	0.000010	0.000010	0.000010	0.000010	0.000010	0.000010	0.000010	0.999910	0.000010	LD_0.9_10_1322
BRC20502	0.000010	0.000010	0.000010	0.999910	0.000010	0.000010	0.000010	0.000010	0.000010	0.000010	LD_0.9_10_1322
BRC20503	0.000010	0.000010	0.000010	0.999910	0.000010	0.000010	0.000010	0.000010	0.000010	0.000010	LD_0.9_10_1322
BRC20519	0.000010	0.000010	0.000017	0.000010	0.000010	0.000010	0.000010	0.000010	0.000010	0.999903	LD_0.9_10_1322
BRC20520	0.000010	0.000010	0.000010	0.000010	0.000010	0.000010	0.000010	0.000010	0.000010	0.999910	LD_0.9_10_1322
BRC20522	0.000010	0.000010	0.000010	0.000010	0.000010	0.000010	0.999910	0.000010	0.000010	0.000010	LD_0.9_10_1322
BRC20524	0.000010	0.000010	0.000010	0.000010	0.000010	0.000010	0.999910	0.000010	0.000010	0.000010	LD_0.9_10_1322
BRC20529	0.000010	0.000016	0.000010	0.000010	0.000010	0.000010	0.000013	0.000011	0.999900	0.000010	LD_0.9_10_1322
BRC20530	0.000018	0.000010	0.000010	0.000016	0.000010	0.000010	0.999895	0.000010	0.000011	0.000010	LD_0.9_10_1322
BRC20531	0.000010	0.000010	0.000010	0.000013	0.000010	0.000010	0.999907	0.000010	0.000010	0.000010	LD_0.9_10_1322
BRC20532	0.000010	0.000010	0.000010	0.000010	0.000010	0.000010	0.000010	0.000010	0.999910	0.000010	LD_0.9_10_1322
BRC20533	0.000010	0.000010	0.000010	0.000010	0.000010	0.000010	0.000010	0.000010	0.999910	0.000010	LD_0.9_10_1322
BRC20534	0.000010	0.000010	0.000010	0.000010	0.000010	0.000010	0.000010	0.000010	0.999910	0.000010	LD_0.9_10_1322
BRC20535	0.000010	0.000010	0.000010	0.000010	0.000010	0.000010	0.000010	0.000010	0.999910	0.000010	LD_0.9_10_1322
BRC20536	0.000010	0.000010	0.000010	0.000010	0.000010	0.000010	0.000010	0.000010	0.999910	0.000010	LD_0.9_10_1322
BRC20537	0.000010	0.000010	0.000010	0.000010	0.000013	0.000010	0.000010	0.000010	0.999907	0.000010	LD_0.9_10_1322
BRC20541	0.000010	0.000010	0.000010	0.000010	0.000011	0.000010	0.000010	0.000010	0.000010	0.999909	LD_0.9_10_1322
BRC20543	0.000010	0.000010	0.000010	0.000010	0.000010	0.000010	0.000010	0.000010	0.999910	0.000010	LD_0.9_10_1322
BRC20544	0.000011	0.000010	0.000010	0.000014	0.000010	0.000010	0.000010	0.000010	0.999905	0.000010	LD_0.9_10_1322
BRC20545	0.000010	0.000010	0.000010	0.000010	0.000010	0.000010	0.000010	0.000010	0.999910	0.000010	LD_0.9_10_1322
BRC20556	0.000010	0.999910	0.000010	0.000010	0.000010	0.000010	0.000010	0.000010	0.000010	0.000010	LD_0.9_10_1322
BRC20557	0.000010	0.000010	0.000010	0.000010	0.000010	0.000010	0.000010	0.000010	0.999910	0.000010	LD_0.9_10_1322
BRC20565	0.000010	0.999906	0.000013	0.000010	0.000011	0.000010	0.000010	0.000010	0.000010	0.000010	LD_0.9_10_1322
BRC20571	0.051653	0.948267	0.000010	0.000010	0.000010	0.000010	0.000010	0.000010	0.000010	0.000010	LD_0.9_10_1322
BRC20574	0.000010	0.999910	0.000010	0.000010	0.000010	0.000010	0.000010	0.000010	0.000010	0.000010	LD_0.9_10_1322
BW287	0.000010	0.000010	0.999910	0.000010	0.000010	0.000010	0.000010	0.000010	0.000010	0.000010	LD_0.9_10_1322
DF5100	0.000010	0.997029	0.000010	0.000010	0.000010	0.000010	0.000010	0.002891	0.000010	0.000010	LD_0.9_10_1322
ECA1129	0.000010	0.999905	0.000015	0.000010	0.000010	0.000010	0.000010	0.000010	0.000010	0.000010	LD_0.9_10_1322
ECA1143	0.000010	0.903868	0.000010	0.000010	0.000010	0.000010	0.000010	0.096052	0.000010	0.000010	LD_0.9_10_1322
ECA1147	0.000010	0.999897	0.000011	0.000019	0.000010	0.000010	0.000010	0.000013	0.000010	0.000010	LD_0.9_10_1322
ECA1149	0.000010	0.954715	0.000019	0.000010	0.000010	0.000010	0.000010	0.000010	0.045196	0.000010	LD_0.9_10_1322
ECA1160	0.000010	0.999910	0.000010	0.000010	0.000010	0.000010	0.000010	0.000010	0.000010	0.000010	LD_0.9_10_1322
ECA1164	0.000010	0.999907	0.000010	0.000010	0.000010	0.000010	0.000010	0.000013	0.000010	0.000010	LD_0.9_10_1322
ECA1170	0.000010	0.000010	0.000010	0.000010	0.000010	0.000010	0.000010	0.000010	0.999910	0.000010	LD_0.9_10_1322
ECA1174	0.000010	0.999910	0.000010	0.000010	0.000010	0.000010	0.000010	0.000010	0.000010	0.000010	LD_0.9_10_1322
ECA1383	0.000014	0.000010	0.000013	0.000012	0.000012	0.000010	0.000010	0.000010	0.999899	0.000010	LD_0.9_10_1322
ECA1411	0.000010	0.999910	0.000010	0.000010	0.000010	0.000010	0.000010	0.000010	0.000010	0.000010	LD_0.9_10_1322
ECA1423	0.000010	0.999910	0.000010	0.000010	0.000010	0.000010	0.000010	0.000010	0.000010	0.000010	LD_0.9_10_1322
ECA1429	0.000010	0.999908	0.000010	0.000010	0.000010	0.000010	0.000010	0.000012	0.000010	0.000010	LD_0.9_10_1322
ECA1431	0.000010	0.999910	0.000010	0.000010	0.000010	0.000010	0.000010	0.000010	0.000010	0.000010	LD_0.9_10_1322
ECA1437	0.000010	0.999910	0.000010	0.000010	0.000010	0.000010	0.000010	0.000010	0.000010	0.000010	LD_0.9_10_1322
ECA1439	0.000010	0.999906	0.000010	0.000010	0.000010	0.000010	0.000012	0.000010	0.000012	0.000010	LD_0.9_10_1322
ECA1443	0.000010	0.055137	0.000010	0.000010	0.000010	0.000010	0.000010	0.000010	0.944783	0.000010	LD_0.9_10_1322
ECA1471	0.000010	0.999910	0.000010	0.000010	0.000010	0.000010	0.000010	0.000010	0.000010	0.000010	LD_0.9_10_1322
ECA1489	0.000010	0.857300	0.000017	0.000010	0.000010	0.000010	0.000010	0.142611	0.000012	0.000010	LD_0.9_10_1322
ECA1507	0.000010	0.999910	0.000010	0.000010	0.000010	0.000010	0.000010	0.000010	0.000010	0.000010	LD_0.9_10_1322
ECA1509	0.000010	0.999910	0.000010	0.000010	0.000010	0.000010	0.000010	0.000010	0.000010	0.000010	LD_0.9_10_1322
ECA1517	0.000010	0.999504	0.000014	0.000010	0.000010	0.000010	0.000014	0.000408	0.000010	0.000010	LD_0.9_10_1322
ECA1521	0.000010	0.999910	0.000010	0.000010	0.000010	0.000010	0.000010	0.000010	0.000010	0.000010	LD_0.9_10_1322
ECA1555	0.000010	0.999910	0.000010	0.000010	0.000010	0.000010	0.000010	0.000010	0.000010	0.000010	LD_0.9_10_1322
ECA1559	0.000010	0.000014	0.000010	0.000010	0.000010	0.000010	0.000010	0.000010	0.999906	0.000010	LD_0.9_10_1322
ECA1563	0.000010	0.999902	0.000017	0.000010	0.000010	0.000010	0.000011	0.000010	0.000010	0.000010	LD_0.9_10_1322
ECA1571	0.000010	0.868586	0.000010	0.000010	0.000010	0.000010	0.000010	0.131334	0.000010	0.000010	LD_0.9_10_1322
ECA1587	0.000010	0.999898	0.000017	0.000016	0.000010	0.000010	0.000010	0.000010	0.000010	0.000010	LD_0.9_10_1322
ECA1605	0.000010	0.076348	0.000010	0.000010	0.000010	0.000010	0.000010	0.050893	0.872690	0.000010	LD_0.9_10_1322
ECA1609	0.000010	0.999905	0.000010	0.000010	0.000011	0.000010	0.000010	0.000013	0.000011	0.000010	LD_0.9_10_1322
ECA161	0.000010	0.999910	0.000010	0.000010	0.000010	0.000010	0.000010	0.000010	0.000010	0.000010	LD_0.9_10_1322
ECA1611	0.000010	0.999901	0.000019	0.000010	0.000010	0.000010	0.000010	0.000010	0.000010	0.000010	LD_0.9_10_1322
ECA1615	0.000010	0.999901	0.000019	0.000010	0.000010	0.000010	0.000010	0.000010	0.000010	0.000010	LD_0.9_10_1322
ECA162	0.000010	0.999910	0.000010	0.000010	0.000010	0.000010	0.000010	0.000010	0.000010	0.000010	LD_0.9_10_1322
ECA1621	0.000010	0.999910	0.000010	0.000010	0.000010	0.000010	0.000010	0.000010	0.000010	0.000010	LD_0.9_10_1322
ECA163	0.000010	0.000010	0.000010	0.999910	0.000010	0.000010	0.000010	0.000010	0.000010	0.000010	LD_0.9_10_1322
ECA1637	0.000010	0.999910	0.000010	0.000010	0.000010	0.000010	0.000010	0.000010	0.000010	0.000010	LD_0.9_10_1322
ECA1657	0.000010	0.999903	0.000010	0.000010	0.000010	0.000010	0.000010	0.000017	0.000010	0.000010	LD_0.9_10_1322
ECA1701	0.003664	0.990413	0.000010	0.000010	0.000010	0.000010	0.000010	0.005853	0.000010	0.000010	LD_0.9_10_1322
ECA175	0.000010	0.999910	0.000010	0.000010	0.000010	0.000010	0.000010	0.000010	0.000010	0.000010	LD_0.9_10_1322
ECA176	0.000010	0.999910	0.000010	0.000010	0.000010	0.000010	0.000010	0.000010	0.000010	0.000010	LD_0.9_10_1322
ECA177	0.000010	0.999910	0.000010	0.000010	0.000010	0.000010	0.000010	0.000010	0.000010	0.000010	LD_0.9_10_1322
ECA180	0.000010	0.999901	0.000010	0.000010	0.000010	0.000010	0.000010	0.000010	0.000019	0.000010	LD_0.9_10_1322
ECA182	0.000010	0.999903	0.000010	0.000017	0.000010	0.000010	0.000010	0.000010	0.000010	0.000010	LD_0.9_10_1322
ECA183	0.000010	0.999910	0.000010	0.000010	0.000010	0.000010	0.000010	0.000010	0.000010	0.000010	LD_0.9_10_1322
ECA185	0.000010	0.999910	0.000010	0.000010	0.000010	0.000010	0.000010	0.000010	0.000010	0.000010	LD_0.9_10_1322
ECA186	0.000010	0.999902	0.000010	0.000010	0.000010	0.000010	0.000010	0.000018	0.000010	0.000010	LD_0.9_10_1322
ECA2083	0.000010	0.999903	0.000010	0.000010	0.000012	0.000010	0.000010	0.000015	0.000010	0.000010	LD_0.9_10_1322
ECA2093	0.000010	0.999910	0.000010	0.000010	0.000010	0.000010	0.000010	0.000010	0.000010	0.000010	LD_0.9_10_1322
ECA2115	0.000010	0.999910	0.000010	0.000010	0.000010	0.000010	0.000010	0.000010	0.000010	0.000010	LD_0.9_10_1322
ECA2299	0.000010	0.000017	0.000010	0.000010	0.000010	0.000010	0.000010	0.000010	0.999903	0.000010	LD_0.9_10_1322
ECA2373	0.000010	0.959345	0.000010	0.000010	0.000010	0.000010	0.000010	0.040575	0.000010	0.000010	LD_0.9_10_1322
ECA2385	0.000010	0.000010	0.000018	0.000013	0.000015	0.000010	0.000010	0.000010	0.999894	0.000010	LD_0.9_10_1322
ECA2425	0.000010	0.999910	0.000010	0.000010	0.000010	0.000010	0.000010	0.000010	0.000010	0.000010	LD_0.9_10_1322
ECA2617	0.000010	0.000010	0.000010	0.000010	0.999910	0.000010	0.000010	0.000010	0.000010	0.000010	LD_0.9_10_1322
ECA2618	0.000010	0.000010	0.000010	0.000010	0.999910	0.000010	0.000010	0.000010	0.000010	0.000010	LD_0.9_10_1322
ECA2621	0.000010	0.000010	0.000010	0.000010	0.999910	0.000010	0.000010	0.000010	0.000010	0.000010	LD_0.9_10_1322
ECA2623	0.000010	0.973691	0.000010	0.000010	0.000010	0.000010	0.000010	0.026229	0.000010	0.000010	LD_0.9_10_1322
ECA2625	0.000010	0.999909	0.000011	0.000010	0.000010	0.000010	0.000010	0.000010	0.000010	0.000010	LD_0.9_10_1322
ECA2626	0.000010	0.999910	0.000010	0.000010	0.000010	0.000010	0.000010	0.000010	0.000010	0.000010	LD_0.9_10_1322
ECA2636	0.000010	0.999910	0.000010	0.000010	0.000010	0.000010	0.000010	0.000010	0.000010	0.000010	LD_0.9_10_1322
ECA2637	0.000010	0.999910	0.000010	0.000010	0.000010	0.000010	0.000010	0.000010	0.000010	0.000010	LD_0.9_10_1322
ECA2639	0.000010	0.000010	0.000010	0.000010	0.999910	0.000010	0.000010	0.000010	0.000010	0.000010	LD_0.9_10_1322
ECA2645	0.000010	0.999910	0.000010	0.000010	0.000010	0.000010	0.000010	0.000010	0.000010	0.000010	LD_0.9_10_1322
ECA2647	0.000010	0.000010	0.000010	0.000010	0.999903	0.000017	0.000010	0.000010	0.000010	0.000010	LD_0.9_10_1322
ECA2663	0.000010	0.999910	0.000010	0.000010	0.000010	0.000010	0.000010	0.000010	0.000010	0.000010	LD_0.9_10_1322
ECA2664	0.000010	0.959843	0.000010	0.000010	0.000010	0.000010	0.000010	0.040077	0.000010	0.000010	LD_0.9_10_1322
ECA2666	0.000010	0.000010	0.000010	0.000010	0.999902	0.000013	0.000015	0.000010	0.000010	0.000010	LD_0.9_10_1322
ECA2667	0.000010	0.999910	0.000010	0.000010	0.000010	0.000010	0.000010	0.000010	0.000010	0.000010	LD_0.9_10_1322
ECA2670	0.000010	0.000010	0.000016	0.000010	0.999895	0.000010	0.000013	0.000013	0.000013	0.000010	LD_0.9_10_1322
ECA276	0.000010	0.000010	0.000010	0.999910	0.000010	0.000010	0.000010	0.000010	0.000010	0.000010	LD_0.9_10_1322
ECA278	0.000010	0.000010	0.999910	0.000010	0.000010	0.000010	0.000010	0.000010	0.000010	0.000010	LD_0.9_10_1322
ECA2808	0.000010	0.999900	0.000014	0.000010	0.000010	0.000010	0.000010	0.000010	0.000016	0.000010	LD_0.9_10_1322
ECA287	0.000010	0.011235	0.000010	0.000010	0.000010	0.000010	0.000010	0.000010	0.988685	0.000010	LD_0.9_10_1322
ECA288	0.000010	0.899623	0.000010	0.000010	0.000010	0.000010	0.000010	0.000010	0.100297	0.000010	LD_0.9_10_1322
ECA2883	0.000010	0.999904	0.000010	0.000016	0.000010	0.000010	0.000010	0.000010	0.000010	0.000010	LD_0.9_10_1322
ECA2890	0.000010	0.999910	0.000010	0.000010	0.000010	0.000010	0.000010	0.000010	0.000010	0.000010	LD_0.9_10_1322
ECA2894	0.000010	0.999910	0.000010	0.000010	0.000010	0.000010	0.000010	0.000010	0.000010	0.000010	LD_0.9_10_1322
ECA2936	0.000010	0.000010	0.000010	0.000010	0.000010	0.000010	0.000010	0.000010	0.999910	0.000010	LD_0.9_10_1322
ECA2975	0.000010	0.999910	0.000010	0.000010	0.000010	0.000010	0.000010	0.000010	0.000010	0.000010	LD_0.9_10_1322
ECA3091	0.000010	0.999910	0.000010	0.000010	0.000010	0.000010	0.000010	0.000010	0.000010	0.000010	LD_0.9_10_1322
ECA343	0.000010	0.999908	0.000012	0.000010	0.000010	0.000010	0.000010	0.000010	0.000010	0.000010	LD_0.9_10_1322
ECA346	0.000010	0.999910	0.000010	0.000010	0.000010	0.000010	0.000010	0.000010	0.000010	0.000010	LD_0.9_10_1322
ECA3502	0.000010	0.000010	0.000010	0.000010	0.000010	0.000010	0.000010	0.000010	0.999910	0.000010	LD_0.9_10_1322
ECA3503	0.000010	0.999910	0.000010	0.000010	0.000010	0.000010	0.000010	0.000010	0.000010	0.000010	LD_0.9_10_1322
ECA3509	0.000010	0.999910	0.000010	0.000010	0.000010	0.000010	0.000010	0.000010	0.000010	0.000010	LD_0.9_10_1322
ECA3708	0.000010	0.999910	0.000010	0.000010	0.000010	0.000010	0.000010	0.000010	0.000010	0.000010	LD_0.9_10_1322
ECA371	0.000010	0.999910	0.000010	0.000010	0.000010	0.000010	0.000010	0.000010	0.000010	0.000010	LD_0.9_10_1322
ECA3712	0.000010	0.999903	0.000010	0.000017	0.000010	0.000010	0.000010	0.000010	0.000010	0.000010	LD_0.9_10_1322
ECA3713	0.000010	0.999910	0.000010	0.000010	0.000010	0.000010	0.000010	0.000010	0.000010	0.000010	LD_0.9_10_1322
ECA3899	0.000010	0.999910	0.000010	0.000010	0.000010	0.000010	0.000010	0.000010	0.000010	0.000010	LD_0.9_10_1322
ECA4382	0.000014	0.999906	0.000010	0.000010	0.000010	0.000010	0.000010	0.000010	0.000010	0.000010	LD_0.9_10_1322
ECA4390	0.000010	0.999901	0.000010	0.000010	0.000017	0.000010	0.000010	0.000011	0.000010	0.000010	LD_0.9_10_1322
ECA4394	0.000010	0.999910	0.000010	0.000010	0.000010	0.000010	0.000010	0.000010	0.000010	0.000010	LD_0.9_10_1322
ECA4402	0.000010	0.999910	0.000010	0.000010	0.000010	0.000010	0.000010	0.000010	0.000010	0.000010	LD_0.9_10_1322
ECA569	0.000010	0.000010	0.999910	0.000010	0.000010	0.000010	0.000010	0.000010	0.000010	0.000010	LD_0.9_10_1322
ED3032	0.000010	0.999910	0.000010	0.000010	0.000010	0.000010	0.000010	0.000010	0.000010	0.000010	LD_0.9_10_1322
ED3037	0.000010	0.999904	0.000016	0.000010	0.000010	0.000010	0.000010	0.000010	0.000010	0.000010	LD_0.9_10_1322
ED3088	0.000010	0.999910	0.000010	0.000010	0.000010	0.000010	0.000010	0.000010	0.000010	0.000010	LD_0.9_10_1322
ED3102	0.000010	0.000010	0.000010	0.999910	0.000010	0.000010	0.000010	0.000010	0.000010	0.000010	LD_0.9_10_1322
EG4360	0.000010	0.000010	0.999902	0.000014	0.000010	0.000010	0.000010	0.000012	0.000013	0.000010	LD_0.9_10_1322
EG5612	0.517140	0.482780	0.000010	0.000010	0.000010	0.000010	0.000010	0.000010	0.000010	0.000010	LD_0.9_10_1322
EG5613	0.055835	0.944077	0.000010	0.000010	0.000010	0.000010	0.000010	0.000018	0.000010	0.000010	LD_0.9_10_1322
EG6179	0.035721	0.964199	0.000010	0.000010	0.000010	0.000010	0.000010	0.000010	0.000010	0.000010	LD_0.9_10_1322
EG6260	0.000010	0.965063	0.000010	0.000010	0.000010	0.000010	0.000010	0.034857	0.000010	0.000010	LD_0.9_10_1322
EG6261	0.000010	0.989358	0.000010	0.000010	0.000010	0.000010	0.000010	0.010562	0.000010	0.000010	LD_0.9_10_1322
EG6265	0.000010	0.000010	0.000010	0.000010	0.000010	0.000010	0.000010	0.016325	0.983595	0.000010	LD_0.9_10_1322
EG6267	0.000010	0.985355	0.000010	0.000010	0.000010	0.000010	0.000010	0.014565	0.000010	0.000010	LD_0.9_10_1322
EG6271	0.000010	0.928981	0.000010	0.000010	0.000010	0.000010	0.000010	0.070939	0.000010	0.000010	LD_0.9_10_1322
EG6272	0.000010	0.979754	0.000010	0.000010	0.000010	0.000010	0.000010	0.020166	0.000010	0.000010	LD_0.9_10_1322
EG6274	0.000010	0.999910	0.000010	0.000010	0.000010	0.000010	0.000010	0.000010	0.000010	0.000010	LD_0.9_10_1322
EG6275	0.000010	0.999910	0.000010	0.000010	0.000010	0.000010	0.000010	0.000010	0.000010	0.000010	LD_0.9_10_1322
EG6276	0.000010	0.999904	0.000010	0.000010	0.000011	0.000010	0.000013	0.000010	0.000013	0.000010	LD_0.9_10_1322
EG6329	0.000010	0.880992	0.000010	0.000010	0.000010	0.000010	0.000010	0.118928	0.000010	0.000010	LD_0.9_10_1322
GUN124	0.000010	0.000010	0.999910	0.000010	0.000010	0.000010	0.000010	0.000010	0.000010	0.000010	LD_0.9_10_1322
GXW22	0.000010	0.999910	0.000010	0.000010	0.000010	0.000010	0.000010	0.000010	0.000010	0.000010	LD_0.9_10_1322
GXW23	0.375139	0.624769	0.000010	0.000017	0.000010	0.000010	0.000010	0.000014	0.000010	0.000010	LD_0.9_10_1322
HK104	0.000010	0.000010	0.999910	0.000010	0.000010	0.000010	0.000010	0.000010	0.000010	0.000010	LD_0.9_10_1322
HPT11	0.000010	0.000010	0.000010	0.999910	0.000010	0.000010	0.000010	0.000010	0.000010	0.000010	LD_0.9_10_1322
HPT16	0.156672	0.843241	0.000010	0.000010	0.000010	0.000010	0.000010	0.000017	0.000010	0.000010	LD_0.9_10_1322
HPT18	0.000010	0.000010	0.000010	0.999910	0.000010	0.000010	0.000010	0.000010	0.000010	0.000010	LD_0.9_10_1322
HPT19	0.164447	0.835473	0.000010	0.000010	0.000010	0.000010	0.000010	0.000010	0.000010	0.000010	LD_0.9_10_1322
HPT2	0.195723	0.804195	0.000010	0.000010	0.000010	0.000010	0.000010	0.000013	0.000010	0.000010	LD_0.9_10_1322
HPT21	0.000010	0.999910	0.000010	0.000010	0.000010	0.000010	0.000010	0.000010	0.000010	0.000010	LD_0.9_10_1322
HPT24	0.000010	0.000010	0.000010	0.999910	0.000010	0.000010	0.000010	0.000010	0.000010	0.000010	LD_0.9_10_1322
HPT34	0.173608	0.826310	0.000010	0.000010	0.000010	0.000010	0.000010	0.000013	0.000010	0.000010	LD_0.9_10_1322
HPT37	0.180548	0.819362	0.000016	0.000010	0.000010	0.000010	0.000010	0.000014	0.000010	0.000010	LD_0.9_10_1322
HPT4	0.175013	0.824907	0.000010	0.000010	0.000010	0.000010	0.000010	0.000010	0.000010	0.000010	LD_0.9_10_1322
HPT42	0.143409	0.856511	0.000010	0.000010	0.000010	0.000010	0.000010	0.000010	0.000010	0.000010	LD_0.9_10_1322
HPT52	0.446468	0.553451	0.000010	0.000010	0.000010	0.000010	0.000010	0.000011	0.000010	0.000010	LD_0.9_10_1322
HPT53	0.000010	0.999907	0.000010	0.000010	0.000010	0.000010	0.000010	0.000010	0.000013	0.000010	LD_0.9_10_1322
HPT54	0.000010	0.999910	0.000010	0.000010	0.000010	0.000010	0.000010	0.000010	0.000010	0.000010	LD_0.9_10_1322
HPT55	0.000010	0.999910	0.000010	0.000010	0.000010	0.000010	0.000010	0.000010	0.000010	0.000010	LD_0.9_10_1322
HPT59	0.000010	0.999904	0.000010	0.000010	0.000010	0.000010	0.000010	0.000010	0.000016	0.000010	LD_0.9_10_1322
HPT60	0.000010	0.999910	0.000010	0.000010	0.000010	0.000010	0.000010	0.000010	0.000010	0.000010	LD_0.9_10_1322
HPT62	0.999910	0.000010	0.000010	0.000010	0.000010	0.000010	0.000010	0.000010	0.000010	0.000010	LD_0.9_10_1322
HPT63	0.000010	0.999910	0.000010	0.000010	0.000010	0.000010	0.000010	0.000010	0.000010	0.000010	LD_0.9_10_1322
HPT7	0.181979	0.817941	0.000010	0.000010	0.000010	0.000010	0.000010	0.000010	0.000010	0.000010	LD_0.9_10_1322
HPT8	0.173666	0.826251	0.000010	0.000010	0.000010	0.000010	0.000010	0.000013	0.000010	0.000010	LD_0.9_10_1322
HPT9	0.496879	0.503041	0.000010	0.000010	0.000010	0.000010	0.000010	0.000010	0.000010	0.000010	LD_0.9_10_1322
JU1085	0.000010	0.000010	0.999910	0.000010	0.000010	0.000010	0.000010	0.000010	0.000010	0.000010	LD_0.9_10_1322
JU1337	0.050951	0.948969	0.000010	0.000010	0.000010	0.000010	0.000010	0.000010	0.000010	0.000010	LD_0.9_10_1322
JU1338	0.646102	0.353818	0.000010	0.000010	0.000010	0.000010	0.000010	0.000010	0.000010	0.000010	LD_0.9_10_1322
JU1341	0.000010	0.000010	0.000010	0.000010	0.757213	0.242707	0.000010	0.000010	0.000010	0.000010	LD_0.9_10_1322
JU1346	0.676487	0.323416	0.000018	0.000010	0.000010	0.000010	0.000019	0.000010	0.000010	0.000010	LD_0.9_10_1322
JU1347	0.000010	0.999910	0.000010	0.000010	0.000010	0.000010	0.000010	0.000010	0.000010	0.000010	LD_0.9_10_1322
JU1348	0.000010	0.000010	0.000010	0.000010	0.999910	0.000010	0.000010	0.000010	0.000010	0.000010	LD_0.9_10_1322
JU1375	0.000010	0.999903	0.000010	0.000012	0.000010	0.000014	0.000012	0.000010	0.000010	0.000010	LD_0.9_10_1322
JU1377	0.000010	0.999910	0.000010	0.000010	0.000010	0.000010	0.000010	0.000010	0.000010	0.000010	LD_0.9_10_1322
JU1378	0.000010	0.999910	0.000010	0.000010	0.000010	0.000010	0.000010	0.000010	0.000010	0.000010	LD_0.9_10_1322
JU1392	0.000010	0.999900	0.000010	0.000010	0.000010	0.000010	0.000010	0.000020	0.000010	0.000010	LD_0.9_10_1322
JU1399	0.000010	0.581531	0.000010	0.000010	0.000010	0.000010	0.000010	0.418389	0.000010	0.000010	LD_0.9_10_1322
JU1424	0.614541	0.385379	0.000010	0.000010	0.000010	0.000010	0.000010	0.000010	0.000010	0.000010	LD_0.9_10_1322
JU1435	0.000010	0.999910	0.000010	0.000010	0.000010	0.000010	0.000010	0.000010	0.000010	0.000010	LD_0.9_10_1322
JU1564	0.000010	0.000010	0.999906	0.000010	0.000010	0.000010	0.000010	0.000010	0.000014	0.000010	LD_0.9_10_1322
JU1637	0.000010	0.999910	0.000010	0.000010	0.000010	0.000010	0.000010	0.000010	0.000010	0.000010	LD_0.9_10_1322
JU1638	0.000010	0.999904	0.000010	0.000010	0.000016	0.000010	0.000010	0.000010	0.000010	0.000010	LD_0.9_10_1322
JU1794	0.151228	0.848692	0.000010	0.000010	0.000010	0.000010	0.000010	0.000010	0.000010	0.000010	LD_0.9_10_1322
JU1795	0.000010	0.999910	0.000010	0.000010	0.000010	0.000010	0.000010	0.000010	0.000010	0.000010	LD_0.9_10_1322
JU1799	0.000010	0.999910	0.000010	0.000010	0.000010	0.000010	0.000010	0.000010	0.000010	0.000010	LD_0.9_10_1322
JU1802	0.000010	0.999910	0.000010	0.000010	0.000010	0.000010	0.000010	0.000010	0.000010	0.000010	LD_0.9_10_1322
JU1814	0.000010	0.930359	0.000010	0.000016	0.000011	0.000010	0.000010	0.069553	0.000010	0.000010	LD_0.9_10_1322
JU1884	0.000010	0.999910	0.000010	0.000010	0.000010	0.000010	0.000010	0.000010	0.000010	0.000010	LD_0.9_10_1322
JU1885	0.064751	0.935169	0.000010	0.000010	0.000010	0.000010	0.000010	0.000010	0.000010	0.000010	LD_0.9_10_1322
JU1907	0.000010	0.999910	0.000010	0.000010	0.000010	0.000010	0.000010	0.000010	0.000010	0.000010	LD_0.9_10_1322
JU1908	0.000010	0.999910	0.000010	0.000010	0.000010	0.000010	0.000010	0.000010	0.000010	0.000010	LD_0.9_10_1322
JU1909	0.000010	0.999910	0.000010	0.000010	0.000010	0.000010	0.000010	0.000010	0.000010	0.000010	LD_0.9_10_1322
JU1913	0.427748	0.572172	0.000010	0.000010	0.000010	0.000010	0.000010	0.000010	0.000010	0.000010	LD_0.9_10_1322
JU2053	0.000010	0.999899	0.000016	0.000010	0.000010	0.000010	0.000010	0.000011	0.000013	0.000010	LD_0.9_10_1322
JU2054	0.000010	0.999910	0.000010	0.000010	0.000010	0.000010	0.000010	0.000010	0.000010	0.000010	LD_0.9_10_1322
JU2056	0.000010	0.999906	0.000014	0.000010	0.000010	0.000010	0.000010	0.000010	0.000010	0.000010	LD_0.9_10_1322
JU2057	0.999910	0.000010	0.000010	0.000010	0.000010	0.000010	0.000010	0.000010	0.000010	0.000010	LD_0.9_10_1322
JU2160	0.999910	0.000010	0.000010	0.000010	0.000010	0.000010	0.000010	0.000010	0.000010	0.000010	LD_0.9_10_1322
JU2162	0.999910	0.000010	0.000010	0.000010	0.000010	0.000010	0.000010	0.000010	0.000010	0.000010	LD_0.9_10_1322
JU2214	0.000010	0.765442	0.002500	0.000013	0.000010	0.000010	0.000010	0.231985	0.000010	0.000010	LD_0.9_10_1322
JU2216	0.000010	0.000010	0.000010	0.000010	0.000010	0.000010	0.000010	0.000010	0.999910	0.000010	LD_0.9_10_1322
JU2457	0.000010	0.398053	0.499587	0.000010	0.000010	0.000010	0.000010	0.102290	0.000010	0.000010	LD_0.9_10_1322
JU2470	0.999910	0.000010	0.000010	0.000010	0.000010	0.000010	0.000010	0.000010	0.000010	0.000010	LD_0.9_10_1322
JU2472	0.000010	0.999910	0.000010	0.000010	0.000010	0.000010	0.000010	0.000010	0.000010	0.000010	LD_0.9_10_1322
JU2507	0.948297	0.000010	0.000010	0.000010	0.000016	0.000014	0.000010	0.051612	0.000010	0.000010	LD_0.9_10_1322
JU2518	0.000010	0.451094	0.000010	0.000010	0.000010	0.000010	0.000010	0.548822	0.000014	0.000010	LD_0.9_10_1322
JU2536	0.000010	0.000010	0.999897	0.000019	0.000010	0.000010	0.000010	0.000010	0.000014	0.000010	LD_0.9_10_1322
JU2618	0.000010	0.281339	0.000010	0.000010	0.000010	0.000010	0.000010	0.718581	0.000010	0.000010	LD_0.9_10_1322
JU2799	0.000010	0.999903	0.000010	0.000010	0.000010	0.000010	0.000010	0.000017	0.000010	0.000010	LD_0.9_10_1322
JU2836	0.000010	0.747262	0.000010	0.000010	0.000010	0.000010	0.000010	0.252658	0.000010	0.000010	LD_0.9_10_1322
JU2849	0.516901	0.483019	0.000010	0.000010	0.000010	0.000010	0.000010	0.000010	0.000010	0.000010	LD_0.9_10_1322
JU2861	0.000010	0.999902	0.000010	0.000017	0.000011	0.000011	0.000010	0.000010	0.000010	0.000010	LD_0.9_10_1322
JU2868	0.000010	0.999910	0.000010	0.000010	0.000010	0.000010	0.000010	0.000010	0.000010	0.000010	LD_0.9_10_1322
JU2872	0.000012	0.000010	0.999898	0.000010	0.000012	0.000010	0.000010	0.000017	0.000010	0.000010	LD_0.9_10_1322
JU2910	0.168458	0.831462	0.000010	0.000010	0.000010	0.000010	0.000010	0.000010	0.000010	0.000010	LD_0.9_10_1322
JU3168	0.000010	0.000012	0.000010	0.999908	0.000010	0.000010	0.000010	0.000010	0.000010	0.000010	LD_0.9_10_1322
JU3171	0.000010	0.999909	0.000011	0.000010	0.000010	0.000010	0.000010	0.000010	0.000010	0.000010	LD_0.9_10_1322
JU3199	0.000010	0.000010	0.000010	0.000010	0.999910	0.000010	0.000010	0.000010	0.000010	0.000010	LD_0.9_10_1322
JU3200	0.000010	0.000010	0.000010	0.000010	0.999910	0.000010	0.000010	0.000010	0.000010	0.000010	LD_0.9_10_1322
JU3201	0.000010	0.000010	0.000010	0.000010	0.999910	0.000010	0.000010	0.000010	0.000010	0.000010	LD_0.9_10_1322
JU3202	0.000010	0.000010	0.000010	0.000010	0.999910	0.000010	0.000010	0.000010	0.000010	0.000010	LD_0.9_10_1322
JU3203	0.000010	0.000010	0.000010	0.000010	0.999910	0.000010	0.000010	0.000010	0.000010	0.000010	LD_0.9_10_1322
JU3206	0.000010	0.000010	0.000014	0.000010	0.999906	0.000010	0.000010	0.000010	0.000010	0.000010	LD_0.9_10_1322
JU3207	0.000010	0.999910	0.000010	0.000010	0.000010	0.000010	0.000010	0.000010	0.000010	0.000010	LD_0.9_10_1322
JU3237	0.999910	0.000010	0.000010	0.000010	0.000010	0.000010	0.000010	0.000010	0.000010	0.000010	LD_0.9_10_1322
JU3281	0.000010	0.999910	0.000010	0.000010	0.000010	0.000010	0.000010	0.000010	0.000010	0.000010	LD_0.9_10_1322
JU3319	0.386392	0.613528	0.000010	0.000010	0.000010	0.000010	0.000010	0.000010	0.000010	0.000010	LD_0.9_10_1322
JU3321	0.000010	0.999910	0.000010	0.000010	0.000010	0.000010	0.000010	0.000010	0.000010	0.000010	LD_0.9_10_1322
JU3326	0.000010	0.177476	0.229737	0.135361	0.000010	0.297070	0.073819	0.000010	0.086497	0.000010	LD_0.9_10_1322
JU3327	0.014684	0.985236	0.000010	0.000010	0.000010	0.000010	0.000010	0.000010	0.000010	0.000010	LD_0.9_10_1322
JU3416	0.000010	0.066134	0.903568	0.000010	0.000010	0.000010	0.000010	0.000010	0.030228	0.000010	LD_0.9_10_1322
JU4042	0.000010	0.999910	0.000010	0.000010	0.000010	0.000010	0.000010	0.000010	0.000010	0.000010	LD_0.9_10_1322
JU4051	0.604584	0.395334	0.000012	0.000010	0.000010	0.000010	0.000010	0.000010	0.000010	0.000010	LD_0.9_10_1322
JU4058	0.557957	0.441963	0.000010	0.000010	0.000010	0.000010	0.000010	0.000010	0.000010	0.000010	LD_0.9_10_1322
JU4060	0.648579	0.351332	0.000010	0.000010	0.000011	0.000010	0.000010	0.000019	0.000010	0.000010	LD_0.9_10_1322
JU4062	0.617412	0.382504	0.000010	0.000010	0.000010	0.000010	0.000010	0.000010	0.000013	0.000010	LD_0.9_10_1322
JU4064	0.636697	0.363206	0.000010	0.000020	0.000010	0.000010	0.000017	0.000010	0.000010	0.000010	LD_0.9_10_1322
JU4080	0.000010	0.999910	0.000010	0.000010	0.000010	0.000010	0.000010	0.000010	0.000010	0.000010	LD_0.9_10_1322
JU4084	0.666718	0.333202	0.000010	0.000010	0.000010	0.000010	0.000010	0.000010	0.000010	0.000010	LD_0.9_10_1322
JU4097	0.590130	0.409786	0.000012	0.000010	0.000011	0.000011	0.000010	0.000010	0.000010	0.000010	LD_0.9_10_1322
JU725	0.372490	0.627430	0.000010	0.000010	0.000010	0.000010	0.000010	0.000010	0.000010	0.000010	LD_0.9_10_1322
MY2716	0.000010	0.999906	0.000010	0.000010	0.000010	0.000010	0.000014	0.000010	0.000010	0.000010	LD_0.9_10_1322
MY539	0.000010	0.999910	0.000010	0.000010	0.000010	0.000010	0.000010	0.000010	0.000010	0.000010	LD_0.9_10_1322
NIC1050	0.000010	0.342656	0.000010	0.000010	0.000010	0.000010	0.000010	0.657257	0.000017	0.000010	LD_0.9_10_1322
NIC1052	0.000010	0.286964	0.000010	0.000010	0.000010	0.000010	0.000010	0.712956	0.000010	0.000010	LD_0.9_10_1322
NIC1054	0.000010	0.433203	0.000010	0.000012	0.000010	0.000010	0.000010	0.566715	0.000010	0.000010	LD_0.9_10_1322
NIC1055	0.000010	0.344781	0.000011	0.000010	0.000010	0.000014	0.000010	0.655135	0.000010	0.000010	LD_0.9_10_1322
NIC1057	0.000010	0.277840	0.000010	0.000010	0.000010	0.000010	0.000010	0.722080	0.000010	0.000010	LD_0.9_10_1322
NIC1058	0.000010	0.308175	0.000010	0.000010	0.000014	0.000010	0.000010	0.691742	0.000010	0.000010	LD_0.9_10_1322
NIC1059	0.000010	0.341511	0.000010	0.000010	0.000010	0.000010	0.000010	0.658409	0.000010	0.000010	LD_0.9_10_1322
NIC1060	0.000010	0.412718	0.000010	0.000010	0.000010	0.000010	0.000010	0.587202	0.000010	0.000010	LD_0.9_10_1322
NIC1062	0.000010	0.668480	0.000010	0.000010	0.000010	0.000010	0.000010	0.331440	0.000010	0.000010	LD_0.9_10_1322
NIC1069	0.000010	0.909067	0.000010	0.000010	0.000014	0.000010	0.000010	0.090849	0.000010	0.000010	LD_0.9_10_1322
NIC1103	0.000010	0.324515	0.000010	0.000010	0.000010	0.000010	0.000010	0.675405	0.000010	0.000010	LD_0.9_10_1322
NIC1104	0.000010	0.877854	0.000010	0.000010	0.000010	0.000010	0.000010	0.122066	0.000010	0.000010	LD_0.9_10_1322
NIC1106	0.000010	0.596150	0.000010	0.000016	0.000010	0.000010	0.000010	0.403764	0.000010	0.000010	LD_0.9_10_1322
NIC1117	0.000010	0.999910	0.000010	0.000010	0.000010	0.000010	0.000010	0.000010	0.000010	0.000010	LD_0.9_10_1322
NIC1123	0.650959	0.348949	0.000010	0.000010	0.000010	0.000010	0.000010	0.000020	0.000012	0.000010	LD_0.9_10_1322
NIC1124	0.000010	0.441367	0.000010	0.000010	0.000010	0.000010	0.000010	0.558550	0.000013	0.000010	LD_0.9_10_1322
NIC1135	0.000010	0.439929	0.000010	0.000010	0.000010	0.000010	0.000010	0.559991	0.000010	0.000010	LD_0.9_10_1322
NIC1138	0.000010	0.428723	0.000010	0.000010	0.000010	0.000010	0.000010	0.571197	0.000010	0.000010	LD_0.9_10_1322
NIC1141	0.000010	0.458361	0.000010	0.000010	0.000010	0.000010	0.000010	0.541559	0.000010	0.000010	LD_0.9_10_1322
NIC115	0.000010	0.988329	0.000010	0.000010	0.000010	0.000010	0.000010	0.011591	0.000010	0.000010	LD_0.9_10_1322
NIC117	0.000010	0.999910	0.000010	0.000010	0.000010	0.000010	0.000010	0.000010	0.000010	0.000010	LD_0.9_10_1322
NIC1183	0.000010	0.445625	0.000010	0.000010	0.000010	0.000010	0.000010	0.554292	0.000013	0.000010	LD_0.9_10_1322
NIC119	0.000010	0.977215	0.000010	0.000010	0.000010	0.000010	0.000010	0.022705	0.000010	0.000010	LD_0.9_10_1322
NIC1190	0.000010	0.499621	0.000010	0.000010	0.000010	0.000010	0.000010	0.500296	0.000013	0.000010	LD_0.9_10_1322
NIC1202	0.000655	0.999264	0.000010	0.000010	0.000010	0.000010	0.000010	0.000012	0.000010	0.000010	LD_0.9_10_1322
NIC1204	0.016760	0.983160	0.000010	0.000010	0.000010	0.000010	0.000010	0.000010	0.000010	0.000010	LD_0.9_10_1322
NIC1205	0.000010	0.000010	0.000010	0.000013	0.000010	0.000010	0.000010	0.000010	0.999907	0.000010	LD_0.9_10_1322
NIC1218	0.000013	0.999907	0.000010	0.000010	0.000010	0.000010	0.000010	0.000010	0.000010	0.000010	LD_0.9_10_1322
NIC1220	0.000010	0.000010	0.000010	0.000010	0.000015	0.000010	0.000010	0.000010	0.999905	0.000010	LD_0.9_10_1322
NIC1221	0.032770	0.967141	0.000010	0.000014	0.000014	0.000010	0.000010	0.000010	0.000011	0.000010	LD_0.9_10_1322
NIC123	0.000010	0.999910	0.000010	0.000010	0.000010	0.000010	0.000010	0.000010	0.000010	0.000010	LD_0.9_10_1322
NIC1267	0.000010	0.785434	0.000010	0.000010	0.000010	0.000010	0.000010	0.214482	0.000015	0.000010	LD_0.9_10_1322
NIC1283	0.000010	0.516514	0.000010	0.000010	0.000010	0.000010	0.000010	0.483406	0.000010	0.000010	LD_0.9_10_1322
NIC1288	0.075955	0.332424	0.000010	0.000010	0.000010	0.000010	0.000010	0.591551	0.000010	0.000010	LD_0.9_10_1322
NIC1292	0.000010	0.456494	0.000010	0.000010	0.000010	0.000010	0.000010	0.543426	0.000010	0.000010	LD_0.9_10_1322
NIC1302	0.000010	0.579611	0.000010	0.000010	0.000010	0.000010	0.000010	0.420309	0.000010	0.000010	LD_0.9_10_1322
NIC1304	0.000010	0.431244	0.000010	0.000010	0.000010	0.000010	0.000010	0.568676	0.000010	0.000010	LD_0.9_10_1322
NIC1308	0.307226	0.692694	0.000010	0.000010	0.000010	0.000010	0.000010	0.000010	0.000010	0.000010	LD_0.9_10_1322
NIC1407	0.000010	0.401009	0.000010	0.000014	0.000010	0.000010	0.000011	0.598906	0.000010	0.000010	LD_0.9_10_1322
NIC1421	0.000010	0.653083	0.000010	0.000010	0.000010	0.000010	0.000010	0.346837	0.000010	0.000010	LD_0.9_10_1322
NIC1423	0.000010	0.333400	0.000010	0.000010	0.000010	0.000010	0.000010	0.666520	0.000010	0.000010	LD_0.9_10_1322
NIC1442	0.000010	0.500487	0.000010	0.000010	0.000010	0.000010	0.000010	0.499433	0.000010	0.000010	LD_0.9_10_1322
NIC1491	0.000010	0.500049	0.000010	0.000010	0.000010	0.000010	0.000010	0.499871	0.000010	0.000010	LD_0.9_10_1322
NIC1525	0.000010	0.999910	0.000010	0.000010	0.000010	0.000010	0.000010	0.000010	0.000010	0.000010	LD_0.9_10_1322
NIC1528	0.000010	0.999910	0.000010	0.000010	0.000010	0.000010	0.000010	0.000010	0.000010	0.000010	LD_0.9_10_1322
NIC1529	0.000010	0.999910	0.000010	0.000010	0.000010	0.000010	0.000010	0.000010	0.000010	0.000010	LD_0.9_10_1322
NIC1533	0.000010	0.999910	0.000010	0.000010	0.000010	0.000010	0.000010	0.000010	0.000010	0.000010	LD_0.9_10_1322
NIC1535	0.000010	0.999357	0.000018	0.000011	0.000010	0.000010	0.000010	0.000554	0.000010	0.000010	LD_0.9_10_1322
NIC1539	0.000010	0.000010	0.000010	0.000010	0.000010	0.000010	0.000010	0.000010	0.999910	0.000010	LD_0.9_10_1322
NIC1540	0.000010	0.000010	0.000010	0.000010	0.000010	0.000010	0.999910	0.000010	0.000010	0.000010	LD_0.9_10_1322
NIC1562	0.000010	0.000010	0.000010	0.000010	0.000010	0.000010	0.000010	0.000010	0.999910	0.000010	LD_0.9_10_1322
NIC1589	0.000019	0.000014	0.000010	0.000014	0.000010	0.000010	0.999891	0.000012	0.000010	0.000010	LD_0.9_10_1322
NIC1590	0.000010	0.000010	0.000010	0.000010	0.000010	0.000010	0.000010	0.000010	0.999910	0.000010	LD_0.9_10_1322
NIC1591	0.000010	0.000010	0.000010	0.000010	0.000010	0.000010	0.999910	0.000010	0.000010	0.000010	LD_0.9_10_1322
NIC1593	0.000010	0.000010	0.000013	0.000010	0.000010	0.000010	0.999907	0.000010	0.000010	0.000010	LD_0.9_10_1322
NIC1595	0.000012	0.000010	0.000010	0.000010	0.000010	0.000010	0.000010	0.000010	0.999908	0.000010	LD_0.9_10_1322
NIC1598	0.000011	0.010724	0.000017	0.000010	0.000010	0.000010	0.000010	0.000010	0.989187	0.000010	LD_0.9_10_1322
NIC1602	0.000010	0.000014	0.000010	0.000017	0.000010	0.000010	0.000010	0.000010	0.999899	0.000010	LD_0.9_10_1322
NIC1607	0.000010	0.000010	0.000012	0.000010	0.000010	0.000010	0.000010	0.000010	0.000010	0.999908	LD_0.9_10_1322
NIC1628	0.000010	0.999910	0.000010	0.000010	0.000010	0.000010	0.000010	0.000010	0.000010	0.000010	LD_0.9_10_1322
NIC1630	0.000010	0.000010	0.000010	0.000010	0.000010	0.000010	0.000010	0.000010	0.999910	0.000010	LD_0.9_10_1322
NIC1631	0.000010	0.000010	0.000010	0.000010	0.000016	0.000015	0.000010	0.000010	0.999899	0.000010	LD_0.9_10_1322
NIC1632	0.000011	0.000014	0.999901	0.000014	0.000010	0.000010	0.000010	0.000010	0.000010	0.000010	LD_0.9_10_1322
NIC1633	0.000012	0.000010	0.999902	0.000015	0.000012	0.000010	0.000010	0.000010	0.000010	0.000010	LD_0.9_10_1322
NIC1635	0.000010	0.000010	0.999903	0.000016	0.000010	0.000010	0.000012	0.000010	0.000010	0.000010	LD_0.9_10_1322
NIC1645	0.000012	0.000010	0.000010	0.000010	0.000011	0.000010	0.000010	0.000010	0.999907	0.000010	LD_0.9_10_1322
NIC1660	0.000010	0.000010	0.000010	0.000010	0.000014	0.000010	0.000010	0.000010	0.999906	0.000010	LD_0.9_10_1322
NIC1661	0.000010	0.000010	0.000015	0.000010	0.000010	0.000010	0.000010	0.000010	0.999905	0.000010	LD_0.9_10_1322
NIC1662	0.000010	0.000010	0.000010	0.000010	0.000010	0.000010	0.000010	0.000010	0.999910	0.000010	LD_0.9_10_1322
NIC1663	0.000010	0.000010	0.000010	0.000010	0.000010	0.000010	0.000017	0.000010	0.999903	0.000010	LD_0.9_10_1322
NIC1664	0.000011	0.000010	0.000016	0.000010	0.000010	0.000010	0.999903	0.000010	0.000010	0.000010	LD_0.9_10_1322
NIC1665	0.000010	0.000010	0.000010	0.000010	0.000010	0.000010	0.999908	0.000010	0.000012	0.000010	LD_0.9_10_1322
NIC1666	0.000010	0.000010	0.000010	0.000010	0.000010	0.000010	0.000017	0.000010	0.999903	0.000010	LD_0.9_10_1322
NIC1667	0.000014	0.000010	0.000011	0.000015	0.000019	0.000010	0.000010	0.000013	0.999888	0.000010	LD_0.9_10_1322
NIC1681	0.000010	0.000010	0.000010	0.000010	0.000010	0.000010	0.000010	0.000010	0.999910	0.000010	LD_0.9_10_1322
NIC1688	0.000010	0.999910	0.000010	0.000010	0.000010	0.000010	0.000010	0.000010	0.000010	0.000010	LD_0.9_10_1322
NIC1692	0.000010	0.000010	0.000010	0.000010	0.000010	0.000010	0.000010	0.000010	0.999910	0.000010	LD_0.9_10_1322
NIC1693	0.000010	0.000010	0.000010	0.000010	0.000010	0.000010	0.000010	0.000010	0.999910	0.000010	LD_0.9_10_1322
NIC17	0.000010	0.999910	0.000010	0.000010	0.000010	0.000010	0.000010	0.000010	0.000010	0.000010	LD_0.9_10_1322
NIC174	0.000010	0.000010	0.999910	0.000010	0.000010	0.000010	0.000010	0.000010	0.000010	0.000010	LD_0.9_10_1322
NIC187	0.000010	0.999910	0.000010	0.000010	0.000010	0.000010	0.000010	0.000010	0.000010	0.000010	LD_0.9_10_1322
NIC188	0.000010	0.989896	0.000010	0.000010	0.000010	0.000010	0.000016	0.010015	0.000013	0.000010	LD_0.9_10_1322
NIC19	0.000010	0.000010	0.000010	0.000010	0.000012	0.000010	0.999908	0.000010	0.000010	0.000010	LD_0.9_10_1322
NIC191	0.000010	0.999910	0.000010	0.000010	0.000010	0.000010	0.000010	0.000010	0.000010	0.000010	LD_0.9_10_1322
NIC20	0.000010	0.000010	0.000014	0.000010	0.000010	0.000010	0.999906	0.000010	0.000010	0.000010	LD_0.9_10_1322
NIC21	0.000010	0.000010	0.000010	0.000010	0.000010	0.000010	0.999906	0.000014	0.000010	0.000010	LD_0.9_10_1322
NIC22	0.000010	0.000016	0.000010	0.000010	0.000010	0.000010	0.999903	0.000010	0.000010	0.000010	LD_0.9_10_1322
NIC2369	0.515203	0.484717	0.000010	0.000010	0.000010	0.000010	0.000010	0.000010	0.000010	0.000010	LD_0.9_10_1322
NIC248	0.000010	0.999910	0.000010	0.000010	0.000010	0.000010	0.000010	0.000010	0.000010	0.000010	LD_0.9_10_1322
NIC250	0.000010	0.999906	0.000010	0.000010	0.000010	0.000010	0.000014	0.000010	0.000010	0.000010	LD_0.9_10_1322
NIC2527	0.000010	0.999901	0.000010	0.000018	0.000010	0.000010	0.000010	0.000011	0.000010	0.000010	LD_0.9_10_1322
NIC309	0.000010	0.600933	0.000010	0.000010	0.000010	0.000010	0.000010	0.398987	0.000010	0.000010	LD_0.9_10_1322
NIC325	0.000010	0.590827	0.000010	0.000010	0.000010	0.000010	0.000010	0.409093	0.000010	0.000010	LD_0.9_10_1322
NIC327	0.000010	0.347753	0.000010	0.000010	0.000010	0.000011	0.000010	0.652166	0.000010	0.000010	LD_0.9_10_1322
NIC329	0.000010	0.500895	0.000010	0.000010	0.000010	0.000010	0.000010	0.499025	0.000010	0.000010	LD_0.9_10_1322
NIC330	0.000010	0.509071	0.000010	0.000010	0.000011	0.000010	0.000010	0.490848	0.000010	0.000010	LD_0.9_10_1322
NIC331	0.000010	0.548816	0.000010	0.000010	0.000020	0.000010	0.000010	0.451094	0.000010	0.000010	LD_0.9_10_1322
NIC332	0.000010	0.443730	0.000010	0.000010	0.000010	0.000010	0.000010	0.556190	0.000010	0.000010	LD_0.9_10_1322
NIC333	0.000010	0.477890	0.000010	0.000010	0.000010	0.000010	0.000010	0.522028	0.000012	0.000010	LD_0.9_10_1322
NIC343	0.010432	0.989484	0.000010	0.000010	0.000010	0.000010	0.000013	0.000010	0.000011	0.000010	LD_0.9_10_1322
NIC392	0.000010	0.835442	0.000010	0.000010	0.000010	0.000010	0.000010	0.164478	0.000010	0.000010	LD_0.9_10_1322
NIC400	0.000010	0.442964	0.000010	0.000010	0.000010	0.000010	0.000010	0.556956	0.000010	0.000010	LD_0.9_10_1322
NIC402	0.000010	0.455745	0.000010	0.000010	0.000015	0.000010	0.000010	0.544171	0.000010	0.000010	LD_0.9_10_1322
NIC419	0.492441	0.507479	0.000010	0.000010	0.000010	0.000010	0.000010	0.000010	0.000010	0.000010	LD_0.9_10_1322
NIC504	0.000010	0.000010	0.000010	0.000010	0.000010	0.000010	0.000010	0.000010	0.999910	0.000010	LD_0.9_10_1322
NIC505	0.000010	0.000010	0.000010	0.000010	0.000010	0.000010	0.000010	0.000010	0.999910	0.000010	LD_0.9_10_1322
NIC518	0.000010	0.000010	0.000010	0.000010	0.000015	0.000010	0.000010	0.000010	0.999905	0.000010	LD_0.9_10_1322
NIC519	0.000010	0.000010	0.000010	0.000010	0.000010	0.000010	0.000010	0.000010	0.999910	0.000010	LD_0.9_10_1322
NIC532	0.000010	0.999910	0.000010	0.000010	0.000010	0.000010	0.000010	0.000010	0.000010	0.000010	LD_0.9_10_1322
NIC541	0.265345	0.392406	0.000010	0.000010	0.000010	0.000010	0.000010	0.342178	0.000010	0.000010	LD_0.9_10_1322
NIC549	0.000010	0.999910	0.000010	0.000010	0.000010	0.000010	0.000010	0.000010	0.000010	0.000010	LD_0.9_10_1322
NIC552	0.000010	0.952977	0.000010	0.000010	0.000010	0.000010	0.000010	0.046943	0.000010	0.000010	LD_0.9_10_1322
NIC555	0.000010	0.808267	0.000010	0.000010	0.000010	0.000010	0.000010	0.191651	0.000012	0.000010	LD_0.9_10_1322
NIC574	0.000010	0.990318	0.000019	0.000010	0.000010	0.000010	0.000010	0.009593	0.000010	0.000010	LD_0.9_10_1322
NIC578	0.000010	0.999910	0.000010	0.000010	0.000010	0.000010	0.000010	0.000010	0.000010	0.000010	LD_0.9_10_1322
NIC583	0.000010	0.868222	0.000010	0.000010	0.000011	0.000010	0.000010	0.131697	0.000010	0.000010	LD_0.9_10_1322
NIC590	0.182846	0.726224	0.000013	0.000011	0.000010	0.000010	0.000010	0.090857	0.000010	0.000010	LD_0.9_10_1322
NIC593	0.000010	0.999910	0.000010	0.000010	0.000010	0.000010	0.000010	0.000010	0.000010	0.000010	LD_0.9_10_1322
NIC60	0.000010	0.793839	0.000010	0.000010	0.000010	0.000010	0.000010	0.206081	0.000010	0.000010	LD_0.9_10_1322
NIC61	0.000010	0.975836	0.000010	0.000010	0.000010	0.000010	0.000010	0.024084	0.000010	0.000010	LD_0.9_10_1322
NIC62	0.000010	0.892792	0.000010	0.000010	0.000010	0.000010	0.000010	0.107128	0.000010	0.000010	LD_0.9_10_1322
NIC67	0.581240	0.418672	0.000017	0.000010	0.000010	0.000010	0.000010	0.000010	0.000010	0.000010	LD_0.9_10_1322
NIC758	0.169259	0.779885	0.000010	0.000010	0.000010	0.000010	0.000010	0.050786	0.000010	0.000010	LD_0.9_10_1322
NIC777	0.000018	0.779842	0.000010	0.000010	0.000010	0.000010	0.000010	0.220070	0.000010	0.000010	LD_0.9_10_1322
NIC779	0.000010	0.000010	0.000010	0.000010	0.000010	0.000010	0.000010	0.000010	0.999910	0.000010	LD_0.9_10_1322
NIC790	0.000010	0.999909	0.000010	0.000010	0.000011	0.000010	0.000010	0.000010	0.000010	0.000010	LD_0.9_10_1322
NIC791	0.999910	0.000010	0.000010	0.000010	0.000010	0.000010	0.000010	0.000010	0.000010	0.000010	LD_0.9_10_1322
NIC792	0.324153	0.675767	0.000010	0.000010	0.000010	0.000010	0.000010	0.000010	0.000010	0.000010	LD_0.9_10_1322
NIC793	0.000010	0.999910	0.000010	0.000010	0.000010	0.000010	0.000010	0.000010	0.000010	0.000010	LD_0.9_10_1322
NIC795	0.000010	0.999902	0.000010	0.000018	0.000010	0.000010	0.000010	0.000010	0.000010	0.000010	LD_0.9_10_1322
NIC796	0.000010	0.991713	0.000014	0.000010	0.000010	0.000010	0.008203	0.000010	0.000010	0.000010	LD_0.9_10_1322
NIC802	0.000010	0.999910	0.000010	0.000010	0.000010	0.000010	0.000010	0.000010	0.000010	0.000010	LD_0.9_10_1322
NIC803	0.000010	0.999910	0.000010	0.000010	0.000010	0.000010	0.000010	0.000010	0.000010	0.000010	LD_0.9_10_1322
NIC805	0.000010	0.000010	0.000010	0.000010	0.000010	0.000010	0.000010	0.000010	0.999910	0.000010	LD_0.9_10_1322
NIC811	0.013295	0.986623	0.000010	0.000012	0.000010	0.000010	0.000010	0.000010	0.000010	0.000010	LD_0.9_10_1322
NIC814	0.000010	0.000010	0.000010	0.000010	0.000010	0.000010	0.000010	0.000010	0.999910	0.000010	LD_0.9_10_1322
NIC815	0.000010	0.000010	0.000010	0.000010	0.000010	0.000010	0.000010	0.000010	0.999910	0.000010	LD_0.9_10_1322
NIC816	0.000010	0.000010	0.000010	0.000010	0.000010	0.000010	0.999910	0.000010	0.000010	0.000010	LD_0.9_10_1322
NIC819	0.000010	0.000010	0.000010	0.000010	0.000010	0.000010	0.000010	0.000010	0.000010	0.999910	LD_0.9_10_1322
NIC821	0.000010	0.992574	0.000010	0.000010	0.000010	0.000010	0.000010	0.007346	0.000010	0.000010	LD_0.9_10_1322
NIC822	0.000010	0.000010	0.000010	0.000010	0.000010	0.000010	0.000010	0.000010	0.999910	0.000010	LD_0.9_10_1322
NIC824	0.000010	0.000010	0.000011	0.000010	0.000010	0.000010	0.000010	0.000010	0.999908	0.000010	LD_0.9_10_1322
NIC825	0.000010	0.000018	0.000010	0.000010	0.000010	0.000010	0.999900	0.000010	0.000012	0.000010	LD_0.9_10_1322
NIC827	0.000010	0.000010	0.000010	0.000010	0.000010	0.000010	0.999910	0.000010	0.000010	0.000010	LD_0.9_10_1322
NIC828	0.000010	0.000010	0.000010	0.000010	0.000010	0.000010	0.999910	0.000010	0.000010	0.000010	LD_0.9_10_1322
NIC863	0.000010	0.000010	0.000014	0.000010	0.000010	0.000010	0.000010	0.000010	0.999906	0.000010	LD_0.9_10_1322
NIC864	0.000017	0.000010	0.000010	0.000010	0.000010	0.000010	0.000010	0.000010	0.999903	0.000010	LD_0.9_10_1322
NIC865	0.000010	0.000010	0.000010	0.000010	0.000010	0.000010	0.000010	0.000010	0.999910	0.000010	LD_0.9_10_1322
NIC871	0.000010	0.999899	0.000013	0.000011	0.000017	0.000010	0.000010	0.000010	0.000010	0.000010	LD_0.9_10_1322
NIC883	0.000010	0.999910	0.000010	0.000010	0.000010	0.000010	0.000010	0.000010	0.000010	0.000010	LD_0.9_10_1322
NIC889	0.000010	0.000010	0.000010	0.000010	0.000010	0.000010	0.000010	0.000010	0.999910	0.000010	LD_0.9_10_1322
NIC893	0.000010	0.000010	0.000010	0.999910	0.000010	0.000010	0.000010	0.000010	0.000010	0.000010	LD_0.9_10_1322
NIC897	0.000010	0.000010	0.000015	0.000010	0.000018	0.000010	0.000019	0.000010	0.999887	0.000010	LD_0.9_10_1322
NIC899	0.000010	0.000010	0.999910	0.000010	0.000010	0.000010	0.000010	0.000010	0.000010	0.000010	LD_0.9_10_1322
NIC901	0.000010	0.999910	0.000010	0.000010	0.000010	0.000010	0.000010	0.000010	0.000010	0.000010	LD_0.9_10_1322
NIC911	0.000010	0.999910	0.000010	0.000010	0.000010	0.000010	0.000010	0.000010	0.000010	0.000010	LD_0.9_10_1322
NIC96	0.000010	0.500464	0.000010	0.000010	0.000010	0.000010	0.000010	0.499456	0.000010	0.000010	LD_0.9_10_1322
NIC984	0.000010	0.999894	0.000019	0.000010	0.000010	0.000010	0.000010	0.000010	0.000017	0.000010	LD_0.9_10_1322
NIC985	0.076588	0.923327	0.000010	0.000010	0.000010	0.000010	0.000010	0.000010	0.000015	0.000010	LD_0.9_10_1322
PB800	0.000010	0.000010	0.999907	0.000013	0.000010	0.000010	0.000010	0.000010	0.000010	0.000010	LD_0.9_10_1322
PB857	0.000010	0.000010	0.999907	0.000013	0.000010	0.000010	0.000010	0.000010	0.000010	0.000010	LD_0.9_10_1322
PE887	0.000010	0.999906	0.000010	0.000010	0.000010	0.000010	0.000010	0.000014	0.000010	0.000010	LD_0.9_10_1322
QG1005	0.000010	0.000010	0.000010	0.000010	0.000010	0.000010	0.000010	0.999910	0.000010	0.000010	LD_0.9_10_1322
QG1007	0.000010	0.000010	0.000010	0.000010	0.000010	0.000010	0.000010	0.999910	0.000010	0.000010	LD_0.9_10_1322
QG1111	0.000010	0.000010	0.000010	0.000010	0.000010	0.000010	0.000010	0.999910	0.000010	0.000010	LD_0.9_10_1322
QG1126	0.000010	0.000010	0.000010	0.000010	0.000010	0.000010	0.000010	0.999910	0.000010	0.000010	LD_0.9_10_1322
QG1141	0.000010	0.013915	0.000010	0.000010	0.000010	0.000010	0.000010	0.986005	0.000010	0.000010	LD_0.9_10_1322
QG1155	0.000013	0.013874	0.000010	0.000010	0.000010	0.000010	0.000010	0.986043	0.000010	0.000010	LD_0.9_10_1322
QG130	0.000010	0.999910	0.000010	0.000010	0.000010	0.000010	0.000010	0.000010	0.000010	0.000010	LD_0.9_10_1322
QG132	0.000010	0.999910	0.000010	0.000010	0.000010	0.000010	0.000010	0.000010	0.000010	0.000010	LD_0.9_10_1322
QG133	0.000010	0.021565	0.000010	0.000010	0.000010	0.000010	0.000010	0.000010	0.978355	0.000010	LD_0.9_10_1322
QG2641	0.000010	0.000010	0.000010	0.000015	0.000010	0.000010	0.000010	0.999905	0.000010	0.000010	LD_0.9_10_1322
QG2648	0.000010	0.000010	0.000010	0.000010	0.000010	0.000010	0.000010	0.999910	0.000010	0.000010	LD_0.9_10_1322
QG2659	0.000010	0.000010	0.000010	0.000010	0.000010	0.000010	0.000010	0.999910	0.000010	0.000010	LD_0.9_10_1322
QG2663	0.000010	0.000010	0.000010	0.000010	0.000010	0.000010	0.000010	0.999910	0.000010	0.000010	LD_0.9_10_1322
QG2665	0.000010	0.000010	0.000010	0.000010	0.000010	0.000010	0.000010	0.999910	0.000010	0.000010	LD_0.9_10_1322
QG2683	0.000010	0.000010	0.000012	0.000010	0.000010	0.000010	0.000010	0.999904	0.000013	0.000010	LD_0.9_10_1322
QG2736	0.000010	0.000010	0.000010	0.000010	0.000010	0.000010	0.000015	0.999905	0.000010	0.000010	LD_0.9_10_1322
QG2814	0.000010	0.999910	0.000010	0.000010	0.000010	0.000010	0.000010	0.000010	0.000010	0.000010	LD_0.9_10_1322
QG2820	0.000010	0.999910	0.000010	0.000010	0.000010	0.000010	0.000010	0.000010	0.000010	0.000010	LD_0.9_10_1322
QG2848	0.000010	0.999910	0.000010	0.000010	0.000010	0.000010	0.000010	0.000010	0.000010	0.000010	LD_0.9_10_1322
QG2880	0.999903	0.000010	0.000010	0.000010	0.000010	0.000010	0.000010	0.000017	0.000010	0.000010	LD_0.9_10_1322
QG2881	0.000010	0.999909	0.000010	0.000010	0.000010	0.000010	0.000010	0.000011	0.000010	0.000010	LD_0.9_10_1322
QG2883	0.000010	0.999906	0.000010	0.000010	0.000010	0.000010	0.000010	0.000013	0.000010	0.000010	LD_0.9_10_1322
QG2884	0.999910	0.000010	0.000010	0.000010	0.000010	0.000010	0.000010	0.000010	0.000010	0.000010	LD_0.9_10_1322
QG2891	0.000011	0.000010	0.000010	0.000014	0.999901	0.000010	0.000010	0.000014	0.000010	0.000010	LD_0.9_10_1322
QG2892	0.999910	0.000010	0.000010	0.000010	0.000010	0.000010	0.000010	0.000010	0.000010	0.000010	LD_0.9_10_1322
QG2893	0.000010	0.000010	0.000010	0.000010	0.000010	0.999909	0.000010	0.000011	0.000010	0.000010	LD_0.9_10_1322
QG2895	0.999910	0.000010	0.000010	0.000010	0.000010	0.000010	0.000010	0.000010	0.000010	0.000010	LD_0.9_10_1322
QG2902	0.999910	0.000010	0.000010	0.000010	0.000010	0.000010	0.000010	0.000010	0.000010	0.000010	LD_0.9_10_1322
QG2903	0.999910	0.000010	0.000010	0.000010	0.000010	0.000010	0.000010	0.000010	0.000010	0.000010	LD_0.9_10_1322
QG2906	0.995645	0.000010	0.000010	0.000010	0.000010	0.000010	0.000010	0.004275	0.000010	0.000010	LD_0.9_10_1322
QG2908	0.000010	0.000010	0.000010	0.000010	0.000010	0.999910	0.000010	0.000010	0.000010	0.000010	LD_0.9_10_1322
QG2910	0.000010	0.999910	0.000010	0.000010	0.000010	0.000010	0.000010	0.000010	0.000010	0.000010	LD_0.9_10_1322
QG2919	0.000010	0.000010	0.000010	0.000010	0.604335	0.395585	0.000010	0.000010	0.000010	0.000010	LD_0.9_10_1322
QG2923	0.999910	0.000010	0.000010	0.000010	0.000010	0.000010	0.000010	0.000010	0.000010	0.000010	LD_0.9_10_1322
QG2925	0.999910	0.000010	0.000010	0.000010	0.000010	0.000010	0.000010	0.000010	0.000010	0.000010	LD_0.9_10_1322
QG2964	0.000010	0.000010	0.000010	0.000010	0.000010	0.000010	0.000010	0.999910	0.000010	0.000010	LD_0.9_10_1322
QG2966	0.000010	0.359785	0.000010	0.000010	0.000010	0.000010	0.000010	0.640135	0.000010	0.000010	LD_0.9_10_1322
QG2969	0.000010	0.000010	0.000010	0.000010	0.000010	0.000010	0.000010	0.999910	0.000010	0.000010	LD_0.9_10_1322
QG2972	0.000011	0.000010	0.000010	0.000010	0.000010	0.000010	0.000010	0.999909	0.000010	0.000010	LD_0.9_10_1322
QG2996	0.000010	0.000010	0.000010	0.000011	0.000010	0.000010	0.000010	0.999909	0.000010	0.000010	LD_0.9_10_1322
QG3004	0.000017	0.160997	0.000010	0.000010	0.000010	0.000010	0.000010	0.838914	0.000012	0.000010	LD_0.9_10_1322
QG3006	0.000010	0.000010	0.000010	0.000010	0.000010	0.000010	0.000010	0.999910	0.000010	0.000010	LD_0.9_10_1322
QG3019	0.000010	0.047737	0.000010	0.000010	0.000010	0.000010	0.000010	0.952183	0.000010	0.000010	LD_0.9_10_1322
QG3025	0.000011	0.000010	0.000010	0.000010	0.000010	0.000010	0.000010	0.999909	0.000010	0.000010	LD_0.9_10_1322
QG3030	0.000010	0.000010	0.000010	0.000010	0.000010	0.000010	0.000010	0.999910	0.000010	0.000010	LD_0.9_10_1322
QG3032	0.000010	0.165779	0.000010	0.000010	0.000010	0.000010	0.000010	0.834141	0.000010	0.000010	LD_0.9_10_1322
QG3034	0.000010	0.000010	0.000010	0.000010	0.000010	0.000010	0.000010	0.999910	0.000010	0.000010	LD_0.9_10_1322
QG3041	0.000010	0.000010	0.000010	0.000010	0.000010	0.000010	0.000010	0.999910	0.000010	0.000010	LD_0.9_10_1322
QG3053	0.000019	0.999895	0.000010	0.000010	0.000016	0.000010	0.000010	0.000010	0.000010	0.000010	LD_0.9_10_1322
QG3056	0.000010	0.363922	0.000010	0.000010	0.000010	0.000010	0.000010	0.635996	0.000012	0.000010	LD_0.9_10_1322
QG3057	0.000010	0.000010	0.000010	0.000010	0.000010	0.000010	0.000010	0.999910	0.000010	0.000010	LD_0.9_10_1322
QG3058	0.000010	0.000857	0.000010	0.000010	0.000010	0.000010	0.000010	0.999063	0.000010	0.000010	LD_0.9_10_1322
QG3527	0.000010	0.829389	0.000010	0.000010	0.000010	0.000010	0.000010	0.170531	0.000010	0.000010	LD_0.9_10_1322
QG3661	0.000010	0.000010	0.999910	0.000010	0.000010	0.000010	0.000010	0.000010	0.000010	0.000010	LD_0.9_10_1322
QG3783	0.000010	0.870714	0.000010	0.000010	0.000010	0.000010	0.000010	0.129206	0.000010	0.000010	LD_0.9_10_1322
QG3801	0.000010	0.051516	0.000010	0.000010	0.000010	0.000010	0.000010	0.948404	0.000010	0.000010	LD_0.9_10_1322
QG3815	0.000010	0.861577	0.000010	0.000010	0.000010	0.000010	0.000010	0.138343	0.000010	0.000010	LD_0.9_10_1322
QG3816	0.000010	0.894255	0.000010	0.000010	0.000010	0.000010	0.000010	0.105665	0.000010	0.000010	LD_0.9_10_1322
QG3823	0.008181	0.049468	0.000010	0.000010	0.000010	0.000010	0.000010	0.942280	0.000010	0.000010	LD_0.9_10_1322
QG3825	0.000010	0.958355	0.000010	0.000010	0.000010	0.000010	0.000010	0.041565	0.000010	0.000010	LD_0.9_10_1322
QG3826	0.000010	0.865834	0.000010	0.000010	0.000010	0.000010	0.000010	0.134086	0.000010	0.000010	LD_0.9_10_1322
QG3837	0.000010	0.968705	0.000010	0.000010	0.000010	0.000010	0.000010	0.031215	0.000010	0.000010	LD_0.9_10_1322
QG3851	0.000010	0.852797	0.000010	0.000010	0.000010	0.000010	0.000010	0.147123	0.000010	0.000010	LD_0.9_10_1322
QG3861	0.000010	0.880548	0.000010	0.000010	0.000010	0.000010	0.000010	0.119372	0.000010	0.000010	LD_0.9_10_1322
QG3867	0.000010	0.086904	0.000010	0.000010	0.000010	0.000010	0.000010	0.913016	0.000010	0.000010	LD_0.9_10_1322
QG3874	0.000010	0.953657	0.000010	0.000010	0.000010	0.000010	0.000010	0.046263	0.000010	0.000010	LD_0.9_10_1322
QG3875	0.000010	0.890864	0.000010	0.000010	0.000010	0.000010	0.000010	0.109051	0.000015	0.000010	LD_0.9_10_1322
QG3876	0.000010	0.856908	0.000010	0.000020	0.000010	0.000010	0.000010	0.143002	0.000010	0.000010	LD_0.9_10_1322
QG3878	0.000010	0.884410	0.000010	0.000010	0.000010	0.000010	0.000010	0.115510	0.000010	0.000010	LD_0.9_10_1322
QG3920	0.000010	0.814686	0.000010	0.000010	0.000010	0.000010	0.000010	0.185234	0.000010	0.000010	LD_0.9_10_1322
QG3921	0.000010	0.830431	0.000010	0.000010	0.000010	0.000010	0.000010	0.169489	0.000010	0.000010	LD_0.9_10_1322
QG3923	0.000010	0.933554	0.000012	0.000010	0.000010	0.000010	0.000010	0.066364	0.000010	0.000010	LD_0.9_10_1322
QG3924	0.000010	0.659413	0.000010	0.000010	0.000010	0.000010	0.000010	0.340507	0.000010	0.000010	LD_0.9_10_1322
QG3925	0.000010	0.839174	0.000010	0.000010	0.000011	0.000010	0.000010	0.160745	0.000010	0.000010	LD_0.9_10_1322
QG3926	0.000010	0.875540	0.000010	0.000010	0.000010	0.000010	0.000010	0.124380	0.000010	0.000010	LD_0.9_10_1322
QG3927	0.000010	0.867912	0.000010	0.000010	0.000013	0.000010	0.000010	0.132005	0.000010	0.000010	LD_0.9_10_1322
QG3931	0.000010	0.657958	0.000010	0.000010	0.000010	0.000010	0.000010	0.341962	0.000010	0.000010	LD_0.9_10_1322
QG3932	0.000010	0.831108	0.000010	0.000010	0.000010	0.000010	0.000010	0.168812	0.000010	0.000010	LD_0.9_10_1322
QG3933	0.000010	0.999901	0.000019	0.000010	0.000010	0.000010	0.000010	0.000010	0.000010	0.000010	LD_0.9_10_1322
QG4026	0.000010	0.000010	0.000010	0.000010	0.999910	0.000010	0.000010	0.000010	0.000010	0.000010	LD_0.9_10_1322
QG4028	0.000010	0.000010	0.000010	0.000010	0.999907	0.000010	0.000010	0.000010	0.000013	0.000010	LD_0.9_10_1322
QG4031	0.000010	0.000010	0.000013	0.000010	0.999907	0.000010	0.000010	0.000010	0.000010	0.000010	LD_0.9_10_1322
QG4063	0.000010	0.000010	0.000010	0.000010	0.999910	0.000010	0.000010	0.000010	0.000010	0.000010	LD_0.9_10_1322
QG4064	0.000010	0.000010	0.000010	0.000010	0.999910	0.000010	0.000010	0.000010	0.000010	0.000010	LD_0.9_10_1322
QG4067	0.000010	0.000010	0.000015	0.000010	0.999905	0.000010	0.000010	0.000010	0.000010	0.000010	LD_0.9_10_1322
QG4068	0.000010	0.000010	0.000015	0.000010	0.999905	0.000010	0.000010	0.000010	0.000010	0.000010	LD_0.9_10_1322
QG4070	0.000010	0.999905	0.000010	0.000010	0.000013	0.000010	0.000010	0.000012	0.000010	0.000010	LD_0.9_10_1322
QG4093	0.000010	0.000010	0.000010	0.000010	0.000010	0.999900	0.000018	0.000012	0.000010	0.000010	LD_0.9_10_1322
QG4094	0.000010	0.000010	0.000010	0.000013	0.660358	0.339559	0.000010	0.000010	0.000010	0.000010	LD_0.9_10_1322
QG4095	0.000010	0.000010	0.000010	0.000010	0.999910	0.000010	0.000010	0.000010	0.000010	0.000010	LD_0.9_10_1322
QG4096	0.000010	0.000010	0.000010	0.000010	0.999910	0.000010	0.000010	0.000010	0.000010	0.000010	LD_0.9_10_1322
QG4097	0.000010	0.000010	0.000010	0.000010	0.999910	0.000010	0.000010	0.000010	0.000010	0.000010	LD_0.9_10_1322
QG4104	0.000010	0.000010	0.000010	0.000010	0.999905	0.000010	0.000015	0.000010	0.000010	0.000010	LD_0.9_10_1322
QG4114	0.000019	0.000010	0.000010	0.000010	0.999901	0.000010	0.000010	0.000010	0.000010	0.000010	LD_0.9_10_1322
QG4131	0.000010	0.000010	0.000013	0.000010	0.999907	0.000010	0.000010	0.000010	0.000010	0.000010	LD_0.9_10_1322
QG4132	0.000010	0.000010	0.000010	0.000010	0.999910	0.000010	0.000010	0.000010	0.000010	0.000010	LD_0.9_10_1322
QG4208	0.000010	0.000010	0.000010	0.000010	0.000010	0.999910	0.000010	0.000010	0.000010	0.000010	LD_0.9_10_1322
QG4214	0.000010	0.000010	0.000010	0.000010	0.999910	0.000010	0.000010	0.000010	0.000010	0.000010	LD_0.9_10_1322
QG4225	0.000010	0.000010	0.000010	0.000010	0.999910	0.000010	0.000010	0.000010	0.000010	0.000010	LD_0.9_10_1322
QG4232	0.000010	0.000010	0.000010	0.000010	0.366314	0.633606	0.000010	0.000010	0.000010	0.000010	LD_0.9_10_1322
QG4233	0.000010	0.000010	0.000010	0.000010	0.736884	0.263036	0.000010	0.000010	0.000010	0.000010	LD_0.9_10_1322
QG4647	0.999910	0.000010	0.000010	0.000010	0.000010	0.000010	0.000010	0.000010	0.000010	0.000010	LD_0.9_10_1322
QG4648	0.001036	0.998880	0.000014	0.000010	0.000010	0.000010	0.000010	0.000010	0.000010	0.000010	LD_0.9_10_1322
QG4683	0.000010	0.999910	0.000010	0.000010	0.000010	0.000010	0.000010	0.000010	0.000010	0.000010	LD_0.9_10_1322
QG4701	0.612228	0.387692	0.000010	0.000010	0.000010	0.000010	0.000010	0.000010	0.000010	0.000010	LD_0.9_10_1322
QG4706	0.000010	0.999910	0.000010	0.000010	0.000010	0.000010	0.000010	0.000010	0.000010	0.000010	LD_0.9_10_1322
QG4718	0.000010	0.999910	0.000010	0.000010	0.000010	0.000010	0.000010	0.000010	0.000010	0.000010	LD_0.9_10_1322
QG4742	0.020046	0.979870	0.000010	0.000010	0.000010	0.000010	0.000015	0.000010	0.000010	0.000010	LD_0.9_10_1322
QG4805	0.999908	0.000012	0.000010	0.000010	0.000010	0.000010	0.000010	0.000010	0.000010	0.000010	LD_0.9_10_1322
QG4847	0.000010	0.999909	0.000010	0.000010	0.000010	0.000010	0.000010	0.000011	0.000010	0.000010	LD_0.9_10_1322
QG4966	0.000011	0.999902	0.000010	0.000015	0.000011	0.000010	0.000011	0.000010	0.000010	0.000010	LD_0.9_10_1322
QG5348	0.000010	0.999910	0.000010	0.000010	0.000010	0.000010	0.000010	0.000010	0.000010	0.000010	LD_0.9_10_1322
QG5406	0.000010	0.999910	0.000010	0.000010	0.000010	0.000010	0.000010	0.000010	0.000010	0.000010	LD_0.9_10_1322
QG547	0.000010	0.000010	0.999910	0.000010	0.000010	0.000010	0.000010	0.000010	0.000010	0.000010	LD_0.9_10_1322
QG5474	0.680590	0.319330	0.000010	0.000010	0.000010	0.000010	0.000010	0.000010	0.000010	0.000010	LD_0.9_10_1322
QG5488	0.000010	0.999910	0.000010	0.000010	0.000010	0.000010	0.000010	0.000010	0.000010	0.000010	LD_0.9_10_1322
QG550	0.427416	0.572499	0.000010	0.000011	0.000010	0.000014	0.000010	0.000010	0.000010	0.000010	LD_0.9_10_1322
QG5507	0.206223	0.793690	0.000010	0.000010	0.000010	0.000010	0.000010	0.000017	0.000010	0.000010	LD_0.9_10_1322
QG5525	0.010918	0.989002	0.000010	0.000010	0.000010	0.000010	0.000010	0.000010	0.000010	0.000010	LD_0.9_10_1322
QG5589	0.837517	0.162403	0.000010	0.000010	0.000010	0.000010	0.000010	0.000010	0.000010	0.000010	LD_0.9_10_1322
QG5603	0.694695	0.305225	0.000010	0.000010	0.000010	0.000010	0.000010	0.000010	0.000010	0.000010	LD_0.9_10_1322
QG5611	0.000010	0.999910	0.000010	0.000010	0.000010	0.000010	0.000010	0.000010	0.000010	0.000010	LD_0.9_10_1322
QG5612	0.000011	0.980724	0.000010	0.000010	0.000010	0.000010	0.000010	0.019195	0.000010	0.000010	LD_0.9_10_1322
QG5633	0.009416	0.990496	0.000010	0.000017	0.000010	0.000010	0.000010	0.000010	0.000010	0.000010	LD_0.9_10_1322
QG581	0.000010	0.000010	0.999902	0.000013	0.000016	0.000010	0.000010	0.000010	0.000010	0.000010	LD_0.9_10_1322
QG588	0.000010	0.000010	0.999907	0.000010	0.000010	0.000010	0.000013	0.000010	0.000010	0.000010	LD_0.9_10_1322
QG700	0.000010	0.125045	0.000010	0.000010	0.000010	0.000010	0.000010	0.874875	0.000010	0.000010	LD_0.9_10_1322
QG727	0.000010	0.000010	0.000010	0.000010	0.000010	0.000010	0.000010	0.999910	0.000010	0.000010	LD_0.9_10_1322
QG733	0.000010	0.000010	0.000010	0.000010	0.000010	0.000010	0.000010	0.999910	0.000010	0.000010	LD_0.9_10_1322
QG736	0.000010	0.000010	0.000010	0.000010	0.000010	0.000010	0.000010	0.999910	0.000010	0.000010	LD_0.9_10_1322
QG737	0.000010	0.000010	0.000010	0.000010	0.000010	0.000010	0.000010	0.999910	0.000010	0.000010	LD_0.9_10_1322
QG739	0.000010	0.000010	0.000010	0.000010	0.000010	0.000010	0.000010	0.999910	0.000010	0.000010	LD_0.9_10_1322
QG761	0.000010	0.197299	0.000010	0.000010	0.000010	0.000010	0.000010	0.802621	0.000010	0.000010	LD_0.9_10_1322
QG763	0.000010	0.000010	0.000010	0.000010	0.000010	0.000010	0.000010	0.999910	0.000010	0.000010	LD_0.9_10_1322
QG776	0.000010	0.010891	0.000010	0.000010	0.000010	0.000010	0.000010	0.989029	0.000010	0.000010	LD_0.9_10_1322
QG781	0.000010	0.000010	0.000010	0.000010	0.000010	0.000010	0.000010	0.999910	0.000010	0.000010	LD_0.9_10_1322
QG784	0.000010	0.000010	0.000010	0.000010	0.000010	0.000010	0.000010	0.999910	0.000010	0.000010	LD_0.9_10_1322
QG786	0.000010	0.000010	0.000010	0.000010	0.000010	0.000010	0.000010	0.999910	0.000010	0.000010	LD_0.9_10_1322
QG788	0.000010	0.000010	0.000010	0.000010	0.000010	0.000010	0.000010	0.999910	0.000010	0.000010	LD_0.9_10_1322
QG790	0.000010	0.000010	0.000010	0.000010	0.000010	0.000010	0.000010	0.999910	0.000010	0.000010	LD_0.9_10_1322
QG791	0.000019	0.037731	0.000010	0.000010	0.000010	0.000010	0.000010	0.962180	0.000010	0.000010	LD_0.9_10_1322
QG795	0.000010	0.232284	0.000020	0.000010	0.000010	0.000010	0.000010	0.767627	0.000010	0.000010	LD_0.9_10_1322
QG797	0.000010	0.000010	0.000010	0.000010	0.000010	0.000010	0.000010	0.999910	0.000010	0.000010	LD_0.9_10_1322
QG802	0.000010	0.000010	0.000010	0.000010	0.000010	0.000010	0.000010	0.999910	0.000010	0.000010	LD_0.9_10_1322
QG804	0.000010	0.000010	0.000010	0.000010	0.000010	0.000010	0.000010	0.999910	0.000010	0.000010	LD_0.9_10_1322
QG806	0.000010	0.000010	0.000010	0.000010	0.000010	0.000010	0.000010	0.999910	0.000010	0.000010	LD_0.9_10_1322
QG807	0.000010	0.000010	0.000010	0.000010	0.000010	0.000010	0.000010	0.999910	0.000010	0.000010	LD_0.9_10_1322
QG808	0.000010	0.018504	0.000010	0.000010	0.000010	0.000010	0.000010	0.981410	0.000016	0.000010	LD_0.9_10_1322
QG809	0.000010	0.000010	0.000010	0.000010	0.000010	0.000010	0.000010	0.999903	0.000017	0.000010	LD_0.9_10_1322
QG825	0.000010	0.000010	0.000010	0.000010	0.000010	0.000010	0.000010	0.999910	0.000010	0.000010	LD_0.9_10_1322
QG827	0.000010	0.000010	0.000010	0.000010	0.000010	0.000010	0.000010	0.999910	0.000010	0.000010	LD_0.9_10_1322
QG828	0.000010	0.000010	0.000010	0.000010	0.000010	0.000010	0.000010	0.999910	0.000010	0.000010	LD_0.9_10_1322
QG833	0.000010	0.028136	0.000010	0.000010	0.000010	0.000010	0.000010	0.971779	0.000015	0.000010	LD_0.9_10_1322
QG855	0.000013	0.010114	0.000010	0.000010	0.000010	0.000010	0.000010	0.989803	0.000010	0.000010	LD_0.9_10_1322
QG856	0.000010	0.000010	0.000010	0.000010	0.000010	0.000010	0.000010	0.999910	0.000010	0.000010	LD_0.9_10_1322
QG858	0.000010	0.000010	0.000010	0.000010	0.000014	0.000010	0.000012	0.999904	0.000010	0.000010	LD_0.9_10_1322
QG860	0.000010	0.175350	0.000010	0.000010	0.000010	0.000010	0.000010	0.824570	0.000010	0.000010	LD_0.9_10_1322
QG864	0.000014	0.000010	0.000011	0.000010	0.000010	0.000010	0.000010	0.999905	0.000010	0.000010	LD_0.9_10_1322
QG865	0.000010	0.000010	0.000010	0.000010	0.000010	0.000010	0.000010	0.999910	0.000010	0.000010	LD_0.9_10_1322
QG866	0.000010	0.000010	0.000010	0.000010	0.000010	0.000010	0.000010	0.999910	0.000010	0.000010	LD_0.9_10_1322
QG868	0.000010	0.000010	0.000010	0.000010	0.000010	0.000010	0.000010	0.999910	0.000010	0.000010	LD_0.9_10_1322
QG874	0.000010	0.000010	0.000010	0.000010	0.000010	0.000010	0.000010	0.999910	0.000010	0.000010	LD_0.9_10_1322
QG875	0.000014	0.000010	0.000010	0.000010	0.000011	0.000010	0.000010	0.999905	0.000010	0.000010	LD_0.9_10_1322
QG878	0.000010	0.016365	0.000010	0.000010	0.000010	0.000010	0.000010	0.983555	0.000010	0.000010	LD_0.9_10_1322
QG879	0.000010	0.000010	0.000010	0.000010	0.000010	0.000010	0.000010	0.999910	0.000010	0.000010	LD_0.9_10_1322
QG880	0.000010	0.000010	0.000010	0.000010	0.000010	0.000010	0.000010	0.999910	0.000010	0.000010	LD_0.9_10_1322
QG881	0.000010	0.203660	0.000010	0.000010	0.000010	0.000010	0.000010	0.796260	0.000010	0.000010	LD_0.9_10_1322
QG887	0.000010	0.000010	0.000010	0.000010	0.000010	0.000010	0.000010	0.999910	0.000010	0.000010	LD_0.9_10_1322
QG888	0.000010	0.000010	0.000010	0.000010	0.000010	0.000010	0.000010	0.999910	0.000010	0.000010	LD_0.9_10_1322
QG926	0.000010	0.000010	0.000010	0.000010	0.000010	0.000010	0.000010	0.999910	0.000010	0.000010	LD_0.9_10_1322
QG927	0.000010	0.936523	0.000010	0.000010	0.000010	0.000010	0.000010	0.063397	0.000010	0.000010	LD_0.9_10_1322
QG933	0.000018	0.000010	0.000010	0.000010	0.000010	0.000010	0.000010	0.999902	0.000010	0.000010	LD_0.9_10_1322
QG937	0.000010	0.000010	0.000010	0.000010	0.000010	0.000010	0.000010	0.999910	0.000010	0.000010	LD_0.9_10_1322
QG945	0.000010	0.000010	0.000010	0.000010	0.000010	0.000010	0.000010	0.999910	0.000010	0.000010	LD_0.9_10_1322
QG946	0.000010	0.000010	0.000010	0.000010	0.000010	0.000010	0.000010	0.999910	0.000010	0.000010	LD_0.9_10_1322
QG947	0.000010	0.000010	0.000010	0.000010	0.000010	0.000010	0.000010	0.999910	0.000010	0.000010	LD_0.9_10_1322
QG948	0.000010	0.000010	0.000010	0.000010	0.000010	0.000010	0.000010	0.999910	0.000010	0.000010	LD_0.9_10_1322
QG952	0.000010	0.092855	0.000019	0.000010	0.000010	0.000010	0.000010	0.907056	0.000010	0.000010	LD_0.9_10_1322
QG978	0.000010	0.108438	0.000010	0.000010	0.000010	0.000010	0.000010	0.891482	0.000010	0.000010	LD_0.9_10_1322
QG980	0.000010	0.000010	0.000010	0.000010	0.000010	0.000010	0.000010	0.999910	0.000010	0.000010	LD_0.9_10_1322
QG986	0.000017	0.012881	0.000010	0.000010	0.000010	0.000010	0.000010	0.987031	0.000011	0.000010	LD_0.9_10_1322
QG991	0.000010	0.000010	0.000010	0.000010	0.000010	0.000010	0.000010	0.999910	0.000010	0.000010	LD_0.9_10_1322
QG994	0.000010	0.000010	0.000010	0.000010	0.000010	0.000010	0.000010	0.999910	0.000010	0.000010	LD_0.9_10_1322
QG995	0.000010	0.000010	0.000010	0.000010	0.000010	0.000010	0.000010	0.999910	0.000010	0.000010	LD_0.9_10_1322
QG997	0.000010	0.000010	0.000010	0.000010	0.000010	0.000010	0.000010	0.999910	0.000010	0.000010	LD_0.9_10_1322
QG998	0.000010	0.000010	0.000010	0.000010	0.000010	0.000010	0.000010	0.999910	0.000010	0.000010	LD_0.9_10_1322
QR25	0.000010	0.152853	0.316328	0.160885	0.000010	0.253724	0.053995	0.000010	0.062174	0.000010	LD_0.9_10_1322
QX1410	0.000010	0.946589	0.000010	0.053325	0.000010	0.000010	0.000010	0.000010	0.000016	0.000010	LD_0.9_10_1322
QX1547	0.000010	0.000010	0.999910	0.000010	0.000010	0.000010	0.000010	0.000010	0.000010	0.000010	LD_0.9_10_1322
QX1795	0.000010	0.999910	0.000010	0.000010	0.000010	0.000010	0.000010	0.000010	0.000010	0.000010	LD_0.9_10_1322
QX1796	0.000010	0.999910	0.000010	0.000010	0.000010	0.000010	0.000010	0.000010	0.000010	0.000010	LD_0.9_10_1322
QX1798	0.000010	0.000010	0.000011	0.000011	0.000012	0.000010	0.000010	0.000010	0.999906	0.000010	LD_0.9_10_1322
QX1800	0.000010	0.999910	0.000010	0.000010	0.000010	0.000010	0.000010	0.000010	0.000010	0.000010	LD_0.9_10_1322
QX1801	0.000010	0.999910	0.000010	0.000010	0.000010	0.000010	0.000010	0.000010	0.000010	0.000010	LD_0.9_10_1322
QX1802	0.000010	0.999910	0.000010	0.000010	0.000010	0.000010	0.000010	0.000010	0.000010	0.000010	LD_0.9_10_1322
QX1803	0.000010	0.999900	0.000010	0.000010	0.000013	0.000010	0.000010	0.000017	0.000010	0.000010	LD_0.9_10_1322
QX1804	0.000010	0.999910	0.000010	0.000010	0.000010	0.000010	0.000010	0.000010	0.000010	0.000010	LD_0.9_10_1322
SOW18	0.000010	0.000010	0.999910	0.000010	0.000010	0.000010	0.000010	0.000010	0.000010	0.000010	LD_0.9_10_1322
SOW21	0.000010	0.000010	0.999903	0.000010	0.000010	0.000010	0.000017	0.000010	0.000010	0.000010	LD_0.9_10_1322
SOW22	0.000012	0.000010	0.999908	0.000010	0.000010	0.000010	0.000010	0.000010	0.000010	0.000010	LD_0.9_10_1322
TT3408	0.000010	0.999910	0.000010	0.000010	0.000010	0.000010	0.000010	0.000010	0.000010	0.000010	LD_0.9_10_1322
TT3411	0.000010	0.999910	0.000010	0.000010	0.000010	0.000010	0.000010	0.000010	0.000010	0.000010	LD_0.9_10_1322
TWN1772	0.000010	0.000010	0.000010	0.000010	0.000010	0.000010	0.000010	0.000010	0.999910	0.000010	LD_0.9_10_1322
TWN1824	0.000017	0.000010	0.000010	0.000010	0.000010	0.000010	0.999903	0.000010	0.000010	0.000010	LD_0.9_10_1322
TWN1899	0.000010	0.000010	0.000010	0.000010	0.000010	0.000010	0.999910	0.000010	0.000010	0.000010	LD_0.9_10_1322
TWN1907	0.000010	0.000010	0.000010	0.000010	0.000010	0.000010	0.000010	0.000010	0.999910	0.000010	LD_0.9_10_1322
TWN2919	0.000010	0.000010	0.000010	0.000010	0.000010	0.000010	0.000010	0.000010	0.999910	0.000010	LD_0.9_10_1322
TWN3077	0.000010	0.000010	0.000010	0.000010	0.000010	0.000010	0.000013	0.000010	0.999907	0.000010	LD_0.9_10_1322
UH1	0.000010	0.000010	0.000010	0.000012	0.000010	0.000010	0.000010	0.000010	0.999908	0.000010	LD_0.9_10_1322
VSL2201	0.383844	0.616076	0.000010	0.000010	0.000010	0.000010	0.000010	0.000010	0.000010	0.000010	LD_0.9_10_1322
VSL2207	0.000010	0.000010	0.000010	0.000010	0.999910	0.000010	0.000010	0.000010	0.000010	0.000010	LD_0.9_10_1322
VSL2209	0.000013	0.000010	0.000010	0.000011	0.999907	0.000010	0.000010	0.000010	0.000010	0.000010	LD_0.9_10_1322
VSL2210	0.000010	0.999909	0.000010	0.000010	0.000011	0.000010	0.000010	0.000010	0.000010	0.000010	LD_0.9_10_1322
VSL2212	0.000010	0.999910	0.000010	0.000010	0.000010	0.000010	0.000010	0.000010	0.000010	0.000010	LD_0.9_10_1322
VSL2213	0.698679	0.301238	0.000012	0.000010	0.000010	0.000010	0.000010	0.000010	0.000010	0.000010	LD_0.9_10_1322
VSL2215	0.551234	0.448686	0.000010	0.000010	0.000010	0.000010	0.000010	0.000010	0.000010	0.000010	LD_0.9_10_1322
VSL2216	0.655006	0.344914	0.000010	0.000010	0.000010	0.000010	0.000010	0.000010	0.000010	0.000010	LD_0.9_10_1322
VSL2217	0.999910	0.000010	0.000010	0.000010	0.000010	0.000010	0.000010	0.000010	0.000010	0.000010	LD_0.9_10_1322
VSL2219	0.000010	0.999901	0.000010	0.000010	0.000010	0.000010	0.000010	0.000010	0.000019	0.000010	LD_0.9_10_1322
VT847	0.000010	0.999910	0.000010	0.000010	0.000010	0.000010	0.000010	0.000010	0.000010	0.000010	LD_0.9_10_1322
VX34	0.000010	0.165181	0.235513	0.135519	0.000010	0.293313	0.077372	0.000010	0.093062	0.000010	LD_0.9_10_1322
XZ1204	0.225138	0.774782	0.000010	0.000010	0.000010	0.000010	0.000010	0.000010	0.000010	0.000010	LD_0.9_10_1322
XZ1205	0.533323	0.466597	0.000010	0.000010	0.000010	0.000010	0.000010	0.000010	0.000010	0.000010	LD_0.9_10_1322
XZ1206	0.531005	0.468912	0.000012	0.000010	0.000011	0.000010	0.000011	0.000010	0.000010	0.000010	LD_0.9_10_1322
XZ1207	0.000010	0.999907	0.000013	0.000010	0.000010	0.000010	0.000010	0.000010	0.000010	0.000010	LD_0.9_10_1322
XZ1210	0.000010	0.999909	0.000010	0.000010	0.000011	0.000010	0.000010	0.000010	0.000010	0.000010	LD_0.9_10_1322
XZ1212	0.000010	0.994168	0.000010	0.000010	0.000010	0.000010	0.000010	0.005752	0.000010	0.000010	LD_0.9_10_1322
XZ1213	0.000010	0.999910	0.000010	0.000010	0.000010	0.000010	0.000010	0.000010	0.000010	0.000010	LD_0.9_10_1322
XZ1731	0.000010	0.999910	0.000010	0.000010	0.000010	0.000010	0.000010	0.000010	0.000010	0.000010	LD_0.9_10_1322
XZ1732	0.000010	0.999910	0.000010	0.000010	0.000010	0.000010	0.000010	0.000010	0.000010	0.000010	LD_0.9_10_1322
ZZY0992	0.999910	0.000010	0.000010	0.000010	0.000010	0.000010	0.000010	0.000010	0.000010	0.000010	LD_0.9_10_1322
ZZY1034	0.000012	0.999890	0.000019	0.000010	0.000019	0.000010	0.000010	0.000010	0.000010	0.000010	LD_0.9_10_1322
ZZY1075	0.000010	0.999910	0.000010	0.000010	0.000010	0.000010	0.000010	0.000010	0.000010	0.000010	LD_0.9_10_1322
ZZY1123	0.999910	0.000010	0.000010	0.000010	0.000010	0.000010	0.000010	0.000010	0.000010	0.000010	LD_0.9_10_1322
ZZY1130	0.000010	0.999902	0.000012	0.000010	0.000013	0.000010	0.000010	0.000010	0.000012	0.000010	LD_0.9_10_1322
ZZY405	0.000010	0.999902	0.000018	0.000010	0.000010	0.000010	0.000010	0.000010	0.000010	0.000010	LD_0.9_10_1322
AF16	0.999910	0.000010	0.000010	0.000010	0.000010	0.000010	0.000010	0.000010	0.000010	0.000010	LD_0.9_10_1432
BRC20069	0.999904	0.000016	0.000010	0.000010	0.000010	0.000010	0.000010	0.000010	0.000010	0.000010	LD_0.9_10_1432
BRC20073	0.999901	0.000019	0.000010	0.000010	0.000010	0.000010	0.000010	0.000010	0.000010	0.000010	LD_0.9_10_1432
BRC20075	0.000010	0.000014	0.000010	0.000018	0.000012	0.000010	0.000010	0.999896	0.000010	0.000010	LD_0.9_10_1432
BRC20077	0.999910	0.000010	0.000010	0.000010	0.000010	0.000010	0.000010	0.000010	0.000010	0.000010	LD_0.9_10_1432
BRC20081	0.000010	0.000010	0.000010	0.000010	0.000010	0.000010	0.000010	0.000010	0.000010	0.999910	LD_0.9_10_1432
BRC20085	0.302397	0.000010	0.114748	0.000010	0.524187	0.000010	0.000010	0.000010	0.058608	0.000010	LD_0.9_10_1432
BRC20088	0.000010	0.000010	0.000012	0.000010	0.000013	0.000010	0.000013	0.000011	0.000010	0.999900	LD_0.9_10_1432
BRC20089	0.999903	0.000010	0.000017	0.000010	0.000010	0.000010	0.000010	0.000010	0.000010	0.000010	LD_0.9_10_1432
BRC20090	0.935041	0.000010	0.045152	0.000010	0.017970	0.000010	0.000010	0.000010	0.001777	0.000010	LD_0.9_10_1432
BRC20092	0.256941	0.000013	0.003993	0.000010	0.665148	0.000010	0.000010	0.000010	0.073856	0.000010	LD_0.9_10_1432
BRC20093	0.999903	0.000010	0.000010	0.000010	0.000017	0.000010	0.000010	0.000010	0.000010	0.000010	LD_0.9_10_1432
BRC20094	0.263643	0.000010	0.053407	0.000010	0.654516	0.000010	0.000010	0.000010	0.028374	0.000010	LD_0.9_10_1432
BRC20095	0.999898	0.000020	0.000012	0.000010	0.000010	0.000010	0.000010	0.000010	0.000010	0.000010	LD_0.9_10_1432
BRC20096	0.999910	0.000010	0.000010	0.000010	0.000010	0.000010	0.000010	0.000010	0.000010	0.000010	LD_0.9_10_1432
BRC20098	0.999906	0.000010	0.000014	0.000010	0.000010	0.000010	0.000010	0.000010	0.000010	0.000010	LD_0.9_10_1432
BRC20099	0.999905	0.000010	0.000010	0.000010	0.000010	0.000010	0.000015	0.000010	0.000010	0.000010	LD_0.9_10_1432
BRC20100	0.999910	0.000010	0.000010	0.000010	0.000010	0.000010	0.000010	0.000010	0.000010	0.000010	LD_0.9_10_1432
BRC20102	0.999901	0.000016	0.000013	0.000010	0.000010	0.000010	0.000010	0.000010	0.000010	0.000010	LD_0.9_10_1432
BRC20103	0.999910	0.000010	0.000010	0.000010	0.000010	0.000010	0.000010	0.000010	0.000010	0.000010	LD_0.9_10_1432
BRC20105	0.198258	0.000010	0.116851	0.000010	0.648459	0.000010	0.000010	0.000010	0.036371	0.000010	LD_0.9_10_1432
BRC20107	0.220855	0.000016	0.114403	0.000010	0.630158	0.000010	0.015355	0.000010	0.019173	0.000010	LD_0.9_10_1432
BRC20115	0.000010	0.999900	0.000015	0.000010	0.000010	0.000010	0.000013	0.000010	0.000013	0.000010	LD_0.9_10_1432
BRC20119	0.280144	0.000010	0.719776	0.000010	0.000010	0.000010	0.000010	0.000010	0.000010	0.000010	LD_0.9_10_1432
BRC20228	0.999910	0.000010	0.000010	0.000010	0.000010	0.000010	0.000010	0.000010	0.000010	0.000010	LD_0.9_10_1432
BRC20229	0.000010	0.000010	0.000010	0.000010	0.000010	0.000010	0.000010	0.999910	0.000010	0.000010	LD_0.9_10_1432
BRC20230	0.000011	0.000010	0.000010	0.000010	0.000010	0.000010	0.000010	0.000020	0.000010	0.999899	LD_0.9_10_1432
BRC20232	0.000010	0.000010	0.000010	0.000010	0.000010	0.000010	0.000010	0.999910	0.000010	0.000010	LD_0.9_10_1432
BRC20238	0.000014	0.000010	0.000017	0.000010	0.000010	0.000010	0.000010	0.000010	0.000010	0.999899	LD_0.9_10_1432
BRC20239	0.000010	0.000010	0.000010	0.000010	0.000010	0.000010	0.000010	0.999910	0.000010	0.000010	LD_0.9_10_1432
BRC20241	0.929782	0.000010	0.070138	0.000010	0.000010	0.000010	0.000010	0.000010	0.000010	0.000010	LD_0.9_10_1432
BRC20242	0.999910	0.000010	0.000010	0.000010	0.000010	0.000010	0.000010	0.000010	0.000010	0.000010	LD_0.9_10_1432
BRC20244	0.000010	0.000010	0.000010	0.000010	0.000010	0.000010	0.000010	0.000010	0.000010	0.999910	LD_0.9_10_1432
BRC20246	0.000013	0.000010	0.000010	0.000010	0.000010	0.000010	0.000010	0.000010	0.000010	0.999907	LD_0.9_10_1432
BRC20257	0.000010	0.000010	0.999910	0.000010	0.000010	0.000010	0.000010	0.000010	0.000010	0.000010	LD_0.9_10_1432
BRC20260	0.999910	0.000010	0.000010	0.000010	0.000010	0.000010	0.000010	0.000010	0.000010	0.000010	LD_0.9_10_1432
BRC20270	0.000010	0.000010	0.000011	0.000010	0.000010	0.000010	0.000015	0.000011	0.000010	0.999903	LD_0.9_10_1432
BRC20272	0.000010	0.000010	0.000010	0.000010	0.000011	0.000010	0.000016	0.000010	0.000010	0.999903	LD_0.9_10_1432
BRC20289	0.000010	0.000018	0.000010	0.000010	0.000010	0.000010	0.000010	0.000011	0.000010	0.999901	LD_0.9_10_1432
BRC20290	0.000010	0.000013	0.000010	0.000010	0.000010	0.000010	0.000010	0.000012	0.000010	0.999906	LD_0.9_10_1432
BRC20294	0.999910	0.000010	0.000010	0.000010	0.000010	0.000010	0.000010	0.000010	0.000010	0.000010	LD_0.9_10_1432
BRC20308	0.000010	0.000010	0.000010	0.000010	0.000010	0.000010	0.000010	0.000010	0.000010	0.999910	LD_0.9_10_1432
BRC20309	0.000010	0.000010	0.000010	0.000010	0.000010	0.000010	0.000012	0.000010	0.000010	0.999908	LD_0.9_10_1432
BRC20311	0.000012	0.000012	0.000010	0.000010	0.000010	0.000010	0.000010	0.000010	0.000010	0.999906	LD_0.9_10_1432
BRC20312	0.000010	0.000010	0.000010	0.000010	0.000014	0.000010	0.000012	0.000011	0.000010	0.999903	LD_0.9_10_1432
BRC20315	0.000010	0.000010	0.000010	0.000010	0.000011	0.000010	0.000010	0.000010	0.000010	0.999909	LD_0.9_10_1432
BRC20320	0.000010	0.000010	0.000010	0.000010	0.000010	0.000010	0.000018	0.000010	0.000010	0.999902	LD_0.9_10_1432
BRC20324	0.352116	0.000013	0.000010	0.000017	0.000010	0.000010	0.007141	0.640663	0.000010	0.000010	LD_0.9_10_1432
BRC20331	0.000015	0.000010	0.000010	0.000010	0.000010	0.000010	0.000011	0.000012	0.000010	0.999901	LD_0.9_10_1432
BRC20333	0.000014	0.000010	0.000010	0.000010	0.000014	0.000010	0.000015	0.000010	0.000010	0.999897	LD_0.9_10_1432
BRC20334	0.000012	0.000010	0.000010	0.000010	0.000010	0.000010	0.000010	0.000010	0.000010	0.999908	LD_0.9_10_1432
BRC20339	0.000012	0.000010	0.000010	0.000010	0.000010	0.000010	0.000010	0.000015	0.000010	0.999902	LD_0.9_10_1432
BRC20341	0.000010	0.000010	0.000010	0.000010	0.000017	0.000010	0.000010	0.000011	0.000010	0.999902	LD_0.9_10_1432
BRC20343	0.000010	0.000010	0.000010	0.000010	0.000010	0.000010	0.000010	0.999910	0.000010	0.000010	LD_0.9_10_1432
BRC20346	0.000010	0.000010	0.000012	0.000010	0.000010	0.000010	0.000010	0.000010	0.000010	0.999908	LD_0.9_10_1432
BRC20347	0.000010	0.000010	0.000010	0.000018	0.000010	0.000010	0.000013	0.999900	0.000010	0.000010	LD_0.9_10_1432
BRC20348	0.000010	0.000010	0.000010	0.000010	0.000019	0.000010	0.000012	0.000013	0.000010	0.999895	LD_0.9_10_1432
BRC20353	0.000011	0.000010	0.000010	0.000010	0.999908	0.000011	0.000010	0.000011	0.000010	0.000010	LD_0.9_10_1432
BRC20360	0.000012	0.000010	0.000010	0.000010	0.999908	0.000010	0.000010	0.000010	0.000010	0.000010	LD_0.9_10_1432
BRC20361	0.000010	0.000010	0.000010	0.000010	0.999910	0.000010	0.000010	0.000010	0.000010	0.000010	LD_0.9_10_1432
BRC20362	0.000010	0.000010	0.000010	0.000010	0.999910	0.000010	0.000010	0.000010	0.000010	0.000010	LD_0.9_10_1432
BRC20366	0.000010	0.000010	0.000010	0.000010	0.000010	0.000010	0.000013	0.000010	0.000010	0.999907	LD_0.9_10_1432
BRC20367	0.000010	0.000010	0.000010	0.000010	0.000010	0.000010	0.000010	0.000013	0.000010	0.999907	LD_0.9_10_1432
BRC20369	0.999910	0.000010	0.000010	0.000010	0.000010	0.000010	0.000010	0.000010	0.000010	0.000010	LD_0.9_10_1432
BRC20370	0.000012	0.000010	0.000010	0.000010	0.000010	0.000010	0.000010	0.000010	0.000010	0.999908	LD_0.9_10_1432
BRC20388	0.000010	0.000010	0.000010	0.000010	0.000010	0.999910	0.000010	0.000010	0.000010	0.000010	LD_0.9_10_1432
BRC20390	0.000010	0.000010	0.000010	0.000010	0.000010	0.000010	0.000012	0.000010	0.000010	0.999908	LD_0.9_10_1432
BRC20401	0.999903	0.000010	0.000010	0.000010	0.000017	0.000010	0.000010	0.000010	0.000010	0.000010	LD_0.9_10_1432
BRC20463	0.000010	0.000010	0.000010	0.000010	0.000010	0.000010	0.000010	0.000010	0.000010	0.999910	LD_0.9_10_1432
BRC20492	0.000010	0.999908	0.000010	0.000010	0.000010	0.000012	0.000010	0.000010	0.000010	0.000010	LD_0.9_10_1432
BRC20499	0.000012	0.000010	0.000010	0.000010	0.000010	0.000010	0.000016	0.000010	0.000010	0.999902	LD_0.9_10_1432
BRC20501	0.000010	0.000010	0.000010	0.000010	0.000010	0.000010	0.000014	0.000017	0.000010	0.999899	LD_0.9_10_1432
BRC20502	0.000010	0.999910	0.000010	0.000010	0.000010	0.000010	0.000010	0.000010	0.000010	0.000010	LD_0.9_10_1432
BRC20503	0.000010	0.999910	0.000010	0.000010	0.000010	0.000010	0.000010	0.000010	0.000010	0.000010	LD_0.9_10_1432
BRC20519	0.000010	0.999909	0.000010	0.000011	0.000010	0.000010	0.000011	0.000010	0.000010	0.000010	LD_0.9_10_1432
BRC20520	0.000018	0.999902	0.000010	0.000010	0.000010	0.000010	0.000010	0.000010	0.000010	0.000010	LD_0.9_10_1432
BRC20522	0.000010	0.000010	0.000010	0.000010	0.000010	0.000010	0.000010	0.999910	0.000010	0.000010	LD_0.9_10_1432
BRC20524	0.000010	0.000010	0.000010	0.000010	0.000010	0.000010	0.000010	0.999910	0.000010	0.000010	LD_0.9_10_1432
BRC20529	0.000011	0.000010	0.000010	0.000010	0.000010	0.000010	0.000017	0.000010	0.000010	0.999902	LD_0.9_10_1432
BRC20530	0.000010	0.000010	0.000010	0.000010	0.000010	0.000010	0.000010	0.999910	0.000010	0.000010	LD_0.9_10_1432
BRC20531	0.000012	0.000010	0.000010	0.000010	0.000010	0.000010	0.000010	0.999908	0.000010	0.000010	LD_0.9_10_1432
BRC20532	0.000010	0.000016	0.000010	0.000010	0.000012	0.000010	0.000010	0.000010	0.000010	0.999902	LD_0.9_10_1432
BRC20533	0.000011	0.000019	0.000010	0.000010	0.000013	0.000010	0.000012	0.000010	0.000010	0.999895	LD_0.9_10_1432
BRC20534	0.000019	0.000012	0.000010	0.000010	0.000010	0.000011	0.000016	0.000010	0.000010	0.999893	LD_0.9_10_1432
BRC20535	0.000010	0.000018	0.000011	0.000010	0.000010	0.000010	0.000020	0.000012	0.000010	0.999888	LD_0.9_10_1432
BRC20536	0.000010	0.000010	0.000010	0.000010	0.000010	0.000010	0.000016	0.000010	0.000010	0.999904	LD_0.9_10_1432
BRC20537	0.000012	0.000010	0.000010	0.000010	0.000010	0.000010	0.000019	0.000010	0.000010	0.999898	LD_0.9_10_1432
BRC20541	0.000012	0.999903	0.000016	0.000010	0.000010	0.000010	0.000010	0.000010	0.000010	0.000010	LD_0.9_10_1432
BRC20543	0.000010	0.000010	0.000010	0.000010	0.000010	0.000010	0.000010	0.000010	0.000010	0.999910	LD_0.9_10_1432
BRC20544	0.000010	0.000010	0.000014	0.000010	0.000011	0.000010	0.000017	0.000010	0.000010	0.999899	LD_0.9_10_1432
BRC20545	0.000018	0.000011	0.000010	0.000010	0.000010	0.000010	0.000010	0.000019	0.000010	0.999892	LD_0.9_10_1432
BRC20556	0.999910	0.000010	0.000010	0.000010	0.000010	0.000010	0.000010	0.000010	0.000010	0.000010	LD_0.9_10_1432
BRC20557	0.000010	0.000010	0.000010	0.000010	0.000017	0.000010	0.000010	0.000010	0.000010	0.999903	LD_0.9_10_1432
BRC20565	0.999910	0.000010	0.000010	0.000010	0.000010	0.000010	0.000010	0.000010	0.000010	0.000010	LD_0.9_10_1432
BRC20571	0.941553	0.000010	0.034587	0.000010	0.023790	0.000010	0.000010	0.000010	0.000010	0.000010	LD_0.9_10_1432
BRC20574	0.999909	0.000010	0.000010	0.000010	0.000010	0.000010	0.000010	0.000010	0.000011	0.000010	LD_0.9_10_1432
BW287	0.000010	0.000010	0.000010	0.000013	0.000010	0.999907	0.000010	0.000010	0.000010	0.000010	LD_0.9_10_1432
DF5100	0.641474	0.000010	0.000010	0.000010	0.000010	0.000010	0.358446	0.000010	0.000010	0.000010	LD_0.9_10_1432
ECA1129	0.999910	0.000010	0.000010	0.000010	0.000010	0.000010	0.000010	0.000010	0.000010	0.000010	LD_0.9_10_1432
ECA1143	0.753673	0.000010	0.000010	0.000010	0.000010	0.000010	0.226587	0.000010	0.019670	0.000010	LD_0.9_10_1432
ECA1147	0.999910	0.000010	0.000010	0.000010	0.000010	0.000010	0.000010	0.000010	0.000010	0.000010	LD_0.9_10_1432
ECA1149	0.957604	0.000010	0.000010	0.000010	0.000010	0.000010	0.000010	0.000010	0.000010	0.042316	LD_0.9_10_1432
ECA1160	0.999910	0.000010	0.000010	0.000010	0.000010	0.000010	0.000010	0.000010	0.000010	0.000010	LD_0.9_10_1432
ECA1164	0.999910	0.000010	0.000010	0.000010	0.000010	0.000010	0.000010	0.000010	0.000010	0.000010	LD_0.9_10_1432
ECA1170	0.000017	0.000010	0.000010	0.000010	0.000010	0.000010	0.000010	0.000010	0.000010	0.999903	LD_0.9_10_1432
ECA1174	0.999910	0.000010	0.000010	0.000010	0.000010	0.000010	0.000010	0.000010	0.000010	0.000010	LD_0.9_10_1432
ECA1383	0.000018	0.000010	0.000010	0.000010	0.000010	0.000010	0.000010	0.000010	0.000010	0.999902	LD_0.9_10_1432
ECA1411	0.999907	0.000010	0.000013	0.000010	0.000010	0.000010	0.000010	0.000010	0.000010	0.000010	LD_0.9_10_1432
ECA1423	0.979768	0.000010	0.000010	0.000010	0.000010	0.000010	0.020152	0.000010	0.000010	0.000010	LD_0.9_10_1432
ECA1429	0.999907	0.000010	0.000010	0.000010	0.000010	0.000010	0.000010	0.000010	0.000013	0.000010	LD_0.9_10_1432
ECA1431	0.999893	0.000010	0.000018	0.000010	0.000019	0.000010	0.000010	0.000010	0.000010	0.000010	LD_0.9_10_1432
ECA1437	0.999910	0.000010	0.000010	0.000010	0.000010	0.000010	0.000010	0.000010	0.000010	0.000010	LD_0.9_10_1432
ECA1439	0.830507	0.000010	0.000010	0.000010	0.000010	0.000010	0.169413	0.000010	0.000010	0.000010	LD_0.9_10_1432
ECA1443	0.058375	0.000010	0.000010	0.000010	0.000010	0.000010	0.000010	0.000010	0.000010	0.941545	LD_0.9_10_1432
ECA1471	0.999909	0.000010	0.000010	0.000010	0.000011	0.000010	0.000010	0.000010	0.000010	0.000010	LD_0.9_10_1432
ECA1489	0.667867	0.000010	0.000010	0.000010	0.000010	0.000010	0.270637	0.000010	0.061427	0.000010	LD_0.9_10_1432
ECA1507	0.999903	0.000011	0.000010	0.000012	0.000014	0.000010	0.000010	0.000010	0.000010	0.000010	LD_0.9_10_1432
ECA1509	0.999910	0.000010	0.000010	0.000010	0.000010	0.000010	0.000010	0.000010	0.000010	0.000010	LD_0.9_10_1432
ECA1517	0.944143	0.000010	0.000010	0.000010	0.000010	0.000010	0.055777	0.000010	0.000010	0.000010	LD_0.9_10_1432
ECA1521	0.999910	0.000010	0.000010	0.000010	0.000010	0.000010	0.000010	0.000010	0.000010	0.000010	LD_0.9_10_1432
ECA1555	0.999910	0.000010	0.000010	0.000010	0.000010	0.000010	0.000010	0.000010	0.000010	0.000010	LD_0.9_10_1432
ECA1559	0.000017	0.000012	0.000010	0.000010	0.000010	0.000010	0.000010	0.000010	0.000010	0.999901	LD_0.9_10_1432
ECA1563	0.999910	0.000010	0.000010	0.000010	0.000010	0.000010	0.000010	0.000010	0.000010	0.000010	LD_0.9_10_1432
ECA1571	0.683520	0.000010	0.000010	0.000010	0.000010	0.000010	0.273197	0.000010	0.043213	0.000010	LD_0.9_10_1432
ECA1587	0.999908	0.000012	0.000010	0.000010	0.000010	0.000010	0.000010	0.000010	0.000010	0.000010	LD_0.9_10_1432
ECA1605	0.017497	0.000011	0.000014	0.000010	0.000010	0.000010	0.079019	0.000010	0.025826	0.877592	LD_0.9_10_1432
ECA1609	0.999908	0.000010	0.000010	0.000010	0.000011	0.000010	0.000010	0.000010	0.000011	0.000010	LD_0.9_10_1432
ECA161	0.999910	0.000010	0.000010	0.000010	0.000010	0.000010	0.000010	0.000010	0.000010	0.000010	LD_0.9_10_1432
ECA1611	0.999910	0.000010	0.000010	0.000010	0.000010	0.000010	0.000010	0.000010	0.000010	0.000010	LD_0.9_10_1432
ECA1615	0.999910	0.000010	0.000010	0.000010	0.000010	0.000010	0.000010	0.000010	0.000010	0.000010	LD_0.9_10_1432
ECA162	0.999910	0.000010	0.000010	0.000010	0.000010	0.000010	0.000010	0.000010	0.000010	0.000010	LD_0.9_10_1432
ECA1621	0.999910	0.000010	0.000010	0.000010	0.000010	0.000010	0.000010	0.000010	0.000010	0.000010	LD_0.9_10_1432
ECA163	0.000010	0.256724	0.000010	0.018137	0.000010	0.579358	0.117466	0.028266	0.000010	0.000010	LD_0.9_10_1432
ECA1637	0.999902	0.000010	0.000013	0.000010	0.000010	0.000010	0.000010	0.000014	0.000010	0.000010	LD_0.9_10_1432
ECA1657	0.992459	0.000010	0.007455	0.000010	0.000016	0.000010	0.000010	0.000010	0.000010	0.000010	LD_0.9_10_1432
ECA1701	0.964971	0.000010	0.000010	0.000010	0.016232	0.000010	0.000010	0.000010	0.018728	0.000010	LD_0.9_10_1432
ECA175	0.999910	0.000010	0.000010	0.000010	0.000010	0.000010	0.000010	0.000010	0.000010	0.000010	LD_0.9_10_1432
ECA176	0.994781	0.000010	0.000016	0.000010	0.000010	0.000010	0.000010	0.000010	0.005132	0.000010	LD_0.9_10_1432
ECA177	0.999910	0.000010	0.000010	0.000010	0.000010	0.000010	0.000010	0.000010	0.000010	0.000010	LD_0.9_10_1432
ECA180	0.999910	0.000010	0.000010	0.000010	0.000010	0.000010	0.000010	0.000010	0.000010	0.000010	LD_0.9_10_1432
ECA182	0.999905	0.000010	0.000015	0.000010	0.000010	0.000010	0.000010	0.000010	0.000010	0.000010	LD_0.9_10_1432
ECA183	0.999910	0.000010	0.000010	0.000010	0.000010	0.000010	0.000010	0.000010	0.000010	0.000010	LD_0.9_10_1432
ECA185	0.958483	0.000010	0.000014	0.000010	0.000010	0.000010	0.041432	0.000010	0.000010	0.000010	LD_0.9_10_1432
ECA186	0.919954	0.000010	0.000010	0.000010	0.000010	0.000010	0.079966	0.000010	0.000010	0.000010	LD_0.9_10_1432
ECA2083	0.999909	0.000010	0.000010	0.000010	0.000011	0.000010	0.000010	0.000010	0.000010	0.000010	LD_0.9_10_1432
ECA2093	0.999910	0.000010	0.000010	0.000010	0.000010	0.000010	0.000010	0.000010	0.000010	0.000010	LD_0.9_10_1432
ECA2115	0.999908	0.000010	0.000010	0.000010	0.000012	0.000010	0.000010	0.000010	0.000010	0.000010	LD_0.9_10_1432
ECA2299	0.000010	0.000011	0.000010	0.000011	0.000016	0.000010	0.000010	0.000010	0.000010	0.999902	LD_0.9_10_1432
ECA2373	0.953139	0.000010	0.000010	0.000010	0.005855	0.000010	0.000010	0.000010	0.040936	0.000010	LD_0.9_10_1432
ECA2385	0.000010	0.000010	0.000014	0.000010	0.000010	0.000010	0.000017	0.000010	0.000010	0.999899	LD_0.9_10_1432
ECA2425	0.999910	0.000010	0.000010	0.000010	0.000010	0.000010	0.000010	0.000010	0.000010	0.000010	LD_0.9_10_1432
ECA2617	0.000010	0.000010	0.000010	0.999910	0.000010	0.000010	0.000010	0.000010	0.000010	0.000010	LD_0.9_10_1432
ECA2618	0.000010	0.000010	0.000010	0.999901	0.000010	0.000010	0.000019	0.000010	0.000010	0.000010	LD_0.9_10_1432
ECA2621	0.000010	0.000010	0.000010	0.999910	0.000010	0.000010	0.000010	0.000010	0.000010	0.000010	LD_0.9_10_1432
ECA2623	0.108668	0.000010	0.000010	0.000010	0.000010	0.000010	0.891252	0.000010	0.000010	0.000010	LD_0.9_10_1432
ECA2625	0.999909	0.000010	0.000010	0.000010	0.000011	0.000010	0.000010	0.000010	0.000010	0.000010	LD_0.9_10_1432
ECA2626	0.999900	0.000010	0.000010	0.000010	0.000020	0.000010	0.000010	0.000010	0.000010	0.000010	LD_0.9_10_1432
ECA2636	0.999910	0.000010	0.000010	0.000010	0.000010	0.000010	0.000010	0.000010	0.000010	0.000010	LD_0.9_10_1432
ECA2637	0.999910	0.000010	0.000010	0.000010	0.000010	0.000010	0.000010	0.000010	0.000010	0.000010	LD_0.9_10_1432
ECA2639	0.000010	0.000010	0.000010	0.999910	0.000010	0.000010	0.000010	0.000010	0.000010	0.000010	LD_0.9_10_1432
ECA2645	0.999910	0.000010	0.000010	0.000010	0.000010	0.000010	0.000010	0.000010	0.000010	0.000010	LD_0.9_10_1432
ECA2647	0.000010	0.000010	0.000010	0.999910	0.000010	0.000010	0.000010	0.000010	0.000010	0.000010	LD_0.9_10_1432
ECA2663	0.999910	0.000010	0.000010	0.000010	0.000010	0.000010	0.000010	0.000010	0.000010	0.000010	LD_0.9_10_1432
ECA2664	0.116574	0.000010	0.000010	0.000010	0.000010	0.000010	0.883346	0.000010	0.000010	0.000010	LD_0.9_10_1432
ECA2666	0.000010	0.000010	0.000010	0.999910	0.000010	0.000010	0.000010	0.000010	0.000010	0.000010	LD_0.9_10_1432
ECA2667	0.999910	0.000010	0.000010	0.000010	0.000010	0.000010	0.000010	0.000010	0.000010	0.000010	LD_0.9_10_1432
ECA2670	0.000010	0.000010	0.000010	0.999910	0.000010	0.000010	0.000010	0.000010	0.000010	0.000010	LD_0.9_10_1432
ECA276	0.000010	0.256946	0.000010	0.017707	0.000010	0.578471	0.118184	0.028642	0.000010	0.000010	LD_0.9_10_1432
ECA278	0.000010	0.000010	0.000010	0.000010	0.000010	0.999910	0.000010	0.000010	0.000010	0.000010	LD_0.9_10_1432
ECA2808	0.909210	0.000010	0.000010	0.000010	0.000016	0.000010	0.090705	0.000010	0.000010	0.000010	LD_0.9_10_1432
ECA287	0.011277	0.000011	0.000011	0.000010	0.000010	0.000010	0.000010	0.000010	0.000010	0.988641	LD_0.9_10_1432
ECA288	0.253166	0.000011	0.000011	0.000010	0.000010	0.000010	0.642964	0.000010	0.000010	0.103799	LD_0.9_10_1432
ECA2883	0.999910	0.000010	0.000010	0.000010	0.000010	0.000010	0.000010	0.000010	0.000010	0.000010	LD_0.9_10_1432
ECA2890	0.999899	0.000010	0.000010	0.000010	0.000010	0.000010	0.000020	0.000010	0.000011	0.000010	LD_0.9_10_1432
ECA2894	0.893827	0.000010	0.000010	0.000010	0.000010	0.000010	0.106093	0.000010	0.000010	0.000010	LD_0.9_10_1432
ECA2936	0.000010	0.000010	0.000010	0.000010	0.000010	0.000010	0.000010	0.000010	0.000010	0.999910	LD_0.9_10_1432
ECA2975	0.999910	0.000010	0.000010	0.000010	0.000010	0.000010	0.000010	0.000010	0.000010	0.000010	LD_0.9_10_1432
ECA3091	0.999909	0.000010	0.000010	0.000010	0.000010	0.000010	0.000010	0.000010	0.000011	0.000010	LD_0.9_10_1432
ECA343	0.999910	0.000010	0.000010	0.000010	0.000010	0.000010	0.000010	0.000010	0.000010	0.000010	LD_0.9_10_1432
ECA346	0.879001	0.000010	0.000010	0.000010	0.000016	0.000010	0.120913	0.000010	0.000010	0.000010	LD_0.9_10_1432
ECA3502	0.000010	0.000010	0.000010	0.000010	0.000010	0.000010	0.000010	0.000010	0.000010	0.999910	LD_0.9_10_1432
ECA3503	0.999901	0.000014	0.000014	0.000012	0.000010	0.000010	0.000010	0.000010	0.000010	0.000010	LD_0.9_10_1432
ECA3509	0.999910	0.000010	0.000010	0.000010	0.000010	0.000010	0.000010	0.000010	0.000010	0.000010	LD_0.9_10_1432
ECA3708	0.999910	0.000010	0.000010	0.000010	0.000010	0.000010	0.000010	0.000010	0.000010	0.000010	LD_0.9_10_1432
ECA371	0.991660	0.000010	0.000015	0.000010	0.000010	0.000010	0.000010	0.000010	0.008255	0.000010	LD_0.9_10_1432
ECA3712	0.999910	0.000010	0.000010	0.000010	0.000010	0.000010	0.000010	0.000010	0.000010	0.000010	LD_0.9_10_1432
ECA3713	0.999907	0.000010	0.000010	0.000010	0.000010	0.000010	0.000010	0.000010	0.000013	0.000010	LD_0.9_10_1432
ECA3899	0.999910	0.000010	0.000010	0.000010	0.000010	0.000010	0.000010	0.000010	0.000010	0.000010	LD_0.9_10_1432
ECA4382	0.622796	0.000010	0.000010	0.000010	0.000010	0.000010	0.377124	0.000010	0.000010	0.000010	LD_0.9_10_1432
ECA4390	0.000010	0.000010	0.000010	0.000010	0.000010	0.000012	0.999908	0.000010	0.000010	0.000010	LD_0.9_10_1432
ECA4394	0.999910	0.000010	0.000010	0.000010	0.000010	0.000010	0.000010	0.000010	0.000010	0.000010	LD_0.9_10_1432
ECA4402	0.999910	0.000010	0.000010	0.000010	0.000010	0.000010	0.000010	0.000010	0.000010	0.000010	LD_0.9_10_1432
ECA569	0.000010	0.000010	0.000010	0.000010	0.000010	0.999910	0.000010	0.000010	0.000010	0.000010	LD_0.9_10_1432
ED3032	0.999909	0.000010	0.000010	0.000010	0.000010	0.000010	0.000010	0.000010	0.000011	0.000010	LD_0.9_10_1432
ED3037	0.999910	0.000010	0.000010	0.000010	0.000010	0.000010	0.000010	0.000010	0.000010	0.000010	LD_0.9_10_1432
ED3088	0.862897	0.000010	0.000010	0.000010	0.000010	0.000010	0.137015	0.000010	0.000018	0.000010	LD_0.9_10_1432
ED3102	0.080963	0.256094	0.000010	0.012411	0.000010	0.595026	0.014792	0.027294	0.000010	0.013390	LD_0.9_10_1432
EG4360	0.000010	0.000010	0.000010	0.000010	0.000010	0.999909	0.000010	0.000010	0.000011	0.000010	LD_0.9_10_1432
EG5612	0.000010	0.000010	0.000010	0.000010	0.999907	0.000010	0.000013	0.000010	0.000010	0.000010	LD_0.9_10_1432
EG5613	0.391054	0.000010	0.035005	0.000010	0.027758	0.000010	0.546123	0.000010	0.000010	0.000010	LD_0.9_10_1432
EG6179	0.863228	0.000010	0.009505	0.000010	0.036960	0.000010	0.090247	0.000010	0.000010	0.000010	LD_0.9_10_1432
EG6260	0.056499	0.000010	0.000010	0.000010	0.000010	0.000010	0.943421	0.000010	0.000010	0.000010	LD_0.9_10_1432
EG6261	0.508978	0.000015	0.000010	0.000010	0.000010	0.000010	0.490937	0.000010	0.000010	0.000010	LD_0.9_10_1432
EG6265	0.000010	0.000010	0.000010	0.000011	0.000010	0.000010	0.002043	0.000010	0.015086	0.982800	LD_0.9_10_1432
EG6267	0.593193	0.000010	0.000010	0.000010	0.000010	0.000010	0.406727	0.000010	0.000010	0.000010	LD_0.9_10_1432
EG6271	0.022210	0.000010	0.000010	0.000010	0.000010	0.000010	0.977710	0.000010	0.000010	0.000010	LD_0.9_10_1432
EG6272	0.413158	0.000010	0.000010	0.000010	0.000010	0.000010	0.586762	0.000010	0.000010	0.000010	LD_0.9_10_1432
EG6274	0.554767	0.000010	0.000010	0.000010	0.000017	0.000010	0.445146	0.000010	0.000010	0.000010	LD_0.9_10_1432
EG6275	0.560529	0.000010	0.000010	0.000010	0.000020	0.000010	0.439381	0.000010	0.000010	0.000010	LD_0.9_10_1432
EG6276	0.619382	0.000010	0.000010	0.000010	0.000010	0.000010	0.380534	0.000010	0.000014	0.000010	LD_0.9_10_1432
EG6329	0.000010	0.000010	0.000010	0.000010	0.000010	0.000010	0.999910	0.000010	0.000010	0.000010	LD_0.9_10_1432
GUN124	0.000010	0.000010	0.000010	0.000010	0.000010	0.999909	0.000010	0.000010	0.000011	0.000010	LD_0.9_10_1432
GXW22	0.999901	0.000014	0.000010	0.000010	0.000010	0.000010	0.000010	0.000010	0.000015	0.000010	LD_0.9_10_1432
GXW23	0.197351	0.000011	0.000010	0.000010	0.802568	0.000011	0.000010	0.000010	0.000010	0.000010	LD_0.9_10_1432
HK104	0.000018	0.000010	0.000010	0.000010	0.000010	0.999902	0.000010	0.000010	0.000010	0.000010	LD_0.9_10_1432
HPT11	0.000010	0.999910	0.000010	0.000010	0.000010	0.000010	0.000010	0.000010	0.000010	0.000010	LD_0.9_10_1432
HPT16	0.510979	0.000010	0.000010	0.000010	0.336397	0.000010	0.152554	0.000010	0.000010	0.000010	LD_0.9_10_1432
HPT18	0.000010	0.999910	0.000010	0.000010	0.000010	0.000010	0.000010	0.000010	0.000010	0.000010	LD_0.9_10_1432
HPT19	0.536409	0.000010	0.000017	0.000010	0.346413	0.000011	0.117101	0.000010	0.000010	0.000010	LD_0.9_10_1432
HPT2	0.453774	0.000010	0.000015	0.000010	0.407864	0.000010	0.138286	0.000010	0.000010	0.000010	LD_0.9_10_1432
HPT21	0.984509	0.000010	0.000010	0.000010	0.000010	0.000010	0.008503	0.000010	0.006917	0.000010	LD_0.9_10_1432
HPT24	0.000010	0.999909	0.000010	0.000011	0.000010	0.000010	0.000010	0.000010	0.000010	0.000010	LD_0.9_10_1432
HPT34	0.489449	0.000010	0.000010	0.000010	0.366536	0.000010	0.143945	0.000010	0.000010	0.000010	LD_0.9_10_1432
HPT37	0.556286	0.000010	0.000010	0.000010	0.321242	0.000010	0.085273	0.000010	0.037139	0.000010	LD_0.9_10_1432
HPT4	0.474412	0.000010	0.000010	0.000010	0.369879	0.000010	0.155638	0.000010	0.000010	0.000010	LD_0.9_10_1432
HPT42	0.566826	0.000010	0.000010	0.000010	0.317983	0.000010	0.115121	0.000010	0.000010	0.000010	LD_0.9_10_1432
HPT52	0.567646	0.000010	0.432268	0.000010	0.000014	0.000010	0.000010	0.000011	0.000010	0.000010	LD_0.9_10_1432
HPT53	0.999907	0.000010	0.000013	0.000010	0.000010	0.000010	0.000010	0.000010	0.000010	0.000010	LD_0.9_10_1432
HPT54	0.999909	0.000010	0.000011	0.000010	0.000010	0.000010	0.000010	0.000010	0.000010	0.000010	LD_0.9_10_1432
HPT55	0.999909	0.000010	0.000010	0.000010	0.000010	0.000010	0.000011	0.000010	0.000010	0.000010	LD_0.9_10_1432
HPT59	0.999910	0.000010	0.000010	0.000010	0.000010	0.000010	0.000010	0.000010	0.000010	0.000010	LD_0.9_10_1432
HPT60	0.999910	0.000010	0.000010	0.000010	0.000010	0.000010	0.000010	0.000010	0.000010	0.000010	LD_0.9_10_1432
HPT62	0.000010	0.000010	0.999909	0.000010	0.000010	0.000010	0.000011	0.000010	0.000010	0.000010	LD_0.9_10_1432
HPT63	0.975323	0.000010	0.000010	0.000010	0.024597	0.000010	0.000010	0.000010	0.000010	0.000010	LD_0.9_10_1432
HPT7	0.463643	0.000010	0.000010	0.000010	0.361284	0.000010	0.175003	0.000010	0.000010	0.000010	LD_0.9_10_1432
HPT8	0.491051	0.000010	0.000010	0.000010	0.366728	0.000010	0.142151	0.000010	0.000010	0.000010	LD_0.9_10_1432
HPT9	0.116709	0.000010	0.000010	0.000010	0.883211	0.000010	0.000010	0.000010	0.000010	0.000010	LD_0.9_10_1432
JU1085	0.000017	0.000010	0.000010	0.000010	0.000010	0.999903	0.000010	0.000010	0.000010	0.000010	LD_0.9_10_1432
JU1337	0.556253	0.000010	0.038139	0.000010	0.000010	0.000010	0.405538	0.000010	0.000010	0.000010	LD_0.9_10_1432
JU1338	0.000010	0.000010	0.000010	0.000010	0.999910	0.000010	0.000010	0.000010	0.000010	0.000010	LD_0.9_10_1432
JU1341	0.000010	0.000010	0.000010	0.999910	0.000010	0.000010	0.000010	0.000010	0.000010	0.000010	LD_0.9_10_1432
JU1346	0.000010	0.000010	0.000010	0.000010	0.999910	0.000010	0.000010	0.000010	0.000010	0.000010	LD_0.9_10_1432
JU1347	0.487895	0.000012	0.000013	0.000010	0.000010	0.000010	0.512019	0.000010	0.000010	0.000010	LD_0.9_10_1432
JU1348	0.000010	0.000010	0.000010	0.999910	0.000010	0.000010	0.000010	0.000010	0.000010	0.000010	LD_0.9_10_1432
JU1375	0.573884	0.000010	0.000010	0.000010	0.000010	0.000010	0.426036	0.000010	0.000010	0.000010	LD_0.9_10_1432
JU1377	0.601029	0.000010	0.000010	0.000010	0.000010	0.000010	0.398886	0.000010	0.000014	0.000010	LD_0.9_10_1432
JU1378	0.517666	0.000010	0.000012	0.000010	0.000010	0.000010	0.482253	0.000010	0.000010	0.000010	LD_0.9_10_1432
JU1392	0.533818	0.000010	0.000010	0.000010	0.000010	0.000010	0.466102	0.000010	0.000010	0.000010	LD_0.9_10_1432
JU1399	0.171859	0.000010	0.000010	0.000010	0.000010	0.000010	0.698274	0.000010	0.129797	0.000010	LD_0.9_10_1432
JU1424	0.000010	0.000011	0.000010	0.000010	0.999909	0.000010	0.000010	0.000010	0.000010	0.000010	LD_0.9_10_1432
JU1435	0.540117	0.000010	0.000010	0.000010	0.000010	0.000010	0.459803	0.000010	0.000010	0.000010	LD_0.9_10_1432
JU1564	0.000010	0.000010	0.000010	0.000010	0.000010	0.999910	0.000010	0.000010	0.000010	0.000010	LD_0.9_10_1432
JU1637	0.544045	0.000010	0.000010	0.000010	0.000010	0.000010	0.455875	0.000010	0.000010	0.000010	LD_0.9_10_1432
JU1638	0.497858	0.000010	0.000012	0.000010	0.000010	0.000010	0.502053	0.000010	0.000017	0.000010	LD_0.9_10_1432
JU1794	0.831524	0.000010	0.020569	0.000010	0.052186	0.000010	0.095662	0.000010	0.000010	0.000010	LD_0.9_10_1432
JU1795	0.847202	0.000012	0.000011	0.000010	0.000010	0.000010	0.152716	0.000010	0.000010	0.000010	LD_0.9_10_1432
JU1799	0.600895	0.000010	0.000010	0.000010	0.000010	0.000010	0.399025	0.000010	0.000010	0.000010	LD_0.9_10_1432
JU1802	0.572277	0.000010	0.000010	0.000010	0.000010	0.000010	0.427643	0.000010	0.000010	0.000010	LD_0.9_10_1432
JU1814	0.111829	0.000010	0.000010	0.000010	0.000010	0.000010	0.888091	0.000010	0.000010	0.000010	LD_0.9_10_1432
JU1884	0.946169	0.000010	0.000010	0.000010	0.000010	0.000010	0.053751	0.000010	0.000010	0.000010	LD_0.9_10_1432
JU1885	0.447788	0.000010	0.056629	0.000010	0.000010	0.000010	0.495513	0.000010	0.000010	0.000010	LD_0.9_10_1432
JU1907	0.974092	0.000012	0.000010	0.000010	0.000010	0.000010	0.025826	0.000010	0.000010	0.000010	LD_0.9_10_1432
JU1908	0.958835	0.000010	0.000010	0.000010	0.000010	0.000010	0.041083	0.000010	0.000011	0.000010	LD_0.9_10_1432
JU1909	0.999910	0.000010	0.000010	0.000010	0.000010	0.000010	0.000010	0.000010	0.000010	0.000010	LD_0.9_10_1432
JU1913	0.533758	0.000010	0.413557	0.000010	0.000010	0.000010	0.052615	0.000010	0.000010	0.000010	LD_0.9_10_1432
JU2053	0.892465	0.000010	0.000010	0.000010	0.000010	0.000010	0.107455	0.000010	0.000010	0.000010	LD_0.9_10_1432
JU2054	0.999908	0.000010	0.000012	0.000010	0.000011	0.000010	0.000010	0.000010	0.000010	0.000010	LD_0.9_10_1432
JU2056	0.999910	0.000010	0.000010	0.000010	0.000010	0.000010	0.000010	0.000010	0.000010	0.000010	LD_0.9_10_1432
JU2057	0.000010	0.000010	0.999910	0.000010	0.000010	0.000010	0.000010	0.000010	0.000010	0.000010	LD_0.9_10_1432
JU2160	0.000010	0.000010	0.999910	0.000010	0.000010	0.000010	0.000010	0.000010	0.000010	0.000010	LD_0.9_10_1432
JU2162	0.000010	0.000010	0.999910	0.000010	0.000010	0.000010	0.000010	0.000010	0.000010	0.000010	LD_0.9_10_1432
JU2214	0.705406	0.000010	0.000010	0.000010	0.000010	0.000010	0.091435	0.000010	0.203088	0.000010	LD_0.9_10_1432
JU2216	0.000013	0.000016	0.000010	0.000010	0.000012	0.000010	0.000010	0.000018	0.000010	0.999890	LD_0.9_10_1432
JU2457	0.262227	0.000010	0.000010	0.000010	0.000010	0.470784	0.256769	0.000010	0.010161	0.000010	LD_0.9_10_1432
JU2470	0.000010	0.000010	0.999910	0.000010	0.000010	0.000010	0.000010	0.000010	0.000010	0.000010	LD_0.9_10_1432
JU2472	0.425656	0.000010	0.000010	0.000010	0.000010	0.000010	0.574264	0.000010	0.000010	0.000010	LD_0.9_10_1432
JU2507	0.000010	0.000010	0.999910	0.000010	0.000010	0.000010	0.000010	0.000010	0.000010	0.000010	LD_0.9_10_1432
JU2518	0.000010	0.000010	0.000011	0.000010	0.000010	0.000010	0.948502	0.000010	0.051417	0.000010	LD_0.9_10_1432
JU2536	0.000010	0.000010	0.000010	0.000010	0.000010	0.999910	0.000010	0.000010	0.000010	0.000010	LD_0.9_10_1432
JU2618	0.000010	0.000010	0.000010	0.000010	0.000010	0.000010	0.396712	0.000010	0.603208	0.000010	LD_0.9_10_1432
JU2799	0.824263	0.000010	0.000010	0.000010	0.000017	0.000010	0.175650	0.000010	0.000010	0.000010	LD_0.9_10_1432
JU2836	0.697721	0.000010	0.001873	0.000010	0.000010	0.000010	0.059599	0.000010	0.240747	0.000010	LD_0.9_10_1432
JU2849	0.000010	0.000010	0.000011	0.000010	0.999899	0.000010	0.000019	0.000010	0.000010	0.000010	LD_0.9_10_1432
JU2861	0.966035	0.000010	0.000010	0.000010	0.000010	0.000010	0.033885	0.000010	0.000010	0.000010	LD_0.9_10_1432
JU2868	0.999910	0.000010	0.000010	0.000010	0.000010	0.000010	0.000010	0.000010	0.000010	0.000010	LD_0.9_10_1432
JU2872	0.000010	0.000010	0.000010	0.000010	0.000010	0.999908	0.000010	0.000012	0.000010	0.000010	LD_0.9_10_1432
JU2910	0.424410	0.000010	0.045735	0.000010	0.057513	0.000010	0.472281	0.000010	0.000010	0.000010	LD_0.9_10_1432
JU3168	0.044308	0.241731	0.000010	0.017473	0.000010	0.610842	0.055409	0.026207	0.000010	0.004000	LD_0.9_10_1432
JU3171	0.649811	0.000010	0.000019	0.000010	0.000010	0.000010	0.350095	0.000010	0.000015	0.000010	LD_0.9_10_1432
JU3199	0.000013	0.000011	0.000010	0.999903	0.000014	0.000010	0.000010	0.000010	0.000010	0.000010	LD_0.9_10_1432
JU3200	0.000010	0.000010	0.000010	0.999910	0.000010	0.000010	0.000010	0.000010	0.000010	0.000010	LD_0.9_10_1432
JU3201	0.000010	0.000010	0.000010	0.999910	0.000010	0.000010	0.000010	0.000010	0.000010	0.000010	LD_0.9_10_1432
JU3202	0.000010	0.000010	0.000010	0.999910	0.000010	0.000010	0.000010	0.000010	0.000010	0.000010	LD_0.9_10_1432
JU3203	0.000010	0.000010	0.000010	0.999910	0.000010	0.000010	0.000010	0.000010	0.000010	0.000010	LD_0.9_10_1432
JU3206	0.000010	0.000010	0.000010	0.999910	0.000010	0.000010	0.000010	0.000010	0.000010	0.000010	LD_0.9_10_1432
JU3207	0.999910	0.000010	0.000010	0.000010	0.000010	0.000010	0.000010	0.000010	0.000010	0.000010	LD_0.9_10_1432
JU3237	0.000010	0.000010	0.999908	0.000010	0.000010	0.000010	0.000012	0.000010	0.000010	0.000010	LD_0.9_10_1432
JU3281	0.999910	0.000010	0.000010	0.000010	0.000010	0.000010	0.000010	0.000010	0.000010	0.000010	LD_0.9_10_1432
JU3319	0.172404	0.000010	0.000010	0.000010	0.827515	0.000010	0.000010	0.000010	0.000011	0.000010	LD_0.9_10_1432
JU3321	0.999910	0.000010	0.000010	0.000010	0.000010	0.000010	0.000010	0.000010	0.000010	0.000010	LD_0.9_10_1432
JU3326	0.000010	0.822565	0.000010	0.000010	0.000010	0.177355	0.000010	0.000010	0.000010	0.000010	LD_0.9_10_1432
JU3327	0.839665	0.000010	0.000011	0.000010	0.160254	0.000010	0.000010	0.000010	0.000010	0.000010	LD_0.9_10_1432
JU3416	0.081347	0.000010	0.000010	0.000010	0.000010	0.899667	0.000010	0.000010	0.000010	0.018916	LD_0.9_10_1432
JU4042	0.999898	0.000017	0.000010	0.000010	0.000010	0.000010	0.000010	0.000010	0.000015	0.000010	LD_0.9_10_1432
JU4051	0.000010	0.000010	0.000010	0.000010	0.999910	0.000010	0.000010	0.000010	0.000010	0.000010	LD_0.9_10_1432
JU4058	0.000010	0.000010	0.000010	0.000010	0.999910	0.000010	0.000010	0.000010	0.000010	0.000010	LD_0.9_10_1432
JU4060	0.000010	0.000010	0.000010	0.000010	0.999910	0.000010	0.000010	0.000010	0.000010	0.000010	LD_0.9_10_1432
JU4062	0.000011	0.000010	0.000010	0.000010	0.999909	0.000010	0.000010	0.000010	0.000010	0.000010	LD_0.9_10_1432
JU4064	0.000010	0.000010	0.000010	0.000010	0.999910	0.000010	0.000010	0.000010	0.000010	0.000010	LD_0.9_10_1432
JU4080	0.999910	0.000010	0.000010	0.000010	0.000010	0.000010	0.000010	0.000010	0.000010	0.000010	LD_0.9_10_1432
JU4084	0.000010	0.000010	0.000010	0.000010	0.999910	0.000010	0.000010	0.000010	0.000010	0.000010	LD_0.9_10_1432
JU4097	0.000010	0.000010	0.000010	0.000010	0.999910	0.000010	0.000010	0.000010	0.000010	0.000010	LD_0.9_10_1432
JU725	0.236249	0.000010	0.000010	0.000010	0.763659	0.000010	0.000020	0.000010	0.000012	0.000010	LD_0.9_10_1432
MY2716	0.999910	0.000010	0.000010	0.000010	0.000010	0.000010	0.000010	0.000010	0.000010	0.000010	LD_0.9_10_1432
MY539	0.942065	0.000010	0.000010	0.000010	0.000010	0.000010	0.057855	0.000010	0.000010	0.000010	LD_0.9_10_1432
NIC1050	0.000010	0.000010	0.000010	0.000010	0.000010	0.000010	0.478805	0.000010	0.521115	0.000010	LD_0.9_10_1432
NIC1052	0.000010	0.000010	0.000010	0.000010	0.000010	0.000010	0.442580	0.000010	0.557340	0.000010	LD_0.9_10_1432
NIC1054	0.000010	0.000010	0.000010	0.000010	0.000010	0.000010	0.759052	0.000010	0.240868	0.000010	LD_0.9_10_1432
NIC1055	0.000010	0.000010	0.000010	0.000010	0.000010	0.000010	0.616210	0.000010	0.383710	0.000010	LD_0.9_10_1432
NIC1057	0.000010	0.000010	0.000010	0.000010	0.000019	0.000016	0.492917	0.000010	0.506988	0.000010	LD_0.9_10_1432
NIC1058	0.000010	0.000010	0.000010	0.000010	0.000010	0.000010	0.599135	0.000010	0.400785	0.000010	LD_0.9_10_1432
NIC1059	0.000010	0.000010	0.000010	0.000010	0.000010	0.000010	0.687747	0.000010	0.312173	0.000010	LD_0.9_10_1432
NIC1060	0.000010	0.000010	0.000010	0.000010	0.000010	0.000010	0.768726	0.000010	0.231194	0.000010	LD_0.9_10_1432
NIC1062	0.175950	0.000010	0.000010	0.000010	0.000010	0.000010	0.648827	0.000010	0.175153	0.000010	LD_0.9_10_1432
NIC1069	0.358937	0.000010	0.000010	0.000010	0.000010	0.000010	0.640983	0.000010	0.000010	0.000010	LD_0.9_10_1432
NIC1103	0.065734	0.000010	0.000010	0.000010	0.000010	0.000010	0.384377	0.000010	0.549819	0.000010	LD_0.9_10_1432
NIC1104	0.578497	0.000010	0.000010	0.000010	0.000019	0.000010	0.377856	0.000010	0.043569	0.000010	LD_0.9_10_1432
NIC1106	0.358066	0.000010	0.000010	0.000010	0.129886	0.000010	0.270086	0.000010	0.241902	0.000010	LD_0.9_10_1432
NIC1117	0.999910	0.000010	0.000010	0.000010	0.000010	0.000010	0.000010	0.000010	0.000010	0.000010	LD_0.9_10_1432
NIC1123	0.000010	0.000010	0.000010	0.000010	0.999910	0.000010	0.000010	0.000010	0.000010	0.000010	LD_0.9_10_1432
NIC1124	0.000010	0.000010	0.000010	0.000010	0.000013	0.000010	0.972505	0.000010	0.027412	0.000010	LD_0.9_10_1432
NIC1135	0.000010	0.000010	0.000010	0.000010	0.000010	0.000010	0.905604	0.000010	0.094316	0.000010	LD_0.9_10_1432
NIC1138	0.000010	0.000010	0.000010	0.000010	0.000010	0.000010	0.951419	0.000010	0.048501	0.000010	LD_0.9_10_1432
NIC1141	0.000010	0.000010	0.000010	0.000010	0.000010	0.000010	0.966219	0.000010	0.033700	0.000010	LD_0.9_10_1432
NIC115	0.000010	0.000010	0.000010	0.000010	0.000010	0.000010	0.999910	0.000010	0.000010	0.000010	LD_0.9_10_1432
NIC117	0.000010	0.000010	0.000011	0.000011	0.000010	0.000011	0.999906	0.000010	0.000011	0.000010	LD_0.9_10_1432
NIC1183	0.000010	0.000010	0.000010	0.000010	0.000010	0.000010	0.944540	0.000010	0.055380	0.000010	LD_0.9_10_1432
NIC119	0.000010	0.000010	0.000010	0.000010	0.000012	0.000010	0.999908	0.000010	0.000010	0.000010	LD_0.9_10_1432
NIC1190	0.000010	0.000010	0.000010	0.000010	0.000010	0.000010	0.999910	0.000010	0.000010	0.000010	LD_0.9_10_1432
NIC1202	0.855422	0.000010	0.000010	0.000010	0.144497	0.000010	0.000011	0.000010	0.000010	0.000010	LD_0.9_10_1432
NIC1204	0.798661	0.000010	0.000010	0.000010	0.196954	0.000010	0.004316	0.000010	0.000010	0.000010	LD_0.9_10_1432
NIC1205	0.000010	0.000016	0.000010	0.000010	0.000018	0.000010	0.000014	0.000010	0.000010	0.999892	LD_0.9_10_1432
NIC1218	0.999908	0.000010	0.000012	0.000010	0.000010	0.000010	0.000010	0.000010	0.000010	0.000010	LD_0.9_10_1432
NIC1220	0.000010	0.000010	0.000010	0.000010	0.000010	0.000010	0.000010	0.000010	0.000010	0.999910	LD_0.9_10_1432
NIC1221	0.776773	0.000010	0.000010	0.000010	0.223147	0.000010	0.000010	0.000010	0.000010	0.000010	LD_0.9_10_1432
NIC123	0.000010	0.000010	0.000010	0.000010	0.000010	0.000010	0.999910	0.000010	0.000010	0.000010	LD_0.9_10_1432
NIC1267	0.075719	0.000010	0.000010	0.000010	0.000010	0.000010	0.924201	0.000010	0.000010	0.000010	LD_0.9_10_1432
NIC1283	0.000010	0.000010	0.000010	0.000010	0.000010	0.000010	0.998017	0.000010	0.001903	0.000010	LD_0.9_10_1432
NIC1288	0.000010	0.000010	0.000010	0.000010	0.097023	0.000010	0.661724	0.000010	0.241183	0.000010	LD_0.9_10_1432
NIC1292	0.000010	0.000010	0.000010	0.000010	0.000010	0.000010	0.887128	0.000010	0.112792	0.000010	LD_0.9_10_1432
NIC1302	0.000010	0.000010	0.000010	0.000010	0.000010	0.000010	0.972712	0.000010	0.027208	0.000010	LD_0.9_10_1432
NIC1304	0.000010	0.000010	0.000010	0.000010	0.000014	0.000010	0.893548	0.000010	0.106368	0.000010	LD_0.9_10_1432
NIC1308	0.020627	0.000010	0.000010	0.000010	0.576556	0.000010	0.402747	0.000010	0.000010	0.000010	LD_0.9_10_1432
NIC1407	0.000010	0.000010	0.000010	0.000010	0.000010	0.000010	0.883542	0.000010	0.116378	0.000010	LD_0.9_10_1432
NIC1421	0.000010	0.000010	0.000010	0.000010	0.000010	0.000010	0.830054	0.000010	0.169866	0.000010	LD_0.9_10_1432
NIC1423	0.000010	0.000010	0.000010	0.000010	0.000010	0.000010	0.731031	0.000010	0.268889	0.000010	LD_0.9_10_1432
NIC1442	0.000010	0.000010	0.000010	0.000010	0.000010	0.000010	0.999910	0.000010	0.000010	0.000010	LD_0.9_10_1432
NIC1491	0.000010	0.000010	0.000010	0.000010	0.000010	0.000010	0.999910	0.000010	0.000010	0.000010	LD_0.9_10_1432
NIC1525	0.437984	0.000010	0.000010	0.000010	0.000010	0.000010	0.561936	0.000010	0.000010	0.000010	LD_0.9_10_1432
NIC1528	0.366074	0.000010	0.000010	0.000010	0.000010	0.000010	0.633846	0.000010	0.000010	0.000010	LD_0.9_10_1432
NIC1529	0.454824	0.000010	0.000010	0.000010	0.000010	0.000010	0.545096	0.000010	0.000010	0.000010	LD_0.9_10_1432
NIC1533	0.479984	0.000010	0.000010	0.000010	0.000010	0.000010	0.519936	0.000010	0.000010	0.000010	LD_0.9_10_1432
NIC1535	0.453479	0.000010	0.000010	0.000010	0.000010	0.000010	0.546441	0.000010	0.000010	0.000010	LD_0.9_10_1432
NIC1539	0.000011	0.000010	0.000010	0.000010	0.000010	0.000010	0.000014	0.000013	0.000010	0.999902	LD_0.9_10_1432
NIC1540	0.000010	0.000010	0.000010	0.000010	0.000010	0.000010	0.000010	0.999910	0.000010	0.000010	LD_0.9_10_1432
NIC1562	0.000012	0.000010	0.000013	0.000010	0.000010	0.000010	0.000016	0.000010	0.000010	0.999899	LD_0.9_10_1432
NIC1589	0.000010	0.000013	0.000010	0.000010	0.000011	0.000010	0.000010	0.999905	0.000010	0.000010	LD_0.9_10_1432
NIC1590	0.000012	0.000010	0.000010	0.000010	0.000012	0.000010	0.000010	0.000014	0.000010	0.999903	LD_0.9_10_1432
NIC1591	0.000011	0.000010	0.000010	0.000017	0.000011	0.000010	0.000012	0.999898	0.000010	0.000010	LD_0.9_10_1432
NIC1593	0.000010	0.000010	0.000010	0.000010	0.000010	0.000010	0.000010	0.999910	0.000010	0.000010	LD_0.9_10_1432
NIC1595	0.000010	0.000010	0.000014	0.000010	0.000010	0.000010	0.000015	0.000010	0.000010	0.999901	LD_0.9_10_1432
NIC1598	0.012269	0.000010	0.000010	0.000010	0.000016	0.000010	0.000010	0.000010	0.000010	0.987645	LD_0.9_10_1432
NIC1602	0.000010	0.000011	0.000013	0.000010	0.000015	0.000010	0.000010	0.000010	0.000010	0.999900	LD_0.9_10_1432
NIC1607	0.000010	0.999910	0.000010	0.000010	0.000010	0.000010	0.000010	0.000010	0.000010	0.000010	LD_0.9_10_1432
NIC1628	0.999908	0.000011	0.000010	0.000012	0.000010	0.000010	0.000010	0.000010	0.000010	0.000010	LD_0.9_10_1432
NIC1630	0.000011	0.000010	0.000010	0.000010	0.000010	0.000010	0.000015	0.000010	0.000010	0.999905	LD_0.9_10_1432
NIC1631	0.000015	0.000010	0.000010	0.000010	0.000010	0.000010	0.000010	0.000010	0.000010	0.999905	LD_0.9_10_1432
NIC1632	0.000010	0.000010	0.000011	0.000010	0.000010	0.999907	0.000010	0.000012	0.000010	0.000010	LD_0.9_10_1432
NIC1633	0.000010	0.000010	0.000011	0.000010	0.000010	0.999907	0.000010	0.000012	0.000010	0.000010	LD_0.9_10_1432
NIC1635	0.000010	0.000010	0.000011	0.000010	0.000010	0.999908	0.000010	0.000011	0.000010	0.000010	LD_0.9_10_1432
NIC1645	0.000010	0.000010	0.000010	0.000010	0.000010	0.000010	0.000019	0.000010	0.000010	0.999901	LD_0.9_10_1432
NIC1660	0.000010	0.000010	0.000010	0.000010	0.000010	0.000010	0.000010	0.000011	0.000010	0.999909	LD_0.9_10_1432
NIC1661	0.000016	0.000010	0.000010	0.000010	0.000012	0.000010	0.000010	0.000010	0.000010	0.999902	LD_0.9_10_1432
NIC1662	0.000010	0.000016	0.000010	0.000010	0.000010	0.000010	0.000017	0.000010	0.000010	0.999898	LD_0.9_10_1432
NIC1663	0.000011	0.000010	0.000010	0.000010	0.000010	0.000010	0.000010	0.000010	0.000010	0.999909	LD_0.9_10_1432
NIC1664	0.000010	0.000014	0.000010	0.000017	0.000010	0.000010	0.000012	0.999897	0.000010	0.000010	LD_0.9_10_1432
NIC1665	0.000010	0.000010	0.000010	0.000010	0.000010	0.000010	0.000010	0.999910	0.000010	0.000010	LD_0.9_10_1432
NIC1666	0.000010	0.000010	0.000010	0.000010	0.000010	0.000010	0.000014	0.000019	0.000010	0.999896	LD_0.9_10_1432
NIC1667	0.000010	0.000010	0.000010	0.000010	0.000014	0.000010	0.000014	0.000017	0.000010	0.999894	LD_0.9_10_1432
NIC1681	0.000014	0.000014	0.000010	0.000010	0.000010	0.000010	0.000010	0.000013	0.000010	0.999899	LD_0.9_10_1432
NIC1688	0.999910	0.000010	0.000010	0.000010	0.000010	0.000010	0.000010	0.000010	0.000010	0.000010	LD_0.9_10_1432
NIC1692	0.000010	0.000010	0.000010	0.000010	0.000010	0.000010	0.000011	0.000010	0.000010	0.999909	LD_0.9_10_1432
NIC1693	0.000010	0.000010	0.000010	0.000010	0.000010	0.000010	0.000010	0.000010	0.000010	0.999910	LD_0.9_10_1432
NIC17	0.604169	0.000010	0.000010	0.000010	0.000010	0.000010	0.395751	0.000010	0.000010	0.000010	LD_0.9_10_1432
NIC174	0.000010	0.000010	0.000013	0.000010	0.000010	0.999907	0.000010	0.000010	0.000010	0.000010	LD_0.9_10_1432
NIC187	0.000010	0.000010	0.000010	0.000010	0.000010	0.000010	0.999910	0.000010	0.000010	0.000010	LD_0.9_10_1432
NIC188	0.000010	0.000010	0.000010	0.000013	0.000010	0.000010	0.999907	0.000010	0.000010	0.000010	LD_0.9_10_1432
NIC19	0.000010	0.000010	0.000010	0.000010	0.000010	0.000010	0.000010	0.999910	0.000010	0.000010	LD_0.9_10_1432
NIC191	0.000010	0.000010	0.000012	0.000010	0.000010	0.000010	0.999908	0.000010	0.000010	0.000010	LD_0.9_10_1432
NIC20	0.000010	0.000010	0.000010	0.000016	0.000011	0.000010	0.000013	0.999900	0.000010	0.000010	LD_0.9_10_1432
NIC21	0.000010	0.000010	0.000010	0.000018	0.000010	0.000010	0.000015	0.999897	0.000010	0.000010	LD_0.9_10_1432
NIC22	0.000010	0.000012	0.000010	0.000010	0.000010	0.000010	0.000014	0.999904	0.000010	0.000010	LD_0.9_10_1432
NIC2369	0.000010	0.000010	0.000010	0.000010	0.999910	0.000010	0.000010	0.000010	0.000010	0.000010	LD_0.9_10_1432
NIC248	0.001196	0.000010	0.000010	0.000010	0.000010	0.000010	0.998724	0.000010	0.000010	0.000010	LD_0.9_10_1432
NIC250	0.005050	0.000010	0.000010	0.000010	0.000010	0.000010	0.994868	0.000010	0.000012	0.000010	LD_0.9_10_1432
NIC2527	0.999910	0.000010	0.000010	0.000010	0.000010	0.000010	0.000010	0.000010	0.000010	0.000010	LD_0.9_10_1432
NIC309	0.000010	0.000010	0.000010	0.000010	0.000010	0.000010	0.983045	0.000010	0.016875	0.000010	LD_0.9_10_1432
NIC325	0.000010	0.000010	0.000010	0.000010	0.000010	0.000010	0.987249	0.000010	0.012671	0.000010	LD_0.9_10_1432
NIC327	0.000010	0.000010	0.000010	0.000010	0.000010	0.000010	0.705449	0.000010	0.294471	0.000010	LD_0.9_10_1432
NIC329	0.000010	0.000010	0.000010	0.000011	0.000010	0.000010	0.831116	0.000010	0.168803	0.000010	LD_0.9_10_1432
NIC330	0.000010	0.000010	0.000010	0.000010	0.000010	0.000010	0.859775	0.000010	0.140145	0.000010	LD_0.9_10_1432
NIC331	0.000010	0.000010	0.000010	0.000010	0.000010	0.000010	0.821558	0.000010	0.178362	0.000010	LD_0.9_10_1432
NIC332	0.000010	0.000010	0.000010	0.000010	0.000010	0.000010	0.709369	0.000010	0.290551	0.000010	LD_0.9_10_1432
NIC333	0.000010	0.000010	0.000010	0.000010	0.000010	0.000010	0.877670	0.000010	0.122250	0.000010	LD_0.9_10_1432
NIC343	0.973131	0.000010	0.000010	0.000010	0.026789	0.000010	0.000010	0.000010	0.000010	0.000010	LD_0.9_10_1432
NIC392	0.152008	0.000010	0.000010	0.000010	0.000010	0.000010	0.847912	0.000010	0.000010	0.000010	LD_0.9_10_1432
NIC400	0.000010	0.000010	0.000010	0.000010	0.000010	0.000010	0.733945	0.000010	0.265975	0.000010	LD_0.9_10_1432
NIC402	0.000010	0.000010	0.000010	0.000010	0.000010	0.000010	0.731117	0.000010	0.268803	0.000010	LD_0.9_10_1432
NIC419	0.000010	0.000010	0.000010	0.000010	0.999910	0.000010	0.000010	0.000010	0.000010	0.000010	LD_0.9_10_1432
NIC504	0.000010	0.000010	0.000010	0.000010	0.000010	0.000010	0.000010	0.000010	0.000010	0.999910	LD_0.9_10_1432
NIC505	0.000019	0.000010	0.000010	0.000010	0.000010	0.000010	0.000010	0.000010	0.000010	0.999901	LD_0.9_10_1432
NIC518	0.000018	0.000011	0.000010	0.000010	0.000010	0.000010	0.000010	0.000011	0.000010	0.999900	LD_0.9_10_1432
NIC519	0.000018	0.000012	0.000010	0.000017	0.000010	0.000016	0.000015	0.000015	0.000010	0.999878	LD_0.9_10_1432
NIC532	0.000018	0.000010	0.000018	0.000010	0.000010	0.000010	0.999894	0.000010	0.000010	0.000010	LD_0.9_10_1432
NIC541	0.000010	0.000011	0.302583	0.000010	0.000010	0.000010	0.564789	0.000010	0.132557	0.000010	LD_0.9_10_1432
NIC549	0.107370	0.000010	0.000010	0.000010	0.000010	0.000010	0.892550	0.000010	0.000010	0.000010	LD_0.9_10_1432
NIC552	0.227406	0.000010	0.000011	0.000010	0.000010	0.000010	0.772513	0.000010	0.000010	0.000010	LD_0.9_10_1432
NIC555	0.000010	0.000010	0.000012	0.000010	0.000010	0.000010	0.889046	0.000010	0.110872	0.000010	LD_0.9_10_1432
NIC574	0.034671	0.000010	0.000010	0.000010	0.000010	0.000010	0.965249	0.000010	0.000010	0.000010	LD_0.9_10_1432
NIC578	0.000010	0.000010	0.000010	0.000010	0.000010	0.000010	0.999910	0.000010	0.000010	0.000010	LD_0.9_10_1432
NIC583	0.000010	0.000010	0.000010	0.000010	0.000010	0.000010	0.999910	0.000010	0.000010	0.000010	LD_0.9_10_1432
NIC590	0.000010	0.000010	0.115355	0.000010	0.000010	0.000010	0.884565	0.000010	0.000010	0.000010	LD_0.9_10_1432
NIC593	0.034347	0.000016	0.000010	0.000010	0.000010	0.000010	0.965566	0.000010	0.000010	0.000010	LD_0.9_10_1432
NIC60	0.000011	0.000010	0.000010	0.000010	0.000010	0.000010	0.999909	0.000010	0.000010	0.000010	LD_0.9_10_1432
NIC61	0.276801	0.000010	0.000010	0.000010	0.000010	0.000010	0.723119	0.000010	0.000010	0.000010	LD_0.9_10_1432
NIC62	0.000010	0.000010	0.000010	0.000010	0.000010	0.000010	0.999910	0.000010	0.000010	0.000010	LD_0.9_10_1432
NIC67	0.000010	0.000010	0.000010	0.000010	0.999908	0.000010	0.000012	0.000010	0.000010	0.000010	LD_0.9_10_1432
NIC758	0.000010	0.000010	0.120598	0.000010	0.000010	0.000010	0.879322	0.000010	0.000010	0.000010	LD_0.9_10_1432
NIC777	0.000010	0.000010	0.000010	0.000010	0.000010	0.000010	0.885539	0.000010	0.114381	0.000010	LD_0.9_10_1432
NIC779	0.000011	0.000017	0.000010	0.000010	0.000017	0.000010	0.000010	0.000010	0.000010	0.999895	LD_0.9_10_1432
NIC790	0.999910	0.000010	0.000010	0.000010	0.000010	0.000010	0.000010	0.000010	0.000010	0.000010	LD_0.9_10_1432
NIC791	0.082285	0.000010	0.917635	0.000010	0.000010	0.000010	0.000010	0.000010	0.000010	0.000010	LD_0.9_10_1432
NIC792	0.688166	0.000010	0.311754	0.000010	0.000010	0.000010	0.000010	0.000010	0.000010	0.000010	LD_0.9_10_1432
NIC793	0.999910	0.000010	0.000010	0.000010	0.000010	0.000010	0.000010	0.000010	0.000010	0.000010	LD_0.9_10_1432
NIC795	0.999910	0.000010	0.000010	0.000010	0.000010	0.000010	0.000010	0.000010	0.000010	0.000010	LD_0.9_10_1432
NIC796	0.992108	0.000010	0.000010	0.000010	0.000010	0.000010	0.000010	0.007812	0.000010	0.000010	LD_0.9_10_1432
NIC802	0.999902	0.000010	0.000010	0.000010	0.000018	0.000010	0.000010	0.000010	0.000010	0.000010	LD_0.9_10_1432
NIC803	0.916289	0.000010	0.000011	0.000010	0.000010	0.000010	0.083629	0.000010	0.000010	0.000010	LD_0.9_10_1432
NIC805	0.000010	0.000013	0.000010	0.000010	0.000010	0.000010	0.000017	0.000015	0.000010	0.999895	LD_0.9_10_1432
NIC811	0.960184	0.000010	0.006726	0.000010	0.033020	0.000010	0.000010	0.000010	0.000010	0.000010	LD_0.9_10_1432
NIC814	0.000010	0.000010	0.000010	0.000010	0.000017	0.000010	0.000010	0.000010	0.000010	0.999903	LD_0.9_10_1432
NIC815	0.000011	0.000010	0.000013	0.000010	0.000011	0.000010	0.000019	0.000011	0.000010	0.999896	LD_0.9_10_1432
NIC816	0.000010	0.000010	0.000010	0.000010	0.000010	0.000010	0.000010	0.999910	0.000010	0.000010	LD_0.9_10_1432
NIC819	0.000010	0.999892	0.000015	0.000014	0.000010	0.000010	0.000019	0.000010	0.000010	0.000010	LD_0.9_10_1432
NIC821	0.904962	0.000010	0.000010	0.000010	0.000010	0.000010	0.094958	0.000010	0.000010	0.000010	LD_0.9_10_1432
NIC822	0.000010	0.000013	0.000012	0.000010	0.000013	0.000010	0.000010	0.000012	0.000010	0.999899	LD_0.9_10_1432
NIC824	0.000012	0.000010	0.000013	0.000010	0.000010	0.000010	0.000013	0.000010	0.000010	0.999902	LD_0.9_10_1432
NIC825	0.000010	0.000010	0.000010	0.000010	0.000010	0.000010	0.000010	0.999910	0.000010	0.000010	LD_0.9_10_1432
NIC827	0.000010	0.000015	0.000010	0.000010	0.000010	0.000010	0.000010	0.999905	0.000010	0.000010	LD_0.9_10_1432
NIC828	0.000012	0.000010	0.000010	0.000010	0.000010	0.000010	0.000010	0.999908	0.000010	0.000010	LD_0.9_10_1432
NIC863	0.000010	0.000015	0.000010	0.000010	0.000017	0.000010	0.000010	0.000012	0.000010	0.999896	LD_0.9_10_1432
NIC864	0.000010	0.000010	0.000010	0.000010	0.000010	0.000010	0.000010	0.000010	0.000010	0.999910	LD_0.9_10_1432
NIC865	0.000010	0.000010	0.000010	0.000010	0.000010	0.000010	0.000013	0.000013	0.000010	0.999904	LD_0.9_10_1432
NIC871	0.999910	0.000010	0.000010	0.000010	0.000010	0.000010	0.000010	0.000010	0.000010	0.000010	LD_0.9_10_1432
NIC883	0.999910	0.000010	0.000010	0.000010	0.000010	0.000010	0.000010	0.000010	0.000010	0.000010	LD_0.9_10_1432
NIC889	0.000011	0.000010	0.000010	0.000010	0.000010	0.000010	0.000013	0.000010	0.000010	0.999906	LD_0.9_10_1432
NIC893	0.000010	0.999910	0.000010	0.000010	0.000010	0.000010	0.000010	0.000010	0.000010	0.000010	LD_0.9_10_1432
NIC897	0.000016	0.000010	0.000011	0.000012	0.000010	0.000010	0.000010	0.000010	0.000010	0.999901	LD_0.9_10_1432
NIC899	0.000010	0.000010	0.000010	0.000011	0.000010	0.999909	0.000010	0.000010	0.000010	0.000010	LD_0.9_10_1432
NIC901	0.636771	0.000010	0.000010	0.000010	0.000010	0.000010	0.363149	0.000010	0.000010	0.000010	LD_0.9_10_1432
NIC911	0.713642	0.000010	0.000010	0.000010	0.000010	0.000010	0.286278	0.000010	0.000010	0.000010	LD_0.9_10_1432
NIC96	0.000010	0.000010	0.000010	0.000010	0.000010	0.000010	0.999910	0.000010	0.000010	0.000010	LD_0.9_10_1432
NIC984	0.852858	0.000014	0.000011	0.000010	0.000010	0.000010	0.147058	0.000010	0.000010	0.000010	LD_0.9_10_1432
NIC985	0.632850	0.000010	0.000010	0.000010	0.163702	0.000010	0.203375	0.000013	0.000010	0.000010	LD_0.9_10_1432
PB800	0.000010	0.000010	0.000010	0.000010	0.000010	0.999910	0.000010	0.000010	0.000010	0.000010	LD_0.9_10_1432
PB857	0.000010	0.000010	0.000010	0.000011	0.000010	0.999909	0.000010	0.000010	0.000010	0.000010	LD_0.9_10_1432
PE887	0.805653	0.000010	0.000010	0.000010	0.000013	0.000010	0.194264	0.000010	0.000010	0.000010	LD_0.9_10_1432
QG1005	0.008684	0.000010	0.000010	0.000010	0.000010	0.000010	0.042514	0.000010	0.948732	0.000010	LD_0.9_10_1432
QG1007	0.000010	0.000010	0.000010	0.000010	0.000010	0.000010	0.000010	0.000010	0.999910	0.000010	LD_0.9_10_1432
QG1111	0.000010	0.000010	0.000010	0.000010	0.000010	0.000010	0.000010	0.000010	0.999910	0.000010	LD_0.9_10_1432
QG1126	0.000010	0.000010	0.000010	0.000010	0.000010	0.000010	0.000010	0.000010	0.999910	0.000010	LD_0.9_10_1432
QG1141	0.000010	0.000010	0.000010	0.000010	0.000010	0.000010	0.000010	0.000010	0.999910	0.000010	LD_0.9_10_1432
QG1155	0.003800	0.000010	0.000010	0.000010	0.000010	0.000010	0.000010	0.000010	0.996120	0.000010	LD_0.9_10_1432
QG130	0.999910	0.000010	0.000010	0.000010	0.000010	0.000010	0.000010	0.000010	0.000010	0.000010	LD_0.9_10_1432
QG132	0.920519	0.000010	0.000010	0.000010	0.000010	0.000010	0.079391	0.000010	0.000020	0.000010	LD_0.9_10_1432
QG133	0.022984	0.000010	0.000010	0.000010	0.000010	0.000010	0.000010	0.000010	0.000010	0.976936	LD_0.9_10_1432
QG2641	0.000010	0.000010	0.000010	0.000010	0.000010	0.000010	0.000010	0.000010	0.999910	0.000010	LD_0.9_10_1432
QG2648	0.000010	0.000010	0.000010	0.000010	0.000010	0.000010	0.000010	0.000010	0.999910	0.000010	LD_0.9_10_1432
QG2659	0.000014	0.000010	0.000010	0.000010	0.000010	0.000010	0.000010	0.000010	0.999906	0.000010	LD_0.9_10_1432
QG2663	0.000010	0.000010	0.000014	0.000010	0.000010	0.000010	0.000010	0.000010	0.999906	0.000010	LD_0.9_10_1432
QG2665	0.000010	0.000010	0.000010	0.000010	0.000010	0.000010	0.000010	0.000010	0.999910	0.000010	LD_0.9_10_1432
QG2683	0.000010	0.000011	0.000018	0.000010	0.000010	0.000010	0.000010	0.000010	0.999900	0.000010	LD_0.9_10_1432
QG2736	0.000013	0.000010	0.000010	0.000010	0.000010	0.000010	0.000010	0.000010	0.999907	0.000010	LD_0.9_10_1432
QG2814	0.999900	0.000019	0.000011	0.000010	0.000010	0.000010	0.000010	0.000010	0.000010	0.000010	LD_0.9_10_1432
QG2820	0.999910	0.000010	0.000010	0.000010	0.000010	0.000010	0.000010	0.000010	0.000010	0.000010	LD_0.9_10_1432
QG2848	0.999910	0.000010	0.000010	0.000010	0.000010	0.000010	0.000010	0.000010	0.000010	0.000010	LD_0.9_10_1432
QG2880	0.000010	0.000010	0.999910	0.000010	0.000010	0.000010	0.000010	0.000010	0.000010	0.000010	LD_0.9_10_1432
QG2881	0.999901	0.000010	0.000010	0.000010	0.000010	0.000010	0.000019	0.000010	0.000010	0.000010	LD_0.9_10_1432
QG2883	0.999910	0.000010	0.000010	0.000010	0.000010	0.000010	0.000010	0.000010	0.000010	0.000010	LD_0.9_10_1432
QG2884	0.000010	0.000010	0.999910	0.000010	0.000010	0.000010	0.000010	0.000010	0.000010	0.000010	LD_0.9_10_1432
QG2891	0.000010	0.000011	0.000010	0.999909	0.000010	0.000010	0.000010	0.000010	0.000010	0.000010	LD_0.9_10_1432
QG2892	0.000010	0.000010	0.999910	0.000010	0.000010	0.000010	0.000010	0.000010	0.000010	0.000010	LD_0.9_10_1432
QG2893	0.000010	0.000010	0.000010	0.999910	0.000010	0.000010	0.000010	0.000010	0.000010	0.000010	LD_0.9_10_1432
QG2895	0.000010	0.000010	0.999910	0.000010	0.000010	0.000010	0.000010	0.000010	0.000010	0.000010	LD_0.9_10_1432
QG2902	0.000010	0.000010	0.999910	0.000010	0.000010	0.000010	0.000010	0.000010	0.000010	0.000010	LD_0.9_10_1432
QG2903	0.000010	0.000010	0.999910	0.000010	0.000010	0.000010	0.000010	0.000010	0.000010	0.000010	LD_0.9_10_1432
QG2906	0.000010	0.000010	0.999904	0.000010	0.000010	0.000010	0.000010	0.000016	0.000010	0.000010	LD_0.9_10_1432
QG2908	0.000010	0.000010	0.000010	0.999910	0.000010	0.000010	0.000010	0.000010	0.000010	0.000010	LD_0.9_10_1432
QG2910	0.953627	0.000011	0.000010	0.000010	0.000010	0.000010	0.046292	0.000010	0.000010	0.000010	LD_0.9_10_1432
QG2919	0.000010	0.000010	0.000010	0.999907	0.000010	0.000010	0.000013	0.000010	0.000010	0.000010	LD_0.9_10_1432
QG2923	0.000010	0.000010	0.999910	0.000010	0.000010	0.000010	0.000010	0.000010	0.000010	0.000010	LD_0.9_10_1432
QG2925	0.000010	0.000010	0.999910	0.000010	0.000010	0.000010	0.000010	0.000010	0.000010	0.000010	LD_0.9_10_1432
QG2964	0.000019	0.000010	0.000015	0.000010	0.000010	0.000010	0.000010	0.000010	0.999896	0.000010	LD_0.9_10_1432
QG2966	0.241397	0.000010	0.000010	0.000010	0.000010	0.000010	0.145968	0.000010	0.612566	0.000010	LD_0.9_10_1432
QG2969	0.000010	0.000010	0.000010	0.000010	0.000010	0.000010	0.000010	0.000010	0.999910	0.000010	LD_0.9_10_1432
QG2972	0.000010	0.000010	0.000010	0.000010	0.000010	0.000010	0.000010	0.000010	0.999910	0.000010	LD_0.9_10_1432
QG2996	0.000010	0.000010	0.000010	0.000010	0.000010	0.000010	0.000010	0.000010	0.999910	0.000010	LD_0.9_10_1432
QG3004	0.075626	0.000019	0.000010	0.000010	0.000013	0.000010	0.137171	0.000010	0.787121	0.000010	LD_0.9_10_1432
QG3006	0.000010	0.000010	0.000010	0.000010	0.000010	0.000010	0.000010	0.000010	0.999910	0.000010	LD_0.9_10_1432
QG3019	0.000010	0.000010	0.000010	0.000010	0.000010	0.000010	0.132893	0.000010	0.867027	0.000010	LD_0.9_10_1432
QG3025	0.000010	0.000010	0.000010	0.000010	0.000010	0.000010	0.000010	0.000010	0.999910	0.000010	LD_0.9_10_1432
QG3030	0.000010	0.000010	0.000010	0.000010	0.000013	0.000010	0.000010	0.000010	0.999907	0.000010	LD_0.9_10_1432
QG3032	0.000010	0.000010	0.000010	0.000010	0.000010	0.000010	0.231619	0.000010	0.768301	0.000010	LD_0.9_10_1432
QG3034	0.000010	0.000010	0.000010	0.000010	0.000010	0.000010	0.000010	0.000010	0.999910	0.000010	LD_0.9_10_1432
QG3041	0.000010	0.000010	0.000010	0.000010	0.000010	0.000010	0.000010	0.000010	0.999910	0.000010	LD_0.9_10_1432
QG3053	0.424690	0.000010	0.000015	0.000010	0.000010	0.000010	0.575225	0.000010	0.000010	0.000010	LD_0.9_10_1432
QG3056	0.242604	0.000010	0.000010	0.000010	0.000010	0.000010	0.150738	0.000010	0.606588	0.000010	LD_0.9_10_1432
QG3057	0.000011	0.000010	0.000010	0.000010	0.000010	0.000010	0.000010	0.000010	0.999909	0.000010	LD_0.9_10_1432
QG3058	0.000010	0.000011	0.000010	0.000010	0.000010	0.000010	0.066989	0.000010	0.932929	0.000010	LD_0.9_10_1432
QG3527	0.147360	0.000010	0.000010	0.000010	0.000010	0.000010	0.732155	0.000010	0.120415	0.000010	LD_0.9_10_1432
QG3661	0.000010	0.000010	0.000010	0.000010	0.000010	0.999910	0.000010	0.000010	0.000010	0.000010	LD_0.9_10_1432
QG3783	0.282722	0.000010	0.000012	0.000010	0.000010	0.000010	0.675369	0.000010	0.041837	0.000010	LD_0.9_10_1432
QG3801	0.000010	0.000010	0.000010	0.000010	0.000010	0.000010	0.096888	0.000010	0.903032	0.000010	LD_0.9_10_1432
QG3815	0.089702	0.000010	0.000010	0.000010	0.000010	0.000010	0.910218	0.000010	0.000010	0.000010	LD_0.9_10_1432
QG3816	0.250911	0.000010	0.000011	0.000010	0.000010	0.000010	0.718411	0.000010	0.030607	0.000010	LD_0.9_10_1432
QG3823	0.000010	0.000010	0.006451	0.000010	0.013718	0.000010	0.083829	0.000010	0.895942	0.000010	LD_0.9_10_1432
QG3825	0.205701	0.000010	0.000010	0.000010	0.000010	0.000010	0.794219	0.000010	0.000010	0.000010	LD_0.9_10_1432
QG3826	0.206036	0.000010	0.000016	0.000010	0.000010	0.000010	0.737743	0.000010	0.056146	0.000010	LD_0.9_10_1432
QG3837	0.154937	0.000010	0.000011	0.000010	0.000010	0.000010	0.844982	0.000010	0.000010	0.000010	LD_0.9_10_1432
QG3851	0.256936	0.000010	0.000010	0.000010	0.000019	0.000010	0.693601	0.000010	0.049384	0.000010	LD_0.9_10_1432
QG3861	0.186284	0.000010	0.000010	0.000010	0.000010	0.000010	0.801630	0.000010	0.012017	0.000010	LD_0.9_10_1432
QG3867	0.000010	0.000010	0.000010	0.000010	0.000010	0.000010	0.133794	0.000010	0.866126	0.000010	LD_0.9_10_1432
QG3874	0.305370	0.000010	0.000010	0.000010	0.000010	0.000010	0.694550	0.000010	0.000010	0.000010	LD_0.9_10_1432
QG3875	0.000010	0.000010	0.000010	0.000010	0.000010	0.000010	0.999910	0.000010	0.000010	0.000010	LD_0.9_10_1432
QG3876	0.224382	0.000010	0.000010	0.000010	0.000010	0.000010	0.736335	0.000010	0.039213	0.000010	LD_0.9_10_1432
QG3878	0.000010	0.000010	0.000010	0.000010	0.000010	0.000010	0.999910	0.000010	0.000010	0.000010	LD_0.9_10_1432
QG3920	0.101173	0.000010	0.000010	0.000010	0.000010	0.000010	0.877655	0.000010	0.021103	0.000010	LD_0.9_10_1432
QG3921	0.174995	0.000010	0.000010	0.000010	0.000010	0.000010	0.807625	0.000010	0.017309	0.000010	LD_0.9_10_1432
QG3923	0.219971	0.000010	0.000010	0.000010	0.000011	0.000010	0.779948	0.000010	0.000010	0.000010	LD_0.9_10_1432
QG3924	0.201308	0.000010	0.000010	0.000010	0.000010	0.000010	0.666910	0.000010	0.131712	0.000010	LD_0.9_10_1432
QG3925	0.056183	0.000010	0.000010	0.000010	0.000010	0.000010	0.943737	0.000010	0.000010	0.000010	LD_0.9_10_1432
QG3926	0.007825	0.000010	0.000010	0.000010	0.000010	0.000010	0.992095	0.000010	0.000010	0.000010	LD_0.9_10_1432
QG3927	0.109043	0.000010	0.000010	0.000010	0.000010	0.000010	0.890877	0.000010	0.000010	0.000010	LD_0.9_10_1432
QG3931	0.004325	0.000010	0.000010	0.000010	0.000010	0.000010	0.939200	0.000010	0.056405	0.000010	LD_0.9_10_1432
QG3932	0.310067	0.000010	0.000013	0.000010	0.000010	0.000010	0.689850	0.000010	0.000010	0.000010	LD_0.9_10_1432
QG3933	0.514970	0.000010	0.000010	0.000010	0.000010	0.000010	0.484950	0.000010	0.000010	0.000010	LD_0.9_10_1432
QG4026	0.000010	0.000010	0.000010	0.999910	0.000010	0.000010	0.000010	0.000010	0.000010	0.000010	LD_0.9_10_1432
QG4028	0.000010	0.000011	0.000013	0.999904	0.000010	0.000012	0.000010	0.000010	0.000010	0.000010	LD_0.9_10_1432
QG4031	0.000010	0.000010	0.000010	0.999910	0.000010	0.000010	0.000010	0.000010	0.000010	0.000010	LD_0.9_10_1432
QG4063	0.000010	0.000010	0.000010	0.999910	0.000010	0.000010	0.000010	0.000010	0.000010	0.000010	LD_0.9_10_1432
QG4064	0.000010	0.000010	0.000010	0.999910	0.000010	0.000010	0.000010	0.000010	0.000010	0.000010	LD_0.9_10_1432
QG4067	0.000010	0.000010	0.000015	0.999904	0.000010	0.000011	0.000010	0.000010	0.000010	0.000010	LD_0.9_10_1432
QG4068	0.000010	0.000010	0.000010	0.999909	0.000010	0.000011	0.000010	0.000010	0.000010	0.000010	LD_0.9_10_1432
QG4070	0.972671	0.000012	0.000010	0.000010	0.000010	0.000010	0.027247	0.000010	0.000010	0.000010	LD_0.9_10_1432
QG4093	0.000010	0.000010	0.000010	0.999910	0.000010	0.000010	0.000010	0.000010	0.000010	0.000010	LD_0.9_10_1432
QG4094	0.000010	0.000010	0.000010	0.999910	0.000010	0.000010	0.000010	0.000010	0.000010	0.000010	LD_0.9_10_1432
QG4095	0.000010	0.000010	0.000010	0.999910	0.000010	0.000010	0.000010	0.000010	0.000010	0.000010	LD_0.9_10_1432
QG4096	0.000010	0.000010	0.000010	0.999910	0.000010	0.000010	0.000010	0.000010	0.000010	0.000010	LD_0.9_10_1432
QG4097	0.000010	0.000010	0.000010	0.999910	0.000010	0.000010	0.000010	0.000010	0.000010	0.000010	LD_0.9_10_1432
QG4104	0.000010	0.000010	0.000010	0.999910	0.000010	0.000010	0.000010	0.000010	0.000010	0.000010	LD_0.9_10_1432
QG4114	0.000010	0.000012	0.000010	0.999908	0.000010	0.000010	0.000010	0.000010	0.000010	0.000010	LD_0.9_10_1432
QG4131	0.000010	0.000010	0.000010	0.999910	0.000010	0.000010	0.000010	0.000010	0.000010	0.000010	LD_0.9_10_1432
QG4132	0.000010	0.000010	0.000010	0.999910	0.000010	0.000010	0.000010	0.000010	0.000010	0.000010	LD_0.9_10_1432
QG4208	0.000010	0.000010	0.000010	0.999910	0.000010	0.000010	0.000010	0.000010	0.000010	0.000010	LD_0.9_10_1432
QG4214	0.000010	0.000013	0.000010	0.999898	0.000010	0.000019	0.000010	0.000010	0.000010	0.000010	LD_0.9_10_1432
QG4225	0.000010	0.000010	0.000012	0.999908	0.000010	0.000010	0.000010	0.000010	0.000010	0.000010	LD_0.9_10_1432
QG4232	0.000010	0.000010	0.000010	0.999910	0.000010	0.000010	0.000010	0.000010	0.000010	0.000010	LD_0.9_10_1432
QG4233	0.000010	0.000010	0.000010	0.999910	0.000010	0.000010	0.000010	0.000010	0.000010	0.000010	LD_0.9_10_1432
QG4647	0.000010	0.000010	0.999904	0.000010	0.000010	0.000010	0.000016	0.000010	0.000010	0.000010	LD_0.9_10_1432
QG4648	0.993164	0.000010	0.006756	0.000010	0.000010	0.000010	0.000010	0.000010	0.000010	0.000010	LD_0.9_10_1432
QG4683	0.999904	0.000010	0.000012	0.000010	0.000014	0.000010	0.000010	0.000010	0.000010	0.000010	LD_0.9_10_1432
QG4701	0.431525	0.000010	0.568393	0.000010	0.000010	0.000010	0.000010	0.000010	0.000012	0.000010	LD_0.9_10_1432
QG4706	0.999910	0.000010	0.000010	0.000010	0.000010	0.000010	0.000010	0.000010	0.000010	0.000010	LD_0.9_10_1432
QG4718	0.999909	0.000011	0.000010	0.000010	0.000010	0.000010	0.000010	0.000010	0.000010	0.000010	LD_0.9_10_1432
QG4742	0.978946	0.000010	0.020974	0.000010	0.000010	0.000010	0.000010	0.000010	0.000010	0.000010	LD_0.9_10_1432
QG4805	0.000010	0.000010	0.999908	0.000010	0.000010	0.000011	0.000010	0.000010	0.000010	0.000010	LD_0.9_10_1432
QG4847	0.999910	0.000010	0.000010	0.000010	0.000010	0.000010	0.000010	0.000010	0.000010	0.000010	LD_0.9_10_1432
QG4966	0.999910	0.000010	0.000010	0.000010	0.000010	0.000010	0.000010	0.000010	0.000010	0.000010	LD_0.9_10_1432
QG5348	0.999908	0.000010	0.000010	0.000012	0.000010	0.000010	0.000010	0.000010	0.000010	0.000010	LD_0.9_10_1432
QG5406	0.999908	0.000010	0.000012	0.000010	0.000010	0.000010	0.000010	0.000010	0.000010	0.000010	LD_0.9_10_1432
QG547	0.000010	0.000010	0.000010	0.000011	0.000010	0.999909	0.000010	0.000010	0.000010	0.000010	LD_0.9_10_1432
QG5474	0.347934	0.000010	0.651986	0.000010	0.000010	0.000010	0.000010	0.000010	0.000010	0.000010	LD_0.9_10_1432
QG5488	0.999910	0.000010	0.000010	0.000010	0.000010	0.000010	0.000010	0.000010	0.000010	0.000010	LD_0.9_10_1432
QG550	0.296674	0.000010	0.067015	0.000010	0.627243	0.000010	0.009008	0.000010	0.000010	0.000010	LD_0.9_10_1432
QG5507	0.801467	0.000010	0.198453	0.000010	0.000010	0.000010	0.000010	0.000010	0.000010	0.000010	LD_0.9_10_1432
QG5525	0.999910	0.000010	0.000010	0.000010	0.000010	0.000010	0.000010	0.000010	0.000010	0.000010	LD_0.9_10_1432
QG5589	0.161493	0.000010	0.838427	0.000010	0.000010	0.000010	0.000010	0.000010	0.000010	0.000010	LD_0.9_10_1432
QG5603	0.337152	0.000010	0.662768	0.000010	0.000010	0.000010	0.000010	0.000010	0.000010	0.000010	LD_0.9_10_1432
QG5611	0.999909	0.000010	0.000010	0.000010	0.000010	0.000010	0.000010	0.000010	0.000011	0.000010	LD_0.9_10_1432
QG5612	0.790954	0.000010	0.000010	0.000010	0.000010	0.000010	0.208966	0.000010	0.000010	0.000010	LD_0.9_10_1432
QG5633	0.988556	0.000010	0.011359	0.000010	0.000010	0.000010	0.000010	0.000010	0.000016	0.000010	LD_0.9_10_1432
QG581	0.000013	0.000010	0.000010	0.000010	0.000010	0.999907	0.000010	0.000010	0.000010	0.000010	LD_0.9_10_1432
QG588	0.000010	0.000010	0.000010	0.000010	0.000010	0.999910	0.000010	0.000010	0.000010	0.000010	LD_0.9_10_1432
QG700	0.000010	0.000010	0.000010	0.000010	0.000010	0.000010	0.188535	0.000010	0.811385	0.000010	LD_0.9_10_1432
QG727	0.000010	0.000010	0.000010	0.000010	0.000010	0.000010	0.000010	0.000010	0.999910	0.000010	LD_0.9_10_1432
QG733	0.000010	0.000010	0.000010	0.000010	0.000010	0.000010	0.000010	0.000010	0.999910	0.000010	LD_0.9_10_1432
QG736	0.000010	0.000010	0.000010	0.000010	0.000010	0.000010	0.000010	0.000010	0.999910	0.000010	LD_0.9_10_1432
QG737	0.000010	0.000010	0.000012	0.000010	0.000010	0.000010	0.000017	0.000010	0.999901	0.000010	LD_0.9_10_1432
QG739	0.000010	0.000010	0.000010	0.000010	0.000010	0.000010	0.000010	0.000010	0.999910	0.000010	LD_0.9_10_1432
QG761	0.000010	0.000010	0.000010	0.000010	0.000010	0.000010	0.276096	0.000010	0.723823	0.000010	LD_0.9_10_1432
QG763	0.000010	0.000010	0.000017	0.000010	0.000010	0.000010	0.055330	0.000010	0.944583	0.000010	LD_0.9_10_1432
QG776	0.000010	0.000010	0.000010	0.000010	0.000011	0.000011	0.023349	0.000010	0.976568	0.000010	LD_0.9_10_1432
QG781	0.000010	0.000010	0.000010	0.000010	0.000010	0.000010	0.000010	0.000010	0.999910	0.000010	LD_0.9_10_1432
QG784	0.000010	0.000010	0.000010	0.000010	0.000010	0.000010	0.000010	0.000010	0.999910	0.000010	LD_0.9_10_1432
QG786	0.000010	0.000010	0.000010	0.000010	0.000010	0.000010	0.000010	0.000010	0.999910	0.000010	LD_0.9_10_1432
QG788	0.000010	0.000010	0.000010	0.000010	0.000010	0.000010	0.000017	0.000010	0.999903	0.000010	LD_0.9_10_1432
QG790	0.000010	0.000010	0.000012	0.000010	0.000010	0.000010	0.000010	0.000010	0.999908	0.000010	LD_0.9_10_1432
QG791	0.059455	0.000010	0.000010	0.000010	0.000010	0.000011	0.000011	0.000010	0.940464	0.000010	LD_0.9_10_1432
QG795	0.000010	0.000010	0.000010	0.000010	0.000010	0.000010	0.311893	0.000010	0.688027	0.000010	LD_0.9_10_1432
QG797	0.000010	0.000010	0.000010	0.000010	0.000010	0.000010	0.000010	0.000010	0.999910	0.000010	LD_0.9_10_1432
QG802	0.000010	0.000010	0.000010	0.000010	0.000010	0.000010	0.000010	0.000010	0.999910	0.000010	LD_0.9_10_1432
QG804	0.000010	0.000010	0.000010	0.000010	0.000010	0.000010	0.000010	0.000010	0.999910	0.000010	LD_0.9_10_1432
QG806	0.000010	0.000010	0.000010	0.000010	0.000010	0.000010	0.000019	0.000010	0.999901	0.000010	LD_0.9_10_1432
QG807	0.000019	0.000010	0.000010	0.000010	0.000010	0.000010	0.000016	0.000010	0.999896	0.000010	LD_0.9_10_1432
QG808	0.042780	0.000010	0.000010	0.000010	0.000010	0.000010	0.000010	0.000010	0.957140	0.000010	LD_0.9_10_1432
QG809	0.000010	0.000010	0.000010	0.000010	0.000010	0.000010	0.000010	0.000010	0.999910	0.000010	LD_0.9_10_1432
QG825	0.000010	0.000010	0.000010	0.000010	0.000010	0.000010	0.000010	0.000010	0.999910	0.000010	LD_0.9_10_1432
QG827	0.000010	0.000010	0.000010	0.000010	0.000015	0.000010	0.000013	0.000010	0.999902	0.000010	LD_0.9_10_1432
QG828	0.000010	0.000010	0.000010	0.000010	0.000010	0.000010	0.000015	0.000010	0.999905	0.000010	LD_0.9_10_1432
QG833	0.030077	0.000010	0.000010	0.000010	0.000010	0.000010	0.000010	0.000010	0.969843	0.000010	LD_0.9_10_1432
QG855	0.032116	0.000010	0.000010	0.000010	0.000014	0.000010	0.000010	0.000010	0.967800	0.000010	LD_0.9_10_1432
QG856	0.000010	0.000010	0.000010	0.000010	0.000010	0.000010	0.000010	0.000010	0.999910	0.000010	LD_0.9_10_1432
QG858	0.000010	0.000010	0.000010	0.000010	0.000010	0.000010	0.000013	0.000010	0.999907	0.000010	LD_0.9_10_1432
QG860	0.002482	0.000010	0.000015	0.000010	0.000010	0.000010	0.234348	0.000010	0.763095	0.000010	LD_0.9_10_1432
QG864	0.000010	0.000010	0.000010	0.000010	0.000010	0.000010	0.000010	0.000010	0.999910	0.000010	LD_0.9_10_1432
QG865	0.000010	0.000010	0.000010	0.000010	0.000010	0.000010	0.000010	0.000010	0.999910	0.000010	LD_0.9_10_1432
QG866	0.000010	0.000010	0.000010	0.000010	0.000010	0.000010	0.000019	0.000010	0.999901	0.000010	LD_0.9_10_1432
QG868	0.067058	0.000010	0.000010	0.000010	0.000012	0.000010	0.000010	0.000010	0.932860	0.000010	LD_0.9_10_1432
QG874	0.000010	0.000010	0.000010	0.000010	0.000010	0.000010	0.000010	0.000010	0.999910	0.000010	LD_0.9_10_1432
QG875	0.000010	0.000010	0.000010	0.000010	0.000010	0.000010	0.000010	0.000010	0.999910	0.000010	LD_0.9_10_1432
QG878	0.000012	0.000010	0.000010	0.000010	0.000010	0.000010	0.000010	0.000010	0.999908	0.000010	LD_0.9_10_1432
QG879	0.000010	0.000010	0.000010	0.000010	0.000010	0.000010	0.000010	0.000010	0.999910	0.000010	LD_0.9_10_1432
QG880	0.000010	0.000010	0.000010	0.000010	0.000010	0.000010	0.000010	0.000010	0.999910	0.000010	LD_0.9_10_1432
QG881	0.000010	0.000010	0.000010	0.000010	0.000010	0.000010	0.273922	0.000010	0.725998	0.000010	LD_0.9_10_1432
QG887	0.000010	0.000010	0.000010	0.000010	0.000010	0.000010	0.000010	0.000010	0.999910	0.000010	LD_0.9_10_1432
QG888	0.000010	0.000010	0.000010	0.000010	0.000010	0.000010	0.000010	0.000010	0.999910	0.000010	LD_0.9_10_1432
QG926	0.000010	0.000010	0.000010	0.000010	0.000010	0.000010	0.000010	0.000010	0.999910	0.000010	LD_0.9_10_1432
QG927	0.926005	0.000010	0.000010	0.000010	0.000010	0.000010	0.000010	0.000010	0.073915	0.000010	LD_0.9_10_1432
QG933	0.000010	0.000010	0.000010	0.000010	0.000010	0.000010	0.000010	0.000010	0.999910	0.000010	LD_0.9_10_1432
QG937	0.000010	0.000010	0.000010	0.000010	0.000010	0.000010	0.000010	0.000010	0.999910	0.000010	LD_0.9_10_1432
QG945	0.000010	0.000010	0.000010	0.000010	0.000010	0.000010	0.000010	0.000010	0.999910	0.000010	LD_0.9_10_1432
QG946	0.000010	0.000010	0.000010	0.000010	0.000010	0.000010	0.000010	0.000010	0.999910	0.000010	LD_0.9_10_1432
QG947	0.000010	0.000010	0.000010	0.000010	0.000010	0.000010	0.000010	0.000010	0.999910	0.000010	LD_0.9_10_1432
QG948	0.012736	0.000010	0.000010	0.000010	0.000017	0.000010	0.000010	0.000010	0.987177	0.000010	LD_0.9_10_1432
QG952	0.010221	0.000010	0.000010	0.000010	0.000010	0.000010	0.073149	0.000010	0.916561	0.000010	LD_0.9_10_1432
QG978	0.000010	0.000010	0.000010	0.000010	0.000010	0.000010	0.127582	0.000010	0.872338	0.000010	LD_0.9_10_1432
QG980	0.000010	0.000010	0.000010	0.000010	0.000010	0.000010	0.000010	0.000010	0.999910	0.000010	LD_0.9_10_1432
QG986	0.041131	0.000010	0.000010	0.000010	0.000010	0.000010	0.000010	0.000010	0.958789	0.000010	LD_0.9_10_1432
QG991	0.000010	0.000011	0.000010	0.000010	0.000010	0.000010	0.000018	0.000010	0.999901	0.000010	LD_0.9_10_1432
QG994	0.000010	0.000010	0.000010	0.000010	0.000010	0.000010	0.000010	0.000010	0.999910	0.000010	LD_0.9_10_1432
QG995	0.000010	0.000010	0.000010	0.000010	0.000010	0.000010	0.000010	0.000010	0.999910	0.000010	LD_0.9_10_1432
QG997	0.000010	0.000010	0.000010	0.000010	0.000010	0.000010	0.000010	0.000010	0.999910	0.000010	LD_0.9_10_1432
QG998	0.000010	0.000010	0.000010	0.000010	0.000010	0.000010	0.000010	0.000010	0.999910	0.000010	LD_0.9_10_1432
QR25	0.093417	0.254015	0.000010	0.020530	0.000010	0.567231	0.000010	0.042553	0.000010	0.022215	LD_0.9_10_1432
QX1410	0.125938	0.000010	0.000010	0.000011	0.000010	0.000010	0.873981	0.000010	0.000010	0.000010	LD_0.9_10_1432
QX1547	0.000010	0.000010	0.000010	0.000010	0.000010	0.999910	0.000010	0.000010	0.000010	0.000010	LD_0.9_10_1432
QX1795	0.854942	0.000010	0.000010	0.000010	0.000010	0.000010	0.144977	0.000010	0.000010	0.000010	LD_0.9_10_1432
QX1796	0.999910	0.000010	0.000010	0.000010	0.000010	0.000010	0.000010	0.000010	0.000010	0.000010	LD_0.9_10_1432
QX1798	0.000020	0.000010	0.000010	0.000010	0.000010	0.000010	0.000010	0.000010	0.000010	0.999900	LD_0.9_10_1432
QX1800	0.999910	0.000010	0.000010	0.000010	0.000010	0.000010	0.000010	0.000010	0.000010	0.000010	LD_0.9_10_1432
QX1801	0.999910	0.000010	0.000010	0.000010	0.000010	0.000010	0.000010	0.000010	0.000010	0.000010	LD_0.9_10_1432
QX1802	0.999910	0.000010	0.000010	0.000010	0.000010	0.000010	0.000010	0.000010	0.000010	0.000010	LD_0.9_10_1432
QX1803	0.999910	0.000010	0.000010	0.000010	0.000010	0.000010	0.000010	0.000010	0.000010	0.000010	LD_0.9_10_1432
QX1804	0.999910	0.000010	0.000010	0.000010	0.000010	0.000010	0.000010	0.000010	0.000010	0.000010	LD_0.9_10_1432
SOW18	0.000010	0.000010	0.000010	0.000010	0.000010	0.999910	0.000010	0.000010	0.000010	0.000010	LD_0.9_10_1432
SOW21	0.000010	0.000010	0.000010	0.000010	0.000010	0.999910	0.000010	0.000010	0.000010	0.000010	LD_0.9_10_1432
SOW22	0.000010	0.000010	0.000010	0.000010	0.000010	0.999909	0.000010	0.000010	0.000011	0.000010	LD_0.9_10_1432
TT3408	0.999910	0.000010	0.000010	0.000010	0.000010	0.000010	0.000010	0.000010	0.000010	0.000010	LD_0.9_10_1432
TT3411	0.999903	0.000016	0.000011	0.000010	0.000010	0.000010	0.000010	0.000010	0.000010	0.000010	LD_0.9_10_1432
TWN1772	0.000010	0.000014	0.000010	0.000010	0.000010	0.000010	0.000010	0.000010	0.000010	0.999906	LD_0.9_10_1432
TWN1824	0.000010	0.000012	0.000010	0.000010	0.000010	0.000010	0.000010	0.999908	0.000010	0.000010	LD_0.9_10_1432
TWN1899	0.000010	0.000013	0.000010	0.000014	0.000012	0.000010	0.000010	0.999901	0.000010	0.000010	LD_0.9_10_1432
TWN1907	0.000010	0.000010	0.000012	0.000010	0.000011	0.000010	0.000010	0.000010	0.000010	0.999907	LD_0.9_10_1432
TWN2919	0.000013	0.000010	0.000010	0.000010	0.000010	0.000010	0.000010	0.000010	0.000010	0.999907	LD_0.9_10_1432
TWN3077	0.000010	0.000011	0.000012	0.000010	0.000011	0.000010	0.000018	0.000010	0.000010	0.999897	LD_0.9_10_1432
UH1	0.000010	0.000010	0.000010	0.000010	0.000011	0.000010	0.000010	0.000010	0.000010	0.999909	LD_0.9_10_1432
VSL2201	0.299080	0.000010	0.000010	0.000010	0.700840	0.000010	0.000010	0.000010	0.000010	0.000010	LD_0.9_10_1432
VSL2207	0.000010	0.000010	0.000010	0.999910	0.000010	0.000010	0.000010	0.000010	0.000010	0.000010	LD_0.9_10_1432
VSL2209	0.000010	0.000010	0.000010	0.999910	0.000010	0.000010	0.000010	0.000010	0.000010	0.000010	LD_0.9_10_1432
VSL2210	0.483151	0.000016	0.000010	0.000010	0.000010	0.000010	0.516763	0.000010	0.000010	0.000010	LD_0.9_10_1432
VSL2212	0.456417	0.000010	0.000010	0.000010	0.000010	0.000010	0.543503	0.000010	0.000010	0.000010	LD_0.9_10_1432
VSL2213	0.000010	0.000010	0.000010	0.000010	0.999910	0.000010	0.000010	0.000010	0.000010	0.000010	LD_0.9_10_1432
VSL2215	0.075185	0.000010	0.000010	0.000010	0.924735	0.000010	0.000010	0.000010	0.000010	0.000010	LD_0.9_10_1432
VSL2216	0.000010	0.000010	0.000010	0.000010	0.999910	0.000010	0.000010	0.000010	0.000010	0.000010	LD_0.9_10_1432
VSL2217	0.000010	0.000010	0.999910	0.000010	0.000010	0.000010	0.000010	0.000010	0.000010	0.000010	LD_0.9_10_1432
VSL2219	0.954224	0.000010	0.000010	0.000010	0.000010	0.000010	0.045696	0.000010	0.000010	0.000010	LD_0.9_10_1432
VT847	0.893632	0.000014	0.000010	0.000010	0.000010	0.000011	0.106283	0.000010	0.000010	0.000010	LD_0.9_10_1432
VX34	0.000010	0.817351	0.000010	0.000010	0.000010	0.182569	0.000010	0.000010	0.000010	0.000010	LD_0.9_10_1432
XZ1204	0.323712	0.000010	0.000016	0.000010	0.500396	0.000010	0.175817	0.000010	0.000010	0.000010	LD_0.9_10_1432
XZ1205	0.000010	0.000010	0.000010	0.000010	0.999910	0.000010	0.000010	0.000010	0.000010	0.000010	LD_0.9_10_1432
XZ1206	0.000010	0.000010	0.000013	0.000010	0.999907	0.000010	0.000010	0.000010	0.000010	0.000010	LD_0.9_10_1432
XZ1207	0.626821	0.000010	0.000010	0.000010	0.013317	0.000010	0.359792	0.000010	0.000010	0.000010	LD_0.9_10_1432
XZ1210	0.521922	0.000010	0.000010	0.000010	0.000010	0.000010	0.477992	0.000010	0.000015	0.000010	LD_0.9_10_1432
XZ1212	0.649154	0.000010	0.000010	0.000010	0.000010	0.000010	0.350766	0.000010	0.000010	0.000010	LD_0.9_10_1432
XZ1213	0.640329	0.000010	0.000010	0.000010	0.000010	0.000010	0.359584	0.000010	0.000017	0.000010	LD_0.9_10_1432
XZ1731	0.590132	0.000010	0.000010	0.000010	0.000010	0.000010	0.409788	0.000010	0.000010	0.000010	LD_0.9_10_1432
XZ1732	0.408405	0.000010	0.000015	0.000010	0.000010	0.000010	0.591511	0.000010	0.000010	0.000010	LD_0.9_10_1432
ZZY0992	0.000010	0.000010	0.999905	0.000010	0.000015	0.000010	0.000010	0.000010	0.000010	0.000010	LD_0.9_10_1432
ZZY1034	0.999910	0.000010	0.000010	0.000010	0.000010	0.000010	0.000010	0.000010	0.000010	0.000010	LD_0.9_10_1432
ZZY1075	0.999910	0.000010	0.000010	0.000010	0.000010	0.000010	0.000010	0.000010	0.000010	0.000010	LD_0.9_10_1432
ZZY1123	0.000010	0.000010	0.999910	0.000010	0.000010	0.000010	0.000010	0.000010	0.000010	0.000010	LD_0.9_10_1432
ZZY1130	0.999910	0.000010	0.000010	0.000010	0.000010	0.000010	0.000010	0.000010	0.000010	0.000010	LD_0.9_10_1432
ZZY405	0.999910	0.000010	0.000010	0.000010	0.000010	0.000010	0.000010	0.000010	0.000010	0.000010	LD_0.9_10_1432
AF16	0.000010	0.000010	0.000010	0.000010	0.000010	0.999910	0.000010	0.000010	0.000010	0.000010	LD_0.9_10_1468
BRC20069	0.000011	0.000010	0.000010	0.000010	0.000010	0.999909	0.000010	0.000010	0.000010	0.000010	LD_0.9_10_1468
BRC20073	0.000010	0.000010	0.000010	0.000010	0.000010	0.999910	0.000010	0.000010	0.000010	0.000010	LD_0.9_10_1468
BRC20075	0.000010	0.000018	0.000010	0.000010	0.000010	0.000010	0.000019	0.000012	0.000010	0.999891	LD_0.9_10_1468
BRC20077	0.000010	0.000010	0.000010	0.000010	0.000010	0.999910	0.000010	0.000010	0.000010	0.000010	LD_0.9_10_1468
BRC20081	0.000010	0.000010	0.000010	0.000010	0.000010	0.000010	0.000010	0.999910	0.000010	0.000010	LD_0.9_10_1468
BRC20085	0.128028	0.330972	0.000010	0.000010	0.000010	0.540921	0.000020	0.000010	0.000010	0.000010	LD_0.9_10_1468
BRC20088	0.000010	0.000010	0.000013	0.000010	0.000010	0.000010	0.000010	0.999907	0.000010	0.000010	LD_0.9_10_1468
BRC20089	0.000010	0.000017	0.000010	0.000010	0.000010	0.999899	0.000010	0.000010	0.000014	0.000010	LD_0.9_10_1468
BRC20090	0.000014	0.061983	0.000010	0.000010	0.000010	0.937933	0.000010	0.000010	0.000010	0.000010	LD_0.9_10_1468
BRC20092	0.207266	0.318401	0.000010	0.000010	0.000010	0.474263	0.000010	0.000010	0.000010	0.000010	LD_0.9_10_1468
BRC20093	0.000010	0.000010	0.000010	0.000010	0.000010	0.999910	0.000010	0.000010	0.000010	0.000010	LD_0.9_10_1468
BRC20094	0.220011	0.318808	0.000010	0.000010	0.000010	0.461111	0.000010	0.000010	0.000010	0.000010	LD_0.9_10_1468
BRC20095	0.000010	0.000010	0.000010	0.000010	0.000010	0.999902	0.000011	0.000010	0.000017	0.000010	LD_0.9_10_1468
BRC20096	0.000010	0.000010	0.000010	0.000010	0.000010	0.999910	0.000010	0.000010	0.000010	0.000010	LD_0.9_10_1468
BRC20098	0.000019	0.000010	0.000010	0.000010	0.000010	0.999901	0.000010	0.000010	0.000010	0.000010	LD_0.9_10_1468
BRC20099	0.000010	0.000010	0.000010	0.000010	0.000010	0.999910	0.000010	0.000010	0.000010	0.000010	LD_0.9_10_1468
BRC20100	0.000010	0.000010	0.000010	0.000010	0.000010	0.999910	0.000010	0.000010	0.000010	0.000010	LD_0.9_10_1468
BRC20102	0.000014	0.000010	0.000010	0.000010	0.000010	0.999906	0.000010	0.000010	0.000010	0.000010	LD_0.9_10_1468
BRC20103	0.000010	0.000010	0.000010	0.000010	0.000010	0.999910	0.000010	0.000010	0.000010	0.000010	LD_0.9_10_1468
BRC20105	0.177920	0.390611	0.000010	0.000010	0.000010	0.430839	0.000570	0.000010	0.000010	0.000010	LD_0.9_10_1468
BRC20107	0.171405	0.361802	0.000010	0.000010	0.000010	0.438994	0.027736	0.000010	0.000012	0.000010	LD_0.9_10_1468
BRC20115	0.000011	0.000010	0.000010	0.999909	0.000010	0.000010	0.000010	0.000010	0.000010	0.000010	LD_0.9_10_1468
BRC20119	0.000010	0.716188	0.000010	0.000010	0.000010	0.283730	0.000010	0.000010	0.000012	0.000010	LD_0.9_10_1468
BRC20228	0.000010	0.000010	0.000010	0.000010	0.000010	0.999910	0.000010	0.000010	0.000010	0.000010	LD_0.9_10_1468
BRC20229	0.000015	0.000010	0.000010	0.000010	0.000010	0.000010	0.000010	0.000010	0.000010	0.999905	LD_0.9_10_1468
BRC20230	0.000010	0.000010	0.000010	0.000010	0.000010	0.000010	0.000012	0.999908	0.000010	0.000010	LD_0.9_10_1468
BRC20232	0.000010	0.000010	0.000010	0.000010	0.000010	0.000010	0.000010	0.000010	0.000010	0.999910	LD_0.9_10_1468
BRC20238	0.000010	0.000010	0.000010	0.000010	0.000010	0.000010	0.000010	0.999910	0.000010	0.000010	LD_0.9_10_1468
BRC20239	0.000010	0.000010	0.000010	0.000010	0.000010	0.000010	0.000010	0.000015	0.000010	0.999905	LD_0.9_10_1468
BRC20241	0.000010	0.070026	0.000010	0.000010	0.000010	0.929894	0.000010	0.000010	0.000010	0.000010	LD_0.9_10_1468
BRC20242	0.000010	0.000010	0.000010	0.000010	0.000010	0.999910	0.000010	0.000010	0.000010	0.000010	LD_0.9_10_1468
BRC20244	0.000010	0.000010	0.000010	0.000010	0.000010	0.000010	0.000010	0.999910	0.000010	0.000010	LD_0.9_10_1468
BRC20246	0.000010	0.000010	0.000012	0.000010	0.000010	0.000010	0.000010	0.999908	0.000010	0.000010	LD_0.9_10_1468
BRC20257	0.000010	0.999907	0.000011	0.000010	0.000011	0.000010	0.000010	0.000011	0.000010	0.000010	LD_0.9_10_1468
BRC20260	0.000010	0.000010	0.000010	0.000010	0.000010	0.999910	0.000010	0.000010	0.000010	0.000010	LD_0.9_10_1468
BRC20270	0.000010	0.000010	0.000010	0.000010	0.000010	0.000010	0.000010	0.999910	0.000010	0.000010	LD_0.9_10_1468
BRC20272	0.000010	0.000010	0.000010	0.000010	0.000010	0.000012	0.000010	0.999908	0.000010	0.000010	LD_0.9_10_1468
BRC20289	0.000010	0.000010	0.000010	0.000010	0.000010	0.000010	0.000010	0.999910	0.000010	0.000010	LD_0.9_10_1468
BRC20290	0.000010	0.000010	0.000010	0.000010	0.000010	0.000010	0.000010	0.999910	0.000010	0.000010	LD_0.9_10_1468
BRC20294	0.000010	0.000010	0.000011	0.000010	0.000010	0.999905	0.000010	0.000014	0.000010	0.000010	LD_0.9_10_1468
BRC20308	0.000010	0.000010	0.000010	0.000010	0.000010	0.000010	0.000010	0.999910	0.000010	0.000010	LD_0.9_10_1468
BRC20309	0.000010	0.000010	0.000010	0.000010	0.000010	0.000010	0.000010	0.999910	0.000010	0.000010	LD_0.9_10_1468
BRC20311	0.000010	0.000010	0.000010	0.000010	0.000010	0.000010	0.000010	0.999910	0.000010	0.000010	LD_0.9_10_1468
BRC20312	0.000010	0.000013	0.000010	0.000010	0.000010	0.000014	0.000010	0.999903	0.000010	0.000010	LD_0.9_10_1468
BRC20315	0.000010	0.000010	0.000010	0.000010	0.000010	0.000010	0.000010	0.999910	0.000010	0.000010	LD_0.9_10_1468
BRC20320	0.000010	0.000010	0.000010	0.000010	0.000010	0.000010	0.000010	0.999910	0.000010	0.000010	LD_0.9_10_1468
BRC20324	0.000010	0.000010	0.000010	0.000010	0.000010	0.347195	0.011698	0.000010	0.000010	0.641036	LD_0.9_10_1468
BRC20331	0.000010	0.000010	0.000010	0.000010	0.000010	0.000010	0.000010	0.999910	0.000010	0.000010	LD_0.9_10_1468
BRC20333	0.000010	0.000010	0.000010	0.000010	0.000010	0.000010	0.000010	0.999909	0.000011	0.000010	LD_0.9_10_1468
BRC20334	0.000010	0.000010	0.000010	0.000010	0.000010	0.000010	0.000010	0.999902	0.000018	0.000010	LD_0.9_10_1468
BRC20339	0.000010	0.000010	0.000010	0.000010	0.000010	0.000010	0.000010	0.999910	0.000010	0.000010	LD_0.9_10_1468
BRC20341	0.000010	0.000010	0.000010	0.000017	0.000010	0.000010	0.000010	0.999903	0.000010	0.000010	LD_0.9_10_1468
BRC20343	0.000010	0.000010	0.000010	0.000010	0.000010	0.000010	0.000010	0.000010	0.000010	0.999910	LD_0.9_10_1468
BRC20346	0.000010	0.000010	0.000010	0.000010	0.000010	0.000010	0.000010	0.999910	0.000010	0.000010	LD_0.9_10_1468
BRC20347	0.000010	0.000010	0.000010	0.000010	0.000015	0.000010	0.000010	0.000010	0.000010	0.999905	LD_0.9_10_1468
BRC20348	0.000010	0.000010	0.000010	0.000010	0.000010	0.000010	0.000010	0.999910	0.000010	0.000010	LD_0.9_10_1468
BRC20353	0.999910	0.000010	0.000010	0.000010	0.000010	0.000010	0.000010	0.000010	0.000010	0.000010	LD_0.9_10_1468
BRC20360	0.999910	0.000010	0.000010	0.000010	0.000010	0.000010	0.000010	0.000010	0.000010	0.000010	LD_0.9_10_1468
BRC20361	0.999910	0.000010	0.000010	0.000010	0.000010	0.000010	0.000010	0.000010	0.000010	0.000010	LD_0.9_10_1468
BRC20362	0.999909	0.000011	0.000010	0.000010	0.000010	0.000010	0.000010	0.000010	0.000010	0.000010	LD_0.9_10_1468
BRC20366	0.000010	0.000010	0.000010	0.000010	0.000010	0.000018	0.000010	0.999902	0.000010	0.000010	LD_0.9_10_1468
BRC20367	0.000010	0.000010	0.000010	0.000013	0.000010	0.000010	0.000010	0.999900	0.000017	0.000010	LD_0.9_10_1468
BRC20369	0.000010	0.000010	0.000010	0.000010	0.000010	0.999910	0.000010	0.000010	0.000010	0.000010	LD_0.9_10_1468
BRC20370	0.000010	0.000010	0.000010	0.000010	0.000010	0.000010	0.000010	0.999910	0.000010	0.000010	LD_0.9_10_1468
BRC20388	0.000010	0.000010	0.999910	0.000010	0.000010	0.000010	0.000010	0.000010	0.000010	0.000010	LD_0.9_10_1468
BRC20390	0.000010	0.000010	0.000010	0.000010	0.000011	0.000010	0.000010	0.999909	0.000010	0.000010	LD_0.9_10_1468
BRC20401	0.000010	0.000010	0.000010	0.000010	0.000010	0.999910	0.000010	0.000010	0.000010	0.000010	LD_0.9_10_1468
BRC20463	0.000010	0.000010	0.000010	0.000010	0.000010	0.000010	0.000010	0.999910	0.000010	0.000010	LD_0.9_10_1468
BRC20492	0.000010	0.000010	0.000013	0.999907	0.000010	0.000010	0.000010	0.000010	0.000010	0.000010	LD_0.9_10_1468
BRC20499	0.000010	0.000015	0.000010	0.000010	0.000010	0.000010	0.000010	0.999905	0.000010	0.000010	LD_0.9_10_1468
BRC20501	0.000010	0.000010	0.000010	0.000010	0.000010	0.000010	0.000010	0.999910	0.000010	0.000010	LD_0.9_10_1468
BRC20502	0.000015	0.000015	0.000010	0.999900	0.000010	0.000010	0.000010	0.000010	0.000010	0.000010	LD_0.9_10_1468
BRC20503	0.000013	0.000015	0.000010	0.999902	0.000010	0.000010	0.000010	0.000010	0.000010	0.000010	LD_0.9_10_1468
BRC20519	0.000010	0.000010	0.000011	0.999909	0.000010	0.000010	0.000010	0.000010	0.000010	0.000010	LD_0.9_10_1468
BRC20520	0.000010	0.000010	0.000010	0.999910	0.000010	0.000010	0.000010	0.000010	0.000010	0.000010	LD_0.9_10_1468
BRC20522	0.000010	0.000010	0.000010	0.000010	0.000010	0.000010	0.000010	0.000010	0.000010	0.999910	LD_0.9_10_1468
BRC20524	0.000010	0.000010	0.000010	0.000010	0.000010	0.000010	0.000010	0.000010	0.000010	0.999910	LD_0.9_10_1468
BRC20529	0.000010	0.000010	0.000010	0.000010	0.000010	0.000010	0.000010	0.999910	0.000010	0.000010	LD_0.9_10_1468
BRC20530	0.000019	0.000010	0.000010	0.000010	0.000010	0.000012	0.000010	0.000011	0.000010	0.999898	LD_0.9_10_1468
BRC20531	0.000010	0.000010	0.000010	0.000010	0.000010	0.000012	0.000010	0.000010	0.000010	0.999908	LD_0.9_10_1468
BRC20532	0.000010	0.000010	0.000010	0.000010	0.000010	0.000010	0.000010	0.999910	0.000010	0.000010	LD_0.9_10_1468
BRC20533	0.000011	0.000010	0.000010	0.000010	0.000010	0.000010	0.000010	0.999909	0.000010	0.000010	LD_0.9_10_1468
BRC20534	0.000011	0.000010	0.000010	0.000010	0.000010	0.000010	0.000011	0.999909	0.000010	0.000010	LD_0.9_10_1468
BRC20535	0.000010	0.000010	0.000010	0.000010	0.000010	0.000010	0.000018	0.999902	0.000010	0.000010	LD_0.9_10_1468
BRC20536	0.000010	0.000010	0.000010	0.000010	0.000010	0.000010	0.000010	0.999910	0.000010	0.000010	LD_0.9_10_1468
BRC20537	0.000015	0.000010	0.000018	0.000010	0.000010	0.000017	0.000010	0.999881	0.000019	0.000010	LD_0.9_10_1468
BRC20541	0.000010	0.000010	0.000010	0.999909	0.000010	0.000010	0.000010	0.000010	0.000011	0.000010	LD_0.9_10_1468
BRC20543	0.000010	0.000010	0.000010	0.000010	0.000012	0.000010	0.000010	0.999908	0.000010	0.000010	LD_0.9_10_1468
BRC20544	0.000018	0.000010	0.000010	0.000020	0.000010	0.000020	0.000010	0.999882	0.000010	0.000010	LD_0.9_10_1468
BRC20545	0.000010	0.000010	0.000010	0.000012	0.000010	0.000010	0.000010	0.999908	0.000010	0.000010	LD_0.9_10_1468
BRC20556	0.000010	0.000016	0.000014	0.000010	0.000010	0.999900	0.000010	0.000010	0.000010	0.000010	LD_0.9_10_1468
BRC20557	0.000010	0.000010	0.000010	0.000010	0.000010	0.000010	0.000010	0.999910	0.000010	0.000010	LD_0.9_10_1468
BRC20565	0.000010	0.000010	0.000010	0.000010	0.000010	0.999910	0.000010	0.000010	0.000010	0.000010	LD_0.9_10_1468
BRC20571	0.009796	0.039654	0.000010	0.000010	0.000010	0.950480	0.000010	0.000010	0.000010	0.000010	LD_0.9_10_1468
BRC20574	0.000010	0.000010	0.000010	0.000010	0.000010	0.999910	0.000010	0.000010	0.000010	0.000010	LD_0.9_10_1468
BW287	0.000010	0.000010	0.999910	0.000010	0.000010	0.000010	0.000010	0.000010	0.000010	0.000010	LD_0.9_10_1468
DF5100	0.000010	0.000010	0.000010	0.000010	0.000010	0.640192	0.359728	0.000010	0.000010	0.000010	LD_0.9_10_1468
ECA1129	0.000010	0.000010	0.000010	0.000010	0.000010	0.999910	0.000010	0.000010	0.000010	0.000010	LD_0.9_10_1468
ECA1143	0.000010	0.000010	0.000010	0.000010	0.000010	0.733579	0.254672	0.000010	0.011679	0.000010	LD_0.9_10_1468
ECA1147	0.000010	0.000010	0.000010	0.000010	0.000010	0.999910	0.000010	0.000010	0.000010	0.000010	LD_0.9_10_1468
ECA1149	0.000010	0.000010	0.000010	0.000010	0.000010	0.957354	0.000011	0.042565	0.000010	0.000010	LD_0.9_10_1468
ECA1160	0.000010	0.000010	0.000010	0.000010	0.000010	0.999910	0.000010	0.000010	0.000010	0.000010	LD_0.9_10_1468
ECA1164	0.000010	0.000010	0.000010	0.000010	0.000010	0.999910	0.000010	0.000010	0.000010	0.000010	LD_0.9_10_1468
ECA1170	0.000010	0.000010	0.000010	0.000010	0.000010	0.000010	0.000010	0.999910	0.000010	0.000010	LD_0.9_10_1468
ECA1174	0.000010	0.000010	0.000010	0.000010	0.000010	0.999910	0.000010	0.000010	0.000010	0.000010	LD_0.9_10_1468
ECA1383	0.000010	0.000010	0.000010	0.000010	0.000010	0.000010	0.000010	0.999910	0.000010	0.000010	LD_0.9_10_1468
ECA1411	0.000010	0.000010	0.000010	0.000010	0.000010	0.999910	0.000010	0.000010	0.000010	0.000010	LD_0.9_10_1468
ECA1423	0.000010	0.000010	0.000010	0.000010	0.000013	0.974556	0.025361	0.000010	0.000010	0.000010	LD_0.9_10_1468
ECA1429	0.000010	0.000010	0.000010	0.000010	0.000010	0.999910	0.000010	0.000010	0.000010	0.000010	LD_0.9_10_1468
ECA1431	0.000010	0.000010	0.000010	0.000010	0.000010	0.999910	0.000010	0.000010	0.000010	0.000010	LD_0.9_10_1468
ECA1437	0.000010	0.000010	0.000010	0.000010	0.000010	0.999910	0.000010	0.000010	0.000010	0.000010	LD_0.9_10_1468
ECA1439	0.000010	0.000010	0.000010	0.000010	0.000010	0.814003	0.185917	0.000010	0.000010	0.000010	LD_0.9_10_1468
ECA1443	0.000010	0.000010	0.000010	0.000010	0.000010	0.057710	0.000010	0.942210	0.000010	0.000010	LD_0.9_10_1468
ECA1471	0.000010	0.000010	0.000010	0.000010	0.000010	0.999910	0.000010	0.000010	0.000010	0.000010	LD_0.9_10_1468
ECA1489	0.000010	0.000010	0.000010	0.000010	0.000010	0.576058	0.386029	0.000010	0.037843	0.000010	LD_0.9_10_1468
ECA1507	0.000010	0.000010	0.000010	0.000010	0.000010	0.999910	0.000010	0.000010	0.000010	0.000010	LD_0.9_10_1468
ECA1509	0.000010	0.000010	0.000010	0.000010	0.000010	0.999904	0.000016	0.000010	0.000010	0.000010	LD_0.9_10_1468
ECA1517	0.000010	0.000010	0.000010	0.000010	0.000010	0.947554	0.052366	0.000010	0.000010	0.000010	LD_0.9_10_1468
ECA1521	0.000010	0.000010	0.000010	0.000010	0.000010	0.999910	0.000010	0.000010	0.000010	0.000010	LD_0.9_10_1468
ECA1555	0.000010	0.000010	0.000010	0.000010	0.000010	0.999910	0.000010	0.000010	0.000010	0.000010	LD_0.9_10_1468
ECA1559	0.000010	0.000012	0.000010	0.000010	0.000010	0.000010	0.000011	0.999906	0.000010	0.000010	LD_0.9_10_1468
ECA1563	0.000010	0.000010	0.000010	0.000010	0.000010	0.999910	0.000010	0.000010	0.000010	0.000010	LD_0.9_10_1468
ECA1571	0.000010	0.000010	0.000010	0.000010	0.000010	0.593797	0.391689	0.000010	0.014444	0.000010	LD_0.9_10_1468
ECA1587	0.000010	0.000010	0.000010	0.000010	0.000010	0.999908	0.000012	0.000010	0.000010	0.000010	LD_0.9_10_1468
ECA1605	0.000010	0.000015	0.000010	0.000010	0.000010	0.003475	0.095660	0.880109	0.020690	0.000010	LD_0.9_10_1468
ECA1609	0.000010	0.000010	0.000016	0.000010	0.000010	0.999895	0.000019	0.000010	0.000010	0.000010	LD_0.9_10_1468
ECA161	0.000010	0.000010	0.000010	0.000010	0.000010	0.999905	0.000015	0.000010	0.000010	0.000010	LD_0.9_10_1468
ECA1611	0.000010	0.000010	0.000010	0.000010	0.000010	0.999910	0.000010	0.000010	0.000010	0.000010	LD_0.9_10_1468
ECA1615	0.000010	0.000010	0.000010	0.000010	0.000010	0.999910	0.000010	0.000010	0.000010	0.000010	LD_0.9_10_1468
ECA162	0.000010	0.000010	0.000010	0.000010	0.000010	0.999910	0.000010	0.000010	0.000010	0.000010	LD_0.9_10_1468
ECA1621	0.000010	0.000010	0.000010	0.000010	0.000010	0.999910	0.000010	0.000010	0.000010	0.000010	LD_0.9_10_1468
ECA163	0.000010	0.000010	0.000018	0.999894	0.000010	0.000015	0.000014	0.000010	0.000010	0.000010	LD_0.9_10_1468
ECA1637	0.000010	0.000010	0.000010	0.000010	0.000010	0.999910	0.000010	0.000010	0.000010	0.000010	LD_0.9_10_1468
ECA1657	0.000010	0.000010	0.000010	0.000010	0.000010	0.999910	0.000010	0.000010	0.000010	0.000010	LD_0.9_10_1468
ECA1701	0.000010	0.000010	0.000010	0.000010	0.000010	0.981160	0.000010	0.000010	0.018760	0.000010	LD_0.9_10_1468
ECA175	0.000010	0.000010	0.000010	0.000010	0.000010	0.999905	0.000014	0.000010	0.000010	0.000010	LD_0.9_10_1468
ECA176	0.000010	0.000010	0.000010	0.000010	0.000010	0.997263	0.000010	0.000010	0.002657	0.000010	LD_0.9_10_1468
ECA177	0.000010	0.000010	0.000010	0.000010	0.000010	0.999910	0.000010	0.000010	0.000010	0.000010	LD_0.9_10_1468
ECA180	0.000010	0.000010	0.000010	0.000010	0.000010	0.999910	0.000010	0.000010	0.000010	0.000010	LD_0.9_10_1468
ECA182	0.000010	0.000010	0.000010	0.000010	0.000010	0.999910	0.000010	0.000010	0.000010	0.000010	LD_0.9_10_1468
ECA183	0.000010	0.000011	0.000010	0.000010	0.000010	0.999909	0.000010	0.000010	0.000010	0.000010	LD_0.9_10_1468
ECA185	0.000010	0.000010	0.000010	0.000010	0.000010	0.956012	0.043907	0.000010	0.000010	0.000010	LD_0.9_10_1468
ECA186	0.000010	0.000010	0.000010	0.000010	0.000010	0.907654	0.092266	0.000010	0.000010	0.000010	LD_0.9_10_1468
ECA2083	0.000010	0.000010	0.000010	0.000010	0.000010	0.999910	0.000010	0.000010	0.000010	0.000010	LD_0.9_10_1468
ECA2093	0.000010	0.000010	0.000010	0.000010	0.000010	0.999910	0.000010	0.000010	0.000010	0.000010	LD_0.9_10_1468
ECA2115	0.000010	0.000010	0.000010	0.000010	0.000010	0.999910	0.000010	0.000010	0.000010	0.000010	LD_0.9_10_1468
ECA2299	0.000010	0.000010	0.000010	0.000010	0.000010	0.000010	0.000010	0.999910	0.000010	0.000010	LD_0.9_10_1468
ECA2373	0.010561	0.000010	0.000010	0.000010	0.000010	0.948971	0.000010	0.000010	0.040398	0.000010	LD_0.9_10_1468
ECA2385	0.000010	0.000010	0.000010	0.000010	0.000010	0.000012	0.000010	0.999908	0.000010	0.000010	LD_0.9_10_1468
ECA2425	0.000010	0.000010	0.000010	0.000010	0.000010	0.999910	0.000010	0.000010	0.000010	0.000010	LD_0.9_10_1468
ECA2617	0.000010	0.000010	0.000010	0.000010	0.999910	0.000010	0.000010	0.000010	0.000010	0.000010	LD_0.9_10_1468
ECA2618	0.000010	0.000010	0.000010	0.000010	0.999904	0.000010	0.000015	0.000010	0.000011	0.000010	LD_0.9_10_1468
ECA2621	0.000010	0.000010	0.000010	0.000010	0.999910	0.000010	0.000010	0.000010	0.000010	0.000010	LD_0.9_10_1468
ECA2623	0.000010	0.000010	0.000010	0.000010	0.000010	0.072196	0.927724	0.000010	0.000010	0.000010	LD_0.9_10_1468
ECA2625	0.000010	0.000010	0.000010	0.000010	0.000010	0.999910	0.000010	0.000010	0.000010	0.000010	LD_0.9_10_1468
ECA2626	0.000016	0.000010	0.000010	0.000010	0.000010	0.999904	0.000010	0.000010	0.000010	0.000010	LD_0.9_10_1468
ECA2636	0.000010	0.000010	0.000010	0.000010	0.000010	0.999910	0.000010	0.000010	0.000010	0.000010	LD_0.9_10_1468
ECA2637	0.000010	0.000010	0.000010	0.000010	0.000010	0.999910	0.000010	0.000010	0.000010	0.000010	LD_0.9_10_1468
ECA2639	0.000010	0.000010	0.000010	0.000010	0.999910	0.000010	0.000010	0.000010	0.000010	0.000010	LD_0.9_10_1468
ECA2645	0.000010	0.000010	0.000010	0.000010	0.000010	0.999907	0.000013	0.000010	0.000010	0.000010	LD_0.9_10_1468
ECA2647	0.000010	0.000010	0.000010	0.000010	0.999910	0.000010	0.000010	0.000010	0.000010	0.000010	LD_0.9_10_1468
ECA2663	0.000014	0.000010	0.000010	0.000010	0.000010	0.999906	0.000010	0.000010	0.000010	0.000010	LD_0.9_10_1468
ECA2664	0.000010	0.000010	0.000010	0.000010	0.000010	0.091173	0.908747	0.000010	0.000010	0.000010	LD_0.9_10_1468
ECA2666	0.000010	0.000010	0.000010	0.000010	0.999910	0.000010	0.000010	0.000010	0.000010	0.000010	LD_0.9_10_1468
ECA2667	0.000010	0.000010	0.000010	0.000010	0.000010	0.999910	0.000010	0.000010	0.000010	0.000010	LD_0.9_10_1468
ECA2670	0.000013	0.000010	0.000010	0.000010	0.999905	0.000010	0.000010	0.000012	0.000010	0.000010	LD_0.9_10_1468
ECA276	0.000010	0.000010	0.000016	0.999904	0.000010	0.000010	0.000010	0.000010	0.000010	0.000010	LD_0.9_10_1468
ECA278	0.000010	0.000010	0.999910	0.000010	0.000010	0.000010	0.000010	0.000010	0.000010	0.000010	LD_0.9_10_1468
ECA2808	0.000010	0.000010	0.000011	0.000010	0.000010	0.905905	0.094015	0.000010	0.000010	0.000010	LD_0.9_10_1468
ECA287	0.000010	0.000010	0.000010	0.000010	0.000010	0.011068	0.000010	0.988852	0.000010	0.000010	LD_0.9_10_1468
ECA288	0.000011	0.000010	0.000013	0.000017	0.000010	0.243360	0.652585	0.103975	0.000010	0.000010	LD_0.9_10_1468
ECA2883	0.000010	0.000010	0.000010	0.000010	0.000010	0.999910	0.000010	0.000010	0.000010	0.000010	LD_0.9_10_1468
ECA2890	0.000010	0.000010	0.000010	0.000010	0.000010	0.999910	0.000010	0.000010	0.000010	0.000010	LD_0.9_10_1468
ECA2894	0.000010	0.000010	0.000010	0.000010	0.000010	0.881704	0.118216	0.000010	0.000010	0.000010	LD_0.9_10_1468
ECA2936	0.000010	0.000010	0.000010	0.000010	0.000010	0.000010	0.000010	0.999910	0.000010	0.000010	LD_0.9_10_1468
ECA2975	0.000012	0.000010	0.000010	0.000010	0.000010	0.999908	0.000010	0.000010	0.000010	0.000010	LD_0.9_10_1468
ECA3091	0.000010	0.000010	0.000010	0.000010	0.000010	0.999901	0.000019	0.000010	0.000010	0.000010	LD_0.9_10_1468
ECA343	0.000010	0.000010	0.000010	0.000010	0.000010	0.999904	0.000016	0.000010	0.000010	0.000010	LD_0.9_10_1468
ECA346	0.000018	0.000010	0.000010	0.000010	0.000010	0.872621	0.127291	0.000010	0.000010	0.000010	LD_0.9_10_1468
ECA3502	0.000015	0.000010	0.000010	0.000010	0.000010	0.000010	0.000010	0.999905	0.000010	0.000010	LD_0.9_10_1468
ECA3503	0.000010	0.000010	0.000010	0.000010	0.000010	0.999910	0.000010	0.000010	0.000010	0.000010	LD_0.9_10_1468
ECA3509	0.000010	0.000010	0.000010	0.000010	0.000010	0.999910	0.000010	0.000010	0.000010	0.000010	LD_0.9_10_1468
ECA3708	0.000010	0.000010	0.000010	0.000010	0.000010	0.999910	0.000010	0.000010	0.000010	0.000010	LD_0.9_10_1468
ECA371	0.000010	0.000010	0.000010	0.000010	0.000010	0.993651	0.000010	0.000010	0.006269	0.000010	LD_0.9_10_1468
ECA3712	0.000010	0.000010	0.000010	0.000010	0.000010	0.999910	0.000010	0.000010	0.000010	0.000010	LD_0.9_10_1468
ECA3713	0.000010	0.000010	0.000010	0.000010	0.000010	0.999910	0.000010	0.000010	0.000010	0.000010	LD_0.9_10_1468
ECA3899	0.000010	0.000010	0.000010	0.000010	0.000010	0.999909	0.000011	0.000010	0.000010	0.000010	LD_0.9_10_1468
ECA4382	0.000010	0.000010	0.000010	0.000010	0.000010	0.614224	0.385696	0.000010	0.000010	0.000010	LD_0.9_10_1468
ECA4390	0.000010	0.000012	0.000010	0.000010	0.000010	0.000010	0.999908	0.000010	0.000010	0.000010	LD_0.9_10_1468
ECA4394	0.000010	0.000010	0.000010	0.000010	0.000010	0.999910	0.000010	0.000010	0.000010	0.000010	LD_0.9_10_1468
ECA4402	0.000010	0.000010	0.000010	0.000010	0.000010	0.999910	0.000010	0.000010	0.000010	0.000010	LD_0.9_10_1468
ECA569	0.000014	0.000010	0.999902	0.000010	0.000013	0.000010	0.000010	0.000010	0.000010	0.000010	LD_0.9_10_1468
ED3032	0.000015	0.000010	0.000010	0.000010	0.000010	0.999905	0.000010	0.000010	0.000010	0.000010	LD_0.9_10_1468
ED3037	0.000010	0.000010	0.000010	0.000010	0.000010	0.999910	0.000010	0.000010	0.000010	0.000010	LD_0.9_10_1468
ED3088	0.000010	0.000010	0.000010	0.000010	0.000010	0.859833	0.140087	0.000010	0.000010	0.000010	LD_0.9_10_1468
ED3102	0.000010	0.000010	0.000010	0.999910	0.000010	0.000010	0.000010	0.000010	0.000010	0.000010	LD_0.9_10_1468
EG4360	0.000010	0.000010	0.999910	0.000010	0.000010	0.000010	0.000010	0.000010	0.000010	0.000010	LD_0.9_10_1468
EG5612	0.999907	0.000010	0.000010	0.000010	0.000010	0.000013	0.000010	0.000010	0.000010	0.000010	LD_0.9_10_1468
EG5613	0.028731	0.034555	0.000010	0.000010	0.000010	0.367719	0.568936	0.000010	0.000010	0.000010	LD_0.9_10_1468
EG6179	0.037927	0.009004	0.000010	0.000020	0.000010	0.857151	0.095848	0.000010	0.000010	0.000010	LD_0.9_10_1468
EG6260	0.000010	0.000010	0.000010	0.000010	0.000010	0.042500	0.957420	0.000010	0.000010	0.000010	LD_0.9_10_1468
EG6261	0.000010	0.000010	0.000010	0.000010	0.000010	0.497618	0.502302	0.000010	0.000010	0.000010	LD_0.9_10_1468
EG6265	0.000010	0.000010	0.000010	0.000010	0.000010	0.000010	0.002166	0.982774	0.014990	0.000010	LD_0.9_10_1468
EG6267	0.000010	0.000010	0.000010	0.000010	0.000010	0.581296	0.418624	0.000010	0.000010	0.000010	LD_0.9_10_1468
EG6271	0.000010	0.000010	0.000010	0.000010	0.000010	0.016933	0.982987	0.000010	0.000010	0.000010	LD_0.9_10_1468
EG6272	0.000010	0.000010	0.000010	0.000010	0.000010	0.398542	0.601378	0.000010	0.000010	0.000010	LD_0.9_10_1468
EG6274	0.000010	0.000010	0.000010	0.000010	0.000010	0.543313	0.456607	0.000010	0.000010	0.000010	LD_0.9_10_1468
EG6275	0.000010	0.000010	0.000010	0.000010	0.000010	0.549938	0.449982	0.000010	0.000010	0.000010	LD_0.9_10_1468
EG6276	0.000010	0.000010	0.000010	0.000010	0.000010	0.613972	0.385948	0.000010	0.000010	0.000010	LD_0.9_10_1468
EG6329	0.000010	0.000010	0.000010	0.000010	0.000010	0.000010	0.999910	0.000010	0.000010	0.000010	LD_0.9_10_1468
GUN124	0.000010	0.000010	0.999906	0.000010	0.000010	0.000010	0.000010	0.000013	0.000011	0.000010	LD_0.9_10_1468
GXW22	0.000010	0.000010	0.000010	0.000010	0.000010	0.999910	0.000010	0.000010	0.000010	0.000010	LD_0.9_10_1468
GXW23	0.758785	0.000010	0.000010	0.000010	0.000010	0.241135	0.000010	0.000010	0.000010	0.000010	LD_0.9_10_1468
HK104	0.000010	0.000010	0.999910	0.000010	0.000010	0.000010	0.000010	0.000010	0.000010	0.000010	LD_0.9_10_1468
HPT11	0.000010	0.000010	0.000010	0.999910	0.000010	0.000010	0.000010	0.000010	0.000010	0.000010	LD_0.9_10_1468
HPT16	0.034342	0.000010	0.000010	0.000010	0.000010	0.943374	0.022214	0.000010	0.000010	0.000010	LD_0.9_10_1468
HPT18	0.000010	0.000010	0.000010	0.999907	0.000010	0.000013	0.000010	0.000010	0.000010	0.000010	LD_0.9_10_1468
HPT19	0.040365	0.000010	0.000010	0.000010	0.000010	0.934832	0.024732	0.000010	0.000010	0.000010	LD_0.9_10_1468
HPT2	0.091032	0.000010	0.000010	0.000010	0.000010	0.904361	0.004537	0.000010	0.000010	0.000010	LD_0.9_10_1468
HPT21	0.000010	0.000010	0.000010	0.000010	0.000010	0.993095	0.000010	0.000010	0.006825	0.000010	LD_0.9_10_1468
HPT24	0.000010	0.000010	0.000010	0.999910	0.000010	0.000010	0.000010	0.000010	0.000010	0.000010	LD_0.9_10_1468
HPT34	0.081124	0.000010	0.000010	0.000010	0.000010	0.902696	0.016110	0.000010	0.000010	0.000010	LD_0.9_10_1468
HPT37	0.053114	0.000010	0.000010	0.000010	0.000010	0.877508	0.033771	0.000011	0.035545	0.000010	LD_0.9_10_1468
HPT4	0.080253	0.000010	0.000010	0.000010	0.000010	0.901925	0.017752	0.000010	0.000010	0.000010	LD_0.9_10_1468
HPT42	0.030632	0.000010	0.000010	0.000010	0.000010	0.957613	0.011685	0.000010	0.000010	0.000010	LD_0.9_10_1468
HPT52	0.000010	0.427710	0.000010	0.000010	0.000010	0.572210	0.000010	0.000010	0.000010	0.000010	LD_0.9_10_1468
HPT53	0.000010	0.000010	0.000010	0.000010	0.000011	0.999901	0.000014	0.000015	0.000010	0.000010	LD_0.9_10_1468
HPT54	0.000015	0.000010	0.000010	0.000010	0.000011	0.999899	0.000013	0.000011	0.000011	0.000010	LD_0.9_10_1468
HPT55	0.000010	0.000010	0.000010	0.000010	0.000010	0.999910	0.000010	0.000010	0.000010	0.000010	LD_0.9_10_1468
HPT59	0.000010	0.000010	0.000010	0.000010	0.000010	0.999910	0.000010	0.000010	0.000010	0.000010	LD_0.9_10_1468
HPT60	0.000010	0.000010	0.000010	0.000010	0.000010	0.999910	0.000010	0.000010	0.000010	0.000010	LD_0.9_10_1468
HPT62	0.000013	0.999907	0.000010	0.000010	0.000010	0.000010	0.000010	0.000010	0.000010	0.000010	LD_0.9_10_1468
HPT63	0.000010	0.000010	0.000010	0.000010	0.000010	0.999909	0.000011	0.000010	0.000010	0.000010	LD_0.9_10_1468
HPT7	0.047272	0.000010	0.000010	0.000010	0.000010	0.897979	0.054679	0.000010	0.000010	0.000010	LD_0.9_10_1468
HPT8	0.080899	0.000010	0.000010	0.000010	0.000010	0.904121	0.014910	0.000010	0.000010	0.000010	LD_0.9_10_1468
HPT9	0.858473	0.000010	0.000010	0.000010	0.000010	0.141446	0.000012	0.000010	0.000010	0.000010	LD_0.9_10_1468
JU1085	0.000010	0.000010	0.999910	0.000010	0.000010	0.000010	0.000010	0.000010	0.000010	0.000010	LD_0.9_10_1468
JU1337	0.000010	0.110552	0.000019	0.000010	0.000010	0.738608	0.150760	0.000010	0.000010	0.000010	LD_0.9_10_1468
JU1338	0.999910	0.000010	0.000010	0.000010	0.000010	0.000010	0.000010	0.000010	0.000010	0.000010	LD_0.9_10_1468
JU1341	0.000010	0.000010	0.000010	0.000010	0.999910	0.000010	0.000010	0.000010	0.000010	0.000010	LD_0.9_10_1468
JU1346	0.999909	0.000010	0.000010	0.000010	0.000010	0.000010	0.000011	0.000010	0.000010	0.000010	LD_0.9_10_1468
JU1347	0.000010	0.000010	0.000010	0.000010	0.000010	0.481004	0.518916	0.000010	0.000010	0.000010	LD_0.9_10_1468
JU1348	0.000010	0.000010	0.000010	0.000010	0.999910	0.000010	0.000010	0.000010	0.000010	0.000010	LD_0.9_10_1468
JU1375	0.000010	0.000010	0.000010	0.000010	0.000010	0.563683	0.436237	0.000010	0.000010	0.000010	LD_0.9_10_1468
JU1377	0.000010	0.000010	0.000010	0.000010	0.000010	0.590305	0.409615	0.000010	0.000010	0.000010	LD_0.9_10_1468
JU1378	0.000010	0.000010	0.000018	0.000010	0.000010	0.499020	0.500889	0.000014	0.000010	0.000010	LD_0.9_10_1468
JU1392	0.000010	0.000010	0.000012	0.000010	0.000010	0.515819	0.484099	0.000010	0.000010	0.000010	LD_0.9_10_1468
JU1399	0.000010	0.000010	0.000010	0.000012	0.000010	0.163891	0.702109	0.000010	0.133928	0.000010	LD_0.9_10_1468
JU1424	0.999905	0.000010	0.000010	0.000011	0.000010	0.000014	0.000010	0.000010	0.000010	0.000010	LD_0.9_10_1468
JU1435	0.000010	0.000010	0.000010	0.000010	0.000010	0.522753	0.477167	0.000010	0.000010	0.000010	LD_0.9_10_1468
JU1564	0.000010	0.000010	0.999910	0.000010	0.000010	0.000010	0.000010	0.000010	0.000010	0.000010	LD_0.9_10_1468
JU1637	0.000010	0.000010	0.000010	0.000010	0.000010	0.522626	0.477294	0.000010	0.000010	0.000010	LD_0.9_10_1468
JU1638	0.000010	0.000010	0.000010	0.000010	0.000010	0.471249	0.528671	0.000010	0.000010	0.000010	LD_0.9_10_1468
JU1794	0.053618	0.019214	0.000010	0.000010	0.000010	0.830530	0.096577	0.000010	0.000010	0.000010	LD_0.9_10_1468
JU1795	0.000010	0.000010	0.000010	0.000010	0.000010	0.835260	0.164660	0.000010	0.000010	0.000010	LD_0.9_10_1468
JU1799	0.000010	0.000010	0.000017	0.000010	0.000010	0.588504	0.411408	0.000010	0.000010	0.000010	LD_0.9_10_1468
JU1802	0.000010	0.000010	0.000010	0.000010	0.000010	0.561977	0.437943	0.000010	0.000010	0.000010	LD_0.9_10_1468
JU1814	0.000010	0.000010	0.000010	0.000010	0.000010	0.078983	0.920937	0.000010	0.000010	0.000010	LD_0.9_10_1468
JU1884	0.000010	0.000010	0.000010	0.000010	0.000010	0.943279	0.056639	0.000012	0.000010	0.000010	LD_0.9_10_1468
JU1885	0.000010	0.054376	0.000010	0.000010	0.000010	0.442397	0.503156	0.000010	0.000010	0.000010	LD_0.9_10_1468
JU1907	0.000010	0.000010	0.000010	0.000010	0.000010	0.999910	0.000010	0.000010	0.000010	0.000010	LD_0.9_10_1468
JU1908	0.000010	0.000010	0.000010	0.000010	0.000010	0.983913	0.016007	0.000010	0.000010	0.000010	LD_0.9_10_1468
JU1909	0.000010	0.000010	0.000010	0.000010	0.000010	0.999910	0.000010	0.000010	0.000010	0.000010	LD_0.9_10_1468
JU1913	0.000010	0.407719	0.000010	0.000010	0.000010	0.546588	0.045622	0.000010	0.000010	0.000010	LD_0.9_10_1468
JU2053	0.000010	0.000010	0.000010	0.000010	0.000010	0.879519	0.120401	0.000010	0.000010	0.000010	LD_0.9_10_1468
JU2054	0.000011	0.000010	0.000010	0.000010	0.000010	0.999909	0.000010	0.000010	0.000010	0.000010	LD_0.9_10_1468
JU2056	0.000010	0.000010	0.000010	0.000010	0.000010	0.999910	0.000010	0.000010	0.000010	0.000010	LD_0.9_10_1468
JU2057	0.000010	0.999909	0.000010	0.000010	0.000010	0.000010	0.000010	0.000010	0.000011	0.000010	LD_0.9_10_1468
JU2160	0.000010	0.999910	0.000010	0.000010	0.000010	0.000010	0.000010	0.000010	0.000010	0.000010	LD_0.9_10_1468
JU2162	0.000010	0.999910	0.000010	0.000010	0.000010	0.000010	0.000010	0.000010	0.000010	0.000010	LD_0.9_10_1468
JU2214	0.000010	0.000010	0.000010	0.000010	0.000010	0.710485	0.087301	0.000010	0.202144	0.000010	LD_0.9_10_1468
JU2216	0.000010	0.000010	0.000010	0.000010	0.000010	0.000010	0.000010	0.999910	0.000010	0.000010	LD_0.9_10_1468
JU2457	0.000010	0.000013	0.495858	0.000010	0.000010	0.238442	0.255274	0.000010	0.010363	0.000010	LD_0.9_10_1468
JU2470	0.000010	0.999910	0.000010	0.000010	0.000010	0.000010	0.000010	0.000010	0.000010	0.000010	LD_0.9_10_1468
JU2472	0.000016	0.000010	0.000010	0.000010	0.000010	0.421667	0.578247	0.000010	0.000010	0.000010	LD_0.9_10_1468
JU2507	0.000010	0.999910	0.000010	0.000010	0.000010	0.000010	0.000010	0.000010	0.000010	0.000010	LD_0.9_10_1468
JU2518	0.000017	0.000014	0.000010	0.000010	0.000010	0.000010	0.945459	0.000010	0.054450	0.000010	LD_0.9_10_1468
JU2536	0.000010	0.000010	0.999910	0.000010	0.000010	0.000010	0.000010	0.000010	0.000010	0.000010	LD_0.9_10_1468
JU2618	0.000010	0.000013	0.000010	0.000010	0.000010	0.000010	0.395230	0.000010	0.604687	0.000010	LD_0.9_10_1468
JU2799	0.000010	0.000010	0.000010	0.000010	0.000010	0.830970	0.168950	0.000010	0.000010	0.000010	LD_0.9_10_1468
JU2836	0.000010	0.000010	0.000010	0.000010	0.000010	0.691459	0.064769	0.000010	0.243702	0.000010	LD_0.9_10_1468
JU2849	0.999907	0.000010	0.000010	0.000010	0.000010	0.000013	0.000010	0.000010	0.000010	0.000010	LD_0.9_10_1468
JU2861	0.000010	0.000010	0.000010	0.000010	0.000010	0.985402	0.014518	0.000010	0.000010	0.000010	LD_0.9_10_1468
JU2868	0.000010	0.000010	0.000010	0.000010	0.000010	0.999910	0.000010	0.000010	0.000010	0.000010	LD_0.9_10_1468
JU2872	0.000010	0.000010	0.999910	0.000010	0.000010	0.000010	0.000010	0.000010	0.000010	0.000010	LD_0.9_10_1468
JU2910	0.049590	0.044260	0.000010	0.000010	0.000010	0.427456	0.478634	0.000010	0.000010	0.000010	LD_0.9_10_1468
JU3168	0.000010	0.000010	0.000010	0.999910	0.000010	0.000010	0.000010	0.000010	0.000010	0.000010	LD_0.9_10_1468
JU3171	0.000010	0.000010	0.000012	0.000010	0.000010	0.633144	0.366774	0.000010	0.000010	0.000010	LD_0.9_10_1468
JU3199	0.000010	0.000010	0.000010	0.000010	0.999910	0.000010	0.000010	0.000010	0.000010	0.000010	LD_0.9_10_1468
JU3200	0.000010	0.000010	0.000010	0.000010	0.999910	0.000010	0.000010	0.000010	0.000010	0.000010	LD_0.9_10_1468
JU3201	0.000010	0.000010	0.000010	0.000010	0.999910	0.000010	0.000010	0.000010	0.000010	0.000010	LD_0.9_10_1468
JU3202	0.000010	0.000010	0.000010	0.000010	0.999910	0.000010	0.000010	0.000010	0.000010	0.000010	LD_0.9_10_1468
JU3203	0.000010	0.000010	0.000010	0.000010	0.999910	0.000010	0.000010	0.000010	0.000010	0.000010	LD_0.9_10_1468
JU3206	0.000010	0.000010	0.000010	0.000010	0.999910	0.000010	0.000010	0.000010	0.000010	0.000010	LD_0.9_10_1468
JU3207	0.000010	0.000010	0.000010	0.000010	0.000010	0.999910	0.000010	0.000010	0.000010	0.000010	LD_0.9_10_1468
JU3237	0.000010	0.999910	0.000010	0.000010	0.000010	0.000010	0.000010	0.000010	0.000010	0.000010	LD_0.9_10_1468
JU3281	0.000010	0.000010	0.000010	0.000010	0.000010	0.999910	0.000010	0.000010	0.000010	0.000010	LD_0.9_10_1468
JU3319	0.797999	0.000018	0.000010	0.000010	0.000010	0.201913	0.000010	0.000010	0.000010	0.000010	LD_0.9_10_1468
JU3321	0.000010	0.000010	0.000010	0.000010	0.000010	0.999910	0.000010	0.000010	0.000010	0.000010	LD_0.9_10_1468
JU3326	0.000010	0.000010	0.147949	0.851971	0.000010	0.000010	0.000010	0.000010	0.000010	0.000010	LD_0.9_10_1468
JU3327	0.082344	0.000010	0.000010	0.000010	0.000010	0.917574	0.000012	0.000010	0.000010	0.000010	LD_0.9_10_1468
JU3416	0.000010	0.000010	0.902779	0.000015	0.000010	0.069382	0.000010	0.027764	0.000010	0.000010	LD_0.9_10_1468
JU4042	0.000010	0.000010	0.000015	0.000010	0.000010	0.999900	0.000015	0.000010	0.000010	0.000010	LD_0.9_10_1468
JU4051	0.999900	0.000014	0.000010	0.000010	0.000010	0.000015	0.000010	0.000010	0.000010	0.000010	LD_0.9_10_1468
JU4058	0.999908	0.000010	0.000010	0.000010	0.000010	0.000010	0.000012	0.000010	0.000010	0.000010	LD_0.9_10_1468
JU4060	0.999910	0.000010	0.000010	0.000010	0.000010	0.000010	0.000010	0.000010	0.000010	0.000010	LD_0.9_10_1468
JU4062	0.999910	0.000010	0.000010	0.000010	0.000010	0.000010	0.000010	0.000010	0.000010	0.000010	LD_0.9_10_1468
JU4064	0.999910	0.000010	0.000010	0.000010	0.000010	0.000010	0.000010	0.000010	0.000010	0.000010	LD_0.9_10_1468
JU4080	0.000010	0.000010	0.000010	0.000010	0.000010	0.999910	0.000010	0.000010	0.000010	0.000010	LD_0.9_10_1468
JU4084	0.999910	0.000010	0.000010	0.000010	0.000010	0.000010	0.000010	0.000010	0.000010	0.000010	LD_0.9_10_1468
JU4097	0.999908	0.000010	0.000010	0.000010	0.000010	0.000012	0.000010	0.000010	0.000010	0.000010	LD_0.9_10_1468
JU725	0.743507	0.000010	0.000010	0.000010	0.000010	0.256411	0.000010	0.000012	0.000010	0.000010	LD_0.9_10_1468
MY2716	0.000010	0.000010	0.000010	0.000010	0.000010	0.999910	0.000010	0.000010	0.000010	0.000010	LD_0.9_10_1468
MY539	0.000010	0.000010	0.000010	0.000010	0.000010	0.944090	0.055830	0.000010	0.000010	0.000010	LD_0.9_10_1468
NIC1050	0.000010	0.000011	0.000014	0.000010	0.000010	0.000010	0.477038	0.000010	0.522878	0.000010	LD_0.9_10_1468
NIC1052	0.000010	0.000010	0.000010	0.000010	0.000010	0.000010	0.440551	0.000010	0.559369	0.000010	LD_0.9_10_1468
NIC1054	0.000010	0.000010	0.000010	0.000010	0.000010	0.000010	0.756286	0.000010	0.243634	0.000010	LD_0.9_10_1468
NIC1055	0.000010	0.000016	0.000010	0.000010	0.000010	0.000010	0.615695	0.000010	0.384218	0.000010	LD_0.9_10_1468
NIC1057	0.000010	0.000010	0.000010	0.000010	0.000010	0.000010	0.489768	0.000014	0.510147	0.000010	LD_0.9_10_1468
NIC1058	0.000010	0.000015	0.000010	0.000010	0.000010	0.000010	0.597332	0.000010	0.402583	0.000010	LD_0.9_10_1468
NIC1059	0.000010	0.000016	0.000010	0.000010	0.000010	0.000010	0.686176	0.000010	0.313738	0.000010	LD_0.9_10_1468
NIC1060	0.000010	0.000010	0.000010	0.000010	0.000010	0.000010	0.766179	0.000010	0.233741	0.000010	LD_0.9_10_1468
NIC1062	0.000010	0.000010	0.000010	0.000010	0.000010	0.155372	0.669376	0.000010	0.175182	0.000010	LD_0.9_10_1468
NIC1069	0.000010	0.000010	0.000010	0.000010	0.000010	0.334561	0.665359	0.000010	0.000010	0.000010	LD_0.9_10_1468
NIC1103	0.000010	0.000010	0.000010	0.000010	0.000010	0.066305	0.381186	0.000010	0.552439	0.000010	LD_0.9_10_1468
NIC1104	0.000010	0.000010	0.000010	0.000010	0.000010	0.581102	0.373506	0.000014	0.045319	0.000010	LD_0.9_10_1468
NIC1106	0.000010	0.000011	0.000010	0.000010	0.000010	0.594009	0.174546	0.000010	0.231374	0.000010	LD_0.9_10_1468
NIC1117	0.000010	0.000010	0.000010	0.000010	0.000010	0.999910	0.000010	0.000010	0.000010	0.000010	LD_0.9_10_1468
NIC1123	0.999910	0.000010	0.000010	0.000010	0.000010	0.000010	0.000010	0.000010	0.000010	0.000010	LD_0.9_10_1468
NIC1124	0.000017	0.000012	0.000010	0.000010	0.000010	0.000010	0.968038	0.000010	0.031873	0.000010	LD_0.9_10_1468
NIC1135	0.000010	0.000010	0.000010	0.000010	0.000010	0.000010	0.903433	0.000010	0.096486	0.000010	LD_0.9_10_1468
NIC1138	0.000017	0.000010	0.000010	0.000010	0.000010	0.000010	0.947294	0.000010	0.052619	0.000010	LD_0.9_10_1468
NIC1141	0.000017	0.000014	0.000010	0.000010	0.000010	0.000010	0.962357	0.000010	0.037552	0.000010	LD_0.9_10_1468
NIC115	0.000010	0.000011	0.000010	0.000010	0.000010	0.000010	0.999905	0.000010	0.000015	0.000010	LD_0.9_10_1468
NIC117	0.000010	0.000010	0.000010	0.000010	0.000010	0.000010	0.999900	0.000018	0.000012	0.000010	LD_0.9_10_1468
NIC1183	0.000013	0.000014	0.000010	0.000010	0.000010	0.000010	0.941503	0.000010	0.058409	0.000010	LD_0.9_10_1468
NIC119	0.000010	0.000011	0.000010	0.000010	0.000010	0.000010	0.999909	0.000010	0.000010	0.000010	LD_0.9_10_1468
NIC1190	0.000010	0.000010	0.000010	0.000010	0.000010	0.000010	0.999910	0.000010	0.000010	0.000010	LD_0.9_10_1468
NIC1202	0.020941	0.000016	0.000010	0.000010	0.000010	0.941448	0.037535	0.000010	0.000010	0.000010	LD_0.9_10_1468
NIC1204	0.030272	0.000010	0.000010	0.000010	0.000010	0.928896	0.040762	0.000010	0.000010	0.000010	LD_0.9_10_1468
NIC1205	0.000010	0.000012	0.000010	0.000010	0.000019	0.000010	0.000010	0.999899	0.000010	0.000010	LD_0.9_10_1468
NIC1218	0.000010	0.000010	0.000010	0.000010	0.000010	0.999910	0.000010	0.000010	0.000010	0.000010	LD_0.9_10_1468
NIC1220	0.000017	0.000010	0.000010	0.000015	0.000010	0.000014	0.000010	0.999891	0.000014	0.000010	LD_0.9_10_1468
NIC1221	0.028507	0.024464	0.000010	0.000010	0.000010	0.946958	0.000010	0.000010	0.000010	0.000010	LD_0.9_10_1468
NIC123	0.000010	0.000010	0.000010	0.000010	0.000010	0.000010	0.999910	0.000010	0.000010	0.000010	LD_0.9_10_1468
NIC1267	0.000010	0.000010	0.000010	0.000010	0.000010	0.058679	0.941241	0.000010	0.000010	0.000010	LD_0.9_10_1468
NIC1283	0.000010	0.000010	0.000010	0.000013	0.000010	0.000010	0.993181	0.000020	0.006726	0.000010	LD_0.9_10_1468
NIC1288	0.099880	0.000010	0.000010	0.000015	0.000010	0.000010	0.658961	0.000010	0.241084	0.000010	LD_0.9_10_1468
NIC1292	0.000010	0.000010	0.000010	0.000010	0.000010	0.000010	0.884006	0.000010	0.115914	0.000010	LD_0.9_10_1468
NIC1302	0.000010	0.000010	0.000010	0.000011	0.000010	0.000010	0.970640	0.000010	0.029279	0.000010	LD_0.9_10_1468
NIC1304	0.000010	0.000010	0.000010	0.000010	0.000010	0.000010	0.890517	0.000010	0.109403	0.000010	LD_0.9_10_1468
NIC1308	0.587999	0.000010	0.000010	0.000010	0.000010	0.000010	0.411921	0.000010	0.000010	0.000010	LD_0.9_10_1468
NIC1407	0.000019	0.000010	0.000010	0.000020	0.000010	0.000010	0.880383	0.000010	0.119518	0.000010	LD_0.9_10_1468
NIC1421	0.000010	0.000010	0.000010	0.000010	0.000010	0.000014	0.831671	0.000010	0.168245	0.000010	LD_0.9_10_1468
NIC1423	0.000010	0.000010	0.000010	0.000010	0.000010	0.000010	0.730113	0.000010	0.269807	0.000010	LD_0.9_10_1468
NIC1442	0.000010	0.000010	0.000010	0.000010	0.000010	0.000010	0.999910	0.000010	0.000010	0.000010	LD_0.9_10_1468
NIC1491	0.000010	0.000010	0.000010	0.000010	0.000010	0.000010	0.999910	0.000010	0.000010	0.000010	LD_0.9_10_1468
NIC1525	0.000010	0.000010	0.000010	0.000010	0.000010	0.428931	0.570989	0.000010	0.000010	0.000010	LD_0.9_10_1468
NIC1528	0.000010	0.000017	0.000010	0.000010	0.000010	0.360123	0.639790	0.000010	0.000010	0.000010	LD_0.9_10_1468
NIC1529	0.000010	0.000010	0.000010	0.000010	0.000010	0.446388	0.553532	0.000010	0.000010	0.000010	LD_0.9_10_1468
NIC1533	0.000010	0.000010	0.000010	0.000010	0.000010	0.468968	0.530952	0.000010	0.000010	0.000010	LD_0.9_10_1468
NIC1535	0.000010	0.000015	0.000010	0.000010	0.000010	0.444152	0.555760	0.000013	0.000010	0.000010	LD_0.9_10_1468
NIC1539	0.000010	0.000010	0.000010	0.000010	0.000010	0.000010	0.000010	0.999910	0.000010	0.000010	LD_0.9_10_1468
NIC1540	0.000010	0.000010	0.000010	0.000010	0.000010	0.000010	0.000010	0.000010	0.000010	0.999910	LD_0.9_10_1468
NIC1562	0.000010	0.000010	0.000010	0.000010	0.000010	0.000010	0.000010	0.999910	0.000010	0.000010	LD_0.9_10_1468
NIC1589	0.000010	0.000010	0.000010	0.000010	0.000010	0.000010	0.000010	0.000010	0.000010	0.999910	LD_0.9_10_1468
NIC1590	0.000010	0.000010	0.000013	0.000010	0.000010	0.000010	0.000010	0.999907	0.000010	0.000010	LD_0.9_10_1468
NIC1591	0.000010	0.000010	0.000011	0.000015	0.000011	0.000010	0.000010	0.000010	0.000010	0.999903	LD_0.9_10_1468
NIC1593	0.000010	0.000010	0.000010	0.000010	0.000013	0.000010	0.000010	0.000010	0.000010	0.999907	LD_0.9_10_1468
NIC1595	0.000010	0.000010	0.000010	0.000010	0.000010	0.000012	0.000010	0.999908	0.000010	0.000010	LD_0.9_10_1468
NIC1598	0.000010	0.000010	0.000010	0.000010	0.000010	0.012049	0.000010	0.987871	0.000010	0.000010	LD_0.9_10_1468
NIC1602	0.000010	0.000010	0.000010	0.000010	0.000010	0.000010	0.000010	0.999910	0.000010	0.000010	LD_0.9_10_1468
NIC1607	0.000010	0.000010	0.000010	0.999910	0.000010	0.000010	0.000010	0.000010	0.000010	0.000010	LD_0.9_10_1468
NIC1628	0.000010	0.000010	0.000010	0.000010	0.000010	0.999910	0.000010	0.000010	0.000010	0.000010	LD_0.9_10_1468
NIC1630	0.000010	0.000010	0.000010	0.000010	0.000010	0.000010	0.000010	0.999910	0.000010	0.000010	LD_0.9_10_1468
NIC1631	0.000010	0.000010	0.000010	0.000010	0.000010	0.000010	0.000010	0.999910	0.000010	0.000010	LD_0.9_10_1468
NIC1632	0.000010	0.000010	0.999910	0.000010	0.000010	0.000010	0.000010	0.000010	0.000010	0.000010	LD_0.9_10_1468
NIC1633	0.000010	0.000010	0.999910	0.000010	0.000010	0.000010	0.000010	0.000010	0.000010	0.000010	LD_0.9_10_1468
NIC1635	0.000010	0.000010	0.999910	0.000010	0.000010	0.000010	0.000010	0.000010	0.000010	0.000010	LD_0.9_10_1468
NIC1645	0.000010	0.000010	0.000011	0.000010	0.000010	0.000010	0.000010	0.999909	0.000010	0.000010	LD_0.9_10_1468
NIC1660	0.000010	0.000010	0.000010	0.000010	0.000010	0.000010	0.000010	0.999910	0.000010	0.000010	LD_0.9_10_1468
NIC1661	0.000010	0.000010	0.000010	0.000010	0.000010	0.000010	0.000010	0.999910	0.000010	0.000010	LD_0.9_10_1468
NIC1662	0.000010	0.000010	0.000010	0.000010	0.000010	0.000010	0.000016	0.999904	0.000010	0.000010	LD_0.9_10_1468
NIC1663	0.000010	0.000011	0.000010	0.000010	0.000010	0.000010	0.000010	0.999909	0.000010	0.000010	LD_0.9_10_1468
NIC1664	0.000010	0.000010	0.000010	0.000017	0.000010	0.000010	0.000010	0.000010	0.000010	0.999903	LD_0.9_10_1468
NIC1665	0.000012	0.000010	0.000010	0.000013	0.000010	0.000010	0.000010	0.000016	0.000010	0.999899	LD_0.9_10_1468
NIC1666	0.000010	0.000010	0.000010	0.000010	0.000010	0.000010	0.000010	0.999910	0.000010	0.000010	LD_0.9_10_1468
NIC1667	0.000013	0.000010	0.000010	0.000010	0.000010	0.000012	0.000010	0.999905	0.000010	0.000010	LD_0.9_10_1468
NIC1681	0.000010	0.000010	0.000010	0.000011	0.000010	0.000011	0.000010	0.999908	0.000010	0.000010	LD_0.9_10_1468
NIC1688	0.000017	0.000010	0.000010	0.000010	0.000010	0.999903	0.000010	0.000010	0.000010	0.000010	LD_0.9_10_1468
NIC1692	0.000010	0.000010	0.000010	0.000010	0.000010	0.000010	0.000010	0.999910	0.000010	0.000010	LD_0.9_10_1468
NIC1693	0.000010	0.000010	0.000010	0.000010	0.000010	0.000010	0.000010	0.999910	0.000010	0.000010	LD_0.9_10_1468
NIC17	0.000010	0.000010	0.000010	0.000010	0.000010	0.595704	0.404216	0.000010	0.000010	0.000010	LD_0.9_10_1468
NIC174	0.000010	0.000010	0.999905	0.000015	0.000010	0.000010	0.000010	0.000010	0.000010	0.000010	LD_0.9_10_1468
NIC187	0.000010	0.000010	0.000010	0.000010	0.000010	0.000010	0.999910	0.000010	0.000010	0.000010	LD_0.9_10_1468
NIC188	0.000010	0.000010	0.000010	0.000010	0.000010	0.000010	0.999908	0.000010	0.000012	0.000010	LD_0.9_10_1468
NIC19	0.000010	0.000010	0.000014	0.000010	0.000011	0.000010	0.000010	0.000010	0.000010	0.999905	LD_0.9_10_1468
NIC191	0.000010	0.000010	0.000010	0.000010	0.000010	0.000011	0.999909	0.000010	0.000010	0.000010	LD_0.9_10_1468
NIC20	0.000010	0.000010	0.000010	0.000010	0.000010	0.000010	0.000010	0.000011	0.000010	0.999909	LD_0.9_10_1468
NIC21	0.000010	0.000010	0.000010	0.000010	0.000010	0.000010	0.000010	0.000010	0.000010	0.999910	LD_0.9_10_1468
NIC22	0.000010	0.000010	0.000010	0.000010	0.000010	0.000010	0.000010	0.000010	0.000010	0.999910	LD_0.9_10_1468
NIC2369	0.999910	0.000010	0.000010	0.000010	0.000010	0.000010	0.000010	0.000010	0.000010	0.000010	LD_0.9_10_1468
NIC248	0.000010	0.000010	0.000010	0.000010	0.000010	0.000010	0.999910	0.000010	0.000010	0.000010	LD_0.9_10_1468
NIC250	0.000010	0.000010	0.000010	0.000010	0.000010	0.000010	0.999910	0.000010	0.000010	0.000010	LD_0.9_10_1468
NIC2527	0.000010	0.000010	0.000010	0.000010	0.000010	0.999910	0.000010	0.000010	0.000010	0.000010	LD_0.9_10_1468
NIC309	0.000010	0.000010	0.000010	0.000010	0.000010	0.000010	0.975885	0.000010	0.024035	0.000010	LD_0.9_10_1468
NIC325	0.000010	0.000010	0.000010	0.000010	0.000010	0.000010	0.980240	0.000010	0.019680	0.000010	LD_0.9_10_1468
NIC327	0.000010	0.000010	0.000010	0.000010	0.000010	0.000010	0.703821	0.000010	0.296099	0.000010	LD_0.9_10_1468
NIC329	0.000010	0.000010	0.000010	0.000010	0.000010	0.000010	0.830720	0.000010	0.169200	0.000010	LD_0.9_10_1468
NIC330	0.000010	0.000010	0.000014	0.000010	0.000010	0.000010	0.858448	0.000010	0.141468	0.000010	LD_0.9_10_1468
NIC331	0.000010	0.000010	0.000011	0.000010	0.000010	0.000010	0.822961	0.000010	0.176958	0.000010	LD_0.9_10_1468
NIC332	0.000010	0.000010	0.000010	0.000010	0.000010	0.000010	0.708551	0.000010	0.291368	0.000010	LD_0.9_10_1468
NIC333	0.000010	0.000010	0.000010	0.000010	0.000010	0.000010	0.876696	0.000010	0.123224	0.000010	LD_0.9_10_1468
NIC343	0.031707	0.000010	0.000010	0.000010	0.000010	0.968213	0.000010	0.000010	0.000010	0.000010	LD_0.9_10_1468
NIC392	0.000010	0.000010	0.000010	0.000010	0.000010	0.128590	0.871330	0.000010	0.000010	0.000010	LD_0.9_10_1468
NIC400	0.000010	0.000010	0.000010	0.000010	0.000010	0.000010	0.733077	0.000010	0.266843	0.000010	LD_0.9_10_1468
NIC402	0.000010	0.000010	0.000010	0.000010	0.000010	0.000010	0.730434	0.000010	0.269486	0.000010	LD_0.9_10_1468
NIC419	0.999910	0.000010	0.000010	0.000010	0.000010	0.000010	0.000010	0.000010	0.000010	0.000010	LD_0.9_10_1468
NIC504	0.000010	0.000010	0.000016	0.000012	0.000012	0.000010	0.000010	0.999900	0.000010	0.000010	LD_0.9_10_1468
NIC505	0.000010	0.000010	0.000010	0.000010	0.000010	0.000010	0.000010	0.999910	0.000010	0.000010	LD_0.9_10_1468
NIC518	0.000010	0.000010	0.000010	0.000010	0.000010	0.000010	0.000010	0.999910	0.000010	0.000010	LD_0.9_10_1468
NIC519	0.000010	0.000010	0.000010	0.000010	0.000010	0.000014	0.000010	0.999906	0.000010	0.000010	LD_0.9_10_1468
NIC532	0.000010	0.000010	0.000010	0.000010	0.000013	0.000010	0.999907	0.000010	0.000010	0.000010	LD_0.9_10_1468
NIC541	0.000017	0.294860	0.000016	0.000010	0.000010	0.000010	0.568628	0.000014	0.136424	0.000010	LD_0.9_10_1468
NIC549	0.000010	0.000010	0.000017	0.000010	0.000010	0.068344	0.931569	0.000010	0.000010	0.000010	LD_0.9_10_1468
NIC552	0.000010	0.000010	0.000010	0.000010	0.000010	0.196730	0.803190	0.000010	0.000010	0.000010	LD_0.9_10_1468
NIC555	0.000010	0.000010	0.000010	0.000010	0.000010	0.000010	0.889701	0.000010	0.110219	0.000010	LD_0.9_10_1468
NIC574	0.000010	0.000010	0.000010	0.000010	0.000010	0.000010	0.999910	0.000010	0.000010	0.000010	LD_0.9_10_1468
NIC578	0.000010	0.000010	0.000010	0.000017	0.000010	0.000010	0.999903	0.000010	0.000010	0.000010	LD_0.9_10_1468
NIC583	0.000010	0.000010	0.000010	0.000010	0.000010	0.000010	0.999910	0.000010	0.000010	0.000010	LD_0.9_10_1468
NIC590	0.000010	0.112388	0.000010	0.000010	0.000010	0.000010	0.887532	0.000010	0.000010	0.000010	LD_0.9_10_1468
NIC593	0.000010	0.000010	0.000010	0.000010	0.000010	0.000010	0.999910	0.000010	0.000010	0.000010	LD_0.9_10_1468
NIC60	0.000010	0.000010	0.000010	0.000010	0.000010	0.000010	0.999910	0.000010	0.000010	0.000010	LD_0.9_10_1468
NIC61	0.000010	0.000010	0.000010	0.000010	0.000010	0.241034	0.758886	0.000010	0.000010	0.000010	LD_0.9_10_1468
NIC62	0.000010	0.000010	0.000010	0.000010	0.000010	0.000010	0.999910	0.000010	0.000010	0.000010	LD_0.9_10_1468
NIC67	0.999910	0.000010	0.000010	0.000010	0.000010	0.000010	0.000010	0.000010	0.000010	0.000010	LD_0.9_10_1468
NIC758	0.000011	0.117147	0.000010	0.000011	0.000010	0.000010	0.882771	0.000010	0.000010	0.000010	LD_0.9_10_1468
NIC777	0.000010	0.000010	0.000010	0.000010	0.000010	0.000010	0.885385	0.000010	0.114535	0.000010	LD_0.9_10_1468
NIC779	0.000010	0.000011	0.000010	0.000010	0.000010	0.000010	0.000010	0.999909	0.000010	0.000010	LD_0.9_10_1468
NIC790	0.000010	0.000010	0.000010	0.000010	0.000010	0.999910	0.000010	0.000010	0.000010	0.000010	LD_0.9_10_1468
NIC791	0.000010	0.917343	0.000010	0.000010	0.000010	0.082576	0.000011	0.000010	0.000010	0.000010	LD_0.9_10_1468
NIC792	0.000010	0.312158	0.000010	0.000010	0.000010	0.687759	0.000010	0.000010	0.000013	0.000010	LD_0.9_10_1468
NIC793	0.000010	0.000010	0.000010	0.000010	0.000010	0.999910	0.000010	0.000010	0.000010	0.000010	LD_0.9_10_1468
NIC795	0.000010	0.000017	0.000018	0.000012	0.000010	0.999885	0.000010	0.000018	0.000010	0.000010	LD_0.9_10_1468
NIC796	0.000010	0.000010	0.000011	0.000010	0.000010	0.992072	0.000010	0.000010	0.000010	0.007847	LD_0.9_10_1468
NIC802	0.000010	0.000010	0.000010	0.000010	0.000010	0.999910	0.000010	0.000010	0.000010	0.000010	LD_0.9_10_1468
NIC803	0.000010	0.000010	0.000010	0.000010	0.000010	0.931871	0.068049	0.000010	0.000010	0.000010	LD_0.9_10_1468
NIC805	0.000010	0.000010	0.000010	0.000017	0.000010	0.000010	0.000010	0.999903	0.000010	0.000010	LD_0.9_10_1468
NIC811	0.000010	0.019819	0.000010	0.000010	0.000010	0.980101	0.000010	0.000010	0.000010	0.000010	LD_0.9_10_1468
NIC814	0.000010	0.000010	0.000010	0.000010	0.000010	0.000012	0.000010	0.999908	0.000010	0.000010	LD_0.9_10_1468
NIC815	0.000010	0.000010	0.000010	0.000010	0.000010	0.000010	0.000010	0.999910	0.000010	0.000010	LD_0.9_10_1468
NIC816	0.000010	0.000010	0.000010	0.000010	0.000010	0.000014	0.000010	0.000010	0.000010	0.999905	LD_0.9_10_1468
NIC819	0.000010	0.000010	0.000010	0.999909	0.000010	0.000010	0.000010	0.000010	0.000011	0.000010	LD_0.9_10_1468
NIC821	0.000010	0.000010	0.000010	0.000010	0.000010	0.923347	0.076569	0.000010	0.000014	0.000010	LD_0.9_10_1468
NIC822	0.000010	0.000010	0.000010	0.000010	0.000010	0.000010	0.000010	0.999910	0.000010	0.000010	LD_0.9_10_1468
NIC824	0.000010	0.000010	0.000010	0.000010	0.000010	0.000010	0.000010	0.999910	0.000010	0.000010	LD_0.9_10_1468
NIC825	0.000010	0.000010	0.000010	0.000010	0.000010	0.000010	0.000010	0.000010	0.000010	0.999910	LD_0.9_10_1468
NIC827	0.000010	0.000010	0.000010	0.000010	0.000010	0.000012	0.000010	0.000010	0.000010	0.999908	LD_0.9_10_1468
NIC828	0.000010	0.000010	0.000010	0.000010	0.000010	0.000010	0.000010	0.000010	0.000010	0.999910	LD_0.9_10_1468
NIC863	0.000010	0.000011	0.000012	0.000010	0.000010	0.000010	0.000010	0.999906	0.000011	0.000010	LD_0.9_10_1468
NIC864	0.000010	0.000010	0.000010	0.000010	0.000010	0.000011	0.000010	0.999909	0.000010	0.000010	LD_0.9_10_1468
NIC865	0.000010	0.000019	0.000010	0.000010	0.000010	0.000010	0.000010	0.999901	0.000010	0.000010	LD_0.9_10_1468
NIC871	0.000010	0.000010	0.000010	0.000010	0.000010	0.999905	0.000010	0.000015	0.000010	0.000010	LD_0.9_10_1468
NIC883	0.000010	0.000010	0.000010	0.000010	0.000010	0.999908	0.000011	0.000010	0.000010	0.000010	LD_0.9_10_1468
NIC889	0.000010	0.000010	0.000010	0.000010	0.000010	0.000010	0.000010	0.999910	0.000010	0.000010	LD_0.9_10_1468
NIC893	0.000010	0.000010	0.000010	0.999910	0.000010	0.000010	0.000010	0.000010	0.000010	0.000010	LD_0.9_10_1468
NIC897	0.000010	0.000010	0.000010	0.000010	0.000018	0.000010	0.000010	0.999902	0.000010	0.000010	LD_0.9_10_1468
NIC899	0.000010	0.000010	0.999910	0.000010	0.000010	0.000010	0.000010	0.000010	0.000010	0.000010	LD_0.9_10_1468
NIC901	0.000010	0.000010	0.000010	0.000010	0.000010	0.630433	0.369476	0.000011	0.000020	0.000010	LD_0.9_10_1468
NIC911	0.000010	0.000010	0.000010	0.000010	0.000010	0.515601	0.484319	0.000010	0.000010	0.000010	LD_0.9_10_1468
NIC96	0.000010	0.000010	0.000010	0.000010	0.000010	0.000010	0.999910	0.000010	0.000010	0.000010	LD_0.9_10_1468
NIC984	0.000010	0.000010	0.000010	0.000010	0.000010	0.636617	0.363303	0.000010	0.000010	0.000010	LD_0.9_10_1468
NIC985	0.173315	0.000010	0.000013	0.000010	0.000010	0.493040	0.333567	0.000010	0.000015	0.000010	LD_0.9_10_1468
PB800	0.000010	0.000010	0.999910	0.000010	0.000010	0.000010	0.000010	0.000010	0.000010	0.000010	LD_0.9_10_1468
PB857	0.000010	0.000010	0.999910	0.000010	0.000010	0.000010	0.000010	0.000010	0.000010	0.000010	LD_0.9_10_1468
PE887	0.000010	0.000010	0.000010	0.000010	0.000010	0.812492	0.187428	0.000010	0.000010	0.000010	LD_0.9_10_1468
QG1005	0.000010	0.000010	0.000010	0.000010	0.000010	0.009716	0.040338	0.000010	0.949876	0.000010	LD_0.9_10_1468
QG1007	0.000010	0.000010	0.000010	0.000010	0.000010	0.000010	0.000010	0.000010	0.999910	0.000010	LD_0.9_10_1468
QG1111	0.000010	0.000010	0.000010	0.000010	0.000010	0.000010	0.000010	0.000010	0.999910	0.000010	LD_0.9_10_1468
QG1126	0.000010	0.000010	0.000010	0.000010	0.000010	0.000010	0.000010	0.000010	0.999910	0.000010	LD_0.9_10_1468
QG1141	0.000010	0.000010	0.000010	0.000010	0.000010	0.000010	0.000010	0.000010	0.999910	0.000010	LD_0.9_10_1468
QG1155	0.000010	0.000010	0.000010	0.000010	0.000010	0.002361	0.000010	0.000010	0.997559	0.000010	LD_0.9_10_1468
QG130	0.000010	0.000010	0.000010	0.000010	0.000010	0.999910	0.000010	0.000010	0.000010	0.000010	LD_0.9_10_1468
QG132	0.000014	0.000010	0.000010	0.000010	0.000010	0.910170	0.089746	0.000010	0.000010	0.000010	LD_0.9_10_1468
QG133	0.000010	0.000010	0.000010	0.000010	0.000010	0.022697	0.000010	0.977223	0.000010	0.000010	LD_0.9_10_1468
QG2641	0.000010	0.000010	0.000010	0.000010	0.000010	0.000010	0.000010	0.000010	0.999910	0.000010	LD_0.9_10_1468
QG2648	0.000010	0.000010	0.000010	0.000010	0.000010	0.000010	0.000010	0.000010	0.999910	0.000010	LD_0.9_10_1468
QG2659	0.000010	0.000010	0.000010	0.000010	0.000010	0.000010	0.000010	0.000010	0.999910	0.000010	LD_0.9_10_1468
QG2663	0.000010	0.000010	0.000010	0.000010	0.000010	0.000010	0.000010	0.000010	0.999910	0.000010	LD_0.9_10_1468
QG2665	0.000010	0.000010	0.000010	0.000010	0.000010	0.000011	0.000016	0.000010	0.999904	0.000010	LD_0.9_10_1468
QG2683	0.000010	0.000010	0.000010	0.000010	0.000010	0.000010	0.000010	0.000010	0.999910	0.000010	LD_0.9_10_1468
QG2736	0.000010	0.000010	0.000010	0.000010	0.000010	0.000010	0.000010	0.000010	0.999910	0.000010	LD_0.9_10_1468
QG2814	0.000010	0.000010	0.000015	0.000010	0.000010	0.999895	0.000010	0.000010	0.000020	0.000010	LD_0.9_10_1468
QG2820	0.000010	0.000010	0.000010	0.000010	0.000010	0.999910	0.000010	0.000010	0.000010	0.000010	LD_0.9_10_1468
QG2848	0.000010	0.000016	0.000010	0.000010	0.000010	0.999904	0.000010	0.000010	0.000010	0.000010	LD_0.9_10_1468
QG2880	0.000010	0.999910	0.000010	0.000010	0.000010	0.000010	0.000010	0.000010	0.000010	0.000010	LD_0.9_10_1468
QG2881	0.000010	0.000010	0.000010	0.000010	0.000010	0.999910	0.000010	0.000010	0.000010	0.000010	LD_0.9_10_1468
QG2883	0.000010	0.000010	0.000010	0.000010	0.000010	0.999910	0.000010	0.000010	0.000010	0.000010	LD_0.9_10_1468
QG2884	0.000010	0.999910	0.000010	0.000010	0.000010	0.000010	0.000010	0.000010	0.000010	0.000010	LD_0.9_10_1468
QG2891	0.000010	0.000010	0.000010	0.000010	0.999910	0.000010	0.000010	0.000010	0.000010	0.000010	LD_0.9_10_1468
QG2892	0.000010	0.999910	0.000010	0.000010	0.000010	0.000010	0.000010	0.000010	0.000010	0.000010	LD_0.9_10_1468
QG2893	0.000010	0.000010	0.000010	0.000012	0.999908	0.000010	0.000010	0.000010	0.000010	0.000010	LD_0.9_10_1468
QG2895	0.000010	0.999910	0.000010	0.000010	0.000010	0.000010	0.000010	0.000010	0.000010	0.000010	LD_0.9_10_1468
QG2902	0.000010	0.999910	0.000010	0.000010	0.000010	0.000010	0.000010	0.000010	0.000010	0.000010	LD_0.9_10_1468
QG2903	0.000010	0.999910	0.000010	0.000010	0.000010	0.000010	0.000010	0.000010	0.000010	0.000010	LD_0.9_10_1468
QG2906	0.000010	0.999910	0.000010	0.000010	0.000010	0.000010	0.000010	0.000010	0.000010	0.000010	LD_0.9_10_1468
QG2908	0.000010	0.000011	0.000010	0.000011	0.999907	0.000011	0.000010	0.000010	0.000011	0.000010	LD_0.9_10_1468
QG2910	0.000010	0.000010	0.000010	0.000010	0.000010	0.978078	0.021842	0.000010	0.000010	0.000010	LD_0.9_10_1468
QG2919	0.000010	0.000010	0.000010	0.000010	0.999910	0.000010	0.000010	0.000010	0.000010	0.000010	LD_0.9_10_1468
QG2923	0.000010	0.999910	0.000010	0.000010	0.000010	0.000010	0.000010	0.000010	0.000010	0.000010	LD_0.9_10_1468
QG2925	0.000010	0.999910	0.000010	0.000010	0.000010	0.000010	0.000010	0.000010	0.000010	0.000010	LD_0.9_10_1468
QG2964	0.000010	0.000010	0.000010	0.000010	0.000010	0.000010	0.000010	0.000010	0.999910	0.000010	LD_0.9_10_1468
QG2966	0.000010	0.000010	0.000010	0.000010	0.000010	0.222184	0.164958	0.000010	0.612788	0.000010	LD_0.9_10_1468
QG2969	0.000010	0.000010	0.000010	0.000010	0.000010	0.000010	0.000010	0.000010	0.999910	0.000010	LD_0.9_10_1468
QG2972	0.000010	0.000010	0.000010	0.000010	0.000010	0.000010	0.000010	0.000010	0.999910	0.000010	LD_0.9_10_1468
QG2996	0.000010	0.000010	0.000010	0.000010	0.000010	0.000010	0.000010	0.000010	0.999910	0.000010	LD_0.9_10_1468
QG3004	0.000010	0.000010	0.000010	0.000010	0.000010	0.077347	0.132433	0.000010	0.790150	0.000010	LD_0.9_10_1468
QG3006	0.000010	0.000010	0.000010	0.000010	0.000010	0.000010	0.000010	0.000010	0.999910	0.000010	LD_0.9_10_1468
QG3019	0.000010	0.000010	0.000010	0.000010	0.000010	0.000010	0.131123	0.000010	0.868797	0.000010	LD_0.9_10_1468
QG3025	0.000010	0.000010	0.000012	0.000010	0.000010	0.000010	0.000010	0.000010	0.999908	0.000010	LD_0.9_10_1468
QG3030	0.000010	0.000010	0.000010	0.000010	0.000010	0.000010	0.000010	0.000010	0.999910	0.000010	LD_0.9_10_1468
QG3032	0.000010	0.000010	0.000010	0.000010	0.000010	0.000010	0.229344	0.000010	0.770576	0.000010	LD_0.9_10_1468
QG3034	0.000010	0.000010	0.000010	0.000010	0.000010	0.000010	0.000010	0.000010	0.999910	0.000010	LD_0.9_10_1468
QG3041	0.000010	0.000010	0.000010	0.000010	0.000010	0.000010	0.000010	0.000010	0.999910	0.000010	LD_0.9_10_1468
QG3053	0.000010	0.000010	0.000010	0.000010	0.000010	0.410680	0.589240	0.000010	0.000010	0.000010	LD_0.9_10_1468
QG3056	0.000010	0.000010	0.000013	0.000010	0.000010	0.224562	0.168787	0.000010	0.606579	0.000010	LD_0.9_10_1468
QG3057	0.000010	0.000010	0.000010	0.000010	0.000010	0.000010	0.000010	0.000010	0.999910	0.000010	LD_0.9_10_1468
QG3058	0.000010	0.000010	0.000010	0.000010	0.000010	0.000010	0.066330	0.000010	0.933590	0.000010	LD_0.9_10_1468
QG3527	0.000010	0.000010	0.000010	0.000010	0.000010	0.127387	0.751274	0.000010	0.121269	0.000010	LD_0.9_10_1468
QG3661	0.000010	0.000010	0.999910	0.000010	0.000010	0.000010	0.000010	0.000010	0.000010	0.000010	LD_0.9_10_1468
QG3783	0.000010	0.000011	0.000010	0.000010	0.000010	0.267751	0.692613	0.000010	0.039565	0.000010	LD_0.9_10_1468
QG3801	0.000010	0.000010	0.000010	0.000010	0.000010	0.000010	0.097805	0.000010	0.902115	0.000010	LD_0.9_10_1468
QG3815	0.000010	0.000010	0.000010	0.000010	0.000010	0.076766	0.923154	0.000010	0.000010	0.000010	LD_0.9_10_1468
QG3816	0.000010	0.000012	0.000010	0.000010	0.000010	0.231748	0.740503	0.000010	0.027677	0.000010	LD_0.9_10_1468
QG3823	0.015652	0.001750	0.000010	0.000010	0.000010	0.000010	0.085071	0.000010	0.897467	0.000010	LD_0.9_10_1468
QG3825	0.000010	0.000010	0.000010	0.000010	0.000010	0.174977	0.824943	0.000010	0.000010	0.000010	LD_0.9_10_1468
QG3826	0.000010	0.000010	0.000011	0.000010	0.000010	0.186474	0.759132	0.000010	0.054323	0.000010	LD_0.9_10_1468
QG3837	0.000010	0.000010	0.000010	0.000010	0.000010	0.125591	0.874326	0.000010	0.000013	0.000010	LD_0.9_10_1468
QG3851	0.000010	0.000015	0.000010	0.000010	0.000010	0.241354	0.711417	0.000010	0.047154	0.000010	LD_0.9_10_1468
QG3861	0.000010	0.000010	0.000010	0.000010	0.000010	0.165648	0.826832	0.000010	0.007450	0.000010	LD_0.9_10_1468
QG3867	0.000010	0.000010	0.000010	0.000010	0.000010	0.000010	0.134880	0.000010	0.865040	0.000010	LD_0.9_10_1468
QG3874	0.000010	0.000010	0.000010	0.000010	0.000010	0.285538	0.714382	0.000010	0.000010	0.000010	LD_0.9_10_1468
QG3875	0.000010	0.000010	0.000010	0.000010	0.000010	0.000010	0.999910	0.000010	0.000010	0.000010	LD_0.9_10_1468
QG3876	0.000010	0.000016	0.000010	0.000010	0.000010	0.205289	0.758619	0.000010	0.036015	0.000010	LD_0.9_10_1468
QG3878	0.000016	0.000012	0.000012	0.000010	0.000010	0.000010	0.999900	0.000010	0.000010	0.000010	LD_0.9_10_1468
QG3920	0.000010	0.000010	0.000010	0.000010	0.000010	0.070644	0.912460	0.000010	0.016826	0.000010	LD_0.9_10_1468
QG3921	0.000010	0.000010	0.000017	0.000010	0.000010	0.151997	0.832776	0.000010	0.015151	0.000010	LD_0.9_10_1468
QG3923	0.000010	0.000010	0.000010	0.000010	0.000010	0.191729	0.808191	0.000010	0.000010	0.000010	LD_0.9_10_1468
QG3924	0.000010	0.000010	0.000010	0.000010	0.000010	0.188158	0.678028	0.000010	0.133745	0.000010	LD_0.9_10_1468
QG3925	0.000010	0.000010	0.000010	0.000010	0.000010	0.040330	0.959590	0.000010	0.000010	0.000010	LD_0.9_10_1468
QG3926	0.000010	0.000010	0.000010	0.000010	0.000010	0.000010	0.999910	0.000010	0.000010	0.000010	LD_0.9_10_1468
QG3927	0.000010	0.000010	0.000010	0.000010	0.000010	0.091733	0.908187	0.000010	0.000010	0.000010	LD_0.9_10_1468
QG3931	0.000010	0.000011	0.000010	0.000010	0.000010	0.000010	0.943042	0.000010	0.056878	0.000010	LD_0.9_10_1468
QG3932	0.000010	0.000010	0.000010	0.000010	0.000010	0.293192	0.706728	0.000010	0.000010	0.000010	LD_0.9_10_1468
QG3933	0.000010	0.000010	0.000010	0.000010	0.000010	0.492167	0.507753	0.000010	0.000010	0.000010	LD_0.9_10_1468
QG4026	0.000010	0.000010	0.000010	0.000010	0.999909	0.000010	0.000010	0.000010	0.000011	0.000010	LD_0.9_10_1468
QG4028	0.000010	0.000010	0.000010	0.000010	0.999907	0.000010	0.000010	0.000010	0.000013	0.000010	LD_0.9_10_1468
QG4031	0.000010	0.000010	0.000010	0.000010	0.999909	0.000010	0.000010	0.000010	0.000011	0.000010	LD_0.9_10_1468
QG4063	0.000010	0.000010	0.000010	0.000010	0.999908	0.000010	0.000010	0.000012	0.000010	0.000010	LD_0.9_10_1468
QG4064	0.000010	0.000010	0.000010	0.000010	0.999910	0.000010	0.000010	0.000010	0.000010	0.000010	LD_0.9_10_1468
QG4067	0.000010	0.000010	0.000010	0.000010	0.999910	0.000010	0.000010	0.000010	0.000010	0.000010	LD_0.9_10_1468
QG4068	0.000010	0.000010	0.000010	0.000010	0.999910	0.000010	0.000010	0.000010	0.000010	0.000010	LD_0.9_10_1468
QG4070	0.000010	0.000010	0.000011	0.000010	0.000010	0.983876	0.016043	0.000010	0.000010	0.000010	LD_0.9_10_1468
QG4093	0.000010	0.000010	0.000010	0.000010	0.999910	0.000010	0.000010	0.000010	0.000010	0.000010	LD_0.9_10_1468
QG4094	0.000010	0.000010	0.000010	0.000010	0.999910	0.000010	0.000010	0.000010	0.000010	0.000010	LD_0.9_10_1468
QG4095	0.000010	0.000010	0.000010	0.000010	0.999910	0.000010	0.000010	0.000010	0.000010	0.000010	LD_0.9_10_1468
QG4096	0.000010	0.000010	0.000010	0.000010	0.999910	0.000010	0.000010	0.000010	0.000010	0.000010	LD_0.9_10_1468
QG4097	0.000010	0.000010	0.000010	0.000010	0.999910	0.000010	0.000010	0.000010	0.000010	0.000010	LD_0.9_10_1468
QG4104	0.000010	0.000010	0.000010	0.000010	0.999910	0.000010	0.000010	0.000010	0.000010	0.000010	LD_0.9_10_1468
QG4114	0.000010	0.000010	0.000010	0.000010	0.999910	0.000010	0.000010	0.000010	0.000010	0.000010	LD_0.9_10_1468
QG4131	0.000010	0.000010	0.000010	0.000010	0.999910	0.000010	0.000010	0.000010	0.000010	0.000010	LD_0.9_10_1468
QG4132	0.000010	0.000010	0.000010	0.000010	0.999910	0.000010	0.000010	0.000010	0.000010	0.000010	LD_0.9_10_1468
QG4208	0.000010	0.000010	0.000010	0.000010	0.999910	0.000010	0.000010	0.000010	0.000010	0.000010	LD_0.9_10_1468
QG4214	0.000010	0.000010	0.000010	0.000010	0.999910	0.000010	0.000010	0.000010	0.000010	0.000010	LD_0.9_10_1468
QG4225	0.000010	0.000010	0.000010	0.000010	0.999910	0.000010	0.000010	0.000010	0.000010	0.000010	LD_0.9_10_1468
QG4232	0.000010	0.000010	0.000010	0.000010	0.999910	0.000010	0.000010	0.000010	0.000010	0.000010	LD_0.9_10_1468
QG4233	0.000010	0.000010	0.000010	0.000010	0.999910	0.000010	0.000010	0.000010	0.000010	0.000010	LD_0.9_10_1468
QG4647	0.000010	0.999910	0.000010	0.000010	0.000010	0.000010	0.000010	0.000010	0.000010	0.000010	LD_0.9_10_1468
QG4648	0.000010	0.001517	0.000010	0.000010	0.000010	0.998403	0.000010	0.000010	0.000010	0.000010	LD_0.9_10_1468
QG4683	0.000010	0.000010	0.000010	0.000010	0.000010	0.999910	0.000010	0.000010	0.000010	0.000010	LD_0.9_10_1468
QG4701	0.000010	0.561816	0.000010	0.000010	0.000010	0.438097	0.000010	0.000018	0.000010	0.000010	LD_0.9_10_1468
QG4706	0.000010	0.000010	0.000010	0.000010	0.000010	0.999910	0.000010	0.000010	0.000010	0.000010	LD_0.9_10_1468
QG4718	0.000010	0.000010	0.000010	0.000010	0.000010	0.999910	0.000010	0.000010	0.000010	0.000010	LD_0.9_10_1468
QG4742	0.000010	0.019935	0.000010	0.000010	0.000010	0.979978	0.000017	0.000010	0.000010	0.000010	LD_0.9_10_1468
QG4805	0.000010	0.999910	0.000010	0.000010	0.000010	0.000010	0.000010	0.000010	0.000010	0.000010	LD_0.9_10_1468
QG4847	0.000010	0.000010	0.000010	0.000010	0.000010	0.999910	0.000010	0.000010	0.000010	0.000010	LD_0.9_10_1468
QG4966	0.000010	0.000010	0.000010	0.000010	0.000010	0.999910	0.000010	0.000010	0.000010	0.000010	LD_0.9_10_1468
QG5348	0.000010	0.000010	0.000010	0.000010	0.000010	0.999910	0.000010	0.000010	0.000010	0.000010	LD_0.9_10_1468
QG5406	0.000010	0.000010	0.000010	0.000010	0.000010	0.999910	0.000010	0.000010	0.000010	0.000010	LD_0.9_10_1468
QG547	0.000010	0.000010	0.999907	0.000010	0.000010	0.000013	0.000010	0.000010	0.000010	0.000010	LD_0.9_10_1468
QG5474	0.000010	0.650253	0.000010	0.000010	0.000010	0.349667	0.000010	0.000010	0.000010	0.000010	LD_0.9_10_1468
QG5488	0.000010	0.000010	0.000010	0.000010	0.000010	0.999910	0.000010	0.000010	0.000010	0.000010	LD_0.9_10_1468
QG550	0.167852	0.329976	0.000010	0.000010	0.000010	0.502100	0.000010	0.000011	0.000010	0.000010	LD_0.9_10_1468
QG5507	0.000010	0.194971	0.000010	0.000010	0.000010	0.804949	0.000010	0.000010	0.000010	0.000010	LD_0.9_10_1468
QG5525	0.000010	0.009751	0.000010	0.000010	0.000010	0.990169	0.000010	0.000010	0.000010	0.000010	LD_0.9_10_1468
QG5589	0.000010	0.836064	0.000010	0.000010	0.000010	0.163849	0.000010	0.000016	0.000010	0.000010	LD_0.9_10_1468
QG5603	0.000010	0.658903	0.000010	0.000010	0.000010	0.341017	0.000010	0.000010	0.000010	0.000010	LD_0.9_10_1468
QG5611	0.000010	0.000010	0.000010	0.000010	0.000010	0.999906	0.000014	0.000010	0.000010	0.000010	LD_0.9_10_1468
QG5612	0.000010	0.000010	0.000010	0.000010	0.000010	0.801851	0.198069	0.000010	0.000010	0.000010	LD_0.9_10_1468
QG5633	0.000010	0.006136	0.000010	0.000010	0.000010	0.993784	0.000010	0.000010	0.000010	0.000010	LD_0.9_10_1468
QG581	0.000010	0.000010	0.999907	0.000010	0.000013	0.000010	0.000010	0.000010	0.000010	0.000010	LD_0.9_10_1468
QG588	0.000010	0.000010	0.999910	0.000010	0.000010	0.000010	0.000010	0.000010	0.000010	0.000010	LD_0.9_10_1468
QG700	0.000010	0.000010	0.000010	0.000010	0.000010	0.000010	0.185568	0.000010	0.814352	0.000010	LD_0.9_10_1468
QG727	0.000010	0.000010	0.000010	0.000010	0.000010	0.000010	0.000010	0.000010	0.999910	0.000010	LD_0.9_10_1468
QG733	0.000010	0.000018	0.000011	0.000010	0.000010	0.000012	0.000010	0.000010	0.999899	0.000010	LD_0.9_10_1468
QG736	0.000010	0.000010	0.000010	0.000010	0.000010	0.000010	0.000010	0.000010	0.999910	0.000010	LD_0.9_10_1468
QG737	0.000010	0.000010	0.000010	0.000010	0.000010	0.000010	0.000010	0.000010	0.999910	0.000010	LD_0.9_10_1468
QG739	0.000010	0.000010	0.000010	0.000010	0.000010	0.000010	0.000010	0.000010	0.999910	0.000010	LD_0.9_10_1468
QG761	0.000010	0.000010	0.000010	0.000010	0.000010	0.000010	0.273450	0.000010	0.726470	0.000010	LD_0.9_10_1468
QG763	0.000010	0.000010	0.000010	0.000010	0.000010	0.000010	0.054926	0.000010	0.944994	0.000010	LD_0.9_10_1468
QG776	0.000010	0.000010	0.000014	0.000013	0.000010	0.000010	0.023514	0.000010	0.976398	0.000010	LD_0.9_10_1468
QG781	0.000010	0.000010	0.000010	0.000010	0.000010	0.000010	0.000010	0.000010	0.999910	0.000010	LD_0.9_10_1468
QG784	0.000010	0.000010	0.000010	0.000010	0.000010	0.000010	0.000010	0.000014	0.999906	0.000010	LD_0.9_10_1468
QG786	0.000010	0.000010	0.000010	0.000010	0.000010	0.000010	0.000010	0.000010	0.999910	0.000010	LD_0.9_10_1468
QG788	0.000010	0.000010	0.000010	0.000010	0.000010	0.000010	0.000010	0.000010	0.999910	0.000010	LD_0.9_10_1468
QG790	0.000010	0.000010	0.000010	0.000010	0.000010	0.000010	0.000010	0.000010	0.999910	0.000010	LD_0.9_10_1468
QG791	0.000010	0.000010	0.000018	0.000012	0.000010	0.057560	0.000010	0.000010	0.942350	0.000010	LD_0.9_10_1468
QG795	0.000010	0.000010	0.000010	0.000010	0.000010	0.000010	0.310112	0.000010	0.689808	0.000010	LD_0.9_10_1468
QG797	0.000010	0.000010	0.000010	0.000010	0.000010	0.000010	0.000010	0.000010	0.999910	0.000010	LD_0.9_10_1468
QG802	0.000010	0.000010	0.000010	0.000010	0.000010	0.000010	0.000010	0.000010	0.999910	0.000010	LD_0.9_10_1468
QG804	0.000010	0.000010	0.000010	0.000010	0.000010	0.000012	0.000010	0.000010	0.999908	0.000010	LD_0.9_10_1468
QG806	0.000010	0.000010	0.000010	0.000010	0.000010	0.000010	0.000010	0.000010	0.999910	0.000010	LD_0.9_10_1468
QG807	0.000010	0.000013	0.000010	0.000010	0.000010	0.000010	0.000010	0.000010	0.999907	0.000010	LD_0.9_10_1468
QG808	0.000010	0.000010	0.000010	0.000010	0.000010	0.041310	0.000017	0.000010	0.958603	0.000010	LD_0.9_10_1468
QG809	0.000010	0.000010	0.000010	0.000010	0.000010	0.000010	0.000010	0.000010	0.999910	0.000010	LD_0.9_10_1468
QG825	0.000010	0.000010	0.000010	0.000010	0.000010	0.000010	0.000010	0.000010	0.999910	0.000010	LD_0.9_10_1468
QG827	0.000010	0.000010	0.000010	0.000010	0.000010	0.000010	0.000010	0.000010	0.999910	0.000010	LD_0.9_10_1468
QG828	0.000010	0.000010	0.000010	0.000010	0.000010	0.000010	0.000010	0.000010	0.999910	0.000010	LD_0.9_10_1468
QG833	0.000010	0.000010	0.000010	0.000010	0.000010	0.028521	0.000010	0.000019	0.971390	0.000010	LD_0.9_10_1468
QG855	0.000010	0.000010	0.000010	0.000010	0.000010	0.030982	0.000010	0.000010	0.968938	0.000010	LD_0.9_10_1468
QG856	0.000010	0.000010	0.000018	0.000010	0.000010	0.000010	0.000010	0.000010	0.999902	0.000010	LD_0.9_10_1468
QG858	0.000010	0.000010	0.000010	0.000010	0.000010	0.000010	0.000010	0.000010	0.999910	0.000010	LD_0.9_10_1468
QG860	0.000010	0.000010	0.000010	0.000010	0.000010	0.001113	0.232929	0.000010	0.765888	0.000010	LD_0.9_10_1468
QG864	0.000010	0.000010	0.000010	0.000010	0.000010	0.000010	0.000010	0.000010	0.999910	0.000010	LD_0.9_10_1468
QG865	0.000010	0.000010	0.000010	0.000010	0.000010	0.000010	0.000010	0.000010	0.999910	0.000010	LD_0.9_10_1468
QG866	0.000010	0.000010	0.000010	0.000010	0.000010	0.000010	0.000010	0.000010	0.999910	0.000010	LD_0.9_10_1468
QG868	0.000010	0.000010	0.000010	0.000010	0.000010	0.065726	0.000010	0.000010	0.934194	0.000010	LD_0.9_10_1468
QG874	0.000010	0.000010	0.000010	0.000010	0.000010	0.000010	0.000010	0.000010	0.999910	0.000010	LD_0.9_10_1468
QG875	0.000010	0.000010	0.000010	0.000010	0.000010	0.000010	0.000010	0.000010	0.999910	0.000010	LD_0.9_10_1468
QG878	0.000010	0.000010	0.000010	0.000010	0.000010	0.000010	0.000010	0.000010	0.999910	0.000010	LD_0.9_10_1468
QG879	0.000010	0.000010	0.000010	0.000010	0.000010	0.000010	0.000010	0.000010	0.999910	0.000010	LD_0.9_10_1468
QG880	0.000010	0.000010	0.000010	0.000010	0.000010	0.000010	0.000010	0.000010	0.999910	0.000010	LD_0.9_10_1468
QG881	0.000010	0.000010	0.000010	0.000010	0.000010	0.000010	0.271038	0.000010	0.728882	0.000010	LD_0.9_10_1468
QG887	0.000010	0.000010	0.000010	0.000010	0.000010	0.000010	0.000010	0.000010	0.999910	0.000010	LD_0.9_10_1468
QG888	0.000010	0.000010	0.000010	0.000010	0.000010	0.000010	0.000010	0.000010	0.999910	0.000010	LD_0.9_10_1468
QG926	0.000010	0.000010	0.000010	0.000010	0.000010	0.000010	0.000015	0.000010	0.999905	0.000010	LD_0.9_10_1468
QG927	0.000010	0.000010	0.000010	0.000010	0.000010	0.924372	0.000010	0.000010	0.075548	0.000010	LD_0.9_10_1468
QG933	0.000010	0.000010	0.000010	0.000010	0.000010	0.000010	0.000010	0.000010	0.999910	0.000010	LD_0.9_10_1468
QG937	0.000010	0.000010	0.000010	0.000010	0.000010	0.000010	0.000010	0.000010	0.999910	0.000010	LD_0.9_10_1468
QG945	0.000010	0.000010	0.000010	0.000010	0.000010	0.000010	0.000010	0.000010	0.999910	0.000010	LD_0.9_10_1468
QG946	0.000010	0.000010	0.000010	0.000010	0.000010	0.000010	0.000010	0.000010	0.999910	0.000010	LD_0.9_10_1468
QG947	0.000010	0.000010	0.000010	0.000010	0.000010	0.000010	0.000010	0.000010	0.999910	0.000010	LD_0.9_10_1468
QG948	0.000010	0.000010	0.000010	0.000010	0.000010	0.010147	0.000010	0.000010	0.989773	0.000010	LD_0.9_10_1468
QG952	0.000010	0.000010	0.000010	0.000010	0.000010	0.007582	0.074913	0.000010	0.917435	0.000010	LD_0.9_10_1468
QG978	0.000018	0.000010	0.000010	0.000010	0.000011	0.012080	0.113721	0.000010	0.874120	0.000010	LD_0.9_10_1468
QG980	0.000010	0.000010	0.000010	0.000010	0.000010	0.000010	0.000010	0.000010	0.999910	0.000010	LD_0.9_10_1468
QG986	0.000010	0.000010	0.000010	0.000010	0.000010	0.038176	0.000010	0.000010	0.961744	0.000010	LD_0.9_10_1468
QG991	0.000010	0.000010	0.000010	0.000010	0.000010	0.000010	0.000010	0.000010	0.999910	0.000010	LD_0.9_10_1468
QG994	0.000010	0.000010	0.000010	0.000010	0.000010	0.000010	0.000010	0.000010	0.999910	0.000010	LD_0.9_10_1468
QG995	0.000010	0.000010	0.000010	0.000010	0.000010	0.000010	0.000010	0.000010	0.999910	0.000010	LD_0.9_10_1468
QG997	0.000010	0.000010	0.000010	0.000010	0.000010	0.000010	0.000010	0.000010	0.999910	0.000010	LD_0.9_10_1468
QG998	0.000010	0.000011	0.000010	0.000010	0.000010	0.000010	0.000010	0.000010	0.999909	0.000010	LD_0.9_10_1468
QR25	0.000010	0.000010	0.248601	0.751319	0.000010	0.000010	0.000010	0.000010	0.000010	0.000010	LD_0.9_10_1468
QX1410	0.000010	0.000010	0.000010	0.000010	0.000010	0.118571	0.881349	0.000010	0.000010	0.000010	LD_0.9_10_1468
QX1547	0.000010	0.000010	0.999910	0.000010	0.000010	0.000010	0.000010	0.000010	0.000010	0.000010	LD_0.9_10_1468
QX1795	0.000010	0.000010	0.000010	0.000010	0.000010	0.861044	0.138876	0.000010	0.000010	0.000010	LD_0.9_10_1468
QX1796	0.000010	0.000010	0.000020	0.000010	0.000011	0.999900	0.000010	0.000010	0.000010	0.000010	LD_0.9_10_1468
QX1798	0.000010	0.000010	0.000010	0.000010	0.000010	0.000010	0.000010	0.999910	0.000010	0.000010	LD_0.9_10_1468
QX1800	0.000010	0.000010	0.000010	0.000010	0.000010	0.999910	0.000010	0.000010	0.000010	0.000010	LD_0.9_10_1468
QX1801	0.000010	0.000010	0.000010	0.000010	0.000010	0.999910	0.000010	0.000010	0.000010	0.000010	LD_0.9_10_1468
QX1802	0.000010	0.000010	0.000010	0.000010	0.000010	0.999910	0.000010	0.000010	0.000010	0.000010	LD_0.9_10_1468
QX1803	0.000010	0.000010	0.000019	0.000010	0.000010	0.999901	0.000010	0.000010	0.000010	0.000010	LD_0.9_10_1468
QX1804	0.000010	0.000010	0.000010	0.000010	0.000010	0.999910	0.000010	0.000010	0.000010	0.000010	LD_0.9_10_1468
SOW18	0.000010	0.000010	0.999907	0.000010	0.000010	0.000013	0.000010	0.000010	0.000010	0.000010	LD_0.9_10_1468
SOW21	0.000010	0.000010	0.999910	0.000010	0.000010	0.000010	0.000010	0.000010	0.000010	0.000010	LD_0.9_10_1468
SOW22	0.000010	0.000010	0.999909	0.000010	0.000011	0.000010	0.000010	0.000010	0.000010	0.000010	LD_0.9_10_1468
TT3408	0.000010	0.000010	0.000010	0.000010	0.000010	0.999910	0.000010	0.000010	0.000010	0.000010	LD_0.9_10_1468
TT3411	0.000010	0.000010	0.000010	0.000010	0.000010	0.999910	0.000010	0.000010	0.000010	0.000010	LD_0.9_10_1468
TWN1772	0.000010	0.000010	0.000010	0.000010	0.000010	0.000010	0.000010	0.999910	0.000010	0.000010	LD_0.9_10_1468
TWN1824	0.000013	0.000010	0.000010	0.000010	0.000010	0.000010	0.000010	0.000010	0.000010	0.999906	LD_0.9_10_1468
TWN1899	0.000010	0.000010	0.000010	0.000010	0.000010	0.000010	0.000010	0.000010	0.000010	0.999910	LD_0.9_10_1468
TWN1907	0.000010	0.000010	0.000010	0.000010	0.000010	0.000010	0.000010	0.999910	0.000010	0.000010	LD_0.9_10_1468
TWN2919	0.000010	0.000010	0.000010	0.000010	0.000010	0.000010	0.000010	0.999910	0.000010	0.000010	LD_0.9_10_1468
TWN3077	0.000010	0.000010	0.000010	0.000010	0.000010	0.000010	0.000010	0.999910	0.000010	0.000010	LD_0.9_10_1468
UH1	0.000010	0.000010	0.000010	0.000010	0.000010	0.000010	0.000010	0.999910	0.000010	0.000010	LD_0.9_10_1468
VSL2201	0.703475	0.000010	0.000014	0.000013	0.000010	0.296437	0.000010	0.000010	0.000010	0.000010	LD_0.9_10_1468
VSL2207	0.000010	0.000010	0.000010	0.000010	0.999910	0.000010	0.000010	0.000010	0.000010	0.000010	LD_0.9_10_1468
VSL2209	0.000010	0.000010	0.000010	0.000010	0.999910	0.000010	0.000010	0.000010	0.000010	0.000010	LD_0.9_10_1468
VSL2210	0.000011	0.000010	0.000010	0.000010	0.000010	0.478664	0.521254	0.000010	0.000010	0.000010	LD_0.9_10_1468
VSL2212	0.000020	0.000019	0.000010	0.000010	0.000011	0.456603	0.543298	0.000010	0.000010	0.000010	LD_0.9_10_1468
VSL2213	0.999910	0.000010	0.000010	0.000010	0.000010	0.000010	0.000010	0.000010	0.000010	0.000010	LD_0.9_10_1468
VSL2215	0.920731	0.000010	0.000010	0.000010	0.000010	0.079189	0.000010	0.000010	0.000010	0.000010	LD_0.9_10_1468
VSL2216	0.999908	0.000012	0.000010	0.000010	0.000010	0.000010	0.000010	0.000010	0.000010	0.000010	LD_0.9_10_1468
VSL2217	0.000010	0.999906	0.000010	0.000010	0.000010	0.000010	0.000014	0.000010	0.000010	0.000010	LD_0.9_10_1468
VSL2219	0.000010	0.000010	0.000010	0.000010	0.000010	0.957921	0.041999	0.000010	0.000010	0.000010	LD_0.9_10_1468
VT847	0.000010	0.000010	0.000010	0.000010	0.000010	0.890879	0.109040	0.000012	0.000010	0.000010	LD_0.9_10_1468
VX34	0.000010	0.000010	0.153579	0.846341	0.000010	0.000010	0.000010	0.000010	0.000010	0.000010	LD_0.9_10_1468
XZ1204	0.515641	0.000010	0.000016	0.000010	0.000010	0.316352	0.167932	0.000010	0.000010	0.000010	LD_0.9_10_1468
XZ1205	0.999910	0.000010	0.000010	0.000010	0.000010	0.000010	0.000010	0.000010	0.000010	0.000010	LD_0.9_10_1468
XZ1206	0.999910	0.000010	0.000010	0.000010	0.000010	0.000010	0.000010	0.000010	0.000010	0.000010	LD_0.9_10_1468
XZ1207	0.004806	0.000010	0.000010	0.000010	0.000010	0.631648	0.363476	0.000010	0.000010	0.000010	LD_0.9_10_1468
XZ1210	0.000010	0.000010	0.000018	0.000010	0.000010	0.510534	0.489378	0.000010	0.000010	0.000010	LD_0.9_10_1468
XZ1212	0.000010	0.000010	0.000010	0.000010	0.000010	0.643836	0.356076	0.000010	0.000018	0.000010	LD_0.9_10_1468
XZ1213	0.000010	0.000010	0.000010	0.000010	0.000010	0.629327	0.370593	0.000010	0.000010	0.000010	LD_0.9_10_1468
XZ1731	0.000010	0.000012	0.000010	0.000010	0.000010	0.589998	0.409914	0.000017	0.000010	0.000010	LD_0.9_10_1468
XZ1732	0.000010	0.000018	0.000010	0.000010	0.000010	0.425790	0.574123	0.000010	0.000010	0.000010	LD_0.9_10_1468
ZZY0992	0.000010	0.999905	0.000010	0.000010	0.000010	0.000010	0.000010	0.000010	0.000015	0.000010	LD_0.9_10_1468
ZZY1034	0.000010	0.000010	0.000010	0.000010	0.000010	0.999910	0.000010	0.000010	0.000010	0.000010	LD_0.9_10_1468
ZZY1075	0.000010	0.000010	0.000010	0.000010	0.000010	0.999907	0.000010	0.000010	0.000013	0.000010	LD_0.9_10_1468
ZZY1123	0.000010	0.999910	0.000010	0.000010	0.000010	0.000010	0.000010	0.000010	0.000010	0.000010	LD_0.9_10_1468
ZZY1130	0.000010	0.000010	0.000010	0.000010	0.000010	0.999910	0.000010	0.000010	0.000010	0.000010	LD_0.9_10_1468
ZZY405	0.000010	0.000010	0.000010	0.000010	0.000010	0.999908	0.000012	0.000010	0.000010	0.000010	LD_0.9_10_1468
AF16	0.000010	0.000010	0.000010	0.000010	0.000010	0.000010	0.000010	0.000010	0.999910	0.000010	LD_0.9_10_1553
BRC20069	0.000010	0.000014	0.000010	0.000010	0.000010	0.000010	0.000010	0.000010	0.999906	0.000010	LD_0.9_10_1553
BRC20073	0.000010	0.000010	0.000014	0.000010	0.000010	0.000010	0.000010	0.000010	0.999906	0.000010	LD_0.9_10_1553
BRC20075	0.000010	0.000010	0.000010	0.000010	0.000010	0.999910	0.000010	0.000010	0.000010	0.000010	LD_0.9_10_1553
BRC20077	0.000010	0.000010	0.000010	0.000010	0.000010	0.000010	0.000010	0.000018	0.999902	0.000010	LD_0.9_10_1553
BRC20081	0.999907	0.000010	0.000010	0.000013	0.000010	0.000010	0.000010	0.000010	0.000010	0.000010	LD_0.9_10_1553
BRC20085	0.000010	0.000010	0.000010	0.000010	0.000010	0.000010	0.347483	0.000010	0.652437	0.000010	LD_0.9_10_1553
BRC20088	0.999910	0.000010	0.000010	0.000010	0.000010	0.000010	0.000010	0.000010	0.000010	0.000010	LD_0.9_10_1553
BRC20089	0.000010	0.000010	0.000010	0.000010	0.000010	0.000010	0.000010	0.000010	0.999910	0.000010	LD_0.9_10_1553
BRC20090	0.000010	0.000010	0.000010	0.000010	0.000010	0.000010	0.059436	0.000010	0.940484	0.000010	LD_0.9_10_1553
BRC20092	0.000010	0.000010	0.000010	0.000010	0.000010	0.000010	0.353702	0.000010	0.646218	0.000010	LD_0.9_10_1553
BRC20093	0.000010	0.000010	0.000010	0.000010	0.000010	0.000010	0.000010	0.000010	0.999910	0.000010	LD_0.9_10_1553
BRC20094	0.000010	0.000010	0.000010	0.000010	0.000010	0.000010	0.355058	0.000010	0.644862	0.000010	LD_0.9_10_1553
BRC20095	0.000015	0.000010	0.000010	0.000010	0.000010	0.000010	0.000010	0.000010	0.999905	0.000010	LD_0.9_10_1553
BRC20096	0.000010	0.000010	0.000010	0.000010	0.000010	0.000010	0.000010	0.000010	0.999910	0.000010	LD_0.9_10_1553
BRC20098	0.000010	0.000010	0.000010	0.000010	0.000010	0.000010	0.000010	0.000010	0.999910	0.000010	LD_0.9_10_1553
BRC20099	0.000010	0.000010	0.000010	0.000010	0.000010	0.000010	0.000010	0.000010	0.999910	0.000010	LD_0.9_10_1553
BRC20100	0.000010	0.000010	0.000010	0.000010	0.000010	0.000010	0.000010	0.000010	0.999910	0.000010	LD_0.9_10_1553
BRC20102	0.000010	0.000010	0.000010	0.000010	0.000010	0.000010	0.000010	0.000010	0.999910	0.000010	LD_0.9_10_1553
BRC20103	0.000010	0.000010	0.000010	0.000011	0.000010	0.000010	0.000010	0.000010	0.999909	0.000010	LD_0.9_10_1553
BRC20105	0.000014	0.000010	0.000010	0.000010	0.000010	0.000010	0.417338	0.017873	0.564714	0.000010	LD_0.9_10_1553
BRC20107	0.000016	0.000014	0.000010	0.000010	0.000010	0.000010	0.388753	0.087986	0.523182	0.000010	LD_0.9_10_1553
BRC20115	0.000010	0.000015	0.999905	0.000010	0.000010	0.000010	0.000010	0.000010	0.000010	0.000010	LD_0.9_10_1553
BRC20119	0.000010	0.000018	0.000010	0.000010	0.000010	0.000010	0.712896	0.000010	0.287016	0.000010	LD_0.9_10_1553
BRC20228	0.000010	0.000010	0.000010	0.000010	0.000010	0.000010	0.000010	0.000010	0.999910	0.000010	LD_0.9_10_1553
BRC20229	0.000010	0.000010	0.000010	0.000010	0.000010	0.999900	0.000010	0.000016	0.000014	0.000010	LD_0.9_10_1553
BRC20230	0.999901	0.000010	0.000019	0.000010	0.000010	0.000010	0.000010	0.000010	0.000010	0.000010	LD_0.9_10_1553
BRC20232	0.000010	0.000010	0.000010	0.000010	0.000010	0.999910	0.000010	0.000010	0.000010	0.000010	LD_0.9_10_1553
BRC20238	0.999910	0.000010	0.000010	0.000010	0.000010	0.000010	0.000010	0.000010	0.000010	0.000010	LD_0.9_10_1553
BRC20239	0.000010	0.000010	0.000010	0.000010	0.000010	0.999910	0.000010	0.000010	0.000010	0.000010	LD_0.9_10_1553
BRC20241	0.000014	0.000010	0.000010	0.000010	0.000010	0.000010	0.068461	0.000010	0.931455	0.000010	LD_0.9_10_1553
BRC20242	0.000010	0.000010	0.000010	0.000010	0.000010	0.000010	0.000010	0.000010	0.999910	0.000010	LD_0.9_10_1553
BRC20244	0.999910	0.000010	0.000010	0.000010	0.000010	0.000010	0.000010	0.000010	0.000010	0.000010	LD_0.9_10_1553
BRC20246	0.999910	0.000010	0.000010	0.000010	0.000010	0.000010	0.000010	0.000010	0.000010	0.000010	LD_0.9_10_1553
BRC20257	0.000010	0.000010	0.000010	0.000010	0.000010	0.000010	0.999910	0.000010	0.000010	0.000010	LD_0.9_10_1553
BRC20260	0.000010	0.000010	0.000010	0.000010	0.000010	0.000010	0.000010	0.000010	0.999910	0.000010	LD_0.9_10_1553
BRC20270	0.999905	0.000010	0.000010	0.000010	0.000014	0.000011	0.000010	0.000010	0.000010	0.000010	LD_0.9_10_1553
BRC20272	0.999905	0.000010	0.000015	0.000010	0.000010	0.000010	0.000010	0.000010	0.000010	0.000010	LD_0.9_10_1553
BRC20289	0.999909	0.000010	0.000010	0.000010	0.000010	0.000010	0.000010	0.000010	0.000011	0.000010	LD_0.9_10_1553
BRC20290	0.999910	0.000010	0.000010	0.000010	0.000010	0.000010	0.000010	0.000010	0.000010	0.000010	LD_0.9_10_1553
BRC20294	0.000010	0.000010	0.000010	0.000010	0.000010	0.000010	0.000010	0.000010	0.999910	0.000010	LD_0.9_10_1553
BRC20308	0.999910	0.000010	0.000010	0.000010	0.000010	0.000010	0.000010	0.000010	0.000010	0.000010	LD_0.9_10_1553
BRC20309	0.999910	0.000010	0.000010	0.000010	0.000010	0.000010	0.000010	0.000010	0.000010	0.000010	LD_0.9_10_1553
BRC20311	0.999910	0.000010	0.000010	0.000010	0.000010	0.000010	0.000010	0.000010	0.000010	0.000010	LD_0.9_10_1553
BRC20312	0.999910	0.000010	0.000010	0.000010	0.000010	0.000010	0.000010	0.000010	0.000010	0.000010	LD_0.9_10_1553
BRC20315	0.999910	0.000010	0.000010	0.000010	0.000010	0.000010	0.000010	0.000010	0.000010	0.000010	LD_0.9_10_1553
BRC20320	0.999910	0.000010	0.000010	0.000010	0.000010	0.000010	0.000010	0.000010	0.000010	0.000010	LD_0.9_10_1553
BRC20324	0.000010	0.000010	0.000010	0.000010	0.000010	0.639919	0.000010	0.000010	0.360001	0.000010	LD_0.9_10_1553
BRC20331	0.999910	0.000010	0.000010	0.000010	0.000010	0.000010	0.000010	0.000010	0.000010	0.000010	LD_0.9_10_1553
BRC20333	0.999909	0.000010	0.000011	0.000010	0.000010	0.000010	0.000010	0.000010	0.000010	0.000010	LD_0.9_10_1553
BRC20334	0.999910	0.000010	0.000010	0.000010	0.000010	0.000010	0.000010	0.000010	0.000010	0.000010	LD_0.9_10_1553
BRC20339	0.999910	0.000010	0.000010	0.000010	0.000010	0.000010	0.000010	0.000010	0.000010	0.000010	LD_0.9_10_1553
BRC20341	0.999907	0.000010	0.000013	0.000010	0.000010	0.000010	0.000010	0.000010	0.000010	0.000010	LD_0.9_10_1553
BRC20343	0.000010	0.000010	0.000010	0.000010	0.000010	0.999905	0.000010	0.000010	0.000015	0.000010	LD_0.9_10_1553
BRC20346	0.999910	0.000010	0.000010	0.000010	0.000010	0.000010	0.000010	0.000010	0.000010	0.000010	LD_0.9_10_1553
BRC20347	0.000010	0.000010	0.000010	0.000010	0.000010	0.999910	0.000010	0.000010	0.000010	0.000010	LD_0.9_10_1553
BRC20348	0.999910	0.000010	0.000010	0.000010	0.000010	0.000010	0.000010	0.000010	0.000010	0.000010	LD_0.9_10_1553
BRC20353	0.000010	0.000010	0.220307	0.000010	0.000010	0.000010	0.000010	0.000010	0.779613	0.000010	LD_0.9_10_1553
BRC20360	0.000010	0.000010	0.219110	0.000010	0.000010	0.000010	0.000010	0.000010	0.780810	0.000010	LD_0.9_10_1553
BRC20361	0.000010	0.000011	0.220872	0.000010	0.000010	0.000010	0.000010	0.000010	0.779046	0.000010	LD_0.9_10_1553
BRC20362	0.000010	0.000010	0.204687	0.000010	0.000010	0.000010	0.000010	0.000010	0.776911	0.018332	LD_0.9_10_1553
BRC20366	0.999910	0.000010	0.000010	0.000010	0.000010	0.000010	0.000010	0.000010	0.000010	0.000010	LD_0.9_10_1553
BRC20367	0.999909	0.000010	0.000010	0.000011	0.000010	0.000010	0.000010	0.000010	0.000010	0.000010	LD_0.9_10_1553
BRC20369	0.000010	0.000014	0.000010	0.000015	0.000010	0.000010	0.000010	0.000010	0.999902	0.000010	LD_0.9_10_1553
BRC20370	0.999910	0.000010	0.000010	0.000010	0.000010	0.000010	0.000010	0.000010	0.000010	0.000010	LD_0.9_10_1553
BRC20388	0.000010	0.000010	0.000010	0.999909	0.000010	0.000011	0.000010	0.000010	0.000010	0.000010	LD_0.9_10_1553
BRC20390	0.999910	0.000010	0.000010	0.000010	0.000010	0.000010	0.000010	0.000010	0.000010	0.000010	LD_0.9_10_1553
BRC20401	0.000010	0.000010	0.000010	0.000010	0.000010	0.000010	0.000010	0.000010	0.999910	0.000010	LD_0.9_10_1553
BRC20463	0.999910	0.000010	0.000010	0.000010	0.000010	0.000010	0.000010	0.000010	0.000010	0.000010	LD_0.9_10_1553
BRC20492	0.000020	0.000010	0.999900	0.000010	0.000010	0.000010	0.000010	0.000010	0.000010	0.000010	LD_0.9_10_1553
BRC20499	0.999910	0.000010	0.000010	0.000010	0.000010	0.000010	0.000010	0.000010	0.000010	0.000010	LD_0.9_10_1553
BRC20501	0.999908	0.000010	0.000011	0.000010	0.000010	0.000010	0.000010	0.000010	0.000010	0.000010	LD_0.9_10_1553
BRC20502	0.000010	0.999910	0.000010	0.000010	0.000010	0.000010	0.000010	0.000010	0.000010	0.000010	LD_0.9_10_1553
BRC20503	0.000010	0.999910	0.000010	0.000010	0.000010	0.000010	0.000010	0.000010	0.000010	0.000010	LD_0.9_10_1553
BRC20519	0.000010	0.000010	0.999910	0.000010	0.000010	0.000010	0.000010	0.000010	0.000010	0.000010	LD_0.9_10_1553
BRC20520	0.000010	0.000010	0.999910	0.000010	0.000010	0.000010	0.000010	0.000010	0.000010	0.000010	LD_0.9_10_1553
BRC20522	0.000010	0.000010	0.000010	0.000010	0.000010	0.999910	0.000010	0.000010	0.000010	0.000010	LD_0.9_10_1553
BRC20524	0.000010	0.000010	0.000010	0.000010	0.000010	0.999910	0.000010	0.000010	0.000010	0.000010	LD_0.9_10_1553
BRC20529	0.999910	0.000010	0.000010	0.000010	0.000010	0.000010	0.000010	0.000010	0.000010	0.000010	LD_0.9_10_1553
BRC20530	0.000010	0.000010	0.000010	0.000010	0.000010	0.999910	0.000010	0.000010	0.000010	0.000010	LD_0.9_10_1553
BRC20531	0.000010	0.000010	0.000010	0.000010	0.000010	0.999910	0.000010	0.000010	0.000010	0.000010	LD_0.9_10_1553
BRC20532	0.999910	0.000010	0.000010	0.000010	0.000010	0.000010	0.000010	0.000010	0.000010	0.000010	LD_0.9_10_1553
BRC20533	0.999910	0.000010	0.000010	0.000010	0.000010	0.000010	0.000010	0.000010	0.000010	0.000010	LD_0.9_10_1553
BRC20534	0.999910	0.000010	0.000010	0.000010	0.000010	0.000010	0.000010	0.000010	0.000010	0.000010	LD_0.9_10_1553
BRC20535	0.999910	0.000010	0.000010	0.000010	0.000010	0.000010	0.000010	0.000010	0.000010	0.000010	LD_0.9_10_1553
BRC20536	0.999910	0.000010	0.000010	0.000010	0.000010	0.000010	0.000010	0.000010	0.000010	0.000010	LD_0.9_10_1553
BRC20537	0.999909	0.000010	0.000011	0.000010	0.000010	0.000010	0.000010	0.000010	0.000010	0.000010	LD_0.9_10_1553
BRC20541	0.000010	0.000017	0.999903	0.000010	0.000010	0.000010	0.000010	0.000010	0.000010	0.000010	LD_0.9_10_1553
BRC20543	0.999908	0.000010	0.000010	0.000010	0.000012	0.000010	0.000010	0.000010	0.000010	0.000010	LD_0.9_10_1553
BRC20544	0.999910	0.000010	0.000010	0.000010	0.000010	0.000010	0.000010	0.000010	0.000010	0.000010	LD_0.9_10_1553
BRC20545	0.999904	0.000010	0.000016	0.000010	0.000010	0.000010	0.000010	0.000010	0.000010	0.000010	LD_0.9_10_1553
BRC20556	0.000010	0.000010	0.000010	0.000010	0.000010	0.000010	0.000010	0.000010	0.999910	0.000010	LD_0.9_10_1553
BRC20557	0.999910	0.000010	0.000010	0.000010	0.000010	0.000010	0.000010	0.000010	0.000010	0.000010	LD_0.9_10_1553
BRC20565	0.000010	0.000010	0.000010	0.000010	0.000010	0.000010	0.000010	0.000010	0.999910	0.000010	LD_0.9_10_1553
BRC20571	0.000010	0.000019	0.000010	0.000010	0.000010	0.000010	0.042709	0.000010	0.957202	0.000010	LD_0.9_10_1553
BRC20574	0.000010	0.000010	0.000010	0.000010	0.000010	0.000010	0.000010	0.000010	0.999910	0.000010	LD_0.9_10_1553
BW287	0.000010	0.000010	0.000010	0.999910	0.000010	0.000010	0.000010	0.000010	0.000010	0.000010	LD_0.9_10_1553
DF5100	0.000010	0.000010	0.000010	0.000010	0.000010	0.000010	0.000010	0.358441	0.641479	0.000010	LD_0.9_10_1553
ECA1129	0.000010	0.000010	0.000010	0.000010	0.000010	0.000010	0.000010	0.000010	0.999910	0.000010	LD_0.9_10_1553
ECA1143	0.000010	0.000010	0.000010	0.000010	0.000010	0.000010	0.000010	0.199329	0.771737	0.028864	LD_0.9_10_1553
ECA1147	0.000010	0.000010	0.000010	0.000010	0.000010	0.000010	0.000010	0.000010	0.999910	0.000010	LD_0.9_10_1553
ECA1149	0.041922	0.000010	0.000010	0.000010	0.000010	0.000010	0.000010	0.000010	0.957998	0.000010	LD_0.9_10_1553
ECA1160	0.000010	0.000010	0.000010	0.000010	0.000010	0.000010	0.000010	0.000010	0.999910	0.000010	LD_0.9_10_1553
ECA1164	0.000010	0.000010	0.000010	0.000010	0.000010	0.000010	0.000010	0.000010	0.999910	0.000010	LD_0.9_10_1553
ECA1170	0.999910	0.000010	0.000010	0.000010	0.000010	0.000010	0.000010	0.000010	0.000010	0.000010	LD_0.9_10_1553
ECA1174	0.000010	0.000010	0.000010	0.000010	0.000010	0.000010	0.000010	0.000010	0.999910	0.000010	LD_0.9_10_1553
ECA1383	0.999910	0.000010	0.000010	0.000010	0.000010	0.000010	0.000010	0.000010	0.000010	0.000010	LD_0.9_10_1553
ECA1411	0.000010	0.000010	0.000010	0.000010	0.000010	0.000010	0.000010	0.000010	0.999910	0.000010	LD_0.9_10_1553
ECA1423	0.000010	0.000010	0.000010	0.000010	0.000010	0.000010	0.000010	0.022932	0.976988	0.000010	LD_0.9_10_1553
ECA1429	0.000010	0.000010	0.000010	0.000010	0.000010	0.000010	0.000010	0.000010	0.999910	0.000010	LD_0.9_10_1553
ECA1431	0.000010	0.000010	0.000010	0.000010	0.000010	0.000010	0.000010	0.000010	0.999910	0.000010	LD_0.9_10_1553
ECA1437	0.000010	0.000010	0.000010	0.000010	0.000010	0.000010	0.000010	0.000010	0.999910	0.000010	LD_0.9_10_1553
ECA1439	0.000010	0.000010	0.000010	0.000010	0.000010	0.000010	0.000010	0.158658	0.841262	0.000010	LD_0.9_10_1553
ECA1443	0.940958	0.000010	0.000020	0.000010	0.000010	0.000010	0.000010	0.000010	0.058952	0.000010	LD_0.9_10_1553
ECA1471	0.000010	0.000010	0.000010	0.000010	0.000010	0.000010	0.000010	0.000010	0.999910	0.000010	LD_0.9_10_1553
ECA1489	0.000010	0.000010	0.000010	0.000010	0.000010	0.000010	0.000010	0.335797	0.614725	0.049408	LD_0.9_10_1553
ECA1507	0.000010	0.000010	0.000010	0.000010	0.000010	0.000010	0.000010	0.000010	0.999910	0.000010	LD_0.9_10_1553
ECA1509	0.000010	0.000010	0.000010	0.000010	0.000010	0.000010	0.000010	0.000017	0.999903	0.000010	LD_0.9_10_1553
ECA1517	0.000010	0.000010	0.000010	0.000010	0.000010	0.000010	0.000010	0.051384	0.948536	0.000010	LD_0.9_10_1553
ECA1521	0.000010	0.000010	0.000010	0.000010	0.000010	0.000010	0.000010	0.000010	0.999910	0.000010	LD_0.9_10_1553
ECA1555	0.000010	0.000010	0.000010	0.000010	0.000010	0.000010	0.000010	0.000010	0.999910	0.000010	LD_0.9_10_1553
ECA1559	0.999910	0.000010	0.000010	0.000010	0.000010	0.000010	0.000010	0.000010	0.000010	0.000010	LD_0.9_10_1553
ECA1563	0.000010	0.000010	0.000010	0.000010	0.000010	0.000010	0.000010	0.000010	0.999910	0.000010	LD_0.9_10_1553
ECA1571	0.000010	0.000010	0.000010	0.000010	0.000010	0.000010	0.000010	0.330953	0.632458	0.036519	LD_0.9_10_1553
ECA1587	0.000010	0.000010	0.000010	0.000010	0.000010	0.000010	0.000010	0.000010	0.999910	0.000010	LD_0.9_10_1553
ECA1605	0.876955	0.000010	0.000010	0.000010	0.000010	0.000010	0.000010	0.070907	0.022569	0.029509	LD_0.9_10_1553
ECA1609	0.000010	0.000010	0.000010	0.000010	0.000010	0.000010	0.000010	0.000010	0.999910	0.000010	LD_0.9_10_1553
ECA161	0.000010	0.000010	0.000010	0.000010	0.000010	0.000010	0.000010	0.000010	0.999910	0.000010	LD_0.9_10_1553
ECA1611	0.000010	0.000010	0.000010	0.000010	0.000010	0.000010	0.000010	0.000010	0.999910	0.000010	LD_0.9_10_1553
ECA1615	0.000010	0.000010	0.000010	0.000010	0.000010	0.000010	0.000010	0.000010	0.999910	0.000010	LD_0.9_10_1553
ECA162	0.000010	0.000010	0.000010	0.000010	0.000010	0.000010	0.000010	0.000010	0.999910	0.000010	LD_0.9_10_1553
ECA1621	0.000010	0.000010	0.000010	0.000010	0.000010	0.000010	0.000010	0.000010	0.999910	0.000010	LD_0.9_10_1553
ECA163	0.000010	0.999910	0.000010	0.000010	0.000010	0.000010	0.000010	0.000010	0.000010	0.000010	LD_0.9_10_1553
ECA1637	0.000010	0.000010	0.000010	0.000010	0.000010	0.000010	0.000010	0.000010	0.999910	0.000010	LD_0.9_10_1553
ECA1657	0.000010	0.000010	0.000010	0.000010	0.000010	0.000010	0.007374	0.000010	0.992546	0.000010	LD_0.9_10_1553
ECA1701	0.000010	0.000010	0.000010	0.000010	0.000010	0.000010	0.000010	0.000010	0.981232	0.018688	LD_0.9_10_1553
ECA175	0.000010	0.000010	0.000010	0.000010	0.000010	0.000010	0.000010	0.000010	0.999910	0.000010	LD_0.9_10_1553
ECA176	0.000010	0.000010	0.000010	0.000010	0.000010	0.000010	0.000010	0.000010	0.999910	0.000010	LD_0.9_10_1553
ECA177	0.000010	0.000010	0.000010	0.000010	0.000010	0.000010	0.000010	0.000010	0.999910	0.000010	LD_0.9_10_1553
ECA180	0.000010	0.000010	0.000010	0.000010	0.000010	0.000010	0.000010	0.000010	0.999910	0.000010	LD_0.9_10_1553
ECA182	0.000010	0.000010	0.000010	0.000010	0.000010	0.000010	0.000010	0.000010	0.999910	0.000010	LD_0.9_10_1553
ECA183	0.000010	0.000010	0.000010	0.000010	0.000010	0.000010	0.000010	0.000010	0.999910	0.000010	LD_0.9_10_1553
ECA185	0.000010	0.000010	0.000010	0.000010	0.000010	0.000010	0.000010	0.043106	0.956813	0.000010	LD_0.9_10_1553
ECA186	0.000010	0.000010	0.000010	0.000010	0.000010	0.000010	0.000010	0.068660	0.931260	0.000010	LD_0.9_10_1553
ECA2083	0.000010	0.000010	0.000010	0.000010	0.000010	0.000010	0.000010	0.000010	0.999910	0.000010	LD_0.9_10_1553
ECA2093	0.000010	0.000010	0.000010	0.000010	0.000010	0.000010	0.000010	0.000013	0.999907	0.000010	LD_0.9_10_1553
ECA2115	0.000010	0.000010	0.000010	0.000010	0.000010	0.000010	0.000010	0.000010	0.999910	0.000010	LD_0.9_10_1553
ECA2299	0.999910	0.000010	0.000010	0.000010	0.000010	0.000010	0.000010	0.000010	0.000010	0.000010	LD_0.9_10_1553
ECA2373	0.000010	0.000010	0.000010	0.000010	0.000010	0.000010	0.000010	0.000010	0.962910	0.037010	LD_0.9_10_1553
ECA2385	0.999910	0.000010	0.000010	0.000010	0.000010	0.000010	0.000010	0.000010	0.000010	0.000010	LD_0.9_10_1553
ECA2425	0.000010	0.000010	0.000010	0.000010	0.000010	0.000010	0.000010	0.000010	0.999910	0.000010	LD_0.9_10_1553
ECA2617	0.000010	0.000010	0.000010	0.000010	0.999910	0.000010	0.000010	0.000010	0.000010	0.000010	LD_0.9_10_1553
ECA2618	0.000014	0.000010	0.000011	0.000010	0.999902	0.000013	0.000010	0.000010	0.000010	0.000010	LD_0.9_10_1553
ECA2621	0.000010	0.000010	0.000010	0.000010	0.999908	0.000012	0.000010	0.000010	0.000010	0.000010	LD_0.9_10_1553
ECA2623	0.000010	0.000010	0.000010	0.000010	0.000010	0.000010	0.000010	0.911582	0.088338	0.000010	LD_0.9_10_1553
ECA2625	0.000010	0.000010	0.000010	0.000010	0.000010	0.000010	0.000010	0.000010	0.999910	0.000010	LD_0.9_10_1553
ECA2626	0.000010	0.000010	0.000010	0.000010	0.000010	0.000010	0.000010	0.000010	0.999910	0.000010	LD_0.9_10_1553
ECA2636	0.000010	0.000010	0.000010	0.000010	0.000010	0.000010	0.000010	0.000010	0.999910	0.000010	LD_0.9_10_1553
ECA2637	0.000010	0.000010	0.000012	0.000010	0.000010	0.000011	0.000010	0.000010	0.999907	0.000010	LD_0.9_10_1553
ECA2639	0.000012	0.000010	0.000010	0.000010	0.999908	0.000010	0.000010	0.000010	0.000010	0.000010	LD_0.9_10_1553
ECA2645	0.000010	0.000010	0.000010	0.000010	0.000010	0.000010	0.000010	0.000010	0.999910	0.000010	LD_0.9_10_1553
ECA2647	0.000010	0.000010	0.000010	0.000010	0.999910	0.000010	0.000010	0.000010	0.000010	0.000010	LD_0.9_10_1553
ECA2663	0.000010	0.000010	0.000010	0.000010	0.000010	0.000010	0.000010	0.000010	0.999910	0.000010	LD_0.9_10_1553
ECA2664	0.000010	0.000010	0.000010	0.000010	0.000010	0.000010	0.000010	0.896706	0.103214	0.000010	LD_0.9_10_1553
ECA2666	0.000010	0.000010	0.000010	0.000010	0.999907	0.000013	0.000010	0.000010	0.000010	0.000010	LD_0.9_10_1553
ECA2667	0.000010	0.000010	0.000010	0.000010	0.000010	0.000010	0.000010	0.000010	0.999910	0.000010	LD_0.9_10_1553
ECA2670	0.000010	0.000010	0.000010	0.000010	0.999910	0.000010	0.000010	0.000010	0.000010	0.000010	LD_0.9_10_1553
ECA276	0.000010	0.999910	0.000010	0.000010	0.000010	0.000010	0.000010	0.000010	0.000010	0.000010	LD_0.9_10_1553
ECA278	0.000010	0.000010	0.000010	0.999910	0.000010	0.000010	0.000010	0.000010	0.000010	0.000010	LD_0.9_10_1553
ECA2808	0.000010	0.000013	0.000010	0.000010	0.000010	0.000010	0.000010	0.089619	0.910298	0.000010	LD_0.9_10_1553
ECA287	0.988631	0.000010	0.000010	0.000010	0.000010	0.000010	0.000010	0.000010	0.011289	0.000010	LD_0.9_10_1553
ECA288	0.104006	0.000010	0.000010	0.000010	0.000010	0.000010	0.000010	0.671065	0.224859	0.000010	LD_0.9_10_1553
ECA2883	0.000010	0.000010	0.000010	0.000010	0.000010	0.000010	0.000010	0.000010	0.999910	0.000010	LD_0.9_10_1553
ECA2890	0.000010	0.000010	0.000010	0.000010	0.000010	0.000010	0.000010	0.000010	0.999910	0.000010	LD_0.9_10_1553
ECA2894	0.000010	0.000010	0.000010	0.000010	0.000010	0.000010	0.000010	0.102545	0.897375	0.000010	LD_0.9_10_1553
ECA2936	0.999910	0.000010	0.000010	0.000010	0.000010	0.000010	0.000010	0.000010	0.000010	0.000010	LD_0.9_10_1553
ECA2975	0.000010	0.000010	0.000010	0.000010	0.000010	0.000010	0.000010	0.000010	0.999910	0.000010	LD_0.9_10_1553
ECA3091	0.000010	0.000010	0.000010	0.000010	0.000010	0.000010	0.000010	0.000010	0.999910	0.000010	LD_0.9_10_1553
ECA343	0.000010	0.000010	0.000010	0.000010	0.000010	0.000010	0.000010	0.000010	0.999910	0.000010	LD_0.9_10_1553
ECA346	0.000013	0.000010	0.000010	0.000010	0.000010	0.000010	0.000010	0.127811	0.872106	0.000010	LD_0.9_10_1553
ECA3502	0.999910	0.000010	0.000010	0.000010	0.000010	0.000010	0.000010	0.000010	0.000010	0.000010	LD_0.9_10_1553
ECA3503	0.000010	0.000010	0.000010	0.000010	0.000010	0.000010	0.000010	0.000010	0.999910	0.000010	LD_0.9_10_1553
ECA3509	0.000010	0.000010	0.000010	0.000010	0.000010	0.000010	0.000010	0.000010	0.999910	0.000010	LD_0.9_10_1553
ECA3708	0.000010	0.000010	0.000010	0.000010	0.000010	0.000010	0.000010	0.000010	0.999910	0.000010	LD_0.9_10_1553
ECA371	0.000010	0.000010	0.000010	0.000010	0.000010	0.000010	0.000010	0.000010	0.999910	0.000010	LD_0.9_10_1553
ECA3712	0.000010	0.000010	0.000010	0.000010	0.000010	0.000010	0.000010	0.000010	0.999910	0.000010	LD_0.9_10_1553
ECA3713	0.000010	0.000010	0.000010	0.000010	0.000010	0.000010	0.000010	0.000010	0.999910	0.000010	LD_0.9_10_1553
ECA3899	0.000010	0.000010	0.000010	0.000010	0.000010	0.000010	0.000010	0.000010	0.999910	0.000010	LD_0.9_10_1553
ECA4382	0.000010	0.000010	0.000010	0.000010	0.000010	0.000010	0.000010	0.374773	0.625147	0.000010	LD_0.9_10_1553
ECA4390	0.000010	0.000010	0.000010	0.000010	0.000010	0.000010	0.000010	0.999910	0.000010	0.000010	LD_0.9_10_1553
ECA4394	0.000010	0.000010	0.000010	0.000010	0.000010	0.000010	0.000010	0.000010	0.999910	0.000010	LD_0.9_10_1553
ECA4402	0.000010	0.000010	0.000010	0.000010	0.000010	0.000012	0.000010	0.000010	0.999908	0.000010	LD_0.9_10_1553
ECA569	0.000010	0.000010	0.000010	0.999910	0.000010	0.000010	0.000010	0.000010	0.000010	0.000010	LD_0.9_10_1553
ED3032	0.000010	0.000010	0.000010	0.000010	0.000010	0.000010	0.000010	0.000010	0.999910	0.000010	LD_0.9_10_1553
ED3037	0.000010	0.000010	0.000010	0.000010	0.000010	0.000010	0.000010	0.000010	0.999910	0.000010	LD_0.9_10_1553
ED3088	0.000010	0.000010	0.000010	0.000010	0.000010	0.000010	0.000010	0.134646	0.865274	0.000010	LD_0.9_10_1553
ED3102	0.000010	0.999910	0.000010	0.000010	0.000010	0.000010	0.000010	0.000010	0.000010	0.000010	LD_0.9_10_1553
EG4360	0.000010	0.000013	0.000010	0.999907	0.000010	0.000010	0.000010	0.000010	0.000010	0.000010	LD_0.9_10_1553
EG5612	0.000010	0.000010	0.163186	0.000010	0.000010	0.000010	0.000010	0.000010	0.836734	0.000010	LD_0.9_10_1553
EG5613	0.000010	0.000010	0.000010	0.000010	0.000010	0.000010	0.035579	0.569422	0.394929	0.000010	LD_0.9_10_1553
EG6179	0.000010	0.000010	0.000010	0.000010	0.000010	0.000010	0.010197	0.085639	0.904094	0.000010	LD_0.9_10_1553
EG6260	0.000010	0.000010	0.000010	0.000010	0.000010	0.000010	0.000010	0.959486	0.040434	0.000010	LD_0.9_10_1553
EG6261	0.000010	0.000010	0.000010	0.000010	0.000010	0.000010	0.000010	0.501796	0.498124	0.000010	LD_0.9_10_1553
EG6265	0.983254	0.000010	0.000010	0.000010	0.000010	0.000010	0.000010	0.000116	0.000010	0.016561	LD_0.9_10_1553
EG6267	0.000010	0.000010	0.000010	0.000010	0.000010	0.000010	0.000010	0.416236	0.583684	0.000010	LD_0.9_10_1553
EG6271	0.000010	0.000010	0.000010	0.000010	0.000010	0.000010	0.000010	0.980312	0.019608	0.000010	LD_0.9_10_1553
EG6272	0.000010	0.000010	0.000010	0.000010	0.000010	0.000010	0.000010	0.597274	0.402646	0.000010	LD_0.9_10_1553
EG6274	0.000010	0.000010	0.000010	0.000010	0.000010	0.000010	0.000010	0.452144	0.547776	0.000010	LD_0.9_10_1553
EG6275	0.000010	0.000010	0.000010	0.000010	0.000010	0.000010	0.000010	0.444750	0.555170	0.000010	LD_0.9_10_1553
EG6276	0.000010	0.000010	0.000010	0.000010	0.000010	0.000010	0.000010	0.375336	0.624584	0.000010	LD_0.9_10_1553
EG6329	0.000010	0.000010	0.000010	0.000012	0.000010	0.000010	0.000010	0.999908	0.000010	0.000010	LD_0.9_10_1553
GUN124	0.000010	0.000010	0.000010	0.999910	0.000010	0.000010	0.000010	0.000010	0.000010	0.000010	LD_0.9_10_1553
GXW22	0.000010	0.000010	0.000010	0.000010	0.000010	0.000010	0.000010	0.000010	0.999910	0.000010	LD_0.9_10_1553
GXW23	0.000010	0.000010	0.030722	0.000010	0.000010	0.000010	0.000010	0.000010	0.969198	0.000010	LD_0.9_10_1553
HK104	0.000010	0.000010	0.000010	0.999910	0.000010	0.000010	0.000010	0.000010	0.000010	0.000010	LD_0.9_10_1553
HPT11	0.000010	0.999910	0.000010	0.000010	0.000010	0.000010	0.000010	0.000010	0.000010	0.000010	LD_0.9_10_1553
HPT16	0.000010	0.000010	0.000010	0.000010	0.000010	0.000010	0.000010	0.663145	0.336775	0.000010	LD_0.9_10_1553
HPT18	0.000010	0.999905	0.000010	0.000010	0.000010	0.000010	0.000015	0.000010	0.000010	0.000010	LD_0.9_10_1553
HPT19	0.000010	0.000010	0.000019	0.000010	0.000010	0.000010	0.000010	0.586182	0.413729	0.000010	LD_0.9_10_1553
HPT2	0.000010	0.000013	0.000010	0.000018	0.000010	0.000011	0.000010	0.689303	0.310605	0.000010	LD_0.9_10_1553
HPT21	0.000010	0.000010	0.000010	0.000010	0.000010	0.000010	0.000010	0.035792	0.964128	0.000010	LD_0.9_10_1553
HPT24	0.000010	0.999908	0.000010	0.000010	0.000010	0.000010	0.000010	0.000010	0.000012	0.000010	LD_0.9_10_1553
HPT34	0.000010	0.000010	0.000010	0.000010	0.000010	0.000010	0.000010	0.634210	0.365710	0.000010	LD_0.9_10_1553
HPT37	0.000010	0.000010	0.000010	0.000010	0.000010	0.000010	0.000010	0.535611	0.435107	0.029211	LD_0.9_10_1553
HPT4	0.000010	0.000010	0.000010	0.000010	0.000010	0.000010	0.000010	0.642858	0.357062	0.000010	LD_0.9_10_1553
HPT42	0.000010	0.000010	0.000010	0.000010	0.000010	0.000010	0.000010	0.615855	0.384065	0.000010	LD_0.9_10_1553
HPT52	0.000010	0.000010	0.000010	0.000010	0.000010	0.000010	0.422845	0.000010	0.577075	0.000010	LD_0.9_10_1553
HPT53	0.000010	0.000010	0.000010	0.000010	0.000010	0.000010	0.000010	0.000010	0.999910	0.000010	LD_0.9_10_1553
HPT54	0.000010	0.000010	0.000010	0.000010	0.000010	0.000010	0.000010	0.000010	0.999910	0.000010	LD_0.9_10_1553
HPT55	0.000010	0.000010	0.000010	0.000010	0.000010	0.000010	0.000010	0.000010	0.999910	0.000010	LD_0.9_10_1553
HPT59	0.000010	0.000010	0.000010	0.000010	0.000010	0.000010	0.000010	0.000010	0.999910	0.000010	LD_0.9_10_1553
HPT60	0.000010	0.000010	0.000010	0.000010	0.000010	0.000010	0.000010	0.000010	0.999910	0.000010	LD_0.9_10_1553
HPT62	0.000010	0.000010	0.000010	0.000010	0.000010	0.000010	0.999910	0.000010	0.000010	0.000010	LD_0.9_10_1553
HPT63	0.000010	0.000010	0.000010	0.000010	0.000010	0.000010	0.000010	0.000010	0.999910	0.000010	LD_0.9_10_1553
HPT7	0.000010	0.000010	0.000010	0.000010	0.000010	0.000010	0.000010	0.670880	0.329040	0.000010	LD_0.9_10_1553
HPT8	0.000010	0.000010	0.000010	0.000010	0.000010	0.000010	0.000010	0.633032	0.366888	0.000010	LD_0.9_10_1553
HPT9	0.000010	0.000010	0.158448	0.000010	0.000010	0.000010	0.000010	0.000010	0.841472	0.000010	LD_0.9_10_1553
JU1085	0.000010	0.000010	0.000010	0.999910	0.000010	0.000010	0.000010	0.000010	0.000010	0.000010	LD_0.9_10_1553
JU1337	0.000010	0.000010	0.000010	0.000010	0.000010	0.000010	0.042090	0.385432	0.572408	0.000010	LD_0.9_10_1553
JU1338	0.000016	0.000010	0.213275	0.000010	0.000010	0.000017	0.000010	0.000010	0.786632	0.000010	LD_0.9_10_1553
JU1341	0.000010	0.000010	0.000010	0.000010	0.999910	0.000010	0.000010	0.000010	0.000010	0.000010	LD_0.9_10_1553
JU1346	0.000010	0.000010	0.228726	0.000010	0.000010	0.000010	0.000010	0.000010	0.771194	0.000010	LD_0.9_10_1553
JU1347	0.000010	0.000010	0.000010	0.000010	0.000010	0.000010	0.000010	0.518048	0.481872	0.000010	LD_0.9_10_1553
JU1348	0.000010	0.000010	0.000010	0.000010	0.999910	0.000010	0.000010	0.000010	0.000010	0.000010	LD_0.9_10_1553
JU1375	0.000010	0.000010	0.000010	0.000010	0.000010	0.000010	0.000010	0.418485	0.581435	0.000010	LD_0.9_10_1553
JU1377	0.000010	0.000010	0.000010	0.000010	0.000010	0.000010	0.000010	0.396729	0.603191	0.000010	LD_0.9_10_1553
JU1378	0.000010	0.000010	0.000010	0.000010	0.000010	0.000010	0.000010	0.488860	0.511060	0.000010	LD_0.9_10_1553
JU1392	0.000010	0.000010	0.000010	0.000010	0.000010	0.000010	0.000010	0.472925	0.526995	0.000010	LD_0.9_10_1553
JU1399	0.000010	0.000010	0.000010	0.000010	0.000010	0.000010	0.000010	0.685402	0.170647	0.143880	LD_0.9_10_1553
JU1424	0.000010	0.000010	0.194751	0.000010	0.000010	0.000010	0.000010	0.000010	0.805169	0.000010	LD_0.9_10_1553
JU1435	0.000010	0.000010	0.000010	0.000010	0.000010	0.000010	0.000010	0.451104	0.548816	0.000010	LD_0.9_10_1553
JU1564	0.000010	0.000010	0.000010	0.999910	0.000010	0.000010	0.000010	0.000010	0.000010	0.000010	LD_0.9_10_1553
JU1637	0.000010	0.000010	0.000010	0.000010	0.000010	0.000013	0.000015	0.461318	0.538593	0.000010	LD_0.9_10_1553
JU1638	0.000010	0.000010	0.000010	0.000010	0.000010	0.000010	0.000010	0.499007	0.500913	0.000010	LD_0.9_10_1553
JU1794	0.000010	0.000010	0.000010	0.000010	0.000010	0.000010	0.020488	0.324756	0.654686	0.000010	LD_0.9_10_1553
JU1795	0.000010	0.000010	0.000010	0.000010	0.000010	0.000010	0.000010	0.161169	0.838751	0.000010	LD_0.9_10_1553
JU1799	0.000010	0.000010	0.000010	0.000010	0.000010	0.000010	0.000010	0.394891	0.605029	0.000010	LD_0.9_10_1553
JU1802	0.000010	0.000010	0.000010	0.000010	0.000010	0.000010	0.000010	0.427311	0.572609	0.000010	LD_0.9_10_1553
JU1814	0.000010	0.000010	0.000010	0.000010	0.000010	0.000010	0.000010	0.902446	0.097474	0.000010	LD_0.9_10_1553
JU1884	0.000010	0.000010	0.000010	0.000010	0.000010	0.000010	0.000010	0.055951	0.943969	0.000010	LD_0.9_10_1553
JU1885	0.000010	0.000010	0.000010	0.000010	0.000010	0.000010	0.052466	0.509816	0.437648	0.000010	LD_0.9_10_1553
JU1907	0.000010	0.000013	0.000010	0.000010	0.000010	0.000010	0.000010	0.009946	0.989971	0.000010	LD_0.9_10_1553
JU1908	0.000010	0.000010	0.000010	0.000010	0.000010	0.000010	0.000010	0.025648	0.974272	0.000010	LD_0.9_10_1553
JU1909	0.000010	0.000010	0.000010	0.000010	0.000010	0.000010	0.000010	0.000010	0.999910	0.000010	LD_0.9_10_1553
JU1913	0.000010	0.000010	0.000010	0.000010	0.000010	0.000010	0.403352	0.042201	0.554377	0.000010	LD_0.9_10_1553
JU2053	0.000010	0.000010	0.000010	0.000011	0.000010	0.000010	0.000010	0.093444	0.906475	0.000010	LD_0.9_10_1553
JU2054	0.000010	0.000010	0.000010	0.000010	0.000010	0.000010	0.000010	0.000010	0.999910	0.000010	LD_0.9_10_1553
JU2056	0.000010	0.000010	0.000010	0.000010	0.000010	0.000010	0.000010	0.000010	0.999910	0.000010	LD_0.9_10_1553
JU2057	0.000010	0.000010	0.000010	0.000010	0.000010	0.000010	0.999910	0.000010	0.000010	0.000010	LD_0.9_10_1553
JU2160	0.000010	0.000010	0.000010	0.000010	0.000010	0.000010	0.999910	0.000010	0.000010	0.000010	LD_0.9_10_1553
JU2162	0.000010	0.000010	0.000010	0.000010	0.000010	0.000010	0.999910	0.000010	0.000010	0.000010	LD_0.9_10_1553
JU2214	0.000010	0.000010	0.000010	0.000010	0.000010	0.000010	0.000010	0.082410	0.711955	0.205565	LD_0.9_10_1553
JU2216	0.999910	0.000010	0.000010	0.000010	0.000010	0.000010	0.000010	0.000010	0.000010	0.000010	LD_0.9_10_1553
JU2457	0.000010	0.000010	0.000010	0.494697	0.000010	0.000010	0.000010	0.228274	0.262136	0.014833	LD_0.9_10_1553
JU2470	0.000010	0.000010	0.000010	0.000010	0.000010	0.000010	0.999910	0.000010	0.000010	0.000010	LD_0.9_10_1553
JU2472	0.000010	0.000010	0.000010	0.000010	0.000010	0.000010	0.000010	0.571596	0.428324	0.000010	LD_0.9_10_1553
JU2507	0.000010	0.000010	0.000010	0.000010	0.000010	0.000010	0.999910	0.000010	0.000010	0.000010	LD_0.9_10_1553
JU2518	0.000010	0.000010	0.000010	0.000010	0.000010	0.000010	0.000010	0.916953	0.000010	0.082967	LD_0.9_10_1553
JU2536	0.000010	0.000010	0.000010	0.999903	0.000010	0.000010	0.000017	0.000010	0.000010	0.000010	LD_0.9_10_1553
JU2618	0.000010	0.000010	0.000010	0.000011	0.000010	0.000010	0.000010	0.380987	0.000010	0.618932	LD_0.9_10_1553
JU2799	0.000010	0.000010	0.000010	0.000010	0.000010	0.000010	0.000010	0.164374	0.835546	0.000010	LD_0.9_10_1553
JU2836	0.000010	0.000010	0.000010	0.000010	0.000010	0.000010	0.000010	0.048821	0.705595	0.245513	LD_0.9_10_1553
JU2849	0.000010	0.000010	0.160118	0.000010	0.000010	0.000010	0.000010	0.000010	0.839802	0.000010	LD_0.9_10_1553
JU2861	0.000010	0.000010	0.000010	0.000013	0.000010	0.000010	0.000010	0.028389	0.971528	0.000010	LD_0.9_10_1553
JU2868	0.000010	0.000010	0.000010	0.000010	0.000010	0.000010	0.000010	0.000010	0.999910	0.000010	LD_0.9_10_1553
JU2872	0.000010	0.000010	0.000010	0.999910	0.000010	0.000010	0.000010	0.000010	0.000010	0.000010	LD_0.9_10_1553
JU2910	0.000010	0.000010	0.000010	0.000010	0.000010	0.000010	0.048336	0.478887	0.472706	0.000010	LD_0.9_10_1553
JU3168	0.000013	0.999900	0.000013	0.000010	0.000010	0.000014	0.000010	0.000010	0.000010	0.000010	LD_0.9_10_1553
JU3171	0.000010	0.000010	0.000010	0.000010	0.000010	0.000010	0.000010	0.351052	0.648868	0.000010	LD_0.9_10_1553
JU3199	0.000010	0.000010	0.000010	0.000010	0.999910	0.000010	0.000010	0.000010	0.000010	0.000010	LD_0.9_10_1553
JU3200	0.000010	0.000010	0.000010	0.000010	0.999910	0.000010	0.000010	0.000010	0.000010	0.000010	LD_0.9_10_1553
JU3201	0.000010	0.000010	0.000010	0.000010	0.999910	0.000010	0.000010	0.000010	0.000010	0.000010	LD_0.9_10_1553
JU3202	0.000010	0.000010	0.000010	0.000010	0.999910	0.000010	0.000010	0.000010	0.000010	0.000010	LD_0.9_10_1553
JU3203	0.000010	0.000010	0.000010	0.000010	0.999910	0.000010	0.000010	0.000010	0.000010	0.000010	LD_0.9_10_1553
JU3206	0.000010	0.000010	0.000010	0.000010	0.999910	0.000010	0.000010	0.000010	0.000010	0.000010	LD_0.9_10_1553
JU3207	0.000010	0.000010	0.000010	0.000010	0.000010	0.000012	0.000010	0.000010	0.999908	0.000010	LD_0.9_10_1553
JU3237	0.000010	0.000010	0.000010	0.000010	0.000010	0.000010	0.999910	0.000010	0.000010	0.000010	LD_0.9_10_1553
JU3281	0.000010	0.000010	0.000010	0.000010	0.000010	0.000010	0.000010	0.000010	0.999910	0.000010	LD_0.9_10_1553
JU3319	0.000010	0.000010	0.026631	0.000010	0.000010	0.000016	0.000010	0.000010	0.973282	0.000010	LD_0.9_10_1553
JU3321	0.000010	0.000010	0.000010	0.000010	0.000010	0.000010	0.000010	0.000010	0.999910	0.000010	LD_0.9_10_1553
JU3326	0.000010	0.902757	0.000010	0.097163	0.000010	0.000010	0.000010	0.000010	0.000010	0.000010	LD_0.9_10_1553
JU3327	0.000010	0.000010	0.000010	0.000010	0.000010	0.000010	0.000010	0.000010	0.999910	0.000010	LD_0.9_10_1553
JU3416	0.023393	0.000010	0.000010	0.902382	0.000010	0.000010	0.000010	0.000010	0.074156	0.000010	LD_0.9_10_1553
JU4042	0.000010	0.000010	0.000010	0.000010	0.000010	0.000010	0.000010	0.000010	0.999910	0.000010	LD_0.9_10_1553
JU4051	0.000010	0.000010	0.192346	0.000010	0.000010	0.000010	0.000010	0.000010	0.807574	0.000010	LD_0.9_10_1553
JU4058	0.000010	0.000015	0.185615	0.000010	0.000010	0.000010	0.000010	0.000010	0.814300	0.000010	LD_0.9_10_1553
JU4060	0.000010	0.000010	0.210705	0.000010	0.000010	0.000010	0.000010	0.000010	0.789215	0.000010	LD_0.9_10_1553
JU4062	0.000010	0.000010	0.196023	0.000010	0.000010	0.000015	0.000010	0.000010	0.803892	0.000010	LD_0.9_10_1553
JU4064	0.000015	0.000010	0.202224	0.000010	0.000010	0.000010	0.000010	0.000010	0.797691	0.000010	LD_0.9_10_1553
JU4080	0.000010	0.000010	0.000010	0.000010	0.000010	0.000010	0.000010	0.000010	0.999910	0.000010	LD_0.9_10_1553
JU4084	0.000010	0.000010	0.224787	0.000010	0.000010	0.000010	0.000010	0.000010	0.775133	0.000010	LD_0.9_10_1553
JU4097	0.000010	0.000010	0.195326	0.000010	0.000010	0.000010	0.000010	0.000010	0.804594	0.000010	LD_0.9_10_1553
JU725	0.000010	0.000010	0.028664	0.000010	0.000010	0.000010	0.000010	0.000010	0.971256	0.000010	LD_0.9_10_1553
MY2716	0.000010	0.000010	0.000010	0.000010	0.000010	0.000010	0.000010	0.000010	0.999910	0.000010	LD_0.9_10_1553
MY539	0.000010	0.000010	0.000010	0.000010	0.000010	0.000010	0.000010	0.051314	0.948606	0.000010	LD_0.9_10_1553
NIC1050	0.000010	0.000010	0.000010	0.000010	0.000010	0.000010	0.000010	0.466482	0.000010	0.533438	LD_0.9_10_1553
NIC1052	0.000010	0.000010	0.000010	0.000010	0.000010	0.000010	0.000010	0.426329	0.000010	0.573591	LD_0.9_10_1553
NIC1054	0.000010	0.000010	0.000010	0.000010	0.000010	0.000010	0.000010	0.747106	0.000010	0.252814	LD_0.9_10_1553
NIC1055	0.000010	0.000010	0.000010	0.000010	0.000010	0.000010	0.000010	0.601849	0.000010	0.398071	LD_0.9_10_1553
NIC1057	0.000010	0.000010	0.000010	0.000010	0.000010	0.000010	0.000010	0.475404	0.000010	0.524516	LD_0.9_10_1553
NIC1058	0.000010	0.000010	0.000010	0.000010	0.000010	0.000010	0.000010	0.527016	0.000010	0.472904	LD_0.9_10_1553
NIC1059	0.000010	0.000010	0.000010	0.000010	0.000010	0.000010	0.000010	0.670797	0.000010	0.329123	LD_0.9_10_1553
NIC1060	0.000010	0.000010	0.000010	0.000010	0.000010	0.000010	0.000010	0.750497	0.000010	0.249423	LD_0.9_10_1553
NIC1062	0.000010	0.000010	0.000010	0.000010	0.000010	0.000010	0.000010	0.646088	0.166474	0.187367	LD_0.9_10_1553
NIC1069	0.000010	0.000010	0.000010	0.000010	0.000010	0.000010	0.000010	0.653744	0.346176	0.000010	LD_0.9_10_1553
NIC1103	0.000010	0.000010	0.000010	0.000010	0.000010	0.000010	0.000010	0.368739	0.070111	0.561080	LD_0.9_10_1553
NIC1104	0.000010	0.000010	0.000010	0.000010	0.000010	0.000010	0.000010	0.360196	0.588643	0.051091	LD_0.9_10_1553
NIC1106	0.000010	0.000010	0.000010	0.000010	0.000010	0.000010	0.000010	0.234564	0.415287	0.350079	LD_0.9_10_1553
NIC1117	0.000010	0.000010	0.000010	0.000010	0.000010	0.000010	0.000010	0.000010	0.999910	0.000010	LD_0.9_10_1553
NIC1123	0.000010	0.000010	0.216397	0.000010	0.000010	0.000010	0.000010	0.000010	0.783523	0.000010	LD_0.9_10_1553
NIC1124	0.000010	0.000010	0.000010	0.000010	0.000010	0.000010	0.000010	0.937505	0.000010	0.062415	LD_0.9_10_1553
NIC1135	0.000010	0.000010	0.000010	0.000010	0.000010	0.000010	0.000010	0.888779	0.000010	0.111141	LD_0.9_10_1553
NIC1138	0.000010	0.000010	0.000010	0.000010	0.000010	0.000010	0.000010	0.918335	0.000010	0.081585	LD_0.9_10_1553
NIC1141	0.000010	0.000010	0.000010	0.000010	0.000010	0.000010	0.000010	0.931353	0.000010	0.068567	LD_0.9_10_1553
NIC115	0.000010	0.000010	0.000010	0.000010	0.000010	0.000010	0.000010	0.999910	0.000010	0.000010	LD_0.9_10_1553
NIC117	0.000010	0.000010	0.000010	0.000010	0.000010	0.000010	0.000010	0.999910	0.000010	0.000010	LD_0.9_10_1553
NIC1183	0.000010	0.000010	0.000010	0.000010	0.000010	0.000010	0.000010	0.912779	0.000010	0.087141	LD_0.9_10_1553
NIC119	0.000010	0.000010	0.000010	0.000010	0.000010	0.000010	0.000010	0.999910	0.000010	0.000010	LD_0.9_10_1553
NIC1190	0.000010	0.000010	0.000010	0.000010	0.000010	0.000010	0.000010	0.991716	0.000010	0.008204	LD_0.9_10_1553
NIC1202	0.000010	0.000010	0.000010	0.000010	0.000010	0.000010	0.000010	0.000010	0.999910	0.000010	LD_0.9_10_1553
NIC1204	0.000011	0.000010	0.000010	0.000010	0.000010	0.000010	0.000010	0.009080	0.990838	0.000010	LD_0.9_10_1553
NIC1205	0.999910	0.000010	0.000010	0.000010	0.000010	0.000010	0.000010	0.000010	0.000010	0.000010	LD_0.9_10_1553
NIC1218	0.000010	0.000010	0.000010	0.000010	0.000010	0.000010	0.000010	0.000010	0.999910	0.000010	LD_0.9_10_1553
NIC1220	0.999910	0.000010	0.000010	0.000010	0.000010	0.000010	0.000010	0.000010	0.000010	0.000010	LD_0.9_10_1553
NIC1221	0.000012	0.000010	0.000010	0.000010	0.000010	0.000010	0.022421	0.000010	0.977497	0.000010	LD_0.9_10_1553
NIC123	0.000010	0.000010	0.000010	0.000010	0.000010	0.000010	0.000010	0.999910	0.000010	0.000010	LD_0.9_10_1553
NIC1267	0.000010	0.000010	0.000010	0.000010	0.000010	0.000010	0.000010	0.928824	0.071096	0.000010	LD_0.9_10_1553
NIC1283	0.000010	0.000010	0.000010	0.000010	0.000010	0.000010	0.000010	0.974123	0.000010	0.025797	LD_0.9_10_1553
NIC1288	0.000010	0.000010	0.019372	0.000010	0.000010	0.000010	0.000010	0.713626	0.000010	0.266932	LD_0.9_10_1553
NIC1292	0.000010	0.000010	0.000010	0.000010	0.000010	0.000010	0.000010	0.864324	0.000010	0.135596	LD_0.9_10_1553
NIC1302	0.000010	0.000010	0.000010	0.000010	0.000010	0.000010	0.000010	0.966663	0.000010	0.033257	LD_0.9_10_1553
NIC1304	0.000012	0.000010	0.000010	0.000010	0.000010	0.000010	0.000010	0.870475	0.000010	0.129443	LD_0.9_10_1553
NIC1308	0.000010	0.000010	0.093438	0.000010	0.000010	0.000010	0.000010	0.514015	0.392477	0.000010	LD_0.9_10_1553
NIC1407	0.000010	0.000010	0.000010	0.000017	0.000010	0.000010	0.000010	0.870567	0.000010	0.129346	LD_0.9_10_1553
NIC1421	0.000010	0.000010	0.000010	0.000010	0.000010	0.000010	0.000010	0.820462	0.000010	0.179458	LD_0.9_10_1553
NIC1423	0.000010	0.000010	0.000010	0.000010	0.000010	0.000010	0.000010	0.722662	0.000010	0.277258	LD_0.9_10_1553
NIC1442	0.000010	0.000010	0.000010	0.000010	0.000010	0.000010	0.000010	0.976688	0.000010	0.023232	LD_0.9_10_1553
NIC1491	0.000010	0.000010	0.000010	0.000010	0.000010	0.000010	0.000010	0.976859	0.000010	0.023061	LD_0.9_10_1553
NIC1525	0.000010	0.000010	0.000018	0.000010	0.000010	0.000010	0.000010	0.555149	0.444763	0.000010	LD_0.9_10_1553
NIC1528	0.000010	0.000010	0.000010	0.000010	0.000010	0.000015	0.000010	0.647134	0.352781	0.000010	LD_0.9_10_1553
NIC1529	0.000010	0.000010	0.000010	0.000010	0.000010	0.000010	0.000010	0.550267	0.449653	0.000010	LD_0.9_10_1553
NIC1533	0.000010	0.000010	0.000010	0.000010	0.000010	0.000010	0.000010	0.523615	0.476305	0.000010	LD_0.9_10_1553
NIC1535	0.000010	0.000010	0.000010	0.000010	0.000010	0.000010	0.000010	0.553894	0.446026	0.000010	LD_0.9_10_1553
NIC1539	0.999910	0.000010	0.000010	0.000010	0.000010	0.000010	0.000010	0.000010	0.000010	0.000010	LD_0.9_10_1553
NIC1540	0.000010	0.000010	0.000010	0.000010	0.000010	0.999901	0.000010	0.000010	0.000019	0.000010	LD_0.9_10_1553
NIC1562	0.999910	0.000010	0.000010	0.000010	0.000010	0.000010	0.000010	0.000010	0.000010	0.000010	LD_0.9_10_1553
NIC1589	0.000010	0.000010	0.000010	0.000010	0.000010	0.999910	0.000010	0.000010	0.000010	0.000010	LD_0.9_10_1553
NIC1590	0.999910	0.000010	0.000010	0.000010	0.000010	0.000010	0.000010	0.000010	0.000010	0.000010	LD_0.9_10_1553
NIC1591	0.000010	0.000010	0.000010	0.000010	0.000010	0.999910	0.000010	0.000010	0.000010	0.000010	LD_0.9_10_1553
NIC1593	0.000010	0.000010	0.000010	0.000010	0.000010	0.999904	0.000010	0.000010	0.000016	0.000010	LD_0.9_10_1553
NIC1595	0.999896	0.000020	0.000012	0.000010	0.000010	0.000010	0.000010	0.000011	0.000010	0.000010	LD_0.9_10_1553
NIC1598	0.987553	0.000010	0.000010	0.000010	0.000010	0.000010	0.000010	0.000010	0.012367	0.000010	LD_0.9_10_1553
NIC1602	0.999910	0.000010	0.000010	0.000010	0.000010	0.000010	0.000010	0.000010	0.000010	0.000010	LD_0.9_10_1553
NIC1607	0.000010	0.000010	0.999910	0.000010	0.000010	0.000010	0.000010	0.000010	0.000010	0.000010	LD_0.9_10_1553
NIC1628	0.000010	0.000010	0.000010	0.000010	0.000010	0.000010	0.000010	0.000010	0.999910	0.000010	LD_0.9_10_1553
NIC1630	0.999910	0.000010	0.000010	0.000010	0.000010	0.000010	0.000010	0.000010	0.000010	0.000010	LD_0.9_10_1553
NIC1631	0.999910	0.000010	0.000010	0.000010	0.000010	0.000010	0.000010	0.000010	0.000010	0.000010	LD_0.9_10_1553
NIC1632	0.000011	0.000010	0.000010	0.999909	0.000010	0.000010	0.000010	0.000010	0.000010	0.000010	LD_0.9_10_1553
NIC1633	0.000010	0.000010	0.000010	0.999908	0.000012	0.000010	0.000010	0.000010	0.000010	0.000010	LD_0.9_10_1553
NIC1635	0.000010	0.000010	0.000010	0.999910	0.000010	0.000010	0.000010	0.000010	0.000010	0.000010	LD_0.9_10_1553
NIC1645	0.999910	0.000010	0.000010	0.000010	0.000010	0.000010	0.000010	0.000010	0.000010	0.000010	LD_0.9_10_1553
NIC1660	0.999901	0.000010	0.000019	0.000010	0.000010	0.000010	0.000010	0.000010	0.000010	0.000010	LD_0.9_10_1553
NIC1661	0.999904	0.000010	0.000010	0.000014	0.000012	0.000010	0.000010	0.000010	0.000010	0.000010	LD_0.9_10_1553
NIC1662	0.999910	0.000010	0.000010	0.000010	0.000010	0.000010	0.000010	0.000010	0.000010	0.000010	LD_0.9_10_1553
NIC1663	0.999910	0.000010	0.000010	0.000010	0.000010	0.000010	0.000010	0.000010	0.000010	0.000010	LD_0.9_10_1553
NIC1664	0.000010	0.000010	0.000010	0.000010	0.000010	0.999910	0.000010	0.000010	0.000010	0.000010	LD_0.9_10_1553
NIC1665	0.000015	0.000010	0.000010	0.000016	0.000010	0.999887	0.000010	0.000018	0.000013	0.000010	LD_0.9_10_1553
NIC1666	0.999909	0.000010	0.000010	0.000010	0.000010	0.000010	0.000010	0.000010	0.000011	0.000010	LD_0.9_10_1553
NIC1667	0.999910	0.000010	0.000010	0.000010	0.000010	0.000010	0.000010	0.000010	0.000010	0.000010	LD_0.9_10_1553
NIC1681	0.999910	0.000010	0.000010	0.000010	0.000010	0.000010	0.000010	0.000010	0.000010	0.000010	LD_0.9_10_1553
NIC1688	0.000010	0.000010	0.000010	0.000010	0.000010	0.000010	0.000010	0.000010	0.999910	0.000010	LD_0.9_10_1553
NIC1692	0.999910	0.000010	0.000010	0.000010	0.000010	0.000010	0.000010	0.000010	0.000010	0.000010	LD_0.9_10_1553
NIC1693	0.999910	0.000010	0.000010	0.000010	0.000010	0.000010	0.000010	0.000010	0.000010	0.000010	LD_0.9_10_1553
NIC17	0.000010	0.000010	0.000010	0.000010	0.000010	0.000010	0.000010	0.406857	0.593063	0.000010	LD_0.9_10_1553
NIC174	0.000010	0.000010	0.000010	0.999910	0.000010	0.000010	0.000010	0.000010	0.000010	0.000010	LD_0.9_10_1553
NIC187	0.000010	0.000010	0.000010	0.000010	0.000010	0.000010	0.000010	0.999910	0.000010	0.000010	LD_0.9_10_1553
NIC188	0.000015	0.000012	0.000012	0.000013	0.000010	0.000018	0.000010	0.999891	0.000010	0.000010	LD_0.9_10_1553
NIC19	0.000010	0.000010	0.000010	0.000010	0.000010	0.999910	0.000010	0.000010	0.000010	0.000010	LD_0.9_10_1553
NIC191	0.000010	0.000010	0.000010	0.000010	0.000010	0.000010	0.000010	0.999910	0.000010	0.000010	LD_0.9_10_1553
NIC20	0.000010	0.000010	0.000010	0.000010	0.000010	0.999905	0.000010	0.000010	0.000015	0.000010	LD_0.9_10_1553
NIC21	0.000010	0.000010	0.000010	0.000010	0.000010	0.999901	0.000010	0.000010	0.000019	0.000010	LD_0.9_10_1553
NIC22	0.000010	0.000010	0.000010	0.000010	0.000010	0.999901	0.000010	0.000010	0.000019	0.000010	LD_0.9_10_1553
NIC2369	0.000010	0.000010	0.160462	0.000010	0.000010	0.000010	0.000010	0.118079	0.721389	0.000010	LD_0.9_10_1553
NIC248	0.000010	0.000010	0.000010	0.000010	0.000010	0.000010	0.000010	0.999910	0.000010	0.000010	LD_0.9_10_1553
NIC250	0.000010	0.000010	0.000010	0.000010	0.000010	0.000010	0.000010	0.999910	0.000010	0.000010	LD_0.9_10_1553
NIC2527	0.000010	0.000010	0.000010	0.000010	0.000010	0.000010	0.000010	0.000010	0.999910	0.000010	LD_0.9_10_1553
NIC309	0.000010	0.000010	0.000010	0.000010	0.000010	0.000010	0.000013	0.952031	0.000010	0.047887	LD_0.9_10_1553
NIC325	0.000010	0.000010	0.000010	0.000010	0.000010	0.000010	0.000012	0.954156	0.000010	0.045762	LD_0.9_10_1553
NIC327	0.000010	0.000010	0.000010	0.000010	0.000010	0.000010	0.000010	0.692854	0.000010	0.307066	LD_0.9_10_1553
NIC329	0.000010	0.000010	0.000010	0.000010	0.000010	0.000010	0.000010	0.824211	0.000010	0.175709	LD_0.9_10_1553
NIC330	0.000010	0.000010	0.000010	0.000013	0.000010	0.000010	0.000010	0.851550	0.000010	0.148366	LD_0.9_10_1553
NIC331	0.000013	0.000010	0.000010	0.000010	0.000010	0.000010	0.000010	0.806932	0.000010	0.192985	LD_0.9_10_1553
NIC332	0.000010	0.000010	0.000010	0.000010	0.000010	0.000010	0.000010	0.700177	0.000010	0.299743	LD_0.9_10_1553
NIC333	0.000010	0.000010	0.000010	0.000010	0.000010	0.000010	0.000010	0.870691	0.000010	0.129229	LD_0.9_10_1553
NIC343	0.000010	0.000010	0.000010	0.000010	0.000010	0.000010	0.000010	0.000010	0.999910	0.000010	LD_0.9_10_1553
NIC392	0.000010	0.000010	0.000010	0.000010	0.000010	0.000010	0.000010	0.871363	0.128557	0.000010	LD_0.9_10_1553
NIC400	0.000010	0.000010	0.000010	0.000010	0.000010	0.000010	0.000010	0.724450	0.000010	0.275470	LD_0.9_10_1553
NIC402	0.000010	0.000010	0.000010	0.000010	0.000010	0.000010	0.000010	0.718566	0.000010	0.281354	LD_0.9_10_1553
NIC419	0.000010	0.000010	0.151548	0.000010	0.000010	0.000010	0.000010	0.108211	0.740171	0.000010	LD_0.9_10_1553
NIC504	0.999910	0.000010	0.000010	0.000010	0.000010	0.000010	0.000010	0.000010	0.000010	0.000010	LD_0.9_10_1553
NIC505	0.999910	0.000010	0.000010	0.000010	0.000010	0.000010	0.000010	0.000010	0.000010	0.000010	LD_0.9_10_1553
NIC518	0.999910	0.000010	0.000010	0.000010	0.000010	0.000010	0.000010	0.000010	0.000010	0.000010	LD_0.9_10_1553
NIC519	0.999910	0.000010	0.000010	0.000010	0.000010	0.000010	0.000010	0.000010	0.000010	0.000010	LD_0.9_10_1553
NIC532	0.000010	0.000010	0.000010	0.000010	0.000010	0.000010	0.000010	0.999910	0.000010	0.000010	LD_0.9_10_1553
NIC541	0.000010	0.000010	0.000010	0.000010	0.000010	0.000010	0.295039	0.561566	0.000010	0.143325	LD_0.9_10_1553
NIC549	0.000010	0.000010	0.000010	0.000010	0.000010	0.000010	0.000010	0.927266	0.072654	0.000010	LD_0.9_10_1553
NIC552	0.000010	0.000010	0.000010	0.000010	0.000010	0.000010	0.000010	0.801956	0.197964	0.000010	LD_0.9_10_1553
NIC555	0.000010	0.000010	0.000010	0.000010	0.000010	0.000010	0.000010	0.885065	0.000010	0.114855	LD_0.9_10_1553
NIC574	0.000010	0.000010	0.000010	0.000010	0.000010	0.000010	0.000010	0.999910	0.000010	0.000010	LD_0.9_10_1553
NIC578	0.000010	0.000010	0.000010	0.000010	0.000010	0.000010	0.000010	0.999910	0.000010	0.000010	LD_0.9_10_1553
NIC583	0.000010	0.000010	0.000010	0.000010	0.000010	0.000010	0.000010	0.986686	0.000010	0.013234	LD_0.9_10_1553
NIC590	0.000010	0.000010	0.000010	0.000010	0.000010	0.000010	0.115018	0.884902	0.000010	0.000010	LD_0.9_10_1553
NIC593	0.000010	0.000010	0.000010	0.000010	0.000010	0.000010	0.000010	0.999910	0.000010	0.000010	LD_0.9_10_1553
NIC60	0.000010	0.000010	0.000010	0.000010	0.000010	0.000010	0.000010	0.999910	0.000010	0.000010	LD_0.9_10_1553
NIC61	0.000010	0.000010	0.000010	0.000010	0.000010	0.000010	0.000010	0.746453	0.253467	0.000010	LD_0.9_10_1553
NIC62	0.000010	0.000010	0.000010	0.000010	0.000010	0.000010	0.000010	0.999910	0.000010	0.000010	LD_0.9_10_1553
NIC67	0.000010	0.000010	0.181102	0.000010	0.000010	0.000010	0.000010	0.000010	0.818818	0.000010	LD_0.9_10_1553
NIC758	0.000010	0.000010	0.000010	0.000010	0.000010	0.000010	0.120199	0.879721	0.000010	0.000010	LD_0.9_10_1553
NIC777	0.000010	0.000010	0.000010	0.000010	0.000010	0.000010	0.000010	0.882303	0.000010	0.117617	LD_0.9_10_1553
NIC779	0.999910	0.000010	0.000010	0.000010	0.000010	0.000010	0.000010	0.000010	0.000010	0.000010	LD_0.9_10_1553
NIC790	0.000010	0.000010	0.000010	0.000010	0.000010	0.000010	0.000010	0.000010	0.999910	0.000010	LD_0.9_10_1553
NIC791	0.000010	0.000010	0.000010	0.000010	0.000010	0.000010	0.914498	0.000010	0.085422	0.000010	LD_0.9_10_1553
NIC792	0.000010	0.000010	0.000010	0.000013	0.000010	0.000010	0.308399	0.000010	0.691518	0.000010	LD_0.9_10_1553
NIC793	0.000010	0.000010	0.000010	0.000010	0.000010	0.000010	0.000010	0.000010	0.999910	0.000010	LD_0.9_10_1553
NIC795	0.000010	0.000010	0.000010	0.000010	0.000010	0.000010	0.000010	0.000010	0.999910	0.000010	LD_0.9_10_1553
NIC796	0.000010	0.000010	0.000010	0.000010	0.000010	0.007914	0.000010	0.000010	0.992006	0.000010	LD_0.9_10_1553
NIC802	0.000010	0.000010	0.000010	0.000010	0.000010	0.000010	0.000010	0.000010	0.999910	0.000010	LD_0.9_10_1553
NIC803	0.000010	0.000010	0.000010	0.000010	0.000010	0.000010	0.000010	0.079571	0.920349	0.000010	LD_0.9_10_1553
NIC805	0.999908	0.000010	0.000012	0.000010	0.000010	0.000010	0.000010	0.000010	0.000010	0.000010	LD_0.9_10_1553
NIC811	0.000010	0.000010	0.000010	0.000010	0.000010	0.000010	0.019697	0.000010	0.980223	0.000010	LD_0.9_10_1553
NIC814	0.999910	0.000010	0.000010	0.000010	0.000010	0.000010	0.000010	0.000010	0.000010	0.000010	LD_0.9_10_1553
NIC815	0.999910	0.000010	0.000010	0.000010	0.000010	0.000010	0.000010	0.000010	0.000010	0.000010	LD_0.9_10_1553
NIC816	0.000010	0.000010	0.000010	0.000010	0.000010	0.999910	0.000010	0.000010	0.000010	0.000010	LD_0.9_10_1553
NIC819	0.000010	0.000010	0.999910	0.000010	0.000010	0.000010	0.000010	0.000010	0.000010	0.000010	LD_0.9_10_1553
NIC821	0.000010	0.000010	0.000010	0.000010	0.000010	0.000010	0.000010	0.096980	0.902940	0.000010	LD_0.9_10_1553
NIC822	0.999910	0.000010	0.000010	0.000010	0.000010	0.000010	0.000010	0.000010	0.000010	0.000010	LD_0.9_10_1553
NIC824	0.999893	0.000010	0.000010	0.000018	0.000017	0.000010	0.000011	0.000010	0.000010	0.000010	LD_0.9_10_1553
NIC825	0.000010	0.000010	0.000010	0.000010	0.000010	0.999910	0.000010	0.000010	0.000010	0.000010	LD_0.9_10_1553
NIC827	0.000017	0.000010	0.000010	0.000010	0.000010	0.999897	0.000010	0.000010	0.000016	0.000010	LD_0.9_10_1553
NIC828	0.000010	0.000010	0.000010	0.000010	0.000010	0.999910	0.000010	0.000010	0.000010	0.000010	LD_0.9_10_1553
NIC863	0.999910	0.000010	0.000010	0.000010	0.000010	0.000010	0.000010	0.000010	0.000010	0.000010	LD_0.9_10_1553
NIC864	0.999910	0.000010	0.000010	0.000010	0.000010	0.000010	0.000010	0.000010	0.000010	0.000010	LD_0.9_10_1553
NIC865	0.999901	0.000010	0.000010	0.000014	0.000010	0.000010	0.000015	0.000010	0.000010	0.000010	LD_0.9_10_1553
NIC871	0.000010	0.000010	0.000010	0.000010	0.000010	0.000010	0.000010	0.000010	0.999910	0.000010	LD_0.9_10_1553
NIC883	0.000010	0.000010	0.000010	0.000010	0.000010	0.000010	0.000010	0.000010	0.999910	0.000010	LD_0.9_10_1553
NIC889	0.999908	0.000010	0.000010	0.000010	0.000012	0.000010	0.000010	0.000010	0.000010	0.000010	LD_0.9_10_1553
NIC893	0.000010	0.999910	0.000010	0.000010	0.000010	0.000010	0.000010	0.000010	0.000010	0.000010	LD_0.9_10_1553
NIC897	0.999910	0.000010	0.000010	0.000010	0.000010	0.000010	0.000010	0.000010	0.000010	0.000010	LD_0.9_10_1553
NIC899	0.000010	0.000010	0.000010	0.999902	0.000010	0.000010	0.000010	0.000018	0.000010	0.000010	LD_0.9_10_1553
NIC901	0.000010	0.000010	0.000010	0.000010	0.000010	0.000010	0.000010	0.356747	0.643173	0.000010	LD_0.9_10_1553
NIC911	0.000010	0.000010	0.000010	0.000010	0.000010	0.000010	0.000010	0.465713	0.534207	0.000010	LD_0.9_10_1553
NIC96	0.000010	0.000010	0.000010	0.000010	0.000010	0.000010	0.000010	0.975334	0.000010	0.024586	LD_0.9_10_1553
NIC984	0.000010	0.000010	0.000010	0.000010	0.000010	0.000010	0.000010	0.340677	0.659243	0.000010	LD_0.9_10_1553
NIC985	0.000010	0.000010	0.022957	0.000010	0.000010	0.000010	0.000010	0.341028	0.635945	0.000010	LD_0.9_10_1553
PB800	0.000010	0.000010	0.000010	0.999901	0.000010	0.000019	0.000010	0.000010	0.000010	0.000010	LD_0.9_10_1553
PB857	0.000010	0.000010	0.000010	0.999910	0.000010	0.000010	0.000010	0.000010	0.000010	0.000010	LD_0.9_10_1553
PE887	0.000013	0.000010	0.000015	0.000010	0.000010	0.000010	0.000010	0.191473	0.808440	0.000010	LD_0.9_10_1553
QG1005	0.000010	0.000010	0.000010	0.000010	0.000010	0.000010	0.000010	0.018836	0.028506	0.952589	LD_0.9_10_1553
QG1007	0.000010	0.000010	0.000010	0.000010	0.000010	0.000010	0.000010	0.000010	0.000010	0.999910	LD_0.9_10_1553
QG1111	0.000010	0.000010	0.000010	0.000010	0.000010	0.000010	0.000010	0.000010	0.000010	0.999910	LD_0.9_10_1553
QG1126	0.000010	0.000010	0.000010	0.000010	0.000010	0.000010	0.000010	0.000010	0.000010	0.999910	LD_0.9_10_1553
QG1141	0.000010	0.000010	0.000010	0.000010	0.000010	0.000010	0.000010	0.000010	0.000010	0.999910	LD_0.9_10_1553
QG1155	0.000010	0.000010	0.000010	0.000010	0.000010	0.000010	0.000010	0.000010	0.005801	0.994119	LD_0.9_10_1553
QG130	0.000010	0.000010	0.000010	0.000010	0.000010	0.000010	0.000010	0.000010	0.999910	0.000010	LD_0.9_10_1553
QG132	0.000010	0.000010	0.000010	0.000010	0.000010	0.000010	0.000019	0.094592	0.905319	0.000010	LD_0.9_10_1553
QG133	0.976672	0.000010	0.000010	0.000010	0.000010	0.000010	0.000010	0.000010	0.023248	0.000010	LD_0.9_10_1553
QG2641	0.000010	0.000010	0.000010	0.000010	0.000010	0.000010	0.000010	0.000010	0.000010	0.999910	LD_0.9_10_1553
QG2648	0.000010	0.000010	0.000010	0.000010	0.000010	0.000010	0.000010	0.000010	0.000010	0.999910	LD_0.9_10_1553
QG2659	0.000010	0.000010	0.000010	0.000010	0.000010	0.000010	0.000010	0.000010	0.000010	0.999910	LD_0.9_10_1553
QG2663	0.000010	0.000010	0.000010	0.000010	0.000010	0.000010	0.000010	0.000010	0.000010	0.999910	LD_0.9_10_1553
QG2665	0.000010	0.000010	0.000010	0.000010	0.000010	0.000010	0.000013	0.000010	0.000010	0.999907	LD_0.9_10_1553
QG2683	0.000010	0.000010	0.000010	0.000010	0.000010	0.000010	0.000010	0.000010	0.000010	0.999910	LD_0.9_10_1553
QG2736	0.000010	0.000010	0.000010	0.000010	0.000010	0.000010	0.000010	0.000010	0.000010	0.999910	LD_0.9_10_1553
QG2814	0.000010	0.000010	0.000010	0.000010	0.000010	0.000010	0.000010	0.000010	0.999910	0.000010	LD_0.9_10_1553
QG2820	0.000010	0.000010	0.000010	0.000010	0.000010	0.000010	0.000010	0.000010	0.999910	0.000010	LD_0.9_10_1553
QG2848	0.000010	0.000010	0.000010	0.000010	0.000010	0.000010	0.000010	0.000010	0.999910	0.000010	LD_0.9_10_1553
QG2880	0.000010	0.000010	0.000010	0.000010	0.000010	0.000010	0.999910	0.000010	0.000010	0.000010	LD_0.9_10_1553
QG2881	0.000010	0.000010	0.000010	0.000010	0.000010	0.000010	0.000010	0.000010	0.999910	0.000010	LD_0.9_10_1553
QG2883	0.000010	0.000010	0.000010	0.000010	0.000010	0.000010	0.000010	0.000010	0.999910	0.000010	LD_0.9_10_1553
QG2884	0.000010	0.000010	0.000010	0.000010	0.000010	0.000010	0.999910	0.000010	0.000010	0.000010	LD_0.9_10_1553
QG2891	0.000014	0.000010	0.000010	0.000010	0.999906	0.000010	0.000010	0.000010	0.000010	0.000010	LD_0.9_10_1553
QG2892	0.000010	0.000010	0.000010	0.000010	0.000010	0.000010	0.999910	0.000010	0.000010	0.000010	LD_0.9_10_1553
QG2893	0.000010	0.000010	0.000010	0.000010	0.999910	0.000010	0.000010	0.000010	0.000010	0.000010	LD_0.9_10_1553
QG2895	0.000010	0.000010	0.000010	0.000010	0.000010	0.000010	0.999910	0.000010	0.000010	0.000010	LD_0.9_10_1553
QG2902	0.000010	0.000010	0.000010	0.000010	0.000010	0.000010	0.999907	0.000010	0.000013	0.000010	LD_0.9_10_1553
QG2903	0.000011	0.000010	0.000010	0.000010	0.000010	0.000010	0.999909	0.000010	0.000010	0.000010	LD_0.9_10_1553
QG2906	0.000010	0.000010	0.000010	0.000010	0.000010	0.000010	0.999910	0.000010	0.000010	0.000010	LD_0.9_10_1553
QG2908	0.000010	0.000010	0.000010	0.000010	0.999910	0.000010	0.000010	0.000010	0.000010	0.000010	LD_0.9_10_1553
QG2910	0.000010	0.000010	0.000010	0.000010	0.000010	0.000010	0.000010	0.031314	0.968606	0.000010	LD_0.9_10_1553
QG2919	0.000010	0.000013	0.000010	0.000010	0.999907	0.000010	0.000010	0.000010	0.000010	0.000010	LD_0.9_10_1553
QG2923	0.000010	0.000010	0.000010	0.000010	0.000010	0.000010	0.999910	0.000010	0.000010	0.000010	LD_0.9_10_1553
QG2925	0.000010	0.000010	0.000010	0.000010	0.000010	0.000010	0.999910	0.000010	0.000010	0.000010	LD_0.9_10_1553
QG2964	0.000010	0.000010	0.000010	0.000010	0.000010	0.000010	0.000010	0.000010	0.000010	0.999910	LD_0.9_10_1553
QG2966	0.000010	0.000010	0.000010	0.000010	0.000010	0.000010	0.000010	0.110399	0.270439	0.619092	LD_0.9_10_1553
QG2969	0.000010	0.000010	0.000010	0.000010	0.000010	0.000010	0.000010	0.000010	0.000010	0.999910	LD_0.9_10_1553
QG2972	0.000010	0.000010	0.000010	0.000010	0.000010	0.000010	0.000010	0.000010	0.000010	0.999910	LD_0.9_10_1553
QG2996	0.000010	0.000010	0.000010	0.000010	0.000010	0.000010	0.000010	0.000010	0.000010	0.999910	LD_0.9_10_1553
QG3004	0.000010	0.000010	0.000010	0.000010	0.000010	0.000010	0.000010	0.110146	0.095776	0.794008	LD_0.9_10_1553
QG3006	0.000010	0.000010	0.000010	0.000010	0.000010	0.000010	0.000010	0.000010	0.000010	0.999910	LD_0.9_10_1553
QG3019	0.000010	0.000010	0.000010	0.000010	0.000010	0.000010	0.000010	0.123577	0.000010	0.876343	LD_0.9_10_1553
QG3025	0.000010	0.000010	0.000010	0.000014	0.000010	0.000010	0.000010	0.000010	0.000010	0.999906	LD_0.9_10_1553
QG3030	0.000010	0.000010	0.000010	0.000012	0.000015	0.000010	0.000010	0.000010	0.000010	0.999903	LD_0.9_10_1553
QG3032	0.000010	0.000010	0.000010	0.000010	0.000010	0.000010	0.000010	0.222064	0.000010	0.777856	LD_0.9_10_1553
QG3034	0.000010	0.000010	0.000010	0.000013	0.000014	0.000010	0.000010	0.000010	0.000010	0.999903	LD_0.9_10_1553
QG3041	0.000010	0.000010	0.000010	0.000010	0.000010	0.000010	0.000010	0.000010	0.000010	0.999910	LD_0.9_10_1553
QG3053	0.000010	0.000010	0.000010	0.000010	0.000010	0.000010	0.000010	0.596152	0.403768	0.000010	LD_0.9_10_1553
QG3056	0.000010	0.000010	0.000010	0.000010	0.000010	0.000010	0.000010	0.114027	0.272566	0.613337	LD_0.9_10_1553
QG3057	0.000010	0.000010	0.000010	0.000010	0.000010	0.000010	0.000010	0.000010	0.000010	0.999910	LD_0.9_10_1553
QG3058	0.000010	0.000010	0.000010	0.000010	0.000010	0.000010	0.000010	0.061100	0.001717	0.937113	LD_0.9_10_1553
QG3527	0.000010	0.000010	0.000010	0.000010	0.000010	0.000010	0.000010	0.742170	0.133377	0.124383	LD_0.9_10_1553
QG3661	0.000010	0.000010	0.000010	0.999910	0.000010	0.000010	0.000010	0.000010	0.000010	0.000010	LD_0.9_10_1553
QG3783	0.000010	0.000012	0.000010	0.000010	0.000010	0.000010	0.000010	0.670771	0.274015	0.055142	LD_0.9_10_1553
QG3801	0.000010	0.000010	0.000010	0.000010	0.000010	0.000010	0.000010	0.085187	0.004783	0.909960	LD_0.9_10_1553
QG3815	0.000010	0.000010	0.000010	0.000010	0.000010	0.000010	0.000010	0.926749	0.073171	0.000010	LD_0.9_10_1553
QG3816	0.000010	0.000010	0.000010	0.000010	0.000010	0.000010	0.000010	0.705355	0.250120	0.044455	LD_0.9_10_1553
QG3823	0.000010	0.000010	0.000010	0.000010	0.000010	0.000010	0.005955	0.075003	0.023780	0.895202	LD_0.9_10_1553
QG3825	0.000010	0.000010	0.000010	0.000010	0.000010	0.000010	0.000010	0.801727	0.198193	0.000010	LD_0.9_10_1553
QG3826	0.000010	0.000010	0.000010	0.000010	0.000010	0.000010	0.000010	0.753867	0.178480	0.067583	LD_0.9_10_1553
QG3837	0.000010	0.000010	0.000010	0.000010	0.000010	0.000010	0.000010	0.857409	0.142511	0.000010	LD_0.9_10_1553
QG3851	0.000010	0.000010	0.000010	0.000013	0.000010	0.000010	0.000010	0.686567	0.249396	0.063964	LD_0.9_10_1553
QG3861	0.000010	0.000010	0.000010	0.000010	0.000010	0.000010	0.000010	0.804609	0.171465	0.023856	LD_0.9_10_1553
QG3867	0.000010	0.000010	0.000010	0.000010	0.000010	0.000010	0.000010	0.125297	0.000010	0.874623	LD_0.9_10_1553
QG3874	0.000010	0.000010	0.000010	0.000010	0.000010	0.000010	0.000010	0.700542	0.299378	0.000010	LD_0.9_10_1553
QG3875	0.000010	0.000010	0.000010	0.000010	0.000010	0.000010	0.000010	0.999910	0.000010	0.000010	LD_0.9_10_1553
QG3876	0.000010	0.000010	0.000010	0.000010	0.000010	0.000010	0.000010	0.728077	0.215599	0.056254	LD_0.9_10_1553
QG3878	0.000010	0.000010	0.000010	0.000010	0.000010	0.000010	0.000010	0.999910	0.000010	0.000010	LD_0.9_10_1553
QG3920	0.000010	0.000010	0.000010	0.000010	0.000010	0.000010	0.000010	0.864912	0.097063	0.037955	LD_0.9_10_1553
QG3921	0.000010	0.000010	0.000010	0.000010	0.000010	0.000010	0.000010	0.800877	0.165893	0.033160	LD_0.9_10_1553
QG3923	0.000010	0.000010	0.000010	0.000010	0.000010	0.000010	0.000010	0.796888	0.203032	0.000010	LD_0.9_10_1553
QG3924	0.000010	0.000010	0.000010	0.000010	0.000010	0.000010	0.000010	0.663581	0.192443	0.143907	LD_0.9_10_1553
QG3925	0.000010	0.000010	0.000010	0.000010	0.000010	0.000010	0.000010	0.949669	0.047090	0.003170	LD_0.9_10_1553
QG3926	0.000010	0.000010	0.000010	0.000010	0.000010	0.000010	0.000010	0.999910	0.000010	0.000010	LD_0.9_10_1553
QG3927	0.000010	0.000010	0.000010	0.000010	0.000010	0.000010	0.000010	0.915370	0.084550	0.000010	LD_0.9_10_1553
QG3931	0.000010	0.000010	0.000010	0.000010	0.000010	0.000010	0.000010	0.911991	0.000010	0.087929	LD_0.9_10_1553
QG3932	0.000010	0.000010	0.000010	0.000010	0.000010	0.000010	0.000010	0.704942	0.294978	0.000010	LD_0.9_10_1553
QG3933	0.000010	0.000010	0.000010	0.000010	0.000010	0.000010	0.000010	0.500091	0.499829	0.000010	LD_0.9_10_1553
QG4026	0.000010	0.000010	0.000010	0.000010	0.999910	0.000010	0.000010	0.000010	0.000010	0.000010	LD_0.9_10_1553
QG4028	0.000010	0.000010	0.000010	0.000010	0.999910	0.000010	0.000010	0.000010	0.000010	0.000010	LD_0.9_10_1553
QG4031	0.000010	0.000010	0.000010	0.000010	0.999910	0.000010	0.000010	0.000010	0.000010	0.000010	LD_0.9_10_1553
QG4063	0.000010	0.000015	0.000010	0.000010	0.999905	0.000010	0.000010	0.000010	0.000010	0.000010	LD_0.9_10_1553
QG4064	0.000010	0.000010	0.000010	0.000010	0.999906	0.000010	0.000014	0.000010	0.000010	0.000010	LD_0.9_10_1553
QG4067	0.000010	0.000010	0.000010	0.000010	0.999910	0.000010	0.000010	0.000010	0.000010	0.000010	LD_0.9_10_1553
QG4068	0.000010	0.000010	0.000010	0.000010	0.999910	0.000010	0.000010	0.000010	0.000010	0.000010	LD_0.9_10_1553
QG4070	0.000010	0.000010	0.000010	0.000010	0.000010	0.000010	0.000010	0.012280	0.987640	0.000010	LD_0.9_10_1553
QG4093	0.000010	0.000010	0.000010	0.000010	0.999910	0.000010	0.000010	0.000010	0.000010	0.000010	LD_0.9_10_1553
QG4094	0.000010	0.000010	0.000010	0.000010	0.999910	0.000010	0.000010	0.000010	0.000010	0.000010	LD_0.9_10_1553
QG4095	0.000014	0.000010	0.000010	0.000010	0.999906	0.000010	0.000010	0.000010	0.000010	0.000010	LD_0.9_10_1553
QG4096	0.000010	0.000010	0.000010	0.000010	0.999909	0.000010	0.000010	0.000011	0.000010	0.000010	LD_0.9_10_1553
QG4097	0.000010	0.000010	0.000010	0.000010	0.999910	0.000010	0.000010	0.000010	0.000010	0.000010	LD_0.9_10_1553
QG4104	0.000010	0.000010	0.000010	0.000010	0.999910	0.000010	0.000010	0.000010	0.000010	0.000010	LD_0.9_10_1553
QG4114	0.000013	0.000010	0.000010	0.000010	0.999907	0.000010	0.000010	0.000010	0.000010	0.000010	LD_0.9_10_1553
QG4131	0.000010	0.000010	0.000010	0.000010	0.999910	0.000010	0.000010	0.000010	0.000010	0.000010	LD_0.9_10_1553
QG4132	0.000010	0.000010	0.000013	0.000010	0.999907	0.000010	0.000010	0.000010	0.000010	0.000010	LD_0.9_10_1553
QG4208	0.000010	0.000010	0.000010	0.000010	0.999910	0.000010	0.000010	0.000010	0.000010	0.000010	LD_0.9_10_1553
QG4214	0.000010	0.000010	0.000010	0.000010	0.999910	0.000010	0.000010	0.000010	0.000010	0.000010	LD_0.9_10_1553
QG4225	0.000010	0.000010	0.000010	0.000010	0.999910	0.000010	0.000010	0.000010	0.000010	0.000010	LD_0.9_10_1553
QG4232	0.000010	0.000010	0.000010	0.000010	0.999902	0.000017	0.000011	0.000010	0.000010	0.000010	LD_0.9_10_1553
QG4233	0.000010	0.000010	0.000010	0.000010	0.999910	0.000010	0.000010	0.000010	0.000010	0.000010	LD_0.9_10_1553
QG4647	0.000010	0.000010	0.000010	0.000010	0.000010	0.000010	0.999910	0.000010	0.000010	0.000010	LD_0.9_10_1553
QG4648	0.000010	0.000010	0.000010	0.000010	0.000010	0.000010	0.000010	0.000010	0.999910	0.000010	LD_0.9_10_1553
QG4683	0.000010	0.000010	0.000010	0.000010	0.000010	0.000010	0.000010	0.000010	0.999910	0.000010	LD_0.9_10_1553
QG4701	0.000019	0.000010	0.000010	0.000010	0.000010	0.000010	0.557824	0.000010	0.442087	0.000010	LD_0.9_10_1553
QG4706	0.000010	0.000010	0.000010	0.000010	0.000010	0.000010	0.000010	0.000010	0.999910	0.000010	LD_0.9_10_1553
QG4718	0.000010	0.000010	0.000010	0.000010	0.000010	0.000010	0.000010	0.000018	0.999902	0.000010	LD_0.9_10_1553
QG4742	0.000010	0.000010	0.000010	0.000010	0.000010	0.000010	0.020096	0.000010	0.979824	0.000010	LD_0.9_10_1553
QG4805	0.000010	0.000010	0.000010	0.000010	0.000010	0.000010	0.999910	0.000010	0.000010	0.000010	LD_0.9_10_1553
QG4847	0.000010	0.000010	0.000010	0.000010	0.000010	0.000010	0.000010	0.000010	0.999910	0.000010	LD_0.9_10_1553
QG4966	0.000010	0.000010	0.000010	0.000010	0.000010	0.000010	0.000010	0.000010	0.999910	0.000010	LD_0.9_10_1553
QG5348	0.000010	0.000010	0.000010	0.000010	0.000010	0.000010	0.000010	0.000010	0.999910	0.000010	LD_0.9_10_1553
QG5406	0.000010	0.000010	0.000010	0.000010	0.000010	0.000010	0.000010	0.000010	0.999910	0.000010	LD_0.9_10_1553
QG547	0.000010	0.000010	0.000010	0.999910	0.000010	0.000010	0.000010	0.000010	0.000010	0.000010	LD_0.9_10_1553
QG5474	0.000010	0.000010	0.000010	0.000010	0.000010	0.000010	0.645889	0.000010	0.354031	0.000010	LD_0.9_10_1553
QG5488	0.000010	0.000010	0.000010	0.000010	0.000010	0.000010	0.000010	0.000010	0.999910	0.000010	LD_0.9_10_1553
QG550	0.000010	0.000010	0.000013	0.000010	0.000010	0.000010	0.356404	0.010850	0.632673	0.000010	LD_0.9_10_1553
QG5507	0.000010	0.000010	0.000010	0.000010	0.000012	0.000010	0.190976	0.000010	0.808941	0.000010	LD_0.9_10_1553
QG5525	0.000010	0.000010	0.000010	0.000010	0.000010	0.000010	0.010395	0.000010	0.989525	0.000010	LD_0.9_10_1553
QG5589	0.000010	0.000010	0.000010	0.000010	0.000010	0.000010	0.832402	0.000010	0.167518	0.000010	LD_0.9_10_1553
QG5603	0.000010	0.000010	0.000010	0.000010	0.000010	0.000010	0.655084	0.000010	0.344836	0.000010	LD_0.9_10_1553
QG5611	0.000010	0.000010	0.000010	0.000010	0.000010	0.000010	0.000010	0.000010	0.999910	0.000010	LD_0.9_10_1553
QG5612	0.000010	0.000010	0.000010	0.000010	0.000010	0.000010	0.000010	0.199600	0.799643	0.000687	LD_0.9_10_1553
QG5633	0.000010	0.000010	0.000010	0.000010	0.000010	0.000010	0.001211	0.000010	0.998709	0.000010	LD_0.9_10_1553
QG581	0.000010	0.000010	0.000010	0.999910	0.000010	0.000010	0.000010	0.000010	0.000010	0.000010	LD_0.9_10_1553
QG588	0.000011	0.000010	0.000010	0.999905	0.000014	0.000010	0.000010	0.000010	0.000010	0.000010	LD_0.9_10_1553
QG700	0.000010	0.000010	0.000010	0.000010	0.000010	0.000010	0.000010	0.179893	0.000010	0.820027	LD_0.9_10_1553
QG727	0.000010	0.000016	0.000010	0.000010	0.000010	0.000010	0.000010	0.000010	0.000010	0.999904	LD_0.9_10_1553
QG733	0.000013	0.000011	0.000010	0.000010	0.000010	0.000010	0.000010	0.000010	0.000010	0.999906	LD_0.9_10_1553
QG736	0.000010	0.000010	0.000010	0.000010	0.000010	0.000010	0.000010	0.000010	0.000010	0.999910	LD_0.9_10_1553
QG737	0.000010	0.000010	0.000010	0.000010	0.000010	0.000010	0.000010	0.000010	0.000010	0.999910	LD_0.9_10_1553
QG739	0.000010	0.000010	0.000010	0.000010	0.000010	0.000010	0.000010	0.000010	0.000010	0.999910	LD_0.9_10_1553
QG761	0.000010	0.000010	0.000010	0.000010	0.000010	0.000010	0.000010	0.264940	0.000010	0.734980	LD_0.9_10_1553
QG763	0.000010	0.000010	0.000010	0.000010	0.000010	0.000010	0.000010	0.051870	0.000010	0.948050	LD_0.9_10_1553
QG776	0.000010	0.000010	0.000010	0.000010	0.000010	0.000010	0.000010	0.021668	0.000010	0.978252	LD_0.9_10_1553
QG781	0.000010	0.000010	0.000010	0.000010	0.000010	0.000010	0.000010	0.000010	0.000010	0.999910	LD_0.9_10_1553
QG784	0.000010	0.000010	0.000010	0.000010	0.000010	0.000010	0.000010	0.000010	0.000010	0.999910	LD_0.9_10_1553
QG786	0.000010	0.000010	0.000010	0.000012	0.000010	0.000010	0.000010	0.000010	0.000010	0.999908	LD_0.9_10_1553
QG788	0.000010	0.000010	0.000010	0.000010	0.000010	0.000010	0.000010	0.000010	0.000010	0.999910	LD_0.9_10_1553
QG790	0.000010	0.000010	0.000010	0.000010	0.000010	0.000010	0.000010	0.000010	0.000010	0.999910	LD_0.9_10_1553
QG791	0.000010	0.000010	0.000010	0.000010	0.000010	0.000010	0.000010	0.000010	0.059233	0.940687	LD_0.9_10_1553
QG795	0.000010	0.000010	0.000010	0.000010	0.000010	0.000010	0.000010	0.294795	0.008060	0.697075	LD_0.9_10_1553
QG797	0.000010	0.000010	0.000010	0.000012	0.000010	0.000010	0.000010	0.000010	0.000010	0.999908	LD_0.9_10_1553
QG802	0.000010	0.000010	0.000010	0.000010	0.000010	0.000010	0.000010	0.000010	0.000010	0.999910	LD_0.9_10_1553
QG804	0.000010	0.000010	0.000010	0.000010	0.000010	0.000010	0.000010	0.000010	0.000010	0.999910	LD_0.9_10_1553
QG806	0.000010	0.000010	0.000010	0.000010	0.000010	0.000010	0.000010	0.000010	0.000010	0.999910	LD_0.9_10_1553
QG807	0.000010	0.000010	0.000010	0.000010	0.000010	0.000010	0.000010	0.000010	0.000010	0.999910	LD_0.9_10_1553
QG808	0.000010	0.000010	0.000010	0.000010	0.000010	0.000010	0.000010	0.000010	0.042810	0.957110	LD_0.9_10_1553
QG809	0.000010	0.000010	0.000010	0.000010	0.000010	0.000010	0.000010	0.000010	0.000010	0.999910	LD_0.9_10_1553
QG825	0.000010	0.000010	0.000010	0.000010	0.000010	0.000010	0.000010	0.000010	0.000010	0.999910	LD_0.9_10_1553
QG827	0.000010	0.000010	0.000010	0.000010	0.000010	0.000010	0.000010	0.000010	0.000010	0.999910	LD_0.9_10_1553
QG828	0.000010	0.000010	0.000010	0.000010	0.000010	0.000010	0.000010	0.000010	0.000010	0.999910	LD_0.9_10_1553
QG833	0.000010	0.000010	0.000010	0.000010	0.000010	0.000010	0.000010	0.000010	0.030417	0.969503	LD_0.9_10_1553
QG855	0.000010	0.000010	0.000010	0.000010	0.000010	0.000010	0.000010	0.000010	0.032458	0.967462	LD_0.9_10_1553
QG856	0.000010	0.000010	0.000010	0.000010	0.000010	0.000010	0.000010	0.000010	0.000010	0.999910	LD_0.9_10_1553
QG858	0.000010	0.000010	0.000010	0.000010	0.000010	0.000010	0.000010	0.000010	0.000010	0.999910	LD_0.9_10_1553
QG860	0.000010	0.000010	0.000010	0.000010	0.000010	0.000010	0.000010	0.218127	0.010846	0.770956	LD_0.9_10_1553
QG864	0.000010	0.000010	0.000010	0.000010	0.000010	0.000010	0.000010	0.000010	0.000010	0.999910	LD_0.9_10_1553
QG865	0.000010	0.000010	0.000010	0.000010	0.000010	0.000010	0.000010	0.000010	0.000010	0.999910	LD_0.9_10_1553
QG866	0.000010	0.000010	0.000010	0.000010	0.000010	0.000010	0.000010	0.000010	0.000010	0.999910	LD_0.9_10_1553
QG868	0.000010	0.000010	0.000010	0.000010	0.000010	0.000010	0.000010	0.000010	0.066300	0.933620	LD_0.9_10_1553
QG874	0.000010	0.000010	0.000010	0.000010	0.000010	0.000010	0.000010	0.000010	0.000010	0.999910	LD_0.9_10_1553
QG875	0.000010	0.000010	0.000010	0.000010	0.000010	0.000010	0.000010	0.000010	0.000010	0.999910	LD_0.9_10_1553
QG878	0.000010	0.000010	0.000010	0.000010	0.000010	0.000010	0.000010	0.000010	0.000010	0.999910	LD_0.9_10_1553
QG879	0.000010	0.000010	0.000010	0.000010	0.000010	0.000010	0.000010	0.000010	0.000010	0.999910	LD_0.9_10_1553
QG880	0.000010	0.000010	0.000010	0.000010	0.000010	0.000010	0.000010	0.000010	0.000010	0.999910	LD_0.9_10_1553
QG881	0.000010	0.000010	0.000010	0.000010	0.000010	0.000010	0.000010	0.264133	0.000010	0.735787	LD_0.9_10_1553
QG887	0.000013	0.000010	0.000010	0.000010	0.000010	0.000010	0.000010	0.000010	0.000010	0.999907	LD_0.9_10_1553
QG888	0.000010	0.000015	0.000010	0.000010	0.000010	0.000010	0.000010	0.000010	0.000010	0.999905	LD_0.9_10_1553
QG926	0.000010	0.000010	0.000010	0.000010	0.000010	0.000010	0.000010	0.000010	0.000010	0.999910	LD_0.9_10_1553
QG927	0.000010	0.000010	0.000010	0.000010	0.000010	0.000010	0.000010	0.000010	0.925610	0.074310	LD_0.9_10_1553
QG933	0.000010	0.000010	0.000010	0.000010	0.000010	0.000010	0.000010	0.000010	0.000010	0.999910	LD_0.9_10_1553
QG937	0.000010	0.000010	0.000010	0.000010	0.000010	0.000010	0.000010	0.000010	0.000010	0.999910	LD_0.9_10_1553
QG945	0.000010	0.000010	0.000010	0.000010	0.000010	0.000010	0.000010	0.000010	0.000010	0.999910	LD_0.9_10_1553
QG946	0.000010	0.000010	0.000010	0.000010	0.000013	0.000010	0.000010	0.000010	0.000010	0.999907	LD_0.9_10_1553
QG947	0.000010	0.000010	0.000010	0.000010	0.000010	0.000010	0.000010	0.000010	0.000010	0.999910	LD_0.9_10_1553
QG948	0.000010	0.000010	0.000010	0.000010	0.000010	0.000010	0.000010	0.000010	0.010457	0.989463	LD_0.9_10_1553
QG952	0.000010	0.000010	0.000010	0.000010	0.000010	0.000010	0.000010	0.071503	0.009308	0.919119	LD_0.9_10_1553
QG978	0.000010	0.000010	0.000010	0.000010	0.000010	0.000010	0.000010	0.112614	0.013017	0.874299	LD_0.9_10_1553
QG980	0.000010	0.000010	0.000010	0.000010	0.000010	0.000010	0.000010	0.000010	0.000010	0.999910	LD_0.9_10_1553
QG986	0.000010	0.000010	0.000010	0.000010	0.000010	0.000010	0.000010	0.000010	0.038507	0.961413	LD_0.9_10_1553
QG991	0.000010	0.000010	0.000010	0.000010	0.000010	0.000010	0.000010	0.000010	0.000010	0.999910	LD_0.9_10_1553
QG994	0.000010	0.000010	0.000013	0.000010	0.000010	0.000010	0.000010	0.000010	0.000010	0.999907	LD_0.9_10_1553
QG995	0.000010	0.000010	0.000010	0.000010	0.000010	0.000010	0.000010	0.000010	0.000010	0.999910	LD_0.9_10_1553
QG997	0.000010	0.000010	0.000010	0.000010	0.000010	0.000010	0.000010	0.000010	0.000010	0.999910	LD_0.9_10_1553
QG998	0.000010	0.000010	0.000010	0.000010	0.000010	0.000010	0.000010	0.000010	0.000010	0.999910	LD_0.9_10_1553
QR25	0.000010	0.763932	0.000010	0.227793	0.000010	0.000010	0.000010	0.000010	0.008206	0.000010	LD_0.9_10_1553
QX1410	0.000010	0.000010	0.000010	0.000010	0.000010	0.000010	0.000010	0.894916	0.105004	0.000010	LD_0.9_10_1553
QX1547	0.000010	0.000010	0.000010	0.999910	0.000010	0.000010	0.000010	0.000010	0.000010	0.000010	LD_0.9_10_1553
QX1795	0.000010	0.000010	0.000011	0.000010	0.000010	0.000010	0.000010	0.148295	0.851625	0.000010	LD_0.9_10_1553
QX1796	0.000010	0.000010	0.000010	0.000010	0.000010	0.000010	0.000010	0.000010	0.999910	0.000010	LD_0.9_10_1553
QX1798	0.999909	0.000010	0.000010	0.000011	0.000010	0.000010	0.000010	0.000010	0.000010	0.000010	LD_0.9_10_1553
QX1800	0.000010	0.000010	0.000010	0.000010	0.000010	0.000010	0.000010	0.000010	0.999910	0.000010	LD_0.9_10_1553
QX1801	0.000010	0.000010	0.000010	0.000010	0.000010	0.000010	0.000010	0.000010	0.999910	0.000010	LD_0.9_10_1553
QX1802	0.000010	0.000010	0.000010	0.000010	0.000010	0.000010	0.000010	0.000010	0.999910	0.000010	LD_0.9_10_1553
QX1803	0.000010	0.000010	0.000010	0.000010	0.000010	0.000010	0.000010	0.000010	0.999910	0.000010	LD_0.9_10_1553
QX1804	0.000010	0.000010	0.000010	0.000010	0.000010	0.000010	0.000010	0.000014	0.999906	0.000010	LD_0.9_10_1553
SOW18	0.000010	0.000010	0.000014	0.999905	0.000012	0.000010	0.000010	0.000010	0.000010	0.000010	LD_0.9_10_1553
SOW21	0.000010	0.000010	0.000010	0.999910	0.000010	0.000010	0.000010	0.000010	0.000010	0.000010	LD_0.9_10_1553
SOW22	0.000010	0.000010	0.000012	0.999905	0.000010	0.000010	0.000010	0.000013	0.000010	0.000010	LD_0.9_10_1553
TT3408	0.000016	0.000010	0.000010	0.000010	0.000010	0.000010	0.000010	0.000010	0.999903	0.000010	LD_0.9_10_1553
TT3411	0.000012	0.000010	0.000010	0.000010	0.000010	0.000010	0.000010	0.000010	0.999908	0.000010	LD_0.9_10_1553
TWN1772	0.999910	0.000010	0.000010	0.000010	0.000010	0.000010	0.000010	0.000010	0.000010	0.000010	LD_0.9_10_1553
TWN1824	0.000010	0.000010	0.000010	0.000010	0.000010	0.999910	0.000010	0.000010	0.000010	0.000010	LD_0.9_10_1553
TWN1899	0.000010	0.000010	0.000010	0.000010	0.000010	0.999910	0.000010	0.000010	0.000010	0.000010	LD_0.9_10_1553
TWN1907	0.999910	0.000010	0.000010	0.000010	0.000010	0.000010	0.000010	0.000010	0.000010	0.000010	LD_0.9_10_1553
TWN2919	0.999910	0.000010	0.000010	0.000010	0.000010	0.000010	0.000010	0.000010	0.000010	0.000010	LD_0.9_10_1553
TWN3077	0.999910	0.000010	0.000010	0.000010	0.000010	0.000010	0.000010	0.000010	0.000010	0.000010	LD_0.9_10_1553
UH1	0.999910	0.000010	0.000010	0.000010	0.000010	0.000010	0.000010	0.000010	0.000010	0.000010	LD_0.9_10_1553
VSL2201	0.000010	0.000010	0.126776	0.000010	0.000010	0.000010	0.000010	0.092890	0.780264	0.000010	LD_0.9_10_1553
VSL2207	0.000010	0.000010	0.000010	0.000010	0.999910	0.000010	0.000010	0.000010	0.000010	0.000010	LD_0.9_10_1553
VSL2209	0.000010	0.000010	0.000010	0.000010	0.999910	0.000010	0.000010	0.000010	0.000010	0.000010	LD_0.9_10_1553
VSL2210	0.000010	0.000010	0.000010	0.000010	0.000010	0.000010	0.000010	0.523693	0.476227	0.000010	LD_0.9_10_1553
VSL2212	0.000010	0.000010	0.000010	0.000010	0.000010	0.000010	0.000010	0.539531	0.460389	0.000010	LD_0.9_10_1553
VSL2213	0.000010	0.000010	0.235548	0.000010	0.000010	0.000010	0.000010	0.000010	0.764372	0.000010	LD_0.9_10_1553
VSL2215	0.000010	0.000010	0.181175	0.000010	0.000010	0.000010	0.000010	0.011803	0.767873	0.039090	LD_0.9_10_1553
VSL2216	0.000010	0.000010	0.219352	0.000010	0.000010	0.000010	0.000010	0.000010	0.780568	0.000010	LD_0.9_10_1553
VSL2217	0.000010	0.000010	0.000010	0.000010	0.000010	0.000010	0.999910	0.000010	0.000010	0.000010	LD_0.9_10_1553
VSL2219	0.000010	0.000010	0.000010	0.000010	0.000010	0.000010	0.000010	0.057013	0.942907	0.000010	LD_0.9_10_1553
VT847	0.000010	0.000010	0.000010	0.000010	0.000010	0.000010	0.000010	0.107749	0.892171	0.000010	LD_0.9_10_1553
VX34	0.000010	0.896319	0.000010	0.103601	0.000010	0.000010	0.000010	0.000010	0.000010	0.000010	LD_0.9_10_1553
XZ1204	0.000010	0.000010	0.065854	0.000010	0.000010	0.000010	0.000010	0.283218	0.650858	0.000010	LD_0.9_10_1553
XZ1205	0.000010	0.000010	0.166652	0.000010	0.000010	0.000010	0.000010	0.000010	0.833268	0.000010	LD_0.9_10_1553
XZ1206	0.000010	0.000010	0.165849	0.000010	0.000010	0.000010	0.000010	0.000010	0.834071	0.000010	LD_0.9_10_1553
XZ1207	0.000010	0.000010	0.000010	0.000010	0.000010	0.000010	0.000010	0.374200	0.625720	0.000010	LD_0.9_10_1553
XZ1210	0.000010	0.000010	0.000010	0.000010	0.000010	0.000010	0.000010	0.483437	0.516483	0.000010	LD_0.9_10_1553
XZ1212	0.000010	0.000010	0.000010	0.000010	0.000010	0.000010	0.000010	0.339641	0.660279	0.000010	LD_0.9_10_1553
XZ1213	0.000010	0.000010	0.000010	0.000011	0.000010	0.000010	0.000010	0.364024	0.635895	0.000010	LD_0.9_10_1553
XZ1731	0.000010	0.000010	0.000010	0.000010	0.000010	0.000010	0.000010	0.404624	0.595296	0.000010	LD_0.9_10_1553
XZ1732	0.000010	0.000010	0.000010	0.000010	0.000010	0.000010	0.000010	0.607152	0.392768	0.000010	LD_0.9_10_1553
ZZY0992	0.000010	0.000010	0.000010	0.000010	0.000010	0.000010	0.999910	0.000010	0.000010	0.000010	LD_0.9_10_1553
ZZY1034	0.000010	0.000010	0.000010	0.000011	0.000013	0.000016	0.000010	0.000010	0.999901	0.000010	LD_0.9_10_1553
ZZY1075	0.000010	0.000010	0.000010	0.000010	0.000010	0.000010	0.000010	0.000010	0.999910	0.000010	LD_0.9_10_1553
ZZY1123	0.000010	0.000010	0.000010	0.000010	0.000010	0.000010	0.999910	0.000010	0.000010	0.000010	LD_0.9_10_1553
ZZY1130	0.000010	0.000010	0.000010	0.000010	0.000010	0.000010	0.000010	0.000010	0.999910	0.000010	LD_0.9_10_1553
ZZY405	0.000010	0.000010	0.000019	0.000010	0.000010	0.000010	0.000010	0.000010	0.999901	0.000010	LD_0.9_10_1553
AF16	0.000010	0.000010	0.999910	0.000010	0.000010	0.000010	0.000010	0.000010	0.000010	0.000010	LD_0.9_10_1706
BRC20069	0.000010	0.000010	0.999910	0.000010	0.000010	0.000010	0.000010	0.000010	0.000010	0.000010	LD_0.9_10_1706
BRC20073	0.000010	0.000010	0.999910	0.000010	0.000010	0.000010	0.000010	0.000010	0.000010	0.000010	LD_0.9_10_1706
BRC20075	0.000010	0.000012	0.000010	0.999906	0.000010	0.000010	0.000012	0.000010	0.000010	0.000010	LD_0.9_10_1706
BRC20077	0.000010	0.000010	0.999910	0.000010	0.000010	0.000010	0.000010	0.000010	0.000010	0.000010	LD_0.9_10_1706
BRC20081	0.000010	0.000010	0.000010	0.000010	0.000010	0.000010	0.000010	0.000010	0.999910	0.000010	LD_0.9_10_1706
BRC20085	0.142340	0.000010	0.505969	0.000010	0.000010	0.000010	0.000010	0.351621	0.000010	0.000010	LD_0.9_10_1706
BRC20088	0.000010	0.000014	0.000010	0.000016	0.000010	0.000014	0.000010	0.000010	0.999896	0.000010	LD_0.9_10_1706
BRC20089	0.000010	0.000010	0.999910	0.000010	0.000010	0.000010	0.000010	0.000010	0.000010	0.000010	LD_0.9_10_1706
BRC20090	0.000010	0.000010	0.932837	0.000010	0.000010	0.000010	0.000010	0.067083	0.000010	0.000010	LD_0.9_10_1706
BRC20092	0.192976	0.000010	0.467536	0.000010	0.000010	0.000018	0.000010	0.339410	0.000010	0.000010	LD_0.9_10_1706
BRC20093	0.000010	0.000010	0.999910	0.000010	0.000010	0.000010	0.000010	0.000010	0.000010	0.000010	LD_0.9_10_1706
BRC20094	0.217578	0.000010	0.443625	0.000010	0.000010	0.000019	0.000010	0.338714	0.000013	0.000010	LD_0.9_10_1706
BRC20095	0.000010	0.000010	0.999910	0.000010	0.000010	0.000010	0.000010	0.000010	0.000010	0.000010	LD_0.9_10_1706
BRC20096	0.000010	0.000010	0.999910	0.000010	0.000010	0.000010	0.000010	0.000010	0.000010	0.000010	LD_0.9_10_1706
BRC20098	0.000010	0.000010	0.999910	0.000010	0.000010	0.000010	0.000010	0.000010	0.000010	0.000010	LD_0.9_10_1706
BRC20099	0.000010	0.000010	0.999910	0.000010	0.000010	0.000010	0.000010	0.000010	0.000010	0.000010	LD_0.9_10_1706
BRC20100	0.000010	0.000010	0.999910	0.000010	0.000010	0.000010	0.000010	0.000010	0.000010	0.000010	LD_0.9_10_1706
BRC20102	0.000010	0.000010	0.999910	0.000010	0.000010	0.000010	0.000010	0.000010	0.000010	0.000010	LD_0.9_10_1706
BRC20103	0.000010	0.000010	0.999910	0.000010	0.000010	0.000010	0.000010	0.000010	0.000010	0.000010	LD_0.9_10_1706
BRC20105	0.183694	0.000010	0.411286	0.000010	0.000010	0.000010	0.000014	0.404946	0.000010	0.000010	LD_0.9_10_1706
BRC20107	0.197762	0.000010	0.427686	0.000010	0.000020	0.000010	0.000010	0.374472	0.000010	0.000010	LD_0.9_10_1706
BRC20115	0.000010	0.000010	0.000010	0.000010	0.999910	0.000010	0.000010	0.000010	0.000010	0.000010	LD_0.9_10_1706
BRC20119	0.000010	0.000010	0.280168	0.000010	0.000010	0.000010	0.000010	0.719752	0.000010	0.000010	LD_0.9_10_1706
BRC20228	0.000010	0.000010	0.999910	0.000010	0.000010	0.000010	0.000010	0.000010	0.000010	0.000010	LD_0.9_10_1706
BRC20229	0.000010	0.000010	0.000010	0.999910	0.000010	0.000010	0.000010	0.000010	0.000010	0.000010	LD_0.9_10_1706
BRC20230	0.000010	0.000010	0.000014	0.000011	0.000010	0.000010	0.000010	0.000010	0.999905	0.000010	LD_0.9_10_1706
BRC20232	0.000010	0.000010	0.000010	0.999910	0.000010	0.000010	0.000010	0.000010	0.000010	0.000010	LD_0.9_10_1706
BRC20238	0.000010	0.000010	0.000010	0.000010	0.000010	0.000010	0.000010	0.000010	0.999910	0.000010	LD_0.9_10_1706
BRC20239	0.000010	0.000010	0.000010	0.999910	0.000010	0.000010	0.000010	0.000010	0.000010	0.000010	LD_0.9_10_1706
BRC20241	0.000010	0.000010	0.930057	0.000010	0.000010	0.000010	0.000010	0.069863	0.000010	0.000010	LD_0.9_10_1706
BRC20242	0.000010	0.000010	0.992682	0.000015	0.000010	0.000010	0.000010	0.007233	0.000010	0.000010	LD_0.9_10_1706
BRC20244	0.000010	0.000010	0.000010	0.000010	0.000010	0.000010	0.000010	0.000010	0.999910	0.000010	LD_0.9_10_1706
BRC20246	0.000010	0.000013	0.000010	0.000010	0.000010	0.000013	0.000010	0.000010	0.999904	0.000010	LD_0.9_10_1706
BRC20257	0.000010	0.000016	0.000011	0.000010	0.000010	0.000010	0.000010	0.999904	0.000010	0.000010	LD_0.9_10_1706
BRC20260	0.000010	0.000010	0.999910	0.000010	0.000010	0.000010	0.000010	0.000010	0.000010	0.000010	LD_0.9_10_1706
BRC20270	0.000010	0.000010	0.000010	0.000010	0.000010	0.000010	0.000010	0.000010	0.999910	0.000010	LD_0.9_10_1706
BRC20272	0.000010	0.000010	0.000010	0.000010	0.000010	0.000010	0.000010	0.000010	0.999910	0.000010	LD_0.9_10_1706
BRC20289	0.000010	0.000010	0.000010	0.000010	0.000010	0.000010	0.000010	0.000010	0.999910	0.000010	LD_0.9_10_1706
BRC20290	0.000010	0.000010	0.000010	0.000010	0.000010	0.000010	0.000010	0.000010	0.999910	0.000010	LD_0.9_10_1706
BRC20294	0.000010	0.000010	0.990260	0.000010	0.000010	0.000010	0.000010	0.009660	0.000010	0.000010	LD_0.9_10_1706
BRC20308	0.000010	0.000010	0.000010	0.000010	0.000010	0.000010	0.000010	0.000010	0.999910	0.000010	LD_0.9_10_1706
BRC20309	0.000010	0.000010	0.000010	0.000010	0.000010	0.000010	0.000010	0.000010	0.999910	0.000010	LD_0.9_10_1706
BRC20311	0.000010	0.000010	0.000011	0.000010	0.000010	0.000010	0.000010	0.000010	0.999909	0.000010	LD_0.9_10_1706
BRC20312	0.000010	0.000010	0.000010	0.000010	0.000010	0.000010	0.000010	0.000010	0.999910	0.000010	LD_0.9_10_1706
BRC20315	0.000010	0.000010	0.000010	0.000010	0.000010	0.000010	0.000010	0.000010	0.999910	0.000010	LD_0.9_10_1706
BRC20320	0.000010	0.000010	0.000010	0.000010	0.000010	0.000010	0.000010	0.000010	0.999910	0.000010	LD_0.9_10_1706
BRC20324	0.000010	0.000010	0.357985	0.641935	0.000010	0.000010	0.000010	0.000010	0.000010	0.000010	LD_0.9_10_1706
BRC20331	0.000010	0.000010	0.000010	0.000010	0.000010	0.000010	0.000010	0.000010	0.999910	0.000010	LD_0.9_10_1706
BRC20333	0.000014	0.000011	0.000010	0.000017	0.000010	0.000010	0.000010	0.000010	0.999898	0.000010	LD_0.9_10_1706
BRC20334	0.000010	0.000010	0.000010	0.000010	0.000010	0.000010	0.000010	0.000010	0.999910	0.000010	LD_0.9_10_1706
BRC20339	0.000010	0.000010	0.000010	0.000010	0.000010	0.000010	0.000010	0.000010	0.999910	0.000010	LD_0.9_10_1706
BRC20341	0.000010	0.000010	0.000010	0.000010	0.000010	0.000010	0.000010	0.000010	0.999910	0.000010	LD_0.9_10_1706
BRC20343	0.000010	0.000010	0.000010	0.999910	0.000010	0.000010	0.000010	0.000010	0.000010	0.000010	LD_0.9_10_1706
BRC20346	0.000010	0.000010	0.000010	0.000010	0.000010	0.000010	0.000010	0.000010	0.999910	0.000010	LD_0.9_10_1706
BRC20347	0.000010	0.000010	0.000010	0.999910	0.000010	0.000010	0.000010	0.000010	0.000010	0.000010	LD_0.9_10_1706
BRC20348	0.000016	0.000010	0.000010	0.000010	0.000010	0.000010	0.000010	0.000010	0.999904	0.000010	LD_0.9_10_1706
BRC20353	0.999907	0.000010	0.000010	0.000010	0.000010	0.000010	0.000010	0.000010	0.000013	0.000010	LD_0.9_10_1706
BRC20360	0.999910	0.000010	0.000010	0.000010	0.000010	0.000010	0.000010	0.000010	0.000010	0.000010	LD_0.9_10_1706
BRC20361	0.999910	0.000010	0.000010	0.000010	0.000010	0.000010	0.000010	0.000010	0.000010	0.000010	LD_0.9_10_1706
BRC20362	0.999910	0.000010	0.000010	0.000010	0.000010	0.000010	0.000010	0.000010	0.000010	0.000010	LD_0.9_10_1706
BRC20366	0.000010	0.000010	0.000010	0.000010	0.000010	0.000010	0.000010	0.000010	0.999910	0.000010	LD_0.9_10_1706
BRC20367	0.000010	0.000010	0.000010	0.000016	0.000010	0.000010	0.000010	0.000010	0.999904	0.000010	LD_0.9_10_1706
BRC20369	0.000010	0.000010	0.999910	0.000010	0.000010	0.000010	0.000010	0.000010	0.000010	0.000010	LD_0.9_10_1706
BRC20370	0.000010	0.000010	0.000010	0.000010	0.000010	0.000010	0.000010	0.000010	0.999910	0.000010	LD_0.9_10_1706
BRC20388	0.000010	0.999910	0.000010	0.000010	0.000010	0.000010	0.000010	0.000010	0.000010	0.000010	LD_0.9_10_1706
BRC20390	0.000010	0.000010	0.000010	0.000010	0.000010	0.000010	0.000010	0.000010	0.999910	0.000010	LD_0.9_10_1706
BRC20401	0.000010	0.000010	0.999908	0.000012	0.000010	0.000010	0.000010	0.000010	0.000010	0.000010	LD_0.9_10_1706
BRC20463	0.000010	0.000011	0.000010	0.000010	0.000010	0.000010	0.000010	0.000010	0.999909	0.000010	LD_0.9_10_1706
BRC20492	0.000010	0.000010	0.000010	0.000010	0.999908	0.000010	0.000010	0.000010	0.000012	0.000010	LD_0.9_10_1706
BRC20499	0.000019	0.000012	0.000012	0.000010	0.000010	0.000012	0.000012	0.000010	0.999893	0.000010	LD_0.9_10_1706
BRC20501	0.000010	0.000010	0.000010	0.000010	0.000010	0.000010	0.000010	0.000010	0.999910	0.000010	LD_0.9_10_1706
BRC20502	0.000010	0.000010	0.000010	0.000010	0.999910	0.000010	0.000010	0.000010	0.000010	0.000010	LD_0.9_10_1706
BRC20503	0.000010	0.000010	0.000010	0.000010	0.999910	0.000010	0.000010	0.000010	0.000010	0.000010	LD_0.9_10_1706
BRC20519	0.000010	0.000010	0.000010	0.000015	0.999905	0.000010	0.000010	0.000010	0.000011	0.000010	LD_0.9_10_1706
BRC20520	0.000010	0.000010	0.000010	0.000010	0.999909	0.000010	0.000010	0.000010	0.000011	0.000010	LD_0.9_10_1706
BRC20522	0.000010	0.000010	0.000010	0.999910	0.000010	0.000010	0.000010	0.000010	0.000010	0.000010	LD_0.9_10_1706
BRC20524	0.000010	0.000010	0.000010	0.999910	0.000010	0.000010	0.000010	0.000010	0.000010	0.000010	LD_0.9_10_1706
BRC20529	0.000010	0.000010	0.000015	0.000013	0.000010	0.000010	0.000010	0.000010	0.999902	0.000010	LD_0.9_10_1706
BRC20530	0.000010	0.000010	0.000010	0.999910	0.000010	0.000010	0.000010	0.000010	0.000010	0.000010	LD_0.9_10_1706
BRC20531	0.000010	0.000019	0.000010	0.999901	0.000010	0.000010	0.000010	0.000010	0.000010	0.000010	LD_0.9_10_1706
BRC20532	0.000010	0.000011	0.000013	0.000010	0.000010	0.000010	0.000019	0.000010	0.999897	0.000010	LD_0.9_10_1706
BRC20533	0.000010	0.000010	0.000010	0.000010	0.000010	0.000010	0.000010	0.000010	0.999910	0.000010	LD_0.9_10_1706
BRC20534	0.000010	0.000010	0.000011	0.000010	0.000010	0.000010	0.000010	0.000010	0.999909	0.000010	LD_0.9_10_1706
BRC20535	0.000010	0.000010	0.000010	0.000010	0.000010	0.000010	0.000010	0.000010	0.999910	0.000010	LD_0.9_10_1706
BRC20536	0.000010	0.000010	0.000011	0.000010	0.000010	0.000010	0.000010	0.000010	0.999909	0.000010	LD_0.9_10_1706
BRC20537	0.000010	0.000017	0.000012	0.000018	0.000010	0.000019	0.000010	0.000010	0.999885	0.000010	LD_0.9_10_1706
BRC20541	0.000010	0.000010	0.000010	0.000010	0.999910	0.000010	0.000010	0.000010	0.000010	0.000010	LD_0.9_10_1706
BRC20543	0.000010	0.000010	0.000010	0.000010	0.000010	0.000010	0.000012	0.000010	0.999908	0.000010	LD_0.9_10_1706
BRC20544	0.000010	0.000010	0.000011	0.000010	0.000010	0.000010	0.000010	0.000010	0.999909	0.000010	LD_0.9_10_1706
BRC20545	0.000010	0.000015	0.000010	0.000011	0.000010	0.000010	0.000016	0.000010	0.999897	0.000010	LD_0.9_10_1706
BRC20556	0.000010	0.000010	0.999906	0.000014	0.000010	0.000010	0.000010	0.000010	0.000010	0.000010	LD_0.9_10_1706
BRC20557	0.000010	0.000010	0.000010	0.000010	0.000010	0.000012	0.000011	0.000010	0.999908	0.000010	LD_0.9_10_1706
BRC20565	0.000010	0.000010	0.999910	0.000010	0.000010	0.000010	0.000010	0.000010	0.000010	0.000010	LD_0.9_10_1706
BRC20571	0.000010	0.000010	0.950441	0.000010	0.000010	0.000010	0.000010	0.049479	0.000010	0.000010	LD_0.9_10_1706
BRC20574	0.000010	0.000016	0.999886	0.000015	0.000014	0.000010	0.000010	0.000019	0.000010	0.000010	LD_0.9_10_1706
BW287	0.000010	0.999909	0.000011	0.000010	0.000010	0.000010	0.000010	0.000010	0.000010	0.000010	LD_0.9_10_1706
DF5100	0.000010	0.000010	0.996421	0.000010	0.000010	0.000010	0.000010	0.000010	0.000010	0.003499	LD_0.9_10_1706
ECA1129	0.000011	0.000010	0.999909	0.000010	0.000010	0.000010	0.000010	0.000010	0.000010	0.000010	LD_0.9_10_1706
ECA1143	0.074111	0.000010	0.858801	0.000010	0.000010	0.000010	0.000010	0.000010	0.000010	0.067018	LD_0.9_10_1706
ECA1147	0.000010	0.000010	0.999910	0.000010	0.000010	0.000010	0.000010	0.000010	0.000010	0.000010	LD_0.9_10_1706
ECA1149	0.000010	0.000010	0.956174	0.000010	0.000010	0.000010	0.000010	0.000010	0.043746	0.000010	LD_0.9_10_1706
ECA1160	0.000010	0.000010	0.999910	0.000010	0.000010	0.000010	0.000010	0.000010	0.000010	0.000010	LD_0.9_10_1706
ECA1164	0.000010	0.000010	0.999910	0.000010	0.000010	0.000010	0.000010	0.000010	0.000010	0.000010	LD_0.9_10_1706
ECA1170	0.000010	0.000010	0.000010	0.000010	0.000010	0.000010	0.000010	0.000010	0.999910	0.000010	LD_0.9_10_1706
ECA1174	0.000010	0.000010	0.999910	0.000010	0.000010	0.000010	0.000010	0.000010	0.000010	0.000010	LD_0.9_10_1706
ECA1383	0.000010	0.000015	0.000010	0.000010	0.000016	0.000012	0.000012	0.000010	0.999894	0.000010	LD_0.9_10_1706
ECA1411	0.000010	0.000010	0.999910	0.000010	0.000010	0.000010	0.000010	0.000010	0.000010	0.000010	LD_0.9_10_1706
ECA1423	0.000010	0.000010	0.999910	0.000010	0.000010	0.000010	0.000010	0.000010	0.000010	0.000010	LD_0.9_10_1706
ECA1429	0.000018	0.000010	0.999902	0.000010	0.000010	0.000010	0.000010	0.000010	0.000010	0.000010	LD_0.9_10_1706
ECA1431	0.000010	0.000010	0.999910	0.000010	0.000010	0.000010	0.000010	0.000010	0.000010	0.000010	LD_0.9_10_1706
ECA1437	0.000010	0.000010	0.999910	0.000010	0.000010	0.000010	0.000010	0.000010	0.000010	0.000010	LD_0.9_10_1706
ECA1439	0.000010	0.000010	0.999910	0.000010	0.000010	0.000010	0.000010	0.000010	0.000010	0.000010	LD_0.9_10_1706
ECA1443	0.000010	0.000010	0.056502	0.000010	0.000010	0.000010	0.000010	0.000010	0.943418	0.000010	LD_0.9_10_1706
ECA1471	0.000010	0.000010	0.999910	0.000010	0.000010	0.000010	0.000010	0.000010	0.000010	0.000010	LD_0.9_10_1706
ECA1489	0.085072	0.000010	0.799180	0.000010	0.000010	0.000010	0.000010	0.000010	0.000010	0.115677	LD_0.9_10_1706
ECA1507	0.000010	0.000010	0.999910	0.000010	0.000010	0.000010	0.000010	0.000010	0.000010	0.000010	LD_0.9_10_1706
ECA1509	0.000010	0.000010	0.999910	0.000010	0.000010	0.000010	0.000010	0.000010	0.000010	0.000010	LD_0.9_10_1706
ECA1517	0.000010	0.000010	0.987655	0.000010	0.000010	0.000010	0.000010	0.000010	0.000010	0.012265	LD_0.9_10_1706
ECA1521	0.000010	0.000010	0.999910	0.000010	0.000010	0.000010	0.000010	0.000010	0.000010	0.000010	LD_0.9_10_1706
ECA1555	0.000010	0.000010	0.999910	0.000010	0.000010	0.000010	0.000010	0.000010	0.000010	0.000010	LD_0.9_10_1706
ECA1559	0.000010	0.000010	0.000010	0.000010	0.000010	0.000010	0.000010	0.000010	0.999910	0.000010	LD_0.9_10_1706
ECA1563	0.000010	0.000010	0.999910	0.000010	0.000010	0.000010	0.000010	0.000010	0.000010	0.000010	LD_0.9_10_1706
ECA1571	0.071270	0.000010	0.820796	0.000010	0.000010	0.000010	0.000010	0.000010	0.000010	0.107864	LD_0.9_10_1706
ECA1587	0.000010	0.000010	0.999910	0.000010	0.000010	0.000010	0.000010	0.000010	0.000010	0.000010	LD_0.9_10_1706
ECA1605	0.000010	0.000010	0.074904	0.000010	0.000010	0.000010	0.000010	0.000010	0.871139	0.053887	LD_0.9_10_1706
ECA1609	0.000010	0.000010	0.999910	0.000010	0.000010	0.000010	0.000010	0.000010	0.000010	0.000010	LD_0.9_10_1706
ECA161	0.000010	0.000010	0.999910	0.000010	0.000010	0.000010	0.000010	0.000010	0.000010	0.000010	LD_0.9_10_1706
ECA1611	0.000010	0.000010	0.999910	0.000010	0.000010	0.000010	0.000010	0.000010	0.000010	0.000010	LD_0.9_10_1706
ECA1615	0.000010	0.000010	0.999910	0.000010	0.000010	0.000010	0.000010	0.000010	0.000010	0.000010	LD_0.9_10_1706
ECA162	0.000010	0.000010	0.999910	0.000010	0.000010	0.000010	0.000010	0.000010	0.000010	0.000010	LD_0.9_10_1706
ECA1621	0.000010	0.000010	0.999910	0.000010	0.000010	0.000010	0.000010	0.000010	0.000010	0.000010	LD_0.9_10_1706
ECA163	0.000010	0.163592	0.194090	0.032750	0.252132	0.327935	0.000010	0.000010	0.029461	0.000010	LD_0.9_10_1706
ECA1637	0.000010	0.000010	0.999910	0.000010	0.000010	0.000010	0.000010	0.000010	0.000010	0.000010	LD_0.9_10_1706
ECA1657	0.000010	0.000010	0.999910	0.000010	0.000010	0.000010	0.000010	0.000010	0.000010	0.000010	LD_0.9_10_1706
ECA1701	0.000010	0.000010	0.991532	0.000010	0.000010	0.000010	0.000010	0.000010	0.000010	0.008388	LD_0.9_10_1706
ECA175	0.000010	0.000010	0.999910	0.000010	0.000010	0.000010	0.000010	0.000010	0.000010	0.000010	LD_0.9_10_1706
ECA176	0.000010	0.000010	0.999910	0.000010	0.000010	0.000010	0.000010	0.000010	0.000010	0.000010	LD_0.9_10_1706
ECA177	0.000010	0.000010	0.999910	0.000010	0.000010	0.000010	0.000010	0.000010	0.000010	0.000010	LD_0.9_10_1706
ECA180	0.000010	0.000010	0.999910	0.000010	0.000010	0.000010	0.000010	0.000010	0.000010	0.000010	LD_0.9_10_1706
ECA182	0.000010	0.000010	0.999910	0.000010	0.000010	0.000010	0.000010	0.000010	0.000010	0.000010	LD_0.9_10_1706
ECA183	0.000010	0.000010	0.999910	0.000010	0.000010	0.000010	0.000010	0.000010	0.000010	0.000010	LD_0.9_10_1706
ECA185	0.000010	0.000010	0.999910	0.000010	0.000010	0.000010	0.000010	0.000010	0.000010	0.000010	LD_0.9_10_1706
ECA186	0.000010	0.000010	0.999910	0.000010	0.000010	0.000010	0.000010	0.000010	0.000010	0.000010	LD_0.9_10_1706
ECA2083	0.000010	0.000010	0.999910	0.000010	0.000010	0.000010	0.000010	0.000010	0.000010	0.000010	LD_0.9_10_1706
ECA2093	0.000010	0.000010	0.999910	0.000010	0.000010	0.000010	0.000010	0.000010	0.000010	0.000010	LD_0.9_10_1706
ECA2115	0.000010	0.000010	0.999910	0.000010	0.000010	0.000010	0.000010	0.000010	0.000010	0.000010	LD_0.9_10_1706
ECA2299	0.000010	0.000010	0.000010	0.000010	0.000010	0.000010	0.000010	0.000010	0.999910	0.000010	LD_0.9_10_1706
ECA2373	0.000010	0.000010	0.958260	0.000010	0.000010	0.000010	0.000010	0.000010	0.000010	0.041660	LD_0.9_10_1706
ECA2385	0.000010	0.000010	0.000010	0.000010	0.000010	0.000010	0.000010	0.000010	0.999910	0.000010	LD_0.9_10_1706
ECA2425	0.000010	0.000010	0.999910	0.000010	0.000010	0.000010	0.000010	0.000010	0.000010	0.000010	LD_0.9_10_1706
ECA2617	0.000010	0.000013	0.000011	0.000010	0.000010	0.000010	0.999906	0.000010	0.000010	0.000010	LD_0.9_10_1706
ECA2618	0.000010	0.000010	0.000010	0.000010	0.000013	0.000010	0.999907	0.000010	0.000010	0.000010	LD_0.9_10_1706
ECA2621	0.000010	0.000012	0.000010	0.000010	0.000012	0.000010	0.999907	0.000010	0.000010	0.000010	LD_0.9_10_1706
ECA2623	0.415356	0.000010	0.584564	0.000010	0.000010	0.000010	0.000010	0.000010	0.000010	0.000010	LD_0.9_10_1706
ECA2625	0.000010	0.000010	0.999909	0.000010	0.000010	0.000010	0.000010	0.000011	0.000010	0.000010	LD_0.9_10_1706
ECA2626	0.000010	0.000010	0.999910	0.000010	0.000010	0.000010	0.000010	0.000010	0.000010	0.000010	LD_0.9_10_1706
ECA2636	0.000010	0.000010	0.999910	0.000010	0.000010	0.000010	0.000010	0.000010	0.000010	0.000010	LD_0.9_10_1706
ECA2637	0.000012	0.000010	0.999908	0.000010	0.000010	0.000010	0.000010	0.000010	0.000010	0.000010	LD_0.9_10_1706
ECA2639	0.000010	0.000010	0.000010	0.000010	0.000013	0.000010	0.999907	0.000010	0.000010	0.000010	LD_0.9_10_1706
ECA2645	0.000010	0.000010	0.999910	0.000010	0.000010	0.000010	0.000010	0.000010	0.000010	0.000010	LD_0.9_10_1706
ECA2647	0.000010	0.000010	0.000010	0.000010	0.000010	0.000010	0.999910	0.000010	0.000010	0.000010	LD_0.9_10_1706
ECA2663	0.000016	0.000010	0.999904	0.000010	0.000010	0.000010	0.000010	0.000010	0.000010	0.000010	LD_0.9_10_1706
ECA2664	0.465424	0.000010	0.534496	0.000010	0.000010	0.000010	0.000010	0.000010	0.000010	0.000010	LD_0.9_10_1706
ECA2666	0.000010	0.000010	0.000010	0.000010	0.000010	0.000010	0.999910	0.000010	0.000010	0.000010	LD_0.9_10_1706
ECA2667	0.000010	0.000010	0.999910	0.000010	0.000010	0.000010	0.000010	0.000010	0.000010	0.000010	LD_0.9_10_1706
ECA2670	0.000010	0.000010	0.000010	0.000010	0.000010	0.000011	0.999909	0.000010	0.000010	0.000010	LD_0.9_10_1706
ECA276	0.000010	0.161895	0.196295	0.033335	0.252099	0.326952	0.000010	0.000010	0.029384	0.000010	LD_0.9_10_1706
ECA278	0.000010	0.999905	0.000015	0.000010	0.000010	0.000010	0.000010	0.000010	0.000010	0.000010	LD_0.9_10_1706
ECA2808	0.000010	0.000010	0.999910	0.000010	0.000010	0.000010	0.000010	0.000010	0.000010	0.000010	LD_0.9_10_1706
ECA287	0.000010	0.000010	0.010946	0.000010	0.000010	0.000010	0.000010	0.000010	0.988974	0.000010	LD_0.9_10_1706
ECA288	0.246760	0.000010	0.649344	0.000010	0.000017	0.000010	0.000010	0.000010	0.103818	0.000010	LD_0.9_10_1706
ECA2883	0.000010	0.000010	0.999910	0.000010	0.000010	0.000010	0.000010	0.000010	0.000010	0.000010	LD_0.9_10_1706
ECA2890	0.000010	0.000010	0.999910	0.000010	0.000010	0.000010	0.000010	0.000010	0.000010	0.000010	LD_0.9_10_1706
ECA2894	0.000010	0.000010	0.999910	0.000010	0.000010	0.000010	0.000010	0.000010	0.000010	0.000010	LD_0.9_10_1706
ECA2936	0.000010	0.000010	0.000010	0.000010	0.000010	0.000010	0.000010	0.000010	0.999910	0.000010	LD_0.9_10_1706
ECA2975	0.000010	0.000010	0.999910	0.000010	0.000010	0.000010	0.000010	0.000010	0.000010	0.000010	LD_0.9_10_1706
ECA3091	0.000010	0.000010	0.999910	0.000010	0.000010	0.000010	0.000010	0.000010	0.000010	0.000010	LD_0.9_10_1706
ECA343	0.000010	0.000010	0.999910	0.000010	0.000010	0.000010	0.000010	0.000010	0.000010	0.000010	LD_0.9_10_1706
ECA346	0.000010	0.000010	0.999910	0.000010	0.000010	0.000010	0.000010	0.000010	0.000010	0.000010	LD_0.9_10_1706
ECA3502	0.000010	0.000015	0.000014	0.000010	0.000010	0.000010	0.000010	0.000010	0.999902	0.000010	LD_0.9_10_1706
ECA3503	0.000010	0.000010	0.999910	0.000010	0.000010	0.000010	0.000010	0.000010	0.000010	0.000010	LD_0.9_10_1706
ECA3509	0.000010	0.000010	0.999910	0.000010	0.000010	0.000010	0.000010	0.000010	0.000010	0.000010	LD_0.9_10_1706
ECA3708	0.000010	0.000010	0.999910	0.000010	0.000010	0.000010	0.000010	0.000010	0.000010	0.000010	LD_0.9_10_1706
ECA371	0.000010	0.000010	0.998491	0.000010	0.000010	0.000010	0.000010	0.000010	0.000010	0.001429	LD_0.9_10_1706
ECA3712	0.000010	0.000010	0.999901	0.000010	0.000012	0.000010	0.000010	0.000010	0.000017	0.000010	LD_0.9_10_1706
ECA3713	0.000010	0.000010	0.999910	0.000010	0.000010	0.000010	0.000010	0.000010	0.000010	0.000010	LD_0.9_10_1706
ECA3899	0.000010	0.000010	0.999910	0.000010	0.000010	0.000010	0.000010	0.000010	0.000010	0.000010	LD_0.9_10_1706
ECA4382	0.000010	0.000010	0.999910	0.000010	0.000010	0.000010	0.000010	0.000010	0.000010	0.000010	LD_0.9_10_1706
ECA4390	0.530026	0.000019	0.469886	0.000010	0.000010	0.000010	0.000010	0.000010	0.000010	0.000010	LD_0.9_10_1706
ECA4394	0.000010	0.000010	0.999910	0.000010	0.000010	0.000010	0.000010	0.000010	0.000010	0.000010	LD_0.9_10_1706
ECA4402	0.000010	0.000010	0.999910	0.000010	0.000010	0.000010	0.000010	0.000010	0.000010	0.000010	LD_0.9_10_1706
ECA569	0.000010	0.999910	0.000010	0.000010	0.000010	0.000010	0.000010	0.000010	0.000010	0.000010	LD_0.9_10_1706
ED3032	0.000010	0.000010	0.999909	0.000010	0.000010	0.000010	0.000010	0.000011	0.000010	0.000010	LD_0.9_10_1706
ED3037	0.000010	0.000010	0.999905	0.000013	0.000012	0.000010	0.000010	0.000010	0.000010	0.000010	LD_0.9_10_1706
ED3088	0.000010	0.000010	0.999910	0.000010	0.000010	0.000010	0.000010	0.000010	0.000010	0.000010	LD_0.9_10_1706
ED3102	0.000010	0.142630	0.184038	0.033938	0.244562	0.343354	0.000010	0.000010	0.051437	0.000010	LD_0.9_10_1706
EG4360	0.000010	0.999910	0.000010	0.000010	0.000010	0.000010	0.000010	0.000010	0.000010	0.000010	LD_0.9_10_1706
EG5612	0.999910	0.000010	0.000010	0.000010	0.000010	0.000010	0.000010	0.000010	0.000010	0.000010	LD_0.9_10_1706
EG5613	0.050204	0.000010	0.910052	0.000010	0.000010	0.000010	0.000010	0.039674	0.000010	0.000010	LD_0.9_10_1706
EG6179	0.057844	0.000010	0.931473	0.000010	0.000010	0.000010	0.000010	0.010614	0.000010	0.000010	LD_0.9_10_1706
EG6260	0.558632	0.000010	0.441288	0.000010	0.000010	0.000010	0.000010	0.000010	0.000010	0.000010	LD_0.9_10_1706
EG6261	0.079977	0.000010	0.908678	0.000010	0.000010	0.000010	0.000010	0.000010	0.000010	0.011275	LD_0.9_10_1706
EG6265	0.000010	0.000010	0.000010	0.000010	0.000010	0.000010	0.000010	0.000010	0.983136	0.016784	LD_0.9_10_1706
EG6267	0.013912	0.000015	0.961472	0.000010	0.000010	0.000012	0.000010	0.000010	0.000010	0.024539	LD_0.9_10_1706
EG6271	0.633254	0.000010	0.366666	0.000010	0.000010	0.000010	0.000010	0.000010	0.000010	0.000010	LD_0.9_10_1706
EG6272	0.111874	0.000010	0.867344	0.000010	0.000010	0.000010	0.000010	0.000010	0.000010	0.020712	LD_0.9_10_1706
EG6274	0.000010	0.000010	0.999910	0.000010	0.000010	0.000010	0.000010	0.000010	0.000010	0.000010	LD_0.9_10_1706
EG6275	0.000010	0.000010	0.999910	0.000010	0.000010	0.000010	0.000010	0.000010	0.000010	0.000010	LD_0.9_10_1706
EG6276	0.000010	0.000010	0.999910	0.000010	0.000010	0.000010	0.000010	0.000010	0.000010	0.000010	LD_0.9_10_1706
EG6329	0.654776	0.000010	0.322743	0.000010	0.000010	0.000010	0.000010	0.000010	0.000010	0.022412	LD_0.9_10_1706
GUN124	0.000010	0.999909	0.000010	0.000010	0.000011	0.000010	0.000010	0.000010	0.000010	0.000010	LD_0.9_10_1706
GXW22	0.000010	0.000010	0.999910	0.000010	0.000010	0.000010	0.000010	0.000010	0.000010	0.000010	LD_0.9_10_1706
GXW23	0.833468	0.000010	0.166452	0.000010	0.000010	0.000010	0.000010	0.000010	0.000010	0.000010	LD_0.9_10_1706
HK104	0.000010	0.999910	0.000010	0.000010	0.000010	0.000010	0.000010	0.000010	0.000010	0.000010	LD_0.9_10_1706
HPT11	0.000011	0.000010	0.000010	0.000010	0.999909	0.000010	0.000010	0.000010	0.000010	0.000010	LD_0.9_10_1706
HPT16	0.067399	0.000010	0.932520	0.000011	0.000010	0.000010	0.000010	0.000010	0.000010	0.000010	LD_0.9_10_1706
HPT18	0.000010	0.000010	0.000010	0.000010	0.999910	0.000010	0.000010	0.000010	0.000010	0.000010	LD_0.9_10_1706
HPT19	0.065846	0.000011	0.934066	0.000017	0.000010	0.000010	0.000010	0.000010	0.000010	0.000010	LD_0.9_10_1706
HPT2	0.122507	0.000019	0.877404	0.000010	0.000010	0.000010	0.000010	0.000010	0.000010	0.000010	LD_0.9_10_1706
HPT21	0.000010	0.000010	0.999910	0.000010	0.000010	0.000010	0.000010	0.000010	0.000010	0.000010	LD_0.9_10_1706
HPT24	0.000010	0.000010	0.000010	0.000010	0.999905	0.000010	0.000015	0.000010	0.000010	0.000010	LD_0.9_10_1706
HPT34	0.119704	0.000015	0.880202	0.000010	0.000019	0.000010	0.000010	0.000010	0.000010	0.000010	LD_0.9_10_1706
HPT37	0.254869	0.000010	0.712914	0.000010	0.000010	0.000010	0.000010	0.000010	0.000010	0.032147	LD_0.9_10_1706
HPT4	0.119608	0.000014	0.880299	0.000018	0.000010	0.000010	0.000010	0.000010	0.000011	0.000010	LD_0.9_10_1706
HPT42	0.056821	0.000019	0.943088	0.000013	0.000010	0.000010	0.000010	0.000010	0.000010	0.000010	LD_0.9_10_1706
HPT52	0.000010	0.000010	0.570762	0.000010	0.000010	0.000010	0.000010	0.429158	0.000010	0.000010	LD_0.9_10_1706
HPT53	0.000010	0.000010	0.999910	0.000010	0.000010	0.000010	0.000010	0.000010	0.000010	0.000010	LD_0.9_10_1706
HPT54	0.000010	0.000010	0.999910	0.000010	0.000010	0.000010	0.000010	0.000010	0.000010	0.000010	LD_0.9_10_1706
HPT55	0.000014	0.000010	0.999906	0.000010	0.000010	0.000010	0.000010	0.000010	0.000010	0.000010	LD_0.9_10_1706
HPT59	0.000010	0.000010	0.999910	0.000010	0.000010	0.000010	0.000010	0.000010	0.000010	0.000010	LD_0.9_10_1706
HPT60	0.000014	0.000010	0.999906	0.000010	0.000010	0.000010	0.000010	0.000010	0.000010	0.000010	LD_0.9_10_1706
HPT62	0.000010	0.000010	0.000010	0.000010	0.000010	0.000010	0.000010	0.999910	0.000010	0.000010	LD_0.9_10_1706
HPT63	0.000010	0.000010	0.999910	0.000010	0.000010	0.000010	0.000010	0.000010	0.000010	0.000010	LD_0.9_10_1706
HPT7	0.092451	0.000010	0.907461	0.000010	0.000017	0.000010	0.000010	0.000010	0.000010	0.000010	LD_0.9_10_1706
HPT8	0.118852	0.000012	0.881065	0.000010	0.000010	0.000010	0.000010	0.000010	0.000010	0.000010	LD_0.9_10_1706
HPT9	0.920532	0.000012	0.079386	0.000010	0.000010	0.000010	0.000010	0.000010	0.000010	0.000010	LD_0.9_10_1706
JU1085	0.000010	0.999910	0.000010	0.000010	0.000010	0.000010	0.000010	0.000010	0.000010	0.000010	LD_0.9_10_1706
JU1337	0.000010	0.000010	0.949385	0.000010	0.000010	0.000010	0.000010	0.050535	0.000010	0.000010	LD_0.9_10_1706
JU1338	0.999910	0.000010	0.000010	0.000010	0.000010	0.000010	0.000010	0.000010	0.000010	0.000010	LD_0.9_10_1706
JU1341	0.000010	0.000010	0.000010	0.000010	0.000010	0.999907	0.000013	0.000010	0.000010	0.000010	LD_0.9_10_1706
JU1346	0.999910	0.000010	0.000010	0.000010	0.000010	0.000010	0.000010	0.000010	0.000010	0.000010	LD_0.9_10_1706
JU1347	0.000010	0.000010	0.999908	0.000010	0.000010	0.000010	0.000010	0.000012	0.000010	0.000010	LD_0.9_10_1706
JU1348	0.000010	0.000010	0.000010	0.000010	0.000010	0.999910	0.000010	0.000010	0.000010	0.000010	LD_0.9_10_1706
JU1375	0.000010	0.000010	0.999910	0.000010	0.000010	0.000010	0.000010	0.000010	0.000010	0.000010	LD_0.9_10_1706
JU1377	0.000010	0.000010	0.999910	0.000010	0.000010	0.000010	0.000010	0.000010	0.000010	0.000010	LD_0.9_10_1706
JU1378	0.000010	0.000010	0.999910	0.000010	0.000010	0.000010	0.000010	0.000010	0.000010	0.000010	LD_0.9_10_1706
JU1392	0.000010	0.000010	0.999910	0.000010	0.000010	0.000010	0.000010	0.000010	0.000010	0.000010	LD_0.9_10_1706
JU1399	0.318091	0.000010	0.434729	0.000010	0.000010	0.000010	0.000010	0.000010	0.000010	0.247109	LD_0.9_10_1706
JU1424	0.999910	0.000010	0.000010	0.000010	0.000010	0.000010	0.000010	0.000010	0.000010	0.000010	LD_0.9_10_1706
JU1435	0.000010	0.000010	0.999910	0.000010	0.000010	0.000010	0.000010	0.000010	0.000010	0.000010	LD_0.9_10_1706
JU1564	0.000010	0.999909	0.000010	0.000010	0.000011	0.000010	0.000010	0.000010	0.000010	0.000010	LD_0.9_10_1706
JU1637	0.039865	0.000010	0.959363	0.000010	0.000010	0.000010	0.000010	0.000010	0.000010	0.000702	LD_0.9_10_1706
JU1638	0.046610	0.000010	0.953310	0.000010	0.000010	0.000010	0.000010	0.000010	0.000010	0.000010	LD_0.9_10_1706
JU1794	0.058861	0.000011	0.917991	0.000010	0.000010	0.000010	0.000010	0.023078	0.000010	0.000010	LD_0.9_10_1706
JU1795	0.000010	0.000010	0.999910	0.000010	0.000010	0.000010	0.000010	0.000010	0.000010	0.000010	LD_0.9_10_1706
JU1799	0.000010	0.000010	0.999910	0.000010	0.000010	0.000010	0.000010	0.000010	0.000010	0.000010	LD_0.9_10_1706
JU1802	0.000010	0.000010	0.999910	0.000010	0.000010	0.000010	0.000010	0.000010	0.000010	0.000010	LD_0.9_10_1706
JU1814	0.472356	0.000010	0.527559	0.000010	0.000010	0.000015	0.000010	0.000010	0.000010	0.000010	LD_0.9_10_1706
JU1884	0.000010	0.000010	0.999910	0.000010	0.000010	0.000010	0.000010	0.000010	0.000010	0.000010	LD_0.9_10_1706
JU1885	0.000010	0.000010	0.933485	0.000010	0.000010	0.000010	0.000010	0.066435	0.000010	0.000010	LD_0.9_10_1706
JU1907	0.000010	0.000010	0.999910	0.000010	0.000010	0.000010	0.000010	0.000010	0.000010	0.000010	LD_0.9_10_1706
JU1908	0.000010	0.000010	0.999910	0.000010	0.000010	0.000010	0.000010	0.000010	0.000010	0.000010	LD_0.9_10_1706
JU1909	0.000010	0.000010	0.999910	0.000010	0.000010	0.000010	0.000010	0.000010	0.000010	0.000010	LD_0.9_10_1706
JU1913	0.000010	0.000010	0.589178	0.000010	0.000010	0.000010	0.000010	0.410742	0.000010	0.000010	LD_0.9_10_1706
JU2053	0.000010	0.000010	0.999910	0.000010	0.000010	0.000010	0.000010	0.000010	0.000010	0.000010	LD_0.9_10_1706
JU2054	0.000010	0.000010	0.999910	0.000010	0.000010	0.000010	0.000010	0.000010	0.000010	0.000010	LD_0.9_10_1706
JU2056	0.000010	0.000010	0.999908	0.000012	0.000010	0.000010	0.000010	0.000010	0.000010	0.000010	LD_0.9_10_1706
JU2057	0.000010	0.000010	0.000010	0.000010	0.000010	0.000011	0.000010	0.999909	0.000010	0.000010	LD_0.9_10_1706
JU2160	0.000010	0.000010	0.000010	0.000011	0.000010	0.000010	0.000010	0.999909	0.000010	0.000010	LD_0.9_10_1706
JU2162	0.000010	0.000010	0.000010	0.000010	0.000010	0.000010	0.000010	0.999910	0.000010	0.000010	LD_0.9_10_1706
JU2214	0.000010	0.000011	0.697082	0.000010	0.000017	0.000010	0.000010	0.105889	0.000010	0.196951	LD_0.9_10_1706
JU2216	0.000010	0.000010	0.000010	0.000010	0.000010	0.000010	0.000014	0.000010	0.999906	0.000010	LD_0.9_10_1706
JU2457	0.164774	0.496045	0.307037	0.000010	0.000010	0.000010	0.000010	0.000010	0.000010	0.032085	LD_0.9_10_1706
JU2470	0.000010	0.000010	0.000013	0.000010	0.000010	0.000010	0.000010	0.999907	0.000010	0.000010	LD_0.9_10_1706
JU2472	0.002012	0.000010	0.997908	0.000010	0.000010	0.000010	0.000010	0.000010	0.000010	0.000010	LD_0.9_10_1706
JU2507	0.000010	0.000010	0.000010	0.000010	0.000010	0.000010	0.000010	0.999910	0.000010	0.000010	LD_0.9_10_1706
JU2518	0.810396	0.000010	0.000010	0.000010	0.000010	0.000010	0.000010	0.000010	0.000010	0.189524	LD_0.9_10_1706
JU2536	0.000010	0.999909	0.000010	0.000010	0.000011	0.000010	0.000010	0.000010	0.000010	0.000010	LD_0.9_10_1706
JU2618	0.106001	0.000010	0.201972	0.000010	0.000010	0.000010	0.000010	0.000010	0.000010	0.691957	LD_0.9_10_1706
JU2799	0.000010	0.000010	0.999908	0.000012	0.000010	0.000010	0.000010	0.000010	0.000010	0.000010	LD_0.9_10_1706
JU2836	0.000010	0.000010	0.678465	0.000010	0.000010	0.000010	0.000010	0.000010	0.000010	0.321455	LD_0.9_10_1706
JU2849	0.999910	0.000010	0.000010	0.000010	0.000010	0.000010	0.000010	0.000010	0.000010	0.000010	LD_0.9_10_1706
JU2861	0.000010	0.000010	0.999910	0.000010	0.000010	0.000010	0.000010	0.000010	0.000010	0.000010	LD_0.9_10_1706
JU2868	0.000017	0.000010	0.999903	0.000010	0.000010	0.000010	0.000010	0.000010	0.000010	0.000010	LD_0.9_10_1706
JU2872	0.000010	0.999906	0.000010	0.000010	0.000010	0.000010	0.000010	0.000013	0.000010	0.000010	LD_0.9_10_1706
JU2910	0.236173	0.000010	0.699322	0.000010	0.000010	0.000010	0.000016	0.058808	0.000010	0.005632	LD_0.9_10_1706
JU3168	0.000010	0.135650	0.189530	0.032486	0.240157	0.364354	0.000010	0.000010	0.037784	0.000010	LD_0.9_10_1706
JU3171	0.000010	0.000010	0.999910	0.000010	0.000010	0.000010	0.000010	0.000010	0.000010	0.000010	LD_0.9_10_1706
JU3199	0.000010	0.000010	0.000010	0.000010	0.000010	0.999910	0.000010	0.000010	0.000010	0.000010	LD_0.9_10_1706
JU3200	0.000010	0.000010	0.000010	0.000013	0.000010	0.999907	0.000010	0.000010	0.000010	0.000010	LD_0.9_10_1706
JU3201	0.000010	0.000010	0.000010	0.000010	0.000010	0.999910	0.000010	0.000010	0.000010	0.000010	LD_0.9_10_1706
JU3202	0.000010	0.000010	0.000010	0.000010	0.000010	0.999907	0.000013	0.000010	0.000010	0.000010	LD_0.9_10_1706
JU3203	0.000010	0.000010	0.000017	0.000010	0.000010	0.999900	0.000010	0.000010	0.000014	0.000010	LD_0.9_10_1706
JU3206	0.000010	0.000010	0.000010	0.000010	0.000010	0.999910	0.000010	0.000010	0.000010	0.000010	LD_0.9_10_1706
JU3207	0.000010	0.000010	0.999910	0.000010	0.000010	0.000010	0.000010	0.000010	0.000010	0.000010	LD_0.9_10_1706
JU3237	0.000010	0.000010	0.000011	0.000010	0.000010	0.000011	0.000010	0.999908	0.000010	0.000010	LD_0.9_10_1706
JU3281	0.000010	0.000010	0.999910	0.000010	0.000010	0.000010	0.000010	0.000010	0.000010	0.000010	LD_0.9_10_1706
JU3319	0.852869	0.000010	0.147051	0.000010	0.000010	0.000010	0.000010	0.000010	0.000010	0.000010	LD_0.9_10_1706
JU3321	0.000010	0.000010	0.999910	0.000010	0.000010	0.000010	0.000010	0.000010	0.000010	0.000010	LD_0.9_10_1706
JU3326	0.000010	0.182885	0.000010	0.000010	0.817035	0.000010	0.000010	0.000010	0.000010	0.000010	LD_0.9_10_1706
JU3327	0.060976	0.000010	0.938944	0.000010	0.000010	0.000010	0.000010	0.000010	0.000010	0.000010	LD_0.9_10_1706
JU3416	0.000010	0.903834	0.066688	0.000010	0.000010	0.000010	0.000010	0.000010	0.029408	0.000010	LD_0.9_10_1706
JU4042	0.000010	0.000010	0.999908	0.000010	0.000010	0.000010	0.000010	0.000012	0.000010	0.000010	LD_0.9_10_1706
JU4051	0.999896	0.000010	0.000013	0.000010	0.000018	0.000010	0.000010	0.000011	0.000012	0.000010	LD_0.9_10_1706
JU4058	0.999910	0.000010	0.000010	0.000010	0.000010	0.000010	0.000010	0.000010	0.000010	0.000010	LD_0.9_10_1706
JU4060	0.999910	0.000010	0.000010	0.000010	0.000010	0.000010	0.000010	0.000010	0.000010	0.000010	LD_0.9_10_1706
JU4062	0.999910	0.000010	0.000010	0.000010	0.000010	0.000010	0.000010	0.000010	0.000010	0.000010	LD_0.9_10_1706
JU4064	0.999910	0.000010	0.000010	0.000010	0.000010	0.000010	0.000010	0.000010	0.000010	0.000010	LD_0.9_10_1706
JU4080	0.000015	0.000010	0.999905	0.000010	0.000010	0.000010	0.000010	0.000010	0.000010	0.000010	LD_0.9_10_1706
JU4084	0.999910	0.000010	0.000010	0.000010	0.000010	0.000010	0.000010	0.000010	0.000010	0.000010	LD_0.9_10_1706
JU4097	0.999910	0.000010	0.000010	0.000010	0.000010	0.000010	0.000010	0.000010	0.000010	0.000010	LD_0.9_10_1706
JU725	0.833337	0.000010	0.166578	0.000010	0.000010	0.000010	0.000010	0.000015	0.000010	0.000010	LD_0.9_10_1706
MY2716	0.000010	0.000010	0.999910	0.000010	0.000010	0.000010	0.000010	0.000010	0.000010	0.000010	LD_0.9_10_1706
MY539	0.000010	0.000010	0.999910	0.000010	0.000010	0.000010	0.000010	0.000010	0.000010	0.000010	LD_0.9_10_1706
NIC1050	0.188268	0.000010	0.193355	0.000010	0.000010	0.000010	0.000010	0.000012	0.000010	0.618305	LD_0.9_10_1706
NIC1052	0.158895	0.000010	0.173319	0.000010	0.000010	0.000010	0.000010	0.000010	0.000010	0.667716	LD_0.9_10_1706
NIC1054	0.410618	0.000010	0.131675	0.000010	0.000010	0.000010	0.000010	0.000010	0.000010	0.457637	LD_0.9_10_1706
NIC1055	0.122883	0.000010	0.257098	0.000010	0.000010	0.000010	0.000010	0.000010	0.000010	0.619949	LD_0.9_10_1706
NIC1057	0.252518	0.000017	0.066197	0.000011	0.000010	0.000010	0.000010	0.000010	0.000010	0.681207	LD_0.9_10_1706
NIC1058	0.127102	0.000010	0.215152	0.000010	0.000010	0.000010	0.000010	0.000019	0.000010	0.657667	LD_0.9_10_1706
NIC1059	0.216884	0.000010	0.182105	0.000010	0.000010	0.000010	0.000010	0.000010	0.000010	0.600941	LD_0.9_10_1706
NIC1060	0.177569	0.000014	0.275454	0.000010	0.000013	0.000010	0.000010	0.000010	0.000010	0.546901	LD_0.9_10_1706
NIC1062	0.265746	0.000010	0.479553	0.000010	0.000010	0.000010	0.000010	0.000010	0.000010	0.254630	LD_0.9_10_1706
NIC1069	0.276913	0.000010	0.681671	0.000010	0.000010	0.000010	0.000010	0.000010	0.000010	0.041346	LD_0.9_10_1706
NIC1103	0.124123	0.000010	0.226781	0.000010	0.000010	0.000010	0.000010	0.000010	0.000010	0.649026	LD_0.9_10_1706
NIC1104	0.030715	0.000010	0.844560	0.000010	0.000010	0.000010	0.000010	0.000010	0.000010	0.124655	LD_0.9_10_1706
NIC1106	0.265981	0.000010	0.462765	0.000010	0.000010	0.000010	0.000010	0.000010	0.000010	0.271184	LD_0.9_10_1706
NIC1117	0.000010	0.000010	0.999910	0.000010	0.000010	0.000010	0.000010	0.000010	0.000010	0.000010	LD_0.9_10_1706
NIC1123	0.999910	0.000010	0.000010	0.000010	0.000010	0.000010	0.000010	0.000010	0.000010	0.000010	LD_0.9_10_1706
NIC1124	0.842411	0.000010	0.000010	0.000010	0.000010	0.000010	0.000010	0.000010	0.000010	0.157509	LD_0.9_10_1706
NIC1135	0.797095	0.000010	0.000010	0.000010	0.000010	0.000010	0.000010	0.000010	0.000010	0.202825	LD_0.9_10_1706
NIC1138	0.821637	0.000010	0.000010	0.000010	0.000010	0.000012	0.000010	0.000010	0.000010	0.178280	LD_0.9_10_1706
NIC1141	0.830087	0.000010	0.000014	0.000016	0.000010	0.000010	0.000010	0.000010	0.000010	0.169823	LD_0.9_10_1706
NIC115	0.533850	0.000010	0.466070	0.000010	0.000010	0.000010	0.000010	0.000010	0.000010	0.000010	LD_0.9_10_1706
NIC117	0.559288	0.000010	0.440632	0.000010	0.000010	0.000010	0.000010	0.000010	0.000010	0.000010	LD_0.9_10_1706
NIC1183	0.806112	0.000010	0.000010	0.000016	0.000010	0.000010	0.000010	0.000010	0.000010	0.193802	LD_0.9_10_1706
NIC119	0.596778	0.000010	0.403142	0.000010	0.000010	0.000010	0.000010	0.000010	0.000010	0.000010	LD_0.9_10_1706
NIC1190	0.900691	0.000010	0.000010	0.000010	0.000010	0.000010	0.000010	0.000011	0.000010	0.099228	LD_0.9_10_1706
NIC1202	0.040998	0.000010	0.958922	0.000010	0.000010	0.000010	0.000010	0.000010	0.000010	0.000010	LD_0.9_10_1706
NIC1204	0.051671	0.000010	0.948249	0.000010	0.000010	0.000010	0.000010	0.000010	0.000010	0.000010	LD_0.9_10_1706
NIC1205	0.000010	0.000014	0.000010	0.000010	0.000010	0.000010	0.000010	0.000010	0.999906	0.000010	LD_0.9_10_1706
NIC1218	0.000010	0.000010	0.999907	0.000010	0.000010	0.000010	0.000010	0.000013	0.000010	0.000010	LD_0.9_10_1706
NIC1220	0.000010	0.000010	0.000010	0.000010	0.000010	0.000010	0.000010	0.000010	0.999910	0.000010	LD_0.9_10_1706
NIC1221	0.034531	0.000010	0.939280	0.000010	0.000010	0.000010	0.000010	0.026120	0.000010	0.000010	LD_0.9_10_1706
NIC123	0.543064	0.000010	0.456851	0.000010	0.000015	0.000010	0.000010	0.000010	0.000010	0.000010	LD_0.9_10_1706
NIC1267	0.611182	0.000010	0.370785	0.000010	0.000010	0.000010	0.000010	0.000010	0.000010	0.017962	LD_0.9_10_1706
NIC1283	0.751128	0.000010	0.025459	0.000010	0.000010	0.000010	0.000010	0.000010	0.000010	0.223343	LD_0.9_10_1706
NIC1288	0.698355	0.000010	0.000010	0.000010	0.000010	0.000010	0.000010	0.000010	0.000010	0.301565	LD_0.9_10_1706
NIC1292	0.709965	0.000010	0.000010	0.000010	0.000010	0.000010	0.000010	0.000010	0.000010	0.289955	LD_0.9_10_1706
NIC1302	0.837569	0.000010	0.000010	0.000010	0.000010	0.000010	0.000010	0.000010	0.000010	0.162351	LD_0.9_10_1706
NIC1304	0.720825	0.000010	0.000010	0.000010	0.000010	0.000019	0.000010	0.000010	0.000010	0.279086	LD_0.9_10_1706
NIC1308	0.890370	0.000010	0.109550	0.000010	0.000010	0.000010	0.000010	0.000010	0.000010	0.000010	LD_0.9_10_1706
NIC1407	0.724212	0.000010	0.000010	0.000010	0.000010	0.000010	0.000010	0.000010	0.000010	0.275708	LD_0.9_10_1706
NIC1421	0.513678	0.000010	0.236620	0.000010	0.000010	0.000010	0.000010	0.000010	0.000010	0.249632	LD_0.9_10_1706
NIC1423	0.636535	0.000010	0.000010	0.000010	0.000010	0.000010	0.000010	0.000010	0.000010	0.363385	LD_0.9_10_1706
NIC1442	0.844603	0.000010	0.000010	0.000010	0.000010	0.000010	0.000010	0.000010	0.000010	0.155317	LD_0.9_10_1706
NIC1491	0.844942	0.000010	0.000010	0.000010	0.000010	0.000010	0.000010	0.000010	0.000010	0.154978	LD_0.9_10_1706
NIC1525	0.000010	0.000010	0.999910	0.000010	0.000010	0.000010	0.000010	0.000010	0.000010	0.000010	LD_0.9_10_1706
NIC1528	0.000010	0.000010	0.999904	0.000016	0.000010	0.000010	0.000010	0.000010	0.000010	0.000010	LD_0.9_10_1706
NIC1529	0.000010	0.000010	0.999910	0.000010	0.000010	0.000010	0.000010	0.000010	0.000010	0.000010	LD_0.9_10_1706
NIC1533	0.000010	0.000010	0.999910	0.000010	0.000010	0.000010	0.000010	0.000010	0.000010	0.000010	LD_0.9_10_1706
NIC1535	0.000010	0.000010	0.999910	0.000010	0.000010	0.000010	0.000010	0.000010	0.000010	0.000010	LD_0.9_10_1706
NIC1539	0.000010	0.000010	0.000010	0.000010	0.000010	0.000010	0.000010	0.000010	0.999910	0.000010	LD_0.9_10_1706
NIC1540	0.000010	0.000010	0.000010	0.999910	0.000010	0.000010	0.000010	0.000010	0.000010	0.000010	LD_0.9_10_1706
NIC1562	0.000010	0.000010	0.000014	0.000010	0.000017	0.000014	0.000010	0.000010	0.999895	0.000010	LD_0.9_10_1706
NIC1589	0.000010	0.000010	0.000010	0.999910	0.000010	0.000010	0.000010	0.000010	0.000010	0.000010	LD_0.9_10_1706
NIC1590	0.000010	0.000010	0.000010	0.000010	0.000010	0.000010	0.000010	0.000010	0.999910	0.000010	LD_0.9_10_1706
NIC1591	0.000010	0.000010	0.000013	0.999901	0.000010	0.000010	0.000010	0.000010	0.000016	0.000010	LD_0.9_10_1706
NIC1593	0.000010	0.000010	0.000010	0.999909	0.000010	0.000010	0.000010	0.000010	0.000011	0.000010	LD_0.9_10_1706
NIC1595	0.000010	0.000010	0.000010	0.000011	0.000010	0.000010	0.000010	0.000010	0.999909	0.000010	LD_0.9_10_1706
NIC1598	0.000010	0.000010	0.011557	0.000010	0.000010	0.000010	0.000010	0.000010	0.988363	0.000010	LD_0.9_10_1706
NIC1602	0.000010	0.000010	0.000010	0.000010	0.000010	0.000010	0.000010	0.000010	0.999910	0.000010	LD_0.9_10_1706
NIC1607	0.000010	0.000010	0.000010	0.000010	0.999910	0.000010	0.000010	0.000010	0.000010	0.000010	LD_0.9_10_1706
NIC1628	0.000010	0.000010	0.999910	0.000010	0.000010	0.000010	0.000010	0.000010	0.000010	0.000010	LD_0.9_10_1706
NIC1630	0.000010	0.000010	0.000010	0.000010	0.000010	0.000010	0.000010	0.000010	0.999910	0.000010	LD_0.9_10_1706
NIC1631	0.000010	0.000010	0.000010	0.000010	0.000010	0.000010	0.000010	0.000010	0.999910	0.000010	LD_0.9_10_1706
NIC1632	0.000010	0.999910	0.000010	0.000010	0.000010	0.000010	0.000010	0.000010	0.000010	0.000010	LD_0.9_10_1706
NIC1633	0.000010	0.999903	0.000017	0.000010	0.000010	0.000010	0.000010	0.000010	0.000010	0.000010	LD_0.9_10_1706
NIC1635	0.000010	0.999910	0.000010	0.000010	0.000010	0.000010	0.000010	0.000010	0.000010	0.000010	LD_0.9_10_1706
NIC1645	0.000010	0.000010	0.000010	0.000010	0.000010	0.000010	0.000010	0.000010	0.999910	0.000010	LD_0.9_10_1706
NIC1660	0.000010	0.000010	0.000010	0.000010	0.000018	0.000010	0.000010	0.000010	0.999902	0.000010	LD_0.9_10_1706
NIC1661	0.000010	0.000010	0.000010	0.000010	0.000010	0.000010	0.000010	0.000010	0.999910	0.000010	LD_0.9_10_1706
NIC1662	0.000010	0.000010	0.000010	0.000012	0.000010	0.000010	0.000010	0.000010	0.999908	0.000010	LD_0.9_10_1706
NIC1663	0.000010	0.000010	0.000017	0.000010	0.000019	0.000010	0.000010	0.000010	0.999894	0.000010	LD_0.9_10_1706
NIC1664	0.000010	0.000010	0.000010	0.999904	0.000010	0.000010	0.000010	0.000010	0.000016	0.000010	LD_0.9_10_1706
NIC1665	0.000010	0.000010	0.000011	0.999908	0.000010	0.000010	0.000010	0.000010	0.000010	0.000010	LD_0.9_10_1706
NIC1666	0.000010	0.000010	0.000010	0.000010	0.000010	0.000010	0.000010	0.000010	0.999910	0.000010	LD_0.9_10_1706
NIC1667	0.000010	0.000010	0.000011	0.000010	0.000010	0.000010	0.000010	0.000010	0.999909	0.000010	LD_0.9_10_1706
NIC1681	0.000016	0.000010	0.000010	0.000010	0.000010	0.000010	0.000010	0.000010	0.999904	0.000010	LD_0.9_10_1706
NIC1688	0.000010	0.000010	0.999910	0.000010	0.000010	0.000010	0.000010	0.000010	0.000010	0.000010	LD_0.9_10_1706
NIC1692	0.000010	0.000010	0.000010	0.000010	0.000010	0.000010	0.000010	0.000010	0.999910	0.000010	LD_0.9_10_1706
NIC1693	0.000010	0.000010	0.000010	0.000010	0.000010	0.000010	0.000010	0.000010	0.999910	0.000010	LD_0.9_10_1706
NIC17	0.000010	0.000010	0.999910	0.000010	0.000010	0.000010	0.000010	0.000010	0.000010	0.000010	LD_0.9_10_1706
NIC174	0.000010	0.999910	0.000010	0.000010	0.000010	0.000010	0.000010	0.000010	0.000010	0.000010	LD_0.9_10_1706
NIC187	0.616061	0.000010	0.383855	0.000010	0.000010	0.000015	0.000010	0.000010	0.000010	0.000010	LD_0.9_10_1706
NIC188	0.647045	0.000010	0.352870	0.000010	0.000015	0.000010	0.000010	0.000010	0.000010	0.000010	LD_0.9_10_1706
NIC19	0.000010	0.000010	0.000010	0.999907	0.000010	0.000010	0.000010	0.000010	0.000013	0.000010	LD_0.9_10_1706
NIC191	0.509492	0.000010	0.490420	0.000010	0.000010	0.000018	0.000010	0.000010	0.000010	0.000010	LD_0.9_10_1706
NIC20	0.000010	0.000010	0.000010	0.999910	0.000010	0.000010	0.000010	0.000010	0.000010	0.000010	LD_0.9_10_1706
NIC21	0.000010	0.000010	0.000010	0.999900	0.000015	0.000015	0.000010	0.000010	0.000010	0.000010	LD_0.9_10_1706
NIC22	0.000010	0.000010	0.000010	0.999910	0.000010	0.000010	0.000010	0.000010	0.000010	0.000010	LD_0.9_10_1706
NIC2369	0.999910	0.000010	0.000010	0.000010	0.000010	0.000010	0.000010	0.000010	0.000010	0.000010	LD_0.9_10_1706
NIC248	0.505228	0.000010	0.494692	0.000010	0.000010	0.000010	0.000010	0.000010	0.000010	0.000010	LD_0.9_10_1706
NIC250	0.479624	0.000010	0.520296	0.000010	0.000010	0.000010	0.000010	0.000010	0.000010	0.000010	LD_0.9_10_1706
NIC2527	0.000010	0.000010	0.999910	0.000010	0.000010	0.000010	0.000010	0.000010	0.000010	0.000010	LD_0.9_10_1706
NIC309	0.766418	0.000010	0.045990	0.000010	0.000010	0.000010	0.000010	0.000010	0.000010	0.187522	LD_0.9_10_1706
NIC325	0.768443	0.000010	0.043675	0.000010	0.000010	0.000010	0.000010	0.000010	0.000010	0.187812	LD_0.9_10_1706
NIC327	0.568857	0.000010	0.000010	0.000010	0.000010	0.000010	0.000010	0.000010	0.000010	0.431063	LD_0.9_10_1706
NIC329	0.727857	0.000010	0.000010	0.000010	0.000010	0.000010	0.000010	0.000010	0.000010	0.272063	LD_0.9_10_1706
NIC330	0.729532	0.000010	0.009856	0.000010	0.000010	0.000010	0.000010	0.000010	0.000010	0.260542	LD_0.9_10_1706
NIC331	0.634279	0.000010	0.068802	0.000010	0.000010	0.000010	0.000010	0.000010	0.000010	0.296849	LD_0.9_10_1706
NIC332	0.602344	0.000010	0.000010	0.000010	0.000010	0.000010	0.000010	0.000010	0.000010	0.397576	LD_0.9_10_1706
NIC333	0.778968	0.000010	0.000018	0.000010	0.000013	0.000010	0.000010	0.000010	0.000010	0.220941	LD_0.9_10_1706
NIC343	0.021115	0.000010	0.978803	0.000010	0.000013	0.000010	0.000010	0.000010	0.000010	0.000010	LD_0.9_10_1706
NIC392	0.442711	0.000010	0.477390	0.000010	0.000010	0.000010	0.000010	0.000010	0.000010	0.079829	LD_0.9_10_1706
NIC400	0.629507	0.000010	0.000010	0.000017	0.000010	0.000010	0.000010	0.000010	0.000010	0.370406	LD_0.9_10_1706
NIC402	0.607236	0.000010	0.000010	0.000010	0.000010	0.000010	0.000010	0.000010	0.000010	0.392684	LD_0.9_10_1706
NIC419	0.999910	0.000010	0.000010	0.000010	0.000010	0.000010	0.000010	0.000010	0.000010	0.000010	LD_0.9_10_1706
NIC504	0.000010	0.000017	0.000010	0.000010	0.000010	0.000010	0.000017	0.000010	0.999895	0.000010	LD_0.9_10_1706
NIC505	0.000011	0.000010	0.000010	0.000010	0.000010	0.000010	0.000015	0.000010	0.999904	0.000010	LD_0.9_10_1706
NIC518	0.000010	0.000010	0.000010	0.000010	0.000010	0.000010	0.000010	0.000010	0.999910	0.000010	LD_0.9_10_1706
NIC519	0.000010	0.000010	0.000010	0.000010	0.000010	0.000010	0.000010	0.000010	0.999910	0.000010	LD_0.9_10_1706
NIC532	0.467212	0.000010	0.532701	0.000016	0.000010	0.000010	0.000010	0.000010	0.000010	0.000010	LD_0.9_10_1706
NIC541	0.277389	0.000010	0.191409	0.000010	0.000010	0.000010	0.000010	0.303287	0.000010	0.227855	LD_0.9_10_1706
NIC549	0.409099	0.000010	0.590821	0.000010	0.000010	0.000010	0.000010	0.000010	0.000010	0.000010	LD_0.9_10_1706
NIC552	0.289024	0.000010	0.670876	0.000010	0.000010	0.000010	0.000010	0.000010	0.000010	0.040030	LD_0.9_10_1706
NIC555	0.401141	0.000010	0.444437	0.000010	0.000010	0.000010	0.000010	0.000010	0.000010	0.154352	LD_0.9_10_1706
NIC574	0.430581	0.000010	0.560884	0.000010	0.000010	0.000010	0.000010	0.000010	0.000010	0.008466	LD_0.9_10_1706
NIC578	0.633980	0.000010	0.365932	0.000010	0.000010	0.000018	0.000010	0.000010	0.000011	0.000010	LD_0.9_10_1706
NIC583	0.516052	0.000010	0.389910	0.000010	0.000010	0.000010	0.000010	0.000010	0.000010	0.093968	LD_0.9_10_1706
NIC590	0.747847	0.000010	0.118803	0.000010	0.000010	0.000010	0.000010	0.133280	0.000010	0.000010	LD_0.9_10_1706
NIC593	0.391279	0.000010	0.608641	0.000010	0.000010	0.000010	0.000010	0.000010	0.000010	0.000010	LD_0.9_10_1706
NIC60	0.882243	0.000010	0.063966	0.000010	0.000010	0.000010	0.000010	0.000010	0.000010	0.053720	LD_0.9_10_1706
NIC61	0.345392	0.000010	0.654528	0.000010	0.000010	0.000010	0.000010	0.000010	0.000010	0.000010	LD_0.9_10_1706
NIC62	0.511827	0.000010	0.446867	0.000010	0.000010	0.000010	0.000010	0.000010	0.000010	0.041236	LD_0.9_10_1706
NIC67	0.999910	0.000010	0.000010	0.000010	0.000010	0.000010	0.000010	0.000010	0.000010	0.000010	LD_0.9_10_1706
NIC758	0.616602	0.000010	0.251707	0.000010	0.000010	0.000010	0.000010	0.131621	0.000010	0.000010	LD_0.9_10_1706
NIC777	0.446991	0.000010	0.394619	0.000010	0.000010	0.000010	0.000010	0.000010	0.000010	0.158319	LD_0.9_10_1706
NIC779	0.000010	0.000010	0.000010	0.000015	0.000010	0.000010	0.000010	0.000010	0.999905	0.000010	LD_0.9_10_1706
NIC790	0.000010	0.000010	0.999904	0.000010	0.000010	0.000010	0.000010	0.000016	0.000010	0.000010	LD_0.9_10_1706
NIC791	0.000010	0.000010	0.080205	0.000010	0.000010	0.000010	0.000010	0.919715	0.000010	0.000010	LD_0.9_10_1706
NIC792	0.000010	0.000010	0.682442	0.000015	0.000010	0.000010	0.000010	0.317474	0.000010	0.000010	LD_0.9_10_1706
NIC793	0.000010	0.000010	0.999910	0.000010	0.000010	0.000010	0.000010	0.000010	0.000010	0.000010	LD_0.9_10_1706
NIC795	0.000010	0.000010	0.999902	0.000018	0.000010	0.000010	0.000010	0.000010	0.000010	0.000010	LD_0.9_10_1706
NIC796	0.000010	0.000010	0.991775	0.008145	0.000010	0.000010	0.000010	0.000010	0.000010	0.000010	LD_0.9_10_1706
NIC802	0.000010	0.000010	0.999910	0.000010	0.000010	0.000010	0.000010	0.000010	0.000010	0.000010	LD_0.9_10_1706
NIC803	0.000010	0.000010	0.996364	0.000010	0.000010	0.000010	0.000010	0.000010	0.000010	0.003556	LD_0.9_10_1706
NIC805	0.000010	0.000010	0.000010	0.000010	0.000010	0.000010	0.000010	0.000010	0.999910	0.000010	LD_0.9_10_1706
NIC811	0.000010	0.000010	0.976322	0.000010	0.000010	0.000010	0.000010	0.023598	0.000010	0.000010	LD_0.9_10_1706
NIC814	0.000010	0.000010	0.000011	0.000010	0.000010	0.000010	0.000010	0.000010	0.999909	0.000010	LD_0.9_10_1706
NIC815	0.000010	0.000010	0.000013	0.000010	0.000010	0.000010	0.000010	0.000010	0.999907	0.000010	LD_0.9_10_1706
NIC816	0.000010	0.000017	0.000020	0.999885	0.000010	0.000010	0.000018	0.000010	0.000010	0.000010	LD_0.9_10_1706
NIC819	0.000010	0.000012	0.000010	0.000010	0.999908	0.000010	0.000010	0.000010	0.000010	0.000010	LD_0.9_10_1706
NIC821	0.000010	0.000010	0.982047	0.000010	0.000010	0.000010	0.000010	0.000010	0.000010	0.017873	LD_0.9_10_1706
NIC822	0.000010	0.000010	0.000010	0.000010	0.000010	0.000010	0.000010	0.000010	0.999910	0.000010	LD_0.9_10_1706
NIC824	0.000010	0.000010	0.000010	0.000010	0.000010	0.000010	0.000010	0.000020	0.999900	0.000010	LD_0.9_10_1706
NIC825	0.000010	0.000010	0.000013	0.999896	0.000019	0.000010	0.000012	0.000010	0.000010	0.000010	LD_0.9_10_1706
NIC827	0.000010	0.000010	0.000010	0.999910	0.000010	0.000010	0.000010	0.000010	0.000010	0.000010	LD_0.9_10_1706
NIC828	0.000017	0.000010	0.000010	0.999902	0.000011	0.000010	0.000010	0.000010	0.000010	0.000010	LD_0.9_10_1706
NIC863	0.000010	0.000013	0.000010	0.000014	0.000010	0.000010	0.000010	0.000010	0.999903	0.000010	LD_0.9_10_1706
NIC864	0.000010	0.000010	0.000011	0.000010	0.000010	0.000010	0.000018	0.000010	0.999902	0.000010	LD_0.9_10_1706
NIC865	0.000010	0.000010	0.000010	0.000010	0.000010	0.000010	0.000010	0.000010	0.999910	0.000010	LD_0.9_10_1706
NIC871	0.000010	0.000010	0.999910	0.000010	0.000010	0.000010	0.000010	0.000010	0.000010	0.000010	LD_0.9_10_1706
NIC883	0.000010	0.000010	0.999910	0.000010	0.000010	0.000010	0.000010	0.000010	0.000010	0.000010	LD_0.9_10_1706
NIC889	0.000010	0.000010	0.000010	0.000010	0.000010	0.000010	0.000010	0.000010	0.999910	0.000010	LD_0.9_10_1706
NIC893	0.000010	0.000010	0.000010	0.000010	0.999910	0.000010	0.000010	0.000010	0.000010	0.000010	LD_0.9_10_1706
NIC897	0.000010	0.000010	0.000010	0.000012	0.000011	0.000015	0.000016	0.000010	0.999897	0.000010	LD_0.9_10_1706
NIC899	0.000010	0.999908	0.000011	0.000010	0.000011	0.000010	0.000010	0.000010	0.000010	0.000010	LD_0.9_10_1706
NIC901	0.000010	0.000010	0.999910	0.000010	0.000010	0.000010	0.000010	0.000010	0.000010	0.000010	LD_0.9_10_1706
NIC911	0.083041	0.000010	0.916879	0.000010	0.000010	0.000010	0.000010	0.000010	0.000010	0.000010	LD_0.9_10_1706
NIC96	0.844228	0.000010	0.000010	0.000010	0.000010	0.000010	0.000010	0.000010	0.000010	0.155692	LD_0.9_10_1706
NIC984	0.041346	0.000010	0.958574	0.000010	0.000010	0.000010	0.000010	0.000010	0.000010	0.000010	LD_0.9_10_1706
NIC985	0.304209	0.000010	0.695711	0.000010	0.000010	0.000010	0.000010	0.000010	0.000010	0.000010	LD_0.9_10_1706
PB800	0.000010	0.999910	0.000010	0.000010	0.000010	0.000010	0.000010	0.000010	0.000010	0.000010	LD_0.9_10_1706
PB857	0.000010	0.999910	0.000010	0.000010	0.000010	0.000010	0.000010	0.000010	0.000010	0.000010	LD_0.9_10_1706
PE887	0.000010	0.000010	0.999910	0.000010	0.000010	0.000010	0.000010	0.000010	0.000010	0.000010	LD_0.9_10_1706
QG1005	0.000010	0.000010	0.024945	0.000010	0.000010	0.000010	0.000010	0.000010	0.000010	0.974975	LD_0.9_10_1706
QG1007	0.000010	0.000010	0.000010	0.000010	0.000010	0.000010	0.000010	0.000010	0.000010	0.999910	LD_0.9_10_1706
QG1111	0.000010	0.000010	0.000010	0.000010	0.000010	0.000010	0.000010	0.000010	0.000010	0.999910	LD_0.9_10_1706
QG1126	0.000010	0.000010	0.000010	0.000010	0.000010	0.000010	0.000010	0.000010	0.000010	0.999910	LD_0.9_10_1706
QG1141	0.000010	0.000010	0.000010	0.000010	0.000010	0.000010	0.000010	0.000010	0.000010	0.999910	LD_0.9_10_1706
QG1155	0.000010	0.000010	0.000128	0.000010	0.000010	0.000010	0.000010	0.000010	0.000010	0.999792	LD_0.9_10_1706
QG130	0.000010	0.000010	0.999910	0.000010	0.000010	0.000010	0.000010	0.000010	0.000010	0.000010	LD_0.9_10_1706
QG132	0.000010	0.000010	0.999910	0.000010	0.000010	0.000010	0.000010	0.000010	0.000010	0.000010	LD_0.9_10_1706
QG133	0.000010	0.000010	0.022164	0.000010	0.000010	0.000010	0.000010	0.000011	0.977755	0.000010	LD_0.9_10_1706
QG2641	0.000010	0.000010	0.000010	0.000010	0.000010	0.000010	0.000010	0.000010	0.000010	0.999910	LD_0.9_10_1706
QG2648	0.000010	0.000010	0.000010	0.000010	0.000010	0.000010	0.000010	0.000010	0.000010	0.999910	LD_0.9_10_1706
QG2659	0.000010	0.000010	0.000010	0.000010	0.000010	0.000010	0.000010	0.000010	0.000010	0.999910	LD_0.9_10_1706
QG2663	0.000010	0.000010	0.000010	0.000010	0.000010	0.000010	0.000010	0.000010	0.000010	0.999910	LD_0.9_10_1706
QG2665	0.000010	0.000018	0.000010	0.000015	0.000010	0.000010	0.000010	0.000010	0.000010	0.999896	LD_0.9_10_1706
QG2683	0.000010	0.000010	0.000010	0.000010	0.000010	0.000010	0.000010	0.000010	0.000010	0.999910	LD_0.9_10_1706
QG2736	0.000010	0.000010	0.000010	0.000010	0.000010	0.000010	0.000010	0.000010	0.000010	0.999910	LD_0.9_10_1706
QG2814	0.000013	0.000010	0.999907	0.000010	0.000010	0.000010	0.000010	0.000010	0.000010	0.000010	LD_0.9_10_1706
QG2820	0.000010	0.000010	0.999910	0.000010	0.000010	0.000010	0.000010	0.000010	0.000010	0.000010	LD_0.9_10_1706
QG2848	0.000010	0.000010	0.999910	0.000010	0.000010	0.000010	0.000010	0.000010	0.000010	0.000010	LD_0.9_10_1706
QG2880	0.000019	0.000012	0.000010	0.000010	0.000010	0.000010	0.000010	0.999899	0.000010	0.000010	LD_0.9_10_1706
QG2881	0.000010	0.000010	0.999910	0.000010	0.000010	0.000010	0.000010	0.000010	0.000010	0.000010	LD_0.9_10_1706
QG2883	0.000015	0.000010	0.999905	0.000010	0.000010	0.000010	0.000010	0.000010	0.000010	0.000010	LD_0.9_10_1706
QG2884	0.000010	0.000010	0.000010	0.000010	0.000010	0.000010	0.000010	0.999910	0.000010	0.000010	LD_0.9_10_1706
QG2891	0.000010	0.000010	0.000010	0.000010	0.000013	0.000010	0.999907	0.000010	0.000011	0.000010	LD_0.9_10_1706
QG2892	0.000010	0.000010	0.000010	0.000010	0.000016	0.000010	0.000010	0.999904	0.000010	0.000010	LD_0.9_10_1706
QG2893	0.000012	0.000012	0.000010	0.000010	0.000010	0.473390	0.526525	0.000010	0.000010	0.000010	LD_0.9_10_1706
QG2895	0.000010	0.000010	0.000010	0.000017	0.000010	0.000010	0.000010	0.999903	0.000010	0.000010	LD_0.9_10_1706
QG2902	0.000010	0.000010	0.000010	0.000010	0.000010	0.000010	0.000010	0.999910	0.000010	0.000010	LD_0.9_10_1706
QG2903	0.000010	0.000010	0.000010	0.000010	0.000010	0.000010	0.000010	0.999910	0.000010	0.000010	LD_0.9_10_1706
QG2906	0.000010	0.000010	0.000010	0.000012	0.000010	0.000010	0.000010	0.999908	0.000010	0.000010	LD_0.9_10_1706
QG2908	0.000010	0.000010	0.000010	0.000010	0.000010	0.463609	0.536306	0.000010	0.000014	0.000010	LD_0.9_10_1706
QG2910	0.000010	0.000010	0.999908	0.000012	0.000010	0.000010	0.000010	0.000010	0.000010	0.000010	LD_0.9_10_1706
QG2919	0.000010	0.000010	0.000010	0.000010	0.000010	0.000010	0.999910	0.000010	0.000010	0.000010	LD_0.9_10_1706
QG2923	0.000010	0.000010	0.000010	0.000010	0.000010	0.000010	0.000010	0.999910	0.000010	0.000010	LD_0.9_10_1706
QG2925	0.000010	0.000010	0.000010	0.000010	0.000010	0.000010	0.000010	0.999910	0.000010	0.000010	LD_0.9_10_1706
QG2964	0.000010	0.000010	0.000010	0.000010	0.000010	0.000010	0.000010	0.000010	0.000010	0.999910	LD_0.9_10_1706
QG2966	0.000010	0.000010	0.349780	0.000010	0.000010	0.000010	0.000010	0.000010	0.000010	0.650140	LD_0.9_10_1706
QG2969	0.000010	0.000010	0.000010	0.000010	0.000010	0.000010	0.000010	0.000010	0.000010	0.999910	LD_0.9_10_1706
QG2972	0.000010	0.000010	0.000010	0.000010	0.000010	0.000010	0.000010	0.000010	0.000010	0.999910	LD_0.9_10_1706
QG2996	0.000010	0.000010	0.000010	0.000010	0.000010	0.000010	0.000010	0.000010	0.000010	0.999910	LD_0.9_10_1706
QG3004	0.000010	0.000010	0.172282	0.000010	0.000010	0.000010	0.000010	0.000010	0.000010	0.827638	LD_0.9_10_1706
QG3006	0.000010	0.000010	0.000010	0.000010	0.000010	0.000010	0.000010	0.000010	0.000010	0.999910	LD_0.9_10_1706
QG3019	0.000010	0.000010	0.085997	0.000010	0.000010	0.000010	0.000010	0.000010	0.000010	0.913923	LD_0.9_10_1706
QG3025	0.000010	0.000010	0.000010	0.000010	0.000010	0.000010	0.000010	0.000010	0.000010	0.999910	LD_0.9_10_1706
QG3030	0.000010	0.000010	0.000010	0.000010	0.000010	0.000010	0.000010	0.000010	0.000010	0.999910	LD_0.9_10_1706
QG3032	0.000010	0.000010	0.173127	0.000010	0.000010	0.000010	0.000010	0.000010	0.000010	0.826793	LD_0.9_10_1706
QG3034	0.000010	0.000010	0.000010	0.000010	0.000010	0.000010	0.000010	0.000010	0.000010	0.999910	LD_0.9_10_1706
QG3041	0.000010	0.000010	0.000010	0.000010	0.000010	0.000010	0.000010	0.000010	0.000010	0.999910	LD_0.9_10_1706
QG3053	0.297860	0.000010	0.702060	0.000010	0.000010	0.000010	0.000010	0.000010	0.000010	0.000010	LD_0.9_10_1706
QG3056	0.000010	0.000010	0.354579	0.000010	0.000010	0.000010	0.000010	0.000010	0.000010	0.645341	LD_0.9_10_1706
QG3057	0.000010	0.000010	0.000010	0.000010	0.000010	0.000010	0.000010	0.000010	0.000010	0.999910	LD_0.9_10_1706
QG3058	0.000010	0.000010	0.042408	0.000010	0.000010	0.000010	0.000010	0.000010	0.000010	0.957512	LD_0.9_10_1706
QG3527	0.415614	0.000010	0.429588	0.000010	0.000010	0.000010	0.000010	0.000010	0.000010	0.154728	LD_0.9_10_1706
QG3661	0.000010	0.999910	0.000010	0.000010	0.000010	0.000010	0.000010	0.000010	0.000010	0.000010	LD_0.9_10_1706
QG3783	0.341735	0.000010	0.539909	0.000010	0.000010	0.000010	0.000010	0.000010	0.000010	0.118285	LD_0.9_10_1706
QG3801	0.020582	0.000010	0.043638	0.000010	0.000010	0.000010	0.000010	0.000010	0.000010	0.935710	LD_0.9_10_1706
QG3815	0.539970	0.000010	0.382895	0.000010	0.000010	0.000014	0.000012	0.000010	0.000010	0.077059	LD_0.9_10_1706
QG3816	0.380314	0.000010	0.520915	0.000011	0.000010	0.000010	0.000010	0.000010	0.000010	0.098700	LD_0.9_10_1706
QG3823	0.088586	0.000010	0.000010	0.000010	0.000010	0.000010	0.000010	0.000010	0.000010	0.911334	LD_0.9_10_1706
QG3825	0.401201	0.000010	0.568197	0.000010	0.000010	0.000010	0.000010	0.000010	0.000010	0.030533	LD_0.9_10_1706
QG3826	0.326158	0.000010	0.546601	0.000010	0.000010	0.000010	0.000010	0.000010	0.000010	0.127171	LD_0.9_10_1706
QG3837	0.478221	0.000010	0.521699	0.000010	0.000010	0.000010	0.000010	0.000010	0.000010	0.000010	LD_0.9_10_1706
QG3851	0.375899	0.000010	0.495345	0.000010	0.000010	0.000010	0.000010	0.000010	0.000010	0.128686	LD_0.9_10_1706
QG3861	0.394808	0.000010	0.515821	0.000010	0.000010	0.000010	0.000010	0.000010	0.000010	0.089301	LD_0.9_10_1706
QG3867	0.056350	0.000010	0.042581	0.000010	0.000010	0.000010	0.000010	0.000010	0.000010	0.900999	LD_0.9_10_1706
QG3874	0.352835	0.000010	0.613122	0.000010	0.000010	0.000010	0.000010	0.000010	0.000010	0.033973	LD_0.9_10_1706
QG3875	0.589726	0.000010	0.366485	0.000010	0.000010	0.000010	0.000010	0.000012	0.000010	0.043717	LD_0.9_10_1706
QG3876	0.383278	0.000010	0.489803	0.000010	0.000010	0.000010	0.000010	0.000010	0.000010	0.126849	LD_0.9_10_1706
QG3878	0.638575	0.000010	0.319221	0.000010	0.000010	0.000010	0.000010	0.000019	0.000010	0.042125	LD_0.9_10_1706
QG3920	0.408261	0.000010	0.468612	0.000010	0.000010	0.000010	0.000010	0.000010	0.000010	0.123056	LD_0.9_10_1706
QG3921	0.348076	0.000010	0.529110	0.000010	0.000010	0.000010	0.000010	0.000010	0.000010	0.122743	LD_0.9_10_1706
QG3923	0.333355	0.000010	0.648347	0.000010	0.000010	0.000010	0.000010	0.000010	0.000010	0.018228	LD_0.9_10_1706
QG3924	0.297210	0.000010	0.467792	0.000010	0.000010	0.000010	0.000010	0.000010	0.000010	0.234928	LD_0.9_10_1706
QG3925	0.493503	0.000010	0.391289	0.000010	0.000010	0.000014	0.000010	0.000010	0.000010	0.115134	LD_0.9_10_1706
QG3926	0.522020	0.000010	0.409553	0.000010	0.000010	0.000010	0.000010	0.000010	0.000010	0.068357	LD_0.9_10_1706
QG3927	0.402208	0.000010	0.545677	0.000010	0.000010	0.000010	0.000010	0.000010	0.000010	0.052045	LD_0.9_10_1706
QG3931	0.499484	0.000010	0.289883	0.000010	0.000010	0.000010	0.000010	0.000010	0.000010	0.210562	LD_0.9_10_1706
QG3932	0.280344	0.000012	0.615327	0.000010	0.000014	0.000010	0.000010	0.000010	0.000010	0.104253	LD_0.9_10_1706
QG3933	0.087945	0.000010	0.911975	0.000010	0.000010	0.000010	0.000010	0.000010	0.000010	0.000010	LD_0.9_10_1706
QG4026	0.000010	0.000010	0.000010	0.000010	0.000011	0.000020	0.999899	0.000010	0.000010	0.000010	LD_0.9_10_1706
QG4028	0.000010	0.000010	0.000010	0.000010	0.000010	0.000010	0.999910	0.000010	0.000010	0.000010	LD_0.9_10_1706
QG4031	0.000010	0.000010	0.000010	0.000010	0.000013	0.000010	0.999907	0.000010	0.000010	0.000010	LD_0.9_10_1706
QG4063	0.000010	0.000016	0.000010	0.000010	0.000013	0.000010	0.999901	0.000010	0.000010	0.000010	LD_0.9_10_1706
QG4064	0.000010	0.000010	0.000010	0.000010	0.000010	0.000017	0.999903	0.000010	0.000010	0.000010	LD_0.9_10_1706
QG4067	0.000010	0.000010	0.000010	0.000010	0.000010	0.000010	0.999910	0.000010	0.000010	0.000010	LD_0.9_10_1706
QG4068	0.000010	0.000010	0.000010	0.000010	0.000010	0.000010	0.999910	0.000010	0.000010	0.000010	LD_0.9_10_1706
QG4070	0.000010	0.000010	0.999910	0.000010	0.000010	0.000010	0.000010	0.000010	0.000010	0.000010	LD_0.9_10_1706
QG4093	0.000013	0.000010	0.000010	0.000010	0.000010	0.098632	0.901281	0.000010	0.000013	0.000010	LD_0.9_10_1706
QG4094	0.000010	0.000010	0.000010	0.000010	0.000010	0.000010	0.999910	0.000010	0.000010	0.000010	LD_0.9_10_1706
QG4095	0.000010	0.000010	0.000010	0.000010	0.000010	0.000010	0.999910	0.000010	0.000010	0.000010	LD_0.9_10_1706
QG4096	0.000010	0.000010	0.000010	0.000010	0.000010	0.000010	0.999910	0.000010	0.000010	0.000010	LD_0.9_10_1706
QG4097	0.000010	0.000010	0.000010	0.000010	0.000010	0.000010	0.999910	0.000010	0.000010	0.000010	LD_0.9_10_1706
QG4104	0.000010	0.000010	0.000013	0.000010	0.000010	0.000010	0.999907	0.000010	0.000010	0.000010	LD_0.9_10_1706
QG4114	0.000010	0.000010	0.000010	0.000010	0.000010	0.000018	0.999902	0.000010	0.000010	0.000010	LD_0.9_10_1706
QG4131	0.000010	0.000012	0.000010	0.000010	0.000010	0.000011	0.999907	0.000010	0.000010	0.000010	LD_0.9_10_1706
QG4132	0.000010	0.000012	0.000010	0.000010	0.000010	0.000011	0.999906	0.000010	0.000010	0.000010	LD_0.9_10_1706
QG4208	0.000010	0.000010	0.000010	0.000010	0.000010	0.123318	0.876602	0.000010	0.000010	0.000010	LD_0.9_10_1706
QG4214	0.000010	0.000010	0.000010	0.000010	0.000010	0.000010	0.999910	0.000010	0.000010	0.000010	LD_0.9_10_1706
QG4225	0.000010	0.000011	0.000010	0.000010	0.000010	0.000010	0.999909	0.000010	0.000010	0.000010	LD_0.9_10_1706
QG4232	0.000010	0.000010	0.000010	0.000010	0.000010	0.023909	0.976011	0.000010	0.000010	0.000010	LD_0.9_10_1706
QG4233	0.000010	0.000010	0.000010	0.000010	0.000010	0.000010	0.999910	0.000010	0.000010	0.000010	LD_0.9_10_1706
QG4647	0.000010	0.000010	0.000010	0.000010	0.000010	0.000010	0.000010	0.999910	0.000010	0.000010	LD_0.9_10_1706
QG4648	0.000010	0.000010	0.989914	0.000010	0.000010	0.000010	0.000010	0.010006	0.000010	0.000010	LD_0.9_10_1706
QG4683	0.000010	0.000010	0.999910	0.000010	0.000010	0.000010	0.000010	0.000010	0.000010	0.000010	LD_0.9_10_1706
QG4701	0.000010	0.000010	0.423189	0.000010	0.000015	0.000010	0.000010	0.576725	0.000010	0.000010	LD_0.9_10_1706
QG4706	0.000010	0.000010	0.999910	0.000010	0.000010	0.000010	0.000010	0.000010	0.000010	0.000010	LD_0.9_10_1706
QG4718	0.000010	0.000010	0.999910	0.000010	0.000010	0.000010	0.000010	0.000010	0.000010	0.000010	LD_0.9_10_1706
QG4742	0.000010	0.000010	0.978351	0.000010	0.000010	0.000010	0.000010	0.021569	0.000010	0.000010	LD_0.9_10_1706
QG4805	0.000010	0.000010	0.000010	0.000010	0.000010	0.000010	0.000010	0.999910	0.000010	0.000010	LD_0.9_10_1706
QG4847	0.000010	0.000010	0.999910	0.000010	0.000010	0.000010	0.000010	0.000010	0.000010	0.000010	LD_0.9_10_1706
QG4966	0.000010	0.000010	0.999910	0.000010	0.000010	0.000010	0.000010	0.000010	0.000010	0.000010	LD_0.9_10_1706
QG5348	0.000010	0.000010	0.999910	0.000010	0.000010	0.000010	0.000010	0.000010	0.000010	0.000010	LD_0.9_10_1706
QG5406	0.000010	0.000011	0.999905	0.000010	0.000013	0.000010	0.000010	0.000010	0.000010	0.000010	LD_0.9_10_1706
QG547	0.000010	0.999909	0.000011	0.000010	0.000010	0.000010	0.000010	0.000010	0.000010	0.000010	LD_0.9_10_1706
QG5474	0.000010	0.000010	0.345308	0.000010	0.000010	0.000010	0.000010	0.654612	0.000010	0.000010	LD_0.9_10_1706
QG5488	0.000010	0.000010	0.999910	0.000010	0.000010	0.000010	0.000010	0.000010	0.000010	0.000010	LD_0.9_10_1706
QG550	0.172517	0.000010	0.486677	0.000010	0.000010	0.000010	0.000010	0.340736	0.000010	0.000010	LD_0.9_10_1706
QG5507	0.000010	0.000010	0.798200	0.000010	0.000010	0.000010	0.000010	0.201720	0.000010	0.000010	LD_0.9_10_1706
QG5525	0.000010	0.000010	0.975286	0.000010	0.000010	0.000010	0.000010	0.024634	0.000010	0.000010	LD_0.9_10_1706
QG5589	0.000010	0.000010	0.165708	0.000010	0.000010	0.000010	0.000010	0.834212	0.000010	0.000010	LD_0.9_10_1706
QG5603	0.000010	0.000010	0.341326	0.000010	0.000010	0.000010	0.000010	0.658593	0.000012	0.000010	LD_0.9_10_1706
QG5611	0.000010	0.000010	0.999910	0.000010	0.000010	0.000010	0.000010	0.000010	0.000010	0.000010	LD_0.9_10_1706
QG5612	0.000010	0.000010	0.978734	0.000010	0.000010	0.000010	0.000010	0.000010	0.000010	0.021186	LD_0.9_10_1706
QG5633	0.000010	0.000010	0.982345	0.000010	0.000010	0.000010	0.000010	0.017575	0.000010	0.000010	LD_0.9_10_1706
QG581	0.000010	0.999889	0.000018	0.000010	0.000018	0.000010	0.000010	0.000010	0.000015	0.000010	LD_0.9_10_1706
QG588	0.000010	0.999910	0.000010	0.000010	0.000010	0.000010	0.000010	0.000010	0.000010	0.000010	LD_0.9_10_1706
QG700	0.000010	0.000010	0.138542	0.000010	0.000010	0.000010	0.000010	0.000010	0.000010	0.861378	LD_0.9_10_1706
QG727	0.000010	0.000010	0.000010	0.000010	0.000010	0.000010	0.000010	0.000010	0.000010	0.999910	LD_0.9_10_1706
QG733	0.000010	0.000010	0.000019	0.000010	0.000010	0.000010	0.000010	0.000018	0.000010	0.999894	LD_0.9_10_1706
QG736	0.000010	0.000010	0.000010	0.000010	0.000010	0.000010	0.000010	0.000010	0.000010	0.999910	LD_0.9_10_1706
QG737	0.000010	0.000010	0.000010	0.000010	0.000010	0.000010	0.000010	0.000010	0.000010	0.999910	LD_0.9_10_1706
QG739	0.000010	0.000010	0.000010	0.000010	0.000010	0.000010	0.000010	0.000010	0.000010	0.999910	LD_0.9_10_1706
QG761	0.000010	0.000010	0.212313	0.000010	0.000010	0.000010	0.000010	0.000010	0.000010	0.787607	LD_0.9_10_1706
QG763	0.000010	0.000010	0.031517	0.000010	0.000010	0.000010	0.000010	0.000010	0.000010	0.968403	LD_0.9_10_1706
QG776	0.000010	0.000010	0.013325	0.000010	0.000010	0.000010	0.000010	0.000013	0.000010	0.986592	LD_0.9_10_1706
QG781	0.000010	0.000010	0.000010	0.000010	0.000010	0.000010	0.000010	0.000010	0.000010	0.999910	LD_0.9_10_1706
QG784	0.000010	0.000010	0.000010	0.000010	0.000010	0.000010	0.000010	0.000010	0.000010	0.999910	LD_0.9_10_1706
QG786	0.000010	0.000010	0.000010	0.000010	0.000010	0.000010	0.000010	0.000010	0.000010	0.999910	LD_0.9_10_1706
QG788	0.000010	0.000010	0.000010	0.000010	0.000010	0.000010	0.000010	0.000010	0.000010	0.999910	LD_0.9_10_1706
QG790	0.000010	0.000010	0.000010	0.000010	0.000010	0.000010	0.000010	0.000010	0.000010	0.999909	LD_0.9_10_1706
QG791	0.000010	0.000010	0.053106	0.000010	0.000010	0.000010	0.000010	0.000010	0.000010	0.946814	LD_0.9_10_1706
QG795	0.000010	0.000010	0.237929	0.000010	0.000010	0.000010	0.000010	0.000010	0.000010	0.761991	LD_0.9_10_1706
QG797	0.000010	0.000010	0.000010	0.000010	0.000010	0.000010	0.000010	0.000012	0.000010	0.999908	LD_0.9_10_1706
QG802	0.000010	0.000010	0.000010	0.000010	0.000010	0.000010	0.000010	0.000010	0.000010	0.999910	LD_0.9_10_1706
QG804	0.000010	0.000010	0.000010	0.000010	0.000010	0.000010	0.000010	0.000010	0.000010	0.999910	LD_0.9_10_1706
QG806	0.000010	0.000010	0.000010	0.000010	0.000010	0.000010	0.000010	0.000010	0.000010	0.999910	LD_0.9_10_1706
QG807	0.000010	0.000010	0.000010	0.000010	0.000010	0.000010	0.000010	0.000011	0.000010	0.999909	LD_0.9_10_1706
QG808	0.000010	0.000010	0.037611	0.000010	0.000010	0.000010	0.000010	0.000010	0.000010	0.962309	LD_0.9_10_1706
QG809	0.000010	0.000010	0.000010	0.000010	0.000010	0.000010	0.000010	0.000014	0.000010	0.999906	LD_0.9_10_1706
QG825	0.000010	0.000010	0.000010	0.000010	0.000010	0.000010	0.000010	0.000010	0.000010	0.999910	LD_0.9_10_1706
QG827	0.000010	0.000010	0.000010	0.000010	0.000010	0.000010	0.000010	0.000010	0.000010	0.999910	LD_0.9_10_1706
QG828	0.000010	0.000010	0.000013	0.000010	0.000010	0.000010	0.000010	0.000010	0.000010	0.999907	LD_0.9_10_1706
QG833	0.000019	0.000010	0.027322	0.000010	0.000010	0.000010	0.000010	0.000010	0.000010	0.972590	LD_0.9_10_1706
QG855	0.000010	0.000010	0.028644	0.000010	0.000010	0.000010	0.000010	0.000010	0.000010	0.971276	LD_0.9_10_1706
QG856	0.000010	0.000010	0.000010	0.000010	0.000010	0.000010	0.000010	0.000010	0.000010	0.999910	LD_0.9_10_1706
QG858	0.000010	0.000010	0.000010	0.000010	0.000010	0.000010	0.000010	0.000010	0.000010	0.999910	LD_0.9_10_1706
QG860	0.000010	0.000010	0.190038	0.000010	0.000010	0.000010	0.000010	0.000010	0.000010	0.809882	LD_0.9_10_1706
QG864	0.000010	0.000010	0.000010	0.000010	0.000010	0.000010	0.000010	0.000010	0.000010	0.999910	LD_0.9_10_1706
QG865	0.000010	0.000010	0.000010	0.000010	0.000010	0.000010	0.000010	0.000010	0.000010	0.999910	LD_0.9_10_1706
QG866	0.000010	0.000010	0.000010	0.000010	0.000010	0.000010	0.000010	0.000010	0.000010	0.999910	LD_0.9_10_1706
QG868	0.000010	0.000010	0.034082	0.000010	0.000010	0.000010	0.000010	0.000010	0.000010	0.965838	LD_0.9_10_1706
QG874	0.000010	0.000010	0.000010	0.000010	0.000010	0.000010	0.000010	0.000010	0.000010	0.999910	LD_0.9_10_1706
QG875	0.000010	0.000010	0.000010	0.000010	0.000010	0.000010	0.000010	0.000010	0.000010	0.999910	LD_0.9_10_1706
QG878	0.000010	0.000010	0.000010	0.000010	0.000010	0.000010	0.000010	0.000010	0.000010	0.999910	LD_0.9_10_1706
QG879	0.000010	0.000010	0.000010	0.000010	0.000010	0.000010	0.000010	0.000010	0.000010	0.999910	LD_0.9_10_1706
QG880	0.000010	0.000010	0.000010	0.000010	0.000010	0.000010	0.000010	0.000010	0.000010	0.999910	LD_0.9_10_1706
QG881	0.000010	0.000010	0.217760	0.000010	0.000010	0.000010	0.000010	0.000010	0.000010	0.782160	LD_0.9_10_1706
QG887	0.000010	0.000010	0.000010	0.000010	0.000010	0.000010	0.000010	0.000010	0.000010	0.999910	LD_0.9_10_1706
QG888	0.000010	0.000010	0.000010	0.000010	0.000010	0.000010	0.000010	0.000010	0.000010	0.999910	LD_0.9_10_1706
QG926	0.000010	0.000010	0.000010	0.000010	0.000010	0.000010	0.000010	0.000010	0.000010	0.999910	LD_0.9_10_1706
QG927	0.000010	0.000010	0.931458	0.000010	0.000010	0.000010	0.000010	0.000010	0.000010	0.068462	LD_0.9_10_1706
QG933	0.000010	0.000010	0.000010	0.000010	0.000010	0.000010	0.000010	0.000010	0.000010	0.999910	LD_0.9_10_1706
QG937	0.000016	0.000010	0.000010	0.000010	0.000010	0.000010	0.000010	0.000010	0.000010	0.999904	LD_0.9_10_1706
QG945	0.000010	0.000010	0.000010	0.000010	0.000010	0.000010	0.000010	0.000010	0.000010	0.999910	LD_0.9_10_1706
QG946	0.000010	0.000010	0.000010	0.000010	0.000010	0.000010	0.000010	0.000010	0.000010	0.999910	LD_0.9_10_1706
QG947	0.000010	0.000010	0.000010	0.000010	0.000010	0.000010	0.000010	0.000010	0.000010	0.999910	LD_0.9_10_1706
QG948	0.000010	0.000010	0.000010	0.000010	0.000010	0.000010	0.000010	0.000012	0.000010	0.999908	LD_0.9_10_1706
QG952	0.000010	0.000010	0.089882	0.000010	0.000010	0.000010	0.000010	0.000010	0.000010	0.910038	LD_0.9_10_1706
QG978	0.000010	0.000010	0.108640	0.000010	0.000010	0.000010	0.000010	0.000010	0.000010	0.891280	LD_0.9_10_1706
QG980	0.000010	0.000010	0.000010	0.000010	0.000010	0.000010	0.000010	0.000010	0.000010	0.999910	LD_0.9_10_1706
QG986	0.000010	0.000010	0.022753	0.000010	0.000010	0.000010	0.000010	0.000010	0.000010	0.977167	LD_0.9_10_1706
QG991	0.000010	0.000010	0.000010	0.000010	0.000010	0.000010	0.000010	0.000010	0.000010	0.999910	LD_0.9_10_1706
QG994	0.000010	0.000010	0.000010	0.000010	0.000010	0.000010	0.000010	0.000012	0.000010	0.999908	LD_0.9_10_1706
QG995	0.000010	0.000010	0.000010	0.000010	0.000010	0.000010	0.000010	0.000010	0.000010	0.999910	LD_0.9_10_1706
QG997	0.000010	0.000010	0.000010	0.000010	0.000010	0.000010	0.000010	0.000010	0.000010	0.999910	LD_0.9_10_1706
QG998	0.000010	0.000010	0.000010	0.000010	0.000010	0.000010	0.000010	0.000011	0.000010	0.999909	LD_0.9_10_1706
QR25	0.000010	0.272647	0.013407	0.000010	0.713877	0.000010	0.000010	0.000010	0.000010	0.000010	LD_0.9_10_1706
QX1410	0.518535	0.000019	0.481376	0.000010	0.000010	0.000010	0.000010	0.000010	0.000010	0.000010	LD_0.9_10_1706
QX1547	0.000010	0.999910	0.000010	0.000010	0.000010	0.000010	0.000010	0.000010	0.000010	0.000010	LD_0.9_10_1706
QX1795	0.059339	0.000010	0.940581	0.000010	0.000010	0.000010	0.000010	0.000010	0.000010	0.000010	LD_0.9_10_1706
QX1796	0.000010	0.000010	0.999910	0.000010	0.000010	0.000010	0.000010	0.000010	0.000010	0.000010	LD_0.9_10_1706
QX1798	0.000010	0.000015	0.000010	0.000010	0.000010	0.000011	0.000010	0.000010	0.999904	0.000010	LD_0.9_10_1706
QX1800	0.000010	0.000010	0.999909	0.000010	0.000010	0.000010	0.000010	0.000010	0.000011	0.000010	LD_0.9_10_1706
QX1801	0.000010	0.000010	0.999910	0.000010	0.000010	0.000010	0.000010	0.000010	0.000010	0.000010	LD_0.9_10_1706
QX1802	0.000010	0.000010	0.999910	0.000010	0.000010	0.000010	0.000010	0.000010	0.000010	0.000010	LD_0.9_10_1706
QX1803	0.000010	0.000010	0.999910	0.000010	0.000010	0.000010	0.000010	0.000010	0.000010	0.000010	LD_0.9_10_1706
QX1804	0.000010	0.000010	0.999910	0.000010	0.000010	0.000010	0.000010	0.000010	0.000010	0.000010	LD_0.9_10_1706
SOW18	0.000010	0.999909	0.000010	0.000010	0.000011	0.000010	0.000010	0.000010	0.000010	0.000010	LD_0.9_10_1706
SOW21	0.000010	0.999909	0.000010	0.000010	0.000011	0.000010	0.000010	0.000010	0.000010	0.000010	LD_0.9_10_1706
SOW22	0.000010	0.999909	0.000010	0.000010	0.000011	0.000010	0.000010	0.000010	0.000010	0.000010	LD_0.9_10_1706
TT3408	0.000010	0.000010	0.999910	0.000010	0.000010	0.000010	0.000010	0.000010	0.000010	0.000010	LD_0.9_10_1706
TT3411	0.000010	0.000010	0.999910	0.000010	0.000010	0.000010	0.000010	0.000010	0.000010	0.000010	LD_0.9_10_1706
TWN1772	0.000010	0.000010	0.000010	0.000010	0.000010	0.000010	0.000010	0.000010	0.999910	0.000010	LD_0.9_10_1706
TWN1824	0.000010	0.000010	0.000010	0.999910	0.000010	0.000010	0.000010	0.000010	0.000010	0.000010	LD_0.9_10_1706
TWN1899	0.000011	0.000010	0.000010	0.999909	0.000010	0.000010	0.000010	0.000010	0.000010	0.000010	LD_0.9_10_1706
TWN1907	0.000010	0.000010	0.000010	0.000010	0.000010	0.000010	0.000010	0.000010	0.999909	0.000010	LD_0.9_10_1706
TWN2919	0.000010	0.000010	0.000010	0.000010	0.000010	0.000010	0.000010	0.000010	0.999910	0.000010	LD_0.9_10_1706
TWN3077	0.000013	0.000010	0.000010	0.000010	0.000010	0.000010	0.000010	0.000010	0.999907	0.000010	LD_0.9_10_1706
UH1	0.000010	0.000010	0.000010	0.000010	0.000010	0.000010	0.000010	0.000010	0.999910	0.000010	LD_0.9_10_1706
VSL2201	0.851893	0.000010	0.148027	0.000010	0.000010	0.000010	0.000010	0.000010	0.000010	0.000010	LD_0.9_10_1706
VSL2207	0.000010	0.000010	0.000010	0.000010	0.000010	0.999910	0.000010	0.000010	0.000010	0.000010	LD_0.9_10_1706
VSL2209	0.000010	0.000010	0.000010	0.000010	0.000010	0.999910	0.000010	0.000010	0.000010	0.000010	LD_0.9_10_1706
VSL2210	0.000010	0.000010	0.999910	0.000010	0.000010	0.000010	0.000010	0.000010	0.000010	0.000010	LD_0.9_10_1706
VSL2212	0.000010	0.000010	0.999910	0.000010	0.000010	0.000010	0.000010	0.000010	0.000010	0.000010	LD_0.9_10_1706
VSL2213	0.999910	0.000010	0.000010	0.000010	0.000010	0.000010	0.000010	0.000010	0.000010	0.000010	LD_0.9_10_1706
VSL2215	0.988887	0.000010	0.000010	0.000010	0.000010	0.000010	0.000010	0.000010	0.000010	0.011033	LD_0.9_10_1706
VSL2216	0.999910	0.000010	0.000010	0.000010	0.000010	0.000010	0.000010	0.000010	0.000010	0.000010	LD_0.9_10_1706
VSL2217	0.000011	0.000010	0.000010	0.000010	0.000010	0.000010	0.000010	0.999909	0.000010	0.000010	LD_0.9_10_1706
VSL2219	0.000010	0.000010	0.999910	0.000010	0.000010	0.000010	0.000010	0.000010	0.000010	0.000010	LD_0.9_10_1706
VT847	0.017801	0.000010	0.982119	0.000010	0.000010	0.000010	0.000010	0.000010	0.000010	0.000010	LD_0.9_10_1706
VX34	0.000010	0.188463	0.000010	0.000010	0.811457	0.000010	0.000010	0.000010	0.000010	0.000010	LD_0.9_10_1706
XZ1204	0.586042	0.000010	0.413878	0.000010	0.000010	0.000010	0.000010	0.000010	0.000010	0.000010	LD_0.9_10_1706
XZ1205	0.999910	0.000010	0.000010	0.000010	0.000010	0.000010	0.000010	0.000010	0.000010	0.000010	LD_0.9_10_1706
XZ1206	0.999910	0.000010	0.000010	0.000010	0.000010	0.000010	0.000010	0.000010	0.000010	0.000010	LD_0.9_10_1706
XZ1207	0.000010	0.000010	0.999910	0.000010	0.000010	0.000010	0.000010	0.000010	0.000010	0.000010	LD_0.9_10_1706
XZ1210	0.000010	0.000010	0.999910	0.000010	0.000010	0.000010	0.000010	0.000010	0.000010	0.000010	LD_0.9_10_1706
XZ1212	0.016367	0.000010	0.975631	0.000010	0.000018	0.000010	0.000010	0.000010	0.000010	0.007924	LD_0.9_10_1706
XZ1213	0.000010	0.000010	0.999910	0.000010	0.000010	0.000010	0.000010	0.000010	0.000010	0.000010	LD_0.9_10_1706
XZ1731	0.000010	0.000010	0.999910	0.000010	0.000010	0.000010	0.000010	0.000010	0.000010	0.000010	LD_0.9_10_1706
XZ1732	0.037490	0.000010	0.962430	0.000010	0.000010	0.000010	0.000010	0.000010	0.000010	0.000010	LD_0.9_10_1706
ZZY0992	0.000010	0.000010	0.000010	0.000010	0.000010	0.000010	0.000010	0.999910	0.000010	0.000010	LD_0.9_10_1706
ZZY1034	0.000010	0.000010	0.999909	0.000011	0.000010	0.000010	0.000010	0.000010	0.000010	0.000010	LD_0.9_10_1706
ZZY1075	0.000010	0.000010	0.999910	0.000010	0.000010	0.000010	0.000010	0.000010	0.000010	0.000010	LD_0.9_10_1706
ZZY1123	0.000010	0.000010	0.000010	0.000010	0.000010	0.000010	0.000010	0.999910	0.000010	0.000010	LD_0.9_10_1706
ZZY1130	0.000010	0.000015	0.999889	0.000018	0.000010	0.000017	0.000011	0.000010	0.000010	0.000010	LD_0.9_10_1706
ZZY405	0.000010	0.000010	0.999910	0.000010	0.000010	0.000010	0.000010	0.000010	0.000010	0.000010	LD_0.9_10_1706
AF16	0.000010	0.000010	0.000010	0.000010	0.000010	0.000010	0.000010	0.000010	0.000010	0.999910	LD_0.9_10_1807
BRC20069	0.000010	0.000010	0.000010	0.000010	0.000010	0.000010	0.000010	0.000010	0.000010	0.999910	LD_0.9_10_1807
BRC20073	0.000010	0.000010	0.000010	0.000010	0.000010	0.000013	0.000010	0.000010	0.000010	0.999907	LD_0.9_10_1807
BRC20075	0.000010	0.999910	0.000010	0.000010	0.000010	0.000010	0.000010	0.000010	0.000010	0.000010	LD_0.9_10_1807
BRC20077	0.000013	0.000010	0.000010	0.000010	0.000010	0.000010	0.000010	0.000010	0.000010	0.999907	LD_0.9_10_1807
BRC20081	0.000010	0.000010	0.000010	0.921699	0.000010	0.000010	0.078221	0.000010	0.000010	0.000010	LD_0.9_10_1807
BRC20085	0.058841	0.000010	0.116628	0.000010	0.000010	0.490828	0.000010	0.000010	0.000010	0.333643	LD_0.9_10_1807
BRC20088	0.000010	0.000010	0.000010	0.999910	0.000010	0.000010	0.000010	0.000010	0.000010	0.000010	LD_0.9_10_1807
BRC20089	0.000010	0.000010	0.000010	0.000010	0.000010	0.000010	0.000010	0.000010	0.000010	0.999910	LD_0.9_10_1807
BRC20090	0.000905	0.000010	0.047365	0.000010	0.000010	0.006952	0.000010	0.000010	0.000010	0.944718	LD_0.9_10_1807
BRC20092	0.074265	0.000010	0.003038	0.000010	0.000010	0.620532	0.000010	0.000010	0.000010	0.302105	LD_0.9_10_1807
BRC20093	0.000010	0.000010	0.000010	0.000010	0.000010	0.000010	0.000010	0.000010	0.000010	0.999910	LD_0.9_10_1807
BRC20094	0.028625	0.000010	0.051920	0.000010	0.000010	0.609184	0.000010	0.000010	0.000010	0.310212	LD_0.9_10_1807
BRC20095	0.000010	0.000010	0.000010	0.000010	0.000010	0.000013	0.000010	0.000010	0.000010	0.999907	LD_0.9_10_1807
BRC20096	0.000010	0.000010	0.000010	0.000010	0.000010	0.000010	0.000010	0.000010	0.000010	0.999910	LD_0.9_10_1807
BRC20098	0.000010	0.000010	0.000010	0.000010	0.000010	0.000010	0.000010	0.000010	0.000010	0.999910	LD_0.9_10_1807
BRC20099	0.000010	0.000010	0.000010	0.000010	0.000010	0.000010	0.000010	0.000010	0.000010	0.999910	LD_0.9_10_1807
BRC20100	0.000010	0.000010	0.000010	0.000010	0.000010	0.000010	0.000010	0.000010	0.000010	0.999910	LD_0.9_10_1807
BRC20102	0.000010	0.000010	0.000010	0.000010	0.000010	0.000010	0.000010	0.000010	0.000010	0.999910	LD_0.9_10_1807
BRC20103	0.000010	0.000010	0.000010	0.000010	0.000010	0.000010	0.000010	0.000010	0.000010	0.999910	LD_0.9_10_1807
BRC20105	0.036635	0.000010	0.115209	0.000010	0.000010	0.605610	0.000010	0.012290	0.000010	0.230206	LD_0.9_10_1807
BRC20107	0.008228	0.000010	0.111800	0.000010	0.000010	0.571772	0.000010	0.059356	0.000010	0.248794	LD_0.9_10_1807
BRC20115	0.000010	0.642252	0.000010	0.222193	0.000010	0.000010	0.000011	0.000010	0.000010	0.135483	LD_0.9_10_1807
BRC20119	0.000010	0.000010	0.724493	0.000010	0.000010	0.000010	0.000010	0.000010	0.000010	0.275427	LD_0.9_10_1807
BRC20228	0.000010	0.000010	0.000010	0.000010	0.000010	0.000010	0.000010	0.000010	0.000010	0.999910	LD_0.9_10_1807
BRC20229	0.000010	0.999908	0.000012	0.000010	0.000010	0.000010	0.000010	0.000010	0.000010	0.000010	LD_0.9_10_1807
BRC20230	0.000010	0.000010	0.000010	0.999910	0.000010	0.000010	0.000010	0.000010	0.000010	0.000010	LD_0.9_10_1807
BRC20232	0.000010	0.999910	0.000010	0.000010	0.000010	0.000010	0.000010	0.000010	0.000010	0.000010	LD_0.9_10_1807
BRC20238	0.000010	0.000010	0.000010	0.999910	0.000010	0.000010	0.000010	0.000010	0.000010	0.000010	LD_0.9_10_1807
BRC20239	0.000010	0.999910	0.000010	0.000010	0.000010	0.000010	0.000010	0.000010	0.000010	0.000010	LD_0.9_10_1807
BRC20241	0.000010	0.000010	0.070359	0.000011	0.000010	0.000010	0.000010	0.000010	0.000010	0.929559	LD_0.9_10_1807
BRC20242	0.000010	0.000010	0.000010	0.000010	0.000010	0.000010	0.000010	0.000010	0.000010	0.999910	LD_0.9_10_1807
BRC20244	0.000010	0.000010	0.000013	0.999907	0.000010	0.000010	0.000010	0.000010	0.000010	0.000010	LD_0.9_10_1807
BRC20246	0.000010	0.000010	0.000010	0.999906	0.000010	0.000010	0.000014	0.000010	0.000010	0.000010	LD_0.9_10_1807
BRC20257	0.000010	0.000010	0.999910	0.000010	0.000010	0.000010	0.000010	0.000010	0.000010	0.000010	LD_0.9_10_1807
BRC20260	0.000010	0.000010	0.000010	0.000010	0.000010	0.000010	0.000010	0.000010	0.000010	0.999910	LD_0.9_10_1807
BRC20270	0.000010	0.000010	0.000010	0.000010	0.000010	0.000010	0.999910	0.000010	0.000010	0.000010	LD_0.9_10_1807
BRC20272	0.000010	0.000010	0.000010	0.000010	0.000010	0.000010	0.999908	0.000012	0.000010	0.000010	LD_0.9_10_1807
BRC20289	0.000010	0.000010	0.000010	0.176477	0.000010	0.000010	0.823443	0.000010	0.000010	0.000010	LD_0.9_10_1807
BRC20290	0.000010	0.000010	0.000010	0.193367	0.000010	0.000010	0.806553	0.000010	0.000010	0.000010	LD_0.9_10_1807
BRC20294	0.000011	0.000010	0.000299	0.000010	0.000010	0.000011	0.000010	0.000010	0.000010	0.999619	LD_0.9_10_1807
BRC20308	0.000010	0.000010	0.000010	0.000010	0.000010	0.000010	0.999910	0.000010	0.000010	0.000010	LD_0.9_10_1807
BRC20309	0.000010	0.000010	0.000010	0.000010	0.000010	0.000010	0.999910	0.000010	0.000010	0.000010	LD_0.9_10_1807
BRC20311	0.000010	0.000010	0.000010	0.000010	0.000010	0.000010	0.999910	0.000010	0.000010	0.000010	LD_0.9_10_1807
BRC20312	0.000010	0.000010	0.000010	0.000010	0.000010	0.000010	0.999910	0.000010	0.000010	0.000010	LD_0.9_10_1807
BRC20315	0.000010	0.000010	0.000010	0.000010	0.000010	0.000010	0.999910	0.000010	0.000010	0.000010	LD_0.9_10_1807
BRC20320	0.000010	0.000010	0.000012	0.000010	0.000010	0.000010	0.999908	0.000010	0.000010	0.000010	LD_0.9_10_1807
BRC20324	0.000010	0.585312	0.000010	0.000010	0.000010	0.000010	0.000010	0.000010	0.000010	0.414608	LD_0.9_10_1807
BRC20331	0.000010	0.000010	0.000010	0.000010	0.000010	0.000010	0.999910	0.000010	0.000010	0.000010	LD_0.9_10_1807
BRC20333	0.000010	0.000010	0.000012	0.454886	0.000010	0.000010	0.545032	0.000010	0.000010	0.000010	LD_0.9_10_1807
BRC20334	0.000010	0.000010	0.000010	0.000010	0.000010	0.000010	0.999910	0.000010	0.000010	0.000010	LD_0.9_10_1807
BRC20339	0.000010	0.000010	0.000010	0.000010	0.000010	0.000010	0.999910	0.000010	0.000010	0.000010	LD_0.9_10_1807
BRC20341	0.000010	0.000010	0.000010	0.881676	0.000010	0.000010	0.118244	0.000010	0.000010	0.000010	LD_0.9_10_1807
BRC20343	0.000010	0.999904	0.000010	0.000010	0.000010	0.000016	0.000010	0.000010	0.000010	0.000010	LD_0.9_10_1807
BRC20346	0.000010	0.000010	0.000010	0.040780	0.000010	0.000010	0.959140	0.000010	0.000010	0.000010	LD_0.9_10_1807
BRC20347	0.000010	0.999910	0.000010	0.000010	0.000010	0.000010	0.000010	0.000010	0.000010	0.000010	LD_0.9_10_1807
BRC20348	0.000010	0.000010	0.000014	0.695072	0.000010	0.000010	0.304845	0.000010	0.000010	0.000010	LD_0.9_10_1807
BRC20353	0.000010	0.000010	0.000010	0.000010	0.000010	0.999910	0.000010	0.000010	0.000010	0.000010	LD_0.9_10_1807
BRC20360	0.000010	0.000010	0.000010	0.000010	0.000010	0.999910	0.000010	0.000010	0.000010	0.000010	LD_0.9_10_1807
BRC20361	0.000010	0.000010	0.000010	0.000010	0.000010	0.999910	0.000010	0.000010	0.000010	0.000010	LD_0.9_10_1807
BRC20362	0.000010	0.000010	0.000010	0.000010	0.000010	0.999910	0.000010	0.000010	0.000010	0.000010	LD_0.9_10_1807
BRC20366	0.000010	0.000010	0.000010	0.000010	0.000010	0.000010	0.999910	0.000010	0.000010	0.000010	LD_0.9_10_1807
BRC20367	0.000017	0.000010	0.000010	0.584347	0.000010	0.000010	0.415566	0.000010	0.000010	0.000010	LD_0.9_10_1807
BRC20369	0.000010	0.000010	0.000010	0.000010	0.000010	0.000010	0.000010	0.000010	0.000010	0.999910	LD_0.9_10_1807
BRC20370	0.000010	0.000010	0.000010	0.000010	0.000010	0.000010	0.999910	0.000010	0.000010	0.000010	LD_0.9_10_1807
BRC20388	0.000013	0.000010	0.000010	0.000010	0.999903	0.000010	0.000010	0.000010	0.000015	0.000010	LD_0.9_10_1807
BRC20390	0.000010	0.000010	0.000010	0.999910	0.000010	0.000010	0.000010	0.000010	0.000010	0.000010	LD_0.9_10_1807
BRC20401	0.000010	0.000010	0.000010	0.000010	0.000010	0.000010	0.000010	0.000010	0.000010	0.999910	LD_0.9_10_1807
BRC20463	0.000010	0.000010	0.000010	0.699620	0.000010	0.000010	0.300295	0.000015	0.000010	0.000010	LD_0.9_10_1807
BRC20492	0.000012	0.634676	0.000010	0.233369	0.000010	0.000010	0.000010	0.000010	0.000010	0.131882	LD_0.9_10_1807
BRC20499	0.000010	0.000010	0.000010	0.353361	0.000010	0.000010	0.646559	0.000010	0.000010	0.000010	LD_0.9_10_1807
BRC20501	0.000010	0.000010	0.000010	0.037641	0.000010	0.000010	0.962279	0.000010	0.000010	0.000010	LD_0.9_10_1807
BRC20502	0.000010	0.581115	0.000010	0.160649	0.104911	0.000010	0.000010	0.000010	0.000010	0.153265	LD_0.9_10_1807
BRC20503	0.000010	0.580462	0.000010	0.160994	0.105127	0.000010	0.000010	0.000010	0.000010	0.153358	LD_0.9_10_1807
BRC20519	0.000010	0.636711	0.000010	0.222275	0.000010	0.000010	0.000010	0.000010	0.000010	0.140943	LD_0.9_10_1807
BRC20520	0.000010	0.634722	0.000010	0.229627	0.000010	0.000010	0.000010	0.000010	0.000010	0.135581	LD_0.9_10_1807
BRC20522	0.000010	0.999903	0.000010	0.000010	0.000010	0.000017	0.000010	0.000010	0.000010	0.000010	LD_0.9_10_1807
BRC20524	0.000010	0.999906	0.000010	0.000010	0.000014	0.000010	0.000010	0.000010	0.000010	0.000010	LD_0.9_10_1807
BRC20529	0.000010	0.000010	0.000010	0.999910	0.000010	0.000010	0.000010	0.000010	0.000010	0.000010	LD_0.9_10_1807
BRC20530	0.000010	0.999910	0.000010	0.000010	0.000010	0.000010	0.000010	0.000010	0.000010	0.000010	LD_0.9_10_1807
BRC20531	0.000010	0.999910	0.000010	0.000010	0.000010	0.000010	0.000010	0.000010	0.000010	0.000010	LD_0.9_10_1807
BRC20532	0.000010	0.000010	0.000010	0.999910	0.000010	0.000010	0.000010	0.000010	0.000010	0.000010	LD_0.9_10_1807
BRC20533	0.000010	0.000010	0.000010	0.084420	0.000010	0.000010	0.915500	0.000010	0.000010	0.000010	LD_0.9_10_1807
BRC20534	0.000010	0.000010	0.000010	0.015820	0.000010	0.000010	0.984095	0.000015	0.000010	0.000010	LD_0.9_10_1807
BRC20535	0.000010	0.000010	0.000010	0.000010	0.000010	0.000010	0.999910	0.000010	0.000010	0.000010	LD_0.9_10_1807
BRC20536	0.000010	0.000010	0.000010	0.000010	0.000010	0.000010	0.999910	0.000010	0.000010	0.000010	LD_0.9_10_1807
BRC20537	0.000010	0.000010	0.000010	0.999910	0.000010	0.000010	0.000010	0.000010	0.000010	0.000010	LD_0.9_10_1807
BRC20541	0.000010	0.633314	0.000010	0.213105	0.000010	0.000010	0.000010	0.000010	0.000010	0.153511	LD_0.9_10_1807
BRC20543	0.000010	0.000010	0.000010	0.999910	0.000010	0.000010	0.000010	0.000010	0.000010	0.000010	LD_0.9_10_1807
BRC20544	0.000010	0.000015	0.000010	0.007493	0.000010	0.000010	0.992422	0.000010	0.000010	0.000010	LD_0.9_10_1807
BRC20545	0.000010	0.000010	0.000010	0.189356	0.000013	0.000010	0.810559	0.000012	0.000010	0.000010	LD_0.9_10_1807
BRC20556	0.000010	0.000010	0.000010	0.000010	0.000010	0.000010	0.000010	0.000010	0.000010	0.999910	LD_0.9_10_1807
BRC20557	0.000010	0.000010	0.000010	0.999910	0.000010	0.000010	0.000010	0.000010	0.000010	0.000010	LD_0.9_10_1807
BRC20565	0.000018	0.000010	0.000010	0.000014	0.000010	0.000010	0.000010	0.000010	0.000010	0.999898	LD_0.9_10_1807
BRC20571	0.000010	0.000010	0.036437	0.000010	0.000010	0.022616	0.000010	0.000010	0.000010	0.940877	LD_0.9_10_1807
BRC20574	0.000010	0.000010	0.000019	0.000010	0.000010	0.000010	0.000010	0.000010	0.000010	0.999901	LD_0.9_10_1807
BW287	0.000010	0.000010	0.000010	0.000010	0.999910	0.000010	0.000010	0.000010	0.000010	0.000010	LD_0.9_10_1807
DF5100	0.000010	0.000010	0.000010	0.000010	0.000010	0.000010	0.000010	0.091125	0.000010	0.908795	LD_0.9_10_1807
ECA1129	0.000011	0.000010	0.000018	0.000010	0.000010	0.000010	0.000010	0.000010	0.000010	0.999900	LD_0.9_10_1807
ECA1143	0.000014	0.000010	0.000010	0.000013	0.000010	0.000010	0.000010	0.245022	0.000010	0.754891	LD_0.9_10_1807
ECA1147	0.000010	0.000010	0.000010	0.000010	0.000010	0.000010	0.000010	0.000010	0.000010	0.999910	LD_0.9_10_1807
ECA1149	0.000010	0.000010	0.000012	0.023993	0.000010	0.000010	0.018788	0.000010	0.000010	0.957147	LD_0.9_10_1807
ECA1160	0.000014	0.000010	0.000010	0.000010	0.000010	0.000010	0.000010	0.000010	0.000010	0.999906	LD_0.9_10_1807
ECA1164	0.000010	0.000010	0.000010	0.000010	0.000010	0.000010	0.000010	0.000010	0.000010	0.999910	LD_0.9_10_1807
ECA1170	0.000010	0.000010	0.000010	0.999910	0.000010	0.000010	0.000010	0.000010	0.000010	0.000010	LD_0.9_10_1807
ECA1174	0.000010	0.000010	0.000010	0.000010	0.000010	0.000010	0.000010	0.000010	0.000010	0.999910	LD_0.9_10_1807
ECA1383	0.000010	0.000010	0.000010	0.999910	0.000010	0.000010	0.000010	0.000010	0.000010	0.000010	LD_0.9_10_1807
ECA1411	0.000010	0.000010	0.000010	0.000010	0.000010	0.000010	0.000010	0.000010	0.000010	0.999910	LD_0.9_10_1807
ECA1423	0.000010	0.000010	0.000010	0.000010	0.000010	0.000010	0.000010	0.026052	0.000010	0.973868	LD_0.9_10_1807
ECA1429	0.000010	0.000010	0.000010	0.000010	0.000010	0.000010	0.000010	0.000015	0.000010	0.999905	LD_0.9_10_1807
ECA1431	0.000010	0.000010	0.000010	0.000010	0.000010	0.000011	0.000010	0.000010	0.000010	0.999909	LD_0.9_10_1807
ECA1437	0.000010	0.000010	0.000010	0.000012	0.000010	0.000010	0.000010	0.000010	0.000010	0.999908	LD_0.9_10_1807
ECA1439	0.000012	0.000010	0.000010	0.000010	0.000016	0.000010	0.000010	0.133064	0.000010	0.866847	LD_0.9_10_1807
ECA1443	0.000010	0.000010	0.000010	0.946281	0.000010	0.000010	0.000010	0.000010	0.000010	0.053639	LD_0.9_10_1807
ECA1471	0.000010	0.000010	0.000010	0.000010	0.000010	0.000010	0.000010	0.000010	0.000010	0.999910	LD_0.9_10_1807
ECA1489	0.014685	0.000010	0.000014	0.000010	0.000010	0.000010	0.000010	0.367958	0.000010	0.617284	LD_0.9_10_1807
ECA1507	0.000010	0.000010	0.000010	0.000010	0.000010	0.000010	0.000010	0.000010	0.000010	0.999910	LD_0.9_10_1807
ECA1509	0.000010	0.000010	0.000010	0.000010	0.000010	0.000010	0.000010	0.000010	0.000010	0.999910	LD_0.9_10_1807
ECA1517	0.000010	0.000010	0.000010	0.000010	0.000010	0.000010	0.000010	0.051359	0.000010	0.948561	LD_0.9_10_1807
ECA1521	0.000010	0.000010	0.000010	0.000010	0.000010	0.000010	0.000010	0.000013	0.000010	0.999907	LD_0.9_10_1807
ECA1555	0.000010	0.000010	0.000010	0.000010	0.000010	0.000010	0.000010	0.000010	0.000010	0.999910	LD_0.9_10_1807
ECA1559	0.000010	0.000010	0.000010	0.999910	0.000010	0.000010	0.000010	0.000010	0.000010	0.000010	LD_0.9_10_1807
ECA1563	0.000010	0.000010	0.000010	0.000010	0.000010	0.000010	0.000010	0.000010	0.000010	0.999910	LD_0.9_10_1807
ECA1571	0.000010	0.000010	0.000010	0.000010	0.000010	0.000010	0.000010	0.375586	0.000010	0.624334	LD_0.9_10_1807
ECA1587	0.000010	0.000010	0.000010	0.000010	0.000010	0.000010	0.000010	0.000010	0.000010	0.999910	LD_0.9_10_1807
ECA1605	0.000010	0.000010	0.000010	0.888022	0.000010	0.000010	0.000010	0.111898	0.000010	0.000010	LD_0.9_10_1807
ECA1609	0.000010	0.000010	0.000010	0.000010	0.000010	0.000010	0.000010	0.000010	0.000010	0.999910	LD_0.9_10_1807
ECA161	0.000010	0.000010	0.000010	0.000010	0.000010	0.000010	0.000010	0.000010	0.000010	0.999910	LD_0.9_10_1807
ECA1611	0.000010	0.000010	0.000010	0.000010	0.000010	0.000010	0.000010	0.000010	0.000010	0.999910	LD_0.9_10_1807
ECA1615	0.000010	0.000010	0.000010	0.000010	0.000010	0.000010	0.000010	0.000010	0.000010	0.999910	LD_0.9_10_1807
ECA162	0.000010	0.000010	0.000018	0.000010	0.000010	0.000010	0.000010	0.000018	0.000010	0.999894	LD_0.9_10_1807
ECA1621	0.000010	0.000010	0.000010	0.000010	0.000010	0.000011	0.000010	0.000010	0.000010	0.999909	LD_0.9_10_1807
ECA163	0.000010	0.092609	0.000010	0.074054	0.614882	0.000010	0.000010	0.175170	0.043235	0.000010	LD_0.9_10_1807
ECA1637	0.000010	0.000010	0.000010	0.000010	0.000010	0.000010	0.000010	0.000010	0.000010	0.999910	LD_0.9_10_1807
ECA1657	0.000010	0.000010	0.006319	0.000010	0.000010	0.000010	0.000010	0.000010	0.000010	0.993601	LD_0.9_10_1807
ECA1701	0.007365	0.000010	0.000010	0.000010	0.000010	0.000010	0.000010	0.000010	0.000010	0.992555	LD_0.9_10_1807
ECA175	0.000010	0.000010	0.000010	0.000010	0.000010	0.000012	0.000010	0.000010	0.000010	0.999908	LD_0.9_10_1807
ECA176	0.000010	0.000010	0.000010	0.000010	0.000010	0.000010	0.000010	0.018948	0.000010	0.980972	LD_0.9_10_1807
ECA177	0.000010	0.000010	0.000010	0.000010	0.000010	0.000010	0.000010	0.000010	0.000010	0.999910	LD_0.9_10_1807
ECA180	0.000010	0.000010	0.000010	0.000010	0.000010	0.000010	0.000010	0.000020	0.000010	0.999900	LD_0.9_10_1807
ECA182	0.000010	0.000010	0.000010	0.000010	0.000010	0.000010	0.000010	0.000010	0.000010	0.999910	LD_0.9_10_1807
ECA183	0.000010	0.000010	0.000017	0.000010	0.000010	0.000010	0.000010	0.000010	0.000010	0.999903	LD_0.9_10_1807
ECA185	0.000010	0.000010	0.000010	0.000010	0.000010	0.000010	0.000010	0.037035	0.000010	0.962885	LD_0.9_10_1807
ECA186	0.000010	0.000010	0.000010	0.000010	0.000010	0.000010	0.000010	0.046178	0.000010	0.953742	LD_0.9_10_1807
ECA2083	0.000010	0.000010	0.000010	0.000010	0.000010	0.000010	0.000010	0.000010	0.000010	0.999910	LD_0.9_10_1807
ECA2093	0.000010	0.000010	0.000010	0.000010	0.000010	0.000010	0.000010	0.000010	0.000010	0.999910	LD_0.9_10_1807
ECA2115	0.000010	0.000010	0.000010	0.000010	0.000010	0.000010	0.000010	0.000010	0.000010	0.999910	LD_0.9_10_1807
ECA2299	0.000010	0.000010	0.000010	0.000010	0.000010	0.000010	0.999910	0.000010	0.000010	0.000010	LD_0.9_10_1807
ECA2373	0.042049	0.000010	0.000010	0.000010	0.000010	0.000010	0.000010	0.000010	0.000010	0.957871	LD_0.9_10_1807
ECA2385	0.000010	0.000016	0.000010	0.999904	0.000010	0.000010	0.000010	0.000010	0.000010	0.000010	LD_0.9_10_1807
ECA2425	0.000010	0.000010	0.000010	0.000010	0.000010	0.000010	0.000010	0.000010	0.000010	0.999910	LD_0.9_10_1807
ECA2617	0.000010	0.000010	0.000010	0.000013	0.000010	0.000010	0.000010	0.000010	0.999907	0.000010	LD_0.9_10_1807
ECA2618	0.000010	0.000010	0.000010	0.000013	0.000010	0.000010	0.000010	0.000010	0.999907	0.000010	LD_0.9_10_1807
ECA2621	0.000010	0.000011	0.000010	0.000014	0.000011	0.000010	0.000010	0.000010	0.999904	0.000010	LD_0.9_10_1807
ECA2623	0.000010	0.000010	0.000010	0.000010	0.000010	0.000010	0.000010	0.690259	0.000010	0.309661	LD_0.9_10_1807
ECA2625	0.000010	0.000010	0.000010	0.000010	0.000010	0.000010	0.000010	0.000010	0.000010	0.999910	LD_0.9_10_1807
ECA2626	0.000010	0.000010	0.000010	0.000010	0.000010	0.000010	0.000010	0.000010	0.000010	0.999910	LD_0.9_10_1807
ECA2636	0.000010	0.000010	0.000010	0.000010	0.000010	0.000010	0.000010	0.000010	0.000010	0.999910	LD_0.9_10_1807
ECA2637	0.000010	0.000010	0.000010	0.000010	0.000010	0.000010	0.000010	0.000010	0.000010	0.999910	LD_0.9_10_1807
ECA2639	0.000010	0.000010	0.000010	0.000013	0.000010	0.000010	0.000010	0.000010	0.999907	0.000010	LD_0.9_10_1807
ECA2645	0.000010	0.000010	0.000010	0.000010	0.000010	0.000010	0.000010	0.000010	0.000010	0.999910	LD_0.9_10_1807
ECA2647	0.000010	0.000014	0.000010	0.000010	0.000010	0.000010	0.000010	0.000010	0.999906	0.000010	LD_0.9_10_1807
ECA2663	0.000010	0.000010	0.000010	0.000010	0.000010	0.000010	0.000010	0.000010	0.000010	0.999910	LD_0.9_10_1807
ECA2664	0.000010	0.000010	0.000010	0.000010	0.000010	0.000010	0.000010	0.725021	0.000010	0.274899	LD_0.9_10_1807
ECA2666	0.000010	0.000010	0.000010	0.000010	0.000010	0.000010	0.000010	0.000010	0.999910	0.000010	LD_0.9_10_1807
ECA2667	0.000010	0.000010	0.000010	0.000010	0.000010	0.000010	0.000010	0.000010	0.000010	0.999910	LD_0.9_10_1807
ECA2670	0.000010	0.000010	0.000010	0.000010	0.000010	0.000010	0.000010	0.000010	0.999910	0.000010	LD_0.9_10_1807
ECA276	0.000010	0.092695	0.000010	0.075051	0.614064	0.000010	0.000010	0.175449	0.042691	0.000010	LD_0.9_10_1807
ECA278	0.000010	0.000010	0.000010	0.000010	0.999910	0.000010	0.000010	0.000010	0.000010	0.000010	LD_0.9_10_1807
ECA2808	0.000010	0.000010	0.000010	0.000010	0.000010	0.000010	0.000010	0.030949	0.000010	0.968971	LD_0.9_10_1807
ECA287	0.000010	0.000010	0.000010	0.999910	0.000010	0.000010	0.000010	0.000010	0.000010	0.000010	LD_0.9_10_1807
ECA288	0.000010	0.000010	0.000010	0.109614	0.000010	0.000011	0.000015	0.432160	0.000010	0.458150	LD_0.9_10_1807
ECA2883	0.000010	0.000010	0.000012	0.000010	0.000010	0.000010	0.000014	0.000010	0.000010	0.999904	LD_0.9_10_1807
ECA2890	0.000010	0.000010	0.000010	0.000010	0.000010	0.000010	0.000010	0.000010	0.000010	0.999910	LD_0.9_10_1807
ECA2894	0.000010	0.000010	0.000010	0.000010	0.000010	0.000010	0.000010	0.076912	0.000010	0.923008	LD_0.9_10_1807
ECA2936	0.000010	0.000010	0.000010	0.997132	0.000010	0.000010	0.002788	0.000010	0.000010	0.000010	LD_0.9_10_1807
ECA2975	0.000010	0.000010	0.000010	0.000010	0.000010	0.000016	0.000010	0.000010	0.000010	0.999904	LD_0.9_10_1807
ECA3091	0.000010	0.000010	0.000010	0.000010	0.000010	0.000010	0.000010	0.000010	0.000010	0.999910	LD_0.9_10_1807
ECA343	0.000010	0.000010	0.000010	0.000010	0.000010	0.000010	0.000010	0.000010	0.000010	0.999910	LD_0.9_10_1807
ECA346	0.000010	0.000010	0.000010	0.000010	0.000010	0.000010	0.000010	0.044216	0.000010	0.955704	LD_0.9_10_1807
ECA3502	0.000010	0.000010	0.000010	0.999910	0.000010	0.000010	0.000010	0.000010	0.000010	0.000010	LD_0.9_10_1807
ECA3503	0.000010	0.000010	0.000010	0.000010	0.000010	0.000010	0.000010	0.000010	0.000010	0.999910	LD_0.9_10_1807
ECA3509	0.000010	0.000010	0.000010	0.000010	0.000010	0.000010	0.000010	0.000010	0.000010	0.999910	LD_0.9_10_1807
ECA3708	0.000020	0.000010	0.000010	0.000010	0.000010	0.000010	0.000010	0.000010	0.000010	0.999900	LD_0.9_10_1807
ECA371	0.000010	0.000010	0.000010	0.000012	0.000010	0.000010	0.000010	0.020061	0.000010	0.979857	LD_0.9_10_1807
ECA3712	0.000010	0.000010	0.000010	0.000010	0.000010	0.000010	0.000010	0.000010	0.000010	0.999910	LD_0.9_10_1807
ECA3713	0.000010	0.000010	0.000010	0.000010	0.000010	0.000010	0.000010	0.000010	0.000010	0.999910	LD_0.9_10_1807
ECA3899	0.000010	0.000010	0.000010	0.000010	0.000010	0.000010	0.000010	0.000010	0.000010	0.999910	LD_0.9_10_1807
ECA4382	0.000010	0.000010	0.000010	0.000010	0.000010	0.000010	0.000010	0.000010	0.000010	0.999910	LD_0.9_10_1807
ECA4390	0.000010	0.000010	0.000010	0.000010	0.000016	0.000010	0.000010	0.778258	0.000010	0.221655	LD_0.9_10_1807
ECA4394	0.000010	0.000010	0.000010	0.000010	0.000010	0.000010	0.000010	0.000010	0.000010	0.999910	LD_0.9_10_1807
ECA4402	0.000010	0.000010	0.000010	0.000010	0.000010	0.000010	0.000010	0.000010	0.000010	0.999910	LD_0.9_10_1807
ECA569	0.000010	0.000010	0.000010	0.000010	0.999910	0.000010	0.000010	0.000010	0.000010	0.000010	LD_0.9_10_1807
ED3032	0.000010	0.000010	0.000010	0.000010	0.000010	0.000010	0.000010	0.000010	0.000010	0.999910	LD_0.9_10_1807
ED3037	0.000010	0.000010	0.000010	0.000010	0.000010	0.000010	0.000010	0.000010	0.000010	0.999910	LD_0.9_10_1807
ED3088	0.000010	0.000010	0.000010	0.000010	0.000010	0.000010	0.000010	0.000010	0.000010	0.999910	LD_0.9_10_1807
ED3102	0.000010	0.099471	0.000010	0.090417	0.629518	0.000010	0.000010	0.066909	0.033309	0.080336	LD_0.9_10_1807
EG4360	0.000010	0.000010	0.000010	0.000010	0.999910	0.000010	0.000010	0.000010	0.000010	0.000010	LD_0.9_10_1807
EG5612	0.000010	0.000010	0.000010	0.000010	0.000010	0.999910	0.000010	0.000010	0.000010	0.000010	LD_0.9_10_1807
EG5613	0.000010	0.000010	0.039284	0.000010	0.000011	0.023297	0.000010	0.065243	0.000010	0.872115	LD_0.9_10_1807
EG6179	0.000010	0.000010	0.007617	0.000010	0.000010	0.085062	0.000010	0.056154	0.000010	0.851107	LD_0.9_10_1807
EG6260	0.000010	0.000010	0.000010	0.000010	0.000010	0.000010	0.000010	0.779568	0.000010	0.220352	LD_0.9_10_1807
EG6261	0.000010	0.000010	0.000016	0.000010	0.000010	0.000010	0.000010	0.246502	0.000010	0.753412	LD_0.9_10_1807
EG6265	0.000010	0.000010	0.000010	0.999910	0.000010	0.000010	0.000010	0.000010	0.000010	0.000010	LD_0.9_10_1807
EG6267	0.000010	0.000010	0.000010	0.000010	0.000010	0.000010	0.000010	0.220408	0.000010	0.779512	LD_0.9_10_1807
EG6271	0.000010	0.000010	0.000010	0.000010	0.000010	0.000010	0.000010	0.828975	0.000010	0.170945	LD_0.9_10_1807
EG6272	0.000010	0.000010	0.000010	0.000010	0.000010	0.000012	0.000010	0.484022	0.000010	0.515896	LD_0.9_10_1807
EG6274	0.000010	0.000010	0.000010	0.000010	0.000010	0.000010	0.000010	0.023573	0.000010	0.976347	LD_0.9_10_1807
EG6275	0.000010	0.000010	0.000010	0.000010	0.000010	0.000010	0.000010	0.018586	0.000010	0.981334	LD_0.9_10_1807
EG6276	0.000010	0.000010	0.000010	0.000010	0.000010	0.000010	0.000010	0.015720	0.000010	0.984200	LD_0.9_10_1807
EG6329	0.000010	0.000010	0.000010	0.000010	0.000010	0.000010	0.000010	0.905651	0.000010	0.094269	LD_0.9_10_1807
GUN124	0.000010	0.000010	0.000010	0.000010	0.999910	0.000010	0.000010	0.000010	0.000010	0.000010	LD_0.9_10_1807
GXW22	0.000010	0.000010	0.000010	0.000010	0.000010	0.000010	0.000010	0.000010	0.000010	0.999910	LD_0.9_10_1807
GXW23	0.000020	0.000010	0.000010	0.000010	0.000010	0.738491	0.000010	0.000019	0.000010	0.261411	LD_0.9_10_1807
HK104	0.000010	0.000010	0.000010	0.000010	0.999909	0.000011	0.000010	0.000010	0.000010	0.000010	LD_0.9_10_1807
HPT11	0.000010	0.651121	0.000010	0.118760	0.082879	0.000010	0.000010	0.000010	0.000010	0.147180	LD_0.9_10_1807
HPT16	0.000010	0.000010	0.000010	0.000010	0.000010	0.024312	0.000010	0.030676	0.000010	0.944942	LD_0.9_10_1807
HPT18	0.000010	0.645379	0.000010	0.121991	0.082826	0.000010	0.000010	0.000010	0.000873	0.148881	LD_0.9_10_1807
HPT19	0.000010	0.000010	0.000010	0.000010	0.000014	0.031831	0.000010	0.014479	0.000010	0.953616	LD_0.9_10_1807
HPT2	0.000010	0.000010	0.000010	0.000010	0.000010	0.068054	0.000010	0.020126	0.000010	0.911749	LD_0.9_10_1807
HPT21	0.000010	0.000010	0.000010	0.000010	0.000010	0.000010	0.000010	0.000010	0.000010	0.999910	LD_0.9_10_1807
HPT24	0.000010	0.649487	0.000010	0.119536	0.081580	0.000010	0.000010	0.000010	0.000010	0.149337	LD_0.9_10_1807
HPT34	0.000010	0.000010	0.000010	0.000010	0.000010	0.060889	0.000010	0.031805	0.000010	0.907236	LD_0.9_10_1807
HPT37	0.034950	0.000010	0.000010	0.000010	0.000010	0.045668	0.000010	0.025090	0.000010	0.894232	LD_0.9_10_1807
HPT4	0.000010	0.000010	0.000010	0.000010	0.000010	0.060220	0.000010	0.032232	0.000010	0.907478	LD_0.9_10_1807
HPT42	0.000010	0.000010	0.000010	0.000010	0.000010	0.022005	0.000010	0.022558	0.000010	0.955368	LD_0.9_10_1807
HPT52	0.000010	0.000010	0.435926	0.000010	0.000010	0.000010	0.000010	0.000010	0.000010	0.563994	LD_0.9_10_1807
HPT53	0.000010	0.000010	0.000011	0.000010	0.000010	0.000010	0.000010	0.000010	0.000010	0.999909	LD_0.9_10_1807
HPT54	0.000010	0.000010	0.000010	0.000010	0.000010	0.000010	0.000010	0.000010	0.000010	0.999910	LD_0.9_10_1807
HPT55	0.000010	0.000010	0.000010	0.000010	0.000010	0.000018	0.000010	0.000010	0.000010	0.999902	LD_0.9_10_1807
HPT59	0.000010	0.000010	0.000010	0.000010	0.000010	0.000010	0.000010	0.000010	0.000010	0.999910	LD_0.9_10_1807
HPT60	0.000010	0.000010	0.000010	0.000010	0.000010	0.000010	0.000010	0.000010	0.000010	0.999910	LD_0.9_10_1807
HPT62	0.000010	0.000010	0.999910	0.000010	0.000010	0.000010	0.000010	0.000010	0.000010	0.000010	LD_0.9_10_1807
HPT63	0.000010	0.000010	0.000010	0.000010	0.000010	0.000010	0.000010	0.000010	0.000010	0.999910	LD_0.9_10_1807
HPT7	0.000010	0.000010	0.000010	0.000010	0.000010	0.033722	0.000010	0.066824	0.000010	0.899385	LD_0.9_10_1807
HPT8	0.000010	0.000010	0.000010	0.000010	0.000010	0.060615	0.000010	0.030716	0.000010	0.908599	LD_0.9_10_1807
HPT9	0.000010	0.000010	0.000010	0.000010	0.000010	0.840552	0.000010	0.000010	0.000010	0.159368	LD_0.9_10_1807
JU1085	0.000010	0.000010	0.000010	0.000010	0.999910	0.000010	0.000010	0.000010	0.000010	0.000010	LD_0.9_10_1807
JU1337	0.000010	0.000010	0.037937	0.000010	0.000010	0.150485	0.000010	0.025843	0.000010	0.785675	LD_0.9_10_1807
JU1338	0.000010	0.000010	0.000010	0.000010	0.000010	0.999910	0.000010	0.000010	0.000010	0.000010	LD_0.9_10_1807
JU1341	0.000010	0.000016	0.000010	0.000010	0.000013	0.000010	0.000010	0.000010	0.999902	0.000010	LD_0.9_10_1807
JU1346	0.000010	0.000010	0.000010	0.000010	0.000010	0.999910	0.000010	0.000010	0.000010	0.000010	LD_0.9_10_1807
JU1347	0.000010	0.000010	0.000010	0.000010	0.000010	0.162952	0.000010	0.000010	0.000010	0.836968	LD_0.9_10_1807
JU1348	0.000010	0.000010	0.000010	0.000010	0.000010	0.000010	0.000010	0.000010	0.999910	0.000010	LD_0.9_10_1807
JU1375	0.000010	0.000010	0.000010	0.000010	0.000010	0.000010	0.000010	0.000010	0.000010	0.999910	LD_0.9_10_1807
JU1377	0.000010	0.000010	0.000010	0.000010	0.000010	0.000019	0.000010	0.000010	0.000010	0.999901	LD_0.9_10_1807
JU1378	0.000010	0.000010	0.000010	0.000010	0.000010	0.000010	0.000010	0.017821	0.000010	0.982099	LD_0.9_10_1807
JU1392	0.000010	0.000010	0.000010	0.000010	0.000010	0.000010	0.000010	0.011239	0.000010	0.988681	LD_0.9_10_1807
JU1399	0.099034	0.000010	0.000010	0.000010	0.000010	0.000018	0.000010	0.614855	0.000010	0.286032	LD_0.9_10_1807
JU1424	0.000010	0.000010	0.000010	0.000010	0.000010	0.999910	0.000010	0.000010	0.000010	0.000010	LD_0.9_10_1807
JU1435	0.000010	0.000010	0.000010	0.000010	0.000010	0.000010	0.000010	0.000010	0.000010	0.999910	LD_0.9_10_1807
JU1564	0.000010	0.000010	0.000010	0.000010	0.999910	0.000010	0.000010	0.000010	0.000010	0.000010	LD_0.9_10_1807
JU1637	0.000010	0.000010	0.000010	0.000010	0.000010	0.000010	0.000010	0.125962	0.000010	0.873958	LD_0.9_10_1807
JU1638	0.000010	0.000010	0.000010	0.000010	0.000010	0.000010	0.000010	0.169201	0.000010	0.830719	LD_0.9_10_1807
JU1794	0.000010	0.000010	0.008285	0.000010	0.000010	0.235306	0.000010	0.000010	0.000010	0.756340	LD_0.9_10_1807
JU1795	0.000010	0.000010	0.000010	0.000010	0.000010	0.000010	0.000010	0.067441	0.000010	0.932479	LD_0.9_10_1807
JU1799	0.000010	0.000010	0.000010	0.000010	0.000010	0.000010	0.000010	0.000010	0.000010	0.999910	LD_0.9_10_1807
JU1802	0.000010	0.000010	0.000703	0.000010	0.000010	0.000010	0.000010	0.000010	0.000010	0.999217	LD_0.9_10_1807
JU1814	0.000011	0.000010	0.000010	0.000010	0.000016	0.000010	0.000010	0.755104	0.000010	0.244809	LD_0.9_10_1807
JU1884	0.000010	0.000010	0.000010	0.000010	0.000010	0.000010	0.000010	0.027801	0.000010	0.972119	LD_0.9_10_1807
JU1885	0.000010	0.000010	0.056396	0.000010	0.000010	0.201940	0.000010	0.000010	0.000010	0.741595	LD_0.9_10_1807
JU1907	0.000010	0.000010	0.000010	0.000010	0.000010	0.000010	0.000010	0.023053	0.000010	0.976867	LD_0.9_10_1807
JU1908	0.000010	0.000010	0.000010	0.000010	0.000010	0.000010	0.000010	0.035987	0.000010	0.963933	LD_0.9_10_1807
JU1909	0.000010	0.000010	0.000010	0.000010	0.000010	0.000010	0.000010	0.000010	0.000010	0.999910	LD_0.9_10_1807
JU1913	0.000010	0.000010	0.415279	0.000010	0.000010	0.000010	0.000010	0.000010	0.000010	0.584641	LD_0.9_10_1807
JU2053	0.000010	0.000010	0.000010	0.000010	0.000010	0.000010	0.000010	0.086099	0.000010	0.913821	LD_0.9_10_1807
JU2054	0.000010	0.000010	0.000010	0.000014	0.000010	0.000010	0.000010	0.000010	0.000010	0.999906	LD_0.9_10_1807
JU2056	0.000010	0.000010	0.000010	0.000010	0.000010	0.000010	0.000010	0.000010	0.000010	0.999910	LD_0.9_10_1807
JU2057	0.000010	0.000010	0.999909	0.000011	0.000010	0.000010	0.000010	0.000010	0.000010	0.000010	LD_0.9_10_1807
JU2160	0.000010	0.000010	0.999910	0.000010	0.000010	0.000010	0.000010	0.000010	0.000010	0.000010	LD_0.9_10_1807
JU2162	0.000010	0.000010	0.999910	0.000010	0.000010	0.000010	0.000010	0.000010	0.000010	0.000010	LD_0.9_10_1807
JU2214	0.182370	0.000010	0.000010	0.000010	0.000010	0.000010	0.000010	0.264857	0.000010	0.552704	LD_0.9_10_1807
JU2216	0.000010	0.000010	0.000010	0.999910	0.000010	0.000010	0.000010	0.000010	0.000010	0.000010	LD_0.9_10_1807
JU2457	0.000010	0.000010	0.000010	0.000010	0.467842	0.000010	0.000010	0.240358	0.000010	0.291730	LD_0.9_10_1807
JU2470	0.000010	0.000012	0.999908	0.000010	0.000010	0.000010	0.000010	0.000010	0.000010	0.000010	LD_0.9_10_1807
JU2472	0.000010	0.000010	0.000010	0.000010	0.000010	0.000010	0.000010	0.098626	0.000010	0.901294	LD_0.9_10_1807
JU2507	0.000010	0.000010	0.999910	0.000010	0.000010	0.000010	0.000010	0.000010	0.000010	0.000010	LD_0.9_10_1807
JU2518	0.000010	0.000010	0.000010	0.000010	0.000011	0.000010	0.000010	0.999909	0.000010	0.000010	LD_0.9_10_1807
JU2536	0.000012	0.000010	0.000010	0.000010	0.999908	0.000010	0.000010	0.000010	0.000010	0.000010	LD_0.9_10_1807
JU2618	0.444703	0.000010	0.000010	0.000010	0.000010	0.000010	0.000010	0.555217	0.000010	0.000010	LD_0.9_10_1807
JU2799	0.000010	0.000010	0.000010	0.000010	0.000010	0.000010	0.000010	0.060751	0.000010	0.939169	LD_0.9_10_1807
JU2836	0.208101	0.000010	0.000010	0.000010	0.000010	0.000010	0.000010	0.218472	0.000010	0.573357	LD_0.9_10_1807
JU2849	0.000010	0.000010	0.000010	0.000010	0.000010	0.999910	0.000010	0.000010	0.000010	0.000010	LD_0.9_10_1807
JU2861	0.000010	0.000010	0.000010	0.000010	0.000010	0.000010	0.000010	0.000010	0.000010	0.999910	LD_0.9_10_1807
JU2868	0.000010	0.000010	0.000010	0.000010	0.000010	0.000010	0.000010	0.000017	0.000010	0.999903	LD_0.9_10_1807
JU2872	0.000013	0.000010	0.000010	0.000017	0.999900	0.000010	0.000010	0.000010	0.000010	0.000010	LD_0.9_10_1807
JU2910	0.000010	0.000010	0.065224	0.000010	0.000010	0.029652	0.000010	0.074646	0.000010	0.830418	LD_0.9_10_1807
JU3168	0.000010	0.093446	0.000010	0.077837	0.644365	0.000010	0.000010	0.096766	0.035587	0.051960	LD_0.9_10_1807
JU3171	0.000010	0.000010	0.000010	0.000010	0.000010	0.000010	0.000010	0.000010	0.000010	0.999910	LD_0.9_10_1807
JU3199	0.000010	0.000010	0.000010	0.000010	0.000010	0.000010	0.000010	0.000010	0.999910	0.000010	LD_0.9_10_1807
JU3200	0.000010	0.000010	0.000010	0.000018	0.000010	0.000010	0.000010	0.000010	0.999902	0.000010	LD_0.9_10_1807
JU3201	0.000010	0.000010	0.000010	0.000010	0.000010	0.000010	0.000010	0.000010	0.999910	0.000010	LD_0.9_10_1807
JU3202	0.000010	0.000010	0.000010	0.000010	0.000010	0.000010	0.000010	0.000010	0.999910	0.000010	LD_0.9_10_1807
JU3203	0.000010	0.000010	0.000010	0.000010	0.000010	0.000010	0.000010	0.000010	0.999910	0.000010	LD_0.9_10_1807
JU3206	0.000010	0.000010	0.000010	0.000010	0.000010	0.000010	0.000010	0.000010	0.999910	0.000010	LD_0.9_10_1807
JU3207	0.000010	0.000010	0.000010	0.000010	0.000010	0.000010	0.000010	0.000010	0.000010	0.999910	LD_0.9_10_1807
JU3237	0.000010	0.000010	0.999910	0.000010	0.000010	0.000010	0.000010	0.000010	0.000010	0.000010	LD_0.9_10_1807
JU3281	0.000010	0.000010	0.000010	0.000010	0.000010	0.000010	0.000010	0.000010	0.000010	0.999910	LD_0.9_10_1807
JU3319	0.000010	0.000010	0.000010	0.000010	0.000010	0.757496	0.000010	0.000010	0.000010	0.242424	LD_0.9_10_1807
JU3321	0.000010	0.000010	0.000010	0.000010	0.000010	0.000010	0.000010	0.000010	0.000010	0.999910	LD_0.9_10_1807
JU3326	0.000010	0.101511	0.000010	0.000010	0.258947	0.607941	0.000011	0.000010	0.031540	0.000010	LD_0.9_10_1807
JU3327	0.000010	0.000010	0.000010	0.000010	0.000010	0.073296	0.000010	0.000010	0.000010	0.926624	LD_0.9_10_1807
JU3416	0.000010	0.000010	0.000010	0.023369	0.900092	0.000010	0.000010	0.000010	0.000010	0.076470	LD_0.9_10_1807
JU4042	0.000010	0.000010	0.000010	0.000010	0.000010	0.000010	0.000010	0.000010	0.000010	0.999910	LD_0.9_10_1807
JU4051	0.000010	0.000010	0.000010	0.000010	0.000010	0.999910	0.000010	0.000010	0.000010	0.000010	LD_0.9_10_1807
JU4058	0.000010	0.000010	0.000010	0.000010	0.000010	0.999910	0.000010	0.000010	0.000010	0.000010	LD_0.9_10_1807
JU4060	0.000010	0.000010	0.000010	0.000010	0.000010	0.999910	0.000010	0.000010	0.000010	0.000010	LD_0.9_10_1807
JU4062	0.000010	0.000010	0.000010	0.000010	0.000010	0.999905	0.000010	0.000015	0.000010	0.000010	LD_0.9_10_1807
JU4064	0.000010	0.000010	0.000010	0.000010	0.000010	0.999910	0.000010	0.000010	0.000010	0.000010	LD_0.9_10_1807
JU4080	0.000010	0.000010	0.000010	0.000010	0.000010	0.000013	0.000010	0.000010	0.000010	0.999907	LD_0.9_10_1807
JU4084	0.000010	0.000013	0.000018	0.000013	0.000010	0.999896	0.000010	0.000010	0.000010	0.000010	LD_0.9_10_1807
JU4097	0.000010	0.000010	0.000010	0.000010	0.000010	0.999910	0.000010	0.000010	0.000010	0.000010	LD_0.9_10_1807
JU725	0.000010	0.000011	0.000010	0.000010	0.000010	0.708635	0.000010	0.000010	0.000010	0.291284	LD_0.9_10_1807
MY2716	0.000010	0.000010	0.000010	0.000010	0.000010	0.000013	0.000010	0.000010	0.000010	0.999907	LD_0.9_10_1807
MY539	0.000010	0.000010	0.000010	0.000010	0.000010	0.000010	0.000010	0.000010	0.000010	0.999910	LD_0.9_10_1807
NIC1050	0.342479	0.000010	0.000010	0.000010	0.000010	0.000010	0.000010	0.657441	0.000010	0.000010	LD_0.9_10_1807
NIC1052	0.416101	0.000010	0.000010	0.000010	0.000010	0.000010	0.000010	0.583819	0.000010	0.000010	LD_0.9_10_1807
NIC1054	0.209207	0.000010	0.000010	0.000010	0.000010	0.000010	0.000010	0.790713	0.000010	0.000010	LD_0.9_10_1807
NIC1055	0.353852	0.000010	0.000010	0.000010	0.000010	0.000010	0.000010	0.646068	0.000010	0.000010	LD_0.9_10_1807
NIC1057	0.355405	0.000010	0.000010	0.000010	0.000010	0.000010	0.000010	0.644515	0.000010	0.000010	LD_0.9_10_1807
NIC1058	0.346262	0.000010	0.000010	0.000010	0.000010	0.000010	0.000010	0.653658	0.000010	0.000010	LD_0.9_10_1807
NIC1059	0.273005	0.000010	0.000010	0.000010	0.000013	0.000012	0.000010	0.726910	0.000010	0.000010	LD_0.9_10_1807
NIC1060	0.183369	0.000010	0.000010	0.000010	0.000010	0.000010	0.000010	0.816551	0.000010	0.000010	LD_0.9_10_1807
NIC1062	0.149185	0.000010	0.000010	0.000010	0.000010	0.000010	0.000010	0.554754	0.000010	0.295991	LD_0.9_10_1807
NIC1069	0.000010	0.000010	0.000010	0.000010	0.000010	0.000010	0.000010	0.500505	0.000010	0.499415	LD_0.9_10_1807
NIC1103	0.350656	0.000010	0.000010	0.000010	0.000010	0.000010	0.000011	0.608489	0.000010	0.040783	LD_0.9_10_1807
NIC1104	0.054849	0.000010	0.000010	0.000016	0.000010	0.000010	0.000010	0.202042	0.000010	0.743033	LD_0.9_10_1807
NIC1106	0.194062	0.000010	0.000010	0.000010	0.000010	0.000010	0.000010	0.465972	0.000010	0.339896	LD_0.9_10_1807
NIC1117	0.000010	0.000011	0.000010	0.000010	0.000013	0.000010	0.000010	0.000010	0.000010	0.999906	LD_0.9_10_1807
NIC1123	0.000010	0.000010	0.000010	0.000010	0.000010	0.999905	0.000010	0.000015	0.000010	0.000010	LD_0.9_10_1807
NIC1124	0.000010	0.000010	0.000010	0.000014	0.000010	0.000010	0.000010	0.999906	0.000010	0.000010	LD_0.9_10_1807
NIC1135	0.044223	0.000010	0.000010	0.000010	0.000010	0.000010	0.000010	0.955697	0.000010	0.000010	LD_0.9_10_1807
NIC1138	0.000010	0.000010	0.000010	0.000010	0.000010	0.000012	0.000010	0.999908	0.000010	0.000010	LD_0.9_10_1807
NIC1141	0.000010	0.000010	0.000010	0.000010	0.000010	0.000010	0.000010	0.999910	0.000010	0.000010	LD_0.9_10_1807
NIC115	0.000010	0.000010	0.000010	0.000010	0.000010	0.000010	0.000010	0.825090	0.000010	0.174830	LD_0.9_10_1807
NIC117	0.000010	0.000012	0.000010	0.000010	0.000016	0.000010	0.000010	0.817673	0.000010	0.182238	LD_0.9_10_1807
NIC1183	0.000010	0.000010	0.000012	0.000010	0.000010	0.000010	0.000010	0.999908	0.000010	0.000010	LD_0.9_10_1807
NIC119	0.000010	0.000010	0.000010	0.000010	0.000010	0.000010	0.000010	0.851755	0.000010	0.148165	LD_0.9_10_1807
NIC1190	0.000010	0.000010	0.000010	0.000010	0.000010	0.000010	0.000010	0.999910	0.000010	0.000010	LD_0.9_10_1807
NIC1202	0.000010	0.000010	0.000010	0.000010	0.000010	0.135406	0.000010	0.000010	0.000010	0.864514	LD_0.9_10_1807
NIC1204	0.000010	0.000010	0.000010	0.000010	0.000010	0.177045	0.000010	0.000010	0.000010	0.822875	LD_0.9_10_1807
NIC1205	0.000010	0.000010	0.000010	0.999900	0.000010	0.000015	0.000016	0.000010	0.000010	0.000010	LD_0.9_10_1807
NIC1218	0.000010	0.000010	0.000010	0.000010	0.000010	0.000012	0.000010	0.000010	0.000010	0.999908	LD_0.9_10_1807
NIC1220	0.000010	0.000010	0.000010	0.999902	0.000010	0.000010	0.000018	0.000010	0.000010	0.000010	LD_0.9_10_1807
NIC1221	0.000010	0.000010	0.000010	0.000010	0.000010	0.205046	0.000010	0.000010	0.000010	0.794874	LD_0.9_10_1807
NIC123	0.000010	0.000010	0.000010	0.000010	0.000010	0.000010	0.000010	0.834830	0.000010	0.165090	LD_0.9_10_1807
NIC1267	0.000010	0.000010	0.000010	0.000010	0.000010	0.000010	0.000010	0.806131	0.000010	0.193789	LD_0.9_10_1807
NIC1283	0.000010	0.000010	0.000010	0.000010	0.000010	0.000010	0.000010	0.999910	0.000010	0.000010	LD_0.9_10_1807
NIC1288	0.217935	0.000010	0.000010	0.000010	0.000010	0.093763	0.000010	0.688232	0.000010	0.000010	LD_0.9_10_1807
NIC1292	0.002792	0.000010	0.000010	0.000010	0.000010	0.000010	0.000010	0.997128	0.000010	0.000010	LD_0.9_10_1807
NIC1302	0.000010	0.000010	0.000010	0.000010	0.000010	0.000010	0.000010	0.999910	0.000010	0.000010	LD_0.9_10_1807
NIC1304	0.000010	0.000010	0.000010	0.000010	0.000010	0.000010	0.000010	0.999910	0.000010	0.000010	LD_0.9_10_1807
NIC1308	0.000010	0.000010	0.000010	0.000010	0.000010	0.545031	0.000010	0.344051	0.000010	0.110848	LD_0.9_10_1807
NIC1407	0.073079	0.000011	0.000010	0.000010	0.000010	0.000010	0.000010	0.926840	0.000010	0.000010	LD_0.9_10_1807
NIC1421	0.146640	0.000010	0.000010	0.000010	0.000010	0.000010	0.000010	0.826450	0.000010	0.026840	LD_0.9_10_1807
NIC1423	0.240343	0.000010	0.000010	0.000010	0.000010	0.000010	0.000010	0.759577	0.000010	0.000010	LD_0.9_10_1807
NIC1442	0.000010	0.000010	0.000010	0.000010	0.000010	0.000010	0.000010	0.999910	0.000010	0.000010	LD_0.9_10_1807
NIC1491	0.000010	0.000010	0.000010	0.000010	0.000010	0.000010	0.000010	0.999910	0.000010	0.000010	LD_0.9_10_1807
NIC1525	0.000010	0.000010	0.000010	0.000010	0.000010	0.000010	0.000010	0.038603	0.000010	0.961317	LD_0.9_10_1807
NIC1528	0.000010	0.000010	0.000010	0.000010	0.000010	0.000017	0.000010	0.075789	0.000010	0.924124	LD_0.9_10_1807
NIC1529	0.000010	0.000010	0.000010	0.000010	0.000010	0.000010	0.000010	0.011958	0.000010	0.987962	LD_0.9_10_1807
NIC1533	0.000010	0.000010	0.000010	0.000010	0.000010	0.000015	0.000010	0.054103	0.000010	0.945812	LD_0.9_10_1807
NIC1535	0.000010	0.000010	0.000010	0.000010	0.000010	0.000010	0.000010	0.003755	0.000010	0.996165	LD_0.9_10_1807
NIC1539	0.000010	0.000010	0.000010	0.000015	0.000010	0.000010	0.999905	0.000010	0.000010	0.000010	LD_0.9_10_1807
NIC1540	0.000010	0.999910	0.000010	0.000010	0.000010	0.000010	0.000010	0.000010	0.000010	0.000010	LD_0.9_10_1807
NIC1562	0.000010	0.000010	0.000010	0.107804	0.000010	0.000010	0.892116	0.000010	0.000010	0.000010	LD_0.9_10_1807
NIC1589	0.000010	0.999910	0.000010	0.000010	0.000010	0.000010	0.000010	0.000010	0.000010	0.000010	LD_0.9_10_1807
NIC1590	0.000010	0.000010	0.000010	0.999910	0.000010	0.000010	0.000010	0.000010	0.000010	0.000010	LD_0.9_10_1807
NIC1591	0.000010	0.999910	0.000010	0.000010	0.000010	0.000010	0.000010	0.000010	0.000010	0.000010	LD_0.9_10_1807
NIC1593	0.000010	0.999901	0.000019	0.000010	0.000010	0.000010	0.000010	0.000010	0.000010	0.000010	LD_0.9_10_1807
NIC1595	0.000010	0.000010	0.000010	0.999910	0.000010	0.000010	0.000010	0.000010	0.000010	0.000010	LD_0.9_10_1807
NIC1598	0.000010	0.000010	0.000010	0.000010	0.000010	0.000010	0.999910	0.000010	0.000010	0.000010	LD_0.9_10_1807
NIC1602	0.000010	0.000014	0.000010	0.000010	0.000012	0.000010	0.999904	0.000010	0.000010	0.000010	LD_0.9_10_1807
NIC1607	0.000010	0.638219	0.000010	0.229726	0.000010	0.000010	0.000010	0.000010	0.000010	0.131985	LD_0.9_10_1807
NIC1628	0.000010	0.000010	0.000010	0.000010	0.000010	0.000010	0.000010	0.000010	0.000010	0.999910	LD_0.9_10_1807
NIC1630	0.000010	0.000010	0.000010	0.000010	0.000010	0.000010	0.999910	0.000010	0.000010	0.000010	LD_0.9_10_1807
NIC1631	0.000010	0.000010	0.000010	0.999910	0.000010	0.000010	0.000010	0.000010	0.000010	0.000010	LD_0.9_10_1807
NIC1632	0.000010	0.000010	0.000010	0.000012	0.999908	0.000010	0.000010	0.000010	0.000010	0.000010	LD_0.9_10_1807
NIC1633	0.000010	0.000010	0.000010	0.000011	0.999909	0.000010	0.000010	0.000010	0.000010	0.000010	LD_0.9_10_1807
NIC1635	0.000010	0.000010	0.000010	0.000010	0.999910	0.000010	0.000010	0.000010	0.000010	0.000010	LD_0.9_10_1807
NIC1645	0.000010	0.000010	0.000010	0.229396	0.000010	0.000010	0.770524	0.000010	0.000010	0.000010	LD_0.9_10_1807
NIC1660	0.000010	0.000010	0.000010	0.999910	0.000010	0.000010	0.000010	0.000010	0.000010	0.000010	LD_0.9_10_1807
NIC1661	0.000010	0.000010	0.000010	0.999910	0.000010	0.000010	0.000010	0.000010	0.000010	0.000010	LD_0.9_10_1807
NIC1662	0.000010	0.000010	0.000010	0.999910	0.000010	0.000010	0.000010	0.000010	0.000010	0.000010	LD_0.9_10_1807
NIC1663	0.000010	0.000010	0.000010	0.999910	0.000010	0.000010	0.000010	0.000010	0.000010	0.000010	LD_0.9_10_1807
NIC1664	0.000010	0.999910	0.000010	0.000010	0.000010	0.000010	0.000010	0.000010	0.000010	0.000010	LD_0.9_10_1807
NIC1665	0.000010	0.999910	0.000010	0.000010	0.000010	0.000010	0.000010	0.000010	0.000010	0.000010	LD_0.9_10_1807
NIC1666	0.000010	0.000010	0.000010	0.999910	0.000010	0.000010	0.000010	0.000010	0.000010	0.000010	LD_0.9_10_1807
NIC1667	0.000010	0.000010	0.000010	0.000020	0.000010	0.000010	0.999900	0.000010	0.000010	0.000010	LD_0.9_10_1807
NIC1681	0.000010	0.000010	0.000010	0.999910	0.000010	0.000010	0.000010	0.000010	0.000010	0.000010	LD_0.9_10_1807
NIC1688	0.000010	0.000010	0.000010	0.000010	0.000010	0.000011	0.000010	0.000012	0.000010	0.999907	LD_0.9_10_1807
NIC1692	0.000010	0.000010	0.000010	0.939651	0.000010	0.000010	0.060269	0.000010	0.000010	0.000010	LD_0.9_10_1807
NIC1693	0.000010	0.000010	0.000010	0.999908	0.000010	0.000010	0.000012	0.000010	0.000010	0.000010	LD_0.9_10_1807
NIC17	0.000010	0.000010	0.000010	0.000010	0.000010	0.000010	0.000010	0.000010	0.000010	0.999910	LD_0.9_10_1807
NIC174	0.000010	0.000010	0.000010	0.000010	0.999907	0.000013	0.000010	0.000010	0.000010	0.000010	LD_0.9_10_1807
NIC187	0.000010	0.000010	0.000010	0.000010	0.000010	0.000012	0.000010	0.869662	0.000010	0.130256	LD_0.9_10_1807
NIC188	0.000010	0.000011	0.000010	0.000012	0.000017	0.000010	0.000010	0.886897	0.000010	0.113013	LD_0.9_10_1807
NIC19	0.000010	0.999910	0.000010	0.000010	0.000010	0.000010	0.000010	0.000010	0.000010	0.000010	LD_0.9_10_1807
NIC191	0.000010	0.000013	0.000010	0.000010	0.000012	0.000010	0.000010	0.792808	0.000010	0.207106	LD_0.9_10_1807
NIC20	0.000010	0.999910	0.000010	0.000010	0.000010	0.000010	0.000010	0.000010	0.000010	0.000010	LD_0.9_10_1807
NIC21	0.000010	0.999910	0.000010	0.000010	0.000010	0.000010	0.000010	0.000010	0.000010	0.000010	LD_0.9_10_1807
NIC22	0.000010	0.999910	0.000010	0.000010	0.000010	0.000010	0.000010	0.000010	0.000010	0.000010	LD_0.9_10_1807
NIC2369	0.000010	0.000010	0.000010	0.000010	0.000010	0.999910	0.000010	0.000010	0.000010	0.000010	LD_0.9_10_1807
NIC248	0.000010	0.000010	0.000010	0.000012	0.000010	0.000012	0.000010	0.796870	0.000010	0.203045	LD_0.9_10_1807
NIC250	0.000010	0.000010	0.000010	0.000010	0.000010	0.000010	0.000010	0.724988	0.000010	0.274932	LD_0.9_10_1807
NIC2527	0.000010	0.000010	0.000010	0.000010	0.000010	0.000012	0.000010	0.000010	0.000010	0.999908	LD_0.9_10_1807
NIC309	0.000010	0.000010	0.000010	0.000010	0.000010	0.000010	0.000010	0.999910	0.000010	0.000010	LD_0.9_10_1807
NIC325	0.000010	0.000010	0.000010	0.000010	0.000010	0.000010	0.000010	0.999910	0.000010	0.000010	LD_0.9_10_1807
NIC327	0.253383	0.000010	0.000010	0.000010	0.000010	0.000010	0.000010	0.746537	0.000010	0.000010	LD_0.9_10_1807
NIC329	0.141728	0.000010	0.000010	0.000010	0.000010	0.000010	0.000010	0.858192	0.000010	0.000010	LD_0.9_10_1807
NIC330	0.103735	0.000010	0.000010	0.000010	0.000010	0.000010	0.000010	0.896185	0.000010	0.000010	LD_0.9_10_1807
NIC331	0.145542	0.000010	0.000010	0.000010	0.000010	0.000010	0.000010	0.854378	0.000010	0.000010	LD_0.9_10_1807
NIC332	0.259247	0.000010	0.000010	0.000010	0.000010	0.000010	0.000010	0.740673	0.000010	0.000010	LD_0.9_10_1807
NIC333	0.093402	0.000010	0.000010	0.000010	0.000010	0.000010	0.000010	0.906518	0.000010	0.000010	LD_0.9_10_1807
NIC343	0.000010	0.000014	0.000010	0.000010	0.000010	0.025926	0.000019	0.000010	0.000010	0.973981	LD_0.9_10_1807
NIC392	0.000010	0.000010	0.000010	0.000010	0.000010	0.000010	0.000010	0.762894	0.000010	0.237026	LD_0.9_10_1807
NIC400	0.233712	0.000010	0.000010	0.000010	0.000010	0.000010	0.000010	0.766208	0.000010	0.000010	LD_0.9_10_1807
NIC402	0.222142	0.000010	0.000010	0.000010	0.000010	0.000010	0.000010	0.777778	0.000010	0.000010	LD_0.9_10_1807
NIC419	0.000010	0.000010	0.000010	0.000010	0.000010	0.999910	0.000010	0.000010	0.000010	0.000010	LD_0.9_10_1807
NIC504	0.000010	0.000010	0.000010	0.999910	0.000010	0.000010	0.000010	0.000010	0.000010	0.000010	LD_0.9_10_1807
NIC505	0.000010	0.000010	0.000010	0.999910	0.000010	0.000010	0.000010	0.000010	0.000010	0.000010	LD_0.9_10_1807
NIC518	0.000010	0.000012	0.000010	0.000010	0.000010	0.000010	0.999908	0.000010	0.000010	0.000010	LD_0.9_10_1807
NIC519	0.000010	0.000010	0.000010	0.088187	0.000010	0.000010	0.911733	0.000010	0.000010	0.000010	LD_0.9_10_1807
NIC532	0.000010	0.000010	0.000010	0.000010	0.000010	0.000017	0.000010	0.728497	0.000010	0.271416	LD_0.9_10_1807
NIC541	0.117144	0.000010	0.304638	0.000010	0.000010	0.000010	0.000010	0.578147	0.000010	0.000010	LD_0.9_10_1807
NIC549	0.000010	0.000010	0.000010	0.000010	0.000010	0.000010	0.000010	0.642790	0.000010	0.357130	LD_0.9_10_1807
NIC552	0.000010	0.000010	0.000010	0.000010	0.000010	0.000010	0.000010	0.582813	0.000010	0.417107	LD_0.9_10_1807
NIC555	0.109346	0.000010	0.000010	0.000010	0.000010	0.000010	0.000010	0.734266	0.000010	0.156318	LD_0.9_10_1807
NIC574	0.000010	0.000010	0.000010	0.000010	0.000010	0.000010	0.000010	0.719512	0.000010	0.280408	LD_0.9_10_1807
NIC578	0.000010	0.000010	0.000017	0.000010	0.000010	0.000010	0.000010	0.899129	0.000010	0.100784	LD_0.9_10_1807
NIC583	0.000010	0.000010	0.000010	0.000010	0.000010	0.000010	0.000010	0.895995	0.000010	0.103925	LD_0.9_10_1807
NIC590	0.000010	0.000010	0.111657	0.000010	0.000010	0.000010	0.000010	0.888263	0.000010	0.000010	LD_0.9_10_1807
NIC593	0.000010	0.000010	0.000010	0.000010	0.000010	0.000010	0.000010	0.669267	0.000010	0.330653	LD_0.9_10_1807
NIC60	0.000010	0.000010	0.000010	0.000010	0.000010	0.000010	0.000010	0.999910	0.000010	0.000010	LD_0.9_10_1807
NIC61	0.000010	0.000010	0.000010	0.000010	0.000010	0.000019	0.000010	0.542370	0.000010	0.457541	LD_0.9_10_1807
NIC62	0.000010	0.000010	0.000010	0.000010	0.000010	0.000010	0.000010	0.870264	0.000010	0.129656	LD_0.9_10_1807
NIC67	0.000010	0.000010	0.000010	0.000010	0.000010	0.999910	0.000010	0.000010	0.000010	0.000010	LD_0.9_10_1807
NIC758	0.000010	0.000010	0.119786	0.000010	0.000010	0.000010	0.000010	0.880134	0.000010	0.000010	LD_0.9_10_1807
NIC777	0.111885	0.000014	0.000010	0.000017	0.000013	0.000010	0.000010	0.728085	0.000010	0.159946	LD_0.9_10_1807
NIC779	0.000010	0.000011	0.000010	0.999909	0.000010	0.000010	0.000010	0.000010	0.000010	0.000010	LD_0.9_10_1807
NIC790	0.000010	0.000010	0.000010	0.000010	0.000010	0.000010	0.000010	0.000019	0.000010	0.999901	LD_0.9_10_1807
NIC791	0.000010	0.000010	0.920384	0.000010	0.000010	0.000010	0.000010	0.000010	0.000010	0.079536	LD_0.9_10_1807
NIC792	0.000010	0.000010	0.319062	0.000010	0.000010	0.000010	0.000010	0.000010	0.000010	0.680858	LD_0.9_10_1807
NIC793	0.000010	0.000010	0.000010	0.000010	0.000010	0.000010	0.000010	0.000010	0.000010	0.999910	LD_0.9_10_1807
NIC795	0.000010	0.000010	0.000010	0.000010	0.000010	0.000012	0.000010	0.000010	0.000010	0.999908	LD_0.9_10_1807
NIC796	0.000010	0.006194	0.000010	0.000010	0.000020	0.000010	0.000010	0.000010	0.000010	0.993716	LD_0.9_10_1807
NIC802	0.000010	0.000010	0.000010	0.000010	0.000010	0.000010	0.000010	0.000010	0.000010	0.999910	LD_0.9_10_1807
NIC803	0.000010	0.000010	0.000010	0.000010	0.000010	0.000010	0.000010	0.076539	0.000010	0.923381	LD_0.9_10_1807
NIC805	0.000010	0.000010	0.000010	0.999905	0.000010	0.000010	0.000015	0.000010	0.000010	0.000010	LD_0.9_10_1807
NIC811	0.000010	0.000010	0.005621	0.000010	0.000010	0.039727	0.000010	0.000010	0.000010	0.954582	LD_0.9_10_1807
NIC814	0.000010	0.000010	0.000010	0.999910	0.000010	0.000010	0.000010	0.000010	0.000010	0.000010	LD_0.9_10_1807
NIC815	0.000010	0.000010	0.000010	0.999910	0.000010	0.000010	0.000010	0.000010	0.000010	0.000010	LD_0.9_10_1807
NIC816	0.000010	0.999910	0.000010	0.000010	0.000010	0.000010	0.000010	0.000010	0.000010	0.000010	LD_0.9_10_1807
NIC819	0.000010	0.632305	0.000010	0.215332	0.000010	0.000010	0.000010	0.000010	0.000010	0.152293	LD_0.9_10_1807
NIC821	0.000010	0.000010	0.000010	0.000010	0.000010	0.000010	0.000010	0.082443	0.000010	0.917477	LD_0.9_10_1807
NIC822	0.000010	0.000011	0.000010	0.172004	0.000010	0.000010	0.827907	0.000017	0.000010	0.000010	LD_0.9_10_1807
NIC824	0.000010	0.000010	0.000010	0.999908	0.000012	0.000010	0.000010	0.000010	0.000010	0.000010	LD_0.9_10_1807
NIC825	0.000010	0.999910	0.000010	0.000010	0.000010	0.000010	0.000010	0.000010	0.000010	0.000010	LD_0.9_10_1807
NIC827	0.000010	0.999901	0.000016	0.000010	0.000010	0.000013	0.000010	0.000010	0.000010	0.000010	LD_0.9_10_1807
NIC828	0.000010	0.999910	0.000010	0.000010	0.000010	0.000010	0.000010	0.000010	0.000010	0.000010	LD_0.9_10_1807
NIC863	0.000010	0.000010	0.000010	0.999910	0.000010	0.000010	0.000010	0.000010	0.000010	0.000010	LD_0.9_10_1807
NIC864	0.000010	0.000010	0.000010	0.999910	0.000010	0.000010	0.000010	0.000010	0.000010	0.000010	LD_0.9_10_1807
NIC865	0.000010	0.000010	0.000010	0.999910	0.000010	0.000010	0.000010	0.000010	0.000010	0.000010	LD_0.9_10_1807
NIC871	0.000010	0.000010	0.000010	0.000010	0.000010	0.000010	0.000010	0.000010	0.000010	0.999910	LD_0.9_10_1807
NIC883	0.000010	0.000010	0.000016	0.000010	0.000010	0.000010	0.000010	0.000010	0.000010	0.999904	LD_0.9_10_1807
NIC889	0.000010	0.000010	0.000010	0.999903	0.000010	0.000010	0.000010	0.000017	0.000010	0.000010	LD_0.9_10_1807
NIC893	0.000010	0.575748	0.000010	0.167169	0.105417	0.000010	0.000010	0.000010	0.000010	0.151606	LD_0.9_10_1807
NIC897	0.000010	0.000010	0.000010	0.999910	0.000010	0.000010	0.000010	0.000010	0.000010	0.000010	LD_0.9_10_1807
NIC899	0.000010	0.000010	0.000010	0.000010	0.999910	0.000010	0.000010	0.000010	0.000010	0.000010	LD_0.9_10_1807
NIC901	0.000011	0.000010	0.000020	0.000010	0.000010	0.000012	0.000010	0.000010	0.000010	0.999897	LD_0.9_10_1807
NIC911	0.000010	0.000010	0.000010	0.000010	0.000010	0.000010	0.000010	0.209574	0.000010	0.790346	LD_0.9_10_1807
NIC96	0.000010	0.000010	0.000010	0.000010	0.000010	0.000012	0.000010	0.999908	0.000010	0.000010	LD_0.9_10_1807
NIC984	0.000010	0.000010	0.000010	0.000010	0.000010	0.000010	0.000010	0.103568	0.000010	0.896352	LD_0.9_10_1807
NIC985	0.000010	0.000010	0.000010	0.000010	0.000010	0.147949	0.000010	0.136836	0.000010	0.715145	LD_0.9_10_1807
PB800	0.000010	0.000010	0.000010	0.000011	0.999909	0.000010	0.000010	0.000010	0.000010	0.000010	LD_0.9_10_1807
PB857	0.000010	0.000010	0.000010	0.000010	0.999910	0.000010	0.000010	0.000010	0.000010	0.000010	LD_0.9_10_1807
PE887	0.000010	0.000010	0.000010	0.000010	0.000010	0.000010	0.000010	0.020862	0.000010	0.979058	LD_0.9_10_1807
QG1005	0.934497	0.000010	0.000012	0.000010	0.000010	0.000010	0.000010	0.065420	0.000010	0.000010	LD_0.9_10_1807
QG1007	0.999901	0.000010	0.000010	0.000010	0.000010	0.000010	0.000010	0.000019	0.000010	0.000010	LD_0.9_10_1807
QG1111	0.999908	0.000010	0.000012	0.000010	0.000010	0.000010	0.000010	0.000010	0.000010	0.000010	LD_0.9_10_1807
QG1126	0.999901	0.000010	0.000010	0.000010	0.000010	0.000010	0.000010	0.000019	0.000010	0.000010	LD_0.9_10_1807
QG1141	0.999910	0.000010	0.000010	0.000010	0.000010	0.000010	0.000010	0.000010	0.000010	0.000010	LD_0.9_10_1807
QG1155	0.999270	0.000010	0.000010	0.000010	0.000010	0.000010	0.000010	0.000010	0.000010	0.000650	LD_0.9_10_1807
QG130	0.000010	0.000010	0.000020	0.000010	0.000010	0.000010	0.000010	0.000010	0.000010	0.999900	LD_0.9_10_1807
QG132	0.000010	0.000010	0.000017	0.000010	0.000010	0.000010	0.000010	0.070516	0.000010	0.929397	LD_0.9_10_1807
QG133	0.000010	0.000010	0.000010	0.975796	0.000010	0.000010	0.004478	0.000010	0.000010	0.019656	LD_0.9_10_1807
QG2641	0.999910	0.000010	0.000010	0.000010	0.000010	0.000010	0.000010	0.000010	0.000010	0.000010	LD_0.9_10_1807
QG2648	0.999910	0.000010	0.000010	0.000010	0.000010	0.000010	0.000010	0.000010	0.000010	0.000010	LD_0.9_10_1807
QG2659	0.999910	0.000010	0.000010	0.000010	0.000010	0.000010	0.000010	0.000010	0.000010	0.000010	LD_0.9_10_1807
QG2663	0.999910	0.000010	0.000010	0.000010	0.000010	0.000010	0.000010	0.000010	0.000010	0.000010	LD_0.9_10_1807
QG2665	0.999909	0.000010	0.000010	0.000011	0.000010	0.000010	0.000010	0.000010	0.000010	0.000010	LD_0.9_10_1807
QG2683	0.999905	0.000010	0.000010	0.000010	0.000010	0.000013	0.000011	0.000010	0.000010	0.000010	LD_0.9_10_1807
QG2736	0.999910	0.000010	0.000010	0.000010	0.000010	0.000010	0.000010	0.000010	0.000010	0.000010	LD_0.9_10_1807
QG2814	0.000010	0.000010	0.000010	0.000010	0.000010	0.000010	0.000010	0.000010	0.000010	0.999910	LD_0.9_10_1807
QG2820	0.000010	0.000010	0.000010	0.000010	0.000010	0.000010	0.000010	0.000010	0.000010	0.999910	LD_0.9_10_1807
QG2848	0.000010	0.000010	0.000010	0.000010	0.000010	0.000010	0.000010	0.000010	0.000010	0.999910	LD_0.9_10_1807
QG2880	0.000010	0.000010	0.999910	0.000010	0.000010	0.000010	0.000010	0.000010	0.000010	0.000010	LD_0.9_10_1807
QG2881	0.000010	0.000010	0.000010	0.000010	0.000010	0.000010	0.000010	0.000010	0.000010	0.999910	LD_0.9_10_1807
QG2883	0.000010	0.000010	0.000010	0.000010	0.000010	0.000010	0.000010	0.000010	0.000010	0.999910	LD_0.9_10_1807
QG2884	0.000010	0.000010	0.999910	0.000010	0.000010	0.000010	0.000010	0.000010	0.000010	0.000010	LD_0.9_10_1807
QG2891	0.000010	0.000010	0.000013	0.000014	0.000010	0.000010	0.000010	0.000010	0.999903	0.000010	LD_0.9_10_1807
QG2892	0.000010	0.000010	0.999910	0.000010	0.000010	0.000010	0.000010	0.000010	0.000010	0.000010	LD_0.9_10_1807
QG2893	0.000010	0.000010	0.000010	0.000010	0.000010	0.000010	0.000010	0.000010	0.999910	0.000010	LD_0.9_10_1807
QG2895	0.000010	0.000010	0.999899	0.000016	0.000010	0.000010	0.000010	0.000016	0.000010	0.000010	LD_0.9_10_1807
QG2902	0.000010	0.000010	0.999910	0.000010	0.000010	0.000010	0.000010	0.000010	0.000010	0.000010	LD_0.9_10_1807
QG2903	0.000010	0.000010	0.999910	0.000010	0.000010	0.000010	0.000010	0.000010	0.000010	0.000010	LD_0.9_10_1807
QG2906	0.000010	0.000010	0.999910	0.000010	0.000010	0.000010	0.000010	0.000010	0.000010	0.000010	LD_0.9_10_1807
QG2908	0.000010	0.000010	0.000010	0.000010	0.000016	0.000010	0.000014	0.000010	0.999900	0.000010	LD_0.9_10_1807
QG2910	0.000010	0.000010	0.000010	0.000010	0.000010	0.000010	0.000010	0.044187	0.000010	0.955733	LD_0.9_10_1807
QG2919	0.000010	0.000010	0.000011	0.000010	0.000010	0.000014	0.000010	0.000010	0.999905	0.000010	LD_0.9_10_1807
QG2923	0.000010	0.000010	0.999910	0.000010	0.000010	0.000010	0.000010	0.000010	0.000010	0.000010	LD_0.9_10_1807
QG2925	0.000010	0.000010	0.999910	0.000010	0.000010	0.000010	0.000010	0.000010	0.000010	0.000010	LD_0.9_10_1807
QG2964	0.999910	0.000010	0.000010	0.000010	0.000010	0.000010	0.000010	0.000010	0.000010	0.000010	LD_0.9_10_1807
QG2966	0.599562	0.000010	0.000010	0.000010	0.000010	0.000010	0.000010	0.176777	0.000010	0.223591	LD_0.9_10_1807
QG2969	0.999910	0.000010	0.000010	0.000010	0.000010	0.000010	0.000010	0.000010	0.000010	0.000010	LD_0.9_10_1807
QG2972	0.999910	0.000010	0.000010	0.000010	0.000010	0.000010	0.000010	0.000010	0.000010	0.000010	LD_0.9_10_1807
QG2996	0.999910	0.000010	0.000010	0.000010	0.000010	0.000010	0.000010	0.000010	0.000010	0.000010	LD_0.9_10_1807
QG3004	0.774319	0.000010	0.000010	0.000010	0.000010	0.000010	0.000010	0.160836	0.000010	0.064775	LD_0.9_10_1807
QG3006	0.999910	0.000010	0.000010	0.000010	0.000010	0.000010	0.000010	0.000010	0.000010	0.000010	LD_0.9_10_1807
QG3019	0.850428	0.000010	0.000013	0.000010	0.000010	0.000010	0.000010	0.149489	0.000010	0.000010	LD_0.9_10_1807
QG3025	0.999910	0.000010	0.000010	0.000010	0.000010	0.000010	0.000010	0.000010	0.000010	0.000010	LD_0.9_10_1807
QG3030	0.999907	0.000010	0.000010	0.000010	0.000010	0.000010	0.000010	0.000013	0.000010	0.000010	LD_0.9_10_1807
QG3032	0.749399	0.000010	0.000010	0.000010	0.000010	0.000010	0.000018	0.250514	0.000010	0.000010	LD_0.9_10_1807
QG3034	0.999910	0.000010	0.000010	0.000010	0.000010	0.000010	0.000010	0.000010	0.000010	0.000010	LD_0.9_10_1807
QG3041	0.999907	0.000010	0.000013	0.000010	0.000010	0.000010	0.000010	0.000010	0.000010	0.000010	LD_0.9_10_1807
QG3053	0.000010	0.000010	0.000017	0.000010	0.000010	0.000010	0.000010	0.492229	0.000010	0.507684	LD_0.9_10_1807
QG3056	0.592938	0.000010	0.000010	0.000012	0.000010	0.000010	0.000010	0.182996	0.000010	0.223994	LD_0.9_10_1807
QG3057	0.999910	0.000010	0.000010	0.000010	0.000010	0.000010	0.000010	0.000010	0.000010	0.000010	LD_0.9_10_1807
QG3058	0.924962	0.000010	0.000010	0.000010	0.000010	0.000010	0.000010	0.074958	0.000010	0.000010	LD_0.9_10_1807
QG3527	0.113605	0.000010	0.000011	0.000015	0.000016	0.000010	0.000010	0.642946	0.000010	0.243367	LD_0.9_10_1807
QG3661	0.000010	0.000010	0.000010	0.000010	0.999910	0.000010	0.000010	0.000010	0.000010	0.000010	LD_0.9_10_1807
QG3783	0.004777	0.000010	0.000010	0.000010	0.000010	0.000010	0.000010	0.649009	0.000010	0.346144	LD_0.9_10_1807
QG3801	0.884975	0.000010	0.000010	0.000010	0.000010	0.000010	0.000010	0.114945	0.000010	0.000010	LD_0.9_10_1807
QG3815	0.000016	0.000010	0.000010	0.000015	0.000010	0.000010	0.000010	0.817036	0.000010	0.182873	LD_0.9_10_1807
QG3816	0.000010	0.000010	0.000010	0.000010	0.000010	0.000010	0.000010	0.664041	0.000010	0.335879	LD_0.9_10_1807
QG3823	0.884977	0.000010	0.005504	0.000010	0.000010	0.010399	0.000010	0.099060	0.000010	0.000010	LD_0.9_10_1807
QG3825	0.000010	0.000010	0.000010	0.000010	0.000010	0.000010	0.000010	0.664275	0.000010	0.335645	LD_0.9_10_1807
QG3826	0.034193	0.000010	0.000010	0.000010	0.000010	0.000010	0.000010	0.653925	0.000010	0.311812	LD_0.9_10_1807
QG3837	0.000010	0.000010	0.000010	0.000010	0.000010	0.000010	0.000010	0.718325	0.000010	0.281595	LD_0.9_10_1807
QG3851	0.007780	0.000010	0.000010	0.000010	0.000010	0.000010	0.000010	0.672797	0.000010	0.319353	LD_0.9_10_1807
QG3861	0.000010	0.000010	0.000010	0.000010	0.000010	0.000010	0.000010	0.703950	0.000010	0.295970	LD_0.9_10_1807
QG3867	0.853839	0.000010	0.000010	0.000010	0.000010	0.000010	0.000010	0.144796	0.000010	0.001295	LD_0.9_10_1807
QG3874	0.000010	0.000010	0.000010	0.000010	0.000010	0.000010	0.000010	0.567851	0.000010	0.432069	LD_0.9_10_1807
QG3875	0.000014	0.000010	0.000010	0.000010	0.000010	0.000010	0.000010	0.907501	0.000010	0.092415	LD_0.9_10_1807
QG3876	0.000010	0.000010	0.000010	0.000010	0.000010	0.000010	0.000010	0.702083	0.000010	0.297837	LD_0.9_10_1807
QG3878	0.000013	0.000010	0.000010	0.000019	0.000010	0.000010	0.000010	0.910224	0.000010	0.089684	LD_0.9_10_1807
QG3920	0.000010	0.000010	0.000010	0.000010	0.000010	0.000010	0.000010	0.753340	0.000010	0.246579	LD_0.9_10_1807
QG3921	0.000011	0.000010	0.000010	0.000010	0.000010	0.000018	0.000010	0.699539	0.000010	0.300372	LD_0.9_10_1807
QG3923	0.000010	0.000010	0.000010	0.000010	0.000010	0.000010	0.000010	0.625862	0.000010	0.374058	LD_0.9_10_1807
QG3924	0.112378	0.000010	0.000010	0.000010	0.000010	0.000010	0.000010	0.630119	0.000010	0.257434	LD_0.9_10_1807
QG3925	0.000010	0.000010	0.000010	0.000010	0.000016	0.000010	0.000010	0.832438	0.000010	0.167476	LD_0.9_10_1807
QG3926	0.000010	0.000010	0.000010	0.000010	0.000010	0.000010	0.000010	0.838922	0.000010	0.160998	LD_0.9_10_1807
QG3927	0.000010	0.000010	0.000010	0.000010	0.000010	0.000010	0.000010	0.713752	0.000010	0.286168	LD_0.9_10_1807
QG3931	0.000010	0.000010	0.000010	0.000010	0.000010	0.000010	0.000010	0.934365	0.000010	0.065555	LD_0.9_10_1807
QG3932	0.000010	0.000010	0.000010	0.000010	0.000010	0.000010	0.000010	0.600015	0.000010	0.399905	LD_0.9_10_1807
QG3933	0.000010	0.000010	0.000010	0.000010	0.000010	0.000010	0.000010	0.337519	0.000010	0.662401	LD_0.9_10_1807
QG4026	0.000010	0.000010	0.000010	0.000014	0.000010	0.000010	0.000010	0.000010	0.999906	0.000010	LD_0.9_10_1807
QG4028	0.000010	0.000010	0.000010	0.000013	0.000010	0.000010	0.000010	0.000010	0.999907	0.000010	LD_0.9_10_1807
QG4031	0.000010	0.000010	0.000010	0.000014	0.000010	0.000010	0.000010	0.000010	0.999906	0.000010	LD_0.9_10_1807
QG4063	0.000010	0.000010	0.000010	0.000010	0.000012	0.000010	0.000010	0.000010	0.999908	0.000010	LD_0.9_10_1807
QG4064	0.000010	0.000010	0.000011	0.000010	0.000010	0.000010	0.000010	0.000010	0.999909	0.000010	LD_0.9_10_1807
QG4067	0.000010	0.000010	0.000010	0.000010	0.000020	0.000010	0.000010	0.000010	0.999900	0.000010	LD_0.9_10_1807
QG4068	0.000010	0.000010	0.000010	0.000010	0.000010	0.000015	0.000010	0.000010	0.999905	0.000010	LD_0.9_10_1807
QG4070	0.000010	0.000010	0.000010	0.000010	0.000010	0.000010	0.000010	0.000010	0.000010	0.999910	LD_0.9_10_1807
QG4093	0.000010	0.000010	0.000010	0.000010	0.000010	0.000010	0.000010	0.000010	0.999910	0.000010	LD_0.9_10_1807
QG4094	0.000010	0.000010	0.000010	0.000010	0.000010	0.000010	0.000010	0.000010	0.999910	0.000010	LD_0.9_10_1807
QG4095	0.000010	0.000010	0.000010	0.000010	0.000010	0.000010	0.000010	0.000010	0.999910	0.000010	LD_0.9_10_1807
QG4096	0.000010	0.000010	0.000011	0.000010	0.000010	0.000010	0.000010	0.000010	0.999909	0.000010	LD_0.9_10_1807
QG4097	0.000010	0.000010	0.000010	0.000010	0.000010	0.000010	0.000010	0.000010	0.999910	0.000010	LD_0.9_10_1807
QG4104	0.000010	0.000010	0.000010	0.000010	0.000010	0.000010	0.000010	0.000010	0.999910	0.000010	LD_0.9_10_1807
QG4114	0.000010	0.000010	0.000010	0.000010	0.000010	0.000010	0.000010	0.000010	0.999910	0.000010	LD_0.9_10_1807
QG4131	0.000010	0.000010	0.000010	0.000010	0.000010	0.000010	0.000010	0.000010	0.999910	0.000010	LD_0.9_10_1807
QG4132	0.000010	0.000010	0.000010	0.000010	0.000010	0.000010	0.000010	0.000010	0.999910	0.000010	LD_0.9_10_1807
QG4208	0.000010	0.000010	0.000010	0.000010	0.000010	0.000010	0.000010	0.000010	0.999910	0.000010	LD_0.9_10_1807
QG4214	0.000010	0.000010	0.000018	0.000011	0.000014	0.000010	0.000010	0.000010	0.999897	0.000010	LD_0.9_10_1807
QG4225	0.000010	0.000010	0.000010	0.000010	0.000010	0.000010	0.000010	0.000010	0.999910	0.000010	LD_0.9_10_1807
QG4232	0.000010	0.000010	0.000010	0.000010	0.000010	0.000010	0.000010	0.000010	0.999910	0.000010	LD_0.9_10_1807
QG4233	0.000010	0.000010	0.000010	0.000010	0.000010	0.000010	0.000010	0.000010	0.999910	0.000010	LD_0.9_10_1807
QG4647	0.000019	0.000010	0.999901	0.000010	0.000010	0.000010	0.000010	0.000010	0.000010	0.000010	LD_0.9_10_1807
QG4648	0.000010	0.000010	0.005796	0.000010	0.000010	0.000010	0.000010	0.000010	0.000010	0.994124	LD_0.9_10_1807
QG4683	0.000010	0.000010	0.000010	0.000010	0.000013	0.000010	0.000010	0.000010	0.000010	0.999907	LD_0.9_10_1807
QG4701	0.000010	0.000010	0.578468	0.000010	0.000010	0.000010	0.000010	0.000010	0.000010	0.421452	LD_0.9_10_1807
QG4706	0.000010	0.000010	0.000010	0.000010	0.000010	0.000010	0.000010	0.000010	0.000010	0.999910	LD_0.9_10_1807
QG4718	0.000010	0.000010	0.000010	0.000010	0.000010	0.000010	0.000010	0.000010	0.000010	0.999910	LD_0.9_10_1807
QG4742	0.000010	0.000010	0.020881	0.000010	0.000010	0.000010	0.000010	0.000013	0.000010	0.979036	LD_0.9_10_1807
QG4805	0.000010	0.000010	0.999910	0.000010	0.000010	0.000010	0.000010	0.000010	0.000010	0.000010	LD_0.9_10_1807
QG4847	0.000010	0.000010	0.000019	0.000010	0.000010	0.000010	0.000010	0.000013	0.000010	0.999899	LD_0.9_10_1807
QG4966	0.000010	0.000010	0.000010	0.000010	0.000010	0.000010	0.000010	0.000010	0.000010	0.999910	LD_0.9_10_1807
QG5348	0.000010	0.000010	0.000010	0.000010	0.000013	0.000010	0.000010	0.000010	0.000010	0.999907	LD_0.9_10_1807
QG5406	0.000010	0.000010	0.000010	0.000010	0.000010	0.000010	0.000010	0.000010	0.000010	0.999910	LD_0.9_10_1807
QG547	0.000010	0.000010	0.000010	0.000010	0.999910	0.000010	0.000010	0.000010	0.000010	0.000010	LD_0.9_10_1807
QG5474	0.000010	0.000010	0.657211	0.000010	0.000010	0.000010	0.000010	0.000010	0.000010	0.342709	LD_0.9_10_1807
QG5488	0.000010	0.000010	0.000010	0.000010	0.000010	0.000010	0.000010	0.000010	0.000010	0.999910	LD_0.9_10_1807
QG550	0.000010	0.000013	0.064168	0.000010	0.000010	0.585637	0.000019	0.012058	0.000010	0.338066	LD_0.9_10_1807
QG5507	0.000010	0.000010	0.203510	0.000010	0.000010	0.000010	0.000010	0.000010	0.000010	0.796410	LD_0.9_10_1807
QG5525	0.000010	0.000010	0.000010	0.000010	0.000010	0.000010	0.000010	0.000010	0.000010	0.999910	LD_0.9_10_1807
QG5589	0.000010	0.000010	0.838129	0.000010	0.000010	0.000011	0.000010	0.000010	0.000010	0.161789	LD_0.9_10_1807
QG5603	0.000010	0.000010	0.664477	0.000010	0.000010	0.000010	0.000010	0.000010	0.000010	0.335443	LD_0.9_10_1807
QG5611	0.000010	0.000010	0.000010	0.000010	0.000010	0.000010	0.000010	0.000010	0.000010	0.999910	LD_0.9_10_1807
QG5612	0.000010	0.000010	0.000010	0.000010	0.000010	0.000010	0.000010	0.087747	0.000010	0.912173	LD_0.9_10_1807
QG5633	0.000010	0.000010	0.011676	0.000010	0.000010	0.000010	0.000010	0.000010	0.000010	0.988244	LD_0.9_10_1807
QG581	0.000010	0.000010	0.000010	0.000010	0.999910	0.000010	0.000010	0.000010	0.000010	0.000010	LD_0.9_10_1807
QG588	0.000010	0.000010	0.000010	0.000010	0.999910	0.000010	0.000010	0.000010	0.000010	0.000010	LD_0.9_10_1807
QG700	0.790991	0.000010	0.000010	0.000010	0.000010	0.000010	0.000010	0.208929	0.000010	0.000010	LD_0.9_10_1807
QG727	0.999910	0.000010	0.000010	0.000010	0.000010	0.000010	0.000010	0.000010	0.000010	0.000010	LD_0.9_10_1807
QG733	0.999902	0.000010	0.000010	0.000010	0.000010	0.000010	0.000010	0.000018	0.000010	0.000010	LD_0.9_10_1807
QG736	0.999908	0.000010	0.000010	0.000010	0.000010	0.000012	0.000010	0.000010	0.000010	0.000010	LD_0.9_10_1807
QG737	0.999910	0.000010	0.000010	0.000010	0.000010	0.000010	0.000010	0.000010	0.000010	0.000010	LD_0.9_10_1807
QG739	0.999910	0.000010	0.000010	0.000010	0.000010	0.000010	0.000010	0.000010	0.000010	0.000010	LD_0.9_10_1807
QG761	0.699332	0.000010	0.000010	0.000010	0.000010	0.000010	0.000010	0.300588	0.000010	0.000010	LD_0.9_10_1807
QG763	0.935875	0.000010	0.000010	0.000010	0.000010	0.000010	0.000010	0.064045	0.000010	0.000010	LD_0.9_10_1807
QG776	0.975032	0.000010	0.000010	0.000010	0.000010	0.000010	0.000010	0.024888	0.000010	0.000010	LD_0.9_10_1807
QG781	0.999910	0.000010	0.000010	0.000010	0.000010	0.000010	0.000010	0.000010	0.000010	0.000010	LD_0.9_10_1807
QG784	0.999910	0.000010	0.000010	0.000010	0.000010	0.000010	0.000010	0.000010	0.000010	0.000010	LD_0.9_10_1807
QG786	0.999910	0.000010	0.000010	0.000010	0.000010	0.000010	0.000010	0.000010	0.000010	0.000010	LD_0.9_10_1807
QG788	0.999910	0.000010	0.000010	0.000010	0.000010	0.000010	0.000010	0.000010	0.000010	0.000010	LD_0.9_10_1807
QG790	0.999910	0.000010	0.000010	0.000010	0.000010	0.000010	0.000010	0.000010	0.000010	0.000010	LD_0.9_10_1807
QG791	0.944894	0.000010	0.000010	0.000010	0.000010	0.000010	0.000010	0.000010	0.000010	0.055026	LD_0.9_10_1807
QG795	0.661112	0.000010	0.000010	0.000010	0.000010	0.000010	0.000010	0.338808	0.000010	0.000010	LD_0.9_10_1807
QG797	0.999910	0.000010	0.000010	0.000010	0.000010	0.000010	0.000010	0.000010	0.000010	0.000010	LD_0.9_10_1807
QG802	0.999910	0.000010	0.000010	0.000010	0.000010	0.000010	0.000010	0.000010	0.000010	0.000010	LD_0.9_10_1807
QG804	0.999910	0.000010	0.000010	0.000010	0.000010	0.000010	0.000010	0.000010	0.000010	0.000010	LD_0.9_10_1807
QG806	0.999910	0.000010	0.000010	0.000010	0.000010	0.000010	0.000010	0.000010	0.000010	0.000010	LD_0.9_10_1807
QG807	0.999910	0.000010	0.000010	0.000010	0.000010	0.000010	0.000010	0.000010	0.000010	0.000010	LD_0.9_10_1807
QG808	0.960450	0.000010	0.000010	0.000010	0.000010	0.000010	0.000010	0.000010	0.000010	0.039470	LD_0.9_10_1807
QG809	0.999910	0.000010	0.000010	0.000010	0.000010	0.000010	0.000010	0.000010	0.000010	0.000010	LD_0.9_10_1807
QG825	0.999910	0.000010	0.000010	0.000010	0.000010	0.000010	0.000010	0.000010	0.000010	0.000010	LD_0.9_10_1807
QG827	0.999910	0.000010	0.000010	0.000010	0.000010	0.000010	0.000010	0.000010	0.000010	0.000010	LD_0.9_10_1807
QG828	0.999910	0.000010	0.000010	0.000010	0.000010	0.000010	0.000010	0.000010	0.000010	0.000010	LD_0.9_10_1807
QG833	0.973607	0.000010	0.000010	0.000010	0.000010	0.000010	0.000010	0.000010	0.000010	0.026313	LD_0.9_10_1807
QG855	0.970245	0.000010	0.000010	0.000010	0.000010	0.000010	0.000010	0.000010	0.000010	0.029675	LD_0.9_10_1807
QG856	0.999910	0.000010	0.000010	0.000010	0.000010	0.000010	0.000010	0.000010	0.000010	0.000010	LD_0.9_10_1807
QG858	0.999910	0.000010	0.000010	0.000010	0.000010	0.000010	0.000010	0.000010	0.000010	0.000010	LD_0.9_10_1807
QG860	0.743240	0.000010	0.000010	0.000010	0.000010	0.000010	0.000010	0.256680	0.000010	0.000010	LD_0.9_10_1807
QG864	0.999910	0.000010	0.000010	0.000010	0.000010	0.000010	0.000010	0.000010	0.000010	0.000010	LD_0.9_10_1807
QG865	0.999910	0.000010	0.000010	0.000010	0.000010	0.000010	0.000010	0.000010	0.000010	0.000010	LD_0.9_10_1807
QG866	0.999910	0.000010	0.000010	0.000010	0.000010	0.000010	0.000010	0.000010	0.000010	0.000010	LD_0.9_10_1807
QG868	0.924353	0.000010	0.000010	0.000010	0.000010	0.000010	0.000010	0.075567	0.000010	0.000010	LD_0.9_10_1807
QG874	0.999910	0.000010	0.000010	0.000010	0.000010	0.000010	0.000010	0.000010	0.000010	0.000010	LD_0.9_10_1807
QG875	0.999910	0.000010	0.000010	0.000010	0.000010	0.000010	0.000010	0.000010	0.000010	0.000010	LD_0.9_10_1807
QG878	0.999910	0.000010	0.000010	0.000010	0.000010	0.000010	0.000010	0.000010	0.000010	0.000010	LD_0.9_10_1807
QG879	0.999910	0.000010	0.000010	0.000010	0.000010	0.000010	0.000010	0.000010	0.000010	0.000010	LD_0.9_10_1807
QG880	0.999910	0.000010	0.000010	0.000010	0.000010	0.000010	0.000010	0.000010	0.000010	0.000010	LD_0.9_10_1807
QG881	0.704233	0.000010	0.000010	0.000010	0.000010	0.000010	0.000010	0.295687	0.000010	0.000010	LD_0.9_10_1807
QG887	0.999910	0.000010	0.000010	0.000010	0.000010	0.000010	0.000010	0.000010	0.000010	0.000010	LD_0.9_10_1807
QG888	0.999906	0.000013	0.000010	0.000010	0.000011	0.000010	0.000010	0.000010	0.000010	0.000010	LD_0.9_10_1807
QG926	0.999910	0.000010	0.000010	0.000010	0.000010	0.000010	0.000010	0.000010	0.000010	0.000010	LD_0.9_10_1807
QG927	0.074485	0.000010	0.000010	0.000010	0.000010	0.000010	0.000010	0.000010	0.000010	0.925435	LD_0.9_10_1807
QG933	0.999910	0.000010	0.000010	0.000010	0.000010	0.000010	0.000010	0.000010	0.000010	0.000010	LD_0.9_10_1807
QG937	0.999910	0.000010	0.000010	0.000010	0.000010	0.000010	0.000010	0.000010	0.000010	0.000010	LD_0.9_10_1807
QG945	0.999910	0.000010	0.000010	0.000010	0.000010	0.000010	0.000010	0.000010	0.000010	0.000010	LD_0.9_10_1807
QG946	0.999900	0.000010	0.000010	0.000010	0.000010	0.000010	0.000010	0.000020	0.000010	0.000010	LD_0.9_10_1807
QG947	0.999910	0.000010	0.000010	0.000010	0.000010	0.000010	0.000010	0.000010	0.000010	0.000010	LD_0.9_10_1807
QG948	0.988906	0.000010	0.000010	0.000010	0.000010	0.000010	0.000010	0.000010	0.000010	0.011014	LD_0.9_10_1807
QG952	0.912839	0.000010	0.000010	0.000010	0.000010	0.000010	0.000010	0.059238	0.000010	0.027853	LD_0.9_10_1807
QG978	0.866359	0.000010	0.000010	0.000010	0.000010	0.000010	0.000010	0.133561	0.000010	0.000010	LD_0.9_10_1807
QG980	0.999910	0.000010	0.000010	0.000010	0.000010	0.000010	0.000010	0.000010	0.000010	0.000010	LD_0.9_10_1807
QG986	0.960006	0.000010	0.000010	0.000010	0.000010	0.000010	0.000010	0.000010	0.000010	0.039914	LD_0.9_10_1807
QG991	0.999910	0.000010	0.000010	0.000010	0.000010	0.000010	0.000010	0.000010	0.000010	0.000010	LD_0.9_10_1807
QG994	0.999910	0.000010	0.000010	0.000010	0.000010	0.000010	0.000010	0.000010	0.000010	0.000010	LD_0.9_10_1807
QG995	0.999910	0.000010	0.000010	0.000010	0.000010	0.000010	0.000010	0.000010	0.000010	0.000010	LD_0.9_10_1807
QG997	0.999910	0.000010	0.000010	0.000010	0.000010	0.000010	0.000010	0.000010	0.000010	0.000010	LD_0.9_10_1807
QG998	0.999901	0.000010	0.000010	0.000010	0.000010	0.000010	0.000010	0.000019	0.000010	0.000010	LD_0.9_10_1807
QR25	0.000010	0.110800	0.000010	0.086317	0.618251	0.000010	0.000010	0.000010	0.033719	0.150863	LD_0.9_10_1807
QX1410	0.000010	0.000010	0.000010	0.000015	0.000010	0.000010	0.000010	0.735647	0.000010	0.264269	LD_0.9_10_1807
QX1547	0.000010	0.000010	0.000010	0.000010	0.999910	0.000010	0.000010	0.000010	0.000010	0.000010	LD_0.9_10_1807
QX1795	0.000010	0.000010	0.000010	0.000010	0.000010	0.000010	0.000010	0.112718	0.000010	0.887202	LD_0.9_10_1807
QX1796	0.000010	0.000010	0.000010	0.000010	0.000010	0.000010	0.000010	0.000010	0.000010	0.999910	LD_0.9_10_1807
QX1798	0.000010	0.000010	0.000010	0.999908	0.000010	0.000010	0.000010	0.000012	0.000010	0.000010	LD_0.9_10_1807
QX1800	0.000010	0.000010	0.000010	0.000010	0.000010	0.000010	0.000010	0.000010	0.000010	0.999910	LD_0.9_10_1807
QX1801	0.000010	0.000010	0.000010	0.000016	0.000018	0.000010	0.000010	0.000012	0.000010	0.999894	LD_0.9_10_1807
QX1802	0.000010	0.000010	0.000010	0.000010	0.000010	0.000010	0.000010	0.000010	0.000010	0.999910	LD_0.9_10_1807
QX1803	0.000010	0.000010	0.000010	0.000010	0.000010	0.000010	0.000010	0.000010	0.000010	0.999910	LD_0.9_10_1807
QX1804	0.000010	0.000010	0.000010	0.000010	0.000010	0.000010	0.000010	0.000010	0.000010	0.999910	LD_0.9_10_1807
SOW18	0.000010	0.000011	0.000010	0.000010	0.999908	0.000011	0.000010	0.000010	0.000010	0.000010	LD_0.9_10_1807
SOW21	0.000016	0.000010	0.000010	0.000010	0.999899	0.000015	0.000010	0.000010	0.000010	0.000010	LD_0.9_10_1807
SOW22	0.000010	0.000010	0.000010	0.000010	0.999910	0.000010	0.000010	0.000010	0.000010	0.000010	LD_0.9_10_1807
TT3408	0.000010	0.000010	0.000010	0.000010	0.000010	0.000010	0.000010	0.000010	0.000010	0.999910	LD_0.9_10_1807
TT3411	0.000010	0.000010	0.000010	0.000010	0.000010	0.000010	0.000010	0.000010	0.000010	0.999910	LD_0.9_10_1807
TWN1772	0.000010	0.000010	0.000010	0.999910	0.000010	0.000010	0.000010	0.000010	0.000010	0.000010	LD_0.9_10_1807
TWN1824	0.000010	0.999910	0.000010	0.000010	0.000010	0.000010	0.000010	0.000010	0.000010	0.000010	LD_0.9_10_1807
TWN1899	0.000010	0.999906	0.000010	0.000014	0.000010	0.000010	0.000010	0.000010	0.000010	0.000010	LD_0.9_10_1807
TWN1907	0.000010	0.000010	0.000010	0.000010	0.000010	0.000010	0.999910	0.000010	0.000010	0.000010	LD_0.9_10_1807
TWN2919	0.000010	0.000010	0.000010	0.000010	0.000010	0.000010	0.999910	0.000010	0.000010	0.000010	LD_0.9_10_1807
TWN3077	0.000010	0.000010	0.000010	0.999910	0.000010	0.000010	0.000010	0.000010	0.000010	0.000010	LD_0.9_10_1807
UH1	0.000010	0.000010	0.000010	0.999910	0.000010	0.000010	0.000010	0.000010	0.000010	0.000010	LD_0.9_10_1807
VSL2201	0.000010	0.000010	0.000010	0.000010	0.000010	0.664443	0.000010	0.000010	0.000010	0.335477	LD_0.9_10_1807
VSL2207	0.000010	0.000010	0.000010	0.000010	0.000010	0.000010	0.000010	0.000010	0.999910	0.000010	LD_0.9_10_1807
VSL2209	0.000010	0.000010	0.000010	0.000010	0.000010	0.000010	0.000010	0.000010	0.999910	0.000010	LD_0.9_10_1807
VSL2210	0.000010	0.000010	0.000010	0.000010	0.000010	0.141205	0.000010	0.000010	0.000010	0.858715	LD_0.9_10_1807
VSL2212	0.000010	0.000010	0.000010	0.000010	0.000010	0.177511	0.000010	0.000010	0.000010	0.822409	LD_0.9_10_1807
VSL2213	0.000010	0.000010	0.000010	0.000010	0.000010	0.999910	0.000010	0.000010	0.000010	0.000010	LD_0.9_10_1807
VSL2215	0.000010	0.000010	0.000010	0.000010	0.000010	0.884309	0.000010	0.000010	0.000010	0.115611	LD_0.9_10_1807
VSL2216	0.000010	0.000010	0.000010	0.000010	0.000010	0.999910	0.000010	0.000010	0.000010	0.000010	LD_0.9_10_1807
VSL2217	0.000010	0.000011	0.999908	0.000010	0.000011	0.000010	0.000010	0.000010	0.000010	0.000010	LD_0.9_10_1807
VSL2219	0.000010	0.000010	0.000010	0.000010	0.000010	0.000010	0.000010	0.000010	0.000010	0.999910	LD_0.9_10_1807
VT847	0.000010	0.000010	0.000010	0.000010	0.000010	0.000010	0.000010	0.066020	0.000010	0.933900	LD_0.9_10_1807
VX34	0.000010	0.103925	0.000010	0.000010	0.265975	0.598227	0.000010	0.000010	0.031814	0.000010	LD_0.9_10_1807
XZ1204	0.000010	0.000010	0.000010	0.000010	0.000010	0.441771	0.000010	0.006391	0.000010	0.551768	LD_0.9_10_1807
XZ1205	0.000010	0.000010	0.000010	0.000010	0.000010	0.999910	0.000010	0.000010	0.000010	0.000010	LD_0.9_10_1807
XZ1206	0.000010	0.000010	0.000010	0.000010	0.000010	0.999910	0.000010	0.000010	0.000010	0.000010	LD_0.9_10_1807
XZ1207	0.000010	0.000010	0.000010	0.000010	0.000010	0.000010	0.000010	0.025381	0.000010	0.974539	LD_0.9_10_1807
XZ1210	0.000010	0.000010	0.000010	0.000010	0.000010	0.000010	0.000010	0.040421	0.000010	0.959499	LD_0.9_10_1807
XZ1212	0.000010	0.000010	0.000010	0.000010	0.000010	0.000010	0.000010	0.062537	0.000010	0.937383	LD_0.9_10_1807
XZ1213	0.000010	0.000010	0.000010	0.000010	0.000010	0.000010	0.000010	0.000010	0.000010	0.999910	LD_0.9_10_1807
XZ1731	0.000010	0.000010	0.000010	0.000010	0.000010	0.000010	0.000010	0.030287	0.000010	0.969633	LD_0.9_10_1807
XZ1732	0.000010	0.000010	0.000010	0.000010	0.000010	0.000010	0.000010	0.131272	0.000010	0.868648	LD_0.9_10_1807
ZZY0992	0.000010	0.000010	0.999910	0.000010	0.000010	0.000010	0.000010	0.000010	0.000010	0.000010	LD_0.9_10_1807
ZZY1034	0.000010	0.000010	0.000010	0.000010	0.000010	0.000010	0.000010	0.000010	0.000010	0.999910	LD_0.9_10_1807
ZZY1075	0.000010	0.000010	0.000010	0.000010	0.000010	0.000010	0.000010	0.000010	0.000010	0.999910	LD_0.9_10_1807
ZZY1123	0.000010	0.000010	0.999910	0.000010	0.000010	0.000010	0.000010	0.000010	0.000010	0.000010	LD_0.9_10_1807
ZZY1130	0.000010	0.000010	0.000010	0.000010	0.000010	0.000010	0.000010	0.000010	0.000010	0.999910	LD_0.9_10_1807
ZZY405	0.000010	0.000010	0.000010	0.000010	0.000010	0.000010	0.000010	0.000010	0.000010	0.999910	LD_0.9_10_1807
AF16	0.000010	0.000010	0.000010	0.000010	0.000010	0.000010	0.000010	0.999910	0.000010	0.000010	LD_0.9_10_1830
BRC20069	0.000010	0.000010	0.000010	0.000010	0.000010	0.000010	0.000010	0.999910	0.000010	0.000010	LD_0.9_10_1830
BRC20073	0.000010	0.009946	0.000010	0.000010	0.000010	0.000010	0.000013	0.989971	0.000010	0.000010	LD_0.9_10_1830
BRC20075	0.000010	0.000010	0.000010	0.000010	0.000010	0.000010	0.000010	0.000010	0.999910	0.000010	LD_0.9_10_1830
BRC20077	0.000010	0.000010	0.000010	0.017291	0.000010	0.000010	0.000010	0.982629	0.000010	0.000010	LD_0.9_10_1830
BRC20081	0.999910	0.000010	0.000010	0.000010	0.000010	0.000010	0.000010	0.000010	0.000010	0.000010	LD_0.9_10_1830
BRC20085	0.000010	0.605838	0.000010	0.000010	0.000010	0.000010	0.109619	0.284473	0.000010	0.000010	LD_0.9_10_1830
BRC20088	0.999910	0.000010	0.000010	0.000010	0.000010	0.000010	0.000010	0.000010	0.000010	0.000010	LD_0.9_10_1830
BRC20089	0.000010	0.000010	0.000010	0.000010	0.000010	0.000010	0.000010	0.999910	0.000010	0.000010	LD_0.9_10_1830
BRC20090	0.000010	0.000010	0.000010	0.000010	0.000010	0.009244	0.040987	0.949699	0.000010	0.000010	LD_0.9_10_1830
BRC20092	0.000010	0.696904	0.000010	0.000010	0.000010	0.000010	0.014945	0.288080	0.000010	0.000010	LD_0.9_10_1830
BRC20093	0.000010	0.000010	0.000010	0.000010	0.000010	0.000010	0.000010	0.999910	0.000010	0.000010	LD_0.9_10_1830
BRC20094	0.000010	0.667285	0.000010	0.000010	0.000010	0.000010	0.054595	0.278050	0.000010	0.000010	LD_0.9_10_1830
BRC20095	0.000010	0.010930	0.000010	0.000010	0.000010	0.000010	0.000010	0.988990	0.000010	0.000010	LD_0.9_10_1830
BRC20096	0.000010	0.000010	0.000010	0.000010	0.000010	0.000010	0.000010	0.999910	0.000010	0.000010	LD_0.9_10_1830
BRC20098	0.000010	0.000010	0.000010	0.000010	0.000010	0.000010	0.000010	0.999910	0.000010	0.000010	LD_0.9_10_1830
BRC20099	0.000010	0.003423	0.000010	0.000010	0.000010	0.000010	0.000010	0.996497	0.000010	0.000010	LD_0.9_10_1830
BRC20100	0.000010	0.000010	0.000010	0.000010	0.000010	0.000010	0.000010	0.999910	0.000010	0.000010	LD_0.9_10_1830
BRC20102	0.000010	0.000010	0.000010	0.000010	0.000010	0.000010	0.000010	0.999910	0.000010	0.000010	LD_0.9_10_1830
BRC20103	0.000010	0.000010	0.000010	0.000010	0.000010	0.000010	0.000010	0.999910	0.000010	0.000010	LD_0.9_10_1830
BRC20105	0.000010	0.678006	0.000010	0.000010	0.000010	0.000010	0.100279	0.221645	0.000010	0.000010	LD_0.9_10_1830
BRC20107	0.000010	0.672076	0.000010	0.000010	0.000010	0.000010	0.100051	0.227795	0.000017	0.000010	LD_0.9_10_1830
BRC20115	0.246447	0.000010	0.000010	0.000010	0.564576	0.000010	0.000010	0.128910	0.060007	0.000010	LD_0.9_10_1830
BRC20119	0.000010	0.000010	0.000010	0.000010	0.000010	0.000010	0.685904	0.314016	0.000010	0.000010	LD_0.9_10_1830
BRC20228	0.000010	0.000010	0.000010	0.000010	0.000010	0.000010	0.000010	0.999910	0.000010	0.000010	LD_0.9_10_1830
BRC20229	0.000011	0.000010	0.000010	0.000010	0.000010	0.000010	0.000010	0.000011	0.999908	0.000010	LD_0.9_10_1830
BRC20230	0.999910	0.000010	0.000010	0.000010	0.000010	0.000010	0.000010	0.000010	0.000010	0.000010	LD_0.9_10_1830
BRC20232	0.000012	0.000010	0.000010	0.000010	0.000010	0.000010	0.000010	0.000010	0.999908	0.000010	LD_0.9_10_1830
BRC20238	0.999910	0.000010	0.000010	0.000010	0.000010	0.000010	0.000010	0.000010	0.000010	0.000010	LD_0.9_10_1830
BRC20239	0.000010	0.000010	0.000010	0.000010	0.000010	0.000010	0.000010	0.000011	0.999909	0.000010	LD_0.9_10_1830
BRC20241	0.000010	0.000010	0.000010	0.000010	0.000010	0.000010	0.065185	0.934735	0.000010	0.000010	LD_0.9_10_1830
BRC20242	0.000010	0.000010	0.000010	0.000010	0.000010	0.000010	0.000012	0.999908	0.000010	0.000010	LD_0.9_10_1830
BRC20244	0.999910	0.000010	0.000010	0.000010	0.000010	0.000010	0.000010	0.000010	0.000010	0.000010	LD_0.9_10_1830
BRC20246	0.999910	0.000010	0.000010	0.000010	0.000010	0.000010	0.000010	0.000010	0.000010	0.000010	LD_0.9_10_1830
BRC20257	0.000010	0.000010	0.000010	0.000010	0.000010	0.047647	0.952273	0.000010	0.000010	0.000010	LD_0.9_10_1830
BRC20260	0.000010	0.000010	0.000010	0.000010	0.000010	0.000010	0.000010	0.999910	0.000010	0.000010	LD_0.9_10_1830
BRC20270	0.999910	0.000010	0.000010	0.000010	0.000010	0.000010	0.000010	0.000010	0.000010	0.000010	LD_0.9_10_1830
BRC20272	0.999910	0.000010	0.000010	0.000010	0.000010	0.000010	0.000010	0.000010	0.000010	0.000010	LD_0.9_10_1830
BRC20289	0.999903	0.000010	0.000010	0.000017	0.000010	0.000010	0.000010	0.000010	0.000010	0.000010	LD_0.9_10_1830
BRC20290	0.999907	0.000010	0.000010	0.000013	0.000010	0.000010	0.000010	0.000010	0.000010	0.000010	LD_0.9_10_1830
BRC20294	0.000013	0.000010	0.000010	0.000010	0.000010	0.000010	0.000010	0.999907	0.000010	0.000010	LD_0.9_10_1830
BRC20308	0.999910	0.000010	0.000010	0.000010	0.000010	0.000010	0.000010	0.000010	0.000010	0.000010	LD_0.9_10_1830
BRC20309	0.999910	0.000010	0.000010	0.000010	0.000010	0.000010	0.000010	0.000010	0.000010	0.000010	LD_0.9_10_1830
BRC20311	0.999908	0.000010	0.000010	0.000010	0.000010	0.000010	0.000010	0.000012	0.000010	0.000010	LD_0.9_10_1830
BRC20312	0.999910	0.000010	0.000010	0.000010	0.000010	0.000010	0.000010	0.000010	0.000010	0.000010	LD_0.9_10_1830
BRC20315	0.999910	0.000010	0.000010	0.000010	0.000010	0.000010	0.000010	0.000010	0.000010	0.000010	LD_0.9_10_1830
BRC20320	0.999910	0.000010	0.000010	0.000010	0.000010	0.000010	0.000010	0.000010	0.000010	0.000010	LD_0.9_10_1830
BRC20324	0.000010	0.000010	0.000010	0.013581	0.000010	0.000010	0.000010	0.344026	0.642323	0.000010	LD_0.9_10_1830
BRC20331	0.999910	0.000010	0.000010	0.000010	0.000010	0.000010	0.000010	0.000010	0.000010	0.000010	LD_0.9_10_1830
BRC20333	0.999910	0.000010	0.000010	0.000010	0.000010	0.000010	0.000010	0.000010	0.000010	0.000010	LD_0.9_10_1830
BRC20334	0.999910	0.000010	0.000010	0.000010	0.000010	0.000010	0.000010	0.000010	0.000010	0.000010	LD_0.9_10_1830
BRC20339	0.999910	0.000010	0.000010	0.000010	0.000010	0.000010	0.000010	0.000010	0.000010	0.000010	LD_0.9_10_1830
BRC20341	0.999910	0.000010	0.000010	0.000010	0.000010	0.000010	0.000010	0.000010	0.000010	0.000010	LD_0.9_10_1830
BRC20343	0.000010	0.000010	0.000010	0.000010	0.000010	0.000010	0.000010	0.000010	0.999910	0.000010	LD_0.9_10_1830
BRC20346	0.999910	0.000010	0.000010	0.000010	0.000010	0.000010	0.000010	0.000010	0.000010	0.000010	LD_0.9_10_1830
BRC20347	0.000010	0.000011	0.000010	0.000018	0.000010	0.000010	0.000010	0.000011	0.999900	0.000010	LD_0.9_10_1830
BRC20348	0.999907	0.000012	0.000010	0.000010	0.000010	0.000010	0.000010	0.000011	0.000010	0.000010	LD_0.9_10_1830
BRC20353	0.000010	0.000010	0.000010	0.000010	0.000010	0.000010	0.572840	0.427080	0.000010	0.000010	LD_0.9_10_1830
BRC20360	0.000010	0.000010	0.000010	0.000010	0.000010	0.000010	0.572797	0.427123	0.000010	0.000010	LD_0.9_10_1830
BRC20361	0.000010	0.000010	0.000010	0.000010	0.000010	0.000010	0.565454	0.434466	0.000010	0.000010	LD_0.9_10_1830
BRC20362	0.000010	0.000010	0.000010	0.000010	0.000010	0.000010	0.539553	0.460367	0.000010	0.000010	LD_0.9_10_1830
BRC20366	0.999910	0.000010	0.000010	0.000010	0.000010	0.000010	0.000010	0.000010	0.000010	0.000010	LD_0.9_10_1830
BRC20367	0.999910	0.000010	0.000010	0.000010	0.000010	0.000010	0.000010	0.000010	0.000010	0.000010	LD_0.9_10_1830
BRC20369	0.000010	0.000010	0.000010	0.000010	0.000010	0.000010	0.000010	0.999910	0.000010	0.000010	LD_0.9_10_1830
BRC20370	0.999910	0.000010	0.000010	0.000010	0.000010	0.000010	0.000010	0.000010	0.000010	0.000010	LD_0.9_10_1830
BRC20388	0.000010	0.000010	0.000010	0.000010	0.999909	0.000010	0.000010	0.000010	0.000010	0.000010	LD_0.9_10_1830
BRC20390	0.999909	0.000010	0.000011	0.000010	0.000010	0.000010	0.000010	0.000010	0.000010	0.000010	LD_0.9_10_1830
BRC20401	0.000010	0.000010	0.000010	0.000010	0.000010	0.000010	0.000010	0.999910	0.000010	0.000010	LD_0.9_10_1830
BRC20463	0.999910	0.000010	0.000010	0.000010	0.000010	0.000010	0.000010	0.000010	0.000010	0.000010	LD_0.9_10_1830
BRC20492	0.257354	0.000010	0.000010	0.000010	0.563259	0.000010	0.000010	0.131722	0.047604	0.000010	LD_0.9_10_1830
BRC20499	0.999910	0.000010	0.000010	0.000010	0.000010	0.000010	0.000010	0.000010	0.000010	0.000010	LD_0.9_10_1830
BRC20501	0.999908	0.000010	0.000010	0.000010	0.000010	0.000010	0.000010	0.000010	0.000012	0.000010	LD_0.9_10_1830
BRC20502	0.199603	0.000010	0.000010	0.000010	0.575190	0.000010	0.000010	0.173006	0.052141	0.000010	LD_0.9_10_1830
BRC20503	0.200785	0.000010	0.000010	0.000010	0.574833	0.000010	0.000010	0.172666	0.051656	0.000010	LD_0.9_10_1830
BRC20519	0.243146	0.000010	0.000010	0.000010	0.563253	0.000010	0.000010	0.139372	0.054169	0.000010	LD_0.9_10_1830
BRC20520	0.254123	0.000010	0.000010	0.000010	0.562808	0.000010	0.000010	0.134915	0.048095	0.000010	LD_0.9_10_1830
BRC20522	0.000010	0.000010	0.000010	0.000010	0.000010	0.000010	0.000010	0.000010	0.999910	0.000010	LD_0.9_10_1830
BRC20524	0.000010	0.000010	0.000010	0.000010	0.000010	0.000010	0.000010	0.000010	0.999910	0.000010	LD_0.9_10_1830
BRC20529	0.999910	0.000010	0.000010	0.000010	0.000010	0.000010	0.000010	0.000010	0.000010	0.000010	LD_0.9_10_1830
BRC20530	0.000010	0.000010	0.000010	0.000010	0.000010	0.000010	0.000011	0.000010	0.999909	0.000010	LD_0.9_10_1830
BRC20531	0.000011	0.000010	0.000016	0.000015	0.000010	0.000010	0.000011	0.000015	0.999892	0.000010	LD_0.9_10_1830
BRC20532	0.999910	0.000010	0.000010	0.000010	0.000010	0.000010	0.000010	0.000010	0.000010	0.000010	LD_0.9_10_1830
BRC20533	0.999907	0.000010	0.000010	0.000010	0.000010	0.000012	0.000010	0.000011	0.000010	0.000010	LD_0.9_10_1830
BRC20534	0.999908	0.000010	0.000010	0.000010	0.000010	0.000010	0.000010	0.000012	0.000010	0.000010	LD_0.9_10_1830
BRC20535	0.999910	0.000010	0.000010	0.000010	0.000010	0.000010	0.000010	0.000010	0.000010	0.000010	LD_0.9_10_1830
BRC20536	0.999908	0.000010	0.000010	0.000010	0.000010	0.000010	0.000010	0.000012	0.000010	0.000010	LD_0.9_10_1830
BRC20537	0.999908	0.000010	0.000010	0.000010	0.000010	0.000010	0.000010	0.000012	0.000010	0.000010	LD_0.9_10_1830
BRC20541	0.232860	0.000010	0.000010	0.000010	0.555072	0.000010	0.000010	0.146522	0.065487	0.000010	LD_0.9_10_1830
BRC20543	0.999910	0.000010	0.000010	0.000010	0.000010	0.000010	0.000010	0.000010	0.000010	0.000010	LD_0.9_10_1830
BRC20544	0.999910	0.000010	0.000010	0.000010	0.000010	0.000010	0.000010	0.000010	0.000010	0.000010	LD_0.9_10_1830
BRC20545	0.999910	0.000010	0.000010	0.000010	0.000010	0.000010	0.000010	0.000010	0.000010	0.000010	LD_0.9_10_1830
BRC20556	0.000010	0.000010	0.000010	0.000010	0.000010	0.000010	0.000010	0.999910	0.000010	0.000010	LD_0.9_10_1830
BRC20557	0.999910	0.000010	0.000010	0.000010	0.000010	0.000010	0.000010	0.000010	0.000010	0.000010	LD_0.9_10_1830
BRC20565	0.000010	0.000010	0.000010	0.000010	0.000010	0.000010	0.000010	0.999910	0.000010	0.000010	LD_0.9_10_1830
BRC20571	0.000010	0.081851	0.000010	0.000010	0.000010	0.000010	0.016886	0.901193	0.000010	0.000010	LD_0.9_10_1830
BRC20574	0.000010	0.000010	0.000010	0.000010	0.000010	0.000010	0.000010	0.999910	0.000010	0.000010	LD_0.9_10_1830
BW287	0.000015	0.000010	0.000015	0.000010	0.999891	0.000010	0.000010	0.000010	0.000019	0.000010	LD_0.9_10_1830
DF5100	0.000010	0.058261	0.000010	0.524474	0.000010	0.000010	0.000010	0.417195	0.000010	0.000010	LD_0.9_10_1830
ECA1129	0.000010	0.000018	0.000010	0.000010	0.000010	0.000010	0.000010	0.999902	0.000010	0.000010	LD_0.9_10_1830
ECA1143	0.000010	0.232431	0.000010	0.000010	0.000010	0.002062	0.000010	0.765436	0.000010	0.000010	LD_0.9_10_1830
ECA1147	0.000010	0.000010	0.000010	0.000010	0.000010	0.000010	0.000010	0.999910	0.000010	0.000010	LD_0.9_10_1830
ECA1149	0.041922	0.000014	0.000010	0.000010	0.000010	0.000010	0.000010	0.957994	0.000010	0.000010	LD_0.9_10_1830
ECA1160	0.000010	0.000010	0.000010	0.000010	0.000010	0.000010	0.000010	0.999910	0.000010	0.000010	LD_0.9_10_1830
ECA1164	0.000010	0.000010	0.000010	0.000010	0.000010	0.000010	0.000010	0.999910	0.000010	0.000010	LD_0.9_10_1830
ECA1170	0.999910	0.000010	0.000010	0.000010	0.000010	0.000010	0.000010	0.000010	0.000010	0.000010	LD_0.9_10_1830
ECA1174	0.000010	0.000010	0.000010	0.000010	0.000010	0.000010	0.000010	0.999910	0.000010	0.000010	LD_0.9_10_1830
ECA1383	0.999910	0.000010	0.000010	0.000010	0.000010	0.000010	0.000010	0.000010	0.000010	0.000010	LD_0.9_10_1830
ECA1411	0.000010	0.000010	0.000010	0.000010	0.000010	0.000010	0.000010	0.999910	0.000010	0.000010	LD_0.9_10_1830
ECA1423	0.000010	0.000010	0.000010	0.000010	0.000010	0.000245	0.000010	0.999675	0.000010	0.000010	LD_0.9_10_1830
ECA1429	0.000010	0.000010	0.000010	0.000010	0.000010	0.000010	0.000010	0.999910	0.000010	0.000010	LD_0.9_10_1830
ECA1431	0.000010	0.000010	0.000010	0.000010	0.000010	0.000010	0.000010	0.999910	0.000010	0.000010	LD_0.9_10_1830
ECA1437	0.000010	0.000010	0.000010	0.000010	0.000010	0.000010	0.000010	0.999910	0.000010	0.000010	LD_0.9_10_1830
ECA1439	0.000010	0.000010	0.000010	0.252146	0.000010	0.000010	0.000010	0.747774	0.000010	0.000010	LD_0.9_10_1830
ECA1443	0.941866	0.000010	0.000010	0.000010	0.000010	0.000012	0.000010	0.058053	0.000010	0.000010	LD_0.9_10_1830
ECA1471	0.000010	0.000010	0.000010	0.000020	0.000010	0.000010	0.000010	0.999900	0.000010	0.000010	LD_0.9_10_1830
ECA1489	0.000010	0.145294	0.000014	0.059549	0.000010	0.070061	0.000010	0.725032	0.000010	0.000010	LD_0.9_10_1830
ECA1507	0.000010	0.000010	0.000010	0.000010	0.000010	0.000010	0.000010	0.999910	0.000010	0.000010	LD_0.9_10_1830
ECA1509	0.000010	0.000010	0.000010	0.000014	0.000010	0.000010	0.000010	0.999906	0.000010	0.000010	LD_0.9_10_1830
ECA1517	0.000012	0.024133	0.000010	0.032242	0.000011	0.006687	0.000010	0.936876	0.000010	0.000010	LD_0.9_10_1830
ECA1521	0.000010	0.000010	0.000010	0.041398	0.000010	0.000010	0.000010	0.958522	0.000010	0.000010	LD_0.9_10_1830
ECA1555	0.000010	0.000010	0.000010	0.000010	0.000010	0.000012	0.000010	0.999908	0.000010	0.000010	LD_0.9_10_1830
ECA1559	0.999910	0.000010	0.000010	0.000010	0.000010	0.000010	0.000010	0.000010	0.000010	0.000010	LD_0.9_10_1830
ECA1563	0.000010	0.000010	0.000010	0.000010	0.000010	0.000010	0.000010	0.999910	0.000010	0.000010	LD_0.9_10_1830
ECA1571	0.000011	0.134752	0.000010	0.052055	0.000013	0.060839	0.000010	0.752289	0.000010	0.000010	LD_0.9_10_1830
ECA1587	0.000010	0.000010	0.000010	0.000010	0.000010	0.000010	0.000010	0.999910	0.000010	0.000010	LD_0.9_10_1830
ECA1605	0.871753	0.027225	0.000010	0.000010	0.000010	0.037466	0.000010	0.063496	0.000010	0.000010	LD_0.9_10_1830
ECA1609	0.000010	0.000010	0.000010	0.000010	0.000010	0.000010	0.000010	0.999910	0.000010	0.000010	LD_0.9_10_1830
ECA161	0.000010	0.000010	0.000010	0.000016	0.000010	0.000010	0.000010	0.999904	0.000010	0.000010	LD_0.9_10_1830
ECA1611	0.000010	0.000010	0.000010	0.000010	0.000010	0.000010	0.000010	0.999910	0.000010	0.000010	LD_0.9_10_1830
ECA1615	0.000010	0.000010	0.000018	0.000010	0.000010	0.000010	0.000010	0.999902	0.000010	0.000010	LD_0.9_10_1830
ECA162	0.000010	0.000010	0.000010	0.000010	0.000010	0.000010	0.000010	0.999910	0.000010	0.000010	LD_0.9_10_1830
ECA1621	0.000010	0.000010	0.000010	0.000010	0.000010	0.000010	0.000010	0.999910	0.000010	0.000010	LD_0.9_10_1830
ECA163	0.076848	0.000010	0.014480	0.192463	0.624616	0.000010	0.000010	0.000010	0.071137	0.020415	LD_0.9_10_1830
ECA1637	0.000010	0.000010	0.000010	0.000010	0.000010	0.000010	0.000010	0.999910	0.000010	0.000010	LD_0.9_10_1830
ECA1657	0.000012	0.000010	0.000010	0.048793	0.000011	0.000010	0.000010	0.951124	0.000010	0.000010	LD_0.9_10_1830
ECA1701	0.000010	0.000010	0.000010	0.000010	0.000010	0.021306	0.000010	0.978614	0.000010	0.000010	LD_0.9_10_1830
ECA175	0.000010	0.000010	0.000010	0.000010	0.000010	0.000010	0.000010	0.999910	0.000010	0.000010	LD_0.9_10_1830
ECA176	0.000010	0.018926	0.000010	0.000010	0.000010	0.000010	0.000010	0.980994	0.000010	0.000010	LD_0.9_10_1830
ECA177	0.000010	0.000010	0.000010	0.000010	0.000010	0.000010	0.000010	0.999910	0.000010	0.000010	LD_0.9_10_1830
ECA180	0.000010	0.000010	0.000010	0.000010	0.000010	0.000010	0.000010	0.999910	0.000010	0.000010	LD_0.9_10_1830
ECA182	0.000010	0.000010	0.000010	0.000010	0.000010	0.000010	0.000010	0.999910	0.000010	0.000010	LD_0.9_10_1830
ECA183	0.000010	0.000010	0.000010	0.000010	0.000010	0.000010	0.000010	0.999910	0.000010	0.000010	LD_0.9_10_1830
ECA185	0.000010	0.000010	0.000010	0.062185	0.000010	0.000010	0.000010	0.937735	0.000010	0.000010	LD_0.9_10_1830
ECA186	0.000010	0.000010	0.000010	0.150524	0.000010	0.000010	0.000010	0.849396	0.000010	0.000010	LD_0.9_10_1830
ECA2083	0.000010	0.000010	0.000010	0.028693	0.000010	0.000010	0.000018	0.971220	0.000010	0.000010	LD_0.9_10_1830
ECA2093	0.000010	0.000010	0.000010	0.000010	0.000010	0.000010	0.000010	0.999910	0.000010	0.000010	LD_0.9_10_1830
ECA2115	0.000010	0.000010	0.000010	0.000010	0.000010	0.000010	0.000010	0.999910	0.000010	0.000010	LD_0.9_10_1830
ECA2299	0.999910	0.000010	0.000010	0.000010	0.000010	0.000010	0.000010	0.000010	0.000010	0.000010	LD_0.9_10_1830
ECA2373	0.000010	0.000010	0.000010	0.000010	0.000010	0.040980	0.000010	0.958940	0.000010	0.000010	LD_0.9_10_1830
ECA2385	0.999910	0.000010	0.000010	0.000010	0.000010	0.000010	0.000010	0.000010	0.000010	0.000010	LD_0.9_10_1830
ECA2425	0.000010	0.000010	0.000010	0.000010	0.000010	0.000010	0.000010	0.999910	0.000010	0.000010	LD_0.9_10_1830
ECA2617	0.000010	0.000010	0.999910	0.000010	0.000010	0.000010	0.000010	0.000010	0.000010	0.000010	LD_0.9_10_1830
ECA2618	0.000010	0.000010	0.999910	0.000010	0.000010	0.000010	0.000010	0.000010	0.000010	0.000010	LD_0.9_10_1830
ECA2621	0.000011	0.000012	0.999906	0.000010	0.000010	0.000010	0.000010	0.000010	0.000010	0.000010	LD_0.9_10_1830
ECA2623	0.000010	0.000010	0.000010	0.999910	0.000010	0.000010	0.000010	0.000010	0.000010	0.000010	LD_0.9_10_1830
ECA2625	0.000010	0.000010	0.000010	0.000010	0.000010	0.000010	0.000010	0.999910	0.000010	0.000010	LD_0.9_10_1830
ECA2626	0.000010	0.000010	0.000010	0.000010	0.000010	0.000010	0.000010	0.999910	0.000010	0.000010	LD_0.9_10_1830
ECA2636	0.000010	0.000010	0.000010	0.000010	0.000010	0.000010	0.000010	0.999910	0.000010	0.000010	LD_0.9_10_1830
ECA2637	0.000010	0.000010	0.000010	0.066796	0.000010	0.000010	0.000010	0.933124	0.000010	0.000010	LD_0.9_10_1830
ECA2639	0.000010	0.000010	0.999910	0.000010	0.000010	0.000010	0.000010	0.000010	0.000010	0.000010	LD_0.9_10_1830
ECA2645	0.000010	0.000010	0.000010	0.000010	0.000010	0.000010	0.000010	0.999910	0.000010	0.000010	LD_0.9_10_1830
ECA2647	0.000010	0.000010	0.999902	0.000018	0.000010	0.000010	0.000010	0.000010	0.000010	0.000010	LD_0.9_10_1830
ECA2663	0.000010	0.000010	0.000010	0.000010	0.000010	0.000010	0.000010	0.999910	0.000010	0.000010	LD_0.9_10_1830
ECA2664	0.000010	0.000010	0.000010	0.999910	0.000010	0.000010	0.000010	0.000010	0.000010	0.000010	LD_0.9_10_1830
ECA2666	0.000010	0.000010	0.999910	0.000010	0.000010	0.000010	0.000010	0.000010	0.000010	0.000010	LD_0.9_10_1830
ECA2667	0.000010	0.000010	0.000010	0.000010	0.000010	0.000010	0.000010	0.999910	0.000010	0.000010	LD_0.9_10_1830
ECA2670	0.000020	0.000010	0.999900	0.000010	0.000010	0.000010	0.000010	0.000010	0.000010	0.000010	LD_0.9_10_1830
ECA276	0.076830	0.000017	0.016918	0.193769	0.623546	0.000016	0.000010	0.000010	0.071558	0.017327	LD_0.9_10_1830
ECA278	0.000010	0.000010	0.000010	0.000010	0.999910	0.000010	0.000010	0.000010	0.000010	0.000010	LD_0.9_10_1830
ECA2808	0.000010	0.000010	0.000010	0.347414	0.000010	0.000010	0.000010	0.652506	0.000010	0.000010	LD_0.9_10_1830
ECA287	0.988836	0.000010	0.000010	0.000010	0.000010	0.000010	0.000010	0.011084	0.000010	0.000010	LD_0.9_10_1830
ECA288	0.098879	0.000010	0.000010	0.901041	0.000010	0.000010	0.000010	0.000010	0.000010	0.000010	LD_0.9_10_1830
ECA2883	0.000010	0.000010	0.000010	0.000010	0.000010	0.000010	0.000010	0.999910	0.000010	0.000010	LD_0.9_10_1830
ECA2890	0.000010	0.000010	0.000010	0.018705	0.000010	0.000010	0.000010	0.981215	0.000010	0.000010	LD_0.9_10_1830
ECA2894	0.000010	0.000010	0.000010	0.153347	0.000010	0.000010	0.000010	0.846573	0.000010	0.000010	LD_0.9_10_1830
ECA2936	0.999910	0.000010	0.000010	0.000010	0.000010	0.000010	0.000010	0.000010	0.000010	0.000010	LD_0.9_10_1830
ECA2975	0.000010	0.000010	0.000010	0.000010	0.000010	0.000010	0.000010	0.999910	0.000010	0.000010	LD_0.9_10_1830
ECA3091	0.000010	0.000010	0.000010	0.000010	0.000010	0.000010	0.000010	0.999910	0.000010	0.000010	LD_0.9_10_1830
ECA343	0.000010	0.000010	0.000010	0.000010	0.000010	0.000010	0.000010	0.999910	0.000010	0.000010	LD_0.9_10_1830
ECA346	0.000010	0.000010	0.000010	0.442028	0.000010	0.000010	0.000010	0.557892	0.000010	0.000010	LD_0.9_10_1830
ECA3502	0.999909	0.000011	0.000010	0.000010	0.000010	0.000010	0.000010	0.000010	0.000010	0.000010	LD_0.9_10_1830
ECA3503	0.000010	0.000010	0.000010	0.000014	0.000010	0.000010	0.000010	0.999906	0.000010	0.000010	LD_0.9_10_1830
ECA3509	0.000010	0.000010	0.000010	0.000010	0.000010	0.000010	0.000010	0.999910	0.000010	0.000010	LD_0.9_10_1830
ECA3708	0.000010	0.000010	0.000010	0.001315	0.000010	0.000010	0.000010	0.998605	0.000010	0.000010	LD_0.9_10_1830
ECA371	0.000010	0.019787	0.000010	0.000010	0.000010	0.000010	0.000010	0.980133	0.000010	0.000010	LD_0.9_10_1830
ECA3712	0.000010	0.000010	0.000010	0.000010	0.000010	0.000010	0.000010	0.999910	0.000010	0.000010	LD_0.9_10_1830
ECA3713	0.000010	0.000010	0.000010	0.046797	0.000010	0.000010	0.000010	0.953123	0.000010	0.000010	LD_0.9_10_1830
ECA3899	0.000010	0.000010	0.000010	0.000010	0.000010	0.000010	0.000010	0.999910	0.000010	0.000010	LD_0.9_10_1830
ECA4382	0.000010	0.000011	0.000010	0.761120	0.000010	0.000010	0.000010	0.238799	0.000010	0.000010	LD_0.9_10_1830
ECA4390	0.000010	0.000010	0.000010	0.999910	0.000010	0.000010	0.000010	0.000010	0.000010	0.000010	LD_0.9_10_1830
ECA4394	0.000010	0.000010	0.000010	0.000010	0.000010	0.000010	0.000010	0.999910	0.000010	0.000010	LD_0.9_10_1830
ECA4402	0.000010	0.000010	0.000010	0.110942	0.000010	0.000010	0.000010	0.888978	0.000010	0.000010	LD_0.9_10_1830
ECA569	0.000010	0.000010	0.000010	0.000010	0.999899	0.000010	0.000015	0.000010	0.000016	0.000010	LD_0.9_10_1830
ED3032	0.000010	0.000010	0.000010	0.000010	0.000010	0.000010	0.000010	0.999910	0.000010	0.000010	LD_0.9_10_1830
ED3037	0.000010	0.000010	0.000010	0.000010	0.000010	0.000010	0.000010	0.999910	0.000010	0.000010	LD_0.9_10_1830
ED3088	0.000010	0.000010	0.000013	0.547990	0.000012	0.000010	0.000010	0.451925	0.000010	0.000010	LD_0.9_10_1830
ED3102	0.096589	0.000010	0.002304	0.104272	0.641899	0.000010	0.000010	0.066470	0.066672	0.021765	LD_0.9_10_1830
EG4360	0.000010	0.000010	0.000010	0.000010	0.999904	0.000010	0.000016	0.000010	0.000010	0.000010	LD_0.9_10_1830
EG5612	0.000010	0.000010	0.000010	0.048992	0.000010	0.000010	0.448091	0.502847	0.000010	0.000010	LD_0.9_10_1830
EG5613	0.000010	0.000010	0.000010	0.920759	0.000010	0.000010	0.045342	0.033830	0.000010	0.000010	LD_0.9_10_1830
EG6179	0.000010	0.000010	0.000010	0.123589	0.000010	0.000010	0.032151	0.844190	0.000010	0.000010	LD_0.9_10_1830
EG6260	0.000010	0.000010	0.000010	0.999910	0.000010	0.000010	0.000010	0.000010	0.000010	0.000010	LD_0.9_10_1830
EG6261	0.000010	0.000010	0.000010	0.795850	0.000010	0.000010	0.000010	0.204070	0.000010	0.000010	LD_0.9_10_1830
EG6265	0.983445	0.000010	0.000011	0.000014	0.000010	0.016470	0.000010	0.000010	0.000010	0.000010	LD_0.9_10_1830
EG6267	0.000010	0.000010	0.000010	0.647449	0.000010	0.000010	0.000011	0.352470	0.000010	0.000010	LD_0.9_10_1830
EG6271	0.000010	0.006100	0.000019	0.993807	0.000010	0.000010	0.000010	0.000010	0.000013	0.000010	LD_0.9_10_1830
EG6272	0.000010	0.000010	0.000010	0.720471	0.000010	0.006906	0.000010	0.272554	0.000010	0.000010	LD_0.9_10_1830
EG6274	0.000010	0.000010	0.000010	0.812729	0.000010	0.000010	0.000010	0.187191	0.000010	0.000010	LD_0.9_10_1830
EG6275	0.000010	0.000010	0.000010	0.779313	0.000010	0.000010	0.000010	0.220607	0.000010	0.000010	LD_0.9_10_1830
EG6276	0.000010	0.000010	0.000014	0.701164	0.000010	0.000010	0.000010	0.298751	0.000010	0.000010	LD_0.9_10_1830
EG6329	0.000010	0.384141	0.000010	0.615778	0.000010	0.000010	0.000010	0.000010	0.000012	0.000010	LD_0.9_10_1830
GUN124	0.000010	0.000010	0.000010	0.000010	0.999910	0.000010	0.000010	0.000010	0.000010	0.000010	LD_0.9_10_1830
GXW22	0.000010	0.000010	0.000010	0.000017	0.000010	0.000010	0.000010	0.999903	0.000010	0.000010	LD_0.9_10_1830
GXW23	0.000010	0.581186	0.000010	0.000010	0.000010	0.000010	0.039945	0.378799	0.000010	0.000010	LD_0.9_10_1830
HK104	0.000010	0.000010	0.000010	0.000010	0.999910	0.000010	0.000010	0.000010	0.000010	0.000010	LD_0.9_10_1830
HPT11	0.159767	0.000010	0.000010	0.000010	0.628596	0.000010	0.000010	0.162896	0.048681	0.000010	LD_0.9_10_1830
HPT16	0.000010	0.542148	0.000010	0.000010	0.000010	0.000010	0.000010	0.457772	0.000010	0.000010	LD_0.9_10_1830
HPT18	0.160966	0.000010	0.000010	0.000010	0.621318	0.000010	0.000010	0.165300	0.052356	0.000010	LD_0.9_10_1830
HPT19	0.000010	0.523968	0.000010	0.000010	0.000010	0.000010	0.000010	0.475952	0.000010	0.000010	LD_0.9_10_1830
HPT2	0.000010	0.603047	0.000010	0.000010	0.000010	0.000010	0.000010	0.396873	0.000010	0.000010	LD_0.9_10_1830
HPT21	0.000010	0.000010	0.000010	0.027943	0.000010	0.006973	0.000010	0.965013	0.000010	0.000010	LD_0.9_10_1830
HPT24	0.158572	0.000010	0.000010	0.000010	0.625944	0.000010	0.000010	0.165903	0.049521	0.000010	LD_0.9_10_1830
HPT34	0.000010	0.568333	0.000010	0.000010	0.000010	0.000010	0.000010	0.431587	0.000010	0.000010	LD_0.9_10_1830
HPT37	0.000010	0.451757	0.000010	0.000010	0.000010	0.025309	0.000010	0.522865	0.000010	0.000010	LD_0.9_10_1830
HPT4	0.000010	0.577036	0.000010	0.000010	0.000010	0.000010	0.000010	0.422884	0.000010	0.000010	LD_0.9_10_1830
HPT42	0.000010	0.513938	0.000010	0.000010	0.000010	0.000010	0.000010	0.485982	0.000010	0.000010	LD_0.9_10_1830
HPT52	0.000010	0.000010	0.000010	0.000010	0.000010	0.000010	0.410525	0.589395	0.000010	0.000010	LD_0.9_10_1830
HPT53	0.000010	0.000010	0.000010	0.000010	0.000010	0.000010	0.000010	0.999910	0.000010	0.000010	LD_0.9_10_1830
HPT54	0.000010	0.000010	0.000010	0.000012	0.000010	0.000013	0.000010	0.999905	0.000010	0.000010	LD_0.9_10_1830
HPT55	0.000010	0.000010	0.000010	0.000010	0.000010	0.000010	0.000010	0.999910	0.000010	0.000010	LD_0.9_10_1830
HPT59	0.000010	0.000010	0.000010	0.000010	0.000010	0.000010	0.000010	0.999910	0.000010	0.000010	LD_0.9_10_1830
HPT60	0.000010	0.000010	0.000010	0.000010	0.000010	0.000010	0.000010	0.999910	0.000010	0.000010	LD_0.9_10_1830
HPT62	0.000010	0.000010	0.000010	0.000010	0.000010	0.000010	0.999910	0.000010	0.000010	0.000010	LD_0.9_10_1830
HPT63	0.000010	0.038297	0.000010	0.000010	0.000010	0.000010	0.000010	0.961623	0.000010	0.000010	LD_0.9_10_1830
HPT7	0.000010	0.591584	0.000010	0.000010	0.000010	0.000010	0.000010	0.408336	0.000010	0.000010	LD_0.9_10_1830
HPT8	0.000010	0.567320	0.000010	0.000010	0.000010	0.000010	0.000010	0.432600	0.000010	0.000010	LD_0.9_10_1830
HPT9	0.000010	0.596865	0.000010	0.000010	0.000010	0.000010	0.118171	0.284894	0.000010	0.000010	LD_0.9_10_1830
JU1085	0.000010	0.000010	0.000010	0.000010	0.999910	0.000010	0.000010	0.000010	0.000010	0.000010	LD_0.9_10_1830
JU1337	0.000010	0.000010	0.000010	0.240456	0.000010	0.000010	0.043819	0.715655	0.000010	0.000010	LD_0.9_10_1830
JU1338	0.000010	0.000010	0.000010	0.000010	0.000010	0.000010	0.553059	0.446861	0.000010	0.000010	LD_0.9_10_1830
JU1341	0.000010	0.000010	0.000010	0.000010	0.000010	0.000010	0.000010	0.000010	0.000010	0.999910	LD_0.9_10_1830
JU1346	0.000010	0.000010	0.000010	0.000010	0.000010	0.000010	0.577793	0.422127	0.000010	0.000010	LD_0.9_10_1830
JU1347	0.000010	0.000010	0.000010	0.808137	0.000010	0.000010	0.000010	0.191783	0.000010	0.000010	LD_0.9_10_1830
JU1348	0.000010	0.000010	0.000010	0.000010	0.000010	0.000010	0.000010	0.000010	0.000010	0.999910	LD_0.9_10_1830
JU1375	0.000012	0.000010	0.000010	0.740492	0.000010	0.000010	0.000010	0.259425	0.000010	0.000010	LD_0.9_10_1830
JU1377	0.000010	0.000020	0.000010	0.836516	0.000010	0.000010	0.000010	0.163394	0.000010	0.000010	LD_0.9_10_1830
JU1378	0.000010	0.000010	0.000010	0.830261	0.000010	0.000010	0.000010	0.169659	0.000010	0.000010	LD_0.9_10_1830
JU1392	0.000010	0.000020	0.000010	0.864245	0.000010	0.000010	0.000010	0.135661	0.000014	0.000010	LD_0.9_10_1830
JU1399	0.000010	0.549324	0.000010	0.143403	0.000010	0.072543	0.000010	0.234670	0.000010	0.000010	LD_0.9_10_1830
JU1424	0.000010	0.060047	0.000010	0.000010	0.000011	0.000010	0.505153	0.434726	0.000013	0.000010	LD_0.9_10_1830
JU1435	0.000010	0.000010	0.000010	0.895906	0.000010	0.000010	0.000010	0.104014	0.000010	0.000010	LD_0.9_10_1830
JU1564	0.000010	0.000010	0.000010	0.000010	0.999902	0.000010	0.000010	0.000016	0.000012	0.000010	LD_0.9_10_1830
JU1637	0.000010	0.000010	0.000010	0.764211	0.000010	0.000010	0.000010	0.235709	0.000010	0.000010	LD_0.9_10_1830
JU1638	0.000010	0.000010	0.000010	0.794513	0.000010	0.000010	0.000010	0.205407	0.000010	0.000010	LD_0.9_10_1830
JU1794	0.000010	0.000010	0.000010	0.147003	0.000010	0.000010	0.050095	0.802832	0.000010	0.000010	LD_0.9_10_1830
JU1795	0.000010	0.000012	0.000010	0.244797	0.000010	0.000010	0.000010	0.755121	0.000010	0.000010	LD_0.9_10_1830
JU1799	0.000010	0.000010	0.000010	0.837772	0.000010	0.000010	0.000010	0.162148	0.000010	0.000010	LD_0.9_10_1830
JU1802	0.000010	0.000010	0.000010	0.749270	0.000010	0.000010	0.000010	0.250650	0.000010	0.000010	LD_0.9_10_1830
JU1814	0.000010	0.073235	0.000010	0.926685	0.000010	0.000010	0.000010	0.000010	0.000010	0.000010	LD_0.9_10_1830
JU1884	0.000010	0.000010	0.000010	0.118034	0.000010	0.000010	0.000010	0.881886	0.000010	0.000010	LD_0.9_10_1830
JU1885	0.000010	0.000010	0.000010	0.773486	0.000011	0.000011	0.051222	0.175220	0.000010	0.000010	LD_0.9_10_1830
JU1907	0.000010	0.044072	0.000010	0.000010	0.000010	0.000010	0.000010	0.955848	0.000010	0.000010	LD_0.9_10_1830
JU1908	0.000010	0.050707	0.000010	0.000010	0.000010	0.000010	0.000010	0.949213	0.000010	0.000010	LD_0.9_10_1830
JU1909	0.000010	0.000010	0.000010	0.000010	0.000010	0.000010	0.000011	0.999909	0.000010	0.000010	LD_0.9_10_1830
JU1913	0.000010	0.000010	0.000010	0.104931	0.000010	0.000010	0.398528	0.496471	0.000010	0.000010	LD_0.9_10_1830
JU2053	0.000010	0.000010	0.000010	0.165598	0.000010	0.000010	0.000010	0.834322	0.000010	0.000010	LD_0.9_10_1830
JU2054	0.000010	0.000010	0.000010	0.000010	0.000010	0.000010	0.000010	0.999910	0.000010	0.000010	LD_0.9_10_1830
JU2056	0.000010	0.000010	0.000010	0.000010	0.000010	0.000010	0.000010	0.999910	0.000010	0.000010	LD_0.9_10_1830
JU2057	0.000011	0.000010	0.000010	0.000010	0.000010	0.000010	0.999909	0.000010	0.000010	0.000010	LD_0.9_10_1830
JU2160	0.000011	0.000010	0.000010	0.000010	0.000010	0.000010	0.999909	0.000010	0.000010	0.000010	LD_0.9_10_1830
JU2162	0.000011	0.000010	0.000010	0.000013	0.000010	0.000010	0.999906	0.000010	0.000010	0.000010	LD_0.9_10_1830
JU2214	0.000010	0.046777	0.000010	0.317787	0.000010	0.205635	0.000010	0.429740	0.000010	0.000010	LD_0.9_10_1830
JU2216	0.999910	0.000010	0.000010	0.000010	0.000010	0.000010	0.000010	0.000010	0.000010	0.000010	LD_0.9_10_1830
JU2457	0.000010	0.220442	0.000010	0.000010	0.413276	0.000010	0.000010	0.366212	0.000010	0.000010	LD_0.9_10_1830
JU2470	0.000011	0.000010	0.000010	0.000010	0.000010	0.000010	0.999909	0.000010	0.000010	0.000010	LD_0.9_10_1830
JU2472	0.000010	0.060681	0.000010	0.761285	0.000010	0.000010	0.000010	0.177964	0.000010	0.000010	LD_0.9_10_1830
JU2507	0.000010	0.000010	0.000010	0.000017	0.000010	0.056441	0.943472	0.000010	0.000010	0.000010	LD_0.9_10_1830
JU2518	0.000010	0.999910	0.000010	0.000010	0.000010	0.000010	0.000010	0.000010	0.000010	0.000010	LD_0.9_10_1830
JU2536	0.000010	0.000010	0.000013	0.000010	0.999907	0.000010	0.000010	0.000010	0.000010	0.000010	LD_0.9_10_1830
JU2618	0.000010	0.401886	0.000010	0.142282	0.000010	0.455756	0.000010	0.000010	0.000016	0.000010	LD_0.9_10_1830
JU2799	0.000010	0.000010	0.000010	0.435553	0.000010	0.000010	0.000010	0.564367	0.000010	0.000010	LD_0.9_10_1830
JU2836	0.000010	0.000010	0.000010	0.097318	0.000010	0.246324	0.000010	0.656288	0.000010	0.000010	LD_0.9_10_1830
JU2849	0.000010	0.000010	0.000010	0.000010	0.000010	0.000010	0.448988	0.550932	0.000010	0.000010	LD_0.9_10_1830
JU2861	0.000010	0.000010	0.000010	0.194110	0.000010	0.000010	0.000014	0.805807	0.000010	0.000010	LD_0.9_10_1830
JU2868	0.000010	0.000010	0.000010	0.000010	0.000010	0.000010	0.000010	0.999910	0.000010	0.000010	LD_0.9_10_1830
JU2872	0.000010	0.000010	0.000010	0.000010	0.999910	0.000010	0.000010	0.000010	0.000010	0.000010	LD_0.9_10_1830
JU2910	0.000010	0.063811	0.000010	0.667754	0.000010	0.000010	0.050626	0.217749	0.000010	0.000010	LD_0.9_10_1830
JU3168	0.081795	0.000010	0.000010	0.160299	0.655892	0.000010	0.000010	0.010988	0.064478	0.026508	LD_0.9_10_1830
JU3171	0.000010	0.000010	0.000010	0.637326	0.000013	0.000010	0.000010	0.362591	0.000010	0.000010	LD_0.9_10_1830
JU3199	0.000010	0.000015	0.000010	0.000010	0.000010	0.000010	0.000010	0.000010	0.000010	0.999905	LD_0.9_10_1830
JU3200	0.000010	0.000010	0.000010	0.000014	0.000010	0.000010	0.000011	0.000010	0.000010	0.999905	LD_0.9_10_1830
JU3201	0.000011	0.000010	0.000010	0.000017	0.000010	0.000016	0.000010	0.000010	0.000010	0.999897	LD_0.9_10_1830
JU3202	0.000010	0.000010	0.000014	0.000010	0.000010	0.000010	0.000010	0.000010	0.000010	0.999906	LD_0.9_10_1830
JU3203	0.000010	0.000016	0.000010	0.000010	0.000010	0.000012	0.000010	0.000012	0.000010	0.999900	LD_0.9_10_1830
JU3206	0.000010	0.000010	0.000010	0.000010	0.000010	0.000010	0.000010	0.000010	0.000010	0.999910	LD_0.9_10_1830
JU3207	0.000010	0.000010	0.000010	0.111202	0.000010	0.000010	0.000010	0.888718	0.000010	0.000010	LD_0.9_10_1830
JU3237	0.000011	0.000010	0.000010	0.000010	0.000010	0.000010	0.999909	0.000010	0.000010	0.000010	LD_0.9_10_1830
JU3281	0.000010	0.000010	0.000010	0.000010	0.000010	0.000010	0.000010	0.999910	0.000010	0.000010	LD_0.9_10_1830
JU3319	0.000010	0.593995	0.000010	0.000010	0.000010	0.000010	0.042223	0.363713	0.000010	0.000010	LD_0.9_10_1830
JU3321	0.000010	0.000010	0.000010	0.000010	0.000010	0.000010	0.000010	0.999910	0.000010	0.000010	LD_0.9_10_1830
JU3326	0.102543	0.000010	0.000010	0.000010	0.625543	0.000010	0.000010	0.176641	0.095213	0.000010	LD_0.9_10_1830
JU3327	0.000010	0.042605	0.000010	0.000010	0.000010	0.000010	0.000010	0.957315	0.000010	0.000010	LD_0.9_10_1830
JU3416	0.000010	0.000010	0.000010	0.000010	0.940620	0.000010	0.000010	0.059300	0.000010	0.000010	LD_0.9_10_1830
JU4042	0.000010	0.000010	0.000010	0.000012	0.000010	0.000010	0.000010	0.999908	0.000010	0.000010	LD_0.9_10_1830
JU4051	0.000010	0.523945	0.000010	0.000010	0.000010	0.000010	0.267846	0.208139	0.000010	0.000010	LD_0.9_10_1830
JU4058	0.000010	0.032976	0.000010	0.000010	0.000010	0.000010	0.474513	0.492437	0.000013	0.000010	LD_0.9_10_1830
JU4060	0.000010	0.000010	0.000010	0.000010	0.000010	0.000010	0.555145	0.444775	0.000010	0.000010	LD_0.9_10_1830
JU4062	0.000010	0.507175	0.000010	0.000010	0.000010	0.000010	0.290759	0.201997	0.000010	0.000010	LD_0.9_10_1830
JU4064	0.000010	0.000010	0.000010	0.000010	0.000010	0.000010	0.537146	0.462774	0.000010	0.000010	LD_0.9_10_1830
JU4080	0.000010	0.000010	0.000010	0.000010	0.000010	0.000010	0.000010	0.999910	0.000010	0.000010	LD_0.9_10_1830
JU4084	0.000010	0.000010	0.000010	0.000010	0.000010	0.000010	0.573819	0.426101	0.000010	0.000010	LD_0.9_10_1830
JU4097	0.000010	0.000010	0.000010	0.000010	0.000010	0.000010	0.514227	0.485693	0.000010	0.000010	LD_0.9_10_1830
JU725	0.000010	0.571112	0.000010	0.000010	0.000010	0.000010	0.037091	0.391727	0.000010	0.000010	LD_0.9_10_1830
MY2716	0.000010	0.000010	0.000010	0.074692	0.000010	0.000010	0.000010	0.925228	0.000010	0.000010	LD_0.9_10_1830
MY539	0.000010	0.000010	0.000010	0.150008	0.000010	0.000013	0.000010	0.849909	0.000010	0.000010	LD_0.9_10_1830
NIC1050	0.000010	0.626264	0.000010	0.066606	0.000016	0.307052	0.000010	0.000010	0.000011	0.000010	LD_0.9_10_1830
NIC1052	0.000010	0.543607	0.000010	0.076958	0.000010	0.379365	0.000010	0.000010	0.000010	0.000010	LD_0.9_10_1830
NIC1054	0.000010	0.685473	0.000010	0.116725	0.000010	0.197733	0.000010	0.000010	0.000010	0.000010	LD_0.9_10_1830
NIC1055	0.000010	0.655050	0.000010	0.000010	0.000010	0.344870	0.000010	0.000010	0.000010	0.000010	LD_0.9_10_1830
NIC1057	0.000013	0.582078	0.000010	0.059426	0.000010	0.358420	0.000010	0.000010	0.000012	0.000010	LD_0.9_10_1830
NIC1058	0.000010	0.670103	0.000010	0.000010	0.000010	0.329817	0.000010	0.000010	0.000010	0.000010	LD_0.9_10_1830
NIC1059	0.000010	0.748675	0.000010	0.000010	0.000010	0.251245	0.000010	0.000010	0.000010	0.000010	LD_0.9_10_1830
NIC1060	0.000010	0.832672	0.000010	0.000010	0.000010	0.167248	0.000010	0.000010	0.000010	0.000010	LD_0.9_10_1830
NIC1062	0.000010	0.000010	0.000010	0.775203	0.000010	0.224717	0.000010	0.000010	0.000010	0.000010	LD_0.9_10_1830
NIC1069	0.000010	0.000010	0.000010	0.800015	0.000010	0.036433	0.000010	0.163481	0.000010	0.000010	LD_0.9_10_1830
NIC1103	0.000010	0.610062	0.000010	0.000010	0.000010	0.331513	0.000010	0.058355	0.000010	0.000010	LD_0.9_10_1830
NIC1104	0.000010	0.068665	0.000010	0.131595	0.000010	0.084231	0.000010	0.715449	0.000010	0.000010	LD_0.9_10_1830
NIC1106	0.000010	0.155669	0.000010	0.024402	0.000010	0.345133	0.000010	0.474735	0.000010	0.000010	LD_0.9_10_1830
NIC1117	0.000010	0.000013	0.000010	0.000016	0.000010	0.000010	0.000010	0.999901	0.000010	0.000010	LD_0.9_10_1830
NIC1123	0.000010	0.000010	0.000010	0.000010	0.000010	0.000010	0.556990	0.442930	0.000010	0.000010	LD_0.9_10_1830
NIC1124	0.000010	0.999907	0.000010	0.000013	0.000010	0.000010	0.000010	0.000010	0.000010	0.000010	LD_0.9_10_1830
NIC1135	0.000010	0.999910	0.000010	0.000010	0.000010	0.000010	0.000010	0.000010	0.000010	0.000010	LD_0.9_10_1830
NIC1138	0.000010	0.999910	0.000010	0.000010	0.000010	0.000010	0.000010	0.000010	0.000010	0.000010	LD_0.9_10_1830
NIC1141	0.000010	0.999910	0.000010	0.000010	0.000010	0.000010	0.000010	0.000010	0.000010	0.000010	LD_0.9_10_1830
NIC115	0.000010	0.000010	0.000010	0.999902	0.000010	0.000010	0.000018	0.000010	0.000010	0.000010	LD_0.9_10_1830
NIC117	0.000010	0.000010	0.000010	0.999909	0.000010	0.000011	0.000010	0.000010	0.000010	0.000010	LD_0.9_10_1830
NIC1183	0.000010	0.999910	0.000010	0.000010	0.000010	0.000010	0.000010	0.000010	0.000010	0.000010	LD_0.9_10_1830
NIC119	0.000010	0.000010	0.000010	0.999910	0.000010	0.000010	0.000010	0.000010	0.000010	0.000010	LD_0.9_10_1830
NIC1190	0.000010	0.999910	0.000010	0.000010	0.000010	0.000010	0.000010	0.000010	0.000010	0.000010	LD_0.9_10_1830
NIC1202	0.000010	0.201690	0.000010	0.000010	0.000010	0.000010	0.000010	0.798230	0.000010	0.000010	LD_0.9_10_1830
NIC1204	0.000010	0.253553	0.000010	0.000010	0.000010	0.000010	0.000010	0.746367	0.000010	0.000010	LD_0.9_10_1830
NIC1205	0.999906	0.000010	0.000010	0.000010	0.000010	0.000010	0.000013	0.000012	0.000010	0.000010	LD_0.9_10_1830
NIC1218	0.000010	0.000010	0.000010	0.000010	0.000010	0.000010	0.000010	0.999910	0.000010	0.000010	LD_0.9_10_1830
NIC1220	0.999902	0.000010	0.000010	0.000010	0.000010	0.000010	0.000010	0.000018	0.000010	0.000010	LD_0.9_10_1830
NIC1221	0.000010	0.261935	0.000010	0.000010	0.000010	0.000017	0.000013	0.737975	0.000010	0.000010	LD_0.9_10_1830
NIC123	0.000010	0.000010	0.000010	0.999910	0.000010	0.000010	0.000010	0.000010	0.000010	0.000010	LD_0.9_10_1830
NIC1267	0.000010	0.528517	0.000010	0.425959	0.000010	0.000010	0.000010	0.045448	0.000015	0.000010	LD_0.9_10_1830
NIC1283	0.000010	0.999910	0.000010	0.000010	0.000010	0.000010	0.000010	0.000010	0.000010	0.000010	LD_0.9_10_1830
NIC1288	0.000010	0.785174	0.000010	0.000010	0.000010	0.214584	0.000171	0.000010	0.000010	0.000010	LD_0.9_10_1830
NIC1292	0.000010	0.999910	0.000010	0.000010	0.000010	0.000010	0.000010	0.000010	0.000010	0.000010	LD_0.9_10_1830
NIC1302	0.000010	0.999910	0.000010	0.000010	0.000010	0.000010	0.000010	0.000010	0.000010	0.000010	LD_0.9_10_1830
NIC1304	0.000010	0.999910	0.000010	0.000010	0.000010	0.000010	0.000010	0.000010	0.000010	0.000010	LD_0.9_10_1830
NIC1308	0.000010	0.000010	0.000010	0.719884	0.000010	0.000010	0.251181	0.028865	0.000010	0.000010	LD_0.9_10_1830
NIC1407	0.000010	0.999910	0.000010	0.000010	0.000010	0.000010	0.000010	0.000010	0.000010	0.000010	LD_0.9_10_1830
NIC1421	0.000010	0.081562	0.000010	0.715221	0.000010	0.203146	0.000010	0.000010	0.000010	0.000010	LD_0.9_10_1830
NIC1423	0.000010	0.768555	0.000010	0.000010	0.000010	0.231365	0.000010	0.000010	0.000010	0.000010	LD_0.9_10_1830
NIC1442	0.000010	0.999910	0.000010	0.000010	0.000010	0.000010	0.000010	0.000010	0.000010	0.000010	LD_0.9_10_1830
NIC1491	0.000010	0.999910	0.000010	0.000010	0.000010	0.000010	0.000010	0.000010	0.000010	0.000010	LD_0.9_10_1830
NIC1525	0.000010	0.000017	0.000010	0.814484	0.000010	0.000010	0.000010	0.185429	0.000010	0.000010	LD_0.9_10_1830
NIC1528	0.000010	0.000010	0.000010	0.989780	0.000010	0.000010	0.000010	0.010140	0.000010	0.000010	LD_0.9_10_1830
NIC1529	0.000010	0.000010	0.000010	0.859672	0.000010	0.000010	0.000010	0.140243	0.000015	0.000010	LD_0.9_10_1830
NIC1533	0.000010	0.000010	0.000010	0.794584	0.000010	0.000010	0.000010	0.205336	0.000010	0.000010	LD_0.9_10_1830
NIC1535	0.000014	0.024663	0.000010	0.847110	0.000010	0.000010	0.000013	0.128151	0.000010	0.000010	LD_0.9_10_1830
NIC1539	0.999910	0.000010	0.000010	0.000010	0.000010	0.000010	0.000010	0.000010	0.000010	0.000010	LD_0.9_10_1830
NIC1540	0.000010	0.000010	0.000010	0.000010	0.000010	0.000010	0.000010	0.000010	0.999910	0.000010	LD_0.9_10_1830
NIC1562	0.999910	0.000010	0.000010	0.000010	0.000010	0.000010	0.000010	0.000010	0.000010	0.000010	LD_0.9_10_1830
NIC1589	0.000010	0.000010	0.000010	0.000010	0.000010	0.000010	0.000010	0.000010	0.999910	0.000010	LD_0.9_10_1830
NIC1590	0.999910	0.000010	0.000010	0.000010	0.000010	0.000010	0.000010	0.000010	0.000010	0.000010	LD_0.9_10_1830
NIC1591	0.000010	0.000010	0.000010	0.000010	0.000010	0.000010	0.000010	0.000010	0.999910	0.000010	LD_0.9_10_1830
NIC1593	0.000010	0.000010	0.000010	0.000010	0.000010	0.000010	0.000010	0.000010	0.999910	0.000010	LD_0.9_10_1830
NIC1595	0.999910	0.000010	0.000010	0.000010	0.000010	0.000010	0.000010	0.000010	0.000010	0.000010	LD_0.9_10_1830
NIC1598	0.987770	0.000010	0.000010	0.000010	0.000010	0.000010	0.000010	0.012149	0.000010	0.000010	LD_0.9_10_1830
NIC1602	0.999910	0.000010	0.000010	0.000010	0.000010	0.000010	0.000010	0.000010	0.000010	0.000010	LD_0.9_10_1830
NIC1607	0.252650	0.000010	0.000010	0.000010	0.566584	0.000010	0.000010	0.130153	0.050553	0.000010	LD_0.9_10_1830
NIC1628	0.000010	0.000010	0.000010	0.000010	0.000010	0.000016	0.000010	0.999904	0.000010	0.000010	LD_0.9_10_1830
NIC1630	0.999910	0.000010	0.000010	0.000010	0.000010	0.000010	0.000010	0.000010	0.000010	0.000010	LD_0.9_10_1830
NIC1631	0.999910	0.000010	0.000010	0.000010	0.000010	0.000010	0.000010	0.000010	0.000010	0.000010	LD_0.9_10_1830
NIC1632	0.000010	0.000011	0.000010	0.000010	0.999909	0.000010	0.000010	0.000010	0.000010	0.000010	LD_0.9_10_1830
NIC1633	0.000010	0.000010	0.000010	0.000010	0.999910	0.000010	0.000010	0.000010	0.000010	0.000010	LD_0.9_10_1830
NIC1635	0.000010	0.000011	0.000011	0.000015	0.999885	0.000019	0.000010	0.000012	0.000017	0.000010	LD_0.9_10_1830
NIC1645	0.999910	0.000010	0.000010	0.000010	0.000010	0.000010	0.000010	0.000010	0.000010	0.000010	LD_0.9_10_1830
NIC1660	0.999910	0.000010	0.000010	0.000010	0.000010	0.000010	0.000010	0.000010	0.000010	0.000010	LD_0.9_10_1830
NIC1661	0.999910	0.000010	0.000010	0.000010	0.000010	0.000010	0.000010	0.000010	0.000010	0.000010	LD_0.9_10_1830
NIC1662	0.999910	0.000010	0.000010	0.000010	0.000010	0.000010	0.000010	0.000010	0.000010	0.000010	LD_0.9_10_1830
NIC1663	0.999910	0.000010	0.000010	0.000010	0.000010	0.000010	0.000010	0.000010	0.000010	0.000010	LD_0.9_10_1830
NIC1664	0.000011	0.000010	0.000010	0.000010	0.000010	0.000010	0.000010	0.000010	0.999908	0.000010	LD_0.9_10_1830
NIC1665	0.000010	0.000010	0.000010	0.000010	0.000010	0.000010	0.000011	0.000010	0.999909	0.000010	LD_0.9_10_1830
NIC1666	0.999910	0.000010	0.000010	0.000010	0.000010	0.000010	0.000010	0.000010	0.000010	0.000010	LD_0.9_10_1830
NIC1667	0.999903	0.000010	0.000010	0.000010	0.000010	0.000010	0.000010	0.000017	0.000010	0.000010	LD_0.9_10_1830
NIC1681	0.999905	0.000013	0.000010	0.000011	0.000010	0.000010	0.000010	0.000011	0.000010	0.000010	LD_0.9_10_1830
NIC1688	0.000010	0.003994	0.000010	0.000010	0.000010	0.000010	0.000010	0.995926	0.000010	0.000010	LD_0.9_10_1830
NIC1692	0.999910	0.000010	0.000010	0.000010	0.000010	0.000010	0.000010	0.000010	0.000010	0.000010	LD_0.9_10_1830
NIC1693	0.999900	0.000019	0.000010	0.000010	0.000010	0.000011	0.000010	0.000010	0.000010	0.000010	LD_0.9_10_1830
NIC17	0.000010	0.000010	0.000010	0.753155	0.000010	0.000010	0.000010	0.246765	0.000010	0.000010	LD_0.9_10_1830
NIC174	0.000010	0.000010	0.000010	0.000010	0.999910	0.000010	0.000010	0.000010	0.000010	0.000010	LD_0.9_10_1830
NIC187	0.000010	0.011373	0.000010	0.988547	0.000010	0.000010	0.000010	0.000010	0.000010	0.000010	LD_0.9_10_1830
NIC188	0.000010	0.000010	0.000010	0.999910	0.000010	0.000010	0.000010	0.000010	0.000010	0.000010	LD_0.9_10_1830
NIC19	0.000010	0.000010	0.000010	0.000010	0.000010	0.000010	0.000010	0.000010	0.999910	0.000010	LD_0.9_10_1830
NIC191	0.000010	0.000010	0.000010	0.999910	0.000010	0.000010	0.000010	0.000010	0.000010	0.000010	LD_0.9_10_1830
NIC20	0.000010	0.000010	0.000010	0.000010	0.000010	0.000010	0.000010	0.000010	0.999910	0.000010	LD_0.9_10_1830
NIC21	0.000010	0.000010	0.000010	0.000011	0.000010	0.000010	0.000010	0.000010	0.999909	0.000010	LD_0.9_10_1830
NIC22	0.000010	0.000011	0.000010	0.000010	0.000010	0.000010	0.000010	0.000010	0.999909	0.000010	LD_0.9_10_1830
NIC2369	0.000010	0.082690	0.000010	0.000010	0.000010	0.000010	0.439702	0.477538	0.000010	0.000010	LD_0.9_10_1830
NIC248	0.000010	0.000010	0.000010	0.999910	0.000010	0.000010	0.000010	0.000010	0.000010	0.000010	LD_0.9_10_1830
NIC250	0.000010	0.000010	0.000010	0.999910	0.000010	0.000010	0.000010	0.000010	0.000010	0.000010	LD_0.9_10_1830
NIC2527	0.000010	0.000010	0.000010	0.000010	0.000010	0.000010	0.000010	0.999910	0.000010	0.000010	LD_0.9_10_1830
NIC309	0.000010	0.999910	0.000010	0.000010	0.000010	0.000010	0.000010	0.000010	0.000010	0.000010	LD_0.9_10_1830
NIC325	0.000010	0.999910	0.000010	0.000010	0.000010	0.000010	0.000010	0.000010	0.000010	0.000010	LD_0.9_10_1830
NIC327	0.000010	0.788166	0.000010	0.000010	0.000010	0.211754	0.000010	0.000010	0.000010	0.000010	LD_0.9_10_1830
NIC329	0.000017	0.720737	0.000010	0.183381	0.000010	0.095805	0.000010	0.000010	0.000010	0.000010	LD_0.9_10_1830
NIC330	0.000010	0.900542	0.000010	0.063614	0.000010	0.035768	0.000010	0.000010	0.000016	0.000010	LD_0.9_10_1830
NIC331	0.000010	0.215295	0.000010	0.577234	0.000010	0.207397	0.000014	0.000010	0.000010	0.000010	LD_0.9_10_1830
NIC332	0.000010	0.769281	0.000010	0.000010	0.000010	0.230639	0.000010	0.000010	0.000010	0.000010	LD_0.9_10_1830
NIC333	0.000010	0.999910	0.000010	0.000010	0.000010	0.000010	0.000010	0.000010	0.000010	0.000010	LD_0.9_10_1830
NIC343	0.000010	0.000010	0.000010	0.000010	0.000010	0.000010	0.000011	0.999909	0.000010	0.000010	LD_0.9_10_1830
NIC392	0.000010	0.595380	0.000010	0.193691	0.000010	0.000010	0.000010	0.210860	0.000010	0.000010	LD_0.9_10_1830
NIC400	0.000010	0.799172	0.000010	0.000010	0.000010	0.200748	0.000010	0.000010	0.000010	0.000010	LD_0.9_10_1830
NIC402	0.000010	0.656323	0.000010	0.138916	0.000010	0.204691	0.000010	0.000010	0.000010	0.000010	LD_0.9_10_1830
NIC419	0.000010	0.078941	0.000010	0.000010	0.000010	0.000010	0.421065	0.499924	0.000010	0.000010	LD_0.9_10_1830
NIC504	0.999910	0.000010	0.000010	0.000010	0.000010	0.000010	0.000010	0.000010	0.000010	0.000010	LD_0.9_10_1830
NIC505	0.999910	0.000010	0.000010	0.000010	0.000010	0.000010	0.000010	0.000010	0.000010	0.000010	LD_0.9_10_1830
NIC518	0.999910	0.000010	0.000010	0.000010	0.000010	0.000010	0.000010	0.000010	0.000010	0.000010	LD_0.9_10_1830
NIC519	0.999908	0.000010	0.000010	0.000010	0.000010	0.000010	0.000012	0.000010	0.000010	0.000010	LD_0.9_10_1830
NIC532	0.000010	0.000010	0.000010	0.999910	0.000010	0.000010	0.000010	0.000010	0.000010	0.000010	LD_0.9_10_1830
NIC541	0.000010	0.165906	0.000010	0.389673	0.000010	0.179545	0.264816	0.000010	0.000010	0.000010	LD_0.9_10_1830
NIC549	0.000010	0.000010	0.000010	0.999910	0.000010	0.000010	0.000010	0.000010	0.000010	0.000010	LD_0.9_10_1830
NIC552	0.000010	0.000010	0.000010	0.999910	0.000010	0.000010	0.000010	0.000010	0.000010	0.000010	LD_0.9_10_1830
NIC555	0.000010	0.000010	0.000010	0.871898	0.000010	0.128022	0.000010	0.000010	0.000010	0.000010	LD_0.9_10_1830
NIC574	0.000010	0.000010	0.000010	0.999910	0.000010	0.000010	0.000010	0.000010	0.000010	0.000010	LD_0.9_10_1830
NIC578	0.000010	0.000010	0.000010	0.999910	0.000010	0.000010	0.000010	0.000010	0.000010	0.000010	LD_0.9_10_1830
NIC583	0.000010	0.017305	0.000010	0.940622	0.000010	0.042003	0.000010	0.000010	0.000010	0.000010	LD_0.9_10_1830
NIC590	0.000010	0.187703	0.000010	0.702277	0.000010	0.000010	0.109950	0.000010	0.000010	0.000010	LD_0.9_10_1830
NIC593	0.000010	0.000010	0.000010	0.999910	0.000010	0.000010	0.000010	0.000010	0.000010	0.000010	LD_0.9_10_1830
NIC60	0.000010	0.804249	0.000010	0.195671	0.000010	0.000010	0.000010	0.000010	0.000010	0.000010	LD_0.9_10_1830
NIC61	0.000010	0.000010	0.000010	0.999910	0.000010	0.000010	0.000010	0.000010	0.000010	0.000010	LD_0.9_10_1830
NIC62	0.000010	0.223379	0.000010	0.776541	0.000010	0.000010	0.000010	0.000010	0.000010	0.000010	LD_0.9_10_1830
NIC67	0.000010	0.000010	0.000010	0.000010	0.000010	0.000010	0.494597	0.505323	0.000010	0.000010	LD_0.9_10_1830
NIC758	0.000010	0.033006	0.000010	0.849033	0.000010	0.000016	0.117883	0.000012	0.000010	0.000010	LD_0.9_10_1830
NIC777	0.000010	0.138375	0.000010	0.735672	0.000010	0.125883	0.000010	0.000010	0.000010	0.000010	LD_0.9_10_1830
NIC779	0.999910	0.000010	0.000010	0.000010	0.000010	0.000010	0.000010	0.000010	0.000010	0.000010	LD_0.9_10_1830
NIC790	0.000010	0.000010	0.000010	0.000010	0.000010	0.000010	0.000010	0.999910	0.000010	0.000010	LD_0.9_10_1830
NIC791	0.000010	0.000010	0.000010	0.000010	0.000010	0.000010	0.968992	0.030928	0.000010	0.000010	LD_0.9_10_1830
NIC792	0.000010	0.000010	0.000010	0.000010	0.000010	0.000010	0.274455	0.725465	0.000010	0.000010	LD_0.9_10_1830
NIC793	0.000010	0.000010	0.000010	0.000010	0.000010	0.000010	0.000010	0.999910	0.000010	0.000010	LD_0.9_10_1830
NIC795	0.000010	0.000010	0.000010	0.000010	0.000010	0.000010	0.000010	0.999910	0.000010	0.000010	LD_0.9_10_1830
NIC796	0.000010	0.000010	0.000010	0.000010	0.000010	0.000010	0.000010	0.992222	0.007698	0.000010	LD_0.9_10_1830
NIC802	0.000010	0.000010	0.000010	0.000010	0.000010	0.000010	0.000010	0.999910	0.000010	0.000010	LD_0.9_10_1830
NIC803	0.000010	0.086482	0.000010	0.000010	0.000010	0.000010	0.000010	0.913438	0.000010	0.000010	LD_0.9_10_1830
NIC805	0.999910	0.000010	0.000010	0.000010	0.000010	0.000010	0.000010	0.000010	0.000010	0.000010	LD_0.9_10_1830
NIC811	0.000010	0.054953	0.000010	0.000010	0.000010	0.000010	0.000010	0.944967	0.000010	0.000010	LD_0.9_10_1830
NIC814	0.999908	0.000010	0.000010	0.000010	0.000010	0.000010	0.000010	0.000012	0.000010	0.000010	LD_0.9_10_1830
NIC815	0.999909	0.000010	0.000010	0.000010	0.000010	0.000010	0.000010	0.000011	0.000010	0.000010	LD_0.9_10_1830
NIC816	0.000010	0.000010	0.000010	0.000010	0.000010	0.000010	0.000010	0.000011	0.999909	0.000010	LD_0.9_10_1830
NIC819	0.230656	0.000010	0.000010	0.000010	0.546380	0.000010	0.000010	0.142732	0.080172	0.000010	LD_0.9_10_1830
NIC821	0.000010	0.113517	0.000010	0.000016	0.000010	0.000010	0.000010	0.886396	0.000010	0.000010	LD_0.9_10_1830
NIC822	0.999910	0.000010	0.000010	0.000010	0.000010	0.000010	0.000010	0.000010	0.000010	0.000010	LD_0.9_10_1830
NIC824	0.999910	0.000010	0.000010	0.000010	0.000010	0.000010	0.000010	0.000010	0.000010	0.000010	LD_0.9_10_1830
NIC825	0.000010	0.000010	0.000010	0.000010	0.000010	0.000010	0.000010	0.000010	0.999910	0.000010	LD_0.9_10_1830
NIC827	0.000010	0.000010	0.000010	0.000016	0.000010	0.000010	0.000010	0.000010	0.999904	0.000010	LD_0.9_10_1830
NIC828	0.000010	0.000010	0.000010	0.000010	0.000010	0.000011	0.000010	0.000010	0.999909	0.000010	LD_0.9_10_1830
NIC863	0.999906	0.000014	0.000010	0.000010	0.000010	0.000010	0.000010	0.000010	0.000010	0.000010	LD_0.9_10_1830
NIC864	0.999903	0.000010	0.000010	0.000010	0.000010	0.000010	0.000016	0.000011	0.000010	0.000010	LD_0.9_10_1830
NIC865	0.999910	0.000010	0.000010	0.000010	0.000010	0.000010	0.000010	0.000010	0.000010	0.000010	LD_0.9_10_1830
NIC871	0.000010	0.000010	0.000010	0.000010	0.000010	0.000010	0.000010	0.999910	0.000010	0.000010	LD_0.9_10_1830
NIC883	0.000010	0.000010	0.000010	0.000010	0.000010	0.000010	0.000010	0.999910	0.000010	0.000010	LD_0.9_10_1830
NIC889	0.999896	0.000010	0.000010	0.000010	0.000015	0.000010	0.000020	0.000010	0.000010	0.000010	LD_0.9_10_1830
NIC893	0.204765	0.000010	0.000010	0.000010	0.571571	0.000010	0.000010	0.172409	0.051195	0.000010	LD_0.9_10_1830
NIC897	0.999910	0.000010	0.000010	0.000010	0.000010	0.000010	0.000010	0.000010	0.000010	0.000010	LD_0.9_10_1830
NIC899	0.000010	0.000010	0.000010	0.000010	0.999910	0.000010	0.000010	0.000010	0.000010	0.000010	LD_0.9_10_1830
NIC901	0.000010	0.000010	0.000011	0.644100	0.000010	0.000010	0.000010	0.355819	0.000010	0.000010	LD_0.9_10_1830
NIC911	0.000010	0.000010	0.000010	0.579059	0.000010	0.000010	0.000010	0.420861	0.000010	0.000010	LD_0.9_10_1830
NIC96	0.000010	0.999910	0.000010	0.000010	0.000010	0.000010	0.000010	0.000010	0.000010	0.000010	LD_0.9_10_1830
NIC984	0.000010	0.000010	0.000010	0.445351	0.000010	0.000010	0.000010	0.554569	0.000010	0.000010	LD_0.9_10_1830
NIC985	0.000010	0.000010	0.000010	0.439463	0.000010	0.000010	0.070283	0.490185	0.000010	0.000010	LD_0.9_10_1830
PB800	0.000010	0.000010	0.000014	0.000010	0.999899	0.000017	0.000010	0.000010	0.000010	0.000010	LD_0.9_10_1830
PB857	0.000010	0.000010	0.000010	0.000010	0.999902	0.000010	0.000018	0.000010	0.000010	0.000010	LD_0.9_10_1830
PE887	0.000010	0.000018	0.000010	0.520986	0.000010	0.000010	0.000010	0.478925	0.000010	0.000010	LD_0.9_10_1830
QG1005	0.000010	0.068145	0.000010	0.000010	0.000010	0.931775	0.000010	0.000010	0.000010	0.000010	LD_0.9_10_1830
QG1007	0.000010	0.000010	0.000010	0.000010	0.000010	0.999910	0.000010	0.000010	0.000010	0.000010	LD_0.9_10_1830
QG1111	0.000010	0.000010	0.000010	0.000010	0.000010	0.999910	0.000010	0.000010	0.000010	0.000010	LD_0.9_10_1830
QG1126	0.000010	0.000010	0.000010	0.000010	0.000010	0.999910	0.000010	0.000010	0.000010	0.000010	LD_0.9_10_1830
QG1141	0.000010	0.000010	0.000010	0.000010	0.000010	0.999910	0.000010	0.000010	0.000010	0.000010	LD_0.9_10_1830
QG1155	0.000010	0.000010	0.000010	0.000010	0.000010	0.997739	0.000010	0.002181	0.000010	0.000010	LD_0.9_10_1830
QG130	0.000010	0.000010	0.000010	0.000010	0.000010	0.000010	0.000010	0.999910	0.000010	0.000010	LD_0.9_10_1830
QG132	0.000010	0.000016	0.000010	0.120949	0.000010	0.000010	0.000010	0.878965	0.000010	0.000010	LD_0.9_10_1830
QG133	0.977189	0.000010	0.000010	0.000010	0.000010	0.000010	0.000010	0.022731	0.000010	0.000010	LD_0.9_10_1830
QG2641	0.000010	0.000010	0.000010	0.000010	0.000010	0.999909	0.000010	0.000011	0.000010	0.000010	LD_0.9_10_1830
QG2648	0.000010	0.000010	0.000010	0.000010	0.000010	0.999910	0.000010	0.000010	0.000010	0.000010	LD_0.9_10_1830
QG2659	0.000010	0.000010	0.000010	0.000010	0.000010	0.999910	0.000010	0.000010	0.000010	0.000010	LD_0.9_10_1830
QG2663	0.000010	0.000010	0.000010	0.000010	0.000010	0.999910	0.000010	0.000010	0.000010	0.000010	LD_0.9_10_1830
QG2665	0.000010	0.000010	0.000010	0.000010	0.000010	0.999910	0.000010	0.000010	0.000010	0.000010	LD_0.9_10_1830
QG2683	0.000010	0.000010	0.000010	0.000010	0.000010	0.999910	0.000010	0.000010	0.000010	0.000010	LD_0.9_10_1830
QG2736	0.000010	0.000010	0.000010	0.000010	0.000010	0.999910	0.000010	0.000010	0.000010	0.000010	LD_0.9_10_1830
QG2814	0.000010	0.000010	0.000010	0.000010	0.000010	0.000010	0.000010	0.999910	0.000010	0.000010	LD_0.9_10_1830
QG2820	0.000010	0.000010	0.000010	0.000010	0.000010	0.000010	0.000010	0.999910	0.000010	0.000010	LD_0.9_10_1830
QG2848	0.000010	0.000010	0.000010	0.000010	0.000010	0.000010	0.000010	0.999910	0.000010	0.000010	LD_0.9_10_1830
QG2880	0.000010	0.000010	0.000010	0.000010	0.000010	0.000010	0.999910	0.000010	0.000010	0.000010	LD_0.9_10_1830
QG2881	0.000010	0.000010	0.000010	0.000010	0.000010	0.000010	0.000010	0.999910	0.000010	0.000010	LD_0.9_10_1830
QG2883	0.000010	0.000010	0.000010	0.000010	0.000010	0.000010	0.000010	0.999910	0.000010	0.000010	LD_0.9_10_1830
QG2884	0.000010	0.000010	0.000010	0.000010	0.000010	0.000010	0.999910	0.000010	0.000010	0.000010	LD_0.9_10_1830
QG2891	0.000010	0.000010	0.999905	0.000010	0.000011	0.000010	0.000010	0.000010	0.000014	0.000010	LD_0.9_10_1830
QG2892	0.000010	0.000010	0.000010	0.000010	0.000010	0.000010	0.999910	0.000010	0.000010	0.000010	LD_0.9_10_1830
QG2893	0.000017	0.000010	0.496767	0.000012	0.000013	0.000010	0.000012	0.000010	0.000010	0.503138	LD_0.9_10_1830
QG2895	0.000010	0.000010	0.000010	0.000010	0.000010	0.000010	0.999910	0.000010	0.000010	0.000010	LD_0.9_10_1830
QG2902	0.000010	0.000010	0.000010	0.000010	0.000010	0.000010	0.999910	0.000010	0.000010	0.000010	LD_0.9_10_1830
QG2903	0.000010	0.000010	0.000010	0.000010	0.000010	0.000010	0.999910	0.000010	0.000010	0.000010	LD_0.9_10_1830
QG2906	0.000010	0.000010	0.000010	0.000010	0.000010	0.008217	0.991703	0.000010	0.000010	0.000010	LD_0.9_10_1830
QG2908	0.000011	0.000010	0.506365	0.000010	0.000013	0.000010	0.000010	0.000010	0.000010	0.493551	LD_0.9_10_1830
QG2910	0.000010	0.069197	0.000010	0.000010	0.000010	0.000010	0.000010	0.930723	0.000010	0.000010	LD_0.9_10_1830
QG2919	0.000010	0.000010	0.999905	0.000010	0.000010	0.000013	0.000010	0.000012	0.000010	0.000010	LD_0.9_10_1830
QG2923	0.000010	0.000010	0.000010	0.000010	0.000010	0.000010	0.999903	0.000010	0.000017	0.000010	LD_0.9_10_1830
QG2925	0.000010	0.000010	0.000010	0.000010	0.000010	0.000010	0.999910	0.000010	0.000010	0.000010	LD_0.9_10_1830
QG2964	0.000010	0.000010	0.000010	0.000010	0.000010	0.999910	0.000010	0.000010	0.000010	0.000010	LD_0.9_10_1830
QG2966	0.000010	0.000010	0.000010	0.161124	0.000010	0.629165	0.000010	0.209640	0.000010	0.000010	LD_0.9_10_1830
QG2969	0.000010	0.000010	0.000010	0.000010	0.000010	0.999910	0.000010	0.000010	0.000010	0.000010	LD_0.9_10_1830
QG2972	0.000010	0.000010	0.000010	0.000010	0.000010	0.999910	0.000010	0.000010	0.000010	0.000010	LD_0.9_10_1830
QG2996	0.000010	0.000010	0.000010	0.000010	0.000010	0.999910	0.000010	0.000010	0.000010	0.000010	LD_0.9_10_1830
QG3004	0.000010	0.120837	0.000010	0.000010	0.000010	0.778077	0.000010	0.101015	0.000010	0.000010	LD_0.9_10_1830
QG3006	0.000010	0.000010	0.000010	0.000010	0.000010	0.999910	0.000010	0.000010	0.000010	0.000010	LD_0.9_10_1830
QG3019	0.000010	0.145748	0.000010	0.000010	0.000010	0.854172	0.000010	0.000010	0.000010	0.000010	LD_0.9_10_1830
QG3025	0.000010	0.000010	0.000010	0.000010	0.000010	0.999910	0.000010	0.000010	0.000010	0.000010	LD_0.9_10_1830
QG3030	0.000010	0.000015	0.000010	0.000010	0.000010	0.999905	0.000010	0.000010	0.000010	0.000010	LD_0.9_10_1830
QG3032	0.000010	0.212711	0.000010	0.000010	0.000010	0.759962	0.000010	0.027257	0.000010	0.000010	LD_0.9_10_1830
QG3034	0.000010	0.000010	0.000010	0.000010	0.000010	0.999910	0.000010	0.000010	0.000010	0.000010	LD_0.9_10_1830
QG3041	0.000010	0.000010	0.000010	0.000010	0.000010	0.999910	0.000010	0.000010	0.000010	0.000010	LD_0.9_10_1830
QG3053	0.000010	0.000010	0.000010	0.854535	0.000010	0.000010	0.000010	0.145385	0.000010	0.000010	LD_0.9_10_1830
QG3056	0.000012	0.000010	0.000010	0.150571	0.000010	0.624209	0.000010	0.225148	0.000010	0.000010	LD_0.9_10_1830
QG3057	0.000010	0.000010	0.000010	0.000010	0.000010	0.999907	0.000013	0.000010	0.000010	0.000010	LD_0.9_10_1830
QG3058	0.000010	0.068767	0.000010	0.000010	0.000010	0.931153	0.000010	0.000010	0.000010	0.000010	LD_0.9_10_1830
QG3527	0.000010	0.025990	0.000010	0.831577	0.000010	0.142363	0.000010	0.000010	0.000010	0.000010	LD_0.9_10_1830
QG3661	0.000010	0.000010	0.000010	0.000010	0.999910	0.000010	0.000010	0.000010	0.000010	0.000010	LD_0.9_10_1830
QG3783	0.000010	0.000012	0.000010	0.833311	0.000010	0.071630	0.000010	0.094987	0.000010	0.000010	LD_0.9_10_1830
QG3801	0.000010	0.017650	0.000010	0.068147	0.000010	0.914133	0.000010	0.000010	0.000010	0.000010	LD_0.9_10_1830
QG3815	0.000010	0.000010	0.000010	0.978346	0.000010	0.021574	0.000010	0.000010	0.000010	0.000010	LD_0.9_10_1830
QG3816	0.000010	0.000010	0.000010	0.947835	0.000010	0.052085	0.000010	0.000010	0.000010	0.000010	LD_0.9_10_1830
QG3823	0.000010	0.088338	0.000010	0.000010	0.000010	0.885475	0.005840	0.020286	0.000010	0.000010	LD_0.9_10_1830
QG3825	0.000010	0.000010	0.000010	0.999910	0.000010	0.000010	0.000010	0.000010	0.000010	0.000010	LD_0.9_10_1830
QG3826	0.000010	0.000010	0.000010	0.918059	0.000010	0.081861	0.000010	0.000010	0.000010	0.000010	LD_0.9_10_1830
QG3837	0.000010	0.000010	0.000010	0.999910	0.000010	0.000010	0.000010	0.000010	0.000010	0.000010	LD_0.9_10_1830
QG3851	0.000010	0.000010	0.000010	0.843566	0.000010	0.078818	0.000010	0.077546	0.000010	0.000010	LD_0.9_10_1830
QG3861	0.000010	0.000010	0.000010	0.966958	0.000010	0.032962	0.000010	0.000010	0.000010	0.000010	LD_0.9_10_1830
QG3867	0.000010	0.000010	0.000010	0.115962	0.000010	0.883958	0.000010	0.000010	0.000010	0.000010	LD_0.9_10_1830
QG3874	0.000010	0.000010	0.000010	0.999910	0.000010	0.000010	0.000010	0.000010	0.000010	0.000010	LD_0.9_10_1830
QG3875	0.000010	0.000010	0.000010	0.999910	0.000010	0.000010	0.000010	0.000010	0.000010	0.000010	LD_0.9_10_1830
QG3876	0.000010	0.000010	0.000010	0.933713	0.000010	0.066207	0.000010	0.000010	0.000010	0.000010	LD_0.9_10_1830
QG3878	0.000010	0.000010	0.000010	0.999910	0.000010	0.000010	0.000010	0.000010	0.000010	0.000010	LD_0.9_10_1830
QG3920	0.000010	0.038743	0.000010	0.869194	0.000010	0.091993	0.000010	0.000010	0.000010	0.000010	LD_0.9_10_1830
QG3921	0.000010	0.034928	0.000010	0.874606	0.000017	0.090388	0.000010	0.000010	0.000010	0.000010	LD_0.9_10_1830
QG3923	0.000011	0.000010	0.000010	0.957190	0.000018	0.038034	0.000010	0.004698	0.000010	0.000010	LD_0.9_10_1830
QG3924	0.000010	0.202421	0.000010	0.539909	0.000010	0.151465	0.000010	0.106145	0.000010	0.000010	LD_0.9_10_1830
QG3925	0.000010	0.024054	0.000010	0.874294	0.000010	0.101582	0.000010	0.000010	0.000010	0.000010	LD_0.9_10_1830
QG3926	0.000010	0.093617	0.000010	0.870224	0.000010	0.036089	0.000010	0.000010	0.000010	0.000010	LD_0.9_10_1830
QG3927	0.000010	0.113484	0.000010	0.886436	0.000010	0.000010	0.000010	0.000010	0.000010	0.000010	LD_0.9_10_1830
QG3931	0.000010	0.250742	0.000010	0.649630	0.000010	0.099546	0.000010	0.000015	0.000016	0.000010	LD_0.9_10_1830
QG3932	0.000010	0.094013	0.000010	0.689622	0.000010	0.055391	0.000010	0.160912	0.000012	0.000010	LD_0.9_10_1830
QG3933	0.000010	0.000010	0.000010	0.806328	0.000010	0.000010	0.000010	0.193592	0.000010	0.000010	LD_0.9_10_1830
QG4026	0.000010	0.000010	0.999910	0.000010	0.000010	0.000010	0.000010	0.000010	0.000010	0.000010	LD_0.9_10_1830
QG4028	0.000010	0.000010	0.999908	0.000010	0.000010	0.000010	0.000010	0.000010	0.000012	0.000010	LD_0.9_10_1830
QG4031	0.000010	0.000010	0.999910	0.000010	0.000010	0.000010	0.000010	0.000010	0.000010	0.000010	LD_0.9_10_1830
QG4063	0.000011	0.000010	0.999904	0.000010	0.000014	0.000010	0.000010	0.000010	0.000010	0.000010	LD_0.9_10_1830
QG4064	0.000010	0.000010	0.999910	0.000010	0.000010	0.000010	0.000010	0.000010	0.000010	0.000010	LD_0.9_10_1830
QG4067	0.000010	0.000010	0.999910	0.000010	0.000010	0.000010	0.000010	0.000010	0.000010	0.000010	LD_0.9_10_1830
QG4068	0.000010	0.000010	0.999910	0.000010	0.000010	0.000010	0.000010	0.000010	0.000010	0.000010	LD_0.9_10_1830
QG4070	0.000010	0.000010	0.000010	0.179841	0.000011	0.000010	0.000012	0.820076	0.000010	0.000010	LD_0.9_10_1830
QG4093	0.000010	0.000010	0.876063	0.000010	0.000012	0.000010	0.000010	0.000010	0.000010	0.123855	LD_0.9_10_1830
QG4094	0.000010	0.000010	0.999910	0.000010	0.000010	0.000010	0.000010	0.000010	0.000010	0.000010	LD_0.9_10_1830
QG4095	0.000010	0.000010	0.999910	0.000010	0.000010	0.000010	0.000010	0.000010	0.000010	0.000010	LD_0.9_10_1830
QG4096	0.000011	0.000010	0.999909	0.000010	0.000010	0.000010	0.000010	0.000010	0.000010	0.000010	LD_0.9_10_1830
QG4097	0.000010	0.000010	0.999910	0.000010	0.000010	0.000010	0.000010	0.000010	0.000010	0.000010	LD_0.9_10_1830
QG4104	0.000010	0.000010	0.999910	0.000010	0.000010	0.000010	0.000010	0.000010	0.000010	0.000010	LD_0.9_10_1830
QG4114	0.000010	0.000010	0.999910	0.000010	0.000010	0.000010	0.000010	0.000010	0.000010	0.000010	LD_0.9_10_1830
QG4131	0.000011	0.000010	0.999909	0.000010	0.000010	0.000010	0.000010	0.000010	0.000010	0.000010	LD_0.9_10_1830
QG4132	0.000010	0.000010	0.999910	0.000010	0.000010	0.000010	0.000010	0.000010	0.000010	0.000010	LD_0.9_10_1830
QG4208	0.000010	0.000010	0.849556	0.000010	0.000010	0.000010	0.000010	0.000010	0.000010	0.150364	LD_0.9_10_1830
QG4214	0.000010	0.000010	0.999910	0.000010	0.000010	0.000010	0.000010	0.000010	0.000010	0.000010	LD_0.9_10_1830
QG4225	0.000010	0.000010	0.999910	0.000010	0.000010	0.000010	0.000010	0.000010	0.000010	0.000010	LD_0.9_10_1830
QG4232	0.000010	0.000010	0.937355	0.000010	0.000010	0.000010	0.000010	0.000010	0.000010	0.062565	LD_0.9_10_1830
QG4233	0.000010	0.000010	0.999901	0.000010	0.000010	0.000010	0.000010	0.000019	0.000010	0.000010	LD_0.9_10_1830
QG4647	0.000010	0.000010	0.000010	0.000010	0.000010	0.000010	0.999910	0.000010	0.000010	0.000010	LD_0.9_10_1830
QG4648	0.000010	0.000010	0.000010	0.000010	0.000010	0.000010	0.000010	0.999910	0.000010	0.000010	LD_0.9_10_1830
QG4683	0.000010	0.000010	0.000010	0.062388	0.000010	0.000018	0.000010	0.937523	0.000010	0.000010	LD_0.9_10_1830
QG4701	0.000010	0.000010	0.000010	0.000010	0.000010	0.000010	0.539002	0.460918	0.000010	0.000010	LD_0.9_10_1830
QG4706	0.000010	0.000010	0.000010	0.000010	0.000010	0.000011	0.000010	0.999909	0.000010	0.000010	LD_0.9_10_1830
QG4718	0.000010	0.000010	0.000010	0.000010	0.000010	0.000010	0.000010	0.999910	0.000010	0.000010	LD_0.9_10_1830
QG4742	0.000010	0.000010	0.000013	0.063688	0.000010	0.000010	0.015370	0.920869	0.000010	0.000010	LD_0.9_10_1830
QG4805	0.000010	0.000010	0.000010	0.000010	0.000010	0.000010	0.999910	0.000010	0.000010	0.000010	LD_0.9_10_1830
QG4847	0.000010	0.000010	0.000010	0.000010	0.000010	0.000010	0.000010	0.999910	0.000010	0.000010	LD_0.9_10_1830
QG4966	0.000010	0.000820	0.000010	0.000010	0.000010	0.000010	0.000010	0.999100	0.000010	0.000010	LD_0.9_10_1830
QG5348	0.000010	0.000010	0.000010	0.000010	0.000010	0.000010	0.000010	0.999910	0.000010	0.000010	LD_0.9_10_1830
QG5406	0.000010	0.000010	0.000010	0.054186	0.000010	0.000016	0.000010	0.945728	0.000010	0.000010	LD_0.9_10_1830
QG547	0.000010	0.000010	0.000020	0.000012	0.999887	0.000020	0.000010	0.000010	0.000011	0.000010	LD_0.9_10_1830
QG5474	0.000010	0.000010	0.000010	0.000010	0.000010	0.000010	0.621614	0.378306	0.000010	0.000010	LD_0.9_10_1830
QG5488	0.000010	0.000010	0.000010	0.000010	0.000010	0.000010	0.000010	0.999910	0.000010	0.000010	LD_0.9_10_1830
QG550	0.000011	0.656197	0.000010	0.000011	0.000010	0.000010	0.055372	0.288358	0.000010	0.000010	LD_0.9_10_1830
QG5507	0.000010	0.000010	0.000010	0.000010	0.000010	0.000010	0.181084	0.818836	0.000010	0.000010	LD_0.9_10_1830
QG5525	0.000010	0.041972	0.000010	0.038232	0.000010	0.000010	0.000010	0.919727	0.000010	0.000010	LD_0.9_10_1830
QG5589	0.000010	0.000010	0.000010	0.038718	0.000010	0.000010	0.802522	0.158690	0.000010	0.000010	LD_0.9_10_1830
QG5603	0.000010	0.000010	0.000010	0.000010	0.000010	0.000010	0.638344	0.361576	0.000010	0.000010	LD_0.9_10_1830
QG5611	0.000010	0.030259	0.000010	0.000010	0.000010	0.000010	0.000010	0.969661	0.000010	0.000010	LD_0.9_10_1830
QG5612	0.000010	0.064713	0.000010	0.191489	0.000010	0.005538	0.000010	0.738200	0.000010	0.000010	LD_0.9_10_1830
QG5633	0.000010	0.012647	0.000010	0.000010	0.000010	0.000010	0.000010	0.987273	0.000010	0.000010	LD_0.9_10_1830
QG581	0.000010	0.000010	0.000014	0.000011	0.999905	0.000010	0.000010	0.000010	0.000010	0.000010	LD_0.9_10_1830
QG588	0.000010	0.000010	0.000010	0.000010	0.999905	0.000015	0.000010	0.000010	0.000010	0.000010	LD_0.9_10_1830
QG700	0.000010	0.199936	0.000010	0.000010	0.000010	0.799984	0.000010	0.000010	0.000010	0.000010	LD_0.9_10_1830
QG727	0.000010	0.000010	0.000010	0.000010	0.000010	0.999910	0.000010	0.000010	0.000010	0.000010	LD_0.9_10_1830
QG733	0.000012	0.000010	0.000010	0.000010	0.000012	0.999901	0.000010	0.000014	0.000010	0.000010	LD_0.9_10_1830
QG736	0.000010	0.000010	0.000010	0.000010	0.000010	0.999910	0.000010	0.000010	0.000010	0.000010	LD_0.9_10_1830
QG737	0.000010	0.000017	0.000010	0.000010	0.000010	0.999903	0.000010	0.000010	0.000010	0.000010	LD_0.9_10_1830
QG739	0.000010	0.000010	0.000010	0.000010	0.000010	0.999910	0.000010	0.000010	0.000010	0.000010	LD_0.9_10_1830
QG761	0.000010	0.303648	0.000010	0.000010	0.000010	0.696272	0.000010	0.000010	0.000010	0.000010	LD_0.9_10_1830
QG763	0.000010	0.057250	0.000010	0.000010	0.000010	0.942670	0.000010	0.000010	0.000010	0.000010	LD_0.9_10_1830
QG776	0.000010	0.000018	0.000010	0.019394	0.000010	0.980519	0.000010	0.000010	0.000010	0.000010	LD_0.9_10_1830
QG781	0.000010	0.000010	0.000010	0.000010	0.000010	0.999910	0.000010	0.000010	0.000010	0.000010	LD_0.9_10_1830
QG784	0.000010	0.000010	0.000010	0.000010	0.000010	0.999910	0.000010	0.000010	0.000010	0.000010	LD_0.9_10_1830
QG786	0.000014	0.000010	0.000010	0.000010	0.000010	0.999898	0.000018	0.000010	0.000010	0.000010	LD_0.9_10_1830
QG788	0.000010	0.000010	0.000010	0.000012	0.000010	0.999908	0.000010	0.000010	0.000010	0.000010	LD_0.9_10_1830
QG790	0.000010	0.000010	0.000010	0.000010	0.000010	0.999909	0.000011	0.000010	0.000010	0.000010	LD_0.9_10_1830
QG791	0.000010	0.000010	0.000010	0.000010	0.000010	0.938615	0.000010	0.061305	0.000010	0.000010	LD_0.9_10_1830
QG795	0.000010	0.284381	0.000010	0.000010	0.000010	0.673706	0.000010	0.041843	0.000010	0.000010	LD_0.9_10_1830
QG797	0.000010	0.000010	0.000011	0.000010	0.000011	0.999908	0.000010	0.000010	0.000010	0.000010	LD_0.9_10_1830
QG802	0.000010	0.000010	0.000010	0.000010	0.000010	0.999910	0.000010	0.000010	0.000010	0.000010	LD_0.9_10_1830
QG804	0.000010	0.000010	0.000010	0.000010	0.000010	0.999910	0.000010	0.000010	0.000010	0.000010	LD_0.9_10_1830
QG806	0.000011	0.000010	0.000010	0.000010	0.000010	0.999908	0.000010	0.000010	0.000010	0.000010	LD_0.9_10_1830
QG807	0.000010	0.000010	0.000010	0.000010	0.000010	0.999910	0.000010	0.000010	0.000010	0.000010	LD_0.9_10_1830
QG808	0.000010	0.000010	0.000010	0.000010	0.000010	0.955354	0.000010	0.044566	0.000010	0.000010	LD_0.9_10_1830
QG809	0.000012	0.000010	0.000010	0.000010	0.000010	0.999908	0.000010	0.000010	0.000010	0.000010	LD_0.9_10_1830
QG825	0.000010	0.000010	0.000010	0.000010	0.000010	0.999910	0.000010	0.000010	0.000010	0.000010	LD_0.9_10_1830
QG827	0.000010	0.000010	0.000010	0.000010	0.000010	0.999910	0.000010	0.000010	0.000010	0.000010	LD_0.9_10_1830
QG828	0.000010	0.000010	0.000012	0.000014	0.000010	0.999903	0.000010	0.000011	0.000010	0.000010	LD_0.9_10_1830
QG833	0.000010	0.000010	0.000010	0.000010	0.000010	0.971393	0.000010	0.028527	0.000010	0.000010	LD_0.9_10_1830
QG855	0.000010	0.000010	0.000010	0.000010	0.000010	0.966161	0.000010	0.033759	0.000010	0.000010	LD_0.9_10_1830
QG856	0.000010	0.000010	0.000010	0.000010	0.000010	0.999910	0.000010	0.000010	0.000010	0.000010	LD_0.9_10_1830
QG858	0.000010	0.000010	0.000010	0.000010	0.000010	0.999910	0.000010	0.000010	0.000010	0.000010	LD_0.9_10_1830
QG860	0.000010	0.223343	0.000010	0.000010	0.000010	0.751686	0.000010	0.024902	0.000010	0.000010	LD_0.9_10_1830
QG864	0.000010	0.000010	0.000010	0.000010	0.000010	0.999910	0.000010	0.000010	0.000010	0.000010	LD_0.9_10_1830
QG865	0.000010	0.000010	0.000010	0.000010	0.000010	0.999910	0.000010	0.000010	0.000010	0.000010	LD_0.9_10_1830
QG866	0.000010	0.000010	0.000010	0.000010	0.000010	0.999910	0.000010	0.000010	0.000010	0.000010	LD_0.9_10_1830
QG868	0.000010	0.032335	0.000010	0.000010	0.000010	0.927711	0.000010	0.039884	0.000010	0.000010	LD_0.9_10_1830
QG874	0.000010	0.000010	0.000010	0.000010	0.000010	0.999910	0.000010	0.000010	0.000010	0.000010	LD_0.9_10_1830
QG875	0.000010	0.000010	0.000010	0.000010	0.000010	0.999910	0.000010	0.000010	0.000010	0.000010	LD_0.9_10_1830
QG878	0.000010	0.000010	0.000010	0.000010	0.000010	0.999910	0.000010	0.000010	0.000010	0.000010	LD_0.9_10_1830
QG879	0.000010	0.000010	0.000010	0.000010	0.000010	0.999910	0.000010	0.000010	0.000010	0.000010	LD_0.9_10_1830
QG880	0.000010	0.000016	0.000010	0.000010	0.000010	0.999904	0.000010	0.000010	0.000010	0.000010	LD_0.9_10_1830
QG881	0.000010	0.273051	0.000010	0.000010	0.000010	0.710156	0.000010	0.016723	0.000010	0.000010	LD_0.9_10_1830
QG887	0.000010	0.000010	0.000010	0.000010	0.000010	0.999910	0.000010	0.000010	0.000010	0.000010	LD_0.9_10_1830
QG888	0.000010	0.000010	0.000010	0.000010	0.000010	0.999907	0.000010	0.000010	0.000012	0.000010	LD_0.9_10_1830
QG926	0.000010	0.000010	0.000010	0.000010	0.000010	0.999910	0.000010	0.000010	0.000010	0.000010	LD_0.9_10_1830
QG927	0.000010	0.000010	0.000010	0.000010	0.000010	0.077261	0.000010	0.922659	0.000010	0.000010	LD_0.9_10_1830
QG933	0.000013	0.000010	0.000010	0.000018	0.000010	0.999898	0.000010	0.000010	0.000010	0.000010	LD_0.9_10_1830
QG937	0.000010	0.000010	0.000010	0.000010	0.000010	0.999910	0.000010	0.000010	0.000010	0.000010	LD_0.9_10_1830
QG945	0.000010	0.000010	0.000010	0.000010	0.000010	0.999901	0.000019	0.000010	0.000010	0.000010	LD_0.9_10_1830
QG946	0.000010	0.000010	0.000010	0.000010	0.000010	0.999910	0.000010	0.000010	0.000010	0.000010	LD_0.9_10_1830
QG947	0.000010	0.000010	0.000010	0.000010	0.000010	0.999910	0.000010	0.000010	0.000010	0.000010	LD_0.9_10_1830
QG948	0.000010	0.000010	0.000010	0.000010	0.000010	0.985958	0.000010	0.013962	0.000010	0.000010	LD_0.9_10_1830
QG952	0.000010	0.000010	0.000010	0.080427	0.000011	0.919492	0.000010	0.000010	0.000010	0.000010	LD_0.9_10_1830
QG978	0.000010	0.090448	0.000010	0.000010	0.000010	0.870233	0.000010	0.039249	0.000010	0.000010	LD_0.9_10_1830
QG980	0.000010	0.000010	0.000010	0.000010	0.000010	0.999910	0.000010	0.000010	0.000010	0.000010	LD_0.9_10_1830
QG986	0.000010	0.000010	0.000010	0.000010	0.000010	0.959486	0.000010	0.040434	0.000010	0.000010	LD_0.9_10_1830
QG991	0.000010	0.000010	0.000010	0.000010	0.000010	0.999910	0.000010	0.000010	0.000010	0.000010	LD_0.9_10_1830
QG994	0.000010	0.000010	0.000010	0.000010	0.000010	0.999910	0.000010	0.000010	0.000010	0.000010	LD_0.9_10_1830
QG995	0.000010	0.000010	0.000010	0.000010	0.000010	0.999910	0.000010	0.000010	0.000010	0.000010	LD_0.9_10_1830
QG997	0.000010	0.000010	0.000010	0.000010	0.000010	0.999910	0.000010	0.000010	0.000010	0.000010	LD_0.9_10_1830
QG998	0.000010	0.000010	0.000010	0.000010	0.000010	0.999910	0.000010	0.000010	0.000010	0.000010	LD_0.9_10_1830
QR25	0.009410	0.532987	0.012656	0.000010	0.369648	0.000011	0.000010	0.000010	0.059162	0.016096	LD_0.9_10_1830
QX1410	0.000010	0.000010	0.000010	0.999902	0.000010	0.000010	0.000010	0.000018	0.000010	0.000010	LD_0.9_10_1830
QX1547	0.000015	0.000010	0.000010	0.000010	0.999903	0.000010	0.000010	0.000010	0.000012	0.000010	LD_0.9_10_1830
QX1795	0.000010	0.067328	0.000010	0.121961	0.000010	0.000010	0.000010	0.810640	0.000010	0.000010	LD_0.9_10_1830
QX1796	0.000010	0.000010	0.000010	0.000010	0.000010	0.000010	0.000010	0.999910	0.000010	0.000010	LD_0.9_10_1830
QX1798	0.999902	0.000018	0.000010	0.000010	0.000010	0.000010	0.000010	0.000010	0.000010	0.000010	LD_0.9_10_1830
QX1800	0.000010	0.000010	0.000010	0.000010	0.000010	0.000010	0.000010	0.999910	0.000010	0.000010	LD_0.9_10_1830
QX1801	0.000010	0.000010	0.000010	0.014502	0.000010	0.000010	0.000010	0.985418	0.000010	0.000010	LD_0.9_10_1830
QX1802	0.000010	0.000010	0.000010	0.000010	0.000010	0.000010	0.000010	0.999910	0.000010	0.000010	LD_0.9_10_1830
QX1803	0.000010	0.000010	0.000010	0.000010	0.000010	0.000010	0.000010	0.999910	0.000010	0.000010	LD_0.9_10_1830
QX1804	0.000010	0.000014	0.000010	0.000010	0.000010	0.000010	0.000010	0.999906	0.000010	0.000010	LD_0.9_10_1830
SOW18	0.000010	0.000010	0.000010	0.000010	0.999910	0.000010	0.000010	0.000010	0.000010	0.000010	LD_0.9_10_1830
SOW21	0.000010	0.000010	0.000010	0.000010	0.999902	0.000010	0.000010	0.000016	0.000012	0.000010	LD_0.9_10_1830
SOW22	0.000010	0.000010	0.000011	0.000010	0.999907	0.000010	0.000010	0.000010	0.000013	0.000010	LD_0.9_10_1830
TT3408	0.000010	0.000010	0.000010	0.000018	0.000010	0.000010	0.000010	0.999902	0.000010	0.000010	LD_0.9_10_1830
TT3411	0.000010	0.000010	0.000010	0.000014	0.000010	0.000016	0.000010	0.999901	0.000010	0.000010	LD_0.9_10_1830
TWN1772	0.999910	0.000010	0.000010	0.000010	0.000010	0.000010	0.000010	0.000010	0.000010	0.000010	LD_0.9_10_1830
TWN1824	0.000010	0.000010	0.000010	0.000010	0.000010	0.000010	0.000015	0.000010	0.999905	0.000010	LD_0.9_10_1830
TWN1899	0.000010	0.000010	0.000010	0.000010	0.000010	0.000010	0.000010	0.000010	0.999910	0.000010	LD_0.9_10_1830
TWN1907	0.999910	0.000010	0.000010	0.000010	0.000010	0.000010	0.000010	0.000010	0.000010	0.000010	LD_0.9_10_1830
TWN2919	0.999910	0.000010	0.000010	0.000010	0.000010	0.000010	0.000010	0.000010	0.000010	0.000010	LD_0.9_10_1830
TWN3077	0.999910	0.000010	0.000010	0.000010	0.000010	0.000010	0.000010	0.000010	0.000010	0.000010	LD_0.9_10_1830
UH1	0.999910	0.000010	0.000010	0.000010	0.000010	0.000010	0.000010	0.000010	0.000010	0.000010	LD_0.9_10_1830
VSL2201	0.000010	0.000010	0.000010	0.192930	0.000013	0.000010	0.345438	0.461559	0.000010	0.000010	LD_0.9_10_1830
VSL2207	0.000010	0.000010	0.000010	0.000010	0.000010	0.000010	0.000010	0.000010	0.000010	0.999910	LD_0.9_10_1830
VSL2209	0.000010	0.000010	0.000014	0.000012	0.000010	0.000010	0.000010	0.000011	0.000010	0.999903	LD_0.9_10_1830
VSL2210	0.000011	0.000018	0.000010	0.925769	0.000010	0.000010	0.000010	0.074141	0.000010	0.000010	LD_0.9_10_1830
VSL2212	0.000010	0.000010	0.000010	0.975455	0.000010	0.000010	0.000010	0.024465	0.000010	0.000010	LD_0.9_10_1830
VSL2213	0.000010	0.000012	0.000010	0.000010	0.000010	0.000010	0.598163	0.401755	0.000010	0.000010	LD_0.9_10_1830
VSL2215	0.000010	0.000010	0.000010	0.045835	0.000010	0.000010	0.489594	0.464501	0.000010	0.000010	LD_0.9_10_1830
VSL2216	0.000010	0.000011	0.000010	0.000010	0.000010	0.000010	0.563614	0.436305	0.000010	0.000010	LD_0.9_10_1830
VSL2217	0.000010	0.000010	0.000010	0.000010	0.000010	0.000010	0.999910	0.000010	0.000010	0.000010	LD_0.9_10_1830
VSL2219	0.000010	0.000010	0.000010	0.218099	0.000010	0.000012	0.000010	0.781819	0.000010	0.000010	LD_0.9_10_1830
VT847	0.000010	0.000010	0.000010	0.180103	0.000010	0.000014	0.000010	0.819813	0.000010	0.000010	LD_0.9_10_1830
VX34	0.110671	0.000010	0.000010	0.000010	0.625045	0.000010	0.000010	0.165939	0.098285	0.000010	LD_0.9_10_1830
XZ1204	0.000010	0.000010	0.000010	0.412055	0.000010	0.000010	0.203378	0.384497	0.000010	0.000010	LD_0.9_10_1830
XZ1205	0.000010	0.000010	0.000010	0.000010	0.000010	0.000010	0.460304	0.539616	0.000010	0.000010	LD_0.9_10_1830
XZ1206	0.000010	0.000010	0.000010	0.000010	0.000010	0.000010	0.458495	0.541425	0.000010	0.000010	LD_0.9_10_1830
XZ1207	0.000010	0.000010	0.000010	0.611851	0.000010	0.000010	0.000010	0.388069	0.000010	0.000010	LD_0.9_10_1830
XZ1210	0.000010	0.000010	0.000010	0.804244	0.000010	0.000012	0.000010	0.195673	0.000010	0.000010	LD_0.9_10_1830
XZ1212	0.000010	0.000010	0.000010	0.589112	0.000010	0.000010	0.000010	0.410808	0.000010	0.000010	LD_0.9_10_1830
XZ1213	0.000010	0.000011	0.000010	0.745991	0.000010	0.000010	0.000010	0.253928	0.000010	0.000010	LD_0.9_10_1830
XZ1731	0.000011	0.000010	0.000010	0.665158	0.000010	0.000010	0.000010	0.334761	0.000010	0.000010	LD_0.9_10_1830
XZ1732	0.000010	0.000014	0.000010	0.999906	0.000010	0.000010	0.000010	0.000010	0.000010	0.000010	LD_0.9_10_1830
ZZY0992	0.000010	0.000010	0.000010	0.000010	0.000010	0.000010	0.999909	0.000010	0.000011	0.000010	LD_0.9_10_1830
ZZY1034	0.000010	0.000010	0.000010	0.000012	0.000010	0.000010	0.000010	0.999908	0.000010	0.000010	LD_0.9_10_1830
ZZY1075	0.000010	0.000010	0.000010	0.000010	0.000010	0.000010	0.000010	0.999910	0.000010	0.000010	LD_0.9_10_1830
ZZY1123	0.000010	0.000010	0.000010	0.000010	0.000010	0.000010	0.999910	0.000010	0.000010	0.000010	LD_0.9_10_1830
ZZY1130	0.000010	0.000010	0.000010	0.000010	0.000010	0.000010	0.000010	0.999910	0.000010	0.000010	LD_0.9_10_1830
ZZY405	0.000010	0.000010	0.000010	0.000010	0.000010	0.000010	0.000010	0.999910	0.000010	0.000010	LD_0.9_10_1830
AF16	0.000010	0.000010	0.000010	0.000010	0.000010	0.000010	0.000010	0.000010	0.000010	0.999910	LD_0.9_10_1853
BRC20069	0.000010	0.000010	0.000010	0.000010	0.000010	0.000010	0.000010	0.000010	0.000010	0.999910	LD_0.9_10_1853
BRC20073	0.000010	0.000010	0.000010	0.000010	0.000010	0.000010	0.000010	0.000010	0.000010	0.999910	LD_0.9_10_1853
BRC20075	0.000010	0.000010	0.000010	0.000010	0.000010	0.000011	0.999909	0.000010	0.000010	0.000010	LD_0.9_10_1853
BRC20077	0.000010	0.000010	0.000010	0.000010	0.000010	0.000010	0.000010	0.000010	0.000010	0.999910	LD_0.9_10_1853
BRC20081	0.000010	0.000010	0.000010	0.000010	0.999910	0.000010	0.000010	0.000010	0.000010	0.000010	LD_0.9_10_1853
BRC20085	0.524843	0.000010	0.115814	0.000010	0.000010	0.000010	0.000010	0.000010	0.055790	0.303493	LD_0.9_10_1853
BRC20088	0.000010	0.000010	0.000010	0.000010	0.999910	0.000010	0.000010	0.000010	0.000010	0.000010	LD_0.9_10_1853
BRC20089	0.000010	0.000010	0.000010	0.000010	0.000010	0.000010	0.000010	0.000010	0.000010	0.999910	LD_0.9_10_1853
BRC20090	0.019163	0.000010	0.045313	0.000010	0.000010	0.000010	0.000010	0.000010	0.001632	0.933833	LD_0.9_10_1853
BRC20092	0.669841	0.000010	0.001207	0.000010	0.000010	0.000010	0.000010	0.000010	0.072032	0.256860	LD_0.9_10_1853
BRC20093	0.000010	0.000010	0.000010	0.000010	0.000010	0.000010	0.000010	0.000010	0.000010	0.999910	LD_0.9_10_1853
BRC20094	0.657579	0.000010	0.052162	0.000010	0.000010	0.000010	0.000010	0.000010	0.024032	0.266168	LD_0.9_10_1853
BRC20095	0.000010	0.000010	0.000010	0.000010	0.000010	0.000010	0.000010	0.000010	0.000010	0.999910	LD_0.9_10_1853
BRC20096	0.000010	0.000010	0.000010	0.000010	0.000010	0.000010	0.000010	0.000010	0.000010	0.999910	LD_0.9_10_1853
BRC20098	0.000010	0.000010	0.000010	0.000010	0.000010	0.000010	0.000010	0.000010	0.000010	0.999910	LD_0.9_10_1853
BRC20099	0.000010	0.000015	0.000010	0.000010	0.000010	0.000010	0.000010	0.000010	0.000010	0.999905	LD_0.9_10_1853
BRC20100	0.000010	0.000010	0.000010	0.000010	0.000010	0.000010	0.000010	0.000010	0.000010	0.999910	LD_0.9_10_1853
BRC20102	0.000010	0.000010	0.000010	0.000010	0.000010	0.000010	0.000010	0.000010	0.000010	0.999910	LD_0.9_10_1853
BRC20103	0.000010	0.000010	0.000010	0.000010	0.000010	0.000010	0.000010	0.000010	0.000010	0.999910	LD_0.9_10_1853
BRC20105	0.654326	0.000010	0.114970	0.000010	0.000010	0.000010	0.000010	0.000010	0.036199	0.194445	LD_0.9_10_1853
BRC20107	0.633225	0.024176	0.111378	0.000010	0.000010	0.000010	0.000010	0.000010	0.015118	0.216053	LD_0.9_10_1853
BRC20115	0.000010	0.000010	0.000010	0.000010	0.206586	0.000010	0.645675	0.009660	0.000010	0.138019	LD_0.9_10_1853
BRC20119	0.000010	0.000010	0.723377	0.000010	0.000010	0.000010	0.000010	0.000010	0.000010	0.276543	LD_0.9_10_1853
BRC20228	0.000010	0.000010	0.000010	0.000010	0.000010	0.000010	0.000010	0.000010	0.000010	0.999910	LD_0.9_10_1853
BRC20229	0.000014	0.000014	0.000010	0.000010	0.000010	0.000010	0.999902	0.000010	0.000010	0.000010	LD_0.9_10_1853
BRC20230	0.000010	0.000010	0.000010	0.000010	0.999910	0.000010	0.000010	0.000010	0.000010	0.000010	LD_0.9_10_1853
BRC20232	0.000011	0.000010	0.000010	0.000010	0.000010	0.000010	0.999909	0.000010	0.000010	0.000010	LD_0.9_10_1853
BRC20238	0.000010	0.000010	0.000013	0.000012	0.999901	0.000010	0.000012	0.000012	0.000010	0.000010	LD_0.9_10_1853
BRC20239	0.000010	0.000010	0.000010	0.000010	0.000010	0.000010	0.999910	0.000010	0.000010	0.000010	LD_0.9_10_1853
BRC20241	0.000010	0.000010	0.070044	0.000010	0.000010	0.000010	0.000010	0.000010	0.000010	0.929876	LD_0.9_10_1853
BRC20242	0.000010	0.000010	0.000010	0.000010	0.000010	0.000010	0.000010	0.000010	0.000010	0.999910	LD_0.9_10_1853
BRC20244	0.000010	0.000010	0.000010	0.000010	0.999910	0.000010	0.000010	0.000010	0.000010	0.000010	LD_0.9_10_1853
BRC20246	0.000010	0.000010	0.000010	0.000010	0.999910	0.000010	0.000010	0.000010	0.000010	0.000010	LD_0.9_10_1853
BRC20257	0.000010	0.000010	0.999910	0.000010	0.000010	0.000010	0.000010	0.000010	0.000010	0.000010	LD_0.9_10_1853
BRC20260	0.000019	0.000010	0.000010	0.000010	0.000016	0.000010	0.000010	0.000010	0.000010	0.999895	LD_0.9_10_1853
BRC20270	0.000010	0.000014	0.000012	0.000014	0.999897	0.000014	0.000010	0.000010	0.000010	0.000010	LD_0.9_10_1853
BRC20272	0.000010	0.000011	0.000012	0.000014	0.999899	0.000013	0.000010	0.000010	0.000010	0.000010	LD_0.9_10_1853
BRC20289	0.000017	0.000010	0.000010	0.000010	0.999902	0.000010	0.000010	0.000011	0.000010	0.000010	LD_0.9_10_1853
BRC20290	0.000020	0.000013	0.000010	0.000010	0.999898	0.000010	0.000010	0.000010	0.000010	0.000010	LD_0.9_10_1853
BRC20294	0.000010	0.000010	0.001141	0.000010	0.000010	0.000010	0.000010	0.000010	0.000010	0.998779	LD_0.9_10_1853
BRC20308	0.000010	0.000010	0.000010	0.000014	0.999906	0.000010	0.000010	0.000010	0.000010	0.000010	LD_0.9_10_1853
BRC20309	0.000010	0.000010	0.000010	0.000013	0.999907	0.000010	0.000010	0.000010	0.000010	0.000010	LD_0.9_10_1853
BRC20311	0.000010	0.000012	0.000016	0.000014	0.999895	0.000010	0.000010	0.000013	0.000010	0.000010	LD_0.9_10_1853
BRC20312	0.000014	0.000010	0.000010	0.000013	0.999902	0.000010	0.000010	0.000010	0.000010	0.000010	LD_0.9_10_1853
BRC20315	0.000010	0.000010	0.000012	0.000015	0.999892	0.000012	0.000010	0.000019	0.000010	0.000010	LD_0.9_10_1853
BRC20320	0.000010	0.000010	0.000010	0.000010	0.999901	0.000010	0.000010	0.000019	0.000010	0.000010	LD_0.9_10_1853
BRC20324	0.000010	0.000010	0.000010	0.000010	0.000010	0.000010	0.608520	0.000010	0.000010	0.391400	LD_0.9_10_1853
BRC20331	0.000010	0.000010	0.000014	0.000013	0.999895	0.000010	0.000010	0.000018	0.000010	0.000010	LD_0.9_10_1853
BRC20333	0.000010	0.000010	0.000010	0.000010	0.999910	0.000010	0.000010	0.000010	0.000010	0.000010	LD_0.9_10_1853
BRC20334	0.000010	0.000010	0.000011	0.000013	0.999897	0.000010	0.000010	0.000014	0.000014	0.000010	LD_0.9_10_1853
BRC20339	0.000010	0.000010	0.000010	0.000011	0.999902	0.000010	0.000010	0.000017	0.000010	0.000010	LD_0.9_10_1853
BRC20341	0.000010	0.000010	0.000010	0.000010	0.999910	0.000010	0.000010	0.000010	0.000010	0.000010	LD_0.9_10_1853
BRC20343	0.000010	0.000010	0.000010	0.000010	0.000010	0.000010	0.999910	0.000010	0.000010	0.000010	LD_0.9_10_1853
BRC20346	0.000016	0.000010	0.000018	0.000010	0.999894	0.000010	0.000010	0.000011	0.000010	0.000010	LD_0.9_10_1853
BRC20347	0.000011	0.000010	0.000010	0.000010	0.000010	0.000014	0.999899	0.000016	0.000010	0.000010	LD_0.9_10_1853
BRC20348	0.000010	0.000010	0.000017	0.000011	0.999899	0.000013	0.000010	0.000010	0.000010	0.000010	LD_0.9_10_1853
BRC20353	0.999908	0.000010	0.000010	0.000010	0.000012	0.000010	0.000010	0.000010	0.000010	0.000010	LD_0.9_10_1853
BRC20360	0.999909	0.000010	0.000010	0.000010	0.000010	0.000010	0.000010	0.000011	0.000010	0.000010	LD_0.9_10_1853
BRC20361	0.999906	0.000010	0.000010	0.000010	0.000012	0.000012	0.000010	0.000010	0.000010	0.000010	LD_0.9_10_1853
BRC20362	0.999908	0.000010	0.000010	0.000010	0.000012	0.000010	0.000010	0.000010	0.000010	0.000010	LD_0.9_10_1853
BRC20366	0.000010	0.000010	0.000010	0.000014	0.999901	0.000015	0.000010	0.000010	0.000010	0.000010	LD_0.9_10_1853
BRC20367	0.000010	0.000010	0.000010	0.000010	0.999907	0.000010	0.000010	0.000010	0.000013	0.000010	LD_0.9_10_1853
BRC20369	0.000010	0.000010	0.000010	0.000010	0.000010	0.000010	0.000010	0.000010	0.000010	0.999910	LD_0.9_10_1853
BRC20370	0.000010	0.000010	0.000010	0.000014	0.999906	0.000010	0.000010	0.000010	0.000010	0.000010	LD_0.9_10_1853
BRC20388	0.000010	0.000010	0.000010	0.000010	0.000010	0.000010	0.000016	0.999904	0.000010	0.000010	LD_0.9_10_1853
BRC20390	0.000010	0.000010	0.000010	0.000010	0.999910	0.000010	0.000010	0.000010	0.000010	0.000010	LD_0.9_10_1853
BRC20401	0.000010	0.000010	0.000010	0.000010	0.000010	0.000010	0.000010	0.000010	0.000010	0.999910	LD_0.9_10_1853
BRC20463	0.000010	0.000010	0.000010	0.000010	0.999910	0.000010	0.000010	0.000010	0.000010	0.000010	LD_0.9_10_1853
BRC20492	0.000010	0.000010	0.000010	0.000010	0.216811	0.000010	0.641744	0.000010	0.000010	0.141375	LD_0.9_10_1853
BRC20499	0.000012	0.000010	0.000010	0.000010	0.999908	0.000010	0.000010	0.000010	0.000010	0.000010	LD_0.9_10_1853
BRC20501	0.000010	0.000010	0.000010	0.000013	0.999907	0.000010	0.000010	0.000010	0.000010	0.000010	LD_0.9_10_1853
BRC20502	0.000010	0.000012	0.000010	0.000010	0.000010	0.999908	0.000010	0.000010	0.000010	0.000010	LD_0.9_10_1853
BRC20503	0.000010	0.000014	0.000010	0.000010	0.000010	0.999906	0.000010	0.000010	0.000010	0.000010	LD_0.9_10_1853
BRC20519	0.000010	0.000010	0.000010	0.000010	0.205755	0.000010	0.641041	0.008999	0.000010	0.144145	LD_0.9_10_1853
BRC20520	0.000010	0.000010	0.000010	0.000010	0.213815	0.000010	0.641804	0.000097	0.000010	0.144223	LD_0.9_10_1853
BRC20522	0.000010	0.000010	0.000010	0.000010	0.000010	0.000010	0.999910	0.000010	0.000010	0.000010	LD_0.9_10_1853
BRC20524	0.000010	0.000010	0.000010	0.000010	0.000010	0.000010	0.999910	0.000010	0.000010	0.000010	LD_0.9_10_1853
BRC20529	0.000015	0.000010	0.000010	0.000010	0.999905	0.000010	0.000010	0.000010	0.000010	0.000010	LD_0.9_10_1853
BRC20530	0.000010	0.000010	0.000010	0.000010	0.000010	0.000010	0.999910	0.000010	0.000010	0.000010	LD_0.9_10_1853
BRC20531	0.000010	0.000010	0.000010	0.000010	0.000010	0.000010	0.999910	0.000010	0.000010	0.000010	LD_0.9_10_1853
BRC20532	0.000010	0.000010	0.000010	0.000010	0.999910	0.000010	0.000010	0.000010	0.000010	0.000010	LD_0.9_10_1853
BRC20533	0.000010	0.000010	0.000010	0.000016	0.999904	0.000010	0.000010	0.000010	0.000010	0.000010	LD_0.9_10_1853
BRC20534	0.000018	0.000010	0.000018	0.000011	0.999888	0.000010	0.000010	0.000015	0.000010	0.000010	LD_0.9_10_1853
BRC20535	0.000010	0.000010	0.000016	0.000010	0.999890	0.000016	0.000018	0.000010	0.000010	0.000010	LD_0.9_10_1853
BRC20536	0.000010	0.000010	0.000010	0.000015	0.999905	0.000010	0.000010	0.000010	0.000010	0.000010	LD_0.9_10_1853
BRC20537	0.000016	0.000010	0.000010	0.000010	0.999904	0.000010	0.000010	0.000010	0.000010	0.000010	LD_0.9_10_1853
BRC20541	0.000010	0.000010	0.000010	0.000010	0.195940	0.000010	0.634942	0.018156	0.000010	0.150902	LD_0.9_10_1853
BRC20543	0.000010	0.000010	0.000010	0.000012	0.999908	0.000010	0.000010	0.000010	0.000010	0.000010	LD_0.9_10_1853
BRC20544	0.000010	0.000018	0.000010	0.000012	0.999900	0.000010	0.000010	0.000010	0.000010	0.000010	LD_0.9_10_1853
BRC20545	0.000010	0.000010	0.000010	0.000010	0.999903	0.000010	0.000010	0.000017	0.000010	0.000010	LD_0.9_10_1853
BRC20556	0.000010	0.000010	0.000011	0.000010	0.000010	0.000010	0.000010	0.000010	0.000010	0.999909	LD_0.9_10_1853
BRC20557	0.000010	0.000010	0.000010	0.000011	0.999909	0.000010	0.000010	0.000010	0.000010	0.000010	LD_0.9_10_1853
BRC20565	0.000010	0.000010	0.000010	0.000010	0.000010	0.000010	0.000010	0.000010	0.000010	0.999910	LD_0.9_10_1853
BRC20571	0.039082	0.000010	0.035021	0.000010	0.000010	0.000010	0.000010	0.000010	0.000010	0.925826	LD_0.9_10_1853
BRC20574	0.000010	0.000010	0.000010	0.000010	0.000010	0.000010	0.000010	0.000010	0.000010	0.999910	LD_0.9_10_1853
BW287	0.000010	0.000010	0.000010	0.000010	0.000010	0.000010	0.000010	0.999910	0.000010	0.000010	LD_0.9_10_1853
DF5100	0.000010	0.100080	0.000010	0.000010	0.000010	0.000010	0.000010	0.000010	0.000010	0.899840	LD_0.9_10_1853
ECA1129	0.000010	0.000010	0.000010	0.000010	0.000010	0.000010	0.000010	0.000010	0.000010	0.999910	LD_0.9_10_1853
ECA1143	0.000012	0.241352	0.000010	0.000010	0.000010	0.000010	0.000010	0.000010	0.000010	0.758565	LD_0.9_10_1853
ECA1147	0.000010	0.000010	0.000010	0.000010	0.000010	0.000010	0.000010	0.000010	0.000010	0.999910	LD_0.9_10_1853
ECA1149	0.000010	0.000010	0.000010	0.000010	0.043078	0.000010	0.000010	0.000010	0.000010	0.956842	LD_0.9_10_1853
ECA1160	0.000010	0.000010	0.000010	0.000010	0.000010	0.000010	0.000010	0.000010	0.000010	0.999910	LD_0.9_10_1853
ECA1164	0.000010	0.000010	0.000010	0.000010	0.000010	0.000010	0.000010	0.000010	0.000010	0.999910	LD_0.9_10_1853
ECA1170	0.000010	0.000010	0.000010	0.000010	0.999910	0.000010	0.000010	0.000010	0.000010	0.000010	LD_0.9_10_1853
ECA1174	0.000010	0.000010	0.000010	0.000010	0.000010	0.000010	0.000010	0.000010	0.000010	0.999910	LD_0.9_10_1853
ECA1383	0.000010	0.000019	0.000010	0.000010	0.999901	0.000010	0.000010	0.000010	0.000010	0.000010	LD_0.9_10_1853
ECA1411	0.000010	0.000018	0.000010	0.000010	0.000010	0.000010	0.000010	0.000010	0.000010	0.999902	LD_0.9_10_1853
ECA1423	0.000010	0.023774	0.000010	0.000010	0.000010	0.000010	0.000010	0.000010	0.000010	0.976146	LD_0.9_10_1853
ECA1429	0.000010	0.000010	0.000010	0.000010	0.000010	0.000010	0.000010	0.000010	0.000010	0.999910	LD_0.9_10_1853
ECA1431	0.000010	0.000010	0.000010	0.000010	0.000010	0.000010	0.000010	0.000010	0.000010	0.999910	LD_0.9_10_1853
ECA1437	0.000010	0.000010	0.000010	0.000010	0.000010	0.000010	0.000010	0.000010	0.000010	0.999910	LD_0.9_10_1853
ECA1439	0.000014	0.122714	0.000010	0.000010	0.000010	0.000010	0.000010	0.000010	0.000010	0.877202	LD_0.9_10_1853
ECA1443	0.000010	0.000010	0.000010	0.000010	0.942868	0.000010	0.000010	0.000010	0.000010	0.057052	LD_0.9_10_1853
ECA1471	0.000010	0.000010	0.000010	0.000010	0.000010	0.000010	0.000010	0.000010	0.000010	0.999910	LD_0.9_10_1853
ECA1489	0.000010	0.359092	0.000010	0.000010	0.000010	0.000010	0.000010	0.000010	0.015319	0.625519	LD_0.9_10_1853
ECA1507	0.000010	0.000010	0.000010	0.000010	0.000010	0.000010	0.000010	0.000010	0.000010	0.999910	LD_0.9_10_1853
ECA1509	0.000010	0.000010	0.000010	0.000010	0.000010	0.000010	0.000010	0.000010	0.000010	0.999910	LD_0.9_10_1853
ECA1517	0.000010	0.052183	0.000010	0.000010	0.000010	0.000010	0.000010	0.000010	0.000010	0.947737	LD_0.9_10_1853
ECA1521	0.000010	0.000010	0.000010	0.000010	0.000010	0.000010	0.000010	0.000010	0.000010	0.999910	LD_0.9_10_1853
ECA1555	0.000010	0.000010	0.000010	0.000010	0.000010	0.000010	0.000010	0.000010	0.000010	0.999910	LD_0.9_10_1853
ECA1559	0.000010	0.000010	0.000010	0.000010	0.999910	0.000010	0.000010	0.000010	0.000010	0.000010	LD_0.9_10_1853
ECA1563	0.000010	0.000010	0.000010	0.000010	0.000010	0.000010	0.000010	0.000010	0.000010	0.999910	LD_0.9_10_1853
ECA1571	0.000010	0.364762	0.000010	0.000010	0.000010	0.000010	0.000010	0.000010	0.000010	0.635158	LD_0.9_10_1853
ECA1587	0.000010	0.000010	0.000010	0.000010	0.000010	0.000010	0.000010	0.000010	0.000010	0.999910	LD_0.9_10_1853
ECA1605	0.000010	0.113728	0.000010	0.000010	0.881343	0.000010	0.000010	0.000010	0.000010	0.004859	LD_0.9_10_1853
ECA1609	0.000010	0.000010	0.000010	0.000010	0.000010	0.000010	0.000010	0.000010	0.000010	0.999910	LD_0.9_10_1853
ECA161	0.000010	0.000010	0.000010	0.000010	0.000010	0.000010	0.000010	0.000010	0.000010	0.999910	LD_0.9_10_1853
ECA1611	0.000010	0.000010	0.000010	0.000010	0.000010	0.000010	0.000010	0.000010	0.000010	0.999910	LD_0.9_10_1853
ECA1615	0.000010	0.000010	0.000010	0.000010	0.000010	0.000010	0.000010	0.000010	0.000010	0.999910	LD_0.9_10_1853
ECA162	0.000010	0.000010	0.000010	0.000010	0.000010	0.000010	0.000010	0.000010	0.000010	0.999910	LD_0.9_10_1853
ECA1621	0.000010	0.000010	0.000010	0.000010	0.000010	0.000010	0.000010	0.000010	0.000010	0.999910	LD_0.9_10_1853
ECA163	0.000010	0.000010	0.000010	0.000010	0.000010	0.999910	0.000010	0.000010	0.000010	0.000010	LD_0.9_10_1853
ECA1637	0.000010	0.000010	0.000010	0.000010	0.000010	0.000010	0.000010	0.000010	0.000010	0.999910	LD_0.9_10_1853
ECA1657	0.000010	0.000010	0.000017	0.000010	0.000010	0.000010	0.000010	0.000010	0.000010	0.999903	LD_0.9_10_1853
ECA1701	0.015338	0.000010	0.000010	0.000010	0.000010	0.000010	0.000010	0.000010	0.006326	0.978265	LD_0.9_10_1853
ECA175	0.000010	0.000010	0.000010	0.000010	0.000010	0.000010	0.000010	0.000010	0.000010	0.999910	LD_0.9_10_1853
ECA176	0.000010	0.019678	0.000010	0.000010	0.000010	0.000010	0.000010	0.000010	0.000010	0.980242	LD_0.9_10_1853
ECA177	0.000010	0.000010	0.000010	0.000010	0.000010	0.000010	0.000010	0.000010	0.000010	0.999910	LD_0.9_10_1853
ECA180	0.000010	0.000010	0.000010	0.000010	0.000010	0.000010	0.000010	0.000010	0.000010	0.999910	LD_0.9_10_1853
ECA182	0.000010	0.000010	0.000020	0.000010	0.000010	0.000010	0.000010	0.000010	0.000010	0.999900	LD_0.9_10_1853
ECA183	0.000010	0.000010	0.000010	0.000010	0.000010	0.000010	0.000010	0.000010	0.000010	0.999910	LD_0.9_10_1853
ECA185	0.000010	0.035751	0.000010	0.000010	0.000010	0.000010	0.000010	0.000010	0.000010	0.964169	LD_0.9_10_1853
ECA186	0.000011	0.040112	0.000010	0.000010	0.000010	0.000010	0.000010	0.000010	0.000010	0.959807	LD_0.9_10_1853
ECA2083	0.000010	0.000010	0.000010	0.000010	0.000010	0.000010	0.000010	0.000010	0.000010	0.999910	LD_0.9_10_1853
ECA2093	0.000010	0.000010	0.000010	0.000010	0.000010	0.000010	0.000010	0.000010	0.000010	0.999910	LD_0.9_10_1853
ECA2115	0.000010	0.000010	0.000010	0.000010	0.000010	0.000010	0.000010	0.000010	0.000010	0.999910	LD_0.9_10_1853
ECA2299	0.000011	0.000015	0.000012	0.000013	0.999899	0.000010	0.000010	0.000010	0.000011	0.000010	LD_0.9_10_1853
ECA2373	0.002790	0.000010	0.000013	0.000010	0.000010	0.000010	0.000010	0.000010	0.041648	0.955488	LD_0.9_10_1853
ECA2385	0.000010	0.000010	0.000010	0.000010	0.999910	0.000010	0.000010	0.000010	0.000010	0.000010	LD_0.9_10_1853
ECA2425	0.000010	0.000010	0.000010	0.000010	0.000010	0.000010	0.000010	0.000010	0.000010	0.999910	LD_0.9_10_1853
ECA2617	0.000010	0.000010	0.000010	0.999909	0.000010	0.000011	0.000010	0.000010	0.000010	0.000010	LD_0.9_10_1853
ECA2618	0.000010	0.000010	0.000010	0.999899	0.000011	0.000010	0.000010	0.000020	0.000010	0.000010	LD_0.9_10_1853
ECA2621	0.000010	0.000011	0.000010	0.999905	0.000010	0.000010	0.000010	0.000014	0.000010	0.000010	LD_0.9_10_1853
ECA2623	0.000010	0.662253	0.000010	0.000010	0.000010	0.000010	0.000010	0.000013	0.000010	0.337664	LD_0.9_10_1853
ECA2625	0.000010	0.000010	0.000010	0.000010	0.000010	0.000010	0.000010	0.000010	0.000010	0.999910	LD_0.9_10_1853
ECA2626	0.000010	0.000010	0.000010	0.000010	0.000010	0.000010	0.000010	0.000010	0.000010	0.999910	LD_0.9_10_1853
ECA2636	0.000010	0.000010	0.000010	0.000010	0.000010	0.000010	0.000010	0.000010	0.000010	0.999910	LD_0.9_10_1853
ECA2637	0.000019	0.000010	0.000010	0.000010	0.000010	0.000010	0.000010	0.000010	0.000010	0.999901	LD_0.9_10_1853
ECA2639	0.000010	0.000010	0.000010	0.999909	0.000010	0.000010	0.000010	0.000010	0.000010	0.000010	LD_0.9_10_1853
ECA2645	0.000010	0.000010	0.000010	0.000010	0.000010	0.000010	0.000010	0.000010	0.000010	0.999910	LD_0.9_10_1853
ECA2647	0.000010	0.000010	0.000010	0.999910	0.000010	0.000010	0.000010	0.000010	0.000010	0.000010	LD_0.9_10_1853
ECA2663	0.000010	0.000010	0.000010	0.000010	0.000010	0.000010	0.000010	0.000010	0.000010	0.999910	LD_0.9_10_1853
ECA2664	0.000010	0.698236	0.000010	0.000010	0.000010	0.000010	0.000010	0.000010	0.000010	0.301684	LD_0.9_10_1853
ECA2666	0.000010	0.000010	0.000010	0.999910	0.000010	0.000010	0.000010	0.000010	0.000010	0.000010	LD_0.9_10_1853
ECA2667	0.000010	0.000010	0.000010	0.000010	0.000010	0.000010	0.000010	0.000010	0.000010	0.999910	LD_0.9_10_1853
ECA2670	0.000010	0.000010	0.000010	0.999910	0.000010	0.000010	0.000010	0.000010	0.000010	0.000010	LD_0.9_10_1853
ECA276	0.000010	0.000010	0.000010	0.000010	0.000010	0.999910	0.000010	0.000010	0.000010	0.000010	LD_0.9_10_1853
ECA278	0.000010	0.000010	0.000010	0.000010	0.000010	0.000010	0.000010	0.999910	0.000010	0.000010	LD_0.9_10_1853
ECA2808	0.000010	0.028804	0.000010	0.000010	0.000010	0.000010	0.000010	0.000010	0.000010	0.971116	LD_0.9_10_1853
ECA287	0.000010	0.000010	0.000010	0.000010	0.989069	0.000013	0.000010	0.000011	0.000010	0.010847	LD_0.9_10_1853
ECA288	0.000010	0.427369	0.000010	0.000010	0.103148	0.000010	0.000010	0.000010	0.000010	0.469414	LD_0.9_10_1853
ECA2883	0.000010	0.000010	0.000010	0.000010	0.000010	0.000010	0.000010	0.000010	0.000010	0.999910	LD_0.9_10_1853
ECA2890	0.000010	0.000010	0.000010	0.000010	0.000010	0.000010	0.000010	0.000010	0.000010	0.999910	LD_0.9_10_1853
ECA2894	0.000010	0.070586	0.000010	0.000010	0.000010	0.000010	0.000010	0.000010	0.000010	0.929334	LD_0.9_10_1853
ECA2936	0.000010	0.000010	0.000010	0.000010	0.999909	0.000010	0.000010	0.000011	0.000010	0.000010	LD_0.9_10_1853
ECA2975	0.000010	0.000010	0.000010	0.000010	0.000010	0.000010	0.000010	0.000010	0.000010	0.999910	LD_0.9_10_1853
ECA3091	0.000019	0.000010	0.000010	0.000010	0.000010	0.000010	0.000010	0.000010	0.000010	0.999901	LD_0.9_10_1853
ECA343	0.000010	0.000010	0.000010	0.000010	0.000010	0.000010	0.000010	0.000010	0.000010	0.999910	LD_0.9_10_1853
ECA346	0.000010	0.038053	0.000011	0.000010	0.000010	0.000010	0.000010	0.000010	0.000010	0.961866	LD_0.9_10_1853
ECA3502	0.000010	0.000010	0.000010	0.000010	0.999910	0.000010	0.000010	0.000010	0.000010	0.000010	LD_0.9_10_1853
ECA3503	0.000010	0.000010	0.000010	0.000010	0.000010	0.000010	0.000010	0.000010	0.000010	0.999910	LD_0.9_10_1853
ECA3509	0.000010	0.000010	0.000010	0.000010	0.000010	0.000010	0.000010	0.000010	0.000010	0.999910	LD_0.9_10_1853
ECA3708	0.000010	0.000010	0.000010	0.000010	0.000010	0.000010	0.000010	0.000010	0.000010	0.999910	LD_0.9_10_1853
ECA371	0.000010	0.020636	0.000010	0.000010	0.000010	0.000010	0.000010	0.000010	0.000010	0.979284	LD_0.9_10_1853
ECA3712	0.000010	0.000010	0.000010	0.000010	0.000010	0.000010	0.000010	0.000010	0.000010	0.999910	LD_0.9_10_1853
ECA3713	0.000010	0.000010	0.000010	0.000010	0.000010	0.000010	0.000010	0.000010	0.000010	0.999910	LD_0.9_10_1853
ECA3899	0.000010	0.000010	0.000010	0.000010	0.000010	0.000010	0.000010	0.000010	0.000010	0.999910	LD_0.9_10_1853
ECA4382	0.000010	0.000010	0.000010	0.000010	0.000010	0.000010	0.000010	0.000010	0.000010	0.999910	LD_0.9_10_1853
ECA4390	0.000010	0.752809	0.000010	0.000010	0.000010	0.000010	0.000010	0.000010	0.000010	0.247111	LD_0.9_10_1853
ECA4394	0.000010	0.000010	0.000010	0.000010	0.000010	0.000010	0.000010	0.000010	0.000010	0.999910	LD_0.9_10_1853
ECA4402	0.000010	0.000010	0.000010	0.000010	0.000010	0.000010	0.000010	0.000010	0.000010	0.999910	LD_0.9_10_1853
ECA569	0.000010	0.000010	0.000010	0.000010	0.000010	0.000010	0.000010	0.999910	0.000010	0.000010	LD_0.9_10_1853
ED3032	0.000010	0.000010	0.000010	0.000010	0.000010	0.000010	0.000010	0.000010	0.000010	0.999910	LD_0.9_10_1853
ED3037	0.000010	0.000010	0.000010	0.000010	0.000010	0.000010	0.000010	0.000010	0.000010	0.999910	LD_0.9_10_1853
ED3088	0.000010	0.000010	0.000010	0.000010	0.000010	0.000010	0.000010	0.000010	0.000010	0.999910	LD_0.9_10_1853
ED3102	0.000010	0.000010	0.000010	0.000010	0.000010	0.999910	0.000010	0.000010	0.000010	0.000010	LD_0.9_10_1853
EG4360	0.000010	0.000010	0.000010	0.000010	0.000010	0.000010	0.000010	0.999910	0.000010	0.000010	LD_0.9_10_1853
EG5612	0.999910	0.000010	0.000010	0.000010	0.000010	0.000010	0.000010	0.000010	0.000010	0.000010	LD_0.9_10_1853
EG5613	0.147823	0.076452	0.035135	0.000010	0.000017	0.000010	0.000010	0.000010	0.000010	0.740524	LD_0.9_10_1853
EG6179	0.164554	0.062540	0.000010	0.000010	0.000010	0.000010	0.000010	0.000010	0.000010	0.772836	LD_0.9_10_1853
EG6260	0.000010	0.754722	0.000010	0.000010	0.000010	0.000010	0.000010	0.000010	0.000010	0.245198	LD_0.9_10_1853
EG6261	0.000010	0.238070	0.000010	0.000010	0.000010	0.000010	0.000010	0.000010	0.000010	0.761850	LD_0.9_10_1853
EG6265	0.000010	0.001334	0.000010	0.000010	0.983105	0.000010	0.000010	0.000010	0.015491	0.000010	LD_0.9_10_1853
EG6267	0.000010	0.210668	0.000010	0.000010	0.000010	0.000010	0.000010	0.000010	0.000380	0.788883	LD_0.9_10_1853
EG6271	0.000010	0.805822	0.000010	0.000010	0.000010	0.000010	0.000010	0.000010	0.000010	0.194098	LD_0.9_10_1853
EG6272	0.000010	0.466692	0.000010	0.000010	0.000010	0.000010	0.000010	0.000010	0.000010	0.533228	LD_0.9_10_1853
EG6274	0.000010	0.022293	0.000010	0.000010	0.000010	0.000010	0.000010	0.000010	0.000010	0.977627	LD_0.9_10_1853
EG6275	0.000010	0.017870	0.000010	0.000010	0.000010	0.000010	0.000010	0.000010	0.000010	0.982050	LD_0.9_10_1853
EG6276	0.000010	0.017545	0.000010	0.000010	0.000010	0.000010	0.000010	0.000010	0.000010	0.982375	LD_0.9_10_1853
EG6329	0.000010	0.880504	0.000010	0.000010	0.000010	0.000010	0.000010	0.000010	0.000010	0.119416	LD_0.9_10_1853
GUN124	0.000010	0.000010	0.000010	0.000010	0.000010	0.000010	0.000010	0.999910	0.000010	0.000010	LD_0.9_10_1853
GXW22	0.000010	0.000010	0.000010	0.000010	0.000010	0.000010	0.000010	0.000010	0.000010	0.999910	LD_0.9_10_1853
GXW23	0.809614	0.000010	0.000010	0.000010	0.000010	0.000010	0.000010	0.000010	0.000010	0.190306	LD_0.9_10_1853
HK104	0.000010	0.000010	0.000010	0.000010	0.000010	0.000010	0.000010	0.999910	0.000010	0.000010	LD_0.9_10_1853
HPT11	0.000010	0.000010	0.000010	0.000010	0.000010	0.999910	0.000010	0.000010	0.000010	0.000010	LD_0.9_10_1853
HPT16	0.333634	0.116457	0.000010	0.000010	0.000010	0.000010	0.000010	0.000010	0.000010	0.549839	LD_0.9_10_1853
HPT18	0.000010	0.000010	0.000010	0.000010	0.000010	0.999910	0.000010	0.000010	0.000010	0.000010	LD_0.9_10_1853
HPT19	0.343713	0.080130	0.000010	0.000010	0.000010	0.000010	0.000010	0.000010	0.000010	0.576086	LD_0.9_10_1853
HPT2	0.403816	0.105146	0.000010	0.000010	0.000010	0.000010	0.000010	0.000010	0.000010	0.490968	LD_0.9_10_1853
HPT21	0.000010	0.000010	0.000010	0.000010	0.000010	0.000010	0.000010	0.000010	0.000010	0.999910	LD_0.9_10_1853
HPT24	0.000010	0.000010	0.000010	0.000010	0.000010	0.999910	0.000010	0.000010	0.000010	0.000010	LD_0.9_10_1853
HPT34	0.363070	0.111713	0.000010	0.000010	0.000010	0.000010	0.000010	0.000010	0.000010	0.525147	LD_0.9_10_1853
HPT37	0.317425	0.054370	0.000010	0.000010	0.000010	0.000010	0.000010	0.000010	0.037211	0.590934	LD_0.9_10_1853
HPT4	0.366390	0.119743	0.000010	0.000010	0.000012	0.000010	0.000017	0.000010	0.000010	0.513788	LD_0.9_10_1853
HPT42	0.314989	0.091279	0.000010	0.000010	0.000010	0.000010	0.000010	0.000010	0.000010	0.593662	LD_0.9_10_1853
HPT52	0.000010	0.000010	0.434595	0.000010	0.000010	0.000010	0.000010	0.000010	0.000010	0.565325	LD_0.9_10_1853
HPT53	0.000010	0.000010	0.000010	0.000010	0.000010	0.000010	0.000010	0.000010	0.000010	0.999910	LD_0.9_10_1853
HPT54	0.000010	0.000010	0.000010	0.000010	0.000010	0.000010	0.000010	0.000010	0.000010	0.999910	LD_0.9_10_1853
HPT55	0.000010	0.000010	0.000010	0.000010	0.000010	0.000010	0.000010	0.000010	0.000010	0.999910	LD_0.9_10_1853
HPT59	0.000010	0.000010	0.000015	0.000010	0.000010	0.000010	0.000010	0.000010	0.000010	0.999905	LD_0.9_10_1853
HPT60	0.000010	0.000013	0.000011	0.000011	0.000012	0.000010	0.000010	0.000010	0.000010	0.999903	LD_0.9_10_1853
HPT62	0.000010	0.000010	0.999910	0.000010	0.000010	0.000010	0.000010	0.000010	0.000010	0.000010	LD_0.9_10_1853
HPT63	0.024930	0.000010	0.000010	0.000010	0.000010	0.000010	0.000010	0.000010	0.000010	0.974990	LD_0.9_10_1853
HPT7	0.358987	0.147495	0.000010	0.000010	0.000012	0.000010	0.000017	0.000010	0.000010	0.493439	LD_0.9_10_1853
HPT8	0.363248	0.110425	0.000010	0.000010	0.000010	0.000010	0.000010	0.000010	0.000010	0.526257	LD_0.9_10_1853
HPT9	0.886966	0.000010	0.000010	0.000010	0.000010	0.000010	0.000010	0.000010	0.000010	0.112954	LD_0.9_10_1853
JU1085	0.000010	0.000010	0.000010	0.000010	0.000010	0.000012	0.000010	0.999908	0.000010	0.000010	LD_0.9_10_1853
JU1337	0.166127	0.025710	0.037323	0.000010	0.000010	0.000010	0.000010	0.000010	0.000010	0.770779	LD_0.9_10_1853
JU1338	0.999910	0.000010	0.000010	0.000010	0.000010	0.000010	0.000010	0.000010	0.000010	0.000010	LD_0.9_10_1853
JU1341	0.000010	0.000010	0.000010	0.999910	0.000010	0.000010	0.000010	0.000010	0.000010	0.000010	LD_0.9_10_1853
JU1346	0.999908	0.000010	0.000012	0.000010	0.000010	0.000010	0.000010	0.000010	0.000010	0.000010	LD_0.9_10_1853
JU1347	0.179083	0.000015	0.000010	0.000010	0.000010	0.000010	0.000010	0.000010	0.000010	0.820832	LD_0.9_10_1853
JU1348	0.000010	0.000010	0.000010	0.999910	0.000010	0.000010	0.000010	0.000010	0.000010	0.000010	LD_0.9_10_1853
JU1375	0.000010	0.000010	0.000010	0.000010	0.000010	0.000010	0.000010	0.000010	0.000010	0.999910	LD_0.9_10_1853
JU1377	0.000010	0.000010	0.000010	0.000010	0.000010	0.000010	0.000010	0.000010	0.000010	0.999910	LD_0.9_10_1853
JU1378	0.000010	0.016180	0.000010	0.000010	0.000010	0.000010	0.000010	0.000010	0.000010	0.983740	LD_0.9_10_1853
JU1392	0.000010	0.011419	0.000010	0.000010	0.000010	0.000010	0.000010	0.000010	0.000010	0.988501	LD_0.9_10_1853
JU1399	0.000010	0.610368	0.000010	0.000010	0.000010	0.000010	0.000010	0.000010	0.094441	0.295121	LD_0.9_10_1853
JU1424	0.999897	0.000010	0.000019	0.000014	0.000010	0.000010	0.000010	0.000010	0.000010	0.000010	LD_0.9_10_1853
JU1435	0.000010	0.000010	0.000010	0.000010	0.000010	0.000010	0.000010	0.000010	0.000010	0.999910	LD_0.9_10_1853
JU1564	0.000010	0.000010	0.000010	0.000010	0.000010	0.000010	0.000010	0.999910	0.000010	0.000010	LD_0.9_10_1853
JU1637	0.000010	0.122334	0.000010	0.000014	0.000010	0.000010	0.000010	0.000010	0.000010	0.877582	LD_0.9_10_1853
JU1638	0.000010	0.157013	0.000010	0.000010	0.000010	0.000010	0.000010	0.000013	0.000010	0.842904	LD_0.9_10_1853
JU1794	0.257818	0.000010	0.000660	0.000010	0.000010	0.000010	0.000010	0.000010	0.000010	0.741452	LD_0.9_10_1853
JU1795	0.000010	0.062834	0.000010	0.000010	0.000010	0.000010	0.000010	0.000010	0.000010	0.937086	LD_0.9_10_1853
JU1799	0.000010	0.000010	0.000016	0.000016	0.000010	0.000010	0.000010	0.000010	0.000010	0.999898	LD_0.9_10_1853
JU1802	0.000010	0.000063	0.004387	0.000010	0.000010	0.000010	0.000010	0.000010	0.000010	0.995481	LD_0.9_10_1853
JU1814	0.000010	0.724723	0.000010	0.000010	0.000010	0.000013	0.000010	0.000010	0.000010	0.275194	LD_0.9_10_1853
JU1884	0.000010	0.026179	0.000010	0.000010	0.000010	0.000010	0.000010	0.000010	0.000010	0.973741	LD_0.9_10_1853
JU1885	0.221383	0.000010	0.056339	0.000010	0.000010	0.000010	0.000010	0.000010	0.000010	0.722208	LD_0.9_10_1853
JU1907	0.000010	0.031708	0.000010	0.000010	0.000010	0.000010	0.000010	0.000010	0.000010	0.968212	LD_0.9_10_1853
JU1908	0.000010	0.045258	0.000010	0.000010	0.000010	0.000010	0.000010	0.000010	0.000010	0.954662	LD_0.9_10_1853
JU1909	0.000010	0.000010	0.000010	0.000010	0.000010	0.000010	0.000010	0.000010	0.000010	0.999910	LD_0.9_10_1853
JU1913	0.000010	0.000010	0.416246	0.000010	0.000010	0.000010	0.000010	0.000010	0.000010	0.583674	LD_0.9_10_1853
JU2053	0.000010	0.076435	0.000010	0.000010	0.000010	0.000010	0.000010	0.000011	0.000010	0.923484	LD_0.9_10_1853
JU2054	0.000010	0.000010	0.000010	0.000010	0.000010	0.000010	0.000010	0.000010	0.000010	0.999910	LD_0.9_10_1853
JU2056	0.000010	0.000010	0.000010	0.000010	0.000010	0.000010	0.000010	0.000010	0.000010	0.999910	LD_0.9_10_1853
JU2057	0.000010	0.000010	0.999910	0.000010	0.000010	0.000010	0.000010	0.000010	0.000010	0.000010	LD_0.9_10_1853
JU2160	0.000017	0.000010	0.999888	0.000010	0.000010	0.000017	0.000018	0.000010	0.000010	0.000010	LD_0.9_10_1853
JU2162	0.000010	0.000010	0.999910	0.000010	0.000010	0.000010	0.000010	0.000010	0.000010	0.000010	LD_0.9_10_1853
JU2214	0.000010	0.262284	0.000010	0.000010	0.000010	0.000010	0.000010	0.000010	0.180961	0.556684	LD_0.9_10_1853
JU2216	0.000010	0.000010	0.000014	0.000011	0.999900	0.000010	0.000010	0.000014	0.000010	0.000010	LD_0.9_10_1853
JU2457	0.000010	0.233731	0.000010	0.000010	0.000010	0.000010	0.000010	0.495946	0.000010	0.270253	LD_0.9_10_1853
JU2470	0.000010	0.000020	0.999900	0.000010	0.000010	0.000010	0.000010	0.000010	0.000010	0.000010	LD_0.9_10_1853
JU2472	0.000010	0.110571	0.000010	0.000010	0.000010	0.000010	0.000010	0.000010	0.000010	0.889349	LD_0.9_10_1853
JU2507	0.000010	0.000010	0.999910	0.000010	0.000010	0.000010	0.000010	0.000010	0.000010	0.000010	LD_0.9_10_1853
JU2518	0.000010	0.999910	0.000010	0.000010	0.000010	0.000010	0.000010	0.000010	0.000010	0.000010	LD_0.9_10_1853
JU2536	0.000010	0.000010	0.000010	0.000019	0.000010	0.000010	0.000011	0.999900	0.000010	0.000010	LD_0.9_10_1853
JU2618	0.000010	0.554680	0.000010	0.000010	0.000010	0.000010	0.000010	0.000010	0.445240	0.000010	LD_0.9_10_1853
JU2799	0.000010	0.061676	0.000010	0.000010	0.000010	0.000010	0.000010	0.000010	0.000010	0.938244	LD_0.9_10_1853
JU2836	0.000010	0.061933	0.000010	0.000010	0.000010	0.000011	0.000010	0.000010	0.298370	0.639627	LD_0.9_10_1853
JU2849	0.999910	0.000010	0.000010	0.000010	0.000010	0.000010	0.000010	0.000010	0.000010	0.000010	LD_0.9_10_1853
JU2861	0.000010	0.000010	0.000010	0.000010	0.000010	0.000010	0.000010	0.000010	0.000010	0.999910	LD_0.9_10_1853
JU2868	0.000010	0.000010	0.000010	0.000010	0.000010	0.000010	0.000010	0.000010	0.000010	0.999910	LD_0.9_10_1853
JU2872	0.000013	0.000010	0.000010	0.000010	0.000010	0.000010	0.000015	0.999901	0.000010	0.000010	LD_0.9_10_1853
JU2910	0.161598	0.091524	0.056642	0.000010	0.000010	0.000010	0.000010	0.000018	0.000010	0.690168	LD_0.9_10_1853
JU3168	0.000010	0.000010	0.000010	0.000010	0.000010	0.999910	0.000010	0.000010	0.000010	0.000010	LD_0.9_10_1853
JU3171	0.000010	0.000010	0.000010	0.000010	0.000010	0.000010	0.000010	0.000010	0.000010	0.999910	LD_0.9_10_1853
JU3199	0.000010	0.000010	0.000010	0.999910	0.000010	0.000010	0.000010	0.000010	0.000010	0.000010	LD_0.9_10_1853
JU3200	0.000010	0.000010	0.000010	0.999910	0.000010	0.000010	0.000010	0.000010	0.000010	0.000010	LD_0.9_10_1853
JU3201	0.000010	0.000010	0.000010	0.999910	0.000010	0.000010	0.000010	0.000010	0.000010	0.000010	LD_0.9_10_1853
JU3202	0.000010	0.000010	0.000010	0.999910	0.000010	0.000010	0.000010	0.000010	0.000010	0.000010	LD_0.9_10_1853
JU3203	0.000010	0.000010	0.000010	0.999910	0.000010	0.000010	0.000010	0.000010	0.000010	0.000010	LD_0.9_10_1853
JU3206	0.000010	0.000010	0.000010	0.999910	0.000010	0.000010	0.000010	0.000010	0.000010	0.000010	LD_0.9_10_1853
JU3207	0.000010	0.000010	0.000010	0.000010	0.000010	0.000010	0.000010	0.000010	0.000010	0.999910	LD_0.9_10_1853
JU3237	0.000010	0.000010	0.999910	0.000010	0.000010	0.000010	0.000010	0.000010	0.000010	0.000010	LD_0.9_10_1853
JU3281	0.000010	0.000010	0.000010	0.000010	0.000010	0.000010	0.000010	0.000010	0.000010	0.999910	LD_0.9_10_1853
JU3319	0.831696	0.000010	0.000012	0.000010	0.000010	0.000010	0.000010	0.000010	0.000010	0.168222	LD_0.9_10_1853
JU3321	0.000010	0.000010	0.000010	0.000010	0.000010	0.000010	0.000010	0.000010	0.000010	0.999910	LD_0.9_10_1853
JU3326	0.000010	0.000010	0.000010	0.000010	0.000010	0.902782	0.000010	0.097138	0.000010	0.000010	LD_0.9_10_1853
JU3327	0.084410	0.000010	0.000010	0.000010	0.000011	0.000010	0.000011	0.000010	0.000010	0.915507	LD_0.9_10_1853
JU3416	0.000010	0.000010	0.000010	0.000010	0.029482	0.000010	0.000010	0.902615	0.000010	0.067833	LD_0.9_10_1853
JU4042	0.000018	0.000010	0.000010	0.000010	0.000010	0.000010	0.000010	0.000010	0.000010	0.999902	LD_0.9_10_1853
JU4051	0.999910	0.000010	0.000010	0.000010	0.000010	0.000010	0.000010	0.000010	0.000010	0.000010	LD_0.9_10_1853
JU4058	0.999902	0.000010	0.000010	0.000010	0.000010	0.000010	0.000010	0.000018	0.000010	0.000010	LD_0.9_10_1853
JU4060	0.999910	0.000010	0.000010	0.000010	0.000010	0.000010	0.000010	0.000010	0.000010	0.000010	LD_0.9_10_1853
JU4062	0.999904	0.000016	0.000010	0.000010	0.000010	0.000010	0.000010	0.000010	0.000010	0.000010	LD_0.9_10_1853
JU4064	0.999910	0.000010	0.000010	0.000010	0.000010	0.000010	0.000010	0.000010	0.000010	0.000010	LD_0.9_10_1853
JU4080	0.000010	0.000010	0.000010	0.000010	0.000010	0.000010	0.000010	0.000010	0.000010	0.999910	LD_0.9_10_1853
JU4084	0.999909	0.000010	0.000010	0.000010	0.000011	0.000010	0.000010	0.000010	0.000010	0.000010	LD_0.9_10_1853
JU4097	0.999906	0.000010	0.000010	0.000010	0.000014	0.000010	0.000010	0.000010	0.000010	0.000010	LD_0.9_10_1853
JU725	0.769278	0.000010	0.000010	0.000010	0.000010	0.000010	0.000010	0.000010	0.000010	0.230642	LD_0.9_10_1853
MY2716	0.000010	0.000010	0.000010	0.000010	0.000010	0.000010	0.000010	0.000010	0.000010	0.999910	LD_0.9_10_1853
MY539	0.000010	0.000010	0.000010	0.000010	0.000010	0.000010	0.000010	0.000010	0.000010	0.999910	LD_0.9_10_1853
NIC1050	0.000010	0.659632	0.000010	0.000010	0.000010	0.000010	0.000010	0.000010	0.340288	0.000010	LD_0.9_10_1853
NIC1052	0.000010	0.584422	0.000010	0.000010	0.000010	0.000010	0.000010	0.000010	0.415498	0.000010	LD_0.9_10_1853
NIC1054	0.000010	0.792829	0.000010	0.000010	0.000010	0.000010	0.000010	0.000010	0.207091	0.000010	LD_0.9_10_1853
NIC1055	0.000010	0.647415	0.000010	0.000010	0.000010	0.000010	0.000010	0.000010	0.352505	0.000010	LD_0.9_10_1853
NIC1057	0.000010	0.646092	0.000010	0.000010	0.000011	0.000010	0.000010	0.000010	0.353826	0.000010	LD_0.9_10_1853
NIC1058	0.000010	0.655490	0.000010	0.000010	0.000010	0.000010	0.000010	0.000010	0.344430	0.000010	LD_0.9_10_1853
NIC1059	0.000010	0.728899	0.000010	0.000010	0.000010	0.000010	0.000010	0.000010	0.271021	0.000010	LD_0.9_10_1853
NIC1060	0.000010	0.819072	0.000010	0.000010	0.000010	0.000010	0.000010	0.000010	0.180848	0.000010	LD_0.9_10_1853
NIC1062	0.000010	0.535334	0.000010	0.000010	0.000015	0.000010	0.000010	0.000010	0.148859	0.315732	LD_0.9_10_1853
NIC1069	0.000010	0.482070	0.000010	0.000015	0.000012	0.000010	0.000010	0.000010	0.000010	0.517842	LD_0.9_10_1853
NIC1103	0.000010	0.610703	0.000010	0.000010	0.000014	0.000010	0.000010	0.000010	0.347236	0.041986	LD_0.9_10_1853
NIC1104	0.000010	0.195767	0.000010	0.000010	0.000010	0.000010	0.000010	0.000010	0.054454	0.749709	LD_0.9_10_1853
NIC1106	0.000010	0.459405	0.000010	0.000010	0.000017	0.000010	0.000010	0.000010	0.191860	0.348658	LD_0.9_10_1853
NIC1117	0.000010	0.000010	0.000010	0.000010	0.000010	0.000010	0.000010	0.000010	0.000010	0.999910	LD_0.9_10_1853
NIC1123	0.999910	0.000010	0.000010	0.000010	0.000010	0.000010	0.000010	0.000010	0.000010	0.000010	LD_0.9_10_1853
NIC1124	0.000010	0.999909	0.000010	0.000010	0.000010	0.000010	0.000010	0.000011	0.000010	0.000010	LD_0.9_10_1853
NIC1135	0.000010	0.961531	0.000010	0.000010	0.000010	0.000010	0.000010	0.000010	0.038389	0.000010	LD_0.9_10_1853
NIC1138	0.000010	0.999907	0.000010	0.000010	0.000010	0.000010	0.000010	0.000013	0.000010	0.000010	LD_0.9_10_1853
NIC1141	0.000010	0.999910	0.000010	0.000010	0.000010	0.000010	0.000010	0.000010	0.000010	0.000010	LD_0.9_10_1853
NIC115	0.000010	0.798805	0.000010	0.000010	0.000010	0.000010	0.000010	0.000010	0.000010	0.201115	LD_0.9_10_1853
NIC117	0.000010	0.784353	0.000010	0.000010	0.000010	0.000010	0.000010	0.000010	0.000010	0.215567	LD_0.9_10_1853
NIC1183	0.000010	0.999910	0.000010	0.000010	0.000010	0.000010	0.000010	0.000010	0.000010	0.000010	LD_0.9_10_1853
NIC119	0.000010	0.825402	0.000011	0.000010	0.000010	0.000010	0.000010	0.000010	0.000010	0.174517	LD_0.9_10_1853
NIC1190	0.000010	0.999909	0.000010	0.000010	0.000011	0.000010	0.000010	0.000010	0.000010	0.000010	LD_0.9_10_1853
NIC1202	0.152313	0.000010	0.000010	0.000010	0.000010	0.000010	0.000010	0.000010	0.000010	0.847607	LD_0.9_10_1853
NIC1204	0.196812	0.000010	0.000010	0.000010	0.000010	0.000010	0.000010	0.000010	0.000010	0.803108	LD_0.9_10_1853
NIC1205	0.000010	0.000010	0.000017	0.000010	0.999903	0.000010	0.000010	0.000010	0.000010	0.000010	LD_0.9_10_1853
NIC1218	0.000010	0.000010	0.000010	0.000010	0.000010	0.000010	0.000010	0.000010	0.000010	0.999910	LD_0.9_10_1853
NIC1220	0.000010	0.000010	0.000010	0.000010	0.999909	0.000010	0.000011	0.000010	0.000010	0.000010	LD_0.9_10_1853
NIC1221	0.228655	0.000010	0.000010	0.000010	0.000010	0.000010	0.000010	0.000010	0.000010	0.771265	LD_0.9_10_1853
NIC123	0.000010	0.804256	0.000010	0.000011	0.000010	0.000010	0.000010	0.000010	0.000010	0.195663	LD_0.9_10_1853
NIC1267	0.000010	0.787656	0.000010	0.000010	0.000015	0.000010	0.000010	0.000010	0.000010	0.212259	LD_0.9_10_1853
NIC1283	0.000010	0.999910	0.000010	0.000010	0.000010	0.000010	0.000010	0.000010	0.000010	0.000010	LD_0.9_10_1853
NIC1288	0.101572	0.682581	0.000010	0.000010	0.000010	0.000010	0.000010	0.000010	0.215777	0.000010	LD_0.9_10_1853
NIC1292	0.000010	0.999910	0.000010	0.000010	0.000010	0.000010	0.000010	0.000010	0.000010	0.000010	LD_0.9_10_1853
NIC1302	0.000010	0.999910	0.000010	0.000010	0.000010	0.000010	0.000010	0.000010	0.000010	0.000010	LD_0.9_10_1853
NIC1304	0.000010	0.999910	0.000010	0.000010	0.000010	0.000010	0.000010	0.000010	0.000010	0.000010	LD_0.9_10_1853
NIC1308	0.573006	0.316765	0.000010	0.000010	0.000010	0.000010	0.000010	0.000010	0.000010	0.110159	LD_0.9_10_1853
NIC1407	0.000010	0.928643	0.000010	0.000010	0.000010	0.000010	0.000010	0.000010	0.071277	0.000010	LD_0.9_10_1853
NIC1421	0.000010	0.805512	0.000010	0.000010	0.000010	0.000014	0.000010	0.000010	0.145859	0.048555	LD_0.9_10_1853
NIC1423	0.000010	0.760396	0.000010	0.000010	0.000010	0.000010	0.000010	0.000010	0.239524	0.000010	LD_0.9_10_1853
NIC1442	0.000010	0.999910	0.000010	0.000010	0.000010	0.000010	0.000010	0.000010	0.000010	0.000010	LD_0.9_10_1853
NIC1491	0.000010	0.999910	0.000010	0.000010	0.000010	0.000010	0.000010	0.000010	0.000010	0.000010	LD_0.9_10_1853
NIC1525	0.004507	0.053682	0.000010	0.000010	0.000010	0.000010	0.000010	0.000010	0.000010	0.941741	LD_0.9_10_1853
NIC1528	0.000011	0.085347	0.000010	0.000010	0.000010	0.000010	0.000010	0.000010	0.000010	0.914573	LD_0.9_10_1853
NIC1529	0.000010	0.028047	0.000014	0.000010	0.000010	0.000010	0.000010	0.000010	0.000010	0.971869	LD_0.9_10_1853
NIC1533	0.000010	0.057769	0.000010	0.000010	0.000010	0.000010	0.000010	0.000010	0.000010	0.942151	LD_0.9_10_1853
NIC1535	0.000010	0.020493	0.000010	0.000010	0.000010	0.000010	0.000010	0.000010	0.000010	0.979427	LD_0.9_10_1853
NIC1539	0.000017	0.000010	0.000010	0.000010	0.999902	0.000010	0.000010	0.000011	0.000010	0.000010	LD_0.9_10_1853
NIC1540	0.000010	0.000010	0.000010	0.000010	0.000010	0.000010	0.999910	0.000010	0.000010	0.000010	LD_0.9_10_1853
NIC1562	0.000012	0.000010	0.000010	0.000012	0.999906	0.000010	0.000010	0.000010	0.000010	0.000010	LD_0.9_10_1853
NIC1589	0.000010	0.000010	0.000010	0.000010	0.000010	0.000014	0.999906	0.000010	0.000010	0.000010	LD_0.9_10_1853
NIC1590	0.000010	0.000010	0.000018	0.000011	0.999897	0.000010	0.000014	0.000010	0.000010	0.000010	LD_0.9_10_1853
NIC1591	0.000010	0.000010	0.000010	0.000010	0.000010	0.000010	0.999910	0.000010	0.000010	0.000010	LD_0.9_10_1853
NIC1593	0.000010	0.000010	0.000010	0.000010	0.000010	0.000012	0.999908	0.000010	0.000010	0.000010	LD_0.9_10_1853
NIC1595	0.000010	0.000010	0.000010	0.000010	0.999910	0.000010	0.000010	0.000010	0.000010	0.000010	LD_0.9_10_1853
NIC1598	0.000010	0.000010	0.000010	0.000012	0.988002	0.000010	0.000010	0.000010	0.000010	0.011916	LD_0.9_10_1853
NIC1602	0.000010	0.000018	0.000010	0.000015	0.999890	0.000010	0.000010	0.000017	0.000010	0.000010	LD_0.9_10_1853
NIC1607	0.000010	0.000010	0.000010	0.000010	0.211652	0.000010	0.642592	0.008759	0.000010	0.136937	LD_0.9_10_1853
NIC1628	0.000010	0.000010	0.000010	0.000010	0.000010	0.000010	0.000010	0.000010	0.000010	0.999910	LD_0.9_10_1853
NIC1630	0.000010	0.000010	0.000010	0.000013	0.999901	0.000010	0.000016	0.000010	0.000010	0.000010	LD_0.9_10_1853
NIC1631	0.000010	0.000010	0.000010	0.000010	0.999908	0.000010	0.000010	0.000012	0.000010	0.000010	LD_0.9_10_1853
NIC1632	0.000010	0.000010	0.000010	0.000010	0.000010	0.000010	0.000010	0.999910	0.000010	0.000010	LD_0.9_10_1853
NIC1633	0.000010	0.000010	0.000010	0.000010	0.000013	0.000010	0.000010	0.999907	0.000010	0.000010	LD_0.9_10_1853
NIC1635	0.000010	0.000014	0.000010	0.000010	0.000010	0.000010	0.000010	0.999906	0.000010	0.000010	LD_0.9_10_1853
NIC1645	0.000010	0.000010	0.000010	0.000010	0.999910	0.000010	0.000010	0.000010	0.000010	0.000010	LD_0.9_10_1853
NIC1660	0.000012	0.000010	0.000012	0.000010	0.999907	0.000010	0.000010	0.000010	0.000010	0.000010	LD_0.9_10_1853
NIC1661	0.000010	0.000010	0.000017	0.000010	0.999903	0.000010	0.000010	0.000010	0.000010	0.000010	LD_0.9_10_1853
NIC1662	0.000010	0.000010	0.000010	0.000010	0.999910	0.000010	0.000010	0.000010	0.000010	0.000010	LD_0.9_10_1853
NIC1663	0.000010	0.000010	0.000011	0.000010	0.999909	0.000010	0.000010	0.000010	0.000010	0.000010	LD_0.9_10_1853
NIC1664	0.000010	0.000010	0.000010	0.000010	0.000010	0.000011	0.999909	0.000010	0.000010	0.000010	LD_0.9_10_1853
NIC1665	0.000010	0.000010	0.000010	0.000010	0.000010	0.000010	0.999905	0.000015	0.000010	0.000010	LD_0.9_10_1853
NIC1666	0.000018	0.000010	0.000010	0.000010	0.999902	0.000010	0.000010	0.000010	0.000010	0.000010	LD_0.9_10_1853
NIC1667	0.000012	0.000010	0.000010	0.000011	0.999907	0.000010	0.000010	0.000010	0.000010	0.000010	LD_0.9_10_1853
NIC1681	0.000015	0.000010	0.000010	0.000015	0.999895	0.000010	0.000016	0.000010	0.000010	0.000010	LD_0.9_10_1853
NIC1688	0.000010	0.000010	0.000010	0.000010	0.000010	0.000010	0.000010	0.000010	0.000010	0.999910	LD_0.9_10_1853
NIC1692	0.000010	0.000010	0.000010	0.000010	0.999910	0.000010	0.000010	0.000010	0.000010	0.000010	LD_0.9_10_1853
NIC1693	0.000010	0.000010	0.000010	0.000010	0.999910	0.000010	0.000010	0.000010	0.000010	0.000010	LD_0.9_10_1853
NIC17	0.000010	0.000010	0.000010	0.000010	0.000010	0.000010	0.000010	0.000010	0.000010	0.999910	LD_0.9_10_1853
NIC174	0.000015	0.000010	0.000010	0.000010	0.000010	0.000010	0.000010	0.999905	0.000010	0.000010	LD_0.9_10_1853
NIC187	0.000010	0.848255	0.000010	0.000010	0.000010	0.000010	0.000010	0.000010	0.000010	0.151665	LD_0.9_10_1853
NIC188	0.000010	0.860528	0.000010	0.000010	0.000010	0.000010	0.000010	0.000010	0.000010	0.139392	LD_0.9_10_1853
NIC19	0.000010	0.000011	0.000016	0.000010	0.000010	0.000010	0.999903	0.000010	0.000010	0.000010	LD_0.9_10_1853
NIC191	0.000010	0.761053	0.000010	0.000010	0.000012	0.000010	0.000010	0.000010	0.000010	0.238865	LD_0.9_10_1853
NIC20	0.000010	0.000010	0.000010	0.000010	0.000010	0.000014	0.999906	0.000010	0.000010	0.000010	LD_0.9_10_1853
NIC21	0.000010	0.000010	0.000010	0.000010	0.000010	0.000010	0.999910	0.000010	0.000010	0.000010	LD_0.9_10_1853
NIC22	0.000010	0.000010	0.000010	0.000011	0.000010	0.000012	0.999904	0.000012	0.000010	0.000010	LD_0.9_10_1853
NIC2369	0.999910	0.000010	0.000010	0.000010	0.000010	0.000010	0.000010	0.000010	0.000010	0.000010	LD_0.9_10_1853
NIC248	0.000010	0.757350	0.000010	0.000010	0.000010	0.000010	0.000010	0.000010	0.000010	0.242570	LD_0.9_10_1853
NIC250	0.000010	0.694333	0.000010	0.000010	0.000010	0.000010	0.000010	0.000010	0.000010	0.305587	LD_0.9_10_1853
NIC2527	0.000010	0.000010	0.000010	0.000010	0.000010	0.000010	0.000010	0.000010	0.000010	0.999910	LD_0.9_10_1853
NIC309	0.000010	0.999910	0.000010	0.000010	0.000010	0.000010	0.000010	0.000010	0.000010	0.000010	LD_0.9_10_1853
NIC325	0.000010	0.999910	0.000010	0.000010	0.000010	0.000010	0.000010	0.000010	0.000010	0.000010	LD_0.9_10_1853
NIC327	0.000010	0.750626	0.000010	0.000010	0.000010	0.000010	0.000010	0.000010	0.249294	0.000010	LD_0.9_10_1853
NIC329	0.000010	0.859612	0.000010	0.000010	0.000010	0.000010	0.000010	0.000010	0.140308	0.000010	LD_0.9_10_1853
NIC330	0.000010	0.900020	0.000010	0.000010	0.000010	0.000010	0.000010	0.000010	0.099900	0.000010	LD_0.9_10_1853
NIC331	0.000010	0.852214	0.000010	0.000010	0.000010	0.000010	0.000010	0.000010	0.147706	0.000010	LD_0.9_10_1853
NIC332	0.000010	0.743148	0.000010	0.000010	0.000010	0.000010	0.000010	0.000010	0.256772	0.000010	LD_0.9_10_1853
NIC333	0.000010	0.909540	0.000010	0.000010	0.000010	0.000010	0.000010	0.000010	0.090380	0.000010	LD_0.9_10_1853
NIC343	0.029073	0.000010	0.000010	0.000010	0.000010	0.000010	0.000010	0.000010	0.000010	0.970847	LD_0.9_10_1853
NIC392	0.000010	0.750150	0.000010	0.000010	0.000010	0.000010	0.000010	0.000010	0.000010	0.249770	LD_0.9_10_1853
NIC400	0.000010	0.768929	0.000010	0.000010	0.000010	0.000010	0.000010	0.000010	0.230991	0.000010	LD_0.9_10_1853
NIC402	0.000010	0.780037	0.000010	0.000010	0.000010	0.000010	0.000010	0.000010	0.219883	0.000010	LD_0.9_10_1853
NIC419	0.999910	0.000010	0.000010	0.000010	0.000010	0.000010	0.000010	0.000010	0.000010	0.000010	LD_0.9_10_1853
NIC504	0.000013	0.000010	0.000010	0.000010	0.999906	0.000011	0.000010	0.000010	0.000010	0.000010	LD_0.9_10_1853
NIC505	0.000010	0.000010	0.000016	0.000010	0.999904	0.000010	0.000010	0.000010	0.000010	0.000010	LD_0.9_10_1853
NIC518	0.000010	0.000010	0.000011	0.000013	0.999905	0.000010	0.000010	0.000012	0.000010	0.000010	LD_0.9_10_1853
NIC519	0.000010	0.000010	0.000010	0.000013	0.999907	0.000010	0.000010	0.000010	0.000010	0.000010	LD_0.9_10_1853
NIC532	0.000016	0.700413	0.000010	0.000010	0.000010	0.000010	0.000010	0.000010	0.000010	0.299501	LD_0.9_10_1853
NIC541	0.000010	0.578306	0.305790	0.000010	0.000010	0.000010	0.000010	0.000010	0.115833	0.000010	LD_0.9_10_1853
NIC549	0.000010	0.618049	0.000010	0.000010	0.000010	0.000010	0.000010	0.000010	0.000010	0.381871	LD_0.9_10_1853
NIC552	0.000010	0.556443	0.000010	0.000010	0.000010	0.000010	0.000010	0.000010	0.000010	0.443477	LD_0.9_10_1853
NIC555	0.000010	0.702507	0.000014	0.000010	0.000010	0.000010	0.000010	0.000010	0.108670	0.188749	LD_0.9_10_1853
NIC574	0.000010	0.689924	0.000010	0.000010	0.000010	0.000010	0.000010	0.000010	0.000010	0.309996	LD_0.9_10_1853
NIC578	0.000010	0.864805	0.000010	0.000010	0.000013	0.000010	0.000010	0.000010	0.000010	0.135112	LD_0.9_10_1853
NIC583	0.000010	0.859620	0.000010	0.000010	0.000010	0.000010	0.000010	0.000010	0.000010	0.140300	LD_0.9_10_1853
NIC590	0.000010	0.887188	0.112732	0.000010	0.000010	0.000010	0.000010	0.000010	0.000010	0.000010	LD_0.9_10_1853
NIC593	0.000010	0.638419	0.000010	0.000010	0.000010	0.000010	0.000010	0.000010	0.000010	0.361501	LD_0.9_10_1853
NIC60	0.000010	0.999910	0.000010	0.000010	0.000010	0.000010	0.000010	0.000010	0.000010	0.000010	LD_0.9_10_1853
NIC61	0.000010	0.516719	0.000010	0.000010	0.000010	0.000010	0.000010	0.000010	0.000010	0.483201	LD_0.9_10_1853
NIC62	0.000014	0.840994	0.000010	0.000010	0.000010	0.000010	0.000010	0.000010	0.000010	0.158922	LD_0.9_10_1853
NIC67	0.999910	0.000010	0.000010	0.000010	0.000010	0.000010	0.000010	0.000010	0.000010	0.000010	LD_0.9_10_1853
NIC758	0.000010	0.866504	0.121227	0.000010	0.000010	0.000010	0.000010	0.000010	0.000010	0.012198	LD_0.9_10_1853
NIC777	0.000010	0.708980	0.000010	0.000010	0.000010	0.000010	0.000010	0.000010	0.111014	0.179936	LD_0.9_10_1853
NIC779	0.000018	0.000012	0.000010	0.000013	0.999897	0.000010	0.000010	0.000010	0.000010	0.000010	LD_0.9_10_1853
NIC790	0.000017	0.000010	0.000014	0.000010	0.000010	0.000010	0.000010	0.000010	0.000010	0.999899	LD_0.9_10_1853
NIC791	0.000010	0.000010	0.919595	0.000010	0.000010	0.000010	0.000010	0.000010	0.000010	0.080325	LD_0.9_10_1853
NIC792	0.000010	0.000010	0.318971	0.000010	0.000010	0.000010	0.000010	0.000010	0.000010	0.680949	LD_0.9_10_1853
NIC793	0.000010	0.000010	0.000011	0.000010	0.000010	0.000010	0.000010	0.000010	0.000010	0.999909	LD_0.9_10_1853
NIC795	0.000010	0.000010	0.000010	0.000010	0.000010	0.000010	0.000010	0.000010	0.000010	0.999910	LD_0.9_10_1853
NIC796	0.000010	0.000010	0.000010	0.000010	0.000010	0.000010	0.006886	0.000010	0.000010	0.993034	LD_0.9_10_1853
NIC802	0.000010	0.000014	0.000010	0.000010	0.000016	0.000010	0.000010	0.000010	0.000010	0.999900	LD_0.9_10_1853
NIC803	0.000010	0.087345	0.000010	0.000010	0.000010	0.000010	0.000010	0.000010	0.000010	0.912575	LD_0.9_10_1853
NIC805	0.000017	0.000010	0.000010	0.000013	0.999894	0.000010	0.000010	0.000015	0.000010	0.000010	LD_0.9_10_1853
NIC811	0.053953	0.000010	0.003022	0.000010	0.000010	0.000010	0.000010	0.000010	0.000010	0.942955	LD_0.9_10_1853
NIC814	0.000010	0.000010	0.000010	0.000010	0.999910	0.000010	0.000010	0.000010	0.000010	0.000010	LD_0.9_10_1853
NIC815	0.000010	0.000010	0.000015	0.000014	0.999902	0.000010	0.000010	0.000010	0.000010	0.000010	LD_0.9_10_1853
NIC816	0.000010	0.000010	0.000010	0.000010	0.000010	0.000010	0.999910	0.000010	0.000010	0.000010	LD_0.9_10_1853
NIC819	0.000010	0.000010	0.000010	0.000010	0.197756	0.000010	0.634578	0.016691	0.000010	0.150915	LD_0.9_10_1853
NIC821	0.000010	0.095353	0.000010	0.000010	0.000010	0.000010	0.000010	0.000010	0.000010	0.904567	LD_0.9_10_1853
NIC822	0.000016	0.000010	0.000011	0.000010	0.999902	0.000010	0.000010	0.000010	0.000010	0.000010	LD_0.9_10_1853
NIC824	0.000010	0.000010	0.000010	0.000010	0.999910	0.000010	0.000010	0.000010	0.000010	0.000010	LD_0.9_10_1853
NIC825	0.000010	0.000010	0.000010	0.000010	0.000010	0.000020	0.999900	0.000010	0.000010	0.000010	LD_0.9_10_1853
NIC827	0.000010	0.000010	0.000010	0.000010	0.000010	0.000010	0.999910	0.000010	0.000010	0.000010	LD_0.9_10_1853
NIC828	0.000010	0.000010	0.000010	0.000010	0.000010	0.000015	0.999905	0.000010	0.000010	0.000010	LD_0.9_10_1853
NIC863	0.000010	0.000010	0.000010	0.000010	0.999910	0.000010	0.000010	0.000010	0.000010	0.000010	LD_0.9_10_1853
NIC864	0.000010	0.000010	0.000010	0.000010	0.999910	0.000010	0.000010	0.000010	0.000010	0.000010	LD_0.9_10_1853
NIC865	0.000010	0.000010	0.000010	0.000010	0.999910	0.000010	0.000010	0.000010	0.000010	0.000010	LD_0.9_10_1853
NIC871	0.000010	0.000010	0.000010	0.000010	0.000010	0.000010	0.000010	0.000010	0.000010	0.999910	LD_0.9_10_1853
NIC883	0.000010	0.000010	0.000010	0.000010	0.000010	0.000010	0.000010	0.000010	0.000010	0.999910	LD_0.9_10_1853
NIC889	0.000010	0.000010	0.000010	0.000010	0.999910	0.000010	0.000010	0.000010	0.000010	0.000010	LD_0.9_10_1853
NIC893	0.000010	0.000010	0.000010	0.000010	0.000010	0.999910	0.000010	0.000010	0.000010	0.000010	LD_0.9_10_1853
NIC897	0.000010	0.000010	0.000010	0.000010	0.999905	0.000012	0.000010	0.000013	0.000010	0.000010	LD_0.9_10_1853
NIC899	0.000010	0.000010	0.000010	0.000010	0.000010	0.000010	0.000010	0.999910	0.000010	0.000010	LD_0.9_10_1853
NIC901	0.000010	0.000010	0.000010	0.000010	0.000010	0.000010	0.000010	0.000010	0.000010	0.999910	LD_0.9_10_1853
NIC911	0.000010	0.200901	0.000013	0.000010	0.000010	0.000010	0.000010	0.000010	0.000010	0.799015	LD_0.9_10_1853
NIC96	0.000010	0.999910	0.000010	0.000010	0.000010	0.000010	0.000010	0.000010	0.000010	0.000010	LD_0.9_10_1853
NIC984	0.000010	0.099775	0.000017	0.000010	0.000010	0.000010	0.000010	0.000010	0.000010	0.900138	LD_0.9_10_1853
NIC985	0.161932	0.128644	0.000010	0.000010	0.000010	0.000010	0.000016	0.000015	0.000010	0.709342	LD_0.9_10_1853
PB800	0.000010	0.000010	0.000010	0.000010	0.000010	0.000010	0.000010	0.999910	0.000010	0.000010	LD_0.9_10_1853
PB857	0.000010	0.000010	0.000010	0.000010	0.000010	0.000010	0.000011	0.999909	0.000010	0.000010	LD_0.9_10_1853
PE887	0.000010	0.025678	0.000010	0.000010	0.000010	0.000010	0.000010	0.000010	0.000010	0.974242	LD_0.9_10_1853
QG1005	0.000010	0.067267	0.000010	0.000016	0.000010	0.000010	0.000010	0.000010	0.932647	0.000010	LD_0.9_10_1853
QG1007	0.000010	0.000010	0.000010	0.000010	0.000010	0.000010	0.000010	0.000010	0.999910	0.000010	LD_0.9_10_1853
QG1111	0.000010	0.000010	0.000010	0.000010	0.000010	0.000012	0.000010	0.000010	0.999908	0.000010	LD_0.9_10_1853
QG1126	0.000010	0.000010	0.000013	0.000010	0.000010	0.000010	0.000010	0.000010	0.999907	0.000010	LD_0.9_10_1853
QG1141	0.000010	0.000010	0.000010	0.000010	0.000010	0.000010	0.000010	0.000010	0.999910	0.000010	LD_0.9_10_1853
QG1155	0.000010	0.000010	0.000010	0.000010	0.000010	0.000010	0.000010	0.000010	0.998208	0.001712	LD_0.9_10_1853
QG130	0.000010	0.000010	0.000010	0.000010	0.000010	0.000010	0.000010	0.000010	0.000010	0.999910	LD_0.9_10_1853
QG132	0.000010	0.067300	0.000012	0.000010	0.000010	0.000010	0.000010	0.000010	0.000010	0.932618	LD_0.9_10_1853
QG133	0.000010	0.000010	0.000014	0.000010	0.977558	0.000012	0.000010	0.000010	0.000010	0.022356	LD_0.9_10_1853
QG2641	0.000010	0.000010	0.000010	0.000010	0.000010	0.000010	0.000010	0.000010	0.999910	0.000010	LD_0.9_10_1853
QG2648	0.000010	0.000010	0.000017	0.000010	0.000010	0.000010	0.000010	0.000010	0.999903	0.000010	LD_0.9_10_1853
QG2659	0.000010	0.000010	0.000010	0.000010	0.000010	0.000011	0.000010	0.000010	0.999909	0.000010	LD_0.9_10_1853
QG2663	0.000010	0.000010	0.000010	0.000010	0.000010	0.000010	0.000010	0.000010	0.999910	0.000010	LD_0.9_10_1853
QG2665	0.000010	0.000010	0.000010	0.000010	0.000010	0.000010	0.000010	0.000010	0.999910	0.000010	LD_0.9_10_1853
QG2683	0.000010	0.000010	0.000010	0.000010	0.000010	0.000010	0.000010	0.000010	0.999910	0.000010	LD_0.9_10_1853
QG2736	0.000010	0.000010	0.000010	0.000010	0.000010	0.000010	0.000010	0.000010	0.999910	0.000010	LD_0.9_10_1853
QG2814	0.000010	0.000010	0.000010	0.000010	0.000010	0.000010	0.000010	0.000010	0.000010	0.999910	LD_0.9_10_1853
QG2820	0.000010	0.000010	0.000010	0.000010	0.000010	0.000010	0.000010	0.000010	0.000010	0.999910	LD_0.9_10_1853
QG2848	0.000010	0.000010	0.000010	0.000010	0.000010	0.000010	0.000010	0.000010	0.000010	0.999910	LD_0.9_10_1853
QG2880	0.000010	0.000010	0.999905	0.000010	0.000010	0.000010	0.000010	0.000010	0.000015	0.000010	LD_0.9_10_1853
QG2881	0.000010	0.000010	0.000010	0.000010	0.000010	0.000010	0.000010	0.000010	0.000010	0.999910	LD_0.9_10_1853
QG2883	0.000010	0.000010	0.000010	0.000010	0.000010	0.000010	0.000010	0.000010	0.000010	0.999910	LD_0.9_10_1853
QG2884	0.000010	0.000010	0.999910	0.000010	0.000010	0.000010	0.000010	0.000010	0.000010	0.000010	LD_0.9_10_1853
QG2891	0.000012	0.000010	0.000011	0.999900	0.000010	0.000010	0.000014	0.000010	0.000013	0.000010	LD_0.9_10_1853
QG2892	0.000010	0.000012	0.999902	0.000010	0.000010	0.000010	0.000015	0.000010	0.000010	0.000010	LD_0.9_10_1853
QG2893	0.000010	0.000010	0.000018	0.999893	0.000010	0.000010	0.000010	0.000019	0.000010	0.000010	LD_0.9_10_1853
QG2895	0.000010	0.000010	0.999910	0.000010	0.000010	0.000010	0.000010	0.000010	0.000010	0.000010	LD_0.9_10_1853
QG2902	0.000010	0.000010	0.999905	0.000010	0.000015	0.000010	0.000010	0.000010	0.000010	0.000010	LD_0.9_10_1853
QG2903	0.000010	0.000015	0.999892	0.000010	0.000015	0.000010	0.000010	0.000010	0.000018	0.000010	LD_0.9_10_1853
QG2906	0.000010	0.000010	0.999910	0.000010	0.000010	0.000010	0.000010	0.000010	0.000010	0.000010	LD_0.9_10_1853
QG2908	0.000010	0.000010	0.000010	0.999907	0.000010	0.000013	0.000010	0.000010	0.000010	0.000010	LD_0.9_10_1853
QG2910	0.000010	0.054555	0.000010	0.000010	0.000010	0.000010	0.000010	0.000010	0.000010	0.945365	LD_0.9_10_1853
QG2919	0.000010	0.000017	0.000010	0.999892	0.000015	0.000013	0.000013	0.000010	0.000010	0.000010	LD_0.9_10_1853
QG2923	0.000010	0.000010	0.999910	0.000010	0.000010	0.000010	0.000010	0.000010	0.000010	0.000010	LD_0.9_10_1853
QG2925	0.000010	0.000015	0.999898	0.000010	0.000010	0.000010	0.000010	0.000010	0.000017	0.000010	LD_0.9_10_1853
QG2964	0.000010	0.000010	0.000010	0.000010	0.000010	0.000010	0.000010	0.000010	0.999910	0.000010	LD_0.9_10_1853
QG2966	0.000010	0.163460	0.000010	0.000010	0.000010	0.000010	0.000010	0.000010	0.598457	0.238013	LD_0.9_10_1853
QG2969	0.000010	0.000010	0.000010	0.000010	0.000010	0.000010	0.000010	0.000010	0.999910	0.000010	LD_0.9_10_1853
QG2972	0.000010	0.000010	0.000010	0.000010	0.000010	0.000010	0.000010	0.000010	0.999910	0.000010	LD_0.9_10_1853
QG2996	0.000010	0.000010	0.000018	0.000010	0.000010	0.000010	0.000010	0.000010	0.999902	0.000010	LD_0.9_10_1853
QG3004	0.000010	0.159093	0.000010	0.000010	0.000010	0.000010	0.000010	0.000010	0.772899	0.067938	LD_0.9_10_1853
QG3006	0.000010	0.000010	0.000010	0.000010	0.000010	0.000010	0.000010	0.000010	0.999910	0.000010	LD_0.9_10_1853
QG3019	0.000010	0.149733	0.000010	0.000010	0.000010	0.000010	0.000010	0.000010	0.850187	0.000010	LD_0.9_10_1853
QG3025	0.000010	0.000010	0.000010	0.000010	0.000010	0.000010	0.000010	0.000010	0.999910	0.000010	LD_0.9_10_1853
QG3030	0.000010	0.000010	0.000010	0.000010	0.000010	0.000010	0.000010	0.000010	0.999910	0.000010	LD_0.9_10_1853
QG3032	0.000010	0.252390	0.000010	0.000010	0.000010	0.000010	0.000010	0.000010	0.747530	0.000010	LD_0.9_10_1853
QG3034	0.000010	0.000010	0.000010	0.000010	0.000010	0.000010	0.000010	0.000010	0.999910	0.000010	LD_0.9_10_1853
QG3041	0.000010	0.000010	0.000010	0.000010	0.000010	0.000010	0.000010	0.000010	0.999910	0.000010	LD_0.9_10_1853
QG3053	0.000010	0.474254	0.000010	0.000010	0.000010	0.000015	0.000010	0.000010	0.000010	0.525661	LD_0.9_10_1853
QG3056	0.000010	0.169645	0.000010	0.000010	0.000010	0.000010	0.000010	0.000010	0.591925	0.238361	LD_0.9_10_1853
QG3057	0.000010	0.000010	0.000011	0.000010	0.000010	0.000010	0.000010	0.000010	0.999909	0.000010	LD_0.9_10_1853
QG3058	0.000010	0.075650	0.000010	0.000010	0.000010	0.000010	0.000010	0.000010	0.924270	0.000010	LD_0.9_10_1853
QG3527	0.000010	0.619857	0.000013	0.000010	0.000012	0.000017	0.000010	0.000010	0.113399	0.266662	LD_0.9_10_1853
QG3661	0.000010	0.000010	0.000010	0.000010	0.000010	0.000010	0.000010	0.999910	0.000010	0.000010	LD_0.9_10_1853
QG3783	0.000010	0.626591	0.000010	0.000011	0.000010	0.000010	0.000010	0.000010	0.007254	0.366084	LD_0.9_10_1853
QG3801	0.000010	0.113325	0.000010	0.000010	0.000010	0.000010	0.000010	0.000010	0.886595	0.000010	LD_0.9_10_1853
QG3815	0.000010	0.793269	0.000010	0.000017	0.000010	0.000010	0.000010	0.000010	0.000010	0.206644	LD_0.9_10_1853
QG3816	0.000010	0.639208	0.000011	0.000010	0.000010	0.000010	0.000010	0.000010	0.001274	0.359447	LD_0.9_10_1853
QG3823	0.013169	0.096998	0.003744	0.000010	0.000010	0.000010	0.000010	0.000010	0.886029	0.000010	LD_0.9_10_1853
QG3825	0.000010	0.635262	0.000016	0.000014	0.000010	0.000010	0.000010	0.000010	0.000010	0.364648	LD_0.9_10_1853
QG3826	0.000010	0.631447	0.000010	0.000013	0.000010	0.000010	0.000010	0.000010	0.034376	0.334104	LD_0.9_10_1853
QG3837	0.000010	0.689190	0.000010	0.000017	0.000010	0.000011	0.000010	0.000010	0.000010	0.310722	LD_0.9_10_1853
QG3851	0.000010	0.648700	0.000010	0.000015	0.000010	0.000020	0.000010	0.000010	0.010968	0.340247	LD_0.9_10_1853
QG3861	0.000010	0.678829	0.000011	0.000010	0.000010	0.000010	0.000010	0.000010	0.000010	0.321089	LD_0.9_10_1853
QG3867	0.000010	0.138184	0.000010	0.000010	0.000010	0.000010	0.000010	0.000010	0.855386	0.006360	LD_0.9_10_1853
QG3874	0.000010	0.545502	0.000010	0.000010	0.000011	0.000012	0.000010	0.000010	0.000010	0.454415	LD_0.9_10_1853
QG3875	0.000010	0.868600	0.000010	0.000010	0.000010	0.000010	0.000010	0.000010	0.000010	0.131320	LD_0.9_10_1853
QG3876	0.000010	0.678174	0.000010	0.000018	0.000010	0.000016	0.000010	0.000010	0.000010	0.321732	LD_0.9_10_1853
QG3878	0.000010	0.874237	0.000013	0.000010	0.000010	0.000010	0.000010	0.000010	0.000010	0.125681	LD_0.9_10_1853
QG3920	0.000010	0.727013	0.000010	0.000010	0.000010	0.000010	0.000010	0.000010	0.000010	0.272907	LD_0.9_10_1853
QG3921	0.000010	0.675609	0.000010	0.000010	0.000010	0.000010	0.000010	0.000010	0.000010	0.324311	LD_0.9_10_1853
QG3923	0.000010	0.598985	0.000011	0.000011	0.000010	0.000013	0.000010	0.000010	0.000010	0.400930	LD_0.9_10_1853
QG3924	0.000010	0.615939	0.000010	0.000010	0.000010	0.000010	0.000010	0.000010	0.111057	0.272934	LD_0.9_10_1853
QG3925	0.000010	0.810612	0.000010	0.000010	0.000010	0.000010	0.000010	0.000010	0.000010	0.189308	LD_0.9_10_1853
QG3926	0.000010	0.807035	0.000010	0.000010	0.000010	0.000010	0.000010	0.000010	0.000010	0.192885	LD_0.9_10_1853
QG3927	0.000013	0.688617	0.000010	0.000010	0.000010	0.000010	0.000010	0.000010	0.000010	0.311301	LD_0.9_10_1853
QG3931	0.000010	0.903037	0.000010	0.000010	0.000010	0.000010	0.000010	0.000010	0.000010	0.096883	LD_0.9_10_1853
QG3932	0.000010	0.580505	0.000010	0.000010	0.000015	0.000013	0.000010	0.000011	0.000010	0.419406	LD_0.9_10_1853
QG3933	0.000010	0.321123	0.000010	0.000010	0.000010	0.000010	0.000010	0.000010	0.000010	0.678797	LD_0.9_10_1853
QG4026	0.000012	0.000011	0.000010	0.999905	0.000012	0.000010	0.000010	0.000010	0.000010	0.000010	LD_0.9_10_1853
QG4028	0.000010	0.000010	0.000011	0.999904	0.000010	0.000010	0.000010	0.000015	0.000010	0.000010	LD_0.9_10_1853
QG4031	0.000010	0.000013	0.000010	0.999904	0.000012	0.000011	0.000010	0.000010	0.000010	0.000010	LD_0.9_10_1853
QG4063	0.000010	0.000010	0.000010	0.999909	0.000010	0.000010	0.000011	0.000010	0.000010	0.000010	LD_0.9_10_1853
QG4064	0.000010	0.000010	0.000010	0.999910	0.000010	0.000010	0.000010	0.000010	0.000010	0.000010	LD_0.9_10_1853
QG4067	0.000010	0.000010	0.000010	0.999910	0.000010	0.000010	0.000010	0.000010	0.000010	0.000010	LD_0.9_10_1853
QG4068	0.000010	0.000010	0.000010	0.999910	0.000010	0.000010	0.000010	0.000010	0.000010	0.000010	LD_0.9_10_1853
QG4070	0.000010	0.000010	0.000010	0.000010	0.000010	0.000010	0.000010	0.000010	0.000010	0.999910	LD_0.9_10_1853
QG4093	0.000010	0.000010	0.000010	0.999910	0.000010	0.000010	0.000010	0.000010	0.000010	0.000010	LD_0.9_10_1853
QG4094	0.000010	0.000010	0.000010	0.999910	0.000010	0.000010	0.000010	0.000010	0.000010	0.000010	LD_0.9_10_1853
QG4095	0.000010	0.000010	0.000010	0.999910	0.000010	0.000010	0.000010	0.000010	0.000010	0.000010	LD_0.9_10_1853
QG4096	0.000010	0.000010	0.000010	0.999910	0.000010	0.000010	0.000010	0.000010	0.000010	0.000010	LD_0.9_10_1853
QG4097	0.000010	0.000010	0.000010	0.999910	0.000010	0.000010	0.000010	0.000010	0.000010	0.000010	LD_0.9_10_1853
QG4104	0.000010	0.000010	0.000010	0.999909	0.000010	0.000010	0.000010	0.000011	0.000010	0.000010	LD_0.9_10_1853
QG4114	0.000010	0.000010	0.000010	0.999910	0.000010	0.000010	0.000010	0.000010	0.000010	0.000010	LD_0.9_10_1853
QG4131	0.000010	0.000010	0.000010	0.999904	0.000010	0.000010	0.000010	0.000016	0.000010	0.000010	LD_0.9_10_1853
QG4132	0.000010	0.000010	0.000010	0.999904	0.000010	0.000010	0.000015	0.000010	0.000010	0.000010	LD_0.9_10_1853
QG4208	0.000010	0.000010	0.000010	0.999910	0.000010	0.000010	0.000010	0.000010	0.000010	0.000010	LD_0.9_10_1853
QG4214	0.000010	0.000010	0.000010	0.999910	0.000010	0.000010	0.000010	0.000010	0.000010	0.000010	LD_0.9_10_1853
QG4225	0.000010	0.000010	0.000010	0.999907	0.000013	0.000010	0.000010	0.000010	0.000010	0.000010	LD_0.9_10_1853
QG4232	0.000010	0.000010	0.000010	0.999910	0.000010	0.000010	0.000010	0.000010	0.000010	0.000010	LD_0.9_10_1853
QG4233	0.000010	0.000010	0.000010	0.999910	0.000010	0.000010	0.000010	0.000010	0.000010	0.000010	LD_0.9_10_1853
QG4647	0.000010	0.000010	0.999910	0.000010	0.000010	0.000010	0.000010	0.000010	0.000010	0.000010	LD_0.9_10_1853
QG4648	0.000010	0.000010	0.008006	0.000010	0.000010	0.000010	0.000010	0.000010	0.000010	0.991914	LD_0.9_10_1853
QG4683	0.000010	0.000010	0.000010	0.000010	0.000011	0.000010	0.000010	0.000010	0.000010	0.999909	LD_0.9_10_1853
QG4701	0.000010	0.000010	0.577206	0.000010	0.000010	0.000010	0.000010	0.000010	0.000010	0.422714	LD_0.9_10_1853
QG4706	0.000010	0.000010	0.000010	0.000010	0.000010	0.000010	0.000010	0.000010	0.000010	0.999910	LD_0.9_10_1853
QG4718	0.000010	0.000010	0.000010	0.000010	0.000010	0.000010	0.000010	0.000010	0.000010	0.999910	LD_0.9_10_1853
QG4742	0.000010	0.000010	0.021193	0.000010	0.000010	0.000010	0.000010	0.000010	0.000010	0.978727	LD_0.9_10_1853
QG4805	0.000017	0.000010	0.999903	0.000010	0.000010	0.000010	0.000010	0.000010	0.000010	0.000010	LD_0.9_10_1853
QG4847	0.000010	0.000010	0.000010	0.000010	0.000010	0.000010	0.000010	0.000010	0.000010	0.999910	LD_0.9_10_1853
QG4966	0.000010	0.000010	0.000010	0.000010	0.000010	0.000010	0.000010	0.000010	0.000010	0.999910	LD_0.9_10_1853
QG5348	0.000010	0.000010	0.000010	0.000010	0.000010	0.000011	0.000010	0.000010	0.000010	0.999909	LD_0.9_10_1853
QG5406	0.000010	0.000010	0.000010	0.000010	0.000011	0.000010	0.000010	0.000010	0.000010	0.999909	LD_0.9_10_1853
QG547	0.000010	0.000010	0.000010	0.000010	0.000010	0.000010	0.000010	0.999910	0.000010	0.000010	LD_0.9_10_1853
QG5474	0.000010	0.000010	0.655646	0.000010	0.000010	0.000010	0.000010	0.000010	0.000010	0.344274	LD_0.9_10_1853
QG5488	0.000010	0.000010	0.000010	0.000010	0.000010	0.000010	0.000010	0.000010	0.000010	0.999910	LD_0.9_10_1853
QG550	0.630315	0.000011	0.064864	0.000010	0.000010	0.000010	0.000010	0.000010	0.000010	0.304749	LD_0.9_10_1853
QG5507	0.000010	0.000010	0.202802	0.000010	0.000010	0.000010	0.000010	0.000010	0.000010	0.797118	LD_0.9_10_1853
QG5525	0.000010	0.000010	0.000010	0.000010	0.000010	0.000010	0.000010	0.000010	0.000010	0.999910	LD_0.9_10_1853
QG5589	0.000010	0.000010	0.837325	0.000010	0.000010	0.000010	0.000010	0.000010	0.000010	0.162595	LD_0.9_10_1853
QG5603	0.000010	0.000010	0.662635	0.000010	0.000010	0.000010	0.000010	0.000010	0.000010	0.337285	LD_0.9_10_1853
QG5611	0.000010	0.000010	0.000010	0.000010	0.000010	0.000010	0.000010	0.000010	0.000010	0.999910	LD_0.9_10_1853
QG5612	0.000010	0.097628	0.000015	0.000010	0.000010	0.000010	0.000010	0.000010	0.000010	0.902287	LD_0.9_10_1853
QG5633	0.000015	0.000010	0.014061	0.000010	0.000010	0.000010	0.000010	0.000010	0.000010	0.985853	LD_0.9_10_1853
QG581	0.000010	0.000010	0.000010	0.000010	0.000010	0.000010	0.000010	0.999910	0.000010	0.000010	LD_0.9_10_1853
QG588	0.000010	0.000010	0.000010	0.000010	0.000010	0.000010	0.000010	0.999910	0.000010	0.000010	LD_0.9_10_1853
QG700	0.000010	0.211362	0.000010	0.000010	0.000010	0.000010	0.000010	0.000010	0.788558	0.000010	LD_0.9_10_1853
QG727	0.000010	0.000010	0.000010	0.000010	0.000010	0.000010	0.000010	0.000010	0.999910	0.000010	LD_0.9_10_1853
QG733	0.000010	0.000010	0.000010	0.000010	0.000010	0.000010	0.000010	0.000010	0.999910	0.000010	LD_0.9_10_1853
QG736	0.000010	0.000010	0.000010	0.000010	0.000010	0.000010	0.000010	0.000010	0.999910	0.000010	LD_0.9_10_1853
QG737	0.000010	0.000012	0.000010	0.000010	0.000010	0.000010	0.000010	0.000010	0.999908	0.000010	LD_0.9_10_1853
QG739	0.000010	0.000010	0.000010	0.000010	0.000010	0.000010	0.000010	0.000010	0.999910	0.000010	LD_0.9_10_1853
QG761	0.000010	0.303119	0.000010	0.000010	0.000010	0.000010	0.000010	0.000010	0.696801	0.000010	LD_0.9_10_1853
QG763	0.000010	0.064781	0.000010	0.000010	0.000010	0.000010	0.000010	0.000010	0.935139	0.000010	LD_0.9_10_1853
QG776	0.000010	0.024790	0.000010	0.000012	0.000010	0.000010	0.000010	0.000010	0.975128	0.000010	LD_0.9_10_1853
QG781	0.000010	0.000010	0.000010	0.000010	0.000010	0.000010	0.000010	0.000010	0.999910	0.000010	LD_0.9_10_1853
QG784	0.000010	0.000010	0.000010	0.000010	0.000010	0.000010	0.000010	0.000010	0.999910	0.000010	LD_0.9_10_1853
QG786	0.000010	0.000010	0.000010	0.000010	0.000010	0.000010	0.000010	0.000010	0.999910	0.000010	LD_0.9_10_1853
QG788	0.000010	0.000010	0.000010	0.000010	0.000010	0.000010	0.000010	0.000010	0.999910	0.000010	LD_0.9_10_1853
QG790	0.000010	0.000010	0.000010	0.000010	0.000010	0.000010	0.000010	0.000010	0.999910	0.000010	LD_0.9_10_1853
QG791	0.000010	0.000010	0.000010	0.000010	0.000010	0.000010	0.000010	0.000010	0.943688	0.056232	LD_0.9_10_1853
QG795	0.000010	0.341113	0.000010	0.000010	0.000010	0.000010	0.000010	0.000010	0.658807	0.000010	LD_0.9_10_1853
QG797	0.000010	0.000010	0.000010	0.000010	0.000010	0.000010	0.000010	0.000010	0.999910	0.000010	LD_0.9_10_1853
QG802	0.000010	0.000010	0.000010	0.000010	0.000010	0.000010	0.000010	0.000010	0.999910	0.000010	LD_0.9_10_1853
QG804	0.000010	0.000010	0.000010	0.000010	0.000010	0.000010	0.000010	0.000010	0.999910	0.000010	LD_0.9_10_1853
QG806	0.000010	0.000010	0.000010	0.000010	0.000010	0.000010	0.000010	0.000010	0.999910	0.000010	LD_0.9_10_1853
QG807	0.000010	0.000010	0.000010	0.000010	0.000010	0.000010	0.000010	0.000010	0.999910	0.000010	LD_0.9_10_1853
QG808	0.000010	0.000010	0.000010	0.000010	0.000010	0.000010	0.000010	0.000010	0.959610	0.040310	LD_0.9_10_1853
QG809	0.000010	0.000010	0.000010	0.000010	0.000010	0.000016	0.000010	0.000010	0.999904	0.000010	LD_0.9_10_1853
QG825	0.000010	0.000010	0.000010	0.000010	0.000010	0.000011	0.000010	0.000010	0.999908	0.000010	LD_0.9_10_1853
QG827	0.000010	0.000010	0.000010	0.000010	0.000010	0.000010	0.000010	0.000010	0.999910	0.000010	LD_0.9_10_1853
QG828	0.000010	0.000010	0.000010	0.000010	0.000010	0.000010	0.000010	0.000010	0.999910	0.000010	LD_0.9_10_1853
QG833	0.000010	0.000010	0.000010	0.000010	0.000010	0.000010	0.000010	0.000010	0.972464	0.027456	LD_0.9_10_1853
QG855	0.000010	0.000010	0.000010	0.000010	0.000010	0.000010	0.000010	0.000010	0.969679	0.030241	LD_0.9_10_1853
QG856	0.000010	0.000010	0.000010	0.000010	0.000010	0.000010	0.000010	0.000010	0.999910	0.000010	LD_0.9_10_1853
QG858	0.000010	0.000010	0.000010	0.000010	0.000010	0.000010	0.000010	0.000010	0.999910	0.000010	LD_0.9_10_1853
QG860	0.000010	0.258540	0.000010	0.000010	0.000010	0.000010	0.000010	0.000010	0.741380	0.000010	LD_0.9_10_1853
QG864	0.000010	0.000010	0.000010	0.000010	0.000010	0.000010	0.000010	0.000010	0.999910	0.000010	LD_0.9_10_1853
QG865	0.000010	0.000010	0.000010	0.000010	0.000010	0.000010	0.000010	0.000010	0.999910	0.000010	LD_0.9_10_1853
QG866	0.000010	0.000010	0.000010	0.000010	0.000010	0.000010	0.000010	0.000010	0.999910	0.000010	LD_0.9_10_1853
QG868	0.000010	0.073799	0.000010	0.000014	0.000010	0.000010	0.000010	0.000010	0.924105	0.002023	LD_0.9_10_1853
QG874	0.000010	0.000010	0.000010	0.000010	0.000010	0.000010	0.000010	0.000010	0.999910	0.000010	LD_0.9_10_1853
QG875	0.000010	0.000010	0.000010	0.000010	0.000010	0.000010	0.000010	0.000010	0.999910	0.000010	LD_0.9_10_1853
QG878	0.000010	0.000010	0.000010	0.000010	0.000010	0.000010	0.000010	0.000010	0.999910	0.000010	LD_0.9_10_1853
QG879	0.000010	0.000010	0.000010	0.000010	0.000010	0.000010	0.000010	0.000010	0.999910	0.000010	LD_0.9_10_1853
QG880	0.000010	0.000010	0.000010	0.000010	0.000010	0.000010	0.000010	0.000010	0.999910	0.000010	LD_0.9_10_1853
QG881	0.000010	0.297739	0.000010	0.000010	0.000010	0.000010	0.000010	0.000010	0.702181	0.000010	LD_0.9_10_1853
QG887	0.000010	0.000010	0.000010	0.000013	0.000010	0.000010	0.000010	0.000010	0.999907	0.000010	LD_0.9_10_1853
QG888	0.000010	0.000010	0.000010	0.000010	0.000010	0.000010	0.000010	0.000010	0.999910	0.000010	LD_0.9_10_1853
QG926	0.000010	0.000010	0.000010	0.000010	0.000010	0.000010	0.000010	0.000010	0.999910	0.000010	LD_0.9_10_1853
QG927	0.000010	0.000010	0.000010	0.000010	0.000010	0.000010	0.000010	0.000010	0.073510	0.926410	LD_0.9_10_1853
QG933	0.000010	0.000010	0.000010	0.000010	0.000010	0.000010	0.000010	0.000010	0.999910	0.000010	LD_0.9_10_1853
QG937	0.000010	0.000010	0.000010	0.000010	0.000010	0.000010	0.000010	0.000010	0.999910	0.000010	LD_0.9_10_1853
QG945	0.000010	0.000010	0.000018	0.000010	0.000010	0.000010	0.000010	0.000010	0.999902	0.000010	LD_0.9_10_1853
QG946	0.000010	0.000010	0.000010	0.000010	0.000010	0.000010	0.000010	0.000010	0.999910	0.000010	LD_0.9_10_1853
QG947	0.000010	0.000010	0.000010	0.000010	0.000010	0.000010	0.000010	0.000010	0.999910	0.000010	LD_0.9_10_1853
QG948	0.000010	0.000010	0.000010	0.000013	0.000010	0.000010	0.000010	0.000010	0.985804	0.014113	LD_0.9_10_1853
QG952	0.000010	0.056699	0.000010	0.000010	0.000010	0.000010	0.000010	0.000010	0.911528	0.031703	LD_0.9_10_1853
QG978	0.000010	0.134346	0.000010	0.000010	0.000010	0.000010	0.000010	0.000010	0.865574	0.000010	LD_0.9_10_1853
QG980	0.000010	0.000010	0.000010	0.000010	0.000010	0.000010	0.000010	0.000010	0.999910	0.000010	LD_0.9_10_1853
QG986	0.000010	0.000010	0.000010	0.000010	0.000010	0.000010	0.000010	0.000010	0.956890	0.043030	LD_0.9_10_1853
QG991	0.000010	0.000010	0.000010	0.000010	0.000010	0.000010	0.000010	0.000010	0.999910	0.000010	LD_0.9_10_1853
QG994	0.000010	0.000010	0.000010	0.000010	0.000010	0.000010	0.000010	0.000010	0.999910	0.000010	LD_0.9_10_1853
QG995	0.000010	0.000010	0.000010	0.000010	0.000010	0.000010	0.000010	0.000010	0.999910	0.000010	LD_0.9_10_1853
QG997	0.000010	0.000010	0.000010	0.000010	0.000010	0.000010	0.000010	0.000010	0.999910	0.000010	LD_0.9_10_1853
QG998	0.000010	0.000010	0.000015	0.000010	0.000010	0.000010	0.000010	0.000010	0.999905	0.000010	LD_0.9_10_1853
QR25	0.000010	0.000010	0.000010	0.000010	0.000010	0.767111	0.000010	0.228975	0.000010	0.003844	LD_0.9_10_1853
QX1410	0.000010	0.715852	0.000010	0.000010	0.000010	0.000010	0.000010	0.000010	0.000010	0.284068	LD_0.9_10_1853
QX1547	0.000010	0.000010	0.000010	0.000010	0.000010	0.000010	0.000010	0.999910	0.000010	0.000010	LD_0.9_10_1853
QX1795	0.000010	0.117777	0.000010	0.000010	0.000010	0.000010	0.000010	0.000010	0.000010	0.882143	LD_0.9_10_1853
QX1796	0.000010	0.000010	0.000010	0.000010	0.000010	0.000010	0.000010	0.000010	0.000010	0.999910	LD_0.9_10_1853
QX1798	0.000010	0.000010	0.000010	0.000010	0.999910	0.000010	0.000010	0.000010	0.000010	0.000010	LD_0.9_10_1853
QX1800	0.000010	0.000010	0.000010	0.000010	0.000010	0.000010	0.000010	0.000010	0.000010	0.999910	LD_0.9_10_1853
QX1801	0.000010	0.000010	0.000010	0.000010	0.000010	0.000010	0.000010	0.000010	0.000010	0.999910	LD_0.9_10_1853
QX1802	0.000010	0.000010	0.000010	0.000010	0.000010	0.000010	0.000010	0.000010	0.000010	0.999910	LD_0.9_10_1853
QX1803	0.000010	0.000010	0.000010	0.000010	0.000010	0.000010	0.000010	0.000010	0.000010	0.999910	LD_0.9_10_1853
QX1804	0.000010	0.000010	0.000010	0.000010	0.000010	0.000010	0.000010	0.000010	0.000010	0.999910	LD_0.9_10_1853
SOW18	0.000010	0.000010	0.000010	0.000010	0.000010	0.000010	0.000010	0.999910	0.000010	0.000010	LD_0.9_10_1853
SOW21	0.000010	0.000010	0.000010	0.000010	0.000010	0.000010	0.000010	0.999910	0.000010	0.000010	LD_0.9_10_1853
SOW22	0.000010	0.000010	0.000010	0.000010	0.000010	0.000010	0.000010	0.999905	0.000015	0.000010	LD_0.9_10_1853
TT3408	0.000010	0.000010	0.000010	0.000018	0.000016	0.000010	0.000010	0.000010	0.000010	0.999896	LD_0.9_10_1853
TT3411	0.000010	0.000010	0.000010	0.000010	0.000010	0.000010	0.000010	0.000010	0.000010	0.999910	LD_0.9_10_1853
TWN1772	0.000010	0.000010	0.000010	0.000010	0.999906	0.000010	0.000014	0.000010	0.000010	0.000010	LD_0.9_10_1853
TWN1824	0.000010	0.000010	0.000010	0.000010	0.000010	0.000010	0.999910	0.000010	0.000010	0.000010	LD_0.9_10_1853
TWN1899	0.000010	0.000010	0.000010	0.000015	0.000010	0.000010	0.999905	0.000010	0.000010	0.000010	LD_0.9_10_1853
TWN1907	0.000010	0.000010	0.000010	0.000012	0.999900	0.000014	0.000010	0.000014	0.000010	0.000010	LD_0.9_10_1853
TWN2919	0.000010	0.000010	0.000010	0.000010	0.999900	0.000019	0.000010	0.000010	0.000010	0.000010	LD_0.9_10_1853
TWN3077	0.000019	0.000010	0.000014	0.000013	0.999894	0.000010	0.000010	0.000010	0.000010	0.000010	LD_0.9_10_1853
UH1	0.000010	0.000011	0.000010	0.000010	0.999908	0.000010	0.000010	0.000011	0.000010	0.000010	LD_0.9_10_1853
VSL2201	0.699405	0.000016	0.000010	0.000010	0.000010	0.000010	0.000010	0.000010	0.000010	0.300509	LD_0.9_10_1853
VSL2207	0.000010	0.000010	0.000010	0.999910	0.000010	0.000010	0.000010	0.000010	0.000010	0.000010	LD_0.9_10_1853
VSL2209	0.000010	0.000010	0.000010	0.999910	0.000010	0.000010	0.000010	0.000010	0.000010	0.000010	LD_0.9_10_1853
VSL2210	0.156504	0.000010	0.000014	0.000010	0.000014	0.000012	0.000010	0.000010	0.000010	0.843406	LD_0.9_10_1853
VSL2212	0.195581	0.000010	0.000010	0.000010	0.000012	0.000010	0.000010	0.000010	0.000010	0.804337	LD_0.9_10_1853
VSL2213	0.999903	0.000010	0.000010	0.000010	0.000010	0.000010	0.000010	0.000017	0.000010	0.000010	LD_0.9_10_1853
VSL2215	0.928391	0.000010	0.000010	0.000010	0.000010	0.000010	0.000010	0.000010	0.000010	0.071529	LD_0.9_10_1853
VSL2216	0.999910	0.000010	0.000010	0.000010	0.000010	0.000010	0.000010	0.000010	0.000010	0.000010	LD_0.9_10_1853
VSL2217	0.000010	0.000010	0.999910	0.000010	0.000010	0.000010	0.000010	0.000010	0.000010	0.000010	LD_0.9_10_1853
VSL2219	0.000010	0.000010	0.000010	0.000010	0.000010	0.000010	0.000010	0.000010	0.000010	0.999910	LD_0.9_10_1853
VT847	0.000010	0.064531	0.000010	0.000010	0.000010	0.000010	0.000010	0.000010	0.000010	0.935389	LD_0.9_10_1853
VX34	0.000010	0.000010	0.000010	0.000010	0.000010	0.896348	0.000010	0.103572	0.000010	0.000010	LD_0.9_10_1853
XZ1204	0.480667	0.000010	0.000010	0.000010	0.000010	0.000010	0.000010	0.000010	0.000010	0.519253	LD_0.9_10_1853
XZ1205	0.999910	0.000010	0.000010	0.000010	0.000010	0.000010	0.000010	0.000010	0.000010	0.000010	LD_0.9_10_1853
XZ1206	0.999910	0.000010	0.000010	0.000010	0.000010	0.000010	0.000010	0.000010	0.000010	0.000010	LD_0.9_10_1853
XZ1207	0.012470	0.025262	0.000010	0.000010	0.000010	0.000010	0.000010	0.000010	0.000010	0.962198	LD_0.9_10_1853
XZ1210	0.000010	0.043117	0.000010	0.000010	0.000010	0.000010	0.000010	0.000010	0.000010	0.956803	LD_0.9_10_1853
XZ1212	0.000010	0.062389	0.000010	0.000010	0.000010	0.000010	0.000010	0.000010	0.000010	0.937531	LD_0.9_10_1853
XZ1213	0.000010	0.000010	0.000010	0.000010	0.000010	0.000010	0.000010	0.000010	0.000010	0.999910	LD_0.9_10_1853
XZ1731	0.000010	0.032260	0.000010	0.000010	0.000010	0.000010	0.000010	0.000010	0.000010	0.967660	LD_0.9_10_1853
XZ1732	0.000010	0.132078	0.000010	0.000010	0.000010	0.000010	0.000010	0.000010	0.000010	0.867842	LD_0.9_10_1853
ZZY0992	0.000010	0.000010	0.999910	0.000010	0.000010	0.000010	0.000010	0.000010	0.000010	0.000010	LD_0.9_10_1853
ZZY1034	0.000010	0.000010	0.000010	0.000010	0.000010	0.000010	0.000010	0.000010	0.000010	0.999910	LD_0.9_10_1853
ZZY1075	0.000010	0.000010	0.000010	0.000010	0.000010	0.000010	0.000010	0.000010	0.000010	0.999910	LD_0.9_10_1853
ZZY1123	0.000010	0.000010	0.999910	0.000010	0.000010	0.000010	0.000010	0.000010	0.000010	0.000010	LD_0.9_10_1853
ZZY1130	0.000014	0.000010	0.000010	0.000010	0.000010	0.000010	0.000010	0.000010	0.000010	0.999906	LD_0.9_10_1853
ZZY405	0.000010	0.000019	0.000013	0.000010	0.000010	0.000010	0.000010	0.000010	0.000010	0.999897	LD_0.9_10_1853
AF16	0.000010	0.000010	0.000010	0.000010	0.000010	0.000010	0.000010	0.999910	0.000010	0.000010	LD_0.9_10_1884
BRC20069	0.000010	0.000010	0.000010	0.000010	0.000010	0.000010	0.000010	0.999910	0.000010	0.000010	LD_0.9_10_1884
BRC20073	0.000010	0.000017	0.000010	0.000010	0.000011	0.000010	0.000010	0.999902	0.000010	0.000010	LD_0.9_10_1884
BRC20075	0.000011	0.000010	0.999908	0.000011	0.000010	0.000010	0.000010	0.000010	0.000010	0.000010	LD_0.9_10_1884
BRC20077	0.000010	0.000010	0.000010	0.000010	0.000010	0.000010	0.000010	0.999910	0.000010	0.000010	LD_0.9_10_1884
BRC20081	0.000010	0.000010	0.000010	0.000010	0.000010	0.000010	0.999910	0.000010	0.000010	0.000010	LD_0.9_10_1884
BRC20085	0.000010	0.059142	0.000010	0.107692	0.000010	0.530023	0.000010	0.303083	0.000010	0.000010	LD_0.9_10_1884
BRC20088	0.000019	0.000010	0.000010	0.000010	0.000010	0.000010	0.999901	0.000010	0.000010	0.000010	LD_0.9_10_1884
BRC20089	0.000010	0.000010	0.000010	0.000012	0.000010	0.000010	0.000015	0.999903	0.000010	0.000010	LD_0.9_10_1884
BRC20090	0.000010	0.002466	0.000010	0.042983	0.000010	0.026123	0.000010	0.928368	0.000010	0.000010	LD_0.9_10_1884
BRC20092	0.000010	0.069439	0.000010	0.000010	0.000010	0.662853	0.000010	0.267638	0.000010	0.000010	LD_0.9_10_1884
BRC20093	0.000010	0.000015	0.000010	0.000010	0.000010	0.000010	0.000010	0.999897	0.000018	0.000010	LD_0.9_10_1884
BRC20094	0.000010	0.029394	0.000010	0.043141	0.000010	0.655398	0.000010	0.272007	0.000010	0.000010	LD_0.9_10_1884
BRC20095	0.000010	0.000010	0.000010	0.000010	0.000010	0.000010	0.000010	0.999910	0.000010	0.000010	LD_0.9_10_1884
BRC20096	0.000010	0.000010	0.000010	0.000010	0.000010	0.000010	0.000010	0.999910	0.000010	0.000010	LD_0.9_10_1884
BRC20098	0.000010	0.000014	0.000010	0.000010	0.000010	0.000018	0.000010	0.999899	0.000010	0.000010	LD_0.9_10_1884
BRC20099	0.000010	0.000010	0.000010	0.000010	0.000010	0.000010	0.000010	0.999910	0.000010	0.000010	LD_0.9_10_1884
BRC20100	0.000010	0.000010	0.000010	0.000010	0.000010	0.000010	0.000010	0.999910	0.000010	0.000010	LD_0.9_10_1884
BRC20102	0.000010	0.000010	0.000010	0.000010	0.000010	0.000018	0.000010	0.999902	0.000010	0.000010	LD_0.9_10_1884
BRC20103	0.000010	0.000010	0.000010	0.000010	0.000010	0.000010	0.000010	0.999910	0.000010	0.000010	LD_0.9_10_1884
BRC20105	0.000010	0.037977	0.000010	0.107401	0.000010	0.649194	0.000010	0.205369	0.000010	0.000010	LD_0.9_10_1884
BRC20107	0.000010	0.009350	0.000010	0.106398	0.084162	0.614687	0.000010	0.185352	0.000010	0.000010	LD_0.9_10_1884
BRC20115	0.999905	0.000010	0.000010	0.000010	0.000010	0.000010	0.000010	0.000015	0.000010	0.000010	LD_0.9_10_1884
BRC20119	0.000010	0.000010	0.000010	0.719457	0.000010	0.000010	0.000010	0.280463	0.000010	0.000010	LD_0.9_10_1884
BRC20228	0.000010	0.000010	0.000010	0.000010	0.000010	0.000010	0.000010	0.999910	0.000010	0.000010	LD_0.9_10_1884
BRC20229	0.000011	0.000010	0.999901	0.000015	0.000010	0.000010	0.000012	0.000010	0.000010	0.000010	LD_0.9_10_1884
BRC20230	0.000011	0.000010	0.000010	0.000010	0.000010	0.000010	0.999909	0.000010	0.000010	0.000010	LD_0.9_10_1884
BRC20232	0.000010	0.000010	0.999910	0.000010	0.000010	0.000010	0.000010	0.000010	0.000010	0.000010	LD_0.9_10_1884
BRC20238	0.000010	0.000010	0.000010	0.000010	0.000010	0.000010	0.999910	0.000010	0.000010	0.000010	LD_0.9_10_1884
BRC20239	0.000010	0.000010	0.999910	0.000010	0.000010	0.000010	0.000010	0.000010	0.000010	0.000010	LD_0.9_10_1884
BRC20241	0.000010	0.000010	0.000010	0.069987	0.000010	0.000010	0.000010	0.929933	0.000010	0.000010	LD_0.9_10_1884
BRC20242	0.000010	0.000010	0.000010	0.000010	0.000010	0.000010	0.000010	0.999910	0.000010	0.000010	LD_0.9_10_1884
BRC20244	0.000010	0.000010	0.000010	0.000010	0.000010	0.000010	0.999910	0.000010	0.000010	0.000010	LD_0.9_10_1884
BRC20246	0.000010	0.000010	0.000010	0.000010	0.000010	0.000010	0.999910	0.000010	0.000010	0.000010	LD_0.9_10_1884
BRC20257	0.000010	0.000010	0.000010	0.999910	0.000010	0.000010	0.000010	0.000010	0.000010	0.000010	LD_0.9_10_1884
BRC20260	0.000010	0.000010	0.000010	0.000010	0.000013	0.000013	0.000010	0.999903	0.000010	0.000010	LD_0.9_10_1884
BRC20270	0.000010	0.000010	0.000010	0.000010	0.000010	0.000010	0.999909	0.000011	0.000010	0.000010	LD_0.9_10_1884
BRC20272	0.000010	0.000010	0.000010	0.000010	0.000011	0.000010	0.999907	0.000011	0.000010	0.000010	LD_0.9_10_1884
BRC20289	0.000011	0.000010	0.000011	0.000010	0.000010	0.000011	0.999907	0.000010	0.000010	0.000010	LD_0.9_10_1884
BRC20290	0.000010	0.000010	0.000010	0.000010	0.000010	0.000010	0.999910	0.000010	0.000010	0.000010	LD_0.9_10_1884
BRC20294	0.000010	0.000010	0.000010	0.000010	0.000010	0.000010	0.000010	0.999910	0.000010	0.000010	LD_0.9_10_1884
BRC20308	0.000010	0.000010	0.000010	0.000010	0.000010	0.000010	0.999910	0.000010	0.000010	0.000010	LD_0.9_10_1884
BRC20309	0.000010	0.000010	0.000010	0.000010	0.000010	0.000010	0.999910	0.000010	0.000010	0.000010	LD_0.9_10_1884
BRC20311	0.000010	0.000010	0.000010	0.000010	0.000010	0.000010	0.999910	0.000010	0.000010	0.000010	LD_0.9_10_1884
BRC20312	0.000010	0.000010	0.000010	0.000010	0.000011	0.000010	0.999909	0.000010	0.000010	0.000010	LD_0.9_10_1884
BRC20315	0.000010	0.000010	0.000010	0.000010	0.000010	0.000010	0.999910	0.000010	0.000010	0.000010	LD_0.9_10_1884
BRC20320	0.000010	0.000010	0.000010	0.000010	0.000010	0.000010	0.999908	0.000012	0.000010	0.000010	LD_0.9_10_1884
BRC20324	0.000010	0.000010	0.615025	0.000010	0.003518	0.000010	0.000010	0.381387	0.000010	0.000010	LD_0.9_10_1884
BRC20331	0.000010	0.000010	0.000010	0.000010	0.000012	0.000010	0.999897	0.000014	0.000018	0.000010	LD_0.9_10_1884
BRC20333	0.000010	0.000010	0.000010	0.000010	0.000010	0.000010	0.999910	0.000010	0.000010	0.000010	LD_0.9_10_1884
BRC20334	0.000010	0.000010	0.000010	0.000010	0.000010	0.000010	0.999910	0.000010	0.000010	0.000010	LD_0.9_10_1884
BRC20339	0.000010	0.000010	0.000010	0.000010	0.000010	0.000010	0.999910	0.000010	0.000010	0.000010	LD_0.9_10_1884
BRC20341	0.000010	0.000010	0.000010	0.000010	0.000010	0.000010	0.999910	0.000010	0.000010	0.000010	LD_0.9_10_1884
BRC20343	0.000010	0.000010	0.999910	0.000010	0.000010	0.000010	0.000010	0.000010	0.000010	0.000010	LD_0.9_10_1884
BRC20346	0.000010	0.000010	0.000010	0.000010	0.000010	0.000010	0.999910	0.000010	0.000010	0.000010	LD_0.9_10_1884
BRC20347	0.000011	0.000010	0.999909	0.000010	0.000010	0.000010	0.000010	0.000010	0.000010	0.000010	LD_0.9_10_1884
BRC20348	0.000010	0.000010	0.000010	0.000010	0.000010	0.000010	0.999910	0.000010	0.000010	0.000010	LD_0.9_10_1884
BRC20353	0.000011	0.000010	0.000010	0.000010	0.000010	0.999907	0.000012	0.000010	0.000010	0.000010	LD_0.9_10_1884
BRC20360	0.000010	0.000010	0.000011	0.000010	0.000010	0.999904	0.000010	0.000015	0.000010	0.000010	LD_0.9_10_1884
BRC20361	0.000010	0.000010	0.000010	0.000010	0.000010	0.999910	0.000010	0.000010	0.000010	0.000010	LD_0.9_10_1884
BRC20362	0.000010	0.000010	0.000010	0.000010	0.000010	0.999910	0.000010	0.000010	0.000010	0.000010	LD_0.9_10_1884
BRC20366	0.000010	0.000015	0.000010	0.000010	0.000010	0.000010	0.999905	0.000010	0.000010	0.000010	LD_0.9_10_1884
BRC20367	0.000010	0.000010	0.000010	0.000010	0.000010	0.000010	0.999910	0.000010	0.000010	0.000010	LD_0.9_10_1884
BRC20369	0.000010	0.000010	0.000010	0.000010	0.000010	0.000010	0.000010	0.999910	0.000010	0.000010	LD_0.9_10_1884
BRC20370	0.000010	0.000010	0.000010	0.000010	0.000010	0.000010	0.999910	0.000010	0.000010	0.000010	LD_0.9_10_1884
BRC20388	0.000010	0.000010	0.000010	0.000010	0.000010	0.000010	0.000010	0.000010	0.000010	0.999910	LD_0.9_10_1884
BRC20390	0.000010	0.000010	0.000010	0.000010	0.000010	0.000010	0.999909	0.000011	0.000010	0.000010	LD_0.9_10_1884
BRC20401	0.000010	0.000010	0.000010	0.000010	0.000010	0.000010	0.000010	0.999910	0.000010	0.000010	LD_0.9_10_1884
BRC20463	0.000010	0.000010	0.000010	0.000010	0.000010	0.000011	0.999906	0.000013	0.000010	0.000010	LD_0.9_10_1884
BRC20492	0.999910	0.000010	0.000010	0.000010	0.000010	0.000010	0.000010	0.000010	0.000010	0.000010	LD_0.9_10_1884
BRC20499	0.000010	0.000010	0.000010	0.000010	0.000010	0.000010	0.999910	0.000010	0.000010	0.000010	LD_0.9_10_1884
BRC20501	0.000010	0.000014	0.000017	0.000010	0.000010	0.000010	0.999896	0.000013	0.000010	0.000010	LD_0.9_10_1884
BRC20502	0.684524	0.000010	0.000010	0.000010	0.000010	0.000010	0.077054	0.238352	0.000010	0.000010	LD_0.9_10_1884
BRC20503	0.684252	0.000010	0.000010	0.000010	0.000010	0.000010	0.077904	0.237773	0.000010	0.000010	LD_0.9_10_1884
BRC20519	0.999910	0.000010	0.000010	0.000010	0.000010	0.000010	0.000010	0.000010	0.000010	0.000010	LD_0.9_10_1884
BRC20520	0.999903	0.000010	0.000013	0.000014	0.000010	0.000010	0.000010	0.000010	0.000010	0.000010	LD_0.9_10_1884
BRC20522	0.000010	0.000010	0.999910	0.000010	0.000010	0.000010	0.000010	0.000010	0.000010	0.000010	LD_0.9_10_1884
BRC20524	0.000013	0.000010	0.999907	0.000010	0.000010	0.000010	0.000010	0.000010	0.000010	0.000010	LD_0.9_10_1884
BRC20529	0.000010	0.000010	0.000010	0.000010	0.000010	0.000010	0.999910	0.000010	0.000010	0.000010	LD_0.9_10_1884
BRC20530	0.000010	0.000010	0.999907	0.000010	0.000011	0.000010	0.000010	0.000012	0.000010	0.000010	LD_0.9_10_1884
BRC20531	0.000011	0.000010	0.999904	0.000010	0.000011	0.000014	0.000010	0.000010	0.000010	0.000010	LD_0.9_10_1884
BRC20532	0.000010	0.000010	0.000010	0.000010	0.000010	0.000010	0.999910	0.000010	0.000010	0.000010	LD_0.9_10_1884
BRC20533	0.000010	0.000010	0.000010	0.000010	0.000010	0.000010	0.999910	0.000010	0.000010	0.000010	LD_0.9_10_1884
BRC20534	0.000010	0.000010	0.000018	0.000010	0.000010	0.000010	0.999900	0.000012	0.000010	0.000010	LD_0.9_10_1884
BRC20535	0.000010	0.000010	0.000013	0.000010	0.000010	0.000010	0.999907	0.000010	0.000010	0.000010	LD_0.9_10_1884
BRC20536	0.000010	0.000019	0.000010	0.000010	0.000010	0.000010	0.999901	0.000010	0.000010	0.000010	LD_0.9_10_1884
BRC20537	0.000010	0.000010	0.000010	0.000010	0.000010	0.000010	0.999910	0.000010	0.000010	0.000010	LD_0.9_10_1884
BRC20541	0.999910	0.000010	0.000010	0.000010	0.000010	0.000010	0.000010	0.000010	0.000010	0.000010	LD_0.9_10_1884
BRC20543	0.000010	0.000010	0.000010	0.000010	0.000010	0.000010	0.999910	0.000010	0.000010	0.000010	LD_0.9_10_1884
BRC20544	0.000010	0.000010	0.000010	0.000010	0.000010	0.000010	0.999910	0.000010	0.000010	0.000010	LD_0.9_10_1884
BRC20545	0.000019	0.000010	0.000010	0.000010	0.000010	0.000010	0.999901	0.000010	0.000010	0.000010	LD_0.9_10_1884
BRC20556	0.000010	0.000010	0.000010	0.000010	0.000010	0.000010	0.000010	0.999910	0.000010	0.000010	LD_0.9_10_1884
BRC20557	0.000010	0.000010	0.000010	0.000010	0.000010	0.000010	0.999910	0.000010	0.000010	0.000010	LD_0.9_10_1884
BRC20565	0.000010	0.000010	0.000010	0.000010	0.000010	0.000010	0.000011	0.999909	0.000010	0.000010	LD_0.9_10_1884
BRC20571	0.000010	0.000010	0.000010	0.033885	0.000010	0.029315	0.000010	0.936730	0.000010	0.000010	LD_0.9_10_1884
BRC20574	0.000010	0.000010	0.000010	0.000010	0.000010	0.000010	0.000010	0.999910	0.000010	0.000010	LD_0.9_10_1884
BW287	0.000010	0.000010	0.000012	0.000010	0.000010	0.000010	0.000010	0.000010	0.000010	0.999908	LD_0.9_10_1884
DF5100	0.000016	0.000010	0.000010	0.000010	0.360785	0.000010	0.000010	0.639127	0.000012	0.000010	LD_0.9_10_1884
ECA1129	0.000010	0.000010	0.000010	0.000010	0.000010	0.000011	0.000010	0.999909	0.000010	0.000010	LD_0.9_10_1884
ECA1143	0.000013	0.027459	0.000010	0.000010	0.214857	0.000010	0.000010	0.757610	0.000010	0.000010	LD_0.9_10_1884
ECA1147	0.000010	0.000010	0.000010	0.000010	0.000010	0.000010	0.000010	0.999910	0.000010	0.000010	LD_0.9_10_1884
ECA1149	0.000010	0.000010	0.000010	0.000010	0.000010	0.000010	0.042188	0.957732	0.000010	0.000010	LD_0.9_10_1884
ECA1160	0.000010	0.000010	0.000010	0.000010	0.000010	0.000010	0.000010	0.999910	0.000010	0.000010	LD_0.9_10_1884
ECA1164	0.000010	0.000010	0.000010	0.000010	0.000010	0.000010	0.000010	0.999910	0.000010	0.000010	LD_0.9_10_1884
ECA1170	0.000010	0.000010	0.000010	0.000010	0.000010	0.000010	0.999910	0.000010	0.000010	0.000010	LD_0.9_10_1884
ECA1174	0.000010	0.000010	0.000010	0.000010	0.000010	0.000012	0.000010	0.999908	0.000010	0.000010	LD_0.9_10_1884
ECA1383	0.000011	0.000010	0.000018	0.000010	0.000010	0.000010	0.999902	0.000010	0.000010	0.000010	LD_0.9_10_1884
ECA1411	0.000010	0.000011	0.000010	0.000010	0.000010	0.000010	0.000010	0.999909	0.000010	0.000010	LD_0.9_10_1884
ECA1423	0.000010	0.001515	0.000010	0.000010	0.003429	0.000010	0.000010	0.994987	0.000010	0.000010	LD_0.9_10_1884
ECA1429	0.000010	0.000013	0.000010	0.000010	0.000010	0.000010	0.000010	0.999907	0.000010	0.000010	LD_0.9_10_1884
ECA1431	0.000010	0.000010	0.000010	0.000010	0.000010	0.000013	0.000010	0.999907	0.000010	0.000010	LD_0.9_10_1884
ECA1437	0.000010	0.000010	0.000010	0.000010	0.000010	0.000010	0.000010	0.999910	0.000010	0.000010	LD_0.9_10_1884
ECA1439	0.000010	0.000010	0.000011	0.000010	0.142211	0.000010	0.000015	0.857704	0.000010	0.000010	LD_0.9_10_1884
ECA1443	0.000010	0.000010	0.000010	0.000010	0.000010	0.000010	0.941687	0.058233	0.000010	0.000010	LD_0.9_10_1884
ECA1471	0.000010	0.000010	0.000010	0.000010	0.000010	0.000010	0.000010	0.999910	0.000010	0.000010	LD_0.9_10_1884
ECA1489	0.000011	0.054967	0.000010	0.000010	0.339694	0.000010	0.000010	0.605268	0.000010	0.000010	LD_0.9_10_1884
ECA1507	0.000010	0.000010	0.000010	0.000010	0.000010	0.000010	0.000010	0.999910	0.000010	0.000010	LD_0.9_10_1884
ECA1509	0.000010	0.000010	0.000010	0.000011	0.000010	0.000018	0.000010	0.999901	0.000010	0.000010	LD_0.9_10_1884
ECA1517	0.000010	0.002558	0.000010	0.000010	0.048143	0.000010	0.000010	0.949229	0.000010	0.000010	LD_0.9_10_1884
ECA1521	0.000010	0.000010	0.000010	0.000010	0.000010	0.000010	0.000010	0.999910	0.000010	0.000010	LD_0.9_10_1884
ECA1555	0.000010	0.000010	0.000010	0.000012	0.000010	0.000013	0.000010	0.999906	0.000010	0.000010	LD_0.9_10_1884
ECA1559	0.000010	0.000010	0.000010	0.000010	0.000010	0.000010	0.999910	0.000010	0.000010	0.000010	LD_0.9_10_1884
ECA1563	0.000010	0.000010	0.000010	0.000010	0.000010	0.000010	0.000011	0.999909	0.000010	0.000010	LD_0.9_10_1884
ECA1571	0.000010	0.055874	0.000010	0.000012	0.248809	0.000010	0.000010	0.695245	0.000010	0.000010	LD_0.9_10_1884
ECA1587	0.000010	0.000010	0.000010	0.000010	0.000010	0.000010	0.000010	0.999910	0.000010	0.000010	LD_0.9_10_1884
ECA1605	0.000010	0.031575	0.000011	0.000415	0.064209	0.000010	0.876276	0.027474	0.000010	0.000010	LD_0.9_10_1884
ECA1609	0.000010	0.000010	0.000010	0.000010	0.000010	0.000010	0.000010	0.999910	0.000010	0.000010	LD_0.9_10_1884
ECA161	0.000010	0.000010	0.000010	0.000010	0.000010	0.000010	0.000010	0.999910	0.000010	0.000010	LD_0.9_10_1884
ECA1611	0.000010	0.000010	0.000010	0.000010	0.000010	0.000010	0.000010	0.999910	0.000010	0.000010	LD_0.9_10_1884
ECA1615	0.000010	0.000017	0.000010	0.000010	0.000010	0.000010	0.000010	0.999903	0.000010	0.000010	LD_0.9_10_1884
ECA162	0.000010	0.000010	0.000010	0.000010	0.000010	0.000010	0.000010	0.999910	0.000010	0.000010	LD_0.9_10_1884
ECA1621	0.000010	0.000010	0.000010	0.000010	0.000010	0.000010	0.000010	0.999910	0.000010	0.000010	LD_0.9_10_1884
ECA163	0.032311	0.000010	0.583423	0.000010	0.116182	0.000010	0.016415	0.022134	0.050252	0.179251	LD_0.9_10_1884
ECA1637	0.000010	0.000010	0.000010	0.000010	0.000010	0.000010	0.000010	0.999910	0.000010	0.000010	LD_0.9_10_1884
ECA1657	0.000010	0.000010	0.000010	0.000010	0.000010	0.000010	0.000010	0.999910	0.000010	0.000010	LD_0.9_10_1884
ECA1701	0.000010	0.019561	0.000010	0.000010	0.000010	0.013962	0.000010	0.966407	0.000010	0.000010	LD_0.9_10_1884
ECA175	0.000010	0.000012	0.000010	0.000010	0.000010	0.000010	0.000010	0.999908	0.000010	0.000010	LD_0.9_10_1884
ECA176	0.000010	0.003139	0.000010	0.000010	0.000010	0.000010	0.000010	0.996781	0.000010	0.000010	LD_0.9_10_1884
ECA177	0.000010	0.000010	0.000010	0.000012	0.000010	0.000010	0.000010	0.999908	0.000010	0.000010	LD_0.9_10_1884
ECA180	0.000010	0.000010	0.000010	0.000010	0.000010	0.000010	0.000010	0.999910	0.000010	0.000010	LD_0.9_10_1884
ECA182	0.000010	0.000010	0.000010	0.000010	0.000010	0.000010	0.000011	0.999909	0.000010	0.000010	LD_0.9_10_1884
ECA183	0.000010	0.000010	0.000010	0.000010	0.000010	0.000010	0.000010	0.999910	0.000010	0.000010	LD_0.9_10_1884
ECA185	0.000010	0.000010	0.000010	0.000010	0.032288	0.000010	0.000010	0.967632	0.000010	0.000010	LD_0.9_10_1884
ECA186	0.000010	0.000010	0.000010	0.000012	0.066468	0.000010	0.000010	0.933447	0.000013	0.000010	LD_0.9_10_1884
ECA2083	0.000010	0.000010	0.000010	0.000010	0.000010	0.000010	0.000010	0.999910	0.000010	0.000010	LD_0.9_10_1884
ECA2093	0.000010	0.000010	0.000010	0.000010	0.000010	0.000010	0.000010	0.999910	0.000010	0.000010	LD_0.9_10_1884
ECA2115	0.000010	0.000010	0.000010	0.000010	0.000010	0.000010	0.000010	0.999910	0.000010	0.000010	LD_0.9_10_1884
ECA2299	0.000010	0.000010	0.000016	0.000010	0.000010	0.000010	0.999904	0.000010	0.000010	0.000010	LD_0.9_10_1884
ECA2373	0.000010	0.040305	0.000010	0.000010	0.000010	0.009002	0.000010	0.950623	0.000010	0.000010	LD_0.9_10_1884
ECA2385	0.000010	0.000010	0.000010	0.000010	0.000010	0.000010	0.999910	0.000010	0.000010	0.000010	LD_0.9_10_1884
ECA2425	0.000010	0.000010	0.000010	0.000010	0.000010	0.000012	0.000010	0.999908	0.000010	0.000010	LD_0.9_10_1884
ECA2617	0.000010	0.000010	0.000010	0.000010	0.000010	0.000010	0.000010	0.000010	0.999910	0.000010	LD_0.9_10_1884
ECA2618	0.000010	0.000016	0.000010	0.000010	0.000010	0.000010	0.000010	0.000010	0.999903	0.000010	LD_0.9_10_1884
ECA2621	0.000010	0.000010	0.000010	0.000010	0.000010	0.000010	0.000010	0.000010	0.999910	0.000010	LD_0.9_10_1884
ECA2623	0.000010	0.000010	0.000010	0.000010	0.884014	0.000010	0.000010	0.115906	0.000010	0.000010	LD_0.9_10_1884
ECA2625	0.000010	0.000010	0.000010	0.000010	0.000010	0.000010	0.000010	0.999910	0.000010	0.000010	LD_0.9_10_1884
ECA2626	0.000010	0.000010	0.000010	0.000010	0.000010	0.000010	0.000010	0.999910	0.000010	0.000010	LD_0.9_10_1884
ECA2636	0.000010	0.000010	0.000010	0.000010	0.000010	0.000018	0.000010	0.999902	0.000010	0.000010	LD_0.9_10_1884
ECA2637	0.000010	0.000010	0.000010	0.000010	0.000010	0.000010	0.000010	0.999910	0.000010	0.000010	LD_0.9_10_1884
ECA2639	0.000010	0.000010	0.000010	0.000010	0.000010	0.000010	0.000010	0.000010	0.999910	0.000010	LD_0.9_10_1884
ECA2645	0.000010	0.000010	0.000010	0.000010	0.000010	0.000010	0.000010	0.999909	0.000010	0.000010	LD_0.9_10_1884
ECA2647	0.000010	0.000010	0.000010	0.000010	0.000010	0.000010	0.000010	0.000010	0.999910	0.000010	LD_0.9_10_1884
ECA2663	0.000010	0.000010	0.000010	0.000010	0.000010	0.000010	0.000010	0.999910	0.000010	0.000010	LD_0.9_10_1884
ECA2664	0.000010	0.000010	0.000010	0.000019	0.876956	0.000010	0.000010	0.122955	0.000010	0.000010	LD_0.9_10_1884
ECA2666	0.000010	0.000010	0.000010	0.000010	0.000010	0.000010	0.000010	0.000010	0.999910	0.000010	LD_0.9_10_1884
ECA2667	0.000010	0.000015	0.000010	0.000012	0.000010	0.000010	0.000010	0.999903	0.000010	0.000010	LD_0.9_10_1884
ECA2670	0.000010	0.000010	0.000010	0.000010	0.000010	0.000010	0.000011	0.000010	0.999909	0.000010	LD_0.9_10_1884
ECA276	0.031923	0.000010	0.583700	0.000010	0.115449	0.000010	0.017523	0.024207	0.049902	0.177266	LD_0.9_10_1884
ECA278	0.000010	0.000010	0.000010	0.000010	0.000010	0.000010	0.000010	0.000010	0.000010	0.999910	LD_0.9_10_1884
ECA2808	0.000010	0.000013	0.000010	0.000010	0.089912	0.000010	0.000010	0.910006	0.000010	0.000010	LD_0.9_10_1884
ECA287	0.000010	0.000010	0.000010	0.000010	0.000010	0.000010	0.988646	0.011274	0.000010	0.000010	LD_0.9_10_1884
ECA288	0.000010	0.000010	0.000010	0.000010	0.671801	0.000010	0.104147	0.223982	0.000010	0.000010	LD_0.9_10_1884
ECA2883	0.000010	0.000010	0.000010	0.000010	0.000010	0.000010	0.000010	0.999910	0.000010	0.000010	LD_0.9_10_1884
ECA2890	0.000010	0.000010	0.000010	0.000010	0.000010	0.000010	0.000010	0.999910	0.000010	0.000010	LD_0.9_10_1884
ECA2894	0.000010	0.000010	0.000010	0.000010	0.092506	0.000010	0.000010	0.907410	0.000014	0.000010	LD_0.9_10_1884
ECA2936	0.000010	0.000010	0.000010	0.000010	0.000010	0.000010	0.999910	0.000010	0.000010	0.000010	LD_0.9_10_1884
ECA2975	0.000010	0.000010	0.000010	0.000010	0.000010	0.000010	0.000010	0.999910	0.000010	0.000010	LD_0.9_10_1884
ECA3091	0.000010	0.000013	0.000010	0.000010	0.000010	0.000010	0.000010	0.999907	0.000010	0.000010	LD_0.9_10_1884
ECA343	0.000010	0.000010	0.000010	0.000010	0.000010	0.000015	0.000010	0.999905	0.000010	0.000010	LD_0.9_10_1884
ECA346	0.000015	0.000015	0.000010	0.000010	0.119590	0.000010	0.000010	0.880320	0.000010	0.000010	LD_0.9_10_1884
ECA3502	0.000015	0.000010	0.000010	0.000010	0.000010	0.000010	0.999905	0.000010	0.000010	0.000010	LD_0.9_10_1884
ECA3503	0.000010	0.000010	0.000010	0.000010	0.000010	0.000010	0.000010	0.999910	0.000010	0.000010	LD_0.9_10_1884
ECA3509	0.000010	0.000010	0.000010	0.000010	0.000010	0.000010	0.000010	0.999910	0.000010	0.000010	LD_0.9_10_1884
ECA3708	0.000010	0.000010	0.000010	0.000010	0.000010	0.000010	0.000010	0.999910	0.000010	0.000010	LD_0.9_10_1884
ECA371	0.000010	0.006329	0.000010	0.000010	0.000010	0.000010	0.000010	0.993591	0.000010	0.000010	LD_0.9_10_1884
ECA3712	0.000010	0.000010	0.000010	0.000010	0.000015	0.000010	0.000010	0.999905	0.000010	0.000010	LD_0.9_10_1884
ECA3713	0.000010	0.000010	0.000010	0.000010	0.000010	0.000010	0.000010	0.999910	0.000010	0.000010	LD_0.9_10_1884
ECA3899	0.000010	0.000010	0.000010	0.000010	0.000010	0.000010	0.000010	0.999910	0.000010	0.000010	LD_0.9_10_1884
ECA4382	0.000010	0.000010	0.000010	0.000010	0.383845	0.000010	0.000010	0.616075	0.000010	0.000010	LD_0.9_10_1884
ECA4390	0.000010	0.000010	0.000019	0.000010	0.999901	0.000010	0.000010	0.000010	0.000010	0.000010	LD_0.9_10_1884
ECA4394	0.000010	0.000010	0.000010	0.000010	0.000010	0.000012	0.000010	0.999908	0.000010	0.000010	LD_0.9_10_1884
ECA4402	0.000010	0.000010	0.000010	0.000010	0.000017	0.000010	0.000010	0.999903	0.000010	0.000010	LD_0.9_10_1884
ECA569	0.000010	0.000010	0.000010	0.000010	0.000010	0.000010	0.000010	0.000010	0.000010	0.999910	LD_0.9_10_1884
ED3032	0.000010	0.000010	0.000010	0.000010	0.000010	0.000010	0.000010	0.999910	0.000010	0.000010	LD_0.9_10_1884
ED3037	0.000010	0.000010	0.000010	0.000010	0.000010	0.000010	0.000010	0.999910	0.000010	0.000010	LD_0.9_10_1884
ED3088	0.000011	0.000010	0.000010	0.000010	0.137283	0.000010	0.000012	0.862629	0.000015	0.000010	LD_0.9_10_1884
ED3102	0.054543	0.000010	0.601339	0.000010	0.000010	0.000010	0.024150	0.121663	0.039568	0.158696	LD_0.9_10_1884
EG4360	0.000010	0.000010	0.000010	0.000010	0.000010	0.000010	0.000010	0.000010	0.000010	0.999910	LD_0.9_10_1884
EG5612	0.000010	0.000010	0.000010	0.000010	0.000010	0.999910	0.000010	0.000010	0.000010	0.000010	LD_0.9_10_1884
EG5613	0.000010	0.000010	0.000010	0.035138	0.546380	0.025067	0.000010	0.393356	0.000010	0.000010	LD_0.9_10_1884
EG6179	0.000010	0.000010	0.000010	0.009856	0.083530	0.037660	0.000010	0.868895	0.000010	0.000010	LD_0.9_10_1884
EG6260	0.000010	0.000010	0.000010	0.000010	0.965206	0.000010	0.000010	0.034714	0.000010	0.000010	LD_0.9_10_1884
EG6261	0.000010	0.000010	0.000010	0.000010	0.501425	0.000010	0.000013	0.498492	0.000010	0.000010	LD_0.9_10_1884
EG6265	0.000010	0.016572	0.000010	0.000011	0.000010	0.000010	0.983347	0.000010	0.000010	0.000010	LD_0.9_10_1884
EG6267	0.000010	0.000010	0.000010	0.000010	0.412384	0.000010	0.000010	0.587536	0.000010	0.000010	LD_0.9_10_1884
EG6271	0.000010	0.000010	0.000010	0.000011	0.980161	0.000010	0.000010	0.019758	0.000010	0.000010	LD_0.9_10_1884
EG6272	0.000010	0.000010	0.000010	0.000011	0.593438	0.000010	0.000010	0.406481	0.000010	0.000010	LD_0.9_10_1884
EG6274	0.000010	0.000010	0.000010	0.000010	0.456454	0.000010	0.000010	0.543466	0.000010	0.000010	LD_0.9_10_1884
EG6275	0.000010	0.000010	0.000010	0.000010	0.450209	0.000010	0.000010	0.549711	0.000010	0.000010	LD_0.9_10_1884
EG6276	0.000010	0.000010	0.000010	0.000010	0.389805	0.000010	0.000010	0.610115	0.000010	0.000010	LD_0.9_10_1884
EG6329	0.000010	0.000010	0.000010	0.000010	0.999909	0.000010	0.000011	0.000010	0.000010	0.000010	LD_0.9_10_1884
GUN124	0.000010	0.000010	0.000010	0.000010	0.000010	0.000010	0.000010	0.000010	0.000010	0.999910	LD_0.9_10_1884
GXW22	0.000010	0.000010	0.000010	0.000010	0.000010	0.000010	0.000010	0.999910	0.000010	0.000010	LD_0.9_10_1884
GXW23	0.000010	0.000010	0.000010	0.000010	0.000010	0.785809	0.000010	0.214111	0.000010	0.000010	LD_0.9_10_1884
HK104	0.000010	0.000010	0.000010	0.000010	0.000010	0.000012	0.000010	0.000011	0.000010	0.999906	LD_0.9_10_1884
HPT11	0.135579	0.000010	0.034519	0.000010	0.000010	0.000010	0.108405	0.125100	0.000010	0.596347	LD_0.9_10_1884
HPT16	0.000011	0.000010	0.000010	0.000010	0.730037	0.000010	0.000010	0.269882	0.000010	0.000010	LD_0.9_10_1884
HPT18	0.134077	0.000010	0.038482	0.000010	0.000010	0.000010	0.110345	0.127385	0.000010	0.589661	LD_0.9_10_1884
HPT19	0.000011	0.000010	0.000010	0.000010	0.635344	0.029181	0.000010	0.335404	0.000010	0.000010	LD_0.9_10_1884
HPT2	0.000011	0.000010	0.000010	0.000010	0.756337	0.052804	0.000010	0.190788	0.000010	0.000010	LD_0.9_10_1884
HPT21	0.000010	0.002769	0.000010	0.000013	0.033471	0.000010	0.000010	0.963687	0.000010	0.000010	LD_0.9_10_1884
HPT24	0.136362	0.000010	0.035000	0.000010	0.000010	0.000010	0.108001	0.127109	0.000010	0.593479	LD_0.9_10_1884
HPT34	0.000011	0.000010	0.000010	0.000010	0.698648	0.048096	0.000010	0.253184	0.000012	0.000010	LD_0.9_10_1884
HPT37	0.000011	0.029418	0.000010	0.000013	0.563362	0.048523	0.000010	0.358633	0.000010	0.000010	LD_0.9_10_1884
HPT4	0.000011	0.000010	0.000010	0.000010	0.710076	0.049874	0.000010	0.239979	0.000010	0.000010	LD_0.9_10_1884
HPT42	0.000011	0.000010	0.000010	0.000010	0.685453	0.000010	0.000010	0.314466	0.000010	0.000010	LD_0.9_10_1884
HPT52	0.000010	0.000010	0.000010	0.431473	0.000010	0.000010	0.000010	0.568447	0.000010	0.000010	LD_0.9_10_1884
HPT53	0.000010	0.000013	0.000010	0.000010	0.000010	0.000015	0.000010	0.999903	0.000010	0.000010	LD_0.9_10_1884
HPT54	0.000010	0.000010	0.000010	0.000019	0.000010	0.000010	0.000010	0.999901	0.000010	0.000010	LD_0.9_10_1884
HPT55	0.000010	0.000010	0.000010	0.000010	0.000010	0.000010	0.000010	0.999910	0.000010	0.000010	LD_0.9_10_1884
HPT59	0.000010	0.000011	0.000012	0.000011	0.000010	0.000010	0.000010	0.999905	0.000011	0.000010	LD_0.9_10_1884
HPT60	0.000010	0.000010	0.000010	0.000010	0.000010	0.000010	0.000010	0.999910	0.000010	0.000010	LD_0.9_10_1884
HPT62	0.000010	0.000010	0.000010	0.999910	0.000010	0.000010	0.000010	0.000010	0.000010	0.000010	LD_0.9_10_1884
HPT63	0.000010	0.000010	0.000010	0.000010	0.000010	0.000010	0.000010	0.999910	0.000010	0.000010	LD_0.9_10_1884
HPT7	0.000010	0.000010	0.000010	0.000010	0.728477	0.010921	0.000010	0.260533	0.000010	0.000010	LD_0.9_10_1884
HPT8	0.000011	0.000010	0.000010	0.000010	0.696506	0.047819	0.000010	0.255605	0.000010	0.000010	LD_0.9_10_1884
HPT9	0.000010	0.000010	0.000010	0.000010	0.000010	0.871451	0.000010	0.128469	0.000010	0.000010	LD_0.9_10_1884
JU1085	0.000010	0.000010	0.000010	0.000010	0.000010	0.000010	0.000010	0.000010	0.000010	0.999910	LD_0.9_10_1884
JU1337	0.000010	0.000010	0.000010	0.038120	0.409475	0.000010	0.000010	0.552335	0.000010	0.000010	LD_0.9_10_1884
JU1338	0.000010	0.000010	0.000010	0.000010	0.000010	0.999910	0.000010	0.000010	0.000010	0.000010	LD_0.9_10_1884
JU1341	0.000010	0.000010	0.000010	0.000010	0.000010	0.000010	0.000010	0.000010	0.999910	0.000010	LD_0.9_10_1884
JU1346	0.000010	0.000010	0.000010	0.000010	0.000010	0.999902	0.000012	0.000016	0.000010	0.000010	LD_0.9_10_1884
JU1347	0.000010	0.000010	0.000010	0.000010	0.523745	0.000010	0.000010	0.476175	0.000010	0.000010	LD_0.9_10_1884
JU1348	0.000010	0.000010	0.000010	0.000010	0.000010	0.000010	0.000010	0.000010	0.999910	0.000010	LD_0.9_10_1884
JU1375	0.000010	0.000010	0.000015	0.000012	0.429388	0.000010	0.000013	0.570522	0.000010	0.000010	LD_0.9_10_1884
JU1377	0.000010	0.000010	0.000010	0.000010	0.408947	0.000010	0.000010	0.590973	0.000010	0.000010	LD_0.9_10_1884
JU1378	0.000010	0.000010	0.000010	0.000014	0.484190	0.000010	0.000010	0.515726	0.000010	0.000010	LD_0.9_10_1884
JU1392	0.000010	0.000010	0.000010	0.000010	0.471299	0.000010	0.000010	0.528621	0.000010	0.000010	LD_0.9_10_1884
JU1399	0.000010	0.141094	0.000010	0.000010	0.694260	0.000010	0.000010	0.164575	0.000010	0.000010	LD_0.9_10_1884
JU1424	0.000010	0.000010	0.000010	0.000010	0.000010	0.999910	0.000010	0.000010	0.000010	0.000010	LD_0.9_10_1884
JU1435	0.000010	0.000010	0.000010	0.000011	0.457530	0.000010	0.000012	0.542388	0.000010	0.000010	LD_0.9_10_1884
JU1564	0.000010	0.000010	0.000010	0.000010	0.000010	0.000010	0.000010	0.000010	0.000010	0.999910	LD_0.9_10_1884
JU1637	0.000010	0.000010	0.000010	0.000010	0.453439	0.000010	0.000010	0.546481	0.000010	0.000010	LD_0.9_10_1884
JU1638	0.000010	0.000010	0.000010	0.000010	0.492850	0.000010	0.000010	0.507070	0.000010	0.000010	LD_0.9_10_1884
JU1794	0.000010	0.000010	0.000010	0.014657	0.336880	0.054483	0.000010	0.593919	0.000011	0.000010	LD_0.9_10_1884
JU1795	0.000010	0.000010	0.000010	0.000010	0.148392	0.000010	0.000010	0.851528	0.000010	0.000010	LD_0.9_10_1884
JU1799	0.000010	0.000012	0.000010	0.000018	0.405960	0.000010	0.000019	0.593941	0.000010	0.000010	LD_0.9_10_1884
JU1802	0.000010	0.000010	0.000010	0.000010	0.427846	0.000010	0.000010	0.572074	0.000010	0.000010	LD_0.9_10_1884
JU1814	0.000010	0.000010	0.000010	0.000010	0.885447	0.000010	0.000010	0.114473	0.000010	0.000010	LD_0.9_10_1884
JU1884	0.000010	0.000012	0.000014	0.000010	0.053997	0.000010	0.000017	0.945909	0.000010	0.000010	LD_0.9_10_1884
JU1885	0.000010	0.000010	0.000010	0.056045	0.511096	0.000010	0.000012	0.432787	0.000011	0.000010	LD_0.9_10_1884
JU1907	0.000010	0.000010	0.000010	0.000010	0.034004	0.000010	0.000010	0.965916	0.000010	0.000010	LD_0.9_10_1884
JU1908	0.000010	0.000010	0.000010	0.000010	0.046600	0.000010	0.000010	0.953320	0.000010	0.000010	LD_0.9_10_1884
JU1909	0.000010	0.000010	0.000010	0.000010	0.000010	0.000010	0.000010	0.999910	0.000010	0.000010	LD_0.9_10_1884
JU1913	0.000010	0.000010	0.000010	0.413107	0.054746	0.000010	0.000010	0.532077	0.000010	0.000010	LD_0.9_10_1884
JU2053	0.000010	0.000013	0.000011	0.000010	0.073797	0.000010	0.000011	0.926118	0.000010	0.000010	LD_0.9_10_1884
JU2054	0.000010	0.000010	0.000010	0.000010	0.000010	0.000010	0.000010	0.999910	0.000010	0.000010	LD_0.9_10_1884
JU2056	0.000010	0.000010	0.000010	0.000010	0.000010	0.000010	0.000010	0.999910	0.000010	0.000010	LD_0.9_10_1884
JU2057	0.000010	0.000010	0.000010	0.999898	0.000019	0.000010	0.000013	0.000010	0.000010	0.000010	LD_0.9_10_1884
JU2160	0.000010	0.000010	0.000010	0.999900	0.000020	0.000010	0.000010	0.000010	0.000010	0.000010	LD_0.9_10_1884
JU2162	0.000010	0.000010	0.000010	0.999910	0.000010	0.000010	0.000010	0.000010	0.000010	0.000010	LD_0.9_10_1884
JU2214	0.000010	0.203130	0.000011	0.000010	0.092642	0.000010	0.000010	0.704157	0.000010	0.000010	LD_0.9_10_1884
JU2216	0.000011	0.000011	0.000010	0.000010	0.000010	0.000010	0.999909	0.000010	0.000010	0.000010	LD_0.9_10_1884
JU2457	0.000010	0.013534	0.000010	0.000010	0.256221	0.000010	0.000010	0.257591	0.000010	0.472593	LD_0.9_10_1884
JU2470	0.000010	0.000010	0.000010	0.999908	0.000010	0.000010	0.000010	0.000011	0.000010	0.000010	LD_0.9_10_1884
JU2472	0.000013	0.000010	0.000010	0.000010	0.586331	0.000010	0.000010	0.413587	0.000010	0.000010	LD_0.9_10_1884
JU2507	0.000010	0.000010	0.000010	0.999910	0.000010	0.000010	0.000010	0.000010	0.000010	0.000010	LD_0.9_10_1884
JU2518	0.000010	0.079994	0.000010	0.000010	0.919926	0.000010	0.000010	0.000010	0.000010	0.000010	LD_0.9_10_1884
JU2536	0.000010	0.000010	0.000010	0.000010	0.000010	0.000010	0.000010	0.000010	0.000010	0.999910	LD_0.9_10_1884
JU2618	0.000010	0.617220	0.000010	0.000012	0.382694	0.000010	0.000012	0.000012	0.000010	0.000010	LD_0.9_10_1884
JU2799	0.000010	0.000010	0.000010	0.000010	0.179396	0.000010	0.000010	0.820524	0.000010	0.000010	LD_0.9_10_1884
JU2836	0.000010	0.244658	0.000010	0.001762	0.049839	0.000010	0.000010	0.703681	0.000010	0.000010	LD_0.9_10_1884
JU2849	0.000010	0.000010	0.000010	0.000010	0.000010	0.999910	0.000010	0.000010	0.000010	0.000010	LD_0.9_10_1884
JU2861	0.000010	0.000015	0.000010	0.000010	0.043005	0.000010	0.000010	0.956911	0.000010	0.000010	LD_0.9_10_1884
JU2868	0.000010	0.000010	0.000010	0.000010	0.000010	0.000010	0.000010	0.999910	0.000010	0.000010	LD_0.9_10_1884
JU2872	0.000010	0.000010	0.000010	0.000010	0.000010	0.000010	0.000010	0.000010	0.000010	0.999910	LD_0.9_10_1884
JU2910	0.000010	0.000010	0.000010	0.048064	0.497592	0.031247	0.000010	0.423038	0.000010	0.000010	LD_0.9_10_1884
JU3168	0.044006	0.000010	0.623515	0.000019	0.033645	0.000010	0.015295	0.087462	0.043333	0.152704	LD_0.9_10_1884
JU3171	0.000014	0.000010	0.000010	0.000010	0.346476	0.000010	0.000010	0.653440	0.000010	0.000010	LD_0.9_10_1884
JU3199	0.000010	0.000010	0.000010	0.000010	0.000010	0.000010	0.000010	0.000010	0.999910	0.000010	LD_0.9_10_1884
JU3200	0.000010	0.000010	0.000010	0.000010	0.000010	0.000010	0.000010	0.000010	0.999910	0.000010	LD_0.9_10_1884
JU3201	0.000010	0.000010	0.000010	0.000010	0.000010	0.000010	0.000010	0.000010	0.999910	0.000010	LD_0.9_10_1884
JU3202	0.000010	0.000010	0.000010	0.000010	0.000010	0.000010	0.000010	0.000010	0.999910	0.000010	LD_0.9_10_1884
JU3203	0.000010	0.000010	0.000010	0.000010	0.000010	0.000010	0.000010	0.000010	0.999910	0.000010	LD_0.9_10_1884
JU3206	0.000010	0.000010	0.000010	0.000010	0.000010	0.000010	0.000010	0.000010	0.999910	0.000010	LD_0.9_10_1884
JU3207	0.000010	0.000010	0.000010	0.000010	0.000017	0.000010	0.000010	0.999903	0.000010	0.000010	LD_0.9_10_1884
JU3237	0.000011	0.000010	0.000010	0.999908	0.000010	0.000011	0.000010	0.000010	0.000011	0.000010	LD_0.9_10_1884
JU3281	0.000010	0.000010	0.000010	0.000010	0.000010	0.000010	0.000010	0.999910	0.000010	0.000010	LD_0.9_10_1884
JU3319	0.000010	0.000010	0.000010	0.000010	0.000010	0.809912	0.000010	0.190008	0.000010	0.000010	LD_0.9_10_1884
JU3321	0.000010	0.000010	0.000010	0.000010	0.000010	0.000010	0.000010	0.999910	0.000010	0.000010	LD_0.9_10_1884
JU3326	0.053175	0.000010	0.530302	0.000010	0.000010	0.000010	0.039613	0.112841	0.015595	0.248433	LD_0.9_10_1884
JU3327	0.000010	0.000010	0.000010	0.000010	0.000010	0.084496	0.000010	0.915424	0.000010	0.000010	LD_0.9_10_1884
JU3416	0.000016	0.000010	0.000010	0.000018	0.000010	0.000010	0.010622	0.088492	0.000010	0.900802	LD_0.9_10_1884
JU4042	0.000010	0.000010	0.000010	0.000010	0.000010	0.000010	0.000010	0.999910	0.000010	0.000010	LD_0.9_10_1884
JU4051	0.000010	0.000010	0.000010	0.000010	0.000010	0.999910	0.000010	0.000010	0.000010	0.000010	LD_0.9_10_1884
JU4058	0.000010	0.000010	0.000010	0.000010	0.000010	0.999910	0.000010	0.000010	0.000010	0.000010	LD_0.9_10_1884
JU4060	0.000010	0.000010	0.000010	0.000010	0.000010	0.999910	0.000010	0.000010	0.000010	0.000010	LD_0.9_10_1884
JU4062	0.000010	0.000010	0.000010	0.000010	0.000010	0.999910	0.000010	0.000010	0.000010	0.000010	LD_0.9_10_1884
JU4064	0.000010	0.000010	0.000010	0.000010	0.000010	0.999910	0.000010	0.000010	0.000010	0.000010	LD_0.9_10_1884
JU4080	0.000010	0.000010	0.000010	0.000010	0.000010	0.000010	0.000010	0.999910	0.000010	0.000010	LD_0.9_10_1884
JU4084	0.000010	0.000010	0.000010	0.000010	0.000010	0.999910	0.000010	0.000010	0.000010	0.000010	LD_0.9_10_1884
JU4097	0.000010	0.000010	0.000010	0.000011	0.000010	0.999907	0.000013	0.000010	0.000010	0.000010	LD_0.9_10_1884
JU725	0.000012	0.000010	0.000010	0.000018	0.000010	0.751061	0.000010	0.248849	0.000010	0.000010	LD_0.9_10_1884
MY2716	0.000010	0.000010	0.000010	0.000010	0.000010	0.000010	0.000010	0.999910	0.000010	0.000010	LD_0.9_10_1884
MY539	0.000010	0.000015	0.000010	0.000012	0.058794	0.000010	0.000010	0.941117	0.000011	0.000010	LD_0.9_10_1884
NIC1050	0.000010	0.531600	0.000016	0.000010	0.468309	0.000010	0.000015	0.000010	0.000010	0.000010	LD_0.9_10_1884
NIC1052	0.000010	0.571375	0.000010	0.000010	0.428543	0.000010	0.000010	0.000012	0.000010	0.000010	LD_0.9_10_1884
NIC1054	0.000010	0.251036	0.000010	0.000018	0.748877	0.000010	0.000010	0.000010	0.000010	0.000010	LD_0.9_10_1884
NIC1055	0.000010	0.396286	0.000010	0.000010	0.603634	0.000010	0.000010	0.000010	0.000010	0.000010	LD_0.9_10_1884
NIC1057	0.000010	0.522003	0.000010	0.000010	0.477912	0.000015	0.000010	0.000010	0.000010	0.000010	LD_0.9_10_1884
NIC1058	0.000010	0.470805	0.000010	0.000010	0.529114	0.000010	0.000010	0.000010	0.000010	0.000010	LD_0.9_10_1884
NIC1059	0.000010	0.327351	0.000010	0.000010	0.672569	0.000010	0.000010	0.000010	0.000010	0.000010	LD_0.9_10_1884
NIC1060	0.000010	0.247075	0.000010	0.000010	0.752845	0.000010	0.000010	0.000010	0.000010	0.000010	LD_0.9_10_1884
NIC1062	0.000010	0.187639	0.000010	0.000010	0.639998	0.000010	0.000010	0.172293	0.000010	0.000010	LD_0.9_10_1884
NIC1069	0.000010	0.000010	0.000010	0.000010	0.640994	0.000010	0.000010	0.358926	0.000010	0.000010	LD_0.9_10_1884
NIC1103	0.000010	0.559575	0.000010	0.000010	0.375244	0.000010	0.000010	0.065111	0.000010	0.000010	LD_0.9_10_1884
NIC1104	0.000010	0.051074	0.000010	0.000010	0.366574	0.000010	0.000010	0.582282	0.000010	0.000010	LD_0.9_10_1884
NIC1106	0.000010	0.214744	0.000010	0.000010	0.503545	0.000010	0.000010	0.281641	0.000010	0.000010	LD_0.9_10_1884
NIC1117	0.000010	0.000010	0.000010	0.000011	0.000010	0.000010	0.000010	0.999909	0.000010	0.000010	LD_0.9_10_1884
NIC1123	0.000010	0.000018	0.000010	0.000010	0.000010	0.999897	0.000010	0.000015	0.000010	0.000010	LD_0.9_10_1884
NIC1124	0.000010	0.059006	0.000010	0.000010	0.940914	0.000010	0.000010	0.000010	0.000010	0.000010	LD_0.9_10_1884
NIC1135	0.000010	0.108959	0.000010	0.000010	0.890961	0.000010	0.000010	0.000010	0.000010	0.000010	LD_0.9_10_1884
NIC1138	0.000010	0.078248	0.000010	0.000010	0.921672	0.000010	0.000010	0.000010	0.000010	0.000010	LD_0.9_10_1884
NIC1141	0.000010	0.065058	0.000010	0.000010	0.934862	0.000010	0.000010	0.000010	0.000010	0.000010	LD_0.9_10_1884
NIC115	0.000010	0.000015	0.000010	0.000012	0.999902	0.000010	0.000010	0.000010	0.000010	0.000010	LD_0.9_10_1884
NIC117	0.000010	0.000014	0.000013	0.000010	0.999901	0.000010	0.000011	0.000010	0.000010	0.000010	LD_0.9_10_1884
NIC1183	0.000010	0.084156	0.000010	0.000010	0.915756	0.000017	0.000010	0.000010	0.000010	0.000010	LD_0.9_10_1884
NIC119	0.000010	0.000010	0.000010	0.000010	0.999908	0.000010	0.000012	0.000010	0.000010	0.000010	LD_0.9_10_1884
NIC1190	0.000010	0.003466	0.000010	0.000010	0.996454	0.000010	0.000010	0.000010	0.000010	0.000010	LD_0.9_10_1884
NIC1202	0.000010	0.000010	0.000010	0.000010	0.000010	0.153429	0.000010	0.846491	0.000010	0.000010	LD_0.9_10_1884
NIC1204	0.000010	0.000010	0.000010	0.000010	0.000010	0.199057	0.000010	0.800863	0.000010	0.000010	LD_0.9_10_1884
NIC1205	0.000010	0.000010	0.000010	0.000010	0.000010	0.000010	0.999910	0.000010	0.000010	0.000010	LD_0.9_10_1884
NIC1218	0.000010	0.000010	0.000010	0.000013	0.000010	0.000010	0.000010	0.999907	0.000010	0.000010	LD_0.9_10_1884
NIC1220	0.000010	0.000010	0.000010	0.000010	0.000010	0.000010	0.999910	0.000010	0.000010	0.000010	LD_0.9_10_1884
NIC1221	0.000010	0.000010	0.000010	0.000010	0.000010	0.224360	0.000010	0.775560	0.000010	0.000010	LD_0.9_10_1884
NIC123	0.000010	0.000010	0.000010	0.000010	0.999910	0.000010	0.000010	0.000010	0.000010	0.000010	LD_0.9_10_1884
NIC1267	0.000010	0.000010	0.000010	0.000010	0.925354	0.000010	0.000010	0.074566	0.000010	0.000010	LD_0.9_10_1884
NIC1283	0.000010	0.023646	0.000010	0.000010	0.976274	0.000010	0.000010	0.000010	0.000010	0.000010	LD_0.9_10_1884
NIC1288	0.000010	0.248129	0.000010	0.000010	0.655368	0.096431	0.000010	0.000010	0.000011	0.000010	LD_0.9_10_1884
NIC1292	0.000010	0.134802	0.000010	0.000010	0.865118	0.000010	0.000010	0.000010	0.000010	0.000010	LD_0.9_10_1884
NIC1302	0.000010	0.033127	0.000010	0.000010	0.966793	0.000010	0.000010	0.000010	0.000010	0.000010	LD_0.9_10_1884
NIC1304	0.000010	0.128646	0.000010	0.000010	0.871274	0.000010	0.000010	0.000010	0.000010	0.000010	LD_0.9_10_1884
NIC1308	0.000010	0.000010	0.000010	0.000010	0.398379	0.578323	0.000010	0.023229	0.000010	0.000010	LD_0.9_10_1884
NIC1407	0.000010	0.127888	0.000010	0.000010	0.872031	0.000012	0.000010	0.000010	0.000010	0.000010	LD_0.9_10_1884
NIC1421	0.000010	0.179910	0.000010	0.000010	0.820010	0.000010	0.000010	0.000010	0.000010	0.000010	LD_0.9_10_1884
NIC1423	0.000010	0.275951	0.000010	0.000010	0.723969	0.000010	0.000010	0.000010	0.000010	0.000010	LD_0.9_10_1884
NIC1442	0.000010	0.022217	0.000010	0.000012	0.977701	0.000010	0.000010	0.000010	0.000010	0.000010	LD_0.9_10_1884
NIC1491	0.000010	0.022048	0.000010	0.000011	0.977870	0.000010	0.000010	0.000010	0.000010	0.000010	LD_0.9_10_1884
NIC1525	0.000010	0.000010	0.000010	0.000010	0.571084	0.000010	0.000010	0.428836	0.000010	0.000010	LD_0.9_10_1884
NIC1528	0.000010	0.000010	0.000010	0.000010	0.649284	0.000010	0.000010	0.350636	0.000010	0.000010	LD_0.9_10_1884
NIC1529	0.000010	0.000010	0.000010	0.000010	0.559773	0.000010	0.000010	0.440147	0.000010	0.000010	LD_0.9_10_1884
NIC1533	0.000010	0.000010	0.000010	0.000013	0.526214	0.000010	0.000010	0.473703	0.000010	0.000010	LD_0.9_10_1884
NIC1535	0.000010	0.000010	0.000010	0.000010	0.559555	0.000010	0.000010	0.440365	0.000010	0.000010	LD_0.9_10_1884
NIC1539	0.000010	0.000010	0.000010	0.000010	0.000010	0.000010	0.999910	0.000010	0.000010	0.000010	LD_0.9_10_1884
NIC1540	0.000010	0.000010	0.999910	0.000010	0.000010	0.000010	0.000010	0.000010	0.000010	0.000010	LD_0.9_10_1884
NIC1562	0.000010	0.000010	0.000010	0.000010	0.000011	0.000010	0.999909	0.000010	0.000010	0.000010	LD_0.9_10_1884
NIC1589	0.000015	0.000010	0.999905	0.000010	0.000010	0.000010	0.000010	0.000010	0.000010	0.000010	LD_0.9_10_1884
NIC1590	0.000016	0.000010	0.000010	0.000010	0.000010	0.000010	0.999903	0.000011	0.000010	0.000010	LD_0.9_10_1884
NIC1591	0.000010	0.000010	0.999910	0.000010	0.000010	0.000010	0.000010	0.000010	0.000010	0.000010	LD_0.9_10_1884
NIC1593	0.000010	0.000010	0.999910	0.000010	0.000010	0.000010	0.000010	0.000010	0.000010	0.000010	LD_0.9_10_1884
NIC1595	0.000010	0.000017	0.000010	0.000010	0.000011	0.000013	0.999898	0.000010	0.000012	0.000010	LD_0.9_10_1884
NIC1598	0.000017	0.000010	0.000010	0.000010	0.000010	0.000010	0.987607	0.012306	0.000010	0.000010	LD_0.9_10_1884
NIC1602	0.000010	0.000010	0.000010	0.000010	0.000010	0.000010	0.999910	0.000010	0.000010	0.000010	LD_0.9_10_1884
NIC1607	0.999910	0.000010	0.000010	0.000010	0.000010	0.000010	0.000010	0.000010	0.000010	0.000010	LD_0.9_10_1884
NIC1628	0.000012	0.000010	0.000010	0.000015	0.000010	0.000010	0.000015	0.999893	0.000015	0.000010	LD_0.9_10_1884
NIC1630	0.000010	0.000010	0.000010	0.000010	0.000010	0.000010	0.999910	0.000010	0.000010	0.000010	LD_0.9_10_1884
NIC1631	0.000010	0.000010	0.000010	0.000010	0.000010	0.000010	0.999907	0.000013	0.000010	0.000010	LD_0.9_10_1884
NIC1632	0.000010	0.000010	0.000010	0.000010	0.000010	0.000010	0.000010	0.000010	0.000010	0.999910	LD_0.9_10_1884
NIC1633	0.000010	0.000010	0.000010	0.000010	0.000010	0.000010	0.000010	0.000010	0.000010	0.999910	LD_0.9_10_1884
NIC1635	0.000010	0.000010	0.000010	0.000010	0.000010	0.000010	0.000010	0.000010	0.000010	0.999910	LD_0.9_10_1884
NIC1645	0.000010	0.000012	0.000010	0.000010	0.000012	0.000010	0.999905	0.000012	0.000010	0.000010	LD_0.9_10_1884
NIC1660	0.000010	0.000010	0.000010	0.000016	0.000010	0.000010	0.999904	0.000010	0.000010	0.000010	LD_0.9_10_1884
NIC1661	0.000013	0.000010	0.000010	0.000010	0.000010	0.000010	0.999907	0.000010	0.000010	0.000010	LD_0.9_10_1884
NIC1662	0.000010	0.000010	0.000014	0.000010	0.000011	0.000010	0.999905	0.000011	0.000010	0.000010	LD_0.9_10_1884
NIC1663	0.000012	0.000010	0.000010	0.000010	0.000010	0.000010	0.999908	0.000010	0.000010	0.000010	LD_0.9_10_1884
NIC1664	0.000010	0.000010	0.999910	0.000010	0.000010	0.000010	0.000010	0.000010	0.000010	0.000010	LD_0.9_10_1884
NIC1665	0.000010	0.000010	0.999910	0.000010	0.000010	0.000010	0.000010	0.000010	0.000010	0.000010	LD_0.9_10_1884
NIC1666	0.000010	0.000010	0.000012	0.000010	0.000010	0.000010	0.999908	0.000010	0.000010	0.000010	LD_0.9_10_1884
NIC1667	0.000010	0.000010	0.000010	0.000010	0.000010	0.000010	0.999910	0.000010	0.000010	0.000010	LD_0.9_10_1884
NIC1681	0.000010	0.000010	0.000010	0.000010	0.000010	0.000010	0.999910	0.000010	0.000010	0.000010	LD_0.9_10_1884
NIC1688	0.000010	0.000011	0.000010	0.000010	0.000010	0.000010	0.000010	0.999909	0.000010	0.000010	LD_0.9_10_1884
NIC1692	0.000010	0.000010	0.000010	0.000010	0.000010	0.000010	0.999910	0.000010	0.000010	0.000010	LD_0.9_10_1884
NIC1693	0.000010	0.000010	0.000010	0.000010	0.000011	0.000010	0.999909	0.000010	0.000010	0.000010	LD_0.9_10_1884
NIC17	0.000010	0.000010	0.000010	0.000010	0.406869	0.000010	0.000010	0.593051	0.000010	0.000010	LD_0.9_10_1884
NIC174	0.000010	0.000010	0.000010	0.000010	0.000010	0.000010	0.000010	0.000010	0.000010	0.999910	LD_0.9_10_1884
NIC187	0.000010	0.000010	0.000010	0.000010	0.999910	0.000010	0.000010	0.000010	0.000010	0.000010	LD_0.9_10_1884
NIC188	0.000010	0.000010	0.000013	0.000010	0.999905	0.000010	0.000011	0.000011	0.000010	0.000010	LD_0.9_10_1884
NIC19	0.000010	0.000010	0.999910	0.000010	0.000010	0.000010	0.000010	0.000010	0.000010	0.000010	LD_0.9_10_1884
NIC191	0.000010	0.000011	0.000010	0.000010	0.999909	0.000010	0.000010	0.000010	0.000010	0.000010	LD_0.9_10_1884
NIC20	0.000013	0.000010	0.999907	0.000010	0.000010	0.000010	0.000010	0.000010	0.000010	0.000010	LD_0.9_10_1884
NIC21	0.000010	0.000010	0.999910	0.000010	0.000010	0.000010	0.000010	0.000010	0.000010	0.000010	LD_0.9_10_1884
NIC22	0.000010	0.000010	0.999910	0.000010	0.000010	0.000010	0.000010	0.000010	0.000010	0.000010	LD_0.9_10_1884
NIC2369	0.000010	0.000010	0.000010	0.000010	0.000010	0.999910	0.000010	0.000010	0.000010	0.000010	LD_0.9_10_1884
NIC248	0.000010	0.000010	0.000010	0.000010	0.994980	0.000010	0.000010	0.004940	0.000010	0.000010	LD_0.9_10_1884
NIC250	0.000010	0.000010	0.000010	0.000010	0.999908	0.000010	0.000010	0.000010	0.000012	0.000010	LD_0.9_10_1884
NIC2527	0.000010	0.000010	0.000010	0.000010	0.000010	0.000010	0.000010	0.999910	0.000010	0.000010	LD_0.9_10_1884
NIC309	0.000010	0.045544	0.000010	0.000010	0.954376	0.000010	0.000010	0.000010	0.000010	0.000010	LD_0.9_10_1884
NIC325	0.000010	0.043367	0.000010	0.000010	0.956553	0.000010	0.000010	0.000010	0.000010	0.000010	LD_0.9_10_1884
NIC327	0.000010	0.305607	0.000010	0.000010	0.694313	0.000010	0.000010	0.000010	0.000010	0.000010	LD_0.9_10_1884
NIC329	0.000010	0.175661	0.000010	0.000010	0.824258	0.000010	0.000011	0.000010	0.000010	0.000010	LD_0.9_10_1884
NIC330	0.000010	0.147380	0.000010	0.000010	0.852540	0.000010	0.000010	0.000010	0.000010	0.000010	LD_0.9_10_1884
NIC331	0.000010	0.193726	0.000010	0.000010	0.806194	0.000010	0.000010	0.000010	0.000010	0.000010	LD_0.9_10_1884
NIC332	0.000010	0.299462	0.000010	0.000010	0.700458	0.000010	0.000010	0.000010	0.000010	0.000010	LD_0.9_10_1884
NIC333	0.000010	0.128792	0.000010	0.000010	0.871128	0.000010	0.000010	0.000010	0.000010	0.000010	LD_0.9_10_1884
NIC343	0.000010	0.000010	0.000010	0.000010	0.000010	0.027623	0.000010	0.972297	0.000010	0.000010	LD_0.9_10_1884
NIC392	0.000010	0.000010	0.000010	0.000010	0.855506	0.000010	0.000010	0.144414	0.000010	0.000010	LD_0.9_10_1884
NIC400	0.000010	0.274995	0.000010	0.000010	0.724925	0.000010	0.000010	0.000010	0.000010	0.000010	LD_0.9_10_1884
NIC402	0.000010	0.281119	0.000010	0.000010	0.718801	0.000010	0.000010	0.000010	0.000010	0.000010	LD_0.9_10_1884
NIC419	0.000010	0.000010	0.000010	0.000010	0.000010	0.999910	0.000010	0.000010	0.000010	0.000010	LD_0.9_10_1884
NIC504	0.000017	0.000010	0.000010	0.000010	0.000010	0.000010	0.999903	0.000010	0.000010	0.000010	LD_0.9_10_1884
NIC505	0.000014	0.000010	0.000010	0.000010	0.000010	0.000010	0.999906	0.000010	0.000010	0.000010	LD_0.9_10_1884
NIC518	0.000010	0.000010	0.000010	0.000010	0.000010	0.000010	0.999910	0.000010	0.000010	0.000010	LD_0.9_10_1884
NIC519	0.000010	0.000011	0.000010	0.000012	0.000010	0.000010	0.999906	0.000010	0.000010	0.000010	LD_0.9_10_1884
NIC532	0.000010	0.000010	0.000010	0.000010	0.999903	0.000010	0.000010	0.000017	0.000010	0.000010	LD_0.9_10_1884
NIC541	0.000010	0.140687	0.000010	0.304545	0.554697	0.000010	0.000011	0.000010	0.000010	0.000010	LD_0.9_10_1884
NIC549	0.000010	0.000010	0.000010	0.000010	0.904749	0.000010	0.000010	0.095171	0.000010	0.000010	LD_0.9_10_1884
NIC552	0.000010	0.000010	0.000010	0.000010	0.780622	0.000010	0.000010	0.219298	0.000010	0.000010	LD_0.9_10_1884
NIC555	0.000010	0.115172	0.000010	0.000010	0.884748	0.000010	0.000010	0.000010	0.000010	0.000010	LD_0.9_10_1884
NIC574	0.000010	0.000010	0.000010	0.000010	0.974818	0.000010	0.000010	0.025102	0.000010	0.000010	LD_0.9_10_1884
NIC578	0.000015	0.000010	0.000010	0.000010	0.999905	0.000010	0.000010	0.000010	0.000010	0.000010	LD_0.9_10_1884
NIC583	0.000013	0.014101	0.000010	0.000010	0.985814	0.000010	0.000010	0.000010	0.000012	0.000010	LD_0.9_10_1884
NIC590	0.000010	0.000010	0.000010	0.118113	0.881804	0.000010	0.000012	0.000011	0.000010	0.000010	LD_0.9_10_1884
NIC593	0.000010	0.000010	0.000010	0.000010	0.975921	0.000010	0.000010	0.023999	0.000010	0.000010	LD_0.9_10_1884
NIC60	0.000010	0.000010	0.000010	0.000010	0.999910	0.000010	0.000010	0.000010	0.000010	0.000010	LD_0.9_10_1884
NIC61	0.000010	0.000010	0.000010	0.000010	0.724107	0.000010	0.000012	0.275811	0.000010	0.000010	LD_0.9_10_1884
NIC62	0.000010	0.000010	0.000010	0.000010	0.999910	0.000010	0.000010	0.000010	0.000010	0.000010	LD_0.9_10_1884
NIC67	0.000010	0.000010	0.000010	0.000010	0.000010	0.999910	0.000010	0.000010	0.000010	0.000010	LD_0.9_10_1884
NIC758	0.000010	0.000010	0.000010	0.123585	0.876335	0.000010	0.000010	0.000010	0.000010	0.000010	LD_0.9_10_1884
NIC777	0.000010	0.117287	0.000010	0.000010	0.882633	0.000010	0.000010	0.000010	0.000010	0.000010	LD_0.9_10_1884
NIC779	0.000010	0.000010	0.000010	0.000010	0.000010	0.000010	0.999910	0.000010	0.000010	0.000010	LD_0.9_10_1884
NIC790	0.000010	0.000010	0.000010	0.000010	0.000014	0.000010	0.000015	0.999902	0.000010	0.000010	LD_0.9_10_1884
NIC791	0.000010	0.000010	0.000010	0.917313	0.000010	0.000010	0.000010	0.082607	0.000010	0.000010	LD_0.9_10_1884
NIC792	0.000010	0.000010	0.000010	0.311778	0.000010	0.000010	0.000010	0.688142	0.000010	0.000010	LD_0.9_10_1884
NIC793	0.000014	0.000010	0.000010	0.000010	0.000010	0.000014	0.000010	0.999902	0.000010	0.000010	LD_0.9_10_1884
NIC795	0.000010	0.000015	0.000010	0.000010	0.000010	0.000010	0.000010	0.999905	0.000010	0.000010	LD_0.9_10_1884
NIC796	0.000010	0.000010	0.006829	0.000010	0.000010	0.000010	0.000010	0.993091	0.000010	0.000010	LD_0.9_10_1884
NIC802	0.000010	0.000011	0.000010	0.000010	0.000012	0.000010	0.000010	0.999907	0.000010	0.000010	LD_0.9_10_1884
NIC803	0.000010	0.000010	0.000010	0.000010	0.090060	0.000010	0.000010	0.909860	0.000010	0.000010	LD_0.9_10_1884
NIC805	0.000010	0.000010	0.000014	0.000010	0.000010	0.000010	0.999906	0.000010	0.000010	0.000010	LD_0.9_10_1884
NIC811	0.000010	0.000015	0.000010	0.002270	0.000010	0.048250	0.000010	0.949405	0.000010	0.000010	LD_0.9_10_1884
NIC814	0.000010	0.000010	0.000010	0.000010	0.000010	0.000010	0.999910	0.000010	0.000010	0.000010	LD_0.9_10_1884
NIC815	0.000010	0.000010	0.000010	0.000010	0.000010	0.000010	0.999910	0.000010	0.000010	0.000010	LD_0.9_10_1884
NIC816	0.000010	0.000010	0.999907	0.000010	0.000010	0.000010	0.000010	0.000010	0.000013	0.000010	LD_0.9_10_1884
NIC819	0.999909	0.000010	0.000010	0.000010	0.000011	0.000010	0.000010	0.000010	0.000010	0.000010	LD_0.9_10_1884
NIC821	0.000010	0.000010	0.000010	0.000010	0.109491	0.000010	0.000010	0.890429	0.000010	0.000010	LD_0.9_10_1884
NIC822	0.000010	0.000010	0.000019	0.000010	0.000010	0.000010	0.999901	0.000010	0.000010	0.000010	LD_0.9_10_1884
NIC824	0.000010	0.000010	0.000010	0.000010	0.000010	0.000010	0.999910	0.000010	0.000010	0.000010	LD_0.9_10_1884
NIC825	0.000010	0.000010	0.999909	0.000010	0.000010	0.000010	0.000010	0.000010	0.000010	0.000010	LD_0.9_10_1884
NIC827	0.000015	0.000010	0.999903	0.000010	0.000010	0.000011	0.000011	0.000010	0.000010	0.000010	LD_0.9_10_1884
NIC828	0.000010	0.000010	0.999910	0.000010	0.000010	0.000010	0.000010	0.000010	0.000010	0.000010	LD_0.9_10_1884
NIC863	0.000010	0.000010	0.000010	0.000010	0.000010	0.000010	0.999910	0.000010	0.000010	0.000010	LD_0.9_10_1884
NIC864	0.000010	0.000010	0.000010	0.000010	0.000017	0.000010	0.999903	0.000010	0.000010	0.000010	LD_0.9_10_1884
NIC865	0.000010	0.000010	0.000010	0.000010	0.000010	0.000010	0.999910	0.000010	0.000010	0.000010	LD_0.9_10_1884
NIC871	0.000010	0.000010	0.000010	0.000010	0.000010	0.000010	0.000010	0.999910	0.000010	0.000010	LD_0.9_10_1884
NIC883	0.000010	0.000010	0.000010	0.000010	0.000010	0.000010	0.000010	0.999910	0.000010	0.000010	LD_0.9_10_1884
NIC889	0.000010	0.000010	0.000010	0.000010	0.000010	0.000015	0.999905	0.000010	0.000010	0.000010	LD_0.9_10_1884
NIC893	0.678890	0.000010	0.000010	0.000010	0.000010	0.000010	0.091093	0.229947	0.000010	0.000010	LD_0.9_10_1884
NIC897	0.000010	0.000010	0.000010	0.000014	0.000010	0.000010	0.999906	0.000010	0.000010	0.000010	LD_0.9_10_1884
NIC899	0.000010	0.000010	0.000010	0.000010	0.000010	0.000010	0.000010	0.000010	0.000010	0.999910	LD_0.9_10_1884
NIC901	0.000010	0.000010	0.000010	0.000010	0.369911	0.000010	0.000010	0.630009	0.000010	0.000010	LD_0.9_10_1884
NIC911	0.000010	0.000010	0.000010	0.000010	0.278466	0.000010	0.000010	0.721447	0.000017	0.000010	LD_0.9_10_1884
NIC96	0.000010	0.023571	0.000010	0.000011	0.976348	0.000010	0.000010	0.000010	0.000010	0.000010	LD_0.9_10_1884
NIC984	0.000013	0.000010	0.000010	0.000010	0.138356	0.000010	0.000010	0.861561	0.000010	0.000010	LD_0.9_10_1884
NIC985	0.000017	0.000010	0.000010	0.000010	0.197855	0.164020	0.000010	0.638048	0.000010	0.000010	LD_0.9_10_1884
PB800	0.000010	0.000010	0.000010	0.000010	0.000010	0.000010	0.000010	0.000010	0.000010	0.999910	LD_0.9_10_1884
PB857	0.000010	0.000010	0.000010	0.000010	0.000010	0.000010	0.000010	0.000010	0.000010	0.999910	LD_0.9_10_1884
PE887	0.000010	0.000014	0.000010	0.000010	0.202080	0.000010	0.000010	0.797835	0.000010	0.000010	LD_0.9_10_1884
QG1005	0.000010	0.952462	0.000010	0.000010	0.033932	0.000010	0.000010	0.013533	0.000012	0.000010	LD_0.9_10_1884
QG1007	0.000010	0.999908	0.000010	0.000010	0.000012	0.000010	0.000010	0.000010	0.000010	0.000010	LD_0.9_10_1884
QG1111	0.000010	0.999904	0.000010	0.000010	0.000012	0.000010	0.000014	0.000010	0.000010	0.000010	LD_0.9_10_1884
QG1126	0.000010	0.999908	0.000010	0.000010	0.000012	0.000010	0.000010	0.000010	0.000010	0.000010	LD_0.9_10_1884
QG1141	0.000010	0.999910	0.000010	0.000010	0.000010	0.000010	0.000010	0.000010	0.000010	0.000010	LD_0.9_10_1884
QG1155	0.000010	0.995478	0.000010	0.000010	0.000010	0.000016	0.000010	0.004431	0.000015	0.000010	LD_0.9_10_1884
QG130	0.000010	0.000010	0.000010	0.000010	0.000010	0.000010	0.000010	0.999910	0.000010	0.000010	LD_0.9_10_1884
QG132	0.000010	0.000010	0.000010	0.000010	0.075757	0.000010	0.000010	0.924163	0.000010	0.000010	LD_0.9_10_1884
QG133	0.000010	0.000010	0.000010	0.000010	0.000010	0.000010	0.977020	0.022900	0.000010	0.000010	LD_0.9_10_1884
QG2641	0.000010	0.999906	0.000010	0.000010	0.000010	0.000011	0.000012	0.000010	0.000010	0.000010	LD_0.9_10_1884
QG2648	0.000010	0.999903	0.000013	0.000010	0.000014	0.000010	0.000010	0.000010	0.000010	0.000010	LD_0.9_10_1884
QG2659	0.000010	0.999910	0.000010	0.000010	0.000010	0.000010	0.000010	0.000010	0.000010	0.000010	LD_0.9_10_1884
QG2663	0.000010	0.999910	0.000010	0.000010	0.000010	0.000010	0.000010	0.000010	0.000010	0.000010	LD_0.9_10_1884
QG2665	0.000010	0.999898	0.000010	0.000010	0.000019	0.000010	0.000014	0.000010	0.000010	0.000010	LD_0.9_10_1884
QG2683	0.000010	0.999903	0.000014	0.000012	0.000010	0.000010	0.000010	0.000010	0.000010	0.000010	LD_0.9_10_1884
QG2736	0.000010	0.999910	0.000010	0.000010	0.000010	0.000010	0.000010	0.000010	0.000010	0.000010	LD_0.9_10_1884
QG2814	0.000010	0.000017	0.000010	0.000010	0.000010	0.000010	0.000017	0.999896	0.000010	0.000010	LD_0.9_10_1884
QG2820	0.000010	0.000010	0.000010	0.000010	0.000010	0.000014	0.000010	0.999906	0.000010	0.000010	LD_0.9_10_1884
QG2848	0.000010	0.000010	0.000010	0.000010	0.000010	0.000010	0.000010	0.999910	0.000010	0.000010	LD_0.9_10_1884
QG2880	0.000010	0.000010	0.000010	0.999910	0.000010	0.000010	0.000010	0.000010	0.000010	0.000010	LD_0.9_10_1884
QG2881	0.000010	0.000012	0.000010	0.000013	0.000010	0.000010	0.000010	0.999905	0.000010	0.000010	LD_0.9_10_1884
QG2883	0.000010	0.000010	0.000010	0.000010	0.000010	0.000011	0.000010	0.999909	0.000010	0.000010	LD_0.9_10_1884
QG2884	0.000010	0.000010	0.000010	0.999910	0.000010	0.000010	0.000010	0.000010	0.000010	0.000010	LD_0.9_10_1884
QG2891	0.000010	0.000010	0.000011	0.000010	0.000010	0.000010	0.000010	0.000010	0.999909	0.000010	LD_0.9_10_1884
QG2892	0.000011	0.000010	0.000010	0.999909	0.000010	0.000010	0.000010	0.000010	0.000010	0.000010	LD_0.9_10_1884
QG2893	0.000010	0.000010	0.000010	0.000010	0.000010	0.000010	0.000010	0.000015	0.999905	0.000010	LD_0.9_10_1884
QG2895	0.000010	0.000010	0.000010	0.999910	0.000010	0.000010	0.000010	0.000010	0.000010	0.000010	LD_0.9_10_1884
QG2902	0.000010	0.000010	0.000010	0.999910	0.000010	0.000010	0.000010	0.000010	0.000010	0.000010	LD_0.9_10_1884
QG2903	0.000010	0.000010	0.000010	0.999910	0.000010	0.000010	0.000010	0.000010	0.000010	0.000010	LD_0.9_10_1884
QG2906	0.000010	0.000010	0.000010	0.999910	0.000010	0.000010	0.000010	0.000010	0.000010	0.000010	LD_0.9_10_1884
QG2908	0.000010	0.000010	0.000010	0.000010	0.000010	0.000010	0.000010	0.000010	0.999910	0.000010	LD_0.9_10_1884
QG2910	0.000010	0.000010	0.000010	0.000010	0.052213	0.000010	0.000010	0.947707	0.000010	0.000010	LD_0.9_10_1884
QG2919	0.000010	0.000010	0.000010	0.000010	0.000015	0.000010	0.000010	0.000011	0.999904	0.000010	LD_0.9_10_1884
QG2923	0.000010	0.000010	0.000010	0.999910	0.000010	0.000010	0.000010	0.000010	0.000010	0.000010	LD_0.9_10_1884
QG2925	0.000010	0.000010	0.000010	0.999910	0.000010	0.000010	0.000010	0.000010	0.000010	0.000010	LD_0.9_10_1884
QG2964	0.000010	0.999904	0.000010	0.000010	0.000016	0.000010	0.000010	0.000010	0.000010	0.000010	LD_0.9_10_1884
QG2966	0.000010	0.620407	0.000010	0.000010	0.112481	0.000010	0.000010	0.267035	0.000017	0.000010	LD_0.9_10_1884
QG2969	0.000010	0.999909	0.000010	0.000010	0.000011	0.000010	0.000010	0.000010	0.000010	0.000010	LD_0.9_10_1884
QG2972	0.000010	0.999895	0.000010	0.000010	0.000018	0.000017	0.000010	0.000010	0.000010	0.000010	LD_0.9_10_1884
QG2996	0.000010	0.999910	0.000010	0.000010	0.000010	0.000010	0.000010	0.000010	0.000010	0.000010	LD_0.9_10_1884
QG3004	0.000010	0.792305	0.000016	0.000016	0.122118	0.000010	0.000014	0.085491	0.000010	0.000010	LD_0.9_10_1884
QG3006	0.000010	0.999910	0.000010	0.000010	0.000010	0.000010	0.000010	0.000010	0.000010	0.000010	LD_0.9_10_1884
QG3019	0.000010	0.873656	0.000010	0.000010	0.126264	0.000010	0.000010	0.000010	0.000010	0.000010	LD_0.9_10_1884
QG3025	0.000010	0.999905	0.000010	0.000010	0.000012	0.000013	0.000010	0.000010	0.000010	0.000010	LD_0.9_10_1884
QG3030	0.000010	0.999907	0.000010	0.000010	0.000010	0.000013	0.000010	0.000010	0.000010	0.000010	LD_0.9_10_1884
QG3032	0.000010	0.776038	0.000010	0.000010	0.223882	0.000010	0.000010	0.000010	0.000010	0.000010	LD_0.9_10_1884
QG3034	0.000010	0.999907	0.000010	0.000010	0.000010	0.000012	0.000010	0.000010	0.000010	0.000010	LD_0.9_10_1884
QG3041	0.000010	0.999910	0.000010	0.000010	0.000010	0.000010	0.000010	0.000010	0.000010	0.000010	LD_0.9_10_1884
QG3053	0.000010	0.000010	0.000010	0.000010	0.586161	0.000010	0.000010	0.413759	0.000010	0.000010	LD_0.9_10_1884
QG3056	0.000010	0.614738	0.000010	0.000010	0.116827	0.000010	0.000012	0.268363	0.000010	0.000010	LD_0.9_10_1884
QG3057	0.000010	0.999908	0.000010	0.000010	0.000010	0.000010	0.000012	0.000010	0.000010	0.000010	LD_0.9_10_1884
QG3058	0.000010	0.936050	0.000010	0.000010	0.063866	0.000010	0.000014	0.000010	0.000010	0.000010	LD_0.9_10_1884
QG3527	0.000010	0.123781	0.000010	0.000010	0.726186	0.000010	0.000014	0.149960	0.000010	0.000010	LD_0.9_10_1884
QG3661	0.000010	0.000010	0.000010	0.000010	0.000010	0.000010	0.000010	0.000010	0.000010	0.999910	LD_0.9_10_1884
QG3783	0.000010	0.056201	0.000010	0.000010	0.660799	0.000010	0.000010	0.282929	0.000010	0.000010	LD_0.9_10_1884
QG3801	0.000010	0.909292	0.000010	0.000010	0.090627	0.000010	0.000010	0.000010	0.000011	0.000010	LD_0.9_10_1884
QG3815	0.000010	0.000010	0.000010	0.000010	0.926265	0.000010	0.000010	0.073655	0.000010	0.000010	LD_0.9_10_1884
QG3816	0.000010	0.045180	0.000010	0.000010	0.702243	0.000010	0.000010	0.252507	0.000010	0.000010	LD_0.9_10_1884
QG3823	0.000010	0.899338	0.000010	0.005618	0.080633	0.014350	0.000010	0.000010	0.000010	0.000010	LD_0.9_10_1884
QG3825	0.000010	0.000010	0.000010	0.000010	0.784757	0.000010	0.000010	0.215162	0.000010	0.000010	LD_0.9_10_1884
QG3826	0.000010	0.068170	0.000010	0.000010	0.735428	0.000010	0.000010	0.196332	0.000010	0.000010	LD_0.9_10_1884
QG3837	0.000010	0.000010	0.000010	0.000010	0.836873	0.000010	0.000011	0.163046	0.000010	0.000010	LD_0.9_10_1884
QG3851	0.000010	0.065063	0.000010	0.000012	0.676845	0.000010	0.000010	0.258019	0.000010	0.000010	LD_0.9_10_1884
QG3861	0.000010	0.024791	0.000012	0.000010	0.793160	0.000010	0.000010	0.181977	0.000010	0.000010	LD_0.9_10_1884
QG3867	0.000010	0.873856	0.000010	0.000010	0.126064	0.000010	0.000010	0.000010	0.000010	0.000010	LD_0.9_10_1884
QG3874	0.000010	0.000010	0.000010	0.000010	0.698571	0.000010	0.000010	0.301349	0.000010	0.000010	LD_0.9_10_1884
QG3875	0.000012	0.000010	0.000010	0.000010	0.999907	0.000010	0.000011	0.000010	0.000010	0.000010	LD_0.9_10_1884
QG3876	0.000010	0.057536	0.000010	0.000010	0.716654	0.000010	0.000010	0.225740	0.000010	0.000010	LD_0.9_10_1884
QG3878	0.000010	0.000010	0.000010	0.000010	0.999910	0.000010	0.000010	0.000010	0.000010	0.000010	LD_0.9_10_1884
QG3920	0.000010	0.038487	0.000010	0.000010	0.854223	0.000010	0.000010	0.107220	0.000010	0.000010	LD_0.9_10_1884
QG3921	0.000010	0.033534	0.000010	0.000010	0.786483	0.000010	0.000010	0.179913	0.000010	0.000010	LD_0.9_10_1884
QG3923	0.000010	0.000010	0.000010	0.000010	0.776004	0.000010	0.000010	0.223916	0.000010	0.000010	LD_0.9_10_1884
QG3924	0.000010	0.142835	0.000011	0.000011	0.653136	0.000010	0.000013	0.203954	0.000010	0.000010	LD_0.9_10_1884
QG3925	0.000011	0.003256	0.000010	0.000013	0.942203	0.000010	0.000010	0.054467	0.000010	0.000010	LD_0.9_10_1884
QG3926	0.000010	0.000010	0.000010	0.000010	0.997963	0.000010	0.000010	0.001957	0.000010	0.000010	LD_0.9_10_1884
QG3927	0.000010	0.000010	0.000010	0.000010	0.900768	0.000010	0.000010	0.099152	0.000010	0.000010	LD_0.9_10_1884
QG3931	0.000010	0.087360	0.000010	0.000010	0.899793	0.000010	0.000011	0.012777	0.000010	0.000010	LD_0.9_10_1884
QG3932	0.000010	0.000010	0.000010	0.000010	0.691630	0.000010	0.000010	0.308290	0.000010	0.000010	LD_0.9_10_1884
QG3933	0.000010	0.000010	0.000010	0.000010	0.485307	0.000010	0.000010	0.514613	0.000010	0.000010	LD_0.9_10_1884
QG4026	0.000010	0.000010	0.000010	0.000010	0.000010	0.000010	0.000010	0.000010	0.999910	0.000010	LD_0.9_10_1884
QG4028	0.000010	0.000010	0.000010	0.000010	0.000010	0.000010	0.000011	0.000010	0.999909	0.000010	LD_0.9_10_1884
QG4031	0.000010	0.000010	0.000010	0.000010	0.000017	0.000010	0.000010	0.000010	0.999902	0.000010	LD_0.9_10_1884
QG4063	0.000010	0.000010	0.000010	0.000010	0.000010	0.000010	0.000010	0.000010	0.999910	0.000010	LD_0.9_10_1884
QG4064	0.000010	0.000010	0.000010	0.000010	0.000010	0.000010	0.000010	0.000010	0.999910	0.000010	LD_0.9_10_1884
QG4067	0.000010	0.000010	0.000010	0.000010	0.000010	0.000010	0.000010	0.000010	0.999910	0.000010	LD_0.9_10_1884
QG4068	0.000010	0.000010	0.000010	0.000010	0.000010	0.000010	0.000010	0.000010	0.999910	0.000010	LD_0.9_10_1884
QG4070	0.000010	0.000010	0.000010	0.000013	0.028931	0.000010	0.000010	0.970986	0.000010	0.000010	LD_0.9_10_1884
QG4093	0.000010	0.000011	0.000016	0.000010	0.000010	0.000010	0.000010	0.000010	0.999903	0.000010	LD_0.9_10_1884
QG4094	0.000010	0.000010	0.000010	0.000010	0.000010	0.000010	0.000010	0.000010	0.999910	0.000010	LD_0.9_10_1884
QG4095	0.000010	0.000010	0.000010	0.000010	0.000010	0.000010	0.000010	0.000010	0.999910	0.000010	LD_0.9_10_1884
QG4096	0.000010	0.000010	0.000010	0.000010	0.000010	0.000010	0.000010	0.000010	0.999910	0.000010	LD_0.9_10_1884
QG4097	0.000010	0.000010	0.000010	0.000010	0.000010	0.000010	0.000010	0.000010	0.999910	0.000010	LD_0.9_10_1884
QG4104	0.000010	0.000010	0.000010	0.000010	0.000010	0.000010	0.000010	0.000010	0.999910	0.000010	LD_0.9_10_1884
QG4114	0.000010	0.000010	0.000013	0.000010	0.000012	0.000010	0.000010	0.000010	0.999906	0.000010	LD_0.9_10_1884
QG4131	0.000010	0.000010	0.000012	0.000010	0.000012	0.000010	0.000010	0.000010	0.999907	0.000010	LD_0.9_10_1884
QG4132	0.000010	0.000010	0.000010	0.000010	0.000010	0.000010	0.000010	0.000010	0.999910	0.000010	LD_0.9_10_1884
QG4208	0.000010	0.000010	0.000010	0.000010	0.000010	0.000010	0.000010	0.000010	0.999910	0.000010	LD_0.9_10_1884
QG4214	0.000010	0.000010	0.000011	0.000010	0.000010	0.000010	0.000010	0.000010	0.999909	0.000010	LD_0.9_10_1884
QG4225	0.000019	0.000010	0.000012	0.000010	0.000010	0.000010	0.000010	0.000010	0.999899	0.000010	LD_0.9_10_1884
QG4232	0.000010	0.000010	0.000010	0.000010	0.000010	0.000010	0.000010	0.000010	0.999910	0.000010	LD_0.9_10_1884
QG4233	0.000010	0.000010	0.000010	0.000010	0.000010	0.000010	0.000010	0.000010	0.999910	0.000010	LD_0.9_10_1884
QG4647	0.000010	0.000010	0.000010	0.999902	0.000010	0.000012	0.000010	0.000016	0.000010	0.000010	LD_0.9_10_1884
QG4648	0.000010	0.000010	0.000010	0.006829	0.000010	0.000010	0.000010	0.993090	0.000011	0.000010	LD_0.9_10_1884
QG4683	0.000010	0.000010	0.000010	0.000010	0.000010	0.000010	0.000010	0.999910	0.000010	0.000010	LD_0.9_10_1884
QG4701	0.000010	0.000010	0.000010	0.567794	0.000010	0.000010	0.000010	0.432126	0.000010	0.000010	LD_0.9_10_1884
QG4706	0.000012	0.000010	0.000010	0.000010	0.000010	0.000010	0.000010	0.999908	0.000010	0.000010	LD_0.9_10_1884
QG4718	0.000010	0.000010	0.000015	0.000010	0.000010	0.000010	0.000010	0.999905	0.000010	0.000010	LD_0.9_10_1884
QG4742	0.000010	0.000010	0.000010	0.021183	0.000010	0.000010	0.000010	0.978737	0.000010	0.000010	LD_0.9_10_1884
QG4805	0.000010	0.000018	0.000010	0.999902	0.000010	0.000010	0.000010	0.000010	0.000010	0.000010	LD_0.9_10_1884
QG4847	0.000010	0.000010	0.000010	0.000018	0.000014	0.000014	0.000010	0.999894	0.000010	0.000010	LD_0.9_10_1884
QG4966	0.000010	0.000010	0.000010	0.000010	0.000010	0.000010	0.000010	0.999910	0.000010	0.000010	LD_0.9_10_1884
QG5348	0.000010	0.000010	0.000010	0.000010	0.000010	0.000010	0.000010	0.999910	0.000010	0.000010	LD_0.9_10_1884
QG5406	0.000010	0.000010	0.000010	0.000010	0.000010	0.000010	0.000010	0.999910	0.000010	0.000010	LD_0.9_10_1884
QG547	0.000015	0.000013	0.000010	0.000010	0.000010	0.000010	0.000010	0.000010	0.000010	0.999903	LD_0.9_10_1884
QG5474	0.000010	0.000010	0.000010	0.651297	0.000010	0.000010	0.000010	0.348623	0.000010	0.000010	LD_0.9_10_1884
QG5488	0.000010	0.000010	0.000010	0.000010	0.000010	0.000010	0.000010	0.999910	0.000010	0.000010	LD_0.9_10_1884
QG550	0.000017	0.000010	0.000010	0.057439	0.012773	0.628546	0.000010	0.301175	0.000010	0.000010	LD_0.9_10_1884
QG5507	0.000010	0.000010	0.000010	0.197621	0.000010	0.000010	0.000010	0.802299	0.000010	0.000010	LD_0.9_10_1884
QG5525	0.000010	0.000010	0.000010	0.000010	0.000010	0.000010	0.000010	0.999910	0.000010	0.000010	LD_0.9_10_1884
QG5589	0.000010	0.000010	0.000010	0.837616	0.000010	0.000010	0.000010	0.162304	0.000010	0.000010	LD_0.9_10_1884
QG5603	0.000010	0.000010	0.000010	0.662342	0.000010	0.000013	0.000010	0.337576	0.000010	0.000010	LD_0.9_10_1884
QG5611	0.000010	0.000010	0.000010	0.000010	0.000010	0.000010	0.000010	0.999910	0.000010	0.000010	LD_0.9_10_1884
QG5612	0.000010	0.000010	0.000010	0.000010	0.210327	0.000010	0.000010	0.789593	0.000010	0.000010	LD_0.9_10_1884
QG5633	0.000010	0.000234	0.000010	0.011110	0.000010	0.000010	0.000010	0.988587	0.000010	0.000010	LD_0.9_10_1884
QG581	0.000010	0.000010	0.000010	0.000010	0.000010	0.000010	0.000010	0.000010	0.000010	0.999910	LD_0.9_10_1884
QG588	0.000010	0.000010	0.000010	0.000010	0.000010	0.000010	0.000010	0.000010	0.000010	0.999910	LD_0.9_10_1884
QG700	0.000010	0.817742	0.000010	0.000010	0.182177	0.000010	0.000010	0.000010	0.000011	0.000010	LD_0.9_10_1884
QG727	0.000010	0.999902	0.000010	0.000010	0.000011	0.000014	0.000012	0.000010	0.000010	0.000010	LD_0.9_10_1884
QG733	0.000010	0.999910	0.000010	0.000010	0.000010	0.000010	0.000010	0.000010	0.000010	0.000010	LD_0.9_10_1884
QG736	0.000010	0.999910	0.000010	0.000010	0.000010	0.000010	0.000010	0.000010	0.000010	0.000010	LD_0.9_10_1884
QG737	0.000010	0.999908	0.000010	0.000010	0.000010	0.000010	0.000010	0.000011	0.000010	0.000010	LD_0.9_10_1884
QG739	0.000010	0.999910	0.000010	0.000010	0.000010	0.000010	0.000010	0.000010	0.000010	0.000010	LD_0.9_10_1884
QG761	0.000010	0.732740	0.000010	0.000010	0.267180	0.000010	0.000010	0.000010	0.000010	0.000010	LD_0.9_10_1884
QG763	0.000010	0.947342	0.000010	0.000010	0.052577	0.000010	0.000010	0.000010	0.000011	0.000010	LD_0.9_10_1884
QG776	0.000010	0.978089	0.000010	0.000010	0.021831	0.000010	0.000010	0.000010	0.000010	0.000010	LD_0.9_10_1884
QG781	0.000010	0.999910	0.000010	0.000010	0.000010	0.000010	0.000010	0.000010	0.000010	0.000010	LD_0.9_10_1884
QG784	0.000010	0.999906	0.000010	0.000010	0.000010	0.000010	0.000014	0.000010	0.000010	0.000010	LD_0.9_10_1884
QG786	0.000010	0.999902	0.000012	0.000015	0.000010	0.000010	0.000010	0.000010	0.000010	0.000010	LD_0.9_10_1884
QG788	0.000010	0.999907	0.000010	0.000013	0.000010	0.000010	0.000010	0.000010	0.000010	0.000010	LD_0.9_10_1884
QG790	0.000010	0.999907	0.000010	0.000010	0.000010	0.000010	0.000010	0.000013	0.000010	0.000010	LD_0.9_10_1884
QG791	0.000010	0.939796	0.000011	0.000010	0.000010	0.000010	0.000010	0.060123	0.000010	0.000010	LD_0.9_10_1884
QG795	0.000010	0.695677	0.000010	0.000010	0.304243	0.000010	0.000010	0.000010	0.000010	0.000010	LD_0.9_10_1884
QG797	0.000010	0.999899	0.000010	0.000017	0.000010	0.000010	0.000010	0.000014	0.000010	0.000010	LD_0.9_10_1884
QG802	0.000016	0.999904	0.000010	0.000010	0.000010	0.000010	0.000010	0.000010	0.000010	0.000010	LD_0.9_10_1884
QG804	0.000010	0.999910	0.000010	0.000010	0.000010	0.000010	0.000010	0.000010	0.000010	0.000010	LD_0.9_10_1884
QG806	0.000010	0.999908	0.000010	0.000010	0.000010	0.000012	0.000010	0.000010	0.000010	0.000010	LD_0.9_10_1884
QG807	0.000014	0.999899	0.000010	0.000011	0.000010	0.000010	0.000010	0.000016	0.000010	0.000010	LD_0.9_10_1884
QG808	0.000010	0.956595	0.000010	0.000010	0.000010	0.000010	0.000010	0.043325	0.000010	0.000010	LD_0.9_10_1884
QG809	0.000010	0.999904	0.000010	0.000010	0.000010	0.000016	0.000010	0.000010	0.000010	0.000010	LD_0.9_10_1884
QG825	0.000010	0.999910	0.000010	0.000010	0.000010	0.000010	0.000010	0.000010	0.000010	0.000010	LD_0.9_10_1884
QG827	0.000010	0.999910	0.000010	0.000010	0.000010	0.000010	0.000010	0.000010	0.000010	0.000010	LD_0.9_10_1884
QG828	0.000010	0.999897	0.000010	0.000013	0.000010	0.000013	0.000010	0.000017	0.000010	0.000010	LD_0.9_10_1884
QG833	0.000010	0.969494	0.000010	0.000010	0.000010	0.000010	0.000010	0.030426	0.000010	0.000010	LD_0.9_10_1884
QG855	0.000010	0.967186	0.000010	0.000010	0.000010	0.000010	0.000010	0.032734	0.000010	0.000010	LD_0.9_10_1884
QG856	0.000010	0.999907	0.000010	0.000010	0.000010	0.000010	0.000013	0.000010	0.000010	0.000010	LD_0.9_10_1884
QG858	0.000010	0.999910	0.000010	0.000010	0.000010	0.000010	0.000010	0.000010	0.000010	0.000010	LD_0.9_10_1884
QG860	0.000010	0.768664	0.000010	0.000010	0.219255	0.000010	0.000010	0.012011	0.000010	0.000010	LD_0.9_10_1884
QG864	0.000010	0.999910	0.000010	0.000010	0.000010	0.000010	0.000010	0.000010	0.000010	0.000010	LD_0.9_10_1884
QG865	0.000010	0.999910	0.000010	0.000010	0.000010	0.000010	0.000010	0.000010	0.000010	0.000010	LD_0.9_10_1884
QG866	0.000010	0.999910	0.000010	0.000010	0.000010	0.000010	0.000010	0.000010	0.000010	0.000010	LD_0.9_10_1884
QG868	0.000010	0.933395	0.000010	0.000010	0.000010	0.000010	0.000010	0.066525	0.000010	0.000010	LD_0.9_10_1884
QG874	0.000010	0.999910	0.000010	0.000010	0.000010	0.000010	0.000010	0.000010	0.000010	0.000010	LD_0.9_10_1884
QG875	0.000010	0.999908	0.000010	0.000010	0.000010	0.000010	0.000012	0.000010	0.000010	0.000010	LD_0.9_10_1884
QG878	0.000010	0.999579	0.000010	0.000010	0.000010	0.000018	0.000010	0.000332	0.000010	0.000010	LD_0.9_10_1884
QG879	0.000010	0.999910	0.000010	0.000010	0.000010	0.000010	0.000010	0.000010	0.000010	0.000010	LD_0.9_10_1884
QG880	0.000010	0.999910	0.000010	0.000010	0.000010	0.000010	0.000010	0.000010	0.000010	0.000010	LD_0.9_10_1884
QG881	0.000010	0.733748	0.000010	0.000010	0.266172	0.000010	0.000010	0.000010	0.000010	0.000010	LD_0.9_10_1884
QG887	0.000010	0.999906	0.000013	0.000010	0.000010	0.000010	0.000010	0.000010	0.000010	0.000010	LD_0.9_10_1884
QG888	0.000010	0.999900	0.000010	0.000017	0.000010	0.000010	0.000014	0.000010	0.000010	0.000010	LD_0.9_10_1884
QG926	0.000010	0.999910	0.000010	0.000010	0.000010	0.000010	0.000010	0.000010	0.000010	0.000010	LD_0.9_10_1884
QG927	0.000010	0.073127	0.000010	0.000010	0.000010	0.000010	0.000010	0.926793	0.000010	0.000010	LD_0.9_10_1884
QG933	0.000010	0.999905	0.000010	0.000011	0.000015	0.000010	0.000010	0.000010	0.000010	0.000010	LD_0.9_10_1884
QG937	0.000010	0.999908	0.000010	0.000010	0.000010	0.000010	0.000010	0.000012	0.000010	0.000010	LD_0.9_10_1884
QG945	0.000010	0.999907	0.000010	0.000013	0.000010	0.000010	0.000010	0.000010	0.000010	0.000010	LD_0.9_10_1884
QG946	0.000010	0.999908	0.000010	0.000012	0.000010	0.000010	0.000010	0.000010	0.000010	0.000010	LD_0.9_10_1884
QG947	0.000010	0.999910	0.000010	0.000010	0.000010	0.000010	0.000010	0.000010	0.000010	0.000010	LD_0.9_10_1884
QG948	0.000010	0.989108	0.000010	0.000010	0.000010	0.000012	0.000010	0.010810	0.000010	0.000010	LD_0.9_10_1884
QG952	0.000010	0.918668	0.000010	0.000010	0.071398	0.000010	0.000010	0.009863	0.000010	0.000010	LD_0.9_10_1884
QG978	0.000010	0.873578	0.000010	0.000010	0.126342	0.000010	0.000010	0.000010	0.000010	0.000010	LD_0.9_10_1884
QG980	0.000010	0.999895	0.000010	0.000015	0.000010	0.000018	0.000012	0.000010	0.000010	0.000010	LD_0.9_10_1884
QG986	0.000010	0.960168	0.000010	0.000020	0.000010	0.000010	0.000010	0.039742	0.000010	0.000010	LD_0.9_10_1884
QG991	0.000012	0.999903	0.000015	0.000010	0.000010	0.000010	0.000010	0.000010	0.000010	0.000010	LD_0.9_10_1884
QG994	0.000010	0.999899	0.000010	0.000015	0.000010	0.000010	0.000015	0.000010	0.000012	0.000010	LD_0.9_10_1884
QG995	0.000010	0.999909	0.000010	0.000010	0.000010	0.000011	0.000010	0.000010	0.000010	0.000010	LD_0.9_10_1884
QG997	0.000010	0.999910	0.000010	0.000010	0.000010	0.000010	0.000010	0.000010	0.000010	0.000010	LD_0.9_10_1884
QG998	0.000010	0.999900	0.000015	0.000010	0.000010	0.000010	0.000010	0.000010	0.000015	0.000010	LD_0.9_10_1884
QR25	0.069904	0.000010	0.109407	0.000010	0.000010	0.000010	0.054697	0.135810	0.032447	0.597695	LD_0.9_10_1884
QX1410	0.000010	0.000010	0.000010	0.000010	0.885268	0.000010	0.000010	0.114652	0.000010	0.000010	LD_0.9_10_1884
QX1547	0.000010	0.000010	0.000010	0.000010	0.000010	0.000010	0.000010	0.000010	0.000010	0.999910	LD_0.9_10_1884
QX1795	0.000013	0.000010	0.000010	0.000010	0.158435	0.000010	0.000010	0.841482	0.000010	0.000010	LD_0.9_10_1884
QX1796	0.000013	0.000010	0.000010	0.000010	0.000010	0.000010	0.000012	0.999905	0.000010	0.000010	LD_0.9_10_1884
QX1798	0.000017	0.000010	0.000010	0.000010	0.000010	0.000010	0.999903	0.000010	0.000010	0.000010	LD_0.9_10_1884
QX1800	0.000010	0.000010	0.000010	0.000010	0.000010	0.000010	0.000010	0.999910	0.000010	0.000010	LD_0.9_10_1884
QX1801	0.000010	0.000011	0.000010	0.000010	0.000010	0.000010	0.000010	0.999909	0.000010	0.000010	LD_0.9_10_1884
QX1802	0.000010	0.000010	0.000010	0.000013	0.000010	0.000018	0.000010	0.999900	0.000010	0.000010	LD_0.9_10_1884
QX1803	0.000010	0.000012	0.000010	0.000010	0.000010	0.000010	0.000010	0.999908	0.000010	0.000010	LD_0.9_10_1884
QX1804	0.000014	0.000010	0.000010	0.000010	0.000010	0.000010	0.000010	0.999906	0.000010	0.000010	LD_0.9_10_1884
SOW18	0.000010	0.000010	0.000010	0.000010	0.000010	0.000010	0.000010	0.000010	0.000010	0.999910	LD_0.9_10_1884
SOW21	0.000010	0.000010	0.000010	0.000010	0.000010	0.000010	0.000010	0.000010	0.000010	0.999910	LD_0.9_10_1884
SOW22	0.000010	0.000010	0.000010	0.000010	0.000010	0.000010	0.000010	0.000010	0.000010	0.999910	LD_0.9_10_1884
TT3408	0.000010	0.000010	0.000010	0.000010	0.000010	0.000010	0.000010	0.999910	0.000010	0.000010	LD_0.9_10_1884
TT3411	0.000010	0.000010	0.000016	0.000010	0.000010	0.000010	0.000010	0.999904	0.000010	0.000010	LD_0.9_10_1884
TWN1772	0.000010	0.000010	0.000010	0.000010	0.000010	0.000010	0.999910	0.000010	0.000010	0.000010	LD_0.9_10_1884
TWN1824	0.000010	0.000010	0.999910	0.000010	0.000010	0.000010	0.000010	0.000010	0.000010	0.000010	LD_0.9_10_1884
TWN1899	0.000010	0.000010	0.999908	0.000010	0.000010	0.000010	0.000011	0.000010	0.000010	0.000010	LD_0.9_10_1884
TWN1907	0.000010	0.000010	0.000010	0.000010	0.000010	0.000010	0.999910	0.000010	0.000010	0.000010	LD_0.9_10_1884
TWN2919	0.000010	0.000012	0.000010	0.000020	0.000011	0.000010	0.999897	0.000010	0.000010	0.000010	LD_0.9_10_1884
TWN3077	0.000010	0.000010	0.000011	0.000010	0.000010	0.000010	0.999899	0.000020	0.000010	0.000010	LD_0.9_10_1884
UH1	0.000010	0.000010	0.000010	0.000010	0.000010	0.000010	0.999910	0.000010	0.000010	0.000010	LD_0.9_10_1884
VSL2201	0.000010	0.000010	0.000010	0.000010	0.000010	0.698491	0.000010	0.301429	0.000010	0.000010	LD_0.9_10_1884
VSL2207	0.000010	0.000010	0.000010	0.000010	0.000010	0.000010	0.000010	0.000010	0.999910	0.000010	LD_0.9_10_1884
VSL2209	0.000010	0.000010	0.000010	0.000010	0.000010	0.000010	0.000010	0.000010	0.999910	0.000010	LD_0.9_10_1884
VSL2210	0.000010	0.000010	0.000010	0.000010	0.527869	0.000010	0.000010	0.472051	0.000010	0.000010	LD_0.9_10_1884
VSL2212	0.000010	0.000011	0.000010	0.000010	0.554737	0.000010	0.000010	0.445182	0.000010	0.000010	LD_0.9_10_1884
VSL2213	0.000010	0.000010	0.000010	0.000010	0.000010	0.999906	0.000014	0.000010	0.000010	0.000010	LD_0.9_10_1884
VSL2215	0.000010	0.000010	0.000010	0.000010	0.000010	0.916755	0.000010	0.083165	0.000010	0.000010	LD_0.9_10_1884
VSL2216	0.000010	0.000010	0.000010	0.000010	0.000010	0.999910	0.000010	0.000010	0.000010	0.000010	LD_0.9_10_1884
VSL2217	0.000010	0.000010	0.000010	0.999910	0.000010	0.000010	0.000010	0.000010	0.000010	0.000010	LD_0.9_10_1884
VSL2219	0.000010	0.000018	0.000010	0.000011	0.050036	0.000010	0.000010	0.949875	0.000010	0.000010	LD_0.9_10_1884
VT847	0.000010	0.000010	0.000010	0.000010	0.106503	0.000010	0.000010	0.893417	0.000010	0.000010	LD_0.9_10_1884
VX34	0.054030	0.000010	0.525933	0.000010	0.000010	0.000010	0.043282	0.104261	0.016495	0.255959	LD_0.9_10_1884
XZ1204	0.000010	0.000010	0.000010	0.000011	0.176821	0.501027	0.000010	0.322081	0.000010	0.000010	LD_0.9_10_1884
XZ1205	0.000010	0.000010	0.000010	0.000010	0.000010	0.999910	0.000010	0.000010	0.000010	0.000010	LD_0.9_10_1884
XZ1206	0.000010	0.000010	0.000010	0.000010	0.000010	0.999910	0.000010	0.000010	0.000010	0.000010	LD_0.9_10_1884
XZ1207	0.000010	0.000010	0.000010	0.000010	0.396522	0.000010	0.000010	0.603398	0.000010	0.000010	LD_0.9_10_1884
XZ1210	0.000010	0.000010	0.000010	0.000010	0.486433	0.000010	0.000010	0.513487	0.000010	0.000010	LD_0.9_10_1884
XZ1212	0.000010	0.000010	0.000010	0.000010	0.357458	0.000010	0.000010	0.642462	0.000010	0.000010	LD_0.9_10_1884
XZ1213	0.000010	0.000012	0.000010	0.000010	0.368381	0.000010	0.000010	0.631536	0.000010	0.000010	LD_0.9_10_1884
XZ1731	0.000010	0.000013	0.000010	0.000010	0.417510	0.000010	0.000010	0.582407	0.000010	0.000010	LD_0.9_10_1884
XZ1732	0.000010	0.000010	0.000010	0.000010	0.611952	0.000010	0.000010	0.387968	0.000010	0.000010	LD_0.9_10_1884
ZZY0992	0.000010	0.000010	0.000010	0.999910	0.000010	0.000010	0.000010	0.000010	0.000010	0.000010	LD_0.9_10_1884
ZZY1034	0.000010	0.000010	0.000010	0.000010	0.000010	0.000010	0.000010	0.999910	0.000010	0.000010	LD_0.9_10_1884
ZZY1075	0.000010	0.000010	0.000010	0.000010	0.000010	0.000010	0.000010	0.999910	0.000010	0.000010	LD_0.9_10_1884
ZZY1123	0.000010	0.000010	0.000010	0.999910	0.000010	0.000010	0.000010	0.000010	0.000010	0.000010	LD_0.9_10_1884
ZZY1130	0.000010	0.000010	0.000010	0.000010	0.000010	0.000010	0.000010	0.999910	0.000010	0.000010	LD_0.9_10_1884
ZZY405	0.000010	0.000010	0.000010	0.000010	0.000010	0.000010	0.000010	0.999910	0.000010	0.000010	LD_0.9_10_1884
