AF16	0.000010	0.000010	0.000010	0.999950	0.000010	0.000010	LD_0.9_6_1230
BRC20069	0.000010	0.000010	0.000010	0.999950	0.000010	0.000010	LD_0.9_6_1230
BRC20073	0.000016	0.000010	0.000010	0.999944	0.000010	0.000010	LD_0.9_6_1230
BRC20075	0.000010	0.999950	0.000010	0.000010	0.000010	0.000010	LD_0.9_6_1230
BRC20077	0.000010	0.000010	0.000010	0.999950	0.000010	0.000010	LD_0.9_6_1230
BRC20081	0.000014	0.000010	0.000010	0.000010	0.999946	0.000010	LD_0.9_6_1230
BRC20085	0.170418	0.000010	0.000010	0.829542	0.000010	0.000010	LD_0.9_6_1230
BRC20088	0.000010	0.000010	0.000010	0.000010	0.999950	0.000010	LD_0.9_6_1230
BRC20089	0.000010	0.000010	0.000010	0.999950	0.000010	0.000010	LD_0.9_6_1230
BRC20090	0.048718	0.000010	0.000010	0.951242	0.000010	0.000010	LD_0.9_6_1230
BRC20092	0.076517	0.000010	0.000010	0.923443	0.000010	0.000010	LD_0.9_6_1230
BRC20093	0.000013	0.000010	0.000010	0.999947	0.000010	0.000010	LD_0.9_6_1230
BRC20094	0.080128	0.000010	0.000010	0.919832	0.000010	0.000010	LD_0.9_6_1230
BRC20095	0.000019	0.000010	0.000010	0.999941	0.000010	0.000010	LD_0.9_6_1230
BRC20096	0.000010	0.000010	0.000010	0.999950	0.000010	0.000010	LD_0.9_6_1230
BRC20098	0.000010	0.000010	0.000015	0.999945	0.000010	0.000010	LD_0.9_6_1230
BRC20099	0.000010	0.000010	0.000010	0.999950	0.000010	0.000010	LD_0.9_6_1230
BRC20100	0.000010	0.000010	0.000010	0.999950	0.000010	0.000010	LD_0.9_6_1230
BRC20102	0.000010	0.000010	0.000010	0.999950	0.000010	0.000010	LD_0.9_6_1230
BRC20103	0.000010	0.000010	0.000010	0.999950	0.000010	0.000010	LD_0.9_6_1230
BRC20105	0.160088	0.000010	0.000010	0.839872	0.000010	0.000010	LD_0.9_6_1230
BRC20107	0.149059	0.000010	0.000010	0.850901	0.000010	0.000010	LD_0.9_6_1230
BRC20115	0.000013	0.672741	0.000010	0.109345	0.217881	0.000010	LD_0.9_6_1230
BRC20119	0.763470	0.000010	0.000010	0.236490	0.000010	0.000010	LD_0.9_6_1230
BRC20228	0.000010	0.000010	0.000010	0.999950	0.000010	0.000010	LD_0.9_6_1230
BRC20229	0.000010	0.999950	0.000010	0.000010	0.000010	0.000010	LD_0.9_6_1230
BRC20230	0.000010	0.000010	0.000010	0.000010	0.999950	0.000010	LD_0.9_6_1230
BRC20232	0.000010	0.999950	0.000010	0.000010	0.000010	0.000010	LD_0.9_6_1230
BRC20238	0.000010	0.000010	0.000010	0.000010	0.999950	0.000010	LD_0.9_6_1230
BRC20239	0.000010	0.999946	0.000010	0.000014	0.000010	0.000010	LD_0.9_6_1230
BRC20241	0.081512	0.000010	0.000010	0.918448	0.000010	0.000010	LD_0.9_6_1230
BRC20242	0.000010	0.000010	0.000010	0.999950	0.000010	0.000010	LD_0.9_6_1230
BRC20244	0.000010	0.000017	0.000010	0.000010	0.999943	0.000010	LD_0.9_6_1230
BRC20246	0.000010	0.000010	0.000010	0.000011	0.999949	0.000010	LD_0.9_6_1230
BRC20257	0.996592	0.000010	0.000010	0.003368	0.000010	0.000010	LD_0.9_6_1230
BRC20260	0.000010	0.000010	0.000010	0.999950	0.000010	0.000010	LD_0.9_6_1230
BRC20270	0.000010	0.000010	0.000010	0.000010	0.999950	0.000010	LD_0.9_6_1230
BRC20272	0.000010	0.000010	0.000010	0.000010	0.999950	0.000010	LD_0.9_6_1230
BRC20289	0.000010	0.000010	0.000010	0.000010	0.999950	0.000010	LD_0.9_6_1230
BRC20290	0.000010	0.000010	0.000010	0.000010	0.999950	0.000010	LD_0.9_6_1230
BRC20294	0.000010	0.000010	0.000010	0.999950	0.000010	0.000010	LD_0.9_6_1230
BRC20308	0.000010	0.000010	0.000010	0.000011	0.999949	0.000010	LD_0.9_6_1230
BRC20309	0.000010	0.000010	0.000010	0.000011	0.999949	0.000010	LD_0.9_6_1230
BRC20311	0.000010	0.000010	0.000010	0.000010	0.999950	0.000010	LD_0.9_6_1230
BRC20312	0.000010	0.000010	0.000010	0.000010	0.999950	0.000010	LD_0.9_6_1230
BRC20315	0.000010	0.000010	0.000010	0.000010	0.999950	0.000010	LD_0.9_6_1230
BRC20320	0.000010	0.000010	0.000011	0.000010	0.999949	0.000010	LD_0.9_6_1230
BRC20324	0.000010	0.591492	0.000010	0.408468	0.000010	0.000010	LD_0.9_6_1230
BRC20331	0.000010	0.000010	0.000013	0.000010	0.999947	0.000010	LD_0.9_6_1230
BRC20333	0.000010	0.000010	0.000010	0.000010	0.999950	0.000010	LD_0.9_6_1230
BRC20334	0.000011	0.000010	0.000010	0.000010	0.999949	0.000010	LD_0.9_6_1230
BRC20339	0.000013	0.000010	0.000010	0.000010	0.999947	0.000010	LD_0.9_6_1230
BRC20341	0.000010	0.000010	0.000010	0.000010	0.999950	0.000010	LD_0.9_6_1230
BRC20343	0.000010	0.999950	0.000010	0.000010	0.000010	0.000010	LD_0.9_6_1230
BRC20346	0.000012	0.000010	0.000010	0.000010	0.999948	0.000010	LD_0.9_6_1230
BRC20347	0.000010	0.999950	0.000010	0.000010	0.000010	0.000010	LD_0.9_6_1230
BRC20348	0.000010	0.000010	0.000010	0.000010	0.999950	0.000010	LD_0.9_6_1230
BRC20353	0.341598	0.000010	0.000010	0.658362	0.000010	0.000010	LD_0.9_6_1230
BRC20360	0.353838	0.000010	0.000010	0.646122	0.000010	0.000010	LD_0.9_6_1230
BRC20361	0.359509	0.000010	0.000010	0.640451	0.000010	0.000010	LD_0.9_6_1230
BRC20362	0.338799	0.000011	0.000010	0.661160	0.000010	0.000010	LD_0.9_6_1230
BRC20366	0.000010	0.000010	0.000010	0.000010	0.999950	0.000010	LD_0.9_6_1230
BRC20367	0.000010	0.000010	0.000010	0.000010	0.999950	0.000010	LD_0.9_6_1230
BRC20369	0.000010	0.000010	0.000010	0.999950	0.000010	0.000010	LD_0.9_6_1230
BRC20370	0.000010	0.000010	0.000010	0.000011	0.999949	0.000010	LD_0.9_6_1230
BRC20388	0.000010	0.000010	0.000010	0.390374	0.246111	0.363485	LD_0.9_6_1230
BRC20390	0.000010	0.000010	0.000010	0.000010	0.999950	0.000010	LD_0.9_6_1230
BRC20401	0.000017	0.000010	0.000011	0.999942	0.000010	0.000010	LD_0.9_6_1230
BRC20463	0.000010	0.000010	0.000010	0.000010	0.999950	0.000010	LD_0.9_6_1230
BRC20492	0.000010	0.664795	0.000010	0.105577	0.229598	0.000010	LD_0.9_6_1230
BRC20499	0.000011	0.000010	0.000010	0.000010	0.999949	0.000010	LD_0.9_6_1230
BRC20501	0.000010	0.000010	0.000010	0.000010	0.999950	0.000010	LD_0.9_6_1230
BRC20502	0.000010	0.230552	0.000010	0.235428	0.250562	0.283438	LD_0.9_6_1230
BRC20503	0.000010	0.229960	0.000010	0.234563	0.252220	0.283237	LD_0.9_6_1230
BRC20519	0.000010	0.666985	0.000010	0.114781	0.218204	0.000010	LD_0.9_6_1230
BRC20520	0.000010	0.664355	0.000010	0.109828	0.225787	0.000010	LD_0.9_6_1230
BRC20522	0.000010	0.999949	0.000010	0.000011	0.000010	0.000010	LD_0.9_6_1230
BRC20524	0.000010	0.999950	0.000010	0.000010	0.000010	0.000010	LD_0.9_6_1230
BRC20529	0.000010	0.000010	0.000010	0.000010	0.999950	0.000010	LD_0.9_6_1230
BRC20530	0.000010	0.999950	0.000010	0.000010	0.000010	0.000010	LD_0.9_6_1230
BRC20531	0.000010	0.999950	0.000010	0.000010	0.000010	0.000010	LD_0.9_6_1230
BRC20532	0.000010	0.000010	0.000010	0.000010	0.999950	0.000010	LD_0.9_6_1230
BRC20533	0.000010	0.000010	0.000010	0.000010	0.999950	0.000010	LD_0.9_6_1230
BRC20534	0.000010	0.000010	0.000010	0.000010	0.999950	0.000010	LD_0.9_6_1230
BRC20535	0.000010	0.000010	0.000010	0.000010	0.999950	0.000010	LD_0.9_6_1230
BRC20536	0.000010	0.000010	0.000010	0.000010	0.999950	0.000010	LD_0.9_6_1230
BRC20537	0.000010	0.000010	0.000010	0.000010	0.999950	0.000010	LD_0.9_6_1230
BRC20541	0.000010	0.662472	0.000018	0.129609	0.207881	0.000010	LD_0.9_6_1230
BRC20543	0.000010	0.000010	0.000010	0.000010	0.999950	0.000010	LD_0.9_6_1230
BRC20544	0.000010	0.000010	0.000010	0.000010	0.999950	0.000010	LD_0.9_6_1230
BRC20545	0.000010	0.000010	0.000010	0.000010	0.999950	0.000010	LD_0.9_6_1230
BRC20556	0.000010	0.000010	0.000010	0.999950	0.000010	0.000010	LD_0.9_6_1230
BRC20557	0.000010	0.000016	0.000013	0.000010	0.999941	0.000010	LD_0.9_6_1230
BRC20565	0.000010	0.000010	0.000010	0.999950	0.000010	0.000010	LD_0.9_6_1230
BRC20571	0.010209	0.000010	0.000010	0.989751	0.000010	0.000010	LD_0.9_6_1230
BRC20574	0.000010	0.000010	0.000010	0.999950	0.000010	0.000010	LD_0.9_6_1230
BW287	0.000010	0.031081	0.000010	0.376277	0.233029	0.359594	LD_0.9_6_1230
DF5100	0.000010	0.000010	0.000010	0.999950	0.000010	0.000010	LD_0.9_6_1230
ECA1129	0.000010	0.000010	0.000010	0.999950	0.000010	0.000010	LD_0.9_6_1230
ECA1143	0.076707	0.000010	0.000010	0.923253	0.000010	0.000010	LD_0.9_6_1230
ECA1147	0.000010	0.000010	0.000010	0.999950	0.000010	0.000010	LD_0.9_6_1230
ECA1149	0.000010	0.000010	0.000010	0.956020	0.043940	0.000010	LD_0.9_6_1230
ECA1160	0.000010	0.000010	0.000010	0.999950	0.000010	0.000010	LD_0.9_6_1230
ECA1164	0.000010	0.000010	0.000016	0.999944	0.000010	0.000010	LD_0.9_6_1230
ECA1170	0.000010	0.000010	0.000010	0.000010	0.999950	0.000010	LD_0.9_6_1230
ECA1174	0.000010	0.000010	0.000010	0.999940	0.000020	0.000010	LD_0.9_6_1230
ECA1383	0.000010	0.000010	0.000010	0.000010	0.999950	0.000010	LD_0.9_6_1230
ECA1411	0.000010	0.000010	0.000010	0.999950	0.000010	0.000010	LD_0.9_6_1230
ECA1423	0.000010	0.000010	0.000010	0.999950	0.000010	0.000010	LD_0.9_6_1230
ECA1429	0.000010	0.000010	0.000010	0.999950	0.000010	0.000010	LD_0.9_6_1230
ECA1431	0.000010	0.000010	0.000010	0.999950	0.000010	0.000010	LD_0.9_6_1230
ECA1437	0.000010	0.000010	0.000010	0.999950	0.000010	0.000010	LD_0.9_6_1230
ECA1439	0.000010	0.000010	0.000010	0.999950	0.000010	0.000010	LD_0.9_6_1230
ECA1443	0.000010	0.000010	0.000010	0.049613	0.950347	0.000010	LD_0.9_6_1230
ECA1471	0.000010	0.000010	0.000010	0.999950	0.000010	0.000010	LD_0.9_6_1230
ECA1489	0.124899	0.000010	0.000010	0.875058	0.000012	0.000010	LD_0.9_6_1230
ECA1507	0.000010	0.000010	0.000010	0.999950	0.000010	0.000010	LD_0.9_6_1230
ECA1509	0.000010	0.000010	0.000010	0.999950	0.000010	0.000010	LD_0.9_6_1230
ECA1517	0.000010	0.000010	0.000010	0.999950	0.000010	0.000010	LD_0.9_6_1230
ECA1521	0.000010	0.000010	0.000010	0.999950	0.000010	0.000010	LD_0.9_6_1230
ECA1555	0.000010	0.000010	0.000010	0.999950	0.000010	0.000010	LD_0.9_6_1230
ECA1559	0.000010	0.000010	0.000010	0.000010	0.999950	0.000010	LD_0.9_6_1230
ECA1563	0.000010	0.000010	0.000010	0.999950	0.000010	0.000010	LD_0.9_6_1230
ECA1571	0.113250	0.000010	0.000010	0.886710	0.000010	0.000010	LD_0.9_6_1230
ECA1587	0.000010	0.000010	0.000010	0.999950	0.000010	0.000010	LD_0.9_6_1230
ECA1605	0.050745	0.000010	0.000010	0.070342	0.878883	0.000010	LD_0.9_6_1230
ECA1609	0.000010	0.000010	0.000010	0.999950	0.000010	0.000010	LD_0.9_6_1230
ECA161	0.000010	0.000010	0.000010	0.999950	0.000010	0.000010	LD_0.9_6_1230
ECA1611	0.000010	0.000010	0.000010	0.999950	0.000010	0.000010	LD_0.9_6_1230
ECA1615	0.000010	0.000010	0.000010	0.999950	0.000010	0.000010	LD_0.9_6_1230
ECA162	0.000010	0.000010	0.000010	0.999950	0.000010	0.000010	LD_0.9_6_1230
ECA1621	0.000010	0.000010	0.000010	0.999950	0.000010	0.000010	LD_0.9_6_1230
ECA163	0.000010	0.669255	0.019073	0.195836	0.063832	0.051994	LD_0.9_6_1230
ECA1637	0.000010	0.000010	0.000010	0.999950	0.000010	0.000010	LD_0.9_6_1230
ECA1657	0.000010	0.000010	0.000010	0.999950	0.000010	0.000010	LD_0.9_6_1230
ECA1701	0.004522	0.000010	0.000010	0.995438	0.000010	0.000010	LD_0.9_6_1230
ECA175	0.000010	0.000010	0.000010	0.999950	0.000010	0.000010	LD_0.9_6_1230
ECA176	0.000020	0.000010	0.000010	0.999940	0.000010	0.000010	LD_0.9_6_1230
ECA177	0.000010	0.000010	0.000010	0.999950	0.000010	0.000010	LD_0.9_6_1230
ECA180	0.000010	0.000010	0.000010	0.999950	0.000010	0.000010	LD_0.9_6_1230
ECA182	0.000010	0.000010	0.000010	0.999950	0.000010	0.000010	LD_0.9_6_1230
ECA183	0.000010	0.000010	0.000010	0.999950	0.000010	0.000010	LD_0.9_6_1230
ECA185	0.000010	0.000010	0.000010	0.999950	0.000010	0.000010	LD_0.9_6_1230
ECA186	0.000010	0.000010	0.000010	0.999950	0.000010	0.000010	LD_0.9_6_1230
ECA2083	0.000010	0.000010	0.000010	0.999950	0.000010	0.000010	LD_0.9_6_1230
ECA2093	0.000010	0.000010	0.000010	0.999950	0.000010	0.000010	LD_0.9_6_1230
ECA2115	0.000010	0.000010	0.000010	0.999950	0.000010	0.000010	LD_0.9_6_1230
ECA2299	0.000010	0.000010	0.000010	0.000010	0.999950	0.000010	LD_0.9_6_1230
ECA2373	0.032029	0.000010	0.000010	0.967925	0.000016	0.000010	LD_0.9_6_1230
ECA2385	0.000010	0.000010	0.000010	0.000010	0.999950	0.000010	LD_0.9_6_1230
ECA2425	0.000010	0.000010	0.000010	0.999950	0.000010	0.000010	LD_0.9_6_1230
ECA2617	0.000010	0.000010	0.000010	0.000012	0.000010	0.999948	LD_0.9_6_1230
ECA2618	0.000013	0.000010	0.000010	0.000010	0.000010	0.999947	LD_0.9_6_1230
ECA2621	0.000010	0.000010	0.000010	0.000010	0.000010	0.999950	LD_0.9_6_1230
ECA2623	0.033843	0.000010	0.000010	0.966117	0.000010	0.000010	LD_0.9_6_1230
ECA2625	0.000010	0.000010	0.000010	0.999950	0.000010	0.000010	LD_0.9_6_1230
ECA2626	0.000010	0.000010	0.000010	0.999950	0.000010	0.000010	LD_0.9_6_1230
ECA2636	0.000010	0.000010	0.000010	0.999950	0.000010	0.000010	LD_0.9_6_1230
ECA2637	0.000010	0.000010	0.000010	0.999950	0.000010	0.000010	LD_0.9_6_1230
ECA2639	0.000011	0.000010	0.000010	0.000010	0.000010	0.999949	LD_0.9_6_1230
ECA2645	0.000010	0.000010	0.000010	0.999950	0.000010	0.000010	LD_0.9_6_1230
ECA2647	0.000010	0.000010	0.000013	0.000010	0.000010	0.999947	LD_0.9_6_1230
ECA2663	0.000010	0.000010	0.000010	0.999950	0.000010	0.000010	LD_0.9_6_1230
ECA2664	0.045796	0.000010	0.000010	0.954164	0.000010	0.000010	LD_0.9_6_1230
ECA2666	0.000010	0.000010	0.000013	0.000010	0.000010	0.999947	LD_0.9_6_1230
ECA2667	0.000010	0.000010	0.000010	0.999950	0.000010	0.000010	LD_0.9_6_1230
ECA2670	0.000010	0.000010	0.000010	0.000010	0.000010	0.999950	LD_0.9_6_1230
ECA276	0.000010	0.668023	0.016178	0.197421	0.064303	0.054064	LD_0.9_6_1230
ECA278	0.000010	0.000010	0.000010	0.391829	0.243488	0.364653	LD_0.9_6_1230
ECA2808	0.000010	0.000010	0.000010	0.999950	0.000010	0.000010	LD_0.9_6_1230
ECA287	0.000010	0.000010	0.000010	0.006670	0.993290	0.000010	LD_0.9_6_1230
ECA288	0.000010	0.000010	0.000010	0.896170	0.103790	0.000010	LD_0.9_6_1230
ECA2883	0.000010	0.000010	0.000010	0.999950	0.000010	0.000010	LD_0.9_6_1230
ECA2890	0.000010	0.000010	0.000010	0.999950	0.000010	0.000010	LD_0.9_6_1230
ECA2894	0.000010	0.000010	0.000010	0.999950	0.000010	0.000010	LD_0.9_6_1230
ECA2936	0.000010	0.000010	0.000010	0.000010	0.999950	0.000010	LD_0.9_6_1230
ECA2975	0.000010	0.000010	0.000010	0.999950	0.000010	0.000010	LD_0.9_6_1230
ECA3091	0.000010	0.000010	0.000010	0.999950	0.000010	0.000010	LD_0.9_6_1230
ECA343	0.000010	0.000010	0.000010	0.999950	0.000010	0.000010	LD_0.9_6_1230
ECA346	0.000010	0.000010	0.000010	0.999950	0.000010	0.000010	LD_0.9_6_1230
ECA3502	0.000010	0.000010	0.000010	0.000010	0.999950	0.000010	LD_0.9_6_1230
ECA3503	0.000010	0.000010	0.000010	0.999950	0.000010	0.000010	LD_0.9_6_1230
ECA3509	0.000010	0.000010	0.000010	0.999950	0.000010	0.000010	LD_0.9_6_1230
ECA3708	0.000010	0.000010	0.000010	0.999950	0.000010	0.000010	LD_0.9_6_1230
ECA371	0.000016	0.000010	0.000010	0.999944	0.000010	0.000010	LD_0.9_6_1230
ECA3712	0.000010	0.000010	0.000010	0.999950	0.000010	0.000010	LD_0.9_6_1230
ECA3713	0.000010	0.000010	0.000010	0.999950	0.000010	0.000010	LD_0.9_6_1230
ECA3899	0.000010	0.000010	0.000010	0.999950	0.000010	0.000010	LD_0.9_6_1230
ECA4382	0.000010	0.000010	0.000010	0.999950	0.000010	0.000010	LD_0.9_6_1230
ECA4390	0.000010	0.000010	0.000010	0.999950	0.000010	0.000010	LD_0.9_6_1230
ECA4394	0.000010	0.000010	0.000010	0.999950	0.000010	0.000010	LD_0.9_6_1230
ECA4402	0.000020	0.000010	0.000010	0.999940	0.000010	0.000010	LD_0.9_6_1230
ECA569	0.000010	0.000010	0.000010	0.390101	0.245661	0.364209	LD_0.9_6_1230
ED3032	0.000010	0.000010	0.000010	0.999950	0.000010	0.000010	LD_0.9_6_1230
ED3037	0.000010	0.000010	0.000010	0.999950	0.000010	0.000010	LD_0.9_6_1230
ED3088	0.000010	0.000010	0.000010	0.999950	0.000010	0.000010	LD_0.9_6_1230
ED3102	0.000010	0.468973	0.267299	0.181092	0.082616	0.000010	LD_0.9_6_1230
EG4360	0.000010	0.003976	0.000010	0.385963	0.241892	0.368149	LD_0.9_6_1230
EG5612	0.000010	0.000010	0.000010	0.999950	0.000010	0.000010	LD_0.9_6_1230
EG5613	0.057016	0.000010	0.000010	0.942944	0.000010	0.000010	LD_0.9_6_1230
EG6179	0.000010	0.000010	0.000010	0.999950	0.000010	0.000010	LD_0.9_6_1230
EG6260	0.020993	0.000010	0.000010	0.978967	0.000010	0.000010	LD_0.9_6_1230
EG6261	0.000010	0.000010	0.000010	0.999950	0.000010	0.000010	LD_0.9_6_1230
EG6265	0.013833	0.000010	0.000018	0.000010	0.986119	0.000010	LD_0.9_6_1230
EG6267	0.004037	0.000010	0.000010	0.995922	0.000010	0.000010	LD_0.9_6_1230
EG6271	0.044259	0.000010	0.000010	0.955701	0.000010	0.000010	LD_0.9_6_1230
EG6272	0.007231	0.000010	0.000010	0.992729	0.000010	0.000010	LD_0.9_6_1230
EG6274	0.000010	0.000010	0.000010	0.999950	0.000010	0.000010	LD_0.9_6_1230
EG6275	0.000010	0.000010	0.000010	0.999950	0.000010	0.000010	LD_0.9_6_1230
EG6276	0.000010	0.000010	0.000010	0.999950	0.000010	0.000010	LD_0.9_6_1230
EG6329	0.096025	0.000010	0.000010	0.903935	0.000010	0.000010	LD_0.9_6_1230
GUN124	0.000010	0.040506	0.000010	0.379198	0.228026	0.352249	LD_0.9_6_1230
GXW22	0.000010	0.000010	0.000010	0.999950	0.000010	0.000010	LD_0.9_6_1230
GXW23	0.000012	0.000010	0.000010	0.999948	0.000010	0.000010	LD_0.9_6_1230
HK104	0.000013	0.061158	0.000010	0.368204	0.219637	0.350978	LD_0.9_6_1230
HPT11	0.000010	0.710418	0.000010	0.161483	0.128069	0.000010	LD_0.9_6_1230
HPT16	0.000010	0.000010	0.000010	0.999950	0.000010	0.000010	LD_0.9_6_1230
HPT18	0.000010	0.705210	0.000010	0.162933	0.131827	0.000010	LD_0.9_6_1230
HPT19	0.000010	0.000011	0.000010	0.999949	0.000010	0.000010	LD_0.9_6_1230
HPT2	0.000010	0.000010	0.000010	0.999950	0.000010	0.000010	LD_0.9_6_1230
HPT21	0.000012	0.000010	0.000010	0.999948	0.000010	0.000010	LD_0.9_6_1230
HPT24	0.000010	0.708415	0.000010	0.162663	0.128892	0.000010	LD_0.9_6_1230
HPT34	0.000010	0.000010	0.000010	0.999950	0.000010	0.000010	LD_0.9_6_1230
HPT37	0.029066	0.000010	0.000010	0.970894	0.000010	0.000010	LD_0.9_6_1230
HPT4	0.000017	0.000010	0.000010	0.999943	0.000010	0.000010	LD_0.9_6_1230
HPT42	0.000010	0.000010	0.000010	0.999950	0.000010	0.000010	LD_0.9_6_1230
HPT52	0.493364	0.000010	0.000010	0.506596	0.000010	0.000010	LD_0.9_6_1230
HPT53	0.000010	0.000010	0.000010	0.999950	0.000010	0.000010	LD_0.9_6_1230
HPT54	0.000010	0.000010	0.000010	0.999950	0.000010	0.000010	LD_0.9_6_1230
HPT55	0.000010	0.000010	0.000010	0.999950	0.000010	0.000010	LD_0.9_6_1230
HPT59	0.000010	0.000010	0.000010	0.999950	0.000010	0.000010	LD_0.9_6_1230
HPT60	0.000010	0.000010	0.000010	0.999950	0.000010	0.000010	LD_0.9_6_1230
HPT62	0.999950	0.000010	0.000010	0.000010	0.000010	0.000010	LD_0.9_6_1230
HPT63	0.000010	0.000010	0.000010	0.999950	0.000010	0.000010	LD_0.9_6_1230
HPT7	0.000010	0.000010	0.000010	0.999943	0.000017	0.000010	LD_0.9_6_1230
HPT8	0.000010	0.000010	0.000010	0.999950	0.000010	0.000010	LD_0.9_6_1230
HPT9	0.000010	0.100363	0.000010	0.899597	0.000010	0.000010	LD_0.9_6_1230
JU1085	0.000010	0.038321	0.000010	0.376658	0.225062	0.359939	LD_0.9_6_1230
JU1337	0.031717	0.000010	0.000010	0.968243	0.000010	0.000010	LD_0.9_6_1230
JU1338	0.345775	0.000010	0.000010	0.651591	0.002604	0.000010	LD_0.9_6_1230
JU1341	0.000010	0.000010	0.999950	0.000010	0.000010	0.000010	LD_0.9_6_1230
JU1346	0.332016	0.000010	0.000010	0.667944	0.000010	0.000010	LD_0.9_6_1230
JU1347	0.000010	0.000010	0.000010	0.999950	0.000010	0.000010	LD_0.9_6_1230
JU1348	0.000010	0.000010	0.999948	0.000012	0.000010	0.000010	LD_0.9_6_1230
JU1375	0.000010	0.000010	0.000010	0.999950	0.000010	0.000010	LD_0.9_6_1230
JU1377	0.000010	0.000010	0.000010	0.999950	0.000010	0.000010	LD_0.9_6_1230
JU1378	0.000011	0.000010	0.000010	0.999949	0.000010	0.000010	LD_0.9_6_1230
JU1392	0.000010	0.000010	0.000010	0.999950	0.000010	0.000010	LD_0.9_6_1230
JU1399	0.386291	0.000010	0.000013	0.613666	0.000010	0.000010	LD_0.9_6_1230
JU1424	0.000010	0.000010	0.000010	0.991842	0.008118	0.000010	LD_0.9_6_1230
JU1435	0.000010	0.000010	0.000010	0.999950	0.000010	0.000010	LD_0.9_6_1230
JU1564	0.000010	0.000010	0.000010	0.391438	0.246343	0.362189	LD_0.9_6_1230
JU1637	0.000010	0.000010	0.000010	0.999950	0.000010	0.000010	LD_0.9_6_1230
JU1638	0.000010	0.000010	0.000010	0.999950	0.000010	0.000010	LD_0.9_6_1230
JU1794	0.007296	0.000010	0.000010	0.992664	0.000010	0.000010	LD_0.9_6_1230
JU1795	0.000010	0.000010	0.000010	0.999950	0.000010	0.000010	LD_0.9_6_1230
JU1799	0.000010	0.000010	0.000010	0.999950	0.000010	0.000010	LD_0.9_6_1230
JU1802	0.000010	0.000010	0.000010	0.999950	0.000010	0.000010	LD_0.9_6_1230
JU1814	0.047969	0.000010	0.000010	0.951991	0.000010	0.000010	LD_0.9_6_1230
JU1884	0.000010	0.000010	0.000010	0.999950	0.000010	0.000010	LD_0.9_6_1230
JU1885	0.059790	0.000010	0.000010	0.940166	0.000014	0.000010	LD_0.9_6_1230
JU1907	0.000010	0.000010	0.000010	0.999950	0.000010	0.000010	LD_0.9_6_1230
JU1908	0.000010	0.000010	0.000010	0.999950	0.000010	0.000010	LD_0.9_6_1230
JU1909	0.000010	0.000010	0.000010	0.999950	0.000010	0.000010	LD_0.9_6_1230
JU1913	0.510704	0.000010	0.000010	0.489256	0.000010	0.000010	LD_0.9_6_1230
JU2053	0.000010	0.000010	0.000010	0.999950	0.000010	0.000010	LD_0.9_6_1230
JU2054	0.000010	0.000010	0.000010	0.999950	0.000010	0.000010	LD_0.9_6_1230
JU2056	0.000010	0.000010	0.000010	0.999950	0.000010	0.000010	LD_0.9_6_1230
JU2057	0.985822	0.000010	0.000010	0.014132	0.000016	0.000010	LD_0.9_6_1230
JU2160	0.999950	0.000010	0.000010	0.000010	0.000010	0.000010	LD_0.9_6_1230
JU2162	0.999949	0.000011	0.000010	0.000010	0.000010	0.000010	LD_0.9_6_1230
JU2214	0.314396	0.000010	0.000010	0.685564	0.000010	0.000010	LD_0.9_6_1230
JU2216	0.000010	0.000010	0.000010	0.000010	0.999950	0.000010	LD_0.9_6_1230
JU2457	0.137482	0.000010	0.000010	0.604303	0.078282	0.179913	LD_0.9_6_1230
JU2470	0.989358	0.000010	0.000010	0.002762	0.007850	0.000010	LD_0.9_6_1230
JU2472	0.000010	0.000010	0.000010	0.999950	0.000010	0.000010	LD_0.9_6_1230
JU2507	0.994750	0.000018	0.000010	0.002103	0.003110	0.000010	LD_0.9_6_1230
JU2518	0.512140	0.000010	0.000010	0.487820	0.000010	0.000010	LD_0.9_6_1230
JU2536	0.000010	0.021018	0.000010	0.381711	0.237466	0.359784	LD_0.9_6_1230
JU2618	0.709020	0.000010	0.000010	0.290940	0.000010	0.000010	LD_0.9_6_1230
JU2799	0.000010	0.000010	0.000010	0.999950	0.000010	0.000010	LD_0.9_6_1230
JU2836	0.297643	0.000010	0.000010	0.702317	0.000010	0.000010	LD_0.9_6_1230
JU2849	0.000010	0.000010	0.000010	0.999950	0.000010	0.000010	LD_0.9_6_1230
JU2861	0.000010	0.000010	0.000010	0.999950	0.000010	0.000010	LD_0.9_6_1230
JU2868	0.000010	0.000010	0.000010	0.999950	0.000010	0.000010	LD_0.9_6_1230
JU2872	0.000010	0.002435	0.000010	0.387829	0.244916	0.364800	LD_0.9_6_1230
JU2910	0.082250	0.000010	0.000010	0.917710	0.000010	0.000010	LD_0.9_6_1230
JU3168	0.000010	0.703695	0.036609	0.171321	0.061019	0.027347	LD_0.9_6_1230
JU3171	0.000010	0.000010	0.000010	0.999950	0.000010	0.000010	LD_0.9_6_1230
JU3199	0.000010	0.000010	0.999950	0.000010	0.000010	0.000010	LD_0.9_6_1230
JU3200	0.000019	0.000010	0.999935	0.000010	0.000016	0.000010	LD_0.9_6_1230
JU3201	0.000010	0.000010	0.999950	0.000010	0.000010	0.000010	LD_0.9_6_1230
JU3202	0.000010	0.000010	0.999950	0.000010	0.000010	0.000010	LD_0.9_6_1230
JU3203	0.000010	0.000010	0.999950	0.000010	0.000010	0.000010	LD_0.9_6_1230
JU3206	0.000010	0.000010	0.999949	0.000011	0.000010	0.000010	LD_0.9_6_1230
JU3207	0.000020	0.000010	0.000010	0.999940	0.000010	0.000010	LD_0.9_6_1230
JU3237	0.987508	0.000017	0.000010	0.012445	0.000010	0.000010	LD_0.9_6_1230
JU3281	0.000010	0.000010	0.000010	0.999950	0.000010	0.000010	LD_0.9_6_1230
JU3319	0.000010	0.000010	0.000010	0.999950	0.000010	0.000010	LD_0.9_6_1230
JU3321	0.000010	0.000010	0.000014	0.999946	0.000010	0.000010	LD_0.9_6_1230
JU3326	0.000010	0.629699	0.000010	0.197118	0.104589	0.068574	LD_0.9_6_1230
JU3327	0.000010	0.000010	0.000010	0.999950	0.000010	0.000010	LD_0.9_6_1230
JU3416	0.000015	0.097978	0.000010	0.343634	0.207556	0.350807	LD_0.9_6_1230
JU4042	0.000014	0.000010	0.000011	0.999943	0.000011	0.000010	LD_0.9_6_1230
JU4051	0.000010	0.000010	0.000010	0.999950	0.000010	0.000010	LD_0.9_6_1230
JU4058	0.000017	0.109464	0.000010	0.890490	0.000010	0.000010	LD_0.9_6_1230
JU4060	0.009615	0.000010	0.000010	0.990345	0.000010	0.000010	LD_0.9_6_1230
JU4062	0.000010	0.000010	0.000010	0.999950	0.000010	0.000010	LD_0.9_6_1230
JU4064	0.000010	0.000010	0.000010	0.999950	0.000010	0.000010	LD_0.9_6_1230
JU4080	0.000010	0.000010	0.000010	0.999950	0.000010	0.000010	LD_0.9_6_1230
JU4084	0.000010	0.000010	0.000010	0.999950	0.000010	0.000010	LD_0.9_6_1230
JU4097	0.000010	0.000010	0.000010	0.999950	0.000010	0.000010	LD_0.9_6_1230
JU725	0.000010	0.000010	0.000010	0.999950	0.000010	0.000010	LD_0.9_6_1230
MY2716	0.000010	0.000010	0.000010	0.999950	0.000010	0.000010	LD_0.9_6_1230
MY539	0.000010	0.000010	0.000010	0.999950	0.000010	0.000010	LD_0.9_6_1230
NIC1050	0.634966	0.000010	0.000010	0.364993	0.000012	0.000010	LD_0.9_6_1230
NIC1052	0.724606	0.000010	0.000010	0.275354	0.000010	0.000010	LD_0.9_6_1230
NIC1054	0.536768	0.000010	0.000010	0.463192	0.000010	0.000010	LD_0.9_6_1230
NIC1055	0.640604	0.000010	0.000010	0.359356	0.000010	0.000010	LD_0.9_6_1230
NIC1057	0.719927	0.000010	0.000010	0.280033	0.000010	0.000010	LD_0.9_6_1230
NIC1058	0.676151	0.000010	0.000010	0.323809	0.000010	0.000010	LD_0.9_6_1230
NIC1059	0.643999	0.000010	0.000010	0.355961	0.000010	0.000010	LD_0.9_6_1230
NIC1060	0.559958	0.000010	0.000010	0.440002	0.000010	0.000010	LD_0.9_6_1230
NIC1062	0.313988	0.000010	0.000010	0.685972	0.000010	0.000010	LD_0.9_6_1230
NIC1069	0.070641	0.000010	0.000010	0.929319	0.000010	0.000010	LD_0.9_6_1230
NIC1103	0.656815	0.000010	0.000010	0.343145	0.000010	0.000010	LD_0.9_6_1230
NIC1104	0.095469	0.000010	0.000010	0.904490	0.000010	0.000010	LD_0.9_6_1230
NIC1106	0.381701	0.000010	0.000010	0.618259	0.000010	0.000010	LD_0.9_6_1230
NIC1117	0.000010	0.000010	0.000010	0.999950	0.000010	0.000010	LD_0.9_6_1230
NIC1123	0.329446	0.000010	0.000010	0.670514	0.000010	0.000010	LD_0.9_6_1230
NIC1124	0.520493	0.000010	0.000010	0.479467	0.000010	0.000010	LD_0.9_6_1230
NIC1135	0.501416	0.000010	0.000010	0.498544	0.000010	0.000010	LD_0.9_6_1230
NIC1138	0.531653	0.000010	0.000010	0.468307	0.000010	0.000010	LD_0.9_6_1230
NIC1141	0.504460	0.000010	0.000010	0.495500	0.000010	0.000010	LD_0.9_6_1230
NIC115	0.000010	0.000010	0.000010	0.999950	0.000010	0.000010	LD_0.9_6_1230
NIC117	0.000010	0.000010	0.000010	0.999950	0.000010	0.000010	LD_0.9_6_1230
NIC1183	0.517756	0.000010	0.000010	0.482204	0.000010	0.000010	LD_0.9_6_1230
NIC119	0.000010	0.000010	0.000010	0.999950	0.000010	0.000010	LD_0.9_6_1230
NIC1190	0.453883	0.000010	0.000010	0.546073	0.000014	0.000010	LD_0.9_6_1230
NIC1202	0.000010	0.000010	0.000010	0.999950	0.000010	0.000010	LD_0.9_6_1230
NIC1204	0.000010	0.000010	0.000010	0.999943	0.000017	0.000010	LD_0.9_6_1230
NIC1205	0.000010	0.000010	0.000010	0.000010	0.999950	0.000010	LD_0.9_6_1230
NIC1218	0.000010	0.000010	0.000010	0.999950	0.000010	0.000010	LD_0.9_6_1230
NIC1220	0.000010	0.000010	0.000010	0.000010	0.999950	0.000010	LD_0.9_6_1230
NIC1221	0.000010	0.000010	0.000010	0.999944	0.000016	0.000010	LD_0.9_6_1230
NIC123	0.000010	0.000010	0.000010	0.999950	0.000010	0.000010	LD_0.9_6_1230
NIC1267	0.174767	0.000010	0.000010	0.825193	0.000010	0.000010	LD_0.9_6_1230
NIC1283	0.444312	0.000010	0.000010	0.555648	0.000010	0.000010	LD_0.9_6_1230
NIC1288	0.555125	0.000010	0.000010	0.444834	0.000012	0.000010	LD_0.9_6_1230
NIC1292	0.520187	0.000010	0.000010	0.479773	0.000010	0.000010	LD_0.9_6_1230
NIC1302	0.377510	0.000010	0.000010	0.622450	0.000010	0.000010	LD_0.9_6_1230
NIC1304	0.543651	0.000010	0.000010	0.456309	0.000010	0.000010	LD_0.9_6_1230
NIC1308	0.000010	0.000010	0.000010	0.999950	0.000010	0.000010	LD_0.9_6_1230
NIC1407	0.565644	0.000010	0.000010	0.434316	0.000010	0.000010	LD_0.9_6_1230
NIC1421	0.320390	0.000010	0.000010	0.679570	0.000010	0.000010	LD_0.9_6_1230
NIC1423	0.642343	0.000010	0.000010	0.357617	0.000010	0.000010	LD_0.9_6_1230
NIC1442	0.465544	0.000010	0.000010	0.534415	0.000010	0.000010	LD_0.9_6_1230
NIC1491	0.465631	0.000010	0.000010	0.534328	0.000010	0.000010	LD_0.9_6_1230
NIC1525	0.000010	0.000010	0.000010	0.999950	0.000010	0.000010	LD_0.9_6_1230
NIC1528	0.000010	0.000010	0.000010	0.999950	0.000010	0.000010	LD_0.9_6_1230
NIC1529	0.000010	0.000010	0.000010	0.999950	0.000010	0.000010	LD_0.9_6_1230
NIC1533	0.000010	0.000010	0.000010	0.999950	0.000010	0.000010	LD_0.9_6_1230
NIC1535	0.000010	0.000010	0.000010	0.999944	0.000016	0.000010	LD_0.9_6_1230
NIC1539	0.000010	0.000010	0.000010	0.000010	0.999950	0.000010	LD_0.9_6_1230
NIC1540	0.000010	0.999950	0.000010	0.000010	0.000010	0.000010	LD_0.9_6_1230
NIC1562	0.000010	0.000010	0.000010	0.000010	0.999950	0.000010	LD_0.9_6_1230
NIC1589	0.000010	0.999950	0.000010	0.000010	0.000010	0.000010	LD_0.9_6_1230
NIC1590	0.000010	0.000010	0.000010	0.000010	0.999950	0.000010	LD_0.9_6_1230
NIC1591	0.000010	0.999950	0.000010	0.000010	0.000010	0.000010	LD_0.9_6_1230
NIC1593	0.000010	0.999950	0.000010	0.000010	0.000010	0.000010	LD_0.9_6_1230
NIC1595	0.000010	0.000010	0.000010	0.000010	0.999950	0.000010	LD_0.9_6_1230
NIC1598	0.000010	0.000010	0.000010	0.009008	0.990952	0.000010	LD_0.9_6_1230
NIC1602	0.000010	0.000010	0.000010	0.000010	0.999950	0.000010	LD_0.9_6_1230
NIC1607	0.000010	0.668664	0.000011	0.107170	0.224135	0.000010	LD_0.9_6_1230
NIC1628	0.000010	0.000010	0.000010	0.999950	0.000010	0.000010	LD_0.9_6_1230
NIC1630	0.000010	0.000012	0.000010	0.000010	0.999948	0.000010	LD_0.9_6_1230
NIC1631	0.000010	0.000010	0.000010	0.000010	0.999950	0.000010	LD_0.9_6_1230
NIC1632	0.000010	0.000010	0.000010	0.391392	0.246154	0.362424	LD_0.9_6_1230
NIC1633	0.000010	0.000010	0.000010	0.389301	0.245516	0.365154	LD_0.9_6_1230
NIC1635	0.000010	0.002554	0.000010	0.387058	0.244902	0.365466	LD_0.9_6_1230
NIC1645	0.000010	0.000010	0.000010	0.000010	0.999950	0.000010	LD_0.9_6_1230
NIC1660	0.000010	0.000010	0.000010	0.000010	0.999950	0.000010	LD_0.9_6_1230
NIC1661	0.000010	0.000010	0.000010	0.000010	0.999950	0.000010	LD_0.9_6_1230
NIC1662	0.000010	0.000010	0.000010	0.000010	0.999950	0.000010	LD_0.9_6_1230
NIC1663	0.000010	0.000010	0.000010	0.000010	0.999950	0.000010	LD_0.9_6_1230
NIC1664	0.000010	0.999950	0.000010	0.000010	0.000010	0.000010	LD_0.9_6_1230
NIC1665	0.000010	0.999950	0.000010	0.000010	0.000010	0.000010	LD_0.9_6_1230
NIC1666	0.000010	0.000010	0.000010	0.000010	0.999950	0.000010	LD_0.9_6_1230
NIC1667	0.000010	0.000010	0.000010	0.000010	0.999950	0.000010	LD_0.9_6_1230
NIC1681	0.000010	0.000010	0.000010	0.000010	0.999950	0.000010	LD_0.9_6_1230
NIC1688	0.000010	0.000010	0.000010	0.999950	0.000010	0.000010	LD_0.9_6_1230
NIC1692	0.000010	0.000010	0.000010	0.000010	0.999950	0.000010	LD_0.9_6_1230
NIC1693	0.000010	0.000010	0.000010	0.000010	0.999950	0.000010	LD_0.9_6_1230
NIC17	0.000014	0.000010	0.000010	0.999946	0.000010	0.000010	LD_0.9_6_1230
NIC174	0.000010	0.000010	0.000010	0.393277	0.245109	0.361584	LD_0.9_6_1230
NIC187	0.000011	0.000010	0.000010	0.999949	0.000010	0.000010	LD_0.9_6_1230
NIC188	0.000010	0.000012	0.000010	0.999948	0.000010	0.000010	LD_0.9_6_1230
NIC19	0.000014	0.999946	0.000010	0.000011	0.000010	0.000010	LD_0.9_6_1230
NIC191	0.000010	0.000010	0.000010	0.999950	0.000010	0.000010	LD_0.9_6_1230
NIC20	0.000010	0.999950	0.000010	0.000010	0.000010	0.000010	LD_0.9_6_1230
NIC21	0.000010	0.999950	0.000010	0.000010	0.000010	0.000010	LD_0.9_6_1230
NIC22	0.000010	0.999950	0.000010	0.000010	0.000010	0.000010	LD_0.9_6_1230
NIC2369	0.000010	0.000010	0.000010	0.999950	0.000010	0.000010	LD_0.9_6_1230
NIC248	0.000010	0.000010	0.000010	0.999950	0.000010	0.000010	LD_0.9_6_1230
NIC250	0.000010	0.000010	0.000010	0.999950	0.000010	0.000010	LD_0.9_6_1230
NIC2527	0.000010	0.000010	0.000010	0.999950	0.000010	0.000010	LD_0.9_6_1230
NIC309	0.357930	0.000010	0.000010	0.642030	0.000011	0.000010	LD_0.9_6_1230
NIC325	0.372615	0.000010	0.000014	0.627342	0.000010	0.000010	LD_0.9_6_1230
NIC327	0.619241	0.000010	0.000010	0.380719	0.000010	0.000010	LD_0.9_6_1230
NIC329	0.486797	0.000010	0.000010	0.513158	0.000015	0.000010	LD_0.9_6_1230
NIC330	0.466985	0.000010	0.000010	0.532975	0.000010	0.000010	LD_0.9_6_1230
NIC331	0.420702	0.000010	0.000010	0.579258	0.000010	0.000010	LD_0.9_6_1230
NIC332	0.532532	0.000010	0.000014	0.467425	0.000010	0.000010	LD_0.9_6_1230
NIC333	0.503933	0.000010	0.000010	0.496027	0.000010	0.000010	LD_0.9_6_1230
NIC343	0.000010	0.000010	0.000010	0.999950	0.000010	0.000010	LD_0.9_6_1230
NIC392	0.128736	0.000010	0.000010	0.871222	0.000011	0.000010	LD_0.9_6_1230
NIC400	0.528822	0.000010	0.000017	0.471132	0.000010	0.000010	LD_0.9_6_1230
NIC402	0.523613	0.000010	0.000010	0.476347	0.000010	0.000010	LD_0.9_6_1230
NIC419	0.000010	0.000010	0.000010	0.999950	0.000010	0.000010	LD_0.9_6_1230
NIC504	0.000010	0.000010	0.000010	0.000010	0.999950	0.000010	LD_0.9_6_1230
NIC505	0.000011	0.000010	0.000010	0.000010	0.999949	0.000010	LD_0.9_6_1230
NIC518	0.000010	0.000010	0.000010	0.000010	0.999950	0.000010	LD_0.9_6_1230
NIC519	0.000010	0.000010	0.000012	0.000010	0.999948	0.000010	LD_0.9_6_1230
NIC532	0.000010	0.000010	0.000010	0.999950	0.000010	0.000010	LD_0.9_6_1230
NIC541	0.635956	0.000010	0.000010	0.364004	0.000010	0.000010	LD_0.9_6_1230
NIC549	0.000010	0.000010	0.000010	0.999950	0.000010	0.000010	LD_0.9_6_1230
NIC552	0.039703	0.000015	0.000010	0.960253	0.000010	0.000010	LD_0.9_6_1230
NIC555	0.169828	0.000012	0.000011	0.830129	0.000011	0.000010	LD_0.9_6_1230
NIC574	0.008194	0.000010	0.000010	0.991766	0.000010	0.000010	LD_0.9_6_1230
NIC578	0.000010	0.000010	0.000010	0.999950	0.000010	0.000010	LD_0.9_6_1230
NIC583	0.113428	0.000010	0.000010	0.886532	0.000010	0.000010	LD_0.9_6_1230
NIC590	0.312748	0.000010	0.000010	0.687212	0.000010	0.000010	LD_0.9_6_1230
NIC593	0.000010	0.000010	0.000010	0.999950	0.000010	0.000010	LD_0.9_6_1230
NIC60	0.172821	0.000010	0.000010	0.827139	0.000010	0.000010	LD_0.9_6_1230
NIC61	0.013495	0.000010	0.000010	0.986465	0.000010	0.000010	LD_0.9_6_1230
NIC62	0.089150	0.000010	0.000010	0.910809	0.000010	0.000010	LD_0.9_6_1230
NIC67	0.000010	0.000010	0.000010	0.999949	0.000010	0.000010	LD_0.9_6_1230
NIC758	0.232221	0.000010	0.000010	0.767739	0.000010	0.000010	LD_0.9_6_1230
NIC777	0.298803	0.000010	0.000010	0.701157	0.000010	0.000010	LD_0.9_6_1230
NIC779	0.000010	0.000010	0.000010	0.000010	0.999950	0.000010	LD_0.9_6_1230
NIC790	0.000014	0.000010	0.000010	0.999946	0.000010	0.000010	LD_0.9_6_1230
NIC791	0.934945	0.000010	0.000010	0.065015	0.000010	0.000010	LD_0.9_6_1230
NIC792	0.329915	0.000010	0.000010	0.670045	0.000010	0.000010	LD_0.9_6_1230
NIC793	0.000010	0.000011	0.000010	0.999949	0.000010	0.000010	LD_0.9_6_1230
NIC795	0.000010	0.000010	0.000010	0.999950	0.000010	0.000010	LD_0.9_6_1230
NIC796	0.000010	0.006060	0.000010	0.993900	0.000010	0.000010	LD_0.9_6_1230
NIC802	0.000010	0.000010	0.000010	0.999950	0.000010	0.000010	LD_0.9_6_1230
NIC803	0.000010	0.000010	0.000010	0.999950	0.000010	0.000010	LD_0.9_6_1230
NIC805	0.000010	0.000010	0.000010	0.000010	0.999950	0.000010	LD_0.9_6_1230
NIC811	0.000010	0.000010	0.000010	0.999950	0.000010	0.000010	LD_0.9_6_1230
NIC814	0.000010	0.000010	0.000010	0.000010	0.999950	0.000010	LD_0.9_6_1230
NIC815	0.000010	0.000010	0.000010	0.000010	0.999950	0.000010	LD_0.9_6_1230
NIC816	0.000010	0.999950	0.000010	0.000010	0.000010	0.000010	LD_0.9_6_1230
NIC819	0.000010	0.660942	0.000010	0.131146	0.207882	0.000010	LD_0.9_6_1230
NIC821	0.000010	0.000010	0.000010	0.999950	0.000010	0.000010	LD_0.9_6_1230
NIC822	0.000010	0.000010	0.000010	0.000010	0.999950	0.000010	LD_0.9_6_1230
NIC824	0.000010	0.000010	0.000010	0.000010	0.999950	0.000010	LD_0.9_6_1230
NIC825	0.000010	0.999950	0.000010	0.000010	0.000010	0.000010	LD_0.9_6_1230
NIC827	0.000010	0.999950	0.000010	0.000010	0.000010	0.000010	LD_0.9_6_1230
NIC828	0.000010	0.999950	0.000010	0.000010	0.000010	0.000010	LD_0.9_6_1230
NIC863	0.000010	0.000010	0.000010	0.000010	0.999950	0.000010	LD_0.9_6_1230
NIC864	0.000010	0.000010	0.000010	0.000010	0.999950	0.000010	LD_0.9_6_1230
NIC865	0.000010	0.000010	0.000010	0.000010	0.999950	0.000010	LD_0.9_6_1230
NIC871	0.000010	0.000010	0.000010	0.999950	0.000010	0.000010	LD_0.9_6_1230
NIC883	0.000010	0.000010	0.000010	0.999950	0.000010	0.000010	LD_0.9_6_1230
NIC889	0.000010	0.000010	0.000010	0.000010	0.999950	0.000010	LD_0.9_6_1230
NIC893	0.000010	0.238790	0.000010	0.231948	0.252541	0.276701	LD_0.9_6_1230
NIC897	0.000010	0.000010	0.000010	0.000010	0.999950	0.000010	LD_0.9_6_1230
NIC899	0.000010	0.005672	0.000010	0.389339	0.241322	0.363647	LD_0.9_6_1230
NIC901	0.000010	0.000010	0.000010	0.999950	0.000010	0.000010	LD_0.9_6_1230
NIC911	0.000010	0.000010	0.000010	0.999950	0.000010	0.000010	LD_0.9_6_1230
NIC96	0.465586	0.000017	0.000019	0.534354	0.000014	0.000010	LD_0.9_6_1230
NIC984	0.000010	0.000010	0.000010	0.999950	0.000010	0.000010	LD_0.9_6_1230
NIC985	0.000010	0.000010	0.000010	0.999950	0.000010	0.000010	LD_0.9_6_1230
PB800	0.000010	0.000010	0.000010	0.386447	0.244231	0.369292	LD_0.9_6_1230
PB857	0.000010	0.002522	0.000010	0.389434	0.243741	0.364283	LD_0.9_6_1230
PE887	0.000010	0.000010	0.000010	0.999950	0.000010	0.000010	LD_0.9_6_1230
QG1005	0.999950	0.000010	0.000010	0.000010	0.000010	0.000010	LD_0.9_6_1230
QG1007	0.999941	0.000010	0.000010	0.000019	0.000010	0.000010	LD_0.9_6_1230
QG1111	0.999950	0.000010	0.000010	0.000010	0.000010	0.000010	LD_0.9_6_1230
QG1126	0.999950	0.000010	0.000010	0.000010	0.000010	0.000010	LD_0.9_6_1230
QG1141	0.999950	0.000010	0.000010	0.000010	0.000010	0.000010	LD_0.9_6_1230
QG1155	0.999950	0.000010	0.000010	0.000010	0.000010	0.000010	LD_0.9_6_1230
QG130	0.000010	0.000010	0.000010	0.999950	0.000010	0.000010	LD_0.9_6_1230
QG132	0.000010	0.000010	0.000010	0.999950	0.000010	0.000010	LD_0.9_6_1230
QG133	0.000010	0.000010	0.000010	0.018972	0.980988	0.000010	LD_0.9_6_1230
QG2641	0.999950	0.000010	0.000010	0.000010	0.000010	0.000010	LD_0.9_6_1230
QG2648	0.999945	0.000010	0.000010	0.000015	0.000010	0.000010	LD_0.9_6_1230
QG2659	0.999950	0.000010	0.000010	0.000010	0.000010	0.000010	LD_0.9_6_1230
QG2663	0.999950	0.000010	0.000010	0.000010	0.000010	0.000010	LD_0.9_6_1230
QG2665	0.999949	0.000010	0.000010	0.000010	0.000011	0.000010	LD_0.9_6_1230
QG2683	0.999950	0.000010	0.000010	0.000010	0.000010	0.000010	LD_0.9_6_1230
QG2736	0.999950	0.000010	0.000010	0.000010	0.000010	0.000010	LD_0.9_6_1230
QG2814	0.000010	0.000010	0.000010	0.999950	0.000010	0.000010	LD_0.9_6_1230
QG2820	0.000010	0.000010	0.000010	0.999950	0.000010	0.000010	LD_0.9_6_1230
QG2848	0.000010	0.000010	0.000010	0.999950	0.000010	0.000010	LD_0.9_6_1230
QG2880	0.999950	0.000010	0.000010	0.000010	0.000010	0.000010	LD_0.9_6_1230
QG2881	0.000010	0.000010	0.000010	0.999950	0.000010	0.000010	LD_0.9_6_1230
QG2883	0.000010	0.000010	0.000010	0.999950	0.000010	0.000010	LD_0.9_6_1230
QG2884	0.999950	0.000010	0.000010	0.000010	0.000010	0.000010	LD_0.9_6_1230
QG2891	0.000010	0.000010	0.000010	0.000012	0.000010	0.999948	LD_0.9_6_1230
QG2892	0.999949	0.000010	0.000010	0.000010	0.000011	0.000010	LD_0.9_6_1230
QG2893	0.000010	0.000010	0.544201	0.000011	0.000010	0.455757	LD_0.9_6_1230
QG2895	0.999942	0.000016	0.000010	0.000010	0.000012	0.000010	LD_0.9_6_1230
QG2902	0.999950	0.000010	0.000010	0.000010	0.000010	0.000010	LD_0.9_6_1230
QG2903	0.999943	0.000010	0.000010	0.000017	0.000010	0.000010	LD_0.9_6_1230
QG2906	0.999944	0.000016	0.000010	0.000010	0.000010	0.000010	LD_0.9_6_1230
QG2908	0.000010	0.000010	0.535074	0.000010	0.000010	0.464886	LD_0.9_6_1230
QG2910	0.000010	0.000010	0.000010	0.999950	0.000010	0.000010	LD_0.9_6_1230
QG2919	0.000010	0.000010	0.000018	0.000010	0.000010	0.999942	LD_0.9_6_1230
QG2923	0.999950	0.000010	0.000010	0.000010	0.000010	0.000010	LD_0.9_6_1230
QG2925	0.999950	0.000010	0.000010	0.000010	0.000010	0.000010	LD_0.9_6_1230
QG2964	0.999950	0.000010	0.000010	0.000010	0.000010	0.000010	LD_0.9_6_1230
QG2966	0.606538	0.000010	0.000010	0.393422	0.000010	0.000010	LD_0.9_6_1230
QG2969	0.999950	0.000010	0.000010	0.000010	0.000010	0.000010	LD_0.9_6_1230
QG2972	0.999950	0.000010	0.000010	0.000010	0.000010	0.000010	LD_0.9_6_1230
QG2996	0.999941	0.000010	0.000010	0.000019	0.000010	0.000010	LD_0.9_6_1230
QG3004	0.830750	0.000010	0.000010	0.169210	0.000010	0.000010	LD_0.9_6_1230
QG3006	0.999941	0.000010	0.000010	0.000019	0.000010	0.000010	LD_0.9_6_1230
QG3019	0.940633	0.000010	0.000010	0.059327	0.000010	0.000010	LD_0.9_6_1230
QG3025	0.999950	0.000010	0.000010	0.000010	0.000010	0.000010	LD_0.9_6_1230
QG3030	0.999950	0.000010	0.000010	0.000010	0.000010	0.000010	LD_0.9_6_1230
QG3032	0.808871	0.000010	0.000010	0.191089	0.000010	0.000010	LD_0.9_6_1230
QG3034	0.999950	0.000010	0.000010	0.000010	0.000010	0.000010	LD_0.9_6_1230
QG3041	0.999950	0.000010	0.000010	0.000010	0.000010	0.000010	LD_0.9_6_1230
QG3053	0.000010	0.000010	0.000010	0.999950	0.000010	0.000010	LD_0.9_6_1230
QG3056	0.603033	0.000010	0.000010	0.396927	0.000010	0.000010	LD_0.9_6_1230
QG3057	0.999950	0.000010	0.000010	0.000010	0.000010	0.000010	LD_0.9_6_1230
QG3058	0.967692	0.000010	0.000010	0.032268	0.000010	0.000010	LD_0.9_6_1230
QG3527	0.159400	0.000010	0.000010	0.840560	0.000010	0.000010	LD_0.9_6_1230
QG3661	0.000012	0.134200	0.000010	0.341085	0.195441	0.329252	LD_0.9_6_1230
QG3783	0.108397	0.000010	0.000011	0.891562	0.000010	0.000010	LD_0.9_6_1230
QG3801	0.974059	0.000010	0.000010	0.025901	0.000010	0.000010	LD_0.9_6_1230
QG3815	0.113860	0.000010	0.000016	0.886094	0.000010	0.000010	LD_0.9_6_1230
QG3816	0.093104	0.000010	0.000010	0.906856	0.000010	0.000010	LD_0.9_6_1230
QG3823	0.976448	0.000010	0.000010	0.023512	0.000010	0.000010	LD_0.9_6_1230
QG3825	0.032933	0.000010	0.000010	0.967027	0.000010	0.000010	LD_0.9_6_1230
QG3826	0.114242	0.000010	0.000010	0.885718	0.000010	0.000010	LD_0.9_6_1230
QG3837	0.014850	0.000010	0.000010	0.985110	0.000010	0.000010	LD_0.9_6_1230
QG3851	0.123464	0.000011	0.000010	0.876493	0.000012	0.000010	LD_0.9_6_1230
QG3861	0.100092	0.000010	0.000013	0.899865	0.000010	0.000010	LD_0.9_6_1230
QG3867	0.943641	0.000010	0.000010	0.056319	0.000010	0.000010	LD_0.9_6_1230
QG3874	0.036601	0.000010	0.000010	0.963359	0.000010	0.000010	LD_0.9_6_1230
QG3875	0.086920	0.000010	0.000010	0.913040	0.000010	0.000010	LD_0.9_6_1230
QG3876	0.119380	0.000010	0.000010	0.880580	0.000010	0.000010	LD_0.9_6_1230
QG3878	0.092069	0.000010	0.000010	0.907891	0.000010	0.000010	LD_0.9_6_1230
QG3920	0.155346	0.000010	0.000010	0.844614	0.000010	0.000010	LD_0.9_6_1230
QG3921	0.141104	0.000010	0.000010	0.858856	0.000010	0.000010	LD_0.9_6_1230
QG3923	0.058993	0.000010	0.000010	0.940967	0.000010	0.000010	LD_0.9_6_1230
QG3924	0.310475	0.000010	0.000010	0.689485	0.000010	0.000010	LD_0.9_6_1230
QG3925	0.142912	0.000010	0.000010	0.857048	0.000010	0.000010	LD_0.9_6_1230
QG3926	0.121773	0.000010	0.000010	0.878187	0.000010	0.000010	LD_0.9_6_1230
QG3927	0.129947	0.000010	0.000010	0.870013	0.000010	0.000010	LD_0.9_6_1230
QG3931	0.324596	0.000010	0.000010	0.675364	0.000010	0.000010	LD_0.9_6_1230
QG3932	0.138343	0.000010	0.000010	0.861617	0.000010	0.000010	LD_0.9_6_1230
QG3933	0.000010	0.000010	0.000010	0.999950	0.000010	0.000010	LD_0.9_6_1230
QG4026	0.000010	0.000010	0.000010	0.000010	0.000010	0.999950	LD_0.9_6_1230
QG4028	0.000010	0.000010	0.000010	0.000010	0.000010	0.999950	LD_0.9_6_1230
QG4031	0.000010	0.000010	0.000010	0.000010	0.000010	0.999950	LD_0.9_6_1230
QG4063	0.000010	0.000010	0.000010	0.000011	0.000010	0.999949	LD_0.9_6_1230
QG4064	0.000010	0.000010	0.000010	0.000010	0.000010	0.999950	LD_0.9_6_1230
QG4067	0.000010	0.000010	0.000010	0.000010	0.000010	0.999950	LD_0.9_6_1230
QG4068	0.000010	0.000010	0.000012	0.000010	0.000010	0.999948	LD_0.9_6_1230
QG4070	0.000010	0.000010	0.000010	0.999950	0.000010	0.000010	LD_0.9_6_1230
QG4093	0.000010	0.000010	0.121534	0.000010	0.000010	0.878426	LD_0.9_6_1230
QG4094	0.000010	0.000010	0.000010	0.000010	0.000010	0.999950	LD_0.9_6_1230
QG4095	0.000010	0.000010	0.000010	0.000010	0.000010	0.999950	LD_0.9_6_1230
QG4096	0.000010	0.000010	0.000013	0.000010	0.000010	0.999947	LD_0.9_6_1230
QG4097	0.000010	0.000010	0.000012	0.000010	0.000010	0.999948	LD_0.9_6_1230
QG4104	0.000010	0.000010	0.000010	0.000010	0.000010	0.999950	LD_0.9_6_1230
QG4114	0.000010	0.000010	0.000010	0.000010	0.000010	0.999950	LD_0.9_6_1230
QG4131	0.000010	0.000010	0.000010	0.000010	0.000010	0.999950	LD_0.9_6_1230
QG4132	0.000010	0.000010	0.000010	0.000010	0.000010	0.999950	LD_0.9_6_1230
QG4208	0.000010	0.000010	0.152770	0.000010	0.000010	0.847190	LD_0.9_6_1230
QG4214	0.000010	0.000010	0.000012	0.000010	0.000010	0.999948	LD_0.9_6_1230
QG4225	0.000010	0.000010	0.000010	0.000010	0.000010	0.999950	LD_0.9_6_1230
QG4232	0.000010	0.000010	0.030994	0.000010	0.000010	0.968966	LD_0.9_6_1230
QG4233	0.000010	0.000010	0.000010	0.000011	0.000010	0.999949	LD_0.9_6_1230
QG4647	0.961422	0.000010	0.000010	0.038538	0.000010	0.000010	LD_0.9_6_1230
QG4648	0.000010	0.000010	0.000010	0.999950	0.000010	0.000010	LD_0.9_6_1230
QG4683	0.000010	0.000010	0.000010	0.999950	0.000010	0.000010	LD_0.9_6_1230
QG4701	0.585417	0.000010	0.000010	0.414543	0.000010	0.000010	LD_0.9_6_1230
QG4706	0.000010	0.000010	0.000010	0.999950	0.000010	0.000010	LD_0.9_6_1230
QG4718	0.000010	0.000010	0.000010	0.999950	0.000010	0.000010	LD_0.9_6_1230
QG4742	0.000010	0.000010	0.000010	0.999950	0.000010	0.000010	LD_0.9_6_1230
QG4805	0.956136	0.000010	0.000010	0.043821	0.000013	0.000010	LD_0.9_6_1230
QG4847	0.000010	0.000010	0.000010	0.999950	0.000010	0.000010	LD_0.9_6_1230
QG4966	0.000010	0.000010	0.000010	0.999950	0.000010	0.000010	LD_0.9_6_1230
QG5348	0.000010	0.000010	0.000010	0.999950	0.000010	0.000010	LD_0.9_6_1230
QG5406	0.000010	0.000010	0.000010	0.999950	0.000010	0.000010	LD_0.9_6_1230
QG547	0.000010	0.014512	0.000010	0.380291	0.241931	0.363247	LD_0.9_6_1230
QG5474	0.639838	0.000010	0.000010	0.360122	0.000010	0.000010	LD_0.9_6_1230
QG5488	0.000010	0.000010	0.000010	0.999950	0.000010	0.000010	LD_0.9_6_1230
QG550	0.072303	0.000010	0.000010	0.927657	0.000010	0.000010	LD_0.9_6_1230
QG5507	0.195084	0.000010	0.000011	0.804876	0.000010	0.000010	LD_0.9_6_1230
QG5525	0.000010	0.000010	0.000010	0.999950	0.000010	0.000010	LD_0.9_6_1230
QG5589	0.830252	0.000010	0.000010	0.169708	0.000010	0.000010	LD_0.9_6_1230
QG5603	0.668364	0.000010	0.000010	0.331589	0.000017	0.000010	LD_0.9_6_1230
QG5611	0.000010	0.000010	0.000010	0.999950	0.000010	0.000010	LD_0.9_6_1230
QG5612	0.004848	0.000010	0.000010	0.995111	0.000011	0.000010	LD_0.9_6_1230
QG5633	0.000010	0.000010	0.000010	0.999950	0.000010	0.000010	LD_0.9_6_1230
QG581	0.000010	0.000010	0.000010	0.387386	0.245617	0.366967	LD_0.9_6_1230
QG588	0.000010	0.002232	0.000010	0.391069	0.244138	0.362542	LD_0.9_6_1230
QG700	0.862258	0.000010	0.000010	0.137702	0.000010	0.000010	LD_0.9_6_1230
QG727	0.999950	0.000010	0.000010	0.000010	0.000010	0.000010	LD_0.9_6_1230
QG733	0.999950	0.000010	0.000010	0.000010	0.000010	0.000010	LD_0.9_6_1230
QG736	0.999950	0.000010	0.000010	0.000010	0.000010	0.000010	LD_0.9_6_1230
QG737	0.999950	0.000010	0.000010	0.000010	0.000010	0.000010	LD_0.9_6_1230
QG739	0.999946	0.000010	0.000010	0.000014	0.000010	0.000010	LD_0.9_6_1230
QG761	0.782796	0.000010	0.000010	0.217164	0.000010	0.000010	LD_0.9_6_1230
QG763	0.972907	0.000010	0.000010	0.027053	0.000010	0.000010	LD_0.9_6_1230
QG776	0.999940	0.000020	0.000010	0.000010	0.000010	0.000010	LD_0.9_6_1230
QG781	0.999950	0.000010	0.000010	0.000010	0.000010	0.000010	LD_0.9_6_1230
QG784	0.999950	0.000010	0.000010	0.000010	0.000010	0.000010	LD_0.9_6_1230
QG786	0.999950	0.000010	0.000010	0.000010	0.000010	0.000010	LD_0.9_6_1230
QG788	0.999950	0.000010	0.000010	0.000010	0.000010	0.000010	LD_0.9_6_1230
QG790	0.999950	0.000010	0.000010	0.000010	0.000010	0.000010	LD_0.9_6_1230
QG791	0.972828	0.000010	0.000010	0.027132	0.000010	0.000010	LD_0.9_6_1230
QG795	0.734903	0.000010	0.000010	0.265057	0.000010	0.000010	LD_0.9_6_1230
QG797	0.999950	0.000010	0.000010	0.000010	0.000010	0.000010	LD_0.9_6_1230
QG802	0.992590	0.000010	0.000010	0.007370	0.000010	0.000010	LD_0.9_6_1230
QG804	0.999950	0.000010	0.000010	0.000010	0.000010	0.000010	LD_0.9_6_1230
QG806	0.999947	0.000010	0.000010	0.000013	0.000010	0.000010	LD_0.9_6_1230
QG807	0.999950	0.000010	0.000010	0.000010	0.000010	0.000010	LD_0.9_6_1230
QG808	0.990916	0.000010	0.000010	0.009044	0.000010	0.000010	LD_0.9_6_1230
QG809	0.999949	0.000010	0.000010	0.000011	0.000010	0.000010	LD_0.9_6_1230
QG825	0.999950	0.000010	0.000010	0.000010	0.000010	0.000010	LD_0.9_6_1230
QG827	0.999950	0.000010	0.000010	0.000010	0.000010	0.000010	LD_0.9_6_1230
QG828	0.999950	0.000010	0.000010	0.000010	0.000010	0.000010	LD_0.9_6_1230
QG833	0.980551	0.000010	0.000011	0.019408	0.000010	0.000010	LD_0.9_6_1230
QG855	0.999950	0.000010	0.000010	0.000010	0.000010	0.000010	LD_0.9_6_1230
QG856	0.999950	0.000010	0.000010	0.000010	0.000010	0.000010	LD_0.9_6_1230
QG858	0.999946	0.000010	0.000010	0.000014	0.000010	0.000010	LD_0.9_6_1230
QG860	0.813415	0.000010	0.000010	0.186545	0.000010	0.000010	LD_0.9_6_1230
QG864	0.999940	0.000010	0.000010	0.000010	0.000020	0.000010	LD_0.9_6_1230
QG865	0.999945	0.000010	0.000015	0.000010	0.000010	0.000010	LD_0.9_6_1230
QG866	0.999950	0.000010	0.000010	0.000010	0.000010	0.000010	LD_0.9_6_1230
QG868	0.982108	0.000010	0.000010	0.017852	0.000010	0.000010	LD_0.9_6_1230
QG874	0.999950	0.000010	0.000010	0.000010	0.000010	0.000010	LD_0.9_6_1230
QG875	0.999950	0.000010	0.000010	0.000010	0.000010	0.000010	LD_0.9_6_1230
QG878	0.999950	0.000010	0.000010	0.000010	0.000010	0.000010	LD_0.9_6_1230
QG879	0.999950	0.000010	0.000010	0.000010	0.000010	0.000010	LD_0.9_6_1230
QG880	0.999950	0.000010	0.000010	0.000010	0.000010	0.000010	LD_0.9_6_1230
QG881	0.776530	0.000010	0.000010	0.223430	0.000010	0.000010	LD_0.9_6_1230
QG887	0.999950	0.000010	0.000010	0.000010	0.000010	0.000010	LD_0.9_6_1230
QG888	0.999950	0.000010	0.000010	0.000010	0.000010	0.000010	LD_0.9_6_1230
QG926	0.999950	0.000010	0.000010	0.000010	0.000010	0.000010	LD_0.9_6_1230
QG927	0.053900	0.000010	0.000010	0.946060	0.000010	0.000010	LD_0.9_6_1230
QG933	0.999950	0.000010	0.000010	0.000010	0.000010	0.000010	LD_0.9_6_1230
QG937	0.999950	0.000010	0.000010	0.000010	0.000010	0.000010	LD_0.9_6_1230
QG945	0.999944	0.000010	0.000010	0.000016	0.000010	0.000010	LD_0.9_6_1230
QG946	0.999946	0.000010	0.000010	0.000014	0.000010	0.000010	LD_0.9_6_1230
QG947	0.999950	0.000010	0.000010	0.000010	0.000010	0.000010	LD_0.9_6_1230
QG948	0.999950	0.000010	0.000010	0.000010	0.000010	0.000010	LD_0.9_6_1230
QG952	0.909456	0.000010	0.000010	0.090504	0.000010	0.000010	LD_0.9_6_1230
QG978	0.893891	0.000010	0.000010	0.106069	0.000010	0.000010	LD_0.9_6_1230
QG980	0.999950	0.000010	0.000010	0.000010	0.000010	0.000010	LD_0.9_6_1230
QG986	0.965794	0.000010	0.000013	0.034162	0.000010	0.000010	LD_0.9_6_1230
QG991	0.999950	0.000010	0.000010	0.000010	0.000010	0.000010	LD_0.9_6_1230
QG994	0.999949	0.000010	0.000010	0.000010	0.000011	0.000010	LD_0.9_6_1230
QG995	0.999950	0.000010	0.000010	0.000010	0.000010	0.000010	LD_0.9_6_1230
QG997	0.999950	0.000010	0.000010	0.000010	0.000010	0.000010	LD_0.9_6_1230
QG998	0.999950	0.000010	0.000010	0.000010	0.000010	0.000010	LD_0.9_6_1230
QR25	0.000010	0.575479	0.000010	0.211180	0.108722	0.104599	LD_0.9_6_1230
QX1410	0.000010	0.000010	0.000010	0.999950	0.000010	0.000010	LD_0.9_6_1230
QX1547	0.000010	0.000010	0.000010	0.389779	0.243831	0.366359	LD_0.9_6_1230
QX1795	0.000015	0.000010	0.000010	0.999945	0.000010	0.000010	LD_0.9_6_1230
QX1796	0.000010	0.000010	0.000010	0.999950	0.000010	0.000010	LD_0.9_6_1230
QX1798	0.000010	0.000010	0.000010	0.000010	0.999950	0.000010	LD_0.9_6_1230
QX1800	0.000010	0.000010	0.000010	0.999950	0.000010	0.000010	LD_0.9_6_1230
QX1801	0.000010	0.000010	0.000010	0.999950	0.000010	0.000010	LD_0.9_6_1230
QX1802	0.000020	0.000010	0.000010	0.999940	0.000010	0.000010	LD_0.9_6_1230
QX1803	0.000010	0.000010	0.000010	0.999950	0.000010	0.000010	LD_0.9_6_1230
QX1804	0.000010	0.000010	0.000010	0.999950	0.000010	0.000010	LD_0.9_6_1230
SOW18	0.000010	0.037676	0.000010	0.374469	0.233660	0.354175	LD_0.9_6_1230
SOW21	0.000010	0.000010	0.000010	0.391427	0.246195	0.362348	LD_0.9_6_1230
SOW22	0.000010	0.000010	0.000010	0.393398	0.244137	0.362436	LD_0.9_6_1230
TT3408	0.000010	0.000010	0.000010	0.999950	0.000010	0.000010	LD_0.9_6_1230
TT3411	0.000010	0.000010	0.000010	0.999950	0.000010	0.000010	LD_0.9_6_1230
TWN1772	0.000010	0.000010	0.000010	0.000010	0.999950	0.000010	LD_0.9_6_1230
TWN1824	0.000010	0.999950	0.000010	0.000010	0.000010	0.000010	LD_0.9_6_1230
TWN1899	0.000010	0.999950	0.000010	0.000010	0.000010	0.000010	LD_0.9_6_1230
TWN1907	0.000010	0.000010	0.000010	0.000010	0.999950	0.000010	LD_0.9_6_1230
TWN2919	0.000010	0.000010	0.000010	0.000010	0.999950	0.000010	LD_0.9_6_1230
TWN3077	0.000010	0.000010	0.000010	0.000010	0.999950	0.000010	LD_0.9_6_1230
UH1	0.000010	0.000010	0.000010	0.000010	0.999950	0.000010	LD_0.9_6_1230
VSL2201	0.000010	0.000010	0.000010	0.999950	0.000010	0.000010	LD_0.9_6_1230
VSL2207	0.000010	0.000010	0.999950	0.000010	0.000010	0.000010	LD_0.9_6_1230
VSL2209	0.000010	0.000010	0.999950	0.000010	0.000010	0.000010	LD_0.9_6_1230
VSL2210	0.000010	0.000010	0.000010	0.999950	0.000010	0.000010	LD_0.9_6_1230
VSL2212	0.000010	0.000010	0.000010	0.999950	0.000010	0.000010	LD_0.9_6_1230
VSL2213	0.000010	0.000010	0.000010	0.999950	0.000010	0.000010	LD_0.9_6_1230
VSL2215	0.026126	0.000011	0.000010	0.973833	0.000010	0.000010	LD_0.9_6_1230
VSL2216	0.000010	0.000010	0.000010	0.999950	0.000010	0.000010	LD_0.9_6_1230
VSL2217	0.966383	0.000010	0.000015	0.033572	0.000010	0.000010	LD_0.9_6_1230
VSL2219	0.000010	0.000010	0.000010	0.999950	0.000010	0.000010	LD_0.9_6_1230
VT847	0.000010	0.000010	0.000010	0.999950	0.000010	0.000010	LD_0.9_6_1230
VX34	0.000010	0.629032	0.000010	0.188834	0.112813	0.069301	LD_0.9_6_1230
XZ1204	0.000010	0.000010	0.000010	0.999950	0.000010	0.000010	LD_0.9_6_1230
XZ1205	0.000010	0.000010	0.000010	0.999950	0.000010	0.000010	LD_0.9_6_1230
XZ1206	0.000010	0.000010	0.000010	0.999950	0.000010	0.000010	LD_0.9_6_1230
XZ1207	0.000010	0.000010	0.000010	0.999950	0.000010	0.000010	LD_0.9_6_1230
XZ1210	0.000010	0.000010	0.000010	0.999950	0.000010	0.000010	LD_0.9_6_1230
XZ1212	0.000010	0.000010	0.000010	0.999950	0.000010	0.000010	LD_0.9_6_1230
XZ1213	0.000010	0.000010	0.000010	0.999950	0.000010	0.000010	LD_0.9_6_1230
XZ1731	0.000010	0.000010	0.000010	0.999950	0.000010	0.000010	LD_0.9_6_1230
XZ1732	0.000010	0.000010	0.000010	0.999950	0.000010	0.000010	LD_0.9_6_1230
ZZY0992	0.999944	0.000010	0.000010	0.000016	0.000010	0.000010	LD_0.9_6_1230
ZZY1034	0.000013	0.000010	0.000011	0.999946	0.000010	0.000010	LD_0.9_6_1230
ZZY1075	0.000010	0.000010	0.000010	0.999950	0.000010	0.000010	LD_0.9_6_1230
ZZY1123	0.995066	0.000018	0.000010	0.004886	0.000010	0.000010	LD_0.9_6_1230
ZZY1130	0.000010	0.000010	0.000010	0.999950	0.000010	0.000010	LD_0.9_6_1230
ZZY405	0.000010	0.000010	0.000010	0.999950	0.000010	0.000010	LD_0.9_6_1230
AF16	0.999950	0.000010	0.000010	0.000010	0.000010	0.000010	LD_0.9_6_1322
BRC20069	0.999950	0.000010	0.000010	0.000010	0.000010	0.000010	LD_0.9_6_1322
BRC20073	0.999950	0.000010	0.000010	0.000010	0.000010	0.000010	LD_0.9_6_1322
BRC20075	0.000010	0.999943	0.000011	0.000010	0.000016	0.000010	LD_0.9_6_1322
BRC20077	0.999950	0.000010	0.000010	0.000010	0.000010	0.000010	LD_0.9_6_1322
BRC20081	0.000010	0.000010	0.000010	0.000010	0.999950	0.000010	LD_0.9_6_1322
BRC20085	0.562445	0.000010	0.000010	0.437515	0.000010	0.000010	LD_0.9_6_1322
BRC20088	0.000012	0.000010	0.000010	0.000010	0.999948	0.000010	LD_0.9_6_1322
BRC20089	0.999950	0.000010	0.000010	0.000010	0.000010	0.000010	LD_0.9_6_1322
BRC20090	0.942134	0.000010	0.000010	0.057826	0.000010	0.000010	LD_0.9_6_1322
BRC20092	0.509398	0.000010	0.000010	0.490562	0.000010	0.000010	LD_0.9_6_1322
BRC20093	0.999950	0.000010	0.000010	0.000010	0.000010	0.000010	LD_0.9_6_1322
BRC20094	0.492424	0.000010	0.000010	0.507536	0.000010	0.000010	LD_0.9_6_1322
BRC20095	0.999947	0.000010	0.000010	0.000010	0.000013	0.000010	LD_0.9_6_1322
BRC20096	0.999950	0.000010	0.000010	0.000010	0.000010	0.000010	LD_0.9_6_1322
BRC20098	0.999950	0.000010	0.000010	0.000010	0.000010	0.000010	LD_0.9_6_1322
BRC20099	0.999950	0.000010	0.000010	0.000010	0.000010	0.000010	LD_0.9_6_1322
BRC20100	0.999950	0.000010	0.000010	0.000010	0.000010	0.000010	LD_0.9_6_1322
BRC20102	0.999950	0.000010	0.000010	0.000010	0.000010	0.000010	LD_0.9_6_1322
BRC20103	0.999950	0.000010	0.000010	0.000010	0.000010	0.000010	LD_0.9_6_1322
BRC20105	0.450418	0.000010	0.000010	0.549542	0.000010	0.000010	LD_0.9_6_1322
BRC20107	0.474107	0.000010	0.000010	0.525853	0.000010	0.000010	LD_0.9_6_1322
BRC20115	0.114706	0.653960	0.000010	0.000010	0.231304	0.000010	LD_0.9_6_1322
BRC20119	0.265549	0.000010	0.000010	0.734407	0.000014	0.000010	LD_0.9_6_1322
BRC20228	0.999950	0.000010	0.000010	0.000010	0.000010	0.000010	LD_0.9_6_1322
BRC20229	0.000010	0.999950	0.000010	0.000010	0.000010	0.000010	LD_0.9_6_1322
BRC20230	0.000010	0.000010	0.000010	0.000010	0.999950	0.000010	LD_0.9_6_1322
BRC20232	0.000017	0.999943	0.000010	0.000010	0.000010	0.000010	LD_0.9_6_1322
BRC20238	0.000010	0.000010	0.000010	0.000010	0.999950	0.000010	LD_0.9_6_1322
BRC20239	0.000010	0.999950	0.000010	0.000010	0.000010	0.000010	LD_0.9_6_1322
BRC20241	0.933493	0.000010	0.000010	0.066461	0.000016	0.000010	LD_0.9_6_1322
BRC20242	0.990179	0.000010	0.000010	0.009781	0.000010	0.000010	LD_0.9_6_1322
BRC20244	0.000010	0.000010	0.000010	0.000010	0.999950	0.000010	LD_0.9_6_1322
BRC20246	0.000010	0.000010	0.000010	0.000010	0.999950	0.000010	LD_0.9_6_1322
BRC20257	0.000010	0.000010	0.000010	0.999950	0.000010	0.000010	LD_0.9_6_1322
BRC20260	0.999950	0.000010	0.000010	0.000010	0.000010	0.000010	LD_0.9_6_1322
BRC20270	0.000010	0.000010	0.000010	0.000010	0.999950	0.000010	LD_0.9_6_1322
BRC20272	0.000010	0.000010	0.000010	0.000010	0.999950	0.000010	LD_0.9_6_1322
BRC20289	0.000010	0.000010	0.000010	0.000010	0.999950	0.000010	LD_0.9_6_1322
BRC20290	0.000010	0.000010	0.000010	0.000010	0.999950	0.000010	LD_0.9_6_1322
BRC20294	0.988232	0.000010	0.000010	0.011728	0.000010	0.000010	LD_0.9_6_1322
BRC20308	0.000010	0.000010	0.000010	0.000010	0.999950	0.000010	LD_0.9_6_1322
BRC20309	0.000010	0.000010	0.000010	0.000010	0.999950	0.000010	LD_0.9_6_1322
BRC20311	0.000010	0.000010	0.000010	0.000010	0.999950	0.000010	LD_0.9_6_1322
BRC20312	0.000010	0.000010	0.000010	0.000010	0.999950	0.000010	LD_0.9_6_1322
BRC20315	0.000010	0.000010	0.000010	0.000010	0.999950	0.000010	LD_0.9_6_1322
BRC20320	0.000018	0.000010	0.000010	0.000010	0.999942	0.000010	LD_0.9_6_1322
BRC20324	0.379254	0.620706	0.000010	0.000010	0.000010	0.000010	LD_0.9_6_1322
BRC20331	0.000010	0.000010	0.000010	0.000010	0.999950	0.000010	LD_0.9_6_1322
BRC20333	0.000010	0.000017	0.000010	0.000012	0.999942	0.000010	LD_0.9_6_1322
BRC20334	0.000010	0.000010	0.000010	0.000010	0.999950	0.000010	LD_0.9_6_1322
BRC20339	0.000010	0.000010	0.000010	0.000010	0.999950	0.000010	LD_0.9_6_1322
BRC20341	0.000010	0.000010	0.000010	0.000010	0.999950	0.000010	LD_0.9_6_1322
BRC20343	0.000011	0.999949	0.000010	0.000010	0.000010	0.000010	LD_0.9_6_1322
BRC20346	0.000010	0.000010	0.000010	0.000010	0.999950	0.000010	LD_0.9_6_1322
BRC20347	0.000010	0.999950	0.000010	0.000010	0.000010	0.000010	LD_0.9_6_1322
BRC20348	0.000010	0.000010	0.000010	0.000010	0.999950	0.000010	LD_0.9_6_1322
BRC20353	0.144629	0.000010	0.000010	0.855331	0.000010	0.000010	LD_0.9_6_1322
BRC20360	0.145222	0.000010	0.000010	0.854738	0.000010	0.000010	LD_0.9_6_1322
BRC20361	0.172233	0.000010	0.000010	0.827727	0.000010	0.000010	LD_0.9_6_1322
BRC20362	0.213994	0.000010	0.000010	0.785964	0.000012	0.000010	LD_0.9_6_1322
BRC20366	0.000010	0.000010	0.000010	0.000010	0.999950	0.000010	LD_0.9_6_1322
BRC20367	0.000010	0.000010	0.000010	0.000019	0.999941	0.000010	LD_0.9_6_1322
BRC20369	0.999949	0.000010	0.000010	0.000010	0.000011	0.000010	LD_0.9_6_1322
BRC20370	0.000010	0.000010	0.000010	0.000010	0.999950	0.000010	LD_0.9_6_1322
BRC20388	0.000010	0.000010	0.000010	0.000010	0.000010	0.999950	LD_0.9_6_1322
BRC20390	0.000010	0.000010	0.000010	0.000010	0.999950	0.000010	LD_0.9_6_1322
BRC20401	0.999950	0.000010	0.000010	0.000010	0.000010	0.000010	LD_0.9_6_1322
BRC20463	0.000010	0.000010	0.000010	0.000010	0.999950	0.000010	LD_0.9_6_1322
BRC20492	0.112065	0.647528	0.000010	0.000010	0.240376	0.000010	LD_0.9_6_1322
BRC20499	0.000010	0.000010	0.000010	0.000010	0.999950	0.000010	LD_0.9_6_1322
BRC20501	0.000010	0.000010	0.000010	0.000010	0.999950	0.000010	LD_0.9_6_1322
BRC20502	0.144712	0.075318	0.000010	0.000010	0.207710	0.572240	LD_0.9_6_1322
BRC20503	0.144803	0.074751	0.000010	0.000010	0.208572	0.571854	LD_0.9_6_1322
BRC20519	0.118166	0.649350	0.000010	0.000010	0.232454	0.000010	LD_0.9_6_1322
BRC20520	0.114652	0.647550	0.000010	0.000010	0.237767	0.000010	LD_0.9_6_1322
BRC20522	0.000010	0.999950	0.000010	0.000010	0.000010	0.000010	LD_0.9_6_1322
BRC20524	0.000010	0.999950	0.000010	0.000010	0.000010	0.000010	LD_0.9_6_1322
BRC20529	0.000010	0.000010	0.000010	0.000010	0.999950	0.000010	LD_0.9_6_1322
BRC20530	0.000010	0.999950	0.000010	0.000010	0.000010	0.000010	LD_0.9_6_1322
BRC20531	0.000010	0.999950	0.000010	0.000010	0.000010	0.000010	LD_0.9_6_1322
BRC20532	0.000010	0.000010	0.000010	0.000010	0.999950	0.000010	LD_0.9_6_1322
BRC20533	0.000010	0.000010	0.000010	0.000010	0.999950	0.000010	LD_0.9_6_1322
BRC20534	0.000010	0.000016	0.000013	0.000014	0.999938	0.000010	LD_0.9_6_1322
BRC20535	0.000010	0.000010	0.000010	0.000010	0.999950	0.000010	LD_0.9_6_1322
BRC20536	0.000012	0.000014	0.000010	0.000010	0.999944	0.000010	LD_0.9_6_1322
BRC20537	0.000010	0.000010	0.000010	0.000010	0.999950	0.000010	LD_0.9_6_1322
BRC20541	0.131730	0.645737	0.000010	0.000010	0.222503	0.000010	LD_0.9_6_1322
BRC20543	0.000011	0.000010	0.000010	0.000010	0.999949	0.000010	LD_0.9_6_1322
BRC20544	0.000010	0.000010	0.000010	0.000010	0.999950	0.000010	LD_0.9_6_1322
BRC20545	0.000010	0.000010	0.000010	0.000010	0.999950	0.000010	LD_0.9_6_1322
BRC20556	0.999950	0.000010	0.000010	0.000010	0.000010	0.000010	LD_0.9_6_1322
BRC20557	0.000010	0.000010	0.000010	0.000010	0.999950	0.000010	LD_0.9_6_1322
BRC20565	0.999950	0.000010	0.000010	0.000010	0.000010	0.000010	LD_0.9_6_1322
BRC20571	0.944402	0.000010	0.000010	0.055558	0.000010	0.000010	LD_0.9_6_1322
BRC20574	0.999950	0.000010	0.000010	0.000010	0.000010	0.000010	LD_0.9_6_1322
BW287	0.000012	0.000016	0.000016	0.000010	0.000010	0.999936	LD_0.9_6_1322
DF5100	0.999946	0.000010	0.000014	0.000010	0.000010	0.000010	LD_0.9_6_1322
ECA1129	0.999950	0.000010	0.000010	0.000010	0.000010	0.000010	LD_0.9_6_1322
ECA1143	0.999950	0.000010	0.000010	0.000010	0.000010	0.000010	LD_0.9_6_1322
ECA1147	0.999950	0.000010	0.000010	0.000010	0.000010	0.000010	LD_0.9_6_1322
ECA1149	0.951499	0.000010	0.000010	0.000010	0.048461	0.000010	LD_0.9_6_1322
ECA1160	0.999950	0.000010	0.000010	0.000010	0.000010	0.000010	LD_0.9_6_1322
ECA1164	0.999950	0.000010	0.000010	0.000010	0.000010	0.000010	LD_0.9_6_1322
ECA1170	0.000010	0.000010	0.000010	0.000010	0.999950	0.000010	LD_0.9_6_1322
ECA1174	0.999948	0.000010	0.000012	0.000010	0.000010	0.000010	LD_0.9_6_1322
ECA1383	0.000010	0.000010	0.000010	0.000010	0.999950	0.000010	LD_0.9_6_1322
ECA1411	0.999950	0.000010	0.000010	0.000010	0.000010	0.000010	LD_0.9_6_1322
ECA1423	0.999950	0.000010	0.000010	0.000010	0.000010	0.000010	LD_0.9_6_1322
ECA1429	0.999950	0.000010	0.000010	0.000010	0.000010	0.000010	LD_0.9_6_1322
ECA1431	0.999950	0.000010	0.000010	0.000010	0.000010	0.000010	LD_0.9_6_1322
ECA1437	0.999950	0.000010	0.000010	0.000010	0.000010	0.000010	LD_0.9_6_1322
ECA1439	0.999950	0.000010	0.000010	0.000010	0.000010	0.000010	LD_0.9_6_1322
ECA1443	0.047070	0.000010	0.000010	0.000010	0.952890	0.000010	LD_0.9_6_1322
ECA1471	0.999950	0.000010	0.000010	0.000010	0.000010	0.000010	LD_0.9_6_1322
ECA1489	0.999950	0.000010	0.000010	0.000010	0.000010	0.000010	LD_0.9_6_1322
ECA1507	0.999950	0.000010	0.000010	0.000010	0.000010	0.000010	LD_0.9_6_1322
ECA1509	0.999950	0.000010	0.000010	0.000010	0.000010	0.000010	LD_0.9_6_1322
ECA1517	0.999950	0.000010	0.000010	0.000010	0.000010	0.000010	LD_0.9_6_1322
ECA1521	0.999950	0.000010	0.000010	0.000010	0.000010	0.000010	LD_0.9_6_1322
ECA1555	0.999950	0.000010	0.000010	0.000010	0.000010	0.000010	LD_0.9_6_1322
ECA1559	0.000010	0.000010	0.000010	0.000010	0.999950	0.000010	LD_0.9_6_1322
ECA1563	0.999950	0.000010	0.000010	0.000010	0.000010	0.000010	LD_0.9_6_1322
ECA1571	0.999950	0.000010	0.000010	0.000010	0.000010	0.000010	LD_0.9_6_1322
ECA1587	0.999950	0.000010	0.000010	0.000010	0.000010	0.000010	LD_0.9_6_1322
ECA1605	0.133429	0.000010	0.000010	0.000010	0.866531	0.000010	LD_0.9_6_1322
ECA1609	0.999949	0.000010	0.000010	0.000010	0.000011	0.000010	LD_0.9_6_1322
ECA161	0.999945	0.000010	0.000010	0.000010	0.000015	0.000010	LD_0.9_6_1322
ECA1611	0.999950	0.000010	0.000010	0.000010	0.000010	0.000010	LD_0.9_6_1322
ECA1615	0.999950	0.000010	0.000010	0.000010	0.000010	0.000010	LD_0.9_6_1322
ECA162	0.999950	0.000010	0.000010	0.000010	0.000010	0.000010	LD_0.9_6_1322
ECA1621	0.999950	0.000010	0.000010	0.000010	0.000010	0.000010	LD_0.9_6_1322
ECA163	0.000010	0.068847	0.057123	0.647484	0.000010	0.226526	LD_0.9_6_1322
ECA1637	0.999950	0.000010	0.000010	0.000010	0.000010	0.000010	LD_0.9_6_1322
ECA1657	0.999950	0.000010	0.000010	0.000010	0.000010	0.000010	LD_0.9_6_1322
ECA1701	0.999950	0.000010	0.000010	0.000010	0.000010	0.000010	LD_0.9_6_1322
ECA175	0.999937	0.000011	0.000013	0.000019	0.000010	0.000010	LD_0.9_6_1322
ECA176	0.999950	0.000010	0.000010	0.000010	0.000010	0.000010	LD_0.9_6_1322
ECA177	0.999950	0.000010	0.000010	0.000010	0.000010	0.000010	LD_0.9_6_1322
ECA180	0.996367	0.000010	0.000010	0.000010	0.003593	0.000010	LD_0.9_6_1322
ECA182	0.999946	0.000010	0.000010	0.000014	0.000010	0.000010	LD_0.9_6_1322
ECA183	0.999950	0.000010	0.000010	0.000010	0.000010	0.000010	LD_0.9_6_1322
ECA185	0.999949	0.000010	0.000010	0.000010	0.000011	0.000010	LD_0.9_6_1322
ECA186	0.999950	0.000010	0.000010	0.000010	0.000010	0.000010	LD_0.9_6_1322
ECA2083	0.999950	0.000010	0.000010	0.000010	0.000010	0.000010	LD_0.9_6_1322
ECA2093	0.999950	0.000010	0.000010	0.000010	0.000010	0.000010	LD_0.9_6_1322
ECA2115	0.999950	0.000010	0.000010	0.000010	0.000010	0.000010	LD_0.9_6_1322
ECA2299	0.000011	0.000010	0.000010	0.000010	0.999949	0.000010	LD_0.9_6_1322
ECA2373	0.999950	0.000010	0.000010	0.000010	0.000010	0.000010	LD_0.9_6_1322
ECA2385	0.000011	0.000012	0.000010	0.000010	0.999947	0.000010	LD_0.9_6_1322
ECA2425	0.999950	0.000010	0.000010	0.000010	0.000010	0.000010	LD_0.9_6_1322
ECA2617	0.000010	0.000010	0.999950	0.000010	0.000010	0.000010	LD_0.9_6_1322
ECA2618	0.000010	0.000010	0.999950	0.000010	0.000010	0.000010	LD_0.9_6_1322
ECA2621	0.000010	0.000010	0.999950	0.000010	0.000010	0.000010	LD_0.9_6_1322
ECA2623	0.999950	0.000010	0.000010	0.000010	0.000010	0.000010	LD_0.9_6_1322
ECA2625	0.999940	0.000020	0.000010	0.000010	0.000010	0.000010	LD_0.9_6_1322
ECA2626	0.999950	0.000010	0.000010	0.000010	0.000010	0.000010	LD_0.9_6_1322
ECA2636	0.999950	0.000010	0.000010	0.000010	0.000010	0.000010	LD_0.9_6_1322
ECA2637	0.999942	0.000010	0.000018	0.000010	0.000010	0.000010	LD_0.9_6_1322
ECA2639	0.000013	0.000010	0.999947	0.000010	0.000010	0.000010	LD_0.9_6_1322
ECA2645	0.999950	0.000010	0.000010	0.000010	0.000010	0.000010	LD_0.9_6_1322
ECA2647	0.000010	0.000012	0.999948	0.000010	0.000010	0.000010	LD_0.9_6_1322
ECA2663	0.999950	0.000010	0.000010	0.000010	0.000010	0.000010	LD_0.9_6_1322
ECA2664	0.999947	0.000010	0.000010	0.000010	0.000013	0.000010	LD_0.9_6_1322
ECA2666	0.000010	0.000010	0.999950	0.000010	0.000010	0.000010	LD_0.9_6_1322
ECA2667	0.999950	0.000010	0.000010	0.000010	0.000010	0.000010	LD_0.9_6_1322
ECA2670	0.000010	0.000010	0.999950	0.000010	0.000010	0.000010	LD_0.9_6_1322
ECA276	0.000010	0.069535	0.056806	0.650564	0.000010	0.223076	LD_0.9_6_1322
ECA278	0.000010	0.000011	0.000010	0.000010	0.000010	0.999949	LD_0.9_6_1322
ECA2808	0.999949	0.000010	0.000010	0.000010	0.000011	0.000010	LD_0.9_6_1322
ECA287	0.003454	0.000011	0.000010	0.000010	0.996505	0.000010	LD_0.9_6_1322
ECA288	0.886633	0.000010	0.000010	0.000011	0.113326	0.000010	LD_0.9_6_1322
ECA2883	0.999950	0.000010	0.000010	0.000010	0.000010	0.000010	LD_0.9_6_1322
ECA2890	0.999950	0.000010	0.000010	0.000010	0.000010	0.000010	LD_0.9_6_1322
ECA2894	0.999950	0.000010	0.000010	0.000010	0.000010	0.000010	LD_0.9_6_1322
ECA2936	0.000010	0.000010	0.000010	0.000010	0.999950	0.000010	LD_0.9_6_1322
ECA2975	0.999950	0.000010	0.000010	0.000010	0.000010	0.000010	LD_0.9_6_1322
ECA3091	0.999950	0.000010	0.000010	0.000010	0.000010	0.000010	LD_0.9_6_1322
ECA343	0.999950	0.000010	0.000010	0.000010	0.000010	0.000010	LD_0.9_6_1322
ECA346	0.999950	0.000010	0.000010	0.000010	0.000010	0.000010	LD_0.9_6_1322
ECA3502	0.000010	0.000010	0.000010	0.000010	0.999950	0.000010	LD_0.9_6_1322
ECA3503	0.999950	0.000010	0.000010	0.000010	0.000010	0.000010	LD_0.9_6_1322
ECA3509	0.999950	0.000010	0.000010	0.000010	0.000010	0.000010	LD_0.9_6_1322
ECA3708	0.999940	0.000010	0.000010	0.000020	0.000010	0.000010	LD_0.9_6_1322
ECA371	0.999950	0.000010	0.000010	0.000010	0.000010	0.000010	LD_0.9_6_1322
ECA3712	0.999950	0.000010	0.000010	0.000010	0.000010	0.000010	LD_0.9_6_1322
ECA3713	0.999950	0.000010	0.000010	0.000010	0.000010	0.000010	LD_0.9_6_1322
ECA3899	0.999950	0.000010	0.000010	0.000010	0.000010	0.000010	LD_0.9_6_1322
ECA4382	0.999950	0.000010	0.000010	0.000010	0.000010	0.000010	LD_0.9_6_1322
ECA4390	0.999945	0.000015	0.000010	0.000010	0.000010	0.000010	LD_0.9_6_1322
ECA4394	0.999950	0.000010	0.000010	0.000010	0.000010	0.000010	LD_0.9_6_1322
ECA4402	0.999950	0.000010	0.000010	0.000010	0.000010	0.000010	LD_0.9_6_1322
ECA569	0.000010	0.000010	0.000010	0.000010	0.000010	0.999950	LD_0.9_6_1322
ED3032	0.999950	0.000010	0.000010	0.000010	0.000010	0.000010	LD_0.9_6_1322
ED3037	0.999950	0.000010	0.000010	0.000010	0.000010	0.000010	LD_0.9_6_1322
ED3088	0.999950	0.000010	0.000010	0.000010	0.000010	0.000010	LD_0.9_6_1322
ED3102	0.000010	0.071939	0.050492	0.684880	0.000010	0.192669	LD_0.9_6_1322
EG4360	0.000010	0.000020	0.000015	0.000010	0.000010	0.999935	LD_0.9_6_1322
EG5612	0.358096	0.000010	0.000010	0.641864	0.000010	0.000010	LD_0.9_6_1322
EG5613	0.946935	0.000010	0.000010	0.053025	0.000010	0.000010	LD_0.9_6_1322
EG6179	0.966257	0.000010	0.000010	0.033703	0.000010	0.000010	LD_0.9_6_1322
EG6260	0.999950	0.000010	0.000010	0.000010	0.000010	0.000010	LD_0.9_6_1322
EG6261	0.999950	0.000010	0.000010	0.000010	0.000010	0.000010	LD_0.9_6_1322
EG6265	0.000709	0.000010	0.000010	0.000010	0.999251	0.000010	LD_0.9_6_1322
EG6267	0.999950	0.000010	0.000010	0.000010	0.000010	0.000010	LD_0.9_6_1322
EG6271	0.999950	0.000010	0.000010	0.000010	0.000010	0.000010	LD_0.9_6_1322
EG6272	0.999950	0.000010	0.000010	0.000010	0.000010	0.000010	LD_0.9_6_1322
EG6274	0.999950	0.000010	0.000010	0.000010	0.000010	0.000010	LD_0.9_6_1322
EG6275	0.999950	0.000010	0.000010	0.000010	0.000010	0.000010	LD_0.9_6_1322
EG6276	0.999949	0.000011	0.000010	0.000010	0.000010	0.000010	LD_0.9_6_1322
EG6329	0.999950	0.000010	0.000010	0.000010	0.000010	0.000010	LD_0.9_6_1322
GUN124	0.000010	0.000010	0.000010	0.000010	0.000010	0.999950	LD_0.9_6_1322
GXW22	0.999950	0.000010	0.000010	0.000010	0.000010	0.000010	LD_0.9_6_1322
GXW23	0.540652	0.000010	0.000010	0.459308	0.000010	0.000010	LD_0.9_6_1322
HK104	0.000010	0.000010	0.000010	0.000010	0.000010	0.999950	LD_0.9_6_1322
HPT11	0.139720	0.073966	0.000010	0.000010	0.165458	0.620835	LD_0.9_6_1322
HPT16	0.811191	0.000010	0.000010	0.188769	0.000010	0.000010	LD_0.9_6_1322
HPT18	0.142180	0.077352	0.000010	0.000010	0.166486	0.613962	LD_0.9_6_1322
HPT19	0.802202	0.000010	0.000010	0.197758	0.000010	0.000010	LD_0.9_6_1322
HPT2	0.767998	0.000010	0.000010	0.231962	0.000010	0.000010	LD_0.9_6_1322
HPT21	0.999949	0.000010	0.000010	0.000010	0.000011	0.000010	LD_0.9_6_1322
HPT24	0.141955	0.074716	0.000010	0.000010	0.164868	0.618441	LD_0.9_6_1322
HPT34	0.794293	0.000010	0.000010	0.205667	0.000010	0.000010	LD_0.9_6_1322
HPT37	0.801031	0.000010	0.000014	0.198925	0.000010	0.000010	LD_0.9_6_1322
HPT4	0.792713	0.000010	0.000010	0.207247	0.000010	0.000010	LD_0.9_6_1322
HPT42	0.826046	0.000010	0.000010	0.173914	0.000010	0.000010	LD_0.9_6_1322
HPT52	0.554063	0.000010	0.000010	0.445897	0.000010	0.000010	LD_0.9_6_1322
HPT53	0.999950	0.000010	0.000010	0.000010	0.000010	0.000010	LD_0.9_6_1322
HPT54	0.999950	0.000010	0.000010	0.000010	0.000010	0.000010	LD_0.9_6_1322
HPT55	0.999950	0.000010	0.000010	0.000010	0.000010	0.000010	LD_0.9_6_1322
HPT59	0.999950	0.000010	0.000010	0.000010	0.000010	0.000010	LD_0.9_6_1322
HPT60	0.999950	0.000010	0.000010	0.000010	0.000010	0.000010	LD_0.9_6_1322
HPT62	0.000010	0.000010	0.000010	0.999950	0.000010	0.000010	LD_0.9_6_1322
HPT63	0.999950	0.000010	0.000010	0.000010	0.000010	0.000010	LD_0.9_6_1322
HPT7	0.790179	0.000010	0.000010	0.209776	0.000015	0.000010	LD_0.9_6_1322
HPT8	0.793929	0.000010	0.000010	0.206031	0.000010	0.000010	LD_0.9_6_1322
HPT9	0.399385	0.000010	0.000010	0.600575	0.000010	0.000010	LD_0.9_6_1322
JU1085	0.000010	0.000010	0.000010	0.000010	0.000010	0.999950	LD_0.9_6_1322
JU1337	0.863032	0.000010	0.000010	0.136928	0.000010	0.000010	LD_0.9_6_1322
JU1338	0.189769	0.000010	0.000010	0.810191	0.000010	0.000010	LD_0.9_6_1322
JU1341	0.000012	0.000010	0.999948	0.000010	0.000010	0.000010	LD_0.9_6_1322
JU1346	0.146224	0.000010	0.000010	0.853731	0.000015	0.000010	LD_0.9_6_1322
JU1347	0.999950	0.000010	0.000010	0.000010	0.000010	0.000010	LD_0.9_6_1322
JU1348	0.000010	0.000010	0.999950	0.000010	0.000010	0.000010	LD_0.9_6_1322
JU1375	0.999950	0.000010	0.000010	0.000010	0.000010	0.000010	LD_0.9_6_1322
JU1377	0.999950	0.000010	0.000010	0.000010	0.000010	0.000010	LD_0.9_6_1322
JU1378	0.999950	0.000010	0.000010	0.000010	0.000010	0.000010	LD_0.9_6_1322
JU1392	0.999950	0.000010	0.000010	0.000010	0.000010	0.000010	LD_0.9_6_1322
JU1399	0.999941	0.000010	0.000010	0.000019	0.000010	0.000010	LD_0.9_6_1322
JU1424	0.239533	0.000010	0.000010	0.760426	0.000011	0.000010	LD_0.9_6_1322
JU1435	0.999948	0.000010	0.000012	0.000010	0.000010	0.000010	LD_0.9_6_1322
JU1564	0.000010	0.000010	0.000010	0.000010	0.000010	0.999950	LD_0.9_6_1322
JU1637	0.999950	0.000010	0.000010	0.000010	0.000010	0.000010	LD_0.9_6_1322
JU1638	0.999950	0.000010	0.000010	0.000010	0.000010	0.000010	LD_0.9_6_1322
JU1794	0.947276	0.000010	0.000017	0.052677	0.000010	0.000010	LD_0.9_6_1322
JU1795	0.999950	0.000010	0.000010	0.000010	0.000010	0.000010	LD_0.9_6_1322
JU1799	0.999950	0.000010	0.000010	0.000010	0.000010	0.000010	LD_0.9_6_1322
JU1802	0.999950	0.000010	0.000010	0.000010	0.000010	0.000010	LD_0.9_6_1322
JU1814	0.999941	0.000010	0.000010	0.000019	0.000010	0.000010	LD_0.9_6_1322
JU1884	0.999948	0.000010	0.000012	0.000010	0.000010	0.000010	LD_0.9_6_1322
JU1885	0.849431	0.000010	0.000010	0.150529	0.000010	0.000010	LD_0.9_6_1322
JU1907	0.999950	0.000010	0.000010	0.000010	0.000010	0.000010	LD_0.9_6_1322
JU1908	0.999950	0.000010	0.000010	0.000010	0.000010	0.000010	LD_0.9_6_1322
JU1909	0.999946	0.000010	0.000010	0.000014	0.000010	0.000010	LD_0.9_6_1322
JU1913	0.597928	0.000010	0.000010	0.402032	0.000010	0.000010	LD_0.9_6_1322
JU2053	0.999950	0.000010	0.000010	0.000010	0.000010	0.000010	LD_0.9_6_1322
JU2054	0.999950	0.000010	0.000010	0.000010	0.000010	0.000010	LD_0.9_6_1322
JU2056	0.999949	0.000010	0.000011	0.000010	0.000010	0.000010	LD_0.9_6_1322
JU2057	0.000010	0.000010	0.000010	0.999950	0.000010	0.000010	LD_0.9_6_1322
JU2160	0.000010	0.000011	0.000010	0.999949	0.000010	0.000010	LD_0.9_6_1322
JU2162	0.000010	0.000012	0.000010	0.999948	0.000010	0.000010	LD_0.9_6_1322
JU2214	0.999946	0.000010	0.000014	0.000010	0.000010	0.000010	LD_0.9_6_1322
JU2216	0.000010	0.000010	0.000010	0.000010	0.999950	0.000010	LD_0.9_6_1322
JU2457	0.549128	0.000010	0.000010	0.000010	0.000010	0.450832	LD_0.9_6_1322
JU2470	0.000010	0.000010	0.000010	0.999950	0.000010	0.000010	LD_0.9_6_1322
JU2472	0.999950	0.000010	0.000010	0.000010	0.000010	0.000010	LD_0.9_6_1322
JU2507	0.000010	0.000010	0.000010	0.999950	0.000010	0.000010	LD_0.9_6_1322
JU2518	0.999950	0.000010	0.000010	0.000010	0.000010	0.000010	LD_0.9_6_1322
JU2536	0.000010	0.000010	0.000010	0.000010	0.000010	0.999950	LD_0.9_6_1322
JU2618	0.999950	0.000010	0.000010	0.000010	0.000010	0.000010	LD_0.9_6_1322
JU2799	0.999949	0.000011	0.000010	0.000010	0.000010	0.000010	LD_0.9_6_1322
JU2836	0.999950	0.000010	0.000010	0.000010	0.000010	0.000010	LD_0.9_6_1322
JU2849	0.354512	0.000010	0.000010	0.645448	0.000010	0.000010	LD_0.9_6_1322
JU2861	0.999946	0.000010	0.000014	0.000010	0.000010	0.000010	LD_0.9_6_1322
JU2868	0.999950	0.000010	0.000010	0.000010	0.000010	0.000010	LD_0.9_6_1322
JU2872	0.000010	0.000010	0.000010	0.000010	0.000010	0.999950	LD_0.9_6_1322
JU2910	0.847367	0.000010	0.000010	0.152590	0.000014	0.000010	LD_0.9_6_1322
JU3168	0.000010	0.064837	0.051320	0.701620	0.000010	0.182203	LD_0.9_6_1322
JU3171	0.999950	0.000010	0.000010	0.000010	0.000010	0.000010	LD_0.9_6_1322
JU3199	0.000010	0.000010	0.999950	0.000010	0.000010	0.000010	LD_0.9_6_1322
JU3200	0.000011	0.000010	0.999949	0.000010	0.000010	0.000010	LD_0.9_6_1322
JU3201	0.000010	0.000010	0.999950	0.000010	0.000010	0.000010	LD_0.9_6_1322
JU3202	0.000010	0.000010	0.999950	0.000010	0.000010	0.000010	LD_0.9_6_1322
JU3203	0.000010	0.000010	0.999950	0.000010	0.000010	0.000010	LD_0.9_6_1322
JU3206	0.000016	0.000010	0.999944	0.000010	0.000010	0.000010	LD_0.9_6_1322
JU3207	0.999950	0.000010	0.000010	0.000010	0.000010	0.000010	LD_0.9_6_1322
JU3237	0.000010	0.000010	0.000010	0.999950	0.000010	0.000010	LD_0.9_6_1322
JU3281	0.999950	0.000010	0.000010	0.000010	0.000010	0.000010	LD_0.9_6_1322
JU3319	0.523227	0.000010	0.000010	0.476733	0.000010	0.000010	LD_0.9_6_1322
JU3321	0.999950	0.000010	0.000010	0.000010	0.000010	0.000010	LD_0.9_6_1322
JU3326	0.151592	0.111946	0.000010	0.000010	0.115153	0.621288	LD_0.9_6_1322
JU3327	0.981189	0.000010	0.000010	0.018771	0.000010	0.000010	LD_0.9_6_1322
JU3416	0.067821	0.000010	0.000010	0.000010	0.032589	0.899560	LD_0.9_6_1322
JU4042	0.999950	0.000010	0.000010	0.000010	0.000010	0.000010	LD_0.9_6_1322
JU4051	0.238782	0.000010	0.000010	0.761178	0.000010	0.000010	LD_0.9_6_1322
JU4058	0.302943	0.000010	0.000010	0.697017	0.000010	0.000010	LD_0.9_6_1322
JU4060	0.188796	0.000010	0.000010	0.811164	0.000010	0.000010	LD_0.9_6_1322
JU4062	0.221009	0.000010	0.000010	0.778949	0.000012	0.000010	LD_0.9_6_1322
JU4064	0.191295	0.000010	0.000010	0.808665	0.000010	0.000010	LD_0.9_6_1322
JU4080	0.999945	0.000013	0.000010	0.000010	0.000012	0.000010	LD_0.9_6_1322
JU4084	0.174010	0.000015	0.000010	0.825943	0.000011	0.000010	LD_0.9_6_1322
JU4097	0.277205	0.000010	0.000010	0.722755	0.000010	0.000010	LD_0.9_6_1322
JU725	0.548425	0.000010	0.000010	0.451535	0.000010	0.000010	LD_0.9_6_1322
MY2716	0.999950	0.000010	0.000010	0.000010	0.000010	0.000010	LD_0.9_6_1322
MY539	0.999950	0.000010	0.000010	0.000010	0.000010	0.000010	LD_0.9_6_1322
NIC1050	0.999946	0.000010	0.000010	0.000010	0.000014	0.000010	LD_0.9_6_1322
NIC1052	0.999950	0.000010	0.000010	0.000010	0.000010	0.000010	LD_0.9_6_1322
NIC1054	0.999950	0.000010	0.000010	0.000010	0.000010	0.000010	LD_0.9_6_1322
NIC1055	0.999950	0.000010	0.000010	0.000010	0.000010	0.000010	LD_0.9_6_1322
NIC1057	0.999950	0.000010	0.000010	0.000010	0.000010	0.000010	LD_0.9_6_1322
NIC1058	0.999950	0.000010	0.000010	0.000010	0.000010	0.000010	LD_0.9_6_1322
NIC1059	0.999950	0.000010	0.000010	0.000010	0.000010	0.000010	LD_0.9_6_1322
NIC1060	0.999950	0.000010	0.000010	0.000010	0.000010	0.000010	LD_0.9_6_1322
NIC1062	0.999950	0.000010	0.000010	0.000010	0.000010	0.000010	LD_0.9_6_1322
NIC1069	0.999950	0.000010	0.000010	0.000010	0.000010	0.000010	LD_0.9_6_1322
NIC1103	0.999950	0.000010	0.000010	0.000010	0.000010	0.000010	LD_0.9_6_1322
NIC1104	0.999950	0.000010	0.000010	0.000010	0.000010	0.000010	LD_0.9_6_1322
NIC1106	0.999950	0.000010	0.000010	0.000010	0.000010	0.000010	LD_0.9_6_1322
NIC1117	0.999944	0.000016	0.000010	0.000010	0.000010	0.000010	LD_0.9_6_1322
NIC1123	0.168120	0.000010	0.000010	0.831840	0.000010	0.000010	LD_0.9_6_1322
NIC1124	0.999950	0.000010	0.000010	0.000010	0.000010	0.000010	LD_0.9_6_1322
NIC1135	0.999950	0.000010	0.000010	0.000010	0.000010	0.000010	LD_0.9_6_1322
NIC1138	0.999950	0.000010	0.000010	0.000010	0.000010	0.000010	LD_0.9_6_1322
NIC1141	0.999950	0.000010	0.000010	0.000010	0.000010	0.000010	LD_0.9_6_1322
NIC115	0.999941	0.000010	0.000019	0.000010	0.000010	0.000010	LD_0.9_6_1322
NIC117	0.999949	0.000011	0.000010	0.000010	0.000010	0.000010	LD_0.9_6_1322
NIC1183	0.999950	0.000010	0.000010	0.000010	0.000010	0.000010	LD_0.9_6_1322
NIC119	0.999950	0.000010	0.000010	0.000010	0.000010	0.000010	LD_0.9_6_1322
NIC1190	0.999950	0.000010	0.000010	0.000010	0.000010	0.000010	LD_0.9_6_1322
NIC1202	0.985106	0.000010	0.000010	0.014854	0.000010	0.000010	LD_0.9_6_1322
NIC1204	0.967326	0.000010	0.000010	0.032634	0.000010	0.000010	LD_0.9_6_1322
NIC1205	0.000013	0.000010	0.000010	0.000010	0.999947	0.000010	LD_0.9_6_1322
NIC1218	0.999950	0.000010	0.000010	0.000010	0.000010	0.000010	LD_0.9_6_1322
NIC1220	0.000010	0.000010	0.000010	0.000010	0.999950	0.000010	LD_0.9_6_1322
NIC1221	0.962612	0.000010	0.000010	0.037348	0.000010	0.000010	LD_0.9_6_1322
NIC123	0.999950	0.000010	0.000010	0.000010	0.000010	0.000010	LD_0.9_6_1322
NIC1267	0.999950	0.000010	0.000010	0.000010	0.000010	0.000010	LD_0.9_6_1322
NIC1283	0.999950	0.000010	0.000010	0.000010	0.000010	0.000010	LD_0.9_6_1322
NIC1288	0.786654	0.000010	0.000010	0.213306	0.000010	0.000010	LD_0.9_6_1322
NIC1292	0.999947	0.000010	0.000010	0.000013	0.000010	0.000010	LD_0.9_6_1322
NIC1302	0.999947	0.000012	0.000011	0.000010	0.000010	0.000010	LD_0.9_6_1322
NIC1304	0.999950	0.000010	0.000010	0.000010	0.000010	0.000010	LD_0.9_6_1322
NIC1308	0.647299	0.000010	0.000010	0.352661	0.000010	0.000010	LD_0.9_6_1322
NIC1407	0.920713	0.000010	0.000010	0.079247	0.000010	0.000010	LD_0.9_6_1322
NIC1421	0.999945	0.000010	0.000010	0.000015	0.000010	0.000010	LD_0.9_6_1322
NIC1423	0.853036	0.000011	0.000011	0.146921	0.000010	0.000010	LD_0.9_6_1322
NIC1442	0.999950	0.000010	0.000010	0.000010	0.000010	0.000010	LD_0.9_6_1322
NIC1491	0.999950	0.000010	0.000010	0.000010	0.000010	0.000010	LD_0.9_6_1322
NIC1525	0.999950	0.000010	0.000010	0.000010	0.000010	0.000010	LD_0.9_6_1322
NIC1528	0.999946	0.000014	0.000010	0.000010	0.000010	0.000010	LD_0.9_6_1322
NIC1529	0.999939	0.000010	0.000017	0.000010	0.000014	0.000010	LD_0.9_6_1322
NIC1533	0.999950	0.000010	0.000010	0.000010	0.000010	0.000010	LD_0.9_6_1322
NIC1535	0.999939	0.000010	0.000010	0.000019	0.000011	0.000010	LD_0.9_6_1322
NIC1539	0.000010	0.000012	0.000010	0.000010	0.999948	0.000010	LD_0.9_6_1322
NIC1540	0.000010	0.999950	0.000010	0.000010	0.000010	0.000010	LD_0.9_6_1322
NIC1562	0.000010	0.000010	0.000010	0.000010	0.999950	0.000010	LD_0.9_6_1322
NIC1589	0.000010	0.999950	0.000010	0.000010	0.000010	0.000010	LD_0.9_6_1322
NIC1590	0.000010	0.000010	0.000010	0.000010	0.999950	0.000010	LD_0.9_6_1322
NIC1591	0.000010	0.999950	0.000010	0.000010	0.000010	0.000010	LD_0.9_6_1322
NIC1593	0.000010	0.999947	0.000010	0.000010	0.000013	0.000010	LD_0.9_6_1322
NIC1595	0.000013	0.000010	0.000010	0.000011	0.999946	0.000010	LD_0.9_6_1322
NIC1598	0.001069	0.000010	0.000010	0.000010	0.998891	0.000010	LD_0.9_6_1322
NIC1602	0.000010	0.000010	0.000010	0.000010	0.999950	0.000010	LD_0.9_6_1322
NIC1607	0.112920	0.650507	0.000010	0.000010	0.236543	0.000010	LD_0.9_6_1322
NIC1628	0.999950	0.000010	0.000010	0.000010	0.000010	0.000010	LD_0.9_6_1322
NIC1630	0.000010	0.000010	0.000010	0.000010	0.999950	0.000010	LD_0.9_6_1322
NIC1631	0.000010	0.000010	0.000010	0.000010	0.999950	0.000010	LD_0.9_6_1322
NIC1632	0.000010	0.000011	0.000010	0.000010	0.000010	0.999949	LD_0.9_6_1322
NIC1633	0.000010	0.000010	0.000010	0.000010	0.000010	0.999950	LD_0.9_6_1322
NIC1635	0.000010	0.000010	0.000010	0.000010	0.000010	0.999950	LD_0.9_6_1322
NIC1645	0.000010	0.000010	0.000010	0.000010	0.999950	0.000010	LD_0.9_6_1322
NIC1660	0.000013	0.000010	0.000010	0.000011	0.999946	0.000010	LD_0.9_6_1322
NIC1661	0.000010	0.000010	0.000010	0.000010	0.999950	0.000010	LD_0.9_6_1322
NIC1662	0.000010	0.000010	0.000010	0.000010	0.999950	0.000010	LD_0.9_6_1322
NIC1663	0.000010	0.000010	0.000010	0.000010	0.999950	0.000010	LD_0.9_6_1322
NIC1664	0.000012	0.999944	0.000010	0.000010	0.000014	0.000010	LD_0.9_6_1322
NIC1665	0.000010	0.999950	0.000010	0.000010	0.000010	0.000010	LD_0.9_6_1322
NIC1666	0.000012	0.000010	0.000010	0.000010	0.999948	0.000010	LD_0.9_6_1322
NIC1667	0.000010	0.000010	0.000010	0.000010	0.999950	0.000010	LD_0.9_6_1322
NIC1681	0.000010	0.000010	0.000010	0.000010	0.999950	0.000010	LD_0.9_6_1322
NIC1688	0.999950	0.000010	0.000010	0.000010	0.000010	0.000010	LD_0.9_6_1322
NIC1692	0.000010	0.000010	0.000010	0.000010	0.999950	0.000010	LD_0.9_6_1322
NIC1693	0.000010	0.000010	0.000010	0.000010	0.999950	0.000010	LD_0.9_6_1322
NIC17	0.999950	0.000010	0.000010	0.000010	0.000010	0.000010	LD_0.9_6_1322
NIC174	0.000010	0.000010	0.000012	0.000010	0.000010	0.999948	LD_0.9_6_1322
NIC187	0.999944	0.000016	0.000010	0.000010	0.000010	0.000010	LD_0.9_6_1322
NIC188	0.999950	0.000010	0.000010	0.000010	0.000010	0.000010	LD_0.9_6_1322
NIC19	0.000010	0.999950	0.000010	0.000010	0.000010	0.000010	LD_0.9_6_1322
NIC191	0.999947	0.000010	0.000013	0.000010	0.000010	0.000010	LD_0.9_6_1322
NIC20	0.000010	0.999948	0.000010	0.000010	0.000012	0.000010	LD_0.9_6_1322
NIC21	0.000010	0.999942	0.000010	0.000010	0.000018	0.000010	LD_0.9_6_1322
NIC22	0.000010	0.999941	0.000012	0.000010	0.000016	0.000010	LD_0.9_6_1322
NIC2369	0.374744	0.000010	0.000010	0.625216	0.000010	0.000010	LD_0.9_6_1322
NIC248	0.999950	0.000010	0.000010	0.000010	0.000010	0.000010	LD_0.9_6_1322
NIC250	0.999947	0.000013	0.000010	0.000010	0.000010	0.000010	LD_0.9_6_1322
NIC2527	0.999950	0.000010	0.000010	0.000010	0.000010	0.000010	LD_0.9_6_1322
NIC309	0.999950	0.000010	0.000010	0.000010	0.000010	0.000010	LD_0.9_6_1322
NIC325	0.999950	0.000010	0.000010	0.000010	0.000010	0.000010	LD_0.9_6_1322
NIC327	0.999950	0.000010	0.000010	0.000010	0.000010	0.000010	LD_0.9_6_1322
NIC329	0.999950	0.000010	0.000010	0.000010	0.000010	0.000010	LD_0.9_6_1322
NIC330	0.999950	0.000010	0.000010	0.000010	0.000010	0.000010	LD_0.9_6_1322
NIC331	0.999950	0.000010	0.000010	0.000010	0.000010	0.000010	LD_0.9_6_1322
NIC332	0.999950	0.000010	0.000010	0.000010	0.000010	0.000010	LD_0.9_6_1322
NIC333	0.999950	0.000010	0.000010	0.000010	0.000010	0.000010	LD_0.9_6_1322
NIC343	0.999950	0.000010	0.000010	0.000010	0.000010	0.000010	LD_0.9_6_1322
NIC392	0.999950	0.000010	0.000010	0.000010	0.000010	0.000010	LD_0.9_6_1322
NIC400	0.999950	0.000010	0.000010	0.000010	0.000010	0.000010	LD_0.9_6_1322
NIC402	0.999950	0.000010	0.000010	0.000010	0.000010	0.000010	LD_0.9_6_1322
NIC419	0.403509	0.000010	0.000010	0.596451	0.000010	0.000010	LD_0.9_6_1322
NIC504	0.000013	0.000010	0.000010	0.000010	0.999947	0.000010	LD_0.9_6_1322
NIC505	0.000010	0.000010	0.000010	0.000010	0.999950	0.000010	LD_0.9_6_1322
NIC518	0.000010	0.000010	0.000010	0.000010	0.999950	0.000010	LD_0.9_6_1322
NIC519	0.000010	0.000010	0.000010	0.000010	0.999950	0.000010	LD_0.9_6_1322
NIC532	0.999950	0.000010	0.000010	0.000010	0.000010	0.000010	LD_0.9_6_1322
NIC541	0.725909	0.000010	0.000010	0.274051	0.000010	0.000010	LD_0.9_6_1322
NIC549	0.999949	0.000010	0.000010	0.000011	0.000010	0.000010	LD_0.9_6_1322
NIC552	0.999950	0.000010	0.000010	0.000010	0.000010	0.000010	LD_0.9_6_1322
NIC555	0.999950	0.000010	0.000010	0.000010	0.000010	0.000010	LD_0.9_6_1322
NIC574	0.999950	0.000010	0.000010	0.000010	0.000010	0.000010	LD_0.9_6_1322
NIC578	0.999950	0.000010	0.000010	0.000010	0.000010	0.000010	LD_0.9_6_1322
NIC583	0.999950	0.000010	0.000010	0.000010	0.000010	0.000010	LD_0.9_6_1322
NIC590	0.820494	0.000010	0.000010	0.179466	0.000010	0.000010	LD_0.9_6_1322
NIC593	0.999950	0.000010	0.000010	0.000010	0.000010	0.000010	LD_0.9_6_1322
NIC60	0.999950	0.000010	0.000010	0.000010	0.000010	0.000010	LD_0.9_6_1322
NIC61	0.999950	0.000010	0.000010	0.000010	0.000010	0.000010	LD_0.9_6_1322
NIC62	0.999950	0.000010	0.000010	0.000010	0.000010	0.000010	LD_0.9_6_1322
NIC67	0.256282	0.000010	0.000010	0.743670	0.000017	0.000010	LD_0.9_6_1322
NIC758	0.834922	0.000010	0.000010	0.165038	0.000010	0.000010	LD_0.9_6_1322
NIC777	0.999950	0.000010	0.000010	0.000010	0.000010	0.000010	LD_0.9_6_1322
NIC779	0.000010	0.000010	0.000010	0.000012	0.999948	0.000010	LD_0.9_6_1322
NIC790	0.999950	0.000010	0.000010	0.000010	0.000010	0.000010	LD_0.9_6_1322
NIC791	0.000010	0.000010	0.000010	0.999950	0.000010	0.000010	LD_0.9_6_1322
NIC792	0.681127	0.000010	0.000010	0.318833	0.000010	0.000010	LD_0.9_6_1322
NIC793	0.999950	0.000010	0.000010	0.000010	0.000010	0.000010	LD_0.9_6_1322
NIC795	0.999950	0.000010	0.000010	0.000010	0.000010	0.000010	LD_0.9_6_1322
NIC796	0.992066	0.007894	0.000010	0.000010	0.000010	0.000010	LD_0.9_6_1322
NIC802	0.999950	0.000010	0.000010	0.000010	0.000010	0.000010	LD_0.9_6_1322
NIC803	0.999950	0.000010	0.000010	0.000010	0.000010	0.000010	LD_0.9_6_1322
NIC805	0.000010	0.000010	0.000010	0.000010	0.999950	0.000010	LD_0.9_6_1322
NIC811	0.985148	0.000010	0.000010	0.014812	0.000010	0.000010	LD_0.9_6_1322
NIC814	0.000019	0.000010	0.000010	0.000016	0.999935	0.000010	LD_0.9_6_1322
NIC815	0.000017	0.000010	0.000010	0.000010	0.999943	0.000010	LD_0.9_6_1322
NIC816	0.000010	0.999950	0.000010	0.000010	0.000010	0.000010	LD_0.9_6_1322
NIC819	0.130815	0.645063	0.000010	0.000010	0.224092	0.000010	LD_0.9_6_1322
NIC821	0.999945	0.000010	0.000010	0.000015	0.000010	0.000010	LD_0.9_6_1322
NIC822	0.000018	0.000010	0.000010	0.000012	0.999940	0.000010	LD_0.9_6_1322
NIC824	0.000010	0.000010	0.000010	0.000010	0.999950	0.000010	LD_0.9_6_1322
NIC825	0.000010	0.999950	0.000010	0.000010	0.000010	0.000010	LD_0.9_6_1322
NIC827	0.000012	0.999948	0.000010	0.000010	0.000010	0.000010	LD_0.9_6_1322
NIC828	0.000010	0.999950	0.000010	0.000010	0.000010	0.000010	LD_0.9_6_1322
NIC863	0.000010	0.000010	0.000010	0.000010	0.999950	0.000010	LD_0.9_6_1322
NIC864	0.000013	0.000010	0.000015	0.000010	0.999942	0.000010	LD_0.9_6_1322
NIC865	0.000010	0.000010	0.000010	0.000010	0.999950	0.000010	LD_0.9_6_1322
NIC871	0.999950	0.000010	0.000010	0.000010	0.000010	0.000010	LD_0.9_6_1322
NIC883	0.999950	0.000010	0.000010	0.000010	0.000010	0.000010	LD_0.9_6_1322
NIC889	0.000011	0.000010	0.000010	0.000010	0.999949	0.000010	LD_0.9_6_1322
NIC893	0.143007	0.083396	0.000010	0.000010	0.208696	0.564881	LD_0.9_6_1322
NIC897	0.000010	0.000010	0.000010	0.000010	0.999950	0.000010	LD_0.9_6_1322
NIC899	0.000010	0.000010	0.000010	0.000010	0.000010	0.999950	LD_0.9_6_1322
NIC901	0.999950	0.000010	0.000010	0.000010	0.000010	0.000010	LD_0.9_6_1322
NIC911	0.999950	0.000010	0.000010	0.000010	0.000010	0.000010	LD_0.9_6_1322
NIC96	0.999950	0.000010	0.000010	0.000010	0.000010	0.000010	LD_0.9_6_1322
NIC984	0.999949	0.000011	0.000010	0.000010	0.000010	0.000010	LD_0.9_6_1322
NIC985	0.915568	0.000010	0.000010	0.084392	0.000010	0.000010	LD_0.9_6_1322
PB800	0.000010	0.000010	0.000015	0.000010	0.000010	0.999945	LD_0.9_6_1322
PB857	0.000010	0.000016	0.000018	0.000010	0.000010	0.999936	LD_0.9_6_1322
PE887	0.999950	0.000010	0.000010	0.000010	0.000010	0.000010	LD_0.9_6_1322
QG1005	0.999950	0.000010	0.000010	0.000010	0.000010	0.000010	LD_0.9_6_1322
QG1007	0.999950	0.000010	0.000010	0.000010	0.000010	0.000010	LD_0.9_6_1322
QG1111	0.999950	0.000010	0.000010	0.000010	0.000010	0.000010	LD_0.9_6_1322
QG1126	0.999950	0.000010	0.000010	0.000010	0.000010	0.000010	LD_0.9_6_1322
QG1141	0.999950	0.000010	0.000010	0.000010	0.000010	0.000010	LD_0.9_6_1322
QG1155	0.999950	0.000010	0.000010	0.000010	0.000010	0.000010	LD_0.9_6_1322
QG130	0.999950	0.000010	0.000010	0.000010	0.000010	0.000010	LD_0.9_6_1322
QG132	0.999950	0.000010	0.000010	0.000010	0.000010	0.000010	LD_0.9_6_1322
QG133	0.017822	0.000010	0.000010	0.000010	0.982138	0.000010	LD_0.9_6_1322
QG2641	0.999950	0.000010	0.000010	0.000010	0.000010	0.000010	LD_0.9_6_1322
QG2648	0.999950	0.000010	0.000010	0.000010	0.000010	0.000010	LD_0.9_6_1322
QG2659	0.999950	0.000010	0.000010	0.000010	0.000010	0.000010	LD_0.9_6_1322
QG2663	0.999948	0.000012	0.000010	0.000010	0.000010	0.000010	LD_0.9_6_1322
QG2665	0.999950	0.000010	0.000010	0.000010	0.000010	0.000010	LD_0.9_6_1322
QG2683	0.999950	0.000010	0.000010	0.000010	0.000010	0.000010	LD_0.9_6_1322
QG2736	0.999950	0.000010	0.000010	0.000010	0.000010	0.000010	LD_0.9_6_1322
QG2814	0.999950	0.000010	0.000010	0.000010	0.000010	0.000010	LD_0.9_6_1322
QG2820	0.999950	0.000010	0.000010	0.000010	0.000010	0.000010	LD_0.9_6_1322
QG2848	0.999950	0.000010	0.000010	0.000010	0.000010	0.000010	LD_0.9_6_1322
QG2880	0.000010	0.000010	0.000010	0.999950	0.000010	0.000010	LD_0.9_6_1322
QG2881	0.999950	0.000010	0.000010	0.000010	0.000010	0.000010	LD_0.9_6_1322
QG2883	0.999950	0.000010	0.000010	0.000010	0.000010	0.000010	LD_0.9_6_1322
QG2884	0.000010	0.000010	0.000010	0.999950	0.000010	0.000010	LD_0.9_6_1322
QG2891	0.000010	0.000010	0.999950	0.000010	0.000010	0.000010	LD_0.9_6_1322
QG2892	0.000010	0.000010	0.000010	0.999950	0.000010	0.000010	LD_0.9_6_1322
QG2893	0.000010	0.000010	0.999950	0.000010	0.000010	0.000010	LD_0.9_6_1322
QG2895	0.000016	0.000010	0.000010	0.999944	0.000010	0.000010	LD_0.9_6_1322
QG2902	0.000010	0.000010	0.000010	0.999950	0.000010	0.000010	LD_0.9_6_1322
QG2903	0.000010	0.000010	0.000010	0.999950	0.000010	0.000010	LD_0.9_6_1322
QG2906	0.000010	0.000010	0.000010	0.999950	0.000010	0.000010	LD_0.9_6_1322
QG2908	0.000010	0.000010	0.999950	0.000010	0.000010	0.000010	LD_0.9_6_1322
QG2910	0.999950	0.000010	0.000010	0.000010	0.000010	0.000010	LD_0.9_6_1322
QG2919	0.000010	0.000010	0.999950	0.000010	0.000010	0.000010	LD_0.9_6_1322
QG2923	0.000010	0.000010	0.000010	0.999950	0.000010	0.000010	LD_0.9_6_1322
QG2925	0.000010	0.000010	0.000010	0.999950	0.000010	0.000010	LD_0.9_6_1322
QG2964	0.999950	0.000010	0.000010	0.000010	0.000010	0.000010	LD_0.9_6_1322
QG2966	0.999950	0.000010	0.000010	0.000010	0.000010	0.000010	LD_0.9_6_1322
QG2969	0.999950	0.000010	0.000010	0.000010	0.000010	0.000010	LD_0.9_6_1322
QG2972	0.999950	0.000010	0.000010	0.000010	0.000010	0.000010	LD_0.9_6_1322
QG2996	0.999950	0.000010	0.000010	0.000010	0.000010	0.000010	LD_0.9_6_1322
QG3004	0.988449	0.000010	0.000010	0.011511	0.000010	0.000010	LD_0.9_6_1322
QG3006	0.999950	0.000010	0.000010	0.000010	0.000010	0.000010	LD_0.9_6_1322
QG3019	0.999949	0.000010	0.000010	0.000010	0.000011	0.000010	LD_0.9_6_1322
QG3025	0.999950	0.000010	0.000010	0.000010	0.000010	0.000010	LD_0.9_6_1322
QG3030	0.999950	0.000010	0.000010	0.000010	0.000010	0.000010	LD_0.9_6_1322
QG3032	0.999950	0.000010	0.000010	0.000010	0.000010	0.000010	LD_0.9_6_1322
QG3034	0.999950	0.000010	0.000010	0.000010	0.000010	0.000010	LD_0.9_6_1322
QG3041	0.999950	0.000010	0.000010	0.000010	0.000010	0.000010	LD_0.9_6_1322
QG3053	0.999950	0.000010	0.000010	0.000010	0.000010	0.000010	LD_0.9_6_1322
QG3056	0.999950	0.000010	0.000010	0.000010	0.000010	0.000010	LD_0.9_6_1322
QG3057	0.999947	0.000013	0.000010	0.000010	0.000010	0.000010	LD_0.9_6_1322
QG3058	0.999950	0.000010	0.000010	0.000010	0.000010	0.000010	LD_0.9_6_1322
QG3527	0.999950	0.000010	0.000010	0.000010	0.000010	0.000010	LD_0.9_6_1322
QG3661	0.000010	0.000010	0.000010	0.000010	0.000010	0.999950	LD_0.9_6_1322
QG3783	0.999950	0.000010	0.000010	0.000010	0.000010	0.000010	LD_0.9_6_1322
QG3801	0.999950	0.000010	0.000010	0.000010	0.000010	0.000010	LD_0.9_6_1322
QG3815	0.999946	0.000010	0.000014	0.000010	0.000010	0.000010	LD_0.9_6_1322
QG3816	0.999950	0.000010	0.000010	0.000010	0.000010	0.000010	LD_0.9_6_1322
QG3823	0.981535	0.000010	0.000010	0.018425	0.000010	0.000010	LD_0.9_6_1322
QG3825	0.999946	0.000010	0.000014	0.000010	0.000010	0.000010	LD_0.9_6_1322
QG3826	0.999950	0.000010	0.000010	0.000010	0.000010	0.000010	LD_0.9_6_1322
QG3837	0.999950	0.000010	0.000010	0.000010	0.000010	0.000010	LD_0.9_6_1322
QG3851	0.999944	0.000010	0.000010	0.000016	0.000010	0.000010	LD_0.9_6_1322
QG3861	0.999950	0.000010	0.000010	0.000010	0.000010	0.000010	LD_0.9_6_1322
QG3867	0.999950	0.000010	0.000010	0.000010	0.000010	0.000010	LD_0.9_6_1322
QG3874	0.999942	0.000010	0.000010	0.000018	0.000010	0.000010	LD_0.9_6_1322
QG3875	0.999950	0.000010	0.000010	0.000010	0.000010	0.000010	LD_0.9_6_1322
QG3876	0.999941	0.000010	0.000010	0.000019	0.000010	0.000010	LD_0.9_6_1322
QG3878	0.999950	0.000010	0.000010	0.000010	0.000010	0.000010	LD_0.9_6_1322
QG3920	0.999950	0.000010	0.000010	0.000010	0.000010	0.000010	LD_0.9_6_1322
QG3921	0.999950	0.000010	0.000010	0.000010	0.000010	0.000010	LD_0.9_6_1322
QG3923	0.999950	0.000010	0.000010	0.000010	0.000010	0.000010	LD_0.9_6_1322
QG3924	0.999950	0.000010	0.000010	0.000010	0.000010	0.000010	LD_0.9_6_1322
QG3925	0.999950	0.000010	0.000010	0.000010	0.000010	0.000010	LD_0.9_6_1322
QG3926	0.999950	0.000010	0.000010	0.000010	0.000010	0.000010	LD_0.9_6_1322
QG3927	0.999950	0.000010	0.000010	0.000010	0.000010	0.000010	LD_0.9_6_1322
QG3931	0.999950	0.000010	0.000010	0.000010	0.000010	0.000010	LD_0.9_6_1322
QG3932	0.999950	0.000010	0.000010	0.000010	0.000010	0.000010	LD_0.9_6_1322
QG3933	0.999950	0.000010	0.000010	0.000010	0.000010	0.000010	LD_0.9_6_1322
QG4026	0.000015	0.000010	0.999945	0.000010	0.000010	0.000010	LD_0.9_6_1322
QG4028	0.000010	0.000010	0.999950	0.000010	0.000010	0.000010	LD_0.9_6_1322
QG4031	0.000014	0.000010	0.999946	0.000010	0.000010	0.000010	LD_0.9_6_1322
QG4063	0.000013	0.000010	0.999947	0.000010	0.000010	0.000010	LD_0.9_6_1322
QG4064	0.000010	0.000010	0.999950	0.000010	0.000010	0.000010	LD_0.9_6_1322
QG4067	0.000010	0.000010	0.999950	0.000010	0.000010	0.000010	LD_0.9_6_1322
QG4068	0.000010	0.000010	0.999950	0.000010	0.000010	0.000010	LD_0.9_6_1322
QG4070	0.999950	0.000010	0.000010	0.000010	0.000010	0.000010	LD_0.9_6_1322
QG4093	0.000010	0.000010	0.999945	0.000010	0.000015	0.000010	LD_0.9_6_1322
QG4094	0.000011	0.000010	0.999949	0.000010	0.000010	0.000010	LD_0.9_6_1322
QG4095	0.000010	0.000010	0.999950	0.000010	0.000010	0.000010	LD_0.9_6_1322
QG4096	0.000010	0.000010	0.999950	0.000010	0.000010	0.000010	LD_0.9_6_1322
QG4097	0.000010	0.000010	0.999950	0.000010	0.000010	0.000010	LD_0.9_6_1322
QG4104	0.000010	0.000010	0.999950	0.000010	0.000010	0.000010	LD_0.9_6_1322
QG4114	0.000013	0.000010	0.999947	0.000010	0.000010	0.000010	LD_0.9_6_1322
QG4131	0.000014	0.000010	0.999946	0.000010	0.000010	0.000010	LD_0.9_6_1322
QG4132	0.000010	0.000010	0.999950	0.000010	0.000010	0.000010	LD_0.9_6_1322
QG4208	0.000010	0.000014	0.999946	0.000010	0.000010	0.000010	LD_0.9_6_1322
QG4214	0.000010	0.000010	0.999950	0.000010	0.000010	0.000010	LD_0.9_6_1322
QG4225	0.000010	0.000010	0.999950	0.000010	0.000010	0.000010	LD_0.9_6_1322
QG4232	0.000010	0.000010	0.999949	0.000010	0.000011	0.000010	LD_0.9_6_1322
QG4233	0.000010	0.000010	0.999950	0.000010	0.000010	0.000010	LD_0.9_6_1322
QG4647	0.000010	0.000010	0.000010	0.999950	0.000010	0.000010	LD_0.9_6_1322
QG4648	0.999950	0.000010	0.000010	0.000010	0.000010	0.000010	LD_0.9_6_1322
QG4683	0.999950	0.000010	0.000010	0.000010	0.000010	0.000010	LD_0.9_6_1322
QG4701	0.405235	0.000010	0.000010	0.594721	0.000014	0.000010	LD_0.9_6_1322
QG4706	0.999950	0.000010	0.000010	0.000010	0.000010	0.000010	LD_0.9_6_1322
QG4718	0.999950	0.000010	0.000010	0.000010	0.000010	0.000010	LD_0.9_6_1322
QG4742	0.980185	0.000014	0.000010	0.019771	0.000010	0.000010	LD_0.9_6_1322
QG4805	0.000010	0.000010	0.000010	0.999950	0.000010	0.000010	LD_0.9_6_1322
QG4847	0.999950	0.000010	0.000010	0.000010	0.000010	0.000010	LD_0.9_6_1322
QG4966	0.999950	0.000010	0.000010	0.000010	0.000010	0.000010	LD_0.9_6_1322
QG5348	0.999950	0.000010	0.000010	0.000010	0.000010	0.000010	LD_0.9_6_1322
QG5406	0.999950	0.000010	0.000010	0.000010	0.000010	0.000010	LD_0.9_6_1322
QG547	0.000010	0.000017	0.000010	0.000010	0.000010	0.999943	LD_0.9_6_1322
QG5474	0.272959	0.000010	0.000010	0.726995	0.000016	0.000010	LD_0.9_6_1322
QG5488	0.999950	0.000010	0.000010	0.000010	0.000010	0.000010	LD_0.9_6_1322
QG550	0.506544	0.000010	0.000010	0.493416	0.000010	0.000010	LD_0.9_6_1322
QG5507	0.816149	0.000010	0.000010	0.183811	0.000010	0.000010	LD_0.9_6_1322
QG5525	0.978583	0.000010	0.000010	0.021377	0.000010	0.000010	LD_0.9_6_1322
QG5589	0.162842	0.000010	0.000010	0.837113	0.000015	0.000010	LD_0.9_6_1322
QG5603	0.290443	0.000010	0.000010	0.709513	0.000014	0.000010	LD_0.9_6_1322
QG5611	0.999950	0.000010	0.000010	0.000010	0.000010	0.000010	LD_0.9_6_1322
QG5612	0.999950	0.000010	0.000010	0.000010	0.000010	0.000010	LD_0.9_6_1322
QG5633	0.999950	0.000010	0.000010	0.000010	0.000010	0.000010	LD_0.9_6_1322
QG581	0.000010	0.000010	0.000011	0.000010	0.000010	0.999949	LD_0.9_6_1322
QG588	0.000010	0.000011	0.000010	0.000010	0.000010	0.999949	LD_0.9_6_1322
QG700	0.999950	0.000010	0.000010	0.000010	0.000010	0.000010	LD_0.9_6_1322
QG727	0.999950	0.000010	0.000010	0.000010	0.000010	0.000010	LD_0.9_6_1322
QG733	0.999950	0.000010	0.000010	0.000010	0.000010	0.000010	LD_0.9_6_1322
QG736	0.999950	0.000010	0.000010	0.000010	0.000010	0.000010	LD_0.9_6_1322
QG737	0.999950	0.000010	0.000010	0.000010	0.000010	0.000010	LD_0.9_6_1322
QG739	0.999950	0.000010	0.000010	0.000010	0.000010	0.000010	LD_0.9_6_1322
QG761	0.999943	0.000010	0.000010	0.000016	0.000011	0.000010	LD_0.9_6_1322
QG763	0.999941	0.000010	0.000010	0.000010	0.000019	0.000010	LD_0.9_6_1322
QG776	0.997120	0.000010	0.000010	0.000010	0.000010	0.002840	LD_0.9_6_1322
QG781	0.999950	0.000010	0.000010	0.000010	0.000010	0.000010	LD_0.9_6_1322
QG784	0.999950	0.000010	0.000010	0.000010	0.000010	0.000010	LD_0.9_6_1322
QG786	0.999950	0.000010	0.000010	0.000010	0.000010	0.000010	LD_0.9_6_1322
QG788	0.999950	0.000010	0.000010	0.000010	0.000010	0.000010	LD_0.9_6_1322
QG790	0.999950	0.000010	0.000010	0.000010	0.000010	0.000010	LD_0.9_6_1322
QG791	0.999950	0.000010	0.000010	0.000010	0.000010	0.000010	LD_0.9_6_1322
QG795	0.999944	0.000010	0.000010	0.000016	0.000010	0.000010	LD_0.9_6_1322
QG797	0.999950	0.000010	0.000010	0.000010	0.000010	0.000010	LD_0.9_6_1322
QG802	0.999950	0.000010	0.000010	0.000010	0.000010	0.000010	LD_0.9_6_1322
QG804	0.999950	0.000010	0.000010	0.000010	0.000010	0.000010	LD_0.9_6_1322
QG806	0.999950	0.000010	0.000010	0.000010	0.000010	0.000010	LD_0.9_6_1322
QG807	0.999950	0.000010	0.000010	0.000010	0.000010	0.000010	LD_0.9_6_1322
QG808	0.999950	0.000010	0.000010	0.000010	0.000010	0.000010	LD_0.9_6_1322
QG809	0.999942	0.000010	0.000010	0.000018	0.000010	0.000010	LD_0.9_6_1322
QG825	0.999950	0.000010	0.000010	0.000010	0.000010	0.000010	LD_0.9_6_1322
QG827	0.999950	0.000010	0.000010	0.000010	0.000010	0.000010	LD_0.9_6_1322
QG828	0.999950	0.000010	0.000010	0.000010	0.000010	0.000010	LD_0.9_6_1322
QG833	0.999950	0.000010	0.000010	0.000010	0.000010	0.000010	LD_0.9_6_1322
QG855	0.999950	0.000010	0.000010	0.000010	0.000010	0.000010	LD_0.9_6_1322
QG856	0.999950	0.000010	0.000010	0.000010	0.000010	0.000010	LD_0.9_6_1322
QG858	0.999950	0.000010	0.000010	0.000010	0.000010	0.000010	LD_0.9_6_1322
QG860	0.999950	0.000010	0.000010	0.000010	0.000010	0.000010	LD_0.9_6_1322
QG864	0.999950	0.000010	0.000010	0.000010	0.000010	0.000010	LD_0.9_6_1322
QG865	0.999950	0.000010	0.000010	0.000010	0.000010	0.000010	LD_0.9_6_1322
QG866	0.999950	0.000010	0.000010	0.000010	0.000010	0.000010	LD_0.9_6_1322
QG868	0.999950	0.000010	0.000010	0.000010	0.000010	0.000010	LD_0.9_6_1322
QG874	0.999950	0.000010	0.000010	0.000010	0.000010	0.000010	LD_0.9_6_1322
QG875	0.999950	0.000010	0.000010	0.000010	0.000010	0.000010	LD_0.9_6_1322
QG878	0.999950	0.000010	0.000010	0.000010	0.000010	0.000010	LD_0.9_6_1322
QG879	0.999950	0.000010	0.000010	0.000010	0.000010	0.000010	LD_0.9_6_1322
QG880	0.999950	0.000010	0.000010	0.000010	0.000010	0.000010	LD_0.9_6_1322
QG881	0.999950	0.000010	0.000010	0.000010	0.000010	0.000010	LD_0.9_6_1322
QG887	0.999943	0.000014	0.000010	0.000012	0.000010	0.000010	LD_0.9_6_1322
QG888	0.999950	0.000010	0.000010	0.000010	0.000010	0.000010	LD_0.9_6_1322
QG926	0.999950	0.000010	0.000010	0.000010	0.000010	0.000010	LD_0.9_6_1322
QG927	0.999950	0.000010	0.000010	0.000010	0.000010	0.000010	LD_0.9_6_1322
QG933	0.999950	0.000010	0.000010	0.000010	0.000010	0.000010	LD_0.9_6_1322
QG937	0.999950	0.000010	0.000010	0.000010	0.000010	0.000010	LD_0.9_6_1322
QG945	0.999950	0.000010	0.000010	0.000010	0.000010	0.000010	LD_0.9_6_1322
QG946	0.999943	0.000017	0.000010	0.000010	0.000010	0.000010	LD_0.9_6_1322
QG947	0.999950	0.000010	0.000010	0.000010	0.000010	0.000010	LD_0.9_6_1322
QG948	0.999950	0.000010	0.000010	0.000010	0.000010	0.000010	LD_0.9_6_1322
QG952	0.999950	0.000010	0.000010	0.000010	0.000010	0.000010	LD_0.9_6_1322
QG978	0.999939	0.000014	0.000017	0.000010	0.000010	0.000010	LD_0.9_6_1322
QG980	0.999950	0.000010	0.000010	0.000010	0.000010	0.000010	LD_0.9_6_1322
QG986	0.999950	0.000010	0.000010	0.000010	0.000010	0.000010	LD_0.9_6_1322
QG991	0.999950	0.000010	0.000010	0.000010	0.000010	0.000010	LD_0.9_6_1322
QG994	0.999950	0.000010	0.000010	0.000010	0.000010	0.000010	LD_0.9_6_1322
QG995	0.999950	0.000010	0.000010	0.000010	0.000010	0.000010	LD_0.9_6_1322
QG997	0.999950	0.000010	0.000010	0.000010	0.000010	0.000010	LD_0.9_6_1322
QG998	0.999942	0.000010	0.000018	0.000010	0.000010	0.000010	LD_0.9_6_1322
QR25	0.150085	0.096198	0.027852	0.000010	0.103629	0.622227	LD_0.9_6_1322
QX1410	0.863576	0.000010	0.000010	0.136382	0.000012	0.000010	LD_0.9_6_1322
QX1547	0.000010	0.000010	0.000010	0.000010	0.000010	0.999950	LD_0.9_6_1322
QX1795	0.999950	0.000010	0.000010	0.000010	0.000010	0.000010	LD_0.9_6_1322
QX1796	0.999950	0.000010	0.000010	0.000010	0.000010	0.000010	LD_0.9_6_1322
QX1798	0.000010	0.000010	0.000010	0.000010	0.999950	0.000010	LD_0.9_6_1322
QX1800	0.999950	0.000010	0.000010	0.000010	0.000010	0.000010	LD_0.9_6_1322
QX1801	0.999950	0.000010	0.000010	0.000010	0.000010	0.000010	LD_0.9_6_1322
QX1802	0.999950	0.000010	0.000010	0.000010	0.000010	0.000010	LD_0.9_6_1322
QX1803	0.999950	0.000010	0.000010	0.000010	0.000010	0.000010	LD_0.9_6_1322
QX1804	0.999948	0.000011	0.000011	0.000010	0.000010	0.000010	LD_0.9_6_1322
SOW18	0.000010	0.000019	0.000013	0.000010	0.000010	0.999938	LD_0.9_6_1322
SOW21	0.000010	0.000010	0.000010	0.000010	0.000010	0.999950	LD_0.9_6_1322
SOW22	0.000010	0.000010	0.000010	0.000010	0.000010	0.999950	LD_0.9_6_1322
TT3408	0.999950	0.000010	0.000010	0.000010	0.000010	0.000010	LD_0.9_6_1322
TT3411	0.999950	0.000010	0.000010	0.000010	0.000010	0.000010	LD_0.9_6_1322
TWN1772	0.000010	0.000011	0.000010	0.000010	0.999949	0.000010	LD_0.9_6_1322
TWN1824	0.000010	0.999950	0.000010	0.000010	0.000010	0.000010	LD_0.9_6_1322
TWN1899	0.000010	0.999950	0.000010	0.000010	0.000010	0.000010	LD_0.9_6_1322
TWN1907	0.000010	0.000010	0.000010	0.000010	0.999950	0.000010	LD_0.9_6_1322
TWN2919	0.000010	0.000016	0.000010	0.000010	0.999944	0.000010	LD_0.9_6_1322
TWN3077	0.000010	0.000010	0.000010	0.000010	0.999950	0.000010	LD_0.9_6_1322
UH1	0.000010	0.000010	0.000010	0.000010	0.999950	0.000010	LD_0.9_6_1322
VSL2201	0.538058	0.000010	0.000010	0.461902	0.000010	0.000010	LD_0.9_6_1322
VSL2207	0.000010	0.000010	0.999950	0.000010	0.000010	0.000010	LD_0.9_6_1322
VSL2209	0.000018	0.000010	0.999942	0.000010	0.000010	0.000010	LD_0.9_6_1322
VSL2210	0.999950	0.000010	0.000010	0.000010	0.000010	0.000010	LD_0.9_6_1322
VSL2212	0.999950	0.000010	0.000010	0.000010	0.000010	0.000010	LD_0.9_6_1322
VSL2213	0.135982	0.000010	0.000010	0.863978	0.000010	0.000010	LD_0.9_6_1322
VSL2215	0.353857	0.000010	0.000010	0.646103	0.000010	0.000010	LD_0.9_6_1322
VSL2216	0.200085	0.000010	0.000010	0.799873	0.000012	0.000010	LD_0.9_6_1322
VSL2217	0.000010	0.000010	0.000010	0.999950	0.000010	0.000010	LD_0.9_6_1322
VSL2219	0.999950	0.000010	0.000010	0.000010	0.000010	0.000010	LD_0.9_6_1322
VT847	0.999950	0.000010	0.000010	0.000010	0.000010	0.000010	LD_0.9_6_1322
VX34	0.139660	0.115319	0.000010	0.000010	0.123815	0.621186	LD_0.9_6_1322
XZ1204	0.739013	0.000010	0.000010	0.260947	0.000010	0.000010	LD_0.9_6_1322
XZ1205	0.335794	0.000010	0.000010	0.664166	0.000010	0.000010	LD_0.9_6_1322
XZ1206	0.339360	0.000010	0.000010	0.660600	0.000010	0.000010	LD_0.9_6_1322
XZ1207	0.999950	0.000010	0.000010	0.000010	0.000010	0.000010	LD_0.9_6_1322
XZ1210	0.999950	0.000010	0.000010	0.000010	0.000010	0.000010	LD_0.9_6_1322
XZ1212	0.999950	0.000010	0.000010	0.000010	0.000010	0.000010	LD_0.9_6_1322
XZ1213	0.999948	0.000010	0.000012	0.000010	0.000010	0.000010	LD_0.9_6_1322
XZ1731	0.999950	0.000010	0.000010	0.000010	0.000010	0.000010	LD_0.9_6_1322
XZ1732	0.999950	0.000010	0.000010	0.000010	0.000010	0.000010	LD_0.9_6_1322
ZZY0992	0.000010	0.000010	0.000010	0.999950	0.000010	0.000010	LD_0.9_6_1322
ZZY1034	0.999950	0.000010	0.000010	0.000010	0.000010	0.000010	LD_0.9_6_1322
ZZY1075	0.999950	0.000010	0.000010	0.000010	0.000010	0.000010	LD_0.9_6_1322
ZZY1123	0.000010	0.000015	0.000018	0.999937	0.000010	0.000010	LD_0.9_6_1322
ZZY1130	0.999950	0.000010	0.000010	0.000010	0.000010	0.000010	LD_0.9_6_1322
ZZY405	0.999950	0.000010	0.000010	0.000010	0.000010	0.000010	LD_0.9_6_1322
AF16	0.000010	0.000010	0.000010	0.000010	0.000010	0.999950	LD_0.9_6_1432
BRC20069	0.000010	0.000010	0.000010	0.000010	0.000010	0.999950	LD_0.9_6_1432
BRC20073	0.000010	0.000010	0.000010	0.000010	0.000010	0.999950	LD_0.9_6_1432
BRC20075	0.000019	0.999940	0.000010	0.000010	0.000011	0.000010	LD_0.9_6_1432
BRC20077	0.000010	0.000011	0.000010	0.000010	0.000010	0.999949	LD_0.9_6_1432
BRC20081	0.000010	0.000010	0.000010	0.000010	0.999950	0.000010	LD_0.9_6_1432
BRC20085	0.000010	0.000010	0.000010	0.173675	0.000010	0.826285	LD_0.9_6_1432
BRC20088	0.000010	0.000010	0.000010	0.000010	0.999950	0.000010	LD_0.9_6_1432
BRC20089	0.000010	0.000010	0.000010	0.000010	0.000010	0.999950	LD_0.9_6_1432
BRC20090	0.000012	0.000010	0.000010	0.050862	0.000010	0.949095	LD_0.9_6_1432
BRC20092	0.000010	0.000010	0.000010	0.078141	0.000010	0.921819	LD_0.9_6_1432
BRC20093	0.000010	0.000010	0.000010	0.000010	0.000010	0.999950	LD_0.9_6_1432
BRC20094	0.000010	0.000010	0.000010	0.081940	0.000010	0.918020	LD_0.9_6_1432
BRC20095	0.000010	0.000010	0.000010	0.000010	0.000010	0.999950	LD_0.9_6_1432
BRC20096	0.000010	0.000010	0.000010	0.000010	0.000010	0.999950	LD_0.9_6_1432
BRC20098	0.000010	0.000010	0.000015	0.000010	0.000010	0.999945	LD_0.9_6_1432
BRC20099	0.000010	0.000010	0.000010	0.000010	0.000010	0.999950	LD_0.9_6_1432
BRC20100	0.000010	0.000010	0.000010	0.000010	0.000010	0.999950	LD_0.9_6_1432
BRC20102	0.000010	0.000010	0.000010	0.000010	0.000010	0.999950	LD_0.9_6_1432
BRC20103	0.000010	0.000010	0.000010	0.000010	0.000010	0.999950	LD_0.9_6_1432
BRC20105	0.000010	0.000010	0.000010	0.162731	0.000010	0.837229	LD_0.9_6_1432
BRC20107	0.000010	0.000010	0.000010	0.151815	0.000010	0.848145	LD_0.9_6_1432
BRC20115	0.000010	0.648748	0.000010	0.000010	0.210491	0.140731	LD_0.9_6_1432
BRC20119	0.000010	0.000014	0.000010	0.769365	0.000010	0.230592	LD_0.9_6_1432
BRC20228	0.000010	0.000010	0.000011	0.000010	0.000010	0.999949	LD_0.9_6_1432
BRC20229	0.000015	0.999945	0.000011	0.000010	0.000010	0.000010	LD_0.9_6_1432
BRC20230	0.000010	0.000010	0.000010	0.000010	0.999950	0.000010	LD_0.9_6_1432
BRC20232	0.000010	0.999946	0.000014	0.000010	0.000010	0.000010	LD_0.9_6_1432
BRC20238	0.000010	0.000010	0.000010	0.000010	0.999950	0.000010	LD_0.9_6_1432
BRC20239	0.000010	0.999950	0.000010	0.000010	0.000010	0.000010	LD_0.9_6_1432
BRC20241	0.000010	0.000010	0.000010	0.084191	0.000010	0.915769	LD_0.9_6_1432
BRC20242	0.000010	0.000010	0.000010	0.000010	0.000010	0.999950	LD_0.9_6_1432
BRC20244	0.000010	0.000010	0.000010	0.000010	0.999950	0.000010	LD_0.9_6_1432
BRC20246	0.000010	0.000010	0.000010	0.000010	0.999950	0.000010	LD_0.9_6_1432
BRC20257	0.000010	0.000010	0.000010	0.997605	0.000010	0.002355	LD_0.9_6_1432
BRC20260	0.000010	0.000010	0.000010	0.000010	0.000010	0.999950	LD_0.9_6_1432
BRC20270	0.000010	0.000010	0.000010	0.000010	0.999950	0.000010	LD_0.9_6_1432
BRC20272	0.000010	0.000010	0.000010	0.000010	0.999950	0.000010	LD_0.9_6_1432
BRC20289	0.000010	0.000010	0.000010	0.000010	0.999950	0.000010	LD_0.9_6_1432
BRC20290	0.000010	0.000010	0.000010	0.000010	0.999950	0.000010	LD_0.9_6_1432
BRC20294	0.000010	0.000010	0.000010	0.000010	0.000010	0.999950	LD_0.9_6_1432
BRC20308	0.000010	0.000010	0.000010	0.000010	0.999950	0.000010	LD_0.9_6_1432
BRC20309	0.000010	0.000010	0.000010	0.000010	0.999950	0.000010	LD_0.9_6_1432
BRC20311	0.000010	0.000010	0.000010	0.000010	0.999950	0.000010	LD_0.9_6_1432
BRC20312	0.000010	0.000011	0.000010	0.000010	0.999949	0.000010	LD_0.9_6_1432
BRC20315	0.000010	0.000010	0.000010	0.000010	0.999950	0.000010	LD_0.9_6_1432
BRC20320	0.000010	0.000010	0.000010	0.000010	0.999950	0.000010	LD_0.9_6_1432
BRC20324	0.000010	0.591673	0.000010	0.000010	0.000010	0.408287	LD_0.9_6_1432
BRC20331	0.000010	0.000010	0.000010	0.000010	0.999950	0.000010	LD_0.9_6_1432
BRC20333	0.000010	0.000010	0.000010	0.000010	0.999950	0.000010	LD_0.9_6_1432
BRC20334	0.000010	0.000010	0.000010	0.000016	0.999944	0.000010	LD_0.9_6_1432
BRC20339	0.000010	0.000010	0.000010	0.000010	0.999950	0.000010	LD_0.9_6_1432
BRC20341	0.000010	0.000010	0.000010	0.000010	0.999950	0.000010	LD_0.9_6_1432
BRC20343	0.000010	0.999950	0.000010	0.000010	0.000010	0.000010	LD_0.9_6_1432
BRC20346	0.000010	0.000010	0.000016	0.000010	0.999944	0.000010	LD_0.9_6_1432
BRC20347	0.000016	0.999940	0.000015	0.000010	0.000010	0.000010	LD_0.9_6_1432
BRC20348	0.000010	0.000010	0.000010	0.000010	0.999950	0.000010	LD_0.9_6_1432
BRC20353	0.000010	0.000010	0.000010	0.000010	0.000010	0.999950	LD_0.9_6_1432
BRC20360	0.000010	0.000010	0.000010	0.000010	0.000010	0.999950	LD_0.9_6_1432
BRC20361	0.000010	0.000011	0.000010	0.000010	0.003093	0.996866	LD_0.9_6_1432
BRC20362	0.000010	0.000010	0.000010	0.013009	0.000010	0.986951	LD_0.9_6_1432
BRC20366	0.000010	0.000010	0.000010	0.000010	0.999950	0.000010	LD_0.9_6_1432
BRC20367	0.000010	0.000010	0.000010	0.000010	0.999950	0.000010	LD_0.9_6_1432
BRC20369	0.000010	0.000010	0.000010	0.000010	0.000010	0.999950	LD_0.9_6_1432
BRC20370	0.000010	0.000010	0.000010	0.000010	0.999950	0.000010	LD_0.9_6_1432
BRC20388	0.000010	0.000010	0.999950	0.000010	0.000010	0.000010	LD_0.9_6_1432
BRC20390	0.000010	0.000010	0.000010	0.000010	0.999950	0.000010	LD_0.9_6_1432
BRC20401	0.000010	0.000011	0.000010	0.000010	0.000010	0.999949	LD_0.9_6_1432
BRC20463	0.000010	0.000010	0.000010	0.000010	0.999950	0.000010	LD_0.9_6_1432
BRC20492	0.000010	0.641720	0.000010	0.000010	0.220865	0.137385	LD_0.9_6_1432
BRC20499	0.000010	0.000010	0.000010	0.000010	0.999950	0.000010	LD_0.9_6_1432
BRC20501	0.000010	0.000010	0.000010	0.000010	0.999950	0.000010	LD_0.9_6_1432
BRC20502	0.042719	0.139589	0.104978	0.000010	0.703034	0.009669	LD_0.9_6_1432
BRC20503	0.042888	0.139119	0.105296	0.000010	0.703097	0.009590	LD_0.9_6_1432
BRC20519	0.000010	0.643466	0.000010	0.000010	0.210716	0.145788	LD_0.9_6_1432
BRC20520	0.000010	0.641637	0.000010	0.000010	0.216955	0.141378	LD_0.9_6_1432
BRC20522	0.000010	0.999943	0.000017	0.000010	0.000010	0.000010	LD_0.9_6_1432
BRC20524	0.000010	0.999947	0.000013	0.000010	0.000010	0.000010	LD_0.9_6_1432
BRC20529	0.000010	0.000010	0.000010	0.000010	0.999950	0.000010	LD_0.9_6_1432
BRC20530	0.000010	0.999950	0.000010	0.000010	0.000010	0.000010	LD_0.9_6_1432
BRC20531	0.000012	0.999948	0.000010	0.000010	0.000010	0.000010	LD_0.9_6_1432
BRC20532	0.000010	0.000010	0.000010	0.000010	0.999950	0.000010	LD_0.9_6_1432
BRC20533	0.000010	0.000010	0.000010	0.000010	0.999950	0.000010	LD_0.9_6_1432
BRC20534	0.000010	0.000010	0.000010	0.000010	0.999950	0.000010	LD_0.9_6_1432
BRC20535	0.000010	0.000010	0.000010	0.000010	0.999950	0.000010	LD_0.9_6_1432
BRC20536	0.000010	0.000010	0.000010	0.000010	0.999950	0.000010	LD_0.9_6_1432
BRC20537	0.000010	0.000010	0.000010	0.000010	0.999950	0.000010	LD_0.9_6_1432
BRC20541	0.000010	0.637847	0.005795	0.000010	0.198963	0.157375	LD_0.9_6_1432
BRC20543	0.000010	0.000010	0.000010	0.000010	0.999950	0.000010	LD_0.9_6_1432
BRC20544	0.000010	0.000010	0.000010	0.000010	0.999950	0.000010	LD_0.9_6_1432
BRC20545	0.000010	0.000010	0.000010	0.000010	0.999950	0.000010	LD_0.9_6_1432
BRC20556	0.000010	0.000010	0.000010	0.000010	0.000010	0.999950	LD_0.9_6_1432
BRC20557	0.000010	0.000010	0.000010	0.000010	0.999950	0.000010	LD_0.9_6_1432
BRC20565	0.000010	0.000010	0.000010	0.000010	0.000010	0.999950	LD_0.9_6_1432
BRC20571	0.000010	0.000010	0.000010	0.011736	0.000010	0.988224	LD_0.9_6_1432
BRC20574	0.000010	0.000011	0.000010	0.000010	0.000010	0.999949	LD_0.9_6_1432
BW287	0.000010	0.000010	0.999950	0.000010	0.000010	0.000010	LD_0.9_6_1432
DF5100	0.000010	0.000010	0.000010	0.000010	0.000010	0.999950	LD_0.9_6_1432
ECA1129	0.000010	0.000010	0.000010	0.000010	0.000010	0.999950	LD_0.9_6_1432
ECA1143	0.000010	0.000010	0.000015	0.080629	0.000010	0.919326	LD_0.9_6_1432
ECA1147	0.000019	0.000010	0.000010	0.000010	0.000010	0.999941	LD_0.9_6_1432
ECA1149	0.000010	0.000010	0.000010	0.000010	0.040038	0.959922	LD_0.9_6_1432
ECA1160	0.000010	0.000010	0.000010	0.000010	0.000010	0.999950	LD_0.9_6_1432
ECA1164	0.000010	0.000010	0.000010	0.000010	0.000010	0.999950	LD_0.9_6_1432
ECA1170	0.000010	0.000010	0.000010	0.000010	0.999950	0.000010	LD_0.9_6_1432
ECA1174	0.000010	0.000012	0.000010	0.000010	0.000010	0.999948	LD_0.9_6_1432
ECA1383	0.000010	0.000010	0.000010	0.000010	0.999950	0.000010	LD_0.9_6_1432
ECA1411	0.000011	0.000010	0.000010	0.000010	0.000010	0.999949	LD_0.9_6_1432
ECA1423	0.000010	0.000010	0.000010	0.000010	0.000010	0.999950	LD_0.9_6_1432
ECA1429	0.000010	0.000013	0.000010	0.000010	0.000010	0.999947	LD_0.9_6_1432
ECA1431	0.000010	0.000010	0.000010	0.000010	0.000010	0.999950	LD_0.9_6_1432
ECA1437	0.000010	0.000010	0.000010	0.000010	0.000010	0.999950	LD_0.9_6_1432
ECA1439	0.000010	0.000010	0.000010	0.000010	0.000010	0.999950	LD_0.9_6_1432
ECA1443	0.000010	0.000010	0.000010	0.000010	0.944293	0.055667	LD_0.9_6_1432
ECA1471	0.000010	0.000010	0.000010	0.000018	0.000010	0.999942	LD_0.9_6_1432
ECA1489	0.000016	0.000010	0.000012	0.130897	0.000010	0.869055	LD_0.9_6_1432
ECA1507	0.000011	0.000010	0.000010	0.000010	0.000010	0.999949	LD_0.9_6_1432
ECA1509	0.000010	0.000010	0.000010	0.000010	0.000010	0.999950	LD_0.9_6_1432
ECA1517	0.000010	0.000010	0.000010	0.000010	0.000010	0.999950	LD_0.9_6_1432
ECA1521	0.000010	0.000010	0.000010	0.000014	0.000010	0.999946	LD_0.9_6_1432
ECA1555	0.000010	0.000010	0.000010	0.000018	0.000010	0.999942	LD_0.9_6_1432
ECA1559	0.000010	0.000010	0.000010	0.000010	0.999950	0.000010	LD_0.9_6_1432
ECA1563	0.000010	0.000016	0.000010	0.000010	0.000010	0.999944	LD_0.9_6_1432
ECA1571	0.000010	0.000010	0.000010	0.119602	0.000010	0.880358	LD_0.9_6_1432
ECA1587	0.000010	0.000011	0.000011	0.000010	0.000010	0.999948	LD_0.9_6_1432
ECA1605	0.000010	0.000010	0.000010	0.054222	0.869134	0.076614	LD_0.9_6_1432
ECA1609	0.000010	0.000010	0.000010	0.000010	0.000010	0.999950	LD_0.9_6_1432
ECA161	0.000010	0.000010	0.000011	0.000010	0.000010	0.999949	LD_0.9_6_1432
ECA1611	0.000010	0.000010	0.000010	0.000010	0.000010	0.999950	LD_0.9_6_1432
ECA1615	0.000010	0.000010	0.000010	0.000010	0.000010	0.999950	LD_0.9_6_1432
ECA162	0.000010	0.000010	0.000010	0.000010	0.000010	0.999950	LD_0.9_6_1432
ECA1621	0.000010	0.000010	0.000010	0.000010	0.000010	0.999950	LD_0.9_6_1432
ECA163	0.049489	0.599235	0.182902	0.000010	0.020134	0.148230	LD_0.9_6_1432
ECA1637	0.000010	0.000012	0.000010	0.000010	0.000010	0.999948	LD_0.9_6_1432
ECA1657	0.000018	0.000010	0.000010	0.000010	0.000010	0.999942	LD_0.9_6_1432
ECA1701	0.000011	0.000010	0.000010	0.004848	0.000010	0.995111	LD_0.9_6_1432
ECA175	0.000010	0.000010	0.000010	0.000010	0.000010	0.999950	LD_0.9_6_1432
ECA176	0.000010	0.000010	0.000010	0.000010	0.000010	0.999950	LD_0.9_6_1432
ECA177	0.000010	0.000010	0.000010	0.000010	0.000010	0.999950	LD_0.9_6_1432
ECA180	0.000014	0.000010	0.000010	0.000012	0.000010	0.999944	LD_0.9_6_1432
ECA182	0.000010	0.000010	0.000010	0.000010	0.000010	0.999950	LD_0.9_6_1432
ECA183	0.000010	0.000010	0.000010	0.000017	0.000010	0.999943	LD_0.9_6_1432
ECA185	0.000010	0.000010	0.000010	0.000010	0.000010	0.999950	LD_0.9_6_1432
ECA186	0.000011	0.000010	0.000010	0.000010	0.000010	0.999949	LD_0.9_6_1432
ECA2083	0.000010	0.000010	0.000010	0.000010	0.000010	0.999950	LD_0.9_6_1432
ECA2093	0.000010	0.000010	0.000017	0.000010	0.000010	0.999943	LD_0.9_6_1432
ECA2115	0.000010	0.000012	0.000010	0.000010	0.000010	0.999948	LD_0.9_6_1432
ECA2299	0.000010	0.000010	0.000010	0.000010	0.999950	0.000010	LD_0.9_6_1432
ECA2373	0.000010	0.000010	0.000010	0.032811	0.000010	0.967149	LD_0.9_6_1432
ECA2385	0.000010	0.000010	0.000010	0.000010	0.999950	0.000010	LD_0.9_6_1432
ECA2425	0.000010	0.000010	0.000010	0.000010	0.000010	0.999950	LD_0.9_6_1432
ECA2617	0.999942	0.000018	0.000010	0.000010	0.000010	0.000010	LD_0.9_6_1432
ECA2618	0.999943	0.000010	0.000017	0.000010	0.000010	0.000010	LD_0.9_6_1432
ECA2621	0.999947	0.000010	0.000013	0.000010	0.000010	0.000010	LD_0.9_6_1432
ECA2623	0.000010	0.000010	0.000010	0.037950	0.000010	0.962010	LD_0.9_6_1432
ECA2625	0.000010	0.000010	0.000010	0.000010	0.000010	0.999950	LD_0.9_6_1432
ECA2626	0.000010	0.000010	0.000014	0.000010	0.000010	0.999946	LD_0.9_6_1432
ECA2636	0.000010	0.000010	0.000010	0.000010	0.000010	0.999950	LD_0.9_6_1432
ECA2637	0.000010	0.000011	0.000010	0.000010	0.000010	0.999949	LD_0.9_6_1432
ECA2639	0.999950	0.000010	0.000010	0.000010	0.000010	0.000010	LD_0.9_6_1432
ECA2645	0.000010	0.000010	0.000010	0.000010	0.000010	0.999950	LD_0.9_6_1432
ECA2647	0.999950	0.000010	0.000010	0.000010	0.000010	0.000010	LD_0.9_6_1432
ECA2663	0.000010	0.000010	0.000015	0.000010	0.000010	0.999945	LD_0.9_6_1432
ECA2664	0.000010	0.000010	0.000010	0.049569	0.000010	0.950391	LD_0.9_6_1432
ECA2666	0.999950	0.000010	0.000010	0.000010	0.000010	0.000010	LD_0.9_6_1432
ECA2667	0.000010	0.000010	0.000010	0.000010	0.000010	0.999950	LD_0.9_6_1432
ECA2670	0.999950	0.000010	0.000010	0.000010	0.000010	0.000010	LD_0.9_6_1432
ECA276	0.049087	0.599632	0.180013	0.000010	0.020757	0.150501	LD_0.9_6_1432
ECA278	0.000010	0.000010	0.999950	0.000010	0.000010	0.000010	LD_0.9_6_1432
ECA2808	0.000010	0.000010	0.000010	0.000010	0.000010	0.999950	LD_0.9_6_1432
ECA287	0.000010	0.000010	0.000010	0.000010	0.996698	0.003262	LD_0.9_6_1432
ECA288	0.000010	0.000010	0.000010	0.000010	0.096978	0.902982	LD_0.9_6_1432
ECA2883	0.000010	0.000010	0.000010	0.000010	0.000010	0.999950	LD_0.9_6_1432
ECA2890	0.000010	0.000010	0.000016	0.000010	0.000010	0.999944	LD_0.9_6_1432
ECA2894	0.000010	0.000010	0.000010	0.000010	0.000010	0.999950	LD_0.9_6_1432
ECA2936	0.000010	0.000010	0.000010	0.000010	0.999950	0.000010	LD_0.9_6_1432
ECA2975	0.000010	0.000010	0.000010	0.000010	0.000010	0.999950	LD_0.9_6_1432
ECA3091	0.000010	0.000010	0.000010	0.000010	0.000010	0.999950	LD_0.9_6_1432
ECA343	0.000010	0.000010	0.000010	0.000010	0.000010	0.999950	LD_0.9_6_1432
ECA346	0.000010	0.000019	0.000010	0.000013	0.000010	0.999937	LD_0.9_6_1432
ECA3502	0.000010	0.000010	0.000010	0.000010	0.999950	0.000010	LD_0.9_6_1432
ECA3503	0.000010	0.000010	0.000010	0.000010	0.000010	0.999950	LD_0.9_6_1432
ECA3509	0.000010	0.000010	0.000010	0.000010	0.000010	0.999950	LD_0.9_6_1432
ECA3708	0.000010	0.000010	0.000010	0.000010	0.000010	0.999950	LD_0.9_6_1432
ECA371	0.000010	0.000010	0.000010	0.000010	0.000010	0.999950	LD_0.9_6_1432
ECA3712	0.000010	0.000010	0.000010	0.000010	0.000010	0.999950	LD_0.9_6_1432
ECA3713	0.000010	0.000010	0.000010	0.000010	0.000010	0.999950	LD_0.9_6_1432
ECA3899	0.000012	0.000010	0.000010	0.000010	0.000010	0.999948	LD_0.9_6_1432
ECA4382	0.000010	0.000010	0.000010	0.000010	0.000010	0.999950	LD_0.9_6_1432
ECA4390	0.000010	0.000010	0.000010	0.000010	0.000010	0.999950	LD_0.9_6_1432
ECA4394	0.000010	0.000010	0.000010	0.000010	0.000010	0.999950	LD_0.9_6_1432
ECA4402	0.000010	0.000010	0.000010	0.000010	0.000010	0.999950	LD_0.9_6_1432
ECA569	0.000010	0.000010	0.999950	0.000010	0.000010	0.000010	LD_0.9_6_1432
ED3032	0.000010	0.000010	0.000010	0.000010	0.000010	0.999950	LD_0.9_6_1432
ED3037	0.000010	0.000011	0.000010	0.000010	0.000010	0.999949	LD_0.9_6_1432
ED3088	0.000010	0.000010	0.000010	0.000010	0.000010	0.999950	LD_0.9_6_1432
ED3102	0.039916	0.623817	0.160109	0.000010	0.038510	0.137637	LD_0.9_6_1432
EG4360	0.000010	0.000010	0.999949	0.000011	0.000010	0.000010	LD_0.9_6_1432
EG5612	0.000010	0.000010	0.000010	0.000010	0.000010	0.999950	LD_0.9_6_1432
EG5613	0.000010	0.000010	0.000010	0.057233	0.000010	0.942727	LD_0.9_6_1432
EG6179	0.000010	0.000010	0.000010	0.000010	0.000010	0.999950	LD_0.9_6_1432
EG6260	0.000010	0.000013	0.000017	0.022023	0.000010	0.977926	LD_0.9_6_1432
EG6261	0.000016	0.000010	0.000010	0.008378	0.000010	0.991575	LD_0.9_6_1432
EG6265	0.000010	0.000010	0.000010	0.015337	0.984623	0.000010	LD_0.9_6_1432
EG6267	0.000010	0.000010	0.000017	0.012789	0.000010	0.987164	LD_0.9_6_1432
EG6271	0.000010	0.000013	0.000010	0.048607	0.000010	0.951350	LD_0.9_6_1432
EG6272	0.000010	0.000010	0.000016	0.010837	0.000010	0.989118	LD_0.9_6_1432
EG6274	0.000010	0.000010	0.000015	0.000010	0.000010	0.999945	LD_0.9_6_1432
EG6275	0.000010	0.000010	0.000012	0.000010	0.000010	0.999948	LD_0.9_6_1432
EG6276	0.000015	0.000010	0.000013	0.000010	0.000010	0.999942	LD_0.9_6_1432
EG6329	0.000010	0.000015	0.000010	0.101449	0.000010	0.898506	LD_0.9_6_1432
GUN124	0.000010	0.000019	0.999941	0.000010	0.000010	0.000010	LD_0.9_6_1432
GXW22	0.000010	0.000010	0.000010	0.000010	0.000010	0.999950	LD_0.9_6_1432
GXW23	0.000010	0.000010	0.000010	0.000010	0.000010	0.999950	LD_0.9_6_1432
HK104	0.000010	0.000010	0.999950	0.000010	0.000010	0.000010	LD_0.9_6_1432
HPT11	0.050659	0.129003	0.079348	0.000012	0.740968	0.000010	LD_0.9_6_1432
HPT16	0.000010	0.000010	0.000010	0.000010	0.000010	0.999950	LD_0.9_6_1432
HPT18	0.051289	0.131974	0.079749	0.000010	0.736735	0.000242	LD_0.9_6_1432
HPT19	0.000010	0.000010	0.000010	0.000010	0.000010	0.999950	LD_0.9_6_1432
HPT2	0.000010	0.000010	0.000010	0.000010	0.000010	0.999950	LD_0.9_6_1432
HPT21	0.000010	0.000010	0.000010	0.000010	0.000010	0.999950	LD_0.9_6_1432
HPT24	0.050274	0.129661	0.078242	0.000010	0.741802	0.000010	LD_0.9_6_1432
HPT34	0.000010	0.000010	0.000010	0.000010	0.000010	0.999950	LD_0.9_6_1432
HPT37	0.000010	0.000010	0.000015	0.029954	0.000010	0.970001	LD_0.9_6_1432
HPT4	0.000010	0.000010	0.000010	0.000010	0.000010	0.999950	LD_0.9_6_1432
HPT42	0.000010	0.000010	0.000010	0.000010	0.000010	0.999950	LD_0.9_6_1432
HPT52	0.000010	0.000010	0.000010	0.497460	0.000010	0.502500	LD_0.9_6_1432
HPT53	0.000010	0.000010	0.000010	0.000010	0.000010	0.999950	LD_0.9_6_1432
HPT54	0.000010	0.000010	0.000010	0.000010	0.000010	0.999950	LD_0.9_6_1432
HPT55	0.000010	0.000010	0.000010	0.000019	0.000010	0.999941	LD_0.9_6_1432
HPT59	0.000010	0.000010	0.000010	0.000010	0.000010	0.999950	LD_0.9_6_1432
HPT60	0.000010	0.000010	0.000010	0.000010	0.000010	0.999950	LD_0.9_6_1432
HPT62	0.000010	0.000010	0.000010	0.999950	0.000010	0.000010	LD_0.9_6_1432
HPT63	0.000010	0.000010	0.000010	0.000010	0.000010	0.999950	LD_0.9_6_1432
HPT7	0.000010	0.000010	0.000010	0.000012	0.000010	0.999948	LD_0.9_6_1432
HPT8	0.000010	0.000010	0.000010	0.000010	0.000010	0.999950	LD_0.9_6_1432
HPT9	0.000010	0.101090	0.000010	0.000011	0.000010	0.898869	LD_0.9_6_1432
JU1085	0.000010	0.000010	0.999950	0.000010	0.000010	0.000010	LD_0.9_6_1432
JU1337	0.000011	0.000010	0.000010	0.031734	0.000010	0.968225	LD_0.9_6_1432
JU1338	0.000010	0.000010	0.000010	0.000010	0.001252	0.998708	LD_0.9_6_1432
JU1341	0.999950	0.000010	0.000010	0.000010	0.000010	0.000010	LD_0.9_6_1432
JU1346	0.000010	0.000010	0.000010	0.000010	0.000010	0.999950	LD_0.9_6_1432
JU1347	0.000010	0.000010	0.000010	0.000010	0.000010	0.999950	LD_0.9_6_1432
JU1348	0.999949	0.000010	0.000011	0.000010	0.000010	0.000010	LD_0.9_6_1432
JU1375	0.000012	0.000010	0.000010	0.000010	0.000010	0.999948	LD_0.9_6_1432
JU1377	0.000010	0.000010	0.000010	0.000010	0.000010	0.999950	LD_0.9_6_1432
JU1378	0.000010	0.000010	0.000010	0.000010	0.000010	0.999950	LD_0.9_6_1432
JU1392	0.000015	0.000010	0.000010	0.000010	0.000010	0.999945	LD_0.9_6_1432
JU1399	0.000010	0.000011	0.000010	0.396430	0.000010	0.603529	LD_0.9_6_1432
JU1424	0.000010	0.000010	0.003234	0.000010	0.003324	0.993412	LD_0.9_6_1432
JU1435	0.000010	0.000010	0.000010	0.000010	0.000010	0.999950	LD_0.9_6_1432
JU1564	0.000010	0.000010	0.999950	0.000010	0.000010	0.000010	LD_0.9_6_1432
JU1637	0.000010	0.000010	0.000010	0.000014	0.000010	0.999946	LD_0.9_6_1432
JU1638	0.000010	0.000010	0.000010	0.000010	0.000010	0.999950	LD_0.9_6_1432
JU1794	0.000010	0.000010	0.000010	0.007021	0.000010	0.992939	LD_0.9_6_1432
JU1795	0.000010	0.000010	0.000010	0.000010	0.000010	0.999950	LD_0.9_6_1432
JU1799	0.000010	0.000010	0.000010	0.000010	0.000010	0.999950	LD_0.9_6_1432
JU1802	0.000010	0.000010	0.000010	0.000010	0.000010	0.999950	LD_0.9_6_1432
JU1814	0.000010	0.000010	0.000010	0.051543	0.000010	0.948417	LD_0.9_6_1432
JU1884	0.000010	0.000010	0.000013	0.000010	0.000010	0.999947	LD_0.9_6_1432
JU1885	0.000010	0.000010	0.000010	0.060041	0.000010	0.939919	LD_0.9_6_1432
JU1907	0.000010	0.000010	0.000010	0.000014	0.000010	0.999946	LD_0.9_6_1432
JU1908	0.000014	0.000010	0.000010	0.000014	0.000010	0.999942	LD_0.9_6_1432
JU1909	0.000010	0.000010	0.000010	0.000010	0.000010	0.999950	LD_0.9_6_1432
JU1913	0.000010	0.000010	0.000010	0.519050	0.000010	0.480910	LD_0.9_6_1432
JU2053	0.000010	0.000010	0.000010	0.000010	0.000010	0.999950	LD_0.9_6_1432
JU2054	0.000010	0.000010	0.000010	0.000010	0.000010	0.999950	LD_0.9_6_1432
JU2056	0.000010	0.000010	0.000010	0.000010	0.000010	0.999950	LD_0.9_6_1432
JU2057	0.000010	0.000010	0.000010	0.987401	0.000010	0.012559	LD_0.9_6_1432
JU2160	0.000010	0.000010	0.000010	0.999950	0.000010	0.000010	LD_0.9_6_1432
JU2162	0.000010	0.000010	0.000010	0.999950	0.000010	0.000010	LD_0.9_6_1432
JU2214	0.000010	0.000010	0.002440	0.323445	0.000010	0.674085	LD_0.9_6_1432
JU2216	0.000010	0.000010	0.000010	0.000010	0.999950	0.000010	LD_0.9_6_1432
JU2457	0.000010	0.000010	0.497163	0.087312	0.000010	0.415495	LD_0.9_6_1432
JU2470	0.000010	0.000010	0.000010	0.990703	0.005903	0.003364	LD_0.9_6_1432
JU2472	0.000010	0.000010	0.000010	0.000014	0.000010	0.999946	LD_0.9_6_1432
JU2507	0.000010	0.000010	0.000010	0.996050	0.002760	0.001160	LD_0.9_6_1432
JU2518	0.000010	0.000010	0.000010	0.523318	0.000010	0.476642	LD_0.9_6_1432
JU2536	0.000010	0.000011	0.999946	0.000010	0.000013	0.000010	LD_0.9_6_1432
JU2618	0.000013	0.000010	0.000010	0.719966	0.000010	0.279991	LD_0.9_6_1432
JU2799	0.000010	0.000010	0.000010	0.000010	0.000010	0.999950	LD_0.9_6_1432
JU2836	0.000010	0.000010	0.000010	0.242894	0.000010	0.757066	LD_0.9_6_1432
JU2849	0.000010	0.000010	0.000010	0.000010	0.000010	0.999950	LD_0.9_6_1432
JU2861	0.000010	0.000010	0.000013	0.000010	0.000010	0.999947	LD_0.9_6_1432
JU2868	0.000010	0.000010	0.000010	0.000016	0.000010	0.999944	LD_0.9_6_1432
JU2872	0.000010	0.000010	0.999949	0.000011	0.000010	0.000010	LD_0.9_6_1432
JU2910	0.000010	0.000010	0.000010	0.084833	0.000010	0.915127	LD_0.9_6_1432
JU3168	0.043055	0.642597	0.151410	0.000010	0.027128	0.135800	LD_0.9_6_1432
JU3171	0.000010	0.000014	0.000010	0.000010	0.000010	0.999946	LD_0.9_6_1432
JU3199	0.999950	0.000010	0.000010	0.000010	0.000010	0.000010	LD_0.9_6_1432
JU3200	0.999950	0.000010	0.000010	0.000010	0.000010	0.000010	LD_0.9_6_1432
JU3201	0.999949	0.000010	0.000011	0.000010	0.000010	0.000010	LD_0.9_6_1432
JU3202	0.999950	0.000010	0.000010	0.000010	0.000010	0.000010	LD_0.9_6_1432
JU3203	0.999949	0.000010	0.000011	0.000010	0.000010	0.000010	LD_0.9_6_1432
JU3206	0.999949	0.000010	0.000011	0.000010	0.000010	0.000010	LD_0.9_6_1432
JU3207	0.000010	0.000010	0.000010	0.000010	0.000010	0.999950	LD_0.9_6_1432
JU3237	0.000010	0.000010	0.000010	0.988751	0.000010	0.011209	LD_0.9_6_1432
JU3281	0.000010	0.000010	0.000010	0.000010	0.000010	0.999950	LD_0.9_6_1432
JU3319	0.000010	0.000010	0.000010	0.000010	0.000010	0.999950	LD_0.9_6_1432
JU3321	0.000010	0.000010	0.000010	0.000010	0.000010	0.999950	LD_0.9_6_1432
JU3326	0.022844	0.543390	0.263256	0.000010	0.049452	0.121048	LD_0.9_6_1432
JU3327	0.000010	0.000010	0.000010	0.000014	0.000010	0.999946	LD_0.9_6_1432
JU3416	0.000010	0.000010	0.906781	0.000010	0.015367	0.077822	LD_0.9_6_1432
JU4042	0.000010	0.000010	0.000010	0.000010	0.000010	0.999950	LD_0.9_6_1432
JU4051	0.000010	0.000010	0.000010	0.000010	0.000010	0.999950	LD_0.9_6_1432
JU4058	0.000010	0.005703	0.006877	0.000011	0.000010	0.987389	LD_0.9_6_1432
JU4060	0.000010	0.000010	0.000010	0.005082	0.000010	0.994878	LD_0.9_6_1432
JU4062	0.000010	0.000010	0.000010	0.000010	0.000010	0.999950	LD_0.9_6_1432
JU4064	0.000010	0.000010	0.000010	0.000010	0.000010	0.999950	LD_0.9_6_1432
JU4080	0.000010	0.000010	0.000010	0.000010	0.000010	0.999950	LD_0.9_6_1432
JU4084	0.000010	0.000013	0.000010	0.000010	0.000010	0.999947	LD_0.9_6_1432
JU4097	0.000010	0.000010	0.000010	0.000010	0.000010	0.999950	LD_0.9_6_1432
JU725	0.000010	0.000010	0.000010	0.000010	0.000010	0.999950	LD_0.9_6_1432
MY2716	0.000010	0.000010	0.000010	0.000010	0.000010	0.999950	LD_0.9_6_1432
MY539	0.000010	0.000010	0.000014	0.000010	0.000010	0.999946	LD_0.9_6_1432
NIC1050	0.000011	0.000010	0.000010	0.647692	0.000010	0.352267	LD_0.9_6_1432
NIC1052	0.000010	0.000010	0.000010	0.735305	0.000010	0.264655	LD_0.9_6_1432
NIC1054	0.000010	0.000010	0.000010	0.549322	0.000010	0.450638	LD_0.9_6_1432
NIC1055	0.000010	0.000010	0.000010	0.653308	0.000010	0.346652	LD_0.9_6_1432
NIC1057	0.000010	0.000010	0.000010	0.730404	0.000010	0.269556	LD_0.9_6_1432
NIC1058	0.000010	0.000010	0.000010	0.688831	0.000010	0.311129	LD_0.9_6_1432
NIC1059	0.000010	0.000010	0.000010	0.657283	0.000010	0.342677	LD_0.9_6_1432
NIC1060	0.000010	0.000010	0.000010	0.574007	0.000010	0.425953	LD_0.9_6_1432
NIC1062	0.000010	0.000010	0.000010	0.323222	0.000010	0.676738	LD_0.9_6_1432
NIC1069	0.000010	0.000010	0.000010	0.074034	0.000010	0.925926	LD_0.9_6_1432
NIC1103	0.000010	0.000010	0.000010	0.669202	0.000010	0.330758	LD_0.9_6_1432
NIC1104	0.000010	0.000010	0.000010	0.099381	0.000010	0.900579	LD_0.9_6_1432
NIC1106	0.000017	0.000010	0.000011	0.392909	0.000010	0.607043	LD_0.9_6_1432
NIC1117	0.000010	0.000010	0.000010	0.000010	0.000010	0.999950	LD_0.9_6_1432
NIC1123	0.000012	0.000010	0.000018	0.000010	0.000010	0.999940	LD_0.9_6_1432
NIC1124	0.000010	0.000010	0.000010	0.532100	0.000010	0.467860	LD_0.9_6_1432
NIC1135	0.000015	0.000010	0.000010	0.517098	0.000010	0.482857	LD_0.9_6_1432
NIC1138	0.000010	0.000010	0.000010	0.543249	0.000010	0.456711	LD_0.9_6_1432
NIC1141	0.000010	0.000010	0.000010	0.515814	0.000010	0.484146	LD_0.9_6_1432
NIC115	0.000010	0.000010	0.000010	0.000010	0.000010	0.999950	LD_0.9_6_1432
NIC117	0.000010	0.000010	0.000010	0.000019	0.000010	0.999941	LD_0.9_6_1432
NIC1183	0.000010	0.000010	0.000010	0.529001	0.000010	0.470959	LD_0.9_6_1432
NIC119	0.000010	0.000010	0.000010	0.001778	0.000010	0.998182	LD_0.9_6_1432
NIC1190	0.000010	0.000010	0.000010	0.465250	0.000010	0.534710	LD_0.9_6_1432
NIC1202	0.000014	0.000015	0.000010	0.000011	0.000010	0.999940	LD_0.9_6_1432
NIC1204	0.000010	0.000010	0.000010	0.000010	0.000010	0.999950	LD_0.9_6_1432
NIC1205	0.000010	0.000010	0.000010	0.000010	0.999950	0.000010	LD_0.9_6_1432
NIC1218	0.000010	0.000010	0.000010	0.000010	0.000010	0.999950	LD_0.9_6_1432
NIC1220	0.000010	0.000010	0.000010	0.000010	0.999950	0.000010	LD_0.9_6_1432
NIC1221	0.000010	0.000010	0.000010	0.000010	0.000010	0.999950	LD_0.9_6_1432
NIC123	0.000010	0.000010	0.000010	0.000010	0.000010	0.999950	LD_0.9_6_1432
NIC1267	0.000010	0.000010	0.000010	0.181516	0.000010	0.818444	LD_0.9_6_1432
NIC1283	0.000010	0.000010	0.000010	0.457673	0.000010	0.542287	LD_0.9_6_1432
NIC1288	0.000010	0.000010	0.000010	0.564102	0.000010	0.435858	LD_0.9_6_1432
NIC1292	0.000010	0.000010	0.000010	0.532558	0.000010	0.467402	LD_0.9_6_1432
NIC1302	0.000010	0.000010	0.000010	0.389890	0.000010	0.610070	LD_0.9_6_1432
NIC1304	0.000010	0.000010	0.000014	0.555598	0.000010	0.444358	LD_0.9_6_1432
NIC1308	0.000010	0.000010	0.000010	0.000010	0.000010	0.999950	LD_0.9_6_1432
NIC1407	0.000010	0.000010	0.000010	0.578874	0.000010	0.421086	LD_0.9_6_1432
NIC1421	0.000010	0.000018	0.000010	0.330319	0.000010	0.669634	LD_0.9_6_1432
NIC1423	0.000010	0.000010	0.000010	0.654329	0.000010	0.345631	LD_0.9_6_1432
NIC1442	0.000010	0.000010	0.000010	0.478685	0.000010	0.521275	LD_0.9_6_1432
NIC1491	0.000010	0.000010	0.000010	0.478766	0.000010	0.521194	LD_0.9_6_1432
NIC1525	0.000010	0.000010	0.000010	0.000010	0.000010	0.999950	LD_0.9_6_1432
NIC1528	0.000010	0.000010	0.000010	0.000010	0.000010	0.999950	LD_0.9_6_1432
NIC1529	0.000010	0.000010	0.000010	0.000010	0.000010	0.999950	LD_0.9_6_1432
NIC1533	0.000010	0.000010	0.000010	0.000010	0.000010	0.999950	LD_0.9_6_1432
NIC1535	0.000010	0.000010	0.000010	0.000015	0.000010	0.999945	LD_0.9_6_1432
NIC1539	0.000010	0.000010	0.000010	0.000010	0.999950	0.000010	LD_0.9_6_1432
NIC1540	0.000010	0.999945	0.000015	0.000010	0.000010	0.000010	LD_0.9_6_1432
NIC1562	0.000010	0.000010	0.000010	0.000010	0.999950	0.000010	LD_0.9_6_1432
NIC1589	0.000010	0.999945	0.000010	0.000010	0.000015	0.000010	LD_0.9_6_1432
NIC1590	0.000010	0.000010	0.000010	0.000010	0.999950	0.000010	LD_0.9_6_1432
NIC1591	0.000010	0.999950	0.000010	0.000010	0.000010	0.000010	LD_0.9_6_1432
NIC1593	0.000010	0.999946	0.000010	0.000014	0.000010	0.000010	LD_0.9_6_1432
NIC1595	0.000010	0.000010	0.000010	0.000010	0.999950	0.000010	LD_0.9_6_1432
NIC1598	0.000010	0.000010	0.000010	0.000010	0.991874	0.008086	LD_0.9_6_1432
NIC1602	0.000010	0.000010	0.000010	0.000010	0.999950	0.000010	LD_0.9_6_1432
NIC1607	0.000010	0.645137	0.000010	0.000010	0.216162	0.138671	LD_0.9_6_1432
NIC1628	0.000010	0.000012	0.000010	0.000010	0.000010	0.999948	LD_0.9_6_1432
NIC1630	0.000010	0.000010	0.000010	0.000010	0.999950	0.000010	LD_0.9_6_1432
NIC1631	0.000010	0.000010	0.000010	0.000010	0.999950	0.000010	LD_0.9_6_1432
NIC1632	0.000010	0.000010	0.999950	0.000010	0.000010	0.000010	LD_0.9_6_1432
NIC1633	0.000010	0.000010	0.999950	0.000010	0.000010	0.000010	LD_0.9_6_1432
NIC1635	0.000010	0.000010	0.999950	0.000010	0.000010	0.000010	LD_0.9_6_1432
NIC1645	0.000010	0.000010	0.000010	0.000010	0.999950	0.000010	LD_0.9_6_1432
NIC1660	0.000010	0.000010	0.000010	0.000010	0.999950	0.000010	LD_0.9_6_1432
NIC1661	0.000010	0.000012	0.000010	0.000010	0.999948	0.000010	LD_0.9_6_1432
NIC1662	0.000010	0.000010	0.000010	0.000010	0.999950	0.000010	LD_0.9_6_1432
NIC1663	0.000010	0.000010	0.000010	0.000010	0.999950	0.000010	LD_0.9_6_1432
NIC1664	0.000010	0.999950	0.000010	0.000010	0.000010	0.000010	LD_0.9_6_1432
NIC1665	0.000011	0.999947	0.000012	0.000010	0.000010	0.000010	LD_0.9_6_1432
NIC1666	0.000010	0.000010	0.000010	0.000010	0.999950	0.000010	LD_0.9_6_1432
NIC1667	0.000010	0.000018	0.000010	0.000010	0.999942	0.000010	LD_0.9_6_1432
NIC1681	0.000010	0.000010	0.000010	0.000010	0.999950	0.000010	LD_0.9_6_1432
NIC1688	0.000010	0.000010	0.000010	0.000010	0.000010	0.999950	LD_0.9_6_1432
NIC1692	0.000010	0.000010	0.000010	0.000010	0.999950	0.000010	LD_0.9_6_1432
NIC1693	0.000010	0.000010	0.000010	0.000010	0.999950	0.000010	LD_0.9_6_1432
NIC17	0.000010	0.000010	0.000010	0.000010	0.000010	0.999950	LD_0.9_6_1432
NIC174	0.000010	0.000010	0.999950	0.000010	0.000010	0.000010	LD_0.9_6_1432
NIC187	0.000010	0.000010	0.000010	0.000017	0.000010	0.999943	LD_0.9_6_1432
NIC188	0.000010	0.000010	0.000010	0.000010	0.000010	0.999950	LD_0.9_6_1432
NIC19	0.000018	0.999942	0.000010	0.000010	0.000010	0.000010	LD_0.9_6_1432
NIC191	0.000010	0.000010	0.000010	0.000010	0.000010	0.999950	LD_0.9_6_1432
NIC20	0.000010	0.999947	0.000013	0.000010	0.000010	0.000010	LD_0.9_6_1432
NIC21	0.000010	0.999947	0.000010	0.000013	0.000010	0.000010	LD_0.9_6_1432
NIC22	0.000014	0.999946	0.000010	0.000010	0.000010	0.000010	LD_0.9_6_1432
NIC2369	0.000010	0.000010	0.000010	0.000010	0.000010	0.999950	LD_0.9_6_1432
NIC248	0.000010	0.000010	0.000010	0.000011	0.000010	0.999949	LD_0.9_6_1432
NIC250	0.000010	0.000010	0.000010	0.000010	0.000010	0.999950	LD_0.9_6_1432
NIC2527	0.000010	0.000010	0.000010	0.000010	0.000010	0.999950	LD_0.9_6_1432
NIC309	0.000010	0.000010	0.000010	0.370424	0.000010	0.629536	LD_0.9_6_1432
NIC325	0.000010	0.000010	0.000019	0.384886	0.000010	0.615066	LD_0.9_6_1432
NIC327	0.000010	0.000012	0.000010	0.632864	0.000010	0.367094	LD_0.9_6_1432
NIC329	0.000010	0.000010	0.000010	0.496745	0.000010	0.503215	LD_0.9_6_1432
NIC330	0.000010	0.000010	0.000017	0.478155	0.000010	0.521799	LD_0.9_6_1432
NIC331	0.000010	0.000010	0.000010	0.432734	0.000010	0.567226	LD_0.9_6_1432
NIC332	0.000010	0.000010	0.000010	0.545802	0.000010	0.454158	LD_0.9_6_1432
NIC333	0.000010	0.000010	0.000010	0.515094	0.000010	0.484866	LD_0.9_6_1432
NIC343	0.000010	0.000010	0.000010	0.000010	0.000010	0.999950	LD_0.9_6_1432
NIC392	0.000010	0.000010	0.000010	0.135973	0.000010	0.863987	LD_0.9_6_1432
NIC400	0.000010	0.000011	0.000010	0.541927	0.000010	0.458032	LD_0.9_6_1432
NIC402	0.000010	0.000010	0.000010	0.535438	0.000010	0.464522	LD_0.9_6_1432
NIC419	0.000010	0.000010	0.000010	0.000010	0.000010	0.999950	LD_0.9_6_1432
NIC504	0.000010	0.000010	0.000010	0.000010	0.999950	0.000010	LD_0.9_6_1432
NIC505	0.000010	0.000010	0.000010	0.000010	0.999950	0.000010	LD_0.9_6_1432
NIC518	0.000010	0.000010	0.000010	0.000010	0.999950	0.000010	LD_0.9_6_1432
NIC519	0.000010	0.000010	0.000010	0.000010	0.999950	0.000010	LD_0.9_6_1432
NIC532	0.000010	0.000010	0.000010	0.000010	0.000010	0.999950	LD_0.9_6_1432
NIC541	0.000010	0.000010	0.000010	0.647462	0.000010	0.352498	LD_0.9_6_1432
NIC549	0.000010	0.000010	0.000010	0.000010	0.000010	0.999950	LD_0.9_6_1432
NIC552	0.000010	0.000010	0.000010	0.041413	0.000010	0.958547	LD_0.9_6_1432
NIC555	0.000010	0.000011	0.000012	0.180556	0.000010	0.819400	LD_0.9_6_1432
NIC574	0.000010	0.000010	0.000010	0.008554	0.000010	0.991406	LD_0.9_6_1432
NIC578	0.000010	0.000010	0.000010	0.000010	0.000010	0.999950	LD_0.9_6_1432
NIC583	0.000018	0.000010	0.000010	0.117707	0.000010	0.882245	LD_0.9_6_1432
NIC590	0.000010	0.000010	0.000010	0.344866	0.000010	0.655094	LD_0.9_6_1432
NIC593	0.000010	0.000010	0.000010	0.000013	0.000010	0.999947	LD_0.9_6_1432
NIC60	0.000010	0.000010	0.000016	0.179440	0.000010	0.820514	LD_0.9_6_1432
NIC61	0.000010	0.000010	0.000010	0.014208	0.000010	0.985752	LD_0.9_6_1432
NIC62	0.000013	0.000010	0.000010	0.092611	0.000010	0.907346	LD_0.9_6_1432
NIC67	0.000010	0.000010	0.000010	0.000010	0.000010	0.999950	LD_0.9_6_1432
NIC758	0.000010	0.000010	0.000010	0.262043	0.000010	0.737917	LD_0.9_6_1432
NIC777	0.000010	0.000010	0.000010	0.310075	0.000010	0.689885	LD_0.9_6_1432
NIC779	0.000010	0.000010	0.000010	0.000010	0.999950	0.000010	LD_0.9_6_1432
NIC790	0.000010	0.000011	0.000010	0.000010	0.000010	0.999949	LD_0.9_6_1432
NIC791	0.000010	0.000010	0.000010	0.937964	0.000010	0.061996	LD_0.9_6_1432
NIC792	0.000010	0.000010	0.000010	0.335529	0.000010	0.664431	LD_0.9_6_1432
NIC793	0.000010	0.000010	0.000010	0.000010	0.000010	0.999950	LD_0.9_6_1432
NIC795	0.000010	0.000010	0.000010	0.000010	0.000010	0.999950	LD_0.9_6_1432
NIC796	0.000010	0.006323	0.000010	0.000010	0.000010	0.993637	LD_0.9_6_1432
NIC802	0.000010	0.000010	0.000010	0.000010	0.000010	0.999950	LD_0.9_6_1432
NIC803	0.000010	0.000010	0.000010	0.000016	0.000010	0.999944	LD_0.9_6_1432
NIC805	0.000010	0.000010	0.000010	0.000010	0.999950	0.000010	LD_0.9_6_1432
NIC811	0.000010	0.000010	0.000010	0.000010	0.000010	0.999950	LD_0.9_6_1432
NIC814	0.000010	0.000010	0.000010	0.000010	0.999950	0.000010	LD_0.9_6_1432
NIC815	0.000010	0.000010	0.000010	0.000010	0.999950	0.000010	LD_0.9_6_1432
NIC816	0.000013	0.999947	0.000010	0.000010	0.000010	0.000010	LD_0.9_6_1432
NIC819	0.000010	0.637455	0.003001	0.000010	0.199750	0.159774	LD_0.9_6_1432
NIC821	0.000010	0.000010	0.000010	0.000010	0.000010	0.999950	LD_0.9_6_1432
NIC822	0.000010	0.000010	0.000010	0.000010	0.999950	0.000010	LD_0.9_6_1432
NIC824	0.000010	0.000010	0.000010	0.000010	0.999950	0.000010	LD_0.9_6_1432
NIC825	0.000014	0.999937	0.000010	0.000020	0.000010	0.000010	LD_0.9_6_1432
NIC827	0.000013	0.999947	0.000010	0.000010	0.000010	0.000010	LD_0.9_6_1432
NIC828	0.000010	0.999941	0.000015	0.000014	0.000010	0.000010	LD_0.9_6_1432
NIC863	0.000010	0.000010	0.000010	0.000010	0.999950	0.000010	LD_0.9_6_1432
NIC864	0.000010	0.000010	0.000010	0.000010	0.999950	0.000010	LD_0.9_6_1432
NIC865	0.000010	0.000010	0.000010	0.000010	0.999950	0.000010	LD_0.9_6_1432
NIC871	0.000010	0.000010	0.000010	0.000010	0.000010	0.999950	LD_0.9_6_1432
NIC883	0.000010	0.000010	0.000010	0.000017	0.000010	0.999943	LD_0.9_6_1432
NIC889	0.000010	0.000010	0.000010	0.000010	0.999950	0.000010	LD_0.9_6_1432
NIC893	0.041632	0.149520	0.103641	0.000010	0.695572	0.009625	LD_0.9_6_1432
NIC897	0.000010	0.000010	0.000010	0.000010	0.999950	0.000010	LD_0.9_6_1432
NIC899	0.000010	0.000010	0.999950	0.000010	0.000010	0.000010	LD_0.9_6_1432
NIC901	0.000010	0.000010	0.000010	0.000010	0.000010	0.999950	LD_0.9_6_1432
NIC911	0.000010	0.000010	0.000010	0.000010	0.000010	0.999950	LD_0.9_6_1432
NIC96	0.000010	0.000010	0.000010	0.478529	0.000010	0.521431	LD_0.9_6_1432
NIC984	0.000010	0.000010	0.000010	0.000010	0.000010	0.999950	LD_0.9_6_1432
NIC985	0.000010	0.000010	0.000010	0.000010	0.000010	0.999950	LD_0.9_6_1432
PB800	0.000010	0.000010	0.999950	0.000010	0.000010	0.000010	LD_0.9_6_1432
PB857	0.000010	0.000010	0.999950	0.000010	0.000010	0.000010	LD_0.9_6_1432
PE887	0.000013	0.000010	0.000011	0.000010	0.000010	0.999946	LD_0.9_6_1432
QG1005	0.000010	0.000010	0.000010	0.999950	0.000010	0.000010	LD_0.9_6_1432
QG1007	0.000010	0.000010	0.000010	0.999950	0.000010	0.000010	LD_0.9_6_1432
QG1111	0.000010	0.000010	0.000010	0.999950	0.000010	0.000010	LD_0.9_6_1432
QG1126	0.000010	0.000010	0.000010	0.999950	0.000010	0.000010	LD_0.9_6_1432
QG1141	0.000010	0.000010	0.000010	0.999950	0.000010	0.000010	LD_0.9_6_1432
QG1155	0.000010	0.000010	0.000010	0.999950	0.000010	0.000010	LD_0.9_6_1432
QG130	0.000010	0.000010	0.000010	0.000010	0.000010	0.999950	LD_0.9_6_1432
QG132	0.000010	0.000010	0.000010	0.000010	0.000010	0.999950	LD_0.9_6_1432
QG133	0.000010	0.000010	0.000010	0.000010	0.978955	0.021005	LD_0.9_6_1432
QG2641	0.000010	0.000010	0.000010	0.999950	0.000010	0.000010	LD_0.9_6_1432
QG2648	0.000010	0.000010	0.000010	0.999950	0.000010	0.000010	LD_0.9_6_1432
QG2659	0.000010	0.000010	0.000010	0.999950	0.000010	0.000010	LD_0.9_6_1432
QG2663	0.000010	0.000010	0.000010	0.999950	0.000010	0.000010	LD_0.9_6_1432
QG2665	0.000010	0.000010	0.000010	0.999950	0.000010	0.000010	LD_0.9_6_1432
QG2683	0.000010	0.000010	0.000010	0.999950	0.000010	0.000010	LD_0.9_6_1432
QG2736	0.000010	0.000010	0.000010	0.999950	0.000010	0.000010	LD_0.9_6_1432
QG2814	0.000010	0.000010	0.000010	0.000010	0.000010	0.999950	LD_0.9_6_1432
QG2820	0.000010	0.000010	0.000010	0.000010	0.000010	0.999950	LD_0.9_6_1432
QG2848	0.000010	0.000010	0.000010	0.000010	0.000010	0.999950	LD_0.9_6_1432
QG2880	0.000010	0.000010	0.000010	0.999950	0.000010	0.000010	LD_0.9_6_1432
QG2881	0.000010	0.000010	0.000010	0.000010	0.000010	0.999950	LD_0.9_6_1432
QG2883	0.000010	0.000010	0.000010	0.000010	0.000010	0.999950	LD_0.9_6_1432
QG2884	0.000010	0.000010	0.000010	0.999950	0.000010	0.000010	LD_0.9_6_1432
QG2891	0.999950	0.000010	0.000010	0.000010	0.000010	0.000010	LD_0.9_6_1432
QG2892	0.000010	0.000010	0.000010	0.999950	0.000010	0.000010	LD_0.9_6_1432
QG2893	0.999950	0.000010	0.000010	0.000010	0.000010	0.000010	LD_0.9_6_1432
QG2895	0.000010	0.000010	0.000010	0.999950	0.000010	0.000010	LD_0.9_6_1432
QG2902	0.000010	0.000010	0.000010	0.999950	0.000010	0.000010	LD_0.9_6_1432
QG2903	0.000010	0.000010	0.000010	0.999950	0.000010	0.000010	LD_0.9_6_1432
QG2906	0.000010	0.000011	0.000010	0.999949	0.000010	0.000010	LD_0.9_6_1432
QG2908	0.999950	0.000010	0.000010	0.000010	0.000010	0.000010	LD_0.9_6_1432
QG2910	0.000010	0.000010	0.000010	0.000010	0.000010	0.999950	LD_0.9_6_1432
QG2919	0.999950	0.000010	0.000010	0.000010	0.000010	0.000010	LD_0.9_6_1432
QG2923	0.000010	0.000010	0.000010	0.999950	0.000010	0.000010	LD_0.9_6_1432
QG2925	0.000010	0.000010	0.000010	0.999950	0.000010	0.000010	LD_0.9_6_1432
QG2964	0.000010	0.000010	0.000010	0.999950	0.000010	0.000010	LD_0.9_6_1432
QG2966	0.000010	0.000010	0.000010	0.621438	0.000010	0.378522	LD_0.9_6_1432
QG2969	0.000010	0.000010	0.000010	0.999950	0.000010	0.000010	LD_0.9_6_1432
QG2972	0.000010	0.000018	0.000010	0.999942	0.000010	0.000010	LD_0.9_6_1432
QG2996	0.000010	0.000010	0.000010	0.999950	0.000010	0.000010	LD_0.9_6_1432
QG3004	0.000010	0.000010	0.000010	0.840686	0.000010	0.159274	LD_0.9_6_1432
QG3006	0.000010	0.000010	0.000010	0.999950	0.000010	0.000010	LD_0.9_6_1432
QG3019	0.000010	0.000010	0.000010	0.952649	0.000010	0.047311	LD_0.9_6_1432
QG3025	0.000010	0.000010	0.000011	0.999949	0.000010	0.000010	LD_0.9_6_1432
QG3030	0.000010	0.000010	0.000010	0.999950	0.000010	0.000010	LD_0.9_6_1432
QG3032	0.000010	0.000010	0.000010	0.821157	0.000010	0.178803	LD_0.9_6_1432
QG3034	0.000010	0.000010	0.000010	0.999950	0.000010	0.000010	LD_0.9_6_1432
QG3041	0.000010	0.000010	0.000010	0.999950	0.000010	0.000010	LD_0.9_6_1432
QG3053	0.000010	0.000010	0.000010	0.000010	0.000010	0.999950	LD_0.9_6_1432
QG3056	0.000010	0.000010	0.000010	0.617857	0.000010	0.382103	LD_0.9_6_1432
QG3057	0.000010	0.000010	0.000010	0.999950	0.000010	0.000010	LD_0.9_6_1432
QG3058	0.000010	0.000010	0.000013	0.977944	0.000010	0.022013	LD_0.9_6_1432
QG3527	0.000010	0.000010	0.000010	0.165166	0.000010	0.834794	LD_0.9_6_1432
QG3661	0.000010	0.000010	0.999950	0.000010	0.000010	0.000010	LD_0.9_6_1432
QG3783	0.000010	0.000011	0.000010	0.111976	0.000010	0.887983	LD_0.9_6_1432
QG3801	0.000010	0.000010	0.000010	0.976956	0.000010	0.023004	LD_0.9_6_1432
QG3815	0.000010	0.000010	0.000010	0.118979	0.000010	0.880981	LD_0.9_6_1432
QG3816	0.000010	0.000010	0.000010	0.095677	0.000010	0.904283	LD_0.9_6_1432
QG3823	0.000010	0.000010	0.000010	0.980090	0.000010	0.019870	LD_0.9_6_1432
QG3825	0.000010	0.000010	0.000010	0.034126	0.000010	0.965834	LD_0.9_6_1432
QG3826	0.000010	0.000010	0.000010	0.118017	0.000010	0.881943	LD_0.9_6_1432
QG3837	0.000010	0.000010	0.000010	0.016106	0.000010	0.983854	LD_0.9_6_1432
QG3851	0.000010	0.000010	0.000010	0.126968	0.000010	0.872992	LD_0.9_6_1432
QG3861	0.000010	0.000011	0.000010	0.104327	0.000010	0.895632	LD_0.9_6_1432
QG3867	0.000010	0.000010	0.000010	0.951959	0.000010	0.048001	LD_0.9_6_1432
QG3874	0.000010	0.000010	0.000010	0.037864	0.000010	0.962096	LD_0.9_6_1432
QG3875	0.000010	0.000010	0.000010	0.090692	0.000010	0.909268	LD_0.9_6_1432
QG3876	0.000010	0.000010	0.000010	0.122878	0.000010	0.877082	LD_0.9_6_1432
QG3878	0.000010	0.000010	0.000010	0.096087	0.000010	0.903873	LD_0.9_6_1432
QG3920	0.000010	0.000010	0.000010	0.164239	0.000010	0.835721	LD_0.9_6_1432
QG3921	0.000010	0.000010	0.000010	0.149974	0.000010	0.849986	LD_0.9_6_1432
QG3923	0.000010	0.000010	0.000010	0.061635	0.000010	0.938325	LD_0.9_6_1432
QG3924	0.000010	0.000010	0.000010	0.320936	0.000010	0.679024	LD_0.9_6_1432
QG3925	0.000010	0.000010	0.000010	0.149690	0.000010	0.850270	LD_0.9_6_1432
QG3926	0.000010	0.000010	0.000010	0.127093	0.000010	0.872867	LD_0.9_6_1432
QG3927	0.000011	0.000010	0.000012	0.134854	0.000010	0.865103	LD_0.9_6_1432
QG3931	0.000010	0.000010	0.000010	0.335710	0.000010	0.664250	LD_0.9_6_1432
QG3932	0.000010	0.000010	0.000010	0.144535	0.000010	0.855425	LD_0.9_6_1432
QG3933	0.000012	0.000010	0.000010	0.000012	0.000010	0.999946	LD_0.9_6_1432
QG4026	0.999950	0.000010	0.000010	0.000010	0.000010	0.000010	LD_0.9_6_1432
QG4028	0.999943	0.000010	0.000017	0.000010	0.000010	0.000010	LD_0.9_6_1432
QG4031	0.999950	0.000010	0.000010	0.000010	0.000010	0.000010	LD_0.9_6_1432
QG4063	0.999949	0.000011	0.000010	0.000010	0.000010	0.000010	LD_0.9_6_1432
QG4064	0.999944	0.000010	0.000016	0.000010	0.000010	0.000010	LD_0.9_6_1432
QG4067	0.999950	0.000010	0.000010	0.000010	0.000010	0.000010	LD_0.9_6_1432
QG4068	0.999950	0.000010	0.000010	0.000010	0.000010	0.000010	LD_0.9_6_1432
QG4070	0.000010	0.000010	0.000010	0.000010	0.000010	0.999950	LD_0.9_6_1432
QG4093	0.999950	0.000010	0.000010	0.000010	0.000010	0.000010	LD_0.9_6_1432
QG4094	0.999950	0.000010	0.000010	0.000010	0.000010	0.000010	LD_0.9_6_1432
QG4095	0.999950	0.000010	0.000010	0.000010	0.000010	0.000010	LD_0.9_6_1432
QG4096	0.999950	0.000010	0.000010	0.000010	0.000010	0.000010	LD_0.9_6_1432
QG4097	0.999950	0.000010	0.000010	0.000010	0.000010	0.000010	LD_0.9_6_1432
QG4104	0.999950	0.000010	0.000010	0.000010	0.000010	0.000010	LD_0.9_6_1432
QG4114	0.999950	0.000010	0.000010	0.000010	0.000010	0.000010	LD_0.9_6_1432
QG4131	0.999950	0.000010	0.000010	0.000010	0.000010	0.000010	LD_0.9_6_1432
QG4132	0.999950	0.000010	0.000010	0.000010	0.000010	0.000010	LD_0.9_6_1432
QG4208	0.999950	0.000010	0.000010	0.000010	0.000010	0.000010	LD_0.9_6_1432
QG4214	0.999950	0.000010	0.000010	0.000010	0.000010	0.000010	LD_0.9_6_1432
QG4225	0.999949	0.000010	0.000011	0.000010	0.000010	0.000010	LD_0.9_6_1432
QG4232	0.999950	0.000010	0.000010	0.000010	0.000010	0.000010	LD_0.9_6_1432
QG4233	0.999943	0.000010	0.000017	0.000010	0.000010	0.000010	LD_0.9_6_1432
QG4647	0.000010	0.000010	0.000010	0.963944	0.000010	0.036016	LD_0.9_6_1432
QG4648	0.000010	0.000010	0.000010	0.000010	0.000010	0.999950	LD_0.9_6_1432
QG4683	0.000010	0.000010	0.000010	0.000010	0.000010	0.999950	LD_0.9_6_1432
QG4701	0.000010	0.000010	0.000010	0.590638	0.000010	0.409322	LD_0.9_6_1432
QG4706	0.000010	0.000010	0.000010	0.000010	0.000010	0.999950	LD_0.9_6_1432
QG4718	0.000010	0.000010	0.000010	0.000010	0.000010	0.999950	LD_0.9_6_1432
QG4742	0.000010	0.000010	0.000010	0.000010	0.000010	0.999950	LD_0.9_6_1432
QG4805	0.000010	0.000010	0.000010	0.959125	0.000010	0.040835	LD_0.9_6_1432
QG4847	0.000010	0.000010	0.000010	0.000010	0.000010	0.999950	LD_0.9_6_1432
QG4966	0.000010	0.000010	0.000010	0.000010	0.000010	0.999950	LD_0.9_6_1432
QG5348	0.000010	0.000010	0.000010	0.000010	0.000010	0.999950	LD_0.9_6_1432
QG5406	0.000010	0.000010	0.000010	0.000010	0.000010	0.999950	LD_0.9_6_1432
QG547	0.000010	0.000016	0.999944	0.000010	0.000010	0.000010	LD_0.9_6_1432
QG5474	0.000012	0.000010	0.000010	0.645735	0.000010	0.354223	LD_0.9_6_1432
QG5488	0.000010	0.000010	0.000010	0.000010	0.000010	0.999950	LD_0.9_6_1432
QG550	0.000010	0.000010	0.000010	0.074265	0.000010	0.925695	LD_0.9_6_1432
QG5507	0.000010	0.000010	0.000010	0.199260	0.000010	0.800700	LD_0.9_6_1432
QG5525	0.000010	0.000010	0.000010	0.000010	0.000010	0.999950	LD_0.9_6_1432
QG5589	0.000010	0.000010	0.000010	0.836362	0.000010	0.163598	LD_0.9_6_1432
QG5603	0.000010	0.000010	0.000010	0.674676	0.000010	0.325284	LD_0.9_6_1432
QG5611	0.000010	0.000010	0.000010	0.000010	0.000010	0.999950	LD_0.9_6_1432
QG5612	0.000010	0.000010	0.000010	0.007326	0.000010	0.992634	LD_0.9_6_1432
QG5633	0.000010	0.000010	0.000010	0.000016	0.000010	0.999944	LD_0.9_6_1432
QG581	0.000010	0.000010	0.999950	0.000010	0.000010	0.000010	LD_0.9_6_1432
QG588	0.000010	0.000010	0.999950	0.000010	0.000010	0.000010	LD_0.9_6_1432
QG700	0.000010	0.000010	0.000010	0.873155	0.000010	0.126805	LD_0.9_6_1432
QG727	0.000010	0.000010	0.000010	0.999950	0.000010	0.000010	LD_0.9_6_1432
QG733	0.000010	0.000010	0.000010	0.999950	0.000010	0.000010	LD_0.9_6_1432
QG736	0.000010	0.000010	0.000010	0.999950	0.000010	0.000010	LD_0.9_6_1432
QG737	0.000010	0.000010	0.000010	0.999950	0.000010	0.000010	LD_0.9_6_1432
QG739	0.000010	0.000010	0.000010	0.999950	0.000010	0.000010	LD_0.9_6_1432
QG761	0.000010	0.000010	0.000010	0.795945	0.000010	0.204015	LD_0.9_6_1432
QG763	0.000010	0.000010	0.000010	0.983971	0.000010	0.015989	LD_0.9_6_1432
QG776	0.000010	0.000010	0.000010	0.999950	0.000010	0.000010	LD_0.9_6_1432
QG781	0.000010	0.000010	0.000010	0.999950	0.000010	0.000010	LD_0.9_6_1432
QG784	0.000010	0.000010	0.000010	0.999950	0.000010	0.000010	LD_0.9_6_1432
QG786	0.000010	0.000010	0.000017	0.999943	0.000010	0.000010	LD_0.9_6_1432
QG788	0.000010	0.000010	0.000010	0.999950	0.000010	0.000010	LD_0.9_6_1432
QG790	0.000010	0.000010	0.000010	0.999950	0.000010	0.000010	LD_0.9_6_1432
QG791	0.000010	0.000010	0.000010	0.980520	0.000010	0.019440	LD_0.9_6_1432
QG795	0.000010	0.000010	0.000010	0.748366	0.000010	0.251594	LD_0.9_6_1432
QG797	0.000010	0.000010	0.000010	0.999950	0.000010	0.000010	LD_0.9_6_1432
QG802	0.000010	0.000010	0.000010	0.999950	0.000010	0.000010	LD_0.9_6_1432
QG804	0.000010	0.000010	0.000010	0.999950	0.000010	0.000010	LD_0.9_6_1432
QG806	0.000010	0.000010	0.000010	0.999950	0.000010	0.000010	LD_0.9_6_1432
QG807	0.000010	0.000010	0.000010	0.999950	0.000010	0.000010	LD_0.9_6_1432
QG808	0.000010	0.000010	0.000010	0.996745	0.000010	0.003215	LD_0.9_6_1432
QG809	0.000010	0.000010	0.000010	0.999950	0.000010	0.000010	LD_0.9_6_1432
QG825	0.000010	0.000010	0.000010	0.999950	0.000010	0.000010	LD_0.9_6_1432
QG827	0.000010	0.000010	0.000010	0.999950	0.000010	0.000010	LD_0.9_6_1432
QG828	0.000010	0.000010	0.000010	0.999950	0.000010	0.000010	LD_0.9_6_1432
QG833	0.000010	0.000010	0.000010	0.986319	0.000010	0.013641	LD_0.9_6_1432
QG855	0.000010	0.000010	0.000010	0.999950	0.000010	0.000010	LD_0.9_6_1432
QG856	0.000010	0.000010	0.000010	0.999950	0.000010	0.000010	LD_0.9_6_1432
QG858	0.000010	0.000010	0.000010	0.999950	0.000010	0.000010	LD_0.9_6_1432
QG860	0.000010	0.000010	0.000010	0.826304	0.000010	0.173656	LD_0.9_6_1432
QG864	0.000010	0.000010	0.000010	0.999950	0.000010	0.000010	LD_0.9_6_1432
QG865	0.000010	0.000010	0.000010	0.999950	0.000010	0.000010	LD_0.9_6_1432
QG866	0.000010	0.000014	0.000010	0.999946	0.000010	0.000010	LD_0.9_6_1432
QG868	0.000010	0.000010	0.000010	0.999176	0.000010	0.000784	LD_0.9_6_1432
QG874	0.000010	0.000010	0.000010	0.999950	0.000010	0.000010	LD_0.9_6_1432
QG875	0.000010	0.000010	0.000010	0.999950	0.000010	0.000010	LD_0.9_6_1432
QG878	0.000010	0.000010	0.000010	0.999950	0.000010	0.000010	LD_0.9_6_1432
QG879	0.000010	0.000010	0.000010	0.999950	0.000010	0.000010	LD_0.9_6_1432
QG880	0.000010	0.000010	0.000010	0.999950	0.000010	0.000010	LD_0.9_6_1432
QG881	0.000010	0.000010	0.000010	0.790337	0.000010	0.209623	LD_0.9_6_1432
QG887	0.000010	0.000010	0.000010	0.999950	0.000010	0.000010	LD_0.9_6_1432
QG888	0.000010	0.000010	0.000010	0.999950	0.000010	0.000010	LD_0.9_6_1432
QG926	0.000010	0.000010	0.000010	0.999950	0.000010	0.000010	LD_0.9_6_1432
QG927	0.000010	0.000010	0.000010	0.055294	0.000010	0.944666	LD_0.9_6_1432
QG933	0.000010	0.000010	0.000017	0.999943	0.000010	0.000010	LD_0.9_6_1432
QG937	0.000010	0.000013	0.000010	0.999947	0.000010	0.000010	LD_0.9_6_1432
QG945	0.000010	0.000010	0.000010	0.999950	0.000010	0.000010	LD_0.9_6_1432
QG946	0.000010	0.000010	0.000010	0.999950	0.000010	0.000010	LD_0.9_6_1432
QG947	0.000010	0.000010	0.000010	0.999950	0.000010	0.000010	LD_0.9_6_1432
QG948	0.000010	0.000010	0.000010	0.999950	0.000010	0.000010	LD_0.9_6_1432
QG952	0.000010	0.000010	0.000010	0.921251	0.000010	0.078709	LD_0.9_6_1432
QG978	0.000010	0.000010	0.000010	0.899668	0.000010	0.100292	LD_0.9_6_1432
QG980	0.000010	0.000010	0.000010	0.999950	0.000010	0.000010	LD_0.9_6_1432
QG986	0.000010	0.000010	0.000014	0.981901	0.000010	0.018054	LD_0.9_6_1432
QG991	0.000010	0.000010	0.000010	0.999950	0.000010	0.000010	LD_0.9_6_1432
QG994	0.000010	0.000010	0.000010	0.999950	0.000010	0.000010	LD_0.9_6_1432
QG995	0.000010	0.000010	0.000010	0.999950	0.000010	0.000010	LD_0.9_6_1432
QG997	0.000010	0.000010	0.000010	0.999950	0.000010	0.000010	LD_0.9_6_1432
QG998	0.000010	0.000010	0.000010	0.999950	0.000010	0.000010	LD_0.9_6_1432
QR25	0.039059	0.139488	0.615610	0.000010	0.069878	0.135955	LD_0.9_6_1432
QX1410	0.000010	0.000010	0.000010	0.000010	0.000010	0.999950	LD_0.9_6_1432
QX1547	0.000010	0.000010	0.999950	0.000010	0.000010	0.000010	LD_0.9_6_1432
QX1795	0.000010	0.000010	0.000010	0.000017	0.000010	0.999943	LD_0.9_6_1432
QX1796	0.000010	0.000010	0.000010	0.000010	0.000010	0.999950	LD_0.9_6_1432
QX1798	0.000010	0.000010	0.000010	0.000010	0.999950	0.000010	LD_0.9_6_1432
QX1800	0.000010	0.000010	0.000010	0.000010	0.000010	0.999950	LD_0.9_6_1432
QX1801	0.000010	0.000016	0.000014	0.000012	0.000010	0.999938	LD_0.9_6_1432
QX1802	0.000010	0.000010	0.000010	0.000010	0.000010	0.999950	LD_0.9_6_1432
QX1803	0.000010	0.000013	0.000010	0.000010	0.000010	0.999947	LD_0.9_6_1432
QX1804	0.000011	0.000015	0.000010	0.000010	0.000010	0.999944	LD_0.9_6_1432
SOW18	0.000010	0.000010	0.999950	0.000010	0.000010	0.000010	LD_0.9_6_1432
SOW21	0.000010	0.000010	0.999950	0.000010	0.000010	0.000010	LD_0.9_6_1432
SOW22	0.000010	0.000010	0.999948	0.000012	0.000010	0.000010	LD_0.9_6_1432
TT3408	0.000010	0.000016	0.000010	0.000010	0.000010	0.999944	LD_0.9_6_1432
TT3411	0.000010	0.000010	0.000010	0.000010	0.000010	0.999950	LD_0.9_6_1432
TWN1772	0.000010	0.000010	0.000010	0.000010	0.999950	0.000010	LD_0.9_6_1432
TWN1824	0.000010	0.999949	0.000011	0.000010	0.000010	0.000010	LD_0.9_6_1432
TWN1899	0.000010	0.999948	0.000010	0.000012	0.000010	0.000010	LD_0.9_6_1432
TWN1907	0.000010	0.000010	0.000010	0.000010	0.999950	0.000010	LD_0.9_6_1432
TWN2919	0.000010	0.000010	0.000010	0.000010	0.999950	0.000010	LD_0.9_6_1432
TWN3077	0.000010	0.000010	0.000010	0.000010	0.999950	0.000010	LD_0.9_6_1432
UH1	0.000010	0.000010	0.000010	0.000010	0.999950	0.000010	LD_0.9_6_1432
VSL2201	0.000010	0.000010	0.000010	0.000010	0.000010	0.999950	LD_0.9_6_1432
VSL2207	0.999950	0.000010	0.000010	0.000010	0.000010	0.000010	LD_0.9_6_1432
VSL2209	0.999950	0.000010	0.000010	0.000010	0.000010	0.000010	LD_0.9_6_1432
VSL2210	0.000010	0.000010	0.000010	0.000010	0.000010	0.999950	LD_0.9_6_1432
VSL2212	0.000010	0.000010	0.000010	0.000010	0.000010	0.999950	LD_0.9_6_1432
VSL2213	0.000010	0.000010	0.000010	0.000010	0.000010	0.999950	LD_0.9_6_1432
VSL2215	0.000010	0.000010	0.000010	0.024764	0.000010	0.975196	LD_0.9_6_1432
VSL2216	0.000010	0.000010	0.000010	0.000010	0.000010	0.999950	LD_0.9_6_1432
VSL2217	0.000010	0.000010	0.000010	0.967752	0.000010	0.032208	LD_0.9_6_1432
VSL2219	0.000010	0.000010	0.000010	0.000010	0.000010	0.999950	LD_0.9_6_1432
VT847	0.000010	0.000010	0.000010	0.000010	0.000010	0.999950	LD_0.9_6_1432
VX34	0.023419	0.538863	0.272404	0.000010	0.055473	0.109831	LD_0.9_6_1432
XZ1204	0.000010	0.000010	0.000010	0.000010	0.000010	0.999950	LD_0.9_6_1432
XZ1205	0.000010	0.000010	0.000010	0.000010	0.000010	0.999950	LD_0.9_6_1432
XZ1206	0.000010	0.000010	0.000010	0.000010	0.000010	0.999950	LD_0.9_6_1432
XZ1207	0.000010	0.000010	0.000010	0.000010	0.000010	0.999950	LD_0.9_6_1432
XZ1210	0.000010	0.000010	0.000010	0.000010	0.000010	0.999950	LD_0.9_6_1432
XZ1212	0.000010	0.000010	0.000010	0.000012	0.000010	0.999948	LD_0.9_6_1432
XZ1213	0.000010	0.000010	0.000010	0.000010	0.000010	0.999950	LD_0.9_6_1432
XZ1731	0.000010	0.000010	0.000010	0.000010	0.000010	0.999950	LD_0.9_6_1432
XZ1732	0.000010	0.000010	0.000010	0.000010	0.000010	0.999950	LD_0.9_6_1432
ZZY0992	0.000010	0.000010	0.000010	0.999950	0.000010	0.000010	LD_0.9_6_1432
ZZY1034	0.000010	0.000010	0.000010	0.000010	0.000010	0.999950	LD_0.9_6_1432
ZZY1075	0.000010	0.000010	0.000010	0.000014	0.000010	0.999946	LD_0.9_6_1432
ZZY1123	0.000010	0.000010	0.000010	0.997999	0.000010	0.001961	LD_0.9_6_1432
ZZY1130	0.000010	0.000010	0.000010	0.000010	0.000010	0.999950	LD_0.9_6_1432
ZZY405	0.000010	0.000010	0.000010	0.000010	0.000010	0.999950	LD_0.9_6_1432
AF16	0.999950	0.000010	0.000010	0.000010	0.000010	0.000010	LD_0.9_6_1468
BRC20069	0.999943	0.000010	0.000010	0.000016	0.000010	0.000010	LD_0.9_6_1468
BRC20073	0.999950	0.000010	0.000010	0.000010	0.000010	0.000010	LD_0.9_6_1468
BRC20075	0.000010	0.000010	0.999950	0.000010	0.000010	0.000010	LD_0.9_6_1468
BRC20077	0.999950	0.000010	0.000010	0.000010	0.000010	0.000010	LD_0.9_6_1468
BRC20081	0.000010	0.999950	0.000010	0.000010	0.000010	0.000010	LD_0.9_6_1468
BRC20085	0.820781	0.000013	0.000010	0.179176	0.000010	0.000010	LD_0.9_6_1468
BRC20088	0.000010	0.999950	0.000010	0.000010	0.000010	0.000010	LD_0.9_6_1468
BRC20089	0.999950	0.000010	0.000010	0.000010	0.000010	0.000010	LD_0.9_6_1468
BRC20090	0.949859	0.000010	0.000012	0.050091	0.000019	0.000010	LD_0.9_6_1468
BRC20092	0.914130	0.000010	0.000010	0.085830	0.000010	0.000010	LD_0.9_6_1468
BRC20093	0.999950	0.000010	0.000010	0.000010	0.000010	0.000010	LD_0.9_6_1468
BRC20094	0.913534	0.000011	0.000010	0.086425	0.000010	0.000010	LD_0.9_6_1468
BRC20095	0.999950	0.000010	0.000010	0.000010	0.000010	0.000010	LD_0.9_6_1468
BRC20096	0.999950	0.000010	0.000010	0.000010	0.000010	0.000010	LD_0.9_6_1468
BRC20098	0.999950	0.000010	0.000010	0.000010	0.000010	0.000010	LD_0.9_6_1468
BRC20099	0.999950	0.000010	0.000010	0.000010	0.000010	0.000010	LD_0.9_6_1468
BRC20100	0.999947	0.000013	0.000010	0.000010	0.000010	0.000010	LD_0.9_6_1468
BRC20102	0.999950	0.000010	0.000010	0.000010	0.000010	0.000010	LD_0.9_6_1468
BRC20103	0.999950	0.000010	0.000010	0.000010	0.000010	0.000010	LD_0.9_6_1468
BRC20105	0.831312	0.000010	0.000010	0.168648	0.000010	0.000010	LD_0.9_6_1468
BRC20107	0.843225	0.000010	0.000010	0.156735	0.000010	0.000010	LD_0.9_6_1468
BRC20115	0.000010	0.000010	0.000010	0.000010	0.999950	0.000010	LD_0.9_6_1468
BRC20119	0.246643	0.000010	0.000010	0.753317	0.000010	0.000010	LD_0.9_6_1468
BRC20228	0.999950	0.000010	0.000010	0.000010	0.000010	0.000010	LD_0.9_6_1468
BRC20229	0.000010	0.000010	0.999950	0.000010	0.000010	0.000010	LD_0.9_6_1468
BRC20230	0.000010	0.999950	0.000010	0.000010	0.000010	0.000010	LD_0.9_6_1468
BRC20232	0.000010	0.000015	0.999945	0.000010	0.000010	0.000010	LD_0.9_6_1468
BRC20238	0.000010	0.999950	0.000010	0.000010	0.000010	0.000010	LD_0.9_6_1468
BRC20239	0.000010	0.000010	0.999950	0.000010	0.000010	0.000010	LD_0.9_6_1468
BRC20241	0.916549	0.000010	0.000010	0.083411	0.000010	0.000010	LD_0.9_6_1468
BRC20242	0.999950	0.000010	0.000010	0.000010	0.000010	0.000010	LD_0.9_6_1468
BRC20244	0.000017	0.999939	0.000014	0.000010	0.000010	0.000010	LD_0.9_6_1468
BRC20246	0.000010	0.999950	0.000010	0.000010	0.000010	0.000010	LD_0.9_6_1468
BRC20257	0.018729	0.000010	0.000010	0.981231	0.000010	0.000010	LD_0.9_6_1468
BRC20260	0.999950	0.000010	0.000010	0.000010	0.000010	0.000010	LD_0.9_6_1468
BRC20270	0.000010	0.999950	0.000010	0.000010	0.000010	0.000010	LD_0.9_6_1468
BRC20272	0.000010	0.999946	0.000010	0.000010	0.000014	0.000010	LD_0.9_6_1468
BRC20289	0.000010	0.999950	0.000010	0.000010	0.000010	0.000010	LD_0.9_6_1468
BRC20290	0.000010	0.999946	0.000010	0.000011	0.000013	0.000010	LD_0.9_6_1468
BRC20294	0.999950	0.000010	0.000010	0.000010	0.000010	0.000010	LD_0.9_6_1468
BRC20308	0.000010	0.999950	0.000010	0.000010	0.000010	0.000010	LD_0.9_6_1468
BRC20309	0.000010	0.999950	0.000010	0.000010	0.000010	0.000010	LD_0.9_6_1468
BRC20311	0.000010	0.999950	0.000010	0.000010	0.000010	0.000010	LD_0.9_6_1468
BRC20312	0.000010	0.999946	0.000010	0.000010	0.000014	0.000010	LD_0.9_6_1468
BRC20315	0.000010	0.999950	0.000010	0.000010	0.000010	0.000010	LD_0.9_6_1468
BRC20320	0.000010	0.999950	0.000010	0.000010	0.000010	0.000010	LD_0.9_6_1468
BRC20324	0.370070	0.000010	0.629890	0.000010	0.000010	0.000010	LD_0.9_6_1468
BRC20331	0.000010	0.999939	0.000013	0.000018	0.000010	0.000010	LD_0.9_6_1468
BRC20333	0.000010	0.999950	0.000010	0.000010	0.000010	0.000010	LD_0.9_6_1468
BRC20334	0.000010	0.999944	0.000010	0.000010	0.000016	0.000010	LD_0.9_6_1468
BRC20339	0.000010	0.999950	0.000010	0.000010	0.000010	0.000010	LD_0.9_6_1468
BRC20341	0.000010	0.999949	0.000010	0.000010	0.000011	0.000010	LD_0.9_6_1468
BRC20343	0.000010	0.000010	0.999950	0.000010	0.000010	0.000010	LD_0.9_6_1468
BRC20346	0.000010	0.999950	0.000010	0.000010	0.000010	0.000010	LD_0.9_6_1468
BRC20347	0.000010	0.000010	0.999950	0.000010	0.000010	0.000010	LD_0.9_6_1468
BRC20348	0.000010	0.999950	0.000010	0.000010	0.000010	0.000010	LD_0.9_6_1468
BRC20353	0.750488	0.000010	0.000010	0.000010	0.249472	0.000010	LD_0.9_6_1468
BRC20360	0.752553	0.000010	0.000010	0.000010	0.247407	0.000010	LD_0.9_6_1468
BRC20361	0.749759	0.000010	0.000010	0.000010	0.250201	0.000010	LD_0.9_6_1468
BRC20362	0.754483	0.000010	0.000010	0.015237	0.230250	0.000010	LD_0.9_6_1468
BRC20366	0.000010	0.999947	0.000010	0.000013	0.000010	0.000010	LD_0.9_6_1468
BRC20367	0.000010	0.999950	0.000010	0.000010	0.000010	0.000010	LD_0.9_6_1468
BRC20369	0.999949	0.000011	0.000010	0.000010	0.000010	0.000010	LD_0.9_6_1468
BRC20370	0.000010	0.999950	0.000010	0.000010	0.000010	0.000010	LD_0.9_6_1468
BRC20388	0.000010	0.000010	0.999950	0.000010	0.000010	0.000010	LD_0.9_6_1468
BRC20390	0.000010	0.999949	0.000011	0.000010	0.000010	0.000010	LD_0.9_6_1468
BRC20401	0.999950	0.000010	0.000010	0.000010	0.000010	0.000010	LD_0.9_6_1468
BRC20463	0.000010	0.999943	0.000011	0.000016	0.000010	0.000010	LD_0.9_6_1468
BRC20492	0.000010	0.000010	0.000010	0.000010	0.999950	0.000010	LD_0.9_6_1468
BRC20499	0.000010	0.999946	0.000010	0.000014	0.000010	0.000010	LD_0.9_6_1468
BRC20501	0.000010	0.999950	0.000010	0.000010	0.000010	0.000010	LD_0.9_6_1468
BRC20502	0.000010	0.000010	0.000010	0.000010	0.999950	0.000010	LD_0.9_6_1468
BRC20503	0.000010	0.000017	0.000010	0.000010	0.999943	0.000010	LD_0.9_6_1468
BRC20519	0.000010	0.000010	0.000010	0.000010	0.999950	0.000010	LD_0.9_6_1468
BRC20520	0.000010	0.000010	0.000010	0.000010	0.999950	0.000010	LD_0.9_6_1468
BRC20522	0.000010	0.000010	0.999950	0.000010	0.000010	0.000010	LD_0.9_6_1468
BRC20524	0.000013	0.000010	0.999947	0.000010	0.000010	0.000010	LD_0.9_6_1468
BRC20529	0.000010	0.999950	0.000010	0.000010	0.000010	0.000010	LD_0.9_6_1468
BRC20530	0.000010	0.000010	0.999950	0.000010	0.000010	0.000010	LD_0.9_6_1468
BRC20531	0.000010	0.000015	0.999945	0.000010	0.000010	0.000010	LD_0.9_6_1468
BRC20532	0.000010	0.999943	0.000017	0.000010	0.000010	0.000010	LD_0.9_6_1468
BRC20533	0.000010	0.999950	0.000010	0.000010	0.000010	0.000010	LD_0.9_6_1468
BRC20534	0.000015	0.999945	0.000010	0.000010	0.000010	0.000010	LD_0.9_6_1468
BRC20535	0.000010	0.999950	0.000010	0.000010	0.000010	0.000010	LD_0.9_6_1468
BRC20536	0.000019	0.999941	0.000010	0.000010	0.000010	0.000010	LD_0.9_6_1468
BRC20537	0.000010	0.999950	0.000010	0.000010	0.000010	0.000010	LD_0.9_6_1468
BRC20541	0.000010	0.000010	0.000016	0.000012	0.999941	0.000010	LD_0.9_6_1468
BRC20543	0.000010	0.999950	0.000010	0.000010	0.000010	0.000010	LD_0.9_6_1468
BRC20544	0.000010	0.999950	0.000010	0.000010	0.000010	0.000010	LD_0.9_6_1468
BRC20545	0.000010	0.999950	0.000010	0.000010	0.000010	0.000010	LD_0.9_6_1468
BRC20556	0.999950	0.000010	0.000010	0.000010	0.000010	0.000010	LD_0.9_6_1468
BRC20557	0.000010	0.999948	0.000012	0.000010	0.000010	0.000010	LD_0.9_6_1468
BRC20565	0.999950	0.000010	0.000010	0.000010	0.000010	0.000010	LD_0.9_6_1468
BRC20571	0.985544	0.000010	0.000010	0.014416	0.000010	0.000010	LD_0.9_6_1468
BRC20574	0.999950	0.000010	0.000010	0.000010	0.000010	0.000010	LD_0.9_6_1468
BW287	0.000010	0.000010	0.999950	0.000010	0.000010	0.000010	LD_0.9_6_1468
DF5100	0.999950	0.000010	0.000010	0.000010	0.000010	0.000010	LD_0.9_6_1468
ECA1129	0.999950	0.000010	0.000010	0.000010	0.000010	0.000010	LD_0.9_6_1468
ECA1143	0.919300	0.000010	0.000010	0.080660	0.000010	0.000010	LD_0.9_6_1468
ECA1147	0.999950	0.000010	0.000010	0.000010	0.000010	0.000010	LD_0.9_6_1468
ECA1149	0.955223	0.044737	0.000010	0.000010	0.000010	0.000010	LD_0.9_6_1468
ECA1160	0.999942	0.000018	0.000010	0.000010	0.000010	0.000010	LD_0.9_6_1468
ECA1164	0.999950	0.000010	0.000010	0.000010	0.000010	0.000010	LD_0.9_6_1468
ECA1170	0.000010	0.999950	0.000010	0.000010	0.000010	0.000010	LD_0.9_6_1468
ECA1174	0.999950	0.000010	0.000010	0.000010	0.000010	0.000010	LD_0.9_6_1468
ECA1383	0.000010	0.999944	0.000010	0.000016	0.000010	0.000010	LD_0.9_6_1468
ECA1411	0.999950	0.000010	0.000010	0.000010	0.000010	0.000010	LD_0.9_6_1468
ECA1423	0.999950	0.000010	0.000010	0.000010	0.000010	0.000010	LD_0.9_6_1468
ECA1429	0.999950	0.000010	0.000010	0.000010	0.000010	0.000010	LD_0.9_6_1468
ECA1431	0.999950	0.000010	0.000010	0.000010	0.000010	0.000010	LD_0.9_6_1468
ECA1437	0.999950	0.000010	0.000010	0.000010	0.000010	0.000010	LD_0.9_6_1468
ECA1439	0.999950	0.000010	0.000010	0.000010	0.000010	0.000010	LD_0.9_6_1468
ECA1443	0.054212	0.945748	0.000010	0.000010	0.000010	0.000010	LD_0.9_6_1468
ECA1471	0.999947	0.000013	0.000010	0.000010	0.000010	0.000010	LD_0.9_6_1468
ECA1489	0.870121	0.000010	0.000010	0.129839	0.000010	0.000010	LD_0.9_6_1468
ECA1507	0.999950	0.000010	0.000010	0.000010	0.000010	0.000010	LD_0.9_6_1468
ECA1509	0.999950	0.000010	0.000010	0.000010	0.000010	0.000010	LD_0.9_6_1468
ECA1517	0.999950	0.000010	0.000010	0.000010	0.000010	0.000010	LD_0.9_6_1468
ECA1521	0.999950	0.000010	0.000010	0.000010	0.000010	0.000010	LD_0.9_6_1468
ECA1555	0.999950	0.000010	0.000010	0.000010	0.000010	0.000010	LD_0.9_6_1468
ECA1559	0.000010	0.999946	0.000014	0.000010	0.000010	0.000010	LD_0.9_6_1468
ECA1563	0.999950	0.000010	0.000010	0.000010	0.000010	0.000010	LD_0.9_6_1468
ECA1571	0.882822	0.000010	0.000010	0.117134	0.000014	0.000010	LD_0.9_6_1468
ECA1587	0.999950	0.000010	0.000010	0.000010	0.000010	0.000010	LD_0.9_6_1468
ECA1605	0.074850	0.873083	0.000010	0.052037	0.000010	0.000010	LD_0.9_6_1468
ECA1609	0.999938	0.000017	0.000011	0.000010	0.000015	0.000010	LD_0.9_6_1468
ECA161	0.999942	0.000018	0.000010	0.000010	0.000010	0.000010	LD_0.9_6_1468
ECA1611	0.999944	0.000010	0.000010	0.000010	0.000016	0.000010	LD_0.9_6_1468
ECA1615	0.999950	0.000010	0.000010	0.000010	0.000010	0.000010	LD_0.9_6_1468
ECA162	0.999946	0.000010	0.000010	0.000010	0.000014	0.000010	LD_0.9_6_1468
ECA1621	0.999949	0.000011	0.000010	0.000010	0.000010	0.000010	LD_0.9_6_1468
ECA163	0.000011	0.000010	0.000010	0.000010	0.999949	0.000010	LD_0.9_6_1468
ECA1637	0.999950	0.000010	0.000010	0.000010	0.000010	0.000010	LD_0.9_6_1468
ECA1657	0.999949	0.000011	0.000010	0.000010	0.000010	0.000010	LD_0.9_6_1468
ECA1701	0.993619	0.000010	0.000010	0.006340	0.000010	0.000010	LD_0.9_6_1468
ECA175	0.999947	0.000010	0.000013	0.000010	0.000010	0.000010	LD_0.9_6_1468
ECA176	0.999950	0.000010	0.000010	0.000010	0.000010	0.000010	LD_0.9_6_1468
ECA177	0.999941	0.000010	0.000010	0.000010	0.000019	0.000010	LD_0.9_6_1468
ECA180	0.999941	0.000019	0.000010	0.000010	0.000010	0.000010	LD_0.9_6_1468
ECA182	0.999950	0.000010	0.000010	0.000010	0.000010	0.000010	LD_0.9_6_1468
ECA183	0.999950	0.000010	0.000010	0.000010	0.000010	0.000010	LD_0.9_6_1468
ECA185	0.999950	0.000010	0.000010	0.000010	0.000010	0.000010	LD_0.9_6_1468
ECA186	0.999950	0.000010	0.000010	0.000010	0.000010	0.000010	LD_0.9_6_1468
ECA2083	0.999950	0.000010	0.000010	0.000010	0.000010	0.000010	LD_0.9_6_1468
ECA2093	0.999950	0.000010	0.000010	0.000010	0.000010	0.000010	LD_0.9_6_1468
ECA2115	0.999950	0.000010	0.000010	0.000010	0.000010	0.000010	LD_0.9_6_1468
ECA2299	0.000010	0.999950	0.000010	0.000010	0.000010	0.000010	LD_0.9_6_1468
ECA2373	0.966462	0.000010	0.000010	0.033496	0.000012	0.000010	LD_0.9_6_1468
ECA2385	0.000010	0.999950	0.000010	0.000010	0.000010	0.000010	LD_0.9_6_1468
ECA2425	0.999950	0.000010	0.000010	0.000010	0.000010	0.000010	LD_0.9_6_1468
ECA2617	0.000010	0.000010	0.000010	0.000010	0.000010	0.999950	LD_0.9_6_1468
ECA2618	0.000010	0.000010	0.000010	0.000010	0.000010	0.999950	LD_0.9_6_1468
ECA2621	0.000010	0.000010	0.000010	0.000010	0.000010	0.999950	LD_0.9_6_1468
ECA2623	0.971293	0.000010	0.000010	0.028667	0.000010	0.000010	LD_0.9_6_1468
ECA2625	0.999950	0.000010	0.000010	0.000010	0.000010	0.000010	LD_0.9_6_1468
ECA2626	0.999945	0.000010	0.000015	0.000010	0.000010	0.000010	LD_0.9_6_1468
ECA2636	0.999948	0.000010	0.000011	0.000010	0.000010	0.000010	LD_0.9_6_1468
ECA2637	0.999950	0.000010	0.000010	0.000010	0.000010	0.000010	LD_0.9_6_1468
ECA2639	0.000010	0.000010	0.000010	0.000010	0.000010	0.999950	LD_0.9_6_1468
ECA2645	0.999941	0.000010	0.000012	0.000017	0.000010	0.000010	LD_0.9_6_1468
ECA2647	0.000010	0.000010	0.000018	0.000010	0.000010	0.999942	LD_0.9_6_1468
ECA2663	0.999950	0.000010	0.000010	0.000010	0.000010	0.000010	LD_0.9_6_1468
ECA2664	0.956285	0.000010	0.000010	0.043675	0.000010	0.000010	LD_0.9_6_1468
ECA2666	0.000010	0.000010	0.000016	0.000010	0.000010	0.999944	LD_0.9_6_1468
ECA2667	0.999950	0.000010	0.000010	0.000010	0.000010	0.000010	LD_0.9_6_1468
ECA2670	0.000010	0.000010	0.000010	0.000010	0.000010	0.999950	LD_0.9_6_1468
ECA276	0.000010	0.000010	0.000010	0.000010	0.999950	0.000010	LD_0.9_6_1468
ECA278	0.000010	0.000010	0.999950	0.000010	0.000010	0.000010	LD_0.9_6_1468
ECA2808	0.999950	0.000010	0.000010	0.000010	0.000010	0.000010	LD_0.9_6_1468
ECA287	0.010894	0.989058	0.000011	0.000016	0.000010	0.000010	LD_0.9_6_1468
ECA288	0.899010	0.100944	0.000010	0.000016	0.000010	0.000010	LD_0.9_6_1468
ECA2883	0.999948	0.000012	0.000010	0.000010	0.000010	0.000010	LD_0.9_6_1468
ECA2890	0.999949	0.000011	0.000010	0.000010	0.000010	0.000010	LD_0.9_6_1468
ECA2894	0.999950	0.000010	0.000010	0.000010	0.000010	0.000010	LD_0.9_6_1468
ECA2936	0.000010	0.999949	0.000010	0.000010	0.000011	0.000010	LD_0.9_6_1468
ECA2975	0.999950	0.000010	0.000010	0.000010	0.000010	0.000010	LD_0.9_6_1468
ECA3091	0.999950	0.000010	0.000010	0.000010	0.000010	0.000010	LD_0.9_6_1468
ECA343	0.999950	0.000010	0.000010	0.000010	0.000010	0.000010	LD_0.9_6_1468
ECA346	0.999950	0.000010	0.000010	0.000010	0.000010	0.000010	LD_0.9_6_1468
ECA3502	0.000010	0.999950	0.000010	0.000010	0.000010	0.000010	LD_0.9_6_1468
ECA3503	0.999950	0.000010	0.000010	0.000010	0.000010	0.000010	LD_0.9_6_1468
ECA3509	0.999950	0.000010	0.000010	0.000010	0.000010	0.000010	LD_0.9_6_1468
ECA3708	0.999946	0.000014	0.000010	0.000010	0.000010	0.000010	LD_0.9_6_1468
ECA371	0.999950	0.000010	0.000010	0.000010	0.000010	0.000010	LD_0.9_6_1468
ECA3712	0.999950	0.000010	0.000010	0.000010	0.000010	0.000010	LD_0.9_6_1468
ECA3713	0.999950	0.000010	0.000010	0.000010	0.000010	0.000010	LD_0.9_6_1468
ECA3899	0.999946	0.000014	0.000010	0.000010	0.000010	0.000010	LD_0.9_6_1468
ECA4382	0.999950	0.000010	0.000010	0.000010	0.000010	0.000010	LD_0.9_6_1468
ECA4390	0.999950	0.000010	0.000010	0.000010	0.000010	0.000010	LD_0.9_6_1468
ECA4394	0.999945	0.000010	0.000010	0.000015	0.000010	0.000010	LD_0.9_6_1468
ECA4402	0.999950	0.000010	0.000010	0.000010	0.000010	0.000010	LD_0.9_6_1468
ECA569	0.000010	0.000010	0.999950	0.000010	0.000010	0.000010	LD_0.9_6_1468
ED3032	0.999950	0.000010	0.000010	0.000010	0.000010	0.000010	LD_0.9_6_1468
ED3037	0.999950	0.000010	0.000010	0.000010	0.000010	0.000010	LD_0.9_6_1468
ED3088	0.999950	0.000010	0.000010	0.000010	0.000010	0.000010	LD_0.9_6_1468
ED3102	0.000010	0.000010	0.000010	0.000010	0.999950	0.000010	LD_0.9_6_1468
EG4360	0.000010	0.000014	0.999946	0.000010	0.000010	0.000010	LD_0.9_6_1468
EG5612	0.823557	0.000010	0.000010	0.000010	0.176403	0.000010	LD_0.9_6_1468
EG5613	0.940744	0.000010	0.000010	0.059216	0.000010	0.000010	LD_0.9_6_1468
EG6179	0.999949	0.000011	0.000010	0.000010	0.000010	0.000010	LD_0.9_6_1468
EG6260	0.979701	0.000010	0.000010	0.020259	0.000010	0.000010	LD_0.9_6_1468
EG6261	0.994561	0.000010	0.000010	0.005399	0.000010	0.000010	LD_0.9_6_1468
EG6265	0.000010	0.984924	0.000010	0.015036	0.000010	0.000010	LD_0.9_6_1468
EG6267	0.990956	0.000010	0.000010	0.009002	0.000012	0.000010	LD_0.9_6_1468
EG6271	0.953527	0.000010	0.000010	0.046424	0.000018	0.000010	LD_0.9_6_1468
EG6272	0.994716	0.000010	0.000010	0.005244	0.000010	0.000010	LD_0.9_6_1468
EG6274	0.999950	0.000010	0.000010	0.000010	0.000010	0.000010	LD_0.9_6_1468
EG6275	0.999950	0.000010	0.000010	0.000010	0.000010	0.000010	LD_0.9_6_1468
EG6276	0.999950	0.000010	0.000010	0.000010	0.000010	0.000010	LD_0.9_6_1468
EG6329	0.906933	0.000010	0.000010	0.093027	0.000010	0.000010	LD_0.9_6_1468
GUN124	0.000010	0.000010	0.999950	0.000010	0.000010	0.000010	LD_0.9_6_1468
GXW22	0.999950	0.000010	0.000010	0.000010	0.000010	0.000010	LD_0.9_6_1468
GXW23	0.974583	0.000010	0.000010	0.000010	0.025377	0.000010	LD_0.9_6_1468
HK104	0.000010	0.000010	0.999950	0.000010	0.000010	0.000010	LD_0.9_6_1468
HPT11	0.021069	0.040453	0.748957	0.000010	0.188457	0.001054	LD_0.9_6_1468
HPT16	0.999950	0.000010	0.000010	0.000010	0.000010	0.000010	LD_0.9_6_1468
HPT18	0.021205	0.043521	0.743202	0.000010	0.190551	0.001511	LD_0.9_6_1468
HPT19	0.999950	0.000010	0.000010	0.000010	0.000010	0.000010	LD_0.9_6_1468
HPT2	0.999950	0.000010	0.000010	0.000010	0.000010	0.000010	LD_0.9_6_1468
HPT21	0.999950	0.000010	0.000010	0.000010	0.000010	0.000010	LD_0.9_6_1468
HPT24	0.022193	0.041069	0.747047	0.000010	0.189671	0.000010	LD_0.9_6_1468
HPT34	0.999950	0.000010	0.000010	0.000010	0.000010	0.000010	LD_0.9_6_1468
HPT37	0.969872	0.000010	0.000010	0.030088	0.000010	0.000010	LD_0.9_6_1468
HPT4	0.999950	0.000010	0.000010	0.000010	0.000010	0.000010	LD_0.9_6_1468
HPT42	0.999950	0.000010	0.000010	0.000010	0.000010	0.000010	LD_0.9_6_1468
HPT52	0.504879	0.000012	0.000010	0.495078	0.000010	0.000010	LD_0.9_6_1468
HPT53	0.999950	0.000010	0.000010	0.000010	0.000010	0.000010	LD_0.9_6_1468
HPT54	0.999950	0.000010	0.000010	0.000010	0.000010	0.000010	LD_0.9_6_1468
HPT55	0.999950	0.000010	0.000010	0.000010	0.000010	0.000010	LD_0.9_6_1468
HPT59	0.999950	0.000010	0.000010	0.000010	0.000010	0.000010	LD_0.9_6_1468
HPT60	0.999950	0.000010	0.000010	0.000010	0.000010	0.000010	LD_0.9_6_1468
HPT62	0.015958	0.009129	0.000011	0.974883	0.000010	0.000010	LD_0.9_6_1468
HPT63	0.999950	0.000010	0.000010	0.000010	0.000010	0.000010	LD_0.9_6_1468
HPT7	0.999950	0.000010	0.000010	0.000010	0.000010	0.000010	LD_0.9_6_1468
HPT8	0.999950	0.000010	0.000010	0.000010	0.000010	0.000010	LD_0.9_6_1468
HPT9	0.827180	0.000010	0.000010	0.000010	0.172780	0.000010	LD_0.9_6_1468
JU1085	0.000010	0.000010	0.999950	0.000010	0.000010	0.000010	LD_0.9_6_1468
JU1337	0.966671	0.000010	0.000010	0.033286	0.000013	0.000010	LD_0.9_6_1468
JU1338	0.758107	0.000010	0.000010	0.000010	0.241853	0.000010	LD_0.9_6_1468
JU1341	0.000010	0.000010	0.000010	0.000010	0.000010	0.999950	LD_0.9_6_1468
JU1346	0.739700	0.000010	0.000010	0.000010	0.260260	0.000010	LD_0.9_6_1468
JU1347	0.999950	0.000010	0.000010	0.000010	0.000010	0.000010	LD_0.9_6_1468
JU1348	0.000010	0.000010	0.000010	0.000010	0.000010	0.999950	LD_0.9_6_1468
JU1375	0.999950	0.000010	0.000010	0.000010	0.000010	0.000010	LD_0.9_6_1468
JU1377	0.999950	0.000010	0.000010	0.000010	0.000010	0.000010	LD_0.9_6_1468
JU1378	0.999950	0.000010	0.000010	0.000010	0.000010	0.000010	LD_0.9_6_1468
JU1392	0.999950	0.000010	0.000010	0.000010	0.000010	0.000010	LD_0.9_6_1468
JU1399	0.616827	0.000010	0.000011	0.383132	0.000010	0.000010	LD_0.9_6_1468
JU1424	0.783867	0.000018	0.000015	0.000010	0.216081	0.000010	LD_0.9_6_1468
JU1435	0.999950	0.000010	0.000010	0.000010	0.000010	0.000010	LD_0.9_6_1468
JU1564	0.000010	0.000010	0.999950	0.000010	0.000010	0.000010	LD_0.9_6_1468
JU1637	0.999950	0.000010	0.000010	0.000010	0.000010	0.000010	LD_0.9_6_1468
JU1638	0.999945	0.000010	0.000010	0.000015	0.000010	0.000010	LD_0.9_6_1468
JU1794	0.984189	0.003769	0.000010	0.012005	0.000017	0.000010	LD_0.9_6_1468
JU1795	0.999950	0.000010	0.000010	0.000010	0.000010	0.000010	LD_0.9_6_1468
JU1799	0.999950	0.000010	0.000010	0.000010	0.000010	0.000010	LD_0.9_6_1468
JU1802	0.999950	0.000010	0.000010	0.000010	0.000010	0.000010	LD_0.9_6_1468
JU1814	0.949764	0.000010	0.000010	0.050196	0.000010	0.000010	LD_0.9_6_1468
JU1884	0.999950	0.000010	0.000010	0.000010	0.000010	0.000010	LD_0.9_6_1468
JU1885	0.941603	0.000010	0.000010	0.058357	0.000010	0.000010	LD_0.9_6_1468
JU1907	0.999950	0.000010	0.000010	0.000010	0.000010	0.000010	LD_0.9_6_1468
JU1908	0.999950	0.000010	0.000010	0.000010	0.000010	0.000010	LD_0.9_6_1468
JU1909	0.999950	0.000010	0.000010	0.000010	0.000010	0.000010	LD_0.9_6_1468
JU1913	0.490384	0.000010	0.000010	0.509576	0.000010	0.000010	LD_0.9_6_1468
JU2053	0.999950	0.000010	0.000010	0.000010	0.000010	0.000010	LD_0.9_6_1468
JU2054	0.999947	0.000013	0.000010	0.000010	0.000010	0.000010	LD_0.9_6_1468
JU2056	0.999949	0.000010	0.000011	0.000010	0.000010	0.000010	LD_0.9_6_1468
JU2057	0.009522	0.000011	0.000010	0.729805	0.260643	0.000010	LD_0.9_6_1468
JU2160	0.000010	0.000010	0.000010	0.756798	0.243162	0.000010	LD_0.9_6_1468
JU2162	0.000010	0.000010	0.000010	0.749351	0.250609	0.000010	LD_0.9_6_1468
JU2214	0.787588	0.000012	0.000010	0.212370	0.000011	0.000010	LD_0.9_6_1468
JU2216	0.000010	0.999950	0.000010	0.000010	0.000010	0.000010	LD_0.9_6_1468
JU2457	0.405851	0.000010	0.497687	0.096432	0.000010	0.000010	LD_0.9_6_1468
JU2470	0.000010	0.000010	0.000010	0.719708	0.280252	0.000010	LD_0.9_6_1468
JU2472	0.999950	0.000010	0.000010	0.000010	0.000010	0.000010	LD_0.9_6_1468
JU2507	0.006619	0.008494	0.000010	0.984857	0.000010	0.000010	LD_0.9_6_1468
JU2518	0.490548	0.000010	0.000010	0.509412	0.000010	0.000010	LD_0.9_6_1468
JU2536	0.000010	0.000019	0.999941	0.000010	0.000010	0.000010	LD_0.9_6_1468
JU2618	0.294523	0.000010	0.000010	0.705437	0.000010	0.000010	LD_0.9_6_1468
JU2799	0.999950	0.000010	0.000010	0.000010	0.000010	0.000010	LD_0.9_6_1468
JU2836	0.762296	0.000010	0.000010	0.237661	0.000012	0.000010	LD_0.9_6_1468
JU2849	0.828509	0.000010	0.000010	0.000010	0.171451	0.000010	LD_0.9_6_1468
JU2861	0.999950	0.000010	0.000010	0.000010	0.000010	0.000010	LD_0.9_6_1468
JU2868	0.999950	0.000010	0.000010	0.000010	0.000010	0.000010	LD_0.9_6_1468
JU2872	0.000012	0.000014	0.999937	0.000017	0.000010	0.000010	LD_0.9_6_1468
JU2910	0.922504	0.000010	0.000010	0.077456	0.000010	0.000010	LD_0.9_6_1468
JU3168	0.000010	0.000010	0.000010	0.000010	0.999950	0.000010	LD_0.9_6_1468
JU3171	0.999950	0.000010	0.000010	0.000010	0.000010	0.000010	LD_0.9_6_1468
JU3199	0.000010	0.000010	0.000010	0.000010	0.000010	0.999950	LD_0.9_6_1468
JU3200	0.000010	0.000010	0.000010	0.000010	0.000010	0.999950	LD_0.9_6_1468
JU3201	0.000010	0.000010	0.000010	0.000010	0.000010	0.999950	LD_0.9_6_1468
JU3202	0.000010	0.000010	0.000010	0.000010	0.000010	0.999950	LD_0.9_6_1468
JU3203	0.000010	0.000010	0.000010	0.000010	0.000010	0.999950	LD_0.9_6_1468
JU3206	0.000010	0.000010	0.000010	0.000010	0.000010	0.999950	LD_0.9_6_1468
JU3207	0.999950	0.000010	0.000010	0.000010	0.000010	0.000010	LD_0.9_6_1468
JU3237	0.000010	0.000010	0.000010	0.732086	0.267874	0.000010	LD_0.9_6_1468
JU3281	0.999950	0.000010	0.000010	0.000010	0.000010	0.000010	LD_0.9_6_1468
JU3319	0.977739	0.000010	0.000010	0.000010	0.022221	0.000010	LD_0.9_6_1468
JU3321	0.999950	0.000010	0.000010	0.000010	0.000010	0.000010	LD_0.9_6_1468
JU3326	0.000010	0.000010	0.190954	0.000010	0.809006	0.000010	LD_0.9_6_1468
JU3327	0.999950	0.000010	0.000010	0.000010	0.000010	0.000010	LD_0.9_6_1468
JU3416	0.000010	0.000010	0.999950	0.000010	0.000010	0.000010	LD_0.9_6_1468
JU4042	0.999950	0.000010	0.000010	0.000010	0.000010	0.000010	LD_0.9_6_1468
JU4051	0.784673	0.000011	0.000010	0.000010	0.215285	0.000010	LD_0.9_6_1468
JU4058	0.794858	0.000010	0.000010	0.000015	0.205097	0.000010	LD_0.9_6_1468
JU4060	0.763098	0.000010	0.000010	0.000010	0.236862	0.000010	LD_0.9_6_1468
JU4062	0.780076	0.000010	0.000010	0.000010	0.219884	0.000010	LD_0.9_6_1468
JU4064	0.772468	0.000010	0.000010	0.000010	0.227492	0.000010	LD_0.9_6_1468
JU4080	0.999946	0.000010	0.000010	0.000010	0.000014	0.000010	LD_0.9_6_1468
JU4084	0.746632	0.000010	0.000010	0.000010	0.253328	0.000010	LD_0.9_6_1468
JU4097	0.784623	0.000010	0.000010	0.000010	0.215337	0.000010	LD_0.9_6_1468
JU725	0.978010	0.000010	0.000010	0.000010	0.021950	0.000010	LD_0.9_6_1468
MY2716	0.999950	0.000010	0.000010	0.000010	0.000010	0.000010	LD_0.9_6_1468
MY539	0.999950	0.000010	0.000010	0.000010	0.000010	0.000010	LD_0.9_6_1468
NIC1050	0.367874	0.000010	0.000010	0.632086	0.000010	0.000010	LD_0.9_6_1468
NIC1052	0.280899	0.000010	0.000010	0.719061	0.000010	0.000010	LD_0.9_6_1468
NIC1054	0.466875	0.000010	0.000010	0.533084	0.000010	0.000010	LD_0.9_6_1468
NIC1055	0.363973	0.000010	0.000010	0.635987	0.000010	0.000010	LD_0.9_6_1468
NIC1057	0.287348	0.000010	0.000010	0.712612	0.000010	0.000010	LD_0.9_6_1468
NIC1058	0.326709	0.000011	0.000010	0.673250	0.000010	0.000010	LD_0.9_6_1468
NIC1059	0.361232	0.000012	0.000013	0.638723	0.000010	0.000010	LD_0.9_6_1468
NIC1060	0.443353	0.000010	0.000010	0.556607	0.000010	0.000010	LD_0.9_6_1468
NIC1062	0.682832	0.000010	0.000010	0.317128	0.000010	0.000010	LD_0.9_6_1468
NIC1069	0.923969	0.000010	0.000010	0.075991	0.000010	0.000010	LD_0.9_6_1468
NIC1103	0.344635	0.000010	0.000017	0.655317	0.000010	0.000010	LD_0.9_6_1468
NIC1104	0.898865	0.000013	0.000011	0.101091	0.000010	0.000010	LD_0.9_6_1468
NIC1106	0.622161	0.000012	0.000010	0.377797	0.000010	0.000010	LD_0.9_6_1468
NIC1117	0.999950	0.000010	0.000010	0.000010	0.000010	0.000010	LD_0.9_6_1468
NIC1123	0.755339	0.000010	0.000010	0.000011	0.244621	0.000010	LD_0.9_6_1468
NIC1124	0.482527	0.000010	0.000010	0.517433	0.000010	0.000010	LD_0.9_6_1468
NIC1135	0.496090	0.000010	0.000010	0.503870	0.000010	0.000010	LD_0.9_6_1468
NIC1138	0.470527	0.000017	0.000013	0.529423	0.000010	0.000010	LD_0.9_6_1468
NIC1141	0.498272	0.000010	0.000010	0.501688	0.000010	0.000010	LD_0.9_6_1468
NIC115	0.999950	0.000010	0.000010	0.000010	0.000010	0.000010	LD_0.9_6_1468
NIC117	0.999950	0.000010	0.000010	0.000010	0.000010	0.000010	LD_0.9_6_1468
NIC1183	0.484991	0.000010	0.000010	0.514969	0.000010	0.000010	LD_0.9_6_1468
NIC119	0.996650	0.000010	0.000010	0.003310	0.000010	0.000010	LD_0.9_6_1468
NIC1190	0.548942	0.000010	0.000010	0.451018	0.000010	0.000010	LD_0.9_6_1468
NIC1202	0.999950	0.000010	0.000010	0.000010	0.000010	0.000010	LD_0.9_6_1468
NIC1204	0.999950	0.000010	0.000010	0.000010	0.000010	0.000010	LD_0.9_6_1468
NIC1205	0.000010	0.999950	0.000010	0.000010	0.000010	0.000010	LD_0.9_6_1468
NIC1218	0.999950	0.000010	0.000010	0.000010	0.000010	0.000010	LD_0.9_6_1468
NIC1220	0.000010	0.999950	0.000010	0.000010	0.000010	0.000010	LD_0.9_6_1468
NIC1221	0.999950	0.000010	0.000010	0.000010	0.000010	0.000010	LD_0.9_6_1468
NIC123	0.999950	0.000010	0.000010	0.000010	0.000010	0.000010	LD_0.9_6_1468
NIC1267	0.824485	0.000010	0.000010	0.175475	0.000010	0.000010	LD_0.9_6_1468
NIC1283	0.562984	0.000010	0.000010	0.436976	0.000010	0.000010	LD_0.9_6_1468
NIC1288	0.396210	0.000010	0.000010	0.580104	0.023656	0.000010	LD_0.9_6_1468
NIC1292	0.485459	0.000010	0.000010	0.514501	0.000010	0.000010	LD_0.9_6_1468
NIC1302	0.625957	0.000010	0.000010	0.373995	0.000018	0.000010	LD_0.9_6_1468
NIC1304	0.461758	0.000010	0.000010	0.538202	0.000010	0.000010	LD_0.9_6_1468
NIC1308	0.899343	0.000010	0.000010	0.000010	0.100617	0.000010	LD_0.9_6_1468
NIC1407	0.439117	0.000010	0.000010	0.560843	0.000010	0.000010	LD_0.9_6_1468
NIC1421	0.759686	0.000010	0.000010	0.240274	0.000010	0.000010	LD_0.9_6_1468
NIC1423	0.361950	0.000010	0.000010	0.638010	0.000010	0.000010	LD_0.9_6_1468
NIC1442	0.541034	0.000012	0.000010	0.458923	0.000010	0.000010	LD_0.9_6_1468
NIC1491	0.540968	0.000013	0.000011	0.458988	0.000010	0.000010	LD_0.9_6_1468
NIC1525	0.999949	0.000011	0.000010	0.000010	0.000010	0.000010	LD_0.9_6_1468
NIC1528	0.999950	0.000010	0.000010	0.000010	0.000010	0.000010	LD_0.9_6_1468
NIC1529	0.999948	0.000011	0.000010	0.000011	0.000010	0.000010	LD_0.9_6_1468
NIC1533	0.999950	0.000010	0.000010	0.000010	0.000010	0.000010	LD_0.9_6_1468
NIC1535	0.999945	0.000010	0.000010	0.000015	0.000010	0.000010	LD_0.9_6_1468
NIC1539	0.000013	0.999947	0.000010	0.000010	0.000010	0.000010	LD_0.9_6_1468
NIC1540	0.000010	0.000012	0.999948	0.000010	0.000010	0.000010	LD_0.9_6_1468
NIC1562	0.000010	0.999950	0.000010	0.000010	0.000010	0.000010	LD_0.9_6_1468
NIC1589	0.000010	0.000010	0.999950	0.000010	0.000010	0.000010	LD_0.9_6_1468
NIC1590	0.000011	0.999949	0.000010	0.000010	0.000010	0.000010	LD_0.9_6_1468
NIC1591	0.000010	0.000010	0.999950	0.000010	0.000010	0.000010	LD_0.9_6_1468
NIC1593	0.000018	0.000010	0.999942	0.000010	0.000010	0.000010	LD_0.9_6_1468
NIC1595	0.000014	0.999936	0.000010	0.000020	0.000010	0.000010	LD_0.9_6_1468
NIC1598	0.009879	0.990081	0.000010	0.000010	0.000010	0.000010	LD_0.9_6_1468
NIC1602	0.000010	0.999950	0.000010	0.000010	0.000010	0.000010	LD_0.9_6_1468
NIC1607	0.000010	0.000010	0.000010	0.000010	0.999950	0.000010	LD_0.9_6_1468
NIC1628	0.999950	0.000010	0.000010	0.000010	0.000010	0.000010	LD_0.9_6_1468
NIC1630	0.000010	0.999947	0.000010	0.000013	0.000010	0.000010	LD_0.9_6_1468
NIC1631	0.000010	0.999945	0.000015	0.000010	0.000010	0.000010	LD_0.9_6_1468
NIC1632	0.000010	0.000010	0.999950	0.000010	0.000010	0.000010	LD_0.9_6_1468
NIC1633	0.000010	0.000010	0.999950	0.000010	0.000010	0.000010	LD_0.9_6_1468
NIC1635	0.000010	0.000010	0.999950	0.000010	0.000010	0.000010	LD_0.9_6_1468
NIC1645	0.000010	0.999950	0.000010	0.000010	0.000010	0.000010	LD_0.9_6_1468
NIC1660	0.000013	0.999946	0.000010	0.000010	0.000010	0.000010	LD_0.9_6_1468
NIC1661	0.000010	0.999950	0.000010	0.000010	0.000010	0.000010	LD_0.9_6_1468
NIC1662	0.000010	0.999950	0.000010	0.000010	0.000010	0.000010	LD_0.9_6_1468
NIC1663	0.000010	0.999950	0.000010	0.000010	0.000010	0.000010	LD_0.9_6_1468
NIC1664	0.000012	0.000010	0.999948	0.000010	0.000010	0.000010	LD_0.9_6_1468
NIC1665	0.000010	0.000010	0.999950	0.000010	0.000010	0.000010	LD_0.9_6_1468
NIC1666	0.000010	0.999950	0.000010	0.000010	0.000010	0.000010	LD_0.9_6_1468
NIC1667	0.000010	0.999949	0.000010	0.000011	0.000010	0.000010	LD_0.9_6_1468
NIC1681	0.000010	0.999950	0.000010	0.000010	0.000010	0.000010	LD_0.9_6_1468
NIC1688	0.999950	0.000010	0.000010	0.000010	0.000010	0.000010	LD_0.9_6_1468
NIC1692	0.000010	0.999950	0.000010	0.000010	0.000010	0.000010	LD_0.9_6_1468
NIC1693	0.000010	0.999950	0.000010	0.000010	0.000010	0.000010	LD_0.9_6_1468
NIC17	0.999950	0.000010	0.000010	0.000010	0.000010	0.000010	LD_0.9_6_1468
NIC174	0.000010	0.000010	0.999950	0.000010	0.000010	0.000010	LD_0.9_6_1468
NIC187	0.999950	0.000010	0.000010	0.000010	0.000010	0.000010	LD_0.9_6_1468
NIC188	0.999950	0.000010	0.000010	0.000010	0.000010	0.000010	LD_0.9_6_1468
NIC19	0.000010	0.000016	0.999944	0.000010	0.000010	0.000010	LD_0.9_6_1468
NIC191	0.999950	0.000010	0.000010	0.000010	0.000010	0.000010	LD_0.9_6_1468
NIC20	0.000010	0.000010	0.999950	0.000010	0.000010	0.000010	LD_0.9_6_1468
NIC21	0.000010	0.000010	0.999950	0.000010	0.000010	0.000010	LD_0.9_6_1468
NIC22	0.000010	0.000010	0.999950	0.000010	0.000010	0.000010	LD_0.9_6_1468
NIC2369	0.823459	0.000010	0.000010	0.000010	0.176501	0.000010	LD_0.9_6_1468
NIC248	0.999950	0.000010	0.000010	0.000010	0.000010	0.000010	LD_0.9_6_1468
NIC250	0.999949	0.000010	0.000011	0.000010	0.000010	0.000010	LD_0.9_6_1468
NIC2527	0.999950	0.000010	0.000010	0.000010	0.000010	0.000010	LD_0.9_6_1468
NIC309	0.757722	0.000010	0.000010	0.242238	0.000010	0.000010	LD_0.9_6_1468
NIC325	0.747561	0.000010	0.000010	0.252399	0.000010	0.000010	LD_0.9_6_1468
NIC327	0.388079	0.000010	0.000010	0.611881	0.000010	0.000010	LD_0.9_6_1468
NIC329	0.516202	0.000010	0.000010	0.483758	0.000010	0.000010	LD_0.9_6_1468
NIC330	0.538693	0.000010	0.000010	0.461267	0.000010	0.000010	LD_0.9_6_1468
NIC331	0.579353	0.000015	0.000010	0.420602	0.000010	0.000010	LD_0.9_6_1468
NIC332	0.475672	0.000018	0.000010	0.524279	0.000010	0.000010	LD_0.9_6_1468
NIC333	0.503240	0.000010	0.000010	0.496720	0.000010	0.000010	LD_0.9_6_1468
NIC343	0.999950	0.000010	0.000010	0.000010	0.000010	0.000010	LD_0.9_6_1468
NIC392	0.872312	0.000010	0.000010	0.127648	0.000010	0.000010	LD_0.9_6_1468
NIC400	0.479299	0.000010	0.000013	0.520658	0.000010	0.000010	LD_0.9_6_1468
NIC402	0.480283	0.000017	0.000010	0.519670	0.000010	0.000010	LD_0.9_6_1468
NIC419	0.833602	0.000010	0.000010	0.000010	0.166358	0.000010	LD_0.9_6_1468
NIC504	0.000010	0.999950	0.000010	0.000010	0.000010	0.000010	LD_0.9_6_1468
NIC505	0.000010	0.999950	0.000010	0.000010	0.000010	0.000010	LD_0.9_6_1468
NIC518	0.000010	0.999950	0.000010	0.000010	0.000010	0.000010	LD_0.9_6_1468
NIC519	0.000010	0.999950	0.000010	0.000010	0.000010	0.000010	LD_0.9_6_1468
NIC532	0.999950	0.000010	0.000010	0.000010	0.000010	0.000010	LD_0.9_6_1468
NIC541	0.375739	0.000010	0.000010	0.624221	0.000010	0.000010	LD_0.9_6_1468
NIC549	0.999950	0.000010	0.000010	0.000010	0.000010	0.000010	LD_0.9_6_1468
NIC552	0.960603	0.000010	0.000010	0.039357	0.000010	0.000010	LD_0.9_6_1468
NIC555	0.838587	0.000010	0.000010	0.161373	0.000010	0.000010	LD_0.9_6_1468
NIC574	0.991881	0.000010	0.000010	0.008079	0.000010	0.000010	LD_0.9_6_1468
NIC578	0.999950	0.000010	0.000010	0.000010	0.000010	0.000010	LD_0.9_6_1468
NIC583	0.886767	0.000010	0.000010	0.113193	0.000010	0.000010	LD_0.9_6_1468
NIC590	0.739671	0.000010	0.000010	0.260289	0.000010	0.000010	LD_0.9_6_1468
NIC593	0.999950	0.000010	0.000010	0.000010	0.000010	0.000010	LD_0.9_6_1468
NIC60	0.827392	0.000010	0.000015	0.172564	0.000010	0.000010	LD_0.9_6_1468
NIC61	0.984970	0.000010	0.000010	0.014990	0.000010	0.000010	LD_0.9_6_1468
NIC62	0.909160	0.000010	0.000010	0.090800	0.000010	0.000010	LD_0.9_6_1468
NIC67	0.800999	0.000010	0.000010	0.000010	0.198961	0.000010	LD_0.9_6_1468
NIC758	0.766013	0.000010	0.000010	0.233947	0.000010	0.000010	LD_0.9_6_1468
NIC777	0.798539	0.000018	0.000010	0.201413	0.000010	0.000010	LD_0.9_6_1468
NIC779	0.000010	0.999950	0.000010	0.000010	0.000010	0.000010	LD_0.9_6_1468
NIC790	0.999950	0.000010	0.000010	0.000010	0.000010	0.000010	LD_0.9_6_1468
NIC791	0.088416	0.000010	0.000010	0.911544	0.000010	0.000010	LD_0.9_6_1468
NIC792	0.669671	0.000010	0.000010	0.330289	0.000010	0.000010	LD_0.9_6_1468
NIC793	0.999950	0.000010	0.000010	0.000010	0.000010	0.000010	LD_0.9_6_1468
NIC795	0.999948	0.000010	0.000010	0.000012	0.000010	0.000010	LD_0.9_6_1468
NIC796	0.992500	0.000014	0.007457	0.000010	0.000010	0.000010	LD_0.9_6_1468
NIC802	0.999949	0.000010	0.000010	0.000011	0.000010	0.000010	LD_0.9_6_1468
NIC803	0.999950	0.000010	0.000010	0.000010	0.000010	0.000010	LD_0.9_6_1468
NIC805	0.000010	0.999950	0.000010	0.000010	0.000010	0.000010	LD_0.9_6_1468
NIC811	0.999950	0.000010	0.000010	0.000010	0.000010	0.000010	LD_0.9_6_1468
NIC814	0.000015	0.999943	0.000010	0.000010	0.000011	0.000010	LD_0.9_6_1468
NIC815	0.000017	0.999934	0.000010	0.000019	0.000010	0.000010	LD_0.9_6_1468
NIC816	0.000010	0.000010	0.999950	0.000010	0.000010	0.000010	LD_0.9_6_1468
NIC819	0.000010	0.000010	0.000012	0.000011	0.999947	0.000010	LD_0.9_6_1468
NIC821	0.999950	0.000010	0.000010	0.000010	0.000010	0.000010	LD_0.9_6_1468
NIC822	0.000010	0.999950	0.000010	0.000010	0.000010	0.000010	LD_0.9_6_1468
NIC824	0.000010	0.999950	0.000010	0.000010	0.000010	0.000010	LD_0.9_6_1468
NIC825	0.000010	0.000010	0.999950	0.000010	0.000010	0.000010	LD_0.9_6_1468
NIC827	0.000010	0.000010	0.999950	0.000010	0.000010	0.000010	LD_0.9_6_1468
NIC828	0.000010	0.000010	0.999950	0.000010	0.000010	0.000010	LD_0.9_6_1468
NIC863	0.000010	0.999949	0.000010	0.000011	0.000010	0.000010	LD_0.9_6_1468
NIC864	0.000010	0.999950	0.000010	0.000010	0.000010	0.000010	LD_0.9_6_1468
NIC865	0.000010	0.999950	0.000010	0.000010	0.000010	0.000010	LD_0.9_6_1468
NIC871	0.999950	0.000010	0.000010	0.000010	0.000010	0.000010	LD_0.9_6_1468
NIC883	0.999940	0.000019	0.000010	0.000010	0.000011	0.000010	LD_0.9_6_1468
NIC889	0.000015	0.999945	0.000010	0.000010	0.000010	0.000010	LD_0.9_6_1468
NIC893	0.000010	0.000010	0.000010	0.000010	0.999950	0.000010	LD_0.9_6_1468
NIC897	0.000010	0.999950	0.000010	0.000010	0.000010	0.000010	LD_0.9_6_1468
NIC899	0.000010	0.000010	0.999950	0.000010	0.000010	0.000010	LD_0.9_6_1468
NIC901	0.999950	0.000010	0.000010	0.000010	0.000010	0.000010	LD_0.9_6_1468
NIC911	0.999946	0.000010	0.000014	0.000010	0.000010	0.000010	LD_0.9_6_1468
NIC96	0.540999	0.000013	0.000010	0.458958	0.000010	0.000010	LD_0.9_6_1468
NIC984	0.999950	0.000010	0.000010	0.000010	0.000010	0.000010	LD_0.9_6_1468
NIC985	0.976986	0.000014	0.000010	0.000010	0.022970	0.000010	LD_0.9_6_1468
PB800	0.000010	0.000010	0.999950	0.000010	0.000010	0.000010	LD_0.9_6_1468
PB857	0.000010	0.000010	0.999950	0.000010	0.000010	0.000010	LD_0.9_6_1468
PE887	0.999947	0.000010	0.000013	0.000010	0.000010	0.000010	LD_0.9_6_1468
QG1005	0.008999	0.000014	0.000010	0.990957	0.000010	0.000010	LD_0.9_6_1468
QG1007	0.000010	0.000010	0.000010	0.999950	0.000010	0.000010	LD_0.9_6_1468
QG1111	0.000010	0.000016	0.000010	0.999944	0.000010	0.000010	LD_0.9_6_1468
QG1126	0.000010	0.000010	0.000010	0.999950	0.000010	0.000010	LD_0.9_6_1468
QG1141	0.000010	0.000010	0.000010	0.999950	0.000010	0.000010	LD_0.9_6_1468
QG1155	0.000010	0.000010	0.000010	0.999950	0.000010	0.000010	LD_0.9_6_1468
QG130	0.999950	0.000010	0.000010	0.000010	0.000010	0.000010	LD_0.9_6_1468
QG132	0.999950	0.000010	0.000010	0.000010	0.000010	0.000010	LD_0.9_6_1468
QG133	0.021154	0.978801	0.000010	0.000015	0.000010	0.000010	LD_0.9_6_1468
QG2641	0.000010	0.000010	0.000010	0.999950	0.000010	0.000010	LD_0.9_6_1468
QG2648	0.000010	0.000010	0.000010	0.999950	0.000010	0.000010	LD_0.9_6_1468
QG2659	0.000010	0.000010	0.000010	0.999950	0.000010	0.000010	LD_0.9_6_1468
QG2663	0.000010	0.000010	0.000010	0.999950	0.000010	0.000010	LD_0.9_6_1468
QG2665	0.000010	0.000010	0.000010	0.999950	0.000010	0.000010	LD_0.9_6_1468
QG2683	0.000010	0.000010	0.000010	0.999950	0.000010	0.000010	LD_0.9_6_1468
QG2736	0.000010	0.000010	0.000010	0.999950	0.000010	0.000010	LD_0.9_6_1468
QG2814	0.999950	0.000010	0.000010	0.000010	0.000010	0.000010	LD_0.9_6_1468
QG2820	0.999949	0.000010	0.000010	0.000011	0.000010	0.000010	LD_0.9_6_1468
QG2848	0.999950	0.000010	0.000010	0.000010	0.000010	0.000010	LD_0.9_6_1468
QG2880	0.000010	0.000010	0.000010	0.999950	0.000010	0.000010	LD_0.9_6_1468
QG2881	0.999950	0.000010	0.000010	0.000010	0.000010	0.000010	LD_0.9_6_1468
QG2883	0.999950	0.000010	0.000010	0.000010	0.000010	0.000010	LD_0.9_6_1468
QG2884	0.000010	0.000010	0.000010	0.999950	0.000010	0.000010	LD_0.9_6_1468
QG2891	0.000011	0.000010	0.000010	0.000010	0.000010	0.999949	LD_0.9_6_1468
QG2892	0.000010	0.000010	0.000010	0.999950	0.000010	0.000010	LD_0.9_6_1468
QG2893	0.000016	0.000018	0.000010	0.000010	0.000010	0.999936	LD_0.9_6_1468
QG2895	0.000013	0.000010	0.000010	0.999947	0.000010	0.000010	LD_0.9_6_1468
QG2902	0.000010	0.000010	0.000010	0.999950	0.000010	0.000010	LD_0.9_6_1468
QG2903	0.000010	0.000010	0.000010	0.999950	0.000010	0.000010	LD_0.9_6_1468
QG2906	0.000018	0.000010	0.000010	0.999942	0.000010	0.000010	LD_0.9_6_1468
QG2908	0.000010	0.000010	0.000012	0.000010	0.000010	0.999948	LD_0.9_6_1468
QG2910	0.999950	0.000010	0.000010	0.000010	0.000010	0.000010	LD_0.9_6_1468
QG2919	0.000010	0.000010	0.000010	0.000010	0.000010	0.999950	LD_0.9_6_1468
QG2923	0.000010	0.000010	0.000010	0.999950	0.000010	0.000010	LD_0.9_6_1468
QG2925	0.000010	0.000010	0.000010	0.999950	0.000010	0.000010	LD_0.9_6_1468
QG2964	0.000010	0.000010	0.000010	0.999950	0.000010	0.000010	LD_0.9_6_1468
QG2966	0.394088	0.000010	0.000010	0.605872	0.000010	0.000010	LD_0.9_6_1468
QG2969	0.000010	0.000010	0.000010	0.999950	0.000010	0.000010	LD_0.9_6_1468
QG2972	0.000010	0.000010	0.000010	0.999950	0.000010	0.000010	LD_0.9_6_1468
QG2996	0.000010	0.000010	0.000010	0.999950	0.000010	0.000010	LD_0.9_6_1468
QG3004	0.174185	0.000010	0.000010	0.825775	0.000010	0.000010	LD_0.9_6_1468
QG3006	0.000010	0.000010	0.000010	0.999950	0.000010	0.000010	LD_0.9_6_1468
QG3019	0.068590	0.000010	0.000010	0.931370	0.000010	0.000010	LD_0.9_6_1468
QG3025	0.000010	0.000010	0.000010	0.999950	0.000010	0.000010	LD_0.9_6_1468
QG3030	0.000010	0.000010	0.000010	0.999950	0.000010	0.000010	LD_0.9_6_1468
QG3032	0.194564	0.000010	0.000012	0.805394	0.000010	0.000010	LD_0.9_6_1468
QG3034	0.000010	0.000010	0.000010	0.999950	0.000010	0.000010	LD_0.9_6_1468
QG3041	0.000010	0.000010	0.000010	0.999950	0.000010	0.000010	LD_0.9_6_1468
QG3053	0.999950	0.000010	0.000010	0.000010	0.000010	0.000010	LD_0.9_6_1468
QG3056	0.397414	0.000010	0.000010	0.602546	0.000010	0.000010	LD_0.9_6_1468
QG3057	0.000010	0.000010	0.000010	0.999950	0.000010	0.000010	LD_0.9_6_1468
QG3058	0.043765	0.000010	0.000010	0.956195	0.000010	0.000010	LD_0.9_6_1468
QG3527	0.842715	0.000010	0.000010	0.157245	0.000010	0.000010	LD_0.9_6_1468
QG3661	0.000010	0.000010	0.999950	0.000010	0.000010	0.000010	LD_0.9_6_1468
QG3783	0.888568	0.000010	0.000010	0.111392	0.000010	0.000010	LD_0.9_6_1468
QG3801	0.030925	0.000010	0.000010	0.969035	0.000010	0.000010	LD_0.9_6_1468
QG3815	0.883760	0.000010	0.000010	0.116200	0.000010	0.000010	LD_0.9_6_1468
QG3816	0.904509	0.000010	0.000010	0.095451	0.000010	0.000010	LD_0.9_6_1468
QG3823	0.031006	0.000010	0.000010	0.968954	0.000010	0.000010	LD_0.9_6_1468
QG3825	0.964983	0.000010	0.000010	0.034977	0.000010	0.000010	LD_0.9_6_1468
QG3826	0.882962	0.000010	0.000014	0.116992	0.000012	0.000010	LD_0.9_6_1468
QG3837	0.983126	0.000010	0.000010	0.016834	0.000010	0.000010	LD_0.9_6_1468
QG3851	0.871861	0.000010	0.000013	0.128095	0.000010	0.000010	LD_0.9_6_1468
QG3861	0.898494	0.000010	0.000010	0.101466	0.000010	0.000010	LD_0.9_6_1468
QG3867	0.066144	0.000010	0.000010	0.933816	0.000010	0.000010	LD_0.9_6_1468
QG3874	0.960835	0.000010	0.000010	0.039125	0.000010	0.000010	LD_0.9_6_1468
QG3875	0.910538	0.000010	0.000010	0.089419	0.000014	0.000010	LD_0.9_6_1468
QG3876	0.875558	0.000010	0.000014	0.124397	0.000010	0.000010	LD_0.9_6_1468
QG3878	0.905258	0.000010	0.000010	0.094702	0.000010	0.000010	LD_0.9_6_1468
QG3920	0.840895	0.000010	0.000010	0.159065	0.000010	0.000010	LD_0.9_6_1468
QG3921	0.855914	0.000010	0.000010	0.144046	0.000010	0.000010	LD_0.9_6_1468
QG3923	0.938731	0.000010	0.000010	0.061229	0.000010	0.000010	LD_0.9_6_1468
QG3924	0.766229	0.000017	0.000014	0.233720	0.000011	0.000010	LD_0.9_6_1468
QG3925	0.855099	0.000010	0.000010	0.144861	0.000010	0.000010	LD_0.9_6_1468
QG3926	0.878049	0.000010	0.000010	0.121911	0.000010	0.000010	LD_0.9_6_1468
QG3927	0.869135	0.000010	0.000010	0.130825	0.000010	0.000010	LD_0.9_6_1468
QG3931	0.744678	0.000010	0.000010	0.255282	0.000010	0.000010	LD_0.9_6_1468
QG3932	0.861343	0.000010	0.000010	0.138617	0.000010	0.000010	LD_0.9_6_1468
QG3933	0.999950	0.000010	0.000010	0.000010	0.000010	0.000010	LD_0.9_6_1468
QG4026	0.000010	0.000010	0.000010	0.000010	0.000010	0.999950	LD_0.9_6_1468
QG4028	0.000010	0.000010	0.000010	0.000010	0.000010	0.999950	LD_0.9_6_1468
QG4031	0.000010	0.000010	0.000010	0.000010	0.000010	0.999950	LD_0.9_6_1468
QG4063	0.000012	0.000010	0.000010	0.000010	0.000010	0.999948	LD_0.9_6_1468
QG4064	0.000010	0.000010	0.000011	0.000010	0.000010	0.999949	LD_0.9_6_1468
QG4067	0.000010	0.000010	0.000019	0.000010	0.000010	0.999941	LD_0.9_6_1468
QG4068	0.000010	0.000010	0.000019	0.000010	0.000010	0.999941	LD_0.9_6_1468
QG4070	0.999950	0.000010	0.000010	0.000010	0.000010	0.000010	LD_0.9_6_1468
QG4093	0.000010	0.000010	0.000010	0.000010	0.000010	0.999950	LD_0.9_6_1468
QG4094	0.000010	0.000013	0.000018	0.000010	0.000010	0.999939	LD_0.9_6_1468
QG4095	0.000010	0.000010	0.000017	0.000010	0.000010	0.999943	LD_0.9_6_1468
QG4096	0.000010	0.000010	0.000019	0.000010	0.000010	0.999941	LD_0.9_6_1468
QG4097	0.000010	0.000010	0.000016	0.000010	0.000010	0.999944	LD_0.9_6_1468
QG4104	0.000010	0.000015	0.000010	0.000010	0.000010	0.999945	LD_0.9_6_1468
QG4114	0.000012	0.000010	0.000016	0.000010	0.000010	0.999942	LD_0.9_6_1468
QG4131	0.000014	0.000010	0.000020	0.000010	0.000010	0.999936	LD_0.9_6_1468
QG4132	0.000010	0.000011	0.000010	0.000010	0.000010	0.999949	LD_0.9_6_1468
QG4208	0.000010	0.000010	0.000010	0.000010	0.000010	0.999950	LD_0.9_6_1468
QG4214	0.000010	0.000010	0.000010	0.000010	0.000010	0.999950	LD_0.9_6_1468
QG4225	0.000010	0.000010	0.000014	0.000010	0.000010	0.999946	LD_0.9_6_1468
QG4232	0.000010	0.000010	0.000010	0.000010	0.000010	0.999950	LD_0.9_6_1468
QG4233	0.000010	0.000010	0.000010	0.000010	0.000010	0.999950	LD_0.9_6_1468
QG4647	0.060217	0.000010	0.000010	0.939743	0.000010	0.000010	LD_0.9_6_1468
QG4648	0.999950	0.000010	0.000010	0.000010	0.000010	0.000010	LD_0.9_6_1468
QG4683	0.999946	0.000014	0.000010	0.000010	0.000010	0.000010	LD_0.9_6_1468
QG4701	0.417577	0.000010	0.000010	0.582383	0.000010	0.000010	LD_0.9_6_1468
QG4706	0.999950	0.000010	0.000010	0.000010	0.000010	0.000010	LD_0.9_6_1468
QG4718	0.999950	0.000010	0.000010	0.000010	0.000010	0.000010	LD_0.9_6_1468
QG4742	0.999944	0.000010	0.000010	0.000016	0.000010	0.000010	LD_0.9_6_1468
QG4805	0.064577	0.000010	0.000010	0.935383	0.000010	0.000010	LD_0.9_6_1468
QG4847	0.999950	0.000010	0.000010	0.000010	0.000010	0.000010	LD_0.9_6_1468
QG4966	0.999947	0.000013	0.000010	0.000010	0.000010	0.000010	LD_0.9_6_1468
QG5348	0.999950	0.000010	0.000010	0.000010	0.000010	0.000010	LD_0.9_6_1468
QG5406	0.999943	0.000017	0.000010	0.000010	0.000010	0.000010	LD_0.9_6_1468
QG547	0.000010	0.000010	0.999950	0.000010	0.000010	0.000010	LD_0.9_6_1468
QG5474	0.366371	0.000010	0.000010	0.633589	0.000010	0.000010	LD_0.9_6_1468
QG5488	0.999950	0.000010	0.000010	0.000010	0.000010	0.000010	LD_0.9_6_1468
QG550	0.920286	0.000010	0.000010	0.079674	0.000010	0.000010	LD_0.9_6_1468
QG5507	0.802575	0.000010	0.000010	0.197385	0.000010	0.000010	LD_0.9_6_1468
QG5525	0.999950	0.000010	0.000010	0.000010	0.000010	0.000010	LD_0.9_6_1468
QG5589	0.183149	0.000010	0.000010	0.816811	0.000010	0.000010	LD_0.9_6_1468
QG5603	0.337179	0.000010	0.000010	0.662781	0.000010	0.000010	LD_0.9_6_1468
QG5611	0.999950	0.000010	0.000010	0.000010	0.000010	0.000010	LD_0.9_6_1468
QG5612	0.995825	0.000010	0.000010	0.004135	0.000010	0.000010	LD_0.9_6_1468
QG5633	0.999950	0.000010	0.000010	0.000010	0.000010	0.000010	LD_0.9_6_1468
QG581	0.000010	0.000010	0.999950	0.000010	0.000010	0.000010	LD_0.9_6_1468
QG588	0.000010	0.000010	0.999948	0.000012	0.000010	0.000010	LD_0.9_6_1468
QG700	0.141041	0.000010	0.000010	0.858919	0.000010	0.000010	LD_0.9_6_1468
QG727	0.000010	0.000010	0.000010	0.999950	0.000010	0.000010	LD_0.9_6_1468
QG733	0.000010	0.000010	0.000010	0.999950	0.000010	0.000010	LD_0.9_6_1468
QG736	0.000010	0.000010	0.000010	0.999950	0.000010	0.000010	LD_0.9_6_1468
QG737	0.000010	0.000010	0.000010	0.999950	0.000010	0.000010	LD_0.9_6_1468
QG739	0.000010	0.000010	0.000010	0.999950	0.000010	0.000010	LD_0.9_6_1468
QG761	0.221081	0.000010	0.000010	0.778879	0.000010	0.000010	LD_0.9_6_1468
QG763	0.038966	0.000010	0.000010	0.960990	0.000013	0.000010	LD_0.9_6_1468
QG776	0.000010	0.000010	0.000010	0.999950	0.000010	0.000010	LD_0.9_6_1468
QG781	0.000010	0.000010	0.000010	0.999950	0.000010	0.000010	LD_0.9_6_1468
QG784	0.000010	0.000010	0.000010	0.999950	0.000010	0.000010	LD_0.9_6_1468
QG786	0.000010	0.000010	0.000010	0.999950	0.000010	0.000010	LD_0.9_6_1468
QG788	0.000010	0.000010	0.000010	0.999950	0.000010	0.000010	LD_0.9_6_1468
QG790	0.000010	0.000010	0.000010	0.999950	0.000010	0.000010	LD_0.9_6_1468
QG791	0.035948	0.000010	0.000010	0.964012	0.000010	0.000010	LD_0.9_6_1468
QG795	0.266893	0.000010	0.000012	0.733065	0.000010	0.000010	LD_0.9_6_1468
QG797	0.000010	0.000010	0.000012	0.999948	0.000010	0.000010	LD_0.9_6_1468
QG802	0.012521	0.000010	0.000010	0.987439	0.000010	0.000010	LD_0.9_6_1468
QG804	0.000012	0.000010	0.000010	0.999948	0.000010	0.000010	LD_0.9_6_1468
QG806	0.000010	0.000010	0.000010	0.999950	0.000010	0.000010	LD_0.9_6_1468
QG807	0.000010	0.000010	0.000010	0.999950	0.000010	0.000010	LD_0.9_6_1468
QG808	0.018214	0.000010	0.000010	0.981746	0.000010	0.000010	LD_0.9_6_1468
QG809	0.000010	0.000010	0.000010	0.999950	0.000010	0.000010	LD_0.9_6_1468
QG825	0.000010	0.000010	0.000010	0.999950	0.000010	0.000010	LD_0.9_6_1468
QG827	0.000010	0.000010	0.000010	0.999950	0.000010	0.000010	LD_0.9_6_1468
QG828	0.000010	0.000010	0.000010	0.999950	0.000010	0.000010	LD_0.9_6_1468
QG833	0.030891	0.000010	0.000011	0.969068	0.000010	0.000010	LD_0.9_6_1468
QG855	0.004748	0.000010	0.000010	0.995212	0.000010	0.000010	LD_0.9_6_1468
QG856	0.000010	0.000010	0.000010	0.999950	0.000010	0.000010	LD_0.9_6_1468
QG858	0.000019	0.000010	0.000010	0.999941	0.000010	0.000010	LD_0.9_6_1468
QG860	0.190575	0.000010	0.000010	0.809385	0.000010	0.000010	LD_0.9_6_1468
QG864	0.000010	0.000010	0.000010	0.999950	0.000010	0.000010	LD_0.9_6_1468
QG865	0.000010	0.000010	0.000010	0.999950	0.000010	0.000010	LD_0.9_6_1468
QG866	0.000010	0.000010	0.000010	0.999950	0.000010	0.000010	LD_0.9_6_1468
QG868	0.027788	0.000010	0.000010	0.972172	0.000010	0.000010	LD_0.9_6_1468
QG874	0.000010	0.000010	0.000010	0.999946	0.000014	0.000010	LD_0.9_6_1468
QG875	0.000010	0.000012	0.000010	0.999947	0.000010	0.000010	LD_0.9_6_1468
QG878	0.000010	0.000010	0.000010	0.999950	0.000010	0.000010	LD_0.9_6_1468
QG879	0.000010	0.000010	0.000010	0.999950	0.000010	0.000010	LD_0.9_6_1468
QG880	0.000010	0.000011	0.000015	0.999944	0.000010	0.000010	LD_0.9_6_1468
QG881	0.227631	0.000010	0.000010	0.772329	0.000010	0.000010	LD_0.9_6_1468
QG887	0.000010	0.000010	0.000010	0.999950	0.000010	0.000010	LD_0.9_6_1468
QG888	0.000010	0.000013	0.000015	0.999939	0.000013	0.000010	LD_0.9_6_1468
QG926	0.000010	0.000010	0.000010	0.999950	0.000010	0.000010	LD_0.9_6_1468
QG927	0.944535	0.000010	0.000010	0.055425	0.000010	0.000010	LD_0.9_6_1468
QG933	0.000010	0.000010	0.000010	0.999950	0.000010	0.000010	LD_0.9_6_1468
QG937	0.000010	0.000010	0.000010	0.999950	0.000010	0.000010	LD_0.9_6_1468
QG945	0.000010	0.000010	0.000010	0.999950	0.000010	0.000010	LD_0.9_6_1468
QG946	0.000010	0.000010	0.000010	0.999950	0.000010	0.000010	LD_0.9_6_1468
QG947	0.000010	0.000010	0.000010	0.999950	0.000010	0.000010	LD_0.9_6_1468
QG948	0.000010	0.000010	0.000010	0.999950	0.000010	0.000010	LD_0.9_6_1468
QG952	0.096726	0.000010	0.000010	0.903234	0.000010	0.000010	LD_0.9_6_1468
QG978	0.109487	0.000010	0.000010	0.890473	0.000010	0.000010	LD_0.9_6_1468
QG980	0.000010	0.000010	0.000010	0.999950	0.000010	0.000010	LD_0.9_6_1468
QG986	0.038551	0.000010	0.000010	0.961409	0.000010	0.000010	LD_0.9_6_1468
QG991	0.000010	0.000010	0.000010	0.999950	0.000010	0.000010	LD_0.9_6_1468
QG994	0.000010	0.000010	0.000010	0.999950	0.000010	0.000010	LD_0.9_6_1468
QG995	0.000010	0.000010	0.000010	0.999950	0.000010	0.000010	LD_0.9_6_1468
QG997	0.000010	0.000010	0.000010	0.999950	0.000010	0.000010	LD_0.9_6_1468
QG998	0.000010	0.000010	0.000010	0.999950	0.000010	0.000010	LD_0.9_6_1468
QR25	0.022364	0.010973	0.712639	0.000010	0.231359	0.022655	LD_0.9_6_1468
QX1410	0.999948	0.000010	0.000010	0.000010	0.000012	0.000010	LD_0.9_6_1468
QX1547	0.000010	0.000010	0.999950	0.000010	0.000010	0.000010	LD_0.9_6_1468
QX1795	0.999950	0.000010	0.000010	0.000010	0.000010	0.000010	LD_0.9_6_1468
QX1796	0.999950	0.000010	0.000010	0.000010	0.000010	0.000010	LD_0.9_6_1468
QX1798	0.000010	0.999950	0.000010	0.000010	0.000010	0.000010	LD_0.9_6_1468
QX1800	0.999941	0.000019	0.000010	0.000010	0.000010	0.000010	LD_0.9_6_1468
QX1801	0.999950	0.000010	0.000010	0.000010	0.000010	0.000010	LD_0.9_6_1468
QX1802	0.999950	0.000010	0.000010	0.000010	0.000010	0.000010	LD_0.9_6_1468
QX1803	0.999950	0.000010	0.000010	0.000010	0.000010	0.000010	LD_0.9_6_1468
QX1804	0.999950	0.000010	0.000010	0.000010	0.000010	0.000010	LD_0.9_6_1468
SOW18	0.000010	0.000010	0.999950	0.000010	0.000010	0.000010	LD_0.9_6_1468
SOW21	0.000010	0.000010	0.999950	0.000010	0.000010	0.000010	LD_0.9_6_1468
SOW22	0.000010	0.000010	0.999946	0.000014	0.000010	0.000010	LD_0.9_6_1468
TT3408	0.999950	0.000010	0.000010	0.000010	0.000010	0.000010	LD_0.9_6_1468
TT3411	0.999950	0.000010	0.000010	0.000010	0.000010	0.000010	LD_0.9_6_1468
TWN1772	0.000010	0.999950	0.000010	0.000010	0.000010	0.000010	LD_0.9_6_1468
TWN1824	0.000010	0.000010	0.999946	0.000014	0.000010	0.000010	LD_0.9_6_1468
TWN1899	0.000010	0.000010	0.999950	0.000010	0.000010	0.000010	LD_0.9_6_1468
TWN1907	0.000010	0.999947	0.000010	0.000013	0.000010	0.000010	LD_0.9_6_1468
TWN2919	0.000016	0.999944	0.000010	0.000010	0.000010	0.000010	LD_0.9_6_1468
TWN3077	0.000010	0.999950	0.000010	0.000010	0.000010	0.000010	LD_0.9_6_1468
UH1	0.000010	0.999950	0.000010	0.000010	0.000010	0.000010	LD_0.9_6_1468
VSL2201	0.862441	0.000010	0.000010	0.000019	0.137510	0.000010	LD_0.9_6_1468
VSL2207	0.000010	0.000010	0.000010	0.000010	0.000010	0.999950	LD_0.9_6_1468
VSL2209	0.000010	0.000010	0.000010	0.000010	0.000010	0.999950	LD_0.9_6_1468
VSL2210	0.999950	0.000010	0.000010	0.000010	0.000010	0.000010	LD_0.9_6_1468
VSL2212	0.999950	0.000010	0.000010	0.000010	0.000010	0.000010	LD_0.9_6_1468
VSL2213	0.732482	0.000010	0.000010	0.000010	0.267478	0.000010	LD_0.9_6_1468
VSL2215	0.762070	0.000010	0.000010	0.036266	0.201634	0.000010	LD_0.9_6_1468
VSL2216	0.751154	0.000010	0.000010	0.000010	0.248806	0.000010	LD_0.9_6_1468
VSL2217	0.058438	0.000010	0.000010	0.941522	0.000010	0.000010	LD_0.9_6_1468
VSL2219	0.999950	0.000010	0.000010	0.000010	0.000010	0.000010	LD_0.9_6_1468
VT847	0.999950	0.000010	0.000010	0.000010	0.000010	0.000010	LD_0.9_6_1468
VX34	0.000010	0.000010	0.199086	0.000010	0.800874	0.000010	LD_0.9_6_1468
XZ1204	0.929109	0.000018	0.000010	0.000010	0.070843	0.000010	LD_0.9_6_1468
XZ1205	0.818198	0.000010	0.000010	0.000010	0.181762	0.000010	LD_0.9_6_1468
XZ1206	0.819157	0.000010	0.000010	0.000010	0.180803	0.000010	LD_0.9_6_1468
XZ1207	0.999950	0.000010	0.000010	0.000010	0.000010	0.000010	LD_0.9_6_1468
XZ1210	0.999950	0.000010	0.000010	0.000010	0.000010	0.000010	LD_0.9_6_1468
XZ1212	0.999949	0.000010	0.000010	0.000011	0.000010	0.000010	LD_0.9_6_1468
XZ1213	0.999950	0.000010	0.000010	0.000010	0.000010	0.000010	LD_0.9_6_1468
XZ1731	0.999950	0.000010	0.000010	0.000010	0.000010	0.000010	LD_0.9_6_1468
XZ1732	0.999950	0.000010	0.000010	0.000010	0.000010	0.000010	LD_0.9_6_1468
ZZY0992	0.000016	0.000014	0.000010	0.999940	0.000010	0.000010	LD_0.9_6_1468
ZZY1034	0.999947	0.000013	0.000010	0.000010	0.000010	0.000010	LD_0.9_6_1468
ZZY1075	0.999950	0.000010	0.000010	0.000010	0.000010	0.000010	LD_0.9_6_1468
ZZY1123	0.024522	0.000019	0.000010	0.975429	0.000010	0.000010	LD_0.9_6_1468
ZZY1130	0.999950	0.000010	0.000010	0.000010	0.000010	0.000010	LD_0.9_6_1468
ZZY405	0.999948	0.000010	0.000010	0.000012	0.000010	0.000010	LD_0.9_6_1468
AF16	0.000010	0.000011	0.000010	0.000012	0.000010	0.999946	LD_0.9_6_1553
BRC20069	0.000010	0.000010	0.000010	0.000010	0.000010	0.999950	LD_0.9_6_1553
BRC20073	0.000010	0.000010	0.000010	0.000010	0.000010	0.999950	LD_0.9_6_1553
BRC20075	0.000011	0.000011	0.000010	0.000010	0.999948	0.000010	LD_0.9_6_1553
BRC20077	0.000010	0.000010	0.000010	0.000010	0.000010	0.999950	LD_0.9_6_1553
BRC20081	0.000010	0.999950	0.000010	0.000010	0.000010	0.000010	LD_0.9_6_1553
BRC20085	0.000010	0.000010	0.000014	0.567642	0.000010	0.432314	LD_0.9_6_1553
BRC20088	0.000010	0.999950	0.000010	0.000010	0.000010	0.000010	LD_0.9_6_1553
BRC20089	0.000011	0.000010	0.000010	0.000010	0.000010	0.999949	LD_0.9_6_1553
BRC20090	0.000010	0.000010	0.000010	0.080416	0.000010	0.919544	LD_0.9_6_1553
BRC20092	0.000012	0.000010	0.000010	0.608631	0.000010	0.391327	LD_0.9_6_1553
BRC20093	0.000010	0.000010	0.000010	0.000018	0.000010	0.999942	LD_0.9_6_1553
BRC20094	0.000010	0.000010	0.000010	0.629667	0.000010	0.370293	LD_0.9_6_1553
BRC20095	0.000010	0.000014	0.000010	0.000010	0.000010	0.999946	LD_0.9_6_1553
BRC20096	0.000014	0.000010	0.000010	0.000017	0.000010	0.999939	LD_0.9_6_1553
BRC20098	0.000010	0.000010	0.000010	0.000010	0.000010	0.999950	LD_0.9_6_1553
BRC20099	0.000010	0.000010	0.000010	0.000010	0.000010	0.999950	LD_0.9_6_1553
BRC20100	0.000010	0.000010	0.000010	0.000010	0.000010	0.999950	LD_0.9_6_1553
BRC20102	0.000012	0.000010	0.000010	0.000010	0.000010	0.999948	LD_0.9_6_1553
BRC20103	0.000010	0.000010	0.000010	0.000010	0.000010	0.999950	LD_0.9_6_1553
BRC20105	0.000010	0.000011	0.000012	0.678831	0.000010	0.321126	LD_0.9_6_1553
BRC20107	0.000010	0.000010	0.000010	0.633235	0.000010	0.366725	LD_0.9_6_1553
BRC20115	0.000010	0.162774	0.000010	0.000010	0.835902	0.001293	LD_0.9_6_1553
BRC20119	0.000010	0.000017	0.000010	0.832475	0.000010	0.167478	LD_0.9_6_1553
BRC20228	0.000010	0.000010	0.000010	0.000010	0.000010	0.999950	LD_0.9_6_1553
BRC20229	0.000010	0.000015	0.000010	0.000010	0.999945	0.000010	LD_0.9_6_1553
BRC20230	0.000010	0.999950	0.000010	0.000010	0.000010	0.000010	LD_0.9_6_1553
BRC20232	0.000013	0.000010	0.000011	0.000010	0.999946	0.000010	LD_0.9_6_1553
BRC20238	0.000010	0.999948	0.000010	0.000012	0.000010	0.000010	LD_0.9_6_1553
BRC20239	0.000010	0.000010	0.000010	0.000010	0.999950	0.000010	LD_0.9_6_1553
BRC20241	0.000010	0.000016	0.000010	0.087086	0.000010	0.912868	LD_0.9_6_1553
BRC20242	0.000010	0.000010	0.000010	0.013341	0.000010	0.986619	LD_0.9_6_1553
BRC20244	0.000011	0.999949	0.000010	0.000010	0.000010	0.000010	LD_0.9_6_1553
BRC20246	0.000013	0.999945	0.000010	0.000012	0.000010	0.000010	LD_0.9_6_1553
BRC20257	0.000010	0.000010	0.000010	0.999950	0.000010	0.000010	LD_0.9_6_1553
BRC20260	0.000012	0.000010	0.000010	0.000020	0.000010	0.999938	LD_0.9_6_1553
BRC20270	0.000010	0.999950	0.000010	0.000010	0.000010	0.000010	LD_0.9_6_1553
BRC20272	0.000010	0.999950	0.000010	0.000010	0.000010	0.000010	LD_0.9_6_1553
BRC20289	0.000010	0.999950	0.000010	0.000010	0.000010	0.000010	LD_0.9_6_1553
BRC20290	0.000010	0.999950	0.000010	0.000010	0.000010	0.000010	LD_0.9_6_1553
BRC20294	0.000010	0.000010	0.000010	0.016444	0.000010	0.983516	LD_0.9_6_1553
BRC20308	0.000012	0.999948	0.000010	0.000010	0.000010	0.000010	LD_0.9_6_1553
BRC20309	0.000012	0.999948	0.000010	0.000010	0.000010	0.000010	LD_0.9_6_1553
BRC20311	0.000010	0.999950	0.000010	0.000010	0.000010	0.000010	LD_0.9_6_1553
BRC20312	0.000010	0.999950	0.000010	0.000010	0.000010	0.000010	LD_0.9_6_1553
BRC20315	0.000011	0.999949	0.000010	0.000010	0.000010	0.000010	LD_0.9_6_1553
BRC20320	0.000010	0.999947	0.000010	0.000013	0.000010	0.000010	LD_0.9_6_1553
BRC20324	0.000010	0.000010	0.000010	0.000010	0.634634	0.365326	LD_0.9_6_1553
BRC20331	0.000010	0.999950	0.000010	0.000010	0.000010	0.000010	LD_0.9_6_1553
BRC20333	0.000011	0.999946	0.000010	0.000013	0.000010	0.000010	LD_0.9_6_1553
BRC20334	0.000010	0.999950	0.000010	0.000010	0.000010	0.000010	LD_0.9_6_1553
BRC20339	0.000010	0.999949	0.000011	0.000010	0.000010	0.000010	LD_0.9_6_1553
BRC20341	0.000010	0.999947	0.000010	0.000013	0.000010	0.000010	LD_0.9_6_1553
BRC20343	0.000010	0.000010	0.000010	0.000010	0.999950	0.000010	LD_0.9_6_1553
BRC20346	0.000011	0.999949	0.000011	0.000010	0.000010	0.000010	LD_0.9_6_1553
BRC20347	0.000010	0.000010	0.000010	0.000010	0.999950	0.000010	LD_0.9_6_1553
BRC20348	0.000010	0.999950	0.000010	0.000010	0.000010	0.000010	LD_0.9_6_1553
BRC20353	0.000010	0.000019	0.000010	0.999941	0.000010	0.000010	LD_0.9_6_1553
BRC20360	0.000010	0.000011	0.000010	0.999949	0.000010	0.000010	LD_0.9_6_1553
BRC20361	0.000013	0.000015	0.000010	0.999942	0.000010	0.000010	LD_0.9_6_1553
BRC20362	0.000010	0.000010	0.000010	0.983212	0.000010	0.016748	LD_0.9_6_1553
BRC20366	0.000010	0.999950	0.000010	0.000010	0.000010	0.000010	LD_0.9_6_1553
BRC20367	0.000010	0.999950	0.000010	0.000010	0.000010	0.000010	LD_0.9_6_1553
BRC20369	0.000010	0.000010	0.000010	0.000010	0.000010	0.999950	LD_0.9_6_1553
BRC20370	0.000011	0.999949	0.000010	0.000010	0.000010	0.000010	LD_0.9_6_1553
BRC20388	0.000010	0.000010	0.000010	0.000010	0.999950	0.000010	LD_0.9_6_1553
BRC20390	0.000012	0.999948	0.000010	0.000010	0.000010	0.000010	LD_0.9_6_1553
BRC20401	0.000016	0.000010	0.000010	0.000011	0.000010	0.999943	LD_0.9_6_1553
BRC20463	0.000010	0.999947	0.000010	0.000010	0.000013	0.000010	LD_0.9_6_1553
BRC20492	0.000010	0.175053	0.000010	0.000010	0.824907	0.000010	LD_0.9_6_1553
BRC20499	0.000010	0.999950	0.000010	0.000010	0.000010	0.000010	LD_0.9_6_1553
BRC20501	0.000010	0.999950	0.000010	0.000010	0.000010	0.000010	LD_0.9_6_1553
BRC20502	0.000010	0.114975	0.000013	0.000010	0.822318	0.062674	LD_0.9_6_1553
BRC20503	0.000010	0.115876	0.000010	0.000010	0.821469	0.062625	LD_0.9_6_1553
BRC20519	0.000010	0.167749	0.000010	0.000010	0.832211	0.000010	LD_0.9_6_1553
BRC20520	0.000010	0.173790	0.000010	0.000010	0.826170	0.000010	LD_0.9_6_1553
BRC20522	0.000010	0.000010	0.000010	0.000010	0.999950	0.000010	LD_0.9_6_1553
BRC20524	0.000010	0.000010	0.000015	0.000010	0.999945	0.000010	LD_0.9_6_1553
BRC20529	0.000010	0.999950	0.000010	0.000010	0.000010	0.000010	LD_0.9_6_1553
BRC20530	0.000010	0.000011	0.000010	0.000010	0.999949	0.000010	LD_0.9_6_1553
BRC20531	0.000010	0.000010	0.000010	0.000010	0.999950	0.000010	LD_0.9_6_1553
BRC20532	0.000010	0.999947	0.000010	0.000013	0.000010	0.000010	LD_0.9_6_1553
BRC20533	0.000010	0.999950	0.000010	0.000010	0.000010	0.000010	LD_0.9_6_1553
BRC20534	0.000011	0.999949	0.000010	0.000010	0.000010	0.000010	LD_0.9_6_1553
BRC20535	0.000012	0.999947	0.000010	0.000010	0.000010	0.000010	LD_0.9_6_1553
BRC20536	0.000010	0.999950	0.000010	0.000010	0.000010	0.000010	LD_0.9_6_1553
BRC20537	0.000011	0.999949	0.000010	0.000010	0.000010	0.000010	LD_0.9_6_1553
BRC20541	0.000010	0.154415	0.000010	0.000010	0.827935	0.017620	LD_0.9_6_1553
BRC20543	0.000010	0.999950	0.000010	0.000010	0.000010	0.000010	LD_0.9_6_1553
BRC20544	0.000010	0.999950	0.000010	0.000010	0.000010	0.000010	LD_0.9_6_1553
BRC20545	0.000011	0.999949	0.000010	0.000010	0.000010	0.000010	LD_0.9_6_1553
BRC20556	0.000010	0.000010	0.000010	0.000010	0.000010	0.999950	LD_0.9_6_1553
BRC20557	0.000010	0.999950	0.000010	0.000010	0.000010	0.000010	LD_0.9_6_1553
BRC20565	0.000010	0.000010	0.000010	0.000010	0.000010	0.999950	LD_0.9_6_1553
BRC20571	0.000017	0.000017	0.000013	0.149379	0.000010	0.850564	LD_0.9_6_1553
BRC20574	0.000010	0.000010	0.000010	0.000010	0.000010	0.999950	LD_0.9_6_1553
BW287	0.000010	0.000010	0.000010	0.000010	0.999950	0.000010	LD_0.9_6_1553
DF5100	0.000010	0.000010	0.000010	0.000010	0.000010	0.999950	LD_0.9_6_1553
ECA1129	0.000010	0.000012	0.000010	0.000010	0.000010	0.999948	LD_0.9_6_1553
ECA1143	0.000010	0.000010	0.000010	0.000010	0.000010	0.999950	LD_0.9_6_1553
ECA1147	0.000010	0.000017	0.000010	0.000010	0.000010	0.999943	LD_0.9_6_1553
ECA1149	0.000010	0.048575	0.000010	0.000010	0.000010	0.951385	LD_0.9_6_1553
ECA1160	0.000010	0.000010	0.000010	0.000010	0.000010	0.999950	LD_0.9_6_1553
ECA1164	0.000011	0.000010	0.000010	0.000010	0.000010	0.999949	LD_0.9_6_1553
ECA1170	0.000010	0.999950	0.000010	0.000010	0.000010	0.000010	LD_0.9_6_1553
ECA1174	0.000010	0.000010	0.000010	0.000010	0.000010	0.999950	LD_0.9_6_1553
ECA1383	0.000010	0.999950	0.000010	0.000010	0.000010	0.000010	LD_0.9_6_1553
ECA1411	0.000010	0.000010	0.000010	0.000010	0.000010	0.999950	LD_0.9_6_1553
ECA1423	0.000010	0.000010	0.000011	0.000010	0.000010	0.999949	LD_0.9_6_1553
ECA1429	0.000010	0.000010	0.000012	0.000010	0.000010	0.999948	LD_0.9_6_1553
ECA1431	0.000010	0.000014	0.000010	0.000010	0.000010	0.999946	LD_0.9_6_1553
ECA1437	0.000010	0.000010	0.000010	0.000010	0.000010	0.999950	LD_0.9_6_1553
ECA1439	0.000010	0.000010	0.000012	0.000010	0.000010	0.999948	LD_0.9_6_1553
ECA1443	0.000011	0.953033	0.000010	0.000011	0.000010	0.046926	LD_0.9_6_1553
ECA1471	0.000010	0.000010	0.000010	0.000010	0.000010	0.999950	LD_0.9_6_1553
ECA1489	0.000010	0.000010	0.000010	0.000010	0.000010	0.999950	LD_0.9_6_1553
ECA1507	0.000010	0.000010	0.000010	0.000010	0.000010	0.999950	LD_0.9_6_1553
ECA1509	0.000014	0.000010	0.000010	0.000010	0.000010	0.999946	LD_0.9_6_1553
ECA1517	0.000010	0.000010	0.000010	0.000010	0.000010	0.999950	LD_0.9_6_1553
ECA1521	0.000010	0.000010	0.000010	0.000010	0.000010	0.999950	LD_0.9_6_1553
ECA1555	0.000010	0.000010	0.000010	0.000010	0.000010	0.999950	LD_0.9_6_1553
ECA1559	0.000010	0.999950	0.000010	0.000010	0.000010	0.000010	LD_0.9_6_1553
ECA1563	0.000010	0.000010	0.000010	0.000010	0.000010	0.999950	LD_0.9_6_1553
ECA1571	0.000010	0.000010	0.000010	0.000010	0.000010	0.999950	LD_0.9_6_1553
ECA1587	0.000010	0.000010	0.000010	0.000010	0.000010	0.999950	LD_0.9_6_1553
ECA1605	0.000010	0.866995	0.000010	0.000010	0.000010	0.132965	LD_0.9_6_1553
ECA1609	0.000010	0.000012	0.000010	0.000010	0.000010	0.999948	LD_0.9_6_1553
ECA161	0.000010	0.000010	0.000010	0.000010	0.000010	0.999950	LD_0.9_6_1553
ECA1611	0.000011	0.000010	0.000010	0.000010	0.000010	0.999949	LD_0.9_6_1553
ECA1615	0.000010	0.000010	0.000010	0.000015	0.000010	0.999945	LD_0.9_6_1553
ECA162	0.000010	0.000010	0.000010	0.000010	0.000010	0.999950	LD_0.9_6_1553
ECA1621	0.000010	0.000010	0.000010	0.000010	0.000010	0.999950	LD_0.9_6_1553
ECA163	0.009875	0.000010	0.031819	0.000010	0.892748	0.065538	LD_0.9_6_1553
ECA1637	0.000010	0.000011	0.000015	0.000010	0.000010	0.999944	LD_0.9_6_1553
ECA1657	0.000010	0.000010	0.000010	0.000010	0.000010	0.999950	LD_0.9_6_1553
ECA1701	0.000010	0.000010	0.000010	0.000010	0.000010	0.999950	LD_0.9_6_1553
ECA175	0.000010	0.000010	0.000010	0.000010	0.000010	0.999950	LD_0.9_6_1553
ECA176	0.000010	0.000010	0.000010	0.000010	0.000010	0.999950	LD_0.9_6_1553
ECA177	0.000011	0.000010	0.000010	0.000010	0.000010	0.999949	LD_0.9_6_1553
ECA180	0.000010	0.000010	0.000010	0.012469	0.000010	0.987491	LD_0.9_6_1553
ECA182	0.000010	0.000010	0.000010	0.000010	0.000010	0.999950	LD_0.9_6_1553
ECA183	0.000010	0.000010	0.000010	0.000010	0.000010	0.999950	LD_0.9_6_1553
ECA185	0.000010	0.000010	0.000010	0.000010	0.000010	0.999950	LD_0.9_6_1553
ECA186	0.000010	0.000010	0.000010	0.000010	0.000010	0.999950	LD_0.9_6_1553
ECA2083	0.000010	0.000010	0.000010	0.000010	0.000010	0.999950	LD_0.9_6_1553
ECA2093	0.000011	0.000010	0.000010	0.000010	0.000010	0.999949	LD_0.9_6_1553
ECA2115	0.000010	0.000010	0.000010	0.000012	0.000010	0.999948	LD_0.9_6_1553
ECA2299	0.000010	0.999946	0.000010	0.000014	0.000010	0.000010	LD_0.9_6_1553
ECA2373	0.000010	0.000010	0.000010	0.000010	0.000010	0.999950	LD_0.9_6_1553
ECA2385	0.000010	0.999950	0.000010	0.000010	0.000010	0.000010	LD_0.9_6_1553
ECA2425	0.000010	0.000010	0.000010	0.000017	0.000010	0.999943	LD_0.9_6_1553
ECA2617	0.000014	0.000010	0.999946	0.000010	0.000010	0.000010	LD_0.9_6_1553
ECA2618	0.000012	0.000010	0.999948	0.000010	0.000010	0.000010	LD_0.9_6_1553
ECA2621	0.000015	0.000010	0.999945	0.000010	0.000010	0.000010	LD_0.9_6_1553
ECA2623	0.000010	0.000010	0.000010	0.000014	0.000010	0.999946	LD_0.9_6_1553
ECA2625	0.000010	0.000010	0.000010	0.000010	0.000010	0.999950	LD_0.9_6_1553
ECA2626	0.000010	0.000010	0.000010	0.000010	0.000010	0.999950	LD_0.9_6_1553
ECA2636	0.000010	0.000015	0.000010	0.000010	0.000010	0.999945	LD_0.9_6_1553
ECA2637	0.000010	0.000010	0.000010	0.000010	0.000010	0.999950	LD_0.9_6_1553
ECA2639	0.000010	0.000010	0.999950	0.000010	0.000010	0.000010	LD_0.9_6_1553
ECA2645	0.000010	0.000010	0.000010	0.000010	0.000010	0.999950	LD_0.9_6_1553
ECA2647	0.000010	0.000010	0.999950	0.000010	0.000010	0.000010	LD_0.9_6_1553
ECA2663	0.000010	0.000010	0.000010	0.000010	0.000010	0.999950	LD_0.9_6_1553
ECA2664	0.000010	0.000010	0.000010	0.000010	0.000010	0.999950	LD_0.9_6_1553
ECA2666	0.000010	0.000010	0.999950	0.000010	0.000010	0.000010	LD_0.9_6_1553
ECA2667	0.000010	0.000010	0.000010	0.000010	0.000010	0.999950	LD_0.9_6_1553
ECA2670	0.000018	0.000010	0.999942	0.000010	0.000010	0.000010	LD_0.9_6_1553
ECA276	0.006860	0.000010	0.034223	0.000010	0.892771	0.066126	LD_0.9_6_1553
ECA278	0.000010	0.000010	0.000010	0.000010	0.999950	0.000010	LD_0.9_6_1553
ECA2808	0.000010	0.000015	0.000011	0.000010	0.000010	0.999945	LD_0.9_6_1553
ECA287	0.000010	0.996766	0.000010	0.000010	0.000010	0.003194	LD_0.9_6_1553
ECA288	0.000013	0.113609	0.000011	0.000012	0.000010	0.886344	LD_0.9_6_1553
ECA2883	0.000010	0.000014	0.000010	0.000010	0.000010	0.999946	LD_0.9_6_1553
ECA2890	0.000010	0.000012	0.000010	0.000010	0.000010	0.999948	LD_0.9_6_1553
ECA2894	0.000010	0.000010	0.000011	0.000010	0.000010	0.999949	LD_0.9_6_1553
ECA2936	0.000010	0.999950	0.000010	0.000010	0.000010	0.000010	LD_0.9_6_1553
ECA2975	0.000010	0.000019	0.000010	0.000010	0.000010	0.999941	LD_0.9_6_1553
ECA3091	0.000010	0.000010	0.000010	0.000010	0.000010	0.999950	LD_0.9_6_1553
ECA343	0.000011	0.000013	0.000010	0.000010	0.000010	0.999946	LD_0.9_6_1553
ECA346	0.000010	0.000010	0.000010	0.000010	0.000010	0.999950	LD_0.9_6_1553
ECA3502	0.000010	0.999950	0.000010	0.000010	0.000010	0.000010	LD_0.9_6_1553
ECA3503	0.000010	0.000010	0.000010	0.000010	0.000010	0.999950	LD_0.9_6_1553
ECA3509	0.000010	0.000010	0.000010	0.000010	0.000010	0.999950	LD_0.9_6_1553
ECA3708	0.000010	0.000010	0.000010	0.000010	0.000010	0.999950	LD_0.9_6_1553
ECA371	0.000010	0.000010	0.000010	0.000010	0.000010	0.999950	LD_0.9_6_1553
ECA3712	0.000010	0.000010	0.000010	0.000010	0.000010	0.999950	LD_0.9_6_1553
ECA3713	0.000010	0.000010	0.000010	0.000010	0.000010	0.999950	LD_0.9_6_1553
ECA3899	0.000010	0.000010	0.000010	0.000010	0.000010	0.999950	LD_0.9_6_1553
ECA4382	0.000010	0.000010	0.000010	0.000010	0.000010	0.999950	LD_0.9_6_1553
ECA4390	0.000010	0.000010	0.000010	0.000010	0.000010	0.999950	LD_0.9_6_1553
ECA4394	0.000010	0.000010	0.000010	0.000010	0.000010	0.999950	LD_0.9_6_1553
ECA4402	0.000010	0.000010	0.000010	0.000010	0.000010	0.999950	LD_0.9_6_1553
ECA569	0.000010	0.000010	0.000010	0.000010	0.999950	0.000010	LD_0.9_6_1553
ED3032	0.000010	0.000010	0.000010	0.000010	0.000010	0.999950	LD_0.9_6_1553
ED3037	0.000010	0.000010	0.000010	0.000010	0.000010	0.999950	LD_0.9_6_1553
ED3088	0.000010	0.000010	0.000010	0.000010	0.000010	0.999950	LD_0.9_6_1553
ED3102	0.018308	0.011291	0.016070	0.000010	0.902778	0.051543	LD_0.9_6_1553
EG4360	0.000010	0.000010	0.000010	0.000010	0.999950	0.000010	LD_0.9_6_1553
EG5612	0.000010	0.000010	0.000010	0.815050	0.000010	0.184910	LD_0.9_6_1553
EG5613	0.000010	0.000010	0.000010	0.063184	0.000010	0.936776	LD_0.9_6_1553
EG6179	0.000010	0.000010	0.000010	0.156969	0.000010	0.842991	LD_0.9_6_1553
EG6260	0.000010	0.000010	0.000010	0.000010	0.000010	0.999950	LD_0.9_6_1553
EG6261	0.000010	0.000010	0.000010	0.000010	0.000010	0.999950	LD_0.9_6_1553
EG6265	0.000010	0.999950	0.000010	0.000010	0.000010	0.000010	LD_0.9_6_1553
EG6267	0.000010	0.000010	0.000010	0.000010	0.000010	0.999950	LD_0.9_6_1553
EG6271	0.000010	0.000010	0.000010	0.000010	0.000010	0.999950	LD_0.9_6_1553
EG6272	0.000010	0.000010	0.000014	0.000010	0.000010	0.999946	LD_0.9_6_1553
EG6274	0.000010	0.000010	0.000010	0.000010	0.000010	0.999950	LD_0.9_6_1553
EG6275	0.000010	0.000010	0.000010	0.000010	0.000010	0.999950	LD_0.9_6_1553
EG6276	0.000017	0.000010	0.000010	0.000010	0.000010	0.999943	LD_0.9_6_1553
EG6329	0.000010	0.000010	0.000010	0.000010	0.000010	0.999950	LD_0.9_6_1553
GUN124	0.000010	0.000010	0.000012	0.000010	0.999948	0.000010	LD_0.9_6_1553
GXW22	0.000010	0.000010	0.000010	0.000010	0.000010	0.999950	LD_0.9_6_1553
GXW23	0.000010	0.000010	0.000010	0.583443	0.000010	0.416517	LD_0.9_6_1553
HK104	0.000010	0.000010	0.000010	0.000010	0.999950	0.000010	LD_0.9_6_1553
HPT11	0.374350	0.206122	0.000010	0.000010	0.220204	0.199303	LD_0.9_6_1553
HPT16	0.000010	0.000010	0.000010	0.000011	0.000010	0.999949	LD_0.9_6_1553
HPT18	0.367341	0.207968	0.000010	0.000010	0.223552	0.201119	LD_0.9_6_1553
HPT19	0.000010	0.000010	0.000010	0.000010	0.000010	0.999950	LD_0.9_6_1553
HPT2	0.000010	0.000010	0.000010	0.001263	0.000010	0.998697	LD_0.9_6_1553
HPT21	0.000012	0.000010	0.000010	0.000010	0.000010	0.999948	LD_0.9_6_1553
HPT24	0.372084	0.206283	0.000010	0.000010	0.220129	0.201484	LD_0.9_6_1553
HPT34	0.000010	0.000010	0.000010	0.000010	0.000010	0.999950	LD_0.9_6_1553
HPT37	0.000010	0.000012	0.000010	0.008726	0.000010	0.991232	LD_0.9_6_1553
HPT4	0.000010	0.000010	0.000010	0.000010	0.000010	0.999950	LD_0.9_6_1553
HPT42	0.000010	0.000010	0.000010	0.000016	0.000010	0.999944	LD_0.9_6_1553
HPT52	0.000012	0.000017	0.000010	0.531861	0.000010	0.468090	LD_0.9_6_1553
HPT53	0.000010	0.000010	0.000010	0.000010	0.000010	0.999950	LD_0.9_6_1553
HPT54	0.000010	0.000010	0.000010	0.000010	0.000010	0.999950	LD_0.9_6_1553
HPT55	0.000010	0.000010	0.000010	0.000010	0.000010	0.999950	LD_0.9_6_1553
HPT59	0.000010	0.000012	0.000014	0.000017	0.000010	0.999937	LD_0.9_6_1553
HPT60	0.000010	0.000010	0.000010	0.000010	0.000010	0.999950	LD_0.9_6_1553
HPT62	0.000010	0.000010	0.000010	0.999950	0.000010	0.000010	LD_0.9_6_1553
HPT63	0.000012	0.000010	0.000010	0.000010	0.000010	0.999948	LD_0.9_6_1553
HPT7	0.000010	0.000010	0.000010	0.000010	0.000010	0.999950	LD_0.9_6_1553
HPT8	0.000010	0.000010	0.000010	0.000010	0.000010	0.999950	LD_0.9_6_1553
HPT9	0.000010	0.000010	0.000010	0.737695	0.000010	0.262265	LD_0.9_6_1553
JU1085	0.000010	0.000010	0.000010	0.000010	0.999950	0.000010	LD_0.9_6_1553
JU1337	0.000010	0.000010	0.000011	0.066235	0.000010	0.933723	LD_0.9_6_1553
JU1338	0.000010	0.000010	0.000010	0.967075	0.000010	0.032885	LD_0.9_6_1553
JU1341	0.999950	0.000010	0.000010	0.000010	0.000010	0.000010	LD_0.9_6_1553
JU1346	0.000010	0.000012	0.000010	0.999948	0.000010	0.000010	LD_0.9_6_1553
JU1347	0.000010	0.000010	0.000010	0.000010	0.000010	0.999950	LD_0.9_6_1553
JU1348	0.999949	0.000010	0.000011	0.000010	0.000010	0.000010	LD_0.9_6_1553
JU1375	0.000010	0.000010	0.000010	0.000010	0.000010	0.999950	LD_0.9_6_1553
JU1377	0.000010	0.000010	0.000010	0.000010	0.000010	0.999950	LD_0.9_6_1553
JU1378	0.000010	0.000015	0.000010	0.000010	0.000010	0.999945	LD_0.9_6_1553
JU1392	0.000010	0.000010	0.000010	0.000010	0.000010	0.999950	LD_0.9_6_1553
JU1399	0.000010	0.000010	0.000010	0.000010	0.000010	0.999950	LD_0.9_6_1553
JU1424	0.000010	0.000010	0.000010	0.938149	0.000010	0.061811	LD_0.9_6_1553
JU1435	0.000010	0.000010	0.000010	0.000010	0.000010	0.999950	LD_0.9_6_1553
JU1564	0.000010	0.000010	0.000010	0.000010	0.999950	0.000010	LD_0.9_6_1553
JU1637	0.000010	0.000010	0.000010	0.000010	0.000010	0.999950	LD_0.9_6_1553
JU1638	0.000010	0.000010	0.000010	0.000010	0.000010	0.999950	LD_0.9_6_1553
JU1794	0.000010	0.000010	0.000010	0.244989	0.000010	0.754971	LD_0.9_6_1553
JU1795	0.000010	0.000010	0.000010	0.000010	0.000010	0.999950	LD_0.9_6_1553
JU1799	0.000011	0.000010	0.000010	0.000014	0.000010	0.999945	LD_0.9_6_1553
JU1802	0.000010	0.000010	0.000010	0.000010	0.000010	0.999950	LD_0.9_6_1553
JU1814	0.000010	0.000018	0.000010	0.000010	0.000010	0.999942	LD_0.9_6_1553
JU1884	0.000010	0.000010	0.000010	0.000010	0.000010	0.999950	LD_0.9_6_1553
JU1885	0.000011	0.000010	0.000013	0.073909	0.000010	0.926047	LD_0.9_6_1553
JU1907	0.000010	0.000010	0.000010	0.000010	0.000010	0.999950	LD_0.9_6_1553
JU1908	0.000010	0.000010	0.000017	0.000011	0.000010	0.999942	LD_0.9_6_1553
JU1909	0.000010	0.000010	0.000010	0.000010	0.000010	0.999950	LD_0.9_6_1553
JU1913	0.000012	0.000015	0.000010	0.497500	0.000010	0.502452	LD_0.9_6_1553
JU2053	0.000010	0.000010	0.000010	0.000018	0.000010	0.999942	LD_0.9_6_1553
JU2054	0.000010	0.000015	0.000010	0.000010	0.000010	0.999945	LD_0.9_6_1553
JU2056	0.000010	0.000011	0.000010	0.000013	0.000010	0.999946	LD_0.9_6_1553
JU2057	0.000010	0.000010	0.000010	0.999950	0.000010	0.000010	LD_0.9_6_1553
JU2160	0.000010	0.000010	0.000010	0.999950	0.000010	0.000010	LD_0.9_6_1553
JU2162	0.000010	0.000010	0.000010	0.999950	0.000010	0.000010	LD_0.9_6_1553
JU2214	0.000010	0.000015	0.000010	0.000010	0.000010	0.999945	LD_0.9_6_1553
JU2216	0.000010	0.999950	0.000010	0.000010	0.000010	0.000010	LD_0.9_6_1553
JU2457	0.000010	0.000010	0.000010	0.000010	0.487356	0.512604	LD_0.9_6_1553
JU2470	0.000010	0.000010	0.000010	0.999950	0.000010	0.000010	LD_0.9_6_1553
JU2472	0.000010	0.000015	0.000010	0.000012	0.000010	0.999942	LD_0.9_6_1553
JU2507	0.000010	0.000010	0.000010	0.999950	0.000010	0.000010	LD_0.9_6_1553
JU2518	0.000010	0.000010	0.000010	0.000010	0.000010	0.999950	LD_0.9_6_1553
JU2536	0.000010	0.000010	0.000010	0.000010	0.999950	0.000010	LD_0.9_6_1553
JU2618	0.000010	0.000010	0.000010	0.000010	0.000010	0.999950	LD_0.9_6_1553
JU2799	0.000010	0.000010	0.000010	0.000010	0.000010	0.999950	LD_0.9_6_1553
JU2836	0.000010	0.000010	0.000010	0.000010	0.000010	0.999950	LD_0.9_6_1553
JU2849	0.000010	0.000010	0.000010	0.825156	0.000010	0.174804	LD_0.9_6_1553
JU2861	0.000010	0.000010	0.000010	0.000010	0.000010	0.999950	LD_0.9_6_1553
JU2868	0.000010	0.000016	0.000011	0.000010	0.000010	0.999944	LD_0.9_6_1553
JU2872	0.000010	0.000010	0.000010	0.000010	0.999950	0.000010	LD_0.9_6_1553
JU2910	0.000013	0.000011	0.000010	0.177609	0.000010	0.822348	LD_0.9_6_1553
JU3168	0.021568	0.000010	0.015089	0.000010	0.914080	0.049243	LD_0.9_6_1553
JU3171	0.000010	0.000010	0.000010	0.000010	0.000010	0.999950	LD_0.9_6_1553
JU3199	0.999950	0.000010	0.000010	0.000010	0.000010	0.000010	LD_0.9_6_1553
JU3200	0.999949	0.000010	0.000010	0.000011	0.000010	0.000010	LD_0.9_6_1553
JU3201	0.999950	0.000010	0.000010	0.000010	0.000010	0.000010	LD_0.9_6_1553
JU3202	0.999950	0.000010	0.000010	0.000010	0.000010	0.000010	LD_0.9_6_1553
JU3203	0.999950	0.000010	0.000010	0.000010	0.000010	0.000010	LD_0.9_6_1553
JU3206	0.999950	0.000010	0.000010	0.000010	0.000010	0.000010	LD_0.9_6_1553
JU3207	0.000010	0.000010	0.000010	0.000010	0.000010	0.999950	LD_0.9_6_1553
JU3237	0.000010	0.000010	0.000010	0.999950	0.000010	0.000010	LD_0.9_6_1553
JU3281	0.000010	0.000010	0.000010	0.000010	0.000010	0.999950	LD_0.9_6_1553
JU3319	0.000010	0.000010	0.000010	0.594515	0.000010	0.405445	LD_0.9_6_1553
JU3321	0.000010	0.000010	0.000014	0.000010	0.000010	0.999946	LD_0.9_6_1553
JU3326	0.000010	0.033467	0.020696	0.000010	0.889919	0.055899	LD_0.9_6_1553
JU3327	0.000010	0.000010	0.000010	0.029699	0.000010	0.970261	LD_0.9_6_1553
JU3416	0.000010	0.000010	0.000010	0.000010	0.999950	0.000010	LD_0.9_6_1553
JU4042	0.000010	0.000010	0.000010	0.000010	0.000010	0.999950	LD_0.9_6_1553
JU4051	0.000010	0.000015	0.000010	0.952681	0.000010	0.047274	LD_0.9_6_1553
JU4058	0.000010	0.000010	0.000010	0.861844	0.000010	0.138116	LD_0.9_6_1553
JU4060	0.000010	0.000010	0.000010	0.999950	0.000010	0.000010	LD_0.9_6_1553
JU4062	0.000014	0.000011	0.000010	0.980254	0.000010	0.019699	LD_0.9_6_1553
JU4064	0.000010	0.000010	0.000010	0.999950	0.000010	0.000010	LD_0.9_6_1553
JU4080	0.000010	0.000010	0.000010	0.000010	0.000010	0.999950	LD_0.9_6_1553
JU4084	0.000010	0.000010	0.000010	0.982912	0.000010	0.017048	LD_0.9_6_1553
JU4097	0.000010	0.000013	0.000010	0.879691	0.000010	0.120267	LD_0.9_6_1553
JU725	0.000010	0.000010	0.000010	0.575381	0.000010	0.424579	LD_0.9_6_1553
MY2716	0.000010	0.000010	0.000010	0.000010	0.000010	0.999950	LD_0.9_6_1553
MY539	0.000010	0.000010	0.000010	0.000010	0.000010	0.999950	LD_0.9_6_1553
NIC1050	0.000010	0.000010	0.000010	0.000014	0.000010	0.999946	LD_0.9_6_1553
NIC1052	0.000010	0.000013	0.000010	0.000010	0.000010	0.999947	LD_0.9_6_1553
NIC1054	0.000010	0.000010	0.000010	0.000010	0.000010	0.999950	LD_0.9_6_1553
NIC1055	0.000010	0.000010	0.000010	0.000010	0.000010	0.999950	LD_0.9_6_1553
NIC1057	0.000015	0.000010	0.000010	0.000010	0.000010	0.999945	LD_0.9_6_1553
NIC1058	0.000010	0.000010	0.000010	0.000010	0.000010	0.999950	LD_0.9_6_1553
NIC1059	0.000010	0.000010	0.000010	0.000010	0.000010	0.999950	LD_0.9_6_1553
NIC1060	0.000010	0.000010	0.000010	0.000010	0.000010	0.999950	LD_0.9_6_1553
NIC1062	0.000010	0.000010	0.000010	0.000010	0.000010	0.999950	LD_0.9_6_1553
NIC1069	0.000010	0.000011	0.000010	0.000010	0.000010	0.999949	LD_0.9_6_1553
NIC1103	0.000010	0.000010	0.000010	0.000010	0.000010	0.999950	LD_0.9_6_1553
NIC1104	0.000010	0.000017	0.000010	0.000010	0.000010	0.999943	LD_0.9_6_1553
NIC1106	0.000010	0.000010	0.000010	0.000010	0.000010	0.999950	LD_0.9_6_1553
NIC1117	0.000010	0.000010	0.000010	0.000010	0.000010	0.999950	LD_0.9_6_1553
NIC1123	0.000010	0.000010	0.000010	0.999950	0.000010	0.000010	LD_0.9_6_1553
NIC1124	0.000010	0.000010	0.000010	0.000010	0.000010	0.999950	LD_0.9_6_1553
NIC1135	0.000010	0.000010	0.000010	0.000010	0.000010	0.999950	LD_0.9_6_1553
NIC1138	0.000010	0.000010	0.000010	0.000010	0.000010	0.999950	LD_0.9_6_1553
NIC1141	0.000010	0.000010	0.000010	0.000010	0.000010	0.999950	LD_0.9_6_1553
NIC115	0.000012	0.000010	0.000010	0.000010	0.000010	0.999948	LD_0.9_6_1553
NIC117	0.000010	0.000014	0.000013	0.000010	0.000010	0.999944	LD_0.9_6_1553
NIC1183	0.000010	0.000010	0.000010	0.000010	0.000010	0.999950	LD_0.9_6_1553
NIC119	0.000010	0.000013	0.000014	0.000010	0.000010	0.999944	LD_0.9_6_1553
NIC1190	0.000010	0.000010	0.000010	0.000010	0.000010	0.999950	LD_0.9_6_1553
NIC1202	0.000010	0.000010	0.000010	0.011758	0.000010	0.988202	LD_0.9_6_1553
NIC1204	0.000010	0.000010	0.000011	0.063993	0.000010	0.935966	LD_0.9_6_1553
NIC1205	0.000010	0.999950	0.000010	0.000010	0.000010	0.000010	LD_0.9_6_1553
NIC1218	0.000010	0.000010	0.000011	0.000010	0.000010	0.999949	LD_0.9_6_1553
NIC1220	0.000010	0.999950	0.000010	0.000010	0.000010	0.000010	LD_0.9_6_1553
NIC1221	0.000010	0.000010	0.000011	0.061821	0.000010	0.938139	LD_0.9_6_1553
NIC123	0.000010	0.000010	0.000010	0.000010	0.000010	0.999950	LD_0.9_6_1553
NIC1267	0.000010	0.000013	0.000010	0.000010	0.000010	0.999947	LD_0.9_6_1553
NIC1283	0.000010	0.000010	0.000010	0.000010	0.000010	0.999950	LD_0.9_6_1553
NIC1288	0.000010	0.000010	0.000010	0.101592	0.000010	0.898368	LD_0.9_6_1553
NIC1292	0.000011	0.000010	0.000015	0.000010	0.000010	0.999944	LD_0.9_6_1553
NIC1302	0.000010	0.000010	0.000010	0.000010	0.000010	0.999950	LD_0.9_6_1553
NIC1304	0.000010	0.000010	0.000010	0.000010	0.000010	0.999950	LD_0.9_6_1553
NIC1308	0.000010	0.000010	0.000010	0.437783	0.000010	0.562177	LD_0.9_6_1553
NIC1407	0.000010	0.000010	0.000010	0.000010	0.000010	0.999950	LD_0.9_6_1553
NIC1421	0.000010	0.000015	0.000010	0.000010	0.000010	0.999945	LD_0.9_6_1553
NIC1423	0.000010	0.000010	0.000010	0.014077	0.000010	0.985883	LD_0.9_6_1553
NIC1442	0.000012	0.000010	0.000010	0.000010	0.000010	0.999947	LD_0.9_6_1553
NIC1491	0.000010	0.000010	0.000019	0.000010	0.000010	0.999941	LD_0.9_6_1553
NIC1525	0.000010	0.000010	0.000010	0.000010	0.000010	0.999950	LD_0.9_6_1553
NIC1528	0.000010	0.000010	0.000010	0.000010	0.000010	0.999950	LD_0.9_6_1553
NIC1529	0.000010	0.000010	0.000010	0.000010	0.000010	0.999950	LD_0.9_6_1553
NIC1533	0.000010	0.000010	0.000010	0.000010	0.000010	0.999950	LD_0.9_6_1553
NIC1535	0.000010	0.000010	0.000010	0.000016	0.000010	0.999944	LD_0.9_6_1553
NIC1539	0.000010	0.999946	0.000010	0.000014	0.000010	0.000010	LD_0.9_6_1553
NIC1540	0.000011	0.000013	0.000010	0.000010	0.999946	0.000010	LD_0.9_6_1553
NIC1562	0.000011	0.999949	0.000010	0.000010	0.000010	0.000010	LD_0.9_6_1553
NIC1589	0.000010	0.000012	0.000011	0.000010	0.999947	0.000010	LD_0.9_6_1553
NIC1590	0.000010	0.999950	0.000010	0.000010	0.000010	0.000010	LD_0.9_6_1553
NIC1591	0.000010	0.000010	0.000010	0.000010	0.999950	0.000010	LD_0.9_6_1553
NIC1593	0.000010	0.000016	0.000010	0.000010	0.999944	0.000010	LD_0.9_6_1553
NIC1595	0.000010	0.999950	0.000010	0.000010	0.000010	0.000010	LD_0.9_6_1553
NIC1598	0.000010	0.999451	0.000010	0.000012	0.000010	0.000507	LD_0.9_6_1553
NIC1602	0.000010	0.999950	0.000010	0.000010	0.000010	0.000010	LD_0.9_6_1553
NIC1607	0.000010	0.167808	0.000010	0.000010	0.832152	0.000010	LD_0.9_6_1553
NIC1628	0.000015	0.000010	0.000010	0.000010	0.000010	0.999945	LD_0.9_6_1553
NIC1630	0.000010	0.999950	0.000010	0.000010	0.000010	0.000010	LD_0.9_6_1553
NIC1631	0.000010	0.999950	0.000010	0.000010	0.000010	0.000010	LD_0.9_6_1553
NIC1632	0.000010	0.000010	0.000010	0.000010	0.999950	0.000010	LD_0.9_6_1553
NIC1633	0.000010	0.000010	0.000010	0.000010	0.999950	0.000010	LD_0.9_6_1553
NIC1635	0.000010	0.000010	0.000010	0.000010	0.999950	0.000010	LD_0.9_6_1553
NIC1645	0.000010	0.999947	0.000010	0.000013	0.000010	0.000010	LD_0.9_6_1553
NIC1660	0.000010	0.999950	0.000010	0.000010	0.000010	0.000010	LD_0.9_6_1553
NIC1661	0.000010	0.999949	0.000010	0.000011	0.000010	0.000010	LD_0.9_6_1553
NIC1662	0.000010	0.999946	0.000010	0.000014	0.000010	0.000010	LD_0.9_6_1553
NIC1663	0.000010	0.999950	0.000010	0.000010	0.000010	0.000010	LD_0.9_6_1553
NIC1664	0.000010	0.000010	0.000010	0.000010	0.999950	0.000010	LD_0.9_6_1553
NIC1665	0.000010	0.000014	0.000010	0.000010	0.999946	0.000010	LD_0.9_6_1553
NIC1666	0.000010	0.999948	0.000010	0.000012	0.000010	0.000010	LD_0.9_6_1553
NIC1667	0.000012	0.999948	0.000010	0.000010	0.000010	0.000010	LD_0.9_6_1553
NIC1681	0.000010	0.999942	0.000010	0.000010	0.000018	0.000010	LD_0.9_6_1553
NIC1688	0.000010	0.000010	0.000010	0.000010	0.000010	0.999950	LD_0.9_6_1553
NIC1692	0.000010	0.999950	0.000010	0.000010	0.000010	0.000010	LD_0.9_6_1553
NIC1693	0.000010	0.999950	0.000010	0.000010	0.000010	0.000010	LD_0.9_6_1553
NIC17	0.000012	0.000017	0.000010	0.000010	0.000010	0.999940	LD_0.9_6_1553
NIC174	0.000010	0.000010	0.000010	0.000010	0.999950	0.000010	LD_0.9_6_1553
NIC187	0.000010	0.000010	0.000010	0.000010	0.000010	0.999950	LD_0.9_6_1553
NIC188	0.000010	0.000013	0.000010	0.000010	0.000010	0.999947	LD_0.9_6_1553
NIC19	0.000011	0.000013	0.000010	0.000010	0.999945	0.000010	LD_0.9_6_1553
NIC191	0.000010	0.000010	0.000010	0.000010	0.000010	0.999950	LD_0.9_6_1553
NIC20	0.000010	0.000010	0.000010	0.000010	0.999950	0.000010	LD_0.9_6_1553
NIC21	0.000011	0.000010	0.000010	0.000010	0.999949	0.000010	LD_0.9_6_1553
NIC22	0.000012	0.000010	0.000010	0.000010	0.999948	0.000010	LD_0.9_6_1553
NIC2369	0.000010	0.000010	0.000010	0.779921	0.000010	0.220039	LD_0.9_6_1553
NIC248	0.000010	0.000010	0.000010	0.000010	0.000010	0.999950	LD_0.9_6_1553
NIC250	0.000010	0.000010	0.000010	0.000010	0.000010	0.999950	LD_0.9_6_1553
NIC2527	0.000010	0.000010	0.000010	0.000010	0.000010	0.999950	LD_0.9_6_1553
NIC309	0.000010	0.000010	0.000010	0.000010	0.000010	0.999950	LD_0.9_6_1553
NIC325	0.000011	0.000011	0.000010	0.000010	0.000010	0.999949	LD_0.9_6_1553
NIC327	0.000010	0.000010	0.000010	0.000011	0.000010	0.999949	LD_0.9_6_1553
NIC329	0.000010	0.000010	0.000010	0.000017	0.000010	0.999943	LD_0.9_6_1553
NIC330	0.000010	0.000010	0.000010	0.000010	0.000010	0.999950	LD_0.9_6_1553
NIC331	0.000010	0.000010	0.000010	0.000010	0.000010	0.999950	LD_0.9_6_1553
NIC332	0.000010	0.000010	0.000010	0.000010	0.000010	0.999950	LD_0.9_6_1553
NIC333	0.000010	0.000010	0.000010	0.000010	0.000010	0.999950	LD_0.9_6_1553
NIC343	0.000010	0.000010	0.000010	0.000010	0.000010	0.999950	LD_0.9_6_1553
NIC392	0.000010	0.000010	0.000010	0.000010	0.000010	0.999950	LD_0.9_6_1553
NIC400	0.000010	0.000010	0.000010	0.000010	0.000010	0.999950	LD_0.9_6_1553
NIC402	0.000010	0.000010	0.000010	0.000010	0.000010	0.999950	LD_0.9_6_1553
NIC419	0.000010	0.000010	0.000013	0.747477	0.000010	0.252480	LD_0.9_6_1553
NIC504	0.000010	0.999950	0.000010	0.000010	0.000010	0.000010	LD_0.9_6_1553
NIC505	0.000010	0.999950	0.000010	0.000010	0.000010	0.000010	LD_0.9_6_1553
NIC518	0.000010	0.999950	0.000010	0.000010	0.000010	0.000010	LD_0.9_6_1553
NIC519	0.000010	0.999949	0.000010	0.000011	0.000010	0.000010	LD_0.9_6_1553
NIC532	0.000010	0.000010	0.000010	0.000010	0.000010	0.999950	LD_0.9_6_1553
NIC541	0.000010	0.000011	0.000011	0.339778	0.000010	0.660180	LD_0.9_6_1553
NIC549	0.000010	0.000010	0.000010	0.000010	0.000010	0.999950	LD_0.9_6_1553
NIC552	0.000010	0.000010	0.000010	0.000010	0.000010	0.999950	LD_0.9_6_1553
NIC555	0.000015	0.000010	0.000010	0.000010	0.000010	0.999945	LD_0.9_6_1553
NIC574	0.000010	0.000010	0.000010	0.000010	0.000010	0.999950	LD_0.9_6_1553
NIC578	0.000010	0.000010	0.000010	0.000010	0.000010	0.999950	LD_0.9_6_1553
NIC583	0.000010	0.000010	0.000013	0.000010	0.000010	0.999947	LD_0.9_6_1553
NIC590	0.000010	0.000012	0.000010	0.206994	0.000010	0.792963	LD_0.9_6_1553
NIC593	0.000016	0.000010	0.000010	0.000010	0.000010	0.999944	LD_0.9_6_1553
NIC60	0.000010	0.000010	0.000010	0.000010	0.000010	0.999950	LD_0.9_6_1553
NIC61	0.000011	0.000010	0.000012	0.000010	0.000010	0.999947	LD_0.9_6_1553
NIC62	0.000010	0.000010	0.000010	0.000010	0.000010	0.999950	LD_0.9_6_1553
NIC67	0.000010	0.000012	0.000010	0.971078	0.000010	0.028880	LD_0.9_6_1553
NIC758	0.000010	0.000010	0.000010	0.191889	0.000010	0.808071	LD_0.9_6_1553
NIC777	0.000010	0.000010	0.000010	0.000010	0.000010	0.999950	LD_0.9_6_1553
NIC779	0.000010	0.999949	0.000010	0.000011	0.000010	0.000010	LD_0.9_6_1553
NIC790	0.000010	0.000010	0.000010	0.000013	0.000010	0.999947	LD_0.9_6_1553
NIC791	0.000010	0.000010	0.000010	0.999950	0.000010	0.000010	LD_0.9_6_1553
NIC792	0.000018	0.000010	0.000010	0.401355	0.000010	0.598597	LD_0.9_6_1553
NIC793	0.000010	0.000010	0.000010	0.000010	0.000010	0.999950	LD_0.9_6_1553
NIC795	0.000010	0.000010	0.000010	0.000010	0.000010	0.999950	LD_0.9_6_1553
NIC796	0.000010	0.000010	0.000010	0.000010	0.007938	0.992022	LD_0.9_6_1553
NIC802	0.000010	0.000018	0.000010	0.000012	0.000010	0.999939	LD_0.9_6_1553
NIC803	0.000012	0.000010	0.000010	0.000010	0.000010	0.999948	LD_0.9_6_1553
NIC805	0.000010	0.999950	0.000010	0.000010	0.000010	0.000010	LD_0.9_6_1553
NIC811	0.000010	0.000010	0.000010	0.034591	0.000010	0.965369	LD_0.9_6_1553
NIC814	0.000010	0.999950	0.000010	0.000010	0.000010	0.000010	LD_0.9_6_1553
NIC815	0.000010	0.999949	0.000010	0.000011	0.000010	0.000010	LD_0.9_6_1553
NIC816	0.000010	0.000010	0.000011	0.000010	0.999949	0.000010	LD_0.9_6_1553
NIC819	0.000010	0.155637	0.000010	0.000010	0.823581	0.020752	LD_0.9_6_1553
NIC821	0.000010	0.000010	0.000010	0.000010	0.000010	0.999950	LD_0.9_6_1553
NIC822	0.000010	0.999950	0.000010	0.000010	0.000010	0.000010	LD_0.9_6_1553
NIC824	0.000010	0.999950	0.000010	0.000010	0.000010	0.000010	LD_0.9_6_1553
NIC825	0.000010	0.000010	0.000010	0.000010	0.999950	0.000010	LD_0.9_6_1553
NIC827	0.000010	0.000014	0.000010	0.000010	0.999946	0.000010	LD_0.9_6_1553
NIC828	0.000010	0.000010	0.000010	0.000010	0.999950	0.000010	LD_0.9_6_1553
NIC863	0.000010	0.999949	0.000010	0.000010	0.000010	0.000010	LD_0.9_6_1553
NIC864	0.000010	0.999948	0.000012	0.000010	0.000010	0.000010	LD_0.9_6_1553
NIC865	0.000010	0.999950	0.000010	0.000010	0.000010	0.000010	LD_0.9_6_1553
NIC871	0.000010	0.000015	0.000010	0.000011	0.000010	0.999944	LD_0.9_6_1553
NIC883	0.000010	0.000010	0.000010	0.000010	0.000010	0.999950	LD_0.9_6_1553
NIC889	0.000010	0.999950	0.000010	0.000010	0.000010	0.000010	LD_0.9_6_1553
NIC893	0.000010	0.117616	0.000011	0.000010	0.818194	0.064159	LD_0.9_6_1553
NIC897	0.000010	0.999950	0.000010	0.000010	0.000010	0.000010	LD_0.9_6_1553
NIC899	0.000010	0.000010	0.000010	0.000010	0.999950	0.000010	LD_0.9_6_1553
NIC901	0.000010	0.000011	0.000010	0.000010	0.000010	0.999949	LD_0.9_6_1553
NIC911	0.000010	0.000010	0.000010	0.000010	0.000010	0.999950	LD_0.9_6_1553
NIC96	0.000010	0.000012	0.000010	0.000010	0.000010	0.999948	LD_0.9_6_1553
NIC984	0.000010	0.000010	0.000010	0.000010	0.000010	0.999950	LD_0.9_6_1553
NIC985	0.000010	0.000010	0.000010	0.107013	0.000010	0.892947	LD_0.9_6_1553
PB800	0.000010	0.000010	0.000010	0.000010	0.999950	0.000010	LD_0.9_6_1553
PB857	0.000010	0.000010	0.000010	0.000010	0.999950	0.000010	LD_0.9_6_1553
PE887	0.000010	0.000010	0.000010	0.000010	0.000010	0.999950	LD_0.9_6_1553
QG1005	0.000010	0.000010	0.000010	0.000010	0.000010	0.999950	LD_0.9_6_1553
QG1007	0.000010	0.000010	0.000010	0.000010	0.000010	0.999950	LD_0.9_6_1553
QG1111	0.000010	0.000010	0.000010	0.000010	0.000010	0.999950	LD_0.9_6_1553
QG1126	0.000010	0.000010	0.000010	0.000010	0.000010	0.999950	LD_0.9_6_1553
QG1141	0.000010	0.000010	0.000010	0.000010	0.000010	0.999950	LD_0.9_6_1553
QG1155	0.000010	0.000010	0.000010	0.000010	0.000010	0.999950	LD_0.9_6_1553
QG130	0.000010	0.000010	0.000010	0.000014	0.000010	0.999946	LD_0.9_6_1553
QG132	0.000015	0.000012	0.000010	0.000010	0.000010	0.999943	LD_0.9_6_1553
QG133	0.000010	0.982197	0.000010	0.000010	0.000010	0.017763	LD_0.9_6_1553
QG2641	0.000010	0.000010	0.000010	0.000010	0.000010	0.999950	LD_0.9_6_1553
QG2648	0.000010	0.000010	0.000010	0.000010	0.000010	0.999950	LD_0.9_6_1553
QG2659	0.000010	0.000010	0.000010	0.000010	0.000010	0.999950	LD_0.9_6_1553
QG2663	0.000010	0.000010	0.000010	0.000010	0.000010	0.999950	LD_0.9_6_1553
QG2665	0.000010	0.000010	0.000015	0.177129	0.000010	0.822826	LD_0.9_6_1553
QG2683	0.000010	0.000010	0.000010	0.000010	0.000010	0.999950	LD_0.9_6_1553
QG2736	0.000010	0.000010	0.000010	0.000010	0.000010	0.999950	LD_0.9_6_1553
QG2814	0.000010	0.000013	0.000010	0.000010	0.000010	0.999947	LD_0.9_6_1553
QG2820	0.000010	0.000018	0.000010	0.000010	0.000010	0.999942	LD_0.9_6_1553
QG2848	0.000010	0.000010	0.000010	0.000018	0.000010	0.999942	LD_0.9_6_1553
QG2880	0.000010	0.000013	0.000011	0.999946	0.000010	0.000010	LD_0.9_6_1553
QG2881	0.000010	0.000010	0.000010	0.000010	0.000010	0.999950	LD_0.9_6_1553
QG2883	0.000010	0.000010	0.000010	0.000010	0.000010	0.999950	LD_0.9_6_1553
QG2884	0.000010	0.000010	0.000010	0.999950	0.000010	0.000010	LD_0.9_6_1553
QG2891	0.000017	0.000010	0.999943	0.000010	0.000010	0.000010	LD_0.9_6_1553
QG2892	0.000012	0.000010	0.000010	0.999948	0.000010	0.000010	LD_0.9_6_1553
QG2893	0.472316	0.000010	0.527644	0.000010	0.000010	0.000010	LD_0.9_6_1553
QG2895	0.000016	0.000010	0.000010	0.999944	0.000010	0.000010	LD_0.9_6_1553
QG2902	0.000010	0.000013	0.000010	0.999947	0.000010	0.000010	LD_0.9_6_1553
QG2903	0.000010	0.000010	0.000010	0.999950	0.000010	0.000010	LD_0.9_6_1553
QG2906	0.000015	0.000010	0.000010	0.999945	0.000010	0.000010	LD_0.9_6_1553
QG2908	0.462527	0.000010	0.537433	0.000010	0.000010	0.000010	LD_0.9_6_1553
QG2910	0.000010	0.000010	0.000010	0.000010	0.000010	0.999950	LD_0.9_6_1553
QG2919	0.000010	0.000010	0.999950	0.000010	0.000010	0.000010	LD_0.9_6_1553
QG2923	0.000010	0.000013	0.000010	0.999947	0.000010	0.000010	LD_0.9_6_1553
QG2925	0.000010	0.000010	0.000010	0.999950	0.000010	0.000010	LD_0.9_6_1553
QG2964	0.000010	0.000010	0.000010	0.000010	0.000010	0.999950	LD_0.9_6_1553
QG2966	0.000010	0.000010	0.000010	0.000010	0.000010	0.999950	LD_0.9_6_1553
QG2969	0.000010	0.000010	0.000010	0.000010	0.000010	0.999950	LD_0.9_6_1553
QG2972	0.000010	0.000010	0.000010	0.000010	0.000010	0.999950	LD_0.9_6_1553
QG2996	0.000010	0.000010	0.000010	0.000010	0.000010	0.999950	LD_0.9_6_1553
QG3004	0.000010	0.000010	0.000010	0.013606	0.000010	0.986354	LD_0.9_6_1553
QG3006	0.000010	0.000010	0.000010	0.000010	0.000010	0.999950	LD_0.9_6_1553
QG3019	0.000010	0.000014	0.000011	0.000010	0.000010	0.999945	LD_0.9_6_1553
QG3025	0.000010	0.000010	0.000010	0.000010	0.000010	0.999950	LD_0.9_6_1553
QG3030	0.000010	0.000010	0.000010	0.000010	0.000010	0.999950	LD_0.9_6_1553
QG3032	0.000010	0.000010	0.000010	0.000010	0.000010	0.999950	LD_0.9_6_1553
QG3034	0.000010	0.000010	0.000010	0.000010	0.000010	0.999950	LD_0.9_6_1553
QG3041	0.000010	0.000013	0.000010	0.000010	0.000010	0.999947	LD_0.9_6_1553
QG3053	0.000010	0.000016	0.000010	0.000011	0.000010	0.999942	LD_0.9_6_1553
QG3056	0.000010	0.000010	0.000010	0.000010	0.000010	0.999950	LD_0.9_6_1553
QG3057	0.000010	0.000010	0.000010	0.004334	0.000010	0.995626	LD_0.9_6_1553
QG3058	0.000010	0.000010	0.000010	0.000010	0.000010	0.999950	LD_0.9_6_1553
QG3527	0.000010	0.000010	0.000010	0.000010	0.000010	0.999950	LD_0.9_6_1553
QG3661	0.000010	0.000010	0.000010	0.000010	0.999950	0.000010	LD_0.9_6_1553
QG3783	0.000010	0.000010	0.000010	0.000010	0.000010	0.999950	LD_0.9_6_1553
QG3801	0.000010	0.000010	0.000010	0.000010	0.000010	0.999950	LD_0.9_6_1553
QG3815	0.000010	0.000010	0.000010	0.000010	0.000010	0.999950	LD_0.9_6_1553
QG3816	0.000010	0.000010	0.000010	0.000010	0.000010	0.999950	LD_0.9_6_1553
QG3823	0.000010	0.000010	0.000010	0.224662	0.000010	0.775298	LD_0.9_6_1553
QG3825	0.000010	0.000010	0.000010	0.000010	0.000010	0.999950	LD_0.9_6_1553
QG3826	0.000010	0.000010	0.000010	0.000010	0.000010	0.999950	LD_0.9_6_1553
QG3837	0.000010	0.000014	0.000010	0.000012	0.000010	0.999944	LD_0.9_6_1553
QG3851	0.000010	0.000010	0.000010	0.000010	0.000010	0.999950	LD_0.9_6_1553
QG3861	0.000010	0.000010	0.000010	0.000010	0.000010	0.999950	LD_0.9_6_1553
QG3867	0.000010	0.000010	0.000010	0.154882	0.000010	0.845078	LD_0.9_6_1553
QG3874	0.000010	0.000010	0.000010	0.000010	0.000010	0.999950	LD_0.9_6_1553
QG3875	0.000010	0.000010	0.000010	0.000010	0.000010	0.999950	LD_0.9_6_1553
QG3876	0.000010	0.000010	0.000010	0.000010	0.000010	0.999950	LD_0.9_6_1553
QG3878	0.000010	0.000010	0.000010	0.000010	0.000010	0.999950	LD_0.9_6_1553
QG3920	0.000010	0.000010	0.000010	0.000010	0.000010	0.999950	LD_0.9_6_1553
QG3921	0.000010	0.000013	0.000010	0.000010	0.000010	0.999947	LD_0.9_6_1553
QG3923	0.000010	0.000011	0.000010	0.000010	0.000010	0.999949	LD_0.9_6_1553
QG3924	0.000010	0.000015	0.000010	0.000010	0.000010	0.999945	LD_0.9_6_1553
QG3925	0.000010	0.000010	0.000010	0.000010	0.000010	0.999950	LD_0.9_6_1553
QG3926	0.000010	0.000015	0.000010	0.000010	0.000010	0.999945	LD_0.9_6_1553
QG3927	0.000012	0.000012	0.000010	0.000010	0.000010	0.999946	LD_0.9_6_1553
QG3931	0.000010	0.000014	0.000010	0.000010	0.000010	0.999946	LD_0.9_6_1553
QG3932	0.000010	0.000010	0.000010	0.000010	0.000010	0.999950	LD_0.9_6_1553
QG3933	0.000010	0.000010	0.000019	0.000010	0.000010	0.999941	LD_0.9_6_1553
QG4026	0.000010	0.000010	0.999950	0.000010	0.000010	0.000010	LD_0.9_6_1553
QG4028	0.000013	0.000010	0.999947	0.000010	0.000010	0.000010	LD_0.9_6_1553
QG4031	0.000010	0.000010	0.999950	0.000010	0.000010	0.000010	LD_0.9_6_1553
QG4063	0.000013	0.000010	0.999947	0.000010	0.000010	0.000010	LD_0.9_6_1553
QG4064	0.000010	0.000010	0.999950	0.000010	0.000010	0.000010	LD_0.9_6_1553
QG4067	0.000013	0.000010	0.999947	0.000010	0.000010	0.000010	LD_0.9_6_1553
QG4068	0.000010	0.000010	0.999950	0.000010	0.000010	0.000010	LD_0.9_6_1553
QG4070	0.000012	0.000010	0.000010	0.000010	0.000010	0.999948	LD_0.9_6_1553
QG4093	0.097289	0.000010	0.902671	0.000010	0.000010	0.000010	LD_0.9_6_1553
QG4094	0.000010	0.000010	0.999950	0.000010	0.000010	0.000010	LD_0.9_6_1553
QG4095	0.000010	0.000010	0.999950	0.000010	0.000010	0.000010	LD_0.9_6_1553
QG4096	0.000014	0.000010	0.999946	0.000010	0.000010	0.000010	LD_0.9_6_1553
QG4097	0.000010	0.000010	0.999950	0.000010	0.000010	0.000010	LD_0.9_6_1553
QG4104	0.000010	0.000010	0.999950	0.000010	0.000010	0.000010	LD_0.9_6_1553
QG4114	0.000010	0.000010	0.999950	0.000010	0.000010	0.000010	LD_0.9_6_1553
QG4131	0.000010	0.000010	0.999950	0.000010	0.000010	0.000010	LD_0.9_6_1553
QG4132	0.000010	0.000010	0.999950	0.000010	0.000010	0.000010	LD_0.9_6_1553
QG4208	0.121994	0.000010	0.877966	0.000010	0.000010	0.000010	LD_0.9_6_1553
QG4214	0.000010	0.000010	0.999950	0.000010	0.000010	0.000010	LD_0.9_6_1553
QG4225	0.000010	0.000010	0.999950	0.000010	0.000010	0.000010	LD_0.9_6_1553
QG4232	0.021054	0.000010	0.978906	0.000010	0.000010	0.000010	LD_0.9_6_1553
QG4233	0.000010	0.000010	0.999950	0.000010	0.000010	0.000010	LD_0.9_6_1553
QG4647	0.000010	0.000010	0.000010	0.999950	0.000010	0.000010	LD_0.9_6_1553
QG4648	0.000010	0.000010	0.000010	0.000010	0.000010	0.999950	LD_0.9_6_1553
QG4683	0.000014	0.000013	0.000011	0.000010	0.000010	0.999942	LD_0.9_6_1553
QG4701	0.000013	0.000017	0.000010	0.715648	0.000010	0.284302	LD_0.9_6_1553
QG4706	0.000013	0.000010	0.000013	0.000010	0.000010	0.999945	LD_0.9_6_1553
QG4718	0.000010	0.000010	0.000010	0.000010	0.000010	0.999950	LD_0.9_6_1553
QG4742	0.000010	0.000018	0.000010	0.027302	0.000010	0.972650	LD_0.9_6_1553
QG4805	0.000010	0.000013	0.000010	0.999947	0.000010	0.000010	LD_0.9_6_1553
QG4847	0.000010	0.000011	0.000010	0.000010	0.000010	0.999949	LD_0.9_6_1553
QG4966	0.000010	0.000010	0.000010	0.000010	0.000010	0.999950	LD_0.9_6_1553
QG5348	0.000010	0.000010	0.000010	0.000010	0.000010	0.999950	LD_0.9_6_1553
QG5406	0.000014	0.000013	0.000011	0.000010	0.000010	0.999942	LD_0.9_6_1553
QG547	0.000010	0.000010	0.000010	0.000010	0.999950	0.000010	LD_0.9_6_1553
QG5474	0.000010	0.000014	0.000010	0.816612	0.000010	0.183344	LD_0.9_6_1553
QG5488	0.000010	0.000010	0.000010	0.000010	0.000010	0.999950	LD_0.9_6_1553
QG550	0.000010	0.000019	0.000010	0.613741	0.000010	0.386209	LD_0.9_6_1553
QG5507	0.000015	0.000010	0.000010	0.239943	0.000010	0.760012	LD_0.9_6_1553
QG5525	0.000010	0.000010	0.000010	0.034289	0.000010	0.965671	LD_0.9_6_1553
QG5589	0.000010	0.000010	0.000010	0.943682	0.000010	0.056278	LD_0.9_6_1553
QG5603	0.000010	0.000013	0.000010	0.802733	0.000010	0.197223	LD_0.9_6_1553
QG5611	0.000010	0.000010	0.000010	0.000010	0.000010	0.999950	LD_0.9_6_1553
QG5612	0.000010	0.000010	0.000010	0.000010	0.000010	0.999950	LD_0.9_6_1553
QG5633	0.000010	0.000010	0.000010	0.000010	0.000010	0.999950	LD_0.9_6_1553
QG581	0.000010	0.000010	0.000010	0.000010	0.999950	0.000010	LD_0.9_6_1553
QG588	0.000010	0.000010	0.000010	0.000010	0.999950	0.000010	LD_0.9_6_1553
QG700	0.000010	0.000010	0.000010	0.000010	0.000010	0.999950	LD_0.9_6_1553
QG727	0.000010	0.000010	0.000010	0.000010	0.000010	0.999950	LD_0.9_6_1553
QG733	0.000010	0.000010	0.000010	0.000010	0.000010	0.999950	LD_0.9_6_1553
QG736	0.000010	0.000015	0.000011	0.025265	0.000010	0.974689	LD_0.9_6_1553
QG737	0.000010	0.000010	0.000010	0.000010	0.000010	0.999950	LD_0.9_6_1553
QG739	0.000010	0.000010	0.000010	0.000010	0.000010	0.999950	LD_0.9_6_1553
QG761	0.000010	0.000010	0.000010	0.000010	0.000010	0.999950	LD_0.9_6_1553
QG763	0.000010	0.000010	0.000010	0.000010	0.000010	0.999950	LD_0.9_6_1553
QG776	0.000010	0.000010	0.000010	0.000010	0.003064	0.996896	LD_0.9_6_1553
QG781	0.000010	0.000010	0.000010	0.000010	0.000010	0.999950	LD_0.9_6_1553
QG784	0.000010	0.000010	0.000010	0.000010	0.000010	0.999950	LD_0.9_6_1553
QG786	0.000010	0.000010	0.000010	0.000010	0.000010	0.999950	LD_0.9_6_1553
QG788	0.000010	0.000010	0.000010	0.000010	0.000010	0.999950	LD_0.9_6_1553
QG790	0.000010	0.000010	0.000010	0.000010	0.000010	0.999950	LD_0.9_6_1553
QG791	0.000010	0.000010	0.000010	0.000010	0.000010	0.999950	LD_0.9_6_1553
QG795	0.000010	0.000010	0.000010	0.000010	0.000010	0.999950	LD_0.9_6_1553
QG797	0.000010	0.000010	0.000010	0.000010	0.000010	0.999950	LD_0.9_6_1553
QG802	0.000010	0.000010	0.000010	0.000010	0.000010	0.999950	LD_0.9_6_1553
QG804	0.000010	0.000010	0.000010	0.000010	0.000010	0.999950	LD_0.9_6_1553
QG806	0.000010	0.000010	0.000010	0.000010	0.000010	0.999950	LD_0.9_6_1553
QG807	0.000010	0.000010	0.000010	0.000010	0.000010	0.999950	LD_0.9_6_1553
QG808	0.000010	0.000010	0.000010	0.000010	0.000010	0.999950	LD_0.9_6_1553
QG809	0.000010	0.000010	0.000010	0.000010	0.000010	0.999950	LD_0.9_6_1553
QG825	0.000010	0.000010	0.000010	0.000010	0.000010	0.999950	LD_0.9_6_1553
QG827	0.000010	0.000010	0.000010	0.000010	0.000010	0.999950	LD_0.9_6_1553
QG828	0.000011	0.000010	0.000010	0.000010	0.000010	0.999949	LD_0.9_6_1553
QG833	0.000010	0.000010	0.000010	0.000010	0.000010	0.999950	LD_0.9_6_1553
QG855	0.000010	0.000010	0.000010	0.000010	0.000010	0.999950	LD_0.9_6_1553
QG856	0.000010	0.000010	0.000010	0.000010	0.000010	0.999950	LD_0.9_6_1553
QG858	0.000016	0.000010	0.000016	0.147524	0.000010	0.852423	LD_0.9_6_1553
QG860	0.000010	0.000013	0.000010	0.000010	0.000010	0.999947	LD_0.9_6_1553
QG864	0.000010	0.000010	0.000010	0.000010	0.000010	0.999950	LD_0.9_6_1553
QG865	0.000010	0.000010	0.000010	0.000010	0.000010	0.999950	LD_0.9_6_1553
QG866	0.000010	0.000010	0.000010	0.000010	0.000010	0.999950	LD_0.9_6_1553
QG868	0.000010	0.000010	0.000010	0.000010	0.000010	0.999950	LD_0.9_6_1553
QG874	0.000010	0.000010	0.000010	0.000010	0.000010	0.999950	LD_0.9_6_1553
QG875	0.000010	0.000010	0.000010	0.000010	0.000010	0.999950	LD_0.9_6_1553
QG878	0.000010	0.000010	0.000010	0.000010	0.000010	0.999950	LD_0.9_6_1553
QG879	0.000010	0.000010	0.000010	0.000010	0.000010	0.999950	LD_0.9_6_1553
QG880	0.000010	0.000015	0.000011	0.025463	0.000010	0.974491	LD_0.9_6_1553
QG881	0.000010	0.000010	0.000013	0.000010	0.000010	0.999947	LD_0.9_6_1553
QG887	0.000010	0.000010	0.000010	0.000010	0.000010	0.999950	LD_0.9_6_1553
QG888	0.000010	0.000010	0.000010	0.000010	0.000010	0.999950	LD_0.9_6_1553
QG926	0.000010	0.000010	0.000010	0.000010	0.000010	0.999950	LD_0.9_6_1553
QG927	0.000010	0.000010	0.000010	0.000010	0.000010	0.999950	LD_0.9_6_1553
QG933	0.000010	0.000010	0.000010	0.000010	0.000010	0.999950	LD_0.9_6_1553
QG937	0.000010	0.000010	0.000010	0.000010	0.000010	0.999950	LD_0.9_6_1553
QG945	0.000012	0.000010	0.000010	0.000010	0.000010	0.999948	LD_0.9_6_1553
QG946	0.000010	0.000010	0.000010	0.000010	0.000010	0.999950	LD_0.9_6_1553
QG947	0.000010	0.000010	0.000010	0.000010	0.000010	0.999950	LD_0.9_6_1553
QG948	0.000010	0.000010	0.000010	0.000010	0.000010	0.999950	LD_0.9_6_1553
QG952	0.000010	0.000015	0.000010	0.000010	0.000010	0.999945	LD_0.9_6_1553
QG978	0.000010	0.000010	0.000010	0.000010	0.000010	0.999950	LD_0.9_6_1553
QG980	0.000010	0.000012	0.000010	0.000010	0.000010	0.999948	LD_0.9_6_1553
QG986	0.000010	0.000010	0.000010	0.000010	0.000010	0.999950	LD_0.9_6_1553
QG991	0.000010	0.000010	0.000010	0.000010	0.000010	0.999950	LD_0.9_6_1553
QG994	0.000010	0.000010	0.000010	0.000010	0.000010	0.999950	LD_0.9_6_1553
QG995	0.000010	0.000010	0.000010	0.000010	0.000010	0.999950	LD_0.9_6_1553
QG997	0.000010	0.000010	0.000010	0.000010	0.000010	0.999950	LD_0.9_6_1553
QG998	0.000010	0.000015	0.000010	0.000010	0.000010	0.999945	LD_0.9_6_1553
QR25	0.220695	0.066581	0.000010	0.000010	0.594061	0.118643	LD_0.9_6_1553
QX1410	0.000010	0.000016	0.000011	0.000010	0.000010	0.999943	LD_0.9_6_1553
QX1547	0.000010	0.000010	0.000010	0.000010	0.999950	0.000010	LD_0.9_6_1553
QX1795	0.000010	0.000010	0.000010	0.000010	0.000010	0.999950	LD_0.9_6_1553
QX1796	0.000010	0.000010	0.000010	0.000010	0.000010	0.999950	LD_0.9_6_1553
QX1798	0.000010	0.999950	0.000010	0.000010	0.000010	0.000010	LD_0.9_6_1553
QX1800	0.000010	0.000010	0.000010	0.000010	0.000010	0.999950	LD_0.9_6_1553
QX1801	0.000010	0.000012	0.000010	0.000012	0.000010	0.999947	LD_0.9_6_1553
QX1802	0.000010	0.000010	0.000010	0.000010	0.000010	0.999950	LD_0.9_6_1553
QX1803	0.000010	0.000010	0.000010	0.000010	0.000010	0.999950	LD_0.9_6_1553
QX1804	0.000010	0.000010	0.000010	0.000010	0.000010	0.999950	LD_0.9_6_1553
SOW18	0.000010	0.000010	0.000010	0.000010	0.999950	0.000010	LD_0.9_6_1553
SOW21	0.000010	0.000010	0.000010	0.000010	0.999950	0.000010	LD_0.9_6_1553
SOW22	0.000010	0.000010	0.000010	0.000010	0.999950	0.000010	LD_0.9_6_1553
TT3408	0.000010	0.000010	0.000010	0.000010	0.000010	0.999950	LD_0.9_6_1553
TT3411	0.000010	0.000010	0.000010	0.000010	0.000010	0.999950	LD_0.9_6_1553
TWN1772	0.000010	0.999945	0.000010	0.000015	0.000010	0.000010	LD_0.9_6_1553
TWN1824	0.000010	0.000010	0.000010	0.000010	0.999950	0.000010	LD_0.9_6_1553
TWN1899	0.000011	0.000010	0.000010	0.000010	0.999949	0.000010	LD_0.9_6_1553
TWN1907	0.000010	0.999950	0.000010	0.000010	0.000010	0.000010	LD_0.9_6_1553
TWN2919	0.000010	0.999950	0.000010	0.000010	0.000010	0.000010	LD_0.9_6_1553
TWN3077	0.000011	0.999949	0.000010	0.000010	0.000010	0.000010	LD_0.9_6_1553
UH1	0.000010	0.999950	0.000010	0.000010	0.000010	0.000010	LD_0.9_6_1553
VSL2201	0.000010	0.000010	0.000010	0.570620	0.000010	0.429340	LD_0.9_6_1553
VSL2207	0.999950	0.000010	0.000010	0.000010	0.000010	0.000010	LD_0.9_6_1553
VSL2209	0.999950	0.000010	0.000010	0.000010	0.000010	0.000010	LD_0.9_6_1553
VSL2210	0.000010	0.000010	0.000010	0.000010	0.000010	0.999950	LD_0.9_6_1553
VSL2212	0.000010	0.000010	0.000010	0.006208	0.000010	0.993752	LD_0.9_6_1553
VSL2213	0.000010	0.000010	0.000010	0.999950	0.000010	0.000010	LD_0.9_6_1553
VSL2215	0.000010	0.000010	0.000010	0.776610	0.000010	0.223350	LD_0.9_6_1553
VSL2216	0.000010	0.000010	0.000010	0.970419	0.000010	0.029541	LD_0.9_6_1553
VSL2217	0.000010	0.000010	0.000010	0.999950	0.000010	0.000010	LD_0.9_6_1553
VSL2219	0.000010	0.000010	0.000010	0.000012	0.000010	0.999948	LD_0.9_6_1553
VT847	0.000010	0.000010	0.000010	0.000010	0.000010	0.999950	LD_0.9_6_1553
VX34	0.000010	0.038687	0.021315	0.000010	0.892150	0.047828	LD_0.9_6_1553
XZ1204	0.000010	0.000010	0.000010	0.342739	0.000010	0.657221	LD_0.9_6_1553
XZ1205	0.000010	0.000010	0.000010	0.851963	0.000010	0.147997	LD_0.9_6_1553
XZ1206	0.000010	0.000010	0.000010	0.847839	0.000010	0.152121	LD_0.9_6_1553
XZ1207	0.000010	0.000010	0.000010	0.000010	0.000010	0.999950	LD_0.9_6_1553
XZ1210	0.000010	0.000010	0.000010	0.000010	0.000010	0.999950	LD_0.9_6_1553
XZ1212	0.000010	0.000017	0.000010	0.000010	0.000010	0.999943	LD_0.9_6_1553
XZ1213	0.000010	0.000010	0.000010	0.000010	0.000010	0.999950	LD_0.9_6_1553
XZ1731	0.000010	0.000010	0.000010	0.000010	0.000010	0.999950	LD_0.9_6_1553
XZ1732	0.000010	0.000010	0.000010	0.000010	0.000010	0.999950	LD_0.9_6_1553
ZZY0992	0.000010	0.000010	0.000010	0.999950	0.000010	0.000010	LD_0.9_6_1553
ZZY1034	0.000010	0.000010	0.000010	0.000020	0.000010	0.999940	LD_0.9_6_1553
ZZY1075	0.000010	0.000010	0.000010	0.000010	0.000010	0.999950	LD_0.9_6_1553
ZZY1123	0.000010	0.000010	0.000010	0.999950	0.000010	0.000010	LD_0.9_6_1553
ZZY1130	0.000010	0.000010	0.000010	0.000010	0.000010	0.999950	LD_0.9_6_1553
ZZY405	0.000010	0.000010	0.000010	0.000010	0.000010	0.999950	LD_0.9_6_1553
AF16	0.000010	0.000010	0.000010	0.000010	0.999950	0.000010	LD_0.9_6_1706
BRC20069	0.000010	0.000010	0.000013	0.000010	0.999947	0.000010	LD_0.9_6_1706
BRC20073	0.000010	0.000010	0.000010	0.000010	0.999950	0.000010	LD_0.9_6_1706
BRC20075	0.000010	0.000010	0.000010	0.000010	0.000010	0.999950	LD_0.9_6_1706
BRC20077	0.000010	0.000010	0.000010	0.000010	0.999950	0.000010	LD_0.9_6_1706
BRC20081	0.000010	0.000010	0.000010	0.999950	0.000010	0.000010	LD_0.9_6_1706
BRC20085	0.000010	0.000010	0.173847	0.000010	0.826113	0.000010	LD_0.9_6_1706
BRC20088	0.000010	0.000010	0.000010	0.999950	0.000010	0.000010	LD_0.9_6_1706
BRC20089	0.000010	0.000010	0.000010	0.000010	0.999950	0.000010	LD_0.9_6_1706
BRC20090	0.000010	0.000010	0.049010	0.000010	0.950950	0.000010	LD_0.9_6_1706
BRC20092	0.000010	0.000010	0.081725	0.000010	0.918235	0.000010	LD_0.9_6_1706
BRC20093	0.000010	0.000010	0.000010	0.000010	0.999950	0.000010	LD_0.9_6_1706
BRC20094	0.000010	0.000010	0.083513	0.000010	0.916447	0.000010	LD_0.9_6_1706
BRC20095	0.000010	0.000010	0.000010	0.000010	0.999950	0.000010	LD_0.9_6_1706
BRC20096	0.000010	0.000010	0.000010	0.000010	0.999950	0.000010	LD_0.9_6_1706
BRC20098	0.000010	0.000010	0.000010	0.000010	0.999950	0.000010	LD_0.9_6_1706
BRC20099	0.000010	0.000010	0.000010	0.000010	0.999950	0.000010	LD_0.9_6_1706
BRC20100	0.000010	0.000010	0.000010	0.000010	0.999950	0.000010	LD_0.9_6_1706
BRC20102	0.000010	0.000010	0.000010	0.000010	0.999950	0.000010	LD_0.9_6_1706
BRC20103	0.000010	0.000010	0.000010	0.000010	0.999950	0.000010	LD_0.9_6_1706
BRC20105	0.000010	0.000010	0.164166	0.000010	0.835794	0.000010	LD_0.9_6_1706
BRC20107	0.000011	0.000010	0.152277	0.000016	0.847676	0.000010	LD_0.9_6_1706
BRC20115	0.589755	0.000010	0.000010	0.270253	0.124519	0.015453	LD_0.9_6_1706
BRC20119	0.000010	0.000010	0.755721	0.000010	0.244239	0.000010	LD_0.9_6_1706
BRC20228	0.000010	0.000010	0.000010	0.000010	0.999950	0.000010	LD_0.9_6_1706
BRC20229	0.000010	0.000010	0.000010	0.000010	0.000010	0.999950	LD_0.9_6_1706
BRC20230	0.000010	0.000010	0.000010	0.999950	0.000010	0.000010	LD_0.9_6_1706
BRC20232	0.000010	0.000010	0.000010	0.000010	0.000010	0.999950	LD_0.9_6_1706
BRC20238	0.000010	0.000010	0.000010	0.999950	0.000010	0.000010	LD_0.9_6_1706
BRC20239	0.000010	0.000010	0.000010	0.000010	0.000010	0.999950	LD_0.9_6_1706
BRC20241	0.000010	0.000010	0.081455	0.000010	0.918505	0.000010	LD_0.9_6_1706
BRC20242	0.000010	0.000010	0.000010	0.000010	0.999950	0.000010	LD_0.9_6_1706
BRC20244	0.000010	0.000010	0.000010	0.999950	0.000010	0.000010	LD_0.9_6_1706
BRC20246	0.000010	0.000010	0.000010	0.999950	0.000010	0.000010	LD_0.9_6_1706
BRC20257	0.000010	0.000010	0.990128	0.000010	0.009832	0.000010	LD_0.9_6_1706
BRC20260	0.000010	0.000010	0.000010	0.000010	0.999950	0.000010	LD_0.9_6_1706
BRC20270	0.000010	0.000010	0.000010	0.999950	0.000010	0.000010	LD_0.9_6_1706
BRC20272	0.000010	0.000010	0.000010	0.999950	0.000010	0.000010	LD_0.9_6_1706
BRC20289	0.000010	0.000010	0.000010	0.999950	0.000010	0.000010	LD_0.9_6_1706
BRC20290	0.000010	0.000010	0.000010	0.999950	0.000010	0.000010	LD_0.9_6_1706
BRC20294	0.000010	0.000010	0.000010	0.000010	0.999950	0.000010	LD_0.9_6_1706
BRC20308	0.000010	0.000010	0.000010	0.999950	0.000010	0.000010	LD_0.9_6_1706
BRC20309	0.000010	0.000010	0.000010	0.999950	0.000010	0.000010	LD_0.9_6_1706
BRC20311	0.000010	0.000010	0.000010	0.999950	0.000010	0.000010	LD_0.9_6_1706
BRC20312	0.000010	0.000010	0.000010	0.999950	0.000010	0.000010	LD_0.9_6_1706
BRC20315	0.000010	0.000010	0.000010	0.999950	0.000010	0.000010	LD_0.9_6_1706
BRC20320	0.000010	0.000010	0.000010	0.999950	0.000010	0.000010	LD_0.9_6_1706
BRC20324	0.000010	0.000010	0.000010	0.000010	0.381153	0.618807	LD_0.9_6_1706
BRC20331	0.000010	0.000010	0.000010	0.999950	0.000010	0.000010	LD_0.9_6_1706
BRC20333	0.000010	0.000010	0.000010	0.999950	0.000010	0.000010	LD_0.9_6_1706
BRC20334	0.000010	0.000010	0.000010	0.999950	0.000010	0.000010	LD_0.9_6_1706
BRC20339	0.000010	0.000010	0.000010	0.999950	0.000010	0.000010	LD_0.9_6_1706
BRC20341	0.000010	0.000010	0.000010	0.999950	0.000010	0.000010	LD_0.9_6_1706
BRC20343	0.000010	0.000010	0.000010	0.000010	0.000010	0.999950	LD_0.9_6_1706
BRC20346	0.000010	0.000010	0.000010	0.999950	0.000010	0.000010	LD_0.9_6_1706
BRC20347	0.000010	0.000010	0.000011	0.000010	0.000010	0.999949	LD_0.9_6_1706
BRC20348	0.000010	0.000010	0.000010	0.999950	0.000010	0.000010	LD_0.9_6_1706
BRC20353	0.000010	0.000010	0.000011	0.000010	0.794156	0.205803	LD_0.9_6_1706
BRC20360	0.000010	0.000010	0.000010	0.000010	0.796344	0.203616	LD_0.9_6_1706
BRC20361	0.000010	0.000010	0.000010	0.000010	0.791526	0.208434	LD_0.9_6_1706
BRC20362	0.000011	0.000010	0.017816	0.000010	0.789843	0.192309	LD_0.9_6_1706
BRC20366	0.000010	0.000010	0.000010	0.999950	0.000010	0.000010	LD_0.9_6_1706
BRC20367	0.000010	0.000010	0.000010	0.999950	0.000010	0.000010	LD_0.9_6_1706
BRC20369	0.000010	0.000010	0.000010	0.000010	0.999950	0.000010	LD_0.9_6_1706
BRC20370	0.000010	0.000010	0.000010	0.999950	0.000010	0.000010	LD_0.9_6_1706
BRC20388	0.999949	0.000011	0.000010	0.000010	0.000010	0.000010	LD_0.9_6_1706
BRC20390	0.000010	0.000010	0.000010	0.999950	0.000010	0.000010	LD_0.9_6_1706
BRC20401	0.000010	0.000010	0.000010	0.000010	0.999950	0.000010	LD_0.9_6_1706
BRC20463	0.000010	0.000010	0.000010	0.999950	0.000010	0.000010	LD_0.9_6_1706
BRC20492	0.589992	0.000010	0.000010	0.281272	0.128705	0.000010	LD_0.9_6_1706
BRC20499	0.000010	0.000010	0.000010	0.999950	0.000010	0.000010	LD_0.9_6_1706
BRC20501	0.000010	0.000010	0.000010	0.999950	0.000010	0.000010	LD_0.9_6_1706
BRC20502	0.602814	0.000010	0.000010	0.221861	0.171164	0.004142	LD_0.9_6_1706
BRC20503	0.602500	0.000010	0.000010	0.222913	0.170967	0.003600	LD_0.9_6_1706
BRC20519	0.589196	0.000010	0.000010	0.266530	0.135493	0.008761	LD_0.9_6_1706
BRC20520	0.589516	0.000010	0.000010	0.278341	0.131888	0.000235	LD_0.9_6_1706
BRC20522	0.000010	0.000010	0.000010	0.000010	0.000010	0.999950	LD_0.9_6_1706
BRC20524	0.000010	0.000010	0.000010	0.000010	0.000010	0.999950	LD_0.9_6_1706
BRC20529	0.000010	0.000010	0.000010	0.999943	0.000017	0.000010	LD_0.9_6_1706
BRC20530	0.000010	0.000010	0.000010	0.000011	0.000010	0.999949	LD_0.9_6_1706
BRC20531	0.000010	0.000010	0.000010	0.000010	0.000010	0.999950	LD_0.9_6_1706
BRC20532	0.000010	0.000010	0.000010	0.999950	0.000010	0.000010	LD_0.9_6_1706
BRC20533	0.000010	0.000010	0.000010	0.999950	0.000010	0.000010	LD_0.9_6_1706
BRC20534	0.000010	0.000010	0.000010	0.999950	0.000010	0.000010	LD_0.9_6_1706
BRC20535	0.000010	0.000010	0.000010	0.999950	0.000010	0.000010	LD_0.9_6_1706
BRC20536	0.000010	0.000010	0.000010	0.999950	0.000010	0.000010	LD_0.9_6_1706
BRC20537	0.000010	0.000010	0.000010	0.999950	0.000010	0.000010	LD_0.9_6_1706
BRC20541	0.576547	0.000010	0.000010	0.251889	0.139873	0.031671	LD_0.9_6_1706
BRC20543	0.000010	0.000010	0.000010	0.999950	0.000010	0.000010	LD_0.9_6_1706
BRC20544	0.000010	0.000010	0.000010	0.999950	0.000010	0.000010	LD_0.9_6_1706
BRC20545	0.000010	0.000010	0.000010	0.999950	0.000010	0.000010	LD_0.9_6_1706
BRC20556	0.000010	0.000010	0.000011	0.000010	0.999949	0.000010	LD_0.9_6_1706
BRC20557	0.000010	0.000010	0.000010	0.999950	0.000010	0.000010	LD_0.9_6_1706
BRC20565	0.000010	0.000010	0.000010	0.000010	0.999950	0.000010	LD_0.9_6_1706
BRC20571	0.000010	0.000010	0.011320	0.000010	0.988640	0.000010	LD_0.9_6_1706
BRC20574	0.000010	0.000010	0.000010	0.000010	0.999950	0.000010	LD_0.9_6_1706
BW287	0.999950	0.000010	0.000010	0.000010	0.000010	0.000010	LD_0.9_6_1706
DF5100	0.000010	0.000010	0.000010	0.000010	0.999950	0.000010	LD_0.9_6_1706
ECA1129	0.000010	0.000010	0.000010	0.000010	0.999950	0.000010	LD_0.9_6_1706
ECA1143	0.000010	0.000010	0.075686	0.000010	0.924274	0.000010	LD_0.9_6_1706
ECA1147	0.000010	0.000010	0.000010	0.000010	0.999950	0.000010	LD_0.9_6_1706
ECA1149	0.000010	0.000010	0.000010	0.044665	0.955295	0.000010	LD_0.9_6_1706
ECA1160	0.000010	0.000010	0.000010	0.000010	0.999950	0.000010	LD_0.9_6_1706
ECA1164	0.000010	0.000010	0.000010	0.000010	0.999950	0.000010	LD_0.9_6_1706
ECA1170	0.000010	0.000010	0.000010	0.999950	0.000010	0.000010	LD_0.9_6_1706
ECA1174	0.000010	0.000010	0.000010	0.000010	0.999950	0.000010	LD_0.9_6_1706
ECA1383	0.000010	0.000010	0.000010	0.999950	0.000010	0.000010	LD_0.9_6_1706
ECA1411	0.000010	0.000010	0.000010	0.000010	0.999950	0.000010	LD_0.9_6_1706
ECA1423	0.000010	0.000010	0.000010	0.000010	0.999950	0.000010	LD_0.9_6_1706
ECA1429	0.000010	0.000010	0.000010	0.000010	0.999950	0.000010	LD_0.9_6_1706
ECA1431	0.000010	0.000010	0.000010	0.000010	0.999950	0.000010	LD_0.9_6_1706
ECA1437	0.000010	0.000010	0.000010	0.000010	0.999950	0.000010	LD_0.9_6_1706
ECA1439	0.000010	0.000010	0.000010	0.000010	0.999950	0.000010	LD_0.9_6_1706
ECA1443	0.000010	0.000010	0.000010	0.947058	0.052902	0.000010	LD_0.9_6_1706
ECA1471	0.000010	0.000010	0.000010	0.000010	0.999950	0.000010	LD_0.9_6_1706
ECA1489	0.000010	0.000010	0.122538	0.000010	0.877422	0.000010	LD_0.9_6_1706
ECA1507	0.000010	0.000010	0.000010	0.000010	0.999950	0.000010	LD_0.9_6_1706
ECA1509	0.000018	0.000018	0.000010	0.000011	0.999932	0.000010	LD_0.9_6_1706
ECA1517	0.000010	0.000010	0.000010	0.000010	0.999950	0.000010	LD_0.9_6_1706
ECA1521	0.000010	0.000010	0.000010	0.000010	0.999950	0.000010	LD_0.9_6_1706
ECA1555	0.000010	0.000010	0.000010	0.000010	0.999950	0.000010	LD_0.9_6_1706
ECA1559	0.000010	0.000010	0.000010	0.999942	0.000018	0.000010	LD_0.9_6_1706
ECA1563	0.000010	0.000010	0.000010	0.000010	0.999950	0.000010	LD_0.9_6_1706
ECA1571	0.000010	0.000010	0.110372	0.000010	0.889588	0.000010	LD_0.9_6_1706
ECA1587	0.000010	0.000010	0.000010	0.000010	0.999950	0.000010	LD_0.9_6_1706
ECA1605	0.000010	0.000010	0.050066	0.874564	0.075340	0.000010	LD_0.9_6_1706
ECA1609	0.000010	0.000010	0.000010	0.000010	0.999950	0.000010	LD_0.9_6_1706
ECA161	0.000010	0.000010	0.000010	0.000010	0.999950	0.000010	LD_0.9_6_1706
ECA1611	0.000010	0.000010	0.000010	0.000010	0.999950	0.000010	LD_0.9_6_1706
ECA1615	0.000010	0.000010	0.000011	0.000010	0.999949	0.000010	LD_0.9_6_1706
ECA162	0.000010	0.000010	0.000010	0.000010	0.999950	0.000010	LD_0.9_6_1706
ECA1621	0.000010	0.000010	0.000010	0.000010	0.999950	0.000010	LD_0.9_6_1706
ECA163	0.652601	0.035400	0.000010	0.093050	0.189509	0.029431	LD_0.9_6_1706
ECA1637	0.000010	0.000010	0.000010	0.000010	0.999950	0.000010	LD_0.9_6_1706
ECA1657	0.000010	0.000010	0.000010	0.000010	0.999950	0.000010	LD_0.9_6_1706
ECA1701	0.000010	0.000010	0.005546	0.000010	0.994414	0.000010	LD_0.9_6_1706
ECA175	0.000010	0.000010	0.000010	0.000010	0.999950	0.000010	LD_0.9_6_1706
ECA176	0.000010	0.000010	0.000010	0.000010	0.999950	0.000010	LD_0.9_6_1706
ECA177	0.000010	0.000010	0.000010	0.000010	0.999950	0.000010	LD_0.9_6_1706
ECA180	0.000010	0.000010	0.000011	0.000010	0.999949	0.000010	LD_0.9_6_1706
ECA182	0.000010	0.000010	0.000010	0.000010	0.999950	0.000010	LD_0.9_6_1706
ECA183	0.000010	0.000010	0.000010	0.000010	0.999950	0.000010	LD_0.9_6_1706
ECA185	0.000010	0.000010	0.000010	0.000010	0.999950	0.000010	LD_0.9_6_1706
ECA186	0.000010	0.000010	0.000010	0.000010	0.999950	0.000010	LD_0.9_6_1706
ECA2083	0.000010	0.000010	0.000010	0.000010	0.999950	0.000010	LD_0.9_6_1706
ECA2093	0.000010	0.000010	0.000010	0.000010	0.999950	0.000010	LD_0.9_6_1706
ECA2115	0.000010	0.000010	0.000010	0.000010	0.999950	0.000010	LD_0.9_6_1706
ECA2299	0.000010	0.000010	0.000010	0.999950	0.000010	0.000010	LD_0.9_6_1706
ECA2373	0.000010	0.000010	0.032004	0.000010	0.967956	0.000010	LD_0.9_6_1706
ECA2385	0.000010	0.000010	0.000010	0.999950	0.000010	0.000010	LD_0.9_6_1706
ECA2425	0.000010	0.000010	0.000010	0.000010	0.999950	0.000010	LD_0.9_6_1706
ECA2617	0.000010	0.999950	0.000010	0.000010	0.000010	0.000010	LD_0.9_6_1706
ECA2618	0.000010	0.999950	0.000010	0.000010	0.000010	0.000010	LD_0.9_6_1706
ECA2621	0.000010	0.999950	0.000010	0.000010	0.000010	0.000010	LD_0.9_6_1706
ECA2623	0.000010	0.000010	0.028444	0.000010	0.971516	0.000010	LD_0.9_6_1706
ECA2625	0.000010	0.000010	0.000010	0.000010	0.999950	0.000010	LD_0.9_6_1706
ECA2626	0.000010	0.000010	0.000010	0.000010	0.999950	0.000010	LD_0.9_6_1706
ECA2636	0.000010	0.000010	0.000010	0.000010	0.999950	0.000010	LD_0.9_6_1706
ECA2637	0.000010	0.000010	0.000010	0.000010	0.999950	0.000010	LD_0.9_6_1706
ECA2639	0.000010	0.999950	0.000010	0.000010	0.000010	0.000010	LD_0.9_6_1706
ECA2645	0.000010	0.000010	0.000010	0.000010	0.999950	0.000010	LD_0.9_6_1706
ECA2647	0.000010	0.999950	0.000010	0.000010	0.000010	0.000010	LD_0.9_6_1706
ECA2663	0.000010	0.000010	0.000010	0.000010	0.999950	0.000010	LD_0.9_6_1706
ECA2664	0.000010	0.000010	0.042503	0.000010	0.957457	0.000010	LD_0.9_6_1706
ECA2666	0.000010	0.999950	0.000010	0.000010	0.000010	0.000010	LD_0.9_6_1706
ECA2667	0.000010	0.000010	0.000010	0.000010	0.999950	0.000010	LD_0.9_6_1706
ECA2670	0.000010	0.999944	0.000016	0.000010	0.000010	0.000010	LD_0.9_6_1706
ECA276	0.651426	0.034927	0.000010	0.092949	0.190862	0.029825	LD_0.9_6_1706
ECA278	0.999950	0.000010	0.000010	0.000010	0.000010	0.000010	LD_0.9_6_1706
ECA2808	0.000010	0.000010	0.000010	0.000010	0.999950	0.000010	LD_0.9_6_1706
ECA287	0.000010	0.000010	0.000010	0.989896	0.010064	0.000010	LD_0.9_6_1706
ECA288	0.000010	0.000010	0.000010	0.101735	0.898225	0.000010	LD_0.9_6_1706
ECA2883	0.000010	0.000010	0.000010	0.000010	0.999950	0.000010	LD_0.9_6_1706
ECA2890	0.000010	0.000010	0.000010	0.000010	0.999950	0.000010	LD_0.9_6_1706
ECA2894	0.000010	0.000010	0.000010	0.000010	0.999950	0.000010	LD_0.9_6_1706
ECA2936	0.000010	0.000010	0.000010	0.999950	0.000010	0.000010	LD_0.9_6_1706
ECA2975	0.000010	0.000010	0.000010	0.000010	0.999950	0.000010	LD_0.9_6_1706
ECA3091	0.000010	0.000010	0.000010	0.000010	0.999950	0.000010	LD_0.9_6_1706
ECA343	0.000011	0.000010	0.000019	0.000010	0.999940	0.000010	LD_0.9_6_1706
ECA346	0.000010	0.000010	0.000010	0.000010	0.999950	0.000010	LD_0.9_6_1706
ECA3502	0.000010	0.000010	0.000010	0.999950	0.000010	0.000010	LD_0.9_6_1706
ECA3503	0.000010	0.000010	0.000010	0.000010	0.999950	0.000010	LD_0.9_6_1706
ECA3509	0.000010	0.000010	0.000010	0.000010	0.999950	0.000010	LD_0.9_6_1706
ECA3708	0.000010	0.000010	0.000010	0.000010	0.999950	0.000010	LD_0.9_6_1706
ECA371	0.000010	0.000010	0.000010	0.000010	0.999950	0.000010	LD_0.9_6_1706
ECA3712	0.000010	0.000010	0.000010	0.000010	0.999950	0.000010	LD_0.9_6_1706
ECA3713	0.000010	0.000010	0.000010	0.000010	0.999950	0.000010	LD_0.9_6_1706
ECA3899	0.000010	0.000010	0.000010	0.000010	0.999950	0.000010	LD_0.9_6_1706
ECA4382	0.000010	0.000010	0.000010	0.000010	0.999950	0.000010	LD_0.9_6_1706
ECA4390	0.000010	0.000010	0.000010	0.000010	0.999950	0.000010	LD_0.9_6_1706
ECA4394	0.000010	0.000010	0.000010	0.000010	0.999950	0.000010	LD_0.9_6_1706
ECA4402	0.000010	0.000010	0.000010	0.000010	0.999950	0.000010	LD_0.9_6_1706
ECA569	0.999949	0.000010	0.000010	0.000010	0.000011	0.000010	LD_0.9_6_1706
ED3032	0.000010	0.000010	0.000010	0.000010	0.999950	0.000010	LD_0.9_6_1706
ED3037	0.000010	0.000010	0.000015	0.000010	0.999944	0.000010	LD_0.9_6_1706
ED3088	0.000010	0.000010	0.000010	0.000010	0.999950	0.000010	LD_0.9_6_1706
ED3102	0.667477	0.023731	0.000010	0.109216	0.170910	0.028655	LD_0.9_6_1706
EG4360	0.999950	0.000010	0.000010	0.000010	0.000010	0.000010	LD_0.9_6_1706
EG5612	0.000010	0.000010	0.000010	0.000010	0.865098	0.134862	LD_0.9_6_1706
EG5613	0.000010	0.000010	0.056722	0.000010	0.943238	0.000010	LD_0.9_6_1706
EG6179	0.000010	0.000010	0.000010	0.000010	0.999950	0.000010	LD_0.9_6_1706
EG6260	0.000010	0.000014	0.018702	0.000013	0.981250	0.000010	LD_0.9_6_1706
EG6261	0.000010	0.000015	0.000010	0.000010	0.999945	0.000010	LD_0.9_6_1706
EG6265	0.000010	0.000010	0.014433	0.985527	0.000010	0.000010	LD_0.9_6_1706
EG6267	0.000010	0.000010	0.002775	0.000010	0.997185	0.000010	LD_0.9_6_1706
EG6271	0.000010	0.000010	0.041241	0.000010	0.958719	0.000010	LD_0.9_6_1706
EG6272	0.000010	0.000010	0.000011	0.000010	0.999949	0.000010	LD_0.9_6_1706
EG6274	0.000010	0.000010	0.000010	0.000010	0.999950	0.000010	LD_0.9_6_1706
EG6275	0.000010	0.000010	0.000010	0.000010	0.999950	0.000010	LD_0.9_6_1706
EG6276	0.000010	0.000010	0.000016	0.000010	0.999944	0.000010	LD_0.9_6_1706
EG6329	0.000010	0.000010	0.088953	0.000010	0.911007	0.000010	LD_0.9_6_1706
GUN124	0.999941	0.000010	0.000010	0.000010	0.000019	0.000010	LD_0.9_6_1706
GXW22	0.000010	0.000010	0.000010	0.000010	0.999950	0.000010	LD_0.9_6_1706
GXW23	0.000010	0.000010	0.000010	0.004981	0.994979	0.000010	LD_0.9_6_1706
HK104	0.999950	0.000010	0.000010	0.000010	0.000010	0.000010	LD_0.9_6_1706
HPT11	0.654194	0.000010	0.000010	0.179170	0.164807	0.001810	LD_0.9_6_1706
HPT16	0.000010	0.000010	0.000010	0.000010	0.999950	0.000010	LD_0.9_6_1706
HPT18	0.646701	0.000010	0.000010	0.180180	0.166582	0.006517	LD_0.9_6_1706
HPT19	0.000010	0.000010	0.000010	0.000010	0.999950	0.000010	LD_0.9_6_1706
HPT2	0.000010	0.000010	0.000010	0.000010	0.999950	0.000010	LD_0.9_6_1706
HPT21	0.000010	0.000010	0.000010	0.000010	0.999950	0.000010	LD_0.9_6_1706
HPT24	0.651807	0.000010	0.000010	0.179364	0.166227	0.002582	LD_0.9_6_1706
HPT34	0.000010	0.000010	0.000010	0.000010	0.999950	0.000010	LD_0.9_6_1706
HPT37	0.000012	0.000010	0.028926	0.000010	0.971031	0.000010	LD_0.9_6_1706
HPT4	0.000010	0.000010	0.000010	0.000010	0.999950	0.000010	LD_0.9_6_1706
HPT42	0.000010	0.000010	0.000010	0.000010	0.999950	0.000010	LD_0.9_6_1706
HPT52	0.000010	0.000010	0.491345	0.000010	0.508614	0.000010	LD_0.9_6_1706
HPT53	0.000010	0.000010	0.000010	0.000010	0.999950	0.000010	LD_0.9_6_1706
HPT54	0.000010	0.000010	0.000010	0.000010	0.999950	0.000010	LD_0.9_6_1706
HPT55	0.000010	0.000010	0.000020	0.000010	0.999940	0.000010	LD_0.9_6_1706
HPT59	0.000010	0.000010	0.000010	0.000010	0.999950	0.000010	LD_0.9_6_1706
HPT60	0.000010	0.000010	0.000010	0.000010	0.999950	0.000010	LD_0.9_6_1706
HPT62	0.000010	0.000010	0.996818	0.003142	0.000010	0.000010	LD_0.9_6_1706
HPT63	0.000010	0.000010	0.000010	0.000010	0.999950	0.000010	LD_0.9_6_1706
HPT7	0.000010	0.000010	0.000010	0.000010	0.999950	0.000010	LD_0.9_6_1706
HPT8	0.000010	0.000010	0.000010	0.000010	0.999950	0.000010	LD_0.9_6_1706
HPT9	0.000010	0.000010	0.000010	0.000010	0.854539	0.145421	LD_0.9_6_1706
JU1085	0.999950	0.000010	0.000010	0.000010	0.000010	0.000010	LD_0.9_6_1706
JU1337	0.000010	0.000010	0.031795	0.000010	0.968165	0.000010	LD_0.9_6_1706
JU1338	0.000010	0.000012	0.000010	0.000010	0.798442	0.201516	LD_0.9_6_1706
JU1341	0.000010	0.999950	0.000010	0.000010	0.000010	0.000010	LD_0.9_6_1706
JU1346	0.000010	0.000010	0.000010	0.000010	0.785333	0.214627	LD_0.9_6_1706
JU1347	0.000010	0.000010	0.000010	0.000010	0.999950	0.000010	LD_0.9_6_1706
JU1348	0.000010	0.999950	0.000010	0.000010	0.000010	0.000010	LD_0.9_6_1706
JU1375	0.000010	0.000010	0.000010	0.000010	0.999950	0.000010	LD_0.9_6_1706
JU1377	0.000010	0.000010	0.000010	0.000010	0.999950	0.000010	LD_0.9_6_1706
JU1378	0.000010	0.000010	0.000010	0.000010	0.999950	0.000010	LD_0.9_6_1706
JU1392	0.000010	0.000010	0.000010	0.000010	0.999950	0.000010	LD_0.9_6_1706
JU1399	0.000010	0.000010	0.272056	0.000010	0.727904	0.000010	LD_0.9_6_1706
JU1424	0.000010	0.000010	0.000010	0.000010	0.821305	0.178655	LD_0.9_6_1706
JU1435	0.000010	0.000010	0.000010	0.000010	0.999950	0.000010	LD_0.9_6_1706
JU1564	0.999950	0.000010	0.000010	0.000010	0.000010	0.000010	LD_0.9_6_1706
JU1637	0.000010	0.000010	0.000010	0.000010	0.999950	0.000010	LD_0.9_6_1706
JU1638	0.000010	0.000010	0.000010	0.000010	0.999950	0.000010	LD_0.9_6_1706
JU1794	0.000010	0.000010	0.009374	0.001080	0.989516	0.000010	LD_0.9_6_1706
JU1795	0.000010	0.000010	0.000010	0.000010	0.999950	0.000010	LD_0.9_6_1706
JU1799	0.000010	0.000010	0.000010	0.000010	0.999950	0.000010	LD_0.9_6_1706
JU1802	0.000010	0.000010	0.000010	0.000010	0.999950	0.000010	LD_0.9_6_1706
JU1814	0.000010	0.000010	0.044713	0.000010	0.955247	0.000010	LD_0.9_6_1706
JU1884	0.000010	0.000010	0.000010	0.000010	0.999950	0.000010	LD_0.9_6_1706
JU1885	0.000010	0.000010	0.062074	0.000010	0.937886	0.000010	LD_0.9_6_1706
JU1907	0.000010	0.000010	0.000010	0.000010	0.999950	0.000010	LD_0.9_6_1706
JU1908	0.000010	0.000010	0.000010	0.000010	0.999950	0.000010	LD_0.9_6_1706
JU1909	0.000010	0.000010	0.000010	0.000010	0.999950	0.000010	LD_0.9_6_1706
JU1913	0.000010	0.000010	0.505693	0.000010	0.494267	0.000010	LD_0.9_6_1706
JU2053	0.000010	0.000010	0.000010	0.000010	0.999950	0.000010	LD_0.9_6_1706
JU2054	0.000010	0.000010	0.000010	0.000010	0.999950	0.000010	LD_0.9_6_1706
JU2056	0.000010	0.000010	0.000010	0.000010	0.999950	0.000010	LD_0.9_6_1706
JU2057	0.000010	0.000010	0.977205	0.000010	0.022755	0.000010	LD_0.9_6_1706
JU2160	0.000010	0.000010	0.992801	0.000010	0.007159	0.000010	LD_0.9_6_1706
JU2162	0.000010	0.000010	0.994765	0.000017	0.005189	0.000010	LD_0.9_6_1706
JU2214	0.000010	0.000010	0.310589	0.000010	0.689371	0.000010	LD_0.9_6_1706
JU2216	0.000010	0.000010	0.000010	0.999950	0.000010	0.000010	LD_0.9_6_1706
JU2457	0.421474	0.000010	0.091450	0.000010	0.487046	0.000010	LD_0.9_6_1706
JU2470	0.000010	0.000010	0.980271	0.008010	0.011689	0.000010	LD_0.9_6_1706
JU2472	0.000010	0.000010	0.000010	0.000010	0.999950	0.000010	LD_0.9_6_1706
JU2507	0.000010	0.000010	0.991175	0.007158	0.001637	0.000010	LD_0.9_6_1706
JU2518	0.000010	0.000010	0.498083	0.000010	0.501877	0.000010	LD_0.9_6_1706
JU2536	0.999950	0.000010	0.000010	0.000010	0.000010	0.000010	LD_0.9_6_1706
JU2618	0.000010	0.000010	0.695686	0.000010	0.304274	0.000010	LD_0.9_6_1706
JU2799	0.000010	0.000010	0.000010	0.000010	0.999950	0.000010	LD_0.9_6_1706
JU2836	0.000010	0.000010	0.232438	0.000010	0.767522	0.000010	LD_0.9_6_1706
JU2849	0.000010	0.000010	0.000010	0.000010	0.870442	0.129518	LD_0.9_6_1706
JU2861	0.000010	0.000010	0.000010	0.000010	0.999950	0.000010	LD_0.9_6_1706
JU2868	0.000010	0.000010	0.000011	0.000010	0.999949	0.000010	LD_0.9_6_1706
JU2872	0.999949	0.000010	0.000011	0.000010	0.000011	0.000010	LD_0.9_6_1706
JU2910	0.000010	0.000010	0.082494	0.000010	0.917466	0.000010	LD_0.9_6_1706
JU3168	0.681889	0.026109	0.000010	0.093620	0.171940	0.026432	LD_0.9_6_1706
JU3171	0.000010	0.000010	0.000010	0.000010	0.999950	0.000010	LD_0.9_6_1706
JU3199	0.000010	0.999950	0.000010	0.000010	0.000010	0.000010	LD_0.9_6_1706
JU3200	0.000010	0.999950	0.000010	0.000010	0.000010	0.000010	LD_0.9_6_1706
JU3201	0.000010	0.999950	0.000010	0.000010	0.000010	0.000010	LD_0.9_6_1706
JU3202	0.000010	0.999950	0.000010	0.000010	0.000010	0.000010	LD_0.9_6_1706
JU3203	0.000010	0.999950	0.000010	0.000010	0.000010	0.000010	LD_0.9_6_1706
JU3206	0.000010	0.999950	0.000010	0.000010	0.000010	0.000010	LD_0.9_6_1706
JU3207	0.000010	0.000010	0.000010	0.000010	0.999950	0.000010	LD_0.9_6_1706
JU3237	0.000010	0.000010	0.978482	0.000010	0.021478	0.000010	LD_0.9_6_1706
JU3281	0.000010	0.000010	0.000010	0.000010	0.999950	0.000010	LD_0.9_6_1706
JU3319	0.000010	0.000010	0.000010	0.004080	0.991106	0.004784	LD_0.9_6_1706
JU3321	0.000010	0.000010	0.000010	0.000010	0.999950	0.000010	LD_0.9_6_1706
JU3326	0.647374	0.000012	0.000010	0.115558	0.170159	0.066887	LD_0.9_6_1706
JU3327	0.000010	0.000010	0.000010	0.000010	0.999950	0.000010	LD_0.9_6_1706
JU3416	0.961133	0.000010	0.000010	0.000010	0.038827	0.000010	LD_0.9_6_1706
JU4042	0.000010	0.000010	0.000010	0.000010	0.999950	0.000010	LD_0.9_6_1706
JU4051	0.000010	0.000010	0.000010	0.000010	0.819156	0.180804	LD_0.9_6_1706
JU4058	0.000010	0.000010	0.000010	0.000010	0.829803	0.170157	LD_0.9_6_1706
JU4060	0.000010	0.000010	0.013600	0.000010	0.792272	0.194098	LD_0.9_6_1706
JU4062	0.000010	0.000010	0.000014	0.000010	0.817799	0.182157	LD_0.9_6_1706
JU4064	0.000010	0.000010	0.000010	0.000010	0.812418	0.187542	LD_0.9_6_1706
JU4080	0.000010	0.000010	0.000010	0.000010	0.999950	0.000010	LD_0.9_6_1706
JU4084	0.000010	0.000010	0.000010	0.000010	0.790399	0.209561	LD_0.9_6_1706
JU4097	0.000010	0.000010	0.000010	0.000010	0.819644	0.180316	LD_0.9_6_1706
JU725	0.000010	0.000010	0.000010	0.000010	0.999950	0.000010	LD_0.9_6_1706
MY2716	0.000010	0.000010	0.000010	0.000010	0.999950	0.000010	LD_0.9_6_1706
MY539	0.000010	0.000010	0.000010	0.000010	0.999950	0.000010	LD_0.9_6_1706
NIC1050	0.000010	0.000010	0.621144	0.000010	0.378816	0.000010	LD_0.9_6_1706
NIC1052	0.000010	0.000010	0.711695	0.000010	0.288265	0.000010	LD_0.9_6_1706
NIC1054	0.000010	0.000010	0.523061	0.000010	0.476899	0.000010	LD_0.9_6_1706
NIC1055	0.000010	0.000010	0.624867	0.000010	0.375093	0.000010	LD_0.9_6_1706
NIC1057	0.000010	0.000010	0.706697	0.000010	0.293263	0.000010	LD_0.9_6_1706
NIC1058	0.000010	0.000010	0.660985	0.000010	0.338975	0.000010	LD_0.9_6_1706
NIC1059	0.000010	0.000010	0.627692	0.000010	0.372268	0.000010	LD_0.9_6_1706
NIC1060	0.000013	0.000010	0.544363	0.000010	0.455594	0.000010	LD_0.9_6_1706
NIC1062	0.000010	0.000010	0.243039	0.000010	0.756921	0.000010	LD_0.9_6_1706
NIC1069	0.000010	0.000011	0.069799	0.000010	0.930160	0.000010	LD_0.9_6_1706
NIC1103	0.000010	0.000010	0.644081	0.000010	0.355879	0.000010	LD_0.9_6_1706
NIC1104	0.000010	0.000010	0.094145	0.000010	0.905815	0.000010	LD_0.9_6_1706
NIC1106	0.000010	0.000010	0.252411	0.000010	0.747549	0.000010	LD_0.9_6_1706
NIC1117	0.000010	0.000010	0.000010	0.000010	0.999950	0.000010	LD_0.9_6_1706
NIC1123	0.000010	0.000010	0.000010	0.000010	0.796577	0.203383	LD_0.9_6_1706
NIC1124	0.000010	0.000010	0.505816	0.000010	0.494144	0.000010	LD_0.9_6_1706
NIC1135	0.000010	0.000010	0.486700	0.000010	0.513260	0.000010	LD_0.9_6_1706
NIC1138	0.000010	0.000010	0.517828	0.000010	0.482132	0.000010	LD_0.9_6_1706
NIC1141	0.000010	0.000010	0.490215	0.000010	0.509745	0.000010	LD_0.9_6_1706
NIC115	0.000010	0.000010	0.000010	0.000010	0.999950	0.000010	LD_0.9_6_1706
NIC117	0.000010	0.000010	0.000010	0.000010	0.999950	0.000010	LD_0.9_6_1706
NIC1183	0.000010	0.000010	0.503650	0.000010	0.496310	0.000010	LD_0.9_6_1706
NIC119	0.000010	0.000010	0.000010	0.000010	0.999950	0.000010	LD_0.9_6_1706
NIC1190	0.000010	0.000010	0.438883	0.000010	0.561077	0.000010	LD_0.9_6_1706
NIC1202	0.000010	0.000010	0.000010	0.000010	0.999950	0.000010	LD_0.9_6_1706
NIC1204	0.000010	0.000010	0.000010	0.000010	0.999950	0.000010	LD_0.9_6_1706
NIC1205	0.000010	0.000010	0.000010	0.999950	0.000010	0.000010	LD_0.9_6_1706
NIC1218	0.000010	0.000010	0.000010	0.000010	0.999950	0.000010	LD_0.9_6_1706
NIC1220	0.000013	0.000010	0.000010	0.999947	0.000010	0.000010	LD_0.9_6_1706
NIC1221	0.000010	0.000010	0.000010	0.000010	0.999950	0.000010	LD_0.9_6_1706
NIC123	0.000010	0.000010	0.000010	0.000010	0.999950	0.000010	LD_0.9_6_1706
NIC1267	0.000010	0.000010	0.167629	0.000010	0.832331	0.000010	LD_0.9_6_1706
NIC1283	0.000010	0.000010	0.426785	0.000010	0.573175	0.000010	LD_0.9_6_1706
NIC1288	0.000010	0.000010	0.555910	0.000010	0.444050	0.000010	LD_0.9_6_1706
NIC1292	0.000010	0.000010	0.503641	0.000010	0.496319	0.000010	LD_0.9_6_1706
NIC1302	0.000010	0.000010	0.363455	0.000010	0.636505	0.000010	LD_0.9_6_1706
NIC1304	0.000010	0.000010	0.527439	0.000010	0.472521	0.000010	LD_0.9_6_1706
NIC1308	0.000010	0.000010	0.000013	0.000010	0.934775	0.065183	LD_0.9_6_1706
NIC1407	0.000010	0.000010	0.547666	0.000010	0.452294	0.000010	LD_0.9_6_1706
NIC1421	0.000010	0.000010	0.232346	0.000010	0.767614	0.000010	LD_0.9_6_1706
NIC1423	0.000010	0.000010	0.627761	0.000010	0.372199	0.000010	LD_0.9_6_1706
NIC1442	0.000010	0.000010	0.447979	0.000010	0.551981	0.000010	LD_0.9_6_1706
NIC1491	0.000010	0.000010	0.448051	0.000010	0.551909	0.000010	LD_0.9_6_1706
NIC1525	0.000010	0.000010	0.000010	0.000010	0.999950	0.000010	LD_0.9_6_1706
NIC1528	0.000010	0.000010	0.000010	0.000010	0.999950	0.000010	LD_0.9_6_1706
NIC1529	0.000010	0.000010	0.000010	0.000010	0.999950	0.000010	LD_0.9_6_1706
NIC1533	0.000010	0.000010	0.000010	0.000010	0.999950	0.000010	LD_0.9_6_1706
NIC1535	0.000010	0.000010	0.000015	0.000010	0.999945	0.000010	LD_0.9_6_1706
NIC1539	0.000010	0.000012	0.000010	0.999948	0.000010	0.000010	LD_0.9_6_1706
NIC1540	0.000010	0.000010	0.000010	0.000010	0.000010	0.999950	LD_0.9_6_1706
NIC1562	0.000010	0.000010	0.000010	0.999949	0.000011	0.000010	LD_0.9_6_1706
NIC1589	0.000010	0.000010	0.000010	0.000010	0.000010	0.999950	LD_0.9_6_1706
NIC1590	0.000010	0.000010	0.000010	0.999950	0.000010	0.000010	LD_0.9_6_1706
NIC1591	0.000010	0.000010	0.000010	0.000010	0.000010	0.999950	LD_0.9_6_1706
NIC1593	0.000010	0.000010	0.000010	0.000010	0.000010	0.999950	LD_0.9_6_1706
NIC1595	0.000010	0.000010	0.000010	0.999950	0.000010	0.000010	LD_0.9_6_1706
NIC1598	0.000010	0.000010	0.000010	0.991109	0.008851	0.000010	LD_0.9_6_1706
NIC1602	0.000010	0.000010	0.000010	0.999950	0.000010	0.000010	LD_0.9_6_1706
NIC1607	0.591862	0.000010	0.000010	0.275006	0.126056	0.007055	LD_0.9_6_1706
NIC1628	0.000010	0.000010	0.000010	0.000010	0.999950	0.000010	LD_0.9_6_1706
NIC1630	0.000010	0.000010	0.000010	0.999950	0.000010	0.000010	LD_0.9_6_1706
NIC1631	0.000010	0.000010	0.000010	0.999950	0.000010	0.000010	LD_0.9_6_1706
NIC1632	0.999950	0.000010	0.000010	0.000010	0.000010	0.000010	LD_0.9_6_1706
NIC1633	0.999950	0.000010	0.000010	0.000010	0.000010	0.000010	LD_0.9_6_1706
NIC1635	0.999940	0.000010	0.000010	0.000015	0.000015	0.000010	LD_0.9_6_1706
NIC1645	0.000010	0.000010	0.000010	0.999950	0.000010	0.000010	LD_0.9_6_1706
NIC1660	0.000010	0.000010	0.000010	0.999950	0.000010	0.000010	LD_0.9_6_1706
NIC1661	0.000010	0.000010	0.000010	0.999950	0.000010	0.000010	LD_0.9_6_1706
NIC1662	0.000010	0.000010	0.000010	0.999950	0.000010	0.000010	LD_0.9_6_1706
NIC1663	0.000010	0.000010	0.000010	0.999950	0.000010	0.000010	LD_0.9_6_1706
NIC1664	0.000010	0.000010	0.000010	0.000017	0.000010	0.999943	LD_0.9_6_1706
NIC1665	0.000010	0.000010	0.000010	0.000010	0.000010	0.999950	LD_0.9_6_1706
NIC1666	0.000010	0.000010	0.000010	0.999950	0.000010	0.000010	LD_0.9_6_1706
NIC1667	0.000010	0.000010	0.000010	0.999950	0.000010	0.000010	LD_0.9_6_1706
NIC1681	0.000010	0.000010	0.000010	0.999950	0.000010	0.000010	LD_0.9_6_1706
NIC1688	0.000010	0.000010	0.000010	0.000010	0.999950	0.000010	LD_0.9_6_1706
NIC1692	0.000010	0.000010	0.000010	0.999950	0.000010	0.000010	LD_0.9_6_1706
NIC1693	0.000010	0.000010	0.000010	0.999950	0.000010	0.000010	LD_0.9_6_1706
NIC17	0.000010	0.000010	0.000010	0.000010	0.999950	0.000010	LD_0.9_6_1706
NIC174	0.999950	0.000010	0.000010	0.000010	0.000010	0.000010	LD_0.9_6_1706
NIC187	0.000010	0.000010	0.000010	0.000010	0.999950	0.000010	LD_0.9_6_1706
NIC188	0.000010	0.000010	0.000010	0.000010	0.999950	0.000010	LD_0.9_6_1706
NIC19	0.000010	0.000010	0.000010	0.000010	0.000010	0.999950	LD_0.9_6_1706
NIC191	0.000010	0.000010	0.000010	0.000010	0.999950	0.000010	LD_0.9_6_1706
NIC20	0.000010	0.000010	0.000010	0.000010	0.000010	0.999950	LD_0.9_6_1706
NIC21	0.000010	0.000010	0.000010	0.000010	0.000010	0.999950	LD_0.9_6_1706
NIC22	0.000010	0.000010	0.000010	0.000010	0.000010	0.999950	LD_0.9_6_1706
NIC2369	0.000010	0.000010	0.000012	0.000010	0.864079	0.135879	LD_0.9_6_1706
NIC248	0.000010	0.000010	0.000010	0.000010	0.999950	0.000010	LD_0.9_6_1706
NIC250	0.000010	0.000010	0.000010	0.000010	0.999950	0.000010	LD_0.9_6_1706
NIC2527	0.000010	0.000010	0.000010	0.000010	0.999950	0.000010	LD_0.9_6_1706
NIC309	0.000010	0.000010	0.232209	0.000010	0.767751	0.000010	LD_0.9_6_1706
NIC325	0.000010	0.000010	0.242688	0.000010	0.757272	0.000010	LD_0.9_6_1706
NIC327	0.000010	0.000010	0.599388	0.000010	0.400572	0.000010	LD_0.9_6_1706
NIC329	0.000010	0.000010	0.475880	0.000010	0.524080	0.000010	LD_0.9_6_1706
NIC330	0.000010	0.000010	0.452350	0.000010	0.547610	0.000010	LD_0.9_6_1706
NIC331	0.000010	0.000010	0.410971	0.000010	0.588989	0.000010	LD_0.9_6_1706
NIC332	0.000010	0.000010	0.515134	0.000010	0.484826	0.000010	LD_0.9_6_1706
NIC333	0.000010	0.000010	0.488681	0.000010	0.511279	0.000010	LD_0.9_6_1706
NIC343	0.000010	0.000010	0.000010	0.000010	0.999950	0.000010	LD_0.9_6_1706
NIC392	0.000010	0.000010	0.119881	0.000010	0.880079	0.000010	LD_0.9_6_1706
NIC400	0.000012	0.000010	0.510944	0.000010	0.489014	0.000010	LD_0.9_6_1706
NIC402	0.000010	0.000010	0.510101	0.000010	0.489859	0.000010	LD_0.9_6_1706
NIC419	0.000010	0.000010	0.000012	0.000010	0.872017	0.127942	LD_0.9_6_1706
NIC504	0.000010	0.000010	0.000010	0.999950	0.000010	0.000010	LD_0.9_6_1706
NIC505	0.000010	0.000010	0.000010	0.999950	0.000010	0.000010	LD_0.9_6_1706
NIC518	0.000010	0.000010	0.000010	0.999950	0.000010	0.000010	LD_0.9_6_1706
NIC519	0.000010	0.000010	0.000010	0.999950	0.000010	0.000010	LD_0.9_6_1706
NIC532	0.000010	0.000010	0.000010	0.000010	0.999950	0.000010	LD_0.9_6_1706
NIC541	0.000012	0.000010	0.616637	0.000010	0.383321	0.000010	LD_0.9_6_1706
NIC549	0.000010	0.000010	0.000010	0.000010	0.999950	0.000010	LD_0.9_6_1706
NIC552	0.000010	0.000010	0.037810	0.000010	0.962150	0.000010	LD_0.9_6_1706
NIC555	0.000010	0.000010	0.154935	0.000010	0.845025	0.000010	LD_0.9_6_1706
NIC574	0.000010	0.000010	0.007817	0.000010	0.992143	0.000010	LD_0.9_6_1706
NIC578	0.000010	0.000010	0.000010	0.000010	0.999950	0.000010	LD_0.9_6_1706
NIC583	0.000010	0.000010	0.109410	0.000010	0.890550	0.000010	LD_0.9_6_1706
NIC590	0.000010	0.000010	0.304082	0.000010	0.695878	0.000010	LD_0.9_6_1706
NIC593	0.000010	0.000010	0.000010	0.000010	0.999950	0.000010	LD_0.9_6_1706
NIC60	0.000010	0.000010	0.164150	0.000010	0.835810	0.000010	LD_0.9_6_1706
NIC61	0.000010	0.000010	0.013018	0.000010	0.986942	0.000010	LD_0.9_6_1706
NIC62	0.000010	0.000010	0.085704	0.000010	0.914256	0.000010	LD_0.9_6_1706
NIC67	0.000010	0.000010	0.000010	0.000010	0.847644	0.152316	LD_0.9_6_1706
NIC758	0.000010	0.000010	0.228876	0.000010	0.771084	0.000010	LD_0.9_6_1706
NIC777	0.000010	0.000010	0.194329	0.000010	0.805631	0.000010	LD_0.9_6_1706
NIC779	0.000010	0.000010	0.000010	0.999950	0.000010	0.000010	LD_0.9_6_1706
NIC790	0.000010	0.000010	0.000010	0.000010	0.999950	0.000010	LD_0.9_6_1706
NIC791	0.000010	0.000010	0.924196	0.000010	0.075764	0.000010	LD_0.9_6_1706
NIC792	0.000010	0.000010	0.326605	0.000010	0.673355	0.000010	LD_0.9_6_1706
NIC793	0.000010	0.000010	0.000010	0.000010	0.999950	0.000010	LD_0.9_6_1706
NIC795	0.000010	0.000010	0.000010	0.000010	0.999950	0.000010	LD_0.9_6_1706
NIC796	0.000010	0.000010	0.000010	0.000010	0.992413	0.007547	LD_0.9_6_1706
NIC802	0.000010	0.000010	0.000010	0.000010	0.999950	0.000010	LD_0.9_6_1706
NIC803	0.000010	0.000010	0.000010	0.000010	0.999950	0.000010	LD_0.9_6_1706
NIC805	0.000010	0.000010	0.000010	0.999950	0.000010	0.000010	LD_0.9_6_1706
NIC811	0.000010	0.000010	0.000010	0.000010	0.999950	0.000010	LD_0.9_6_1706
NIC814	0.000010	0.000010	0.000010	0.999950	0.000010	0.000010	LD_0.9_6_1706
NIC815	0.000010	0.000010	0.000010	0.999950	0.000010	0.000010	LD_0.9_6_1706
NIC816	0.000010	0.000010	0.000010	0.000010	0.000010	0.999950	LD_0.9_6_1706
NIC819	0.565698	0.000010	0.000010	0.247577	0.135459	0.051246	LD_0.9_6_1706
NIC821	0.000013	0.000010	0.000010	0.000010	0.999947	0.000010	LD_0.9_6_1706
NIC822	0.000010	0.000010	0.000010	0.999950	0.000010	0.000010	LD_0.9_6_1706
NIC824	0.000010	0.000010	0.000010	0.999950	0.000010	0.000010	LD_0.9_6_1706
NIC825	0.000010	0.000010	0.000013	0.000010	0.000010	0.999947	LD_0.9_6_1706
NIC827	0.000014	0.000010	0.000010	0.000010	0.000010	0.999946	LD_0.9_6_1706
NIC828	0.000010	0.000010	0.000010	0.000010	0.000010	0.999950	LD_0.9_6_1706
NIC863	0.000010	0.000010	0.000010	0.999950	0.000010	0.000010	LD_0.9_6_1706
NIC864	0.000010	0.000010	0.000010	0.999950	0.000010	0.000010	LD_0.9_6_1706
NIC865	0.000010	0.000010	0.000010	0.999950	0.000010	0.000010	LD_0.9_6_1706
NIC871	0.000010	0.000010	0.000010	0.000010	0.999950	0.000010	LD_0.9_6_1706
NIC883	0.000010	0.000010	0.000010	0.000010	0.999950	0.000010	LD_0.9_6_1706
NIC889	0.000010	0.000010	0.000010	0.999950	0.000010	0.000010	LD_0.9_6_1706
NIC893	0.598536	0.000010	0.000010	0.226808	0.170135	0.004502	LD_0.9_6_1706
NIC897	0.000010	0.000010	0.000010	0.999950	0.000010	0.000010	LD_0.9_6_1706
NIC899	0.999950	0.000010	0.000010	0.000010	0.000010	0.000010	LD_0.9_6_1706
NIC901	0.000010	0.000010	0.000010	0.000010	0.999950	0.000010	LD_0.9_6_1706
NIC911	0.000010	0.000010	0.000010	0.000010	0.999950	0.000010	LD_0.9_6_1706
NIC96	0.000010	0.000010	0.448023	0.000010	0.551937	0.000010	LD_0.9_6_1706
NIC984	0.000010	0.000010	0.000010	0.000010	0.999950	0.000010	LD_0.9_6_1706
NIC985	0.000010	0.000010	0.000010	0.000010	0.999950	0.000010	LD_0.9_6_1706
PB800	0.999950	0.000010	0.000010	0.000010	0.000010	0.000010	LD_0.9_6_1706
PB857	0.999950	0.000010	0.000010	0.000010	0.000010	0.000010	LD_0.9_6_1706
PE887	0.000010	0.000010	0.000010	0.000010	0.999950	0.000010	LD_0.9_6_1706
QG1005	0.000010	0.000010	0.982037	0.000010	0.017923	0.000010	LD_0.9_6_1706
QG1007	0.000010	0.000010	0.999943	0.000010	0.000017	0.000010	LD_0.9_6_1706
QG1111	0.000010	0.000010	0.999950	0.000010	0.000010	0.000010	LD_0.9_6_1706
QG1126	0.000010	0.000010	0.999946	0.000010	0.000014	0.000010	LD_0.9_6_1706
QG1141	0.000010	0.000010	0.999950	0.000010	0.000010	0.000010	LD_0.9_6_1706
QG1155	0.000010	0.000010	0.999950	0.000010	0.000010	0.000010	LD_0.9_6_1706
QG130	0.000010	0.000010	0.000010	0.000010	0.999950	0.000010	LD_0.9_6_1706
QG132	0.000010	0.000010	0.000010	0.000011	0.999949	0.000010	LD_0.9_6_1706
QG133	0.000010	0.000010	0.000010	0.979447	0.020513	0.000010	LD_0.9_6_1706
QG2641	0.000010	0.000010	0.999948	0.000010	0.000012	0.000010	LD_0.9_6_1706
QG2648	0.000010	0.000010	0.999949	0.000010	0.000011	0.000010	LD_0.9_6_1706
QG2659	0.000010	0.000010	0.999950	0.000010	0.000010	0.000010	LD_0.9_6_1706
QG2663	0.000010	0.000010	0.999950	0.000010	0.000010	0.000010	LD_0.9_6_1706
QG2665	0.000010	0.000010	0.999950	0.000010	0.000010	0.000010	LD_0.9_6_1706
QG2683	0.000010	0.000010	0.999944	0.000010	0.000016	0.000010	LD_0.9_6_1706
QG2736	0.000010	0.000010	0.999950	0.000010	0.000010	0.000010	LD_0.9_6_1706
QG2814	0.000010	0.000010	0.000010	0.000010	0.999950	0.000010	LD_0.9_6_1706
QG2820	0.000010	0.000010	0.000010	0.000010	0.999950	0.000010	LD_0.9_6_1706
QG2848	0.000010	0.000010	0.000010	0.000010	0.999950	0.000010	LD_0.9_6_1706
QG2880	0.000010	0.000010	0.999950	0.000010	0.000010	0.000010	LD_0.9_6_1706
QG2881	0.000010	0.000010	0.000010	0.000010	0.999950	0.000010	LD_0.9_6_1706
QG2883	0.000010	0.000010	0.000010	0.000010	0.999950	0.000010	LD_0.9_6_1706
QG2884	0.000010	0.000010	0.999950	0.000010	0.000010	0.000010	LD_0.9_6_1706
QG2891	0.000010	0.999950	0.000010	0.000010	0.000010	0.000010	LD_0.9_6_1706
QG2892	0.000010	0.000010	0.999950	0.000010	0.000010	0.000010	LD_0.9_6_1706
QG2893	0.000014	0.999946	0.000010	0.000010	0.000010	0.000010	LD_0.9_6_1706
QG2895	0.000010	0.000010	0.999950	0.000010	0.000010	0.000010	LD_0.9_6_1706
QG2902	0.000010	0.000010	0.999949	0.000011	0.000010	0.000010	LD_0.9_6_1706
QG2903	0.000010	0.000010	0.999950	0.000010	0.000010	0.000010	LD_0.9_6_1706
QG2906	0.000010	0.000010	0.999950	0.000010	0.000010	0.000010	LD_0.9_6_1706
QG2908	0.000010	0.999950	0.000010	0.000010	0.000010	0.000010	LD_0.9_6_1706
QG2910	0.000010	0.000010	0.000010	0.000010	0.999950	0.000010	LD_0.9_6_1706
QG2919	0.000010	0.999950	0.000010	0.000010	0.000010	0.000010	LD_0.9_6_1706
QG2923	0.000010	0.000010	0.999950	0.000010	0.000010	0.000010	LD_0.9_6_1706
QG2925	0.000010	0.000010	0.999950	0.000010	0.000010	0.000010	LD_0.9_6_1706
QG2964	0.000010	0.000010	0.999950	0.000010	0.000010	0.000010	LD_0.9_6_1706
QG2966	0.000010	0.000010	0.595298	0.000010	0.404662	0.000010	LD_0.9_6_1706
QG2969	0.000010	0.000010	0.999950	0.000010	0.000010	0.000010	LD_0.9_6_1706
QG2972	0.000010	0.000010	0.999950	0.000010	0.000010	0.000010	LD_0.9_6_1706
QG2996	0.000010	0.000010	0.999950	0.000010	0.000010	0.000010	LD_0.9_6_1706
QG3004	0.000010	0.000010	0.818666	0.000010	0.181294	0.000010	LD_0.9_6_1706
QG3006	0.000010	0.000010	0.999950	0.000010	0.000010	0.000010	LD_0.9_6_1706
QG3019	0.000010	0.000010	0.922410	0.000010	0.077550	0.000010	LD_0.9_6_1706
QG3025	0.000010	0.000010	0.999950	0.000010	0.000010	0.000010	LD_0.9_6_1706
QG3030	0.000010	0.000010	0.999950	0.000010	0.000010	0.000010	LD_0.9_6_1706
QG3032	0.000011	0.000010	0.795568	0.000010	0.204391	0.000010	LD_0.9_6_1706
QG3034	0.000010	0.000010	0.999950	0.000010	0.000010	0.000010	LD_0.9_6_1706
QG3041	0.000010	0.000010	0.999943	0.000015	0.000012	0.000010	LD_0.9_6_1706
QG3053	0.000010	0.000010	0.000010	0.000010	0.999950	0.000010	LD_0.9_6_1706
QG3056	0.000010	0.000010	0.592031	0.000010	0.407929	0.000010	LD_0.9_6_1706
QG3057	0.000010	0.000010	0.999949	0.000011	0.000010	0.000010	LD_0.9_6_1706
QG3058	0.000010	0.000010	0.950255	0.000010	0.049705	0.000010	LD_0.9_6_1706
QG3527	0.000010	0.000010	0.154764	0.000010	0.845196	0.000010	LD_0.9_6_1706
QG3661	0.999950	0.000010	0.000010	0.000010	0.000010	0.000010	LD_0.9_6_1706
QG3783	0.000010	0.000010	0.107127	0.000010	0.892833	0.000010	LD_0.9_6_1706
QG3801	0.000010	0.000010	0.968726	0.000010	0.031234	0.000010	LD_0.9_6_1706
QG3815	0.000010	0.000010	0.110553	0.000010	0.889407	0.000010	LD_0.9_6_1706
QG3816	0.000010	0.000010	0.092403	0.000010	0.907557	0.000010	LD_0.9_6_1706
QG3823	0.000011	0.000010	0.969642	0.000011	0.030317	0.000010	LD_0.9_6_1706
QG3825	0.000010	0.000010	0.032992	0.000010	0.966968	0.000010	LD_0.9_6_1706
QG3826	0.000010	0.000010	0.112570	0.000010	0.887390	0.000010	LD_0.9_6_1706
QG3837	0.000010	0.000010	0.014415	0.000010	0.985545	0.000010	LD_0.9_6_1706
QG3851	0.000010	0.000010	0.122728	0.000010	0.877232	0.000010	LD_0.9_6_1706
QG3861	0.000010	0.000010	0.097862	0.000010	0.902098	0.000010	LD_0.9_6_1706
QG3867	0.000010	0.000010	0.931964	0.000010	0.067996	0.000010	LD_0.9_6_1706
QG3874	0.000010	0.000010	0.036774	0.000010	0.963186	0.000010	LD_0.9_6_1706
QG3875	0.000010	0.000010	0.084905	0.000010	0.915055	0.000010	LD_0.9_6_1706
QG3876	0.000010	0.000010	0.118848	0.000010	0.881112	0.000010	LD_0.9_6_1706
QG3878	0.000010	0.000010	0.089719	0.000010	0.910241	0.000010	LD_0.9_6_1706
QG3920	0.000010	0.000010	0.151366	0.000010	0.848594	0.000010	LD_0.9_6_1706
QG3921	0.000010	0.000010	0.136515	0.000010	0.863445	0.000010	LD_0.9_6_1706
QG3923	0.000010	0.000010	0.058313	0.000010	0.941647	0.000010	LD_0.9_6_1706
QG3924	0.000010	0.000010	0.227376	0.000010	0.772584	0.000010	LD_0.9_6_1706
QG3925	0.000010	0.000010	0.138135	0.000010	0.861825	0.000010	LD_0.9_6_1706
QG3926	0.000010	0.000010	0.117029	0.000010	0.882931	0.000010	LD_0.9_6_1706
QG3927	0.000011	0.000010	0.126232	0.000010	0.873727	0.000010	LD_0.9_6_1706
QG3931	0.000010	0.000010	0.246796	0.000010	0.753164	0.000010	LD_0.9_6_1706
QG3932	0.000010	0.000010	0.132844	0.000010	0.867116	0.000010	LD_0.9_6_1706
QG3933	0.000010	0.000010	0.000010	0.000010	0.999950	0.000010	LD_0.9_6_1706
QG4026	0.000010	0.999950	0.000010	0.000010	0.000010	0.000010	LD_0.9_6_1706
QG4028	0.000010	0.999948	0.000012	0.000010	0.000010	0.000010	LD_0.9_6_1706
QG4031	0.000011	0.999949	0.000010	0.000010	0.000010	0.000010	LD_0.9_6_1706
QG4063	0.000010	0.999950	0.000010	0.000010	0.000010	0.000010	LD_0.9_6_1706
QG4064	0.000019	0.999941	0.000010	0.000010	0.000010	0.000010	LD_0.9_6_1706
QG4067	0.000012	0.999948	0.000010	0.000010	0.000010	0.000010	LD_0.9_6_1706
QG4068	0.000010	0.999950	0.000010	0.000010	0.000010	0.000010	LD_0.9_6_1706
QG4070	0.000010	0.000010	0.000010	0.000010	0.999950	0.000010	LD_0.9_6_1706
QG4093	0.000010	0.999950	0.000010	0.000010	0.000010	0.000010	LD_0.9_6_1706
QG4094	0.000010	0.999950	0.000010	0.000010	0.000010	0.000010	LD_0.9_6_1706
QG4095	0.000011	0.999949	0.000010	0.000010	0.000010	0.000010	LD_0.9_6_1706
QG4096	0.000011	0.999949	0.000010	0.000010	0.000010	0.000010	LD_0.9_6_1706
QG4097	0.000010	0.999950	0.000010	0.000010	0.000010	0.000010	LD_0.9_6_1706
QG4104	0.000010	0.999950	0.000010	0.000010	0.000010	0.000010	LD_0.9_6_1706
QG4114	0.000013	0.999947	0.000010	0.000010	0.000010	0.000010	LD_0.9_6_1706
QG4131	0.000010	0.999950	0.000010	0.000010	0.000010	0.000010	LD_0.9_6_1706
QG4132	0.000011	0.999949	0.000010	0.000010	0.000010	0.000010	LD_0.9_6_1706
QG4208	0.000010	0.999950	0.000010	0.000010	0.000010	0.000010	LD_0.9_6_1706
QG4214	0.000011	0.999949	0.000010	0.000010	0.000010	0.000010	LD_0.9_6_1706
QG4225	0.000010	0.999950	0.000010	0.000010	0.000010	0.000010	LD_0.9_6_1706
QG4232	0.000010	0.999950	0.000010	0.000010	0.000010	0.000010	LD_0.9_6_1706
QG4233	0.000010	0.999950	0.000010	0.000010	0.000010	0.000010	LD_0.9_6_1706
QG4647	0.000010	0.000010	0.953624	0.000010	0.046336	0.000010	LD_0.9_6_1706
QG4648	0.000010	0.000010	0.000010	0.000010	0.999950	0.000010	LD_0.9_6_1706
QG4683	0.000010	0.000010	0.000010	0.000018	0.999942	0.000010	LD_0.9_6_1706
QG4701	0.000010	0.000010	0.580955	0.000010	0.419005	0.000010	LD_0.9_6_1706
QG4706	0.000010	0.000010	0.000010	0.000010	0.999950	0.000010	LD_0.9_6_1706
QG4718	0.000010	0.000010	0.000010	0.000010	0.999950	0.000010	LD_0.9_6_1706
QG4742	0.000010	0.000010	0.000010	0.000010	0.999950	0.000010	LD_0.9_6_1706
QG4805	0.000010	0.000010	0.948055	0.000010	0.051905	0.000010	LD_0.9_6_1706
QG4847	0.000010	0.000010	0.000010	0.000010	0.999950	0.000010	LD_0.9_6_1706
QG4966	0.000010	0.000010	0.000010	0.000010	0.999950	0.000010	LD_0.9_6_1706
QG5348	0.000010	0.000010	0.000010	0.000010	0.999950	0.000010	LD_0.9_6_1706
QG5406	0.000010	0.000010	0.000010	0.000010	0.999950	0.000010	LD_0.9_6_1706
QG547	0.999950	0.000010	0.000010	0.000010	0.000010	0.000010	LD_0.9_6_1706
QG5474	0.000010	0.000010	0.634313	0.000010	0.365647	0.000010	LD_0.9_6_1706
QG5488	0.000010	0.000010	0.000010	0.000010	0.999950	0.000010	LD_0.9_6_1706
QG550	0.000010	0.000010	0.076326	0.000010	0.923634	0.000010	LD_0.9_6_1706
QG5507	0.000010	0.000010	0.194507	0.000010	0.805453	0.000010	LD_0.9_6_1706
QG5525	0.000010	0.000010	0.000010	0.000010	0.999950	0.000010	LD_0.9_6_1706
QG5589	0.000010	0.000010	0.822516	0.000010	0.177444	0.000010	LD_0.9_6_1706
QG5603	0.000010	0.000010	0.662897	0.000010	0.337063	0.000010	LD_0.9_6_1706
QG5611	0.000010	0.000010	0.000010	0.000010	0.999950	0.000010	LD_0.9_6_1706
QG5612	0.000010	0.000010	0.000132	0.000010	0.999828	0.000010	LD_0.9_6_1706
QG5633	0.000010	0.000010	0.000010	0.000010	0.999950	0.000010	LD_0.9_6_1706
QG581	0.999950	0.000010	0.000010	0.000010	0.000010	0.000010	LD_0.9_6_1706
QG588	0.999950	0.000010	0.000010	0.000010	0.000010	0.000010	LD_0.9_6_1706
QG700	0.000010	0.000010	0.848768	0.000010	0.151192	0.000010	LD_0.9_6_1706
QG727	0.000010	0.000010	0.999950	0.000010	0.000010	0.000010	LD_0.9_6_1706
QG733	0.000010	0.000010	0.999950	0.000010	0.000010	0.000010	LD_0.9_6_1706
QG736	0.000010	0.000010	0.999950	0.000010	0.000010	0.000010	LD_0.9_6_1706
QG737	0.000010	0.000010	0.999950	0.000010	0.000010	0.000010	LD_0.9_6_1706
QG739	0.000010	0.000010	0.999950	0.000010	0.000010	0.000010	LD_0.9_6_1706
QG761	0.000010	0.000010	0.767624	0.000010	0.232336	0.000010	LD_0.9_6_1706
QG763	0.000010	0.000010	0.954790	0.000010	0.045170	0.000010	LD_0.9_6_1706
QG776	0.000010	0.000010	0.999950	0.000010	0.000010	0.000010	LD_0.9_6_1706
QG781	0.000010	0.000010	0.999950	0.000010	0.000010	0.000010	LD_0.9_6_1706
QG784	0.000010	0.000010	0.999950	0.000010	0.000010	0.000010	LD_0.9_6_1706
QG786	0.000010	0.000010	0.999944	0.000010	0.000016	0.000010	LD_0.9_6_1706
QG788	0.000010	0.000010	0.999950	0.000010	0.000010	0.000010	LD_0.9_6_1706
QG790	0.000010	0.000010	0.999948	0.000010	0.000012	0.000010	LD_0.9_6_1706
QG791	0.000010	0.000010	0.960620	0.000010	0.039340	0.000010	LD_0.9_6_1706
QG795	0.000010	0.000010	0.721741	0.000010	0.278219	0.000010	LD_0.9_6_1706
QG797	0.000010	0.000010	0.999946	0.000010	0.000014	0.000010	LD_0.9_6_1706
QG802	0.000010	0.000010	0.976865	0.000010	0.023095	0.000010	LD_0.9_6_1706
QG804	0.000010	0.000010	0.999947	0.000011	0.000011	0.000010	LD_0.9_6_1706
QG806	0.000010	0.000010	0.999950	0.000010	0.000010	0.000010	LD_0.9_6_1706
QG807	0.000010	0.000010	0.999950	0.000010	0.000010	0.000010	LD_0.9_6_1706
QG808	0.000010	0.000010	0.978766	0.000010	0.021194	0.000010	LD_0.9_6_1706
QG809	0.000010	0.000010	0.999950	0.000010	0.000010	0.000010	LD_0.9_6_1706
QG825	0.000010	0.000010	0.999950	0.000010	0.000010	0.000010	LD_0.9_6_1706
QG827	0.000010	0.000010	0.999950	0.000010	0.000010	0.000010	LD_0.9_6_1706
QG828	0.000010	0.000010	0.999950	0.000010	0.000010	0.000010	LD_0.9_6_1706
QG833	0.000010	0.000010	0.971772	0.000010	0.028188	0.000010	LD_0.9_6_1706
QG855	0.000010	0.000010	0.992653	0.000010	0.007307	0.000010	LD_0.9_6_1706
QG856	0.000010	0.000010	0.999950	0.000010	0.000010	0.000010	LD_0.9_6_1706
QG858	0.000010	0.000010	0.999950	0.000010	0.000010	0.000010	LD_0.9_6_1706
QG860	0.000010	0.000010	0.799301	0.000010	0.200659	0.000010	LD_0.9_6_1706
QG864	0.000010	0.000010	0.999950	0.000010	0.000010	0.000010	LD_0.9_6_1706
QG865	0.000010	0.000010	0.999950	0.000010	0.000010	0.000010	LD_0.9_6_1706
QG866	0.000010	0.000010	0.999950	0.000010	0.000010	0.000010	LD_0.9_6_1706
QG868	0.000010	0.000010	0.960229	0.000010	0.039731	0.000010	LD_0.9_6_1706
QG874	0.000010	0.000010	0.999950	0.000010	0.000010	0.000010	LD_0.9_6_1706
QG875	0.000017	0.000010	0.999942	0.000010	0.000011	0.000010	LD_0.9_6_1706
QG878	0.000010	0.000010	0.999950	0.000010	0.000010	0.000010	LD_0.9_6_1706
QG879	0.000010	0.000010	0.999950	0.000010	0.000010	0.000010	LD_0.9_6_1706
QG880	0.000010	0.000010	0.999950	0.000010	0.000010	0.000010	LD_0.9_6_1706
QG881	0.000010	0.000010	0.761104	0.000010	0.238856	0.000010	LD_0.9_6_1706
QG887	0.000010	0.000010	0.999950	0.000010	0.000010	0.000010	LD_0.9_6_1706
QG888	0.000010	0.000010	0.999947	0.000010	0.000013	0.000010	LD_0.9_6_1706
QG926	0.000010	0.000010	0.999950	0.000010	0.000010	0.000010	LD_0.9_6_1706
QG927	0.000010	0.000010	0.052808	0.000010	0.947152	0.000010	LD_0.9_6_1706
QG933	0.000010	0.000010	0.999950	0.000010	0.000010	0.000010	LD_0.9_6_1706
QG937	0.000010	0.000010	0.999950	0.000010	0.000010	0.000010	LD_0.9_6_1706
QG945	0.000010	0.000010	0.999947	0.000010	0.000013	0.000010	LD_0.9_6_1706
QG946	0.000010	0.000010	0.999950	0.000010	0.000010	0.000010	LD_0.9_6_1706
QG947	0.000010	0.000010	0.999950	0.000010	0.000010	0.000010	LD_0.9_6_1706
QG948	0.000010	0.000010	0.995279	0.000010	0.004681	0.000010	LD_0.9_6_1706
QG952	0.000010	0.000010	0.897499	0.000010	0.102461	0.000010	LD_0.9_6_1706
QG978	0.000010	0.000010	0.887298	0.000010	0.112662	0.000010	LD_0.9_6_1706
QG980	0.000010	0.000010	0.999950	0.000010	0.000010	0.000010	LD_0.9_6_1706
QG986	0.000010	0.000010	0.953210	0.000010	0.046750	0.000010	LD_0.9_6_1706
QG991	0.000010	0.000010	0.999950	0.000010	0.000010	0.000010	LD_0.9_6_1706
QG994	0.000010	0.000010	0.999947	0.000010	0.000013	0.000010	LD_0.9_6_1706
QG995	0.000010	0.000010	0.999950	0.000010	0.000010	0.000010	LD_0.9_6_1706
QG997	0.000010	0.000010	0.999950	0.000010	0.000010	0.000010	LD_0.9_6_1706
QG998	0.000010	0.000010	0.999950	0.000010	0.000010	0.000010	LD_0.9_6_1706
QR25	0.650149	0.022946	0.000010	0.107196	0.170841	0.048858	LD_0.9_6_1706
QX1410	0.000010	0.000010	0.000010	0.000010	0.999950	0.000010	LD_0.9_6_1706
QX1547	0.999950	0.000010	0.000010	0.000010	0.000010	0.000010	LD_0.9_6_1706
QX1795	0.000010	0.000010	0.000010	0.000010	0.999950	0.000010	LD_0.9_6_1706
QX1796	0.000010	0.000010	0.000010	0.000010	0.999950	0.000010	LD_0.9_6_1706
QX1798	0.000010	0.000010	0.000010	0.999950	0.000010	0.000010	LD_0.9_6_1706
QX1800	0.000010	0.000010	0.000010	0.000010	0.999950	0.000010	LD_0.9_6_1706
QX1801	0.000010	0.000010	0.000010	0.000010	0.999950	0.000010	LD_0.9_6_1706
QX1802	0.000010	0.000010	0.000010	0.000010	0.999950	0.000010	LD_0.9_6_1706
QX1803	0.000010	0.000010	0.000010	0.000010	0.999950	0.000010	LD_0.9_6_1706
QX1804	0.000010	0.000010	0.000010	0.000010	0.999950	0.000010	LD_0.9_6_1706
SOW18	0.999950	0.000010	0.000010	0.000010	0.000010	0.000010	LD_0.9_6_1706
SOW21	0.999950	0.000010	0.000010	0.000010	0.000010	0.000010	LD_0.9_6_1706
SOW22	0.999950	0.000010	0.000010	0.000010	0.000010	0.000010	LD_0.9_6_1706
TT3408	0.000010	0.000010	0.000010	0.000010	0.999950	0.000010	LD_0.9_6_1706
TT3411	0.000010	0.000010	0.000010	0.000010	0.999950	0.000010	LD_0.9_6_1706
TWN1772	0.000010	0.000010	0.000010	0.999950	0.000010	0.000010	LD_0.9_6_1706
TWN1824	0.000010	0.000010	0.000010	0.000010	0.000010	0.999950	LD_0.9_6_1706
TWN1899	0.000010	0.000010	0.000010	0.000010	0.000010	0.999950	LD_0.9_6_1706
TWN1907	0.000010	0.000010	0.000010	0.999950	0.000010	0.000010	LD_0.9_6_1706
TWN2919	0.000010	0.000010	0.000010	0.999950	0.000010	0.000010	LD_0.9_6_1706
TWN3077	0.000010	0.000010	0.000010	0.999950	0.000010	0.000010	LD_0.9_6_1706
UH1	0.000010	0.000010	0.000010	0.999950	0.000010	0.000010	LD_0.9_6_1706
VSL2201	0.000010	0.000010	0.000010	0.000010	0.881894	0.118066	LD_0.9_6_1706
VSL2207	0.000010	0.999950	0.000010	0.000010	0.000010	0.000010	LD_0.9_6_1706
VSL2209	0.000010	0.999950	0.000010	0.000010	0.000010	0.000010	LD_0.9_6_1706
VSL2210	0.000010	0.000010	0.000010	0.000010	0.999950	0.000010	LD_0.9_6_1706
VSL2212	0.000010	0.000010	0.000010	0.000010	0.999950	0.000010	LD_0.9_6_1706
VSL2213	0.000010	0.000010	0.000010	0.000010	0.779487	0.220473	LD_0.9_6_1706
VSL2215	0.000010	0.000010	0.039184	0.000010	0.791253	0.169533	LD_0.9_6_1706
VSL2216	0.000010	0.000010	0.000018	0.000010	0.792916	0.207036	LD_0.9_6_1706
VSL2217	0.000010	0.000011	0.959315	0.000010	0.040644	0.000010	LD_0.9_6_1706
VSL2219	0.000010	0.000010	0.000010	0.000010	0.999950	0.000010	LD_0.9_6_1706
VT847	0.000010	0.000010	0.000010	0.000010	0.999950	0.000010	LD_0.9_6_1706
VX34	0.647206	0.000010	0.000010	0.124578	0.158956	0.069240	LD_0.9_6_1706
XZ1204	0.000010	0.000010	0.000010	0.000010	0.948532	0.051428	LD_0.9_6_1706
XZ1205	0.000010	0.000010	0.000010	0.000010	0.858059	0.141901	LD_0.9_6_1706
XZ1206	0.000010	0.000010	0.000010	0.000010	0.858791	0.141169	LD_0.9_6_1706
XZ1207	0.000010	0.000010	0.000010	0.000010	0.999950	0.000010	LD_0.9_6_1706
XZ1210	0.000010	0.000010	0.000010	0.000010	0.999950	0.000010	LD_0.9_6_1706
XZ1212	0.000010	0.000010	0.000012	0.000010	0.999948	0.000010	LD_0.9_6_1706
XZ1213	0.000010	0.000010	0.000010	0.000010	0.999950	0.000010	LD_0.9_6_1706
XZ1731	0.000010	0.000010	0.000010	0.000010	0.999950	0.000010	LD_0.9_6_1706
XZ1732	0.000010	0.000010	0.000010	0.000010	0.999950	0.000010	LD_0.9_6_1706
ZZY0992	0.000010	0.000010	0.999943	0.000010	0.000017	0.000010	LD_0.9_6_1706
ZZY1034	0.000010	0.000010	0.000010	0.000010	0.999950	0.000010	LD_0.9_6_1706
ZZY1075	0.000010	0.000010	0.000010	0.000010	0.999950	0.000010	LD_0.9_6_1706
ZZY1123	0.000010	0.000010	0.986678	0.000010	0.013282	0.000010	LD_0.9_6_1706
ZZY1130	0.000010	0.000010	0.000010	0.000010	0.999950	0.000010	LD_0.9_6_1706
ZZY405	0.000010	0.000010	0.000011	0.000012	0.999947	0.000010	LD_0.9_6_1706
AF16	0.000010	0.000010	0.000010	0.999950	0.000010	0.000010	LD_0.9_6_1807
BRC20069	0.000010	0.000010	0.000010	0.999950	0.000010	0.000010	LD_0.9_6_1807
BRC20073	0.000010	0.000010	0.000010	0.999950	0.000010	0.000010	LD_0.9_6_1807
BRC20075	0.000010	0.000010	0.999950	0.000010	0.000010	0.000010	LD_0.9_6_1807
BRC20077	0.000010	0.000010	0.000010	0.999950	0.000010	0.000010	LD_0.9_6_1807
BRC20081	0.000010	0.000010	0.000010	0.000010	0.999950	0.000010	LD_0.9_6_1807
BRC20085	0.320275	0.000010	0.000015	0.679680	0.000010	0.000010	LD_0.9_6_1807
BRC20088	0.000010	0.000010	0.000010	0.000010	0.999950	0.000010	LD_0.9_6_1807
BRC20089	0.000010	0.000010	0.000010	0.999950	0.000010	0.000010	LD_0.9_6_1807
BRC20090	0.054603	0.000010	0.000010	0.945357	0.000010	0.000010	LD_0.9_6_1807
BRC20092	0.343401	0.000010	0.000010	0.656559	0.000010	0.000010	LD_0.9_6_1807
BRC20093	0.000010	0.000010	0.000010	0.999950	0.000010	0.000010	LD_0.9_6_1807
BRC20094	0.324906	0.000010	0.000010	0.675054	0.000010	0.000010	LD_0.9_6_1807
BRC20095	0.000010	0.000010	0.000010	0.999950	0.000010	0.000010	LD_0.9_6_1807
BRC20096	0.000010	0.000010	0.000010	0.999950	0.000010	0.000010	LD_0.9_6_1807
BRC20098	0.000010	0.000010	0.000010	0.999950	0.000010	0.000010	LD_0.9_6_1807
BRC20099	0.000010	0.000010	0.000010	0.999950	0.000010	0.000010	LD_0.9_6_1807
BRC20100	0.000010	0.000010	0.000010	0.999950	0.000010	0.000010	LD_0.9_6_1807
BRC20102	0.000010	0.000010	0.000010	0.999950	0.000010	0.000010	LD_0.9_6_1807
BRC20103	0.000010	0.000010	0.000010	0.999950	0.000010	0.000010	LD_0.9_6_1807
BRC20105	0.429184	0.000010	0.000010	0.570776	0.000010	0.000010	LD_0.9_6_1807
BRC20107	0.407419	0.000010	0.000010	0.592532	0.000019	0.000010	LD_0.9_6_1807
BRC20115	0.000010	0.000010	0.000010	0.000010	0.000010	0.999950	LD_0.9_6_1807
BRC20119	0.764314	0.000010	0.000010	0.235646	0.000010	0.000010	LD_0.9_6_1807
BRC20228	0.000010	0.000010	0.000010	0.999950	0.000010	0.000010	LD_0.9_6_1807
BRC20229	0.000010	0.000010	0.999950	0.000010	0.000010	0.000010	LD_0.9_6_1807
BRC20230	0.000010	0.000010	0.000010	0.000018	0.999942	0.000010	LD_0.9_6_1807
BRC20232	0.000010	0.000010	0.999941	0.000010	0.000019	0.000010	LD_0.9_6_1807
BRC20238	0.000010	0.000010	0.000010	0.000010	0.999950	0.000010	LD_0.9_6_1807
BRC20239	0.000010	0.000010	0.999950	0.000010	0.000010	0.000010	LD_0.9_6_1807
BRC20241	0.082952	0.000010	0.000010	0.917008	0.000010	0.000010	LD_0.9_6_1807
BRC20242	0.000010	0.000010	0.000010	0.999950	0.000010	0.000010	LD_0.9_6_1807
BRC20244	0.000010	0.000010	0.000010	0.000010	0.999950	0.000010	LD_0.9_6_1807
BRC20246	0.000010	0.000010	0.000010	0.000010	0.999950	0.000010	LD_0.9_6_1807
BRC20257	0.999948	0.000010	0.000010	0.000012	0.000010	0.000010	LD_0.9_6_1807
BRC20260	0.000010	0.000010	0.000010	0.999950	0.000010	0.000010	LD_0.9_6_1807
BRC20270	0.000010	0.000010	0.000010	0.000010	0.999950	0.000010	LD_0.9_6_1807
BRC20272	0.000010	0.000010	0.000010	0.000010	0.999950	0.000010	LD_0.9_6_1807
BRC20289	0.000010	0.000010	0.000010	0.000010	0.999950	0.000010	LD_0.9_6_1807
BRC20290	0.000010	0.000010	0.000010	0.000010	0.999950	0.000010	LD_0.9_6_1807
BRC20294	0.000010	0.000010	0.000010	0.999950	0.000010	0.000010	LD_0.9_6_1807
BRC20308	0.000010	0.000010	0.000010	0.000010	0.999950	0.000010	LD_0.9_6_1807
BRC20309	0.000010	0.000010	0.000010	0.000010	0.999950	0.000010	LD_0.9_6_1807
BRC20311	0.000010	0.000010	0.000010	0.000010	0.999950	0.000010	LD_0.9_6_1807
BRC20312	0.000010	0.000010	0.000010	0.000010	0.999950	0.000010	LD_0.9_6_1807
BRC20315	0.000010	0.000010	0.000010	0.000010	0.999950	0.000010	LD_0.9_6_1807
BRC20320	0.000010	0.000010	0.000010	0.000010	0.999950	0.000010	LD_0.9_6_1807
BRC20324	0.000010	0.000010	0.634387	0.365573	0.000010	0.000010	LD_0.9_6_1807
BRC20331	0.000010	0.000010	0.000010	0.000010	0.999950	0.000010	LD_0.9_6_1807
BRC20333	0.000010	0.000010	0.000010	0.000010	0.999950	0.000010	LD_0.9_6_1807
BRC20334	0.000010	0.000010	0.000010	0.000010	0.999950	0.000010	LD_0.9_6_1807
BRC20339	0.000010	0.000010	0.000010	0.000010	0.999950	0.000010	LD_0.9_6_1807
BRC20341	0.000010	0.000010	0.000010	0.000010	0.999950	0.000010	LD_0.9_6_1807
BRC20343	0.000010	0.000010	0.999950	0.000010	0.000010	0.000010	LD_0.9_6_1807
BRC20346	0.000010	0.000010	0.000010	0.000010	0.999950	0.000010	LD_0.9_6_1807
BRC20347	0.000010	0.000010	0.999950	0.000010	0.000010	0.000010	LD_0.9_6_1807
BRC20348	0.000010	0.000010	0.000010	0.000010	0.999950	0.000010	LD_0.9_6_1807
BRC20353	0.000010	0.000011	0.000010	0.760820	0.239139	0.000010	LD_0.9_6_1807
BRC20360	0.000011	0.000010	0.000010	0.750926	0.249032	0.000010	LD_0.9_6_1807
BRC20361	0.000010	0.000010	0.000010	0.747685	0.252275	0.000010	LD_0.9_6_1807
BRC20362	0.015032	0.000010	0.000010	0.753744	0.231194	0.000010	LD_0.9_6_1807
BRC20366	0.000010	0.000010	0.000010	0.000010	0.999950	0.000010	LD_0.9_6_1807
BRC20367	0.000010	0.000010	0.000010	0.000010	0.999950	0.000010	LD_0.9_6_1807
BRC20369	0.000010	0.000010	0.000010	0.999950	0.000010	0.000010	LD_0.9_6_1807
BRC20370	0.000010	0.000010	0.000010	0.000010	0.999950	0.000010	LD_0.9_6_1807
BRC20388	0.000010	0.000010	0.999950	0.000010	0.000010	0.000010	LD_0.9_6_1807
BRC20390	0.000010	0.000010	0.000010	0.000010	0.999950	0.000010	LD_0.9_6_1807
BRC20401	0.000010	0.000010	0.000010	0.999950	0.000010	0.000010	LD_0.9_6_1807
BRC20463	0.000010	0.000010	0.000010	0.000010	0.999950	0.000010	LD_0.9_6_1807
BRC20492	0.000010	0.000010	0.000010	0.000011	0.000010	0.999949	LD_0.9_6_1807
BRC20499	0.000010	0.000010	0.000010	0.000010	0.999950	0.000010	LD_0.9_6_1807
BRC20501	0.000010	0.000010	0.000010	0.000015	0.999945	0.000010	LD_0.9_6_1807
BRC20502	0.000010	0.000010	0.000010	0.000010	0.000010	0.999950	LD_0.9_6_1807
BRC20503	0.000010	0.000010	0.000010	0.000010	0.000010	0.999950	LD_0.9_6_1807
BRC20519	0.000010	0.000010	0.000010	0.000010	0.000010	0.999950	LD_0.9_6_1807
BRC20520	0.000010	0.000010	0.000010	0.000010	0.000010	0.999950	LD_0.9_6_1807
BRC20522	0.000010	0.000010	0.999950	0.000010	0.000010	0.000010	LD_0.9_6_1807
BRC20524	0.000010	0.000010	0.999946	0.000014	0.000010	0.000010	LD_0.9_6_1807
BRC20529	0.000010	0.000010	0.000010	0.000010	0.999950	0.000010	LD_0.9_6_1807
BRC20530	0.000010	0.000010	0.999950	0.000010	0.000010	0.000010	LD_0.9_6_1807
BRC20531	0.000010	0.000010	0.999943	0.000010	0.000017	0.000010	LD_0.9_6_1807
BRC20532	0.000010	0.000010	0.000010	0.000010	0.999950	0.000010	LD_0.9_6_1807
BRC20533	0.000010	0.000010	0.000010	0.000010	0.999950	0.000010	LD_0.9_6_1807
BRC20534	0.000010	0.000010	0.000010	0.000010	0.999950	0.000010	LD_0.9_6_1807
BRC20535	0.000010	0.000010	0.000010	0.000010	0.999950	0.000010	LD_0.9_6_1807
BRC20536	0.000010	0.000010	0.000010	0.000010	0.999950	0.000010	LD_0.9_6_1807
BRC20537	0.000010	0.000010	0.000010	0.000010	0.999950	0.000010	LD_0.9_6_1807
BRC20541	0.000010	0.000010	0.000010	0.000012	0.000010	0.999948	LD_0.9_6_1807
BRC20543	0.000010	0.000010	0.000010	0.000010	0.999950	0.000010	LD_0.9_6_1807
BRC20544	0.000010	0.000010	0.000010	0.000010	0.999950	0.000010	LD_0.9_6_1807
BRC20545	0.000010	0.000010	0.000010	0.000010	0.999950	0.000010	LD_0.9_6_1807
BRC20556	0.000010	0.000010	0.000010	0.999950	0.000010	0.000010	LD_0.9_6_1807
BRC20557	0.000010	0.000010	0.000010	0.000010	0.999950	0.000010	LD_0.9_6_1807
BRC20565	0.000010	0.000010	0.000010	0.999950	0.000010	0.000010	LD_0.9_6_1807
BRC20571	0.014129	0.000010	0.000010	0.985831	0.000010	0.000010	LD_0.9_6_1807
BRC20574	0.000010	0.000010	0.000010	0.999950	0.000010	0.000010	LD_0.9_6_1807
BW287	0.000010	0.000010	0.999950	0.000010	0.000010	0.000010	LD_0.9_6_1807
DF5100	0.000010	0.000010	0.000010	0.999950	0.000010	0.000010	LD_0.9_6_1807
ECA1129	0.000010	0.000010	0.000010	0.999950	0.000010	0.000010	LD_0.9_6_1807
ECA1143	0.075478	0.000010	0.000010	0.924482	0.000010	0.000010	LD_0.9_6_1807
ECA1147	0.000010	0.000010	0.000010	0.999950	0.000010	0.000010	LD_0.9_6_1807
ECA1149	0.000010	0.000010	0.000013	0.956811	0.043145	0.000010	LD_0.9_6_1807
ECA1160	0.000010	0.000010	0.000010	0.999950	0.000010	0.000010	LD_0.9_6_1807
ECA1164	0.000010	0.000010	0.000010	0.999950	0.000010	0.000010	LD_0.9_6_1807
ECA1170	0.000010	0.000010	0.000010	0.000010	0.999950	0.000010	LD_0.9_6_1807
ECA1174	0.000010	0.000010	0.000010	0.999950	0.000010	0.000010	LD_0.9_6_1807
ECA1383	0.000010	0.000010	0.000010	0.000010	0.999950	0.000010	LD_0.9_6_1807
ECA1411	0.000010	0.000010	0.000010	0.999950	0.000010	0.000010	LD_0.9_6_1807
ECA1423	0.000010	0.000010	0.000010	0.999950	0.000010	0.000010	LD_0.9_6_1807
ECA1429	0.000010	0.000010	0.000010	0.999950	0.000010	0.000010	LD_0.9_6_1807
ECA1431	0.000010	0.000010	0.000010	0.999950	0.000010	0.000010	LD_0.9_6_1807
ECA1437	0.000010	0.000010	0.000010	0.999950	0.000010	0.000010	LD_0.9_6_1807
ECA1439	0.000010	0.000010	0.000010	0.999950	0.000010	0.000010	LD_0.9_6_1807
ECA1443	0.000015	0.000010	0.000010	0.053210	0.946745	0.000010	LD_0.9_6_1807
ECA1471	0.000010	0.000010	0.000010	0.999950	0.000010	0.000010	LD_0.9_6_1807
ECA1489	0.122505	0.000010	0.000010	0.877455	0.000010	0.000010	LD_0.9_6_1807
ECA1507	0.000010	0.000010	0.000010	0.999948	0.000012	0.000010	LD_0.9_6_1807
ECA1509	0.000010	0.000010	0.000010	0.999950	0.000010	0.000010	LD_0.9_6_1807
ECA1517	0.000010	0.000010	0.000010	0.999950	0.000010	0.000010	LD_0.9_6_1807
ECA1521	0.000010	0.000010	0.000010	0.999950	0.000010	0.000010	LD_0.9_6_1807
ECA1555	0.000012	0.000010	0.000010	0.999948	0.000010	0.000010	LD_0.9_6_1807
ECA1559	0.000010	0.000010	0.000010	0.000010	0.999950	0.000010	LD_0.9_6_1807
ECA1563	0.000010	0.000010	0.000010	0.999950	0.000010	0.000010	LD_0.9_6_1807
ECA1571	0.110656	0.000010	0.000010	0.889304	0.000010	0.000010	LD_0.9_6_1807
ECA1587	0.000010	0.000010	0.000010	0.999950	0.000010	0.000010	LD_0.9_6_1807
ECA1605	0.050809	0.000010	0.000018	0.075056	0.874096	0.000010	LD_0.9_6_1807
ECA1609	0.000010	0.000010	0.000010	0.999950	0.000010	0.000010	LD_0.9_6_1807
ECA161	0.000010	0.000010	0.000010	0.999950	0.000010	0.000010	LD_0.9_6_1807
ECA1611	0.000010	0.000010	0.000010	0.999950	0.000010	0.000010	LD_0.9_6_1807
ECA1615	0.000010	0.000010	0.000010	0.999950	0.000010	0.000010	LD_0.9_6_1807
ECA162	0.000010	0.000010	0.000010	0.999950	0.000010	0.000010	LD_0.9_6_1807
ECA1621	0.000010	0.000010	0.000010	0.999950	0.000010	0.000010	LD_0.9_6_1807
ECA163	0.000010	0.000010	0.000010	0.000010	0.000010	0.999950	LD_0.9_6_1807
ECA1637	0.000010	0.000010	0.000010	0.999950	0.000010	0.000010	LD_0.9_6_1807
ECA1657	0.000010	0.000010	0.000010	0.999950	0.000010	0.000010	LD_0.9_6_1807
ECA1701	0.004662	0.000010	0.000010	0.995298	0.000010	0.000010	LD_0.9_6_1807
ECA175	0.000010	0.000010	0.000010	0.999950	0.000010	0.000010	LD_0.9_6_1807
ECA176	0.000010	0.000010	0.000010	0.999950	0.000010	0.000010	LD_0.9_6_1807
ECA177	0.000010	0.000010	0.000010	0.999950	0.000010	0.000010	LD_0.9_6_1807
ECA180	0.000010	0.000010	0.000010	0.999950	0.000010	0.000010	LD_0.9_6_1807
ECA182	0.000010	0.000010	0.000010	0.999950	0.000010	0.000010	LD_0.9_6_1807
ECA183	0.000010	0.000010	0.000010	0.999950	0.000010	0.000010	LD_0.9_6_1807
ECA185	0.000010	0.000010	0.000010	0.999950	0.000010	0.000010	LD_0.9_6_1807
ECA186	0.000010	0.000010	0.000010	0.999950	0.000010	0.000010	LD_0.9_6_1807
ECA2083	0.000010	0.000011	0.000010	0.999949	0.000010	0.000010	LD_0.9_6_1807
ECA2093	0.000010	0.000010	0.000010	0.999950	0.000010	0.000010	LD_0.9_6_1807
ECA2115	0.000010	0.000010	0.000010	0.999950	0.000010	0.000010	LD_0.9_6_1807
ECA2299	0.000010	0.000010	0.000010	0.000014	0.999946	0.000010	LD_0.9_6_1807
ECA2373	0.032570	0.000010	0.000010	0.967390	0.000010	0.000010	LD_0.9_6_1807
ECA2385	0.000010	0.000010	0.000010	0.000010	0.999950	0.000010	LD_0.9_6_1807
ECA2425	0.000010	0.000010	0.000010	0.999950	0.000010	0.000010	LD_0.9_6_1807
ECA2617	0.000010	0.999950	0.000010	0.000010	0.000010	0.000010	LD_0.9_6_1807
ECA2618	0.000010	0.999950	0.000010	0.000010	0.000010	0.000010	LD_0.9_6_1807
ECA2621	0.000010	0.999950	0.000010	0.000010	0.000010	0.000010	LD_0.9_6_1807
ECA2623	0.028618	0.000010	0.000010	0.971342	0.000010	0.000010	LD_0.9_6_1807
ECA2625	0.000010	0.000010	0.000010	0.999950	0.000010	0.000010	LD_0.9_6_1807
ECA2626	0.000010	0.000010	0.000010	0.999950	0.000010	0.000010	LD_0.9_6_1807
ECA2636	0.000010	0.000010	0.000010	0.999950	0.000010	0.000010	LD_0.9_6_1807
ECA2637	0.000014	0.000010	0.000010	0.999946	0.000010	0.000010	LD_0.9_6_1807
ECA2639	0.000010	0.999950	0.000010	0.000010	0.000010	0.000010	LD_0.9_6_1807
ECA2645	0.000010	0.000011	0.000010	0.999949	0.000010	0.000010	LD_0.9_6_1807
ECA2647	0.000010	0.999950	0.000010	0.000010	0.000010	0.000010	LD_0.9_6_1807
ECA2663	0.000010	0.000010	0.000010	0.999950	0.000010	0.000010	LD_0.9_6_1807
ECA2664	0.043986	0.000010	0.000010	0.955974	0.000010	0.000010	LD_0.9_6_1807
ECA2666	0.000010	0.999949	0.000010	0.000011	0.000011	0.000010	LD_0.9_6_1807
ECA2667	0.000010	0.000010	0.000010	0.999943	0.000017	0.000010	LD_0.9_6_1807
ECA2670	0.000010	0.999950	0.000010	0.000010	0.000010	0.000010	LD_0.9_6_1807
ECA276	0.000010	0.000010	0.000010	0.000010	0.000010	0.999950	LD_0.9_6_1807
ECA278	0.000010	0.000010	0.999950	0.000010	0.000010	0.000010	LD_0.9_6_1807
ECA2808	0.000010	0.000010	0.000010	0.999950	0.000010	0.000010	LD_0.9_6_1807
ECA287	0.000010	0.000010	0.000010	0.009428	0.990532	0.000010	LD_0.9_6_1807
ECA288	0.000010	0.000010	0.000010	0.898250	0.101710	0.000010	LD_0.9_6_1807
ECA2883	0.000010	0.000010	0.000010	0.999950	0.000010	0.000010	LD_0.9_6_1807
ECA2890	0.000010	0.000010	0.000010	0.999950	0.000010	0.000010	LD_0.9_6_1807
ECA2894	0.000010	0.000010	0.000010	0.999950	0.000010	0.000010	LD_0.9_6_1807
ECA2936	0.000010	0.000010	0.000010	0.000010	0.999950	0.000010	LD_0.9_6_1807
ECA2975	0.000016	0.000010	0.000010	0.999944	0.000010	0.000010	LD_0.9_6_1807
ECA3091	0.000010	0.000010	0.000010	0.999950	0.000010	0.000010	LD_0.9_6_1807
ECA343	0.000010	0.000010	0.000010	0.999950	0.000010	0.000010	LD_0.9_6_1807
ECA346	0.000010	0.000010	0.000010	0.999950	0.000010	0.000010	LD_0.9_6_1807
ECA3502	0.000010	0.000010	0.000010	0.000010	0.999950	0.000010	LD_0.9_6_1807
ECA3503	0.000010	0.000010	0.000010	0.999950	0.000010	0.000010	LD_0.9_6_1807
ECA3509	0.000010	0.000010	0.000010	0.999950	0.000010	0.000010	LD_0.9_6_1807
ECA3708	0.000010	0.000010	0.000010	0.999950	0.000010	0.000010	LD_0.9_6_1807
ECA371	0.000010	0.000010	0.000010	0.999950	0.000010	0.000010	LD_0.9_6_1807
ECA3712	0.000010	0.000010	0.000010	0.999950	0.000010	0.000010	LD_0.9_6_1807
ECA3713	0.000010	0.000010	0.000010	0.999950	0.000010	0.000010	LD_0.9_6_1807
ECA3899	0.000010	0.000010	0.000010	0.999950	0.000010	0.000010	LD_0.9_6_1807
ECA4382	0.000010	0.000010	0.000010	0.999950	0.000010	0.000010	LD_0.9_6_1807
ECA4390	0.000010	0.000010	0.000010	0.999950	0.000010	0.000010	LD_0.9_6_1807
ECA4394	0.000018	0.000010	0.000010	0.999942	0.000010	0.000010	LD_0.9_6_1807
ECA4402	0.000010	0.000010	0.000010	0.999950	0.000010	0.000010	LD_0.9_6_1807
ECA569	0.000010	0.000010	0.999950	0.000010	0.000010	0.000010	LD_0.9_6_1807
ED3032	0.000010	0.000010	0.000010	0.999950	0.000010	0.000010	LD_0.9_6_1807
ED3037	0.000010	0.000012	0.000010	0.999947	0.000010	0.000010	LD_0.9_6_1807
ED3088	0.000010	0.000010	0.000010	0.999950	0.000010	0.000010	LD_0.9_6_1807
ED3102	0.000010	0.000010	0.000010	0.000010	0.000010	0.999950	LD_0.9_6_1807
EG4360	0.000010	0.000010	0.999950	0.000010	0.000010	0.000010	LD_0.9_6_1807
EG5612	0.000010	0.000010	0.000010	0.999950	0.000010	0.000010	LD_0.9_6_1807
EG5613	0.060020	0.000010	0.000010	0.939940	0.000010	0.000010	LD_0.9_6_1807
EG6179	0.000010	0.000010	0.000010	0.999950	0.000010	0.000010	LD_0.9_6_1807
EG6260	0.018887	0.000010	0.000010	0.981073	0.000010	0.000010	LD_0.9_6_1807
EG6261	0.007924	0.000010	0.000010	0.992036	0.000010	0.000010	LD_0.9_6_1807
EG6265	0.014506	0.000010	0.000010	0.000010	0.985454	0.000010	LD_0.9_6_1807
EG6267	0.011192	0.000010	0.000010	0.988768	0.000010	0.000010	LD_0.9_6_1807
EG6271	0.042067	0.000010	0.000010	0.957893	0.000010	0.000010	LD_0.9_6_1807
EG6272	0.000914	0.000010	0.000010	0.999046	0.000010	0.000010	LD_0.9_6_1807
EG6274	0.000010	0.000010	0.000010	0.999950	0.000010	0.000010	LD_0.9_6_1807
EG6275	0.000010	0.000010	0.000010	0.999950	0.000010	0.000010	LD_0.9_6_1807
EG6276	0.000010	0.000010	0.000010	0.999950	0.000010	0.000010	LD_0.9_6_1807
EG6329	0.087999	0.000010	0.000010	0.911961	0.000010	0.000010	LD_0.9_6_1807
GUN124	0.000016	0.000010	0.999944	0.000010	0.000010	0.000010	LD_0.9_6_1807
GXW22	0.000010	0.000010	0.000010	0.999950	0.000010	0.000010	LD_0.9_6_1807
GXW23	0.000010	0.000010	0.000010	0.945400	0.000010	0.054560	LD_0.9_6_1807
HK104	0.000010	0.000010	0.999950	0.000010	0.000010	0.000010	LD_0.9_6_1807
HPT11	0.000010	0.000010	0.000010	0.000010	0.000010	0.999950	LD_0.9_6_1807
HPT16	0.000010	0.000010	0.000010	0.999950	0.000010	0.000010	LD_0.9_6_1807
HPT18	0.000010	0.000010	0.000010	0.000010	0.000010	0.999950	LD_0.9_6_1807
HPT19	0.000010	0.000010	0.000010	0.999950	0.000010	0.000010	LD_0.9_6_1807
HPT2	0.000010	0.000010	0.000010	0.999950	0.000010	0.000010	LD_0.9_6_1807
HPT21	0.000010	0.000010	0.000010	0.999950	0.000010	0.000010	LD_0.9_6_1807
HPT24	0.000010	0.000010	0.000010	0.000010	0.000010	0.999950	LD_0.9_6_1807
HPT34	0.000010	0.000010	0.000010	0.999950	0.000010	0.000010	LD_0.9_6_1807
HPT37	0.029543	0.000010	0.000010	0.970417	0.000010	0.000010	LD_0.9_6_1807
HPT4	0.000010	0.000010	0.000010	0.999950	0.000010	0.000010	LD_0.9_6_1807
HPT42	0.000010	0.000010	0.000010	0.999950	0.000010	0.000010	LD_0.9_6_1807
HPT52	0.495295	0.000010	0.000010	0.504657	0.000019	0.000010	LD_0.9_6_1807
HPT53	0.000010	0.000010	0.000010	0.999950	0.000010	0.000010	LD_0.9_6_1807
HPT54	0.000010	0.000012	0.000010	0.999948	0.000010	0.000010	LD_0.9_6_1807
HPT55	0.000010	0.000010	0.000010	0.999950	0.000010	0.000010	LD_0.9_6_1807
HPT59	0.000010	0.000010	0.000010	0.999947	0.000013	0.000010	LD_0.9_6_1807
HPT60	0.000010	0.000010	0.000010	0.999950	0.000010	0.000010	LD_0.9_6_1807
HPT62	0.999949	0.000010	0.000010	0.000010	0.000011	0.000010	LD_0.9_6_1807
HPT63	0.000010	0.000010	0.000010	0.999950	0.000010	0.000010	LD_0.9_6_1807
HPT7	0.000010	0.000010	0.000010	0.999950	0.000010	0.000010	LD_0.9_6_1807
HPT8	0.000010	0.000010	0.000010	0.999950	0.000010	0.000010	LD_0.9_6_1807
HPT9	0.000010	0.000010	0.006378	0.990799	0.002793	0.000010	LD_0.9_6_1807
JU1085	0.000010	0.000010	0.999950	0.000010	0.000010	0.000010	LD_0.9_6_1807
JU1337	0.041135	0.000010	0.000010	0.958825	0.000010	0.000010	LD_0.9_6_1807
JU1338	0.379123	0.000010	0.000010	0.617638	0.003209	0.000010	LD_0.9_6_1807
JU1341	0.000010	0.999950	0.000010	0.000010	0.000010	0.000010	LD_0.9_6_1807
JU1346	0.374542	0.000010	0.000010	0.625418	0.000010	0.000010	LD_0.9_6_1807
JU1347	0.000010	0.000010	0.000010	0.999950	0.000010	0.000010	LD_0.9_6_1807
JU1348	0.000010	0.999950	0.000010	0.000010	0.000010	0.000010	LD_0.9_6_1807
JU1375	0.000010	0.000010	0.000010	0.999949	0.000011	0.000010	LD_0.9_6_1807
JU1377	0.000010	0.000010	0.000010	0.999950	0.000010	0.000010	LD_0.9_6_1807
JU1378	0.000010	0.000010	0.000010	0.999950	0.000010	0.000010	LD_0.9_6_1807
JU1392	0.000010	0.000010	0.000010	0.999950	0.000010	0.000010	LD_0.9_6_1807
JU1399	0.275731	0.000010	0.000010	0.724229	0.000010	0.000010	LD_0.9_6_1807
JU1424	0.000010	0.000010	0.003741	0.986358	0.009871	0.000010	LD_0.9_6_1807
JU1435	0.000010	0.000010	0.000010	0.999950	0.000010	0.000010	LD_0.9_6_1807
JU1564	0.000010	0.000010	0.999945	0.000015	0.000010	0.000010	LD_0.9_6_1807
JU1637	0.000010	0.000010	0.000010	0.999950	0.000010	0.000010	LD_0.9_6_1807
JU1638	0.000010	0.000010	0.000010	0.999950	0.000010	0.000010	LD_0.9_6_1807
JU1794	0.010127	0.000010	0.000010	0.989833	0.000010	0.000010	LD_0.9_6_1807
JU1795	0.000010	0.000010	0.000010	0.999950	0.000010	0.000010	LD_0.9_6_1807
JU1799	0.000010	0.000010	0.000010	0.999950	0.000010	0.000010	LD_0.9_6_1807
JU1802	0.000010	0.000010	0.000010	0.999950	0.000010	0.000010	LD_0.9_6_1807
JU1814	0.045326	0.000010	0.000010	0.954634	0.000010	0.000010	LD_0.9_6_1807
JU1884	0.000010	0.000010	0.000010	0.999950	0.000010	0.000010	LD_0.9_6_1807
JU1885	0.066039	0.000010	0.000010	0.933921	0.000010	0.000010	LD_0.9_6_1807
JU1907	0.000010	0.000010	0.000010	0.999950	0.000010	0.000010	LD_0.9_6_1807
JU1908	0.000010	0.000010	0.000010	0.999950	0.000010	0.000010	LD_0.9_6_1807
JU1909	0.000010	0.000010	0.000010	0.999950	0.000010	0.000010	LD_0.9_6_1807
JU1913	0.510540	0.000010	0.000010	0.489420	0.000010	0.000010	LD_0.9_6_1807
JU2053	0.000010	0.000010	0.000010	0.999950	0.000010	0.000010	LD_0.9_6_1807
JU2054	0.000010	0.000010	0.000010	0.999950	0.000010	0.000010	LD_0.9_6_1807
JU2056	0.000010	0.000010	0.000010	0.999950	0.000010	0.000010	LD_0.9_6_1807
JU2057	0.990663	0.000010	0.000010	0.009294	0.000013	0.000010	LD_0.9_6_1807
JU2160	0.999950	0.000010	0.000010	0.000010	0.000010	0.000010	LD_0.9_6_1807
JU2162	0.999950	0.000010	0.000010	0.000010	0.000010	0.000010	LD_0.9_6_1807
JU2214	0.212694	0.000010	0.000010	0.787266	0.000010	0.000010	LD_0.9_6_1807
JU2216	0.000010	0.000010	0.000010	0.000010	0.999950	0.000010	LD_0.9_6_1807
JU2457	0.089784	0.000010	0.503391	0.406795	0.000010	0.000010	LD_0.9_6_1807
JU2470	0.994398	0.000010	0.000010	0.000989	0.004583	0.000010	LD_0.9_6_1807
JU2472	0.000010	0.000010	0.000010	0.999950	0.000010	0.000010	LD_0.9_6_1807
JU2507	0.999949	0.000010	0.000010	0.000011	0.000010	0.000010	LD_0.9_6_1807
JU2518	0.503542	0.000010	0.000010	0.496418	0.000010	0.000010	LD_0.9_6_1807
JU2536	0.000010	0.000010	0.999950	0.000010	0.000010	0.000010	LD_0.9_6_1807
JU2618	0.703128	0.000010	0.000010	0.296832	0.000010	0.000010	LD_0.9_6_1807
JU2799	0.000010	0.000010	0.000010	0.999950	0.000010	0.000010	LD_0.9_6_1807
JU2836	0.233259	0.000010	0.000010	0.766701	0.000010	0.000010	LD_0.9_6_1807
JU2849	0.000010	0.000010	0.000010	0.999950	0.000010	0.000010	LD_0.9_6_1807
JU2861	0.000010	0.000010	0.000010	0.999950	0.000010	0.000010	LD_0.9_6_1807
JU2868	0.000010	0.000010	0.000010	0.999950	0.000010	0.000010	LD_0.9_6_1807
JU2872	0.000010	0.000010	0.999950	0.000010	0.000010	0.000010	LD_0.9_6_1807
JU2910	0.083385	0.000010	0.000010	0.916575	0.000011	0.000010	LD_0.9_6_1807
JU3168	0.000010	0.000010	0.000010	0.000010	0.000010	0.999950	LD_0.9_6_1807
JU3171	0.000010	0.000010	0.000010	0.999950	0.000010	0.000010	LD_0.9_6_1807
JU3199	0.000010	0.999950	0.000010	0.000010	0.000010	0.000010	LD_0.9_6_1807
JU3200	0.000010	0.999950	0.000010	0.000010	0.000010	0.000010	LD_0.9_6_1807
JU3201	0.000010	0.999950	0.000010	0.000010	0.000010	0.000010	LD_0.9_6_1807
JU3202	0.000010	0.999949	0.000010	0.000010	0.000011	0.000010	LD_0.9_6_1807
JU3203	0.000010	0.999950	0.000010	0.000010	0.000010	0.000010	LD_0.9_6_1807
JU3206	0.000010	0.999950	0.000010	0.000010	0.000010	0.000010	LD_0.9_6_1807
JU3207	0.000010	0.000010	0.000010	0.999950	0.000010	0.000010	LD_0.9_6_1807
JU3237	0.992710	0.000010	0.000010	0.007250	0.000010	0.000010	LD_0.9_6_1807
JU3281	0.000010	0.000010	0.000010	0.999950	0.000010	0.000010	LD_0.9_6_1807
JU3319	0.000010	0.000010	0.000010	0.995910	0.004050	0.000010	LD_0.9_6_1807
JU3321	0.000010	0.000010	0.000010	0.999948	0.000012	0.000010	LD_0.9_6_1807
JU3326	0.000010	0.004743	0.767322	0.048206	0.000010	0.179709	LD_0.9_6_1807
JU3327	0.000010	0.000010	0.000010	0.999950	0.000010	0.000010	LD_0.9_6_1807
JU3416	0.000010	0.000010	0.999950	0.000010	0.000010	0.000010	LD_0.9_6_1807
JU4042	0.000012	0.000010	0.000010	0.999948	0.000010	0.000010	LD_0.9_6_1807
JU4051	0.000010	0.000010	0.000010	0.903047	0.000010	0.096913	LD_0.9_6_1807
JU4058	0.000010	0.000010	0.015849	0.982370	0.001751	0.000010	LD_0.9_6_1807
JU4060	0.015772	0.000010	0.000010	0.984188	0.000010	0.000010	LD_0.9_6_1807
JU4062	0.001285	0.000013	0.000010	0.994547	0.004135	0.000010	LD_0.9_6_1807
JU4064	0.000010	0.000010	0.000010	0.995542	0.004418	0.000010	LD_0.9_6_1807
JU4080	0.000010	0.000010	0.000010	0.999950	0.000010	0.000010	LD_0.9_6_1807
JU4084	0.366589	0.000010	0.000010	0.633370	0.000010	0.000010	LD_0.9_6_1807
JU4097	0.352761	0.000010	0.000010	0.647199	0.000010	0.000010	LD_0.9_6_1807
JU725	0.000010	0.000010	0.000010	0.945711	0.000010	0.054249	LD_0.9_6_1807
MY2716	0.000010	0.000010	0.000010	0.999950	0.000010	0.000010	LD_0.9_6_1807
MY539	0.000010	0.000010	0.000010	0.999950	0.000010	0.000010	LD_0.9_6_1807
NIC1050	0.628686	0.000010	0.000010	0.371274	0.000010	0.000010	LD_0.9_6_1807
NIC1052	0.721294	0.000010	0.000010	0.278666	0.000010	0.000010	LD_0.9_6_1807
NIC1054	0.529340	0.000010	0.000010	0.470620	0.000010	0.000010	LD_0.9_6_1807
NIC1055	0.633545	0.000010	0.000016	0.366409	0.000011	0.000010	LD_0.9_6_1807
NIC1057	0.713502	0.000010	0.000010	0.286458	0.000010	0.000010	LD_0.9_6_1807
NIC1058	0.670285	0.000011	0.000016	0.329668	0.000010	0.000010	LD_0.9_6_1807
NIC1059	0.636948	0.000010	0.000013	0.363009	0.000010	0.000010	LD_0.9_6_1807
NIC1060	0.551054	0.000014	0.000010	0.448902	0.000010	0.000010	LD_0.9_6_1807
NIC1062	0.312449	0.000010	0.000010	0.687511	0.000010	0.000010	LD_0.9_6_1807
NIC1069	0.070320	0.000010	0.000010	0.929640	0.000010	0.000010	LD_0.9_6_1807
NIC1103	0.650698	0.000010	0.000010	0.349262	0.000010	0.000010	LD_0.9_6_1807
NIC1104	0.095394	0.000010	0.000010	0.904566	0.000010	0.000010	LD_0.9_6_1807
NIC1106	0.256746	0.000010	0.000010	0.743214	0.000010	0.000010	LD_0.9_6_1807
NIC1117	0.000010	0.000010	0.000010	0.999950	0.000010	0.000010	LD_0.9_6_1807
NIC1123	0.359277	0.000010	0.000010	0.640683	0.000010	0.000010	LD_0.9_6_1807
NIC1124	0.510079	0.000010	0.000010	0.489881	0.000010	0.000010	LD_0.9_6_1807
NIC1135	0.489368	0.000010	0.000010	0.510592	0.000010	0.000010	LD_0.9_6_1807
NIC1138	0.522049	0.000010	0.000010	0.477911	0.000010	0.000010	LD_0.9_6_1807
NIC1141	0.495395	0.000010	0.000010	0.504565	0.000010	0.000010	LD_0.9_6_1807
NIC115	0.000010	0.000010	0.000010	0.999950	0.000010	0.000010	LD_0.9_6_1807
NIC117	0.000010	0.000010	0.000010	0.999950	0.000010	0.000010	LD_0.9_6_1807
NIC1183	0.509157	0.000010	0.000010	0.490803	0.000010	0.000010	LD_0.9_6_1807
NIC119	0.000013	0.000010	0.000010	0.999947	0.000010	0.000010	LD_0.9_6_1807
NIC1190	0.443236	0.000010	0.000010	0.556724	0.000010	0.000010	LD_0.9_6_1807
NIC1202	0.000010	0.000010	0.000010	0.999950	0.000010	0.000010	LD_0.9_6_1807
NIC1204	0.000010	0.000010	0.000010	0.999950	0.000010	0.000010	LD_0.9_6_1807
NIC1205	0.000010	0.000010	0.000010	0.000010	0.999950	0.000010	LD_0.9_6_1807
NIC1218	0.000010	0.000010	0.000010	0.999950	0.000010	0.000010	LD_0.9_6_1807
NIC1220	0.000010	0.000010	0.000010	0.000010	0.999950	0.000010	LD_0.9_6_1807
NIC1221	0.000010	0.000010	0.000010	0.999950	0.000010	0.000010	LD_0.9_6_1807
NIC123	0.000010	0.000010	0.000010	0.999950	0.000010	0.000010	LD_0.9_6_1807
NIC1267	0.168230	0.000010	0.000010	0.831730	0.000010	0.000010	LD_0.9_6_1807
NIC1283	0.431791	0.000010	0.000010	0.568169	0.000010	0.000010	LD_0.9_6_1807
NIC1288	0.549914	0.000010	0.000010	0.450046	0.000010	0.000010	LD_0.9_6_1807
NIC1292	0.509140	0.000010	0.000010	0.490820	0.000010	0.000010	LD_0.9_6_1807
NIC1302	0.366375	0.000010	0.000010	0.633585	0.000010	0.000010	LD_0.9_6_1807
NIC1304	0.532998	0.000010	0.000010	0.466962	0.000010	0.000010	LD_0.9_6_1807
NIC1308	0.000010	0.000010	0.000010	0.999950	0.000010	0.000010	LD_0.9_6_1807
NIC1407	0.555385	0.000010	0.000010	0.444575	0.000010	0.000010	LD_0.9_6_1807
NIC1421	0.235282	0.000010	0.000010	0.764678	0.000010	0.000010	LD_0.9_6_1807
NIC1423	0.634688	0.000010	0.000010	0.365272	0.000010	0.000010	LD_0.9_6_1807
NIC1442	0.451969	0.000010	0.000010	0.547991	0.000010	0.000010	LD_0.9_6_1807
NIC1491	0.452033	0.000010	0.000010	0.547927	0.000010	0.000010	LD_0.9_6_1807
NIC1525	0.000010	0.000010	0.000010	0.999950	0.000010	0.000010	LD_0.9_6_1807
NIC1528	0.000010	0.000010	0.000010	0.999950	0.000010	0.000010	LD_0.9_6_1807
NIC1529	0.000010	0.000010	0.000010	0.999950	0.000010	0.000010	LD_0.9_6_1807
NIC1533	0.000010	0.000010	0.000010	0.999948	0.000012	0.000010	LD_0.9_6_1807
NIC1535	0.000010	0.000010	0.000010	0.999950	0.000010	0.000010	LD_0.9_6_1807
NIC1539	0.000010	0.000010	0.000010	0.000010	0.999950	0.000010	LD_0.9_6_1807
NIC1540	0.000010	0.000010	0.999950	0.000010	0.000010	0.000010	LD_0.9_6_1807
NIC1562	0.000010	0.000010	0.000010	0.000010	0.999950	0.000010	LD_0.9_6_1807
NIC1589	0.000010	0.000010	0.999950	0.000010	0.000010	0.000010	LD_0.9_6_1807
NIC1590	0.000010	0.000010	0.000010	0.000010	0.999950	0.000010	LD_0.9_6_1807
NIC1591	0.000010	0.000010	0.999950	0.000010	0.000010	0.000010	LD_0.9_6_1807
NIC1593	0.000010	0.000010	0.999950	0.000010	0.000010	0.000010	LD_0.9_6_1807
NIC1595	0.000010	0.000010	0.000010	0.000010	0.999950	0.000010	LD_0.9_6_1807
NIC1598	0.000010	0.000010	0.000010	0.008458	0.991502	0.000010	LD_0.9_6_1807
NIC1602	0.000010	0.000010	0.000010	0.000010	0.999950	0.000010	LD_0.9_6_1807
NIC1607	0.000010	0.000010	0.000010	0.000010	0.000010	0.999950	LD_0.9_6_1807
NIC1628	0.000010	0.000010	0.000010	0.999950	0.000010	0.000010	LD_0.9_6_1807
NIC1630	0.000010	0.000010	0.000010	0.000010	0.999950	0.000010	LD_0.9_6_1807
NIC1631	0.000010	0.000010	0.000010	0.000011	0.999949	0.000010	LD_0.9_6_1807
NIC1632	0.000010	0.000010	0.999950	0.000010	0.000010	0.000010	LD_0.9_6_1807
NIC1633	0.000010	0.000010	0.999950	0.000010	0.000010	0.000010	LD_0.9_6_1807
NIC1635	0.000010	0.000010	0.999950	0.000010	0.000010	0.000010	LD_0.9_6_1807
NIC1645	0.000010	0.000010	0.000010	0.000010	0.999950	0.000010	LD_0.9_6_1807
NIC1660	0.000010	0.000010	0.000010	0.000010	0.999950	0.000010	LD_0.9_6_1807
NIC1661	0.000010	0.000010	0.000010	0.000010	0.999950	0.000010	LD_0.9_6_1807
NIC1662	0.000010	0.000010	0.000010	0.000010	0.999950	0.000010	LD_0.9_6_1807
NIC1663	0.000010	0.000010	0.000010	0.000013	0.999947	0.000010	LD_0.9_6_1807
NIC1664	0.000010	0.000010	0.999943	0.000010	0.000017	0.000010	LD_0.9_6_1807
NIC1665	0.000010	0.000010	0.999950	0.000010	0.000010	0.000010	LD_0.9_6_1807
NIC1666	0.000010	0.000010	0.000010	0.000010	0.999950	0.000010	LD_0.9_6_1807
NIC1667	0.000010	0.000010	0.000010	0.000010	0.999950	0.000010	LD_0.9_6_1807
NIC1681	0.000010	0.000010	0.000010	0.000010	0.999950	0.000010	LD_0.9_6_1807
NIC1688	0.000010	0.000010	0.000010	0.999950	0.000010	0.000010	LD_0.9_6_1807
NIC1692	0.000010	0.000010	0.000010	0.000011	0.999949	0.000010	LD_0.9_6_1807
NIC1693	0.000010	0.000010	0.000010	0.000012	0.999948	0.000010	LD_0.9_6_1807
NIC17	0.000010	0.000010	0.000010	0.999950	0.000010	0.000010	LD_0.9_6_1807
NIC174	0.000010	0.000010	0.999950	0.000010	0.000010	0.000010	LD_0.9_6_1807
NIC187	0.000010	0.000010	0.000010	0.999950	0.000010	0.000010	LD_0.9_6_1807
NIC188	0.000010	0.000010	0.000010	0.999950	0.000010	0.000010	LD_0.9_6_1807
NIC19	0.000010	0.000010	0.999942	0.000010	0.000018	0.000010	LD_0.9_6_1807
NIC191	0.000010	0.000010	0.000010	0.999950	0.000010	0.000010	LD_0.9_6_1807
NIC20	0.000010	0.000010	0.999950	0.000010	0.000010	0.000010	LD_0.9_6_1807
NIC21	0.000010	0.000010	0.999950	0.000010	0.000010	0.000010	LD_0.9_6_1807
NIC22	0.000010	0.000010	0.999950	0.000010	0.000010	0.000010	LD_0.9_6_1807
NIC2369	0.000010	0.000010	0.000010	0.999950	0.000010	0.000010	LD_0.9_6_1807
NIC248	0.000010	0.000010	0.000010	0.999950	0.000010	0.000010	LD_0.9_6_1807
NIC250	0.000010	0.000010	0.000010	0.999950	0.000010	0.000010	LD_0.9_6_1807
NIC2527	0.000010	0.000010	0.000010	0.999950	0.000010	0.000010	LD_0.9_6_1807
NIC309	0.233406	0.000010	0.000010	0.766554	0.000010	0.000010	LD_0.9_6_1807
NIC325	0.243748	0.000010	0.000010	0.756212	0.000010	0.000010	LD_0.9_6_1807
NIC327	0.606021	0.000010	0.000010	0.393939	0.000010	0.000010	LD_0.9_6_1807
NIC329	0.478875	0.000010	0.000010	0.521085	0.000010	0.000010	LD_0.9_6_1807
NIC330	0.456070	0.000010	0.000010	0.543890	0.000010	0.000010	LD_0.9_6_1807
NIC331	0.414103	0.000010	0.000010	0.585857	0.000010	0.000010	LD_0.9_6_1807
NIC332	0.519786	0.000010	0.000014	0.480170	0.000010	0.000010	LD_0.9_6_1807
NIC333	0.492695	0.000010	0.000010	0.507265	0.000010	0.000010	LD_0.9_6_1807
NIC343	0.000010	0.000010	0.000010	0.999950	0.000010	0.000010	LD_0.9_6_1807
NIC392	0.120724	0.000010	0.000010	0.879236	0.000010	0.000010	LD_0.9_6_1807
NIC400	0.515737	0.000010	0.000010	0.484223	0.000010	0.000010	LD_0.9_6_1807
NIC402	0.514049	0.000011	0.000010	0.485910	0.000010	0.000010	LD_0.9_6_1807
NIC419	0.000010	0.000010	0.000010	0.999950	0.000010	0.000010	LD_0.9_6_1807
NIC504	0.000010	0.000010	0.000010	0.000010	0.999950	0.000010	LD_0.9_6_1807
NIC505	0.000010	0.000010	0.000010	0.000010	0.999950	0.000010	LD_0.9_6_1807
NIC518	0.000010	0.000010	0.000010	0.000010	0.999950	0.000010	LD_0.9_6_1807
NIC519	0.000010	0.000010	0.000010	0.000010	0.999950	0.000010	LD_0.9_6_1807
NIC532	0.000010	0.000010	0.000010	0.999950	0.000010	0.000010	LD_0.9_6_1807
NIC541	0.621326	0.000010	0.000010	0.378634	0.000010	0.000010	LD_0.9_6_1807
NIC549	0.000010	0.000010	0.000010	0.999950	0.000010	0.000010	LD_0.9_6_1807
NIC552	0.038270	0.000010	0.000010	0.961690	0.000010	0.000010	LD_0.9_6_1807
NIC555	0.156693	0.000010	0.000010	0.843267	0.000010	0.000010	LD_0.9_6_1807
NIC574	0.007918	0.000010	0.000010	0.992042	0.000010	0.000010	LD_0.9_6_1807
NIC578	0.000010	0.000010	0.000010	0.999950	0.000010	0.000010	LD_0.9_6_1807
NIC583	0.110375	0.000010	0.000010	0.889585	0.000010	0.000010	LD_0.9_6_1807
NIC590	0.255600	0.000010	0.000011	0.744359	0.000010	0.000010	LD_0.9_6_1807
NIC593	0.000010	0.000010	0.000010	0.999950	0.000010	0.000010	LD_0.9_6_1807
NIC60	0.163649	0.000010	0.000010	0.836311	0.000010	0.000010	LD_0.9_6_1807
NIC61	0.011743	0.000010	0.000010	0.988217	0.000010	0.000010	LD_0.9_6_1807
NIC62	0.086379	0.000010	0.000010	0.913581	0.000010	0.000010	LD_0.9_6_1807
NIC67	0.000010	0.000010	0.000010	0.999950	0.000010	0.000010	LD_0.9_6_1807
NIC758	0.230765	0.000010	0.000011	0.769194	0.000010	0.000010	LD_0.9_6_1807
NIC777	0.193409	0.000010	0.000010	0.806551	0.000010	0.000010	LD_0.9_6_1807
NIC779	0.000010	0.000010	0.000010	0.000018	0.999942	0.000010	LD_0.9_6_1807
NIC790	0.000010	0.000010	0.000010	0.999950	0.000010	0.000010	LD_0.9_6_1807
NIC791	0.937749	0.000010	0.000010	0.062211	0.000010	0.000010	LD_0.9_6_1807
NIC792	0.331966	0.000010	0.000010	0.667994	0.000010	0.000010	LD_0.9_6_1807
NIC793	0.000010	0.000010	0.000010	0.999950	0.000010	0.000010	LD_0.9_6_1807
NIC795	0.000010	0.000010	0.000010	0.999950	0.000010	0.000010	LD_0.9_6_1807
NIC796	0.000010	0.000010	0.007443	0.992517	0.000010	0.000010	LD_0.9_6_1807
NIC802	0.000010	0.000010	0.000010	0.999950	0.000010	0.000010	LD_0.9_6_1807
NIC803	0.000010	0.000010	0.000010	0.999950	0.000010	0.000010	LD_0.9_6_1807
NIC805	0.000010	0.000010	0.000010	0.000010	0.999950	0.000010	LD_0.9_6_1807
NIC811	0.000010	0.000010	0.000010	0.999950	0.000010	0.000010	LD_0.9_6_1807
NIC814	0.000010	0.000010	0.000010	0.000010	0.999950	0.000010	LD_0.9_6_1807
NIC815	0.000010	0.000010	0.000010	0.000010	0.999950	0.000010	LD_0.9_6_1807
NIC816	0.000010	0.000010	0.999950	0.000010	0.000010	0.000010	LD_0.9_6_1807
NIC819	0.000010	0.000010	0.000010	0.000010	0.000010	0.999950	LD_0.9_6_1807
NIC821	0.000010	0.000010	0.000010	0.999950	0.000010	0.000010	LD_0.9_6_1807
NIC822	0.000010	0.000010	0.000010	0.000010	0.999950	0.000010	LD_0.9_6_1807
NIC824	0.000010	0.000010	0.000010	0.000010	0.999950	0.000010	LD_0.9_6_1807
NIC825	0.000010	0.000010	0.999950	0.000010	0.000010	0.000010	LD_0.9_6_1807
NIC827	0.000010	0.000010	0.999950	0.000010	0.000010	0.000010	LD_0.9_6_1807
NIC828	0.000010	0.000010	0.999950	0.000010	0.000010	0.000010	LD_0.9_6_1807
NIC863	0.000010	0.000010	0.000010	0.000010	0.999950	0.000010	LD_0.9_6_1807
NIC864	0.000010	0.000010	0.000010	0.000010	0.999950	0.000010	LD_0.9_6_1807
NIC865	0.000010	0.000010	0.000010	0.000010	0.999950	0.000010	LD_0.9_6_1807
NIC871	0.000010	0.000010	0.000010	0.999950	0.000010	0.000010	LD_0.9_6_1807
NIC883	0.000010	0.000010	0.000010	0.999950	0.000010	0.000010	LD_0.9_6_1807
NIC889	0.000010	0.000010	0.000010	0.000010	0.999950	0.000010	LD_0.9_6_1807
NIC893	0.000010	0.000010	0.000010	0.000010	0.000010	0.999950	LD_0.9_6_1807
NIC897	0.000010	0.000010	0.000010	0.000012	0.999948	0.000010	LD_0.9_6_1807
NIC899	0.000010	0.000010	0.999950	0.000010	0.000010	0.000010	LD_0.9_6_1807
NIC901	0.000010	0.000010	0.000010	0.999950	0.000010	0.000010	LD_0.9_6_1807
NIC911	0.000010	0.000010	0.000010	0.999950	0.000010	0.000010	LD_0.9_6_1807
NIC96	0.452015	0.000010	0.000010	0.547945	0.000010	0.000010	LD_0.9_6_1807
NIC984	0.000010	0.000010	0.000010	0.999950	0.000010	0.000010	LD_0.9_6_1807
NIC985	0.000010	0.000010	0.000010	0.999950	0.000010	0.000010	LD_0.9_6_1807
PB800	0.000010	0.000010	0.999950	0.000010	0.000010	0.000010	LD_0.9_6_1807
PB857	0.000010	0.000010	0.999950	0.000010	0.000010	0.000010	LD_0.9_6_1807
PE887	0.000010	0.000010	0.000010	0.999950	0.000010	0.000010	LD_0.9_6_1807
QG1005	0.998327	0.000010	0.000010	0.001633	0.000010	0.000010	LD_0.9_6_1807
QG1007	0.999949	0.000010	0.000010	0.000010	0.000011	0.000010	LD_0.9_6_1807
QG1111	0.999950	0.000010	0.000010	0.000010	0.000010	0.000010	LD_0.9_6_1807
QG1126	0.999950	0.000010	0.000010	0.000010	0.000010	0.000010	LD_0.9_6_1807
QG1141	0.999950	0.000010	0.000010	0.000010	0.000010	0.000010	LD_0.9_6_1807
QG1155	0.999950	0.000010	0.000010	0.000010	0.000010	0.000010	LD_0.9_6_1807
QG130	0.000010	0.000010	0.000010	0.999950	0.000010	0.000010	LD_0.9_6_1807
QG132	0.000010	0.000010	0.000010	0.999950	0.000010	0.000010	LD_0.9_6_1807
QG133	0.000010	0.000010	0.000010	0.020687	0.979273	0.000010	LD_0.9_6_1807
QG2641	0.999950	0.000010	0.000010	0.000010	0.000010	0.000010	LD_0.9_6_1807
QG2648	0.999950	0.000010	0.000010	0.000010	0.000010	0.000010	LD_0.9_6_1807
QG2659	0.999950	0.000010	0.000010	0.000010	0.000010	0.000010	LD_0.9_6_1807
QG2663	0.999950	0.000010	0.000010	0.000010	0.000010	0.000010	LD_0.9_6_1807
QG2665	0.999949	0.000010	0.000011	0.000010	0.000010	0.000010	LD_0.9_6_1807
QG2683	0.999950	0.000010	0.000010	0.000010	0.000010	0.000010	LD_0.9_6_1807
QG2736	0.999950	0.000010	0.000010	0.000010	0.000010	0.000010	LD_0.9_6_1807
QG2814	0.000010	0.000010	0.000010	0.999950	0.000010	0.000010	LD_0.9_6_1807
QG2820	0.000010	0.000010	0.000010	0.999950	0.000010	0.000010	LD_0.9_6_1807
QG2848	0.000010	0.000010	0.000010	0.999950	0.000010	0.000010	LD_0.9_6_1807
QG2880	0.999950	0.000010	0.000010	0.000010	0.000010	0.000010	LD_0.9_6_1807
QG2881	0.000010	0.000010	0.000010	0.999950	0.000010	0.000010	LD_0.9_6_1807
QG2883	0.000010	0.000010	0.000010	0.999950	0.000010	0.000010	LD_0.9_6_1807
QG2884	0.999950	0.000010	0.000010	0.000010	0.000010	0.000010	LD_0.9_6_1807
QG2891	0.000010	0.999950	0.000010	0.000010	0.000010	0.000010	LD_0.9_6_1807
QG2892	0.999950	0.000010	0.000010	0.000010	0.000010	0.000010	LD_0.9_6_1807
QG2893	0.000010	0.999950	0.000010	0.000010	0.000010	0.000010	LD_0.9_6_1807
QG2895	0.999950	0.000010	0.000010	0.000010	0.000010	0.000010	LD_0.9_6_1807
QG2902	0.999950	0.000010	0.000010	0.000010	0.000010	0.000010	LD_0.9_6_1807
QG2903	0.999950	0.000010	0.000010	0.000010	0.000010	0.000010	LD_0.9_6_1807
QG2906	0.999950	0.000010	0.000010	0.000010	0.000010	0.000010	LD_0.9_6_1807
QG2908	0.000010	0.999950	0.000010	0.000010	0.000010	0.000010	LD_0.9_6_1807
QG2910	0.000010	0.000010	0.000010	0.999950	0.000010	0.000010	LD_0.9_6_1807
QG2919	0.000010	0.999950	0.000010	0.000010	0.000010	0.000010	LD_0.9_6_1807
QG2923	0.999950	0.000010	0.000010	0.000010	0.000010	0.000010	LD_0.9_6_1807
QG2925	0.999950	0.000010	0.000010	0.000010	0.000010	0.000010	LD_0.9_6_1807
QG2964	0.999950	0.000010	0.000010	0.000010	0.000010	0.000010	LD_0.9_6_1807
QG2966	0.603169	0.000010	0.000010	0.396791	0.000010	0.000010	LD_0.9_6_1807
QG2969	0.999950	0.000010	0.000010	0.000010	0.000010	0.000010	LD_0.9_6_1807
QG2972	0.999950	0.000010	0.000010	0.000010	0.000010	0.000010	LD_0.9_6_1807
QG2996	0.999950	0.000010	0.000010	0.000010	0.000010	0.000010	LD_0.9_6_1807
QG3004	0.827056	0.000010	0.000010	0.172904	0.000010	0.000010	LD_0.9_6_1807
QG3006	0.999950	0.000010	0.000010	0.000010	0.000010	0.000010	LD_0.9_6_1807
QG3019	0.935251	0.000010	0.000010	0.064709	0.000010	0.000010	LD_0.9_6_1807
QG3025	0.999950	0.000010	0.000010	0.000010	0.000010	0.000010	LD_0.9_6_1807
QG3030	0.999950	0.000010	0.000010	0.000010	0.000010	0.000010	LD_0.9_6_1807
QG3032	0.803374	0.000010	0.000010	0.196586	0.000010	0.000010	LD_0.9_6_1807
QG3034	0.999950	0.000010	0.000010	0.000010	0.000010	0.000010	LD_0.9_6_1807
QG3041	0.999950	0.000010	0.000010	0.000010	0.000010	0.000010	LD_0.9_6_1807
QG3053	0.000010	0.000010	0.000010	0.999950	0.000010	0.000010	LD_0.9_6_1807
QG3056	0.600212	0.000010	0.000010	0.399748	0.000010	0.000010	LD_0.9_6_1807
QG3057	0.999950	0.000010	0.000010	0.000010	0.000010	0.000010	LD_0.9_6_1807
QG3058	0.965146	0.000010	0.000010	0.034814	0.000010	0.000010	LD_0.9_6_1807
QG3527	0.155537	0.000010	0.000010	0.844423	0.000010	0.000010	LD_0.9_6_1807
QG3661	0.000010	0.000010	0.999950	0.000010	0.000010	0.000010	LD_0.9_6_1807
QG3783	0.107452	0.000010	0.000010	0.892508	0.000010	0.000010	LD_0.9_6_1807
QG3801	0.972576	0.000010	0.000010	0.027384	0.000010	0.000010	LD_0.9_6_1807
QG3815	0.110800	0.000010	0.000010	0.889160	0.000010	0.000010	LD_0.9_6_1807
QG3816	0.092998	0.000010	0.000010	0.906962	0.000010	0.000010	LD_0.9_6_1807
QG3823	0.977926	0.000010	0.000010	0.022034	0.000010	0.000010	LD_0.9_6_1807
QG3825	0.032563	0.000010	0.000010	0.967397	0.000010	0.000010	LD_0.9_6_1807
QG3826	0.112727	0.000010	0.000010	0.887233	0.000010	0.000010	LD_0.9_6_1807
QG3837	0.013834	0.000010	0.000010	0.986126	0.000010	0.000010	LD_0.9_6_1807
QG3851	0.122227	0.000010	0.000010	0.877733	0.000010	0.000010	LD_0.9_6_1807
QG3861	0.098356	0.000010	0.000010	0.901604	0.000010	0.000010	LD_0.9_6_1807
QG3867	0.936232	0.000010	0.000010	0.063728	0.000010	0.000010	LD_0.9_6_1807
QG3874	0.036316	0.000010	0.000010	0.963644	0.000010	0.000010	LD_0.9_6_1807
QG3875	0.084548	0.000010	0.000010	0.915412	0.000010	0.000010	LD_0.9_6_1807
QG3876	0.118514	0.000010	0.000010	0.881446	0.000010	0.000010	LD_0.9_6_1807
QG3878	0.089697	0.000010	0.000010	0.910263	0.000010	0.000010	LD_0.9_6_1807
QG3920	0.151469	0.000010	0.000010	0.848491	0.000010	0.000010	LD_0.9_6_1807
QG3921	0.137250	0.000010	0.000010	0.862710	0.000010	0.000010	LD_0.9_6_1807
QG3923	0.059333	0.000010	0.000010	0.940627	0.000010	0.000010	LD_0.9_6_1807
QG3924	0.229799	0.000010	0.000010	0.770161	0.000010	0.000010	LD_0.9_6_1807
QG3925	0.140292	0.000010	0.000010	0.859668	0.000010	0.000010	LD_0.9_6_1807
QG3926	0.118885	0.000010	0.000010	0.881075	0.000010	0.000010	LD_0.9_6_1807
QG3927	0.127275	0.000010	0.000010	0.872685	0.000010	0.000010	LD_0.9_6_1807
QG3931	0.248925	0.000010	0.000010	0.751035	0.000010	0.000010	LD_0.9_6_1807
QG3932	0.132831	0.000010	0.000010	0.867129	0.000010	0.000010	LD_0.9_6_1807
QG3933	0.000010	0.000010	0.000010	0.999950	0.000010	0.000010	LD_0.9_6_1807
QG4026	0.000010	0.999950	0.000010	0.000010	0.000010	0.000010	LD_0.9_6_1807
QG4028	0.000011	0.999949	0.000010	0.000010	0.000010	0.000010	LD_0.9_6_1807
QG4031	0.000010	0.999950	0.000010	0.000010	0.000010	0.000010	LD_0.9_6_1807
QG4063	0.000010	0.999949	0.000011	0.000010	0.000010	0.000010	LD_0.9_6_1807
QG4064	0.000010	0.999950	0.000010	0.000010	0.000010	0.000010	LD_0.9_6_1807
QG4067	0.000010	0.999950	0.000010	0.000010	0.000010	0.000010	LD_0.9_6_1807
QG4068	0.000010	0.999950	0.000010	0.000010	0.000010	0.000010	LD_0.9_6_1807
QG4070	0.000010	0.000010	0.000010	0.999950	0.000010	0.000010	LD_0.9_6_1807
QG4093	0.000010	0.999950	0.000010	0.000010	0.000010	0.000010	LD_0.9_6_1807
QG4094	0.000010	0.999950	0.000010	0.000010	0.000010	0.000010	LD_0.9_6_1807
QG4095	0.000010	0.999950	0.000010	0.000010	0.000010	0.000010	LD_0.9_6_1807
QG4096	0.000010	0.999950	0.000010	0.000010	0.000010	0.000010	LD_0.9_6_1807
QG4097	0.000010	0.999950	0.000010	0.000010	0.000010	0.000010	LD_0.9_6_1807
QG4104	0.000010	0.999950	0.000010	0.000010	0.000010	0.000010	LD_0.9_6_1807
QG4114	0.000010	0.999950	0.000010	0.000010	0.000010	0.000010	LD_0.9_6_1807
QG4131	0.000010	0.999950	0.000010	0.000010	0.000010	0.000010	LD_0.9_6_1807
QG4132	0.000010	0.999950	0.000010	0.000010	0.000010	0.000010	LD_0.9_6_1807
QG4208	0.000010	0.999950	0.000010	0.000010	0.000010	0.000010	LD_0.9_6_1807
QG4214	0.000010	0.999950	0.000010	0.000010	0.000010	0.000010	LD_0.9_6_1807
QG4225	0.000010	0.999950	0.000010	0.000010	0.000010	0.000010	LD_0.9_6_1807
QG4232	0.000010	0.999949	0.000010	0.000011	0.000010	0.000010	LD_0.9_6_1807
QG4233	0.000019	0.999935	0.000010	0.000014	0.000012	0.000010	LD_0.9_6_1807
QG4647	0.963045	0.000010	0.000010	0.036915	0.000010	0.000010	LD_0.9_6_1807
QG4648	0.000010	0.000010	0.000010	0.999950	0.000010	0.000010	LD_0.9_6_1807
QG4683	0.000010	0.000010	0.000010	0.999950	0.000010	0.000010	LD_0.9_6_1807
QG4701	0.587118	0.000010	0.000010	0.412842	0.000010	0.000010	LD_0.9_6_1807
QG4706	0.000010	0.000010	0.000010	0.999950	0.000010	0.000010	LD_0.9_6_1807
QG4718	0.000010	0.000010	0.000010	0.999950	0.000010	0.000010	LD_0.9_6_1807
QG4742	0.000010	0.000010	0.000010	0.999950	0.000010	0.000010	LD_0.9_6_1807
QG4805	0.958026	0.000010	0.000010	0.041934	0.000010	0.000010	LD_0.9_6_1807
QG4847	0.000010	0.000010	0.000010	0.999950	0.000010	0.000010	LD_0.9_6_1807
QG4966	0.000010	0.000010	0.000010	0.999950	0.000010	0.000010	LD_0.9_6_1807
QG5348	0.000010	0.000010	0.000010	0.999950	0.000010	0.000010	LD_0.9_6_1807
QG5406	0.000010	0.000010	0.000010	0.999950	0.000010	0.000010	LD_0.9_6_1807
QG547	0.000010	0.000010	0.999949	0.000010	0.000011	0.000010	LD_0.9_6_1807
QG5474	0.641445	0.000010	0.000010	0.358515	0.000010	0.000010	LD_0.9_6_1807
QG5488	0.000010	0.000010	0.000010	0.999950	0.000010	0.000010	LD_0.9_6_1807
QG550	0.346678	0.000010	0.000010	0.653282	0.000010	0.000010	LD_0.9_6_1807
QG5507	0.197969	0.000010	0.000010	0.801991	0.000010	0.000010	LD_0.9_6_1807
QG5525	0.000010	0.000010	0.000010	0.999950	0.000010	0.000010	LD_0.9_6_1807
QG5589	0.831137	0.000010	0.000010	0.168823	0.000010	0.000010	LD_0.9_6_1807
QG5603	0.669572	0.000010	0.000010	0.330388	0.000010	0.000010	LD_0.9_6_1807
QG5611	0.000010	0.000010	0.000010	0.999950	0.000010	0.000010	LD_0.9_6_1807
QG5612	0.000668	0.000010	0.000010	0.999292	0.000010	0.000010	LD_0.9_6_1807
QG5633	0.000010	0.000010	0.000010	0.999950	0.000010	0.000010	LD_0.9_6_1807
QG581	0.000010	0.000010	0.999950	0.000010	0.000010	0.000010	LD_0.9_6_1807
QG588	0.000010	0.000010	0.999950	0.000010	0.000010	0.000010	LD_0.9_6_1807
QG700	0.857162	0.000010	0.000010	0.142798	0.000010	0.000010	LD_0.9_6_1807
QG727	0.999950	0.000010	0.000010	0.000010	0.000010	0.000010	LD_0.9_6_1807
QG733	0.999950	0.000010	0.000010	0.000010	0.000010	0.000010	LD_0.9_6_1807
QG736	0.999950	0.000010	0.000010	0.000010	0.000010	0.000010	LD_0.9_6_1807
QG737	0.999950	0.000010	0.000010	0.000010	0.000010	0.000010	LD_0.9_6_1807
QG739	0.999950	0.000010	0.000010	0.000010	0.000010	0.000010	LD_0.9_6_1807
QG761	0.775919	0.000010	0.000010	0.224041	0.000010	0.000010	LD_0.9_6_1807
QG763	0.970204	0.000010	0.000010	0.029756	0.000010	0.000010	LD_0.9_6_1807
QG776	0.999950	0.000010	0.000010	0.000010	0.000010	0.000010	LD_0.9_6_1807
QG781	0.999940	0.000010	0.000010	0.000020	0.000010	0.000010	LD_0.9_6_1807
QG784	0.999950	0.000010	0.000010	0.000010	0.000010	0.000010	LD_0.9_6_1807
QG786	0.999950	0.000010	0.000010	0.000010	0.000010	0.000010	LD_0.9_6_1807
QG788	0.999950	0.000010	0.000010	0.000010	0.000010	0.000010	LD_0.9_6_1807
QG790	0.999941	0.000010	0.000011	0.000010	0.000018	0.000010	LD_0.9_6_1807
QG791	0.969024	0.000010	0.000010	0.030936	0.000010	0.000010	LD_0.9_6_1807
QG795	0.729313	0.000010	0.000010	0.270647	0.000010	0.000010	LD_0.9_6_1807
QG797	0.999950	0.000010	0.000010	0.000010	0.000010	0.000010	LD_0.9_6_1807
QG802	0.988213	0.000010	0.000010	0.011747	0.000010	0.000010	LD_0.9_6_1807
QG804	0.999942	0.000010	0.000017	0.000010	0.000011	0.000010	LD_0.9_6_1807
QG806	0.999950	0.000010	0.000010	0.000010	0.000010	0.000010	LD_0.9_6_1807
QG807	0.999950	0.000010	0.000010	0.000010	0.000010	0.000010	LD_0.9_6_1807
QG808	0.987330	0.000010	0.000010	0.012630	0.000010	0.000010	LD_0.9_6_1807
QG809	0.999950	0.000010	0.000010	0.000010	0.000010	0.000010	LD_0.9_6_1807
QG825	0.999950	0.000010	0.000010	0.000010	0.000010	0.000010	LD_0.9_6_1807
QG827	0.999950	0.000010	0.000010	0.000010	0.000010	0.000010	LD_0.9_6_1807
QG828	0.999950	0.000010	0.000010	0.000010	0.000010	0.000010	LD_0.9_6_1807
QG833	0.979323	0.000010	0.000010	0.020637	0.000010	0.000010	LD_0.9_6_1807
QG855	0.999942	0.000010	0.000010	0.000018	0.000010	0.000010	LD_0.9_6_1807
QG856	0.999950	0.000010	0.000010	0.000010	0.000010	0.000010	LD_0.9_6_1807
QG858	0.999950	0.000010	0.000010	0.000010	0.000010	0.000010	LD_0.9_6_1807
QG860	0.807579	0.000010	0.000010	0.192381	0.000010	0.000010	LD_0.9_6_1807
QG864	0.999950	0.000010	0.000010	0.000010	0.000010	0.000010	LD_0.9_6_1807
QG865	0.999950	0.000010	0.000010	0.000010	0.000010	0.000010	LD_0.9_6_1807
QG866	0.999950	0.000010	0.000010	0.000010	0.000010	0.000010	LD_0.9_6_1807
QG868	0.975085	0.000010	0.000010	0.024875	0.000010	0.000010	LD_0.9_6_1807
QG874	0.999950	0.000010	0.000010	0.000010	0.000010	0.000010	LD_0.9_6_1807
QG875	0.999946	0.000010	0.000011	0.000010	0.000013	0.000010	LD_0.9_6_1807
QG878	0.999950	0.000010	0.000010	0.000010	0.000010	0.000010	LD_0.9_6_1807
QG879	0.999950	0.000010	0.000010	0.000010	0.000010	0.000010	LD_0.9_6_1807
QG880	0.999950	0.000010	0.000010	0.000010	0.000010	0.000010	LD_0.9_6_1807
QG881	0.769856	0.000010	0.000010	0.230104	0.000010	0.000010	LD_0.9_6_1807
QG887	0.999950	0.000010	0.000010	0.000010	0.000010	0.000010	LD_0.9_6_1807
QG888	0.999950	0.000010	0.000010	0.000010	0.000010	0.000010	LD_0.9_6_1807
QG926	0.999950	0.000010	0.000010	0.000010	0.000010	0.000010	LD_0.9_6_1807
QG927	0.052225	0.000010	0.000010	0.947730	0.000015	0.000010	LD_0.9_6_1807
QG933	0.999950	0.000010	0.000010	0.000010	0.000010	0.000010	LD_0.9_6_1807
QG937	0.999950	0.000010	0.000010	0.000010	0.000010	0.000010	LD_0.9_6_1807
QG945	0.999950	0.000010	0.000010	0.000010	0.000010	0.000010	LD_0.9_6_1807
QG946	0.999950	0.000010	0.000010	0.000010	0.000010	0.000010	LD_0.9_6_1807
QG947	0.999950	0.000010	0.000010	0.000010	0.000010	0.000010	LD_0.9_6_1807
QG948	0.999949	0.000010	0.000010	0.000010	0.000011	0.000010	LD_0.9_6_1807
QG952	0.903855	0.000010	0.000010	0.096105	0.000010	0.000010	LD_0.9_6_1807
QG978	0.892336	0.000010	0.000018	0.107615	0.000011	0.000010	LD_0.9_6_1807
QG980	0.999950	0.000010	0.000010	0.000010	0.000010	0.000010	LD_0.9_6_1807
QG986	0.961709	0.000010	0.000010	0.038251	0.000010	0.000010	LD_0.9_6_1807
QG991	0.999943	0.000010	0.000010	0.000017	0.000010	0.000010	LD_0.9_6_1807
QG994	0.999950	0.000010	0.000010	0.000010	0.000010	0.000010	LD_0.9_6_1807
QG995	0.999950	0.000010	0.000010	0.000010	0.000010	0.000010	LD_0.9_6_1807
QG997	0.999950	0.000010	0.000010	0.000010	0.000010	0.000010	LD_0.9_6_1807
QG998	0.999949	0.000010	0.000010	0.000010	0.000011	0.000010	LD_0.9_6_1807
QR25	0.000010	0.023082	0.751034	0.046008	0.008227	0.171639	LD_0.9_6_1807
QX1410	0.000010	0.000010	0.000010	0.999949	0.000011	0.000010	LD_0.9_6_1807
QX1547	0.000010	0.000010	0.999950	0.000010	0.000010	0.000010	LD_0.9_6_1807
QX1795	0.000010	0.000010	0.000010	0.999950	0.000010	0.000010	LD_0.9_6_1807
QX1796	0.000010	0.000010	0.000010	0.999950	0.000010	0.000010	LD_0.9_6_1807
QX1798	0.000010	0.000010	0.000010	0.000010	0.999950	0.000010	LD_0.9_6_1807
QX1800	0.000010	0.000010	0.000010	0.999950	0.000010	0.000010	LD_0.9_6_1807
QX1801	0.000010	0.000010	0.000010	0.999950	0.000010	0.000010	LD_0.9_6_1807
QX1802	0.000010	0.000010	0.000010	0.999950	0.000010	0.000010	LD_0.9_6_1807
QX1803	0.000010	0.000010	0.000010	0.999950	0.000010	0.000010	LD_0.9_6_1807
QX1804	0.000010	0.000010	0.000010	0.999950	0.000010	0.000010	LD_0.9_6_1807
SOW18	0.000010	0.000010	0.999949	0.000010	0.000011	0.000010	LD_0.9_6_1807
SOW21	0.000010	0.000010	0.999950	0.000010	0.000010	0.000010	LD_0.9_6_1807
SOW22	0.000010	0.000010	0.999949	0.000011	0.000010	0.000010	LD_0.9_6_1807
TT3408	0.000010	0.000014	0.000011	0.999942	0.000013	0.000010	LD_0.9_6_1807
TT3411	0.000010	0.000010	0.000010	0.999950	0.000010	0.000010	LD_0.9_6_1807
TWN1772	0.000010	0.000010	0.000010	0.000010	0.999950	0.000010	LD_0.9_6_1807
TWN1824	0.000010	0.000010	0.999950	0.000010	0.000010	0.000010	LD_0.9_6_1807
TWN1899	0.000010	0.000010	0.999950	0.000010	0.000010	0.000010	LD_0.9_6_1807
TWN1907	0.000010	0.000010	0.000010	0.000010	0.999950	0.000010	LD_0.9_6_1807
TWN2919	0.000010	0.000010	0.000010	0.000010	0.999950	0.000010	LD_0.9_6_1807
TWN3077	0.000010	0.000010	0.000010	0.000010	0.999950	0.000010	LD_0.9_6_1807
UH1	0.000010	0.000010	0.000010	0.000010	0.999950	0.000010	LD_0.9_6_1807
VSL2201	0.234929	0.000010	0.000010	0.765031	0.000010	0.000010	LD_0.9_6_1807
VSL2207	0.000010	0.999950	0.000010	0.000010	0.000010	0.000010	LD_0.9_6_1807
VSL2209	0.000010	0.999950	0.000010	0.000010	0.000010	0.000010	LD_0.9_6_1807
VSL2210	0.000010	0.000010	0.000010	0.999950	0.000010	0.000010	LD_0.9_6_1807
VSL2212	0.000010	0.000010	0.000010	0.999950	0.000010	0.000010	LD_0.9_6_1807
VSL2213	0.375689	0.000010	0.000010	0.624266	0.000015	0.000010	LD_0.9_6_1807
VSL2215	0.333373	0.000010	0.000010	0.666587	0.000010	0.000010	LD_0.9_6_1807
VSL2216	0.372911	0.000010	0.000010	0.627049	0.000010	0.000010	LD_0.9_6_1807
VSL2217	0.973340	0.000010	0.000010	0.026620	0.000010	0.000010	LD_0.9_6_1807
VSL2219	0.000010	0.000010	0.000010	0.999950	0.000010	0.000010	LD_0.9_6_1807
VT847	0.000010	0.000010	0.000010	0.999950	0.000010	0.000010	LD_0.9_6_1807
VX34	0.000010	0.005500	0.770184	0.042851	0.000010	0.181444	LD_0.9_6_1807
XZ1204	0.000010	0.000010	0.000010	0.999950	0.000010	0.000010	LD_0.9_6_1807
XZ1205	0.000010	0.000010	0.000010	0.999950	0.000010	0.000010	LD_0.9_6_1807
XZ1206	0.000010	0.000010	0.000010	0.999950	0.000010	0.000010	LD_0.9_6_1807
XZ1207	0.000010	0.000010	0.000010	0.999950	0.000010	0.000010	LD_0.9_6_1807
XZ1210	0.000010	0.000010	0.000010	0.999950	0.000010	0.000010	LD_0.9_6_1807
XZ1212	0.000010	0.000010	0.000010	0.999950	0.000010	0.000010	LD_0.9_6_1807
XZ1213	0.000010	0.000010	0.000010	0.999950	0.000010	0.000010	LD_0.9_6_1807
XZ1731	0.000010	0.000010	0.000010	0.999949	0.000011	0.000010	LD_0.9_6_1807
XZ1732	0.000010	0.000010	0.000010	0.999950	0.000010	0.000010	LD_0.9_6_1807
ZZY0992	0.999950	0.000010	0.000010	0.000010	0.000010	0.000010	LD_0.9_6_1807
ZZY1034	0.000010	0.000010	0.000010	0.999950	0.000010	0.000010	LD_0.9_6_1807
ZZY1075	0.000010	0.000010	0.000010	0.999950	0.000010	0.000010	LD_0.9_6_1807
ZZY1123	0.998201	0.000010	0.000010	0.001759	0.000010	0.000010	LD_0.9_6_1807
ZZY1130	0.000010	0.000011	0.000010	0.999949	0.000010	0.000010	LD_0.9_6_1807
ZZY405	0.000010	0.000016	0.000010	0.999944	0.000010	0.000010	LD_0.9_6_1807
AF16	0.000011	0.000010	0.000010	0.000010	0.999949	0.000010	LD_0.9_6_1830
BRC20069	0.000011	0.000017	0.000010	0.000011	0.999942	0.000010	LD_0.9_6_1830
BRC20073	0.000014	0.000010	0.000010	0.000010	0.999946	0.000010	LD_0.9_6_1830
BRC20075	0.000010	0.000010	0.000010	0.999950	0.000010	0.000010	LD_0.9_6_1830
BRC20077	0.000010	0.000010	0.000010	0.000010	0.999950	0.000010	LD_0.9_6_1830
BRC20081	0.000010	0.999950	0.000010	0.000010	0.000010	0.000010	LD_0.9_6_1830
BRC20085	0.413642	0.000010	0.000010	0.000010	0.586318	0.000010	LD_0.9_6_1830
BRC20088	0.000012	0.999948	0.000010	0.000010	0.000010	0.000010	LD_0.9_6_1830
BRC20089	0.000010	0.000010	0.000010	0.000010	0.999950	0.000010	LD_0.9_6_1830
BRC20090	0.067201	0.000010	0.000010	0.000010	0.932759	0.000010	LD_0.9_6_1830
BRC20092	0.428470	0.000010	0.000010	0.000010	0.571490	0.000010	LD_0.9_6_1830
BRC20093	0.000010	0.000010	0.000010	0.000010	0.999950	0.000010	LD_0.9_6_1830
BRC20094	0.435918	0.000011	0.000010	0.000010	0.564041	0.000010	LD_0.9_6_1830
BRC20095	0.000013	0.000010	0.000010	0.000010	0.999947	0.000010	LD_0.9_6_1830
BRC20096	0.000010	0.000010	0.000010	0.000010	0.999950	0.000010	LD_0.9_6_1830
BRC20098	0.000010	0.000010	0.000010	0.000010	0.999950	0.000010	LD_0.9_6_1830
BRC20099	0.000010	0.000010	0.000010	0.000010	0.999950	0.000010	LD_0.9_6_1830
BRC20100	0.000013	0.000010	0.000010	0.000010	0.999947	0.000010	LD_0.9_6_1830
BRC20102	0.000010	0.000010	0.000010	0.000010	0.999950	0.000010	LD_0.9_6_1830
BRC20103	0.000010	0.000010	0.000010	0.000010	0.999950	0.000010	LD_0.9_6_1830
BRC20105	0.497913	0.000011	0.000010	0.000010	0.502046	0.000010	LD_0.9_6_1830
BRC20107	0.462171	0.000011	0.000010	0.000010	0.537787	0.000010	LD_0.9_6_1830
BRC20115	0.000010	0.755055	0.000010	0.244905	0.000010	0.000010	LD_0.9_6_1830
BRC20119	0.733205	0.000010	0.000010	0.000010	0.266755	0.000010	LD_0.9_6_1830
BRC20228	0.000015	0.000010	0.000010	0.000010	0.999945	0.000010	LD_0.9_6_1830
BRC20229	0.000010	0.000010	0.000010	0.999950	0.000010	0.000010	LD_0.9_6_1830
BRC20230	0.000010	0.999947	0.000010	0.000013	0.000010	0.000010	LD_0.9_6_1830
BRC20232	0.000010	0.000010	0.000010	0.999950	0.000010	0.000010	LD_0.9_6_1830
BRC20238	0.000010	0.999950	0.000010	0.000010	0.000010	0.000010	LD_0.9_6_1830
BRC20239	0.000010	0.000010	0.000010	0.999950	0.000010	0.000010	LD_0.9_6_1830
BRC20241	0.066786	0.000010	0.000010	0.000010	0.933174	0.000010	LD_0.9_6_1830
BRC20242	0.007548	0.000010	0.000010	0.000010	0.992412	0.000010	LD_0.9_6_1830
BRC20244	0.000010	0.999950	0.000010	0.000010	0.000010	0.000010	LD_0.9_6_1830
BRC20246	0.000010	0.999950	0.000010	0.000010	0.000010	0.000010	LD_0.9_6_1830
BRC20257	0.957255	0.000010	0.042704	0.000010	0.000011	0.000010	LD_0.9_6_1830
BRC20260	0.000010	0.000010	0.000010	0.000010	0.999950	0.000010	LD_0.9_6_1830
BRC20270	0.000010	0.999949	0.000010	0.000010	0.000011	0.000010	LD_0.9_6_1830
BRC20272	0.000010	0.999947	0.000010	0.000010	0.000013	0.000010	LD_0.9_6_1830
BRC20289	0.000010	0.999950	0.000010	0.000010	0.000010	0.000010	LD_0.9_6_1830
BRC20290	0.000010	0.999946	0.000014	0.000010	0.000010	0.000010	LD_0.9_6_1830
BRC20294	0.009703	0.000012	0.000010	0.000010	0.990255	0.000010	LD_0.9_6_1830
BRC20308	0.000010	0.999944	0.000010	0.000010	0.000016	0.000010	LD_0.9_6_1830
BRC20309	0.000013	0.999947	0.000010	0.000010	0.000010	0.000010	LD_0.9_6_1830
BRC20311	0.000010	0.999950	0.000010	0.000010	0.000010	0.000010	LD_0.9_6_1830
BRC20312	0.000010	0.999950	0.000010	0.000010	0.000010	0.000010	LD_0.9_6_1830
BRC20315	0.000010	0.999950	0.000010	0.000010	0.000010	0.000010	LD_0.9_6_1830
BRC20320	0.000010	0.999947	0.000013	0.000010	0.000010	0.000010	LD_0.9_6_1830
BRC20324	0.000010	0.000010	0.000010	0.620770	0.379190	0.000010	LD_0.9_6_1830
BRC20331	0.000010	0.999949	0.000010	0.000010	0.000011	0.000010	LD_0.9_6_1830
BRC20333	0.000010	0.999943	0.000010	0.000010	0.000017	0.000010	LD_0.9_6_1830
BRC20334	0.000010	0.999950	0.000010	0.000010	0.000010	0.000010	LD_0.9_6_1830
BRC20339	0.000010	0.999944	0.000010	0.000016	0.000010	0.000010	LD_0.9_6_1830
BRC20341	0.000010	0.999949	0.000010	0.000010	0.000011	0.000010	LD_0.9_6_1830
BRC20343	0.000010	0.000011	0.000010	0.999948	0.000012	0.000010	LD_0.9_6_1830
BRC20346	0.000010	0.999943	0.000010	0.000010	0.000017	0.000010	LD_0.9_6_1830
BRC20347	0.000010	0.000010	0.000010	0.999950	0.000010	0.000010	LD_0.9_6_1830
BRC20348	0.000010	0.999950	0.000010	0.000010	0.000010	0.000010	LD_0.9_6_1830
BRC20353	0.653506	0.000010	0.000010	0.000010	0.346454	0.000010	LD_0.9_6_1830
BRC20360	0.651786	0.000010	0.000010	0.000010	0.348174	0.000010	LD_0.9_6_1830
BRC20361	0.638078	0.000010	0.000010	0.000010	0.361882	0.000010	LD_0.9_6_1830
BRC20362	0.609345	0.000015	0.000017	0.000010	0.390603	0.000010	LD_0.9_6_1830
BRC20366	0.000010	0.999950	0.000010	0.000010	0.000010	0.000010	LD_0.9_6_1830
BRC20367	0.000019	0.999935	0.000016	0.000010	0.000010	0.000010	LD_0.9_6_1830
BRC20369	0.000011	0.000013	0.000010	0.000010	0.999946	0.000010	LD_0.9_6_1830
BRC20370	0.000010	0.999950	0.000010	0.000010	0.000010	0.000010	LD_0.9_6_1830
BRC20388	0.000010	0.000010	0.000010	0.999950	0.000010	0.000010	LD_0.9_6_1830
BRC20390	0.000010	0.999948	0.000010	0.000010	0.000012	0.000010	LD_0.9_6_1830
BRC20401	0.000014	0.000010	0.000010	0.000010	0.999946	0.000010	LD_0.9_6_1830
BRC20463	0.000010	0.999950	0.000010	0.000010	0.000010	0.000010	LD_0.9_6_1830
BRC20492	0.000010	0.764242	0.000010	0.235718	0.000010	0.000010	LD_0.9_6_1830
BRC20499	0.000010	0.999931	0.000013	0.000019	0.000017	0.000010	LD_0.9_6_1830
BRC20501	0.000010	0.999950	0.000010	0.000010	0.000010	0.000010	LD_0.9_6_1830
BRC20502	0.000010	0.104810	0.000010	0.815499	0.079661	0.000010	LD_0.9_6_1830
BRC20503	0.000010	0.105753	0.000010	0.814797	0.079420	0.000010	LD_0.9_6_1830
BRC20519	0.000010	0.759215	0.000010	0.240745	0.000010	0.000010	LD_0.9_6_1830
BRC20520	0.000010	0.765272	0.000010	0.234688	0.000010	0.000010	LD_0.9_6_1830
BRC20522	0.000010	0.000010	0.000010	0.999949	0.000011	0.000010	LD_0.9_6_1830
BRC20524	0.000010	0.000010	0.000013	0.999947	0.000010	0.000010	LD_0.9_6_1830
BRC20529	0.000010	0.999950	0.000010	0.000010	0.000010	0.000010	LD_0.9_6_1830
BRC20530	0.000010	0.000012	0.000010	0.999948	0.000010	0.000010	LD_0.9_6_1830
BRC20531	0.000010	0.000010	0.000010	0.999950	0.000010	0.000010	LD_0.9_6_1830
BRC20532	0.000010	0.999941	0.000010	0.000010	0.000019	0.000010	LD_0.9_6_1830
BRC20533	0.000010	0.999950	0.000010	0.000010	0.000010	0.000010	LD_0.9_6_1830
BRC20534	0.000010	0.999950	0.000010	0.000010	0.000010	0.000010	LD_0.9_6_1830
BRC20535	0.000010	0.999944	0.000010	0.000010	0.000016	0.000010	LD_0.9_6_1830
BRC20536	0.000010	0.999950	0.000010	0.000010	0.000010	0.000010	LD_0.9_6_1830
BRC20537	0.000010	0.999950	0.000010	0.000010	0.000010	0.000010	LD_0.9_6_1830
BRC20541	0.000010	0.747552	0.000010	0.252408	0.000010	0.000010	LD_0.9_6_1830
BRC20543	0.000010	0.999948	0.000010	0.000012	0.000010	0.000010	LD_0.9_6_1830
BRC20544	0.000010	0.999949	0.000010	0.000010	0.000011	0.000010	LD_0.9_6_1830
BRC20545	0.000010	0.999950	0.000010	0.000010	0.000010	0.000010	LD_0.9_6_1830
BRC20556	0.000010	0.000010	0.000010	0.000019	0.999941	0.000010	LD_0.9_6_1830
BRC20557	0.000010	0.999949	0.000010	0.000010	0.000011	0.000010	LD_0.9_6_1830
BRC20565	0.000010	0.000010	0.000010	0.000010	0.999950	0.000010	LD_0.9_6_1830
BRC20571	0.050219	0.000010	0.000010	0.000010	0.949741	0.000010	LD_0.9_6_1830
BRC20574	0.000010	0.000010	0.000010	0.000010	0.999950	0.000010	LD_0.9_6_1830
BW287	0.000010	0.000010	0.000010	0.999950	0.000010	0.000010	LD_0.9_6_1830
DF5100	0.000010	0.000010	0.000582	0.000010	0.999378	0.000010	LD_0.9_6_1830
ECA1129	0.000010	0.000010	0.000010	0.000010	0.999950	0.000010	LD_0.9_6_1830
ECA1143	0.000012	0.000010	0.096984	0.000010	0.902974	0.000010	LD_0.9_6_1830
ECA1147	0.000010	0.000015	0.000010	0.000010	0.999945	0.000010	LD_0.9_6_1830
ECA1149	0.000010	0.041377	0.000010	0.000010	0.958583	0.000010	LD_0.9_6_1830
ECA1160	0.000011	0.000016	0.000010	0.000010	0.999942	0.000010	LD_0.9_6_1830
ECA1164	0.000010	0.000010	0.000010	0.000010	0.999950	0.000010	LD_0.9_6_1830
ECA1170	0.000010	0.999950	0.000010	0.000010	0.000010	0.000010	LD_0.9_6_1830
ECA1174	0.000010	0.000010	0.000010	0.000010	0.999950	0.000010	LD_0.9_6_1830
ECA1383	0.000010	0.999950	0.000010	0.000010	0.000010	0.000010	LD_0.9_6_1830
ECA1411	0.000010	0.000010	0.000010	0.000010	0.999950	0.000010	LD_0.9_6_1830
ECA1423	0.000010	0.000010	0.000010	0.000010	0.999950	0.000010	LD_0.9_6_1830
ECA1429	0.000012	0.000010	0.000010	0.000010	0.999948	0.000010	LD_0.9_6_1830
ECA1431	0.000010	0.000010	0.000010	0.000010	0.999950	0.000010	LD_0.9_6_1830
ECA1437	0.000017	0.000010	0.000010	0.000010	0.999943	0.000010	LD_0.9_6_1830
ECA1439	0.000010	0.000010	0.000010	0.000010	0.999950	0.000010	LD_0.9_6_1830
ECA1443	0.000010	0.939487	0.000019	0.000010	0.060464	0.000010	LD_0.9_6_1830
ECA1471	0.000010	0.000016	0.000010	0.000010	0.999944	0.000010	LD_0.9_6_1830
ECA1489	0.000010	0.000010	0.143731	0.000010	0.856229	0.000010	LD_0.9_6_1830
ECA1507	0.000011	0.000011	0.000010	0.000010	0.999948	0.000010	LD_0.9_6_1830
ECA1509	0.000010	0.000010	0.000010	0.000010	0.999950	0.000010	LD_0.9_6_1830
ECA1517	0.000010	0.000010	0.000010	0.000010	0.999950	0.000010	LD_0.9_6_1830
ECA1521	0.000010	0.000013	0.000010	0.000010	0.999947	0.000010	LD_0.9_6_1830
ECA1555	0.000010	0.000010	0.000010	0.000010	0.999950	0.000010	LD_0.9_6_1830
ECA1559	0.000010	0.999938	0.000018	0.000010	0.000015	0.000010	LD_0.9_6_1830
ECA1563	0.000010	0.000010	0.000010	0.000010	0.999950	0.000010	LD_0.9_6_1830
ECA1571	0.000010	0.000010	0.132791	0.000010	0.867169	0.000010	LD_0.9_6_1830
ECA1587	0.000010	0.000010	0.000010	0.000011	0.999949	0.000010	LD_0.9_6_1830
ECA1605	0.000010	0.863225	0.051629	0.000010	0.085117	0.000010	LD_0.9_6_1830
ECA1609	0.000010	0.000010	0.000010	0.000010	0.999950	0.000010	LD_0.9_6_1830
ECA161	0.000010	0.000010	0.000010	0.000010	0.999950	0.000010	LD_0.9_6_1830
ECA1611	0.000010	0.000010	0.000010	0.000010	0.999950	0.000010	LD_0.9_6_1830
ECA1615	0.000010	0.000010	0.000010	0.000010	0.999950	0.000010	LD_0.9_6_1830
ECA162	0.000019	0.000010	0.000010	0.000010	0.999941	0.000010	LD_0.9_6_1830
ECA1621	0.000010	0.000010	0.000010	0.000010	0.999950	0.000010	LD_0.9_6_1830
ECA163	0.000010	0.000010	0.000010	0.890189	0.075672	0.034108	LD_0.9_6_1830
ECA1637	0.000010	0.000010	0.000010	0.000010	0.999950	0.000010	LD_0.9_6_1830
ECA1657	0.000010	0.000010	0.000010	0.000010	0.999950	0.000010	LD_0.9_6_1830
ECA1701	0.000010	0.000010	0.008315	0.000010	0.991645	0.000010	LD_0.9_6_1830
ECA175	0.000010	0.000010	0.000010	0.000010	0.999950	0.000010	LD_0.9_6_1830
ECA176	0.000010	0.000010	0.000010	0.000010	0.999950	0.000010	LD_0.9_6_1830
ECA177	0.000010	0.000010	0.000010	0.000010	0.999950	0.000010	LD_0.9_6_1830
ECA180	0.000010	0.000010	0.000010	0.000010	0.999950	0.000010	LD_0.9_6_1830
ECA182	0.000010	0.000010	0.000010	0.000010	0.999950	0.000010	LD_0.9_6_1830
ECA183	0.000010	0.000010	0.000010	0.000010	0.999950	0.000010	LD_0.9_6_1830
ECA185	0.000010	0.000010	0.000010	0.000010	0.999950	0.000010	LD_0.9_6_1830
ECA186	0.000010	0.000010	0.000010	0.000010	0.999950	0.000010	LD_0.9_6_1830
ECA2083	0.000010	0.000010	0.000010	0.000010	0.999950	0.000010	LD_0.9_6_1830
ECA2093	0.000010	0.000010	0.000010	0.000010	0.999950	0.000010	LD_0.9_6_1830
ECA2115	0.000010	0.000010	0.000010	0.000010	0.999950	0.000010	LD_0.9_6_1830
ECA2299	0.000010	0.999948	0.000010	0.000010	0.000012	0.000010	LD_0.9_6_1830
ECA2373	0.000010	0.000010	0.039738	0.000010	0.960222	0.000010	LD_0.9_6_1830
ECA2385	0.000010	0.999947	0.000010	0.000010	0.000013	0.000010	LD_0.9_6_1830
ECA2425	0.000017	0.000010	0.000010	0.000010	0.999943	0.000010	LD_0.9_6_1830
ECA2617	0.000010	0.000010	0.000010	0.000010	0.000010	0.999950	LD_0.9_6_1830
ECA2618	0.000010	0.000010	0.000010	0.000010	0.000010	0.999950	LD_0.9_6_1830
ECA2621	0.000010	0.000010	0.000018	0.000010	0.000010	0.999942	LD_0.9_6_1830
ECA2623	0.000010	0.000010	0.027124	0.000012	0.972834	0.000010	LD_0.9_6_1830
ECA2625	0.000010	0.000010	0.000010	0.000010	0.999950	0.000010	LD_0.9_6_1830
ECA2626	0.000010	0.000010	0.000010	0.000010	0.999950	0.000010	LD_0.9_6_1830
ECA2636	0.000010	0.000012	0.000010	0.000010	0.999948	0.000010	LD_0.9_6_1830
ECA2637	0.000010	0.000010	0.000010	0.000010	0.999950	0.000010	LD_0.9_6_1830
ECA2639	0.000010	0.000010	0.000010	0.000010	0.000010	0.999950	LD_0.9_6_1830
ECA2645	0.000010	0.000010	0.000010	0.000010	0.999950	0.000010	LD_0.9_6_1830
ECA2647	0.000010	0.000010	0.000010	0.000010	0.000010	0.999950	LD_0.9_6_1830
ECA2663	0.000010	0.000010	0.000010	0.000010	0.999950	0.000010	LD_0.9_6_1830
ECA2664	0.000010	0.000010	0.040228	0.000012	0.959730	0.000010	LD_0.9_6_1830
ECA2666	0.000010	0.000010	0.000010	0.000010	0.000010	0.999950	LD_0.9_6_1830
ECA2667	0.000010	0.000010	0.000010	0.000010	0.999950	0.000010	LD_0.9_6_1830
ECA2670	0.000010	0.000010	0.000010	0.000010	0.000010	0.999950	LD_0.9_6_1830
ECA276	0.000010	0.000010	0.000010	0.889590	0.076714	0.033666	LD_0.9_6_1830
ECA278	0.000010	0.000010	0.000010	0.999950	0.000010	0.000010	LD_0.9_6_1830
ECA2808	0.000010	0.000018	0.000010	0.000010	0.999942	0.000010	LD_0.9_6_1830
ECA287	0.000010	0.992656	0.000010	0.000010	0.007304	0.000010	LD_0.9_6_1830
ECA288	0.000016	0.093793	0.000010	0.000010	0.906161	0.000010	LD_0.9_6_1830
ECA2883	0.000010	0.000010	0.000010	0.000010	0.999950	0.000010	LD_0.9_6_1830
ECA2890	0.000010	0.000017	0.000010	0.000010	0.999943	0.000010	LD_0.9_6_1830
ECA2894	0.000010	0.000010	0.000010	0.000010	0.999950	0.000010	LD_0.9_6_1830
ECA2936	0.000010	0.999950	0.000010	0.000010	0.000010	0.000010	LD_0.9_6_1830
ECA2975	0.000010	0.000010	0.000010	0.000010	0.999950	0.000010	LD_0.9_6_1830
ECA3091	0.000010	0.000010	0.000010	0.000010	0.999950	0.000010	LD_0.9_6_1830
ECA343	0.000010	0.000010	0.000010	0.000010	0.999950	0.000010	LD_0.9_6_1830
ECA346	0.000010	0.000010	0.000010	0.000010	0.999950	0.000010	LD_0.9_6_1830
ECA3502	0.000010	0.999950	0.000010	0.000010	0.000010	0.000010	LD_0.9_6_1830
ECA3503	0.000011	0.000010	0.000017	0.000010	0.999942	0.000010	LD_0.9_6_1830
ECA3509	0.000010	0.000010	0.000010	0.000010	0.999950	0.000010	LD_0.9_6_1830
ECA3708	0.000017	0.000010	0.000010	0.000010	0.999943	0.000010	LD_0.9_6_1830
ECA371	0.000010	0.000010	0.000010	0.000010	0.999950	0.000010	LD_0.9_6_1830
ECA3712	0.000010	0.000010	0.000010	0.000010	0.999950	0.000010	LD_0.9_6_1830
ECA3713	0.000010	0.000010	0.000010	0.000010	0.999950	0.000010	LD_0.9_6_1830
ECA3899	0.000010	0.000010	0.000010	0.000010	0.999950	0.000010	LD_0.9_6_1830
ECA4382	0.000010	0.000010	0.000010	0.000010	0.999950	0.000010	LD_0.9_6_1830
ECA4390	0.000010	0.000010	0.000013	0.000011	0.999946	0.000010	LD_0.9_6_1830
ECA4394	0.000010	0.000010	0.000010	0.000010	0.999950	0.000010	LD_0.9_6_1830
ECA4402	0.000010	0.000010	0.000010	0.000010	0.999950	0.000010	LD_0.9_6_1830
ECA569	0.000010	0.000010	0.000010	0.999950	0.000010	0.000010	LD_0.9_6_1830
ED3032	0.000010	0.000010	0.000010	0.000010	0.999950	0.000010	LD_0.9_6_1830
ED3037	0.000012	0.000010	0.000010	0.000010	0.999948	0.000010	LD_0.9_6_1830
ED3088	0.000010	0.000010	0.000010	0.000010	0.999950	0.000010	LD_0.9_6_1830
ED3102	0.000010	0.004517	0.000010	0.899582	0.070262	0.025619	LD_0.9_6_1830
EG4360	0.000013	0.000010	0.000010	0.999947	0.000010	0.000010	LD_0.9_6_1830
EG5612	0.500922	0.000010	0.000010	0.000010	0.499038	0.000010	LD_0.9_6_1830
EG5613	0.051978	0.000011	0.000013	0.000011	0.947978	0.000010	LD_0.9_6_1830
EG6179	0.034560	0.000015	0.000010	0.000010	0.965396	0.000010	LD_0.9_6_1830
EG6260	0.000010	0.000010	0.033015	0.000010	0.966945	0.000010	LD_0.9_6_1830
EG6261	0.000010	0.000010	0.010753	0.000010	0.989207	0.000010	LD_0.9_6_1830
EG6265	0.000010	0.982653	0.017307	0.000010	0.000010	0.000010	LD_0.9_6_1830
EG6267	0.000010	0.000010	0.014991	0.000010	0.984969	0.000010	LD_0.9_6_1830
EG6271	0.000010	0.000011	0.068969	0.000010	0.930990	0.000010	LD_0.9_6_1830
EG6272	0.000010	0.000010	0.019897	0.000010	0.980063	0.000010	LD_0.9_6_1830
EG6274	0.000010	0.000010	0.000010	0.000010	0.999950	0.000010	LD_0.9_6_1830
EG6275	0.000010	0.000010	0.000010	0.000010	0.999950	0.000010	LD_0.9_6_1830
EG6276	0.000010	0.000010	0.000010	0.000010	0.999950	0.000010	LD_0.9_6_1830
EG6329	0.000010	0.000010	0.117869	0.000010	0.882091	0.000010	LD_0.9_6_1830
GUN124	0.000010	0.000010	0.000010	0.999950	0.000010	0.000010	LD_0.9_6_1830
GXW22	0.000010	0.000010	0.000010	0.000010	0.999950	0.000010	LD_0.9_6_1830
GXW23	0.352719	0.000010	0.000010	0.000010	0.647241	0.000010	LD_0.9_6_1830
HK104	0.000010	0.000010	0.000010	0.999950	0.000010	0.000010	LD_0.9_6_1830
HPT11	0.000010	0.063538	0.000010	0.872242	0.064190	0.000010	LD_0.9_6_1830
HPT16	0.000010	0.000010	0.000010	0.000010	0.999950	0.000010	LD_0.9_6_1830
HPT18	0.000010	0.066313	0.000010	0.867849	0.065808	0.000010	LD_0.9_6_1830
HPT19	0.000010	0.000010	0.000010	0.000010	0.999950	0.000010	LD_0.9_6_1830
HPT2	0.000010	0.000010	0.000010	0.000010	0.999950	0.000010	LD_0.9_6_1830
HPT21	0.000013	0.000010	0.000010	0.000010	0.999947	0.000010	LD_0.9_6_1830
HPT24	0.000010	0.063322	0.000010	0.870058	0.066591	0.000010	LD_0.9_6_1830
HPT34	0.000010	0.000010	0.000010	0.000010	0.999950	0.000010	LD_0.9_6_1830
HPT37	0.000010	0.000010	0.035293	0.000010	0.964667	0.000010	LD_0.9_6_1830
HPT4	0.000010	0.000010	0.000010	0.000010	0.999950	0.000010	LD_0.9_6_1830
HPT42	0.000010	0.000010	0.000010	0.000010	0.999950	0.000010	LD_0.9_6_1830
HPT52	0.443447	0.000010	0.000010	0.000010	0.556513	0.000010	LD_0.9_6_1830
HPT53	0.000010	0.000010	0.000010	0.000010	0.999950	0.000010	LD_0.9_6_1830
HPT54	0.000010	0.000010	0.000010	0.000010	0.999950	0.000010	LD_0.9_6_1830
HPT55	0.000010	0.000010	0.000010	0.000010	0.999950	0.000010	LD_0.9_6_1830
HPT59	0.000010	0.000010	0.000010	0.000010	0.999950	0.000010	LD_0.9_6_1830
HPT60	0.000010	0.000010	0.000010	0.000010	0.999950	0.000010	LD_0.9_6_1830
HPT62	0.999948	0.000010	0.000010	0.000010	0.000012	0.000010	LD_0.9_6_1830
HPT63	0.000010	0.000014	0.000010	0.000010	0.999946	0.000010	LD_0.9_6_1830
HPT7	0.000010	0.000010	0.000010	0.000010	0.999950	0.000010	LD_0.9_6_1830
HPT8	0.000010	0.000010	0.000010	0.000010	0.999950	0.000010	LD_0.9_6_1830
HPT9	0.476876	0.000010	0.000010	0.000014	0.523080	0.000010	LD_0.9_6_1830
JU1085	0.000010	0.000010	0.000010	0.999950	0.000010	0.000010	LD_0.9_6_1830
JU1337	0.050015	0.000010	0.000010	0.000010	0.949945	0.000010	LD_0.9_6_1830
JU1338	0.625791	0.000010	0.000010	0.000010	0.374169	0.000010	LD_0.9_6_1830
JU1341	0.000010	0.000010	0.000010	0.000010	0.000010	0.999950	LD_0.9_6_1830
JU1346	0.654663	0.000010	0.000010	0.000010	0.345297	0.000010	LD_0.9_6_1830
JU1347	0.000010	0.000010	0.000010	0.000010	0.999950	0.000010	LD_0.9_6_1830
JU1348	0.000010	0.000010	0.000010	0.000010	0.000010	0.999950	LD_0.9_6_1830
JU1375	0.000010	0.000010	0.000010	0.000010	0.999950	0.000010	LD_0.9_6_1830
JU1377	0.000010	0.000010	0.000010	0.000010	0.999950	0.000010	LD_0.9_6_1830
JU1378	0.000010	0.000010	0.000010	0.000010	0.999950	0.000010	LD_0.9_6_1830
JU1392	0.000010	0.000010	0.000010	0.000010	0.999950	0.000010	LD_0.9_6_1830
JU1399	0.000017	0.000010	0.419319	0.000010	0.580634	0.000010	LD_0.9_6_1830
JU1424	0.591902	0.000010	0.000010	0.000010	0.408058	0.000010	LD_0.9_6_1830
JU1435	0.000010	0.000010	0.000010	0.000010	0.999950	0.000010	LD_0.9_6_1830
JU1564	0.000010	0.000020	0.000010	0.999932	0.000018	0.000010	LD_0.9_6_1830
JU1637	0.000011	0.000010	0.000010	0.000010	0.999949	0.000010	LD_0.9_6_1830
JU1638	0.000010	0.000010	0.000010	0.000010	0.999950	0.000010	LD_0.9_6_1830
JU1794	0.054041	0.000010	0.000010	0.000010	0.945919	0.000010	LD_0.9_6_1830
JU1795	0.000010	0.000010	0.000010	0.000010	0.999950	0.000010	LD_0.9_6_1830
JU1799	0.000010	0.000010	0.000010	0.000010	0.999950	0.000010	LD_0.9_6_1830
JU1802	0.000010	0.000010	0.000010	0.000010	0.999950	0.000010	LD_0.9_6_1830
JU1814	0.000010	0.000010	0.070546	0.000010	0.929414	0.000010	LD_0.9_6_1830
JU1884	0.000010	0.000010	0.000010	0.000010	0.999950	0.000010	LD_0.9_6_1830
JU1885	0.135875	0.000010	0.000010	0.000010	0.864085	0.000010	LD_0.9_6_1830
JU1907	0.000010	0.000010	0.000010	0.000010	0.999950	0.000010	LD_0.9_6_1830
JU1908	0.000010	0.000010	0.000010	0.000010	0.999950	0.000010	LD_0.9_6_1830
JU1909	0.000010	0.000010	0.000010	0.000010	0.999950	0.000010	LD_0.9_6_1830
JU1913	0.421600	0.000010	0.000010	0.000010	0.578360	0.000010	LD_0.9_6_1830
JU2053	0.000010	0.000010	0.000010	0.000010	0.999950	0.000010	LD_0.9_6_1830
JU2054	0.000016	0.000010	0.000010	0.000010	0.999944	0.000010	LD_0.9_6_1830
JU2056	0.000010	0.000010	0.000010	0.000010	0.999950	0.000010	LD_0.9_6_1830
JU2057	0.999941	0.000010	0.000019	0.000010	0.000010	0.000010	LD_0.9_6_1830
JU2160	0.999943	0.000010	0.000010	0.000017	0.000010	0.000010	LD_0.9_6_1830
JU2162	0.999943	0.000012	0.000010	0.000015	0.000010	0.000010	LD_0.9_6_1830
JU2214	0.000010	0.000010	0.230997	0.000010	0.768963	0.000010	LD_0.9_6_1830
JU2216	0.000010	0.999949	0.000010	0.000010	0.000011	0.000010	LD_0.9_6_1830
JU2457	0.000010	0.000011	0.116460	0.485903	0.397607	0.000010	LD_0.9_6_1830
JU2470	0.999950	0.000010	0.000010	0.000010	0.000010	0.000010	LD_0.9_6_1830
JU2472	0.000010	0.000010	0.000010	0.000010	0.999950	0.000010	LD_0.9_6_1830
JU2507	0.955219	0.000019	0.044731	0.000010	0.000010	0.000010	LD_0.9_6_1830
JU2518	0.000010	0.000010	0.550749	0.000010	0.449211	0.000010	LD_0.9_6_1830
JU2536	0.000010	0.000011	0.000010	0.999948	0.000012	0.000010	LD_0.9_6_1830
JU2618	0.000010	0.000010	0.720647	0.000010	0.279313	0.000010	LD_0.9_6_1830
JU2799	0.000010	0.000010	0.000010	0.000010	0.999950	0.000010	LD_0.9_6_1830
JU2836	0.000010	0.000010	0.254378	0.000013	0.745579	0.000010	LD_0.9_6_1830
JU2849	0.499453	0.000010	0.000010	0.000010	0.500507	0.000010	LD_0.9_6_1830
JU2861	0.000010	0.000010	0.000010	0.000010	0.999950	0.000010	LD_0.9_6_1830
JU2868	0.000010	0.000010	0.000010	0.000010	0.999950	0.000010	LD_0.9_6_1830
JU2872	0.000010	0.000010	0.000010	0.999950	0.000010	0.000010	LD_0.9_6_1830
JU2910	0.074628	0.000010	0.021439	0.000010	0.903902	0.000010	LD_0.9_6_1830
JU3168	0.000010	0.000010	0.000010	0.910456	0.062137	0.027376	LD_0.9_6_1830
JU3171	0.000015	0.000010	0.000010	0.000010	0.999945	0.000010	LD_0.9_6_1830
JU3199	0.000010	0.000010	0.000010	0.000010	0.000010	0.999950	LD_0.9_6_1830
JU3200	0.000010	0.000010	0.000010	0.000010	0.000010	0.999950	LD_0.9_6_1830
JU3201	0.000010	0.000011	0.000010	0.000010	0.000010	0.999949	LD_0.9_6_1830
JU3202	0.000015	0.000010	0.000010	0.000010	0.000010	0.999945	LD_0.9_6_1830
JU3203	0.000010	0.000010	0.000010	0.000010	0.000010	0.999950	LD_0.9_6_1830
JU3206	0.000010	0.000010	0.000010	0.000010	0.000010	0.999950	LD_0.9_6_1830
JU3207	0.000010	0.000010	0.000010	0.000010	0.999950	0.000010	LD_0.9_6_1830
JU3237	0.999949	0.000010	0.000010	0.000011	0.000010	0.000010	LD_0.9_6_1830
JU3281	0.000016	0.000010	0.000010	0.000010	0.999944	0.000010	LD_0.9_6_1830
JU3319	0.356914	0.000014	0.000010	0.000011	0.643040	0.000010	LD_0.9_6_1830
JU3321	0.000010	0.000010	0.000010	0.000010	0.999950	0.000010	LD_0.9_6_1830
JU3326	0.000010	0.028939	0.000010	0.899184	0.071847	0.000010	LD_0.9_6_1830
JU3327	0.005608	0.000010	0.000010	0.000010	0.994352	0.000010	LD_0.9_6_1830
JU3416	0.000010	0.000010	0.000010	0.999950	0.000010	0.000010	LD_0.9_6_1830
JU4042	0.000010	0.000010	0.000010	0.000010	0.999950	0.000010	LD_0.9_6_1830
JU4051	0.584010	0.000011	0.000010	0.000010	0.415949	0.000010	LD_0.9_6_1830
JU4058	0.539402	0.000010	0.000010	0.000010	0.460558	0.000010	LD_0.9_6_1830
JU4060	0.627082	0.000010	0.000010	0.000010	0.372878	0.000010	LD_0.9_6_1830
JU4062	0.595973	0.000010	0.000010	0.000010	0.403987	0.000010	LD_0.9_6_1830
JU4064	0.614364	0.000010	0.000010	0.000010	0.385596	0.000010	LD_0.9_6_1830
JU4080	0.000016	0.000013	0.000010	0.000010	0.999941	0.000010	LD_0.9_6_1830
JU4084	0.644490	0.000010	0.000010	0.000010	0.355470	0.000010	LD_0.9_6_1830
JU4097	0.571102	0.000010	0.000010	0.000010	0.428858	0.000010	LD_0.9_6_1830
JU725	0.352959	0.000011	0.000010	0.000010	0.647001	0.000010	LD_0.9_6_1830
MY2716	0.000013	0.000010	0.000010	0.000010	0.999947	0.000010	LD_0.9_6_1830
MY539	0.000010	0.000010	0.000010	0.000010	0.999950	0.000010	LD_0.9_6_1830
NIC1050	0.000010	0.000010	0.659187	0.000010	0.340773	0.000010	LD_0.9_6_1830
NIC1052	0.000010	0.000010	0.713913	0.000010	0.286047	0.000010	LD_0.9_6_1830
NIC1054	0.000010	0.000010	0.568352	0.000010	0.431608	0.000010	LD_0.9_6_1830
NIC1055	0.000010	0.000010	0.657223	0.000010	0.342737	0.000010	LD_0.9_6_1830
NIC1057	0.000010	0.000010	0.722110	0.000010	0.277850	0.000010	LD_0.9_6_1830
NIC1058	0.000010	0.000010	0.693113	0.000010	0.306847	0.000010	LD_0.9_6_1830
NIC1059	0.000010	0.000017	0.659556	0.000010	0.340397	0.000010	LD_0.9_6_1830
NIC1060	0.000015	0.000010	0.589028	0.000010	0.410927	0.000010	LD_0.9_6_1830
NIC1062	0.000010	0.000010	0.332681	0.000010	0.667279	0.000010	LD_0.9_6_1830
NIC1069	0.000010	0.000010	0.091048	0.000010	0.908912	0.000010	LD_0.9_6_1830
NIC1103	0.000012	0.000010	0.677092	0.000010	0.322866	0.000010	LD_0.9_6_1830
NIC1104	0.000012	0.000010	0.122827	0.000010	0.877131	0.000010	LD_0.9_6_1830
NIC1106	0.000010	0.000010	0.405848	0.000010	0.594112	0.000010	LD_0.9_6_1830
NIC1117	0.000010	0.000010	0.000010	0.000010	0.999950	0.000010	LD_0.9_6_1830
NIC1123	0.629912	0.000010	0.000010	0.000010	0.370048	0.000010	LD_0.9_6_1830
NIC1124	0.000019	0.000011	0.560708	0.000010	0.439242	0.000010	LD_0.9_6_1830
NIC1135	0.000010	0.000010	0.562045	0.000010	0.437915	0.000010	LD_0.9_6_1830
NIC1138	0.000010	0.000015	0.573486	0.000010	0.426470	0.000010	LD_0.9_6_1830
NIC1141	0.000020	0.000010	0.543597	0.000010	0.456353	0.000010	LD_0.9_6_1830
NIC115	0.000010	0.000010	0.012152	0.000010	0.987808	0.000010	LD_0.9_6_1830
NIC117	0.000010	0.000010	0.000010	0.000010	0.999950	0.000010	LD_0.9_6_1830
NIC1183	0.000011	0.000010	0.556244	0.000010	0.443716	0.000010	LD_0.9_6_1830
NIC119	0.000010	0.000010	0.023355	0.000010	0.976605	0.000010	LD_0.9_6_1830
NIC1190	0.000011	0.000010	0.501356	0.000010	0.498603	0.000010	LD_0.9_6_1830
NIC1202	0.000010	0.000010	0.000010	0.000010	0.999950	0.000010	LD_0.9_6_1830
NIC1204	0.002543	0.000010	0.000010	0.000010	0.997417	0.000010	LD_0.9_6_1830
NIC1205	0.000010	0.999944	0.000010	0.000016	0.000010	0.000010	LD_0.9_6_1830
NIC1218	0.000010	0.000010	0.000010	0.000010	0.999950	0.000010	LD_0.9_6_1830
NIC1220	0.000010	0.999950	0.000010	0.000010	0.000010	0.000010	LD_0.9_6_1830
NIC1221	0.024686	0.000010	0.000010	0.000010	0.975274	0.000010	LD_0.9_6_1830
NIC123	0.000010	0.000010	0.000010	0.000010	0.999950	0.000010	LD_0.9_6_1830
NIC1267	0.000010	0.000010	0.214971	0.000010	0.784989	0.000010	LD_0.9_6_1830
NIC1283	0.000010	0.000010	0.485464	0.000010	0.514496	0.000010	LD_0.9_6_1830
NIC1288	0.074865	0.000010	0.593036	0.000010	0.332068	0.000010	LD_0.9_6_1830
NIC1292	0.000010	0.000010	0.545320	0.000010	0.454640	0.000010	LD_0.9_6_1830
NIC1302	0.000010	0.000010	0.421900	0.000010	0.578060	0.000010	LD_0.9_6_1830
NIC1304	0.000010	0.000011	0.570523	0.000010	0.429436	0.000010	LD_0.9_6_1830
NIC1308	0.299279	0.000010	0.000018	0.000010	0.700673	0.000010	LD_0.9_6_1830
NIC1407	0.000010	0.000010	0.601218	0.000010	0.398742	0.000010	LD_0.9_6_1830
NIC1421	0.000010	0.000010	0.349891	0.000010	0.650069	0.000010	LD_0.9_6_1830
NIC1423	0.000018	0.000010	0.668868	0.000010	0.331084	0.000010	LD_0.9_6_1830
NIC1442	0.000010	0.000010	0.501205	0.000010	0.498755	0.000010	LD_0.9_6_1830
NIC1491	0.000010	0.000010	0.501428	0.000010	0.498532	0.000010	LD_0.9_6_1830
NIC1525	0.000010	0.000010	0.000010	0.000010	0.999950	0.000010	LD_0.9_6_1830
NIC1528	0.000013	0.000010	0.000010	0.000010	0.999947	0.000010	LD_0.9_6_1830
NIC1529	0.000010	0.000010	0.000010	0.000010	0.999950	0.000010	LD_0.9_6_1830
NIC1533	0.000010	0.000010	0.000010	0.000010	0.999950	0.000010	LD_0.9_6_1830
NIC1535	0.000010	0.000010	0.000010	0.000010	0.999950	0.000010	LD_0.9_6_1830
NIC1539	0.000010	0.999950	0.000010	0.000010	0.000010	0.000010	LD_0.9_6_1830
NIC1540	0.000011	0.000010	0.000010	0.999949	0.000010	0.000010	LD_0.9_6_1830
NIC1562	0.000010	0.999950	0.000010	0.000010	0.000010	0.000010	LD_0.9_6_1830
NIC1589	0.000010	0.000010	0.000010	0.999950	0.000010	0.000010	LD_0.9_6_1830
NIC1590	0.000010	0.999944	0.000010	0.000010	0.000016	0.000010	LD_0.9_6_1830
NIC1591	0.000010	0.000010	0.000010	0.999950	0.000010	0.000010	LD_0.9_6_1830
NIC1593	0.000010	0.000013	0.000010	0.999947	0.000010	0.000010	LD_0.9_6_1830
NIC1595	0.000010	0.999947	0.000012	0.000010	0.000011	0.000010	LD_0.9_6_1830
NIC1598	0.000010	0.989650	0.000010	0.000010	0.010310	0.000010	LD_0.9_6_1830
NIC1602	0.000010	0.999950	0.000010	0.000010	0.000010	0.000010	LD_0.9_6_1830
NIC1607	0.000010	0.760540	0.000010	0.239420	0.000010	0.000010	LD_0.9_6_1830
NIC1628	0.000010	0.000010	0.000010	0.000010	0.999950	0.000010	LD_0.9_6_1830
NIC1630	0.000010	0.999950	0.000010	0.000010	0.000010	0.000010	LD_0.9_6_1830
NIC1631	0.000010	0.999950	0.000010	0.000010	0.000010	0.000010	LD_0.9_6_1830
NIC1632	0.000010	0.000010	0.000010	0.999950	0.000010	0.000010	LD_0.9_6_1830
NIC1633	0.000010	0.000010	0.000010	0.999942	0.000018	0.000010	LD_0.9_6_1830
NIC1635	0.000010	0.000010	0.000010	0.999949	0.000011	0.000010	LD_0.9_6_1830
NIC1645	0.000010	0.999945	0.000010	0.000015	0.000010	0.000010	LD_0.9_6_1830
NIC1660	0.000010	0.999950	0.000010	0.000010	0.000010	0.000010	LD_0.9_6_1830
NIC1661	0.000010	0.999950	0.000010	0.000010	0.000010	0.000010	LD_0.9_6_1830
NIC1662	0.000010	0.999946	0.000010	0.000014	0.000010	0.000010	LD_0.9_6_1830
NIC1663	0.000010	0.999950	0.000010	0.000010	0.000010	0.000010	LD_0.9_6_1830
NIC1664	0.000010	0.000010	0.000010	0.999941	0.000019	0.000010	LD_0.9_6_1830
NIC1665	0.000010	0.000010	0.000010	0.999942	0.000018	0.000010	LD_0.9_6_1830
NIC1666	0.000010	0.999950	0.000010	0.000010	0.000010	0.000010	LD_0.9_6_1830
NIC1667	0.000010	0.999950	0.000010	0.000010	0.000010	0.000010	LD_0.9_6_1830
NIC1681	0.000010	0.999950	0.000010	0.000010	0.000010	0.000010	LD_0.9_6_1830
NIC1688	0.000010	0.000010	0.000010	0.000010	0.999950	0.000010	LD_0.9_6_1830
NIC1692	0.000010	0.999950	0.000010	0.000010	0.000010	0.000010	LD_0.9_6_1830
NIC1693	0.000010	0.999950	0.000010	0.000010	0.000010	0.000010	LD_0.9_6_1830
NIC17	0.000010	0.000010	0.000010	0.000010	0.999950	0.000010	LD_0.9_6_1830
NIC174	0.000016	0.000010	0.000010	0.999937	0.000017	0.000010	LD_0.9_6_1830
NIC187	0.000010	0.000010	0.000010	0.000010	0.999950	0.000010	LD_0.9_6_1830
NIC188	0.000016	0.000010	0.009974	0.000010	0.989980	0.000010	LD_0.9_6_1830
NIC19	0.000010	0.000010	0.000010	0.999950	0.000010	0.000010	LD_0.9_6_1830
NIC191	0.000010	0.000010	0.000010	0.000010	0.999950	0.000010	LD_0.9_6_1830
NIC20	0.000010	0.000010	0.000010	0.999942	0.000018	0.000010	LD_0.9_6_1830
NIC21	0.000010	0.000010	0.000010	0.999950	0.000010	0.000010	LD_0.9_6_1830
NIC22	0.000010	0.000010	0.000015	0.999945	0.000010	0.000010	LD_0.9_6_1830
NIC2369	0.499447	0.000014	0.000010	0.000010	0.500509	0.000010	LD_0.9_6_1830
NIC248	0.000010	0.000010	0.000010	0.000010	0.999950	0.000010	LD_0.9_6_1830
NIC250	0.000010	0.000010	0.000010	0.000010	0.999950	0.000010	LD_0.9_6_1830
NIC2527	0.000010	0.000010	0.000010	0.000010	0.999950	0.000010	LD_0.9_6_1830
NIC309	0.000010	0.000010	0.400777	0.000010	0.599183	0.000010	LD_0.9_6_1830
NIC325	0.000010	0.000010	0.410840	0.000010	0.589120	0.000010	LD_0.9_6_1830
NIC327	0.000010	0.000010	0.653910	0.000010	0.346050	0.000010	LD_0.9_6_1830
NIC329	0.000010	0.000010	0.500782	0.000010	0.499178	0.000010	LD_0.9_6_1830
NIC330	0.000010	0.000010	0.491827	0.000010	0.508133	0.000010	LD_0.9_6_1830
NIC331	0.000010	0.000010	0.454165	0.000010	0.545795	0.000010	LD_0.9_6_1830
NIC332	0.000010	0.000010	0.558715	0.000010	0.441245	0.000010	LD_0.9_6_1830
NIC333	0.000010	0.000010	0.523968	0.000010	0.475992	0.000010	LD_0.9_6_1830
NIC343	0.010523	0.000014	0.000010	0.000010	0.989434	0.000010	LD_0.9_6_1830
NIC392	0.000010	0.000010	0.164255	0.000010	0.835705	0.000010	LD_0.9_6_1830
NIC400	0.000013	0.000010	0.559270	0.000013	0.440684	0.000010	LD_0.9_6_1830
NIC402	0.000010	0.000010	0.546092	0.000010	0.453868	0.000010	LD_0.9_6_1830
NIC419	0.477539	0.000010	0.000010	0.000010	0.522421	0.000010	LD_0.9_6_1830
NIC504	0.000010	0.999950	0.000010	0.000010	0.000010	0.000010	LD_0.9_6_1830
NIC505	0.000010	0.999950	0.000010	0.000010	0.000010	0.000010	LD_0.9_6_1830
NIC518	0.000010	0.999950	0.000010	0.000010	0.000010	0.000010	LD_0.9_6_1830
NIC519	0.000016	0.999944	0.000010	0.000010	0.000010	0.000010	LD_0.9_6_1830
NIC532	0.000010	0.000010	0.000010	0.000010	0.999950	0.000010	LD_0.9_6_1830
NIC541	0.263999	0.000010	0.342644	0.000010	0.393326	0.000010	LD_0.9_6_1830
NIC549	0.000010	0.000010	0.000010	0.000010	0.999950	0.000010	LD_0.9_6_1830
NIC552	0.000010	0.000010	0.047387	0.000010	0.952573	0.000010	LD_0.9_6_1830
NIC555	0.000010	0.000010	0.193717	0.000010	0.806243	0.000010	LD_0.9_6_1830
NIC574	0.000010	0.000010	0.009704	0.000010	0.990255	0.000010	LD_0.9_6_1830
NIC578	0.000010	0.000012	0.000010	0.000010	0.999948	0.000010	LD_0.9_6_1830
NIC583	0.000010	0.000010	0.132839	0.000010	0.867121	0.000010	LD_0.9_6_1830
NIC590	0.181512	0.000010	0.090988	0.000010	0.727470	0.000010	LD_0.9_6_1830
NIC593	0.000010	0.000010	0.000010	0.000010	0.999950	0.000010	LD_0.9_6_1830
NIC60	0.000010	0.000010	0.206275	0.000010	0.793685	0.000010	LD_0.9_6_1830
NIC61	0.000014	0.000010	0.024292	0.000010	0.975664	0.000010	LD_0.9_6_1830
NIC62	0.000010	0.000010	0.107289	0.000010	0.892671	0.000010	LD_0.9_6_1830
NIC67	0.561764	0.000010	0.000010	0.000010	0.438196	0.000010	LD_0.9_6_1830
NIC758	0.168840	0.000010	0.050401	0.000015	0.780724	0.000010	LD_0.9_6_1830
NIC777	0.000010	0.000010	0.220418	0.000010	0.779542	0.000010	LD_0.9_6_1830
NIC779	0.000010	0.999950	0.000010	0.000010	0.000010	0.000010	LD_0.9_6_1830
NIC790	0.000010	0.000010	0.000010	0.000010	0.999950	0.000010	LD_0.9_6_1830
NIC791	0.999950	0.000010	0.000010	0.000010	0.000010	0.000010	LD_0.9_6_1830
NIC792	0.322870	0.000010	0.000010	0.000010	0.677090	0.000010	LD_0.9_6_1830
NIC793	0.000010	0.000010	0.000010	0.000010	0.999950	0.000010	LD_0.9_6_1830
NIC795	0.000010	0.000010	0.000010	0.000010	0.999950	0.000010	LD_0.9_6_1830
NIC796	0.000010	0.000010	0.000010	0.006566	0.993394	0.000010	LD_0.9_6_1830
NIC802	0.000010	0.000010	0.000010	0.000010	0.999950	0.000010	LD_0.9_6_1830
NIC803	0.000010	0.000010	0.000010	0.000010	0.999950	0.000010	LD_0.9_6_1830
NIC805	0.000010	0.999950	0.000010	0.000010	0.000010	0.000010	LD_0.9_6_1830
NIC811	0.012718	0.000016	0.000013	0.000010	0.987234	0.000010	LD_0.9_6_1830
NIC814	0.000010	0.999932	0.000010	0.000018	0.000020	0.000010	LD_0.9_6_1830
NIC815	0.000010	0.999949	0.000011	0.000010	0.000010	0.000010	LD_0.9_6_1830
NIC816	0.000010	0.000010	0.000010	0.999950	0.000010	0.000010	LD_0.9_6_1830
NIC819	0.000010	0.745162	0.000010	0.254798	0.000010	0.000010	LD_0.9_6_1830
NIC821	0.000011	0.000010	0.003395	0.000010	0.996564	0.000010	LD_0.9_6_1830
NIC822	0.000010	0.999943	0.000010	0.000017	0.000010	0.000010	LD_0.9_6_1830
NIC824	0.000010	0.999950	0.000010	0.000010	0.000010	0.000010	LD_0.9_6_1830
NIC825	0.000010	0.000010	0.000010	0.999950	0.000010	0.000010	LD_0.9_6_1830
NIC827	0.000010	0.000010	0.000010	0.999950	0.000010	0.000010	LD_0.9_6_1830
NIC828	0.000010	0.000010	0.000010	0.999950	0.000010	0.000010	LD_0.9_6_1830
NIC863	0.000010	0.999950	0.000010	0.000010	0.000010	0.000010	LD_0.9_6_1830
NIC864	0.000010	0.999948	0.000010	0.000012	0.000010	0.000010	LD_0.9_6_1830
NIC865	0.000010	0.999950	0.000010	0.000010	0.000010	0.000010	LD_0.9_6_1830
NIC871	0.000016	0.000010	0.000010	0.000010	0.999944	0.000010	LD_0.9_6_1830
NIC883	0.000010	0.000010	0.000010	0.000010	0.999950	0.000010	LD_0.9_6_1830
NIC889	0.000010	0.999950	0.000010	0.000010	0.000010	0.000010	LD_0.9_6_1830
NIC893	0.000010	0.112627	0.000010	0.809111	0.078232	0.000010	LD_0.9_6_1830
NIC897	0.000010	0.999950	0.000010	0.000010	0.000010	0.000010	LD_0.9_6_1830
NIC899	0.000010	0.000010	0.000010	0.999950	0.000010	0.000010	LD_0.9_6_1830
NIC901	0.000010	0.000010	0.000010	0.000010	0.999950	0.000010	LD_0.9_6_1830
NIC911	0.000010	0.000010	0.000010	0.000010	0.999950	0.000010	LD_0.9_6_1830
NIC96	0.000010	0.000010	0.501230	0.000010	0.498730	0.000010	LD_0.9_6_1830
NIC984	0.000010	0.000010	0.000010	0.000010	0.999950	0.000010	LD_0.9_6_1830
NIC985	0.073377	0.000010	0.000010	0.000010	0.926583	0.000010	LD_0.9_6_1830
PB800	0.000012	0.000010	0.000010	0.999948	0.000010	0.000010	LD_0.9_6_1830
PB857	0.000010	0.000010	0.000010	0.999950	0.000010	0.000010	LD_0.9_6_1830
PE887	0.000010	0.000010	0.000010	0.000010	0.999950	0.000010	LD_0.9_6_1830
QG1005	0.000010	0.000010	0.999950	0.000010	0.000010	0.000010	LD_0.9_6_1830
QG1007	0.000010	0.000010	0.999950	0.000010	0.000010	0.000010	LD_0.9_6_1830
QG1111	0.000010	0.000010	0.999950	0.000010	0.000010	0.000010	LD_0.9_6_1830
QG1126	0.000010	0.000010	0.999950	0.000010	0.000010	0.000010	LD_0.9_6_1830
QG1141	0.000010	0.000010	0.990335	0.000010	0.009625	0.000010	LD_0.9_6_1830
QG1155	0.000010	0.000010	0.990335	0.000010	0.009625	0.000010	LD_0.9_6_1830
QG130	0.000010	0.000010	0.000010	0.000010	0.999950	0.000010	LD_0.9_6_1830
QG132	0.000010	0.000010	0.000010	0.000010	0.999950	0.000010	LD_0.9_6_1830
QG133	0.000010	0.976759	0.000010	0.000010	0.023201	0.000010	LD_0.9_6_1830
QG2641	0.000010	0.000010	0.999950	0.000010	0.000010	0.000010	LD_0.9_6_1830
QG2648	0.000010	0.000010	0.999950	0.000010	0.000010	0.000010	LD_0.9_6_1830
QG2659	0.000010	0.000010	0.999950	0.000010	0.000010	0.000010	LD_0.9_6_1830
QG2663	0.000010	0.000010	0.999950	0.000010	0.000010	0.000010	LD_0.9_6_1830
QG2665	0.000010	0.000010	0.999950	0.000010	0.000010	0.000010	LD_0.9_6_1830
QG2683	0.000010	0.000015	0.999945	0.000010	0.000010	0.000010	LD_0.9_6_1830
QG2736	0.000010	0.000010	0.999950	0.000010	0.000010	0.000010	LD_0.9_6_1830
QG2814	0.000012	0.000010	0.000010	0.000010	0.999948	0.000010	LD_0.9_6_1830
QG2820	0.000010	0.000010	0.000010	0.000010	0.999950	0.000010	LD_0.9_6_1830
QG2848	0.000010	0.000010	0.000010	0.000010	0.999950	0.000010	LD_0.9_6_1830
QG2880	0.999950	0.000010	0.000010	0.000010	0.000010	0.000010	LD_0.9_6_1830
QG2881	0.000013	0.000010	0.000010	0.000010	0.999947	0.000010	LD_0.9_6_1830
QG2883	0.000010	0.000010	0.000010	0.000010	0.999950	0.000010	LD_0.9_6_1830
QG2884	0.999950	0.000010	0.000010	0.000010	0.000010	0.000010	LD_0.9_6_1830
QG2891	0.000010	0.000010	0.000010	0.000010	0.000010	0.999950	LD_0.9_6_1830
QG2892	0.999950	0.000010	0.000010	0.000010	0.000010	0.000010	LD_0.9_6_1830
QG2893	0.000010	0.000010	0.000010	0.000010	0.000010	0.999950	LD_0.9_6_1830
QG2895	0.999948	0.000011	0.000010	0.000010	0.000011	0.000010	LD_0.9_6_1830
QG2902	0.999950	0.000010	0.000010	0.000010	0.000010	0.000010	LD_0.9_6_1830
QG2903	0.999950	0.000010	0.000010	0.000010	0.000010	0.000010	LD_0.9_6_1830
QG2906	0.999946	0.000011	0.000011	0.000012	0.000010	0.000010	LD_0.9_6_1830
QG2908	0.000010	0.000010	0.000010	0.000010	0.000010	0.999950	LD_0.9_6_1830
QG2910	0.000010	0.000010	0.000010	0.000010	0.999950	0.000010	LD_0.9_6_1830
QG2919	0.000010	0.000010	0.000010	0.000010	0.000010	0.999950	LD_0.9_6_1830
QG2923	0.999950	0.000010	0.000010	0.000010	0.000010	0.000010	LD_0.9_6_1830
QG2925	0.999950	0.000010	0.000010	0.000010	0.000010	0.000010	LD_0.9_6_1830
QG2964	0.000010	0.000010	0.999950	0.000010	0.000010	0.000010	LD_0.9_6_1830
QG2966	0.000010	0.000010	0.643199	0.000010	0.356761	0.000010	LD_0.9_6_1830
QG2969	0.000010	0.000010	0.999950	0.000010	0.000010	0.000010	LD_0.9_6_1830
QG2972	0.000010	0.000010	0.999950	0.000010	0.000010	0.000010	LD_0.9_6_1830
QG2996	0.000010	0.000010	0.999950	0.000010	0.000010	0.000010	LD_0.9_6_1830
QG3004	0.000017	0.000010	0.841117	0.000010	0.158837	0.000010	LD_0.9_6_1830
QG3006	0.000010	0.000010	0.999950	0.000010	0.000010	0.000010	LD_0.9_6_1830
QG3019	0.000012	0.000010	0.954636	0.000010	0.045322	0.000010	LD_0.9_6_1830
QG3025	0.000010	0.000016	0.999944	0.000010	0.000010	0.000010	LD_0.9_6_1830
QG3030	0.000010	0.000010	0.999950	0.000010	0.000010	0.000010	LD_0.9_6_1830
QG3032	0.000012	0.000010	0.836745	0.000010	0.163213	0.000010	LD_0.9_6_1830
QG3034	0.000010	0.000010	0.999950	0.000010	0.000010	0.000010	LD_0.9_6_1830
QG3041	0.000010	0.000010	0.999950	0.000010	0.000010	0.000010	LD_0.9_6_1830
QG3053	0.000010	0.000010	0.000010	0.000010	0.999950	0.000010	LD_0.9_6_1830
QG3056	0.000010	0.000010	0.639032	0.000010	0.360928	0.000010	LD_0.9_6_1830
QG3057	0.000012	0.000010	0.999948	0.000010	0.000010	0.000010	LD_0.9_6_1830
QG3058	0.000013	0.000010	0.999947	0.000010	0.000010	0.000010	LD_0.9_6_1830
QG3527	0.000010	0.000010	0.171029	0.000010	0.828931	0.000010	LD_0.9_6_1830
QG3661	0.000010	0.000010	0.000010	0.999950	0.000010	0.000010	LD_0.9_6_1830
QG3783	0.000010	0.000010	0.129724	0.000010	0.870236	0.000010	LD_0.9_6_1830
QG3801	0.000010	0.000010	0.949561	0.000010	0.050399	0.000010	LD_0.9_6_1830
QG3815	0.000010	0.000010	0.140224	0.000010	0.859736	0.000010	LD_0.9_6_1830
QG3816	0.000010	0.000010	0.106404	0.000010	0.893556	0.000010	LD_0.9_6_1830
QG3823	0.009171	0.000010	0.943024	0.000010	0.047775	0.000010	LD_0.9_6_1830
QG3825	0.000011	0.000010	0.041921	0.000010	0.958038	0.000010	LD_0.9_6_1830
QG3826	0.000010	0.000010	0.134996	0.000010	0.864964	0.000010	LD_0.9_6_1830
QG3837	0.000010	0.000010	0.031153	0.000010	0.968807	0.000010	LD_0.9_6_1830
QG3851	0.000010	0.000010	0.147841	0.000010	0.852119	0.000010	LD_0.9_6_1830
QG3861	0.000010	0.000010	0.120936	0.000010	0.879024	0.000010	LD_0.9_6_1830
QG3867	0.000014	0.000010	0.915004	0.000010	0.084952	0.000010	LD_0.9_6_1830
QG3874	0.000010	0.000010	0.046639	0.000010	0.953321	0.000010	LD_0.9_6_1830
QG3875	0.000010	0.000010	0.110655	0.000010	0.889305	0.000010	LD_0.9_6_1830
QG3876	0.000010	0.000010	0.143919	0.000010	0.856041	0.000010	LD_0.9_6_1830
QG3878	0.000010	0.000010	0.117044	0.000010	0.882916	0.000010	LD_0.9_6_1830
QG3920	0.000010	0.000010	0.186937	0.000010	0.813023	0.000010	LD_0.9_6_1830
QG3921	0.000010	0.000010	0.170835	0.000010	0.829125	0.000010	LD_0.9_6_1830
QG3923	0.000010	0.000010	0.066767	0.000010	0.933193	0.000010	LD_0.9_6_1830
QG3924	0.000010	0.000010	0.342485	0.000010	0.657475	0.000010	LD_0.9_6_1830
QG3925	0.000010	0.000010	0.160556	0.000010	0.839404	0.000010	LD_0.9_6_1830
QG3926	0.000010	0.000010	0.125138	0.000010	0.874822	0.000010	LD_0.9_6_1830
QG3927	0.000010	0.000010	0.132832	0.000010	0.867128	0.000010	LD_0.9_6_1830
QG3931	0.000010	0.000010	0.345993	0.000010	0.653967	0.000010	LD_0.9_6_1830
QG3932	0.000013	0.000012	0.171116	0.000010	0.828839	0.000010	LD_0.9_6_1830
QG3933	0.000010	0.000010	0.000010	0.000012	0.999948	0.000010	LD_0.9_6_1830
QG4026	0.000010	0.000010	0.000010	0.000010	0.000010	0.999950	LD_0.9_6_1830
QG4028	0.000010	0.000010	0.000010	0.000010	0.000010	0.999950	LD_0.9_6_1830
QG4031	0.000010	0.000010	0.000010	0.000010	0.000010	0.999950	LD_0.9_6_1830
QG4063	0.000010	0.000010	0.000010	0.000010	0.000010	0.999950	LD_0.9_6_1830
QG4064	0.000010	0.000010	0.000010	0.000010	0.000010	0.999950	LD_0.9_6_1830
QG4067	0.000010	0.000010	0.000010	0.000010	0.000010	0.999950	LD_0.9_6_1830
QG4068	0.000010	0.000010	0.000010	0.000010	0.000010	0.999950	LD_0.9_6_1830
QG4070	0.000010	0.000010	0.000010	0.000010	0.999950	0.000010	LD_0.9_6_1830
QG4093	0.000010	0.000010	0.000010	0.000010	0.000010	0.999950	LD_0.9_6_1830
QG4094	0.000010	0.000010	0.000010	0.000010	0.000010	0.999950	LD_0.9_6_1830
QG4095	0.000010	0.000010	0.000010	0.000010	0.000010	0.999950	LD_0.9_6_1830
QG4096	0.000010	0.000010	0.000010	0.000010	0.000010	0.999950	LD_0.9_6_1830
QG4097	0.000010	0.000010	0.000010	0.000010	0.000010	0.999950	LD_0.9_6_1830
QG4104	0.000010	0.000010	0.000010	0.000010	0.000010	0.999950	LD_0.9_6_1830
QG4114	0.000010	0.000010	0.000010	0.000010	0.000010	0.999950	LD_0.9_6_1830
QG4131	0.000010	0.000010	0.000010	0.000010	0.000010	0.999950	LD_0.9_6_1830
QG4132	0.000010	0.000010	0.000010	0.000010	0.000010	0.999950	LD_0.9_6_1830
QG4208	0.000010	0.000010	0.000010	0.000010	0.000010	0.999950	LD_0.9_6_1830
QG4214	0.000010	0.000010	0.000010	0.000010	0.000010	0.999950	LD_0.9_6_1830
QG4225	0.000010	0.000010	0.000010	0.000010	0.000010	0.999950	LD_0.9_6_1830
QG4232	0.000010	0.000010	0.000010	0.000010	0.000010	0.999950	LD_0.9_6_1830
QG4233	0.000010	0.000018	0.000010	0.000010	0.000010	0.999942	LD_0.9_6_1830
QG4647	0.999950	0.000010	0.000010	0.000010	0.000010	0.000010	LD_0.9_6_1830
QG4648	0.000175	0.000010	0.000010	0.000010	0.999785	0.000010	LD_0.9_6_1830
QG4683	0.000010	0.000010	0.000010	0.000010	0.999950	0.000010	LD_0.9_6_1830
QG4701	0.608520	0.000010	0.000010	0.000010	0.391440	0.000010	LD_0.9_6_1830
QG4706	0.000010	0.000010	0.000010	0.000010	0.999950	0.000010	LD_0.9_6_1830
QG4718	0.000010	0.000013	0.000010	0.000010	0.999947	0.000010	LD_0.9_6_1830
QG4742	0.019765	0.000010	0.000015	0.000010	0.980190	0.000010	LD_0.9_6_1830
QG4805	0.999950	0.000010	0.000010	0.000010	0.000010	0.000010	LD_0.9_6_1830
QG4847	0.000010	0.000013	0.000010	0.000010	0.999947	0.000010	LD_0.9_6_1830
QG4966	0.000010	0.000010	0.000013	0.000010	0.999946	0.000010	LD_0.9_6_1830
QG5348	0.000010	0.000010	0.000010	0.000010	0.999950	0.000010	LD_0.9_6_1830
QG5406	0.000010	0.000010	0.000010	0.000010	0.999950	0.000010	LD_0.9_6_1830
QG547	0.000010	0.000010	0.000010	0.999950	0.000010	0.000010	LD_0.9_6_1830
QG5474	0.677351	0.000017	0.000010	0.000010	0.322602	0.000010	LD_0.9_6_1830
QG5488	0.000010	0.000010	0.000010	0.000010	0.999950	0.000010	LD_0.9_6_1830
QG550	0.416163	0.000011	0.000010	0.000010	0.583796	0.000010	LD_0.9_6_1830
QG5507	0.204904	0.000010	0.000010	0.000010	0.795056	0.000010	LD_0.9_6_1830
QG5525	0.011338	0.000010	0.000010	0.000010	0.988622	0.000010	LD_0.9_6_1830
QG5589	0.834825	0.000010	0.000010	0.000010	0.165135	0.000010	LD_0.9_6_1830
QG5603	0.691770	0.000010	0.000010	0.000010	0.308190	0.000010	LD_0.9_6_1830
QG5611	0.000010	0.000010	0.000010	0.000010	0.999950	0.000010	LD_0.9_6_1830
QG5612	0.000014	0.000010	0.016117	0.000010	0.983839	0.000010	LD_0.9_6_1830
QG5633	0.007997	0.000010	0.000010	0.000010	0.991963	0.000010	LD_0.9_6_1830
QG581	0.000010	0.000010	0.000010	0.999950	0.000010	0.000010	LD_0.9_6_1830
QG588	0.000010	0.000010	0.000010	0.999942	0.000018	0.000010	LD_0.9_6_1830
QG700	0.000010	0.000010	0.876611	0.000010	0.123349	0.000010	LD_0.9_6_1830
QG727	0.000010	0.000010	0.999950	0.000010	0.000010	0.000010	LD_0.9_6_1830
QG733	0.000010	0.000010	0.999950	0.000010	0.000010	0.000010	LD_0.9_6_1830
QG736	0.000014	0.000010	0.999946	0.000010	0.000010	0.000010	LD_0.9_6_1830
QG737	0.000012	0.000010	0.999948	0.000010	0.000010	0.000010	LD_0.9_6_1830
QG739	0.000010	0.000010	0.999950	0.000010	0.000010	0.000010	LD_0.9_6_1830
QG761	0.000010	0.000010	0.805241	0.000010	0.194719	0.000010	LD_0.9_6_1830
QG763	0.000010	0.000010	0.999950	0.000010	0.000010	0.000010	LD_0.9_6_1830
QG776	0.000010	0.000010	0.991249	0.000010	0.008711	0.000010	LD_0.9_6_1830
QG781	0.000010	0.000010	0.999950	0.000010	0.000010	0.000010	LD_0.9_6_1830
QG784	0.000010	0.000010	0.999950	0.000010	0.000010	0.000010	LD_0.9_6_1830
QG786	0.000010	0.000010	0.999950	0.000010	0.000010	0.000010	LD_0.9_6_1830
QG788	0.000010	0.000010	0.999950	0.000010	0.000010	0.000010	LD_0.9_6_1830
QG790	0.000010	0.000010	0.999950	0.000010	0.000010	0.000010	LD_0.9_6_1830
QG791	0.000010	0.000010	0.964421	0.000010	0.035539	0.000010	LD_0.9_6_1830
QG795	0.000010	0.000010	0.769928	0.000010	0.230032	0.000010	LD_0.9_6_1830
QG797	0.000010	0.000010	0.999950	0.000010	0.000010	0.000010	LD_0.9_6_1830
QG802	0.000010	0.000010	0.999950	0.000010	0.000010	0.000010	LD_0.9_6_1830
QG804	0.000010	0.000010	0.999950	0.000010	0.000010	0.000010	LD_0.9_6_1830
QG806	0.000010	0.000010	0.999950	0.000010	0.000010	0.000010	LD_0.9_6_1830
QG807	0.000010	0.000010	0.999950	0.000010	0.000010	0.000010	LD_0.9_6_1830
QG808	0.000010	0.000010	0.983490	0.000010	0.016470	0.000010	LD_0.9_6_1830
QG809	0.000010	0.000010	0.999942	0.000011	0.000017	0.000010	LD_0.9_6_1830
QG825	0.000010	0.000010	0.999950	0.000010	0.000010	0.000010	LD_0.9_6_1830
QG827	0.000010	0.000010	0.999950	0.000010	0.000010	0.000010	LD_0.9_6_1830
QG828	0.000010	0.000010	0.999950	0.000010	0.000010	0.000010	LD_0.9_6_1830
QG833	0.000010	0.000010	0.973103	0.000010	0.026857	0.000010	LD_0.9_6_1830
QG855	0.000010	0.000010	0.991579	0.000010	0.008381	0.000010	LD_0.9_6_1830
QG856	0.000010	0.000010	0.999950	0.000010	0.000010	0.000010	LD_0.9_6_1830
QG858	0.000010	0.000010	0.999950	0.000010	0.000010	0.000010	LD_0.9_6_1830
QG860	0.000011	0.000010	0.826933	0.000010	0.173026	0.000010	LD_0.9_6_1830
QG864	0.000010	0.000010	0.999950	0.000010	0.000010	0.000010	LD_0.9_6_1830
QG865	0.000010	0.000010	0.999950	0.000010	0.000010	0.000010	LD_0.9_6_1830
QG866	0.000010	0.000010	0.999950	0.000010	0.000010	0.000010	LD_0.9_6_1830
QG868	0.000011	0.000010	0.999948	0.000010	0.000011	0.000010	LD_0.9_6_1830
QG874	0.000010	0.000010	0.999950	0.000010	0.000010	0.000010	LD_0.9_6_1830
QG875	0.000010	0.000010	0.999950	0.000010	0.000010	0.000010	LD_0.9_6_1830
QG878	0.000010	0.000010	0.987185	0.000010	0.012775	0.000010	LD_0.9_6_1830
QG879	0.000010	0.000010	0.999950	0.000010	0.000010	0.000010	LD_0.9_6_1830
QG880	0.000014	0.000010	0.999946	0.000010	0.000010	0.000010	LD_0.9_6_1830
QG881	0.000010	0.000010	0.798705	0.000010	0.201255	0.000010	LD_0.9_6_1830
QG887	0.000010	0.000010	0.999950	0.000010	0.000010	0.000010	LD_0.9_6_1830
QG888	0.000010	0.000010	0.999950	0.000010	0.000010	0.000010	LD_0.9_6_1830
QG926	0.000010	0.000010	0.999948	0.000010	0.000012	0.000010	LD_0.9_6_1830
QG927	0.000013	0.000010	0.064218	0.000010	0.935739	0.000010	LD_0.9_6_1830
QG933	0.000010	0.000010	0.999950	0.000010	0.000010	0.000010	LD_0.9_6_1830
QG937	0.000010	0.000010	0.999950	0.000010	0.000010	0.000010	LD_0.9_6_1830
QG945	0.000010	0.000010	0.999950	0.000010	0.000010	0.000010	LD_0.9_6_1830
QG946	0.000010	0.000010	0.999950	0.000010	0.000010	0.000010	LD_0.9_6_1830
QG947	0.000010	0.000010	0.999950	0.000010	0.000010	0.000010	LD_0.9_6_1830
QG948	0.000010	0.000010	0.999950	0.000010	0.000010	0.000010	LD_0.9_6_1830
QG952	0.000010	0.000010	0.910184	0.000010	0.089776	0.000010	LD_0.9_6_1830
QG978	0.000010	0.000010	0.892463	0.000010	0.107497	0.000010	LD_0.9_6_1830
QG980	0.000010	0.000010	0.999950	0.000010	0.000010	0.000010	LD_0.9_6_1830
QG986	0.000011	0.000010	0.991391	0.000010	0.008568	0.000010	LD_0.9_6_1830
QG991	0.000010	0.000010	0.999950	0.000010	0.000010	0.000010	LD_0.9_6_1830
QG994	0.000010	0.000010	0.999950	0.000010	0.000010	0.000010	LD_0.9_6_1830
QG995	0.000010	0.000010	0.999950	0.000010	0.000010	0.000010	LD_0.9_6_1830
QG997	0.000011	0.000010	0.999949	0.000010	0.000010	0.000010	LD_0.9_6_1830
QG998	0.000010	0.000010	0.999949	0.000011	0.000010	0.000010	LD_0.9_6_1830
QR25	0.000010	0.028803	0.000010	0.873934	0.073210	0.024033	LD_0.9_6_1830
QX1410	0.000010	0.000010	0.000010	0.000010	0.999950	0.000010	LD_0.9_6_1830
QX1547	0.000010	0.000010	0.000010	0.999950	0.000010	0.000010	LD_0.9_6_1830
QX1795	0.000010	0.000010	0.000010	0.000010	0.999950	0.000010	LD_0.9_6_1830
QX1796	0.000010	0.000012	0.000010	0.000010	0.999948	0.000010	LD_0.9_6_1830
QX1798	0.000010	0.999943	0.000010	0.000017	0.000010	0.000010	LD_0.9_6_1830
QX1800	0.000010	0.000010	0.000010	0.000010	0.999950	0.000010	LD_0.9_6_1830
QX1801	0.000010	0.000010	0.000010	0.000010	0.999950	0.000010	LD_0.9_6_1830
QX1802	0.000010	0.000010	0.000010	0.000010	0.999950	0.000010	LD_0.9_6_1830
QX1803	0.000010	0.000010	0.000010	0.000010	0.999950	0.000010	LD_0.9_6_1830
QX1804	0.000010	0.000010	0.000010	0.000010	0.999950	0.000010	LD_0.9_6_1830
SOW18	0.000010	0.000010	0.000010	0.999950	0.000010	0.000010	LD_0.9_6_1830
SOW21	0.000010	0.000010	0.000010	0.999942	0.000018	0.000010	LD_0.9_6_1830
SOW22	0.000010	0.000010	0.000010	0.999950	0.000010	0.000010	LD_0.9_6_1830
TT3408	0.000013	0.000010	0.000010	0.000010	0.999947	0.000010	LD_0.9_6_1830
TT3411	0.000010	0.000010	0.000010	0.000010	0.999950	0.000010	LD_0.9_6_1830
TWN1772	0.000010	0.999950	0.000010	0.000010	0.000010	0.000010	LD_0.9_6_1830
TWN1824	0.000010	0.000010	0.000016	0.999944	0.000010	0.000010	LD_0.9_6_1830
TWN1899	0.000010	0.000010	0.000010	0.999950	0.000010	0.000010	LD_0.9_6_1830
TWN1907	0.000010	0.999950	0.000010	0.000010	0.000010	0.000010	LD_0.9_6_1830
TWN2919	0.000010	0.999949	0.000010	0.000010	0.000011	0.000010	LD_0.9_6_1830
TWN3077	0.000010	0.999937	0.000016	0.000013	0.000014	0.000010	LD_0.9_6_1830
UH1	0.000010	0.999950	0.000010	0.000010	0.000010	0.000010	LD_0.9_6_1830
VSL2201	0.371755	0.000010	0.000010	0.000010	0.628205	0.000010	LD_0.9_6_1830
VSL2207	0.000010	0.000010	0.000010	0.000010	0.000010	0.999950	LD_0.9_6_1830
VSL2209	0.000010	0.000010	0.000010	0.000010	0.000010	0.999950	LD_0.9_6_1830
VSL2210	0.000010	0.000010	0.000010	0.000010	0.999950	0.000010	LD_0.9_6_1830
VSL2212	0.000010	0.000010	0.000010	0.000010	0.999950	0.000010	LD_0.9_6_1830
VSL2213	0.676728	0.000010	0.000010	0.000010	0.323232	0.000010	LD_0.9_6_1830
VSL2215	0.537270	0.000010	0.000010	0.000010	0.462690	0.000010	LD_0.9_6_1830
VSL2216	0.635666	0.000010	0.000010	0.000010	0.364294	0.000010	LD_0.9_6_1830
VSL2217	0.999942	0.000010	0.000018	0.000010	0.000010	0.000010	LD_0.9_6_1830
VSL2219	0.000018	0.000010	0.000010	0.000010	0.999942	0.000010	LD_0.9_6_1830
VT847	0.000010	0.000010	0.000010	0.000010	0.999950	0.000010	LD_0.9_6_1830
VX34	0.000010	0.032732	0.000010	0.902642	0.064264	0.000342	LD_0.9_6_1830
XZ1204	0.218198	0.000011	0.000010	0.000010	0.781762	0.000010	LD_0.9_6_1830
XZ1205	0.516783	0.000010	0.000010	0.000010	0.483177	0.000010	LD_0.9_6_1830
XZ1206	0.514576	0.000010	0.000010	0.000010	0.485384	0.000010	LD_0.9_6_1830
XZ1207	0.000010	0.000010	0.000010	0.000010	0.999950	0.000010	LD_0.9_6_1830
XZ1210	0.000014	0.000010	0.000010	0.000010	0.999946	0.000010	LD_0.9_6_1830
XZ1212	0.000014	0.000010	0.005512	0.000010	0.994444	0.000010	LD_0.9_6_1830
XZ1213	0.000010	0.000010	0.000010	0.000010	0.999950	0.000010	LD_0.9_6_1830
XZ1731	0.000010	0.000010	0.000010	0.000010	0.999950	0.000010	LD_0.9_6_1830
XZ1732	0.000010	0.000010	0.000010	0.000010	0.999950	0.000010	LD_0.9_6_1830
ZZY0992	0.999950	0.000010	0.000010	0.000010	0.000010	0.000010	LD_0.9_6_1830
ZZY1034	0.000010	0.000010	0.000010	0.000010	0.999950	0.000010	LD_0.9_6_1830
ZZY1075	0.000010	0.000012	0.000010	0.000010	0.999948	0.000010	LD_0.9_6_1830
ZZY1123	0.999950	0.000010	0.000010	0.000010	0.000010	0.000010	LD_0.9_6_1830
ZZY1130	0.000016	0.000013	0.000010	0.000010	0.999941	0.000010	LD_0.9_6_1830
ZZY405	0.000015	0.000010	0.000010	0.000010	0.999945	0.000010	LD_0.9_6_1830
AF16	0.999949	0.000011	0.000010	0.000010	0.000010	0.000010	LD_0.9_6_1853
BRC20069	0.999950	0.000010	0.000010	0.000010	0.000010	0.000010	LD_0.9_6_1853
BRC20073	0.999950	0.000010	0.000010	0.000010	0.000010	0.000010	LD_0.9_6_1853
BRC20075	0.000010	0.000010	0.999950	0.000010	0.000010	0.000010	LD_0.9_6_1853
BRC20077	0.999950	0.000010	0.000010	0.000010	0.000010	0.000010	LD_0.9_6_1853
BRC20081	0.000010	0.000010	0.000010	0.000010	0.999950	0.000010	LD_0.9_6_1853
BRC20085	0.765259	0.114694	0.000019	0.000010	0.000010	0.120008	LD_0.9_6_1853
BRC20088	0.000010	0.000010	0.000011	0.000010	0.999949	0.000010	LD_0.9_6_1853
BRC20089	0.999950	0.000010	0.000010	0.000010	0.000010	0.000010	LD_0.9_6_1853
BRC20090	0.960622	0.012491	0.000010	0.000010	0.000010	0.026857	LD_0.9_6_1853
BRC20092	0.782496	0.156231	0.000019	0.000010	0.000010	0.061234	LD_0.9_6_1853
BRC20093	0.999942	0.000018	0.000010	0.000010	0.000010	0.000010	LD_0.9_6_1853
BRC20094	0.800740	0.156368	0.000010	0.000010	0.000010	0.042862	LD_0.9_6_1853
BRC20095	0.999950	0.000010	0.000010	0.000010	0.000010	0.000010	LD_0.9_6_1853
BRC20096	0.999950	0.000010	0.000010	0.000010	0.000010	0.000010	LD_0.9_6_1853
BRC20098	0.999950	0.000010	0.000010	0.000010	0.000010	0.000010	LD_0.9_6_1853
BRC20099	0.999950	0.000010	0.000010	0.000010	0.000010	0.000010	LD_0.9_6_1853
BRC20100	0.999946	0.000010	0.000014	0.000010	0.000010	0.000010	LD_0.9_6_1853
BRC20102	0.999950	0.000010	0.000010	0.000010	0.000010	0.000010	LD_0.9_6_1853
BRC20103	0.999942	0.000010	0.000010	0.000010	0.000018	0.000010	LD_0.9_6_1853
BRC20105	0.716940	0.185162	0.000011	0.000010	0.000010	0.097867	LD_0.9_6_1853
BRC20107	0.748070	0.175313	0.000010	0.000010	0.000010	0.076586	LD_0.9_6_1853
BRC20115	0.000010	0.999950	0.000010	0.000010	0.000010	0.000010	LD_0.9_6_1853
BRC20119	0.408646	0.264404	0.000010	0.000010	0.000010	0.326921	LD_0.9_6_1853
BRC20228	0.999950	0.000010	0.000010	0.000010	0.000010	0.000010	LD_0.9_6_1853
BRC20229	0.000010	0.000010	0.999950	0.000010	0.000010	0.000010	LD_0.9_6_1853
BRC20230	0.000013	0.000010	0.000010	0.000010	0.999947	0.000010	LD_0.9_6_1853
BRC20232	0.000010	0.000010	0.999950	0.000010	0.000010	0.000010	LD_0.9_6_1853
BRC20238	0.000010	0.000011	0.000010	0.000010	0.999949	0.000010	LD_0.9_6_1853
BRC20239	0.000010	0.000010	0.999950	0.000010	0.000010	0.000010	LD_0.9_6_1853
BRC20241	0.973526	0.026432	0.000010	0.000010	0.000011	0.000010	LD_0.9_6_1853
BRC20242	0.999948	0.000012	0.000010	0.000010	0.000010	0.000010	LD_0.9_6_1853
BRC20244	0.000016	0.000010	0.000010	0.000010	0.999944	0.000010	LD_0.9_6_1853
BRC20246	0.000010	0.000017	0.000010	0.000010	0.999943	0.000010	LD_0.9_6_1853
BRC20257	0.000673	0.407082	0.000010	0.000010	0.000010	0.592215	LD_0.9_6_1853
BRC20260	0.999950	0.000010	0.000010	0.000010	0.000010	0.000010	LD_0.9_6_1853
BRC20270	0.000010	0.000010	0.000010	0.000010	0.999950	0.000010	LD_0.9_6_1853
BRC20272	0.000011	0.000010	0.000010	0.000010	0.999949	0.000010	LD_0.9_6_1853
BRC20289	0.000010	0.000010	0.000010	0.000010	0.999950	0.000010	LD_0.9_6_1853
BRC20290	0.000010	0.000010	0.000010	0.000010	0.999950	0.000010	LD_0.9_6_1853
BRC20294	0.999950	0.000010	0.000010	0.000010	0.000010	0.000010	LD_0.9_6_1853
BRC20308	0.000010	0.000010	0.000010	0.000010	0.999950	0.000010	LD_0.9_6_1853
BRC20309	0.000010	0.000010	0.000010	0.000010	0.999950	0.000010	LD_0.9_6_1853
BRC20311	0.000010	0.000010	0.000015	0.000010	0.999945	0.000010	LD_0.9_6_1853
BRC20312	0.000010	0.000010	0.000010	0.000010	0.999950	0.000010	LD_0.9_6_1853
BRC20315	0.000010	0.000010	0.000010	0.000010	0.999950	0.000010	LD_0.9_6_1853
BRC20320	0.000010	0.000010	0.000010	0.000010	0.999950	0.000010	LD_0.9_6_1853
BRC20324	0.378537	0.000010	0.621423	0.000010	0.000010	0.000010	LD_0.9_6_1853
BRC20331	0.000010	0.000010	0.000010	0.000010	0.999950	0.000010	LD_0.9_6_1853
BRC20333	0.000018	0.000010	0.000010	0.000010	0.999942	0.000010	LD_0.9_6_1853
BRC20334	0.000010	0.000012	0.000010	0.000010	0.999948	0.000010	LD_0.9_6_1853
BRC20339	0.000010	0.000010	0.000010	0.000010	0.999950	0.000010	LD_0.9_6_1853
BRC20341	0.000010	0.000010	0.000010	0.000010	0.999950	0.000010	LD_0.9_6_1853
BRC20343	0.000010	0.000010	0.999950	0.000010	0.000010	0.000010	LD_0.9_6_1853
BRC20346	0.000010	0.000010	0.000010	0.000010	0.999950	0.000010	LD_0.9_6_1853
BRC20347	0.000010	0.000010	0.999950	0.000010	0.000010	0.000010	LD_0.9_6_1853
BRC20348	0.000010	0.000010	0.000010	0.000010	0.999950	0.000010	LD_0.9_6_1853
BRC20353	0.785889	0.090894	0.123177	0.000020	0.000010	0.000010	LD_0.9_6_1853
BRC20360	0.785112	0.086794	0.128063	0.000010	0.000011	0.000010	LD_0.9_6_1853
BRC20361	0.778404	0.093407	0.128159	0.000010	0.000010	0.000010	LD_0.9_6_1853
BRC20362	0.784276	0.082659	0.118892	0.000012	0.000010	0.014151	LD_0.9_6_1853
BRC20366	0.000012	0.000010	0.000010	0.000010	0.999948	0.000010	LD_0.9_6_1853
BRC20367	0.000010	0.000010	0.000010	0.000010	0.999950	0.000010	LD_0.9_6_1853
BRC20369	0.999950	0.000010	0.000010	0.000010	0.000010	0.000010	LD_0.9_6_1853
BRC20370	0.000010	0.000010	0.000010	0.000010	0.999950	0.000010	LD_0.9_6_1853
BRC20388	0.000010	0.000010	0.000010	0.000010	0.999950	0.000010	LD_0.9_6_1853
BRC20390	0.000010	0.000010	0.000010	0.000010	0.999950	0.000010	LD_0.9_6_1853
BRC20401	0.999950	0.000010	0.000010	0.000010	0.000010	0.000010	LD_0.9_6_1853
BRC20463	0.000010	0.000019	0.000018	0.000010	0.999933	0.000010	LD_0.9_6_1853
BRC20492	0.000010	0.999950	0.000010	0.000010	0.000010	0.000010	LD_0.9_6_1853
BRC20499	0.000010	0.000010	0.000010	0.000010	0.999950	0.000010	LD_0.9_6_1853
BRC20501	0.000010	0.000010	0.000010	0.000010	0.999950	0.000010	LD_0.9_6_1853
BRC20502	0.000010	0.978756	0.000010	0.000010	0.021204	0.000010	LD_0.9_6_1853
BRC20503	0.000010	0.978520	0.000010	0.000010	0.021440	0.000010	LD_0.9_6_1853
BRC20519	0.000010	0.999950	0.000010	0.000010	0.000010	0.000010	LD_0.9_6_1853
BRC20520	0.000010	0.999945	0.000015	0.000010	0.000010	0.000010	LD_0.9_6_1853
BRC20522	0.000010	0.000010	0.999950	0.000010	0.000010	0.000010	LD_0.9_6_1853
BRC20524	0.000010	0.000010	0.999950	0.000010	0.000010	0.000010	LD_0.9_6_1853
BRC20529	0.000010	0.000010	0.000013	0.000010	0.999947	0.000010	LD_0.9_6_1853
BRC20530	0.000010	0.000010	0.999950	0.000010	0.000010	0.000010	LD_0.9_6_1853
BRC20531	0.000010	0.000010	0.999950	0.000010	0.000010	0.000010	LD_0.9_6_1853
BRC20532	0.000015	0.000010	0.000011	0.000010	0.999944	0.000010	LD_0.9_6_1853
BRC20533	0.000010	0.000010	0.000010	0.000010	0.999950	0.000010	LD_0.9_6_1853
BRC20534	0.000010	0.000010	0.000010	0.000010	0.999950	0.000010	LD_0.9_6_1853
BRC20535	0.000010	0.000010	0.000010	0.000010	0.999950	0.000010	LD_0.9_6_1853
BRC20536	0.000012	0.000010	0.000018	0.000010	0.999940	0.000010	LD_0.9_6_1853
BRC20537	0.000010	0.000010	0.000010	0.000010	0.999950	0.000010	LD_0.9_6_1853
BRC20541	0.000010	0.999950	0.000010	0.000010	0.000010	0.000010	LD_0.9_6_1853
BRC20543	0.000010	0.000010	0.000010	0.000010	0.999950	0.000010	LD_0.9_6_1853
BRC20544	0.000014	0.000010	0.000010	0.000010	0.999946	0.000010	LD_0.9_6_1853
BRC20545	0.000010	0.000010	0.000016	0.000010	0.999944	0.000010	LD_0.9_6_1853
BRC20556	0.999950	0.000010	0.000010	0.000010	0.000010	0.000010	LD_0.9_6_1853
BRC20557	0.000010	0.000010	0.000010	0.000010	0.999950	0.000010	LD_0.9_6_1853
BRC20565	0.999948	0.000012	0.000010	0.000010	0.000010	0.000010	LD_0.9_6_1853
BRC20571	0.999950	0.000010	0.000010	0.000010	0.000010	0.000010	LD_0.9_6_1853
BRC20574	0.999950	0.000010	0.000010	0.000010	0.000010	0.000010	LD_0.9_6_1853
BW287	0.000010	0.000010	0.000010	0.000010	0.999950	0.000010	LD_0.9_6_1853
DF5100	0.999012	0.000010	0.000010	0.000010	0.000010	0.000948	LD_0.9_6_1853
ECA1129	0.999941	0.000010	0.000017	0.000010	0.000012	0.000010	LD_0.9_6_1853
ECA1143	0.901956	0.000015	0.000010	0.000010	0.000010	0.097999	LD_0.9_6_1853
ECA1147	0.999942	0.000010	0.000017	0.000010	0.000011	0.000010	LD_0.9_6_1853
ECA1149	0.968966	0.000010	0.000016	0.000010	0.030988	0.000010	LD_0.9_6_1853
ECA1160	0.999950	0.000010	0.000010	0.000010	0.000010	0.000010	LD_0.9_6_1853
ECA1164	0.999950	0.000010	0.000010	0.000010	0.000010	0.000010	LD_0.9_6_1853
ECA1170	0.007662	0.000010	0.000013	0.000010	0.992295	0.000010	LD_0.9_6_1853
ECA1174	0.999947	0.000010	0.000013	0.000010	0.000010	0.000010	LD_0.9_6_1853
ECA1383	0.000010	0.000010	0.000010	0.000010	0.999950	0.000010	LD_0.9_6_1853
ECA1411	0.999950	0.000010	0.000010	0.000010	0.000010	0.000010	LD_0.9_6_1853
ECA1423	0.999950	0.000010	0.000010	0.000010	0.000010	0.000010	LD_0.9_6_1853
ECA1429	0.999950	0.000010	0.000010	0.000010	0.000010	0.000010	LD_0.9_6_1853
ECA1431	0.999946	0.000014	0.000010	0.000010	0.000010	0.000010	LD_0.9_6_1853
ECA1437	0.999939	0.000018	0.000010	0.000010	0.000013	0.000010	LD_0.9_6_1853
ECA1439	0.999950	0.000010	0.000010	0.000010	0.000010	0.000010	LD_0.9_6_1853
ECA1443	0.079370	0.000010	0.000017	0.000010	0.920583	0.000010	LD_0.9_6_1853
ECA1471	0.999950	0.000010	0.000010	0.000010	0.000010	0.000010	LD_0.9_6_1853
ECA1489	0.852554	0.000010	0.000013	0.000010	0.000010	0.147403	LD_0.9_6_1853
ECA1507	0.999950	0.000010	0.000010	0.000010	0.000010	0.000010	LD_0.9_6_1853
ECA1509	0.999950	0.000010	0.000010	0.000010	0.000010	0.000010	LD_0.9_6_1853
ECA1517	0.999950	0.000010	0.000010	0.000010	0.000010	0.000010	LD_0.9_6_1853
ECA1521	0.999950	0.000010	0.000010	0.000010	0.000010	0.000010	LD_0.9_6_1853
ECA1555	0.999948	0.000012	0.000010	0.000010	0.000010	0.000010	LD_0.9_6_1853
ECA1559	0.000010	0.000010	0.000010	0.000010	0.999950	0.000010	LD_0.9_6_1853
ECA1563	0.999950	0.000010	0.000010	0.000010	0.000010	0.000010	LD_0.9_6_1853
ECA1571	0.861441	0.000018	0.000010	0.000010	0.000010	0.138511	LD_0.9_6_1853
ECA1587	0.999946	0.000014	0.000010	0.000010	0.000010	0.000010	LD_0.9_6_1853
ECA1605	0.127783	0.000010	0.000011	0.000010	0.820100	0.052086	LD_0.9_6_1853
ECA1609	0.999949	0.000010	0.000011	0.000010	0.000010	0.000010	LD_0.9_6_1853
ECA161	0.999950	0.000010	0.000010	0.000010	0.000010	0.000010	LD_0.9_6_1853
ECA1611	0.999950	0.000010	0.000010	0.000010	0.000010	0.000010	LD_0.9_6_1853
ECA1615	0.999950	0.000010	0.000010	0.000010	0.000010	0.000010	LD_0.9_6_1853
ECA162	0.999950	0.000010	0.000010	0.000010	0.000010	0.000010	LD_0.9_6_1853
ECA1621	0.999950	0.000010	0.000010	0.000010	0.000010	0.000010	LD_0.9_6_1853
ECA163	0.087325	0.000010	0.599146	0.076486	0.237023	0.000010	LD_0.9_6_1853
ECA1637	0.999950	0.000010	0.000010	0.000010	0.000010	0.000010	LD_0.9_6_1853
ECA1657	0.999950	0.000010	0.000010	0.000010	0.000010	0.000010	LD_0.9_6_1853
ECA1701	0.992881	0.000011	0.000010	0.000010	0.000010	0.007078	LD_0.9_6_1853
ECA175	0.999950	0.000010	0.000010	0.000010	0.000010	0.000010	LD_0.9_6_1853
ECA176	0.999950	0.000010	0.000010	0.000010	0.000010	0.000010	LD_0.9_6_1853
ECA177	0.999950	0.000010	0.000010	0.000010	0.000010	0.000010	LD_0.9_6_1853
ECA180	0.999948	0.000010	0.000010	0.000010	0.000012	0.000010	LD_0.9_6_1853
ECA182	0.999950	0.000010	0.000010	0.000010	0.000010	0.000010	LD_0.9_6_1853
ECA183	0.999949	0.000011	0.000010	0.000010	0.000010	0.000010	LD_0.9_6_1853
ECA185	0.999950	0.000010	0.000010	0.000010	0.000010	0.000010	LD_0.9_6_1853
ECA186	0.999950	0.000010	0.000010	0.000010	0.000010	0.000010	LD_0.9_6_1853
ECA2083	0.999950	0.000010	0.000010	0.000010	0.000010	0.000010	LD_0.9_6_1853
ECA2093	0.999946	0.000010	0.000014	0.000010	0.000010	0.000010	LD_0.9_6_1853
ECA2115	0.999950	0.000010	0.000010	0.000010	0.000010	0.000010	LD_0.9_6_1853
ECA2299	0.000010	0.000010	0.000012	0.000010	0.999948	0.000010	LD_0.9_6_1853
ECA2373	0.962437	0.000010	0.000010	0.000010	0.000010	0.037523	LD_0.9_6_1853
ECA2385	0.000010	0.000010	0.000011	0.000010	0.999949	0.000010	LD_0.9_6_1853
ECA2425	0.999941	0.000010	0.000016	0.000010	0.000012	0.000010	LD_0.9_6_1853
ECA2617	0.000011	0.000010	0.000010	0.999949	0.000010	0.000010	LD_0.9_6_1853
ECA2618	0.000010	0.000010	0.000010	0.999950	0.000010	0.000010	LD_0.9_6_1853
ECA2621	0.000010	0.000010	0.000010	0.999949	0.000011	0.000010	LD_0.9_6_1853
ECA2623	0.967017	0.000010	0.000010	0.000010	0.000010	0.032943	LD_0.9_6_1853
ECA2625	0.999945	0.000010	0.000015	0.000010	0.000010	0.000010	LD_0.9_6_1853
ECA2626	0.999944	0.000010	0.000016	0.000010	0.000010	0.000010	LD_0.9_6_1853
ECA2636	0.999949	0.000011	0.000010	0.000010	0.000010	0.000010	LD_0.9_6_1853
ECA2637	0.999942	0.000010	0.000018	0.000010	0.000010	0.000010	LD_0.9_6_1853
ECA2639	0.000010	0.000010	0.000010	0.999950	0.000010	0.000010	LD_0.9_6_1853
ECA2645	0.999948	0.000010	0.000012	0.000010	0.000010	0.000010	LD_0.9_6_1853
ECA2647	0.000010	0.000010	0.000010	0.999950	0.000010	0.000010	LD_0.9_6_1853
ECA2663	0.999950	0.000010	0.000010	0.000010	0.000010	0.000010	LD_0.9_6_1853
ECA2664	0.956699	0.000010	0.000010	0.000010	0.000010	0.043261	LD_0.9_6_1853
ECA2666	0.000010	0.000010	0.000010	0.999950	0.000010	0.000010	LD_0.9_6_1853
ECA2667	0.999950	0.000010	0.000010	0.000010	0.000010	0.000010	LD_0.9_6_1853
ECA2670	0.000011	0.000010	0.000010	0.999949	0.000010	0.000010	LD_0.9_6_1853
ECA276	0.088208	0.000010	0.598255	0.075931	0.237585	0.000010	LD_0.9_6_1853
ECA278	0.000010	0.000010	0.000010	0.000010	0.999950	0.000010	LD_0.9_6_1853
ECA2808	0.999950	0.000010	0.000010	0.000010	0.000010	0.000010	LD_0.9_6_1853
ECA287	0.015328	0.000010	0.000013	0.000010	0.984630	0.000010	LD_0.9_6_1853
ECA288	0.921636	0.000010	0.000010	0.000010	0.078324	0.000010	LD_0.9_6_1853
ECA2883	0.999950	0.000010	0.000010	0.000010	0.000010	0.000010	LD_0.9_6_1853
ECA2890	0.999950	0.000010	0.000010	0.000010	0.000010	0.000010	LD_0.9_6_1853
ECA2894	0.999950	0.000010	0.000010	0.000010	0.000010	0.000010	LD_0.9_6_1853
ECA2936	0.000010	0.000010	0.000010	0.000010	0.999950	0.000010	LD_0.9_6_1853
ECA2975	0.999950	0.000010	0.000010	0.000010	0.000010	0.000010	LD_0.9_6_1853
ECA3091	0.999947	0.000010	0.000013	0.000010	0.000010	0.000010	LD_0.9_6_1853
ECA343	0.999950	0.000010	0.000010	0.000010	0.000010	0.000010	LD_0.9_6_1853
ECA346	0.999950	0.000010	0.000010	0.000010	0.000010	0.000010	LD_0.9_6_1853
ECA3502	0.000010	0.000010	0.000010	0.000010	0.999950	0.000010	LD_0.9_6_1853
ECA3503	0.999947	0.000013	0.000010	0.000010	0.000010	0.000010	LD_0.9_6_1853
ECA3509	0.999940	0.000020	0.000010	0.000010	0.000010	0.000010	LD_0.9_6_1853
ECA3708	0.999948	0.000012	0.000010	0.000010	0.000010	0.000010	LD_0.9_6_1853
ECA371	0.999950	0.000010	0.000010	0.000010	0.000010	0.000010	LD_0.9_6_1853
ECA3712	0.999950	0.000010	0.000010	0.000010	0.000010	0.000010	LD_0.9_6_1853
ECA3713	0.999942	0.000018	0.000010	0.000010	0.000010	0.000010	LD_0.9_6_1853
ECA3899	0.999950	0.000010	0.000010	0.000010	0.000010	0.000010	LD_0.9_6_1853
ECA4382	0.999950	0.000010	0.000010	0.000010	0.000010	0.000010	LD_0.9_6_1853
ECA4390	0.999950	0.000010	0.000010	0.000010	0.000010	0.000010	LD_0.9_6_1853
ECA4394	0.999950	0.000010	0.000010	0.000010	0.000010	0.000010	LD_0.9_6_1853
ECA4402	0.999949	0.000010	0.000010	0.000010	0.000011	0.000010	LD_0.9_6_1853
ECA569	0.000010	0.000010	0.000010	0.000010	0.999950	0.000010	LD_0.9_6_1853
ED3032	0.999950	0.000010	0.000010	0.000010	0.000010	0.000010	LD_0.9_6_1853
ED3037	0.999950	0.000010	0.000010	0.000010	0.000010	0.000010	LD_0.9_6_1853
ED3088	0.999950	0.000010	0.000010	0.000010	0.000010	0.000010	LD_0.9_6_1853
ED3102	0.069447	0.030335	0.612351	0.064688	0.223169	0.000010	LD_0.9_6_1853
EG4360	0.000010	0.000015	0.000010	0.000010	0.999945	0.000010	LD_0.9_6_1853
EG5612	0.999950	0.000010	0.000010	0.000010	0.000010	0.000010	LD_0.9_6_1853
EG5613	0.971762	0.014029	0.000010	0.000010	0.000010	0.014179	LD_0.9_6_1853
EG6179	0.999950	0.000010	0.000010	0.000010	0.000010	0.000010	LD_0.9_6_1853
EG6260	0.967293	0.000010	0.000016	0.000010	0.000010	0.032661	LD_0.9_6_1853
EG6261	0.988760	0.000010	0.000010	0.000010	0.000010	0.011200	LD_0.9_6_1853
EG6265	0.000010	0.000010	0.000010	0.000010	0.974544	0.025416	LD_0.9_6_1853
EG6267	0.982650	0.000010	0.000010	0.000010	0.000010	0.017310	LD_0.9_6_1853
EG6271	0.933417	0.000010	0.000010	0.000010	0.000010	0.066543	LD_0.9_6_1853
EG6272	0.973164	0.000010	0.000010	0.000010	0.000010	0.026796	LD_0.9_6_1853
EG6274	0.999950	0.000010	0.000010	0.000010	0.000010	0.000010	LD_0.9_6_1853
EG6275	0.999950	0.000010	0.000010	0.000010	0.000010	0.000010	LD_0.9_6_1853
EG6276	0.999947	0.000013	0.000010	0.000010	0.000010	0.000010	LD_0.9_6_1853
EG6329	0.878523	0.000010	0.000010	0.000010	0.000010	0.121437	LD_0.9_6_1853
GUN124	0.000010	0.000010	0.000011	0.000010	0.999949	0.000010	LD_0.9_6_1853
GXW22	0.999950	0.000010	0.000010	0.000010	0.000010	0.000010	LD_0.9_6_1853
GXW23	0.999950	0.000010	0.000010	0.000010	0.000010	0.000010	LD_0.9_6_1853
HK104	0.000010	0.000010	0.000010	0.000010	0.999950	0.000010	LD_0.9_6_1853
HPT11	0.000010	0.136277	0.038879	0.036623	0.788200	0.000010	LD_0.9_6_1853
HPT16	0.999950	0.000010	0.000010	0.000010	0.000010	0.000010	LD_0.9_6_1853
HPT18	0.000010	0.136102	0.041488	0.037394	0.784995	0.000010	LD_0.9_6_1853
HPT19	0.999950	0.000010	0.000010	0.000010	0.000010	0.000010	LD_0.9_6_1853
HPT2	0.999950	0.000010	0.000010	0.000010	0.000010	0.000010	LD_0.9_6_1853
HPT21	0.999943	0.000010	0.000017	0.000010	0.000010	0.000010	LD_0.9_6_1853
HPT24	0.000010	0.135898	0.039354	0.036081	0.788646	0.000010	LD_0.9_6_1853
HPT34	0.999950	0.000010	0.000010	0.000010	0.000010	0.000010	LD_0.9_6_1853
HPT37	0.965388	0.000010	0.000010	0.000010	0.000010	0.034572	LD_0.9_6_1853
HPT4	0.999950	0.000010	0.000010	0.000010	0.000010	0.000010	LD_0.9_6_1853
HPT42	0.999950	0.000010	0.000010	0.000010	0.000010	0.000010	LD_0.9_6_1853
HPT52	0.707507	0.170869	0.000010	0.000010	0.000010	0.121594	LD_0.9_6_1853
HPT53	0.999943	0.000010	0.000010	0.000010	0.000017	0.000010	LD_0.9_6_1853
HPT54	0.999949	0.000011	0.000010	0.000010	0.000010	0.000010	LD_0.9_6_1853
HPT55	0.999950	0.000010	0.000010	0.000010	0.000010	0.000010	LD_0.9_6_1853
HPT59	0.999950	0.000010	0.000010	0.000010	0.000010	0.000010	LD_0.9_6_1853
HPT60	0.999949	0.000010	0.000011	0.000010	0.000010	0.000010	LD_0.9_6_1853
HPT62	0.056459	0.431585	0.000010	0.000010	0.000010	0.511926	LD_0.9_6_1853
HPT63	0.999950	0.000010	0.000010	0.000010	0.000010	0.000010	LD_0.9_6_1853
HPT7	0.999950	0.000010	0.000010	0.000010	0.000010	0.000010	LD_0.9_6_1853
HPT8	0.999950	0.000010	0.000010	0.000010	0.000010	0.000010	LD_0.9_6_1853
HPT9	0.954477	0.045483	0.000010	0.000010	0.000010	0.000010	LD_0.9_6_1853
JU1085	0.000010	0.000010	0.000010	0.000010	0.999950	0.000010	LD_0.9_6_1853
JU1337	0.983844	0.016116	0.000010	0.000010	0.000010	0.000010	LD_0.9_6_1853
JU1338	0.724933	0.275027	0.000010	0.000010	0.000010	0.000010	LD_0.9_6_1853
JU1341	0.000010	0.000011	0.000010	0.999949	0.000010	0.000010	LD_0.9_6_1853
JU1346	0.709158	0.290792	0.000014	0.000017	0.000010	0.000010	LD_0.9_6_1853
JU1347	0.999950	0.000010	0.000010	0.000010	0.000010	0.000010	LD_0.9_6_1853
JU1348	0.000010	0.000010	0.000010	0.999945	0.000015	0.000010	LD_0.9_6_1853
JU1375	0.999950	0.000010	0.000010	0.000010	0.000010	0.000010	LD_0.9_6_1853
JU1377	0.999950	0.000010	0.000010	0.000010	0.000010	0.000010	LD_0.9_6_1853
JU1378	0.999950	0.000010	0.000010	0.000010	0.000010	0.000010	LD_0.9_6_1853
JU1392	0.999949	0.000010	0.000011	0.000010	0.000010	0.000010	LD_0.9_6_1853
JU1399	0.570347	0.000010	0.000010	0.000010	0.000010	0.429613	LD_0.9_6_1853
JU1424	0.764633	0.235326	0.000010	0.000010	0.000010	0.000010	LD_0.9_6_1853
JU1435	0.999950	0.000010	0.000010	0.000010	0.000010	0.000010	LD_0.9_6_1853
JU1564	0.000010	0.000010	0.000011	0.000014	0.999945	0.000010	LD_0.9_6_1853
JU1637	0.999950	0.000010	0.000010	0.000010	0.000010	0.000010	LD_0.9_6_1853
JU1638	0.999950	0.000010	0.000010	0.000010	0.000010	0.000010	LD_0.9_6_1853
JU1794	0.995743	0.000010	0.000010	0.000010	0.000010	0.004217	LD_0.9_6_1853
JU1795	0.999950	0.000010	0.000010	0.000010	0.000010	0.000010	LD_0.9_6_1853
JU1799	0.999950	0.000010	0.000010	0.000010	0.000010	0.000010	LD_0.9_6_1853
JU1802	0.999948	0.000011	0.000011	0.000010	0.000010	0.000010	LD_0.9_6_1853
JU1814	0.927047	0.000010	0.000010	0.000010	0.000010	0.072913	LD_0.9_6_1853
JU1884	0.999950	0.000010	0.000010	0.000010	0.000010	0.000010	LD_0.9_6_1853
JU1885	0.973602	0.026358	0.000010	0.000010	0.000010	0.000010	LD_0.9_6_1853
JU1907	0.999940	0.000010	0.000020	0.000010	0.000010	0.000010	LD_0.9_6_1853
JU1908	0.999945	0.000010	0.000015	0.000010	0.000010	0.000010	LD_0.9_6_1853
JU1909	0.999950	0.000010	0.000010	0.000010	0.000010	0.000010	LD_0.9_6_1853
JU1913	0.648223	0.131321	0.000010	0.000010	0.000010	0.220426	LD_0.9_6_1853
JU2053	0.999950	0.000010	0.000010	0.000010	0.000010	0.000010	LD_0.9_6_1853
JU2054	0.999950	0.000010	0.000010	0.000010	0.000010	0.000010	LD_0.9_6_1853
JU2056	0.999950	0.000010	0.000010	0.000010	0.000010	0.000010	LD_0.9_6_1853
JU2057	0.047244	0.480822	0.000010	0.000010	0.000010	0.471904	LD_0.9_6_1853
JU2160	0.043053	0.466431	0.000010	0.000010	0.000010	0.490486	LD_0.9_6_1853
JU2162	0.040160	0.474902	0.000010	0.000010	0.000010	0.484908	LD_0.9_6_1853
JU2214	0.657258	0.000010	0.000010	0.000010	0.000010	0.342702	LD_0.9_6_1853
JU2216	0.000010	0.000010	0.000016	0.000010	0.999944	0.000010	LD_0.9_6_1853
JU2457	0.245342	0.000010	0.000010	0.000010	0.638110	0.116518	LD_0.9_6_1853
JU2470	0.030732	0.507294	0.000010	0.000010	0.000010	0.461944	LD_0.9_6_1853
JU2472	0.999950	0.000010	0.000010	0.000010	0.000010	0.000010	LD_0.9_6_1853
JU2507	0.038116	0.385362	0.000010	0.000010	0.000010	0.576492	LD_0.9_6_1853
JU2518	0.442419	0.000015	0.000010	0.000010	0.000010	0.557536	LD_0.9_6_1853
JU2536	0.000013	0.000010	0.000010	0.000010	0.999947	0.000010	LD_0.9_6_1853
JU2618	0.265306	0.000010	0.000010	0.000010	0.000010	0.734654	LD_0.9_6_1853
JU2799	0.999947	0.000011	0.000011	0.000010	0.000010	0.000010	LD_0.9_6_1853
JU2836	0.672222	0.000014	0.000010	0.000010	0.000010	0.327735	LD_0.9_6_1853
JU2849	0.999950	0.000010	0.000010	0.000010	0.000010	0.000010	LD_0.9_6_1853
JU2861	0.999950	0.000010	0.000010	0.000010	0.000010	0.000010	LD_0.9_6_1853
JU2868	0.999950	0.000010	0.000010	0.000010	0.000010	0.000010	LD_0.9_6_1853
JU2872	0.000010	0.000010	0.000010	0.000010	0.999950	0.000010	LD_0.9_6_1853
JU2910	0.940726	0.000010	0.000010	0.000010	0.000010	0.059234	LD_0.9_6_1853
JU3168	0.078416	0.014762	0.634126	0.068721	0.203965	0.000010	LD_0.9_6_1853
JU3171	0.999950	0.000010	0.000010	0.000010	0.000010	0.000010	LD_0.9_6_1853
JU3199	0.000012	0.000010	0.000010	0.999948	0.000010	0.000010	LD_0.9_6_1853
JU3200	0.000010	0.000010	0.000010	0.999950	0.000010	0.000010	LD_0.9_6_1853
JU3201	0.000010	0.000010	0.000010	0.999950	0.000010	0.000010	LD_0.9_6_1853
JU3202	0.000010	0.000010	0.000010	0.999950	0.000010	0.000010	LD_0.9_6_1853
JU3203	0.000012	0.000010	0.000010	0.999948	0.000010	0.000010	LD_0.9_6_1853
JU3206	0.000010	0.000010	0.000010	0.999950	0.000010	0.000010	LD_0.9_6_1853
JU3207	0.999949	0.000010	0.000010	0.000010	0.000011	0.000010	LD_0.9_6_1853
JU3237	0.031701	0.497028	0.000010	0.000010	0.000010	0.471241	LD_0.9_6_1853
JU3281	0.999950	0.000010	0.000010	0.000010	0.000010	0.000010	LD_0.9_6_1853
JU3319	0.996401	0.000014	0.000010	0.000010	0.003555	0.000010	LD_0.9_6_1853
JU3321	0.999950	0.000010	0.000010	0.000010	0.000010	0.000010	LD_0.9_6_1853
JU3326	0.000010	0.753666	0.066025	0.000010	0.180279	0.000010	LD_0.9_6_1853
JU3327	0.999950	0.000010	0.000010	0.000010	0.000010	0.000010	LD_0.9_6_1853
JU3416	0.000012	0.000010	0.012708	0.009482	0.977778	0.000010	LD_0.9_6_1853
JU4042	0.999950	0.000010	0.000010	0.000010	0.000010	0.000010	LD_0.9_6_1853
JU4051	0.769248	0.230712	0.000010	0.000010	0.000010	0.000010	LD_0.9_6_1853
JU4058	0.777102	0.222858	0.000010	0.000010	0.000010	0.000010	LD_0.9_6_1853
JU4060	0.748352	0.251608	0.000010	0.000010	0.000010	0.000010	LD_0.9_6_1853
JU4062	0.773749	0.226211	0.000010	0.000010	0.000010	0.000010	LD_0.9_6_1853
JU4064	0.753950	0.246010	0.000010	0.000010	0.000010	0.000010	LD_0.9_6_1853
JU4080	0.999942	0.000018	0.000010	0.000010	0.000010	0.000010	LD_0.9_6_1853
JU4084	0.719623	0.280337	0.000010	0.000010	0.000010	0.000010	LD_0.9_6_1853
JU4097	0.759156	0.240789	0.000020	0.000010	0.000015	0.000010	LD_0.9_6_1853
JU725	0.999950	0.000010	0.000010	0.000010	0.000010	0.000010	LD_0.9_6_1853
MY2716	0.999950	0.000010	0.000010	0.000010	0.000010	0.000010	LD_0.9_6_1853
MY539	0.999950	0.000010	0.000010	0.000010	0.000010	0.000010	LD_0.9_6_1853
NIC1050	0.326491	0.000010	0.000010	0.000010	0.000010	0.673469	LD_0.9_6_1853
NIC1052	0.267456	0.000010	0.000014	0.000010	0.000010	0.732499	LD_0.9_6_1853
NIC1054	0.418650	0.000010	0.000010	0.000010	0.000010	0.581310	LD_0.9_6_1853
NIC1055	0.326896	0.000010	0.000015	0.000010	0.000010	0.673060	LD_0.9_6_1853
NIC1057	0.264191	0.000010	0.000010	0.000010	0.000010	0.735769	LD_0.9_6_1853
NIC1058	0.289894	0.000010	0.000010	0.000010	0.000010	0.710066	LD_0.9_6_1853
NIC1059	0.324947	0.000010	0.000010	0.000010	0.000010	0.675013	LD_0.9_6_1853
NIC1060	0.393003	0.000010	0.000010	0.000010	0.000010	0.606957	LD_0.9_6_1853
NIC1062	0.656580	0.000010	0.000010	0.000010	0.000010	0.343380	LD_0.9_6_1853
NIC1069	0.910474	0.000010	0.000010	0.000010	0.000010	0.089486	LD_0.9_6_1853
NIC1103	0.307324	0.000010	0.000010	0.000010	0.000010	0.692636	LD_0.9_6_1853
NIC1104	0.875610	0.000010	0.000010	0.000010	0.000010	0.124350	LD_0.9_6_1853
NIC1106	0.580111	0.000010	0.000019	0.000010	0.000010	0.419840	LD_0.9_6_1853
NIC1117	0.999944	0.000016	0.000010	0.000010	0.000010	0.000010	LD_0.9_6_1853
NIC1123	0.726632	0.273328	0.000010	0.000010	0.000010	0.000010	LD_0.9_6_1853
NIC1124	0.432400	0.000017	0.000010	0.000010	0.000010	0.567553	LD_0.9_6_1853
NIC1135	0.434919	0.000010	0.000010	0.000010	0.000010	0.565041	LD_0.9_6_1853
NIC1138	0.420252	0.000010	0.000010	0.000010	0.000010	0.579708	LD_0.9_6_1853
NIC1141	0.448626	0.000010	0.000010	0.000010	0.000010	0.551334	LD_0.9_6_1853
NIC115	0.990470	0.000010	0.000010	0.000010	0.000010	0.009490	LD_0.9_6_1853
NIC117	0.999950	0.000010	0.000010	0.000010	0.000010	0.000010	LD_0.9_6_1853
NIC1183	0.436885	0.000019	0.000010	0.000010	0.000010	0.563066	LD_0.9_6_1853
NIC119	0.980965	0.000010	0.000010	0.000010	0.000010	0.018995	LD_0.9_6_1853
NIC1190	0.493598	0.000010	0.000011	0.000010	0.000010	0.506360	LD_0.9_6_1853
NIC1202	0.999950	0.000010	0.000010	0.000010	0.000010	0.000010	LD_0.9_6_1853
NIC1204	0.999950	0.000010	0.000010	0.000010	0.000010	0.000010	LD_0.9_6_1853
NIC1205	0.000010	0.000012	0.000010	0.000010	0.999948	0.000010	LD_0.9_6_1853
NIC1218	0.999945	0.000010	0.000015	0.000010	0.000010	0.000010	LD_0.9_6_1853
NIC1220	0.000010	0.000010	0.000014	0.000010	0.999946	0.000010	LD_0.9_6_1853
NIC1221	0.999950	0.000010	0.000010	0.000010	0.000010	0.000010	LD_0.9_6_1853
NIC123	0.999950	0.000010	0.000010	0.000010	0.000010	0.000010	LD_0.9_6_1853
NIC1267	0.786554	0.000010	0.000010	0.000010	0.000010	0.213406	LD_0.9_6_1853
NIC1283	0.507176	0.000010	0.000010	0.000010	0.000010	0.492784	LD_0.9_6_1853
NIC1288	0.409227	0.000012	0.000010	0.000010	0.000010	0.590731	LD_0.9_6_1853
NIC1292	0.438145	0.000010	0.000010	0.000010	0.000010	0.561815	LD_0.9_6_1853
NIC1302	0.571430	0.000010	0.000012	0.000010	0.000010	0.428528	LD_0.9_6_1853
NIC1304	0.414980	0.000010	0.000010	0.000010	0.000010	0.584980	LD_0.9_6_1853
NIC1308	0.999950	0.000010	0.000010	0.000010	0.000010	0.000010	LD_0.9_6_1853
NIC1407	0.385896	0.000010	0.000010	0.000010	0.000010	0.614064	LD_0.9_6_1853
NIC1421	0.639725	0.000010	0.000010	0.000010	0.000010	0.360235	LD_0.9_6_1853
NIC1423	0.317119	0.000010	0.000010	0.000010	0.000010	0.682841	LD_0.9_6_1853
NIC1442	0.484758	0.000010	0.000010	0.000010	0.000010	0.515202	LD_0.9_6_1853
NIC1491	0.484672	0.000010	0.000010	0.000010	0.000010	0.515288	LD_0.9_6_1853
NIC1525	0.999949	0.000011	0.000010	0.000010	0.000010	0.000010	LD_0.9_6_1853
NIC1528	0.999950	0.000010	0.000010	0.000010	0.000010	0.000010	LD_0.9_6_1853
NIC1529	0.999950	0.000010	0.000010	0.000010	0.000010	0.000010	LD_0.9_6_1853
NIC1533	0.999950	0.000010	0.000010	0.000010	0.000010	0.000010	LD_0.9_6_1853
NIC1535	0.999950	0.000010	0.000010	0.000010	0.000010	0.000010	LD_0.9_6_1853
NIC1539	0.000010	0.000010	0.000010	0.000010	0.999950	0.000010	LD_0.9_6_1853
NIC1540	0.000010	0.000010	0.999950	0.000010	0.000010	0.000010	LD_0.9_6_1853
NIC1562	0.000010	0.000010	0.000020	0.000010	0.999940	0.000010	LD_0.9_6_1853
NIC1589	0.000011	0.000010	0.999949	0.000010	0.000010	0.000010	LD_0.9_6_1853
NIC1590	0.000010	0.000010	0.000010	0.000010	0.999950	0.000010	LD_0.9_6_1853
NIC1591	0.000010	0.000010	0.999950	0.000010	0.000010	0.000010	LD_0.9_6_1853
NIC1593	0.000010	0.000010	0.999950	0.000010	0.000010	0.000010	LD_0.9_6_1853
NIC1595	0.000010	0.000010	0.000010	0.000010	0.999950	0.000010	LD_0.9_6_1853
NIC1598	0.026661	0.000010	0.000012	0.000010	0.973297	0.000010	LD_0.9_6_1853
NIC1602	0.000014	0.000010	0.000010	0.000010	0.999946	0.000010	LD_0.9_6_1853
NIC1607	0.000010	0.999950	0.000010	0.000010	0.000010	0.000010	LD_0.9_6_1853
NIC1628	0.999950	0.000010	0.000010	0.000010	0.000010	0.000010	LD_0.9_6_1853
NIC1630	0.000010	0.000010	0.000010	0.000010	0.999950	0.000010	LD_0.9_6_1853
NIC1631	0.000010	0.000010	0.000010	0.000010	0.999950	0.000010	LD_0.9_6_1853
NIC1632	0.000014	0.000010	0.000010	0.000010	0.999946	0.000010	LD_0.9_6_1853
NIC1633	0.000010	0.000010	0.000010	0.000015	0.999945	0.000010	LD_0.9_6_1853
NIC1635	0.000017	0.000010	0.000010	0.000010	0.999942	0.000010	LD_0.9_6_1853
NIC1645	0.000010	0.000010	0.000017	0.000010	0.999943	0.000010	LD_0.9_6_1853
NIC1660	0.000010	0.000010	0.000010	0.000010	0.999950	0.000010	LD_0.9_6_1853
NIC1661	0.000010	0.000010	0.000010	0.000010	0.999950	0.000010	LD_0.9_6_1853
NIC1662	0.000010	0.000010	0.000010	0.000010	0.999950	0.000010	LD_0.9_6_1853
NIC1663	0.000010	0.000010	0.000010	0.000010	0.999950	0.000010	LD_0.9_6_1853
NIC1664	0.000010	0.000010	0.999950	0.000010	0.000010	0.000010	LD_0.9_6_1853
NIC1665	0.000010	0.000010	0.999950	0.000010	0.000010	0.000010	LD_0.9_6_1853
NIC1666	0.000010	0.000010	0.000010	0.000010	0.999950	0.000010	LD_0.9_6_1853
NIC1667	0.000010	0.000010	0.000013	0.000010	0.999947	0.000010	LD_0.9_6_1853
NIC1681	0.000010	0.000010	0.000010	0.000010	0.999950	0.000010	LD_0.9_6_1853
NIC1688	0.999950	0.000010	0.000010	0.000010	0.000010	0.000010	LD_0.9_6_1853
NIC1692	0.019406	0.000010	0.000010	0.000010	0.980554	0.000010	LD_0.9_6_1853
NIC1693	0.000019	0.000012	0.000010	0.000010	0.999939	0.000010	LD_0.9_6_1853
NIC17	0.999950	0.000010	0.000010	0.000010	0.000010	0.000010	LD_0.9_6_1853
NIC174	0.000010	0.000010	0.000010	0.000010	0.999950	0.000010	LD_0.9_6_1853
NIC187	0.999950	0.000010	0.000010	0.000010	0.000010	0.000010	LD_0.9_6_1853
NIC188	0.993782	0.000010	0.000010	0.000010	0.000010	0.006178	LD_0.9_6_1853
NIC19	0.000010	0.000010	0.999950	0.000010	0.000010	0.000010	LD_0.9_6_1853
NIC191	0.999950	0.000010	0.000010	0.000010	0.000010	0.000010	LD_0.9_6_1853
NIC20	0.000010	0.000011	0.999949	0.000010	0.000010	0.000010	LD_0.9_6_1853
NIC21	0.000013	0.000010	0.999947	0.000010	0.000010	0.000010	LD_0.9_6_1853
NIC22	0.000010	0.000010	0.999950	0.000010	0.000010	0.000010	LD_0.9_6_1853
NIC2369	0.999950	0.000010	0.000010	0.000010	0.000010	0.000010	LD_0.9_6_1853
NIC248	0.999950	0.000010	0.000010	0.000010	0.000010	0.000010	LD_0.9_6_1853
NIC250	0.999950	0.000010	0.000010	0.000010	0.000010	0.000010	LD_0.9_6_1853
NIC2527	0.999942	0.000010	0.000010	0.000010	0.000018	0.000010	LD_0.9_6_1853
NIC309	0.586491	0.000010	0.000010	0.000010	0.000010	0.413469	LD_0.9_6_1853
NIC325	0.576201	0.000010	0.000010	0.000010	0.000010	0.423759	LD_0.9_6_1853
NIC327	0.333907	0.000010	0.000010	0.000010	0.000010	0.666053	LD_0.9_6_1853
NIC329	0.485075	0.000010	0.000010	0.000010	0.000010	0.514885	LD_0.9_6_1853
NIC330	0.495581	0.000013	0.000010	0.000010	0.000010	0.504376	LD_0.9_6_1853
NIC331	0.533074	0.000010	0.000010	0.000010	0.000010	0.466886	LD_0.9_6_1853
NIC332	0.423910	0.000010	0.000010	0.000010	0.000010	0.576050	LD_0.9_6_1853
NIC333	0.461276	0.000010	0.000010	0.000010	0.000010	0.538684	LD_0.9_6_1853
NIC343	0.999950	0.000010	0.000010	0.000010	0.000010	0.000010	LD_0.9_6_1853
NIC392	0.828819	0.000019	0.000010	0.000010	0.000010	0.171131	LD_0.9_6_1853
NIC400	0.425317	0.000010	0.000010	0.000010	0.000010	0.574643	LD_0.9_6_1853
NIC402	0.438711	0.000010	0.000010	0.000010	0.000010	0.561249	LD_0.9_6_1853
NIC419	0.999950	0.000010	0.000010	0.000010	0.000010	0.000010	LD_0.9_6_1853
NIC504	0.000010	0.000010	0.000010	0.000010	0.999950	0.000010	LD_0.9_6_1853
NIC505	0.000010	0.000010	0.000010	0.000010	0.999950	0.000010	LD_0.9_6_1853
NIC518	0.000010	0.000010	0.000010	0.000010	0.999950	0.000010	LD_0.9_6_1853
NIC519	0.000010	0.000010	0.000010	0.000010	0.999950	0.000010	LD_0.9_6_1853
NIC532	0.999949	0.000010	0.000011	0.000010	0.000010	0.000010	LD_0.9_6_1853
NIC541	0.420804	0.070477	0.000013	0.000010	0.000010	0.508685	LD_0.9_6_1853
NIC549	0.999950	0.000010	0.000010	0.000010	0.000010	0.000010	LD_0.9_6_1853
NIC552	0.952257	0.000010	0.000010	0.000010	0.000010	0.047703	LD_0.9_6_1853
NIC555	0.794731	0.000010	0.000010	0.000010	0.000010	0.205229	LD_0.9_6_1853
NIC574	0.989635	0.000010	0.000017	0.000010	0.000010	0.010319	LD_0.9_6_1853
NIC578	0.999950	0.000010	0.000010	0.000010	0.000010	0.000010	LD_0.9_6_1853
NIC583	0.863976	0.000010	0.000010	0.000013	0.000010	0.135981	LD_0.9_6_1853
NIC590	0.805342	0.047443	0.000018	0.000010	0.000010	0.147177	LD_0.9_6_1853
NIC593	0.999950	0.000010	0.000010	0.000010	0.000010	0.000010	LD_0.9_6_1853
NIC60	0.674632	0.000010	0.000010	0.000010	0.000010	0.325328	LD_0.9_6_1853
NIC61	0.977156	0.000010	0.000010	0.000010	0.000010	0.022804	LD_0.9_6_1853
NIC62	0.889411	0.000010	0.000010	0.000010	0.000010	0.110549	LD_0.9_6_1853
NIC67	0.999950	0.000010	0.000010	0.000010	0.000010	0.000010	LD_0.9_6_1853
NIC758	0.847249	0.048703	0.000019	0.000010	0.000010	0.104009	LD_0.9_6_1853
NIC777	0.674422	0.000010	0.000010	0.000010	0.000010	0.325538	LD_0.9_6_1853
NIC779	0.000010	0.000010	0.000010	0.000010	0.999950	0.000010	LD_0.9_6_1853
NIC790	0.999950	0.000010	0.000010	0.000010	0.000010	0.000010	LD_0.9_6_1853
NIC791	0.182041	0.335556	0.000010	0.000010	0.000010	0.482373	LD_0.9_6_1853
NIC792	0.806966	0.104489	0.000010	0.000010	0.000010	0.088514	LD_0.9_6_1853
NIC793	0.999944	0.000016	0.000010	0.000010	0.000010	0.000010	LD_0.9_6_1853
NIC795	0.999950	0.000010	0.000010	0.000010	0.000010	0.000010	LD_0.9_6_1853
NIC796	0.992380	0.000010	0.007580	0.000010	0.000010	0.000010	LD_0.9_6_1853
NIC802	0.999950	0.000010	0.000010	0.000010	0.000010	0.000010	LD_0.9_6_1853
NIC803	0.999950	0.000010	0.000010	0.000010	0.000010	0.000010	LD_0.9_6_1853
NIC805	0.000010	0.000010	0.000010	0.000010	0.999950	0.000010	LD_0.9_6_1853
NIC811	0.999950	0.000010	0.000010	0.000010	0.000010	0.000010	LD_0.9_6_1853
NIC814	0.000010	0.000010	0.000010	0.000010	0.999950	0.000010	LD_0.9_6_1853
NIC815	0.000010	0.000011	0.000010	0.000010	0.999949	0.000010	LD_0.9_6_1853
NIC816	0.000010	0.000010	0.999950	0.000010	0.000010	0.000010	LD_0.9_6_1853
NIC819	0.000010	0.999950	0.000010	0.000010	0.000010	0.000010	LD_0.9_6_1853
NIC821	0.993857	0.000010	0.000010	0.000010	0.000010	0.006103	LD_0.9_6_1853
NIC822	0.000010	0.000010	0.000010	0.000010	0.999950	0.000010	LD_0.9_6_1853
NIC824	0.000010	0.000019	0.000010	0.000010	0.999941	0.000010	LD_0.9_6_1853
NIC825	0.000010	0.000010	0.999950	0.000010	0.000010	0.000010	LD_0.9_6_1853
NIC827	0.000010	0.000010	0.999950	0.000010	0.000010	0.000010	LD_0.9_6_1853
NIC828	0.000010	0.000010	0.999950	0.000010	0.000010	0.000010	LD_0.9_6_1853
NIC863	0.000010	0.000014	0.000010	0.000010	0.999946	0.000010	LD_0.9_6_1853
NIC864	0.000019	0.000010	0.000010	0.000010	0.999941	0.000010	LD_0.9_6_1853
NIC865	0.000015	0.000010	0.000010	0.000010	0.999945	0.000010	LD_0.9_6_1853
NIC871	0.999950	0.000010	0.000010	0.000010	0.000010	0.000010	LD_0.9_6_1853
NIC883	0.999950	0.000010	0.000010	0.000010	0.000010	0.000010	LD_0.9_6_1853
NIC889	0.000010	0.000010	0.000010	0.000010	0.999950	0.000010	LD_0.9_6_1853
NIC893	0.000010	0.964725	0.000010	0.000010	0.035235	0.000010	LD_0.9_6_1853
NIC897	0.000014	0.000010	0.000010	0.000010	0.999946	0.000010	LD_0.9_6_1853
NIC899	0.000010	0.000010	0.000010	0.000010	0.999950	0.000010	LD_0.9_6_1853
NIC901	0.999950	0.000010	0.000010	0.000010	0.000010	0.000010	LD_0.9_6_1853
NIC911	0.999950	0.000010	0.000010	0.000010	0.000010	0.000010	LD_0.9_6_1853
NIC96	0.484736	0.000010	0.000010	0.000010	0.000010	0.515224	LD_0.9_6_1853
NIC984	0.999950	0.000010	0.000010	0.000010	0.000010	0.000010	LD_0.9_6_1853
NIC985	0.999950	0.000010	0.000010	0.000010	0.000010	0.000010	LD_0.9_6_1853
PB800	0.000010	0.000010	0.000010	0.000010	0.999950	0.000010	LD_0.9_6_1853
PB857	0.000010	0.000010	0.000011	0.000010	0.999949	0.000010	LD_0.9_6_1853
PE887	0.999950	0.000010	0.000010	0.000010	0.000010	0.000010	LD_0.9_6_1853
QG1005	0.000010	0.000010	0.000010	0.000010	0.000010	0.999950	LD_0.9_6_1853
QG1007	0.000010	0.000010	0.000010	0.000010	0.000010	0.999950	LD_0.9_6_1853
QG1111	0.000010	0.000010	0.000010	0.000010	0.000010	0.999950	LD_0.9_6_1853
QG1126	0.000010	0.000010	0.000010	0.000010	0.000010	0.999950	LD_0.9_6_1853
QG1141	0.000010	0.000010	0.000010	0.000010	0.000010	0.999950	LD_0.9_6_1853
QG1155	0.000010	0.000010	0.000010	0.000010	0.000010	0.999950	LD_0.9_6_1853
QG130	0.999950	0.000010	0.000010	0.000010	0.000010	0.000010	LD_0.9_6_1853
QG132	0.999950	0.000010	0.000010	0.000010	0.000010	0.000010	LD_0.9_6_1853
QG133	0.038728	0.000010	0.000014	0.000010	0.961228	0.000010	LD_0.9_6_1853
QG2641	0.000010	0.000018	0.000010	0.000010	0.000010	0.999942	LD_0.9_6_1853
QG2648	0.000010	0.000010	0.000010	0.000010	0.000010	0.999950	LD_0.9_6_1853
QG2659	0.000010	0.000010	0.000010	0.000010	0.000010	0.999950	LD_0.9_6_1853
QG2663	0.000010	0.000010	0.000010	0.000010	0.000010	0.999950	LD_0.9_6_1853
QG2665	0.000010	0.000010	0.000012	0.000010	0.000010	0.999948	LD_0.9_6_1853
QG2683	0.000010	0.000010	0.000010	0.000010	0.000010	0.999950	LD_0.9_6_1853
QG2736	0.000010	0.000010	0.000010	0.000010	0.000010	0.999950	LD_0.9_6_1853
QG2814	0.999945	0.000015	0.000010	0.000010	0.000010	0.000010	LD_0.9_6_1853
QG2820	0.999950	0.000010	0.000010	0.000010	0.000010	0.000010	LD_0.9_6_1853
QG2848	0.999950	0.000010	0.000010	0.000010	0.000010	0.000010	LD_0.9_6_1853
QG2880	0.036080	0.434356	0.000017	0.000010	0.000010	0.529527	LD_0.9_6_1853
QG2881	0.999943	0.000010	0.000017	0.000010	0.000010	0.000010	LD_0.9_6_1853
QG2883	0.999950	0.000010	0.000010	0.000010	0.000010	0.000010	LD_0.9_6_1853
QG2884	0.000016	0.437686	0.000016	0.000010	0.000010	0.562262	LD_0.9_6_1853
QG2891	0.000010	0.000010	0.000010	0.999950	0.000010	0.000010	LD_0.9_6_1853
QG2892	0.025878	0.445567	0.000016	0.000010	0.000010	0.528518	LD_0.9_6_1853
QG2893	0.000010	0.000012	0.000010	0.999946	0.000012	0.000010	LD_0.9_6_1853
QG2895	0.000010	0.405240	0.000010	0.000010	0.000010	0.594720	LD_0.9_6_1853
QG2902	0.019419	0.403095	0.000010	0.000010	0.000010	0.577456	LD_0.9_6_1853
QG2903	0.015788	0.447621	0.000010	0.000010	0.000010	0.536562	LD_0.9_6_1853
QG2906	0.014182	0.386192	0.000016	0.000010	0.000010	0.599591	LD_0.9_6_1853
QG2908	0.000010	0.000010	0.000010	0.999946	0.000014	0.000010	LD_0.9_6_1853
QG2910	0.999950	0.000010	0.000010	0.000010	0.000010	0.000010	LD_0.9_6_1853
QG2919	0.000014	0.000010	0.000010	0.999946	0.000010	0.000010	LD_0.9_6_1853
QG2923	0.048626	0.426121	0.000010	0.000010	0.000010	0.525223	LD_0.9_6_1853
QG2925	0.005527	0.441269	0.000010	0.000010	0.000010	0.553174	LD_0.9_6_1853
QG2964	0.000010	0.000010	0.000010	0.000010	0.000010	0.999950	LD_0.9_6_1853
QG2966	0.340875	0.000013	0.000010	0.000010	0.000010	0.659081	LD_0.9_6_1853
QG2969	0.000010	0.000010	0.000010	0.000010	0.000010	0.999950	LD_0.9_6_1853
QG2972	0.000011	0.000010	0.000010	0.000010	0.000010	0.999949	LD_0.9_6_1853
QG2996	0.000010	0.000010	0.000010	0.000010	0.000010	0.999950	LD_0.9_6_1853
QG3004	0.148233	0.000010	0.000010	0.000010	0.000010	0.851727	LD_0.9_6_1853
QG3006	0.000010	0.000010	0.000010	0.000010	0.000010	0.999950	LD_0.9_6_1853
QG3019	0.033007	0.000010	0.000010	0.000010	0.000010	0.966953	LD_0.9_6_1853
QG3025	0.000010	0.000010	0.000010	0.000010	0.000010	0.999950	LD_0.9_6_1853
QG3030	0.000010	0.000016	0.000010	0.000010	0.000010	0.999944	LD_0.9_6_1853
QG3032	0.149988	0.000018	0.000010	0.000010	0.000010	0.849965	LD_0.9_6_1853
QG3034	0.000010	0.000017	0.000010	0.000010	0.000010	0.999943	LD_0.9_6_1853
QG3041	0.000011	0.000010	0.000010	0.000010	0.000010	0.999949	LD_0.9_6_1853
QG3053	0.999949	0.000010	0.000011	0.000010	0.000010	0.000010	LD_0.9_6_1853
QG3056	0.345385	0.000010	0.000010	0.000010	0.000010	0.654575	LD_0.9_6_1853
QG3057	0.000010	0.000010	0.000010	0.000010	0.000010	0.999950	LD_0.9_6_1853
QG3058	0.001133	0.000010	0.000010	0.000010	0.000010	0.998827	LD_0.9_6_1853
QG3527	0.825446	0.000010	0.000010	0.000010	0.000010	0.174514	LD_0.9_6_1853
QG3661	0.000010	0.000010	0.035456	0.000010	0.964504	0.000010	LD_0.9_6_1853
QG3783	0.868871	0.000010	0.000010	0.000010	0.000010	0.131089	LD_0.9_6_1853
QG3801	0.039838	0.000010	0.000010	0.000010	0.000010	0.960122	LD_0.9_6_1853
QG3815	0.856442	0.000010	0.000010	0.000010	0.000010	0.143518	LD_0.9_6_1853
QG3816	0.890840	0.000010	0.000010	0.000010	0.000010	0.109120	LD_0.9_6_1853
QG3823	0.047094	0.000012	0.000010	0.000010	0.000010	0.952864	LD_0.9_6_1853
QG3825	0.958848	0.000010	0.000010	0.000010	0.000010	0.041112	LD_0.9_6_1853
QG3826	0.862689	0.000010	0.000010	0.000010	0.000010	0.137271	LD_0.9_6_1853
QG3837	0.971211	0.000010	0.000010	0.000010	0.000010	0.028749	LD_0.9_6_1853
QG3851	0.852166	0.000011	0.000010	0.000010	0.000010	0.147793	LD_0.9_6_1853
QG3861	0.875636	0.000010	0.000010	0.000010	0.000010	0.124324	LD_0.9_6_1853
QG3867	0.068687	0.000010	0.000010	0.000010	0.000010	0.931273	LD_0.9_6_1853
QG3874	0.954231	0.000010	0.000015	0.000010	0.000010	0.045725	LD_0.9_6_1853
QG3875	0.887539	0.000010	0.000010	0.000010	0.000010	0.112421	LD_0.9_6_1853
QG3876	0.855976	0.000011	0.000010	0.000010	0.000010	0.143983	LD_0.9_6_1853
QG3878	0.880932	0.000010	0.000010	0.000010	0.000010	0.119028	LD_0.9_6_1853
QG3920	0.811283	0.000010	0.000010	0.000010	0.000010	0.188677	LD_0.9_6_1853
QG3921	0.826650	0.000010	0.000010	0.000010	0.000010	0.173310	LD_0.9_6_1853
QG3923	0.931082	0.000010	0.000010	0.000010	0.000010	0.068878	LD_0.9_6_1853
QG3924	0.643521	0.000010	0.000013	0.000010	0.000010	0.356436	LD_0.9_6_1853
QG3925	0.830853	0.000010	0.000010	0.000010	0.000010	0.169107	LD_0.9_6_1853
QG3926	0.868917	0.000010	0.000013	0.000010	0.000010	0.131040	LD_0.9_6_1853
QG3927	0.860887	0.000010	0.000010	0.000010	0.000010	0.139073	LD_0.9_6_1853
QG3931	0.640998	0.000012	0.000018	0.000010	0.000010	0.358952	LD_0.9_6_1853
QG3932	0.823033	0.000010	0.000010	0.000010	0.000010	0.176927	LD_0.9_6_1853
QG3933	0.999950	0.000010	0.000010	0.000010	0.000010	0.000010	LD_0.9_6_1853
QG4026	0.000010	0.000010	0.000010	0.999950	0.000010	0.000010	LD_0.9_6_1853
QG4028	0.000010	0.000010	0.000010	0.999950	0.000010	0.000010	LD_0.9_6_1853
QG4031	0.000010	0.000010	0.000010	0.999950	0.000010	0.000010	LD_0.9_6_1853
QG4063	0.000010	0.000011	0.000010	0.999949	0.000010	0.000010	LD_0.9_6_1853
QG4064	0.000010	0.000010	0.000010	0.999950	0.000010	0.000010	LD_0.9_6_1853
QG4067	0.000010	0.000010	0.000010	0.999950	0.000010	0.000010	LD_0.9_6_1853
QG4068	0.000010	0.000010	0.000010	0.999950	0.000010	0.000010	LD_0.9_6_1853
QG4070	0.999950	0.000010	0.000010	0.000010	0.000010	0.000010	LD_0.9_6_1853
QG4093	0.000010	0.000010	0.000010	0.999950	0.000010	0.000010	LD_0.9_6_1853
QG4094	0.000011	0.000013	0.000010	0.999947	0.000010	0.000010	LD_0.9_6_1853
QG4095	0.000010	0.000010	0.000010	0.999950	0.000010	0.000010	LD_0.9_6_1853
QG4096	0.000010	0.000010	0.000010	0.999950	0.000010	0.000010	LD_0.9_6_1853
QG4097	0.000010	0.000010	0.000010	0.999950	0.000010	0.000010	LD_0.9_6_1853
QG4104	0.000010	0.000010	0.000010	0.999950	0.000010	0.000010	LD_0.9_6_1853
QG4114	0.000010	0.000010	0.000010	0.999950	0.000010	0.000010	LD_0.9_6_1853
QG4131	0.000010	0.000010	0.000010	0.999950	0.000010	0.000010	LD_0.9_6_1853
QG4132	0.000010	0.000010	0.000010	0.999950	0.000010	0.000010	LD_0.9_6_1853
QG4208	0.000010	0.000010	0.000010	0.999950	0.000010	0.000010	LD_0.9_6_1853
QG4214	0.000010	0.000010	0.000010	0.999950	0.000010	0.000010	LD_0.9_6_1853
QG4225	0.000018	0.000010	0.000010	0.999937	0.000015	0.000010	LD_0.9_6_1853
QG4232	0.000010	0.000011	0.000010	0.999946	0.000013	0.000010	LD_0.9_6_1853
QG4233	0.000014	0.000010	0.000011	0.999945	0.000010	0.000010	LD_0.9_6_1853
QG4647	0.129238	0.372070	0.000010	0.000010	0.000010	0.498662	LD_0.9_6_1853
QG4648	0.999950	0.000010	0.000010	0.000010	0.000010	0.000010	LD_0.9_6_1853
QG4683	0.999950	0.000010	0.000010	0.000010	0.000010	0.000010	LD_0.9_6_1853
QG4701	0.571318	0.203683	0.000010	0.000010	0.000010	0.224968	LD_0.9_6_1853
QG4706	0.999950	0.000010	0.000010	0.000010	0.000010	0.000010	LD_0.9_6_1853
QG4718	0.999950	0.000010	0.000010	0.000010	0.000010	0.000010	LD_0.9_6_1853
QG4742	0.999943	0.000010	0.000017	0.000010	0.000010	0.000010	LD_0.9_6_1853
QG4805	0.122862	0.388733	0.000010	0.000010	0.000010	0.488375	LD_0.9_6_1853
QG4847	0.999950	0.000010	0.000010	0.000010	0.000010	0.000010	LD_0.9_6_1853
QG4966	0.999949	0.000011	0.000010	0.000010	0.000010	0.000010	LD_0.9_6_1853
QG5348	0.999950	0.000010	0.000010	0.000010	0.000010	0.000010	LD_0.9_6_1853
QG5406	0.999950	0.000010	0.000010	0.000010	0.000010	0.000010	LD_0.9_6_1853
QG547	0.000010	0.000010	0.000010	0.000010	0.999950	0.000010	LD_0.9_6_1853
QG5474	0.588630	0.286307	0.000010	0.000010	0.000010	0.125033	LD_0.9_6_1853
QG5488	0.999950	0.000010	0.000010	0.000010	0.000010	0.000010	LD_0.9_6_1853
QG550	0.835038	0.164911	0.000014	0.000010	0.000017	0.000010	LD_0.9_6_1853
QG5507	0.876275	0.049399	0.000010	0.000010	0.000010	0.074295	LD_0.9_6_1853
QG5525	0.999950	0.000010	0.000010	0.000010	0.000010	0.000010	LD_0.9_6_1853
QG5589	0.340549	0.296877	0.000010	0.000010	0.000010	0.362544	LD_0.9_6_1853
QG5603	0.535892	0.270402	0.000010	0.000010	0.000010	0.193676	LD_0.9_6_1853
QG5611	0.999950	0.000010	0.000010	0.000010	0.000010	0.000010	LD_0.9_6_1853
QG5612	0.982008	0.000010	0.000010	0.000010	0.000010	0.017952	LD_0.9_6_1853
QG5633	0.999950	0.000010	0.000010	0.000010	0.000010	0.000010	LD_0.9_6_1853
QG581	0.000012	0.000010	0.000010	0.000010	0.999948	0.000010	LD_0.9_6_1853
QG588	0.000017	0.000010	0.000011	0.000010	0.999942	0.000010	LD_0.9_6_1853
QG700	0.107954	0.000013	0.000010	0.000010	0.000010	0.892003	LD_0.9_6_1853
QG727	0.000010	0.000010	0.000010	0.000010	0.000010	0.999950	LD_0.9_6_1853
QG733	0.000010	0.000010	0.000010	0.000010	0.000010	0.999950	LD_0.9_6_1853
QG736	0.000010	0.000010	0.000010	0.000010	0.000010	0.999950	LD_0.9_6_1853
QG737	0.000010	0.000010	0.000010	0.000010	0.000010	0.999950	LD_0.9_6_1853
QG739	0.000010	0.000010	0.000010	0.000010	0.000010	0.999950	LD_0.9_6_1853
QG761	0.177329	0.000010	0.000010	0.000010	0.000010	0.822631	LD_0.9_6_1853
QG763	0.000010	0.000010	0.000010	0.000010	0.000010	0.999950	LD_0.9_6_1853
QG776	0.000010	0.000010	0.000010	0.000010	0.000010	0.999950	LD_0.9_6_1853
QG781	0.000010	0.000010	0.000010	0.000010	0.000010	0.999950	LD_0.9_6_1853
QG784	0.000010	0.000014	0.000010	0.000010	0.000010	0.999946	LD_0.9_6_1853
QG786	0.000010	0.000013	0.000013	0.000010	0.000010	0.999944	LD_0.9_6_1853
QG788	0.000010	0.000010	0.000010	0.000010	0.000010	0.999950	LD_0.9_6_1853
QG790	0.000010	0.000019	0.000010	0.000010	0.000010	0.999941	LD_0.9_6_1853
QG791	0.024416	0.000013	0.000019	0.000010	0.000010	0.975532	LD_0.9_6_1853
QG795	0.219469	0.000010	0.000010	0.000010	0.000010	0.780491	LD_0.9_6_1853
QG797	0.000010	0.000010	0.000010	0.000010	0.000010	0.999950	LD_0.9_6_1853
QG802	0.000010	0.000010	0.000010	0.000010	0.000010	0.999950	LD_0.9_6_1853
QG804	0.000010	0.000010	0.000010	0.000010	0.000010	0.999950	LD_0.9_6_1853
QG806	0.000010	0.000010	0.000010	0.000010	0.000010	0.999950	LD_0.9_6_1853
QG807	0.000010	0.000010	0.000010	0.000011	0.000010	0.999949	LD_0.9_6_1853
QG808	0.006889	0.000010	0.000010	0.000010	0.000010	0.993071	LD_0.9_6_1853
QG809	0.000015	0.000010	0.000010	0.000010	0.000010	0.999945	LD_0.9_6_1853
QG825	0.000010	0.000010	0.000010	0.000010	0.000010	0.999950	LD_0.9_6_1853
QG827	0.000010	0.000010	0.000010	0.000010	0.000010	0.999950	LD_0.9_6_1853
QG828	0.000016	0.000010	0.000010	0.000010	0.000010	0.999944	LD_0.9_6_1853
QG833	0.022076	0.000010	0.000010	0.000010	0.000010	0.977884	LD_0.9_6_1853
QG855	0.000010	0.000010	0.000010	0.000010	0.000010	0.999950	LD_0.9_6_1853
QG856	0.000010	0.000010	0.000010	0.000010	0.000010	0.999950	LD_0.9_6_1853
QG858	0.000010	0.000010	0.000010	0.000010	0.000010	0.999950	LD_0.9_6_1853
QG860	0.153627	0.000010	0.000010	0.000010	0.000010	0.846333	LD_0.9_6_1853
QG864	0.000010	0.000010	0.000010	0.000010	0.000010	0.999950	LD_0.9_6_1853
QG865	0.000010	0.000010	0.000010	0.000010	0.000010	0.999950	LD_0.9_6_1853
QG866	0.000010	0.000010	0.000010	0.000010	0.000010	0.999950	LD_0.9_6_1853
QG868	0.000010	0.000010	0.000010	0.000010	0.000010	0.999950	LD_0.9_6_1853
QG874	0.000010	0.000010	0.000010	0.000010	0.000010	0.999950	LD_0.9_6_1853
QG875	0.000013	0.000012	0.000010	0.000010	0.000010	0.999945	LD_0.9_6_1853
QG878	0.000010	0.000010	0.000010	0.000010	0.000010	0.999950	LD_0.9_6_1853
QG879	0.000010	0.000010	0.000010	0.000010	0.000010	0.999950	LD_0.9_6_1853
QG880	0.000010	0.000010	0.000010	0.000010	0.000010	0.999950	LD_0.9_6_1853
QG881	0.182806	0.000010	0.000010	0.000010	0.000010	0.817154	LD_0.9_6_1853
QG887	0.000010	0.000010	0.000010	0.000010	0.000010	0.999950	LD_0.9_6_1853
QG888	0.000014	0.000011	0.000010	0.000010	0.000010	0.999944	LD_0.9_6_1853
QG926	0.000010	0.000010	0.000010	0.000010	0.000010	0.999950	LD_0.9_6_1853
QG927	0.934699	0.000010	0.000010	0.000010	0.000010	0.065261	LD_0.9_6_1853
QG933	0.000010	0.000010	0.000010	0.000010	0.000010	0.999950	LD_0.9_6_1853
QG937	0.000010	0.000010	0.000010	0.000010	0.000010	0.999950	LD_0.9_6_1853
QG945	0.000010	0.000010	0.000010	0.000010	0.000010	0.999950	LD_0.9_6_1853
QG946	0.000010	0.000010	0.000010	0.000019	0.000010	0.999941	LD_0.9_6_1853
QG947	0.000010	0.000010	0.000010	0.000010	0.000010	0.999950	LD_0.9_6_1853
QG948	0.000010	0.000010	0.000010	0.000010	0.000010	0.999950	LD_0.9_6_1853
QG952	0.075428	0.000016	0.000010	0.000010	0.000010	0.924525	LD_0.9_6_1853
QG978	0.098942	0.000010	0.000010	0.000010	0.000010	0.901018	LD_0.9_6_1853
QG980	0.000010	0.000010	0.000010	0.000010	0.000010	0.999950	LD_0.9_6_1853
QG986	0.000010	0.000010	0.000010	0.000010	0.000010	0.999950	LD_0.9_6_1853
QG991	0.000010	0.000010	0.000010	0.000010	0.000010	0.999950	LD_0.9_6_1853
QG994	0.000013	0.000010	0.000010	0.000010	0.000010	0.999947	LD_0.9_6_1853
QG995	0.000010	0.000010	0.000010	0.000010	0.000010	0.999950	LD_0.9_6_1853
QG997	0.000010	0.000010	0.000010	0.000010	0.000010	0.999950	LD_0.9_6_1853
QG998	0.000010	0.000010	0.000010	0.000010	0.000010	0.999950	LD_0.9_6_1853
QR25	0.000010	0.606925	0.061455	0.034006	0.297594	0.000010	LD_0.9_6_1853
QX1410	0.999950	0.000010	0.000010	0.000010	0.000010	0.000010	LD_0.9_6_1853
QX1547	0.000010	0.000010	0.000010	0.000010	0.999950	0.000010	LD_0.9_6_1853
QX1795	0.999950	0.000010	0.000010	0.000010	0.000010	0.000010	LD_0.9_6_1853
QX1796	0.999946	0.000010	0.000014	0.000010	0.000010	0.000010	LD_0.9_6_1853
QX1798	0.000010	0.000010	0.000010	0.000010	0.999950	0.000010	LD_0.9_6_1853
QX1800	0.999950	0.000010	0.000010	0.000010	0.000010	0.000010	LD_0.9_6_1853
QX1801	0.999949	0.000010	0.000011	0.000010	0.000010	0.000010	LD_0.9_6_1853
QX1802	0.999950	0.000010	0.000010	0.000010	0.000010	0.000010	LD_0.9_6_1853
QX1803	0.999950	0.000010	0.000010	0.000010	0.000010	0.000010	LD_0.9_6_1853
QX1804	0.999950	0.000010	0.000010	0.000010	0.000010	0.000010	LD_0.9_6_1853
SOW18	0.000010	0.000010	0.000012	0.000010	0.999948	0.000010	LD_0.9_6_1853
SOW21	0.000010	0.000010	0.000011	0.000010	0.999949	0.000010	LD_0.9_6_1853
SOW22	0.000010	0.000010	0.000011	0.000015	0.999943	0.000010	LD_0.9_6_1853
TT3408	0.999949	0.000010	0.000011	0.000010	0.000010	0.000010	LD_0.9_6_1853
TT3411	0.999950	0.000010	0.000010	0.000010	0.000010	0.000010	LD_0.9_6_1853
TWN1772	0.000010	0.000016	0.000010	0.000010	0.999944	0.000010	LD_0.9_6_1853
TWN1824	0.000010	0.000010	0.999950	0.000010	0.000010	0.000010	LD_0.9_6_1853
TWN1899	0.000010	0.000010	0.999950	0.000010	0.000010	0.000010	LD_0.9_6_1853
TWN1907	0.000010	0.000010	0.000010	0.000010	0.999950	0.000010	LD_0.9_6_1853
TWN2919	0.000010	0.000010	0.000010	0.000010	0.999950	0.000010	LD_0.9_6_1853
TWN3077	0.000010	0.000010	0.000012	0.000010	0.999948	0.000010	LD_0.9_6_1853
UH1	0.000010	0.000010	0.000010	0.000010	0.999950	0.000010	LD_0.9_6_1853
VSL2201	0.845741	0.154219	0.000010	0.000010	0.000010	0.000010	LD_0.9_6_1853
VSL2207	0.000010	0.000010	0.000010	0.999950	0.000010	0.000010	LD_0.9_6_1853
VSL2209	0.000010	0.000010	0.000010	0.999950	0.000010	0.000010	LD_0.9_6_1853
VSL2210	0.999950	0.000010	0.000010	0.000010	0.000010	0.000010	LD_0.9_6_1853
VSL2212	0.999950	0.000010	0.000010	0.000010	0.000010	0.000010	LD_0.9_6_1853
VSL2213	0.704105	0.295855	0.000010	0.000010	0.000010	0.000010	LD_0.9_6_1853
VSL2215	0.767236	0.232724	0.000010	0.000010	0.000010	0.000010	LD_0.9_6_1853
VSL2216	0.722414	0.277546	0.000010	0.000010	0.000010	0.000010	LD_0.9_6_1853
VSL2217	0.106134	0.426317	0.000010	0.000010	0.000010	0.467519	LD_0.9_6_1853
VSL2219	0.999950	0.000010	0.000010	0.000010	0.000010	0.000010	LD_0.9_6_1853
VT847	0.999937	0.000018	0.000015	0.000010	0.000010	0.000010	LD_0.9_6_1853
VX34	0.000010	0.742336	0.068082	0.000010	0.189552	0.000010	LD_0.9_6_1853
XZ1204	0.999950	0.000010	0.000010	0.000010	0.000010	0.000010	LD_0.9_6_1853
XZ1205	0.999950	0.000010	0.000010	0.000010	0.000010	0.000010	LD_0.9_6_1853
XZ1206	0.999950	0.000010	0.000010	0.000010	0.000010	0.000010	LD_0.9_6_1853
XZ1207	0.999950	0.000010	0.000010	0.000010	0.000010	0.000010	LD_0.9_6_1853
XZ1210	0.999950	0.000010	0.000010	0.000010	0.000010	0.000010	LD_0.9_6_1853
XZ1212	0.994744	0.000010	0.000010	0.000010	0.000010	0.005216	LD_0.9_6_1853
XZ1213	0.999950	0.000010	0.000010	0.000010	0.000010	0.000010	LD_0.9_6_1853
XZ1731	0.999950	0.000010	0.000010	0.000010	0.000010	0.000010	LD_0.9_6_1853
XZ1732	0.999950	0.000010	0.000010	0.000010	0.000010	0.000010	LD_0.9_6_1853
ZZY0992	0.051140	0.416505	0.000010	0.000010	0.000010	0.532325	LD_0.9_6_1853
ZZY1034	0.999950	0.000010	0.000010	0.000010	0.000010	0.000010	LD_0.9_6_1853
ZZY1075	0.999950	0.000010	0.000010	0.000010	0.000010	0.000010	LD_0.9_6_1853
ZZY1123	0.103544	0.407976	0.000014	0.000010	0.000010	0.488446	LD_0.9_6_1853
ZZY1130	0.999950	0.000010	0.000010	0.000010	0.000010	0.000010	LD_0.9_6_1853
ZZY405	0.999950	0.000010	0.000010	0.000010	0.000010	0.000010	LD_0.9_6_1853
AF16	0.000010	0.000010	0.000010	0.000010	0.000010	0.999950	LD_0.9_6_1884
BRC20069	0.000010	0.000010	0.000010	0.000010	0.000010	0.999950	LD_0.9_6_1884
BRC20073	0.000010	0.000012	0.000010	0.000010	0.000010	0.999948	LD_0.9_6_1884
BRC20075	0.999950	0.000010	0.000010	0.000010	0.000010	0.000010	LD_0.9_6_1884
BRC20077	0.000010	0.000010	0.000010	0.000010	0.000010	0.999950	LD_0.9_6_1884
BRC20081	0.000010	0.000010	0.999950	0.000010	0.000010	0.000010	LD_0.9_6_1884
BRC20085	0.000011	0.000010	0.000010	0.000010	0.173357	0.826602	LD_0.9_6_1884
BRC20088	0.000010	0.000010	0.999950	0.000010	0.000010	0.000010	LD_0.9_6_1884
BRC20089	0.000010	0.000010	0.000011	0.000010	0.000010	0.999948	LD_0.9_6_1884
BRC20090	0.000010	0.000010	0.000017	0.000010	0.050641	0.949312	LD_0.9_6_1884
BRC20092	0.000010	0.000010	0.000010	0.000010	0.078775	0.921185	LD_0.9_6_1884
BRC20093	0.000010	0.000010	0.000010	0.000010	0.000010	0.999950	LD_0.9_6_1884
BRC20094	0.000010	0.000010	0.000018	0.000010	0.082143	0.917809	LD_0.9_6_1884
BRC20095	0.000010	0.000010	0.000010	0.000010	0.000010	0.999950	LD_0.9_6_1884
BRC20096	0.000010	0.000010	0.000010	0.000010	0.000010	0.999950	LD_0.9_6_1884
BRC20098	0.000010	0.000010	0.000010	0.000010	0.000010	0.999950	LD_0.9_6_1884
BRC20099	0.000010	0.000010	0.000010	0.000010	0.000010	0.999949	LD_0.9_6_1884
BRC20100	0.000010	0.000010	0.000010	0.000010	0.000010	0.999950	LD_0.9_6_1884
BRC20102	0.000010	0.000010	0.000010	0.000010	0.000010	0.999950	LD_0.9_6_1884
BRC20103	0.000010	0.000010	0.000010	0.000010	0.000010	0.999950	LD_0.9_6_1884
BRC20105	0.000010	0.000010	0.000011	0.000010	0.162833	0.837126	LD_0.9_6_1884
BRC20107	0.000011	0.000010	0.000011	0.000010	0.151642	0.848317	LD_0.9_6_1884
BRC20115	0.051702	0.567961	0.263632	0.000010	0.000010	0.116685	LD_0.9_6_1884
BRC20119	0.000010	0.000010	0.000010	0.000010	0.766363	0.233597	LD_0.9_6_1884
BRC20228	0.000010	0.000010	0.000010	0.000010	0.000010	0.999950	LD_0.9_6_1884
BRC20229	0.999950	0.000010	0.000010	0.000010	0.000010	0.000010	LD_0.9_6_1884
BRC20230	0.000010	0.000010	0.999950	0.000010	0.000010	0.000010	LD_0.9_6_1884
BRC20232	0.999947	0.000010	0.000013	0.000010	0.000010	0.000010	LD_0.9_6_1884
BRC20238	0.000010	0.000010	0.999950	0.000010	0.000010	0.000010	LD_0.9_6_1884
BRC20239	0.999950	0.000010	0.000010	0.000010	0.000010	0.000010	LD_0.9_6_1884
BRC20241	0.000010	0.000010	0.000010	0.000010	0.083316	0.916644	LD_0.9_6_1884
BRC20242	0.000010	0.000010	0.000010	0.000010	0.000010	0.999950	LD_0.9_6_1884
BRC20244	0.000010	0.000010	0.999950	0.000010	0.000010	0.000010	LD_0.9_6_1884
BRC20246	0.000010	0.000010	0.999950	0.000010	0.000010	0.000010	LD_0.9_6_1884
BRC20257	0.000010	0.000010	0.000010	0.000010	0.994637	0.005323	LD_0.9_6_1884
BRC20260	0.000010	0.000013	0.000010	0.000010	0.000010	0.999947	LD_0.9_6_1884
BRC20270	0.000010	0.000010	0.999950	0.000010	0.000010	0.000010	LD_0.9_6_1884
BRC20272	0.000010	0.000010	0.999950	0.000010	0.000010	0.000010	LD_0.9_6_1884
BRC20289	0.000010	0.000010	0.999950	0.000010	0.000010	0.000010	LD_0.9_6_1884
BRC20290	0.000010	0.000010	0.999950	0.000010	0.000010	0.000010	LD_0.9_6_1884
BRC20294	0.000010	0.000010	0.000010	0.000010	0.000010	0.999950	LD_0.9_6_1884
BRC20308	0.000010	0.000010	0.999950	0.000010	0.000010	0.000010	LD_0.9_6_1884
BRC20309	0.000010	0.000010	0.999950	0.000010	0.000010	0.000010	LD_0.9_6_1884
BRC20311	0.000010	0.000010	0.999950	0.000010	0.000010	0.000010	LD_0.9_6_1884
BRC20312	0.000010	0.000010	0.999950	0.000010	0.000010	0.000010	LD_0.9_6_1884
BRC20315	0.000010	0.000010	0.999950	0.000010	0.000010	0.000010	LD_0.9_6_1884
BRC20320	0.000010	0.000010	0.999950	0.000010	0.000010	0.000010	LD_0.9_6_1884
BRC20324	0.613314	0.000010	0.000010	0.000010	0.000010	0.386646	LD_0.9_6_1884
BRC20331	0.000010	0.000010	0.999950	0.000010	0.000010	0.000010	LD_0.9_6_1884
BRC20333	0.000010	0.000010	0.999950	0.000010	0.000010	0.000010	LD_0.9_6_1884
BRC20334	0.000010	0.000010	0.999950	0.000010	0.000010	0.000010	LD_0.9_6_1884
BRC20339	0.000010	0.000010	0.999950	0.000010	0.000010	0.000010	LD_0.9_6_1884
BRC20341	0.000010	0.000010	0.999950	0.000010	0.000010	0.000010	LD_0.9_6_1884
BRC20343	0.999950	0.000010	0.000010	0.000010	0.000010	0.000010	LD_0.9_6_1884
BRC20346	0.000010	0.000010	0.999950	0.000010	0.000010	0.000010	LD_0.9_6_1884
BRC20347	0.999946	0.000010	0.000014	0.000010	0.000010	0.000010	LD_0.9_6_1884
BRC20348	0.000010	0.000010	0.999950	0.000010	0.000010	0.000010	LD_0.9_6_1884
BRC20353	0.000010	0.116017	0.000010	0.000010	0.000010	0.883943	LD_0.9_6_1884
BRC20360	0.000010	0.120124	0.000010	0.000010	0.000010	0.879836	LD_0.9_6_1884
BRC20361	0.000010	0.121864	0.000010	0.000010	0.000010	0.878096	LD_0.9_6_1884
BRC20362	0.000010	0.109916	0.000019	0.000010	0.013648	0.876397	LD_0.9_6_1884
BRC20366	0.000010	0.000010	0.999950	0.000010	0.000010	0.000010	LD_0.9_6_1884
BRC20367	0.000010	0.000010	0.999950	0.000010	0.000010	0.000010	LD_0.9_6_1884
BRC20369	0.000010	0.000010	0.000010	0.000010	0.000010	0.999950	LD_0.9_6_1884
BRC20370	0.000010	0.000010	0.999950	0.000010	0.000010	0.000010	LD_0.9_6_1884
BRC20388	0.000010	0.999950	0.000010	0.000010	0.000010	0.000010	LD_0.9_6_1884
BRC20390	0.000010	0.000010	0.999950	0.000010	0.000010	0.000010	LD_0.9_6_1884
BRC20401	0.000010	0.000010	0.000010	0.000010	0.000010	0.999950	LD_0.9_6_1884
BRC20463	0.000010	0.000010	0.999950	0.000010	0.000010	0.000010	LD_0.9_6_1884
BRC20492	0.036947	0.568138	0.274411	0.000010	0.000010	0.120483	LD_0.9_6_1884
BRC20499	0.000011	0.000010	0.999949	0.000010	0.000010	0.000010	LD_0.9_6_1884
BRC20501	0.000010	0.000010	0.999950	0.000010	0.000010	0.000010	LD_0.9_6_1884
BRC20502	0.568885	0.132164	0.158503	0.000010	0.000010	0.140428	LD_0.9_6_1884
BRC20503	0.568029	0.132340	0.159465	0.000010	0.000010	0.140146	LD_0.9_6_1884
BRC20519	0.044003	0.567743	0.261576	0.000010	0.000010	0.126658	LD_0.9_6_1884
BRC20520	0.036301	0.568056	0.271952	0.000010	0.000010	0.123671	LD_0.9_6_1884
BRC20522	0.999950	0.000010	0.000010	0.000010	0.000010	0.000010	LD_0.9_6_1884
BRC20524	0.999950	0.000010	0.000010	0.000010	0.000010	0.000010	LD_0.9_6_1884
BRC20529	0.000010	0.000010	0.999950	0.000010	0.000010	0.000010	LD_0.9_6_1884
BRC20530	0.999950	0.000010	0.000010	0.000010	0.000010	0.000010	LD_0.9_6_1884
BRC20531	0.999950	0.000010	0.000010	0.000010	0.000010	0.000010	LD_0.9_6_1884
BRC20532	0.000010	0.000010	0.999950	0.000010	0.000010	0.000010	LD_0.9_6_1884
BRC20533	0.000010	0.000010	0.999950	0.000010	0.000010	0.000010	LD_0.9_6_1884
BRC20534	0.000010	0.000010	0.999950	0.000010	0.000010	0.000010	LD_0.9_6_1884
BRC20535	0.000010	0.000010	0.999950	0.000010	0.000010	0.000010	LD_0.9_6_1884
BRC20536	0.000010	0.000010	0.999950	0.000010	0.000010	0.000010	LD_0.9_6_1884
BRC20537	0.000010	0.000010	0.999950	0.000010	0.000010	0.000010	LD_0.9_6_1884
BRC20541	0.058759	0.558019	0.248873	0.000010	0.000010	0.134329	LD_0.9_6_1884
BRC20543	0.000010	0.000010	0.999950	0.000010	0.000010	0.000010	LD_0.9_6_1884
BRC20544	0.000010	0.000010	0.999950	0.000010	0.000010	0.000010	LD_0.9_6_1884
BRC20545	0.000010	0.000010	0.999950	0.000010	0.000010	0.000010	LD_0.9_6_1884
BRC20556	0.000010	0.000010	0.000010	0.000010	0.000010	0.999950	LD_0.9_6_1884
BRC20557	0.000010	0.000010	0.999950	0.000010	0.000010	0.000010	LD_0.9_6_1884
BRC20565	0.000010	0.000010	0.000010	0.000010	0.000010	0.999950	LD_0.9_6_1884
BRC20571	0.000010	0.000010	0.000010	0.000010	0.011275	0.988685	LD_0.9_6_1884
BRC20574	0.000010	0.000010	0.000010	0.000010	0.000010	0.999950	LD_0.9_6_1884
BW287	0.000010	0.999950	0.000010	0.000010	0.000010	0.000010	LD_0.9_6_1884
DF5100	0.000010	0.000010	0.000010	0.000010	0.000010	0.999950	LD_0.9_6_1884
ECA1129	0.000010	0.000017	0.000010	0.000010	0.000010	0.999943	LD_0.9_6_1884
ECA1143	0.000018	0.000010	0.000010	0.000010	0.078708	0.921244	LD_0.9_6_1884
ECA1147	0.000010	0.000010	0.000010	0.000010	0.000010	0.999950	LD_0.9_6_1884
ECA1149	0.000010	0.000010	0.043741	0.000010	0.000010	0.956219	LD_0.9_6_1884
ECA1160	0.000010	0.000010	0.000010	0.000010	0.000010	0.999950	LD_0.9_6_1884
ECA1164	0.000010	0.000010	0.000010	0.000010	0.000010	0.999950	LD_0.9_6_1884
ECA1170	0.000010	0.000014	0.999946	0.000010	0.000010	0.000010	LD_0.9_6_1884
ECA1174	0.000010	0.000010	0.000010	0.000010	0.000010	0.999950	LD_0.9_6_1884
ECA1383	0.000010	0.000010	0.999950	0.000010	0.000010	0.000010	LD_0.9_6_1884
ECA1411	0.000010	0.000010	0.000010	0.000010	0.000010	0.999950	LD_0.9_6_1884
ECA1423	0.000010	0.000010	0.000010	0.000010	0.000010	0.999950	LD_0.9_6_1884
ECA1429	0.000010	0.000010	0.000010	0.000010	0.000010	0.999950	LD_0.9_6_1884
ECA1431	0.000010	0.000010	0.000010	0.000010	0.000010	0.999950	LD_0.9_6_1884
ECA1437	0.000010	0.000010	0.000010	0.000010	0.000010	0.999950	LD_0.9_6_1884
ECA1439	0.000010	0.000010	0.000010	0.000010	0.000010	0.999950	LD_0.9_6_1884
ECA1443	0.000010	0.000010	0.948470	0.000010	0.000010	0.051490	LD_0.9_6_1884
ECA1471	0.000010	0.000010	0.000010	0.000010	0.000010	0.999950	LD_0.9_6_1884
ECA1489	0.000010	0.000010	0.000010	0.000010	0.127848	0.872112	LD_0.9_6_1884
ECA1507	0.000010	0.000010	0.000010	0.000010	0.000010	0.999950	LD_0.9_6_1884
ECA1509	0.000011	0.000010	0.000010	0.000010	0.000010	0.999949	LD_0.9_6_1884
ECA1517	0.000010	0.000010	0.000010	0.000010	0.000010	0.999950	LD_0.9_6_1884
ECA1521	0.000010	0.000010	0.000010	0.000010	0.000010	0.999950	LD_0.9_6_1884
ECA1555	0.000010	0.000010	0.000010	0.000010	0.000010	0.999950	LD_0.9_6_1884
ECA1559	0.000010	0.000010	0.999950	0.000010	0.000010	0.000010	LD_0.9_6_1884
ECA1563	0.000010	0.000010	0.000010	0.000010	0.000010	0.999949	LD_0.9_6_1884
ECA1571	0.000010	0.000010	0.000010	0.000010	0.116467	0.883493	LD_0.9_6_1884
ECA1587	0.000010	0.000010	0.000010	0.000010	0.000010	0.999950	LD_0.9_6_1884
ECA1605	0.000010	0.000015	0.876625	0.000010	0.052400	0.070940	LD_0.9_6_1884
ECA1609	0.000016	0.000010	0.000011	0.000010	0.000010	0.999943	LD_0.9_6_1884
ECA161	0.000010	0.000010	0.000011	0.000010	0.000010	0.999949	LD_0.9_6_1884
ECA1611	0.000010	0.000010	0.000010	0.000010	0.000010	0.999950	LD_0.9_6_1884
ECA1615	0.000010	0.000011	0.000010	0.000010	0.000010	0.999949	LD_0.9_6_1884
ECA162	0.000010	0.000010	0.000010	0.000010	0.000010	0.999950	LD_0.9_6_1884
ECA1621	0.000010	0.000010	0.000010	0.000010	0.000010	0.999950	LD_0.9_6_1884
ECA163	0.587746	0.180981	0.040442	0.050591	0.000010	0.140229	LD_0.9_6_1884
ECA1637	0.000010	0.000010	0.000010	0.000010	0.000010	0.999950	LD_0.9_6_1884
ECA1657	0.000010	0.000010	0.000010	0.000010	0.000010	0.999950	LD_0.9_6_1884
ECA1701	0.000010	0.000010	0.000011	0.000010	0.004752	0.995207	LD_0.9_6_1884
ECA175	0.000010	0.000010	0.000010	0.000010	0.000010	0.999950	LD_0.9_6_1884
ECA176	0.000010	0.000010	0.000010	0.000010	0.000010	0.999950	LD_0.9_6_1884
ECA177	0.000010	0.000010	0.000010	0.000010	0.000010	0.999950	LD_0.9_6_1884
ECA180	0.000010	0.000010	0.000014	0.000010	0.000010	0.999946	LD_0.9_6_1884
ECA182	0.000010	0.000010	0.000010	0.000010	0.000010	0.999950	LD_0.9_6_1884
ECA183	0.000010	0.000010	0.000010	0.000010	0.000010	0.999950	LD_0.9_6_1884
ECA185	0.000010	0.000010	0.000010	0.000010	0.000010	0.999950	LD_0.9_6_1884
ECA186	0.000010	0.000010	0.000010	0.000010	0.000010	0.999950	LD_0.9_6_1884
ECA2083	0.000010	0.000010	0.000010	0.000010	0.000010	0.999950	LD_0.9_6_1884
ECA2093	0.000010	0.000010	0.000010	0.000010	0.000010	0.999950	LD_0.9_6_1884
ECA2115	0.000010	0.000010	0.000010	0.000010	0.000010	0.999950	LD_0.9_6_1884
ECA2299	0.000010	0.000010	0.999950	0.000010	0.000010	0.000010	LD_0.9_6_1884
ECA2373	0.000010	0.000010	0.000014	0.000010	0.032609	0.967347	LD_0.9_6_1884
ECA2385	0.000010	0.000010	0.999950	0.000010	0.000010	0.000010	LD_0.9_6_1884
ECA2425	0.000010	0.000010	0.000013	0.000010	0.000010	0.999947	LD_0.9_6_1884
ECA2617	0.000010	0.000010	0.000010	0.999950	0.000010	0.000010	LD_0.9_6_1884
ECA2618	0.000010	0.000015	0.000010	0.999945	0.000010	0.000010	LD_0.9_6_1884
ECA2621	0.000010	0.000010	0.000010	0.999950	0.000010	0.000010	LD_0.9_6_1884
ECA2623	0.000010	0.000010	0.000010	0.000010	0.034755	0.965205	LD_0.9_6_1884
ECA2625	0.000010	0.000010	0.000010	0.000010	0.000010	0.999950	LD_0.9_6_1884
ECA2626	0.000010	0.000010	0.000010	0.000010	0.000010	0.999950	LD_0.9_6_1884
ECA2636	0.000010	0.000010	0.000010	0.000010	0.000010	0.999950	LD_0.9_6_1884
ECA2637	0.000010	0.000015	0.000010	0.000010	0.000010	0.999945	LD_0.9_6_1884
ECA2639	0.000010	0.000010	0.000010	0.999950	0.000010	0.000010	LD_0.9_6_1884
ECA2645	0.000010	0.000010	0.000010	0.000010	0.000010	0.999950	LD_0.9_6_1884
ECA2647	0.000011	0.000010	0.000010	0.999948	0.000010	0.000010	LD_0.9_6_1884
ECA2663	0.000010	0.000013	0.000010	0.000010	0.000010	0.999947	LD_0.9_6_1884
ECA2664	0.000010	0.000010	0.000010	0.000010	0.046406	0.953554	LD_0.9_6_1884
ECA2666	0.000010	0.000010	0.000010	0.999950	0.000010	0.000010	LD_0.9_6_1884
ECA2667	0.000010	0.000010	0.000010	0.000010	0.000010	0.999950	LD_0.9_6_1884
ECA2670	0.000010	0.000010	0.000010	0.999950	0.000010	0.000010	LD_0.9_6_1884
ECA276	0.587581	0.179299	0.041063	0.050172	0.000010	0.141875	LD_0.9_6_1884
ECA278	0.000010	0.999950	0.000010	0.000010	0.000010	0.000010	LD_0.9_6_1884
ECA2808	0.000010	0.000010	0.000010	0.000010	0.000010	0.999950	LD_0.9_6_1884
ECA287	0.000010	0.000010	0.992644	0.000010	0.000010	0.007316	LD_0.9_6_1884
ECA288	0.000010	0.000010	0.103099	0.000010	0.000010	0.896861	LD_0.9_6_1884
ECA2883	0.000010	0.000010	0.000010	0.000010	0.000010	0.999950	LD_0.9_6_1884
ECA2890	0.000018	0.000010	0.000010	0.000010	0.000010	0.999942	LD_0.9_6_1884
ECA2894	0.000010	0.000010	0.000010	0.000010	0.000010	0.999950	LD_0.9_6_1884
ECA2936	0.000010	0.000010	0.999950	0.000010	0.000010	0.000010	LD_0.9_6_1884
ECA2975	0.000010	0.000010	0.000010	0.000010	0.000010	0.999950	LD_0.9_6_1884
ECA3091	0.000010	0.000010	0.000010	0.000010	0.000010	0.999950	LD_0.9_6_1884
ECA343	0.000014	0.000011	0.000010	0.000010	0.000010	0.999946	LD_0.9_6_1884
ECA346	0.000011	0.000010	0.000010	0.000010	0.000010	0.999949	LD_0.9_6_1884
ECA3502	0.000010	0.000010	0.999950	0.000010	0.000010	0.000010	LD_0.9_6_1884
ECA3503	0.000010	0.000010	0.000010	0.000010	0.000010	0.999950	LD_0.9_6_1884
ECA3509	0.000010	0.000010	0.000010	0.000010	0.000010	0.999950	LD_0.9_6_1884
ECA3708	0.000010	0.000010	0.000010	0.000010	0.000010	0.999950	LD_0.9_6_1884
ECA371	0.000010	0.000015	0.000010	0.000010	0.000010	0.999945	LD_0.9_6_1884
ECA3712	0.000010	0.000010	0.000010	0.000010	0.000010	0.999950	LD_0.9_6_1884
ECA3713	0.000010	0.000010	0.000010	0.000010	0.000010	0.999950	LD_0.9_6_1884
ECA3899	0.000010	0.000010	0.000010	0.000010	0.000010	0.999950	LD_0.9_6_1884
ECA4382	0.000010	0.000010	0.000010	0.000010	0.000010	0.999950	LD_0.9_6_1884
ECA4390	0.000019	0.000010	0.000010	0.000010	0.000010	0.999941	LD_0.9_6_1884
ECA4394	0.000010	0.000010	0.000010	0.000010	0.000010	0.999950	LD_0.9_6_1884
ECA4402	0.000010	0.000010	0.000010	0.000010	0.000010	0.999950	LD_0.9_6_1884
ECA569	0.000010	0.999950	0.000010	0.000010	0.000010	0.000010	LD_0.9_6_1884
ED3032	0.000010	0.000010	0.000010	0.000010	0.000010	0.999950	LD_0.9_6_1884
ED3037	0.000010	0.000010	0.000010	0.000010	0.000010	0.999950	LD_0.9_6_1884
ED3088	0.000010	0.000010	0.000010	0.000010	0.000010	0.999950	LD_0.9_6_1884
ED3102	0.606643	0.171735	0.051792	0.041097	0.000010	0.128724	LD_0.9_6_1884
EG4360	0.000019	0.999941	0.000010	0.000010	0.000010	0.000010	LD_0.9_6_1884
EG5612	0.000010	0.000010	0.000010	0.000010	0.000010	0.999950	LD_0.9_6_1884
EG5613	0.000010	0.000010	0.000010	0.000010	0.057947	0.942013	LD_0.9_6_1884
EG6179	0.000010	0.000010	0.000010	0.000010	0.000010	0.999950	LD_0.9_6_1884
EG6260	0.000010	0.000010	0.000010	0.000010	0.021338	0.978622	LD_0.9_6_1884
EG6261	0.000010	0.000010	0.000010	0.000010	0.005626	0.994334	LD_0.9_6_1884
EG6265	0.000010	0.000010	0.985457	0.000010	0.014503	0.000010	LD_0.9_6_1884
EG6267	0.000017	0.000010	0.000016	0.000010	0.009651	0.990296	LD_0.9_6_1884
EG6271	0.000010	0.000010	0.000010	0.000010	0.046242	0.953718	LD_0.9_6_1884
EG6272	0.000010	0.000010	0.000010	0.000010	0.007377	0.992583	LD_0.9_6_1884
EG6274	0.000010	0.000010	0.000010	0.000010	0.000010	0.999950	LD_0.9_6_1884
EG6275	0.000010	0.000010	0.000010	0.000010	0.000010	0.999950	LD_0.9_6_1884
EG6276	0.000010	0.000010	0.000010	0.000010	0.000010	0.999950	LD_0.9_6_1884
EG6329	0.000010	0.000010	0.000010	0.000010	0.097111	0.902849	LD_0.9_6_1884
GUN124	0.000010	0.999940	0.000020	0.000010	0.000010	0.000010	LD_0.9_6_1884
GXW22	0.000010	0.000010	0.000010	0.000010	0.000010	0.999950	LD_0.9_6_1884
GXW23	0.000010	0.000010	0.000010	0.000010	0.000010	0.999950	LD_0.9_6_1884
HK104	0.000010	0.999950	0.000010	0.000010	0.000010	0.000010	LD_0.9_6_1884
HPT11	0.069489	0.617621	0.164985	0.000010	0.000010	0.147884	LD_0.9_6_1884
HPT16	0.000010	0.000011	0.000010	0.000010	0.000010	0.999949	LD_0.9_6_1884
HPT18	0.072537	0.610796	0.166803	0.000010	0.000010	0.149844	LD_0.9_6_1884
HPT19	0.000010	0.000010	0.000010	0.000010	0.000010	0.999950	LD_0.9_6_1884
HPT2	0.000010	0.000010	0.000010	0.000010	0.000010	0.999950	LD_0.9_6_1884
HPT21	0.000010	0.000010	0.000010	0.000010	0.000010	0.999950	LD_0.9_6_1884
HPT24	0.070818	0.615025	0.164811	0.000010	0.000010	0.149327	LD_0.9_6_1884
HPT34	0.000010	0.000010	0.000010	0.000010	0.000010	0.999950	LD_0.9_6_1884
HPT37	0.000011	0.000010	0.000010	0.000010	0.029530	0.970429	LD_0.9_6_1884
HPT4	0.000010	0.000010	0.000010	0.000010	0.000010	0.999950	LD_0.9_6_1884
HPT42	0.000010	0.000010	0.000010	0.000010	0.000010	0.999950	LD_0.9_6_1884
HPT52	0.000010	0.000012	0.000010	0.000010	0.497178	0.502781	LD_0.9_6_1884
HPT53	0.000010	0.000010	0.000010	0.000010	0.000010	0.999950	LD_0.9_6_1884
HPT54	0.000010	0.000010	0.000010	0.000010	0.000010	0.999950	LD_0.9_6_1884
HPT55	0.000010	0.000010	0.000010	0.000010	0.000010	0.999950	LD_0.9_6_1884
HPT59	0.000010	0.000010	0.000010	0.000010	0.000010	0.999950	LD_0.9_6_1884
HPT60	0.000010	0.000010	0.000019	0.000010	0.000010	0.999941	LD_0.9_6_1884
HPT62	0.000010	0.000010	0.001333	0.000010	0.998627	0.000010	LD_0.9_6_1884
HPT63	0.000010	0.000016	0.000010	0.000010	0.000010	0.999944	LD_0.9_6_1884
HPT7	0.000010	0.000010	0.000010	0.000010	0.000010	0.999950	LD_0.9_6_1884
HPT8	0.000010	0.000010	0.000010	0.000010	0.000010	0.999950	LD_0.9_6_1884
HPT9	0.000359	0.003647	0.002955	0.000010	0.000010	0.993020	LD_0.9_6_1884
JU1085	0.000010	0.999950	0.000010	0.000010	0.000010	0.000010	LD_0.9_6_1884
JU1337	0.000010	0.000010	0.000010	0.000010	0.031990	0.967970	LD_0.9_6_1884
JU1338	0.134557	0.000010	0.000010	0.000010	0.000010	0.865403	LD_0.9_6_1884
JU1341	0.000010	0.000010	0.000013	0.999947	0.000010	0.000010	LD_0.9_6_1884
JU1346	0.132673	0.000010	0.000010	0.000010	0.000010	0.867287	LD_0.9_6_1884
JU1347	0.000010	0.000010	0.000010	0.000010	0.000010	0.999950	LD_0.9_6_1884
JU1348	0.000010	0.000010	0.000010	0.999950	0.000010	0.000010	LD_0.9_6_1884
JU1375	0.000010	0.000010	0.000010	0.000010	0.000010	0.999950	LD_0.9_6_1884
JU1377	0.000011	0.000010	0.000010	0.000010	0.000010	0.999949	LD_0.9_6_1884
JU1378	0.000010	0.000010	0.000010	0.000010	0.000010	0.999950	LD_0.9_6_1884
JU1392	0.000010	0.000010	0.000010	0.000010	0.000010	0.999950	LD_0.9_6_1884
JU1399	0.000010	0.000010	0.000010	0.000010	0.389906	0.610054	LD_0.9_6_1884
JU1424	0.000010	0.096086	0.000014	0.000010	0.000010	0.903870	LD_0.9_6_1884
JU1435	0.000010	0.000010	0.000010	0.000010	0.000010	0.999950	LD_0.9_6_1884
JU1564	0.000010	0.999940	0.000020	0.000010	0.000010	0.000010	LD_0.9_6_1884
JU1637	0.000013	0.000015	0.000010	0.000010	0.000010	0.999942	LD_0.9_6_1884
JU1638	0.000010	0.000010	0.000010	0.000010	0.000010	0.999950	LD_0.9_6_1884
JU1794	0.000010	0.000010	0.000010	0.000010	0.007018	0.992942	LD_0.9_6_1884
JU1795	0.000010	0.000010	0.000010	0.000010	0.000010	0.999950	LD_0.9_6_1884
JU1799	0.000010	0.000010	0.000010	0.000010	0.000010	0.999950	LD_0.9_6_1884
JU1802	0.000011	0.000010	0.000010	0.000010	0.000010	0.999949	LD_0.9_6_1884
JU1814	0.000010	0.000010	0.000010	0.000010	0.048557	0.951403	LD_0.9_6_1884
JU1884	0.000016	0.000010	0.000010	0.000010	0.000010	0.999944	LD_0.9_6_1884
JU1885	0.000010	0.000011	0.000010	0.000010	0.060477	0.939482	LD_0.9_6_1884
JU1907	0.000010	0.000010	0.000010	0.000010	0.000010	0.999950	LD_0.9_6_1884
JU1908	0.000010	0.000010	0.000010	0.000010	0.000010	0.999950	LD_0.9_6_1884
JU1909	0.000010	0.000010	0.000010	0.000010	0.000010	0.999950	LD_0.9_6_1884
JU1913	0.000010	0.000010	0.000010	0.000010	0.515461	0.484499	LD_0.9_6_1884
JU2053	0.000010	0.000010	0.000010	0.000010	0.000010	0.999950	LD_0.9_6_1884
JU2054	0.000010	0.000010	0.000010	0.000010	0.000010	0.999950	LD_0.9_6_1884
JU2056	0.000010	0.000010	0.000010	0.000010	0.000010	0.999950	LD_0.9_6_1884
JU2057	0.000010	0.000010	0.000010	0.000010	0.984854	0.015106	LD_0.9_6_1884
JU2160	0.000010	0.000010	0.000010	0.000010	0.999950	0.000010	LD_0.9_6_1884
JU2162	0.000010	0.000010	0.000010	0.000010	0.999950	0.000010	LD_0.9_6_1884
JU2214	0.000010	0.000010	0.000010	0.000010	0.216838	0.783122	LD_0.9_6_1884
JU2216	0.000010	0.000010	0.999950	0.000010	0.000010	0.000010	LD_0.9_6_1884
JU2457	0.000010	0.436002	0.000010	0.000010	0.095110	0.468858	LD_0.9_6_1884
JU2470	0.000010	0.000010	0.008588	0.000010	0.988068	0.003314	LD_0.9_6_1884
JU2472	0.000010	0.000010	0.000010	0.000010	0.000010	0.999950	LD_0.9_6_1884
JU2507	0.000010	0.000010	0.007267	0.000010	0.992693	0.000010	LD_0.9_6_1884
JU2518	0.000010	0.000010	0.000010	0.000010	0.515548	0.484412	LD_0.9_6_1884
JU2536	0.000010	0.999950	0.000010	0.000010	0.000010	0.000010	LD_0.9_6_1884
JU2618	0.000010	0.000010	0.000010	0.000010	0.712349	0.287611	LD_0.9_6_1884
JU2799	0.000010	0.000010	0.000010	0.000010	0.000010	0.999950	LD_0.9_6_1884
JU2836	0.000010	0.000010	0.000010	0.000010	0.239446	0.760514	LD_0.9_6_1884
JU2849	0.000010	0.000010	0.000010	0.000010	0.000010	0.999950	LD_0.9_6_1884
JU2861	0.000010	0.000014	0.000010	0.000010	0.000010	0.999946	LD_0.9_6_1884
JU2868	0.000010	0.000010	0.000010	0.000010	0.000010	0.999950	LD_0.9_6_1884
JU2872	0.000010	0.999950	0.000010	0.000010	0.000010	0.000010	LD_0.9_6_1884
JU2910	0.000010	0.000011	0.000010	0.000010	0.083648	0.916310	LD_0.9_6_1884
JU3168	0.627983	0.160648	0.039669	0.044225	0.000010	0.127465	LD_0.9_6_1884
JU3171	0.000010	0.000010	0.000010	0.000010	0.000010	0.999950	LD_0.9_6_1884
JU3199	0.000010	0.000010	0.000010	0.999950	0.000010	0.000010	LD_0.9_6_1884
JU3200	0.000010	0.000010	0.000010	0.999950	0.000010	0.000010	LD_0.9_6_1884
JU3201	0.000010	0.000010	0.000010	0.999950	0.000010	0.000010	LD_0.9_6_1884
JU3202	0.000010	0.000010	0.000010	0.999950	0.000010	0.000010	LD_0.9_6_1884
JU3203	0.000010	0.000010	0.000010	0.999950	0.000010	0.000010	LD_0.9_6_1884
JU3206	0.000010	0.000010	0.000010	0.999950	0.000010	0.000010	LD_0.9_6_1884
JU3207	0.000010	0.000010	0.000010	0.000010	0.000010	0.999950	LD_0.9_6_1884
JU3237	0.000010	0.000010	0.000010	0.000010	0.985919	0.014041	LD_0.9_6_1884
JU3281	0.000010	0.000010	0.000010	0.000010	0.000010	0.999950	LD_0.9_6_1884
JU3319	0.000010	0.000010	0.000010	0.000010	0.000010	0.999950	LD_0.9_6_1884
JU3321	0.000010	0.000010	0.000010	0.000010	0.000010	0.999950	LD_0.9_6_1884
JU3326	0.114769	0.607690	0.110573	0.009035	0.000010	0.157923	LD_0.9_6_1884
JU3327	0.000011	0.000011	0.000010	0.000010	0.000010	0.999948	LD_0.9_6_1884
JU3416	0.000011	0.912665	0.016873	0.000010	0.000010	0.070431	LD_0.9_6_1884
JU4042	0.000010	0.000010	0.000011	0.000010	0.000010	0.999949	LD_0.9_6_1884
JU4051	0.000010	0.000010	0.003057	0.000010	0.000010	0.996903	LD_0.9_6_1884
JU4058	0.004045	0.008345	0.001235	0.000010	0.000010	0.986355	LD_0.9_6_1884
JU4060	0.000010	0.000010	0.000010	0.000010	0.007235	0.992725	LD_0.9_6_1884
JU4062	0.000010	0.000010	0.000010	0.000010	0.000010	0.999950	LD_0.9_6_1884
JU4064	0.000010	0.000010	0.000010	0.000010	0.000010	0.999950	LD_0.9_6_1884
JU4080	0.000010	0.000010	0.000010	0.000010	0.000010	0.999950	LD_0.9_6_1884
JU4084	0.101879	0.000010	0.000010	0.000010	0.000010	0.898081	LD_0.9_6_1884
JU4097	0.101364	0.000010	0.000010	0.000010	0.000010	0.898596	LD_0.9_6_1884
JU725	0.000010	0.000010	0.000010	0.000010	0.000010	0.999950	LD_0.9_6_1884
MY2716	0.000010	0.000010	0.000010	0.000010	0.000010	0.999950	LD_0.9_6_1884
MY539	0.000010	0.000010	0.000010	0.000010	0.000010	0.999950	LD_0.9_6_1884
NIC1050	0.000010	0.000010	0.000010	0.000010	0.639381	0.360579	LD_0.9_6_1884
NIC1052	0.000010	0.000010	0.000010	0.000010	0.728095	0.271865	LD_0.9_6_1884
NIC1054	0.000010	0.000010	0.000010	0.000010	0.541325	0.458635	LD_0.9_6_1884
NIC1055	0.000010	0.000010	0.000010	0.000010	0.644454	0.355506	LD_0.9_6_1884
NIC1057	0.000010	0.000010	0.000010	0.000010	0.723228	0.276732	LD_0.9_6_1884
NIC1058	0.000010	0.000010	0.000010	0.000010	0.680543	0.319417	LD_0.9_6_1884
NIC1059	0.000010	0.000010	0.000010	0.000010	0.648199	0.351761	LD_0.9_6_1884
NIC1060	0.000010	0.000010	0.000010	0.000010	0.564646	0.435314	LD_0.9_6_1884
NIC1062	0.000015	0.000010	0.000010	0.000010	0.250836	0.749119	LD_0.9_6_1884
NIC1069	0.000010	0.000010	0.000010	0.000010	0.071918	0.928042	LD_0.9_6_1884
NIC1103	0.000010	0.000010	0.000010	0.000010	0.661610	0.338350	LD_0.9_6_1884
NIC1104	0.000010	0.000010	0.000010	0.000010	0.097056	0.902904	LD_0.9_6_1884
NIC1106	0.000010	0.000015	0.000010	0.000010	0.264234	0.735721	LD_0.9_6_1884
NIC1117	0.000010	0.000015	0.000010	0.000010	0.000010	0.999945	LD_0.9_6_1884
NIC1123	0.127055	0.000010	0.000010	0.000010	0.000010	0.872905	LD_0.9_6_1884
NIC1124	0.000010	0.000010	0.000010	0.000010	0.523624	0.476336	LD_0.9_6_1884
NIC1135	0.000010	0.000010	0.000011	0.000010	0.508505	0.491454	LD_0.9_6_1884
NIC1138	0.000010	0.000010	0.000010	0.000010	0.535467	0.464493	LD_0.9_6_1884
NIC1141	0.000010	0.000010	0.000010	0.000010	0.507650	0.492310	LD_0.9_6_1884
NIC115	0.000010	0.000010	0.000010	0.000010	0.000010	0.999950	LD_0.9_6_1884
NIC117	0.000010	0.000010	0.000010	0.000010	0.000010	0.999950	LD_0.9_6_1884
NIC1183	0.000010	0.000010	0.000010	0.000010	0.521202	0.478758	LD_0.9_6_1884
NIC119	0.000010	0.000010	0.000010	0.000010	0.000010	0.999950	LD_0.9_6_1884
NIC1190	0.000010	0.000010	0.000010	0.000010	0.456636	0.543324	LD_0.9_6_1884
NIC1202	0.000010	0.000010	0.000010	0.000010	0.000010	0.999950	LD_0.9_6_1884
NIC1204	0.000010	0.000015	0.000010	0.000010	0.000010	0.999945	LD_0.9_6_1884
NIC1205	0.000010	0.000010	0.999950	0.000010	0.000010	0.000010	LD_0.9_6_1884
NIC1218	0.000010	0.000010	0.000010	0.000010	0.000010	0.999950	LD_0.9_6_1884
NIC1220	0.000010	0.000010	0.999950	0.000010	0.000010	0.000010	LD_0.9_6_1884
NIC1221	0.000010	0.000010	0.000010	0.000010	0.000010	0.999950	LD_0.9_6_1884
NIC123	0.000010	0.000010	0.000010	0.000010	0.000010	0.999950	LD_0.9_6_1884
NIC1267	0.000010	0.000013	0.000010	0.000010	0.175583	0.824374	LD_0.9_6_1884
NIC1283	0.000010	0.000010	0.000010	0.000010	0.446649	0.553311	LD_0.9_6_1884
NIC1288	0.000010	0.000010	0.000010	0.000010	0.558280	0.441680	LD_0.9_6_1884
NIC1292	0.000010	0.000010	0.000010	0.000010	0.522617	0.477343	LD_0.9_6_1884
NIC1302	0.000010	0.000010	0.000010	0.000010	0.380748	0.619212	LD_0.9_6_1884
NIC1304	0.000010	0.000015	0.000010	0.000010	0.545842	0.454114	LD_0.9_6_1884
NIC1308	0.000010	0.000012	0.000010	0.000010	0.000010	0.999948	LD_0.9_6_1884
NIC1407	0.000011	0.000010	0.000010	0.000010	0.568741	0.431218	LD_0.9_6_1884
NIC1421	0.000010	0.000010	0.000010	0.000010	0.323246	0.676714	LD_0.9_6_1884
NIC1423	0.000010	0.000010	0.000010	0.000010	0.646205	0.353755	LD_0.9_6_1884
NIC1442	0.000010	0.000012	0.000010	0.000010	0.468235	0.531723	LD_0.9_6_1884
NIC1491	0.000010	0.000010	0.000010	0.000010	0.468317	0.531643	LD_0.9_6_1884
NIC1525	0.000010	0.000010	0.000011	0.000010	0.000010	0.999949	LD_0.9_6_1884
NIC1528	0.000010	0.000010	0.000011	0.000010	0.000010	0.999949	LD_0.9_6_1884
NIC1529	0.000010	0.000010	0.000011	0.000010	0.000010	0.999949	LD_0.9_6_1884
NIC1533	0.000010	0.000010	0.000010	0.000010	0.000010	0.999950	LD_0.9_6_1884
NIC1535	0.000010	0.000010	0.000010	0.000010	0.000010	0.999950	LD_0.9_6_1884
NIC1539	0.000010	0.000010	0.999950	0.000010	0.000010	0.000010	LD_0.9_6_1884
NIC1540	0.999950	0.000010	0.000010	0.000010	0.000010	0.000010	LD_0.9_6_1884
NIC1562	0.000010	0.000010	0.999950	0.000010	0.000010	0.000010	LD_0.9_6_1884
NIC1589	0.999950	0.000010	0.000010	0.000010	0.000010	0.000010	LD_0.9_6_1884
NIC1590	0.000010	0.000010	0.999950	0.000010	0.000010	0.000010	LD_0.9_6_1884
NIC1591	0.999950	0.000010	0.000010	0.000010	0.000010	0.000010	LD_0.9_6_1884
NIC1593	0.999947	0.000010	0.000013	0.000010	0.000010	0.000010	LD_0.9_6_1884
NIC1595	0.000010	0.000010	0.999950	0.000010	0.000010	0.000010	LD_0.9_6_1884
NIC1598	0.000010	0.000010	0.992826	0.000010	0.000010	0.007134	LD_0.9_6_1884
NIC1602	0.000010	0.000010	0.999950	0.000010	0.000010	0.000010	LD_0.9_6_1884
NIC1607	0.041277	0.570667	0.269398	0.000010	0.000010	0.118638	LD_0.9_6_1884
NIC1628	0.000010	0.000010	0.000010	0.000010	0.000010	0.999950	LD_0.9_6_1884
NIC1630	0.000010	0.000010	0.999950	0.000010	0.000010	0.000010	LD_0.9_6_1884
NIC1631	0.000010	0.000010	0.999950	0.000010	0.000010	0.000010	LD_0.9_6_1884
NIC1632	0.000010	0.999950	0.000010	0.000010	0.000010	0.000010	LD_0.9_6_1884
NIC1633	0.000010	0.999943	0.000017	0.000010	0.000010	0.000010	LD_0.9_6_1884
NIC1635	0.000010	0.999940	0.000020	0.000010	0.000010	0.000010	LD_0.9_6_1884
NIC1645	0.000010	0.000010	0.999950	0.000010	0.000010	0.000010	LD_0.9_6_1884
NIC1660	0.000010	0.000010	0.999950	0.000010	0.000010	0.000010	LD_0.9_6_1884
NIC1661	0.000010	0.000010	0.999950	0.000010	0.000010	0.000010	LD_0.9_6_1884
NIC1662	0.000010	0.000010	0.999950	0.000010	0.000010	0.000010	LD_0.9_6_1884
NIC1663	0.000010	0.000010	0.999950	0.000010	0.000010	0.000010	LD_0.9_6_1884
NIC1664	0.999950	0.000010	0.000010	0.000010	0.000010	0.000010	LD_0.9_6_1884
NIC1665	0.999950	0.000010	0.000010	0.000010	0.000010	0.000010	LD_0.9_6_1884
NIC1666	0.000010	0.000010	0.999950	0.000010	0.000010	0.000010	LD_0.9_6_1884
NIC1667	0.000010	0.000010	0.999950	0.000010	0.000010	0.000010	LD_0.9_6_1884
NIC1681	0.000010	0.000010	0.999950	0.000010	0.000010	0.000010	LD_0.9_6_1884
NIC1688	0.000010	0.000010	0.000010	0.000010	0.000010	0.999950	LD_0.9_6_1884
NIC1692	0.000010	0.000010	0.999950	0.000010	0.000010	0.000010	LD_0.9_6_1884
NIC1693	0.000010	0.000010	0.999950	0.000010	0.000010	0.000010	LD_0.9_6_1884
NIC17	0.000010	0.000010	0.000010	0.000010	0.000010	0.999950	LD_0.9_6_1884
NIC174	0.000010	0.999950	0.000010	0.000010	0.000010	0.000010	LD_0.9_6_1884
NIC187	0.000010	0.000010	0.000010	0.000010	0.000010	0.999950	LD_0.9_6_1884
NIC188	0.000010	0.000010	0.000010	0.000010	0.000010	0.999950	LD_0.9_6_1884
NIC19	0.999949	0.000010	0.000011	0.000010	0.000010	0.000010	LD_0.9_6_1884
NIC191	0.000010	0.000012	0.000010	0.000010	0.000010	0.999948	LD_0.9_6_1884
NIC20	0.999950	0.000010	0.000010	0.000010	0.000010	0.000010	LD_0.9_6_1884
NIC21	0.999950	0.000010	0.000010	0.000010	0.000010	0.000010	LD_0.9_6_1884
NIC22	0.999950	0.000010	0.000010	0.000010	0.000010	0.000010	LD_0.9_6_1884
NIC2369	0.000010	0.000010	0.000010	0.000010	0.000010	0.999950	LD_0.9_6_1884
NIC248	0.000010	0.000010	0.000010	0.000010	0.000010	0.999950	LD_0.9_6_1884
NIC250	0.000010	0.000010	0.000010	0.000010	0.000010	0.999950	LD_0.9_6_1884
NIC2527	0.000013	0.000010	0.000010	0.000010	0.000010	0.999947	LD_0.9_6_1884
NIC309	0.000010	0.000010	0.000010	0.000010	0.247842	0.752118	LD_0.9_6_1884
NIC325	0.000010	0.000010	0.000010	0.000010	0.257957	0.742003	LD_0.9_6_1884
NIC327	0.000010	0.000013	0.000010	0.000010	0.621668	0.378288	LD_0.9_6_1884
NIC329	0.000010	0.000010	0.000010	0.000010	0.490106	0.509854	LD_0.9_6_1884
NIC330	0.000010	0.000010	0.000010	0.000010	0.469680	0.530280	LD_0.9_6_1884
NIC331	0.000014	0.000010	0.000011	0.000010	0.425809	0.574145	LD_0.9_6_1884
NIC332	0.000010	0.000010	0.000010	0.000010	0.535331	0.464629	LD_0.9_6_1884
NIC333	0.000010	0.000010	0.000017	0.000010	0.505753	0.494200	LD_0.9_6_1884
NIC343	0.000010	0.000010	0.000010	0.000010	0.000010	0.999950	LD_0.9_6_1884
NIC392	0.000010	0.000010	0.000010	0.000010	0.129674	0.870286	LD_0.9_6_1884
NIC400	0.000010	0.000010	0.000010	0.000010	0.531204	0.468756	LD_0.9_6_1884
NIC402	0.000010	0.000010	0.000010	0.000010	0.527087	0.472873	LD_0.9_6_1884
NIC419	0.000010	0.000010	0.000010	0.000010	0.000010	0.999950	LD_0.9_6_1884
NIC504	0.000010	0.000010	0.999950	0.000010	0.000010	0.000010	LD_0.9_6_1884
NIC505	0.000010	0.000010	0.999950	0.000010	0.000010	0.000010	LD_0.9_6_1884
NIC518	0.000010	0.000010	0.999950	0.000010	0.000010	0.000010	LD_0.9_6_1884
NIC519	0.000010	0.000010	0.999950	0.000010	0.000010	0.000010	LD_0.9_6_1884
NIC532	0.000010	0.000012	0.000010	0.000010	0.000010	0.999948	LD_0.9_6_1884
NIC541	0.000013	0.000010	0.000010	0.000010	0.635186	0.364771	LD_0.9_6_1884
NIC549	0.000010	0.000019	0.000010	0.000010	0.000010	0.999941	LD_0.9_6_1884
NIC552	0.000010	0.000012	0.000010	0.000010	0.040407	0.959551	LD_0.9_6_1884
NIC555	0.000012	0.000010	0.000010	0.000010	0.168622	0.831336	LD_0.9_6_1884
NIC574	0.000010	0.000011	0.000010	0.000010	0.008323	0.991636	LD_0.9_6_1884
NIC578	0.000010	0.000010	0.000012	0.000010	0.000010	0.999948	LD_0.9_6_1884
NIC583	0.000010	0.000010	0.000010	0.000010	0.114778	0.885182	LD_0.9_6_1884
NIC590	0.000010	0.000010	0.000010	0.000010	0.314557	0.685403	LD_0.9_6_1884
NIC593	0.000010	0.000010	0.000010	0.000010	0.000010	0.999950	LD_0.9_6_1884
NIC60	0.000010	0.000010	0.000010	0.000010	0.174175	0.825785	LD_0.9_6_1884
NIC61	0.000018	0.000010	0.000012	0.000010	0.013928	0.986022	LD_0.9_6_1884
NIC62	0.000010	0.000011	0.000010	0.000010	0.089851	0.910108	LD_0.9_6_1884
NIC67	0.000010	0.000010	0.000010	0.000010	0.000010	0.999950	LD_0.9_6_1884
NIC758	0.000010	0.000010	0.000017	0.000010	0.235272	0.764681	LD_0.9_6_1884
NIC777	0.000010	0.000010	0.000010	0.000010	0.205582	0.794378	LD_0.9_6_1884
NIC779	0.000010	0.000010	0.999946	0.000014	0.000010	0.000010	LD_0.9_6_1884
NIC790	0.000010	0.000010	0.000010	0.000010	0.000010	0.999950	LD_0.9_6_1884
NIC791	0.000010	0.000010	0.000012	0.000010	0.934822	0.065136	LD_0.9_6_1884
NIC792	0.000010	0.000010	0.000010	0.000010	0.333776	0.666184	LD_0.9_6_1884
NIC793	0.000013	0.000010	0.000010	0.000010	0.000010	0.999947	LD_0.9_6_1884
NIC795	0.000010	0.000010	0.000010	0.000010	0.000010	0.999950	LD_0.9_6_1884
NIC796	0.007381	0.000010	0.000010	0.000010	0.000010	0.992579	LD_0.9_6_1884
NIC802	0.000010	0.000010	0.000010	0.000010	0.000010	0.999950	LD_0.9_6_1884
NIC803	0.000010	0.000010	0.000010	0.000010	0.000010	0.999950	LD_0.9_6_1884
NIC805	0.000010	0.000010	0.999950	0.000010	0.000010	0.000010	LD_0.9_6_1884
NIC811	0.000010	0.000010	0.000014	0.000010	0.000010	0.999946	LD_0.9_6_1884
NIC814	0.000010	0.000010	0.999950	0.000010	0.000010	0.000010	LD_0.9_6_1884
NIC815	0.000010	0.000010	0.999950	0.000010	0.000010	0.000010	LD_0.9_6_1884
NIC816	0.999950	0.000010	0.000010	0.000010	0.000010	0.000010	LD_0.9_6_1884
NIC819	0.070777	0.549949	0.245921	0.000010	0.000010	0.133334	LD_0.9_6_1884
NIC821	0.000010	0.000010	0.000010	0.000010	0.000010	0.999950	LD_0.9_6_1884
NIC822	0.000010	0.000010	0.999950	0.000010	0.000010	0.000010	LD_0.9_6_1884
NIC824	0.000010	0.000010	0.999950	0.000010	0.000010	0.000010	LD_0.9_6_1884
NIC825	0.999950	0.000010	0.000010	0.000010	0.000010	0.000010	LD_0.9_6_1884
NIC827	0.999950	0.000010	0.000010	0.000010	0.000010	0.000010	LD_0.9_6_1884
NIC828	0.999950	0.000010	0.000010	0.000010	0.000010	0.000010	LD_0.9_6_1884
NIC863	0.000010	0.000016	0.999944	0.000010	0.000010	0.000010	LD_0.9_6_1884
NIC864	0.000010	0.000010	0.999950	0.000010	0.000010	0.000010	LD_0.9_6_1884
NIC865	0.000010	0.000010	0.999950	0.000010	0.000010	0.000010	LD_0.9_6_1884
NIC871	0.000010	0.000010	0.000010	0.000010	0.000010	0.999950	LD_0.9_6_1884
NIC883	0.000010	0.000010	0.000010	0.000010	0.000010	0.999950	LD_0.9_6_1884
NIC889	0.000010	0.000010	0.999950	0.000010	0.000010	0.000010	LD_0.9_6_1884
NIC893	0.558896	0.141823	0.160235	0.000010	0.000010	0.139025	LD_0.9_6_1884
NIC897	0.000010	0.000010	0.999950	0.000010	0.000010	0.000010	LD_0.9_6_1884
NIC899	0.000010	0.999945	0.000015	0.000010	0.000010	0.000010	LD_0.9_6_1884
NIC901	0.000010	0.000010	0.000010	0.000010	0.000010	0.999950	LD_0.9_6_1884
NIC911	0.000011	0.000010	0.000010	0.000010	0.000010	0.999949	LD_0.9_6_1884
NIC96	0.000010	0.000010	0.000010	0.000010	0.468074	0.531886	LD_0.9_6_1884
NIC984	0.000011	0.000010	0.000010	0.000010	0.000010	0.999949	LD_0.9_6_1884
NIC985	0.000010	0.000010	0.000010	0.000010	0.000010	0.999950	LD_0.9_6_1884
PB800	0.000010	0.999950	0.000010	0.000010	0.000010	0.000010	LD_0.9_6_1884
PB857	0.000010	0.999944	0.000016	0.000010	0.000010	0.000010	LD_0.9_6_1884
PE887	0.000010	0.000010	0.000010	0.000010	0.000010	0.999950	LD_0.9_6_1884
QG1005	0.000010	0.000010	0.000010	0.000010	0.999950	0.000010	LD_0.9_6_1884
QG1007	0.000010	0.000010	0.000010	0.000010	0.999950	0.000010	LD_0.9_6_1884
QG1111	0.000010	0.000010	0.000010	0.000010	0.999950	0.000010	LD_0.9_6_1884
QG1126	0.000010	0.000010	0.000010	0.000010	0.999950	0.000010	LD_0.9_6_1884
QG1141	0.000010	0.000010	0.000010	0.000010	0.999950	0.000010	LD_0.9_6_1884
QG1155	0.000010	0.000010	0.000010	0.000010	0.999950	0.000010	LD_0.9_6_1884
QG130	0.000010	0.000010	0.000010	0.000010	0.000010	0.999950	LD_0.9_6_1884
QG132	0.000010	0.000010	0.000010	0.000010	0.000010	0.999950	LD_0.9_6_1884
QG133	0.000010	0.000010	0.980066	0.000010	0.000010	0.019894	LD_0.9_6_1884
QG2641	0.000010	0.000010	0.000010	0.000010	0.999950	0.000010	LD_0.9_6_1884
QG2648	0.000010	0.000010	0.000010	0.000010	0.999950	0.000010	LD_0.9_6_1884
QG2659	0.000010	0.000010	0.000010	0.000010	0.999950	0.000010	LD_0.9_6_1884
QG2663	0.000010	0.000010	0.000010	0.000010	0.999950	0.000010	LD_0.9_6_1884
QG2665	0.000010	0.000010	0.000010	0.000010	0.999950	0.000010	LD_0.9_6_1884
QG2683	0.000010	0.000010	0.000010	0.000010	0.999950	0.000010	LD_0.9_6_1884
QG2736	0.000010	0.000010	0.000010	0.000010	0.999950	0.000010	LD_0.9_6_1884
QG2814	0.000010	0.000016	0.000010	0.000010	0.000010	0.999944	LD_0.9_6_1884
QG2820	0.000010	0.000010	0.000010	0.000010	0.000010	0.999950	LD_0.9_6_1884
QG2848	0.000010	0.000010	0.000010	0.000010	0.000010	0.999950	LD_0.9_6_1884
QG2880	0.000010	0.000010	0.000010	0.000010	0.999950	0.000010	LD_0.9_6_1884
QG2881	0.000010	0.000010	0.000010	0.000010	0.000010	0.999950	LD_0.9_6_1884
QG2883	0.000010	0.000010	0.000011	0.000010	0.000010	0.999949	LD_0.9_6_1884
QG2884	0.000010	0.000010	0.000010	0.000010	0.999950	0.000010	LD_0.9_6_1884
QG2891	0.000010	0.000010	0.000010	0.999950	0.000010	0.000010	LD_0.9_6_1884
QG2892	0.000010	0.000010	0.000010	0.000010	0.999950	0.000010	LD_0.9_6_1884
QG2893	0.000010	0.000010	0.000010	0.999950	0.000010	0.000010	LD_0.9_6_1884
QG2895	0.000010	0.000010	0.000010	0.000010	0.999950	0.000010	LD_0.9_6_1884
QG2902	0.000010	0.000010	0.000010	0.000010	0.999950	0.000010	LD_0.9_6_1884
QG2903	0.000010	0.000010	0.000010	0.000010	0.999950	0.000010	LD_0.9_6_1884
QG2906	0.000010	0.000010	0.000010	0.000010	0.999950	0.000010	LD_0.9_6_1884
QG2908	0.000010	0.000010	0.000010	0.999950	0.000010	0.000010	LD_0.9_6_1884
QG2910	0.000010	0.000010	0.000010	0.000010	0.000010	0.999950	LD_0.9_6_1884
QG2919	0.000010	0.000010	0.000010	0.999950	0.000010	0.000010	LD_0.9_6_1884
QG2923	0.000010	0.000010	0.000010	0.000010	0.999950	0.000010	LD_0.9_6_1884
QG2925	0.000010	0.000010	0.000010	0.000010	0.999950	0.000010	LD_0.9_6_1884
QG2964	0.000010	0.000010	0.000010	0.000010	0.999950	0.000010	LD_0.9_6_1884
QG2966	0.000010	0.000010	0.000010	0.000010	0.614361	0.385599	LD_0.9_6_1884
QG2969	0.000010	0.000010	0.000010	0.000010	0.999950	0.000010	LD_0.9_6_1884
QG2972	0.000010	0.000010	0.000010	0.000010	0.999950	0.000010	LD_0.9_6_1884
QG2996	0.000010	0.000010	0.000010	0.000010	0.999950	0.000010	LD_0.9_6_1884
QG3004	0.000010	0.000010	0.000010	0.000010	0.833777	0.166183	LD_0.9_6_1884
QG3006	0.000010	0.000010	0.000010	0.000010	0.999950	0.000010	LD_0.9_6_1884
QG3019	0.000010	0.000010	0.000011	0.000010	0.942468	0.057491	LD_0.9_6_1884
QG3025	0.000010	0.000010	0.000010	0.000010	0.999950	0.000010	LD_0.9_6_1884
QG3030	0.000010	0.000010	0.000010	0.000010	0.999950	0.000010	LD_0.9_6_1884
QG3032	0.000010	0.000010	0.000010	0.000010	0.814089	0.185871	LD_0.9_6_1884
QG3034	0.000010	0.000010	0.000010	0.000010	0.999950	0.000010	LD_0.9_6_1884
QG3041	0.000010	0.000010	0.000010	0.000010	0.999950	0.000010	LD_0.9_6_1884
QG3053	0.000010	0.000010	0.000010	0.000010	0.000010	0.999950	LD_0.9_6_1884
QG3056	0.000010	0.000010	0.000010	0.000010	0.610879	0.389081	LD_0.9_6_1884
QG3057	0.000010	0.000010	0.000010	0.000010	0.999950	0.000010	LD_0.9_6_1884
QG3058	0.000010	0.000010	0.000010	0.000010	0.966268	0.033692	LD_0.9_6_1884
QG3527	0.000010	0.000010	0.000010	0.000010	0.161778	0.838182	LD_0.9_6_1884
QG3661	0.000014	0.999943	0.000010	0.000013	0.000010	0.000010	LD_0.9_6_1884
QG3783	0.000010	0.000015	0.000010	0.000010	0.110654	0.889301	LD_0.9_6_1884
QG3801	0.000010	0.000010	0.000012	0.000010	0.974992	0.024966	LD_0.9_6_1884
QG3815	0.000010	0.000015	0.000010	0.000010	0.116269	0.883686	LD_0.9_6_1884
QG3816	0.000010	0.000010	0.000010	0.000010	0.094669	0.905291	LD_0.9_6_1884
QG3823	0.000010	0.000010	0.000010	0.000010	0.975802	0.024158	LD_0.9_6_1884
QG3825	0.000010	0.000010	0.000014	0.000010	0.033729	0.966228	LD_0.9_6_1884
QG3826	0.000010	0.000010	0.000010	0.000010	0.116205	0.883755	LD_0.9_6_1884
QG3837	0.000010	0.000010	0.000010	0.000010	0.015561	0.984399	LD_0.9_6_1884
QG3851	0.000019	0.000010	0.000010	0.000010	0.125928	0.874024	LD_0.9_6_1884
QG3861	0.000010	0.000010	0.000010	0.000010	0.102512	0.897448	LD_0.9_6_1884
QG3867	0.000010	0.000010	0.000012	0.000010	0.944734	0.055224	LD_0.9_6_1884
QG3874	0.000012	0.000010	0.000010	0.000010	0.037650	0.962308	LD_0.9_6_1884
QG3875	0.000010	0.000015	0.000010	0.000010	0.088635	0.911320	LD_0.9_6_1884
QG3876	0.000013	0.000010	0.000010	0.000010	0.121913	0.878044	LD_0.9_6_1884
QG3878	0.000010	0.000010	0.000010	0.000010	0.093867	0.906093	LD_0.9_6_1884
QG3920	0.000010	0.000019	0.000010	0.000010	0.159792	0.840159	LD_0.9_6_1884
QG3921	0.000010	0.000010	0.000010	0.000010	0.145544	0.854416	LD_0.9_6_1884
QG3923	0.000010	0.000010	0.000010	0.000010	0.060474	0.939486	LD_0.9_6_1884
QG3924	0.000010	0.000010	0.000010	0.000010	0.239301	0.760659	LD_0.9_6_1884
QG3925	0.000010	0.000010	0.000010	0.000010	0.145587	0.854373	LD_0.9_6_1884
QG3926	0.000019	0.000017	0.000012	0.000010	0.123302	0.876640	LD_0.9_6_1884
QG3927	0.000010	0.000010	0.000010	0.000010	0.132227	0.867733	LD_0.9_6_1884
QG3931	0.000010	0.000010	0.000010	0.000010	0.259220	0.740740	LD_0.9_6_1884
QG3932	0.000014	0.000010	0.000010	0.000010	0.140033	0.859923	LD_0.9_6_1884
QG3933	0.000010	0.000010	0.000010	0.000010	0.000010	0.999950	LD_0.9_6_1884
QG4026	0.000010	0.000010	0.000010	0.999950	0.000010	0.000010	LD_0.9_6_1884
QG4028	0.000010	0.000016	0.000010	0.999944	0.000010	0.000010	LD_0.9_6_1884
QG4031	0.000010	0.000010	0.000010	0.999950	0.000010	0.000010	LD_0.9_6_1884
QG4063	0.000010	0.000014	0.000010	0.999946	0.000010	0.000010	LD_0.9_6_1884
QG4064	0.000010	0.000010	0.000010	0.999950	0.000010	0.000010	LD_0.9_6_1884
QG4067	0.000011	0.000017	0.000010	0.999942	0.000010	0.000010	LD_0.9_6_1884
QG4068	0.000010	0.000019	0.000010	0.999941	0.000010	0.000010	LD_0.9_6_1884
QG4070	0.000010	0.000010	0.000010	0.000010	0.000010	0.999950	LD_0.9_6_1884
QG4093	0.000010	0.000010	0.000010	0.999950	0.000010	0.000010	LD_0.9_6_1884
QG4094	0.000010	0.000010	0.000010	0.999950	0.000010	0.000010	LD_0.9_6_1884
QG4095	0.000010	0.000014	0.000010	0.999946	0.000010	0.000010	LD_0.9_6_1884
QG4096	0.000010	0.000010	0.000010	0.999950	0.000010	0.000010	LD_0.9_6_1884
QG4097	0.000010	0.000016	0.000010	0.999944	0.000010	0.000010	LD_0.9_6_1884
QG4104	0.000010	0.000010	0.000010	0.999950	0.000010	0.000010	LD_0.9_6_1884
QG4114	0.000010	0.000010	0.000010	0.999950	0.000010	0.000010	LD_0.9_6_1884
QG4131	0.000010	0.000019	0.000010	0.999941	0.000010	0.000010	LD_0.9_6_1884
QG4132	0.000012	0.000010	0.000010	0.999948	0.000010	0.000010	LD_0.9_6_1884
QG4208	0.000010	0.000010	0.000010	0.999950	0.000010	0.000010	LD_0.9_6_1884
QG4214	0.000010	0.000010	0.000013	0.999947	0.000010	0.000010	LD_0.9_6_1884
QG4225	0.000014	0.000010	0.000010	0.999946	0.000010	0.000010	LD_0.9_6_1884
QG4232	0.000010	0.000010	0.000010	0.999950	0.000010	0.000010	LD_0.9_6_1884
QG4233	0.000010	0.000010	0.000010	0.999950	0.000010	0.000010	LD_0.9_6_1884
QG4647	0.000010	0.000010	0.000010	0.000010	0.961566	0.038394	LD_0.9_6_1884
QG4648	0.000010	0.000010	0.000010	0.000010	0.000010	0.999950	LD_0.9_6_1884
QG4683	0.000010	0.000010	0.000010	0.000010	0.000010	0.999950	LD_0.9_6_1884
QG4701	0.000010	0.000010	0.000010	0.000010	0.589026	0.410934	LD_0.9_6_1884
QG4706	0.000010	0.000010	0.000010	0.000010	0.000010	0.999950	LD_0.9_6_1884
QG4718	0.000010	0.000010	0.000010	0.000010	0.000010	0.999950	LD_0.9_6_1884
QG4742	0.000010	0.000010	0.000010	0.000010	0.000010	0.999950	LD_0.9_6_1884
QG4805	0.000010	0.000010	0.000010	0.000010	0.956479	0.043481	LD_0.9_6_1884
QG4847	0.000015	0.000010	0.000010	0.000010	0.000010	0.999945	LD_0.9_6_1884
QG4966	0.000010	0.000010	0.000010	0.000010	0.000010	0.999950	LD_0.9_6_1884
QG5348	0.000010	0.000010	0.000010	0.000010	0.000010	0.999950	LD_0.9_6_1884
QG5406	0.000010	0.000010	0.000010	0.000010	0.000010	0.999950	LD_0.9_6_1884
QG547	0.000010	0.999950	0.000010	0.000010	0.000010	0.000010	LD_0.9_6_1884
QG5474	0.000010	0.000010	0.000010	0.000010	0.643615	0.356345	LD_0.9_6_1884
QG5488	0.000010	0.000010	0.000010	0.000010	0.000010	0.999950	LD_0.9_6_1884
QG550	0.000010	0.000010	0.000017	0.000010	0.074508	0.925445	LD_0.9_6_1884
QG5507	0.000010	0.000010	0.000010	0.000010	0.198300	0.801660	LD_0.9_6_1884
QG5525	0.000010	0.000010	0.000010	0.000010	0.000010	0.999950	LD_0.9_6_1884
QG5589	0.000010	0.000010	0.000010	0.000010	0.833046	0.166914	LD_0.9_6_1884
QG5603	0.000010	0.000010	0.000010	0.000010	0.671862	0.328098	LD_0.9_6_1884
QG5611	0.000010	0.000010	0.000010	0.000010	0.000010	0.999950	LD_0.9_6_1884
QG5612	0.000010	0.000010	0.000010	0.000010	0.004541	0.995419	LD_0.9_6_1884
QG5633	0.000010	0.000010	0.000010	0.000010	0.000010	0.999950	LD_0.9_6_1884
QG581	0.000010	0.999950	0.000010	0.000010	0.000010	0.000010	LD_0.9_6_1884
QG588	0.000010	0.999949	0.000010	0.000011	0.000010	0.000010	LD_0.9_6_1884
QG700	0.000010	0.000010	0.000010	0.000010	0.866182	0.133778	LD_0.9_6_1884
QG727	0.000010	0.000010	0.000010	0.000010	0.999950	0.000010	LD_0.9_6_1884
QG733	0.000010	0.000010	0.000010	0.000010	0.999950	0.000010	LD_0.9_6_1884
QG736	0.000010	0.000010	0.000010	0.000010	0.999950	0.000010	LD_0.9_6_1884
QG737	0.000010	0.000010	0.000010	0.000010	0.999950	0.000010	LD_0.9_6_1884
QG739	0.000010	0.000010	0.000010	0.000010	0.999950	0.000010	LD_0.9_6_1884
QG761	0.000011	0.000010	0.000010	0.000010	0.787389	0.212570	LD_0.9_6_1884
QG763	0.000010	0.000010	0.000012	0.000010	0.971478	0.028480	LD_0.9_6_1884
QG776	0.000010	0.000010	0.000010	0.000010	0.999950	0.000010	LD_0.9_6_1884
QG781	0.000010	0.000010	0.000010	0.000010	0.999950	0.000010	LD_0.9_6_1884
QG784	0.000010	0.000010	0.000010	0.000010	0.999950	0.000010	LD_0.9_6_1884
QG786	0.000010	0.000010	0.000010	0.000010	0.999950	0.000010	LD_0.9_6_1884
QG788	0.000010	0.000010	0.000010	0.000010	0.999950	0.000010	LD_0.9_6_1884
QG790	0.000010	0.000010	0.000010	0.000010	0.999950	0.000010	LD_0.9_6_1884
QG791	0.000010	0.000010	0.000019	0.000010	0.975445	0.024506	LD_0.9_6_1884
QG795	0.000010	0.000010	0.000010	0.000010	0.740239	0.259721	LD_0.9_6_1884
QG797	0.000010	0.000010	0.000010	0.000010	0.999950	0.000010	LD_0.9_6_1884
QG802	0.000010	0.000010	0.000010	0.000010	0.999523	0.000437	LD_0.9_6_1884
QG804	0.000010	0.000010	0.000010	0.000010	0.999950	0.000010	LD_0.9_6_1884
QG806	0.000010	0.000010	0.000010	0.000010	0.999950	0.000010	LD_0.9_6_1884
QG807	0.000010	0.000010	0.000010	0.000010	0.999950	0.000010	LD_0.9_6_1884
QG808	0.000010	0.000013	0.000013	0.000010	0.992108	0.007847	LD_0.9_6_1884
QG809	0.000010	0.000016	0.000010	0.000010	0.999944	0.000010	LD_0.9_6_1884
QG825	0.000010	0.000010	0.000010	0.000010	0.999950	0.000010	LD_0.9_6_1884
QG827	0.000010	0.000010	0.000010	0.000010	0.999950	0.000010	LD_0.9_6_1884
QG828	0.000010	0.000010	0.000010	0.000010	0.999950	0.000010	LD_0.9_6_1884
QG833	0.000010	0.000013	0.000010	0.000010	0.983532	0.016426	LD_0.9_6_1884
QG855	0.000010	0.000010	0.000010	0.000010	0.999950	0.000010	LD_0.9_6_1884
QG856	0.000010	0.000010	0.000010	0.000010	0.999950	0.000010	LD_0.9_6_1884
QG858	0.000010	0.000014	0.000010	0.000010	0.999946	0.000010	LD_0.9_6_1884
QG860	0.000010	0.000010	0.000011	0.000010	0.818354	0.181605	LD_0.9_6_1884
QG864	0.000010	0.000010	0.000010	0.000010	0.999950	0.000010	LD_0.9_6_1884
QG865	0.000010	0.000010	0.000010	0.000010	0.999950	0.000010	LD_0.9_6_1884
QG866	0.000010	0.000010	0.000010	0.000010	0.999950	0.000010	LD_0.9_6_1884
QG868	0.000011	0.000010	0.000010	0.000010	0.986112	0.013848	LD_0.9_6_1884
QG874	0.000010	0.000010	0.000010	0.000010	0.999950	0.000010	LD_0.9_6_1884
QG875	0.000010	0.000010	0.000010	0.000010	0.999950	0.000010	LD_0.9_6_1884
QG878	0.000010	0.000010	0.000010	0.000010	0.999950	0.000010	LD_0.9_6_1884
QG879	0.000010	0.000010	0.000010	0.000010	0.999950	0.000010	LD_0.9_6_1884
QG880	0.000010	0.000010	0.000010	0.000010	0.999950	0.000010	LD_0.9_6_1884
QG881	0.000018	0.000010	0.000010	0.000010	0.781798	0.218154	LD_0.9_6_1884
QG887	0.000010	0.000010	0.000010	0.000010	0.999950	0.000010	LD_0.9_6_1884
QG888	0.000010	0.000010	0.000010	0.000010	0.999950	0.000010	LD_0.9_6_1884
QG926	0.000010	0.000010	0.000010	0.000010	0.999950	0.000010	LD_0.9_6_1884
QG927	0.000010	0.000010	0.000010	0.000010	0.054717	0.945243	LD_0.9_6_1884
QG933	0.000010	0.000010	0.000010	0.000010	0.999950	0.000010	LD_0.9_6_1884
QG937	0.000010	0.000010	0.000010	0.000010	0.999950	0.000010	LD_0.9_6_1884
QG945	0.000010	0.000010	0.000010	0.000010	0.999950	0.000010	LD_0.9_6_1884
QG946	0.000010	0.000010	0.000010	0.000010	0.999950	0.000010	LD_0.9_6_1884
QG947	0.000010	0.000010	0.000010	0.000010	0.999950	0.000010	LD_0.9_6_1884
QG948	0.000010	0.000010	0.000010	0.000010	0.999950	0.000010	LD_0.9_6_1884
QG952	0.000010	0.000010	0.000010	0.000010	0.914818	0.085142	LD_0.9_6_1884
QG978	0.000010	0.000017	0.000010	0.000010	0.895849	0.104103	LD_0.9_6_1884
QG980	0.000010	0.000010	0.000010	0.000010	0.999950	0.000010	LD_0.9_6_1884
QG986	0.000011	0.000010	0.000010	0.000010	0.974038	0.025921	LD_0.9_6_1884
QG991	0.000010	0.000010	0.000010	0.000010	0.999950	0.000010	LD_0.9_6_1884
QG994	0.000010	0.000010	0.000010	0.000010	0.999950	0.000010	LD_0.9_6_1884
QG995	0.000010	0.000010	0.000010	0.000010	0.999950	0.000010	LD_0.9_6_1884
QG997	0.000010	0.000010	0.000010	0.000010	0.999950	0.000010	LD_0.9_6_1884
QG998	0.000010	0.000010	0.000010	0.000010	0.999950	0.000010	LD_0.9_6_1884
QR25	0.104484	0.611118	0.099375	0.028492	0.000010	0.156520	LD_0.9_6_1884
QX1410	0.000010	0.000010	0.000010	0.000010	0.000010	0.999950	LD_0.9_6_1884
QX1547	0.000010	0.999942	0.000018	0.000010	0.000010	0.000010	LD_0.9_6_1884
QX1795	0.000010	0.000010	0.000010	0.000010	0.000010	0.999950	LD_0.9_6_1884
QX1796	0.000010	0.000010	0.000010	0.000010	0.000010	0.999950	LD_0.9_6_1884
QX1798	0.000010	0.000010	0.999950	0.000010	0.000010	0.000010	LD_0.9_6_1884
QX1800	0.000011	0.000010	0.000010	0.000010	0.000010	0.999948	LD_0.9_6_1884
QX1801	0.000010	0.000010	0.000010	0.000010	0.000010	0.999950	LD_0.9_6_1884
QX1802	0.000010	0.000010	0.000010	0.000010	0.000010	0.999950	LD_0.9_6_1884
QX1803	0.000010	0.000010	0.000010	0.000010	0.000010	0.999950	LD_0.9_6_1884
QX1804	0.000010	0.000010	0.000010	0.000010	0.000010	0.999950	LD_0.9_6_1884
SOW18	0.000010	0.999949	0.000011	0.000010	0.000010	0.000010	LD_0.9_6_1884
SOW21	0.000010	0.999950	0.000010	0.000010	0.000010	0.000010	LD_0.9_6_1884
SOW22	0.000010	0.999950	0.000010	0.000010	0.000010	0.000010	LD_0.9_6_1884
TT3408	0.000010	0.000010	0.000010	0.000010	0.000010	0.999950	LD_0.9_6_1884
TT3411	0.000012	0.000010	0.000010	0.000010	0.000010	0.999948	LD_0.9_6_1884
TWN1772	0.000010	0.000019	0.999941	0.000010	0.000010	0.000010	LD_0.9_6_1884
TWN1824	0.999950	0.000010	0.000010	0.000010	0.000010	0.000010	LD_0.9_6_1884
TWN1899	0.999950	0.000010	0.000010	0.000010	0.000010	0.000010	LD_0.9_6_1884
TWN1907	0.000010	0.000010	0.999950	0.000010	0.000010	0.000010	LD_0.9_6_1884
TWN2919	0.000010	0.000010	0.999950	0.000010	0.000010	0.000010	LD_0.9_6_1884
TWN3077	0.000010	0.000010	0.999950	0.000010	0.000010	0.000010	LD_0.9_6_1884
UH1	0.000010	0.000010	0.999950	0.000010	0.000010	0.000010	LD_0.9_6_1884
VSL2201	0.000010	0.000010	0.000010	0.000010	0.000010	0.999950	LD_0.9_6_1884
VSL2207	0.000010	0.000010	0.000010	0.999950	0.000010	0.000010	LD_0.9_6_1884
VSL2209	0.000010	0.000010	0.000010	0.999950	0.000010	0.000010	LD_0.9_6_1884
VSL2210	0.000010	0.000010	0.000010	0.000010	0.000010	0.999950	LD_0.9_6_1884
VSL2212	0.000010	0.000010	0.000010	0.000010	0.000010	0.999950	LD_0.9_6_1884
VSL2213	0.000010	0.000010	0.000010	0.000010	0.000010	0.999950	LD_0.9_6_1884
VSL2215	0.000010	0.000010	0.000010	0.000010	0.025906	0.974054	LD_0.9_6_1884
VSL2216	0.000010	0.000010	0.000010	0.000010	0.000010	0.999950	LD_0.9_6_1884
VSL2217	0.000010	0.000010	0.000010	0.000010	0.965727	0.034233	LD_0.9_6_1884
VSL2219	0.000010	0.000010	0.000010	0.000010	0.000010	0.999950	LD_0.9_6_1884
VT847	0.000010	0.000010	0.000010	0.000010	0.000010	0.999950	LD_0.9_6_1884
VX34	0.117799	0.606999	0.119340	0.009349	0.000010	0.146504	LD_0.9_6_1884
XZ1204	0.000018	0.000017	0.000010	0.000010	0.000010	0.999936	LD_0.9_6_1884
XZ1205	0.000010	0.000010	0.000010	0.000010	0.000010	0.999950	LD_0.9_6_1884
XZ1206	0.000010	0.000010	0.000010	0.000010	0.000010	0.999950	LD_0.9_6_1884
XZ1207	0.000010	0.000010	0.000010	0.000010	0.000010	0.999950	LD_0.9_6_1884
XZ1210	0.000010	0.000010	0.000010	0.000010	0.000010	0.999950	LD_0.9_6_1884
XZ1212	0.000010	0.000010	0.000010	0.000010	0.000010	0.999950	LD_0.9_6_1884
XZ1213	0.000010	0.000010	0.000010	0.000010	0.000010	0.999950	LD_0.9_6_1884
XZ1731	0.000010	0.000010	0.000010	0.000010	0.000010	0.999950	LD_0.9_6_1884
XZ1732	0.000010	0.000010	0.000010	0.000010	0.000010	0.999950	LD_0.9_6_1884
ZZY0992	0.000010	0.000010	0.000010	0.000010	0.999950	0.000010	LD_0.9_6_1884
ZZY1034	0.000010	0.000017	0.000010	0.000010	0.000010	0.999943	LD_0.9_6_1884
ZZY1075	0.000010	0.000010	0.000010	0.000010	0.000010	0.999950	LD_0.9_6_1884
ZZY1123	0.000010	0.000010	0.000010	0.000010	0.994395	0.005565	LD_0.9_6_1884
ZZY1130	0.000011	0.000010	0.000014	0.000010	0.000010	0.999945	LD_0.9_6_1884
ZZY405	0.000010	0.000010	0.000010	0.000010	0.000010	0.999950	LD_0.9_6_1884
