A	B	C	D	E	F	G	H	I	J	K	L	M	N	O	P	Q	R	S	T	U	V	samples
1e-05	1e-05	1e-05	1.4e-05	1e-05	1e-05	1e-05	1e-05	1e-05	1e-05	1.1e-05	1e-05	1e-05	1e-05	0.999779	1e-05	1e-05	1e-05	1.5e-05	1e-05	1e-05	1e-05	AF16
1e-05	1.1e-05	1e-05	0.901706	1e-05	1e-05	1e-05	1e-05	0.098092	1e-05	1e-05	1e-05	1e-05	1e-05	1e-05	1e-05	1.1e-05	1e-05	1e-05	1e-05	1e-05	1e-05	BRC20069
1.7e-05	1e-05	1e-05	0.886957	1e-05	1e-05	1e-05	1e-05	0.112834	1e-05	1.1e-05	1e-05	1.2e-05	1e-05	1e-05	1e-05	1e-05	1e-05	1e-05	1e-05	1e-05	1e-05	BRC20073
1e-05	1e-05	1e-05	1.7e-05	1e-05	0.999772	1e-05	1e-05	1e-05	1e-05	1e-05	1e-05	1e-05	1e-05	1e-05	1.8e-05	1e-05	1.2e-05	1e-05	1.1e-05	1e-05	1e-05	BRC20075
1e-05	1e-05	1e-05	0.822921	1e-05	1e-05	1e-05	1e-05	0.161757	1e-05	1e-05	1e-05	1e-05	1e-05	1e-05	1e-05	1e-05	1e-05	1e-05	1e-05	0.015132	1e-05	BRC20077
1e-05	1e-05	1e-05	1e-05	1e-05	1e-05	0.079408	1e-05	1e-05	1e-05	1e-05	1e-05	1e-05	1e-05	1e-05	0.068017	1e-05	1e-05	0.852384	1e-05	1e-05	1e-05	BRC20081
1e-05	1e-05	1e-05	0.397605	1e-05	1e-05	1e-05	1e-05	0.291583	1e-05	1e-05	1e-05	1e-05	1e-05	1e-05	1e-05	1e-05	1e-05	1e-05	1e-05	1e-05	0.310622	BRC20085
1e-05	1e-05	1e-05	1e-05	1e-05	1e-05	1e-05	1e-05	1e-05	1e-05	1e-05	1e-05	1.2e-05	1e-05	1e-05	0.878325	1e-05	1.7e-05	0.121465	1e-05	1e-05	1e-05	BRC20088
1e-05	1e-05	1e-05	0.985692	1e-05	1e-05	1e-05	1e-05	0.014108	1e-05	1e-05	1e-05	1e-05	1e-05	1e-05	1e-05	1e-05	1e-05	1e-05	1e-05	1e-05	1e-05	BRC20089
1e-05	1e-05	1e-05	0.765094	1e-05	1e-05	1e-05	1e-05	1e-05	1e-05	1e-05	1e-05	1e-05	1e-05	0.139802	1e-05	1e-05	1e-05	1e-05	1e-05	1e-05	0.094914	BRC20090
1e-05	1e-05	1e-05	0.472661	1e-05	1e-05	1e-05	1e-05	0.063387	1e-05	1e-05	1e-05	1e-05	1e-05	0.11876	1e-05	1e-05	1e-05	1e-05	1e-05	1e-05	0.345012	BRC20092
1e-05	1e-05	1e-05	0.99979	1e-05	1e-05	1e-05	1e-05	1e-05	1e-05	1e-05	1e-05	1e-05	1e-05	1e-05	1e-05	1e-05	1e-05	1e-05	1e-05	1e-05	1e-05	BRC20093
1e-05	1e-05	1e-05	0.524339	1e-05	1e-05	1e-05	1e-05	0.024025	1e-05	1e-05	1e-05	1e-05	1e-05	0.062358	1e-05	1e-05	0.043899	1e-05	1e-05	1e-05	0.34521	BRC20094
1.1e-05	1e-05	1e-05	0.884024	1e-05	1e-05	1e-05	1.3e-05	0.115752	1e-05	1e-05	1e-05	1.2e-05	1e-05	1e-05	1e-05	1.9e-05	1.8e-05	1.1e-05	1e-05	1e-05	1e-05	BRC20095
1e-05	1e-05	1e-05	0.99979	1e-05	1e-05	1e-05	1e-05	1e-05	1e-05	1e-05	1e-05	1e-05	1e-05	1e-05	1e-05	1e-05	1e-05	1e-05	1e-05	1e-05	1e-05	BRC20096
1e-05	1e-05	1e-05	0.99979	1e-05	1e-05	1e-05	1e-05	1e-05	1e-05	1e-05	1e-05	1e-05	1e-05	1e-05	1e-05	1e-05	1e-05	1e-05	1e-05	1e-05	1e-05	BRC20098
1e-05	1e-05	1e-05	0.815014	1e-05	1e-05	1e-05	1e-05	0.184784	1e-05	1e-05	1e-05	1e-05	1.1e-05	1e-05	1e-05	1.1e-05	1e-05	1e-05	1e-05	1e-05	1e-05	BRC20099
1e-05	1e-05	1e-05	0.965576	1e-05	1e-05	1e-05	1e-05	0.034224	1e-05	1e-05	1e-05	1e-05	1e-05	1e-05	1e-05	1e-05	1e-05	1e-05	1e-05	1e-05	1e-05	BRC20100
1e-05	1e-05	1e-05	0.99979	1e-05	1e-05	1e-05	1e-05	1e-05	1e-05	1e-05	1e-05	1e-05	1e-05	1e-05	1e-05	1e-05	1e-05	1e-05	1e-05	1e-05	1e-05	BRC20102
1e-05	1e-05	1e-05	0.99979	1e-05	1e-05	1e-05	1e-05	1e-05	1e-05	1e-05	1e-05	1e-05	1e-05	1e-05	1e-05	1e-05	1e-05	1e-05	1e-05	1e-05	1e-05	BRC20103
1e-05	1e-05	1e-05	0.512788	1e-05	1e-05	1e-05	1e-05	1e-05	1e-05	1e-05	1e-05	1e-05	1e-05	0.086765	1e-05	1e-05	1e-05	1e-05	1e-05	1e-05	0.400257	BRC20105
1e-05	1e-05	1e-05	0.355933	1e-05	1e-05	1e-05	1e-05	0.140898	1e-05	1e-05	1e-05	1.1e-05	1e-05	0.108389	1e-05	1e-05	1e-05	1e-05	1e-05	0.036243	0.358366	BRC20107
1e-05	1e-05	1e-05	1e-05	1e-05	1e-05	1e-05	1e-05	1e-05	1e-05	1e-05	1e-05	1e-05	1e-05	1e-05	1e-05	1e-05	1e-05	1e-05	0.99979	1e-05	1e-05	BRC20115
1e-05	1e-05	1e-05	0.124868	1e-05	1e-05	1e-05	1e-05	1e-05	1e-05	1e-05	1e-05	1e-05	0.874932	1e-05	1e-05	1e-05	1e-05	1e-05	1e-05	1e-05	1e-05	BRC20119
1e-05	1e-05	1e-05	0.99979	1e-05	1e-05	1e-05	1e-05	1e-05	1e-05	1e-05	1e-05	1e-05	1e-05	1e-05	1e-05	1e-05	1e-05	1e-05	1e-05	1e-05	1e-05	BRC20228
1e-05	1e-05	1e-05	1e-05	1e-05	0.99979	1e-05	1e-05	1e-05	1e-05	1e-05	1e-05	1e-05	1e-05	1e-05	1e-05	1e-05	1e-05	1e-05	1e-05	1e-05	1e-05	BRC20229
1e-05	1e-05	1e-05	1e-05	1e-05	1e-05	1.4e-05	1e-05	1e-05	1e-05	1e-05	1e-05	1e-05	1e-05	1e-05	0.999786	1e-05	1e-05	1e-05	1e-05	1e-05	1e-05	BRC20230
1e-05	1e-05	1e-05	1e-05	1e-05	0.99979	1e-05	1e-05	1e-05	1e-05	1e-05	1e-05	1e-05	1e-05	1e-05	1e-05	1e-05	1e-05	1e-05	1e-05	1e-05	1e-05	BRC20232
1e-05	1e-05	1e-05	1e-05	1e-05	1e-05	1e-05	1e-05	1e-05	1e-05	1e-05	1e-05	1e-05	1e-05	1e-05	1e-05	1e-05	1e-05	0.99979	1e-05	1e-05	1e-05	BRC20238
1e-05	1e-05	1e-05	1.2e-05	1e-05	0.999788	1e-05	1e-05	1e-05	1e-05	1e-05	1e-05	1e-05	1e-05	1e-05	1e-05	1e-05	1e-05	1e-05	1e-05	1e-05	1e-05	BRC20239
1e-05	1e-05	1e-05	0.918613	1e-05	1e-05	1e-05	1e-05	1e-05	1e-05	1e-05	1e-05	1e-05	0.081187	1e-05	1e-05	1e-05	1e-05	1e-05	1e-05	1e-05	1e-05	BRC20241
1e-05	1e-05	1e-05	0.927276	1e-05	1e-05	1e-05	1e-05	1e-05	1e-05	1e-05	1e-05	1e-05	1e-05	0.072524	1e-05	1e-05	1e-05	1e-05	1e-05	1e-05	1e-05	BRC20242
1e-05	1e-05	1e-05	1e-05	1e-05	1e-05	1e-05	1e-05	1e-05	1e-05	1e-05	1e-05	1e-05	1e-05	1e-05	0.99979	1e-05	1e-05	1e-05	1e-05	1e-05	1e-05	BRC20244
1e-05	1e-05	1e-05	1e-05	1e-05	1e-05	1e-05	1e-05	1e-05	1e-05	1e-05	1e-05	1e-05	1e-05	1e-05	1e-05	1e-05	1e-05	0.99979	1e-05	1e-05	1e-05	BRC20246
1e-05	0.16646	1e-05	1e-05	1e-05	1e-05	1e-05	1e-05	1e-05	1e-05	1e-05	1e-05	1e-05	0.83334	1e-05	1e-05	1e-05	1e-05	1e-05	1e-05	1e-05	1e-05	BRC20257
1e-05	1e-05	1e-05	0.999789	1e-05	1e-05	1e-05	1e-05	1e-05	1e-05	1e-05	1e-05	1e-05	1e-05	1e-05	1e-05	1e-05	1.1e-05	1e-05	1e-05	1e-05	1e-05	BRC20260
1e-05	1e-05	1e-05	1e-05	1e-05	1e-05	0.99979	1e-05	1e-05	1e-05	1e-05	1e-05	1e-05	1e-05	1e-05	1e-05	1e-05	1e-05	1e-05	1e-05	1e-05	1e-05	BRC20270
1e-05	1e-05	1e-05	1e-05	1e-05	1e-05	0.99979	1e-05	1e-05	1e-05	1e-05	1e-05	1e-05	1e-05	1e-05	1e-05	1e-05	1e-05	1e-05	1e-05	1e-05	1e-05	BRC20272
1e-05	1e-05	1e-05	1.1e-05	1e-05	1.2e-05	0.395213	1e-05	1e-05	1e-05	1e-05	1e-05	1e-05	1e-05	1e-05	0.604576	1e-05	1.1e-05	1e-05	1.4e-05	1.2e-05	1e-05	BRC20289
1e-05	1e-05	1e-05	1e-05	1e-05	1e-05	0.372832	1e-05	1e-05	1e-05	1e-05	1e-05	1e-05	1e-05	1e-05	0.626968	1e-05	1e-05	1e-05	1e-05	1e-05	1e-05	BRC20290
1e-05	1e-05	1e-05	0.849606	1e-05	1e-05	1e-05	1e-05	0.060551	1e-05	1e-05	1e-05	1e-05	1e-05	0.089652	1e-05	1e-05	1e-05	1e-05	1e-05	1e-05	1e-05	BRC20294
1e-05	1e-05	1e-05	1e-05	1.1e-05	1.3e-05	0.999779	1.5e-05	1e-05	1e-05	1e-05	1e-05	1e-05	1e-05	1e-05	1e-05	1e-05	1e-05	1e-05	1e-05	1.1e-05	1e-05	BRC20308
1e-05	1e-05	1e-05	1e-05	1.2e-05	1e-05	0.999778	1.5e-05	1e-05	1e-05	1e-05	1e-05	1e-05	1e-05	1e-05	1e-05	1e-05	1.4e-05	1e-05	1.1e-05	1e-05	1e-05	BRC20309
1e-05	1e-05	1e-05	1e-05	1e-05	1e-05	0.99979	1e-05	1e-05	1e-05	1e-05	1e-05	1e-05	1e-05	1e-05	1e-05	1e-05	1e-05	1e-05	1e-05	1e-05	1e-05	BRC20311
1e-05	1e-05	1e-05	1e-05	1.1e-05	1.7e-05	0.999782	1e-05	1e-05	1e-05	1e-05	1e-05	1e-05	1e-05	1e-05	1e-05	1e-05	1e-05	1e-05	1e-05	1e-05	1e-05	BRC20312
1e-05	1e-05	1e-05	1.1e-05	1e-05	1e-05	0.999778	1e-05	1e-05	1.7e-05	1e-05	1e-05	1e-05	1e-05	1e-05	1e-05	1e-05	1e-05	1e-05	1.4e-05	1e-05	1e-05	BRC20315
1e-05	1e-05	1e-05	1e-05	1e-05	1.1e-05	0.999785	1e-05	1e-05	1.1e-05	1.1e-05	1e-05	1.2e-05	1e-05	1e-05	1e-05	1e-05	1e-05	1e-05	1e-05	1e-05	1e-05	BRC20320
1e-05	1e-05	1e-05	0.358879	1e-05	0.640921	1e-05	1e-05	1e-05	1e-05	1e-05	1e-05	1e-05	1e-05	1e-05	1e-05	1e-05	1e-05	1e-05	1e-05	1e-05	1e-05	BRC20324
1e-05	1e-05	1e-05	1e-05	1e-05	1e-05	0.99979	1e-05	1e-05	1e-05	1e-05	1e-05	1e-05	1e-05	1e-05	1e-05	1e-05	1e-05	1e-05	1e-05	1e-05	1e-05	BRC20331
1e-05	1e-05	1e-05	1e-05	1e-05	1e-05	0.552298	1.1e-05	1e-05	1e-05	1e-05	1e-05	1e-05	1e-05	1e-05	0.116513	1e-05	1e-05	0.330997	1e-05	1e-05	1e-05	BRC20333
1e-05	1e-05	1e-05	1e-05	1e-05	1.8e-05	0.999782	1e-05	1e-05	1e-05	1e-05	1e-05	1e-05	1e-05	1e-05	1e-05	1e-05	1e-05	1e-05	1e-05	1e-05	1e-05	BRC20334
1e-05	1e-05	1e-05	1e-05	1e-05	1e-05	0.999787	1e-05	1e-05	1.2e-05	1e-05	1e-05	1e-05	1e-05	1e-05	1e-05	1e-05	1e-05	1e-05	1e-05	1e-05	1e-05	BRC20339
1e-05	1e-05	1e-05	1e-05	1.4e-05	1e-05	0.062783	1e-05	1e-05	1e-05	1e-05	1e-05	1e-05	1e-05	1e-05	0.937011	1e-05	1e-05	1e-05	1e-05	1.2e-05	1e-05	BRC20341
1e-05	1e-05	1e-05	1e-05	1e-05	0.99979	1e-05	1e-05	1e-05	1e-05	1e-05	1e-05	1e-05	1e-05	1e-05	1e-05	1e-05	1e-05	1e-05	1e-05	1e-05	1e-05	BRC20343
1.4e-05	1.4e-05	1.5e-05	1e-05	1e-05	1.5e-05	0.867821	1e-05	1e-05	1e-05	1.1e-05	1e-05	1e-05	1.6e-05	1e-05	0.131949	1e-05	1.1e-05	1e-05	1.2e-05	1.2e-05	1e-05	BRC20346
1e-05	1e-05	1e-05	1e-05	1e-05	0.99979	1e-05	1e-05	1e-05	1e-05	1e-05	1e-05	1e-05	1e-05	1e-05	1e-05	1e-05	1e-05	1e-05	1e-05	1e-05	1e-05	BRC20347
1e-05	1e-05	1.8e-05	1e-05	1e-05	1.3e-05	0.32068	1e-05	1e-05	1e-05	1e-05	1e-05	1e-05	1e-05	1e-05	0.677662	1e-05	1e-05	0.001455	1e-05	1.3e-05	1e-05	BRC20348
1e-05	1.4e-05	1e-05	1e-05	1e-05	1e-05	1e-05	1e-05	1e-05	1e-05	1e-05	1e-05	1e-05	1.1e-05	1e-05	1e-05	1e-05	0.999782	1e-05	1.1e-05	1.1e-05	1e-05	BRC20353
1e-05	1.5e-05	1e-05	1e-05	1e-05	1e-05	1e-05	1e-05	1e-05	1e-05	1e-05	1e-05	1e-05	1e-05	1e-05	1e-05	1e-05	0.999784	1e-05	1e-05	1e-05	1e-05	BRC20360
1e-05	1.4e-05	1.4e-05	1e-05	1e-05	1.1e-05	1.1e-05	1e-05	1e-05	1e-05	1e-05	1.3e-05	1e-05	1.2e-05	1e-05	1e-05	1.3e-05	0.999772	1.1e-05	1e-05	1e-05	1e-05	BRC20361
1e-05	1.9e-05	1e-05	1.1e-05	1e-05	1e-05	1e-05	1e-05	1e-05	1e-05	1e-05	1e-05	1e-05	1.1e-05	1e-05	1e-05	1e-05	0.999778	1e-05	1e-05	1e-05	1e-05	BRC20362
1e-05	1e-05	1e-05	1e-05	1e-05	1.7e-05	0.999782	1e-05	1e-05	1.1e-05	1e-05	1e-05	1e-05	1e-05	1e-05	1e-05	1e-05	1e-05	1e-05	1e-05	1e-05	1e-05	BRC20366
1e-05	1e-05	1.5e-05	1e-05	1e-05	1e-05	0.108401	1e-05	1e-05	1e-05	1e-05	1e-05	1e-05	1e-05	1e-05	0.89139	1.4e-05	1e-05	1e-05	1e-05	1e-05	1e-05	BRC20367
1e-05	1e-05	1e-05	0.976335	1e-05	1e-05	1e-05	1e-05	0.023465	1e-05	1e-05	1e-05	1e-05	1e-05	1e-05	1e-05	1e-05	1e-05	1e-05	1e-05	1e-05	1e-05	BRC20369
1e-05	1.1e-05	1e-05	1e-05	1.2e-05	1e-05	0.999777	1.7e-05	1e-05	1e-05	1e-05	1e-05	1.2e-05	1e-05	1e-05	1e-05	1e-05	1e-05	1e-05	1e-05	1e-05	1e-05	BRC20370
1e-05	1e-05	1e-05	1e-05	0.999787	1e-05	1e-05	1e-05	1e-05	1.2e-05	1e-05	1e-05	1e-05	1e-05	1e-05	1e-05	1e-05	1e-05	1e-05	1e-05	1e-05	1e-05	BRC20388
1e-05	1e-05	1e-05	1e-05	1e-05	1e-05	1e-05	1e-05	1e-05	1e-05	1e-05	1e-05	1e-05	1e-05	1e-05	1e-05	1e-05	1e-05	0.99979	1e-05	1e-05	1e-05	BRC20390
1e-05	1e-05	1e-05	0.999785	1e-05	1e-05	1e-05	1e-05	1e-05	1e-05	1e-05	1e-05	1e-05	1e-05	1.5e-05	1e-05	1e-05	1e-05	1e-05	1e-05	1e-05	1e-05	BRC20401
1e-05	1e-05	1e-05	1e-05	1e-05	1e-05	0.318999	1e-05	1e-05	1e-05	1e-05	1e-05	1e-05	1e-05	1e-05	1e-05	1e-05	1e-05	0.680801	1e-05	1e-05	1e-05	BRC20463
1e-05	1e-05	1e-05	1e-05	1e-05	1e-05	1e-05	1e-05	1e-05	1e-05	1e-05	1e-05	1e-05	1e-05	1e-05	1e-05	1e-05	1e-05	1e-05	0.99979	1e-05	1e-05	BRC20492
1e-05	1e-05	1.1e-05	1e-05	1.1e-05	1e-05	0.459909	1.4e-05	1e-05	1e-05	1e-05	1e-05	1e-05	1e-05	1e-05	0.539885	1e-05	1e-05	1e-05	1e-05	1e-05	1e-05	BRC20499
1e-05	1e-05	1.2e-05	1e-05	1e-05	1e-05	0.889079	1e-05	1e-05	1e-05	1e-05	1e-05	1e-05	1e-05	1e-05	0.11072	1e-05	1e-05	1e-05	1e-05	1e-05	1e-05	BRC20501
1e-05	1e-05	1e-05	1e-05	1e-05	1e-05	1e-05	1e-05	1e-05	1e-05	1e-05	1e-05	1e-05	1e-05	0.01311	1e-05	1e-05	1e-05	1e-05	0.98669	1e-05	1e-05	BRC20502
1e-05	1e-05	1e-05	1e-05	1e-05	1e-05	1e-05	1e-05	1e-05	1e-05	1e-05	1e-05	1e-05	1e-05	0.012961	1e-05	1e-05	1e-05	1e-05	0.986839	1e-05	1e-05	BRC20503
1e-05	1e-05	1e-05	1e-05	1e-05	1e-05	1e-05	1e-05	1e-05	1e-05	1e-05	1e-05	1e-05	1e-05	1e-05	1e-05	1e-05	1e-05	1e-05	0.99979	1e-05	1e-05	BRC20519
1e-05	1e-05	1e-05	1.1e-05	1e-05	1e-05	1e-05	1.6e-05	1e-05	1e-05	1e-05	1e-05	1e-05	1e-05	1e-05	1e-05	1e-05	1e-05	1e-05	0.999783	1e-05	1e-05	BRC20520
1e-05	1e-05	1e-05	1e-05	1e-05	0.99979	1e-05	1e-05	1e-05	1e-05	1e-05	1e-05	1e-05	1e-05	1e-05	1e-05	1e-05	1e-05	1e-05	1e-05	1e-05	1e-05	BRC20522
1e-05	1e-05	1e-05	1e-05	1e-05	0.999779	1e-05	1e-05	1e-05	1.2e-05	1.5e-05	1e-05	1e-05	1e-05	1e-05	1e-05	1.3e-05	1e-05	1e-05	1e-05	1e-05	1e-05	BRC20524
1e-05	1e-05	1e-05	1e-05	1e-05	1e-05	1e-05	1e-05	1e-05	1e-05	1e-05	1e-05	1e-05	1e-05	1e-05	0.99979	1e-05	1e-05	1e-05	1e-05	1e-05	1e-05	BRC20529
1e-05	1e-05	1e-05	1e-05	1e-05	0.99979	1e-05	1e-05	1e-05	1e-05	1e-05	1e-05	1e-05	1e-05	1e-05	1e-05	1e-05	1e-05	1e-05	1e-05	1e-05	1e-05	BRC20530
1e-05	1e-05	1e-05	1e-05	1e-05	0.99979	1e-05	1e-05	1e-05	1e-05	1e-05	1e-05	1e-05	1e-05	1e-05	1e-05	1e-05	1e-05	1e-05	1e-05	1e-05	1e-05	BRC20531
1e-05	1e-05	1e-05	1e-05	1e-05	1.2e-05	1e-05	1e-05	1e-05	1e-05	1e-05	1e-05	1.1e-05	1e-05	1e-05	0.608193	1e-05	1e-05	0.391604	1e-05	1e-05	1e-05	BRC20532
2e-05	1.5e-05	1e-05	1.2e-05	1e-05	1e-05	0.499148	1e-05	1e-05	1.1e-05	1e-05	1e-05	1e-05	1e-05	1e-05	0.500634	1e-05	1e-05	1e-05	1e-05	1e-05	1e-05	BRC20533
1e-05	1e-05	1e-05	1e-05	1e-05	1e-05	0.291481	1e-05	1e-05	1e-05	1e-05	1e-05	1e-05	1e-05	1e-05	0.708319	1e-05	1e-05	1e-05	1e-05	1e-05	1e-05	BRC20534
1e-05	1e-05	1e-05	1e-05	1e-05	1e-05	0.999095	1e-05	1e-05	1e-05	1e-05	1e-05	1.1e-05	1e-05	1e-05	1e-05	1e-05	1e-05	0.000703	1e-05	1e-05	1e-05	BRC20535
1e-05	1e-05	1e-05	1e-05	1e-05	1e-05	0.50524	1e-05	1e-05	1e-05	1e-05	1e-05	1e-05	1e-05	1e-05	0.494548	1e-05	1e-05	1e-05	2e-05	1.2e-05	1e-05	BRC20536
1e-05	1e-05	1e-05	1e-05	1e-05	1e-05	1e-05	1e-05	1e-05	1e-05	1e-05	1e-05	1e-05	1e-05	1e-05	1e-05	1e-05	1e-05	0.99979	1e-05	1e-05	1e-05	BRC20537
1e-05	1e-05	1e-05	1e-05	1e-05	1e-05	1e-05	1e-05	1e-05	1e-05	1e-05	1e-05	1e-05	1e-05	1e-05	1e-05	1e-05	1e-05	1.1e-05	0.999789	1e-05	1e-05	BRC20541
1e-05	1e-05	1e-05	1e-05	1e-05	1.4e-05	1e-05	1e-05	1e-05	1.1e-05	1e-05	1e-05	1e-05	1e-05	1e-05	1e-05	1e-05	1e-05	0.999785	1e-05	1e-05	1e-05	BRC20543
1e-05	1e-05	1e-05	1e-05	1e-05	1e-05	0.913111	1e-05	1e-05	1e-05	1e-05	1e-05	1e-05	1e-05	1e-05	1e-05	1e-05	1e-05	0.086689	1e-05	1e-05	1e-05	BRC20544
1e-05	1e-05	1e-05	1e-05	1e-05	1.1e-05	0.760261	1e-05	1e-05	1e-05	1e-05	1e-05	1e-05	1e-05	1e-05	0.239532	1e-05	1e-05	1e-05	1.7e-05	1e-05	1e-05	BRC20545
1e-05	1e-05	1e-05	0.999779	1e-05	1e-05	1e-05	1e-05	1e-05	1e-05	1e-05	1.3e-05	1e-05	1e-05	1.7e-05	1e-05	1.1e-05	1e-05	1e-05	1e-05	1e-05	1e-05	BRC20556
1e-05	1e-05	1e-05	1e-05	1e-05	1e-05	1e-05	1e-05	1e-05	1e-05	1e-05	1e-05	1e-05	1e-05	1e-05	0.99979	1e-05	1e-05	1e-05	1e-05	1e-05	1e-05	BRC20557
1e-05	1e-05	1e-05	0.294317	1e-05	1e-05	1e-05	1e-05	1e-05	1e-05	1.2e-05	1e-05	1e-05	2e-05	0.705472	1e-05	1e-05	1e-05	1e-05	1e-05	1e-05	1e-05	BRC20565
1e-05	1e-05	1e-05	0.682522	1e-05	1e-05	1e-05	1e-05	0.262513	1e-05	1e-05	1e-05	1e-05	0.054775	1e-05	1e-05	1e-05	1e-05	1e-05	1e-05	1e-05	1e-05	BRC20571
1e-05	1e-05	1e-05	0.861153	1e-05	1e-05	1e-05	1e-05	1e-05	1e-05	1e-05	1.3e-05	1e-05	1e-05	0.138645	1e-05	1e-05	1e-05	1e-05	1e-05	1e-05	1e-05	BRC20574
1e-05	1e-05	1e-05	1e-05	0.999782	1e-05	1e-05	1e-05	1e-05	1e-05	1e-05	1e-05	1.2e-05	1e-05	1e-05	1e-05	1e-05	1e-05	1.6e-05	1e-05	1e-05	1e-05	BW287
0.096228	1e-05	1e-05	1e-05	1e-05	1e-05	1e-05	1e-05	1e-05	1e-05	1e-05	1e-05	1e-05	1e-05	0.903572	1e-05	1e-05	1e-05	1e-05	1e-05	1e-05	1e-05	DF5100
1e-05	1e-05	1e-05	1e-05	1e-05	1e-05	1e-05	1e-05	1e-05	1e-05	1e-05	1e-05	1e-05	1e-05	0.99979	1e-05	1e-05	1e-05	1e-05	1e-05	1e-05	1e-05	ECA1129
0.174315	1e-05	1e-05	0.022267	1e-05	1e-05	1e-05	1e-05	1e-05	1e-05	1e-05	1e-05	1e-05	1e-05	0.803228	1e-05	1e-05	1e-05	1e-05	1e-05	1e-05	1e-05	ECA1143
1e-05	1e-05	1e-05	0.120387	1e-05	1e-05	1e-05	1e-05	1e-05	1e-05	1e-05	1e-05	1e-05	1e-05	0.879413	1e-05	1e-05	1e-05	1e-05	1e-05	1e-05	1e-05	ECA1147
1e-05	1e-05	1e-05	0.219346	1e-05	1e-05	0.024225	1e-05	1e-05	1e-05	1e-05	1e-05	1e-05	1e-05	0.741324	1e-05	1e-05	1e-05	0.014925	1e-05	1e-05	1e-05	ECA1149
1e-05	1e-05	1e-05	0.151936	1e-05	1e-05	1e-05	1e-05	1e-05	1e-05	1e-05	1e-05	1e-05	1e-05	0.847864	1e-05	1e-05	1e-05	1e-05	1e-05	1e-05	1e-05	ECA1160
1.5e-05	1.6e-05	1e-05	0.123934	1e-05	1e-05	1e-05	1e-05	1e-05	1e-05	1e-05	1e-05	1e-05	1e-05	0.875854	1e-05	1e-05	1e-05	1e-05	1e-05	1e-05	1e-05	ECA1164
1e-05	1e-05	1e-05	1e-05	1e-05	1e-05	1e-05	1e-05	1e-05	1e-05	1e-05	1e-05	1e-05	1e-05	1e-05	0.99979	1e-05	1e-05	1e-05	1e-05	1e-05	1e-05	ECA1170
1e-05	1e-05	1e-05	0.013472	1e-05	1e-05	1e-05	1e-05	1e-05	1e-05	1e-05	1e-05	1e-05	1e-05	0.986328	1e-05	1e-05	1e-05	1e-05	1e-05	1e-05	1e-05	ECA1174
1e-05	1e-05	1e-05	1e-05	1e-05	1e-05	1e-05	1e-05	1e-05	1e-05	1e-05	1e-05	1e-05	1e-05	1e-05	1e-05	1e-05	1e-05	0.99979	1e-05	1e-05	1e-05	ECA1383
1e-05	1e-05	1e-05	0.068412	1e-05	1e-05	1e-05	1e-05	1e-05	1e-05	1e-05	1e-05	1e-05	1e-05	0.931388	1e-05	1e-05	1e-05	1e-05	1e-05	1e-05	1e-05	ECA1411
1e-05	1e-05	1e-05	0.472199	1e-05	1e-05	1e-05	1e-05	1e-05	1e-05	1e-05	1e-05	1e-05	1e-05	0.527601	1e-05	1e-05	1e-05	1e-05	1e-05	1e-05	1e-05	ECA1423
1e-05	1.7e-05	1e-05	0.053925	1e-05	1e-05	1e-05	1e-05	1e-05	1e-05	1e-05	1e-05	1e-05	1e-05	0.945868	1e-05	1e-05	1e-05	1e-05	1e-05	1e-05	1e-05	ECA1429
1e-05	1e-05	1e-05	0.992229	1e-05	1e-05	1e-05	1e-05	1.2e-05	1e-05	1e-05	1e-05	1e-05	1e-05	0.007569	1e-05	1e-05	1e-05	1e-05	1e-05	1e-05	1e-05	ECA1431
1e-05	1e-05	1e-05	0.15024	1e-05	1e-05	1e-05	1e-05	1e-05	1e-05	1e-05	1e-05	1e-05	1e-05	0.849559	1e-05	1e-05	1.1e-05	1e-05	1e-05	1e-05	1e-05	ECA1437
1e-05	1e-05	1e-05	0.107715	1e-05	1e-05	1e-05	1e-05	1e-05	1e-05	1e-05	1e-05	1e-05	1e-05	0.840966	1e-05	1e-05	1e-05	1e-05	1e-05	0.051129	1e-05	ECA1439
1e-05	1.3e-05	1e-05	0.025551	1e-05	1e-05	0.157336	1e-05	1.3e-05	1e-05	1.4e-05	1e-05	1e-05	1.1e-05	0.031306	0.01096	1e-05	1.9e-05	0.774655	1e-05	1e-05	1e-05	ECA1443
1e-05	1e-05	1e-05	0.053954	1e-05	1e-05	1e-05	1e-05	1e-05	1e-05	1e-05	1e-05	1e-05	1e-05	0.945846	1e-05	1e-05	1e-05	1e-05	1e-05	1e-05	1e-05	ECA1471
0.202445	1e-05	1e-05	1e-05	1e-05	1e-05	1e-05	1e-05	0.043295	1e-05	1e-05	1e-05	1e-05	1e-05	0.73405	1e-05	0.02003	1e-05	1e-05	1e-05	1e-05	1e-05	ECA1489
1e-05	1e-05	1e-05	0.117332	1e-05	1e-05	1e-05	1e-05	1e-05	1e-05	1e-05	1e-05	1e-05	1e-05	0.882468	1e-05	1e-05	1e-05	1e-05	1e-05	1e-05	1e-05	ECA1507
1e-05	1e-05	1e-05	1e-05	1e-05	1e-05	1e-05	1e-05	1e-05	1e-05	1e-05	1e-05	1e-05	1e-05	0.999781	1e-05	1.1e-05	1e-05	1e-05	1e-05	1.7e-05	1e-05	ECA1509
1e-05	1e-05	1e-05	1e-05	1e-05	1e-05	1e-05	1e-05	1e-05	1e-05	1e-05	1e-05	1e-05	1e-05	0.99979	1e-05	1e-05	1e-05	1e-05	1e-05	1e-05	1e-05	ECA1517
1e-05	1e-05	1.2e-05	0.256177	1e-05	1e-05	1e-05	1.1e-05	1e-05	1e-05	1.1e-05	1e-05	1e-05	1e-05	0.743619	1e-05	1e-05	1e-05	1e-05	1e-05	1e-05	1e-05	ECA1521
1e-05	1e-05	1e-05	0.225309	1e-05	1e-05	1e-05	1e-05	1e-05	1e-05	1e-05	1e-05	1e-05	1e-05	0.774491	1e-05	1e-05	1e-05	1e-05	1e-05	1e-05	1e-05	ECA1555
1e-05	1e-05	1e-05	1e-05	1e-05	1e-05	1e-05	1e-05	1e-05	1e-05	1e-05	1e-05	1e-05	1e-05	1e-05	0.999784	1e-05	1e-05	1e-05	1e-05	1.6e-05	1e-05	ECA1559
1e-05	1e-05	1e-05	0.087394	1e-05	1e-05	1e-05	1e-05	1e-05	1e-05	1e-05	1e-05	1e-05	1e-05	0.912406	1e-05	1e-05	1e-05	1e-05	1e-05	1e-05	1e-05	ECA1563
0.196996	1e-05	1e-05	1e-05	1e-05	1e-05	1e-05	1e-05	1e-05	1e-05	1e-05	1e-05	1e-05	1e-05	0.802804	1e-05	1e-05	1e-05	1e-05	1e-05	1e-05	1e-05	ECA1571
1e-05	1.2e-05	1e-05	0.343618	1e-05	1e-05	1e-05	1e-05	1e-05	1e-05	1e-05	1e-05	1e-05	1e-05	0.656173	1e-05	1e-05	1e-05	1e-05	1e-05	1.6e-05	1e-05	ECA1587
0.058674	1e-05	1e-05	1e-05	1e-05	1e-05	1e-05	1e-05	1e-05	1e-05	1e-05	1e-05	1e-05	1e-05	0.057718	0.883419	1e-05	1e-05	1e-05	1e-05	1e-05	1e-05	ECA1605
1e-05	1e-05	1e-05	1e-05	1e-05	1e-05	1.2e-05	1e-05	1e-05	1e-05	1e-05	1e-05	1e-05	1e-05	0.999782	1e-05	1e-05	1e-05	1e-05	1e-05	1.6e-05	1e-05	ECA1609
1e-05	1e-05	1e-05	0.408941	1e-05	1e-05	1e-05	1e-05	1e-05	1e-05	1e-05	1e-05	1e-05	1e-05	0.590859	1e-05	1e-05	1e-05	1e-05	1e-05	1e-05	1e-05	ECA161
1e-05	1e-05	1e-05	1e-05	1e-05	1e-05	1e-05	1e-05	1e-05	1e-05	1e-05	1e-05	1e-05	1e-05	0.99979	1e-05	1e-05	1e-05	1e-05	1e-05	1e-05	1e-05	ECA1611
1e-05	1e-05	1e-05	1e-05	1e-05	1e-05	1e-05	1e-05	1e-05	1e-05	1e-05	1e-05	1e-05	1e-05	0.99979	1e-05	1e-05	1e-05	1e-05	1e-05	1e-05	1e-05	ECA1615
1e-05	1.1e-05	1e-05	0.440797	1e-05	1e-05	1e-05	1e-05	0.181948	1e-05	1e-05	1e-05	1e-05	1e-05	0.377064	1e-05	1e-05	1e-05	1e-05	1e-05	1e-05	1e-05	ECA162
1e-05	1e-05	1e-05	1e-05	1e-05	1e-05	1e-05	1e-05	0.075622	1e-05	1e-05	1e-05	1e-05	1e-05	0.924178	1e-05	1e-05	1e-05	1e-05	1e-05	1e-05	1e-05	ECA1621
1e-05	1e-05	1e-05	1e-05	1e-05	1e-05	1e-05	1e-05	1e-05	1e-05	1e-05	1e-05	1e-05	1e-05	1e-05	1e-05	1e-05	1e-05	1e-05	0.99979	1e-05	1e-05	ECA163
1e-05	1e-05	1e-05	0.892087	1e-05	1e-05	1e-05	1e-05	1e-05	1e-05	1e-05	1e-05	1e-05	1e-05	0.107713	1e-05	1e-05	1e-05	1e-05	1e-05	1e-05	1e-05	ECA1637
1e-05	0.010721	1e-05	0.33158	1e-05	1e-05	1e-05	1e-05	1e-05	1e-05	1e-05	1e-05	1e-05	1e-05	0.657509	1e-05	1e-05	1e-05	1e-05	1e-05	1e-05	1e-05	ECA1657
1e-05	1e-05	1e-05	0.507271	1e-05	1e-05	1e-05	1e-05	0.434149	1e-05	1e-05	0.003324	1e-05	1e-05	0.055076	1e-05	1e-05	1e-05	1e-05	1e-05	1e-05	1e-05	ECA1701
1e-05	1e-05	1e-05	0.173321	1e-05	1e-05	1e-05	1e-05	1e-05	1e-05	1e-05	1e-05	1e-05	1e-05	0.826479	1e-05	1e-05	1e-05	1e-05	1e-05	1e-05	1e-05	ECA175
1e-05	1e-05	1e-05	0.161195	1e-05	1e-05	1e-05	1e-05	1e-05	1e-05	1e-05	1e-05	1e-05	1e-05	0.838605	1e-05	1e-05	1e-05	1e-05	1e-05	1e-05	1e-05	ECA176
1e-05	1.1e-05	1e-05	0.118663	1e-05	1e-05	1e-05	1e-05	1e-05	1e-05	1e-05	1e-05	1e-05	1e-05	0.881136	1e-05	1e-05	1e-05	1e-05	1e-05	1e-05	1e-05	ECA177
1e-05	1.7e-05	1e-05	1e-05	1e-05	1e-05	1e-05	1e-05	1e-05	1e-05	1e-05	1e-05	1e-05	1e-05	0.999783	1e-05	1e-05	1e-05	1e-05	1e-05	1e-05	1e-05	ECA180
1e-05	1e-05	1e-05	0.143492	1e-05	1e-05	1e-05	1e-05	1e-05	1e-05	1e-05	1e-05	1e-05	1e-05	0.856308	1e-05	1e-05	1e-05	1e-05	1e-05	1e-05	1e-05	ECA182
1e-05	1e-05	1e-05	1e-05	1e-05	1e-05	1e-05	1e-05	1e-05	1e-05	1e-05	1e-05	1e-05	1e-05	0.99979	1e-05	1e-05	1e-05	1e-05	1e-05	1e-05	1e-05	ECA183
1e-05	1e-05	1.1e-05	1e-05	1e-05	1e-05	1e-05	1e-05	1e-05	1e-05	1.1e-05	1e-05	1e-05	1e-05	0.999787	1e-05	1e-05	1e-05	1e-05	1e-05	1e-05	1e-05	ECA185
1e-05	1e-05	1e-05	0.188517	1e-05	1e-05	1e-05	1e-05	1e-05	1e-05	1e-05	1e-05	1e-05	1e-05	0.771025	1e-05	1e-05	1e-05	1e-05	1e-05	0.040268	1e-05	ECA186
1e-05	1e-05	1e-05	1e-05	1e-05	1e-05	1e-05	1e-05	1e-05	1e-05	1e-05	1e-05	1e-05	1e-05	0.99979	1e-05	1e-05	1e-05	1e-05	1e-05	1e-05	1e-05	ECA2083
1e-05	1e-05	1e-05	0.180495	1e-05	1e-05	1e-05	1e-05	1e-05	1e-05	1e-05	1e-05	1e-05	1e-05	0.819305	1e-05	1e-05	1e-05	1e-05	1e-05	1e-05	1e-05	ECA2093
1e-05	1.5e-05	1e-05	0.888838	1e-05	1e-05	1e-05	1e-05	1e-05	1e-05	1.3e-05	1.2e-05	1e-05	1e-05	0.110946	1e-05	1.5e-05	1e-05	1e-05	1.1e-05	1e-05	1e-05	ECA2115
1e-05	1e-05	1.1e-05	1e-05	1e-05	1.1e-05	0.999785	1e-05	1e-05	1e-05	1e-05	1e-05	1e-05	1e-05	1e-05	1e-05	1e-05	1.1e-05	1e-05	1e-05	1.1e-05	1e-05	ECA2299
1e-05	1e-05	1e-05	0.886097	1e-05	1e-05	1e-05	1e-05	1e-05	1e-05	1e-05	0.048427	1e-05	1e-05	0.06528	1e-05	1e-05	1.6e-05	1e-05	1e-05	1e-05	1e-05	ECA2373
1e-05	1e-05	1.9e-05	1e-05	1e-05	1e-05	1e-05	1e-05	1e-05	1.3e-05	1.1e-05	1.2e-05	1e-05	1e-05	1e-05	1e-05	1e-05	1e-05	0.999775	1e-05	1e-05	1e-05	ECA2385
1.3e-05	1e-05	1e-05	0.906874	1e-05	1e-05	1e-05	1e-05	1e-05	1e-05	1.2e-05	1.6e-05	1e-05	1.2e-05	0.092906	1e-05	1e-05	1e-05	1e-05	1e-05	1.7e-05	1e-05	ECA2425
1e-05	1e-05	1.3e-05	1e-05	1e-05	1.3e-05	1e-05	1.1e-05	1e-05	1.7e-05	1e-05	1e-05	0.999772	1e-05	1e-05	1e-05	1e-05	1e-05	1e-05	1.4e-05	1e-05	1e-05	ECA2617
1e-05	1e-05	1e-05	1e-05	1e-05	1.1e-05	1e-05	1e-05	1e-05	1.5e-05	1e-05	1e-05	0.999784	1e-05	1e-05	1e-05	1e-05	1e-05	1e-05	1e-05	1e-05	1e-05	ECA2618
1e-05	1e-05	1.2e-05	1e-05	1e-05	1e-05	1e-05	1.3e-05	1e-05	1e-05	1e-05	1e-05	0.999784	1e-05	1e-05	1e-05	1.1e-05	1e-05	1e-05	1.1e-05	1e-05	1e-05	ECA2621
1e-05	1e-05	1e-05	1e-05	1e-05	1e-05	1e-05	1e-05	1e-05	1e-05	1e-05	1e-05	1e-05	1e-05	1e-05	1e-05	1e-05	1e-05	1e-05	1e-05	0.99979	1e-05	ECA2623
1e-05	1e-05	1e-05	0.727503	1e-05	1e-05	1e-05	1e-05	1e-05	1e-05	1e-05	1e-05	1e-05	1e-05	0.272297	1e-05	1e-05	1e-05	1e-05	1e-05	1e-05	1e-05	ECA2625
1e-05	1e-05	1e-05	0.868847	1e-05	1e-05	1e-05	1e-05	1e-05	1e-05	1e-05	1.8e-05	1e-05	1e-05	0.130945	1e-05	1e-05	1e-05	1e-05	1e-05	1e-05	1e-05	ECA2626
1e-05	1e-05	1e-05	0.99979	1e-05	1e-05	1e-05	1e-05	1e-05	1e-05	1e-05	1e-05	1e-05	1e-05	1e-05	1e-05	1e-05	1e-05	1e-05	1e-05	1e-05	1e-05	ECA2636
1e-05	1e-05	1e-05	0.143066	1e-05	1e-05	1e-05	1e-05	0.089691	1e-05	1e-05	1e-05	1e-05	1e-05	0.767053	1e-05	1e-05	1e-05	1e-05	1e-05	1e-05	1e-05	ECA2637
1e-05	1e-05	1e-05	1e-05	1e-05	1e-05	1e-05	1e-05	1e-05	1e-05	1e-05	1e-05	0.99979	1e-05	1e-05	1e-05	1e-05	1e-05	1e-05	1e-05	1e-05	1e-05	ECA2639
1e-05	1e-05	1e-05	0.749913	1e-05	1e-05	1e-05	1e-05	1e-05	1e-05	1e-05	1e-05	1e-05	1e-05	0.249887	1e-05	1e-05	1e-05	1e-05	1e-05	1e-05	1e-05	ECA2645
1e-05	1e-05	1e-05	1e-05	1e-05	1e-05	1e-05	1e-05	1e-05	1e-05	1e-05	1e-05	0.99979	1e-05	1e-05	1e-05	1e-05	1e-05	1e-05	1e-05	1e-05	1e-05	ECA2647
1e-05	1e-05	1e-05	0.846862	1e-05	1e-05	1e-05	1e-05	1e-05	1e-05	1e-05	1e-05	1e-05	1e-05	0.152938	1e-05	1e-05	1e-05	1e-05	1e-05	1e-05	1e-05	ECA2663
0.025643	1e-05	1e-05	1e-05	1e-05	1e-05	1e-05	1e-05	1e-05	1e-05	1e-05	1e-05	1e-05	1e-05	1e-05	1e-05	1e-05	1e-05	1e-05	1e-05	0.974157	1e-05	ECA2664
1e-05	1e-05	1e-05	1e-05	1e-05	1e-05	1e-05	1e-05	1e-05	1e-05	1e-05	1e-05	0.99979	1e-05	1e-05	1e-05	1e-05	1e-05	1e-05	1e-05	1e-05	1e-05	ECA2666
1e-05	1e-05	1e-05	0.99979	1e-05	1e-05	1e-05	1e-05	1e-05	1e-05	1e-05	1e-05	1e-05	1e-05	1e-05	1e-05	1e-05	1e-05	1e-05	1e-05	1e-05	1e-05	ECA2667
1e-05	1e-05	1e-05	1e-05	1e-05	1e-05	1e-05	1e-05	1e-05	1e-05	1e-05	1e-05	0.99979	1e-05	1e-05	1e-05	1e-05	1e-05	1e-05	1e-05	1e-05	1e-05	ECA2670
1e-05	1e-05	1e-05	1e-05	1e-05	1e-05	1e-05	1e-05	1.3e-05	1e-05	1e-05	1e-05	1e-05	1e-05	1e-05	1e-05	1e-05	1e-05	1e-05	0.999787	1e-05	1e-05	ECA276
1e-05	1e-05	1e-05	1e-05	0.99979	1e-05	1e-05	1e-05	1e-05	1e-05	1e-05	1e-05	1e-05	1e-05	1e-05	1e-05	1e-05	1e-05	1e-05	1e-05	1e-05	1e-05	ECA278
1e-05	1e-05	1e-05	0.118033	1e-05	1e-05	1e-05	1e-05	1e-05	1e-05	1e-05	1e-05	1e-05	1e-05	0.798546	1e-05	1e-05	1.1e-05	1e-05	1e-05	0.083229	1e-05	ECA2808
1e-05	1e-05	1e-05	1e-05	1e-05	1e-05	1e-05	1e-05	1e-05	1e-05	1e-05	1e-05	1e-05	1e-05	1e-05	0.925077	1e-05	1e-05	0.074723	1e-05	1e-05	1e-05	ECA287
1e-05	1e-05	1e-05	1e-05	1e-05	1e-05	1e-05	1e-05	1e-05	1e-05	1e-05	1e-05	1e-05	1e-05	1e-05	0.106007	1e-05	1e-05	1e-05	1e-05	0.893793	1e-05	ECA288
1e-05	1e-05	1e-05	1e-05	1e-05	1e-05	1e-05	1e-05	1e-05	1e-05	1e-05	1e-05	1e-05	1e-05	0.99979	1e-05	1e-05	1e-05	1e-05	1e-05	1e-05	1e-05	ECA2883
1e-05	1e-05	1e-05	0.164537	1e-05	1e-05	1e-05	1e-05	1e-05	1e-05	1e-05	1e-05	1e-05	1e-05	0.835263	1e-05	1e-05	1e-05	1e-05	1e-05	1e-05	1e-05	ECA2890
1e-05	1e-05	1e-05	0.094924	1e-05	1e-05	1e-05	1e-05	1e-05	1e-05	1e-05	1e-05	1e-05	1e-05	0.854876	1e-05	1e-05	1e-05	1e-05	1e-05	0.050011	1e-05	ECA2894
1e-05	1e-05	1e-05	1e-05	1.1e-05	1e-05	0.17876	1e-05	1e-05	1e-05	1e-05	1e-05	1e-05	1e-05	1.9e-05	0.029669	1e-05	1e-05	0.791363	1.8e-05	1e-05	1e-05	ECA2936
1e-05	1e-05	1e-05	0.207157	1e-05	1e-05	1e-05	1e-05	1e-05	1e-05	1e-05	1e-05	1e-05	1e-05	0.792643	1e-05	1e-05	1e-05	1e-05	1e-05	1e-05	1e-05	ECA2975
1e-05	1e-05	1e-05	1e-05	1e-05	1e-05	1e-05	1e-05	1e-05	1e-05	1e-05	1.9e-05	1e-05	1e-05	0.999781	1e-05	1e-05	1e-05	1e-05	1e-05	1e-05	1e-05	ECA3091
1e-05	1e-05	1e-05	1e-05	1e-05	1e-05	1e-05	1e-05	1e-05	1e-05	1e-05	1.6e-05	1e-05	1e-05	0.999784	1e-05	1e-05	1e-05	1e-05	1e-05	1e-05	1e-05	ECA343
1e-05	1e-05	1e-05	1e-05	1e-05	1e-05	1e-05	1e-05	1e-05	1e-05	1e-05	1e-05	1e-05	1e-05	0.944586	1e-05	1e-05	1e-05	1e-05	1e-05	0.055214	1e-05	ECA346
1e-05	1e-05	1e-05	1e-05	1e-05	1e-05	1e-05	1e-05	1e-05	1e-05	1e-05	1e-05	1e-05	1e-05	1e-05	1e-05	1e-05	1e-05	0.99979	1e-05	1e-05	1e-05	ECA3502
1e-05	1e-05	1e-05	0.339117	1e-05	1e-05	1e-05	1e-05	1e-05	1e-05	1e-05	1e-05	1e-05	1e-05	0.660683	1e-05	1e-05	1e-05	1e-05	1e-05	1e-05	1e-05	ECA3503
1e-05	1e-05	1e-05	0.034712	1e-05	1e-05	1e-05	1e-05	1e-05	1e-05	1e-05	1e-05	1e-05	1e-05	0.965088	1e-05	1e-05	1e-05	1e-05	1e-05	1e-05	1e-05	ECA3509
1e-05	1e-05	1e-05	1e-05	1e-05	1e-05	1e-05	1e-05	1e-05	1e-05	1e-05	1e-05	1e-05	1e-05	0.99979	1e-05	1e-05	1e-05	1e-05	1e-05	1e-05	1e-05	ECA3708
1e-05	1e-05	1e-05	0.064417	1e-05	1e-05	1e-05	1e-05	1e-05	1e-05	1e-05	1e-05	1e-05	1e-05	0.935383	1e-05	1e-05	1e-05	1e-05	1e-05	1e-05	1e-05	ECA371
1e-05	1e-05	1e-05	1e-05	1e-05	1e-05	1e-05	1e-05	1e-05	1e-05	1e-05	1e-05	1e-05	1e-05	0.999781	1e-05	1.9e-05	1e-05	1e-05	1e-05	1e-05	1e-05	ECA3712
1e-05	1e-05	1e-05	0.090355	1e-05	1e-05	1e-05	1e-05	1e-05	1e-05	1e-05	1e-05	1e-05	1e-05	0.909445	1e-05	1e-05	1e-05	1e-05	1e-05	1e-05	1e-05	ECA3713
1e-05	1e-05	1e-05	0.147222	1e-05	1e-05	1.2e-05	1e-05	1e-05	1e-05	1e-05	1e-05	1e-05	1e-05	0.852571	1e-05	1e-05	1e-05	1.4e-05	1e-05	1e-05	1e-05	ECA3899
1e-05	1e-05	1e-05	1e-05	1e-05	1e-05	1e-05	1e-05	1e-05	1e-05	1e-05	1e-05	1e-05	1e-05	0.99979	1e-05	1e-05	1e-05	1e-05	1e-05	1e-05	1e-05	ECA4382
1e-05	1e-05	1e-05	1e-05	1e-05	1e-05	1e-05	1e-05	1e-05	1e-05	1e-05	1e-05	1e-05	1e-05	1e-05	1e-05	1e-05	1e-05	1e-05	1e-05	0.99979	1e-05	ECA4390
1e-05	1e-05	1e-05	0.401752	1e-05	1e-05	1e-05	1e-05	0.235937	1e-05	1e-05	1e-05	1e-05	1e-05	0.362121	1e-05	1e-05	1e-05	1e-05	1e-05	1e-05	1e-05	ECA4394
1e-05	1e-05	1e-05	0.32629	1e-05	1e-05	1e-05	1e-05	1e-05	1e-05	1e-05	1e-05	1e-05	1e-05	0.186714	1.2e-05	1.5e-05	1e-05	1e-05	1e-05	0.486799	1e-05	ECA4402
1e-05	1e-05	1.1e-05	1e-05	0.999776	1e-05	1e-05	1e-05	1e-05	1.9e-05	1.2e-05	1.2e-05	1e-05	1e-05	1e-05	1e-05	1e-05	1e-05	1e-05	1e-05	1e-05	1e-05	ECA569
1e-05	1e-05	1e-05	0.893557	1e-05	1e-05	1e-05	1e-05	0.106243	1e-05	1e-05	1e-05	1e-05	1e-05	1e-05	1e-05	1e-05	1e-05	1e-05	1e-05	1e-05	1e-05	ED3032
1e-05	1e-05	1e-05	0.99979	1e-05	1e-05	1e-05	1e-05	1e-05	1e-05	1e-05	1e-05	1e-05	1e-05	1e-05	1e-05	1e-05	1e-05	1e-05	1e-05	1e-05	1e-05	ED3037
1e-05	1e-05	1e-05	1e-05	1e-05	1e-05	1e-05	1e-05	1e-05	1e-05	1e-05	1e-05	1e-05	1e-05	0.99979	1e-05	1e-05	1e-05	1e-05	1e-05	1e-05	1e-05	ED3088
1e-05	1e-05	1e-05	1e-05	1e-05	1e-05	1e-05	1.9e-05	1e-05	1e-05	1e-05	1e-05	1e-05	1e-05	1e-05	1e-05	1e-05	1e-05	1e-05	0.999781	1e-05	1e-05	ED3102
1e-05	1e-05	1e-05	1e-05	0.999787	1e-05	1.2e-05	1e-05	1e-05	1e-05	1e-05	1e-05	1e-05	1.2e-05	1e-05	1e-05	1e-05	1e-05	1e-05	1e-05	1e-05	1e-05	EG4360
1e-05	1e-05	1e-05	1e-05	1e-05	1.5e-05	1e-05	1e-05	1e-05	1e-05	1e-05	1e-05	1e-05	1.4e-05	1.3e-05	1e-05	1e-05	0.999778	1e-05	1e-05	1e-05	1e-05	EG5612
1e-05	0.01493	1e-05	1e-05	1e-05	1e-05	1e-05	1e-05	1e-05	1e-05	1e-05	1e-05	1e-05	0.020507	0.288984	1e-05	1e-05	0.019366	1e-05	1e-05	0.656043	1e-05	EG5613
1e-05	0.008522	1e-05	0.434249	1e-05	1e-05	1e-05	1e-05	0.021265	1e-05	1e-05	1e-05	1e-05	0.002133	0.42544	1e-05	1e-05	0.035968	1e-05	1e-05	0.072273	1e-05	EG6179
1e-05	1e-05	1e-05	1e-05	1e-05	1e-05	1e-05	1e-05	1e-05	1e-05	1e-05	1e-05	1e-05	1e-05	1e-05	1e-05	1e-05	1e-05	1e-05	1e-05	0.99979	1e-05	EG6260
1e-05	1e-05	1e-05	1e-05	1e-05	1e-05	1e-05	1e-05	1e-05	1e-05	1e-05	1e-05	1e-05	1e-05	0.530249	1e-05	1e-05	1e-05	1e-05	1e-05	0.469551	1e-05	EG6261
1e-05	1e-05	1e-05	1e-05	1e-05	1e-05	0.175166	1e-05	1e-05	1e-05	1e-05	1e-05	1e-05	1e-05	1e-05	0.003258	1e-05	1e-05	0.821386	1e-05	1e-05	1e-05	EG6265
1e-05	1e-05	1e-05	1e-05	1e-05	1e-05	1e-05	1e-05	1e-05	1e-05	1e-05	1e-05	1e-05	1e-05	0.719433	1e-05	1e-05	1e-05	1e-05	1e-05	0.280367	1e-05	EG6267
0.054219	1.2e-05	1e-05	1.7e-05	1e-05	1e-05	1e-05	1e-05	1e-05	1e-05	1e-05	1e-05	1e-05	1e-05	1e-05	1e-05	1e-05	1e-05	1e-05	1e-05	0.945572	1e-05	EG6271
0.062603	1e-05	1e-05	1e-05	1e-05	1e-05	1e-05	1e-05	1e-05	1e-05	1e-05	0.018274	1e-05	1e-05	0.386809	1e-05	1e-05	1e-05	1e-05	1e-05	0.532134	1e-05	EG6272
1e-05	1e-05	1e-05	1e-05	1e-05	1e-05	1e-05	1e-05	1e-05	1e-05	1e-05	1e-05	1e-05	1e-05	0.31603	1e-05	1e-05	1e-05	1e-05	1e-05	0.68377	1e-05	EG6274
1e-05	1e-05	1e-05	0.03893	1e-05	1e-05	1e-05	1e-05	1e-05	1e-05	1e-05	1e-05	1e-05	1e-05	0.288285	1e-05	1e-05	1e-05	1e-05	1e-05	0.672594	1e-05	EG6275
1e-05	1e-05	1e-05	1e-05	1e-05	1e-05	1e-05	1e-05	1e-05	1e-05	1e-05	1e-05	1e-05	1e-05	0.483573	1e-05	1e-05	1e-05	1e-05	1e-05	0.516227	1e-05	EG6276
0.45767	1e-05	1e-05	1e-05	1e-05	1e-05	1e-05	1e-05	1e-05	1e-05	1e-05	1e-05	1e-05	1e-05	0.033196	1e-05	1e-05	1e-05	1e-05	1e-05	0.508943	1e-05	EG6329
1e-05	1e-05	1e-05	1e-05	0.99979	1e-05	1e-05	1e-05	1e-05	1e-05	1e-05	1e-05	1e-05	1e-05	1e-05	1e-05	1e-05	1e-05	1e-05	1e-05	1e-05	1e-05	GUN124
1e-05	1e-05	1e-05	0.99979	1e-05	1e-05	1e-05	1e-05	1e-05	1e-05	1e-05	1e-05	1e-05	1e-05	1e-05	1e-05	1e-05	1e-05	1e-05	1e-05	1e-05	1e-05	GXW22
1e-05	1e-05	1e-05	1e-05	1e-05	1e-05	1e-05	1e-05	0.72371	1e-05	1e-05	1e-05	1e-05	1.2e-05	1e-05	1e-05	1e-05	0.276088	1e-05	1e-05	1e-05	1e-05	GXW23
1e-05	1e-05	1e-05	1e-05	0.99979	1e-05	1e-05	1e-05	1e-05	1e-05	1e-05	1e-05	1e-05	1e-05	1e-05	1e-05	1e-05	1e-05	1e-05	1e-05	1e-05	1e-05	HK104
1e-05	1e-05	0.99979	1e-05	1e-05	1e-05	1e-05	1e-05	1e-05	1e-05	1e-05	1e-05	1e-05	1e-05	1e-05	1e-05	1e-05	1e-05	1e-05	1e-05	1e-05	1e-05	HPT11
1e-05	1e-05	1e-05	1e-05	1e-05	1e-05	1e-05	1e-05	0.99979	1e-05	1e-05	1e-05	1e-05	1e-05	1e-05	1e-05	1e-05	1e-05	1e-05	1e-05	1e-05	1e-05	HPT16
1e-05	1e-05	0.99979	1e-05	1e-05	1e-05	1e-05	1e-05	1e-05	1e-05	1e-05	1e-05	1e-05	1e-05	1e-05	1e-05	1e-05	1e-05	1e-05	1e-05	1e-05	1e-05	HPT18
1e-05	1e-05	1e-05	1e-05	1e-05	1e-05	1e-05	1e-05	0.99979	1e-05	1e-05	1e-05	1e-05	1e-05	1e-05	1e-05	1e-05	1e-05	1e-05	1e-05	1e-05	1e-05	HPT19
1e-05	1e-05	1e-05	1e-05	1e-05	1e-05	1e-05	1e-05	0.99979	1e-05	1e-05	1e-05	1e-05	1e-05	1e-05	1e-05	1e-05	1e-05	1e-05	1e-05	1e-05	1e-05	HPT2
1e-05	1e-05	1e-05	0.948443	1e-05	1e-05	1e-05	1e-05	1e-05	1e-05	1e-05	1e-05	1e-05	1e-05	1e-05	1e-05	1e-05	1e-05	1e-05	1e-05	0.051357	1e-05	HPT21
1e-05	1e-05	0.99979	1e-05	1e-05	1e-05	1e-05	1e-05	1e-05	1e-05	1e-05	1e-05	1e-05	1e-05	1e-05	1e-05	1e-05	1e-05	1e-05	1e-05	1e-05	1e-05	HPT24
1e-05	1e-05	1e-05	1e-05	1e-05	1e-05	1e-05	1e-05	0.99979	1e-05	1e-05	1e-05	1e-05	1e-05	1e-05	1e-05	1e-05	1e-05	1e-05	1e-05	1e-05	1e-05	HPT34
1e-05	1e-05	1e-05	1e-05	1e-05	1e-05	1e-05	1e-05	0.99979	1e-05	1e-05	1e-05	1e-05	1e-05	1e-05	1e-05	1e-05	1e-05	1e-05	1e-05	1e-05	1e-05	HPT37
1e-05	1e-05	1e-05	1e-05	1e-05	1e-05	1e-05	1e-05	0.999788	1e-05	1e-05	1e-05	1e-05	1e-05	1e-05	1e-05	1.2e-05	1e-05	1e-05	1e-05	1e-05	1e-05	HPT4
1e-05	1e-05	1e-05	1e-05	1e-05	1e-05	1e-05	1e-05	0.999786	1e-05	1e-05	1e-05	1e-05	1e-05	1e-05	1e-05	1.4e-05	1e-05	1e-05	1e-05	1e-05	1e-05	HPT42
1e-05	0.443165	1e-05	0.556635	1e-05	1e-05	1e-05	1e-05	1e-05	1e-05	1e-05	1e-05	1e-05	1e-05	1e-05	1e-05	1e-05	1e-05	1e-05	1e-05	1e-05	1e-05	HPT52
1e-05	1e-05	1e-05	0.99979	1e-05	1e-05	1e-05	1e-05	1e-05	1e-05	1e-05	1e-05	1e-05	1e-05	1e-05	1e-05	1e-05	1e-05	1e-05	1e-05	1e-05	1e-05	HPT53
1e-05	1e-05	1e-05	0.99979	1e-05	1e-05	1e-05	1e-05	1e-05	1e-05	1e-05	1e-05	1e-05	1e-05	1e-05	1e-05	1e-05	1e-05	1e-05	1e-05	1e-05	1e-05	HPT54
1e-05	1e-05	1e-05	0.99979	1e-05	1e-05	1e-05	1e-05	1e-05	1e-05	1e-05	1e-05	1e-05	1e-05	1e-05	1e-05	1e-05	1e-05	1e-05	1e-05	1e-05	1e-05	HPT55
1e-05	1e-05	1e-05	0.99979	1e-05	1e-05	1e-05	1e-05	1e-05	1e-05	1e-05	1e-05	1e-05	1e-05	1e-05	1e-05	1e-05	1e-05	1e-05	1e-05	1e-05	1e-05	HPT59
1e-05	1e-05	1e-05	0.99979	1e-05	1e-05	1e-05	1e-05	1e-05	1e-05	1e-05	1e-05	1e-05	1e-05	1e-05	1e-05	1e-05	1e-05	1e-05	1e-05	1e-05	1e-05	HPT60
1e-05	0.916371	1e-05	1e-05	1e-05	1e-05	1e-05	1e-05	1e-05	1e-05	1e-05	1e-05	1e-05	0.083428	1e-05	1e-05	1.2e-05	1e-05	1e-05	1e-05	1e-05	1e-05	HPT62
1e-05	1e-05	1e-05	0.922844	1e-05	1e-05	1e-05	1e-05	0.076956	1e-05	1e-05	1e-05	1e-05	1e-05	1e-05	1e-05	1e-05	1e-05	1e-05	1e-05	1e-05	1e-05	HPT63
1e-05	1.9e-05	1e-05	1e-05	1e-05	1e-05	1e-05	1e-05	0.936066	1e-05	1e-05	1e-05	1e-05	1e-05	0.063725	1e-05	1e-05	1e-05	1e-05	1e-05	1e-05	1e-05	HPT7
1e-05	1e-05	1e-05	1e-05	1e-05	1e-05	1e-05	1e-05	0.99979	1e-05	1e-05	1e-05	1e-05	1e-05	1e-05	1e-05	1e-05	1e-05	1e-05	1e-05	1e-05	1e-05	HPT8
1e-05	1e-05	1e-05	0.112763	1e-05	1e-05	1e-05	1e-05	0.077514	1e-05	1e-05	1e-05	1e-05	1e-05	1e-05	1e-05	1e-05	0.809533	1e-05	1e-05	1e-05	1e-05	HPT9
1e-05	1e-05	1e-05	1e-05	0.99979	1e-05	1e-05	1e-05	1e-05	1e-05	1e-05	1e-05	1e-05	1e-05	1e-05	1e-05	1e-05	1e-05	1e-05	1e-05	1e-05	1e-05	JU1085
1e-05	0.029331	1e-05	0.327732	1e-05	1e-05	1e-05	1e-05	1e-05	1e-05	1e-05	1e-05	1e-05	1e-05	0.032976	1e-05	1e-05	1e-05	1e-05	1e-05	0.597359	0.012432	JU1337
1e-05	1e-05	1e-05	1.3e-05	1e-05	1e-05	1e-05	1e-05	1e-05	1e-05	1e-05	1e-05	1e-05	1e-05	1e-05	1e-05	1e-05	0.999787	1e-05	1e-05	1e-05	1e-05	JU1338
1e-05	1e-05	1e-05	1e-05	1e-05	1e-05	1e-05	0.999788	1e-05	1e-05	1e-05	1e-05	1e-05	1e-05	1e-05	1e-05	1e-05	1e-05	1e-05	1.2e-05	1e-05	1e-05	JU1341
1e-05	1e-05	1e-05	1.4e-05	1e-05	1e-05	1e-05	1e-05	1e-05	1e-05	1e-05	1e-05	1e-05	1e-05	1e-05	1e-05	1e-05	0.999786	1e-05	1e-05	1e-05	1e-05	JU1346
1e-05	1e-05	1e-05	1e-05	1e-05	1e-05	1e-05	1e-05	0.045856	1e-05	1e-05	1e-05	1e-05	1e-05	0.356048	1e-05	1e-05	1e-05	1e-05	1e-05	0.597907	1e-05	JU1347
1e-05	1e-05	1e-05	1e-05	1e-05	1e-05	1e-05	0.999781	1e-05	1e-05	1e-05	1e-05	1.7e-05	1e-05	1e-05	1e-05	1e-05	1e-05	1e-05	1.2e-05	1e-05	1e-05	JU1348
1e-05	1e-05	1e-05	1e-05	1e-05	1e-05	1e-05	1e-05	1e-05	1e-05	1e-05	1e-05	1e-05	1e-05	0.99979	1e-05	1e-05	1e-05	1e-05	1e-05	1e-05	1e-05	JU1375
1e-05	1e-05	1e-05	1e-05	1e-05	1e-05	1e-05	1e-05	1e-05	1e-05	1e-05	1e-05	1e-05	1e-05	0.871993	1e-05	1e-05	1e-05	1e-05	1e-05	0.127807	1e-05	JU1377
1e-05	1e-05	1e-05	1e-05	1e-05	1e-05	1e-05	1e-05	1e-05	1e-05	1e-05	1e-05	1e-05	1e-05	0.84868	1e-05	1e-05	1e-05	1e-05	1e-05	0.15112	1e-05	JU1378
1.3e-05	1e-05	1e-05	1.3e-05	1e-05	1.1e-05	1e-05	1e-05	1.1e-05	1e-05	1e-05	1e-05	1e-05	1e-05	0.411962	1e-05	1e-05	1e-05	1e-05	1e-05	0.587829	1e-05	JU1392
0.595505	1e-05	1e-05	1e-05	1e-05	1e-05	1e-05	1e-05	1e-05	1e-05	1e-05	0.039727	1e-05	1e-05	0.364579	1e-05	1e-05	1e-05	1e-05	1e-05	1e-05	1e-05	JU1399
1e-05	1e-05	1e-05	1e-05	1e-05	1e-05	1e-05	1e-05	1e-05	1e-05	1e-05	1e-05	1e-05	1e-05	1e-05	1e-05	1e-05	0.99979	1e-05	1e-05	1e-05	1e-05	JU1424
1e-05	1e-05	1e-05	1e-05	1e-05	1e-05	1e-05	1e-05	1e-05	1e-05	1e-05	1e-05	1e-05	1e-05	0.99394	1e-05	1e-05	1e-05	1e-05	1e-05	0.00586	1e-05	JU1435
1e-05	1e-05	1.1e-05	1e-05	0.999777	1e-05	1e-05	1e-05	1e-05	1.9e-05	1e-05	1e-05	1.3e-05	1e-05	1e-05	1e-05	1e-05	1e-05	1e-05	1e-05	1e-05	1e-05	JU1564
0.035936	1e-05	1e-05	1e-05	1e-05	1e-05	1e-05	1e-05	1e-05	1e-05	1e-05	1e-05	1e-05	1e-05	0.502895	1e-05	1e-05	1e-05	1e-05	1e-05	0.460978	1e-05	JU1637
0.009645	1e-05	1e-05	0.120872	1e-05	1e-05	1e-05	1e-05	1e-05	1e-05	1e-05	1e-05	1e-05	1e-05	0.305063	1e-05	1.7e-05	1e-05	1e-05	1e-05	0.564233	1e-05	JU1638
1e-05	0.018279	1e-05	0.549309	1e-05	1e-05	1e-05	1e-05	0.02952	1e-05	1.1e-05	0.002743	1e-05	0.003779	0.268026	1e-05	1e-05	0.051336	1e-05	1e-05	0.076866	1e-05	JU1794
1e-05	1e-05	1e-05	0.045067	1e-05	1e-05	1e-05	1e-05	1e-05	1e-05	1e-05	1e-05	1e-05	1e-05	0.809109	1e-05	1e-05	1e-05	1e-05	1e-05	0.145634	1e-05	JU1795
1e-05	1e-05	1e-05	1e-05	1e-05	1e-05	1e-05	1e-05	1e-05	1e-05	1e-05	1e-05	1e-05	1e-05	0.99979	1e-05	1e-05	1e-05	1e-05	1e-05	1e-05	1e-05	JU1799
1e-05	1e-05	1e-05	1e-05	1e-05	1e-05	1e-05	1e-05	1e-05	1e-05	1e-05	1e-05	1e-05	1e-05	0.975615	1e-05	1e-05	1e-05	1e-05	1e-05	0.0086	0.015594	JU1802
0.376554	1e-05	1e-05	1e-05	1e-05	1e-05	1e-05	1e-05	1e-05	1e-05	1e-05	1e-05	1e-05	1e-05	0.182589	1e-05	1e-05	1e-05	1e-05	1e-05	0.440666	1e-05	JU1814
1e-05	1e-05	1e-05	0.882876	1e-05	1e-05	1e-05	1e-05	1e-05	1e-05	1e-05	1e-05	1e-05	1e-05	1e-05	1e-05	1e-05	1e-05	1e-05	1e-05	0.116924	1e-05	JU1884
1e-05	0.040473	1e-05	1e-05	1e-05	1e-05	1e-05	1e-05	1e-05	1e-05	1e-05	1e-05	1e-05	1e-05	0.322964	1e-05	1e-05	1e-05	1e-05	1e-05	0.626322	0.010061	JU1885
1e-05	1e-05	1e-05	0.295824	1e-05	1e-05	1e-05	1e-05	0.385741	1e-05	1e-05	1e-05	1e-05	1e-05	0.318245	1e-05	1e-05	1e-05	1e-05	1e-05	1e-05	1e-05	JU1907
1e-05	1e-05	1e-05	0.470088	1e-05	1e-05	1e-05	1e-05	0.388707	1e-05	1e-05	1e-05	1e-05	1e-05	0.141015	1e-05	1e-05	1e-05	1e-05	1e-05	1e-05	1e-05	JU1908
1e-05	1e-05	1e-05	0.884956	1e-05	1e-05	1e-05	1e-05	0.114844	1e-05	1e-05	1e-05	1e-05	1e-05	1e-05	1e-05	1e-05	1e-05	1e-05	1e-05	1e-05	1e-05	JU1909
1e-05	0.415783	1e-05	0.209181	1e-05	1e-05	1e-05	1e-05	0.046122	1e-05	1e-05	1e-05	1e-05	1e-05	0.316572	1e-05	1e-05	1e-05	1e-05	1e-05	0.012173	1e-05	JU1913
1e-05	1e-05	1e-05	1e-05	1e-05	1e-05	1e-05	1e-05	1e-05	1e-05	1e-05	1e-05	1e-05	1e-05	0.99979	1e-05	1e-05	1e-05	1e-05	1e-05	1e-05	1e-05	JU2053
1e-05	1e-05	1e-05	0.086252	1e-05	1e-05	1e-05	1e-05	1e-05	1e-05	1.1e-05	1e-05	1.2e-05	1e-05	0.913545	1e-05	1e-05	1e-05	1.1e-05	1e-05	1e-05	1e-05	JU2054
1e-05	1e-05	1e-05	1e-05	1e-05	1e-05	1e-05	1e-05	1e-05	1e-05	1e-05	1e-05	1e-05	1e-05	0.99979	1e-05	1e-05	1e-05	1e-05	1e-05	1e-05	1e-05	JU2056
1.3e-05	1.2e-05	1e-05	1e-05	1.5e-05	1e-05	1e-05	1e-05	1.8e-05	1e-05	1e-05	1e-05	1e-05	1e-05	1e-05	1e-05	1.4e-05	1e-05	1.1e-05	1e-05	1e-05	0.999767	JU2057
1e-05	1e-05	1e-05	1e-05	1e-05	1e-05	1e-05	1e-05	1.4e-05	1e-05	1e-05	1e-05	1e-05	1e-05	1e-05	1e-05	1e-05	1e-05	1e-05	1e-05	1e-05	0.999786	JU2160
1e-05	1e-05	1e-05	1e-05	1e-05	1e-05	1e-05	1e-05	1e-05	1e-05	1e-05	1e-05	1e-05	1e-05	1.8e-05	1e-05	1e-05	1e-05	1e-05	1e-05	1e-05	0.999782	JU2162
0.052113	1e-05	1e-05	0.211395	1e-05	1e-05	1e-05	1e-05	0.511104	1e-05	1e-05	0.225207	1e-05	1e-05	1e-05	1e-05	1e-05	1e-05	1e-05	1e-05	1e-05	1e-05	JU2214
1e-05	1e-05	1.1e-05	1e-05	1e-05	1e-05	1e-05	1e-05	1e-05	1e-05	1e-05	1e-05	1e-05	1e-05	1e-05	0.999789	1e-05	1e-05	1e-05	1e-05	1e-05	1e-05	JU2216
0.220619	1e-05	1e-05	1e-05	0.495957	1e-05	1e-05	1e-05	0.113105	1e-05	1e-05	1e-05	1e-05	1e-05	0.170139	1e-05	1e-05	1e-05	1e-05	1e-05	1e-05	1e-05	JU2457
1.4e-05	1.1e-05	1e-05	1e-05	1.1e-05	1e-05	1e-05	1.2e-05	1.3e-05	1e-05	1e-05	1.3e-05	1.2e-05	1.2e-05	1e-05	1e-05	1.2e-05	1e-05	1e-05	1e-05	1e-05	0.99977	JU2470
0.094563	1e-05	1e-05	1e-05	1e-05	1e-05	1e-05	1e-05	1e-05	1e-05	1e-05	1e-05	1e-05	1e-05	0.905237	1e-05	1e-05	1e-05	1e-05	1e-05	1e-05	1e-05	JU2472
1e-05	0.821079	1e-05	1e-05	1e-05	1e-05	1e-05	1e-05	1e-05	1e-05	1e-05	0.084057	1e-05	0.094674	1e-05	1e-05	1e-05	1e-05	1e-05	1e-05	1e-05	1e-05	JU2507
0.999789	1e-05	1e-05	1e-05	1e-05	1e-05	1e-05	1e-05	1e-05	1e-05	1e-05	1e-05	1e-05	1e-05	1e-05	1.1e-05	1e-05	1e-05	1e-05	1e-05	1e-05	1e-05	JU2518
1e-05	1e-05	1e-05	1e-05	0.999788	1e-05	1e-05	1e-05	1e-05	1.2e-05	1e-05	1e-05	1e-05	1e-05	1e-05	1e-05	1e-05	1e-05	1e-05	1e-05	1e-05	1e-05	JU2536
0.352925	1e-05	1e-05	1e-05	1e-05	1.1e-05	1e-05	1e-05	1e-05	1e-05	1e-05	0.215465	1e-05	1e-05	0.080601	1e-05	0.198504	1e-05	1e-05	1e-05	0.082584	0.069762	JU2618
1e-05	1e-05	1e-05	0.548515	1e-05	1e-05	1e-05	1e-05	1e-05	1e-05	1e-05	1.2e-05	1e-05	1e-05	1e-05	1e-05	1e-05	1e-05	1e-05	1e-05	0.451283	1e-05	JU2799
0.026308	1e-05	1e-05	0.220284	1e-05	1e-05	1e-05	1e-05	1e-05	1e-05	1e-05	0.170902	1e-05	0.006368	0.470198	1e-05	0.062041	1e-05	1.5e-05	1e-05	0.043744	1e-05	JU2836
1e-05	1e-05	1e-05	1e-05	1e-05	1e-05	1e-05	1e-05	1e-05	1e-05	1e-05	1e-05	1e-05	1e-05	1e-05	1e-05	1e-05	0.99979	1e-05	1e-05	1e-05	1e-05	JU2849
1e-05	1e-05	1e-05	0.787681	1e-05	1e-05	1e-05	1e-05	1e-05	1e-05	1e-05	1e-05	1e-05	1e-05	1e-05	1e-05	1e-05	1e-05	1e-05	1e-05	0.212119	1e-05	JU2861
1e-05	1e-05	1e-05	0.808752	1e-05	1e-05	1e-05	1e-05	1e-05	1e-05	1e-05	1e-05	1e-05	1e-05	0.191048	1e-05	1e-05	1e-05	1e-05	1e-05	1e-05	1e-05	JU2868
1e-05	1.3e-05	1e-05	1e-05	0.99975	1.2e-05	1e-05	1.4e-05	1.4e-05	1e-05	1.4e-05	1.2e-05	1.4e-05	1.5e-05	1e-05	1e-05	2e-05	1e-05	1.1e-05	1e-05	1.1e-05	1e-05	JU2872
0.038567	1e-05	1e-05	1e-05	1e-05	1e-05	1e-05	1e-05	0.083416	1e-05	1e-05	0.00292	1e-05	0.029757	0.807242	1e-05	1e-05	0.007657	1e-05	1e-05	1e-05	0.030292	JU2910
1.1e-05	1.1e-05	1e-05	1.1e-05	1.1e-05	1e-05	1e-05	1e-05	1e-05	1e-05	1e-05	1.1e-05	1.1e-05	1e-05	1e-05	1.1e-05	1e-05	1e-05	1e-05	0.999783	1e-05	1e-05	JU3168
1e-05	1e-05	1e-05	0.078278	1e-05	1.1e-05	1e-05	1e-05	1e-05	1e-05	1e-05	1e-05	1e-05	1e-05	0.50424	1.1e-05	1.1e-05	1e-05	1e-05	1e-05	0.417289	1e-05	JU3171
1.2e-05	1.2e-05	1e-05	1e-05	1.4e-05	1e-05	1.2e-05	0.999769	1e-05	1e-05	1.9e-05	1e-05	1e-05	1e-05	1e-05	1e-05	1e-05	1e-05	1e-05	1e-05	1.2e-05	1e-05	JU3199
1e-05	1e-05	1e-05	1e-05	1e-05	1e-05	1e-05	0.999789	1.1e-05	1e-05	1e-05	1e-05	1e-05	1e-05	1e-05	1e-05	1e-05	1e-05	1e-05	1e-05	1e-05	1e-05	JU3200
1e-05	1e-05	1e-05	1e-05	1e-05	1.1e-05	1e-05	0.999774	1e-05	1e-05	2e-05	1e-05	1.4e-05	1e-05	1e-05	1e-05	1e-05	1e-05	1e-05	1e-05	1e-05	1e-05	JU3201
1e-05	1e-05	1e-05	1.6e-05	1.6e-05	1.2e-05	1e-05	0.999764	1e-05	1e-05	1e-05	1e-05	1.5e-05	1e-05	1.6e-05	1e-05	1e-05	1e-05	1e-05	1e-05	1e-05	1e-05	JU3202
1e-05	1e-05	1e-05	1.5e-05	1e-05	1e-05	1e-05	0.999784	1e-05	1e-05	1e-05	1e-05	1e-05	1e-05	1.1e-05	1e-05	1e-05	1e-05	1e-05	1e-05	1e-05	1e-05	JU3203
1e-05	1e-05	1e-05	1e-05	1e-05	1e-05	1e-05	0.99979	1e-05	1e-05	1e-05	1e-05	1e-05	1e-05	1e-05	1e-05	1e-05	1e-05	1e-05	1e-05	1e-05	1e-05	JU3206
1e-05	1e-05	1.1e-05	0.323963	1e-05	1e-05	1e-05	1e-05	1e-05	1e-05	1e-05	1e-05	1e-05	1e-05	0.187176	1.2e-05	1.4e-05	1e-05	1e-05	1e-05	0.488663	1e-05	JU3207
1e-05	1.2e-05	1e-05	1.1e-05	1.2e-05	1e-05	1e-05	1.1e-05	1.4e-05	1e-05	1e-05	1e-05	1e-05	1.2e-05	1e-05	1e-05	1e-05	1e-05	1e-05	1e-05	1e-05	0.999777	JU3237
1e-05	1e-05	1e-05	0.99979	1e-05	1e-05	1e-05	1e-05	1e-05	1e-05	1e-05	1e-05	1e-05	1e-05	1e-05	1e-05	1e-05	1e-05	1e-05	1e-05	1e-05	1e-05	JU3281
1e-05	1e-05	1e-05	1e-05	1e-05	1e-05	1e-05	1e-05	0.700306	1e-05	1e-05	1e-05	1e-05	1e-05	1e-05	1e-05	1e-05	0.299494	1e-05	1e-05	1e-05	1e-05	JU3319
1e-05	1e-05	1e-05	0.99979	1e-05	1e-05	1e-05	1e-05	1e-05	1e-05	1e-05	1e-05	1e-05	1e-05	1e-05	1e-05	1e-05	1e-05	1e-05	1e-05	1e-05	1e-05	JU3321
1e-05	1e-05	1e-05	0.002715	0.260846	0.015318	1e-05	1e-05	1e-05	0.327307	1e-05	1e-05	1e-05	1e-05	0.260088	0.059719	1e-05	1e-05	0.073857	1e-05	1e-05	1e-05	JU3326
1e-05	1e-05	1e-05	0.472114	1e-05	1e-05	1e-05	1e-05	0.527686	1e-05	1e-05	1e-05	1e-05	1e-05	1e-05	1e-05	1e-05	1e-05	1e-05	1e-05	1e-05	1e-05	JU3327
1e-05	1e-05	1e-05	0.065054	0.902626	1e-05	1e-05	1e-05	1e-05	1e-05	1e-05	1e-05	1e-05	1e-05	1e-05	0.03213	1e-05	1e-05	1e-05	1e-05	1e-05	1e-05	JU3416
1e-05	1e-05	1e-05	0.99979	1e-05	1e-05	1e-05	1e-05	1e-05	1e-05	1e-05	1e-05	1e-05	1e-05	1e-05	1e-05	1e-05	1e-05	1e-05	1e-05	1e-05	1e-05	JU4042
1e-05	1e-05	1e-05	1e-05	1e-05	1e-05	1e-05	1e-05	1e-05	1e-05	1e-05	1e-05	1e-05	1e-05	1e-05	1e-05	1e-05	0.99979	1e-05	1e-05	1e-05	1e-05	JU4051
1e-05	1e-05	1e-05	1e-05	1e-05	1e-05	1e-05	1e-05	0.576164	1e-05	1e-05	1e-05	1e-05	1e-05	1e-05	1.2e-05	1e-05	0.423634	1e-05	1e-05	1e-05	1e-05	JU4058
1e-05	1e-05	1e-05	1e-05	1e-05	1e-05	1e-05	1e-05	1.5e-05	1e-05	1e-05	1e-05	1e-05	1e-05	1e-05	1e-05	1e-05	0.999785	1e-05	1e-05	1e-05	1e-05	JU4060
1e-05	1e-05	1.1e-05	1e-05	1e-05	1e-05	1e-05	1e-05	1e-05	1e-05	1e-05	1e-05	1e-05	1e-05	1e-05	1e-05	1e-05	0.999789	1e-05	1e-05	1e-05	1e-05	JU4062
1e-05	1e-05	1e-05	1e-05	1e-05	1e-05	1e-05	1e-05	1e-05	1e-05	1e-05	1e-05	1e-05	1e-05	1e-05	1e-05	1e-05	0.99979	1e-05	1e-05	1e-05	1e-05	JU4064
1e-05	1e-05	1e-05	0.957377	1e-05	1e-05	1e-05	1e-05	1e-05	1e-05	1e-05	1e-05	1e-05	1e-05	0.042423	1e-05	1e-05	1e-05	1e-05	1e-05	1e-05	1e-05	JU4080
1e-05	2e-05	1e-05	1e-05	1e-05	1e-05	1e-05	1e-05	1.2e-05	1e-05	1e-05	1.1e-05	1e-05	1e-05	1e-05	1e-05	1e-05	0.999777	1e-05	1e-05	1e-05	1e-05	JU4084
1e-05	1e-05	1e-05	1e-05	1e-05	1e-05	1e-05	1e-05	1e-05	1e-05	1e-05	1e-05	1e-05	1e-05	1e-05	1e-05	1e-05	0.999789	1e-05	1e-05	1e-05	1e-05	JU4097
1e-05	1e-05	1e-05	1e-05	1e-05	1e-05	1e-05	1e-05	0.711652	1e-05	1e-05	1e-05	1e-05	1e-05	1e-05	1e-05	1e-05	0.288148	1e-05	1e-05	1e-05	1e-05	JU725
1e-05	1e-05	1e-05	0.89957	1e-05	1e-05	1e-05	1e-05	1e-05	1e-05	1e-05	1e-05	1e-05	1e-05	1e-05	1e-05	1e-05	1e-05	1e-05	1e-05	0.10023	1e-05	MY2716
1e-05	1e-05	1e-05	0.320959	1e-05	1e-05	1e-05	1.2e-05	1.8e-05	1e-05	1e-05	1e-05	1e-05	1e-05	0.606986	1e-05	1.8e-05	1e-05	1e-05	1e-05	0.071847	1e-05	MY539
0.722469	1e-05	1e-05	1e-05	1e-05	1e-05	1e-05	1e-05	0.011862	1e-05	1e-05	0.092548	1e-05	1e-05	0.002357	1e-05	0.115267	1e-05	1e-05	1e-05	0.055337	1e-05	NIC1050
0.642112	1e-05	1e-05	1e-05	1e-05	1e-05	1e-05	1e-05	1e-05	1e-05	1e-05	1e-05	1e-05	1e-05	0.088156	1e-05	0.266312	1e-05	1e-05	1e-05	0.00324	1e-05	NIC1052
0.812595	1e-05	1e-05	1e-05	1e-05	1e-05	1e-05	1e-05	1e-05	1e-05	1e-05	0.022161	1e-05	1e-05	1e-05	1e-05	0.087049	1e-05	1e-05	1e-05	0.078015	1e-05	NIC1054
0.779351	1e-05	1e-05	1e-05	1e-05	1e-05	1e-05	1e-05	1e-05	1e-05	1e-05	1e-05	1e-05	1e-05	0.017946	1e-05	0.202513	1e-05	1e-05	1e-05	1e-05	1e-05	NIC1055
0.698911	1e-05	1e-05	1e-05	1e-05	1e-05	1e-05	1e-05	1e-05	1e-05	1e-05	0.064333	1e-05	1e-05	1e-05	1e-05	0.181918	1e-05	1e-05	1e-05	0.054658	1e-05	NIC1057
0.726329	1e-05	1e-05	1e-05	1e-05	1e-05	1e-05	1e-05	1e-05	1e-05	1e-05	0.273471	1e-05	1e-05	1e-05	1e-05	1e-05	1e-05	1e-05	1e-05	1e-05	1e-05	NIC1058
0.861562	1e-05	1e-05	1e-05	1e-05	1e-05	1e-05	1e-05	1e-05	1e-05	1e-05	0.075769	1e-05	1e-05	1e-05	1e-05	0.062479	1e-05	1e-05	1e-05	1e-05	1e-05	NIC1059
0.919712	1e-05	1e-05	1e-05	1e-05	1e-05	1e-05	1e-05	1e-05	1e-05	1e-05	0.080084	1e-05	1e-05	1e-05	1e-05	1.4e-05	1e-05	1e-05	1e-05	1e-05	1e-05	NIC1060
0.137311	1e-05	1e-05	0.060839	1e-05	1e-05	1e-05	1e-05	1e-05	1e-05	1e-05	1e-05	1e-05	1e-05	1e-05	1e-05	0.14373	1e-05	1e-05	1e-05	0.657941	1e-05	NIC1062
0.106498	1e-05	1e-05	0.036485	1e-05	1e-05	1e-05	1e-05	1e-05	1e-05	1e-05	1e-05	1e-05	1e-05	0.250251	1e-05	1e-05	1e-05	1e-05	1e-05	0.606586	1e-05	NIC1069
0.714053	1e-05	1e-05	0.051204	1e-05	1e-05	1e-05	1e-05	1e-05	1e-05	1e-05	0.040706	1e-05	1e-05	1e-05	1e-05	0.193858	1e-05	1e-05	1e-05	1e-05	1e-05	NIC1103
0.194961	1e-05	1e-05	1e-05	1e-05	1e-05	1e-05	1e-05	1e-05	1e-05	1e-05	0.021572	1e-05	1e-05	0.750094	1e-05	0.000857	1e-05	1e-05	1e-05	0.032346	1e-05	NIC1104
0.446081	1e-05	1e-05	0.034508	1e-05	1e-05	1e-05	1e-05	1e-05	1e-05	1e-05	0.137262	1e-05	1e-05	0.358667	1e-05	0.023312	1e-05	1e-05	1e-05	1e-05	1e-05	NIC1106
1e-05	1e-05	1e-05	0.99979	1e-05	1e-05	1e-05	1e-05	1e-05	1e-05	1e-05	1e-05	1e-05	1e-05	1e-05	1e-05	1e-05	1e-05	1e-05	1e-05	1e-05	1e-05	NIC1117
2e-05	1e-05	1e-05	1e-05	1e-05	1e-05	1e-05	1e-05	1e-05	1e-05	1e-05	1e-05	1e-05	1e-05	1.5e-05	1e-05	1e-05	0.999775	1e-05	1e-05	1e-05	1e-05	NIC1123
0.999789	1e-05	1e-05	1e-05	1e-05	1e-05	1e-05	1e-05	1e-05	1e-05	1e-05	1e-05	1e-05	1e-05	1e-05	1.1e-05	1e-05	1e-05	1e-05	1e-05	1e-05	1e-05	NIC1124
0.99979	1e-05	1e-05	1e-05	1e-05	1e-05	1e-05	1e-05	1e-05	1e-05	1e-05	1e-05	1e-05	1e-05	1e-05	1e-05	1e-05	1e-05	1e-05	1e-05	1e-05	1e-05	NIC1135
0.999789	1e-05	1e-05	1e-05	1e-05	1e-05	1e-05	1e-05	1e-05	1e-05	1e-05	1e-05	1e-05	1e-05	1e-05	1e-05	1e-05	1e-05	1e-05	1e-05	1e-05	1e-05	NIC1138
0.999789	1e-05	1e-05	1e-05	1e-05	1e-05	1e-05	1e-05	1e-05	1e-05	1e-05	1e-05	1e-05	1e-05	1e-05	1e-05	1e-05	1e-05	1e-05	1e-05	1e-05	1e-05	NIC1141
1e-05	1e-05	1e-05	1e-05	1e-05	1e-05	1e-05	1e-05	1e-05	1e-05	1e-05	1e-05	1e-05	1e-05	1e-05	1e-05	1e-05	1e-05	1e-05	1e-05	0.99979	1e-05	NIC115
1e-05	1e-05	1e-05	1e-05	1e-05	1e-05	1e-05	1e-05	1e-05	1e-05	1e-05	1e-05	1e-05	1e-05	1e-05	1e-05	1e-05	1e-05	1e-05	1e-05	0.99979	1e-05	NIC117
0.999789	1e-05	1e-05	1e-05	1.1e-05	1e-05	1e-05	1e-05	1e-05	1e-05	1e-05	1e-05	1e-05	1e-05	1e-05	1e-05	1e-05	1e-05	1e-05	1e-05	1.1e-05	1e-05	NIC1183
1e-05	1e-05	1e-05	1e-05	1e-05	1e-05	1e-05	1e-05	1e-05	1e-05	1e-05	1e-05	1e-05	1e-05	1e-05	1e-05	1e-05	1e-05	1e-05	1e-05	0.99979	1e-05	NIC119
0.99979	1e-05	1e-05	1e-05	1e-05	1e-05	1e-05	1e-05	1e-05	1e-05	1e-05	1e-05	1e-05	1e-05	1e-05	1e-05	1e-05	1e-05	1e-05	1e-05	1e-05	1e-05	NIC1190
1e-05	1e-05	1e-05	0.29621	1e-05	1e-05	1e-05	1e-05	0.377348	1e-05	1e-05	1e-05	1e-05	1e-05	0.326252	1e-05	1e-05	1e-05	1e-05	1e-05	1e-05	1e-05	NIC1202
1e-05	1e-05	1e-05	0.20731	1e-05	1e-05	1e-05	1e-05	0.478922	1e-05	1e-05	1e-05	1e-05	1e-05	0.313577	1e-05	1e-05	1e-05	1e-05	1e-05	1e-05	1e-05	NIC1204
1e-05	1e-05	1e-05	1e-05	1e-05	1e-05	1e-05	1e-05	1e-05	1e-05	1e-05	1e-05	1e-05	1e-05	1e-05	1e-05	1e-05	1e-05	0.99979	1e-05	1e-05	1e-05	NIC1205
1e-05	1e-05	1e-05	0.618577	1e-05	1e-05	1.2e-05	1e-05	0.246683	1.1e-05	1.1e-05	1e-05	1.3e-05	1e-05	0.134543	1e-05	1e-05	1e-05	1e-05	1e-05	1e-05	1e-05	NIC1218
1e-05	1e-05	1e-05	1e-05	1e-05	1e-05	1e-05	1e-05	1e-05	1e-05	1e-05	1e-05	1e-05	1e-05	1e-05	1e-05	1e-05	1e-05	0.99979	1e-05	1e-05	1e-05	NIC1220
1e-05	1e-05	1e-05	0.58803	1e-05	1e-05	1e-05	1e-05	0.41177	1e-05	1e-05	1e-05	1e-05	1e-05	1e-05	1e-05	1e-05	1e-05	1e-05	1e-05	1e-05	1e-05	NIC1221
1e-05	1e-05	1e-05	1e-05	1e-05	1e-05	1e-05	1e-05	1e-05	1e-05	1e-05	1e-05	1e-05	1e-05	1e-05	1e-05	1e-05	1e-05	1e-05	1e-05	0.99979	1e-05	NIC123
0.590243	1e-05	1e-05	0.069551	1e-05	1e-05	1e-05	1e-05	1e-05	1e-05	1e-05	1e-05	1e-05	1e-05	0.167968	1e-05	1e-05	1e-05	1e-05	1e-05	0.172057	1e-05	NIC1267
0.999789	1e-05	1e-05	1e-05	1e-05	1e-05	1e-05	1e-05	1e-05	1e-05	1e-05	1e-05	1e-05	1e-05	1e-05	1e-05	1e-05	1.1e-05	1e-05	1e-05	1e-05	1e-05	NIC1283
0.738993	1e-05	1e-05	1e-05	1e-05	1e-05	1e-05	1e-05	1e-05	1e-05	1e-05	0.134598	1e-05	1e-05	1e-05	1e-05	0.004208	0.122021	1e-05	1e-05	1e-05	1e-05	NIC1288
0.99979	1e-05	1e-05	1e-05	1e-05	1e-05	1e-05	1e-05	1e-05	1e-05	1e-05	1e-05	1e-05	1e-05	1e-05	1e-05	1e-05	1e-05	1e-05	1e-05	1e-05	1e-05	NIC1292
0.99979	1e-05	1e-05	1e-05	1e-05	1e-05	1e-05	1e-05	1e-05	1e-05	1e-05	1e-05	1e-05	1e-05	1e-05	1e-05	1e-05	1e-05	1e-05	1e-05	1e-05	1e-05	NIC1302
0.99979	1e-05	1e-05	1e-05	1e-05	1e-05	1e-05	1e-05	1e-05	1e-05	1e-05	1e-05	1e-05	1e-05	1e-05	1e-05	1e-05	1e-05	1e-05	1e-05	1e-05	1e-05	NIC1304
1e-05	1e-05	1e-05	1e-05	1e-05	1e-05	1e-05	1e-05	1e-05	1e-05	1e-05	1e-05	1e-05	1e-05	1e-05	1e-05	1e-05	0.558282	1e-05	1e-05	0.441518	1e-05	NIC1308
0.99979	1e-05	1e-05	1e-05	1e-05	1e-05	1e-05	1e-05	1e-05	1e-05	1e-05	1e-05	1e-05	1e-05	1e-05	1e-05	1e-05	1e-05	1e-05	1e-05	1e-05	1e-05	NIC1407
0.512359	1e-05	1e-05	1e-05	1e-05	1e-05	1e-05	1e-05	1e-05	1e-05	1e-05	0.166042	1e-05	1e-05	0.031873	1e-05	1e-05	1.1e-05	1e-05	1e-05	0.289545	1e-05	NIC1421
0.820259	1e-05	1e-05	1e-05	1e-05	1e-05	1e-05	1e-05	1e-05	1e-05	1e-05	0.179541	1e-05	1e-05	1e-05	1e-05	1e-05	1e-05	1e-05	1e-05	1e-05	1e-05	NIC1423
0.999789	1e-05	1e-05	1e-05	1e-05	1e-05	1e-05	1e-05	1e-05	1e-05	1e-05	1e-05	1e-05	1e-05	1e-05	1e-05	1e-05	1e-05	1e-05	1e-05	1e-05	1e-05	NIC1442
0.999789	1e-05	1e-05	1e-05	1e-05	1e-05	1e-05	1e-05	1e-05	1e-05	1e-05	1e-05	1e-05	1e-05	1e-05	1e-05	1e-05	1e-05	1e-05	1e-05	1e-05	1e-05	NIC1491
1e-05	1e-05	1e-05	1e-05	1e-05	1e-05	1e-05	1e-05	0.030087	1e-05	1e-05	1e-05	1e-05	1e-05	0.899289	1e-05	1e-05	1e-05	1e-05	1e-05	0.070434	1e-05	NIC1525
1.1e-05	1e-05	1e-05	1e-05	1e-05	1e-05	1e-05	1e-05	1e-05	1e-05	1e-05	1e-05	1e-05	1e-05	0.896069	1e-05	1e-05	1e-05	1e-05	1e-05	0.10373	1e-05	NIC1528
1e-05	1e-05	1e-05	1e-05	1e-05	1e-05	1e-05	1e-05	0.011316	1e-05	1e-05	1e-05	1e-05	1e-05	0.925785	1e-05	1e-05	1e-05	1e-05	1e-05	0.062709	1e-05	NIC1529
1e-05	1e-05	1e-05	1e-05	1e-05	1e-05	1e-05	1e-05	1e-05	1e-05	1e-05	1e-05	1e-05	1e-05	0.99979	1e-05	1e-05	1e-05	1e-05	1e-05	1e-05	1e-05	NIC1533
0.034769	1e-05	1e-05	1e-05	1e-05	1e-05	1e-05	1e-05	0.004286	1e-05	1e-05	1e-05	1e-05	1e-05	0.960755	1e-05	1e-05	1e-05	1e-05	1e-05	1e-05	1e-05	NIC1535
1e-05	1e-05	1e-05	1e-05	1e-05	1e-05	0.99979	1e-05	1e-05	1e-05	1e-05	1e-05	1e-05	1e-05	1e-05	1e-05	1e-05	1e-05	1e-05	1e-05	1e-05	1e-05	NIC1539
1e-05	1e-05	1e-05	1e-05	1e-05	0.99979	1e-05	1e-05	1e-05	1e-05	1e-05	1e-05	1e-05	1e-05	1e-05	1e-05	1e-05	1e-05	1e-05	1e-05	1e-05	1e-05	NIC1540
1e-05	1e-05	1e-05	1e-05	1e-05	1e-05	0.83754	1e-05	1e-05	1e-05	1e-05	1e-05	1e-05	1e-05	1e-05	0.16226	1e-05	1e-05	1e-05	1e-05	1e-05	1e-05	NIC1562
1e-05	1e-05	1e-05	1e-05	1e-05	0.99979	1e-05	1e-05	1e-05	1e-05	1e-05	1e-05	1e-05	1e-05	1e-05	1e-05	1e-05	1e-05	1e-05	1e-05	1e-05	1e-05	NIC1589
1e-05	1e-05	1e-05	1e-05	1e-05	1e-05	1e-05	1e-05	1e-05	1e-05	1e-05	1e-05	1e-05	1e-05	1e-05	0.99979	1e-05	1e-05	1e-05	1e-05	1e-05	1e-05	NIC1590
1e-05	1.3e-05	1e-05	1e-05	1.2e-05	0.999779	1e-05	1e-05	1e-05	1e-05	1e-05	1e-05	1e-05	1e-05	1e-05	1.6e-05	1e-05	1e-05	1e-05	1e-05	1e-05	1e-05	NIC1591
1e-05	1e-05	1e-05	1e-05	1e-05	0.999776	1.5e-05	1e-05	1.8e-05	1e-05	1e-05	1e-05	1e-05	1e-05	1e-05	1e-05	1e-05	1e-05	1e-05	1e-05	1e-05	1e-05	NIC1593
1e-05	1e-05	1e-05	1e-05	1e-05	1.2e-05	1e-05	1e-05	1e-05	1e-05	1e-05	1e-05	1e-05	1e-05	1e-05	1.1e-05	1e-05	1e-05	0.999788	1e-05	1e-05	1e-05	NIC1595
1e-05	1e-05	1e-05	0.00208	1e-05	1e-05	0.936299	1e-05	1e-05	1e-05	1e-05	1e-05	1e-05	1e-05	1e-05	0.061431	1e-05	1e-05	1e-05	1e-05	1e-05	1e-05	NIC1598
1e-05	1e-05	1e-05	1e-05	1e-05	1.1e-05	0.999786	1.1e-05	1e-05	1e-05	1.1e-05	1e-05	1e-05	1e-05	1e-05	1e-05	1.1e-05	1e-05	1e-05	1e-05	1e-05	1e-05	NIC1602
1e-05	1e-05	1e-05	1e-05	1e-05	1e-05	1e-05	1.3e-05	1e-05	1e-05	1e-05	1e-05	1e-05	1e-05	1e-05	1e-05	1e-05	1e-05	1e-05	0.999787	1e-05	1e-05	NIC1607
1e-05	1e-05	1e-05	0.99979	1e-05	1e-05	1e-05	1e-05	1e-05	1e-05	1e-05	1e-05	1e-05	1e-05	1e-05	1e-05	1e-05	1e-05	1e-05	1e-05	1e-05	1e-05	NIC1628
1e-05	1e-05	1e-05	1e-05	1e-05	1e-05	0.99979	1e-05	1e-05	1e-05	1e-05	1e-05	1e-05	1e-05	1e-05	1e-05	1e-05	1e-05	1e-05	1e-05	1e-05	1e-05	NIC1630
1e-05	1e-05	1e-05	1e-05	1e-05	1e-05	1e-05	1e-05	1e-05	1e-05	1e-05	1e-05	1e-05	1e-05	1e-05	1e-05	1e-05	1e-05	0.99979	1e-05	1e-05	1e-05	NIC1631
1e-05	1e-05	1e-05	1e-05	0.99979	1e-05	1e-05	1e-05	1e-05	1e-05	1e-05	1e-05	1e-05	1e-05	1e-05	1e-05	1e-05	1e-05	1e-05	1e-05	1e-05	1e-05	NIC1632
1e-05	1e-05	1e-05	1e-05	0.999787	1e-05	1e-05	1e-05	1e-05	1.3e-05	1e-05	1e-05	1e-05	1e-05	1e-05	1e-05	1e-05	1e-05	1e-05	1e-05	1e-05	1e-05	NIC1633
1e-05	1e-05	1e-05	1e-05	0.99979	1e-05	1e-05	1e-05	1e-05	1e-05	1e-05	1e-05	1e-05	1e-05	1e-05	1e-05	1e-05	1e-05	1e-05	1e-05	1e-05	1e-05	NIC1635
1e-05	1e-05	1e-05	1e-05	1e-05	1e-05	0.759129	1e-05	1e-05	1e-05	1e-05	1e-05	1e-05	1e-05	1e-05	1e-05	1e-05	1e-05	0.240671	1e-05	1e-05	1e-05	NIC1645
1e-05	1e-05	1e-05	1e-05	1.1e-05	1.3e-05	1e-05	1e-05	1e-05	1e-05	1e-05	1e-05	1e-05	1e-05	1e-05	1e-05	1e-05	1e-05	0.999786	1.1e-05	1e-05	1e-05	NIC1660
1e-05	1.3e-05	1.9e-05	1e-05	1e-05	1e-05	1e-05	1e-05	1e-05	1e-05	1e-05	1e-05	1e-05	1e-05	1e-05	0.999778	1e-05	1e-05	1e-05	1e-05	1e-05	1e-05	NIC1661
1e-05	1e-05	1e-05	1e-05	1e-05	1e-05	1e-05	1e-05	1e-05	1e-05	1e-05	1e-05	1e-05	1e-05	1e-05	0.167101	1e-05	1e-05	0.832697	1.2e-05	1e-05	1e-05	NIC1662
1e-05	1e-05	1e-05	1e-05	1e-05	1e-05	1e-05	1e-05	1e-05	1e-05	1e-05	1e-05	1e-05	1e-05	1e-05	0.99979	1e-05	1e-05	1e-05	1e-05	1e-05	1e-05	NIC1663
1e-05	1e-05	1e-05	1e-05	1e-05	0.99979	1e-05	1e-05	1e-05	1e-05	1e-05	1e-05	1e-05	1e-05	1e-05	1e-05	1e-05	1e-05	1e-05	1e-05	1e-05	1e-05	NIC1664
1e-05	1e-05	1e-05	1e-05	1e-05	0.99979	1e-05	1e-05	1e-05	1e-05	1e-05	1e-05	1e-05	1e-05	1e-05	1e-05	1e-05	1e-05	1e-05	1e-05	1e-05	1e-05	NIC1665
1e-05	1e-05	1e-05	1e-05	1e-05	1e-05	1.1e-05	1e-05	1e-05	1.3e-05	1e-05	1e-05	1e-05	1e-05	1e-05	0.999786	1e-05	1e-05	1e-05	1e-05	1e-05	1e-05	NIC1666
1e-05	1e-05	1e-05	1e-05	1e-05	1e-05	0.99979	1e-05	1e-05	1e-05	1e-05	1e-05	1e-05	1e-05	1e-05	1e-05	1e-05	1e-05	1e-05	1e-05	1e-05	1e-05	NIC1667
1e-05	1e-05	1e-05	1e-05	1e-05	1e-05	1e-05	1e-05	1e-05	1.2e-05	1e-05	1e-05	1e-05	1e-05	1e-05	0.275815	1.3e-05	1e-05	0.723979	1e-05	1.1e-05	1e-05	NIC1681
1e-05	1e-05	1e-05	0.805649	1e-05	1e-05	1e-05	1e-05	0.194151	1e-05	1e-05	1e-05	1e-05	1e-05	1e-05	1e-05	1e-05	1e-05	1e-05	1e-05	1e-05	1e-05	NIC1688
1e-05	1e-05	1e-05	1e-05	1e-05	1e-05	1e-05	1e-05	1e-05	1e-05	1e-05	1e-05	1e-05	1e-05	1.5e-05	0.999785	1e-05	1e-05	1e-05	1e-05	1e-05	1e-05	NIC1692
1e-05	1e-05	1e-05	1e-05	1.1e-05	1e-05	1e-05	1.2e-05	1e-05	1e-05	1e-05	1e-05	1e-05	1.3e-05	1e-05	0.200889	1e-05	1e-05	0.798893	1.6e-05	1.6e-05	1e-05	NIC1693
1e-05	1e-05	1e-05	1e-05	1e-05	1e-05	1e-05	1e-05	1e-05	1e-05	1e-05	1e-05	1e-05	1e-05	0.99979	1e-05	1e-05	1e-05	1e-05	1e-05	1e-05	1e-05	NIC17
1e-05	1e-05	1e-05	1e-05	0.999787	1e-05	1e-05	1e-05	1e-05	1.1e-05	1e-05	1e-05	1e-05	1e-05	1e-05	1e-05	1.3e-05	1e-05	1e-05	1e-05	1e-05	1e-05	NIC174
0.085981	1e-05	1e-05	1e-05	1e-05	1e-05	1e-05	1e-05	1e-05	1e-05	1e-05	1e-05	1e-05	1e-05	1e-05	1e-05	1e-05	1e-05	1e-05	1e-05	0.913819	1e-05	NIC187
0.082475	1.1e-05	1e-05	1e-05	1e-05	1e-05	1e-05	1e-05	1e-05	1e-05	1e-05	1e-05	1e-05	1e-05	1e-05	1e-05	1e-05	1e-05	1e-05	1e-05	0.917324	1e-05	NIC188
1e-05	1e-05	1e-05	1e-05	1.2e-05	0.99978	1e-05	1e-05	1e-05	1e-05	1e-05	1.2e-05	1e-05	1e-05	1e-05	1e-05	1.6e-05	1e-05	1e-05	1e-05	1e-05	1e-05	NIC19
1e-05	1e-05	1e-05	1e-05	1e-05	1e-05	1e-05	1e-05	1e-05	1e-05	1e-05	1e-05	1e-05	1e-05	1e-05	1e-05	1e-05	1e-05	1e-05	1e-05	0.99979	1e-05	NIC191
1e-05	1e-05	1e-05	1e-05	1e-05	0.99979	1e-05	1e-05	1e-05	1e-05	1e-05	1e-05	1e-05	1e-05	1e-05	1e-05	1e-05	1e-05	1e-05	1e-05	1e-05	1e-05	NIC20
1e-05	1e-05	1e-05	1e-05	1e-05	0.999784	1e-05	1e-05	1e-05	1e-05	1e-05	1e-05	1e-05	1e-05	1e-05	1e-05	1e-05	1e-05	1.6e-05	1e-05	1e-05	1e-05	NIC21
1e-05	1e-05	1e-05	1e-05	1e-05	0.99979	1e-05	1e-05	1e-05	1e-05	1e-05	1e-05	1e-05	1e-05	1e-05	1e-05	1e-05	1e-05	1e-05	1e-05	1e-05	1e-05	NIC22
1e-05	1.4e-05	1e-05	1e-05	1e-05	1.5e-05	1e-05	1e-05	1e-05	1e-05	1e-05	1e-05	1e-05	1.7e-05	1e-05	1e-05	1e-05	0.999775	1e-05	1e-05	1e-05	1e-05	NIC2369
1e-05	1e-05	1e-05	1e-05	1e-05	1e-05	1e-05	1e-05	1e-05	1e-05	1e-05	1e-05	1e-05	1e-05	1e-05	1e-05	1e-05	1e-05	1e-05	1e-05	0.99979	1e-05	NIC248
1e-05	1e-05	1e-05	1e-05	1e-05	1e-05	1e-05	1e-05	1e-05	1e-05	1e-05	1e-05	1e-05	1e-05	1e-05	1e-05	1e-05	1e-05	1e-05	1e-05	0.99979	1e-05	NIC250
1e-05	1e-05	1e-05	0.99979	1e-05	1e-05	1e-05	1e-05	1e-05	1e-05	1e-05	1e-05	1e-05	1e-05	1e-05	1e-05	1e-05	1e-05	1e-05	1e-05	1e-05	1e-05	NIC2527
0.99979	1e-05	1e-05	1e-05	1e-05	1e-05	1e-05	1e-05	1e-05	1e-05	1e-05	1e-05	1e-05	1e-05	1e-05	1e-05	1e-05	1e-05	1e-05	1e-05	1e-05	1e-05	NIC309
0.999789	1e-05	1e-05	1e-05	1e-05	1e-05	1e-05	1e-05	1e-05	1e-05	1e-05	1e-05	1e-05	1e-05	1e-05	1e-05	1e-05	1e-05	1e-05	1e-05	1e-05	1e-05	NIC325
0.845226	1e-05	1e-05	1e-05	1e-05	1e-05	1e-05	1e-05	1e-05	1e-05	1e-05	1e-05	1e-05	1e-05	1e-05	1e-05	0.154574	1e-05	1e-05	1e-05	1e-05	1e-05	NIC327
0.76476	1e-05	1e-05	1e-05	1e-05	1e-05	1e-05	1e-05	1e-05	1e-05	1e-05	1e-05	1e-05	1e-05	1e-05	1e-05	0.11188	1e-05	1e-05	1e-05	0.12317	1e-05	NIC329
0.867885	1e-05	1e-05	1e-05	1e-05	1e-05	1e-05	1e-05	1e-05	1e-05	1e-05	1e-05	1e-05	1e-05	0.068653	1e-05	0.063273	1e-05	1e-05	1e-05	1e-05	1e-05	NIC330
0.548093	1e-05	1e-05	1e-05	1e-05	1e-05	1e-05	1e-05	1e-05	1e-05	1e-05	0.159064	1e-05	1e-05	1e-05	1e-05	1e-05	1e-05	1e-05	1e-05	0.292653	1e-05	NIC331
0.829496	1e-05	1e-05	1e-05	1e-05	1e-05	1e-05	1e-05	1e-05	1e-05	1e-05	1e-05	1e-05	1e-05	1e-05	1e-05	0.170304	1e-05	1e-05	1e-05	1e-05	1e-05	NIC332
0.954621	1e-05	1e-05	1e-05	1e-05	1e-05	1e-05	1e-05	1e-05	1e-05	1e-05	1e-05	1e-05	1e-05	1e-05	1e-05	0.045179	1e-05	1e-05	1e-05	1e-05	1e-05	NIC333
1e-05	1e-05	1e-05	0.98	1e-05	1e-05	1e-05	1e-05	1e-05	1e-05	1e-05	1e-05	1e-05	1e-05	1e-05	1e-05	1e-05	0.0198	1e-05	1e-05	1e-05	1e-05	NIC343
0.686034	1e-05	1e-05	0.014631	1e-05	1e-05	1e-05	1e-05	1e-05	1e-05	1e-05	1e-05	1e-05	1e-05	0.299146	1e-05	1e-05	1e-05	1e-05	1e-05	1e-05	1e-05	NIC392
0.858742	1e-05	1e-05	1e-05	1e-05	1e-05	1e-05	1e-05	1e-05	1e-05	1e-05	1e-05	1e-05	1e-05	1e-05	1e-05	0.141058	1e-05	1e-05	1e-05	1e-05	1e-05	NIC400
0.761677	1e-05	1e-05	1e-05	1e-05	1e-05	1e-05	1e-05	1e-05	1e-05	1e-05	1e-05	1e-05	1e-05	1e-05	1e-05	0.158965	1e-05	1e-05	1e-05	0.079168	1e-05	NIC402
1.9e-05	1e-05	1e-05	1e-05	1e-05	1.1e-05	1e-05	1e-05	1e-05	1e-05	1e-05	1e-05	1e-05	1e-05	1e-05	1e-05	1e-05	0.999778	1e-05	1e-05	1.2e-05	1e-05	NIC419
1e-05	1e-05	1e-05	1e-05	1e-05	1e-05	1e-05	1e-05	1e-05	1e-05	1e-05	1e-05	1e-05	1e-05	1e-05	0.99979	1e-05	1e-05	1e-05	1e-05	1e-05	1e-05	NIC504
1e-05	1e-05	1e-05	1e-05	1e-05	1e-05	1e-05	1e-05	1e-05	1e-05	1e-05	1e-05	1e-05	1e-05	1e-05	0.99979	1e-05	1e-05	1e-05	1e-05	1e-05	1e-05	NIC505
1e-05	1e-05	1e-05	1e-05	1e-05	1e-05	0.99979	1e-05	1e-05	1e-05	1e-05	1e-05	1e-05	1e-05	1e-05	1e-05	1e-05	1e-05	1e-05	1e-05	1e-05	1e-05	NIC518
1e-05	1e-05	1e-05	1e-05	1e-05	1e-05	0.909852	1e-05	1e-05	1e-05	1e-05	1e-05	1e-05	1e-05	1e-05	1e-05	1e-05	1e-05	0.089948	1e-05	1e-05	1e-05	NIC519
1e-05	1e-05	1e-05	1e-05	1e-05	1e-05	1e-05	1e-05	1e-05	1e-05	1e-05	1e-05	1e-05	1e-05	1e-05	1e-05	1e-05	1e-05	1e-05	1e-05	0.99979	1e-05	NIC532
0.377386	0.33683	1e-05	1e-05	1e-05	1e-05	1e-05	1e-05	1e-05	1e-05	1e-05	0.075878	1e-05	1e-05	1e-05	1e-05	1e-05	1e-05	1e-05	1e-05	0.209725	1e-05	NIC541
1e-05	1e-05	1e-05	1e-05	1e-05	1e-05	1e-05	1e-05	1e-05	1e-05	1e-05	1e-05	1e-05	1e-05	1e-05	1e-05	1e-05	1e-05	1e-05	1e-05	0.99979	1e-05	NIC549
1e-05	1e-05	1e-05	1e-05	1e-05	1e-05	1e-05	1e-05	1e-05	1e-05	1e-05	1e-05	1e-05	1e-05	0.169739	1e-05	1e-05	1e-05	1e-05	1e-05	0.830061	1e-05	NIC552
0.035281	1e-05	1e-05	1e-05	1e-05	1e-05	1e-05	1e-05	1e-05	1e-05	1e-05	0.159645	1e-05	1e-05	1e-05	1e-05	1e-05	1e-05	1e-05	1e-05	0.804884	1e-05	NIC555
1e-05	1e-05	1e-05	1e-05	1e-05	1e-05	1e-05	1e-05	1e-05	1e-05	1e-05	1e-05	1e-05	1e-05	1e-05	1e-05	1e-05	1e-05	1e-05	1e-05	0.99979	1e-05	NIC574
1e-05	1e-05	1e-05	1e-05	1e-05	1e-05	1e-05	1e-05	1e-05	1e-05	1e-05	1e-05	1e-05	1e-05	1e-05	1e-05	1e-05	1e-05	1e-05	1e-05	0.99979	1e-05	NIC578
0.103037	1e-05	1e-05	1e-05	1e-05	1e-05	1e-05	1e-05	1e-05	1e-05	1e-05	0.044472	1e-05	1e-05	1e-05	1e-05	1e-05	1e-05	1e-05	1e-05	0.852301	1e-05	NIC583
0.269551	0.156353	1e-05	1e-05	1e-05	1e-05	1e-05	1e-05	1e-05	1e-05	1e-05	1.2e-05	1e-05	1e-05	1e-05	1e-05	1e-05	1e-05	1e-05	1e-05	0.573904	1e-05	NIC590
1e-05	1e-05	1e-05	1e-05	1e-05	1e-05	1e-05	1e-05	1e-05	1e-05	1e-05	1e-05	1e-05	1e-05	1e-05	1e-05	1e-05	1e-05	1e-05	1e-05	0.99979	1e-05	NIC593
0.941984	1e-05	1e-05	1e-05	1e-05	1e-05	1e-05	1e-05	1e-05	1e-05	1e-05	1e-05	1e-05	1e-05	1e-05	1e-05	1e-05	1e-05	1e-05	1e-05	0.057816	1e-05	NIC60
1e-05	1e-05	1e-05	1e-05	1e-05	1e-05	1e-05	1e-05	1e-05	1e-05	1e-05	1.1e-05	1e-05	1e-05	0.153528	1e-05	1e-05	1e-05	1.1e-05	1e-05	0.846271	1e-05	NIC61
0.486097	1e-05	1e-05	1e-05	1e-05	1e-05	1e-05	1e-05	1e-05	1e-05	1e-05	1e-05	1e-05	1e-05	0.135446	1e-05	1e-05	1e-05	1e-05	1e-05	0.378267	1e-05	NIC62
1e-05	1e-05	1e-05	1e-05	1e-05	1e-05	1e-05	1e-05	1e-05	1e-05	2e-05	1e-05	1e-05	1e-05	1e-05	1e-05	1e-05	0.99978	1e-05	1e-05	1e-05	1e-05	NIC67
0.0874	0.129846	1e-05	1e-05	1e-05	1e-05	1e-05	1e-05	1e-05	1e-05	1e-05	1.1e-05	1e-05	1e-05	1e-05	1e-05	1e-05	1e-05	1e-05	1e-05	0.782563	1e-05	NIC758
0.411321	0.007385	1e-05	1e-05	1e-05	1e-05	1e-05	1e-05	1e-05	1e-05	1e-05	0.095998	1e-05	1e-05	0.136342	1e-05	1e-05	1.5e-05	1e-05	1e-05	0.348779	1e-05	NIC777
1e-05	1e-05	1e-05	1e-05	1e-05	1e-05	1e-05	1e-05	1e-05	1e-05	1e-05	1e-05	1e-05	1e-05	1e-05	0.99979	1e-05	1e-05	1e-05	1e-05	1e-05	1e-05	NIC779
1e-05	1e-05	1e-05	0.999787	1e-05	1e-05	1e-05	1e-05	1e-05	1e-05	1.1e-05	1e-05	1e-05	1e-05	1e-05	1e-05	1e-05	1e-05	1.2e-05	1e-05	1e-05	1e-05	NIC790
1e-05	1e-05	1e-05	1e-05	1e-05	1e-05	1e-05	1e-05	1e-05	1e-05	1e-05	1e-05	1e-05	0.99979	1e-05	1e-05	1e-05	1e-05	1e-05	1e-05	1e-05	1e-05	NIC791
1e-05	1.4e-05	1e-05	0.631691	1e-05	1e-05	1e-05	1e-05	1e-05	1e-05	1e-05	1e-05	1e-05	0.368105	1e-05	1e-05	1e-05	1e-05	1e-05	1e-05	1e-05	1e-05	NIC792
1e-05	1e-05	1e-05	0.99979	1e-05	1e-05	1e-05	1e-05	1e-05	1e-05	1e-05	1e-05	1e-05	1e-05	1e-05	1e-05	1e-05	1e-05	1e-05	1e-05	1e-05	1e-05	NIC793
1e-05	1e-05	1e-05	0.938667	1e-05	1e-05	1e-05	1e-05	0.061133	1e-05	1e-05	1e-05	1e-05	1e-05	1e-05	1e-05	1e-05	1e-05	1e-05	1e-05	1e-05	1e-05	NIC795
1e-05	1e-05	1e-05	0.99979	1e-05	1e-05	1e-05	1e-05	1e-05	1e-05	1e-05	1e-05	1e-05	1e-05	1e-05	1e-05	1e-05	1e-05	1e-05	1e-05	1e-05	1e-05	NIC796
1e-05	1e-05	1e-05	0.999786	1e-05	1e-05	1e-05	1e-05	1e-05	1e-05	1e-05	1e-05	1e-05	1e-05	1e-05	1e-05	1.4e-05	1e-05	1e-05	1e-05	1e-05	1e-05	NIC802
0.119683	1e-05	1e-05	0.880117	1e-05	1e-05	1e-05	1e-05	1e-05	1e-05	1e-05	1e-05	1e-05	1e-05	1e-05	1e-05	1e-05	1e-05	1e-05	1e-05	1e-05	1e-05	NIC803
1e-05	1e-05	1e-05	1e-05	1e-05	1e-05	1e-05	1e-05	1e-05	1e-05	1e-05	1e-05	1e-05	1e-05	1e-05	1e-05	1e-05	1e-05	0.99979	1e-05	1e-05	1e-05	NIC805
1e-05	1e-05	1e-05	0.99979	1e-05	1e-05	1e-05	1e-05	1e-05	1e-05	1e-05	1e-05	1e-05	1e-05	1e-05	1e-05	1e-05	1e-05	1e-05	1e-05	1e-05	1e-05	NIC811
1e-05	1e-05	1e-05	1e-05	1e-05	1e-05	1e-05	1e-05	1e-05	1e-05	1e-05	1e-05	1e-05	1.1e-05	1e-05	0.223952	1e-05	1e-05	0.775847	1e-05	1e-05	1e-05	NIC814
1e-05	1e-05	1e-05	1e-05	1e-05	1e-05	1e-05	1e-05	1e-05	1e-05	1e-05	1e-05	1e-05	1e-05	1e-05	1e-05	1e-05	1e-05	0.99979	1e-05	1e-05	1e-05	NIC815
1.5e-05	1e-05	1e-05	1e-05	1e-05	0.999776	1e-05	1e-05	1.9e-05	1e-05	1e-05	1e-05	1e-05	1e-05	1e-05	1e-05	1e-05	1e-05	1e-05	1e-05	1e-05	1e-05	NIC816
1e-05	1e-05	1e-05	1e-05	1e-05	1e-05	1e-05	1e-05	1e-05	1e-05	1e-05	1e-05	1e-05	1e-05	1e-05	1e-05	1e-05	1e-05	1e-05	0.99979	1e-05	1e-05	NIC819
0.064171	1e-05	1e-05	0.526111	1e-05	1e-05	1e-05	1e-05	0.409528	1e-05	1e-05	1e-05	1e-05	1e-05	1e-05	1e-05	1e-05	1e-05	1e-05	1e-05	1e-05	1e-05	NIC821
1e-05	1e-05	1e-05	1e-05	1e-05	1e-05	0.428579	1e-05	1e-05	1e-05	1e-05	1e-05	1e-05	1e-05	1e-05	1e-05	1e-05	1e-05	0.571221	1e-05	1e-05	1e-05	NIC822
1e-05	1e-05	1e-05	1e-05	1e-05	1e-05	1e-05	1e-05	1e-05	1e-05	1e-05	1e-05	1e-05	1e-05	1e-05	1e-05	1e-05	1e-05	0.99979	1e-05	1e-05	1e-05	NIC824
1e-05	1e-05	1e-05	1e-05	1e-05	0.99979	1e-05	1e-05	1e-05	1e-05	1e-05	1e-05	1e-05	1e-05	1e-05	1e-05	1e-05	1e-05	1e-05	1e-05	1e-05	1e-05	NIC825
1e-05	1e-05	1e-05	1e-05	1e-05	0.999789	1e-05	1e-05	1e-05	1e-05	1e-05	1e-05	1.1e-05	1e-05	1e-05	1e-05	1e-05	1e-05	1e-05	1e-05	1e-05	1e-05	NIC827
1e-05	1e-05	1e-05	1e-05	1e-05	0.99979	1e-05	1e-05	1e-05	1e-05	1e-05	1e-05	1e-05	1e-05	1e-05	1e-05	1e-05	1e-05	1e-05	1e-05	1e-05	1e-05	NIC828
1e-05	1e-05	1e-05	1e-05	1e-05	1e-05	1e-05	1e-05	1e-05	1e-05	1e-05	1e-05	1e-05	1e-05	1e-05	0.99979	1e-05	1e-05	1e-05	1e-05	1e-05	1e-05	NIC863
1e-05	1e-05	1e-05	1e-05	1e-05	1e-05	1e-05	1e-05	1e-05	1e-05	1e-05	1e-05	1e-05	1e-05	1e-05	1e-05	1e-05	1e-05	0.99979	1e-05	1e-05	1e-05	NIC864
1e-05	1e-05	1e-05	1e-05	1e-05	1e-05	1e-05	1e-05	1e-05	1e-05	1e-05	1e-05	1e-05	1e-05	1e-05	0.99979	1e-05	1e-05	1e-05	1e-05	1e-05	1e-05	NIC865
1e-05	1e-05	1e-05	0.99979	1e-05	1e-05	1e-05	1e-05	1e-05	1e-05	1e-05	1e-05	1e-05	1e-05	1e-05	1e-05	1e-05	1e-05	1e-05	1e-05	1e-05	1e-05	NIC871
1e-05	1e-05	1e-05	0.713346	1e-05	1e-05	1e-05	1e-05	0.286454	1e-05	1e-05	1e-05	1e-05	1e-05	1e-05	1e-05	1e-05	1e-05	1e-05	1e-05	1e-05	1e-05	NIC883
1e-05	1e-05	1e-05	1e-05	1e-05	1e-05	1e-05	1e-05	1e-05	1e-05	1e-05	1e-05	1e-05	1e-05	1e-05	1e-05	1e-05	1e-05	0.99979	1e-05	1e-05	1e-05	NIC889
1e-05	1e-05	1e-05	1e-05	1e-05	1e-05	1e-05	1.2e-05	1e-05	1e-05	1e-05	1e-05	1e-05	1e-05	0.023034	1e-05	1e-05	1e-05	1e-05	0.976764	1e-05	1e-05	NIC893
1e-05	1e-05	1e-05	1e-05	1e-05	1e-05	1e-05	1.3e-05	1.3e-05	1e-05	1.3e-05	1e-05	1e-05	1e-05	1e-05	0.053618	1e-05	1e-05	0.946171	1e-05	1.1e-05	1e-05	NIC897
1e-05	1e-05	1e-05	1e-05	0.99979	1e-05	1e-05	1e-05	1e-05	1e-05	1e-05	1e-05	1e-05	1e-05	1e-05	1e-05	1e-05	1e-05	1e-05	1e-05	1e-05	1e-05	NIC899
1e-05	1e-05	1e-05	1e-05	1e-05	1e-05	1e-05	1e-05	1e-05	1e-05	1e-05	1e-05	1e-05	1e-05	0.99979	1e-05	1e-05	1e-05	1e-05	1e-05	1e-05	1e-05	NIC901
0.089004	1e-05	1e-05	0.718172	1e-05	1e-05	1e-05	1e-05	1e-05	1e-05	1e-05	1e-05	1e-05	1e-05	1e-05	1e-05	1e-05	1e-05	1e-05	1e-05	0.192633	1e-05	NIC911
0.999789	1e-05	1e-05	1e-05	1e-05	1e-05	1e-05	1e-05	1e-05	1e-05	1e-05	1e-05	1e-05	1e-05	1e-05	1e-05	1e-05	1e-05	1e-05	1e-05	1e-05	1e-05	NIC96
0.113451	1e-05	1e-05	0.886349	1e-05	1e-05	1e-05	1e-05	1e-05	1e-05	1e-05	1e-05	1e-05	1e-05	1e-05	1e-05	1e-05	1e-05	1e-05	1e-05	1e-05	1e-05	NIC984
0.048781	1e-05	1e-05	0.639012	1e-05	1e-05	1e-05	1e-05	1e-05	1e-05	1e-05	1e-05	1e-05	1e-05	1e-05	1e-05	1e-05	0.158519	1e-05	1e-05	0.153508	1e-05	NIC985
1e-05	1.5e-05	1e-05	1.6e-05	0.99977	1e-05	1e-05	1e-05	1e-05	1e-05	1e-05	1e-05	1e-05	1.5e-05	1e-05	1e-05	1.5e-05	1e-05	1e-05	1e-05	1e-05	1e-05	PB800
1e-05	1e-05	1e-05	1e-05	0.99979	1e-05	1e-05	1e-05	1e-05	1e-05	1e-05	1e-05	1e-05	1e-05	1e-05	1e-05	1e-05	1e-05	1e-05	1e-05	1e-05	1e-05	PB857
1e-05	1e-05	1e-05	0.418171	1e-05	1e-05	1e-05	1e-05	0.218389	1e-05	1e-05	1e-05	1e-05	1e-05	0.088454	1e-05	1e-05	1e-05	1e-05	1e-05	0.274805	1e-05	PE887
0.140122	1e-05	1e-05	1e-05	1e-05	1e-05	1e-05	1e-05	1e-05	1e-05	1e-05	0.386539	1e-05	1e-05	1e-05	1e-05	0.473149	1e-05	1e-05	1e-05	1e-05	1e-05	QG1005
1e-05	1e-05	1e-05	2e-05	1e-05	1e-05	1e-05	1e-05	1e-05	1.1e-05	1e-05	1e-05	1e-05	1e-05	1e-05	1e-05	0.999779	1e-05	1e-05	1e-05	1e-05	1e-05	QG1007
1e-05	1e-05	1e-05	1e-05	1e-05	1e-05	1e-05	1e-05	1.3e-05	1e-05	1e-05	0.423773	1e-05	1.2e-05	1e-05	1e-05	0.576022	1e-05	1e-05	1e-05	1e-05	1e-05	QG1111
1e-05	1e-05	1e-05	1.9e-05	1e-05	1e-05	1.1e-05	1e-05	1e-05	1e-05	1e-05	1e-05	1e-05	1e-05	1e-05	1e-05	0.99978	1e-05	1e-05	1e-05	1e-05	1e-05	QG1126
1e-05	1e-05	1e-05	1e-05	1e-05	1e-05	1e-05	1e-05	1e-05	1e-05	1e-05	0.99979	1e-05	1e-05	1e-05	1e-05	1e-05	1e-05	1e-05	1e-05	1e-05	1e-05	QG1141
1e-05	1e-05	1e-05	1e-05	1e-05	1e-05	1e-05	1e-05	1e-05	1e-05	1e-05	0.932932	1e-05	1e-05	1e-05	1e-05	0.066868	1e-05	1e-05	1e-05	1e-05	1e-05	QG1155
1e-05	1e-05	1e-05	1e-05	1e-05	1e-05	1e-05	1e-05	1e-05	1e-05	1e-05	1e-05	1e-05	1e-05	0.99979	1e-05	1e-05	1e-05	1e-05	1e-05	1e-05	1e-05	QG130
0.021818	1e-05	1e-05	0.304299	1e-05	1e-05	1e-05	1e-05	1e-05	1e-05	1e-05	1e-05	1e-05	1e-05	0.673693	1e-05	1e-05	1e-05	1e-05	1e-05	1e-05	1e-05	QG132
1e-05	1e-05	1e-05	1e-05	1e-05	1e-05	0.174485	1e-05	1e-05	1e-05	1e-05	1e-05	1e-05	1e-05	1e-05	0.020705	1e-05	1e-05	0.80462	1e-05	1e-05	1e-05	QG133
1e-05	1e-05	1e-05	1e-05	1e-05	1e-05	1e-05	1e-05	1e-05	1e-05	1e-05	0.180096	1e-05	1e-05	1e-05	1e-05	0.819704	1e-05	1e-05	1e-05	1e-05	1e-05	QG2641
1e-05	1e-05	1e-05	1e-05	1e-05	1e-05	1e-05	1e-05	1e-05	1e-05	1e-05	1e-05	1e-05	1e-05	1e-05	1e-05	0.999786	1e-05	1e-05	1e-05	1.4e-05	1e-05	QG2648
1.2e-05	1e-05	1e-05	1e-05	1e-05	1e-05	1e-05	1e-05	1e-05	1e-05	1e-05	0.489935	1e-05	1e-05	1e-05	1e-05	0.509863	1e-05	1e-05	1e-05	1e-05	1e-05	QG2659
2e-05	1e-05	1e-05	1e-05	1e-05	1e-05	1e-05	1e-05	1e-05	1e-05	1e-05	0.784945	1e-05	1e-05	1e-05	1e-05	0.214845	1e-05	1e-05	1e-05	1e-05	1e-05	QG2663
1e-05	1e-05	1e-05	1e-05	1e-05	1e-05	1e-05	1e-05	1e-05	1e-05	1e-05	0.132755	1e-05	1e-05	1e-05	1e-05	0.867045	1e-05	1e-05	1e-05	1e-05	1e-05	QG2665
1e-05	1e-05	1e-05	1e-05	1e-05	1e-05	1e-05	1e-05	1e-05	1e-05	1e-05	0.999789	1e-05	1e-05	1e-05	1.1e-05	1e-05	1e-05	1e-05	1e-05	1e-05	1e-05	QG2683
1.2e-05	1e-05	1e-05	1e-05	1e-05	1e-05	1e-05	1e-05	1e-05	1e-05	1e-05	0.468975	1e-05	1e-05	1e-05	1e-05	0.530822	1e-05	1e-05	1e-05	1e-05	1e-05	QG2736
1e-05	1e-05	1e-05	0.99979	1e-05	1e-05	1e-05	1e-05	1e-05	1e-05	1e-05	1e-05	1e-05	1e-05	1e-05	1e-05	1e-05	1e-05	1e-05	1e-05	1e-05	1e-05	QG2814
1e-05	1e-05	1e-05	0.464221	1e-05	1e-05	1e-05	1e-05	0.228121	1e-05	1e-05	1e-05	1e-05	1e-05	0.307466	1e-05	1e-05	1.3e-05	1e-05	1e-05	1e-05	1e-05	QG2820
1e-05	1e-05	1e-05	0.99979	1e-05	1e-05	1e-05	1e-05	1e-05	1e-05	1e-05	1e-05	1e-05	1e-05	1e-05	1e-05	1e-05	1e-05	1e-05	1e-05	1e-05	1e-05	QG2848
1e-05	0.999789	1e-05	1e-05	1e-05	1e-05	1e-05	1e-05	1e-05	1e-05	1e-05	1e-05	1e-05	1.1e-05	1e-05	1e-05	1e-05	1e-05	1e-05	1e-05	1e-05	1e-05	QG2880
1e-05	1e-05	1e-05	0.821006	1e-05	1e-05	1e-05	1e-05	1e-05	1e-05	1e-05	1e-05	1e-05	1e-05	0.178794	1e-05	1e-05	1e-05	1e-05	1e-05	1e-05	1e-05	QG2881
1e-05	1e-05	1e-05	0.733926	1e-05	1e-05	1e-05	1e-05	1e-05	1e-05	1e-05	1e-05	1e-05	1e-05	0.265874	1e-05	1e-05	1e-05	1e-05	1e-05	1e-05	1e-05	QG2883
1e-05	0.99979	1e-05	1e-05	1e-05	1e-05	1e-05	1e-05	1e-05	1e-05	1e-05	1e-05	1e-05	1e-05	1e-05	1e-05	1e-05	1e-05	1e-05	1e-05	1e-05	1e-05	QG2884
1e-05	1e-05	1e-05	1e-05	1e-05	1e-05	1e-05	1e-05	1e-05	1e-05	1e-05	1e-05	0.99979	1e-05	1e-05	1e-05	1e-05	1e-05	1e-05	1e-05	1e-05	1e-05	QG2891
1e-05	0.99979	1e-05	1e-05	1e-05	1e-05	1e-05	1e-05	1e-05	1e-05	1e-05	1e-05	1e-05	1e-05	1e-05	1e-05	1e-05	1e-05	1e-05	1e-05	1e-05	1e-05	QG2892
1e-05	1e-05	1e-05	1e-05	1e-05	1e-05	1e-05	1e-05	1e-05	0.99979	1e-05	1e-05	1e-05	1e-05	1e-05	1e-05	1e-05	1e-05	1e-05	1e-05	1e-05	1e-05	QG2893
1e-05	0.999788	1e-05	1e-05	1e-05	1e-05	1.2e-05	1e-05	1e-05	1e-05	1e-05	1e-05	1e-05	1e-05	1e-05	1e-05	1e-05	1e-05	1e-05	1e-05	1e-05	1e-05	QG2895
1.3e-05	0.999777	1e-05	1e-05	1e-05	1e-05	1e-05	1e-05	1.2e-05	1e-05	1e-05	1.4e-05	1e-05	1.3e-05	1e-05	1e-05	1e-05	1e-05	1e-05	1e-05	1e-05	1e-05	QG2902
1e-05	0.99979	1e-05	1e-05	1e-05	1e-05	1e-05	1e-05	1e-05	1e-05	1e-05	1e-05	1e-05	1e-05	1e-05	1e-05	1e-05	1e-05	1e-05	1e-05	1e-05	1e-05	QG2903
1e-05	0.99979	1e-05	1e-05	1e-05	1e-05	1e-05	1e-05	1e-05	1e-05	1e-05	1e-05	1e-05	1e-05	1e-05	1e-05	1e-05	1e-05	1e-05	1e-05	1e-05	1e-05	QG2906
1e-05	1e-05	1e-05	1e-05	1e-05	1e-05	1e-05	1e-05	1e-05	0.99979	1e-05	1e-05	1e-05	1e-05	1e-05	1e-05	1e-05	1e-05	1e-05	1e-05	1e-05	1e-05	QG2908
1.8e-05	1e-05	1e-05	0.172333	1e-05	1e-05	1e-05	1e-05	0.439029	1e-05	1e-05	1e-05	1e-05	1e-05	0.38844	1e-05	1e-05	1e-05	1e-05	1e-05	1e-05	1e-05	QG2910
1e-05	1e-05	1e-05	1e-05	1e-05	1e-05	1e-05	1e-05	1e-05	1e-05	0.106391	1e-05	0.893409	1e-05	1e-05	1e-05	1e-05	1e-05	1e-05	1e-05	1e-05	1e-05	QG2919
1e-05	0.99979	1e-05	1e-05	1e-05	1e-05	1e-05	1e-05	1e-05	1e-05	1e-05	1e-05	1e-05	1e-05	1e-05	1e-05	1e-05	1e-05	1e-05	1e-05	1e-05	1e-05	QG2923
1e-05	0.99979	1e-05	1e-05	1e-05	1e-05	1e-05	1e-05	1e-05	1e-05	1e-05	1e-05	1e-05	1e-05	1e-05	1e-05	1e-05	1e-05	1e-05	1e-05	1e-05	1e-05	QG2925
1e-05	1e-05	1e-05	1e-05	1e-05	1e-05	1e-05	1e-05	1e-05	1e-05	1e-05	0.999788	1e-05	1e-05	1e-05	1e-05	1e-05	1.2e-05	1e-05	1e-05	1e-05	1e-05	QG2964
1e-05	1e-05	1e-05	1e-05	1e-05	1e-05	1e-05	1e-05	1e-05	1e-05	1e-05	0.685789	1e-05	1e-05	0.247426	1e-05	1e-05	1e-05	1e-05	1e-05	0.066595	1e-05	QG2966
1e-05	1e-05	1e-05	1e-05	1e-05	1e-05	1e-05	1e-05	1e-05	1e-05	1e-05	0.050604	1e-05	1e-05	1e-05	1e-05	0.949196	1e-05	1e-05	1e-05	1e-05	1e-05	QG2969
1e-05	1e-05	1e-05	1e-05	1e-05	1e-05	1e-05	1e-05	1e-05	1e-05	1e-05	0.335336	1e-05	2e-05	1e-05	1e-05	0.664454	1e-05	1e-05	1e-05	1e-05	1e-05	QG2972
1e-05	1e-05	1e-05	1.4e-05	1e-05	1e-05	1e-05	1e-05	1e-05	1e-05	1e-05	1e-05	1e-05	1e-05	1e-05	1e-05	0.999786	1e-05	1e-05	1e-05	1e-05	1e-05	QG2996
0.168667	1.4e-05	1e-05	0.061366	1e-05	1e-05	1.2e-05	1e-05	1e-05	1e-05	1e-05	0.550089	1e-05	1e-05	0.00822	1e-05	0.211479	1e-05	1.1e-05	1.2e-05	1e-05	1e-05	QG3004
1e-05	1e-05	1e-05	1e-05	1e-05	1e-05	1e-05	1e-05	1e-05	1e-05	1e-05	0.260298	1e-05	1e-05	1e-05	1e-05	0.739502	1e-05	1e-05	1e-05	1e-05	1e-05	QG3006
0.175998	1e-05	1e-05	1e-05	1e-05	1e-05	1e-05	1e-05	1e-05	1e-05	1e-05	0.590795	1e-05	1e-05	1e-05	1e-05	0.233017	1e-05	1e-05	1e-05	1e-05	1e-05	QG3019
1e-05	1e-05	1e-05	1e-05	1e-05	1e-05	1e-05	1e-05	1e-05	1e-05	1e-05	1e-05	1e-05	1.1e-05	1e-05	1e-05	0.999789	1e-05	1e-05	1e-05	1e-05	1e-05	QG3025
1e-05	1.5e-05	1e-05	1e-05	1e-05	1e-05	1e-05	1e-05	1e-05	1e-05	1e-05	1e-05	1e-05	1.7e-05	1e-05	1e-05	0.999778	1e-05	1e-05	1e-05	1e-05	1e-05	QG3030
0.250615	1e-05	1e-05	1.1e-05	1e-05	1e-05	1e-05	1e-05	1e-05	1e-05	1e-05	0.643124	1e-05	1e-05	0.006221	1e-05	0.09986	1e-05	1e-05	1e-05	1e-05	1e-05	QG3032
1e-05	1.2e-05	1e-05	1e-05	1e-05	1e-05	1e-05	1e-05	1e-05	1.2e-05	1e-05	1e-05	1e-05	1.2e-05	1e-05	1e-05	0.999785	1e-05	1e-05	1e-05	1e-05	1e-05	QG3034
1e-05	1.2e-05	1e-05	1.1e-05	1e-05	1e-05	1e-05	1e-05	1.1e-05	1e-05	1.1e-05	1e-05	1e-05	1.2e-05	1e-05	1e-05	0.999782	1.2e-05	1e-05	1e-05	1e-05	1e-05	QG3041
1e-05	1e-05	1e-05	0.20523	1e-05	1e-05	1e-05	1e-05	1e-05	1e-05	1e-05	1e-05	1e-05	1e-05	1e-05	1e-05	1e-05	1e-05	1e-05	1e-05	0.79457	1e-05	QG3053
1e-05	1e-05	1e-05	1e-05	1e-05	1e-05	1e-05	1e-05	1e-05	1e-05	1e-05	0.679839	1e-05	1e-05	0.244485	1e-05	1e-05	1e-05	1e-05	1e-05	0.075486	1e-05	QG3056
1e-05	1.9e-05	1e-05	1e-05	1e-05	1e-05	1e-05	1e-05	1e-05	1e-05	1e-05	0.121075	1e-05	1e-05	1e-05	1e-05	0.878716	1e-05	1e-05	1e-05	1e-05	1e-05	QG3057
0.087762	1e-05	1e-05	1e-05	1e-05	1e-05	1e-05	1e-05	1e-05	1e-05	1e-05	0.626845	1e-05	1e-05	1e-05	1e-05	0.285203	1e-05	1e-05	1e-05	1e-05	1e-05	QG3058
0.049741	1e-05	1e-05	1e-05	1e-05	1e-05	1e-05	1e-05	1e-05	1e-05	1e-05	0.110525	1e-05	1e-05	1e-05	1e-05	0.031186	1e-05	1e-05	1e-05	0.808368	1e-05	QG3527
1e-05	1e-05	1e-05	1e-05	0.99979	1e-05	1e-05	1e-05	1e-05	1e-05	1e-05	1e-05	1e-05	1e-05	1e-05	1e-05	1e-05	1e-05	1e-05	1e-05	1e-05	1e-05	QG3661
1e-05	1e-05	1e-05	0.130902	1e-05	1e-05	1e-05	1e-05	1.1e-05	1e-05	1e-05	0.067388	1e-05	1e-05	1e-05	1e-05	1e-05	1e-05	1e-05	1e-05	0.801519	1e-05	QG3783
0.08354	1e-05	1e-05	0.00761	1e-05	1e-05	1e-05	1e-05	1e-05	1e-05	1e-05	0.404449	1e-05	1e-05	1e-05	1e-05	0.465004	1e-05	1e-05	1e-05	0.039228	1e-05	QG3801
0.001455	1e-05	1e-05	1e-05	1e-05	1e-05	1e-05	1e-05	1e-05	1e-05	1e-05	1e-05	1e-05	1e-05	1e-05	1e-05	1e-05	1e-05	1e-05	1e-05	0.998345	1e-05	QG3815
1e-05	1e-05	1e-05	0.019408	1e-05	1e-05	1e-05	1e-05	1e-05	1e-05	1e-05	0.052735	1e-05	1e-05	1e-05	1e-05	1e-05	1e-05	1e-05	1e-05	0.927667	1e-05	QG3816
0.108062	1e-05	1e-05	0.055892	1e-05	1e-05	1e-05	1e-05	1e-05	1e-05	1e-05	0.101121	1e-05	0.003327	1e-05	1e-05	0.731428	1e-05	1e-05	1e-05	1e-05	1e-05	QG3823
1e-05	1e-05	1e-05	1e-05	1e-05	1e-05	1e-05	1e-05	1e-05	1e-05	1e-05	1e-05	1e-05	1e-05	1e-05	1e-05	1e-05	1e-05	1e-05	1e-05	0.99979	1e-05	QG3825
1e-05	1e-05	1e-05	1e-05	1e-05	1e-05	1e-05	1e-05	1e-05	1e-05	1e-05	0.088604	1e-05	1e-05	1e-05	1e-05	1e-05	1e-05	1e-05	1e-05	0.911196	1e-05	QG3826
1e-05	1e-05	1e-05	1e-05	1e-05	1e-05	1e-05	1e-05	1e-05	1e-05	1e-05	1e-05	1e-05	1e-05	1e-05	1e-05	1e-05	1e-05	1e-05	1e-05	0.99979	1e-05	QG3837
1e-05	1e-05	1e-05	0.11063	1e-05	1e-05	1e-05	1e-05	1e-05	1e-05	1e-05	0.066331	1e-05	1e-05	1e-05	1e-05	1e-05	1e-05	1e-05	1e-05	0.822849	1e-05	QG3851
1e-05	1e-05	1e-05	1e-05	1e-05	1e-05	1e-05	1e-05	1e-05	1e-05	1e-05	0.024585	1e-05	1e-05	1e-05	1e-05	1e-05	1e-05	1e-05	1e-05	0.975215	1e-05	QG3861
0.089686	1e-05	1e-05	0.010787	1.1e-05	1e-05	1e-05	1e-05	1e-05	1e-05	1e-05	0.203349	1.1e-05	1e-05	1e-05	1e-05	0.595853	1e-05	1e-05	1e-05	0.100153	1e-05	QG3867
1e-05	1e-05	1e-05	0.059826	1e-05	1e-05	1e-05	1e-05	1e-05	1e-05	1e-05	1e-05	1e-05	1e-05	1e-05	1e-05	1e-05	1e-05	1e-05	1e-05	0.939974	1e-05	QG3874
1e-05	1e-05	1e-05	1e-05	1e-05	1e-05	1e-05	1e-05	1e-05	1e-05	1e-05	1e-05	1e-05	1e-05	1e-05	1e-05	1e-05	1e-05	1e-05	1e-05	0.99979	1e-05	QG3875
1e-05	1e-05	1e-05	0.051884	1e-05	1e-05	1e-05	1e-05	1e-05	1e-05	1e-05	0.053027	1e-05	1e-05	1e-05	1e-05	1e-05	1e-05	1e-05	1e-05	0.894899	1e-05	QG3876
1e-05	1e-05	1e-05	1e-05	1e-05	1e-05	1e-05	1e-05	1e-05	1e-05	1e-05	1e-05	1e-05	1e-05	1e-05	1e-05	1e-05	1e-05	1e-05	1e-05	0.99979	1e-05	QG3878
0.175565	1e-05	1e-05	1e-05	1e-05	1e-05	1e-05	1e-05	1e-05	1e-05	1e-05	0.044922	1e-05	1e-05	0.122528	1e-05	1e-05	1e-05	1e-05	1e-05	0.656805	1e-05	QG3920
0.190932	1e-05	1e-05	1e-05	1e-05	1e-05	1e-05	1e-05	1e-05	1e-05	1e-05	0.03607	1e-05	1e-05	0.12925	1e-05	1e-05	1e-05	1e-05	1e-05	0.643568	1e-05	QG3921
0.126806	1e-05	1e-05	1e-05	1e-05	1e-05	1e-05	1e-05	1e-05	1e-05	1e-05	1e-05	1e-05	1e-05	0.186858	1e-05	1e-05	1e-05	1e-05	1e-05	0.686146	1e-05	QG3923
0.61477	1e-05	1e-05	0.282225	1e-05	1e-05	1e-05	1e-05	1e-05	1e-05	1e-05	0.069824	1e-05	1e-05	0.025801	1e-05	1e-05	1e-05	1e-05	1e-05	0.00721	1e-05	QG3924
0.278113	1e-05	1e-05	1e-05	1e-05	1e-05	1e-05	1e-05	1e-05	1e-05	1e-05	1e-05	1e-05	1e-05	0.074287	1e-05	0.003256	1e-05	1e-05	1e-05	0.644164	1e-05	QG3925
0.256972	1e-05	1e-05	1e-05	1e-05	1e-05	1e-05	1e-05	1e-05	1e-05	1e-05	1e-05	1e-05	1e-05	0.032638	1e-05	1e-05	1e-05	1e-05	1e-05	0.7102	1e-05	QG3926
0.198682	1.2e-05	1e-05	1e-05	1e-05	1e-05	1e-05	1e-05	1e-05	1e-05	1e-05	1e-05	1e-05	1e-05	0.024007	1e-05	1e-05	1e-05	1e-05	1e-05	0.777119	1e-05	QG3927
0.647853	1e-05	1e-05	0.06717	1e-05	1e-05	1e-05	1e-05	1e-05	1e-05	1e-05	1e-05	1e-05	1e-05	0.00826	1e-05	1e-05	1e-05	1e-05	1e-05	0.276537	1e-05	QG3931
0.349448	1e-05	1e-05	1e-05	1e-05	1e-05	1e-05	1e-05	1e-05	1e-05	1e-05	1e-05	1e-05	1e-05	0.474937	1e-05	1e-05	1e-05	1e-05	1e-05	0.175425	1e-05	QG3932
1e-05	1e-05	1e-05	1e-05	1e-05	1e-05	1e-05	1e-05	1e-05	1e-05	1e-05	1e-05	1e-05	1e-05	0.496249	1e-05	1e-05	1e-05	1e-05	1e-05	0.503551	1e-05	QG3933
1e-05	1e-05	1.1e-05	1e-05	1e-05	1e-05	1e-05	1e-05	1e-05	1e-05	1e-05	1e-05	0.999789	1e-05	1e-05	1e-05	1e-05	1e-05	1e-05	1e-05	1e-05	1e-05	QG4026
1e-05	1e-05	1.2e-05	1e-05	1e-05	1.3e-05	1e-05	1e-05	1e-05	1.9e-05	1e-05	1e-05	0.999776	1e-05	1e-05	1e-05	1e-05	1e-05	1e-05	1e-05	1e-05	1e-05	QG4028
1e-05	1e-05	1e-05	1e-05	1e-05	1e-05	1e-05	1e-05	1e-05	1e-05	1e-05	1e-05	0.99979	1e-05	1e-05	1e-05	1e-05	1e-05	1e-05	1e-05	1e-05	1e-05	QG4031
1e-05	1e-05	1e-05	1e-05	1e-05	1e-05	1e-05	1e-05	1e-05	1e-05	1.6e-05	1e-05	0.999783	1e-05	1e-05	1e-05	1e-05	1e-05	1e-05	1.1e-05	1e-05	1e-05	QG4063
1e-05	1e-05	1e-05	1e-05	1e-05	1e-05	1e-05	1e-05	1e-05	1e-05	1e-05	1e-05	0.99979	1e-05	1e-05	1e-05	1e-05	1e-05	1e-05	1e-05	1e-05	1e-05	QG4064
1e-05	1e-05	1e-05	1e-05	1e-05	1e-05	1e-05	1e-05	1e-05	1e-05	1e-05	1e-05	0.99979	1e-05	1e-05	1e-05	1e-05	1e-05	1e-05	1e-05	1e-05	1e-05	QG4067
1e-05	1e-05	1e-05	1e-05	1e-05	1e-05	1e-05	1e-05	1e-05	1e-05	1e-05	1e-05	0.99979	1e-05	1e-05	1e-05	1e-05	1e-05	1e-05	1e-05	1e-05	1e-05	QG4068
1e-05	1e-05	1e-05	0.344843	1e-05	1e-05	1e-05	1e-05	1e-05	1e-05	1e-05	1e-05	1e-05	1e-05	0.538416	1e-05	1e-05	1e-05	1e-05	1e-05	0.11655	1e-05	QG4070
1e-05	1e-05	1e-05	1e-05	1e-05	1e-05	1e-05	1e-05	1e-05	1e-05	0.99979	1e-05	1e-05	1e-05	1e-05	1e-05	1e-05	1e-05	1e-05	1e-05	1e-05	1e-05	QG4093
1e-05	1e-05	1e-05	1e-05	1e-05	1e-05	1e-05	1e-05	1e-05	1.7e-05	0.486095	1e-05	0.513699	1e-05	1e-05	1e-05	1e-05	1e-05	1e-05	1e-05	1e-05	1e-05	QG4094
1e-05	1e-05	1e-05	1e-05	1e-05	1e-05	1e-05	1e-05	1e-05	1e-05	1e-05	1e-05	0.99979	1e-05	1e-05	1e-05	1e-05	1e-05	1e-05	1e-05	1e-05	1e-05	QG4095
1e-05	1e-05	1e-05	1e-05	1e-05	1e-05	1e-05	1e-05	1e-05	1e-05	1.7e-05	1e-05	0.999783	1e-05	1e-05	1e-05	1e-05	1e-05	1e-05	1e-05	1e-05	1e-05	QG4096
1e-05	1e-05	1e-05	1e-05	1e-05	1e-05	1e-05	1e-05	1e-05	1e-05	1e-05	1e-05	0.99979	1e-05	1e-05	1e-05	1e-05	1e-05	1e-05	1e-05	1e-05	1e-05	QG4097
1e-05	1e-05	1e-05	1e-05	1e-05	1e-05	1e-05	1e-05	1e-05	1e-05	1e-05	1e-05	0.99979	1e-05	1e-05	1e-05	1e-05	1e-05	1e-05	1e-05	1e-05	1e-05	QG4104
1e-05	1e-05	1e-05	1e-05	1e-05	1e-05	1e-05	1e-05	1e-05	1e-05	1.7e-05	1e-05	0.999783	1e-05	1e-05	1e-05	1e-05	1e-05	1e-05	1e-05	1e-05	1e-05	QG4114
1e-05	1e-05	1e-05	1e-05	1e-05	1e-05	1e-05	1e-05	1e-05	1e-05	1e-05	1e-05	0.99979	1e-05	1e-05	1e-05	1e-05	1e-05	1e-05	1e-05	1e-05	1e-05	QG4131
1e-05	1e-05	1.1e-05	1e-05	1e-05	1e-05	1e-05	1e-05	1e-05	1e-05	1e-05	1e-05	0.999789	1e-05	1e-05	1e-05	1e-05	1e-05	1e-05	1e-05	1e-05	1e-05	QG4132
1e-05	1e-05	1e-05	1e-05	1e-05	1e-05	1e-05	1e-05	1e-05	1e-05	0.99979	1e-05	1e-05	1e-05	1e-05	1e-05	1e-05	1e-05	1e-05	1e-05	1e-05	1e-05	QG4208
1e-05	1e-05	1e-05	1e-05	1e-05	1e-05	1e-05	1e-05	1e-05	1e-05	1e-05	1e-05	0.99979	1e-05	1e-05	1e-05	1e-05	1e-05	1e-05	1e-05	1e-05	1e-05	QG4214
1e-05	1e-05	1e-05	1e-05	1e-05	1e-05	1e-05	1e-05	1e-05	1e-05	1e-05	1e-05	0.99979	1e-05	1e-05	1e-05	1e-05	1e-05	1e-05	1e-05	1e-05	1e-05	QG4225
1e-05	1e-05	1e-05	1e-05	1e-05	1e-05	1e-05	1e-05	1e-05	1e-05	0.99979	1e-05	1e-05	1e-05	1e-05	1e-05	1e-05	1e-05	1e-05	1e-05	1e-05	1e-05	QG4232
1e-05	1e-05	1e-05	1e-05	1.1e-05	1e-05	1e-05	1e-05	1e-05	1e-05	0.408299	1e-05	0.591499	1e-05	1e-05	1e-05	1e-05	1e-05	1e-05	1e-05	1e-05	1e-05	QG4233
1e-05	1e-05	1e-05	1e-05	1e-05	1e-05	1e-05	1e-05	1e-05	1e-05	1e-05	1e-05	1e-05	0.99979	1e-05	1e-05	1e-05	1e-05	1e-05	1e-05	1e-05	1e-05	QG4647
1e-05	1e-05	1e-05	0.277672	1e-05	1e-05	1e-05	1e-05	0.722128	1e-05	1e-05	1e-05	1e-05	1e-05	1e-05	1e-05	1e-05	1e-05	1e-05	1e-05	1e-05	1e-05	QG4648
1e-05	1e-05	1e-05	1e-05	1e-05	1e-05	1e-05	1e-05	0.624111	1e-05	1e-05	1e-05	1e-05	1e-05	0.375689	1e-05	1e-05	1e-05	1e-05	1e-05	1e-05	1e-05	QG4683
1e-05	1e-05	1e-05	1e-05	1e-05	1e-05	1e-05	1e-05	0.317848	1e-05	1e-05	1e-05	1e-05	0.681952	1e-05	1e-05	1e-05	1e-05	1e-05	1e-05	1e-05	1e-05	QG4701
1e-05	1e-05	1e-05	0.2211	1e-05	1e-05	1e-05	1e-05	0.603161	1e-05	1e-05	1e-05	1e-05	1e-05	0.175547	1e-05	1e-05	1e-05	1e-05	1e-05	1e-05	1e-05	QG4706
1e-05	1e-05	1e-05	0.223478	1e-05	1e-05	1e-05	1e-05	0.776322	1e-05	1e-05	1e-05	1e-05	1e-05	1e-05	1e-05	1e-05	1e-05	1e-05	1e-05	1e-05	1e-05	QG4718
1e-05	1e-05	1e-05	0.280433	1e-05	1e-05	1e-05	1e-05	0.719367	1e-05	1e-05	1e-05	1e-05	1e-05	1e-05	1e-05	1e-05	1e-05	1e-05	1e-05	1e-05	1e-05	QG4742
1e-05	1e-05	1e-05	1e-05	1e-05	1e-05	1e-05	1e-05	1e-05	1e-05	1e-05	1e-05	1e-05	0.99979	1e-05	1e-05	1e-05	1e-05	1e-05	1e-05	1e-05	1e-05	QG4805
1.2e-05	1e-05	1e-05	0.99978	1e-05	1e-05	1e-05	1e-05	1e-05	1e-05	1e-05	1.9e-05	1e-05	1e-05	1e-05	1e-05	1e-05	1e-05	1e-05	1e-05	1e-05	1e-05	QG4847
1e-05	1e-05	1e-05	0.305657	1e-05	1e-05	1.3e-05	1e-05	0.694136	1e-05	1.3e-05	1e-05	1e-05	1e-05	1e-05	1e-05	1e-05	1e-05	1e-05	1e-05	1e-05	1e-05	QG4966
1e-05	1e-05	1e-05	0.522472	1e-05	1e-05	1e-05	1e-05	0.477328	1e-05	1e-05	1e-05	1e-05	1e-05	1e-05	1e-05	1e-05	1e-05	1e-05	1e-05	1e-05	1e-05	QG5348
1e-05	1e-05	1e-05	1e-05	1e-05	1e-05	1e-05	1e-05	0.700366	1e-05	1e-05	1e-05	1e-05	1e-05	0.299434	1e-05	1e-05	1e-05	1e-05	1e-05	1e-05	1e-05	QG5406
1e-05	1e-05	1e-05	1e-05	0.99979	1e-05	1e-05	1e-05	1e-05	1e-05	1e-05	1e-05	1e-05	1e-05	1e-05	1e-05	1e-05	1e-05	1e-05	1e-05	1e-05	1e-05	QG547
1e-05	1e-05	1e-05	1e-05	1e-05	1e-05	1e-05	1e-05	1e-05	1e-05	1e-05	1e-05	1e-05	0.817649	0.182151	1e-05	1e-05	1e-05	1e-05	1e-05	1e-05	1e-05	QG5474
1e-05	1e-05	1e-05	0.57058	1e-05	1e-05	1e-05	1e-05	0.42922	1e-05	1e-05	1e-05	1e-05	1e-05	1e-05	1e-05	1e-05	1e-05	1e-05	1e-05	1e-05	1e-05	QG5488
1e-05	1e-05	1e-05	0.528467	1e-05	1e-05	1e-05	1e-05	1e-05	1e-05	1e-05	1e-05	1e-05	1e-05	0.114	1e-05	1e-05	1e-05	1e-05	1e-05	0.013409	0.343944	QG550
1e-05	1e-05	1e-05	0.520699	1e-05	1e-05	1e-05	1e-05	0.216231	1e-05	1e-05	1e-05	1e-05	0.262879	1e-05	1e-05	1e-05	1e-05	1e-05	1e-05	1e-05	1e-05	QG5507
1e-05	1e-05	1e-05	0.162208	1e-05	1e-05	1e-05	1e-05	0.837592	1e-05	1e-05	1e-05	1e-05	1e-05	1e-05	1e-05	1e-05	1e-05	1e-05	1e-05	1e-05	1e-05	QG5525
1e-05	1e-05	1e-05	1e-05	1e-05	1e-05	1e-05	1e-05	1e-05	1e-05	1e-05	1e-05	1e-05	0.99979	1e-05	1e-05	1e-05	1e-05	1e-05	1e-05	1e-05	1e-05	QG5589
1e-05	1e-05	1e-05	0.072835	1e-05	1e-05	1e-05	1e-05	1e-05	1e-05	1.2e-05	1e-05	1e-05	0.845999	0.080973	1e-05	1e-05	1e-05	1e-05	1e-05	1e-05	1e-05	QG5603
1e-05	1e-05	1e-05	0.091584	1e-05	1e-05	1e-05	1e-05	0.908208	1e-05	1.5e-05	1e-05	1.1e-05	1e-05	1e-05	1e-05	1e-05	1e-05	1e-05	1.3e-05	1e-05	1e-05	QG5611
0.004174	1e-05	1e-05	1e-05	1e-05	1e-05	1e-05	1e-05	0.414978	1e-05	1e-05	1e-05	1e-05	1e-05	0.580658	1e-05	1e-05	1e-05	1e-05	1e-05	1e-05	1e-05	QG5612
1e-05	1e-05	1e-05	0.21759	1e-05	1e-05	1e-05	1e-05	0.78221	1e-05	1e-05	1e-05	1e-05	1e-05	1e-05	1e-05	1e-05	1e-05	1e-05	1e-05	1e-05	1e-05	QG5633
1e-05	1e-05	1e-05	1e-05	0.99979	1e-05	1e-05	1e-05	1e-05	1e-05	1e-05	1e-05	1e-05	1e-05	1e-05	1e-05	1e-05	1e-05	1e-05	1e-05	1e-05	1e-05	QG581
1e-05	1e-05	1e-05	1e-05	0.999776	1e-05	1.1e-05	1e-05	1e-05	1.9e-05	1e-05	1e-05	1e-05	1e-05	1e-05	1e-05	1e-05	1e-05	1.4e-05	1e-05	1e-05	1e-05	QG588
0.20995	1e-05	1e-05	1e-05	1e-05	1e-05	1e-05	1e-05	1e-05	1e-05	1e-05	0.78985	1e-05	1e-05	1e-05	1e-05	1e-05	1e-05	1e-05	1e-05	1e-05	1e-05	QG700
1e-05	1.2e-05	1e-05	1e-05	1e-05	1e-05	1e-05	1e-05	1e-05	1e-05	1e-05	0.999782	1e-05	1e-05	1.2e-05	1e-05	1e-05	1e-05	1.3e-05	1e-05	1e-05	1e-05	QG727
1e-05	1e-05	1e-05	1e-05	1e-05	1e-05	1e-05	1e-05	1e-05	1e-05	1e-05	0.99979	1e-05	1e-05	1e-05	1e-05	1e-05	1e-05	1e-05	1e-05	1e-05	1e-05	QG733
1e-05	1e-05	1e-05	1e-05	1e-05	1e-05	1e-05	1e-05	1e-05	1e-05	1e-05	0.742495	1e-05	1e-05	1e-05	1e-05	0.257305	1e-05	1e-05	1e-05	1e-05	1e-05	QG736
1e-05	1e-05	1e-05	1e-05	1e-05	1e-05	1.1e-05	1e-05	1e-05	1e-05	1e-05	0.371764	1e-05	1e-05	1.5e-05	1e-05	0.628029	1e-05	1e-05	1e-05	1e-05	1e-05	QG737
1e-05	1e-05	1e-05	1e-05	1e-05	1e-05	1e-05	1e-05	1.1e-05	1e-05	1e-05	0.999789	1e-05	1e-05	1e-05	1e-05	1e-05	1e-05	1e-05	1e-05	1e-05	1e-05	QG739
0.356737	1e-05	1e-05	1e-05	1e-05	1e-05	1e-05	1e-05	1e-05	1e-05	1e-05	0.643063	1e-05	1e-05	1e-05	1e-05	1e-05	1e-05	1e-05	1e-05	1e-05	1e-05	QG761
0.075922	1e-05	1e-05	1e-05	1e-05	1e-05	1e-05	1e-05	1e-05	1e-05	1e-05	0.604249	1e-05	1e-05	1e-05	1e-05	0.319638	1e-05	1e-05	1e-05	1e-05	1e-05	QG763
1e-05	1e-05	1e-05	1e-05	1e-05	1e-05	1e-05	1e-05	1e-05	1e-05	1e-05	0.73244	1e-05	1e-05	1e-05	1e-05	0.26736	1e-05	1e-05	1e-05	1e-05	1e-05	QG776
1e-05	1e-05	1e-05	1e-05	1e-05	1e-05	1e-05	1e-05	1e-05	1e-05	1e-05	0.99979	1e-05	1e-05	1e-05	1e-05	1e-05	1e-05	1e-05	1e-05	1e-05	1e-05	QG781
1e-05	1e-05	1e-05	1e-05	1e-05	1e-05	1e-05	1.1e-05	1e-05	1e-05	1e-05	0.149347	1.1e-05	1e-05	1e-05	1e-05	0.850451	1e-05	1e-05	1e-05	1e-05	1e-05	QG784
1e-05	1e-05	1e-05	1e-05	1e-05	1e-05	1e-05	1e-05	1e-05	1e-05	1e-05	0.22617	1e-05	1e-05	1e-05	1e-05	0.77363	1e-05	1e-05	1e-05	1e-05	1e-05	QG786
1e-05	1e-05	1e-05	1e-05	1e-05	1e-05	1e-05	1e-05	1e-05	1e-05	1e-05	0.99979	1e-05	1e-05	1e-05	1e-05	1e-05	1e-05	1e-05	1e-05	1e-05	1e-05	QG788
1e-05	1.6e-05	1e-05	1e-05	1e-05	1e-05	1e-05	1e-05	1e-05	1e-05	1e-05	0.353008	1e-05	1e-05	1e-05	1e-05	0.646786	1e-05	1e-05	1e-05	1e-05	1e-05	QG790
1e-05	1e-05	1e-05	0.060605	1.8e-05	1e-05	1e-05	1e-05	1e-05	1e-05	1e-05	0.746285	1e-05	1e-05	1e-05	1e-05	0.192912	1e-05	1e-05	1e-05	1e-05	1e-05	QG791
0.345792	1e-05	1e-05	1e-05	1e-05	1e-05	1e-05	1e-05	1e-05	1e-05	1e-05	0.579862	1e-05	2e-05	0.020053	1e-05	0.054103	1e-05	1e-05	1e-05	1e-05	1e-05	QG795
1e-05	1.1e-05	1e-05	1e-05	1e-05	1e-05	1e-05	1e-05	1.1e-05	1e-05	1.2e-05	1e-05	1e-05	1.2e-05	1e-05	1e-05	0.999783	1e-05	1.2e-05	1e-05	1e-05	1e-05	QG797
1e-05	1e-05	1e-05	1e-05	1e-05	1e-05	1e-05	1e-05	1e-05	1e-05	1e-05	0.99979	1e-05	1e-05	1e-05	1e-05	1e-05	1e-05	1e-05	1e-05	1e-05	1e-05	QG802
1e-05	1e-05	1e-05	1e-05	1e-05	1e-05	1e-05	1e-05	1e-05	1e-05	1e-05	1e-05	1e-05	1e-05	1e-05	1e-05	0.999789	1e-05	1e-05	1e-05	1e-05	1e-05	QG804
1e-05	1e-05	1e-05	1e-05	1e-05	1e-05	1e-05	1e-05	1e-05	1e-05	1e-05	0.999784	1e-05	1e-05	1e-05	1e-05	1.6e-05	1e-05	1e-05	1e-05	1e-05	1e-05	QG806
1e-05	1e-05	1e-05	1e-05	1e-05	1e-05	1.3e-05	1e-05	1e-05	1e-05	1e-05	0.999779	1e-05	1e-05	1e-05	1.8e-05	1e-05	1e-05	1e-05	1e-05	1e-05	1e-05	QG807
1e-05	1e-05	1e-05	0.05084	1e-05	1e-05	1e-05	1e-05	1.8e-05	1e-05	1e-05	0.443104	1e-05	1e-05	1e-05	1e-05	0.505858	1e-05	1e-05	1e-05	1e-05	1e-05	QG808
1e-05	1e-05	1e-05	1e-05	1e-05	1e-05	1e-05	1e-05	1e-05	1e-05	1e-05	1e-05	1e-05	1e-05	1e-05	1e-05	0.99979	1e-05	1e-05	1e-05	1e-05	1e-05	QG809
1e-05	1e-05	1e-05	1e-05	1e-05	1e-05	1e-05	1e-05	1e-05	1e-05	1e-05	0.999786	1e-05	1.4e-05	1e-05	1e-05	1e-05	1e-05	1e-05	1e-05	1e-05	1e-05	QG825
1e-05	1e-05	1e-05	1e-05	1e-05	1e-05	1e-05	1e-05	1e-05	1e-05	1e-05	0.99979	1e-05	1e-05	1e-05	1e-05	1e-05	1e-05	1e-05	1e-05	1e-05	1e-05	QG827
1e-05	1e-05	1e-05	1e-05	1e-05	1.1e-05	1.3e-05	1e-05	1e-05	1e-05	1e-05	0.999771	1e-05	1.6e-05	1.6e-05	1e-05	1e-05	1e-05	1e-05	1e-05	1.4e-05	1e-05	QG828
1.2e-05	1e-05	1e-05	1e-05	1e-05	1e-05	1e-05	1e-05	1e-05	1e-05	1e-05	0.999788	1e-05	1e-05	1e-05	1e-05	1e-05	1e-05	1e-05	1e-05	1e-05	1e-05	QG833
1e-05	1e-05	1e-05	0.036129	1e-05	1e-05	1e-05	1e-05	1e-05	1e-05	1e-05	0.42019	1e-05	1e-05	1e-05	1e-05	0.543491	1e-05	1e-05	1e-05	1e-05	1e-05	QG855
1e-05	1e-05	1e-05	1e-05	1e-05	1e-05	1e-05	1e-05	1e-05	1e-05	1e-05	0.855738	1e-05	1.7e-05	1e-05	1e-05	0.144055	1e-05	1e-05	1e-05	1e-05	1e-05	QG856
1e-05	1e-05	1e-05	1e-05	1e-05	1e-05	1e-05	1e-05	1e-05	1e-05	1e-05	0.167613	1e-05	1e-05	1e-05	1e-05	0.832187	1e-05	1e-05	1e-05	1e-05	1e-05	QG858
0.271487	1e-05	1e-05	1e-05	1e-05	1e-05	1e-05	1e-05	1e-05	1e-05	1e-05	0.728313	1e-05	1e-05	1e-05	1e-05	1e-05	1e-05	1e-05	1e-05	1e-05	1e-05	QG860
1e-05	1e-05	1e-05	1e-05	1e-05	1e-05	1e-05	1e-05	1e-05	1e-05	1e-05	0.317425	1e-05	1e-05	1e-05	1e-05	0.682375	1e-05	1e-05	1e-05	1e-05	1e-05	QG864
1e-05	1e-05	1e-05	1e-05	1e-05	1e-05	1e-05	1e-05	1e-05	1e-05	1e-05	0.926754	1e-05	1e-05	1e-05	1e-05	0.073046	1e-05	1e-05	1e-05	1e-05	1e-05	QG865
1e-05	1e-05	1e-05	1e-05	1e-05	1e-05	1e-05	1e-05	1e-05	1e-05	1e-05	0.845574	1e-05	1e-05	1e-05	1e-05	0.154226	1e-05	1e-05	1e-05	1e-05	1e-05	QG866
0.023086	1e-05	1e-05	1e-05	1e-05	1e-05	1e-05	1e-05	1e-05	1e-05	1e-05	0.976709	1e-05	1e-05	1e-05	1e-05	1e-05	1.5e-05	1e-05	1e-05	1e-05	1e-05	QG868
1e-05	1e-05	1e-05	1e-05	1e-05	1e-05	1e-05	1e-05	1e-05	1e-05	1e-05	0.99979	1e-05	1e-05	1e-05	1e-05	1e-05	1e-05	1e-05	1e-05	1e-05	1e-05	QG874
1e-05	1e-05	1e-05	1e-05	1e-05	1e-05	1e-05	1e-05	1e-05	1e-05	1e-05	1e-05	1e-05	1e-05	1e-05	1e-05	0.99979	1e-05	1e-05	1e-05	1e-05	1e-05	QG875
1e-05	1e-05	1e-05	1e-05	1e-05	1e-05	1e-05	1e-05	1e-05	1e-05	1e-05	0.99979	1e-05	1e-05	1e-05	1e-05	1e-05	1e-05	1e-05	1e-05	1e-05	1e-05	QG878
1e-05	1e-05	1e-05	1.7e-05	1e-05	1e-05	1e-05	1e-05	1e-05	1e-05	1e-05	0.999783	1e-05	1e-05	1e-05	1e-05	1e-05	1e-05	1e-05	1e-05	1e-05	1e-05	QG879
1e-05	1e-05	1e-05	1e-05	1e-05	1e-05	1e-05	1e-05	1e-05	1e-05	1e-05	0.751022	1e-05	1e-05	1e-05	1e-05	0.248778	1e-05	1e-05	1e-05	1e-05	1e-05	QG880
0.315808	1e-05	1e-05	1e-05	1e-05	1e-05	1e-05	1e-05	1e-05	1e-05	1e-05	0.683992	1e-05	1e-05	1e-05	1e-05	1e-05	1e-05	1e-05	1e-05	1e-05	1e-05	QG881
1e-05	1e-05	1e-05	1e-05	1e-05	1e-05	1e-05	1e-05	1e-05	1e-05	1e-05	0.91667	1e-05	1e-05	1e-05	1e-05	0.08313	1e-05	1e-05	1e-05	1e-05	1e-05	QG887
1e-05	1e-05	1e-05	1e-05	1e-05	1e-05	1e-05	1e-05	1e-05	1e-05	1e-05	1e-05	1e-05	1.5e-05	2e-05	1e-05	0.999775	1e-05	1e-05	1e-05	1e-05	1e-05	QG888
1e-05	1e-05	1e-05	1e-05	1e-05	1e-05	1.1e-05	1e-05	1e-05	1e-05	1e-05	0.938085	1e-05	1e-05	1e-05	1e-05	0.061714	1e-05	1e-05	1e-05	1e-05	1e-05	QG926
1e-05	1e-05	1e-05	0.930205	1e-05	1e-05	1e-05	1e-05	1e-05	1e-05	1e-05	1e-05	1e-05	1e-05	1e-05	1e-05	0.069595	1e-05	1e-05	1e-05	1e-05	1e-05	QG927
1e-05	1e-05	1e-05	1e-05	1e-05	1e-05	1e-05	1e-05	1e-05	1e-05	1e-05	1e-05	1e-05	1e-05	1e-05	1e-05	0.99979	1e-05	1e-05	1e-05	1e-05	1e-05	QG933
1e-05	1e-05	1e-05	0.032681	1e-05	1e-05	1e-05	1e-05	1e-05	1e-05	1e-05	1e-05	1e-05	1e-05	1e-05	1e-05	0.967119	1e-05	1e-05	1e-05	1e-05	1e-05	QG937
1e-05	1e-05	1e-05	1e-05	1e-05	1e-05	1e-05	1e-05	1e-05	1e-05	1e-05	1.3e-05	1e-05	1e-05	1e-05	1e-05	0.999787	1e-05	1e-05	1e-05	1e-05	1e-05	QG945
1e-05	1e-05	1e-05	1e-05	1e-05	1e-05	1e-05	1e-05	1e-05	1e-05	1e-05	1e-05	1e-05	1e-05	1e-05	1e-05	0.99979	1e-05	1e-05	1e-05	1e-05	1e-05	QG946
1e-05	1e-05	1e-05	1e-05	1e-05	1e-05	1e-05	1e-05	1e-05	1e-05	1e-05	0.99979	1e-05	1e-05	1e-05	1e-05	1e-05	1e-05	1e-05	1e-05	1e-05	1e-05	QG947
1e-05	1e-05	1e-05	1e-05	1e-05	1e-05	1e-05	1e-05	1e-05	1e-05	1e-05	0.99979	1e-05	1e-05	1e-05	1e-05	1e-05	1e-05	1e-05	1e-05	1e-05	1e-05	QG948
1e-05	1e-05	1e-05	1e-05	1e-05	1e-05	1e-05	1e-05	1e-05	1e-05	1e-05	0.951579	1e-05	1e-05	1e-05	1e-05	1e-05	1e-05	1e-05	1e-05	0.048221	1e-05	QG952
0.126868	1e-05	1e-05	1e-05	1e-05	1e-05	1e-05	1e-05	1e-05	1e-05	1e-05	1e-05	1e-05	1e-05	0.04796	1e-05	0.824983	1e-05	1e-05	1e-05	1e-05	1e-05	QG978
1e-05	1e-05	1e-05	1e-05	1e-05	1e-05	1e-05	1e-05	1e-05	1e-05	1e-05	0.99979	1e-05	1e-05	1e-05	1e-05	1e-05	1e-05	1e-05	1e-05	1e-05	1e-05	QG980
1e-05	1e-05	1e-05	1e-05	1e-05	1e-05	1e-05	1e-05	1.1e-05	1e-05	1e-05	0.999789	1e-05	1e-05	1e-05	1e-05	1e-05	1e-05	1e-05	1e-05	1e-05	1e-05	QG986
1e-05	1e-05	1e-05	1e-05	1e-05	1e-05	1e-05	1e-05	1e-05	1e-05	1e-05	0.99979	1e-05	1e-05	1e-05	1e-05	1e-05	1e-05	1e-05	1e-05	1e-05	1e-05	QG991
1e-05	1e-05	1e-05	1e-05	1e-05	1e-05	1e-05	1e-05	1e-05	1e-05	1e-05	1e-05	1e-05	1e-05	1e-05	1e-05	0.99979	1e-05	1e-05	1e-05	1e-05	1e-05	QG994
1e-05	1e-05	1e-05	1e-05	1e-05	1e-05	1e-05	1e-05	1e-05	1e-05	1e-05	0.99979	1e-05	1e-05	1e-05	1e-05	1e-05	1e-05	1e-05	1e-05	1e-05	1e-05	QG995
1e-05	1e-05	1e-05	1e-05	1e-05	1e-05	1e-05	1e-05	1e-05	1e-05	1e-05	0.936485	1e-05	1e-05	1e-05	1e-05	0.063315	1e-05	1e-05	1e-05	1e-05	1e-05	QG997
1e-05	1e-05	1e-05	1.9e-05	1e-05	1e-05	1e-05	1e-05	1e-05	1e-05	1e-05	1e-05	1e-05	1e-05	1.7e-05	1e-05	0.999774	1e-05	1e-05	1e-05	1e-05	1e-05	QG998
1e-05	1e-05	0.462712	1e-05	0.336372	1e-05	1e-05	1e-05	1e-05	1e-05	1e-05	1e-05	1e-05	1e-05	0.177808	0.014397	1.1e-05	1e-05	0.008539	1e-05	1e-05	1e-05	QR25
1e-05	1e-05	1e-05	1e-05	1e-05	1e-05	1e-05	1e-05	0.082853	1e-05	1e-05	1e-05	1e-05	1e-05	1e-05	1e-05	1e-05	1e-05	1e-05	1e-05	0.916947	1e-05	QX1410
1e-05	1e-05	1e-05	1e-05	0.999787	1e-05	1.2e-05	1e-05	1e-05	1e-05	1e-05	1e-05	1e-05	1e-05	1e-05	1.1e-05	1e-05	1e-05	1e-05	1e-05	1e-05	1e-05	QX1547
1.5e-05	1e-05	1e-05	0.381046	1e-05	1e-05	1e-05	1e-05	0.267541	1e-05	1e-05	1e-05	1e-05	1e-05	0.214849	1e-05	1.1e-05	1e-05	1e-05	1e-05	0.136379	1e-05	QX1795
1e-05	1e-05	1e-05	1e-05	1e-05	1e-05	1e-05	1e-05	1.6e-05	1e-05	1e-05	1e-05	1e-05	1e-05	0.999784	1e-05	1e-05	1e-05	1e-05	1e-05	1e-05	1e-05	QX1796
1e-05	1e-05	1e-05	1e-05	1e-05	1e-05	1e-05	1e-05	1e-05	1e-05	1e-05	1e-05	1e-05	1e-05	1e-05	1e-05	1e-05	1e-05	0.99979	1e-05	1e-05	1e-05	QX1798
1e-05	1e-05	1e-05	0.36923	1e-05	1e-05	1e-05	1e-05	1e-05	1e-05	1e-05	1e-05	1e-05	1e-05	0.63057	1e-05	1e-05	1e-05	1e-05	1e-05	1e-05	1e-05	QX1800
1e-05	1e-05	1e-05	0.080437	1e-05	1e-05	1e-05	1e-05	1e-05	1e-05	1e-05	1e-05	1e-05	1e-05	0.845396	1e-05	1e-05	1e-05	1e-05	1e-05	0.073977	1e-05	QX1801
1e-05	1e-05	1e-05	0.149014	1e-05	1e-05	1e-05	1e-05	1e-05	1e-05	1e-05	1e-05	1e-05	1e-05	0.850786	1e-05	1e-05	1e-05	1e-05	1e-05	1e-05	1e-05	QX1802
1e-05	1e-05	1e-05	1e-05	1e-05	1e-05	1e-05	1e-05	1e-05	1e-05	1e-05	1e-05	1e-05	1e-05	0.99979	1e-05	1e-05	1e-05	1e-05	1e-05	1e-05	1e-05	QX1803
1e-05	1e-05	1e-05	1e-05	1e-05	1e-05	1e-05	1e-05	1e-05	1e-05	1e-05	1e-05	1e-05	1e-05	0.999788	1e-05	1.2e-05	1e-05	1e-05	1e-05	1.1e-05	1e-05	QX1804
1e-05	1e-05	1e-05	1e-05	0.99979	1e-05	1e-05	1e-05	1e-05	1e-05	1e-05	1e-05	1e-05	1e-05	1e-05	1e-05	1e-05	1e-05	1e-05	1e-05	1e-05	1e-05	SOW18
1e-05	1.3e-05	1e-05	1e-05	0.999771	1e-05	1e-05	1e-05	1e-05	2e-05	1e-05	1e-05	1e-05	1e-05	1e-05	1.1e-05	1e-05	1e-05	1.1e-05	1e-05	1.4e-05	1e-05	SOW21
1e-05	1e-05	1e-05	1e-05	0.999781	1.3e-05	1e-05	1e-05	1e-05	1.5e-05	1e-05	1e-05	1e-05	1e-05	1e-05	1e-05	1e-05	1e-05	1e-05	1e-05	1e-05	1e-05	SOW22
1e-05	1e-05	1e-05	0.99979	1e-05	1e-05	1e-05	1e-05	1e-05	1e-05	1e-05	1e-05	1e-05	1e-05	1e-05	1e-05	1e-05	1e-05	1e-05	1e-05	1e-05	1e-05	TT3408
1e-05	1e-05	1e-05	0.99979	1e-05	1e-05	1e-05	1e-05	1e-05	1e-05	1e-05	1e-05	1e-05	1e-05	1e-05	1e-05	1e-05	1e-05	1e-05	1e-05	1e-05	1e-05	TT3411
1e-05	1e-05	1e-05	1e-05	1e-05	1e-05	1e-05	1e-05	1e-05	1e-05	1e-05	1e-05	1e-05	1e-05	1e-05	0.99979	1e-05	1e-05	1e-05	1e-05	1e-05	1e-05	TWN1772
1e-05	1.9e-05	1e-05	1e-05	1e-05	0.999774	1e-05	1e-05	1e-05	1.3e-05	1e-05	1e-05	1e-05	1e-05	1e-05	1e-05	1.4e-05	1e-05	1e-05	1e-05	1e-05	1e-05	TWN1824
1e-05	1e-05	1e-05	1e-05	1e-05	0.999788	1e-05	1e-05	1e-05	1e-05	1e-05	1e-05	1e-05	1e-05	1e-05	1e-05	1e-05	1e-05	1.2e-05	1e-05	1e-05	1e-05	TWN1899
1e-05	1e-05	1e-05	1e-05	1e-05	1e-05	0.99979	1e-05	1e-05	1e-05	1e-05	1e-05	1e-05	1e-05	1e-05	1e-05	1e-05	1e-05	1e-05	1e-05	1e-05	1e-05	TWN1907
1e-05	1e-05	1e-05	1e-05	1e-05	1e-05	0.99979	1e-05	1e-05	1e-05	1e-05	1e-05	1e-05	1e-05	1e-05	1e-05	1e-05	1e-05	1e-05	1e-05	1e-05	1e-05	TWN2919
1e-05	1e-05	1e-05	1e-05	1e-05	1e-05	1e-05	1e-05	1e-05	1e-05	1e-05	1e-05	1e-05	1e-05	1e-05	1e-05	1e-05	1e-05	0.99979	1e-05	1e-05	1e-05	TWN3077
1e-05	1e-05	1e-05	1e-05	1e-05	1e-05	1e-05	1e-05	1e-05	1e-05	1e-05	1e-05	1e-05	1e-05	1e-05	1e-05	1e-05	1e-05	0.99979	1e-05	1e-05	1e-05	UH1
1e-05	1e-05	1e-05	1e-05	1e-05	1e-05	1e-05	1e-05	1e-05	1e-05	1e-05	1e-05	1e-05	1e-05	0.217547	1e-05	1e-05	0.688565	1e-05	1e-05	0.093698	1e-05	VSL2201
1e-05	1e-05	1e-05	1e-05	1e-05	1e-05	1e-05	0.99979	1e-05	1e-05	1e-05	1e-05	1e-05	1e-05	1e-05	1e-05	1e-05	1e-05	1e-05	1e-05	1e-05	1e-05	VSL2207
1.4e-05	1e-05	1e-05	1e-05	1e-05	1e-05	1e-05	0.999786	1e-05	1e-05	1e-05	1e-05	1e-05	1e-05	1e-05	1e-05	1e-05	1e-05	1e-05	1e-05	1e-05	1e-05	VSL2209
1e-05	1e-05	1e-05	1e-05	1e-05	1e-05	1e-05	1e-05	1e-05	1e-05	1e-05	1e-05	1e-05	1e-05	0.307098	1e-05	1e-05	1e-05	1e-05	1e-05	0.692702	1e-05	VSL2210
1e-05	1e-05	1e-05	1e-05	1e-05	1e-05	1e-05	1e-05	1e-05	1e-05	1e-05	1e-05	1e-05	1e-05	0.314472	1e-05	1e-05	1e-05	1e-05	1e-05	0.685328	1e-05	VSL2212
1e-05	1e-05	1e-05	1e-05	1e-05	1e-05	1e-05	1e-05	1e-05	1e-05	1e-05	1e-05	1e-05	1e-05	1e-05	1e-05	1e-05	0.99979	1e-05	1e-05	1e-05	1e-05	VSL2213
1e-05	1e-05	1e-05	1e-05	1e-05	1e-05	1e-05	1e-05	0.03009	1e-05	1e-05	1e-05	1e-05	1e-05	0.077549	1e-05	1e-05	0.892172	1e-05	1e-05	1e-05	1e-05	VSL2215
1e-05	1e-05	1e-05	1e-05	1e-05	1e-05	1e-05	1e-05	1e-05	1e-05	1e-05	1e-05	1e-05	1e-05	1e-05	1e-05	1e-05	0.99979	1e-05	1e-05	1e-05	1e-05	VSL2216
1e-05	0.287696	1e-05	1e-05	1e-05	1e-05	1e-05	1e-05	1e-05	1e-05	1e-05	1e-05	1e-05	0.234432	1e-05	1e-05	1e-05	1e-05	1e-05	1e-05	1e-05	0.477681	VSL2217
1e-05	1e-05	1e-05	0.371162	1e-05	1e-05	1e-05	1e-05	1e-05	1.4e-05	1.4e-05	1e-05	1e-05	1e-05	0.175261	1e-05	1e-05	1e-05	1e-05	1e-05	0.453379	1e-05	VSL2219
1e-05	1e-05	1e-05	0.222561	1e-05	1e-05	1e-05	1e-05	1e-05	1e-05	1e-05	1e-05	1e-05	1e-05	0.680722	1e-05	1e-05	1e-05	1e-05	1e-05	0.096527	1e-05	VT847
1e-05	1e-05	1e-05	1e-05	0.265512	0.021225	1e-05	1e-05	1e-05	0.323234	1e-05	1e-05	1e-05	1e-05	0.250686	0.03227	1e-05	1e-05	0.106914	1e-05	1e-05	1e-05	VX34
1e-05	1e-05	1e-05	0.156018	1e-05	1e-05	1e-05	1e-05	1e-05	1e-05	1e-05	1e-05	1e-05	1e-05	0.036496	1e-05	1e-05	0.487709	1e-05	1e-05	0.319597	1e-05	XZ1204
1e-05	1e-05	1e-05	1e-05	1e-05	1.4e-05	1e-05	1e-05	1e-05	1e-05	1e-05	1e-05	1e-05	1e-05	1e-05	1e-05	1e-05	0.999786	1e-05	1e-05	1e-05	1e-05	XZ1205
1e-05	1e-05	1e-05	1e-05	1e-05	1.8e-05	1e-05	1e-05	1e-05	1e-05	1e-05	1e-05	1e-05	1e-05	1e-05	1e-05	1e-05	0.999782	1e-05	1e-05	1e-05	1e-05	XZ1206
1e-05	1e-05	1e-05	1e-05	1e-05	1e-05	1e-05	1e-05	0.033865	1e-05	1e-05	1e-05	1e-05	1e-05	0.840119	1e-05	1e-05	1e-05	1e-05	1e-05	0.125826	1e-05	XZ1207
1e-05	1e-05	1e-05	0.162216	1e-05	1e-05	1e-05	1e-05	1e-05	1e-05	1e-05	1e-05	1e-05	1e-05	0.117997	1e-05	1e-05	1e-05	1e-05	1e-05	0.719597	1e-05	XZ1210
0.020299	1e-05	1e-05	0.135526	1e-05	1e-05	1e-05	1e-05	1e-05	1e-05	1e-05	1e-05	1e-05	1e-05	0.433162	1e-05	1e-05	1e-05	1e-05	1e-05	0.410832	1e-05	XZ1212
1e-05	1e-05	1e-05	1e-05	1e-05	1e-05	1e-05	1e-05	1e-05	1e-05	1e-05	1e-05	1e-05	1e-05	0.500207	1e-05	1e-05	1e-05	1e-05	1e-05	0.499593	1e-05	XZ1213
1e-05	1e-05	1e-05	0.182649	1e-05	1e-05	1e-05	1e-05	1e-05	1e-05	1e-05	1e-05	1e-05	1e-05	0.287342	1e-05	1e-05	1e-05	1e-05	1e-05	0.529819	1e-05	XZ1731
1e-05	1e-05	1e-05	1e-05	1e-05	1e-05	1e-05	1e-05	0.037861	1e-05	1e-05	1e-05	1e-05	1e-05	0.157196	1e-05	1e-05	1e-05	1e-05	1e-05	0.804753	1e-05	XZ1732
1e-05	0.99979	1e-05	1e-05	1e-05	1e-05	1e-05	1e-05	1e-05	1e-05	1e-05	1e-05	1e-05	1e-05	1e-05	1e-05	1e-05	1e-05	1e-05	1e-05	1e-05	1e-05	ZZY0992
1e-05	1e-05	1e-05	0.99979	1e-05	1e-05	1e-05	1e-05	1e-05	1e-05	1e-05	1e-05	1e-05	1e-05	1e-05	1e-05	1e-05	1e-05	1e-05	1e-05	1e-05	1e-05	ZZY1034
1e-05	1e-05	1e-05	0.831638	1e-05	1e-05	1e-05	1e-05	0.168162	1e-05	1e-05	1e-05	1e-05	1e-05	1e-05	1e-05	1e-05	1e-05	1e-05	1e-05	1e-05	1e-05	ZZY1075
1e-05	0.993407	1e-05	1e-05	1e-05	1e-05	1e-05	1e-05	1e-05	1e-05	1e-05	1e-05	1e-05	0.006393	1e-05	1e-05	1e-05	1e-05	1e-05	1e-05	1e-05	1e-05	ZZY1123
1e-05	1e-05	1e-05	0.99979	1e-05	1e-05	1e-05	1e-05	1e-05	1e-05	1e-05	1e-05	1e-05	1e-05	1e-05	1e-05	1e-05	1e-05	1e-05	1e-05	1e-05	1e-05	ZZY1130
1e-05	1e-05	1e-05	0.99979	1e-05	1e-05	1e-05	1e-05	1e-05	1e-05	1e-05	1e-05	1e-05	1e-05	1e-05	1e-05	1e-05	1e-05	1e-05	1e-05	1e-05	1e-05	ZZY405
