A	B	C	D	E	F	G	H	I	J	K	L	M	N	O	P	Q	R	S	T	U	V	samples
0.99979	1e-05	1e-05	1e-05	1e-05	1e-05	1e-05	1e-05	1e-05	1e-05	1e-05	1e-05	1e-05	1e-05	1e-05	1e-05	1e-05	1e-05	1e-05	1e-05	1e-05	1e-05	AF16
0.491551	1e-05	1e-05	1e-05	1e-05	1e-05	1e-05	1e-05	1e-05	1e-05	1e-05	1e-05	1e-05	1e-05	1e-05	1e-05	1e-05	1e-05	0.242418	1e-05	1e-05	0.265841	BRC20069
0.486548	1e-05	1e-05	1e-05	1e-05	1e-05	1e-05	1e-05	1e-05	1e-05	1e-05	1e-05	1e-05	1e-05	1e-05	1.2e-05	1e-05	1e-05	0.51325	1e-05	1e-05	1e-05	BRC20073
1e-05	1e-05	1e-05	0.99979	1e-05	1e-05	1e-05	1e-05	1e-05	1e-05	1e-05	1e-05	1e-05	1e-05	1e-05	1e-05	1e-05	1e-05	1e-05	1e-05	1e-05	1e-05	BRC20075
0.186841	1e-05	1e-05	1e-05	1e-05	1e-05	1e-05	1e-05	1e-05	1e-05	1e-05	1e-05	1e-05	1e-05	1e-05	1e-05	1e-05	1e-05	0.410931	1e-05	1e-05	0.402038	BRC20077
1e-05	1e-05	1e-05	1e-05	0.620823	1e-05	1e-05	1e-05	1.7e-05	1e-05	1e-05	1e-05	1.3e-05	0.082113	1e-05	1e-05	1e-05	1e-05	1e-05	0.296863	1e-05	1e-05	BRC20081
1e-05	1e-05	1e-05	1e-05	1e-05	0.045811	1e-05	1e-05	1e-05	1e-05	1e-05	1e-05	1e-05	1e-05	1e-05	1e-05	1e-05	1e-05	0.953989	1e-05	1e-05	1e-05	BRC20085
1e-05	1e-05	1e-05	1e-05	0.99979	1e-05	1e-05	1e-05	1e-05	1e-05	1e-05	1e-05	1e-05	1e-05	1e-05	1e-05	1e-05	1e-05	1e-05	1e-05	1e-05	1e-05	BRC20088
0.144425	1e-05	1e-05	1e-05	1e-05	1e-05	1e-05	1e-05	1e-05	1e-05	1e-05	1e-05	1e-05	1e-05	1e-05	1e-05	1e-05	1e-05	0.02948	1e-05	1e-05	0.825904	BRC20089
0.502666	1e-05	1e-05	1e-05	1e-05	1e-05	1e-05	1e-05	1e-05	1e-05	1e-05	1e-05	1e-05	1e-05	1e-05	1e-05	1e-05	1e-05	0.341494	1e-05	1e-05	0.15565	BRC20090
1e-05	1e-05	1e-05	1e-05	1e-05	1e-05	1e-05	1e-05	1e-05	1e-05	1e-05	1e-05	1e-05	1e-05	1e-05	1e-05	1e-05	1e-05	0.99979	1e-05	1e-05	1e-05	BRC20092
0.724255	1e-05	1e-05	1e-05	1e-05	1e-05	1e-05	1e-05	1e-05	1e-05	1e-05	1e-05	1e-05	1e-05	1e-05	1e-05	1e-05	1e-05	1e-05	1e-05	1e-05	0.275545	BRC20093
1e-05	1e-05	1e-05	1e-05	1e-05	1e-05	1e-05	1e-05	1e-05	1e-05	1e-05	1e-05	1e-05	1e-05	1e-05	1e-05	1e-05	1e-05	0.99979	1e-05	1e-05	1e-05	BRC20094
0.478003	1e-05	1e-05	1e-05	1e-05	1e-05	1e-05	1e-05	1e-05	1e-05	1e-05	1e-05	1e-05	1e-05	1e-05	1.1e-05	1e-05	1e-05	0.521795	1e-05	1e-05	1e-05	BRC20095
0.279976	1e-05	1e-05	1e-05	1e-05	1e-05	1e-05	1e-05	1e-05	1e-05	1.5e-05	1e-05	1e-05	1e-05	1e-05	1e-05	1e-05	1e-05	1e-05	1e-05	1e-05	0.719819	BRC20096
0.026963	1e-05	1e-05	1e-05	1e-05	1e-05	1e-05	1e-05	1e-05	1e-05	1e-05	1e-05	1e-05	1e-05	1e-05	1e-05	1e-05	1e-05	1e-05	1e-05	1e-05	0.972837	BRC20098
0.295251	1e-05	1e-05	1e-05	1e-05	1e-05	1e-05	1e-05	1e-05	1e-05	1e-05	1e-05	1e-05	1e-05	1e-05	1e-05	1e-05	1e-05	0.296004	1e-05	1e-05	0.408555	BRC20099
0.329241	1e-05	1e-05	1e-05	1e-05	1e-05	1e-05	1e-05	1e-05	1e-05	1e-05	1e-05	1e-05	1e-05	1e-05	1e-05	1e-05	1e-05	1e-05	1e-05	1e-05	0.670559	BRC20100
1e-05	1e-05	1e-05	1e-05	1e-05	1e-05	1e-05	1e-05	1e-05	1e-05	1e-05	1e-05	1e-05	1e-05	1e-05	1e-05	1e-05	1e-05	1e-05	1e-05	1e-05	0.99979	BRC20102
0.127606	1e-05	1e-05	1e-05	1e-05	1e-05	1.2e-05	1e-05	1e-05	1e-05	1e-05	1e-05	1e-05	1e-05	1e-05	1e-05	1e-05	1.2e-05	1e-05	1e-05	1e-05	0.872191	BRC20103
1e-05	1e-05	1e-05	1e-05	1e-05	1e-05	1e-05	1e-05	1e-05	1e-05	1e-05	1e-05	1e-05	1e-05	1e-05	1e-05	1e-05	1e-05	0.99979	1e-05	1e-05	1e-05	BRC20105
1e-05	1e-05	1e-05	1e-05	1e-05	1e-05	1e-05	1e-05	1e-05	1e-05	1e-05	1e-05	1e-05	1e-05	1e-05	1e-05	1e-05	1e-05	0.99979	1e-05	1e-05	1e-05	BRC20107
1e-05	1e-05	1e-05	1e-05	1e-05	1e-05	1e-05	1e-05	1e-05	1e-05	1e-05	1e-05	0.99979	1e-05	1e-05	1e-05	1e-05	1e-05	1e-05	1e-05	1e-05	1e-05	BRC20115
1e-05	1e-05	1e-05	1e-05	1e-05	1e-05	1e-05	1e-05	1e-05	0.713928	1e-05	1e-05	1e-05	1e-05	1e-05	1e-05	1e-05	1e-05	0.0885	1e-05	1e-05	0.197381	BRC20119
0.058518	1e-05	1e-05	1e-05	1e-05	1e-05	1e-05	1e-05	1e-05	1.1e-05	1e-05	1e-05	1e-05	1e-05	1e-05	1e-05	1e-05	1e-05	1e-05	1e-05	1e-05	0.94128	BRC20228
1e-05	1e-05	1e-05	1e-05	1e-05	1e-05	1e-05	1e-05	1e-05	1e-05	1e-05	1e-05	1e-05	1e-05	1e-05	1e-05	1e-05	1e-05	1e-05	1e-05	0.99979	1e-05	BRC20229
1e-05	1e-05	1e-05	1e-05	0.99979	1e-05	1e-05	1e-05	1e-05	1e-05	1e-05	1e-05	1e-05	1e-05	1e-05	1e-05	1e-05	1e-05	1e-05	1e-05	1e-05	1e-05	BRC20230
1e-05	1e-05	1e-05	1.1e-05	1e-05	1e-05	1e-05	1e-05	1e-05	1e-05	1e-05	1e-05	1e-05	1e-05	1e-05	1e-05	1e-05	1e-05	1e-05	1e-05	0.999789	1e-05	BRC20232
1e-05	1e-05	1e-05	1e-05	1e-05	1e-05	1e-05	1e-05	1e-05	1e-05	1e-05	1e-05	1e-05	1e-05	1e-05	1e-05	1e-05	1e-05	1e-05	0.99979	1e-05	1e-05	BRC20238
1e-05	1e-05	1e-05	1e-05	1e-05	1e-05	1e-05	1e-05	1e-05	1e-05	1e-05	1e-05	1e-05	1e-05	1e-05	1e-05	1e-05	1e-05	1e-05	1e-05	0.99979	1e-05	BRC20239
0.1208	1e-05	1e-05	1e-05	1e-05	1e-05	1e-05	1e-05	1e-05	0.074305	1e-05	1e-05	1e-05	1e-05	1e-05	1e-05	1e-05	1e-05	1e-05	1e-05	1e-05	0.804705	BRC20241
0.356914	1e-05	1e-05	1e-05	1e-05	1e-05	1e-05	1e-05	1e-05	1e-05	1e-05	1e-05	1e-05	1e-05	1e-05	1e-05	1e-05	1e-05	0.072707	1e-05	1e-05	0.570189	BRC20242
1e-05	1e-05	1e-05	1e-05	0.99979	1e-05	1e-05	1e-05	1e-05	1e-05	1e-05	1e-05	1e-05	1e-05	1e-05	1e-05	1e-05	1e-05	1e-05	1e-05	1e-05	1e-05	BRC20244
1e-05	1e-05	1e-05	1e-05	1e-05	1e-05	1e-05	1e-05	1e-05	1e-05	1e-05	1e-05	1e-05	1e-05	1e-05	1e-05	1e-05	1e-05	1e-05	0.99979	1e-05	1e-05	BRC20246
1e-05	1e-05	1e-05	1e-05	1e-05	1e-05	1e-05	1e-05	1e-05	0.99979	1e-05	1e-05	1e-05	1e-05	1e-05	1e-05	1e-05	1e-05	1e-05	1e-05	1e-05	1e-05	BRC20257
1e-05	1e-05	1e-05	1e-05	1e-05	1.6e-05	1e-05	1e-05	1e-05	1e-05	1e-05	1e-05	1e-05	1e-05	1e-05	1e-05	1e-05	1e-05	1e-05	1e-05	1e-05	0.999784	BRC20260
1e-05	1e-05	1e-05	1e-05	1e-05	1e-05	1e-05	1e-05	1e-05	1e-05	1e-05	1.1e-05	1e-05	0.999789	1e-05	1e-05	1e-05	1e-05	1e-05	1e-05	1e-05	1e-05	BRC20270
1e-05	1e-05	1e-05	1e-05	1e-05	1e-05	1e-05	1e-05	1e-05	1e-05	1e-05	1e-05	1e-05	0.99979	1e-05	1e-05	1e-05	1e-05	1e-05	1e-05	1e-05	1e-05	BRC20272
1e-05	1e-05	1e-05	1e-05	0.26089	1e-05	1e-05	1e-05	1e-05	1e-05	1e-05	1e-05	1e-05	0.73891	1e-05	1e-05	1e-05	1e-05	1e-05	1e-05	1e-05	1e-05	BRC20289
1.8e-05	1e-05	1e-05	1.4e-05	0.279782	1e-05	1.1e-05	1e-05	1e-05	1e-05	1e-05	1e-05	1e-05	0.720005	1e-05	1e-05	1e-05	1e-05	1e-05	1e-05	1e-05	1e-05	BRC20290
0.583309	1e-05	1e-05	1e-05	1e-05	1e-05	1e-05	1e-05	1e-05	1e-05	1e-05	1e-05	1e-05	1e-05	1e-05	1e-05	1e-05	1e-05	0.361477	1e-05	1e-05	0.055024	BRC20294
1e-05	1e-05	1e-05	1e-05	1e-05	1e-05	1e-05	1e-05	1e-05	1e-05	1e-05	1e-05	1e-05	0.99979	1e-05	1e-05	1e-05	1e-05	1e-05	1e-05	1e-05	1e-05	BRC20308
1e-05	1e-05	1e-05	1e-05	1e-05	1e-05	1e-05	1e-05	1e-05	1e-05	1e-05	1e-05	1e-05	0.99979	1e-05	1e-05	1e-05	1e-05	1e-05	1e-05	1e-05	1e-05	BRC20309
1e-05	1e-05	1e-05	1.3e-05	1e-05	1e-05	1e-05	1e-05	1e-05	1e-05	1e-05	1e-05	1e-05	0.999777	1e-05	1e-05	1e-05	1e-05	1.9e-05	1e-05	1e-05	1e-05	BRC20311
1e-05	1e-05	1e-05	1e-05	1e-05	1e-05	1e-05	1e-05	1e-05	1e-05	1e-05	1e-05	1e-05	0.99979	1e-05	1e-05	1e-05	1e-05	1e-05	1e-05	1e-05	1e-05	BRC20312
1e-05	1e-05	1e-05	1e-05	1e-05	1e-05	1e-05	1e-05	1e-05	1e-05	1e-05	1e-05	1e-05	0.99979	1e-05	1e-05	1e-05	1e-05	1e-05	1e-05	1e-05	1e-05	BRC20315
1e-05	1e-05	1e-05	1e-05	1e-05	1e-05	1e-05	1e-05	1e-05	1e-05	1e-05	1e-05	1e-05	0.99979	1e-05	1e-05	1e-05	1e-05	1e-05	1e-05	1e-05	1e-05	BRC20320
1e-05	1e-05	1e-05	0.640169	1e-05	1e-05	1e-05	1e-05	1e-05	1e-05	1e-05	1e-05	1e-05	1e-05	1e-05	1e-05	1e-05	1e-05	1e-05	1e-05	1e-05	0.359631	BRC20324
1e-05	1e-05	1e-05	1e-05	1e-05	1e-05	1e-05	1e-05	1e-05	1e-05	1e-05	1e-05	1e-05	0.99979	1e-05	1e-05	1e-05	1e-05	1e-05	1e-05	1e-05	1e-05	BRC20331
1e-05	1e-05	1e-05	1e-05	0.266864	1e-05	1e-05	1e-05	1e-05	1e-05	1e-05	1e-05	1e-05	0.213031	1e-05	1.1e-05	1e-05	1e-05	1e-05	0.519914	1e-05	1e-05	BRC20333
1e-05	1e-05	1e-05	1e-05	1e-05	1e-05	1e-05	1e-05	1e-05	1e-05	1e-05	1e-05	1e-05	0.99979	1e-05	1e-05	1e-05	1e-05	1e-05	1e-05	1e-05	1e-05	BRC20334
1e-05	1e-05	1e-05	1e-05	1e-05	1e-05	1e-05	1e-05	1e-05	1e-05	1e-05	1e-05	1e-05	0.99979	1e-05	1e-05	1e-05	1e-05	1e-05	1e-05	1e-05	1e-05	BRC20339
1.1e-05	1e-05	1e-05	1e-05	0.934008	1e-05	1e-05	1e-05	1e-05	1e-05	1e-05	1e-05	1e-05	0.065791	1e-05	1e-05	1e-05	1e-05	1e-05	1e-05	1e-05	1e-05	BRC20341
1e-05	1e-05	1e-05	0.99979	1e-05	1e-05	1e-05	1e-05	1e-05	1e-05	1e-05	1e-05	1e-05	1e-05	1e-05	1e-05	1e-05	1e-05	1e-05	1e-05	1e-05	1e-05	BRC20343
1e-05	1e-05	1.5e-05	1e-05	0.15498	1e-05	1.5e-05	1.2e-05	1e-05	1e-05	1e-05	1e-05	1.7e-05	0.844792	1e-05	1e-05	1e-05	1.8e-05	1e-05	1.1e-05	1e-05	1e-05	BRC20346
1e-05	1e-05	1e-05	1e-05	1e-05	1e-05	1e-05	1e-05	1e-05	1e-05	1e-05	1e-05	1e-05	1e-05	1e-05	1e-05	1e-05	1e-05	1e-05	1e-05	0.99979	1e-05	BRC20347
1.4e-05	1e-05	1e-05	1e-05	0.378598	1e-05	1e-05	1e-05	1e-05	1e-05	1e-05	1e-05	1e-05	0.621198	1e-05	1e-05	1e-05	1e-05	1e-05	1e-05	1e-05	1e-05	BRC20348
1e-05	1e-05	1e-05	1.5e-05	1e-05	1.3e-05	1e-05	1e-05	1.8e-05	1e-05	0.999768	1e-05	1e-05	1e-05	1e-05	1.7e-05	1e-05	1e-05	1e-05	1e-05	1e-05	1e-05	BRC20353
1e-05	1e-05	1e-05	1e-05	1e-05	1e-05	1e-05	1e-05	1e-05	1e-05	0.99979	1e-05	1e-05	1e-05	1e-05	1e-05	1e-05	1e-05	1e-05	1e-05	1e-05	1e-05	BRC20360
1e-05	1e-05	1e-05	1e-05	1e-05	1e-05	1e-05	1e-05	1e-05	1e-05	0.99979	1e-05	1e-05	1e-05	1e-05	1e-05	1e-05	1e-05	1e-05	1e-05	1e-05	1e-05	BRC20361
1e-05	1e-05	1e-05	1e-05	1e-05	1e-05	1e-05	1e-05	1e-05	1e-05	0.99979	1e-05	1e-05	1e-05	1e-05	1e-05	1e-05	1e-05	1e-05	1e-05	1e-05	1e-05	BRC20362
1e-05	1e-05	1e-05	1e-05	1e-05	1e-05	1e-05	1e-05	1e-05	1e-05	1e-05	1e-05	1e-05	0.99979	1e-05	1e-05	1e-05	1e-05	1e-05	1e-05	1e-05	1e-05	BRC20366
1e-05	1e-05	1e-05	1e-05	0.941314	1e-05	1e-05	1e-05	1e-05	1e-05	1e-05	1e-05	1e-05	0.058486	1e-05	1e-05	1e-05	1e-05	1e-05	1e-05	1e-05	1e-05	BRC20367
1e-05	1e-05	1e-05	1e-05	1e-05	1e-05	1e-05	1e-05	1e-05	1e-05	1e-05	1e-05	1e-05	1e-05	0.034061	1e-05	1e-05	1e-05	1e-05	1e-05	1e-05	0.965739	BRC20369
1e-05	1e-05	1e-05	1e-05	1e-05	1e-05	1e-05	1e-05	1e-05	1e-05	1e-05	1e-05	1e-05	0.99979	1e-05	1e-05	1e-05	1e-05	1e-05	1e-05	1e-05	1e-05	BRC20370
1e-05	1e-05	1e-05	1e-05	1e-05	1e-05	1e-05	1e-05	1e-05	1e-05	1e-05	0.999788	1e-05	1e-05	1e-05	1e-05	1e-05	1e-05	1e-05	1e-05	1.2e-05	1e-05	BRC20388
1e-05	1e-05	1e-05	1e-05	1e-05	1e-05	1e-05	1e-05	1e-05	1e-05	1e-05	1e-05	1e-05	1e-05	1e-05	1e-05	1e-05	1e-05	1e-05	0.99979	1e-05	1e-05	BRC20390
1e-05	1e-05	1e-05	1e-05	1e-05	1e-05	1e-05	1e-05	1e-05	1e-05	1e-05	1e-05	1e-05	1e-05	1e-05	1e-05	1e-05	1e-05	1e-05	1e-05	1e-05	0.99979	BRC20401
1e-05	1e-05	1e-05	1e-05	1e-05	1e-05	1.1e-05	1e-05	1e-05	1e-05	1.1e-05	1e-05	1e-05	0.355337	1e-05	1e-05	1e-05	1e-05	1e-05	0.644461	1e-05	1e-05	BRC20463
1e-05	1e-05	1e-05	1e-05	1e-05	1e-05	1e-05	1e-05	1e-05	1e-05	1e-05	1e-05	0.99979	1e-05	1e-05	1e-05	1e-05	1e-05	1e-05	1e-05	1e-05	1e-05	BRC20492
1e-05	1e-05	1e-05	1e-05	0.42194	1e-05	1e-05	1e-05	1e-05	1e-05	1e-05	1.8e-05	1.9e-05	0.577838	1e-05	1e-05	1e-05	1e-05	1.5e-05	1e-05	1e-05	1e-05	BRC20499
1e-05	1e-05	1e-05	1e-05	0.114345	1e-05	1e-05	1e-05	1e-05	1e-05	1e-05	1e-05	1e-05	0.885455	1e-05	1e-05	1e-05	1e-05	1e-05	1e-05	1e-05	1e-05	BRC20501
1e-05	0.999781	1e-05	1e-05	1e-05	1e-05	1e-05	1e-05	1e-05	1e-05	1e-05	1e-05	1e-05	1e-05	1e-05	1e-05	1e-05	1.9e-05	1e-05	1e-05	1e-05	1e-05	BRC20502
1e-05	0.99979	1e-05	1e-05	1e-05	1e-05	1e-05	1e-05	1e-05	1e-05	1e-05	1e-05	1e-05	1e-05	1e-05	1e-05	1e-05	1e-05	1e-05	1e-05	1e-05	1e-05	BRC20503
1.7e-05	1e-05	1e-05	1e-05	1e-05	1e-05	1e-05	1e-05	1.2e-05	1e-05	1e-05	1e-05	0.999779	1.1e-05	1e-05	1e-05	1e-05	1e-05	1e-05	1e-05	1e-05	1e-05	BRC20519
1e-05	1e-05	1.5e-05	1e-05	1e-05	1e-05	1e-05	1e-05	1.7e-05	1.5e-05	1e-05	1e-05	0.999765	1e-05	1e-05	1e-05	1e-05	1.2e-05	1e-05	1.6e-05	1e-05	1e-05	BRC20520
1e-05	1e-05	1e-05	0.999787	1e-05	1e-05	1e-05	1e-05	1e-05	1e-05	1e-05	1e-05	1e-05	1e-05	1e-05	1e-05	1e-05	1e-05	1e-05	1e-05	1.3e-05	1e-05	BRC20522
1e-05	1e-05	1e-05	0.99979	1e-05	1e-05	1e-05	1e-05	1e-05	1e-05	1e-05	1e-05	1e-05	1e-05	1e-05	1e-05	1e-05	1e-05	1e-05	1e-05	1e-05	1e-05	BRC20524
1e-05	1e-05	1e-05	1e-05	0.99979	1e-05	1e-05	1e-05	1e-05	1e-05	1e-05	1e-05	1e-05	1e-05	1e-05	1e-05	1e-05	1e-05	1e-05	1e-05	1e-05	1e-05	BRC20529
1e-05	1e-05	1e-05	1e-05	1e-05	1e-05	1e-05	1e-05	1e-05	1e-05	1e-05	1e-05	1e-05	1e-05	1e-05	1e-05	1e-05	1e-05	1e-05	1e-05	0.999789	1e-05	BRC20530
1e-05	1e-05	1e-05	1e-05	1.1e-05	1e-05	1e-05	1e-05	1e-05	1e-05	1e-05	1e-05	1e-05	1e-05	1e-05	1e-05	1.2e-05	1e-05	1e-05	1e-05	0.999787	1e-05	BRC20531
1e-05	1e-05	1e-05	1e-05	0.626273	1e-05	1e-05	1e-05	1e-05	1e-05	1e-05	1e-05	1e-05	1e-05	1e-05	1e-05	1e-05	1e-05	1e-05	0.373527	1e-05	1e-05	BRC20532
1e-05	1e-05	1e-05	1e-05	0.100749	1e-05	1e-05	1e-05	1e-05	1e-05	1e-05	1e-05	1e-05	0.899051	1e-05	1e-05	1e-05	1e-05	1e-05	1e-05	1e-05	1e-05	BRC20533
1e-05	1e-05	1e-05	1e-05	0.049055	1e-05	1e-05	1e-05	1e-05	1e-05	1e-05	1e-05	1e-05	0.950745	1e-05	1e-05	1e-05	1e-05	1e-05	1e-05	1e-05	1e-05	BRC20534
1e-05	1e-05	1e-05	1e-05	1e-05	1e-05	1e-05	1e-05	1e-05	1e-05	1e-05	1e-05	1e-05	0.99979	1e-05	1e-05	1e-05	1e-05	1e-05	1e-05	1e-05	1e-05	BRC20535
1e-05	1e-05	1e-05	1e-05	1e-05	1e-05	1e-05	1e-05	1e-05	1e-05	1e-05	1e-05	1e-05	0.99979	1e-05	1e-05	1e-05	1e-05	1e-05	1e-05	1e-05	1e-05	BRC20536
1e-05	1e-05	1e-05	1e-05	1e-05	1.1e-05	1e-05	1e-05	1.1e-05	1e-05	1e-05	1e-05	1e-05	1e-05	1e-05	1e-05	1e-05	1e-05	1e-05	0.999788	1e-05	1e-05	BRC20537
1e-05	1e-05	1e-05	1e-05	1e-05	1e-05	1e-05	1e-05	1e-05	1e-05	1e-05	1e-05	0.99979	1e-05	1e-05	1e-05	1e-05	1e-05	1e-05	1e-05	1e-05	1e-05	BRC20541
1e-05	1e-05	1e-05	1e-05	1e-05	1e-05	1e-05	1e-05	1e-05	1e-05	1e-05	1e-05	1e-05	1e-05	1e-05	1e-05	1e-05	1e-05	1e-05	0.99979	1e-05	1e-05	BRC20543
1e-05	1e-05	1e-05	1e-05	1e-05	1e-05	1e-05	1e-05	1e-05	1e-05	1e-05	1e-05	1e-05	0.936828	1e-05	1e-05	1e-05	1e-05	1e-05	0.062972	1e-05	1e-05	BRC20544
1e-05	1e-05	1e-05	1e-05	0.255835	1e-05	1e-05	1e-05	1e-05	1e-05	1e-05	1e-05	1e-05	0.743965	1e-05	1e-05	1e-05	1e-05	1e-05	1e-05	1e-05	1e-05	BRC20545
1e-05	1e-05	1e-05	1e-05	1e-05	1e-05	1e-05	1e-05	1e-05	1e-05	1e-05	1e-05	1e-05	1e-05	1e-05	1e-05	1e-05	1e-05	1e-05	1e-05	1e-05	0.99979	BRC20556
2e-05	1e-05	1e-05	1e-05	0.999772	1e-05	1e-05	1e-05	1e-05	1e-05	1e-05	1e-05	1.7e-05	1.1e-05	1e-05	1e-05	1e-05	1e-05	1e-05	1e-05	1e-05	1e-05	BRC20557
0.90592	1e-05	1e-05	1e-05	1e-05	1e-05	1e-05	1e-05	1e-05	1e-05	1e-05	1e-05	1e-05	1e-05	1e-05	1e-05	1e-05	1e-05	1e-05	1e-05	1e-05	0.09388	BRC20565
1e-05	1e-05	1e-05	1e-05	1e-05	1e-05	1e-05	1e-05	1e-05	1e-05	1e-05	1e-05	1e-05	1e-05	1e-05	1e-05	1e-05	1e-05	0.162629	1e-05	1e-05	0.837171	BRC20571
0.239371	1e-05	1e-05	1e-05	1e-05	1e-05	1e-05	1e-05	1e-05	1e-05	1e-05	1e-05	1e-05	1e-05	1e-05	1e-05	1e-05	1e-05	1e-05	1e-05	1e-05	0.760429	BRC20574
1e-05	1.4e-05	1e-05	1e-05	1.1e-05	1e-05	2e-05	1e-05	1e-05	1e-05	1e-05	0.999775	1.1e-05	1e-05	1e-05	1e-05	1e-05	1e-05	1e-05	1e-05	1e-05	1e-05	BW287
0.116577	1e-05	1e-05	1e-05	1e-05	1e-05	1e-05	1e-05	1e-05	1e-05	1e-05	1e-05	1e-05	1e-05	0.805115	0.078118	1e-05	1e-05	1e-05	1e-05	1e-05	1e-05	DF5100
0.99979	1e-05	1e-05	1e-05	1e-05	1e-05	1e-05	1e-05	1e-05	1e-05	1e-05	1e-05	1e-05	1e-05	1e-05	1e-05	1e-05	1e-05	1e-05	1e-05	1e-05	1e-05	ECA1129
0.827685	1e-05	1e-05	1e-05	1e-05	1e-05	1e-05	1e-05	1e-05	1e-05	1e-05	1e-05	1e-05	1e-05	1e-05	0.172115	1e-05	1e-05	1e-05	1e-05	1e-05	1e-05	ECA1143
0.99979	1e-05	1e-05	1e-05	1e-05	1e-05	1e-05	1e-05	1e-05	1e-05	1e-05	1e-05	1e-05	1e-05	1e-05	1e-05	1e-05	1e-05	1e-05	1e-05	1e-05	1e-05	ECA1147
0.868058	1e-05	1e-05	1e-05	0.041973	1e-05	1e-05	1e-05	1e-05	1e-05	1e-05	1e-05	1e-05	0.002894	1e-05	1e-05	1e-05	1.6e-05	1e-05	1.4e-05	1e-05	0.086884	ECA1149
0.99979	1e-05	1e-05	1e-05	1e-05	1e-05	1e-05	1e-05	1e-05	1e-05	1e-05	1e-05	1e-05	1e-05	1e-05	1e-05	1e-05	1e-05	1e-05	1e-05	1e-05	1e-05	ECA1160
0.999789	1e-05	1e-05	1e-05	1e-05	1e-05	1e-05	1e-05	1e-05	1e-05	1e-05	1e-05	1e-05	1e-05	1e-05	1e-05	1e-05	1.1e-05	1e-05	1e-05	1e-05	1e-05	ECA1164
1e-05	1e-05	1e-05	1.5e-05	0.999781	1e-05	1e-05	1e-05	1e-05	1e-05	1e-05	1e-05	1e-05	1.3e-05	1e-05	1e-05	1e-05	1e-05	1e-05	1e-05	1e-05	1e-05	ECA1170
0.99979	1e-05	1e-05	1e-05	1e-05	1e-05	1e-05	1e-05	1e-05	1e-05	1e-05	1e-05	1e-05	1e-05	1e-05	1e-05	1e-05	1e-05	1e-05	1e-05	1e-05	1e-05	ECA1174
1e-05	1e-05	1e-05	1e-05	0.838022	1e-05	1e-05	1e-05	1e-05	1e-05	1e-05	1e-05	1e-05	1e-05	1e-05	1e-05	1e-05	1e-05	1e-05	0.161778	1e-05	1e-05	ECA1383
0.999782	1e-05	1e-05	1e-05	1e-05	1e-05	1e-05	1e-05	1e-05	1e-05	1e-05	1e-05	1e-05	1e-05	1.8e-05	1e-05	1e-05	1e-05	1e-05	1e-05	1e-05	1e-05	ECA1411
0.99979	1e-05	1e-05	1e-05	1e-05	1e-05	1e-05	1e-05	1e-05	1e-05	1e-05	1e-05	1e-05	1e-05	1e-05	1e-05	1e-05	1e-05	1e-05	1e-05	1e-05	1e-05	ECA1423
0.99979	1e-05	1e-05	1e-05	1e-05	1e-05	1e-05	1e-05	1e-05	1e-05	1e-05	1e-05	1e-05	1e-05	1e-05	1e-05	1e-05	1e-05	1e-05	1e-05	1e-05	1e-05	ECA1429
0.99979	1e-05	1e-05	1e-05	1e-05	1e-05	1e-05	1e-05	1e-05	1e-05	1e-05	1e-05	1e-05	1e-05	1e-05	1e-05	1e-05	1e-05	1e-05	1e-05	1e-05	1e-05	ECA1431
0.99979	1e-05	1e-05	1e-05	1e-05	1e-05	1e-05	1e-05	1e-05	1e-05	1e-05	1e-05	1e-05	1e-05	1e-05	1e-05	1e-05	1e-05	1e-05	1e-05	1e-05	1e-05	ECA1437
0.939313	1e-05	1e-05	1e-05	1e-05	1e-05	1e-05	1e-05	0.060487	1e-05	1e-05	1e-05	1e-05	1e-05	1e-05	1e-05	1e-05	1e-05	1e-05	1e-05	1e-05	1e-05	ECA1439
0.060138	1e-05	1e-05	1e-05	0.939662	1e-05	1e-05	1e-05	1e-05	1e-05	1e-05	1e-05	1e-05	1e-05	1e-05	1e-05	1e-05	1e-05	1e-05	1e-05	1e-05	1e-05	ECA1443
0.99979	1e-05	1e-05	1e-05	1e-05	1e-05	1e-05	1e-05	1e-05	1e-05	1e-05	1e-05	1e-05	1e-05	1e-05	1e-05	1e-05	1e-05	1e-05	1e-05	1e-05	1e-05	ECA1471
0.725131	1e-05	1e-05	1e-05	1e-05	0.000341	1e-05	1e-05	0.007247	1e-05	1e-05	1e-05	1e-05	1e-05	1e-05	0.206045	1e-05	1e-05	0.061065	1e-05	1e-05	1e-05	ECA1489
0.99979	1e-05	1e-05	1e-05	1e-05	1e-05	1e-05	1e-05	1e-05	1e-05	1e-05	1e-05	1e-05	1e-05	1e-05	1e-05	1e-05	1e-05	1e-05	1e-05	1e-05	1e-05	ECA1507
0.99979	1e-05	1e-05	1e-05	1e-05	1e-05	1e-05	1e-05	1e-05	1e-05	1e-05	1e-05	1e-05	1e-05	1e-05	1e-05	1e-05	1e-05	1e-05	1e-05	1e-05	1e-05	ECA1509
0.99979	1e-05	1e-05	1e-05	1e-05	1e-05	1e-05	1e-05	1e-05	1e-05	1e-05	1e-05	1e-05	1e-05	1e-05	1e-05	1e-05	1e-05	1e-05	1e-05	1e-05	1e-05	ECA1517
0.99979	1e-05	1e-05	1e-05	1e-05	1e-05	1e-05	1e-05	1e-05	1e-05	1e-05	1e-05	1e-05	1e-05	1e-05	1e-05	1e-05	1e-05	1e-05	1e-05	1e-05	1e-05	ECA1521
0.99979	1e-05	1e-05	1e-05	1e-05	1e-05	1e-05	1e-05	1e-05	1e-05	1e-05	1e-05	1e-05	1e-05	1e-05	1e-05	1e-05	1e-05	1e-05	1e-05	1e-05	1e-05	ECA1555
1e-05	1e-05	1e-05	1.8e-05	0.999774	1e-05	1e-05	1e-05	1e-05	1e-05	1e-05	1e-05	1e-05	1.3e-05	1e-05	1e-05	1e-05	1e-05	1e-05	1.6e-05	1e-05	1e-05	ECA1559
0.999788	1e-05	1e-05	1e-05	1e-05	1e-05	1e-05	1e-05	1e-05	1e-05	1e-05	1e-05	1e-05	1e-05	1.2e-05	1e-05	1e-05	1e-05	1e-05	1e-05	1e-05	1e-05	ECA1563
0.813333	1e-05	1e-05	1e-05	1e-05	1e-05	1e-05	1e-05	1e-05	1e-05	1e-05	1e-05	1e-05	1e-05	1e-05	0.186467	1e-05	1e-05	1e-05	1e-05	1e-05	1e-05	ECA1571
0.99979	1e-05	1e-05	1e-05	1e-05	1e-05	1e-05	1e-05	1e-05	1e-05	1e-05	1e-05	1e-05	1e-05	1e-05	1e-05	1e-05	1e-05	1e-05	1e-05	1e-05	1e-05	ECA1587
0.056736	1e-05	1e-05	1e-05	0.887276	1e-05	1e-05	1e-05	1e-05	1e-05	1e-05	1e-05	1e-05	1e-05	1e-05	0.055798	1e-05	1e-05	1e-05	1e-05	1e-05	1e-05	ECA1605
0.99979	1e-05	1e-05	1e-05	1e-05	1e-05	1e-05	1e-05	1e-05	1e-05	1e-05	1e-05	1e-05	1e-05	1e-05	1e-05	1e-05	1e-05	1e-05	1e-05	1e-05	1e-05	ECA1609
0.99979	1e-05	1e-05	1e-05	1e-05	1e-05	1e-05	1e-05	1e-05	1e-05	1e-05	1e-05	1e-05	1e-05	1e-05	1e-05	1e-05	1e-05	1e-05	1e-05	1e-05	1e-05	ECA161
0.99979	1e-05	1e-05	1e-05	1e-05	1e-05	1e-05	1e-05	1e-05	1e-05	1e-05	1e-05	1e-05	1e-05	1e-05	1e-05	1e-05	1e-05	1e-05	1e-05	1e-05	1e-05	ECA1611
0.99979	1e-05	1e-05	1e-05	1e-05	1e-05	1e-05	1e-05	1e-05	1e-05	1e-05	1e-05	1e-05	1e-05	1e-05	1e-05	1e-05	1e-05	1e-05	1e-05	1e-05	1e-05	ECA1615
0.437856	1e-05	1e-05	1e-05	1e-05	1e-05	1e-05	1e-05	1e-05	1e-05	1.8e-05	1e-05	1e-05	1e-05	1e-05	1e-05	1e-05	1e-05	1e-05	1e-05	1e-05	0.561936	ECA162
0.922212	1e-05	1e-05	1e-05	1e-05	1e-05	1e-05	1e-05	1e-05	1e-05	1e-05	1e-05	1e-05	1e-05	1e-05	1e-05	1e-05	1e-05	0.077588	1e-05	1e-05	1e-05	ECA1621
1e-05	0.999789	1e-05	1e-05	1e-05	1e-05	1.1e-05	1e-05	1e-05	1e-05	1e-05	1e-05	1e-05	1e-05	1e-05	1e-05	1e-05	1e-05	1e-05	1e-05	1e-05	1e-05	ECA163
0.881766	1e-05	1e-05	1e-05	1e-05	1e-05	1e-05	1e-05	1e-05	1e-05	1e-05	1e-05	1e-05	1e-05	1e-05	1e-05	1e-05	1e-05	1e-05	1e-05	1e-05	0.118034	ECA1637
0.995999	1e-05	1e-05	1e-05	1e-05	1e-05	1e-05	1e-05	1e-05	1e-05	1e-05	1e-05	1e-05	1e-05	1e-05	1e-05	1e-05	1e-05	1e-05	1e-05	1e-05	0.003801	ECA1657
0.285724	1e-05	1e-05	1e-05	1e-05	1e-05	1e-05	1e-05	1e-05	1e-05	1e-05	1e-05	1e-05	1e-05	1e-05	1e-05	1e-05	1e-05	0.407159	1e-05	1e-05	0.306928	ECA1701
0.99979	1e-05	1e-05	1e-05	1e-05	1e-05	1e-05	1e-05	1e-05	1e-05	1e-05	1e-05	1e-05	1e-05	1e-05	1e-05	1e-05	1e-05	1e-05	1e-05	1e-05	1e-05	ECA175
0.99979	1e-05	1e-05	1e-05	1e-05	1e-05	1e-05	1e-05	1e-05	1e-05	1e-05	1e-05	1e-05	1e-05	1e-05	1e-05	1e-05	1e-05	1e-05	1e-05	1e-05	1e-05	ECA176
0.99979	1e-05	1e-05	1e-05	1e-05	1e-05	1e-05	1e-05	1e-05	1e-05	1e-05	1e-05	1e-05	1e-05	1e-05	1e-05	1e-05	1e-05	1e-05	1e-05	1e-05	1e-05	ECA177
0.99979	1e-05	1e-05	1e-05	1e-05	1e-05	1e-05	1e-05	1e-05	1e-05	1e-05	1e-05	1e-05	1e-05	1e-05	1e-05	1e-05	1e-05	1e-05	1e-05	1e-05	1e-05	ECA180
0.99979	1e-05	1e-05	1e-05	1e-05	1e-05	1e-05	1e-05	1e-05	1e-05	1e-05	1e-05	1e-05	1e-05	1e-05	1e-05	1e-05	1e-05	1e-05	1e-05	1e-05	1e-05	ECA182
0.99979	1e-05	1e-05	1e-05	1e-05	1e-05	1e-05	1e-05	1e-05	1e-05	1e-05	1e-05	1e-05	1e-05	1e-05	1e-05	1e-05	1e-05	1e-05	1e-05	1e-05	1e-05	ECA183
0.99979	1e-05	1e-05	1e-05	1e-05	1e-05	1e-05	1e-05	1e-05	1e-05	1e-05	1e-05	1e-05	1e-05	1e-05	1e-05	1e-05	1e-05	1e-05	1e-05	1e-05	1e-05	ECA185
0.952238	1e-05	1e-05	1e-05	1e-05	1e-05	1e-05	1e-05	0.047562	1e-05	1e-05	1e-05	1e-05	1e-05	1e-05	1e-05	1e-05	1e-05	1e-05	1e-05	1e-05	1e-05	ECA186
0.99979	1e-05	1e-05	1e-05	1e-05	1e-05	1e-05	1e-05	1e-05	1e-05	1e-05	1e-05	1e-05	1e-05	1e-05	1e-05	1e-05	1e-05	1e-05	1e-05	1e-05	1e-05	ECA2083
0.971932	1e-05	1e-05	1e-05	1e-05	1e-05	1e-05	1e-05	1e-05	1e-05	1e-05	1e-05	1e-05	1e-05	1e-05	1e-05	1e-05	1e-05	1e-05	1e-05	1e-05	0.027868	ECA2093
0.883759	1e-05	1e-05	1e-05	1e-05	1e-05	1e-05	1e-05	1e-05	1e-05	1e-05	1e-05	1e-05	1e-05	1e-05	1e-05	1e-05	1e-05	1e-05	1e-05	1e-05	0.116041	ECA2115
1.3e-05	1e-05	1e-05	1e-05	1e-05	1e-05	1e-05	1e-05	1e-05	1e-05	1e-05	1e-05	1e-05	0.999781	1e-05	1e-05	1e-05	1e-05	1e-05	1.6e-05	1e-05	1e-05	ECA2299
0.831691	1e-05	1e-05	1e-05	1e-05	0.032386	1e-05	1e-05	0.033678	1e-05	0.001734	1e-05	1e-05	1e-05	1e-05	1e-05	1e-05	1e-05	1e-05	1e-05	1e-05	0.100342	ECA2373
1e-05	1e-05	1e-05	1e-05	1e-05	1e-05	1e-05	1e-05	1e-05	1e-05	1e-05	1e-05	1e-05	1e-05	1e-05	1e-05	1e-05	1e-05	1e-05	0.99979	1e-05	1e-05	ECA2385
0.99979	1e-05	1e-05	1e-05	1e-05	1e-05	1e-05	1e-05	1e-05	1e-05	1e-05	1e-05	1e-05	1e-05	1e-05	1e-05	1e-05	1e-05	1e-05	1e-05	1e-05	1e-05	ECA2425
1e-05	1e-05	0.99979	1e-05	1e-05	1e-05	1e-05	1e-05	1e-05	1e-05	1e-05	1e-05	1e-05	1e-05	1e-05	1e-05	1e-05	1e-05	1e-05	1e-05	1e-05	1e-05	ECA2617
1e-05	1e-05	0.99979	1e-05	1e-05	1e-05	1e-05	1e-05	1e-05	1e-05	1e-05	1e-05	1e-05	1e-05	1e-05	1e-05	1e-05	1e-05	1e-05	1e-05	1e-05	1e-05	ECA2618
1e-05	1e-05	0.99979	1e-05	1e-05	1e-05	1e-05	1e-05	1e-05	1e-05	1e-05	1e-05	1e-05	1e-05	1e-05	1e-05	1e-05	1e-05	1e-05	1e-05	1e-05	1e-05	ECA2621
1e-05	1e-05	1e-05	1e-05	1e-05	1e-05	1e-05	1e-05	0.99979	1e-05	1e-05	1e-05	1e-05	1e-05	1e-05	1e-05	1e-05	1e-05	1e-05	1e-05	1e-05	1e-05	ECA2623
0.99979	1e-05	1e-05	1e-05	1e-05	1e-05	1e-05	1e-05	1e-05	1e-05	1e-05	1e-05	1e-05	1e-05	1e-05	1e-05	1e-05	1e-05	1e-05	1e-05	1e-05	1e-05	ECA2625
0.906488	1e-05	1e-05	1e-05	1e-05	1.2e-05	1e-05	1e-05	1e-05	1e-05	1e-05	1e-05	1e-05	1e-05	1e-05	1e-05	1e-05	1e-05	1e-05	1e-05	1e-05	0.09331	ECA2626
0.99979	1e-05	1e-05	1e-05	1e-05	1e-05	1e-05	1e-05	1e-05	1e-05	1e-05	1e-05	1e-05	1e-05	1e-05	1e-05	1e-05	1e-05	1e-05	1e-05	1e-05	1e-05	ECA2636
0.524239	1e-05	1e-05	1e-05	1e-05	1e-05	1e-05	1e-05	1e-05	1e-05	1e-05	1e-05	1e-05	1e-05	0.282969	1e-05	1e-05	1e-05	1e-05	1e-05	1e-05	0.192601	ECA2637
1e-05	1e-05	0.99979	1e-05	1e-05	1e-05	1e-05	1e-05	1e-05	1e-05	1e-05	1e-05	1e-05	1e-05	1e-05	1e-05	1e-05	1e-05	1e-05	1e-05	1e-05	1e-05	ECA2639
0.99979	1e-05	1e-05	1e-05	1e-05	1e-05	1e-05	1e-05	1e-05	1e-05	1e-05	1e-05	1e-05	1e-05	1e-05	1e-05	1e-05	1e-05	1e-05	1e-05	1e-05	1e-05	ECA2645
1e-05	1e-05	0.99979	1e-05	1e-05	1e-05	1e-05	1e-05	1e-05	1e-05	1e-05	1e-05	1e-05	1e-05	1e-05	1e-05	1e-05	1e-05	1e-05	1e-05	1e-05	1e-05	ECA2647
0.99979	1e-05	1e-05	1e-05	1e-05	1e-05	1e-05	1e-05	1e-05	1e-05	1e-05	1e-05	1e-05	1e-05	1e-05	1e-05	1e-05	1e-05	1e-05	1e-05	1e-05	1e-05	ECA2663
1e-05	1e-05	1e-05	1e-05	1e-05	1e-05	1e-05	1e-05	0.99979	1e-05	1e-05	1e-05	1e-05	1e-05	1e-05	1e-05	1e-05	1e-05	1e-05	1e-05	1e-05	1e-05	ECA2664
1e-05	1e-05	0.99979	1e-05	1e-05	1e-05	1e-05	1e-05	1e-05	1e-05	1e-05	1e-05	1e-05	1e-05	1e-05	1e-05	1e-05	1e-05	1e-05	1e-05	1e-05	1e-05	ECA2666
0.99979	1e-05	1e-05	1e-05	1e-05	1e-05	1e-05	1e-05	1e-05	1e-05	1e-05	1e-05	1e-05	1e-05	1e-05	1e-05	1e-05	1e-05	1e-05	1e-05	1e-05	1e-05	ECA2667
1e-05	1e-05	0.99979	1e-05	1e-05	1e-05	1e-05	1e-05	1e-05	1e-05	1e-05	1e-05	1e-05	1e-05	1e-05	1e-05	1e-05	1e-05	1e-05	1e-05	1e-05	1e-05	ECA2670
1e-05	0.999781	1e-05	1e-05	1e-05	1e-05	1.1e-05	1e-05	1e-05	1e-05	1e-05	1e-05	1e-05	1e-05	1e-05	1e-05	1e-05	1e-05	1.8e-05	1e-05	1e-05	1e-05	ECA276
1e-05	1e-05	1e-05	1e-05	1e-05	1e-05	1e-05	1e-05	1e-05	1e-05	1e-05	0.99978	1e-05	1e-05	1e-05	1.9e-05	1.1e-05	1e-05	1e-05	1e-05	1e-05	1e-05	ECA278
0.634693	1e-05	1e-05	1e-05	1e-05	1e-05	1e-05	1e-05	0.051312	1e-05	1e-05	1e-05	1e-05	1e-05	0.313805	1e-05	1e-05	1e-05	1e-05	1e-05	1e-05	1e-05	ECA2808
1e-05	1e-05	1e-05	1e-05	0.99979	1e-05	1e-05	1e-05	1e-05	1e-05	1e-05	1e-05	1e-05	1e-05	1e-05	1e-05	1e-05	1e-05	1e-05	1e-05	1e-05	1e-05	ECA287
1e-05	1e-05	1e-05	1e-05	0.109942	1e-05	1e-05	1e-05	0.775016	1.1e-05	1e-05	1e-05	1e-05	1e-05	0.114852	1e-05	1e-05	1e-05	1e-05	1e-05	1e-05	1e-05	ECA288
0.99979	1e-05	1e-05	1e-05	1e-05	1e-05	1e-05	1e-05	1e-05	1e-05	1e-05	1e-05	1e-05	1e-05	1e-05	1e-05	1e-05	1e-05	1e-05	1e-05	1e-05	1e-05	ECA2883
0.99979	1e-05	1e-05	1e-05	1e-05	1e-05	1e-05	1e-05	1e-05	1e-05	1e-05	1e-05	1e-05	1e-05	1e-05	1e-05	1e-05	1e-05	1e-05	1e-05	1e-05	1e-05	ECA2890
0.936987	1e-05	1e-05	1e-05	1e-05	1e-05	1e-05	1e-05	0.062813	1e-05	1e-05	1e-05	1e-05	1e-05	1e-05	1e-05	1e-05	1e-05	1e-05	1e-05	1e-05	1e-05	ECA2894
1e-05	1e-05	1e-05	1e-05	0.99979	1e-05	1e-05	1e-05	1e-05	1e-05	1e-05	1e-05	1e-05	1e-05	1e-05	1e-05	1e-05	1e-05	1e-05	1e-05	1e-05	1e-05	ECA2936
0.99979	1e-05	1e-05	1e-05	1e-05	1e-05	1e-05	1e-05	1e-05	1e-05	1e-05	1e-05	1e-05	1e-05	1e-05	1e-05	1e-05	1e-05	1e-05	1e-05	1e-05	1e-05	ECA2975
0.999789	1e-05	1e-05	1e-05	1e-05	1.1e-05	1e-05	1e-05	1e-05	1e-05	1e-05	1e-05	1e-05	1e-05	1e-05	1e-05	1e-05	1e-05	1e-05	1e-05	1e-05	1e-05	ECA3091
0.99979	1e-05	1e-05	1e-05	1e-05	1e-05	1e-05	1e-05	1e-05	1e-05	1e-05	1e-05	1e-05	1e-05	1e-05	1e-05	1e-05	1e-05	1e-05	1e-05	1e-05	1e-05	ECA343
0.742776	1e-05	1e-05	1e-05	1e-05	1e-05	1e-05	1e-05	0.157793	1e-05	1e-05	1e-05	1e-05	1e-05	0.099241	1e-05	1e-05	1e-05	1e-05	1e-05	1e-05	1e-05	ECA346
1e-05	1e-05	1e-05	1e-05	0.853332	1e-05	1e-05	1e-05	1e-05	1e-05	1e-05	1e-05	1e-05	1e-05	1e-05	1e-05	1e-05	1e-05	1e-05	0.146468	1e-05	1e-05	ECA3502
0.99979	1e-05	1e-05	1e-05	1e-05	1e-05	1e-05	1e-05	1e-05	1e-05	1e-05	1e-05	1e-05	1e-05	1e-05	1e-05	1e-05	1e-05	1e-05	1e-05	1e-05	1e-05	ECA3503
0.99979	1e-05	1e-05	1e-05	1e-05	1e-05	1e-05	1e-05	1e-05	1e-05	1e-05	1e-05	1e-05	1e-05	1e-05	1e-05	1e-05	1e-05	1e-05	1e-05	1e-05	1e-05	ECA3509
0.999788	1e-05	1e-05	1e-05	1e-05	1e-05	1e-05	1e-05	1.2e-05	1e-05	1e-05	1e-05	1e-05	1e-05	1e-05	1e-05	1e-05	1e-05	1e-05	1e-05	1e-05	1e-05	ECA3708
0.99979	1e-05	1e-05	1e-05	1e-05	1e-05	1e-05	1e-05	1e-05	1e-05	1e-05	1e-05	1e-05	1e-05	1e-05	1e-05	1e-05	1e-05	1e-05	1e-05	1e-05	1e-05	ECA371
0.99979	1e-05	1e-05	1e-05	1e-05	1e-05	1e-05	1e-05	1e-05	1e-05	1e-05	1e-05	1e-05	1e-05	1e-05	1e-05	1e-05	1e-05	1e-05	1e-05	1e-05	1e-05	ECA3712
0.99979	1e-05	1e-05	1e-05	1e-05	1e-05	1e-05	1e-05	1e-05	1e-05	1e-05	1e-05	1e-05	1e-05	1e-05	1e-05	1e-05	1e-05	1e-05	1e-05	1e-05	1e-05	ECA3713
0.99979	1e-05	1e-05	1e-05	1e-05	1e-05	1e-05	1e-05	1e-05	1e-05	1e-05	1e-05	1e-05	1e-05	1e-05	1e-05	1e-05	1e-05	1e-05	1e-05	1e-05	1e-05	ECA3899
1e-05	1e-05	1e-05	1e-05	1e-05	1e-05	1e-05	1e-05	1.3e-05	1e-05	1e-05	1e-05	1e-05	1e-05	0.999778	1.9e-05	1e-05	1e-05	1e-05	1e-05	1e-05	1e-05	ECA4382
1e-05	1e-05	1e-05	1e-05	1e-05	1e-05	1e-05	1e-05	0.99979	1e-05	1e-05	1e-05	1e-05	1e-05	1e-05	1e-05	1e-05	1e-05	1e-05	1e-05	1e-05	1e-05	ECA4390
0.022511	1.9e-05	1e-05	1e-05	1e-05	1.4e-05	1e-05	1.6e-05	1e-05	1e-05	1e-05	1e-05	1e-05	1e-05	0.198606	1e-05	1e-05	1e-05	1e-05	1e-05	1e-05	0.778674	ECA4394
0.210782	1e-05	1e-05	1e-05	1e-05	1e-05	1e-05	1e-05	1e-05	1e-05	1e-05	1e-05	1e-05	1e-05	0.789018	1e-05	1e-05	1e-05	1e-05	1e-05	1e-05	1e-05	ECA4402
1e-05	1e-05	1e-05	1e-05	1e-05	1e-05	1e-05	1e-05	1e-05	1e-05	1.7e-05	0.999783	1e-05	1e-05	1e-05	1e-05	1e-05	1e-05	1e-05	1e-05	1e-05	1e-05	ECA569
0.437093	1e-05	1e-05	1e-05	1e-05	1e-05	1e-05	1e-05	1e-05	1e-05	1e-05	1e-05	1e-05	1e-05	1e-05	1e-05	1e-05	1e-05	0.44831	1e-05	1e-05	0.114406	ED3032
0.451796	1e-05	1e-05	1e-05	1e-05	1e-05	1e-05	1e-05	1e-05	1e-05	1e-05	1e-05	1e-05	1e-05	1e-05	1e-05	1e-05	1e-05	1e-05	1e-05	1e-05	0.548004	ED3037
0.172579	1e-05	1e-05	1e-05	1e-05	1e-05	1e-05	1e-05	1e-05	1e-05	1e-05	1e-05	1e-05	1e-05	0.827221	1e-05	1e-05	1e-05	1e-05	1e-05	1e-05	1e-05	ED3088
1e-05	0.56899	1e-05	1e-05	1e-05	1e-05	0.43081	1e-05	1e-05	1e-05	1e-05	1e-05	1e-05	1e-05	1e-05	1e-05	1e-05	1e-05	1e-05	1e-05	1e-05	1e-05	ED3102
1e-05	1e-05	1e-05	1e-05	1e-05	1e-05	1e-05	1e-05	1e-05	1e-05	1e-05	0.99979	1e-05	1e-05	1e-05	1e-05	1e-05	1e-05	1e-05	1e-05	1e-05	1e-05	EG4360
1e-05	1e-05	1e-05	1e-05	1e-05	1e-05	1e-05	1e-05	1e-05	1e-05	0.99979	1e-05	1e-05	1e-05	1e-05	1e-05	1e-05	1e-05	1e-05	1e-05	1e-05	1e-05	EG5612
1e-05	1e-05	1e-05	1e-05	1e-05	1e-05	1e-05	1e-05	1e-05	1e-05	1e-05	1e-05	1e-05	1e-05	0.99979	1e-05	1e-05	1e-05	1e-05	1e-05	1e-05	1e-05	EG5613
0.558991	1e-05	1e-05	1e-05	1e-05	1e-05	1e-05	1e-05	0.062376	1e-05	0.030765	1e-05	1e-05	1e-05	1e-05	1e-05	1e-05	1e-05	0.347688	1e-05	1e-05	1e-05	EG6179
1e-05	1e-05	1e-05	1e-05	1e-05	1e-05	1e-05	1e-05	0.99979	1e-05	1e-05	1e-05	1e-05	1e-05	1e-05	1e-05	1e-05	1e-05	1e-05	1e-05	1e-05	1e-05	EG6260
0.360768	1e-05	1e-05	1e-05	1e-05	1e-05	1e-05	1e-05	0.516309	1e-05	1e-05	1e-05	1e-05	1e-05	0.122733	1e-05	1e-05	1e-05	1e-05	1e-05	1e-05	1e-05	EG6261
1e-05	1e-05	1e-05	1e-05	0.99979	1e-05	1e-05	1e-05	1e-05	1e-05	1e-05	1e-05	1e-05	1e-05	1e-05	1e-05	1e-05	1e-05	1e-05	1e-05	1e-05	1e-05	EG6265
0.55844	1e-05	1e-05	1e-05	1e-05	1e-05	1e-05	1e-05	0.44136	1e-05	1e-05	1e-05	1e-05	1e-05	1e-05	1e-05	1e-05	1e-05	1e-05	1e-05	1e-05	1e-05	EG6267
1e-05	1e-05	1e-05	1e-05	1e-05	1e-05	1e-05	1e-05	0.99979	1e-05	1e-05	1e-05	1e-05	1e-05	1e-05	1e-05	1e-05	1e-05	1e-05	1e-05	1e-05	1e-05	EG6271
0.384225	1e-05	1e-05	1e-05	1e-05	1e-05	1e-05	1e-05	0.546954	1e-05	1e-05	1e-05	1e-05	1e-05	1e-05	0.068631	1e-05	1e-05	1e-05	1e-05	1e-05	1e-05	EG6272
1e-05	1e-05	1e-05	1e-05	1e-05	1e-05	1e-05	1e-05	1e-05	1e-05	1e-05	1e-05	1e-05	1e-05	0.99979	1e-05	1e-05	1e-05	1e-05	1e-05	1e-05	1e-05	EG6274
1e-05	1e-05	1e-05	1e-05	1e-05	1e-05	1e-05	1e-05	1e-05	1e-05	1e-05	1e-05	1e-05	1e-05	0.99979	1e-05	1e-05	1e-05	1e-05	1e-05	1e-05	1e-05	EG6275
1e-05	1e-05	1e-05	1e-05	1e-05	1e-05	1e-05	1e-05	1e-05	1e-05	1e-05	1e-05	1e-05	1e-05	0.99979	1e-05	1e-05	1e-05	1e-05	1e-05	1e-05	1e-05	EG6276
0.010426	1e-05	1e-05	1e-05	1e-05	1e-05	1e-05	1e-05	0.747467	1e-05	1e-05	1e-05	1e-05	1e-05	1e-05	0.241917	1e-05	1e-05	1e-05	1e-05	1e-05	1e-05	EG6329
1e-05	1e-05	1e-05	1e-05	1e-05	1e-05	1e-05	1e-05	1e-05	1e-05	1e-05	0.99979	1e-05	1e-05	1e-05	1e-05	1e-05	1e-05	1e-05	1e-05	1e-05	1e-05	GUN124
0.748915	1e-05	1e-05	1e-05	1e-05	1e-05	1e-05	1e-05	1e-05	1e-05	1e-05	1e-05	1e-05	1e-05	1e-05	1e-05	1e-05	1e-05	0.250885	1e-05	1e-05	1e-05	GXW22
0.160963	1e-05	1e-05	1e-05	1e-05	1e-05	1e-05	1e-05	1e-05	1e-05	0.736033	1e-05	1e-05	1e-05	1.1e-05	1.3e-05	1e-05	1e-05	0.10281	1e-05	1e-05	1e-05	GXW23
1.8e-05	1e-05	1e-05	1e-05	1e-05	1e-05	1e-05	1e-05	1e-05	1e-05	1e-05	0.999782	1e-05	1e-05	1e-05	1e-05	1e-05	1e-05	1e-05	1e-05	1e-05	1e-05	HK104
1e-05	1e-05	1e-05	1e-05	1e-05	1e-05	1e-05	1e-05	1e-05	1.9e-05	1e-05	1e-05	1e-05	1e-05	1e-05	1e-05	1e-05	0.999781	1e-05	1e-05	1e-05	1e-05	HPT11
1e-05	1.1e-05	1e-05	1e-05	1e-05	1e-05	1e-05	1.2e-05	1e-05	1.1e-05	1e-05	1e-05	1.2e-05	1e-05	1e-05	1e-05	1.1e-05	1.2e-05	1e-05	1e-05	1e-05	0.999782	HPT16
1e-05	1e-05	1e-05	1e-05	1e-05	1e-05	1e-05	1e-05	1e-05	1e-05	1e-05	1e-05	1e-05	1e-05	1e-05	1e-05	1e-05	0.99979	1e-05	1e-05	1e-05	1e-05	HPT18
1e-05	1e-05	1e-05	1e-05	1e-05	1e-05	1e-05	1e-05	1e-05	1e-05	1e-05	1e-05	1e-05	1e-05	0.044857	1e-05	1e-05	1e-05	1e-05	1e-05	1e-05	0.954943	HPT19
1e-05	1e-05	1e-05	1e-05	1e-05	1e-05	1e-05	1e-05	1e-05	1e-05	1e-05	1e-05	1e-05	1e-05	1e-05	1e-05	1e-05	1e-05	1e-05	1e-05	1e-05	0.99979	HPT2
1e-05	1e-05	1e-05	1e-05	1e-05	1e-05	1e-05	1e-05	1e-05	1e-05	1e-05	1e-05	1e-05	1e-05	1e-05	1e-05	1e-05	1e-05	1e-05	1e-05	1e-05	0.99979	HPT21
1e-05	1e-05	1e-05	1e-05	1e-05	1e-05	1e-05	1e-05	1e-05	1e-05	1e-05	1e-05	1.5e-05	1e-05	1e-05	1e-05	1e-05	0.999785	1e-05	1e-05	1e-05	1e-05	HPT24
1e-05	1e-05	1e-05	1e-05	1e-05	1e-05	1e-05	1e-05	1e-05	1e-05	1e-05	1e-05	1e-05	1e-05	1e-05	1e-05	1e-05	1e-05	1e-05	1e-05	1e-05	0.99979	HPT34
1e-05	1e-05	1e-05	1e-05	1e-05	0.03491	1e-05	1e-05	0.018533	1e-05	1e-05	1e-05	1e-05	1e-05	1e-05	1e-05	1e-05	1e-05	1e-05	1e-05	1e-05	0.946367	HPT37
1e-05	1e-05	1e-05	1e-05	1e-05	1e-05	1e-05	1e-05	1e-05	1e-05	1e-05	1e-05	1e-05	1e-05	1e-05	1e-05	1e-05	1e-05	1e-05	1e-05	1e-05	0.99979	HPT4
1e-05	1.1e-05	1e-05	1e-05	1e-05	1e-05	1.1e-05	1.2e-05	1e-05	1.1e-05	1e-05	1e-05	1e-05	1e-05	1e-05	1e-05	1e-05	1e-05	1e-05	1e-05	1e-05	0.999785	HPT42
0.206923	1e-05	1e-05	1e-05	1e-05	1e-05	1e-05	1e-05	1e-05	0.434662	1e-05	1e-05	1e-05	1e-05	1e-05	1e-05	1e-05	1e-05	1e-05	1e-05	1e-05	0.358225	HPT52
1e-05	1e-05	1e-05	1e-05	1e-05	1e-05	1e-05	1e-05	1e-05	1e-05	1e-05	1e-05	1e-05	1e-05	1e-05	1e-05	1e-05	1e-05	1e-05	1e-05	1e-05	0.99979	HPT53
0.136735	1e-05	1e-05	1e-05	1e-05	1e-05	1e-05	1e-05	1e-05	1e-05	1.1e-05	1e-05	1e-05	1e-05	1e-05	1e-05	1e-05	1e-05	1e-05	1e-05	1e-05	0.863063	HPT54
1e-05	1e-05	1e-05	1e-05	1e-05	1e-05	1e-05	1e-05	1e-05	1e-05	1e-05	1e-05	1e-05	1e-05	1e-05	1e-05	1e-05	1e-05	1e-05	1e-05	1e-05	0.99979	HPT55
1e-05	1e-05	1e-05	1e-05	1e-05	1e-05	1e-05	1e-05	1e-05	1e-05	1e-05	1e-05	1e-05	1e-05	1e-05	1e-05	1e-05	1e-05	1e-05	1e-05	1e-05	0.99979	HPT59
1e-05	1e-05	1e-05	1e-05	1e-05	1e-05	1e-05	1e-05	1e-05	1e-05	1e-05	1e-05	1e-05	1e-05	1e-05	1e-05	1e-05	1e-05	1e-05	1e-05	1e-05	0.99979	HPT60
1e-05	1e-05	1e-05	1e-05	1e-05	1e-05	1e-05	1e-05	1e-05	0.99979	1e-05	1e-05	1e-05	1e-05	1e-05	1e-05	1e-05	1e-05	1e-05	1e-05	1e-05	1e-05	HPT62
1e-05	1e-05	1e-05	1e-05	1e-05	1e-05	1e-05	1e-05	1e-05	1e-05	1e-05	1e-05	1e-05	1e-05	1e-05	1e-05	1e-05	1e-05	1e-05	1e-05	1e-05	0.99979	HPT63
1e-05	1e-05	1e-05	1.1e-05	1e-05	1e-05	1e-05	1e-05	1e-05	1e-05	1e-05	1.1e-05	1e-05	1e-05	1e-05	0.031649	1e-05	1.1e-05	1e-05	1e-05	1e-05	0.968148	HPT7
1e-05	1e-05	1e-05	1e-05	1e-05	1e-05	1e-05	1e-05	1e-05	1e-05	1e-05	1e-05	1e-05	1e-05	1e-05	1e-05	1e-05	1e-05	1e-05	1e-05	1e-05	0.99979	HPT8
0.184507	1e-05	1e-05	1e-05	1e-05	1e-05	0.098473	1e-05	1e-05	1e-05	0.531529	1e-05	1e-05	1e-05	1e-05	1e-05	1e-05	1e-05	0.061963	1e-05	1e-05	0.123358	HPT9
1e-05	1e-05	1e-05	1e-05	1e-05	1e-05	1e-05	1e-05	1e-05	1e-05	1e-05	0.99979	1e-05	1e-05	1e-05	1e-05	1e-05	1e-05	1e-05	1e-05	1e-05	1e-05	JU1085
1.7e-05	1e-05	1e-05	1e-05	1e-05	1e-05	1e-05	1e-05	1e-05	0.019942	1e-05	1e-05	1e-05	1e-05	0.704836	1e-05	1e-05	1e-05	1.2e-05	1e-05	1e-05	0.275023	JU1337
1e-05	1e-05	1e-05	1.1e-05	1.1e-05	1e-05	1e-05	1e-05	1e-05	1e-05	0.999786	1e-05	1e-05	1.1e-05	1e-05	1e-05	1e-05	1e-05	1.1e-05	1e-05	1e-05	1e-05	JU1338
1e-05	1e-05	1e-05	1e-05	1e-05	1e-05	1.1e-05	0.999788	1e-05	1e-05	1e-05	1e-05	1.1e-05	1e-05	1e-05	1e-05	1e-05	1e-05	1e-05	1e-05	1e-05	1e-05	JU1341
1e-05	1e-05	1e-05	1e-05	1.5e-05	1e-05	1e-05	1e-05	1e-05	1e-05	0.999785	1e-05	1e-05	1e-05	1e-05	1e-05	1e-05	1e-05	1e-05	1e-05	1e-05	1e-05	JU1346
1e-05	1e-05	1e-05	1e-05	1e-05	1e-05	1e-05	1e-05	1e-05	1e-05	1e-05	1e-05	1e-05	1e-05	0.999785	1.5e-05	1e-05	1e-05	1e-05	1e-05	1e-05	1e-05	JU1347
1e-05	1e-05	1e-05	1e-05	1e-05	1e-05	1e-05	0.999788	1e-05	1.2e-05	1e-05	1e-05	1e-05	1e-05	1e-05	1e-05	1e-05	1e-05	1e-05	1e-05	1e-05	1e-05	JU1348
1e-05	1e-05	1e-05	1e-05	1e-05	1e-05	1e-05	1e-05	1e-05	1e-05	1e-05	1e-05	1e-05	1e-05	0.99979	1e-05	1e-05	1e-05	1e-05	1e-05	1e-05	1e-05	JU1375
1e-05	1e-05	1e-05	1e-05	1e-05	1e-05	1e-05	1e-05	1e-05	1e-05	1e-05	1e-05	1e-05	1e-05	0.99979	1e-05	1e-05	1e-05	1e-05	1e-05	1e-05	1e-05	JU1377
1e-05	1e-05	1e-05	1e-05	1e-05	1e-05	1e-05	1e-05	1e-05	1.1e-05	1e-05	1e-05	1e-05	1e-05	0.999789	1e-05	1e-05	1e-05	1e-05	1e-05	1e-05	1e-05	JU1378
1e-05	1e-05	1e-05	1e-05	1e-05	1e-05	1e-05	1e-05	1e-05	1e-05	1e-05	1e-05	1e-05	1e-05	0.99979	1e-05	1e-05	1e-05	1e-05	1e-05	1e-05	1e-05	JU1392
0.092162	1e-05	1e-05	1e-05	1e-05	0.001453	1e-05	1e-05	1e-05	1e-05	1e-05	1e-05	1e-05	1e-05	0.275022	0.631183	1e-05	1e-05	1e-05	1e-05	1e-05	1e-05	JU1399
1e-05	1e-05	1e-05	1e-05	1e-05	1e-05	1e-05	1e-05	1e-05	1e-05	0.99979	1e-05	1e-05	1e-05	1e-05	1e-05	1e-05	1e-05	1e-05	1e-05	1e-05	1e-05	JU1424
1e-05	1e-05	1e-05	1e-05	1e-05	1e-05	1e-05	1e-05	1e-05	1e-05	1e-05	1e-05	1e-05	1e-05	0.99979	1e-05	1e-05	1e-05	1e-05	1e-05	1e-05	1e-05	JU1435
1e-05	1.3e-05	1e-05	1.1e-05	1e-05	1e-05	1e-05	1e-05	1e-05	1e-05	1e-05	0.999781	1e-05	1e-05	1e-05	1e-05	1e-05	1.5e-05	1e-05	1e-05	1e-05	1e-05	JU1564
1e-05	1e-05	1e-05	1e-05	1e-05	1e-05	1e-05	1e-05	1e-05	1e-05	1e-05	1e-05	1e-05	1e-05	0.976015	0.023785	1e-05	1e-05	1e-05	1e-05	1e-05	1e-05	JU1637
0.009786	1e-05	1e-05	1e-05	1e-05	1e-05	1e-05	1e-05	0.000323	1e-05	1e-05	1e-05	1e-05	1e-05	0.932039	0.057672	1e-05	1e-05	1e-05	1e-05	1e-05	1e-05	JU1638
0.077503	1e-05	1e-05	1e-05	1e-05	1e-05	1e-05	1e-05	1e-05	1e-05	0.042766	1e-05	1e-05	1e-05	0.661881	1e-05	1e-05	1e-05	0.217669	1e-05	1e-05	1e-05	JU1794
0.785976	1e-05	1e-05	1e-05	1e-05	1e-05	1e-05	1e-05	1e-05	1e-05	1e-05	1e-05	1e-05	1e-05	0.213824	1e-05	1e-05	1e-05	1e-05	1e-05	1e-05	1e-05	JU1795
1e-05	1e-05	1e-05	1e-05	1e-05	1e-05	1e-05	1e-05	1e-05	1e-05	1e-05	1e-05	1e-05	1e-05	0.99979	1e-05	1e-05	1e-05	1e-05	1e-05	1e-05	1e-05	JU1799
1e-05	1e-05	1e-05	1e-05	1e-05	1e-05	1e-05	1e-05	1e-05	1e-05	1e-05	1e-05	1e-05	1e-05	0.99979	1e-05	1e-05	1e-05	1e-05	1e-05	1e-05	1e-05	JU1802
0.165921	1e-05	1e-05	1e-05	1e-05	1e-05	1e-05	1e-05	0.719359	1e-05	1e-05	1e-05	1e-05	1e-05	1e-05	0.11453	1e-05	1e-05	1e-05	1e-05	1e-05	1e-05	JU1814
0.93078	1e-05	1e-05	1e-05	1e-05	1e-05	1e-05	1e-05	0.06902	1e-05	1e-05	1e-05	1e-05	1e-05	1e-05	1e-05	1e-05	1e-05	1e-05	1e-05	1e-05	1e-05	JU1884
1e-05	1e-05	1e-05	1e-05	1e-05	1e-05	1e-05	1e-05	1.1e-05	0.033699	1e-05	1e-05	1e-05	1e-05	0.9661	1e-05	1e-05	1e-05	1e-05	1e-05	1e-05	1e-05	JU1885
0.090153	1e-05	1e-05	1e-05	1e-05	1e-05	1e-05	1e-05	1e-05	1e-05	1e-05	1e-05	1e-05	1e-05	0.057419	1e-05	1e-05	1e-05	1e-05	1e-05	1e-05	0.852238	JU1907
1e-05	1e-05	1e-05	1e-05	1e-05	1e-05	1e-05	1e-05	1e-05	1e-05	1e-05	1e-05	1e-05	1e-05	1e-05	1e-05	1e-05	1e-05	1e-05	1e-05	1e-05	0.99979	JU1908
0.016612	1e-05	1e-05	1e-05	1e-05	1e-05	1e-05	1e-05	1e-05	1e-05	1e-05	1e-05	1e-05	1e-05	1e-05	1e-05	1e-05	1e-05	1e-05	1e-05	1e-05	0.983188	JU1909
0.191543	1e-05	1e-05	1e-05	1e-05	1e-05	1e-05	1e-05	1e-05	0.414847	1e-05	1e-05	1e-05	1e-05	0.144969	1e-05	1e-05	1e-05	1e-05	1e-05	1e-05	0.248462	JU1913
0.99979	1e-05	1e-05	1e-05	1e-05	1e-05	1e-05	1e-05	1e-05	1e-05	1e-05	1e-05	1e-05	1e-05	1e-05	1e-05	1e-05	1e-05	1e-05	1e-05	1e-05	1e-05	JU2053
0.99979	1e-05	1e-05	1e-05	1e-05	1e-05	1e-05	1e-05	1e-05	1e-05	1e-05	1e-05	1e-05	1e-05	1e-05	1e-05	1e-05	1e-05	1e-05	1e-05	1e-05	1e-05	JU2054
0.99979	1e-05	1e-05	1e-05	1e-05	1e-05	1e-05	1e-05	1e-05	1e-05	1e-05	1e-05	1e-05	1e-05	1e-05	1e-05	1e-05	1e-05	1e-05	1e-05	1e-05	1e-05	JU2056
1e-05	1e-05	1e-05	1e-05	1e-05	1e-05	1e-05	1e-05	1e-05	0.99979	1e-05	1e-05	1e-05	1e-05	1e-05	1e-05	1e-05	1e-05	1e-05	1e-05	1e-05	1e-05	JU2057
1e-05	1e-05	1e-05	1e-05	1e-05	1e-05	1e-05	1e-05	1e-05	0.99979	1e-05	1e-05	1e-05	1e-05	1e-05	1e-05	1e-05	1e-05	1e-05	1e-05	1e-05	1e-05	JU2160
1e-05	1e-05	1e-05	1e-05	1e-05	1e-05	1e-05	1e-05	1e-05	0.99979	1e-05	1e-05	1e-05	1e-05	1e-05	1e-05	1e-05	1e-05	1e-05	1e-05	1e-05	1e-05	JU2162
1e-05	1e-05	1e-05	1e-05	1e-05	0.179894	1e-05	1e-05	1e-05	1e-05	1e-05	1e-05	1e-05	1e-05	0.124254	0.089444	1e-05	1e-05	0.424748	1e-05	1e-05	0.18149	JU2214
1.8e-05	1.4e-05	1e-05	1e-05	0.999777	1e-05	1e-05	1e-05	1e-05	1e-05	1e-05	1e-05	1e-05	1e-05	1e-05	1e-05	1e-05	1e-05	1e-05	1e-05	1e-05	1e-05	JU2216
0.177299	1e-05	1e-05	1e-05	1e-05	1e-05	1e-05	1e-05	1e-05	1e-05	1e-05	0.492869	1e-05	1e-05	1e-05	0.216575	1e-05	1e-05	0.113077	1e-05	1e-05	1e-05	JU2457
1e-05	1e-05	1e-05	1e-05	1e-05	1e-05	1e-05	1e-05	1e-05	0.99979	1e-05	1e-05	1e-05	1e-05	1e-05	1e-05	1e-05	1e-05	1e-05	1e-05	1e-05	1e-05	JU2470
1e-05	1e-05	1e-05	1e-05	1e-05	1e-05	1e-05	1e-05	1e-05	1e-05	1e-05	1e-05	1e-05	1e-05	0.941919	0.057881	1e-05	1e-05	1e-05	1e-05	1e-05	1e-05	JU2472
1.1e-05	1e-05	1e-05	1e-05	1e-05	1e-05	1e-05	1e-05	1e-05	0.999789	1e-05	1e-05	1e-05	1e-05	1e-05	1e-05	1e-05	1e-05	1e-05	1e-05	1e-05	1e-05	JU2507
1e-05	1e-05	1e-05	1e-05	1e-05	1e-05	1e-05	1e-05	1e-05	1e-05	1e-05	1e-05	1e-05	1e-05	1e-05	0.99979	1e-05	1e-05	1e-05	1e-05	1e-05	1e-05	JU2518
1e-05	1e-05	1e-05	1e-05	1e-05	1e-05	1e-05	1e-05	1e-05	1e-05	1e-05	0.99979	1e-05	1e-05	1e-05	1e-05	1e-05	1e-05	1e-05	1e-05	1e-05	1e-05	JU2536
1e-05	1e-05	1e-05	1e-05	1e-05	0.361734	1e-05	1e-05	0.071191	1e-05	1e-05	1.9e-05	1e-05	1e-05	0.062379	0.504507	1e-05	1e-05	1e-05	1e-05	1e-05	1e-05	JU2618
0.304403	1e-05	1e-05	1e-05	1e-05	1e-05	1e-05	1e-05	0.177596	1e-05	1e-05	1e-05	1e-05	1e-05	0.450849	1e-05	1e-05	1e-05	0.066972	1e-05	1e-05	1e-05	JU2799
0.593788	1e-05	1e-05	1e-05	1e-05	0.225987	1e-05	1e-05	0.101592	0.000103	1e-05	1e-05	1e-05	1e-05	1e-05	0.002564	1e-05	1e-05	1e-05	1e-05	1e-05	0.075806	JU2836
1e-05	1e-05	1e-05	1e-05	1e-05	1e-05	1e-05	1e-05	1e-05	1e-05	0.99979	1e-05	1e-05	1e-05	1e-05	1e-05	1e-05	1e-05	1e-05	1e-05	1e-05	1e-05	JU2849
0.169244	1e-05	1e-05	1e-05	1e-05	1e-05	1e-05	1e-05	1e-05	1e-05	1e-05	1e-05	1e-05	1e-05	0.609905	1e-05	1e-05	1e-05	1e-05	1e-05	1e-05	0.220661	JU2861
0.927818	1e-05	1e-05	1e-05	1e-05	1e-05	1e-05	1e-05	1e-05	1e-05	1e-05	1e-05	1e-05	1e-05	0.071982	1e-05	1e-05	1e-05	1e-05	1e-05	1e-05	1e-05	JU2868
1.9e-05	1e-05	1e-05	1e-05	1.3e-05	1e-05	1e-05	1e-05	1e-05	1e-05	1e-05	0.999778	1e-05	1e-05	1e-05	1e-05	1e-05	1e-05	1e-05	1e-05	1e-05	1e-05	JU2872
1e-05	1e-05	1e-05	1e-05	1e-05	0.051946	1e-05	1e-05	1e-05	0.019777	0.024846	1e-05	1e-05	1e-05	0.90325	1e-05	1e-05	1e-05	1e-05	1e-05	1e-05	1e-05	JU2910
1e-05	0.99979	1e-05	1e-05	1e-05	1e-05	1e-05	1e-05	1e-05	1e-05	1e-05	1e-05	1e-05	1e-05	1e-05	1e-05	1e-05	1e-05	1e-05	1e-05	1e-05	1e-05	JU3168
0.13351	1e-05	1e-05	1e-05	1e-05	1e-05	1e-05	1e-05	1e-05	1e-05	1e-05	1e-05	1e-05	1e-05	0.817725	1e-05	1e-05	1e-05	1e-05	1e-05	1e-05	0.048575	JU3171
1e-05	1e-05	1e-05	1e-05	1e-05	1e-05	1e-05	0.99979	1e-05	1e-05	1e-05	1e-05	1e-05	1e-05	1e-05	1e-05	1e-05	1e-05	1e-05	1e-05	1e-05	1e-05	JU3199
1e-05	1e-05	1e-05	1e-05	1e-05	1e-05	1e-05	0.99979	1e-05	1e-05	1e-05	1e-05	1e-05	1e-05	1e-05	1e-05	1e-05	1e-05	1e-05	1e-05	1e-05	1e-05	JU3200
1e-05	1e-05	1e-05	1e-05	1e-05	1e-05	1e-05	0.99979	1e-05	1e-05	1e-05	1e-05	1e-05	1e-05	1e-05	1e-05	1e-05	1e-05	1e-05	1e-05	1e-05	1e-05	JU3201
1e-05	1e-05	1e-05	1e-05	1e-05	1e-05	1e-05	0.99979	1e-05	1e-05	1e-05	1e-05	1e-05	1e-05	1e-05	1e-05	1e-05	1e-05	1e-05	1e-05	1e-05	1e-05	JU3202
1e-05	1e-05	1e-05	1e-05	1e-05	1e-05	1e-05	0.99979	1e-05	1e-05	1e-05	1e-05	1e-05	1e-05	1e-05	1e-05	1e-05	1e-05	1e-05	1e-05	1e-05	1e-05	JU3203
1e-05	1e-05	1e-05	1e-05	1e-05	1e-05	1e-05	0.99979	1e-05	1e-05	1e-05	1e-05	1e-05	1e-05	1e-05	1e-05	1e-05	1e-05	1e-05	1e-05	1e-05	1e-05	JU3206
0.209074	1e-05	1e-05	1e-05	1e-05	1e-05	1e-05	1e-05	1e-05	1e-05	1e-05	1e-05	1e-05	1e-05	0.790726	1e-05	1e-05	1e-05	1e-05	1e-05	1e-05	1e-05	JU3207
1e-05	1e-05	1e-05	1e-05	1e-05	1e-05	1e-05	1e-05	1e-05	0.999788	1e-05	1e-05	1e-05	1e-05	1.2e-05	1e-05	1e-05	1e-05	1e-05	1e-05	1e-05	1e-05	JU3237
0.542724	1e-05	1e-05	1e-05	1e-05	1e-05	1e-05	1e-05	1e-05	1e-05	1e-05	1e-05	1e-05	1e-05	1e-05	1e-05	1e-05	1e-05	1e-05	1e-05	1e-05	0.457076	JU3281
0.043829	1e-05	1e-05	1e-05	1e-05	1e-05	1e-05	1e-05	1e-05	1e-05	0.768806	1e-05	1e-05	1e-05	1e-05	1e-05	1e-05	1e-05	1e-05	1e-05	1e-05	0.187175	JU3319
1e-05	1e-05	1e-05	1e-05	1e-05	1e-05	1e-05	1e-05	1e-05	1e-05	1e-05	1e-05	1e-05	1e-05	1e-05	1e-05	1e-05	1e-05	1e-05	1e-05	1e-05	0.99979	JU3321
1e-05	1e-05	1e-05	1e-05	1.9e-05	1.1e-05	0.999771	1e-05	1e-05	1e-05	1e-05	1e-05	1e-05	1e-05	1e-05	1e-05	1e-05	1e-05	1.9e-05	1e-05	1e-05	1e-05	JU3326
1e-05	1e-05	1e-05	1e-05	1e-05	1e-05	1e-05	1e-05	1e-05	1e-05	1e-05	1e-05	1e-05	1e-05	1e-05	0.020057	1e-05	1e-05	0.020161	1e-05	1e-05	0.959592	JU3327
0.062828	1e-05	1e-05	1e-05	0.036617	1e-05	1e-05	1e-05	1e-05	1e-05	1e-05	0.900365	1e-05	1e-05	1e-05	1e-05	1e-05	1e-05	1e-05	1e-05	1e-05	1e-05	JU3416
0.011978	1e-05	1e-05	1e-05	1e-05	1e-05	1e-05	1e-05	1e-05	1e-05	1e-05	1e-05	1e-05	1e-05	1e-05	1e-05	1e-05	1e-05	1e-05	1e-05	1e-05	0.987822	JU4042
1e-05	1e-05	1e-05	1e-05	1e-05	1e-05	1e-05	1e-05	1e-05	1e-05	0.99979	1e-05	1e-05	1e-05	1e-05	1e-05	1e-05	1e-05	1e-05	1e-05	1e-05	1e-05	JU4051
0.006113	1e-05	1e-05	1e-05	1e-05	1e-05	1e-05	1e-05	1e-05	1e-05	0.993687	1e-05	1e-05	1e-05	1e-05	1e-05	1e-05	1.1e-05	1e-05	1e-05	1e-05	1e-05	JU4058
1e-05	1e-05	1e-05	1e-05	1e-05	1e-05	1e-05	1e-05	1e-05	1e-05	0.99979	1e-05	1e-05	1e-05	1e-05	1e-05	1e-05	1e-05	1e-05	1e-05	1e-05	1e-05	JU4060
1e-05	1e-05	1e-05	1e-05	1e-05	1e-05	1e-05	1e-05	1e-05	1e-05	0.99979	1e-05	1e-05	1e-05	1e-05	1e-05	1e-05	1e-05	1e-05	1e-05	1e-05	1e-05	JU4062
1e-05	1e-05	1e-05	1e-05	1e-05	1e-05	1e-05	1e-05	1e-05	1e-05	0.99979	1e-05	1e-05	1e-05	1e-05	1e-05	1e-05	1e-05	1e-05	1e-05	1e-05	1e-05	JU4064
0.419487	1e-05	1e-05	1e-05	1e-05	1e-05	1e-05	1e-05	1e-05	1e-05	1e-05	1e-05	1e-05	1e-05	1e-05	1e-05	1e-05	1e-05	1e-05	1e-05	1e-05	0.580313	JU4080
1e-05	1e-05	1e-05	1e-05	1e-05	1e-05	1e-05	1e-05	1e-05	1e-05	0.99979	1e-05	1e-05	1e-05	1e-05	1e-05	1e-05	1e-05	1e-05	1e-05	1e-05	1e-05	JU4084
1e-05	1e-05	1e-05	1e-05	1e-05	1e-05	1e-05	1e-05	1e-05	1e-05	0.99979	1e-05	1e-05	1e-05	1e-05	1e-05	1e-05	1e-05	1e-05	1e-05	1e-05	1e-05	JU4097
0.189978	1e-05	1e-05	1e-05	1e-05	1e-05	1e-05	1e-05	1e-05	1e-05	0.726543	1e-05	1e-05	1e-05	1e-05	1.2e-05	1e-05	1e-05	0.007839	1e-05	1e-05	0.075458	JU725
0.5637	1e-05	1e-05	1e-05	1e-05	1e-05	1e-05	1e-05	1e-05	1e-05	1e-05	1e-05	1e-05	1e-05	0.024111	1e-05	1e-05	1e-05	0.411999	1e-05	1e-05	1e-05	MY2716
0.566846	1e-05	1e-05	1e-05	1e-05	1e-05	1e-05	1e-05	1e-05	1e-05	1e-05	1e-05	1e-05	1e-05	0.432954	1e-05	1e-05	1e-05	1e-05	1e-05	1e-05	1e-05	MY539
1e-05	1e-05	1e-05	1e-05	1e-05	0.169399	1e-05	1e-05	1e-05	1.4e-05	1e-05	1e-05	1e-05	1e-05	0.076974	0.753433	1e-05	1e-05	1e-05	1e-05	1e-05	1e-05	NIC1050
1e-05	1e-05	1e-05	1e-05	1e-05	0.241469	1e-05	1e-05	1e-05	1e-05	1e-05	1e-05	1e-05	1e-05	0.098778	0.659563	1e-05	1e-05	1e-05	1e-05	1e-05	1e-05	NIC1052
1e-05	1e-05	1e-05	1e-05	1e-05	0.074735	1.1e-05	1e-05	0.101838	1e-05	1e-05	1e-05	1e-05	1e-05	1e-05	0.823236	1e-05	1e-05	1e-05	1e-05	1e-05	1e-05	NIC1054
0.01778	1e-05	1e-05	1e-05	1e-05	0.232529	1e-05	1e-05	1e-05	1.2e-05	1e-05	1e-05	1e-05	1e-05	1e-05	0.749498	1e-05	1e-05	1e-05	1e-05	1e-05	1e-05	NIC1055
1e-05	1e-05	1e-05	1e-05	1e-05	0.23473	1e-05	1e-05	0.074926	1e-05	1e-05	1e-05	1e-05	1e-05	1e-05	0.690152	1e-05	1e-05	1.2e-05	1e-05	1e-05	1e-05	NIC1057
1e-05	1e-05	1e-05	1e-05	1e-05	0.202606	1e-05	1e-05	1e-05	1e-05	1e-05	1e-05	1e-05	1e-05	1e-05	0.797194	1e-05	1e-05	1e-05	1e-05	1e-05	1e-05	NIC1058
1e-05	1e-05	1e-05	1e-05	1e-05	0.095206	1e-05	1e-05	1e-05	1e-05	1e-05	1e-05	1e-05	1e-05	1e-05	0.904594	1e-05	1e-05	1e-05	1e-05	1e-05	1e-05	NIC1059
1e-05	1e-05	1e-05	1e-05	1e-05	1e-05	1e-05	1e-05	1e-05	1e-05	1e-05	1e-05	1e-05	1e-05	1e-05	0.99979	1e-05	1e-05	1e-05	1e-05	1e-05	1e-05	NIC1060
0.122277	1e-05	1e-05	1e-05	1e-05	0.185198	1e-05	1e-05	0.635577	1e-05	1e-05	1e-05	1e-05	1e-05	1e-05	0.056768	1e-05	1e-05	1e-05	1e-05	1e-05	1e-05	NIC1062
0.170806	1e-05	1e-05	1e-05	1e-05	1e-05	1e-05	1e-05	0.316058	1e-05	1e-05	1e-05	1e-05	1e-05	0.41274	0.100216	1e-05	1e-05	1e-05	1e-05	1e-05	1e-05	NIC1069
0.062464	1e-05	1e-05	1e-05	1e-05	0.213528	1e-05	1e-05	1e-05	1e-05	1e-05	1e-05	1e-05	1e-05	1e-05	0.723817	1e-05	1e-05	1e-05	1e-05	1e-05	1e-05	NIC1103
0.754603	1e-05	1e-05	1e-05	1e-05	0.023549	1e-05	1e-05	0.03984	1e-05	1e-05	1e-05	1e-05	1e-05	1e-05	0.181828	1e-05	1e-05	1e-05	1e-05	1e-05	1e-05	NIC1104
0.241673	1e-05	1e-05	1e-05	1e-05	0.172148	1e-05	1e-05	1e-05	1e-05	1e-05	1e-05	1e-05	1e-05	1e-05	0.247797	1e-05	1e-05	0.338202	1e-05	1e-05	1e-05	NIC1106
0.718007	1e-05	1e-05	1e-05	1e-05	1e-05	1e-05	1e-05	1e-05	1e-05	1e-05	1e-05	1e-05	1e-05	1e-05	1e-05	1e-05	1e-05	0.281793	1e-05	1e-05	1e-05	NIC1117
1e-05	1e-05	1e-05	1e-05	1.1e-05	1e-05	1e-05	1e-05	1e-05	1e-05	0.999789	1e-05	1e-05	1e-05	1e-05	1e-05	1e-05	1e-05	1e-05	1e-05	1e-05	1e-05	NIC1123
1e-05	1e-05	1e-05	1e-05	1e-05	1e-05	1e-05	1e-05	1e-05	1e-05	1e-05	1e-05	1e-05	1e-05	1e-05	0.99979	1e-05	1e-05	1e-05	1e-05	1e-05	1e-05	NIC1124
1e-05	1e-05	1e-05	1e-05	1e-05	1e-05	1e-05	1e-05	1e-05	1e-05	1e-05	1e-05	1e-05	1e-05	1e-05	0.99979	1e-05	1e-05	1e-05	1e-05	1e-05	1e-05	NIC1135
1e-05	1e-05	1e-05	1.4e-05	1e-05	1.8e-05	1e-05	1e-05	1e-05	1e-05	1.8e-05	1e-05	1e-05	1e-05	1e-05	0.999771	1e-05	1e-05	1e-05	1e-05	1e-05	1e-05	NIC1138
1e-05	1e-05	1e-05	1e-05	1e-05	1e-05	1e-05	1e-05	1e-05	1e-05	1.2e-05	1e-05	1e-05	1e-05	1e-05	0.999788	1e-05	1e-05	1e-05	1e-05	1e-05	1e-05	NIC1141
1e-05	1e-05	1e-05	1e-05	1e-05	1e-05	1e-05	1e-05	0.99979	1e-05	1e-05	1e-05	1e-05	1e-05	1e-05	1e-05	1e-05	1e-05	1e-05	1e-05	1e-05	1e-05	NIC115
1e-05	1e-05	1e-05	1e-05	1e-05	1e-05	1e-05	1e-05	0.99979	1e-05	1e-05	1e-05	1e-05	1e-05	1e-05	1e-05	1e-05	1e-05	1e-05	1e-05	1e-05	1e-05	NIC117
1e-05	1e-05	1e-05	1e-05	1e-05	1e-05	1e-05	1e-05	1e-05	1e-05	1e-05	1e-05	1e-05	1e-05	1e-05	0.99979	1e-05	1e-05	1e-05	1e-05	1e-05	1e-05	NIC1183
1e-05	1e-05	1e-05	1e-05	1e-05	1e-05	1e-05	1e-05	0.999783	1e-05	1e-05	1e-05	1e-05	1e-05	1e-05	1.6e-05	1e-05	1e-05	1e-05	1e-05	1e-05	1e-05	NIC119
1e-05	1e-05	1e-05	1e-05	1e-05	1e-05	1e-05	1e-05	1e-05	1e-05	1e-05	1e-05	1e-05	1e-05	1e-05	0.99979	1e-05	1e-05	1e-05	1e-05	1e-05	1e-05	NIC1190
0.602207	1e-05	1e-05	1e-05	1e-05	1e-05	1e-05	1e-05	1e-05	1e-05	1e-05	1e-05	1e-05	1e-05	1e-05	1e-05	1e-05	1e-05	0.397593	1e-05	1e-05	1e-05	NIC1202
0.503925	1e-05	1e-05	1e-05	1e-05	1e-05	1e-05	1e-05	1e-05	1e-05	1e-05	1e-05	1e-05	1e-05	1e-05	1e-05	1e-05	1e-05	0.495875	1e-05	1e-05	1e-05	NIC1204
1e-05	1e-05	1e-05	1e-05	1e-05	1e-05	1e-05	1e-05	1e-05	1e-05	1e-05	1e-05	1e-05	1e-05	1e-05	1e-05	1e-05	1e-05	1e-05	0.99979	1e-05	1e-05	NIC1205
0.125097	1e-05	1e-05	1e-05	1e-05	1e-05	1e-05	1e-05	1e-05	1e-05	1e-05	1e-05	1e-05	1e-05	1e-05	1e-05	1e-05	1e-05	1e-05	1e-05	1e-05	0.874703	NIC1218
1e-05	1e-05	1e-05	1e-05	1e-05	1e-05	1e-05	1e-05	1e-05	1e-05	1e-05	1e-05	1e-05	1e-05	1e-05	1e-05	1e-05	1e-05	1e-05	0.99979	1e-05	1e-05	NIC1220
0.44636	1e-05	1e-05	1e-05	1e-05	1e-05	1e-05	1e-05	1e-05	1e-05	1e-05	1e-05	1e-05	1e-05	1e-05	1e-05	1e-05	1e-05	0.55344	1e-05	1e-05	1e-05	NIC1221
1e-05	1e-05	1e-05	1e-05	1e-05	1e-05	1e-05	1e-05	0.99979	1e-05	1e-05	1e-05	1e-05	1e-05	1e-05	1e-05	1e-05	1e-05	1e-05	1e-05	1e-05	1e-05	NIC123
1e-05	1e-05	1e-05	1e-05	1e-05	1e-05	1e-05	1e-05	1e-05	1e-05	1e-05	1e-05	1e-05	1e-05	0.404502	0.595298	1e-05	1e-05	1e-05	1e-05	1e-05	1e-05	NIC1267
1e-05	1e-05	1e-05	1e-05	1e-05	1e-05	1e-05	1e-05	1e-05	1e-05	1e-05	1e-05	1e-05	1e-05	1e-05	0.99979	1e-05	1e-05	1e-05	1e-05	1e-05	1e-05	NIC1283
1e-05	1.8e-05	1e-05	1e-05	1e-05	0.131823	1.6e-05	1e-05	1e-05	1.2e-05	0.120052	1e-05	1e-05	1e-05	1e-05	0.74792	1e-05	1e-05	1e-05	1e-05	1e-05	1e-05	NIC1288
1e-05	1e-05	1e-05	1e-05	1e-05	1e-05	1e-05	1e-05	1e-05	1e-05	1e-05	1e-05	1e-05	1e-05	1e-05	0.99979	1e-05	1e-05	1e-05	1e-05	1e-05	1e-05	NIC1292
1e-05	1e-05	1e-05	1e-05	1e-05	1e-05	1e-05	1e-05	1e-05	1e-05	1e-05	1e-05	1e-05	1e-05	1e-05	0.99979	1e-05	1e-05	1e-05	1e-05	1e-05	1e-05	NIC1302
1e-05	1e-05	1e-05	1e-05	1e-05	1e-05	1e-05	1e-05	1e-05	1e-05	1e-05	1e-05	1e-05	1e-05	1e-05	0.99979	1e-05	1e-05	1e-05	1e-05	1e-05	1e-05	NIC1304
1e-05	1e-05	1e-05	1e-05	1e-05	1e-05	1e-05	1e-05	0.437476	1e-05	0.562324	1e-05	1e-05	1e-05	1e-05	1e-05	1e-05	1e-05	1e-05	1e-05	1e-05	1e-05	NIC1308
1e-05	1.4e-05	1e-05	1e-05	1e-05	1.8e-05	1.2e-05	1e-05	1e-05	1e-05	1e-05	1.7e-05	1e-05	1e-05	1e-05	0.999769	1e-05	1e-05	1e-05	1e-05	1e-05	1e-05	NIC1407
1e-05	1e-05	1e-05	1e-05	1e-05	0.154333	1e-05	1e-05	0.692213	1e-05	1e-05	1e-05	1e-05	1e-05	1e-05	0.153264	1e-05	1e-05	1e-05	1e-05	1e-05	1e-05	NIC1421
1e-05	1e-05	1.3e-05	1e-05	1e-05	0.160215	1e-05	1.4e-05	1e-05	1.4e-05	1e-05	1e-05	1e-05	1e-05	1e-05	0.839572	1e-05	1e-05	1e-05	1.1e-05	1e-05	1e-05	NIC1423
1e-05	1e-05	1e-05	1e-05	1e-05	1e-05	1e-05	1e-05	1e-05	1e-05	1e-05	1e-05	1e-05	1e-05	1e-05	0.99979	1e-05	1e-05	1e-05	1e-05	1e-05	1e-05	NIC1442
1e-05	1e-05	1e-05	1e-05	1e-05	1e-05	1e-05	1e-05	1e-05	1e-05	1.6e-05	1e-05	1e-05	1e-05	1e-05	0.999784	1e-05	1e-05	1e-05	1e-05	1e-05	1e-05	NIC1491
1e-05	1e-05	1e-05	1e-05	1e-05	1e-05	1e-05	1e-05	1e-05	1e-05	1e-05	1e-05	1e-05	1e-05	0.99979	1e-05	1e-05	1e-05	1e-05	1e-05	1e-05	1e-05	NIC1525
1e-05	1e-05	1e-05	1e-05	1e-05	1e-05	1e-05	1e-05	1e-05	1e-05	1e-05	1e-05	1e-05	1e-05	0.99979	1e-05	1e-05	1e-05	1e-05	1e-05	1e-05	1e-05	NIC1528
1e-05	1e-05	1e-05	1e-05	1e-05	1e-05	1e-05	1e-05	1e-05	1e-05	1e-05	1e-05	1e-05	1e-05	0.99979	1e-05	1e-05	1e-05	1e-05	1e-05	1e-05	1e-05	NIC1529
1e-05	1e-05	1e-05	1e-05	1e-05	1e-05	1e-05	1e-05	1e-05	1e-05	1e-05	1e-05	1e-05	1e-05	0.99979	1e-05	1e-05	1e-05	1e-05	1e-05	1e-05	1e-05	NIC1533
1e-05	1e-05	1e-05	1e-05	1e-05	1e-05	1e-05	1e-05	1e-05	1e-05	1e-05	1e-05	1e-05	1e-05	0.99979	1e-05	1e-05	1e-05	1e-05	1e-05	1e-05	1e-05	NIC1535
1e-05	1e-05	1e-05	1e-05	1e-05	1e-05	1e-05	1e-05	1e-05	1e-05	1e-05	1e-05	1e-05	0.99979	1e-05	1e-05	1e-05	1e-05	1e-05	1e-05	1e-05	1e-05	NIC1539
1e-05	1e-05	1e-05	0.99979	1e-05	1e-05	1e-05	1e-05	1e-05	1e-05	1e-05	1e-05	1e-05	1e-05	1e-05	1e-05	1e-05	1e-05	1e-05	1e-05	1e-05	1e-05	NIC1540
1e-05	1e-05	1e-05	1e-05	0.178566	1e-05	1e-05	1e-05	1e-05	1e-05	1e-05	1e-05	1e-05	0.821234	1e-05	1e-05	1e-05	1e-05	1e-05	1e-05	1e-05	1e-05	NIC1562
1e-05	1e-05	1e-05	0.99979	1e-05	1e-05	1e-05	1e-05	1e-05	1e-05	1e-05	1e-05	1e-05	1e-05	1e-05	1e-05	1e-05	1e-05	1e-05	1e-05	1e-05	1e-05	NIC1589
1e-05	1e-05	1e-05	1e-05	0.999788	1e-05	1e-05	1e-05	1e-05	1e-05	1e-05	1.1e-05	1e-05	1e-05	1e-05	1e-05	1e-05	1e-05	1e-05	1e-05	1e-05	1e-05	NIC1590
1e-05	1e-05	1e-05	1e-05	1e-05	1e-05	1e-05	1.6e-05	1e-05	1e-05	1e-05	1e-05	1.3e-05	1e-05	1e-05	1.6e-05	1.1e-05	1e-05	1e-05	1e-05	0.999775	1e-05	NIC1591
1e-05	1e-05	1e-05	0.99979	1e-05	1e-05	1e-05	1e-05	1e-05	1e-05	1e-05	1e-05	1e-05	1e-05	1e-05	1e-05	1e-05	1e-05	1e-05	1e-05	1e-05	1e-05	NIC1593
1e-05	1e-05	1e-05	1e-05	1e-05	1e-05	1e-05	1e-05	1e-05	1e-05	1e-05	1e-05	1e-05	1e-05	1e-05	1e-05	1e-05	1e-05	1e-05	0.99979	1e-05	1e-05	NIC1595
0.001286	1e-05	1e-05	1e-05	0.087423	1e-05	1e-05	1e-05	1e-05	1e-05	1e-05	1e-05	1e-05	0.911101	1e-05	1e-05	1e-05	1e-05	1e-05	1e-05	1e-05	1e-05	NIC1598
1e-05	1e-05	1e-05	1e-05	1.5e-05	1e-05	1.4e-05	1e-05	1.5e-05	1e-05	1e-05	1.2e-05	1e-05	0.999773	1e-05	1e-05	1e-05	1e-05	1e-05	1.1e-05	1e-05	1e-05	NIC1602
1.3e-05	1e-05	1e-05	1e-05	1e-05	1e-05	1e-05	1e-05	1e-05	1.3e-05	1e-05	1e-05	0.999784	1e-05	1e-05	1e-05	1e-05	1e-05	1e-05	1e-05	1e-05	1e-05	NIC1607
1e-05	1e-05	1e-05	1e-05	1e-05	1e-05	1e-05	1e-05	1e-05	1e-05	1e-05	1e-05	1e-05	1e-05	1e-05	1e-05	1e-05	1e-05	1e-05	1e-05	1e-05	0.99979	NIC1628
1e-05	1e-05	1e-05	1e-05	1e-05	1e-05	1e-05	1e-05	1e-05	1e-05	1e-05	1e-05	1e-05	0.99979	1e-05	1e-05	1e-05	1e-05	1e-05	1e-05	1e-05	1e-05	NIC1630
1e-05	1e-05	1e-05	1e-05	1e-05	1e-05	1e-05	1e-05	1e-05	1e-05	1e-05	1e-05	1e-05	1e-05	1e-05	1e-05	1e-05	1e-05	1e-05	0.99979	1e-05	1e-05	NIC1631
1e-05	1e-05	1e-05	1e-05	1e-05	1e-05	1e-05	1e-05	1e-05	1e-05	1e-05	0.99979	1e-05	1e-05	1e-05	1e-05	1e-05	1e-05	1e-05	1e-05	1e-05	1e-05	NIC1632
1e-05	1e-05	1e-05	1e-05	1e-05	1e-05	1e-05	1e-05	1e-05	1e-05	1e-05	0.99979	1e-05	1e-05	1e-05	1e-05	1e-05	1e-05	1e-05	1e-05	1e-05	1e-05	NIC1633
1e-05	1e-05	1e-05	1e-05	1e-05	1e-05	1.7e-05	1e-05	1e-05	1e-05	1.6e-05	0.999776	1e-05	1e-05	1e-05	1e-05	1e-05	1e-05	1e-05	1e-05	1e-05	1e-05	NIC1635
1e-05	1e-05	1e-05	1e-05	0.274088	1e-05	1e-05	1e-05	1e-05	1e-05	1e-05	1e-05	1e-05	0.725712	1e-05	1e-05	1e-05	1e-05	1e-05	1e-05	1e-05	1e-05	NIC1645
1e-05	1e-05	1e-05	1e-05	1e-05	1e-05	1e-05	1e-05	1e-05	1e-05	1e-05	1e-05	1e-05	1e-05	1e-05	1e-05	1e-05	1e-05	1e-05	0.99979	1e-05	1e-05	NIC1660
1e-05	1e-05	1e-05	1e-05	0.99979	1e-05	1e-05	1e-05	1e-05	1e-05	1e-05	1e-05	1e-05	1e-05	1e-05	1e-05	1e-05	1e-05	1e-05	1e-05	1e-05	1e-05	NIC1661
2e-05	1.3e-05	1e-05	1e-05	0.163114	1e-05	1.1e-05	1e-05	1e-05	1e-05	1e-05	1e-05	1e-05	1e-05	1e-05	1e-05	1e-05	1e-05	1e-05	0.836672	1e-05	1e-05	NIC1662
1e-05	1e-05	1e-05	1e-05	0.99978	1e-05	1e-05	1e-05	1e-05	1e-05	1e-05	1e-05	1e-05	2e-05	1e-05	1e-05	1e-05	1e-05	1e-05	1e-05	1e-05	1e-05	NIC1663
1e-05	1e-05	1e-05	1e-05	1e-05	1e-05	1e-05	1e-05	1e-05	1e-05	1e-05	1e-05	1e-05	1e-05	1e-05	1e-05	1e-05	1e-05	1e-05	1e-05	0.99979	1e-05	NIC1664
1e-05	1e-05	1e-05	1e-05	1e-05	1e-05	1e-05	1e-05	1e-05	1e-05	1e-05	1e-05	1e-05	1e-05	1e-05	1e-05	1e-05	1e-05	1e-05	1e-05	0.99979	1e-05	NIC1665
1e-05	1e-05	1e-05	1e-05	0.99979	1e-05	1e-05	1e-05	1e-05	1e-05	1e-05	1e-05	1e-05	1e-05	1e-05	1e-05	1e-05	1e-05	1e-05	1e-05	1e-05	1e-05	NIC1666
1e-05	1e-05	1e-05	1e-05	1e-05	1e-05	1e-05	1e-05	1e-05	1e-05	1e-05	1e-05	1e-05	0.99979	1e-05	1e-05	1e-05	1e-05	1e-05	1e-05	1e-05	1e-05	NIC1667
1e-05	1e-05	1e-05	1e-05	0.696911	1e-05	1e-05	1e-05	1e-05	1e-05	1e-05	1e-05	1e-05	1e-05	1e-05	1e-05	1e-05	1e-05	1e-05	0.302889	1e-05	1e-05	NIC1681
0.428663	1e-05	1e-05	1e-05	1e-05	1e-05	1e-05	1e-05	1e-05	1e-05	1e-05	1e-05	1e-05	1e-05	1e-05	1e-05	1e-05	1e-05	0.571137	1e-05	1e-05	1e-05	NIC1688
1e-05	1e-05	1e-05	1e-05	0.99979	1e-05	1e-05	1e-05	1e-05	1e-05	1e-05	1e-05	1e-05	1e-05	1e-05	1e-05	1e-05	1e-05	1e-05	1e-05	1e-05	1e-05	NIC1692
1e-05	1e-05	1e-05	1e-05	0.149055	1e-05	1e-05	1e-05	1e-05	1e-05	1e-05	1e-05	1.5e-05	1e-05	1e-05	1e-05	1e-05	1e-05	1e-05	0.850739	1e-05	1e-05	NIC1693
1.5e-05	1e-05	1e-05	1e-05	1e-05	1e-05	1e-05	1e-05	1e-05	1e-05	1e-05	1e-05	1e-05	1e-05	0.999785	1.1e-05	1e-05	1e-05	1e-05	1e-05	1e-05	1e-05	NIC17
1e-05	1e-05	1e-05	1e-05	1e-05	1e-05	1e-05	1e-05	1e-05	1e-05	1e-05	0.999788	1e-05	1e-05	1e-05	1.2e-05	1e-05	1e-05	1e-05	1e-05	1e-05	1e-05	NIC174
1e-05	1e-05	1e-05	1e-05	1e-05	1e-05	1e-05	1e-05	0.99979	1e-05	1e-05	1e-05	1e-05	1e-05	1e-05	1e-05	1e-05	1e-05	1e-05	1e-05	1e-05	1e-05	NIC187
1e-05	1e-05	1e-05	1e-05	1e-05	1e-05	1e-05	1e-05	0.938005	1e-05	1e-05	1e-05	1e-05	1e-05	1e-05	0.061795	1e-05	1e-05	1e-05	1e-05	1e-05	1e-05	NIC188
1e-05	1e-05	1e-05	0.191519	1e-05	1e-05	1e-05	1e-05	1e-05	1e-05	1e-05	1e-05	1.1e-05	1e-05	1e-05	1e-05	1e-05	1e-05	1e-05	1e-05	0.808279	1e-05	NIC19
1e-05	1e-05	1e-05	1e-05	1e-05	1e-05	1e-05	1e-05	0.99979	1e-05	1e-05	1e-05	1e-05	1e-05	1e-05	1e-05	1e-05	1e-05	1e-05	1e-05	1e-05	1e-05	NIC191
1e-05	1e-05	1e-05	0.89628	1.6e-05	1e-05	1e-05	1e-05	1e-05	1e-05	1e-05	1.5e-05	1.1e-05	1e-05	1e-05	1.2e-05	1e-05	1e-05	1e-05	1e-05	0.103506	1e-05	NIC20
1e-05	1e-05	1e-05	0.99979	1e-05	1e-05	1e-05	1e-05	1e-05	1e-05	1e-05	1e-05	1e-05	1e-05	1e-05	1e-05	1e-05	1e-05	1e-05	1e-05	1e-05	1e-05	NIC21
1e-05	1e-05	1e-05	0.99979	1e-05	1e-05	1e-05	1e-05	1e-05	1e-05	1e-05	1e-05	1e-05	1e-05	1e-05	1e-05	1e-05	1e-05	1e-05	1e-05	1e-05	1e-05	NIC22
1e-05	1e-05	1e-05	1e-05	1e-05	1e-05	1e-05	1e-05	1e-05	1e-05	0.99979	1e-05	1e-05	1e-05	1e-05	1e-05	1e-05	1e-05	1e-05	1e-05	1e-05	1e-05	NIC2369
1e-05	1e-05	1e-05	1e-05	1e-05	1e-05	1e-05	1e-05	0.99979	1e-05	1e-05	1e-05	1e-05	1e-05	1e-05	1e-05	1e-05	1e-05	1e-05	1e-05	1e-05	1e-05	NIC248
1e-05	1e-05	1e-05	1e-05	1e-05	1e-05	1e-05	1e-05	0.99979	1e-05	1e-05	1e-05	1e-05	1e-05	1e-05	1e-05	1e-05	1e-05	1e-05	1e-05	1e-05	1e-05	NIC250
0.096196	1e-05	1e-05	1e-05	1e-05	1e-05	1e-05	1e-05	1e-05	1e-05	1e-05	1e-05	1e-05	1e-05	1e-05	1e-05	1e-05	1e-05	1e-05	1e-05	1e-05	0.903604	NIC2527
1e-05	1.1e-05	1e-05	1e-05	1e-05	1e-05	1.1e-05	1e-05	2e-05	1e-05	1e-05	1e-05	1e-05	1e-05	1e-05	0.999778	1e-05	1e-05	1e-05	1e-05	1e-05	1e-05	NIC309
1e-05	1e-05	1e-05	1e-05	1e-05	1e-05	1e-05	1e-05	1e-05	1e-05	1e-05	1e-05	1e-05	1e-05	1e-05	0.99979	1e-05	1e-05	1e-05	1e-05	1e-05	1e-05	NIC325
1e-05	1e-05	1e-05	1e-05	1e-05	0.075672	1e-05	1e-05	1e-05	1e-05	1e-05	1e-05	1e-05	1e-05	1.6e-05	0.924122	1e-05	1e-05	1e-05	1e-05	1e-05	1e-05	NIC327
1e-05	1e-05	1e-05	1e-05	1e-05	1e-05	1e-05	1e-05	0.170894	1e-05	1e-05	1e-05	1e-05	1e-05	1e-05	0.828906	1e-05	1e-05	1e-05	1e-05	1e-05	1e-05	NIC329
1e-05	1e-05	1e-05	1e-05	1e-05	1e-05	1e-05	1e-05	1.1e-05	1.9e-05	1e-05	1e-05	1e-05	1e-05	0.060206	0.939584	1e-05	1e-05	1e-05	1e-05	1e-05	1e-05	NIC330
1e-05	1e-05	1e-05	1e-05	1e-05	0.125441	1e-05	1e-05	0.592981	1e-05	1e-05	1e-05	1e-05	1e-05	1e-05	0.281388	1e-05	1e-05	1e-05	1e-05	1e-05	1e-05	NIC331
1e-05	1e-05	1e-05	1e-05	1e-05	0.112018	1e-05	1e-05	1e-05	1e-05	1e-05	1e-05	1e-05	1e-05	1.7e-05	0.887775	1e-05	1e-05	1e-05	1e-05	1e-05	1e-05	NIC332
1e-05	1e-05	1e-05	1e-05	1e-05	1e-05	1e-05	1e-05	1e-05	1.2e-05	1e-05	1e-05	1e-05	1e-05	1e-05	0.999788	1e-05	1e-05	1e-05	1e-05	1e-05	1e-05	NIC333
0.754143	1e-05	1e-05	1e-05	1.2e-05	1e-05	1e-05	1e-05	1e-05	1e-05	0.022548	1e-05	1e-05	1e-05	1e-05	1e-05	1e-05	1e-05	1e-05	1e-05	1e-05	0.223117	NIC343
0.104485	1e-05	1e-05	1e-05	1e-05	1e-05	1e-05	1e-05	1e-05	1e-05	1e-05	1e-05	1e-05	1e-05	0.236998	0.658327	1e-05	1e-05	1e-05	1e-05	1e-05	1e-05	NIC392
1e-05	1.1e-05	1e-05	1e-05	1e-05	0.096073	1e-05	1e-05	1e-05	1e-05	1e-05	1e-05	1e-05	1e-05	1.6e-05	0.90372	1e-05	1e-05	1e-05	1e-05	1e-05	1e-05	NIC400
1e-05	1e-05	1e-05	1e-05	1e-05	0.074461	1.6e-05	1.1e-05	0.143325	1e-05	1e-05	1e-05	1.1e-05	1e-05	1e-05	0.782017	1e-05	1e-05	1e-05	1e-05	1e-05	1e-05	NIC402
1e-05	1e-05	1e-05	1e-05	1e-05	1e-05	1e-05	1e-05	1e-05	1e-05	0.99979	1e-05	1e-05	1e-05	1e-05	1e-05	1e-05	1e-05	1e-05	1e-05	1e-05	1e-05	NIC419
1e-05	1e-05	1e-05	1e-05	0.99979	1e-05	1e-05	1e-05	1e-05	1e-05	1e-05	1e-05	1e-05	1e-05	1e-05	1e-05	1e-05	1e-05	1e-05	1e-05	1e-05	1e-05	NIC504
1e-05	1e-05	1e-05	1e-05	0.99979	1e-05	1e-05	1e-05	1e-05	1e-05	1e-05	1e-05	1e-05	1e-05	1e-05	1e-05	1e-05	1e-05	1e-05	1e-05	1e-05	1e-05	NIC505
1e-05	1e-05	1e-05	1e-05	1e-05	1e-05	1e-05	1e-05	1e-05	1e-05	1e-05	1e-05	1e-05	0.99979	1e-05	1e-05	1e-05	1e-05	1e-05	1e-05	1e-05	1e-05	NIC518
1e-05	1e-05	1e-05	1e-05	1.6e-05	1e-05	1e-05	1e-05	1e-05	1e-05	1e-05	1e-05	1e-05	0.91462	1e-05	1e-05	1e-05	1e-05	1e-05	0.085173	1e-05	1e-05	NIC519
1e-05	1e-05	1e-05	1e-05	1e-05	1e-05	1e-05	1e-05	0.99979	1e-05	1e-05	1e-05	1e-05	1e-05	1e-05	1e-05	1e-05	1e-05	1e-05	1e-05	1e-05	1e-05	NIC532
1e-05	1e-05	1e-05	1e-05	1e-05	0.065649	1e-05	1e-05	0.253368	0.303894	1e-05	1e-05	1e-05	1e-05	1e-05	0.376909	1e-05	1e-05	1e-05	1e-05	1e-05	1e-05	NIC541
1e-05	1e-05	1e-05	1e-05	1e-05	1e-05	1e-05	1e-05	0.99979	1e-05	1e-05	1e-05	1e-05	1e-05	1e-05	1e-05	1e-05	1e-05	1e-05	1e-05	1e-05	1e-05	NIC549
0.043995	1e-05	1e-05	1e-05	1e-05	1e-05	1e-05	1e-05	0.837673	1e-05	1e-05	1e-05	1e-05	1e-05	0.118135	1.7e-05	1e-05	1e-05	1e-05	1e-05	1e-05	1e-05	NIC552
1e-05	1e-05	1e-05	1e-05	1e-05	0.134787	1e-05	1e-05	0.865013	1e-05	1e-05	1e-05	1e-05	1e-05	1e-05	1e-05	1e-05	1e-05	1e-05	1e-05	1e-05	1e-05	NIC555
1e-05	1e-05	1e-05	1e-05	1e-05	1e-05	1e-05	1e-05	0.99979	1e-05	1e-05	1e-05	1e-05	1e-05	1e-05	1e-05	1e-05	1e-05	1e-05	1e-05	1e-05	1e-05	NIC574
1e-05	1e-05	1e-05	1e-05	1e-05	1e-05	1e-05	1e-05	0.99979	1e-05	1e-05	1e-05	1e-05	1e-05	1e-05	1e-05	1e-05	1e-05	1e-05	1e-05	1e-05	1e-05	NIC578
1e-05	1e-05	1e-05	1e-05	1e-05	1e-05	1e-05	1e-05	0.981226	1e-05	1e-05	1e-05	1e-05	1e-05	1e-05	0.018574	1e-05	1e-05	1e-05	1e-05	1e-05	1e-05	NIC583
1e-05	1e-05	1e-05	1e-05	1e-05	1e-05	1.6e-05	1e-05	0.70382	0.109287	1e-05	1e-05	1e-05	1e-05	1.7e-05	0.186689	1e-05	1e-05	1e-05	1e-05	1e-05	1e-05	NIC590
1e-05	1e-05	1e-05	1e-05	1e-05	1e-05	1e-05	1e-05	0.99979	1e-05	1e-05	1e-05	1e-05	1e-05	1e-05	1e-05	1e-05	1e-05	1e-05	1e-05	1e-05	1e-05	NIC593
1e-05	1e-05	1e-05	1e-05	1e-05	1e-05	1e-05	1e-05	0.185596	1e-05	1e-05	1e-05	1e-05	1e-05	1e-05	0.814203	1e-05	1e-05	1e-05	1e-05	1e-05	1e-05	NIC60
1e-05	1e-05	1e-05	1e-05	1e-05	1e-05	1e-05	1e-05	0.444261	1e-05	1e-05	1e-05	1e-05	1e-05	0.555539	1e-05	1e-05	1e-05	1e-05	1e-05	1e-05	1e-05	NIC61
1e-05	1e-05	1e-05	1e-05	1e-05	1e-05	1e-05	1e-05	0.720503	1e-05	1e-05	1e-05	1e-05	1e-05	1e-05	0.279297	1e-05	1e-05	1e-05	1e-05	1e-05	1e-05	NIC62
1e-05	1e-05	1e-05	1e-05	1e-05	1e-05	1e-05	1e-05	1e-05	1.7e-05	0.999783	1e-05	1e-05	1e-05	1e-05	1e-05	1e-05	1e-05	1e-05	1e-05	1e-05	1e-05	NIC67
1e-05	1e-05	1e-05	1e-05	1e-05	1e-05	1e-05	1e-05	0.863069	0.117476	1e-05	1e-05	1e-05	1e-05	1e-05	0.019265	1e-05	1e-05	1e-05	1e-05	1e-05	1e-05	NIC758
1e-05	1e-05	1e-05	1e-05	1e-05	0.074815	1e-05	1e-05	0.281499	1e-05	1e-05	1e-05	1e-05	1e-05	0.211764	0.431741	1e-05	1e-05	1e-05	1e-05	1e-05	1e-05	NIC777
1e-05	1e-05	1e-05	1e-05	0.99979	1e-05	1e-05	1e-05	1e-05	1e-05	1e-05	1e-05	1e-05	1e-05	1e-05	1e-05	1e-05	1e-05	1e-05	1e-05	1e-05	1e-05	NIC779
1e-05	1e-05	1e-05	1e-05	1e-05	1e-05	1e-05	1e-05	1.5e-05	1e-05	1e-05	1e-05	1e-05	1.1e-05	1e-05	1e-05	1e-05	1e-05	1e-05	1.1e-05	1e-05	0.999784	NIC790
1e-05	1e-05	1e-05	1e-05	1e-05	1e-05	1e-05	1e-05	1e-05	0.895857	1e-05	1e-05	1e-05	1e-05	1e-05	1e-05	1e-05	1e-05	0.103943	1e-05	1e-05	1e-05	NIC791
1e-05	1e-05	1e-05	1e-05	1e-05	1e-05	1e-05	1e-05	1e-05	0.293126	1e-05	1e-05	1e-05	1e-05	1e-05	1e-05	1e-05	1e-05	1e-05	1e-05	1e-05	0.706674	NIC792
0.770622	1e-05	1e-05	1e-05	1e-05	1e-05	1e-05	1e-05	1e-05	1e-05	1e-05	1e-05	1e-05	1e-05	1e-05	1e-05	1e-05	1e-05	1.5e-05	1e-05	1e-05	0.229173	NIC793
1e-05	1e-05	1e-05	1e-05	1e-05	1e-05	1e-05	1e-05	1e-05	1e-05	1e-05	1e-05	1e-05	1e-05	1e-05	1e-05	1e-05	1e-05	1e-05	1e-05	1e-05	0.99979	NIC795
1e-05	1e-05	1e-05	1e-05	1e-05	1e-05	1e-05	1e-05	1e-05	1e-05	1e-05	1e-05	1e-05	1e-05	1e-05	1e-05	1e-05	1e-05	1e-05	1e-05	1e-05	0.99979	NIC796
1e-05	1e-05	1e-05	1e-05	1e-05	1e-05	1e-05	1e-05	1e-05	1e-05	1e-05	1e-05	1e-05	1e-05	1e-05	1e-05	1e-05	1e-05	1e-05	1e-05	1e-05	0.99979	NIC802
1e-05	1e-05	1e-05	1e-05	1e-05	1.5e-05	1e-05	1e-05	1e-05	1e-05	1e-05	1e-05	1e-05	1e-05	1e-05	0.038404	1e-05	1e-05	1e-05	1e-05	1e-05	0.961391	NIC803
1e-05	1e-05	1e-05	1e-05	1e-05	1e-05	1e-05	1e-05	1e-05	1e-05	1e-05	1e-05	1e-05	1e-05	1e-05	1e-05	1e-05	1e-05	1e-05	0.99979	1e-05	1e-05	NIC805
0.620481	1e-05	1e-05	1e-05	1e-05	1e-05	1e-05	1e-05	1e-05	1e-05	1e-05	1e-05	1e-05	1e-05	1e-05	1e-05	1e-05	1e-05	0.200317	1e-05	1e-05	0.179013	NIC811
1e-05	1e-05	1e-05	1e-05	0.340774	1e-05	1e-05	1e-05	1e-05	1e-05	1e-05	1e-05	1e-05	1e-05	1e-05	1e-05	1e-05	1e-05	1e-05	0.659026	1e-05	1e-05	NIC814
1e-05	1e-05	1e-05	1e-05	1e-05	1e-05	1e-05	1e-05	1e-05	1e-05	1e-05	1e-05	1e-05	1e-05	1e-05	1e-05	1e-05	1e-05	1e-05	0.99979	1e-05	1e-05	NIC815
1e-05	1e-05	1e-05	1e-05	1e-05	1e-05	1e-05	1e-05	1e-05	1e-05	1e-05	1e-05	1e-05	1e-05	1e-05	1e-05	1e-05	1e-05	1e-05	1e-05	0.99979	1e-05	NIC816
1e-05	1e-05	1e-05	1e-05	2e-05	1e-05	1e-05	1e-05	1e-05	1e-05	1e-05	1e-05	0.999767	1.5e-05	1.8e-05	1e-05	1e-05	1e-05	1e-05	1e-05	1e-05	1e-05	NIC819
1e-05	1e-05	1e-05	1e-05	1e-05	1e-05	1e-05	1e-05	1e-05	1e-05	1e-05	1e-05	1e-05	1e-05	1e-05	0.063917	1e-05	1e-05	0.182904	1e-05	1e-05	0.752989	NIC821
1e-05	1e-05	1e-05	1e-05	0.216985	1e-05	1e-05	1e-05	1e-05	1e-05	1e-05	1e-05	1e-05	0.782814	1e-05	1e-05	1e-05	1.1e-05	1e-05	1e-05	1e-05	1e-05	NIC822
1e-05	1e-05	1e-05	1e-05	1e-05	1e-05	1e-05	1e-05	1e-05	1e-05	1e-05	1e-05	1e-05	1e-05	1e-05	1e-05	1e-05	1e-05	1e-05	0.99979	1e-05	1e-05	NIC824
1e-05	1e-05	1e-05	1.4e-05	1e-05	1e-05	1e-05	1e-05	1e-05	1e-05	1e-05	1e-05	1e-05	1.5e-05	1e-05	1e-05	1e-05	1e-05	1e-05	1e-05	0.999781	1e-05	NIC825
1e-05	1e-05	1e-05	1.4e-05	1e-05	1e-05	1e-05	1e-05	1e-05	1e-05	1e-05	1e-05	1e-05	1e-05	1e-05	1e-05	1e-05	1e-05	1e-05	1e-05	0.999786	1e-05	NIC827
1e-05	1.8e-05	1e-05	1e-05	1e-05	1e-05	1e-05	1e-05	1e-05	1e-05	1e-05	1e-05	1e-05	1.4e-05	1e-05	1.4e-05	1e-05	1e-05	1e-05	1e-05	0.999773	1e-05	NIC828
1e-05	1e-05	1e-05	1e-05	0.999782	1e-05	1e-05	1e-05	1e-05	1e-05	1e-05	1e-05	1e-05	1e-05	1e-05	1e-05	1e-05	1e-05	1.1e-05	1.6e-05	1e-05	1e-05	NIC863
1e-05	1e-05	1e-05	1e-05	1e-05	1e-05	1e-05	1e-05	1e-05	1e-05	1e-05	1e-05	1e-05	1.1e-05	1e-05	1e-05	1e-05	1e-05	1e-05	0.999789	1e-05	1e-05	NIC864
1e-05	1e-05	1e-05	1e-05	0.999787	1e-05	1e-05	1e-05	1e-05	1e-05	1e-05	1e-05	1e-05	1.3e-05	1e-05	1e-05	1e-05	1e-05	1e-05	1e-05	1e-05	1e-05	NIC865
0.151533	1e-05	1e-05	1e-05	1e-05	1e-05	1e-05	1e-05	1e-05	1e-05	1e-05	1e-05	1e-05	1e-05	1e-05	1e-05	1e-05	1e-05	1e-05	1e-05	1e-05	0.848267	NIC871
0.461188	1e-05	1e-05	1e-05	1e-05	1e-05	1e-05	1e-05	1e-05	1e-05	1e-05	1e-05	1e-05	1e-05	1e-05	1e-05	1e-05	1e-05	0.452547	1e-05	1e-05	0.086075	NIC883
1e-05	1e-05	1e-05	1e-05	1e-05	1e-05	1e-05	1e-05	1e-05	1e-05	1e-05	1e-05	1e-05	1e-05	1e-05	1e-05	1e-05	1e-05	1e-05	0.99979	1e-05	1e-05	NIC889
1e-05	0.99979	1e-05	1e-05	1e-05	1e-05	1e-05	1e-05	1e-05	1e-05	1e-05	1e-05	1e-05	1e-05	1e-05	1e-05	1e-05	1e-05	1e-05	1e-05	1e-05	1e-05	NIC893
1e-05	1.9e-05	1e-05	1e-05	0.124139	1e-05	1e-05	1e-05	1e-05	1e-05	1e-05	1.6e-05	1e-05	1e-05	1e-05	1e-05	1e-05	1e-05	1e-05	0.875646	1e-05	1e-05	NIC897
1e-05	1e-05	1e-05	1e-05	1e-05	1e-05	1e-05	1e-05	1e-05	1e-05	1e-05	0.99979	1e-05	1e-05	1e-05	1e-05	1e-05	1e-05	1e-05	1e-05	1e-05	1e-05	NIC899
1e-05	1e-05	1e-05	1e-05	1e-05	1e-05	1e-05	1e-05	1e-05	1e-05	1e-05	1e-05	1e-05	1e-05	0.99979	1e-05	1e-05	1e-05	1e-05	1e-05	1e-05	1e-05	NIC901
0.273876	1e-05	1e-05	1e-05	1e-05	1e-05	1e-05	1e-05	0.018377	1e-05	1e-05	1e-05	1e-05	1e-05	0.599333	0.108235	1e-05	1e-05	1e-05	1e-05	1e-05	1e-05	NIC911
1e-05	1e-05	1e-05	1e-05	1e-05	1e-05	1e-05	1e-05	1e-05	1e-05	1e-05	1e-05	1e-05	1e-05	1e-05	0.99979	1e-05	1e-05	1e-05	1e-05	1e-05	1e-05	NIC96
0.203738	1e-05	1e-05	1e-05	1e-05	1e-05	1e-05	1e-05	1e-05	1e-05	1e-05	1e-05	1e-05	1e-05	0.52723	0.06916	1e-05	1e-05	1e-05	1e-05	1e-05	0.199692	NIC984
0.270464	1e-05	1e-05	1e-05	1e-05	1e-05	1e-05	1e-05	1e-05	1e-05	0.172224	1e-05	1e-05	1e-05	0.498706	0.058426	1e-05	1e-05	1e-05	1e-05	1e-05	1e-05	NIC985
1e-05	1e-05	1e-05	1e-05	1e-05	1e-05	1e-05	1e-05	1e-05	1e-05	1e-05	0.99979	1e-05	1e-05	1e-05	1e-05	1e-05	1e-05	1e-05	1e-05	1e-05	1e-05	PB800
1e-05	1e-05	1e-05	1e-05	1e-05	1e-05	1.1e-05	1e-05	1e-05	1e-05	1e-05	0.999789	1e-05	1e-05	1e-05	1e-05	1e-05	1e-05	1e-05	1e-05	1e-05	1e-05	PB857
1e-05	1e-05	1e-05	1e-05	1e-05	1e-05	1e-05	1e-05	1e-05	1e-05	1e-05	1e-05	1e-05	1e-05	0.580784	1e-05	1e-05	1e-05	1e-05	1e-05	1e-05	0.419016	PE887
1e-05	1e-05	1e-05	1e-05	1e-05	0.875356	1e-05	1e-05	1e-05	1e-05	1e-05	1e-05	1e-05	1e-05	1e-05	0.124444	1e-05	1e-05	1e-05	1e-05	1e-05	1e-05	QG1005
1e-05	1e-05	1e-05	1e-05	1e-05	0.99979	1e-05	1e-05	1e-05	1e-05	1e-05	1e-05	1e-05	1e-05	1e-05	1e-05	1e-05	1e-05	1e-05	1e-05	1e-05	1e-05	QG1007
1e-05	1e-05	1e-05	1e-05	1e-05	0.99979	1e-05	1e-05	1e-05	1e-05	1e-05	1e-05	1e-05	1e-05	1e-05	1e-05	1e-05	1e-05	1e-05	1e-05	1e-05	1e-05	QG1111
1e-05	1e-05	1e-05	1e-05	1e-05	0.999785	1e-05	1e-05	1e-05	1e-05	1e-05	1e-05	1e-05	1e-05	1e-05	1.5e-05	1e-05	1e-05	1e-05	1e-05	1e-05	1e-05	QG1126
1e-05	1e-05	1e-05	1e-05	1e-05	0.99979	1e-05	1e-05	1e-05	1e-05	1e-05	1e-05	1e-05	1e-05	1e-05	1e-05	1e-05	1e-05	1e-05	1e-05	1e-05	1e-05	QG1141
0.012709	1e-05	1e-05	1e-05	1e-05	0.987091	1e-05	1e-05	1e-05	1e-05	1e-05	1e-05	1e-05	1e-05	1e-05	1e-05	1e-05	1e-05	1e-05	1e-05	1e-05	1e-05	QG1155
0.99979	1e-05	1e-05	1e-05	1e-05	1e-05	1e-05	1e-05	1e-05	1e-05	1e-05	1e-05	1e-05	1e-05	1e-05	1e-05	1e-05	1e-05	1e-05	1e-05	1e-05	1e-05	QG130
0.978267	1e-05	1e-05	1e-05	1e-05	1e-05	1e-05	1e-05	0.019692	1e-05	1e-05	1e-05	1e-05	1e-05	1e-05	0.00185	1e-05	1e-05	1e-05	1e-05	1e-05	1e-05	QG132
1e-05	1e-05	1e-05	1e-05	0.99979	1e-05	1e-05	1e-05	1e-05	1e-05	1e-05	1e-05	1e-05	1e-05	1e-05	1e-05	1e-05	1e-05	1e-05	1e-05	1e-05	1e-05	QG133
1e-05	1e-05	1e-05	1e-05	1e-05	0.99979	1e-05	1e-05	1e-05	1e-05	1e-05	1e-05	1e-05	1e-05	1e-05	1e-05	1e-05	1e-05	1e-05	1e-05	1e-05	1e-05	QG2641
1e-05	1e-05	1e-05	1e-05	1e-05	0.99979	1e-05	1e-05	1e-05	1e-05	1e-05	1e-05	1e-05	1e-05	1e-05	1e-05	1e-05	1e-05	1e-05	1e-05	1e-05	1e-05	QG2648
1e-05	1e-05	1e-05	1e-05	1e-05	0.99979	1e-05	1e-05	1e-05	1e-05	1e-05	1e-05	1e-05	1e-05	1e-05	1e-05	1e-05	1e-05	1e-05	1e-05	1e-05	1e-05	QG2659
1e-05	1e-05	1e-05	1e-05	1e-05	0.99979	1e-05	1e-05	1e-05	1e-05	1e-05	1e-05	1e-05	1e-05	1e-05	1e-05	1e-05	1e-05	1e-05	1e-05	1e-05	1e-05	QG2663
1e-05	1e-05	1e-05	1e-05	1e-05	0.99979	1e-05	1e-05	1e-05	1e-05	1e-05	1e-05	1e-05	1e-05	1e-05	1e-05	1e-05	1e-05	1e-05	1e-05	1e-05	1e-05	QG2665
1e-05	1e-05	1e-05	1e-05	1e-05	0.999789	1e-05	1e-05	1e-05	1e-05	1e-05	1e-05	1e-05	1e-05	1.1e-05	1e-05	1e-05	1e-05	1e-05	1e-05	1e-05	1e-05	QG2683
1e-05	1e-05	1e-05	1e-05	1e-05	0.99979	1e-05	1e-05	1e-05	1e-05	1e-05	1e-05	1e-05	1e-05	1e-05	1e-05	1e-05	1e-05	1e-05	1e-05	1e-05	1e-05	QG2736
0.770934	1e-05	1e-05	1e-05	1e-05	1e-05	1e-05	1e-05	1e-05	1e-05	1e-05	1e-05	1e-05	1e-05	1e-05	1e-05	1e-05	1e-05	0.228866	1e-05	1e-05	1e-05	QG2814
0.077028	1e-05	1e-05	1e-05	1e-05	1e-05	1e-05	1.5e-05	1e-05	1e-05	1e-05	1e-05	1e-05	1e-05	0.157766	1e-05	1e-05	1e-05	1e-05	1e-05	1e-05	0.765011	QG2820
0.77266	1e-05	1e-05	1e-05	1e-05	1e-05	1e-05	1e-05	1e-05	1e-05	1e-05	1e-05	1e-05	1e-05	1e-05	1e-05	1e-05	1e-05	1e-05	1e-05	1e-05	0.22714	QG2848
1e-05	1e-05	1e-05	1e-05	1e-05	1e-05	1e-05	1e-05	1e-05	0.99979	1e-05	1e-05	1e-05	1e-05	1e-05	1e-05	1e-05	1e-05	1e-05	1e-05	1e-05	1e-05	QG2880
0.99979	1e-05	1e-05	1e-05	1e-05	1e-05	1e-05	1e-05	1e-05	1e-05	1e-05	1e-05	1e-05	1e-05	1e-05	1e-05	1e-05	1e-05	1e-05	1e-05	1e-05	1e-05	QG2881
0.99979	1e-05	1e-05	1e-05	1e-05	1e-05	1e-05	1e-05	1e-05	1e-05	1e-05	1e-05	1e-05	1e-05	1e-05	1e-05	1e-05	1e-05	1e-05	1e-05	1e-05	1e-05	QG2883
1e-05	1e-05	1e-05	1e-05	1e-05	1e-05	1e-05	1e-05	1e-05	0.99979	1e-05	1e-05	1e-05	1e-05	1e-05	1e-05	1e-05	1e-05	1e-05	1e-05	1e-05	1e-05	QG2884
1e-05	1e-05	0.999786	1e-05	1e-05	1e-05	1e-05	1e-05	1e-05	1e-05	1.1e-05	1.2e-05	1e-05	1e-05	1e-05	1e-05	1e-05	1e-05	1e-05	1e-05	1e-05	1e-05	QG2891
1e-05	1e-05	1e-05	1e-05	1e-05	1e-05	1e-05	1e-05	1e-05	0.99979	1e-05	1e-05	1e-05	1e-05	1e-05	1e-05	1e-05	1e-05	1e-05	1e-05	1e-05	1e-05	QG2892
1e-05	1e-05	1e-05	1e-05	1e-05	1e-05	1e-05	1e-05	1e-05	1e-05	1e-05	1e-05	1e-05	1e-05	1e-05	1e-05	0.99979	1e-05	1e-05	1e-05	1e-05	1e-05	QG2893
1e-05	1e-05	1e-05	1e-05	1e-05	1e-05	1e-05	1e-05	1e-05	0.99979	1e-05	1e-05	1e-05	1e-05	1e-05	1e-05	1e-05	1e-05	1e-05	1e-05	1e-05	1e-05	QG2895
1e-05	1e-05	1e-05	1e-05	1e-05	1e-05	1e-05	1e-05	1e-05	0.99979	1e-05	1e-05	1e-05	1e-05	1e-05	1e-05	1e-05	1e-05	1e-05	1e-05	1e-05	1e-05	QG2902
1e-05	1e-05	1e-05	1e-05	1e-05	1e-05	1e-05	1e-05	1e-05	0.99979	1e-05	1e-05	1e-05	1e-05	1e-05	1e-05	1e-05	1e-05	1e-05	1e-05	1e-05	1e-05	QG2903
1e-05	1e-05	1e-05	1e-05	1e-05	1e-05	1e-05	1e-05	1e-05	0.99979	1e-05	1e-05	1e-05	1e-05	1e-05	1e-05	1e-05	1e-05	1e-05	1e-05	1e-05	1e-05	QG2906
1e-05	1e-05	1e-05	1e-05	1e-05	1e-05	1e-05	1e-05	1e-05	1e-05	1e-05	1e-05	1e-05	1e-05	1e-05	1e-05	0.99979	1e-05	1e-05	1e-05	1e-05	1e-05	QG2908
0.275497	1e-05	1e-05	1e-05	1e-05	1e-05	1e-05	1e-05	1e-05	1e-05	1e-05	1e-05	1e-05	1e-05	1e-05	0.008728	1e-05	1e-05	1e-05	1e-05	1e-05	0.715585	QG2910
1e-05	1e-05	0.605621	1e-05	1e-05	1.9e-05	1e-05	1.5e-05	1e-05	1e-05	1e-05	1.4e-05	1e-05	1e-05	1.7e-05	1e-05	0.394153	1e-05	1e-05	1.2e-05	1e-05	1e-05	QG2919
1e-05	1e-05	1e-05	1e-05	1e-05	1e-05	1e-05	1e-05	1e-05	0.99979	1e-05	1e-05	1e-05	1e-05	1e-05	1e-05	1e-05	1e-05	1e-05	1e-05	1e-05	1e-05	QG2923
1e-05	1e-05	1e-05	1e-05	1e-05	1e-05	1e-05	1e-05	1e-05	0.99979	1e-05	1e-05	1e-05	1e-05	1e-05	1e-05	1e-05	1e-05	1e-05	1e-05	1e-05	1e-05	QG2925
1e-05	1e-05	1e-05	1e-05	1e-05	0.99979	1e-05	1e-05	1e-05	1e-05	1e-05	1e-05	1e-05	1e-05	1e-05	1e-05	1e-05	1e-05	1e-05	1e-05	1e-05	1e-05	QG2964
0.281912	1e-05	1e-05	1e-05	1e-05	0.59181	1e-05	1e-05	0.094399	1e-05	1e-05	1e-05	1e-05	1e-05	1e-05	0.031699	1e-05	1e-05	1e-05	1e-05	1e-05	1e-05	QG2966
1e-05	1e-05	1e-05	1e-05	1e-05	0.99979	1e-05	1e-05	1e-05	1e-05	1e-05	1e-05	1e-05	1e-05	1e-05	1e-05	1e-05	1e-05	1e-05	1e-05	1e-05	1e-05	QG2969
1e-05	1e-05	1e-05	1e-05	1e-05	0.99979	1e-05	1e-05	1e-05	1e-05	1e-05	1e-05	1e-05	1e-05	1e-05	1e-05	1e-05	1e-05	1e-05	1e-05	1e-05	1e-05	QG2972
1e-05	1e-05	1e-05	1e-05	1e-05	0.99979	1e-05	1e-05	1e-05	1e-05	1e-05	1e-05	1e-05	1e-05	1e-05	1e-05	1e-05	1e-05	1e-05	1e-05	1e-05	1e-05	QG2996
0.078368	1e-05	1e-05	1e-05	1e-05	0.736305	1e-05	1e-05	1.1e-05	1e-05	1e-05	1e-05	1e-05	1e-05	1e-05	0.185136	1e-05	1e-05	1e-05	1e-05	1e-05	1e-05	QG3004
1e-05	1e-05	1e-05	1e-05	1e-05	0.999779	1e-05	1e-05	1e-05	1.6e-05	1e-05	1e-05	1e-05	1e-05	1e-05	1e-05	1e-05	1e-05	1e-05	1.4e-05	1e-05	1e-05	QG3006
1e-05	1e-05	1e-05	1e-05	1e-05	0.801208	1e-05	1e-05	1e-05	1e-05	1e-05	1e-05	1e-05	1e-05	1e-05	0.198592	1e-05	1e-05	1e-05	1e-05	1e-05	1e-05	QG3019
1e-05	1e-05	1e-05	1e-05	1e-05	0.99979	1e-05	1e-05	1e-05	1e-05	1e-05	1e-05	1e-05	1e-05	1e-05	1e-05	1e-05	1e-05	1e-05	1e-05	1e-05	1e-05	QG3025
1e-05	1e-05	1e-05	1e-05	1e-05	0.99979	1e-05	1e-05	1e-05	1e-05	1e-05	1e-05	1e-05	1e-05	1e-05	1e-05	1e-05	1e-05	1e-05	1e-05	1e-05	1e-05	QG3030
0.015853	1e-05	1e-05	1e-05	1e-05	0.695585	1e-05	1e-05	1e-05	1e-05	1e-05	1e-05	1e-05	1e-05	1e-05	0.288371	1e-05	1e-05	1e-05	1e-05	1e-05	1e-05	QG3032
1e-05	1e-05	1e-05	1e-05	1.7e-05	0.999783	1e-05	1e-05	1e-05	1e-05	1e-05	1e-05	1e-05	1e-05	1e-05	1e-05	1e-05	1e-05	1e-05	1e-05	1e-05	1e-05	QG3034
1e-05	1e-05	1e-05	1e-05	1.6e-05	0.999773	1.8e-05	1e-05	1e-05	1e-05	1.4e-05	1e-05	1e-05	1e-05	1e-05	1e-05	1e-05	1e-05	1e-05	1e-05	1e-05	1e-05	QG3041
1e-05	1e-05	1e-05	1e-05	1e-05	1e-05	1e-05	1e-05	0.832665	1e-05	1e-05	1e-05	1e-05	1e-05	1e-05	1e-05	1e-05	1e-05	1e-05	1e-05	1e-05	0.167135	QG3053
0.278571	1e-05	1e-05	1e-05	1e-05	0.582583	1e-05	1e-05	0.090008	1e-05	1e-05	1e-05	1e-05	1e-05	1e-05	0.048658	1e-05	1e-05	1e-05	1e-05	1e-05	1e-05	QG3056
1e-05	1e-05	1e-05	1e-05	1e-05	0.999783	1e-05	1e-05	1e-05	1.4e-05	1e-05	1e-05	1e-05	1e-05	1e-05	1e-05	1e-05	1e-05	1.3e-05	1e-05	1e-05	1e-05	QG3057
1e-05	1e-05	1e-05	1e-05	1e-05	0.891966	1e-05	1e-05	1e-05	1e-05	1e-05	1e-05	1e-05	1e-05	1e-05	0.107834	1e-05	1e-05	1e-05	1e-05	1e-05	1e-05	QG3058
1.3e-05	1e-05	1e-05	1e-05	1e-05	0.127288	1e-05	1e-05	0.789177	1e-05	1e-05	1e-05	1e-05	1e-05	1e-05	0.032467	1e-05	1e-05	1e-05	1e-05	1e-05	0.050885	QG3527
1e-05	1e-05	1e-05	1e-05	1e-05	1e-05	1e-05	1e-05	1e-05	1e-05	1e-05	0.99979	1e-05	1e-05	1e-05	1e-05	1e-05	1e-05	1e-05	1e-05	1e-05	1e-05	QG3661
1e-05	1e-05	1e-05	1e-05	1e-05	1e-05	1e-05	1e-05	0.874357	1e-05	1e-05	1e-05	1e-05	1e-05	1e-05	1e-05	1e-05	1e-05	1e-05	1e-05	1e-05	0.125443	QG3783
1e-05	1e-05	1e-05	1e-05	1e-05	0.876468	1e-05	1e-05	0.053625	1e-05	1e-05	1e-05	1e-05	1e-05	1e-05	0.069717	1e-05	1e-05	1e-05	1e-05	1e-05	1e-05	QG3801
1e-05	1e-05	1e-05	1e-05	1e-05	1e-05	1e-05	1e-05	0.99979	1e-05	1e-05	1e-05	1e-05	1e-05	1e-05	1e-05	1e-05	1e-05	1e-05	1e-05	1e-05	1e-05	QG3815
1e-05	1e-05	1e-05	1e-05	1e-05	1e-05	1e-05	1e-05	0.990577	1e-05	1e-05	1e-05	1e-05	1e-05	1e-05	1e-05	1e-05	1e-05	1e-05	1e-05	1e-05	0.009223	QG3816
1e-05	1e-05	1e-05	1e-05	1e-05	0.862101	1e-05	1e-05	1e-05	0.008216	0.010675	1e-05	1e-05	1e-05	1e-05	0.107313	1e-05	1e-05	0.011526	1e-05	1e-05	1e-05	QG3823
1e-05	1e-05	1e-05	1e-05	1e-05	1e-05	1e-05	1e-05	0.99979	1e-05	1e-05	1e-05	1e-05	1e-05	1e-05	1e-05	1e-05	1e-05	1e-05	1e-05	1e-05	1e-05	QG3825
1e-05	1e-05	1e-05	1e-05	1e-05	0.038555	1e-05	1e-05	0.961245	1e-05	1e-05	1e-05	1e-05	1e-05	1e-05	1e-05	1e-05	1e-05	1e-05	1e-05	1e-05	1e-05	QG3826
1e-05	1e-05	1e-05	1e-05	1e-05	1e-05	1e-05	1e-05	0.99979	1e-05	1e-05	1e-05	1e-05	1e-05	1e-05	1e-05	1e-05	1e-05	1e-05	1e-05	1e-05	1e-05	QG3837
1e-05	1e-05	1e-05	1e-05	1e-05	1e-05	1e-05	1e-05	0.894516	1e-05	1e-05	1e-05	1e-05	1e-05	1e-05	1e-05	1e-05	1e-05	1e-05	1e-05	1e-05	0.105284	QG3851
1e-05	1e-05	1e-05	1e-05	1e-05	1e-05	1e-05	1e-05	0.99979	1e-05	1e-05	1e-05	1e-05	1e-05	1e-05	1e-05	1e-05	1e-05	1e-05	1e-05	1e-05	1e-05	QG3861
1e-05	1e-05	1e-05	1e-05	1e-05	0.849593	1e-05	1e-05	0.103864	1e-05	1e-05	1e-05	1e-05	1e-05	1e-05	0.046353	1e-05	1e-05	1e-05	1e-05	1e-05	1e-05	QG3867
0.101324	1e-05	1e-05	1e-05	1e-05	1e-05	1e-05	1e-05	0.898476	1e-05	1e-05	1e-05	1e-05	1e-05	1e-05	1e-05	1e-05	1e-05	1e-05	1e-05	1e-05	1e-05	QG3874
1e-05	1e-05	1e-05	1e-05	1e-05	1e-05	1e-05	1e-05	0.99979	1e-05	1e-05	1e-05	1e-05	1e-05	1e-05	1e-05	1e-05	1e-05	1e-05	1e-05	1e-05	1e-05	QG3875
1e-05	1e-05	1e-05	1e-05	1e-05	1e-05	1e-05	1e-05	0.958514	1e-05	1e-05	1e-05	1e-05	1e-05	1e-05	1e-05	1e-05	1e-05	1e-05	1e-05	1e-05	0.041286	QG3876
1e-05	1e-05	1e-05	1e-05	1e-05	1e-05	1e-05	1e-05	0.99979	1e-05	1e-05	1e-05	1e-05	1e-05	1e-05	1e-05	1e-05	1e-05	1e-05	1e-05	1e-05	1e-05	QG3878
0.097797	1e-05	1e-05	1e-05	1e-05	1e-05	1e-05	1e-05	0.751173	1e-05	1e-05	1e-05	1e-05	1e-05	1e-05	0.15084	1e-05	1e-05	1e-05	1e-05	1e-05	1e-05	QG3920
0.085887	1e-05	1e-05	1e-05	1e-05	1e-05	1e-05	1e-05	0.70694	1e-05	1e-05	1e-05	1e-05	1e-05	0.033101	0.173892	1e-05	1e-05	1e-05	1e-05	1e-05	1e-05	QG3921
0.12455	1e-05	1e-05	1e-05	1e-05	1e-05	1e-05	1e-05	0.797947	1e-05	1e-05	1e-05	1e-05	1e-05	1e-05	0.077313	1e-05	1e-05	1e-05	1e-05	1e-05	1e-05	QG3923
0.2059	1e-05	1e-05	1e-05	1e-05	1e-05	1e-05	1e-05	0.094591	1e-05	1e-05	1e-05	1e-05	1e-05	1e-05	0.637077	1e-05	1e-05	1e-05	1e-05	1e-05	0.062252	QG3924
0.057653	1e-05	1e-05	1e-05	1e-05	1e-05	1e-05	1e-05	0.72406	1e-05	1e-05	1e-05	1e-05	1e-05	1e-05	0.218097	1e-05	1e-05	1e-05	1e-05	1e-05	1e-05	QG3925
0.061218	1e-05	1e-05	1e-05	1e-05	1e-05	1e-05	1e-05	0.74579	1e-05	1e-05	1e-05	1e-05	1e-05	1e-05	0.192802	1e-05	1e-05	1e-05	1e-05	1e-05	1e-05	QG3926
0.077942	1e-05	1e-05	1e-05	1e-05	1e-05	1e-05	1e-05	0.776113	1e-05	1e-05	1e-05	1e-05	1e-05	1e-05	0.145755	1e-05	1e-05	1e-05	1e-05	1e-05	1e-05	QG3927
0.048434	1e-05	1e-05	1e-05	1e-05	1e-05	1e-05	1e-05	0.359751	1e-05	1e-05	1e-05	1e-05	1e-05	1e-05	0.591625	1e-05	1e-05	1e-05	1e-05	1e-05	1e-05	QG3931
0.418756	1e-05	1e-05	1e-05	1e-05	1e-05	1e-05	1e-05	0.254121	1e-05	1e-05	1e-05	1e-05	1e-05	1e-05	0.326932	1e-05	1e-05	1e-05	1e-05	1e-05	1e-05	QG3932
0.314558	1e-05	1e-05	1e-05	1e-05	1e-05	1e-05	1e-05	0.556932	1e-05	1e-05	1e-05	1e-05	1e-05	0.12832	1e-05	1e-05	1e-05	1e-05	1e-05	1e-05	1e-05	QG3933
1e-05	1e-05	0.99979	1e-05	1e-05	1e-05	1e-05	1e-05	1e-05	1e-05	1e-05	1e-05	1e-05	1e-05	1e-05	1e-05	1e-05	1e-05	1e-05	1e-05	1e-05	1e-05	QG4026
1e-05	1e-05	0.99979	1e-05	1e-05	1e-05	1e-05	1e-05	1e-05	1e-05	1e-05	1e-05	1e-05	1e-05	1e-05	1e-05	1e-05	1e-05	1e-05	1e-05	1e-05	1e-05	QG4028
1e-05	1e-05	0.99979	1e-05	1e-05	1e-05	1e-05	1e-05	1e-05	1e-05	1e-05	1e-05	1e-05	1e-05	1e-05	1e-05	1e-05	1e-05	1e-05	1e-05	1e-05	1e-05	QG4031
1e-05	1e-05	0.99978	1e-05	1e-05	1e-05	1e-05	1e-05	1e-05	1e-05	1e-05	1e-05	1e-05	1e-05	1e-05	1e-05	2e-05	1e-05	1e-05	1e-05	1e-05	1e-05	QG4063
1e-05	1e-05	0.999782	1e-05	1e-05	1e-05	1e-05	1e-05	1e-05	1e-05	1e-05	1e-05	1e-05	1e-05	1e-05	1e-05	1.8e-05	1e-05	1e-05	1e-05	1e-05	1e-05	QG4064
1e-05	1e-05	0.99979	1e-05	1e-05	1e-05	1e-05	1e-05	1e-05	1e-05	1e-05	1e-05	1e-05	1e-05	1e-05	1e-05	1e-05	1e-05	1e-05	1e-05	1e-05	1e-05	QG4067
1e-05	1e-05	0.99979	1e-05	1e-05	1e-05	1e-05	1e-05	1e-05	1e-05	1e-05	1e-05	1e-05	1e-05	1e-05	1e-05	1e-05	1e-05	1e-05	1e-05	1e-05	1e-05	QG4068
0.326098	1e-05	1e-05	1e-05	1e-05	1e-05	1e-05	1e-05	1e-05	1e-05	1e-05	1e-05	1e-05	1e-05	0.407113	1e-05	1e-05	1e-05	1e-05	1e-05	1e-05	0.266599	QG4070
1e-05	1e-05	1e-05	1e-05	1e-05	1e-05	1e-05	1e-05	1e-05	1e-05	1e-05	1e-05	1e-05	1e-05	1e-05	1e-05	0.99979	1e-05	1e-05	1e-05	1e-05	1e-05	QG4093
1e-05	1e-05	0.648327	1.7e-05	1e-05	1.1e-05	1e-05	1e-05	1e-05	1e-05	1e-05	1e-05	1e-05	1e-05	1e-05	1e-05	0.351461	1.1e-05	1e-05	1.3e-05	1e-05	1e-05	QG4094
1e-05	1e-05	0.99979	1e-05	1e-05	1e-05	1e-05	1e-05	1e-05	1e-05	1e-05	1e-05	1e-05	1e-05	1e-05	1e-05	1e-05	1e-05	1e-05	1e-05	1e-05	1e-05	QG4095
1e-05	1e-05	0.999778	1e-05	1e-05	1e-05	1e-05	1e-05	1e-05	1e-05	1e-05	1e-05	1e-05	1.2e-05	1e-05	1e-05	1.9e-05	1e-05	1e-05	1.1e-05	1e-05	1e-05	QG4096
1e-05	1e-05	0.999789	1e-05	1e-05	1e-05	1e-05	1.1e-05	1e-05	1e-05	1e-05	1e-05	1e-05	1e-05	1e-05	1e-05	1e-05	1e-05	1e-05	1e-05	1e-05	1e-05	QG4097
1e-05	1e-05	0.999788	1e-05	1e-05	1e-05	1e-05	1e-05	1e-05	1e-05	1e-05	1e-05	1e-05	1e-05	1e-05	1e-05	1.2e-05	1e-05	1e-05	1e-05	1e-05	1e-05	QG4104
1e-05	1e-05	0.999789	1e-05	1e-05	1e-05	1e-05	1.1e-05	1e-05	1e-05	1e-05	1e-05	1e-05	1e-05	1e-05	1e-05	1e-05	1e-05	1e-05	1e-05	1e-05	1e-05	QG4114
1e-05	1e-05	0.99979	1e-05	1e-05	1e-05	1e-05	1e-05	1e-05	1e-05	1e-05	1e-05	1e-05	1e-05	1e-05	1e-05	1e-05	1e-05	1e-05	1e-05	1e-05	1e-05	QG4131
1e-05	1e-05	0.99979	1e-05	1e-05	1e-05	1e-05	1e-05	1e-05	1e-05	1e-05	1e-05	1e-05	1e-05	1e-05	1e-05	1e-05	1e-05	1e-05	1e-05	1e-05	1e-05	QG4132
1e-05	1e-05	1e-05	1.7e-05	1e-05	1.3e-05	1e-05	1e-05	1e-05	1e-05	1e-05	1e-05	1e-05	1e-05	1e-05	1e-05	0.99978	1e-05	1e-05	1e-05	1e-05	1e-05	QG4208
1e-05	1e-05	0.99979	1e-05	1e-05	1e-05	1e-05	1e-05	1e-05	1e-05	1e-05	1e-05	1e-05	1e-05	1e-05	1e-05	1e-05	1e-05	1e-05	1e-05	1e-05	1e-05	QG4214
1e-05	1e-05	0.99979	1e-05	1e-05	1e-05	1e-05	1e-05	1e-05	1e-05	1e-05	1e-05	1e-05	1e-05	1e-05	1e-05	1e-05	1e-05	1e-05	1e-05	1e-05	1e-05	QG4225
1e-05	1e-05	0.371208	1e-05	1.9e-05	1e-05	1e-05	1e-05	1e-05	1e-05	1e-05	1.3e-05	1e-05	1e-05	1e-05	1e-05	0.62858	1e-05	1e-05	1e-05	1e-05	1e-05	QG4232
1e-05	1e-05	0.734735	1e-05	1e-05	1e-05	1e-05	1e-05	1e-05	1e-05	1e-05	1e-05	1e-05	1e-05	1.4e-05	1e-05	0.265059	1e-05	1.2e-05	1e-05	1e-05	1e-05	QG4233
1e-05	1e-05	1e-05	1e-05	1e-05	1e-05	1e-05	1e-05	1e-05	0.99979	1e-05	1e-05	1e-05	1e-05	1e-05	1e-05	1e-05	1e-05	1e-05	1e-05	1e-05	1e-05	QG4647
0.08304	1e-05	1e-05	1e-05	1e-05	1e-05	1e-05	1e-05	1e-05	1e-05	1e-05	1e-05	1e-05	1e-05	1e-05	1e-05	1e-05	1e-05	0.800497	1e-05	1e-05	0.116272	QG4648
0.253886	1e-05	1e-05	1e-05	1e-05	1e-05	1e-05	1e-05	1e-05	1e-05	1e-05	1e-05	1e-05	1e-05	0.078909	1e-05	1e-05	1e-05	0.667015	1e-05	1e-05	1e-05	QG4683
1e-05	1e-05	1e-05	1e-05	1e-05	1e-05	1e-05	1e-05	1e-05	0.434884	1e-05	1e-05	1e-05	1e-05	1e-05	1e-05	1e-05	1e-05	0.564916	1e-05	1e-05	1e-05	QG4701
0.273087	1e-05	1e-05	1e-05	1e-05	1e-05	1e-05	1e-05	1e-05	1e-05	1e-05	1e-05	1e-05	1e-05	1e-05	1e-05	1e-05	1e-05	0.726713	1e-05	1e-05	1e-05	QG4706
1e-05	1e-05	1e-05	1e-05	1e-05	1e-05	1e-05	1e-05	1e-05	1e-05	1e-05	1e-05	1e-05	1e-05	1e-05	1e-05	1e-05	1e-05	0.84949	1e-05	1e-05	0.15031	QG4718
1e-05	1e-05	1e-05	1e-05	1e-05	1e-05	1e-05	1e-05	1e-05	1e-05	1e-05	1e-05	1e-05	1e-05	0.067234	1e-05	1e-05	1e-05	0.932566	1e-05	1e-05	1e-05	QG4742
1e-05	1e-05	1e-05	1e-05	1e-05	1e-05	1e-05	1e-05	1e-05	0.99979	1e-05	1e-05	1e-05	1e-05	1e-05	1e-05	1e-05	1e-05	1e-05	1e-05	1e-05	1e-05	QG4805
0.706515	1e-05	1e-05	1e-05	1e-05	1e-05	1e-05	1e-05	1e-05	1e-05	1e-05	1e-05	1e-05	1e-05	1e-05	1e-05	1e-05	1e-05	0.293285	1e-05	1e-05	1e-05	QG4847
1e-05	1e-05	1e-05	1e-05	1e-05	1e-05	1e-05	1e-05	1e-05	1e-05	1e-05	1e-05	1e-05	1e-05	1e-05	1e-05	1e-05	1e-05	0.99979	1e-05	1e-05	1e-05	QG4966
0.254111	1e-05	1e-05	1e-05	1e-05	1e-05	1e-05	1e-05	1e-05	1e-05	1e-05	1e-05	1e-05	1e-05	1e-05	1e-05	1e-05	1e-05	0.745689	1e-05	1e-05	1e-05	QG5348
0.209649	1e-05	1e-05	1e-05	1e-05	1e-05	1e-05	1e-05	1e-05	1e-05	1e-05	1e-05	1e-05	1e-05	1e-05	1e-05	1e-05	1e-05	0.790151	1e-05	1e-05	1e-05	QG5406
1e-05	1e-05	1e-05	1e-05	1e-05	1e-05	1e-05	1e-05	1e-05	1e-05	1e-05	0.99979	1e-05	1e-05	1e-05	1e-05	1e-05	1e-05	1e-05	1e-05	1e-05	1e-05	QG547
0.279156	1e-05	1e-05	1e-05	1e-05	1.2e-05	1e-05	1e-05	1e-05	0.631912	1e-05	1e-05	1e-05	1e-05	1.4e-05	1e-05	1e-05	1e-05	0.088736	1e-05	1e-05	1e-05	QG5474
0.414057	1e-05	1e-05	1e-05	1e-05	1e-05	1e-05	1e-05	1e-05	1e-05	1e-05	1e-05	1e-05	1e-05	1e-05	1e-05	1e-05	1e-05	0.585743	1e-05	1e-05	1e-05	QG5488
1e-05	1e-05	1e-05	1e-05	1e-05	1e-05	1e-05	1e-05	1e-05	1e-05	1e-05	1e-05	1e-05	1e-05	1e-05	1e-05	1e-05	1e-05	0.99979	1e-05	1e-05	1e-05	QG550
0.054577	1e-05	1e-05	1e-05	1e-05	1e-05	1e-05	1e-05	1e-05	1e-05	1e-05	1e-05	1e-05	1e-05	1e-05	1e-05	1e-05	1e-05	0.945223	1e-05	1e-05	1e-05	QG5507
1e-05	1e-05	1e-05	1e-05	1e-05	1e-05	1e-05	1e-05	1e-05	1e-05	1e-05	1e-05	1e-05	1e-05	1e-05	1e-05	1e-05	1e-05	0.99979	1e-05	1e-05	1e-05	QG5525
1e-05	1e-05	1e-05	1e-05	1e-05	1e-05	1e-05	1e-05	1e-05	0.790685	1e-05	1e-05	1e-05	1e-05	1e-05	1e-05	1e-05	1e-05	0.209115	1e-05	1e-05	1e-05	QG5589
0.21515	1e-05	1e-05	1e-05	1e-05	1.4e-05	1e-05	1e-05	1e-05	0.6329	1e-05	1e-05	1e-05	1e-05	1e-05	1e-05	1e-05	1e-05	0.151755	1e-05	1e-05	1e-05	QG5603
1e-05	1e-05	1e-05	1e-05	1e-05	1e-05	1e-05	1e-05	1e-05	1e-05	1e-05	1e-05	1e-05	1e-05	1e-05	1e-05	1e-05	1e-05	0.99979	1e-05	1e-05	1e-05	QG5611
0.200342	1e-05	1e-05	1e-05	1e-05	1e-05	1e-05	1e-05	1e-05	1e-05	1e-05	1e-05	1e-05	1e-05	0.319532	0.048744	1e-05	1e-05	0.431203	1e-05	1e-05	1e-05	QG5612
0.109799	1e-05	1e-05	1e-05	1e-05	1e-05	1e-05	1e-05	1e-05	1e-05	1e-05	1e-05	1e-05	1e-05	1e-05	1e-05	1e-05	1e-05	0.845994	1e-05	1e-05	0.044017	QG5633
1e-05	1e-05	1e-05	1e-05	1e-05	1e-05	1e-05	1e-05	1e-05	1e-05	1e-05	0.99979	1e-05	1e-05	1e-05	1e-05	1e-05	1e-05	1e-05	1e-05	1e-05	1e-05	QG581
1e-05	1e-05	1e-05	1e-05	1e-05	1e-05	1e-05	1e-05	1e-05	1e-05	1e-05	0.99979	1e-05	1e-05	1e-05	1e-05	1e-05	1e-05	1e-05	1e-05	1e-05	1e-05	QG588
1e-05	1e-05	1e-05	1e-05	1e-05	0.603496	1e-05	1e-05	1e-05	1e-05	1e-05	1e-05	1e-05	1e-05	1e-05	0.396304	1e-05	1e-05	1e-05	1e-05	1e-05	1e-05	QG700
1e-05	1e-05	1e-05	1e-05	1e-05	0.99979	1e-05	1e-05	1e-05	1e-05	1e-05	1e-05	1e-05	1e-05	1e-05	1e-05	1e-05	1e-05	1e-05	1e-05	1e-05	1e-05	QG727
1e-05	1e-05	1e-05	1e-05	1e-05	0.999789	1e-05	1e-05	1e-05	1e-05	1e-05	1e-05	1e-05	1e-05	1e-05	1e-05	1e-05	1e-05	1.1e-05	1e-05	1e-05	1e-05	QG733
1e-05	1e-05	1e-05	1e-05	1e-05	0.978696	1e-05	1e-05	1e-05	1e-05	1e-05	1e-05	1e-05	1e-05	1e-05	0.021104	1e-05	1e-05	1e-05	1e-05	1e-05	1e-05	QG736
1e-05	1e-05	1e-05	1e-05	1e-05	0.999788	1e-05	1e-05	1.2e-05	1e-05	1e-05	1e-05	1e-05	1e-05	1e-05	1e-05	1e-05	1e-05	1e-05	1e-05	1e-05	1e-05	QG737
1e-05	1e-05	1e-05	1e-05	1e-05	0.99979	1e-05	1e-05	1e-05	1e-05	1e-05	1e-05	1e-05	1e-05	1e-05	1e-05	1e-05	1e-05	1e-05	1e-05	1e-05	1e-05	QG739
1e-05	1e-05	1e-05	1e-05	1e-05	0.509463	1e-05	1e-05	1e-05	1e-05	1e-05	1e-05	1e-05	1e-05	1e-05	0.490337	1e-05	1e-05	1e-05	1e-05	1e-05	1e-05	QG761
1e-05	1e-05	1e-05	1e-05	1e-05	0.910598	1e-05	1e-05	1.7e-05	1e-05	1e-05	1e-05	1e-05	1e-05	1e-05	0.089195	1e-05	1e-05	1e-05	1e-05	1e-05	1e-05	QG763
1e-05	1e-05	1e-05	1e-05	1e-05	0.973306	1e-05	1e-05	0.026493	1.2e-05	1e-05	1e-05	1e-05	1e-05	1e-05	1e-05	1e-05	1e-05	1e-05	1e-05	1e-05	1e-05	QG776
1.4e-05	1e-05	1e-05	1e-05	1e-05	0.999786	1e-05	1e-05	1.1e-05	1e-05	1e-05	1e-05	1e-05	1e-05	1e-05	1e-05	1e-05	1e-05	1e-05	1e-05	1e-05	1e-05	QG781
1e-05	1e-05	1e-05	1e-05	1e-05	0.99979	1e-05	1e-05	1e-05	1e-05	1e-05	1e-05	1e-05	1e-05	1e-05	1e-05	1e-05	1e-05	1e-05	1e-05	1e-05	1e-05	QG784
1e-05	1e-05	1e-05	1e-05	1e-05	0.999782	1e-05	1e-05	1.8e-05	1e-05	1e-05	1e-05	1e-05	1e-05	1e-05	1e-05	1e-05	1e-05	1e-05	1e-05	1e-05	1e-05	QG786
1e-05	1e-05	1e-05	1e-05	1e-05	0.999782	1e-05	1e-05	1e-05	1e-05	1e-05	1e-05	1e-05	1e-05	1.8e-05	1e-05	1e-05	1e-05	1e-05	1e-05	1e-05	1e-05	QG788
1e-05	1e-05	1e-05	1e-05	1e-05	0.99979	1e-05	1e-05	1e-05	1e-05	1e-05	1e-05	1e-05	1e-05	1e-05	1e-05	1e-05	1e-05	1e-05	1e-05	1e-05	1e-05	QG790
0.071179	1e-05	1e-05	1e-05	1e-05	0.928621	1e-05	1e-05	1e-05	1e-05	1e-05	1e-05	1e-05	1e-05	1e-05	1e-05	1e-05	1e-05	1e-05	1e-05	1e-05	1e-05	QG791
0.013752	1e-05	1e-05	1e-05	1e-05	0.561468	1e-05	1e-05	1e-05	1e-05	1e-05	1e-05	1e-05	1e-05	1e-05	0.42459	1e-05	1e-05	1e-05	1e-05	1e-05	1e-05	QG795
1e-05	1e-05	1e-05	1e-05	1e-05	0.99979	1e-05	1e-05	1e-05	1e-05	1e-05	1e-05	1e-05	1e-05	1e-05	1e-05	1e-05	1e-05	1e-05	1e-05	1e-05	1e-05	QG797
1e-05	1e-05	1e-05	1e-05	1e-05	0.99979	1e-05	1e-05	1e-05	1e-05	1e-05	1e-05	1e-05	1e-05	1e-05	1e-05	1e-05	1e-05	1e-05	1e-05	1e-05	1e-05	QG802
1e-05	1e-05	1e-05	1e-05	1e-05	0.999788	1e-05	1e-05	1.2e-05	1e-05	1e-05	1e-05	1e-05	1e-05	1e-05	1e-05	1e-05	1e-05	1e-05	1e-05	1e-05	1e-05	QG804
1e-05	1e-05	1e-05	1e-05	1e-05	0.99979	1e-05	1e-05	1e-05	1e-05	1e-05	1e-05	1e-05	1e-05	1e-05	1e-05	1e-05	1e-05	1e-05	1e-05	1e-05	1e-05	QG806
1e-05	1e-05	1e-05	1e-05	2e-05	0.999764	1.9e-05	1e-05	1e-05	1e-05	1e-05	1e-05	1e-05	1e-05	1e-05	1e-05	1e-05	1e-05	1e-05	1.8e-05	1e-05	1e-05	QG807
0.051801	1e-05	1e-05	1e-05	1e-05	0.947999	1e-05	1e-05	1e-05	1e-05	1e-05	1e-05	1e-05	1e-05	1e-05	1e-05	1e-05	1e-05	1e-05	1e-05	1e-05	1e-05	QG808
1e-05	1e-05	1e-05	1e-05	1e-05	0.99979	1e-05	1e-05	1e-05	1e-05	1e-05	1e-05	1e-05	1e-05	1e-05	1e-05	1e-05	1e-05	1e-05	1e-05	1e-05	1e-05	QG809
1e-05	1e-05	1e-05	1e-05	1e-05	0.99979	1e-05	1e-05	1e-05	1e-05	1e-05	1e-05	1e-05	1e-05	1e-05	1e-05	1e-05	1e-05	1e-05	1e-05	1e-05	1e-05	QG825
1e-05	1e-05	1e-05	1e-05	1e-05	0.99979	1e-05	1e-05	1e-05	1e-05	1e-05	1e-05	1e-05	1e-05	1e-05	1e-05	1e-05	1e-05	1e-05	1e-05	1e-05	1e-05	QG827
1e-05	1e-05	1e-05	1e-05	1e-05	0.99979	1e-05	1e-05	1e-05	1e-05	1e-05	1e-05	1e-05	1e-05	1e-05	1e-05	1e-05	1e-05	1e-05	1e-05	1e-05	1e-05	QG828
0.03701	1e-05	1e-05	1e-05	1e-05	0.96279	1e-05	1e-05	1e-05	1e-05	1e-05	1e-05	1e-05	1e-05	1e-05	1e-05	1e-05	1e-05	1e-05	1e-05	1e-05	1e-05	QG833
0.039289	1e-05	1e-05	1e-05	1e-05	0.960511	1e-05	1e-05	1e-05	1e-05	1e-05	1e-05	1e-05	1e-05	1e-05	1e-05	1e-05	1e-05	1e-05	1e-05	1e-05	1e-05	QG855
1e-05	1e-05	1e-05	1e-05	1e-05	0.999789	1e-05	1e-05	1.1e-05	1e-05	1e-05	1e-05	1e-05	1e-05	1e-05	1e-05	1e-05	1e-05	1e-05	1e-05	1e-05	1e-05	QG856
0.007826	1e-05	1e-05	1e-05	1e-05	0.991974	1e-05	1e-05	1e-05	1e-05	1e-05	1e-05	1e-05	1e-05	1e-05	1e-05	1e-05	1e-05	1e-05	1e-05	1e-05	1e-05	QG858
1e-05	1e-05	1e-05	1.7e-05	1e-05	0.604099	1e-05	1e-05	1e-05	1e-05	1e-05	1e-05	1e-05	1e-05	1e-05	0.395694	1e-05	1e-05	1e-05	1e-05	1e-05	1e-05	QG860
1e-05	1e-05	1e-05	1e-05	1e-05	0.999785	1e-05	1e-05	1e-05	1e-05	1e-05	1e-05	1e-05	1e-05	1e-05	1e-05	1e-05	1e-05	1.5e-05	1e-05	1e-05	1e-05	QG864
1e-05	1e-05	1e-05	1e-05	1e-05	0.99979	1e-05	1e-05	1e-05	1e-05	1e-05	1e-05	1e-05	1e-05	1e-05	1e-05	1e-05	1e-05	1e-05	1e-05	1e-05	1e-05	QG865
1e-05	1e-05	1e-05	1e-05	1e-05	0.999779	1e-05	1e-05	1.8e-05	1e-05	1e-05	1e-05	1e-05	1e-05	1e-05	1e-05	1e-05	1e-05	1e-05	1.4e-05	1e-05	1e-05	QG866
0.000727	1e-05	1e-05	1e-05	1e-05	0.899736	1e-05	1e-05	1e-05	1e-05	1e-05	1e-05	1e-05	1e-05	1e-05	0.099347	1e-05	1e-05	1e-05	1e-05	1e-05	1e-05	QG868
1e-05	1e-05	1e-05	1e-05	1e-05	0.99979	1e-05	1e-05	1e-05	1e-05	1e-05	1e-05	1e-05	1e-05	1e-05	1e-05	1e-05	1e-05	1e-05	1e-05	1e-05	1e-05	QG874
1e-05	1e-05	1e-05	1e-05	1e-05	0.99979	1e-05	1e-05	1e-05	1e-05	1e-05	1e-05	1e-05	1e-05	1e-05	1e-05	1e-05	1e-05	1e-05	1e-05	1e-05	1e-05	QG875
1e-05	1e-05	1e-05	1e-05	1e-05	0.99979	1e-05	1e-05	1e-05	1e-05	1e-05	1e-05	1e-05	1e-05	1e-05	1e-05	1e-05	1e-05	1e-05	1e-05	1e-05	1e-05	QG878
1e-05	1e-05	1e-05	1e-05	1e-05	0.99978	1e-05	1e-05	1e-05	1e-05	1e-05	1e-05	1e-05	1e-05	2e-05	1e-05	1e-05	1e-05	1e-05	1e-05	1e-05	1e-05	QG879
1e-05	1e-05	1e-05	1e-05	1e-05	0.978824	1e-05	1e-05	1e-05	1e-05	1e-05	1e-05	1e-05	1e-05	1e-05	0.020976	1e-05	1e-05	1e-05	1e-05	1e-05	1e-05	QG880
1e-05	1e-05	1e-05	1e-05	1e-05	0.502216	1e-05	1e-05	1e-05	1e-05	1e-05	1e-05	1e-05	1e-05	1e-05	0.497584	1e-05	1e-05	1e-05	1e-05	1e-05	1e-05	QG881
1e-05	1e-05	1e-05	1e-05	1e-05	0.99979	1e-05	1e-05	1e-05	1e-05	1e-05	1e-05	1e-05	1e-05	1e-05	1e-05	1e-05	1e-05	1e-05	1e-05	1e-05	1e-05	QG887
1e-05	1e-05	1e-05	1e-05	1e-05	0.999789	1.1e-05	1e-05	1e-05	1e-05	1e-05	1e-05	1e-05	1e-05	1e-05	1e-05	1e-05	1e-05	1e-05	1e-05	1e-05	1e-05	QG888
1e-05	1e-05	1e-05	1e-05	1e-05	0.999786	1e-05	1e-05	1e-05	1e-05	1e-05	1e-05	1e-05	1e-05	1e-05	1e-05	1e-05	1e-05	1.4e-05	1e-05	1e-05	1e-05	QG926
1e-05	1e-05	1e-05	1e-05	1e-05	0.084471	1e-05	1e-05	1e-05	1e-05	1e-05	1e-05	1e-05	1e-05	1e-05	1e-05	1e-05	1e-05	1e-05	1e-05	1e-05	0.915329	QG927
1e-05	1e-05	1e-05	1e-05	1e-05	0.99979	1e-05	1e-05	1e-05	1e-05	1e-05	1e-05	1e-05	1e-05	1e-05	1e-05	1e-05	1e-05	1e-05	1e-05	1e-05	1e-05	QG933
1e-05	1e-05	1e-05	1e-05	1e-05	0.99979	1e-05	1e-05	1e-05	1e-05	1e-05	1e-05	1e-05	1e-05	1e-05	1e-05	1e-05	1e-05	1e-05	1e-05	1e-05	1e-05	QG937
1e-05	1e-05	1e-05	1e-05	1e-05	0.99979	1e-05	1e-05	1e-05	1e-05	1e-05	1e-05	1e-05	1e-05	1e-05	1e-05	1e-05	1e-05	1e-05	1e-05	1e-05	1e-05	QG945
1e-05	1e-05	1e-05	1e-05	1e-05	0.99979	1e-05	1e-05	1e-05	1e-05	1e-05	1e-05	1e-05	1e-05	1e-05	1e-05	1e-05	1e-05	1e-05	1e-05	1e-05	1e-05	QG946
1e-05	1e-05	1e-05	1e-05	1e-05	0.999784	1e-05	1e-05	1e-05	1e-05	1e-05	1e-05	1e-05	1e-05	1.6e-05	1e-05	1e-05	1e-05	1e-05	1e-05	1e-05	1e-05	QG947
0.046475	1e-05	1e-05	1e-05	1e-05	0.953325	1e-05	1e-05	1e-05	1e-05	1e-05	1e-05	1e-05	1e-05	1e-05	1e-05	1e-05	1e-05	1e-05	1e-05	1e-05	1e-05	QG948
0.023791	1e-05	1e-05	1e-05	1.3e-05	0.912261	1e-05	1e-05	0.063755	1e-05	1e-05	1e-05	1e-05	1e-05	1e-05	1e-05	1e-05	1e-05	1e-05	1e-05	1e-05	1e-05	QG952
0.036518	1e-05	1e-05	1e-05	1e-05	0.848987	1e-05	1e-05	1e-05	1e-05	1e-05	1e-05	1e-05	1e-05	1e-05	0.114305	1e-05	1e-05	1e-05	1e-05	1e-05	1e-05	QG978
1e-05	1e-05	1e-05	1e-05	1e-05	0.99979	1e-05	1e-05	1e-05	1e-05	1e-05	1e-05	1e-05	1e-05	1e-05	1e-05	1e-05	1e-05	1e-05	1e-05	1e-05	1e-05	QG980
0.074298	1e-05	1e-05	1e-05	1e-05	0.925502	1e-05	1e-05	1e-05	1e-05	1e-05	1e-05	1e-05	1e-05	1e-05	1e-05	1e-05	1e-05	1e-05	1e-05	1e-05	1e-05	QG986
1e-05	1e-05	1e-05	1e-05	1e-05	0.99979	1e-05	1e-05	1e-05	1e-05	1e-05	1e-05	1e-05	1e-05	1e-05	1e-05	1e-05	1e-05	1e-05	1e-05	1e-05	1e-05	QG991
1e-05	1e-05	1e-05	1e-05	1e-05	0.99979	1e-05	1e-05	1e-05	1e-05	1e-05	1e-05	1e-05	1e-05	1e-05	1e-05	1e-05	1e-05	1e-05	1e-05	1e-05	1e-05	QG994
1e-05	1e-05	1e-05	1e-05	1e-05	0.99979	1e-05	1e-05	1e-05	1e-05	1e-05	1e-05	1e-05	1e-05	1e-05	1e-05	1e-05	1e-05	1e-05	1e-05	1e-05	1e-05	QG995
1e-05	1e-05	1e-05	1e-05	1e-05	0.937625	1e-05	1e-05	1e-05	1e-05	1e-05	1e-05	1e-05	1e-05	1e-05	0.062175	1e-05	1e-05	1e-05	1e-05	1e-05	1e-05	QG997
1e-05	1e-05	1e-05	1e-05	1e-05	0.99979	1e-05	1e-05	1e-05	1e-05	1e-05	1e-05	1e-05	1e-05	1e-05	1e-05	1e-05	1e-05	1e-05	1e-05	1e-05	1e-05	QG998
0.122205	1e-05	1e-05	1e-05	1e-05	1e-05	0.671928	1e-05	1e-05	1e-05	1e-05	0.205674	1e-05	1.2e-05	1e-05	1e-05	1e-05	1e-05	1.1e-05	1e-05	1e-05	1e-05	QR25
1e-05	1e-05	1e-05	1e-05	1e-05	1e-05	1e-05	1e-05	0.99979	1e-05	1e-05	1e-05	1e-05	1e-05	1e-05	1e-05	1e-05	1e-05	1e-05	1e-05	1e-05	1e-05	QX1410
1e-05	1e-05	1e-05	1e-05	1e-05	1e-05	1e-05	1e-05	1e-05	1e-05	1e-05	0.99979	1e-05	1e-05	1e-05	1e-05	1e-05	1e-05	1e-05	1e-05	1e-05	1e-05	QX1547
0.250072	1e-05	1e-05	1e-05	1e-05	1e-05	1e-05	1e-05	0.136952	1e-05	1e-05	1e-05	1e-05	1e-05	1e-05	1e-05	1e-05	1e-05	1e-05	1e-05	1e-05	0.612786	QX1795
0.99979	1e-05	1e-05	1e-05	1e-05	1e-05	1e-05	1e-05	1e-05	1e-05	1e-05	1e-05	1e-05	1e-05	1e-05	1e-05	1e-05	1e-05	1e-05	1e-05	1e-05	1e-05	QX1796
1e-05	1e-05	1e-05	1e-05	0.834505	1e-05	1e-05	1e-05	1e-05	1e-05	1e-05	1e-05	1e-05	1.4e-05	1e-05	1e-05	1e-05	1e-05	1e-05	0.165291	1e-05	1e-05	QX1798
0.832376	1e-05	1e-05	1e-05	1e-05	1e-05	1e-05	1e-05	1e-05	1e-05	1e-05	1e-05	1e-05	1e-05	1e-05	1e-05	1e-05	1e-05	1e-05	1e-05	1e-05	0.167424	QX1800
0.909431	1e-05	1e-05	1e-05	1e-05	1e-05	1e-05	1e-05	0.090369	1e-05	1e-05	1e-05	1e-05	1e-05	1e-05	1e-05	1e-05	1e-05	1e-05	1e-05	1e-05	1e-05	QX1801
0.959836	1e-05	1e-05	1e-05	1e-05	1e-05	1e-05	1e-05	1e-05	1e-05	1e-05	1e-05	1e-05	1e-05	0.039964	1e-05	1e-05	1e-05	1e-05	1e-05	1e-05	1e-05	QX1802
0.999785	1e-05	1e-05	1e-05	1e-05	1e-05	1e-05	1e-05	1e-05	1e-05	1e-05	1e-05	1e-05	1e-05	1.5e-05	1e-05	1e-05	1e-05	1e-05	1e-05	1e-05	1e-05	QX1803
0.999785	1e-05	1e-05	1e-05	1e-05	1e-05	1e-05	1e-05	1e-05	1e-05	1.5e-05	1e-05	1e-05	1e-05	1e-05	1e-05	1e-05	1e-05	1e-05	1e-05	1e-05	1e-05	QX1804
1e-05	1e-05	1e-05	1e-05	1e-05	1e-05	1e-05	1e-05	1e-05	1e-05	1e-05	0.99979	1e-05	1e-05	1e-05	1e-05	1e-05	1e-05	1e-05	1e-05	1e-05	1e-05	SOW18
1e-05	1.4e-05	1e-05	2e-05	1e-05	1e-05	1e-05	1e-05	1e-05	1e-05	1e-05	0.999756	1.8e-05	1e-05	1e-05	1.7e-05	1e-05	1e-05	1.5e-05	1e-05	1e-05	1e-05	SOW21
1e-05	1e-05	1e-05	1.3e-05	1e-05	1e-05	1.7e-05	1e-05	1e-05	1e-05	1e-05	0.99978	1e-05	1e-05	1e-05	1e-05	1e-05	1e-05	1e-05	1e-05	1e-05	1e-05	SOW22
1e-05	1e-05	1e-05	1e-05	1e-05	1e-05	1e-05	1e-05	1e-05	1e-05	1e-05	1e-05	1e-05	1e-05	1e-05	1e-05	1e-05	1e-05	1e-05	1e-05	1e-05	0.99979	TT3408
0.243775	1e-05	1e-05	1e-05	1e-05	1e-05	1e-05	1e-05	1e-05	1e-05	1e-05	1e-05	1e-05	1e-05	1e-05	1e-05	1e-05	1e-05	1e-05	1e-05	1e-05	0.756025	TT3411
1e-05	1e-05	1e-05	1e-05	0.99979	1e-05	1e-05	1e-05	1e-05	1e-05	1e-05	1e-05	1e-05	1e-05	1e-05	1e-05	1e-05	1e-05	1e-05	1e-05	1e-05	1e-05	TWN1772
1e-05	1e-05	1e-05	1.5e-05	1e-05	1e-05	1e-05	1e-05	1e-05	1e-05	1e-05	1e-05	1e-05	1e-05	1e-05	1e-05	1e-05	1e-05	1e-05	1e-05	0.999785	1e-05	TWN1824
1e-05	1e-05	1e-05	0.99979	1e-05	1e-05	1e-05	1e-05	1e-05	1e-05	1e-05	1e-05	1e-05	1e-05	1e-05	1e-05	1e-05	1e-05	1e-05	1e-05	1e-05	1e-05	TWN1899
1e-05	1e-05	1e-05	1e-05	1e-05	1e-05	1e-05	1e-05	1e-05	1e-05	1e-05	1e-05	1e-05	0.99979	1e-05	1e-05	1e-05	1e-05	1e-05	1e-05	1e-05	1e-05	TWN1907
1e-05	1e-05	1e-05	1e-05	1e-05	1e-05	1e-05	1e-05	1e-05	1e-05	1e-05	1e-05	1e-05	0.99979	1e-05	1e-05	1e-05	1e-05	1e-05	1e-05	1e-05	1e-05	TWN2919
1e-05	1e-05	1e-05	1e-05	0.104051	1e-05	1e-05	1e-05	1e-05	1e-05	1.2e-05	1.3e-05	1e-05	0.042663	1e-05	1e-05	1e-05	1e-05	1e-05	0.85309	1e-05	1e-05	TWN3077
1e-05	1e-05	1e-05	1e-05	0.886876	1e-05	1e-05	1e-05	1e-05	1e-05	1e-05	1e-05	1e-05	1e-05	1e-05	1e-05	1e-05	1e-05	1e-05	0.112924	1e-05	1e-05	UH1
1e-05	1e-05	1e-05	1e-05	1e-05	1e-05	1e-05	1e-05	1e-05	1e-05	0.667512	1e-05	1e-05	1e-05	0.332288	1e-05	1e-05	1e-05	1e-05	1e-05	1e-05	1e-05	VSL2201
1e-05	1e-05	1e-05	1e-05	1e-05	1e-05	1e-05	0.99979	1e-05	1e-05	1e-05	1e-05	1e-05	1e-05	1e-05	1e-05	1e-05	1e-05	1e-05	1e-05	1e-05	1e-05	VSL2207
1e-05	1e-05	1.1e-05	1e-05	1e-05	1e-05	1e-05	0.999789	1e-05	1e-05	1e-05	1e-05	1e-05	1e-05	1e-05	1e-05	1e-05	1e-05	1e-05	1e-05	1e-05	1e-05	VSL2209
1e-05	1e-05	1e-05	1e-05	1e-05	1e-05	1e-05	1e-05	1e-05	1e-05	1e-05	1e-05	1e-05	1e-05	0.99979	1e-05	1e-05	1e-05	1e-05	1e-05	1e-05	1e-05	VSL2210
1e-05	1e-05	1e-05	1e-05	1e-05	1.2e-05	1e-05	1e-05	1e-05	1e-05	1e-05	1e-05	1e-05	1e-05	0.999788	1e-05	1e-05	1e-05	1e-05	1e-05	1e-05	1e-05	VSL2212
1e-05	1e-05	1e-05	1e-05	1e-05	1e-05	1e-05	1e-05	1e-05	1e-05	0.99979	1e-05	1e-05	1e-05	1e-05	1e-05	1e-05	1e-05	1e-05	1e-05	1e-05	1e-05	VSL2213
1e-05	1e-05	1e-05	1e-05	1e-05	1e-05	1e-05	1e-05	1e-05	1e-05	0.891147	1e-05	1e-05	1e-05	0.108653	1e-05	1e-05	1e-05	1e-05	1e-05	1e-05	1e-05	VSL2215
1e-05	1e-05	1e-05	1e-05	1e-05	1e-05	1e-05	1e-05	1e-05	1e-05	0.99979	1e-05	1e-05	1e-05	1e-05	1e-05	1e-05	1e-05	1e-05	1e-05	1e-05	1e-05	VSL2216
1e-05	1e-05	1e-05	1e-05	1e-05	1e-05	1e-05	1e-05	1e-05	0.99979	1e-05	1e-05	1e-05	1e-05	1e-05	1e-05	1e-05	1e-05	1e-05	1e-05	1e-05	1e-05	VSL2217
0.258603	1e-05	1e-05	1e-05	1e-05	1e-05	1e-05	1e-05	1e-05	1e-05	1e-05	1e-05	1e-05	1e-05	0.741197	1e-05	1e-05	1e-05	1e-05	1e-05	1e-05	1e-05	VSL2219
0.864387	1e-05	1e-05	1e-05	1e-05	1e-05	1e-05	1e-05	0.135413	1e-05	1e-05	1e-05	1e-05	1e-05	1e-05	1e-05	1e-05	1e-05	1e-05	1e-05	1e-05	1e-05	VT847
1.2e-05	1e-05	1e-05	1e-05	1e-05	1.8e-05	0.999769	1e-05	1e-05	1e-05	1e-05	1e-05	1.4e-05	1e-05	1e-05	1e-05	1e-05	1e-05	1.7e-05	1e-05	1e-05	1e-05	VX34
1e-05	1e-05	1e-05	1e-05	1e-05	1e-05	1e-05	1e-05	1e-05	1e-05	0.455218	1e-05	1e-05	1e-05	0.544582	1e-05	1e-05	1e-05	1e-05	1e-05	1e-05	1e-05	XZ1204
1e-05	1e-05	1e-05	1e-05	1e-05	1e-05	1e-05	1e-05	1e-05	1e-05	0.99979	1e-05	1e-05	1e-05	1e-05	1e-05	1e-05	1e-05	1e-05	1e-05	1e-05	1e-05	XZ1205
1e-05	1e-05	1e-05	1e-05	1e-05	1e-05	1e-05	1e-05	1e-05	1e-05	0.99979	1e-05	1e-05	1e-05	1e-05	1e-05	1e-05	1e-05	1e-05	1e-05	1e-05	1e-05	XZ1206
0.102886	1e-05	1e-05	1e-05	1e-05	1e-05	1e-05	1e-05	1e-05	1e-05	1e-05	1e-05	1e-05	1e-05	0.762781	1e-05	1e-05	1e-05	1e-05	1e-05	1e-05	0.134142	XZ1207
1e-05	1e-05	1e-05	1e-05	1e-05	1e-05	1e-05	1e-05	1e-05	1e-05	1e-05	1e-05	1e-05	1e-05	0.99979	1e-05	1e-05	1e-05	1e-05	1e-05	1e-05	1e-05	XZ1210
0.092294	1e-05	1e-05	1e-05	1e-05	1e-05	1e-05	1e-05	1e-05	1e-05	1e-05	1e-05	1e-05	1e-05	0.907506	1e-05	1e-05	1e-05	1e-05	1e-05	1e-05	1e-05	XZ1212
1e-05	1e-05	1e-05	1e-05	1e-05	1e-05	1e-05	1e-05	1e-05	1e-05	1e-05	1e-05	1e-05	1e-05	0.99979	1e-05	1e-05	1e-05	1e-05	1e-05	1e-05	1e-05	XZ1213
0.038356	1e-05	1e-05	1e-05	1e-05	1e-05	1e-05	1e-05	1e-05	1e-05	1e-05	1e-05	1e-05	1e-05	0.961444	1e-05	1e-05	1e-05	1e-05	1e-05	1e-05	1e-05	XZ1731
1e-05	1e-05	1e-05	1e-05	1e-05	1e-05	1e-05	1e-05	1e-05	1e-05	1e-05	1e-05	1e-05	1e-05	0.99979	1e-05	1e-05	1e-05	1e-05	1e-05	1e-05	1e-05	XZ1732
1e-05	1e-05	1e-05	1e-05	1e-05	1e-05	1e-05	1e-05	1e-05	0.99979	1e-05	1e-05	1e-05	1e-05	1e-05	1e-05	1e-05	1e-05	1e-05	1e-05	1e-05	1e-05	ZZY0992
0.384069	1e-05	1e-05	1e-05	1e-05	1e-05	1e-05	1e-05	1e-05	1e-05	1e-05	1e-05	1e-05	1e-05	1e-05	1e-05	1e-05	1e-05	1e-05	1e-05	1e-05	0.615731	ZZY1034
0.129291	1e-05	1e-05	1e-05	1e-05	1e-05	1e-05	1e-05	1e-05	1e-05	1e-05	1e-05	1e-05	1e-05	1e-05	1e-05	1e-05	1e-05	1e-05	1e-05	1e-05	0.870509	ZZY1075
1e-05	1e-05	1e-05	1e-05	1e-05	1e-05	1e-05	1e-05	1e-05	0.99979	1e-05	1e-05	1e-05	1e-05	1e-05	1e-05	1e-05	1e-05	1e-05	1e-05	1e-05	1e-05	ZZY1123
0.268205	1e-05	1e-05	1e-05	1e-05	1e-05	1e-05	1e-05	1e-05	1e-05	1e-05	1e-05	1e-05	1e-05	1e-05	1e-05	1e-05	1e-05	1e-05	1e-05	1e-05	0.731595	ZZY1130
0.545789	1e-05	1e-05	1e-05	1e-05	1e-05	1e-05	1e-05	1e-05	1e-05	1e-05	1e-05	1e-05	1e-05	1e-05	1e-05	1e-05	1e-05	1e-05	1e-05	1e-05	0.454011	ZZY405
