A	B	C	D	E	F	G	H	I	J	K	L	M	N	O	P	Q	R	S	T	U	V	samples
1e-05	0.99979	1e-05	1e-05	1e-05	1e-05	1e-05	1e-05	1e-05	1e-05	1e-05	1e-05	1e-05	1e-05	1e-05	1e-05	1e-05	1e-05	1e-05	1e-05	1e-05	1e-05	AF16
1e-05	0.168975	1e-05	1e-05	1e-05	1e-05	1e-05	1e-05	1e-05	1e-05	1e-05	1e-05	1e-05	1e-05	1e-05	1e-05	1e-05	1e-05	1e-05	1e-05	0.830825	1e-05	BRC20069
1e-05	1e-05	1e-05	1e-05	1e-05	1e-05	1e-05	1e-05	1e-05	1e-05	1e-05	1e-05	1e-05	1e-05	1e-05	1.1e-05	1e-05	1e-05	1e-05	1e-05	0.999789	1e-05	BRC20073
1e-05	1e-05	1e-05	1e-05	1e-05	0.99979	1e-05	1e-05	1e-05	1e-05	1e-05	1e-05	1e-05	1e-05	1e-05	1e-05	1e-05	1e-05	1e-05	1e-05	1e-05	1e-05	BRC20075
1e-05	1e-05	1e-05	1e-05	1e-05	1e-05	1e-05	1e-05	1e-05	1e-05	1e-05	1e-05	1e-05	1e-05	1e-05	1e-05	1e-05	1e-05	1e-05	1e-05	0.99979	1e-05	BRC20077
1e-05	1e-05	1e-05	0.685068	1e-05	1e-05	1e-05	0.252187	1e-05	1e-05	0.062552	1e-05	1.1e-05	1e-05	1e-05	1e-05	1e-05	1e-05	1e-05	1e-05	1.2e-05	1e-05	BRC20081
1e-05	1e-05	1e-05	1e-05	1e-05	1e-05	0.421269	1e-05	0.099123	0.075446	1e-05	1e-05	1e-05	1e-05	1e-05	1e-05	1e-05	1e-05	1e-05	1e-05	0.382823	0.02117	BRC20085
1e-05	1e-05	1e-05	0.913453	1e-05	1e-05	1e-05	0.086347	1e-05	1e-05	1e-05	1e-05	1e-05	1e-05	1e-05	1e-05	1e-05	1e-05	1e-05	1e-05	1e-05	1e-05	BRC20088
1e-05	1e-05	1e-05	1e-05	1e-05	1e-05	1e-05	1e-05	1e-05	1e-05	1e-05	1e-05	1e-05	1e-05	1e-05	1e-05	1e-05	1e-05	1e-05	1e-05	0.99979	1e-05	BRC20089
1e-05	0.264377	1e-05	1e-05	1e-05	1e-05	1e-05	1e-05	0.044376	0.013175	1e-05	1e-05	1e-05	1e-05	1e-05	1e-05	1e-05	1e-05	1e-05	1e-05	1e-05	0.677892	BRC20090
1e-05	0.10813	1e-05	1e-05	1e-05	1e-05	0.638938	1e-05	1e-05	0.079576	1e-05	1e-05	1e-05	1e-05	1e-05	0.052047	1e-05	1e-05	1e-05	1e-05	0.121139	1e-05	BRC20092
1e-05	1e-05	1e-05	1e-05	1e-05	1e-05	1e-05	1e-05	1e-05	1e-05	1e-05	1e-05	1e-05	1e-05	1e-05	1e-05	1e-05	1e-05	1e-05	1e-05	0.99979	1e-05	BRC20093
1e-05	0.079141	1e-05	1e-05	1e-05	1e-05	0.624053	1e-05	0.039738	0.042625	1e-05	1e-05	1e-05	1e-05	1e-05	0.052606	1e-05	1e-05	1e-05	1e-05	0.161677	1e-05	BRC20094
1e-05	1.4e-05	1e-05	1e-05	1e-05	1e-05	1e-05	1e-05	1e-05	1e-05	1e-05	1e-05	1e-05	1e-05	1e-05	1e-05	1e-05	1e-05	1e-05	1e-05	0.999786	1e-05	BRC20095
1e-05	1e-05	1e-05	1e-05	1e-05	1e-05	1e-05	1e-05	1e-05	1e-05	1e-05	1e-05	1e-05	1e-05	1e-05	1e-05	1e-05	1e-05	1e-05	1e-05	0.787672	0.212128	BRC20096
1e-05	1e-05	1e-05	1e-05	1e-05	1e-05	1e-05	1e-05	1e-05	1e-05	1e-05	1e-05	1e-05	1e-05	1e-05	1e-05	1e-05	1e-05	1e-05	1e-05	0.99979	1e-05	BRC20098
1e-05	0.146126	1e-05	1e-05	1e-05	1e-05	1e-05	1e-05	1e-05	1e-05	1e-05	1e-05	1e-05	1e-05	1e-05	1e-05	1e-05	1e-05	1e-05	1e-05	0.853674	1e-05	BRC20099
1e-05	0.018956	1e-05	1e-05	1e-05	1e-05	1e-05	1e-05	1e-05	1e-05	1e-05	1e-05	1e-05	1e-05	1e-05	1.2e-05	1e-05	1e-05	1e-05	1e-05	0.276544	0.704308	BRC20100
1e-05	0.109771	1e-05	1e-05	1e-05	1e-05	1e-05	1e-05	1e-05	1e-05	1e-05	1e-05	1e-05	1e-05	1e-05	1e-05	1e-05	1e-05	1e-05	1e-05	0.890029	1e-05	BRC20102
1e-05	1e-05	1e-05	1e-05	1e-05	1e-05	1e-05	1e-05	1e-05	1e-05	1e-05	1e-05	1e-05	1e-05	1e-05	1e-05	1e-05	1e-05	1e-05	1e-05	1e-05	0.99979	BRC20103
1e-05	0.074424	1e-05	1e-05	1e-05	1e-05	0.628614	1e-05	0.10338	0.058004	1e-05	1e-05	1e-05	1e-05	1e-05	1e-05	1e-05	1e-05	1e-05	0.007095	0.128323	1e-05	BRC20105
1e-05	0.144707	1e-05	1e-05	1e-05	1e-05	0.596616	1e-05	0.103033	0.03281	1e-05	0.048887	1e-05	1e-05	1e-05	0.040888	1e-05	1e-05	1e-05	1e-05	0.032909	1e-05	BRC20107
1e-05	1e-05	1e-05	1e-05	1e-05	1e-05	1e-05	1e-05	1e-05	1e-05	1e-05	1e-05	1e-05	1e-05	1e-05	1e-05	1e-05	1e-05	0.99979	1e-05	1e-05	1e-05	BRC20115
1e-05	1e-05	1e-05	1e-05	1e-05	1e-05	1e-05	1e-05	0.732174	1e-05	1e-05	1e-05	1e-05	1e-05	1e-05	1e-05	1e-05	1e-05	1e-05	1e-05	1e-05	0.267626	BRC20119
1e-05	1e-05	1e-05	1e-05	1e-05	1e-05	1e-05	1e-05	1e-05	1e-05	1e-05	1e-05	1e-05	1e-05	1e-05	1e-05	1e-05	1e-05	1e-05	1e-05	0.99979	1e-05	BRC20228
1e-05	1e-05	1e-05	1e-05	1e-05	0.99979	1e-05	1e-05	1e-05	1e-05	1e-05	1e-05	1e-05	1e-05	1e-05	1e-05	1e-05	1e-05	1e-05	1e-05	1e-05	1e-05	BRC20229
1e-05	1e-05	1e-05	0.99979	1e-05	1e-05	1e-05	1e-05	1e-05	1e-05	1e-05	1e-05	1e-05	1e-05	1e-05	1e-05	1e-05	1e-05	1e-05	1e-05	1e-05	1e-05	BRC20230
1e-05	1e-05	1e-05	1e-05	1e-05	0.99979	1e-05	1e-05	1e-05	1e-05	1e-05	1e-05	1e-05	1e-05	1e-05	1e-05	1e-05	1e-05	1e-05	1e-05	1e-05	1e-05	BRC20232
1e-05	1e-05	1e-05	1e-05	1e-05	1e-05	1e-05	0.99979	1e-05	1e-05	1e-05	1e-05	1e-05	1e-05	1e-05	1e-05	1e-05	1e-05	1e-05	1e-05	1e-05	1e-05	BRC20238
1e-05	1e-05	1e-05	1e-05	1e-05	0.999789	1e-05	1e-05	1e-05	1e-05	1e-05	1e-05	1e-05	1e-05	1.1e-05	1e-05	1e-05	1e-05	1e-05	1e-05	1e-05	1e-05	BRC20239
1e-05	0.099233	1e-05	1e-05	1e-05	1e-05	1e-05	1e-05	0.06475	1e-05	1e-05	1e-05	1e-05	1e-05	1e-05	1e-05	1e-05	1e-05	1e-05	1e-05	0.835827	1e-05	BRC20241
1e-05	0.156336	1e-05	1e-05	1e-05	1e-05	1e-05	1e-05	1e-05	1e-05	1e-05	1e-05	1e-05	1e-05	1e-05	1e-05	1e-05	1e-05	1e-05	1e-05	0.843464	1e-05	BRC20242
1e-05	1e-05	1e-05	0.427669	1e-05	1e-05	1e-05	0.572131	1e-05	1e-05	1e-05	1e-05	1e-05	1e-05	1e-05	1e-05	1e-05	1e-05	1e-05	1e-05	1e-05	1e-05	BRC20244
1e-05	1e-05	1e-05	1e-05	1e-05	1e-05	1e-05	0.99979	1e-05	1e-05	1e-05	1e-05	1e-05	1e-05	1e-05	1e-05	1e-05	1e-05	1e-05	1e-05	1e-05	1e-05	BRC20246
1e-05	1e-05	1e-05	1e-05	1e-05	1e-05	1e-05	1e-05	0.99979	1e-05	1e-05	1e-05	1e-05	1e-05	1e-05	1e-05	1e-05	1e-05	1e-05	1e-05	1e-05	1e-05	BRC20257
1e-05	1e-05	1e-05	1e-05	1e-05	1e-05	1e-05	1e-05	1e-05	1e-05	1e-05	1e-05	1e-05	1e-05	1e-05	1e-05	1e-05	1e-05	1e-05	1e-05	0.99979	1e-05	BRC20260
1e-05	1e-05	1e-05	0.827155	1e-05	1e-05	1e-05	1e-05	1e-05	1e-05	0.172645	1e-05	1e-05	1e-05	1e-05	1e-05	1e-05	1e-05	1e-05	1e-05	1e-05	1e-05	BRC20270
1e-05	1e-05	1e-05	0.760606	1e-05	1e-05	1e-05	1e-05	1e-05	1e-05	0.239194	1e-05	1e-05	1e-05	1e-05	1e-05	1e-05	1e-05	1e-05	1e-05	1e-05	1e-05	BRC20272
1e-05	1e-05	1e-05	0.999782	1e-05	1e-05	1e-05	1e-05	1e-05	1e-05	1.8e-05	1e-05	1e-05	1e-05	1e-05	1e-05	1e-05	1e-05	1e-05	1e-05	1e-05	1e-05	BRC20289
1e-05	1e-05	1e-05	0.99979	1e-05	1e-05	1e-05	1e-05	1e-05	1e-05	1e-05	1e-05	1e-05	1e-05	1e-05	1e-05	1e-05	1e-05	1e-05	1e-05	1e-05	1e-05	BRC20290
1e-05	0.180572	1e-05	1e-05	1e-05	1e-05	1e-05	1e-05	1e-05	1e-05	1e-05	1e-05	1e-05	1e-05	1e-05	1e-05	1e-05	1e-05	1e-05	1e-05	0.819228	1e-05	BRC20294
1e-05	1e-05	1e-05	1e-05	1e-05	1e-05	1e-05	1e-05	1e-05	1e-05	0.99979	1e-05	1e-05	1e-05	1e-05	1e-05	1e-05	1e-05	1e-05	1e-05	1e-05	1e-05	BRC20308
1e-05	1e-05	1e-05	1e-05	1e-05	1e-05	1e-05	1e-05	1e-05	1e-05	0.99979	1e-05	1e-05	1e-05	1e-05	1e-05	1e-05	1e-05	1e-05	1e-05	1e-05	1e-05	BRC20309
1e-05	1e-05	1e-05	0.11913	1e-05	1e-05	1e-05	1e-05	1e-05	1e-05	0.88067	1e-05	1e-05	1e-05	1e-05	1e-05	1e-05	1e-05	1e-05	1e-05	1e-05	1e-05	BRC20311
1e-05	1e-05	1e-05	1e-05	1e-05	1e-05	1e-05	1e-05	1e-05	1e-05	0.99979	1e-05	1e-05	1e-05	1e-05	1e-05	1e-05	1e-05	1e-05	1e-05	1e-05	1e-05	BRC20312
1e-05	1e-05	1e-05	1e-05	1e-05	1e-05	1e-05	1e-05	1e-05	1e-05	0.99979	1e-05	1e-05	1e-05	1e-05	1e-05	1e-05	1e-05	1e-05	1e-05	1e-05	1e-05	BRC20315
1e-05	1e-05	1e-05	0.112245	1e-05	1e-05	1e-05	1e-05	1e-05	1e-05	0.887555	1e-05	1e-05	1e-05	1e-05	1e-05	1e-05	1e-05	1e-05	1e-05	1e-05	1e-05	BRC20320
1e-05	1e-05	1e-05	1e-05	1e-05	0.643832	1e-05	1e-05	1e-05	1e-05	1e-05	1e-05	1e-05	1e-05	1e-05	1e-05	1e-05	1e-05	1e-05	1e-05	0.152146	0.203832	BRC20324
1e-05	1e-05	1e-05	1e-05	1e-05	1e-05	1e-05	1e-05	1e-05	1e-05	0.99979	1e-05	1e-05	1e-05	1e-05	1e-05	1e-05	1e-05	1e-05	1e-05	1e-05	1e-05	BRC20331
1e-05	1e-05	1e-05	0.841699	1e-05	1e-05	1e-05	0.126691	1e-05	1e-05	0.03142	1e-05	1e-05	1e-05	1e-05	1e-05	1e-05	1e-05	1e-05	1e-05	1e-05	1e-05	BRC20333
1e-05	1e-05	1e-05	1e-05	1e-05	1e-05	1e-05	1e-05	1e-05	1e-05	0.99979	1e-05	1e-05	1e-05	1e-05	1e-05	1e-05	1e-05	1e-05	1e-05	1e-05	1e-05	BRC20334
1e-05	1e-05	1e-05	0.30338	1e-05	1e-05	1e-05	1e-05	1e-05	1e-05	0.69642	1e-05	1e-05	1e-05	1e-05	1e-05	1e-05	1e-05	1e-05	1e-05	1e-05	1e-05	BRC20339
1e-05	1e-05	1e-05	0.93979	1e-05	1e-05	1e-05	1e-05	1e-05	1e-05	0.06001	1e-05	1e-05	1e-05	1e-05	1e-05	1e-05	1e-05	1e-05	1e-05	1e-05	1e-05	BRC20341
1e-05	1.1e-05	1e-05	1e-05	1e-05	0.999782	1e-05	1e-05	1e-05	1e-05	1e-05	1e-05	1e-05	1e-05	1.7e-05	1e-05	1e-05	1e-05	1e-05	1e-05	1e-05	1e-05	BRC20343
1e-05	1e-05	1e-05	0.99979	1e-05	1e-05	1e-05	1e-05	1e-05	1e-05	1e-05	1e-05	1e-05	1e-05	1e-05	1e-05	1e-05	1e-05	1e-05	1e-05	1e-05	1e-05	BRC20346
1.1e-05	1e-05	1e-05	1e-05	1e-05	0.999778	1e-05	1e-05	1e-05	1.2e-05	1e-05	1e-05	1e-05	1.4e-05	1e-05	1e-05	1e-05	1.4e-05	1e-05	1e-05	1e-05	1e-05	BRC20347
1e-05	1e-05	1e-05	0.875066	1e-05	1e-05	1e-05	1e-05	1e-05	1e-05	0.124733	1e-05	1e-05	1e-05	1e-05	1e-05	1e-05	1e-05	1e-05	1e-05	1e-05	1e-05	BRC20348
1e-05	1e-05	1e-05	1e-05	1e-05	1e-05	0.999789	1e-05	1e-05	1e-05	1e-05	1e-05	1e-05	1.1e-05	1e-05	1e-05	1e-05	1e-05	1e-05	1e-05	1e-05	1e-05	BRC20353
1e-05	1e-05	1e-05	1e-05	1e-05	1e-05	0.99979	1e-05	1e-05	1e-05	1e-05	1e-05	1e-05	1e-05	1e-05	1e-05	1e-05	1e-05	1e-05	1e-05	1e-05	1e-05	BRC20360
1e-05	1e-05	1e-05	1e-05	1e-05	1e-05	0.99979	1e-05	1e-05	1e-05	1e-05	1e-05	1e-05	1e-05	1e-05	1e-05	1e-05	1e-05	1e-05	1e-05	1e-05	1e-05	BRC20361
1e-05	1e-05	1e-05	1e-05	1e-05	1e-05	0.99979	1e-05	1e-05	1e-05	1e-05	1e-05	1e-05	1e-05	1e-05	1e-05	1e-05	1e-05	1e-05	1e-05	1e-05	1e-05	BRC20362
1e-05	1e-05	1e-05	1e-05	1e-05	1e-05	1e-05	1e-05	1e-05	1e-05	0.99979	1e-05	1e-05	1e-05	1e-05	1e-05	1e-05	1e-05	1e-05	1e-05	1e-05	1e-05	BRC20366
1e-05	1e-05	1e-05	0.99979	1e-05	1e-05	1e-05	1e-05	1e-05	1e-05	1e-05	1e-05	1e-05	1e-05	1e-05	1e-05	1e-05	1e-05	1e-05	1e-05	1e-05	1e-05	BRC20367
1e-05	1e-05	1e-05	1e-05	1e-05	1e-05	1e-05	1e-05	1e-05	1e-05	1e-05	1e-05	1e-05	1e-05	1e-05	1e-05	1e-05	1e-05	1e-05	1e-05	1e-05	0.99979	BRC20369
1e-05	1e-05	1e-05	1e-05	1e-05	1e-05	1e-05	1e-05	1e-05	1e-05	0.99979	1e-05	1e-05	1e-05	1e-05	1e-05	1e-05	1e-05	1e-05	1e-05	1e-05	1e-05	BRC20370
1e-05	1e-05	1e-05	1e-05	1e-05	1e-05	1.3e-05	1e-05	1e-05	1e-05	1e-05	1e-05	1e-05	1e-05	1e-05	1e-05	1e-05	0.999787	1e-05	1e-05	1e-05	1e-05	BRC20388
1e-05	1e-05	1e-05	1e-05	1e-05	1e-05	1e-05	0.99979	1e-05	1e-05	1e-05	1e-05	1e-05	1e-05	1e-05	1e-05	1e-05	1e-05	1e-05	1e-05	1e-05	1e-05	BRC20390
1e-05	1e-05	1e-05	1e-05	1e-05	1e-05	1e-05	1e-05	1e-05	1e-05	1e-05	1e-05	1e-05	1e-05	1e-05	1e-05	1e-05	1e-05	1e-05	1e-05	0.99979	1e-05	BRC20401
1e-05	1e-05	1e-05	0.206262	1e-05	1.9e-05	1e-05	0.600146	1e-05	1e-05	0.193384	1e-05	1e-05	1.9e-05	1e-05	1e-05	1e-05	1e-05	1e-05	1e-05	1e-05	1e-05	BRC20463
1e-05	1e-05	1e-05	1.1e-05	1e-05	1e-05	1.1e-05	1e-05	1e-05	1.3e-05	1e-05	1.7e-05	1e-05	1e-05	1e-05	1e-05	1e-05	1e-05	0.999778	1e-05	1e-05	1e-05	BRC20492
1e-05	1e-05	1e-05	0.928017	1e-05	1e-05	1e-05	1e-05	1e-05	1e-05	0.071783	1e-05	1e-05	1e-05	1e-05	1e-05	1e-05	1e-05	1e-05	1e-05	1e-05	1e-05	BRC20499
1e-05	1e-05	1e-05	0.159587	1e-05	1e-05	1e-05	1e-05	1e-05	1e-05	0.840213	1e-05	1e-05	1e-05	1e-05	1e-05	1e-05	1e-05	1e-05	1e-05	1e-05	1e-05	BRC20501
1e-05	1e-05	1e-05	1e-05	1e-05	1e-05	1e-05	1e-05	1e-05	1e-05	1e-05	1e-05	0.99979	1e-05	1e-05	1e-05	1e-05	1e-05	1e-05	1e-05	1e-05	1e-05	BRC20502
1e-05	1e-05	1e-05	1e-05	1e-05	1e-05	1e-05	1e-05	1e-05	1e-05	1e-05	1e-05	0.99979	1e-05	1e-05	1e-05	1e-05	1e-05	1e-05	1e-05	1e-05	1e-05	BRC20503
1e-05	1e-05	1e-05	1e-05	1e-05	1e-05	1e-05	1e-05	1e-05	1e-05	1e-05	1e-05	1e-05	1e-05	1e-05	1.4e-05	1e-05	1.7e-05	0.999779	1e-05	1e-05	1e-05	BRC20519
1e-05	1e-05	1e-05	1e-05	1e-05	1e-05	1e-05	1e-05	1e-05	1e-05	1e-05	1.2e-05	1e-05	1.3e-05	1e-05	1e-05	1e-05	1e-05	0.999785	1e-05	1e-05	1e-05	BRC20520
1e-05	1e-05	1e-05	1e-05	1e-05	0.999786	1e-05	1e-05	1e-05	1e-05	1e-05	1e-05	1.3e-05	1e-05	1e-05	1e-05	1e-05	1e-05	1e-05	1e-05	1e-05	1e-05	BRC20522
1e-05	1e-05	1e-05	1e-05	1e-05	0.999782	1e-05	1e-05	1e-05	1e-05	1e-05	1e-05	1.8e-05	1e-05	1e-05	1e-05	1e-05	1e-05	1e-05	1e-05	1e-05	1e-05	BRC20524
1e-05	1e-05	1e-05	0.99979	1e-05	1e-05	1e-05	1e-05	1e-05	1e-05	1e-05	1e-05	1e-05	1e-05	1e-05	1e-05	1e-05	1e-05	1e-05	1e-05	1e-05	1e-05	BRC20529
1e-05	1e-05	1e-05	1e-05	1e-05	0.99979	1e-05	1e-05	1e-05	1e-05	1e-05	1e-05	1e-05	1e-05	1e-05	1e-05	1e-05	1e-05	1e-05	1e-05	1e-05	1e-05	BRC20530
1e-05	1e-05	1e-05	1e-05	1e-05	0.99979	1e-05	1e-05	1e-05	1e-05	1e-05	1e-05	1e-05	1e-05	1e-05	1e-05	1e-05	1e-05	1e-05	1e-05	1e-05	1e-05	BRC20531
1e-05	1e-05	1e-05	0.315927	1e-05	1e-05	1e-05	0.683873	1e-05	1e-05	1e-05	1e-05	1e-05	1e-05	1e-05	1e-05	1e-05	1e-05	1e-05	1e-05	1e-05	1e-05	BRC20532
1e-05	1e-05	1e-05	0.253318	1e-05	1e-05	1e-05	1e-05	1e-05	1e-05	0.746482	1e-05	1e-05	1e-05	1e-05	1e-05	1e-05	1e-05	1e-05	1e-05	1e-05	1e-05	BRC20533
1e-05	1e-05	1e-05	0.288477	1e-05	1e-05	1e-05	1e-05	1e-05	1e-05	0.711323	1e-05	1e-05	1e-05	1e-05	1e-05	1e-05	1e-05	1e-05	1e-05	1e-05	1e-05	BRC20534
1e-05	1e-05	1e-05	0.171173	1e-05	1e-05	1e-05	1e-05	1e-05	1e-05	0.828627	1e-05	1e-05	1e-05	1e-05	1e-05	1e-05	1e-05	1e-05	1e-05	1e-05	1e-05	BRC20535
1e-05	1e-05	1e-05	0.065663	1e-05	1e-05	1e-05	1e-05	1e-05	1e-05	0.934137	1e-05	1e-05	1e-05	1e-05	1e-05	1e-05	1e-05	1e-05	1e-05	1e-05	1e-05	BRC20536
1e-05	1e-05	1e-05	1.7e-05	1e-05	1e-05	1e-05	0.999781	1e-05	1e-05	1.2e-05	1e-05	1e-05	1e-05	1e-05	1e-05	1e-05	1e-05	1e-05	1e-05	1e-05	1e-05	BRC20537
1e-05	1.3e-05	1e-05	1e-05	1e-05	1e-05	1e-05	1e-05	1e-05	1e-05	1e-05	1e-05	1e-05	1e-05	1e-05	1e-05	1e-05	1e-05	0.999787	1e-05	1e-05	1e-05	BRC20541
1e-05	1e-05	1e-05	1e-05	1e-05	1e-05	1e-05	0.99979	1e-05	1e-05	1e-05	1e-05	1e-05	1e-05	1e-05	1e-05	1e-05	1e-05	1e-05	1e-05	1e-05	1e-05	BRC20543
1e-05	1e-05	1e-05	0.110973	1e-05	1e-05	1e-05	0.109396	1e-05	1e-05	0.779441	1e-05	1e-05	1e-05	1e-05	1e-05	1e-05	1e-05	1e-05	1e-05	1e-05	1e-05	BRC20544
1e-05	1e-05	1e-05	0.937542	1e-05	1e-05	1e-05	1e-05	1e-05	1e-05	0.062258	1e-05	1e-05	1e-05	1e-05	1e-05	1e-05	1e-05	1e-05	1e-05	1e-05	1e-05	BRC20545
1e-05	1e-05	1e-05	1e-05	1e-05	1e-05	1e-05	1e-05	1e-05	1e-05	1e-05	1e-05	1e-05	1e-05	1e-05	1e-05	1e-05	1e-05	1e-05	1e-05	0.99979	1e-05	BRC20556
1e-05	1e-05	1e-05	0.402558	1e-05	1e-05	1e-05	0.597242	1e-05	1e-05	1e-05	1e-05	1e-05	1e-05	1e-05	1e-05	1e-05	1e-05	1e-05	1e-05	1e-05	1e-05	BRC20557
1e-05	0.854963	1e-05	1e-05	1e-05	1e-05	1e-05	1e-05	1e-05	1e-05	1e-05	1e-05	1e-05	1e-05	1e-05	1e-05	1e-05	1e-05	1e-05	1e-05	0.144837	1e-05	BRC20565
1e-05	1e-05	1e-05	1e-05	1e-05	1e-05	1e-05	1e-05	1.2e-05	1e-05	1e-05	1e-05	1e-05	1e-05	1e-05	1e-05	1e-05	1e-05	1e-05	0.030595	0.300826	0.668388	BRC20571
1e-05	0.325112	1e-05	1e-05	1e-05	1e-05	1e-05	1e-05	1e-05	1e-05	1e-05	1e-05	1e-05	1e-05	1e-05	1e-05	1e-05	1e-05	1e-05	1e-05	0.561922	0.112776	BRC20574
1e-05	1e-05	1e-05	1e-05	1e-05	1e-05	1e-05	1e-05	1e-05	1e-05	1e-05	1e-05	1e-05	1e-05	1e-05	1e-05	1e-05	0.99979	1e-05	1e-05	1e-05	1e-05	BW287
1e-05	0.414656	1e-05	1e-05	1e-05	1e-05	1e-05	1e-05	1e-05	1e-05	1e-05	1e-05	1e-05	1e-05	1e-05	0.420198	1e-05	1e-05	1e-05	0.090002	0.074964	1e-05	DF5100
1e-05	0.99979	1e-05	1e-05	1e-05	1e-05	1e-05	1e-05	1e-05	1e-05	1e-05	1e-05	1e-05	1e-05	1e-05	1e-05	1e-05	1e-05	1e-05	1e-05	1e-05	1e-05	ECA1129
1e-05	0.830595	1e-05	1e-05	1e-05	1e-05	1e-05	1e-05	1e-05	1e-05	1e-05	1e-05	1e-05	1e-05	1e-05	1e-05	1e-05	1e-05	1e-05	0.169205	1e-05	1e-05	ECA1143
1e-05	0.94558	1e-05	1e-05	1e-05	1e-05	1e-05	1e-05	1e-05	1e-05	1e-05	1e-05	1e-05	1e-05	1e-05	1e-05	1e-05	1e-05	1e-05	1e-05	1e-05	0.05422	ECA1147
1e-05	0.663769	1e-05	0.044205	1e-05	1e-05	1e-05	1e-05	1e-05	1e-05	1e-05	1e-05	1e-05	1e-05	1e-05	1e-05	1e-05	1e-05	1e-05	1e-05	1e-05	0.291836	ECA1149
1e-05	0.841296	1e-05	1e-05	1e-05	1e-05	1e-05	1e-05	1e-05	1e-05	1e-05	1e-05	1e-05	1e-05	1e-05	1e-05	1e-05	1e-05	1e-05	1e-05	0.042912	0.115603	ECA1160
1e-05	0.949127	1e-05	1e-05	1e-05	1e-05	1e-05	1e-05	1e-05	1e-05	1e-05	1e-05	1e-05	1e-05	1e-05	1e-05	1e-05	1e-05	1e-05	1e-05	1e-05	0.050673	ECA1164
1e-05	1e-05	1e-05	0.99979	1e-05	1e-05	1e-05	1e-05	1e-05	1e-05	1e-05	1e-05	1e-05	1e-05	1e-05	1e-05	1e-05	1e-05	1e-05	1e-05	1e-05	1e-05	ECA1170
1e-05	0.99979	1e-05	1e-05	1e-05	1e-05	1e-05	1e-05	1e-05	1e-05	1e-05	1e-05	1e-05	1e-05	1e-05	1e-05	1e-05	1e-05	1e-05	1e-05	1e-05	1e-05	ECA1174
1e-05	1e-05	1e-05	0.823101	1e-05	1e-05	1e-05	0.176699	1e-05	1e-05	1e-05	1e-05	1e-05	1e-05	1e-05	1e-05	1e-05	1e-05	1e-05	1e-05	1e-05	1e-05	ECA1383
1e-05	0.99979	1e-05	1e-05	1e-05	1e-05	1e-05	1e-05	1e-05	1e-05	1e-05	1e-05	1e-05	1e-05	1e-05	1e-05	1e-05	1e-05	1e-05	1e-05	1e-05	1e-05	ECA1411
1e-05	0.52822	1e-05	1e-05	1e-05	1e-05	1e-05	1e-05	1e-05	1e-05	1e-05	1e-05	1e-05	1e-05	1e-05	1e-05	1e-05	1e-05	1e-05	1e-05	1e-05	0.47158	ECA1423
1e-05	0.99979	1e-05	1e-05	1e-05	1e-05	1e-05	1e-05	1e-05	1e-05	1e-05	1e-05	1e-05	1e-05	1e-05	1e-05	1e-05	1e-05	1e-05	1e-05	1e-05	1e-05	ECA1429
1e-05	0.29796	1e-05	1e-05	1e-05	1e-05	1e-05	1e-05	1e-05	1e-05	1e-05	1e-05	1e-05	1e-05	1e-05	1e-05	1e-05	1e-05	1e-05	1e-05	0.70184	1e-05	ECA1431
1e-05	0.99979	1e-05	1e-05	1e-05	1e-05	1e-05	1e-05	1e-05	1e-05	1e-05	1e-05	1e-05	1e-05	1e-05	1e-05	1e-05	1e-05	1e-05	1e-05	1e-05	1e-05	ECA1437
1e-05	0.913162	1e-05	1e-05	1e-05	1e-05	1e-05	1e-05	1e-05	1e-05	1e-05	1e-05	1e-05	1e-05	1e-05	0.058949	1e-05	1e-05	1e-05	1e-05	0.027699	1e-05	ECA1439
1e-05	0.063083	1e-05	0.936717	1e-05	1e-05	1e-05	1e-05	1e-05	1e-05	1e-05	1e-05	1e-05	1e-05	1e-05	1e-05	1e-05	1e-05	1e-05	1e-05	1e-05	1e-05	ECA1443
1e-05	0.99979	1e-05	1e-05	1e-05	1e-05	1e-05	1e-05	1e-05	1e-05	1e-05	1e-05	1e-05	1e-05	1e-05	1e-05	1e-05	1e-05	1e-05	1e-05	1e-05	1e-05	ECA1471
1e-05	0.619723	0.008174	1e-05	1e-05	1e-05	1e-05	1e-05	1e-05	1e-05	1e-05	1e-05	1e-05	1e-05	1e-05	1.5e-05	1e-05	1e-05	1e-05	0.27586	0.096058	1e-05	ECA1489
1e-05	0.99979	1e-05	1e-05	1e-05	1e-05	1e-05	1e-05	1e-05	1e-05	1e-05	1e-05	1e-05	1e-05	1e-05	1e-05	1e-05	1e-05	1e-05	1e-05	1e-05	1e-05	ECA1507
1e-05	0.99979	1e-05	1e-05	1e-05	1e-05	1e-05	1e-05	1e-05	1e-05	1e-05	1e-05	1e-05	1e-05	1e-05	1e-05	1e-05	1e-05	1e-05	1e-05	1e-05	1e-05	ECA1509
1e-05	0.99979	1e-05	1e-05	1e-05	1e-05	1e-05	1e-05	1e-05	1e-05	1e-05	1e-05	1e-05	1e-05	1e-05	1e-05	1e-05	1e-05	1e-05	1e-05	1e-05	1e-05	ECA1517
1e-05	0.83822	1e-05	1e-05	1e-05	1e-05	1e-05	1e-05	1e-05	1e-05	1e-05	1e-05	1e-05	1e-05	1e-05	1e-05	1e-05	1e-05	1e-05	1e-05	0.052093	0.109497	ECA1521
1e-05	0.763754	1e-05	1e-05	1e-05	1e-05	1e-05	1e-05	1e-05	1e-05	1e-05	1e-05	1e-05	1e-05	1e-05	1e-05	1e-05	1e-05	1e-05	1e-05	1e-05	0.236046	ECA1555
1e-05	1e-05	1e-05	0.999784	1e-05	1e-05	1e-05	1.6e-05	1e-05	1e-05	1e-05	1e-05	1e-05	1e-05	1e-05	1e-05	1e-05	1e-05	1e-05	1e-05	1e-05	1e-05	ECA1559
1e-05	0.99979	1e-05	1e-05	1e-05	1e-05	1e-05	1e-05	1e-05	1e-05	1e-05	1e-05	1e-05	1e-05	1e-05	1e-05	1e-05	1e-05	1e-05	1e-05	1e-05	1e-05	ECA1563
1e-05	0.755991	1e-05	1e-05	1e-05	1e-05	1e-05	1e-05	1e-05	1e-05	1e-05	1e-05	1e-05	1e-05	1e-05	1e-05	1e-05	1e-05	1e-05	0.243809	1e-05	1e-05	ECA1571
1e-05	0.570351	1e-05	1e-05	1e-05	1e-05	1e-05	1e-05	1e-05	1e-05	1e-05	1e-05	1e-05	1e-05	1e-05	1e-05	1e-05	1e-05	1e-05	1e-05	1e-05	0.429449	ECA1587
1e-05	0.061057	1e-05	0.873203	1e-05	1e-05	1e-05	1e-05	1e-05	1e-05	1e-05	1e-05	1e-05	1e-05	1e-05	1e-05	1e-05	1e-05	1e-05	0.065551	1e-05	1e-05	ECA1605
1e-05	0.99979	1e-05	1e-05	1e-05	1e-05	1e-05	1e-05	1e-05	1e-05	1e-05	1e-05	1e-05	1e-05	1e-05	1e-05	1e-05	1e-05	1e-05	1e-05	1e-05	1e-05	ECA1609
1e-05	0.744626	1e-05	1e-05	1e-05	1e-05	1e-05	1e-05	1e-05	1e-05	1e-05	1e-05	1e-05	1e-05	1e-05	1e-05	1e-05	1e-05	1e-05	1e-05	1e-05	0.255174	ECA161
1e-05	0.99979	1e-05	1e-05	1e-05	1e-05	1e-05	1e-05	1e-05	1e-05	1e-05	1e-05	1e-05	1e-05	1e-05	1e-05	1e-05	1e-05	1e-05	1e-05	1e-05	1e-05	ECA1611
1e-05	0.99979	1e-05	1e-05	1e-05	1e-05	1e-05	1e-05	1e-05	1e-05	1e-05	1e-05	1e-05	1e-05	1e-05	1e-05	1e-05	1e-05	1e-05	1e-05	1e-05	1e-05	ECA1615
1e-05	0.479402	1e-05	1e-05	1e-05	1e-05	1e-05	1e-05	1e-05	1e-05	1e-05	1e-05	1e-05	1e-05	1e-05	1e-05	1e-05	1e-05	1e-05	1e-05	1e-05	0.520398	ECA162
1e-05	0.883976	1e-05	1e-05	1e-05	1e-05	1e-05	1e-05	1e-05	1e-05	1e-05	1e-05	1e-05	1e-05	1e-05	1e-05	1e-05	1e-05	1e-05	1e-05	0.115824	1e-05	ECA1621
1e-05	1e-05	1e-05	1.8e-05	1e-05	1e-05	1e-05	1e-05	1e-05	1e-05	1e-05	1e-05	1e-05	1e-05	0.999782	1e-05	1e-05	1e-05	1e-05	1e-05	1e-05	1e-05	ECA163
1e-05	0.422964	1e-05	1e-05	1e-05	1e-05	1e-05	1e-05	1e-05	1e-05	1e-05	1e-05	1e-05	1e-05	1e-05	1e-05	1e-05	1e-05	1e-05	1e-05	0.576836	1e-05	ECA1637
1e-05	0.584442	1e-05	1e-05	1e-05	1e-05	1e-05	1e-05	1e-05	1e-05	1e-05	1e-05	1e-05	1e-05	1e-05	1e-05	1e-05	1e-05	1e-05	1e-05	1e-05	0.415358	ECA1657
1e-05	1e-05	1e-05	1e-05	1e-05	1e-05	1e-05	1e-05	1e-05	0.017588	1e-05	1.3e-05	1e-05	1e-05	1e-05	0.039069	1e-05	1e-05	1e-05	1e-05	0.94315	1e-05	ECA1701
1e-05	0.845055	1e-05	1e-05	1e-05	1e-05	1e-05	1e-05	1e-05	1e-05	1e-05	1e-05	1e-05	1e-05	1e-05	1e-05	1e-05	1e-05	1e-05	1e-05	0.154745	1e-05	ECA175
1e-05	0.967973	1e-05	1e-05	1e-05	1e-05	1e-05	1e-05	1e-05	1e-05	1e-05	1e-05	1e-05	1e-05	1e-05	1e-05	1e-05	1e-05	1e-05	1e-05	0.031827	1e-05	ECA176
1e-05	0.925753	1e-05	1e-05	1e-05	1e-05	1e-05	1e-05	1e-05	1e-05	1e-05	1e-05	1e-05	1e-05	1e-05	1e-05	1e-05	1e-05	1e-05	1e-05	1e-05	0.074047	ECA177
1e-05	0.929013	1e-05	1e-05	1e-05	1e-05	1e-05	1e-05	1e-05	1e-05	1e-05	1e-05	1e-05	1e-05	1e-05	1e-05	1e-05	1e-05	1e-05	1e-05	1e-05	0.070787	ECA180
1e-05	0.892474	1e-05	1e-05	1e-05	1e-05	1e-05	1e-05	1e-05	1e-05	1e-05	1e-05	1e-05	1e-05	1e-05	1e-05	1e-05	1e-05	1e-05	1e-05	1e-05	0.107326	ECA182
1e-05	0.99979	1e-05	1e-05	1e-05	1e-05	1e-05	1e-05	1e-05	1e-05	1e-05	1e-05	1e-05	1e-05	1e-05	1e-05	1e-05	1e-05	1e-05	1e-05	1e-05	1e-05	ECA183
1e-05	0.99979	1e-05	1e-05	1e-05	1e-05	1e-05	1e-05	1e-05	1e-05	1e-05	1e-05	1e-05	1e-05	1e-05	1e-05	1e-05	1e-05	1e-05	1e-05	1e-05	1e-05	ECA185
1e-05	0.804806	1e-05	1e-05	1e-05	1e-05	1e-05	1e-05	1e-05	1e-05	1e-05	1e-05	1e-05	1e-05	1e-05	0.064529	1e-05	1e-05	1e-05	1e-05	0.130475	1e-05	ECA186
1e-05	0.999783	1e-05	1e-05	1e-05	1e-05	1e-05	1e-05	1e-05	1e-05	1e-05	1e-05	1e-05	1.3e-05	1e-05	1e-05	1e-05	1e-05	1.4e-05	1e-05	1e-05	1e-05	ECA2083
1e-05	0.95983	1e-05	1e-05	1e-05	1e-05	1e-05	1e-05	1e-05	1e-05	1e-05	1e-05	1e-05	1e-05	1e-05	1e-05	1e-05	1e-05	1e-05	1e-05	1e-05	0.03997	ECA2093
1e-05	0.42617	1e-05	1e-05	1e-05	1e-05	1e-05	1e-05	1e-05	1e-05	1e-05	1e-05	1e-05	1e-05	1e-05	1e-05	1e-05	1e-05	1e-05	1e-05	0.57363	1e-05	ECA2115
1e-05	1e-05	1e-05	0.79477	1e-05	1e-05	1e-05	1e-05	1e-05	1e-05	0.20503	1e-05	1e-05	1e-05	1e-05	1e-05	1e-05	1e-05	1e-05	1e-05	1e-05	1e-05	ECA2299
1e-05	0.483675	1e-05	1e-05	1e-05	1e-05	0.015974	1e-05	1e-05	0.043862	1e-05	1e-05	1e-05	1e-05	1e-05	0.011278	1e-05	1e-05	1e-05	1e-05	0.445041	1e-05	ECA2373
1e-05	1e-05	1e-05	1e-05	1e-05	1e-05	1e-05	0.999783	1e-05	1e-05	1e-05	1e-05	1e-05	1e-05	1e-05	1e-05	1e-05	1.7e-05	1e-05	1e-05	1e-05	1e-05	ECA2385
1e-05	0.408911	1e-05	1e-05	1e-05	1e-05	1e-05	1e-05	1e-05	1e-05	1e-05	1e-05	1e-05	1e-05	1e-05	1e-05	1e-05	1e-05	1e-05	1e-05	0.272556	0.318343	ECA2425
0.99979	1e-05	1e-05	1e-05	1e-05	1e-05	1e-05	1e-05	1e-05	1e-05	1e-05	1e-05	1e-05	1e-05	1e-05	1e-05	1e-05	1e-05	1e-05	1e-05	1e-05	1e-05	ECA2617
0.99979	1e-05	1e-05	1e-05	1e-05	1e-05	1e-05	1e-05	1e-05	1e-05	1e-05	1e-05	1e-05	1e-05	1e-05	1e-05	1e-05	1e-05	1e-05	1e-05	1e-05	1e-05	ECA2618
0.99979	1e-05	1e-05	1e-05	1e-05	1e-05	1e-05	1e-05	1e-05	1e-05	1e-05	1e-05	1e-05	1e-05	1e-05	1e-05	1e-05	1e-05	1e-05	1e-05	1e-05	1e-05	ECA2621
1e-05	1e-05	1e-05	1e-05	1e-05	1e-05	1e-05	1e-05	1e-05	1e-05	1e-05	1e-05	1e-05	1e-05	1e-05	0.99979	1e-05	1e-05	1e-05	1e-05	1e-05	1e-05	ECA2623
1e-05	0.558456	1e-05	1e-05	1e-05	1e-05	1e-05	1e-05	1e-05	1e-05	1e-05	1e-05	1e-05	1e-05	1e-05	1e-05	1e-05	1e-05	1e-05	1e-05	1e-05	0.441344	ECA2625
1e-05	0.859667	1e-05	1e-05	1e-05	1e-05	1e-05	1e-05	1e-05	1e-05	1e-05	1e-05	1e-05	1e-05	1e-05	1e-05	1e-05	1e-05	1e-05	1e-05	1e-05	0.140133	ECA2626
1e-05	0.343331	1e-05	1e-05	1e-05	1e-05	1e-05	1e-05	1e-05	1e-05	1e-05	1e-05	1e-05	1e-05	1e-05	1e-05	1e-05	1e-05	1e-05	1e-05	0.656469	1e-05	ECA2636
1e-05	0.782699	1e-05	1e-05	1e-05	1e-05	1e-05	1e-05	1e-05	1e-05	1e-05	1e-05	1e-05	1e-05	1e-05	0.038708	1e-05	1e-05	1e-05	1e-05	1e-05	0.178404	ECA2637
0.99979	1e-05	1e-05	1e-05	1e-05	1e-05	1e-05	1e-05	1e-05	1e-05	1e-05	1e-05	1e-05	1e-05	1e-05	1e-05	1e-05	1e-05	1e-05	1e-05	1e-05	1e-05	ECA2639
1e-05	0.999787	1e-05	1e-05	1e-05	1e-05	1e-05	1e-05	1e-05	1e-05	1e-05	1e-05	1e-05	1e-05	1e-05	1e-05	1e-05	1e-05	1e-05	1e-05	1.3e-05	1e-05	ECA2645
0.99979	1e-05	1e-05	1e-05	1e-05	1e-05	1e-05	1e-05	1e-05	1e-05	1e-05	1e-05	1e-05	1e-05	1e-05	1e-05	1e-05	1e-05	1e-05	1e-05	1e-05	1e-05	ECA2647
1e-05	0.99979	1e-05	1e-05	1e-05	1e-05	1e-05	1e-05	1e-05	1e-05	1e-05	1e-05	1e-05	1e-05	1e-05	1e-05	1e-05	1e-05	1e-05	1e-05	1e-05	1e-05	ECA2663
1e-05	1e-05	1e-05	1e-05	1e-05	1e-05	1e-05	1e-05	1e-05	1e-05	1e-05	1e-05	1e-05	1e-05	1e-05	0.954676	1e-05	1e-05	1e-05	0.045124	1e-05	1e-05	ECA2664
0.99979	1e-05	1e-05	1e-05	1e-05	1e-05	1e-05	1e-05	1e-05	1e-05	1e-05	1e-05	1e-05	1e-05	1e-05	1e-05	1e-05	1e-05	1e-05	1e-05	1e-05	1e-05	ECA2666
1e-05	0.304861	1e-05	1e-05	1e-05	1e-05	1e-05	1e-05	1e-05	1e-05	1e-05	1e-05	1e-05	1e-05	1e-05	1e-05	1e-05	1e-05	1e-05	1e-05	0.694939	1e-05	ECA2667
0.99979	1e-05	1e-05	1e-05	1e-05	1e-05	1e-05	1e-05	1e-05	1e-05	1e-05	1e-05	1e-05	1e-05	1e-05	1e-05	1e-05	1e-05	1e-05	1e-05	1e-05	1e-05	ECA2670
1e-05	1e-05	1e-05	1e-05	1e-05	1e-05	1e-05	1.1e-05	1e-05	1e-05	1e-05	1e-05	1e-05	1e-05	0.999789	1e-05	1e-05	1e-05	1e-05	1e-05	1e-05	1e-05	ECA276
1e-05	1e-05	1e-05	1e-05	1e-05	1e-05	1e-05	1e-05	1e-05	1e-05	1e-05	1e-05	1e-05	1e-05	1e-05	1e-05	1e-05	0.99979	1e-05	1e-05	1e-05	1e-05	ECA278
1e-05	0.827726	1e-05	1e-05	1e-05	1e-05	1e-05	1e-05	1e-05	1e-05	1e-05	1e-05	1e-05	1e-05	1e-05	0.172074	1e-05	1e-05	1e-05	1e-05	1e-05	1e-05	ECA2808
1e-05	1e-05	1e-05	0.99979	1e-05	1e-05	1e-05	1e-05	1e-05	1e-05	1e-05	1e-05	1e-05	1e-05	1e-05	1e-05	1e-05	1e-05	1e-05	1e-05	1e-05	1e-05	ECA287
1e-05	1e-05	1e-05	0.106705	1e-05	1e-05	1e-05	1e-05	1e-05	1e-05	1e-05	1e-05	1e-05	1e-05	1e-05	0.893095	1e-05	1e-05	1e-05	1e-05	1e-05	1e-05	ECA288
1e-05	0.99978	1e-05	1e-05	1e-05	1e-05	1e-05	1e-05	1e-05	1e-05	1e-05	1e-05	1e-05	1e-05	1e-05	2e-05	1e-05	1e-05	1e-05	1e-05	1e-05	1e-05	ECA2883
1e-05	0.99979	1e-05	1e-05	1e-05	1e-05	1e-05	1e-05	1e-05	1e-05	1e-05	1e-05	1e-05	1e-05	1e-05	1e-05	1e-05	1e-05	1e-05	1e-05	1e-05	1e-05	ECA2890
1e-05	0.840949	1e-05	1e-05	1e-05	1e-05	1e-05	1e-05	1e-05	1e-05	1e-05	1e-05	1e-05	1e-05	1e-05	0.058597	1e-05	1e-05	1e-05	1e-05	1e-05	0.100263	ECA2894
1e-05	1e-05	1e-05	0.99979	1e-05	1e-05	1e-05	1e-05	1e-05	1e-05	1e-05	1e-05	1e-05	1e-05	1e-05	1e-05	1e-05	1e-05	1e-05	1e-05	1e-05	1e-05	ECA2936
1e-05	0.804981	1e-05	1e-05	1e-05	1e-05	1e-05	1e-05	1e-05	1e-05	1e-05	1e-05	1e-05	1e-05	1e-05	1e-05	1e-05	1e-05	1e-05	1e-05	1e-05	0.194819	ECA2975
1e-05	0.99979	1e-05	1e-05	1e-05	1e-05	1e-05	1e-05	1e-05	1e-05	1e-05	1e-05	1e-05	1e-05	1e-05	1e-05	1e-05	1e-05	1e-05	1e-05	1e-05	1e-05	ECA3091
1e-05	0.99979	1e-05	1e-05	1e-05	1e-05	1e-05	1e-05	1e-05	1e-05	1e-05	1e-05	1e-05	1e-05	1e-05	1e-05	1e-05	1e-05	1e-05	1e-05	1e-05	1e-05	ECA343
1e-05	0.735456	1e-05	1e-05	1e-05	1e-05	1e-05	1e-05	1e-05	1e-05	1e-05	1e-05	1e-05	1e-05	1e-05	0.220808	1e-05	1e-05	1e-05	1e-05	1e-05	0.043546	ECA346
1e-05	1e-05	1e-05	0.834717	1e-05	1e-05	1e-05	0.165083	1e-05	1e-05	1e-05	1e-05	1e-05	1e-05	1e-05	1e-05	1e-05	1e-05	1e-05	1e-05	1e-05	1e-05	ECA3502
1e-05	0.883706	1e-05	1e-05	1e-05	1e-05	1e-05	1e-05	1e-05	1e-05	1e-05	1e-05	1e-05	1e-05	1e-05	1e-05	1e-05	1e-05	1e-05	1e-05	1e-05	0.116094	ECA3503
1e-05	0.99979	1e-05	1e-05	1e-05	1e-05	1e-05	1e-05	1e-05	1e-05	1e-05	1e-05	1e-05	1e-05	1e-05	1e-05	1e-05	1e-05	1e-05	1e-05	1e-05	1e-05	ECA3509
1e-05	0.99979	1e-05	1e-05	1e-05	1e-05	1e-05	1e-05	1e-05	1e-05	1e-05	1e-05	1e-05	1e-05	1e-05	1e-05	1e-05	1e-05	1e-05	1e-05	1e-05	1e-05	ECA3708
1e-05	0.99979	1e-05	1e-05	1e-05	1e-05	1e-05	1e-05	1e-05	1e-05	1e-05	1e-05	1e-05	1e-05	1e-05	1e-05	1e-05	1e-05	1e-05	1e-05	1e-05	1e-05	ECA371
1e-05	0.99979	1e-05	1e-05	1e-05	1e-05	1e-05	1e-05	1e-05	1e-05	1e-05	1e-05	1e-05	1e-05	1e-05	1e-05	1e-05	1e-05	1e-05	1e-05	1e-05	1e-05	ECA3712
1e-05	0.922533	1e-05	1e-05	1e-05	1e-05	1e-05	1e-05	1e-05	1e-05	1e-05	1e-05	1e-05	1e-05	1e-05	1e-05	1e-05	1e-05	1e-05	1e-05	1e-05	0.077267	ECA3713
1e-05	0.999783	1e-05	1e-05	1e-05	1e-05	1e-05	1e-05	1e-05	1e-05	1e-05	1.7e-05	1e-05	1e-05	1e-05	1e-05	1e-05	1e-05	1e-05	1e-05	1e-05	1e-05	ECA3899
1e-05	0.309563	1e-05	1e-05	1e-05	1e-05	1e-05	1e-05	1e-05	1e-05	1e-05	1e-05	1e-05	1e-05	1e-05	0.690237	1e-05	1e-05	1e-05	1e-05	1e-05	1e-05	ECA4382
1e-05	1e-05	1e-05	1e-05	1e-05	1e-05	1e-05	1e-05	1e-05	1e-05	1e-05	1e-05	1e-05	1e-05	1e-05	0.99979	1e-05	1e-05	1e-05	1e-05	1e-05	1e-05	ECA4390
1e-05	0.177327	1e-05	1e-05	1e-05	1e-05	1e-05	1e-05	1e-05	1e-05	1e-05	1e-05	1e-05	1e-05	1e-05	1e-05	1e-05	1e-05	1e-05	1e-05	1e-05	0.822473	ECA4394
1e-05	0.326504	1e-05	1e-05	1e-05	1e-05	1e-05	1e-05	1e-05	1e-05	1e-05	1e-05	1e-05	1e-05	1e-05	1e-05	1e-05	1e-05	1e-05	1e-05	1e-05	0.673296	ECA4402
1e-05	1e-05	1e-05	1e-05	1e-05	1e-05	1e-05	1e-05	1e-05	1e-05	1e-05	1e-05	1e-05	1e-05	1e-05	1e-05	1e-05	0.99979	1e-05	1e-05	1e-05	1e-05	ECA569
1e-05	1e-05	1e-05	1e-05	1e-05	1e-05	1e-05	1e-05	1e-05	1e-05	1e-05	1e-05	1e-05	1e-05	1e-05	1e-05	1e-05	1e-05	1e-05	1e-05	0.99979	1e-05	ED3032
1e-05	0.316774	1e-05	1e-05	1e-05	1e-05	1e-05	1e-05	1e-05	1e-05	1e-05	1e-05	1e-05	1e-05	1e-05	1e-05	1e-05	1e-05	1e-05	1e-05	0.683026	1e-05	ED3037
1e-05	0.455695	1e-05	1e-05	1e-05	1e-05	1e-05	1e-05	1e-05	1e-05	1e-05	1e-05	1e-05	1e-05	1e-05	0.460496	1e-05	1e-05	1e-05	1e-05	0.083619	1e-05	ED3088
1e-05	1e-05	1e-05	1e-05	1e-05	1e-05	1e-05	1e-05	1e-05	1e-05	1e-05	1e-05	1e-05	1e-05	0.99979	1e-05	1e-05	1e-05	1e-05	1e-05	1e-05	1e-05	ED3102
1e-05	1e-05	1e-05	1e-05	1e-05	1e-05	1e-05	1e-05	1e-05	1e-05	1e-05	1e-05	1e-05	1e-05	1e-05	1e-05	1e-05	0.99979	1e-05	1e-05	1e-05	1e-05	EG4360
1e-05	1e-05	1e-05	1e-05	1e-05	1e-05	0.99979	1e-05	1e-05	1e-05	1e-05	1e-05	1e-05	1e-05	1e-05	1e-05	1e-05	1e-05	1e-05	1e-05	1e-05	1e-05	EG5612
1e-05	0.191445	1e-05	1e-05	1e-05	1e-05	0.014183	1e-05	0.037942	1e-05	1e-05	1e-05	1e-05	1e-05	1e-05	0.756251	1e-05	1e-05	1e-05	1e-05	1e-05	1e-05	EG5613
1e-05	0.336854	1e-05	1e-05	1e-05	1e-05	0.038844	1e-05	1e-05	1e-05	1e-05	1e-05	1e-05	1e-05	1e-05	0.108963	1e-05	1e-05	1e-05	0.012897	0.201315	0.300968	EG6179
1e-05	1.3e-05	1e-05	1e-05	1e-05	1e-05	1e-05	1e-05	1e-05	1e-05	1e-05	0.098195	1e-05	1e-05	1e-05	0.901601	1e-05	1e-05	1e-05	1e-05	1e-05	1e-05	EG6260
1e-05	0.414687	1e-05	1e-05	1e-05	1e-05	1e-05	1e-05	1e-05	1e-05	1e-05	1e-05	1e-05	1e-05	1e-05	0.585113	1e-05	1e-05	1e-05	1e-05	1e-05	1e-05	EG6261
1e-05	1e-05	1e-05	0.99979	1e-05	1e-05	1e-05	1e-05	1e-05	1e-05	1e-05	1e-05	1e-05	1e-05	1e-05	1e-05	1e-05	1e-05	1e-05	1e-05	1e-05	1e-05	EG6265
1e-05	0.554462	1e-05	1e-05	1e-05	1e-05	1e-05	1e-05	1e-05	1e-05	1e-05	1e-05	1e-05	1e-05	1e-05	0.445338	1e-05	1e-05	1e-05	1e-05	1e-05	1e-05	EG6267
1e-05	1e-05	1e-05	1e-05	1e-05	1e-05	1e-05	1e-05	1e-05	1e-05	1e-05	0.325016	1e-05	1e-05	1e-05	0.674784	1e-05	1e-05	1e-05	1e-05	1e-05	1e-05	EG6271
1e-05	0.339883	1e-05	1e-05	1e-05	1e-05	1e-05	1e-05	1e-05	0.013629	1e-05	1e-05	1e-05	1e-05	1e-05	0.585826	1e-05	1e-05	1e-05	0.058121	0.002371	1e-05	EG6272
1e-05	0.279851	1e-05	1e-05	1e-05	1e-05	1e-05	1e-05	1e-05	1e-05	1e-05	1e-05	1e-05	1e-05	1e-05	0.719949	1e-05	1e-05	1e-05	1e-05	1e-05	1e-05	EG6274
1e-05	0.296825	1.2e-05	1e-05	1e-05	1e-05	1e-05	1e-05	1e-05	1e-05	1e-05	1e-05	1e-05	1e-05	1e-05	0.702973	1e-05	1e-05	1e-05	1e-05	1e-05	1e-05	EG6275
1e-05	0.390946	1e-05	1e-05	1e-05	1e-05	1e-05	1e-05	1e-05	1e-05	1e-05	1e-05	1e-05	1e-05	1e-05	0.608854	1e-05	1e-05	1e-05	1e-05	1e-05	1e-05	EG6276
1e-05	0.086461	1e-05	1e-05	1e-05	1e-05	1e-05	1e-05	1e-05	1e-05	1e-05	0.46567	1e-05	1e-05	1e-05	0.447678	1e-05	1e-05	1e-05	1e-05	1e-05	1e-05	EG6329
1e-05	1e-05	1e-05	1e-05	1e-05	1e-05	2e-05	1e-05	1e-05	1e-05	1e-05	1e-05	1e-05	1e-05	1e-05	1e-05	1e-05	0.99978	1e-05	1e-05	1e-05	1e-05	GUN124
1e-05	0.073835	1e-05	1e-05	1e-05	1e-05	1e-05	1e-05	1e-05	1e-05	1e-05	1e-05	1e-05	1e-05	1e-05	1e-05	1e-05	1e-05	1e-05	1e-05	0.437569	0.488406	GXW22
1e-05	0.090098	1e-05	1e-05	1e-05	1e-05	0.771309	1e-05	1e-05	1e-05	1e-05	1e-05	1e-05	1e-05	1e-05	1e-05	1e-05	1e-05	1e-05	1e-05	0.138403	1e-05	GXW23
1e-05	1e-05	1e-05	1e-05	1e-05	1e-05	1e-05	1e-05	1e-05	1e-05	1e-05	1e-05	2e-05	1e-05	1e-05	1e-05	1e-05	0.99978	1e-05	1e-05	1e-05	1e-05	HK104
1e-05	1e-05	1e-05	1e-05	1e-05	1e-05	1e-05	1e-05	1e-05	1e-05	1e-05	1e-05	1e-05	0.99979	1e-05	1e-05	1e-05	1e-05	1e-05	1e-05	1e-05	1e-05	HPT11
1e-05	0.426247	1e-05	1e-05	1e-05	1e-05	1e-05	1e-05	1e-05	1e-05	1e-05	0.573553	1e-05	1e-05	1e-05	1e-05	1e-05	1e-05	1e-05	1e-05	1e-05	1e-05	HPT16
1e-05	1e-05	1e-05	1e-05	1e-05	1e-05	1e-05	1e-05	1e-05	1e-05	1e-05	1e-05	1e-05	0.99979	1e-05	1e-05	1e-05	1e-05	1e-05	1e-05	1e-05	1e-05	HPT18
1e-05	0.075293	1e-05	1e-05	1e-05	1e-05	1e-05	1e-05	1e-05	1e-05	1e-05	0.524182	1e-05	1e-05	1e-05	1e-05	1e-05	1e-05	1e-05	1e-05	0.1029	0.297445	HPT19
1e-05	0.378049	1e-05	1e-05	1e-05	1e-05	1e-05	1e-05	1e-05	1e-05	1e-05	0.621751	1e-05	1e-05	1e-05	1e-05	1e-05	1e-05	1e-05	1e-05	1e-05	1e-05	HPT2
1e-05	1e-05	1e-05	1e-05	1e-05	1e-05	1e-05	1e-05	1e-05	1e-05	1e-05	1e-05	1e-05	1e-05	1e-05	1e-05	1e-05	1e-05	1e-05	1e-05	1e-05	0.99979	HPT21
1e-05	1e-05	1e-05	1e-05	1e-05	1e-05	1e-05	1e-05	1e-05	1e-05	1e-05	1e-05	1e-05	0.99979	1e-05	1e-05	1e-05	1e-05	1e-05	1e-05	1e-05	1e-05	HPT24
1e-05	0.400249	1e-05	1e-05	1e-05	1e-05	1e-05	1e-05	1e-05	1e-05	1e-05	0.599551	1e-05	1e-05	1e-05	1e-05	1e-05	1e-05	1e-05	1e-05	1e-05	1e-05	HPT34
1e-05	0.121441	0.020857	1e-05	1e-05	1e-05	1e-05	1e-05	1e-05	1e-05	1e-05	0.474408	1e-05	1e-05	1e-05	1e-05	1e-05	1e-05	1e-05	1e-05	0.142607	0.240517	HPT37
1e-05	0.400635	1e-05	1e-05	1e-05	1e-05	1e-05	1e-05	1e-05	1e-05	1e-05	0.599165	1e-05	1e-05	1e-05	1e-05	1e-05	1e-05	1e-05	1e-05	1e-05	1e-05	HPT4
1e-05	0.444041	1e-05	1e-05	1e-05	1e-05	1e-05	1e-05	1e-05	1e-05	1e-05	0.555751	1e-05	1.8e-05	1e-05	1e-05	1e-05	1e-05	1e-05	1e-05	1e-05	1e-05	HPT42
1e-05	0.001736	1e-05	1e-05	1e-05	1e-05	1e-05	1e-05	0.441931	1e-05	1e-05	1e-05	1e-05	1e-05	1e-05	1e-05	1e-05	1e-05	1e-05	1e-05	1e-05	0.556143	HPT52
1e-05	1e-05	1e-05	1e-05	1e-05	1e-05	1e-05	1e-05	1e-05	1e-05	1e-05	1e-05	1e-05	1e-05	1e-05	1e-05	1e-05	1e-05	1e-05	1e-05	0.182452	0.817348	HPT53
1e-05	1e-05	1e-05	1e-05	1e-05	1e-05	1e-05	1e-05	1e-05	1e-05	1e-05	1e-05	1e-05	1e-05	1e-05	1e-05	1e-05	1e-05	1e-05	1e-05	1e-05	0.99979	HPT54
1e-05	1e-05	1e-05	1e-05	1e-05	1e-05	1e-05	1e-05	1e-05	1e-05	1e-05	1e-05	1e-05	1e-05	1e-05	1e-05	1e-05	1e-05	1e-05	1e-05	1e-05	0.99979	HPT55
1e-05	1e-05	1e-05	1e-05	1e-05	1e-05	1e-05	1e-05	1e-05	1e-05	1e-05	1e-05	1e-05	1e-05	1e-05	1e-05	1e-05	1e-05	1e-05	1e-05	1e-05	0.99979	HPT59
1e-05	1e-05	1e-05	1e-05	1e-05	1e-05	1e-05	1e-05	1e-05	1e-05	1e-05	1e-05	1e-05	1e-05	1e-05	1e-05	1e-05	1e-05	1e-05	1e-05	1e-05	0.99979	HPT60
1e-05	1e-05	1e-05	1e-05	1e-05	1e-05	1e-05	1e-05	0.999787	1e-05	1e-05	1e-05	1e-05	1e-05	1e-05	1e-05	1e-05	1e-05	1e-05	1e-05	1.3e-05	1e-05	HPT62
1e-05	1e-05	1e-05	1e-05	1e-05	1e-05	1e-05	1e-05	1e-05	1e-05	1e-05	1e-05	1e-05	1e-05	1e-05	1e-05	1e-05	1e-05	1e-05	1e-05	1e-05	0.99979	HPT63
1e-05	0.398885	1e-05	1e-05	1e-05	1e-05	1e-05	1e-05	1e-05	1e-05	1e-05	0.600915	1e-05	1e-05	1e-05	1e-05	1e-05	1e-05	1e-05	1e-05	1e-05	1e-05	HPT7
1e-05	0.401187	1e-05	1e-05	1e-05	1e-05	1e-05	1e-05	1e-05	1e-05	1e-05	0.598613	1e-05	1e-05	1e-05	1e-05	1e-05	1e-05	1e-05	1e-05	1e-05	1e-05	HPT8
1e-05	1e-05	1e-05	1e-05	1e-05	1e-05	0.860674	1e-05	1e-05	1e-05	1e-05	1e-05	1e-05	1e-05	1e-05	1e-05	1e-05	1e-05	1e-05	1e-05	0.139126	1e-05	HPT9
1e-05	1e-05	1e-05	1e-05	1e-05	1e-05	1e-05	1e-05	1e-05	1e-05	1e-05	1e-05	1e-05	1e-05	1e-05	1e-05	1e-05	0.99979	1e-05	1e-05	1e-05	1e-05	JU1085
1e-05	1e-05	1e-05	1e-05	1e-05	1e-05	1e-05	1e-05	0.035556	1e-05	1e-05	1e-05	1e-05	1e-05	1e-05	0.281257	1e-05	1e-05	1e-05	1e-05	1e-05	0.682997	JU1337
1e-05	1e-05	1e-05	1e-05	1e-05	1e-05	0.99979	1e-05	1e-05	1e-05	1e-05	1e-05	1e-05	1e-05	1e-05	1e-05	1e-05	1e-05	1e-05	1e-05	1e-05	1e-05	JU1338
1e-05	1e-05	1e-05	1e-05	0.999786	1e-05	1e-05	1e-05	1e-05	1e-05	1e-05	1e-05	1e-05	1e-05	1e-05	1e-05	1.4e-05	1e-05	1e-05	1e-05	1e-05	1e-05	JU1341
1e-05	1e-05	1e-05	1e-05	1e-05	1e-05	0.99979	1e-05	1e-05	1e-05	1e-05	1e-05	1e-05	1e-05	1e-05	1e-05	1e-05	1e-05	1e-05	1e-05	1e-05	1e-05	JU1346
1e-05	0.15771	1e-05	1e-05	1e-05	1e-05	1e-05	1e-05	1e-05	1e-05	1e-05	1e-05	1e-05	1e-05	1e-05	0.763788	1e-05	1e-05	1e-05	1e-05	0.078312	1e-05	JU1347
1e-05	1e-05	1e-05	1e-05	0.999787	1e-05	1e-05	1e-05	1e-05	1e-05	1e-05	1e-05	1e-05	1e-05	1e-05	1e-05	1.3e-05	1e-05	1e-05	1e-05	1e-05	1e-05	JU1348
1e-05	0.211523	1e-05	1e-05	1e-05	1e-05	1e-05	1e-05	1e-05	1e-05	1e-05	1e-05	1e-05	1e-05	1e-05	0.703327	1e-05	1e-05	1e-05	1e-05	0.08496	1e-05	JU1375
1e-05	0.263889	1e-05	1e-05	1e-05	1e-05	1e-05	1e-05	1e-05	1e-05	1e-05	1e-05	1e-05	1e-05	1e-05	0.735911	1e-05	1e-05	1e-05	1e-05	1e-05	1e-05	JU1377
1e-05	0.064392	1e-05	1e-05	1e-05	1e-05	1e-05	1e-05	1e-05	1e-05	1e-05	1e-05	1e-05	1e-05	1e-05	0.86759	1e-05	1e-05	1e-05	1e-05	0.064696	0.003142	JU1378
1e-05	0.248421	1e-05	1e-05	1e-05	1e-05	1e-05	1e-05	1e-05	1e-05	1e-05	1e-05	1e-05	1e-05	1e-05	0.751379	1e-05	1e-05	1e-05	1e-05	1e-05	1e-05	JU1392
1e-05	0.217967	1e-05	1e-05	1e-05	1e-05	1e-05	1e-05	1e-05	1e-05	1e-05	1e-05	1e-05	1e-05	1e-05	0.03309	1e-05	1e-05	1e-05	0.679973	0.06879	1e-05	JU1399
1e-05	1e-05	1e-05	1e-05	1e-05	1e-05	0.99979	1e-05	1e-05	1e-05	1e-05	1e-05	1e-05	1e-05	1e-05	1e-05	1e-05	1e-05	1e-05	1e-05	1e-05	1e-05	JU1424
1e-05	0.241269	1e-05	1e-05	1e-05	1e-05	1e-05	1e-05	1e-05	1e-05	1e-05	1e-05	1e-05	1e-05	1e-05	0.758531	1e-05	1e-05	1e-05	1e-05	1e-05	1e-05	JU1435
1e-05	1e-05	1e-05	1e-05	1e-05	1e-05	1e-05	1e-05	1e-05	1e-05	1e-05	1e-05	1e-05	1e-05	1e-05	1e-05	1e-05	0.99979	1e-05	1e-05	1e-05	1e-05	JU1564
1e-05	0.258697	1e-05	1e-05	1e-05	1e-05	1e-05	1e-05	1e-05	1e-05	1e-05	1e-05	1e-05	1e-05	1e-05	0.680276	1e-05	1e-05	1e-05	0.001207	1e-05	0.059639	JU1637
1e-05	0.10448	1e-05	1e-05	1e-05	1e-05	1e-05	1e-05	1e-05	1e-05	1e-05	1e-05	1e-05	1e-05	1e-05	0.717807	1e-05	1e-05	1e-05	1e-05	1e-05	0.177523	JU1638
1e-05	0.165457	1e-05	1e-05	1e-05	1e-05	0.054973	1e-05	0.013135	0.00903	1e-05	1e-05	1e-05	1e-05	1e-05	0.164628	1e-05	1e-05	1e-05	1e-05	0.189118	0.403509	JU1794
1e-05	0.345237	1e-05	1e-05	1e-05	1e-05	1e-05	1e-05	1e-05	1e-05	1e-05	1e-05	1e-05	1e-05	1e-05	0.14216	1e-05	1e-05	1e-05	1e-05	1e-05	0.512413	JU1795
1e-05	0.337799	1e-05	1e-05	1e-05	1e-05	1e-05	1e-05	1e-05	1e-05	1e-05	1e-05	1e-05	1e-05	1e-05	0.662001	1e-05	1e-05	1e-05	1e-05	1e-05	1e-05	JU1799
1e-05	0.351285	1e-05	1e-05	1e-05	1e-05	1e-05	1e-05	1e-05	1e-05	1e-05	1e-05	1e-05	1e-05	1e-05	0.648515	1e-05	1e-05	1e-05	1e-05	1e-05	1e-05	JU1802
1e-05	0.218836	1e-05	1e-05	1e-05	1e-05	1e-05	1e-05	1e-05	1e-05	1e-05	0.33985	1e-05	1e-05	1e-05	0.441123	1e-05	1e-05	1e-05	1e-05	1e-05	1e-05	JU1814
1e-05	0.642755	1e-05	1e-05	1e-05	1e-05	1e-05	1e-05	1e-05	1e-05	1e-05	1e-05	1e-05	1e-05	1e-05	0.10476	1e-05	1e-05	1e-05	1e-05	0.252295	1e-05	JU1884
1e-05	0.276863	1e-05	1e-05	1e-05	1e-05	1e-05	1e-05	0.057792	1e-05	1e-05	1e-05	1e-05	1e-05	1e-05	0.665155	1e-05	1e-05	1e-05	1e-05	1e-05	1e-05	JU1885
1e-05	0.193441	1e-05	1e-05	1e-05	1e-05	1e-05	1e-05	1e-05	1e-05	1e-05	0.064093	1e-05	1e-05	1e-05	1e-05	1e-05	1e-05	1e-05	1e-05	1e-05	0.742277	JU1907
1e-05	1e-05	1e-05	1e-05	1e-05	1e-05	1e-05	1e-05	1e-05	1e-05	1e-05	0.079304	1e-05	1e-05	1e-05	1e-05	1e-05	1e-05	1e-05	1e-05	1e-05	0.920496	JU1908
1e-05	0.063227	1e-05	1e-05	1e-05	1e-05	1e-05	1e-05	1e-05	1e-05	1e-05	1e-05	1e-05	1e-05	1e-05	1e-05	1e-05	1e-05	1e-05	1e-05	1e-05	0.936573	JU1909
1e-05	0.130442	1e-05	1e-05	1e-05	1e-05	1e-05	1e-05	0.414059	0.004507	1e-05	1e-05	1e-05	1e-05	1e-05	0.094563	1e-05	1e-05	1e-05	1e-05	0.200162	0.156106	JU1913
1e-05	0.999788	1e-05	1e-05	1e-05	1e-05	1e-05	1e-05	1e-05	1e-05	1e-05	1e-05	1e-05	1e-05	1e-05	1.2e-05	1e-05	1e-05	1e-05	1e-05	1e-05	1e-05	JU2053
1e-05	0.99979	1e-05	1e-05	1e-05	1e-05	1e-05	1e-05	1e-05	1e-05	1e-05	1e-05	1e-05	1e-05	1e-05	1e-05	1e-05	1e-05	1e-05	1e-05	1e-05	1e-05	JU2054
1e-05	0.99979	1e-05	1e-05	1e-05	1e-05	1e-05	1e-05	1e-05	1e-05	1e-05	1e-05	1e-05	1e-05	1e-05	1e-05	1e-05	1e-05	1e-05	1e-05	1e-05	1e-05	JU2056
1e-05	1e-05	1e-05	1e-05	1e-05	1e-05	1e-05	1e-05	0.99979	1e-05	1e-05	1e-05	1e-05	1e-05	1e-05	1e-05	1e-05	1e-05	1e-05	1e-05	1e-05	1e-05	JU2057
1e-05	1e-05	1e-05	1e-05	1e-05	1e-05	1e-05	1e-05	0.99979	1e-05	1e-05	1e-05	1e-05	1e-05	1e-05	1e-05	1e-05	1e-05	1e-05	1e-05	1e-05	1e-05	JU2160
1e-05	1e-05	1e-05	1e-05	1e-05	1e-05	1e-05	1e-05	0.99979	1e-05	1e-05	1e-05	1e-05	1e-05	1e-05	1e-05	1e-05	1e-05	1e-05	1e-05	1e-05	1e-05	JU2162
1e-05	1e-05	1e-05	1e-05	1e-05	1e-05	1e-05	1e-05	1.1e-05	0.152575	1e-05	1e-05	1e-05	1e-05	1e-05	1e-05	1e-05	1e-05	1e-05	0.316286	0.129398	0.40156	JU2214
1e-05	1e-05	1e-05	0.99979	1e-05	1e-05	1e-05	1e-05	1e-05	1e-05	1e-05	1e-05	1e-05	1e-05	1e-05	1e-05	1e-05	1e-05	1e-05	1e-05	1e-05	1e-05	JU2216
1e-05	0.109704	1e-05	1e-05	1e-05	1e-05	1e-05	1e-05	1e-05	1e-05	1e-05	0.221298	1e-05	1e-05	1e-05	1e-05	1e-05	0.494315	1e-05	1e-05	0.174503	1e-05	JU2457
1e-05	1e-05	1e-05	1e-05	1e-05	1e-05	1e-05	1e-05	0.99979	1e-05	1e-05	1e-05	1e-05	1e-05	1e-05	1e-05	1e-05	1e-05	1e-05	1e-05	1e-05	1e-05	JU2470
1e-05	0.152116	1.4e-05	1e-05	1e-05	1e-05	1e-05	1e-05	1e-05	1e-05	1e-05	1e-05	1e-05	1e-05	1e-05	0.711621	1e-05	1e-05	1e-05	0.07691	0.059169	1e-05	JU2472
1e-05	1e-05	1e-05	1e-05	1e-05	1e-05	1e-05	1e-05	0.985482	0.014318	1e-05	1e-05	1e-05	1e-05	1e-05	1e-05	1e-05	1e-05	1e-05	1e-05	1e-05	1e-05	JU2507
1e-05	1e-05	1e-05	1e-05	1e-05	1e-05	1e-05	1e-05	1e-05	1e-05	1e-05	0.99979	1e-05	1e-05	1e-05	1e-05	1e-05	1e-05	1e-05	1e-05	1e-05	1e-05	JU2518
1e-05	1e-05	1e-05	1e-05	1e-05	1.3e-05	1e-05	1e-05	1e-05	1e-05	1e-05	1e-05	1e-05	1e-05	1e-05	1e-05	1e-05	0.999787	1e-05	1e-05	1e-05	1e-05	JU2536
1e-05	1e-05	0.126414	1e-05	1e-05	1e-05	1e-05	1e-05	1e-05	0.051726	1e-05	1e-05	1e-05	1e-05	1e-05	1e-05	1e-05	1e-05	1e-05	0.821669	1e-05	1e-05	JU2618
1e-05	0.113524	1e-05	1e-05	1e-05	1e-05	1e-05	1e-05	1e-05	1e-05	1e-05	1e-05	1e-05	1e-05	1e-05	0.415301	1e-05	1e-05	1e-05	1e-05	0.470985	1e-05	JU2799
1e-05	0.201804	0.017903	1e-05	1e-05	1e-05	1.3e-05	1e-05	1e-05	0.138596	1.4e-05	1e-05	1e-05	1e-05	1e-05	1e-05	1e-05	1.5e-05	1e-05	0.259639	1e-05	0.381876	JU2836
1e-05	1e-05	1e-05	1e-05	1e-05	1e-05	0.99979	1e-05	1e-05	1e-05	1e-05	1e-05	1e-05	1e-05	1e-05	1e-05	1e-05	1e-05	1e-05	1e-05	1e-05	1e-05	JU2849
1e-05	0.285931	1e-05	1e-05	1e-05	1e-05	1e-05	1e-05	1e-05	1e-05	1e-05	1e-05	1e-05	1e-05	1e-05	0.235499	1e-05	1e-05	1e-05	1e-05	0.009177	0.469213	JU2861
1e-05	0.19091	1e-05	1e-05	1e-05	1e-05	1e-05	1e-05	1e-05	1e-05	1e-05	1e-05	1e-05	1e-05	1e-05	1e-05	1e-05	1e-05	1e-05	1e-05	0.280153	0.528747	JU2868
1e-05	1e-05	1e-05	1e-05	1e-05	1e-05	1e-05	1e-05	1e-05	1e-05	1e-05	1e-05	1e-05	1e-05	1e-05	1e-05	1e-05	0.99979	1e-05	1e-05	1e-05	1e-05	JU2872
1e-05	0.192913	1e-05	1e-05	1e-05	1e-05	0.044071	1e-05	0.04887	0.007726	1e-05	0.047815	1e-05	1e-05	1e-05	0.617118	1e-05	1e-05	1e-05	1e-05	0.001145	0.040203	JU2910
1e-05	1e-05	1e-05	1e-05	1e-05	1e-05	1e-05	1e-05	1e-05	1e-05	1e-05	1.2e-05	1e-05	1e-05	0.999788	1e-05	1e-05	1e-05	1e-05	1e-05	1e-05	1e-05	JU3168
1e-05	0.396592	1e-05	1e-05	1e-05	1e-05	1e-05	1e-05	1e-05	1e-05	1e-05	1e-05	1e-05	1e-05	1e-05	0.595478	1e-05	1e-05	1e-05	1e-05	1e-05	0.007741	JU3171
1.8e-05	1.7e-05	1e-05	1e-05	0.99976	1e-05	1e-05	1e-05	1e-05	1e-05	1e-05	1e-05	1.6e-05	1e-05	1e-05	1e-05	1.2e-05	1.7e-05	1e-05	1e-05	1e-05	1e-05	JU3199
1e-05	1e-05	1e-05	1e-05	0.999764	1e-05	1.2e-05	1e-05	1e-05	1e-05	1e-05	1e-05	1.2e-05	2e-05	1e-05	1e-05	1e-05	1.7e-05	1.5e-05	1e-05	1e-05	1e-05	JU3200
1e-05	1e-05	1e-05	1e-05	0.999781	1e-05	1e-05	1e-05	1e-05	1e-05	1.2e-05	1e-05	1.6e-05	1e-05	1.1e-05	1e-05	1e-05	1e-05	1e-05	1e-05	1e-05	1e-05	JU3201
1e-05	1e-05	1e-05	1e-05	0.99979	1e-05	1e-05	1e-05	1e-05	1e-05	1e-05	1e-05	1e-05	1e-05	1e-05	1e-05	1e-05	1e-05	1e-05	1e-05	1e-05	1e-05	JU3202
1e-05	1e-05	1e-05	1.5e-05	0.999785	1e-05	1e-05	1e-05	1e-05	1e-05	1e-05	1e-05	1e-05	1e-05	1e-05	1e-05	1e-05	1e-05	1e-05	1e-05	1e-05	1e-05	JU3203
1e-05	1e-05	1e-05	1e-05	0.999776	1e-05	1.9e-05	1e-05	1e-05	1e-05	1e-05	1e-05	1e-05	1e-05	1e-05	1e-05	1e-05	1e-05	1.5e-05	1e-05	1e-05	1e-05	JU3206
1e-05	0.326558	1e-05	1e-05	1e-05	1e-05	1e-05	1e-05	1e-05	1e-05	1e-05	1e-05	1e-05	1e-05	1e-05	1e-05	1e-05	1e-05	1e-05	1e-05	1e-05	0.673242	JU3207
1e-05	1e-05	1e-05	1e-05	1e-05	1e-05	1e-05	1e-05	0.99979	1e-05	1e-05	1e-05	1e-05	1e-05	1e-05	1e-05	1e-05	1e-05	1e-05	1e-05	1e-05	1e-05	JU3237
1e-05	0.094368	1e-05	1e-05	1e-05	1e-05	1e-05	1e-05	1e-05	1e-05	1e-05	1e-05	1e-05	1e-05	1e-05	1e-05	1e-05	1e-05	1e-05	1e-05	0.625607	0.279836	JU3281
1e-05	0.056976	1e-05	1e-05	1e-05	1e-05	0.795636	1e-05	1e-05	1e-05	1e-05	1e-05	1e-05	1e-05	1e-05	1e-05	1e-05	1e-05	1e-05	1e-05	0.147198	1e-05	JU3319
1e-05	1e-05	1e-05	1e-05	1e-05	1e-05	1e-05	1e-05	1e-05	1e-05	1e-05	1e-05	1e-05	1e-05	1e-05	1e-05	1e-05	1e-05	1e-05	1e-05	1e-05	0.99979	JU3321
1e-05	0.089316	1e-05	1e-05	1e-05	1e-05	1e-05	1e-05	1e-05	1e-05	1e-05	1e-05	1e-05	1e-05	0.910484	1e-05	1e-05	1e-05	1e-05	1e-05	1e-05	1e-05	JU3326
1e-05	1e-05	1e-05	1e-05	1e-05	1e-05	1e-05	1e-05	1e-05	1e-05	1e-05	0.047764	1e-05	1e-05	1e-05	1e-05	1e-05	1e-05	1e-05	1e-05	0.100422	0.851624	JU3327
1e-05	1e-05	1e-05	1e-05	1e-05	1e-05	1e-05	1e-05	1e-05	1e-05	1e-05	1e-05	0.242382	1e-05	1e-05	1e-05	1e-05	0.757418	1e-05	1e-05	1e-05	1e-05	JU3416
1e-05	1e-05	1e-05	1e-05	1e-05	1e-05	1e-05	1e-05	1e-05	1e-05	1e-05	1e-05	1e-05	1e-05	1e-05	1e-05	1e-05	1e-05	1e-05	1e-05	0.118001	0.881799	JU4042
1e-05	1e-05	1e-05	1e-05	1e-05	1e-05	0.99979	1e-05	1e-05	1e-05	1e-05	1e-05	1e-05	1e-05	1e-05	1e-05	1e-05	1e-05	1e-05	1e-05	1e-05	1e-05	JU4051
1e-05	1e-05	1e-05	1e-05	1e-05	1e-05	0.99979	1e-05	1e-05	1e-05	1e-05	1e-05	1e-05	1e-05	1e-05	1e-05	1e-05	1e-05	1e-05	1e-05	1e-05	1e-05	JU4058
1e-05	1e-05	1e-05	1e-05	1e-05	1e-05	0.99979	1e-05	1e-05	1e-05	1e-05	1e-05	1e-05	1e-05	1e-05	1e-05	1e-05	1e-05	1e-05	1e-05	1e-05	1e-05	JU4060
1e-05	1e-05	1e-05	1e-05	1e-05	1e-05	0.99979	1e-05	1e-05	1e-05	1e-05	1e-05	1e-05	1e-05	1e-05	1e-05	1e-05	1e-05	1e-05	1e-05	1e-05	1e-05	JU4062
1e-05	1e-05	1e-05	1e-05	1e-05	1e-05	0.99979	1e-05	1e-05	1e-05	1e-05	1e-05	1e-05	1e-05	1e-05	1e-05	1e-05	1e-05	1e-05	1e-05	1e-05	1e-05	JU4064
1e-05	0.651451	1e-05	1e-05	1e-05	1e-05	1e-05	1e-05	1e-05	1e-05	1e-05	1e-05	1e-05	1e-05	1e-05	1e-05	1e-05	1e-05	1e-05	1e-05	0.212274	0.136084	JU4080
1e-05	1e-05	1e-05	1e-05	1e-05	1e-05	0.99979	1e-05	1e-05	1e-05	1e-05	1e-05	1e-05	1e-05	1e-05	1e-05	1e-05	1e-05	1e-05	1e-05	1e-05	1e-05	JU4084
1e-05	1e-05	1e-05	1e-05	1e-05	1e-05	0.99979	1e-05	1e-05	1e-05	1e-05	1e-05	1e-05	1e-05	1e-05	1e-05	1e-05	1e-05	1e-05	1e-05	1e-05	1e-05	JU4097
1e-05	0.061926	1e-05	1e-05	1e-05	1e-05	0.743001	1e-05	1e-05	1e-05	1e-05	1e-05	1e-05	1e-05	1e-05	1e-05	1e-05	1e-05	1e-05	1e-05	0.194884	1e-05	JU725
1e-05	1.5e-05	1e-05	1e-05	1e-05	1e-05	1e-05	1e-05	1e-05	1e-05	1e-05	1e-05	1e-05	1e-05	1e-05	1e-05	1e-05	1e-05	1e-05	1e-05	0.999785	1e-05	MY2716
1e-05	0.733391	1e-05	1e-05	1e-05	1e-05	1e-05	1e-05	1e-05	1e-05	1e-05	1e-05	1e-05	1e-05	1e-05	0.142884	1e-05	1e-05	1e-05	1e-05	1e-05	0.123534	MY539
1e-05	1e-05	1e-05	1e-05	1e-05	1e-05	1e-05	1e-05	1e-05	1e-05	1e-05	1e-05	1e-05	1e-05	1e-05	1e-05	1e-05	1e-05	1e-05	0.99979	1e-05	1e-05	NIC1050
1e-05	1e-05	0.138842	1e-05	1e-05	1e-05	1e-05	1e-05	1e-05	1e-05	1e-05	1e-05	1e-05	1e-05	1e-05	1e-05	1e-05	1e-05	1e-05	0.860958	1e-05	1e-05	NIC1052
1e-05	1e-05	1e-05	1e-05	1e-05	1e-05	1e-05	1e-05	1e-05	1e-05	1e-05	1e-05	1e-05	1e-05	1e-05	1e-05	1e-05	1e-05	1e-05	0.99979	1e-05	1e-05	NIC1054
1e-05	1e-05	1e-05	1e-05	1e-05	1e-05	1e-05	1e-05	1e-05	1e-05	1e-05	1e-05	1e-05	1e-05	1e-05	1e-05	1e-05	1e-05	1e-05	0.99979	1e-05	1e-05	NIC1055
1e-05	1e-05	1.3e-05	1e-05	1e-05	1e-05	1e-05	1e-05	1e-05	1e-05	1e-05	1e-05	1e-05	1e-05	1e-05	1e-05	1e-05	1e-05	1e-05	0.999787	1e-05	1e-05	NIC1057
1e-05	1e-05	1e-05	1e-05	1e-05	1e-05	1e-05	1e-05	1e-05	0.044621	1e-05	1e-05	1e-05	1e-05	1e-05	1e-05	1e-05	1e-05	1e-05	0.955179	1e-05	1e-05	NIC1058
1e-05	1e-05	1e-05	1e-05	1e-05	1e-05	1e-05	1e-05	1e-05	1e-05	1e-05	1e-05	1e-05	1e-05	1e-05	1e-05	1e-05	1e-05	1e-05	0.99979	1e-05	1e-05	NIC1059
1e-05	1.9e-05	1e-05	1e-05	1e-05	1e-05	1e-05	1e-05	1e-05	1e-05	1e-05	1e-05	1e-05	1e-05	1e-05	1e-05	1e-05	1e-05	1e-05	0.999781	1e-05	1e-05	NIC1060
1e-05	0.115348	1e-05	1e-05	1e-05	1e-05	1e-05	1e-05	1e-05	1e-05	1e-05	1e-05	1e-05	1e-05	1e-05	0.264736	1e-05	1e-05	1e-05	0.543785	1e-05	0.075952	NIC1062
1e-05	0.385002	1e-05	1e-05	1e-05	1e-05	1e-05	1e-05	1e-05	1e-05	1e-05	1.1e-05	1e-05	1e-05	1e-05	0.315033	1e-05	1e-05	1e-05	0.299774	1e-05	1e-05	NIC1069
1e-05	0.070133	0.125901	1e-05	1e-05	1e-05	1e-05	1e-05	1e-05	1e-05	1e-05	1e-05	1e-05	1e-05	1e-05	1e-05	1e-05	1e-05	1e-05	0.803776	1e-05	1e-05	NIC1103
1e-05	0.681618	1e-05	1e-05	1e-05	1e-05	1e-05	1e-05	1e-05	1e-05	1e-05	1e-05	1e-05	1e-05	1e-05	1e-05	1e-05	1e-05	1e-05	0.318182	1e-05	1e-05	NIC1104
1e-05	0.310187	1e-05	1e-05	1e-05	1e-05	1e-05	1e-05	1e-05	0.119594	1e-05	1e-05	1e-05	1e-05	1e-05	1e-05	1e-05	1e-05	1e-05	0.502396	0.067643	1e-05	NIC1106
1e-05	0.250501	1e-05	1e-05	1e-05	1e-05	1e-05	1e-05	1e-05	1e-05	1e-05	1e-05	1e-05	1e-05	1e-05	1e-05	1e-05	1e-05	1e-05	1e-05	0.749299	1e-05	NIC1117
1e-05	1e-05	1e-05	1e-05	1e-05	1e-05	0.99979	1e-05	1e-05	1e-05	1e-05	1e-05	1e-05	1e-05	1e-05	1e-05	1e-05	1e-05	1e-05	1e-05	1e-05	1e-05	NIC1123
1e-05	1e-05	1e-05	1e-05	1e-05	1e-05	1e-05	1e-05	1e-05	1e-05	1e-05	0.99979	1e-05	1e-05	1e-05	1e-05	1e-05	1e-05	1e-05	1e-05	1e-05	1e-05	NIC1124
1e-05	1e-05	1e-05	1e-05	1e-05	1e-05	1e-05	1e-05	1e-05	1e-05	1e-05	0.99979	1e-05	1e-05	1e-05	1e-05	1e-05	1e-05	1e-05	1e-05	1e-05	1e-05	NIC1135
1e-05	1e-05	1e-05	1e-05	1e-05	1e-05	1e-05	1e-05	1e-05	1e-05	1e-05	0.99979	1e-05	1e-05	1e-05	1e-05	1e-05	1e-05	1e-05	1e-05	1e-05	1e-05	NIC1138
1e-05	1e-05	1e-05	1e-05	1e-05	1e-05	1e-05	1e-05	1e-05	1e-05	1e-05	0.99979	1e-05	1e-05	1e-05	1e-05	1e-05	1e-05	1e-05	1e-05	1e-05	1e-05	NIC1141
1e-05	1e-05	1e-05	1e-05	1e-05	1e-05	1.4e-05	1e-05	1e-05	1e-05	1e-05	1e-05	1e-05	1e-05	1e-05	0.999785	1e-05	1e-05	1e-05	1e-05	1e-05	1e-05	NIC115
1e-05	1e-05	1e-05	1e-05	1e-05	1e-05	1e-05	1e-05	1e-05	1e-05	1e-05	1e-05	1e-05	1e-05	1e-05	0.99979	1e-05	1e-05	1e-05	1e-05	1e-05	1e-05	NIC117
1e-05	1e-05	1e-05	1e-05	1e-05	1e-05	1e-05	1e-05	1e-05	1e-05	1e-05	0.99979	1e-05	1e-05	1e-05	1e-05	1e-05	1e-05	1e-05	1e-05	1e-05	1e-05	NIC1183
1e-05	1e-05	1e-05	1e-05	1e-05	1e-05	1e-05	1e-05	1e-05	1e-05	1e-05	1.9e-05	1e-05	1e-05	1e-05	0.999781	1e-05	1e-05	1e-05	1e-05	1e-05	1e-05	NIC119
1e-05	1e-05	1e-05	1e-05	1e-05	1e-05	1e-05	1e-05	1e-05	1e-05	1e-05	0.99979	1e-05	1e-05	1e-05	1e-05	1e-05	1e-05	1e-05	1e-05	1e-05	1e-05	NIC1190
1e-05	0.287376	1e-05	1e-05	1e-05	1e-05	1e-05	1e-05	1e-05	1e-05	1e-05	0.086455	1e-05	1e-05	1e-05	1e-05	1e-05	1e-05	1e-05	1e-05	1e-05	0.625979	NIC1202
1e-05	0.210215	1e-05	1e-05	1e-05	1e-05	0.0205	1e-05	1e-05	1e-05	1e-05	0.0792	1e-05	1e-05	1e-05	1e-05	1e-05	1e-05	1e-05	1e-05	0.098699	0.591216	NIC1204
1e-05	1e-05	1e-05	1e-05	1e-05	1e-05	1e-05	0.99979	1e-05	1e-05	1e-05	1e-05	1e-05	1e-05	1e-05	1e-05	1e-05	1e-05	1e-05	1e-05	1e-05	1e-05	NIC1205
1e-05	1e-05	1e-05	1e-05	1e-05	1e-05	1e-05	1e-05	1e-05	1e-05	1e-05	1e-05	1e-05	1e-05	1e-05	1e-05	1e-05	1e-05	1e-05	1e-05	0.474492	0.525308	NIC1218
1e-05	1e-05	1e-05	1.2e-05	1e-05	1e-05	1e-05	0.999788	1e-05	1e-05	1e-05	1e-05	1e-05	1e-05	1e-05	1e-05	1e-05	1e-05	1e-05	1e-05	1e-05	1e-05	NIC1220
1e-05	0.035113	1.1e-05	1e-05	1e-05	1e-05	0.022512	1e-05	1.4e-05	1e-05	1e-05	0.054753	1e-05	1e-05	1e-05	1e-05	1e-05	1e-05	1e-05	1.3e-05	0.887435	1e-05	NIC1221
1e-05	1e-05	1e-05	1e-05	1e-05	1e-05	1e-05	1e-05	1e-05	1e-05	1e-05	1e-05	1e-05	1e-05	1e-05	0.99979	1e-05	1e-05	1e-05	1e-05	1e-05	1e-05	NIC123
1e-05	1e-05	1e-05	1e-05	1e-05	1e-05	1e-05	1e-05	1e-05	1e-05	1e-05	1e-05	1e-05	1e-05	1e-05	0.391984	1e-05	1e-05	1e-05	0.531269	0.076556	1e-05	NIC1267
1e-05	1e-05	1e-05	1e-05	1e-05	1e-05	1e-05	1e-05	1e-05	1e-05	1e-05	1e-05	1e-05	1e-05	1e-05	1e-05	1e-05	1e-05	1e-05	0.99979	1e-05	1e-05	NIC1283
1e-05	1e-05	1e-05	1e-05	1e-05	1e-05	0.109924	1e-05	1e-05	0.119102	1e-05	0.134173	1e-05	1e-05	1e-05	1e-05	1e-05	1e-05	1e-05	0.636621	1e-05	1e-05	NIC1288
1e-05	1e-05	1e-05	1e-05	1e-05	1e-05	1e-05	1e-05	1e-05	1e-05	1e-05	0.698403	1e-05	1e-05	1e-05	1e-05	1e-05	1e-05	1e-05	0.301397	1e-05	1e-05	NIC1292
1e-05	1e-05	1e-05	1e-05	1e-05	1e-05	1e-05	1e-05	1e-05	1e-05	1e-05	0.560892	1e-05	1e-05	1e-05	1e-05	1e-05	1e-05	1e-05	0.438908	1e-05	1e-05	NIC1302
1e-05	1e-05	1e-05	1e-05	1e-05	1e-05	1e-05	1e-05	1e-05	1e-05	1e-05	0.627318	1e-05	1e-05	1e-05	1e-05	1e-05	1e-05	1e-05	0.372482	1e-05	1e-05	NIC1304
1e-05	1e-05	1e-05	1e-05	1e-05	1e-05	0.557727	1e-05	1e-05	1e-05	1e-05	1e-05	1e-05	1e-05	1e-05	0.442073	1e-05	1e-05	1e-05	1e-05	1e-05	1e-05	NIC1308
1e-05	1.5e-05	1e-05	1e-05	1e-05	1e-05	1e-05	1e-05	1e-05	1e-05	1e-05	1e-05	1e-05	1e-05	1e-05	1e-05	1e-05	1e-05	1e-05	0.999785	1e-05	1e-05	NIC1407
1e-05	0.100085	1e-05	1e-05	1e-05	1e-05	1e-05	1e-05	1e-05	0.215108	1e-05	0.464516	1e-05	1e-05	1e-05	0.220111	1e-05	1e-05	1e-05	1e-05	1e-05	1e-05	NIC1421
1e-05	1e-05	1e-05	1e-05	1e-05	1e-05	1e-05	1e-05	1e-05	0.16126	1e-05	0.189387	1e-05	1e-05	1e-05	1e-05	1e-05	1e-05	1e-05	0.649163	1e-05	1e-05	NIC1423
1e-05	1e-05	1e-05	1e-05	1e-05	1e-05	1e-05	1e-05	1e-05	1e-05	1e-05	0.99979	1e-05	1e-05	1e-05	1e-05	1e-05	1e-05	1e-05	1e-05	1e-05	1e-05	NIC1442
1e-05	1e-05	1e-05	1e-05	1e-05	1e-05	1e-05	1e-05	1e-05	1e-05	1e-05	0.99979	1e-05	1e-05	1e-05	1e-05	1e-05	1e-05	1e-05	1e-05	1e-05	1e-05	NIC1491
1e-05	0.161681	1e-05	1e-05	1e-05	1e-05	1e-05	1e-05	1e-05	1e-05	1e-05	1e-05	1e-05	1e-05	1e-05	0.780415	1e-05	1e-05	1e-05	1e-05	0.057714	1e-05	NIC1525
1e-05	0.194488	1e-05	1e-05	1e-05	1e-05	1e-05	1e-05	1e-05	1e-05	1e-05	1e-05	1e-05	1e-05	1e-05	0.805312	1e-05	1e-05	1e-05	1e-05	1e-05	1e-05	NIC1528
1e-05	0.149229	1e-05	1e-05	1e-05	1e-05	1e-05	1e-05	1e-05	1e-05	1e-05	1e-05	1e-05	1e-05	1e-05	0.827739	1e-05	1e-05	1e-05	1e-05	0.022842	1e-05	NIC1529
1e-05	0.319849	1e-05	1e-05	1e-05	1e-05	1e-05	1e-05	1e-05	1e-05	1e-05	1e-05	1e-05	1e-05	1e-05	0.679951	1e-05	1e-05	1e-05	1e-05	1e-05	1e-05	NIC1533
1e-05	0.177356	1e-05	1e-05	1e-05	1e-05	1e-05	1e-05	1e-05	1e-05	1e-05	1e-05	1e-05	1e-05	1e-05	0.774886	1e-05	1e-05	1e-05	0.047568	1e-05	1e-05	NIC1535
1e-05	1e-05	1e-05	1e-05	1e-05	1e-05	1e-05	1e-05	1e-05	1e-05	0.99979	1e-05	1e-05	1e-05	1e-05	1e-05	1e-05	1e-05	1e-05	1e-05	1e-05	1e-05	NIC1539
1e-05	1e-05	1e-05	1e-05	1e-05	0.999779	1e-05	1e-05	1e-05	1e-05	1e-05	1e-05	1e-05	1.4e-05	1.7e-05	1e-05	1e-05	1e-05	1e-05	1e-05	1e-05	1e-05	NIC1540
1e-05	1e-05	1e-05	0.288683	1e-05	1e-05	1e-05	1e-05	1e-05	1e-05	0.711102	1e-05	1e-05	1e-05	1.7e-05	1e-05	1e-05	1e-05	1.8e-05	1e-05	1e-05	1e-05	NIC1562
1e-05	1e-05	1e-05	1e-05	1e-05	0.999781	1e-05	1e-05	1e-05	1e-05	1e-05	1e-05	1e-05	1e-05	1.9e-05	1e-05	1e-05	1e-05	1e-05	1e-05	1e-05	1e-05	NIC1589
1e-05	1e-05	1e-05	0.99979	1e-05	1e-05	1e-05	1e-05	1e-05	1e-05	1e-05	1e-05	1e-05	1e-05	1e-05	1e-05	1e-05	1e-05	1e-05	1e-05	1e-05	1e-05	NIC1590
1e-05	1e-05	1e-05	1e-05	1e-05	0.99979	1e-05	1e-05	1e-05	1e-05	1e-05	1e-05	1e-05	1e-05	1e-05	1e-05	1e-05	1e-05	1e-05	1e-05	1e-05	1e-05	NIC1591
1e-05	1e-05	1e-05	1e-05	1e-05	0.999788	1e-05	1e-05	1e-05	1e-05	1e-05	1e-05	1e-05	1e-05	1.2e-05	1e-05	1e-05	1e-05	1e-05	1e-05	1e-05	1e-05	NIC1593
1e-05	1e-05	1e-05	1e-05	1e-05	1e-05	1e-05	0.999788	1e-05	1e-05	1.2e-05	1e-05	1e-05	1e-05	1e-05	1e-05	1e-05	1e-05	1e-05	1e-05	1e-05	1e-05	NIC1595
1e-05	1e-05	1e-05	0.99979	1e-05	1e-05	1e-05	1e-05	1e-05	1e-05	1e-05	1e-05	1e-05	1e-05	1e-05	1e-05	1e-05	1e-05	1e-05	1e-05	1e-05	1e-05	NIC1598
1e-05	1e-05	1e-05	0.421192	1e-05	1e-05	1e-05	1e-05	1e-05	1e-05	0.578608	1e-05	1e-05	1e-05	1e-05	1e-05	1e-05	1e-05	1e-05	1e-05	1e-05	1e-05	NIC1602
1e-05	1e-05	1e-05	1e-05	1e-05	1e-05	1e-05	1e-05	1e-05	1e-05	1e-05	1e-05	1e-05	1e-05	1e-05	1e-05	1e-05	1.3e-05	0.999787	1e-05	1e-05	1e-05	NIC1607
1e-05	1e-05	1e-05	1e-05	1e-05	1e-05	1e-05	1e-05	1e-05	1e-05	1e-05	1e-05	1e-05	1e-05	1e-05	1e-05	1e-05	1e-05	1e-05	1e-05	0.99979	1e-05	NIC1628
1e-05	1e-05	1e-05	0.204533	1e-05	1e-05	1e-05	1e-05	1e-05	1e-05	0.795266	1e-05	1e-05	1e-05	1e-05	1e-05	1e-05	1e-05	1e-05	1e-05	1e-05	1e-05	NIC1630
1e-05	1e-05	1e-05	1e-05	1e-05	1e-05	1e-05	0.99979	1e-05	1e-05	1e-05	1e-05	1e-05	1e-05	1e-05	1e-05	1e-05	1e-05	1e-05	1e-05	1e-05	1e-05	NIC1631
1e-05	1e-05	1e-05	1e-05	1e-05	1e-05	1e-05	1e-05	1e-05	1e-05	1e-05	1e-05	1e-05	1e-05	1e-05	1e-05	1e-05	0.99979	1e-05	1e-05	1e-05	1e-05	NIC1632
1e-05	1e-05	1e-05	1e-05	1e-05	1e-05	1e-05	1e-05	1e-05	1e-05	1e-05	1e-05	1.5e-05	1e-05	1e-05	1e-05	1e-05	0.999785	1e-05	1e-05	1e-05	1e-05	NIC1633
1e-05	1e-05	1e-05	1e-05	1e-05	1e-05	1e-05	1e-05	1e-05	1e-05	1e-05	1e-05	1e-05	1e-05	1e-05	1e-05	1e-05	0.99979	1e-05	1e-05	1e-05	1e-05	NIC1635
1e-05	1e-05	1e-05	0.810106	1e-05	1e-05	1e-05	1e-05	1e-05	1e-05	0.189694	1e-05	1e-05	1e-05	1e-05	1e-05	1e-05	1e-05	1e-05	1e-05	1e-05	1e-05	NIC1645
1e-05	1e-05	1e-05	1e-05	1e-05	1e-05	1e-05	0.99979	1e-05	1e-05	1e-05	1e-05	1e-05	1e-05	1e-05	1e-05	1e-05	1e-05	1e-05	1e-05	1e-05	1e-05	NIC1660
1e-05	1e-05	1e-05	0.99979	1e-05	1e-05	1e-05	1e-05	1e-05	1e-05	1e-05	1e-05	1e-05	1e-05	1e-05	1e-05	1e-05	1e-05	1e-05	1e-05	1e-05	1e-05	NIC1661
1e-05	1e-05	1e-05	1e-05	1e-05	1e-05	1e-05	0.99979	1e-05	1e-05	1e-05	1e-05	1e-05	1e-05	1e-05	1e-05	1e-05	1e-05	1e-05	1e-05	1e-05	1e-05	NIC1662
1e-05	1e-05	1e-05	0.99979	1e-05	1e-05	1e-05	1e-05	1e-05	1e-05	1e-05	1e-05	1e-05	1e-05	1e-05	1e-05	1e-05	1e-05	1e-05	1e-05	1e-05	1e-05	NIC1663
1e-05	1e-05	1e-05	1e-05	1e-05	0.99979	1e-05	1e-05	1e-05	1e-05	1e-05	1e-05	1e-05	1e-05	1e-05	1e-05	1e-05	1e-05	1e-05	1e-05	1e-05	1e-05	NIC1664
1e-05	1e-05	1e-05	1e-05	1e-05	0.99979	1e-05	1e-05	1e-05	1e-05	1e-05	1e-05	1e-05	1e-05	1e-05	1e-05	1e-05	1e-05	1e-05	1e-05	1e-05	1e-05	NIC1665
1e-05	1e-05	1e-05	0.999788	1e-05	1e-05	1e-05	1.2e-05	1e-05	1e-05	1e-05	1e-05	1e-05	1e-05	1e-05	1e-05	1e-05	1e-05	1e-05	1e-05	1e-05	1e-05	NIC1666
1e-05	1e-05	1e-05	1e-05	1e-05	1e-05	1e-05	1e-05	1e-05	1e-05	0.99979	1e-05	1e-05	1e-05	1e-05	1e-05	1e-05	1e-05	1e-05	1e-05	1e-05	1e-05	NIC1667
1e-05	1e-05	1e-05	0.322617	1e-05	1e-05	1e-05	0.677183	1e-05	1e-05	1e-05	1e-05	1e-05	1e-05	1e-05	1e-05	1e-05	1e-05	1e-05	1e-05	1e-05	1e-05	NIC1681
1e-05	1e-05	1e-05	1e-05	1e-05	1e-05	1e-05	1e-05	1e-05	1e-05	1e-05	1e-05	1e-05	1e-05	1e-05	1.1e-05	1e-05	1e-05	1e-05	1e-05	0.999789	1e-05	NIC1688
1e-05	1e-05	1e-05	0.99979	1e-05	1e-05	1e-05	1e-05	1e-05	1e-05	1e-05	1e-05	1e-05	1e-05	1e-05	1e-05	1e-05	1e-05	1e-05	1e-05	1e-05	1e-05	NIC1692
1e-05	1e-05	1e-05	1e-05	1e-05	1e-05	1e-05	0.99979	1e-05	1e-05	1e-05	1e-05	1e-05	1e-05	1e-05	1e-05	1e-05	1e-05	1e-05	1e-05	1e-05	1e-05	NIC1693
1e-05	0.345204	1e-05	1e-05	1e-05	1e-05	1e-05	1e-05	1e-05	1e-05	1e-05	1e-05	1e-05	1e-05	1e-05	0.654596	1e-05	1e-05	1e-05	1e-05	1e-05	1e-05	NIC17
1e-05	1e-05	1e-05	1e-05	1e-05	1e-05	1e-05	1e-05	1e-05	1e-05	1e-05	1e-05	1e-05	1e-05	1e-05	1e-05	1e-05	0.99979	1e-05	1e-05	1e-05	1e-05	NIC174
1e-05	1e-05	1e-05	1e-05	1e-05	1e-05	1e-05	1e-05	1e-05	1e-05	1e-05	0.361229	1e-05	1e-05	1e-05	0.638571	1e-05	1e-05	1e-05	1e-05	1e-05	1e-05	NIC187
1e-05	1e-05	1e-05	1e-05	1e-05	1e-05	1e-05	1e-05	1e-05	1e-05	1e-05	0.089156	1e-05	1e-05	1e-05	0.910644	1e-05	1e-05	1e-05	1e-05	1e-05	1e-05	NIC188
1e-05	1e-05	1e-05	1e-05	1e-05	0.99979	1e-05	1e-05	1e-05	1e-05	1e-05	1e-05	1e-05	1e-05	1e-05	1e-05	1e-05	1e-05	1e-05	1e-05	1e-05	1e-05	NIC19
1e-05	1e-05	1e-05	1e-05	1e-05	1e-05	1e-05	1e-05	1e-05	1e-05	1e-05	1e-05	1e-05	1e-05	1e-05	0.99979	1e-05	1e-05	1e-05	1e-05	1e-05	1e-05	NIC191
1e-05	1e-05	1e-05	1e-05	1e-05	0.99979	1e-05	1e-05	1e-05	1e-05	1e-05	1e-05	1e-05	1e-05	1e-05	1e-05	1e-05	1e-05	1e-05	1e-05	1e-05	1e-05	NIC20
1e-05	1e-05	1e-05	1e-05	1e-05	0.999788	1e-05	1e-05	1e-05	1e-05	1e-05	1e-05	1e-05	1e-05	1.1e-05	1e-05	1e-05	1e-05	1e-05	1e-05	1e-05	1e-05	NIC21
1e-05	1e-05	1e-05	1e-05	1e-05	0.99979	1e-05	1e-05	1e-05	1e-05	1e-05	1e-05	1e-05	1e-05	1e-05	1e-05	1e-05	1e-05	1e-05	1e-05	1e-05	1e-05	NIC22
1e-05	1e-05	1e-05	1e-05	1e-05	1e-05	0.99979	1e-05	1e-05	1e-05	1e-05	1e-05	1e-05	1e-05	1e-05	1e-05	1e-05	1e-05	1e-05	1e-05	1e-05	1e-05	NIC2369
1e-05	1e-05	1e-05	1e-05	1e-05	1e-05	1e-05	1e-05	1e-05	1e-05	1e-05	1e-05	1e-05	1e-05	1e-05	0.99979	1e-05	1e-05	1e-05	1e-05	1e-05	1e-05	NIC248
1e-05	1e-05	1e-05	1e-05	1e-05	1e-05	1e-05	1e-05	1e-05	1e-05	1e-05	1e-05	1e-05	1e-05	1e-05	0.99979	1e-05	1e-05	1e-05	1e-05	1e-05	1e-05	NIC250
1e-05	1e-05	1e-05	1e-05	1e-05	1e-05	1e-05	1e-05	1e-05	1e-05	1e-05	1e-05	1e-05	1e-05	1e-05	1e-05	1e-05	1e-05	1e-05	1e-05	1e-05	0.99979	NIC2527
1e-05	1e-05	1e-05	1e-05	1e-05	1e-05	1e-05	1e-05	1e-05	1e-05	1e-05	0.99979	1e-05	1e-05	1e-05	1e-05	1e-05	1e-05	1e-05	1e-05	1e-05	1e-05	NIC309
1e-05	1e-05	1e-05	1e-05	1e-05	1e-05	1e-05	1e-05	1e-05	1e-05	1e-05	0.99979	1e-05	1e-05	1e-05	1e-05	1e-05	1e-05	1e-05	1e-05	1e-05	1e-05	NIC325
1e-05	1e-05	0.219515	1e-05	1e-05	1e-05	1e-05	1e-05	1e-05	1e-05	1e-05	0.703191	1e-05	1e-05	1e-05	1e-05	1e-05	1e-05	1e-05	0.077104	1e-05	1e-05	NIC327
1e-05	1e-05	0.160211	1e-05	1e-05	1e-05	1e-05	1e-05	1e-05	1e-05	1e-05	0.726486	1e-05	1e-05	1e-05	0.113113	1e-05	1e-05	1e-05	1e-05	1e-05	1e-05	NIC329
1e-05	0.057367	0.0793	1e-05	1e-05	1e-05	1e-05	1e-05	1e-05	1e-05	1e-05	0.693738	1e-05	1e-05	1e-05	1e-05	1e-05	1e-05	1e-05	0.169415	1e-05	1e-05	NIC330
1e-05	1e-05	0.01029	1e-05	1e-05	1e-05	1e-05	1e-05	1e-05	0.222772	1e-05	0.569538	1e-05	1e-05	1e-05	0.197219	1e-05	1e-05	1e-05	1e-05	1e-05	1e-05	NIC331
1e-05	1e-05	0.203108	1e-05	1e-05	1e-05	1e-05	1e-05	1e-05	1e-05	1e-05	0.796689	1e-05	1e-05	1e-05	1e-05	1e-05	1e-05	1e-05	1e-05	1.2e-05	1e-05	NIC332
1e-05	1e-05	0.076185	1e-05	1e-05	1e-05	1e-05	1e-05	1e-05	1e-05	1e-05	0.923615	1e-05	1e-05	1e-05	1e-05	1e-05	1e-05	1e-05	1e-05	1e-05	1e-05	NIC333
1e-05	1e-05	1e-05	1e-05	1e-05	1e-05	1e-05	1e-05	1e-05	1e-05	1e-05	1e-05	1e-05	1e-05	1e-05	1e-05	1e-05	1e-05	1e-05	1e-05	1e-05	0.99979	NIC343
1e-05	0.294968	1e-05	1e-05	1e-05	1e-05	1e-05	1e-05	1e-05	1e-05	1e-05	0.099856	1e-05	1e-05	1e-05	0.057529	1e-05	1e-05	1e-05	0.547467	1e-05	1e-05	NIC392
1e-05	1e-05	0.173154	1e-05	1e-05	1e-05	1e-05	1e-05	1e-05	1e-05	1e-05	0.826646	1e-05	1e-05	1e-05	1e-05	1e-05	1e-05	1e-05	1e-05	1e-05	1e-05	NIC400
1e-05	1e-05	0.223066	1e-05	1e-05	1e-05	1e-05	1e-05	1e-05	1e-05	1e-05	0.69186	1e-05	1e-05	1e-05	0.064972	1e-05	1e-05	1e-05	0.019921	1e-05	1e-05	NIC402
1e-05	1e-05	1e-05	1e-05	1e-05	1e-05	0.99979	1e-05	1e-05	1e-05	1e-05	1e-05	1e-05	1e-05	1e-05	1e-05	1e-05	1e-05	1e-05	1e-05	1e-05	1e-05	NIC419
1e-05	1e-05	1e-05	0.99979	1e-05	1e-05	1e-05	1e-05	1e-05	1e-05	1e-05	1e-05	1e-05	1e-05	1e-05	1e-05	1e-05	1e-05	1e-05	1e-05	1e-05	1e-05	NIC504
1e-05	1e-05	1e-05	0.99979	1e-05	1e-05	1e-05	1e-05	1e-05	1e-05	1e-05	1e-05	1e-05	1e-05	1e-05	1e-05	1e-05	1e-05	1e-05	1e-05	1e-05	1e-05	NIC505
1e-05	1e-05	1e-05	1e-05	1e-05	1e-05	1e-05	1e-05	1e-05	1e-05	0.99979	1e-05	1e-05	1e-05	1e-05	1e-05	1e-05	1e-05	1e-05	1e-05	1e-05	1e-05	NIC518
1e-05	1e-05	1e-05	1e-05	1e-05	1e-05	1e-05	0.080631	1e-05	1e-05	0.919169	1e-05	1e-05	1e-05	1e-05	1e-05	1e-05	1e-05	1e-05	1e-05	1e-05	1e-05	NIC519
1e-05	1e-05	1e-05	1e-05	1e-05	1e-05	1e-05	1e-05	1e-05	1e-05	1e-05	1e-05	1e-05	1e-05	1e-05	0.99979	1e-05	1e-05	1e-05	1e-05	1e-05	1e-05	NIC532
1e-05	1e-05	0.048007	1e-05	1e-05	1e-05	1e-05	1e-05	0.265053	0.045765	1e-05	0.369972	1e-05	1e-05	1e-05	0.180975	1e-05	1e-05	1e-05	0.090068	1e-05	1e-05	NIC541
1e-05	1e-05	1e-05	1e-05	1e-05	1e-05	1e-05	1e-05	1e-05	1e-05	1e-05	1e-05	1e-05	1e-05	1e-05	0.99979	1e-05	1e-05	1e-05	1e-05	1e-05	1e-05	NIC549
1e-05	0.031945	1e-05	1e-05	1e-05	1e-05	1e-05	1e-05	1e-05	1e-05	1e-05	1e-05	1e-05	1e-05	1e-05	0.967855	1e-05	1e-05	1e-05	1e-05	1e-05	1e-05	NIC552
1e-05	1e-05	1e-05	1e-05	1e-05	1e-05	1e-05	1e-05	1.2e-05	0.151205	1e-05	0.068158	1e-05	1e-05	1e-05	0.780445	1e-05	1e-05	1e-05	1e-05	1e-05	1e-05	NIC555
1e-05	1e-05	1e-05	1e-05	1e-05	1e-05	1e-05	1e-05	1e-05	1e-05	1e-05	1e-05	1e-05	1e-05	1e-05	0.99979	1e-05	1e-05	1e-05	1e-05	1e-05	1e-05	NIC574
1e-05	1e-05	1e-05	1e-05	1e-05	1e-05	1e-05	1e-05	1e-05	1e-05	1e-05	0.411648	1e-05	1e-05	1e-05	0.588152	1e-05	1e-05	1e-05	1e-05	1e-05	1e-05	NIC578
1e-05	1e-05	1e-05	1e-05	1e-05	1e-05	1e-05	1e-05	1e-05	0.077942	1e-05	0.343961	1e-05	1e-05	1e-05	0.577907	1e-05	1e-05	1e-05	1e-05	1e-05	1e-05	NIC583
1e-05	1e-05	1e-05	1e-05	1e-05	1e-05	1e-05	1e-05	0.11941	1e-05	1e-05	0.493606	1e-05	1e-05	1e-05	0.386794	1e-05	1e-05	1e-05	1e-05	1e-05	1e-05	NIC590
1e-05	1e-05	1e-05	1e-05	1e-05	1e-05	1e-05	1e-05	1e-05	1e-05	1e-05	1e-05	1e-05	1e-05	1e-05	0.99979	1e-05	1e-05	1e-05	1e-05	1e-05	1e-05	NIC593
1e-05	1e-05	1e-05	1e-05	1e-05	1e-05	1e-05	1e-05	1e-05	1e-05	1e-05	0.99979	1e-05	1e-05	1e-05	1e-05	1e-05	1e-05	1e-05	1e-05	1e-05	1e-05	NIC60
1e-05	0.128361	1e-05	1e-05	1e-05	1e-05	1e-05	1e-05	1e-05	1e-05	1e-05	1e-05	1e-05	1e-05	1e-05	0.871439	1e-05	1e-05	1e-05	1e-05	1e-05	1e-05	NIC61
1e-05	0.09328	1e-05	1e-05	1e-05	1e-05	1e-05	1e-05	1e-05	1e-05	1e-05	0.494772	1e-05	1e-05	1e-05	0.411757	1e-05	1e-05	1e-05	1e-05	1e-05	1e-05	NIC62
1e-05	1e-05	1e-05	1e-05	1e-05	1e-05	0.99979	1e-05	1e-05	1e-05	1e-05	1e-05	1e-05	1e-05	1e-05	1e-05	1e-05	1e-05	1e-05	1e-05	1e-05	1e-05	NIC67
1e-05	1e-05	1e-05	1e-05	1e-05	1e-05	1e-05	1e-05	0.125048	1e-05	1e-05	0.349848	1e-05	1e-05	1e-05	0.524914	1e-05	1e-05	1e-05	1e-05	1e-05	1e-05	NIC758
1e-05	0.108209	1e-05	1e-05	1e-05	1e-05	1e-05	1e-05	1e-05	0.125547	1e-05	0.395267	1e-05	1e-05	1e-05	0.370797	1e-05	1e-05	1e-05	1e-05	1e-05	1e-05	NIC777
1e-05	1e-05	1e-05	0.99979	1e-05	1e-05	1e-05	1e-05	1e-05	1e-05	1e-05	1e-05	1e-05	1e-05	1e-05	1e-05	1e-05	1e-05	1e-05	1e-05	1e-05	1e-05	NIC779
1e-05	1e-05	1e-05	1e-05	1e-05	1e-05	1e-05	1e-05	1e-05	1e-05	1e-05	1e-05	1e-05	1e-05	1e-05	1e-05	1e-05	1e-05	1e-05	1e-05	0.99979	1e-05	NIC790
1e-05	0.066762	1e-05	1e-05	1e-05	1e-05	1e-05	1e-05	0.914592	1e-05	1e-05	1e-05	1e-05	1e-05	1e-05	1e-05	1e-05	1e-05	1e-05	1e-05	0.018457	1e-05	NIC791
1e-05	1e-05	1e-05	1e-05	1e-05	1e-05	1e-05	1e-05	0.282901	1e-05	1e-05	1e-05	1e-05	1e-05	1e-05	1e-05	1e-05	1e-05	1e-05	1e-05	0.716899	1e-05	NIC792
1e-05	0.273256	1e-05	1e-05	1e-05	1e-05	1e-05	1e-05	1e-05	1e-05	1e-05	1e-05	1e-05	1e-05	1e-05	1e-05	1e-05	1e-05	1e-05	1e-05	0.726544	1e-05	NIC793
1e-05	1e-05	1e-05	1e-05	1e-05	1e-05	1e-05	1e-05	1e-05	1e-05	1e-05	1e-05	1e-05	1e-05	1e-05	1e-05	1e-05	1e-05	1e-05	1e-05	0.99979	1e-05	NIC795
1e-05	0.047804	1e-05	1e-05	1e-05	1e-05	1e-05	1e-05	1e-05	1e-05	1e-05	1e-05	1e-05	1e-05	1e-05	1e-05	1e-05	1e-05	1e-05	1e-05	0.680968	0.271038	NIC796
1e-05	1e-05	1e-05	1e-05	1e-05	1e-05	1e-05	1e-05	1e-05	1e-05	1e-05	1e-05	1e-05	1e-05	1e-05	1e-05	1e-05	1e-05	1e-05	1e-05	0.99979	1e-05	NIC802
1e-05	1e-05	1e-05	1e-05	1e-05	1e-05	1e-05	1e-05	1e-05	1e-05	1e-05	0.100435	1e-05	1e-05	1e-05	1e-05	1e-05	1e-05	1e-05	1e-05	0.868756	0.03062	NIC803
1e-05	1e-05	1e-05	1e-05	1e-05	1e-05	1e-05	0.999783	1e-05	1e-05	1e-05	1e-05	1e-05	1e-05	1e-05	1e-05	1e-05	1.7e-05	1e-05	1e-05	1e-05	1e-05	NIC805
1e-05	0.28755	1e-05	1e-05	1e-05	1e-05	1e-05	1e-05	1e-05	1e-05	1e-05	1e-05	1e-05	1e-05	1e-05	1e-05	1e-05	1e-05	1e-05	1e-05	0.71225	1e-05	NIC811
1e-05	1e-05	1e-05	0.348823	1e-05	1e-05	1e-05	0.650977	1e-05	1e-05	1e-05	1e-05	1e-05	1e-05	1e-05	1e-05	1e-05	1e-05	1e-05	1e-05	1e-05	1e-05	NIC814
1e-05	1e-05	1e-05	1.7e-05	1e-05	1e-05	1e-05	0.999783	1e-05	1e-05	1e-05	1e-05	1e-05	1e-05	1e-05	1e-05	1e-05	1e-05	1e-05	1e-05	1e-05	1e-05	NIC815
1e-05	1.6e-05	1e-05	1.4e-05	1e-05	0.999764	1e-05	1e-05	1e-05	2e-05	1e-05	1e-05	1e-05	1e-05	1e-05	1e-05	1e-05	1.6e-05	1.1e-05	1e-05	1e-05	1e-05	NIC816
1e-05	1e-05	1e-05	1e-05	1e-05	1e-05	1e-05	1e-05	1e-05	1e-05	1e-05	1e-05	1e-05	1e-05	1e-05	1e-05	1e-05	1e-05	0.99979	1e-05	1e-05	1e-05	NIC819
1e-05	0.063872	1e-05	1e-05	1e-05	1e-05	1e-05	1e-05	1e-05	1e-05	1e-05	0.102729	1e-05	1e-05	1e-05	1e-05	1e-05	1e-05	1e-05	1e-05	0.833209	1e-05	NIC821
1e-05	1e-05	1e-05	0.53586	1e-05	1.5e-05	1e-05	1e-05	1e-05	1e-05	0.463928	1e-05	1e-05	1e-05	1e-05	1e-05	1e-05	1e-05	1.7e-05	1e-05	1e-05	1e-05	NIC822
1e-05	1e-05	1e-05	1.1e-05	1e-05	1e-05	1e-05	0.999789	1e-05	1e-05	1e-05	1e-05	1e-05	1e-05	1e-05	1e-05	1e-05	1e-05	1e-05	1e-05	1e-05	1e-05	NIC824
1e-05	1e-05	1e-05	1e-05	1e-05	0.99979	1e-05	1e-05	1e-05	1e-05	1e-05	1e-05	1e-05	1e-05	1e-05	1e-05	1e-05	1e-05	1e-05	1e-05	1e-05	1e-05	NIC825
1e-05	1e-05	1e-05	1e-05	1e-05	0.99979	1e-05	1e-05	1e-05	1e-05	1e-05	1e-05	1e-05	1e-05	1e-05	1e-05	1e-05	1e-05	1e-05	1e-05	1e-05	1e-05	NIC827
1e-05	1e-05	1e-05	1e-05	1e-05	0.99979	1e-05	1e-05	1e-05	1e-05	1e-05	1e-05	1e-05	1e-05	1e-05	1e-05	1e-05	1e-05	1e-05	1e-05	1e-05	1e-05	NIC828
1e-05	1e-05	1e-05	0.99979	1e-05	1e-05	1e-05	1e-05	1e-05	1e-05	1e-05	1e-05	1e-05	1e-05	1e-05	1e-05	1e-05	1e-05	1e-05	1e-05	1e-05	1e-05	NIC863
1e-05	1e-05	1e-05	1e-05	1e-05	1e-05	1.6e-05	0.999784	1e-05	1e-05	1e-05	1e-05	1e-05	1e-05	1e-05	1e-05	1e-05	1e-05	1e-05	1e-05	1e-05	1e-05	NIC864
1e-05	1e-05	1e-05	0.589668	1e-05	1e-05	1e-05	0.410132	1e-05	1e-05	1e-05	1e-05	1e-05	1e-05	1e-05	1e-05	1e-05	1e-05	1e-05	1e-05	1e-05	1e-05	NIC865
1e-05	1e-05	1e-05	1e-05	1e-05	1e-05	1e-05	1e-05	1e-05	1e-05	1e-05	1e-05	1e-05	1e-05	1e-05	1e-05	1e-05	1e-05	1e-05	1e-05	0.208146	0.791654	NIC871
1e-05	1e-05	1e-05	1e-05	1e-05	1e-05	1.8e-05	1e-05	1e-05	1e-05	1e-05	1e-05	1e-05	1e-05	1e-05	1e-05	1e-05	1e-05	1e-05	1e-05	0.682215	0.317577	NIC883
1e-05	1e-05	1e-05	1e-05	1e-05	1e-05	1e-05	0.999784	1e-05	1e-05	1e-05	1e-05	1e-05	1e-05	1e-05	1e-05	1.1e-05	1e-05	1.4e-05	1e-05	1e-05	1e-05	NIC889
1e-05	1.2e-05	1e-05	1e-05	1e-05	1e-05	1e-05	1e-05	1e-05	1e-05	1.3e-05	1e-05	0.999785	1e-05	1e-05	1e-05	1e-05	1e-05	1e-05	1e-05	1e-05	1e-05	NIC893
1e-05	1e-05	1e-05	0.093735	1e-05	1e-05	1e-05	0.906064	1e-05	1e-05	1.1e-05	1e-05	1e-05	1e-05	1e-05	1e-05	1e-05	1e-05	1e-05	1e-05	1e-05	1e-05	NIC897
1e-05	1e-05	1e-05	1e-05	1e-05	1e-05	1e-05	1e-05	1e-05	1e-05	1e-05	1e-05	1e-05	1e-05	1e-05	1e-05	1e-05	0.99979	1e-05	1e-05	1e-05	1e-05	NIC899
1e-05	0.363172	1e-05	1e-05	1e-05	1e-05	1e-05	1e-05	1e-05	1e-05	1e-05	1e-05	1e-05	1e-05	1e-05	0.600219	1e-05	1e-05	1e-05	1e-05	0.036419	1e-05	NIC901
1e-05	0.017995	1e-05	1e-05	1e-05	1e-05	1e-05	1e-05	1.2e-05	1e-05	1e-05	0.062274	1e-05	1e-05	1e-05	0.280747	1e-05	1e-05	1e-05	1e-05	0.124785	0.514028	NIC911
1e-05	1e-05	1e-05	1e-05	1e-05	1e-05	1e-05	1e-05	1e-05	1e-05	1e-05	0.99979	1e-05	1e-05	1e-05	1e-05	1e-05	1e-05	1e-05	1e-05	1e-05	1e-05	NIC96
1e-05	0.117811	1e-05	1e-05	1e-05	1e-05	1e-05	1e-05	1e-05	1e-05	1e-05	0.078043	1e-05	1e-05	1e-05	0.056857	1e-05	1e-05	1e-05	1e-05	0.164776	0.582342	NIC984
1e-05	0.062946	1e-05	1e-05	1e-05	1e-05	0.16871	1e-05	1e-05	1e-05	1e-05	0.024247	1e-05	1e-05	1e-05	0.209934	1e-05	1e-05	1e-05	1e-05	0.096254	0.437748	NIC985
1e-05	1e-05	1e-05	1e-05	1e-05	1e-05	1e-05	1e-05	1e-05	1e-05	1e-05	1e-05	1e-05	1e-05	1e-05	1e-05	1e-05	0.99979	1e-05	1e-05	1e-05	1e-05	PB800
1e-05	1e-05	1e-05	1e-05	1e-05	1e-05	1e-05	1e-05	1e-05	1e-05	1e-05	1e-05	1e-05	1e-05	1e-05	1e-05	1e-05	0.99979	1e-05	1e-05	1e-05	1e-05	PB857
1e-05	1e-05	1e-05	1e-05	1e-05	1e-05	1.2e-05	1e-05	1e-05	1e-05	1e-05	1e-05	1e-05	1e-05	1e-05	0.3896	1e-05	1e-05	1e-05	1e-05	1e-05	0.610198	PE887
1e-05	1e-05	0.415633	1e-05	1e-05	1e-05	1e-05	1e-05	1e-05	0.220228	1e-05	2e-05	1e-05	1e-05	1e-05	1e-05	1e-05	1e-05	1e-05	0.363939	1e-05	1e-05	QG1005
1e-05	1e-05	0.99979	1e-05	1e-05	1e-05	1e-05	1e-05	1e-05	1e-05	1e-05	1e-05	1e-05	1e-05	1e-05	1e-05	1e-05	1e-05	1e-05	1e-05	1e-05	1e-05	QG1007
1.1e-05	1e-05	0.589263	1e-05	1e-05	1e-05	1e-05	1e-05	1e-05	0.410534	1e-05	1e-05	1e-05	1e-05	1e-05	1e-05	1e-05	1e-05	1e-05	1e-05	1.1e-05	1e-05	QG1111
1e-05	1e-05	0.99979	1e-05	1e-05	1e-05	1e-05	1e-05	1e-05	1e-05	1e-05	1e-05	1e-05	1e-05	1e-05	1e-05	1e-05	1e-05	1e-05	1e-05	1e-05	1e-05	QG1126
1e-05	1e-05	1e-05	1e-05	1e-05	1e-05	1e-05	1e-05	1e-05	0.99979	1e-05	1e-05	1e-05	1e-05	1e-05	1e-05	1e-05	1e-05	1e-05	1e-05	1e-05	1e-05	QG1141
1e-05	1e-05	0.137243	1e-05	1e-05	1e-05	1e-05	1e-05	1e-05	0.85197	1e-05	1e-05	1e-05	1e-05	1e-05	1e-05	1e-05	1e-05	1e-05	0.010597	1e-05	1e-05	QG1155
1e-05	0.999787	1e-05	1e-05	1e-05	1e-05	1e-05	1e-05	1e-05	1e-05	1e-05	1e-05	1e-05	1e-05	1e-05	1.3e-05	1e-05	1e-05	1e-05	1e-05	1e-05	1e-05	QG130
1e-05	0.592181	1e-05	1e-05	1e-05	1e-05	1e-05	1e-05	1e-05	1e-05	1e-05	0.012557	1e-05	1e-05	1e-05	1e-05	1e-05	1e-05	1e-05	0.009495	1e-05	0.385587	QG132
1e-05	0.007398	1e-05	0.992402	1e-05	1e-05	1e-05	1e-05	1e-05	1e-05	1e-05	1e-05	1e-05	1e-05	1e-05	1e-05	1e-05	1e-05	1e-05	1e-05	1e-05	1e-05	QG133
1e-05	1e-05	0.823456	1e-05	1e-05	1e-05	1e-05	1e-05	1e-05	0.176344	1e-05	1e-05	1e-05	1e-05	1e-05	1e-05	1e-05	1e-05	1e-05	1e-05	1e-05	1e-05	QG2641
1e-05	1e-05	0.99979	1e-05	1e-05	1e-05	1e-05	1e-05	1e-05	1e-05	1e-05	1e-05	1e-05	1e-05	1e-05	1e-05	1e-05	1e-05	1e-05	1e-05	1e-05	1e-05	QG2648
1e-05	1e-05	0.519675	1e-05	1e-05	1e-05	1e-05	1e-05	1e-05	0.480125	1e-05	1e-05	1e-05	1e-05	1e-05	1e-05	1e-05	1e-05	1e-05	1e-05	1e-05	1e-05	QG2659
1e-05	1e-05	0.206085	1e-05	1e-05	1e-05	1e-05	1e-05	1e-05	0.793715	1e-05	1e-05	1e-05	1e-05	1e-05	1e-05	1e-05	1e-05	1e-05	1e-05	1e-05	1e-05	QG2663
1e-05	1e-05	0.86352	1e-05	1e-05	1e-05	1e-05	1e-05	1e-05	0.136277	1e-05	1e-05	1e-05	1e-05	1e-05	1.3e-05	1e-05	1e-05	1e-05	1e-05	1e-05	1e-05	QG2665
1e-05	1e-05	1e-05	1e-05	1e-05	1e-05	1e-05	1e-05	1e-05	0.99979	1e-05	1e-05	1e-05	1e-05	1e-05	1e-05	1e-05	1e-05	1e-05	1e-05	1e-05	1e-05	QG2683
1e-05	1e-05	0.540754	1e-05	1e-05	1e-05	1e-05	1e-05	1e-05	0.459046	1e-05	1e-05	1e-05	1e-05	1e-05	1e-05	1e-05	1e-05	1e-05	1e-05	1e-05	1e-05	QG2736
1e-05	0.206481	1e-05	1e-05	1e-05	1e-05	1e-05	1e-05	1e-05	1e-05	1e-05	1e-05	1e-05	1e-05	1e-05	1e-05	1e-05	1e-05	1e-05	1e-05	0.793319	1e-05	QG2814
1e-05	0.161559	1e-05	1e-05	1e-05	1e-05	1e-05	1e-05	1e-05	1e-05	1e-05	1e-05	1e-05	1e-05	1e-05	1e-05	1e-05	1e-05	1e-05	1e-05	1e-05	0.838241	QG2820
1e-05	1e-05	1e-05	1e-05	1e-05	1e-05	1e-05	1e-05	1e-05	1e-05	1e-05	1e-05	1e-05	1e-05	1e-05	1e-05	1e-05	1e-05	1e-05	1e-05	0.181157	0.818643	QG2848
1e-05	1e-05	1e-05	1e-05	1e-05	1e-05	1e-05	1e-05	0.999784	1e-05	1e-05	1e-05	1e-05	1e-05	1e-05	1e-05	1e-05	1e-05	1e-05	1e-05	1.6e-05	1e-05	QG2880
1e-05	0.272362	1e-05	1e-05	1e-05	1e-05	1e-05	1e-05	1e-05	1e-05	1e-05	1e-05	1e-05	1e-05	1e-05	1e-05	1e-05	1e-05	1e-05	1e-05	0.181081	0.546367	QG2881
1e-05	0.340587	1e-05	1e-05	1e-05	1e-05	1e-05	1e-05	1e-05	1e-05	1e-05	1e-05	1e-05	1e-05	1e-05	1.7e-05	1e-05	1e-05	1e-05	1e-05	0.155845	0.503371	QG2883
1e-05	1e-05	1e-05	1e-05	1e-05	1e-05	1e-05	1e-05	0.99978	1e-05	1e-05	1.7e-05	1e-05	1e-05	1.3e-05	1e-05	1e-05	1e-05	1e-05	1e-05	1e-05	1e-05	QG2884
0.99979	1e-05	1e-05	1e-05	1e-05	1e-05	1e-05	1e-05	1e-05	1e-05	1e-05	1e-05	1e-05	1e-05	1e-05	1e-05	1e-05	1e-05	1e-05	1e-05	1e-05	1e-05	QG2891
1e-05	1e-05	1e-05	1e-05	1e-05	1e-05	1e-05	1e-05	0.99979	1e-05	1e-05	1e-05	1e-05	1e-05	1e-05	1e-05	1e-05	1e-05	1e-05	1e-05	1e-05	1e-05	QG2892
1e-05	1e-05	1e-05	1.3e-05	1.6e-05	1.3e-05	1e-05	1e-05	1.5e-05	1e-05	1e-05	1e-05	1e-05	1e-05	1.3e-05	1e-05	0.99977	1e-05	1e-05	1e-05	1e-05	1e-05	QG2893
1e-05	1e-05	1e-05	1e-05	1e-05	1e-05	1e-05	1e-05	0.99979	1e-05	1e-05	1e-05	1e-05	1e-05	1e-05	1e-05	1e-05	1e-05	1e-05	1e-05	1e-05	1e-05	QG2895
1e-05	1e-05	1e-05	1e-05	1e-05	1e-05	1e-05	1e-05	0.99979	1e-05	1e-05	1e-05	1e-05	1e-05	1e-05	1e-05	1e-05	1e-05	1e-05	1e-05	1e-05	1e-05	QG2902
1e-05	1e-05	1.5e-05	1e-05	1e-05	1e-05	1e-05	1e-05	0.999782	1e-05	1e-05	1.4e-05	1e-05	1e-05	1e-05	1e-05	1e-05	1e-05	1e-05	1e-05	1e-05	1e-05	QG2903
1e-05	1e-05	1e-05	1e-05	1e-05	1e-05	1e-05	1e-05	0.99979	1e-05	1e-05	1e-05	1e-05	1e-05	1e-05	1e-05	1e-05	1e-05	1e-05	1e-05	1e-05	1e-05	QG2906
1e-05	1e-05	1e-05	1e-05	1e-05	1e-05	1e-05	1e-05	1e-05	1e-05	1e-05	1e-05	1e-05	1e-05	1e-05	1e-05	0.999789	1e-05	1e-05	1e-05	1e-05	1e-05	QG2908
1e-05	0.302811	1e-05	1e-05	1e-05	1e-05	1e-05	1e-05	1e-05	1e-05	1e-05	0.101331	1e-05	1e-05	1e-05	1e-05	1e-05	1e-05	1e-05	1e-05	1e-05	0.595668	QG2910
0.894303	1e-05	1e-05	1e-05	1e-05	1e-05	1e-05	1e-05	1e-05	1e-05	1e-05	1e-05	1e-05	1e-05	1e-05	1e-05	0.105497	1e-05	1e-05	1e-05	1e-05	1e-05	QG2919
1e-05	1e-05	1e-05	1e-05	1e-05	1e-05	1e-05	1e-05	0.99979	1e-05	1e-05	1e-05	1e-05	1e-05	1e-05	1e-05	1e-05	1e-05	1e-05	1e-05	1e-05	1e-05	QG2923
1e-05	1e-05	1e-05	1e-05	1e-05	1e-05	1e-05	1e-05	0.99979	1e-05	1e-05	1e-05	1e-05	1e-05	1e-05	1e-05	1e-05	1e-05	1e-05	1e-05	1e-05	1e-05	QG2925
1e-05	1e-05	1e-05	1e-05	1e-05	1e-05	1e-05	1e-05	1e-05	0.99979	1e-05	1e-05	1e-05	1e-05	1e-05	1e-05	1e-05	1e-05	1e-05	1e-05	1e-05	1e-05	QG2964
1e-05	0.298611	1e-05	1e-05	1e-05	1e-05	1e-05	1e-05	1e-05	0.644936	1e-05	1e-05	1e-05	1e-05	1e-05	1e-05	1e-05	1e-05	1e-05	0.056263	1e-05	1e-05	QG2966
1e-05	1e-05	0.953407	1e-05	1e-05	1e-05	1e-05	1e-05	1e-05	0.046393	1e-05	1e-05	1e-05	1e-05	1e-05	1e-05	1e-05	1e-05	1e-05	1e-05	1e-05	1e-05	QG2969
1e-05	1e-05	0.675443	1e-05	1e-05	1e-05	1e-05	1e-05	1e-05	0.324357	1e-05	1e-05	1e-05	1e-05	1e-05	1e-05	1e-05	1e-05	1e-05	1e-05	1e-05	1e-05	QG2972
1e-05	1e-05	0.99979	1e-05	1e-05	1e-05	1e-05	1e-05	1e-05	1e-05	1e-05	1e-05	1e-05	1e-05	1e-05	1e-05	1e-05	1e-05	1e-05	1e-05	1e-05	1e-05	QG2996
1e-05	1e-05	0.177551	1e-05	1e-05	1e-05	1e-05	1e-05	1e-05	0.26977	1e-05	1e-05	1e-05	1e-05	1e-05	1e-05	1e-05	1e-05	1e-05	0.552489	1e-05	1e-05	QG3004
1e-05	1e-05	0.740723	1e-05	1e-05	1e-05	1e-05	1e-05	1e-05	0.259077	1e-05	1e-05	1e-05	1e-05	1e-05	1e-05	1e-05	1e-05	1e-05	1e-05	1e-05	1e-05	QG3006
1e-05	1e-05	0.21872	1e-05	1e-05	1e-05	1e-05	1e-05	1e-05	0.359852	1e-05	1e-05	1e-05	1e-05	1e-05	1e-05	1e-05	1e-05	1e-05	0.421239	1e-05	1e-05	QG3019
1e-05	1e-05	0.99979	1e-05	1e-05	1e-05	1e-05	1e-05	1e-05	1e-05	1e-05	1e-05	1e-05	1e-05	1e-05	1e-05	1e-05	1e-05	1e-05	1e-05	1e-05	1e-05	QG3025
1e-05	1e-05	0.99979	1e-05	1e-05	1e-05	1e-05	1e-05	1e-05	1e-05	1e-05	1e-05	1e-05	1e-05	1e-05	1e-05	1e-05	1e-05	1e-05	1e-05	1e-05	1e-05	QG3030
1e-05	1e-05	0.107389	1e-05	1e-05	1e-05	1e-05	1e-05	1e-05	0.506546	1e-05	2e-05	1e-05	1e-05	1e-05	1e-05	1e-05	1e-05	1e-05	0.385865	1e-05	1e-05	QG3032
1e-05	1e-05	0.99979	1e-05	1e-05	1e-05	1e-05	1e-05	1e-05	1e-05	1e-05	1e-05	1e-05	1e-05	1e-05	1e-05	1e-05	1e-05	1e-05	1e-05	1e-05	1e-05	QG3034
1e-05	1e-05	0.99979	1e-05	1e-05	1e-05	1e-05	1e-05	1e-05	1e-05	1e-05	1e-05	1e-05	1e-05	1e-05	1e-05	1e-05	1e-05	1e-05	1e-05	1e-05	1e-05	QG3041
1e-05	1e-05	1e-05	1e-05	1e-05	1e-05	1e-05	1e-05	1e-05	1e-05	1e-05	1e-05	1e-05	1e-05	1e-05	0.800289	1e-05	1e-05	1e-05	1e-05	1e-05	0.199511	QG3053
1e-05	0.305505	1e-05	1e-05	1e-05	1e-05	1e-05	1e-05	1e-05	0.641812	1e-05	1e-05	1e-05	1e-05	1e-05	1e-05	1e-05	1e-05	1e-05	0.052493	1e-05	1e-05	QG3056
1e-05	1e-05	0.883907	1e-05	1e-05	1e-05	1e-05	1e-05	1e-05	0.115893	1e-05	1e-05	1e-05	1e-05	1e-05	1e-05	1e-05	1e-05	1e-05	1e-05	1e-05	1e-05	QG3057
1e-05	1e-05	0.252129	1e-05	1e-05	1e-05	1e-05	1e-05	1e-05	0.551674	1e-05	1e-05	1e-05	1e-05	1e-05	1e-05	1e-05	1e-05	1e-05	0.196006	1e-05	1e-05	QG3058
1e-05	1e-05	0.037288	1e-05	1e-05	1e-05	1e-05	1e-05	1e-05	0.102719	1e-05	0.079671	1e-05	1e-05	1e-05	0.734602	1e-05	1e-05	1e-05	1e-05	1e-05	0.04555	QG3527
1e-05	1e-05	1e-05	1e-05	1e-05	1e-05	1e-05	1e-05	1e-05	1e-05	1e-05	1e-05	1e-05	1e-05	1.4e-05	1e-05	1e-05	0.999786	1e-05	1e-05	1e-05	1e-05	QG3661
1e-05	1e-05	1e-05	1e-05	1e-05	1e-05	1e-05	1e-05	1e-05	0.12418	1e-05	1e-05	1e-05	1e-05	1e-05	0.761147	1e-05	1e-05	1e-05	1e-05	0.083883	0.03061	QG3783
1e-05	1e-05	0.337297	1e-05	1e-05	1e-05	1e-05	1e-05	1e-05	0.324917	1e-05	1e-05	1e-05	1e-05	1e-05	1e-05	1e-05	1e-05	1e-05	0.337595	1e-05	1e-05	QG3801
1e-05	1e-05	1e-05	1e-05	1e-05	1e-05	1e-05	1e-05	1e-05	1e-05	1e-05	1e-05	1e-05	1e-05	1e-05	0.838278	1e-05	1e-05	1e-05	0.161522	1e-05	1e-05	QG3815
1e-05	1e-05	1e-05	1e-05	1e-05	1e-05	1e-05	1e-05	1e-05	0.110192	1e-05	1e-05	1e-05	1e-05	1e-05	0.889608	1e-05	1e-05	1e-05	1e-05	1e-05	1e-05	QG3816
1e-05	1e-05	0.689317	1e-05	1e-05	1e-05	1e-05	1e-05	1e-05	0.097505	1e-05	1e-05	1e-05	1e-05	1e-05	1e-05	1e-05	1e-05	1e-05	0.15987	0.053128	1e-05	QG3823
1e-05	1e-05	1e-05	1e-05	1e-05	1e-05	1e-05	1e-05	1e-05	1e-05	1e-05	1e-05	1e-05	1e-05	1e-05	0.99979	1e-05	1e-05	1e-05	1e-05	1e-05	1e-05	QG3825
1e-05	1e-05	1e-05	1e-05	1e-05	1e-05	1e-05	1e-05	1e-05	0.139081	1e-05	1e-05	1e-05	1e-05	1e-05	0.831691	1e-05	1e-05	1e-05	1e-05	1e-05	0.029038	QG3826
1e-05	1e-05	1e-05	1e-05	1e-05	1e-05	1e-05	1e-05	1e-05	1e-05	1e-05	1e-05	1e-05	1e-05	1e-05	0.99979	1e-05	1e-05	1e-05	1e-05	1e-05	1e-05	QG3837
1e-05	1e-05	1e-05	1e-05	1e-05	1e-05	1e-05	1e-05	1e-05	0.124899	1e-05	1e-05	1e-05	1e-05	1e-05	0.779175	1e-05	1e-05	1e-05	1e-05	0.091046	0.0047	QG3851
1e-05	1e-05	1e-05	1e-05	1e-05	1e-05	1e-05	1e-05	1e-05	0.051935	1e-05	1e-05	1e-05	1e-05	1e-05	0.884846	1e-05	1e-05	1e-05	0.063029	1e-05	1e-05	QG3861
1e-05	1e-05	0.546965	1e-05	1e-05	1e-05	1e-05	1e-05	1e-05	0.160152	1e-05	1e-05	1e-05	1e-05	1e-05	0.00318	1e-05	1e-05	1e-05	0.25455	0.034984	1e-05	QG3867
1e-05	1e-05	1e-05	1e-05	1e-05	1e-05	1e-05	1e-05	1e-05	1e-05	1e-05	1e-05	1e-05	1e-05	1e-05	0.998023	1e-05	1e-05	1e-05	1e-05	1e-05	0.001777	QG3874
1e-05	1e-05	1e-05	1e-05	1e-05	1e-05	1e-05	1e-05	1e-05	1e-05	1e-05	0.019759	1e-05	1e-05	1e-05	0.890273	1e-05	1e-05	1e-05	0.089778	1e-05	1e-05	QG3875
1e-05	1e-05	1e-05	1e-05	1e-05	1e-05	1e-05	1e-05	1e-05	0.121053	1e-05	1e-05	1e-05	1e-05	1e-05	0.843923	1e-05	1e-05	1e-05	1e-05	0.034834	1e-05	QG3876
1e-05	1e-05	1e-05	1e-05	1e-05	1e-05	1e-05	1e-05	1.5e-05	1e-05	1e-05	0.080146	1e-05	1e-05	1e-05	0.852189	1e-05	1e-05	1e-05	0.06747	1e-05	1e-05	QG3878
1e-05	0.227926	1e-05	1e-05	1e-05	1e-05	1e-05	1e-05	1e-05	1e-05	1e-05	1e-05	1e-05	1e-05	1e-05	0.323501	1e-05	1e-05	1e-05	0.448382	1e-05	1e-05	QG3920
1e-05	0.149437	1e-05	1e-05	1e-05	1e-05	1e-05	1e-05	1e-05	1e-05	1e-05	1e-05	1e-05	1e-05	1e-05	0.413785	1e-05	1e-05	1e-05	0.436588	1e-05	1e-05	QG3921
1e-05	0.083356	1e-05	1e-05	1e-05	1e-05	1e-05	1e-05	1e-05	1e-05	1e-05	1e-05	1e-05	1e-05	1e-05	0.718579	1e-05	1e-05	1e-05	0.175959	1e-05	0.021925	QG3923
1e-05	1e-05	1e-05	1e-05	1e-05	1e-05	1e-05	1e-05	1e-05	1e-05	1e-05	1e-05	1e-05	1e-05	1e-05	1e-05	1e-05	1e-05	1e-05	0.69596	1e-05	0.30384	QG3924
1e-05	0.086633	1e-05	1e-05	1e-05	1e-05	1e-05	1e-05	1e-05	1e-05	1e-05	1.5e-05	1e-05	1e-05	1e-05	0.468454	1e-05	1e-05	1e-05	0.444718	1e-05	1e-05	QG3925
1e-05	0.132568	1e-05	1e-05	1e-05	1e-05	1e-05	1e-05	1e-05	1e-05	1e-05	1.4e-05	1e-05	1e-05	1e-05	0.476813	1e-05	1e-05	1e-05	0.390425	1e-05	1e-05	QG3926
1e-05	0.117746	1e-05	1e-05	1e-05	1e-05	1e-05	1e-05	1e-05	1e-05	1e-05	1e-05	1e-05	1e-05	1e-05	0.544345	1e-05	1e-05	1e-05	0.337718	1.1e-05	1e-05	QG3927
1e-05	0.098552	1e-05	1e-05	1e-05	1e-05	1e-05	1e-05	1e-05	1e-05	1e-05	1e-05	1e-05	1e-05	1e-05	0.200184	1e-05	1e-05	1e-05	0.692093	1e-05	0.008991	QG3931
1e-05	0.43649	1e-05	1e-05	1e-05	1e-05	1e-05	1e-05	1e-05	1e-05	1e-05	1e-05	1e-05	1e-05	1e-05	0.181093	1e-05	1e-05	1e-05	0.382226	1e-05	1e-05	QG3932
1e-05	0.224292	1e-05	1e-05	1e-05	1e-05	1e-05	1e-05	1e-05	1e-05	1e-05	1e-05	1e-05	1e-05	1e-05	0.696353	1e-05	1e-05	1e-05	1e-05	1e-05	0.079165	QG3933
0.999784	1e-05	1e-05	1e-05	1e-05	1.1e-05	1.1e-05	1e-05	1e-05	1e-05	1.4e-05	1e-05	1e-05	1e-05	1e-05	1e-05	1e-05	1e-05	1e-05	1e-05	1e-05	1e-05	QG4026
0.99979	1e-05	1e-05	1e-05	1e-05	1e-05	1e-05	1e-05	1e-05	1e-05	1e-05	1e-05	1e-05	1e-05	1e-05	1e-05	1e-05	1e-05	1e-05	1e-05	1e-05	1e-05	QG4028
0.99979	1e-05	1e-05	1e-05	1e-05	1e-05	1e-05	1e-05	1e-05	1e-05	1e-05	1e-05	1e-05	1e-05	1e-05	1e-05	1e-05	1e-05	1e-05	1e-05	1e-05	1e-05	QG4031
0.999787	1e-05	1e-05	1e-05	1e-05	1e-05	1e-05	1e-05	1e-05	1e-05	1e-05	1e-05	1e-05	1e-05	1e-05	1e-05	1e-05	1e-05	1.3e-05	1e-05	1e-05	1e-05	QG4063
0.999783	1e-05	1e-05	1e-05	1.7e-05	1e-05	1e-05	1e-05	1e-05	1e-05	1e-05	1e-05	1e-05	1e-05	1e-05	1e-05	1e-05	1e-05	1e-05	1e-05	1e-05	1e-05	QG4064
0.99979	1e-05	1e-05	1e-05	1e-05	1e-05	1e-05	1e-05	1e-05	1e-05	1e-05	1e-05	1e-05	1e-05	1e-05	1e-05	1e-05	1e-05	1e-05	1e-05	1e-05	1e-05	QG4067
0.99979	1e-05	1e-05	1e-05	1e-05	1e-05	1e-05	1e-05	1e-05	1e-05	1e-05	1e-05	1e-05	1e-05	1e-05	1e-05	1e-05	1e-05	1e-05	1e-05	1e-05	1e-05	QG4068
1e-05	0.376621	1e-05	1e-05	1e-05	1e-05	1e-05	1e-05	1e-05	1e-05	1e-05	1e-05	1e-05	1e-05	1e-05	0.188297	1e-05	1e-05	1e-05	1e-05	1e-05	0.434891	QG4070
1e-05	1e-05	1e-05	1e-05	1e-05	1e-05	1e-05	1e-05	1e-05	1e-05	1e-05	1e-05	1e-05	1e-05	1e-05	1e-05	0.99979	1e-05	1e-05	1e-05	1e-05	1e-05	QG4093
0.635641	1e-05	1e-05	1e-05	1e-05	1e-05	1e-05	1e-05	1e-05	1e-05	1e-05	1e-05	1e-05	1e-05	1e-05	1e-05	0.364154	1e-05	1.5e-05	1e-05	1e-05	1e-05	QG4094
0.99979	1e-05	1e-05	1e-05	1e-05	1e-05	1e-05	1e-05	1e-05	1e-05	1e-05	1e-05	1e-05	1e-05	1e-05	1e-05	1e-05	1e-05	1e-05	1e-05	1e-05	1e-05	QG4095
0.99979	1e-05	1e-05	1e-05	1e-05	1e-05	1e-05	1e-05	1e-05	1e-05	1e-05	1e-05	1e-05	1e-05	1e-05	1e-05	1e-05	1e-05	1e-05	1e-05	1e-05	1e-05	QG4096
0.99978	1e-05	1e-05	1e-05	2e-05	1e-05	1e-05	1e-05	1e-05	1e-05	1e-05	1e-05	1e-05	1e-05	1e-05	1e-05	1e-05	1e-05	1e-05	1e-05	1e-05	1e-05	QG4097
0.99978	1e-05	1e-05	1e-05	2e-05	1e-05	1e-05	1e-05	1e-05	1e-05	1e-05	1e-05	1e-05	1e-05	1e-05	1e-05	1e-05	1e-05	1e-05	1e-05	1e-05	1e-05	QG4104
0.999774	1e-05	1e-05	1e-05	1.8e-05	1e-05	1e-05	1e-05	1.1e-05	1e-05	1e-05	1e-05	1e-05	1e-05	1e-05	1e-05	1.7e-05	1e-05	1e-05	1e-05	1e-05	1e-05	QG4114
0.99979	1e-05	1e-05	1e-05	1e-05	1e-05	1e-05	1e-05	1e-05	1e-05	1e-05	1e-05	1e-05	1e-05	1e-05	1e-05	1e-05	1e-05	1e-05	1e-05	1e-05	1e-05	QG4131
0.99979	1e-05	1e-05	1e-05	1e-05	1e-05	1e-05	1e-05	1e-05	1e-05	1e-05	1e-05	1e-05	1e-05	1e-05	1e-05	1e-05	1e-05	1e-05	1e-05	1e-05	1e-05	QG4132
1e-05	1e-05	1e-05	1.7e-05	1.5e-05	1e-05	1.7e-05	1.1e-05	1e-05	1e-05	1e-05	1e-05	1e-05	1e-05	1e-05	1e-05	0.99977	1e-05	1e-05	1e-05	1e-05	1e-05	QG4208
0.999786	1e-05	1e-05	1e-05	1.4e-05	1e-05	1e-05	1e-05	1e-05	1e-05	1e-05	1e-05	1e-05	1e-05	1e-05	1e-05	1e-05	1e-05	1e-05	1e-05	1e-05	1e-05	QG4214
0.999782	1e-05	1e-05	1e-05	1.8e-05	1e-05	1e-05	1e-05	1e-05	1e-05	1e-05	1e-05	1e-05	1e-05	1e-05	1e-05	1e-05	1e-05	1e-05	1e-05	1e-05	1e-05	QG4225
0.357472	1e-05	1e-05	1e-05	1e-05	1e-05	1e-05	1e-05	1e-05	1e-05	1e-05	1e-05	1e-05	1e-05	1e-05	1e-05	0.642328	1e-05	1e-05	1e-05	1e-05	1e-05	QG4232
0.723141	1e-05	1e-05	1e-05	1e-05	1e-05	1e-05	1e-05	1e-05	1.6e-05	1e-05	1e-05	1e-05	1e-05	1e-05	1e-05	0.276653	1e-05	1e-05	1e-05	1e-05	1e-05	QG4233
1e-05	1e-05	1e-05	1e-05	1e-05	1e-05	1e-05	1e-05	0.99979	1e-05	1e-05	1e-05	1e-05	1e-05	1e-05	1e-05	1e-05	1e-05	1e-05	1e-05	1e-05	1e-05	QG4647
1e-05	0.046788	1e-05	1e-05	1e-05	1e-05	1e-05	1e-05	1e-05	1e-05	1e-05	1e-05	1e-05	1e-05	1e-05	0.012876	1e-05	1e-05	1e-05	1e-05	0.940146	1e-05	QG4648
1e-05	0.21806	1e-05	1e-05	1e-05	1e-05	1e-05	1e-05	1e-05	1e-05	1e-05	1e-05	1e-05	1e-05	1e-05	1e-05	1e-05	1e-05	1e-05	1e-05	0.78174	1e-05	QG4683
1e-05	1e-05	1e-05	1e-05	1e-05	1e-05	1e-05	1e-05	0.516623	1e-05	1e-05	1e-05	1e-05	1e-05	1e-05	1e-05	1e-05	1e-05	1e-05	1e-05	0.483177	1e-05	QG4701
1e-05	0.048655	1e-05	1e-05	1e-05	1e-05	1e-05	1e-05	1e-05	1e-05	1e-05	1e-05	1e-05	1e-05	1e-05	1e-05	1e-05	1e-05	1e-05	1e-05	0.951145	1e-05	QG4706
1e-05	1e-05	1e-05	1e-05	1e-05	1e-05	1e-05	1e-05	1e-05	1e-05	1e-05	1e-05	1e-05	1e-05	1e-05	1e-05	1e-05	1e-05	1e-05	1e-05	0.832046	0.167754	QG4718
1e-05	1e-05	1e-05	1e-05	1e-05	1e-05	1e-05	1e-05	1e-05	1e-05	1e-05	1e-05	1e-05	1e-05	1e-05	1e-05	1e-05	1e-05	1e-05	1e-05	0.99979	1e-05	QG4742
1e-05	1e-05	1e-05	1e-05	1e-05	1e-05	1e-05	1e-05	0.99979	1e-05	1e-05	1e-05	1e-05	1e-05	1e-05	1e-05	1e-05	1e-05	1e-05	1e-05	1e-05	1e-05	QG4805
1e-05	1e-05	1e-05	1e-05	1e-05	1e-05	1e-05	1e-05	1e-05	1e-05	1e-05	1e-05	1e-05	1e-05	1e-05	1e-05	1e-05	1e-05	1e-05	1e-05	0.99979	1e-05	QG4847
1e-05	1e-05	1e-05	1e-05	1e-05	1e-05	1e-05	1e-05	1e-05	1e-05	1e-05	1e-05	1e-05	1e-05	1e-05	1e-05	1e-05	1e-05	1e-05	1e-05	0.99979	1e-05	QG4966
1e-05	1e-05	1e-05	1e-05	1e-05	1e-05	1e-05	1e-05	1e-05	1e-05	1e-05	1e-05	1e-05	1e-05	1e-05	1e-05	1e-05	1e-05	1e-05	1e-05	0.99979	1e-05	QG5348
1e-05	0.156246	1e-05	1e-05	1e-05	1e-05	1e-05	1e-05	1e-05	1e-05	1e-05	1e-05	1e-05	1e-05	1e-05	1e-05	1e-05	1e-05	1e-05	1e-05	0.843554	1e-05	QG5406
1.1e-05	1e-05	1e-05	1e-05	1e-05	1e-05	1e-05	1e-05	1e-05	1e-05	1e-05	1e-05	1.5e-05	1e-05	1e-05	1e-05	1e-05	0.999784	1e-05	1e-05	1e-05	1e-05	QG547
1e-05	0.303162	1e-05	1e-05	1e-05	1e-05	1e-05	1e-05	0.651773	1e-05	1e-05	1e-05	1e-05	1e-05	1e-05	1e-05	1e-05	1e-05	1e-05	1e-05	0.044875	1e-05	QG5474
1e-05	1e-05	1e-05	1e-05	1e-05	1e-05	1e-05	1e-05	1e-05	1e-05	1e-05	1e-05	1e-05	1e-05	1e-05	1e-05	1e-05	1e-05	1e-05	1e-05	0.850639	0.149161	QG5488
1e-05	0.12271	1e-05	1e-05	1e-05	1e-05	0.602394	1e-05	0.056434	1e-05	1e-05	1e-05	1e-05	1e-05	1e-05	0.060872	1e-05	1e-05	1e-05	1e-05	0.157419	1e-05	QG550
1e-05	1e-05	1e-05	1e-05	1e-05	1e-05	1e-05	1e-05	0.16262	1e-05	1e-05	1e-05	1e-05	1e-05	1e-05	1e-05	1e-05	1e-05	1e-05	1e-05	0.83718	1e-05	QG5507
1e-05	1e-05	1e-05	1e-05	1e-05	1e-05	1e-05	1e-05	1e-05	1e-05	1e-05	1e-05	1e-05	1e-05	1e-05	1e-05	1e-05	1e-05	1e-05	1e-05	0.824589	0.175211	QG5525
1e-05	1e-05	1e-05	1e-05	1e-05	1e-05	1e-05	1e-05	0.815437	1e-05	1e-05	1e-05	1e-05	1e-05	1e-05	1e-05	1e-05	1e-05	1e-05	1e-05	0.184363	1e-05	QG5589
1e-05	0.153496	1e-05	1e-05	1e-05	1e-05	1e-05	1e-05	0.654884	1e-05	1e-05	1e-05	1e-05	1e-05	1e-05	1e-05	1e-05	1e-05	1e-05	1e-05	0.19143	1e-05	QG5603
1e-05	1e-05	1e-05	1e-05	1e-05	1e-05	1e-05	1e-05	1e-05	1e-05	1e-05	1e-05	1e-05	1e-05	1e-05	1e-05	1e-05	1e-05	1e-05	1.4e-05	0.999786	1e-05	QG5611
1e-05	0.237999	1e-05	1e-05	1e-05	1e-05	1e-05	1e-05	1e-05	1e-05	1e-05	1e-05	1e-05	1e-05	1e-05	0.152992	1e-05	1e-05	1e-05	0.095268	0.513561	1e-05	QG5612
1e-05	0.053093	1e-05	1e-05	1e-05	1e-05	1e-05	1e-05	1e-05	1e-05	1e-05	1e-05	1e-05	1e-05	1e-05	1e-05	1e-05	1e-05	1e-05	1e-05	0.946707	1e-05	QG5633
1e-05	1e-05	1e-05	1e-05	1e-05	1e-05	1e-05	1e-05	1e-05	1e-05	1e-05	1e-05	1e-05	1e-05	1e-05	1e-05	1e-05	0.99979	1e-05	1e-05	1e-05	1e-05	QG581
1e-05	1e-05	1e-05	1e-05	1e-05	1e-05	1e-05	1e-05	1e-05	1e-05	1e-05	1e-05	1e-05	1e-05	1e-05	1e-05	1e-05	0.99979	1e-05	1e-05	1e-05	1e-05	QG588
1e-05	1e-05	1.1e-05	1e-05	1e-05	1e-05	1e-05	1e-05	1e-05	0.594	1e-05	1e-05	1e-05	1e-05	1e-05	1e-05	1e-05	1e-05	1e-05	0.405799	1e-05	1e-05	QG700
1e-05	1e-05	1e-05	1e-05	1e-05	1e-05	1e-05	1e-05	1e-05	0.99979	1e-05	1e-05	1e-05	1e-05	1e-05	1e-05	1e-05	1e-05	1e-05	1e-05	1e-05	1e-05	QG727
1e-05	1e-05	1e-05	1e-05	1e-05	1e-05	1e-05	1e-05	1e-05	0.99979	1e-05	1e-05	1e-05	1e-05	1e-05	1e-05	1e-05	1e-05	1e-05	1e-05	1e-05	1e-05	QG733
1e-05	1e-05	0.188468	1e-05	1e-05	1e-05	1e-05	1e-05	1e-05	0.386856	1e-05	1e-05	1e-05	1e-05	1e-05	1e-05	1e-05	1e-05	1e-05	0.424485	1e-05	1e-05	QG736
1e-05	1e-05	0.638576	1e-05	1e-05	1e-05	1e-05	1e-05	1e-05	0.361224	1e-05	1e-05	1e-05	1e-05	1e-05	1e-05	1e-05	1e-05	1e-05	1e-05	1e-05	1e-05	QG737
1e-05	1e-05	1e-05	1e-05	1e-05	1e-05	1e-05	1e-05	1e-05	0.99979	1e-05	1e-05	1e-05	1e-05	1e-05	1e-05	1e-05	1e-05	1e-05	1e-05	1e-05	1e-05	QG739
1e-05	1e-05	1e-05	1e-05	1e-05	1e-05	1e-05	1e-05	1e-05	0.416446	1e-05	1e-05	1e-05	1e-05	1e-05	1e-05	1e-05	1e-05	1e-05	0.583354	1e-05	1e-05	QG761
1e-05	1e-05	0.313652	1e-05	1e-05	1e-05	1e-05	1e-05	1e-05	0.557817	1e-05	1e-05	1e-05	1e-05	1e-05	1e-05	1e-05	1e-05	1e-05	0.128341	1e-05	1e-05	QG763
1e-05	1e-05	0.249192	1e-05	1e-05	1e-05	1e-05	1e-05	1e-05	0.67876	1e-05	1e-05	1e-05	1e-05	1e-05	1e-05	1e-05	1e-05	1e-05	0.071858	1e-05	1e-05	QG776
1e-05	1e-05	1.2e-05	1e-05	1e-05	1e-05	1e-05	1e-05	1.2e-05	0.999785	1e-05	1e-05	1e-05	1e-05	1e-05	1e-05	1e-05	1e-05	1e-05	1e-05	1e-05	1e-05	QG781
1e-05	1e-05	0.851888	1e-05	1e-05	1e-05	1e-05	1e-05	1e-05	0.147912	1e-05	1e-05	1e-05	1e-05	1e-05	1e-05	1e-05	1e-05	1e-05	1e-05	1e-05	1e-05	QG784
1e-05	1e-05	0.782991	1e-05	1e-05	1e-05	1e-05	1e-05	1e-05	0.216809	1e-05	1e-05	1e-05	1e-05	1e-05	1e-05	1e-05	1e-05	1e-05	1e-05	1e-05	1e-05	QG786
1e-05	1e-05	1e-05	1e-05	1e-05	1e-05	1e-05	1e-05	1e-05	0.99979	1e-05	1e-05	1e-05	1e-05	1e-05	1e-05	1e-05	1e-05	1e-05	1e-05	1e-05	1e-05	QG788
1e-05	1e-05	0.66982	1e-05	1e-05	1e-05	1e-05	1e-05	1e-05	0.32998	1e-05	1e-05	1e-05	1e-05	1e-05	1e-05	1e-05	1e-05	1e-05	1e-05	1e-05	1e-05	QG790
1e-05	1e-05	0.163486	1e-05	1e-05	1e-05	1e-05	1e-05	1e-05	0.763534	1e-05	1e-05	1e-05	1e-05	1e-05	1e-05	1e-05	1e-05	1e-05	1e-05	0.07279	1e-05	QG791
1e-05	1e-05	1e-05	1e-05	1e-05	1e-05	1e-05	1e-05	1e-05	0.3969	1e-05	1e-05	1e-05	1e-05	1e-05	1e-05	1e-05	1e-05	1e-05	0.6029	1e-05	1e-05	QG795
1e-05	1e-05	0.99979	1e-05	1e-05	1e-05	1e-05	1e-05	1e-05	1e-05	1e-05	1e-05	1e-05	1e-05	1e-05	1e-05	1e-05	1e-05	1e-05	1e-05	1e-05	1e-05	QG797
1e-05	1e-05	1.9e-05	1e-05	1e-05	1e-05	1e-05	1e-05	1e-05	0.999781	1e-05	1e-05	1e-05	1e-05	1e-05	1e-05	1e-05	1e-05	1e-05	1e-05	1e-05	1e-05	QG802
1e-05	1e-05	0.99979	1e-05	1e-05	1e-05	1e-05	1e-05	1e-05	1e-05	1e-05	1e-05	1e-05	1e-05	1e-05	1e-05	1e-05	1e-05	1e-05	1e-05	1e-05	1e-05	QG804
1e-05	1e-05	1e-05	1e-05	1e-05	1e-05	1e-05	1e-05	1e-05	0.99979	1e-05	1e-05	1e-05	1e-05	1e-05	1e-05	1e-05	1e-05	1e-05	1e-05	1e-05	1e-05	QG806
1e-05	1e-05	1e-05	1e-05	1e-05	1e-05	1e-05	1e-05	1e-05	0.99979	1e-05	1e-05	1e-05	1e-05	1e-05	1e-05	1e-05	1e-05	1e-05	1e-05	1e-05	1e-05	QG807
1e-05	1e-05	0.486979	1e-05	1e-05	1e-05	1e-05	1e-05	1e-05	0.453259	1e-05	1e-05	1e-05	1e-05	1e-05	1e-05	1e-05	1e-05	1e-05	1e-05	0.059572	1e-05	QG808
1e-05	1e-05	0.99979	1e-05	1e-05	1e-05	1e-05	1e-05	1e-05	1e-05	1e-05	1e-05	1e-05	1e-05	1e-05	1e-05	1e-05	1e-05	1e-05	1e-05	1e-05	1e-05	QG809
1e-05	1e-05	1e-05	1e-05	1e-05	1e-05	1e-05	1e-05	1e-05	0.99979	1e-05	1e-05	1e-05	1e-05	1e-05	1e-05	1e-05	1e-05	1e-05	1e-05	1e-05	1e-05	QG825
1e-05	1e-05	1e-05	1e-05	1e-05	1e-05	1e-05	1e-05	1.2e-05	0.999788	1e-05	1e-05	1e-05	1e-05	1e-05	1e-05	1e-05	1e-05	1e-05	1e-05	1e-05	1e-05	QG827
1e-05	1e-05	1e-05	1e-05	1e-05	1e-05	1e-05	1e-05	1e-05	0.99979	1e-05	1e-05	1e-05	1e-05	1e-05	1e-05	1e-05	1e-05	1e-05	1e-05	1e-05	1e-05	QG828
1e-05	1e-05	1e-05	1e-05	1e-05	1e-05	1e-05	1e-05	1e-05	0.99979	1e-05	1e-05	1e-05	1e-05	1e-05	1e-05	1e-05	1e-05	1e-05	1e-05	1e-05	1e-05	QG833
1e-05	1e-05	0.518678	1e-05	1e-05	1e-05	1e-05	1e-05	1e-05	0.436251	1e-05	1e-05	1e-05	1e-05	1e-05	1e-05	1e-05	1e-05	1e-05	1e-05	0.04488	1e-05	QG855
1e-05	1e-05	0.195873	1e-05	1e-05	1e-05	1e-05	1e-05	1e-05	0.803927	1e-05	1e-05	1e-05	1e-05	1e-05	1e-05	1e-05	1e-05	1e-05	1e-05	1e-05	1e-05	QG856
1e-05	0.007135	0.827624	1e-05	1e-05	1e-05	1e-05	1e-05	1e-05	0.16505	1e-05	1e-05	1e-05	1e-05	1e-05	1e-05	1e-05	1e-05	1e-05	1e-05	1e-05	1e-05	QG858
1e-05	1e-05	1e-05	1e-05	1e-05	1e-05	1e-05	1e-05	1e-05	0.569675	1e-05	1e-05	1e-05	1e-05	1e-05	1e-05	1e-05	1e-05	1e-05	0.430125	1e-05	1e-05	QG860
1e-05	1e-05	0.686663	1e-05	1e-05	1e-05	1e-05	1e-05	1e-05	0.313137	1e-05	1e-05	1e-05	1e-05	1e-05	1e-05	1e-05	1e-05	1e-05	1e-05	1e-05	1e-05	QG864
1e-05	1e-05	0.146899	1e-05	1e-05	1e-05	1e-05	1e-05	1e-05	0.852901	1e-05	1e-05	1e-05	1e-05	1e-05	1e-05	1e-05	1e-05	1e-05	1e-05	1e-05	1e-05	QG865
1e-05	1e-05	0.130571	1e-05	1e-05	1e-05	1e-05	1e-05	1e-05	0.869229	1e-05	1e-05	1e-05	1e-05	1e-05	1e-05	1e-05	1e-05	1e-05	1e-05	1e-05	1e-05	QG866
1e-05	1e-05	1e-05	1e-05	1e-05	1.3e-05	1e-05	1e-05	1e-05	0.926426	1e-05	1e-05	1e-05	1e-05	1e-05	1e-05	1e-05	1e-05	1e-05	0.073371	1e-05	1e-05	QG868
1e-05	1e-05	1.5e-05	1e-05	1e-05	1e-05	1e-05	1e-05	1e-05	0.999777	1e-05	1e-05	1e-05	1e-05	1e-05	1e-05	1e-05	1e-05	1e-05	1.8e-05	1e-05	1e-05	QG874
1e-05	1e-05	0.99979	1e-05	1e-05	1e-05	1e-05	1e-05	1e-05	1e-05	1e-05	1e-05	1e-05	1e-05	1e-05	1e-05	1e-05	1e-05	1e-05	1e-05	1e-05	1e-05	QG875
1e-05	1e-05	1e-05	1e-05	1e-05	1e-05	1e-05	1e-05	1e-05	0.99979	1e-05	1e-05	1e-05	1e-05	1e-05	1e-05	1e-05	1e-05	1e-05	1e-05	1e-05	1e-05	QG878
1e-05	1e-05	1e-05	1e-05	1e-05	1e-05	1e-05	1e-05	1e-05	0.99979	1e-05	1e-05	1e-05	1e-05	1e-05	1e-05	1e-05	1e-05	1e-05	1e-05	1e-05	1e-05	QG879
1e-05	1e-05	0.184817	1e-05	1e-05	1e-05	1e-05	1e-05	1e-05	0.402711	1e-05	1e-05	1e-05	1e-05	1e-05	1e-05	1e-05	1e-05	1e-05	0.412283	1e-05	1e-05	QG880
1e-05	1e-05	1e-05	1e-05	1e-05	1e-05	1e-05	1e-05	1e-05	0.496949	1e-05	1e-05	1e-05	1e-05	1e-05	1e-05	1e-05	1e-05	1e-05	0.502851	1e-05	1e-05	QG881
1e-05	1e-05	0.157787	1e-05	1e-05	1e-05	1e-05	1e-05	1e-05	0.842013	1e-05	1e-05	1e-05	1e-05	1e-05	1e-05	1e-05	1e-05	1e-05	1e-05	1e-05	1e-05	QG887
1e-05	1e-05	0.999786	1e-05	1e-05	1e-05	1e-05	1e-05	1.4e-05	1e-05	1e-05	1e-05	1e-05	1e-05	1e-05	1e-05	1e-05	1e-05	1e-05	1e-05	1e-05	1e-05	QG888
1e-05	1e-05	0.138716	1e-05	1e-05	1e-05	1e-05	1e-05	1e-05	0.861084	1e-05	1e-05	1e-05	1e-05	1e-05	1e-05	1e-05	1e-05	1e-05	1e-05	1e-05	1e-05	QG926
1e-05	1e-05	0.032649	1e-05	1e-05	1e-05	1e-05	1e-05	1e-05	1e-05	1e-05	1e-05	1e-05	1e-05	1e-05	1e-05	1e-05	1e-05	1e-05	1e-05	1e-05	0.967151	QG927
1e-05	1e-05	0.99979	1e-05	1e-05	1e-05	1e-05	1e-05	1e-05	1e-05	1e-05	1e-05	1e-05	1e-05	1e-05	1e-05	1e-05	1e-05	1e-05	1e-05	1e-05	1e-05	QG933
1e-05	1e-05	0.958378	1.9e-05	1e-05	1e-05	1e-05	1e-05	1e-05	1e-05	1e-05	0.041413	1e-05	1e-05	1e-05	1e-05	1e-05	1e-05	1e-05	1e-05	1e-05	1e-05	QG937
1e-05	1e-05	0.999787	1e-05	1e-05	1e-05	1e-05	1e-05	1e-05	1e-05	1e-05	1e-05	1e-05	1e-05	1e-05	1e-05	1e-05	1e-05	1e-05	1.3e-05	1e-05	1e-05	QG945
1e-05	1e-05	0.99979	1e-05	1e-05	1e-05	1e-05	1e-05	1e-05	1e-05	1e-05	1e-05	1e-05	1e-05	1e-05	1e-05	1e-05	1e-05	1e-05	1e-05	1e-05	1e-05	QG946
1e-05	1e-05	1e-05	1e-05	1e-05	1e-05	1e-05	1e-05	1e-05	0.99979	1e-05	1e-05	1e-05	1e-05	1e-05	1e-05	1e-05	1e-05	1e-05	1e-05	1e-05	1e-05	QG947
1e-05	1e-05	1e-05	1e-05	1e-05	1e-05	1e-05	1e-05	1e-05	0.99979	1e-05	1e-05	1e-05	1e-05	1e-05	1e-05	1e-05	1e-05	1e-05	1e-05	1e-05	1e-05	QG948
1e-05	0.004123	1e-05	1e-05	1e-05	1e-05	1e-05	1e-05	1e-05	0.949948	1e-05	1e-05	1e-05	1e-05	1e-05	0.045739	1e-05	1e-05	1e-05	1e-05	1e-05	1e-05	QG952
1e-05	0.061003	0.811754	1e-05	1e-05	1e-05	1e-05	1e-05	1e-05	1e-05	1e-05	0.040732	1e-05	1e-05	1e-05	1e-05	1e-05	1e-05	1e-05	0.086331	1e-05	1e-05	QG978
1e-05	1e-05	1e-05	1e-05	1e-05	1e-05	1e-05	1e-05	1e-05	0.999787	1e-05	1e-05	1e-05	1e-05	1e-05	1e-05	1e-05	1e-05	1e-05	1.3e-05	1e-05	1e-05	QG980
1e-05	1e-05	1e-05	1e-05	1e-05	1e-05	1e-05	1e-05	1e-05	0.99979	1e-05	1e-05	1e-05	1e-05	1e-05	1e-05	1e-05	1e-05	1e-05	1e-05	1e-05	1e-05	QG986
1e-05	1e-05	1e-05	1e-05	1e-05	1e-05	1e-05	1e-05	1e-05	0.99979	1e-05	1e-05	1e-05	1e-05	1e-05	1e-05	1e-05	1e-05	1e-05	1e-05	1e-05	1e-05	QG991
1e-05	1e-05	0.99979	1e-05	1e-05	1e-05	1e-05	1e-05	1e-05	1e-05	1e-05	1e-05	1e-05	1e-05	1e-05	1e-05	1e-05	1e-05	1e-05	1e-05	1e-05	1e-05	QG994
1e-05	1e-05	1e-05	1e-05	1e-05	1e-05	1e-05	1.6e-05	1e-05	0.999784	1e-05	1e-05	1e-05	1e-05	1e-05	1e-05	1e-05	1e-05	1e-05	1e-05	1e-05	1e-05	QG995
1e-05	1e-05	0.088633	1e-05	1e-05	1e-05	1e-05	1e-05	1e-05	0.814032	1e-05	1e-05	1e-05	1e-05	1e-05	1e-05	1e-05	1e-05	1e-05	0.097145	1e-05	1e-05	QG997
1e-05	1e-05	0.99979	1e-05	1e-05	1e-05	1e-05	1e-05	1e-05	1e-05	1e-05	1e-05	1e-05	1e-05	1e-05	1e-05	1e-05	1e-05	1e-05	1e-05	1e-05	1e-05	QG998
1e-05	0.124356	1e-05	1e-05	1e-05	1e-05	1e-05	1e-05	1e-05	1e-05	1e-05	1e-05	1e-05	1e-05	0.668507	1e-05	1e-05	0.206947	1e-05	1e-05	1e-05	1e-05	QR25
1e-05	1e-05	1e-05	1e-05	1e-05	1e-05	1e-05	1e-05	1e-05	1.6e-05	1e-05	1e-05	1e-05	1e-05	1e-05	0.920882	1e-05	1e-05	1e-05	1e-05	1e-05	0.078912	QX1410
1e-05	1e-05	1e-05	2e-05	1e-05	1e-05	1e-05	1e-05	1e-05	1e-05	1e-05	1e-05	1e-05	1e-05	1e-05	1e-05	1e-05	0.99978	1e-05	1e-05	1e-05	1e-05	QX1547
1e-05	0.277993	1e-05	1e-05	1e-05	1e-05	1e-05	1e-05	1e-05	1e-05	1e-05	0.128951	1e-05	1e-05	1e-05	0.071841	1e-05	1e-05	1e-05	1e-05	1e-05	0.521035	QX1795
1e-05	0.99979	1e-05	1e-05	1e-05	1e-05	1e-05	1e-05	1e-05	1e-05	1e-05	1e-05	1e-05	1e-05	1e-05	1e-05	1e-05	1e-05	1e-05	1e-05	1e-05	1e-05	QX1796
1e-05	1e-05	1e-05	0.819374	1e-05	1e-05	1e-05	0.180426	1e-05	1e-05	1e-05	1e-05	1e-05	1e-05	1e-05	1e-05	1e-05	1e-05	1e-05	1e-05	1e-05	1e-05	QX1798
1e-05	0.812907	1e-05	1e-05	1e-05	1e-05	1e-05	1e-05	1e-05	1e-05	1e-05	1e-05	1e-05	1e-05	1e-05	1e-05	1e-05	1e-05	1e-05	1e-05	0.186893	1e-05	QX1800
1e-05	0.911094	1e-05	1e-05	1e-05	1e-05	1e-05	1e-05	1e-05	1e-05	1e-05	1e-05	1e-05	1e-05	1e-05	0.088706	1e-05	1e-05	1e-05	1e-05	1e-05	1e-05	QX1801
1e-05	0.822309	1e-05	1e-05	1e-05	1e-05	1e-05	1e-05	1e-05	1e-05	1e-05	1e-05	1e-05	1e-05	1e-05	1e-05	1e-05	1e-05	1e-05	1e-05	0.177491	1e-05	QX1802
1e-05	0.921767	1e-05	1e-05	1e-05	1e-05	1e-05	1e-05	1e-05	1e-05	1e-05	1e-05	1e-05	1e-05	1e-05	1e-05	1e-05	1e-05	1e-05	1e-05	1e-05	0.078033	QX1803
1e-05	0.99979	1e-05	1e-05	1e-05	1e-05	1e-05	1e-05	1e-05	1e-05	1e-05	1e-05	1e-05	1e-05	1e-05	1e-05	1e-05	1e-05	1e-05	1e-05	1e-05	1e-05	QX1804
1e-05	1e-05	1e-05	1e-05	1e-05	1e-05	1e-05	1e-05	1e-05	1e-05	1e-05	1e-05	1e-05	1e-05	1e-05	1e-05	1e-05	0.99979	1e-05	1e-05	1e-05	1e-05	SOW18
1e-05	1e-05	1e-05	1e-05	1e-05	1e-05	1e-05	1e-05	1e-05	1e-05	1e-05	1e-05	1e-05	1e-05	1e-05	1e-05	1e-05	0.99979	1e-05	1e-05	1e-05	1e-05	SOW21
1e-05	1.6e-05	1e-05	1e-05	1e-05	1e-05	1e-05	1e-05	1e-05	1e-05	1.5e-05	1e-05	1e-05	1e-05	1e-05	1e-05	1e-05	0.999779	1e-05	1e-05	1e-05	1e-05	SOW22
1e-05	1e-05	1e-05	1e-05	1e-05	1e-05	1e-05	1e-05	1e-05	1e-05	1e-05	1e-05	1e-05	1e-05	1e-05	1e-05	1e-05	1e-05	1e-05	1e-05	1e-05	0.99979	TT3408
1e-05	1e-05	1e-05	1e-05	1e-05	1e-05	1e-05	1e-05	1e-05	1e-05	1e-05	1e-05	1e-05	1e-05	1e-05	1e-05	1e-05	1e-05	1e-05	1e-05	1e-05	0.99979	TT3411
1e-05	1e-05	1e-05	0.99979	1e-05	1e-05	1e-05	1e-05	1e-05	1e-05	1e-05	1e-05	1e-05	1e-05	1e-05	1e-05	1e-05	1e-05	1e-05	1e-05	1e-05	1e-05	TWN1772
1e-05	1e-05	1e-05	1e-05	1e-05	0.99979	1e-05	1e-05	1e-05	1e-05	1e-05	1e-05	1e-05	1e-05	1e-05	1e-05	1e-05	1e-05	1e-05	1e-05	1e-05	1e-05	TWN1824
1e-05	1e-05	1e-05	1e-05	1e-05	0.99979	1e-05	1e-05	1e-05	1e-05	1e-05	1e-05	1e-05	1e-05	1e-05	1e-05	1e-05	1e-05	1e-05	1e-05	1e-05	1e-05	TWN1899
1e-05	1e-05	1e-05	1e-05	1e-05	1e-05	1e-05	1e-05	1e-05	1e-05	0.99979	1e-05	1e-05	1e-05	1e-05	1e-05	1e-05	1e-05	1e-05	1e-05	1e-05	1e-05	TWN1907
1e-05	1e-05	1e-05	1.2e-05	1e-05	1e-05	1e-05	1e-05	1e-05	1e-05	0.999788	1e-05	1e-05	1e-05	1e-05	1e-05	1e-05	1e-05	1e-05	1e-05	1e-05	1e-05	TWN2919
1e-05	1e-05	1e-05	0.697122	1e-05	1e-05	1e-05	0.302677	1e-05	1e-05	1e-05	1e-05	1.1e-05	1e-05	1e-05	1e-05	1e-05	1e-05	1e-05	1e-05	1e-05	1e-05	TWN3077
1e-05	1e-05	1e-05	0.849126	1e-05	1e-05	1e-05	0.150674	1e-05	1e-05	1e-05	1e-05	1e-05	1e-05	1e-05	1e-05	1e-05	1e-05	1e-05	1e-05	1e-05	1e-05	UH1
1e-05	0.128694	1e-05	1e-05	1e-05	1e-05	0.693088	1e-05	1e-05	1e-05	1e-05	1e-05	1e-05	1e-05	1e-05	0.143123	1e-05	1e-05	1e-05	1e-05	1e-05	0.034914	VSL2201
1e-05	1e-05	1e-05	1e-05	0.99979	1e-05	1e-05	1e-05	1e-05	1e-05	1e-05	1e-05	1e-05	1e-05	1e-05	1e-05	1e-05	1e-05	1e-05	1e-05	1e-05	1e-05	VSL2207
1e-05	1e-05	1e-05	1.7e-05	0.999766	1e-05	1e-05	1e-05	1e-05	1e-05	1e-05	1e-05	1.9e-05	1e-05	1.7e-05	1.1e-05	1e-05	1e-05	1e-05	1e-05	1e-05	1e-05	VSL2209
1e-05	0.204732	1e-05	1e-05	1e-05	1e-05	1e-05	1e-05	1e-05	1e-05	1e-05	1e-05	1e-05	1e-05	1e-05	0.795068	1e-05	1e-05	1e-05	1e-05	1e-05	1e-05	VSL2210
1e-05	0.194749	1e-05	1e-05	1e-05	1e-05	1e-05	1e-05	1e-05	1e-05	1e-05	1e-05	1e-05	1e-05	1e-05	0.805051	1e-05	1e-05	1e-05	1e-05	1e-05	1e-05	VSL2212
1e-05	1e-05	1e-05	1e-05	1e-05	1e-05	0.99979	1e-05	1e-05	1e-05	1e-05	1e-05	1e-05	1e-05	1e-05	1e-05	1e-05	1e-05	1e-05	1e-05	1e-05	1e-05	VSL2213
1e-05	0.095864	1e-05	1e-05	1e-05	1e-05	0.903936	1e-05	1e-05	1e-05	1e-05	1e-05	1e-05	1e-05	1e-05	1e-05	1e-05	1e-05	1e-05	1e-05	1e-05	1e-05	VSL2215
1e-05	1e-05	1e-05	1e-05	1e-05	1e-05	0.99979	1e-05	1e-05	1e-05	1e-05	1e-05	1e-05	1e-05	1e-05	1e-05	1e-05	1e-05	1e-05	1e-05	1e-05	1e-05	VSL2216
1e-05	1e-05	1e-05	1e-05	1e-05	1e-05	1e-05	1e-05	0.99979	1e-05	1e-05	1e-05	1e-05	1e-05	1e-05	1e-05	1e-05	1e-05	1e-05	1e-05	1e-05	1e-05	VSL2217
1e-05	0.335465	1e-05	1e-05	1e-05	1e-05	1e-05	1e-05	1e-05	1e-05	1e-05	1e-05	1.8e-05	1.1e-05	1e-05	0.157381	1e-05	1e-05	1e-05	1e-05	1e-05	0.506955	VSL2219
1e-05	0.729253	1e-05	1e-05	1e-05	1e-05	1e-05	1e-05	1e-05	1e-05	1e-05	1e-05	1e-05	1e-05	1e-05	0.134455	1e-05	1e-05	1e-05	1e-05	0.136102	1e-05	VT847
1e-05	0.082391	1e-05	1e-05	1e-05	1e-05	1e-05	1e-05	1e-05	1e-05	1e-05	1e-05	1e-05	1e-05	0.912515	1e-05	1e-05	0.004905	1e-05	1e-05	1e-05	1e-05	VX34
1e-05	0.165469	1e-05	1e-05	1e-05	1e-05	0.470953	1e-05	1e-05	1e-05	1e-05	1e-05	1e-05	1e-05	1e-05	0.363388	1e-05	1e-05	1e-05	1e-05	1e-05	1e-05	XZ1204
1e-05	1e-05	1e-05	1e-05	1e-05	1e-05	0.99979	1e-05	1e-05	1e-05	1e-05	1e-05	1e-05	1e-05	1e-05	1e-05	1e-05	1e-05	1e-05	1e-05	1e-05	1e-05	XZ1205
1e-05	1e-05	1e-05	1e-05	1e-05	1e-05	0.99979	1e-05	1e-05	1e-05	1e-05	1e-05	1e-05	1e-05	1e-05	1e-05	1e-05	1e-05	1e-05	1e-05	1e-05	1e-05	XZ1206
1e-05	0.393056	1e-05	1e-05	1e-05	1e-05	1e-05	1e-05	1e-05	1e-05	1e-05	1e-05	1e-05	1e-05	1e-05	0.606744	1e-05	1e-05	1e-05	1e-05	1e-05	1e-05	XZ1207
1e-05	0.252261	1e-05	1e-05	1e-05	1e-05	1e-05	1e-05	1e-05	1e-05	1e-05	1e-05	1e-05	1e-05	1e-05	0.747539	1e-05	1e-05	1e-05	1e-05	1e-05	1e-05	XZ1210
1e-05	0.375239	1e-05	1e-05	1e-05	1e-05	1e-05	1e-05	1e-05	1e-05	1e-05	0.032293	1e-05	1e-05	1e-05	0.496504	1e-05	1e-05	1e-05	1e-05	0.095784	1e-05	XZ1212
1e-05	0.348642	1e-05	1e-05	1e-05	1e-05	1e-05	1e-05	1e-05	1e-05	1e-05	1e-05	1e-05	1e-05	1e-05	0.651158	1e-05	1e-05	1e-05	1e-05	1e-05	1e-05	XZ1213
1e-05	0.340031	1e-05	1e-05	1e-05	1e-05	1e-05	1e-05	1e-05	1e-05	1e-05	1e-05	1e-05	1e-05	1e-05	0.642588	1e-05	1e-05	1e-05	1e-05	0.01719	1e-05	XZ1731
1e-05	0.095397	1e-05	1e-05	1e-05	1e-05	1e-05	1e-05	1e-05	1e-05	1e-05	0.039762	1e-05	1e-05	1e-05	0.864651	1e-05	1e-05	1e-05	1e-05	1e-05	1e-05	XZ1732
1e-05	1e-05	1e-05	1e-05	1e-05	1e-05	1e-05	1e-05	0.99979	1e-05	1e-05	1e-05	1e-05	1e-05	1e-05	1e-05	1e-05	1e-05	1e-05	1e-05	1e-05	1e-05	ZZY0992
1e-05	0.079187	1e-05	1e-05	1e-05	1e-05	1e-05	1e-05	1e-05	1e-05	1e-05	1e-05	1e-05	1e-05	1e-05	1e-05	1e-05	1e-05	1e-05	1e-05	1e-05	0.920613	ZZY1034
1e-05	1.1e-05	1e-05	1e-05	1e-05	1e-05	1e-05	1e-05	1e-05	1e-05	1e-05	1e-05	1e-05	1e-05	1e-05	1e-05	1e-05	1e-05	1e-05	1e-05	0.306877	0.692921	ZZY1075
1e-05	1e-05	1e-05	1e-05	1e-05	1e-05	1e-05	1e-05	0.99979	1e-05	1e-05	1e-05	1e-05	1e-05	1e-05	1e-05	1e-05	1e-05	1e-05	1e-05	1e-05	1e-05	ZZY1123
1e-05	0.054927	1e-05	1e-05	1e-05	1e-05	1e-05	1e-05	1e-05	1e-05	1e-05	1e-05	1e-05	1e-05	1e-05	1e-05	1e-05	1e-05	1e-05	1e-05	1e-05	0.944873	ZZY1130
1e-05	0.236768	1e-05	1e-05	1e-05	1e-05	1e-05	1e-05	1e-05	1e-05	1e-05	1e-05	1e-05	1e-05	1e-05	1e-05	1e-05	1e-05	1e-05	1e-05	0.155709	0.607333	ZZY405
