A	B	C	D	E	F	G	H	I	J	K	L	M	N	O	P	Q	R	S	T	U	V	samples
1e-05	1e-05	1e-05	1e-05	1e-05	1e-05	1e-05	1e-05	1e-05	1e-05	1e-05	1e-05	1e-05	1e-05	1e-05	1e-05	1e-05	1e-05	1e-05	1e-05	0.99979	1e-05	AF16
1e-05	1e-05	1e-05	1e-05	1e-05	1e-05	1e-05	0.895877	1e-05	1.4e-05	1e-05	0.103919	1e-05	1e-05	1e-05	1e-05	1e-05	1e-05	1e-05	1e-05	1e-05	1e-05	BRC20069
1e-05	1e-05	1e-05	1e-05	1e-05	1e-05	1e-05	0.570644	1e-05	1e-05	1e-05	0.429156	1e-05	1e-05	1e-05	1e-05	1e-05	1e-05	1e-05	1e-05	1e-05	1e-05	BRC20073
1e-05	1e-05	1.5e-05	1e-05	0.999785	1e-05	1e-05	1e-05	1e-05	1e-05	1e-05	1e-05	1e-05	1e-05	1e-05	1e-05	1e-05	1e-05	1e-05	1e-05	1e-05	1e-05	BRC20075
1e-05	1e-05	1e-05	1e-05	1e-05	1.8e-05	1e-05	0.813511	1e-05	1e-05	1e-05	0.163947	1e-05	1e-05	1e-05	1e-05	1e-05	1e-05	1e-05	0.022345	1e-05	1e-05	BRC20077
1e-05	0.079697	0.920101	1e-05	1e-05	1e-05	1e-05	1e-05	1e-05	1e-05	1e-05	1e-05	1e-05	1e-05	1e-05	1e-05	1e-05	1e-05	1e-05	1.2e-05	1e-05	1e-05	BRC20081
1e-05	1e-05	1e-05	1e-05	1e-05	1e-05	1e-05	0.166448	1e-05	1e-05	1e-05	1e-05	0.833352	1e-05	1e-05	1e-05	1e-05	1e-05	1e-05	1e-05	1e-05	1e-05	BRC20085
1e-05	1e-05	0.999778	1e-05	1e-05	1.9e-05	1e-05	1e-05	1e-05	1e-05	1e-05	1.3e-05	1e-05	1e-05	1e-05	1e-05	1e-05	1e-05	1e-05	1e-05	1e-05	1e-05	BRC20088
1e-05	1e-05	1e-05	1e-05	1e-05	1e-05	1e-05	0.99979	1e-05	1e-05	1e-05	1e-05	1e-05	1e-05	1e-05	1e-05	1e-05	1e-05	1e-05	1e-05	1e-05	1e-05	BRC20089
1e-05	1e-05	1e-05	1e-05	1e-05	1e-05	1e-05	0.649381	1e-05	1e-05	1e-05	1e-05	0.209622	1e-05	1e-05	1e-05	1e-05	1e-05	1e-05	1e-05	0.140808	1e-05	BRC20090
1e-05	1e-05	1e-05	1e-05	1e-05	1e-05	1e-05	1e-05	1e-05	1e-05	1e-05	1e-05	0.999789	1e-05	1e-05	1e-05	1e-05	1.1e-05	1e-05	1e-05	1e-05	1e-05	BRC20092
1e-05	1e-05	1e-05	1e-05	1e-05	1e-05	1e-05	0.99979	1e-05	1e-05	1e-05	1e-05	1e-05	1e-05	1e-05	1e-05	1e-05	1e-05	1e-05	1e-05	1e-05	1e-05	BRC20093
1e-05	1e-05	1e-05	1e-05	1e-05	1e-05	1.6e-05	1.1e-05	1e-05	1e-05	1e-05	1e-05	0.999783	1e-05	1e-05	1e-05	1e-05	1e-05	1e-05	1e-05	1e-05	1e-05	BRC20094
1e-05	1e-05	1e-05	1e-05	1e-05	1e-05	1e-05	0.553362	1e-05	1e-05	1e-05	0.446438	1e-05	1e-05	1e-05	1e-05	1e-05	1e-05	1e-05	1e-05	1e-05	1e-05	BRC20095
1e-05	1e-05	1e-05	1e-05	1e-05	1e-05	1e-05	0.99979	1e-05	1e-05	1e-05	1e-05	1e-05	1e-05	1e-05	1e-05	1e-05	1e-05	1e-05	1e-05	1e-05	1e-05	BRC20096
1e-05	1e-05	1e-05	1e-05	1e-05	1e-05	1e-05	0.999786	1e-05	1e-05	1e-05	1e-05	1e-05	1e-05	1e-05	1e-05	1e-05	1.4e-05	1e-05	1e-05	1e-05	1e-05	BRC20098
1e-05	1e-05	1e-05	1e-05	1e-05	1e-05	1e-05	0.788337	1e-05	1e-05	1e-05	0.211463	1e-05	1e-05	1e-05	1e-05	1e-05	1e-05	1e-05	1e-05	1e-05	1e-05	BRC20099
1e-05	1e-05	1e-05	1e-05	1e-05	1e-05	1e-05	0.962326	1e-05	1e-05	1e-05	0.037474	1e-05	1e-05	1e-05	1e-05	1e-05	1e-05	1e-05	1e-05	1e-05	1e-05	BRC20100
1e-05	1e-05	1e-05	1e-05	1e-05	1e-05	1e-05	0.999782	1e-05	1e-05	1e-05	1e-05	1e-05	1e-05	1e-05	1e-05	1e-05	1e-05	1e-05	1.8e-05	1e-05	1e-05	BRC20102
1e-05	1e-05	1e-05	1e-05	1e-05	1e-05	1e-05	0.99979	1e-05	1e-05	1e-05	1e-05	1e-05	1e-05	1e-05	1e-05	1e-05	1e-05	1e-05	1e-05	1e-05	1e-05	BRC20103
1e-05	1e-05	1.3e-05	1e-05	1e-05	1e-05	1e-05	1e-05	1e-05	1e-05	1e-05	1e-05	0.999787	1e-05	1e-05	1e-05	1e-05	1e-05	1e-05	1e-05	1e-05	1e-05	BRC20105
1e-05	1e-05	1e-05	1e-05	1e-05	1e-05	1e-05	1e-05	1e-05	1e-05	1e-05	1e-05	0.99979	1e-05	1e-05	1e-05	1e-05	1e-05	1e-05	1e-05	1e-05	1e-05	BRC20107
1e-05	1e-05	1e-05	1e-05	1e-05	1e-05	1e-05	1e-05	1e-05	1e-05	1e-05	1e-05	1e-05	1e-05	1e-05	0.99979	1e-05	1e-05	1e-05	1e-05	1e-05	1e-05	BRC20115
0.723212	1e-05	1e-05	1e-05	1e-05	1e-05	1e-05	0.263392	1e-05	1e-05	1e-05	0.013206	1e-05	1e-05	1e-05	1e-05	1e-05	1e-05	1e-05	1e-05	1e-05	1e-05	BRC20119
1e-05	1e-05	1e-05	1e-05	1e-05	1e-05	1e-05	0.99979	1e-05	1e-05	1e-05	1e-05	1e-05	1e-05	1e-05	1e-05	1e-05	1e-05	1e-05	1e-05	1e-05	1e-05	BRC20228
1e-05	1e-05	1e-05	1e-05	0.999788	1e-05	1e-05	1e-05	1.2e-05	1e-05	1e-05	1e-05	1e-05	1e-05	1e-05	1e-05	1e-05	1e-05	1e-05	1e-05	1e-05	1e-05	BRC20229
1e-05	1e-05	0.99979	1e-05	1e-05	1e-05	1e-05	1e-05	1e-05	1e-05	1e-05	1e-05	1e-05	1e-05	1e-05	1e-05	1e-05	1e-05	1e-05	1e-05	1e-05	1e-05	BRC20230
1e-05	1e-05	1e-05	1e-05	0.999783	1e-05	1e-05	1e-05	1e-05	1e-05	1e-05	1e-05	1e-05	1e-05	1e-05	1e-05	1e-05	1e-05	1.7e-05	1e-05	1e-05	1e-05	BRC20232
1e-05	1e-05	0.999789	1e-05	1e-05	1e-05	1e-05	1e-05	1e-05	1e-05	1e-05	1e-05	1.1e-05	1e-05	1e-05	1e-05	1e-05	1e-05	1e-05	1e-05	1e-05	1e-05	BRC20238
1e-05	1e-05	1e-05	1e-05	0.99979	1e-05	1e-05	1e-05	1e-05	1e-05	1e-05	1e-05	1e-05	1e-05	1e-05	1e-05	1e-05	1e-05	1e-05	1e-05	1e-05	1e-05	BRC20239
0.072915	1e-05	1e-05	1e-05	1e-05	1e-05	1e-05	0.926885	1e-05	1e-05	1e-05	1e-05	1e-05	1e-05	1e-05	1e-05	1e-05	1e-05	1e-05	1e-05	1e-05	1e-05	BRC20241
1e-05	1e-05	1e-05	1e-05	1e-05	1e-05	1e-05	0.902735	1e-05	1e-05	1e-05	1e-05	1e-05	1e-05	1e-05	1e-05	1e-05	1e-05	1e-05	1e-05	0.097065	1e-05	BRC20242
1e-05	1e-05	0.999783	1e-05	1e-05	1e-05	1e-05	1e-05	1e-05	1e-05	1e-05	1e-05	1e-05	1e-05	1e-05	1.6e-05	1e-05	1e-05	1e-05	1e-05	1e-05	1e-05	BRC20244
1e-05	1e-05	0.99979	1e-05	1e-05	1e-05	1e-05	1e-05	1e-05	1e-05	1e-05	1e-05	1e-05	1e-05	1e-05	1e-05	1e-05	1e-05	1e-05	1e-05	1e-05	1e-05	BRC20246
0.99979	1e-05	1e-05	1e-05	1e-05	1e-05	1e-05	1e-05	1e-05	1e-05	1e-05	1e-05	1e-05	1e-05	1e-05	1e-05	1e-05	1e-05	1e-05	1e-05	1e-05	1e-05	BRC20257
1e-05	1e-05	1e-05	1e-05	1e-05	1e-05	1e-05	0.99979	1e-05	1e-05	1e-05	1e-05	1e-05	1e-05	1e-05	1e-05	1e-05	1e-05	1e-05	1e-05	1e-05	1e-05	BRC20260
1e-05	0.99979	1e-05	1e-05	1e-05	1e-05	1e-05	1e-05	1e-05	1e-05	1e-05	1e-05	1e-05	1e-05	1e-05	1e-05	1e-05	1e-05	1e-05	1e-05	1e-05	1e-05	BRC20270
1e-05	0.99979	1e-05	1e-05	1e-05	1e-05	1e-05	1e-05	1e-05	1e-05	1e-05	1e-05	1e-05	1e-05	1e-05	1e-05	1e-05	1e-05	1e-05	1e-05	1e-05	1e-05	BRC20272
1e-05	0.833289	0.166502	1e-05	1e-05	1e-05	1e-05	1e-05	1e-05	1e-05	1e-05	1e-05	1e-05	1e-05	1e-05	1.9e-05	1e-05	1e-05	1e-05	1e-05	1e-05	1e-05	BRC20289
1e-05	0.817008	0.182788	1e-05	1e-05	1e-05	1e-05	1e-05	1e-05	1e-05	1e-05	1e-05	1e-05	1e-05	1e-05	1e-05	1e-05	1e-05	1e-05	1e-05	1.4e-05	1e-05	BRC20290
1e-05	1e-05	1e-05	1e-05	1e-05	1e-05	1e-05	0.712852	1e-05	1e-05	1e-05	0.144802	0.015494	1e-05	1e-05	1e-05	1e-05	1e-05	1e-05	1e-05	0.126672	1e-05	BRC20294
1e-05	0.99979	1e-05	1e-05	1e-05	1e-05	1e-05	1e-05	1e-05	1e-05	1e-05	1e-05	1e-05	1e-05	1e-05	1e-05	1e-05	1e-05	1e-05	1e-05	1e-05	1e-05	BRC20308
1e-05	0.99979	1e-05	1e-05	1e-05	1e-05	1e-05	1e-05	1e-05	1e-05	1e-05	1e-05	1e-05	1e-05	1e-05	1e-05	1e-05	1e-05	1e-05	1e-05	1e-05	1e-05	BRC20309
1e-05	0.99979	1e-05	1e-05	1e-05	1e-05	1e-05	1e-05	1e-05	1e-05	1e-05	1e-05	1e-05	1e-05	1e-05	1e-05	1e-05	1e-05	1e-05	1e-05	1e-05	1e-05	BRC20311
1e-05	0.99979	1e-05	1e-05	1e-05	1e-05	1e-05	1e-05	1e-05	1e-05	1e-05	1e-05	1e-05	1e-05	1e-05	1e-05	1e-05	1e-05	1e-05	1e-05	1e-05	1e-05	BRC20312
1e-05	0.99979	1e-05	1e-05	1e-05	1e-05	1e-05	1e-05	1e-05	1e-05	1e-05	1e-05	1e-05	1e-05	1e-05	1e-05	1e-05	1e-05	1e-05	1e-05	1e-05	1e-05	BRC20315
1e-05	0.99979	1e-05	1e-05	1e-05	1e-05	1e-05	1e-05	1e-05	1e-05	1e-05	1e-05	1e-05	1e-05	1e-05	1e-05	1e-05	1e-05	1e-05	1e-05	1e-05	1e-05	BRC20320
1e-05	1e-05	1e-05	1e-05	0.641265	1e-05	1e-05	0.358535	1e-05	1e-05	1e-05	1e-05	1e-05	1e-05	1e-05	1e-05	1e-05	1e-05	1e-05	1e-05	1e-05	1e-05	BRC20324
1e-05	0.99979	1e-05	1e-05	1e-05	1e-05	1e-05	1e-05	1e-05	1e-05	1e-05	1e-05	1e-05	1e-05	1e-05	1e-05	1e-05	1e-05	1e-05	1e-05	1e-05	1e-05	BRC20331
1.2e-05	0.190143	0.809653	1e-05	1e-05	1e-05	1e-05	1e-05	1e-05	1e-05	1e-05	1e-05	1e-05	1.1e-05	1e-05	1e-05	1e-05	1e-05	1e-05	1e-05	1e-05	1e-05	BRC20333
1e-05	0.999784	1e-05	1e-05	1e-05	1e-05	1.6e-05	1e-05	1e-05	1e-05	1e-05	1e-05	1e-05	1e-05	1e-05	1e-05	1e-05	1e-05	1e-05	1e-05	1e-05	1e-05	BRC20334
1e-05	0.99979	1e-05	1e-05	1e-05	1e-05	1e-05	1e-05	1e-05	1e-05	1e-05	1e-05	1e-05	1e-05	1e-05	1e-05	1e-05	1e-05	1e-05	1e-05	1e-05	1e-05	BRC20339
1e-05	0.123649	0.876149	1e-05	1e-05	1e-05	1e-05	1e-05	1e-05	1e-05	1e-05	1e-05	1e-05	1.2e-05	1e-05	1e-05	1e-05	1e-05	1e-05	1e-05	1e-05	1e-05	BRC20341
1e-05	1e-05	1e-05	1e-05	0.99979	1e-05	1e-05	1e-05	1e-05	1e-05	1e-05	1e-05	1e-05	1e-05	1e-05	1e-05	1e-05	1e-05	1e-05	1e-05	1e-05	1e-05	BRC20343
1e-05	0.982902	0.016898	1e-05	1e-05	1e-05	1e-05	1e-05	1e-05	1e-05	1e-05	1e-05	1e-05	1e-05	1e-05	1e-05	1e-05	1e-05	1e-05	1e-05	1e-05	1e-05	BRC20346
1e-05	1e-05	1e-05	1e-05	0.99979	1e-05	1e-05	1e-05	1e-05	1e-05	1e-05	1e-05	1e-05	1e-05	1e-05	1e-05	1e-05	1e-05	1e-05	1e-05	1e-05	1e-05	BRC20347
1e-05	0.662132	0.337668	1e-05	1e-05	1e-05	1e-05	1e-05	1e-05	1e-05	1e-05	1e-05	1e-05	1e-05	1e-05	1e-05	1e-05	1e-05	1e-05	1e-05	1e-05	1e-05	BRC20348
1e-05	1e-05	1e-05	1e-05	1e-05	1e-05	0.497173	1e-05	1e-05	1e-05	1e-05	1e-05	0.502627	1e-05	1e-05	1e-05	1e-05	1e-05	1e-05	1e-05	1e-05	1e-05	BRC20353
1e-05	1e-05	1.1e-05	1e-05	1e-05	1e-05	0.467738	1e-05	1e-05	1e-05	1e-05	1e-05	0.532061	1e-05	1e-05	1e-05	1e-05	1e-05	1e-05	1e-05	1e-05	1e-05	BRC20360
1e-05	1e-05	1e-05	1e-05	1.1e-05	1.2e-05	0.487871	1.7e-05	1e-05	1e-05	1e-05	1e-05	0.511918	1e-05	1e-05	1e-05	1e-05	1e-05	1e-05	1e-05	1e-05	1e-05	BRC20361
1e-05	1e-05	1e-05	1e-05	1e-05	1e-05	0.789503	1e-05	1e-05	1e-05	1e-05	1e-05	0.210297	1e-05	1e-05	1e-05	1e-05	1e-05	1e-05	1e-05	1e-05	1e-05	BRC20362
1e-05	0.99979	1e-05	1e-05	1e-05	1e-05	1e-05	1e-05	1e-05	1e-05	1e-05	1e-05	1e-05	1e-05	1e-05	1e-05	1e-05	1e-05	1e-05	1e-05	1e-05	1e-05	BRC20366
1e-05	0.431885	0.567908	1e-05	1.1e-05	1.2e-05	1e-05	1e-05	1e-05	1e-05	1e-05	1.4e-05	1e-05	1e-05	1e-05	1e-05	1e-05	1e-05	1e-05	1e-05	1e-05	1e-05	BRC20367
1e-05	1e-05	1e-05	1e-05	1e-05	1e-05	1e-05	0.99979	1e-05	1e-05	1e-05	1e-05	1e-05	1e-05	1e-05	1e-05	1e-05	1e-05	1e-05	1e-05	1e-05	1e-05	BRC20369
1e-05	0.99979	1e-05	1e-05	1e-05	1e-05	1e-05	1e-05	1e-05	1e-05	1e-05	1e-05	1e-05	1e-05	1e-05	1e-05	1e-05	1e-05	1e-05	1e-05	1e-05	1e-05	BRC20370
1e-05	1e-05	1e-05	1e-05	1e-05	1e-05	1e-05	1e-05	1.3e-05	1e-05	1e-05	1e-05	1e-05	1e-05	0.999781	1e-05	1e-05	1e-05	1.6e-05	1e-05	1e-05	1e-05	BRC20388
1e-05	1e-05	0.99979	1e-05	1e-05	1e-05	1e-05	1e-05	1e-05	1e-05	1e-05	1e-05	1e-05	1e-05	1e-05	1e-05	1e-05	1e-05	1e-05	1e-05	1e-05	1e-05	BRC20390
1e-05	1e-05	1e-05	1e-05	1e-05	1e-05	1e-05	0.999786	1e-05	1.3e-05	1e-05	1e-05	1e-05	1e-05	1e-05	1e-05	1e-05	1e-05	1.2e-05	1e-05	1e-05	1e-05	BRC20401
1e-05	0.308613	0.691178	1e-05	1e-05	1e-05	1e-05	1e-05	1e-05	1e-05	1e-05	1e-05	1e-05	1.6e-05	1.3e-05	1e-05	1e-05	1e-05	1e-05	1e-05	1e-05	1e-05	BRC20463
1e-05	1e-05	1e-05	1e-05	1e-05	1e-05	1e-05	1e-05	1e-05	1e-05	1e-05	1e-05	1e-05	1e-05	1e-05	0.99979	1e-05	1e-05	1e-05	1e-05	1e-05	1e-05	BRC20492
1e-05	0.659154	0.340638	1e-05	1e-05	1.8e-05	1e-05	1e-05	1e-05	1e-05	1e-05	1e-05	1e-05	1e-05	1e-05	1e-05	1e-05	1e-05	1e-05	1e-05	1e-05	1e-05	BRC20499
1e-05	0.974622	0.025163	1e-05	1e-05	1e-05	1e-05	1e-05	1e-05	1e-05	1e-05	1e-05	1.7e-05	1.8e-05	1e-05	1e-05	1e-05	1e-05	1e-05	1e-05	1e-05	1e-05	BRC20501
1e-05	1e-05	1e-05	1e-05	1e-05	1e-05	1e-05	1e-05	1e-05	1e-05	1e-05	1e-05	1e-05	1.3e-05	1e-05	1e-05	1e-05	1e-05	0.999787	1e-05	1e-05	1e-05	BRC20502
1e-05	1e-05	1e-05	1e-05	1e-05	1e-05	1e-05	1e-05	1e-05	1e-05	1e-05	1e-05	1e-05	1e-05	1e-05	1e-05	1e-05	1e-05	0.99979	1e-05	1e-05	1e-05	BRC20503
1e-05	1e-05	1e-05	1e-05	1e-05	1e-05	1e-05	1e-05	1e-05	1e-05	1e-05	1e-05	1e-05	1e-05	1e-05	0.99979	1e-05	1e-05	1e-05	1e-05	1e-05	1e-05	BRC20519
1e-05	1e-05	1e-05	1e-05	1e-05	1e-05	1e-05	1e-05	1e-05	1e-05	1e-05	1e-05	1e-05	1e-05	1e-05	0.99979	1e-05	1e-05	1e-05	1e-05	1e-05	1e-05	BRC20520
1e-05	1e-05	1e-05	1e-05	0.99979	1e-05	1e-05	1e-05	1e-05	1e-05	1e-05	1e-05	1e-05	1e-05	1e-05	1e-05	1e-05	1e-05	1e-05	1e-05	1e-05	1e-05	BRC20522
1e-05	1e-05	1e-05	1e-05	0.99979	1e-05	1e-05	1e-05	1e-05	1e-05	1e-05	1e-05	1e-05	1e-05	1e-05	1e-05	1e-05	1e-05	1e-05	1e-05	1e-05	1e-05	BRC20524
1e-05	1.9e-05	0.999781	1e-05	1e-05	1e-05	1e-05	1e-05	1e-05	1e-05	1e-05	1e-05	1e-05	1e-05	1e-05	1e-05	1e-05	1e-05	1e-05	1e-05	1e-05	1e-05	BRC20529
1e-05	1e-05	1e-05	1e-05	0.999783	1e-05	1e-05	1e-05	1e-05	1e-05	1e-05	1e-05	1e-05	1.1e-05	1e-05	1e-05	1e-05	1e-05	1.6e-05	1e-05	1e-05	1e-05	BRC20530
1e-05	1e-05	1e-05	1e-05	0.999777	1e-05	1e-05	1e-05	1.4e-05	1e-05	1.5e-05	1e-05	1e-05	1e-05	1e-05	1e-05	1.1e-05	1e-05	1e-05	1e-05	1.3e-05	1e-05	BRC20531
1e-05	1e-05	0.999788	1e-05	1e-05	1e-05	1e-05	1.2e-05	1e-05	1e-05	1e-05	1e-05	1e-05	1e-05	1e-05	1e-05	1e-05	1e-05	1e-05	1e-05	1e-05	1e-05	BRC20532
1.3e-05	0.921991	0.077804	1e-05	1e-05	1e-05	1e-05	1e-05	1e-05	1e-05	1e-05	1e-05	1e-05	1e-05	1.1e-05	1e-05	1e-05	1e-05	1e-05	1e-05	1e-05	1e-05	BRC20533
1e-05	0.99979	1e-05	1e-05	1e-05	1e-05	1e-05	1e-05	1e-05	1e-05	1e-05	1e-05	1e-05	1e-05	1e-05	1e-05	1e-05	1e-05	1e-05	1e-05	1e-05	1e-05	BRC20534
1e-05	0.99979	1e-05	1e-05	1e-05	1e-05	1e-05	1e-05	1e-05	1e-05	1e-05	1e-05	1e-05	1e-05	1e-05	1e-05	1e-05	1e-05	1e-05	1e-05	1e-05	1e-05	BRC20535
1e-05	0.99979	1e-05	1e-05	1e-05	1e-05	1e-05	1e-05	1e-05	1e-05	1e-05	1e-05	1e-05	1e-05	1e-05	1e-05	1e-05	1e-05	1e-05	1e-05	1e-05	1e-05	BRC20536
1e-05	1e-05	0.99979	1e-05	1e-05	1e-05	1e-05	1e-05	1e-05	1e-05	1e-05	1e-05	1e-05	1e-05	1e-05	1e-05	1e-05	1e-05	1e-05	1e-05	1e-05	1e-05	BRC20537
1e-05	1e-05	1e-05	1e-05	1e-05	1e-05	1e-05	1e-05	1e-05	1e-05	1e-05	1e-05	1e-05	1e-05	1e-05	0.99979	1e-05	1e-05	1e-05	1e-05	1e-05	1e-05	BRC20541
1e-05	1e-05	0.99979	1e-05	1e-05	1e-05	1e-05	1e-05	1e-05	1e-05	1e-05	1e-05	1e-05	1e-05	1e-05	1e-05	1e-05	1e-05	1e-05	1e-05	1e-05	1e-05	BRC20543
1e-05	0.999783	1.7e-05	1e-05	1e-05	1e-05	1e-05	1e-05	1e-05	1e-05	1e-05	1e-05	1e-05	1e-05	1e-05	1e-05	1e-05	1e-05	1e-05	1e-05	1e-05	1e-05	BRC20544
1e-05	0.81202	0.187777	1e-05	1e-05	1e-05	1.3e-05	1e-05	1e-05	1e-05	1e-05	1e-05	1e-05	1e-05	1e-05	1e-05	1e-05	1e-05	1e-05	1e-05	1e-05	1e-05	BRC20545
1e-05	1e-05	1e-05	1e-05	1e-05	1e-05	1e-05	0.99979	1e-05	1e-05	1e-05	1e-05	1e-05	1e-05	1e-05	1e-05	1e-05	1e-05	1e-05	1e-05	1e-05	1e-05	BRC20556
1e-05	1e-05	0.99979	1e-05	1e-05	1e-05	1e-05	1e-05	1e-05	1e-05	1e-05	1e-05	1e-05	1e-05	1e-05	1e-05	1e-05	1e-05	1e-05	1e-05	1e-05	1e-05	BRC20557
1e-05	1e-05	1e-05	1e-05	1e-05	1e-05	1e-05	0.195928	1e-05	1e-05	1e-05	1e-05	1e-05	1e-05	1e-05	1e-05	1e-05	1e-05	1e-05	1e-05	0.803872	1e-05	BRC20565
1e-05	1e-05	1e-05	1e-05	1e-05	1e-05	1e-05	0.649358	1e-05	1e-05	1e-05	0.304492	0.045961	1e-05	1e-05	1e-05	1e-05	1e-05	1e-05	1e-05	1e-05	1e-05	BRC20571
1.1e-05	1e-05	1e-05	1e-05	1e-05	1e-05	1e-05	0.827787	1e-05	1e-05	1e-05	1e-05	1.3e-05	1e-05	1e-05	1e-05	1e-05	1e-05	1e-05	1e-05	0.172009	1e-05	BRC20574
1e-05	1e-05	1e-05	1e-05	1e-05	1e-05	1e-05	1e-05	1e-05	1e-05	1e-05	1e-05	1e-05	1e-05	0.99979	1e-05	1e-05	1e-05	1e-05	1e-05	1e-05	1e-05	BW287
1e-05	1e-05	1e-05	1e-05	1e-05	1e-05	1e-05	1e-05	1e-05	1e-05	1e-05	0.460053	1e-05	1e-05	1e-05	1e-05	1e-05	1e-05	1e-05	0.016382	0.523375	1e-05	DF5100
1e-05	1e-05	1e-05	1e-05	1e-05	1e-05	1e-05	1e-05	1e-05	1e-05	1e-05	1e-05	1e-05	1e-05	1e-05	1e-05	1e-05	1e-05	1e-05	1e-05	0.99979	1e-05	ECA1129
1e-05	1e-05	1e-05	1e-05	1e-05	1e-05	1e-05	1e-05	1e-05	1e-05	1e-05	1e-05	1e-05	1e-05	1e-05	1e-05	1e-05	1e-05	1e-05	1e-05	0.839059	0.160741	ECA1143
1e-05	1e-05	1e-05	1e-05	1e-05	1e-05	1e-05	1e-05	1e-05	1e-05	1e-05	1e-05	1e-05	1e-05	1e-05	1e-05	1e-05	1e-05	1e-05	1e-05	0.99979	1e-05	ECA1147
1e-05	0.031768	0.003993	1e-05	1e-05	1e-05	1e-05	0.112626	1e-05	1e-05	1e-05	1e-05	1e-05	1e-05	1e-05	1e-05	1e-05	1e-05	1e-05	1e-05	0.851433	1e-05	ECA1149
1e-05	1e-05	1e-05	1e-05	1e-05	1e-05	1e-05	1e-05	1e-05	1e-05	1e-05	1e-05	1e-05	1e-05	1e-05	1e-05	1e-05	1e-05	1e-05	1e-05	0.99979	1e-05	ECA1160
1e-05	1e-05	1e-05	1e-05	1e-05	1e-05	1e-05	1e-05	1e-05	1e-05	1e-05	1e-05	1e-05	1e-05	1e-05	1e-05	1e-05	1e-05	1e-05	1e-05	0.99979	1e-05	ECA1164
1e-05	1.5e-05	0.999785	1e-05	1e-05	1e-05	1e-05	1e-05	1e-05	1e-05	1e-05	1e-05	1e-05	1e-05	1e-05	1e-05	1e-05	1e-05	1e-05	1e-05	1e-05	1e-05	ECA1170
1e-05	1e-05	1e-05	1e-05	1e-05	1e-05	1e-05	1e-05	1e-05	1e-05	1e-05	1e-05	1e-05	1e-05	1e-05	1e-05	1e-05	1e-05	1e-05	1e-05	0.99979	1e-05	ECA1174
1e-05	1e-05	0.99979	1e-05	1e-05	1e-05	1e-05	1e-05	1e-05	1e-05	1e-05	1e-05	1e-05	1e-05	1e-05	1e-05	1e-05	1e-05	1e-05	1e-05	1e-05	1e-05	ECA1383
1e-05	1e-05	1e-05	1e-05	1e-05	1e-05	1e-05	1e-05	1e-05	1e-05	1e-05	1e-05	1e-05	1e-05	1e-05	1e-05	1e-05	1e-05	1e-05	1e-05	0.99979	1e-05	ECA1411
1e-05	1e-05	1e-05	1e-05	1e-05	1e-05	1e-05	0.354806	1e-05	1e-05	1e-05	1e-05	1e-05	1e-05	1e-05	1e-05	1e-05	1e-05	1e-05	1e-05	0.644994	1e-05	ECA1423
1e-05	1e-05	1e-05	1e-05	1e-05	1e-05	1e-05	1e-05	1e-05	1e-05	1e-05	1e-05	1e-05	1e-05	1e-05	1e-05	1e-05	1e-05	1e-05	1e-05	0.99979	1e-05	ECA1429
1e-05	1e-05	1e-05	1e-05	1e-05	1e-05	1e-05	0.835931	1e-05	1e-05	1e-05	1e-05	1.1e-05	1e-05	1e-05	1.1e-05	1e-05	1e-05	1e-05	1e-05	0.163866	1e-05	ECA1431
1e-05	1e-05	1e-05	1e-05	1e-05	1e-05	1e-05	0.006127	1e-05	1e-05	1e-05	1e-05	1e-05	1e-05	1e-05	1e-05	1e-05	1e-05	1e-05	1e-05	0.993673	1e-05	ECA1437
1e-05	1e-05	1e-05	1e-05	1e-05	1e-05	1e-05	1e-05	1e-05	1e-05	1e-05	1e-05	1e-05	1e-05	1e-05	1e-05	1e-05	1e-05	1e-05	0.028699	0.971101	1e-05	ECA1439
1e-05	1e-05	0.939384	1e-05	1e-05	1e-05	1e-05	1e-05	1e-05	1e-05	1e-05	1e-05	1e-05	1e-05	1e-05	1e-05	1e-05	1e-05	1e-05	1e-05	0.060416	1e-05	ECA1443
1e-05	1e-05	1e-05	1e-05	1e-05	1e-05	1e-05	1e-05	1e-05	1e-05	1e-05	1e-05	1e-05	1e-05	1e-05	1e-05	1e-05	1e-05	1e-05	1e-05	0.99979	1e-05	ECA1471
1e-05	1e-05	1e-05	1e-05	1e-05	0.025651	1e-05	1e-05	1e-05	1e-05	1e-05	0.055796	1e-05	1e-05	1e-05	1e-05	1e-05	1e-05	1e-05	1e-05	0.749251	0.169122	ECA1489
1e-05	1e-05	1e-05	1e-05	1e-05	1e-05	1e-05	1e-05	1e-05	1e-05	1e-05	1e-05	1e-05	1e-05	1e-05	1e-05	1e-05	1e-05	1e-05	1e-05	0.99979	1e-05	ECA1507
1e-05	1e-05	1e-05	1e-05	1e-05	1e-05	1e-05	1e-05	1e-05	1.1e-05	1e-05	1e-05	1e-05	1e-05	1e-05	1e-05	1e-05	1e-05	1e-05	1e-05	0.999789	1e-05	ECA1509
1e-05	1e-05	1e-05	1e-05	1e-05	1e-05	1e-05	1e-05	1e-05	1e-05	1e-05	1e-05	1e-05	1e-05	1e-05	1e-05	1e-05	1e-05	1e-05	1e-05	0.99979	1e-05	ECA1517
1e-05	1e-05	1e-05	1e-05	1e-05	1e-05	1e-05	0.072912	1e-05	1e-05	1e-05	1e-05	1e-05	1e-05	1e-05	1e-05	1e-05	1e-05	1e-05	1e-05	0.926888	1e-05	ECA1521
1e-05	1e-05	1e-05	1e-05	1e-05	1e-05	1e-05	0.109466	1e-05	1e-05	1e-05	1e-05	1e-05	1e-05	1e-05	1e-05	1e-05	1e-05	1e-05	1e-05	0.890334	1e-05	ECA1555
1e-05	1.5e-05	0.999785	1e-05	1e-05	1e-05	1e-05	1e-05	1e-05	1e-05	1e-05	1e-05	1e-05	1e-05	1e-05	1e-05	1e-05	1e-05	1e-05	1e-05	1e-05	1e-05	ECA1559
1e-05	1e-05	1e-05	1e-05	1e-05	1e-05	1e-05	1e-05	1e-05	1e-05	1e-05	1e-05	1e-05	1e-05	1e-05	1e-05	1e-05	1e-05	1e-05	1e-05	0.99979	1e-05	ECA1563
1e-05	1e-05	1e-05	1e-05	1e-05	1e-05	1e-05	1e-05	1e-05	1e-05	1e-05	1e-05	1e-05	1e-05	1e-05	1e-05	1e-05	1e-05	1e-05	1e-05	0.833211	0.166589	ECA1571
1e-05	1e-05	1e-05	1e-05	1e-05	1e-05	1e-05	0.251338	1e-05	1e-05	1e-05	1e-05	1e-05	1e-05	1e-05	1e-05	1e-05	1e-05	1e-05	1e-05	0.748462	1e-05	ECA1587
1e-05	1e-05	0.859841	1e-05	1e-05	0.012941	1e-05	1e-05	1e-05	1.2e-05	1e-05	1e-05	1e-05	1e-05	1e-05	1e-05	1e-05	1e-05	1e-05	1e-05	0.094073	0.032964	ECA1605
1e-05	1e-05	1e-05	1e-05	1e-05	1e-05	1.3e-05	1e-05	1e-05	1.2e-05	1e-05	1e-05	1e-05	1e-05	1e-05	1e-05	1e-05	1e-05	1e-05	1e-05	0.999786	1e-05	ECA1609
1e-05	1e-05	1e-05	1e-05	1e-05	1e-05	1e-05	0.263961	1e-05	1e-05	1e-05	1e-05	1e-05	1e-05	1e-05	1e-05	1e-05	1e-05	1e-05	1e-05	0.735839	1e-05	ECA161
1e-05	1e-05	1e-05	1e-05	1e-05	1e-05	1e-05	1e-05	1e-05	1e-05	1e-05	1e-05	1e-05	1e-05	1e-05	1e-05	1e-05	1e-05	1e-05	1e-05	0.99979	1e-05	ECA1611
1e-05	1e-05	1e-05	1e-05	1e-05	1e-05	1e-05	1e-05	1e-05	1e-05	1e-05	1e-05	1e-05	1e-05	1e-05	1e-05	1e-05	1e-05	1e-05	1e-05	0.99979	1e-05	ECA1615
1e-05	1e-05	1e-05	1e-05	1e-05	1e-05	1e-05	0.40806	1e-05	1e-05	1e-05	1e-05	1e-05	1e-05	1e-05	1e-05	1e-05	1e-05	1e-05	1e-05	0.59174	1e-05	ECA162
1e-05	1e-05	1e-05	1e-05	1e-05	1e-05	1e-05	1e-05	1e-05	1e-05	1e-05	0.088679	1e-05	1e-05	1e-05	1e-05	1e-05	1e-05	1e-05	1e-05	0.911121	1e-05	ECA1621
1e-05	1e-05	1e-05	1e-05	1e-05	1e-05	1e-05	1e-05	0.99979	1e-05	1e-05	1e-05	1e-05	1e-05	1e-05	1e-05	1e-05	1e-05	1e-05	1e-05	1e-05	1e-05	ECA163
1e-05	1e-05	1e-05	1e-05	1e-05	1e-05	1e-05	0.722529	1e-05	1e-05	1e-05	1e-05	1e-05	1e-05	1e-05	1e-05	1e-05	1e-05	1e-05	1e-05	0.277271	1e-05	ECA1637
1e-05	1e-05	1e-05	1e-05	1e-05	1e-05	1e-05	0.259133	1e-05	1e-05	1e-05	1e-05	1e-05	1e-05	1e-05	1e-05	1e-05	1e-05	1e-05	1e-05	0.740667	1e-05	ECA1657
1e-05	1e-05	1e-05	1e-05	1e-05	1e-05	1e-05	0.435199	1e-05	1e-05	1e-05	0.491501	1e-05	1e-05	1e-05	1e-05	1e-05	1e-05	1e-05	1e-05	0.07311	1e-05	ECA1701
1e-05	1e-05	1e-05	1e-05	1e-05	1e-05	1e-05	0.167969	1e-05	1e-05	1e-05	1e-05	1e-05	1e-05	1e-05	1.4e-05	1e-05	1.1e-05	1e-05	1e-05	0.831826	1e-05	ECA175
1e-05	1e-05	1e-05	1e-05	1e-05	1e-05	1e-05	0.003692	1e-05	1e-05	1e-05	1e-05	1e-05	1e-05	1e-05	1e-05	1e-05	1e-05	1e-05	1e-05	0.996108	1e-05	ECA176
1e-05	1e-05	1e-05	1e-05	1e-05	1e-05	1e-05	1e-05	1e-05	1e-05	1e-05	1e-05	1e-05	1e-05	1e-05	1e-05	1e-05	1e-05	1e-05	1e-05	0.99979	1e-05	ECA177
1e-05	1e-05	1e-05	1e-05	1e-05	1e-05	1e-05	1e-05	1e-05	1e-05	1e-05	1e-05	0.033545	1e-05	1e-05	1e-05	1e-05	1e-05	1e-05	1e-05	0.966255	1e-05	ECA180
1e-05	1e-05	1e-05	1e-05	1e-05	1e-05	1e-05	1e-05	1e-05	1e-05	1e-05	1e-05	1e-05	1e-05	1e-05	1e-05	1e-05	1e-05	1e-05	1e-05	0.99979	1e-05	ECA182
1e-05	1e-05	1e-05	1e-05	1e-05	1e-05	1e-05	1e-05	1e-05	1e-05	1e-05	1e-05	1e-05	1e-05	1e-05	1e-05	1e-05	1e-05	1e-05	1e-05	0.99979	1e-05	ECA183
1e-05	1e-05	1e-05	1e-05	1e-05	1e-05	1e-05	1e-05	1e-05	1e-05	1e-05	1e-05	1e-05	1e-05	1e-05	1e-05	1e-05	1e-05	1e-05	1e-05	0.99979	1e-05	ECA185
1e-05	1e-05	1e-05	1e-05	1e-05	1e-05	1e-05	0.173416	1e-05	1e-05	1e-05	1e-05	1e-05	1e-05	1e-05	1e-05	1e-05	1e-05	1e-05	0.047308	0.779086	1e-05	ECA186
1e-05	1e-05	1e-05	1e-05	1e-05	1e-05	1e-05	1e-05	1e-05	1e-05	1e-05	1e-05	1e-05	1e-05	1e-05	1e-05	1e-05	1e-05	1e-05	1e-05	0.99979	1e-05	ECA2083
1e-05	1e-05	1e-05	1e-05	1e-05	1e-05	1e-05	0.039802	1e-05	1e-05	1e-05	1e-05	1e-05	1e-05	1e-05	1e-05	1e-05	1.3e-05	1e-05	1e-05	0.959996	1e-05	ECA2093
1e-05	1e-05	1e-05	1e-05	1e-05	1e-05	1e-05	0.716895	1e-05	1e-05	1e-05	1e-05	1e-05	1e-05	1e-05	1e-05	1e-05	1.1e-05	1e-05	1e-05	0.282904	1e-05	ECA2115
1e-05	0.99979	1e-05	1e-05	1e-05	1e-05	1e-05	1e-05	1e-05	1e-05	1e-05	1e-05	1e-05	1e-05	1e-05	1e-05	1e-05	1e-05	1e-05	1e-05	1e-05	1e-05	ECA2299
1e-05	1e-05	1e-05	1e-05	1e-05	1e-05	0.016615	0.664687	1e-05	1e-05	1e-05	1e-05	0.004503	1e-05	1e-05	1e-05	1e-05	0.041293	1e-05	1e-05	0.272732	1e-05	ECA2373
1e-05	1.2e-05	0.999782	1e-05	1e-05	1e-05	1e-05	1e-05	1e-05	1e-05	1e-05	1e-05	1e-05	1.1e-05	1e-05	1e-05	1e-05	1e-05	1.5e-05	1e-05	1e-05	1e-05	ECA2385
1e-05	1e-05	1e-05	1e-05	1e-05	1e-05	1e-05	0.781321	1e-05	1e-05	1e-05	1e-05	1e-05	1e-05	1e-05	1e-05	1e-05	1e-05	1e-05	1e-05	0.218479	1e-05	ECA2425
1e-05	1e-05	1e-05	1e-05	1e-05	1e-05	1e-05	1e-05	1e-05	1e-05	0.99979	1e-05	1e-05	1e-05	1e-05	1e-05	1e-05	1e-05	1e-05	1e-05	1e-05	1e-05	ECA2617
1e-05	1e-05	1e-05	1.7e-05	1e-05	1e-05	1e-05	1e-05	1e-05	1e-05	0.999783	1e-05	1e-05	1e-05	1e-05	1e-05	1e-05	1e-05	1e-05	1e-05	1e-05	1e-05	ECA2618
1e-05	1e-05	1e-05	1e-05	1e-05	1e-05	1e-05	1e-05	1e-05	1e-05	0.999786	1e-05	1e-05	1e-05	1e-05	1e-05	1.4e-05	1e-05	1e-05	1e-05	1e-05	1e-05	ECA2621
1e-05	1e-05	1e-05	1e-05	1e-05	1e-05	1e-05	1e-05	1e-05	1e-05	1e-05	1e-05	1e-05	1e-05	1e-05	1e-05	1e-05	1e-05	1e-05	0.99979	1e-05	1e-05	ECA2623
1e-05	1e-05	1e-05	1e-05	1e-05	1e-05	1e-05	0.691198	1e-05	1e-05	1e-05	1e-05	1e-05	1e-05	1e-05	1e-05	1e-05	1e-05	1e-05	1e-05	0.308602	1e-05	ECA2625
1e-05	1e-05	1e-05	1e-05	1e-05	1e-05	1e-05	0.800321	1e-05	1e-05	1e-05	1e-05	1e-05	1e-05	1e-05	1e-05	1e-05	1e-05	1e-05	1e-05	0.199479	1e-05	ECA2626
1e-05	1e-05	1e-05	1e-05	1e-05	1e-05	1e-05	0.99979	1e-05	1e-05	1e-05	1e-05	1e-05	1e-05	1e-05	1e-05	1e-05	1e-05	1e-05	1e-05	1e-05	1e-05	ECA2636
1e-05	1e-05	1e-05	1e-05	1e-05	1e-05	1e-05	0.562916	1e-05	1e-05	1e-05	1e-05	1e-05	1e-05	1e-05	1e-05	1e-05	1e-05	1e-05	0.051085	0.385809	1e-05	ECA2637
1e-05	1e-05	1e-05	1e-05	1e-05	1e-05	1e-05	1e-05	1.2e-05	1e-05	0.999788	1e-05	1e-05	1e-05	1e-05	1e-05	1e-05	1e-05	1e-05	1e-05	1e-05	1e-05	ECA2639
1e-05	1e-05	1e-05	1e-05	1e-05	1e-05	1e-05	0.707824	1e-05	1e-05	1e-05	1e-05	1e-05	1e-05	1e-05	1e-05	1e-05	1e-05	1e-05	1e-05	0.291976	1e-05	ECA2645
1e-05	1e-05	1e-05	1e-05	1e-05	1e-05	1e-05	1e-05	1e-05	1e-05	0.99979	1e-05	1e-05	1e-05	1e-05	1e-05	1e-05	1e-05	1e-05	1e-05	1e-05	1e-05	ECA2647
1e-05	1e-05	1e-05	1e-05	1e-05	1e-05	1e-05	0.761207	1e-05	1e-05	1e-05	1e-05	1e-05	1e-05	1e-05	1e-05	1e-05	1e-05	1e-05	1e-05	0.238593	1e-05	ECA2663
1e-05	1e-05	1e-05	1e-05	1e-05	1e-05	1e-05	1e-05	1e-05	1e-05	1e-05	1e-05	1e-05	1e-05	1e-05	1e-05	1e-05	1e-05	1e-05	0.959615	1e-05	0.040185	ECA2664
1e-05	1e-05	1e-05	1e-05	1e-05	1e-05	1e-05	1e-05	1e-05	1e-05	0.99979	1e-05	1e-05	1e-05	1e-05	1e-05	1e-05	1e-05	1e-05	1e-05	1e-05	1e-05	ECA2666
1e-05	1e-05	1e-05	1e-05	1e-05	1e-05	1e-05	0.99979	1e-05	1e-05	1e-05	1e-05	1e-05	1e-05	1e-05	1e-05	1e-05	1e-05	1e-05	1e-05	1e-05	1e-05	ECA2667
1e-05	1.2e-05	1e-05	1e-05	1e-05	1e-05	1e-05	1e-05	1e-05	1e-05	0.999785	1e-05	1e-05	1e-05	1e-05	1e-05	1.3e-05	1e-05	1e-05	1e-05	1e-05	1e-05	ECA2670
1e-05	1e-05	1e-05	1e-05	1e-05	1e-05	1e-05	1e-05	0.99979	1e-05	1e-05	1e-05	1e-05	1e-05	1e-05	1e-05	1e-05	1e-05	1e-05	1e-05	1e-05	1e-05	ECA276
1e-05	1e-05	1.6e-05	1e-05	1e-05	1e-05	1e-05	1e-05	1e-05	1e-05	1e-05	1e-05	1e-05	1e-05	0.999784	1e-05	1e-05	1e-05	1e-05	1e-05	1e-05	1e-05	ECA278
1e-05	1e-05	1e-05	1e-05	1e-05	1e-05	1e-05	0.056854	1e-05	1e-05	1e-05	1e-05	1e-05	1e-05	1e-05	1e-05	1e-05	1e-05	1e-05	0.173968	0.768988	1e-05	ECA2808
1e-05	1e-05	0.999782	1e-05	1e-05	1e-05	1e-05	1e-05	1e-05	1e-05	1e-05	1e-05	1e-05	1e-05	1e-05	1e-05	1e-05	1e-05	1e-05	1e-05	1.8e-05	1e-05	ECA287
1e-05	1e-05	0.102014	1e-05	1e-05	1e-05	1e-05	1e-05	1e-05	1e-05	1e-05	1e-05	1e-05	1e-05	1e-05	1e-05	1e-05	1e-05	1e-05	0.897786	1e-05	1e-05	ECA288
1e-05	1e-05	1e-05	1e-05	1e-05	1e-05	1e-05	1e-05	1e-05	1e-05	1e-05	1e-05	1e-05	1e-05	1e-05	1e-05	1e-05	1e-05	1e-05	1e-05	0.99979	1e-05	ECA2883
1e-05	1e-05	1e-05	1e-05	1e-05	1e-05	1e-05	1e-05	1e-05	1e-05	1e-05	1e-05	1e-05	1e-05	1e-05	1e-05	1e-05	1e-05	1e-05	1e-05	0.99979	1e-05	ECA2890
1e-05	1e-05	1e-05	1e-05	1e-05	1e-05	1e-05	1e-05	1e-05	1e-05	1e-05	1e-05	1e-05	1e-05	1e-05	1e-05	1e-05	1e-05	1e-05	0.04787	0.95193	1e-05	ECA2894
1e-05	0.013032	0.986768	1e-05	1e-05	1e-05	1e-05	1e-05	1e-05	1e-05	1e-05	1e-05	1e-05	1e-05	1e-05	1e-05	1e-05	1e-05	1e-05	1e-05	1e-05	1e-05	ECA2936
1e-05	1e-05	1e-05	1e-05	1e-05	1e-05	1e-05	0.137302	1e-05	1e-05	1e-05	1e-05	1e-05	1e-05	1e-05	1e-05	1e-05	1e-05	1e-05	1e-05	0.862498	1e-05	ECA2975
1e-05	1e-05	1e-05	1e-05	1e-05	1e-05	1e-05	1e-05	1e-05	1e-05	1e-05	1e-05	1e-05	1e-05	1e-05	1e-05	1e-05	1e-05	1e-05	1e-05	0.99979	1e-05	ECA3091
1e-05	1e-05	1e-05	1e-05	1e-05	1e-05	1e-05	1e-05	1e-05	1e-05	1e-05	1e-05	1e-05	1e-05	1e-05	1e-05	1e-05	1e-05	1e-05	1e-05	0.99979	1e-05	ECA343
1e-05	1e-05	1e-05	1e-05	1e-05	1e-05	1e-05	1e-05	1e-05	1e-05	1e-05	0.018542	1e-05	1e-05	1e-05	1e-05	1e-05	1e-05	1e-05	0.152622	0.828646	1e-05	ECA346
1e-05	1e-05	0.99979	1e-05	1e-05	1e-05	1e-05	1e-05	1e-05	1e-05	1e-05	1e-05	1e-05	1e-05	1e-05	1e-05	1e-05	1e-05	1e-05	1e-05	1e-05	1e-05	ECA3502
1e-05	1e-05	1e-05	1e-05	1e-05	1e-05	1e-05	0.21681	1e-05	1e-05	1e-05	1e-05	1e-05	1e-05	1e-05	1e-05	1e-05	1e-05	1e-05	1e-05	0.78299	1e-05	ECA3503
1e-05	1e-05	1e-05	1e-05	1e-05	1e-05	1e-05	1e-05	1e-05	1e-05	1e-05	1e-05	1e-05	1e-05	1e-05	1e-05	1e-05	1e-05	1e-05	1e-05	0.99979	1e-05	ECA3509
1e-05	1e-05	1e-05	1e-05	1e-05	1e-05	1e-05	1e-05	1e-05	1e-05	1e-05	1e-05	1e-05	1e-05	1e-05	1e-05	1e-05	1e-05	1e-05	1e-05	0.99979	1e-05	ECA3708
1e-05	1e-05	1e-05	1e-05	1e-05	1e-05	1e-05	1e-05	1e-05	1e-05	1e-05	1e-05	1e-05	1e-05	1e-05	1e-05	1e-05	1e-05	1e-05	1e-05	0.99979	1e-05	ECA371
1e-05	1e-05	1e-05	1e-05	1e-05	1e-05	1e-05	1e-05	1e-05	1e-05	1e-05	1e-05	1e-05	1e-05	1e-05	1e-05	1e-05	1e-05	1e-05	1e-05	0.99979	1e-05	ECA3712
1e-05	1e-05	1e-05	1e-05	1e-05	1e-05	1e-05	1e-05	1e-05	1e-05	1e-05	1e-05	1e-05	1e-05	1e-05	1e-05	1e-05	1e-05	1e-05	1e-05	0.99979	1e-05	ECA3713
1e-05	1e-05	1e-05	1e-05	1e-05	1e-05	1e-05	1e-05	1e-05	1e-05	1e-05	1e-05	1e-05	1e-05	1e-05	1e-05	1e-05	1e-05	1e-05	1e-05	0.99979	1e-05	ECA3899
1e-05	1e-05	1e-05	1e-05	1e-05	1e-05	1e-05	1e-05	1e-05	1e-05	1e-05	0.450705	1e-05	1e-05	1e-05	1e-05	1e-05	1e-05	1e-05	0.19477	0.354335	1e-05	ECA4382
1e-05	1e-05	1e-05	1e-05	1e-05	1e-05	1e-05	1e-05	1e-05	1e-05	1e-05	1e-05	1e-05	1e-05	1e-05	1e-05	1e-05	1e-05	1e-05	0.99979	1e-05	1e-05	ECA4390
1e-05	1e-05	1e-05	1e-05	1e-05	1e-05	1e-05	0.766363	1e-05	0.004855	1e-05	0.081394	1e-05	1e-05	1e-05	1e-05	1e-05	1e-05	1e-05	1e-05	0.147208	1e-05	ECA4394
1e-05	1e-05	1e-05	1e-05	1e-05	1e-05	1e-05	1e-05	1e-05	1e-05	1e-05	1e-05	1e-05	1e-05	1e-05	1e-05	1e-05	1e-05	1e-05	1e-05	0.99979	1e-05	ECA4402
1e-05	1e-05	1e-05	1e-05	1e-05	1e-05	1e-05	1e-05	1e-05	1e-05	1e-05	1e-05	1e-05	1e-05	0.99979	1e-05	1e-05	1e-05	1e-05	1e-05	1e-05	1e-05	ECA569
1e-05	1e-05	1e-05	1e-05	1e-05	1e-05	1e-05	0.85979	1e-05	1e-05	1e-05	0.14001	1e-05	1e-05	1e-05	1e-05	1e-05	1e-05	1e-05	1e-05	1e-05	1e-05	ED3032
1e-05	1e-05	1e-05	1e-05	1e-05	1e-05	1e-05	0.99979	1e-05	1e-05	1e-05	1e-05	1e-05	1e-05	1e-05	1e-05	1e-05	1e-05	1e-05	1e-05	1e-05	1e-05	ED3037
1e-05	1e-05	1e-05	1e-05	1e-05	1e-05	1e-05	1e-05	1e-05	1e-05	1e-05	0.193253	1e-05	1e-05	1e-05	1e-05	1e-05	1e-05	1e-05	0.147761	0.658795	1e-05	ED3088
1e-05	1e-05	1e-05	1e-05	1e-05	1e-05	1e-05	1e-05	0.99979	1e-05	1e-05	1e-05	1e-05	1e-05	1e-05	1e-05	1e-05	1e-05	1e-05	1e-05	1e-05	1e-05	ED3102
1e-05	1e-05	1e-05	1e-05	1e-05	1e-05	1e-05	1e-05	1e-05	1e-05	1e-05	1e-05	1e-05	1e-05	0.99979	1e-05	1e-05	1e-05	1e-05	1e-05	1e-05	1e-05	EG4360
1e-05	1e-05	1e-05	1e-05	1e-05	1e-05	0.99979	1e-05	1e-05	1e-05	1e-05	1e-05	1e-05	1e-05	1e-05	1e-05	1e-05	1e-05	1e-05	1e-05	1e-05	1e-05	EG5612
0.037622	1e-05	1e-05	1e-05	1e-05	1e-05	0.020182	1e-05	1e-05	1e-05	1e-05	1e-05	1e-05	1e-05	1e-05	1e-05	1e-05	1e-05	1e-05	0.70656	0.235456	1e-05	EG5613
1e-05	1e-05	1e-05	1e-05	1e-05	1e-05	0.047013	1e-05	1e-05	1e-05	1e-05	0.10238	1e-05	1e-05	1e-05	1e-05	1e-05	1e-05	1e-05	1e-05	0.850416	1e-05	EG6179
1e-05	1e-05	1e-05	1e-05	1e-05	1e-05	1e-05	1.6e-05	1e-05	1e-05	1e-05	1e-05	1e-05	1e-05	1e-05	1e-05	1e-05	1e-05	1e-05	0.967601	1e-05	0.032193	EG6260
1e-05	1e-05	1e-05	1e-05	1e-05	1e-05	1e-05	1e-05	1e-05	1e-05	1e-05	1e-05	1e-05	1e-05	1e-05	1e-05	1e-05	1e-05	1e-05	0.568644	0.431156	1e-05	EG6261
1e-05	1e-05	0.99979	1e-05	1e-05	1e-05	1e-05	1e-05	1e-05	1e-05	1e-05	1e-05	1e-05	1e-05	1e-05	1e-05	1e-05	1e-05	1e-05	1e-05	1e-05	1e-05	EG6265
1e-05	1e-05	1e-05	1e-05	1e-05	1e-05	1e-05	1e-05	1e-05	1e-05	1e-05	1e-05	1e-05	1e-05	1e-05	1e-05	1e-05	1e-05	1e-05	0.47152	0.52828	1e-05	EG6267
1e-05	1e-05	1e-05	1e-05	1e-05	1e-05	1e-05	1e-05	1e-05	1e-05	1e-05	1e-05	1e-05	1e-05	1e-05	1.6e-05	1e-05	1e-05	1e-05	0.903185	1e-05	0.096609	EG6271
1e-05	1e-05	1e-05	1e-05	1e-05	1e-05	1e-05	1e-05	1e-05	0.054723	1e-05	1e-05	1e-05	1e-05	1e-05	1e-05	1e-05	0.016738	1e-05	0.579824	0.348535	1e-05	EG6272
1e-05	1e-05	1e-05	1e-05	1e-05	1e-05	1e-05	1e-05	1e-05	1e-05	1e-05	1e-05	1e-05	1e-05	1e-05	1e-05	1e-05	1e-05	1e-05	0.735322	0.264478	1e-05	EG6274
1e-05	1e-05	1e-05	1e-05	1e-05	1e-05	1e-05	1e-05	1e-05	1e-05	1e-05	1e-05	1e-05	1e-05	1e-05	1e-05	1e-05	1e-05	1e-05	0.729584	0.270216	1e-05	EG6275
1e-05	1e-05	1e-05	1e-05	1e-05	1e-05	1e-05	1e-05	1e-05	1e-05	1e-05	1e-05	1e-05	1e-05	1e-05	1e-05	1e-05	1e-05	1e-05	0.625041	0.374759	1e-05	EG6276
1e-05	1e-05	1e-05	1e-05	1e-05	1e-05	1e-05	1e-05	1e-05	1e-05	1e-05	1e-05	1e-05	1e-05	1e-05	1e-05	1e-05	1e-05	1e-05	0.515471	0.059042	0.425297	EG6329
1e-05	1e-05	1e-05	1e-05	1e-05	1e-05	1e-05	1e-05	1e-05	1e-05	1e-05	1e-05	1e-05	1e-05	0.99979	1e-05	1e-05	1e-05	1e-05	1e-05	1e-05	1e-05	GUN124
1e-05	1e-05	1e-05	1e-05	1e-05	1e-05	1e-05	0.99979	1e-05	1e-05	1e-05	1e-05	1e-05	1e-05	1e-05	1e-05	1e-05	1e-05	1e-05	1e-05	1e-05	1e-05	GXW22
1e-05	1e-05	1e-05	1e-05	1e-05	1e-05	0.731564	1e-05	1e-05	1e-05	1e-05	0.16223	1e-05	1e-05	1e-05	1e-05	1e-05	1e-05	1e-05	1e-05	0.106016	1e-05	GXW23
1e-05	1e-05	1e-05	1e-05	1e-05	1e-05	1e-05	1e-05	1e-05	1e-05	1e-05	1e-05	1e-05	1e-05	0.99979	1e-05	1e-05	1e-05	1e-05	1e-05	1e-05	1e-05	HK104
1e-05	1e-05	1e-05	1e-05	1e-05	1e-05	1e-05	1e-05	0.99979	1e-05	1e-05	1e-05	1e-05	1e-05	1e-05	1e-05	1e-05	1e-05	1e-05	1e-05	1e-05	1e-05	HPT11
1e-05	1e-05	1e-05	1e-05	1e-05	1e-05	1e-05	1e-05	1e-05	1e-05	1e-05	0.99979	1e-05	1e-05	1e-05	1e-05	1e-05	1e-05	1e-05	1e-05	1e-05	1e-05	HPT16
1e-05	1e-05	1e-05	1e-05	1e-05	1e-05	1e-05	1e-05	0.999783	1e-05	1e-05	1e-05	1e-05	1e-05	1e-05	1e-05	1e-05	1e-05	1e-05	1e-05	1.7e-05	1e-05	HPT18
1e-05	1e-05	1e-05	1e-05	1e-05	1e-05	1e-05	1e-05	1e-05	1e-05	1e-05	0.99979	1e-05	1e-05	1e-05	1e-05	1e-05	1e-05	1e-05	1e-05	1e-05	1e-05	HPT19
1e-05	1e-05	1e-05	1e-05	1e-05	1e-05	1e-05	1e-05	1e-05	1e-05	1e-05	0.99979	1e-05	1e-05	1e-05	1e-05	1e-05	1e-05	1e-05	1e-05	1e-05	1e-05	HPT2
1e-05	1e-05	1e-05	1e-05	1e-05	1e-05	1e-05	0.949329	1e-05	1e-05	1e-05	1e-05	1e-05	1e-05	1e-05	1e-05	1e-05	1e-05	1e-05	0.050471	1e-05	1e-05	HPT21
1e-05	1e-05	1e-05	1e-05	1e-05	1e-05	1e-05	1e-05	0.999782	1e-05	1e-05	1e-05	1e-05	1e-05	1.3e-05	1.1e-05	1e-05	1e-05	1e-05	1e-05	1.4e-05	1e-05	HPT24
1e-05	1e-05	1e-05	1e-05	1e-05	1.1e-05	1.5e-05	1.3e-05	1e-05	1e-05	1.1e-05	0.999777	1e-05	1e-05	1e-05	1.3e-05	1e-05	1e-05	1e-05	1e-05	1e-05	1e-05	HPT34
1e-05	1e-05	1e-05	1e-05	1e-05	1e-05	1e-05	1e-05	1e-05	1e-05	1e-05	0.99979	1e-05	1e-05	1e-05	1e-05	1e-05	1e-05	1e-05	1e-05	1e-05	1e-05	HPT37
1.3e-05	1e-05	1e-05	1.1e-05	1e-05	1.1e-05	1e-05	1e-05	1e-05	1e-05	1e-05	0.999782	1e-05	1e-05	1e-05	1.2e-05	1e-05	1e-05	1e-05	1e-05	1e-05	1e-05	HPT4
1e-05	1e-05	1e-05	1e-05	1e-05	1e-05	1e-05	1e-05	1e-05	1e-05	1e-05	0.99979	1e-05	1e-05	1e-05	1e-05	1e-05	1e-05	1e-05	1e-05	1e-05	1e-05	HPT42
0.432884	1e-05	1e-05	1e-05	1e-05	1e-05	1e-05	0.566906	1e-05	1e-05	1e-05	1e-05	1.9e-05	1e-05	1e-05	1e-05	1e-05	1e-05	1e-05	1e-05	1e-05	1e-05	HPT52
1e-05	1e-05	1e-05	1e-05	1e-05	1e-05	1e-05	0.99979	1e-05	1e-05	1e-05	1e-05	1e-05	1e-05	1e-05	1e-05	1e-05	1e-05	1e-05	1e-05	1e-05	1e-05	HPT53
1e-05	1e-05	1e-05	1e-05	1e-05	1e-05	1e-05	0.999783	1e-05	1e-05	1e-05	1.7e-05	1e-05	1e-05	1e-05	1e-05	1e-05	1e-05	1e-05	1e-05	1e-05	1e-05	HPT54
1e-05	1e-05	1e-05	1e-05	1e-05	1e-05	1e-05	0.99979	1e-05	1e-05	1e-05	1e-05	1e-05	1e-05	1e-05	1e-05	1e-05	1e-05	1e-05	1e-05	1e-05	1e-05	HPT55
1e-05	1e-05	1e-05	1e-05	1e-05	1e-05	1e-05	0.99979	1e-05	1e-05	1e-05	1e-05	1e-05	1e-05	1e-05	1e-05	1e-05	1e-05	1e-05	1e-05	1e-05	1e-05	HPT59
1e-05	1e-05	1e-05	1e-05	1e-05	1e-05	1e-05	0.99979	1e-05	1e-05	1e-05	1e-05	1e-05	1e-05	1e-05	1e-05	1e-05	1e-05	1e-05	1e-05	1e-05	1e-05	HPT60
0.99978	1e-05	1e-05	1e-05	1e-05	1.1e-05	1e-05	1e-05	1e-05	1e-05	1e-05	1e-05	1e-05	1.1e-05	1e-05	1e-05	1e-05	1e-05	1e-05	1e-05	1.8e-05	1e-05	HPT62
1e-05	1e-05	1e-05	1e-05	1e-05	1e-05	1e-05	0.934818	1e-05	1e-05	1e-05	0.064981	1e-05	1e-05	1e-05	1.2e-05	1e-05	1e-05	1e-05	1e-05	1e-05	1e-05	HPT63
1e-05	1e-05	1e-05	1e-05	1e-05	1e-05	1e-05	1e-05	1e-05	1e-05	1e-05	0.950781	1e-05	1e-05	1e-05	1e-05	1e-05	1e-05	1e-05	1e-05	0.049019	1e-05	HPT7
1.1e-05	1e-05	1e-05	1e-05	1e-05	1.2e-05	1e-05	1.1e-05	1e-05	1e-05	1.1e-05	0.999782	1e-05	1e-05	1e-05	1.3e-05	1e-05	1e-05	1e-05	1e-05	1e-05	1e-05	HPT8
1e-05	1e-05	1e-05	1e-05	1e-05	1e-05	0.850053	0.115291	1e-05	1e-05	1e-05	0.034466	1e-05	1e-05	1e-05	1e-05	1e-05	1e-05	1e-05	1e-05	1e-05	1e-05	HPT9
1e-05	1e-05	1e-05	1e-05	1e-05	1e-05	1e-05	1e-05	1e-05	1e-05	1e-05	1e-05	1e-05	1e-05	0.99979	1e-05	1e-05	1e-05	1e-05	1e-05	1e-05	1e-05	JU1085
0.040015	1e-05	1e-05	1e-05	1e-05	1.8e-05	1e-05	0.344617	1e-05	1e-05	1e-05	1e-05	1e-05	1e-05	1e-05	1e-05	1e-05	1e-05	1e-05	0.61517	1e-05	1e-05	JU1337
1e-05	1e-05	1e-05	1e-05	1e-05	1e-05	0.99979	1e-05	1e-05	1e-05	1e-05	1e-05	1e-05	1e-05	1e-05	1e-05	1e-05	1e-05	1e-05	1e-05	1e-05	1e-05	JU1338
1e-05	1e-05	1e-05	1e-05	1e-05	1e-05	1e-05	1e-05	1e-05	1e-05	1e-05	1e-05	1e-05	1e-05	1e-05	1e-05	0.99979	1e-05	1e-05	1e-05	1e-05	1e-05	JU1341
1e-05	1e-05	1e-05	1e-05	1e-05	1e-05	0.99979	1e-05	1e-05	1e-05	1e-05	1e-05	1e-05	1e-05	1e-05	1e-05	1e-05	1e-05	1e-05	1e-05	1e-05	1e-05	JU1346
1e-05	1e-05	1e-05	1e-05	1e-05	1e-05	1e-05	1e-05	1e-05	1e-05	1e-05	0.090144	1e-05	1e-05	1e-05	1e-05	1e-05	1e-05	1e-05	0.698591	0.211075	1e-05	JU1347
1e-05	1e-05	1e-05	1e-05	1e-05	1e-05	1e-05	1e-05	1e-05	1e-05	1e-05	1e-05	1e-05	1e-05	1e-05	1e-05	0.99979	1e-05	1e-05	1e-05	1e-05	1e-05	JU1348
1e-05	1e-05	1e-05	1e-05	1e-05	1e-05	1e-05	1e-05	1e-05	1e-05	1e-05	0.59615	1e-05	1e-05	1e-05	1e-05	1e-05	1e-05	1e-05	0.105214	0.298447	1e-05	JU1375
1e-05	1e-05	1e-05	1e-05	1e-05	1e-05	1e-05	1e-05	1e-05	1e-05	1e-05	0.223887	1e-05	1e-05	1e-05	1e-05	1e-05	1e-05	1e-05	0.514514	0.261409	1e-05	JU1377
1e-05	1e-05	1e-05	1e-05	1e-05	1e-05	1e-05	1e-05	1e-05	1e-05	1e-05	0.51415	1e-05	1e-05	1e-05	1e-05	1e-05	1e-05	1e-05	0.32689	0.15877	1e-05	JU1378
1e-05	1e-05	1e-05	1e-05	1e-05	1e-05	1e-05	1e-05	1e-05	1e-05	1e-05	1e-05	1e-05	1e-05	1e-05	1e-05	1e-05	1e-05	1e-05	0.707763	0.292037	1e-05	JU1392
1e-05	1e-05	1e-05	1e-05	1e-05	1e-05	1e-05	1e-05	1e-05	0.255274	1e-05	0.086911	1e-05	1e-05	1e-05	1e-05	1e-05	1e-05	1e-05	0.052725	0.214716	0.390204	JU1399
1e-05	1e-05	1e-05	1e-05	1e-05	1e-05	0.99979	1e-05	1e-05	1e-05	1e-05	1e-05	1e-05	1e-05	1e-05	1e-05	1e-05	1e-05	1e-05	1e-05	1e-05	1e-05	JU1424
1e-05	1e-05	1e-05	1e-05	1e-05	1e-05	1e-05	1e-05	1e-05	1e-05	1e-05	0.139915	1e-05	1e-05	1e-05	1e-05	1e-05	1e-05	1e-05	0.52878	0.331115	1e-05	JU1435
1e-05	1e-05	1e-05	1e-05	1e-05	1e-05	1e-05	1e-05	1e-05	1e-05	1e-05	1e-05	1e-05	1e-05	0.999789	1e-05	1e-05	1e-05	1e-05	1e-05	1e-05	1e-05	JU1564
1e-05	1e-05	1e-05	1e-05	1e-05	1e-05	1e-05	0.022468	1e-05	0.030334	1e-05	1e-05	1e-05	1e-05	1e-05	1e-05	1e-05	1e-05	1e-05	0.574257	0.372761	1e-05	JU1637
1e-05	1e-05	1e-05	1e-05	1e-05	1e-05	1e-05	0.113881	1e-05	0.014516	1e-05	1e-05	1e-05	1e-05	1e-05	1e-05	1e-05	1e-05	1e-05	0.635736	0.235687	1e-05	JU1638
0.007353	1e-05	1e-05	1e-05	1e-05	1e-05	0.059194	1e-05	1e-05	1e-05	1e-05	0.149653	1e-05	1e-05	1e-05	1e-05	1e-05	1e-05	1e-05	0.064148	0.719482	1e-05	JU1794
1e-05	1e-05	1e-05	1e-05	1e-05	1e-05	1e-05	1e-05	1e-05	1e-05	1e-05	1e-05	1e-05	1e-05	1e-05	1e-05	1e-05	1e-05	1e-05	0.110093	0.889707	1e-05	JU1795
1e-05	1e-05	1e-05	1e-05	1e-05	1e-05	1e-05	1e-05	1e-05	1e-05	1e-05	0.011719	1e-05	1e-05	1e-05	1e-05	1e-05	1e-05	1e-05	0.596467	0.391624	1e-05	JU1799
1e-05	1e-05	1e-05	1e-05	1e-05	1e-05	1e-05	1e-05	1e-05	1e-05	1e-05	0.169822	1e-05	1e-05	1e-05	1e-05	1e-05	1e-05	1e-05	0.455695	0.374294	1e-05	JU1802
1e-05	1e-05	1e-05	1e-05	1e-05	1e-05	1.1e-05	1e-05	1e-05	1e-05	1e-05	1e-05	1e-05	1e-05	1e-05	1.2e-05	1e-05	1e-05	1e-05	0.430814	0.209268	0.359725	JU1814
1e-05	1e-05	1e-05	1e-05	1e-05	1e-05	1e-05	0.858081	1e-05	1e-05	1e-05	1e-05	1e-05	1e-05	1e-05	1e-05	1e-05	1e-05	1e-05	0.141719	1e-05	1e-05	JU1884
0.053562	1e-05	1e-05	1e-05	1e-05	1e-05	1e-05	1e-05	1e-05	1e-05	1e-05	1e-05	1e-05	1e-05	1e-05	1e-05	1e-05	1e-05	1e-05	0.657751	0.288497	1e-05	JU1885
1e-05	1e-05	1e-05	1e-05	1e-05	1e-05	1e-05	0.514777	1e-05	1e-05	1e-05	0.360172	1e-05	1e-05	1e-05	1e-05	1e-05	1e-05	1e-05	1e-05	0.124861	1e-05	JU1907
1e-05	1e-05	1e-05	1e-05	1e-05	1e-05	1e-05	0.745468	1e-05	1e-05	1e-05	0.243576	1e-05	1e-05	1e-05	1e-05	1e-05	1e-05	1e-05	1e-05	1e-05	0.010767	JU1908
1e-05	1e-05	1e-05	1e-05	1e-05	1e-05	1e-05	0.99979	1e-05	1e-05	1e-05	1e-05	1e-05	1e-05	1e-05	1e-05	1e-05	1e-05	1e-05	1e-05	1e-05	1e-05	JU1909
0.411534	1e-05	1e-05	1e-05	1e-05	1e-05	1e-05	0.279877	1e-05	1e-05	1e-05	0.140393	1e-05	1e-05	1e-05	1e-05	1e-05	1e-05	1e-05	0.054365	0.113662	1e-05	JU1913
1e-05	1e-05	1e-05	1e-05	1e-05	1e-05	1e-05	1e-05	1e-05	1e-05	1e-05	1e-05	1e-05	1e-05	1e-05	1e-05	1e-05	1e-05	1e-05	1e-05	0.99979	1e-05	JU2053
1e-05	1e-05	1e-05	1e-05	1e-05	1e-05	1e-05	1e-05	1e-05	1e-05	1e-05	1e-05	1e-05	1e-05	1e-05	1e-05	1e-05	1e-05	1e-05	1e-05	0.99979	1e-05	JU2054
1e-05	1e-05	1e-05	1e-05	1e-05	1e-05	1e-05	1e-05	1e-05	1e-05	1e-05	1e-05	1e-05	1e-05	1e-05	1e-05	1e-05	1e-05	1e-05	1e-05	0.99979	1e-05	JU2056
0.99979	1e-05	1e-05	1e-05	1e-05	1e-05	1e-05	1e-05	1e-05	1e-05	1e-05	1e-05	1e-05	1e-05	1e-05	1e-05	1e-05	1e-05	1e-05	1e-05	1e-05	1e-05	JU2057
0.99979	1e-05	1e-05	1e-05	1e-05	1e-05	1e-05	1e-05	1e-05	1e-05	1e-05	1e-05	1e-05	1e-05	1e-05	1e-05	1e-05	1e-05	1e-05	1e-05	1e-05	1e-05	JU2160
0.999774	1e-05	1.9e-05	1e-05	1e-05	1.7e-05	1e-05	1e-05	1e-05	1e-05	1e-05	1e-05	1e-05	1e-05	1e-05	1e-05	1e-05	1e-05	1e-05	1e-05	1e-05	1e-05	JU2162
1e-05	1e-05	1e-05	1e-05	1e-05	1e-05	1e-05	0.14905	1e-05	1e-05	1e-05	0.611718	1e-05	1e-05	1e-05	1e-05	1e-05	0.218248	1e-05	1e-05	1e-05	0.020803	JU2214
1e-05	1e-05	0.99979	1e-05	1e-05	1e-05	1e-05	1e-05	1e-05	1e-05	1e-05	1e-05	1e-05	1e-05	1e-05	1e-05	1e-05	1e-05	1e-05	1e-05	1e-05	1e-05	JU2216
1e-05	1e-05	1e-05	1e-05	1e-05	1e-05	1e-05	1e-05	1e-05	1e-05	1e-05	0.118541	1e-05	1e-05	0.494035	1e-05	1e-05	1e-05	1e-05	1e-05	0.176502	0.210741	JU2457
0.99979	1e-05	1e-05	1e-05	1e-05	1e-05	1e-05	1e-05	1e-05	1e-05	1e-05	1e-05	1e-05	1e-05	1e-05	1e-05	1e-05	1e-05	1e-05	1e-05	1e-05	1e-05	JU2470
1e-05	1e-05	1e-05	1e-05	1e-05	1e-05	1e-05	1e-05	1e-05	1e-05	1e-05	0.694399	1e-05	1e-05	1e-05	1e-05	1e-05	1e-05	1e-05	0.09489	0.210521	1e-05	JU2472
0.979516	1e-05	1e-05	1e-05	1e-05	1e-05	1e-05	1e-05	1e-05	1e-05	1e-05	1e-05	1e-05	1e-05	1e-05	1e-05	1e-05	0.020284	1e-05	1e-05	1e-05	1e-05	JU2507
1e-05	1e-05	1e-05	1e-05	1e-05	1e-05	1e-05	1e-05	1e-05	1e-05	1e-05	1e-05	1e-05	1e-05	1e-05	1e-05	1e-05	1e-05	1e-05	1e-05	1e-05	0.99979	JU2518
1e-05	1e-05	1e-05	1e-05	1e-05	1e-05	1e-05	1e-05	1e-05	1e-05	1e-05	1e-05	1e-05	1e-05	0.99979	1e-05	1e-05	1e-05	1e-05	1e-05	1e-05	1e-05	JU2536
1e-05	1e-05	1e-05	1e-05	1e-05	0.082971	1e-05	1e-05	1e-05	0.916829	1e-05	1e-05	1e-05	1e-05	1e-05	1e-05	1e-05	1e-05	1e-05	1e-05	1e-05	1e-05	JU2618
1e-05	1e-05	1e-05	1e-05	1e-05	1e-05	1e-05	0.527347	1e-05	1e-05	1e-05	1e-05	1e-05	1e-05	1e-05	1e-05	1e-05	1e-05	1e-05	0.472453	1e-05	1e-05	JU2799
1e-05	1e-05	1e-05	1e-05	1e-05	0.015259	1e-05	0.357424	1e-05	0.290094	1e-05	1e-05	1e-05	1e-05	1e-05	1e-05	1e-05	0.100943	1e-05	1e-05	0.23611	1e-05	JU2836
1e-05	1e-05	1e-05	1e-05	1e-05	1e-05	0.99979	1e-05	1e-05	1e-05	1e-05	1e-05	1e-05	1e-05	1e-05	1e-05	1e-05	1e-05	1e-05	1e-05	1e-05	1e-05	JU2849
1e-05	1e-05	1e-05	1e-05	1e-05	1e-05	1e-05	0.770401	1e-05	1e-05	1e-05	1e-05	1e-05	1e-05	1e-05	1e-05	1e-05	1e-05	1e-05	0.229399	1e-05	1e-05	JU2861
1e-05	1e-05	1e-05	1e-05	1e-05	1e-05	1e-05	0.927825	1e-05	1e-05	1e-05	1e-05	1e-05	1e-05	1e-05	1e-05	1e-05	1e-05	1e-05	1e-05	0.071975	1e-05	JU2868
1e-05	1e-05	1e-05	1e-05	1e-05	1e-05	1e-05	1e-05	1e-05	1e-05	1e-05	1e-05	1e-05	1e-05	0.99979	1e-05	1e-05	1e-05	1e-05	1e-05	1e-05	1e-05	JU2872
0.004883	1e-05	1e-05	1e-05	1e-05	1e-05	1e-05	1e-05	1e-05	0.036073	1e-05	0.548552	1e-05	1e-05	1e-05	1e-05	1e-05	0.038138	1e-05	0.083706	0.288488	1e-05	JU2910
1e-05	1e-05	1e-05	1e-05	1e-05	1e-05	1e-05	1e-05	0.99979	1e-05	1e-05	1e-05	1e-05	1e-05	1e-05	1e-05	1e-05	1e-05	1e-05	1e-05	1e-05	1e-05	JU3168
1e-05	1e-05	1e-05	1e-05	1e-05	1e-05	1e-05	0.167423	1e-05	1e-05	1e-05	1e-05	1e-05	1e-05	1e-05	1e-05	1e-05	1e-05	1e-05	0.573298	0.259089	1e-05	JU3171
1e-05	1e-05	1e-05	1e-05	1e-05	1e-05	1e-05	1e-05	1e-05	1e-05	1e-05	1e-05	1e-05	1e-05	1e-05	1e-05	0.99979	1e-05	1e-05	1e-05	1e-05	1e-05	JU3199
1e-05	1e-05	1e-05	1.2e-05	1.6e-05	1e-05	1.2e-05	1e-05	1e-05	1e-05	1.1e-05	1.5e-05	1e-05	1e-05	1e-05	1e-05	0.999773	1e-05	1e-05	1e-05	1e-05	1e-05	JU3200
1e-05	1e-05	1e-05	1.5e-05	1e-05	1e-05	1e-05	1e-05	1e-05	1e-05	1e-05	1e-05	1e-05	1e-05	1e-05	1e-05	0.999785	1e-05	1e-05	1e-05	1e-05	1e-05	JU3201
1.2e-05	1e-05	1e-05	1e-05	1e-05	1e-05	1.1e-05	1e-05	1e-05	1e-05	1e-05	1e-05	1e-05	1e-05	1e-05	1e-05	0.999785	1.3e-05	1e-05	1e-05	1e-05	1e-05	JU3202
1e-05	1e-05	1e-05	1e-05	1e-05	1e-05	1e-05	1e-05	1e-05	1e-05	1e-05	1e-05	1e-05	1e-05	1e-05	1e-05	0.99979	1e-05	1e-05	1e-05	1e-05	1e-05	JU3203
1e-05	1e-05	1e-05	1.1e-05	1e-05	1e-05	1e-05	1e-05	1e-05	1e-05	1e-05	1e-05	1e-05	1e-05	1e-05	1e-05	0.999789	1e-05	1e-05	1e-05	1e-05	1e-05	JU3206
1e-05	1e-05	1e-05	1e-05	1e-05	1e-05	1e-05	1e-05	1e-05	1e-05	1e-05	1e-05	1e-05	1e-05	1e-05	1e-05	1e-05	1e-05	1e-05	1e-05	0.99979	1e-05	JU3207
0.999785	1e-05	1e-05	1e-05	1e-05	1e-05	1.5e-05	1e-05	1e-05	1e-05	1e-05	1e-05	1e-05	1e-05	1e-05	1e-05	1e-05	1e-05	1e-05	1e-05	1e-05	1e-05	JU3237
1e-05	1e-05	1e-05	1e-05	1e-05	1e-05	1e-05	0.99979	1e-05	1e-05	1e-05	1e-05	1e-05	1e-05	1e-05	1e-05	1e-05	1e-05	1e-05	1e-05	1e-05	1e-05	JU3281
1e-05	1e-05	1e-05	1e-05	1e-05	1e-05	0.769377	1e-05	1e-05	1e-05	1e-05	0.190242	1e-05	1e-05	1e-05	1e-05	1e-05	1e-05	1e-05	1e-05	0.040191	1e-05	JU3319
1e-05	1e-05	1e-05	1e-05	1e-05	1e-05	1e-05	0.99979	1e-05	1e-05	1e-05	1e-05	1e-05	1e-05	1e-05	1e-05	1e-05	1e-05	1e-05	1e-05	1e-05	1e-05	JU3321
1e-05	1e-05	1e-05	1e-05	1e-05	1e-05	1e-05	1e-05	1e-05	1e-05	1e-05	1e-05	1e-05	0.99979	1e-05	1e-05	1e-05	1e-05	1e-05	1e-05	1e-05	1e-05	JU3326
1e-05	1e-05	1e-05	1e-05	1e-05	1e-05	1e-05	0.482375	1e-05	1e-05	1e-05	0.517425	1e-05	1e-05	1e-05	1e-05	1e-05	1e-05	1e-05	1e-05	1e-05	1e-05	JU3327
1e-05	1e-05	0.013206	1e-05	1e-05	1e-05	1e-05	1e-05	1e-05	1e-05	1e-05	1e-05	1e-05	0.028282	0.895248	1e-05	1e-05	1e-05	1e-05	1e-05	0.063085	1e-05	JU3416
1e-05	1e-05	1e-05	1e-05	1e-05	1e-05	1e-05	0.99979	1e-05	1e-05	1e-05	1e-05	1e-05	1e-05	1e-05	1e-05	1e-05	1e-05	1e-05	1e-05	1e-05	1e-05	JU4042
1e-05	1e-05	1e-05	1e-05	1e-05	1e-05	0.999784	1.6e-05	1e-05	1e-05	1e-05	1e-05	1e-05	1e-05	1e-05	1e-05	1e-05	1e-05	1e-05	1e-05	1e-05	1e-05	JU4051
1e-05	1e-05	1e-05	1e-05	1e-05	1e-05	0.995638	0.004162	1e-05	1e-05	1e-05	1e-05	1e-05	1e-05	1e-05	1e-05	1e-05	1e-05	1e-05	1e-05	1e-05	1e-05	JU4058
1e-05	1e-05	1.1e-05	1e-05	1e-05	1e-05	0.999782	1e-05	1e-05	1e-05	1e-05	1e-05	1.7e-05	1e-05	1e-05	1e-05	1e-05	1e-05	1e-05	1e-05	1e-05	1e-05	JU4060
1e-05	1e-05	1e-05	1e-05	1e-05	1e-05	0.99979	1e-05	1e-05	1e-05	1e-05	1e-05	1e-05	1e-05	1e-05	1e-05	1e-05	1e-05	1e-05	1e-05	1e-05	1e-05	JU4062
1e-05	1e-05	1e-05	1e-05	1e-05	1e-05	0.99979	1e-05	1e-05	1e-05	1e-05	1e-05	1e-05	1e-05	1e-05	1e-05	1e-05	1e-05	1e-05	1e-05	1e-05	1e-05	JU4064
1e-05	1e-05	1e-05	1e-05	1e-05	1e-05	1e-05	0.977032	1e-05	1e-05	1e-05	1e-05	1e-05	1e-05	1e-05	1e-05	1e-05	1e-05	1e-05	1e-05	0.022768	1e-05	JU4080
1e-05	1e-05	1e-05	1e-05	1e-05	1e-05	0.65926	1e-05	1e-05	1e-05	1e-05	1e-05	0.34054	1e-05	1e-05	1e-05	1e-05	1e-05	1e-05	1e-05	1e-05	1e-05	JU4084
1e-05	1e-05	1e-05	1e-05	1e-05	1e-05	0.599396	1e-05	1e-05	1e-05	1e-05	1e-05	0.400404	1e-05	1e-05	1e-05	1e-05	1e-05	1e-05	1e-05	1e-05	1e-05	JU4097
1e-05	1e-05	1e-05	1e-05	1e-05	1e-05	0.73943	0.135188	1e-05	1e-05	1e-05	0.10748	1e-05	1e-05	1e-05	1e-05	1e-05	1e-05	1e-05	1e-05	0.017723	1e-05	JU725
1.1e-05	1e-05	1e-05	1e-05	1e-05	1e-05	1e-05	0.897702	1e-05	1e-05	1e-05	1e-05	1.9e-05	1e-05	1e-05	1e-05	1e-05	1e-05	1e-05	0.102088	1e-05	1e-05	MY2716
1e-05	1e-05	1e-05	1e-05	1e-05	1e-05	1e-05	0.673838	1e-05	1.8e-05	1e-05	1e-05	1e-05	1e-05	1e-05	1e-05	1e-05	1e-05	1e-05	0.187855	0.138108	1e-05	MY539
1e-05	1e-05	1e-05	1e-05	1e-05	1e-05	1e-05	1e-05	1e-05	0.998847	1e-05	1e-05	1e-05	1e-05	1e-05	1e-05	1e-05	1e-05	1e-05	0.000953	1e-05	1e-05	NIC1050
1e-05	1e-05	1e-05	1e-05	1e-05	0.12114	1e-05	1e-05	1e-05	0.87866	1e-05	1e-05	1e-05	1e-05	1e-05	1e-05	1e-05	1e-05	1e-05	1e-05	1e-05	1e-05	NIC1052
1e-05	1e-05	1e-05	1e-05	1e-05	1e-05	1e-05	1e-05	1e-05	0.99979	1e-05	1e-05	1e-05	1e-05	1e-05	1e-05	1e-05	1e-05	1e-05	1e-05	1e-05	1e-05	NIC1054
1e-05	1e-05	1e-05	1e-05	1e-05	1e-05	1e-05	1e-05	1e-05	0.99979	1e-05	1e-05	1e-05	1e-05	1e-05	1e-05	1e-05	1e-05	1e-05	1e-05	1e-05	1e-05	NIC1055
1e-05	1e-05	1e-05	1e-05	1e-05	1e-05	1e-05	1e-05	1e-05	0.99979	1e-05	1e-05	1e-05	1e-05	1e-05	1e-05	1e-05	1e-05	1e-05	1e-05	1e-05	1e-05	NIC1057
1e-05	1e-05	1e-05	1e-05	1e-05	1e-05	1e-05	1e-05	1e-05	0.99979	1e-05	1e-05	1e-05	1e-05	1e-05	1e-05	1e-05	1e-05	1e-05	1e-05	1e-05	1e-05	NIC1058
1e-05	1e-05	1e-05	1e-05	1e-05	1e-05	1e-05	1e-05	1e-05	0.99979	1e-05	1e-05	1e-05	1e-05	1e-05	1e-05	1e-05	1e-05	1e-05	1e-05	1e-05	1e-05	NIC1059
1e-05	1e-05	1e-05	1e-05	1e-05	1e-05	1e-05	1e-05	1e-05	0.99979	1e-05	1e-05	1e-05	1e-05	1e-05	1e-05	1e-05	1e-05	1e-05	1e-05	1e-05	1e-05	NIC1060
1e-05	1e-05	1e-05	1e-05	1e-05	1e-05	1e-05	0.030396	1e-05	0.52423	1e-05	1e-05	1e-05	1e-05	1e-05	1e-05	1e-05	1e-05	1e-05	0.289876	0.155318	1e-05	NIC1062
1e-05	1e-05	1e-05	1e-05	1e-05	1e-05	1e-05	1e-05	1e-05	0.282646	1e-05	1e-05	1e-05	1e-05	1e-05	1e-05	1e-05	1e-05	1e-05	0.307096	0.410067	1e-05	NIC1069
1e-05	1e-05	1e-05	1e-05	1e-05	0.109189	1e-05	1e-05	1e-05	0.784784	1e-05	1e-05	1e-05	1e-05	1e-05	1e-05	1e-05	1e-05	1e-05	1e-05	0.086247	0.0196	NIC1103
1e-05	1e-05	1e-05	1e-05	1e-05	1e-05	1e-05	1e-05	1e-05	0.304867	1e-05	1e-05	1e-05	1e-05	1e-05	1e-05	1e-05	1e-05	1e-05	1e-05	0.694933	1e-05	NIC1104
1e-05	1e-05	1e-05	1e-05	1e-05	1e-05	1e-05	1e-05	1e-05	0.160212	1e-05	1e-05	1e-05	1e-05	1e-05	1e-05	1e-05	0.13935	1e-05	1e-05	0.392874	0.307384	NIC1106
1e-05	1e-05	1e-05	1e-05	1e-05	1e-05	1e-05	0.884216	1e-05	1e-05	1e-05	1e-05	1e-05	1e-05	1e-05	1e-05	1e-05	1e-05	1e-05	1e-05	0.115584	1e-05	NIC1117
1e-05	1e-05	1e-05	1e-05	1e-05	1e-05	0.99979	1e-05	1e-05	1e-05	1e-05	1e-05	1e-05	1e-05	1e-05	1e-05	1e-05	1e-05	1e-05	1e-05	1e-05	1e-05	NIC1123
1e-05	1e-05	1e-05	1e-05	1e-05	1e-05	1e-05	1e-05	1e-05	1e-05	1e-05	1e-05	1e-05	1e-05	1e-05	1e-05	1e-05	1e-05	1e-05	1e-05	1e-05	0.99979	NIC1124
1e-05	1e-05	1e-05	1e-05	1e-05	1e-05	1e-05	1e-05	1e-05	1e-05	1e-05	1e-05	1e-05	1e-05	1e-05	1e-05	1e-05	1e-05	1e-05	1e-05	1e-05	0.99979	NIC1135
1e-05	1e-05	1e-05	1e-05	1e-05	1e-05	1.2e-05	1e-05	1e-05	1e-05	1e-05	1e-05	1e-05	1e-05	1e-05	1e-05	1e-05	1e-05	1e-05	1e-05	1e-05	0.999788	NIC1138
1e-05	1e-05	1e-05	1e-05	1e-05	1e-05	1e-05	1e-05	1e-05	1e-05	1e-05	1e-05	1e-05	1e-05	1e-05	1e-05	1e-05	1e-05	1e-05	1e-05	1e-05	0.99979	NIC1141
1e-05	1e-05	1e-05	1e-05	1e-05	1e-05	1e-05	1e-05	1e-05	1e-05	1e-05	1e-05	1e-05	1e-05	1e-05	1e-05	1e-05	1e-05	1e-05	0.99979	1e-05	1e-05	NIC115
1e-05	1e-05	1e-05	1e-05	1e-05	1e-05	1e-05	1e-05	1e-05	1e-05	1e-05	1e-05	1e-05	1e-05	1e-05	1e-05	1e-05	1e-05	1e-05	0.99979	1e-05	1e-05	NIC117
1e-05	1e-05	1e-05	1e-05	1e-05	1e-05	1e-05	1e-05	1e-05	1e-05	1e-05	1e-05	1e-05	1e-05	1e-05	1e-05	1e-05	1e-05	1e-05	1e-05	1e-05	0.99979	NIC1183
1e-05	1e-05	1e-05	1e-05	1e-05	1e-05	1e-05	1e-05	1e-05	1e-05	1e-05	1e-05	1e-05	1e-05	1e-05	1e-05	1e-05	1e-05	1e-05	0.99979	1e-05	1e-05	NIC119
1e-05	1e-05	1e-05	1e-05	1e-05	1e-05	1e-05	1e-05	1e-05	1e-05	1e-05	1e-05	1e-05	1e-05	1e-05	1e-05	1e-05	1e-05	1e-05	1e-05	1e-05	0.99979	NIC1190
1e-05	1e-05	1e-05	1e-05	1e-05	1e-05	1e-05	0.423343	1e-05	1e-05	1e-05	1e-05	0.193626	1e-05	1e-05	1e-05	1e-05	1e-05	1e-05	1e-05	0.382841	1e-05	NIC1202
1e-05	1e-05	1e-05	1e-05	1e-05	1e-05	1e-05	0.386756	1e-05	1e-05	1e-05	1e-05	0.259849	1e-05	1e-05	1e-05	1e-05	1e-05	1e-05	1e-05	0.353204	1e-05	NIC1204
1e-05	1.8e-05	0.999782	1e-05	1e-05	1e-05	1e-05	1e-05	1e-05	1e-05	1e-05	1e-05	1e-05	1e-05	1e-05	1e-05	1e-05	1e-05	1e-05	1e-05	1e-05	1e-05	NIC1205
1e-05	1e-05	1e-05	1e-05	1e-05	1e-05	1e-05	0.65804	1e-05	1e-05	1e-05	0.34176	1e-05	1e-05	1e-05	1e-05	1e-05	1e-05	1e-05	1e-05	1e-05	1e-05	NIC1218
1e-05	1e-05	0.99979	1e-05	1e-05	1e-05	1e-05	1e-05	1e-05	1e-05	1e-05	1e-05	1e-05	1e-05	1e-05	1e-05	1e-05	1e-05	1e-05	1e-05	1e-05	1e-05	NIC1220
1e-05	1e-05	1e-05	1e-05	1e-05	1e-05	1e-05	0.660856	1e-05	1e-05	1e-05	1e-05	0.271366	1e-05	1e-05	1e-05	1e-05	1e-05	1e-05	1e-05	0.067588	1e-05	NIC1221
1e-05	1e-05	1e-05	1e-05	1e-05	1e-05	1e-05	1e-05	1e-05	1e-05	1e-05	1e-05	1e-05	1e-05	1e-05	1e-05	1e-05	1e-05	1e-05	0.99979	1e-05	1e-05	NIC123
1e-05	1e-05	1e-05	1e-05	1e-05	1e-05	1e-05	0.103278	1e-05	1e-05	1e-05	1e-05	1e-05	1e-05	1e-05	1e-05	1e-05	1e-05	1e-05	0.28045	0.052085	0.564006	NIC1267
1e-05	1e-05	1e-05	1e-05	1e-05	1e-05	1e-05	1e-05	1e-05	0.136521	1e-05	1e-05	1e-05	1e-05	1e-05	1e-05	1e-05	1e-05	1e-05	1e-05	0.036211	0.827078	NIC1283
1e-05	1e-05	1e-05	1e-05	1e-05	0.019495	0.125879	1e-05	1e-05	1e-05	1e-05	1e-05	1e-05	1e-05	1e-05	1e-05	1e-05	0.156372	1e-05	1e-05	1e-05	0.698074	NIC1288
1e-05	1e-05	1e-05	1e-05	1e-05	1e-05	1e-05	1e-05	1e-05	1e-05	1e-05	1e-05	1e-05	1e-05	1e-05	1e-05	1e-05	1e-05	1e-05	1e-05	1e-05	0.99979	NIC1292
1e-05	1e-05	1e-05	1e-05	1e-05	1e-05	1e-05	1e-05	1e-05	1e-05	1e-05	1e-05	1e-05	1e-05	1e-05	1e-05	1e-05	1e-05	1e-05	1e-05	1e-05	0.99979	NIC1302
1e-05	1e-05	1e-05	1e-05	1e-05	1e-05	1e-05	1e-05	1e-05	1e-05	1e-05	1e-05	1e-05	1e-05	1e-05	1e-05	1e-05	1e-05	1e-05	1e-05	1e-05	0.99979	NIC1304
1e-05	1e-05	1e-05	1e-05	1e-05	1e-05	0.569489	1e-05	1e-05	1e-05	1e-05	1e-05	1e-05	1e-05	1e-05	1e-05	1e-05	1e-05	1e-05	0.430311	1e-05	1e-05	NIC1308
1e-05	1e-05	1e-05	1e-05	1e-05	1e-05	1e-05	1e-05	1e-05	0.137914	1e-05	1e-05	1e-05	1e-05	1e-05	1e-05	1e-05	1e-05	1e-05	1e-05	1e-05	0.861886	NIC1407
1e-05	1e-05	1e-05	1e-05	1e-05	1e-05	1e-05	1e-05	1e-05	1e-05	1e-05	1e-05	1e-05	1e-05	1e-05	1e-05	1e-05	0.183644	1e-05	0.179934	0.108663	0.527578	NIC1421
1e-05	1e-05	1e-05	1e-05	1e-05	1e-05	1e-05	1e-05	1e-05	1e-05	1e-05	1e-05	1e-05	1e-05	1e-05	1e-05	1e-05	0.21114	1e-05	1e-05	1e-05	0.78866	NIC1423
1e-05	1e-05	1e-05	1e-05	1e-05	1e-05	1e-05	1e-05	1e-05	1e-05	1e-05	1e-05	1e-05	1e-05	1e-05	1e-05	1e-05	1e-05	1e-05	1e-05	1e-05	0.99979	NIC1442
1e-05	1e-05	1e-05	1e-05	1e-05	1e-05	1e-05	1e-05	1e-05	1e-05	1e-05	1e-05	1e-05	1e-05	1e-05	1e-05	1e-05	1e-05	1e-05	1e-05	1e-05	0.99979	NIC1491
1e-05	1e-05	1e-05	1e-05	1e-05	1.5e-05	1e-05	1e-05	1e-05	1e-05	1e-05	0.611718	1e-05	1e-05	1e-05	1e-05	1e-05	1e-05	1e-05	0.181545	0.206542	1e-05	NIC1525
1e-05	1e-05	1e-05	1e-05	1e-05	1e-05	1e-05	1e-05	1e-05	1e-05	1e-05	0.535154	1e-05	1e-05	1e-05	1e-05	1e-05	1e-05	1e-05	0.268502	0.196154	1e-05	NIC1528
1e-05	1e-05	1e-05	1e-05	1e-05	1e-05	1e-05	1e-05	1e-05	1e-05	1e-05	0.646839	1e-05	1e-05	1e-05	1e-05	1e-05	1e-05	1e-05	0.149159	0.203811	1e-05	NIC1529
1e-05	1e-05	1e-05	1e-05	1e-05	1e-05	1e-05	1e-05	1e-05	1e-05	1e-05	0.574037	1e-05	1e-05	1e-05	1e-05	1e-05	1e-05	1e-05	0.040029	0.385744	1e-05	NIC1533
1e-05	1e-05	1e-05	1e-05	1e-05	1e-05	1e-05	1e-05	1e-05	1e-05	1e-05	0.657996	1e-05	1e-05	1e-05	1e-05	1e-05	1e-05	1e-05	0.146281	0.195533	1e-05	NIC1535
1e-05	0.99979	1e-05	1e-05	1e-05	1e-05	1e-05	1e-05	1e-05	1e-05	1e-05	1e-05	1e-05	1e-05	1e-05	1e-05	1e-05	1e-05	1e-05	1e-05	1e-05	1e-05	NIC1539
1e-05	1e-05	1e-05	1e-05	0.99979	1e-05	1e-05	1e-05	1e-05	1e-05	1e-05	1e-05	1e-05	1e-05	1e-05	1e-05	1e-05	1e-05	1e-05	1e-05	1e-05	1e-05	NIC1540
1e-05	0.913783	0.086014	1e-05	1e-05	1e-05	1.3e-05	1e-05	1e-05	1e-05	1e-05	1e-05	1e-05	1e-05	1e-05	1e-05	1e-05	1e-05	1e-05	1e-05	1e-05	1e-05	NIC1562
1e-05	1e-05	1e-05	1e-05	0.99979	1e-05	1e-05	1e-05	1e-05	1e-05	1e-05	1e-05	1e-05	1e-05	1e-05	1e-05	1e-05	1e-05	1e-05	1e-05	1e-05	1e-05	NIC1589
1e-05	1e-05	0.99979	1e-05	1e-05	1e-05	1e-05	1e-05	1e-05	1e-05	1e-05	1e-05	1e-05	1e-05	1e-05	1e-05	1e-05	1e-05	1e-05	1e-05	1e-05	1e-05	NIC1590
1e-05	1e-05	1e-05	1e-05	0.99979	1e-05	1e-05	1e-05	1e-05	1e-05	1e-05	1e-05	1e-05	1e-05	1e-05	1e-05	1e-05	1e-05	1e-05	1e-05	1e-05	1e-05	NIC1591
1e-05	1e-05	1e-05	1e-05	0.999785	1e-05	1e-05	1e-05	1e-05	1e-05	1e-05	1e-05	1e-05	1e-05	1.5e-05	1e-05	1e-05	1e-05	1e-05	1e-05	1e-05	1e-05	NIC1593
1e-05	1e-05	0.999785	1e-05	1e-05	1e-05	1e-05	1e-05	1e-05	1e-05	1e-05	1e-05	1e-05	1.5e-05	1e-05	1e-05	1e-05	1e-05	1e-05	1e-05	1e-05	1e-05	NIC1595
1e-05	0.99979	1e-05	1e-05	1e-05	1e-05	1e-05	1e-05	1e-05	1e-05	1e-05	1e-05	1e-05	1e-05	1e-05	1e-05	1e-05	1e-05	1e-05	1e-05	1e-05	1e-05	NIC1598
1e-05	0.99979	1e-05	1e-05	1e-05	1e-05	1e-05	1e-05	1e-05	1e-05	1e-05	1e-05	1e-05	1e-05	1e-05	1e-05	1e-05	1e-05	1e-05	1e-05	1e-05	1e-05	NIC1602
1e-05	1e-05	1e-05	1e-05	1.7e-05	1e-05	1e-05	1e-05	1e-05	1e-05	1e-05	1e-05	1e-05	1e-05	1e-05	0.999778	1e-05	1e-05	1e-05	1e-05	1.4e-05	1e-05	NIC1607
1e-05	1e-05	1e-05	1e-05	1e-05	1e-05	1e-05	0.99979	1e-05	1e-05	1e-05	1e-05	1e-05	1e-05	1e-05	1e-05	1e-05	1e-05	1e-05	1e-05	1e-05	1e-05	NIC1628
1e-05	0.99979	1e-05	1e-05	1e-05	1e-05	1e-05	1e-05	1e-05	1e-05	1e-05	1e-05	1e-05	1e-05	1e-05	1e-05	1e-05	1e-05	1e-05	1e-05	1e-05	1e-05	NIC1630
1e-05	1e-05	0.999788	1e-05	1e-05	1e-05	1e-05	1e-05	1e-05	1e-05	1e-05	1e-05	1e-05	1.2e-05	1e-05	1e-05	1e-05	1e-05	1e-05	1e-05	1e-05	1e-05	NIC1631
1e-05	1e-05	1e-05	1e-05	1e-05	1e-05	1e-05	1e-05	1e-05	1e-05	1e-05	1e-05	1e-05	1e-05	0.99979	1e-05	1e-05	1e-05	1e-05	1e-05	1e-05	1e-05	NIC1632
1e-05	1e-05	1e-05	1e-05	1e-05	1e-05	1e-05	1e-05	1e-05	1e-05	1.6e-05	1e-05	1e-05	1.1e-05	0.999783	1e-05	1e-05	1e-05	1e-05	1e-05	1e-05	1e-05	NIC1633
1e-05	1e-05	1e-05	1e-05	1e-05	1e-05	1e-05	1e-05	1e-05	1e-05	1e-05	1e-05	1e-05	1e-05	0.99979	1e-05	1e-05	1e-05	1e-05	1e-05	1e-05	1e-05	NIC1635
1e-05	0.784052	0.215746	1e-05	1e-05	1e-05	1e-05	1e-05	1e-05	1e-05	1e-05	1e-05	1e-05	1.2e-05	1e-05	1e-05	1e-05	1e-05	1e-05	1e-05	1e-05	1e-05	NIC1645
1e-05	1.6e-05	0.999784	1e-05	1e-05	1e-05	1e-05	1e-05	1e-05	1e-05	1e-05	1e-05	1e-05	1e-05	1e-05	1e-05	1e-05	1e-05	1e-05	1e-05	1e-05	1e-05	NIC1660
1e-05	1e-05	0.999784	1e-05	1e-05	1e-05	1.6e-05	1e-05	1e-05	1e-05	1e-05	1e-05	1e-05	1e-05	1e-05	1e-05	1e-05	1e-05	1e-05	1e-05	1e-05	1e-05	NIC1661
1e-05	1.6e-05	0.999784	1e-05	1e-05	1e-05	1e-05	1e-05	1e-05	1e-05	1e-05	1e-05	1e-05	1e-05	1e-05	1e-05	1e-05	1e-05	1e-05	1e-05	1e-05	1e-05	NIC1662
1e-05	1e-05	0.99979	1e-05	1e-05	1e-05	1e-05	1e-05	1e-05	1e-05	1e-05	1e-05	1e-05	1e-05	1e-05	1e-05	1e-05	1e-05	1e-05	1e-05	1e-05	1e-05	NIC1663
1e-05	1e-05	1e-05	1e-05	0.99979	1e-05	1e-05	1e-05	1e-05	1e-05	1e-05	1e-05	1e-05	1e-05	1e-05	1e-05	1e-05	1e-05	1e-05	1e-05	1e-05	1e-05	NIC1664
1e-05	1e-05	1e-05	1e-05	0.99979	1e-05	1e-05	1e-05	1e-05	1e-05	1e-05	1e-05	1e-05	1e-05	1e-05	1e-05	1e-05	1e-05	1e-05	1e-05	1e-05	1e-05	NIC1665
1e-05	1e-05	0.999787	1e-05	1e-05	1e-05	1.2e-05	1e-05	1e-05	1e-05	1e-05	1e-05	1e-05	1e-05	1e-05	1e-05	1e-05	1e-05	1e-05	1e-05	1.1e-05	1e-05	NIC1666
1e-05	0.99979	1e-05	1e-05	1e-05	1e-05	1e-05	1e-05	1e-05	1e-05	1e-05	1e-05	1e-05	1e-05	1e-05	1e-05	1e-05	1e-05	1e-05	1e-05	1e-05	1e-05	NIC1667
1e-05	1e-05	0.99979	1e-05	1e-05	1e-05	1e-05	1e-05	1e-05	1e-05	1e-05	1e-05	1e-05	1e-05	1e-05	1e-05	1e-05	1e-05	1e-05	1e-05	1e-05	1e-05	NIC1681
1e-05	1e-05	1e-05	1e-05	1e-05	1e-05	1e-05	0.522652	1e-05	1e-05	1e-05	0.477148	1e-05	1e-05	1e-05	1e-05	1e-05	1e-05	1e-05	1e-05	1e-05	1e-05	NIC1688
1e-05	0.073126	0.912069	1e-05	1e-05	1e-05	1.8e-05	0.014607	1e-05	1e-05	1e-05	1e-05	1e-05	1e-05	1e-05	1e-05	1e-05	1e-05	1e-05	1e-05	1e-05	1e-05	NIC1692
1e-05	1e-05	0.99979	1e-05	1e-05	1e-05	1e-05	1e-05	1e-05	1e-05	1e-05	1e-05	1e-05	1e-05	1e-05	1e-05	1e-05	1e-05	1e-05	1e-05	1e-05	1e-05	NIC1693
1e-05	1e-05	1e-05	1e-05	1e-05	1e-05	1e-05	1e-05	1e-05	1e-05	1e-05	0.194945	1e-05	1e-05	1e-05	1e-05	1e-05	1e-05	1e-05	0.17677	0.628095	1e-05	NIC17
1e-05	1e-05	1e-05	1e-05	1e-05	1e-05	1e-05	1e-05	1.5e-05	1e-05	1e-05	1e-05	1e-05	1e-05	0.999785	1e-05	1e-05	1e-05	1e-05	1e-05	1e-05	1e-05	NIC174
1e-05	1e-05	1e-05	1e-05	1e-05	1e-05	1e-05	1e-05	1e-05	1e-05	1e-05	1e-05	1e-05	1e-05	1e-05	1e-05	1e-05	1e-05	1e-05	0.859698	1e-05	0.140102	NIC187
1e-05	1e-05	1e-05	1e-05	1e-05	1e-05	1e-05	1e-05	1e-05	1e-05	1e-05	1e-05	1e-05	1e-05	1e-05	1e-05	1e-05	1e-05	1e-05	0.899784	1e-05	0.100016	NIC188
1e-05	1e-05	1e-05	1e-05	0.999777	1e-05	1e-05	1e-05	1e-05	1e-05	1e-05	1e-05	1e-05	1.2e-05	1.3e-05	1.4e-05	1e-05	1e-05	1.3e-05	1e-05	1e-05	1e-05	NIC19
1e-05	1e-05	1e-05	1e-05	1e-05	1e-05	1e-05	1e-05	1e-05	1e-05	1e-05	1e-05	1e-05	1e-05	1e-05	1e-05	1e-05	1e-05	1e-05	0.99979	1e-05	1e-05	NIC191
1e-05	1e-05	1e-05	1e-05	0.999789	1e-05	1e-05	1e-05	1e-05	1e-05	1e-05	1e-05	1e-05	1e-05	1e-05	1e-05	1e-05	1e-05	1.1e-05	1e-05	1e-05	1e-05	NIC20
1e-05	1e-05	1e-05	1e-05	0.99979	1e-05	1e-05	1e-05	1e-05	1e-05	1e-05	1e-05	1e-05	1e-05	1e-05	1e-05	1e-05	1e-05	1e-05	1e-05	1e-05	1e-05	NIC21
1e-05	1e-05	1e-05	1e-05	0.999786	1e-05	1e-05	1e-05	1e-05	1e-05	1e-05	1e-05	1e-05	1e-05	1e-05	1.4e-05	1e-05	1e-05	1e-05	1e-05	1e-05	1e-05	NIC22
1e-05	1e-05	1e-05	1e-05	1e-05	1e-05	0.99979	1e-05	1e-05	1e-05	1e-05	1e-05	1e-05	1e-05	1e-05	1e-05	1e-05	1e-05	1e-05	1e-05	1e-05	1e-05	NIC2369
1e-05	1e-05	1e-05	1e-05	1e-05	1e-05	1e-05	1e-05	1e-05	1e-05	1e-05	1e-05	1e-05	1e-05	1e-05	1e-05	1e-05	1e-05	1e-05	0.99979	1e-05	1e-05	NIC248
1e-05	1e-05	1e-05	1e-05	1e-05	1e-05	1e-05	1e-05	1e-05	1e-05	1e-05	1e-05	1e-05	1e-05	1e-05	1e-05	1e-05	1e-05	1e-05	0.99979	1e-05	1e-05	NIC250
1e-05	1e-05	1e-05	1e-05	1e-05	1e-05	1e-05	0.99979	1e-05	1e-05	1e-05	1e-05	1e-05	1e-05	1e-05	1e-05	1e-05	1e-05	1e-05	1e-05	1e-05	1e-05	NIC2527
1.1e-05	1e-05	1e-05	1e-05	1e-05	1e-05	1e-05	1.1e-05	1e-05	1e-05	1e-05	1e-05	1e-05	1e-05	1e-05	1e-05	1e-05	1e-05	1e-05	1e-05	1e-05	0.999788	NIC309
1e-05	1e-05	1e-05	1e-05	1e-05	1e-05	1e-05	1e-05	1e-05	1e-05	1e-05	1e-05	1e-05	1e-05	1e-05	1e-05	1e-05	1e-05	1e-05	1e-05	1e-05	0.99979	NIC325
1e-05	1e-05	1e-05	1e-05	1e-05	0.201095	1e-05	1e-05	1e-05	1e-05	1e-05	1e-05	1e-05	1e-05	1e-05	1e-05	1e-05	1e-05	1e-05	1e-05	1e-05	0.798705	NIC327
1e-05	1e-05	1e-05	1e-05	1e-05	0.122229	1e-05	1e-05	1e-05	1e-05	1e-05	1e-05	1e-05	1e-05	1e-05	1e-05	1e-05	1e-05	1e-05	0.102705	1e-05	0.774876	NIC329
1e-05	1e-05	1e-05	1e-05	1e-05	0.064366	1e-05	1e-05	1e-05	0.099969	1e-05	1e-05	1e-05	1e-05	1e-05	1e-05	1e-05	1e-05	1e-05	0.021	0.064603	0.749892	NIC330
1e-05	1e-05	1e-05	1e-05	1e-05	1e-05	1e-05	1e-05	1e-05	1e-05	1e-05	1e-05	1e-05	1e-05	1e-05	1e-05	1e-05	0.19361	1e-05	0.188105	1e-05	0.618095	NIC331
1e-05	1e-05	1e-05	1e-05	1e-05	0.181325	1e-05	1e-05	1e-05	1e-05	1e-05	1e-05	1e-05	1e-05	1e-05	1e-05	1e-05	1e-05	1e-05	1e-05	1e-05	0.818475	NIC332
1e-05	1e-05	1e-05	1e-05	1e-05	0.036284	1e-05	1e-05	1e-05	1e-05	1e-05	1e-05	1e-05	1e-05	1e-05	1e-05	1e-05	1e-05	1e-05	1e-05	1e-05	0.963516	NIC333
1e-05	1e-05	1e-05	1e-05	1e-05	1e-05	0.022746	0.977054	1e-05	1e-05	1e-05	1e-05	1e-05	1e-05	1e-05	1e-05	1e-05	1e-05	1e-05	1e-05	1e-05	1e-05	NIC343
1.2e-05	1e-05	1e-05	1e-05	1e-05	1e-05	1e-05	0.068169	1e-05	0.046083	1e-05	1e-05	1e-05	1e-05	1e-05	1e-05	1e-05	1e-05	1e-05	0.070277	0.225326	0.589973	NIC392
1e-05	1e-05	1e-05	1e-05	1e-05	0.151291	1e-05	1e-05	1e-05	1e-05	1e-05	1e-05	1e-05	1e-05	1e-05	1e-05	1e-05	1e-05	1e-05	1e-05	1e-05	0.848509	NIC400
1e-05	1e-05	1e-05	1e-05	1e-05	0.176686	1e-05	1e-05	1e-05	1e-05	1e-05	1e-05	1e-05	1e-05	1e-05	1e-05	1e-05	1e-05	1e-05	0.039428	1e-05	0.783696	NIC402
1e-05	1e-05	1e-05	1e-05	1e-05	1e-05	0.99979	1e-05	1e-05	1e-05	1e-05	1e-05	1e-05	1e-05	1e-05	1e-05	1e-05	1e-05	1e-05	1e-05	1e-05	1e-05	NIC419
1e-05	1e-05	0.999781	1.7e-05	1.1e-05	1e-05	1e-05	1e-05	1e-05	1e-05	1e-05	1e-05	1e-05	1e-05	1e-05	1e-05	1e-05	1e-05	1e-05	1e-05	1.1e-05	1e-05	NIC504
1e-05	1e-05	0.99979	1e-05	1e-05	1e-05	1e-05	1e-05	1e-05	1e-05	1e-05	1e-05	1e-05	1e-05	1e-05	1e-05	1e-05	1e-05	1e-05	1e-05	1e-05	1e-05	NIC505
1e-05	0.99979	1e-05	1e-05	1e-05	1e-05	1e-05	1e-05	1e-05	1e-05	1e-05	1e-05	1e-05	1e-05	1e-05	1e-05	1e-05	1e-05	1e-05	1e-05	1e-05	1e-05	NIC518
1e-05	0.913145	0.086653	1e-05	1e-05	1.2e-05	1e-05	1e-05	1e-05	1e-05	1e-05	1e-05	1e-05	1e-05	1e-05	1e-05	1e-05	1e-05	1e-05	1e-05	1e-05	1e-05	NIC519
1e-05	1e-05	1e-05	1e-05	1e-05	1e-05	1e-05	1e-05	1e-05	1e-05	1e-05	1e-05	1e-05	1e-05	1e-05	1e-05	1e-05	1e-05	1e-05	0.99979	1e-05	1e-05	NIC532
0.260159	1e-05	1e-05	1e-05	1e-05	0.002481	1e-05	1e-05	1e-05	0.351641	1e-05	1.5e-05	1e-05	1e-05	1e-05	1.1e-05	1e-05	0.02904	1e-05	0.208978	1e-05	0.147536	NIC541
1e-05	1e-05	1e-05	1e-05	1e-05	1e-05	1e-05	1e-05	1e-05	1e-05	1e-05	1e-05	1e-05	1e-05	1e-05	1e-05	1e-05	1e-05	1e-05	0.99979	1e-05	1e-05	NIC549
1e-05	1e-05	1e-05	1e-05	1e-05	1e-05	1e-05	1e-05	1e-05	1e-05	1e-05	1e-05	1e-05	1e-05	1e-05	1e-05	1e-05	0.040745	1e-05	0.868707	0.090358	1e-05	NIC552
1e-05	1e-05	1e-05	1e-05	1e-05	1.1e-05	1e-05	1e-05	1e-05	1e-05	1e-05	1e-05	1e-05	1e-05	1e-05	1e-05	1e-05	0.164027	1e-05	0.806475	1e-05	0.029307	NIC555
1e-05	1e-05	1e-05	1e-05	1e-05	1e-05	1e-05	1e-05	1e-05	1e-05	1e-05	1e-05	1e-05	1e-05	1e-05	1e-05	1e-05	1e-05	1e-05	0.99979	1e-05	1e-05	NIC574
1e-05	1.1e-05	1e-05	1e-05	1e-05	1.2e-05	1e-05	1e-05	1.6e-05	1e-05	1.1e-05	1.2e-05	1e-05	1e-05	1e-05	1e-05	1.1e-05	1e-05	1e-05	0.612246	1e-05	0.387542	NIC578
1e-05	1e-05	1e-05	1e-05	1e-05	1e-05	1e-05	1e-05	1e-05	1e-05	1e-05	1e-05	1e-05	1e-05	1e-05	1e-05	1e-05	0.058895	1e-05	0.561361	1e-05	0.379553	NIC583
1e-05	1e-05	1e-05	1e-05	1e-05	1e-05	1e-05	1e-05	1e-05	1e-05	1e-05	1e-05	0.238221	1e-05	1e-05	1e-05	1e-05	1e-05	1e-05	0.400344	1e-05	0.361245	NIC590
1e-05	1e-05	1e-05	1e-05	1e-05	1e-05	1e-05	1e-05	1e-05	1e-05	1e-05	1e-05	1e-05	1e-05	1e-05	1e-05	1e-05	1e-05	1e-05	0.99979	1e-05	1e-05	NIC593
1e-05	1e-05	1e-05	1e-05	1e-05	1e-05	1e-05	1e-05	1e-05	1e-05	1e-05	1e-05	1e-05	1e-05	1e-05	1e-05	1e-05	1e-05	1e-05	1e-05	1e-05	0.99979	NIC60
1e-05	1e-05	1e-05	1e-05	1e-05	1e-05	1e-05	1e-05	1e-05	1e-05	1e-05	1e-05	1e-05	1e-05	1e-05	1e-05	1e-05	1e-05	1e-05	0.870167	0.129633	1e-05	NIC61
1e-05	1e-05	1e-05	1e-05	1e-05	1e-05	1e-05	1e-05	1e-05	1e-05	1e-05	1e-05	1e-05	1e-05	1e-05	1e-05	1e-05	1e-05	1e-05	0.392222	0.099648	0.50794	NIC62
1e-05	1e-05	1e-05	1e-05	1e-05	1e-05	0.99979	1e-05	1e-05	1e-05	1e-05	1e-05	1e-05	1e-05	1e-05	1e-05	1e-05	1e-05	1e-05	1e-05	1e-05	1e-05	NIC67
1e-05	1e-05	1e-05	1e-05	1e-05	1e-05	1e-05	1e-05	1e-05	1e-05	1e-05	1.5e-05	0.24286	1e-05	1e-05	1.2e-05	1e-05	1e-05	1e-05	0.54383	1e-05	0.213113	NIC758
1e-05	1e-05	1e-05	1e-05	1e-05	1e-05	1e-05	1e-05	1e-05	1e-05	1e-05	1e-05	1e-05	1e-05	1e-05	1e-05	1e-05	0.126802	1e-05	0.424307	0.080188	0.368523	NIC777
1e-05	1e-05	0.99979	1e-05	1e-05	1e-05	1e-05	1e-05	1e-05	1e-05	1e-05	1e-05	1e-05	1e-05	1e-05	1e-05	1e-05	1e-05	1e-05	1e-05	1e-05	1e-05	NIC779
1e-05	1e-05	1e-05	1e-05	1e-05	1.8e-05	1e-05	0.999782	1e-05	1e-05	1e-05	1e-05	1e-05	1e-05	1e-05	1e-05	1e-05	1e-05	1e-05	1e-05	1e-05	1e-05	NIC790
0.914939	1e-05	1e-05	1e-05	1e-05	1e-05	1e-05	1e-05	1e-05	1e-05	1e-05	1e-05	1e-05	1e-05	1e-05	1e-05	1e-05	1e-05	1e-05	1e-05	0.084861	1e-05	NIC791
0.286732	1e-05	1e-05	1e-05	1e-05	1e-05	1e-05	0.695611	1e-05	1.9e-05	1e-05	1e-05	0.017459	1e-05	1e-05	1e-05	1e-05	1e-05	1e-05	1e-05	1e-05	1e-05	NIC792
1e-05	1e-05	1e-05	1e-05	1e-05	1e-05	1e-05	0.99979	1e-05	1e-05	1e-05	1e-05	1e-05	1e-05	1e-05	1e-05	1e-05	1e-05	1e-05	1e-05	1e-05	1e-05	NIC793
1e-05	1e-05	1e-05	1e-05	1e-05	1e-05	1e-05	0.934804	1e-05	1e-05	1e-05	0.064995	1.1e-05	1e-05	1e-05	1e-05	1e-05	1e-05	1e-05	1e-05	1e-05	1e-05	NIC795
1e-05	1e-05	1e-05	1e-05	1e-05	1e-05	1e-05	0.99979	1e-05	1e-05	1e-05	1e-05	1e-05	1e-05	1e-05	1e-05	1e-05	1e-05	1e-05	1e-05	1e-05	1e-05	NIC796
1e-05	1e-05	1e-05	1e-05	1e-05	1e-05	1e-05	0.999783	1e-05	1e-05	1e-05	1e-05	1e-05	1e-05	1e-05	1e-05	1e-05	1e-05	1e-05	1e-05	1.7e-05	1e-05	NIC802
1e-05	1e-05	1e-05	1e-05	1e-05	1e-05	1e-05	0.87787	1e-05	1e-05	1e-05	1e-05	1e-05	1e-05	1e-05	1e-05	1e-05	1e-05	1e-05	1e-05	1e-05	0.12193	NIC803
1e-05	1e-05	0.99979	1e-05	1e-05	1e-05	1e-05	1e-05	1e-05	1e-05	1e-05	1e-05	1e-05	1e-05	1e-05	1e-05	1e-05	1e-05	1e-05	1e-05	1e-05	1e-05	NIC805
1e-05	1e-05	1e-05	1e-05	1e-05	1e-05	1e-05	0.879545	1e-05	1e-05	1e-05	1e-05	0.067923	1e-05	1e-05	1e-05	1e-05	1e-05	1e-05	1e-05	0.052342	1e-05	NIC811
1e-05	1e-05	0.999783	1e-05	1.7e-05	1e-05	1e-05	1e-05	1e-05	1e-05	1e-05	1e-05	1e-05	1e-05	1e-05	1e-05	1e-05	1e-05	1e-05	1e-05	1e-05	1e-05	NIC814
1e-05	1e-05	0.99979	1e-05	1e-05	1e-05	1e-05	1e-05	1e-05	1e-05	1e-05	1e-05	1e-05	1e-05	1e-05	1e-05	1e-05	1e-05	1e-05	1e-05	1e-05	1e-05	NIC815
1e-05	1e-05	1e-05	1e-05	0.999784	1e-05	1e-05	1e-05	1e-05	1e-05	1.6e-05	1e-05	1e-05	1e-05	1e-05	1e-05	1e-05	1e-05	1e-05	1e-05	1e-05	1e-05	NIC816
1e-05	1e-05	1e-05	1e-05	1e-05	1e-05	1e-05	1e-05	1e-05	1e-05	1e-05	1e-05	1e-05	1e-05	1e-05	0.99979	1e-05	1e-05	1e-05	1e-05	1e-05	1e-05	NIC819
1e-05	1e-05	1e-05	1e-05	1e-05	1e-05	1e-05	0.49859	1e-05	1e-05	1e-05	0.461183	1e-05	1e-05	1e-05	1e-05	1e-05	1e-05	1e-05	1e-05	1e-05	0.040037	NIC821
1e-05	0.843184	0.156614	1e-05	1e-05	1e-05	1e-05	1e-05	1e-05	1e-05	1e-05	1e-05	1e-05	1e-05	1e-05	1.2e-05	1e-05	1e-05	1e-05	1e-05	1e-05	1e-05	NIC822
1e-05	1e-05	0.99979	1e-05	1e-05	1e-05	1e-05	1e-05	1e-05	1e-05	1e-05	1e-05	1e-05	1e-05	1e-05	1e-05	1e-05	1e-05	1e-05	1e-05	1e-05	1e-05	NIC824
1e-05	1e-05	1e-05	1e-05	0.99977	1e-05	1e-05	1e-05	1.6e-05	1e-05	1e-05	1e-05	1e-05	1.5e-05	1e-05	1e-05	1e-05	1e-05	2e-05	1e-05	1e-05	1e-05	NIC825
1e-05	1e-05	1e-05	1e-05	0.99979	1e-05	1e-05	1e-05	1e-05	1e-05	1e-05	1e-05	1e-05	1e-05	1e-05	1e-05	1e-05	1e-05	1e-05	1e-05	1e-05	1e-05	NIC827
1e-05	1e-05	1e-05	1e-05	0.99979	1e-05	1e-05	1e-05	1e-05	1e-05	1e-05	1e-05	1e-05	1e-05	1e-05	1e-05	1e-05	1e-05	1e-05	1e-05	1e-05	1e-05	NIC828
1e-05	2e-05	0.999779	1e-05	1e-05	1e-05	1e-05	1e-05	1e-05	1e-05	1e-05	1e-05	1e-05	1e-05	1.1e-05	1e-05	1e-05	1e-05	1e-05	1e-05	1e-05	1e-05	NIC863
1e-05	1e-05	0.99979	1e-05	1e-05	1e-05	1e-05	1e-05	1e-05	1e-05	1e-05	1e-05	1e-05	1e-05	1e-05	1e-05	1e-05	1e-05	1e-05	1e-05	1e-05	1e-05	NIC864
1e-05	1.9e-05	0.99978	1e-05	1e-05	1e-05	1e-05	1e-05	1e-05	1e-05	1e-05	1e-05	1e-05	1e-05	1e-05	1e-05	1e-05	1e-05	1e-05	1e-05	1e-05	1e-05	NIC865
1e-05	1e-05	1e-05	1e-05	1e-05	1e-05	1e-05	0.99979	1e-05	1e-05	1e-05	1e-05	1e-05	1e-05	1e-05	1e-05	1e-05	1e-05	1e-05	1e-05	1e-05	1e-05	NIC871
1e-05	1e-05	1e-05	1e-05	1e-05	1e-05	1e-05	0.694656	1e-05	1e-05	1e-05	0.305136	1.7e-05	1e-05	1e-05	1e-05	1e-05	1.1e-05	1e-05	1e-05	1e-05	1e-05	NIC883
1e-05	1e-05	0.99979	1e-05	1e-05	1e-05	1e-05	1e-05	1e-05	1e-05	1e-05	1e-05	1e-05	1e-05	1e-05	1e-05	1e-05	1e-05	1e-05	1e-05	1e-05	1e-05	NIC889
1e-05	1e-05	1e-05	1e-05	1e-05	1e-05	1e-05	1e-05	1e-05	1e-05	1e-05	1e-05	1e-05	1.9e-05	1e-05	1e-05	1e-05	1e-05	0.999781	1e-05	1e-05	1e-05	NIC893
1e-05	1e-05	0.99979	1e-05	1e-05	1e-05	1e-05	1e-05	1e-05	1e-05	1e-05	1e-05	1e-05	1e-05	1e-05	1e-05	1e-05	1e-05	1e-05	1e-05	1e-05	1e-05	NIC897
1e-05	1e-05	1e-05	1e-05	1e-05	1e-05	1e-05	1e-05	1e-05	1e-05	1e-05	1e-05	1e-05	1e-05	0.99979	1e-05	1e-05	1e-05	1e-05	1e-05	1e-05	1e-05	NIC899
1e-05	1e-05	1e-05	1e-05	1e-05	1e-05	1e-05	1e-05	1e-05	1e-05	1e-05	0.205111	1e-05	1e-05	1e-05	1e-05	1e-05	1e-05	1e-05	0.384357	0.410342	1e-05	NIC901
1e-05	1e-05	1e-05	1e-05	1e-05	1e-05	1e-05	0.703774	1e-05	1e-05	1e-05	1e-05	1e-05	1e-05	1e-05	1e-05	1e-05	1e-05	1e-05	0.193372	1e-05	0.102664	NIC911
1e-05	1e-05	1e-05	1e-05	1e-05	1e-05	1e-05	1e-05	1e-05	1e-05	1e-05	1e-05	1e-05	1e-05	1e-05	1e-05	1e-05	1e-05	1e-05	1e-05	1e-05	0.99979	NIC96
1e-05	1e-05	1e-05	1e-05	1e-05	1e-05	1e-05	0.879742	1e-05	1e-05	1e-05	1e-05	1e-05	1e-05	1e-05	1e-05	1e-05	1e-05	1e-05	1e-05	1e-05	0.120058	NIC984
1e-05	1e-05	1e-05	1e-05	1e-05	1e-05	0.167529	0.616614	1e-05	1e-05	1e-05	1e-05	1e-05	1e-05	1e-05	1e-05	1e-05	1e-05	1e-05	0.151406	1e-05	0.064271	NIC985
1e-05	1e-05	1e-05	1e-05	1e-05	1e-05	1e-05	1e-05	1e-05	1e-05	1e-05	1e-05	1e-05	1e-05	0.99979	1e-05	1e-05	1e-05	1e-05	1e-05	1e-05	1e-05	PB800
1e-05	1e-05	1e-05	1e-05	1e-05	1e-05	1e-05	1e-05	1e-05	1e-05	1e-05	1e-05	1e-05	1e-05	0.99979	1e-05	1e-05	1e-05	1e-05	1e-05	1e-05	1e-05	PB857
1e-05	1e-05	1e-05	1e-05	1e-05	1e-05	1e-05	0.435459	1e-05	1e-05	1e-05	0.267924	1e-05	1e-05	1e-05	1.1e-05	1e-05	1.1e-05	1e-05	0.296425	1e-05	1e-05	PE887
1e-05	1e-05	1e-05	1e-05	1e-05	0.390023	1e-05	1e-05	1e-05	0.425678	1e-05	1e-05	1e-05	1e-05	1e-05	1e-05	1e-05	0.184108	1e-05	1e-05	1e-05	1e-05	QG1005
1e-05	1e-05	1e-05	1e-05	1e-05	0.99979	1e-05	1e-05	1e-05	1e-05	1e-05	1e-05	1e-05	1e-05	1e-05	1e-05	1e-05	1e-05	1e-05	1e-05	1e-05	1e-05	QG1007
1e-05	1e-05	1e-05	1e-05	1e-05	0.589657	1e-05	1e-05	1e-05	1e-05	1e-05	1e-05	1e-05	1.2e-05	1e-05	1.1e-05	1e-05	0.410139	1e-05	1e-05	1e-05	1e-05	QG1111
1e-05	1e-05	1e-05	1e-05	1e-05	0.99979	1e-05	1e-05	1e-05	1e-05	1e-05	1e-05	1e-05	1e-05	1e-05	1e-05	1e-05	1e-05	1e-05	1e-05	1e-05	1e-05	QG1126
1e-05	1e-05	1e-05	1e-05	1e-05	1.7e-05	1e-05	1e-05	1e-05	1e-05	1e-05	1e-05	1e-05	1e-05	1e-05	1.2e-05	1e-05	0.999781	1e-05	1e-05	1e-05	1e-05	QG1141
1e-05	1e-05	1e-05	1e-05	1e-05	0.116164	1e-05	1e-05	1e-05	0.054939	1e-05	1e-05	1e-05	1e-05	1e-05	1e-05	1e-05	0.828707	1e-05	1e-05	1e-05	1e-05	QG1155
1e-05	1e-05	1e-05	1e-05	1e-05	1e-05	1e-05	1e-05	1e-05	1e-05	1e-05	1e-05	1e-05	1e-05	1e-05	1e-05	1e-05	1e-05	1e-05	1e-05	0.99979	1e-05	QG130
1e-05	1e-05	1e-05	1e-05	1e-05	1e-05	1e-05	0.235818	1e-05	1e-05	1e-05	1e-05	1e-05	1e-05	1e-05	1e-05	1e-05	1e-05	1e-05	1e-05	0.754732	0.009261	QG132
1e-05	0.017201	0.958275	1e-05	1e-05	1e-05	1e-05	1e-05	1e-05	1e-05	1e-05	1e-05	1e-05	1e-05	1e-05	1e-05	1e-05	1e-05	1e-05	1e-05	0.024334	1e-05	QG133
1e-05	1e-05	1e-05	1e-05	1e-05	0.822198	1e-05	1e-05	1e-05	1e-05	1e-05	1e-05	1e-05	1e-05	1e-05	1e-05	1e-05	0.177602	1e-05	1e-05	1e-05	1e-05	QG2641
1e-05	1e-05	1e-05	1e-05	1e-05	0.999782	1e-05	1e-05	1e-05	1.8e-05	1e-05	1e-05	1e-05	1e-05	1e-05	1e-05	1e-05	1e-05	1e-05	1e-05	1e-05	1e-05	QG2648
1e-05	1e-05	1e-05	1e-05	1e-05	0.520063	1e-05	1e-05	1e-05	1e-05	1e-05	1e-05	1e-05	1e-05	1e-05	1e-05	1e-05	0.479737	1e-05	1e-05	1e-05	1e-05	QG2659
1e-05	1e-05	1e-05	1e-05	1e-05	0.211872	1e-05	1e-05	1e-05	1e-05	1e-05	1e-05	1e-05	1e-05	1e-05	1e-05	1e-05	0.787928	1e-05	1e-05	1e-05	1e-05	QG2663
1e-05	1e-05	1e-05	1e-05	1e-05	0.85802	1e-05	1e-05	1e-05	1e-05	1e-05	1e-05	1e-05	1e-05	1e-05	1e-05	1e-05	0.14178	1e-05	1e-05	1e-05	1e-05	QG2665
1e-05	1e-05	1e-05	1e-05	1e-05	1e-05	1e-05	1e-05	1e-05	1e-05	1e-05	1e-05	1e-05	1e-05	1e-05	1e-05	1e-05	0.99979	1e-05	1e-05	1e-05	1e-05	QG2683
1e-05	1e-05	1e-05	1e-05	1e-05	0.540086	1e-05	1e-05	1e-05	1e-05	1e-05	1e-05	1e-05	1e-05	1e-05	1e-05	1e-05	0.459714	1e-05	1e-05	1e-05	1e-05	QG2736
1e-05	1e-05	1e-05	1e-05	1e-05	1e-05	1e-05	0.99979	1e-05	1e-05	1e-05	1e-05	1e-05	1e-05	1e-05	1e-05	1e-05	1e-05	1e-05	1e-05	1e-05	1e-05	QG2814
1e-05	1e-05	1e-05	1e-05	1e-05	1e-05	1e-05	0.795893	1e-05	0.015089	1e-05	0.057506	1e-05	1e-05	1e-05	1e-05	1e-05	1e-05	1e-05	1e-05	0.131331	1e-05	QG2820
1e-05	1e-05	1e-05	1e-05	1e-05	1e-05	1e-05	0.99979	1e-05	1e-05	1e-05	1e-05	1e-05	1e-05	1e-05	1e-05	1e-05	1e-05	1e-05	1e-05	1e-05	1e-05	QG2848
0.99979	1e-05	1e-05	1e-05	1e-05	1e-05	1e-05	1e-05	1e-05	1e-05	1e-05	1e-05	1e-05	1e-05	1e-05	1e-05	1e-05	1e-05	1e-05	1e-05	1e-05	1e-05	QG2880
1e-05	1e-05	1e-05	1e-05	1e-05	1e-05	1e-05	0.810343	1e-05	1.8e-05	1e-05	1e-05	1e-05	1e-05	1e-05	1e-05	1e-05	1e-05	1e-05	1e-05	0.189449	1e-05	QG2881
1e-05	1e-05	1e-05	1e-05	1e-05	1e-05	1e-05	0.741461	1e-05	1e-05	1e-05	1e-05	1e-05	1e-05	1e-05	1e-05	1e-05	1e-05	1e-05	1e-05	0.258339	1e-05	QG2883
0.99979	1e-05	1e-05	1e-05	1e-05	1e-05	1e-05	1e-05	1e-05	1e-05	1e-05	1e-05	1e-05	1e-05	1e-05	1e-05	1e-05	1e-05	1e-05	1e-05	1e-05	1e-05	QG2884
1e-05	1e-05	1e-05	1e-05	1e-05	1e-05	1e-05	1e-05	1e-05	1e-05	0.99979	1e-05	1e-05	1e-05	1e-05	1e-05	1e-05	1e-05	1e-05	1e-05	1e-05	1e-05	QG2891
0.999785	1e-05	1e-05	1e-05	1e-05	1e-05	1e-05	1e-05	1e-05	1.5e-05	1e-05	1e-05	1e-05	1e-05	1e-05	1e-05	1e-05	1e-05	1e-05	1e-05	1e-05	1e-05	QG2892
1e-05	1e-05	1.2e-05	0.999779	1e-05	1e-05	1e-05	1e-05	1e-05	1e-05	1e-05	1e-05	1e-05	1e-05	1e-05	1e-05	1.9e-05	1e-05	1e-05	1e-05	1e-05	1e-05	QG2893
0.999784	1e-05	1e-05	1e-05	1e-05	1e-05	1.6e-05	1e-05	1e-05	1e-05	1e-05	1e-05	1e-05	1e-05	1e-05	1e-05	1e-05	1e-05	1e-05	1e-05	1e-05	1e-05	QG2895
0.99979	1e-05	1e-05	1e-05	1e-05	1e-05	1e-05	1e-05	1e-05	1e-05	1e-05	1e-05	1e-05	1e-05	1e-05	1e-05	1e-05	1e-05	1e-05	1e-05	1e-05	1e-05	QG2902
0.99979	1e-05	1e-05	1e-05	1e-05	1e-05	1e-05	1e-05	1e-05	1e-05	1e-05	1e-05	1e-05	1e-05	1e-05	1e-05	1e-05	1e-05	1e-05	1e-05	1e-05	1e-05	QG2903
0.99979	1e-05	1e-05	1e-05	1e-05	1e-05	1e-05	1e-05	1e-05	1e-05	1e-05	1e-05	1e-05	1e-05	1e-05	1e-05	1e-05	1e-05	1e-05	1e-05	1e-05	1e-05	QG2906
1e-05	1.4e-05	1e-05	0.999766	1e-05	1e-05	1e-05	1e-05	1e-05	1e-05	2e-05	1e-05	1e-05	1e-05	1e-05	1e-05	1.9e-05	1e-05	1e-05	1e-05	1.2e-05	1e-05	QG2908
1e-05	1e-05	1e-05	1e-05	1e-05	1e-05	1e-05	0.339088	1e-05	1e-05	1e-05	0.345895	1e-05	1e-05	1e-05	1e-05	1e-05	1e-05	1e-05	1e-05	0.296166	0.018671	QG2910
1e-05	1e-05	1e-05	0.105485	1e-05	1e-05	1e-05	1e-05	1.3e-05	1.3e-05	0.894302	1e-05	1e-05	1e-05	1e-05	1e-05	1.7e-05	1e-05	1e-05	1e-05	1e-05	1e-05	QG2919
0.99979	1e-05	1e-05	1e-05	1e-05	1e-05	1e-05	1e-05	1e-05	1e-05	1e-05	1e-05	1e-05	1e-05	1e-05	1e-05	1e-05	1e-05	1e-05	1e-05	1e-05	1e-05	QG2923
0.99979	1e-05	1e-05	1e-05	1e-05	1e-05	1e-05	1e-05	1e-05	1e-05	1e-05	1e-05	1e-05	1e-05	1e-05	1e-05	1e-05	1e-05	1e-05	1e-05	1e-05	1e-05	QG2925
1e-05	1e-05	1e-05	1e-05	1e-05	1e-05	1e-05	1e-05	1e-05	1e-05	1e-05	1e-05	1e-05	1e-05	1e-05	1e-05	1e-05	0.99979	1e-05	1e-05	1e-05	1e-05	QG2964
1e-05	1e-05	1e-05	1e-05	1e-05	1e-05	1e-05	1e-05	1e-05	0.125767	1e-05	1e-05	1e-05	1e-05	1e-05	1e-05	1e-05	0.607434	1e-05	1e-05	0.266608	1e-05	QG2966
1e-05	1e-05	1e-05	1e-05	1e-05	0.952929	1e-05	1e-05	1e-05	1e-05	1e-05	1e-05	1e-05	1e-05	1e-05	1e-05	1e-05	0.046871	1e-05	1e-05	1e-05	1e-05	QG2969
1e-05	1e-05	1e-05	1e-05	1e-05	0.677444	1e-05	1e-05	1e-05	1e-05	1e-05	1e-05	1e-05	1e-05	1e-05	1e-05	1e-05	0.322356	1e-05	1e-05	1e-05	1e-05	QG2972
1e-05	1e-05	1e-05	1e-05	1e-05	0.99979	1e-05	1e-05	1e-05	1e-05	1e-05	1e-05	1e-05	1e-05	1e-05	1e-05	1e-05	1e-05	1e-05	1e-05	1e-05	1e-05	QG2996
1e-05	1e-05	1e-05	1e-05	1e-05	0.110438	1e-05	1e-05	1e-05	0.709547	1e-05	1e-05	1e-05	1e-05	1e-05	1e-05	1e-05	0.179825	1e-05	1e-05	1e-05	1e-05	QG3004
1e-05	1e-05	1e-05	1e-05	1e-05	0.744154	1e-05	1e-05	1e-05	0.008166	1e-05	1e-05	1e-05	1e-05	1e-05	1e-05	1e-05	0.247489	1e-05	1e-05	1e-05	1e-05	QG3006
1e-05	1e-05	1e-05	1e-05	1e-05	0.180448	1e-05	1e-05	1e-05	0.510443	1e-05	1e-05	1e-05	1e-05	1e-05	1e-05	1e-05	0.308919	1e-05	1e-05	1e-05	1e-05	QG3019
1e-05	1e-05	1e-05	1e-05	1e-05	0.99979	1e-05	1e-05	1e-05	1e-05	1e-05	1e-05	1e-05	1e-05	1e-05	1e-05	1e-05	1e-05	1e-05	1e-05	1e-05	1e-05	QG3025
1e-05	1e-05	1e-05	1e-05	1e-05	0.99979	1e-05	1e-05	1e-05	1e-05	1e-05	1e-05	1e-05	1e-05	1e-05	1e-05	1e-05	1e-05	1e-05	1e-05	1e-05	1e-05	QG3030
1e-05	1e-05	1e-05	1e-05	1e-05	0.103053	1e-05	1e-05	1e-05	0.447937	1e-05	1e-05	1e-05	1e-05	1e-05	1e-05	1e-05	0.44882	1e-05	1e-05	1e-05	1e-05	QG3032
1e-05	1e-05	1e-05	1e-05	1e-05	0.99979	1e-05	1e-05	1e-05	1e-05	1e-05	1e-05	1e-05	1e-05	1e-05	1e-05	1e-05	1e-05	1e-05	1e-05	1e-05	1e-05	QG3034
1e-05	1e-05	1e-05	1e-05	1e-05	0.99979	1e-05	1e-05	1e-05	1e-05	1e-05	1e-05	1e-05	1e-05	1e-05	1e-05	1e-05	1e-05	1e-05	1e-05	1e-05	1e-05	QG3041
1e-05	1e-05	1e-05	1e-05	1e-05	1e-05	1e-05	0.236288	1e-05	1.9e-05	1e-05	1e-05	1e-05	1e-05	1e-05	1e-05	1e-05	1e-05	1e-05	0.763503	1e-05	1e-05	QG3053
1e-05	1e-05	1e-05	1e-05	1e-05	1e-05	1e-05	1e-05	1e-05	0.112042	1e-05	1e-05	1e-05	1e-05	1e-05	1e-05	1e-05	0.606114	1e-05	1e-05	0.281653	1e-05	QG3056
1e-05	1e-05	1e-05	1e-05	1e-05	0.840554	1e-05	1.7e-05	1e-05	0.143503	1e-05	1e-05	1e-05	1e-05	1e-05	1e-05	1e-05	0.015745	1e-05	1e-05	1e-05	1e-05	QG3057
1e-05	1.1e-05	1e-05	1e-05	1e-05	0.12826	1.3e-05	1e-05	1e-05	0.444916	1e-05	1.5e-05	1e-05	1e-05	1e-05	1e-05	1e-05	0.426625	1e-05	1e-05	1e-05	1e-05	QG3058
1e-05	1e-05	1e-05	1e-05	1e-05	0.037161	1e-05	0.037035	1e-05	1e-05	1e-05	1e-05	1e-05	1e-05	1e-05	1e-05	1e-05	0.101393	1e-05	0.746244	1e-05	0.077997	QG3527
1e-05	1e-05	1e-05	1e-05	1e-05	1e-05	1e-05	1e-05	1e-05	1e-05	1e-05	1e-05	1e-05	1e-05	0.99979	1e-05	1e-05	1e-05	1e-05	1e-05	1e-05	1e-05	QG3661
1e-05	1e-05	1e-05	1e-05	1e-05	1e-05	1e-05	0.245758	1e-05	0.26445	1e-05	1e-05	1e-05	1e-05	1e-05	1e-05	1e-05	1e-05	1e-05	0.489602	1e-05	1e-05	QG3783
1e-05	1e-05	1e-05	1e-05	1e-05	0.260418	1e-05	1e-05	1e-05	0.431777	1e-05	1e-05	1e-05	1e-05	1e-05	1e-05	1e-05	0.307615	1e-05	1e-05	1e-05	1e-05	QG3801
1e-05	1e-05	1e-05	1e-05	1.3e-05	1.4e-05	1e-05	1e-05	1e-05	0.051604	1e-05	1e-05	1e-05	1e-05	1e-05	1.4e-05	1e-05	1e-05	1e-05	0.836709	1e-05	0.111487	QG3815
1e-05	1e-05	1e-05	1e-05	1e-05	1e-05	1e-05	0.072233	1e-05	1e-05	1e-05	1e-05	1e-05	1e-05	1e-05	1e-05	1e-05	0.118484	1e-05	0.809093	1e-05	1e-05	QG3816
1e-05	1e-05	1e-05	1e-05	1e-05	0.729466	1e-05	0.056995	1e-05	1e-05	1e-05	1e-05	1e-05	1e-05	1e-05	1e-05	1e-05	0.106414	1e-05	1e-05	1e-05	0.106945	QG3823
1e-05	1e-05	1e-05	1e-05	1e-05	1e-05	1e-05	1e-05	1e-05	1e-05	1e-05	1e-05	1e-05	1e-05	1e-05	1e-05	1e-05	1e-05	1e-05	0.99979	1e-05	1e-05	QG3825
1e-05	1e-05	1e-05	1e-05	1e-05	1e-05	1.1e-05	0.119958	1e-05	0.271981	1e-05	1e-05	1e-05	1e-05	1e-05	1e-05	1e-05	1e-05	1e-05	0.607869	1e-05	1e-05	QG3826
1e-05	1e-05	1e-05	1e-05	1e-05	1e-05	1e-05	1e-05	1e-05	1e-05	1e-05	1e-05	1e-05	1e-05	1e-05	1e-05	1e-05	1e-05	1e-05	0.99979	1e-05	1e-05	QG3837
1e-05	1e-05	1e-05	1e-05	1e-05	1e-05	1e-05	0.216253	1e-05	0.272064	1e-05	1e-05	1e-05	1e-05	1e-05	1e-05	1e-05	1e-05	1e-05	0.511494	1e-05	1e-05	QG3851
1e-05	1e-05	1e-05	1e-05	1e-05	1e-05	1e-05	1e-05	1e-05	1e-05	1e-05	1e-05	1e-05	1e-05	1e-05	1e-05	1e-05	0.078017	1e-05	0.865545	1e-05	0.056249	QG3861
1e-05	1e-05	1e-05	1e-05	1e-05	0.371613	1e-05	1e-05	1e-05	0.481674	1e-05	1.1e-05	1e-05	1e-05	1e-05	1e-05	1e-05	0.146522	1e-05	1e-05	1e-05	1e-05	QG3867
1e-05	1e-05	1e-05	1e-05	1e-05	1e-05	1e-05	0.063107	1e-05	1e-05	1e-05	1e-05	1e-05	1e-05	1e-05	1e-05	1e-05	1e-05	1e-05	0.936693	1e-05	1e-05	QG3874
1e-05	1e-05	1e-05	1e-05	1e-05	1e-05	1e-05	1e-05	1e-05	1e-05	1e-05	1e-05	1e-05	1e-05	1e-05	1e-05	1e-05	1e-05	1e-05	0.871137	1e-05	0.128663	QG3875
1e-05	1e-05	1e-05	1e-05	1e-05	1e-05	1e-05	0.148471	1e-05	0.245093	1e-05	1e-05	1e-05	1e-05	1e-05	1e-05	1e-05	1e-05	1e-05	0.606246	1e-05	1e-05	QG3876
1e-05	1e-05	1e-05	1e-05	1e-05	1e-05	1e-05	1e-05	1e-05	1e-05	1e-05	1e-05	1e-05	1e-05	1e-05	1e-05	1e-05	1e-05	1e-05	0.841236	1e-05	0.158564	QG3878
1e-05	1e-05	1e-05	1e-05	1e-05	1e-05	1e-05	1e-05	1e-05	0.414369	1e-05	1e-05	1e-05	1e-05	1e-05	1e-05	1e-05	1e-05	1e-05	0.392672	0.19277	1e-05	QG3920
1e-05	1e-05	1e-05	1e-05	1e-05	1e-05	1e-05	1e-05	1e-05	0.414731	1e-05	1e-05	1e-05	1e-05	1e-05	1e-05	1e-05	1e-05	1e-05	0.43032	0.154759	1e-05	QG3921
1e-05	1e-05	1e-05	1e-05	1e-05	1e-05	1e-05	1e-05	1e-05	0.139741	1e-05	1e-05	1e-05	1e-05	1e-05	1e-05	1e-05	1e-05	1e-05	0.737667	0.120136	0.002276	QG3923
1e-05	1e-05	1e-05	1e-05	1e-05	1e-05	1e-05	0.285143	1e-05	0.598911	1e-05	1e-05	1e-05	1e-05	1e-05	1e-05	1e-05	1e-05	1e-05	0.097079	1e-05	0.018688	QG3924
1e-05	1e-05	1e-05	1e-05	1e-05	1e-05	1e-05	1e-05	1e-05	0.22708	1e-05	1e-05	1e-05	1e-05	1e-05	1e-05	1e-05	1e-05	1e-05	0.680499	0.048187	0.044054	QG3925
1e-05	1e-05	1e-05	1e-05	1e-05	1e-05	1e-05	1e-05	1e-05	0.203495	1e-05	1e-05	1e-05	1e-05	1e-05	1e-05	1e-05	1e-05	1e-05	0.710581	0.045992	0.039752	QG3926
1e-05	1e-05	1e-05	1e-05	1e-05	1e-05	1e-05	1e-05	1e-05	0.221631	1e-05	1e-05	1e-05	1e-05	1e-05	1e-05	1e-05	1e-05	1e-05	0.758401	0.019778	1e-05	QG3927
1e-05	1e-05	1e-05	1e-05	1e-05	1e-05	1e-05	0.056328	1e-05	0.493919	1e-05	1e-05	1e-05	1e-05	1e-05	1e-05	1e-05	1e-05	1e-05	0.294194	0.020108	0.13528	QG3931
1e-05	1e-05	1e-05	1e-05	1e-05	1e-05	1e-05	1e-05	1e-05	0.301837	1e-05	1e-05	1e-05	1e-05	1e-05	1e-05	1e-05	1e-05	1e-05	0.189739	0.445581	0.062662	QG3932
1e-05	1e-05	1e-05	1e-05	1e-05	1e-05	1e-05	0.033014	1e-05	1e-05	1e-05	0.003656	1e-05	1e-05	1e-05	1e-05	1e-05	1e-05	1e-05	0.64909	0.31406	1e-05	QG3933
1e-05	1e-05	1e-05	1e-05	1e-05	1e-05	1e-05	1e-05	1e-05	1e-05	0.99979	1e-05	1e-05	1e-05	1e-05	1e-05	1e-05	1e-05	1e-05	1e-05	1e-05	1e-05	QG4026
1e-05	1.5e-05	1e-05	1e-05	1e-05	1e-05	1e-05	1e-05	1e-05	1e-05	0.999783	1e-05	1e-05	1e-05	1e-05	1e-05	1.2e-05	1e-05	1e-05	1e-05	1e-05	1e-05	QG4028
1e-05	1e-05	1e-05	1e-05	1e-05	1e-05	1e-05	1e-05	1e-05	1e-05	0.99979	1e-05	1e-05	1e-05	1e-05	1e-05	1e-05	1e-05	1e-05	1e-05	1e-05	1e-05	QG4031
1e-05	1e-05	1e-05	1.3e-05	1e-05	1e-05	1e-05	1e-05	1e-05	1e-05	0.999782	1e-05	1e-05	1e-05	1e-05	1e-05	1e-05	1e-05	1.5e-05	1e-05	1e-05	1e-05	QG4063
1e-05	1e-05	1e-05	1e-05	1e-05	1e-05	1e-05	1e-05	1e-05	1e-05	0.99979	1e-05	1e-05	1e-05	1e-05	1e-05	1e-05	1e-05	1e-05	1e-05	1e-05	1e-05	QG4064
1e-05	1e-05	1e-05	1e-05	1e-05	1e-05	1e-05	1e-05	1e-05	1e-05	0.99979	1e-05	1e-05	1e-05	1e-05	1e-05	1e-05	1e-05	1e-05	1e-05	1e-05	1e-05	QG4067
1e-05	1e-05	1e-05	1e-05	1e-05	1e-05	1e-05	1e-05	1e-05	1e-05	0.99979	1e-05	1e-05	1e-05	1e-05	1e-05	1e-05	1e-05	1e-05	1e-05	1e-05	1e-05	QG4068
1.4e-05	1e-05	1e-05	1e-05	1e-05	1e-05	1e-05	0.576358	1e-05	1e-05	1e-05	1e-05	1e-05	1e-05	1e-05	1e-05	1e-05	1e-05	1e-05	0.201551	0.221898	1e-05	QG4070
1e-05	1e-05	1e-05	0.999787	1e-05	1e-05	1e-05	1e-05	1e-05	1e-05	1.3e-05	1e-05	1e-05	1e-05	1e-05	1e-05	1e-05	1e-05	1e-05	1e-05	1e-05	1e-05	QG4093
1e-05	1e-05	1e-05	0.364155	1e-05	1e-05	1e-05	1e-05	1e-05	1e-05	0.635645	1e-05	1e-05	1e-05	1e-05	1e-05	1e-05	1e-05	1e-05	1e-05	1e-05	1e-05	QG4094
1e-05	1e-05	1e-05	1e-05	1e-05	1e-05	1e-05	1e-05	1e-05	1e-05	0.99979	1e-05	1e-05	1e-05	1e-05	1e-05	1e-05	1e-05	1e-05	1e-05	1e-05	1e-05	QG4095
1e-05	1e-05	1e-05	1e-05	1e-05	1e-05	1e-05	1e-05	1e-05	1e-05	0.99979	1e-05	1e-05	1e-05	1e-05	1e-05	1e-05	1e-05	1e-05	1e-05	1e-05	1e-05	QG4096
1e-05	1e-05	1e-05	1e-05	1e-05	1e-05	1e-05	1e-05	1e-05	1e-05	0.99979	1e-05	1e-05	1e-05	1e-05	1e-05	1e-05	1e-05	1e-05	1e-05	1e-05	1e-05	QG4097
1e-05	1e-05	1e-05	1.6e-05	1e-05	1e-05	1e-05	1e-05	1e-05	1e-05	0.999784	1e-05	1e-05	1e-05	1e-05	1e-05	1e-05	1e-05	1e-05	1e-05	1e-05	1e-05	QG4104
1e-05	1e-05	1e-05	1e-05	1e-05	1e-05	1e-05	1e-05	1e-05	1e-05	0.99979	1e-05	1e-05	1e-05	1e-05	1e-05	1e-05	1e-05	1e-05	1e-05	1e-05	1e-05	QG4114
1e-05	1e-05	1e-05	1e-05	1e-05	1e-05	1e-05	1e-05	1e-05	1e-05	0.99979	1e-05	1e-05	1e-05	1e-05	1e-05	1e-05	1e-05	1e-05	1e-05	1e-05	1e-05	QG4131
1e-05	1e-05	1e-05	1e-05	1e-05	1e-05	1e-05	1e-05	1e-05	1e-05	0.99979	1e-05	1e-05	1e-05	1e-05	1e-05	1e-05	1e-05	1e-05	1e-05	1e-05	1e-05	QG4132
1e-05	1e-05	1e-05	0.999789	1.1e-05	1e-05	1e-05	1e-05	1e-05	1e-05	1e-05	1e-05	1e-05	1e-05	1e-05	1e-05	1e-05	1e-05	1e-05	1e-05	1e-05	1e-05	QG4208
1e-05	1e-05	1e-05	1e-05	1e-05	1e-05	1e-05	1e-05	1e-05	1e-05	0.999787	1e-05	1e-05	1e-05	1e-05	1e-05	1.3e-05	1e-05	1e-05	1e-05	1e-05	1e-05	QG4214
1e-05	1.5e-05	1e-05	1.9e-05	1e-05	1e-05	1e-05	1e-05	1e-05	1e-05	0.999772	1e-05	1e-05	1e-05	1.4e-05	1e-05	1e-05	1e-05	1e-05	1e-05	1e-05	1e-05	QG4225
1e-05	1e-05	1e-05	0.642326	1e-05	1e-05	1e-05	1e-05	1e-05	1e-05	0.357474	1e-05	1e-05	1e-05	1e-05	1e-05	1e-05	1e-05	1e-05	1e-05	1e-05	1e-05	QG4232
1e-05	1e-05	1e-05	0.276654	1e-05	1e-05	1e-05	1e-05	1e-05	1e-05	0.723146	1e-05	1e-05	1e-05	1e-05	1e-05	1e-05	1e-05	1e-05	1e-05	1e-05	1e-05	QG4233
0.99979	1e-05	1e-05	1e-05	1e-05	1e-05	1e-05	1e-05	1e-05	1e-05	1e-05	1e-05	1e-05	1e-05	1e-05	1e-05	1e-05	1e-05	1e-05	1e-05	1e-05	1e-05	QG4647
1e-05	1e-05	1e-05	1e-05	1e-05	1e-05	1e-05	0.241835	1e-05	1e-05	1e-05	0.757965	1e-05	1e-05	1e-05	1e-05	1e-05	1e-05	1e-05	1e-05	1e-05	1e-05	QG4648
1e-05	1e-05	1e-05	1e-05	1e-05	1e-05	1e-05	1e-05	1e-05	1e-05	1e-05	0.78163	1e-05	1e-05	1e-05	1e-05	1e-05	1e-05	1e-05	1e-05	0.21817	1e-05	QG4683
0.523365	1e-05	1e-05	1e-05	1e-05	1e-05	1e-05	1e-05	1e-05	1e-05	1e-05	0.476435	1e-05	1e-05	1e-05	1e-05	1e-05	1e-05	1e-05	1e-05	1e-05	1e-05	QG4701
1e-05	1e-05	1e-05	1e-05	1e-05	1e-05	1e-05	0.170456	1e-05	1e-05	1e-05	0.769499	1e-05	1e-05	1e-05	1e-05	1e-05	1e-05	1e-05	1e-05	0.059855	1e-05	QG4706
1e-05	1e-05	1e-05	1e-05	1e-05	1e-05	1e-05	0.140029	1e-05	1e-05	1e-05	0.859771	1e-05	1e-05	1e-05	1e-05	1e-05	1e-05	1e-05	1e-05	1e-05	1e-05	QG4718
1e-05	1e-05	1e-05	1e-05	1e-05	1e-05	1e-05	0.178909	1e-05	1.6e-05	1e-05	0.820885	1e-05	1e-05	1e-05	1e-05	1e-05	1e-05	1e-05	1e-05	1e-05	1e-05	QG4742
0.999787	1e-05	1e-05	1e-05	1e-05	1e-05	1e-05	1e-05	1e-05	1e-05	1e-05	1e-05	1e-05	1e-05	1e-05	1e-05	1e-05	1.3e-05	1e-05	1e-05	1e-05	1e-05	QG4805
1.1e-05	1e-05	1e-05	1e-05	1e-05	1.2e-05	1e-05	0.999787	1e-05	1e-05	1e-05	1e-05	1e-05	1e-05	1e-05	1e-05	1e-05	1e-05	1e-05	1e-05	1e-05	1e-05	QG4847
1e-05	1e-05	1e-05	1e-05	1e-05	1e-05	1e-05	0.244656	1e-05	1e-05	1e-05	0.755144	1e-05	1e-05	1e-05	1e-05	1e-05	1e-05	1e-05	1e-05	1e-05	1e-05	QG4966
1e-05	1e-05	1e-05	1e-05	1e-05	1e-05	1e-05	0.437811	1e-05	1e-05	1e-05	0.561989	1e-05	1e-05	1e-05	1e-05	1e-05	1e-05	1e-05	1e-05	1e-05	1e-05	QG5348
1e-05	1e-05	1e-05	1e-05	1e-05	1e-05	1e-05	1e-05	1e-05	1e-05	1e-05	0.854115	1e-05	1e-05	1e-05	1e-05	1e-05	1e-05	1e-05	1e-05	0.145685	1e-05	QG5406
1e-05	1e-05	1e-05	1e-05	1e-05	1e-05	1e-05	1e-05	1e-05	1e-05	1e-05	1e-05	1e-05	1e-05	0.99979	1e-05	1e-05	1e-05	1e-05	1e-05	1e-05	1e-05	QG547
0.658294	1e-05	1e-05	1e-05	1e-05	1e-05	1e-05	1e-05	1e-05	1e-05	1e-05	1e-05	1e-05	1e-05	1e-05	1e-05	1e-05	1e-05	1e-05	1e-05	0.341506	1e-05	QG5474
1e-05	1e-05	1e-05	1e-05	1e-05	1e-05	1e-05	0.541114	1e-05	1e-05	1e-05	0.458686	1e-05	1e-05	1e-05	1e-05	1e-05	1e-05	1e-05	1e-05	1e-05	1e-05	QG5488
1e-05	1e-05	1e-05	1e-05	1e-05	1e-05	1e-05	1e-05	1e-05	1e-05	1e-05	1e-05	0.99979	1e-05	1e-05	1e-05	1e-05	1e-05	1e-05	1e-05	1e-05	1e-05	QG550
0.157333	1e-05	1e-05	1e-05	1e-05	1e-05	1e-05	0.378853	1e-05	1e-05	1e-05	0.463625	1e-05	1e-05	1e-05	1e-05	1e-05	1e-05	1e-05	1e-05	1e-05	1e-05	QG5507
1e-05	1e-05	1e-05	1e-05	1e-05	1e-05	1e-05	0.081302	1e-05	1e-05	1e-05	0.918498	1e-05	1e-05	1e-05	1e-05	1e-05	1e-05	1e-05	1e-05	1e-05	1e-05	QG5525
0.829161	1e-05	1e-05	1e-05	1e-05	1e-05	1e-05	0.01851	1e-05	1e-05	1e-05	0.135041	1e-05	1e-05	1e-05	1e-05	1e-05	1e-05	1e-05	0.017108	1e-05	1e-05	QG5589
0.656339	1e-05	1e-05	1e-05	1e-05	1e-05	1e-05	0.031896	1e-05	1e-05	1e-05	0.101342	1e-05	1e-05	1e-05	1e-05	1e-05	1e-05	1e-05	1e-05	0.210243	1e-05	QG5603
1e-05	1e-05	1e-05	1e-05	1e-05	1e-05	1e-05	0.025009	1e-05	1e-05	1e-05	0.974791	1e-05	1e-05	1e-05	1e-05	1e-05	1e-05	1e-05	1e-05	1e-05	1e-05	QG5611
1e-05	1e-05	1e-05	1e-05	1e-05	1e-05	1e-05	1e-05	1e-05	1e-05	1e-05	0.681018	1e-05	1e-05	1e-05	1e-05	1e-05	1e-05	1e-05	1e-05	0.318782	1e-05	QG5612
1e-05	1e-05	1e-05	1e-05	1e-05	1e-05	1e-05	0.188384	1e-05	1e-05	1e-05	0.811416	1e-05	1e-05	1e-05	1e-05	1e-05	1e-05	1e-05	1e-05	1e-05	1e-05	QG5633
1e-05	1.7e-05	1e-05	1e-05	1e-05	1e-05	1e-05	1e-05	1e-05	1e-05	1e-05	1e-05	1e-05	1e-05	0.999783	1e-05	1e-05	1e-05	1e-05	1e-05	1e-05	1e-05	QG581
1e-05	1.5e-05	1e-05	1e-05	1e-05	1e-05	1e-05	1e-05	1e-05	1e-05	1e-05	1e-05	1e-05	1e-05	0.999785	1e-05	1e-05	1e-05	1e-05	1e-05	1e-05	1e-05	QG588
1e-05	1e-05	1e-05	1e-05	1e-05	1e-05	1e-05	1e-05	1e-05	0.45518	1e-05	1e-05	1e-05	1e-05	1e-05	1e-05	1e-05	0.54462	1e-05	1e-05	1e-05	1e-05	QG700
1e-05	1e-05	1e-05	1e-05	1e-05	1e-05	1e-05	1e-05	1e-05	1e-05	1e-05	1e-05	1e-05	1e-05	1e-05	1e-05	1e-05	0.99979	1e-05	1e-05	1e-05	1e-05	QG727
1e-05	1e-05	1e-05	1e-05	1e-05	1e-05	1e-05	1e-05	1e-05	1e-05	1e-05	1e-05	1e-05	1e-05	1e-05	1e-05	1e-05	0.99979	1e-05	1e-05	1e-05	1e-05	QG733
1e-05	1e-05	1e-05	1e-05	1e-05	0.122686	1e-05	1e-05	1e-05	0.541216	1e-05	1e-05	1e-05	1e-05	1e-05	1e-05	1e-05	0.335908	1e-05	1e-05	1e-05	1e-05	QG736
1e-05	1e-05	1e-05	1e-05	1e-05	0.641933	1e-05	1.7e-05	1e-05	1e-05	1e-05	1e-05	1e-05	1e-05	1e-05	1e-05	1e-05	0.35786	1e-05	1e-05	1e-05	1e-05	QG737
1e-05	1e-05	1e-05	1e-05	1e-05	1e-05	1e-05	1e-05	1e-05	1e-05	1e-05	1e-05	1e-05	1e-05	1e-05	1e-05	1e-05	0.99979	1e-05	1e-05	1e-05	1e-05	QG739
1e-05	1e-05	1e-05	1e-05	1e-05	1.2e-05	1e-05	1e-05	1e-05	0.647353	1e-05	1e-05	1e-05	1e-05	1e-05	1e-05	1e-05	0.352445	1e-05	1e-05	1e-05	1e-05	QG761
1e-05	1e-05	1e-05	1e-05	1e-05	0.301947	1e-05	1e-05	1e-05	0.233418	1e-05	1e-05	1e-05	1e-05	1e-05	1e-05	1e-05	0.464445	1e-05	1e-05	1e-05	1e-05	QG763
1e-05	1e-05	1e-05	1e-05	1e-05	0.22687	1e-05	1e-05	1e-05	0.13863	1e-05	1e-05	1e-05	1e-05	1e-05	1e-05	1e-05	0.63431	1e-05	1e-05	1e-05	1e-05	QG776
1e-05	1e-05	1e-05	1e-05	1e-05	1e-05	1e-05	1e-05	1e-05	1e-05	1e-05	1e-05	1e-05	1e-05	1e-05	1e-05	1e-05	0.99979	1e-05	1e-05	1e-05	1e-05	QG781
1e-05	1e-05	1e-05	1e-05	1e-05	0.850634	1e-05	1e-05	1e-05	1e-05	1e-05	1e-05	1e-05	1e-05	1e-05	1e-05	1e-05	0.149166	1e-05	1e-05	1e-05	1e-05	QG784
1e-05	1e-05	1e-05	1e-05	1e-05	0.786165	1e-05	1e-05	1e-05	1e-05	1e-05	1e-05	1e-05	1e-05	1e-05	1e-05	1e-05	0.213635	1e-05	1e-05	1e-05	1e-05	QG786
1e-05	1e-05	1e-05	1e-05	1e-05	1e-05	1e-05	1e-05	1e-05	1e-05	1e-05	1e-05	1e-05	1e-05	1e-05	1e-05	1e-05	0.99979	1e-05	1e-05	1e-05	1e-05	QG788
1e-05	1e-05	1e-05	1e-05	1e-05	0.670963	1e-05	1e-05	1e-05	1e-05	1e-05	1e-05	1e-05	1e-05	1e-05	1e-05	1e-05	0.328837	1e-05	1e-05	1e-05	1e-05	QG790
1e-05	1e-05	1e-05	1e-05	1e-05	0.17205	1e-05	0.068394	1e-05	1e-05	1e-05	1e-05	1e-05	1e-05	1e-05	1e-05	1e-05	0.759366	1e-05	1e-05	1e-05	1e-05	QG791
1e-05	1e-05	1e-05	1e-05	1e-05	1e-05	1e-05	1e-05	1e-05	0.707685	1e-05	1e-05	1e-05	1e-05	1e-05	1e-05	1e-05	0.292115	1e-05	1e-05	1e-05	1e-05	QG795
1e-05	1e-05	1e-05	1e-05	1e-05	0.99979	1e-05	1e-05	1e-05	1e-05	1e-05	1e-05	1e-05	1e-05	1e-05	1e-05	1e-05	1e-05	1e-05	1e-05	1e-05	1e-05	QG797
1e-05	1e-05	1e-05	1e-05	1e-05	1e-05	1e-05	1e-05	1e-05	1e-05	1e-05	1e-05	1e-05	1e-05	1e-05	1e-05	1e-05	0.99979	1e-05	1e-05	1e-05	1e-05	QG802
1e-05	1e-05	1e-05	1e-05	1e-05	0.99979	1e-05	1e-05	1e-05	1e-05	1e-05	1e-05	1e-05	1e-05	1e-05	1e-05	1e-05	1e-05	1e-05	1e-05	1e-05	1e-05	QG804
1e-05	1e-05	1e-05	1e-05	1e-05	1e-05	1e-05	1e-05	1e-05	1e-05	1e-05	1e-05	1e-05	1e-05	1e-05	1e-05	1e-05	0.99979	1e-05	1e-05	1e-05	1e-05	QG806
1e-05	1e-05	1e-05	1e-05	1e-05	1e-05	1e-05	1e-05	1e-05	1e-05	1e-05	1e-05	1e-05	1e-05	1e-05	1e-05	1e-05	0.99979	1e-05	1e-05	1e-05	1e-05	QG807
1e-05	1e-05	1e-05	1e-05	1e-05	0.491208	1e-05	0.053414	1e-05	1e-05	1e-05	1e-05	1e-05	1e-05	1e-05	1e-05	1e-05	0.455187	1e-05	1e-05	1e-05	1e-05	QG808
1e-05	1e-05	1e-05	1e-05	1e-05	0.99979	1e-05	1e-05	1e-05	1e-05	1e-05	1e-05	1e-05	1e-05	1e-05	1e-05	1e-05	1e-05	1e-05	1e-05	1e-05	1e-05	QG809
1e-05	1e-05	1e-05	1e-05	1e-05	1e-05	1e-05	1e-05	1e-05	1e-05	1e-05	1e-05	1e-05	1e-05	1e-05	1e-05	1e-05	0.99979	1e-05	1e-05	1e-05	1e-05	QG825
1e-05	1e-05	1e-05	1e-05	1e-05	1e-05	1e-05	1e-05	1e-05	1e-05	1e-05	1e-05	1e-05	1e-05	1e-05	1e-05	1e-05	0.99979	1e-05	1e-05	1e-05	1e-05	QG827
1e-05	1e-05	1e-05	1e-05	1e-05	1e-05	1e-05	1e-05	1e-05	1e-05	1e-05	1e-05	1e-05	1e-05	1e-05	1e-05	1e-05	0.99979	1e-05	1e-05	1e-05	1e-05	QG828
1e-05	1e-05	1e-05	1e-05	1e-05	1e-05	1e-05	1e-05	1e-05	1e-05	1e-05	1e-05	1e-05	1e-05	1e-05	1e-05	1e-05	0.99979	1e-05	1e-05	1e-05	1e-05	QG833
1e-05	1e-05	1e-05	1e-05	1e-05	0.523713	1e-05	0.040106	1e-05	1e-05	1e-05	1e-05	1e-05	1e-05	1e-05	1e-05	1e-05	0.435991	1e-05	1e-05	1e-05	1e-05	QG855
1e-05	1e-05	1e-05	1e-05	1e-05	0.200143	1e-05	1e-05	1e-05	1e-05	1e-05	1e-05	1e-05	1e-05	1e-05	1e-05	1e-05	0.799657	1e-05	1e-05	1e-05	1e-05	QG856
1e-05	1e-05	1e-05	1e-05	1e-05	0.830334	1e-05	1e-05	1e-05	1e-05	1e-05	1e-05	1e-05	1e-05	1e-05	1e-05	1e-05	0.169466	1e-05	1e-05	1e-05	1e-05	QG858
1e-05	1e-05	1e-05	1e-05	1e-05	1e-05	1e-05	1e-05	1e-05	0.467534	1e-05	1e-05	1e-05	1e-05	1e-05	1e-05	1e-05	0.532266	1e-05	1e-05	1e-05	1e-05	QG860
1e-05	1e-05	1e-05	1e-05	1e-05	0.688193	1e-05	1e-05	1e-05	1e-05	1e-05	1e-05	1e-05	1e-05	1e-05	1e-05	1e-05	0.311607	1e-05	1e-05	1e-05	1e-05	QG864
1e-05	1e-05	1e-05	1e-05	1e-05	0.152115	1e-05	1e-05	1e-05	1e-05	1e-05	1e-05	1e-05	1e-05	1e-05	1e-05	1e-05	0.847685	1e-05	1e-05	1e-05	1e-05	QG865
1e-05	1e-05	1e-05	1e-05	1e-05	0.130815	1e-05	1e-05	1e-05	1e-05	1e-05	1e-05	1e-05	1e-05	1e-05	1e-05	1e-05	0.868985	1e-05	1e-05	1e-05	1e-05	QG866
1.2e-05	1e-05	1e-05	1e-05	1e-05	1e-05	1e-05	1e-05	1e-05	0.082667	1e-05	1e-05	1e-05	1e-05	1e-05	1e-05	1e-05	0.917131	1e-05	1e-05	1e-05	1e-05	QG868
1e-05	1e-05	1e-05	1e-05	1e-05	1e-05	1e-05	1e-05	1e-05	1e-05	1e-05	1e-05	1e-05	1e-05	1e-05	1e-05	1e-05	0.99979	1e-05	1e-05	1e-05	1e-05	QG874
1e-05	1e-05	1e-05	1e-05	1e-05	0.99979	1e-05	1e-05	1e-05	1e-05	1e-05	1e-05	1e-05	1e-05	1e-05	1e-05	1e-05	1e-05	1e-05	1e-05	1e-05	1e-05	QG875
1e-05	1e-05	1e-05	1e-05	1e-05	1e-05	1e-05	1e-05	1e-05	1e-05	1e-05	1e-05	1e-05	1e-05	1e-05	1e-05	1e-05	0.999787	1e-05	1e-05	1.3e-05	1e-05	QG878
1e-05	1e-05	1e-05	1e-05	1e-05	1e-05	1e-05	1e-05	1e-05	1e-05	1e-05	1e-05	1e-05	1e-05	1e-05	1e-05	1e-05	0.99979	1e-05	1e-05	1e-05	1e-05	QG879
1e-05	1e-05	1e-05	1e-05	1e-05	0.120763	1e-05	1e-05	1e-05	0.527911	1e-05	1e-05	1e-05	1e-05	1e-05	1e-05	1e-05	0.351136	1e-05	1e-05	1e-05	1e-05	QG880
1e-05	1e-05	1e-05	1e-05	1e-05	1e-05	1e-05	1e-05	1e-05	0.579084	1e-05	1e-05	1e-05	1e-05	1e-05	1e-05	1e-05	0.420716	1e-05	1e-05	1e-05	1e-05	QG881
1e-05	1e-05	1e-05	1e-05	1e-05	0.163153	1e-05	1e-05	1e-05	9.2e-05	1e-05	1e-05	1e-05	1e-05	1e-05	1e-05	1e-05	0.836565	1e-05	1e-05	1e-05	1e-05	QG887
1e-05	1e-05	1e-05	1e-05	1e-05	0.99979	1e-05	1e-05	1e-05	1e-05	1e-05	1e-05	1e-05	1e-05	1e-05	1e-05	1e-05	1e-05	1e-05	1e-05	1e-05	1e-05	QG888
1e-05	1e-05	1e-05	1e-05	1e-05	0.143702	1e-05	1e-05	1e-05	1e-05	1e-05	1e-05	1e-05	1e-05	1e-05	1e-05	1e-05	0.856098	1e-05	1e-05	1e-05	1e-05	QG926
1e-05	1e-05	1e-05	1e-05	1e-05	0.032805	1e-05	0.90677	1e-05	0.060235	1e-05	1e-05	1e-05	1e-05	1e-05	1e-05	1e-05	1e-05	1e-05	1e-05	1e-05	1e-05	QG927
1e-05	1e-05	1e-05	1e-05	1e-05	0.99979	1e-05	1e-05	1e-05	1e-05	1e-05	1e-05	1e-05	1e-05	1e-05	1e-05	1e-05	1e-05	1e-05	1e-05	1e-05	1e-05	QG933
1e-05	1e-05	1e-05	1e-05	1e-05	0.955705	1e-05	1e-05	1e-05	1e-05	1e-05	1e-05	1e-05	1e-05	1e-05	1e-05	1e-05	1e-05	1e-05	1e-05	1e-05	0.044095	QG937
1.1e-05	1e-05	1e-05	1e-05	1e-05	0.999789	1e-05	1e-05	1e-05	1e-05	1e-05	1e-05	1e-05	1e-05	1e-05	1e-05	1e-05	1e-05	1e-05	1e-05	1e-05	1e-05	QG945
1e-05	1e-05	1e-05	1e-05	1e-05	0.99979	1e-05	1e-05	1e-05	1e-05	1e-05	1e-05	1e-05	1e-05	1e-05	1e-05	1e-05	1e-05	1e-05	1e-05	1e-05	1e-05	QG946
1e-05	1e-05	1e-05	1e-05	1e-05	1e-05	1e-05	1e-05	1e-05	1e-05	1e-05	1e-05	1e-05	1e-05	1e-05	1e-05	1e-05	0.99979	1e-05	1e-05	1e-05	1e-05	QG947
1e-05	1e-05	1e-05	1e-05	1e-05	1e-05	1e-05	1e-05	1e-05	1e-05	1e-05	1e-05	1e-05	1e-05	1e-05	1e-05	1e-05	0.99979	1e-05	1e-05	1e-05	1e-05	QG948
1e-05	1e-05	1e-05	1e-05	1e-05	1e-05	1e-05	1e-05	1e-05	1e-05	1e-05	1e-05	1e-05	1e-05	1e-05	1e-05	1e-05	0.951196	1e-05	0.048604	1e-05	1e-05	QG952
1e-05	1e-05	1e-05	1e-05	1e-05	0.758063	1e-05	1e-05	1e-05	0.18466	1e-05	1e-05	1e-05	1e-05	1e-05	1e-05	1e-05	1e-05	1e-05	0.01165	0.045447	1e-05	QG978
1e-05	1e-05	1e-05	1e-05	1e-05	1e-05	1e-05	1e-05	1e-05	1e-05	1e-05	1e-05	1e-05	1e-05	1e-05	1e-05	1e-05	0.99979	1e-05	1e-05	1e-05	1e-05	QG980
1e-05	1e-05	1e-05	1e-05	1e-05	1e-05	1e-05	1e-05	1e-05	1e-05	1e-05	1e-05	1e-05	1e-05	1e-05	1e-05	1e-05	0.99979	1e-05	1e-05	1e-05	1e-05	QG986
1e-05	1e-05	1e-05	1e-05	1e-05	1e-05	1e-05	1e-05	1e-05	1e-05	1e-05	1e-05	1e-05	1e-05	1e-05	1e-05	1e-05	0.99979	1e-05	1e-05	1e-05	1e-05	QG991
1e-05	1e-05	1e-05	1e-05	1e-05	0.99979	1e-05	1e-05	1e-05	1e-05	1e-05	1e-05	1e-05	1e-05	1e-05	1e-05	1e-05	1e-05	1e-05	1e-05	1e-05	1e-05	QG994
1e-05	1e-05	1e-05	1e-05	1e-05	1e-05	1e-05	1e-05	1e-05	1e-05	1e-05	1e-05	1e-05	1e-05	1e-05	1e-05	1e-05	0.999786	1e-05	1e-05	1.4e-05	1e-05	QG995
1e-05	1e-05	1e-05	1e-05	1e-05	0.081626	1e-05	1e-05	1e-05	0.120685	1e-05	1e-05	1e-05	1e-05	1e-05	1e-05	1e-05	0.797499	1e-05	1e-05	1e-05	1e-05	QG997
1e-05	1e-05	1e-05	1e-05	1e-05	0.99979	1e-05	1e-05	1e-05	1e-05	1e-05	1e-05	1e-05	1e-05	1e-05	1e-05	1e-05	1e-05	1e-05	1e-05	1e-05	1e-05	QG998
1e-05	1e-05	1e-05	1e-05	1e-05	1e-05	1e-05	1e-05	1e-05	1e-05	1e-05	1e-05	1e-05	0.616829	0.21087	1e-05	1e-05	1e-05	1e-05	1e-05	0.172111	1e-05	QR25
1e-05	1e-05	1e-05	1e-05	1e-05	1e-05	1e-05	1e-05	1e-05	1e-05	1e-05	0.072308	1e-05	1e-05	1e-05	1e-05	1e-05	1e-05	1e-05	0.927492	1e-05	1e-05	QX1410
1e-05	1e-05	1e-05	1e-05	1e-05	1e-05	1e-05	1e-05	1e-05	1e-05	1e-05	1e-05	1e-05	1e-05	0.99979	1e-05	1e-05	1e-05	1e-05	1e-05	1e-05	1e-05	QX1547
1e-05	1e-05	1e-05	1e-05	1e-05	1e-05	1e-05	0.361879	1e-05	1e-05	1e-05	0.292813	1e-05	1e-05	1e-05	1e-05	1e-05	1e-05	1e-05	0.09356	0.207992	0.043585	QX1795
1e-05	1e-05	1e-05	1e-05	1e-05	1e-05	1e-05	1e-05	1e-05	1e-05	1e-05	1e-05	1e-05	1e-05	1e-05	1e-05	1e-05	1e-05	1e-05	1e-05	0.99979	1e-05	QX1796
1e-05	1e-05	0.99979	1e-05	1e-05	1e-05	1e-05	1e-05	1e-05	1e-05	1e-05	1e-05	1e-05	1e-05	1e-05	1e-05	1e-05	1e-05	1e-05	1e-05	1e-05	1e-05	QX1798
1e-05	1e-05	1e-05	1e-05	1e-05	1e-05	1e-05	0.257852	1e-05	1e-05	1e-05	1e-05	1e-05	1e-05	1e-05	1e-05	1e-05	1e-05	1e-05	1e-05	0.741948	1e-05	QX1800
1e-05	1e-05	1e-05	1e-05	1e-05	1e-05	1e-05	1e-05	1e-05	1e-05	1e-05	1e-05	1e-05	1e-05	1e-05	1e-05	1e-05	1e-05	1e-05	0.086769	0.913031	1e-05	QX1801
1e-05	1e-05	1e-05	1e-05	1e-05	1e-05	1e-05	0.054107	1e-05	1e-05	1e-05	0.036274	1e-05	1e-05	1e-05	1e-05	1e-05	1e-05	1e-05	1e-05	0.90943	1e-05	QX1802
1e-05	1e-05	1e-05	1e-05	1e-05	1e-05	1e-05	1e-05	1e-05	1e-05	1e-05	1e-05	1e-05	1e-05	1e-05	1e-05	1e-05	1e-05	1e-05	1e-05	0.99979	1e-05	QX1803
1e-05	1e-05	1e-05	1e-05	1e-05	1e-05	1e-05	2e-05	1e-05	1e-05	1e-05	1e-05	1e-05	1.1e-05	1e-05	1.1e-05	1e-05	1e-05	1e-05	1e-05	0.999779	1e-05	QX1804
1e-05	1e-05	1e-05	1e-05	1e-05	1e-05	1e-05	1e-05	1e-05	1e-05	1e-05	1e-05	1e-05	1e-05	0.99979	1e-05	1e-05	1e-05	1e-05	1e-05	1e-05	1e-05	SOW18
1e-05	1e-05	1e-05	1e-05	1e-05	1e-05	1e-05	1e-05	1e-05	1e-05	1e-05	1e-05	1e-05	1e-05	0.99979	1e-05	1e-05	1e-05	1e-05	1e-05	1e-05	1e-05	SOW21
1e-05	1e-05	1e-05	1e-05	1e-05	1e-05	1e-05	1e-05	1e-05	1e-05	1e-05	1e-05	1e-05	1e-05	0.99979	1e-05	1e-05	1e-05	1e-05	1e-05	1e-05	1e-05	SOW22
1e-05	1e-05	1e-05	1e-05	1e-05	1e-05	1e-05	0.99979	1e-05	1e-05	1e-05	1e-05	1e-05	1e-05	1e-05	1e-05	1e-05	1e-05	1e-05	1e-05	1e-05	1e-05	TT3408
1e-05	1e-05	1e-05	1e-05	1e-05	1e-05	1e-05	0.99979	1e-05	1e-05	1e-05	1e-05	1e-05	1e-05	1e-05	1e-05	1e-05	1e-05	1e-05	1e-05	1e-05	1e-05	TT3411
1e-05	1e-05	0.99979	1e-05	1e-05	1e-05	1e-05	1e-05	1e-05	1e-05	1e-05	1e-05	1e-05	1e-05	1e-05	1e-05	1e-05	1e-05	1e-05	1e-05	1e-05	1e-05	TWN1772
1e-05	1e-05	1e-05	1e-05	0.99979	1e-05	1e-05	1e-05	1e-05	1e-05	1e-05	1e-05	1e-05	1e-05	1e-05	1e-05	1e-05	1e-05	1e-05	1e-05	1e-05	1e-05	TWN1824
1e-05	1e-05	1e-05	1e-05	0.999781	1e-05	1.9e-05	1e-05	1e-05	1e-05	1e-05	1e-05	1e-05	1e-05	1e-05	1e-05	1e-05	1e-05	1e-05	1e-05	1e-05	1e-05	TWN1899
1e-05	0.99979	1e-05	1e-05	1e-05	1e-05	1e-05	1e-05	1e-05	1e-05	1e-05	1e-05	1e-05	1e-05	1e-05	1e-05	1e-05	1e-05	1e-05	1e-05	1e-05	1e-05	TWN1907
1e-05	0.99979	1e-05	1e-05	1e-05	1e-05	1e-05	1e-05	1e-05	1e-05	1e-05	1e-05	1e-05	1e-05	1e-05	1e-05	1e-05	1e-05	1e-05	1e-05	1e-05	1e-05	TWN2919
1e-05	1e-05	0.99979	1e-05	1e-05	1e-05	1e-05	1e-05	1e-05	1e-05	1e-05	1e-05	1e-05	1e-05	1e-05	1e-05	1e-05	1e-05	1e-05	1e-05	1e-05	1e-05	TWN3077
1e-05	1e-05	0.99979	1e-05	1e-05	1e-05	1e-05	1e-05	1e-05	1e-05	1e-05	1e-05	1e-05	1e-05	1e-05	1e-05	1e-05	1e-05	1e-05	1e-05	1e-05	1e-05	UH1
1e-05	1e-05	1e-05	1e-05	1e-05	1e-05	0.700069	1e-05	1e-05	1e-05	1e-05	1e-05	1e-05	1e-05	1e-05	1e-05	1e-05	1e-05	1e-05	0.153659	0.146082	1e-05	VSL2201
1.2e-05	1e-05	1.4e-05	1e-05	1e-05	1e-05	1.7e-05	1.1e-05	1e-05	1e-05	1.4e-05	1.5e-05	1e-05	1e-05	1e-05	1e-05	0.999766	1e-05	1e-05	1e-05	1e-05	1e-05	VSL2207
1e-05	1e-05	1e-05	1e-05	1e-05	1e-05	1e-05	1e-05	1.4e-05	1e-05	1e-05	1e-05	1e-05	1e-05	1e-05	1e-05	0.999786	1e-05	1e-05	1e-05	1e-05	1e-05	VSL2209
1e-05	1e-05	1e-05	1e-05	1e-05	1e-05	1e-05	1e-05	1e-05	1e-05	1e-05	1e-05	1e-05	1e-05	1e-05	1e-05	1e-05	1e-05	1e-05	0.702369	0.297431	1e-05	VSL2210
1e-05	1e-05	1e-05	1e-05	1e-05	1e-05	1e-05	1e-05	1e-05	1e-05	1e-05	1e-05	1e-05	1e-05	1e-05	1e-05	1e-05	1e-05	1e-05	0.791179	0.208621	1e-05	VSL2212
1e-05	1e-05	1e-05	1e-05	1e-05	1e-05	0.99979	1e-05	1e-05	1e-05	1e-05	1e-05	1e-05	1e-05	1e-05	1e-05	1e-05	1e-05	1e-05	1e-05	1e-05	1e-05	VSL2213
1e-05	1e-05	1e-05	1e-05	1e-05	1e-05	0.909475	1e-05	1e-05	1e-05	1e-05	1e-05	1e-05	1e-05	1e-05	1e-05	1e-05	1e-05	1e-05	1e-05	0.090325	1e-05	VSL2215
1e-05	1e-05	1e-05	1e-05	1e-05	1e-05	0.999789	1e-05	1e-05	1e-05	1e-05	1e-05	1e-05	1e-05	1e-05	1e-05	1e-05	1e-05	1e-05	1e-05	1.1e-05	1e-05	VSL2216
0.999765	1e-05	1.5e-05	1e-05	1.8e-05	1.2e-05	1e-05	1.7e-05	1e-05	1e-05	1e-05	1.2e-05	1e-05	1e-05	1e-05	1e-05	1e-05	1e-05	1e-05	1e-05	1e-05	1e-05	VSL2217
1e-05	1e-05	1e-05	1e-05	1e-05	1e-05	1e-05	0.037463	1e-05	1e-05	1e-05	1e-05	1e-05	1e-05	1e-05	1e-05	1e-05	1e-05	1e-05	0.131498	0.830849	1e-05	VSL2219
1e-05	1e-05	1e-05	1e-05	1e-05	1e-05	1e-05	0.146878	1e-05	1e-05	1e-05	1e-05	1e-05	1e-05	1e-05	1e-05	1e-05	1e-05	1e-05	0.137336	0.715596	1e-05	VT847
1e-05	1e-05	1e-05	1e-05	1e-05	1e-05	1e-05	1e-05	1e-05	1e-05	1e-05	1e-05	1e-05	0.99979	1e-05	1e-05	1e-05	1e-05	1e-05	1e-05	1e-05	1e-05	VX34
1e-05	1e-05	1e-05	1e-05	1e-05	1e-05	0.50337	0.102226	1e-05	1e-05	1e-05	1e-05	1e-05	1e-05	1e-05	1e-05	1e-05	1e-05	1e-05	0.362575	0.031648	1e-05	XZ1204
1e-05	1e-05	1e-05	1e-05	1e-05	1e-05	0.99979	1e-05	1e-05	1e-05	1e-05	1e-05	1e-05	1e-05	1e-05	1e-05	1e-05	1e-05	1e-05	1e-05	1e-05	1e-05	XZ1205
1e-05	1e-05	1e-05	1e-05	1e-05	1e-05	0.99979	1e-05	1e-05	1e-05	1e-05	1e-05	1e-05	1e-05	1e-05	1e-05	1e-05	1e-05	1e-05	1e-05	1e-05	1e-05	XZ1206
1e-05	1e-05	1e-05	1e-05	1e-05	1e-05	1e-05	1.1e-05	1e-05	1e-05	1e-05	0.054501	1e-05	1e-05	1e-05	1e-05	1e-05	1e-05	1e-05	0.539315	0.405993	1e-05	XZ1207
1e-05	1e-05	1e-05	1e-05	1e-05	1e-05	1e-05	0.124963	1e-05	1e-05	1e-05	1e-05	1e-05	1e-05	1e-05	1e-05	1e-05	1e-05	1e-05	0.765105	0.109742	1e-05	XZ1210
1e-05	1e-05	1e-05	1e-05	1e-05	1e-05	1e-05	0.117326	1e-05	1e-05	1e-05	1e-05	1e-05	1e-05	1e-05	1e-05	1e-05	1e-05	1e-05	0.520413	0.353418	0.008663	XZ1212
1e-05	1e-05	1e-05	1e-05	1e-05	1e-05	1e-05	1e-05	1e-05	1e-05	1e-05	1e-05	1e-05	1e-05	1e-05	1e-05	1e-05	1e-05	1e-05	0.605729	0.394071	1e-05	XZ1213
1e-05	1e-05	1e-05	1e-05	1e-05	1e-05	1e-05	0.240181	1e-05	1e-05	1e-05	1e-05	1e-05	1e-05	1e-05	1e-05	1e-05	1e-05	1e-05	0.623491	0.136138	1e-05	XZ1731
1e-05	1e-05	1e-05	1e-05	1e-05	1e-05	1e-05	1e-05	1e-05	1e-05	1e-05	1e-05	1e-05	1e-05	1e-05	1e-05	1e-05	1e-05	1e-05	0.877027	0.122773	1e-05	XZ1732
0.999767	1e-05	1e-05	1e-05	1e-05	1.6e-05	1e-05	1.6e-05	1e-05	1e-05	1e-05	1.8e-05	1e-05	1e-05	1e-05	1e-05	1e-05	1e-05	1e-05	1.3e-05	1e-05	1e-05	ZZY0992
1e-05	1e-05	1e-05	1e-05	1e-05	1e-05	1e-05	0.99979	1e-05	1e-05	1e-05	1e-05	1e-05	1e-05	1e-05	1e-05	1e-05	1e-05	1e-05	1e-05	1e-05	1e-05	ZZY1034
1e-05	1e-05	1e-05	1e-05	1e-05	1e-05	1e-05	0.847951	1e-05	1e-05	1e-05	0.151849	1e-05	1e-05	1e-05	1e-05	1e-05	1e-05	1e-05	1e-05	1e-05	1e-05	ZZY1075
0.999775	1e-05	1e-05	1e-05	1e-05	1e-05	1.9e-05	1e-05	1e-05	1e-05	1e-05	1.5e-05	1e-05	1e-05	1e-05	1e-05	1e-05	1e-05	1e-05	1e-05	1e-05	1e-05	ZZY1123
1e-05	1e-05	1e-05	1e-05	1e-05	1e-05	1e-05	0.99979	1e-05	1e-05	1e-05	1e-05	1e-05	1e-05	1e-05	1e-05	1e-05	1e-05	1e-05	1e-05	1e-05	1e-05	ZZY1130
1e-05	1e-05	1e-05	1e-05	1e-05	1e-05	1e-05	0.99979	1e-05	1e-05	1e-05	1e-05	1e-05	1e-05	1e-05	1e-05	1e-05	1e-05	1e-05	1e-05	1e-05	1e-05	ZZY405
