A	B	C	D	E	F	G	H	I	J	K	L	M	N	O	P	Q	R	S	T	U	V	samples
1e-05	1e-05	1e-05	1e-05	1e-05	1e-05	1e-05	1.2e-05	1e-05	1e-05	1e-05	1e-05	1e-05	1e-05	1e-05	1e-05	1e-05	1e-05	0.999788	1e-05	1e-05	1e-05	AF16
1e-05	1e-05	1.2e-05	1e-05	1e-05	1e-05	1e-05	0.697625	1.4e-05	1e-05	1e-05	1e-05	1e-05	1e-05	1.1e-05	1e-05	1e-05	1e-05	0.302166	1.3e-05	1e-05	1e-05	BRC20069
1e-05	1e-05	1e-05	1e-05	1e-05	1e-05	1e-05	0.830967	1e-05	1.2e-05	1e-05	1e-05	1e-05	1e-05	1e-05	1e-05	1e-05	1e-05	0.168829	1e-05	1.2e-05	1e-05	BRC20073
1e-05	1e-05	1e-05	1e-05	1e-05	1.1e-05	1e-05	1e-05	1e-05	1e-05	1e-05	0.999789	1e-05	1e-05	1e-05	1e-05	1e-05	1e-05	1e-05	1e-05	1e-05	1e-05	BRC20075
1e-05	1e-05	0.035622	1e-05	1e-05	1e-05	1e-05	0.934962	1e-05	1e-05	1e-05	1e-05	1e-05	1e-05	1e-05	1e-05	1e-05	1e-05	0.029226	1e-05	1e-05	1e-05	BRC20077
1e-05	1e-05	1e-05	0.289897	1e-05	1e-05	1e-05	1e-05	1e-05	1e-05	1e-05	1e-05	1e-05	1e-05	1e-05	1e-05	1e-05	0.709903	1e-05	1e-05	1e-05	1e-05	BRC20081
1e-05	1e-05	1e-05	1e-05	1e-05	1e-05	1e-05	1e-05	1e-05	0.969951	1e-05	1e-05	1e-05	1e-05	1e-05	1e-05	1e-05	1e-05	0.029849	1e-05	1e-05	1e-05	BRC20085
1e-05	1e-05	1e-05	1e-05	1e-05	1e-05	1e-05	1e-05	1e-05	1e-05	1e-05	1e-05	1e-05	1e-05	1e-05	1e-05	1e-05	0.99979	1e-05	1e-05	1e-05	1e-05	BRC20088
1e-05	1e-05	1e-05	1e-05	1e-05	1e-05	1e-05	0.975311	1e-05	1e-05	1e-05	1e-05	1e-05	1e-05	1e-05	1e-05	1e-05	1e-05	0.024489	1e-05	1e-05	1e-05	BRC20089
1e-05	1e-05	1e-05	1e-05	1e-05	1.4e-05	1e-05	0.042949	1e-05	0.258597	1e-05	1e-05	1.9e-05	1.8e-05	1e-05	1e-05	1e-05	1e-05	0.698242	1e-05	1e-05	1e-05	BRC20090
1e-05	1e-05	1e-05	1e-05	1e-05	1e-05	1e-05	1e-05	1e-05	0.99979	1e-05	1e-05	1e-05	1e-05	1e-05	1e-05	1e-05	1e-05	1e-05	1e-05	1e-05	1e-05	BRC20092
1e-05	1e-05	1e-05	1e-05	1e-05	1e-05	1e-05	0.376861	1e-05	1e-05	1e-05	1e-05	1e-05	1e-05	1e-05	1e-05	1e-05	1e-05	0.622939	1e-05	1e-05	1e-05	BRC20093
1e-05	1e-05	1e-05	1e-05	1.6e-05	1e-05	1e-05	1e-05	1e-05	0.999784	1e-05	1e-05	1e-05	1e-05	1e-05	1e-05	1e-05	1e-05	1e-05	1e-05	1e-05	1e-05	BRC20094
1e-05	1e-05	1e-05	1e-05	1e-05	1e-05	1e-05	0.843298	1e-05	1e-05	1e-05	1e-05	1e-05	1e-05	1e-05	1e-05	1e-05	1e-05	0.156502	1e-05	1e-05	1e-05	BRC20095
1e-05	1e-05	1e-05	1e-05	1e-05	1.8e-05	1e-05	0.64978	1e-05	1.4e-05	1e-05	1e-05	1e-05	1e-05	1e-05	1e-05	1e-05	1e-05	0.350009	1e-05	1e-05	1e-05	BRC20096
1e-05	1e-05	1.2e-05	1e-05	1e-05	1e-05	1e-05	0.77637	1e-05	1e-05	1e-05	1e-05	1e-05	1e-05	1e-05	1e-05	1e-05	1e-05	0.223428	1e-05	1e-05	1e-05	BRC20098
1e-05	1e-05	1e-05	1e-05	1e-05	1e-05	1e-05	0.837654	1e-05	1e-05	1e-05	1e-05	1.3e-05	1e-05	1e-05	1e-05	1e-05	1e-05	0.162135	1.7e-05	1e-05	1e-05	BRC20099
1e-05	1e-05	1e-05	1e-05	1e-05	1e-05	1e-05	0.765356	1e-05	1.5e-05	1e-05	1e-05	1e-05	1e-05	1e-05	1e-05	1e-05	1e-05	0.234439	1e-05	1e-05	1e-05	BRC20100
1e-05	1e-05	1e-05	1e-05	1e-05	1e-05	1e-05	0.938413	1e-05	1e-05	1e-05	1e-05	1e-05	1e-05	1e-05	1e-05	1e-05	1e-05	0.061384	1.3e-05	1e-05	1e-05	BRC20102
1e-05	1e-05	1e-05	1e-05	1e-05	1e-05	1e-05	0.850482	1e-05	1e-05	1e-05	1e-05	1e-05	1e-05	1e-05	1e-05	1e-05	1e-05	0.149318	1e-05	1e-05	1e-05	BRC20103
1e-05	1e-05	1e-05	1e-05	1e-05	1e-05	1e-05	1e-05	1e-05	0.99979	1e-05	1e-05	1e-05	1e-05	1e-05	1e-05	1e-05	1e-05	1e-05	1e-05	1e-05	1e-05	BRC20105
1e-05	1e-05	1e-05	1e-05	1e-05	1e-05	1e-05	1e-05	1e-05	0.99979	1e-05	1e-05	1e-05	1e-05	1e-05	1e-05	1e-05	1e-05	1e-05	1e-05	1e-05	1e-05	BRC20107
1e-05	1e-05	1e-05	1e-05	1e-05	1e-05	1e-05	1e-05	0.99979	1e-05	1e-05	1e-05	1e-05	1e-05	1e-05	1e-05	1e-05	1e-05	1e-05	1e-05	1e-05	1e-05	BRC20115
1e-05	1e-05	1e-05	1e-05	1e-05	1e-05	1e-05	0.282488	1e-05	1e-05	1e-05	1e-05	1e-05	0.717312	1e-05	1e-05	1e-05	1e-05	1e-05	1e-05	1e-05	1e-05	BRC20119
1e-05	1e-05	1e-05	1e-05	1e-05	1e-05	1e-05	0.985004	1e-05	1e-05	1e-05	1e-05	1e-05	1e-05	1e-05	1e-05	1e-05	1e-05	0.014796	1e-05	1e-05	1e-05	BRC20228
1e-05	1e-05	1e-05	1e-05	1e-05	1e-05	1e-05	1e-05	1e-05	1e-05	1e-05	0.99979	1e-05	1e-05	1e-05	1e-05	1e-05	1e-05	1e-05	1e-05	1e-05	1e-05	BRC20229
1.1e-05	1e-05	1e-05	1e-05	1e-05	1e-05	1.2e-05	1e-05	1e-05	1e-05	1e-05	1e-05	1.3e-05	1e-05	1e-05	1e-05	1e-05	0.999783	1e-05	1e-05	1e-05	1e-05	BRC20230
1e-05	1e-05	1e-05	1e-05	1e-05	1e-05	1e-05	1e-05	1e-05	1e-05	1e-05	0.99979	1e-05	1e-05	1e-05	1e-05	1e-05	1e-05	1e-05	1e-05	1e-05	1e-05	BRC20232
1e-05	1e-05	1e-05	0.99979	1e-05	1e-05	1e-05	1e-05	1e-05	1e-05	1e-05	1e-05	1e-05	1e-05	1e-05	1e-05	1e-05	1e-05	1e-05	1e-05	1e-05	1e-05	BRC20238
1.1e-05	1e-05	1e-05	1e-05	1e-05	1e-05	1.4e-05	1e-05	1e-05	1e-05	1e-05	0.999768	1.2e-05	1e-05	1e-05	1e-05	1e-05	1.6e-05	1.9e-05	1e-05	1e-05	1e-05	BRC20239
1e-05	1e-05	1e-05	1e-05	1e-05	1e-05	1e-05	0.667356	1e-05	1e-05	1e-05	1e-05	1e-05	0.072897	1e-05	1e-05	1e-05	1e-05	0.259557	1e-05	1e-05	1e-05	BRC20241
1e-05	1e-05	1e-05	1e-05	1e-05	1e-05	1e-05	0.589147	1e-05	0.026041	1e-05	1e-05	1e-05	1e-05	1e-05	1e-05	1e-05	1e-05	0.384622	1e-05	1e-05	1e-05	BRC20242
1e-05	1e-05	1e-05	1e-05	1e-05	1e-05	1e-05	1e-05	1e-05	1e-05	1e-05	1e-05	1e-05	1e-05	1e-05	1e-05	1e-05	0.99979	1e-05	1e-05	1e-05	1e-05	BRC20244
1e-05	1e-05	1e-05	0.999781	1e-05	1e-05	1.1e-05	1e-05	1e-05	1e-05	1e-05	1.6e-05	1e-05	1e-05	1e-05	1.1e-05	1.1e-05	1e-05	1e-05	1e-05	1e-05	1e-05	BRC20246
1e-05	1e-05	1e-05	1e-05	1e-05	1e-05	1e-05	1e-05	1e-05	1e-05	1e-05	1e-05	1e-05	0.99979	1e-05	1e-05	1e-05	1e-05	1e-05	1e-05	1e-05	1e-05	BRC20257
1e-05	1e-05	1e-05	1e-05	1e-05	1e-05	1e-05	0.99979	1e-05	1e-05	1e-05	1e-05	1e-05	1e-05	1e-05	1e-05	1e-05	1e-05	1e-05	1e-05	1e-05	1e-05	BRC20260
1e-05	1e-05	1e-05	1e-05	1e-05	1e-05	1e-05	1e-05	1e-05	1e-05	1e-05	1e-05	1e-05	1e-05	1e-05	1e-05	1e-05	0.99979	1e-05	1e-05	1e-05	1e-05	BRC20270
1e-05	1e-05	1e-05	1e-05	1e-05	1e-05	1e-05	1e-05	1e-05	1e-05	1e-05	1e-05	1e-05	1e-05	1e-05	1e-05	1e-05	0.99979	1e-05	1e-05	1e-05	1e-05	BRC20272
1e-05	1e-05	1e-05	1e-05	1e-05	1e-05	1e-05	1e-05	1.6e-05	1e-05	1e-05	1e-05	1e-05	1e-05	1e-05	1e-05	1e-05	0.999784	1e-05	1e-05	1e-05	1e-05	BRC20289
1e-05	1e-05	1e-05	1e-05	1e-05	1e-05	1e-05	1e-05	1.4e-05	1e-05	1e-05	1e-05	1e-05	1e-05	1e-05	1e-05	1e-05	0.999786	1e-05	1e-05	1e-05	1e-05	BRC20290
1e-05	1e-05	1e-05	1e-05	1e-05	1.6e-05	1e-05	0.569332	1e-05	0.033513	1e-05	1e-05	1e-05	1e-05	1e-05	1e-05	1e-05	1e-05	0.39696	1e-05	1e-05	1e-05	BRC20294
1e-05	1e-05	1e-05	0.999788	1e-05	1e-05	1e-05	1e-05	1e-05	1e-05	1e-05	1e-05	1.2e-05	1e-05	1e-05	1e-05	1e-05	1e-05	1e-05	1e-05	1e-05	1e-05	BRC20308
1e-05	1e-05	1e-05	0.999785	1e-05	1e-05	1e-05	1e-05	1e-05	1e-05	1e-05	1e-05	1e-05	1e-05	1e-05	1e-05	1e-05	1.5e-05	1e-05	1e-05	1e-05	1e-05	BRC20309
1e-05	1e-05	1e-05	0.99979	1e-05	1e-05	1e-05	1e-05	1e-05	1e-05	1e-05	1e-05	1e-05	1e-05	1e-05	1e-05	1e-05	1e-05	1e-05	1e-05	1e-05	1e-05	BRC20311
1e-05	1e-05	1e-05	0.999785	1e-05	1e-05	1e-05	1e-05	1e-05	1e-05	1e-05	1e-05	1.5e-05	1e-05	1e-05	1e-05	1e-05	1e-05	1e-05	1e-05	1e-05	1e-05	BRC20312
1.1e-05	1e-05	1e-05	0.99978	1e-05	1e-05	1e-05	1e-05	1e-05	1e-05	1e-05	1e-05	1e-05	1e-05	1e-05	1e-05	1e-05	1e-05	1e-05	1.9e-05	1e-05	1e-05	BRC20315
1e-05	1e-05	1e-05	0.99979	1e-05	1e-05	1e-05	1e-05	1e-05	1e-05	1e-05	1e-05	1e-05	1e-05	1e-05	1e-05	1e-05	1e-05	1e-05	1e-05	1e-05	1e-05	BRC20320
1e-05	0.010044	1e-05	1e-05	1e-05	1e-05	1e-05	0.334686	1e-05	1e-05	1e-05	0.646341	1e-05	1e-05	1e-05	1e-05	1e-05	1e-05	0.008748	1e-05	1e-05	1e-05	BRC20324
1e-05	1e-05	1e-05	0.999781	1e-05	1e-05	1e-05	1e-05	1e-05	1e-05	1e-05	1e-05	1e-05	1e-05	1e-05	1e-05	1e-05	1.4e-05	1e-05	1.4e-05	1e-05	1e-05	BRC20331
1e-05	1e-05	1e-05	0.726588	1e-05	1e-05	1.2e-05	1e-05	1e-05	1e-05	1e-05	1e-05	1e-05	1e-05	1e-05	1e-05	1e-05	0.273209	1e-05	1e-05	1e-05	1e-05	BRC20333
1.9e-05	1e-05	1e-05	0.999772	1e-05	1e-05	1e-05	1e-05	1e-05	1e-05	1e-05	1e-05	1.9e-05	1e-05	1e-05	1e-05	1e-05	1e-05	1e-05	1e-05	1e-05	1e-05	BRC20334
1e-05	1e-05	1e-05	0.710089	1e-05	1e-05	1e-05	1e-05	1.2e-05	1e-05	1e-05	1e-05	1.5e-05	1e-05	1e-05	1e-05	1.2e-05	0.2897	1e-05	1e-05	1.1e-05	1e-05	BRC20339
1e-05	1e-05	1e-05	1e-05	1e-05	1e-05	1e-05	1e-05	1e-05	1e-05	1e-05	1e-05	1e-05	1e-05	1e-05	1e-05	1e-05	0.99979	1e-05	1e-05	1e-05	1e-05	BRC20341
1e-05	1e-05	1e-05	1e-05	1e-05	1e-05	1e-05	1e-05	1e-05	1e-05	1e-05	0.99979	1e-05	1e-05	1e-05	1e-05	1e-05	1e-05	1e-05	1e-05	1e-05	1e-05	BRC20343
1e-05	1e-05	1e-05	1e-05	1e-05	1e-05	1e-05	1e-05	1e-05	1e-05	1e-05	1e-05	1e-05	1e-05	1e-05	1e-05	1e-05	0.999784	1.6e-05	1e-05	1e-05	1e-05	BRC20346
1.9e-05	1e-05	1.5e-05	1e-05	1e-05	1.8e-05	1e-05	1e-05	1e-05	1e-05	1.2e-05	0.999751	1e-05	1.8e-05	1.3e-05	1.1e-05	1.1e-05	1e-05	1e-05	1e-05	1.1e-05	1e-05	BRC20347
1.4e-05	1e-05	1e-05	0.102344	1e-05	1.7e-05	1e-05	1e-05	1e-05	1e-05	1e-05	1e-05	1e-05	1e-05	1.4e-05	1e-05	1e-05	0.897442	1e-05	1e-05	1e-05	1e-05	BRC20348
1e-05	1e-05	1e-05	1e-05	1e-05	0.99979	1e-05	1e-05	1e-05	1e-05	1e-05	1e-05	1e-05	1e-05	1e-05	1e-05	1e-05	1e-05	1e-05	1e-05	1e-05	1e-05	BRC20353
1e-05	1e-05	1e-05	1e-05	1e-05	0.99979	1e-05	1e-05	1e-05	1e-05	1e-05	1e-05	1e-05	1e-05	1e-05	1e-05	1e-05	1e-05	1e-05	1e-05	1e-05	1e-05	BRC20360
1e-05	1e-05	1e-05	1e-05	1e-05	0.99979	1e-05	1e-05	1e-05	1e-05	1e-05	1e-05	1e-05	1e-05	1e-05	1e-05	1e-05	1e-05	1e-05	1e-05	1e-05	1e-05	BRC20361
1e-05	1e-05	1e-05	1e-05	1e-05	0.99979	1e-05	1e-05	1e-05	1e-05	1e-05	1e-05	1e-05	1e-05	1e-05	1e-05	1e-05	1e-05	1e-05	1e-05	1e-05	1e-05	BRC20362
1e-05	1e-05	1e-05	0.999788	1e-05	1e-05	1e-05	1e-05	1.1e-05	1e-05	1e-05	1e-05	1e-05	1e-05	1e-05	1e-05	1e-05	1e-05	1e-05	1e-05	1e-05	1e-05	BRC20366
1e-05	1e-05	1e-05	1e-05	1e-05	1e-05	1e-05	1e-05	1e-05	1e-05	1e-05	1e-05	1e-05	1e-05	1e-05	1e-05	1e-05	0.99979	1e-05	1e-05	1e-05	1e-05	BRC20367
1e-05	1e-05	1e-05	1e-05	1e-05	1e-05	1e-05	0.99979	1e-05	1e-05	1e-05	1e-05	1e-05	1e-05	1e-05	1e-05	1e-05	1e-05	1e-05	1e-05	1e-05	1e-05	BRC20369
1e-05	1e-05	1e-05	0.999786	1e-05	1e-05	1e-05	1e-05	1e-05	1e-05	1e-05	1e-05	1e-05	1e-05	1e-05	1e-05	1e-05	1.4e-05	1e-05	1e-05	1e-05	1e-05	BRC20370
1e-05	1e-05	1e-05	1e-05	1e-05	1e-05	1e-05	1e-05	1e-05	1e-05	1e-05	1e-05	1e-05	1e-05	1e-05	1e-05	1e-05	1e-05	1e-05	1e-05	0.99979	1e-05	BRC20388
1e-05	1e-05	1e-05	0.99979	1e-05	1e-05	1e-05	1e-05	1e-05	1e-05	1e-05	1e-05	1e-05	1e-05	1e-05	1e-05	1e-05	1e-05	1e-05	1e-05	1e-05	1e-05	BRC20390
1e-05	1e-05	1e-05	1e-05	1e-05	1e-05	1e-05	0.99979	1e-05	1e-05	1e-05	1e-05	1e-05	1e-05	1e-05	1e-05	1e-05	1e-05	1e-05	1e-05	1e-05	1e-05	BRC20401
1e-05	1e-05	1e-05	0.497532	1e-05	1e-05	1e-05	1e-05	1.6e-05	1e-05	1e-05	1e-05	1e-05	1e-05	1e-05	1e-05	1.1e-05	0.502261	1e-05	1e-05	1e-05	1e-05	BRC20463
1e-05	1e-05	1e-05	1e-05	1e-05	1e-05	1e-05	1e-05	0.99979	1e-05	1e-05	1e-05	1e-05	1e-05	1e-05	1e-05	1e-05	1e-05	1e-05	1e-05	1e-05	1e-05	BRC20492
1e-05	1e-05	1e-05	1e-05	1e-05	1e-05	1.2e-05	1e-05	1e-05	1.5e-05	1e-05	1e-05	1e-05	1e-05	1e-05	1e-05	1e-05	0.999781	1e-05	1e-05	1.2e-05	1e-05	BRC20499
1.2e-05	1.2e-05	1e-05	0.919862	1e-05	1e-05	1e-05	1e-05	1e-05	1e-05	1.1e-05	1e-05	1e-05	1.4e-05	1.3e-05	1e-05	1e-05	0.079921	1e-05	1.6e-05	1e-05	1e-05	BRC20501
0.99979	1e-05	1e-05	1e-05	1e-05	1e-05	1e-05	1e-05	1e-05	1e-05	1e-05	1e-05	1e-05	1e-05	1e-05	1e-05	1e-05	1e-05	1e-05	1e-05	1e-05	1e-05	BRC20502
0.999781	1e-05	1e-05	1e-05	1e-05	1e-05	1.2e-05	1e-05	1.1e-05	1e-05	1e-05	1.5e-05	1.1e-05	1e-05	1e-05	1e-05	1e-05	1e-05	1e-05	1e-05	1e-05	1e-05	BRC20503
1e-05	1e-05	1e-05	1e-05	1e-05	1e-05	1e-05	1e-05	0.99979	1e-05	1e-05	1e-05	1e-05	1e-05	1e-05	1e-05	1e-05	1e-05	1e-05	1e-05	1e-05	1e-05	BRC20519
1e-05	1e-05	1e-05	1e-05	1e-05	1e-05	1e-05	1e-05	0.99979	1e-05	1e-05	1e-05	1e-05	1e-05	1e-05	1e-05	1e-05	1e-05	1e-05	1e-05	1e-05	1e-05	BRC20520
1e-05	1e-05	1e-05	1e-05	1e-05	1e-05	1.3e-05	1e-05	1e-05	1e-05	1e-05	0.999787	1e-05	1e-05	1e-05	1e-05	1e-05	1e-05	1e-05	1e-05	1e-05	1e-05	BRC20522
1e-05	1e-05	1e-05	1e-05	1e-05	1e-05	1e-05	1e-05	1e-05	1e-05	1e-05	0.99979	1e-05	1e-05	1e-05	1e-05	1e-05	1e-05	1e-05	1e-05	1e-05	1e-05	BRC20524
1e-05	1e-05	1e-05	1e-05	1e-05	1e-05	1e-05	1.2e-05	1e-05	1e-05	1e-05	1e-05	1.2e-05	1e-05	1e-05	1e-05	1e-05	0.999784	1.2e-05	1e-05	1e-05	1e-05	BRC20529
1e-05	1.5e-05	1.1e-05	1e-05	1e-05	1.7e-05	1.8e-05	1e-05	1.3e-05	1e-05	1e-05	0.999759	1.2e-05	1.4e-05	1e-05	1e-05	1e-05	1e-05	1e-05	1e-05	1e-05	1e-05	BRC20530
1e-05	1e-05	1e-05	1e-05	1e-05	1e-05	1e-05	1e-05	1e-05	1e-05	1e-05	0.99979	1e-05	1e-05	1e-05	1e-05	1e-05	1e-05	1e-05	1e-05	1e-05	1e-05	BRC20531
1.3e-05	1e-05	1e-05	0.137413	1e-05	1e-05	1e-05	1e-05	1e-05	1e-05	1e-05	1e-05	1e-05	1e-05	1e-05	1e-05	1e-05	0.862384	1e-05	1e-05	1e-05	1e-05	BRC20532
1e-05	1e-05	1e-05	0.99979	1e-05	1e-05	1e-05	1e-05	1e-05	1e-05	1e-05	1e-05	1e-05	1e-05	1e-05	1e-05	1e-05	1e-05	1e-05	1e-05	1e-05	1e-05	BRC20533
1.7e-05	1e-05	1e-05	0.968311	1e-05	1.4e-05	1e-05	1.6e-05	1e-05	1e-05	1e-05	1.5e-05	1.6e-05	1e-05	1.1e-05	1e-05	1e-05	0.031457	1.3e-05	1e-05	1e-05	1e-05	BRC20534
1e-05	1e-05	1e-05	0.99979	1e-05	1e-05	1e-05	1e-05	1e-05	1e-05	1e-05	1e-05	1e-05	1e-05	1e-05	1e-05	1e-05	1e-05	1e-05	1e-05	1e-05	1e-05	BRC20535
1e-05	1e-05	1e-05	0.999784	1e-05	1e-05	1e-05	1e-05	1e-05	1e-05	1e-05	1e-05	1e-05	1e-05	1e-05	1e-05	1e-05	1.6e-05	1e-05	1e-05	1e-05	1e-05	BRC20536
1e-05	1e-05	1e-05	0.995812	1e-05	1e-05	1e-05	1e-05	1e-05	1e-05	1e-05	1e-05	1e-05	1e-05	1e-05	1e-05	1e-05	0.003988	1e-05	1e-05	1e-05	1e-05	BRC20537
1e-05	1e-05	1e-05	1e-05	1e-05	1e-05	1e-05	1e-05	0.99979	1e-05	1e-05	1e-05	1e-05	1e-05	1e-05	1e-05	1e-05	1e-05	1e-05	1e-05	1e-05	1e-05	BRC20541
1e-05	1e-05	1e-05	0.99979	1e-05	1e-05	1e-05	1e-05	1e-05	1e-05	1e-05	1e-05	1e-05	1e-05	1e-05	1e-05	1e-05	1e-05	1e-05	1e-05	1e-05	1e-05	BRC20543
1e-05	1e-05	1e-05	0.99979	1e-05	1e-05	1e-05	1e-05	1e-05	1e-05	1e-05	1e-05	1e-05	1e-05	1e-05	1e-05	1e-05	1e-05	1e-05	1e-05	1e-05	1e-05	BRC20544
1e-05	1e-05	1e-05	1e-05	1e-05	1e-05	1e-05	1e-05	1e-05	1e-05	1e-05	1e-05	1.8e-05	1e-05	1e-05	1e-05	1e-05	0.999782	1e-05	1e-05	1e-05	1e-05	BRC20545
1e-05	1e-05	1e-05	1e-05	1e-05	1e-05	1e-05	0.99979	1e-05	1e-05	1e-05	1e-05	1e-05	1e-05	1e-05	1e-05	1e-05	1e-05	1e-05	1e-05	1e-05	1e-05	BRC20556
1.1e-05	1e-05	1e-05	1e-05	1e-05	1e-05	1.1e-05	1e-05	1e-05	1e-05	1e-05	1e-05	1e-05	1e-05	1e-05	1e-05	1e-05	0.999786	1e-05	1e-05	1.2e-05	1e-05	BRC20557
1e-05	1e-05	1e-05	1e-05	1.1e-05	1e-05	1e-05	0.081055	1e-05	1e-05	1e-05	1e-05	1.2e-05	1e-05	1e-05	1e-05	1e-05	1e-05	0.918742	1e-05	1e-05	1e-05	BRC20565
1e-05	1e-05	1e-05	1e-05	1e-05	1e-05	1e-05	0.936079	1e-05	0.063721	1e-05	1e-05	1e-05	1e-05	1e-05	1e-05	1e-05	1e-05	1e-05	1e-05	1e-05	1e-05	BRC20571
1e-05	1e-05	1e-05	1e-05	1e-05	1e-05	1e-05	0.619919	1e-05	1e-05	1e-05	1e-05	1e-05	1e-05	1e-05	1e-05	1e-05	1e-05	0.379881	1e-05	1e-05	1e-05	BRC20574
1e-05	1e-05	1e-05	1e-05	1e-05	1e-05	1e-05	1e-05	1e-05	1e-05	1e-05	1e-05	1e-05	1e-05	1e-05	1e-05	1e-05	1e-05	1e-05	1e-05	0.99979	1e-05	BW287
1e-05	1e-05	0.570618	1e-05	1e-05	1e-05	1e-05	1e-05	1e-05	1e-05	1e-05	1e-05	1e-05	1e-05	1e-05	1e-05	1e-05	1e-05	0.330733	0.098459	1e-05	1e-05	DF5100
1e-05	1e-05	1e-05	1e-05	1e-05	1e-05	1e-05	1e-05	1e-05	1e-05	1e-05	1e-05	1e-05	1e-05	1e-05	1e-05	1e-05	1e-05	0.99979	1e-05	1e-05	1e-05	ECA1129
1e-05	0.301066	1e-05	1e-05	1.6e-05	1e-05	1e-05	1e-05	1e-05	1e-05	1e-05	1e-05	1e-05	1e-05	1e-05	1e-05	1e-05	1e-05	0.698729	1e-05	1e-05	1e-05	ECA1143
1e-05	1e-05	1e-05	1e-05	1e-05	1e-05	1e-05	1e-05	1e-05	1e-05	1e-05	1e-05	1e-05	1e-05	1e-05	1e-05	1e-05	1e-05	0.99979	1e-05	1e-05	1e-05	ECA1147
1e-05	0.002104	1e-05	0.021718	1e-05	1e-05	1e-05	0.055429	1e-05	1e-05	1e-05	1e-05	1e-05	1e-05	1e-05	1e-05	1e-05	0.017626	0.902952	1e-05	1e-05	1e-05	ECA1149
1e-05	1e-05	1.5e-05	1e-05	1e-05	1e-05	1e-05	1e-05	1e-05	1e-05	1e-05	1e-05	1e-05	1e-05	1e-05	1e-05	1e-05	1e-05	0.999785	1e-05	1e-05	1e-05	ECA1160
1.9e-05	1e-05	1e-05	1e-05	1e-05	1e-05	1e-05	1e-05	1e-05	1e-05	1e-05	1e-05	1e-05	1e-05	1e-05	1e-05	1e-05	1e-05	0.999781	1e-05	1e-05	1e-05	ECA1164
1e-05	1e-05	1e-05	1e-05	1e-05	1e-05	1e-05	1e-05	1e-05	1e-05	1e-05	1e-05	1e-05	1e-05	1e-05	1e-05	1e-05	0.999789	1.1e-05	1e-05	1e-05	1e-05	ECA1170
1e-05	1e-05	1e-05	1e-05	1e-05	1e-05	1e-05	1e-05	1e-05	1.1e-05	1e-05	1e-05	1e-05	1e-05	1e-05	1e-05	1e-05	1e-05	0.999789	1e-05	1e-05	1e-05	ECA1174
1e-05	1e-05	1e-05	0.99979	1e-05	1e-05	1e-05	1e-05	1e-05	1e-05	1e-05	1e-05	1e-05	1e-05	1e-05	1e-05	1e-05	1e-05	1e-05	1e-05	1e-05	1e-05	ECA1383
1e-05	1e-05	1e-05	1e-05	1.5e-05	1e-05	1e-05	1e-05	1e-05	1e-05	1e-05	1e-05	1.1e-05	1e-05	1e-05	1e-05	1e-05	1e-05	0.999784	1e-05	1e-05	1e-05	ECA1411
1e-05	1e-05	1e-05	1e-05	1e-05	1e-05	1e-05	0.183555	1e-05	1e-05	1e-05	1e-05	1e-05	1e-05	1e-05	1e-05	1e-05	1e-05	0.816245	1e-05	1e-05	1e-05	ECA1423
1e-05	1e-05	1e-05	1e-05	1e-05	1e-05	1e-05	1e-05	1e-05	1e-05	1e-05	1e-05	1e-05	1e-05	1e-05	1e-05	1e-05	1e-05	0.99979	1e-05	1e-05	1e-05	ECA1429
1e-05	1e-05	1e-05	1e-05	1e-05	1e-05	1e-05	1e-05	1e-05	1e-05	1e-05	1e-05	1e-05	1e-05	1e-05	1e-05	1e-05	1e-05	0.99979	1e-05	1e-05	1e-05	ECA1431
1e-05	1e-05	1e-05	1e-05	1e-05	1e-05	1e-05	1e-05	1e-05	1e-05	1e-05	1e-05	1e-05	1e-05	1e-05	1e-05	1e-05	1e-05	0.99979	1e-05	1e-05	1e-05	ECA1437
1e-05	0.100605	1e-05	1e-05	1e-05	1e-05	1e-05	1e-05	1e-05	1e-05	1e-05	1e-05	1e-05	1e-05	1e-05	1e-05	1e-05	1e-05	0.899195	1e-05	1e-05	1e-05	ECA1439
1e-05	1e-05	1e-05	0.937098	1e-05	1e-05	1e-05	1e-05	1e-05	1e-05	1e-05	1e-05	1e-05	1e-05	1e-05	1e-05	1e-05	1e-05	0.062702	1e-05	1e-05	1e-05	ECA1443
1e-05	1e-05	1e-05	1e-05	1e-05	1e-05	1e-05	1e-05	1e-05	1e-05	1e-05	1e-05	1e-05	1e-05	1e-05	1e-05	1e-05	1e-05	0.99979	1e-05	1e-05	1e-05	ECA1471
1e-05	0.334096	1e-05	1e-05	1e-05	1e-05	1e-05	0.066945	1e-05	1e-05	1e-05	1e-05	1e-05	1e-05	1e-05	1e-05	1e-05	1e-05	0.572968	1e-05	1e-05	0.025812	ECA1489
1e-05	1e-05	1e-05	1e-05	1e-05	1.4e-05	1e-05	1e-05	1e-05	1e-05	1e-05	1e-05	1e-05	1e-05	1.3e-05	1e-05	1e-05	1e-05	0.999783	1e-05	1.1e-05	1e-05	ECA1507
1e-05	1e-05	1e-05	1e-05	1e-05	1e-05	1e-05	1e-05	1e-05	1e-05	1e-05	1e-05	1e-05	1e-05	1e-05	1e-05	1e-05	1e-05	0.99979	1e-05	1e-05	1e-05	ECA1509
1e-05	0.034662	1e-05	1e-05	1e-05	1e-05	1e-05	1e-05	1e-05	1e-05	1e-05	1e-05	1e-05	1e-05	1e-05	1e-05	1e-05	1e-05	0.965138	1e-05	1e-05	1e-05	ECA1517
1e-05	1e-05	0.020728	1e-05	1e-05	1e-05	1e-05	1e-05	1e-05	1e-05	1e-05	1e-05	1.6e-05	1.7e-05	1e-05	1e-05	1e-05	1e-05	0.979059	1e-05	1e-05	1e-05	ECA1521
1e-05	1e-05	1e-05	1e-05	1e-05	1e-05	1e-05	1.6e-05	1e-05	1e-05	1e-05	1e-05	1e-05	1e-05	1e-05	1e-05	1e-05	1e-05	0.999784	1e-05	1e-05	1e-05	ECA1555
1e-05	1e-05	1e-05	1e-05	1e-05	1e-05	1.5e-05	1e-05	1e-05	1e-05	1e-05	1e-05	1e-05	1e-05	1e-05	1e-05	1e-05	0.999785	1e-05	1e-05	1e-05	1e-05	ECA1559
1e-05	1.2e-05	1e-05	1e-05	1e-05	1e-05	1e-05	1e-05	1e-05	1.5e-05	1e-05	1e-05	1e-05	1e-05	1e-05	1e-05	1e-05	1e-05	0.999783	1e-05	1e-05	1e-05	ECA1563
1e-05	0.323214	1e-05	1e-05	1e-05	1e-05	1e-05	1e-05	1e-05	1e-05	1e-05	1e-05	1e-05	1e-05	1e-05	1e-05	1e-05	1e-05	0.676586	1e-05	1e-05	1e-05	ECA1571
1e-05	1e-05	1e-05	1e-05	1e-05	1e-05	1e-05	0.193016	1e-05	1e-05	1e-05	1e-05	1e-05	1e-05	1e-05	1e-05	1e-05	1e-05	0.806784	1e-05	1e-05	1e-05	ECA1587
1e-05	1e-05	1e-05	1e-05	1e-05	1e-05	1e-05	1e-05	1e-05	1e-05	1e-05	1e-05	0.00969	1e-05	1e-05	1e-05	1e-05	0.869292	0.063157	0.05768	1e-05	1e-05	ECA1605
1e-05	1e-05	1e-05	1e-05	1e-05	1e-05	1e-05	1e-05	1e-05	1e-05	1e-05	1e-05	1.5e-05	1e-05	1e-05	1e-05	1e-05	1e-05	0.999783	1.2e-05	1e-05	1e-05	ECA1609
1e-05	1e-05	1e-05	1e-05	1e-05	1e-05	1e-05	0.160126	1e-05	1e-05	1e-05	1e-05	1e-05	1e-05	1e-05	1e-05	1e-05	1e-05	0.839674	1e-05	1e-05	1e-05	ECA161
1e-05	1e-05	1e-05	1e-05	1e-05	1e-05	1e-05	1e-05	1e-05	1e-05	1e-05	1e-05	1e-05	1e-05	1e-05	1e-05	1e-05	1e-05	0.99979	1e-05	1e-05	1e-05	ECA1611
1.2e-05	1e-05	1e-05	1e-05	1e-05	1e-05	1e-05	1e-05	1e-05	1e-05	1e-05	1e-05	1e-05	1e-05	1.2e-05	1e-05	1e-05	1e-05	0.999786	1e-05	1e-05	1e-05	ECA1615
1.1e-05	1e-05	1e-05	1e-05	1e-05	1e-05	1e-05	0.33714	1e-05	1e-05	1e-05	1e-05	1e-05	1e-05	1e-05	1e-05	1e-05	1e-05	0.662659	1e-05	1e-05	1e-05	ECA162
1e-05	1e-05	1e-05	1e-05	1e-05	1e-05	1e-05	0.107719	1e-05	1e-05	1e-05	1e-05	1e-05	1e-05	1e-05	1e-05	1e-05	1e-05	0.892081	1e-05	1e-05	1e-05	ECA1621
1e-05	1e-05	1e-05	1e-05	1e-05	1e-05	0.99979	1e-05	1e-05	1e-05	1e-05	1e-05	1e-05	1e-05	1e-05	1e-05	1e-05	1e-05	1e-05	1e-05	1e-05	1e-05	ECA163
1e-05	1e-05	1e-05	1e-05	1e-05	1e-05	1e-05	0.108752	1e-05	1e-05	1e-05	1e-05	1e-05	1e-05	1e-05	1e-05	1e-05	1e-05	0.891048	1e-05	1e-05	1e-05	ECA1637
1e-05	1e-05	0.009575	1e-05	1e-05	1e-05	1e-05	0.224417	1e-05	1e-05	1e-05	1e-05	1e-05	1e-05	1e-05	1e-05	1e-05	1e-05	0.765819	1e-05	1e-05	1e-05	ECA1657
1e-05	1e-05	1e-05	1e-05	0.016249	1e-05	1e-05	0.814113	1e-05	1e-05	1e-05	1e-05	1e-05	1e-05	1e-05	1e-05	1e-05	1e-05	0.169448	1e-05	1e-05	1e-05	ECA1701
1e-05	1e-05	1.9e-05	1e-05	1e-05	1e-05	1e-05	1e-05	1e-05	1e-05	1e-05	1e-05	1.9e-05	1e-05	1e-05	1e-05	1e-05	1e-05	0.999772	1e-05	1e-05	1e-05	ECA175
1e-05	1e-05	1e-05	1e-05	1e-05	1e-05	1e-05	1e-05	1e-05	1e-05	1e-05	1e-05	1e-05	1e-05	1e-05	1e-05	1e-05	1e-05	0.99979	1e-05	1e-05	1e-05	ECA176
1e-05	1.7e-05	1e-05	1e-05	1e-05	1e-05	1e-05	1e-05	1e-05	1e-05	1e-05	1e-05	1e-05	1e-05	1e-05	1e-05	1e-05	1e-05	0.999783	1e-05	1e-05	1e-05	ECA177
1e-05	1e-05	1e-05	1e-05	1e-05	1e-05	1e-05	1e-05	1e-05	0.045209	1e-05	1e-05	1e-05	1e-05	1e-05	1e-05	1e-05	1e-05	0.954591	1e-05	1e-05	1e-05	ECA180
1e-05	1e-05	1e-05	1e-05	1e-05	1e-05	1e-05	1e-05	1e-05	1e-05	1e-05	1e-05	1e-05	1e-05	1e-05	1e-05	1e-05	1e-05	0.99979	1e-05	1e-05	1e-05	ECA182
1e-05	1e-05	1e-05	1e-05	1e-05	1e-05	1e-05	1e-05	1e-05	1e-05	1e-05	1e-05	1e-05	1e-05	1e-05	1e-05	1e-05	1e-05	0.99979	1e-05	1e-05	1e-05	ECA183
1e-05	0.028339	1e-05	1e-05	1e-05	1e-05	1e-05	1e-05	1e-05	1e-05	1e-05	1e-05	1e-05	1e-05	1e-05	1e-05	1e-05	1e-05	0.971461	1e-05	1e-05	1e-05	ECA185
1e-05	1e-05	0.070045	1e-05	1e-05	1.6e-05	1e-05	1e-05	1e-05	1.2e-05	1e-05	1e-05	1e-05	1e-05	1e-05	1e-05	1e-05	1e-05	0.929747	1e-05	1e-05	1e-05	ECA186
1e-05	1e-05	1e-05	1e-05	1e-05	1e-05	1e-05	1.2e-05	1e-05	1e-05	1e-05	1e-05	1e-05	1e-05	1e-05	1e-05	1e-05	1e-05	0.999788	1e-05	1e-05	1e-05	ECA2083
1e-05	0.002253	1e-05	1e-05	1e-05	1e-05	1e-05	1e-05	1e-05	1e-05	1e-05	1e-05	1e-05	1e-05	1e-05	1e-05	1e-05	1e-05	0.997547	1e-05	1e-05	1e-05	ECA2093
1e-05	1e-05	1e-05	1e-05	1e-05	1e-05	1e-05	0.106516	1e-05	1e-05	1e-05	1e-05	1e-05	1e-05	1e-05	1e-05	1e-05	1e-05	0.893284	1e-05	1e-05	1e-05	ECA2115
1.3e-05	1.8e-05	1e-05	0.178024	1e-05	1e-05	1.7e-05	1e-05	1.2e-05	1e-05	1e-05	1.1e-05	1e-05	1e-05	1e-05	1e-05	1.1e-05	0.821754	1e-05	1e-05	1e-05	1e-05	ECA2299
1e-05	0.076794	1e-05	1e-05	0.002171	1e-05	1e-05	1.5e-05	1e-05	0.038875	1e-05	1e-05	1e-05	1e-05	1e-05	1e-05	1e-05	1e-05	0.881975	1e-05	1e-05	1e-05	ECA2373
1e-05	1e-05	1.8e-05	0.999779	1e-05	1e-05	1e-05	1e-05	1.2e-05	1e-05	1e-05	1e-05	1e-05	1e-05	1e-05	1e-05	1e-05	1e-05	1e-05	1e-05	1.1e-05	1e-05	ECA2385
1e-05	1e-05	1e-05	1e-05	1e-05	1e-05	1e-05	1e-05	1e-05	1e-05	1e-05	1e-05	1e-05	1e-05	1e-05	1e-05	1e-05	1e-05	0.99979	1e-05	1e-05	1e-05	ECA2425
1e-05	1e-05	1e-05	1e-05	1e-05	1e-05	1e-05	1e-05	1e-05	1e-05	0.999789	1e-05	1e-05	1e-05	1e-05	1e-05	1e-05	1e-05	1e-05	1e-05	1.1e-05	1e-05	ECA2617
1e-05	1e-05	1e-05	1e-05	1e-05	1e-05	1e-05	1e-05	1e-05	1e-05	0.99978	1e-05	1e-05	1e-05	1e-05	1.2e-05	1.8e-05	1e-05	1e-05	1e-05	1e-05	1e-05	ECA2618
1e-05	1e-05	1e-05	1.1e-05	1e-05	1e-05	1e-05	1e-05	1e-05	1e-05	0.999789	1e-05	1e-05	1e-05	1e-05	1e-05	1e-05	1e-05	1e-05	1e-05	1e-05	1e-05	ECA2621
1e-05	0.143335	0.58881	1e-05	1e-05	1e-05	1e-05	1e-05	1e-05	1e-05	1e-05	1e-05	1e-05	1e-05	1e-05	1e-05	1e-05	1e-05	1e-05	0.267666	1e-05	1e-05	ECA2623
1e-05	1.1e-05	1e-05	1e-05	1.1e-05	1.1e-05	1e-05	0.217684	1e-05	1e-05	1e-05	1e-05	1e-05	1e-05	1e-05	1e-05	1e-05	1e-05	0.782112	1e-05	1.1e-05	1e-05	ECA2625
1e-05	1e-05	1e-05	1e-05	1e-05	1e-05	1e-05	1e-05	1e-05	1.3e-05	1e-05	1e-05	1e-05	1e-05	1e-05	1e-05	1e-05	1e-05	0.999787	1e-05	1e-05	1e-05	ECA2626
1e-05	1e-05	1e-05	1e-05	1e-05	1e-05	1e-05	1e-05	1e-05	1e-05	1e-05	1e-05	1e-05	1e-05	1e-05	1e-05	1e-05	1e-05	0.99979	1e-05	1e-05	1e-05	ECA2636
1e-05	1.5e-05	0.088759	1e-05	1e-05	1e-05	1e-05	0.137762	1e-05	1e-05	1e-05	1e-05	1.5e-05	1e-05	1e-05	1e-05	1e-05	1e-05	0.773278	1e-05	1e-05	1e-05	ECA2637
1e-05	1e-05	1e-05	1e-05	1e-05	1e-05	1e-05	1e-05	1e-05	1e-05	0.999789	1e-05	1.1e-05	1e-05	1e-05	1e-05	1e-05	1e-05	1e-05	1e-05	1e-05	1e-05	ECA2639
1e-05	1e-05	1e-05	1e-05	1e-05	1e-05	1e-05	1e-05	1e-05	1e-05	1e-05	1e-05	1e-05	1e-05	1e-05	1e-05	1e-05	1e-05	0.99979	1e-05	1e-05	1e-05	ECA2645
1e-05	1e-05	1e-05	1e-05	1e-05	1e-05	1e-05	1e-05	1e-05	1e-05	0.99979	1e-05	1e-05	1e-05	1e-05	1e-05	1e-05	1e-05	1e-05	1e-05	1e-05	1e-05	ECA2647
1e-05	1.9e-05	1e-05	1e-05	1.3e-05	1.1e-05	1e-05	1e-05	1e-05	1e-05	1e-05	1e-05	1e-05	1e-05	1e-05	1e-05	1e-05	1e-05	0.999777	1e-05	1e-05	1e-05	ECA2663
1e-05	0.158113	0.577377	1e-05	1e-05	1e-05	1e-05	1e-05	1e-05	1e-05	1e-05	1e-05	1e-05	1e-05	1e-05	1e-05	1e-05	1e-05	1e-05	0.264319	1e-05	1e-05	ECA2664
1e-05	1e-05	1e-05	1e-05	1e-05	1e-05	1e-05	1e-05	1e-05	1e-05	0.99979	1e-05	1e-05	1e-05	1e-05	1e-05	1e-05	1e-05	1e-05	1e-05	1e-05	1e-05	ECA2666
1e-05	1e-05	1e-05	1e-05	1e-05	1.8e-05	1e-05	1e-05	1e-05	1e-05	1e-05	1e-05	1e-05	1e-05	1e-05	1e-05	1e-05	1e-05	0.999775	1.7e-05	1e-05	1e-05	ECA2667
1.1e-05	1e-05	1e-05	1e-05	1e-05	1e-05	1e-05	1.1e-05	1e-05	1e-05	0.999787	1.1e-05	1e-05	1e-05	1e-05	1e-05	1e-05	1e-05	1e-05	1e-05	1e-05	1e-05	ECA2670
1e-05	1e-05	1e-05	1e-05	1e-05	1e-05	0.99979	1e-05	1e-05	1e-05	1e-05	1e-05	1e-05	1e-05	1e-05	1e-05	1e-05	1e-05	1e-05	1e-05	1e-05	1e-05	ECA276
1e-05	1e-05	1e-05	1e-05	1e-05	1e-05	1e-05	1e-05	1e-05	1e-05	1e-05	1e-05	1e-05	1e-05	1e-05	1e-05	1e-05	1e-05	1e-05	1e-05	0.99979	1e-05	ECA278
1e-05	1e-05	0.207236	1e-05	1e-05	1e-05	1e-05	1e-05	1e-05	1e-05	1e-05	1e-05	1.2e-05	1e-05	1e-05	1e-05	1e-05	1e-05	0.792562	1e-05	1e-05	1e-05	ECA2808
1e-05	1e-05	1e-05	1e-05	1e-05	1e-05	1e-05	1e-05	1e-05	1e-05	1e-05	1e-05	1e-05	1e-05	1e-05	1e-05	1e-05	0.99979	1e-05	1e-05	1e-05	1e-05	ECA287
1e-05	0.425326	0.473352	1e-05	1e-05	1e-05	1e-05	1e-05	1e-05	1e-05	1e-05	1e-05	1e-05	1e-05	1e-05	1e-05	1e-05	0.101132	1e-05	1e-05	1e-05	1e-05	ECA288
1e-05	1e-05	1.3e-05	1e-05	1e-05	1e-05	1e-05	1e-05	1e-05	1e-05	1e-05	1e-05	1e-05	1e-05	1e-05	1e-05	1e-05	1e-05	0.999787	1e-05	1e-05	1e-05	ECA2883
1e-05	1e-05	1e-05	1e-05	1e-05	1e-05	1e-05	1e-05	1e-05	1e-05	1e-05	1e-05	1e-05	1e-05	1e-05	1e-05	1e-05	1e-05	0.99979	1e-05	1e-05	1e-05	ECA2890
1e-05	0.062627	1e-05	1e-05	1e-05	1e-05	1e-05	1e-05	1e-05	1e-05	1e-05	1e-05	1e-05	1e-05	1e-05	1e-05	1e-05	1e-05	0.937173	1e-05	1e-05	1e-05	ECA2894
1e-05	1e-05	1e-05	0.99979	1e-05	1e-05	1e-05	1e-05	1e-05	1e-05	1e-05	1e-05	1e-05	1e-05	1e-05	1e-05	1e-05	1e-05	1e-05	1e-05	1e-05	1e-05	ECA2936
1e-05	1e-05	1e-05	1e-05	1e-05	1e-05	1e-05	1e-05	1e-05	1e-05	1e-05	1e-05	1e-05	1e-05	1e-05	1e-05	1e-05	1e-05	0.99979	1e-05	1e-05	1e-05	ECA2975
1e-05	1e-05	1e-05	1e-05	1.1e-05	1e-05	1e-05	1e-05	1e-05	1e-05	1e-05	1e-05	1e-05	1e-05	1e-05	1e-05	1e-05	1e-05	0.99978	1.9e-05	1e-05	1e-05	ECA3091
1e-05	1e-05	1e-05	1e-05	1e-05	1e-05	1e-05	1e-05	1e-05	1e-05	1e-05	1e-05	1.4e-05	1e-05	1e-05	1e-05	1e-05	1e-05	0.999786	1e-05	1e-05	1e-05	ECA343
1.4e-05	1.5e-05	0.48012	1e-05	1e-05	1e-05	1e-05	1e-05	1e-05	1e-05	1e-05	1e-05	1e-05	1.8e-05	1e-05	1e-05	1e-05	1e-05	0.519664	1e-05	1e-05	1e-05	ECA346
1e-05	1e-05	1e-05	0.99979	1e-05	1e-05	1e-05	1e-05	1e-05	1e-05	1e-05	1e-05	1e-05	1e-05	1e-05	1e-05	1e-05	1e-05	1e-05	1e-05	1e-05	1e-05	ECA3502
1e-05	1e-05	1e-05	1e-05	1e-05	1e-05	1e-05	1e-05	1e-05	1e-05	1e-05	1e-05	1e-05	1e-05	1e-05	1e-05	1e-05	1e-05	0.99979	1e-05	1e-05	1e-05	ECA3503
1e-05	1e-05	1e-05	1e-05	1e-05	1e-05	1e-05	1e-05	1e-05	1e-05	1e-05	1e-05	1e-05	1e-05	1e-05	1e-05	1e-05	1e-05	0.99979	1e-05	1e-05	1e-05	ECA3509
1e-05	1e-05	1e-05	1e-05	1e-05	1e-05	1e-05	1e-05	1e-05	1e-05	1e-05	1e-05	1e-05	1e-05	1e-05	1e-05	1e-05	1e-05	0.99979	1e-05	1e-05	1e-05	ECA3708
1e-05	1e-05	1e-05	1e-05	1e-05	1e-05	1e-05	1e-05	1e-05	1e-05	1e-05	1e-05	1e-05	1e-05	1e-05	1e-05	1e-05	1e-05	0.99979	1e-05	1e-05	1e-05	ECA371
1e-05	1e-05	1e-05	1e-05	1e-05	1e-05	1e-05	1e-05	1e-05	1e-05	1e-05	1e-05	1e-05	1e-05	1e-05	1e-05	1e-05	1e-05	0.99979	1e-05	1e-05	1e-05	ECA3712
1e-05	1e-05	1e-05	1e-05	1e-05	1e-05	1e-05	1e-05	1e-05	1e-05	1e-05	1e-05	1e-05	1e-05	1e-05	1e-05	1e-05	1e-05	0.99979	1e-05	1e-05	1e-05	ECA3713
1e-05	1e-05	1e-05	1e-05	1e-05	1e-05	1e-05	1e-05	1e-05	1e-05	1e-05	1e-05	1e-05	1e-05	1e-05	1e-05	1e-05	1e-05	0.99979	1e-05	1e-05	1e-05	ECA3899
1e-05	1e-05	0.99979	1e-05	1e-05	1e-05	1e-05	1e-05	1e-05	1e-05	1e-05	1e-05	1e-05	1e-05	1e-05	1e-05	1e-05	1e-05	1e-05	1e-05	1e-05	1e-05	ECA4382
1e-05	0.124562	0.875233	1e-05	1e-05	1e-05	1.6e-05	1e-05	1e-05	1e-05	1e-05	1e-05	1e-05	1e-05	1e-05	1e-05	1e-05	1e-05	1e-05	1e-05	1e-05	1e-05	ECA4390
1e-05	1e-05	0.051115	1e-05	1e-05	1e-05	1e-05	0.641183	1e-05	1e-05	1e-05	1e-05	1.3e-05	1e-05	1e-05	1e-05	1.1e-05	1e-05	0.307507	1e-05	1e-05	1e-05	ECA4394
1e-05	1e-05	0.616164	1e-05	1e-05	1e-05	1e-05	1e-05	1e-05	1e-05	1e-05	1e-05	1e-05	1e-05	1e-05	1e-05	1e-05	1e-05	0.383636	1e-05	1e-05	1e-05	ECA4402
1e-05	1e-05	1e-05	1e-05	1e-05	1e-05	1e-05	1e-05	1e-05	1e-05	1e-05	1e-05	1e-05	1e-05	1e-05	1e-05	1e-05	1e-05	1e-05	1e-05	0.99979	1e-05	ECA569
1e-05	1e-05	1e-05	1e-05	1e-05	1e-05	1e-05	0.808843	1e-05	1e-05	1e-05	1e-05	1e-05	1e-05	1e-05	1e-05	1e-05	1e-05	0.190957	1e-05	1e-05	1e-05	ED3032
1e-05	1.5e-05	1e-05	1e-05	1e-05	1e-05	1e-05	0.300628	1e-05	1e-05	1e-05	1e-05	1e-05	1e-05	1e-05	1e-05	1e-05	1e-05	0.699166	1e-05	1e-05	1e-05	ED3037
1e-05	1.1e-05	0.650679	1e-05	1e-05	1e-05	1e-05	1e-05	1e-05	1e-05	1e-05	1e-05	1.2e-05	1e-05	1e-05	1e-05	1e-05	1e-05	0.349118	1e-05	1e-05	1e-05	ED3088
1.1e-05	1e-05	1e-05	1.1e-05	1e-05	1e-05	0.999784	1e-05	1.1e-05	1e-05	1e-05	1e-05	1e-05	1e-05	1e-05	1e-05	1e-05	1.3e-05	1e-05	1e-05	1e-05	1e-05	ED3102
1e-05	1e-05	1e-05	1e-05	1e-05	1e-05	1e-05	1e-05	1e-05	1e-05	1e-05	1e-05	1e-05	1e-05	1e-05	1e-05	1e-05	1e-05	1e-05	1e-05	0.99979	1e-05	EG4360
1e-05	1e-05	1e-05	1e-05	1e-05	0.99979	1e-05	1e-05	1e-05	1e-05	1e-05	1e-05	1e-05	1e-05	1e-05	1e-05	1e-05	1e-05	1e-05	1e-05	1e-05	1e-05	EG5612
1e-05	1e-05	0.922837	1e-05	1e-05	1e-05	1e-05	1e-05	1e-05	1e-05	1e-05	1e-05	1e-05	0.039846	1e-05	1e-05	1e-05	1e-05	0.033824	0.003313	1e-05	1e-05	EG5613
1e-05	1e-05	0.089032	1.7e-05	1e-05	0.040459	1e-05	0.016178	1.2e-05	1.3e-05	1e-05	1.4e-05	1e-05	1e-05	1.1e-05	1e-05	1e-05	1.6e-05	0.829393	0.024742	1.3e-05	1e-05	EG6179
1e-05	0.587069	0.410928	1e-05	1e-05	1e-05	1e-05	1e-05	1e-05	1e-05	1e-05	1e-05	1e-05	1e-05	1e-05	1e-05	1e-05	1e-05	0.001812	1e-05	1e-05	1e-05	EG6260
1e-05	0.009897	0.716969	1e-05	1e-05	1e-05	1e-05	1e-05	1e-05	1e-05	1e-05	1e-05	1e-05	1e-05	1e-05	1e-05	1e-05	1e-05	0.272944	1e-05	1e-05	1e-05	EG6261
1e-05	1e-05	1e-05	0.99979	1e-05	1e-05	1e-05	1e-05	1e-05	1e-05	1e-05	1e-05	1e-05	1e-05	1e-05	1e-05	1e-05	1e-05	1e-05	1e-05	1e-05	1e-05	EG6265
1e-05	1e-05	0.518309	1e-05	1e-05	1e-05	1e-05	1e-05	1e-05	1e-05	1e-05	1e-05	1e-05	1e-05	1e-05	1e-05	1e-05	1e-05	0.481491	1e-05	1e-05	1e-05	EG6267
1e-05	0.540919	0.401578	1e-05	1e-05	1e-05	1e-05	1e-05	1e-05	1e-05	1e-05	1e-05	0.057313	1e-05	1e-05	1e-05	1e-05	1e-05	1e-05	1e-05	1e-05	1e-05	EG6271
1e-05	1e-05	0.608535	1e-05	1e-05	1e-05	1e-05	1e-05	1e-05	1e-05	1e-05	1e-05	0.04342	1e-05	1e-05	1e-05	1e-05	1e-05	0.275156	0.07271	1e-05	1e-05	EG6272
1e-05	1e-05	0.8902	1e-05	1e-05	1e-05	1e-05	1e-05	1e-05	1e-05	1e-05	1e-05	1e-05	1e-05	1e-05	1e-05	1e-05	1e-05	0.1096	1e-05	1e-05	1e-05	EG6274
1e-05	1e-05	0.890206	1e-05	1e-05	1e-05	1e-05	1e-05	1e-05	1e-05	1e-05	1e-05	1e-05	1e-05	1e-05	1e-05	1e-05	1e-05	0.109594	1e-05	1e-05	1e-05	EG6275
1e-05	1e-05	0.812951	1e-05	1e-05	1e-05	1e-05	1e-05	1e-05	1e-05	1e-05	1e-05	1e-05	1e-05	1e-05	1e-05	1e-05	1e-05	0.186849	1e-05	1e-05	1e-05	EG6276
1e-05	0.465908	0.282223	1e-05	1e-05	1e-05	1e-05	1e-05	1e-05	1e-05	1e-05	1e-05	0.163397	1e-05	1e-05	1e-05	1e-05	1e-05	0.041226	0.047075	1e-05	1e-05	EG6329
1e-05	1e-05	1e-05	1e-05	1e-05	1e-05	1e-05	1e-05	1e-05	1e-05	1e-05	1e-05	1e-05	1e-05	1e-05	1e-05	1e-05	1e-05	1e-05	1e-05	0.99979	1e-05	GUN124
1e-05	1e-05	1e-05	1e-05	1e-05	1e-05	1e-05	0.434824	1e-05	1e-05	1e-05	1e-05	1e-05	1e-05	1e-05	1e-05	1e-05	1e-05	0.564976	1e-05	1e-05	1e-05	GXW22
1e-05	1.7e-05	1e-05	1e-05	1e-05	0.730705	1e-05	0.068252	1e-05	0.043579	1e-05	1e-05	1.3e-05	1e-05	1e-05	1e-05	1e-05	1e-05	0.157275	1e-05	1e-05	1e-05	GXW23
1e-05	1e-05	1e-05	1e-05	1e-05	1e-05	1e-05	1e-05	1e-05	1e-05	1e-05	1e-05	1e-05	1e-05	1e-05	1e-05	1e-05	1e-05	1e-05	1e-05	0.99979	1e-05	HK104
1e-05	1e-05	1e-05	1e-05	1e-05	1e-05	1e-05	1e-05	1e-05	1e-05	1e-05	1e-05	1e-05	1e-05	0.99979	1e-05	1e-05	1e-05	1e-05	1e-05	1e-05	1e-05	HPT11
1e-05	1e-05	1e-05	1e-05	1e-05	1e-05	1e-05	0.99979	1e-05	1e-05	1e-05	1e-05	1e-05	1e-05	1e-05	1e-05	1e-05	1e-05	1e-05	1e-05	1e-05	1e-05	HPT16
1e-05	1e-05	1e-05	1e-05	1e-05	1e-05	1.2e-05	1e-05	1e-05	1e-05	1e-05	1e-05	1e-05	1e-05	0.999788	1e-05	1e-05	1e-05	1e-05	1e-05	1e-05	1e-05	HPT18
1e-05	1e-05	1e-05	1e-05	1e-05	1e-05	1e-05	0.975725	1e-05	1e-05	1e-05	1e-05	0.024075	1e-05	1e-05	1e-05	1e-05	1e-05	1e-05	1e-05	1e-05	1e-05	HPT19
1e-05	1e-05	1e-05	1e-05	1e-05	1e-05	1e-05	0.99979	1e-05	1e-05	1e-05	1e-05	1e-05	1e-05	1e-05	1e-05	1e-05	1e-05	1e-05	1e-05	1e-05	1e-05	HPT2
1e-05	1e-05	1e-05	1e-05	1e-05	1e-05	1e-05	0.889466	1e-05	1e-05	1e-05	1e-05	1e-05	1e-05	1e-05	1e-05	1e-05	1e-05	0.110334	1e-05	1e-05	1e-05	HPT21
1e-05	1e-05	1e-05	1e-05	1e-05	1e-05	1e-05	1e-05	1e-05	1e-05	1e-05	1e-05	1e-05	1e-05	0.99979	1e-05	1e-05	1e-05	1e-05	1e-05	1e-05	1e-05	HPT24
1e-05	1e-05	1e-05	1e-05	1e-05	1e-05	1e-05	0.99979	1e-05	1e-05	1e-05	1e-05	1e-05	1e-05	1e-05	1e-05	1e-05	1e-05	1e-05	1e-05	1e-05	1e-05	HPT34
1e-05	1e-05	0.048097	1e-05	1e-05	1e-05	1e-05	0.923598	1e-05	1e-05	1e-05	1e-05	1e-05	1e-05	1e-05	1e-05	1e-05	1e-05	1e-05	1e-05	1e-05	0.028115	HPT37
1e-05	1e-05	1e-05	1e-05	1e-05	1e-05	1e-05	0.99979	1e-05	1e-05	1e-05	1e-05	1e-05	1e-05	1e-05	1e-05	1e-05	1e-05	1e-05	1e-05	1e-05	1e-05	HPT4
1e-05	1e-05	1e-05	1e-05	1e-05	1e-05	1e-05	0.99979	1e-05	1e-05	1e-05	1e-05	1e-05	1e-05	1e-05	1e-05	1e-05	1e-05	1e-05	1e-05	1e-05	1e-05	HPT42
1e-05	1e-05	1e-05	1e-05	1e-05	1e-05	1e-05	0.199695	1e-05	1e-05	1e-05	1e-05	1e-05	0.431434	1e-05	1e-05	1e-05	1e-05	0.368681	1e-05	1e-05	1e-05	HPT52
1e-05	1e-05	1e-05	1e-05	1e-05	1e-05	1e-05	0.999784	1e-05	1e-05	1e-05	1e-05	1e-05	1e-05	1e-05	1e-05	1e-05	1e-05	1.6e-05	1e-05	1e-05	1e-05	HPT53
1e-05	1e-05	1e-05	1e-05	1e-05	1e-05	1e-05	0.867861	1e-05	1e-05	1e-05	1e-05	1e-05	1e-05	1e-05	1e-05	1e-05	1e-05	0.131939	1e-05	1e-05	1e-05	HPT54
1e-05	1e-05	1e-05	1e-05	1.2e-05	1e-05	1e-05	0.899493	1e-05	1e-05	1e-05	1e-05	1.3e-05	1e-05	1e-05	1e-05	1e-05	1e-05	0.100302	1e-05	1e-05	1e-05	HPT55
1e-05	1.8e-05	1e-05	1e-05	1e-05	1e-05	1e-05	0.999772	1e-05	1e-05	1e-05	1e-05	1e-05	1e-05	1e-05	1e-05	1e-05	1e-05	2e-05	1e-05	1e-05	1e-05	HPT59
1.5e-05	1e-05	1e-05	1e-05	1e-05	1e-05	1e-05	0.830463	1e-05	1e-05	1e-05	1e-05	1.3e-05	1e-05	1e-05	1e-05	1e-05	1e-05	0.169321	1.9e-05	1e-05	1e-05	HPT60
1.3e-05	1e-05	1e-05	1e-05	1e-05	1.2e-05	1e-05	1.2e-05	1.7e-05	1e-05	1.3e-05	1.2e-05	1.1e-05	0.999764	1e-05	1e-05	1.1e-05	1.2e-05	1.3e-05	1e-05	1.2e-05	1e-05	HPT62
1.2e-05	1.5e-05	1e-05	1e-05	1e-05	1e-05	1e-05	0.999784	1e-05	1e-05	1e-05	1e-05	1e-05	1e-05	1e-05	1e-05	1e-05	1e-05	1e-05	1e-05	1e-05	1e-05	HPT63
1e-05	1e-05	1e-05	1e-05	1e-05	1e-05	1e-05	0.967326	1e-05	1e-05	1e-05	1e-05	0.001372	1e-05	1e-05	1e-05	1e-05	1e-05	1e-05	0.031113	1e-05	1e-05	HPT7
1e-05	1e-05	1e-05	1e-05	1e-05	1e-05	1e-05	0.99979	1e-05	1e-05	1e-05	1e-05	1e-05	1e-05	1e-05	1e-05	1e-05	1e-05	1e-05	1e-05	1e-05	1e-05	HPT8
1e-05	1e-05	1e-05	1e-05	1e-05	0.846757	1e-05	0.099405	1e-05	1e-05	1e-05	1e-05	1e-05	1e-05	1e-05	1e-05	1e-05	1e-05	0.053648	1e-05	1e-05	1e-05	HPT9
1e-05	1e-05	1e-05	1e-05	1e-05	1e-05	1e-05	1e-05	1e-05	1e-05	1e-05	1e-05	1e-05	1e-05	1e-05	1e-05	1e-05	1e-05	1e-05	1e-05	0.99979	1e-05	JU1085
1e-05	0.044139	0.641997	1.3e-05	1e-05	1e-05	1.3e-05	0.259846	1e-05	0.031334	1e-05	1e-05	1.3e-05	0.022506	1e-05	1e-05	1e-05	1e-05	1e-05	1e-05	1e-05	1e-05	JU1337
1e-05	1e-05	1e-05	1e-05	1e-05	0.99979	1e-05	1e-05	1e-05	1e-05	1e-05	1e-05	1e-05	1e-05	1e-05	1e-05	1e-05	1e-05	1e-05	1e-05	1e-05	1e-05	JU1338
1e-05	1.3e-05	1e-05	1.6e-05	1e-05	1e-05	1e-05	1e-05	1.1e-05	1e-05	1e-05	1.4e-05	1.3e-05	1e-05	1e-05	0.999771	1e-05	1e-05	1e-05	1.2e-05	1e-05	1e-05	JU1341
1e-05	1e-05	1e-05	1e-05	1e-05	0.99979	1e-05	1e-05	1e-05	1e-05	1e-05	1e-05	1e-05	1e-05	1e-05	1e-05	1e-05	1e-05	1e-05	1e-05	1e-05	1e-05	JU1346
1e-05	1e-05	0.999784	1e-05	1e-05	1e-05	1e-05	1e-05	1e-05	1e-05	1e-05	1e-05	1e-05	1e-05	1e-05	1e-05	1e-05	1e-05	1e-05	1.6e-05	1e-05	1e-05	JU1347
1e-05	1.1e-05	1e-05	1e-05	1e-05	1e-05	1e-05	1e-05	1e-05	1e-05	1e-05	1e-05	1e-05	1e-05	1e-05	0.999781	1.8e-05	1e-05	1e-05	1e-05	1e-05	1e-05	JU1348
1e-05	1e-05	0.996984	1e-05	1e-05	1e-05	1e-05	1e-05	1e-05	1e-05	1e-05	1e-05	1e-05	1.6e-05	1e-05	1e-05	1e-05	1e-05	0.00281	1e-05	1e-05	1e-05	JU1375
1e-05	1e-05	0.99979	1e-05	1e-05	1e-05	1e-05	1e-05	1e-05	1e-05	1e-05	1e-05	1e-05	1e-05	1e-05	1e-05	1e-05	1e-05	1e-05	1e-05	1e-05	1e-05	JU1377
1e-05	1e-05	0.99979	1e-05	1e-05	1e-05	1e-05	1e-05	1e-05	1e-05	1e-05	1e-05	1e-05	1e-05	1e-05	1e-05	1e-05	1e-05	1e-05	1e-05	1e-05	1e-05	JU1378
1e-05	1e-05	0.999789	1e-05	1e-05	1e-05	1e-05	1e-05	1e-05	1e-05	1e-05	1e-05	1e-05	1.1e-05	1e-05	1e-05	1e-05	1e-05	1e-05	1e-05	1e-05	1e-05	JU1392
1e-05	1e-05	0.147344	1e-05	1e-05	1.2e-05	1e-05	1e-05	1e-05	1e-05	1.1e-05	1e-05	1e-05	1e-05	1e-05	1e-05	1e-05	1e-05	0.179498	0.672965	1e-05	1e-05	JU1399
1e-05	1e-05	1e-05	1e-05	1e-05	0.99979	1e-05	1e-05	1e-05	1e-05	1e-05	1e-05	1e-05	1e-05	1e-05	1e-05	1e-05	1e-05	1e-05	1e-05	1e-05	1e-05	JU1424
1e-05	1e-05	0.99979	1e-05	1e-05	1e-05	1e-05	1e-05	1e-05	1e-05	1e-05	1e-05	1e-05	1e-05	1e-05	1e-05	1e-05	1e-05	1e-05	1e-05	1e-05	1e-05	JU1435
1e-05	1e-05	1e-05	1e-05	1e-05	1e-05	1e-05	1e-05	1e-05	1e-05	1e-05	1e-05	1e-05	1e-05	1e-05	1e-05	1e-05	1e-05	1e-05	1e-05	0.99979	1e-05	JU1564
1e-05	1e-05	0.830979	1e-05	1e-05	1e-05	1e-05	1e-05	1e-05	1e-05	1e-05	1e-05	1e-05	1e-05	1e-05	1e-05	1e-05	1e-05	0.168821	1e-05	1e-05	1e-05	JU1637
1e-05	1e-05	0.789722	1e-05	1e-05	1e-05	1e-05	1e-05	1e-05	1e-05	1e-05	1e-05	1e-05	1e-05	1e-05	1e-05	1e-05	1e-05	0.210078	1e-05	1e-05	1e-05	JU1638
1e-05	1e-05	0.16138	1e-05	1e-05	0.052842	1e-05	1e-05	1e-05	1e-05	1e-05	1e-05	1e-05	0.018629	1e-05	1e-05	1e-05	1e-05	0.753206	0.013773	1e-05	1e-05	JU1794
1e-05	1e-05	0.180279	1e-05	1e-05	1e-05	1e-05	1e-05	1e-05	1e-05	1e-05	1e-05	1e-05	1e-05	1e-05	1e-05	1e-05	1e-05	0.819521	1e-05	1e-05	1e-05	JU1795
1e-05	1e-05	0.999786	1e-05	1e-05	1e-05	1e-05	1e-05	1e-05	1e-05	1e-05	1e-05	1.4e-05	1e-05	1e-05	1e-05	1e-05	1e-05	1e-05	1e-05	1e-05	1e-05	JU1799
1e-05	1e-05	0.789089	1e-05	1e-05	1e-05	1e-05	1e-05	1e-05	1e-05	1e-05	1e-05	1e-05	1e-05	1e-05	1e-05	1e-05	1e-05	0.210711	1e-05	1e-05	1e-05	JU1802
1e-05	1e-05	0.381569	1e-05	1e-05	1e-05	1.2e-05	1e-05	1e-05	1e-05	1e-05	1e-05	0.462653	1e-05	1e-05	1e-05	1e-05	1e-05	0.155586	1e-05	1e-05	1e-05	JU1814
1e-05	1e-05	0.096524	1e-05	1e-05	1e-05	1e-05	1e-05	1e-05	1e-05	1e-05	1e-05	1e-05	1e-05	1e-05	1e-05	1e-05	1e-05	0.903276	1e-05	1e-05	1e-05	JU1884
1e-05	1e-05	0.807102	1e-05	1e-05	1e-05	1e-05	1e-05	1e-05	1e-05	1e-05	1e-05	1e-05	0.050164	1e-05	1e-05	1e-05	1e-05	0.142544	1e-05	1e-05	1e-05	JU1885
1e-05	1e-05	1.1e-05	1e-05	1e-05	1e-05	1e-05	0.726499	1e-05	1e-05	1e-05	1e-05	1e-05	1e-05	1e-05	1e-05	1e-05	1e-05	0.273299	1e-05	1e-05	1e-05	JU1907
1e-05	1e-05	1e-05	1e-05	1e-05	1e-05	1e-05	0.922046	1e-05	1e-05	1e-05	1e-05	1e-05	1e-05	1e-05	1e-05	1e-05	1e-05	0.077754	1e-05	1e-05	1e-05	JU1908
1e-05	1e-05	1e-05	1e-05	1e-05	1e-05	1e-05	0.756435	1e-05	1e-05	1e-05	1e-05	1e-05	1e-05	1e-05	1e-05	1e-05	1e-05	0.243365	1e-05	1e-05	1e-05	JU1909
1e-05	1e-05	0.122467	1e-05	1.1e-05	1e-05	1e-05	0.229626	1e-05	1e-05	1e-05	1e-05	1e-05	0.414293	1e-05	1e-05	1e-05	1e-05	0.233434	1e-05	1e-05	1e-05	JU1913
1e-05	0.052195	1e-05	1e-05	1e-05	1e-05	1e-05	1e-05	1e-05	1e-05	1e-05	1e-05	1e-05	1e-05	1e-05	1e-05	1e-05	1e-05	0.947605	1e-05	1e-05	1e-05	JU2053
1e-05	1e-05	1e-05	1e-05	1e-05	1e-05	1e-05	1e-05	1e-05	1e-05	1e-05	1e-05	1e-05	1e-05	1e-05	1e-05	1e-05	1e-05	0.99979	1e-05	1e-05	1e-05	JU2054
1e-05	1e-05	1e-05	1e-05	1e-05	1e-05	1e-05	1e-05	1e-05	1e-05	1e-05	1e-05	1e-05	1e-05	1e-05	1e-05	1e-05	1e-05	0.99979	1e-05	1e-05	1e-05	JU2056
1e-05	1e-05	1e-05	1e-05	1e-05	1e-05	1e-05	1e-05	1e-05	1e-05	1e-05	1e-05	1e-05	0.99979	1e-05	1e-05	1e-05	1e-05	1e-05	1e-05	1e-05	1e-05	JU2057
1e-05	1e-05	1e-05	1.3e-05	1e-05	1e-05	1e-05	1e-05	1e-05	1e-05	1e-05	1e-05	1e-05	0.999787	1e-05	1e-05	1e-05	1e-05	1e-05	1e-05	1e-05	1e-05	JU2160
1e-05	1e-05	1e-05	1e-05	1e-05	1e-05	1e-05	1e-05	1e-05	1e-05	1e-05	1e-05	1e-05	0.99979	1e-05	1e-05	1e-05	1e-05	1e-05	1e-05	1e-05	1e-05	JU2162
1e-05	1e-05	0.046061	1e-05	0.191726	1e-05	1e-05	0.667934	1e-05	1e-05	1e-05	1e-05	1e-05	1e-05	1e-05	1e-05	1e-05	1e-05	1e-05	0.094099	1e-05	1e-05	JU2214
1.3e-05	1e-05	1e-05	1e-05	1e-05	1e-05	2e-05	1e-05	1e-05	1e-05	1e-05	1e-05	1e-05	1e-05	1e-05	1e-05	1e-05	0.999778	1e-05	1e-05	1e-05	1e-05	JU2216
1e-05	0.257429	1e-05	1e-05	0.006609	1e-05	1e-05	0.147561	1e-05	1e-05	1e-05	1e-05	0.002047	1e-05	1e-05	1e-05	1e-05	1e-05	0.093435	1e-05	0.492758	1e-05	JU2457
1e-05	1e-05	1e-05	1e-05	1e-05	1e-05	1e-05	1e-05	1e-05	1e-05	1e-05	1e-05	1e-05	0.99979	1e-05	1e-05	1e-05	1e-05	1e-05	1e-05	1e-05	1e-05	JU2470
1e-05	1e-05	0.920845	1e-05	1e-05	1e-05	1e-05	1e-05	1e-05	1e-05	1e-05	1e-05	1e-05	1e-05	1.1e-05	1e-05	1e-05	1e-05	1e-05	0.078955	1e-05	1e-05	JU2472
1e-05	1e-05	1e-05	1e-05	0.019004	1e-05	1e-05	1e-05	1e-05	1e-05	1e-05	1e-05	1e-05	0.980796	1e-05	1e-05	1e-05	1e-05	1e-05	1e-05	1e-05	1e-05	JU2507
1e-05	0.999789	1e-05	1e-05	1e-05	1.1e-05	1e-05	1e-05	1e-05	1e-05	1e-05	1e-05	1e-05	1e-05	1e-05	1e-05	1e-05	1e-05	1e-05	1e-05	1e-05	1e-05	JU2518
1e-05	1e-05	1e-05	1e-05	1e-05	1e-05	1e-05	1e-05	1e-05	1e-05	1e-05	1e-05	1e-05	1e-05	1e-05	1e-05	1e-05	1e-05	1e-05	1e-05	0.99979	1e-05	JU2536
1e-05	1e-05	1e-05	1e-05	1e-05	1e-05	1e-05	1e-05	1e-05	1e-05	1e-05	1e-05	1e-05	1e-05	1e-05	1e-05	1e-05	1e-05	1e-05	0.881105	1e-05	0.118695	JU2618
1e-05	1e-05	0.537752	1e-05	1e-05	1e-05	1e-05	0.175113	1e-05	1e-05	1e-05	1e-05	1e-05	1e-05	1e-05	1e-05	1e-05	1e-05	0.286946	1e-05	1e-05	1e-05	JU2799
1e-05	0.064278	1e-05	1e-05	0.168793	1e-05	1e-05	0.110702	1e-05	1e-05	1e-05	1e-05	0.172288	1e-05	1e-05	1e-05	1e-05	1e-05	0.461947	1e-05	1e-05	0.021832	JU2836
1e-05	1e-05	1e-05	1e-05	1e-05	0.99979	1e-05	1e-05	1e-05	1e-05	1e-05	1e-05	1e-05	1e-05	1e-05	1e-05	1e-05	1e-05	1e-05	1e-05	1e-05	1e-05	JU2849
1e-05	1e-05	0.237019	1e-05	1e-05	1e-05	1e-05	0.389996	1e-05	1.7e-05	1e-05	1e-05	1e-05	1e-05	1e-05	1e-05	1e-05	1e-05	0.372788	1e-05	1e-05	1e-05	JU2861
1e-05	1e-05	1e-05	1e-05	1e-05	1e-05	1e-05	1e-05	1e-05	1e-05	1e-05	1e-05	1e-05	1e-05	1e-05	1e-05	1e-05	1e-05	0.99979	1e-05	1e-05	1e-05	JU2868
1e-05	1e-05	1e-05	1e-05	1e-05	1e-05	1e-05	1e-05	1e-05	1e-05	1e-05	1e-05	1e-05	1e-05	1e-05	1e-05	1e-05	1e-05	1e-05	1e-05	0.99979	1e-05	JU2872
1e-05	1e-05	0.777925	1e-05	0.035368	0.026848	1e-05	0.043183	1e-05	0.031035	1e-05	1e-05	1e-05	0.04248	1e-05	1e-05	1e-05	1e-05	0.043012	1e-05	1e-05	1e-05	JU2910
1e-05	1e-05	1e-05	1e-05	1e-05	1e-05	0.99979	1e-05	1e-05	1e-05	1e-05	1e-05	1e-05	1e-05	1e-05	1e-05	1e-05	1e-05	1e-05	1e-05	1e-05	1e-05	JU3168
1e-05	1e-05	0.655679	1e-05	1e-05	1e-05	1e-05	1e-05	1e-05	1e-05	1e-05	1e-05	1e-05	1e-05	1e-05	1e-05	1e-05	1e-05	0.344121	1e-05	1e-05	1e-05	JU3171
1e-05	1e-05	1.1e-05	1e-05	1e-05	1e-05	1e-05	1e-05	1e-05	1.1e-05	1.1e-05	1.3e-05	1e-05	1e-05	1e-05	0.999776	1e-05	1e-05	1.8e-05	1e-05	1e-05	1e-05	JU3199
1e-05	1e-05	1e-05	1e-05	1e-05	1e-05	1e-05	1e-05	1e-05	1e-05	1e-05	1e-05	1e-05	1e-05	1e-05	0.99979	1e-05	1e-05	1e-05	1e-05	1e-05	1e-05	JU3200
1e-05	1e-05	1e-05	1e-05	1.1e-05	1e-05	1e-05	1e-05	1e-05	1e-05	1e-05	1e-05	1e-05	1e-05	1e-05	0.999789	1e-05	1e-05	1e-05	1e-05	1e-05	1e-05	JU3201
1e-05	1e-05	1.3e-05	1e-05	1e-05	1e-05	1e-05	1e-05	1e-05	1e-05	1e-05	1e-05	1e-05	1e-05	1e-05	0.999785	1e-05	1e-05	1e-05	1e-05	1.1e-05	1e-05	JU3202
1e-05	1e-05	1e-05	1e-05	1e-05	1e-05	1e-05	1e-05	1e-05	1e-05	1e-05	1e-05	1e-05	1e-05	1e-05	0.99979	1e-05	1e-05	1e-05	1e-05	1e-05	1e-05	JU3203
1e-05	1e-05	1e-05	1e-05	1e-05	1e-05	1e-05	1e-05	1e-05	1e-05	1e-05	1e-05	1e-05	1e-05	1e-05	0.99979	1e-05	1e-05	1e-05	1e-05	1e-05	1e-05	JU3206
1e-05	1e-05	0.617955	1e-05	1e-05	1e-05	1e-05	1e-05	1e-05	1e-05	1e-05	1e-05	1e-05	1e-05	1e-05	1e-05	1e-05	1e-05	0.381845	1e-05	1e-05	1e-05	JU3207
1e-05	1e-05	1e-05	1e-05	1e-05	1e-05	1.8e-05	1.2e-05	1e-05	1e-05	1e-05	1e-05	1e-05	0.999779	1e-05	1e-05	1e-05	1e-05	1e-05	1e-05	1e-05	1e-05	JU3237
1e-05	1e-05	1e-05	1e-05	1e-05	1e-05	1e-05	0.268237	1e-05	1e-05	1e-05	1e-05	1.5e-05	1e-05	1e-05	1e-05	1e-05	1e-05	0.731558	1e-05	1e-05	1e-05	JU3281
1e-05	1e-05	1e-05	1e-05	1e-05	0.775461	1e-05	0.149076	1e-05	1e-05	1e-05	1e-05	1e-05	1e-05	1e-05	1e-05	1e-05	1e-05	0.075273	1e-05	1e-05	1e-05	JU3319
1e-05	1e-05	1e-05	1e-05	1e-05	1e-05	1e-05	0.99979	1e-05	1e-05	1e-05	1e-05	1e-05	1e-05	1e-05	1e-05	1e-05	1e-05	1e-05	1e-05	1e-05	1e-05	JU3321
1e-05	1e-05	1e-05	1e-05	1e-05	1e-05	0.918573	1e-05	1e-05	1e-05	1e-05	1e-05	1e-05	1e-05	1e-05	1e-05	1e-05	1e-05	0.081227	1e-05	1e-05	1e-05	JU3326
1e-05	1.1e-05	1e-05	1e-05	1e-05	1e-05	1e-05	0.999789	1e-05	1e-05	1e-05	1e-05	1e-05	1e-05	1e-05	1e-05	1e-05	1e-05	1e-05	1e-05	1e-05	1e-05	JU3327
1e-05	1e-05	1e-05	1e-05	1e-05	1e-05	1e-05	1e-05	1e-05	1e-05	1e-05	1e-05	1e-05	1e-05	1e-05	1e-05	1e-05	0.022824	0.075418	1e-05	0.901568	1e-05	JU3416
1e-05	1e-05	1.3e-05	1e-05	1e-05	1e-05	1e-05	0.99978	1e-05	1e-05	1e-05	1e-05	1.6e-05	1e-05	1e-05	1e-05	1e-05	1e-05	1e-05	1e-05	1e-05	1e-05	JU4042
1e-05	1e-05	1e-05	1e-05	1e-05	0.99979	1e-05	1e-05	1e-05	1e-05	1e-05	1e-05	1e-05	1e-05	1e-05	1e-05	1e-05	1e-05	1e-05	1e-05	1e-05	1e-05	JU4051
1e-05	1e-05	1e-05	1e-05	1e-05	0.99979	1e-05	1e-05	1e-05	1e-05	1e-05	1e-05	1e-05	1e-05	1e-05	1e-05	1e-05	1e-05	1e-05	1e-05	1e-05	1e-05	JU4058
1e-05	1e-05	1e-05	1e-05	1e-05	0.99979	1e-05	1e-05	1e-05	1e-05	1e-05	1e-05	1e-05	1e-05	1e-05	1e-05	1e-05	1e-05	1e-05	1e-05	1e-05	1e-05	JU4060
1e-05	1e-05	1e-05	1e-05	1e-05	0.99979	1e-05	1e-05	1e-05	1e-05	1e-05	1e-05	1e-05	1e-05	1e-05	1e-05	1e-05	1e-05	1e-05	1e-05	1e-05	1e-05	JU4062
1e-05	1e-05	1e-05	1e-05	1e-05	0.99979	1e-05	1e-05	1e-05	1e-05	1e-05	1e-05	1e-05	1e-05	1e-05	1e-05	1e-05	1e-05	1e-05	1e-05	1e-05	1e-05	JU4064
1e-05	1e-05	1e-05	1e-05	1e-05	1e-05	1e-05	0.276515	1e-05	1e-05	1e-05	1e-05	1e-05	1e-05	1e-05	1e-05	1e-05	1e-05	0.723284	1e-05	1.1e-05	1e-05	JU4080
1e-05	1e-05	1e-05	1e-05	1e-05	0.99979	1e-05	1e-05	1e-05	1e-05	1e-05	1e-05	1e-05	1e-05	1e-05	1e-05	1e-05	1e-05	1e-05	1e-05	1e-05	1e-05	JU4084
1e-05	1e-05	1e-05	1e-05	1e-05	0.99979	1e-05	1e-05	1e-05	1e-05	1e-05	1e-05	1e-05	1e-05	1e-05	1e-05	1e-05	1e-05	1e-05	1e-05	1e-05	1e-05	JU4097
1e-05	1e-05	1e-05	1e-05	1e-05	0.727983	1e-05	0.097272	1e-05	1e-05	1e-05	1e-05	1e-05	1e-05	1e-05	1e-05	1e-05	1e-05	0.174555	1e-05	1e-05	1e-05	JU725
1e-05	1e-05	0.080136	1e-05	1e-05	1.3e-05	1e-05	0.57234	1e-05	1e-05	1e-05	1e-05	1e-05	1e-05	1.2e-05	1e-05	1e-05	1e-05	0.347329	1e-05	1e-05	1e-05	MY2716
1e-05	1e-05	0.166537	1e-05	1e-05	1e-05	1e-05	1e-05	1e-05	1e-05	1e-05	1e-05	1e-05	1e-05	1e-05	1e-05	1e-05	1e-05	0.833263	1e-05	1e-05	1e-05	MY539
1e-05	1e-05	0.068073	1e-05	1e-05	1e-05	1e-05	1e-05	1e-05	1e-05	1e-05	1e-05	1e-05	1e-05	1e-05	1e-05	1e-05	1e-05	1e-05	0.931727	1e-05	1e-05	NIC1050
1e-05	1.3e-05	1e-05	1e-05	1e-05	1e-05	1e-05	1e-05	1e-05	1e-05	1e-05	1e-05	1e-05	1e-05	1e-05	1e-05	1e-05	1e-05	1e-05	0.862858	1e-05	0.136939	NIC1052
1e-05	1e-05	1e-05	1e-05	1e-05	1e-05	1e-05	1e-05	1e-05	1e-05	1e-05	1e-05	1e-05	1e-05	1e-05	1e-05	1e-05	1e-05	1e-05	0.99979	1e-05	1e-05	NIC1054
1e-05	1e-05	1e-05	1e-05	1e-05	1e-05	1e-05	1e-05	1e-05	1e-05	1e-05	1e-05	1e-05	1e-05	1e-05	1e-05	1e-05	1e-05	1e-05	0.99979	1e-05	1e-05	NIC1055
1e-05	1e-05	1e-05	1e-05	1e-05	1e-05	1e-05	1e-05	1e-05	1e-05	1e-05	1e-05	1.4e-05	1e-05	1e-05	1e-05	1e-05	1e-05	1e-05	0.999786	1e-05	1e-05	NIC1057
1e-05	1e-05	1e-05	1e-05	1e-05	1e-05	1e-05	1e-05	1e-05	1e-05	1e-05	1e-05	1e-05	1e-05	1e-05	1e-05	1e-05	1e-05	1e-05	0.99979	1e-05	1e-05	NIC1058
1e-05	1e-05	1e-05	1e-05	1e-05	1e-05	1e-05	1e-05	1e-05	1e-05	1e-05	1e-05	1e-05	1e-05	1e-05	1e-05	1e-05	1e-05	1e-05	0.99979	1e-05	1e-05	NIC1059
1e-05	1.4e-05	1e-05	1e-05	1e-05	1e-05	1e-05	1e-05	1e-05	1e-05	1e-05	1e-05	1e-05	1e-05	1e-05	1e-05	1e-05	1e-05	1e-05	0.999786	1e-05	1e-05	NIC1060
1e-05	1e-05	0.257332	1e-05	1e-05	1e-05	1e-05	1e-05	1e-05	1e-05	1e-05	1e-05	1e-05	1e-05	1e-05	1e-05	1e-05	1e-05	0.175768	0.56671	1e-05	1e-05	NIC1062
1e-05	1e-05	0.355736	1e-05	1e-05	1e-05	1e-05	1e-05	1e-05	1e-05	1e-05	1e-05	1e-05	1e-05	1e-05	1e-05	1e-05	1e-05	0.335858	0.308216	1e-05	1e-05	NIC1069
1e-05	1e-05	1e-05	1e-05	1e-05	1e-05	1e-05	1e-05	1e-05	1e-05	1e-05	1e-05	0.06152	1e-05	1e-05	1e-05	1e-05	1e-05	0.083141	0.738921	1e-05	0.116238	NIC1103
1e-05	1e-05	1e-05	1e-05	1e-05	1e-05	1e-05	1e-05	1e-05	1e-05	1e-05	1e-05	1e-05	1e-05	1e-05	1e-05	1e-05	1e-05	0.683963	0.315837	1e-05	1e-05	NIC1104
1e-05	1e-05	1e-05	1e-05	0.113292	1e-05	1e-05	1e-05	1e-05	1e-05	1e-05	1e-05	1e-05	1e-05	1e-05	1e-05	1e-05	1e-05	0.38322	0.503299	1e-05	1e-05	NIC1106
1e-05	1e-05	1e-05	1e-05	1e-05	1e-05	1e-05	1e-05	1e-05	1e-05	1e-05	1e-05	1e-05	1e-05	1e-05	1e-05	1e-05	1e-05	0.99979	1e-05	1e-05	1e-05	NIC1117
1e-05	1e-05	1e-05	1e-05	1e-05	0.99979	1e-05	1e-05	1e-05	1e-05	1e-05	1e-05	1e-05	1e-05	1e-05	1e-05	1e-05	1e-05	1e-05	1e-05	1e-05	1e-05	NIC1123
1e-05	0.999783	1e-05	1e-05	1e-05	1.7e-05	1e-05	1e-05	1e-05	1e-05	1e-05	1e-05	1e-05	1e-05	1e-05	1e-05	1e-05	1e-05	1e-05	1e-05	1e-05	1e-05	NIC1124
1e-05	0.802464	1e-05	1e-05	1e-05	1e-05	1e-05	1e-05	1e-05	1e-05	1e-05	1e-05	1e-05	1e-05	1e-05	1e-05	1e-05	1e-05	1e-05	0.197336	1e-05	1e-05	NIC1135
1e-05	0.984643	1e-05	1e-05	1e-05	1e-05	1e-05	1e-05	1e-05	1e-05	1e-05	1e-05	1e-05	1e-05	1e-05	1e-05	1e-05	1e-05	1e-05	0.015157	1e-05	1e-05	NIC1138
1e-05	0.99979	1e-05	1e-05	1e-05	1e-05	1e-05	1e-05	1e-05	1e-05	1e-05	1e-05	1e-05	1e-05	1e-05	1e-05	1e-05	1e-05	1e-05	1e-05	1e-05	1e-05	NIC1141
1e-05	0.040371	0.900361	1e-05	1e-05	1e-05	1e-05	1e-05	1e-05	1e-05	1e-05	1e-05	0.059078	1e-05	1e-05	1e-05	1e-05	1e-05	1e-05	1e-05	1e-05	1e-05	NIC115
1e-05	1e-05	0.99979	1e-05	1e-05	1e-05	1e-05	1e-05	1e-05	1e-05	1e-05	1e-05	1e-05	1e-05	1e-05	1e-05	1e-05	1e-05	1e-05	1e-05	1e-05	1e-05	NIC117
1e-05	0.99979	1e-05	1e-05	1e-05	1e-05	1e-05	1e-05	1e-05	1e-05	1e-05	1e-05	1e-05	1e-05	1e-05	1e-05	1e-05	1e-05	1e-05	1e-05	1e-05	1e-05	NIC1183
1e-05	0.169298	0.830495	1e-05	1.4e-05	1e-05	1e-05	1e-05	1e-05	1e-05	1e-05	1e-05	1.1e-05	1e-05	1e-05	1e-05	1e-05	1e-05	1e-05	1.2e-05	1e-05	1e-05	NIC119
1e-05	0.938882	1e-05	1e-05	1e-05	1e-05	1.4e-05	1e-05	1e-05	1e-05	1e-05	1e-05	0.060914	1e-05	1e-05	1e-05	1e-05	1e-05	1e-05	1e-05	1e-05	1e-05	NIC1190
1e-05	1e-05	1e-05	1e-05	1e-05	1e-05	1e-05	0.308704	1e-05	0.232122	1e-05	1e-05	1e-05	1e-05	1e-05	1e-05	1e-05	1e-05	0.458983	1e-05	1e-05	1e-05	NIC1202
1e-05	1e-05	1e-05	1e-05	1e-05	1e-05	1e-05	0.310828	1e-05	0.301711	1e-05	1e-05	1e-05	1e-05	1e-05	1e-05	1e-05	1e-05	0.387271	1e-05	1e-05	1e-05	NIC1204
1e-05	1.1e-05	1e-05	0.842083	1e-05	1e-05	1e-05	1e-05	1.3e-05	1e-05	1e-05	1e-05	1e-05	1e-05	1.2e-05	1e-05	1e-05	0.15771	1e-05	1e-05	1e-05	1e-05	NIC1205
1e-05	1e-05	1e-05	1e-05	1e-05	1.4e-05	1e-05	0.999786	1e-05	1e-05	1e-05	1e-05	1e-05	1e-05	1e-05	1e-05	1e-05	1e-05	1e-05	1e-05	1e-05	1e-05	NIC1218
1e-05	1e-05	1e-05	0.99979	1e-05	1e-05	1e-05	1e-05	1e-05	1e-05	1e-05	1e-05	1e-05	1e-05	1e-05	1e-05	1e-05	1e-05	1e-05	1e-05	1e-05	1e-05	NIC1220
1e-05	1e-05	1e-05	1e-05	1e-05	1e-05	1e-05	1e-05	1e-05	0.323804	1e-05	1e-05	1e-05	1e-05	1e-05	1e-05	1e-05	1e-05	0.675996	1e-05	1e-05	1e-05	NIC1221
1e-05	0.032452	0.899024	1e-05	1e-05	1e-05	1e-05	1e-05	1e-05	1e-05	1e-05	1e-05	0.068333	1e-05	1e-05	1e-05	1e-05	1e-05	1e-05	1.2e-05	1e-05	1e-05	NIC123
1e-05	1e-05	0.417122	1e-05	1e-05	1e-05	1e-05	1e-05	1e-05	1e-05	1e-05	1e-05	0.582678	1e-05	1e-05	1e-05	1e-05	1e-05	1e-05	1e-05	1e-05	1e-05	NIC1267
1e-05	1e-05	1e-05	1e-05	1e-05	1e-05	1e-05	1e-05	1e-05	1e-05	1e-05	1e-05	0.945222	1e-05	1e-05	1e-05	1e-05	1e-05	1e-05	0.054578	1e-05	1e-05	NIC1283
1e-05	1e-05	1e-05	1e-05	0.130739	0.117311	1e-05	1e-05	1e-05	1e-05	1e-05	1e-05	0.75176	1e-05	1e-05	1e-05	1e-05	1e-05	1e-05	1e-05	1e-05	1e-05	NIC1288
1e-05	1e-05	1e-05	1e-05	1e-05	1e-05	1e-05	1e-05	1e-05	1.1e-05	1e-05	1e-05	0.999789	1e-05	1e-05	1e-05	1e-05	1e-05	1e-05	1e-05	1e-05	1e-05	NIC1292
1e-05	1e-05	1e-05	1e-05	1e-05	1e-05	1e-05	1e-05	1e-05	1e-05	1e-05	1e-05	0.99979	1e-05	1e-05	1e-05	1e-05	1e-05	1e-05	1e-05	1e-05	1e-05	NIC1302
1e-05	1e-05	1e-05	1e-05	1e-05	1e-05	1e-05	1e-05	1e-05	1e-05	1e-05	1e-05	0.99979	1e-05	1e-05	1e-05	1e-05	1e-05	1e-05	1e-05	1e-05	1e-05	NIC1304
1e-05	1e-05	0.361257	1e-05	1e-05	0.549759	1e-05	1e-05	1e-05	1e-05	1e-05	1e-05	0.088793	1e-05	1e-05	1e-05	1e-05	1e-05	1e-05	1e-05	1e-05	1e-05	NIC1308
1e-05	1e-05	1e-05	1e-05	1e-05	1e-05	1e-05	1e-05	1e-05	1e-05	1e-05	1e-05	0.983029	1e-05	1e-05	1e-05	1e-05	1e-05	1e-05	0.016771	1e-05	1e-05	NIC1407
1e-05	1e-05	1e-05	1e-05	0.080407	1e-05	1e-05	1e-05	1e-05	1e-05	1e-05	1e-05	0.731277	1e-05	1e-05	1e-05	1e-05	1e-05	0.188125	1e-05	1e-05	1e-05	NIC1421
1e-05	1e-05	1e-05	1e-05	0.173685	1e-05	1e-05	1e-05	1e-05	1e-05	1e-05	1e-05	0.826115	1e-05	1e-05	1e-05	1e-05	1e-05	1e-05	1e-05	1e-05	1e-05	NIC1423
1e-05	1e-05	1e-05	1e-05	1e-05	1e-05	1e-05	1e-05	1e-05	1e-05	1e-05	1e-05	0.99979	1e-05	1e-05	1e-05	1e-05	1e-05	1e-05	1e-05	1e-05	1e-05	NIC1442
1e-05	1e-05	1e-05	1e-05	1e-05	1e-05	1e-05	1e-05	1e-05	1e-05	1e-05	1e-05	0.99979	1e-05	1e-05	1e-05	1e-05	1e-05	1e-05	1e-05	1e-05	1e-05	NIC1491
1e-05	1e-05	0.953777	1e-05	1e-05	1e-05	1e-05	0.046023	1e-05	1e-05	1e-05	1e-05	1e-05	1e-05	1e-05	1e-05	1e-05	1e-05	1e-05	1e-05	1e-05	1e-05	NIC1525
1e-05	1e-05	0.99979	1e-05	1e-05	1e-05	1e-05	1e-05	1e-05	1e-05	1e-05	1e-05	1e-05	1e-05	1e-05	1e-05	1e-05	1e-05	1e-05	1e-05	1e-05	1e-05	NIC1528
1e-05	1e-05	0.99979	1e-05	1e-05	1e-05	1e-05	1e-05	1e-05	1e-05	1e-05	1e-05	1e-05	1e-05	1e-05	1e-05	1e-05	1e-05	1e-05	1e-05	1e-05	1e-05	NIC1529
1e-05	1e-05	0.849846	1e-05	1e-05	1e-05	1e-05	1e-05	1e-05	1e-05	1e-05	1e-05	1e-05	1e-05	1e-05	1e-05	1e-05	1e-05	0.149954	1e-05	1e-05	1e-05	NIC1533
1e-05	1e-05	0.961953	1e-05	1e-05	1e-05	1e-05	1e-05	1e-05	1e-05	1e-05	1e-05	1e-05	1e-05	1e-05	1e-05	1e-05	1e-05	1e-05	0.037847	1e-05	1e-05	NIC1535
1e-05	1.2e-05	1e-05	0.999769	1e-05	1e-05	1e-05	1.1e-05	1e-05	1.7e-05	1.9e-05	1e-05	1e-05	1e-05	1.2e-05	1e-05	1e-05	1e-05	1e-05	1e-05	1e-05	1e-05	NIC1539
1e-05	1e-05	1e-05	1e-05	1e-05	1e-05	1e-05	1e-05	1e-05	1e-05	1e-05	0.99979	1e-05	1e-05	1e-05	1e-05	1e-05	1e-05	1e-05	1e-05	1e-05	1e-05	NIC1540
1.8e-05	1e-05	1e-05	0.916476	1e-05	1.5e-05	1.4e-05	1.6e-05	1.2e-05	1e-05	1e-05	1.1e-05	1e-05	1e-05	1e-05	1e-05	1e-05	0.083297	1e-05	1e-05	1e-05	1e-05	NIC1562
1e-05	1e-05	1e-05	1e-05	1e-05	1e-05	1e-05	1e-05	1e-05	1e-05	1e-05	0.99979	1e-05	1e-05	1e-05	1e-05	1e-05	1e-05	1e-05	1e-05	1e-05	1e-05	NIC1589
1e-05	1e-05	1e-05	1e-05	1e-05	1e-05	1e-05	1e-05	1.1e-05	1e-05	1e-05	1e-05	1e-05	1e-05	1e-05	1e-05	1e-05	0.999789	1e-05	1e-05	1e-05	1e-05	NIC1590
1e-05	1e-05	1e-05	1e-05	1e-05	1e-05	1e-05	1e-05	1e-05	1e-05	1e-05	0.99979	1e-05	1e-05	1e-05	1e-05	1e-05	1e-05	1e-05	1e-05	1e-05	1e-05	NIC1591
1e-05	1.3e-05	1e-05	1e-05	1e-05	1.3e-05	1.2e-05	1e-05	1e-05	1e-05	1e-05	0.999775	1e-05	1e-05	1.3e-05	1e-05	1e-05	1.4e-05	1e-05	1e-05	1e-05	1e-05	NIC1593
1e-05	1e-05	1e-05	0.999782	1e-05	1e-05	1.2e-05	1e-05	1e-05	1e-05	1e-05	1e-05	1e-05	1e-05	1e-05	1e-05	1e-05	1e-05	1.6e-05	1e-05	1e-05	1e-05	NIC1595
1e-05	1e-05	1e-05	1e-05	1e-05	1e-05	1e-05	1e-05	1e-05	1e-05	1e-05	1e-05	1e-05	1e-05	1e-05	1e-05	1e-05	0.99979	1e-05	1e-05	1e-05	1e-05	NIC1598
1e-05	1.2e-05	1e-05	0.409997	1e-05	1e-05	1e-05	1e-05	1.4e-05	1e-05	1e-05	1e-05	1e-05	1e-05	1e-05	1e-05	1.1e-05	0.589796	1e-05	1e-05	1e-05	1e-05	NIC1602
1e-05	1e-05	1e-05	1e-05	1e-05	1e-05	1e-05	1e-05	0.99979	1e-05	1e-05	1e-05	1e-05	1e-05	1e-05	1e-05	1e-05	1e-05	1e-05	1e-05	1e-05	1e-05	NIC1607
1e-05	1e-05	1e-05	1e-05	1e-05	1e-05	1e-05	0.99979	1e-05	1e-05	1e-05	1e-05	1e-05	1e-05	1e-05	1e-05	1e-05	1e-05	1e-05	1e-05	1e-05	1e-05	NIC1628
1e-05	1e-05	1e-05	0.514336	1e-05	1e-05	1e-05	1e-05	1e-05	1e-05	1e-05	1e-05	1e-05	1e-05	1e-05	1e-05	1e-05	0.48546	1e-05	1.4e-05	1e-05	1e-05	NIC1630
1e-05	1e-05	1e-05	0.99979	1e-05	1e-05	1e-05	1e-05	1e-05	1e-05	1e-05	1e-05	1e-05	1e-05	1e-05	1e-05	1e-05	1e-05	1e-05	1e-05	1e-05	1e-05	NIC1631
1e-05	1e-05	1e-05	1.2e-05	1e-05	1e-05	1e-05	1e-05	1e-05	1e-05	1e-05	1e-05	1e-05	1e-05	1e-05	1e-05	1e-05	1e-05	1e-05	1e-05	0.999787	1e-05	NIC1632
1e-05	1e-05	1e-05	1e-05	1e-05	1e-05	1e-05	1e-05	1e-05	1e-05	1e-05	1e-05	1e-05	1e-05	1e-05	1e-05	1e-05	1e-05	1e-05	1e-05	0.99979	1e-05	NIC1633
1e-05	1e-05	1e-05	1e-05	1e-05	1e-05	1e-05	1e-05	1e-05	1e-05	1e-05	1e-05	1e-05	1e-05	1e-05	1e-05	1e-05	1e-05	1e-05	1e-05	0.99979	1e-05	NIC1635
1.1e-05	1e-05	1e-05	0.713705	1e-05	1e-05	1e-05	1e-05	1e-05	1.6e-05	1e-05	1e-05	1e-05	1e-05	1.3e-05	1e-05	1e-05	0.286086	1e-05	1e-05	1e-05	1e-05	NIC1645
1e-05	1e-05	1e-05	0.972644	1e-05	1e-05	1.2e-05	1e-05	1e-05	1e-05	1e-05	1e-05	1e-05	1e-05	1.1e-05	1e-05	1e-05	0.027154	1e-05	1e-05	1e-05	1e-05	NIC1660
1e-05	1e-05	1e-05	1e-05	1e-05	1e-05	1e-05	1e-05	1e-05	1e-05	1e-05	1e-05	1e-05	1e-05	1.2e-05	1e-05	1e-05	0.999788	1e-05	1e-05	1e-05	1e-05	NIC1661
1e-05	1e-05	1e-05	0.759265	1e-05	1e-05	1e-05	1e-05	1e-05	1.1e-05	1e-05	1e-05	1e-05	1e-05	1e-05	1e-05	1e-05	0.240533	1e-05	1e-05	1e-05	1e-05	NIC1662
1e-05	1.1e-05	1e-05	1e-05	1e-05	1e-05	1e-05	1e-05	1e-05	1e-05	1e-05	1e-05	1e-05	1e-05	1e-05	1e-05	1e-05	0.999789	1e-05	1e-05	1e-05	1e-05	NIC1663
1e-05	1e-05	1.7e-05	1.7e-05	1.1e-05	1e-05	1e-05	1e-05	1e-05	1e-05	1e-05	0.999762	1e-05	1e-05	1e-05	1e-05	1e-05	1.6e-05	1.6e-05	1.1e-05	1e-05	1e-05	NIC1664
1e-05	1e-05	1e-05	1e-05	1e-05	1e-05	1e-05	1e-05	1e-05	1e-05	1e-05	0.999782	1e-05	1.7e-05	1.1e-05	1.1e-05	1e-05	1e-05	1e-05	1e-05	1e-05	1e-05	NIC1665
1e-05	1e-05	1e-05	1e-05	1e-05	1e-05	1e-05	1e-05	1e-05	1e-05	1e-05	1e-05	1.8e-05	1e-05	1e-05	1e-05	1e-05	0.999782	1e-05	1e-05	1e-05	1e-05	NIC1666
1e-05	1e-05	1e-05	0.99979	1e-05	1e-05	1e-05	1e-05	1e-05	1e-05	1e-05	1e-05	1e-05	1e-05	1e-05	1e-05	1e-05	1e-05	1e-05	1e-05	1e-05	1e-05	NIC1667
1.9e-05	1e-05	1e-05	0.716903	1e-05	1e-05	1e-05	1e-05	1e-05	1e-05	1e-05	1e-05	1.1e-05	1e-05	1e-05	1e-05	1e-05	0.282887	1e-05	1e-05	1e-05	1e-05	NIC1681
1e-05	1e-05	1e-05	1e-05	1e-05	1e-05	1e-05	0.87983	1e-05	1e-05	1e-05	1e-05	1e-05	1e-05	1e-05	1e-05	1e-05	1e-05	0.11997	1e-05	1e-05	1e-05	NIC1688
1e-05	1e-05	1e-05	1e-05	1e-05	1e-05	1e-05	1e-05	1e-05	1e-05	1e-05	1e-05	1.3e-05	1e-05	1e-05	1e-05	1e-05	0.999787	1e-05	1e-05	1e-05	1e-05	NIC1692
1e-05	1e-05	1e-05	0.67305	1e-05	1e-05	1e-05	1e-05	1e-05	1e-05	1e-05	1e-05	1e-05	1e-05	1e-05	1e-05	1e-05	0.32675	1e-05	1e-05	1e-05	1e-05	NIC1693
1e-05	1e-05	0.820325	1e-05	1e-05	1e-05	1e-05	1e-05	1e-05	1e-05	1e-05	1e-05	1e-05	1e-05	1e-05	1e-05	1e-05	1e-05	0.179475	1e-05	1e-05	1e-05	NIC17
1e-05	1e-05	1e-05	1e-05	1e-05	1e-05	1e-05	1e-05	1e-05	1e-05	1e-05	1e-05	1e-05	1e-05	1e-05	1e-05	1e-05	1e-05	1e-05	1e-05	0.99979	1e-05	NIC174
1e-05	0.619861	0.336452	1e-05	1e-05	1e-05	1e-05	1e-05	1e-05	1e-05	1e-05	1e-05	0.043496	1e-05	1e-05	1e-05	1e-05	1e-05	1e-05	1e-05	1e-05	1e-05	NIC187
1.5e-05	0.09993	0.855642	1e-05	1e-05	1e-05	1e-05	1.9e-05	1e-05	1.9e-05	1e-05	1e-05	0.044206	1e-05	1.1e-05	1e-05	1e-05	1e-05	1e-05	1.8e-05	1e-05	1e-05	NIC188
1e-05	1e-05	1e-05	1e-05	1e-05	1e-05	1e-05	1e-05	1e-05	1e-05	1e-05	0.99979	1e-05	1e-05	1e-05	1e-05	1e-05	1e-05	1e-05	1e-05	1e-05	1e-05	NIC19
1e-05	1e-05	0.999785	1e-05	1e-05	1.1e-05	1.4e-05	1e-05	1e-05	1e-05	1e-05	1e-05	1e-05	1e-05	1e-05	1e-05	1e-05	1e-05	1e-05	1e-05	1e-05	1e-05	NIC191
1e-05	1e-05	1.6e-05	1e-05	1e-05	1e-05	1e-05	1e-05	1e-05	1e-05	1e-05	0.999774	1e-05	1e-05	1e-05	1e-05	1e-05	2e-05	1e-05	1e-05	1e-05	1e-05	NIC20
1e-05	1e-05	1e-05	1e-05	1e-05	1.7e-05	1e-05	1e-05	1.4e-05	1e-05	1e-05	0.999779	1e-05	1e-05	1e-05	1e-05	1e-05	1e-05	1e-05	1e-05	1e-05	1e-05	NIC21
1e-05	1e-05	1e-05	1.2e-05	1e-05	1e-05	1e-05	1e-05	1.1e-05	1.2e-05	1e-05	0.999785	1e-05	1e-05	1e-05	1e-05	1e-05	1e-05	1e-05	1e-05	1e-05	1e-05	NIC22
1e-05	1e-05	1e-05	1e-05	1e-05	0.99979	1e-05	1e-05	1e-05	1e-05	1e-05	1e-05	1e-05	1e-05	1e-05	1e-05	1e-05	1e-05	1e-05	1e-05	1e-05	1e-05	NIC2369
1e-05	1e-05	0.884423	1e-05	1e-05	1e-05	1e-05	1e-05	1e-05	1e-05	1e-05	1e-05	0.115375	1e-05	1e-05	1e-05	1e-05	1e-05	1e-05	1.2e-05	1e-05	1e-05	NIC248
1e-05	1e-05	0.99979	1e-05	1e-05	1e-05	1e-05	1e-05	1e-05	1e-05	1e-05	1e-05	1e-05	1e-05	1e-05	1e-05	1e-05	1e-05	1e-05	1e-05	1e-05	1e-05	NIC250
1e-05	1e-05	1e-05	1e-05	1e-05	1e-05	1e-05	0.825914	1e-05	1e-05	1e-05	1e-05	1e-05	1e-05	1e-05	1e-05	1e-05	1.2e-05	0.173879	1.5e-05	1e-05	1e-05	NIC2527
1e-05	1e-05	1e-05	1e-05	1e-05	1e-05	1e-05	1e-05	1e-05	1e-05	1e-05	1e-05	0.99979	1e-05	1e-05	1e-05	1e-05	1e-05	1e-05	1e-05	1e-05	1e-05	NIC309
1e-05	1e-05	1e-05	1e-05	1e-05	1e-05	1e-05	1e-05	1e-05	1e-05	1e-05	1e-05	0.99979	1e-05	1e-05	1e-05	1e-05	1e-05	1e-05	1e-05	1e-05	1e-05	NIC325
1e-05	1e-05	1e-05	1e-05	1e-05	1e-05	1e-05	1e-05	1e-05	1e-05	1e-05	1e-05	0.942826	1e-05	1e-05	1e-05	1e-05	1e-05	1e-05	1e-05	1e-05	0.056974	NIC327
1e-05	1e-05	1e-05	1e-05	1e-05	1e-05	1e-05	1e-05	1e-05	1e-05	1e-05	1e-05	0.99979	1e-05	1e-05	1e-05	1e-05	1e-05	1e-05	1e-05	1e-05	1e-05	NIC329
1e-05	1e-05	0.060196	1e-05	1e-05	1e-05	1e-05	1e-05	1e-05	1e-05	1e-05	1e-05	0.833789	1e-05	1e-05	1e-05	1e-05	1e-05	1e-05	0.105825	1e-05	1e-05	NIC330
1e-05	0.09177	1e-05	1e-05	0.117753	1e-05	1e-05	1e-05	1e-05	1e-05	1e-05	1e-05	0.790287	1e-05	1e-05	1e-05	1e-05	1e-05	1e-05	1e-05	1e-05	1e-05	NIC331
1e-05	1e-05	1e-05	1e-05	1e-05	1e-05	1e-05	1e-05	1e-05	1e-05	1e-05	1e-05	0.957822	1e-05	1e-05	1e-05	1e-05	1e-05	1e-05	1e-05	1e-05	0.041978	NIC332
1e-05	1e-05	1e-05	1e-05	1e-05	1e-05	1e-05	1e-05	1e-05	1e-05	1e-05	1e-05	0.99979	1e-05	1e-05	1e-05	1e-05	1e-05	1e-05	1e-05	1e-05	1e-05	NIC333
1e-05	1e-05	1e-05	1e-05	1e-05	0.022469	1e-05	0.701224	1e-05	1e-05	1e-05	1e-05	1e-05	1e-05	1e-05	1e-05	1e-05	1e-05	0.276117	1e-05	1e-05	1e-05	NIC343
1e-05	1e-05	0.065079	1e-05	1e-05	1e-05	1e-05	1e-05	1e-05	1e-05	1e-05	1e-05	0.64957	1e-05	1e-05	1e-05	1e-05	1e-05	0.285161	1e-05	1e-05	1e-05	NIC392
1e-05	1e-05	1e-05	1e-05	1e-05	1e-05	1e-05	1e-05	1e-05	1e-05	1e-05	1e-05	0.990314	1e-05	1e-05	1e-05	1e-05	1e-05	1e-05	1e-05	1e-05	0.009486	NIC400
1e-05	1e-05	1e-05	1e-05	1e-05	1e-05	1e-05	1e-05	1e-05	1e-05	1e-05	1e-05	0.965018	1e-05	1e-05	1e-05	1e-05	1e-05	1e-05	1e-05	1e-05	0.034782	NIC402
1e-05	1e-05	1e-05	1e-05	1e-05	0.99979	1e-05	1e-05	1e-05	1e-05	1e-05	1e-05	1e-05	1e-05	1e-05	1e-05	1e-05	1e-05	1e-05	1e-05	1e-05	1e-05	NIC419
1e-05	1e-05	1e-05	1e-05	1e-05	1e-05	1e-05	1e-05	1.3e-05	1e-05	1e-05	1e-05	1e-05	1e-05	1e-05	1e-05	1e-05	0.999787	1e-05	1e-05	1e-05	1e-05	NIC504
1.8e-05	1e-05	1e-05	1e-05	1e-05	1e-05	1e-05	1.1e-05	1e-05	1e-05	1e-05	1e-05	1e-05	1e-05	1.2e-05	1e-05	1e-05	0.999779	1e-05	1e-05	1e-05	1e-05	NIC505
1e-05	1e-05	1e-05	0.999779	1e-05	1e-05	1.1e-05	1.3e-05	1e-05	1e-05	1e-05	1e-05	1e-05	1e-05	1e-05	1e-05	1e-05	1e-05	1e-05	1.8e-05	1e-05	1e-05	NIC518
1e-05	1e-05	1e-05	0.999789	1e-05	1e-05	1e-05	1e-05	1e-05	1e-05	1e-05	1e-05	1.1e-05	1e-05	1e-05	1e-05	1e-05	1e-05	1e-05	1e-05	1e-05	1e-05	NIC519
1e-05	1e-05	0.999787	1e-05	1e-05	1e-05	1.1e-05	1e-05	1e-05	1e-05	1e-05	1e-05	1e-05	1e-05	1e-05	1e-05	1e-05	1e-05	1.2e-05	1e-05	1e-05	1e-05	NIC532
1e-05	1e-05	0.110564	1e-05	1e-05	1e-05	1e-05	1e-05	1e-05	1e-05	1e-05	1e-05	0.57468	0.271492	1e-05	1e-05	1e-05	1e-05	1e-05	0.043084	1e-05	1e-05	NIC541
1e-05	0.013587	0.986213	1e-05	1e-05	1e-05	1e-05	1e-05	1e-05	1e-05	1e-05	1e-05	1e-05	1e-05	1e-05	1e-05	1e-05	1e-05	1e-05	1e-05	1e-05	1e-05	NIC549
1e-05	1.1e-05	0.897577	1e-05	0.030356	1e-05	1e-05	1e-05	1e-05	1e-05	1e-05	1e-05	0.071876	1e-05	1e-05	1e-05	1e-05	1e-05	1e-05	1e-05	1e-05	1e-05	NIC552
1e-05	1e-05	0.507367	1e-05	0.051081	1e-05	1e-05	1e-05	1e-05	1e-05	1e-05	1e-05	0.441362	1e-05	1e-05	1e-05	1e-05	1e-05	1e-05	1e-05	1e-05	1e-05	NIC555
1e-05	0.066736	0.842176	1e-05	1e-05	1e-05	1e-05	1e-05	1e-05	1e-05	1e-05	1e-05	0.090899	1e-05	1e-05	1e-05	1e-05	1e-05	1e-05	1e-05	1e-05	1e-05	NIC574
1e-05	0.544739	0.371999	1e-05	1e-05	1e-05	1e-05	1e-05	1e-05	1e-05	1e-05	1e-05	0.083066	1e-05	1e-05	1e-05	1e-05	1.6e-05	1e-05	1e-05	1e-05	1e-05	NIC578
1e-05	0.46845	0.369098	1e-05	1e-05	1e-05	1e-05	1e-05	1e-05	1e-05	1e-05	1e-05	0.162262	1e-05	1e-05	1e-05	1e-05	1e-05	1e-05	1e-05	1e-05	1e-05	NIC583
1e-05	0.553639	0.168348	1e-05	1e-05	1e-05	1e-05	1e-05	1e-05	1e-05	1e-05	1e-05	0.196391	0.081442	1e-05	1e-05	1e-05	1e-05	1e-05	1e-05	1e-05	1e-05	NIC590
1e-05	1e-05	0.99979	1e-05	1e-05	1e-05	1e-05	1e-05	1e-05	1e-05	1e-05	1e-05	1e-05	1e-05	1e-05	1e-05	1e-05	1e-05	1e-05	1e-05	1e-05	1e-05	NIC593
1e-05	1e-05	1e-05	1e-05	1e-05	1e-05	1e-05	1e-05	1e-05	1e-05	1e-05	1e-05	0.99979	1e-05	1e-05	1e-05	1e-05	1e-05	1e-05	1e-05	1e-05	1e-05	NIC60
1e-05	0.074241	0.889348	1e-05	1e-05	1e-05	1e-05	1e-05	1e-05	1e-05	1e-05	1e-05	1e-05	1e-05	1e-05	1e-05	1e-05	1e-05	0.036221	1e-05	1e-05	1e-05	NIC61
1e-05	1e-05	0.37401	1e-05	1e-05	1e-05	1e-05	1e-05	1e-05	1e-05	1e-05	1e-05	0.62579	1e-05	1e-05	1e-05	1e-05	1e-05	1e-05	1e-05	1e-05	1e-05	NIC62
1e-05	1e-05	1e-05	1e-05	1e-05	0.99979	1e-05	1e-05	1e-05	1e-05	1e-05	1e-05	1e-05	1e-05	1e-05	1e-05	1e-05	1e-05	1e-05	1e-05	1e-05	1e-05	NIC67
1e-05	0.588542	0.306788	1e-05	1e-05	1e-05	1e-05	1e-05	1e-05	1e-05	1e-05	1e-05	0.014607	0.089884	1e-05	1e-05	1e-05	1e-05	1e-05	1e-05	1e-05	1e-05	NIC758
1e-05	0.083287	0.44084	1.1e-05	0.062804	1e-05	1.2e-05	1e-05	1e-05	1e-05	1e-05	1e-05	0.412883	1.1e-05	1.1e-05	1e-05	1e-05	1e-05	1e-05	1e-05	1e-05	1e-05	NIC777
1e-05	1e-05	1e-05	1e-05	1e-05	1e-05	1e-05	1e-05	1e-05	1.2e-05	1e-05	1e-05	1e-05	1e-05	1.4e-05	1e-05	1.5e-05	0.999777	1.1e-05	1e-05	1e-05	1e-05	NIC779
1e-05	1e-05	1e-05	1e-05	1e-05	1e-05	1e-05	0.99979	1e-05	1e-05	1e-05	1e-05	1e-05	1e-05	1e-05	1e-05	1e-05	1e-05	1e-05	1e-05	1e-05	1e-05	NIC790
1e-05	1e-05	1e-05	1e-05	1e-05	1e-05	1e-05	1e-05	1e-05	1e-05	1e-05	1e-05	1e-05	0.915004	1e-05	1e-05	1e-05	1e-05	0.084796	1e-05	1e-05	1e-05	NIC791
1e-05	1e-05	1e-05	1e-05	1e-05	1e-05	1e-05	0.681691	1e-05	0.029367	1e-05	1e-05	1e-05	0.288751	1e-05	1e-05	1e-05	1e-05	1e-05	1e-05	1e-05	1e-05	NIC792
1e-05	1e-05	1e-05	1e-05	1e-05	1.4e-05	1e-05	0.319232	1e-05	1e-05	1e-05	1e-05	1e-05	1e-05	1e-05	1e-05	1e-05	1e-05	0.680561	1e-05	1.3e-05	1e-05	NIC793
1e-05	1e-05	1e-05	1e-05	1e-05	1e-05	1e-05	0.99979	1e-05	1e-05	1e-05	1e-05	1e-05	1e-05	1e-05	1e-05	1e-05	1e-05	1e-05	1e-05	1e-05	1e-05	NIC795
1e-05	1e-05	1e-05	1e-05	1e-05	1e-05	1.3e-05	0.863651	1e-05	1e-05	1e-05	1e-05	1e-05	1e-05	1e-05	1e-05	1e-05	1e-05	0.136146	1e-05	1e-05	1e-05	NIC796
1e-05	1e-05	1e-05	1e-05	1e-05	1e-05	1e-05	0.99979	1e-05	1e-05	1e-05	1e-05	1e-05	1e-05	1e-05	1e-05	1e-05	1e-05	1e-05	1e-05	1e-05	1e-05	NIC802
1e-05	1e-05	1e-05	1e-05	1e-05	1e-05	1e-05	0.94722	1e-05	1e-05	1e-05	1e-05	0.05258	1e-05	1e-05	1e-05	1e-05	1e-05	1e-05	1e-05	1e-05	1e-05	NIC803
1e-05	1e-05	1e-05	0.99979	1e-05	1e-05	1e-05	1e-05	1e-05	1e-05	1e-05	1e-05	1e-05	1e-05	1e-05	1e-05	1e-05	1e-05	1e-05	1e-05	1e-05	1e-05	NIC805
1e-05	1e-05	1e-05	1e-05	1e-05	1.3e-05	1e-05	0.265931	1e-05	0.112788	1e-05	1e-05	1e-05	1e-05	1e-05	1e-05	1e-05	1e-05	0.621088	1e-05	1e-05	1e-05	NIC811
1.5e-05	1.6e-05	1e-05	0.355885	1e-05	1e-05	1e-05	1e-05	1.2e-05	1e-05	1e-05	1e-05	1e-05	1.1e-05	1e-05	1e-05	1e-05	0.643892	1.9e-05	1e-05	1e-05	1e-05	NIC814
1e-05	1.2e-05	1e-05	0.999786	1e-05	1e-05	1e-05	1.1e-05	1e-05	1e-05	1e-05	1e-05	1e-05	1e-05	1e-05	1e-05	1.1e-05	1e-05	1e-05	1e-05	1e-05	1e-05	NIC815
1e-05	1e-05	1e-05	1e-05	1e-05	1e-05	1e-05	1e-05	1.1e-05	1e-05	1e-05	0.999786	1e-05	1e-05	1e-05	1.1e-05	1e-05	1e-05	1e-05	1e-05	1.1e-05	1e-05	NIC816
1e-05	1e-05	1e-05	1e-05	1e-05	1e-05	1e-05	1e-05	0.99979	1e-05	1e-05	1e-05	1e-05	1e-05	1e-05	1e-05	1e-05	1e-05	1e-05	1e-05	1e-05	1e-05	NIC819
1e-05	1e-05	1e-05	1e-05	1e-05	1e-05	1e-05	0.934811	1e-05	1e-05	1e-05	1e-05	0.060651	1e-05	1e-05	1e-05	1e-05	1e-05	1e-05	0.004347	1e-05	1e-05	NIC821
1e-05	1e-05	1e-05	1e-05	1e-05	1e-05	1e-05	1e-05	1e-05	1e-05	1e-05	1e-05	1e-05	1e-05	1e-05	1e-05	1e-05	0.99979	1e-05	1e-05	1e-05	1e-05	NIC822
1e-05	1e-05	1e-05	0.999775	1e-05	1e-05	1.7e-05	1e-05	1e-05	1e-05	1e-05	1.1e-05	1.7e-05	1e-05	1e-05	1e-05	1e-05	1e-05	1e-05	1e-05	1e-05	1e-05	NIC824
1e-05	1e-05	1.1e-05	1e-05	1e-05	1.1e-05	1e-05	1e-05	1e-05	1e-05	1e-05	0.999787	1e-05	1.1e-05	1e-05	1e-05	1e-05	1e-05	1e-05	1e-05	1e-05	1e-05	NIC825
1e-05	1e-05	1e-05	1e-05	1e-05	1e-05	1e-05	1e-05	1e-05	1e-05	1e-05	0.99979	1e-05	1e-05	1e-05	1e-05	1e-05	1e-05	1e-05	1e-05	1e-05	1e-05	NIC827
1e-05	1e-05	1e-05	1e-05	1e-05	1e-05	1e-05	1e-05	1e-05	1e-05	1e-05	0.99979	1e-05	1e-05	1e-05	1e-05	1e-05	1e-05	1e-05	1e-05	1e-05	1e-05	NIC828
1e-05	1e-05	1e-05	1e-05	1e-05	1e-05	1e-05	1e-05	1e-05	1e-05	1e-05	1e-05	1.6e-05	1e-05	1e-05	1e-05	1e-05	0.999784	1e-05	1e-05	1e-05	1e-05	NIC863
1e-05	1e-05	1e-05	0.99979	1e-05	1e-05	1e-05	1e-05	1e-05	1e-05	1e-05	1e-05	1e-05	1e-05	1e-05	1e-05	1e-05	1e-05	1e-05	1e-05	1e-05	1e-05	NIC864
1e-05	1e-05	1e-05	1e-05	1e-05	1e-05	1e-05	1e-05	1.1e-05	1.5e-05	1e-05	1e-05	1e-05	1.3e-05	1e-05	1.4e-05	1.1e-05	0.999777	1e-05	1e-05	1e-05	1e-05	NIC865
1e-05	1e-05	1e-05	1e-05	1e-05	1e-05	1e-05	0.727827	1e-05	1e-05	1e-05	1e-05	1e-05	1e-05	1e-05	1e-05	1e-05	1e-05	0.271973	1e-05	1e-05	1e-05	NIC871
1e-05	1e-05	1e-05	1e-05	1e-05	1e-05	1e-05	0.950712	1e-05	1e-05	1e-05	1e-05	1e-05	1e-05	1e-05	1e-05	1e-05	1e-05	0.049088	1e-05	1e-05	1e-05	NIC883
1e-05	1e-05	1e-05	0.999785	1e-05	1e-05	1.4e-05	1e-05	1e-05	1e-05	1e-05	1e-05	1e-05	1e-05	1e-05	1e-05	1e-05	1e-05	1e-05	1e-05	1e-05	1e-05	NIC889
0.999781	1e-05	1e-05	1e-05	1e-05	1e-05	1e-05	1e-05	1.3e-05	1e-05	1e-05	1.2e-05	1e-05	1e-05	1e-05	1e-05	1e-05	1e-05	1e-05	1.3e-05	1e-05	1e-05	NIC893
1e-05	1e-05	1e-05	0.94448	1e-05	1e-05	1.5e-05	1e-05	1e-05	1e-05	1e-05	1e-05	1e-05	1e-05	1e-05	1e-05	1e-05	0.055315	1e-05	1e-05	1e-05	1e-05	NIC897
1e-05	1e-05	1e-05	1e-05	1e-05	1e-05	1e-05	1e-05	1e-05	1e-05	1e-05	1e-05	1e-05	1e-05	1e-05	1e-05	1e-05	1e-05	1e-05	1e-05	0.99979	1e-05	NIC899
1e-05	1.2e-05	0.757564	1e-05	1.8e-05	1e-05	1e-05	1e-05	1e-05	1e-05	1e-05	1e-05	1e-05	1e-05	1e-05	1e-05	1e-05	1e-05	0.242227	1e-05	1e-05	1e-05	NIC901
1e-05	1e-05	0.14628	1e-05	1e-05	1.1e-05	1e-05	1e-05	1e-05	1e-05	1e-05	1e-05	0.301256	1e-05	1e-05	1e-05	1e-05	1e-05	0.552273	1e-05	1e-05	1e-05	NIC911
1e-05	1e-05	1e-05	1e-05	1e-05	1e-05	1e-05	1e-05	1e-05	1e-05	1e-05	1e-05	0.99979	1e-05	1e-05	1e-05	1e-05	1e-05	1e-05	1e-05	1e-05	1e-05	NIC96
1e-05	1e-05	1e-05	1e-05	1e-05	1e-05	1e-05	1e-05	1e-05	1e-05	1e-05	1e-05	0.293028	1e-05	1e-05	1e-05	1e-05	1e-05	0.706772	1e-05	1e-05	1e-05	NIC984
1e-05	1e-05	0.130992	1e-05	1e-05	0.161016	1e-05	1e-05	1e-05	1e-05	1e-05	1e-05	0.216916	1e-05	1e-05	1e-05	1e-05	1e-05	0.490896	1e-05	1e-05	1e-05	NIC985
1.1e-05	1e-05	1e-05	1.1e-05	1e-05	1e-05	1e-05	1e-05	1e-05	1e-05	1e-05	1e-05	1.1e-05	1e-05	1e-05	1e-05	1e-05	1e-05	1e-05	1e-05	0.999788	1e-05	PB800
1e-05	1e-05	1e-05	1e-05	1e-05	1e-05	1e-05	1e-05	1e-05	1e-05	1e-05	1e-05	1e-05	1e-05	1e-05	1e-05	1e-05	1e-05	1e-05	1e-05	0.99979	1e-05	PB857
1.1e-05	1e-05	0.421542	1e-05	1.4e-05	1e-05	1e-05	0.578252	1e-05	1.1e-05	1e-05	1e-05	1e-05	1e-05	1e-05	1e-05	1e-05	1e-05	1e-05	1e-05	1e-05	1e-05	PE887
1e-05	2e-05	1e-05	1e-05	0.194664	1e-05	1e-05	1e-05	1e-05	1e-05	1e-05	1e-05	1e-05	1e-05	1.5e-05	1e-05	1e-05	1e-05	1e-05	0.404843	1e-05	0.400289	QG1005
1e-05	1.2e-05	1e-05	1e-05	1.7e-05	1e-05	1e-05	1e-05	1e-05	1e-05	1e-05	1e-05	1e-05	1e-05	1e-05	1e-05	1e-05	1e-05	1e-05	1e-05	1e-05	0.999781	QG1007
1e-05	1e-05	1e-05	1e-05	0.412633	1e-05	1e-05	1e-05	1e-05	1e-05	1e-05	1e-05	1e-05	1e-05	1e-05	1e-05	1e-05	1e-05	1e-05	1e-05	1e-05	0.587167	QG1111
1e-05	1e-05	1e-05	1e-05	1e-05	1e-05	1e-05	1e-05	1e-05	1e-05	1e-05	1e-05	1e-05	1e-05	1e-05	1e-05	1e-05	1e-05	1e-05	1e-05	1e-05	0.99979	QG1126
1e-05	1e-05	1e-05	1e-05	0.99979	1e-05	1e-05	1e-05	1e-05	1e-05	1e-05	1e-05	1e-05	1e-05	1e-05	1e-05	1e-05	1e-05	1e-05	1e-05	1e-05	1e-05	QG1141
1e-05	1e-05	1e-05	1e-05	0.830645	1e-05	1e-05	1e-05	1e-05	1e-05	1e-05	1e-05	1e-05	1e-05	1e-05	1e-05	1e-05	1e-05	1e-05	0.055617	1e-05	0.113547	QG1155
1e-05	1e-05	1e-05	1e-05	1e-05	1e-05	1e-05	1e-05	1e-05	1e-05	1e-05	1e-05	1e-05	1e-05	1e-05	1e-05	1e-05	1e-05	0.99979	1e-05	1e-05	1e-05	QG130
1e-05	1e-05	1e-05	1e-05	1e-05	1e-05	1e-05	0.184821	1e-05	1e-05	1e-05	1e-05	0.03027	1e-05	1e-05	1e-05	1e-05	1e-05	0.784719	1e-05	1e-05	1e-05	QG132
1e-05	1e-05	1e-05	0.974832	1e-05	1e-05	1e-05	1e-05	1e-05	1e-05	1e-05	1e-05	1e-05	1e-05	1e-05	1e-05	1e-05	1e-05	0.024968	1e-05	1e-05	1e-05	QG133
1e-05	1e-05	1e-05	1e-05	0.180064	1e-05	1e-05	1e-05	1e-05	1e-05	1e-05	1e-05	1e-05	1e-05	1e-05	1e-05	1e-05	1e-05	1e-05	1e-05	1e-05	0.819736	QG2641
1e-05	1e-05	1e-05	1e-05	1e-05	1e-05	1e-05	1e-05	1e-05	1.6e-05	1e-05	1e-05	1e-05	1e-05	1e-05	1e-05	1e-05	1e-05	1e-05	1e-05	1e-05	0.999784	QG2648
1e-05	1e-05	1e-05	1e-05	0.481784	1e-05	1e-05	1e-05	1e-05	1e-05	1e-05	1e-05	1e-05	1e-05	1e-05	1e-05	1e-05	1e-05	1e-05	1e-05	1e-05	0.518016	QG2659
1e-05	1e-05	1e-05	1e-05	0.791135	1e-05	1e-05	1e-05	1e-05	1e-05	1e-05	1e-05	1.9e-05	1e-05	1e-05	1e-05	1e-05	1e-05	1e-05	1e-05	1e-05	0.208656	QG2663
1e-05	1e-05	1e-05	1e-05	0.140263	1e-05	1e-05	1e-05	1e-05	1e-05	1e-05	1e-05	1e-05	1e-05	1e-05	1e-05	1e-05	1e-05	1.3e-05	1e-05	1e-05	0.859533	QG2665
1e-05	1e-05	1e-05	1e-05	0.99979	1e-05	1e-05	1e-05	1e-05	1e-05	1e-05	1e-05	1e-05	1e-05	1e-05	1e-05	1e-05	1e-05	1e-05	1e-05	1e-05	1e-05	QG2683
1e-05	1e-05	1e-05	1e-05	0.460691	1e-05	1e-05	1e-05	1e-05	1e-05	1e-05	1e-05	1e-05	1e-05	1e-05	1e-05	1e-05	1e-05	1e-05	1e-05	1e-05	0.539109	QG2736
1e-05	1.4e-05	1e-05	1e-05	1e-05	1e-05	1e-05	0.098102	1e-05	1e-05	1e-05	1e-05	1e-05	1e-05	1e-05	1e-05	1e-05	1e-05	0.901694	1e-05	1e-05	1e-05	QG2814
1e-05	1e-05	0.023399	1e-05	1e-05	1e-05	1e-05	0.598584	1e-05	1e-05	1e-05	1e-05	1e-05	1e-05	1e-05	1e-05	1e-05	1e-05	0.376735	0.001102	1e-05	1e-05	QG2820
1e-05	1e-05	1e-05	1e-05	1e-05	1e-05	1e-05	0.515558	1e-05	1e-05	1e-05	1e-05	1e-05	1e-05	1e-05	1e-05	1e-05	1e-05	0.484242	1e-05	1e-05	1e-05	QG2848
1e-05	1e-05	1e-05	1e-05	1e-05	1e-05	1e-05	1e-05	1e-05	1e-05	1e-05	1e-05	1e-05	0.99979	1e-05	1e-05	1e-05	1e-05	1e-05	1e-05	1e-05	1e-05	QG2880
1e-05	1e-05	1e-05	1e-05	1e-05	1e-05	1e-05	1e-05	1e-05	1e-05	1e-05	1e-05	1e-05	1e-05	1e-05	1e-05	1e-05	1e-05	0.99979	1e-05	1e-05	1e-05	QG2881
1e-05	1e-05	1e-05	1e-05	1e-05	1e-05	1e-05	1e-05	1e-05	1e-05	1e-05	1e-05	1e-05	1e-05	1e-05	1e-05	1e-05	1e-05	0.99979	1e-05	1e-05	1e-05	QG2883
1.1e-05	1.8e-05	1e-05	1e-05	1e-05	1e-05	1e-05	1e-05	1e-05	1e-05	1e-05	1e-05	1e-05	0.999781	1e-05	1e-05	1e-05	1e-05	1e-05	1e-05	1e-05	1e-05	QG2884
1e-05	1e-05	1e-05	1e-05	1e-05	1e-05	1e-05	1e-05	1e-05	1e-05	0.99979	1e-05	1e-05	1e-05	1e-05	1e-05	1e-05	1e-05	1e-05	1e-05	1e-05	1e-05	QG2891
1e-05	1.4e-05	1e-05	1e-05	1e-05	1e-05	1e-05	1e-05	1e-05	1e-05	1e-05	1e-05	1e-05	0.999786	1e-05	1e-05	1e-05	1e-05	1e-05	1e-05	1e-05	1e-05	QG2892
1e-05	1e-05	1e-05	1e-05	1e-05	1e-05	1e-05	1e-05	1e-05	1e-05	1e-05	1e-05	1e-05	1e-05	1e-05	1e-05	0.99979	1e-05	1e-05	1e-05	1e-05	1e-05	QG2893
1e-05	1e-05	1e-05	1e-05	1e-05	1e-05	1e-05	1e-05	1e-05	1e-05	1e-05	1e-05	1e-05	0.99979	1e-05	1e-05	1e-05	1e-05	1e-05	1e-05	1e-05	1e-05	QG2895
1e-05	1e-05	1e-05	1e-05	1e-05	1e-05	1e-05	1e-05	1e-05	1e-05	1e-05	1e-05	1e-05	0.99979	1e-05	1e-05	1e-05	1e-05	1e-05	1e-05	1e-05	1e-05	QG2902
1e-05	1e-05	1e-05	1e-05	1e-05	1.1e-05	1e-05	1e-05	1e-05	1e-05	1e-05	1e-05	1e-05	0.999781	1.1e-05	1e-05	1e-05	1.7e-05	1e-05	1e-05	1e-05	1e-05	QG2903
1e-05	1e-05	1e-05	1e-05	1e-05	1e-05	1e-05	1e-05	1e-05	1e-05	1e-05	1e-05	1e-05	0.99979	1e-05	1e-05	1e-05	1e-05	1e-05	1e-05	1e-05	1e-05	QG2906
1e-05	1e-05	1e-05	1e-05	1e-05	1e-05	1e-05	1e-05	1e-05	1e-05	1e-05	1e-05	1e-05	1e-05	1e-05	1e-05	0.99979	1e-05	1e-05	1e-05	1e-05	1e-05	QG2908
1e-05	1e-05	1e-05	1e-05	1e-05	1e-05	1e-05	0.676603	1e-05	1e-05	1e-05	1e-05	0.011763	1e-05	1e-05	1e-05	1e-05	1e-05	0.311444	1e-05	1e-05	1e-05	QG2910
1e-05	1e-05	1e-05	1e-05	1e-05	1e-05	1e-05	1e-05	1.1e-05	1e-05	0.605634	1e-05	1e-05	1e-05	1e-05	1e-05	0.394162	1e-05	1.3e-05	1e-05	1e-05	1e-05	QG2919
1e-05	1e-05	1e-05	1e-05	1e-05	1e-05	1e-05	1e-05	1e-05	1e-05	1e-05	1e-05	1e-05	0.99979	1e-05	1e-05	1e-05	1e-05	1e-05	1e-05	1e-05	1e-05	QG2923
1e-05	1e-05	1e-05	1e-05	1e-05	1e-05	1e-05	1e-05	1e-05	1e-05	1e-05	1e-05	1e-05	0.99979	1e-05	1e-05	1e-05	1e-05	1e-05	1e-05	1e-05	1e-05	QG2925
1e-05	1e-05	1e-05	1e-05	0.99979	1e-05	1e-05	1e-05	1e-05	1e-05	1e-05	1e-05	1e-05	1e-05	1e-05	1e-05	1e-05	1e-05	1e-05	1e-05	1e-05	1e-05	QG2964
1e-05	0.048851	1e-05	1e-05	0.608539	1e-05	1e-05	1e-05	1e-05	1e-05	1e-05	1e-05	1e-05	1e-05	1e-05	1e-05	1e-05	1e-05	0.241961	0.100469	1e-05	1e-05	QG2966
1e-05	1e-05	1e-05	1e-05	0.047308	1e-05	1e-05	1e-05	1e-05	1e-05	1e-05	1e-05	1e-05	1e-05	1e-05	1e-05	1e-05	1e-05	1e-05	1e-05	1e-05	0.952492	QG2969
1e-05	1.2e-05	1e-05	1e-05	0.323673	1e-05	1e-05	1e-05	1e-05	1e-05	1e-05	1e-05	1e-05	1e-05	1e-05	1e-05	1e-05	1e-05	1e-05	1e-05	1e-05	0.676125	QG2972
1e-05	1e-05	1e-05	1e-05	1e-05	1e-05	1e-05	1e-05	1e-05	1.4e-05	1e-05	1e-05	1e-05	1e-05	1e-05	1e-05	1e-05	1e-05	1e-05	1e-05	1e-05	0.999786	QG2996
1e-05	1e-05	2e-05	1e-05	0.195286	1e-05	1e-05	1e-05	1e-05	1e-05	1e-05	1e-05	1e-05	1e-05	1e-05	1e-05	1e-05	1e-05	1e-05	0.664835	1e-05	0.13968	QG3004
1e-05	1e-05	1e-05	1e-05	0.257948	1e-05	1e-05	1e-05	1e-05	1e-05	1e-05	1e-05	1e-05	1e-05	1e-05	1e-05	1e-05	1e-05	1e-05	0.001586	1e-05	0.740276	QG3006
1e-05	1e-05	1e-05	1e-05	0.320885	1e-05	1e-05	1e-05	1e-05	1e-05	1e-05	1e-05	1e-05	1e-05	1e-05	1e-05	1e-05	1e-05	1e-05	0.479335	1e-05	0.19959	QG3019
1e-05	1e-05	1e-05	1e-05	1e-05	1e-05	1e-05	1e-05	1e-05	1e-05	1e-05	1e-05	1e-05	1e-05	1e-05	1e-05	1e-05	1e-05	1e-05	1e-05	1e-05	0.99979	QG3025
1e-05	1e-05	1.1e-05	1e-05	1.6e-05	1e-05	1e-05	1.5e-05	1e-05	1e-05	1e-05	1e-05	1.9e-05	1e-05	1.1e-05	1e-05	1e-05	1e-05	1e-05	1e-05	1e-05	0.999768	QG3030
1e-05	1e-05	1e-05	1e-05	0.458205	1e-05	1e-05	1e-05	1e-05	1e-05	1e-05	1e-05	1e-05	1e-05	1e-05	1e-05	1e-05	1e-05	1e-05	0.436774	1e-05	0.104831	QG3032
1e-05	1e-05	1e-05	1e-05	1e-05	1e-05	1e-05	1e-05	1e-05	1e-05	1e-05	1e-05	1e-05	1e-05	1e-05	1e-05	1e-05	1e-05	1e-05	1e-05	1e-05	0.99979	QG3034
1e-05	1e-05	1e-05	1e-05	1e-05	1e-05	1e-05	1e-05	1e-05	1e-05	1e-05	1e-05	1e-05	1e-05	1e-05	1e-05	1e-05	1e-05	1e-05	1e-05	1e-05	0.99979	QG3041
1e-05	0.701381	1e-05	1e-05	1e-05	1e-05	1e-05	0.029651	1e-05	1e-05	1e-05	1e-05	1e-05	1e-05	1e-05	1e-05	1e-05	1e-05	0.268777	1e-05	1e-05	1e-05	QG3053
1e-05	0.0787	1e-05	1e-05	0.608493	1e-05	1e-05	1e-05	1e-05	1e-05	1e-05	1e-05	1e-05	1e-05	1e-05	1e-05	1e-05	1e-05	0.237204	0.075424	1e-05	1e-05	QG3056
1e-05	1e-05	1e-05	1e-05	0.081847	1e-05	1e-05	1e-05	1e-05	1.2e-05	1e-05	1e-05	1.6e-05	1e-05	1.1e-05	1e-05	1e-05	1e-05	1e-05	0.049109	1e-05	0.868845	QG3057
1e-05	1e-05	1e-05	1e-05	0.521919	1e-05	1e-05	1e-05	1e-05	1e-05	1e-05	1e-05	1e-05	1e-05	1e-05	1e-05	1e-05	1e-05	1e-05	0.25242	1e-05	0.225471	QG3058
1e-05	0.913314	1e-05	1e-05	0.085528	1e-05	1e-05	1e-05	1e-05	1e-05	1e-05	1e-05	1e-05	1e-05	1e-05	1e-05	1e-05	1e-05	1e-05	1e-05	1e-05	0.000968	QG3527
1e-05	1e-05	1e-05	1e-05	1e-05	1e-05	1e-05	1e-05	1e-05	1e-05	1e-05	1e-05	1e-05	1e-05	1e-05	1e-05	1e-05	1e-05	1e-05	1e-05	0.99979	1e-05	QG3661
1e-05	0.977918	1e-05	1e-05	1e-05	1e-05	1e-05	1e-05	1e-05	1e-05	1e-05	1e-05	1e-05	1e-05	1e-05	1e-05	1e-05	1e-05	0.021882	1e-05	1e-05	1e-05	QG3783
1e-05	0.080648	1e-05	1e-05	0.360033	1e-05	1e-05	1e-05	1e-05	0.105534	1e-05	1e-05	1e-05	1e-05	1e-05	1e-05	1e-05	1e-05	1e-05	0.078223	1e-05	0.375392	QG3801
1e-05	0.99979	1e-05	1e-05	1e-05	1e-05	1e-05	1e-05	1e-05	1e-05	1e-05	1e-05	1e-05	1e-05	1e-05	1e-05	1e-05	1e-05	1e-05	1e-05	1e-05	1e-05	QG3815
1e-05	0.99979	1e-05	1e-05	1e-05	1e-05	1e-05	1e-05	1e-05	1e-05	1e-05	1e-05	1e-05	1e-05	1e-05	1e-05	1e-05	1e-05	1e-05	1e-05	1e-05	1e-05	QG3816
1e-05	0.121084	1e-05	1e-05	0.109048	1e-05	1e-05	1e-05	1e-05	0.018217	1e-05	1e-05	0.015775	1e-05	1e-05	1e-05	1e-05	1e-05	0.004931	1e-05	1e-05	0.730786	QG3823
1e-05	0.99979	1e-05	1e-05	1e-05	1e-05	1e-05	1e-05	1e-05	1e-05	1e-05	1e-05	1e-05	1e-05	1e-05	1e-05	1e-05	1e-05	1e-05	1e-05	1e-05	1e-05	QG3825
1e-05	0.935191	1e-05	1e-05	1e-05	1e-05	1e-05	1e-05	1e-05	1e-05	1e-05	1e-05	1e-05	1e-05	1e-05	1e-05	1e-05	1e-05	0.064609	1e-05	1e-05	1e-05	QG3826
1e-05	0.99979	1e-05	1e-05	1e-05	1e-05	1e-05	1e-05	1e-05	1e-05	1e-05	1e-05	1e-05	1e-05	1e-05	1e-05	1e-05	1e-05	1e-05	1e-05	1e-05	1e-05	QG3837
1e-05	0.999785	1e-05	1e-05	1e-05	1e-05	1e-05	1e-05	1e-05	1e-05	1e-05	1e-05	1e-05	1e-05	1e-05	1e-05	1e-05	1e-05	1.5e-05	1e-05	1e-05	1e-05	QG3851
1e-05	0.999789	1e-05	1e-05	1e-05	1e-05	1e-05	1e-05	1e-05	1e-05	1e-05	1e-05	1e-05	1.1e-05	1e-05	1e-05	1e-05	1e-05	1e-05	1e-05	1e-05	1e-05	QG3861
1e-05	0.11251	1e-05	1e-05	0.164209	1e-05	1e-05	1e-05	1e-05	1e-05	1e-05	1e-05	1e-05	1e-05	1e-05	1e-05	1e-05	1e-05	0.01963	0.136808	1e-05	0.566673	QG3867
1e-05	0.82061	0.075374	1e-05	1e-05	1e-05	1e-05	1e-05	1e-05	1e-05	1e-05	1e-05	1e-05	1e-05	1e-05	1e-05	1e-05	1e-05	0.103826	1e-05	1e-05	1e-05	QG3874
1e-05	0.941047	0.058753	1e-05	1e-05	1e-05	1e-05	1e-05	1e-05	1e-05	1e-05	1e-05	1e-05	1e-05	1e-05	1e-05	1e-05	1e-05	1e-05	1e-05	1e-05	1e-05	QG3875
1e-05	0.99979	1e-05	1e-05	1e-05	1e-05	1e-05	1e-05	1e-05	1e-05	1e-05	1e-05	1e-05	1e-05	1e-05	1e-05	1e-05	1e-05	1e-05	1e-05	1e-05	1e-05	QG3876
1e-05	0.99979	1e-05	1e-05	1e-05	1e-05	1e-05	1e-05	1e-05	1e-05	1e-05	1e-05	1e-05	1e-05	1e-05	1e-05	1e-05	1e-05	1e-05	1e-05	1e-05	1e-05	QG3878
1e-05	1e-05	0.550933	1e-05	1e-05	1e-05	1e-05	1e-05	1e-05	1e-05	1e-05	1e-05	1.8e-05	1.8e-05	1e-05	1e-05	1e-05	1e-05	0.017481	0.43138	1e-05	1e-05	QG3920
1e-05	1e-05	0.557693	1e-05	1e-05	1e-05	1e-05	1e-05	1e-05	1e-05	1e-05	1e-05	1e-05	1e-05	1e-05	1e-05	1e-05	1e-05	1e-05	0.442107	1e-05	1e-05	QG3921
1e-05	1e-05	0.834624	1e-05	1e-05	1e-05	1e-05	0.002054	1e-05	1e-05	1e-05	1e-05	0.131392	1e-05	1e-05	1e-05	1e-05	1e-05	1e-05	0.03175	1e-05	1e-05	QG3923
1e-05	1e-05	0.025149	1e-05	1e-05	1e-05	1e-05	0.119582	1e-05	1e-05	1e-05	1e-05	0.071849	1e-05	1e-05	1e-05	1e-05	1e-05	0.164904	0.618346	1e-05	1e-05	QG3924
1e-05	1e-05	0.513595	1e-05	1e-05	1e-05	1e-05	1e-05	1e-05	1e-05	1e-05	1e-05	0.155439	1e-05	1e-05	1e-05	1e-05	1e-05	1e-05	0.330775	1e-05	1e-05	QG3925
1e-05	1e-05	0.564573	1e-05	1e-05	1e-05	1e-05	1e-05	1e-05	1e-05	1e-05	1e-05	0.118221	1e-05	1e-05	1e-05	1e-05	1e-05	1e-05	0.317015	1e-05	1e-05	QG3926
1e-05	1e-05	0.628228	1e-05	1e-05	1e-05	1e-05	1e-05	1e-05	1e-05	1e-05	1e-05	1e-05	1e-05	1e-05	1e-05	1e-05	1e-05	0.033685	0.337897	1e-05	1e-05	QG3927
1e-05	0.047442	0.151465	1e-05	1e-05	1e-05	1e-05	1e-05	1e-05	1e-05	1e-05	1e-05	0.16585	1e-05	1e-05	1e-05	1e-05	1e-05	0.116666	0.518407	1e-05	1e-05	QG3931
1e-05	0.130909	0.208443	1e-05	1e-05	1.4e-05	1e-05	1e-05	1.1e-05	1e-05	1e-05	1e-05	1e-05	1e-05	1e-05	1e-05	1e-05	1e-05	0.343093	0.317371	1e-05	1e-05	QG3932
1e-05	1e-05	0.824929	1e-05	1e-05	1e-05	1e-05	0.069455	1e-05	1e-05	1e-05	1e-05	1e-05	1e-05	1e-05	1e-05	1e-05	1e-05	0.105426	1e-05	1e-05	1e-05	QG3933
1e-05	1e-05	1e-05	1e-05	1e-05	1e-05	1e-05	1e-05	1e-05	1e-05	0.99979	1e-05	1e-05	1e-05	1e-05	1e-05	1e-05	1e-05	1e-05	1e-05	1e-05	1e-05	QG4026
1e-05	1e-05	1e-05	1e-05	1e-05	1e-05	1e-05	1e-05	1e-05	1e-05	0.99979	1e-05	1e-05	1e-05	1e-05	1e-05	1e-05	1e-05	1e-05	1e-05	1e-05	1e-05	QG4028
1e-05	1e-05	1e-05	1e-05	1e-05	1e-05	1e-05	1e-05	1e-05	1e-05	0.99979	1e-05	1e-05	1e-05	1e-05	1e-05	1e-05	1e-05	1e-05	1e-05	1e-05	1e-05	QG4031
2e-05	1e-05	1e-05	1e-05	1.2e-05	1e-05	1e-05	1e-05	1.2e-05	1e-05	0.999774	1e-05	1e-05	1e-05	1e-05	1e-05	1.1e-05	1e-05	1e-05	1e-05	1e-05	1e-05	QG4063
1e-05	1e-05	1e-05	1e-05	1e-05	1e-05	1e-05	1e-05	1.1e-05	1e-05	0.99978	1e-05	1e-05	1e-05	1e-05	1e-05	1.1e-05	1e-05	1e-05	1e-05	1.8e-05	1e-05	QG4064
1e-05	1e-05	1e-05	1e-05	1e-05	1e-05	1e-05	1e-05	1e-05	1e-05	0.999789	1e-05	1e-05	1e-05	1e-05	1e-05	1.1e-05	1e-05	1e-05	1e-05	1e-05	1e-05	QG4067
1e-05	1e-05	1e-05	1e-05	1e-05	1e-05	1e-05	1e-05	1e-05	1e-05	0.99979	1e-05	1e-05	1e-05	1e-05	1e-05	1e-05	1e-05	1e-05	1e-05	1e-05	1e-05	QG4068
1e-05	1.7e-05	0.330547	1e-05	1e-05	1e-05	1e-05	0.137416	1e-05	1e-05	1e-05	1e-05	1e-05	1e-05	1e-05	1e-05	1e-05	1e-05	0.53184	1e-05	1e-05	1e-05	QG4070
1e-05	1e-05	1e-05	1e-05	1e-05	1e-05	1e-05	1e-05	1e-05	1e-05	1e-05	1e-05	1e-05	1e-05	1e-05	1e-05	0.99979	1e-05	1e-05	1e-05	1e-05	1e-05	QG4093
1e-05	1e-05	1e-05	1e-05	1e-05	1e-05	1e-05	1e-05	1e-05	1e-05	0.648331	1e-05	1e-05	1e-05	1e-05	1e-05	0.351469	1e-05	1e-05	1e-05	1e-05	1e-05	QG4094
1e-05	1e-05	1e-05	1e-05	1e-05	1e-05	1e-05	1e-05	1e-05	1e-05	0.99979	1e-05	1e-05	1e-05	1e-05	1e-05	1e-05	1e-05	1e-05	1e-05	1e-05	1e-05	QG4095
1e-05	1e-05	1.9e-05	1e-05	1e-05	1e-05	1e-05	1e-05	1e-05	1e-05	0.999777	1e-05	1e-05	1e-05	1e-05	1e-05	1e-05	1.4e-05	1e-05	1e-05	1e-05	1e-05	QG4096
1e-05	1e-05	1e-05	1e-05	1e-05	1e-05	1e-05	1e-05	1e-05	1e-05	0.99979	1e-05	1e-05	1e-05	1e-05	1e-05	1e-05	1e-05	1e-05	1e-05	1e-05	1e-05	QG4097
1e-05	1e-05	1e-05	1e-05	1e-05	1e-05	1.1e-05	1e-05	1e-05	1e-05	0.999782	1e-05	1e-05	1e-05	1e-05	1e-05	1.7e-05	1e-05	1e-05	1e-05	1e-05	1e-05	QG4104
1e-05	1e-05	1e-05	1e-05	1e-05	1e-05	1.4e-05	1e-05	1e-05	1e-05	0.999786	1e-05	1e-05	1e-05	1e-05	1e-05	1e-05	1e-05	1e-05	1e-05	1e-05	1e-05	QG4114
1e-05	1e-05	1e-05	1e-05	1e-05	1e-05	1e-05	1e-05	1e-05	1e-05	0.99979	1e-05	1e-05	1e-05	1e-05	1e-05	1e-05	1e-05	1e-05	1e-05	1e-05	1e-05	QG4131
1e-05	1e-05	1e-05	1e-05	1e-05	1e-05	1e-05	1e-05	1e-05	1e-05	0.99979	1e-05	1e-05	1e-05	1e-05	1e-05	1e-05	1e-05	1e-05	1e-05	1e-05	1e-05	QG4132
1e-05	1e-05	1e-05	1e-05	1e-05	1e-05	1e-05	1e-05	1e-05	1e-05	1e-05	1e-05	1e-05	1e-05	1e-05	1e-05	0.99979	1e-05	1e-05	1e-05	1e-05	1e-05	QG4208
1e-05	1e-05	1e-05	1e-05	1e-05	1e-05	1e-05	1e-05	1e-05	1.1e-05	0.999783	1e-05	1e-05	1e-05	1e-05	1e-05	1.6e-05	1e-05	1e-05	1e-05	1e-05	1e-05	QG4214
1e-05	1e-05	1e-05	1e-05	1e-05	1e-05	1e-05	1e-05	1e-05	1e-05	0.99979	1e-05	1e-05	1e-05	1e-05	1e-05	1e-05	1e-05	1e-05	1e-05	1e-05	1e-05	QG4225
1e-05	1e-05	1e-05	1e-05	1e-05	1e-05	1e-05	1e-05	1e-05	1e-05	0.371212	1e-05	1e-05	1e-05	1e-05	1e-05	0.628588	1e-05	1e-05	1e-05	1e-05	1e-05	QG4232
1e-05	1e-05	1e-05	1e-05	1e-05	1e-05	1e-05	1e-05	1e-05	1e-05	0.734738	1e-05	1e-05	1e-05	1e-05	1e-05	0.265062	1e-05	1e-05	1e-05	1e-05	1e-05	QG4233
1e-05	1e-05	1e-05	1e-05	1e-05	1e-05	1e-05	1e-05	1e-05	1e-05	1e-05	1e-05	1e-05	0.99979	1e-05	1e-05	1e-05	1e-05	1e-05	1e-05	1e-05	1e-05	QG4647
1e-05	1e-05	1e-05	1e-05	1e-05	1e-05	1e-05	0.99979	1e-05	1e-05	1e-05	1e-05	1e-05	1e-05	1e-05	1e-05	1e-05	1e-05	1e-05	1e-05	1e-05	1e-05	QG4648
1e-05	1e-05	0.12576	1e-05	1e-05	1e-05	1e-05	0.67773	1e-05	1e-05	1e-05	1e-05	1e-05	1e-05	1e-05	1e-05	1e-05	1e-05	0.19632	1e-05	1e-05	1e-05	QG4683
1e-05	1e-05	1e-05	1e-05	1e-05	1e-05	1e-05	0.463183	1e-05	1e-05	1e-05	1e-05	1e-05	0.536617	1e-05	1e-05	1e-05	1e-05	1e-05	1e-05	1e-05	1e-05	QG4701
1e-05	1e-05	0.007974	1e-05	1e-05	1e-05	1e-05	0.88164	1e-05	1e-05	1e-05	1e-05	1.5e-05	1e-05	1e-05	1e-05	1e-05	1e-05	0.105527	0.004675	1e-05	1e-05	QG4706
1e-05	1e-05	1e-05	1e-05	1e-05	1e-05	1e-05	0.99978	1e-05	1e-05	1e-05	1e-05	2e-05	1e-05	1.1e-05	1e-05	1e-05	1e-05	1e-05	1e-05	1e-05	1e-05	QG4718
1e-05	1e-05	0.049992	1e-05	1e-05	1e-05	1e-05	0.949808	1e-05	1e-05	1e-05	1e-05	1e-05	1e-05	1e-05	1e-05	1e-05	1e-05	1e-05	1e-05	1e-05	1e-05	QG4742
1e-05	1e-05	1e-05	1e-05	1e-05	1e-05	1e-05	1e-05	1e-05	1e-05	1e-05	1e-05	1e-05	0.99979	1e-05	1e-05	1e-05	1e-05	1e-05	1e-05	1e-05	1e-05	QG4805
1e-05	1e-05	1e-05	1e-05	1e-05	1e-05	1e-05	1e-05	1e-05	1e-05	1e-05	1e-05	1e-05	1e-05	1e-05	1e-05	1e-05	1e-05	0.99979	1e-05	1e-05	1e-05	QG4847
1e-05	1e-05	1e-05	1e-05	1e-05	1e-05	1e-05	0.99979	1e-05	1e-05	1e-05	1e-05	1e-05	1e-05	1e-05	1e-05	1e-05	1e-05	1e-05	1e-05	1e-05	1e-05	QG4966
1e-05	1e-05	1e-05	1e-05	1e-05	1e-05	1e-05	0.99979	1e-05	1e-05	1e-05	1e-05	1e-05	1e-05	1e-05	1e-05	1e-05	1e-05	1e-05	1e-05	1e-05	1e-05	QG5348
1e-05	1e-05	0.096652	1e-05	1e-05	1e-05	1e-05	0.752632	1e-05	1e-05	1e-05	1e-05	1e-05	1e-05	1e-05	1e-05	1e-05	1e-05	0.150526	1e-05	1e-05	1e-05	QG5406
1e-05	1e-05	1e-05	1e-05	1e-05	1e-05	1e-05	1e-05	1e-05	1e-05	1e-05	1e-05	1e-05	1e-05	1e-05	1e-05	1e-05	1e-05	1e-05	1e-05	0.99979	1e-05	QG547
1e-05	1e-05	1e-05	1e-05	1e-05	1e-05	1e-05	1e-05	1e-05	1e-05	1e-05	1e-05	1e-05	0.656044	1e-05	1e-05	1e-05	1e-05	0.343756	1e-05	1e-05	1e-05	QG5474
1e-05	1e-05	1e-05	1e-05	1e-05	1e-05	1e-05	0.971168	1e-05	1e-05	1e-05	1e-05	1e-05	1e-05	1e-05	1e-05	1e-05	1e-05	0.028632	1e-05	1e-05	1e-05	QG5488
1e-05	1e-05	1e-05	1e-05	1e-05	1e-05	1e-05	1.6e-05	1e-05	0.999783	1e-05	1e-05	1e-05	1.1e-05	1e-05	1e-05	1e-05	1e-05	1e-05	1e-05	1e-05	1e-05	QG550
1e-05	1e-05	1e-05	1e-05	1e-05	1e-05	1e-05	0.729897	1e-05	0.017595	1e-05	1e-05	1e-05	0.159739	1e-05	1e-05	1e-05	1e-05	0.092589	1e-05	1e-05	1e-05	QG5507
1e-05	1e-05	0.008837	1e-05	1e-05	1.2e-05	1e-05	0.965995	1e-05	0.024977	1e-05	1e-05	1e-05	1e-05	1e-05	1e-05	1e-05	1e-05	1e-05	1e-05	1e-05	1e-05	QG5525
1e-05	1e-05	1e-05	1e-05	1e-05	1e-05	1e-05	0.169805	1e-05	1e-05	1e-05	1e-05	1e-05	0.829995	1e-05	1e-05	1e-05	1e-05	1e-05	1e-05	1e-05	1e-05	QG5589
1e-05	1e-05	1e-05	1e-05	1e-05	1e-05	1e-05	1e-05	1e-05	1e-05	1e-05	1e-05	1e-05	0.662087	1e-05	1e-05	1e-05	1e-05	0.337713	1e-05	1e-05	1e-05	QG5603
1e-05	1e-05	1e-05	1e-05	1e-05	1e-05	1e-05	0.99979	1e-05	1e-05	1e-05	1e-05	1e-05	1e-05	1e-05	1e-05	1e-05	1e-05	1e-05	1e-05	1e-05	1e-05	QG5611
1e-05	1e-05	0.237536	1e-05	1e-05	1e-05	1e-05	0.501526	1e-05	1e-05	1e-05	1e-05	1e-05	1e-05	1e-05	1e-05	1e-05	1e-05	0.175944	0.084813	1e-05	1e-05	QG5612
1e-05	1e-05	1e-05	1e-05	1e-05	1e-05	1e-05	0.99979	1e-05	1e-05	1e-05	1e-05	1e-05	1e-05	1e-05	1e-05	1e-05	1e-05	1e-05	1e-05	1e-05	1e-05	QG5633
1e-05	1e-05	1e-05	1e-05	1e-05	1e-05	1e-05	1e-05	1e-05	1e-05	1e-05	1e-05	1e-05	1e-05	1e-05	1e-05	1e-05	1e-05	1e-05	1e-05	0.99979	1e-05	QG581
1e-05	1e-05	1e-05	1e-05	1e-05	1e-05	1e-05	1e-05	1e-05	1e-05	1e-05	1e-05	1e-05	1e-05	1e-05	1e-05	1e-05	1e-05	1e-05	1e-05	0.99979	1e-05	QG588
1e-05	1e-05	1e-05	1e-05	0.554991	1e-05	1e-05	1e-05	1e-05	1e-05	1e-05	1e-05	1.3e-05	1e-05	1e-05	1e-05	1e-05	1e-05	1e-05	0.444806	1e-05	1e-05	QG700
1e-05	1e-05	1.6e-05	1e-05	0.999784	1e-05	1e-05	1e-05	1e-05	1e-05	1e-05	1e-05	1e-05	1e-05	1e-05	1e-05	1e-05	1e-05	1e-05	1e-05	1e-05	1e-05	QG727
1e-05	1e-05	1e-05	1e-05	0.99979	1e-05	1e-05	1e-05	1e-05	1e-05	1e-05	1e-05	1e-05	1e-05	1e-05	1e-05	1e-05	1e-05	1e-05	1e-05	1e-05	1e-05	QG733
1e-05	1e-05	1e-05	1.3e-05	0.34542	1e-05	1e-05	1e-05	1e-05	1e-05	1e-05	1e-05	1e-05	1e-05	1e-05	1.4e-05	1.1e-05	1e-05	1e-05	0.518051	1e-05	0.136331	QG736
1e-05	1e-05	1.1e-05	1e-05	0.361353	1e-05	1e-05	2e-05	1e-05	1e-05	1e-05	1e-05	1e-05	1.2e-05	1.1e-05	1e-05	1e-05	1e-05	1.5e-05	1e-05	1e-05	0.638429	QG737
1e-05	1e-05	1e-05	1e-05	0.99979	1e-05	1e-05	1e-05	1e-05	1e-05	1e-05	1e-05	1e-05	1e-05	1e-05	1e-05	1e-05	1e-05	1e-05	1e-05	1e-05	1e-05	QG739
1e-05	1.5e-05	1.4e-05	1e-05	0.356886	1e-05	1e-05	1e-05	1e-05	1e-05	1e-05	1e-05	1e-05	1e-05	1e-05	1e-05	1e-05	1e-05	1e-05	0.642904	1e-05	1e-05	QG761
1e-05	1.5e-05	1e-05	1e-05	0.539643	1e-05	1e-05	1e-05	1e-05	1e-05	1e-05	1e-05	1e-05	1e-05	1e-05	1e-05	1e-05	1e-05	1e-05	0.151465	1e-05	0.308697	QG763
1e-05	1e-05	1e-05	1e-05	0.64246	1e-05	1e-05	1e-05	1e-05	1e-05	1e-05	1e-05	1e-05	1e-05	1e-05	1e-05	1e-05	1e-05	1e-05	0.122632	1e-05	0.234717	QG776
1e-05	1e-05	1e-05	1e-05	0.99979	1e-05	1e-05	1e-05	1e-05	1e-05	1e-05	1e-05	1e-05	1e-05	1e-05	1e-05	1e-05	1e-05	1e-05	1e-05	1e-05	1e-05	QG781
1e-05	1e-05	1e-05	1e-05	0.151115	1e-05	1e-05	1e-05	1e-05	1e-05	1e-05	1e-05	1e-05	1e-05	1e-05	1e-05	1e-05	1e-05	1e-05	1e-05	1e-05	0.848685	QG784
1e-05	1e-05	1e-05	1e-05	0.215272	1e-05	1e-05	1e-05	1e-05	1e-05	1e-05	1e-05	1e-05	1e-05	1e-05	1e-05	1e-05	1e-05	1e-05	1e-05	1e-05	0.784528	QG786
1e-05	1e-05	1e-05	1e-05	0.99979	1e-05	1e-05	1e-05	1e-05	1e-05	1e-05	1e-05	1e-05	1e-05	1e-05	1e-05	1e-05	1e-05	1e-05	1e-05	1e-05	1e-05	QG788
2e-05	1e-05	1e-05	1e-05	0.332276	1e-05	1e-05	1e-05	1e-05	1.7e-05	1e-05	1e-05	1e-05	1.2e-05	1e-05	1e-05	1e-05	1e-05	1.7e-05	1e-05	1e-05	0.667497	QG790
1e-05	1e-05	1e-05	1e-05	0.752588	1e-05	1e-05	1.6e-05	1e-05	1e-05	1e-05	1e-05	1e-05	1e-05	1e-05	1e-05	1e-05	1e-05	0.059186	0.022151	1e-05	0.165889	QG791
1e-05	1e-05	1e-05	1e-05	0.29702	1e-05	1e-05	1.5e-05	1e-05	1e-05	1e-05	1e-05	1e-05	1e-05	1e-05	1e-05	1e-05	1e-05	1e-05	0.702774	1e-05	1e-05	QG795
1e-05	1.8e-05	1e-05	1e-05	1e-05	1e-05	1e-05	1e-05	1e-05	1e-05	1e-05	1e-05	1e-05	1e-05	1e-05	1e-05	1e-05	1e-05	1e-05	1e-05	1e-05	0.999782	QG797
1e-05	1e-05	1e-05	1e-05	0.99979	1e-05	1e-05	1e-05	1e-05	1e-05	1e-05	1e-05	1e-05	1e-05	1e-05	1e-05	1e-05	1e-05	1e-05	1e-05	1e-05	1e-05	QG802
1e-05	1e-05	1e-05	1e-05	1e-05	1e-05	1e-05	1e-05	1e-05	1e-05	1e-05	1e-05	1e-05	1e-05	1e-05	1e-05	1e-05	1e-05	1e-05	1e-05	1e-05	0.99979	QG804
1e-05	1e-05	1e-05	1e-05	0.99979	1e-05	1e-05	1e-05	1e-05	1e-05	1e-05	1e-05	1e-05	1e-05	1e-05	1e-05	1e-05	1e-05	1e-05	1e-05	1e-05	1e-05	QG806
1e-05	1e-05	1e-05	1e-05	0.99979	1e-05	1e-05	1e-05	1e-05	1e-05	1e-05	1e-05	1e-05	1e-05	1e-05	1e-05	1e-05	1e-05	1e-05	1e-05	1e-05	1e-05	QG807
1e-05	1e-05	1e-05	1e-05	0.454241	1e-05	1e-05	1e-05	1e-05	1e-05	1e-05	1e-05	1e-05	1e-05	1e-05	1e-05	1e-05	1e-05	0.058059	1e-05	1e-05	0.487511	QG808
1e-05	1e-05	1e-05	1e-05	1e-05	1e-05	1e-05	1e-05	1e-05	1e-05	1e-05	1e-05	1e-05	1e-05	1e-05	1e-05	1e-05	1e-05	1e-05	1e-05	1e-05	0.99979	QG809
1e-05	1e-05	1e-05	1e-05	0.99979	1e-05	1e-05	1e-05	1e-05	1e-05	1e-05	1e-05	1e-05	1e-05	1e-05	1e-05	1e-05	1e-05	1e-05	1e-05	1e-05	1e-05	QG825
1e-05	1e-05	1e-05	1e-05	0.99979	1e-05	1e-05	1e-05	1e-05	1e-05	1e-05	1e-05	1e-05	1e-05	1e-05	1e-05	1e-05	1e-05	1e-05	1e-05	1e-05	1e-05	QG827
1e-05	1e-05	1e-05	1e-05	0.99979	1e-05	1e-05	1e-05	1e-05	1e-05	1e-05	1e-05	1e-05	1e-05	1e-05	1e-05	1e-05	1e-05	1e-05	1e-05	1e-05	1e-05	QG828
1e-05	1e-05	1e-05	1e-05	0.99979	1e-05	1e-05	1e-05	1e-05	1e-05	1e-05	1e-05	1e-05	1e-05	1e-05	1e-05	1e-05	1e-05	1e-05	1e-05	1e-05	1e-05	QG833
1e-05	1e-05	1e-05	1e-05	0.436823	1e-05	1e-05	1e-05	1e-05	1e-05	1e-05	1e-05	1e-05	1e-05	1e-05	1e-05	1e-05	1e-05	0.041491	1e-05	1e-05	0.521495	QG855
1e-05	1e-05	1.2e-05	1e-05	0.80137	1e-05	1.1e-05	1e-05	1e-05	1e-05	1e-05	1e-05	1e-05	1e-05	1e-05	1e-05	1e-05	1e-05	1e-05	1e-05	1e-05	0.198427	QG856
1e-05	1e-05	1e-05	1e-05	0.170887	1e-05	1e-05	1e-05	1e-05	1e-05	1e-05	1e-05	1e-05	1e-05	1e-05	1e-05	1e-05	1e-05	1e-05	1e-05	1e-05	0.828913	QG858
1e-05	2e-05	1e-05	1e-05	0.534945	1e-05	1e-05	1e-05	1e-05	1e-05	1e-05	1e-05	1e-05	1e-05	1e-05	1e-05	1e-05	1e-05	1e-05	0.464845	1e-05	1e-05	QG860
1e-05	0.00121	1e-05	1e-05	0.310653	1e-05	1e-05	1e-05	1e-05	1e-05	1e-05	1e-05	1e-05	1e-05	1e-05	1e-05	1e-05	1e-05	1e-05	1e-05	1e-05	0.687947	QG864
1e-05	1e-05	1e-05	1e-05	0.849186	1e-05	1e-05	1e-05	1e-05	1e-05	1e-05	1e-05	1e-05	1e-05	1e-05	1e-05	1e-05	1e-05	1e-05	1e-05	1e-05	0.150614	QG865
1e-05	1e-05	1e-05	1e-05	0.869908	1e-05	1e-05	1e-05	1e-05	1e-05	1e-05	1e-05	1e-05	1e-05	1e-05	1e-05	1e-05	1e-05	1e-05	1e-05	1e-05	0.129892	QG866
1e-05	1e-05	1e-05	1e-05	0.921109	1e-05	1.5e-05	1e-05	1e-05	1e-05	1e-05	1e-05	1e-05	1e-05	1e-05	1e-05	1e-05	1e-05	1.1e-05	0.078685	1e-05	1e-05	QG868
1e-05	1e-05	1e-05	1e-05	0.99979	1e-05	1e-05	1e-05	1e-05	1e-05	1e-05	1e-05	1e-05	1e-05	1e-05	1e-05	1e-05	1e-05	1e-05	1e-05	1e-05	1e-05	QG874
1e-05	1e-05	1e-05	1e-05	1e-05	1e-05	1e-05	1e-05	1e-05	1e-05	1e-05	1e-05	1e-05	1e-05	1e-05	1e-05	1e-05	1e-05	1e-05	1e-05	1e-05	0.99979	QG875
1e-05	1e-05	1e-05	1e-05	0.99979	1e-05	1e-05	1e-05	1e-05	1e-05	1e-05	1e-05	1e-05	1e-05	1e-05	1e-05	1e-05	1e-05	1e-05	1e-05	1e-05	1e-05	QG878
1e-05	1e-05	1e-05	1e-05	0.99979	1e-05	1e-05	1e-05	1e-05	1e-05	1e-05	1e-05	1e-05	1e-05	1e-05	1e-05	1e-05	1e-05	1e-05	1e-05	1e-05	1e-05	QG879
1e-05	1e-05	1e-05	1e-05	0.360716	1e-05	1e-05	1e-05	1e-05	1e-05	1e-05	1e-05	1e-05	1e-05	1e-05	1.4e-05	1e-05	1e-05	1e-05	0.505106	1e-05	0.133984	QG880
1e-05	1e-05	1e-05	1e-05	0.428935	1e-05	1e-05	1e-05	1e-05	1.7e-05	1e-05	1e-05	1e-05	1e-05	1e-05	1e-05	1e-05	1e-05	1e-05	0.570858	1e-05	1e-05	QG881
1e-05	1e-05	1e-05	1e-05	0.838169	1e-05	1e-05	1e-05	1e-05	1e-05	1e-05	1e-05	1e-05	1e-05	1e-05	1e-05	1e-05	1e-05	1e-05	1e-05	1e-05	0.161631	QG887
1e-05	1e-05	1e-05	1e-05	1e-05	1e-05	1e-05	1e-05	1e-05	1e-05	1e-05	1e-05	1e-05	1e-05	1e-05	1e-05	1e-05	1e-05	1e-05	1e-05	1e-05	0.99979	QG888
1e-05	1e-05	1e-05	1e-05	0.857479	1e-05	1e-05	1e-05	1.1e-05	1.2e-05	1e-05	1e-05	1e-05	1e-05	1e-05	1.1e-05	1e-05	1e-05	1e-05	1e-05	1e-05	0.142316	QG926
1e-05	1e-05	1e-05	1e-05	1e-05	1e-05	1.1e-05	0.892004	1e-05	1e-05	1e-05	1e-05	1.1e-05	1e-05	1e-05	1e-05	1e-05	1e-05	1e-05	0.08464	1e-05	0.023164	QG927
1e-05	1e-05	1e-05	1e-05	1e-05	1e-05	1e-05	1e-05	1e-05	1e-05	1e-05	1e-05	1e-05	1e-05	1e-05	1e-05	1e-05	1e-05	1e-05	1e-05	1e-05	0.99979	QG933
1e-05	0.039272	1e-05	1e-05	1e-05	1e-05	1e-05	1e-05	1e-05	1e-05	1e-05	1e-05	1e-05	1e-05	1e-05	1e-05	1e-05	1e-05	1e-05	1e-05	1e-05	0.960528	QG937
1e-05	1e-05	1e-05	1e-05	1e-05	1e-05	1e-05	1e-05	1e-05	1.7e-05	1e-05	1e-05	1e-05	1e-05	1e-05	1e-05	1e-05	1e-05	1e-05	1e-05	1e-05	0.999783	QG945
1e-05	1e-05	1e-05	1e-05	1e-05	1e-05	1e-05	1e-05	1e-05	1.8e-05	1e-05	1e-05	1e-05	1e-05	1e-05	1e-05	1e-05	1e-05	1e-05	1e-05	1e-05	0.999782	QG946
1e-05	1e-05	1e-05	1e-05	0.99979	1e-05	1e-05	1e-05	1e-05	1e-05	1e-05	1e-05	1e-05	1e-05	1e-05	1e-05	1e-05	1e-05	1e-05	1e-05	1e-05	1e-05	QG947
1e-05	1e-05	1e-05	1e-05	0.99979	1e-05	1e-05	1e-05	1e-05	1e-05	1e-05	1e-05	1e-05	1e-05	1e-05	1e-05	1e-05	1e-05	1e-05	1e-05	1e-05	1e-05	QG948
1e-05	0.007335	0.042494	1e-05	0.94998	1e-05	1e-05	1e-05	1e-05	1e-05	1e-05	1e-05	1e-05	1e-05	1e-05	1e-05	1e-05	1e-05	1e-05	1e-05	1e-05	1e-05	QG952
1e-05	1e-05	1e-05	1e-05	1e-05	1e-05	1e-05	1e-05	1e-05	1e-05	1e-05	1e-05	1e-05	1e-05	1e-05	1e-05	1e-05	1e-05	0.0412	0.203636	1e-05	0.754974	QG978
1e-05	1e-05	1e-05	1e-05	0.99979	1e-05	1e-05	1e-05	1e-05	1e-05	1e-05	1e-05	1e-05	1e-05	1e-05	1e-05	1e-05	1e-05	1e-05	1e-05	1e-05	1e-05	QG980
1e-05	1e-05	1e-05	1e-05	0.99979	1e-05	1e-05	1e-05	1e-05	1e-05	1e-05	1e-05	1e-05	1e-05	1e-05	1e-05	1e-05	1e-05	1e-05	1e-05	1e-05	1e-05	QG986
1e-05	1e-05	1e-05	1e-05	0.99979	1e-05	1e-05	1e-05	1e-05	1e-05	1e-05	1e-05	1e-05	1e-05	1e-05	1e-05	1e-05	1e-05	1e-05	1e-05	1e-05	1e-05	QG991
1e-05	1e-05	1e-05	1e-05	1e-05	1e-05	1e-05	1e-05	1e-05	1e-05	1e-05	1e-05	1e-05	1e-05	1e-05	1e-05	1e-05	1e-05	1e-05	1e-05	1e-05	0.99979	QG994
1e-05	1e-05	1e-05	1e-05	0.99979	1e-05	1e-05	1e-05	1e-05	1e-05	1e-05	1e-05	1e-05	1e-05	1e-05	1e-05	1e-05	1e-05	1e-05	1e-05	1e-05	1e-05	QG995
1e-05	1e-05	1e-05	1e-05	0.802913	1e-05	1.1e-05	1e-05	1e-05	1.5e-05	1e-05	1e-05	1e-05	1e-05	1e-05	1e-05	1e-05	1e-05	1e-05	0.114773	1e-05	0.082118	QG997
1e-05	1e-05	1e-05	1e-05	1.5e-05	1e-05	1e-05	1e-05	1e-05	1.1e-05	1e-05	1e-05	1e-05	1e-05	1e-05	1e-05	1e-05	1e-05	1e-05	1e-05	1e-05	0.999784	QG998
1e-05	1e-05	1e-05	1e-05	1e-05	1e-05	0.671579	1e-05	1e-05	1e-05	1e-05	1e-05	1e-05	1e-05	1e-05	1e-05	1e-05	1e-05	0.122732	1e-05	0.205499	1e-05	QR25
1e-05	1e-05	0.942663	1e-05	1e-05	1e-05	1e-05	0.057137	1e-05	1e-05	1e-05	1e-05	1e-05	1e-05	1e-05	1e-05	1e-05	1e-05	1e-05	1e-05	1e-05	1e-05	QX1410
1e-05	1e-05	1e-05	1e-05	1e-05	1e-05	1e-05	1e-05	1e-05	1e-05	1e-05	1e-05	1e-05	1e-05	1e-05	1e-05	1e-05	1e-05	1e-05	1e-05	0.99979	1e-05	QX1547
1e-05	1e-05	1e-05	1e-05	1e-05	1e-05	1e-05	0.362695	1e-05	1e-05	1e-05	1e-05	0.200866	1e-05	1e-05	1e-05	1e-05	1e-05	0.436248	1e-05	1e-05	1e-05	QX1795
1e-05	1e-05	1e-05	1e-05	1e-05	1e-05	1e-05	1e-05	1e-05	1e-05	1e-05	1e-05	1e-05	1e-05	1e-05	1e-05	1e-05	1e-05	0.99979	1e-05	1e-05	1e-05	QX1796
1e-05	1e-05	1e-05	0.99979	1e-05	1e-05	1e-05	1e-05	1e-05	1e-05	1e-05	1e-05	1e-05	1e-05	1e-05	1e-05	1e-05	1e-05	1e-05	1e-05	1e-05	1e-05	QX1798
1e-05	1e-05	1e-05	1e-05	1e-05	1e-05	1e-05	0.141058	1e-05	1e-05	1e-05	1e-05	1e-05	1e-05	1e-05	1e-05	1e-05	1e-05	0.858742	1e-05	1e-05	1e-05	QX1800
1e-05	0.082838	1e-05	1e-05	1e-05	1e-05	1e-05	1e-05	1e-05	1e-05	1e-05	1e-05	1e-05	1e-05	1e-05	1e-05	1e-05	1e-05	0.916962	1e-05	1e-05	1e-05	QX1801
1e-05	1e-05	1e-05	1e-05	1e-05	0.011942	1e-05	1e-05	1e-05	1e-05	1e-05	1e-05	1e-05	1e-05	1e-05	1e-05	1e-05	1e-05	0.987857	1e-05	1e-05	1e-05	QX1802
1e-05	1e-05	1e-05	1e-05	1e-05	1e-05	1e-05	1e-05	1e-05	1e-05	1e-05	1e-05	1e-05	1e-05	1e-05	1e-05	1e-05	1e-05	0.99979	1e-05	1e-05	1e-05	QX1803
1e-05	1e-05	1e-05	1e-05	1e-05	1e-05	1e-05	1.7e-05	1e-05	1e-05	1e-05	1e-05	1.2e-05	1e-05	1e-05	1e-05	1e-05	1e-05	0.999781	1e-05	1e-05	1e-05	QX1804
1e-05	1e-05	1e-05	1e-05	1e-05	1e-05	1e-05	1e-05	1e-05	1e-05	1e-05	1e-05	1e-05	1e-05	1e-05	1e-05	1e-05	1e-05	1e-05	1e-05	0.99979	1e-05	SOW18
1e-05	1e-05	1e-05	1e-05	1e-05	1e-05	1e-05	1e-05	1e-05	1e-05	1e-05	1e-05	1e-05	1e-05	1e-05	1e-05	1e-05	1e-05	1e-05	1e-05	0.99979	1e-05	SOW21
1e-05	1e-05	1e-05	1e-05	1e-05	1e-05	1e-05	1e-05	1e-05	1e-05	1e-05	1e-05	1e-05	1e-05	1e-05	1e-05	1e-05	1e-05	1e-05	1e-05	0.99979	1e-05	SOW22
1e-05	1e-05	1e-05	1e-05	1e-05	1e-05	1e-05	0.877528	1e-05	1e-05	1e-05	1e-05	1e-05	1e-05	1e-05	1e-05	1e-05	1e-05	0.122272	1e-05	1e-05	1e-05	TT3408
1e-05	1e-05	1e-05	1e-05	1e-05	1e-05	1e-05	0.849224	1e-05	1e-05	1e-05	1e-05	1e-05	1e-05	1e-05	1e-05	1e-05	1e-05	0.150576	1e-05	1e-05	1e-05	TT3411
1e-05	1e-05	1e-05	1e-05	1e-05	1e-05	1.1e-05	1e-05	1.4e-05	1e-05	1e-05	1e-05	1e-05	1e-05	1.7e-05	1e-05	1e-05	0.999778	1e-05	1e-05	1e-05	1e-05	TWN1772
1e-05	1e-05	1e-05	1e-05	1e-05	1e-05	1.1e-05	1e-05	1e-05	1e-05	1e-05	0.999789	1e-05	1e-05	1e-05	1e-05	1e-05	1e-05	1e-05	1e-05	1e-05	1e-05	TWN1824
1e-05	1e-05	1e-05	1.1e-05	1e-05	1e-05	1.4e-05	1.1e-05	1e-05	1e-05	1e-05	0.99978	1e-05	1e-05	1.1e-05	1e-05	1e-05	1.3e-05	1e-05	1e-05	1e-05	1e-05	TWN1899
1e-05	1e-05	1e-05	0.999786	1e-05	1e-05	1e-05	1e-05	1e-05	1e-05	1e-05	1.2e-05	1.3e-05	1e-05	1e-05	1e-05	1e-05	1e-05	1e-05	1e-05	1e-05	1e-05	TWN1907
1e-05	1e-05	1e-05	0.99979	1e-05	1e-05	1e-05	1e-05	1e-05	1e-05	1e-05	1e-05	1e-05	1e-05	1e-05	1e-05	1e-05	1e-05	1e-05	1e-05	1e-05	1e-05	TWN2919
1.9e-05	1e-05	1e-05	0.664055	1e-05	1e-05	1.6e-05	1e-05	1e-05	1.3e-05	1e-05	1e-05	1e-05	1e-05	1e-05	1e-05	1e-05	0.335725	1e-05	1e-05	1e-05	1e-05	TWN3077
1e-05	1e-05	1e-05	0.99979	1e-05	1e-05	1e-05	1e-05	1e-05	1e-05	1e-05	1e-05	1e-05	1e-05	1e-05	1e-05	1e-05	1e-05	1e-05	1e-05	1e-05	1e-05	UH1
1e-05	1e-05	0.277467	1e-05	1e-05	0.692708	1e-05	1e-05	1e-05	1e-05	1e-05	1e-05	1e-05	1e-05	1.1e-05	1e-05	1e-05	1e-05	0.029634	1e-05	1e-05	1e-05	VSL2201
1e-05	1e-05	1e-05	1e-05	1e-05	1e-05	1e-05	1e-05	1e-05	1e-05	1e-05	1e-05	1e-05	1e-05	1e-05	0.99979	1e-05	1e-05	1e-05	1e-05	1e-05	1e-05	VSL2207
1e-05	1e-05	1e-05	1e-05	1e-05	1e-05	1e-05	1e-05	1e-05	1e-05	1e-05	1e-05	1e-05	1e-05	1e-05	0.99979	1e-05	1e-05	1e-05	1e-05	1e-05	1e-05	VSL2209
1e-05	1e-05	0.99979	1e-05	1e-05	1e-05	1e-05	1e-05	1e-05	1e-05	1e-05	1e-05	1e-05	1e-05	1e-05	1e-05	1e-05	1e-05	1e-05	1e-05	1e-05	1e-05	VSL2210
1e-05	1e-05	0.99979	1e-05	1e-05	1e-05	1e-05	1e-05	1e-05	1e-05	1e-05	1e-05	1e-05	1e-05	1e-05	1e-05	1e-05	1e-05	1e-05	1e-05	1e-05	1e-05	VSL2212
1e-05	1e-05	1e-05	1e-05	1e-05	0.99979	1e-05	1e-05	1e-05	1e-05	1e-05	1e-05	1e-05	1e-05	1e-05	1e-05	1e-05	1e-05	1e-05	1e-05	1e-05	1e-05	VSL2213
1e-05	1e-05	0.062588	1e-05	1e-05	0.915355	1e-05	1e-05	1e-05	1e-05	1e-05	1e-05	1e-05	1e-05	1e-05	1e-05	1e-05	1e-05	0.021867	1e-05	1e-05	1e-05	VSL2215
1e-05	1e-05	1e-05	1e-05	1e-05	0.99979	1e-05	1e-05	1e-05	1e-05	1e-05	1e-05	1e-05	1e-05	1e-05	1e-05	1e-05	1e-05	1e-05	1e-05	1e-05	1e-05	VSL2216
1e-05	1e-05	1e-05	1e-05	1e-05	1e-05	1e-05	1e-05	1e-05	1e-05	1e-05	1e-05	1e-05	0.99979	1e-05	1e-05	1e-05	1e-05	1e-05	1e-05	1e-05	1e-05	VSL2217
1e-05	1e-05	0.59725	1e-05	1e-05	1e-05	1e-05	1e-05	1e-05	1e-05	1e-05	1e-05	1e-05	1e-05	1e-05	1e-05	1e-05	1e-05	0.40255	1e-05	1e-05	1e-05	VSL2219
1e-05	1e-05	0.163444	1e-05	1e-05	1e-05	1e-05	1e-05	1e-05	1e-05	1e-05	1e-05	1e-05	1e-05	1e-05	1e-05	1e-05	1e-05	0.836356	1e-05	1e-05	1e-05	VT847
1e-05	1e-05	1e-05	1e-05	1e-05	1e-05	0.922752	1e-05	1e-05	1e-05	1e-05	1e-05	1e-05	1e-05	1e-05	1e-05	1e-05	1e-05	0.077048	1e-05	1e-05	1e-05	VX34
1e-05	1e-05	0.429989	1e-05	1e-05	0.467556	1e-05	1e-05	1e-05	1e-05	1e-05	1e-05	1e-05	1e-05	1e-05	1e-05	1e-05	1e-05	0.102263	1.2e-05	1e-05	1e-05	XZ1204
1e-05	1e-05	1e-05	1e-05	1e-05	0.99979	1e-05	1e-05	1e-05	1e-05	1e-05	1e-05	1e-05	1e-05	1e-05	1e-05	1e-05	1e-05	1e-05	1e-05	1e-05	1e-05	XZ1205
1e-05	1e-05	1e-05	1e-05	1e-05	0.99979	1e-05	1e-05	1e-05	1e-05	1e-05	1e-05	1e-05	1e-05	1e-05	1e-05	1e-05	1e-05	1e-05	1e-05	1e-05	1e-05	XZ1206
1e-05	1e-05	0.710748	1e-05	1e-05	1e-05	1e-05	0.103318	1e-05	1e-05	1e-05	1e-05	1e-05	1e-05	1e-05	1e-05	1e-05	1e-05	0.185743	1e-05	1e-05	1e-05	XZ1207
1e-05	1e-05	0.835587	1e-05	1e-05	1e-05	1e-05	1e-05	1e-05	1e-05	1e-05	1e-05	1e-05	1e-05	1e-05	1e-05	1e-05	1e-05	0.164213	1e-05	1e-05	1e-05	XZ1210
1e-05	1e-05	0.72905	1e-05	1e-05	1e-05	1e-05	1e-05	1e-05	1e-05	1e-05	1e-05	1e-05	1e-05	1e-05	1e-05	1e-05	1e-05	0.27075	1e-05	1e-05	1e-05	XZ1212
1e-05	1e-05	0.929693	1e-05	1e-05	1e-05	1e-05	1e-05	1e-05	1e-05	1e-05	1e-05	1e-05	1e-05	1e-05	1e-05	1e-05	1e-05	0.070107	1e-05	1e-05	1e-05	XZ1213
1e-05	1e-05	0.724837	1e-05	1e-05	1e-05	1e-05	1e-05	1e-05	1e-05	1e-05	1e-05	1e-05	1e-05	1e-05	1e-05	1e-05	1e-05	0.274963	1e-05	1e-05	1e-05	XZ1731
1e-05	1e-05	0.99979	1e-05	1e-05	1e-05	1e-05	1e-05	1e-05	1e-05	1e-05	1e-05	1e-05	1e-05	1e-05	1e-05	1e-05	1e-05	1e-05	1e-05	1e-05	1e-05	XZ1732
1e-05	1e-05	1e-05	1e-05	1e-05	1e-05	1e-05	1e-05	1e-05	1e-05	1e-05	1e-05	1e-05	0.99979	1e-05	1e-05	1e-05	1e-05	1e-05	1e-05	1e-05	1e-05	ZZY0992
1e-05	1e-05	1e-05	1e-05	1e-05	1e-05	1e-05	0.503839	1e-05	1e-05	1e-05	1e-05	1e-05	1e-05	1e-05	1e-05	1e-05	1e-05	0.495961	1e-05	1e-05	1e-05	ZZY1034
1e-05	1e-05	1e-05	1e-05	1e-05	1e-05	1e-05	0.820259	1e-05	1.7e-05	1e-05	1e-05	1.1e-05	1e-05	1e-05	1e-05	1e-05	1e-05	0.179533	1e-05	1e-05	1e-05	ZZY1075
1e-05	1e-05	1e-05	1e-05	1e-05	1e-05	1e-05	1e-05	1e-05	1e-05	1e-05	1e-05	1e-05	0.99979	1e-05	1e-05	1e-05	1e-05	1e-05	1e-05	1e-05	1e-05	ZZY1123
1e-05	1e-05	1e-05	1e-05	1e-05	1.8e-05	1e-05	0.273769	1e-05	1e-05	1e-05	1e-05	1e-05	1e-05	1e-05	1e-05	1e-05	1e-05	0.726022	1e-05	1e-05	1e-05	ZZY1130
1e-05	1e-05	1e-05	1e-05	1e-05	1e-05	1e-05	0.158444	1e-05	1e-05	1e-05	1e-05	1e-05	1e-05	1e-05	1e-05	1e-05	1e-05	0.841356	1e-05	1e-05	1e-05	ZZY405
